latitude,longitude,bright_ti4,scan,track,acq_date,acq_time,satellite,instrument,confidence,version,bright_ti5,frp,daynight,type
35.53536,44.33784,352.12,0.46,0.47,2024-06-12,932,N,VIIRS,n,2,319.89,6.27,D,2
35.62849,44.01035,356.56,0.47,0.48,2024-06-12,932,N,VIIRS,n,2,323.44,19.28,D,2
35.53386,36.54205,349.08,0.59,0.7,2024-06-12,933,N,VIIRS,n,2,312.83,8.27,D,0
35.53569,36.54827,354.4,0.59,0.7,2024-06-12,933,N,VIIRS,n,2,314.21,8.27,D,0
35.86977,38.66934,343.21,0.45,0.63,2024-06-12,933,N,VIIRS,n,2,315.04,8.84,D,0
35.87051,38.67081,367.0,0.45,0.63,2024-06-12,933,N,VIIRS,h,2,316.46,10.55,D,0
35.87108,38.6742,367.0,0.45,0.63,2024-06-12,933,N,VIIRS,h,2,315.64,21.44,D,0
35.87537,38.66711,367.0,0.45,0.63,2024-06-12,933,N,VIIRS,h,2,313.37,8.84,D,0
35.8761,38.6686,343.59,0.45,0.63,2024-06-12,933,N,VIIRS,n,2,313.07,10.55,D,0
35.89122,37.96627,341.01,0.49,0.65,2024-06-12,933,N,VIIRS,n,2,313.0,3.29,D,0
35.89289,37.99492,340.46,0.48,0.65,2024-06-12,933,N,VIIRS,n,2,311.66,3.78,D,0
35.91204,39.05489,367.0,0.43,0.62,2024-06-12,933,N,VIIRS,h,2,316.16,12.59,D,0
35.91647,38.65746,352.52,0.45,0.63,2024-06-12,933,N,VIIRS,n,2,315.57,59.53,D,0
35.91779,38.66227,367.0,0.45,0.63,2024-06-12,933,N,VIIRS,h,2,333.62,59.53,D,0
35.9179,38.10621,348.59,0.48,0.64,2024-06-12,933,N,VIIRS,n,2,311.8,5.8,D,0
35.93362,38.9537,349.61,0.43,0.62,2024-06-12,933,N,VIIRS,n,2,315.85,3.16,D,0
35.96032,37.91407,350.02,0.49,0.65,2024-06-12,933,N,VIIRS,n,2,313.49,6.19,D,0
35.9618,37.91937,349.46,0.49,0.65,2024-06-12,933,N,VIIRS,n,2,313.53,6.19,D,0
35.97735,37.01697,340.61,0.54,0.68,2024-06-12,933,N,VIIRS,n,2,309.97,4.28,D,0
35.99649,38.93015,357.79,0.43,0.62,2024-06-12,933,N,VIIRS,n,2,317.28,6.95,D,0
36.05564,39.84193,351.42,0.38,0.59,2024-06-12,933,N,VIIRS,n,2,319.46,13.48,D,0
36.05648,39.84161,352.12,0.38,0.59,2024-06-12,933,N,VIIRS,n,2,321.34,13.6,D,0
36.05672,39.84613,367.0,0.38,0.59,2024-06-12,933,N,VIIRS,h,2,318.14,13.48,D,0
36.05758,39.84577,347.95,0.38,0.59,2024-06-12,933,N,VIIRS,n,2,317.75,13.6,D,0
36.11124,37.30745,355.95,0.52,0.67,2024-06-12,933,N,VIIRS,n,2,312.38,12.43,D,0
36.11283,37.31303,367.0,0.52,0.67,2024-06-12,933,N,VIIRS,h,2,313.5,18.17,D,0
36.14172,37.43784,355.76,0.51,0.66,2024-06-12,933,N,VIIRS,n,2,312.19,8.78,D,0
36.14714,38.82009,340.97,0.43,0.62,2024-06-12,933,N,VIIRS,n,2,315.09,2.89,D,0
36.19741,38.89301,344.04,0.43,0.62,2024-06-12,933,N,VIIRS,n,2,315.33,4.03,D,0
36.19867,38.89764,351.09,0.43,0.62,2024-06-12,933,N,VIIRS,n,2,317.21,4.03,D,0
36.20764,38.97583,350.08,0.42,0.61,2024-06-12,933,N,VIIRS,n,2,320.28,7.68,D,0
36.2751,38.9928,346.79,0.42,0.61,2024-06-12,933,N,VIIRS,n,2,316.65,7.61,D,0
36.27634,38.99734,354.5,0.42,0.61,2024-06-12,933,N,VIIRS,n,2,319.23,10.0,D,0
36.27867,38.9929,367.0,0.42,0.61,2024-06-12,933,N,VIIRS,h,2,318.57,8.38,D,0
36.27988,38.99746,352.87,0.42,0.61,2024-06-12,933,N,VIIRS,n,2,317.99,8.38,D,0
36.28056,38.99065,349.81,0.42,0.61,2024-06-12,933,N,VIIRS,n,2,316.65,5.43,D,0
36.31955,39.04549,345.6,0.42,0.61,2024-06-12,933,N,VIIRS,n,2,319.88,3.43,D,0
36.36539,39.03709,354.54,0.42,0.61,2024-06-12,933,N,VIIRS,n,2,316.08,5.37,D,0
36.37043,44.07911,346.27,0.45,0.47,2024-06-12,933,N,VIIRS,n,2,315.27,5.93,D,0
36.37466,44.0778,349.41,0.45,0.47,2024-06-12,933,N,VIIRS,n,2,319.69,5.93,D,0
36.42603,39.11358,367.0,0.41,0.61,2024-06-12,933,N,VIIRS,h,2,321.83,8.77,D,0
36.42719,36.31981,336.49,0.57,0.69,2024-06-12,933,N,VIIRS,n,2,311.05,8.81,D,0
36.42719,39.11194,367.0,0.41,0.61,2024-06-12,933,N,VIIRS,h,2,318.92,9.49,D,0
36.42831,36.32023,343.12,0.57,0.69,2024-06-12,933,N,VIIRS,n,2,310.85,7.38,D,0
36.42901,36.32603,367.0,0.57,0.69,2024-06-12,933,N,VIIRS,h,2,311.12,15.37,D,0
36.43016,36.32644,367.0,0.57,0.69,2024-06-12,933,N,VIIRS,h,2,309.62,7.38,D,0
36.48837,39.07859,349.91,0.41,0.61,2024-06-12,933,N,VIIRS,n,2,316.97,4.91,D,0
36.49865,37.09629,347.07,0.52,0.67,2024-06-12,933,N,VIIRS,n,2,312.16,8.43,D,0
36.51116,38.95049,348.29,0.42,0.61,2024-06-12,933,N,VIIRS,n,2,316.54,4.93,D,0
36.63969,43.55073,351.44,0.47,0.48,2024-06-12,933,N,VIIRS,n,2,316.71,9.85,D,0
36.64774,37.88416,345.38,0.47,0.64,2024-06-12,933,N,VIIRS,n,2,311.45,2.73,D,0
36.65543,38.9137,367.0,0.42,0.61,2024-06-12,933,N,VIIRS,h,2,322.43,12.03,D,0
36.66084,38.91149,348.09,0.42,0.61,2024-06-12,933,N,VIIRS,n,2,317.39,12.03,D,0
36.68191,38.92292,367.0,0.41,0.61,2024-06-12,933,N,VIIRS,h,2,321.04,9.51,D,0
36.68735,38.92084,353.24,0.41,0.61,2024-06-12,933,N,VIIRS,n,2,316.85,9.51,D,0
36.71247,38.86868,356.19,0.42,0.61,2024-06-12,933,N,VIIRS,n,2,315.69,9.8,D,0
36.7137,38.8732,356.08,0.42,0.61,2024-06-12,933,N,VIIRS,n,2,316.85,9.8,D,0
36.71791,38.86655,356.02,0.42,0.61,2024-06-12,933,N,VIIRS,n,2,316.33,6.01,D,0
36.71913,38.87104,351.84,0.42,0.61,2024-06-12,933,N,VIIRS,n,2,316.38,6.01,D,0
36.7244,38.97019,367.0,0.41,0.61,2024-06-12,933,N,VIIRS,h,2,317.55,8.27,D,0
36.72724,38.96729,356.33,0.41,0.61,2024-06-12,933,N,VIIRS,n,2,316.11,7.89,D,0
36.72845,38.97175,346.59,0.41,0.61,2024-06-12,933,N,VIIRS,n,2,318.65,9.44,D,0
36.7298,38.96799,345.98,0.41,0.61,2024-06-12,933,N,VIIRS,n,2,317.05,5.33,D,0
36.74122,39.14586,349.69,0.4,0.6,2024-06-12,933,N,VIIRS,n,2,315.23,9.46,D,0
36.74239,39.15026,367.0,0.4,0.6,2024-06-12,933,N,VIIRS,h,2,321.34,9.26,D,0
36.74356,39.15469,367.0,0.4,0.6,2024-06-12,933,N,VIIRS,h,2,316.99,9.26,D,0
36.74771,39.14804,339.78,0.4,0.6,2024-06-12,933,N,VIIRS,n,2,313.19,9.26,D,0
36.77802,43.32428,343.81,0.48,0.48,2024-06-12,933,N,VIIRS,n,2,313.03,11.69,D,2
36.77996,38.89624,347.1,0.41,0.61,2024-06-12,933,N,VIIRS,n,2,317.14,4.71,D,0
36.79319,38.90096,367.0,0.41,0.61,2024-06-12,933,N,VIIRS,h,2,317.5,13.32,D,0
36.79362,39.05871,367.0,0.4,0.6,2024-06-12,933,N,VIIRS,h,2,318.02,8.84,D,0
36.7986,38.89877,349.0,0.41,0.61,2024-06-12,933,N,VIIRS,n,2,314.24,5.02,D,0
36.80565,38.59788,367.0,0.43,0.62,2024-06-12,933,N,VIIRS,h,2,326.76,42.93,D,0
36.80956,39.1846,353.27,0.4,0.6,2024-06-12,933,N,VIIRS,n,2,317.09,6.52,D,0
36.8099,38.59108,367.0,0.43,0.62,2024-06-12,933,N,VIIRS,h,2,319.54,39.91,D,0
36.81075,39.18906,367.0,0.4,0.6,2024-06-12,933,N,VIIRS,h,2,315.8,6.52,D,0
36.81117,38.59578,352.43,0.43,0.62,2024-06-12,933,N,VIIRS,n,2,320.81,42.93,D,0
36.83947,39.01129,344.35,0.41,0.6,2024-06-12,933,N,VIIRS,n,2,316.46,4.02,D,0
36.84067,39.01572,367.0,0.41,0.6,2024-06-12,933,N,VIIRS,h,2,318.15,11.87,D,0
36.84077,38.475,367.0,0.43,0.62,2024-06-12,933,N,VIIRS,h,2,318.07,5.24,D,0
36.8413,39.01466,367.0,0.41,0.6,2024-06-12,933,N,VIIRS,h,2,319.02,5.83,D,0
36.84248,39.0191,347.65,0.41,0.6,2024-06-12,933,N,VIIRS,n,2,314.97,5.83,D,0
36.84967,39.07082,367.0,0.4,0.6,2024-06-12,933,N,VIIRS,h,2,314.6,10.26,D,0
36.85001,39.06998,367.0,0.4,0.6,2024-06-12,933,N,VIIRS,h,2,314.89,10.72,D,0
36.85802,39.14499,351.07,0.4,0.6,2024-06-12,933,N,VIIRS,n,2,315.68,12.52,D,0
36.85919,39.14943,367.0,0.4,0.6,2024-06-12,933,N,VIIRS,h,2,324.62,12.52,D,0
36.86906,41.3602,367.0,0.61,0.53,2024-06-12,933,N,VIIRS,h,2,317.87,14.21,D,0
36.87384,41.35841,351.86,0.61,0.53,2024-06-12,933,N,VIIRS,n,2,314.89,14.21,D,0
36.88849,43.38497,337.94,0.48,0.48,2024-06-12,933,N,VIIRS,n,2,307.62,7.81,D,0
36.90778,43.38828,347.3,0.48,0.48,2024-06-12,933,N,VIIRS,n,2,305.75,5.03,D,2
36.91909,41.26157,353.04,0.62,0.54,2024-06-12,933,N,VIIRS,n,2,317.91,17.91,D,0
36.94205,42.17376,345.83,0.55,0.51,2024-06-12,933,N,VIIRS,n,2,317.0,8.31,D,2
36.94733,42.13275,349.54,0.55,0.51,2024-06-12,933,N,VIIRS,n,2,318.39,9.2,D,2
36.9565,40.23247,346.76,0.35,0.57,2024-06-12,933,N,VIIRS,n,2,320.24,8.96,D,0
36.95747,40.23623,367.0,0.35,0.57,2024-06-12,933,N,VIIRS,h,2,320.96,12.47,D,0
36.98393,42.64379,346.18,0.52,0.5,2024-06-12,933,N,VIIRS,n,2,316.01,19.23,D,0
36.98516,42.64587,344.43,0.52,0.5,2024-06-12,933,N,VIIRS,n,2,312.84,12.79,D,0
37.01979,41.28157,351.83,0.61,0.53,2024-06-12,933,N,VIIRS,n,2,317.84,23.16,D,0
37.06388,39.72221,367.0,0.37,0.58,2024-06-12,933,N,VIIRS,h,2,317.93,9.52,D,0
37.07957,39.76048,367.0,0.37,0.58,2024-06-12,933,N,VIIRS,h,2,315.67,10.78,D,0
37.08062,39.7645,367.0,0.37,0.58,2024-06-12,933,N,VIIRS,h,2,320.67,10.78,D,0
37.08379,39.77664,367.0,0.36,0.58,2024-06-12,933,N,VIIRS,h,2,317.37,9.15,D,0
37.09406,39.77256,367.0,0.36,0.58,2024-06-12,933,N,VIIRS,h,2,320.2,19.39,D,0
37.19027,39.62773,355.48,0.37,0.58,2024-06-12,933,N,VIIRS,n,2,318.52,7.17,D,0
37.21541,36.33288,335.51,0.54,0.68,2024-06-12,933,N,VIIRS,n,2,302.7,5.03,D,0
37.44957,37.77448,355.25,0.45,0.63,2024-06-12,933,N,VIIRS,n,2,315.51,15.32,D,0
37.45096,37.77945,367.0,0.45,0.63,2024-06-12,933,N,VIIRS,h,2,317.82,15.32,D,0
37.60518,40.39917,348.03,0.33,0.55,2024-06-12,933,N,VIIRS,n,2,313.04,4.24,D,0
37.82378,40.04927,343.84,0.34,0.56,2024-06-12,933,N,VIIRS,n,2,312.69,4.4,D,0
37.8594,38.29348,367.0,0.42,0.61,2024-06-12,933,N,VIIRS,h,2,311.87,13.72,D,0
38.32746,39.71006,344.48,0.34,0.56,2024-06-12,933,N,VIIRS,n,2,311.67,4.38,D,0
38.3284,39.71371,356.53,0.34,0.56,2024-06-12,933,N,VIIRS,n,2,313.35,8.24,D,0
38.47737,38.0595,367.0,0.41,0.61,2024-06-12,933,N,VIIRS,h,2,313.11,13.32,D,0
38.47889,38.05602,338.93,0.41,0.61,2024-06-12,933,N,VIIRS,n,2,311.49,8.98,D,0
38.47995,38.05993,367.0,0.41,0.61,2024-06-12,933,N,VIIRS,h,2,318.84,8.98,D,0
38.48286,38.05759,367.0,0.41,0.61,2024-06-12,933,N,VIIRS,h,2,315.59,13.32,D,0
38.48397,38.06158,367.0,0.41,0.61,2024-06-12,933,N,VIIRS,h,2,317.51,13.32,D,0
38.48543,38.05798,367.0,0.41,0.61,2024-06-12,933,N,VIIRS,h,2,310.7,15.31,D,0
38.48652,38.06202,367.0,0.41,0.61,2024-06-12,933,N,VIIRS,h,2,312.56,17.87,D,0
40.07605,44.14911,340.64,0.57,0.43,2024-06-12,933,N,VIIRS,n,2,308.51,3.13,D,0
38.97553,39.33914,355.2,0.34,0.56,2024-06-12,934,N,VIIRS,n,2,309.07,7.97,D,0
40.1995,44.48873,335.85,0.54,0.42,2024-06-12,934,N,VIIRS,n,2,303.68,1.57,D,0
41.2417,36.46816,330.77,0.41,0.61,2024-06-12,934,N,VIIRS,n,2,302.84,2.43,D,2
41.62127,35.21222,350.99,0.46,0.64,2024-06-12,934,N,VIIRS,n,2,297.99,5.59,D,0
41.62263,35.21687,335.4,0.46,0.64,2024-06-12,934,N,VIIRS,n,2,297.2,5.59,D,0
41.62579,35.20578,367.0,0.46,0.64,2024-06-12,934,N,VIIRS,h,2,298.55,15.17,D,0
41.62711,35.21026,354.34,0.46,0.64,2024-06-12,934,N,VIIRS,n,2,297.25,18.45,D,0
42.3892,43.89008,331.07,0.52,0.42,2024-06-12,934,N,VIIRS,n,2,298.79,7.98,D,0
41.62453,35.20648,367.0,0.46,0.64,2024-06-12,935,N,VIIRS,h,2,298.98,14.5,D,0
41.62585,35.21089,367.0,0.46,0.64,2024-06-12,935,N,VIIRS,h,2,298.29,14.5,D,0
41.62729,35.21568,331.92,0.46,0.64,2024-06-12,935,N,VIIRS,n,2,296.76,9.5,D,0
35.51934,36.55201,367.0,0.32,0.55,2024-06-12,1113,N,VIIRS,h,2,319.61,10.66,D,0
35.52972,36.55429,367.0,0.32,0.55,2024-06-12,1113,N,VIIRS,h,2,323.22,14.16,D,0
35.52998,36.55775,347.62,0.32,0.55,2024-06-12,1113,N,VIIRS,n,2,321.19,9.67,D,0
35.82248,38.04478,343.58,0.39,0.59,2024-06-12,1113,N,VIIRS,n,2,313.43,4.21,D,0
35.88161,38.11935,345.9,0.39,0.6,2024-06-12,1113,N,VIIRS,n,2,315.02,5.51,D,0
35.88186,38.12383,350.26,0.39,0.6,2024-06-12,1113,N,VIIRS,n,2,314.59,6.9,D,0
35.89339,36.84118,345.8,0.33,0.56,2024-06-12,1113,N,VIIRS,n,2,318.22,9.16,D,0
35.89363,36.84495,367.0,0.33,0.56,2024-06-12,1113,N,VIIRS,h,2,320.19,9.16,D,0
35.89783,36.82936,354.67,0.33,0.56,2024-06-12,1113,N,VIIRS,n,2,320.31,7.89,D,0
35.89808,36.83311,367.0,0.33,0.56,2024-06-12,1113,N,VIIRS,h,2,321.12,22.77,D,0
35.89857,36.8406,367.0,0.33,0.56,2024-06-12,1113,N,VIIRS,h,2,319.38,7.21,D,0
35.90301,36.82885,350.53,0.33,0.56,2024-06-12,1113,N,VIIRS,n,2,319.54,7.89,D,0
35.90374,36.84002,367.0,0.33,0.56,2024-06-12,1113,N,VIIRS,h,2,321.34,7.21,D,0
35.94382,38.06062,345.11,0.39,0.59,2024-06-12,1113,N,VIIRS,n,2,313.15,1.92,D,0
36.0095,37.00811,349.4,0.34,0.56,2024-06-12,1113,N,VIIRS,n,2,312.38,7.0,D,0
36.00975,37.01212,367.0,0.34,0.56,2024-06-12,1113,N,VIIRS,h,2,312.42,7.0,D,0
36.08361,38.88106,345.4,0.44,0.62,2024-06-12,1113,N,VIIRS,n,2,317.63,3.92,D,0
36.08384,38.88605,342.83,0.44,0.62,2024-06-12,1113,N,VIIRS,n,2,314.81,3.92,D,0
36.08402,38.88406,355.73,0.44,0.62,2024-06-12,1113,N,VIIRS,n,2,316.66,6.1,D,0
36.10767,37.82331,367.0,0.38,0.59,2024-06-12,1113,N,VIIRS,h,2,319.59,18.66,D,0
36.12957,36.75656,341.64,0.33,0.55,2024-06-12,1113,N,VIIRS,n,2,315.72,5.87,D,0
36.12983,36.76036,367.0,0.33,0.55,2024-06-12,1113,N,VIIRS,h,2,317.69,5.87,D,0
36.13102,39.02004,367.0,0.45,0.63,2024-06-12,1113,N,VIIRS,h,2,315.87,34.01,D,0
36.13665,39.01453,346.8,0.44,0.63,2024-06-12,1113,N,VIIRS,n,2,319.53,35.64,D,0
36.13689,39.01963,367.0,0.45,0.63,2024-06-12,1113,N,VIIRS,h,2,315.27,33.75,D,0
36.15762,37.6376,367.0,0.37,0.58,2024-06-12,1113,N,VIIRS,h,2,320.6,71.01,D,0
36.17084,37.49265,342.86,0.37,0.58,2024-06-12,1113,N,VIIRS,n,2,311.64,3.3,D,0
36.17509,37.56369,352.0,0.37,0.58,2024-06-12,1113,N,VIIRS,n,2,312.24,5.18,D,0
36.17533,37.56789,341.73,0.37,0.58,2024-06-12,1113,N,VIIRS,n,2,311.6,6.14,D,0
36.18498,37.3708,344.3,0.36,0.57,2024-06-12,1113,N,VIIRS,n,2,311.92,2.84,D,0
36.23954,38.98803,367.0,0.44,0.63,2024-06-12,1113,N,VIIRS,h,2,318.67,8.64,D,0
36.48828,39.08536,345.22,0.45,0.63,2024-06-12,1113,N,VIIRS,n,2,317.94,5.21,D,0
36.49417,39.08497,347.23,0.45,0.63,2024-06-12,1113,N,VIIRS,n,2,313.97,5.21,D,0
36.55702,43.55253,351.51,0.79,0.78,2024-06-12,1113,N,VIIRS,n,2,310.02,16.03,D,0
36.55795,43.54893,367.0,0.79,0.78,2024-06-12,1113,N,VIIRS,h,2,310.1,11.44,D,0
36.55806,43.55816,345.39,0.79,0.78,2024-06-12,1113,N,VIIRS,n,2,308.41,25.27,D,0
36.5644,43.55244,367.0,0.79,0.78,2024-06-12,1113,N,VIIRS,h,2,308.83,16.03,D,0
36.56532,43.54888,340.98,0.79,0.78,2024-06-12,1113,N,VIIRS,n,2,307.7,11.44,D,0
36.64895,38.93829,348.57,0.44,0.63,2024-06-12,1113,N,VIIRS,n,2,315.97,3.79,D,0
36.70279,39.3452,358.35,0.47,0.64,2024-06-12,1113,N,VIIRS,n,2,318.65,15.69,D,0
36.7254,38.96657,367.0,0.45,0.63,2024-06-12,1113,N,VIIRS,h,2,320.69,10.12,D,0
36.72664,38.964,355.46,0.45,0.63,2024-06-12,1113,N,VIIRS,n,2,317.47,6.99,D,0
36.73245,39.0831,367.0,0.45,0.63,2024-06-12,1113,N,VIIRS,h,2,312.44,12.44,D,0
36.73619,39.08022,367.0,0.45,0.63,2024-06-12,1113,N,VIIRS,h,2,310.56,7.37,D,0
36.73797,39.12209,349.81,0.46,0.63,2024-06-12,1113,N,VIIRS,n,2,316.62,4.13,D,0
36.74301,38.96537,350.68,0.45,0.63,2024-06-12,1113,N,VIIRS,n,2,314.9,6.11,D,0
36.74425,38.96286,347.52,0.45,0.63,2024-06-12,1113,N,VIIRS,n,2,314.35,4.2,D,0
36.745,39.14785,347.64,0.46,0.63,2024-06-12,1113,N,VIIRS,n,2,316.18,4.7,D,0
36.74731,39.14506,342.52,0.46,0.63,2024-06-12,1113,N,VIIRS,n,2,316.4,3.36,D,0
36.76068,38.71396,349.75,0.43,0.62,2024-06-12,1113,N,VIIRS,n,2,319.4,17.0,D,0
36.76091,38.71894,367.0,0.43,0.62,2024-06-12,1113,N,VIIRS,h,2,325.29,17.0,D,0
36.77489,43.3264,352.35,0.77,0.78,2024-06-12,1113,N,VIIRS,n,2,306.53,6.88,D,2
36.77499,43.3253,353.06,0.78,0.78,2024-06-12,1113,N,VIIRS,n,2,306.35,9.02,D,2
36.77685,39.06197,367.0,0.45,0.63,2024-06-12,1113,N,VIIRS,h,2,324.62,80.21,D,0
36.77732,37.28083,353.91,0.36,0.57,2024-06-12,1113,N,VIIRS,n,2,324.61,16.02,D,0
36.77756,37.28485,354.27,0.36,0.57,2024-06-12,1113,N,VIIRS,n,2,317.94,16.02,D,0
36.78252,39.0564,344.55,0.45,0.63,2024-06-12,1113,N,VIIRS,n,2,317.71,101.57,D,0
36.78275,39.0616,367.0,0.45,0.63,2024-06-12,1113,N,VIIRS,h,2,327.85,80.21,D,0
36.79369,38.13798,367.0,0.4,0.6,2024-06-12,1113,N,VIIRS,h,2,316.18,12.79,D,0
36.79647,38.13574,347.41,0.4,0.6,2024-06-12,1113,N,VIIRS,n,2,315.83,12.62,D,0
36.84575,39.07199,355.89,0.45,0.63,2024-06-12,1113,N,VIIRS,n,2,316.62,5.81,D,0
36.84597,39.07721,346.66,0.45,0.63,2024-06-12,1113,N,VIIRS,n,2,316.38,5.81,D,0
36.84845,39.0732,367.0,0.45,0.63,2024-06-12,1113,N,VIIRS,h,2,316.06,8.22,D,0
36.87099,35.12882,334.12,0.55,0.51,2024-06-12,1113,N,VIIRS,n,2,306.8,12.81,D,0
36.87148,35.13507,352.13,0.55,0.51,2024-06-12,1113,N,VIIRS,n,2,308.08,12.81,D,0
36.87622,35.13453,367.0,0.55,0.51,2024-06-12,1113,N,VIIRS,h,2,309.68,12.81,D,0
36.8777,38.99137,351.25,0.45,0.63,2024-06-12,1113,N,VIIRS,n,2,316.27,2.98,D,0
36.90778,43.39686,341.35,0.79,0.78,2024-06-12,1113,N,VIIRS,n,2,296.97,6.95,D,2
36.91505,39.16178,367.0,0.46,0.64,2024-06-12,1113,N,VIIRS,h,2,328.06,144.79,D,0
36.93214,39.06361,350.46,0.45,0.63,2024-06-12,1113,N,VIIRS,n,2,313.11,4.64,D,0
36.93439,39.06618,346.26,0.45,0.63,2024-06-12,1113,N,VIIRS,n,2,314.81,5.52,D,0
36.93975,38.9636,367.0,0.45,0.63,2024-06-12,1113,N,VIIRS,h,2,334.26,95.01,D,0
36.94142,38.96632,367.0,0.45,0.63,2024-06-12,1113,N,VIIRS,h,2,325.43,65.1,D,0
36.94563,38.9632,367.0,0.45,0.63,2024-06-12,1113,N,VIIRS,h,2,322.19,40.6,D,0
37.03336,39.62364,345.64,0.49,0.65,2024-06-12,1113,N,VIIRS,n,2,318.34,29.76,D,0
37.03358,39.62931,367.0,0.49,0.65,2024-06-12,1113,N,VIIRS,h,2,324.33,52.76,D,0
37.03486,37.53997,352.46,0.38,0.58,2024-06-12,1113,N,VIIRS,n,2,314.98,4.69,D,0
37.03922,37.42825,343.69,0.37,0.58,2024-06-12,1113,N,VIIRS,n,2,311.72,2.55,D,0
37.05186,39.77824,347.9,0.5,0.66,2024-06-12,1113,N,VIIRS,n,2,315.07,91.02,D,0
37.05209,39.78399,367.0,0.5,0.66,2024-06-12,1113,N,VIIRS,h,2,337.37,91.02,D,0
37.05739,39.78595,367.0,0.5,0.66,2024-06-12,1113,N,VIIRS,h,2,315.08,100.81,D,0
37.05823,39.78358,367.0,0.5,0.66,2024-06-12,1113,N,VIIRS,h,2,332.3,91.02,D,0
37.05846,39.78933,339.17,0.5,0.66,2024-06-12,1113,N,VIIRS,n,2,310.13,128.48,D,0
37.06334,39.77978,367.0,0.5,0.66,2024-06-12,1113,N,VIIRS,h,2,315.72,100.81,D,0
37.06374,39.79126,367.0,0.5,0.66,2024-06-12,1113,N,VIIRS,h,2,323.23,220.27,D,0
37.06461,39.78891,367.0,0.5,0.66,2024-06-12,1113,N,VIIRS,h,2,355.94,114.41,D,0
37.06485,39.79471,353.68,0.5,0.66,2024-06-12,1113,N,VIIRS,n,2,315.93,114.41,D,0
37.06988,39.79093,367.0,0.5,0.66,2024-06-12,1113,N,VIIRS,h,2,318.47,139.78,D,0
37.07075,39.78857,356.51,0.5,0.66,2024-06-12,1113,N,VIIRS,n,2,329.24,114.41,D,0
37.07582,39.78476,353.61,0.5,0.66,2024-06-12,1113,N,VIIRS,n,2,327.91,50.97,D,0
37.07666,39.78249,347.7,0.5,0.66,2024-06-12,1113,N,VIIRS,n,2,319.0,21.48,D,0
37.0769,39.78826,367.0,0.5,0.66,2024-06-12,1113,N,VIIRS,h,2,317.78,50.88,D,0
37.08197,39.78444,355.15,0.5,0.66,2024-06-12,1113,N,VIIRS,n,2,313.99,8.27,D,0
37.08281,39.78218,350.37,0.5,0.66,2024-06-12,1113,N,VIIRS,n,2,316.18,21.48,D,0
37.08894,39.78186,345.16,0.5,0.66,2024-06-12,1113,N,VIIRS,n,2,317.19,5.08,D,0
37.10619,38.78411,355.43,0.44,0.62,2024-06-12,1113,N,VIIRS,n,2,315.63,7.69,D,0
37.09841,27.75995,348.12,0.4,0.37,2024-06-12,1114,N,VIIRS,n,2,314.46,9.35,D,0
37.35841,30.50261,350.05,0.49,0.4,2024-06-12,1114,N,VIIRS,n,2,317.17,34.03,D,0
37.42164,37.07154,341.15,0.36,0.57,2024-06-12,1114,N,VIIRS,n,2,315.02,12.53,D,0
37.4219,37.07578,367.0,0.36,0.57,2024-06-12,1114,N,VIIRS,h,2,317.77,14.76,D,0
37.74984,40.38927,340.32,0.54,0.68,2024-06-12,1114,N,VIIRS,n,2,307.39,6.4,D,0
37.75003,40.3957,354.17,0.55,0.68,2024-06-12,1114,N,VIIRS,n,2,308.03,6.4,D,0
37.8562,40.92643,344.91,0.58,0.7,2024-06-12,1114,N,VIIRS,n,2,304.25,3.44,D,0
38.05587,37.14871,341.21,0.36,0.58,2024-06-12,1114,N,VIIRS,n,2,310.95,3.05,D,0
38.0561,37.15276,340.6,0.36,0.58,2024-06-12,1114,N,VIIRS,n,2,310.18,3.05,D,0
38.32659,39.70947,351.74,0.51,0.66,2024-06-12,1114,N,VIIRS,n,2,316.83,8.34,D,0
38.32678,39.71567,351.93,0.51,0.66,2024-06-12,1114,N,VIIRS,n,2,314.7,10.91,D,0
38.32815,39.71283,354.27,0.5,0.66,2024-06-12,1114,N,VIIRS,n,2,315.44,16.78,D,0
38.4577,38.05037,346.97,0.41,0.61,2024-06-12,1114,N,VIIRS,n,2,311.12,16.29,D,0
38.45798,38.05602,367.0,0.41,0.61,2024-06-12,1114,N,VIIRS,h,2,317.11,27.02,D,0
38.45826,38.06139,335.87,0.41,0.61,2024-06-12,1114,N,VIIRS,n,2,305.29,27.02,D,0
38.45972,38.05103,367.0,0.41,0.61,2024-06-12,1114,N,VIIRS,h,2,315.59,21.35,D,0
38.45998,38.0568,367.0,0.41,0.61,2024-06-12,1114,N,VIIRS,h,2,322.57,41.66,D,0
38.46334,38.04943,355.89,0.41,0.61,2024-06-12,1114,N,VIIRS,n,2,315.77,16.29,D,0
38.46365,38.05549,367.0,0.41,0.61,2024-06-12,1114,N,VIIRS,h,2,315.56,27.02,D,0
38.46537,38.0501,367.0,0.41,0.61,2024-06-12,1114,N,VIIRS,h,2,316.18,21.35,D,0
38.46564,38.05616,345.79,0.41,0.61,2024-06-12,1114,N,VIIRS,n,2,311.52,41.66,D,0
38.46898,38.04859,347.36,0.41,0.61,2024-06-12,1114,N,VIIRS,n,2,313.08,8.03,D,0
38.46929,38.05466,342.63,0.41,0.61,2024-06-12,1114,N,VIIRS,n,2,312.21,9.74,D,0
38.62985,28.38832,349.91,0.42,0.38,2024-06-12,1114,N,VIIRS,n,2,323.81,26.92,D,0
39.86526,26.24441,342.14,0.39,0.36,2024-06-12,1115,N,VIIRS,n,2,314.6,3.72,D,2
40.29268,26.39894,341.84,0.39,0.36,2024-06-12,1115,N,VIIRS,n,2,316.43,32.64,D,0
40.29332,26.40351,367.0,0.39,0.36,2024-06-12,1115,N,VIIRS,h,2,339.33,32.64,D,0
40.29396,26.40809,346.63,0.39,0.36,2024-06-12,1115,N,VIIRS,n,2,313.99,24.66,D,0
40.29601,26.39812,343.13,0.39,0.36,2024-06-12,1115,N,VIIRS,n,2,315.42,64.52,D,0
40.29665,26.40269,367.0,0.39,0.36,2024-06-12,1115,N,VIIRS,h,2,351.0,64.52,D,0
40.29998,26.4019,343.82,0.39,0.36,2024-06-12,1115,N,VIIRS,n,2,310.39,64.52,D,0
40.30063,26.40648,342.96,0.39,0.36,2024-06-12,1115,N,VIIRS,n,2,306.55,110.16,D,0
41.24323,36.46641,334.4,0.36,0.57,2024-06-12,1115,N,VIIRS,n,2,304.31,0.86,D,2
41.62416,35.20821,356.17,0.62,0.54,2024-06-12,1115,N,VIIRS,n,2,305.24,33.82,D,0
41.62471,35.21704,341.38,0.62,0.54,2024-06-12,1115,N,VIIRS,n,2,298.98,22.42,D,0
35.51009,44.37432,305.7,0.59,0.7,2024-06-12,2153,N,VIIRS,n,2,295.16,2.42,N,2
35.52223,44.3418,314.22,0.59,0.7,2024-06-12,2153,N,VIIRS,n,2,293.64,2.03,N,2
35.52448,44.34075,344.11,0.59,0.7,2024-06-12,2153,N,VIIRS,n,2,294.87,7.3,N,2
35.52881,44.34235,334.72,0.59,0.7,2024-06-12,2153,N,VIIRS,n,2,293.75,6.56,N,2
35.52903,44.33539,347.28,0.59,0.7,2024-06-12,2153,N,VIIRS,n,2,295.84,6.93,N,2
35.53106,44.34126,325.0,0.59,0.7,2024-06-12,2153,N,VIIRS,n,2,293.43,5.92,N,2
35.53131,44.33437,345.33,0.59,0.7,2024-06-12,2153,N,VIIRS,n,2,295.76,5.92,N,2
35.53561,44.33605,323.58,0.59,0.7,2024-06-12,2153,N,VIIRS,n,2,293.87,6.93,N,2
35.56372,44.28273,307.63,0.6,0.7,2024-06-12,2153,N,VIIRS,n,2,294.5,1.39,N,2
35.61865,44.22498,317.76,0.6,0.71,2024-06-12,2153,N,VIIRS,n,2,295.42,3.37,N,0
35.62294,44.2246,330.88,0.6,0.71,2024-06-12,2153,N,VIIRS,n,2,296.61,4.17,N,0
35.62526,44.22569,328.78,0.6,0.71,2024-06-12,2153,N,VIIRS,n,2,296.94,7.85,N,0
35.62602,44.00484,331.11,0.62,0.71,2024-06-12,2153,N,VIIRS,n,2,295.54,5.31,N,2
35.62894,44.01099,309.78,0.62,0.71,2024-06-12,2153,N,VIIRS,n,2,295.2,3.93,N,2
35.62913,44.00379,340.75,0.62,0.71,2024-06-12,2153,N,VIIRS,n,2,296.47,3.93,N,2
35.62955,44.22542,321.05,0.6,0.71,2024-06-12,2153,N,VIIRS,n,2,296.9,4.17,N,0
35.62976,44.21828,329.15,0.6,0.71,2024-06-12,2153,N,VIIRS,n,2,297.08,4.17,N,0
35.63211,44.2194,343.31,0.6,0.71,2024-06-12,2153,N,VIIRS,n,2,298.1,12.82,N,0
35.63272,44.00493,323.1,0.62,0.71,2024-06-12,2153,N,VIIRS,n,2,295.07,3.18,N,2
35.63638,44.21917,339.8,0.6,0.71,2024-06-12,2153,N,VIIRS,n,2,297.44,4.5,N,0
35.63659,44.21201,307.57,0.6,0.71,2024-06-12,2153,N,VIIRS,n,2,295.72,8.29,N,0
35.63873,44.22016,326.85,0.6,0.71,2024-06-12,2153,N,VIIRS,n,2,296.72,4.07,N,0
35.63897,44.21309,313.82,0.6,0.71,2024-06-12,2153,N,VIIRS,n,2,296.02,4.07,N,0
35.643,44.21966,309.73,0.6,0.71,2024-06-12,2153,N,VIIRS,n,2,295.74,4.5,N,0
35.66384,43.96368,341.97,0.62,0.72,2024-06-12,2153,N,VIIRS,n,2,296.53,5.98,N,2
35.66547,43.90572,316.27,0.63,0.72,2024-06-12,2153,N,VIIRS,n,2,294.48,2.54,N,0
35.6865,43.87835,332.04,0.63,0.72,2024-06-12,2153,N,VIIRS,n,2,293.53,10.37,N,2
35.6867,43.87118,367.0,0.63,0.72,2024-06-12,2153,N,VIIRS,h,2,296.41,18.22,N,2
35.72197,44.03897,323.23,0.62,0.71,2024-06-12,2153,N,VIIRS,n,2,295.04,4.1,N,2
35.72463,44.0366,349.56,0.62,0.71,2024-06-12,2153,N,VIIRS,n,2,297.19,10.41,N,2
35.72865,44.03982,333.56,0.62,0.71,2024-06-12,2153,N,VIIRS,n,2,295.54,4.1,N,2
35.72888,44.03253,316.46,0.62,0.71,2024-06-12,2153,N,VIIRS,n,2,295.84,9.42,N,2
35.73151,44.03008,317.29,0.62,0.71,2024-06-12,2153,N,VIIRS,n,2,295.57,3.01,N,2
35.77289,43.99047,310.85,0.62,0.71,2024-06-12,2153,N,VIIRS,n,2,295.11,3.24,N,2
35.9229,43.78651,317.94,0.64,0.72,2024-06-12,2153,N,VIIRS,n,2,294.95,3.11,N,2
35.92402,43.78722,316.93,0.64,0.72,2024-06-12,2153,N,VIIRS,n,2,294.96,3.35,N,2
35.96545,43.76014,310.87,0.64,0.72,2024-06-12,2153,N,VIIRS,n,2,296.81,6.23,N,2
35.97129,43.75933,307.14,0.64,0.72,2024-06-12,2153,N,VIIRS,n,2,296.45,8.17,N,2
35.97889,43.76691,314.73,0.64,0.72,2024-06-12,2153,N,VIIRS,n,2,295.89,5.32,N,2
35.98568,43.76693,306.84,0.64,0.72,2024-06-12,2153,N,VIIRS,n,2,295.15,2.13,N,2
35.99948,43.75983,306.86,0.64,0.72,2024-06-12,2153,N,VIIRS,n,2,293.84,1.75,N,2
36.01528,43.67793,320.62,0.65,0.73,2024-06-12,2153,N,VIIRS,n,2,294.37,3.39,N,2
36.0221,43.67829,315.9,0.65,0.73,2024-06-12,2153,N,VIIRS,n,2,296.19,3.39,N,2
36.13677,43.77232,315.58,0.64,0.72,2024-06-12,2153,N,VIIRS,n,2,295.97,27.05,N,0
36.13698,43.7647,367.0,0.64,0.72,2024-06-12,2153,N,VIIRS,h,2,308.39,27.05,N,0
36.13719,43.75714,313.38,0.64,0.72,2024-06-12,2153,N,VIIRS,n,2,300.06,29.33,N,0
36.13773,43.76897,350.19,0.64,0.72,2024-06-12,2153,N,VIIRS,n,2,299.77,35.06,N,0
36.13791,43.76136,367.0,0.64,0.72,2024-06-12,2153,N,VIIRS,h,2,305.21,47.37,N,0
36.14377,43.76531,313.41,0.64,0.72,2024-06-12,2153,N,VIIRS,n,2,298.24,6.39,N,0
36.24946,43.9091,323.26,0.63,0.72,2024-06-12,2153,N,VIIRS,n,2,293.74,3.25,N,0
36.25165,43.90794,325.1,0.63,0.72,2024-06-12,2153,N,VIIRS,n,2,294.28,4.31,N,0
36.25621,43.90924,303.49,0.63,0.72,2024-06-12,2153,N,VIIRS,n,2,291.7,0.54,N,0
36.5,43.22395,304.84,0.69,0.74,2024-06-12,2153,N,VIIRS,n,2,290.7,1.54,N,0
36.50165,43.22206,321.08,0.69,0.74,2024-06-12,2153,N,VIIRS,n,2,291.03,2.59,N,0
36.50698,43.22437,306.03,0.69,0.74,2024-06-12,2153,N,VIIRS,n,2,291.6,1.54,N,0
36.73294,43.2772,303.54,0.69,0.74,2024-06-12,2153,N,VIIRS,n,2,291.37,0.95,N,2
36.77199,43.31896,301.04,0.69,0.74,2024-06-12,2153,N,VIIRS,n,2,285.91,1.24,N,0
36.77388,43.32282,310.78,0.68,0.74,2024-06-12,2153,N,VIIRS,n,2,287.35,2.32,N,2
36.77895,43.32045,319.62,0.69,0.74,2024-06-12,2153,N,VIIRS,n,2,290.39,3.49,N,2
36.86601,43.48699,303.29,0.67,0.74,2024-06-12,2153,N,VIIRS,n,2,288.55,0.96,N,2
36.89438,43.42479,319.35,0.68,0.74,2024-06-12,2153,N,VIIRS,n,2,288.39,3.04,N,2
36.8952,43.42288,317.3,0.68,0.74,2024-06-12,2153,N,VIIRS,n,2,287.53,3.85,N,2
36.90308,43.38316,304.44,0.68,0.74,2024-06-12,2153,N,VIIRS,n,2,288.19,3.75,N,2
36.90898,43.38617,313.02,0.68,0.74,2024-06-12,2153,N,VIIRS,n,2,288.09,3.05,N,2
36.90914,43.37737,315.68,0.68,0.74,2024-06-12,2153,N,VIIRS,n,2,287.76,4.55,N,2
36.91002,43.38358,326.07,0.68,0.74,2024-06-12,2153,N,VIIRS,n,2,288.9,3.75,N,2
36.93258,42.12796,307.6,0.8,0.78,2024-06-12,2153,N,VIIRS,n,2,293.89,1.72,N,2
36.93307,42.12658,311.66,0.79,0.78,2024-06-12,2153,N,VIIRS,n,2,294.14,2.84,N,2
36.93965,42.16489,313.93,0.79,0.78,2024-06-12,2153,N,VIIRS,n,2,291.52,3.17,N,0
36.93996,42.12833,307.15,0.8,0.78,2024-06-12,2153,N,VIIRS,n,2,293.92,2.71,N,2
36.94733,42.12856,330.25,0.8,0.78,2024-06-12,2153,N,VIIRS,n,2,294.25,2.71,N,0
37.07592,42.54924,305.81,0.76,0.77,2024-06-12,2153,N,VIIRS,n,2,293.97,3.31,N,0
37.18679,42.35731,350.99,0.77,0.78,2024-06-12,2153,N,VIIRS,n,2,292.37,9.06,N,0
37.18683,42.36298,340.87,0.77,0.78,2024-06-12,2153,N,VIIRS,n,2,291.81,5.8,N,0
37.18694,42.35369,318.7,0.77,0.78,2024-06-12,2153,N,VIIRS,n,2,291.61,13.16,N,0
37.1941,42.35773,321.13,0.77,0.78,2024-06-12,2153,N,VIIRS,n,2,292.3,9.06,N,0
37.19414,42.36337,309.8,0.77,0.78,2024-06-12,2153,N,VIIRS,n,2,291.77,5.8,N,0
42.12342,43.01129,304.8,0.4,0.44,2024-06-12,2332,N,VIIRS,n,2,288.76,1.01,N,2
36.74812,43.50059,303.87,0.56,0.51,2024-06-12,2333,N,VIIRS,n,2,293.3,1.09,N,2
36.77614,43.32258,341.29,0.54,0.51,2024-06-12,2333,N,VIIRS,n,2,296.82,10.27,N,2
36.86685,43.48812,316.31,0.55,0.51,2024-06-12,2333,N,VIIRS,n,2,292.22,1.81,N,2
36.89114,43.42847,329.03,0.55,0.51,2024-06-12,2333,N,VIIRS,n,2,291.27,4.24,N,2
36.90442,43.39376,308.45,0.55,0.51,2024-06-12,2333,N,VIIRS,n,2,290.4,2.56,N,2
36.90592,43.3875,328.76,0.55,0.51,2024-06-12,2333,N,VIIRS,n,2,291.84,4.98,N,2
37.07773,42.55656,316.4,0.49,0.48,2024-06-12,2333,N,VIIRS,n,2,296.52,2.08,N,2
37.14507,42.50893,304.2,0.48,0.48,2024-06-12,2333,N,VIIRS,n,2,294.06,1.48,N,0
37.33891,40.80288,316.03,0.39,0.44,2024-06-12,2333,N,VIIRS,n,2,297.66,2.03,N,2
38.4538,38.72627,306.03,0.46,0.39,2024-06-12,2333,N,VIIRS,n,2,294.21,0.99,N,2
38.65194,39.76878,313.27,0.5,0.41,2024-06-12,2333,N,VIIRS,n,2,291.85,1.7,N,2
38.65216,39.76988,317.1,0.5,0.41,2024-06-12,2333,N,VIIRS,n,2,291.72,1.83,N,2
38.89085,41.56861,302.25,0.4,0.44,2024-06-12,2333,N,VIIRS,n,2,287.78,1.0,N,0
39.48368,30.04372,301.92,0.5,0.41,2024-06-12,2333,N,VIIRS,n,2,289.26,0.77,N,2
39.59539,32.41822,305.45,0.42,0.37,2024-06-12,2333,N,VIIRS,n,2,291.1,0.71,N,2
39.74572,30.19937,301.53,0.5,0.41,2024-06-12,2333,N,VIIRS,n,2,291.25,0.57,N,2
39.83762,30.29929,310.08,0.49,0.41,2024-06-12,2333,N,VIIRS,n,2,291.94,1.58,N,2
39.86481,26.2445,311.55,0.52,0.5,2024-06-12,2333,N,VIIRS,n,2,293.75,2.24,N,2
39.94341,33.18964,306.43,0.4,0.37,2024-06-12,2333,N,VIIRS,n,2,290.07,1.62,N,2
39.96008,33.14495,301.53,0.4,0.37,2024-06-12,2333,N,VIIRS,n,2,289.64,0.69,N,2
40.04933,32.64832,302.79,0.41,0.37,2024-06-12,2333,N,VIIRS,n,2,284.49,0.46,N,2
40.4437,27.13275,307.14,0.47,0.48,2024-06-12,2333,N,VIIRS,n,2,292.91,1.39,N,2
40.4449,27.13197,311.22,0.47,0.48,2024-06-12,2333,N,VIIRS,n,2,293.35,2.66,N,2
40.44814,27.13326,307.65,0.47,0.48,2024-06-12,2333,N,VIIRS,n,2,292.96,1.39,N,3
40.76456,32.21775,304.9,0.43,0.38,2024-06-12,2333,N,VIIRS,n,2,282.09,1.38,N,2
40.76487,29.52598,316.79,0.55,0.42,2024-06-12,2333,N,VIIRS,n,2,294.9,3.78,N,3
40.7653,32.21428,300.99,0.43,0.38,2024-06-12,2333,N,VIIRS,n,2,282.07,0.75,N,2
40.78093,29.60227,310.86,0.54,0.42,2024-06-12,2333,N,VIIRS,n,2,296.85,2.42,N,2
40.79992,29.37854,306.43,0.56,0.43,2024-06-12,2333,N,VIIRS,n,2,295.88,1.47,N,2
40.94643,31.39719,302.62,0.46,0.39,2024-06-12,2333,N,VIIRS,n,2,292.03,0.66,N,2
40.96359,37.85078,311.24,0.41,0.37,2024-06-12,2333,N,VIIRS,n,2,289.26,1.07,N,0
41.01533,27.96015,301.71,0.43,0.46,2024-06-12,2333,N,VIIRS,n,2,282.52,0.73,N,2
41.02065,28.55572,321.97,0.41,0.45,2024-06-12,2333,N,VIIRS,n,2,290.92,1.99,N,2
41.17482,32.63354,309.09,0.42,0.38,2024-06-12,2333,N,VIIRS,n,2,285.56,1.56,N,2
41.17828,32.63432,305.37,0.42,0.38,2024-06-12,2333,N,VIIRS,n,2,285.71,0.72,N,2
41.18174,32.63508,298.77,0.42,0.38,2024-06-12,2333,N,VIIRS,n,2,283.37,0.72,N,2
41.18521,32.63585,295.21,0.42,0.38,2024-06-12,2333,N,VIIRS,n,2,278.69,0.4,N,2
41.2411,36.46358,328.15,0.39,0.36,2024-06-12,2333,N,VIIRS,n,2,293.89,2.43,N,2
41.26153,31.42587,308.91,0.46,0.39,2024-06-12,2333,N,VIIRS,n,2,293.54,1.58,N,2
41.26514,31.42665,317.73,0.46,0.39,2024-06-12,2333,N,VIIRS,n,2,295.15,2.38,N,2
41.26582,31.42109,313.4,0.46,0.39,2024-06-12,2333,N,VIIRS,n,2,294.35,1.77,N,2
35.51026,44.37395,313.99,0.33,0.55,2024-06-12,2334,N,VIIRS,n,2,296.63,1.4,N,2
35.52325,44.34404,322.21,0.33,0.55,2024-06-12,2334,N,VIIRS,n,2,295.11,1.81,N,2
35.52414,44.34053,321.79,0.33,0.55,2024-06-12,2334,N,VIIRS,n,2,295.14,1.81,N,2
35.52822,44.34579,306.9,0.33,0.55,2024-06-12,2334,N,VIIRS,n,2,293.5,2.26,N,2
35.5291,44.34229,330.74,0.33,0.55,2024-06-12,2334,N,VIIRS,n,2,295.68,2.26,N,2
35.52998,44.33879,367.0,0.33,0.55,2024-06-12,2334,N,VIIRS,h,2,299.1,4.09,N,2
35.53088,44.33526,316.37,0.33,0.55,2024-06-12,2334,N,VIIRS,n,2,295.68,4.09,N,2
35.53584,44.33698,335.25,0.33,0.55,2024-06-12,2334,N,VIIRS,n,2,295.35,4.09,N,2
35.56569,44.28259,315.03,0.33,0.55,2024-06-12,2334,N,VIIRS,n,2,296.03,1.3,N,2
35.59348,36.3959,309.07,0.42,0.38,2024-06-12,2334,N,VIIRS,n,2,297.12,1.74,N,0
35.62347,44.22293,311.27,0.32,0.55,2024-06-12,2334,N,VIIRS,n,2,296.66,1.79,N,0
35.62518,44.21602,307.07,0.32,0.55,2024-06-12,2334,N,VIIRS,n,2,296.29,1.62,N,0
35.62827,44.01032,339.35,0.63,0.54,2024-06-12,2334,N,VIIRS,n,2,298.24,6.88,N,2
35.62994,44.0036,309.01,0.63,0.54,2024-06-12,2334,N,VIIRS,n,2,295.18,6.88,N,2
35.63013,44.21765,323.2,0.32,0.55,2024-06-12,2334,N,VIIRS,n,2,297.83,1.62,N,0
35.63098,44.21419,323.57,0.32,0.55,2024-06-12,2334,N,VIIRS,n,2,297.61,2.95,N,0
35.63184,44.21072,335.86,0.32,0.55,2024-06-12,2334,N,VIIRS,n,2,298.28,2.95,N,0
35.63593,44.2158,319.66,0.32,0.55,2024-06-12,2334,N,VIIRS,n,2,297.81,2.8,N,0
35.63678,44.21235,335.82,0.32,0.55,2024-06-12,2334,N,VIIRS,n,2,298.86,2.8,N,0
35.63763,44.2089,311.78,0.32,0.55,2024-06-12,2334,N,VIIRS,n,2,297.58,3.9,N,0
35.6611,43.963,341.21,0.63,0.54,2024-06-12,2334,N,VIIRS,n,2,297.59,8.0,N,2
35.66467,43.90585,319.16,0.62,0.54,2024-06-12,2334,N,VIIRS,n,2,295.44,2.78,N,0
35.67801,44.06621,306.79,0.63,0.54,2024-06-12,2334,N,VIIRS,n,2,296.75,3.12,N,2
35.6782,44.06586,306.74,0.63,0.54,2024-06-12,2334,N,VIIRS,n,2,296.45,2.57,N,2
35.68257,43.87573,348.41,0.62,0.54,2024-06-12,2334,N,VIIRS,n,2,294.92,13.92,N,2
35.68739,43.87747,342.76,0.62,0.54,2024-06-12,2334,N,VIIRS,n,2,297.26,8.11,N,2
35.72257,44.03672,310.91,0.63,0.54,2024-06-12,2334,N,VIIRS,n,2,295.88,3.25,N,2
35.72746,44.0383,338.84,0.63,0.54,2024-06-12,2334,N,VIIRS,n,2,298.55,5.43,N,2
35.72913,44.03157,319.1,0.63,0.54,2024-06-12,2334,N,VIIRS,n,2,295.79,5.43,N,2
35.76996,43.99448,308.85,0.62,0.54,2024-06-12,2334,N,VIIRS,n,2,296.36,2.36,N,2
35.77483,43.99611,309.2,0.62,0.54,2024-06-12,2334,N,VIIRS,n,2,297.32,2.36,N,2
35.92504,43.79208,307.6,0.6,0.53,2024-06-12,2334,N,VIIRS,n,2,295.77,1.82,N,2
35.93373,37.93473,305.41,0.47,0.39,2024-06-12,2334,N,VIIRS,n,2,294.39,0.85,N,0
35.96777,43.7654,317.83,0.6,0.53,2024-06-12,2334,N,VIIRS,n,2,299.12,3.88,N,2
35.97085,43.77406,311.69,0.6,0.53,2024-06-12,2334,N,VIIRS,n,2,297.43,3.88,N,2
35.97334,43.7749,310.6,0.6,0.53,2024-06-12,2334,N,VIIRS,n,2,296.9,2.75,N,2
35.97427,36.98706,306.98,0.43,0.38,2024-06-12,2334,N,VIIRS,n,2,293.59,0.87,N,0
35.97773,36.98802,306.72,0.43,0.38,2024-06-12,2334,N,VIIRS,n,2,293.81,1.02,N,0
35.97967,43.77026,321.43,0.6,0.53,2024-06-12,2334,N,VIIRS,n,2,296.82,6.5,N,2
35.98185,43.77133,325.62,0.6,0.53,2024-06-12,2334,N,VIIRS,n,2,297.09,4.26,N,2
35.99705,43.7628,305.16,0.6,0.53,2024-06-12,2334,N,VIIRS,n,2,293.24,2.23,N,2
35.99915,43.76384,303.87,0.6,0.53,2024-06-12,2334,N,VIIRS,n,2,292.84,0.55,N,2
36.01766,43.67917,324.61,0.59,0.53,2024-06-12,2334,N,VIIRS,n,2,296.08,4.3,N,2
36.01926,43.67991,325.21,0.59,0.53,2024-06-12,2334,N,VIIRS,n,2,296.37,3.46,N,2
36.05455,36.9467,306.75,0.43,0.38,2024-06-12,2334,N,VIIRS,n,2,291.89,0.62,N,0
36.09923,37.70224,305.39,0.46,0.39,2024-06-12,2334,N,VIIRS,n,2,291.69,0.53,N,0
36.12733,37.65252,313.68,0.45,0.39,2024-06-12,2334,N,VIIRS,n,2,292.1,1.34,N,0
36.1365,43.7721,318.63,0.59,0.53,2024-06-12,2334,N,VIIRS,n,2,299.72,15.21,N,0
36.13806,43.7657,341.82,0.59,0.53,2024-06-12,2334,N,VIIRS,n,2,306.68,34.48,N,0
36.14217,40.81606,327.76,0.42,0.45,2024-06-12,2334,N,VIIRS,n,2,295.69,2.53,N,2
36.1604,38.84965,304.54,0.51,0.41,2024-06-12,2334,N,VIIRS,n,2,291.13,0.62,N,0
36.16673,41.04602,307.06,0.43,0.46,2024-06-12,2334,N,VIIRS,n,2,296.53,0.56,N,0
36.17843,37.67759,308.98,0.45,0.39,2024-06-12,2334,N,VIIRS,n,2,291.92,0.51,N,0
36.25087,39.00827,310.19,0.51,0.41,2024-06-12,2334,N,VIIRS,n,2,290.89,1.31,N,0
36.26116,33.72622,305.93,0.38,0.36,2024-06-12,2334,N,VIIRS,n,2,295.58,1.1,N,2
36.26379,33.73124,310.53,0.38,0.36,2024-06-12,2334,N,VIIRS,n,2,297.61,1.19,N,2
36.32312,39.03716,304.36,0.51,0.41,2024-06-12,2334,N,VIIRS,n,2,291.09,0.57,N,0
36.42482,36.34126,304.12,0.41,0.37,2024-06-12,2334,N,VIIRS,n,2,292.72,0.36,N,0
36.44084,42.92918,309.82,0.53,0.5,2024-06-12,2334,N,VIIRS,n,2,295.06,2.03,N,2
36.45623,41.27961,314.77,0.43,0.46,2024-06-12,2334,N,VIIRS,n,2,294.66,1.19,N,2
36.52818,36.39613,305.18,0.41,0.37,2024-06-12,2334,N,VIIRS,n,2,294.0,0.7,N,0
36.60788,43.5363,315.01,0.56,0.52,2024-06-12,2334,N,VIIRS,n,2,292.89,1.54,N,0
36.60791,43.53633,314.15,0.56,0.52,2024-06-12,2334,N,VIIRS,n,2,292.84,2.49,N,0
36.64919,40.27258,302.95,0.38,0.43,2024-06-12,2334,N,VIIRS,n,2,292.84,0.6,N,0
36.65007,40.26837,306.41,0.38,0.43,2024-06-12,2334,N,VIIRS,n,2,291.22,0.6,N,0
36.65399,40.26966,325.12,0.38,0.43,2024-06-12,2334,N,VIIRS,n,2,293.12,2.04,N,0
36.7173,36.20146,316.71,0.41,0.37,2024-06-12,2334,N,VIIRS,n,2,295.76,2.28,N,2
36.72917,36.21405,314.04,0.41,0.37,2024-06-12,2334,N,VIIRS,n,2,296.24,2.13,N,2
36.72995,36.20959,323.33,0.41,0.37,2024-06-12,2334,N,VIIRS,n,2,298.48,2.13,N,2
36.73331,36.21048,333.71,0.41,0.37,2024-06-12,2334,N,VIIRS,n,2,297.16,2.13,N,2
36.74004,36.21229,318.29,0.41,0.37,2024-06-12,2334,N,VIIRS,n,2,297.3,2.29,N,2
36.74575,36.19976,311.33,0.4,0.37,2024-06-12,2334,N,VIIRS,n,2,296.1,1.38,N,2
36.75071,38.09001,313.93,0.46,0.39,2024-06-12,2334,N,VIIRS,n,2,292.41,1.36,N,0
36.75473,39.03859,327.85,0.5,0.41,2024-06-12,2334,N,VIIRS,n,2,292.46,3.51,N,0
36.76548,40.44771,309.78,0.39,0.44,2024-06-12,2334,N,VIIRS,n,2,294.84,1.68,N,0
36.77391,43.32168,334.42,0.54,0.51,2024-06-12,2334,N,VIIRS,n,2,293.58,4.81,N,2
36.78014,36.20436,313.84,0.4,0.37,2024-06-12,2334,N,VIIRS,n,2,297.81,1.97,N,3
36.78657,39.17382,324.67,0.51,0.41,2024-06-12,2334,N,VIIRS,n,2,291.47,3.19,N,0
36.78701,39.17286,321.25,0.51,0.41,2024-06-12,2334,N,VIIRS,n,2,290.97,3.42,N,0
36.79741,39.15934,300.54,0.51,0.41,2024-06-12,2334,N,VIIRS,n,2,290.32,1.13,N,0
36.80412,39.00682,315.52,0.5,0.41,2024-06-12,2334,N,VIIRS,n,2,293.29,1.7,N,0
36.8063,38.99576,330.36,0.5,0.41,2024-06-12,2334,N,VIIRS,n,2,294.6,3.65,N,0
36.81112,39.16949,325.81,0.51,0.41,2024-06-12,2334,N,VIIRS,n,2,290.17,3.48,N,0
36.83045,38.79388,332.7,0.49,0.4,2024-06-12,2334,N,VIIRS,n,2,295.51,6.89,N,0
36.8341,38.79501,325.43,0.49,0.4,2024-06-12,2334,N,VIIRS,n,2,294.08,2.81,N,0
36.84983,39.01624,303.07,0.5,0.41,2024-06-12,2334,N,VIIRS,n,2,292.64,0.79,N,0
36.85315,38.42295,308.07,0.47,0.4,2024-06-12,2334,N,VIIRS,n,2,290.85,0.66,N,0
36.85674,38.42404,305.1,0.47,0.4,2024-06-12,2334,N,VIIRS,n,2,290.23,0.66,N,0
36.86422,39.06179,305.43,0.5,0.41,2024-06-12,2334,N,VIIRS,n,2,291.08,0.73,N,0
36.86568,39.01526,345.83,0.5,0.41,2024-06-12,2334,N,VIIRS,n,2,294.08,8.83,N,0
36.86834,34.76073,308.3,0.39,0.36,2024-06-12,2334,N,VIIRS,n,2,296.83,1.65,N,2
36.87628,38.44101,329.35,0.47,0.4,2024-06-12,2334,N,VIIRS,n,2,292.58,2.83,N,0
36.87865,39.10752,302.06,0.5,0.41,2024-06-12,2334,N,VIIRS,n,2,290.23,0.97,N,0
36.87988,38.44209,328.82,0.47,0.4,2024-06-12,2334,N,VIIRS,n,2,292.49,2.63,N,0
36.88234,39.10867,340.62,0.5,0.41,2024-06-12,2334,N,VIIRS,n,2,291.28,6.03,N,0
36.8938,38.91303,316.28,0.49,0.41,2024-06-12,2334,N,VIIRS,n,2,293.73,1.93,N,0
36.90332,39.06211,302.41,0.5,0.41,2024-06-12,2334,N,VIIRS,n,2,290.15,0.39,N,0
36.91056,39.00566,305.24,0.5,0.41,2024-06-12,2334,N,VIIRS,n,2,291.41,1.09,N,0
36.93592,42.1303,322.66,0.47,0.48,2024-06-12,2334,N,VIIRS,n,2,297.42,2.72,N,2
36.93635,42.1292,315.84,0.47,0.48,2024-06-12,2334,N,VIIRS,n,2,296.7,2.88,N,2
36.93734,38.90907,312.31,0.49,0.41,2024-06-12,2334,N,VIIRS,n,2,291.98,0.92,N,0
36.93827,42.12006,321.8,0.47,0.48,2024-06-12,2334,N,VIIRS,n,2,295.8,2.54,N,2
36.93864,42.11893,315.35,0.47,0.48,2024-06-12,2334,N,VIIRS,n,2,295.46,1.24,N,2
36.94038,42.17121,332.38,0.47,0.48,2024-06-12,2334,N,VIIRS,n,2,297.09,4.36,N,2
36.94178,41.69866,320.75,0.44,0.46,2024-06-12,2334,N,VIIRS,n,2,296.25,3.05,N,0
36.94445,42.1333,307.53,0.47,0.48,2024-06-12,2334,N,VIIRS,n,2,295.37,1.91,N,0
36.94564,42.12812,324.46,0.47,0.48,2024-06-12,2334,N,VIIRS,n,2,297.27,3.58,N,0
36.94596,41.7001,322.28,0.44,0.46,2024-06-12,2334,N,VIIRS,n,2,296.09,4.36,N,0
36.94706,41.6952,352.24,0.44,0.46,2024-06-12,2334,N,VIIRS,n,2,298.47,4.36,N,0
36.95124,41.69664,320.65,0.44,0.46,2024-06-12,2334,N,VIIRS,n,2,295.9,4.36,N,0
36.95574,39.01571,325.75,0.5,0.41,2024-06-12,2334,N,VIIRS,n,2,291.75,3.38,N,0
36.96563,38.96625,318.38,0.5,0.41,2024-06-12,2334,N,VIIRS,n,2,291.95,5.7,N,0
36.96579,42.08029,309.73,0.46,0.47,2024-06-12,2334,N,VIIRS,n,2,295.29,1.21,N,2
36.96821,38.97287,320.33,0.5,0.41,2024-06-12,2334,N,VIIRS,n,2,291.57,3.88,N,0
36.96931,38.96738,337.26,0.5,0.41,2024-06-12,2334,N,VIIRS,n,2,295.69,5.7,N,0
36.97564,39.09231,303.19,0.5,0.41,2024-06-12,2334,N,VIIRS,n,2,292.32,0.86,N,0
36.97614,38.35659,304.6,0.47,0.4,2024-06-12,2334,N,VIIRS,n,2,291.13,0.48,N,0
36.97675,39.08677,303.97,0.5,0.41,2024-06-12,2334,N,VIIRS,n,2,292.44,1.1,N,0
36.99504,41.56053,305.98,0.44,0.46,2024-06-12,2334,N,VIIRS,n,2,293.13,0.51,N,2
36.99519,39.09247,308.43,0.5,0.41,2024-06-12,2334,N,VIIRS,n,2,292.93,2.51,N,0
36.99629,39.08693,334.24,0.5,0.41,2024-06-12,2334,N,VIIRS,n,2,294.99,2.51,N,0
36.99918,41.56194,310.55,0.44,0.46,2024-06-12,2334,N,VIIRS,n,2,294.56,0.51,N,2
37.00654,40.14208,314.68,0.56,0.43,2024-06-12,2334,N,VIIRS,n,2,292.54,2.21,N,0
37.02182,36.10976,311.42,0.4,0.37,2024-06-12,2334,N,VIIRS,n,2,297.72,1.5,N,2
37.06211,41.57469,313.83,0.44,0.46,2024-06-12,2334,N,VIIRS,n,2,295.8,1.96,N,0
37.17566,39.79721,302.58,0.53,0.42,2024-06-12,2334,N,VIIRS,n,2,292.29,0.8,N,0
37.29361,37.15662,319.28,0.42,0.38,2024-06-12,2334,N,VIIRS,n,2,297.47,2.52,N,2
37.30046,37.15851,307.98,0.42,0.38,2024-06-12,2334,N,VIIRS,n,2,293.72,0.8,N,2
37.69389,38.08745,306.22,0.45,0.39,2024-06-12,2334,N,VIIRS,n,2,296.19,0.93,N,2
37.77085,27.43943,307.74,0.42,0.46,2024-06-12,2334,N,VIIRS,n,2,294.45,1.32,N,2
37.8503,32.69059,305.57,0.4,0.37,2024-06-12,2334,N,VIIRS,n,2,287.29,0.91,N,0
37.86086,29.37272,306.54,0.52,0.41,2024-06-12,2334,N,VIIRS,n,2,293.83,1.49,N,2
37.89818,30.49458,303.64,0.46,0.39,2024-06-12,2334,N,VIIRS,n,2,293.61,0.87,N,2
37.93881,32.53437,308.07,0.4,0.37,2024-06-12,2334,N,VIIRS,n,2,294.35,1.06,N,2
38.42713,27.2152,305.83,0.44,0.46,2024-06-12,2334,N,VIIRS,n,2,285.51,2.33,N,2
38.65257,26.88772,306.05,0.46,0.47,2024-06-12,2334,N,VIIRS,n,2,288.59,1.67,N,0
38.65802,30.61612,307.37,0.47,0.4,2024-06-12,2334,N,VIIRS,n,2,288.69,1.9,N,2
38.73557,26.94587,310.62,0.46,0.47,2024-06-12,2334,N,VIIRS,n,2,296.57,4.36,N,2
38.74822,26.9531,309.08,0.46,0.47,2024-06-12,2334,N,VIIRS,n,2,295.37,3.51,N,2
38.75261,26.95366,310.73,0.46,0.47,2024-06-12,2334,N,VIIRS,n,2,295.15,2.82,N,2
35.50024,43.7308,367.0,0.44,0.62,2024-06-13,914,N,VIIRS,h,2,316.87,31.68,D,0
35.52314,44.34525,342.31,0.41,0.61,2024-06-13,914,N,VIIRS,n,2,312.82,4.55,D,2
35.52734,44.33867,344.91,0.41,0.61,2024-06-13,914,N,VIIRS,n,2,311.05,3.96,D,2
35.52855,44.34319,367.0,0.41,0.61,2024-06-13,914,N,VIIRS,h,2,312.41,3.96,D,2
35.53277,44.33666,348.27,0.41,0.61,2024-06-13,914,N,VIIRS,n,2,310.78,3.96,D,2
35.53396,44.34114,342.6,0.41,0.61,2024-06-13,914,N,VIIRS,n,2,312.57,3.96,D,2
35.62605,44.01022,355.69,0.42,0.61,2024-06-13,914,N,VIIRS,n,2,316.99,5.65,D,2
35.62991,44.01011,367.0,0.42,0.61,2024-06-13,914,N,VIIRS,h,2,318.56,12.18,D,2
35.63147,44.0079,352.61,0.42,0.61,2024-06-13,914,N,VIIRS,n,2,313.64,5.65,D,2
35.66254,43.96591,367.0,0.42,0.61,2024-06-13,914,N,VIIRS,h,2,320.05,12.08,D,2
35.66531,43.90847,345.82,0.43,0.62,2024-06-13,914,N,VIIRS,n,2,313.52,5.6,D,0
35.68666,43.87473,353.45,0.43,0.62,2024-06-13,914,N,VIIRS,n,2,317.43,20.19,D,2
35.6879,43.87934,357.03,0.43,0.62,2024-06-13,914,N,VIIRS,n,2,315.61,20.69,D,2
35.72536,44.04281,367.0,0.42,0.61,2024-06-13,914,N,VIIRS,h,2,318.02,13.01,D,2
35.77072,43.99689,344.97,0.42,0.61,2024-06-13,914,N,VIIRS,n,2,316.74,5.01,D,2
36.02761,39.24031,340.21,0.73,0.76,2024-06-13,914,N,VIIRS,n,2,308.49,5.98,D,0
36.03028,39.24028,341.47,0.73,0.76,2024-06-13,914,N,VIIRS,n,2,308.9,4.04,D,0
36.10153,43.30062,340.78,0.45,0.63,2024-06-13,914,N,VIIRS,n,2,311.84,4.05,D,0
36.20371,38.94105,338.7,0.74,0.76,2024-06-13,914,N,VIIRS,n,2,306.47,3.64,D,0
36.24492,41.99537,356.6,0.52,0.67,2024-06-13,914,N,VIIRS,n,2,321.69,10.78,D,0
36.24652,42.00099,344.79,0.52,0.67,2024-06-13,914,N,VIIRS,n,2,317.54,10.78,D,0
36.25086,41.99297,367.0,0.52,0.67,2024-06-13,914,N,VIIRS,h,2,318.84,10.78,D,0
36.47083,39.09557,339.59,0.72,0.75,2024-06-13,914,N,VIIRS,n,2,306.14,5.08,D,0
36.47312,39.0961,342.33,0.72,0.75,2024-06-13,914,N,VIIRS,n,2,307.49,9.73,D,0
36.64104,40.24937,354.61,0.62,0.72,2024-06-13,914,N,VIIRS,n,2,316.96,26.12,D,0
36.64306,40.25604,356.75,0.62,0.72,2024-06-13,914,N,VIIRS,n,2,317.36,14.08,D,0
36.6451,40.26274,367.0,0.62,0.71,2024-06-13,914,N,VIIRS,h,2,317.05,14.08,D,0
36.65137,40.25979,351.42,0.62,0.71,2024-06-13,914,N,VIIRS,n,2,313.57,14.08,D,0
36.69508,40.33759,344.78,0.61,0.71,2024-06-13,914,N,VIIRS,n,2,314.98,27.72,D,0
36.69668,40.33878,342.73,0.61,0.71,2024-06-13,914,N,VIIRS,n,2,317.46,36.96,D,0
36.69712,40.34422,367.0,0.61,0.71,2024-06-13,914,N,VIIRS,h,2,316.47,44.01,D,0
36.69869,40.34544,367.0,0.61,0.71,2024-06-13,914,N,VIIRS,h,2,317.14,36.96,D,0
36.70138,40.33482,347.63,0.61,0.71,2024-06-13,914,N,VIIRS,n,2,315.79,27.72,D,0
36.70297,40.33597,367.0,0.61,0.71,2024-06-13,914,N,VIIRS,h,2,315.51,36.96,D,0
36.70341,40.34144,367.0,0.61,0.71,2024-06-13,914,N,VIIRS,h,2,319.12,44.01,D,0
36.70497,40.34263,367.0,0.61,0.71,2024-06-13,914,N,VIIRS,h,2,315.27,36.96,D,0
36.73084,38.7757,342.16,0.73,0.76,2024-06-13,914,N,VIIRS,n,2,306.82,9.72,D,0
36.73553,43.73976,367.0,0.41,0.61,2024-06-13,914,N,VIIRS,h,2,310.05,8.67,D,0
36.77235,40.22392,367.0,0.62,0.71,2024-06-13,914,N,VIIRS,h,2,314.24,12.13,D,0
36.77329,40.21853,344.49,0.62,0.71,2024-06-13,914,N,VIIRS,n,2,312.31,5.85,D,0
36.77531,40.22521,342.79,0.62,0.71,2024-06-13,914,N,VIIRS,n,2,312.62,5.85,D,0
36.77877,43.32701,355.82,0.43,0.62,2024-06-13,914,N,VIIRS,n,2,306.36,7.31,D,2
36.77938,38.87988,339.21,0.72,0.76,2024-06-13,914,N,VIIRS,n,2,307.38,4.44,D,0
36.79818,38.98711,345.42,0.71,0.75,2024-06-13,914,N,VIIRS,n,2,308.04,7.31,D,0
36.80619,42.17929,353.27,0.49,0.65,2024-06-13,914,N,VIIRS,n,2,313.97,6.07,D,0
36.87147,38.37949,350.08,0.76,0.77,2024-06-13,914,N,VIIRS,n,2,306.04,8.92,D,0
36.87413,38.38761,340.34,0.76,0.77,2024-06-13,914,N,VIIRS,n,2,306.78,8.92,D,0
36.87574,38.37831,367.0,0.76,0.77,2024-06-13,914,N,VIIRS,h,2,307.41,20.5,D,0
36.87827,38.37636,340.47,0.76,0.77,2024-06-13,914,N,VIIRS,n,2,305.81,5.78,D,0
36.87836,38.38646,348.46,0.76,0.77,2024-06-13,914,N,VIIRS,n,2,306.05,22.23,D,0
36.88089,38.38439,336.26,0.76,0.77,2024-06-13,914,N,VIIRS,n,2,304.89,5.78,D,0
36.89285,43.42753,337.13,0.42,0.61,2024-06-13,914,N,VIIRS,n,2,300.78,3.19,D,2
36.90613,43.38696,352.58,0.42,0.61,2024-06-13,914,N,VIIRS,n,2,302.05,7.18,D,2
36.91075,39.01165,339.88,0.7,0.75,2024-06-13,914,N,VIIRS,n,2,306.31,4.17,D,0
36.94235,38.4406,343.84,0.75,0.77,2024-06-13,914,N,VIIRS,n,2,305.34,6.09,D,0
36.94527,38.43841,356.27,0.75,0.77,2024-06-13,914,N,VIIRS,n,2,305.84,11.79,D,0
36.98391,39.09989,349.28,0.69,0.75,2024-06-13,914,N,VIIRS,n,2,305.96,10.28,D,0
36.98402,39.09888,343.82,0.69,0.75,2024-06-13,914,N,VIIRS,n,2,305.42,6.94,D,0
36.98645,39.10647,339.05,0.69,0.74,2024-06-13,914,N,VIIRS,n,2,305.74,6.94,D,0
36.98672,39.03644,367.0,0.7,0.75,2024-06-13,914,N,VIIRS,h,2,306.55,17.7,D,0
36.98684,39.03719,367.0,0.7,0.75,2024-06-13,914,N,VIIRS,h,2,307.4,17.45,D,0
36.98915,39.04407,336.84,0.7,0.75,2024-06-13,914,N,VIIRS,n,2,304.16,16.49,D,0
36.99329,39.03333,336.09,0.7,0.75,2024-06-13,914,N,VIIRS,n,2,305.56,6.53,D,0
36.9934,39.03404,342.91,0.7,0.75,2024-06-13,914,N,VIIRS,n,2,305.7,17.45,D,0
37.00294,39.06455,367.0,0.7,0.75,2024-06-13,914,N,VIIRS,h,2,305.99,14.02,D,0
37.00298,39.06374,367.0,0.7,0.75,2024-06-13,914,N,VIIRS,h,2,308.17,56.81,D,0
37.00712,39.05306,354.07,0.7,0.75,2024-06-13,914,N,VIIRS,n,2,305.7,56.81,D,0
37.00712,39.05382,348.79,0.7,0.75,2024-06-13,914,N,VIIRS,n,2,306.28,51.02,D,0
37.0095,39.06145,367.0,0.7,0.75,2024-06-13,914,N,VIIRS,h,2,313.91,99.93,D,0
37.00955,39.06067,367.0,0.7,0.75,2024-06-13,914,N,VIIRS,h,2,312.5,56.81,D,0
37.01079,40.14962,338.9,0.61,0.71,2024-06-13,914,N,VIIRS,n,2,313.79,4.78,D,0
37.01134,40.14377,351.59,0.62,0.71,2024-06-13,914,N,VIIRS,n,2,314.04,11.53,D,0
37.01332,40.15038,367.0,0.61,0.71,2024-06-13,914,N,VIIRS,h,2,314.0,17.41,D,0
37.01575,41.60407,356.31,0.52,0.67,2024-06-13,914,N,VIIRS,n,2,317.08,8.74,D,0
37.01709,40.14681,367.0,0.61,0.71,2024-06-13,914,N,VIIRS,h,2,313.08,16.63,D,0
37.01741,41.60976,346.3,0.52,0.67,2024-06-13,914,N,VIIRS,n,2,315.76,8.74,D,0
37.08812,38.92675,334.19,0.7,0.75,2024-06-13,914,N,VIIRS,n,2,302.57,4.4,D,0
37.31852,39.97859,367.0,0.61,0.71,2024-06-13,914,N,VIIRS,h,2,315.57,80.84,D,0
37.32284,39.96935,367.0,0.62,0.71,2024-06-13,914,N,VIIRS,h,2,309.49,86.6,D,0
37.32485,39.9759,367.0,0.61,0.71,2024-06-13,914,N,VIIRS,h,2,311.47,80.84,D,0
37.63077,40.31341,354.37,0.58,0.7,2024-06-13,914,N,VIIRS,n,2,311.86,12.77,D,0
37.63237,40.31416,367.0,0.58,0.7,2024-06-13,914,N,VIIRS,h,2,316.04,11.08,D,0
37.6326,40.31955,367.0,0.58,0.7,2024-06-13,914,N,VIIRS,h,2,313.07,18.17,D,0
37.63422,40.32025,367.0,0.58,0.7,2024-06-13,914,N,VIIRS,h,2,311.61,11.08,D,0
37.63689,40.31056,367.0,0.58,0.7,2024-06-13,914,N,VIIRS,h,2,311.53,12.77,D,0
37.63848,40.31127,367.0,0.58,0.7,2024-06-13,914,N,VIIRS,h,2,311.44,11.08,D,0
37.63867,40.31654,355.98,0.58,0.7,2024-06-13,914,N,VIIRS,n,2,313.76,18.17,D,0
37.64029,40.31722,343.56,0.58,0.7,2024-06-13,914,N,VIIRS,n,2,311.84,11.08,D,0
38.14708,41.58429,339.63,0.49,0.65,2024-06-13,914,N,VIIRS,n,2,305.83,4.86,D,0
37.45181,37.71612,367.0,0.79,0.78,2024-06-13,915,N,VIIRS,h,2,307.59,42.94,D,0
37.4541,37.71492,367.0,0.79,0.78,2024-06-13,915,N,VIIRS,h,2,308.26,52.91,D,0
38.18404,40.04405,338.02,0.58,0.7,2024-06-13,915,N,VIIRS,n,2,307.99,6.24,D,0
35.52053,36.33258,350.81,0.52,0.42,2024-06-13,1054,N,VIIRS,n,2,319.63,72.82,D,0
35.52728,44.3416,350.69,0.47,0.64,2024-06-13,1054,N,VIIRS,n,2,314.2,7.9,D,2
35.52753,44.34685,347.23,0.47,0.64,2024-06-13,1054,N,VIIRS,n,2,313.83,8.88,D,2
35.53329,44.34113,356.14,0.47,0.64,2024-06-13,1054,N,VIIRS,n,2,315.97,9.93,D,2
35.62744,44.01113,367.0,0.45,0.63,2024-06-13,1054,N,VIIRS,h,2,319.62,13.59,D,2
35.66075,43.96727,367.0,0.45,0.63,2024-06-13,1054,N,VIIRS,h,2,318.38,11.52,D,2
35.66474,43.96386,350.63,0.45,0.63,2024-06-13,1054,N,VIIRS,n,2,316.56,9.85,D,2
35.68443,43.88063,367.0,0.45,0.63,2024-06-13,1054,N,VIIRS,h,2,315.62,30.68,D,2
35.72768,44.04154,367.0,0.46,0.63,2024-06-13,1054,N,VIIRS,h,2,316.69,15.76,D,2
35.74434,36.27946,349.37,0.52,0.42,2024-06-13,1054,N,VIIRS,n,2,318.14,10.25,D,0
35.88967,38.05609,352.68,0.43,0.46,2024-06-13,1054,N,VIIRS,n,2,318.01,16.48,D,0
35.90963,39.11317,345.58,0.49,0.48,2024-06-13,1054,N,VIIRS,n,2,314.88,10.64,D,0
35.91829,38.0423,347.45,0.43,0.46,2024-06-13,1054,N,VIIRS,n,2,316.02,14.02,D,0
35.91875,38.04709,345.95,0.43,0.46,2024-06-13,1054,N,VIIRS,n,2,315.61,15.93,D,0
35.92938,38.11356,345.54,0.43,0.46,2024-06-13,1054,N,VIIRS,n,2,313.97,14.72,D,0
35.94088,37.96697,345.67,0.42,0.45,2024-06-13,1054,N,VIIRS,n,2,315.2,11.73,D,0
35.94502,39.10309,345.32,0.49,0.48,2024-06-13,1054,N,VIIRS,n,2,313.87,7.8,D,0
36.0171,43.68193,350.89,0.44,0.62,2024-06-13,1054,N,VIIRS,n,2,315.23,9.11,D,2
36.09105,37.66987,340.77,0.41,0.45,2024-06-13,1054,N,VIIRS,n,2,305.42,6.48,D,0
36.09285,37.04136,350.27,0.57,0.43,2024-06-13,1054,N,VIIRS,n,2,317.8,6.45,D,0
36.09354,37.03939,349.3,0.57,0.43,2024-06-13,1054,N,VIIRS,n,2,317.58,7.96,D,0
36.09519,37.66925,351.68,0.41,0.45,2024-06-13,1054,N,VIIRS,n,2,305.68,9.19,D,0
36.10635,37.82714,345.9,0.42,0.45,2024-06-13,1054,N,VIIRS,n,2,314.52,34.49,D,0
36.11184,39.05008,346.98,0.48,0.48,2024-06-13,1054,N,VIIRS,n,2,315.21,4.96,D,0
36.125,37.42621,346.78,0.4,0.44,2024-06-13,1054,N,VIIRS,n,2,317.83,13.4,D,0
36.13774,43.76693,341.86,0.44,0.63,2024-06-13,1054,N,VIIRS,n,2,306.02,4.42,D,0
36.13799,43.7719,348.36,0.44,0.63,2024-06-13,1054,N,VIIRS,n,2,306.43,4.42,D,0
36.15464,38.58035,345.55,0.46,0.47,2024-06-13,1054,N,VIIRS,n,2,317.08,14.3,D,0
36.18158,43.9964,337.64,0.46,0.63,2024-06-13,1054,N,VIIRS,n,2,307.56,5.13,D,0
36.1818,44.00157,336.61,0.46,0.63,2024-06-13,1054,N,VIIRS,n,2,306.26,6.11,D,0
36.18475,43.99998,349.55,0.46,0.63,2024-06-13,1054,N,VIIRS,n,2,307.51,6.52,D,0
36.19542,38.9435,367.0,0.48,0.48,2024-06-13,1054,N,VIIRS,h,2,318.04,9.62,D,0
36.24893,38.64843,352.29,0.46,0.47,2024-06-13,1054,N,VIIRS,n,2,315.35,7.32,D,0
36.37095,42.67866,345.81,0.39,0.59,2024-06-13,1054,N,VIIRS,n,2,320.69,19.15,D,0
36.3712,42.68314,367.0,0.39,0.59,2024-06-13,1054,N,VIIRS,h,2,322.28,19.15,D,0
36.45193,38.9331,367.0,0.48,0.48,2024-06-13,1054,N,VIIRS,h,2,320.56,12.07,D,0
36.4564,38.93252,346.39,0.48,0.48,2024-06-13,1054,N,VIIRS,n,2,295.65,12.07,D,0
36.45688,38.93797,340.48,0.48,0.48,2024-06-13,1054,N,VIIRS,n,2,314.16,12.07,D,0
36.46087,38.93194,341.28,0.48,0.48,2024-06-13,1054,N,VIIRS,n,2,309.56,10.94,D,0
36.48066,39.09345,347.99,0.49,0.49,2024-06-13,1054,N,VIIRS,n,2,315.06,10.15,D,0
36.49931,40.76786,345.18,0.61,0.53,2024-06-13,1054,N,VIIRS,n,2,317.7,2.8,D,0
36.49982,40.77477,344.27,0.61,0.53,2024-06-13,1054,N,VIIRS,n,2,315.16,4.5,D,0
36.49999,40.7685,345.4,0.61,0.53,2024-06-13,1054,N,VIIRS,n,2,319.83,10.81,D,0
36.55469,40.55585,357.19,0.59,0.53,2024-06-13,1054,N,VIIRS,n,2,321.93,28.74,D,0
36.5596,40.55536,367.0,0.59,0.53,2024-06-13,1054,N,VIIRS,h,2,323.16,28.74,D,0
36.59859,42.80292,351.31,0.4,0.6,2024-06-13,1054,N,VIIRS,n,2,311.36,13.26,D,0
36.59884,42.80746,338.57,0.4,0.6,2024-06-13,1054,N,VIIRS,n,2,302.43,12.55,D,0
36.60415,42.80219,353.54,0.4,0.6,2024-06-13,1054,N,VIIRS,n,2,316.06,19.67,D,0
36.63225,39.14503,349.82,0.5,0.49,2024-06-13,1054,N,VIIRS,n,2,317.58,40.71,D,0
36.63678,39.14444,351.54,0.5,0.49,2024-06-13,1054,N,VIIRS,n,2,317.53,24.86,D,0
36.63691,40.24433,350.86,0.57,0.52,2024-06-13,1054,N,VIIRS,n,2,320.59,9.69,D,0
36.68605,40.33666,352.96,0.58,0.52,2024-06-13,1054,N,VIIRS,n,2,321.32,15.08,D,0
36.68899,40.35085,356.76,0.58,0.52,2024-06-13,1054,N,VIIRS,n,2,325.32,38.78,D,0
36.69819,40.34314,352.47,0.58,0.52,2024-06-13,1054,N,VIIRS,n,2,321.41,38.43,D,0
36.7018,39.1021,343.71,0.49,0.49,2024-06-13,1054,N,VIIRS,n,2,310.05,4.02,D,0
36.70267,39.10497,349.33,0.5,0.49,2024-06-13,1054,N,VIIRS,n,2,311.15,7.02,D,0
36.71095,38.13665,349.78,0.44,0.46,2024-06-13,1054,N,VIIRS,n,2,315.97,19.56,D,0
36.71201,38.9968,344.37,0.49,0.48,2024-06-13,1054,N,VIIRS,n,2,312.86,15.23,D,0
36.75686,38.88478,345.31,0.48,0.48,2024-06-13,1054,N,VIIRS,n,2,313.28,8.41,D,0
36.76111,40.22868,351.32,0.57,0.52,2024-06-13,1054,N,VIIRS,n,2,320.85,14.16,D,0
36.77463,38.93266,344.38,0.49,0.48,2024-06-13,1054,N,VIIRS,n,2,313.49,7.01,D,0
36.77489,39.42594,344.84,0.52,0.5,2024-06-13,1054,N,VIIRS,n,2,316.26,11.19,D,0
36.77536,39.43184,345.22,0.52,0.5,2024-06-13,1054,N,VIIRS,n,2,315.06,11.19,D,0
36.77694,43.32227,352.41,0.42,0.61,2024-06-13,1054,N,VIIRS,n,2,308.42,6.41,D,2
36.77717,43.32666,337.38,0.42,0.61,2024-06-13,1054,N,VIIRS,n,2,306.96,7.17,D,2
36.7775,43.32273,367.0,0.43,0.62,2024-06-13,1054,N,VIIRS,h,2,308.77,6.31,D,2
36.77901,39.41943,344.06,0.52,0.5,2024-06-13,1054,N,VIIRS,n,2,314.02,4.98,D,0
36.77911,38.93205,345.76,0.49,0.48,2024-06-13,1054,N,VIIRS,n,2,314.19,4.87,D,0
36.7795,39.42534,348.19,0.52,0.5,2024-06-13,1054,N,VIIRS,n,2,318.56,11.19,D,0
36.78753,38.04778,367.0,0.44,0.46,2024-06-13,1054,N,VIIRS,h,2,322.2,51.43,D,0
36.79057,42.20745,351.02,0.37,0.58,2024-06-13,1054,N,VIIRS,n,2,315.78,8.76,D,0
36.79134,38.04231,349.05,0.44,0.46,2024-06-13,1054,N,VIIRS,n,2,320.38,23.73,D,0
36.7994,38.98893,348.16,0.49,0.49,2024-06-13,1054,N,VIIRS,n,2,317.26,16.86,D,0
36.80246,38.9908,354.49,0.49,0.49,2024-06-13,1054,N,VIIRS,n,2,313.93,14.42,D,0
36.81428,39.00391,353.53,0.49,0.49,2024-06-13,1054,N,VIIRS,n,2,312.35,8.41,D,0
36.82329,39.00274,345.71,0.49,0.49,2024-06-13,1054,N,VIIRS,n,2,314.29,6.51,D,0
36.82375,39.00831,344.66,0.49,0.49,2024-06-13,1054,N,VIIRS,n,2,312.47,7.14,D,0
36.82779,39.00215,353.56,0.49,0.49,2024-06-13,1054,N,VIIRS,n,2,318.38,20.47,D,0
36.82826,39.00772,344.65,0.49,0.49,2024-06-13,1054,N,VIIRS,n,2,313.14,33.65,D,0
36.8323,39.00158,347.93,0.49,0.49,2024-06-13,1054,N,VIIRS,n,2,315.79,20.47,D,0
36.83276,39.00714,355.61,0.49,0.49,2024-06-13,1054,N,VIIRS,n,2,320.89,33.65,D,0
36.83384,39.07492,341.43,0.5,0.49,2024-06-13,1054,N,VIIRS,n,2,315.79,79.54,D,0
36.83727,39.00657,352.17,0.49,0.49,2024-06-13,1054,N,VIIRS,n,2,318.48,43.71,D,0
36.83836,39.07435,367.0,0.5,0.49,2024-06-13,1054,N,VIIRS,h,2,347.37,79.54,D,0
36.83883,39.07996,348.48,0.5,0.49,2024-06-13,1054,N,VIIRS,n,2,312.69,79.54,D,0
36.84084,38.99483,354.84,0.49,0.49,2024-06-13,1054,N,VIIRS,n,2,316.0,27.58,D,0
36.84288,39.07377,349.85,0.5,0.49,2024-06-13,1054,N,VIIRS,n,2,313.29,11.52,D,0
36.84534,38.99426,367.0,0.49,0.49,2024-06-13,1054,N,VIIRS,h,2,315.98,11.61,D,0
36.89037,38.98845,343.6,0.49,0.49,2024-06-13,1054,N,VIIRS,n,2,311.63,6.53,D,0
36.93578,42.12183,357.27,0.37,0.58,2024-06-13,1054,N,VIIRS,n,2,315.43,11.14,D,2
36.94408,42.17238,347.39,0.37,0.58,2024-06-13,1054,N,VIIRS,n,2,315.53,9.58,D,2
36.96424,41.87539,349.37,0.35,0.57,2024-06-13,1054,N,VIIRS,n,2,318.9,3.49,D,0
36.96449,41.87947,352.68,0.35,0.57,2024-06-13,1054,N,VIIRS,n,2,323.07,6.29,D,0
36.96474,41.88354,367.0,0.35,0.57,2024-06-13,1054,N,VIIRS,h,2,320.97,6.29,D,0
36.96955,41.87487,350.65,0.35,0.57,2024-06-13,1054,N,VIIRS,n,2,318.43,9.59,D,0
36.9698,41.87897,356.25,0.35,0.57,2024-06-13,1054,N,VIIRS,n,2,324.96,9.85,D,0
36.97005,41.88305,367.0,0.35,0.57,2024-06-13,1054,N,VIIRS,h,2,319.05,9.85,D,0
36.97028,39.00505,347.8,0.49,0.49,2024-06-13,1054,N,VIIRS,n,2,316.99,8.63,D,0
36.97536,41.88251,351.17,0.35,0.57,2024-06-13,1054,N,VIIRS,n,2,320.91,9.85,D,0
36.97862,39.04941,345.48,0.5,0.49,2024-06-13,1054,N,VIIRS,n,2,314.65,6.27,D,0
36.98067,41.88195,353.98,0.35,0.57,2024-06-13,1054,N,VIIRS,n,2,322.66,10.74,D,0
36.98118,41.89013,367.0,0.35,0.57,2024-06-13,1054,N,VIIRS,h,2,330.23,24.34,D,0
36.98143,41.8942,367.0,0.36,0.57,2024-06-13,1054,N,VIIRS,h,2,327.84,85.96,D,0
36.98314,39.04882,351.43,0.5,0.49,2024-06-13,1054,N,VIIRS,n,2,319.33,34.94,D,0
36.98624,41.88549,347.1,0.35,0.57,2024-06-13,1054,N,VIIRS,n,2,318.94,24.34,D,0
36.9865,41.88958,344.92,0.35,0.57,2024-06-13,1054,N,VIIRS,n,2,317.34,24.34,D,0
36.99007,39.07648,347.54,0.5,0.49,2024-06-13,1054,N,VIIRS,n,2,314.22,5.18,D,0
37.0006,40.15203,344.29,0.57,0.52,2024-06-13,1054,N,VIIRS,n,2,315.25,7.25,D,0
37.00386,40.15135,344.01,0.57,0.52,2024-06-13,1054,N,VIIRS,n,2,314.53,8.32,D,0
37.00433,40.15791,345.68,0.57,0.52,2024-06-13,1054,N,VIIRS,n,2,315.17,9.46,D,0
37.00542,40.1515,342.61,0.57,0.52,2024-06-13,1054,N,VIIRS,n,2,314.91,5.9,D,0
37.00594,40.15808,342.61,0.57,0.52,2024-06-13,1054,N,VIIRS,n,2,314.78,5.9,D,0
37.00999,39.1486,347.84,0.5,0.49,2024-06-13,1054,N,VIIRS,n,2,314.4,9.82,D,0
37.01088,41.60964,367.0,0.34,0.56,2024-06-13,1054,N,VIIRS,h,2,323.44,35.42,D,0
37.01611,41.60913,367.0,0.34,0.56,2024-06-13,1054,N,VIIRS,h,2,328.91,15.95,D,0
37.01635,41.61305,351.57,0.34,0.56,2024-06-13,1054,N,VIIRS,n,2,320.72,15.95,D,0
37.02869,39.15195,345.18,0.5,0.49,2024-06-13,1054,N,VIIRS,n,2,313.04,5.07,D,0
37.0687,41.6076,356.96,0.34,0.56,2024-06-13,1054,N,VIIRS,n,2,321.9,6.68,D,0
37.06895,41.61156,354.15,0.34,0.56,2024-06-13,1054,N,VIIRS,n,2,318.04,12.03,D,0
37.07393,41.60698,356.6,0.34,0.56,2024-06-13,1054,N,VIIRS,n,2,320.37,6.68,D,0
37.10014,40.53101,345.43,0.6,0.53,2024-06-13,1054,N,VIIRS,n,2,314.15,73.14,D,0
36.53336,33.2593,342.35,0.41,0.37,2024-06-13,1055,N,VIIRS,n,2,302.23,2.87,D,0
36.53617,33.25404,338.25,0.41,0.37,2024-06-13,1055,N,VIIRS,n,2,300.93,1.67,D,0
36.53677,33.25857,339.75,0.41,0.37,2024-06-13,1055,N,VIIRS,n,2,301.15,1.67,D,0
36.53738,33.26318,336.47,0.41,0.37,2024-06-13,1055,N,VIIRS,n,2,302.35,1.6,D,0
37.01968,38.97933,349.41,0.49,0.49,2024-06-13,1055,N,VIIRS,n,2,312.31,8.48,D,0
37.0289,39.14979,345.07,0.5,0.49,2024-06-13,1055,N,VIIRS,n,2,312.44,6.33,D,0
37.0943,39.1066,350.46,0.5,0.49,2024-06-13,1055,N,VIIRS,n,2,311.33,7.62,D,0
37.13469,38.87097,344.33,0.49,0.48,2024-06-13,1055,N,VIIRS,n,2,314.47,4.95,D,0
37.13918,38.87035,349.93,0.49,0.48,2024-06-13,1055,N,VIIRS,n,2,314.5,4.95,D,0
37.26011,39.97406,348.19,0.56,0.51,2024-06-13,1055,N,VIIRS,n,2,311.24,101.51,D,0
37.26488,39.97341,352.44,0.56,0.51,2024-06-13,1055,N,VIIRS,n,2,324.51,101.51,D,0
37.26966,39.97275,349.13,0.56,0.51,2024-06-13,1055,N,VIIRS,n,2,317.6,37.97,D,0
37.27394,39.96571,346.78,0.56,0.51,2024-06-13,1055,N,VIIRS,n,2,319.0,37.97,D,0
37.27443,39.97207,353.3,0.56,0.51,2024-06-13,1055,N,VIIRS,n,2,318.19,37.97,D,0
37.27557,38.90425,345.94,0.49,0.49,2024-06-13,1055,N,VIIRS,n,2,316.22,6.63,D,0
37.27606,38.91002,346.4,0.49,0.49,2024-06-13,1055,N,VIIRS,n,2,316.86,6.63,D,0
37.27921,39.97139,367.0,0.56,0.51,2024-06-13,1055,N,VIIRS,h,2,319.65,20.5,D,0
37.27971,39.97787,367.0,0.56,0.52,2024-06-13,1055,N,VIIRS,h,2,338.95,181.63,D,0
37.28021,39.98433,349.44,0.56,0.52,2024-06-13,1055,N,VIIRS,n,2,323.98,181.63,D,0
37.28349,39.96441,348.67,0.56,0.51,2024-06-13,1055,N,VIIRS,n,2,319.95,20.5,D,0
37.28477,39.91889,367.0,0.56,0.51,2024-06-13,1055,N,VIIRS,h,2,331.8,76.11,D,0
37.28498,39.98363,367.0,0.56,0.52,2024-06-13,1055,N,VIIRS,h,2,342.07,181.63,D,0
37.28519,39.92396,350.8,0.56,0.51,2024-06-13,1055,N,VIIRS,n,2,318.13,70.73,D,0
37.28527,39.92542,347.94,0.56,0.51,2024-06-13,1055,N,VIIRS,n,2,314.16,46.68,D,0
37.28549,39.99022,345.99,0.56,0.52,2024-06-13,1055,N,VIIRS,n,2,313.71,62.31,D,0
37.28795,39.9624,346.95,0.56,0.51,2024-06-13,1055,N,VIIRS,n,2,315.86,15.0,D,0
37.28827,39.96377,346.9,0.56,0.51,2024-06-13,1055,N,VIIRS,n,2,315.86,7.4,D,0
37.2884,39.96875,350.1,0.56,0.52,2024-06-13,1055,N,VIIRS,n,2,315.59,19.2,D,0
37.28876,39.97011,347.91,0.56,0.51,2024-06-13,1055,N,VIIRS,n,2,315.69,7.4,D,0
37.28902,39.91179,341.58,0.56,0.51,2024-06-13,1055,N,VIIRS,n,2,314.05,76.11,D,0
37.28925,39.97649,344.29,0.56,0.52,2024-06-13,1055,N,VIIRS,n,2,315.78,21.47,D,0
37.28933,39.98162,354.46,0.56,0.52,2024-06-13,1055,N,VIIRS,n,2,321.97,25.77,D,0
37.28976,39.98299,367.0,0.56,0.52,2024-06-13,1055,N,VIIRS,h,2,320.88,21.47,D,0
37.28979,39.98822,347.37,0.56,0.52,2024-06-13,1055,N,VIIRS,n,2,312.76,25.77,D,0
37.28996,39.92332,367.0,0.56,0.51,2024-06-13,1055,N,VIIRS,h,2,322.51,70.73,D,0
37.29004,39.92479,353.82,0.56,0.51,2024-06-13,1055,N,VIIRS,n,2,318.77,46.68,D,0
37.29411,39.98101,348.2,0.56,0.52,2024-06-13,1055,N,VIIRS,n,2,316.11,25.77,D,0
37.29425,39.91612,355.21,0.56,0.51,2024-06-13,1055,N,VIIRS,n,2,322.15,38.5,D,0
37.29429,39.91761,354.46,0.56,0.51,2024-06-13,1055,N,VIIRS,n,2,322.57,41.52,D,0
37.29455,39.9824,351.03,0.56,0.52,2024-06-13,1055,N,VIIRS,n,2,315.37,21.47,D,0
37.29472,39.92263,355.01,0.56,0.51,2024-06-13,1055,N,VIIRS,n,2,321.5,38.5,D,0
37.2948,39.92411,350.48,0.56,0.51,2024-06-13,1055,N,VIIRS,n,2,318.88,43.39,D,0
37.29842,39.97387,354.11,0.56,0.52,2024-06-13,1055,N,VIIRS,n,2,317.52,35.45,D,0
37.29855,39.90909,342.71,0.56,0.51,2024-06-13,1055,N,VIIRS,n,2,315.6,24.86,D,0
37.29882,39.97526,357.24,0.56,0.52,2024-06-13,1055,N,VIIRS,n,2,317.86,14.24,D,0
37.29889,39.98037,348.75,0.56,0.52,2024-06-13,1055,N,VIIRS,n,2,316.45,14.39,D,0
37.29902,39.91545,354.12,0.56,0.51,2024-06-13,1055,N,VIIRS,n,2,323.45,38.5,D,0
37.29905,39.91694,356.97,0.56,0.51,2024-06-13,1055,N,VIIRS,n,2,320.05,41.52,D,0
37.29932,39.98177,348.06,0.56,0.52,2024-06-13,1055,N,VIIRS,n,2,315.76,14.24,D,0
37.29948,39.92192,356.02,0.56,0.51,2024-06-13,1055,N,VIIRS,n,2,318.79,38.5,D,0
37.29956,39.92341,353.82,0.56,0.51,2024-06-13,1055,N,VIIRS,n,2,317.24,43.39,D,0
37.30228,39.96035,367.0,0.56,0.51,2024-06-13,1055,N,VIIRS,h,2,335.95,233.02,D,0
37.30274,39.9668,346.01,0.56,0.52,2024-06-13,1055,N,VIIRS,n,2,315.86,35.45,D,0
37.30331,39.90846,345.05,0.56,0.51,2024-06-13,1055,N,VIIRS,n,2,314.01,9.7,D,0
37.3036,39.97464,350.47,0.56,0.52,2024-06-13,1055,N,VIIRS,n,2,317.99,14.24,D,0
37.30378,39.91478,367.0,0.56,0.51,2024-06-13,1055,N,VIIRS,h,2,319.25,16.71,D,0
37.30381,39.91626,353.73,0.56,0.51,2024-06-13,1055,N,VIIRS,n,2,319.57,18.16,D,0
37.30415,39.98632,345.26,0.56,0.52,2024-06-13,1055,N,VIIRS,n,2,314.76,14.39,D,0
37.30424,39.92121,350.84,0.56,0.51,2024-06-13,1055,N,VIIRS,n,2,316.56,16.71,D,0
37.30432,39.92271,346.25,0.56,0.51,2024-06-13,1055,N,VIIRS,n,2,315.35,25.14,D,0
37.30462,39.98769,345.22,0.56,0.52,2024-06-13,1055,N,VIIRS,n,2,314.14,10.88,D,0
37.30705,39.95968,346.85,0.56,0.51,2024-06-13,1055,N,VIIRS,n,2,316.29,14.48,D,0
37.30736,39.96113,351.97,0.56,0.51,2024-06-13,1055,N,VIIRS,n,2,317.06,13.26,D,0
37.30752,39.96616,350.14,0.56,0.52,2024-06-13,1055,N,VIIRS,n,2,315.57,14.43,D,0
37.30787,39.96758,346.92,0.56,0.51,2024-06-13,1055,N,VIIRS,n,2,315.6,13.26,D,0
37.30854,39.91413,349.67,0.56,0.51,2024-06-13,1055,N,VIIRS,n,2,314.93,16.71,D,0
37.30857,39.91562,349.62,0.56,0.51,2024-06-13,1055,N,VIIRS,n,2,314.98,18.16,D,0
37.31229,39.9655,356.37,0.56,0.52,2024-06-13,1055,N,VIIRS,n,2,316.93,14.43,D,0
37.31264,39.96694,367.0,0.56,0.51,2024-06-13,1055,N,VIIRS,h,2,317.57,13.26,D,0
37.31372,39.98501,345.38,0.56,0.52,2024-06-13,1055,N,VIIRS,n,2,314.51,11.27,D,0
37.32759,39.97661,344.39,0.56,0.52,2024-06-13,1055,N,VIIRS,n,2,313.88,5.16,D,0
37.35991,35.89351,336.96,0.52,0.42,2024-06-13,1055,N,VIIRS,n,2,294.87,3.75,D,0
37.40643,41.80007,356.6,0.35,0.57,2024-06-13,1055,N,VIIRS,n,2,314.23,8.55,D,0
37.70358,29.05981,334.72,0.4,0.37,2024-06-13,1055,N,VIIRS,n,2,307.95,1.63,D,0
37.86471,41.22411,367.0,0.33,0.55,2024-06-13,1055,N,VIIRS,h,2,319.85,30.69,D,0
37.86494,41.22788,348.84,0.33,0.55,2024-06-13,1055,N,VIIRS,n,2,313.34,17.33,D,0
37.87011,41.22737,352.42,0.33,0.55,2024-06-13,1055,N,VIIRS,n,2,313.75,17.33,D,0
37.87503,41.22296,347.77,0.33,0.55,2024-06-13,1055,N,VIIRS,n,2,312.32,3.39,D,0
38.0434,40.58418,343.65,0.62,0.54,2024-06-13,1055,N,VIIRS,n,2,313.59,9.25,D,0
38.05289,40.57596,352.42,0.62,0.54,2024-06-13,1055,N,VIIRS,n,2,315.27,28.54,D,0
38.25156,38.06708,344.11,0.45,0.47,2024-06-13,1055,N,VIIRS,n,2,313.65,11.34,D,0
38.48842,27.25179,344.72,0.43,0.38,2024-06-13,1055,N,VIIRS,n,2,313.22,9.13,D,0
38.48974,27.25381,348.87,0.43,0.38,2024-06-13,1055,N,VIIRS,n,2,317.74,20.07,D,0
38.49279,27.256,340.64,0.43,0.38,2024-06-13,1055,N,VIIRS,n,2,315.49,28.92,D,0
38.49324,27.25309,346.61,0.43,0.38,2024-06-13,1055,N,VIIRS,n,2,315.19,20.07,D,0
38.54493,28.53259,367.0,0.4,0.37,2024-06-13,1055,N,VIIRS,h,2,341.96,86.36,D,0
38.54673,28.52261,356.37,0.4,0.37,2024-06-13,1055,N,VIIRS,n,2,322.4,12.27,D,0
38.5475,28.52714,351.59,0.4,0.37,2024-06-13,1055,N,VIIRS,n,2,323.4,86.36,D,0
40.44155,27.14081,341.26,0.41,0.37,2024-06-13,1056,N,VIIRS,n,2,313.11,7.79,D,2
40.98323,28.69035,338.76,0.39,0.36,2024-06-13,1056,N,VIIRS,n,2,307.08,1.5,D,0
41.24166,36.46461,342.47,0.41,0.45,2024-06-13,1056,N,VIIRS,n,2,306.28,3.58,D,2
41.56405,32.42968,341.04,0.43,0.38,2024-06-13,1056,N,VIIRS,n,2,315.74,4.26,D,0
41.91678,44.4151,297.92,0.45,0.39,2024-06-13,2313,N,VIIRS,n,2,287.63,0.52,N,0
38.27773,39.74438,307.38,0.38,0.36,2024-06-13,2314,N,VIIRS,n,2,294.98,0.72,N,2
38.66371,39.23203,303.24,0.38,0.36,2024-06-13,2314,N,VIIRS,n,2,292.04,0.62,N,2
38.85824,35.76539,299.68,0.45,0.39,2024-06-13,2314,N,VIIRS,n,2,288.95,0.7,N,0
39.4839,30.04268,304.53,0.58,0.52,2024-06-13,2314,N,VIIRS,n,2,289.1,1.51,N,2
39.4867,30.04197,302.24,0.58,0.52,2024-06-13,2314,N,VIIRS,n,2,289.64,0.79,N,2
39.8385,30.30112,304.77,0.56,0.52,2024-06-13,2314,N,VIIRS,n,2,290.33,1.85,N,2
39.94412,33.19319,303.91,0.4,0.44,2024-06-13,2314,N,VIIRS,n,2,290.2,0.76,N,2
39.94576,33.19162,306.52,0.4,0.44,2024-06-13,2314,N,VIIRS,n,2,291.26,1.31,N,2
39.96141,33.14256,302.59,0.4,0.45,2024-06-13,2314,N,VIIRS,n,2,289.54,0.7,N,2
40.04959,32.65108,301.46,0.43,0.46,2024-06-13,2314,N,VIIRS,n,2,283.09,1.26,N,2
40.41152,39.65994,300.05,0.38,0.36,2024-06-13,2314,N,VIIRS,n,2,286.04,0.44,N,0
40.57665,43.00604,296.93,0.42,0.38,2024-06-13,2314,N,VIIRS,n,2,282.19,0.5,N,0
40.7579,31.78461,301.71,0.48,0.48,2024-06-13,2314,N,VIIRS,n,2,289.19,0.78,N,2
40.76123,29.35992,304.88,0.32,0.55,2024-06-13,2314,N,VIIRS,n,2,291.68,0.44,N,2
41.01913,28.55371,319.3,0.36,0.57,2024-06-13,2314,N,VIIRS,n,2,292.54,2.14,N,2
41.05323,33.30206,304.18,0.41,0.45,2024-06-13,2314,N,VIIRS,n,2,289.44,0.43,N,0
41.17268,32.63341,310.4,0.44,0.46,2024-06-13,2314,N,VIIRS,n,2,291.78,1.19,N,2
41.17533,32.63311,319.59,0.44,0.46,2024-06-13,2314,N,VIIRS,n,2,293.79,2.69,N,2
41.17697,32.63405,312.15,0.44,0.46,2024-06-13,2314,N,VIIRS,n,2,294.21,1.19,N,2
41.24221,36.46448,333.18,0.45,0.39,2024-06-13,2314,N,VIIRS,n,2,294.03,4.32,N,2
41.26469,31.4278,312.27,0.51,0.49,2024-06-13,2314,N,VIIRS,n,2,288.88,2.81,N,2
41.26516,31.42159,309.05,0.51,0.49,2024-06-13,2314,N,VIIRS,n,2,289.49,2.67,N,2
41.26551,31.42825,309.55,0.51,0.49,2024-06-13,2314,N,VIIRS,n,2,288.87,2.05,N,2
41.26601,31.42205,313.21,0.51,0.49,2024-06-13,2314,N,VIIRS,n,2,289.85,2.05,N,2
35.52481,44.3442,335.32,0.56,0.43,2024-06-13,2315,N,VIIRS,n,2,299.26,8.5,N,2
35.52694,44.34628,323.71,0.56,0.43,2024-06-13,2315,N,VIIRS,n,2,299.28,4.43,N,2
35.52821,44.34027,339.52,0.56,0.43,2024-06-13,2315,N,VIIRS,n,2,300.15,6.04,N,2
35.52993,44.33935,332.91,0.56,0.43,2024-06-13,2315,N,VIIRS,n,2,301.5,8.5,N,2
35.53209,44.34143,332.62,0.56,0.43,2024-06-13,2315,N,VIIRS,n,2,300.29,6.04,N,2
35.53336,44.3354,328.94,0.56,0.43,2024-06-13,2315,N,VIIRS,n,2,299.35,6.04,N,2
35.53381,44.3405,314.32,0.56,0.43,2024-06-13,2315,N,VIIRS,n,2,298.5,4.69,N,2
35.53505,44.33445,329.68,0.56,0.43,2024-06-13,2315,N,VIIRS,n,2,299.1,5.22,N,2
35.54794,44.21075,311.0,0.55,0.43,2024-06-13,2315,N,VIIRS,n,2,293.35,3.46,N,0
35.54916,44.20477,334.35,0.55,0.43,2024-06-13,2315,N,VIIRS,n,2,296.07,3.46,N,0
35.62714,36.61101,318.31,0.4,0.37,2024-06-13,2315,N,VIIRS,n,2,298.33,2.1,N,0
35.62918,44.01171,321.68,0.54,0.42,2024-06-13,2315,N,VIIRS,n,2,298.18,4.18,N,2
35.63037,44.00592,330.21,0.54,0.42,2024-06-13,2315,N,VIIRS,n,2,299.95,6.39,N,2
35.66195,43.91074,328.19,0.53,0.42,2024-06-13,2315,N,VIIRS,n,2,297.86,3.42,N,0
35.66273,43.96615,338.68,0.53,0.42,2024-06-13,2315,N,VIIRS,n,2,301.17,10.06,N,2
35.66311,43.90498,308.88,0.53,0.42,2024-06-13,2315,N,VIIRS,n,2,296.73,3.47,N,0
35.67915,44.06438,312.82,0.54,0.42,2024-06-13,2315,N,VIIRS,n,2,298.97,3.87,N,2
35.68529,43.8749,328.89,0.53,0.42,2024-06-13,2315,N,VIIRS,n,2,305.51,39.27,N,2
35.72528,44.04144,343.29,0.54,0.42,2024-06-13,2315,N,VIIRS,n,2,301.89,16.43,N,2
35.72768,44.02981,311.46,0.54,0.42,2024-06-13,2315,N,VIIRS,n,2,298.96,2.45,N,2
35.73149,44.0309,325.17,0.54,0.42,2024-06-13,2315,N,VIIRS,n,2,299.82,2.45,N,2
35.73972,36.27551,346.76,0.41,0.37,2024-06-13,2315,N,VIIRS,n,2,302.11,8.26,N,0
35.74314,36.27617,309.61,0.41,0.37,2024-06-13,2315,N,VIIRS,n,2,299.37,2.35,N,0
35.77143,43.99344,319.98,0.53,0.42,2024-06-13,2315,N,VIIRS,n,2,299.3,4.15,N,2
35.83533,43.22014,311.68,0.49,0.4,2024-06-13,2315,N,VIIRS,n,2,299.53,2.88,N,0
35.84639,38.6443,310.31,0.38,0.36,2024-06-13,2315,N,VIIRS,n,2,295.83,1.92,N,0
35.87865,37.99574,302.26,0.39,0.36,2024-06-13,2315,N,VIIRS,n,2,286.75,0.54,N,0
35.8826,37.99224,303.32,0.39,0.36,2024-06-13,2315,N,VIIRS,n,2,283.15,0.9,N,0
35.88392,38.66634,314.67,0.38,0.36,2024-06-13,2315,N,VIIRS,n,2,294.09,1.14,N,0
35.88721,38.66713,318.83,0.38,0.36,2024-06-13,2315,N,VIIRS,n,2,295.43,1.8,N,0
35.89119,38.11115,324.43,0.39,0.36,2024-06-13,2315,N,VIIRS,n,2,292.18,3.01,N,0
35.91292,38.65569,315.98,0.38,0.36,2024-06-13,2315,N,VIIRS,n,2,289.43,1.17,N,0
35.91563,38.6544,301.62,0.38,0.36,2024-06-13,2315,N,VIIRS,n,2,288.15,0.26,N,0
35.92217,43.7906,313.98,0.52,0.41,2024-06-13,2315,N,VIIRS,n,2,296.65,2.99,N,2
35.92289,38.65173,304.53,0.38,0.36,2024-06-13,2315,N,VIIRS,n,2,290.52,0.61,N,0
35.92592,43.79169,310.7,0.52,0.41,2024-06-13,2315,N,VIIRS,n,2,296.51,2.4,N,2
35.95067,43.72768,311.98,0.52,0.41,2024-06-13,2315,N,VIIRS,n,2,297.05,2.61,N,2
35.95398,39.08067,319.5,0.38,0.36,2024-06-13,2315,N,VIIRS,n,2,293.26,2.35,N,0
35.95441,43.72878,315.09,0.52,0.41,2024-06-13,2315,N,VIIRS,n,2,297.15,2.57,N,2
35.96639,43.76812,308.72,0.52,0.41,2024-06-13,2315,N,VIIRS,n,2,298.53,2.32,N,2
35.96753,43.76242,309.43,0.52,0.41,2024-06-13,2315,N,VIIRS,n,2,298.67,2.32,N,2
35.97271,43.77628,311.62,0.52,0.41,2024-06-13,2315,N,VIIRS,n,2,297.97,2.94,N,2
35.97383,43.77058,316.27,0.52,0.41,2024-06-13,2315,N,VIIRS,n,2,298.1,4.2,N,2
35.98103,37.94677,303.92,0.39,0.36,2024-06-13,2315,N,VIIRS,n,2,272.41,0.56,N,0
35.98136,43.76809,318.48,0.52,0.41,2024-06-13,2315,N,VIIRS,n,2,299.65,3.98,N,2
35.98242,43.76731,317.0,0.52,0.41,2024-06-13,2315,N,VIIRS,n,2,299.25,4.25,N,2
35.99845,38.01252,318.51,0.39,0.36,2024-06-13,2315,N,VIIRS,n,2,291.93,2.45,N,0
35.99858,43.76151,310.08,0.52,0.41,2024-06-13,2315,N,VIIRS,n,2,297.46,2.44,N,2
36.00325,37.03331,320.48,0.4,0.37,2024-06-13,2315,N,VIIRS,n,2,294.24,1.29,N,0
36.01818,43.68425,331.44,0.51,0.41,2024-06-13,2315,N,VIIRS,n,2,299.15,4.2,N,2
36.01929,43.67871,321.84,0.51,0.41,2024-06-13,2315,N,VIIRS,n,2,297.62,4.2,N,2
36.0438,36.99208,311.71,0.4,0.37,2024-06-13,2315,N,VIIRS,n,2,294.4,2.57,N,0
36.04716,36.99281,340.6,0.4,0.37,2024-06-13,2315,N,VIIRS,n,2,296.48,2.57,N,0
36.08242,43.63913,306.64,0.51,0.41,2024-06-13,2315,N,VIIRS,n,2,295.85,1.07,N,0
36.08704,44.14201,331.13,0.53,0.42,2024-06-13,2315,N,VIIRS,n,2,298.59,5.25,N,0
36.09946,43.63254,308.22,0.51,0.41,2024-06-13,2315,N,VIIRS,n,2,295.72,0.63,N,0
36.10878,37.31657,307.0,0.39,0.36,2024-06-13,2315,N,VIIRS,n,2,292.83,0.68,N,0
36.12379,41.04349,306.85,0.41,0.37,2024-06-13,2315,N,VIIRS,n,2,296.83,0.67,N,2
36.12505,37.70711,309.95,0.39,0.36,2024-06-13,2315,N,VIIRS,n,2,288.61,1.04,N,0
36.1274,37.55163,307.58,0.39,0.36,2024-06-13,2315,N,VIIRS,n,2,293.02,0.58,N,0
36.13271,37.65543,302.32,0.39,0.36,2024-06-13,2315,N,VIIRS,n,2,276.7,0.46,N,0
36.13721,37.43743,326.47,0.39,0.36,2024-06-13,2315,N,VIIRS,n,2,295.32,1.81,N,0
36.13785,37.43308,321.53,0.39,0.36,2024-06-13,2315,N,VIIRS,n,2,293.93,2.41,N,0
36.14054,37.43816,317.66,0.39,0.36,2024-06-13,2315,N,VIIRS,n,2,294.32,0.71,N,0
36.14118,37.43382,305.74,0.39,0.36,2024-06-13,2315,N,VIIRS,n,2,293.46,0.68,N,0
36.14225,40.81812,328.82,0.41,0.37,2024-06-13,2315,N,VIIRS,n,2,295.22,2.14,N,2
36.14357,37.48814,306.27,0.39,0.36,2024-06-13,2315,N,VIIRS,n,2,293.47,0.65,N,0
36.16599,41.04528,309.72,0.41,0.37,2024-06-13,2315,N,VIIRS,n,2,296.8,0.74,N,0
36.16618,37.76871,310.9,0.39,0.36,2024-06-13,2315,N,VIIRS,n,2,274.46,0.95,N,0
36.18808,38.97591,316.26,0.38,0.36,2024-06-13,2315,N,VIIRS,n,2,295.44,1.8,N,0
36.1912,38.9749,323.35,0.38,0.36,2024-06-13,2315,N,VIIRS,n,2,295.67,2.5,N,0
36.19306,39.00618,308.36,0.38,0.36,2024-06-13,2315,N,VIIRS,n,2,294.33,1.92,N,0
36.25568,38.99932,331.77,0.38,0.36,2024-06-13,2315,N,VIIRS,n,2,295.94,3.2,N,0
36.26212,33.72914,320.54,0.52,0.41,2024-06-13,2315,N,VIIRS,n,2,300.51,5.11,N,2
36.26389,33.72753,327.52,0.52,0.41,2024-06-13,2315,N,VIIRS,n,2,302.0,6.08,N,2
36.26593,33.72985,312.92,0.52,0.41,2024-06-13,2315,N,VIIRS,n,2,299.39,3.54,N,2
36.27511,38.8983,309.02,0.38,0.36,2024-06-13,2315,N,VIIRS,n,2,296.86,2.6,N,0
36.32584,36.39792,306.74,0.41,0.37,2024-06-13,2315,N,VIIRS,n,2,296.65,1.47,N,0
36.34253,39.04931,304.08,0.38,0.36,2024-06-13,2315,N,VIIRS,n,2,288.84,0.84,N,0
36.35512,43.78529,307.32,0.51,0.41,2024-06-13,2315,N,VIIRS,n,2,295.87,1.63,N,0
36.40008,38.98822,305.91,0.38,0.36,2024-06-13,2315,N,VIIRS,n,2,292.49,0.63,N,0
36.40076,38.98405,309.89,0.38,0.36,2024-06-13,2315,N,VIIRS,n,2,291.57,0.73,N,0
36.42362,37.23997,300.09,0.4,0.37,2024-06-13,2315,N,VIIRS,n,2,285.76,0.4,N,0
36.44059,42.92915,309.02,0.47,0.4,2024-06-13,2315,N,VIIRS,n,2,297.66,2.52,N,2
36.45824,41.28129,308.79,0.41,0.37,2024-06-13,2315,N,VIIRS,n,2,293.28,0.95,N,2
36.60379,36.47771,331.32,0.41,0.37,2024-06-13,2315,N,VIIRS,n,2,296.4,2.44,N,0
36.67266,38.56874,343.92,0.38,0.36,2024-06-13,2315,N,VIIRS,n,2,297.85,6.72,N,0
36.67595,38.56953,332.2,0.38,0.36,2024-06-13,2315,N,VIIRS,n,2,298.18,2.94,N,0
36.67925,38.57031,318.04,0.38,0.36,2024-06-13,2315,N,VIIRS,n,2,296.33,2.94,N,0
36.68254,38.57109,318.11,0.38,0.36,2024-06-13,2315,N,VIIRS,n,2,295.72,1.72,N,0
36.68584,38.57187,318.18,0.38,0.36,2024-06-13,2315,N,VIIRS,n,2,296.07,1.72,N,0
36.68639,36.20723,308.15,0.42,0.38,2024-06-13,2315,N,VIIRS,n,2,297.95,2.03,N,2
36.6865,38.5676,318.68,0.38,0.36,2024-06-13,2315,N,VIIRS,n,2,296.28,1.72,N,0
36.68891,38.57071,310.26,0.38,0.36,2024-06-13,2315,N,VIIRS,n,2,295.39,1.78,N,0
36.69759,39.46206,323.85,0.39,0.36,2024-06-13,2315,N,VIIRS,n,2,293.93,3.19,N,0
36.69828,39.45778,345.77,0.39,0.36,2024-06-13,2315,N,VIIRS,n,2,295.44,2.67,N,0
36.6988,39.47572,335.29,0.39,0.36,2024-06-13,2315,N,VIIRS,n,2,288.03,5.25,N,0
36.69897,39.4535,314.18,0.39,0.36,2024-06-13,2315,N,VIIRS,n,2,294.16,2.67,N,0
36.69949,39.47144,350.38,0.39,0.36,2024-06-13,2315,N,VIIRS,n,2,292.86,5.25,N,0
36.69967,39.44923,344.75,0.39,0.36,2024-06-13,2315,N,VIIRS,n,2,298.67,6.33,N,0
36.70019,39.46716,323.76,0.39,0.36,2024-06-13,2315,N,VIIRS,n,2,291.55,3.19,N,0
36.70036,39.44495,352.56,0.39,0.36,2024-06-13,2315,N,VIIRS,n,2,297.6,6.33,N,0
36.70088,39.46288,338.73,0.39,0.36,2024-06-13,2315,N,VIIRS,n,2,293.64,3.19,N,0
36.70105,39.44067,309.54,0.39,0.36,2024-06-13,2315,N,VIIRS,n,2,294.93,1.9,N,0
36.70157,39.4586,333.1,0.39,0.36,2024-06-13,2315,N,VIIRS,n,2,293.43,2.67,N,0
36.70227,39.45433,314.82,0.39,0.36,2024-06-13,2315,N,VIIRS,n,2,293.28,2.67,N,0
36.70678,39.13322,329.68,0.38,0.36,2024-06-13,2315,N,VIIRS,n,2,288.74,4.34,N,0
36.71677,36.20086,334.07,0.42,0.38,2024-06-13,2315,N,VIIRS,n,2,297.01,3.43,N,2
36.72023,36.20156,319.98,0.42,0.38,2024-06-13,2315,N,VIIRS,n,2,297.07,3.43,N,2
36.72934,36.21316,309.83,0.42,0.38,2024-06-13,2315,N,VIIRS,n,2,298.38,1.46,N,2
36.72997,36.20842,314.05,0.42,0.38,2024-06-13,2315,N,VIIRS,n,2,298.49,1.46,N,2
36.73343,36.20914,311.46,0.42,0.38,2024-06-13,2315,N,VIIRS,n,2,298.45,1.46,N,2
36.74033,36.21059,326.86,0.42,0.38,2024-06-13,2315,N,VIIRS,n,2,299.84,4.0,N,2
36.74504,36.20185,334.85,0.42,0.38,2024-06-13,2315,N,VIIRS,n,2,297.28,4.04,N,2
36.74573,43.5004,310.91,0.49,0.4,2024-06-13,2315,N,VIIRS,n,2,298.11,2.98,N,2
36.75484,38.99657,325.94,0.38,0.36,2024-06-13,2315,N,VIIRS,n,2,294.05,2.19,N,0
36.75551,38.9923,329.69,0.38,0.36,2024-06-13,2315,N,VIIRS,n,2,298.22,6.77,N,0
36.75618,38.98803,310.6,0.38,0.36,2024-06-13,2315,N,VIIRS,n,2,294.1,6.77,N,0
36.7588,38.99311,323.58,0.38,0.36,2024-06-13,2315,N,VIIRS,n,2,293.48,1.4,N,0
36.75948,38.98883,316.37,0.38,0.36,2024-06-13,2315,N,VIIRS,n,2,292.3,1.4,N,0
36.76194,39.03825,302.61,0.38,0.36,2024-06-13,2315,N,VIIRS,n,2,291.69,6.46,N,0
36.76261,39.03397,334.43,0.38,0.36,2024-06-13,2315,N,VIIRS,n,2,299.88,6.46,N,0
36.7659,39.03478,332.63,0.38,0.36,2024-06-13,2315,N,VIIRS,n,2,294.79,3.0,N,0
36.77613,43.32604,330.9,0.48,0.4,2024-06-13,2315,N,VIIRS,n,2,299.48,5.15,N,2
36.78025,36.20426,314.43,0.42,0.38,2024-06-13,2315,N,VIIRS,n,2,299.65,3.13,N,3
36.79932,38.04461,317.55,0.39,0.36,2024-06-13,2315,N,VIIRS,n,2,296.5,1.77,N,0
36.80175,39.13224,342.48,0.38,0.36,2024-06-13,2315,N,VIIRS,n,2,294.82,6.66,N,0
36.80504,39.13305,333.95,0.38,0.36,2024-06-13,2315,N,VIIRS,n,2,298.42,5.95,N,0
36.80571,39.12877,327.85,0.38,0.36,2024-06-13,2315,N,VIIRS,n,2,293.16,4.57,N,0
36.81025,41.9309,325.45,0.43,0.38,2024-06-13,2315,N,VIIRS,n,2,297.02,2.12,N,0
36.81282,41.93662,321.24,0.43,0.38,2024-06-13,2315,N,VIIRS,n,2,296.53,2.12,N,0
36.81369,41.93187,318.69,0.43,0.38,2024-06-13,2315,N,VIIRS,n,2,296.04,2.12,N,0
36.81466,38.78929,303.79,0.38,0.36,2024-06-13,2315,N,VIIRS,n,2,279.51,1.0,N,0
36.81714,41.93284,322.14,0.43,0.38,2024-06-13,2315,N,VIIRS,n,2,296.93,2.37,N,0
36.81728,38.79435,337.65,0.38,0.36,2024-06-13,2315,N,VIIRS,n,2,275.74,4.63,N,0
36.81795,38.79008,352.55,0.38,0.36,2024-06-13,2315,N,VIIRS,n,2,283.77,4.63,N,0
36.82699,40.39294,306.81,0.39,0.37,2024-06-13,2315,N,VIIRS,n,2,294.81,0.74,N,0
36.82783,39.15898,330.62,0.38,0.36,2024-06-13,2315,N,VIIRS,n,2,291.81,2.56,N,0
36.84635,39.86309,317.88,0.39,0.36,2024-06-13,2315,N,VIIRS,n,2,287.39,1.57,N,0
36.84706,39.85878,332.38,0.39,0.36,2024-06-13,2315,N,VIIRS,n,2,289.03,3.47,N,0
36.84965,39.86393,318.69,0.39,0.36,2024-06-13,2315,N,VIIRS,n,2,289.6,1.38,N,0
36.85036,39.85962,319.44,0.39,0.36,2024-06-13,2315,N,VIIRS,n,2,289.11,2.37,N,0
36.85107,39.8553,319.94,0.39,0.36,2024-06-13,2315,N,VIIRS,n,2,286.32,2.37,N,0
36.85295,39.86477,314.97,0.39,0.36,2024-06-13,2315,N,VIIRS,n,2,290.94,1.38,N,0
36.85366,39.86046,334.34,0.39,0.36,2024-06-13,2315,N,VIIRS,n,2,290.34,2.37,N,0
36.85437,39.85614,340.58,0.39,0.36,2024-06-13,2315,N,VIIRS,n,2,289.14,2.37,N,0
36.85509,39.85183,307.84,0.39,0.36,2024-06-13,2315,N,VIIRS,n,2,285.52,1.13,N,0
36.85625,39.86561,321.44,0.39,0.36,2024-06-13,2315,N,VIIRS,n,2,291.38,1.68,N,0
36.85696,39.86129,334.75,0.39,0.36,2024-06-13,2315,N,VIIRS,n,2,290.1,2.25,N,0
36.85767,39.85698,314.57,0.39,0.36,2024-06-13,2315,N,VIIRS,n,2,287.74,2.25,N,0
36.85839,39.85267,319.34,0.39,0.36,2024-06-13,2315,N,VIIRS,n,2,286.52,1.63,N,0
36.86015,39.14915,333.0,0.38,0.36,2024-06-13,2315,N,VIIRS,n,2,294.74,3.61,N,0
36.86344,39.14996,313.83,0.38,0.36,2024-06-13,2315,N,VIIRS,n,2,294.19,1.65,N,0
36.86574,39.07062,309.27,0.38,0.36,2024-06-13,2315,N,VIIRS,n,2,291.19,1.21,N,0
36.86642,39.06634,317.34,0.38,0.36,2024-06-13,2315,N,VIIRS,n,2,292.75,1.21,N,0
36.86889,34.7609,313.02,0.47,0.4,2024-06-13,2315,N,VIIRS,n,2,297.25,2.04,N,2
36.86903,39.07143,303.42,0.38,0.36,2024-06-13,2315,N,VIIRS,n,2,290.66,1.17,N,0
36.86913,43.48906,318.16,0.49,0.4,2024-06-13,2315,N,VIIRS,n,2,295.64,2.87,N,2
36.87038,39.06287,340.05,0.38,0.36,2024-06-13,2315,N,VIIRS,n,2,295.25,8.55,N,0
36.88817,38.84067,315.63,0.38,0.36,2024-06-13,2315,N,VIIRS,n,2,293.63,2.11,N,0
36.89064,40.25238,308.54,0.39,0.36,2024-06-13,2315,N,VIIRS,n,2,294.82,1.3,N,0
36.89187,43.43174,320.98,0.48,0.4,2024-06-13,2315,N,VIIRS,n,2,293.89,1.7,N,2
36.89393,38.91308,313.68,0.38,0.36,2024-06-13,2315,N,VIIRS,n,2,297.69,1.07,N,0
36.89396,40.25324,312.8,0.39,0.36,2024-06-13,2315,N,VIIRS,n,2,295.41,1.36,N,0
36.89722,38.91388,307.72,0.38,0.36,2024-06-13,2315,N,VIIRS,n,2,297.29,1.07,N,0
36.89729,40.37724,309.58,0.39,0.36,2024-06-13,2315,N,VIIRS,n,2,293.73,0.63,N,0
36.89857,39.10082,303.37,0.38,0.36,2024-06-13,2315,N,VIIRS,n,2,287.09,0.95,N,0
36.90061,40.37811,318.56,0.39,0.36,2024-06-13,2315,N,VIIRS,n,2,293.93,1.19,N,0
36.90186,39.10162,328.63,0.38,0.36,2024-06-13,2315,N,VIIRS,n,2,286.97,0.95,N,0
36.90748,43.39098,333.62,0.48,0.4,2024-06-13,2315,N,VIIRS,n,2,294.73,4.85,N,2
36.91528,39.03829,303.91,0.38,0.36,2024-06-13,2315,N,VIIRS,n,2,293.26,0.71,N,0
36.91549,41.89362,309.12,0.43,0.38,2024-06-13,2315,N,VIIRS,n,2,295.76,0.53,N,2
36.93471,30.64769,310.76,0.5,0.49,2024-06-13,2315,N,VIIRS,n,2,298.1,2.42,N,2
36.93743,42.12999,310.84,0.43,0.38,2024-06-13,2315,N,VIIRS,n,2,297.82,1.36,N,2
36.93919,42.1204,305.74,0.43,0.38,2024-06-13,2315,N,VIIRS,n,2,294.9,0.65,N,2
36.94075,42.17159,330.14,0.43,0.38,2024-06-13,2315,N,VIIRS,n,2,296.71,3.2,N,2
36.94699,39.81035,314.48,0.39,0.36,2024-06-13,2315,N,VIIRS,n,2,294.7,1.52,N,0
36.94781,42.13297,332.27,0.43,0.38,2024-06-13,2315,N,VIIRS,n,2,301.37,7.57,N,2
36.96431,42.08234,315.02,0.43,0.38,2024-06-13,2315,N,VIIRS,n,2,297.39,1.61,N,2
36.96435,35.45464,307.3,0.45,0.39,2024-06-13,2315,N,VIIRS,n,2,296.83,1.02,N,0
36.9815,41.27658,313.12,0.41,0.37,2024-06-13,2315,N,VIIRS,n,2,296.63,1.75,N,0
36.98488,41.27752,333.91,0.41,0.37,2024-06-13,2315,N,VIIRS,n,2,297.0,3.71,N,0
36.99088,42.00169,329.09,0.43,0.38,2024-06-13,2315,N,VIIRS,n,2,297.5,2.93,N,2
36.99704,41.56295,326.7,0.42,0.37,2024-06-13,2315,N,VIIRS,n,2,297.24,2.55,N,2
37.02531,42.26889,308.94,0.44,0.38,2024-06-13,2315,N,VIIRS,n,2,297.24,1.38,N,2
37.02987,40.483,314.65,0.39,0.37,2024-06-13,2315,N,VIIRS,n,2,293.13,1.15,N,0
37.03109,40.48577,308.0,0.39,0.37,2024-06-13,2315,N,VIIRS,n,2,292.64,0.79,N,0
37.03516,40.48225,313.75,0.39,0.37,2024-06-13,2315,N,VIIRS,n,2,291.79,1.48,N,0
37.08143,39.12473,305.65,0.38,0.36,2024-06-13,2315,N,VIIRS,n,2,293.25,0.33,N,0
37.10631,38.98822,340.81,0.38,0.36,2024-06-13,2315,N,VIIRS,n,2,297.84,6.71,N,0
37.1096,38.98903,345.47,0.38,0.36,2024-06-13,2315,N,VIIRS,n,2,298.99,6.71,N,0
37.11746,39.00432,354.01,0.38,0.36,2024-06-13,2315,N,VIIRS,n,2,305.01,8.64,N,0
37.11813,39.00003,352.59,0.38,0.36,2024-06-13,2315,N,VIIRS,n,2,304.0,8.64,N,0
37.1188,38.99573,330.11,0.38,0.36,2024-06-13,2315,N,VIIRS,n,2,296.53,6.04,N,0
37.12075,39.00512,335.83,0.38,0.36,2024-06-13,2315,N,VIIRS,n,2,299.85,8.64,N,0
37.12595,40.52004,327.33,0.39,0.37,2024-06-13,2315,N,VIIRS,n,2,296.17,2.75,N,0
37.1264,38.85952,341.77,0.38,0.36,2024-06-13,2315,N,VIIRS,n,2,295.88,3.01,N,0
37.12969,38.86032,321.75,0.38,0.36,2024-06-13,2315,N,VIIRS,n,2,294.81,3.01,N,0
37.14286,38.86352,325.62,0.38,0.36,2024-06-13,2315,N,VIIRS,n,2,295.71,2.3,N,0
37.23859,39.73665,308.85,0.39,0.36,2024-06-13,2315,N,VIIRS,n,2,293.68,0.85,N,0
37.24188,39.73748,307.01,0.39,0.36,2024-06-13,2315,N,VIIRS,n,2,293.84,0.85,N,0
37.25285,40.26805,324.51,0.39,0.36,2024-06-13,2315,N,VIIRS,n,2,298.06,2.88,N,0
37.27303,42.29058,309.36,0.43,0.38,2024-06-13,2315,N,VIIRS,n,2,297.63,1.76,N,0
37.27924,39.9844,326.13,0.39,0.36,2024-06-13,2315,N,VIIRS,n,2,296.42,1.8,N,0
37.28067,39.97572,309.04,0.39,0.36,2024-06-13,2315,N,VIIRS,n,2,295.99,0.41,N,0
37.29383,37.15658,316.67,0.4,0.37,2024-06-13,2315,N,VIIRS,n,2,291.01,1.62,N,2
37.29716,39.97995,312.93,0.39,0.36,2024-06-13,2315,N,VIIRS,n,2,295.28,0.56,N,0
37.29787,39.97561,330.59,0.39,0.36,2024-06-13,2315,N,VIIRS,n,2,296.52,2.49,N,0
37.30058,37.15809,311.17,0.4,0.37,2024-06-13,2315,N,VIIRS,n,2,287.94,1.01,N,2
37.33897,40.80116,319.14,0.4,0.37,2024-06-13,2315,N,VIIRS,n,2,297.53,2.16,N,2
37.3526,37.16244,312.55,0.4,0.37,2024-06-13,2315,N,VIIRS,n,2,296.35,1.69,N,2
37.42655,38.24629,318.09,0.39,0.36,2024-06-13,2315,N,VIIRS,n,2,287.12,1.42,N,0
37.42986,38.24707,310.69,0.39,0.36,2024-06-13,2315,N,VIIRS,n,2,284.62,0.33,N,0
37.48472,36.91012,337.16,0.41,0.37,2024-06-13,2315,N,VIIRS,n,2,297.31,4.39,N,0
37.50565,39.63689,309.1,0.39,0.36,2024-06-13,2315,N,VIIRS,n,2,294.85,1.76,N,0
37.50635,39.63258,328.83,0.39,0.36,2024-06-13,2315,N,VIIRS,n,2,294.21,1.76,N,0
37.77067,27.43699,307.0,0.38,0.59,2024-06-13,2315,N,VIIRS,n,2,294.78,1.49,N,2
37.93964,32.53363,306.63,0.41,0.45,2024-06-13,2315,N,VIIRS,n,2,295.07,1.16,N,2
38.18029,29.67822,316.36,0.58,0.52,2024-06-13,2315,N,VIIRS,n,2,288.01,2.9,N,0
38.62193,27.59964,307.74,0.38,0.59,2024-06-13,2315,N,VIIRS,n,2,290.58,0.9,N,0
38.66035,30.61559,301.8,0.53,0.5,2024-06-13,2315,N,VIIRS,n,2,288.39,1.38,N,2
38.73706,26.94466,314.34,0.42,0.61,2024-06-13,2315,N,VIIRS,n,2,295.8,2.98,N,2
38.80159,26.93555,299.11,0.42,0.61,2024-06-13,2315,N,VIIRS,n,2,286.0,0.5,N,0
41.0229,28.55537,306.8,0.42,0.61,2024-06-14,54,N,VIIRS,n,2,290.83,0.82,N,2
41.17207,32.63078,300.36,0.64,0.72,2024-06-14,54,N,VIIRS,n,2,287.36,1.32,N,2
41.17379,32.63367,300.8,0.64,0.72,2024-06-14,54,N,VIIRS,n,2,287.93,1.6,N,2
41.255,31.41382,305.17,0.56,0.69,2024-06-14,54,N,VIIRS,n,2,288.92,0.82,N,2
38.65872,30.61792,298.76,0.62,0.71,2024-06-14,55,N,VIIRS,n,2,283.86,1.05,N,2
38.7382,26.9472,310.77,0.4,0.6,2024-06-14,55,N,VIIRS,n,2,295.42,3.16,N,2
38.75,26.94767,307.48,0.4,0.6,2024-06-14,55,N,VIIRS,n,2,293.0,1.8,N,2
39.48491,30.03837,299.11,0.55,0.68,2024-06-14,55,N,VIIRS,n,2,286.58,1.03,N,2
39.86595,26.24445,301.11,0.35,0.56,2024-06-14,55,N,VIIRS,n,2,275.18,0.55,N,2
40.44427,27.14144,309.27,0.37,0.58,2024-06-14,55,N,VIIRS,n,2,290.85,0.95,N,2
35.52382,44.34217,350.82,0.72,0.76,2024-06-14,855,N,VIIRS,n,2,312.36,12.96,D,2
35.52524,44.34254,367.0,0.72,0.76,2024-06-14,855,N,VIIRS,h,2,312.87,9.05,D,2
35.5305,44.3392,353.28,0.72,0.76,2024-06-14,855,N,VIIRS,n,2,312.26,11.58,D,2
35.53192,44.33955,355.3,0.72,0.76,2024-06-14,855,N,VIIRS,n,2,312.64,9.05,D,2
35.63026,44.00877,353.91,0.75,0.77,2024-06-14,855,N,VIIRS,n,2,312.76,6.98,D,2
35.65935,43.96325,351.44,0.75,0.77,2024-06-14,855,N,VIIRS,n,2,312.44,10.84,D,2
35.66332,43.96654,367.0,0.75,0.77,2024-06-14,855,N,VIIRS,h,2,313.56,16.45,D,2
35.68605,43.87664,367.0,0.75,0.77,2024-06-14,855,N,VIIRS,h,2,312.89,32.59,D,2
35.72386,44.04506,351.3,0.74,0.76,2024-06-14,855,N,VIIRS,n,2,312.44,9.22,D,2
35.7549,43.94794,367.0,0.75,0.77,2024-06-14,855,N,VIIRS,h,2,311.66,94.33,D,0
35.75804,43.94553,352.24,0.74,0.76,2024-06-14,855,N,VIIRS,n,2,315.81,48.88,D,0
35.76063,43.95364,353.47,0.74,0.76,2024-06-14,855,N,VIIRS,n,2,309.14,48.77,D,0
35.76422,43.95307,367.0,0.74,0.76,2024-06-14,855,N,VIIRS,h,2,310.83,94.33,D,0
35.76481,43.94253,352.47,0.74,0.76,2024-06-14,855,N,VIIRS,n,2,312.26,48.88,D,0
35.7674,43.95066,367.0,0.74,0.76,2024-06-14,855,N,VIIRS,h,2,311.35,48.77,D,0
35.76843,43.9419,336.76,0.75,0.77,2024-06-14,855,N,VIIRS,n,2,309.51,8.74,D,0
35.79403,44.29247,367.0,0.71,0.75,2024-06-14,855,N,VIIRS,h,2,313.04,15.16,D,0
36.01578,43.68256,343.94,0.76,0.77,2024-06-14,855,N,VIIRS,n,2,311.36,8.99,D,2
36.77835,43.3288,347.49,0.75,0.77,2024-06-14,855,N,VIIRS,n,2,305.08,10.73,D,2
36.90634,43.38978,338.14,0.74,0.76,2024-06-14,855,N,VIIRS,n,2,300.33,9.82,D,2
36.90836,43.38233,331.33,0.74,0.76,2024-06-14,855,N,VIIRS,n,2,298.72,6.88,D,2
37.22228,42.52305,339.06,0.8,0.78,2024-06-14,855,N,VIIRS,n,2,311.62,7.23,D,0
37.22269,42.51764,348.26,0.8,0.78,2024-06-14,855,N,VIIRS,n,2,310.65,14.49,D,0
37.22923,42.51997,345.25,0.8,0.78,2024-06-14,855,N,VIIRS,n,2,310.05,8.79,D,0
40.13083,44.43017,331.02,0.53,0.67,2024-06-14,856,N,VIIRS,n,2,302.75,2.88,D,0
41.03023,43.76521,328.07,0.54,0.68,2024-06-14,856,N,VIIRS,n,2,292.59,4.29,D,0
41.03241,43.76614,326.26,0.54,0.68,2024-06-14,856,N,VIIRS,n,2,291.7,3.62,D,0
35.52811,44.34446,367.0,0.51,0.49,2024-06-14,1035,N,VIIRS,h,2,323.76,15.32,D,2
35.5322,44.33822,347.15,0.51,0.49,2024-06-14,1035,N,VIIRS,n,2,321.9,7.46,D,2
35.72741,44.0423,354.32,0.49,0.49,2024-06-14,1035,N,VIIRS,n,2,322.4,28.8,D,2
35.73508,43.95582,354.84,0.49,0.48,2024-06-14,1035,N,VIIRS,n,2,322.5,34.98,D,0
35.73818,43.93881,355.9,0.49,0.48,2024-06-14,1035,N,VIIRS,n,2,321.99,6.36,D,0
35.73911,43.94974,346.2,0.49,0.48,2024-06-14,1035,N,VIIRS,n,2,319.85,34.98,D,0
35.74313,43.94366,351.14,0.49,0.48,2024-06-14,1035,N,VIIRS,n,2,322.51,11.43,D,0
35.7436,43.94912,367.0,0.49,0.48,2024-06-14,1035,N,VIIRS,h,2,323.62,42.63,D,0
35.93353,39.13493,347.05,0.44,0.38,2024-06-14,1035,N,VIIRS,n,2,318.5,8.6,D,0
36.13662,37.42188,349.64,0.4,0.37,2024-06-14,1035,N,VIIRS,n,2,319.38,23.28,D,0
36.17163,37.51984,353.05,0.4,0.37,2024-06-14,1035,N,VIIRS,n,2,320.24,4.35,D,0
36.77771,43.32463,351.51,0.46,0.47,2024-06-14,1035,N,VIIRS,n,2,316.5,12.47,D,2
36.82937,41.75705,367.0,0.39,0.44,2024-06-14,1035,N,VIIRS,h,2,326.67,17.03,D,0
36.83295,41.75206,355.3,0.39,0.44,2024-06-14,1035,N,VIIRS,n,2,329.07,12.01,D,0
36.83339,41.7564,356.29,0.39,0.44,2024-06-14,1035,N,VIIRS,n,2,324.63,12.01,D,0
36.83614,42.84687,353.75,0.44,0.46,2024-06-14,1035,N,VIIRS,n,2,319.52,20.05,D,0
36.83742,41.75578,354.38,0.39,0.44,2024-06-14,1035,N,VIIRS,n,2,325.08,12.01,D,0
36.84042,42.84624,367.0,0.44,0.46,2024-06-14,1035,N,VIIRS,h,2,319.36,20.2,D,0
36.84087,42.85114,356.75,0.44,0.46,2024-06-14,1035,N,VIIRS,n,2,325.83,38.18,D,0
36.84906,41.74953,367.0,0.39,0.44,2024-06-14,1035,N,VIIRS,h,2,353.41,79.79,D,0
36.85307,41.74889,350.57,0.39,0.44,2024-06-14,1035,N,VIIRS,n,2,324.17,79.79,D,0
36.8808,42.81524,367.0,0.44,0.46,2024-06-14,1035,N,VIIRS,h,2,323.09,16.25,D,0
36.88459,42.80963,349.67,0.44,0.46,2024-06-14,1035,N,VIIRS,n,2,322.45,13.32,D,0
36.88885,42.80896,353.64,0.44,0.46,2024-06-14,1035,N,VIIRS,n,2,327.35,51.77,D,0
36.90758,43.3936,342.94,0.47,0.48,2024-06-14,1035,N,VIIRS,n,2,309.56,5.27,D,2
36.95336,41.84983,353.79,0.39,0.44,2024-06-14,1035,N,VIIRS,n,2,327.39,2.27,D,0
36.99343,41.92022,354.85,0.39,0.44,2024-06-14,1035,N,VIIRS,n,2,325.72,6.2,D,0
36.733,39.02118,367.0,0.44,0.38,2024-06-14,1036,N,VIIRS,h,2,342.19,80.29,D,0
36.73593,39.01556,346.96,0.44,0.38,2024-06-14,1036,N,VIIRS,n,2,317.12,53.07,D,0
36.73654,39.0205,344.88,0.44,0.38,2024-06-14,1036,N,VIIRS,n,2,317.59,80.29,D,0
36.82784,39.09657,348.94,0.44,0.39,2024-06-14,1036,N,VIIRS,n,2,321.08,13.35,D,0
36.83139,39.0959,344.62,0.44,0.39,2024-06-14,1036,N,VIIRS,n,2,315.13,13.35,D,0
36.83434,39.09024,349.99,0.44,0.39,2024-06-14,1036,N,VIIRS,n,2,318.47,15.78,D,0
36.85962,39.4214,350.21,0.46,0.39,2024-06-14,1036,N,VIIRS,n,2,319.76,7.76,D,0
36.92945,38.42021,350.8,0.42,0.38,2024-06-14,1036,N,VIIRS,n,2,319.13,30.45,D,0
36.9569,39.0335,351.02,0.44,0.39,2024-06-14,1036,N,VIIRS,n,2,317.78,18.94,D,0
37.03397,39.144,350.28,0.45,0.39,2024-06-14,1036,N,VIIRS,n,2,322.21,11.67,D,0
37.05358,36.67111,352.17,0.39,0.36,2024-06-14,1036,N,VIIRS,n,2,317.98,22.27,D,0
37.08244,38.97561,350.72,0.44,0.39,2024-06-14,1036,N,VIIRS,n,2,320.43,39.78,D,0
37.12092,27.73157,340.42,0.46,0.47,2024-06-14,1036,N,VIIRS,n,2,305.77,92.38,D,0
37.23145,42.5204,367.0,0.43,0.46,2024-06-14,1036,N,VIIRS,h,2,320.77,15.5,D,0
37.33329,28.73242,355.96,0.41,0.45,2024-06-14,1036,N,VIIRS,n,2,299.45,11.28,D,0
37.33428,28.73707,347.12,0.41,0.45,2024-06-14,1036,N,VIIRS,n,2,288.08,8.67,D,0
37.33731,28.73108,341.99,0.41,0.45,2024-06-14,1036,N,VIIRS,n,2,294.66,7.21,D,0
37.40038,40.92823,350.82,0.54,0.42,2024-06-14,1036,N,VIIRS,n,2,320.52,17.54,D,0
37.63837,38.15454,349.48,0.42,0.38,2024-06-14,1036,N,VIIRS,n,2,317.75,28.85,D,0
37.77884,28.87403,331.13,0.39,0.44,2024-06-14,1036,N,VIIRS,n,2,296.71,4.38,D,0
37.78063,28.88254,342.11,0.39,0.44,2024-06-14,1036,N,VIIRS,n,2,304.12,7.98,D,0
37.78147,28.88655,346.84,0.39,0.44,2024-06-14,1036,N,VIIRS,n,2,295.52,4.94,D,0
37.78161,28.86712,339.87,0.39,0.44,2024-06-14,1036,N,VIIRS,n,2,290.31,4.69,D,0
37.78225,28.89022,336.36,0.39,0.44,2024-06-14,1036,N,VIIRS,n,2,302.27,4.94,D,0
37.78256,28.87161,344.27,0.39,0.44,2024-06-14,1036,N,VIIRS,n,2,285.24,4.69,D,0
37.7835,28.87609,351.51,0.39,0.44,2024-06-14,1036,N,VIIRS,n,2,293.57,100.57,D,0
37.78535,28.88487,367.0,0.39,0.44,2024-06-14,1036,N,VIIRS,h,2,360.2,357.61,D,0
37.7854,28.86502,348.81,0.39,0.44,2024-06-14,1036,N,VIIRS,n,2,288.16,4.69,D,0
37.78631,28.86935,341.75,0.39,0.44,2024-06-14,1036,N,VIIRS,n,2,275.62,4.69,D,0
37.78694,28.89241,353.88,0.39,0.44,2024-06-14,1036,N,VIIRS,n,2,304.6,37.73,D,0
37.78724,28.87377,367.0,0.39,0.44,2024-06-14,1036,N,VIIRS,h,2,295.12,100.57,D,0
37.7877,28.89604,336.66,0.39,0.44,2024-06-14,1036,N,VIIRS,n,2,301.81,37.73,D,0
37.78924,28.86313,349.56,0.39,0.44,2024-06-14,1036,N,VIIRS,n,2,283.03,5.51,D,0
37.79017,28.86758,347.66,0.39,0.44,2024-06-14,1036,N,VIIRS,n,2,293.54,5.51,D,0
37.79084,28.89088,357.35,0.39,0.44,2024-06-14,1036,N,VIIRS,n,2,311.03,37.73,D,0
37.7911,28.872,349.92,0.39,0.44,2024-06-14,1036,N,VIIRS,n,2,299.09,10.37,D,0
37.79163,28.8946,345.29,0.39,0.44,2024-06-14,1036,N,VIIRS,n,2,299.39,37.73,D,0
37.792,28.87627,367.0,0.39,0.44,2024-06-14,1036,N,VIIRS,h,2,295.74,10.37,D,0
37.79246,28.89856,330.51,0.39,0.44,2024-06-14,1036,N,VIIRS,n,2,294.97,4.28,D,0
37.7929,28.88056,356.22,0.39,0.44,2024-06-14,1036,N,VIIRS,n,2,295.03,18.63,D,0
37.79309,28.86129,343.73,0.39,0.44,2024-06-14,1036,N,VIIRS,n,2,278.06,5.51,D,0
37.79381,28.88489,367.0,0.39,0.44,2024-06-14,1036,N,VIIRS,h,2,294.52,18.63,D,0
37.79405,28.8659,346.35,0.39,0.44,2024-06-14,1036,N,VIIRS,n,2,289.87,5.51,D,0
37.79428,28.90721,336.1,0.39,0.44,2024-06-14,1036,N,VIIRS,n,2,296.46,3.7,D,0
37.79469,28.88905,352.36,0.39,0.44,2024-06-14,1036,N,VIIRS,n,2,292.04,4.5,D,0
37.795,28.87041,345.47,0.39,0.44,2024-06-14,1036,N,VIIRS,n,2,287.9,10.37,D,0
37.79522,28.91166,341.4,0.39,0.44,2024-06-14,1036,N,VIIRS,n,2,298.32,3.7,D,0
37.79551,28.89298,336.45,0.39,0.44,2024-06-14,1036,N,VIIRS,n,2,293.38,4.5,D,0
37.79587,28.87454,345.73,0.39,0.44,2024-06-14,1036,N,VIIRS,n,2,280.21,10.37,D,0
37.79636,28.89699,331.89,0.39,0.44,2024-06-14,1036,N,VIIRS,n,2,275.49,2.33,D,0
37.79672,28.87861,347.26,0.39,0.44,2024-06-14,1036,N,VIIRS,n,2,287.8,18.63,D,0
37.79762,28.88288,339.98,0.39,0.44,2024-06-14,1036,N,VIIRS,n,2,291.28,18.63,D,0
37.79853,28.88721,331.46,0.39,0.44,2024-06-14,1036,N,VIIRS,n,2,273.7,4.5,D,0
38.15514,29.40662,339.84,0.55,0.43,2024-06-14,1036,N,VIIRS,n,2,302.02,39.99,D,0
41.24505,36.42033,340.53,0.41,0.37,2024-06-14,1037,N,VIIRS,n,2,306.54,7.35,D,0
42.11699,43.01477,301.56,0.41,0.37,2024-06-14,2254,N,VIIRS,n,2,290.61,0.73,N,2
38.8908,41.56934,298.61,0.42,0.38,2024-06-14,2255,N,VIIRS,n,2,287.65,0.35,N,0
39.48251,30.03763,301.43,0.52,0.67,2024-06-14,2255,N,VIIRS,n,2,287.39,1.11,N,2
39.83419,30.29699,296.23,0.5,0.66,2024-06-14,2255,N,VIIRS,n,2,286.07,0.74,N,0
39.83518,30.29719,302.96,0.5,0.66,2024-06-14,2255,N,VIIRS,n,2,286.49,1.21,N,2
39.94673,33.1908,303.2,0.35,0.57,2024-06-14,2255,N,VIIRS,n,2,289.19,0.65,N,2
40.05182,32.64793,301.6,0.38,0.59,2024-06-14,2255,N,VIIRS,n,2,288.91,0.79,N,2
40.57681,43.00679,298.82,0.4,0.37,2024-06-14,2255,N,VIIRS,n,2,282.22,0.61,N,0
40.78252,29.59935,301.47,0.55,0.68,2024-06-14,2255,N,VIIRS,n,2,288.94,1.62,N,2
41.02404,28.55389,298.26,0.63,0.72,2024-06-14,2255,N,VIIRS,n,2,286.79,1.05,N,2
41.17588,32.63552,305.68,0.39,0.59,2024-06-14,2255,N,VIIRS,n,2,288.43,1.5,N,2
41.1761,32.63097,308.63,0.39,0.59,2024-06-14,2255,N,VIIRS,n,2,288.36,1.5,N,2
35.52515,44.3447,342.25,0.39,0.36,2024-06-14,2256,N,VIIRS,n,2,299.94,4.59,N,2
35.52586,44.34045,326.9,0.39,0.36,2024-06-14,2256,N,VIIRS,n,2,299.19,4.59,N,2
35.52917,44.34127,329.47,0.39,0.36,2024-06-14,2256,N,VIIRS,n,2,299.42,3.04,N,2
35.52987,44.33702,331.81,0.39,0.36,2024-06-14,2256,N,VIIRS,n,2,301.19,4.64,N,2
35.53247,44.34208,317.02,0.39,0.36,2024-06-14,2256,N,VIIRS,n,2,298.33,3.04,N,2
35.53318,44.33783,325.08,0.39,0.36,2024-06-14,2256,N,VIIRS,n,2,299.85,4.64,N,2
35.54293,44.21636,305.9,0.39,0.36,2024-06-14,2256,N,VIIRS,n,2,295.38,0.9,N,0
35.54363,44.21212,310.33,0.39,0.36,2024-06-14,2256,N,VIIRS,n,2,294.88,0.9,N,0
35.56433,44.19072,322.93,0.39,0.36,2024-06-14,2256,N,VIIRS,n,2,297.63,2.06,N,0
35.56617,44.28399,316.66,0.39,0.36,2024-06-14,2256,N,VIIRS,n,2,299.51,1.95,N,2
35.57094,44.19233,309.21,0.39,0.36,2024-06-14,2256,N,VIIRS,n,2,296.97,1.49,N,0
35.57164,44.1881,309.87,0.39,0.36,2024-06-14,2256,N,VIIRS,n,2,297.3,2.26,N,0
35.57424,44.19315,343.91,0.39,0.36,2024-06-14,2256,N,VIIRS,n,2,299.43,4.47,N,0
35.57494,44.18891,309.19,0.39,0.36,2024-06-14,2256,N,VIIRS,n,2,297.59,1.55,N,0
35.57563,44.18466,315.44,0.39,0.36,2024-06-14,2256,N,VIIRS,n,2,297.48,1.55,N,0
35.62846,44.00816,341.95,0.39,0.36,2024-06-14,2256,N,VIIRS,n,2,305.85,12.13,N,2
35.66164,43.9659,331.73,0.39,0.36,2024-06-14,2256,N,VIIRS,n,2,304.99,6.24,N,2
35.66396,43.90936,336.67,0.39,0.36,2024-06-14,2256,N,VIIRS,n,2,298.51,4.48,N,0
35.67614,44.06631,316.96,0.39,0.36,2024-06-14,2256,N,VIIRS,n,2,300.01,2.56,N,2
35.68262,43.87874,308.2,0.39,0.36,2024-06-14,2256,N,VIIRS,n,2,297.53,9.53,N,2
35.6833,43.87452,336.43,0.39,0.36,2024-06-14,2256,N,VIIRS,n,2,300.19,9.53,N,2
35.68591,43.87954,309.77,0.39,0.36,2024-06-14,2256,N,VIIRS,n,2,298.5,17.52,N,2
35.6866,43.87531,329.24,0.39,0.36,2024-06-14,2256,N,VIIRS,n,2,310.69,17.52,N,2
35.72454,44.04284,325.98,0.39,0.36,2024-06-14,2256,N,VIIRS,n,2,301.4,6.13,N,2
35.72523,44.0386,331.54,0.39,0.36,2024-06-14,2256,N,VIIRS,n,2,303.75,9.16,N,2
35.7299,44.03093,330.15,0.39,0.36,2024-06-14,2256,N,VIIRS,n,2,301.52,3.37,N,2
35.77268,43.99556,332.28,0.39,0.36,2024-06-14,2256,N,VIIRS,n,2,301.71,4.51,N,2
35.78895,43.25156,315.52,0.38,0.36,2024-06-14,2256,N,VIIRS,n,2,301.35,2.5,N,2
35.92482,43.78867,332.66,0.38,0.36,2024-06-14,2256,N,VIIRS,n,2,299.15,3.94,N,2
35.92843,38.78398,305.15,0.5,0.41,2024-06-14,2256,N,VIIRS,n,2,293.49,0.5,N,0
35.94709,38.75427,307.57,0.5,0.41,2024-06-14,2256,N,VIIRS,n,2,294.97,1.29,N,0
35.95142,43.7292,324.3,0.38,0.36,2024-06-14,2256,N,VIIRS,n,2,299.52,2.42,N,2
35.9627,43.37643,307.25,0.38,0.36,2024-06-14,2256,N,VIIRS,n,2,296.94,1.31,N,0
35.96974,43.76437,310.99,0.38,0.36,2024-06-14,2256,N,VIIRS,n,2,300.07,3.11,N,2
35.97168,43.77364,327.51,0.38,0.36,2024-06-14,2256,N,VIIRS,n,2,298.67,3.26,N,2
35.97564,43.77021,310.78,0.38,0.36,2024-06-14,2256,N,VIIRS,n,2,297.97,1.35,N,2
35.97961,43.76677,309.92,0.38,0.36,2024-06-14,2256,N,VIIRS,n,2,298.67,1.35,N,2
35.98223,43.7718,308.01,0.38,0.36,2024-06-14,2256,N,VIIRS,n,2,297.38,1.08,N,2
35.9829,43.76757,310.89,0.38,0.36,2024-06-14,2256,N,VIIRS,n,2,298.66,1.08,N,2
35.99347,38.88107,306.59,0.49,0.41,2024-06-14,2256,N,VIIRS,n,2,294.64,1.22,N,0
35.99742,43.76229,315.4,0.38,0.36,2024-06-14,2256,N,VIIRS,n,2,297.07,1.11,N,2
36.00523,36.82347,299.23,0.41,0.45,2024-06-14,2256,N,VIIRS,n,2,279.3,0.32,N,0
36.00965,43.9175,309.72,0.39,0.36,2024-06-14,2256,N,VIIRS,n,2,297.31,2.09,N,0
36.0168,43.68345,329.12,0.38,0.36,2024-06-14,2256,N,VIIRS,n,2,297.83,2.63,N,2
36.01747,43.67922,322.14,0.38,0.36,2024-06-14,2256,N,VIIRS,n,2,297.34,2.63,N,2
36.02591,38.76834,331.43,0.5,0.41,2024-06-14,2256,N,VIIRS,n,2,296.99,8.37,N,0
36.08459,43.64086,312.35,0.38,0.36,2024-06-14,2256,N,VIIRS,n,2,295.44,0.72,N,0
36.09977,43.63132,318.15,0.38,0.36,2024-06-14,2256,N,VIIRS,n,2,296.16,1.43,N,0
36.12293,37.31355,313.19,0.39,0.44,2024-06-14,2256,N,VIIRS,n,2,278.6,1.49,N,0
36.12629,43.78161,315.35,0.38,0.36,2024-06-14,2256,N,VIIRS,n,2,300.49,2.61,N,2
36.12938,37.67937,304.08,0.56,0.43,2024-06-14,2256,N,VIIRS,n,2,276.84,1.03,N,0
36.13087,40.80785,307.52,0.42,0.38,2024-06-14,2256,N,VIIRS,n,2,296.63,1.0,N,2
36.13097,37.55072,306.17,0.57,0.43,2024-06-14,2256,N,VIIRS,n,2,282.74,1.08,N,0
36.14407,40.81531,322.8,0.42,0.38,2024-06-14,2256,N,VIIRS,n,2,296.33,1.77,N,2
36.15711,43.95217,328.01,0.39,0.36,2024-06-14,2256,N,VIIRS,n,2,298.5,3.19,N,0
36.16626,41.04424,309.86,0.42,0.37,2024-06-14,2256,N,VIIRS,n,2,296.78,0.53,N,0
36.187,43.50577,326.13,0.38,0.36,2024-06-14,2256,N,VIIRS,n,2,295.68,3.7,N,0
36.18962,43.5108,317.22,0.38,0.36,2024-06-14,2256,N,VIIRS,n,2,294.59,3.7,N,0
36.19029,43.50655,351.58,0.38,0.36,2024-06-14,2256,N,VIIRS,n,2,298.99,3.7,N,0
36.19096,43.50231,330.08,0.38,0.36,2024-06-14,2256,N,VIIRS,n,2,297.38,4.6,N,0
36.19292,43.51159,310.54,0.38,0.36,2024-06-14,2256,N,VIIRS,n,2,294.0,1.52,N,0
36.19358,43.50734,331.65,0.38,0.36,2024-06-14,2256,N,VIIRS,n,2,295.18,1.52,N,0
36.1992,38.98782,317.79,0.49,0.4,2024-06-14,2256,N,VIIRS,n,2,294.64,2.63,N,0
36.20683,38.9556,307.97,0.49,0.4,2024-06-14,2256,N,VIIRS,n,2,295.41,1.57,N,0
36.26169,33.72592,312.4,0.61,0.54,2024-06-14,2256,N,VIIRS,n,2,296.75,4.53,N,2
36.28733,39.02282,316.79,0.49,0.4,2024-06-14,2256,N,VIIRS,n,2,293.68,2.14,N,0
36.31135,43.75417,311.21,0.38,0.36,2024-06-14,2256,N,VIIRS,n,2,298.23,2.16,N,2
36.32321,39.04055,303.65,0.49,0.4,2024-06-14,2256,N,VIIRS,n,2,292.25,0.44,N,0
36.33378,41.72148,313.45,0.4,0.37,2024-06-14,2256,N,VIIRS,n,2,298.48,1.98,N,0
36.33676,39.0542,312.38,0.49,0.4,2024-06-14,2256,N,VIIRS,n,2,291.19,1.09,N,0
36.33742,39.05526,313.66,0.49,0.4,2024-06-14,2256,N,VIIRS,n,2,290.23,1.45,N,0
36.40981,36.40446,312.22,0.44,0.46,2024-06-14,2256,N,VIIRS,n,2,295.9,3.78,N,0
36.44279,42.92873,318.12,0.39,0.36,2024-06-14,2256,N,VIIRS,n,2,298.81,2.01,N,2
36.45724,39.11211,300.61,0.49,0.4,2024-06-14,2256,N,VIIRS,n,2,284.33,0.62,N,0
36.45771,41.28197,306.06,0.41,0.37,2024-06-14,2256,N,VIIRS,n,2,295.8,0.55,N,2
36.69537,36.2064,308.6,0.45,0.47,2024-06-14,2256,N,VIIRS,n,2,296.88,4.64,N,2
36.70731,39.13249,302.96,0.49,0.4,2024-06-14,2256,N,VIIRS,n,2,281.87,0.89,N,0
36.71805,36.19916,326.54,0.45,0.47,2024-06-14,2256,N,VIIRS,n,2,297.0,5.22,N,2
36.72953,39.37212,310.03,0.48,0.4,2024-06-14,2256,N,VIIRS,n,2,288.28,1.14,N,0
36.73009,36.2114,323.29,0.45,0.47,2024-06-14,2256,N,VIIRS,n,2,298.57,8.16,N,2
36.7316,39.37061,309.74,0.48,0.4,2024-06-14,2256,N,VIIRS,n,2,287.43,1.15,N,0
36.73877,36.21269,336.89,0.45,0.47,2024-06-14,2256,N,VIIRS,n,2,297.5,9.34,N,2
36.74004,36.2092,336.3,0.45,0.47,2024-06-14,2256,N,VIIRS,n,2,298.58,7.69,N,2
36.74409,36.20302,318.44,0.45,0.47,2024-06-14,2256,N,VIIRS,n,2,296.42,3.71,N,2
36.74459,36.19783,317.42,0.45,0.47,2024-06-14,2256,N,VIIRS,n,2,296.0,3.71,N,0
36.74532,36.19948,336.35,0.45,0.47,2024-06-14,2256,N,VIIRS,n,2,297.48,6.38,N,2
36.7485,43.49891,313.21,0.38,0.36,2024-06-14,2256,N,VIIRS,n,2,301.06,3.78,N,2
36.75793,38.99432,315.34,0.5,0.41,2024-06-14,2256,N,VIIRS,n,2,275.34,1.42,N,0
36.75859,38.98873,299.16,0.5,0.41,2024-06-14,2256,N,VIIRS,n,2,275.15,1.42,N,0
36.76168,38.995,327.03,0.5,0.41,2024-06-14,2256,N,VIIRS,n,2,272.57,1.86,N,0
36.76234,38.98941,300.8,0.5,0.41,2024-06-14,2256,N,VIIRS,n,2,272.94,1.86,N,0
36.7631,42.06219,304.68,0.4,0.37,2024-06-14,2256,N,VIIRS,n,2,294.56,0.97,N,0
36.76385,39.04095,296.42,0.49,0.41,2024-06-14,2256,N,VIIRS,n,2,275.4,1.56,N,0
36.76448,39.03706,299.86,0.5,0.41,2024-06-14,2256,N,VIIRS,n,2,277.63,1.13,N,0
36.76886,39.03217,305.4,0.5,0.41,2024-06-14,2256,N,VIIRS,n,2,279.2,1.13,N,0
36.7726,39.03286,300.01,0.5,0.41,2024-06-14,2256,N,VIIRS,n,2,277.99,0.91,N,0
36.77558,43.3237,334.12,0.38,0.36,2024-06-14,2256,N,VIIRS,n,2,301.33,4.71,N,2
36.77752,39.05651,297.77,0.49,0.41,2024-06-14,2256,N,VIIRS,n,2,274.9,0.75,N,0
36.77816,39.05094,296.8,0.49,0.41,2024-06-14,2256,N,VIIRS,n,2,274.28,0.76,N,0
36.78008,36.20456,312.21,0.45,0.47,2024-06-14,2256,N,VIIRS,n,2,297.29,3.82,N,3
36.78245,38.88413,299.94,0.5,0.41,2024-06-14,2256,N,VIIRS,n,2,276.0,0.7,N,0
36.80186,39.0439,306.56,0.5,0.41,2024-06-14,2256,N,VIIRS,n,2,276.78,0.88,N,0
36.80408,40.35744,304.44,0.44,0.38,2024-06-14,2256,N,VIIRS,n,2,292.19,0.5,N,0
36.8056,39.04459,296.35,0.5,0.41,2024-06-14,2256,N,VIIRS,n,2,273.19,0.88,N,0
36.80762,40.35814,307.34,0.44,0.38,2024-06-14,2256,N,VIIRS,n,2,292.05,0.51,N,0
36.82494,39.04243,296.08,0.5,0.41,2024-06-14,2256,N,VIIRS,n,2,271.26,0.48,N,0
36.82559,39.03686,298.82,0.5,0.41,2024-06-14,2256,N,VIIRS,n,2,273.87,1.17,N,0
36.82933,39.03754,301.0,0.5,0.41,2024-06-14,2256,N,VIIRS,n,2,272.74,1.17,N,0
36.82999,39.03196,312.56,0.5,0.41,2024-06-14,2256,N,VIIRS,n,2,272.61,1.17,N,0
36.84623,38.51474,303.03,0.52,0.42,2024-06-14,2256,N,VIIRS,n,2,285.18,0.78,N,0
36.85006,38.51541,304.16,0.52,0.42,2024-06-14,2256,N,VIIRS,n,2,284.92,0.78,N,0
36.8539,38.51609,319.68,0.52,0.42,2024-06-14,2256,N,VIIRS,n,2,284.86,3.91,N,0
36.85415,38.95628,300.95,0.5,0.41,2024-06-14,2256,N,VIIRS,n,2,270.04,1.19,N,0
36.85455,38.51019,330.23,0.52,0.42,2024-06-14,2256,N,VIIRS,n,2,284.56,3.91,N,0
36.8548,38.95065,327.11,0.5,0.41,2024-06-14,2256,N,VIIRS,n,2,270.72,2.9,N,0
36.85856,38.95133,314.28,0.5,0.41,2024-06-14,2256,N,VIIRS,n,2,266.49,1.31,N,0
36.85968,39.07155,295.66,0.49,0.41,2024-06-14,2256,N,VIIRS,n,2,271.09,0.49,N,0
36.86077,39.09447,302.74,0.49,0.41,2024-06-14,2256,N,VIIRS,n,2,269.61,0.51,N,0
36.861,39.06042,299.62,0.49,0.41,2024-06-14,2256,N,VIIRS,n,2,269.63,1.16,N,0
36.86167,39.05486,322.88,0.5,0.41,2024-06-14,2256,N,VIIRS,n,2,269.5,2.27,N,0
36.86797,39.12984,298.27,0.49,0.4,2024-06-14,2256,N,VIIRS,n,2,269.87,0.74,N,0
36.86846,34.76192,310.98,0.54,0.51,2024-06-14,2256,N,VIIRS,n,2,297.09,3.38,N,2
36.86913,43.48611,325.06,0.38,0.36,2024-06-14,2256,N,VIIRS,n,2,296.1,2.26,N,2
36.86951,34.76242,310.74,0.54,0.51,2024-06-14,2256,N,VIIRS,n,2,297.01,2.19,N,2
36.87697,38.65799,310.77,0.52,0.41,2024-06-14,2256,N,VIIRS,n,2,291.13,1.67,N,0
36.87733,40.16908,313.44,0.45,0.39,2024-06-14,2256,N,VIIRS,n,2,294.39,1.2,N,0
36.87737,42.96936,322.33,0.39,0.36,2024-06-14,2256,N,VIIRS,n,2,298.61,3.24,N,0
36.88066,42.97018,326.82,0.39,0.36,2024-06-14,2256,N,VIIRS,n,2,298.64,3.09,N,0
36.88152,40.16476,304.85,0.45,0.39,2024-06-14,2256,N,VIIRS,n,2,293.54,0.56,N,0
36.89154,43.42948,323.79,0.38,0.36,2024-06-14,2256,N,VIIRS,n,2,294.1,2.87,N,2
36.90023,39.02309,299.64,0.5,0.41,2024-06-14,2256,N,VIIRS,n,2,263.77,0.92,N,0
36.90397,39.02377,321.49,0.5,0.41,2024-06-14,2256,N,VIIRS,n,2,264.22,1.34,N,0
36.90471,43.38827,304.63,0.38,0.36,2024-06-14,2256,N,VIIRS,n,2,292.07,3.57,N,2
36.90772,39.02446,297.39,0.5,0.41,2024-06-14,2256,N,VIIRS,n,2,261.53,1.34,N,0
36.908,43.38906,334.7,0.38,0.36,2024-06-14,2256,N,VIIRS,n,2,297.24,3.57,N,2
36.90836,39.01885,296.15,0.5,0.41,2024-06-14,2256,N,VIIRS,n,2,263.41,1.34,N,0
36.91551,41.89616,307.43,0.4,0.37,2024-06-14,2256,N,VIIRS,n,2,296.84,1.17,N,2
36.93475,38.98927,302.11,0.5,0.41,2024-06-14,2256,N,VIIRS,n,2,265.14,0.31,N,0
36.93479,42.13316,312.1,0.4,0.37,2024-06-14,2256,N,VIIRS,n,2,297.46,1.38,N,2
36.93669,42.11982,328.19,0.4,0.37,2024-06-14,2256,N,VIIRS,n,2,298.22,1.63,N,2
36.93964,39.01313,310.78,0.5,0.41,2024-06-14,2256,N,VIIRS,n,2,267.28,1.56,N,0
36.93978,42.17084,309.15,0.4,0.37,2024-06-14,2256,N,VIIRS,n,2,297.72,1.55,N,2
36.94004,42.12057,311.58,0.4,0.37,2024-06-14,2256,N,VIIRS,n,2,297.36,1.63,N,2
36.9403,39.00751,297.84,0.5,0.41,2024-06-14,2256,N,VIIRS,n,2,265.11,1.12,N,0
36.94313,42.17158,328.85,0.4,0.37,2024-06-14,2256,N,VIIRS,n,2,299.08,2.59,N,2
36.94548,42.13095,334.07,0.4,0.37,2024-06-14,2256,N,VIIRS,n,2,299.21,7.54,N,2
36.94883,42.1317,333.51,0.4,0.37,2024-06-14,2256,N,VIIRS,n,2,299.2,3.93,N,2
36.96316,42.07972,311.31,0.4,0.37,2024-06-14,2256,N,VIIRS,n,2,297.41,0.49,N,2
36.96652,42.08046,308.91,0.4,0.37,2024-06-14,2256,N,VIIRS,n,2,297.67,0.49,N,2
36.97387,41.22131,311.43,0.42,0.37,2024-06-14,2256,N,VIIRS,n,2,295.96,1.58,N,0
36.9773,41.22203,325.45,0.42,0.37,2024-06-14,2256,N,VIIRS,n,2,296.74,1.58,N,0
36.97945,39.12885,334.01,0.49,0.4,2024-06-14,2256,N,VIIRS,n,2,267.03,4.67,N,0
36.97971,39.12974,333.23,0.49,0.41,2024-06-14,2256,N,VIIRS,n,2,266.41,4.01,N,0
36.98344,39.13043,295.78,0.49,0.41,2024-06-14,2256,N,VIIRS,n,2,263.33,1.03,N,0
36.99722,41.56138,318.31,0.41,0.37,2024-06-14,2256,N,VIIRS,n,2,298.83,2.4,N,2
37.00632,39.16307,301.77,0.49,0.4,2024-06-14,2256,N,VIIRS,n,2,263.8,0.9,N,0
37.02664,42.27029,308.37,0.4,0.37,2024-06-14,2256,N,VIIRS,n,2,297.66,1.37,N,2
37.07641,42.55712,315.21,0.39,0.36,2024-06-14,2256,N,VIIRS,n,2,299.53,1.67,N,2
37.07973,42.55796,316.55,0.39,0.36,2024-06-14,2256,N,VIIRS,n,2,299.46,1.67,N,2
37.11092,38.95407,299.65,0.5,0.41,2024-06-14,2256,N,VIIRS,n,2,266.86,0.5,N,0
37.12127,40.8452,304.68,0.43,0.38,2024-06-14,2256,N,VIIRS,n,2,294.44,0.98,N,0
37.1235,40.52055,322.14,0.44,0.38,2024-06-14,2256,N,VIIRS,n,2,294.51,1.47,N,0
37.12417,40.51884,329.53,0.44,0.38,2024-06-14,2256,N,VIIRS,n,2,295.22,3.34,N,0
37.12702,40.52126,307.47,0.44,0.38,2024-06-14,2256,N,VIIRS,n,2,293.34,1.47,N,0
37.17949,39.7631,315.16,0.47,0.39,2024-06-14,2256,N,VIIRS,n,2,295.67,2.25,N,0
37.18312,39.76377,307.66,0.47,0.39,2024-06-14,2256,N,VIIRS,n,2,296.51,1.63,N,0
37.18753,40.52842,313.71,0.44,0.38,2024-06-14,2256,N,VIIRS,n,2,293.46,1.35,N,0
37.19852,42.5551,323.55,0.39,0.36,2024-06-14,2256,N,VIIRS,n,2,293.96,2.23,N,0
37.19916,42.5507,324.78,0.39,0.36,2024-06-14,2256,N,VIIRS,n,2,295.36,2.23,N,0
37.20185,42.55586,329.27,0.39,0.36,2024-06-14,2256,N,VIIRS,n,2,294.86,2.23,N,0
37.20773,41.8794,307.47,0.4,0.37,2024-06-14,2256,N,VIIRS,n,2,296.27,1.32,N,0
37.21001,38.48557,307.48,0.53,0.42,2024-06-14,2256,N,VIIRS,n,2,293.86,2.43,N,0
37.23822,42.13366,317.14,0.4,0.37,2024-06-14,2256,N,VIIRS,n,2,297.36,6.93,N,0
37.24094,42.13888,317.99,0.4,0.37,2024-06-14,2256,N,VIIRS,n,2,297.23,2.21,N,0
37.24158,42.13442,346.17,0.4,0.37,2024-06-14,2256,N,VIIRS,n,2,300.74,6.93,N,0
37.24221,42.12995,367.0,0.4,0.37,2024-06-14,2256,N,VIIRS,h,2,301.07,6.93,N,0
37.24557,42.1307,356.49,0.4,0.37,2024-06-14,2256,N,VIIRS,n,2,300.67,8.61,N,0
37.2462,42.12623,320.81,0.4,0.37,2024-06-14,2256,N,VIIRS,n,2,296.18,2.72,N,0
37.24976,40.26958,305.6,0.45,0.39,2024-06-14,2256,N,VIIRS,n,2,295.13,1.08,N,0
37.25165,42.13668,310.65,0.4,0.37,2024-06-14,2256,N,VIIRS,n,2,296.36,1.49,N,0
37.25248,42.1553,310.26,0.4,0.37,2024-06-14,2256,N,VIIRS,n,2,296.8,1.85,N,0
37.25501,42.13744,318.36,0.4,0.37,2024-06-14,2256,N,VIIRS,n,2,296.75,1.49,N,0
37.2552,42.16053,348.94,0.4,0.37,2024-06-14,2256,N,VIIRS,n,2,299.37,4.72,N,0
37.25583,42.15606,321.78,0.4,0.37,2024-06-14,2256,N,VIIRS,n,2,295.97,4.31,N,0
37.25773,42.14266,312.33,0.4,0.37,2024-06-14,2256,N,VIIRS,n,2,296.25,5.02,N,0
37.25837,42.13819,315.96,0.4,0.37,2024-06-14,2256,N,VIIRS,n,2,296.48,4.35,N,0
37.25856,42.16129,318.81,0.4,0.37,2024-06-14,2256,N,VIIRS,n,2,296.64,4.72,N,0
37.259,42.13372,324.03,0.4,0.37,2024-06-14,2256,N,VIIRS,n,2,296.8,4.35,N,0
37.25919,42.15682,330.71,0.4,0.37,2024-06-14,2256,N,VIIRS,n,2,298.64,4.31,N,0
37.26109,42.14341,347.52,0.4,0.37,2024-06-14,2256,N,VIIRS,n,2,299.68,5.02,N,0
37.26173,42.13894,346.84,0.4,0.37,2024-06-14,2256,N,VIIRS,n,2,301.02,4.35,N,0
37.26236,42.13447,313.14,0.4,0.37,2024-06-14,2256,N,VIIRS,n,2,296.35,4.35,N,0
37.26299,42.13,308.66,0.4,0.37,2024-06-14,2256,N,VIIRS,n,2,296.12,1.71,N,0
37.26445,42.14417,344.95,0.4,0.37,2024-06-14,2256,N,VIIRS,n,2,300.64,9.08,N,0
37.26508,42.13969,343.77,0.4,0.37,2024-06-14,2256,N,VIIRS,n,2,298.89,5.69,N,0
37.26572,42.13522,330.42,0.4,0.37,2024-06-14,2256,N,VIIRS,n,2,298.01,5.69,N,0
37.29312,37.15705,303.67,0.41,0.45,2024-06-14,2256,N,VIIRS,n,2,276.02,0.87,N,2
37.295,37.15423,300.15,0.41,0.45,2024-06-14,2256,N,VIIRS,n,2,274.92,1.01,N,2
37.33906,40.80046,313.4,0.43,0.38,2024-06-14,2256,N,VIIRS,n,2,297.33,1.61,N,2
37.38577,38.39869,307.58,0.54,0.42,2024-06-14,2256,N,VIIRS,n,2,286.81,0.94,N,0
37.38607,38.39932,302.61,0.54,0.42,2024-06-14,2256,N,VIIRS,n,2,286.76,1.9,N,0
37.38673,38.39316,306.39,0.54,0.42,2024-06-14,2256,N,VIIRS,n,2,288.0,1.9,N,0
37.38995,38.4,311.44,0.54,0.42,2024-06-14,2256,N,VIIRS,n,2,286.83,1.9,N,0
37.39061,38.39384,330.31,0.54,0.42,2024-06-14,2256,N,VIIRS,n,2,290.36,1.9,N,0
37.88099,40.68737,305.32,0.44,0.38,2024-06-14,2256,N,VIIRS,n,2,292.05,1.07,N,0
37.93038,39.0886,305.33,0.51,0.41,2024-06-14,2256,N,VIIRS,n,2,275.94,1.33,N,0
37.9399,32.5316,302.04,0.37,0.58,2024-06-14,2256,N,VIIRS,n,2,289.59,0.57,N,2
38.27875,39.74253,304.41,0.48,0.4,2024-06-14,2256,N,VIIRS,n,2,292.61,0.82,N,2
38.74252,26.94483,304.19,0.75,0.77,2024-06-14,2256,N,VIIRS,n,2,292.29,2.3,N,2
41.17466,32.63351,310.32,0.38,0.59,2024-06-15,35,N,VIIRS,n,2,287.35,1.41,N,2
41.17691,32.63152,305.82,0.38,0.59,2024-06-15,35,N,VIIRS,n,2,287.19,1.33,N,2
41.25532,31.41635,303.09,0.33,0.56,2024-06-15,35,N,VIIRS,n,2,287.1,0.81,N,2
41.25633,31.41252,313.82,0.33,0.56,2024-06-15,35,N,VIIRS,n,2,287.24,0.81,N,2
41.25722,31.42997,308.0,0.33,0.56,2024-06-15,35,N,VIIRS,n,2,287.21,1.62,N,2
41.25819,31.42632,302.26,0.33,0.56,2024-06-15,35,N,VIIRS,n,2,286.86,0.85,N,2
41.26308,31.42862,301.03,0.33,0.56,2024-06-15,35,N,VIIRS,n,2,288.56,0.85,N,2
41.26409,31.42482,304.19,0.33,0.56,2024-06-15,35,N,VIIRS,n,2,288.4,0.85,N,2
41.2651,31.42098,302.42,0.33,0.56,2024-06-15,35,N,VIIRS,n,2,287.16,1.3,N,2
36.7483,36.20229,309.26,0.76,0.77,2024-06-15,36,N,VIIRS,n,2,292.57,1.95,N,2
38.42679,27.21523,304.88,0.48,0.48,2024-06-15,36,N,VIIRS,n,2,294.32,1.03,N,2
38.73528,26.94427,312.64,0.46,0.47,2024-06-15,36,N,VIIRS,n,2,295.8,2.35,N,2
38.73948,26.94597,316.09,0.46,0.47,2024-06-15,36,N,VIIRS,n,2,294.99,1.73,N,2
38.74371,26.94755,310.66,0.46,0.47,2024-06-15,36,N,VIIRS,n,2,293.89,1.73,N,2
38.74792,26.9492,309.99,0.46,0.47,2024-06-15,36,N,VIIRS,n,2,293.4,1.23,N,2
39.16888,27.63159,301.68,0.49,0.48,2024-06-15,36,N,VIIRS,n,2,290.72,0.85,N,2
39.48272,30.03844,297.18,0.63,0.54,2024-06-15,36,N,VIIRS,n,2,286.14,0.73,N,2
39.74502,30.19804,298.67,0.32,0.54,2024-06-15,36,N,VIIRS,n,2,286.08,1.07,N,2
39.86595,26.24592,310.92,0.4,0.44,2024-06-15,36,N,VIIRS,n,2,291.89,2.15,N,2
40.18466,29.2251,299.58,0.55,0.51,2024-06-15,36,N,VIIRS,n,2,288.83,0.82,N,2
40.75772,29.76023,301.61,0.57,0.52,2024-06-15,36,N,VIIRS,n,2,290.06,1.44,N,2
41.01944,28.55489,313.1,0.49,0.49,2024-06-15,36,N,VIIRS,n,2,289.07,1.67,N,2
41.79809,26.70075,302.95,0.39,0.44,2024-06-15,36,N,VIIRS,n,2,286.26,0.85,N,2
37.79198,28.90038,302.36,0.61,0.54,2024-06-15,37,N,VIIRS,n,2,276.34,1.89,N,0
37.79275,28.90191,306.97,0.61,0.53,2024-06-15,37,N,VIIRS,n,2,282.75,3.4,N,0
35.54103,44.20955,352.41,0.44,0.39,2024-06-15,1016,N,VIIRS,n,2,324.03,3.04,D,0
35.54345,36.37238,367.0,0.49,0.4,2024-06-15,1016,N,VIIRS,h,2,324.38,11.02,D,0
35.54446,36.37767,355.33,0.49,0.4,2024-06-15,1016,N,VIIRS,n,2,324.05,11.02,D,0
35.54549,36.38309,352.8,0.49,0.4,2024-06-15,1016,N,VIIRS,n,2,322.39,16.29,D,0
35.54709,36.37133,348.63,0.49,0.4,2024-06-15,1016,N,VIIRS,n,2,323.01,11.02,D,0
35.54811,36.37663,350.43,0.49,0.4,2024-06-15,1016,N,VIIRS,n,2,323.33,11.02,D,0
35.54913,36.38203,356.49,0.49,0.4,2024-06-15,1016,N,VIIRS,n,2,319.81,16.29,D,0
35.62246,36.83097,367.0,0.46,0.39,2024-06-15,1016,N,VIIRS,h,2,325.53,11.24,D,0
35.6234,36.83599,367.0,0.46,0.39,2024-06-15,1016,N,VIIRS,h,2,326.46,11.24,D,0
35.62434,36.84102,356.09,0.46,0.39,2024-06-15,1016,N,VIIRS,n,2,328.6,32.79,D,0
35.63037,36.8129,357.76,0.47,0.39,2024-06-15,1016,N,VIIRS,n,2,326.67,19.65,D,0
36.6392,42.79468,355.3,0.41,0.37,2024-06-15,1016,N,VIIRS,n,2,323.83,22.29,D,0
36.34786,29.33315,346.21,0.35,0.57,2024-06-15,1017,N,VIIRS,n,2,311.15,3.5,D,0
36.74693,36.20258,343.3,0.47,0.4,2024-06-15,1017,N,VIIRS,n,2,311.02,6.01,D,2
36.84515,34.94665,342.36,0.53,0.42,2024-06-15,1017,N,VIIRS,n,2,306.77,9.33,D,0
36.84555,34.94435,334.82,0.53,0.42,2024-06-15,1017,N,VIIRS,n,2,304.28,7.98,D,0
36.94869,42.44958,367.0,0.41,0.37,2024-06-15,1017,N,VIIRS,h,2,326.45,37.26,D,0
36.96597,37.33972,367.0,0.43,0.38,2024-06-15,1017,N,VIIRS,h,2,319.38,12.8,D,0
36.97414,39.09649,367.0,0.39,0.36,2024-06-15,1017,N,VIIRS,h,2,342.11,105.0,D,0
37.08041,43.69745,347.86,0.44,0.38,2024-06-15,1017,N,VIIRS,n,2,311.39,6.33,D,0
37.17426,39.96416,367.0,0.38,0.36,2024-06-15,1017,N,VIIRS,h,2,364.5,171.86,D,0
37.17688,39.95907,367.0,0.38,0.36,2024-06-15,1017,N,VIIRS,h,2,353.31,71.24,D,0
37.17755,39.96337,367.0,0.38,0.36,2024-06-15,1017,N,VIIRS,h,2,340.35,171.86,D,0
37.26395,42.18163,353.15,0.4,0.37,2024-06-15,1017,N,VIIRS,n,2,322.81,35.18,D,0
37.53909,34.0055,338.5,0.57,0.43,2024-06-15,1017,N,VIIRS,n,2,305.03,4.73,D,0
37.80328,38.56732,367.0,0.4,0.37,2024-06-15,1017,N,VIIRS,h,2,314.91,13.01,D,0
38.45223,30.22863,338.73,0.56,0.52,2024-06-15,1018,N,VIIRS,n,2,305.07,5.2,D,0
38.51358,27.56275,350.52,0.38,0.59,2024-06-15,1018,N,VIIRS,n,2,306.18,4.77,D,0
38.51468,27.56681,335.11,0.38,0.59,2024-06-15,1018,N,VIIRS,n,2,305.13,4.85,D,0
38.95095,31.93158,344.61,0.45,0.47,2024-06-15,1018,N,VIIRS,n,2,308.28,4.4,D,0
41.24262,36.46415,336.65,0.41,0.37,2024-06-15,1018,N,VIIRS,n,2,303.91,7.14,D,2
38.65134,27.22491,367.0,0.43,0.62,2024-06-15,1158,N,VIIRS,h,2,314.33,16.94,D,0
40.22608,29.55592,331.34,0.58,0.7,2024-06-15,1159,N,VIIRS,n,2,298.23,3.1,D,0
39.94506,33.18663,298.3,0.63,0.72,2024-06-15,2236,N,VIIRS,n,2,286.01,1.36,N,0
41.17262,32.63134,295.23,0.68,0.74,2024-06-15,2236,N,VIIRS,n,2,285.03,1.08,N,2
41.17817,32.62836,300.58,0.68,0.74,2024-06-15,2236,N,VIIRS,n,2,285.99,1.78,N,0
41.17959,32.6312,300.78,0.68,0.74,2024-06-15,2236,N,VIIRS,n,2,286.27,1.84,N,2
41.26324,31.42288,305.42,0.79,0.78,2024-06-15,2236,N,VIIRS,n,2,286.22,3.08,N,2
41.26422,31.42431,303.78,0.79,0.78,2024-06-15,2236,N,VIIRS,n,2,286.32,2.46,N,2
35.52757,44.34251,349.74,0.46,0.39,2024-06-15,2237,N,VIIRS,n,2,301.88,12.28,N,2
35.53181,44.33813,335.48,0.46,0.39,2024-06-15,2237,N,VIIRS,n,2,302.18,12.82,N,2
35.5354,44.33884,330.84,0.46,0.39,2024-06-15,2237,N,VIIRS,n,2,298.7,5.6,N,2
35.56472,44.28202,320.77,0.46,0.39,2024-06-15,2237,N,VIIRS,n,2,298.97,2.38,N,2
35.58106,36.31629,322.99,0.4,0.6,2024-06-15,2237,N,VIIRS,n,2,296.54,2.74,N,0
35.58131,36.31175,332.91,0.4,0.6,2024-06-15,2237,N,VIIRS,n,2,296.78,2.74,N,0
35.58691,36.31228,331.44,0.4,0.6,2024-06-15,2237,N,VIIRS,n,2,296.48,4.13,N,0
35.58717,36.30776,345.44,0.4,0.6,2024-06-15,2237,N,VIIRS,n,2,297.58,6.09,N,0
35.61595,36.29676,304.8,0.4,0.6,2024-06-15,2237,N,VIIRS,n,2,291.95,0.32,N,0
35.62799,44.01021,330.9,0.47,0.4,2024-06-15,2237,N,VIIRS,n,2,299.89,4.76,N,2
35.62863,44.00496,311.26,0.47,0.4,2024-06-15,2237,N,VIIRS,n,2,297.72,4.26,N,2
35.63165,44.01086,324.99,0.47,0.4,2024-06-15,2237,N,VIIRS,n,2,298.4,2.38,N,2
35.63228,44.0056,314.99,0.47,0.4,2024-06-15,2237,N,VIIRS,n,2,297.55,2.12,N,2
35.6636,43.96332,340.75,0.47,0.4,2024-06-15,2237,N,VIIRS,n,2,300.86,8.73,N,2
35.67702,44.06728,311.73,0.47,0.4,2024-06-15,2237,N,VIIRS,n,2,299.77,3.37,N,2
35.6855,43.87553,339.34,0.48,0.4,2024-06-15,2237,N,VIIRS,n,2,307.72,40.12,N,2
35.72411,44.0402,325.11,0.47,0.4,2024-06-15,2237,N,VIIRS,n,2,299.18,4.19,N,2
35.72776,44.04093,332.97,0.47,0.4,2024-06-15,2237,N,VIIRS,n,2,300.92,6.67,N,2
35.72902,44.03041,325.19,0.47,0.4,2024-06-15,2237,N,VIIRS,n,2,298.07,1.74,N,2
35.73267,44.03115,308.73,0.47,0.4,2024-06-15,2237,N,VIIRS,n,2,298.34,1.74,N,2
35.77432,43.99614,329.69,0.47,0.4,2024-06-15,2237,N,VIIRS,n,2,299.21,4.91,N,2
35.78645,44.11023,306.39,0.47,0.4,2024-06-15,2237,N,VIIRS,n,2,294.09,1.56,N,0
35.89944,38.01459,305.65,0.32,0.55,2024-06-15,2237,N,VIIRS,n,2,291.3,1.49,N,0
35.91375,37.95713,303.97,0.33,0.55,2024-06-15,2237,N,VIIRS,n,2,291.31,0.59,N,0
35.92553,43.79126,321.57,0.49,0.4,2024-06-15,2237,N,VIIRS,n,2,297.94,3.38,N,2
35.95194,43.72945,314.54,0.49,0.4,2024-06-15,2237,N,VIIRS,n,2,298.37,2.34,N,2
35.97407,43.77412,321.28,0.49,0.4,2024-06-15,2237,N,VIIRS,n,2,299.94,2.39,N,2
35.97469,43.76874,309.84,0.49,0.4,2024-06-15,2237,N,VIIRS,n,2,298.47,2.39,N,2
35.98213,43.76998,319.5,0.49,0.4,2024-06-15,2237,N,VIIRS,n,2,300.37,2.83,N,2
35.99826,43.76173,318.51,0.49,0.4,2024-06-15,2237,N,VIIRS,n,2,298.24,1.74,N,2
36.01909,43.68187,327.69,0.49,0.4,2024-06-15,2237,N,VIIRS,n,2,299.52,4.08,N,2
36.08538,43.63735,305.17,0.49,0.41,2024-06-15,2237,N,VIIRS,n,2,293.46,0.74,N,0
36.08586,43.63867,309.36,0.49,0.41,2024-06-15,2237,N,VIIRS,n,2,294.78,1.7,N,0
36.09835,43.62965,309.56,0.5,0.41,2024-06-15,2237,N,VIIRS,n,2,294.06,0.94,N,0
36.10209,43.63033,306.19,0.5,0.41,2024-06-15,2237,N,VIIRS,n,2,295.71,0.94,N,0
36.12629,43.78069,307.43,0.49,0.4,2024-06-15,2237,N,VIIRS,n,2,295.83,2.89,N,2
36.14393,40.81399,312.02,0.45,0.47,2024-06-15,2237,N,VIIRS,n,2,288.27,0.66,N,2
36.16736,41.04477,309.23,0.44,0.46,2024-06-15,2237,N,VIIRS,n,2,296.03,2.22,N,0
36.26315,33.72574,312.28,0.56,0.69,2024-06-15,2237,N,VIIRS,n,2,290.03,1.6,N,2
36.34954,42.07645,313.15,0.39,0.44,2024-06-15,2237,N,VIIRS,n,2,300.89,2.31,N,2
36.44275,42.92711,310.26,0.54,0.42,2024-06-15,2237,N,VIIRS,n,2,296.7,2.58,N,2
36.45981,41.27982,308.3,0.43,0.46,2024-06-15,2237,N,VIIRS,n,2,295.59,0.9,N,2
36.63187,43.44353,305.73,0.51,0.41,2024-06-15,2237,N,VIIRS,n,2,292.06,0.72,N,0
36.63346,43.44328,302.49,0.51,0.41,2024-06-15,2237,N,VIIRS,n,2,292.27,0.64,N,0
36.64511,42.77846,317.65,0.55,0.43,2024-06-15,2237,N,VIIRS,n,2,298.58,4.32,N,0
36.6897,38.55048,307.37,0.61,0.54,2024-06-15,2237,N,VIIRS,n,2,293.45,2.5,N,0
36.71169,38.52411,318.19,0.62,0.54,2024-06-15,2237,N,VIIRS,n,2,294.02,2.85,N,0
36.71615,36.19824,308.95,0.41,0.61,2024-06-15,2237,N,VIIRS,n,2,294.78,2.6,N,2
36.71961,36.202,318.69,0.41,0.61,2024-06-15,2237,N,VIIRS,n,2,294.73,2.59,N,2
36.71989,36.19707,318.57,0.41,0.61,2024-06-15,2237,N,VIIRS,n,2,295.81,2.59,N,2
36.72184,36.19875,329.07,0.41,0.61,2024-06-15,2237,N,VIIRS,n,2,295.64,3.8,N,3
36.73199,43.27967,311.62,0.52,0.42,2024-06-15,2237,N,VIIRS,n,2,298.52,2.58,N,2
36.73272,36.20951,313.38,0.41,0.61,2024-06-15,2237,N,VIIRS,n,2,297.52,3.02,N,2
36.73536,38.90547,302.16,0.59,0.53,2024-06-15,2237,N,VIIRS,n,2,291.71,0.54,N,0
36.7384,36.21001,327.49,0.41,0.61,2024-06-15,2237,N,VIIRS,n,2,296.64,3.02,N,2
36.74459,36.20082,313.21,0.41,0.61,2024-06-15,2237,N,VIIRS,n,2,295.44,3.77,N,2
36.74894,43.49532,306.51,0.51,0.41,2024-06-15,2237,N,VIIRS,n,2,296.5,1.82,N,2
36.76074,39.02894,306.36,0.58,0.52,2024-06-15,2237,N,VIIRS,n,2,290.66,1.26,N,0
36.76074,42.06955,311.46,0.4,0.44,2024-06-15,2237,N,VIIRS,n,2,294.72,1.3,N,0
36.7757,43.32508,340.21,0.52,0.42,2024-06-15,2237,N,VIIRS,n,2,300.48,11.58,N,2
36.79208,36.7592,309.13,0.39,0.59,2024-06-15,2237,N,VIIRS,n,2,290.86,1.36,N,0
36.7924,36.75377,307.69,0.39,0.59,2024-06-15,2237,N,VIIRS,n,2,290.46,1.36,N,0
36.79675,36.75977,302.26,0.39,0.59,2024-06-15,2237,N,VIIRS,n,2,290.92,0.74,N,0
36.79702,36.75485,333.18,0.39,0.59,2024-06-15,2237,N,VIIRS,n,2,292.75,1.78,N,0
36.79728,36.75006,302.81,0.39,0.59,2024-06-15,2237,N,VIIRS,n,2,290.97,1.78,N,0
36.79794,36.75399,333.8,0.39,0.59,2024-06-15,2237,N,VIIRS,n,2,293.85,1.36,N,0
36.84934,42.1221,304.32,0.4,0.44,2024-06-15,2237,N,VIIRS,n,2,292.6,1.42,N,0
36.85295,42.12728,314.33,0.4,0.44,2024-06-15,2237,N,VIIRS,n,2,292.73,1.15,N,0
36.85342,42.12279,302.79,0.4,0.44,2024-06-15,2237,N,VIIRS,n,2,291.79,1.69,N,0
36.85355,39.09356,300.8,0.57,0.52,2024-06-15,2237,N,VIIRS,n,2,290.01,0.61,N,0
36.85702,42.12796,319.17,0.4,0.44,2024-06-15,2237,N,VIIRS,n,2,293.26,1.15,N,0
36.86304,37.77487,303.21,0.34,0.56,2024-06-15,2237,N,VIIRS,n,2,293.11,0.39,N,0
36.86784,42.14343,311.59,0.4,0.44,2024-06-15,2237,N,VIIRS,n,2,292.78,1.02,N,0
36.86841,43.48691,308.01,0.51,0.41,2024-06-15,2237,N,VIIRS,n,2,294.06,1.53,N,2
36.88153,39.08469,302.08,0.58,0.52,2024-06-15,2237,N,VIIRS,n,2,290.41,0.49,N,0
36.89437,43.42854,328.73,0.52,0.41,2024-06-15,2237,N,VIIRS,n,2,293.58,2.7,N,2
36.89826,38.43816,302.92,0.63,0.54,2024-06-15,2237,N,VIIRS,n,2,290.58,0.95,N,0
36.89946,38.43797,300.62,0.63,0.54,2024-06-15,2237,N,VIIRS,n,2,290.41,0.42,N,0
36.90655,43.38944,332.98,0.52,0.41,2024-06-15,2237,N,VIIRS,n,2,294.62,2.44,N,2
36.91037,43.39001,305.82,0.52,0.41,2024-06-15,2237,N,VIIRS,n,2,291.99,2.44,N,0
36.91652,41.8944,306.33,0.41,0.45,2024-06-15,2237,N,VIIRS,n,2,293.75,0.57,N,2
36.93344,38.44229,314.56,0.63,0.54,2024-06-15,2237,N,VIIRS,n,2,290.98,2.48,N,0
36.93891,42.13025,308.16,0.4,0.44,2024-06-15,2237,N,VIIRS,n,2,296.37,1.39,N,2
36.93982,42.12123,328.58,0.4,0.44,2024-06-15,2237,N,VIIRS,n,2,295.58,2.04,N,2
36.94296,42.17161,331.46,0.39,0.44,2024-06-15,2237,N,VIIRS,n,2,296.77,2.86,N,2
36.94706,42.13157,338.98,0.4,0.44,2024-06-15,2237,N,VIIRS,n,2,298.59,3.2,N,2
36.96359,42.05128,304.95,0.4,0.44,2024-06-15,2237,N,VIIRS,n,2,294.31,0.82,N,2
36.96444,42.08365,306.34,0.4,0.44,2024-06-15,2237,N,VIIRS,n,2,293.34,0.57,N,2
36.9649,42.07911,304.78,0.4,0.44,2024-06-15,2237,N,VIIRS,n,2,293.53,0.57,N,2
36.98227,42.42568,305.78,0.38,0.43,2024-06-15,2237,N,VIIRS,n,2,292.01,1.27,N,0
36.99382,42.00051,307.61,0.4,0.44,2024-06-15,2237,N,VIIRS,n,2,294.01,0.8,N,2
37.01924,38.98809,309.98,0.58,0.52,2024-06-15,2237,N,VIIRS,n,2,274.67,3.84,N,0
37.02168,36.10769,309.04,0.42,0.61,2024-06-15,2237,N,VIIRS,n,2,295.49,1.49,N,2
37.0225,36.10571,313.28,0.42,0.61,2024-06-15,2237,N,VIIRS,n,2,295.69,1.57,N,2
37.07955,42.5593,313.4,0.57,0.43,2024-06-15,2237,N,VIIRS,n,2,297.87,2.93,N,2
37.13207,40.90564,304.29,0.46,0.47,2024-06-15,2237,N,VIIRS,n,2,293.28,1.54,N,0
37.22046,39.43032,335.04,0.56,0.51,2024-06-15,2237,N,VIIRS,n,2,295.54,13.74,N,0
37.22096,39.42399,342.84,0.56,0.51,2024-06-15,2237,N,VIIRS,n,2,296.53,23.49,N,0
37.2247,40.67024,304.54,0.48,0.48,2024-06-15,2237,N,VIIRS,n,2,292.44,1.24,N,0
37.22487,39.43043,344.44,0.56,0.51,2024-06-15,2237,N,VIIRS,n,2,294.1,4.71,N,0
37.2252,40.66479,306.44,0.48,0.48,2024-06-15,2237,N,VIIRS,n,2,292.99,1.88,N,0
37.22521,39.43094,344.26,0.56,0.51,2024-06-15,2237,N,VIIRS,n,2,294.12,7.38,N,0
37.22535,39.42409,305.2,0.56,0.51,2024-06-15,2237,N,VIIRS,n,2,292.53,4.71,N,0
37.23372,38.81052,305.12,0.6,0.53,2024-06-15,2237,N,VIIRS,n,2,293.61,1.67,N,0
37.28315,42.37431,349.97,0.39,0.44,2024-06-15,2237,N,VIIRS,n,2,295.32,7.49,N,0
37.28671,42.3795,303.23,0.39,0.44,2024-06-15,2237,N,VIIRS,n,2,292.28,1.74,N,0
37.28699,42.37731,340.37,0.39,0.44,2024-06-15,2237,N,VIIRS,n,2,293.73,3.6,N,0
37.28718,42.37504,346.88,0.39,0.44,2024-06-15,2237,N,VIIRS,n,2,294.97,4.22,N,0
37.28745,42.37285,326.25,0.39,0.44,2024-06-15,2237,N,VIIRS,n,2,293.55,4.3,N,0
37.28878,42.35942,306.72,0.39,0.44,2024-06-15,2237,N,VIIRS,n,2,292.02,0.71,N,0
37.28907,42.35718,316.61,0.39,0.44,2024-06-15,2237,N,VIIRS,n,2,292.9,1.46,N,0
37.28923,42.35494,307.74,0.39,0.44,2024-06-15,2237,N,VIIRS,n,2,293.27,0.96,N,0
37.29074,42.38023,324.46,0.39,0.44,2024-06-15,2237,N,VIIRS,n,2,292.87,1.74,N,0
37.29103,42.37805,339.73,0.39,0.44,2024-06-15,2237,N,VIIRS,n,2,294.49,3.6,N,0
37.29122,42.37577,325.45,0.39,0.44,2024-06-15,2237,N,VIIRS,n,2,293.52,4.22,N,0
37.29369,37.1554,310.76,0.37,0.58,2024-06-15,2237,N,VIIRS,n,2,295.22,1.47,N,2
37.29725,39.6678,304.78,0.54,0.51,2024-06-15,2237,N,VIIRS,n,2,291.37,1.11,N,0
37.30194,39.66848,306.51,0.54,0.51,2024-06-15,2237,N,VIIRS,n,2,291.7,1.16,N,0
37.35333,37.16121,306.82,0.37,0.58,2024-06-15,2237,N,VIIRS,n,2,294.51,0.83,N,2
37.46535,40.94323,317.69,0.46,0.47,2024-06-15,2237,N,VIIRS,n,2,289.85,2.1,N,0
37.51759,42.411,309.91,0.39,0.44,2024-06-15,2237,N,VIIRS,n,2,293.38,2.05,N,0
37.94048,40.23948,321.5,0.51,0.49,2024-06-15,2237,N,VIIRS,n,2,292.17,2.63,N,0
35.50162,36.2715,313.79,0.4,0.6,2024-06-15,2238,N,VIIRS,n,2,295.25,1.74,N,0
35.50188,36.26696,321.66,0.4,0.6,2024-06-15,2238,N,VIIRS,n,2,297.2,3.32,N,0
36.79312,36.75713,328.13,0.47,0.64,2024-06-16,17,N,VIIRS,n,2,291.51,3.28,N,0
36.79432,36.75288,318.23,0.47,0.64,2024-06-16,17,N,VIIRS,n,2,290.27,2.79,N,0
36.82856,37.82222,317.52,0.53,0.67,2024-06-16,17,N,VIIRS,n,2,293.79,1.61,N,0
36.83044,37.81967,314.57,0.53,0.67,2024-06-16,17,N,VIIRS,n,2,293.33,1.95,N,0
37.18169,40.48289,312.94,0.7,0.75,2024-06-16,17,N,VIIRS,n,2,280.53,1.71,N,0
37.22851,40.66397,299.08,0.72,0.75,2024-06-16,17,N,VIIRS,n,2,288.16,0.81,N,0
37.29238,37.15519,304.05,0.48,0.64,2024-06-16,17,N,VIIRS,n,2,293.4,1.07,N,2
37.46614,37.28838,306.86,0.48,0.65,2024-06-16,17,N,VIIRS,n,2,291.34,0.71,N,0
38.65788,30.61762,307.41,0.41,0.45,2024-06-16,17,N,VIIRS,n,2,287.63,1.76,N,2
38.66077,30.61712,305.26,0.41,0.45,2024-06-16,17,N,VIIRS,n,2,286.38,0.64,N,2
39.16832,27.63218,304.98,0.45,0.39,2024-06-16,17,N,VIIRS,n,2,291.85,0.63,N,2
39.48457,30.03814,300.6,0.56,0.43,2024-06-16,17,N,VIIRS,n,2,285.45,1.08,N,2
39.74453,30.19915,295.77,0.56,0.43,2024-06-16,17,N,VIIRS,n,2,284.89,0.49,N,2
39.83721,30.30355,296.93,0.56,0.43,2024-06-16,17,N,VIIRS,n,2,284.97,1.02,N,2
39.86432,26.24147,309.8,0.41,0.37,2024-06-16,17,N,VIIRS,n,2,292.23,1.07,N,2
39.86767,26.24249,312.84,0.41,0.37,2024-06-16,17,N,VIIRS,n,2,292.78,1.07,N,2
40.75605,31.7837,298.86,0.42,0.45,2024-06-16,17,N,VIIRS,n,2,284.85,0.56,N,2
40.75842,29.7607,304.3,0.51,0.41,2024-06-16,17,N,VIIRS,n,2,291.88,1.21,N,2
40.77898,29.60313,302.79,0.5,0.41,2024-06-16,17,N,VIIRS,n,2,291.71,1.69,N,3
40.94577,31.39579,299.08,0.4,0.44,2024-06-16,17,N,VIIRS,n,2,286.3,0.64,N,2
41.01862,28.55708,303.74,0.46,0.39,2024-06-16,17,N,VIIRS,n,2,289.45,0.87,N,2
41.01966,28.55167,300.99,0.46,0.39,2024-06-16,17,N,VIIRS,n,2,289.11,0.89,N,2
41.02214,28.55829,301.67,0.46,0.39,2024-06-16,17,N,VIIRS,n,2,290.33,0.81,N,2
41.13984,32.6372,301.13,0.45,0.47,2024-06-16,17,N,VIIRS,n,2,285.09,0.93,N,0
41.17349,32.62977,313.2,0.45,0.47,2024-06-16,17,N,VIIRS,n,2,286.58,1.55,N,2
41.17641,32.6369,297.19,0.45,0.47,2024-06-16,17,N,VIIRS,n,2,286.38,1.55,N,2
41.2534,31.41379,311.31,0.39,0.44,2024-06-16,17,N,VIIRS,n,2,288.17,1.62,N,2
41.2541,31.41228,315.91,0.39,0.44,2024-06-16,17,N,VIIRS,n,2,288.2,1.66,N,2
41.25733,31.41533,305.39,0.39,0.44,2024-06-16,17,N,VIIRS,n,2,287.81,0.5,N,2
41.26418,31.42296,309.26,0.39,0.44,2024-06-16,17,N,VIIRS,n,2,289.62,1.36,N,2
41.26813,31.42447,310.84,0.39,0.44,2024-06-16,17,N,VIIRS,n,2,290.2,1.36,N,2
41.63057,27.68493,303.06,0.42,0.38,2024-06-16,17,N,VIIRS,n,2,288.39,0.98,N,2
41.63428,27.50763,305.94,0.42,0.38,2024-06-16,17,N,VIIRS,n,2,289.06,1.09,N,2
41.79668,26.69935,299.65,0.4,0.37,2024-06-16,17,N,VIIRS,n,2,287.91,0.55,N,2
35.5788,36.31157,312.05,0.48,0.64,2024-06-16,18,N,VIIRS,n,2,294.76,1.39,N,0
35.58109,36.31315,308.48,0.48,0.64,2024-06-16,18,N,VIIRS,n,2,294.76,1.41,N,0
35.58253,36.308,309.79,0.48,0.64,2024-06-16,18,N,VIIRS,n,2,294.07,2.19,N,0
35.58593,36.30883,315.29,0.48,0.64,2024-06-16,18,N,VIIRS,n,2,293.64,1.39,N,0
36.26184,33.7295,306.21,0.34,0.56,2024-06-16,18,N,VIIRS,n,2,294.79,1.04,N,2
36.26385,33.72895,310.58,0.34,0.56,2024-06-16,18,N,VIIRS,n,2,295.75,1.17,N,2
36.43979,37.15937,301.63,0.5,0.66,2024-06-16,18,N,VIIRS,n,2,290.23,0.68,N,0
36.69875,36.20771,305.74,0.44,0.62,2024-06-16,18,N,VIIRS,n,2,294.89,2.07,N,2
36.69939,36.20638,307.71,0.44,0.62,2024-06-16,18,N,VIIRS,n,2,294.87,1.53,N,2
36.72957,36.20906,307.89,0.44,0.62,2024-06-16,18,N,VIIRS,n,2,295.83,1.56,N,2
36.74458,36.19953,324.86,0.44,0.62,2024-06-16,18,N,VIIRS,n,2,295.45,3.35,N,2
36.79553,36.75788,321.35,0.47,0.64,2024-06-16,18,N,VIIRS,n,2,290.62,1.75,N,0
36.7968,36.75332,314.47,0.47,0.64,2024-06-16,18,N,VIIRS,n,2,290.43,1.75,N,0
36.93614,30.64511,313.74,0.45,0.47,2024-06-16,18,N,VIIRS,n,2,295.89,2.43,N,2
37.87436,28.3736,309.62,0.5,0.41,2024-06-16,18,N,VIIRS,n,2,290.53,1.33,N,0
38.42794,27.21802,309.06,0.45,0.39,2024-06-16,18,N,VIIRS,n,2,294.78,0.85,N,2
38.5232,27.98685,303.19,0.47,0.4,2024-06-16,18,N,VIIRS,n,2,289.45,0.71,N,0
36.34405,43.83952,367.0,0.4,0.37,2024-06-16,957,N,VIIRS,h,2,345.93,102.6,D,0
35.57484,36.31455,354.66,0.56,0.52,2024-06-16,958,N,VIIRS,n,2,322.89,63.31,D,0
35.70157,36.25645,367.0,0.56,0.52,2024-06-16,958,N,VIIRS,h,2,314.69,13.39,D,0
35.72372,36.26107,343.38,0.56,0.51,2024-06-16,958,N,VIIRS,n,2,309.63,25.76,D,0
35.72501,36.2712,355.08,0.56,0.51,2024-06-16,958,N,VIIRS,n,2,315.78,33.23,D,0
35.726,36.27063,353.33,0.56,0.51,2024-06-16,958,N,VIIRS,n,2,315.36,21.6,D,0
35.7261,36.2759,349.87,0.56,0.51,2024-06-16,958,N,VIIRS,n,2,314.62,16.2,D,0
35.72711,36.2753,355.08,0.56,0.51,2024-06-16,958,N,VIIRS,n,2,314.12,21.6,D,0
36.00404,37.02787,367.0,0.5,0.49,2024-06-16,958,N,VIIRS,h,2,321.07,49.33,D,0
36.00871,37.02361,352.43,0.5,0.49,2024-06-16,958,N,VIIRS,n,2,318.39,14.63,D,0
36.25571,37.09322,345.27,0.49,0.49,2024-06-16,958,N,VIIRS,n,2,317.98,9.95,D,0
36.25887,37.095,345.07,0.49,0.49,2024-06-16,958,N,VIIRS,n,2,318.29,8.24,D,0
36.71682,36.19991,338.16,0.53,0.5,2024-06-16,958,N,VIIRS,n,2,303.01,8.37,D,2
36.71917,36.19981,338.42,0.54,0.5,2024-06-16,958,N,VIIRS,n,2,303.92,6.88,D,2
36.7467,36.20182,331.64,0.53,0.5,2024-06-16,958,N,VIIRS,n,2,298.92,5.33,D,2
36.79055,36.76338,346.16,0.5,0.49,2024-06-16,958,N,VIIRS,n,2,312.57,11.52,D,0
36.79338,36.75503,355.63,0.5,0.49,2024-06-16,958,N,VIIRS,n,2,311.58,11.52,D,0
36.79472,36.7609,351.05,0.5,0.49,2024-06-16,958,N,VIIRS,n,2,314.75,11.52,D,0
36.82822,37.82199,349.65,0.44,0.46,2024-06-16,958,N,VIIRS,n,2,322.85,4.58,D,0
36.85214,42.90852,367.0,0.41,0.37,2024-06-16,958,N,VIIRS,h,2,318.63,11.2,D,0
36.86692,38.88473,355.93,0.39,0.44,2024-06-16,958,N,VIIRS,n,2,322.13,17.62,D,0
36.93669,42.46523,347.92,0.42,0.38,2024-06-16,958,N,VIIRS,n,2,316.74,11.09,D,0
36.93848,42.45509,367.0,0.42,0.38,2024-06-16,958,N,VIIRS,h,2,319.15,16.64,D,0
36.9393,42.45967,353.89,0.42,0.38,2024-06-16,958,N,VIIRS,n,2,315.95,11.09,D,0
36.94189,42.45411,348.02,0.42,0.38,2024-06-16,958,N,VIIRS,n,2,316.26,21.95,D,0
36.95982,42.65791,367.0,0.41,0.37,2024-06-16,958,N,VIIRS,h,2,327.97,24.27,D,0
37.1004,41.16833,352.37,0.46,0.39,2024-06-16,958,N,VIIRS,n,2,323.89,11.01,D,0
37.14631,41.94264,367.0,0.43,0.38,2024-06-16,958,N,VIIRS,h,2,358.47,218.05,D,0
39.25637,34.61542,342.03,0.56,0.52,2024-06-16,959,N,VIIRS,n,2,305.24,13.45,D,0
39.91412,32.776,342.43,0.34,0.56,2024-06-16,959,N,VIIRS,n,2,303.84,2.35,D,0
39.96534,32.7621,337.15,0.33,0.56,2024-06-16,959,N,VIIRS,n,2,304.4,1.47,D,0
41.26534,31.4314,336.66,0.36,0.57,2024-06-16,959,N,VIIRS,n,2,302.24,6.64,D,2
35.57268,36.32486,347.47,0.7,0.75,2024-06-16,1138,N,VIIRS,n,2,313.59,8.83,D,0
35.57734,36.31689,349.76,0.7,0.75,2024-06-16,1138,N,VIIRS,n,2,315.26,23.25,D,0
35.57748,36.32496,367.0,0.7,0.75,2024-06-16,1138,N,VIIRS,h,2,314.75,28.75,D,0
35.57953,36.31667,347.3,0.7,0.75,2024-06-16,1138,N,VIIRS,n,2,315.37,13.51,D,0
35.57971,36.32471,367.0,0.7,0.75,2024-06-16,1138,N,VIIRS,h,2,314.73,13.51,D,0
35.72152,36.28083,344.54,0.7,0.75,2024-06-16,1138,N,VIIRS,n,2,307.38,12.35,D,0
35.72399,36.27449,350.01,0.7,0.75,2024-06-16,1138,N,VIIRS,n,2,306.29,10.17,D,0
36.12022,36.91229,343.47,0.76,0.77,2024-06-16,1138,N,VIIRS,n,2,311.76,10.82,D,0
36.12111,36.90615,348.71,0.76,0.77,2024-06-16,1138,N,VIIRS,n,2,311.34,8.87,D,0
36.79357,36.75391,342.81,0.75,0.77,2024-06-16,1139,N,VIIRS,n,2,303.07,9.46,D,0
36.79417,36.80258,336.59,0.76,0.77,2024-06-16,1139,N,VIIRS,n,2,303.63,18.79,D,0
36.79425,36.80942,367.0,0.76,0.77,2024-06-16,1139,N,VIIRS,h,2,307.35,18.79,D,0
38.13416,27.78727,345.43,0.5,0.49,2024-06-16,1139,N,VIIRS,n,2,310.34,6.08,D,0
38.34084,34.64043,333.79,0.59,0.7,2024-06-16,1139,N,VIIRS,n,2,304.59,1.82,D,0
38.44548,27.22405,343.34,0.47,0.48,2024-06-16,1139,N,VIIRS,n,2,312.94,7.93,D,0
38.5934,26.8915,344.12,0.45,0.47,2024-06-16,1139,N,VIIRS,n,2,312.21,4.78,D,0
41.1069,37.31894,299.02,0.69,0.74,2024-06-16,2217,N,VIIRS,n,2,287.52,0.94,N,0
35.51099,44.37177,311.2,0.52,0.5,2024-06-16,2218,N,VIIRS,n,2,296.83,2.95,N,2
35.5274,44.34425,338.19,0.52,0.5,2024-06-16,2218,N,VIIRS,n,2,296.65,5.76,N,2
35.52791,44.33832,331.7,0.52,0.5,2024-06-16,2218,N,VIIRS,n,2,296.02,5.76,N,2
35.53254,44.339,345.85,0.52,0.5,2024-06-16,2218,N,VIIRS,n,2,297.32,5.76,N,2
35.53305,44.33311,315.9,0.52,0.5,2024-06-16,2218,N,VIIRS,n,2,296.6,6.42,N,2
35.56289,44.28494,310.9,0.53,0.5,2024-06-16,2218,N,VIIRS,n,2,296.44,3.52,N,2
35.56552,44.28378,314.16,0.53,0.5,2024-06-16,2218,N,VIIRS,n,2,296.76,2.87,N,2
35.62809,44.00607,339.87,0.55,0.51,2024-06-16,2218,N,VIIRS,n,2,299.57,7.21,N,2
35.66002,43.96687,311.36,0.55,0.51,2024-06-16,2218,N,VIIRS,n,2,295.6,3.04,N,2
35.66053,43.9607,324.07,0.55,0.51,2024-06-16,2218,N,VIIRS,n,2,296.22,3.04,N,2
35.66476,43.96754,307.25,0.55,0.51,2024-06-16,2218,N,VIIRS,n,2,296.26,2.33,N,2
35.66527,43.96138,321.27,0.55,0.51,2024-06-16,2218,N,VIIRS,n,2,296.55,2.33,N,2
35.67931,36.26115,333.08,0.74,0.76,2024-06-16,2218,N,VIIRS,n,2,294.7,9.04,N,0
35.67941,36.25652,307.27,0.74,0.76,2024-06-16,2218,N,VIIRS,n,2,295.47,7.17,N,0
35.68172,36.26436,313.21,0.74,0.76,2024-06-16,2218,N,VIIRS,n,2,293.49,5.38,N,0
35.6818,36.25985,330.34,0.74,0.76,2024-06-16,2218,N,VIIRS,n,2,295.74,9.96,N,0
35.68673,43.87603,314.94,0.56,0.51,2024-06-16,2218,N,VIIRS,n,2,297.89,2.85,N,2
35.69397,36.24802,367.0,0.74,0.76,2024-06-16,2218,N,VIIRS,h,2,297.46,10.58,N,0
35.6941,36.24187,309.39,0.75,0.77,2024-06-16,2218,N,VIIRS,n,2,291.41,10.58,N,0
35.69633,36.25142,306.5,0.74,0.76,2024-06-16,2218,N,VIIRS,n,2,294.16,8.45,N,0
35.69641,36.24623,367.0,0.75,0.77,2024-06-16,2218,N,VIIRS,h,2,297.66,8.45,N,0
35.72204,44.03783,312.33,0.55,0.51,2024-06-16,2218,N,VIIRS,n,2,299.18,4.09,N,2
35.72676,44.03863,342.23,0.55,0.51,2024-06-16,2218,N,VIIRS,n,2,301.73,13.56,N,2
35.72725,44.03241,317.31,0.55,0.51,2024-06-16,2218,N,VIIRS,n,2,299.06,3.18,N,2
35.73197,44.03318,316.85,0.55,0.51,2024-06-16,2218,N,VIIRS,n,2,299.55,3.18,N,2
35.77336,43.99535,323.31,0.55,0.51,2024-06-16,2218,N,VIIRS,n,2,299.91,4.96,N,2
35.92413,43.78566,321.01,0.57,0.52,2024-06-16,2218,N,VIIRS,n,2,299.34,5.31,N,2
35.92508,43.78575,316.59,0.57,0.52,2024-06-16,2218,N,VIIRS,n,2,298.91,4.36,N,2
35.95314,43.72393,314.32,0.57,0.52,2024-06-16,2218,N,VIIRS,n,2,298.27,4.73,N,2
35.96943,43.76537,314.79,0.57,0.52,2024-06-16,2218,N,VIIRS,n,2,300.55,3.53,N,2
35.97377,43.77205,317.23,0.57,0.52,2024-06-16,2218,N,VIIRS,n,2,299.46,3.53,N,2
35.99892,43.76178,310.7,0.57,0.52,2024-06-16,2218,N,VIIRS,n,2,296.76,2.32,N,2
36.02012,43.67927,332.46,0.58,0.52,2024-06-16,2218,N,VIIRS,n,2,299.45,6.91,N,2
36.05089,39.08202,302.29,0.52,0.67,2024-06-16,2218,N,VIIRS,n,2,292.13,0.4,N,0
36.10006,43.63002,306.45,0.58,0.52,2024-06-16,2218,N,VIIRS,n,2,294.1,0.96,N,0
36.12746,43.77868,310.29,0.57,0.52,2024-06-16,2218,N,VIIRS,n,2,299.53,3.53,N,2
36.12997,37.54764,306.48,0.63,0.72,2024-06-16,2218,N,VIIRS,n,2,290.64,0.73,N,0
36.13169,40.80816,313.24,0.42,0.61,2024-06-16,2218,N,VIIRS,n,2,294.77,1.01,N,2
36.14284,40.81372,333.87,0.42,0.61,2024-06-16,2218,N,VIIRS,n,2,295.01,2.3,N,2
36.14439,40.81547,316.73,0.42,0.61,2024-06-16,2218,N,VIIRS,n,2,293.25,1.49,N,2
36.14464,40.81063,313.12,0.42,0.61,2024-06-16,2218,N,VIIRS,n,2,292.81,1.49,N,2
36.16627,41.04563,306.04,0.41,0.6,2024-06-16,2218,N,VIIRS,n,2,295.05,1.05,N,0
36.17796,37.70584,302.22,0.62,0.72,2024-06-16,2218,N,VIIRS,n,2,289.86,0.45,N,0
36.35251,42.0743,315.52,0.36,0.57,2024-06-16,2218,N,VIIRS,n,2,300.62,2.06,N,2
36.44294,42.92683,308.01,0.32,0.55,2024-06-16,2218,N,VIIRS,n,2,296.19,1.59,N,2
36.46042,42.66762,309.4,0.33,0.55,2024-06-16,2218,N,VIIRS,n,2,293.48,0.53,N,2
36.72254,42.59652,305.14,0.34,0.56,2024-06-16,2218,N,VIIRS,n,2,293.7,0.6,N,2
36.74847,40.08991,303.84,0.46,0.64,2024-06-16,2218,N,VIIRS,n,2,292.65,1.35,N,0
36.74871,40.08447,315.41,0.46,0.64,2024-06-16,2218,N,VIIRS,n,2,291.17,1.98,N,0
36.77626,43.32626,317.95,0.61,0.54,2024-06-16,2218,N,VIIRS,n,2,298.25,4.84,N,2
36.81979,38.79935,303.65,0.55,0.68,2024-06-16,2218,N,VIIRS,n,2,293.27,0.71,N,0
36.82163,38.79591,304.19,0.55,0.68,2024-06-16,2218,N,VIIRS,n,2,293.72,0.74,N,0
36.82796,41.82022,305.22,0.37,0.58,2024-06-16,2218,N,VIIRS,n,2,289.23,0.55,N,0
36.83339,41.82078,299.97,0.37,0.58,2024-06-16,2218,N,VIIRS,n,2,289.76,0.55,N,0
36.8341,39.09251,303.82,0.53,0.67,2024-06-16,2218,N,VIIRS,n,2,292.6,0.48,N,0
36.85577,39.1093,303.93,0.53,0.67,2024-06-16,2218,N,VIIRS,n,2,293.13,1.11,N,0
36.85867,38.41365,307.43,0.57,0.69,2024-06-16,2218,N,VIIRS,n,2,293.55,0.87,N,0
36.86205,39.10972,307.01,0.53,0.67,2024-06-16,2218,N,VIIRS,n,2,293.01,1.15,N,0
36.86227,39.10357,307.09,0.53,0.67,2024-06-16,2218,N,VIIRS,n,2,293.5,1.74,N,0
36.87002,43.48818,311.12,0.6,0.53,2024-06-16,2218,N,VIIRS,n,2,295.22,2.32,N,2
36.87074,39.04245,320.84,0.53,0.67,2024-06-16,2218,N,VIIRS,n,2,293.2,2.76,N,0
36.87096,39.03627,319.64,0.53,0.67,2024-06-16,2218,N,VIIRS,n,2,293.76,2.76,N,0
36.87727,39.03667,350.6,0.53,0.67,2024-06-16,2218,N,VIIRS,n,2,296.95,8.04,N,0
36.87749,39.0305,307.49,0.53,0.67,2024-06-16,2218,N,VIIRS,n,2,294.05,6.37,N,0
36.88525,40.08804,301.67,0.47,0.64,2024-06-16,2218,N,VIIRS,n,2,291.25,0.98,N,0
36.8857,40.07731,302.34,0.47,0.64,2024-06-16,2218,N,VIIRS,n,2,291.8,0.54,N,0
36.88592,40.07191,308.18,0.47,0.64,2024-06-16,2218,N,VIIRS,n,2,290.86,0.54,N,0
36.88874,40.09412,311.67,0.46,0.64,2024-06-16,2218,N,VIIRS,n,2,292.11,3.36,N,0
36.889,40.08876,340.95,0.47,0.64,2024-06-16,2218,N,VIIRS,n,2,294.18,3.36,N,0
36.88925,40.08341,325.62,0.47,0.64,2024-06-16,2218,N,VIIRS,n,2,293.44,3.42,N,0
36.88951,40.07806,309.21,0.47,0.64,2024-06-16,2218,N,VIIRS,n,2,291.82,3.42,N,0
36.88976,40.07265,312.22,0.47,0.64,2024-06-16,2218,N,VIIRS,n,2,290.43,1.87,N,0
36.891,40.09388,312.47,0.47,0.64,2024-06-16,2218,N,VIIRS,n,2,292.87,2.26,N,0
36.89122,40.08849,338.44,0.47,0.64,2024-06-16,2218,N,VIIRS,n,2,294.36,4.24,N,0
36.89145,40.08315,322.5,0.47,0.64,2024-06-16,2218,N,VIIRS,n,2,293.43,4.24,N,0
36.8919,40.07239,303.49,0.47,0.64,2024-06-16,2218,N,VIIRS,n,2,290.18,2.11,N,0
36.89462,43.42634,320.31,0.61,0.53,2024-06-16,2218,N,VIIRS,n,2,293.14,3.32,N,2
36.89492,43.42508,317.42,0.61,0.53,2024-06-16,2218,N,VIIRS,n,2,292.5,2.57,N,2
36.90765,43.38616,337.29,0.61,0.54,2024-06-16,2218,N,VIIRS,n,2,293.68,7.42,N,2
36.90771,43.38472,330.53,0.61,0.54,2024-06-16,2218,N,VIIRS,n,2,293.0,5.37,N,2
36.9124,42.51041,312.57,0.34,0.56,2024-06-16,2218,N,VIIRS,n,2,294.58,0.96,N,0
36.91264,42.50663,326.84,0.34,0.56,2024-06-16,2218,N,VIIRS,n,2,295.27,2.8,N,0
36.91542,39.1056,304.96,0.53,0.67,2024-06-16,2218,N,VIIRS,n,2,292.4,1.98,N,0
36.91621,41.8934,313.43,0.37,0.58,2024-06-16,2218,N,VIIRS,n,2,290.66,0.84,N,2
36.91739,42.51456,314.37,0.34,0.56,2024-06-16,2218,N,VIIRS,n,2,291.38,0.96,N,0
36.91764,42.5107,302.03,0.34,0.56,2024-06-16,2218,N,VIIRS,n,2,291.47,0.96,N,0
36.91882,39.10736,313.93,0.53,0.67,2024-06-16,2218,N,VIIRS,n,2,292.38,3.3,N,0
36.91905,39.10121,333.57,0.53,0.67,2024-06-16,2218,N,VIIRS,n,2,293.66,3.3,N,0
36.9217,39.10602,323.16,0.53,0.67,2024-06-16,2218,N,VIIRS,n,2,293.22,1.98,N,0
36.92191,39.09986,315.46,0.53,0.67,2024-06-16,2218,N,VIIRS,n,2,292.81,5.34,N,0
36.92471,39.01346,311.25,0.53,0.67,2024-06-16,2218,N,VIIRS,n,2,292.86,1.99,N,0
36.93158,41.64746,352.14,0.38,0.59,2024-06-16,2218,N,VIIRS,n,2,290.52,7.33,N,0
36.93173,41.64947,301.22,0.38,0.59,2024-06-16,2218,N,VIIRS,n,2,290.08,5.74,N,0
36.93185,41.64308,367.0,0.38,0.59,2024-06-16,2218,N,VIIRS,h,2,290.93,13.09,N,0
36.93196,41.64508,367.0,0.38,0.59,2024-06-16,2218,N,VIIRS,h,2,293.65,5.74,N,0
36.93221,41.64067,335.98,0.38,0.59,2024-06-16,2218,N,VIIRS,n,2,290.96,5.55,N,0
36.93631,42.13074,320.87,0.36,0.57,2024-06-16,2218,N,VIIRS,n,2,293.33,2.03,N,2
36.93708,42.11827,334.65,0.36,0.57,2024-06-16,2218,N,VIIRS,n,2,292.99,3.13,N,2
36.93745,41.64562,334.58,0.38,0.59,2024-06-16,2218,N,VIIRS,n,2,291.83,5.74,N,0
36.9377,41.64119,339.45,0.38,0.59,2024-06-16,2218,N,VIIRS,n,2,291.69,5.55,N,0
36.93795,41.63676,302.6,0.38,0.59,2024-06-16,2218,N,VIIRS,n,2,290.0,5.55,N,0
36.93819,41.63232,300.33,0.38,0.59,2024-06-16,2218,N,VIIRS,n,2,289.75,0.71,N,0
36.93939,42.16782,300.91,0.36,0.57,2024-06-16,2218,N,VIIRS,n,2,289.42,0.94,N,2
36.94472,42.16836,311.91,0.36,0.57,2024-06-16,2218,N,VIIRS,n,2,291.55,1.07,N,2
36.94699,42.13186,313.56,0.36,0.57,2024-06-16,2218,N,VIIRS,n,2,292.43,1.43,N,2
36.94724,42.12778,324.34,0.36,0.57,2024-06-16,2218,N,VIIRS,n,2,294.69,1.43,N,0
36.96286,42.04942,304.15,0.36,0.58,2024-06-16,2218,N,VIIRS,n,2,290.44,0.6,N,2
36.96616,42.08327,302.97,0.36,0.57,2024-06-16,2218,N,VIIRS,n,2,289.54,1.12,N,2
36.96642,42.0791,320.26,0.36,0.57,2024-06-16,2218,N,VIIRS,n,2,290.06,1.12,N,2
36.97897,40.13403,316.12,0.46,0.64,2024-06-16,2218,N,VIIRS,n,2,293.31,2.27,N,0
36.97921,40.12873,319.32,0.46,0.64,2024-06-16,2218,N,VIIRS,n,2,291.63,3.34,N,0
36.98178,40.13494,308.05,0.46,0.64,2024-06-16,2218,N,VIIRS,n,2,292.98,2.34,N,0
36.98199,40.12966,333.91,0.46,0.64,2024-06-16,2218,N,VIIRS,n,2,293.48,2.34,N,0
36.98517,40.12923,302.89,0.46,0.64,2024-06-16,2218,N,VIIRS,n,2,292.22,1.07,N,0
36.9975,41.56239,313.84,0.39,0.59,2024-06-16,2218,N,VIIRS,n,2,290.85,0.87,N,2
37.0007,40.30056,300.07,0.45,0.63,2024-06-16,2218,N,VIIRS,n,2,289.64,5.54,N,0
37.0042,40.30723,314.76,0.45,0.63,2024-06-16,2218,N,VIIRS,n,2,291.37,4.15,N,0
37.00444,40.30197,344.56,0.45,0.63,2024-06-16,2218,N,VIIRS,n,2,292.61,4.15,N,0
37.00634,40.30639,337.39,0.45,0.63,2024-06-16,2218,N,VIIRS,n,2,292.72,7.3,N,0
37.0066,40.30112,345.14,0.45,0.63,2024-06-16,2218,N,VIIRS,n,2,293.75,5.54,N,0
37.01034,40.30253,336.04,0.45,0.63,2024-06-16,2218,N,VIIRS,n,2,292.66,4.22,N,0
37.02892,41.30621,315.11,0.4,0.6,2024-06-16,2218,N,VIIRS,n,2,290.06,0.85,N,0
37.02918,41.30162,300.43,0.4,0.6,2024-06-16,2218,N,VIIRS,n,2,289.22,0.85,N,0
37.03232,41.30243,300.07,0.4,0.6,2024-06-16,2218,N,VIIRS,n,2,289.18,2.03,N,0
37.03345,42.16743,308.01,0.36,0.57,2024-06-16,2218,N,VIIRS,n,2,293.61,0.81,N,2
37.03504,41.29755,298.98,0.4,0.6,2024-06-16,2218,N,VIIRS,n,2,288.6,1.08,N,0
37.03815,41.29837,325.98,0.4,0.6,2024-06-16,2218,N,VIIRS,n,2,290.93,2.03,N,0
37.03839,41.29378,345.44,0.4,0.6,2024-06-16,2218,N,VIIRS,n,2,292.49,6.52,N,0
37.04063,41.2981,343.34,0.4,0.6,2024-06-16,2218,N,VIIRS,n,2,292.79,3.4,N,0
37.0409,41.29351,321.48,0.4,0.6,2024-06-16,2218,N,VIIRS,n,2,291.0,3.4,N,0
37.07756,42.55428,326.24,0.34,0.56,2024-06-16,2218,N,VIIRS,n,2,295.26,2.9,N,2
37.07784,42.55493,331.55,0.34,0.56,2024-06-16,2218,N,VIIRS,n,2,296.43,2.84,N,2
37.10206,39.08804,309.87,0.53,0.67,2024-06-16,2218,N,VIIRS,n,2,293.16,1.26,N,0
37.12842,41.0872,336.01,0.41,0.61,2024-06-16,2218,N,VIIRS,n,2,296.67,4.1,N,0
37.17353,41.85766,300.71,0.37,0.58,2024-06-16,2218,N,VIIRS,n,2,290.7,1.12,N,0
37.17378,41.8534,322.01,0.37,0.58,2024-06-16,2218,N,VIIRS,n,2,292.11,1.12,N,0
37.17396,40.87812,302.56,0.42,0.61,2024-06-16,2218,N,VIIRS,n,2,292.45,0.78,N,0
37.17522,40.87726,304.81,0.42,0.61,2024-06-16,2218,N,VIIRS,n,2,292.93,0.99,N,0
37.18185,41.90144,305.76,0.37,0.58,2024-06-16,2218,N,VIIRS,n,2,291.87,33.46,N,0
37.18676,41.91044,301.42,0.37,0.58,2024-06-16,2218,N,VIIRS,n,2,289.7,50.96,N,0
37.18707,40.73989,306.88,0.43,0.62,2024-06-16,2218,N,VIIRS,n,2,293.35,0.92,N,0
37.18727,41.90195,367.0,0.37,0.58,2024-06-16,2218,N,VIIRS,h,2,314.96,33.46,N,0
37.18734,40.73488,315.53,0.43,0.62,2024-06-16,2218,N,VIIRS,n,2,293.34,0.92,N,0
37.18753,40.73877,307.53,0.43,0.62,2024-06-16,2218,N,VIIRS,n,2,293.33,0.89,N,0
37.18753,41.8977,309.35,0.37,0.58,2024-06-16,2218,N,VIIRS,n,2,291.8,33.46,N,0
37.18777,40.73375,310.66,0.43,0.62,2024-06-16,2218,N,VIIRS,n,2,293.0,0.89,N,0
37.18779,41.89339,330.09,0.37,0.58,2024-06-16,2218,N,VIIRS,n,2,292.19,3.12,N,0
37.19244,41.90674,345.83,0.37,0.58,2024-06-16,2218,N,VIIRS,n,2,294.21,3.59,N,0
37.1927,41.9025,306.6,0.37,0.58,2024-06-16,2218,N,VIIRS,n,2,293.46,2.82,N,0
37.22584,40.66625,307.41,0.44,0.62,2024-06-16,2218,N,VIIRS,n,2,290.87,0.64,N,0
37.23908,40.25064,346.14,0.46,0.63,2024-06-16,2218,N,VIIRS,n,2,291.2,5.09,N,0
37.23931,40.24532,307.61,0.46,0.63,2024-06-16,2218,N,VIIRS,n,2,289.76,4.83,N,0
37.24501,40.2512,317.2,0.46,0.63,2024-06-16,2218,N,VIIRS,n,2,289.9,1.5,N,0
37.27579,38.72859,306.23,0.56,0.68,2024-06-16,2218,N,VIIRS,n,2,295.28,0.67,N,2
37.50558,39.24338,310.54,0.52,0.67,2024-06-16,2218,N,VIIRS,n,2,290.79,1.35,N,0
38.03196,37.31028,298.67,0.67,0.74,2024-06-16,2218,N,VIIRS,n,2,286.74,0.93,N,0
38.03761,40.23265,306.96,0.47,0.64,2024-06-16,2218,N,VIIRS,n,2,288.43,0.78,N,0
38.041,40.23243,310.82,0.47,0.64,2024-06-16,2218,N,VIIRS,n,2,289.1,1.05,N,0
35.51446,44.36955,306.41,0.71,0.75,2024-06-16,2358,N,VIIRS,n,2,295.01,4.26,N,0
35.52383,44.33989,323.04,0.7,0.75,2024-06-16,2358,N,VIIRS,n,2,295.37,4.83,N,2
35.53049,44.34275,321.48,0.7,0.75,2024-06-16,2358,N,VIIRS,n,2,295.46,4.83,N,2
35.53284,44.33527,337.08,0.7,0.75,2024-06-16,2358,N,VIIRS,n,2,296.76,12.51,N,2
35.56488,44.28141,315.63,0.7,0.75,2024-06-16,2358,N,VIIRS,n,2,295.67,3.76,N,2
35.6277,44.00931,319.62,0.67,0.74,2024-06-16,2358,N,VIIRS,n,2,295.0,3.66,N,2
35.62991,44.00223,326.25,0.67,0.74,2024-06-16,2358,N,VIIRS,n,2,295.32,3.66,N,2
35.66303,43.9672,315.44,0.67,0.74,2024-06-16,2358,N,VIIRS,n,2,295.05,3.81,N,2
35.66531,43.95989,323.45,0.67,0.73,2024-06-16,2358,N,VIIRS,n,2,295.43,5.46,N,2
35.68542,43.87133,310.83,0.66,0.73,2024-06-16,2358,N,VIIRS,n,2,294.2,1.79,N,2
35.72104,44.04278,306.95,0.67,0.74,2024-06-16,2358,N,VIIRS,n,2,296.56,8.46,N,2
35.72308,44.04195,322.92,0.67,0.74,2024-06-16,2358,N,VIIRS,n,2,297.15,6.02,N,2
35.72324,44.03561,327.96,0.67,0.74,2024-06-16,2358,N,VIIRS,n,2,297.05,4.67,N,2
35.72533,44.03475,329.12,0.67,0.74,2024-06-16,2358,N,VIIRS,n,2,297.8,6.02,N,2
35.72757,44.0276,311.68,0.67,0.74,2024-06-16,2358,N,VIIRS,n,2,296.69,6.52,N,2
35.72987,44.03811,331.69,0.67,0.74,2024-06-16,2358,N,VIIRS,n,2,297.71,4.67,N,2
35.73205,44.03099,316.27,0.67,0.74,2024-06-16,2358,N,VIIRS,n,2,297.36,4.67,N,2
35.77356,43.99167,315.85,0.67,0.73,2024-06-16,2358,N,VIIRS,n,2,297.17,4.8,N,2
35.77597,43.99092,310.57,0.67,0.73,2024-06-16,2358,N,VIIRS,n,2,297.06,5.37,N,2
35.92661,43.78638,306.93,0.64,0.72,2024-06-16,2358,N,VIIRS,n,2,294.23,1.84,N,2
35.95161,43.72778,308.17,0.64,0.72,2024-06-16,2358,N,VIIRS,n,2,295.57,2.56,N,2
35.95487,43.72744,307.88,0.64,0.72,2024-06-16,2358,N,VIIRS,n,2,295.75,1.79,N,2
35.96881,43.76684,309.09,0.64,0.72,2024-06-16,2358,N,VIIRS,n,2,296.87,4.55,N,2
36.01986,43.68075,326.0,0.63,0.72,2024-06-16,2358,N,VIIRS,n,2,296.25,3.75,N,2
36.09837,43.62818,302.86,0.63,0.72,2024-06-16,2358,N,VIIRS,n,2,291.52,0.6,N,0
36.44132,42.92933,309.03,0.56,0.69,2024-06-16,2358,N,VIIRS,n,2,294.76,1.71,N,2
36.44301,42.92916,309.2,0.56,0.69,2024-06-16,2358,N,VIIRS,n,2,294.99,1.46,N,2
36.45925,41.2812,313.06,0.46,0.64,2024-06-16,2358,N,VIIRS,n,2,292.2,0.8,N,2
36.73128,43.28065,314.23,0.58,0.7,2024-06-16,2358,N,VIIRS,n,2,295.5,2.64,N,2
36.77415,43.3255,312.22,0.58,0.7,2024-06-16,2358,N,VIIRS,n,2,293.25,2.64,N,2
36.77536,43.31957,325.63,0.58,0.7,2024-06-16,2358,N,VIIRS,n,2,293.96,4.8,N,2
36.7762,43.31872,317.11,0.58,0.7,2024-06-16,2358,N,VIIRS,n,2,293.57,2.64,N,2
36.88576,40.07612,311.67,0.39,0.59,2024-06-16,2358,N,VIIRS,n,2,290.42,1.08,N,0
36.88689,40.07184,303.56,0.39,0.59,2024-06-16,2358,N,VIIRS,n,2,289.2,1.04,N,0
36.88703,40.07397,318.27,0.39,0.59,2024-06-16,2358,N,VIIRS,n,2,290.83,2.02,N,0
36.89138,43.42737,328.29,0.58,0.7,2024-06-16,2358,N,VIIRS,n,2,291.96,3.97,N,2
36.89346,40.0719,303.72,0.39,0.59,2024-06-16,2358,N,VIIRS,n,2,290.23,1.13,N,0
36.90285,43.3892,314.1,0.58,0.7,2024-06-16,2358,N,VIIRS,n,2,291.36,3.04,N,0
36.90916,43.39141,334.25,0.58,0.7,2024-06-16,2358,N,VIIRS,n,2,292.47,3.04,N,2
36.91737,41.89232,300.23,0.49,0.65,2024-06-16,2358,N,VIIRS,n,2,288.63,0.88,N,2
36.93553,42.12904,309.56,0.5,0.66,2024-06-16,2358,N,VIIRS,n,2,291.18,1.82,N,2
36.937,41.64241,306.86,0.47,0.64,2024-06-16,2358,N,VIIRS,n,2,289.26,0.75,N,0
36.93708,42.12363,304.46,0.5,0.66,2024-06-16,2358,N,VIIRS,n,2,290.07,1.82,N,2
36.93845,41.63732,305.43,0.47,0.64,2024-06-16,2358,N,VIIRS,n,2,288.96,1.52,N,0
36.93863,42.11824,325.6,0.5,0.66,2024-06-16,2358,N,VIIRS,n,2,290.98,3.8,N,2
36.94331,42.17023,329.38,0.5,0.66,2024-06-16,2358,N,VIIRS,n,2,291.17,2.77,N,2
36.94709,42.13426,308.2,0.5,0.66,2024-06-16,2358,N,VIIRS,n,2,289.3,3.0,N,2
36.94868,42.12873,338.53,0.5,0.66,2024-06-16,2358,N,VIIRS,n,2,292.98,3.0,N,0
36.96242,42.08074,308.34,0.49,0.65,2024-06-16,2358,N,VIIRS,n,2,289.35,0.97,N,2
36.99117,42.0028,302.24,0.49,0.65,2024-06-16,2358,N,VIIRS,n,2,289.93,0.75,N,2
36.9942,41.21636,304.61,0.45,0.63,2024-06-16,2358,N,VIIRS,n,2,289.8,0.68,N,0
36.99827,41.56036,308.39,0.46,0.64,2024-06-16,2358,N,VIIRS,n,2,290.35,1.08,N,2
37.0265,41.30314,305.88,0.45,0.63,2024-06-16,2358,N,VIIRS,n,2,289.55,0.97,N,0
37.03027,42.16859,309.27,0.5,0.66,2024-06-16,2358,N,VIIRS,n,2,289.9,1.5,N,2
37.03206,41.30558,312.8,0.45,0.63,2024-06-16,2358,N,VIIRS,n,2,289.3,1.05,N,0
37.07568,42.55759,319.64,0.52,0.67,2024-06-16,2358,N,VIIRS,n,2,293.99,1.73,N,2
37.076,42.55747,321.25,0.52,0.67,2024-06-16,2358,N,VIIRS,n,2,294.29,3.37,N,2
37.08085,42.4948,305.48,0.52,0.67,2024-06-16,2358,N,VIIRS,n,2,294.87,2.31,N,0
37.09277,38.93603,332.9,0.34,0.56,2024-06-16,2358,N,VIIRS,n,2,293.61,1.89,N,0
37.12913,41.0903,317.63,0.44,0.62,2024-06-16,2358,N,VIIRS,n,2,293.36,2.54,N,0
37.13046,41.0855,319.06,0.44,0.62,2024-06-16,2358,N,VIIRS,n,2,294.26,3.65,N,0
37.1629,40.62186,306.06,0.41,0.61,2024-06-16,2358,N,VIIRS,n,2,288.76,0.65,N,0
37.16827,40.62415,309.88,0.41,0.61,2024-06-16,2358,N,VIIRS,n,2,288.92,0.92,N,0
37.16949,40.61966,306.15,0.41,0.61,2024-06-16,2358,N,VIIRS,n,2,289.63,1.3,N,0
37.17618,41.90588,302.73,0.48,0.65,2024-06-16,2358,N,VIIRS,n,2,287.93,3.14,N,0
37.17765,41.9006,342.01,0.48,0.65,2024-06-16,2358,N,VIIRS,n,2,291.28,3.14,N,0
37.17844,41.90746,304.18,0.48,0.65,2024-06-16,2358,N,VIIRS,n,2,287.42,2.79,N,0
37.17995,41.90221,352.57,0.48,0.65,2024-06-16,2358,N,VIIRS,n,2,292.91,7.68,N,0
37.18185,41.90849,311.93,0.48,0.65,2024-06-16,2358,N,VIIRS,n,2,287.6,3.14,N,0
37.18333,41.90321,336.88,0.48,0.65,2024-06-16,2358,N,VIIRS,n,2,291.58,3.14,N,0
37.18411,41.91008,297.09,0.48,0.65,2024-06-16,2358,N,VIIRS,n,2,286.75,1.04,N,0
37.18473,40.73355,314.32,0.42,0.61,2024-06-16,2358,N,VIIRS,n,2,291.97,1.25,N,0
37.18481,41.89794,300.89,0.48,0.65,2024-06-16,2358,N,VIIRS,n,2,289.11,4.44,N,0
37.18562,41.90481,329.84,0.48,0.65,2024-06-16,2358,N,VIIRS,n,2,289.22,2.31,N,0
37.18713,41.89954,311.12,0.48,0.65,2024-06-16,2358,N,VIIRS,n,2,288.88,2.31,N,0
37.1889,40.74035,312.14,0.42,0.61,2024-06-16,2358,N,VIIRS,n,2,291.87,1.02,N,0
37.22736,40.66576,300.25,0.41,0.61,2024-06-16,2358,N,VIIRS,n,2,290.05,0.91,N,0
37.33804,40.80128,306.52,0.42,0.61,2024-06-16,2358,N,VIIRS,n,2,293.25,0.68,N,2
38.03926,40.23098,308.03,0.37,0.58,2024-06-16,2358,N,VIIRS,n,2,289.33,0.7,N,0
38.65181,39.77017,334.81,0.34,0.56,2024-06-16,2358,N,VIIRS,n,2,292.0,3.47,N,2
38.65274,39.77079,324.91,0.34,0.56,2024-06-16,2358,N,VIIRS,n,2,291.4,1.74,N,2
38.65375,39.76695,310.19,0.34,0.56,2024-06-16,2358,N,VIIRS,n,2,290.47,1.74,N,2
38.66532,39.23358,310.07,0.32,0.55,2024-06-16,2358,N,VIIRS,n,2,292.5,0.78,N,2
38.66542,39.23466,307.88,0.32,0.55,2024-06-16,2358,N,VIIRS,n,2,292.63,0.95,N,2
39.48386,30.04179,308.09,0.39,0.36,2024-06-16,2358,N,VIIRS,n,2,287.94,1.07,N,2
39.57828,29.86309,298.13,0.39,0.36,2024-06-16,2358,N,VIIRS,n,2,285.11,0.84,N,0
39.74366,30.19827,301.47,0.39,0.36,2024-06-16,2358,N,VIIRS,n,2,287.16,0.87,N,2
39.83562,30.2984,296.62,0.39,0.36,2024-06-16,2358,N,VIIRS,n,2,286.32,0.97,N,2
39.86398,26.24221,310.87,0.42,0.37,2024-06-16,2358,N,VIIRS,n,2,291.85,1.7,N,2
39.86575,26.24534,324.7,0.42,0.37,2024-06-16,2358,N,VIIRS,n,2,294.9,3.0,N,2
39.86742,26.24297,316.49,0.42,0.37,2024-06-16,2358,N,VIIRS,n,2,293.94,1.7,N,2
39.94475,33.18994,306.0,0.47,0.4,2024-06-16,2358,N,VIIRS,n,2,288.48,1.31,N,2
40.04998,32.64888,299.81,0.45,0.39,2024-06-16,2358,N,VIIRS,n,2,289.35,0.88,N,2
40.26181,30.04239,305.16,0.39,0.36,2024-06-16,2358,N,VIIRS,n,2,290.24,0.73,N,2
40.75697,31.78553,296.9,0.41,0.37,2024-06-16,2358,N,VIIRS,n,2,285.68,0.88,N,2
40.75704,29.75925,305.63,0.39,0.36,2024-06-16,2358,N,VIIRS,n,2,292.82,1.54,N,2
40.7802,29.60214,318.67,0.38,0.36,2024-06-16,2358,N,VIIRS,n,2,295.25,2.12,N,2
40.78272,29.60091,312.03,0.38,0.36,2024-06-16,2358,N,VIIRS,n,2,294.42,1.08,N,2
40.94672,31.39723,303.35,0.41,0.37,2024-06-16,2358,N,VIIRS,n,2,287.7,1.05,N,2
41.02118,28.55624,326.43,0.39,0.36,2024-06-16,2358,N,VIIRS,n,2,293.69,1.97,N,2
41.17448,32.63334,311.16,0.43,0.38,2024-06-16,2358,N,VIIRS,n,2,289.27,1.62,N,2
41.18137,32.63565,302.29,0.43,0.38,2024-06-16,2358,N,VIIRS,n,2,289.08,1.32,N,2
41.1848,32.63681,300.21,0.43,0.38,2024-06-16,2358,N,VIIRS,n,2,289.47,0.68,N,0
41.25483,31.41483,316.21,0.4,0.37,2024-06-16,2358,N,VIIRS,n,2,290.26,1.56,N,2
41.25985,31.42639,309.99,0.4,0.37,2024-06-16,2358,N,VIIRS,n,2,291.37,1.92,N,2
41.26403,31.42268,329.25,0.4,0.37,2024-06-16,2358,N,VIIRS,n,2,291.28,1.92,N,2
41.26737,31.42371,320.01,0.4,0.37,2024-06-16,2358,N,VIIRS,n,2,292.84,1.94,N,2
41.62905,27.68317,299.92,0.4,0.37,2024-06-16,2358,N,VIIRS,n,2,288.26,0.9,N,0
41.6361,27.50397,303.66,0.4,0.37,2024-06-16,2358,N,VIIRS,n,2,290.01,1.17,N,2
41.79782,26.70041,302.1,0.42,0.38,2024-06-16,2358,N,VIIRS,n,2,290.24,0.84,N,2
35.51499,44.37258,306.74,0.71,0.75,2024-06-16,2359,N,VIIRS,n,2,294.99,4.02,N,0
35.52423,44.34279,325.75,0.71,0.75,2024-06-16,2359,N,VIIRS,n,2,296.0,3.87,N,2
35.52653,44.33536,312.0,0.7,0.75,2024-06-16,2359,N,VIIRS,n,2,295.56,3.87,N,2
35.52974,36.44826,305.1,0.54,0.51,2024-06-16,2359,N,VIIRS,n,2,288.98,1.14,N,0
35.53319,44.3382,338.53,0.7,0.75,2024-06-16,2359,N,VIIRS,n,2,295.73,8.29,N,2
35.53553,44.33063,305.92,0.7,0.75,2024-06-16,2359,N,VIIRS,n,2,295.52,6.43,N,2
35.56491,44.28415,311.38,0.7,0.75,2024-06-16,2359,N,VIIRS,n,2,295.4,3.81,N,2
35.62857,44.00405,338.52,0.67,0.74,2024-06-16,2359,N,VIIRS,n,2,296.4,6.81,N,2
35.66365,43.96174,337.55,0.67,0.74,2024-06-16,2359,N,VIIRS,n,2,295.93,6.39,N,2
35.67838,36.26667,334.87,0.53,0.5,2024-06-16,2359,N,VIIRS,n,2,300.48,18.98,N,0
35.68049,36.25762,338.87,0.53,0.5,2024-06-16,2359,N,VIIRS,n,2,296.4,17.34,N,0
35.68335,43.87281,311.4,0.66,0.73,2024-06-16,2359,N,VIIRS,n,2,294.0,1.47,N,2
35.6931,36.24512,316.24,0.53,0.5,2024-06-16,2359,N,VIIRS,n,2,292.45,2.21,N,0
35.69747,36.24718,331.82,0.53,0.5,2024-06-16,2359,N,VIIRS,n,2,294.56,4.9,N,0
35.99201,38.00968,300.89,0.32,0.55,2024-06-16,2359,N,VIIRS,n,2,288.24,0.25,N,0
36.03848,38.01589,301.25,0.32,0.55,2024-06-16,2359,N,VIIRS,n,2,290.17,0.42,N,0
36.1314,40.81028,309.79,0.45,0.63,2024-06-16,2359,N,VIIRS,n,2,294.48,0.99,N,2
36.14187,40.81586,339.85,0.45,0.63,2024-06-16,2359,N,VIIRS,n,2,294.17,4.14,N,2
36.14246,40.81523,330.27,0.45,0.63,2024-06-16,2359,N,VIIRS,n,2,294.98,3.03,N,2
36.16502,41.04509,307.12,0.46,0.63,2024-06-16,2359,N,VIIRS,n,2,295.17,0.82,N,0
36.16612,41.04433,309.36,0.46,0.63,2024-06-16,2359,N,VIIRS,n,2,295.43,0.77,N,0
36.26371,33.73214,306.96,0.57,0.43,2024-06-16,2359,N,VIIRS,n,2,294.05,1.09,N,2
36.4481,36.39209,317.17,0.51,0.5,2024-06-16,2359,N,VIIRS,n,2,292.6,2.68,N,0
36.45575,41.27921,310.68,0.46,0.64,2024-06-16,2359,N,VIIRS,n,2,291.37,1.38,N,2
36.71841,36.20026,313.62,0.5,0.49,2024-06-16,2359,N,VIIRS,n,2,294.06,4.13,N,2
36.72773,36.21056,309.29,0.5,0.49,2024-06-16,2359,N,VIIRS,n,2,294.27,2.3,N,2
36.73027,36.21044,311.82,0.5,0.49,2024-06-16,2359,N,VIIRS,n,2,295.06,5.18,N,2
36.73209,36.21216,307.47,0.5,0.49,2024-06-16,2359,N,VIIRS,n,2,295.02,2.3,N,2
36.73773,36.20832,307.8,0.49,0.49,2024-06-16,2359,N,VIIRS,n,2,294.32,4.15,N,2
36.73905,36.21345,304.02,0.5,0.49,2024-06-16,2359,N,VIIRS,n,2,293.93,3.6,N,2
36.74462,36.19912,311.94,0.49,0.49,2024-06-16,2359,N,VIIRS,n,2,294.28,3.64,N,2
36.74709,36.19891,310.77,0.49,0.49,2024-06-16,2359,N,VIIRS,n,2,294.13,4.97,N,2
36.8288,37.81966,308.0,0.6,0.53,2024-06-16,2359,N,VIIRS,n,2,293.23,1.31,N,0
36.85333,38.97775,326.47,0.34,0.56,2024-06-16,2359,N,VIIRS,n,2,293.34,1.38,N,0
36.85431,38.97398,311.69,0.34,0.56,2024-06-16,2359,N,VIIRS,n,2,293.83,1.38,N,0
36.86977,39.04256,303.18,0.35,0.56,2024-06-16,2359,N,VIIRS,n,2,290.73,1.38,N,0
36.87074,39.03878,336.37,0.35,0.56,2024-06-16,2359,N,VIIRS,n,2,293.27,1.38,N,0
36.91553,39.01506,326.94,0.34,0.56,2024-06-16,2359,N,VIIRS,n,2,290.79,1.65,N,0
36.93506,30.64742,310.55,0.42,0.38,2024-06-16,2359,N,VIIRS,n,2,295.6,1.33,N,2
37.29394,37.15659,307.84,0.54,0.51,2024-06-16,2359,N,VIIRS,n,2,295.12,1.48,N,2
37.56126,36.86956,313.85,0.51,0.5,2024-06-16,2359,N,VIIRS,n,2,293.47,1.91,N,0
37.77023,27.43927,308.76,0.39,0.36,2024-06-16,2359,N,VIIRS,n,2,295.43,0.87,N,2
37.8611,29.37288,308.52,0.39,0.36,2024-06-16,2359,N,VIIRS,n,2,292.68,0.97,N,2
37.89834,30.49114,307.06,0.41,0.37,2024-06-16,2359,N,VIIRS,n,2,291.25,1.07,N,2
38.15977,26.80373,319.93,0.39,0.37,2024-06-16,2359,N,VIIRS,n,2,292.85,1.38,N,3
38.42775,27.2159,315.18,0.39,0.36,2024-06-16,2359,N,VIIRS,n,2,296.25,1.59,N,2
38.62923,26.84504,305.71,0.4,0.37,2024-06-16,2359,N,VIIRS,n,2,291.34,0.74,N,0
38.65885,30.61854,307.58,0.41,0.37,2024-06-16,2359,N,VIIRS,n,2,290.23,1.17,N,2
39.16848,27.63074,309.81,0.39,0.36,2024-06-16,2359,N,VIIRS,n,2,293.93,1.05,N,2
