latitude,longitude,bright_ti4,scan,track,acq_date,acq_time,satellite,instrument,confidence,version,bright_ti5,frp,daynight,type
39.487,30.04205,300.77,0.78,0.78,2025-06-27,109,N,VIIRS,n,2,286.5,1.75,N,2
40.78579,29.53121,300.75,0.67,0.74,2025-06-27,109,N,VIIRS,n,2,290.31,0.72,N,0
41.02314,28.55415,305.21,0.59,0.7,2025-06-27,109,N,VIIRS,n,2,291.03,1.09,N,2
41.26215,31.42414,304.6,0.79,0.78,2025-06-27,109,N,VIIRS,n,2,289.4,2.6,N,2
38.57263,27.09908,318.36,0.6,0.7,2025-06-27,110,N,VIIRS,n,2,298.04,46.17,N,0
38.5741,27.09755,333.63,0.6,0.7,2025-06-27,110,N,VIIRS,n,2,300.76,66.84,N,0
38.57452,27.09311,354.0,0.6,0.7,2025-06-27,110,N,VIIRS,n,2,309.19,46.17,N,0
38.5759,27.09176,367.0,0.6,0.7,2025-06-27,110,N,VIIRS,h,2,309.17,53.43,N,0
38.57621,27.08776,324.42,0.59,0.7,2025-06-27,110,N,VIIRS,n,2,298.48,40.8,N,0
38.57763,27.08617,308.71,0.6,0.7,2025-06-27,110,N,VIIRS,n,2,297.99,53.43,N,0
38.5804,27.09704,353.08,0.6,0.7,2025-06-27,110,N,VIIRS,n,2,306.82,46.17,N,0
38.58189,27.09537,367.0,0.6,0.7,2025-06-27,110,N,VIIRS,h,2,303.69,53.43,N,0
38.58228,27.0911,339.72,0.59,0.7,2025-06-27,110,N,VIIRS,n,2,299.12,40.8,N,0
38.72295,26.95769,310.05,0.58,0.7,2025-06-27,110,N,VIIRS,n,2,298.22,11.29,N,0
38.72484,26.95157,367.0,0.58,0.7,2025-06-27,110,N,VIIRS,h,2,311.18,17.58,N,0
38.72661,26.94581,314.96,0.58,0.7,2025-06-27,110,N,VIIRS,n,2,297.77,17.58,N,0
38.73061,26.95567,338.16,0.58,0.7,2025-06-27,110,N,VIIRS,n,2,298.65,8.38,N,0
38.73177,26.95582,308.55,0.58,0.7,2025-06-27,110,N,VIIRS,n,2,296.91,3.81,N,0
38.74036,26.94683,311.1,0.58,0.7,2025-06-27,110,N,VIIRS,n,2,299.25,4.39,N,2
38.74163,26.94685,311.61,0.58,0.7,2025-06-27,110,N,VIIRS,n,2,298.93,4.85,N,2
38.75041,26.93695,307.03,0.58,0.7,2025-06-27,110,N,VIIRS,n,2,296.64,3.23,N,0
38.75174,26.93704,308.19,0.58,0.7,2025-06-27,110,N,VIIRS,n,2,296.71,3.23,N,0
39.86534,26.2419,308.84,0.5,0.66,2025-06-27,110,N,VIIRS,n,2,293.31,1.6,N,2
39.86567,26.24585,307.3,0.5,0.66,2025-06-27,110,N,VIIRS,n,2,293.15,1.3,N,2
35.52552,44.3423,367.0,0.49,0.65,2025-06-27,909,N,VIIRS,h,2,318.67,14.95,D,2
35.53132,44.33996,367.0,0.49,0.65,2025-06-27,909,N,VIIRS,h,2,319.91,18.43,D,2
35.62943,44.00923,367.0,0.51,0.66,2025-06-27,910,N,VIIRS,h,2,324.14,28.15,D,2
35.66187,43.96235,355.07,0.51,0.66,2025-06-27,910,N,VIIRS,n,2,320.05,8.77,D,2
35.66291,43.96527,367.0,0.51,0.66,2025-06-27,910,N,VIIRS,h,2,323.65,23.96,D,2
35.66344,43.96782,367.0,0.51,0.66,2025-06-27,910,N,VIIRS,h,2,320.49,11.65,D,2
35.68256,43.87366,351.61,0.51,0.66,2025-06-27,910,N,VIIRS,n,2,318.77,28.4,D,2
35.68413,43.87918,367.0,0.51,0.66,2025-06-27,910,N,VIIRS,h,2,326.04,28.4,D,2
35.72363,44.04103,367.0,0.5,0.66,2025-06-27,910,N,VIIRS,h,2,319.99,20.62,D,2
35.72796,44.03328,347.66,0.5,0.66,2025-06-27,910,N,VIIRS,n,2,319.18,16.26,D,2
36.89205,43.42702,345.78,0.5,0.66,2025-06-27,910,N,VIIRS,n,2,310.04,4.97,D,2
36.90613,43.38483,343.41,0.51,0.66,2025-06-27,910,N,VIIRS,n,2,309.17,5.66,D,2
37.02916,39.79817,356.92,0.76,0.77,2025-06-27,910,N,VIIRS,n,2,316.86,40.38,D,0
37.03298,39.79654,367.0,0.75,0.77,2025-06-27,910,N,VIIRS,h,2,321.83,41.56,D,0
37.07847,40.26587,367.0,0.71,0.75,2025-06-27,910,N,VIIRS,h,2,318.32,17.32,D,0
37.08099,40.27375,352.78,0.71,0.75,2025-06-27,910,N,VIIRS,n,2,316.41,20.1,D,0
37.38405,39.43682,367.0,0.77,0.77,2025-06-27,910,N,VIIRS,h,2,312.55,13.06,D,0
37.38687,39.44544,343.25,0.77,0.77,2025-06-27,910,N,VIIRS,n,2,312.1,14.36,D,0
35.52422,44.34622,367.0,0.39,0.59,2025-06-27,1050,N,VIIRS,h,2,323.84,6.49,D,2
35.52951,44.34138,367.0,0.39,0.59,2025-06-27,1050,N,VIIRS,h,2,323.74,6.17,D,2
35.53505,44.34082,347.11,0.39,0.59,2025-06-27,1050,N,VIIRS,n,2,321.67,6.17,D,2
35.6263,44.0098,367.0,0.37,0.58,2025-06-27,1050,N,VIIRS,h,2,331.07,11.86,D,2
35.63175,44.00948,367.0,0.37,0.58,2025-06-27,1050,N,VIIRS,h,2,323.26,11.86,D,2
35.66177,43.96399,356.68,0.37,0.58,2025-06-27,1050,N,VIIRS,n,2,322.34,15.26,D,2
35.66203,43.96821,367.0,0.37,0.58,2025-06-27,1050,N,VIIRS,h,2,325.74,21.08,D,2
35.68383,43.88218,367.0,0.37,0.58,2025-06-27,1050,N,VIIRS,h,2,319.84,43.6,D,2
35.68494,43.87745,367.0,0.37,0.58,2025-06-27,1050,N,VIIRS,h,2,334.75,72.85,D,2
35.68519,43.88163,367.0,0.37,0.58,2025-06-27,1050,N,VIIRS,h,2,320.09,40.83,D,2
35.72193,44.04292,367.0,0.38,0.58,2025-06-27,1050,N,VIIRS,h,2,324.71,20.34,D,2
35.72688,44.03387,354.97,0.38,0.58,2025-06-27,1050,N,VIIRS,n,2,323.41,15.99,D,2
36.77658,43.32333,367.0,0.35,0.57,2025-06-27,1050,N,VIIRS,h,2,320.4,9.86,D,2
36.78678,38.95372,367.0,0.41,0.45,2025-06-27,1050,N,VIIRS,h,2,327.39,22.79,D,0
36.83387,43.41141,351.73,0.36,0.57,2025-06-27,1050,N,VIIRS,n,2,317.93,4.65,D,0
36.83412,43.41566,342.57,0.36,0.57,2025-06-27,1050,N,VIIRS,n,2,316.34,4.65,D,0
36.83918,43.41076,367.0,0.36,0.57,2025-06-27,1050,N,VIIRS,h,2,318.3,10.39,D,0
36.8533,39.52852,350.39,0.44,0.46,2025-06-27,1050,N,VIIRS,n,2,321.0,5.92,D,0
36.9077,43.39422,349.21,0.36,0.57,2025-06-27,1050,N,VIIRS,n,2,311.56,3.88,D,2
37.02928,43.57552,349.17,0.36,0.58,2025-06-27,1050,N,VIIRS,n,2,318.07,34.53,D,0
37.02956,43.57999,367.0,0.36,0.58,2025-06-27,1050,N,VIIRS,h,2,315.33,35.41,D,0
37.03181,43.57652,354.37,0.36,0.58,2025-06-27,1050,N,VIIRS,n,2,318.55,36.74,D,0
37.04026,39.78714,367.0,0.45,0.47,2025-06-27,1050,N,VIIRS,h,2,325.11,19.35,D,0
37.06479,36.63849,367.0,0.48,0.4,2025-06-27,1050,N,VIIRS,h,2,345.01,63.2,D,0
37.0673,36.64219,367.0,0.48,0.4,2025-06-27,1050,N,VIIRS,h,2,344.28,30.84,D,0
37.07098,36.64151,367.0,0.48,0.4,2025-06-27,1050,N,VIIRS,h,2,334.04,30.84,D,0
37.09461,41.32769,353.38,0.55,0.51,2025-06-27,1050,N,VIIRS,n,2,322.01,5.68,D,0
37.09953,39.95553,356.98,0.46,0.47,2025-06-27,1050,N,VIIRS,n,2,328.39,18.29,D,0
37.09998,39.96077,367.0,0.46,0.47,2025-06-27,1050,N,VIIRS,h,2,327.68,18.29,D,0
37.10436,39.96014,367.0,0.46,0.47,2025-06-27,1050,N,VIIRS,h,2,340.73,42.24,D,0
37.35588,39.4931,356.51,0.44,0.46,2025-06-27,1050,N,VIIRS,n,2,322.66,19.0,D,0
37.35632,39.49813,345.74,0.44,0.46,2025-06-27,1050,N,VIIRS,n,2,317.15,15.01,D,0
37.42295,39.51402,348.4,0.44,0.46,2025-06-27,1050,N,VIIRS,n,2,322.99,6.81,D,0
37.37184,36.76926,352.89,0.49,0.4,2025-06-27,1051,N,VIIRS,n,2,322.27,9.65,D,0
37.37254,36.7753,349.75,0.49,0.4,2025-06-27,1051,N,VIIRS,n,2,321.67,9.65,D,0
37.48029,36.61875,341.15,0.48,0.4,2025-06-27,1051,N,VIIRS,n,2,314.55,5.38,D,0
39.5153,27.86979,354.82,0.44,0.39,2025-06-27,1051,N,VIIRS,n,2,315.82,76.78,D,0
39.90028,28.87087,339.3,0.41,0.37,2025-06-27,1052,N,VIIRS,n,2,313.45,3.17,D,0
40.36948,30.38457,334.53,0.39,0.36,2025-06-27,1052,N,VIIRS,n,2,294.26,4.38,D,0
40.3702,30.38913,337.39,0.39,0.36,2025-06-27,1052,N,VIIRS,n,2,298.78,34.83,D,0
40.37094,30.3937,336.94,0.39,0.36,2025-06-27,1052,N,VIIRS,n,2,303.25,34.83,D,0
40.37276,30.38362,336.25,0.39,0.36,2025-06-27,1052,N,VIIRS,n,2,298.11,4.38,D,0
40.37349,30.38817,354.28,0.39,0.36,2025-06-27,1052,N,VIIRS,n,2,300.98,34.83,D,0
40.37422,30.39272,367.0,0.39,0.36,2025-06-27,1052,N,VIIRS,h,2,330.53,34.83,D,0
40.37568,30.4018,344.21,0.39,0.36,2025-06-27,1052,N,VIIRS,n,2,307.79,95.54,D,0
40.37677,30.38718,347.39,0.39,0.36,2025-06-27,1052,N,VIIRS,n,2,303.11,132.9,D,0
40.3775,30.39174,367.0,0.39,0.36,2025-06-27,1052,N,VIIRS,h,2,346.73,132.9,D,0
40.37896,30.40084,367.0,0.39,0.36,2025-06-27,1052,N,VIIRS,h,2,362.84,0.0,D,0
40.37933,30.38169,340.46,0.39,0.36,2025-06-27,1052,N,VIIRS,n,2,302.77,9.31,D,0
40.37968,30.40535,350.65,0.39,0.36,2025-06-27,1052,N,VIIRS,n,2,313.6,254.99,D,0
40.38007,30.38623,348.24,0.39,0.36,2025-06-27,1052,N,VIIRS,n,2,316.33,132.9,D,0
40.38079,30.39079,367.0,0.39,0.36,2025-06-27,1052,N,VIIRS,h,2,346.94,132.9,D,0
40.38336,30.38535,367.0,0.39,0.36,2025-06-27,1052,N,VIIRS,h,2,335.45,209.71,D,0
40.38369,30.40889,344.37,0.39,0.36,2025-06-27,1052,N,VIIRS,n,2,316.67,254.99,D,0
40.38462,27.11111,339.89,0.46,0.39,2025-06-27,1052,N,VIIRS,n,2,308.11,4.87,D,0
40.38554,30.39892,367.0,0.39,0.36,2025-06-27,1052,N,VIIRS,h,2,353.81,142.82,D,0
40.38698,30.40794,367.0,0.39,0.36,2025-06-27,1052,N,VIIRS,h,2,348.01,92.3,D,0
40.38738,30.38897,367.0,0.39,0.36,2025-06-27,1052,N,VIIRS,h,2,347.92,209.71,D,0
40.38771,30.41249,338.66,0.39,0.36,2025-06-27,1052,N,VIIRS,n,2,312.28,19.91,D,0
40.38811,30.39349,367.0,0.39,0.36,2025-06-27,1052,N,VIIRS,h,2,357.87,142.82,D,0
40.38883,30.39801,367.0,0.39,0.36,2025-06-27,1052,N,VIIRS,h,2,344.11,142.82,D,0
40.39068,30.3881,341.41,0.39,0.36,2025-06-27,1052,N,VIIRS,n,2,310.36,19.59,D,0
40.39101,30.4116,355.02,0.39,0.36,2025-06-27,1052,N,VIIRS,n,2,326.29,19.91,D,0
40.39213,30.39715,367.0,0.39,0.36,2025-06-27,1052,N,VIIRS,h,2,342.01,81.35,D,0
40.39358,30.40619,356.06,0.39,0.36,2025-06-27,1052,N,VIIRS,n,2,325.39,23.02,D,0
40.39431,30.41072,367.0,0.39,0.36,2025-06-27,1052,N,VIIRS,h,2,324.07,12.61,D,0
40.39471,30.39176,342.61,0.39,0.36,2025-06-27,1052,N,VIIRS,n,2,311.45,81.35,D,0
40.39503,30.41525,344.66,0.39,0.36,2025-06-27,1052,N,VIIRS,n,2,315.82,12.61,D,0
40.39543,30.39629,339.98,0.39,0.36,2025-06-27,1052,N,VIIRS,n,2,309.54,81.35,D,0
40.39615,30.4008,342.98,0.39,0.36,2025-06-27,1052,N,VIIRS,n,2,309.92,23.02,D,0
40.39688,30.4053,344.62,0.39,0.36,2025-06-27,1052,N,VIIRS,n,2,313.19,23.02,D,0
40.3976,30.40984,349.09,0.39,0.36,2025-06-27,1052,N,VIIRS,n,2,320.66,12.61,D,0
40.39833,30.41436,348.28,0.39,0.36,2025-06-27,1052,N,VIIRS,n,2,318.97,12.61,D,0
41.85176,26.71949,344.88,0.45,0.39,2025-06-27,1052,N,VIIRS,n,2,314.08,5.53,D,0
41.85415,26.72198,356.84,0.45,0.39,2025-06-27,1052,N,VIIRS,n,2,315.23,29.02,D,0
41.85665,26.71551,351.66,0.45,0.39,2025-06-27,1052,N,VIIRS,n,2,312.25,12.7,D,0
42.1236,43.01275,300.66,0.39,0.36,2025-06-27,2309,N,VIIRS,n,2,288.48,0.6,N,2
42.15472,42.94921,317.34,0.39,0.36,2025-06-27,2309,N,VIIRS,n,2,288.08,1.48,N,0
42.24923,42.65957,312.14,0.38,0.36,2025-06-27,2309,N,VIIRS,n,2,288.24,0.54,N,0
38.41858,43.2395,301.6,0.41,0.37,2025-06-27,2310,N,VIIRS,n,2,289.87,1.0,N,2
38.77884,40.55213,312.63,0.39,0.36,2025-06-27,2310,N,VIIRS,n,2,293.67,4.82,N,0
38.77951,40.54772,330.11,0.39,0.36,2025-06-27,2310,N,VIIRS,n,2,297.17,6.23,N,0
38.78281,40.54855,322.75,0.39,0.36,2025-06-27,2310,N,VIIRS,n,2,294.96,6.23,N,0
38.8573,35.76297,298.59,0.52,0.42,2025-06-27,2310,N,VIIRS,n,2,286.91,0.97,N,2
39.4846,30.03882,307.37,0.35,0.57,2025-06-27,2310,N,VIIRS,n,2,287.96,1.42,N,2
39.58595,43.89972,303.28,0.41,0.37,2025-06-27,2310,N,VIIRS,n,2,285.6,1.07,N,0
39.7236,36.93506,302.94,0.48,0.4,2025-06-27,2310,N,VIIRS,n,2,286.8,1.13,N,0
39.74327,30.19596,300.14,0.34,0.56,2025-06-27,2310,N,VIIRS,n,2,289.26,0.42,N,2
39.8367,30.30015,310.59,0.34,0.56,2025-06-27,2310,N,VIIRS,n,2,289.49,1.21,N,2
39.83698,30.29873,309.3,0.34,0.56,2025-06-27,2310,N,VIIRS,n,2,289.76,1.2,N,2
39.90048,28.87141,307.25,0.4,0.6,2025-06-27,2310,N,VIIRS,n,2,286.52,0.54,N,0
39.92574,40.66763,297.69,0.39,0.36,2025-06-27,2310,N,VIIRS,n,2,285.82,0.62,N,0
39.94455,33.1913,302.67,0.48,0.48,2025-06-27,2310,N,VIIRS,n,2,290.3,1.52,N,2
39.94651,33.1908,302.31,0.48,0.48,2025-06-27,2310,N,VIIRS,n,2,290.36,0.93,N,2
40.05492,28.42666,300.09,0.43,0.62,2025-06-27,2310,N,VIIRS,n,2,289.1,0.42,N,0
40.24194,29.92414,308.26,0.36,0.57,2025-06-27,2310,N,VIIRS,n,2,292.55,0.7,N,2
40.30547,30.36433,298.67,0.34,0.56,2025-06-27,2310,N,VIIRS,n,2,286.74,0.97,N,0
40.31015,30.37399,330.37,0.34,0.56,2025-06-27,2310,N,VIIRS,n,2,288.37,1.89,N,0
40.3104,30.36977,307.34,0.34,0.56,2025-06-27,2310,N,VIIRS,n,2,288.69,1.89,N,0
40.31065,30.36551,298.7,0.34,0.56,2025-06-27,2310,N,VIIRS,n,2,288.65,0.97,N,0
40.31531,30.37558,323.4,0.34,0.56,2025-06-27,2310,N,VIIRS,n,2,289.26,6.83,N,0
40.31556,30.37137,301.3,0.34,0.56,2025-06-27,2310,N,VIIRS,n,2,290.34,6.83,N,0
40.3163,30.35885,304.8,0.34,0.56,2025-06-27,2310,N,VIIRS,n,2,290.14,3.62,N,0
40.31653,30.35486,367.0,0.34,0.56,2025-06-27,2310,N,VIIRS,h,2,296.8,3.62,N,0
40.31677,30.35078,367.0,0.34,0.56,2025-06-27,2310,N,VIIRS,h,2,300.14,6.08,N,0
40.31702,30.34666,307.74,0.34,0.56,2025-06-27,2310,N,VIIRS,n,2,290.6,6.08,N,0
40.32019,30.38174,339.65,0.34,0.56,2025-06-27,2310,N,VIIRS,n,2,292.8,13.18,N,0
40.32044,30.37754,367.0,0.34,0.56,2025-06-27,2310,N,VIIRS,h,2,302.25,6.83,N,0
40.32069,30.3733,302.6,0.34,0.56,2025-06-27,2310,N,VIIRS,n,2,291.19,6.83,N,0
40.32143,30.36083,304.1,0.34,0.56,2025-06-27,2310,N,VIIRS,n,2,290.84,3.62,N,0
40.32167,30.35688,321.17,0.34,0.56,2025-06-27,2310,N,VIIRS,n,2,292.8,3.62,N,0
40.32191,30.35286,354.83,0.34,0.56,2025-06-27,2310,N,VIIRS,n,2,299.38,6.08,N,0
40.32215,30.34876,338.32,0.34,0.56,2025-06-27,2310,N,VIIRS,n,2,299.86,6.08,N,0
40.32239,30.34469,337.19,0.34,0.56,2025-06-27,2310,N,VIIRS,n,2,294.07,5.36,N,0
40.32263,30.34065,353.52,0.34,0.56,2025-06-27,2310,N,VIIRS,n,2,293.33,5.36,N,0
40.32534,30.38332,348.53,0.34,0.56,2025-06-27,2310,N,VIIRS,n,2,295.02,15.11,N,0
40.32559,30.3793,367.0,0.34,0.56,2025-06-27,2310,N,VIIRS,h,2,303.71,13.39,N,0
40.32607,30.3713,311.97,0.34,0.56,2025-06-27,2310,N,VIIRS,n,2,290.33,3.32,N,0
40.3263,30.36731,329.04,0.34,0.56,2025-06-27,2310,N,VIIRS,n,2,292.71,3.32,N,0
40.32654,30.36334,319.46,0.34,0.56,2025-06-27,2310,N,VIIRS,n,2,292.85,3.01,N,0
40.32677,30.35943,314.25,0.34,0.56,2025-06-27,2310,N,VIIRS,n,2,291.75,3.01,N,0
40.32701,30.35552,367.0,0.34,0.56,2025-06-27,2310,N,VIIRS,h,2,299.15,4.82,N,0
40.32725,30.35147,367.0,0.34,0.56,2025-06-27,2310,N,VIIRS,h,2,299.51,4.82,N,0
40.3275,30.34725,326.0,0.34,0.56,2025-06-27,2310,N,VIIRS,n,2,294.27,4.3,N,0
40.32775,30.34305,313.47,0.34,0.56,2025-06-27,2310,N,VIIRS,n,2,290.0,4.3,N,0
40.33055,30.38405,367.0,0.34,0.56,2025-06-27,2310,N,VIIRS,h,2,301.46,15.11,N,0
40.33078,30.38015,310.73,0.34,0.56,2025-06-27,2310,N,VIIRS,n,2,290.49,13.39,N,0
40.33101,30.37633,318.44,0.34,0.56,2025-06-27,2310,N,VIIRS,n,2,290.5,13.39,N,0
40.33124,30.3725,347.53,0.34,0.56,2025-06-27,2310,N,VIIRS,n,2,292.91,3.32,N,0
40.33218,30.35693,310.09,0.34,0.56,2025-06-27,2310,N,VIIRS,n,2,290.71,4.82,N,0
40.33242,30.35288,323.47,0.34,0.56,2025-06-27,2310,N,VIIRS,n,2,291.91,4.82,N,0
40.33559,30.38738,321.71,0.34,0.56,2025-06-27,2310,N,VIIRS,n,2,290.22,1.38,N,0
40.33583,30.38348,310.96,0.34,0.56,2025-06-27,2310,N,VIIRS,n,2,290.85,1.38,N,0
40.33717,30.36118,302.15,0.34,0.56,2025-06-27,2310,N,VIIRS,n,2,289.07,1.14,N,0
40.33766,30.35312,303.44,0.34,0.56,2025-06-27,2310,N,VIIRS,n,2,290.59,2.53,N,0
40.34064,30.39063,305.51,0.34,0.56,2025-06-27,2310,N,VIIRS,n,2,288.04,0.55,N,0
40.3425,30.35997,321.05,0.34,0.56,2025-06-27,2310,N,VIIRS,n,2,291.58,1.14,N,0
40.34274,30.3559,344.53,0.34,0.56,2025-06-27,2310,N,VIIRS,n,2,294.28,2.53,N,0
40.343,30.35166,316.83,0.34,0.56,2025-06-27,2310,N,VIIRS,n,2,291.42,2.53,N,0
40.34559,30.39544,350.46,0.34,0.56,2025-06-27,2310,N,VIIRS,n,2,290.73,3.85,N,0
40.34594,30.38973,304.85,0.34,0.56,2025-06-27,2310,N,VIIRS,n,2,290.22,3.85,N,0
40.35086,30.39521,355.7,0.34,0.56,2025-06-27,2310,N,VIIRS,n,2,296.96,3.85,N,0
40.3534,30.3535,314.63,0.34,0.56,2025-06-27,2310,N,VIIRS,n,2,291.44,1.41,N,0
40.35625,30.40085,303.14,0.34,0.56,2025-06-27,2310,N,VIIRS,n,2,290.82,1.69,N,0
40.36073,30.40508,310.86,0.34,0.56,2025-06-27,2310,N,VIIRS,n,2,291.28,1.87,N,0
40.36103,30.40023,331.25,0.34,0.56,2025-06-27,2310,N,VIIRS,n,2,293.25,1.87,N,0
40.36126,30.40508,323.41,0.34,0.56,2025-06-27,2310,N,VIIRS,n,2,291.54,1.69,N,0
40.36152,30.40027,329.7,0.34,0.56,2025-06-27,2310,N,VIIRS,n,2,293.08,1.69,N,0
40.36427,30.34784,322.43,0.34,0.56,2025-06-27,2310,N,VIIRS,n,2,293.15,1.77,N,0
40.36444,30.34787,321.17,0.34,0.56,2025-06-27,2310,N,VIIRS,n,2,293.13,1.94,N,0
40.36552,30.41233,345.2,0.34,0.56,2025-06-27,2310,N,VIIRS,n,2,293.15,8.03,N,0
40.36577,30.40843,367.0,0.34,0.56,2025-06-27,2310,N,VIIRS,h,2,299.73,8.03,N,0
40.36601,30.40452,367.0,0.34,0.56,2025-06-27,2310,N,VIIRS,h,2,297.96,16.18,N,0
40.36609,30.41232,352.51,0.34,0.56,2025-06-27,2310,N,VIIRS,n,2,293.94,5.67,N,0
40.36631,30.40845,367.0,0.34,0.56,2025-06-27,2310,N,VIIRS,h,2,299.12,5.67,N,0
40.36652,30.40456,367.0,0.34,0.56,2025-06-27,2310,N,VIIRS,h,2,298.0,7.98,N,0
40.36677,30.40019,304.18,0.34,0.56,2025-06-27,2310,N,VIIRS,n,2,291.83,7.98,N,0
40.3688,30.35966,312.52,0.34,0.56,2025-06-27,2310,N,VIIRS,n,2,291.27,2.06,N,0
40.36903,30.35581,322.55,0.34,0.56,2025-06-27,2310,N,VIIRS,n,2,292.09,2.06,N,0
40.36903,30.35967,314.26,0.34,0.56,2025-06-27,2310,N,VIIRS,n,2,291.48,1.61,N,0
40.36925,30.35583,322.28,0.34,0.56,2025-06-27,2310,N,VIIRS,n,2,292.17,1.61,N,0
40.3693,30.35158,310.18,0.34,0.56,2025-06-27,2310,N,VIIRS,n,2,291.88,2.16,N,0
40.36948,30.35161,311.46,0.34,0.56,2025-06-27,2310,N,VIIRS,n,2,292.1,2.63,N,0
40.37054,30.4159,326.8,0.34,0.56,2025-06-27,2310,N,VIIRS,n,2,293.52,4.48,N,0
40.37083,30.41134,351.29,0.34,0.56,2025-06-27,2310,N,VIIRS,n,2,297.15,8.03,N,0
40.37112,30.41602,320.7,0.34,0.56,2025-06-27,2310,N,VIIRS,n,2,292.88,3.97,N,0
40.37137,30.41145,344.12,0.34,0.56,2025-06-27,2310,N,VIIRS,n,2,295.45,5.67,N,0
40.37157,30.40788,303.56,0.34,0.56,2025-06-27,2310,N,VIIRS,n,2,292.77,5.67,N,0
40.37334,30.37108,302.98,0.34,0.56,2025-06-27,2310,N,VIIRS,n,2,290.32,0.77,N,0
40.3736,30.3669,320.86,0.34,0.56,2025-06-27,2310,N,VIIRS,n,2,290.45,2.18,N,0
40.37364,30.37115,302.21,0.34,0.56,2025-06-27,2310,N,VIIRS,n,2,290.38,0.65,N,0
40.37385,30.36297,324.14,0.34,0.56,2025-06-27,2310,N,VIIRS,n,2,291.36,2.18,N,0
40.37387,30.36696,316.61,0.34,0.56,2025-06-27,2310,N,VIIRS,n,2,290.32,2.09,N,0
40.37409,30.35906,322.43,0.34,0.56,2025-06-27,2310,N,VIIRS,n,2,291.7,2.06,N,0
40.3741,30.36301,325.7,0.34,0.56,2025-06-27,2310,N,VIIRS,n,2,291.66,2.09,N,0
40.37432,30.3591,318.22,0.34,0.56,2025-06-27,2310,N,VIIRS,n,2,291.5,1.61,N,0
40.37454,30.35515,305.59,0.34,0.56,2025-06-27,2310,N,VIIRS,n,2,290.43,1.61,N,0
40.37636,30.41587,306.5,0.34,0.56,2025-06-27,2310,N,VIIRS,n,2,291.81,1.93,N,0
40.37663,30.41118,308.86,0.34,0.56,2025-06-27,2310,N,VIIRS,n,2,291.72,1.48,N,0
40.3819,30.41069,312.31,0.34,0.56,2025-06-27,2310,N,VIIRS,n,2,290.61,1.48,N,0
40.38449,30.36505,338.98,0.34,0.56,2025-06-27,2310,N,VIIRS,n,2,292.41,2.67,N,0
40.38688,30.41503,304.79,0.34,0.56,2025-06-27,2310,N,VIIRS,n,2,289.92,1.48,N,0
40.38896,30.37898,348.39,0.34,0.56,2025-06-27,2310,N,VIIRS,n,2,293.88,2.98,N,0
40.38918,30.37515,321.61,0.34,0.56,2025-06-27,2310,N,VIIRS,n,2,291.81,2.98,N,0
40.3894,30.37112,309.51,0.34,0.56,2025-06-27,2310,N,VIIRS,n,2,291.77,2.08,N,0
40.39209,30.41566,331.67,0.34,0.56,2025-06-27,2310,N,VIIRS,n,2,289.09,1.48,N,0
40.39233,30.41147,304.53,0.34,0.56,2025-06-27,2310,N,VIIRS,n,2,288.33,2.42,N,0
40.39393,30.38381,341.53,0.34,0.56,2025-06-27,2310,N,VIIRS,n,2,293.31,5.01,N,0
40.39414,30.38016,300.86,0.34,0.56,2025-06-27,2310,N,VIIRS,n,2,290.82,2.98,N,0
40.39729,30.41649,340.24,0.34,0.56,2025-06-27,2310,N,VIIRS,n,2,291.77,2.57,N,0
40.39751,30.41269,302.27,0.34,0.56,2025-06-27,2310,N,VIIRS,n,2,289.66,2.63,N,0
40.39799,30.40433,326.94,0.34,0.56,2025-06-27,2310,N,VIIRS,n,2,289.86,1.37,N,0
40.39821,30.40053,307.11,0.34,0.56,2025-06-27,2310,N,VIIRS,n,2,289.87,1.37,N,0
40.39843,30.39682,305.66,0.34,0.56,2025-06-27,2310,N,VIIRS,n,2,290.52,1.46,N,0
40.39865,30.39291,318.13,0.34,0.56,2025-06-27,2310,N,VIIRS,n,2,291.03,1.46,N,0
40.39889,30.38884,301.07,0.34,0.56,2025-06-27,2310,N,VIIRS,n,2,290.27,1.37,N,0
40.40342,30.40128,310.09,0.34,0.56,2025-06-27,2310,N,VIIRS,n,2,287.78,1.37,N,0
40.41247,39.65968,301.97,0.4,0.37,2025-06-27,2310,N,VIIRS,n,2,285.32,0.39,N,2
40.57542,43.00505,295.59,0.39,0.36,2025-06-27,2310,N,VIIRS,n,2,279.87,0.61,N,0
40.76243,30.64741,301.38,0.33,0.55,2025-06-27,2310,N,VIIRS,n,2,288.4,0.56,N,0
40.77015,29.52997,312.05,0.38,0.59,2025-06-27,2310,N,VIIRS,n,2,294.24,1.26,N,2
40.8,29.37391,305.23,0.39,0.59,2025-06-27,2310,N,VIIRS,n,2,294.68,1.39,N,2
40.80577,29.36946,307.99,0.39,0.59,2025-06-27,2310,N,VIIRS,n,2,292.75,1.43,N,0
41.02306,28.55303,307.01,0.43,0.62,2025-06-27,2310,N,VIIRS,n,2,291.82,1.27,N,2
41.1727,32.63457,308.97,0.53,0.5,2025-06-27,2310,N,VIIRS,n,2,288.5,1.38,N,2
41.17466,32.63571,321.37,0.53,0.5,2025-06-27,2310,N,VIIRS,n,2,289.9,4.1,N,2
41.19427,32.62512,301.22,0.53,0.5,2025-06-27,2310,N,VIIRS,n,2,290.61,1.69,N,0
41.257,31.42702,303.16,0.61,0.53,2025-06-27,2310,N,VIIRS,n,2,289.74,1.32,N,2
41.26182,31.42737,308.43,0.61,0.53,2025-06-27,2310,N,VIIRS,n,2,291.55,1.66,N,2
41.26198,31.42756,306.81,0.61,0.53,2025-06-27,2310,N,VIIRS,n,2,291.75,1.32,N,2
41.26229,31.41989,301.16,0.61,0.53,2025-06-27,2310,N,VIIRS,n,2,290.28,1.34,N,0
41.26249,31.42009,304.86,0.61,0.53,2025-06-27,2310,N,VIIRS,n,2,290.36,1.32,N,0
41.26679,31.42799,305.24,0.61,0.53,2025-06-27,2310,N,VIIRS,n,2,291.61,1.66,N,2
41.26727,31.42049,307.63,0.61,0.53,2025-06-27,2310,N,VIIRS,n,2,291.93,1.34,N,3
41.47629,33.20955,296.45,0.5,0.49,2025-06-27,2310,N,VIIRS,n,2,281.92,0.59,N,0
41.62985,27.68538,300.95,0.48,0.65,2025-06-27,2310,N,VIIRS,n,2,287.84,0.92,N,2
35.5263,44.34583,333.29,0.48,0.4,2025-06-27,2311,N,VIIRS,n,2,302.03,4.8,N,2
35.52731,44.34066,337.6,0.48,0.4,2025-06-27,2311,N,VIIRS,n,2,301.86,4.8,N,2
35.53093,44.34169,331.98,0.48,0.4,2025-06-27,2311,N,VIIRS,n,2,303.21,4.8,N,2
35.53194,44.33651,324.74,0.48,0.4,2025-06-27,2311,N,VIIRS,n,2,301.61,7.21,N,2
35.53556,44.33753,331.87,0.48,0.4,2025-06-27,2311,N,VIIRS,n,2,301.64,4.07,N,2
35.62892,44.00882,345.12,0.46,0.39,2025-06-27,2311,N,VIIRS,n,2,308.93,17.72,N,2
35.6598,43.96455,312.98,0.46,0.39,2025-06-27,2311,N,VIIRS,n,2,299.0,7.67,N,2
35.66054,43.96651,329.58,0.46,0.39,2025-06-27,2311,N,VIIRS,n,2,301.79,6.8,N,2
35.66151,43.9615,323.44,0.46,0.39,2025-06-27,2311,N,VIIRS,n,2,300.26,6.56,N,2
35.66336,43.96555,337.43,0.46,0.39,2025-06-27,2311,N,VIIRS,n,2,307.03,7.67,N,2
35.6641,43.96751,331.26,0.46,0.39,2025-06-27,2311,N,VIIRS,n,2,300.69,2.34,N,2
35.66507,43.96249,313.82,0.46,0.39,2025-06-27,2311,N,VIIRS,n,2,299.85,1.81,N,2
35.6787,44.06745,311.81,0.46,0.39,2025-06-27,2311,N,VIIRS,n,2,300.76,3.48,N,2
35.68588,43.87372,334.16,0.46,0.39,2025-06-27,2311,N,VIIRS,n,2,305.31,32.12,N,2
35.72475,44.04301,330.33,0.46,0.39,2025-06-27,2311,N,VIIRS,n,2,303.13,4.97,N,2
35.72571,44.03796,327.05,0.46,0.39,2025-06-27,2311,N,VIIRS,n,2,302.35,4.97,N,2
35.73023,44.03391,337.63,0.46,0.39,2025-06-27,2311,N,VIIRS,n,2,302.5,7.52,N,2
35.74338,44.16239,323.22,0.47,0.39,2025-06-27,2311,N,VIIRS,n,2,298.26,3.18,N,0
35.77213,43.99429,338.85,0.46,0.39,2025-06-27,2311,N,VIIRS,n,2,302.65,5.38,N,2
35.79611,43.62468,310.58,0.45,0.39,2025-06-27,2311,N,VIIRS,n,2,300.15,2.71,N,0
35.95113,43.7298,312.18,0.45,0.39,2025-06-27,2311,N,VIIRS,n,2,299.59,2.01,N,2
35.9807,43.76927,327.09,0.45,0.39,2025-06-27,2311,N,VIIRS,n,2,301.65,3.32,N,2
35.9975,43.75863,313.7,0.45,0.39,2025-06-27,2311,N,VIIRS,n,2,300.3,1.73,N,2
36.01909,43.68251,319.75,0.44,0.39,2025-06-27,2311,N,VIIRS,n,2,300.39,2.95,N,2
36.12476,43.78121,308.71,0.45,0.39,2025-06-27,2311,N,VIIRS,n,2,297.27,1.48,N,2
36.12828,43.78219,313.82,0.45,0.39,2025-06-27,2311,N,VIIRS,n,2,301.21,1.48,N,2
36.1295,40.81036,311.98,0.39,0.36,2025-06-27,2311,N,VIIRS,n,2,297.86,1.31,N,2
36.13578,37.46167,315.37,0.42,0.38,2025-06-27,2311,N,VIIRS,n,2,296.0,1.26,N,0
36.14199,40.81787,326.6,0.39,0.36,2025-06-27,2311,N,VIIRS,n,2,297.32,1.9,N,2
36.1465,43.75834,313.76,0.45,0.39,2025-06-27,2311,N,VIIRS,n,2,301.64,3.99,N,0
36.26056,33.72655,311.8,0.41,0.45,2025-06-27,2311,N,VIIRS,n,2,295.98,1.21,N,2
36.26423,33.7317,306.49,0.41,0.45,2025-06-27,2311,N,VIIRS,n,2,296.36,1.21,N,2
36.26469,33.7272,313.6,0.41,0.45,2025-06-27,2311,N,VIIRS,n,2,297.18,1.21,N,2
36.44122,42.93191,320.29,0.42,0.37,2025-06-27,2311,N,VIIRS,n,2,302.91,2.05,N,2
36.45781,41.283,308.48,0.39,0.36,2025-06-27,2311,N,VIIRS,n,2,296.75,0.6,N,2
36.71632,36.20221,330.06,0.48,0.4,2025-06-27,2311,N,VIIRS,n,2,295.54,4.37,N,2
36.71732,39.03843,304.33,0.39,0.36,2025-06-27,2311,N,VIIRS,n,2,292.07,1.06,N,0
36.71795,39.03403,316.29,0.39,0.36,2025-06-27,2311,N,VIIRS,n,2,292.98,1.06,N,0
36.71999,36.20287,329.42,0.48,0.4,2025-06-27,2311,N,VIIRS,n,2,295.77,4.37,N,2
36.73035,36.21029,322.49,0.48,0.4,2025-06-27,2311,N,VIIRS,n,2,298.96,4.22,N,2
36.73467,36.20563,310.73,0.48,0.4,2025-06-27,2311,N,VIIRS,n,2,296.65,2.49,N,2
36.73768,36.21168,316.93,0.48,0.4,2025-06-27,2311,N,VIIRS,n,2,297.08,3.0,N,2
36.74261,39.03049,336.08,0.39,0.36,2025-06-27,2311,N,VIIRS,n,2,299.38,6.13,N,0
36.74634,36.20233,313.16,0.48,0.4,2025-06-27,2311,N,VIIRS,n,2,295.83,2.0,N,2
36.74688,43.49746,311.4,0.43,0.38,2025-06-27,2311,N,VIIRS,n,2,298.67,2.44,N,2
36.77512,43.3251,335.38,0.42,0.38,2025-06-27,2311,N,VIIRS,n,2,300.74,5.81,N,2
36.78883,38.94987,321.22,0.4,0.37,2025-06-27,2311,N,VIIRS,n,2,292.59,1.54,N,0
36.79139,39.16853,302.34,0.39,0.36,2025-06-27,2311,N,VIIRS,n,2,290.68,0.76,N,0
36.79203,39.16414,306.19,0.39,0.36,2025-06-27,2311,N,VIIRS,n,2,290.48,0.97,N,0
36.79472,39.16928,317.28,0.39,0.36,2025-06-27,2311,N,VIIRS,n,2,291.73,0.76,N,0
36.79536,39.16489,307.25,0.39,0.36,2025-06-27,2311,N,VIIRS,n,2,290.75,0.97,N,0
36.83294,39.05751,333.95,0.39,0.36,2025-06-27,2311,N,VIIRS,n,2,294.1,2.67,N,0
36.83308,40.36058,306.1,0.38,0.36,2025-06-27,2311,N,VIIRS,n,2,293.94,2.16,N,0
36.83358,39.05311,314.93,0.39,0.36,2025-06-27,2311,N,VIIRS,n,2,293.61,1.68,N,0
36.83571,40.36566,314.05,0.38,0.36,2025-06-27,2311,N,VIIRS,n,2,292.9,2.16,N,0
36.83628,38.83706,311.17,0.4,0.37,2025-06-27,2311,N,VIIRS,n,2,294.17,1.11,N,0
36.83638,40.36138,350.29,0.38,0.36,2025-06-27,2311,N,VIIRS,n,2,297.01,2.16,N,0
36.85071,39.12516,314.73,0.39,0.36,2025-06-27,2311,N,VIIRS,n,2,291.91,1.1,N,0
36.85122,38.90656,309.78,0.4,0.37,2025-06-27,2311,N,VIIRS,n,2,292.26,0.84,N,0
36.85793,38.90807,303.89,0.4,0.37,2025-06-27,2311,N,VIIRS,n,2,292.33,0.58,N,0
36.85952,39.04075,312.7,0.39,0.37,2025-06-27,2311,N,VIIRS,n,2,295.45,1.21,N,0
36.86686,43.52088,311.67,0.43,0.38,2025-06-27,2311,N,VIIRS,n,2,296.52,1.95,N,0
36.86957,43.48663,330.46,0.43,0.38,2025-06-27,2311,N,VIIRS,n,2,298.81,4.78,N,2
36.86972,34.76555,310.16,0.55,0.43,2025-06-27,2311,N,VIIRS,n,2,296.8,1.59,N,2
36.89056,43.43165,308.15,0.43,0.38,2025-06-27,2311,N,VIIRS,n,2,294.06,1.62,N,2
36.89143,43.42688,318.01,0.43,0.38,2025-06-27,2311,N,VIIRS,n,2,293.8,2.4,N,2
36.89989,39.09537,305.27,0.39,0.36,2025-06-27,2311,N,VIIRS,n,2,291.75,0.56,N,0
36.90525,43.39092,329.61,0.43,0.38,2025-06-27,2311,N,VIIRS,n,2,294.58,1.99,N,2
36.90866,43.39194,304.52,0.43,0.38,2025-06-27,2311,N,VIIRS,n,2,293.77,1.99,N,2
36.91545,39.01232,312.56,0.4,0.37,2025-06-27,2311,N,VIIRS,n,2,294.31,1.73,N,0
36.91582,41.8958,318.88,0.39,0.36,2025-06-27,2311,N,VIIRS,n,2,298.64,1.69,N,2
36.9188,39.01307,333.2,0.4,0.37,2025-06-27,2311,N,VIIRS,n,2,295.05,1.73,N,0
36.91945,39.00865,313.51,0.4,0.37,2025-06-27,2311,N,VIIRS,n,2,293.17,1.58,N,0
36.93243,36.00106,308.56,0.49,0.4,2025-06-27,2311,N,VIIRS,n,2,296.42,1.44,N,2
36.93383,30.64972,324.97,0.61,0.53,2025-06-27,2311,N,VIIRS,n,2,297.63,4.52,N,2
36.93482,42.13024,323.36,0.4,0.37,2025-06-27,2311,N,VIIRS,n,2,297.85,2.41,N,2
36.93815,42.13112,312.7,0.4,0.37,2025-06-27,2311,N,VIIRS,n,2,299.85,1.75,N,2
36.94132,42.17361,312.09,0.4,0.37,2025-06-27,2311,N,VIIRS,n,2,297.95,1.38,N,2
36.94192,38.93378,344.29,0.4,0.37,2025-06-27,2311,N,VIIRS,n,2,296.24,6.82,N,0
36.94208,42.16919,318.56,0.4,0.37,2025-06-27,2311,N,VIIRS,n,2,298.72,1.9,N,2
36.94387,39.01654,309.37,0.4,0.37,2025-06-27,2311,N,VIIRS,n,2,293.41,0.84,N,0
36.94527,38.93453,308.28,0.4,0.37,2025-06-27,2311,N,VIIRS,n,2,293.54,0.72,N,0
36.94722,39.01729,305.74,0.4,0.37,2025-06-27,2311,N,VIIRS,n,2,292.1,0.5,N,0
36.94814,42.13379,318.51,0.4,0.37,2025-06-27,2311,N,VIIRS,n,2,298.42,2.27,N,2
36.9489,42.12937,323.83,0.4,0.37,2025-06-27,2311,N,VIIRS,n,2,299.9,2.27,N,2
36.96383,42.08271,316.28,0.4,0.37,2025-06-27,2311,N,VIIRS,n,2,298.96,1.92,N,2
36.98053,38.90577,317.07,0.4,0.37,2025-06-27,2311,N,VIIRS,n,2,295.28,0.91,N,0
36.99417,39.16918,305.43,0.39,0.36,2025-06-27,2311,N,VIIRS,n,2,291.41,0.3,N,0
36.99627,41.56229,315.12,0.39,0.36,2025-06-27,2311,N,VIIRS,n,2,298.95,1.74,N,2
37.0214,40.28948,317.44,0.38,0.36,2025-06-27,2311,N,VIIRS,n,2,296.25,2.56,N,0
37.02207,40.28519,318.57,0.38,0.36,2025-06-27,2311,N,VIIRS,n,2,295.92,2.97,N,0
37.02469,40.29028,333.13,0.38,0.36,2025-06-27,2311,N,VIIRS,n,2,296.64,2.56,N,0
37.02536,40.28598,330.72,0.38,0.36,2025-06-27,2311,N,VIIRS,n,2,298.05,2.97,N,0
37.02798,40.29107,312.34,0.38,0.36,2025-06-27,2311,N,VIIRS,n,2,295.44,1.07,N,0
37.03561,43.57183,309.08,0.43,0.38,2025-06-27,2311,N,VIIRS,n,2,291.65,0.61,N,0
37.06899,40.5037,313.38,0.38,0.36,2025-06-27,2311,N,VIIRS,n,2,292.87,0.64,N,0
37.07228,40.50451,305.88,0.38,0.36,2025-06-27,2311,N,VIIRS,n,2,292.74,0.64,N,0
37.07885,42.55976,322.09,0.4,0.37,2025-06-27,2311,N,VIIRS,n,2,300.61,2.76,N,2
37.09196,39.73904,335.94,0.39,0.36,2025-06-27,2311,N,VIIRS,n,2,295.93,2.98,N,0
37.10338,40.63247,311.6,0.38,0.36,2025-06-27,2311,N,VIIRS,n,2,296.55,1.29,N,0
37.10406,40.62819,314.24,0.38,0.36,2025-06-27,2311,N,VIIRS,n,2,295.13,1.29,N,0
37.12834,39.21428,330.67,0.39,0.36,2025-06-27,2311,N,VIIRS,n,2,299.33,3.97,N,0
37.1484,40.53911,309.27,0.38,0.36,2025-06-27,2311,N,VIIRS,n,2,295.16,1.12,N,0
37.1517,40.53992,306.54,0.38,0.36,2025-06-27,2311,N,VIIRS,n,2,294.92,0.89,N,0
37.15201,39.83168,327.68,0.39,0.36,2025-06-27,2311,N,VIIRS,n,2,298.47,2.04,N,0
37.15266,39.82735,311.41,0.39,0.36,2025-06-27,2311,N,VIIRS,n,2,296.06,2.04,N,0
37.15532,39.83247,326.24,0.39,0.36,2025-06-27,2311,N,VIIRS,n,2,298.04,2.04,N,0
37.16058,39.82026,318.91,0.39,0.36,2025-06-27,2311,N,VIIRS,n,2,296.53,1.96,N,0
37.16389,39.82104,323.99,0.39,0.36,2025-06-27,2311,N,VIIRS,n,2,298.31,1.96,N,0
37.17934,40.31918,319.22,0.38,0.36,2025-06-27,2311,N,VIIRS,n,2,299.16,2.37,N,0
37.20302,40.01405,330.51,0.39,0.36,2025-06-27,2311,N,VIIRS,n,2,299.06,2.49,N,0
37.20337,39.71804,317.09,0.39,0.36,2025-06-27,2311,N,VIIRS,n,2,293.06,1.24,N,0
37.20389,40.20457,308.49,0.38,0.36,2025-06-27,2311,N,VIIRS,n,2,297.09,0.32,N,0
37.20435,40.33418,320.8,0.38,0.36,2025-06-27,2311,N,VIIRS,n,2,300.1,2.77,N,0
37.20566,40.01914,313.34,0.39,0.36,2025-06-27,2311,N,VIIRS,n,2,299.2,1.93,N,0
37.20632,40.01483,347.83,0.39,0.36,2025-06-27,2311,N,VIIRS,n,2,304.64,11.3,N,0
37.21917,39.68124,319.6,0.39,0.36,2025-06-27,2311,N,VIIRS,n,2,294.04,1.92,N,0
37.22248,39.68201,317.52,0.39,0.36,2025-06-27,2311,N,VIIRS,n,2,294.68,1.56,N,0
37.24893,39.6657,332.03,0.39,0.36,2025-06-27,2311,N,VIIRS,n,2,296.8,3.16,N,0
37.25224,39.66647,329.41,0.39,0.36,2025-06-27,2311,N,VIIRS,n,2,296.44,1.46,N,0
37.25555,39.66725,310.5,0.39,0.36,2025-06-27,2311,N,VIIRS,n,2,295.08,1.46,N,0
37.25952,39.66368,312.81,0.39,0.36,2025-06-27,2311,N,VIIRS,n,2,294.39,0.93,N,0
37.26441,39.80687,343.28,0.39,0.36,2025-06-27,2311,N,VIIRS,n,2,300.21,4.04,N,0
37.26772,39.80766,342.98,0.39,0.36,2025-06-27,2311,N,VIIRS,n,2,299.69,4.04,N,0
37.27037,39.81279,313.58,0.39,0.36,2025-06-27,2311,N,VIIRS,n,2,297.4,4.11,N,0
37.27102,39.80845,335.3,0.39,0.36,2025-06-27,2311,N,VIIRS,n,2,300.54,4.11,N,0
37.27368,39.81358,309.0,0.39,0.36,2025-06-27,2311,N,VIIRS,n,2,296.74,4.11,N,0
37.27433,39.80923,331.98,0.39,0.36,2025-06-27,2311,N,VIIRS,n,2,301.36,4.11,N,0
37.27699,39.81437,314.5,0.39,0.36,2025-06-27,2311,N,VIIRS,n,2,296.58,4.65,N,0
37.27712,38.73265,309.46,0.4,0.37,2025-06-27,2311,N,VIIRS,n,2,297.18,1.02,N,2
37.27764,39.81002,331.04,0.39,0.36,2025-06-27,2311,N,VIIRS,n,2,299.09,4.65,N,0
37.27945,40.72108,314.84,0.38,0.36,2025-06-27,2311,N,VIIRS,n,2,298.14,2.31,N,0
37.28029,39.81516,333.17,0.39,0.36,2025-06-27,2311,N,VIIRS,n,2,300.24,4.65,N,0
37.28094,39.81081,346.16,0.39,0.36,2025-06-27,2311,N,VIIRS,n,2,301.44,4.65,N,0
37.29488,37.16037,307.06,0.44,0.39,2025-06-27,2311,N,VIIRS,n,2,296.31,1.47,N,2
37.29555,37.15503,309.96,0.44,0.39,2025-06-27,2311,N,VIIRS,n,2,297.35,1.47,N,2
37.32174,39.49083,308.41,0.39,0.36,2025-06-27,2311,N,VIIRS,n,2,292.5,0.47,N,0
37.33816,40.80075,318.15,0.38,0.36,2025-06-27,2311,N,VIIRS,n,2,299.33,2.1,N,2
37.34306,36.86159,309.13,0.46,0.39,2025-06-27,2311,N,VIIRS,n,2,292.26,1.47,N,0
37.35228,39.49343,330.08,0.39,0.36,2025-06-27,2311,N,VIIRS,n,2,295.7,3.08,N,0
37.35293,37.16146,308.41,0.44,0.39,2025-06-27,2311,N,VIIRS,n,2,297.52,1.78,N,2
37.35627,40.11837,325.81,0.39,0.36,2025-06-27,2311,N,VIIRS,n,2,299.15,1.94,N,0
37.36,42.21686,331.07,0.4,0.37,2025-06-27,2311,N,VIIRS,n,2,301.66,4.34,N,0
37.36446,36.77774,323.38,0.46,0.39,2025-06-27,2311,N,VIIRS,n,2,295.32,3.55,N,0
37.36801,36.77895,333.18,0.46,0.39,2025-06-27,2311,N,VIIRS,n,2,297.54,2.63,N,0
37.37157,36.77999,314.37,0.46,0.39,2025-06-27,2311,N,VIIRS,n,2,297.19,2.63,N,0
37.37457,36.78556,322.94,0.46,0.39,2025-06-27,2311,N,VIIRS,n,2,296.85,2.38,N,0
37.37579,36.77573,318.28,0.46,0.39,2025-06-27,2311,N,VIIRS,n,2,294.96,3.47,N,0
37.37642,36.77062,309.57,0.46,0.39,2025-06-27,2311,N,VIIRS,n,2,295.05,1.62,N,0
37.37834,39.54938,315.06,0.39,0.36,2025-06-27,2311,N,VIIRS,n,2,293.75,0.82,N,0
37.37899,39.545,311.15,0.39,0.36,2025-06-27,2311,N,VIIRS,n,2,293.54,0.82,N,0
37.38166,39.55015,313.11,0.39,0.36,2025-06-27,2311,N,VIIRS,n,2,293.78,0.82,N,0
37.38231,39.54577,305.99,0.39,0.36,2025-06-27,2311,N,VIIRS,n,2,293.16,0.82,N,0
37.41429,37.71151,320.18,0.43,0.38,2025-06-27,2311,N,VIIRS,n,2,295.8,2.37,N,0
37.41777,37.71225,331.26,0.43,0.38,2025-06-27,2311,N,VIIRS,n,2,297.7,2.37,N,0
37.41841,37.70742,311.19,0.43,0.38,2025-06-27,2311,N,VIIRS,n,2,295.74,3.31,N,0
37.42359,37.16783,302.83,0.45,0.39,2025-06-27,2311,N,VIIRS,n,2,291.56,0.5,N,0
37.42872,36.89147,318.87,0.46,0.39,2025-06-27,2311,N,VIIRS,n,2,293.5,1.22,N,0
37.43086,36.8947,315.89,0.45,0.39,2025-06-27,2311,N,VIIRS,n,2,293.57,1.79,N,0
37.44635,37.66029,315.15,0.43,0.38,2025-06-27,2311,N,VIIRS,n,2,298.02,3.16,N,0
37.60484,38.95855,322.68,0.4,0.37,2025-06-27,2311,N,VIIRS,n,2,291.32,1.61,N,0
37.65245,39.35613,308.1,0.39,0.36,2025-06-27,2311,N,VIIRS,n,2,293.6,0.85,N,0
37.65309,39.35168,321.01,0.39,0.36,2025-06-27,2311,N,VIIRS,n,2,293.75,1.52,N,0
37.65643,39.35246,326.69,0.39,0.36,2025-06-27,2311,N,VIIRS,n,2,294.7,1.83,N,0
37.69454,38.08595,307.94,0.42,0.38,2025-06-27,2311,N,VIIRS,n,2,297.42,1.03,N,2
37.69586,38.45572,307.24,0.41,0.37,2025-06-27,2311,N,VIIRS,n,2,295.45,1.0,N,0
37.79065,39.29364,309.22,0.39,0.37,2025-06-27,2311,N,VIIRS,n,2,296.61,1.25,N,0
37.79399,39.29445,306.24,0.39,0.37,2025-06-27,2311,N,VIIRS,n,2,295.54,1.01,N,0
37.86066,29.37146,304.6,0.37,0.58,2025-06-27,2311,N,VIIRS,n,2,293.5,0.69,N,2
38.61029,28.05573,306.14,0.44,0.62,2025-06-27,2311,N,VIIRS,n,2,289.93,1.92,N,3
38.61045,28.06001,302.08,0.44,0.62,2025-06-27,2311,N,VIIRS,n,2,290.57,2.47,N,3
38.6107,28.05484,302.01,0.44,0.62,2025-06-27,2311,N,VIIRS,n,2,290.11,1.58,N,3
38.61589,28.06138,331.09,0.44,0.62,2025-06-27,2311,N,VIIRS,n,2,292.82,1.92,N,3
38.61611,28.05621,319.97,0.44,0.62,2025-06-27,2311,N,VIIRS,n,2,291.48,1.92,N,3
38.61627,28.06046,333.41,0.44,0.62,2025-06-27,2311,N,VIIRS,n,2,293.21,2.47,N,3
38.61652,28.05529,310.48,0.44,0.62,2025-06-27,2311,N,VIIRS,n,2,290.85,1.58,N,3
38.73757,26.94551,308.85,0.5,0.66,2025-06-27,2311,N,VIIRS,n,2,298.18,3.12,N,2
38.7503,26.93433,312.85,0.5,0.66,2025-06-27,2311,N,VIIRS,n,2,296.85,3.66,N,0
38.7519,26.93239,314.33,0.5,0.66,2025-06-27,2311,N,VIIRS,n,2,297.17,3.14,N,0
40.30707,30.36605,296.84,0.45,0.63,2025-06-28,50,N,VIIRS,n,2,286.7,2.03,N,0
40.3158,30.37945,308.92,0.45,0.63,2025-06-28,50,N,VIIRS,n,2,288.58,4.33,N,0
40.31602,30.35701,316.03,0.45,0.63,2025-06-28,50,N,VIIRS,n,2,289.73,4.47,N,0
40.31765,30.35144,330.36,0.45,0.63,2025-06-28,50,N,VIIRS,n,2,293.58,4.47,N,0
40.31924,30.34598,367.0,0.45,0.63,2025-06-28,50,N,VIIRS,h,2,292.21,12.37,N,0
40.32029,30.38571,312.81,0.45,0.63,2025-06-28,50,N,VIIRS,n,2,290.18,3.76,N,0
40.32186,30.38033,340.81,0.45,0.63,2025-06-28,50,N,VIIRS,n,2,291.65,4.33,N,0
40.32215,30.35767,315.37,0.45,0.63,2025-06-28,50,N,VIIRS,n,2,290.25,3.12,N,0
40.32387,30.35175,310.21,0.45,0.63,2025-06-28,50,N,VIIRS,n,2,292.46,3.12,N,0
40.32505,30.36936,304.99,0.45,0.63,2025-06-28,50,N,VIIRS,n,2,289.65,4.17,N,0
40.32552,30.34607,302.02,0.45,0.63,2025-06-28,50,N,VIIRS,n,2,289.64,2.92,N,0
40.32615,30.38732,326.72,0.45,0.63,2025-06-28,50,N,VIIRS,n,2,290.73,3.76,N,0
40.32776,30.38177,316.67,0.45,0.63,2025-06-28,50,N,VIIRS,n,2,289.87,5.02,N,0
40.32848,30.3576,344.52,0.45,0.63,2025-06-28,50,N,VIIRS,n,2,293.1,3.12,N,0
40.32934,30.37631,336.95,0.45,0.63,2025-06-28,50,N,VIIRS,n,2,291.28,5.02,N,0
40.33013,30.35189,313.25,0.45,0.63,2025-06-28,50,N,VIIRS,n,2,290.18,3.12,N,0
40.33092,30.37088,307.95,0.45,0.63,2025-06-28,50,N,VIIRS,n,2,288.28,4.63,N,0
40.33154,30.3905,310.43,0.45,0.63,2025-06-28,50,N,VIIRS,n,2,289.55,3.76,N,0
40.333,30.3855,342.25,0.45,0.63,2025-06-28,50,N,VIIRS,n,2,292.17,5.02,N,0
40.3341,30.35997,303.25,0.45,0.63,2025-06-28,50,N,VIIRS,n,2,289.31,1.53,N,0
40.34066,30.35912,310.78,0.45,0.63,2025-06-28,50,N,VIIRS,n,2,290.36,1.53,N,0
40.34199,30.35452,320.73,0.45,0.63,2025-06-28,50,N,VIIRS,n,2,290.85,3.46,N,0
40.34327,30.39368,310.83,0.45,0.63,2025-06-28,50,N,VIIRS,n,2,287.87,1.91,N,0
40.34545,30.36434,300.2,0.45,0.63,2025-06-28,50,N,VIIRS,n,2,289.53,0.72,N,0
40.34573,30.40334,298.5,0.45,0.63,2025-06-28,50,N,VIIRS,n,2,287.39,3.61,N,0
40.3471,30.39874,346.77,0.45,0.63,2025-06-28,50,N,VIIRS,n,2,292.62,3.61,N,0
40.3476,30.40052,346.1,0.45,0.63,2025-06-28,50,N,VIIRS,n,2,292.97,8.13,N,0
40.34826,30.39482,306.91,0.45,0.63,2025-06-28,50,N,VIIRS,n,2,289.68,5.71,N,0
40.34879,30.39642,340.57,0.45,0.63,2025-06-28,50,N,VIIRS,n,2,291.97,4.55,N,0
40.3495,30.35038,321.81,0.45,0.63,2025-06-28,50,N,VIIRS,n,2,289.99,1.41,N,0
40.35271,30.40118,333.88,0.45,0.63,2025-06-28,50,N,VIIRS,n,2,293.32,3.61,N,0
40.35381,30.39745,336.44,0.45,0.63,2025-06-28,50,N,VIIRS,n,2,292.94,5.71,N,0
40.35435,30.39901,324.31,0.45,0.63,2025-06-28,50,N,VIIRS,n,2,291.5,4.55,N,0
40.35458,30.35462,312.48,0.45,0.63,2025-06-28,50,N,VIIRS,n,2,290.21,1.41,N,0
40.35542,30.39534,305.0,0.45,0.63,2025-06-28,50,N,VIIRS,n,2,289.25,4.55,N,0
40.35589,30.35012,299.95,0.45,0.63,2025-06-28,50,N,VIIRS,n,2,287.09,1.41,N,0
40.35928,30.40034,312.86,0.45,0.63,2025-06-28,50,N,VIIRS,n,2,290.12,5.06,N,0
40.35977,30.40212,310.5,0.45,0.63,2025-06-28,50,N,VIIRS,n,2,289.75,9.14,N,0
40.3609,30.35204,299.5,0.45,0.63,2025-06-28,50,N,VIIRS,n,2,289.17,2.11,N,0
40.36181,30.41322,304.03,0.45,0.63,2025-06-28,50,N,VIIRS,n,2,290.82,8.54,N,0
40.3622,30.34766,323.52,0.45,0.63,2025-06-28,50,N,VIIRS,n,2,289.87,4.89,N,0
40.36239,30.34942,322.5,0.45,0.63,2025-06-28,50,N,VIIRS,n,2,290.85,2.98,N,0
40.36324,30.40841,367.0,0.45,0.63,2025-06-28,50,N,VIIRS,h,2,297.42,8.54,N,0
40.36358,30.41081,356.55,0.45,0.63,2025-06-28,50,N,VIIRS,n,2,297.67,17.44,N,0
40.3637,30.34491,302.7,0.45,0.63,2025-06-28,50,N,VIIRS,n,2,287.89,2.98,N,0
40.36463,30.40367,303.87,0.45,0.63,2025-06-28,50,N,VIIRS,n,2,291.07,5.06,N,0
40.36501,30.40584,335.36,0.45,0.63,2025-06-28,50,N,VIIRS,n,2,293.76,9.14,N,0
40.36562,30.4218,316.31,0.45,0.63,2025-06-28,50,N,VIIRS,n,2,290.54,8.52,N,0
40.36602,30.35609,307.32,0.45,0.63,2025-06-28,50,N,VIIRS,n,2,289.71,2.11,N,0
40.36617,30.42372,302.6,0.45,0.63,2025-06-28,50,N,VIIRS,n,2,290.15,7.45,N,0
40.3669,30.41746,367.0,0.45,0.63,2025-06-28,50,N,VIIRS,h,2,297.93,17.28,N,0
40.36738,30.35148,346.65,0.45,0.63,2025-06-28,50,N,VIIRS,n,2,294.98,4.89,N,0
40.36741,30.41943,348.28,0.45,0.63,2025-06-28,50,N,VIIRS,n,2,300.32,16.28,N,0
40.36758,30.35327,351.77,0.45,0.63,2025-06-28,50,N,VIIRS,n,2,295.69,2.98,N,0
40.36819,30.41309,367.0,0.45,0.63,2025-06-28,50,N,VIIRS,h,2,299.08,17.28,N,0
40.36863,30.41524,367.0,0.45,0.63,2025-06-28,50,N,VIIRS,h,2,299.15,16.28,N,0
40.36885,30.3489,304.25,0.45,0.63,2025-06-28,50,N,VIIRS,n,2,289.2,2.98,N,0
40.36971,30.40792,306.06,0.45,0.63,2025-06-28,50,N,VIIRS,n,2,290.66,6.97,N,0
40.36993,30.41072,323.24,0.45,0.63,2025-06-28,50,N,VIIRS,n,2,292.62,6.7,N,0
40.37098,30.36071,337.03,0.45,0.63,2025-06-28,50,N,VIIRS,n,2,291.99,2.02,N,0
40.37111,30.3629,330.61,0.45,0.63,2025-06-28,50,N,VIIRS,n,2,290.63,2.04,N,0
40.3712,30.42436,312.71,0.45,0.63,2025-06-28,50,N,VIIRS,n,2,291.54,8.52,N,0
40.37236,30.42041,367.0,0.45,0.63,2025-06-28,50,N,VIIRS,h,2,301.32,17.28,N,0
40.37249,30.35559,312.38,0.45,0.63,2025-06-28,50,N,VIIRS,n,2,289.5,3.98,N,0
40.37263,30.35763,319.12,0.45,0.63,2025-06-28,50,N,VIIRS,n,2,289.75,3.8,N,0
40.37293,30.42219,314.56,0.45,0.63,2025-06-28,50,N,VIIRS,n,2,292.29,16.28,N,0
40.3735,30.41655,347.8,0.45,0.63,2025-06-28,50,N,VIIRS,n,2,295.76,17.28,N,0
40.37407,30.41827,335.48,0.45,0.63,2025-06-28,50,N,VIIRS,n,2,293.48,16.28,N,0
40.37462,30.36978,302.71,0.45,0.63,2025-06-28,50,N,VIIRS,n,2,288.0,2.02,N,0
40.37475,30.41231,317.13,0.45,0.63,2025-06-28,50,N,VIIRS,n,2,290.52,6.97,N,0
40.3749,30.37163,300.24,0.45,0.63,2025-06-28,50,N,VIIRS,n,2,287.94,2.04,N,0
40.3752,30.41433,336.87,0.45,0.63,2025-06-28,50,N,VIIRS,n,2,292.23,6.7,N,0
40.37608,30.36481,305.49,0.45,0.63,2025-06-28,50,N,VIIRS,n,2,287.46,2.02,N,0
40.37655,30.40967,300.91,0.45,0.63,2025-06-28,50,N,VIIRS,n,2,288.39,6.7,N,0
40.37902,30.4193,301.15,0.45,0.63,2025-06-28,50,N,VIIRS,n,2,290.42,3.42,N,0
40.38011,30.41559,351.88,0.45,0.63,2025-06-28,50,N,VIIRS,n,2,293.12,3.05,N,0
40.38132,30.41147,304.59,0.45,0.63,2025-06-28,50,N,VIIRS,n,2,287.58,3.05,N,0
40.38176,30.36698,322.95,0.45,0.63,2025-06-28,50,N,VIIRS,n,2,289.24,1.85,N,0
40.38203,30.36875,302.97,0.45,0.63,2025-06-28,50,N,VIIRS,n,2,288.73,1.52,N,0
40.38335,30.3616,305.38,0.45,0.63,2025-06-28,50,N,VIIRS,n,2,288.34,3.79,N,0
40.38358,30.36337,329.91,0.45,0.63,2025-06-28,50,N,VIIRS,n,2,290.36,4.79,N,0
40.38549,30.41881,306.92,0.45,0.63,2025-06-28,50,N,VIIRS,n,2,288.64,3.05,N,0
40.38632,30.37297,310.0,0.45,0.63,2025-06-28,50,N,VIIRS,n,2,290.47,1.85,N,0
40.38653,30.37499,301.52,0.45,0.63,2025-06-28,50,N,VIIRS,n,2,290.21,1.52,N,0
40.38668,30.41479,318.13,0.45,0.63,2025-06-28,50,N,VIIRS,n,2,287.96,3.05,N,0
40.38792,30.36753,318.41,0.45,0.63,2025-06-28,50,N,VIIRS,n,2,290.93,1.85,N,0
40.38797,30.41038,298.26,0.45,0.63,2025-06-28,50,N,VIIRS,n,2,286.18,1.95,N,0
40.38812,30.36945,322.1,0.45,0.63,2025-06-28,50,N,VIIRS,n,2,291.63,1.52,N,0
40.39044,30.38045,323.28,0.45,0.63,2025-06-28,50,N,VIIRS,n,2,289.94,1.79,N,0
40.39439,30.38852,305.05,0.45,0.63,2025-06-28,50,N,VIIRS,n,2,288.95,1.79,N,0
40.39859,30.39571,302.82,0.45,0.63,2025-06-28,50,N,VIIRS,n,2,289.54,0.81,N,0
40.75951,29.7627,302.96,0.41,0.61,2025-06-28,50,N,VIIRS,n,2,292.8,0.78,N,0
41.02056,28.55655,315.84,0.35,0.57,2025-06-28,50,N,VIIRS,n,2,292.48,1.29,N,2
41.17454,32.62997,306.46,0.55,0.68,2025-06-28,50,N,VIIRS,n,2,286.7,1.58,N,2
41.17709,32.63476,306.75,0.55,0.68,2025-06-28,50,N,VIIRS,n,2,288.85,1.41,N,2
41.26584,31.42906,301.21,0.48,0.64,2025-06-28,50,N,VIIRS,n,2,290.06,1.21,N,2
41.26744,31.4237,308.27,0.48,0.64,2025-06-28,50,N,VIIRS,n,2,291.07,1.61,N,2
36.731,28.94987,328.1,0.48,0.65,2025-06-28,51,N,VIIRS,n,2,295.87,5.24,N,3
36.73394,28.94823,327.33,0.48,0.65,2025-06-28,51,N,VIIRS,n,2,295.88,3.99,N,3
38.42562,27.21556,311.05,0.35,0.57,2025-06-28,51,N,VIIRS,n,2,298.0,2.27,N,2
38.74849,26.94816,313.14,0.34,0.56,2025-06-28,51,N,VIIRS,n,2,297.81,1.68,N,2
38.75148,26.9368,318.42,0.33,0.56,2025-06-28,51,N,VIIRS,n,2,297.68,2.44,N,0
39.48363,30.04356,299.2,0.46,0.63,2025-06-28,51,N,VIIRS,n,2,285.08,0.76,N,2
39.86658,26.24663,310.65,0.58,0.52,2025-06-28,51,N,VIIRS,n,2,293.7,1.53,N,2
35.52853,44.34232,367.0,0.42,0.45,2025-06-28,1031,N,VIIRS,h,2,324.03,32.19,D,2
35.53229,44.33701,347.78,0.42,0.45,2025-06-28,1031,N,VIIRS,n,2,322.07,17.55,D,2
35.53275,44.34169,348.41,0.42,0.45,2025-06-28,1031,N,VIIRS,n,2,322.2,19.52,D,2
35.63176,44.00959,348.48,0.41,0.45,2025-06-28,1031,N,VIIRS,n,2,317.09,16.94,D,2
35.66285,43.96587,355.25,0.41,0.45,2025-06-28,1031,N,VIIRS,n,2,321.51,30.75,D,2
35.68333,43.8758,367.0,0.4,0.44,2025-06-28,1031,N,VIIRS,h,2,325.98,45.13,D,2
35.68744,43.87515,346.94,0.4,0.44,2025-06-28,1031,N,VIIRS,n,2,314.72,45.13,D,2
36.8779,38.53954,351.11,0.39,0.37,2025-06-28,1031,N,VIIRS,n,2,323.62,10.52,D,0
36.99551,39.66827,367.0,0.42,0.38,2025-06-28,1031,N,VIIRS,h,2,337.12,78.44,D,0
36.99612,39.67297,367.0,0.42,0.38,2025-06-28,1031,N,VIIRS,h,2,343.24,78.44,D,0
37.04023,39.79493,367.0,0.42,0.38,2025-06-28,1031,N,VIIRS,h,2,334.05,59.89,D,0
37.04084,39.79967,367.0,0.42,0.38,2025-06-28,1031,N,VIIRS,h,2,347.56,59.89,D,0
37.0443,39.79896,367.0,0.42,0.38,2025-06-28,1031,N,VIIRS,h,2,351.06,59.89,D,0
37.10159,39.93932,367.0,0.43,0.38,2025-06-28,1031,N,VIIRS,h,2,339.51,61.03,D,0
37.10221,39.9441,367.0,0.43,0.38,2025-06-28,1031,N,VIIRS,h,2,345.45,61.03,D,0
37.0092,38.45821,347.55,0.39,0.36,2025-06-28,1032,N,VIIRS,n,2,321.56,4.32,D,0
37.14293,36.95616,367.0,0.38,0.36,2025-06-28,1032,N,VIIRS,h,2,352.44,85.0,D,0
37.14359,36.96045,367.0,0.38,0.36,2025-06-28,1032,N,VIIRS,h,2,352.14,85.0,D,0
37.14425,36.96475,367.0,0.38,0.36,2025-06-28,1032,N,VIIRS,h,2,357.65,166.92,D,0
37.14491,36.96905,367.0,0.38,0.36,2025-06-28,1032,N,VIIRS,h,2,360.42,166.92,D,0
37.14556,36.97335,340.65,0.38,0.36,2025-06-28,1032,N,VIIRS,n,2,307.91,33.86,D,0
37.14604,36.95729,367.0,0.38,0.36,2025-06-28,1032,N,VIIRS,h,2,332.95,43.51,D,0
37.1467,36.96158,367.0,0.38,0.36,2025-06-28,1032,N,VIIRS,h,2,335.37,43.51,D,0
37.14867,36.9522,355.36,0.38,0.36,2025-06-28,1032,N,VIIRS,n,2,327.85,23.74,D,0
37.14999,36.96079,367.0,0.38,0.36,2025-06-28,1032,N,VIIRS,h,2,340.0,43.51,D,0
37.30699,30.32636,344.29,0.4,0.44,2025-06-28,1032,N,VIIRS,n,2,312.91,2.69,D,0
37.3713,36.78886,354.7,0.38,0.36,2025-06-28,1032,N,VIIRS,n,2,320.13,11.12,D,0
37.37459,36.78808,350.51,0.38,0.36,2025-06-28,1032,N,VIIRS,n,2,318.03,11.12,D,0
37.50558,37.19929,346.09,0.38,0.36,2025-06-28,1032,N,VIIRS,n,2,319.43,9.27,D,0
37.50937,37.20813,367.0,0.38,0.36,2025-06-28,1032,N,VIIRS,h,2,351.68,83.55,D,0
37.51001,37.21246,367.0,0.38,0.36,2025-06-28,1032,N,VIIRS,h,2,339.19,105.16,D,0
37.85455,29.28713,355.44,0.44,0.46,2025-06-28,1032,N,VIIRS,n,2,313.25,18.85,D,0
38.5486,40.78777,355.92,0.47,0.4,2025-06-28,1032,N,VIIRS,n,2,321.1,33.42,D,0
38.56297,28.07164,350.47,0.49,0.48,2025-06-28,1032,N,VIIRS,n,2,318.46,9.65,D,0
38.63153,43.34508,356.18,0.41,0.45,2025-06-28,1032,N,VIIRS,n,2,322.49,20.82,D,0
40.12875,44.19184,340.74,0.47,0.48,2025-06-28,1032,N,VIIRS,n,2,310.19,2.49,D,0
40.13031,44.15784,347.6,0.47,0.48,2025-06-28,1032,N,VIIRS,n,2,312.39,5.31,D,0
40.27861,44.3065,344.57,0.48,0.48,2025-06-28,1032,N,VIIRS,n,2,309.25,9.68,D,0
38.61676,26.85367,343.52,0.56,0.52,2025-06-28,1033,N,VIIRS,n,2,307.55,6.2,D,0
38.99169,27.92441,340.99,0.49,0.48,2025-06-28,1033,N,VIIRS,n,2,305.96,277.03,D,0
38.99303,27.9302,340.05,0.49,0.48,2025-06-28,1033,N,VIIRS,n,2,302.13,277.03,D,0
38.9932,27.91052,332.37,0.49,0.48,2025-06-28,1033,N,VIIRS,n,2,297.79,8.43,D,0
38.99454,27.91633,349.22,0.49,0.48,2025-06-28,1033,N,VIIRS,n,2,300.88,8.43,D,0
38.99863,27.93407,351.23,0.49,0.48,2025-06-28,1033,N,VIIRS,n,2,306.21,136.15,D,0
38.99872,27.91404,351.8,0.49,0.48,2025-06-28,1033,N,VIIRS,n,2,300.19,11.75,D,0
39.00284,27.93191,367.0,0.49,0.48,2025-06-28,1033,N,VIIRS,h,2,357.96,394.63,D,0
39.00423,27.91752,351.55,0.49,0.48,2025-06-28,1033,N,VIIRS,n,2,302.41,661.47,D,0
39.00428,27.93818,341.04,0.49,0.48,2025-06-28,1033,N,VIIRS,n,2,303.11,394.63,D,0
39.00846,27.91541,337.38,0.49,0.48,2025-06-28,1033,N,VIIRS,n,2,304.18,67.5,D,0
39.00848,27.936,367.0,0.49,0.48,2025-06-28,1033,N,VIIRS,h,2,344.29,394.63,D,0
39.01124,27.92753,367.0,0.49,0.48,2025-06-28,1033,N,VIIRS,h,2,345.85,219.95,D,0
39.01268,27.93379,367.0,0.49,0.48,2025-06-28,1033,N,VIIRS,h,2,357.07,219.95,D,0
39.01405,27.93979,336.92,0.49,0.48,2025-06-28,1033,N,VIIRS,n,2,305.61,93.51,D,0
39.01408,27.91936,345.71,0.49,0.48,2025-06-28,1033,N,VIIRS,n,2,306.81,67.5,D,0
39.01687,27.93156,367.0,0.49,0.48,2025-06-28,1033,N,VIIRS,h,2,343.27,219.95,D,0
39.01973,27.92351,345.65,0.49,0.48,2025-06-28,1033,N,VIIRS,n,2,314.31,116.38,D,0
39.0211,27.92948,356.25,0.49,0.48,2025-06-28,1033,N,VIIRS,n,2,321.44,116.38,D,0
39.02663,27.93307,356.6,0.49,0.48,2025-06-28,1033,N,VIIRS,n,2,327.74,78.73,D,0
39.02788,27.93856,342.57,0.48,0.48,2025-06-28,1033,N,VIIRS,n,2,308.15,78.73,D,0
39.0296,27.93499,367.0,0.48,0.48,2025-06-28,1033,N,VIIRS,h,2,313.01,24.51,D,0
39.03088,27.93111,355.44,0.49,0.48,2025-06-28,1033,N,VIIRS,n,2,307.6,16.21,D,0
39.60415,27.19753,353.54,0.51,0.49,2025-06-28,1033,N,VIIRS,n,2,303.82,8.36,D,0
40.28252,28.58937,335.82,0.42,0.45,2025-06-28,1033,N,VIIRS,n,2,302.64,2.49,D,0
40.29946,30.39349,367.0,0.53,0.42,2025-06-28,1033,N,VIIRS,h,2,366.0,168.59,D,0
40.3007,30.39955,339.85,0.53,0.42,2025-06-28,1033,N,VIIRS,n,2,299.48,168.59,D,0
40.30198,30.36644,335.26,0.53,0.42,2025-06-28,1033,N,VIIRS,n,2,302.33,7.34,D,0
40.30325,30.39235,367.0,0.53,0.42,2025-06-28,1033,N,VIIRS,h,2,335.19,84.08,D,0
40.30449,30.39843,339.74,0.53,0.42,2025-06-28,1033,N,VIIRS,n,2,304.0,84.08,D,0
40.30957,30.38391,336.41,0.53,0.42,2025-06-28,1033,N,VIIRS,n,2,305.24,8.88,D,0
40.31083,30.3506,346.31,0.53,0.42,2025-06-28,1033,N,VIIRS,n,2,304.09,21.23,D,0
40.31083,30.39009,367.0,0.53,0.42,2025-06-28,1033,N,VIIRS,h,2,318.97,92.22,D,0
40.31337,30.38287,336.16,0.53,0.42,2025-06-28,1033,N,VIIRS,n,2,305.66,8.88,D,0
40.31465,30.3496,348.0,0.53,0.42,2025-06-28,1033,N,VIIRS,n,2,304.32,21.23,D,0
40.31465,30.38912,367.0,0.53,0.42,2025-06-28,1033,N,VIIRS,h,2,314.87,92.22,D,0
40.31722,30.382,339.03,0.53,0.42,2025-06-28,1033,N,VIIRS,n,2,304.98,12.04,D,0
40.3185,30.3883,356.16,0.53,0.42,2025-06-28,1033,N,VIIRS,n,2,324.47,32.53,D,0
40.31976,30.39452,350.55,0.53,0.42,2025-06-28,1033,N,VIIRS,n,2,314.98,32.53,D,0
40.32232,30.38735,353.98,0.53,0.42,2025-06-28,1033,N,VIIRS,n,2,308.87,32.53,D,0
40.32356,30.39345,345.37,0.53,0.42,2025-06-28,1033,N,VIIRS,n,2,310.02,32.53,D,0
40.32612,30.3863,347.2,0.53,0.42,2025-06-28,1033,N,VIIRS,n,2,304.99,18.65,D,0
40.32735,30.39233,346.93,0.53,0.42,2025-06-28,1033,N,VIIRS,n,2,301.99,18.65,D,0
40.32755,30.35369,350.15,0.53,0.42,2025-06-28,1033,N,VIIRS,n,2,304.28,14.37,D,0
40.33004,30.36598,343.48,0.53,0.42,2025-06-28,1033,N,VIIRS,n,2,300.11,8.96,D,0
40.33109,30.39094,343.95,0.53,0.42,2025-06-28,1033,N,VIIRS,n,2,302.18,18.65,D,0
40.33511,30.35135,332.38,0.53,0.42,2025-06-28,1033,N,VIIRS,n,2,296.63,1.92,D,0
40.33717,30.40116,344.43,0.52,0.42,2025-06-28,1033,N,VIIRS,n,2,301.87,84.15,D,0
40.33966,30.39357,341.57,0.52,0.42,2025-06-28,1033,N,VIIRS,n,2,295.06,84.15,D,0
40.34216,30.40596,336.09,0.52,0.42,2025-06-28,1033,N,VIIRS,n,2,296.55,9.23,D,0
40.34285,30.39856,355.45,0.52,0.42,2025-06-28,1033,N,VIIRS,n,2,297.67,19.04,D,0
40.34365,30.35373,336.51,0.53,0.42,2025-06-28,1033,N,VIIRS,n,2,299.81,3.94,D,0
40.34415,30.40479,347.65,0.52,0.42,2025-06-28,1033,N,VIIRS,n,2,297.42,19.04,D,0
40.34465,30.3984,340.95,0.52,0.42,2025-06-28,1033,N,VIIRS,n,2,295.25,10.7,D,0
40.34483,30.35957,331.41,0.53,0.42,2025-06-28,1033,N,VIIRS,n,2,301.2,3.94,D,0
40.34592,30.4047,352.9,0.52,0.42,2025-06-28,1033,N,VIIRS,n,2,297.78,8.99,D,0
40.34672,30.41717,347.87,0.52,0.42,2025-06-28,1033,N,VIIRS,n,2,306.44,39.08,D,0
40.34718,30.41094,347.01,0.52,0.42,2025-06-28,1033,N,VIIRS,n,2,296.3,8.99,D,0
40.34791,30.40353,348.95,0.52,0.42,2025-06-28,1033,N,VIIRS,n,2,296.68,19.04,D,0
40.34801,30.42338,346.55,0.52,0.42,2025-06-28,1033,N,VIIRS,n,2,298.61,38.89,D,0
40.34843,30.41716,343.09,0.52,0.42,2025-06-28,1033,N,VIIRS,n,2,311.86,101.93,D,0
40.34922,30.40984,353.4,0.52,0.42,2025-06-28,1033,N,VIIRS,n,2,299.18,39.08,D,0
40.34967,30.40343,340.1,0.52,0.42,2025-06-28,1033,N,VIIRS,n,2,298.75,8.99,D,0
40.34968,30.42336,350.89,0.52,0.42,2025-06-28,1033,N,VIIRS,n,2,298.19,101.93,D,0
40.35051,30.41606,349.27,0.52,0.42,2025-06-28,1033,N,VIIRS,n,2,308.19,39.08,D,0
40.35096,30.40982,350.64,0.52,0.42,2025-06-28,1033,N,VIIRS,n,2,300.14,8.99,D,0
40.35165,30.40222,348.5,0.52,0.42,2025-06-28,1033,N,VIIRS,n,2,303.29,21.44,D,0
40.35178,30.42221,367.0,0.52,0.42,2025-06-28,1033,N,VIIRS,h,2,304.92,38.89,D,0
40.35222,30.41606,348.42,0.52,0.42,2025-06-28,1033,N,VIIRS,n,2,306.47,101.93,D,0
40.35298,30.40864,347.65,0.52,0.42,2025-06-28,1033,N,VIIRS,n,2,301.44,23.97,D,0
40.35341,30.40206,351.61,0.52,0.42,2025-06-28,1033,N,VIIRS,n,2,310.2,20.49,D,0
40.35428,30.4149,355.19,0.52,0.42,2025-06-28,1033,N,VIIRS,n,2,301.1,23.97,D,0
40.35467,30.42821,348.83,0.52,0.42,2025-06-28,1033,N,VIIRS,n,2,299.92,54.3,D,0
40.3547,30.40847,351.23,0.52,0.42,2025-06-28,1033,N,VIIRS,n,2,303.67,20.49,D,0
40.35533,30.40058,347.37,0.52,0.42,2025-06-28,1033,N,VIIRS,n,2,305.69,21.44,D,0
40.35592,30.41453,355.75,0.52,0.42,2025-06-28,1033,N,VIIRS,n,2,301.29,312.95,D,0
40.35667,30.40704,354.18,0.52,0.42,2025-06-28,1033,N,VIIRS,n,2,309.03,23.97,D,0
40.35672,30.42668,367.0,0.52,0.42,2025-06-28,1033,N,VIIRS,h,2,362.21,0.0,D,0
40.35706,30.40026,337.47,0.52,0.42,2025-06-28,1033,N,VIIRS,n,2,300.65,20.49,D,0
40.3579,30.41302,356.49,0.52,0.42,2025-06-28,1033,N,VIIRS,n,2,303.98,23.97,D,0
40.3583,30.42634,367.0,0.52,0.42,2025-06-28,1033,N,VIIRS,h,2,358.08,541.21,D,0
40.35835,30.40667,352.85,0.52,0.42,2025-06-28,1033,N,VIIRS,n,2,308.03,20.49,D,0
40.3591,30.41882,367.0,0.52,0.42,2025-06-28,1033,N,VIIRS,h,2,329.56,0.0,D,0
40.35953,30.43242,331.1,0.52,0.42,2025-06-28,1033,N,VIIRS,n,2,304.16,541.21,D,0
40.35955,30.41263,367.0,0.52,0.42,2025-06-28,1033,N,VIIRS,h,2,306.91,312.95,D,0
40.35997,30.34526,346.43,0.53,0.42,2025-06-28,1033,N,VIIRS,n,2,310.09,11.31,D,0
40.3603,30.4052,347.28,0.52,0.42,2025-06-28,1033,N,VIIRS,n,2,306.83,10.12,D,0
40.36032,30.42475,367.0,0.52,0.42,2025-06-28,1033,N,VIIRS,h,2,360.14,0.0,D,0
40.36073,30.41845,342.18,0.52,0.42,2025-06-28,1033,N,VIIRS,n,2,313.77,312.95,D,0
40.36152,30.41113,354.97,0.52,0.42,2025-06-28,1033,N,VIIRS,n,2,304.05,10.12,D,0
40.3616,30.43087,338.85,0.52,0.42,2025-06-28,1033,N,VIIRS,n,2,302.23,28.92,D,0
40.36273,30.41697,355.48,0.52,0.42,2025-06-28,1033,N,VIIRS,n,2,304.74,44.82,D,0
40.36529,30.42935,351.74,0.52,0.42,2025-06-28,1033,N,VIIRS,n,2,302.62,141.55,D,0
40.36768,30.42152,349.82,0.52,0.42,2025-06-28,1033,N,VIIRS,n,2,317.85,44.82,D,0
40.36856,30.3479,352.21,0.53,0.42,2025-06-28,1033,N,VIIRS,n,2,305.25,14.27,D,0
40.36983,30.35404,355.89,0.53,0.42,2025-06-28,1033,N,VIIRS,n,2,310.24,14.27,D,0
40.37028,30.43408,337.95,0.52,0.42,2025-06-28,1033,N,VIIRS,n,2,310.43,141.55,D,0
40.37102,30.35983,351.35,0.53,0.42,2025-06-28,1033,N,VIIRS,n,2,308.03,7.66,D,0
40.37137,30.41994,341.56,0.52,0.42,2025-06-28,1033,N,VIIRS,n,2,305.03,11.05,D,0
40.3722,30.36556,352.28,0.53,0.42,2025-06-28,1033,N,VIIRS,n,2,309.1,7.66,D,0
40.3735,30.35232,345.34,0.53,0.42,2025-06-28,1033,N,VIIRS,n,2,304.78,7.86,D,0
40.37471,30.3582,355.23,0.53,0.42,2025-06-28,1033,N,VIIRS,n,2,307.98,48.04,D,0
40.37592,30.36405,367.0,0.53,0.42,2025-06-28,1033,N,VIIRS,h,2,312.89,48.04,D,0
40.37639,30.42484,356.52,0.52,0.42,2025-06-28,1033,N,VIIRS,n,2,310.84,62.54,D,0
40.37716,30.37009,339.64,0.52,0.42,2025-06-28,1033,N,VIIRS,n,2,308.99,8.11,D,0
40.3787,30.41658,337.19,0.52,0.42,2025-06-28,1033,N,VIIRS,n,2,305.46,8.71,D,0
40.38005,30.42317,353.71,0.52,0.42,2025-06-28,1033,N,VIIRS,n,2,313.71,25.74,D,0
40.3835,30.36177,343.8,0.53,0.42,2025-06-28,1033,N,VIIRS,n,2,312.72,24.86,D,0
40.38733,30.41953,344.51,0.52,0.42,2025-06-28,1033,N,VIIRS,n,2,305.66,14.0,D,0
40.38735,30.36095,348.9,0.53,0.42,2025-06-28,1033,N,VIIRS,n,2,322.26,24.86,D,0
40.38865,30.36728,355.33,0.52,0.42,2025-06-28,1033,N,VIIRS,n,2,311.51,24.09,D,0
40.38992,30.37345,350.75,0.52,0.42,2025-06-28,1033,N,VIIRS,n,2,311.8,24.09,D,0
40.39102,30.41797,353.47,0.52,0.42,2025-06-28,1033,N,VIIRS,n,2,311.03,14.0,D,0
40.39119,30.36004,347.12,0.53,0.42,2025-06-28,1033,N,VIIRS,n,2,314.69,21.33,D,0
40.39495,30.37841,351.85,0.52,0.42,2025-06-28,1033,N,VIIRS,n,2,324.67,26.89,D,0
40.39738,30.39029,337.13,0.52,0.42,2025-06-28,1033,N,VIIRS,n,2,310.44,14.57,D,0
40.39996,30.38326,342.49,0.52,0.42,2025-06-28,1033,N,VIIRS,n,2,314.58,26.89,D,0
40.40118,30.38923,367.0,0.52,0.42,2025-06-28,1033,N,VIIRS,h,2,312.16,14.57,D,0
40.7542,29.99775,342.65,0.54,0.42,2025-06-28,1033,N,VIIRS,n,2,307.47,3.46,D,0
40.97768,27.86538,334.96,0.44,0.46,2025-06-28,1033,N,VIIRS,n,2,299.36,1.92,D,0
41.24316,36.46706,341.02,0.39,0.36,2025-06-28,1033,N,VIIRS,n,2,312.91,4.68,D,2
38.52947,27.06708,367.0,0.62,0.72,2025-06-28,1213,N,VIIRS,h,2,313.24,103.57,D,0
38.53138,27.0683,367.0,0.62,0.72,2025-06-28,1213,N,VIIRS,h,2,307.46,82.64,D,0
38.59132,26.88061,334.7,0.61,0.71,2025-06-28,1213,N,VIIRS,n,2,301.5,4.66,D,0
38.59462,26.88068,334.61,0.61,0.71,2025-06-28,1213,N,VIIRS,n,2,301.86,3.3,D,0
38.97632,27.92579,339.42,0.7,0.75,2025-06-28,1213,N,VIIRS,n,2,299.68,29.31,D,0
38.97639,27.93361,367.0,0.7,0.75,2025-06-28,1213,N,VIIRS,h,2,303.77,61.15,D,0
38.98326,27.91759,353.25,0.7,0.75,2025-06-28,1213,N,VIIRS,n,2,304.22,29.31,D,0
38.98333,27.92467,367.0,0.7,0.75,2025-06-28,1213,N,VIIRS,h,2,305.32,29.31,D,0
38.98341,27.93242,355.24,0.7,0.75,2025-06-28,1213,N,VIIRS,n,2,308.66,61.15,D,0
38.98349,27.9401,367.0,0.7,0.75,2025-06-28,1213,N,VIIRS,h,2,303.94,61.15,D,0
38.99028,27.91776,349.18,0.7,0.75,2025-06-28,1213,N,VIIRS,n,2,306.03,45.59,D,0
38.99036,27.92478,367.0,0.7,0.75,2025-06-28,1213,N,VIIRS,h,2,306.12,45.59,D,0
38.99044,27.93208,352.42,0.7,0.75,2025-06-28,1213,N,VIIRS,n,2,309.27,102.02,D,0
38.99052,27.93954,367.0,0.7,0.75,2025-06-28,1213,N,VIIRS,h,2,312.56,102.02,D,0
38.9906,27.94734,338.5,0.7,0.75,2025-06-28,1213,N,VIIRS,n,2,298.62,70.95,D,0
38.99732,27.9192,367.0,0.7,0.75,2025-06-28,1213,N,VIIRS,h,2,303.38,45.59,D,0
38.9974,27.92602,367.0,0.7,0.75,2025-06-28,1213,N,VIIRS,h,2,309.2,45.59,D,0
38.99747,27.9328,367.0,0.7,0.75,2025-06-28,1213,N,VIIRS,h,2,308.14,102.02,D,0
38.99763,27.9469,367.0,0.7,0.75,2025-06-28,1213,N,VIIRS,h,2,302.1,70.95,D,0
39.00436,27.92083,355.34,0.7,0.75,2025-06-28,1213,N,VIIRS,n,2,305.9,23.32,D,0
39.00444,27.92737,367.0,0.7,0.75,2025-06-28,1213,N,VIIRS,h,2,308.13,23.32,D,0
39.00451,27.93362,367.0,0.7,0.75,2025-06-28,1213,N,VIIRS,h,2,310.21,116.31,D,0
39.00466,27.94659,367.0,0.7,0.75,2025-06-28,1213,N,VIIRS,h,2,300.63,156.97,D,0
39.00912,27.91856,342.17,0.7,0.75,2025-06-28,1213,N,VIIRS,n,2,303.63,10.46,D,0
39.00917,27.92513,349.73,0.7,0.75,2025-06-28,1213,N,VIIRS,n,2,307.21,10.46,D,0
39.00922,27.93141,349.08,0.7,0.75,2025-06-28,1213,N,VIIRS,n,2,308.31,88.37,D,0
39.0093,27.9444,367.0,0.7,0.75,2025-06-28,1213,N,VIIRS,h,2,307.54,166.75,D,0
39.01141,27.92177,350.31,0.7,0.75,2025-06-28,1213,N,VIIRS,n,2,305.88,23.32,D,0
39.01147,27.92815,347.51,0.7,0.75,2025-06-28,1213,N,VIIRS,n,2,308.05,23.32,D,0
39.01155,27.93435,347.46,0.7,0.75,2025-06-28,1213,N,VIIRS,n,2,311.01,116.31,D,0
39.01163,27.9409,367.0,0.7,0.75,2025-06-28,1213,N,VIIRS,h,2,339.02,116.31,D,0
39.01171,27.94853,351.99,0.7,0.75,2025-06-28,1213,N,VIIRS,n,2,299.99,156.97,D,0
39.0162,27.92565,337.7,0.7,0.75,2025-06-28,1213,N,VIIRS,n,2,305.2,10.46,D,0
39.01625,27.93223,350.34,0.7,0.75,2025-06-28,1213,N,VIIRS,n,2,309.07,88.37,D,0
39.01635,27.94674,367.0,0.7,0.75,2025-06-28,1213,N,VIIRS,h,2,301.7,166.75,D,0
39.01851,27.92875,346.88,0.7,0.75,2025-06-28,1213,N,VIIRS,n,2,306.45,10.63,D,0
39.0186,27.93575,356.1,0.7,0.75,2025-06-28,1213,N,VIIRS,n,2,308.35,28.23,D,0
39.01869,27.94331,367.0,0.7,0.75,2025-06-28,1213,N,VIIRS,h,2,305.97,28.23,D,0
39.02324,27.92611,354.91,0.7,0.75,2025-06-28,1213,N,VIIRS,n,2,303.33,11.78,D,0
39.02328,27.93346,341.4,0.7,0.75,2025-06-28,1213,N,VIIRS,n,2,305.53,12.44,D,0
39.02334,27.9412,348.31,0.7,0.75,2025-06-28,1213,N,VIIRS,n,2,301.96,12.44,D,0
39.02555,27.92966,354.05,0.7,0.75,2025-06-28,1213,N,VIIRS,n,2,303.36,10.63,D,0
39.02565,27.93745,342.85,0.7,0.75,2025-06-28,1213,N,VIIRS,n,2,303.68,28.23,D,0
39.39545,26.95538,352.18,0.62,0.72,2025-06-28,1213,N,VIIRS,n,2,296.03,7.75,D,0
39.59889,27.19488,332.63,0.64,0.72,2025-06-28,1213,N,VIIRS,n,2,292.37,10.36,D,0
39.59898,27.20118,367.0,0.64,0.72,2025-06-28,1213,N,VIIRS,h,2,303.82,21.44,D,0
39.59909,27.20818,334.79,0.64,0.72,2025-06-28,1213,N,VIIRS,n,2,294.35,21.44,D,0
39.60569,27.19438,335.52,0.64,0.72,2025-06-28,1213,N,VIIRS,n,2,295.15,10.36,D,0
39.60578,27.20022,341.79,0.64,0.72,2025-06-28,1213,N,VIIRS,n,2,296.45,21.44,D,0
41.88975,26.94072,345.21,0.64,0.72,2025-06-28,1214,N,VIIRS,n,2,286.46,13.64,D,0
41.89108,26.94079,341.97,0.64,0.72,2025-06-28,1214,N,VIIRS,n,2,285.81,15.18,D,0
38.4173,43.23992,301.34,0.41,0.37,2025-06-28,2251,N,VIIRS,n,2,290.17,0.85,N,2
38.85739,35.76259,295.35,0.61,0.53,2025-06-28,2251,N,VIIRS,n,2,283.87,0.65,N,2
39.46442,32.12121,299.55,0.48,0.65,2025-06-28,2251,N,VIIRS,n,2,284.06,0.52,N,0
39.48236,30.03954,300.08,0.62,0.72,2025-06-28,2251,N,VIIRS,n,2,283.15,1.67,N,2
39.48485,30.04207,297.16,0.62,0.72,2025-06-28,2251,N,VIIRS,n,2,283.62,2.15,N,2
39.72219,36.93829,297.28,0.54,0.51,2025-06-28,2251,N,VIIRS,n,2,284.7,1.14,N,2
39.8366,30.29996,301.38,0.61,0.71,2025-06-28,2251,N,VIIRS,n,2,284.26,1.57,N,2
39.89703,28.87086,295.89,0.72,0.76,2025-06-28,2251,N,VIIRS,n,2,283.43,0.54,N,0
39.94347,33.19188,306.3,0.43,0.62,2025-06-28,2251,N,VIIRS,n,2,287.8,0.85,N,2
40.04848,32.64886,302.31,0.46,0.63,2025-06-28,2251,N,VIIRS,n,2,288.0,0.73,N,2
40.05182,32.64999,298.87,0.46,0.63,2025-06-28,2251,N,VIIRS,n,2,287.68,0.93,N,2
40.0718,32.8993,313.53,0.44,0.63,2025-06-28,2251,N,VIIRS,n,2,286.0,1.2,N,0
40.12799,44.16033,303.06,0.41,0.37,2025-06-28,2251,N,VIIRS,n,2,290.35,0.84,N,0
40.12864,44.15559,305.68,0.41,0.37,2025-06-28,2251,N,VIIRS,n,2,290.41,1.41,N,0
40.31417,30.40807,305.43,0.6,0.71,2025-06-28,2251,N,VIIRS,n,2,282.84,2.62,N,0
40.31813,30.40892,302.35,0.6,0.71,2025-06-28,2251,N,VIIRS,n,2,282.61,2.01,N,0
40.32498,30.3959,301.98,0.6,0.71,2025-06-28,2251,N,VIIRS,n,2,281.62,2.81,N,0
40.3263,30.13779,300.93,0.62,0.71,2025-06-28,2251,N,VIIRS,n,2,278.65,3.14,N,0
40.32766,30.39779,306.08,0.6,0.71,2025-06-28,2251,N,VIIRS,n,2,281.72,2.0,N,0
40.32782,30.39061,296.88,0.6,0.71,2025-06-28,2251,N,VIIRS,n,2,281.29,2.0,N,0
40.33163,30.39587,302.8,0.6,0.71,2025-06-28,2251,N,VIIRS,n,2,281.96,2.81,N,0
40.33174,30.38886,310.27,0.6,0.71,2025-06-28,2251,N,VIIRS,n,2,279.45,4.33,N,0
40.33384,30.4191,298.45,0.6,0.71,2025-06-28,2251,N,VIIRS,n,2,282.61,1.31,N,0
40.33417,30.40392,295.75,0.6,0.71,2025-06-28,2251,N,VIIRS,n,2,282.02,2.98,N,0
40.33449,30.38926,314.78,0.6,0.71,2025-06-28,2251,N,VIIRS,n,2,278.88,2.0,N,0
40.38551,30.35594,300.43,0.61,0.71,2025-06-28,2251,N,VIIRS,n,2,282.73,4.94,N,0
40.38567,30.3473,326.84,0.61,0.71,2025-06-28,2251,N,VIIRS,n,2,283.1,8.09,N,0
40.38868,30.34874,330.55,0.61,0.71,2025-06-28,2251,N,VIIRS,n,2,281.64,3.47,N,0
40.39227,30.3503,303.53,0.61,0.71,2025-06-28,2251,N,VIIRS,n,2,281.52,3.76,N,0
40.39529,30.35225,300.98,0.61,0.71,2025-06-28,2251,N,VIIRS,n,2,282.79,3.47,N,0
40.39874,30.35999,303.34,0.61,0.71,2025-06-28,2251,N,VIIRS,n,2,283.31,2.6,N,0
40.57546,43.00528,300.34,0.44,0.38,2025-06-28,2251,N,VIIRS,n,2,283.92,0.89,N,0
40.78137,29.60054,296.29,0.66,0.73,2025-06-28,2251,N,VIIRS,n,2,284.7,2.13,N,2
41.02113,28.55396,300.0,0.75,0.77,2025-06-28,2251,N,VIIRS,n,2,285.49,1.14,N,2
41.17678,32.63489,299.45,0.47,0.64,2025-06-28,2251,N,VIIRS,n,2,277.4,0.8,N,2
41.17856,32.63413,297.25,0.47,0.64,2025-06-28,2251,N,VIIRS,n,2,276.41,0.98,N,2
41.24349,36.46229,317.74,0.59,0.53,2025-06-28,2251,N,VIIRS,n,2,290.73,4.13,N,2
35.52509,44.34328,349.16,0.39,0.36,2025-06-28,2252,N,VIIRS,n,2,301.36,4.54,N,2
35.52839,44.34404,319.8,0.39,0.36,2025-06-28,2252,N,VIIRS,n,2,299.53,4.54,N,2
35.52903,44.33982,346.36,0.39,0.36,2025-06-28,2252,N,VIIRS,n,2,301.74,4.54,N,2
35.53233,44.34058,333.33,0.39,0.36,2025-06-28,2252,N,VIIRS,n,2,299.38,2.8,N,2
35.53298,44.33635,339.53,0.39,0.36,2025-06-28,2252,N,VIIRS,n,2,299.89,5.94,N,2
35.54757,44.17319,329.31,0.39,0.36,2025-06-28,2252,N,VIIRS,n,2,294.99,3.06,N,0
35.54821,44.16896,330.89,0.39,0.36,2025-06-28,2252,N,VIIRS,n,2,295.5,3.06,N,0
35.54885,44.16472,332.11,0.39,0.36,2025-06-28,2252,N,VIIRS,n,2,296.19,7.29,N,0
35.55152,44.16971,310.37,0.39,0.36,2025-06-28,2252,N,VIIRS,n,2,294.83,0.73,N,0
35.55216,44.16547,338.49,0.39,0.36,2025-06-28,2252,N,VIIRS,n,2,296.05,3.48,N,0
35.55418,44.17471,304.14,0.39,0.36,2025-06-28,2252,N,VIIRS,n,2,293.96,0.73,N,0
35.55482,44.17047,304.97,0.39,0.36,2025-06-28,2252,N,VIIRS,n,2,293.53,0.73,N,0
35.56515,44.28244,330.05,0.39,0.36,2025-06-28,2252,N,VIIRS,n,2,299.03,3.08,N,2
35.58054,44.15877,308.14,0.39,0.36,2025-06-28,2252,N,VIIRS,n,2,293.93,0.35,N,0
35.62684,44.0109,329.45,0.39,0.36,2025-06-28,2252,N,VIIRS,n,2,300.14,4.71,N,2
35.62748,44.00663,332.45,0.39,0.36,2025-06-28,2252,N,VIIRS,n,2,301.73,8.61,N,2
35.63016,44.01164,327.69,0.39,0.36,2025-06-28,2252,N,VIIRS,n,2,300.95,4.23,N,2
35.6308,44.00738,334.32,0.39,0.36,2025-06-28,2252,N,VIIRS,n,2,305.36,7.99,N,2
35.66106,43.96572,340.41,0.39,0.36,2025-06-28,2252,N,VIIRS,n,2,308.22,19.93,N,2
35.66437,43.96647,310.84,0.39,0.36,2025-06-28,2252,N,VIIRS,n,2,300.8,2.34,N,2
35.67893,44.0647,311.89,0.39,0.36,2025-06-28,2252,N,VIIRS,n,2,299.79,3.14,N,2
35.68115,43.87745,309.36,0.39,0.36,2025-06-28,2252,N,VIIRS,n,2,298.15,2.31,N,2
35.68447,43.87819,320.14,0.39,0.36,2025-06-28,2252,N,VIIRS,n,2,319.78,19.13,N,2
35.68512,43.87392,335.73,0.39,0.36,2025-06-28,2252,N,VIIRS,n,2,301.86,19.13,N,2
35.68779,43.87894,313.19,0.39,0.36,2025-06-28,2252,N,VIIRS,n,2,299.36,19.13,N,2
35.68843,43.87466,309.33,0.39,0.36,2025-06-28,2252,N,VIIRS,n,2,299.16,19.13,N,2
35.71889,43.77317,314.74,0.39,0.36,2025-06-28,2252,N,VIIRS,n,2,303.61,2.5,N,2
35.7238,44.03967,342.42,0.39,0.36,2025-06-28,2252,N,VIIRS,n,2,303.13,11.34,N,2
35.72712,44.04044,312.96,0.39,0.36,2025-06-28,2252,N,VIIRS,n,2,300.97,2.26,N,2
35.72839,44.03189,341.58,0.39,0.36,2025-06-28,2252,N,VIIRS,n,2,300.13,5.95,N,2
35.77127,43.99747,330.36,0.39,0.36,2025-06-28,2252,N,VIIRS,n,2,300.83,3.24,N,2
35.77191,43.99319,320.02,0.39,0.36,2025-06-28,2252,N,VIIRS,n,2,298.87,3.56,N,2
35.81466,43.25593,313.54,0.4,0.37,2025-06-28,2252,N,VIIRS,n,2,301.61,2.49,N,2
35.83377,43.21925,312.64,0.4,0.37,2025-06-28,2252,N,VIIRS,n,2,300.33,1.97,N,2
35.95242,43.72754,325.14,0.39,0.36,2025-06-28,2252,N,VIIRS,n,2,299.47,2.8,N,2
35.96732,43.76664,324.38,0.39,0.36,2025-06-28,2252,N,VIIRS,n,2,301.95,4.69,N,2
35.98065,43.76955,332.09,0.39,0.36,2025-06-28,2252,N,VIIRS,n,2,302.78,4.42,N,2
35.98154,38.93469,306.56,0.38,0.44,2025-06-28,2252,N,VIIRS,n,2,295.95,0.67,N,0
35.98556,38.93536,307.04,0.38,0.44,2025-06-28,2252,N,VIIRS,n,2,296.45,0.65,N,0
36.01738,43.68372,317.71,0.39,0.36,2025-06-28,2252,N,VIIRS,n,2,298.2,1.69,N,2
36.0994,43.62879,306.82,0.39,0.36,2025-06-28,2252,N,VIIRS,n,2,295.28,1.17,N,0
36.12505,43.78271,312.8,0.39,0.36,2025-06-28,2252,N,VIIRS,n,2,297.07,2.39,N,2
36.13889,43.75891,312.65,0.39,0.36,2025-06-28,2252,N,VIIRS,n,2,299.66,2.12,N,0
36.14331,40.81888,308.01,0.48,0.4,2025-06-28,2252,N,VIIRS,n,2,297.2,0.8,N,2
36.14396,40.81355,308.78,0.48,0.4,2025-06-28,2252,N,VIIRS,n,2,296.9,0.8,N,2
36.19165,44.13036,309.44,0.39,0.36,2025-06-28,2252,N,VIIRS,n,2,298.0,1.84,N,0
36.19423,44.12905,318.87,0.39,0.36,2025-06-28,2252,N,VIIRS,n,2,299.17,2.75,N,0
36.2579,44.38784,311.85,0.39,0.36,2025-06-28,2252,N,VIIRS,n,2,297.01,1.39,N,0
36.26504,33.72733,315.55,0.37,0.58,2025-06-28,2252,N,VIIRS,n,2,296.91,1.5,N,2
36.35043,42.07687,316.43,0.43,0.38,2025-06-28,2252,N,VIIRS,n,2,304.98,3.26,N,2
36.44163,43.94496,305.63,0.39,0.36,2025-06-28,2252,N,VIIRS,n,2,295.12,1.01,N,0
36.44325,42.92886,314.61,0.41,0.37,2025-06-28,2252,N,VIIRS,n,2,300.65,2.87,N,2
36.44477,36.51328,312.31,0.52,0.5,2025-06-28,2252,N,VIIRS,n,2,293.86,1.31,N,0
36.44765,36.51468,305.88,0.52,0.5,2025-06-28,2252,N,VIIRS,n,2,294.57,0.8,N,0
36.46563,36.32787,333.66,0.54,0.5,2025-06-28,2252,N,VIIRS,n,2,294.85,4.7,N,0
36.4674,36.32871,338.11,0.54,0.51,2025-06-28,2252,N,VIIRS,n,2,296.07,6.36,N,0
36.58766,42.79197,311.67,0.41,0.37,2025-06-28,2252,N,VIIRS,n,2,296.63,1.99,N,0
36.59108,42.79269,309.38,0.41,0.37,2025-06-28,2252,N,VIIRS,n,2,294.26,1.03,N,0
36.71744,36.20442,305.02,0.55,0.51,2025-06-28,2252,N,VIIRS,n,2,294.2,2.87,N,3
36.71795,36.19801,328.2,0.55,0.51,2025-06-28,2252,N,VIIRS,n,2,295.93,5.42,N,2
36.73115,36.21246,313.32,0.55,0.51,2025-06-28,2252,N,VIIRS,n,2,297.01,2.51,N,2
36.7348,39.38734,317.14,0.56,0.43,2025-06-28,2252,N,VIIRS,n,2,295.44,1.76,N,0
36.73547,39.38103,313.77,0.56,0.43,2025-06-28,2252,N,VIIRS,n,2,294.21,1.76,N,0
36.7364,36.20676,307.52,0.55,0.51,2025-06-28,2252,N,VIIRS,n,2,296.59,2.51,N,2
36.74522,39.44038,312.09,0.56,0.43,2025-06-28,2252,N,VIIRS,n,2,294.11,1.82,N,0
36.74917,39.44107,325.18,0.56,0.43,2025-06-28,2252,N,VIIRS,n,2,295.4,1.82,N,0
36.77098,39.00388,319.78,0.39,0.44,2025-06-28,2252,N,VIIRS,n,2,296.42,1.99,N,0
36.77143,38.99948,321.56,0.39,0.44,2025-06-28,2252,N,VIIRS,n,2,294.59,1.99,N,0
36.7751,43.3232,339.61,0.4,0.37,2025-06-28,2252,N,VIIRS,n,2,301.02,6.48,N,2
36.77548,39.00014,340.92,0.39,0.44,2025-06-28,2252,N,VIIRS,n,2,298.06,3.9,N,0
36.85166,39.05966,306.17,0.39,0.44,2025-06-28,2252,N,VIIRS,n,2,293.23,0.49,N,0
36.86678,39.15139,307.31,0.38,0.44,2025-06-28,2252,N,VIIRS,n,2,292.84,0.41,N,0
36.86989,43.49001,324.35,0.4,0.37,2025-06-28,2252,N,VIIRS,n,2,297.63,3.59,N,2
36.87045,34.76178,309.08,0.33,0.55,2025-06-28,2252,N,VIIRS,n,2,295.27,1.49,N,2
36.88633,39.00258,311.68,0.39,0.44,2025-06-28,2252,N,VIIRS,n,2,295.46,0.91,N,0
36.89214,43.43114,321.41,0.4,0.37,2025-06-28,2252,N,VIIRS,n,2,296.08,1.97,N,2
36.89277,43.4267,308.9,0.4,0.37,2025-06-28,2252,N,VIIRS,n,2,293.41,1.97,N,2
36.9052,43.38794,305.3,0.4,0.37,2025-06-28,2252,N,VIIRS,n,2,293.64,1.12,N,2
36.90857,43.38867,306.79,0.4,0.37,2025-06-28,2252,N,VIIRS,n,2,294.64,1.12,N,2
36.91316,41.89407,304.2,0.44,0.38,2025-06-28,2252,N,VIIRS,n,2,292.21,0.88,N,2
36.93439,39.5943,307.69,0.55,0.43,2025-06-28,2252,N,VIIRS,n,2,295.58,1.87,N,0
36.93506,39.58813,316.86,0.55,0.43,2025-06-28,2252,N,VIIRS,n,2,294.95,2.46,N,0
36.93597,42.13284,323.94,0.43,0.38,2025-06-28,2252,N,VIIRS,n,2,297.1,1.7,N,2
36.94095,39.10757,309.85,0.39,0.44,2025-06-28,2252,N,VIIRS,n,2,293.57,1.61,N,0
36.94127,39.10573,324.96,0.39,0.44,2025-06-28,2252,N,VIIRS,n,2,294.53,2.03,N,0
36.94139,39.10318,321.6,0.39,0.44,2025-06-28,2252,N,VIIRS,n,2,295.42,1.61,N,0
36.94144,42.17376,313.96,0.43,0.38,2025-06-28,2252,N,VIIRS,n,2,297.47,1.16,N,2
36.94174,39.10135,305.88,0.39,0.44,2025-06-28,2252,N,VIIRS,n,2,294.48,1.21,N,0
36.94207,42.1689,311.88,0.43,0.38,2025-06-28,2252,N,VIIRS,n,2,296.41,1.4,N,2
36.94498,39.10824,316.21,0.39,0.44,2025-06-28,2252,N,VIIRS,n,2,294.84,1.89,N,0
36.94543,39.10385,343.76,0.39,0.44,2025-06-28,2252,N,VIIRS,n,2,296.71,1.89,N,0
36.9467,38.89928,317.62,0.4,0.44,2025-06-28,2252,N,VIIRS,n,2,296.2,2.09,N,0
36.94712,42.13013,334.52,0.43,0.38,2025-06-28,2252,N,VIIRS,n,2,300.41,3.65,N,2
36.94717,38.89482,309.51,0.4,0.44,2025-06-28,2252,N,VIIRS,n,2,295.78,2.21,N,0
36.94902,39.10891,308.15,0.39,0.44,2025-06-28,2252,N,VIIRS,n,2,293.91,1.89,N,0
36.94946,39.10452,318.86,0.39,0.44,2025-06-28,2252,N,VIIRS,n,2,295.21,1.89,N,0
36.95078,38.89994,331.41,0.4,0.44,2025-06-28,2252,N,VIIRS,n,2,297.9,9.82,N,0
36.95125,38.89548,339.01,0.4,0.44,2025-06-28,2252,N,VIIRS,n,2,300.1,15.36,N,0
36.96401,42.08328,306.26,0.44,0.38,2025-06-28,2252,N,VIIRS,n,2,294.29,1.01,N,2
37.00865,39.64003,330.57,0.55,0.43,2025-06-28,2252,N,VIIRS,n,2,295.94,4.56,N,0
37.01285,41.58572,309.32,0.45,0.39,2025-06-28,2252,N,VIIRS,n,2,294.95,0.65,N,2
37.01338,36.10418,305.53,0.56,0.51,2025-06-28,2252,N,VIIRS,n,2,294.35,1.8,N,2
37.01402,36.1048,305.55,0.56,0.51,2025-06-28,2252,N,VIIRS,n,2,294.36,1.68,N,2
37.02245,36.11179,305.91,0.56,0.51,2025-06-28,2252,N,VIIRS,n,2,294.37,1.63,N,2
37.0242,38.39156,313.54,0.42,0.45,2025-06-28,2252,N,VIIRS,n,2,291.91,1.34,N,0
37.0495,40.27664,317.67,0.51,0.41,2025-06-28,2252,N,VIIRS,n,2,294.68,2.1,N,0
37.0568,39.71122,321.9,0.54,0.42,2025-06-28,2252,N,VIIRS,n,2,295.99,3.46,N,0
37.05963,40.42521,305.58,0.51,0.41,2025-06-28,2252,N,VIIRS,n,2,293.33,0.91,N,0
37.06016,39.10844,309.39,0.39,0.44,2025-06-28,2252,N,VIIRS,n,2,292.8,0.54,N,0
37.06071,39.71189,330.48,0.54,0.42,2025-06-28,2252,N,VIIRS,n,2,296.78,2.52,N,0
37.06462,39.71258,310.2,0.54,0.42,2025-06-28,2252,N,VIIRS,n,2,295.1,2.52,N,0
37.06521,40.30905,330.27,0.51,0.41,2025-06-28,2252,N,VIIRS,n,2,296.03,3.35,N,0
37.06586,40.30329,323.02,0.51,0.41,2025-06-28,2252,N,VIIRS,n,2,294.73,3.35,N,0
37.07515,41.23133,316.97,0.47,0.4,2025-06-28,2252,N,VIIRS,n,2,297.6,2.9,N,0
37.07822,42.55651,317.3,0.42,0.38,2025-06-28,2252,N,VIIRS,n,2,300.21,2.86,N,2
37.08467,39.18874,308.04,0.39,0.44,2025-06-28,2252,N,VIIRS,n,2,294.12,0.74,N,0
37.08513,39.18434,304.13,0.39,0.44,2025-06-28,2252,N,VIIRS,n,2,294.07,0.62,N,0
37.10283,39.09322,306.98,0.39,0.44,2025-06-28,2252,N,VIIRS,n,2,292.59,0.6,N,0
37.12308,41.02231,303.64,0.48,0.4,2025-06-28,2252,N,VIIRS,n,2,293.57,0.88,N,0
37.12643,39.1424,318.87,0.39,0.44,2025-06-28,2252,N,VIIRS,n,2,295.21,1.81,N,0
37.13047,40.64175,313.94,0.5,0.41,2025-06-28,2252,N,VIIRS,n,2,294.02,1.56,N,0
37.13112,40.63614,303.52,0.5,0.41,2025-06-28,2252,N,VIIRS,n,2,293.23,1.56,N,0
37.13421,40.64244,317.7,0.5,0.41,2025-06-28,2252,N,VIIRS,n,2,293.75,1.56,N,0
37.13449,39.14384,303.88,0.39,0.44,2025-06-28,2252,N,VIIRS,n,2,293.37,0.66,N,0
37.15931,40.21982,337.58,0.52,0.41,2025-06-28,2252,N,VIIRS,n,2,294.09,7.63,N,0
37.16978,43.21788,313.84,0.41,0.37,2025-06-28,2252,N,VIIRS,n,2,293.09,1.69,N,0
37.17044,43.21318,313.67,0.41,0.37,2025-06-28,2252,N,VIIRS,n,2,289.04,1.69,N,0
37.17517,43.20436,332.35,0.41,0.37,2025-06-28,2252,N,VIIRS,n,2,291.07,4.96,N,0
37.24336,39.70679,303.27,0.55,0.43,2025-06-28,2252,N,VIIRS,n,2,293.0,0.6,N,0
37.25041,42.98684,324.18,0.41,0.37,2025-06-28,2252,N,VIIRS,n,2,288.9,2.52,N,0
37.25104,42.98216,313.16,0.41,0.37,2025-06-28,2252,N,VIIRS,n,2,291.32,2.52,N,0
37.25167,42.97754,307.48,0.41,0.37,2025-06-28,2252,N,VIIRS,n,2,293.34,2.31,N,0
37.25849,42.97909,306.48,0.41,0.37,2025-06-28,2252,N,VIIRS,n,2,291.16,1.34,N,0
37.25972,39.47915,329.15,0.56,0.43,2025-06-28,2252,N,VIIRS,n,2,296.52,2.76,N,0
37.27597,38.7294,309.77,0.41,0.45,2025-06-28,2252,N,VIIRS,n,2,296.94,1.23,N,2
37.29222,37.15701,308.42,0.49,0.49,2025-06-28,2252,N,VIIRS,n,2,295.4,1.54,N,2
37.30479,36.84802,304.92,0.51,0.5,2025-06-28,2252,N,VIIRS,n,2,293.64,1.07,N,0
37.30902,39.54604,311.43,0.56,0.43,2025-06-28,2252,N,VIIRS,n,2,294.72,1.56,N,0
37.31041,39.53334,307.39,0.56,0.43,2025-06-28,2252,N,VIIRS,n,2,294.52,1.14,N,0
37.32655,39.70272,349.49,0.55,0.43,2025-06-28,2252,N,VIIRS,n,2,297.56,6.35,N,0
37.33047,39.70346,314.47,0.55,0.43,2025-06-28,2252,N,VIIRS,n,2,295.65,6.35,N,0
37.42142,39.49409,306.13,0.56,0.43,2025-06-28,2252,N,VIIRS,n,2,291.25,0.95,N,0
37.42329,39.4946,304.77,0.56,0.43,2025-06-28,2252,N,VIIRS,n,2,291.08,0.49,N,0
37.42992,36.89466,311.64,0.51,0.49,2025-06-28,2252,N,VIIRS,n,2,292.98,1.12,N,0
37.74439,39.28266,316.98,0.39,0.44,2025-06-28,2252,N,VIIRS,n,2,291.25,1.52,N,0
37.75449,40.27775,310.0,0.52,0.42,2025-06-28,2252,N,VIIRS,n,2,291.12,1.35,N,0
37.78582,39.08332,325.7,0.4,0.44,2025-06-28,2252,N,VIIRS,n,2,293.4,1.86,N,0
37.7899,39.08405,311.52,0.4,0.44,2025-06-28,2252,N,VIIRS,n,2,294.75,1.86,N,0
37.962,41.70451,305.08,0.46,0.39,2025-06-28,2252,N,VIIRS,n,2,295.03,1.24,N,2
38.10787,34.133,295.5,0.37,0.58,2025-06-28,2252,N,VIIRS,n,2,285.01,0.62,N,0
38.11321,34.13445,308.27,0.37,0.58,2025-06-28,2252,N,VIIRS,n,2,286.1,0.62,N,0
38.12617,41.51574,301.77,0.47,0.4,2025-06-28,2252,N,VIIRS,n,2,291.35,0.77,N,0
38.77592,31.70413,321.9,0.5,0.66,2025-06-28,2252,N,VIIRS,n,2,288.36,2.03,N,0
36.7319,36.2121,305.47,0.64,0.72,2025-06-29,32,N,VIIRS,n,2,293.22,1.57,N,2
36.73566,36.21127,304.37,0.64,0.72,2025-06-29,32,N,VIIRS,n,2,293.22,2.93,N,2
36.87007,34.76315,303.43,0.54,0.68,2025-06-29,32,N,VIIRS,n,2,293.4,0.85,N,2
37.30584,36.85088,302.77,0.67,0.73,2025-06-29,32,N,VIIRS,n,2,291.34,2.06,N,0
38.11155,34.13279,308.8,0.47,0.64,2025-06-29,32,N,VIIRS,n,2,285.07,2.8,N,0
38.11271,34.12873,324.43,0.46,0.64,2025-06-29,32,N,VIIRS,n,2,286.31,2.8,N,0
38.42741,27.216,310.85,0.41,0.45,2025-06-29,32,N,VIIRS,n,2,294.71,1.33,N,2
38.73153,26.93194,302.75,0.39,0.44,2025-06-29,32,N,VIIRS,n,2,292.03,0.49,N,2
38.73747,26.94353,309.27,0.39,0.44,2025-06-29,32,N,VIIRS,n,2,294.98,1.72,N,2
38.74426,26.93178,304.22,0.39,0.44,2025-06-29,32,N,VIIRS,n,2,292.77,0.71,N,2
38.74533,26.94629,308.11,0.39,0.44,2025-06-29,32,N,VIIRS,n,2,292.66,1.33,N,2
38.75117,26.93888,307.8,0.39,0.44,2025-06-29,32,N,VIIRS,n,2,292.34,0.75,N,0
38.94975,27.9246,302.38,0.43,0.46,2025-06-29,32,N,VIIRS,n,2,290.88,1.2,N,0
38.95286,27.93048,314.63,0.43,0.46,2025-06-29,32,N,VIIRS,n,2,291.2,1.69,N,0
38.9683,27.94069,322.82,0.43,0.46,2025-06-29,32,N,VIIRS,n,2,291.12,1.7,N,0
38.96934,27.93608,304.59,0.43,0.46,2025-06-29,32,N,VIIRS,n,2,290.14,1.7,N,0
38.97345,27.93755,339.13,0.43,0.46,2025-06-29,32,N,VIIRS,n,2,292.78,2.57,N,0
38.97758,27.93887,317.07,0.43,0.46,2025-06-29,32,N,VIIRS,n,2,290.24,2.57,N,0
39.09025,27.51179,302.46,0.41,0.45,2025-06-29,32,N,VIIRS,n,2,289.49,0.42,N,0
39.48502,30.04103,304.19,0.53,0.5,2025-06-29,32,N,VIIRS,n,2,286.1,1.74,N,2
39.83585,30.30029,299.85,0.54,0.51,2025-06-29,32,N,VIIRS,n,2,285.76,1.21,N,2
39.83809,30.30115,299.62,0.54,0.51,2025-06-29,32,N,VIIRS,n,2,285.5,1.0,N,2
39.86493,26.24623,319.61,0.52,0.41,2025-06-29,32,N,VIIRS,n,2,292.56,3.0,N,2
39.86679,26.24537,318.1,0.52,0.41,2025-06-29,32,N,VIIRS,n,2,292.91,2.63,N,2
40.01598,27.00555,301.02,0.55,0.43,2025-06-29,32,N,VIIRS,n,2,290.21,0.55,N,0
40.17909,27.69689,311.04,0.39,0.44,2025-06-29,32,N,VIIRS,n,2,289.49,1.07,N,0
40.31277,30.40905,311.68,0.53,0.5,2025-06-29,32,N,VIIRS,n,2,284.92,2.77,N,0
40.31752,30.40974,322.86,0.53,0.5,2025-06-29,32,N,VIIRS,n,2,285.06,2.77,N,0
40.32514,30.39862,312.0,0.53,0.5,2025-06-29,32,N,VIIRS,n,2,284.11,7.34,N,0
40.32663,30.39249,303.02,0.53,0.5,2025-06-29,32,N,VIIRS,n,2,283.52,3.83,N,0
40.32816,30.34595,296.02,0.52,0.5,2025-06-29,32,N,VIIRS,n,2,282.76,0.98,N,0
40.3296,30.40047,341.24,0.53,0.5,2025-06-29,32,N,VIIRS,n,2,287.08,7.34,N,0
40.32962,30.42056,312.27,0.53,0.5,2025-06-29,32,N,VIIRS,n,2,283.67,2.96,N,0
40.33104,30.39456,327.55,0.53,0.5,2025-06-29,32,N,VIIRS,n,2,285.37,3.83,N,0
40.33248,30.40883,297.49,0.53,0.5,2025-06-29,32,N,VIIRS,n,2,283.41,0.78,N,0
40.33249,30.38857,303.08,0.53,0.5,2025-06-29,32,N,VIIRS,n,2,283.91,3.83,N,0
40.33403,30.42265,323.84,0.53,0.5,2025-06-29,32,N,VIIRS,n,2,285.21,2.96,N,0
40.33531,30.39718,303.06,0.53,0.5,2025-06-29,32,N,VIIRS,n,2,283.41,1.65,N,0
40.33674,30.39131,311.42,0.53,0.5,2025-06-29,32,N,VIIRS,n,2,283.94,1.65,N,0
40.33826,30.40525,295.47,0.53,0.5,2025-06-29,32,N,VIIRS,n,2,283.04,0.78,N,0
40.33847,30.42463,308.8,0.53,0.5,2025-06-29,32,N,VIIRS,n,2,284.03,1.51,N,0
40.33989,30.41878,300.99,0.53,0.5,2025-06-29,32,N,VIIRS,n,2,283.12,1.51,N,0
40.35213,30.44459,314.9,0.53,0.5,2025-06-29,32,N,VIIRS,n,2,284.12,1.84,N,0
40.35362,30.44322,325.8,0.53,0.5,2025-06-29,32,N,VIIRS,n,2,285.38,5.19,N,0
40.35363,30.43857,310.57,0.53,0.5,2025-06-29,32,N,VIIRS,n,2,284.22,2.77,N,0
40.35788,30.44126,300.31,0.53,0.5,2025-06-29,32,N,VIIRS,n,2,283.91,1.32,N,0
40.36066,30.43445,295.09,0.53,0.5,2025-06-29,32,N,VIIRS,n,2,283.02,1.06,N,0
40.36945,30.43427,305.37,0.53,0.5,2025-06-29,32,N,VIIRS,n,2,284.48,1.12,N,0
40.37084,30.43299,311.58,0.53,0.5,2025-06-29,32,N,VIIRS,n,2,285.05,3.4,N,0
40.37136,30.34713,301.16,0.52,0.5,2025-06-29,32,N,VIIRS,n,2,281.45,1.73,N,0
40.3723,30.34561,297.89,0.52,0.5,2025-06-29,32,N,VIIRS,n,2,280.5,1.68,N,0
40.37371,30.43697,296.07,0.53,0.5,2025-06-29,32,N,VIIRS,n,2,282.46,1.12,N,0
40.37524,30.43076,296.55,0.53,0.5,2025-06-29,32,N,VIIRS,n,2,283.95,1.12,N,0
41.79599,26.70375,303.75,0.5,0.41,2025-06-29,32,N,VIIRS,n,2,288.77,0.49,N,2
37.25518,30.44498,301.4,0.63,0.54,2025-06-29,33,N,VIIRS,n,2,289.38,1.21,N,2
35.54206,44.16722,356.13,0.4,0.37,2025-06-29,1012,N,VIIRS,n,2,327.24,8.92,D,0
35.55404,44.17844,367.0,0.4,0.37,2025-06-29,1012,N,VIIRS,h,2,327.32,5.09,D,0
36.19176,44.1561,352.71,0.41,0.37,2025-06-29,1012,N,VIIRS,n,2,320.57,4.11,D,0
36.86971,43.48851,341.03,0.4,0.37,2025-06-29,1012,N,VIIRS,n,2,314.2,5.22,D,2
36.27871,33.79906,343.08,0.49,0.49,2025-06-29,1013,N,VIIRS,n,2,313.77,11.33,D,0
36.27987,33.80417,343.46,0.49,0.49,2025-06-29,1013,N,VIIRS,n,2,312.62,14.13,D,0
36.56154,36.45196,344.29,0.54,0.42,2025-06-29,1013,N,VIIRS,n,2,318.32,11.51,D,0
36.72035,35.46794,335.49,0.4,0.44,2025-06-29,1013,N,VIIRS,n,2,310.08,4.13,D,0
37.02596,43.58131,349.29,0.4,0.37,2025-06-29,1013,N,VIIRS,n,2,318.18,12.88,D,0
37.06735,40.22351,367.0,0.4,0.37,2025-06-29,1013,N,VIIRS,h,2,350.78,103.47,D,0
37.11404,39.97692,367.0,0.4,0.37,2025-06-29,1013,N,VIIRS,h,2,337.44,41.46,D,0
37.1148,39.98139,351.09,0.4,0.37,2025-06-29,1013,N,VIIRS,n,2,322.91,41.46,D,0
37.16932,43.21648,341.88,0.39,0.37,2025-06-29,1013,N,VIIRS,n,2,311.7,6.35,D,0
37.16994,43.22091,343.91,0.39,0.37,2025-06-29,1013,N,VIIRS,n,2,309.55,4.3,D,0
37.1727,43.21595,354.93,0.39,0.37,2025-06-29,1013,N,VIIRS,n,2,316.3,6.35,D,0
37.17333,43.22042,342.47,0.39,0.37,2025-06-29,1013,N,VIIRS,n,2,311.41,4.3,D,0
37.17607,43.21544,351.44,0.39,0.37,2025-06-29,1013,N,VIIRS,n,2,313.44,4.54,D,0
37.24905,42.99101,355.37,0.39,0.36,2025-06-29,1013,N,VIIRS,n,2,324.16,24.0,D,0
38.10212,40.06782,367.0,0.39,0.36,2025-06-29,1013,N,VIIRS,h,2,316.94,15.69,D,0
38.16999,26.96719,367.0,0.5,0.66,2025-06-29,1014,N,VIIRS,h,2,305.5,84.05,D,0
38.17569,26.96428,330.76,0.5,0.66,2025-06-29,1014,N,VIIRS,n,2,301.91,84.05,D,0
38.1761,26.98816,367.0,0.5,0.65,2025-06-29,1014,N,VIIRS,h,2,307.63,351.6,D,0
38.17744,26.97029,355.35,0.5,0.65,2025-06-29,1014,N,VIIRS,n,2,302.39,84.05,D,0
38.17764,26.99345,332.48,0.49,0.65,2025-06-29,1014,N,VIIRS,n,2,297.07,235.84,D,0
38.18439,26.99415,367.0,0.49,0.65,2025-06-29,1014,N,VIIRS,h,2,309.66,235.84,D,0
38.18653,26.97902,335.44,0.5,0.65,2025-06-29,1014,N,VIIRS,n,2,300.3,18.33,D,0
38.18817,26.98465,354.87,0.49,0.65,2025-06-29,1014,N,VIIRS,n,2,302.66,28.9,D,0
38.18979,26.99022,367.0,0.49,0.65,2025-06-29,1014,N,VIIRS,h,2,303.77,28.9,D,0
38.44657,28.91854,330.15,0.39,0.59,2025-06-29,1014,N,VIIRS,n,2,299.33,1.8,D,0
38.61701,26.86552,342.11,0.49,0.65,2025-06-29,1014,N,VIIRS,n,2,299.97,3.41,D,0
39.77135,28.99457,328.99,0.36,0.57,2025-06-29,1014,N,VIIRS,n,2,295.98,2.19,D,0
41.26501,31.42576,332.65,0.5,0.49,2025-06-29,1014,N,VIIRS,n,2,298.48,6.64,D,2
42.45504,26.82837,341.24,0.38,0.59,2025-06-29,1015,N,VIIRS,n,2,296.99,3.02,D,0
37.73399,28.38501,367.0,0.4,0.6,2025-06-29,1154,N,VIIRS,h,2,303.73,6.71,D,0
38.10426,26.95467,343.67,0.34,0.56,2025-06-29,1154,N,VIIRS,n,2,295.61,11.44,D,0
38.10844,26.93805,367.0,0.34,0.56,2025-06-29,1154,N,VIIRS,h,2,301.38,18.35,D,0
38.10871,26.94215,367.0,0.34,0.56,2025-06-29,1154,N,VIIRS,h,2,302.93,18.35,D,0
38.10897,26.94619,367.0,0.34,0.56,2025-06-29,1154,N,VIIRS,h,2,300.28,33.19,D,0
38.10921,26.95007,367.0,0.34,0.56,2025-06-29,1154,N,VIIRS,h,2,297.79,33.19,D,0
38.10945,26.95384,367.0,0.34,0.56,2025-06-29,1154,N,VIIRS,h,2,296.68,11.44,D,0
38.1097,26.9578,367.0,0.34,0.56,2025-06-29,1154,N,VIIRS,h,2,296.38,11.44,D,0
38.10995,26.96168,354.19,0.34,0.56,2025-06-29,1154,N,VIIRS,n,2,296.54,8.0,D,0
38.11018,26.96534,341.84,0.34,0.56,2025-06-29,1154,N,VIIRS,n,2,298.02,8.0,D,0
38.11337,26.9332,354.82,0.34,0.56,2025-06-29,1154,N,VIIRS,n,2,299.57,59.45,D,0
38.11439,26.94911,367.0,0.34,0.56,2025-06-29,1154,N,VIIRS,h,2,330.75,0.0,D,0
38.11463,26.95284,367.0,0.34,0.56,2025-06-29,1154,N,VIIRS,h,2,300.85,118.37,D,0
38.11487,26.95663,367.0,0.34,0.56,2025-06-29,1154,N,VIIRS,h,2,297.74,118.37,D,0
38.11512,26.9605,367.0,0.34,0.56,2025-06-29,1154,N,VIIRS,h,2,297.03,21.41,D,0
38.11536,26.96429,355.28,0.34,0.56,2025-06-29,1154,N,VIIRS,n,2,297.59,21.41,D,0
38.11857,26.93263,351.49,0.34,0.56,2025-06-29,1154,N,VIIRS,n,2,302.24,59.45,D,0
38.11979,26.95152,367.0,0.34,0.56,2025-06-29,1154,N,VIIRS,h,2,332.96,118.37,D,0
38.12001,26.95508,355.77,0.34,0.56,2025-06-29,1154,N,VIIRS,n,2,306.76,118.37,D,0
38.12025,26.95879,367.0,0.34,0.56,2025-06-29,1154,N,VIIRS,h,2,299.56,21.41,D,0
38.12049,26.96261,367.0,0.34,0.56,2025-06-29,1154,N,VIIRS,h,2,296.91,21.41,D,0
38.12075,26.96659,349.86,0.34,0.56,2025-06-29,1154,N,VIIRS,n,2,297.2,15.5,D,0
38.12395,26.93323,339.55,0.34,0.56,2025-06-29,1154,N,VIIRS,n,2,300.39,11.76,D,0
38.12494,26.95013,348.03,0.34,0.56,2025-06-29,1154,N,VIIRS,n,2,321.35,68.42,D,0
38.12558,26.96012,352.08,0.34,0.56,2025-06-29,1154,N,VIIRS,n,2,310.54,85.63,D,0
38.12559,26.96125,354.35,0.34,0.56,2025-06-29,1154,N,VIIRS,n,2,307.84,87.39,D,0
38.12582,26.96394,367.0,0.34,0.56,2025-06-29,1154,N,VIIRS,h,2,301.1,49.75,D,0
38.12582,26.96519,367.0,0.34,0.56,2025-06-29,1154,N,VIIRS,h,2,297.03,54.46,D,0
38.12609,26.96813,355.24,0.34,0.56,2025-06-29,1154,N,VIIRS,n,2,295.5,49.75,D,0
38.12638,26.97264,339.96,0.34,0.56,2025-06-29,1154,N,VIIRS,n,2,295.85,8.68,D,0
38.12922,26.93536,340.35,0.34,0.56,2025-06-29,1154,N,VIIRS,n,2,302.8,138.14,D,0
38.12937,26.93638,343.87,0.34,0.56,2025-06-29,1154,N,VIIRS,n,2,302.86,168.88,D,0
38.12989,26.94576,367.0,0.34,0.56,2025-06-29,1154,N,VIIRS,h,2,345.69,224.02,D,0
38.1303,26.95205,354.54,0.34,0.56,2025-06-29,1154,N,VIIRS,n,2,325.87,68.42,D,0
38.1305,26.95526,356.32,0.34,0.56,2025-06-29,1154,N,VIIRS,n,2,320.96,85.63,D,0
38.13054,26.95623,354.36,0.34,0.56,2025-06-29,1154,N,VIIRS,n,2,320.51,87.39,D,0
38.13095,26.96324,367.0,0.34,0.56,2025-06-29,1154,N,VIIRS,h,2,320.8,54.46,D,0
38.1312,26.96608,367.0,0.34,0.56,2025-06-29,1154,N,VIIRS,h,2,297.6,49.75,D,0
38.1312,26.96738,367.0,0.34,0.56,2025-06-29,1154,N,VIIRS,h,2,295.54,54.46,D,0
38.13149,26.9705,340.61,0.34,0.56,2025-06-29,1154,N,VIIRS,n,2,295.02,8.68,D,0
38.13476,26.93887,353.89,0.34,0.56,2025-06-29,1154,N,VIIRS,n,2,302.9,57.16,D,0
38.13505,26.94446,367.0,0.34,0.56,2025-06-29,1154,N,VIIRS,h,2,360.87,91.11,D,0
38.13514,26.94537,367.0,0.34,0.56,2025-06-29,1154,N,VIIRS,h,2,349.86,96.46,D,0
38.13556,26.95243,356.34,0.34,0.56,2025-06-29,1154,N,VIIRS,n,2,329.71,69.18,D,0
38.13573,26.95497,353.91,0.34,0.56,2025-06-29,1154,N,VIIRS,n,2,325.56,87.45,D,0
38.13618,26.96198,367.0,0.34,0.56,2025-06-29,1154,N,VIIRS,h,2,308.45,64.58,D,0
38.13618,26.96302,367.0,0.34,0.56,2025-06-29,1154,N,VIIRS,h,2,304.03,61.81,D,0
38.1364,26.96663,367.0,0.34,0.56,2025-06-29,1154,N,VIIRS,h,2,308.06,61.81,D,0
38.13642,26.96556,347.86,0.34,0.56,2025-06-29,1154,N,VIIRS,n,2,308.06,64.58,D,0
38.13665,26.96928,367.0,0.34,0.56,2025-06-29,1154,N,VIIRS,h,2,296.66,59.23,D,0
38.14025,26.94394,351.2,0.34,0.56,2025-06-29,1154,N,VIIRS,n,2,301.48,91.11,D,0
38.14036,26.94489,345.0,0.34,0.56,2025-06-29,1154,N,VIIRS,n,2,300.81,96.46,D,0
38.14048,26.94732,367.0,0.34,0.56,2025-06-29,1154,N,VIIRS,h,2,301.36,68.46,D,0
38.14056,26.94835,356.55,0.34,0.56,2025-06-29,1154,N,VIIRS,n,2,301.93,69.18,D,0
38.14095,26.95455,367.0,0.34,0.56,2025-06-29,1154,N,VIIRS,h,2,356.85,87.45,D,0
38.14098,26.95555,367.0,0.34,0.56,2025-06-29,1154,N,VIIRS,h,2,351.91,86.33,D,0
38.14119,26.95901,356.71,0.34,0.56,2025-06-29,1154,N,VIIRS,n,2,323.73,86.33,D,0
38.1414,26.96146,356.38,0.34,0.56,2025-06-29,1154,N,VIIRS,n,2,323.27,64.58,D,0
38.1414,26.96247,354.55,0.34,0.56,2025-06-29,1154,N,VIIRS,n,2,323.41,61.81,D,0
38.14162,26.96494,367.0,0.34,0.56,2025-06-29,1154,N,VIIRS,h,2,326.49,64.58,D,0
38.1421,26.97436,367.0,0.34,0.56,2025-06-29,1154,N,VIIRS,h,2,305.62,160.79,D,0
38.14212,26.97269,367.0,0.34,0.56,2025-06-29,1154,N,VIIRS,h,2,311.83,59.23,D,0
38.14243,26.97984,356.25,0.34,0.56,2025-06-29,1154,N,VIIRS,n,2,296.62,13.31,D,0
38.14249,26.97823,367.0,0.34,0.56,2025-06-29,1154,N,VIIRS,h,2,297.32,18.49,D,0
38.14272,26.9849,346.01,0.34,0.56,2025-06-29,1154,N,VIIRS,n,2,296.33,13.31,D,0
38.14283,26.98342,349.01,0.34,0.56,2025-06-29,1154,N,VIIRS,n,2,296.6,18.49,D,0
38.14622,26.95535,367.0,0.34,0.56,2025-06-29,1154,N,VIIRS,h,2,339.86,88.96,D,0
38.14642,26.95876,356.42,0.34,0.56,2025-06-29,1154,N,VIIRS,n,2,326.07,88.96,D,0
38.14662,26.96213,367.0,0.34,0.56,2025-06-29,1154,N,VIIRS,h,2,327.8,31.34,D,0
38.14684,26.9657,367.0,0.34,0.56,2025-06-29,1154,N,VIIRS,h,2,327.55,31.34,D,0
38.14707,26.96962,355.36,0.34,0.56,2025-06-29,1154,N,VIIRS,n,2,325.02,92.22,D,0
38.14766,26.97947,356.57,0.34,0.56,2025-06-29,1154,N,VIIRS,n,2,320.98,140.75,D,0
38.14793,26.9841,367.0,0.34,0.56,2025-06-29,1154,N,VIIRS,h,2,297.9,140.75,D,0
38.14818,26.98839,347.26,0.34,0.56,2025-06-29,1154,N,VIIRS,n,2,297.76,6.27,D,0
38.14841,26.99225,337.77,0.34,0.56,2025-06-29,1154,N,VIIRS,n,2,298.52,6.27,D,0
38.15172,26.95966,367.0,0.34,0.56,2025-06-29,1154,N,VIIRS,h,2,329.78,88.96,D,0
38.15194,26.96338,367.0,0.34,0.56,2025-06-29,1154,N,VIIRS,h,2,317.15,31.34,D,0
38.15217,26.9672,367.0,0.34,0.56,2025-06-29,1154,N,VIIRS,h,2,320.73,31.34,D,0
38.1524,26.97108,367.0,0.34,0.56,2025-06-29,1154,N,VIIRS,h,2,317.45,92.22,D,0
38.15292,26.97978,367.0,0.34,0.56,2025-06-29,1154,N,VIIRS,h,2,356.26,140.75,D,0
38.15316,26.98372,367.0,0.34,0.56,2025-06-29,1154,N,VIIRS,h,2,299.87,140.75,D,0
38.15338,26.9875,351.65,0.34,0.56,2025-06-29,1154,N,VIIRS,n,2,298.74,6.27,D,0
38.1536,26.99119,336.51,0.34,0.56,2025-06-29,1154,N,VIIRS,n,2,298.9,6.27,D,0
38.15679,26.95681,337.28,0.34,0.56,2025-06-29,1154,N,VIIRS,n,2,301.06,20.33,D,0
38.15702,26.96058,367.0,0.34,0.56,2025-06-29,1154,N,VIIRS,h,2,314.59,20.33,D,0
38.15725,26.96441,367.0,0.34,0.56,2025-06-29,1154,N,VIIRS,h,2,312.52,26.44,D,0
38.15749,26.96834,367.0,0.34,0.56,2025-06-29,1154,N,VIIRS,h,2,314.41,26.44,D,0
38.15773,26.97232,367.0,0.34,0.56,2025-06-29,1154,N,VIIRS,h,2,312.29,43.02,D,0
38.15842,26.98384,367.0,0.34,0.56,2025-06-29,1154,N,VIIRS,h,2,312.57,84.89,D,0
38.15863,26.98741,344.77,0.34,0.56,2025-06-29,1154,N,VIIRS,n,2,298.95,41.48,D,0
38.1623,26.96122,352.25,0.34,0.56,2025-06-29,1154,N,VIIRS,n,2,304.26,20.33,D,0
38.16253,26.96504,354.07,0.34,0.56,2025-06-29,1154,N,VIIRS,n,2,326.58,26.44,D,0
38.16277,26.969,367.0,0.34,0.56,2025-06-29,1154,N,VIIRS,h,2,314.24,26.44,D,0
38.16301,26.97294,367.0,0.34,0.56,2025-06-29,1154,N,VIIRS,h,2,311.62,43.02,D,0
38.16323,26.97652,367.0,0.34,0.56,2025-06-29,1154,N,VIIRS,h,2,312.19,43.02,D,0
38.16344,26.98006,348.08,0.34,0.56,2025-06-29,1154,N,VIIRS,n,2,314.84,84.89,D,0
38.16366,26.98366,367.0,0.34,0.56,2025-06-29,1154,N,VIIRS,h,2,304.67,84.89,D,0
38.16418,26.82113,334.42,0.33,0.55,2025-06-29,1154,N,VIIRS,n,2,304.63,6.48,D,0
38.16442,26.82498,349.96,0.33,0.55,2025-06-29,1154,N,VIIRS,n,2,317.72,19.24,D,0
38.16465,26.82872,342.32,0.33,0.55,2025-06-29,1154,N,VIIRS,n,2,304.96,19.24,D,0
38.16778,26.96498,349.55,0.34,0.56,2025-06-29,1154,N,VIIRS,n,2,310.19,27.04,D,0
38.16801,26.96869,367.0,0.34,0.56,2025-06-29,1154,N,VIIRS,h,2,315.48,27.04,D,0
38.16821,26.97216,367.0,0.34,0.56,2025-06-29,1154,N,VIIRS,h,2,317.76,26.73,D,0
38.16841,26.97542,367.0,0.34,0.56,2025-06-29,1154,N,VIIRS,h,2,314.01,26.73,D,0
38.16861,26.97866,367.0,0.34,0.56,2025-06-29,1154,N,VIIRS,h,2,312.38,18.39,D,0
38.16882,26.98208,367.0,0.34,0.56,2025-06-29,1154,N,VIIRS,h,2,310.94,18.39,D,0
38.16902,26.98554,345.51,0.34,0.56,2025-06-29,1154,N,VIIRS,n,2,314.69,35.49,D,0
38.16924,26.98905,367.0,0.34,0.56,2025-06-29,1154,N,VIIRS,h,2,328.86,35.49,D,0
38.16935,26.82059,335.71,0.33,0.55,2025-06-29,1154,N,VIIRS,n,2,303.67,13.06,D,0
38.16946,26.99272,367.0,0.34,0.56,2025-06-29,1154,N,VIIRS,h,2,314.87,50.56,D,0
38.16959,26.82439,350.6,0.33,0.55,2025-06-29,1154,N,VIIRS,n,2,314.1,30.36,D,0
38.16983,26.82816,355.2,0.33,0.55,2025-06-29,1154,N,VIIRS,n,2,305.38,30.36,D,0
38.17301,26.96466,356.17,0.34,0.56,2025-06-29,1154,N,VIIRS,n,2,307.5,27.04,D,0
38.17323,26.96833,349.88,0.34,0.56,2025-06-29,1154,N,VIIRS,n,2,320.32,27.04,D,0
38.17344,26.97171,356.37,0.34,0.56,2025-06-29,1154,N,VIIRS,n,2,316.84,26.73,D,0
38.17363,26.97482,367.0,0.34,0.56,2025-06-29,1154,N,VIIRS,h,2,315.97,26.73,D,0
38.17381,26.97791,367.0,0.34,0.56,2025-06-29,1154,N,VIIRS,h,2,317.39,18.39,D,0
38.17402,26.9812,367.0,0.34,0.56,2025-06-29,1154,N,VIIRS,h,2,316.57,18.39,D,0
38.17424,26.98479,367.0,0.34,0.56,2025-06-29,1154,N,VIIRS,h,2,317.61,35.49,D,0
38.17446,26.98851,367.0,0.34,0.56,2025-06-29,1154,N,VIIRS,h,2,310.86,35.49,D,0
38.1747,26.99245,367.0,0.34,0.56,2025-06-29,1154,N,VIIRS,h,2,308.1,50.56,D,0
38.17714,26.8618,349.87,0.33,0.56,2025-06-29,1154,N,VIIRS,n,2,308.91,13.97,D,0
38.17738,26.86564,367.0,0.33,0.56,2025-06-29,1154,N,VIIRS,h,2,305.74,13.97,D,0
38.17845,26.96788,348.46,0.34,0.56,2025-06-29,1154,N,VIIRS,n,2,306.25,12.05,D,0
38.17867,26.97151,350.78,0.34,0.56,2025-06-29,1154,N,VIIRS,n,2,319.24,23.65,D,0
38.17887,26.97464,367.0,0.34,0.56,2025-06-29,1154,N,VIIRS,h,2,317.0,23.65,D,0
38.17906,26.97778,367.0,0.34,0.56,2025-06-29,1154,N,VIIRS,h,2,316.59,9.55,D,0
38.17926,26.98107,355.85,0.34,0.56,2025-06-29,1154,N,VIIRS,n,2,315.52,9.55,D,0
38.17949,26.98476,345.56,0.34,0.56,2025-06-29,1154,N,VIIRS,n,2,308.38,21.38,D,0
38.17997,26.9927,367.0,0.34,0.56,2025-06-29,1154,N,VIIRS,h,2,319.24,56.03,D,0
38.18208,26.8574,356.7,0.33,0.56,2025-06-29,1154,N,VIIRS,n,2,304.77,16.96,D,0
38.18256,26.86513,367.0,0.33,0.56,2025-06-29,1154,N,VIIRS,h,2,311.8,55.8,D,0
38.18412,26.97473,367.0,0.34,0.56,2025-06-29,1154,N,VIIRS,h,2,309.88,23.65,D,0
38.18434,26.97829,367.0,0.34,0.56,2025-06-29,1154,N,VIIRS,h,2,312.01,9.55,D,0
38.18457,26.98205,351.97,0.34,0.56,2025-06-29,1154,N,VIIRS,n,2,311.46,9.55,D,0
38.18481,26.98589,341.74,0.34,0.56,2025-06-29,1154,N,VIIRS,n,2,311.39,21.38,D,0
38.18505,26.98981,355.44,0.34,0.56,2025-06-29,1154,N,VIIRS,n,2,310.05,21.38,D,0
38.18529,26.99376,367.0,0.34,0.56,2025-06-29,1154,N,VIIRS,h,2,304.93,56.03,D,0
38.1896,26.97839,353.61,0.34,0.56,2025-06-29,1154,N,VIIRS,n,2,307.31,21.14,D,0
38.18984,26.98226,367.0,0.34,0.56,2025-06-29,1154,N,VIIRS,h,2,314.69,21.14,D,0
38.19008,26.98614,344.1,0.34,0.56,2025-06-29,1154,N,VIIRS,n,2,305.49,20.05,D,0
38.20582,26.82071,341.66,0.33,0.55,2025-06-29,1154,N,VIIRS,n,2,305.58,4.02,D,0
38.20608,26.82465,367.0,0.33,0.55,2025-06-29,1154,N,VIIRS,h,2,308.06,4.02,D,0
38.23173,27.32258,356.24,0.35,0.57,2025-06-29,1154,N,VIIRS,n,2,303.83,4.85,D,0
38.23704,27.3218,349.05,0.35,0.57,2025-06-29,1154,N,VIIRS,n,2,302.35,4.85,D,0
38.23728,27.32577,340.57,0.35,0.57,2025-06-29,1154,N,VIIRS,n,2,302.86,8.34,D,0
38.96608,27.8148,367.0,0.38,0.59,2025-06-29,1154,N,VIIRS,h,2,309.72,16.82,D,0
38.97158,27.81435,367.0,0.38,0.59,2025-06-29,1154,N,VIIRS,h,2,307.17,17.11,D,0
38.97182,27.81887,341.42,0.38,0.59,2025-06-29,1154,N,VIIRS,n,2,304.79,13.9,D,0
39.17327,27.46269,330.45,0.37,0.58,2025-06-29,1154,N,VIIRS,n,2,300.55,2.58,D,0
39.17351,27.46699,349.33,0.37,0.58,2025-06-29,1154,N,VIIRS,n,2,303.54,3.66,D,0
39.17375,27.47128,331.13,0.37,0.58,2025-06-29,1154,N,VIIRS,n,2,302.45,3.66,D,0
39.19506,27.66297,352.94,0.38,0.59,2025-06-29,1154,N,VIIRS,n,2,301.31,31.04,D,0
39.20031,27.65831,332.6,0.38,0.59,2025-06-29,1154,N,VIIRS,n,2,305.7,31.04,D,0
39.20099,27.67103,367.0,0.38,0.59,2025-06-29,1154,N,VIIRS,h,2,316.24,79.56,D,0
39.206,27.662,350.2,0.38,0.59,2025-06-29,1154,N,VIIRS,n,2,301.8,13.96,D,0
39.20623,27.66619,367.0,0.38,0.59,2025-06-29,1154,N,VIIRS,h,2,304.82,14.61,D,0
39.20646,27.67036,337.28,0.38,0.59,2025-06-29,1154,N,VIIRS,n,2,305.18,14.61,D,0
40.14352,26.4431,333.7,0.33,0.55,2025-06-29,1155,N,VIIRS,n,2,302.91,2.34,D,0
41.13112,27.74933,353.15,0.4,0.6,2025-06-29,1155,N,VIIRS,n,2,300.63,8.74,D,0
41.77887,26.89361,367.0,0.36,0.57,2025-06-29,1155,N,VIIRS,h,2,301.21,6.98,D,0
41.7791,26.89819,341.44,0.36,0.57,2025-06-29,1155,N,VIIRS,n,2,300.34,7.85,D,0
39.41595,44.41505,314.45,0.39,0.44,2025-06-29,2232,N,VIIRS,n,2,286.38,1.88,N,0
39.41639,44.41347,313.53,0.39,0.44,2025-06-29,2232,N,VIIRS,n,2,286.28,1.56,N,0
39.5849,43.89879,295.57,0.41,0.45,2025-06-29,2232,N,VIIRS,n,2,283.35,0.63,N,0
39.9445,33.18942,298.11,0.76,0.77,2025-06-29,2232,N,VIIRS,n,2,281.7,1.32,N,2
35.52644,44.34195,341.48,0.53,0.42,2025-06-29,2233,N,VIIRS,n,2,300.9,10.52,N,2
35.5303,44.34263,329.51,0.53,0.42,2025-06-29,2233,N,VIIRS,n,2,298.22,5.58,N,2
35.53097,44.33671,332.26,0.53,0.42,2025-06-29,2233,N,VIIRS,n,2,301.12,5.99,N,2
35.53484,44.33742,331.07,0.53,0.42,2025-06-29,2233,N,VIIRS,n,2,298.93,5.99,N,2
35.62627,44.00932,343.59,0.55,0.43,2025-06-29,2233,N,VIIRS,n,2,299.37,15.19,N,2
35.63022,44.00994,342.75,0.55,0.43,2025-06-29,2233,N,VIIRS,n,2,305.32,15.19,N,2
35.65921,43.9648,309.43,0.56,0.43,2025-06-29,2233,N,VIIRS,n,2,297.59,2.79,N,2
35.66316,43.96548,341.09,0.56,0.43,2025-06-29,2233,N,VIIRS,n,2,304.24,16.03,N,2
35.68452,43.88048,326.0,0.56,0.43,2025-06-29,2233,N,VIIRS,n,2,297.34,17.71,N,2
35.6852,43.87425,336.95,0.56,0.43,2025-06-29,2233,N,VIIRS,n,2,312.38,57.62,N,2
35.68916,43.87493,308.53,0.56,0.43,2025-06-29,2233,N,VIIRS,n,2,297.68,2.21,N,2
35.72223,44.03889,323.8,0.55,0.43,2025-06-29,2233,N,VIIRS,n,2,299.38,4.61,N,2
35.72331,44.03854,334.1,0.55,0.43,2025-06-29,2233,N,VIIRS,n,2,301.08,11.79,N,2
35.72616,44.03964,346.34,0.55,0.43,2025-06-29,2233,N,VIIRS,n,2,301.21,4.61,N,2
35.72683,44.03347,312.86,0.55,0.43,2025-06-29,2233,N,VIIRS,n,2,298.95,4.61,N,2
35.73075,44.03421,323.48,0.55,0.43,2025-06-29,2233,N,VIIRS,n,2,299.74,4.2,N,2
35.7709,43.9973,331.06,0.56,0.43,2025-06-29,2233,N,VIIRS,n,2,300.24,7.12,N,2
35.95166,43.72674,320.95,0.38,0.43,2025-06-29,2233,N,VIIRS,n,2,298.22,2.69,N,2
35.96915,43.76268,310.75,0.57,0.43,2025-06-29,2233,N,VIIRS,n,2,300.02,5.74,N,2
35.98054,43.77069,321.33,0.57,0.43,2025-06-29,2233,N,VIIRS,n,2,300.04,2.86,N,2
35.99794,43.76039,317.46,0.57,0.43,2025-06-29,2233,N,VIIRS,n,2,298.72,2.21,N,2
36.0183,43.68388,313.51,0.39,0.44,2025-06-29,2233,N,VIIRS,n,2,297.88,1.52,N,2
36.01876,43.67952,312.15,0.39,0.44,2025-06-29,2233,N,VIIRS,n,2,296.62,1.75,N,2
36.08446,43.63875,309.91,0.39,0.44,2025-06-29,2233,N,VIIRS,n,2,295.21,0.76,N,0
36.09748,43.632,319.03,0.39,0.44,2025-06-29,2233,N,VIIRS,n,2,293.76,1.05,N,0
36.13353,43.75714,317.14,0.38,0.43,2025-06-29,2233,N,VIIRS,n,2,298.05,1.99,N,0
36.13754,43.75782,313.64,0.38,0.43,2025-06-29,2233,N,VIIRS,n,2,299.02,2.67,N,0
36.14141,40.81439,315.44,0.55,0.51,2025-06-29,2233,N,VIIRS,n,2,294.66,1.79,N,2
36.1415,40.81419,314.02,0.55,0.51,2025-06-29,2233,N,VIIRS,n,2,295.03,1.7,N,2
36.26374,33.72458,302.19,0.68,0.74,2025-06-29,2233,N,VIIRS,n,2,291.8,1.66,N,2
36.26551,33.72824,305.63,0.68,0.74,2025-06-29,2233,N,VIIRS,n,2,292.08,0.76,N,2
36.2663,38.97959,304.03,0.35,0.57,2025-06-29,2233,N,VIIRS,n,2,291.5,0.22,N,0
36.34938,42.07472,311.92,0.47,0.48,2025-06-29,2233,N,VIIRS,n,2,298.66,2.13,N,2
36.44084,42.92825,302.86,0.43,0.46,2025-06-29,2233,N,VIIRS,n,2,288.69,0.93,N,2
36.4459,43.67999,332.5,0.39,0.44,2025-06-29,2233,N,VIIRS,n,2,297.46,4.46,N,0
36.44994,43.68076,317.96,0.39,0.44,2025-06-29,2233,N,VIIRS,n,2,296.18,2.23,N,0
36.71601,38.75891,304.35,0.36,0.58,2025-06-29,2233,N,VIIRS,n,2,293.27,0.49,N,0
36.71928,36.20174,302.58,0.5,0.66,2025-06-29,2233,N,VIIRS,n,2,290.02,1.17,N,2
36.72013,36.20106,303.43,0.5,0.66,2025-06-29,2233,N,VIIRS,n,2,290.22,1.09,N,2
36.7261,37.5149,316.26,0.43,0.62,2025-06-29,2233,N,VIIRS,n,2,290.14,1.21,N,0
36.7314,36.20829,308.63,0.5,0.66,2025-06-29,2233,N,VIIRS,n,2,292.77,2.54,N,2
36.73221,36.20779,305.87,0.5,0.66,2025-06-29,2233,N,VIIRS,n,2,292.61,2.54,N,2
36.73279,39.00732,310.21,0.35,0.57,2025-06-29,2233,N,VIIRS,n,2,291.0,0.88,N,0
36.73305,39.00328,300.52,0.35,0.57,2025-06-29,2233,N,VIIRS,n,2,290.37,0.88,N,0
36.77038,38.92169,303.0,0.36,0.57,2025-06-29,2233,N,VIIRS,n,2,291.73,1.26,N,0
36.77065,38.91763,326.89,0.36,0.57,2025-06-29,2233,N,VIIRS,n,2,292.14,2.44,N,0
36.77597,38.91822,308.19,0.36,0.57,2025-06-29,2233,N,VIIRS,n,2,291.15,0.73,N,0
36.77685,43.32452,348.23,0.41,0.45,2025-06-29,2233,N,VIIRS,n,2,301.14,8.53,N,2
36.78179,38.99218,309.1,0.35,0.57,2025-06-29,2233,N,VIIRS,n,2,291.83,1.49,N,0
36.78569,38.99274,326.85,0.35,0.57,2025-06-29,2233,N,VIIRS,n,2,292.92,3.17,N,0
36.78709,38.99273,318.23,0.35,0.57,2025-06-29,2233,N,VIIRS,n,2,291.66,1.49,N,0
36.79737,39.06296,299.66,0.35,0.57,2025-06-29,2233,N,VIIRS,n,2,289.44,0.33,N,0
36.79762,39.05894,302.5,0.35,0.57,2025-06-29,2233,N,VIIRS,n,2,289.14,0.66,N,0
36.86727,43.48958,330.18,0.4,0.45,2025-06-29,2233,N,VIIRS,n,2,294.93,3.73,N,2
36.86756,34.75974,304.58,0.6,0.71,2025-06-29,2233,N,VIIRS,n,2,291.69,1.65,N,2
36.87085,34.76239,304.96,0.6,0.71,2025-06-29,2233,N,VIIRS,n,2,292.08,1.52,N,2
36.88602,39.06575,305.84,0.35,0.57,2025-06-29,2233,N,VIIRS,n,2,290.32,1.02,N,0
36.88744,39.06853,327.9,0.35,0.57,2025-06-29,2233,N,VIIRS,n,2,291.22,2.93,N,0
36.88825,39.05648,301.9,0.35,0.57,2025-06-29,2233,N,VIIRS,n,2,288.97,0.56,N,0
36.88997,43.43011,309.3,0.41,0.45,2025-06-29,2233,N,VIIRS,n,2,292.4,2.09,N,2
36.89106,39.07034,302.83,0.35,0.57,2025-06-29,2233,N,VIIRS,n,2,288.72,0.67,N,0
36.89131,39.06631,314.7,0.35,0.57,2025-06-29,2233,N,VIIRS,n,2,289.24,1.18,N,0
36.89408,43.43084,309.24,0.41,0.45,2025-06-29,2233,N,VIIRS,n,2,292.27,1.03,N,2
36.89453,43.42642,304.19,0.41,0.45,2025-06-29,2233,N,VIIRS,n,2,290.69,1.03,N,2
36.90437,39.0271,316.75,0.35,0.57,2025-06-29,2233,N,VIIRS,n,2,290.34,0.94,N,0
36.90462,39.02304,305.34,0.35,0.57,2025-06-29,2233,N,VIIRS,n,2,289.89,0.94,N,0
36.90694,43.38649,301.74,0.41,0.45,2025-06-29,2233,N,VIIRS,n,2,283.82,0.36,N,2
36.90967,39.02767,314.84,0.35,0.57,2025-06-29,2233,N,VIIRS,n,2,290.99,0.94,N,0
36.90992,39.02361,300.1,0.35,0.57,2025-06-29,2233,N,VIIRS,n,2,289.54,0.94,N,0
36.91368,41.89403,318.66,0.49,0.49,2025-06-29,2233,N,VIIRS,n,2,291.85,1.76,N,2
36.93784,42.13209,306.48,0.48,0.48,2025-06-29,2233,N,VIIRS,n,2,294.39,1.16,N,2
36.94329,42.17077,312.21,0.47,0.48,2025-06-29,2233,N,VIIRS,n,2,293.57,1.25,N,2
36.94672,42.13335,321.01,0.48,0.48,2025-06-29,2233,N,VIIRS,n,2,293.63,1.8,N,2
36.94721,42.12798,308.1,0.48,0.48,2025-06-29,2233,N,VIIRS,n,2,294.98,2.35,N,2
36.95901,43.71664,310.86,0.39,0.44,2025-06-29,2233,N,VIIRS,n,2,292.46,1.64,N,0
36.96265,39.03336,308.54,0.35,0.57,2025-06-29,2233,N,VIIRS,n,2,291.47,1.14,N,0
36.96305,43.71754,305.48,0.39,0.44,2025-06-29,2233,N,VIIRS,n,2,292.46,0.96,N,0
36.96508,42.08053,305.12,0.48,0.48,2025-06-29,2233,N,VIIRS,n,2,291.73,0.72,N,2
36.99051,42.00077,303.9,0.48,0.48,2025-06-29,2233,N,VIIRS,n,2,291.86,0.41,N,2
36.99249,42.00216,302.85,0.48,0.48,2025-06-29,2233,N,VIIRS,n,2,292.21,0.55,N,2
36.99678,38.4856,303.48,0.38,0.59,2025-06-29,2233,N,VIIRS,n,2,290.46,0.57,N,0
37.00425,39.60072,333.36,0.33,0.55,2025-06-29,2233,N,VIIRS,n,2,294.42,2.56,N,0
37.00451,39.597,303.98,0.33,0.55,2025-06-29,2233,N,VIIRS,n,2,292.71,2.26,N,0
37.01175,36.10236,321.32,0.51,0.66,2025-06-29,2233,N,VIIRS,n,2,290.22,3.12,N,2
37.0141,41.5855,304.34,0.51,0.49,2025-06-29,2233,N,VIIRS,n,2,292.75,0.74,N,2
37.05309,42.13417,304.64,0.48,0.48,2025-06-29,2233,N,VIIRS,n,2,294.01,0.6,N,0
37.095,39.08433,304.5,0.35,0.57,2025-06-29,2233,N,VIIRS,n,2,289.92,0.3,N,0
37.16491,40.17432,303.12,0.61,0.54,2025-06-29,2233,N,VIIRS,n,2,290.25,0.76,N,0
37.17475,43.22181,308.09,0.42,0.45,2025-06-29,2233,N,VIIRS,n,2,293.61,2.47,N,0
37.17572,43.21213,303.68,0.42,0.45,2025-06-29,2233,N,VIIRS,n,2,292.96,1.33,N,0
37.17622,43.20722,315.24,0.42,0.45,2025-06-29,2233,N,VIIRS,n,2,293.83,1.33,N,0
37.17954,43.21644,316.37,0.42,0.45,2025-06-29,2233,N,VIIRS,n,2,292.72,2.31,N,0
37.18481,40.17683,302.45,0.61,0.54,2025-06-29,2233,N,VIIRS,n,2,292.31,1.35,N,0
37.18831,39.83984,303.17,0.32,0.55,2025-06-29,2233,N,VIIRS,n,2,290.17,0.49,N,0
37.19336,39.76579,307.02,0.32,0.55,2025-06-29,2233,N,VIIRS,n,2,292.37,0.42,N,0
37.26691,39.59735,317.57,0.33,0.55,2025-06-29,2233,N,VIIRS,n,2,290.81,0.79,N,0
37.2681,39.59726,325.9,0.33,0.55,2025-06-29,2233,N,VIIRS,n,2,291.45,1.62,N,0
37.27205,39.59793,310.42,0.33,0.55,2025-06-29,2233,N,VIIRS,n,2,291.46,0.79,N,0
37.27534,38.72968,308.38,0.37,0.58,2025-06-29,2233,N,VIIRS,n,2,292.84,0.85,N,2
37.29357,37.15851,301.61,0.45,0.63,2025-06-29,2233,N,VIIRS,n,2,288.68,1.13,N,2
37.29538,37.15735,306.76,0.45,0.63,2025-06-29,2233,N,VIIRS,n,2,289.62,0.71,N,2
37.3288,39.69663,310.22,0.33,0.55,2025-06-29,2233,N,VIIRS,n,2,292.17,2.4,N,0
37.32906,39.69289,350.7,0.33,0.55,2025-06-29,2233,N,VIIRS,n,2,294.15,5.05,N,0
37.36982,36.90961,300.84,0.47,0.64,2025-06-29,2233,N,VIIRS,n,2,288.54,1.02,N,0
37.38117,39.53842,301.72,0.33,0.56,2025-06-29,2233,N,VIIRS,n,2,290.23,0.87,N,0
37.3826,39.53721,310.61,0.33,0.56,2025-06-29,2233,N,VIIRS,n,2,289.96,0.86,N,0
37.38633,39.539,308.45,0.33,0.56,2025-06-29,2233,N,VIIRS,n,2,288.31,1.25,N,0
37.38659,37.19087,310.7,0.45,0.63,2025-06-29,2233,N,VIIRS,n,2,287.32,2.19,N,0
37.38753,39.54165,310.15,0.33,0.56,2025-06-29,2233,N,VIIRS,n,2,289.21,0.66,N,0
37.39247,37.19132,332.7,0.45,0.63,2025-06-29,2233,N,VIIRS,n,2,288.9,2.19,N,0
37.39273,37.18602,299.46,0.45,0.63,2025-06-29,2233,N,VIIRS,n,2,287.38,2.9,N,0
37.39492,37.0148,316.95,0.46,0.63,2025-06-29,2233,N,VIIRS,n,2,288.71,1.39,N,0
37.39619,37.18863,302.11,0.45,0.63,2025-06-29,2233,N,VIIRS,n,2,287.84,0.43,N,0
37.57465,38.04058,303.43,0.4,0.6,2025-06-29,2233,N,VIIRS,n,2,291.13,0.46,N,0
37.58587,38.04217,303.07,0.4,0.6,2025-06-29,2233,N,VIIRS,n,2,291.0,0.71,N,0
37.59826,38.94971,298.52,0.36,0.57,2025-06-29,2233,N,VIIRS,n,2,287.74,0.17,N,0
38.04412,42.67147,320.41,0.46,0.47,2025-06-29,2233,N,VIIRS,n,2,284.72,1.4,N,0
38.088,42.12516,311.97,0.49,0.49,2025-06-29,2233,N,VIIRS,n,2,290.07,2.23,N,0
36.14417,40.82038,303.2,0.66,0.73,2025-06-30,13,N,VIIRS,n,2,290.48,1.63,N,2
36.91154,41.89487,298.08,0.71,0.75,2025-06-30,13,N,VIIRS,n,2,286.48,1.36,N,2
36.9356,42.1305,309.13,0.72,0.76,2025-06-30,13,N,VIIRS,n,2,288.26,1.88,N,2
36.94366,42.1689,309.15,0.73,0.76,2025-06-30,13,N,VIIRS,n,2,288.3,2.28,N,2
36.94751,42.13316,317.12,0.72,0.76,2025-06-30,13,N,VIIRS,n,2,289.49,3.64,N,2
36.94825,38.89965,303.24,0.5,0.66,2025-06-30,13,N,VIIRS,n,2,289.92,0.75,N,0
36.96492,42.07913,303.09,0.72,0.75,2025-06-30,13,N,VIIRS,n,2,287.64,1.4,N,2
37.00555,42.07159,298.44,0.72,0.75,2025-06-30,13,N,VIIRS,n,2,288.22,1.23,N,0
37.03386,38.35401,305.57,0.46,0.64,2025-06-30,13,N,VIIRS,n,2,289.3,1.19,N,0
37.03533,38.34888,309.52,0.46,0.64,2025-06-30,13,N,VIIRS,n,2,289.33,1.91,N,0
37.03551,38.35351,308.65,0.47,0.64,2025-06-30,13,N,VIIRS,n,2,289.32,1.95,N,0
37.08049,42.55474,303.2,0.75,0.77,2025-06-30,13,N,VIIRS,n,2,283.7,1.69,N,2
37.16138,39.84825,307.58,0.55,0.68,2025-06-30,13,N,VIIRS,n,2,287.0,0.69,N,0
37.16405,39.84894,302.15,0.55,0.68,2025-06-30,13,N,VIIRS,n,2,287.06,0.45,N,0
37.18478,39.83813,318.58,0.55,0.68,2025-06-30,13,N,VIIRS,n,2,287.49,1.84,N,0
37.18757,39.83879,326.73,0.55,0.68,2025-06-30,13,N,VIIRS,n,2,289.14,3.54,N,0
37.25583,39.81532,315.84,0.54,0.68,2025-06-30,13,N,VIIRS,n,2,287.78,5.55,N,0
37.25755,39.80945,367.0,0.54,0.68,2025-06-30,13,N,VIIRS,h,2,291.32,5.55,N,0
37.25791,39.82276,297.93,0.54,0.68,2025-06-30,13,N,VIIRS,n,2,287.38,1.87,N,0
37.25932,39.80349,314.26,0.54,0.68,2025-06-30,13,N,VIIRS,n,2,287.83,10.08,N,0
37.25967,39.81693,326.69,0.54,0.68,2025-06-30,13,N,VIIRS,n,2,288.86,1.87,N,0
37.26143,39.81112,322.0,0.54,0.68,2025-06-30,13,N,VIIRS,n,2,287.77,2.38,N,0
37.26184,39.81792,310.59,0.54,0.68,2025-06-30,13,N,VIIRS,n,2,287.8,5.55,N,0
37.26321,39.80518,300.24,0.54,0.68,2025-06-30,13,N,VIIRS,n,2,288.2,2.38,N,0
37.27174,39.60153,308.7,0.53,0.67,2025-06-30,13,N,VIIRS,n,2,290.03,1.16,N,0
37.34948,37.16124,300.32,0.4,0.6,2025-06-30,13,N,VIIRS,n,2,289.6,0.88,N,2
37.36147,39.43271,320.18,0.52,0.67,2025-06-30,13,N,VIIRS,n,2,289.23,2.4,N,0
37.36763,36.91867,351.86,0.38,0.59,2025-06-30,13,N,VIIRS,n,2,290.36,12.58,N,0
37.36876,36.91448,367.0,0.38,0.59,2025-06-30,13,N,VIIRS,h,2,294.59,12.69,N,0
37.36988,36.91028,315.77,0.38,0.59,2025-06-30,13,N,VIIRS,n,2,288.78,12.69,N,0
37.38004,39.46023,298.38,0.52,0.67,2025-06-30,13,N,VIIRS,n,2,287.59,1.08,N,0
37.38578,39.46287,333.31,0.52,0.67,2025-06-30,13,N,VIIRS,n,2,288.76,6.17,N,0
37.38594,39.46281,340.37,0.52,0.67,2025-06-30,13,N,VIIRS,n,2,289.02,4.21,N,0
37.38747,39.45721,324.26,0.52,0.67,2025-06-30,13,N,VIIRS,n,2,288.06,7.37,N,0
37.38759,39.45713,313.76,0.52,0.67,2025-06-30,13,N,VIIRS,n,2,287.37,4.21,N,0
37.39535,37.1887,328.78,0.4,0.6,2025-06-30,13,N,VIIRS,n,2,288.32,2.8,N,0
37.58438,38.04045,300.89,0.43,0.62,2025-06-30,13,N,VIIRS,n,2,288.59,0.33,N,0
38.65775,30.61573,298.31,0.52,0.42,2025-06-30,13,N,VIIRS,n,2,282.79,1.09,N,2
39.09059,27.51103,308.11,0.41,0.37,2025-06-30,13,N,VIIRS,n,2,290.17,1.5,N,0
39.11324,27.52267,301.76,0.41,0.37,2025-06-30,13,N,VIIRS,n,2,289.01,1.06,N,0
39.16736,27.63344,301.66,0.41,0.37,2025-06-30,13,N,VIIRS,n,2,289.76,0.64,N,2
39.16819,27.62881,301.96,0.41,0.37,2025-06-30,13,N,VIIRS,n,2,290.04,0.64,N,2
39.48372,30.04009,303.63,0.48,0.4,2025-06-30,13,N,VIIRS,n,2,283.15,1.6,N,2
39.50235,26.30339,308.16,0.39,0.36,2025-06-30,13,N,VIIRS,n,2,288.3,1.22,N,0
39.50309,26.29893,328.48,0.39,0.36,2025-06-30,13,N,VIIRS,n,2,289.46,2.68,N,0
39.50565,26.30429,304.45,0.39,0.36,2025-06-30,13,N,VIIRS,n,2,288.52,1.22,N,0
39.50639,26.29983,328.52,0.39,0.36,2025-06-30,13,N,VIIRS,n,2,289.77,2.68,N,0
39.60787,27.87681,301.23,0.41,0.37,2025-06-30,13,N,VIIRS,n,2,288.81,0.63,N,2
39.74554,30.199,295.48,0.48,0.4,2025-06-30,13,N,VIIRS,n,2,283.2,0.76,N,2
39.86602,26.24679,305.44,0.39,0.36,2025-06-30,13,N,VIIRS,n,2,290.84,1.0,N,2
39.86675,26.24232,328.23,0.39,0.36,2025-06-30,13,N,VIIRS,n,2,293.06,2.45,N,2
39.94445,33.19291,297.38,0.43,0.46,2025-06-30,13,N,VIIRS,n,2,283.09,0.88,N,2
40.01651,27.00625,300.25,0.39,0.36,2025-06-30,13,N,VIIRS,n,2,288.57,0.57,N,0
40.01729,27.00169,300.15,0.39,0.36,2025-06-30,13,N,VIIRS,n,2,287.93,0.57,N,0
40.0494,32.6493,295.5,0.4,0.45,2025-06-30,13,N,VIIRS,n,2,284.07,0.61,N,2
40.18551,29.22761,300.05,0.44,0.38,2025-06-30,13,N,VIIRS,n,2,288.9,0.34,N,0
40.24287,29.9279,296.23,0.46,0.39,2025-06-30,13,N,VIIRS,n,2,285.27,0.32,N,2
40.75491,31.78479,298.19,0.54,0.42,2025-06-30,13,N,VIIRS,n,2,281.61,1.03,N,0
40.75792,29.76058,306.45,0.45,0.39,2025-06-30,13,N,VIIRS,n,2,290.41,1.36,N,2
40.78117,29.60179,307.87,0.44,0.39,2025-06-30,13,N,VIIRS,n,2,290.63,1.5,N,2
40.94545,31.3974,300.19,0.51,0.41,2025-06-30,13,N,VIIRS,n,2,284.18,1.0,N,2
41.01984,28.55652,318.33,0.41,0.37,2025-06-30,13,N,VIIRS,n,2,289.87,1.94,N,2
41.17608,32.63223,308.14,0.38,0.43,2025-06-30,13,N,VIIRS,n,2,286.32,2.05,N,2
41.18382,32.63538,295.58,0.38,0.43,2025-06-30,13,N,VIIRS,n,2,284.74,0.78,N,2
41.25431,31.41222,308.69,0.51,0.41,2025-06-30,13,N,VIIRS,n,2,286.68,1.35,N,2
41.26417,31.42221,319.23,0.51,0.41,2025-06-30,13,N,VIIRS,n,2,288.02,3.32,N,2
36.31044,33.95287,307.5,0.57,0.52,2025-06-30,14,N,VIIRS,n,2,292.73,1.01,N,0
36.7158,36.20065,315.43,0.37,0.58,2025-06-30,14,N,VIIRS,n,2,291.66,2.15,N,2
36.71973,36.20036,324.42,0.37,0.58,2025-06-30,14,N,VIIRS,n,2,292.46,1.78,N,2
36.72894,36.20858,307.75,0.37,0.58,2025-06-30,14,N,VIIRS,n,2,293.7,0.98,N,2
36.73016,36.21102,313.18,0.37,0.58,2025-06-30,14,N,VIIRS,n,2,294.64,1.1,N,2
36.74649,36.20677,306.3,0.37,0.58,2025-06-30,14,N,VIIRS,n,2,292.06,0.5,N,2
36.88747,30.95198,322.16,0.39,0.44,2025-06-30,14,N,VIIRS,n,2,293.8,1.6,N,0
37.25295,30.44162,309.39,0.54,0.42,2025-06-30,14,N,VIIRS,n,2,291.83,1.81,N,2
37.89981,30.49186,299.26,0.53,0.42,2025-06-30,14,N,VIIRS,n,2,288.08,1.04,N,2
37.92546,28.13316,303.69,0.43,0.38,2025-06-30,14,N,VIIRS,n,2,291.08,0.58,N,0
38.0431,26.86673,342.74,0.4,0.37,2025-06-30,14,N,VIIRS,n,2,300.26,18.34,N,0
38.04388,26.86224,305.23,0.4,0.37,2025-06-30,14,N,VIIRS,n,2,294.32,3.68,N,3
38.04646,26.8676,345.41,0.4,0.37,2025-06-30,14,N,VIIRS,n,2,307.87,18.34,N,0
38.0498,26.86852,310.6,0.4,0.37,2025-06-30,14,N,VIIRS,n,2,293.86,0.72,N,0
38.05057,26.86406,304.51,0.4,0.37,2025-06-30,14,N,VIIRS,n,2,293.51,1.1,N,0
38.05135,26.8596,316.44,0.4,0.37,2025-06-30,14,N,VIIRS,n,2,293.27,1.1,N,0
38.05314,26.86945,308.37,0.4,0.37,2025-06-30,14,N,VIIRS,n,2,292.82,0.72,N,0
38.05392,26.86498,310.84,0.4,0.37,2025-06-30,14,N,VIIRS,n,2,293.38,1.1,N,0
38.05648,26.8704,307.45,0.4,0.37,2025-06-30,14,N,VIIRS,n,2,293.38,1.23,N,0
38.05726,26.86591,321.36,0.4,0.37,2025-06-30,14,N,VIIRS,n,2,295.34,1.49,N,0
38.0606,26.86684,319.29,0.4,0.37,2025-06-30,14,N,VIIRS,n,2,294.92,1.49,N,0
38.07734,26.87132,310.26,0.4,0.37,2025-06-30,14,N,VIIRS,n,2,293.67,1.25,N,0
38.0812,26.84897,330.74,0.4,0.37,2025-06-30,14,N,VIIRS,n,2,294.39,4.55,N,3
38.08476,26.91393,304.02,0.4,0.37,2025-06-30,14,N,VIIRS,n,2,293.49,0.54,N,0
38.0866,26.87854,313.3,0.4,0.37,2025-06-30,14,N,VIIRS,n,2,293.53,1.4,N,0
38.08704,26.88099,328.11,0.4,0.37,2025-06-30,14,N,VIIRS,n,2,294.31,2.61,N,0
38.08789,26.85082,306.77,0.4,0.37,2025-06-30,14,N,VIIRS,n,2,293.06,0.93,N,0
38.09039,26.8819,330.12,0.4,0.37,2025-06-30,14,N,VIIRS,n,2,294.82,2.61,N,0
38.09123,26.85174,307.39,0.4,0.37,2025-06-30,14,N,VIIRS,n,2,293.42,0.93,N,0
38.09356,26.96379,317.18,0.4,0.37,2025-06-30,14,N,VIIRS,n,2,293.45,16.13,N,0
38.09373,26.8828,313.04,0.4,0.37,2025-06-30,14,N,VIIRS,n,2,293.23,1.3,N,0
38.09692,26.96466,333.57,0.4,0.37,2025-06-30,14,N,VIIRS,n,2,303.89,16.13,N,0
38.10123,26.87999,335.13,0.4,0.37,2025-06-30,14,N,VIIRS,n,2,294.56,1.93,N,0
38.10364,26.96642,314.58,0.4,0.37,2025-06-30,14,N,VIIRS,n,2,292.9,1.52,N,0
38.10458,26.88089,304.2,0.4,0.37,2025-06-30,14,N,VIIRS,n,2,292.65,1.93,N,0
38.10699,26.96733,317.04,0.4,0.37,2025-06-30,14,N,VIIRS,n,2,292.99,1.34,N,0
38.1087,26.87737,308.59,0.4,0.37,2025-06-30,14,N,VIIRS,n,2,291.62,0.76,N,0
38.11203,26.87833,307.11,0.4,0.37,2025-06-30,14,N,VIIRS,n,2,292.05,0.76,N,0
38.11705,26.97004,317.49,0.4,0.37,2025-06-30,14,N,VIIRS,n,2,292.73,1.91,N,0
38.12237,26.91952,319.52,0.4,0.37,2025-06-30,14,N,VIIRS,n,2,294.69,1.45,N,0
38.12493,26.84449,333.87,0.4,0.37,2025-06-30,14,N,VIIRS,n,2,293.82,3.16,N,0
38.12571,26.84002,314.29,0.4,0.37,2025-06-30,14,N,VIIRS,n,2,293.66,3.16,N,0
38.12571,26.92047,315.77,0.4,0.37,2025-06-30,14,N,VIIRS,n,2,294.92,1.45,N,0
38.12633,26.97718,335.7,0.4,0.37,2025-06-30,14,N,VIIRS,n,2,294.48,3.55,N,0
38.12648,26.83558,329.66,0.4,0.37,2025-06-30,14,N,VIIRS,n,2,295.86,2.82,N,0
38.12904,26.84099,334.81,0.4,0.37,2025-06-30,14,N,VIIRS,n,2,295.03,3.13,N,0
38.1295,26.87861,331.03,0.4,0.37,2025-06-30,14,N,VIIRS,n,2,294.82,2.3,N,0
38.12982,26.83651,322.14,0.4,0.37,2025-06-30,14,N,VIIRS,n,2,292.63,1.94,N,0
38.13161,26.92685,320.19,0.4,0.37,2025-06-30,14,N,VIIRS,n,2,295.43,2.35,N,0
38.13205,26.88405,329.29,0.4,0.37,2025-06-30,14,N,VIIRS,n,2,294.67,2.3,N,0
38.13238,26.9224,309.87,0.4,0.37,2025-06-30,14,N,VIIRS,n,2,292.95,1.28,N,0
38.13283,26.87958,312.82,0.4,0.37,2025-06-30,14,N,VIIRS,n,2,292.63,2.3,N,0
38.13616,26.88056,331.35,0.4,0.37,2025-06-30,14,N,VIIRS,n,2,294.14,3.05,N,0
38.13829,26.92873,318.61,0.4,0.37,2025-06-30,14,N,VIIRS,n,2,294.11,2.63,N,0
38.1395,26.88153,333.83,0.4,0.37,2025-06-30,14,N,VIIRS,n,2,295.8,3.05,N,0
38.13984,26.83924,321.82,0.4,0.37,2025-06-30,14,N,VIIRS,n,2,294.05,1.91,N,0
38.14088,26.93403,310.72,0.4,0.37,2025-06-30,14,N,VIIRS,n,2,293.79,7.4,N,0
38.14319,26.84015,342.59,0.4,0.37,2025-06-30,14,N,VIIRS,n,2,296.82,6.16,N,0
38.14422,26.93497,344.47,0.4,0.37,2025-06-30,14,N,VIIRS,n,2,302.55,7.4,N,0
38.14576,26.84553,325.53,0.4,0.37,2025-06-30,14,N,VIIRS,n,2,293.54,3.47,N,0
38.14653,26.84105,334.41,0.4,0.37,2025-06-30,14,N,VIIRS,n,2,296.48,6.16,N,0
38.14679,26.94032,306.17,0.4,0.37,2025-06-30,14,N,VIIRS,n,2,295.19,3.01,N,0
38.14756,26.93594,344.36,0.4,0.37,2025-06-30,14,N,VIIRS,n,2,302.19,12.95,N,0
38.14873,26.88892,342.56,0.4,0.37,2025-06-30,14,N,VIIRS,n,2,294.09,2.8,N,0
38.1491,26.84644,336.92,0.4,0.37,2025-06-30,14,N,VIIRS,n,2,302.43,20.22,N,0
38.14952,26.88435,310.83,0.4,0.37,2025-06-30,14,N,VIIRS,n,2,291.96,2.8,N,0
38.14988,26.84195,307.71,0.4,0.37,2025-06-30,14,N,VIIRS,n,2,293.16,2.74,N,0
38.15014,26.94128,331.78,0.4,0.37,2025-06-30,14,N,VIIRS,n,2,296.0,3.01,N,0
38.1509,26.93691,337.19,0.4,0.37,2025-06-30,14,N,VIIRS,n,2,295.79,12.95,N,0
38.15207,26.88984,332.64,0.4,0.37,2025-06-30,14,N,VIIRS,n,2,294.74,2.8,N,0
38.15286,26.88526,306.83,0.4,0.37,2025-06-30,14,N,VIIRS,n,2,292.84,2.8,N,0
38.15347,26.94225,333.1,0.4,0.37,2025-06-30,14,N,VIIRS,n,2,302.19,7.16,N,0
38.15424,26.93786,316.29,0.4,0.37,2025-06-30,14,N,VIIRS,n,2,292.9,6.31,N,0
38.15541,26.89077,335.76,0.4,0.37,2025-06-30,14,N,VIIRS,n,2,294.72,3.57,N,0
38.1562,26.88618,324.66,0.4,0.37,2025-06-30,14,N,VIIRS,n,2,293.51,3.57,N,0
38.15681,26.94321,336.34,0.4,0.37,2025-06-30,14,N,VIIRS,n,2,299.05,7.16,N,0
38.16015,26.94422,305.94,0.4,0.37,2025-06-30,14,N,VIIRS,n,2,293.5,1.8,N,0
38.16161,26.99632,319.97,0.4,0.37,2025-06-30,14,N,VIIRS,n,2,290.95,2.03,N,0
38.16289,26.88804,330.84,0.4,0.37,2025-06-30,14,N,VIIRS,n,2,294.38,2.56,N,0
38.16368,26.88348,339.1,0.4,0.37,2025-06-30,14,N,VIIRS,n,2,295.43,3.16,N,0
38.16496,26.99721,327.5,0.4,0.37,2025-06-30,14,N,VIIRS,n,2,291.51,2.24,N,0
38.16702,26.88441,331.19,0.4,0.37,2025-06-30,14,N,VIIRS,n,2,294.23,3.16,N,0
38.1678,26.8799,318.35,0.4,0.37,2025-06-30,14,N,VIIRS,n,2,292.98,3.16,N,0
38.18093,26.86474,305.08,0.4,0.37,2025-06-30,14,N,VIIRS,n,2,292.05,0.54,N,0
38.18349,26.87013,304.47,0.4,0.37,2025-06-30,14,N,VIIRS,n,2,291.81,0.54,N,0
38.18427,26.86566,311.89,0.4,0.37,2025-06-30,14,N,VIIRS,n,2,293.47,0.54,N,0
38.42609,27.21699,312.64,0.4,0.37,2025-06-30,14,N,VIIRS,n,2,293.42,1.52,N,2
38.73452,26.94858,305.18,0.4,0.37,2025-06-30,14,N,VIIRS,n,2,292.24,0.62,N,2
38.73766,26.93051,330.61,0.4,0.37,2025-06-30,14,N,VIIRS,n,2,294.65,2.92,N,2
38.73785,26.94955,303.64,0.4,0.37,2025-06-30,14,N,VIIRS,n,2,292.46,0.53,N,2
38.73863,26.94503,328.6,0.4,0.37,2025-06-30,14,N,VIIRS,n,2,294.16,2.67,N,2
38.74099,26.93145,305.0,0.4,0.37,2025-06-30,14,N,VIIRS,n,2,291.77,0.62,N,2
38.74118,26.95051,303.65,0.4,0.37,2025-06-30,14,N,VIIRS,n,2,293.32,0.53,N,2
38.74863,26.94784,303.56,0.4,0.37,2025-06-30,14,N,VIIRS,n,2,291.89,0.67,N,2
38.92371,27.92832,305.49,0.42,0.37,2025-06-30,14,N,VIIRS,n,2,289.9,0.79,N,0
38.92455,27.92367,301.51,0.42,0.37,2025-06-30,14,N,VIIRS,n,2,290.21,1.11,N,0
38.92793,27.92474,315.02,0.42,0.37,2025-06-30,14,N,VIIRS,n,2,290.43,1.87,N,0
38.93904,27.94239,302.71,0.42,0.37,2025-06-30,14,N,VIIRS,n,2,289.22,0.95,N,0
38.94236,27.92402,344.1,0.42,0.37,2025-06-30,14,N,VIIRS,n,2,291.62,7.68,N,0
38.94244,27.94337,307.71,0.42,0.37,2025-06-30,14,N,VIIRS,n,2,289.71,0.95,N,0
38.94499,27.94904,304.75,0.42,0.37,2025-06-30,14,N,VIIRS,n,2,287.36,1.88,N,0
38.94576,27.92502,347.47,0.42,0.37,2025-06-30,14,N,VIIRS,n,2,295.83,7.68,N,0
38.94837,27.95013,327.94,0.42,0.37,2025-06-30,14,N,VIIRS,n,2,290.27,1.88,N,0
38.94916,27.92599,304.63,0.42,0.37,2025-06-30,14,N,VIIRS,n,2,290.4,0.95,N,0
38.94921,27.94547,302.96,0.42,0.37,2025-06-30,14,N,VIIRS,n,2,289.32,1.88,N,0
38.95175,27.95122,328.15,0.42,0.37,2025-06-30,14,N,VIIRS,n,2,291.1,3.31,N,0
38.95259,27.94659,324.64,0.42,0.37,2025-06-30,14,N,VIIRS,n,2,290.7,3.31,N,0
38.95515,27.95224,327.91,0.42,0.37,2025-06-30,14,N,VIIRS,n,2,288.08,3.31,N,0
38.95598,27.94762,313.78,0.42,0.37,2025-06-30,14,N,VIIRS,n,2,288.38,3.31,N,0
38.95855,27.95319,328.49,0.42,0.37,2025-06-30,14,N,VIIRS,n,2,288.85,5.38,N,0
38.97383,27.9478,323.85,0.42,0.37,2025-06-30,14,N,VIIRS,n,2,289.45,2.16,N,0
35.68502,43.87753,367.0,0.43,0.38,2025-06-30,953,N,VIIRS,h,2,341.8,82.89,D,2
35.68503,43.8755,367.0,0.43,0.38,2025-06-30,953,N,VIIRS,h,2,340.05,82.68,D,2
35.61456,36.01108,343.56,0.35,0.57,2025-06-30,954,N,VIIRS,n,2,307.44,3.92,D,0
35.68486,36.02614,367.0,0.35,0.56,2025-06-30,954,N,VIIRS,h,2,307.37,8.35,D,0
35.74053,36.13803,352.75,0.34,0.56,2025-06-30,954,N,VIIRS,n,2,312.72,31.68,D,0
35.74159,36.14226,367.0,0.34,0.56,2025-06-30,954,N,VIIRS,h,2,313.73,31.68,D,0
35.74364,36.41017,367.0,0.33,0.55,2025-06-30,954,N,VIIRS,h,2,318.91,8.15,D,0
35.74541,36.40682,350.38,0.33,0.55,2025-06-30,954,N,VIIRS,n,2,316.3,5.13,D,0
35.74629,36.41042,367.0,0.33,0.55,2025-06-30,954,N,VIIRS,h,2,319.66,8.8,D,0
35.74861,36.40847,343.48,0.33,0.55,2025-06-30,954,N,VIIRS,n,2,317.79,2.53,D,0
36.1548,36.04062,344.53,0.34,0.56,2025-06-30,954,N,VIIRS,n,2,305.57,3.57,D,0
36.26125,33.12623,346.17,0.48,0.64,2025-06-30,954,N,VIIRS,n,2,298.85,6.1,D,0
36.29415,36.15205,352.45,0.33,0.55,2025-06-30,954,N,VIIRS,n,2,309.72,12.82,D,0
36.29498,36.1554,367.0,0.33,0.55,2025-06-30,954,N,VIIRS,h,2,312.61,16.45,D,0
36.2958,36.15866,342.45,0.33,0.55,2025-06-30,954,N,VIIRS,n,2,304.46,16.45,D,0
36.29662,36.16193,343.31,0.33,0.55,2025-06-30,954,N,VIIRS,n,2,301.91,70.68,D,0
36.29745,36.1653,367.0,0.33,0.55,2025-06-30,954,N,VIIRS,h,2,302.94,70.68,D,0
36.29832,36.16877,334.13,0.33,0.55,2025-06-30,954,N,VIIRS,n,2,299.96,80.16,D,0
36.29918,36.1506,344.19,0.33,0.55,2025-06-30,954,N,VIIRS,n,2,303.25,12.82,D,0
36.30002,36.15394,367.0,0.33,0.55,2025-06-30,954,N,VIIRS,h,2,311.74,16.45,D,0
36.30084,36.15722,354.98,0.33,0.55,2025-06-30,954,N,VIIRS,n,2,306.58,16.45,D,0
36.30249,36.16384,367.0,0.33,0.55,2025-06-30,954,N,VIIRS,h,2,361.91,70.68,D,0
36.30342,36.14591,333.37,0.33,0.55,2025-06-30,954,N,VIIRS,n,2,302.92,23.0,D,0
36.3042,36.17071,367.0,0.33,0.55,2025-06-30,954,N,VIIRS,h,2,306.45,80.16,D,0
36.30426,36.14929,367.0,0.33,0.55,2025-06-30,954,N,VIIRS,h,2,310.63,23.0,D,0
36.3051,36.15265,356.94,0.33,0.55,2025-06-30,954,N,VIIRS,n,2,307.41,8.77,D,0
36.30592,36.15598,355.63,0.33,0.55,2025-06-30,954,N,VIIRS,n,2,306.78,8.77,D,0
36.30675,36.15929,367.0,0.33,0.55,2025-06-30,954,N,VIIRS,h,2,308.39,20.91,D,0
36.30757,36.16259,352.0,0.33,0.55,2025-06-30,954,N,VIIRS,n,2,321.43,20.91,D,0
36.30923,36.16926,367.0,0.33,0.55,2025-06-30,954,N,VIIRS,h,2,308.04,58.63,D,0
36.30951,36.14872,367.0,0.33,0.55,2025-06-30,954,N,VIIRS,h,2,323.99,23.0,D,0
36.31033,36.152,338.23,0.33,0.55,2025-06-30,954,N,VIIRS,n,2,311.32,8.77,D,0
36.31113,36.15522,339.23,0.33,0.55,2025-06-30,954,N,VIIRS,n,2,310.02,8.77,D,0
36.31192,36.15838,345.91,0.33,0.55,2025-06-30,954,N,VIIRS,n,2,311.66,20.91,D,0
36.3127,36.16153,355.94,0.33,0.55,2025-06-30,954,N,VIIRS,n,2,317.58,20.91,D,0
36.3135,36.16474,367.0,0.33,0.55,2025-06-30,954,N,VIIRS,h,2,306.31,58.63,D,0
36.31395,36.14487,355.49,0.33,0.55,2025-06-30,954,N,VIIRS,n,2,320.71,42.36,D,0
36.31477,36.14818,346.98,0.33,0.55,2025-06-30,954,N,VIIRS,n,2,317.25,42.36,D,0
36.31631,36.15437,356.32,0.33,0.55,2025-06-30,954,N,VIIRS,n,2,329.96,88.75,D,0
36.31708,36.15746,367.0,0.33,0.55,2025-06-30,954,N,VIIRS,h,2,319.66,22.27,D,0
36.31786,36.16057,367.0,0.33,0.55,2025-06-30,954,N,VIIRS,h,2,310.63,22.27,D,0
36.34288,36.30483,345.59,0.32,0.55,2025-06-30,954,N,VIIRS,n,2,309.4,3.06,D,0
36.3951,39.10705,344.95,0.46,0.47,2025-06-30,954,N,VIIRS,n,2,310.91,7.61,D,0
36.71901,36.20042,335.66,0.32,0.54,2025-06-30,954,N,VIIRS,n,2,309.94,3.21,D,2
36.83493,39.49514,343.31,0.43,0.46,2025-06-30,954,N,VIIRS,n,2,315.6,6.58,D,0
36.87337,39.85274,367.0,0.41,0.45,2025-06-30,954,N,VIIRS,h,2,317.74,15.25,D,0
36.87453,39.84935,344.52,0.41,0.45,2025-06-30,954,N,VIIRS,n,2,312.44,9.99,D,0
36.87548,39.85385,349.32,0.41,0.45,2025-06-30,954,N,VIIRS,n,2,317.97,18.47,D,0
36.91592,39.8294,353.89,0.41,0.45,2025-06-30,954,N,VIIRS,n,2,322.01,27.52,D,0
36.91689,39.83393,356.24,0.41,0.45,2025-06-30,954,N,VIIRS,n,2,322.26,27.6,D,0
36.919,39.82359,355.27,0.41,0.45,2025-06-30,954,N,VIIRS,n,2,327.52,27.52,D,0
36.91997,39.8281,367.0,0.41,0.45,2025-06-30,954,N,VIIRS,h,2,325.82,27.52,D,0
36.92305,39.82227,350.04,0.41,0.45,2025-06-30,954,N,VIIRS,n,2,317.38,5.92,D,0
36.92401,39.82678,345.9,0.41,0.45,2025-06-30,954,N,VIIRS,n,2,314.0,5.92,D,0
37.09843,40.2513,352.67,0.39,0.44,2025-06-30,954,N,VIIRS,n,2,317.11,6.85,D,0
37.10417,40.25856,367.0,0.39,0.44,2025-06-30,954,N,VIIRS,h,2,318.53,12.43,D,0
37.10631,40.2487,345.37,0.39,0.44,2025-06-30,954,N,VIIRS,n,2,314.49,6.34,D,0
37.10721,40.25298,355.49,0.39,0.44,2025-06-30,954,N,VIIRS,n,2,321.93,20.05,D,0
37.10811,40.25726,355.06,0.39,0.44,2025-06-30,954,N,VIIRS,n,2,323.62,20.05,D,0
37.10901,40.26154,367.0,0.39,0.44,2025-06-30,954,N,VIIRS,h,2,326.66,17.02,D,0
37.10991,40.26583,367.0,0.39,0.44,2025-06-30,954,N,VIIRS,h,2,320.18,17.02,D,0
37.11205,40.25597,344.62,0.39,0.44,2025-06-30,954,N,VIIRS,n,2,314.18,20.05,D,0
37.11295,40.26026,367.0,0.39,0.44,2025-06-30,954,N,VIIRS,h,2,315.53,17.02,D,0
37.11385,40.26455,367.0,0.39,0.44,2025-06-30,954,N,VIIRS,h,2,315.7,17.02,D,0
37.12538,39.99591,353.46,0.4,0.44,2025-06-30,954,N,VIIRS,n,2,322.31,13.33,D,0
37.25539,39.87117,344.25,0.4,0.44,2025-06-30,954,N,VIIRS,n,2,313.51,6.97,D,0
37.36792,36.96972,341.12,0.56,0.52,2025-06-30,954,N,VIIRS,n,2,303.7,19.25,D,0
37.37136,36.79482,340.22,0.57,0.52,2025-06-30,954,N,VIIRS,n,2,306.87,5.25,D,0
37.42828,37.6105,340.21,0.52,0.5,2025-06-30,954,N,VIIRS,n,2,307.44,9.3,D,0
37.55913,36.77871,341.24,0.57,0.52,2025-06-30,954,N,VIIRS,n,2,306.8,10.68,D,0
37.56062,36.7849,342.04,0.57,0.52,2025-06-30,954,N,VIIRS,n,2,306.76,12.97,D,0
37.65158,35.92566,336.68,0.63,0.54,2025-06-30,954,N,VIIRS,n,2,298.37,5.94,D,0
37.68893,39.59155,345.81,0.41,0.45,2025-06-30,954,N,VIIRS,n,2,311.57,7.13,D,0
37.71061,39.0957,340.04,0.43,0.46,2025-06-30,954,N,VIIRS,n,2,308.88,32.42,D,0
37.71167,39.1005,355.03,0.43,0.46,2025-06-30,954,N,VIIRS,n,2,322.49,32.42,D,0
37.71577,39.099,336.46,0.43,0.46,2025-06-30,954,N,VIIRS,n,2,304.45,3.63,D,0
37.97086,38.89093,341.31,0.43,0.46,2025-06-30,954,N,VIIRS,n,2,308.07,4.43,D,0
37.97191,38.89575,349.04,0.43,0.46,2025-06-30,954,N,VIIRS,n,2,310.06,17.44,D,0
37.97504,38.88969,339.05,0.43,0.46,2025-06-30,954,N,VIIRS,n,2,303.0,4.43,D,0
38.11966,39.78448,343.12,0.39,0.44,2025-06-30,954,N,VIIRS,n,2,310.84,4.7,D,0
38.12058,39.78883,342.52,0.39,0.44,2025-06-30,954,N,VIIRS,n,2,311.2,4.7,D,0
37.92727,28.12424,367.0,0.76,0.77,2025-06-30,955,N,VIIRS,h,2,298.32,30.13,D,0
37.93093,28.12369,367.0,0.76,0.77,2025-06-30,955,N,VIIRS,h,2,297.78,20.2,D,0
38.78207,29.20359,333.43,0.63,0.72,2025-06-30,955,N,VIIRS,n,2,295.76,5.77,D,0
39.49963,28.05628,348.71,0.69,0.74,2025-06-30,955,N,VIIRS,n,2,294.17,52.18,D,0
39.49994,28.05484,345.94,0.68,0.74,2025-06-30,955,N,VIIRS,n,2,294.75,56.84,D,0
39.5019,28.06327,367.0,0.68,0.74,2025-06-30,955,N,VIIRS,h,2,306.69,52.18,D,0
39.50224,28.0618,367.0,0.68,0.74,2025-06-30,955,N,VIIRS,h,2,306.16,110.93,D,0
39.50818,28.05927,343.2,0.68,0.74,2025-06-30,955,N,VIIRS,n,2,293.61,12.35,D,0
35.58351,35.829,355.64,0.54,0.68,2025-06-30,1134,N,VIIRS,n,2,305.94,62.88,D,0
35.58967,35.82285,367.0,0.54,0.68,2025-06-30,1134,N,VIIRS,h,2,307.56,9.34,D,0
35.68115,36.02601,342.06,0.56,0.69,2025-06-30,1134,N,VIIRS,n,2,308.22,8.51,D,0
35.68754,36.02436,348.63,0.56,0.69,2025-06-30,1134,N,VIIRS,n,2,305.26,71.13,D,0
35.68773,36.02972,367.0,0.56,0.69,2025-06-30,1134,N,VIIRS,h,2,325.91,71.13,D,0
35.68798,36.03728,367.0,0.56,0.69,2025-06-30,1134,N,VIIRS,h,2,307.88,86.5,D,0
35.73667,36.13409,336.9,0.57,0.69,2025-06-30,1134,N,VIIRS,n,2,304.19,7.25,D,0
35.73691,36.14069,354.79,0.57,0.69,2025-06-30,1134,N,VIIRS,n,2,306.24,7.25,D,0
35.73712,36.14648,356.3,0.57,0.69,2025-06-30,1134,N,VIIRS,n,2,305.51,13.36,D,0
35.74319,36.13084,345.55,0.57,0.69,2025-06-30,1134,N,VIIRS,n,2,306.6,22.15,D,0
35.74319,36.13499,353.99,0.57,0.69,2025-06-30,1134,N,VIIRS,n,2,312.22,30.6,D,0
35.74335,36.13635,356.79,0.57,0.69,2025-06-30,1134,N,VIIRS,n,2,314.9,22.15,D,0
35.74339,36.14021,367.0,0.57,0.69,2025-06-30,1134,N,VIIRS,h,2,308.86,30.6,D,0
35.74352,36.14149,367.0,0.57,0.69,2025-06-30,1134,N,VIIRS,h,2,304.65,31.92,D,0
35.74356,36.14534,335.6,0.57,0.69,2025-06-30,1134,N,VIIRS,n,2,302.39,14.92,D,0
35.75985,36.05916,355.11,0.56,0.69,2025-06-30,1134,N,VIIRS,n,2,307.82,18.6,D,0
35.76013,36.06673,367.0,0.56,0.69,2025-06-30,1134,N,VIIRS,h,2,307.85,18.6,D,0
35.76044,36.06074,357.01,0.56,0.69,2025-06-30,1134,N,VIIRS,n,2,310.81,28.78,D,0
35.76069,36.06855,345.55,0.56,0.69,2025-06-30,1134,N,VIIRS,n,2,304.53,25.25,D,0
35.76941,36.14144,340.48,0.57,0.69,2025-06-30,1134,N,VIIRS,n,2,307.99,3.64,D,0
35.76952,36.14275,346.75,0.57,0.69,2025-06-30,1134,N,VIIRS,n,2,308.1,5.71,D,0
36.28733,36.14904,367.0,0.57,0.69,2025-06-30,1134,N,VIIRS,h,2,304.01,61.73,D,0
36.2882,36.1447,337.46,0.57,0.69,2025-06-30,1134,N,VIIRS,n,2,304.57,49.22,D,0
36.28845,36.15175,367.0,0.57,0.69,2025-06-30,1134,N,VIIRS,h,2,306.19,49.22,D,0
36.2936,36.14087,351.9,0.57,0.69,2025-06-30,1134,N,VIIRS,n,2,303.22,55.63,D,0
36.29381,36.14782,355.49,0.57,0.69,2025-06-30,1134,N,VIIRS,n,2,317.47,61.73,D,0
36.29403,36.15525,336.34,0.57,0.69,2025-06-30,1134,N,VIIRS,n,2,298.54,61.73,D,0
36.29468,36.14352,340.59,0.57,0.69,2025-06-30,1134,N,VIIRS,n,2,308.23,49.22,D,0
36.29493,36.15062,367.0,0.57,0.69,2025-06-30,1134,N,VIIRS,h,2,303.61,49.22,D,0
36.30006,36.13906,353.42,0.57,0.69,2025-06-30,1134,N,VIIRS,n,2,301.74,100.59,D,0
36.30029,36.14655,367.0,0.57,0.69,2025-06-30,1134,N,VIIRS,h,2,307.2,99.0,D,0
36.30052,36.15426,339.2,0.57,0.69,2025-06-30,1134,N,VIIRS,n,2,298.14,99.0,D,0
36.30076,36.16219,333.61,0.57,0.69,2025-06-30,1134,N,VIIRS,n,2,299.58,7.82,D,0
36.30098,36.16957,341.53,0.57,0.69,2025-06-30,1134,N,VIIRS,n,2,300.78,7.82,D,0
36.30113,36.14192,356.57,0.57,0.69,2025-06-30,1134,N,VIIRS,n,2,303.02,111.78,D,0
36.3014,36.14955,367.0,0.57,0.69,2025-06-30,1134,N,VIIRS,h,2,302.25,111.78,D,0
36.30169,36.15742,338.92,0.57,0.69,2025-06-30,1134,N,VIIRS,n,2,298.43,22.87,D,0
36.30197,36.16515,338.65,0.57,0.69,2025-06-30,1134,N,VIIRS,n,2,301.56,22.87,D,0
36.30223,36.17249,344.58,0.57,0.69,2025-06-30,1134,N,VIIRS,n,2,301.32,16.79,D,0
36.30698,36.15231,367.0,0.57,0.69,2025-06-30,1134,N,VIIRS,h,2,304.34,99.0,D,0
36.30723,36.16065,341.54,0.57,0.69,2025-06-30,1134,N,VIIRS,n,2,305.48,7.82,D,0
36.30724,36.13098,334.21,0.57,0.69,2025-06-30,1134,N,VIIRS,n,2,301.99,51.04,D,0
36.30747,36.16853,338.92,0.57,0.69,2025-06-30,1134,N,VIIRS,n,2,306.71,7.82,D,0
36.30782,36.14701,367.0,0.57,0.69,2025-06-30,1134,N,VIIRS,h,2,316.97,111.78,D,0
36.30813,36.15533,351.62,0.57,0.69,2025-06-30,1134,N,VIIRS,n,2,304.76,22.87,D,0
36.30843,36.16375,338.17,0.57,0.69,2025-06-30,1134,N,VIIRS,n,2,305.88,22.87,D,0
36.31314,36.14086,367.0,0.57,0.69,2025-06-30,1134,N,VIIRS,h,2,347.27,124.21,D,0
36.31339,36.14872,367.0,0.57,0.69,2025-06-30,1134,N,VIIRS,h,2,310.8,124.21,D,0
36.31368,36.15814,339.31,0.57,0.69,2025-06-30,1134,N,VIIRS,n,2,306.87,27.21,D,0
36.31926,36.12824,339.31,0.57,0.69,2025-06-30,1134,N,VIIRS,n,2,302.73,109.91,D,0
36.31952,36.13646,345.32,0.57,0.69,2025-06-30,1134,N,VIIRS,n,2,307.91,124.21,D,0
36.31978,36.14474,367.0,0.57,0.69,2025-06-30,1134,N,VIIRS,h,2,316.4,124.21,D,0
36.32011,36.1555,342.58,0.57,0.69,2025-06-30,1134,N,VIIRS,n,2,302.54,27.21,D,0
36.71893,35.48447,333.99,0.53,0.67,2025-06-30,1135,N,VIIRS,n,2,302.47,2.56,D,0
36.98102,35.14376,335.5,0.51,0.66,2025-06-30,1135,N,VIIRS,n,2,300.97,6.62,D,0
37.06067,27.35621,342.36,0.39,0.44,2025-06-30,1135,N,VIIRS,n,2,310.92,7.55,D,0
37.06108,27.36028,347.94,0.39,0.44,2025-06-30,1135,N,VIIRS,n,2,319.14,26.5,D,0
37.33635,36.8513,367.0,0.63,0.72,2025-06-30,1135,N,VIIRS,h,2,305.29,7.8,D,0
37.33739,36.84935,335.4,0.63,0.72,2025-06-30,1135,N,VIIRS,n,2,301.49,4.07,D,0
37.37707,36.80241,331.33,0.63,0.72,2025-06-30,1135,N,VIIRS,n,2,300.98,1.86,D,0
37.46991,37.32149,344.15,0.68,0.74,2025-06-30,1135,N,VIIRS,n,2,301.99,8.48,D,0
37.47055,37.32199,346.8,0.67,0.74,2025-06-30,1135,N,VIIRS,n,2,302.74,10.12,D,0
37.57823,37.93589,337.62,0.73,0.76,2025-06-30,1135,N,VIIRS,n,2,301.11,4.55,D,0
37.58101,37.93611,337.3,0.73,0.76,2025-06-30,1135,N,VIIRS,n,2,301.24,5.36,D,0
37.81435,38.57481,337.0,0.79,0.78,2025-06-30,1135,N,VIIRS,n,2,299.02,6.89,D,0
37.92837,28.13452,343.17,0.43,0.46,2025-06-30,1135,N,VIIRS,n,2,312.78,33.29,D,0
37.93198,28.12696,350.9,0.43,0.46,2025-06-30,1135,N,VIIRS,n,2,319.06,90.81,D,0
37.93247,28.13224,336.03,0.43,0.46,2025-06-30,1135,N,VIIRS,n,2,305.11,33.29,D,0
37.93613,28.1252,353.22,0.43,0.46,2025-06-30,1135,N,VIIRS,n,2,305.19,9.87,D,0
38.03649,30.94837,345.23,0.61,0.54,2025-06-30,1135,N,VIIRS,n,2,311.22,8.78,D,0
38.09309,26.88201,338.77,0.56,0.43,2025-06-30,1135,N,VIIRS,n,2,307.79,13.11,D,0
38.09435,26.88085,345.43,0.57,0.43,2025-06-30,1135,N,VIIRS,n,2,311.75,19.06,D,0
38.09705,26.88115,349.45,0.56,0.43,2025-06-30,1135,N,VIIRS,n,2,311.47,13.11,D,0
38.09805,26.96795,343.37,0.57,0.43,2025-06-30,1135,N,VIIRS,n,2,311.75,42.15,D,0
38.10204,26.96724,349.97,0.57,0.43,2025-06-30,1135,N,VIIRS,n,2,317.11,80.07,D,0
38.10284,26.96642,348.67,0.57,0.43,2025-06-30,1135,N,VIIRS,n,2,312.99,25.68,D,0
38.10691,26.88487,349.79,0.57,0.43,2025-06-30,1135,N,VIIRS,n,2,309.92,28.81,D,0
38.11027,26.87795,342.39,0.57,0.43,2025-06-30,1135,N,VIIRS,n,2,310.14,9.43,D,0
38.1109,26.8843,349.38,0.57,0.43,2025-06-30,1135,N,VIIRS,n,2,310.93,89.62,D,0
38.11427,26.87751,348.63,0.57,0.43,2025-06-30,1135,N,VIIRS,n,2,310.23,9.43,D,0
38.11828,26.87706,340.56,0.57,0.43,2025-06-30,1135,N,VIIRS,n,2,310.2,8.02,D,0
38.13417,30.76561,343.45,0.6,0.53,2025-06-30,1135,N,VIIRS,n,2,311.2,11.37,D,0
38.13963,26.92762,348.11,0.57,0.43,2025-06-30,1135,N,VIIRS,n,2,311.98,15.02,D,0
38.14888,26.93871,347.23,0.57,0.43,2025-06-30,1135,N,VIIRS,n,2,310.03,23.03,D,0
38.15158,26.84612,347.3,0.56,0.43,2025-06-30,1135,N,VIIRS,n,2,314.09,17.77,D,0
38.15224,26.8525,343.39,0.56,0.43,2025-06-30,1135,N,VIIRS,n,2,312.71,9.53,D,0
38.15293,26.9385,356.2,0.57,0.43,2025-06-30,1135,N,VIIRS,n,2,313.07,23.03,D,0
38.15556,26.84545,350.05,0.56,0.43,2025-06-30,1135,N,VIIRS,n,2,309.25,10.08,D,0
38.16821,26.88937,367.0,0.57,0.43,2025-06-30,1135,N,VIIRS,h,2,338.23,125.05,D,0
38.17218,26.88857,341.43,0.57,0.43,2025-06-30,1135,N,VIIRS,n,2,308.53,125.05,D,0
38.61135,31.162,350.87,0.32,0.55,2025-06-30,1135,N,VIIRS,n,2,302.92,9.57,D,0
38.6116,31.16573,367.0,0.32,0.55,2025-06-30,1135,N,VIIRS,h,2,313.35,16.96,D,0
38.61184,31.16948,367.0,0.32,0.55,2025-06-30,1135,N,VIIRS,h,2,311.62,16.96,D,0
38.924,27.94806,332.03,0.43,0.46,2025-06-30,1135,N,VIIRS,n,2,299.58,1.51,D,0
38.92784,27.94284,344.5,0.43,0.46,2025-06-30,1135,N,VIIRS,n,2,305.86,82.74,D,0
38.92867,27.95184,347.04,0.43,0.46,2025-06-30,1135,N,VIIRS,n,2,305.68,82.76,D,0
38.93023,27.94022,339.26,0.43,0.46,2025-06-30,1135,N,VIIRS,n,2,308.97,31.45,D,0
38.93063,27.94475,367.0,0.43,0.46,2025-06-30,1135,N,VIIRS,h,2,335.16,122.69,D,0
38.93209,27.94213,350.98,0.43,0.46,2025-06-30,1135,N,VIIRS,n,2,323.0,82.74,D,0
38.93251,27.94668,367.0,0.43,0.46,2025-06-30,1135,N,VIIRS,h,2,331.46,82.74,D,0
38.93294,27.95125,345.43,0.43,0.46,2025-06-30,1135,N,VIIRS,n,2,307.36,82.76,D,0
38.93488,27.94399,356.34,0.43,0.46,2025-06-30,1135,N,VIIRS,n,2,317.17,122.69,D,0
38.93633,27.94132,336.39,0.43,0.46,2025-06-30,1135,N,VIIRS,n,2,310.55,14.81,D,0
38.93677,27.94598,351.21,0.43,0.46,2025-06-30,1135,N,VIIRS,n,2,317.64,14.81,D,0
38.93721,27.9507,344.58,0.43,0.46,2025-06-30,1135,N,VIIRS,n,2,313.97,41.43,D,0
38.93956,27.94804,356.83,0.43,0.46,2025-06-30,1135,N,VIIRS,n,2,308.94,19.52,D,0
38.94103,27.94537,344.25,0.43,0.46,2025-06-30,1135,N,VIIRS,n,2,306.93,14.81,D,0
39.50235,28.05391,340.96,0.45,0.47,2025-06-30,1136,N,VIIRS,n,2,305.44,9.4,D,0
39.50282,28.05927,345.74,0.45,0.47,2025-06-30,1136,N,VIIRS,n,2,308.09,9.4,D,0
39.50715,28.05883,343.4,0.45,0.47,2025-06-30,1136,N,VIIRS,n,2,304.96,8.49,D,0
41.02595,28.59318,331.38,0.49,0.49,2025-06-30,1136,N,VIIRS,n,2,298.6,2.45,D,0
41.03047,28.5926,332.36,0.49,0.49,2025-06-30,1136,N,VIIRS,n,2,296.95,2.45,D,0
35.52357,44.34267,322.28,0.64,0.54,2025-06-30,2214,N,VIIRS,n,2,294.32,3.35,N,2
35.52863,44.34333,329.22,0.64,0.54,2025-06-30,2214,N,VIIRS,n,2,294.61,6.19,N,2
35.52904,44.33787,347.31,0.32,0.54,2025-06-30,2214,N,VIIRS,n,2,296.07,2.13,N,2
35.52931,44.33425,305.91,0.32,0.54,2025-06-30,2214,N,VIIRS,n,2,295.32,2.13,N,2
35.53409,44.33857,328.4,0.32,0.54,2025-06-30,2214,N,VIIRS,n,2,294.89,2.13,N,2
35.53436,44.33496,320.38,0.32,0.54,2025-06-30,2214,N,VIIRS,n,2,294.5,2.13,N,2
35.5638,44.28386,309.06,0.32,0.55,2025-06-30,2214,N,VIIRS,n,2,293.62,0.61,N,2
35.56649,44.28272,305.51,0.32,0.55,2025-06-30,2214,N,VIIRS,n,2,293.86,0.47,N,2
35.62655,44.01383,308.03,0.33,0.55,2025-06-30,2214,N,VIIRS,n,2,293.79,4.5,N,2
35.62681,44.01003,356.48,0.33,0.55,2025-06-30,2214,N,VIIRS,n,2,297.84,4.5,N,2
35.62708,44.00624,367.0,0.33,0.55,2025-06-30,2214,N,VIIRS,h,2,299.16,4.87,N,2
35.62734,44.00246,310.32,0.33,0.55,2025-06-30,2214,N,VIIRS,n,2,295.09,4.87,N,2
35.63199,44.01049,324.51,0.33,0.55,2025-06-30,2214,N,VIIRS,n,2,295.69,4.5,N,2
35.63225,44.0067,334.25,0.33,0.55,2025-06-30,2214,N,VIIRS,n,2,296.28,4.87,N,2
35.63252,44.00292,305.07,0.33,0.55,2025-06-30,2214,N,VIIRS,n,2,294.94,4.87,N,2
35.66101,43.96864,305.63,0.33,0.56,2025-06-30,2214,N,VIIRS,n,2,294.63,1.98,N,2
35.66128,43.96488,367.0,0.33,0.56,2025-06-30,2214,N,VIIRS,h,2,300.61,4.92,N,2
35.66154,43.96111,322.51,0.33,0.56,2025-06-30,2214,N,VIIRS,n,2,294.58,4.92,N,2
35.67654,44.06516,306.9,0.33,0.55,2025-06-30,2214,N,VIIRS,n,2,296.33,1.12,N,2
35.68281,43.88297,304.86,0.34,0.56,2025-06-30,2214,N,VIIRS,n,2,294.34,5.81,N,2
35.68308,43.87914,329.66,0.34,0.56,2025-06-30,2214,N,VIIRS,n,2,294.97,5.81,N,2
35.68335,43.87535,367.0,0.34,0.56,2025-06-30,2214,N,VIIRS,h,2,308.74,16.87,N,2
35.68362,43.87154,319.0,0.34,0.56,2025-06-30,2214,N,VIIRS,n,2,294.55,16.87,N,2
35.68829,43.87976,309.95,0.34,0.56,2025-06-30,2214,N,VIIRS,n,2,295.71,1.63,N,2
35.68856,43.87597,323.54,0.34,0.56,2025-06-30,2214,N,VIIRS,n,2,296.79,1.11,N,2
35.68874,43.88046,305.58,0.34,0.56,2025-06-30,2214,N,VIIRS,n,2,294.95,1.07,N,2
35.68883,43.87217,306.54,0.34,0.56,2025-06-30,2214,N,VIIRS,n,2,294.71,1.11,N,2
35.68899,43.87666,318.97,0.34,0.56,2025-06-30,2214,N,VIIRS,n,2,295.83,0.97,N,2
35.68924,43.87284,307.3,0.34,0.56,2025-06-30,2214,N,VIIRS,n,2,294.99,0.97,N,2
35.72491,44.04164,340.85,0.33,0.55,2025-06-30,2214,N,VIIRS,n,2,295.88,3.14,N,2
35.72518,44.03788,334.56,0.33,0.55,2025-06-30,2214,N,VIIRS,n,2,296.27,3.14,N,2
35.73059,44.03488,310.16,0.33,0.55,2025-06-30,2214,N,VIIRS,n,2,294.48,1.19,N,2
35.73086,44.03103,324.92,0.33,0.55,2025-06-30,2214,N,VIIRS,n,2,295.59,1.19,N,2
35.76994,43.99414,318.8,0.33,0.56,2025-06-30,2214,N,VIIRS,n,2,294.56,1.26,N,2
35.7751,43.99488,320.06,0.33,0.56,2025-06-30,2214,N,VIIRS,n,2,295.47,1.17,N,2
35.95132,43.72646,310.64,0.35,0.57,2025-06-30,2214,N,VIIRS,n,2,294.33,0.8,N,2
35.98029,43.76902,322.86,0.35,0.56,2025-06-30,2214,N,VIIRS,n,2,297.15,1.77,N,2
35.99688,43.75869,320.01,0.35,0.56,2025-06-30,2214,N,VIIRS,n,2,295.7,1.92,N,2
36.01651,43.68236,309.68,0.35,0.57,2025-06-30,2214,N,VIIRS,n,2,293.41,0.88,N,2
36.01676,43.67833,303.18,0.35,0.57,2025-06-30,2214,N,VIIRS,n,2,293.16,1.12,N,2
36.01813,43.68106,322.44,0.35,0.57,2025-06-30,2214,N,VIIRS,n,2,294.8,1.5,N,2
36.08313,43.64043,304.12,0.35,0.57,2025-06-30,2214,N,VIIRS,n,2,293.9,0.42,N,0
36.09984,43.63004,307.6,0.35,0.57,2025-06-30,2214,N,VIIRS,n,2,293.31,0.58,N,0
36.1265,43.77808,307.58,0.35,0.56,2025-06-30,2214,N,VIIRS,n,2,294.0,1.46,N,2
36.12701,43.77781,305.25,0.35,0.56,2025-06-30,2214,N,VIIRS,n,2,294.04,1.86,N,2
36.13327,43.7548,306.4,0.35,0.57,2025-06-30,2214,N,VIIRS,n,2,294.66,0.68,N,0
36.13395,43.75454,305.88,0.35,0.57,2025-06-30,2214,N,VIIRS,n,2,293.97,0.93,N,0
36.13854,43.75544,305.85,0.35,0.57,2025-06-30,2214,N,VIIRS,n,2,294.95,1.91,N,0
36.14332,40.81241,313.96,0.51,0.66,2025-06-30,2214,N,VIIRS,n,2,292.9,1.53,N,2
36.14791,38.86474,304.95,0.65,0.73,2025-06-30,2214,N,VIIRS,n,2,290.85,0.72,N,0
36.14879,38.8633,304.17,0.65,0.73,2025-06-30,2214,N,VIIRS,n,2,290.74,0.56,N,0
36.33755,43.28718,312.49,0.37,0.58,2025-06-30,2214,N,VIIRS,n,2,293.2,1.21,N,0
36.34948,42.0758,309.32,0.43,0.62,2025-06-30,2214,N,VIIRS,n,2,296.35,1.4,N,2
36.4286,43.89969,318.31,0.34,0.56,2025-06-30,2214,N,VIIRS,n,2,292.59,2.7,N,0
36.42885,43.89573,344.83,0.34,0.56,2025-06-30,2214,N,VIIRS,n,2,294.67,2.7,N,0
36.4291,43.89175,306.98,0.34,0.56,2025-06-30,2214,N,VIIRS,n,2,291.99,3.06,N,0
36.42928,43.89814,340.57,0.34,0.56,2025-06-30,2214,N,VIIRS,n,2,294.18,4.16,N,0
36.42955,43.89418,327.23,0.34,0.56,2025-06-30,2214,N,VIIRS,n,2,292.63,4.58,N,0
36.44244,42.92822,310.63,0.39,0.59,2025-06-30,2214,N,VIIRS,n,2,295.06,1.32,N,2
36.77288,43.32417,316.38,0.37,0.58,2025-06-30,2214,N,VIIRS,n,2,289.85,1.65,N,2
36.77312,43.32005,299.81,0.37,0.58,2025-06-30,2214,N,VIIRS,n,2,289.52,1.75,N,2
36.77669,43.32798,307.6,0.37,0.58,2025-06-30,2214,N,VIIRS,n,2,291.15,1.87,N,2
36.77698,43.32333,339.04,0.37,0.58,2025-06-30,2214,N,VIIRS,n,2,291.82,3.79,N,2
36.77824,43.326,326.82,0.37,0.58,2025-06-30,2214,N,VIIRS,n,2,292.44,1.65,N,2
36.77851,43.32138,307.34,0.37,0.58,2025-06-30,2214,N,VIIRS,n,2,290.51,1.75,N,2
36.80097,38.91542,301.52,0.65,0.73,2025-06-30,2214,N,VIIRS,n,2,288.75,1.09,N,0
36.86629,43.52022,299.62,0.36,0.58,2025-06-30,2214,N,VIIRS,n,2,289.54,0.51,N,0
36.86645,43.48664,308.35,0.37,0.58,2025-06-30,2214,N,VIIRS,n,2,289.1,1.14,N,2
36.86651,43.51632,300.38,0.36,0.58,2025-06-30,2214,N,VIIRS,n,2,289.31,0.51,N,0
36.8682,43.48712,325.86,0.37,0.58,2025-06-30,2214,N,VIIRS,n,2,290.51,2.3,N,2
36.86992,43.51703,303.36,0.36,0.58,2025-06-30,2214,N,VIIRS,n,2,289.87,0.4,N,0
36.87199,43.48474,308.27,0.37,0.58,2025-06-30,2214,N,VIIRS,n,2,289.24,1.27,N,2
36.87933,39.05495,306.3,0.64,0.72,2025-06-30,2214,N,VIIRS,n,2,288.42,1.21,N,0
36.88018,39.05571,306.87,0.64,0.72,2025-06-30,2214,N,VIIRS,n,2,288.67,1.15,N,0
36.89184,43.42904,318.26,0.37,0.58,2025-06-30,2214,N,VIIRS,n,2,289.1,1.73,N,2
36.89211,43.42494,311.46,0.37,0.58,2025-06-30,2214,N,VIIRS,n,2,287.11,1.73,N,2
36.89344,43.42649,327.14,0.37,0.58,2025-06-30,2214,N,VIIRS,n,2,289.39,2.61,N,2
36.90671,43.38569,346.16,0.37,0.58,2025-06-30,2214,N,VIIRS,n,2,289.61,5.16,N,2
36.91586,41.89356,306.37,0.45,0.63,2025-06-30,2214,N,VIIRS,n,2,290.62,0.51,N,2
36.93329,42.13248,301.68,0.44,0.62,2025-06-30,2214,N,VIIRS,n,2,289.45,0.66,N,2
36.93857,42.12811,301.64,0.44,0.62,2025-06-30,2214,N,VIIRS,n,2,290.94,1.35,N,2
36.9423,42.17315,307.39,0.43,0.62,2025-06-30,2214,N,VIIRS,n,2,289.6,1.32,N,2
36.94254,42.1682,316.09,0.43,0.62,2025-06-30,2214,N,VIIRS,n,2,289.78,1.32,N,2
36.94282,42.17296,310.54,0.43,0.62,2025-06-30,2214,N,VIIRS,n,2,290.57,1.76,N,2
36.94308,42.16802,312.21,0.43,0.62,2025-06-30,2214,N,VIIRS,n,2,289.38,2.14,N,2
36.94437,42.12867,312.15,0.44,0.62,2025-06-30,2214,N,VIIRS,n,2,291.59,1.35,N,2
36.94515,42.12853,316.08,0.44,0.62,2025-06-30,2214,N,VIIRS,n,2,292.06,2.94,N,2
36.95018,42.12914,307.98,0.44,0.62,2025-06-30,2214,N,VIIRS,n,2,290.64,0.85,N,2
36.95557,43.72943,298.95,0.36,0.57,2025-06-30,2214,N,VIIRS,n,2,287.38,0.46,N,0
36.95583,43.72547,301.13,0.36,0.57,2025-06-30,2214,N,VIIRS,n,2,287.5,0.68,N,0
36.96101,43.69947,298.67,0.36,0.57,2025-06-30,2214,N,VIIRS,n,2,288.65,1.1,N,0
36.96146,43.69208,298.77,0.36,0.57,2025-06-30,2214,N,VIIRS,n,2,288.46,1.17,N,0
36.96326,43.69376,300.58,0.36,0.57,2025-06-30,2214,N,VIIRS,n,2,289.02,0.77,N,0
37.01034,41.5822,301.9,0.47,0.64,2025-06-30,2214,N,VIIRS,n,2,291.39,0.47,N,0
37.0413,39.19851,306.98,0.63,0.72,2025-06-30,2214,N,VIIRS,n,2,290.63,1.12,N,0
37.04287,39.19524,314.9,0.63,0.72,2025-06-30,2214,N,VIIRS,n,2,290.32,2.53,N,0
37.04806,39.19873,301.03,0.63,0.72,2025-06-30,2214,N,VIIRS,n,2,289.68,1.12,N,0
37.05801,39.07829,301.72,0.64,0.72,2025-06-30,2214,N,VIIRS,n,2,289.18,1.33,N,0
37.05829,40.33098,335.56,0.55,0.68,2025-06-30,2214,N,VIIRS,n,2,292.29,3.33,N,0
37.06467,40.33146,314.6,0.55,0.68,2025-06-30,2214,N,VIIRS,n,2,291.5,3.33,N,0
37.06573,39.07563,301.77,0.64,0.72,2025-06-30,2214,N,VIIRS,n,2,289.39,0.93,N,0
37.07104,40.33204,300.45,0.55,0.68,2025-06-30,2214,N,VIIRS,n,2,289.98,0.67,N,0
37.07126,40.3257,301.15,0.55,0.68,2025-06-30,2214,N,VIIRS,n,2,289.27,0.78,N,0
37.09116,39.68015,306.18,0.59,0.7,2025-06-30,2214,N,VIIRS,n,2,291.23,0.92,N,0
37.0985,39.13095,307.25,0.64,0.72,2025-06-30,2214,N,VIIRS,n,2,290.04,0.87,N,0
37.10593,40.4296,308.16,0.54,0.68,2025-06-30,2214,N,VIIRS,n,2,290.55,1.08,N,0
37.10811,40.42942,309.23,0.54,0.68,2025-06-30,2214,N,VIIRS,n,2,291.08,0.56,N,0
37.13523,42.78914,303.04,0.4,0.6,2025-06-30,2214,N,VIIRS,n,2,290.52,0.83,N,0
37.13808,42.79254,304.25,0.4,0.6,2025-06-30,2214,N,VIIRS,n,2,291.11,0.47,N,2
37.17347,39.97147,302.4,0.57,0.69,2025-06-30,2214,N,VIIRS,n,2,291.54,16.81,N,0
37.17977,39.97868,306.83,0.57,0.69,2025-06-30,2214,N,VIIRS,n,2,292.57,6.58,N,0
37.17997,39.97194,367.0,0.57,0.69,2025-06-30,2214,N,VIIRS,h,2,296.69,16.81,N,0
37.18017,39.96531,367.0,0.57,0.69,2025-06-30,2214,N,VIIRS,h,2,301.76,16.81,N,0
37.18037,39.95871,317.9,0.57,0.69,2025-06-30,2214,N,VIIRS,n,2,292.45,20.69,N,0
37.18647,39.97242,348.13,0.57,0.69,2025-06-30,2214,N,VIIRS,n,2,293.87,7.74,N,0
37.18668,39.96577,346.2,0.57,0.69,2025-06-30,2214,N,VIIRS,n,2,294.4,7.74,N,0
37.24947,40.01743,304.54,0.57,0.69,2025-06-30,2214,N,VIIRS,n,2,291.66,0.23,N,0
37.25018,40.01632,303.75,0.57,0.69,2025-06-30,2214,N,VIIRS,n,2,291.63,0.58,N,0
37.25093,40.18186,303.62,0.56,0.69,2025-06-30,2214,N,VIIRS,n,2,292.48,0.53,N,0
37.32832,39.54889,305.88,0.61,0.71,2025-06-30,2214,N,VIIRS,n,2,289.61,1.13,N,0
36.77234,43.32449,308.03,0.48,0.65,2025-06-30,2354,N,VIIRS,n,2,288.07,1.72,N,2
36.77853,43.3254,321.32,0.48,0.65,2025-06-30,2354,N,VIIRS,n,2,290.91,1.72,N,2
36.86678,43.52119,300.99,0.49,0.65,2025-06-30,2354,N,VIIRS,n,2,287.81,0.81,N,0
36.86811,43.5241,299.71,0.49,0.65,2025-06-30,2354,N,VIIRS,n,2,288.11,0.82,N,0
36.86876,43.49144,313.42,0.49,0.65,2025-06-30,2354,N,VIIRS,n,2,288.8,2.4,N,2
36.87027,43.49436,299.35,0.49,0.65,2025-06-30,2354,N,VIIRS,n,2,287.91,1.22,N,2
36.8895,43.42823,303.56,0.49,0.65,2025-06-30,2354,N,VIIRS,n,2,286.22,1.06,N,2
36.89127,43.43501,303.52,0.49,0.65,2025-06-30,2354,N,VIIRS,n,2,285.83,1.29,N,2
36.89298,43.42896,309.35,0.49,0.65,2025-06-30,2354,N,VIIRS,n,2,286.34,1.29,N,2
36.89524,43.43075,304.15,0.49,0.65,2025-06-30,2354,N,VIIRS,n,2,286.61,1.06,N,2
36.90369,43.3912,322.23,0.49,0.65,2025-06-30,2354,N,VIIRS,n,2,287.2,1.78,N,2
36.90626,43.39275,328.43,0.49,0.65,2025-06-30,2354,N,VIIRS,n,2,287.72,3.36,N,2
36.90937,43.39388,296.77,0.49,0.65,2025-06-30,2354,N,VIIRS,n,2,285.92,1.78,N,2
36.91574,41.89574,311.71,0.41,0.6,2025-06-30,2354,N,VIIRS,n,2,289.38,0.79,N,2
36.93286,42.13049,303.06,0.42,0.61,2025-06-30,2354,N,VIIRS,n,2,287.36,0.89,N,2
36.93531,42.13285,321.42,0.42,0.61,2025-06-30,2354,N,VIIRS,n,2,289.25,1.47,N,2
36.93828,42.13274,317.87,0.42,0.61,2025-06-30,2354,N,VIIRS,n,2,290.74,0.89,N,2
36.94013,42.16978,314.33,0.42,0.61,2025-06-30,2354,N,VIIRS,n,2,288.21,1.36,N,2
36.94494,42.13044,323.02,0.42,0.61,2025-06-30,2354,N,VIIRS,n,2,290.25,1.41,N,2
36.94733,42.1329,328.59,0.42,0.61,2025-06-30,2354,N,VIIRS,n,2,291.13,3.27,N,2
36.95033,42.13281,308.25,0.42,0.61,2025-06-30,2354,N,VIIRS,n,2,289.82,1.41,N,2
36.95385,43.72504,295.86,0.5,0.66,2025-06-30,2354,N,VIIRS,n,2,284.5,0.66,N,0
37.01205,41.58342,306.68,0.39,0.59,2025-06-30,2354,N,VIIRS,n,2,289.08,0.52,N,2
37.05671,42.13276,302.26,0.41,0.61,2025-06-30,2354,N,VIIRS,n,2,289.76,0.38,N,2
37.07624,41.23559,313.18,0.37,0.58,2025-06-30,2354,N,VIIRS,n,2,292.83,0.68,N,0
37.62499,39.09034,299.75,0.56,0.51,2025-06-30,2354,N,VIIRS,n,2,285.9,0.99,N,0
37.88728,41.10769,305.1,0.35,0.57,2025-06-30,2354,N,VIIRS,n,2,289.31,0.88,N,0
37.97615,38.89715,335.16,0.53,0.5,2025-06-30,2354,N,VIIRS,n,2,292.84,5.27,N,0
37.97819,38.89752,334.27,0.53,0.5,2025-06-30,2354,N,VIIRS,n,2,293.33,4.87,N,0
38.41742,43.2395,296.76,0.43,0.62,2025-06-30,2354,N,VIIRS,n,2,285.26,1.13,N,2
38.45332,38.72645,299.29,0.51,0.49,2025-06-30,2354,N,VIIRS,n,2,288.07,0.94,N,2
39.48383,30.04119,313.69,0.38,0.36,2025-06-30,2354,N,VIIRS,n,2,288.0,1.6,N,2
39.59501,32.42081,303.61,0.41,0.37,2025-06-30,2354,N,VIIRS,n,2,287.81,0.74,N,2
39.83719,30.30069,309.87,0.38,0.36,2025-06-30,2354,N,VIIRS,n,2,288.34,1.25,N,2
39.90083,28.8732,299.89,0.39,0.37,2025-06-30,2354,N,VIIRS,n,2,287.08,0.32,N,0
39.94425,33.19357,303.43,0.42,0.38,2025-06-30,2354,N,VIIRS,n,2,285.96,0.77,N,2
40.01612,27.0064,303.65,0.44,0.38,2025-06-30,2354,N,VIIRS,n,2,290.93,1.35,N,0
40.18631,29.22698,303.17,0.39,0.36,2025-06-30,2354,N,VIIRS,n,2,291.61,0.41,N,0
40.19975,29.07594,302.22,0.39,0.36,2025-06-30,2354,N,VIIRS,n,2,290.85,0.31,N,0
40.24183,29.92544,308.02,0.39,0.36,2025-06-30,2354,N,VIIRS,n,2,290.16,0.94,N,2
40.31443,30.07274,305.37,0.38,0.36,2025-06-30,2354,N,VIIRS,n,2,290.36,0.83,N,0
40.7552,31.78164,297.86,0.39,0.36,2025-06-30,2354,N,VIIRS,n,2,284.41,0.58,N,2
40.75845,29.7598,309.78,0.39,0.36,2025-06-30,2354,N,VIIRS,n,2,293.16,1.15,N,2
40.75849,31.78261,297.29,0.39,0.36,2025-06-30,2354,N,VIIRS,n,2,285.01,0.58,N,2
40.76585,32.21942,296.2,0.39,0.37,2025-06-30,2354,N,VIIRS,n,2,281.89,0.77,N,0
40.76689,29.52681,304.31,0.39,0.36,2025-06-30,2354,N,VIIRS,n,2,292.7,0.96,N,2
40.77021,29.52767,304.98,0.39,0.36,2025-06-30,2354,N,VIIRS,n,2,292.37,0.81,N,0
40.7822,29.5997,305.3,0.39,0.36,2025-06-30,2354,N,VIIRS,n,2,292.95,1.41,N,2
40.79925,29.3774,303.95,0.39,0.36,2025-06-30,2354,N,VIIRS,n,2,293.31,0.72,N,2
40.80394,29.36898,302.53,0.39,0.36,2025-06-30,2354,N,VIIRS,n,2,292.06,0.83,N,0
40.93524,35.88675,296.8,0.5,0.41,2025-06-30,2354,N,VIIRS,n,2,283.64,0.83,N,2
40.944,31.3975,297.0,0.39,0.36,2025-06-30,2354,N,VIIRS,n,2,286.27,0.73,N,2
40.94729,31.39845,303.67,0.39,0.36,2025-06-30,2354,N,VIIRS,n,2,286.16,0.69,N,2
41.17486,32.63475,314.05,0.4,0.37,2025-06-30,2354,N,VIIRS,n,2,288.25,0.97,N,2
41.17818,32.63577,299.0,0.4,0.37,2025-06-30,2354,N,VIIRS,n,2,287.3,0.97,N,2
41.18483,32.63783,297.88,0.4,0.37,2025-06-30,2354,N,VIIRS,n,2,287.5,1.09,N,0
41.19144,32.62009,296.71,0.4,0.37,2025-06-30,2354,N,VIIRS,n,2,286.27,0.59,N,2
41.24209,36.46384,323.84,0.52,0.42,2025-06-30,2354,N,VIIRS,n,2,289.74,2.99,N,2
41.26311,31.42465,340.05,0.39,0.36,2025-06-30,2354,N,VIIRS,n,2,291.6,3.03,N,2
41.2664,31.42559,317.95,0.39,0.36,2025-06-30,2354,N,VIIRS,n,2,291.86,3.03,N,2
35.52242,44.34279,305.49,0.59,0.7,2025-06-30,2355,N,VIIRS,n,2,292.2,2.64,N,2
35.52308,44.34252,312.41,0.59,0.7,2025-06-30,2355,N,VIIRS,n,2,292.39,3.14,N,2
35.52864,44.34538,326.74,0.59,0.7,2025-06-30,2355,N,VIIRS,n,2,292.73,2.64,N,2
35.52932,44.34508,323.02,0.59,0.7,2025-06-30,2355,N,VIIRS,n,2,292.16,3.14,N,2
35.53047,44.33917,338.56,0.59,0.7,2025-06-30,2355,N,VIIRS,n,2,293.66,4.35,N,2
35.53118,44.33887,337.46,0.59,0.7,2025-06-30,2355,N,VIIRS,n,2,293.99,3.14,N,2
35.53232,44.33287,305.01,0.59,0.7,2025-06-30,2355,N,VIIRS,n,2,292.63,4.35,N,2
35.53306,44.33258,305.12,0.59,0.7,2025-06-30,2355,N,VIIRS,n,2,292.87,4.15,N,2
35.62597,44.01202,328.01,0.56,0.69,2025-06-30,2355,N,VIIRS,n,2,293.37,11.55,N,2
35.6277,44.00608,367.0,0.56,0.69,2025-06-30,2355,N,VIIRS,h,2,298.04,22.88,N,2
35.62835,44.01295,327.15,0.56,0.69,2025-06-30,2355,N,VIIRS,n,2,293.62,11.88,N,2
35.6301,44.00703,367.0,0.56,0.69,2025-06-30,2355,N,VIIRS,h,2,299.82,11.88,N,2
35.632,44.01488,303.86,0.56,0.69,2025-06-30,2355,N,VIIRS,n,2,292.92,2.03,N,2
35.63372,44.00897,315.11,0.56,0.69,2025-06-30,2355,N,VIIRS,n,2,293.68,2.72,N,2
35.66277,43.96617,353.59,0.56,0.69,2025-06-30,2355,N,VIIRS,n,2,295.37,6.85,N,2
35.66456,43.96007,304.46,0.56,0.69,2025-06-30,2355,N,VIIRS,n,2,292.19,5.5,N,2
35.68135,43.87988,328.07,0.55,0.68,2025-06-30,2355,N,VIIRS,n,2,291.92,10.88,N,2
35.68311,43.87387,367.0,0.55,0.68,2025-06-30,2355,N,VIIRS,h,2,294.21,10.52,N,2
35.68485,43.86796,302.72,0.55,0.68,2025-06-30,2355,N,VIIRS,n,2,292.13,10.52,N,2
35.6874,43.88247,313.2,0.55,0.68,2025-06-30,2355,N,VIIRS,n,2,292.34,5.69,N,2
35.68917,43.87646,367.0,0.55,0.68,2025-06-30,2355,N,VIIRS,h,2,295.62,11.77,N,2
35.72338,44.03999,340.08,0.56,0.69,2025-06-30,2355,N,VIIRS,n,2,294.58,3.67,N,2
35.72515,44.03997,341.78,0.56,0.69,2025-06-30,2355,N,VIIRS,n,2,294.32,5.6,N,2
35.72694,44.03394,314.05,0.56,0.69,2025-06-30,2355,N,VIIRS,n,2,292.88,4.98,N,2
35.73133,44.03622,308.54,0.56,0.69,2025-06-30,2355,N,VIIRS,n,2,292.68,3.67,N,2
35.7322,36.15565,300.54,0.43,0.46,2025-06-30,2355,N,VIIRS,n,2,289.78,0.51,N,0
35.77182,43.99807,309.11,0.56,0.69,2025-06-30,2355,N,VIIRS,n,2,292.75,1.14,N,2
35.77356,43.9922,306.57,0.56,0.69,2025-06-30,2355,N,VIIRS,n,2,292.64,1.14,N,2
35.81618,43.25606,303.65,0.51,0.66,2025-06-30,2355,N,VIIRS,n,2,292.15,1.02,N,2
35.81658,43.25686,302.42,0.51,0.66,2025-06-30,2355,N,VIIRS,n,2,292.16,0.74,N,2
35.92165,36.21719,305.03,0.43,0.46,2025-06-30,2355,N,VIIRS,n,2,290.04,0.72,N,0
35.93086,36.21548,314.31,0.43,0.46,2025-06-30,2355,N,VIIRS,n,2,290.99,1.7,N,0
35.97887,43.76773,312.53,0.54,0.68,2025-06-30,2355,N,VIIRS,n,2,293.49,2.89,N,2
35.9999,43.76474,303.38,0.53,0.67,2025-06-30,2355,N,VIIRS,n,2,290.57,1.12,N,2
36.01716,43.68183,309.44,0.53,0.67,2025-06-30,2355,N,VIIRS,n,2,292.32,1.3,N,2
36.1252,43.78175,304.99,0.53,0.67,2025-06-30,2355,N,VIIRS,n,2,292.37,2.43,N,2
36.12658,43.78219,304.93,0.53,0.67,2025-06-30,2355,N,VIIRS,n,2,292.94,1.38,N,2
36.14476,40.81751,320.04,0.37,0.58,2025-06-30,2355,N,VIIRS,n,2,292.42,1.68,N,2
36.26339,33.72794,314.65,0.49,0.4,2025-06-30,2355,N,VIIRS,n,2,296.66,2.12,N,2
36.30529,36.12069,304.55,0.42,0.45,2025-06-30,2355,N,VIIRS,n,2,292.39,2.15,N,0
36.30646,36.11539,356.69,0.42,0.45,2025-06-30,2355,N,VIIRS,n,2,294.12,13.35,N,0
36.3095,36.12141,305.47,0.42,0.45,2025-06-30,2355,N,VIIRS,n,2,292.58,1.2,N,0
36.31069,36.11602,344.21,0.42,0.45,2025-06-30,2355,N,VIIRS,n,2,295.0,4.58,N,0
36.31184,36.1108,303.05,0.42,0.45,2025-06-30,2355,N,VIIRS,n,2,290.44,4.58,N,0
36.31929,36.11664,314.47,0.42,0.45,2025-06-30,2355,N,VIIRS,n,2,290.14,2.6,N,0
36.3205,36.11116,338.04,0.42,0.45,2025-06-30,2355,N,VIIRS,n,2,290.24,2.6,N,0
36.32412,36.17427,340.03,0.42,0.45,2025-06-30,2355,N,VIIRS,n,2,298.93,9.99,N,0
36.32472,36.11178,306.6,0.42,0.45,2025-06-30,2355,N,VIIRS,n,2,287.3,2.6,N,0
36.32529,36.1689,353.12,0.42,0.45,2025-06-30,2355,N,VIIRS,n,2,298.06,9.99,N,0
36.32652,36.16333,354.25,0.42,0.45,2025-06-30,2355,N,VIIRS,n,2,296.95,4.25,N,0
36.32772,36.15784,315.21,0.42,0.45,2025-06-30,2355,N,VIIRS,n,2,293.66,4.25,N,0
36.32783,36.11751,298.63,0.42,0.45,2025-06-30,2355,N,VIIRS,n,2,287.23,0.19,N,0
36.32942,36.17005,347.67,0.42,0.45,2025-06-30,2355,N,VIIRS,n,2,298.18,9.99,N,0
36.33068,36.16427,319.88,0.42,0.45,2025-06-30,2355,N,VIIRS,n,2,294.26,4.25,N,0
36.33191,36.15866,308.86,0.42,0.45,2025-06-30,2355,N,VIIRS,n,2,292.12,4.25,N,0
36.33311,36.15315,367.0,0.42,0.45,2025-06-30,2355,N,VIIRS,h,2,298.53,10.45,N,0
36.33433,36.1476,316.88,0.42,0.45,2025-06-30,2355,N,VIIRS,n,2,290.85,10.45,N,0
36.33731,36.15397,309.11,0.42,0.45,2025-06-30,2355,N,VIIRS,n,2,290.9,2.32,N,0
36.33851,36.14846,331.84,0.42,0.45,2025-06-30,2355,N,VIIRS,n,2,291.7,2.32,N,0
36.34069,43.2891,302.02,0.49,0.65,2025-06-30,2355,N,VIIRS,n,2,290.85,1.1,N,0
36.44174,42.93238,305.96,0.47,0.64,2025-06-30,2355,N,VIIRS,n,2,293.54,1.32,N,2
36.71683,36.20034,326.52,0.41,0.45,2025-06-30,2355,N,VIIRS,n,2,294.38,3.15,N,2
36.71844,36.20366,302.28,0.41,0.45,2025-06-30,2355,N,VIIRS,n,2,292.28,1.44,N,2
36.7194,36.1992,323.35,0.41,0.45,2025-06-30,2355,N,VIIRS,n,2,295.29,1.44,N,2
36.72616,39.48284,300.59,0.61,0.54,2025-06-30,2355,N,VIIRS,n,2,289.33,1.01,N,0
36.72718,39.48267,302.15,0.61,0.54,2025-06-30,2355,N,VIIRS,n,2,289.64,1.05,N,0
36.72798,36.20901,304.19,0.41,0.45,2025-06-30,2355,N,VIIRS,n,2,293.78,0.57,N,2
36.73204,36.21035,314.56,0.41,0.45,2025-06-30,2355,N,VIIRS,n,2,298.12,2.35,N,2
36.80114,39.43752,316.83,0.61,0.53,2025-06-30,2355,N,VIIRS,n,2,289.78,1.41,N,0
36.86205,39.0858,303.12,0.58,0.52,2025-06-30,2355,N,VIIRS,n,2,288.61,1.18,N,0
36.8687,34.76184,310.52,0.53,0.42,2025-06-30,2355,N,VIIRS,n,2,295.02,1.77,N,2
36.91943,38.55642,314.95,0.54,0.51,2025-06-30,2355,N,VIIRS,n,2,287.44,1.94,N,0
36.92085,38.55049,301.05,0.54,0.51,2025-06-30,2355,N,VIIRS,n,2,287.0,1.83,N,0
36.96255,39.04811,306.66,0.57,0.52,2025-06-30,2355,N,VIIRS,n,2,289.3,1.85,N,0
36.96276,39.04803,309.9,0.57,0.52,2025-06-30,2355,N,VIIRS,n,2,289.43,1.16,N,0
37.02256,36.10979,306.62,0.4,0.45,2025-06-30,2355,N,VIIRS,n,2,294.57,1.28,N,2
37.04701,39.19677,303.16,0.58,0.52,2025-06-30,2355,N,VIIRS,n,2,288.91,0.96,N,0
37.06475,40.33374,321.05,0.33,0.56,2025-06-30,2355,N,VIIRS,n,2,292.13,1.96,N,0
37.06569,40.33006,321.95,0.33,0.55,2025-06-30,2355,N,VIIRS,n,2,291.89,1.58,N,0
37.0677,40.33368,327.78,0.33,0.55,2025-06-30,2355,N,VIIRS,n,2,292.35,1.69,N,0
37.06865,40.33002,319.52,0.33,0.55,2025-06-30,2355,N,VIIRS,n,2,292.18,1.97,N,0
37.07064,40.33197,306.47,0.33,0.55,2025-06-30,2355,N,VIIRS,n,2,291.09,1.58,N,0
37.07376,41.2322,307.01,0.37,0.58,2025-06-30,2355,N,VIIRS,n,2,292.73,0.8,N,0
37.08571,39.01885,307.52,0.57,0.52,2025-06-30,2355,N,VIIRS,n,2,289.66,0.87,N,0
37.09678,39.13945,314.64,0.58,0.52,2025-06-30,2355,N,VIIRS,n,2,290.54,3.27,N,0
37.09832,39.13313,339.95,0.58,0.52,2025-06-30,2355,N,VIIRS,n,2,291.48,9.81,N,0
37.1082,40.43074,321.22,0.34,0.56,2025-06-30,2355,N,VIIRS,n,2,293.38,1.08,N,0
37.16524,39.78461,305.99,0.62,0.54,2025-06-30,2355,N,VIIRS,n,2,289.61,1.69,N,0
37.17703,39.97114,326.75,0.63,0.54,2025-06-30,2355,N,VIIRS,n,2,292.37,3.55,N,0
37.17721,39.97041,324.09,0.63,0.54,2025-06-30,2355,N,VIIRS,n,2,292.74,3.37,N,0
37.18188,39.97301,316.12,0.63,0.54,2025-06-30,2355,N,VIIRS,n,2,293.34,3.55,N,0
37.18206,39.97227,319.36,0.63,0.54,2025-06-30,2355,N,VIIRS,n,2,293.22,2.53,N,0
37.21288,39.97667,313.87,0.63,0.54,2025-06-30,2355,N,VIIRS,n,2,293.16,3.76,N,0
37.21772,39.97854,338.64,0.63,0.54,2025-06-30,2355,N,VIIRS,n,2,293.92,3.76,N,0
37.21949,39.97153,303.43,0.63,0.54,2025-06-30,2355,N,VIIRS,n,2,292.91,5.47,N,0
37.25233,30.44498,310.07,0.39,0.36,2025-06-30,2355,N,VIIRS,n,2,291.65,1.04,N,2
37.25305,30.44065,303.83,0.39,0.36,2025-06-30,2355,N,VIIRS,n,2,291.77,1.04,N,2
37.29467,37.15642,308.44,0.45,0.47,2025-06-30,2355,N,VIIRS,n,2,292.44,1.43,N,2
37.29769,36.85195,310.96,0.43,0.46,2025-06-30,2355,N,VIIRS,n,2,286.28,1.73,N,0
37.39706,37.19488,298.49,0.45,0.47,2025-06-30,2355,N,VIIRS,n,2,284.93,1.6,N,0
37.39818,37.18994,317.25,0.45,0.47,2025-06-30,2355,N,VIIRS,n,2,285.72,1.6,N,0
37.55098,37.87439,307.84,0.48,0.48,2025-06-30,2355,N,VIIRS,n,2,288.55,0.79,N,0
37.5522,37.86905,304.25,0.48,0.48,2025-06-30,2355,N,VIIRS,n,2,289.37,0.88,N,0
37.61059,36.00037,306.21,0.39,0.44,2025-06-30,2355,N,VIIRS,n,2,293.51,1.1,N,0
37.86258,29.37274,310.25,0.38,0.36,2025-06-30,2355,N,VIIRS,n,2,292.94,0.92,N,2
37.89818,30.49218,311.56,0.39,0.36,2025-06-30,2355,N,VIIRS,n,2,290.68,1.21,N,2
37.93955,32.53394,305.61,0.42,0.38,2025-06-30,2355,N,VIIRS,n,2,290.0,0.83,N,2
38.06333,26.88208,326.75,0.42,0.38,2025-06-30,2355,N,VIIRS,n,2,295.4,2.13,N,0
38.06678,26.88291,323.09,0.42,0.38,2025-06-30,2355,N,VIIRS,n,2,295.43,2.13,N,0
38.07024,26.88374,311.9,0.42,0.38,2025-06-30,2355,N,VIIRS,n,2,294.16,1.92,N,0
38.0737,26.88456,329.64,0.42,0.38,2025-06-30,2355,N,VIIRS,n,2,295.13,1.92,N,0
38.08,26.89085,306.71,0.42,0.38,2025-06-30,2355,N,VIIRS,n,2,294.28,1.48,N,0
38.10424,26.97608,326.89,0.42,0.38,2025-06-30,2355,N,VIIRS,n,2,295.85,2.52,N,0
38.11813,26.89919,340.14,0.42,0.38,2025-06-30,2355,N,VIIRS,n,2,297.59,5.12,N,0
38.12632,26.89127,305.24,0.42,0.38,2025-06-30,2355,N,VIIRS,n,2,294.04,1.14,N,0
38.13537,26.88464,303.97,0.43,0.38,2025-06-30,2355,N,VIIRS,n,2,293.77,2.05,N,0
38.13885,26.88526,332.46,0.43,0.38,2025-06-30,2355,N,VIIRS,n,2,295.37,2.05,N,0
38.42584,27.21495,317.93,0.42,0.38,2025-06-30,2355,N,VIIRS,n,2,296.25,1.78,N,2
38.47833,27.95536,307.72,0.4,0.37,2025-06-30,2355,N,VIIRS,n,2,292.32,2.91,N,0
38.47849,27.97892,326.2,0.4,0.37,2025-06-30,2355,N,VIIRS,n,2,293.09,3.09,N,0
38.48172,27.95604,335.16,0.4,0.37,2025-06-30,2355,N,VIIRS,n,2,296.8,2.91,N,0
38.48186,27.97967,330.39,0.4,0.37,2025-06-30,2355,N,VIIRS,n,2,293.46,2.81,N,0
38.48238,27.95131,320.47,0.4,0.37,2025-06-30,2355,N,VIIRS,n,2,293.25,4.66,N,0
38.48512,27.95664,304.96,0.4,0.37,2025-06-30,2355,N,VIIRS,n,2,293.11,1.75,N,0
38.48917,27.95264,317.06,0.4,0.37,2025-06-30,2355,N,VIIRS,n,2,293.59,2.32,N,0
38.49255,27.95337,311.69,0.4,0.37,2025-06-30,2355,N,VIIRS,n,2,293.21,2.03,N,0
38.49265,27.97725,303.74,0.4,0.37,2025-06-30,2355,N,VIIRS,n,2,292.23,0.39,N,0
38.49321,27.94868,329.25,0.4,0.37,2025-06-30,2355,N,VIIRS,n,2,293.38,2.03,N,0
38.4933,27.97268,311.55,0.4,0.37,2025-06-30,2355,N,VIIRS,n,2,293.33,1.67,N,0
38.49658,27.94945,320.57,0.4,0.37,2025-06-30,2355,N,VIIRS,n,2,293.65,2.03,N,0
38.49669,27.97338,305.52,0.4,0.37,2025-06-30,2355,N,VIIRS,n,2,292.45,0.87,N,0
38.49929,27.95492,309.15,0.4,0.37,2025-06-30,2355,N,VIIRS,n,2,293.91,1.0,N,0
38.49995,27.95022,316.9,0.4,0.37,2025-06-30,2355,N,VIIRS,n,2,293.28,1.0,N,0
38.50333,27.95102,305.79,0.4,0.37,2025-06-30,2355,N,VIIRS,n,2,293.37,1.0,N,0
38.50944,27.95711,302.66,0.4,0.37,2025-06-30,2355,N,VIIRS,n,2,291.99,0.59,N,0
38.67892,28.62777,304.99,0.39,0.36,2025-06-30,2355,N,VIIRS,n,2,290.36,1.06,N,0
38.67957,28.6233,315.76,0.39,0.36,2025-06-30,2355,N,VIIRS,n,2,292.58,1.06,N,0
38.73762,26.94668,313.25,0.43,0.38,2025-06-30,2355,N,VIIRS,n,2,297.85,1.34,N,2
38.73826,26.94177,307.33,0.43,0.38,2025-06-30,2355,N,VIIRS,n,2,295.08,1.34,N,2
38.73956,26.93191,306.03,0.43,0.38,2025-06-30,2355,N,VIIRS,n,2,295.48,0.84,N,2
38.74305,26.93266,310.96,0.43,0.38,2025-06-30,2355,N,VIIRS,n,2,294.1,0.84,N,2
38.74459,26.94818,312.71,0.43,0.38,2025-06-30,2355,N,VIIRS,n,2,294.89,1.23,N,2
38.75351,26.93486,310.16,0.43,0.38,2025-06-30,2355,N,VIIRS,n,2,293.92,1.16,N,0
38.90705,27.95775,327.54,0.4,0.37,2025-06-30,2355,N,VIIRS,n,2,294.17,2.54,N,0
38.91045,27.95847,302.99,0.4,0.37,2025-06-30,2355,N,VIIRS,n,2,291.28,0.6,N,0
38.91787,27.95534,316.52,0.4,0.37,2025-06-30,2355,N,VIIRS,n,2,292.72,1.01,N,0
38.92124,27.95618,307.24,0.4,0.37,2025-06-30,2355,N,VIIRS,n,2,291.88,1.01,N,0
39.09003,27.51316,305.71,0.42,0.37,2025-06-30,2355,N,VIIRS,n,2,291.35,0.66,N,0
39.09347,27.51383,303.34,0.42,0.37,2025-06-30,2355,N,VIIRS,n,2,291.88,0.83,N,0
39.11341,27.52312,305.69,0.42,0.37,2025-06-30,2355,N,VIIRS,n,2,293.54,1.02,N,0
39.16812,27.63099,310.87,0.41,0.37,2025-06-30,2355,N,VIIRS,n,2,294.21,1.03,N,2
39.86624,26.24596,325.63,0.46,0.39,2025-06-30,2355,N,VIIRS,n,2,294.57,3.28,N,2
35.52447,44.34469,353.37,0.45,0.47,2025-07-01,934,N,VIIRS,n,2,323.22,5.45,D,2
35.62817,44.00779,367.0,0.47,0.48,2025-07-01,934,N,VIIRS,h,2,333.8,82.65,D,2
35.77284,36.14907,334.57,0.6,0.71,2025-07-01,935,N,VIIRS,n,2,302.07,8.23,D,0
35.7729,43.99617,354.42,0.46,0.47,2025-07-01,935,N,VIIRS,n,2,322.01,18.51,D,2
36.30062,36.1086,338.48,0.58,0.7,2025-07-01,935,N,VIIRS,n,2,305.26,30.8,D,0
36.30091,36.10641,336.03,0.58,0.7,2025-07-01,935,N,VIIRS,n,2,305.37,10.2,D,0
36.30429,36.12106,367.0,0.58,0.7,2025-07-01,935,N,VIIRS,h,2,310.38,65.86,D,0
36.30473,36.11914,367.0,0.58,0.7,2025-07-01,935,N,VIIRS,h,2,312.26,76.13,D,0
36.30782,36.10938,349.02,0.58,0.7,2025-07-01,935,N,VIIRS,n,2,306.51,30.8,D,0
36.30967,36.1157,339.89,0.58,0.7,2025-07-01,935,N,VIIRS,n,2,311.25,30.8,D,0
36.31013,36.11384,346.75,0.58,0.7,2025-07-01,935,N,VIIRS,n,2,311.75,76.13,D,0
36.31699,36.11691,344.48,0.58,0.7,2025-07-01,935,N,VIIRS,n,2,310.99,12.52,D,0
36.31853,36.12215,340.82,0.58,0.7,2025-07-01,935,N,VIIRS,n,2,309.98,14.96,D,0
36.32063,36.17659,367.0,0.58,0.7,2025-07-01,935,N,VIIRS,h,2,304.46,10.7,D,0
36.32135,36.17454,367.0,0.58,0.7,2025-07-01,935,N,VIIRS,h,2,305.65,18.69,D,0
36.32714,36.17513,343.19,0.58,0.7,2025-07-01,935,N,VIIRS,n,2,303.96,10.7,D,0
36.33102,36.18356,367.0,0.58,0.69,2025-07-01,935,N,VIIRS,h,2,305.29,34.83,D,0
36.3326,36.18885,367.0,0.58,0.69,2025-07-01,935,N,VIIRS,h,2,304.36,25.08,D,0
36.3354,36.17963,367.0,0.58,0.7,2025-07-01,935,N,VIIRS,h,2,316.68,47.17,D,0
36.33628,36.17785,367.0,0.58,0.7,2025-07-01,935,N,VIIRS,h,2,315.92,75.34,D,0
36.33774,36.18275,348.83,0.58,0.69,2025-07-01,935,N,VIIRS,n,2,316.74,75.34,D,0
36.33831,36.18952,367.0,0.58,0.69,2025-07-01,935,N,VIIRS,h,2,315.26,118.21,D,0
36.3392,36.18762,367.0,0.58,0.69,2025-07-01,935,N,VIIRS,h,2,317.18,140.0,D,0
36.34023,36.1678,342.17,0.58,0.7,2025-07-01,935,N,VIIRS,n,2,312.77,21.04,D,0
36.34081,36.17439,342.72,0.58,0.7,2025-07-01,935,N,VIIRS,n,2,310.42,47.17,D,0
36.34171,36.17275,343.63,0.58,0.7,2025-07-01,935,N,VIIRS,n,2,312.05,21.04,D,0
36.34219,36.1791,367.0,0.58,0.7,2025-07-01,935,N,VIIRS,h,2,318.88,47.17,D,0
36.34311,36.17742,367.0,0.58,0.7,2025-07-01,935,N,VIIRS,h,2,319.65,75.34,D,0
36.34357,36.1838,367.0,0.58,0.7,2025-07-01,935,N,VIIRS,h,2,336.26,118.21,D,0
36.34493,36.18846,367.0,0.58,0.69,2025-07-01,935,N,VIIRS,h,2,302.72,118.21,D,0
36.34586,36.18665,367.0,0.58,0.69,2025-07-01,935,N,VIIRS,h,2,306.77,140.0,D,0
36.34831,36.17155,367.0,0.58,0.7,2025-07-01,935,N,VIIRS,h,2,313.29,24.89,D,0
36.34967,36.17609,367.0,0.58,0.7,2025-07-01,935,N,VIIRS,h,2,311.04,38.72,D,0
36.35101,36.1806,351.13,0.58,0.69,2025-07-01,935,N,VIIRS,n,2,309.98,38.72,D,0
36.35236,36.18513,349.78,0.58,0.69,2025-07-01,935,N,VIIRS,n,2,302.68,38.77,D,0
36.74733,39.05755,342.94,0.4,0.6,2025-07-01,935,N,VIIRS,n,2,311.69,4.97,D,0
36.7655,39.10359,346.78,0.4,0.6,2025-07-01,935,N,VIIRS,n,2,313.15,6.1,D,0
36.77728,43.32251,340.95,0.48,0.48,2025-07-01,935,N,VIIRS,n,2,308.45,4.18,D,2
36.82074,37.64499,342.42,0.47,0.64,2025-07-01,935,N,VIIRS,n,2,312.17,3.62,D,0
36.82219,37.65015,346.32,0.47,0.64,2025-07-01,935,N,VIIRS,n,2,309.38,3.62,D,0
36.82298,39.51825,344.88,0.38,0.59,2025-07-01,935,N,VIIRS,n,2,313.21,4.7,D,0
36.82644,37.64259,367.0,0.47,0.64,2025-07-01,935,N,VIIRS,h,2,313.93,11.57,D,0
36.82789,37.64777,367.0,0.47,0.64,2025-07-01,935,N,VIIRS,h,2,314.53,11.57,D,0
36.85565,37.53167,367.0,0.48,0.64,2025-07-01,935,N,VIIRS,h,2,314.2,19.18,D,0
36.85991,37.52407,342.53,0.48,0.65,2025-07-01,935,N,VIIRS,n,2,313.65,9.84,D,0
36.89164,39.60459,348.56,0.37,0.58,2025-07-01,935,N,VIIRS,n,2,315.27,5.86,D,0
36.8927,39.60866,352.47,0.37,0.58,2025-07-01,935,N,VIIRS,n,2,314.44,5.86,D,0
36.89349,43.42746,334.12,0.47,0.48,2025-07-01,935,N,VIIRS,n,2,304.36,3.45,D,2
36.89788,39.60658,367.0,0.37,0.58,2025-07-01,935,N,VIIRS,h,2,315.69,10.04,D,0
36.89894,39.61062,356.04,0.37,0.58,2025-07-01,935,N,VIIRS,n,2,315.37,12.59,D,0
36.90797,43.3894,336.95,0.47,0.48,2025-07-01,935,N,VIIRS,n,2,305.26,4.66,D,2
36.94824,42.12914,345.91,0.55,0.51,2025-07-01,935,N,VIIRS,n,2,315.67,2.85,D,2
36.96101,43.68689,342.03,0.45,0.47,2025-07-01,935,N,VIIRS,n,2,301.78,4.72,D,0
36.96206,43.69154,345.66,0.45,0.47,2025-07-01,935,N,VIIRS,n,2,306.01,10.64,D,0
37.06886,40.22789,346.39,0.34,0.56,2025-07-01,935,N,VIIRS,n,2,314.04,7.4,D,0
37.0908,37.45763,349.21,0.48,0.64,2025-07-01,935,N,VIIRS,n,2,313.45,2.38,D,0
37.09081,40.4869,343.08,0.33,0.55,2025-07-01,935,N,VIIRS,n,2,312.27,2.1,D,0
37.10396,40.27985,350.77,0.34,0.56,2025-07-01,935,N,VIIRS,n,2,315.11,3.86,D,0
37.10491,40.27868,353.18,0.34,0.56,2025-07-01,935,N,VIIRS,n,2,315.38,7.43,D,0
37.11328,40.25145,356.07,0.34,0.56,2025-07-01,935,N,VIIRS,n,2,318.83,6.71,D,0
37.11334,40.49018,367.0,0.33,0.55,2025-07-01,935,N,VIIRS,h,2,317.59,6.96,D,0
37.11411,40.25039,355.0,0.34,0.56,2025-07-01,935,N,VIIRS,n,2,318.22,6.47,D,0
37.11829,40.48832,347.81,0.33,0.55,2025-07-01,935,N,VIIRS,n,2,317.07,6.96,D,0
37.17842,40.48008,352.66,0.33,0.55,2025-07-01,935,N,VIIRS,n,2,315.67,4.4,D,0
37.18636,39.96789,345.07,0.35,0.57,2025-07-01,935,N,VIIRS,n,2,317.88,6.36,D,0
37.18735,39.97172,367.0,0.35,0.57,2025-07-01,935,N,VIIRS,h,2,317.81,6.36,D,0
37.20323,37.36655,339.23,0.48,0.64,2025-07-01,935,N,VIIRS,n,2,309.92,2.04,D,0
37.20546,37.36467,340.3,0.48,0.64,2025-07-01,935,N,VIIRS,n,2,310.84,2.93,D,0
37.3988,37.18886,338.49,0.48,0.65,2025-07-01,935,N,VIIRS,n,2,309.36,2.38,D,0
37.41852,39.48787,349.0,0.37,0.58,2025-07-01,935,N,VIIRS,n,2,313.64,38.0,D,0
37.41959,39.49198,367.0,0.37,0.58,2025-07-01,935,N,VIIRS,h,2,322.11,38.0,D,0
37.45085,37.653,351.73,0.45,0.63,2025-07-01,935,N,VIIRS,n,2,315.87,8.97,D,0
37.49541,39.44069,345.63,0.37,0.58,2025-07-01,935,N,VIIRS,n,2,315.95,5.55,D,0
37.50053,39.4385,367.0,0.37,0.58,2025-07-01,935,N,VIIRS,h,2,320.07,6.26,D,0
37.50161,39.44261,340.21,0.37,0.58,2025-07-01,935,N,VIIRS,n,2,313.24,6.26,D,0
37.52176,39.27927,344.71,0.37,0.58,2025-07-01,935,N,VIIRS,n,2,314.35,4.29,D,0
40.16056,44.31887,337.89,0.55,0.42,2025-07-01,936,N,VIIRS,n,2,307.56,4.52,D,0
42.38971,43.88679,332.25,0.52,0.41,2025-07-01,936,N,VIIRS,n,2,296.67,3.36,D,0
35.60015,36.02673,340.26,0.6,0.53,2025-07-01,1115,N,VIIRS,n,2,303.12,5.39,D,0
35.77007,36.15076,342.86,0.62,0.54,2025-07-01,1115,N,VIIRS,n,2,306.11,10.78,D,0
35.77011,36.15156,340.0,0.62,0.54,2025-07-01,1115,N,VIIRS,n,2,305.44,9.36,D,0
36.30453,36.11529,347.16,0.62,0.54,2025-07-01,1115,N,VIIRS,n,2,315.8,26.48,D,0
36.31913,36.1075,341.33,0.62,0.54,2025-07-01,1115,N,VIIRS,n,2,309.07,16.85,D,0
36.31968,36.11524,346.14,0.62,0.54,2025-07-01,1115,N,VIIRS,n,2,314.46,16.85,D,0
36.34932,36.17632,351.15,0.63,0.54,2025-07-01,1115,N,VIIRS,n,2,317.58,107.68,D,0
36.35001,36.18592,356.0,0.63,0.54,2025-07-01,1115,N,VIIRS,n,2,320.63,22.53,D,0
36.3507,36.19556,343.53,0.63,0.54,2025-07-01,1115,N,VIIRS,n,2,312.06,22.53,D,0
36.35504,36.18525,343.94,0.63,0.54,2025-07-01,1115,N,VIIRS,n,2,308.93,22.53,D,0
36.35573,36.19487,342.46,0.63,0.54,2025-07-01,1115,N,VIIRS,n,2,308.62,22.53,D,0
36.78357,36.92519,350.4,0.35,0.57,2025-07-01,1116,N,VIIRS,n,2,316.93,5.29,D,0
36.79153,27.14481,349.49,0.39,0.36,2025-07-01,1116,N,VIIRS,n,2,317.0,15.32,D,0
36.79187,35.09916,339.58,0.55,0.51,2025-07-01,1116,N,VIIRS,n,2,304.36,1.4,D,0
36.85368,39.52225,344.87,0.49,0.65,2025-07-01,1116,N,VIIRS,n,2,311.42,3.94,D,0
36.86879,37.53334,347.99,0.38,0.58,2025-07-01,1116,N,VIIRS,n,2,315.34,6.94,D,0
36.86905,37.5377,347.05,0.38,0.59,2025-07-01,1116,N,VIIRS,n,2,315.31,15.34,D,0
36.87425,37.53286,354.95,0.38,0.58,2025-07-01,1116,N,VIIRS,n,2,316.23,6.94,D,0
36.95382,38.907,347.85,0.45,0.63,2025-07-01,1116,N,VIIRS,n,2,314.29,6.74,D,0
36.98111,39.03425,367.0,0.46,0.63,2025-07-01,1116,N,VIIRS,h,2,310.34,9.38,D,0
36.9838,39.03679,351.48,0.46,0.63,2025-07-01,1116,N,VIIRS,n,2,308.94,4.49,D,0
36.99722,39.59456,345.38,0.49,0.65,2025-07-01,1116,N,VIIRS,n,2,312.32,6.98,D,0
36.99753,39.59794,348.28,0.49,0.65,2025-07-01,1116,N,VIIRS,n,2,313.58,9.09,D,0
37.33223,39.69267,337.7,0.5,0.66,2025-07-01,1116,N,VIIRS,n,2,311.85,7.49,D,0
37.33247,39.69851,367.0,0.5,0.66,2025-07-01,1116,N,VIIRS,h,2,314.48,7.49,D,0
37.33721,39.69122,350.93,0.5,0.66,2025-07-01,1116,N,VIIRS,n,2,312.28,23.62,D,0
37.33743,39.69709,367.0,0.5,0.66,2025-07-01,1116,N,VIIRS,h,2,316.3,38.8,D,0
37.51677,39.28496,352.16,0.48,0.64,2025-07-01,1116,N,VIIRS,n,2,317.22,7.24,D,0
37.5179,39.28682,356.32,0.48,0.64,2025-07-01,1116,N,VIIRS,n,2,316.73,12.51,D,0
37.51832,34.5685,342.66,0.53,0.5,2025-07-01,1116,N,VIIRS,n,2,305.88,3.22,D,0
37.5228,39.28454,367.0,0.48,0.64,2025-07-01,1116,N,VIIRS,h,2,318.48,7.24,D,0
37.53168,31.30485,345.46,0.54,0.42,2025-07-01,1116,N,VIIRS,n,2,306.75,9.09,D,0
37.57874,37.30246,367.0,0.37,0.58,2025-07-01,1116,N,VIIRS,h,2,312.77,13.18,D,0
37.58415,37.30177,367.0,0.37,0.58,2025-07-01,1116,N,VIIRS,h,2,316.15,13.18,D,0
38.49158,27.94877,345.58,0.41,0.37,2025-07-01,1116,N,VIIRS,n,2,310.24,5.46,D,0
38.49503,27.94816,350.06,0.41,0.37,2025-07-01,1116,N,VIIRS,n,2,314.63,5.48,D,0
38.49846,27.94742,346.67,0.41,0.37,2025-07-01,1116,N,VIIRS,n,2,312.8,5.48,D,0
38.51062,27.95952,349.35,0.41,0.37,2025-07-01,1116,N,VIIRS,n,2,317.5,12.08,D,0
38.51126,27.96433,350.43,0.41,0.37,2025-07-01,1116,N,VIIRS,n,2,316.58,8.48,D,0
38.65569,27.71777,343.11,0.41,0.37,2025-07-01,1116,N,VIIRS,n,2,307.08,74.19,D,0
38.73508,38.83165,344.39,0.46,0.64,2025-07-01,1116,N,VIIRS,n,2,310.96,3.8,D,0
35.52592,44.34625,311.89,0.59,0.7,2025-07-01,2155,N,VIIRS,n,2,293.75,2.92,N,2
35.52617,44.33931,331.51,0.59,0.7,2025-07-01,2155,N,VIIRS,n,2,294.24,2.92,N,2
35.53273,44.33989,335.28,0.59,0.7,2025-07-01,2155,N,VIIRS,n,2,293.79,4.74,N,2
35.53296,44.33303,320.54,0.59,0.7,2025-07-01,2155,N,VIIRS,n,2,294.81,6.08,N,2
35.62695,44.00813,367.0,0.61,0.71,2025-07-01,2155,N,VIIRS,h,2,297.02,10.89,N,2
35.62717,44.00099,318.34,0.61,0.71,2025-07-01,2155,N,VIIRS,n,2,293.67,10.89,N,2
35.63364,44.00824,307.44,0.61,0.71,2025-07-01,2155,N,VIIRS,n,2,293.24,1.81,N,2
35.65822,43.96291,315.19,0.62,0.71,2025-07-01,2155,N,VIIRS,n,2,292.32,4.85,N,0
35.66172,43.96803,303.49,0.62,0.71,2025-07-01,2155,N,VIIRS,n,2,292.43,4.48,N,2
35.66195,43.96097,351.65,0.62,0.71,2025-07-01,2155,N,VIIRS,n,2,295.17,4.48,N,2
35.66492,43.96349,348.68,0.62,0.71,2025-07-01,2155,N,VIIRS,n,2,295.87,4.85,N,2
35.68064,43.87803,317.11,0.63,0.72,2025-07-01,2155,N,VIIRS,n,2,291.34,3.33,N,2
35.68083,43.87083,314.21,0.63,0.72,2025-07-01,2155,N,VIIRS,n,2,291.75,3.33,N,2
35.68484,43.87613,354.63,0.63,0.72,2025-07-01,2155,N,VIIRS,n,2,297.5,23.77,N,2
35.68508,43.86892,332.43,0.63,0.72,2025-07-01,2155,N,VIIRS,n,2,292.29,22.46,N,2
35.68737,43.87856,350.86,0.63,0.72,2025-07-01,2155,N,VIIRS,n,2,293.78,13.36,N,2
35.68756,43.87141,367.0,0.63,0.72,2025-07-01,2155,N,VIIRS,h,2,295.14,13.36,N,2
35.72309,44.03874,344.44,0.61,0.71,2025-07-01,2155,N,VIIRS,n,2,294.94,4.83,N,2
35.72998,44.03233,322.09,0.61,0.71,2025-07-01,2155,N,VIIRS,n,2,294.4,4.83,N,2
35.7714,43.99296,323.75,0.62,0.71,2025-07-01,2155,N,VIIRS,n,2,294.23,2.49,N,2
35.77375,43.99773,305.32,0.62,0.71,2025-07-01,2155,N,VIIRS,n,2,293.45,1.37,N,2
35.77395,43.99037,313.09,0.62,0.71,2025-07-01,2155,N,VIIRS,n,2,293.73,2.44,N,2
35.81376,43.25258,307.65,0.68,0.74,2025-07-01,2155,N,VIIRS,n,2,293.12,1.33,N,2
35.97834,43.76737,313.71,0.64,0.72,2025-07-01,2155,N,VIIRS,n,2,293.5,2.27,N,2
35.9796,43.76405,310.58,0.64,0.72,2025-07-01,2155,N,VIIRS,n,2,293.96,4.06,N,2
35.99891,43.76032,308.91,0.64,0.72,2025-07-01,2155,N,VIIRS,n,2,291.38,1.94,N,2
36.00014,43.75704,312.38,0.64,0.72,2025-07-01,2155,N,VIIRS,n,2,291.66,1.07,N,2
36.02177,43.67934,302.54,0.64,0.72,2025-07-01,2155,N,VIIRS,n,2,292.23,1.1,N,2
36.12859,43.77791,310.6,0.64,0.72,2025-07-01,2155,N,VIIRS,n,2,293.64,2.75,N,2
36.77346,43.31933,308.64,0.68,0.74,2025-07-01,2155,N,VIIRS,n,2,288.46,3.07,N,2
36.89488,43.42676,302.38,0.68,0.74,2025-07-01,2155,N,VIIRS,n,2,286.78,1.77,N,2
36.90885,43.38596,300.37,0.68,0.74,2025-07-01,2155,N,VIIRS,n,2,286.02,1.18,N,2
36.90899,43.37721,297.31,0.68,0.74,2025-07-01,2155,N,VIIRS,n,2,285.3,1.18,N,0
36.90977,43.37956,300.22,0.68,0.74,2025-07-01,2155,N,VIIRS,n,2,285.83,2.2,N,2
36.93762,42.12873,301.15,0.79,0.78,2025-07-01,2155,N,VIIRS,n,2,288.89,1.21,N,2
36.94498,42.12901,302.11,0.79,0.78,2025-07-01,2155,N,VIIRS,n,2,289.6,1.21,N,2
37.07956,42.55412,299.93,0.75,0.77,2025-07-01,2155,N,VIIRS,n,2,288.99,0.75,N,2
38.87713,37.89378,299.33,0.43,0.38,2025-07-01,2335,N,VIIRS,n,2,286.77,0.73,N,0
38.884,37.89584,297.83,0.43,0.38,2025-07-01,2335,N,VIIRS,n,2,287.46,0.61,N,2
39.72398,36.9395,295.99,0.4,0.37,2025-07-01,2335,N,VIIRS,n,2,282.32,0.53,N,2
40.18541,29.22539,300.75,0.55,0.43,2025-07-01,2335,N,VIIRS,n,2,290.67,0.58,N,2
40.24122,29.9268,301.92,0.52,0.41,2025-07-01,2335,N,VIIRS,n,2,288.76,0.95,N,2
40.24286,29.92665,299.62,0.52,0.41,2025-07-01,2335,N,VIIRS,n,2,288.45,0.76,N,2
40.93498,35.88388,297.63,0.38,0.36,2025-07-01,2335,N,VIIRS,n,2,282.99,0.74,N,2
41.01971,28.55531,318.52,0.4,0.45,2025-07-01,2335,N,VIIRS,n,2,293.43,1.78,N,2
41.02161,28.55751,313.97,0.4,0.45,2025-07-01,2335,N,VIIRS,n,2,293.23,1.34,N,2
41.10656,37.32495,297.76,0.4,0.37,2025-07-01,2335,N,VIIRS,n,2,287.22,0.68,N,2
41.17478,32.63437,317.52,0.42,0.38,2025-07-01,2335,N,VIIRS,n,2,290.59,2.74,N,2
41.17825,32.63515,331.34,0.42,0.38,2025-07-01,2335,N,VIIRS,n,2,292.46,2.74,N,2
41.18516,32.63671,301.65,0.42,0.38,2025-07-01,2335,N,VIIRS,n,2,290.41,0.89,N,2
41.23869,36.44223,324.5,0.39,0.36,2025-07-01,2335,N,VIIRS,n,2,290.69,2.01,N,2
41.24224,36.46244,323.81,0.39,0.36,2025-07-01,2335,N,VIIRS,n,2,291.82,2.42,N,2
41.25572,31.41278,306.55,0.46,0.39,2025-07-01,2335,N,VIIRS,n,2,289.69,0.84,N,2
41.26525,31.42616,320.24,0.46,0.39,2025-07-01,2335,N,VIIRS,n,2,293.11,2.92,N,2
35.52604,44.34451,351.28,0.33,0.55,2025-07-01,2336,N,VIIRS,n,2,296.13,4.15,N,2
35.52692,44.34098,322.95,0.33,0.55,2025-07-01,2336,N,VIIRS,n,2,294.6,2.69,N,2
35.52779,44.33746,323.05,0.33,0.55,2025-07-01,2336,N,VIIRS,n,2,294.42,2.69,N,2
35.53188,44.34277,312.07,0.33,0.55,2025-07-01,2336,N,VIIRS,n,2,293.34,2.69,N,2
35.53276,44.33922,348.22,0.33,0.55,2025-07-01,2336,N,VIIRS,n,2,297.33,2.69,N,2
35.53365,44.33566,327.59,0.33,0.55,2025-07-01,2336,N,VIIRS,n,2,295.64,4.9,N,2
35.56549,44.28425,307.55,0.33,0.55,2025-07-01,2336,N,VIIRS,n,2,294.18,0.38,N,2
35.62442,44.00935,304.75,0.63,0.54,2025-07-01,2336,N,VIIRS,n,2,293.58,10.79,N,2
35.62479,44.01044,309.02,0.63,0.54,2025-07-01,2336,N,VIIRS,n,2,293.49,2.04,N,2
35.62925,44.01125,338.44,0.63,0.54,2025-07-01,2336,N,VIIRS,n,2,301.24,10.79,N,2
35.62962,44.01236,335.66,0.63,0.54,2025-07-01,2336,N,VIIRS,n,2,298.57,13.62,N,2
35.63094,44.00452,322.75,0.63,0.54,2025-07-01,2336,N,VIIRS,n,2,294.9,10.79,N,2
35.63127,44.0056,339.93,0.63,0.54,2025-07-01,2336,N,VIIRS,n,2,296.12,14.82,N,2
35.66236,43.96373,340.94,0.63,0.54,2025-07-01,2336,N,VIIRS,n,2,298.52,11.98,N,2
35.66239,43.96474,348.5,0.63,0.54,2025-07-01,2336,N,VIIRS,n,2,297.61,11.43,N,2
35.67894,44.06727,305.69,0.64,0.54,2025-07-01,2336,N,VIIRS,n,2,295.56,2.56,N,2
35.68254,43.88295,302.69,0.62,0.54,2025-07-01,2336,N,VIIRS,n,2,291.74,16.82,N,2
35.68372,43.87693,351.59,0.62,0.54,2025-07-01,2336,N,VIIRS,n,2,300.22,15.16,N,2
35.68421,43.87623,349.74,0.62,0.54,2025-07-01,2336,N,VIIRS,n,2,299.74,16.82,N,2
35.68536,43.87018,303.49,0.62,0.54,2025-07-01,2336,N,VIIRS,n,2,292.22,15.16,N,2
35.68854,43.87869,307.5,0.62,0.54,2025-07-01,2336,N,VIIRS,n,2,293.52,15.16,N,2
35.68903,43.87798,304.76,0.62,0.54,2025-07-01,2336,N,VIIRS,n,2,293.34,1.62,N,2
35.7233,44.03798,338.81,0.63,0.54,2025-07-01,2336,N,VIIRS,n,2,295.43,4.88,N,2
35.7282,44.03959,308.24,0.63,0.54,2025-07-01,2336,N,VIIRS,n,2,295.07,4.88,N,2
35.72845,44.03927,307.79,0.63,0.54,2025-07-01,2336,N,VIIRS,n,2,294.45,1.96,N,2
35.72987,44.03281,320.47,0.63,0.54,2025-07-01,2336,N,VIIRS,n,2,294.66,3.5,N,2
35.73016,44.03252,321.75,0.63,0.54,2025-07-01,2336,N,VIIRS,n,2,294.36,1.96,N,2
35.77065,43.99555,322.46,0.63,0.54,2025-07-01,2336,N,VIIRS,n,2,294.59,3.11,N,2
35.77124,43.99533,325.58,0.63,0.54,2025-07-01,2336,N,VIIRS,n,2,294.82,4.37,N,2
35.8528,36.0551,305.76,0.41,0.37,2025-07-01,2336,N,VIIRS,n,2,291.21,0.7,N,0
35.95329,43.72959,310.15,0.6,0.53,2025-07-01,2336,N,VIIRS,n,2,295.17,1.56,N,2
35.98006,43.76823,314.84,0.6,0.53,2025-07-01,2336,N,VIIRS,n,2,295.45,2.95,N,2
35.99743,43.76076,304.87,0.6,0.53,2025-07-01,2336,N,VIIRS,n,2,293.98,1.53,N,2
36.01634,43.6831,310.48,0.59,0.53,2025-07-01,2336,N,VIIRS,n,2,293.77,1.16,N,2
36.08168,43.63971,303.42,0.59,0.53,2025-07-01,2336,N,VIIRS,n,2,291.84,0.93,N,0
36.12638,43.78188,305.82,0.6,0.53,2025-07-01,2336,N,VIIRS,n,2,294.67,3.0,N,2
36.14389,40.81731,315.66,0.42,0.45,2025-07-01,2336,N,VIIRS,n,2,294.47,0.95,N,2
36.26245,33.73055,312.96,0.38,0.36,2025-07-01,2336,N,VIIRS,n,2,296.59,1.52,N,2
36.44242,42.93129,305.84,0.53,0.5,2025-07-01,2336,N,VIIRS,n,2,295.41,1.01,N,2
36.45784,41.28098,302.69,0.44,0.46,2025-07-01,2336,N,VIIRS,n,2,292.61,0.64,N,2
36.71852,36.2007,314.57,0.41,0.37,2025-07-01,2336,N,VIIRS,n,2,295.52,1.57,N,2
36.72704,36.21243,305.31,0.41,0.37,2025-07-01,2336,N,VIIRS,n,2,294.23,1.16,N,2
36.73041,36.21334,315.29,0.41,0.37,2025-07-01,2336,N,VIIRS,n,2,296.36,1.16,N,2
36.73119,36.20887,314.49,0.41,0.37,2025-07-01,2336,N,VIIRS,n,2,297.27,1.16,N,2
36.73456,36.20977,328.07,0.41,0.37,2025-07-01,2336,N,VIIRS,n,2,296.21,2.3,N,2
36.73534,36.20528,314.25,0.41,0.37,2025-07-01,2336,N,VIIRS,n,2,295.05,1.39,N,2
36.73769,36.21298,311.08,0.41,0.37,2025-07-01,2336,N,VIIRS,n,2,295.0,1.84,N,2
36.73792,36.21069,313.97,0.41,0.37,2025-07-01,2336,N,VIIRS,n,2,295.86,2.3,N,2
36.7468,36.20135,314.49,0.41,0.37,2025-07-01,2336,N,VIIRS,n,2,294.33,1.41,N,2
36.77318,43.32533,313.86,0.55,0.51,2025-07-01,2336,N,VIIRS,n,2,291.47,2.17,N,2
36.77794,43.32615,330.99,0.55,0.51,2025-07-01,2336,N,VIIRS,n,2,295.19,2.17,N,2
36.79802,37.02148,309.49,0.43,0.38,2025-07-01,2336,N,VIIRS,n,2,295.69,0.66,N,2
36.8422,39.05869,310.65,0.5,0.41,2025-07-01,2336,N,VIIRS,n,2,288.96,1.0,N,0
36.86761,43.52155,301.27,0.56,0.51,2025-07-01,2336,N,VIIRS,n,2,290.78,1.05,N,0
36.86814,43.52238,303.1,0.56,0.51,2025-07-01,2336,N,VIIRS,n,2,291.04,1.06,N,0
36.86908,34.76603,307.64,0.39,0.36,2025-07-01,2336,N,VIIRS,n,2,294.65,0.84,N,2
36.86978,34.76173,306.66,0.39,0.36,2025-07-01,2336,N,VIIRS,n,2,294.85,1.07,N,2
36.87033,43.48909,310.09,0.56,0.51,2025-07-01,2336,N,VIIRS,n,2,292.19,1.63,N,2
36.87108,43.48988,305.04,0.55,0.51,2025-07-01,2336,N,VIIRS,n,2,291.95,2.36,N,2
36.88881,43.43221,302.08,0.55,0.51,2025-07-01,2336,N,VIIRS,n,2,289.62,1.25,N,2
36.88998,43.43295,309.93,0.55,0.51,2025-07-01,2336,N,VIIRS,n,2,289.91,1.72,N,2
36.89152,43.42662,302.97,0.55,0.51,2025-07-01,2336,N,VIIRS,n,2,289.25,1.72,N,2
36.89337,43.4339,317.25,0.55,0.51,2025-07-01,2336,N,VIIRS,n,2,290.62,1.25,N,2
36.9035,43.39106,300.64,0.55,0.51,2025-07-01,2336,N,VIIRS,n,2,289.6,1.25,N,2
36.90499,43.39172,322.49,0.55,0.51,2025-07-01,2336,N,VIIRS,n,2,291.01,3.19,N,2
36.90809,43.39265,316.94,0.55,0.51,2025-07-01,2336,N,VIIRS,n,2,290.26,2.95,N,2
36.91032,38.97513,304.64,0.5,0.41,2025-07-01,2336,N,VIIRS,n,2,289.94,0.75,N,0
36.91143,38.96961,345.65,0.5,0.41,2025-07-01,2336,N,VIIRS,n,2,292.03,7.71,N,0
36.91392,41.89783,308.6,0.46,0.47,2025-07-01,2336,N,VIIRS,n,2,291.65,1.36,N,2
36.91582,41.89595,308.54,0.46,0.47,2025-07-01,2336,N,VIIRS,n,2,292.01,1.29,N,2
36.93306,36.00092,309.79,0.4,0.37,2025-07-01,2336,N,VIIRS,n,2,294.81,1.06,N,2
36.93516,42.13308,317.8,0.47,0.48,2025-07-01,2336,N,VIIRS,n,2,293.36,2.2,N,2
36.94087,42.16905,313.74,0.47,0.48,2025-07-01,2336,N,VIIRS,n,2,291.39,1.66,N,2
36.94489,42.13091,309.36,0.47,0.48,2025-07-01,2336,N,VIIRS,n,2,292.36,1.56,N,2
36.94915,42.13245,313.33,0.47,0.48,2025-07-01,2336,N,VIIRS,n,2,293.49,1.43,N,2
36.95573,38.40096,300.91,0.47,0.4,2025-07-01,2336,N,VIIRS,n,2,290.61,0.5,N,0
36.96498,42.0828,313.7,0.47,0.47,2025-07-01,2336,N,VIIRS,n,2,291.91,1.3,N,2
36.99613,41.56278,305.28,0.44,0.46,2025-07-01,2336,N,VIIRS,n,2,292.0,0.97,N,2
36.99651,41.56498,304.74,0.44,0.46,2025-07-01,2336,N,VIIRS,n,2,291.52,0.97,N,2
37.06924,40.31948,307.68,0.57,0.43,2025-07-01,2336,N,VIIRS,n,2,292.21,1.34,N,0
37.07194,40.40511,332.75,0.38,0.43,2025-07-01,2336,N,VIIRS,n,2,291.19,6.13,N,0
37.07284,40.40086,339.44,0.38,0.43,2025-07-01,2336,N,VIIRS,n,2,292.99,11.04,N,0
37.07864,42.5564,317.07,0.49,0.49,2025-07-01,2336,N,VIIRS,n,2,293.94,2.39,N,2
37.0823,35.01654,316.45,0.39,0.36,2025-07-01,2336,N,VIIRS,n,2,292.6,1.12,N,0
37.08864,40.34604,302.9,0.57,0.43,2025-07-01,2336,N,VIIRS,n,2,289.67,0.36,N,0
37.16454,39.78905,300.74,0.54,0.42,2025-07-01,2336,N,VIIRS,n,2,290.05,0.85,N,0
37.16834,39.79027,307.46,0.54,0.42,2025-07-01,2336,N,VIIRS,n,2,290.63,1.35,N,0
37.17131,39.89308,308.81,0.54,0.42,2025-07-01,2336,N,VIIRS,n,2,290.11,1.1,N,0
37.17512,39.89429,301.79,0.54,0.42,2025-07-01,2336,N,VIIRS,n,2,290.1,1.1,N,0
37.19679,39.90756,338.15,0.54,0.42,2025-07-01,2336,N,VIIRS,n,2,292.33,5.4,N,0
37.2522,30.44139,308.94,0.46,0.39,2025-07-01,2336,N,VIIRS,n,2,292.89,1.23,N,2
37.26283,39.76321,301.59,0.53,0.42,2025-07-01,2336,N,VIIRS,n,2,290.93,0.98,N,0
37.26485,39.75801,305.97,0.53,0.42,2025-07-01,2336,N,VIIRS,n,2,291.04,0.48,N,0
37.26765,39.8221,340.33,0.54,0.42,2025-07-01,2336,N,VIIRS,n,2,296.96,9.83,N,0
37.27145,39.8233,345.68,0.54,0.42,2025-07-01,2336,N,VIIRS,n,2,300.87,13.38,N,0
37.29531,37.15821,317.6,0.42,0.38,2025-07-01,2336,N,VIIRS,n,2,294.5,1.43,N,2
37.33873,40.80399,315.29,0.4,0.44,2025-07-01,2336,N,VIIRS,n,2,295.73,1.69,N,2
37.54062,39.02738,306.33,0.49,0.4,2025-07-01,2336,N,VIIRS,n,2,288.02,0.38,N,0
37.61389,38.87239,301.86,0.48,0.4,2025-07-01,2336,N,VIIRS,n,2,289.23,0.82,N,0
37.86287,29.37085,312.19,0.51,0.41,2025-07-01,2336,N,VIIRS,n,2,292.76,1.84,N,2
37.89832,30.49282,303.82,0.46,0.39,2025-07-01,2336,N,VIIRS,n,2,291.27,1.09,N,2
37.94011,32.53373,306.88,0.4,0.37,2025-07-01,2336,N,VIIRS,n,2,291.28,0.92,N,2
38.16997,27.33439,309.08,0.43,0.46,2025-07-01,2336,N,VIIRS,n,2,293.36,1.45,N,0
38.65794,30.61751,303.22,0.47,0.39,2025-07-01,2336,N,VIIRS,n,2,287.92,1.24,N,2
38.65805,30.61619,305.47,0.47,0.39,2025-07-01,2336,N,VIIRS,n,2,287.84,0.86,N,2
38.7359,26.95043,305.96,0.46,0.47,2025-07-01,2336,N,VIIRS,n,2,293.7,1.0,N,2
38.73638,26.94501,311.93,0.46,0.47,2025-07-01,2336,N,VIIRS,n,2,296.78,2.43,N,2
38.7592,37.28266,320.0,0.41,0.37,2025-07-01,2336,N,VIIRS,n,2,282.82,1.92,N,0
38.8595,35.76511,300.97,0.39,0.36,2025-07-01,2336,N,VIIRS,n,2,284.9,1.09,N,2
39.11436,27.52415,302.61,0.43,0.46,2025-07-01,2336,N,VIIRS,n,2,291.18,0.61,N,2
39.59474,32.42043,304.76,0.42,0.37,2025-07-01,2336,N,VIIRS,n,2,288.54,0.92,N,2
39.83587,30.3025,305.12,0.49,0.4,2025-07-01,2336,N,VIIRS,n,2,287.24,0.91,N,2
39.86352,26.24418,308.43,0.51,0.5,2025-07-01,2336,N,VIIRS,n,2,293.07,1.18,N,2
39.86813,26.24475,302.75,0.51,0.5,2025-07-01,2336,N,VIIRS,n,2,292.53,0.59,N,2
39.89752,28.87378,298.64,0.57,0.43,2025-07-01,2336,N,VIIRS,n,2,285.98,0.2,N,0
39.90152,28.8745,304.32,0.57,0.43,2025-07-01,2336,N,VIIRS,n,2,286.81,0.27,N,0
40.01798,27.00713,303.47,0.47,0.48,2025-07-01,2336,N,VIIRS,n,2,291.41,1.13,N,0
