latitude,longitude,bright_ti4,scan,track,acq_date,acq_time,satellite,instrument,confidence,version,bright_ti5,frp,daynight,type
35.5252,44.34394,353.31,0.57,0.43,2024-06-17,938,N,VIIRS,n,2,328.09,13.52,D,2
35.6633,43.96477,356.56,0.4,0.44,2024-06-17,938,N,VIIRS,n,2,331.53,4.28,D,2
35.7717,43.99678,352.55,0.39,0.44,2024-06-17,938,N,VIIRS,n,2,327.14,2.31,D,2
35.6744,36.2622,367.0,0.5,0.66,2024-06-17,939,N,VIIRS,h,2,321.76,79.81,D,0
35.67458,36.26412,367.0,0.5,0.66,2024-06-17,939,N,VIIRS,h,2,312.34,86.64,D,0
35.67536,36.26557,367.0,0.5,0.66,2024-06-17,939,N,VIIRS,h,2,308.95,79.81,D,0
35.67789,36.25267,354.37,0.5,0.66,2024-06-17,939,N,VIIRS,n,2,303.17,95.8,D,0
35.67965,36.25769,367.0,0.5,0.66,2024-06-17,939,N,VIIRS,h,2,326.56,161.57,D,0
35.67984,36.25966,367.0,0.5,0.66,2024-06-17,939,N,VIIRS,h,2,313.42,86.64,D,0
35.68063,36.26115,355.46,0.5,0.66,2024-06-17,939,N,VIIRS,n,2,306.62,49.49,D,0
35.83461,37.11813,367.0,0.45,0.63,2024-06-17,939,N,VIIRS,h,2,318.36,12.22,D,0
35.84373,38.65057,367.0,0.37,0.58,2024-06-17,939,N,VIIRS,h,2,322.02,11.26,D,0
35.88021,39.10067,357.04,0.35,0.57,2024-06-17,939,N,VIIRS,n,2,316.2,5.7,D,0
35.88039,39.10025,367.0,0.35,0.57,2024-06-17,939,N,VIIRS,h,2,315.81,5.68,D,0
35.88116,39.10447,346.74,0.35,0.57,2024-06-17,939,N,VIIRS,n,2,309.28,7.74,D,0
35.88136,39.10404,341.73,0.35,0.57,2024-06-17,939,N,VIIRS,n,2,308.31,6.36,D,0
35.93007,38.08049,349.33,0.4,0.6,2024-06-17,939,N,VIIRS,n,2,321.08,10.92,D,0
35.99263,37.03954,348.26,0.45,0.63,2024-06-17,939,N,VIIRS,n,2,314.89,5.26,D,0
36.0091,38.02613,354.84,0.4,0.6,2024-06-17,939,N,VIIRS,n,2,321.5,10.22,D,0
36.01318,39.18706,348.48,0.35,0.56,2024-06-17,939,N,VIIRS,n,2,316.31,4.35,D,0
36.01353,39.16635,367.0,0.35,0.56,2024-06-17,939,N,VIIRS,h,2,317.2,5.76,D,0
36.01364,39.16556,367.0,0.35,0.56,2024-06-17,939,N,VIIRS,h,2,317.55,6.12,D,0
36.01447,39.17011,346.15,0.35,0.56,2024-06-17,939,N,VIIRS,n,2,318.88,5.7,D,0
36.0146,39.16931,350.46,0.35,0.56,2024-06-17,939,N,VIIRS,n,2,319.24,6.27,D,0
36.01934,43.68275,367.0,0.4,0.44,2024-06-17,939,N,VIIRS,h,2,329.1,1.89,D,2
36.0606,37.95406,367.0,0.4,0.6,2024-06-17,939,N,VIIRS,h,2,321.72,13.42,D,0
36.09432,38.80472,367.0,0.36,0.57,2024-06-17,939,N,VIIRS,h,2,319.36,8.33,D,0
36.10154,37.57961,354.68,0.42,0.61,2024-06-17,939,N,VIIRS,n,2,317.58,6.29,D,0
36.11589,37.45259,350.57,0.42,0.61,2024-06-17,939,N,VIIRS,n,2,315.52,4.68,D,0
36.11822,37.45047,351.73,0.42,0.61,2024-06-17,939,N,VIIRS,n,2,316.62,4.13,D,0
36.12009,37.36809,350.05,0.43,0.62,2024-06-17,939,N,VIIRS,n,2,311.83,4.47,D,0
36.1525,37.74814,367.0,0.41,0.6,2024-06-17,939,N,VIIRS,h,2,317.58,15.06,D,0
36.15854,43.82092,353.97,0.39,0.44,2024-06-17,939,N,VIIRS,n,2,322.57,3.97,D,0
36.16426,37.63488,349.05,0.41,0.61,2024-06-17,939,N,VIIRS,n,2,317.91,6.98,D,0
36.16913,37.52665,367.0,0.42,0.61,2024-06-17,939,N,VIIRS,h,2,321.01,10.02,D,0
36.17005,38.97092,353.87,0.35,0.57,2024-06-17,939,N,VIIRS,n,2,321.08,6.31,D,0
36.17458,37.5245,348.62,0.42,0.61,2024-06-17,939,N,VIIRS,n,2,316.69,10.02,D,0
36.19224,38.9072,354.0,0.35,0.57,2024-06-17,939,N,VIIRS,n,2,322.75,6.23,D,0
36.25621,38.98345,348.44,0.35,0.57,2024-06-17,939,N,VIIRS,n,2,319.97,4.07,D,0
36.26128,38.98153,349.13,0.35,0.57,2024-06-17,939,N,VIIRS,n,2,317.56,5.41,D,0
36.30931,36.25272,332.07,0.48,0.65,2024-06-17,939,N,VIIRS,n,2,299.83,2.36,D,0
36.39409,39.08757,367.0,0.34,0.56,2024-06-17,939,N,VIIRS,h,2,319.62,9.29,D,0
36.45951,36.36885,333.32,0.47,0.64,2024-06-17,939,N,VIIRS,n,2,302.66,2.48,D,0
36.57154,38.90966,344.71,0.35,0.56,2024-06-17,939,N,VIIRS,n,2,319.47,7.31,D,0
36.57249,38.91344,367.0,0.35,0.56,2024-06-17,939,N,VIIRS,h,2,319.71,7.31,D,0
36.61089,38.89038,355.8,0.35,0.56,2024-06-17,939,N,VIIRS,n,2,317.65,9.65,D,0
36.61098,38.88947,347.6,0.35,0.56,2024-06-17,939,N,VIIRS,n,2,316.99,8.65,D,0
36.61195,38.89325,349.68,0.35,0.56,2024-06-17,939,N,VIIRS,n,2,316.89,6.53,D,0
36.6692,39.05221,356.03,0.34,0.56,2024-06-17,939,N,VIIRS,n,2,321.02,7.03,D,0
36.68729,37.31222,348.2,0.42,0.61,2024-06-17,939,N,VIIRS,n,2,314.71,6.38,D,0
36.70428,43.75925,367.0,0.39,0.44,2024-06-17,939,N,VIIRS,h,2,327.72,8.31,D,0
36.71611,38.66883,367.0,0.35,0.57,2024-06-17,939,N,VIIRS,h,2,321.77,6.66,D,0
36.71708,38.67262,354.01,0.35,0.57,2024-06-17,939,N,VIIRS,n,2,319.69,6.66,D,0
36.72387,39.16031,367.0,0.33,0.55,2024-06-17,939,N,VIIRS,h,2,319.61,6.89,D,0
36.72894,39.02877,355.85,0.34,0.56,2024-06-17,939,N,VIIRS,n,2,318.02,36.88,D,0
36.76759,42.16479,367.0,0.46,0.47,2024-06-17,939,N,VIIRS,h,2,327.31,17.64,D,0
36.76873,42.16989,367.0,0.46,0.47,2024-06-17,939,N,VIIRS,h,2,326.41,14.02,D,0
36.77071,42.15826,367.0,0.46,0.47,2024-06-17,939,N,VIIRS,h,2,326.81,17.64,D,0
36.77637,39.32649,367.0,0.33,0.55,2024-06-17,939,N,VIIRS,h,2,324.84,16.44,D,0
36.7877,38.8627,354.01,0.34,0.56,2024-06-17,939,N,VIIRS,n,2,316.21,13.42,D,0
36.78865,38.86642,367.0,0.34,0.56,2024-06-17,939,N,VIIRS,h,2,315.77,14.78,D,0
36.79876,38.99313,367.0,0.34,0.56,2024-06-17,939,N,VIIRS,h,2,320.48,14.13,D,0
36.81154,39.194,367.0,0.33,0.55,2024-06-17,939,N,VIIRS,h,2,318.25,10.29,D,0
36.84983,38.43216,367.0,0.36,0.57,2024-06-17,939,N,VIIRS,h,2,324.19,14.26,D,0
36.85395,39.46706,348.5,0.32,0.54,2024-06-17,939,N,VIIRS,n,2,320.89,4.47,D,0
36.85798,39.46177,346.42,0.32,0.54,2024-06-17,939,N,VIIRS,n,2,320.36,34.03,D,0
36.85884,39.46528,367.0,0.32,0.54,2024-06-17,939,N,VIIRS,h,2,334.47,34.03,D,0
36.86204,38.50074,367.0,0.36,0.57,2024-06-17,939,N,VIIRS,h,2,321.43,6.41,D,0
36.90659,43.38802,344.24,0.4,0.44,2024-06-17,939,N,VIIRS,n,2,311.05,6.14,D,2
36.92238,39.02161,367.0,0.33,0.56,2024-06-17,939,N,VIIRS,h,2,316.13,5.99,D,0
36.92296,39.04548,350.12,0.33,0.56,2024-06-17,939,N,VIIRS,n,2,316.76,4.5,D,0
36.93196,39.03801,367.0,0.33,0.56,2024-06-17,939,N,VIIRS,h,2,320.39,12.29,D,0
36.94298,38.89978,348.69,0.34,0.56,2024-06-17,939,N,VIIRS,n,2,319.68,6.13,D,0
36.94621,38.89906,346.29,0.34,0.56,2024-06-17,939,N,VIIRS,n,2,316.04,6.35,D,0
36.95023,39.1752,367.0,0.33,0.55,2024-06-17,939,N,VIIRS,h,2,321.26,8.53,D,0
36.95117,39.17894,342.52,0.33,0.55,2024-06-17,939,N,VIIRS,n,2,314.76,8.53,D,0
36.993,38.44714,351.02,0.36,0.57,2024-06-17,939,N,VIIRS,n,2,316.18,5.13,D,0
37.00108,39.06288,338.54,0.33,0.55,2024-06-17,939,N,VIIRS,n,2,311.64,5.57,D,0
37.002,39.06651,367.0,0.33,0.55,2024-06-17,939,N,VIIRS,h,2,316.45,9.62,D,0
37.01778,38.34657,367.0,0.36,0.57,2024-06-17,939,N,VIIRS,h,2,316.19,8.71,D,0
37.09126,41.57635,351.03,0.49,0.48,2024-06-17,939,N,VIIRS,n,2,325.82,26.26,D,0
37.09558,39.80243,346.64,0.6,0.53,2024-06-17,939,N,VIIRS,n,2,319.4,9.5,D,0
37.12926,41.09058,353.38,0.52,0.5,2024-06-17,939,N,VIIRS,n,2,324.86,4.95,D,0
37.18292,39.94908,344.19,0.59,0.53,2024-06-17,939,N,VIIRS,n,2,316.38,10.34,D,0
37.2028,44.04361,341.94,0.55,0.43,2024-06-17,939,N,VIIRS,n,2,308.48,4.45,D,0
37.28818,36.37673,354.31,0.45,0.63,2024-06-17,939,N,VIIRS,n,2,300.89,8.25,D,0
37.28835,36.37463,352.87,0.45,0.63,2024-06-17,939,N,VIIRS,n,2,301.4,9.92,D,0
37.46332,37.64131,367.0,0.38,0.59,2024-06-17,939,N,VIIRS,h,2,317.03,8.68,D,0
37.46444,37.64554,367.0,0.38,0.59,2024-06-17,939,N,VIIRS,h,2,319.08,12.87,D,0
37.46866,37.63955,367.0,0.38,0.59,2024-06-17,939,N,VIIRS,h,2,316.46,8.68,D,0
37.46979,37.64385,367.0,0.38,0.59,2024-06-17,939,N,VIIRS,h,2,320.53,12.87,D,0
35.67133,36.25634,351.77,0.38,0.59,2024-06-17,1119,N,VIIRS,n,2,309.03,11.17,D,0
35.67154,36.26699,367.0,0.38,0.59,2024-06-17,1119,N,VIIRS,h,2,314.52,32.66,D,0
35.67184,36.26563,367.0,0.38,0.59,2024-06-17,1119,N,VIIRS,h,2,314.53,11.17,D,0
35.67671,36.25455,342.86,0.38,0.59,2024-06-17,1119,N,VIIRS,n,2,307.53,11.17,D,0
35.67686,36.26451,345.92,0.38,0.59,2024-06-17,1119,N,VIIRS,n,2,311.77,10.46,D,0
35.67719,36.26314,345.49,0.38,0.59,2024-06-17,1119,N,VIIRS,n,2,311.03,11.17,D,0
36.09415,37.73912,346.05,0.46,0.64,2024-06-17,1119,N,VIIRS,n,2,320.21,8.67,D,0
36.11316,37.50893,337.8,0.45,0.63,2024-06-17,1119,N,VIIRS,n,2,310.71,10.26,D,0
36.1134,37.51403,367.0,0.45,0.63,2024-06-17,1119,N,VIIRS,h,2,312.52,10.26,D,0
36.15781,37.49645,352.48,0.45,0.63,2024-06-17,1119,N,VIIRS,n,2,311.42,7.19,D,0
36.15958,37.49506,342.57,0.45,0.63,2024-06-17,1119,N,VIIRS,n,2,311.67,3.59,D,0
36.15984,37.50017,340.63,0.45,0.63,2024-06-17,1119,N,VIIRS,n,2,311.41,3.59,D,0
36.26564,36.51822,344.23,0.39,0.6,2024-06-17,1119,N,VIIRS,n,2,305.9,5.04,D,0
36.26589,36.52271,341.11,0.39,0.6,2024-06-17,1119,N,VIIRS,n,2,305.54,4.41,D,0
36.27378,36.4636,353.0,0.39,0.59,2024-06-17,1119,N,VIIRS,n,2,306.26,4.05,D,0
36.51535,38.58799,367.0,0.52,0.67,2024-06-17,1119,N,VIIRS,h,2,326.51,27.37,D,0
36.55676,41.78905,351.62,0.77,0.78,2024-06-17,1119,N,VIIRS,n,2,316.91,11.96,D,0
36.51332,38.586,367.0,0.52,0.67,2024-06-17,1120,N,VIIRS,h,2,328.47,29.21,D,0
36.57188,37.04665,367.0,0.42,0.61,2024-06-17,1120,N,VIIRS,h,2,314.12,7.23,D,0
36.57215,37.04228,342.18,0.42,0.61,2024-06-17,1120,N,VIIRS,n,2,312.51,4.74,D,0
36.57239,37.04723,353.91,0.43,0.62,2024-06-17,1120,N,VIIRS,n,2,312.05,4.74,D,0
36.62317,37.95479,367.0,0.48,0.64,2024-06-17,1120,N,VIIRS,h,2,324.08,31.6,D,0
36.62407,37.95084,356.15,0.48,0.64,2024-06-17,1120,N,VIIRS,n,2,318.75,21.49,D,0
36.6243,37.95642,367.0,0.48,0.65,2024-06-17,1120,N,VIIRS,h,2,322.46,32.85,D,0
36.68288,37.71455,342.96,0.46,0.64,2024-06-17,1120,N,VIIRS,n,2,312.82,5.83,D,0
36.68309,37.71996,351.26,0.46,0.64,2024-06-17,1120,N,VIIRS,n,2,314.29,5.83,D,0
36.68608,37.71725,350.59,0.46,0.64,2024-06-17,1120,N,VIIRS,n,2,312.2,6.26,D,0
36.7838,41.68058,349.52,0.77,0.77,2024-06-17,1120,N,VIIRS,n,2,318.06,17.29,D,0
36.78989,41.6801,353.0,0.76,0.77,2024-06-17,1120,N,VIIRS,n,2,315.1,11.82,D,0
36.79783,38.99388,348.44,0.55,0.68,2024-06-17,1120,N,VIIRS,n,2,317.15,8.38,D,0
36.85926,38.50185,347.59,0.51,0.66,2024-06-17,1120,N,VIIRS,n,2,320.51,13.47,D,0
36.86526,38.49556,367.0,0.51,0.66,2024-06-17,1120,N,VIIRS,h,2,321.71,15.84,D,0
36.86796,39.16954,346.08,0.56,0.69,2024-06-17,1120,N,VIIRS,n,2,314.36,7.8,D,0
36.86821,39.16963,345.36,0.56,0.69,2024-06-17,1120,N,VIIRS,n,2,314.34,8.25,D,0
36.90155,39.0019,352.98,0.55,0.68,2024-06-17,1120,N,VIIRS,n,2,312.2,15.96,D,0
36.90175,39.00827,367.0,0.55,0.68,2024-06-17,1120,N,VIIRS,h,2,318.69,28.32,D,0
36.93513,30.64645,343.4,0.39,0.44,2024-06-17,1120,N,VIIRS,n,2,308.17,5.41,D,2
36.93557,30.65076,337.67,0.39,0.44,2024-06-17,1120,N,VIIRS,n,2,308.75,4.17,D,2
36.93619,39.03719,340.51,0.55,0.68,2024-06-17,1120,N,VIIRS,n,2,311.48,4.06,D,0
36.95046,39.53148,348.23,0.59,0.7,2024-06-17,1120,N,VIIRS,n,2,316.73,13.87,D,0
36.97668,40.2569,367.0,0.64,0.72,2024-06-17,1120,N,VIIRS,h,2,317.03,84.95,D,0
36.97812,40.25654,367.0,0.64,0.72,2024-06-17,1120,N,VIIRS,h,2,316.39,58.14,D,0
37.00737,40.03277,344.94,0.62,0.72,2024-06-17,1120,N,VIIRS,n,2,316.68,11.71,D,0
37.05424,39.76426,349.96,0.6,0.71,2024-06-17,1120,N,VIIRS,n,2,314.42,10.19,D,0
37.0833,41.57103,355.61,0.76,0.77,2024-06-17,1120,N,VIIRS,n,2,317.25,28.51,D,0
37.08385,41.70562,349.04,0.77,0.77,2024-06-17,1120,N,VIIRS,n,2,315.73,16.86,D,0
37.08411,41.70497,353.3,0.77,0.77,2024-06-17,1120,N,VIIRS,n,2,316.53,16.72,D,0
37.08939,41.55415,339.26,0.76,0.77,2024-06-17,1120,N,VIIRS,n,2,312.05,13.36,D,0
37.0895,41.56294,367.0,0.76,0.77,2024-06-17,1120,N,VIIRS,h,2,314.77,24.26,D,0
37.0896,41.57171,367.0,0.76,0.77,2024-06-17,1120,N,VIIRS,h,2,311.54,24.26,D,0
37.08971,41.58044,367.0,0.76,0.77,2024-06-17,1120,N,VIIRS,h,2,314.77,34.43,D,0
37.09061,41.57973,367.0,0.76,0.77,2024-06-17,1120,N,VIIRS,h,2,313.17,28.51,D,0
37.09113,41.70526,367.0,0.77,0.77,2024-06-17,1120,N,VIIRS,h,2,315.36,16.86,D,0
37.09139,41.70457,367.0,0.77,0.77,2024-06-17,1120,N,VIIRS,h,2,314.74,16.72,D,0
37.16233,39.81372,344.89,0.61,0.71,2024-06-17,1120,N,VIIRS,n,2,319.27,42.16,D,0
37.16248,39.82073,367.0,0.61,0.71,2024-06-17,1120,N,VIIRS,h,2,315.55,49.16,D,0
37.16536,39.8143,348.67,0.61,0.71,2024-06-17,1120,N,VIIRS,n,2,319.36,31.73,D,0
37.16555,39.8213,357.11,0.61,0.71,2024-06-17,1120,N,VIIRS,n,2,312.5,31.73,D,0
37.18893,40.52454,346.41,0.67,0.73,2024-06-17,1120,N,VIIRS,n,2,313.22,8.37,D,0
37.18905,40.52468,344.42,0.67,0.73,2024-06-17,1120,N,VIIRS,n,2,312.88,14.41,D,0
37.19506,41.88585,348.99,0.79,0.78,2024-06-17,1120,N,VIIRS,n,2,318.04,57.42,D,0
37.1951,41.89516,367.0,0.79,0.78,2024-06-17,1120,N,VIIRS,h,2,319.83,57.42,D,0
37.19517,41.88445,356.14,0.79,0.78,2024-06-17,1120,N,VIIRS,n,2,317.35,55.93,D,0
37.19525,41.8938,367.0,0.79,0.78,2024-06-17,1120,N,VIIRS,h,2,322.35,106.02,D,0
37.20322,40.55537,367.0,0.67,0.74,2024-06-17,1120,N,VIIRS,h,2,316.92,23.87,D,0
37.20351,40.55553,367.0,0.67,0.73,2024-06-17,1120,N,VIIRS,h,2,317.01,15.78,D,0
37.21013,40.55509,356.17,0.67,0.74,2024-06-17,1120,N,VIIRS,n,2,319.53,23.87,D,0
37.21026,40.56296,367.0,0.67,0.74,2024-06-17,1120,N,VIIRS,h,2,311.96,23.87,D,0
37.21041,40.5553,355.13,0.67,0.73,2024-06-17,1120,N,VIIRS,n,2,319.88,42.8,D,0
37.21058,40.56315,367.0,0.67,0.74,2024-06-17,1120,N,VIIRS,h,2,311.84,39.77,D,0
37.21703,40.55478,336.31,0.67,0.74,2024-06-17,1120,N,VIIRS,n,2,310.78,3.87,D,0
37.21716,40.56265,338.58,0.67,0.74,2024-06-17,1120,N,VIIRS,n,2,307.82,3.87,D,0
37.32634,38.23164,367.0,0.5,0.66,2024-06-17,1120,N,VIIRS,h,2,320.14,18.37,D,0
37.32654,38.2374,353.1,0.5,0.66,2024-06-17,1120,N,VIIRS,n,2,319.33,21.46,D,0
37.32698,38.23347,367.0,0.5,0.66,2024-06-17,1120,N,VIIRS,h,2,325.13,34.6,D,0
37.3325,38.23142,354.65,0.5,0.66,2024-06-17,1120,N,VIIRS,n,2,317.91,18.37,D,0
37.3327,38.23719,367.0,0.5,0.66,2024-06-17,1120,N,VIIRS,h,2,317.28,21.46,D,0
37.33314,38.2333,367.0,0.5,0.66,2024-06-17,1120,N,VIIRS,h,2,318.01,23.51,D,0
37.42752,37.70515,353.49,0.47,0.64,2024-06-17,1120,N,VIIRS,n,2,317.57,8.66,D,0
37.42938,37.70664,367.0,0.47,0.64,2024-06-17,1120,N,VIIRS,h,2,317.73,10.99,D,0
37.46262,37.63813,348.53,0.47,0.64,2024-06-17,1120,N,VIIRS,n,2,320.56,10.32,D,0
37.80004,38.30212,341.09,0.51,0.66,2024-06-17,1120,N,VIIRS,n,2,311.21,3.71,D,0
38.02089,40.19756,348.66,0.65,0.73,2024-06-17,1120,N,VIIRS,n,2,311.45,7.52,D,0
38.02209,40.19731,348.68,0.65,0.73,2024-06-17,1120,N,VIIRS,n,2,310.93,4.77,D,0
38.40403,27.45621,339.87,0.44,0.38,2024-06-17,1120,N,VIIRS,n,2,311.02,4.58,D,0
41.25571,31.41354,338.83,0.47,0.48,2024-06-17,1121,N,VIIRS,n,2,308.91,5.39,D,2
35.50983,44.3725,312.06,0.48,0.65,2024-06-17,2159,N,VIIRS,n,2,296.72,2.9,N,2
35.51029,44.37481,307.66,0.48,0.65,2024-06-17,2159,N,VIIRS,n,2,296.58,3.27,N,2
35.52391,44.34227,339.03,0.49,0.65,2024-06-17,2159,N,VIIRS,n,2,295.89,4.95,N,2
35.52416,44.33664,306.64,0.49,0.65,2024-06-17,2159,N,VIIRS,n,2,295.5,7.46,N,2
35.52998,44.34286,316.43,0.49,0.65,2024-06-17,2159,N,VIIRS,n,2,294.11,4.95,N,2
35.53023,44.33722,367.0,0.49,0.65,2024-06-17,2159,N,VIIRS,h,2,301.66,7.46,N,2
35.53048,44.33161,309.38,0.49,0.65,2024-06-17,2159,N,VIIRS,n,2,297.04,7.46,N,2
35.53629,44.33789,313.34,0.49,0.65,2024-06-17,2159,N,VIIRS,n,2,294.07,2.08,N,2
35.53654,44.33232,313.77,0.49,0.65,2024-06-17,2159,N,VIIRS,n,2,295.02,2.08,N,2
35.5546,43.24413,313.85,0.56,0.69,2024-06-17,2159,N,VIIRS,n,2,291.78,2.13,N,0
35.55484,43.24566,303.94,0.56,0.69,2024-06-17,2159,N,VIIRS,n,2,291.6,1.14,N,0
35.55507,43.23923,304.51,0.56,0.69,2024-06-17,2159,N,VIIRS,n,2,291.92,2.02,N,0
35.62518,44.00766,310.09,0.51,0.66,2024-06-17,2159,N,VIIRS,n,2,294.07,3.94,N,2
35.63025,44.00836,346.1,0.51,0.66,2024-06-17,2159,N,VIIRS,n,2,296.27,4.22,N,2
35.63049,44.0025,314.4,0.51,0.66,2024-06-17,2159,N,VIIRS,n,2,294.55,4.22,N,2
35.63137,44.00788,349.57,0.51,0.66,2024-06-17,2159,N,VIIRS,n,2,297.01,3.94,N,2
35.66311,43.96475,346.2,0.51,0.66,2024-06-17,2159,N,VIIRS,n,2,297.56,5.95,N,2
35.66335,43.95895,322.63,0.51,0.66,2024-06-17,2159,N,VIIRS,n,2,295.38,5.95,N,2
35.67747,44.06386,307.76,0.5,0.66,2024-06-17,2159,N,VIIRS,n,2,295.39,2.14,N,2
35.68546,43.87809,350.54,0.52,0.67,2024-06-17,2159,N,VIIRS,n,2,295.0,20.96,N,2
35.6857,43.87226,367.0,0.52,0.67,2024-06-17,2159,N,VIIRS,h,2,299.46,38.45,N,2
35.7219,44.0396,317.5,0.51,0.66,2024-06-17,2159,N,VIIRS,n,2,297.02,4.32,N,2
35.72655,44.03928,367.0,0.51,0.66,2024-06-17,2159,N,VIIRS,h,2,299.09,10.61,N,2
35.72679,44.03337,314.48,0.51,0.66,2024-06-17,2159,N,VIIRS,n,2,296.57,5.3,N,2
35.72703,44.02745,308.6,0.51,0.66,2024-06-17,2159,N,VIIRS,n,2,295.67,5.3,N,2
35.72807,44.0404,340.09,0.51,0.66,2024-06-17,2159,N,VIIRS,n,2,297.08,4.75,N,2
35.72833,44.03453,313.84,0.51,0.66,2024-06-17,2159,N,VIIRS,n,2,296.33,4.75,N,2
35.72861,44.02857,318.84,0.51,0.66,2024-06-17,2159,N,VIIRS,n,2,295.94,4.76,N,2
35.77174,43.99694,307.86,0.51,0.66,2024-06-17,2159,N,VIIRS,n,2,296.42,3.33,N,2
35.77199,43.99096,315.16,0.51,0.66,2024-06-17,2159,N,VIIRS,n,2,296.1,3.87,N,2
35.83435,43.21811,314.35,0.56,0.69,2024-06-17,2159,N,VIIRS,n,2,296.18,3.17,N,0
35.83485,43.21782,311.25,0.56,0.69,2024-06-17,2159,N,VIIRS,n,2,296.23,3.07,N,0
35.92226,43.78859,315.21,0.52,0.67,2024-06-17,2159,N,VIIRS,n,2,294.99,3.98,N,2
35.92534,43.78759,319.8,0.52,0.67,2024-06-17,2159,N,VIIRS,n,2,295.4,4.72,N,2
35.95023,43.72295,307.74,0.53,0.67,2024-06-17,2159,N,VIIRS,n,2,294.12,2.85,N,2
35.95271,43.7282,311.24,0.53,0.67,2024-06-17,2159,N,VIIRS,n,2,295.08,3.51,N,2
35.98277,43.76636,309.87,0.53,0.67,2024-06-17,2159,N,VIIRS,n,2,296.12,4.34,N,2
36.01762,43.68262,312.8,0.53,0.67,2024-06-17,2159,N,VIIRS,n,2,294.11,1.33,N,2
36.01787,43.67637,304.86,0.53,0.67,2024-06-17,2159,N,VIIRS,n,2,292.89,1.33,N,2
36.02069,43.67957,317.69,0.53,0.67,2024-06-17,2159,N,VIIRS,n,2,294.62,2.07,N,2
36.08545,43.63974,301.44,0.54,0.68,2024-06-17,2159,N,VIIRS,n,2,291.17,0.52,N,0
36.09856,43.62821,303.74,0.54,0.68,2024-06-17,2159,N,VIIRS,n,2,290.53,0.44,N,0
36.12428,43.77813,306.44,0.53,0.67,2024-06-17,2159,N,VIIRS,n,2,291.14,0.98,N,2
36.12717,43.77723,310.23,0.53,0.67,2024-06-17,2159,N,VIIRS,n,2,293.87,1.14,N,2
36.14151,40.81183,316.79,0.77,0.77,2024-06-17,2159,N,VIIRS,n,2,292.67,1.44,N,2
36.1426,40.8132,311.51,0.77,0.77,2024-06-17,2159,N,VIIRS,n,2,292.04,2.29,N,2
36.26333,43.76311,300.58,0.53,0.67,2024-06-17,2159,N,VIIRS,n,2,290.02,0.63,N,0
36.77704,43.32244,332.62,0.56,0.69,2024-06-17,2159,N,VIIRS,n,2,295.68,5.63,N,2
36.77711,43.32468,334.57,0.56,0.69,2024-06-17,2159,N,VIIRS,n,2,296.03,5.82,N,2
36.88969,43.429,303.57,0.56,0.69,2024-06-17,2159,N,VIIRS,n,2,292.49,1.66,N,2
36.88993,43.42231,314.32,0.56,0.69,2024-06-17,2159,N,VIIRS,n,2,291.88,3.02,N,2
36.89075,43.42565,320.42,0.56,0.69,2024-06-17,2159,N,VIIRS,n,2,293.64,2.31,N,2
36.90416,43.38537,316.09,0.56,0.69,2024-06-17,2159,N,VIIRS,n,2,291.56,3.14,N,2
36.90478,43.38859,302.57,0.56,0.69,2024-06-17,2159,N,VIIRS,n,2,291.15,2.33,N,2
36.90498,43.38185,320.3,0.56,0.69,2024-06-17,2159,N,VIIRS,n,2,291.77,4.21,N,2
36.91372,41.89381,305.95,0.68,0.74,2024-06-17,2159,N,VIIRS,n,2,288.57,0.58,N,2
36.91456,41.89178,307.54,0.68,0.74,2024-06-17,2159,N,VIIRS,n,2,288.53,0.98,N,2
36.928,41.1958,302.64,0.74,0.76,2024-06-17,2159,N,VIIRS,n,2,291.68,1.16,N,0
36.93059,41.1974,303.14,0.74,0.76,2024-06-17,2159,N,VIIRS,n,2,291.24,0.92,N,0
36.93649,42.12935,314.4,0.66,0.73,2024-06-17,2159,N,VIIRS,n,2,296.46,2.88,N,2
36.93692,42.1316,306.71,0.66,0.73,2024-06-17,2159,N,VIIRS,n,2,295.75,1.81,N,2
36.94236,42.16719,321.41,0.65,0.73,2024-06-17,2159,N,VIIRS,n,2,294.08,3.2,N,2
36.94299,42.16944,325.07,0.65,0.73,2024-06-17,2159,N,VIIRS,n,2,293.79,3.06,N,2
36.94334,42.12972,315.96,0.66,0.73,2024-06-17,2159,N,VIIRS,n,2,294.99,2.88,N,2
36.94377,42.13196,314.2,0.66,0.73,2024-06-17,2159,N,VIIRS,n,2,294.2,2.27,N,2
36.94393,42.1243,311.89,0.66,0.73,2024-06-17,2159,N,VIIRS,n,2,295.06,3.18,N,0
36.95063,42.13222,312.67,0.66,0.73,2024-06-17,2159,N,VIIRS,n,2,294.42,2.27,N,0
36.95079,42.12455,311.97,0.66,0.73,2024-06-17,2159,N,VIIRS,n,2,294.15,3.18,N,0
36.96551,42.07792,309.37,0.66,0.73,2024-06-17,2159,N,VIIRS,n,2,291.71,1.21,N,2
37.07808,41.54797,308.25,0.71,0.75,2024-06-17,2159,N,VIIRS,n,2,292.42,1.67,N,0
37.08486,41.56505,321.91,0.71,0.75,2024-06-17,2159,N,VIIRS,n,2,292.31,2.44,N,0
37.08528,41.53976,332.68,0.71,0.75,2024-06-17,2159,N,VIIRS,n,2,291.93,3.88,N,0
37.09807,41.61609,318.39,0.7,0.75,2024-06-17,2159,N,VIIRS,n,2,294.65,2.82,N,0
37.09822,41.6077,305.01,0.7,0.75,2024-06-17,2159,N,VIIRS,n,2,292.32,3.1,N,0
37.10267,41.62229,312.96,0.7,0.75,2024-06-17,2159,N,VIIRS,n,2,292.99,2.24,N,0
37.10511,41.61631,303.7,0.7,0.75,2024-06-17,2159,N,VIIRS,n,2,292.59,2.82,N,0
37.20009,44.05044,305.3,0.52,0.67,2024-06-17,2159,N,VIIRS,n,2,290.31,0.87,N,0
37.67422,41.54315,303.11,0.71,0.75,2024-06-17,2159,N,VIIRS,n,2,291.28,1.11,N,0
37.95353,41.34581,313.09,0.73,0.76,2024-06-17,2159,N,VIIRS,n,2,288.49,2.88,N,0
37.95637,41.35178,298.43,0.73,0.76,2024-06-17,2159,N,VIIRS,n,2,287.34,1.16,N,0
37.95645,41.34236,307.33,0.73,0.76,2024-06-17,2159,N,VIIRS,n,2,288.38,1.16,N,0
37.69363,40.3073,311.89,0.44,0.46,2024-06-17,2339,N,VIIRS,n,2,290.89,1.37,N,0
37.87736,40.22108,326.14,0.43,0.46,2024-06-17,2339,N,VIIRS,n,2,288.99,2.05,N,0
37.88145,40.2226,325.42,0.43,0.46,2024-06-17,2339,N,VIIRS,n,2,289.55,2.05,N,0
39.48624,30.03951,306.37,0.44,0.38,2024-06-17,2339,N,VIIRS,n,2,287.83,0.92,N,2
39.57715,29.86397,295.75,0.45,0.39,2024-06-17,2339,N,VIIRS,n,2,284.17,0.52,N,0
39.5955,32.42169,305.24,0.39,0.36,2024-06-17,2339,N,VIIRS,n,2,290.69,0.57,N,2
39.83754,30.30299,305.6,0.43,0.38,2024-06-17,2339,N,VIIRS,n,2,287.69,1.58,N,2
39.94534,33.18998,304.28,0.38,0.36,2024-06-17,2339,N,VIIRS,n,2,291.56,1.06,N,2
39.95943,33.14249,304.27,0.39,0.36,2024-06-17,2339,N,VIIRS,n,2,290.42,0.64,N,2
40.05028,32.65178,307.05,0.39,0.36,2024-06-17,2339,N,VIIRS,n,2,291.51,0.84,N,2
40.26097,30.04214,305.49,0.45,0.39,2024-06-17,2339,N,VIIRS,n,2,290.46,0.98,N,2
40.57541,43.00784,295.73,0.51,0.5,2024-06-17,2339,N,VIIRS,n,2,284.72,0.64,N,0
40.75806,31.78462,302.45,0.4,0.37,2024-06-17,2339,N,VIIRS,n,2,287.37,0.73,N,2
40.75847,29.75991,308.13,0.46,0.39,2024-06-17,2339,N,VIIRS,n,2,294.05,1.34,N,2
40.75851,29.35866,303.77,0.48,0.4,2024-06-17,2339,N,VIIRS,n,2,292.75,1.46,N,2
40.76056,29.36008,302.7,0.48,0.4,2024-06-17,2339,N,VIIRS,n,2,292.6,1.13,N,2
40.78118,29.60077,313.39,0.47,0.4,2024-06-17,2339,N,VIIRS,n,2,294.93,1.89,N,2
40.94613,31.39807,304.69,0.41,0.37,2024-06-17,2339,N,VIIRS,n,2,288.34,0.56,N,2
41.01873,28.55597,307.46,0.52,0.41,2024-06-17,2339,N,VIIRS,n,2,291.75,1.16,N,2
41.02255,28.55667,313.87,0.52,0.41,2024-06-17,2339,N,VIIRS,n,2,293.44,1.52,N,2
41.10747,37.32071,303.26,0.43,0.38,2024-06-17,2339,N,VIIRS,n,2,290.02,1.13,N,2
41.1753,32.63267,318.32,0.39,0.36,2024-06-17,2339,N,VIIRS,n,2,292.34,1.84,N,2
41.17863,32.6335,306.16,0.39,0.36,2024-06-17,2339,N,VIIRS,n,2,292.56,1.22,N,2
41.1853,32.63515,301.25,0.39,0.36,2024-06-17,2339,N,VIIRS,n,2,290.31,1.06,N,2
41.24334,36.46238,330.09,0.41,0.37,2024-06-17,2339,N,VIIRS,n,2,292.99,2.87,N,2
41.25364,31.41263,304.56,0.42,0.37,2024-06-17,2339,N,VIIRS,n,2,289.82,0.75,N,2
41.25707,31.41343,299.85,0.42,0.37,2024-06-17,2339,N,VIIRS,n,2,289.12,0.3,N,2
41.26604,31.42577,309.94,0.42,0.37,2024-06-17,2339,N,VIIRS,n,2,293.24,1.31,N,2
41.2667,31.42081,311.64,0.42,0.37,2024-06-17,2339,N,VIIRS,n,2,291.83,1.31,N,3
41.63201,27.68521,304.84,0.38,0.43,2024-06-17,2339,N,VIIRS,n,2,290.9,0.9,N,2
35.50803,44.37469,319.58,0.4,0.6,2024-06-17,2340,N,VIIRS,n,2,296.7,2.32,N,2
35.51342,44.37665,315.55,0.4,0.6,2024-06-17,2340,N,VIIRS,n,2,297.29,2.32,N,2
35.52247,44.34269,319.02,0.4,0.6,2024-06-17,2340,N,VIIRS,n,2,295.41,3.14,N,2
35.52783,44.34468,347.1,0.4,0.6,2024-06-17,2340,N,VIIRS,n,2,296.68,5.68,N,2
35.52895,44.34046,367.0,0.4,0.6,2024-06-17,2340,N,VIIRS,h,2,298.37,5.68,N,2
35.53008,44.33621,343.96,0.4,0.6,2024-06-17,2340,N,VIIRS,n,2,298.06,7.97,N,2
35.53431,44.34246,315.05,0.4,0.6,2024-06-17,2340,N,VIIRS,n,2,295.25,5.68,N,2
35.53546,44.33817,328.48,0.4,0.6,2024-06-17,2340,N,VIIRS,n,2,296.25,7.97,N,2
35.55293,43.24535,306.51,0.35,0.57,2024-06-17,2340,N,VIIRS,n,2,291.84,0.53,N,0
35.56202,43.25002,308.76,0.35,0.57,2024-06-17,2340,N,VIIRS,n,2,292.41,0.84,N,0
35.56303,43.24921,309.09,0.35,0.57,2024-06-17,2340,N,VIIRS,n,2,292.9,0.86,N,0
35.62881,44.00625,305.25,0.38,0.59,2024-06-17,2340,N,VIIRS,n,2,290.18,0.56,N,2
35.66134,36.25554,307.98,0.47,0.39,2024-06-17,2340,N,VIIRS,n,2,292.99,1.05,N,0
35.66241,36.24986,309.46,0.47,0.39,2024-06-17,2340,N,VIIRS,n,2,292.9,1.05,N,0
35.66288,36.42382,308.24,0.47,0.4,2024-06-17,2340,N,VIIRS,n,2,293.16,1.3,N,0
35.66602,36.25066,315.38,0.47,0.39,2024-06-17,2340,N,VIIRS,n,2,294.54,2.55,N,0
35.66646,36.42496,308.2,0.47,0.4,2024-06-17,2340,N,VIIRS,n,2,293.47,1.15,N,0
35.67321,36.25244,312.59,0.47,0.39,2024-06-17,2340,N,VIIRS,n,2,294.72,1.35,N,0
35.67419,36.2484,313.5,0.47,0.39,2024-06-17,2340,N,VIIRS,n,2,294.47,2.66,N,0
35.67673,44.06617,310.84,0.38,0.59,2024-06-17,2340,N,VIIRS,n,2,295.04,2.4,N,2
35.68474,43.87975,311.18,0.37,0.58,2024-06-17,2340,N,VIIRS,n,2,270.75,6.69,N,2
35.6858,43.87567,367.0,0.37,0.58,2024-06-17,2340,N,VIIRS,h,2,296.43,22.14,N,2
35.71838,43.77166,314.97,0.37,0.58,2024-06-17,2340,N,VIIRS,n,2,301.19,3.16,N,2
35.72503,44.04053,367.0,0.38,0.59,2024-06-17,2340,N,VIIRS,h,2,301.71,13.09,N,2
35.72717,44.03237,328.57,0.38,0.59,2024-06-17,2340,N,VIIRS,n,2,297.69,5.04,N,2
35.77146,43.99495,336.57,0.38,0.59,2024-06-17,2340,N,VIIRS,n,2,298.74,5.75,N,2
35.83175,43.21949,309.39,0.34,0.56,2024-06-17,2340,N,VIIRS,n,2,296.84,1.13,N,0
35.83677,43.22134,317.46,0.34,0.56,2024-06-17,2340,N,VIIRS,n,2,297.03,1.13,N,0
35.90032,36.85515,301.32,0.49,0.4,2024-06-17,2340,N,VIIRS,n,2,288.68,0.36,N,0
35.92533,43.7882,321.41,0.36,0.58,2024-06-17,2340,N,VIIRS,n,2,296.9,2.79,N,2
35.95165,43.72985,309.85,0.36,0.57,2024-06-17,2340,N,VIIRS,n,2,296.37,1.53,N,2
35.95264,43.72602,315.71,0.36,0.57,2024-06-17,2340,N,VIIRS,n,2,296.11,1.53,N,2
35.96466,43.70112,302.64,0.36,0.57,2024-06-17,2340,N,VIIRS,n,2,292.38,0.64,N,0
35.96525,43.7648,312.33,0.36,0.58,2024-06-17,2340,N,VIIRS,n,2,297.78,4.25,N,2
35.96794,43.76858,310.19,0.36,0.58,2024-06-17,2340,N,VIIRS,n,2,298.27,2.13,N,2
35.96899,43.76456,317.82,0.36,0.58,2024-06-17,2340,N,VIIRS,n,2,299.26,2.13,N,2
35.97028,43.76717,308.28,0.36,0.58,2024-06-17,2340,N,VIIRS,n,2,297.85,2.0,N,2
35.97194,43.77488,309.39,0.36,0.58,2024-06-17,2340,N,VIIRS,n,2,297.08,2.56,N,2
35.97298,43.7709,313.67,0.36,0.58,2024-06-17,2340,N,VIIRS,n,2,297.9,2.13,N,2
35.97431,43.77348,316.79,0.36,0.58,2024-06-17,2340,N,VIIRS,n,2,298.05,2.0,N,2
35.97908,43.76917,309.86,0.36,0.58,2024-06-17,2340,N,VIIRS,n,2,296.34,1.9,N,2
35.98141,43.76777,310.68,0.36,0.58,2024-06-17,2340,N,VIIRS,n,2,297.88,2.06,N,2
35.99846,43.75986,319.35,0.36,0.57,2024-06-17,2340,N,VIIRS,n,2,296.87,2.11,N,2
36.01867,43.68223,336.36,0.36,0.57,2024-06-17,2340,N,VIIRS,n,2,297.4,2.69,N,2
36.06399,37.01318,306.8,0.49,0.4,2024-06-17,2340,N,VIIRS,n,2,290.3,1.38,N,0
36.08527,43.64126,312.64,0.35,0.57,2024-06-17,2340,N,VIIRS,n,2,292.64,0.89,N,0
36.09934,43.62991,305.92,0.35,0.57,2024-06-17,2340,N,VIIRS,n,2,292.53,0.69,N,0
36.1204,37.73731,335.59,0.53,0.42,2024-06-17,2340,N,VIIRS,n,2,291.26,5.1,N,0
36.12724,43.7812,308.73,0.36,0.57,2024-06-17,2340,N,VIIRS,n,2,295.76,1.46,N,2
36.14014,40.81665,311.15,0.5,0.49,2024-06-17,2340,N,VIIRS,n,2,293.33,1.69,N,2
36.14319,40.81659,324.47,0.5,0.49,2024-06-17,2340,N,VIIRS,n,2,294.04,2.78,N,2
36.14453,40.81825,317.07,0.5,0.49,2024-06-17,2340,N,VIIRS,n,2,293.17,1.23,N,2
36.18497,37.66629,297.81,0.52,0.42,2024-06-17,2340,N,VIIRS,n,2,284.52,0.51,N,0
36.23604,39.01545,304.92,0.4,0.44,2024-06-17,2340,N,VIIRS,n,2,290.3,0.38,N,0
36.26448,33.7278,305.65,0.39,0.36,2024-06-17,2340,N,VIIRS,n,2,294.1,0.9,N,2
36.34501,39.06293,321.03,0.4,0.44,2024-06-17,2340,N,VIIRS,n,2,290.86,1.88,N,0
36.54117,42.47936,315.34,0.6,0.53,2024-06-17,2340,N,VIIRS,n,2,293.5,2.68,N,0
36.54281,42.47273,302.83,0.6,0.53,2024-06-17,2340,N,VIIRS,n,2,292.8,2.82,N,0
36.64031,43.58392,302.69,0.34,0.56,2024-06-17,2340,N,VIIRS,n,2,289.73,1.07,N,0
36.68251,39.84404,298.7,0.43,0.46,2024-06-17,2340,N,VIIRS,n,2,286.58,0.24,N,0
36.68665,39.84544,313.93,0.43,0.46,2024-06-17,2340,N,VIIRS,n,2,288.25,1.32,N,0
36.68769,39.84065,313.27,0.43,0.46,2024-06-17,2340,N,VIIRS,n,2,288.2,2.03,N,0
36.70995,40.34897,307.86,0.46,0.47,2024-06-17,2340,N,VIIRS,n,2,288.34,3.12,N,0
36.7111,40.34391,336.24,0.46,0.47,2024-06-17,2340,N,VIIRS,n,2,290.25,3.12,N,0
36.76355,39.03031,331.34,0.39,0.44,2024-06-17,2340,N,VIIRS,n,2,291.08,7.67,N,0
36.76422,39.02834,351.17,0.39,0.44,2024-06-17,2340,N,VIIRS,n,2,294.6,8.48,N,0
36.76446,39.02596,348.56,0.39,0.44,2024-06-17,2340,N,VIIRS,n,2,294.44,7.67,N,0
36.76516,39.02401,334.73,0.39,0.44,2024-06-17,2340,N,VIIRS,n,2,292.82,8.48,N,0
36.76818,39.02964,315.16,0.39,0.44,2024-06-17,2340,N,VIIRS,n,2,291.59,1.43,N,0
36.77438,43.32296,337.38,0.33,0.55,2024-06-17,2340,N,VIIRS,n,2,296.92,4.23,N,2
36.78156,38.78389,305.84,0.38,0.43,2024-06-17,2340,N,VIIRS,n,2,290.96,0.72,N,0
36.82607,39.07664,310.81,0.4,0.44,2024-06-17,2340,N,VIIRS,n,2,289.54,1.15,N,0
36.83023,39.15733,304.04,0.4,0.44,2024-06-17,2340,N,VIIRS,n,2,291.54,0.76,N,0
36.8572,39.11025,311.09,0.4,0.44,2024-06-17,2340,N,VIIRS,n,2,289.67,1.21,N,0
36.86019,39.11345,341.74,0.4,0.44,2024-06-17,2340,N,VIIRS,n,2,292.14,4.19,N,0
36.86113,39.10911,334.31,0.4,0.44,2024-06-17,2340,N,VIIRS,n,2,291.96,4.19,N,0
36.86848,34.75733,306.34,0.41,0.37,2024-06-17,2340,N,VIIRS,n,2,295.68,1.23,N,2
36.87106,34.76276,313.68,0.41,0.37,2024-06-17,2340,N,VIIRS,n,2,296.1,1.29,N,2
36.87185,38.44878,305.34,0.55,0.43,2024-06-17,2340,N,VIIRS,n,2,277.7,1.52,N,0
36.87444,38.45614,298.48,0.55,0.43,2024-06-17,2340,N,VIIRS,n,2,281.11,0.63,N,0
36.87775,38.4578,300.37,0.55,0.43,2024-06-17,2340,N,VIIRS,n,2,282.53,1.32,N,0
36.89168,43.42888,333.01,0.33,0.55,2024-06-17,2340,N,VIIRS,n,2,294.89,3.09,N,2
36.89383,39.03626,318.85,0.39,0.44,2024-06-17,2340,N,VIIRS,n,2,290.02,1.06,N,0
36.89407,39.05487,314.5,0.39,0.44,2024-06-17,2340,N,VIIRS,n,2,290.26,1.37,N,0
36.89803,39.05618,312.15,0.39,0.44,2024-06-17,2340,N,VIIRS,n,2,290.2,1.18,N,0
36.90685,43.39041,349.75,0.33,0.55,2024-06-17,2340,N,VIIRS,n,2,296.04,5.25,N,2
36.91597,39.07138,301.6,0.39,0.44,2024-06-17,2340,N,VIIRS,n,2,289.79,0.95,N,0
36.91644,41.89503,301.21,0.55,0.51,2024-06-17,2340,N,VIIRS,n,2,290.35,0.43,N,2
36.92596,41.2019,302.63,0.5,0.49,2024-06-17,2340,N,VIIRS,n,2,291.7,1.76,N,0
36.92859,38.99235,312.66,0.39,0.44,2024-06-17,2340,N,VIIRS,n,2,289.9,0.71,N,0
36.93369,30.64622,305.2,0.4,0.37,2024-06-17,2340,N,VIIRS,n,2,294.46,1.08,N,2
36.93434,42.13312,315.27,0.56,0.52,2024-06-17,2340,N,VIIRS,n,2,293.46,2.68,N,2
36.93609,42.12895,313.24,0.56,0.52,2024-06-17,2340,N,VIIRS,n,2,295.68,2.93,N,2
36.93708,30.64699,314.12,0.4,0.37,2024-06-17,2340,N,VIIRS,n,2,295.0,1.08,N,2
36.94071,42.16975,320.46,0.57,0.52,2024-06-17,2340,N,VIIRS,n,2,293.98,3.0,N,2
36.94076,42.17166,321.98,0.57,0.52,2024-06-17,2340,N,VIIRS,n,2,294.49,3.04,N,2
36.94505,42.13036,339.59,0.56,0.52,2024-06-17,2340,N,VIIRS,n,2,295.91,6.87,N,2
36.94532,42.13239,339.0,0.56,0.52,2024-06-17,2340,N,VIIRS,n,2,296.62,8.71,N,2
36.94965,42.13213,305.43,0.56,0.52,2024-06-17,2340,N,VIIRS,n,2,294.38,1.71,N,0
36.95762,41.62101,311.61,0.53,0.5,2024-06-17,2340,N,VIIRS,n,2,292.8,1.25,N,0
36.95923,41.62131,313.17,0.53,0.5,2024-06-17,2340,N,VIIRS,n,2,293.19,1.69,N,0
36.96314,41.14348,301.24,0.5,0.49,2024-06-17,2340,N,VIIRS,n,2,290.91,0.61,N,0
36.96332,42.07927,312.26,0.56,0.51,2024-06-17,2340,N,VIIRS,n,2,293.31,1.42,N,2
36.96586,42.08496,307.82,0.56,0.51,2024-06-17,2340,N,VIIRS,n,2,293.12,0.74,N,2
36.98384,39.15217,303.45,0.4,0.44,2024-06-17,2340,N,VIIRS,n,2,288.58,0.37,N,0
36.9948,38.91795,297.87,0.39,0.44,2024-06-17,2340,N,VIIRS,n,2,285.7,0.5,N,0
36.9957,38.91367,303.5,0.39,0.44,2024-06-17,2340,N,VIIRS,n,2,286.27,0.5,N,0
37.00097,36.70425,310.88,0.46,0.39,2024-06-17,2340,N,VIIRS,n,2,293.59,0.94,N,0
37.00395,39.17743,313.33,0.4,0.44,2024-06-17,2340,N,VIIRS,n,2,290.17,1.02,N,0
37.00408,40.28815,308.1,0.45,0.47,2024-06-17,2340,N,VIIRS,n,2,287.57,0.74,N,0
37.00829,40.28958,297.72,0.45,0.47,2024-06-17,2340,N,VIIRS,n,2,286.65,0.74,N,0
37.01637,39.00067,298.15,0.39,0.44,2024-06-17,2340,N,VIIRS,n,2,287.12,0.42,N,0
37.02278,38.97068,300.99,0.39,0.44,2024-06-17,2340,N,VIIRS,n,2,286.91,0.36,N,0
37.02754,39.16657,303.13,0.4,0.44,2024-06-17,2340,N,VIIRS,n,2,291.16,0.38,N,0
37.05621,40.42623,339.77,0.46,0.47,2024-06-17,2340,N,VIIRS,n,2,289.91,7.13,N,0
37.05733,40.42122,354.27,0.46,0.47,2024-06-17,2340,N,VIIRS,n,2,291.66,7.13,N,0
37.06947,39.187,304.28,0.4,0.44,2024-06-17,2340,N,VIIRS,n,2,292.44,0.69,N,0
37.07634,41.55122,308.94,0.52,0.5,2024-06-17,2340,N,VIIRS,n,2,293.49,1.24,N,0
37.07692,41.5475,304.26,0.52,0.5,2024-06-17,2340,N,VIIRS,n,2,293.63,1.39,N,0
37.07807,42.55949,311.01,0.59,0.53,2024-06-17,2340,N,VIIRS,n,2,299.6,4.13,N,2
37.08345,41.54146,303.18,0.52,0.5,2024-06-17,2340,N,VIIRS,n,2,293.13,1.07,N,0
37.08409,41.53777,311.07,0.52,0.5,2024-06-17,2340,N,VIIRS,n,2,292.69,1.43,N,0
37.08478,41.53574,307.03,0.52,0.5,2024-06-17,2340,N,VIIRS,n,2,291.62,1.07,N,0
37.08624,41.56951,320.2,0.52,0.5,2024-06-17,2340,N,VIIRS,n,2,293.63,3.1,N,0
37.08708,41.5676,343.77,0.52,0.5,2024-06-17,2340,N,VIIRS,n,2,295.27,6.49,N,0
37.08759,41.56382,328.6,0.52,0.5,2024-06-17,2340,N,VIIRS,n,2,293.45,4.21,N,0
37.09461,41.61604,305.19,0.52,0.5,2024-06-17,2340,N,VIIRS,n,2,294.96,1.89,N,0
37.09617,40.4511,300.46,0.46,0.47,2024-06-17,2340,N,VIIRS,n,2,288.47,0.78,N,0
37.09814,40.4627,301.28,0.46,0.47,2024-06-17,2340,N,VIIRS,n,2,287.08,0.81,N,0
37.09909,41.61767,316.11,0.52,0.5,2024-06-17,2340,N,VIIRS,n,2,294.8,1.89,N,0
37.10535,41.63234,339.32,0.53,0.5,2024-06-17,2340,N,VIIRS,n,2,296.0,6.52,N,0
37.10984,41.63398,327.13,0.53,0.5,2024-06-17,2340,N,VIIRS,n,2,294.83,3.68,N,0
37.1457,39.94634,326.06,0.43,0.46,2024-06-17,2340,N,VIIRS,n,2,291.46,2.26,N,0
37.15042,40.52078,338.28,0.46,0.47,2024-06-17,2340,N,VIIRS,n,2,289.85,6.83,N,0
37.15156,40.51575,335.75,0.46,0.47,2024-06-17,2340,N,VIIRS,n,2,290.07,6.83,N,0
37.15465,40.52227,315.35,0.46,0.47,2024-06-17,2340,N,VIIRS,n,2,287.92,1.6,N,0
37.15579,40.51724,308.23,0.46,0.47,2024-06-17,2340,N,VIIRS,n,2,287.05,1.6,N,0
37.18058,39.98899,303.42,0.43,0.46,2024-06-17,2340,N,VIIRS,n,2,289.69,4.32,N,0
37.18163,39.98419,299.12,0.43,0.46,2024-06-17,2340,N,VIIRS,n,2,289.04,4.98,N,0
37.18469,39.99043,334.62,0.43,0.46,2024-06-17,2340,N,VIIRS,n,2,293.18,4.32,N,0
37.18574,39.98564,337.84,0.43,0.46,2024-06-17,2340,N,VIIRS,n,2,292.0,4.98,N,0
37.1888,39.99186,345.51,0.43,0.46,2024-06-17,2340,N,VIIRS,n,2,292.34,5.89,N,0
37.18986,39.98707,327.77,0.43,0.46,2024-06-17,2340,N,VIIRS,n,2,289.83,2.2,N,0
37.19091,39.98227,299.57,0.43,0.46,2024-06-17,2340,N,VIIRS,n,2,288.34,2.2,N,0
37.19398,39.98849,311.92,0.43,0.46,2024-06-17,2340,N,VIIRS,n,2,289.31,2.2,N,0
37.19914,39.98513,315.91,0.43,0.46,2024-06-17,2340,N,VIIRS,n,2,289.95,1.74,N,0
37.20242,41.89663,308.96,0.54,0.51,2024-06-17,2340,N,VIIRS,n,2,293.58,1.34,N,0
37.20383,41.8907,320.14,0.54,0.51,2024-06-17,2340,N,VIIRS,n,2,294.7,3.21,N,0
37.20431,39.98175,308.6,0.43,0.46,2024-06-17,2340,N,VIIRS,n,2,289.49,1.48,N,0
37.20535,39.97696,312.49,0.43,0.46,2024-06-17,2340,N,VIIRS,n,2,290.89,1.48,N,0
37.21152,39.56895,297.94,0.41,0.45,2024-06-17,2340,N,VIIRS,n,2,287.91,0.48,N,0
37.24841,39.7588,308.68,0.42,0.45,2024-06-17,2340,N,VIIRS,n,2,291.26,0.92,N,0
37.29546,37.1585,304.4,0.48,0.4,2024-06-17,2340,N,VIIRS,n,2,283.21,0.76,N,2
37.34816,39.74916,315.64,0.42,0.45,2024-06-17,2340,N,VIIRS,n,2,292.84,1.46,N,0
37.40657,38.97719,308.24,0.57,0.43,2024-06-17,2340,N,VIIRS,n,2,292.21,0.97,N,0
37.56887,38.93829,324.58,0.57,0.43,2024-06-17,2340,N,VIIRS,n,2,289.82,1.78,N,0
37.69087,40.30471,312.44,0.44,0.46,2024-06-17,2340,N,VIIRS,n,2,290.29,1.78,N,0
37.86222,29.37254,309.81,0.45,0.39,2024-06-17,2340,N,VIIRS,n,2,293.5,1.3,N,2
37.87385,29.06459,314.64,0.46,0.39,2024-06-17,2340,N,VIIRS,n,2,293.2,1.73,N,0
37.89959,30.49142,304.54,0.41,0.37,2024-06-17,2340,N,VIIRS,n,2,291.82,0.81,N,2
37.93837,32.5359,304.09,0.38,0.36,2024-06-17,2340,N,VIIRS,n,2,293.95,0.82,N,2
38.36434,30.37849,330.89,0.42,0.38,2024-06-17,2340,N,VIIRS,n,2,288.24,3.32,N,0
38.36546,30.38052,308.55,0.42,0.38,2024-06-17,2340,N,VIIRS,n,2,285.94,0.79,N,0
38.42642,27.21356,312.92,0.56,0.43,2024-06-17,2340,N,VIIRS,n,2,296.18,2.31,N,2
38.42868,27.21401,311.49,0.56,0.43,2024-06-17,2340,N,VIIRS,n,2,297.48,1.95,N,2
38.65815,30.61552,301.36,0.42,0.37,2024-06-17,2340,N,VIIRS,n,2,286.97,0.92,N,2
38.65916,30.61776,307.94,0.42,0.37,2024-06-17,2340,N,VIIRS,n,2,288.84,1.75,N,2
38.73305,26.9629,310.66,0.39,0.44,2024-06-17,2340,N,VIIRS,n,2,293.81,1.56,N,2
38.74033,26.93207,306.87,0.39,0.44,2024-06-17,2340,N,VIIRS,n,2,293.92,1.27,N,2
39.17676,30.95632,297.89,0.41,0.37,2024-06-17,2340,N,VIIRS,n,2,287.7,0.37,N,0
39.4833,30.04287,307.07,0.44,0.38,2024-06-17,2340,N,VIIRS,n,2,286.13,1.29,N,2
39.86525,26.2431,317.28,0.43,0.46,2024-06-17,2340,N,VIIRS,n,2,295.16,2.41,N,2
35.51216,44.37506,367.0,0.34,0.56,2024-06-18,920,N,VIIRS,h,2,322.74,17.87,D,2
35.52667,44.34551,367.0,0.34,0.56,2024-06-18,920,N,VIIRS,h,2,323.01,20.79,D,2
35.52762,44.34045,352.77,0.34,0.56,2024-06-18,920,N,VIIRS,n,2,321.63,10.45,D,2
35.52856,44.34418,367.0,0.34,0.56,2024-06-18,920,N,VIIRS,h,2,321.39,10.45,D,2
35.53076,44.33995,367.0,0.34,0.56,2024-06-18,920,N,VIIRS,h,2,321.34,22.14,D,2
35.53263,44.33868,367.0,0.34,0.56,2024-06-18,920,N,VIIRS,h,2,319.8,8.77,D,2
35.53357,44.34237,348.65,0.34,0.56,2024-06-18,920,N,VIIRS,n,2,322.56,8.77,D,2
35.54119,44.06634,351.67,0.35,0.57,2024-06-18,920,N,VIIRS,n,2,318.25,2.28,D,0
35.61304,43.97806,355.02,0.35,0.57,2024-06-18,920,N,VIIRS,n,2,322.32,9.51,D,0
35.62679,44.01061,367.0,0.35,0.57,2024-06-18,920,N,VIIRS,h,2,324.99,11.56,D,2
35.63183,44.00858,367.0,0.35,0.57,2024-06-18,920,N,VIIRS,h,2,318.92,11.56,D,2
35.68224,43.87698,355.93,0.36,0.57,2024-06-18,920,N,VIIRS,n,2,322.18,21.22,D,2
35.68322,43.88082,367.0,0.35,0.57,2024-06-18,920,N,VIIRS,h,2,320.87,24.06,D,2
35.68736,43.87514,346.69,0.36,0.57,2024-06-18,920,N,VIIRS,n,2,320.49,21.22,D,2
35.68833,43.87896,367.0,0.35,0.57,2024-06-18,920,N,VIIRS,h,2,320.98,24.06,D,2
35.72376,44.04097,367.0,0.35,0.57,2024-06-18,920,N,VIIRS,h,2,322.33,17.48,D,2
35.7279,44.03542,351.66,0.35,0.57,2024-06-18,920,N,VIIRS,n,2,322.04,12.22,D,2
35.78037,43.93663,367.0,0.35,0.57,2024-06-18,920,N,VIIRS,h,2,320.49,4.15,D,0
35.78447,43.93091,349.94,0.35,0.57,2024-06-18,920,N,VIIRS,n,2,321.5,3.48,D,0
35.81069,43.74809,355.73,0.36,0.57,2024-06-18,920,N,VIIRS,n,2,322.39,11.64,D,0
35.91174,37.03437,349.4,0.79,0.78,2024-06-18,920,N,VIIRS,n,2,312.73,9.05,D,0
35.91643,37.03185,367.0,0.79,0.78,2024-06-18,920,N,VIIRS,h,2,314.77,17.81,D,0
35.93054,38.10398,346.2,0.7,0.75,2024-06-18,920,N,VIIRS,n,2,313.69,6.47,D,0
35.93513,38.00063,346.36,0.71,0.75,2024-06-18,920,N,VIIRS,n,2,316.8,8.87,D,0
35.93671,38.88892,355.79,0.64,0.72,2024-06-18,920,N,VIIRS,n,2,313.2,11.93,D,0
35.93795,40.5071,348.73,0.53,0.67,2024-06-18,920,N,VIIRS,n,2,315.48,4.78,D,0
35.93895,38.88574,367.0,0.64,0.72,2024-06-18,920,N,VIIRS,h,2,315.2,10.18,D,0
36.01668,43.68418,356.63,0.36,0.57,2024-06-18,920,N,VIIRS,n,2,322.96,4.54,D,2
36.03061,38.78171,351.36,0.64,0.72,2024-06-18,920,N,VIIRS,n,2,316.27,11.27,D,0
36.04751,38.83829,342.4,0.64,0.72,2024-06-18,920,N,VIIRS,n,2,314.37,8.06,D,0
36.05414,36.98086,344.8,0.79,0.78,2024-06-18,920,N,VIIRS,n,2,311.55,4.6,D,0
36.06102,36.97767,341.69,0.79,0.78,2024-06-18,920,N,VIIRS,n,2,312.51,8.79,D,0
36.06343,38.78135,347.86,0.64,0.72,2024-06-18,920,N,VIIRS,n,2,315.05,7.11,D,0
36.10342,44.09623,367.0,0.34,0.56,2024-06-18,920,N,VIIRS,h,2,327.53,37.09,D,0
36.10745,44.0905,353.52,0.34,0.56,2024-06-18,920,N,VIIRS,n,2,322.3,23.9,D,0
36.10838,44.09422,367.0,0.34,0.56,2024-06-18,920,N,VIIRS,h,2,331.73,37.09,D,0
36.11807,38.86649,346.54,0.63,0.72,2024-06-18,920,N,VIIRS,n,2,315.2,11.97,D,0
36.12173,38.86631,367.0,0.63,0.72,2024-06-18,920,N,VIIRS,h,2,315.95,10.04,D,0
36.15139,37.46631,345.49,0.74,0.76,2024-06-18,920,N,VIIRS,n,2,315.66,12.05,D,0
36.15606,37.4677,355.75,0.74,0.76,2024-06-18,920,N,VIIRS,n,2,315.86,10.94,D,0
36.27179,38.24143,367.0,0.67,0.74,2024-06-18,920,N,VIIRS,h,2,315.9,27.03,D,0
36.27317,38.23982,356.62,0.67,0.74,2024-06-18,920,N,VIIRS,n,2,315.06,16.8,D,0
36.27798,44.39456,345.08,0.32,0.55,2024-06-18,920,N,VIIRS,n,2,318.48,4.72,D,0
36.27882,44.39796,350.15,0.32,0.55,2024-06-18,920,N,VIIRS,n,2,317.78,5.94,D,0
36.30779,39.10309,345.18,0.61,0.71,2024-06-18,920,N,VIIRS,n,2,318.28,12.14,D,0
36.3087,39.10836,367.0,0.61,0.71,2024-06-18,920,N,VIIRS,h,2,321.04,19.86,D,0
36.30976,39.10973,367.0,0.61,0.71,2024-06-18,920,N,VIIRS,h,2,319.34,20.22,D,0
36.31551,43.67853,353.86,0.35,0.57,2024-06-18,920,N,VIIRS,n,2,320.68,14.71,D,0
36.31566,37.27358,346.14,0.75,0.77,2024-06-18,920,N,VIIRS,n,2,313.57,7.84,D,0
36.31649,43.68235,367.0,0.35,0.57,2024-06-18,920,N,VIIRS,h,2,327.91,26.01,D,0
36.42645,39.09943,348.5,0.6,0.71,2024-06-18,920,N,VIIRS,n,2,314.65,12.56,D,0
36.43088,39.09515,367.0,0.6,0.71,2024-06-18,920,N,VIIRS,h,2,316.7,27.31,D,0
36.43268,39.09663,367.0,0.6,0.71,2024-06-18,920,N,VIIRS,h,2,314.89,12.56,D,0
36.48372,38.59023,367.0,0.64,0.72,2024-06-18,920,N,VIIRS,h,2,316.17,21.97,D,0
36.48713,38.59046,367.0,0.64,0.72,2024-06-18,920,N,VIIRS,h,2,319.51,39.99,D,0
36.49007,38.5873,367.0,0.64,0.72,2024-06-18,920,N,VIIRS,h,2,316.71,21.97,D,0
36.50729,43.53565,353.46,0.35,0.57,2024-06-18,920,N,VIIRS,n,2,319.02,18.86,D,0
36.50827,43.5395,367.0,0.35,0.57,2024-06-18,920,N,VIIRS,h,2,323.79,18.86,D,0
36.51128,43.5294,349.65,0.35,0.57,2024-06-18,920,N,VIIRS,n,2,316.74,9.78,D,0
36.51226,43.53329,356.64,0.35,0.57,2024-06-18,920,N,VIIRS,n,2,320.76,18.86,D,0
36.51326,43.53718,367.0,0.35,0.57,2024-06-18,920,N,VIIRS,h,2,323.82,18.86,D,0
36.5163,43.52721,345.33,0.35,0.57,2024-06-18,920,N,VIIRS,n,2,316.46,3.82,D,0
36.51729,43.53111,347.14,0.35,0.57,2024-06-18,920,N,VIIRS,n,2,319.55,19.43,D,0
36.51927,43.53891,367.0,0.35,0.57,2024-06-18,920,N,VIIRS,h,2,315.87,29.01,D,0
36.52173,38.62032,345.95,0.63,0.72,2024-06-18,920,N,VIIRS,n,2,315.78,7.43,D,0
36.53743,38.93348,344.47,0.61,0.71,2024-06-18,920,N,VIIRS,n,2,315.6,8.79,D,0
36.64224,37.95985,353.82,0.68,0.74,2024-06-18,920,N,VIIRS,n,2,313.54,6.23,D,0
36.64315,37.95811,354.52,0.68,0.74,2024-06-18,920,N,VIIRS,n,2,313.28,6.79,D,0
36.69296,43.24421,367.0,0.36,0.58,2024-06-18,920,N,VIIRS,h,2,324.21,18.27,D,0
36.694,43.2482,367.0,0.36,0.58,2024-06-18,920,N,VIIRS,h,2,336.56,19.35,D,0
36.69481,43.24392,367.0,0.36,0.58,2024-06-18,920,N,VIIRS,h,2,333.11,78.7,D,0
36.69504,43.25218,349.12,0.36,0.57,2024-06-18,920,N,VIIRS,n,2,321.48,19.35,D,0
36.69583,43.24791,367.0,0.36,0.58,2024-06-18,920,N,VIIRS,h,2,354.79,81.98,D,0
36.69602,43.66852,367.0,0.34,0.56,2024-06-18,920,N,VIIRS,h,2,325.97,12.21,D,0
36.69619,43.66377,345.12,0.34,0.56,2024-06-18,920,N,VIIRS,n,2,319.99,11.81,D,0
36.69684,43.2519,367.0,0.36,0.58,2024-06-18,920,N,VIIRS,h,2,323.01,81.98,D,0
36.69717,43.66757,367.0,0.34,0.56,2024-06-18,920,N,VIIRS,h,2,326.47,11.81,D,0
36.69916,43.2463,367.0,0.36,0.58,2024-06-18,920,N,VIIRS,h,2,332.8,72.77,D,0
36.7002,43.25028,367.0,0.36,0.57,2024-06-18,920,N,VIIRS,h,2,321.88,72.77,D,0
36.70098,43.24601,343.86,0.36,0.58,2024-06-18,920,N,VIIRS,n,2,318.51,9.53,D,0
36.70103,43.66651,351.8,0.34,0.56,2024-06-18,920,N,VIIRS,n,2,316.8,12.21,D,0
36.70776,40.33886,350.7,0.51,0.66,2024-06-18,920,N,VIIRS,n,2,324.94,7.23,D,0
36.7081,40.34136,356.34,0.51,0.66,2024-06-18,920,N,VIIRS,n,2,325.93,7.37,D,0
36.71605,38.89753,352.84,0.61,0.71,2024-06-18,920,N,VIIRS,n,2,318.58,10.29,D,0
36.72596,40.35624,352.42,0.51,0.66,2024-06-18,920,N,VIIRS,n,2,324.87,18.6,D,0
36.73186,40.35384,367.0,0.51,0.66,2024-06-18,920,N,VIIRS,h,2,321.81,18.6,D,0
36.73861,39.6067,367.0,0.56,0.69,2024-06-18,920,N,VIIRS,h,2,321.69,14.53,D,0
36.74037,39.6127,367.0,0.56,0.69,2024-06-18,920,N,VIIRS,h,2,321.61,14.53,D,0
36.75856,39.60476,367.0,0.56,0.69,2024-06-18,920,N,VIIRS,h,2,316.63,19.31,D,0
36.77243,42.08368,367.0,0.41,0.61,2024-06-18,920,N,VIIRS,h,2,323.71,10.94,D,0
36.77617,43.32628,367.0,0.36,0.57,2024-06-18,920,N,VIIRS,h,2,316.79,5.88,D,2
36.77785,42.08149,367.0,0.41,0.61,2024-06-18,920,N,VIIRS,h,2,316.39,10.94,D,0
36.78038,39.01641,352.6,0.59,0.7,2024-06-18,920,N,VIIRS,n,2,315.02,8.18,D,0
36.78233,39.02288,344.89,0.59,0.7,2024-06-18,920,N,VIIRS,n,2,312.7,8.18,D,0
36.81802,39.0948,354.42,0.59,0.7,2024-06-18,920,N,VIIRS,n,2,316.44,7.5,D,0
36.83842,39.09274,352.4,0.59,0.7,2024-06-18,920,N,VIIRS,n,2,318.88,11.95,D,0
36.8429,38.19753,367.0,0.65,0.73,2024-06-18,920,N,VIIRS,h,2,314.82,15.79,D,0
36.84545,38.19836,345.36,0.65,0.73,2024-06-18,920,N,VIIRS,n,2,313.16,16.12,D,0
36.85062,38.87828,347.14,0.6,0.71,2024-06-18,920,N,VIIRS,n,2,315.07,5.89,D,0
36.85742,39.51406,345.55,0.56,0.69,2024-06-18,920,N,VIIRS,n,2,317.17,4.6,D,0
36.88469,38.94419,367.0,0.6,0.7,2024-06-18,920,N,VIIRS,h,2,317.1,86.66,D,0
36.8922,43.42981,339.81,0.35,0.57,2024-06-18,920,N,VIIRS,n,2,307.3,2.83,D,2
36.89812,38.6628,349.9,0.61,0.71,2024-06-18,920,N,VIIRS,n,2,315.8,6.73,D,0
36.91261,38.99021,348.67,0.59,0.7,2024-06-18,920,N,VIIRS,n,2,314.03,12.95,D,0
36.91454,38.99666,367.0,0.59,0.7,2024-06-18,920,N,VIIRS,h,2,316.69,12.95,D,0
36.91648,39.0031,367.0,0.59,0.7,2024-06-18,920,N,VIIRS,h,2,315.11,19.55,D,0
36.91718,40.38204,367.0,0.5,0.66,2024-06-18,920,N,VIIRS,h,2,324.55,9.53,D,0
36.91752,40.37902,367.0,0.5,0.66,2024-06-18,920,N,VIIRS,h,2,321.85,11.33,D,0
36.93298,41.44437,367.0,0.44,0.63,2024-06-18,920,N,VIIRS,h,2,324.65,14.33,D,0
36.94856,42.12978,367.0,0.41,0.6,2024-06-18,920,N,VIIRS,h,2,320.64,8.23,D,2
36.95627,38.3074,367.0,0.64,0.72,2024-06-18,920,N,VIIRS,h,2,315.95,16.61,D,0
36.95941,38.30773,367.0,0.64,0.72,2024-06-18,920,N,VIIRS,h,2,314.37,12.1,D,0
36.97166,38.99785,355.03,0.59,0.7,2024-06-18,920,N,VIIRS,n,2,311.71,10.4,D,0
36.97167,38.99994,367.0,0.59,0.7,2024-06-18,920,N,VIIRS,h,2,311.83,9.48,D,0
36.97763,39.60902,349.38,0.55,0.68,2024-06-18,920,N,VIIRS,n,2,317.79,28.36,D,0
36.97939,39.61499,367.0,0.55,0.68,2024-06-18,920,N,VIIRS,h,2,315.61,28.36,D,0
37.01273,41.32644,367.0,0.45,0.63,2024-06-18,920,N,VIIRS,h,2,320.08,35.86,D,0
37.01363,40.32568,367.0,0.5,0.66,2024-06-18,920,N,VIIRS,h,2,328.28,50.17,D,0
37.01385,40.32531,367.0,0.5,0.66,2024-06-18,920,N,VIIRS,h,2,329.49,66.63,D,0
37.0162,38.35156,367.0,0.63,0.72,2024-06-18,920,N,VIIRS,h,2,316.79,15.45,D,0
37.01949,40.32326,343.34,0.5,0.66,2024-06-18,920,N,VIIRS,n,2,317.75,8.73,D,0
37.01979,38.34836,367.0,0.63,0.72,2024-06-18,920,N,VIIRS,h,2,316.93,26.73,D,0
37.02255,38.34866,356.25,0.63,0.72,2024-06-18,920,N,VIIRS,n,2,310.63,15.45,D,0
37.02604,39.62421,351.45,0.55,0.68,2024-06-18,920,N,VIIRS,n,2,318.26,13.78,D,0
37.02732,38.97292,343.88,0.59,0.7,2024-06-18,920,N,VIIRS,n,2,313.71,6.03,D,0
37.02837,39.61983,367.0,0.55,0.68,2024-06-18,920,N,VIIRS,h,2,315.32,12.97,D,0
37.03733,39.63932,367.0,0.54,0.68,2024-06-18,920,N,VIIRS,h,2,319.26,9.72,D,0
37.03908,39.64523,339.76,0.54,0.68,2024-06-18,920,N,VIIRS,n,2,314.75,9.72,D,0
37.04128,39.64094,367.0,0.54,0.68,2024-06-18,920,N,VIIRS,h,2,312.67,18.01,D,0
37.09534,40.63024,367.0,0.48,0.65,2024-06-18,920,N,VIIRS,h,2,324.53,12.97,D,0
37.09585,39.22577,353.48,0.57,0.69,2024-06-18,920,N,VIIRS,n,2,313.21,6.9,D,0
37.09924,40.62922,367.0,0.48,0.65,2024-06-18,920,N,VIIRS,h,2,332.59,27.91,D,0
37.10109,40.62778,367.0,0.48,0.65,2024-06-18,920,N,VIIRS,h,2,334.39,59.2,D,0
37.10347,40.62137,352.45,0.48,0.65,2024-06-18,920,N,VIIRS,n,2,323.31,65.15,D,0
37.10834,40.63062,345.46,0.48,0.65,2024-06-18,920,N,VIIRS,n,2,317.1,59.2,D,0
37.15226,42.3836,367.0,0.39,0.59,2024-06-18,920,N,VIIRS,h,2,321.24,15.37,D,0
37.15295,42.38599,352.83,0.39,0.59,2024-06-18,920,N,VIIRS,n,2,321.29,13.15,D,0
37.15818,39.84383,367.0,0.53,0.67,2024-06-18,920,N,VIIRS,h,2,320.61,20.49,D,0
37.16414,39.8413,348.81,0.53,0.67,2024-06-18,920,N,VIIRS,n,2,315.75,11.23,D,0
37.16652,42.26094,343.54,0.4,0.6,2024-06-18,920,N,VIIRS,n,2,317.85,10.79,D,0
37.16767,42.26525,367.0,0.4,0.6,2024-06-18,920,N,VIIRS,h,2,321.57,14.08,D,0
37.17017,40.49839,351.54,0.49,0.65,2024-06-18,920,N,VIIRS,n,2,319.55,11.95,D,0
37.1718,39.84463,367.0,0.53,0.67,2024-06-18,920,N,VIIRS,h,2,315.77,16.73,D,0
37.17286,40.49422,356.37,0.49,0.65,2024-06-18,920,N,VIIRS,n,2,322.91,19.34,D,0
37.17437,40.49958,354.95,0.49,0.65,2024-06-18,920,N,VIIRS,n,2,319.92,20.1,D,0
37.17593,40.49588,367.0,0.49,0.65,2024-06-18,920,N,VIIRS,h,2,320.46,18.3,D,0
37.19439,39.67419,367.0,0.54,0.68,2024-06-18,920,N,VIIRS,h,2,318.99,23.27,D,0
37.21857,40.02904,367.0,0.51,0.66,2024-06-18,920,N,VIIRS,h,2,318.74,13.75,D,0
37.35416,38.32802,367.0,0.62,0.71,2024-06-18,920,N,VIIRS,h,2,315.15,10.64,D,0
37.59945,40.20334,355.35,0.49,0.65,2024-06-18,920,N,VIIRS,n,2,315.81,13.73,D,0
37.60101,40.20874,367.0,0.49,0.65,2024-06-18,920,N,VIIRS,h,2,319.54,13.73,D,0
37.88464,40.85951,367.0,0.45,0.63,2024-06-18,920,N,VIIRS,h,2,316.51,9.52,D,0
38.02952,41.3153,350.32,0.42,0.61,2024-06-18,920,N,VIIRS,n,2,321.28,33.99,D,0
37.04155,36.74617,331.42,0.76,0.77,2024-06-18,921,N,VIIRS,n,2,298.61,4.54,D,0
37.35122,38.32748,349.34,0.62,0.71,2024-06-18,921,N,VIIRS,n,2,316.46,12.1,D,0
38.02149,39.90361,367.0,0.5,0.66,2024-06-18,921,N,VIIRS,h,2,320.02,43.15,D,0
38.02151,39.90034,351.07,0.5,0.66,2024-06-18,921,N,VIIRS,n,2,312.1,22.46,D,0
38.0231,39.90576,367.0,0.5,0.66,2024-06-18,921,N,VIIRS,h,2,314.87,36.02,D,0
35.52711,44.34236,367.0,0.58,0.69,2024-06-18,1100,N,VIIRS,h,2,316.89,16.88,D,2
35.53363,44.34197,351.71,0.58,0.69,2024-06-18,1100,N,VIIRS,n,2,318.74,13.58,D,2
35.53577,44.21209,353.78,0.57,0.69,2024-06-18,1100,N,VIIRS,n,2,313.83,36.58,D,0
35.53599,44.21854,367.0,0.57,0.69,2024-06-18,1100,N,VIIRS,h,2,321.47,36.58,D,0
35.56122,43.26217,339.68,0.5,0.66,2024-06-18,1100,N,VIIRS,n,2,314.09,10.83,D,0
35.56604,43.25787,356.45,0.5,0.66,2024-06-18,1100,N,VIIRS,n,2,315.34,17.52,D,0
35.56627,43.26357,367.0,0.5,0.66,2024-06-18,1100,N,VIIRS,h,2,318.42,18.42,D,0
35.5665,43.26927,367.0,0.5,0.66,2024-06-18,1100,N,VIIRS,h,2,314.78,18.42,D,0
35.56738,43.26184,367.0,0.5,0.66,2024-06-18,1100,N,VIIRS,h,2,318.02,19.23,D,0
35.56765,43.26755,367.0,0.5,0.66,2024-06-18,1100,N,VIIRS,h,2,318.39,19.23,D,0
35.57244,43.26324,342.14,0.5,0.66,2024-06-18,1100,N,VIIRS,n,2,315.62,7.0,D,0
35.63207,44.0065,346.0,0.55,0.68,2024-06-18,1100,N,VIIRS,n,2,313.66,11.66,D,2
35.63229,44.01274,346.85,0.55,0.68,2024-06-18,1100,N,VIIRS,n,2,315.65,11.66,D,2
35.63993,36.3373,367.0,0.41,0.45,2024-06-18,1100,N,VIIRS,h,2,325.47,24.71,D,0
35.68484,43.87763,367.0,0.54,0.68,2024-06-18,1100,N,VIIRS,h,2,321.82,61.1,D,2
35.68679,43.87529,352.75,0.55,0.68,2024-06-18,1100,N,VIIRS,n,2,320.28,37.56,D,2
35.687,43.88158,346.89,0.55,0.68,2024-06-18,1100,N,VIIRS,n,2,315.12,34.13,D,2
35.71023,36.80263,355.09,0.44,0.46,2024-06-18,1100,N,VIIRS,n,2,328.04,2.37,D,0
35.7188,36.80157,356.06,0.44,0.46,2024-06-18,1100,N,VIIRS,n,2,328.46,10.34,D,0
35.72455,44.04298,367.0,0.56,0.69,2024-06-18,1100,N,VIIRS,h,2,318.66,21.75,D,2
35.77391,39.69061,355.36,0.64,0.54,2024-06-18,1100,N,VIIRS,n,2,319.72,17.9,D,0
35.78472,43.932,351.35,0.55,0.68,2024-06-18,1100,N,VIIRS,n,2,318.21,16.53,D,0
35.78496,43.93816,349.55,0.55,0.68,2024-06-18,1100,N,VIIRS,n,2,319.13,14.89,D,0
35.78574,43.93195,352.39,0.55,0.68,2024-06-18,1100,N,VIIRS,n,2,317.96,13.0,D,0
35.78594,43.93811,349.34,0.55,0.68,2024-06-18,1100,N,VIIRS,n,2,318.66,13.0,D,0
35.84349,39.28123,354.65,0.6,0.53,2024-06-18,1100,N,VIIRS,n,2,318.03,11.09,D,0
35.84439,39.28038,354.41,0.6,0.53,2024-06-18,1100,N,VIIRS,n,2,319.47,15.94,D,0
36.063,38.97139,367.0,0.58,0.52,2024-06-18,1100,N,VIIRS,h,2,318.84,12.85,D,0
36.13031,43.60211,344.27,0.53,0.67,2024-06-18,1100,N,VIIRS,n,2,313.3,4.38,D,0
36.14445,40.81938,367.0,0.37,0.58,2024-06-18,1100,N,VIIRS,h,2,323.86,4.35,D,2
36.21846,40.66473,367.0,0.36,0.58,2024-06-18,1100,N,VIIRS,h,2,322.42,5.44,D,0
36.26814,44.03489,352.18,0.56,0.69,2024-06-18,1100,N,VIIRS,n,2,326.01,54.64,D,0
36.26834,44.04119,353.4,0.56,0.69,2024-06-18,1100,N,VIIRS,n,2,324.64,84.22,D,0
36.26856,44.04752,367.0,0.56,0.69,2024-06-18,1100,N,VIIRS,h,2,320.79,84.22,D,0
36.26877,44.05386,367.0,0.56,0.69,2024-06-18,1100,N,VIIRS,h,2,316.97,54.04,D,0
36.27436,44.02823,367.0,0.56,0.69,2024-06-18,1100,N,VIIRS,h,2,323.08,17.59,D,0
36.27458,44.03456,351.8,0.56,0.69,2024-06-18,1100,N,VIIRS,n,2,321.22,17.59,D,0
36.27479,44.04088,367.0,0.56,0.69,2024-06-18,1100,N,VIIRS,h,2,320.69,43.63,D,0
36.27501,44.04722,350.59,0.56,0.69,2024-06-18,1100,N,VIIRS,n,2,322.18,43.63,D,0
36.27513,44.46277,347.37,0.59,0.7,2024-06-18,1100,N,VIIRS,n,2,311.78,10.8,D,0
36.27544,44.05988,367.0,0.56,0.69,2024-06-18,1100,N,VIIRS,h,2,313.77,74.31,D,0
36.28146,44.04692,367.0,0.56,0.69,2024-06-18,1100,N,VIIRS,h,2,319.0,43.63,D,0
36.28167,44.05324,367.0,0.56,0.69,2024-06-18,1100,N,VIIRS,h,2,317.67,74.31,D,0
36.28167,44.46105,367.0,0.59,0.7,2024-06-18,1100,N,VIIRS,h,2,313.92,10.8,D,0
36.28186,44.46736,344.77,0.59,0.7,2024-06-18,1100,N,VIIRS,n,2,306.83,10.8,D,0
36.53738,38.94112,352.7,0.59,0.53,2024-06-18,1100,N,VIIRS,n,2,325.5,13.07,D,0
36.53788,38.94778,346.27,0.59,0.53,2024-06-18,1100,N,VIIRS,n,2,320.22,19.23,D,0
36.54227,38.94058,367.0,0.59,0.53,2024-06-18,1100,N,VIIRS,h,2,326.44,74.26,D,0
36.54277,38.94725,346.87,0.59,0.53,2024-06-18,1100,N,VIIRS,n,2,320.57,67.08,D,0
36.65063,43.4598,353.84,0.52,0.67,2024-06-18,1100,N,VIIRS,n,2,317.68,9.75,D,0
36.67851,42.30804,349.32,0.45,0.63,2024-06-18,1100,N,VIIRS,n,2,320.74,77.86,D,0
36.67874,42.31328,367.0,0.45,0.63,2024-06-18,1100,N,VIIRS,h,2,322.98,77.86,D,0
36.67897,42.31852,353.49,0.45,0.63,2024-06-18,1100,N,VIIRS,n,2,322.41,83.13,D,0
36.6792,42.32378,367.0,0.45,0.63,2024-06-18,1100,N,VIIRS,h,2,322.34,83.13,D,0
36.68488,42.31823,367.0,0.45,0.63,2024-06-18,1100,N,VIIRS,h,2,343.83,83.13,D,0
36.68511,42.32347,367.0,0.45,0.63,2024-06-18,1100,N,VIIRS,h,2,316.99,83.13,D,0
36.7749,43.32458,347.03,0.52,0.67,2024-06-18,1100,N,VIIRS,n,2,314.05,4.92,D,2
36.58489,37.21384,350.97,0.47,0.48,2024-06-18,1101,N,VIIRS,n,2,323.26,4.07,D,0
36.74526,39.60882,367.0,0.32,0.55,2024-06-18,1101,N,VIIRS,h,2,324.95,16.93,D,0
36.7455,39.61251,367.0,0.32,0.55,2024-06-18,1101,N,VIIRS,h,2,324.91,18.66,D,0
36.75034,39.60828,367.0,0.32,0.55,2024-06-18,1101,N,VIIRS,h,2,318.92,8.64,D,0
36.7506,39.61198,367.0,0.32,0.55,2024-06-18,1101,N,VIIRS,h,2,323.08,11.94,D,0
36.75084,39.61565,367.0,0.32,0.55,2024-06-18,1101,N,VIIRS,h,2,323.18,11.94,D,0
36.76003,39.59983,367.0,0.32,0.55,2024-06-18,1101,N,VIIRS,h,2,321.06,11.87,D,0
36.76028,39.60352,367.0,0.32,0.55,2024-06-18,1101,N,VIIRS,h,2,324.38,9.07,D,0
36.76537,39.60299,350.22,0.32,0.55,2024-06-18,1101,N,VIIRS,n,2,318.98,9.07,D,0
36.85068,39.17026,354.78,0.61,0.53,2024-06-18,1101,N,VIIRS,n,2,316.59,13.45,D,0
36.85168,35.65013,334.41,0.39,0.44,2024-06-18,1101,N,VIIRS,n,2,306.43,2.09,D,0
36.87856,38.93979,351.0,0.59,0.53,2024-06-18,1101,N,VIIRS,n,2,320.58,22.05,D,0
36.89246,43.4329,332.03,0.53,0.67,2024-06-18,1101,N,VIIRS,n,2,304.67,2.38,D,2
36.90402,38.92227,367.0,0.59,0.53,2024-06-18,1101,N,VIIRS,h,2,323.82,17.58,D,0
36.91006,43.39456,338.9,0.52,0.67,2024-06-18,1101,N,VIIRS,n,2,303.63,4.98,D,2
36.9261,41.44369,367.0,0.41,0.6,2024-06-18,1101,N,VIIRS,h,2,324.1,7.29,D,0
36.92842,41.44424,367.0,0.41,0.6,2024-06-18,1101,N,VIIRS,h,2,326.74,18.59,D,0
36.92887,41.45366,353.37,0.41,0.61,2024-06-18,1101,N,VIIRS,n,2,322.17,17.68,D,0
36.93174,41.44324,356.67,0.41,0.6,2024-06-18,1101,N,VIIRS,n,2,323.32,7.29,D,0
36.94014,42.17345,344.69,0.45,0.63,2024-06-18,1101,N,VIIRS,n,2,318.38,2.19,D,2
36.94478,38.49822,345.34,0.56,0.52,2024-06-18,1101,N,VIIRS,n,2,315.55,7.76,D,0
36.94818,42.13231,367.0,0.45,0.63,2024-06-18,1101,N,VIIRS,h,2,322.39,5.44,D,2
36.96197,38.9707,353.2,0.6,0.53,2024-06-18,1101,N,VIIRS,n,2,317.43,14.18,D,0
36.97815,31.00654,348.81,0.4,0.37,2024-06-18,1101,N,VIIRS,n,2,308.26,4.46,D,0
36.98148,42.29628,367.0,0.46,0.63,2024-06-18,1101,N,VIIRS,h,2,318.88,8.14,D,0
36.98151,31.00582,344.87,0.4,0.37,2024-06-18,1101,N,VIIRS,n,2,308.3,4.46,D,0
36.98262,40.20266,356.93,0.35,0.57,2024-06-18,1101,N,VIIRS,n,2,325.38,14.39,D,0
36.98286,40.20666,367.0,0.35,0.57,2024-06-18,1101,N,VIIRS,h,2,330.98,16.39,D,0
36.9831,40.21067,349.51,0.35,0.57,2024-06-18,1101,N,VIIRS,n,2,319.96,16.39,D,0
36.9841,41.53492,367.0,0.41,0.61,2024-06-18,1101,N,VIIRS,h,2,322.73,12.32,D,0
36.98434,41.53969,367.0,0.41,0.61,2024-06-18,1101,N,VIIRS,h,2,324.03,19.94,D,0
36.98471,42.29764,367.0,0.46,0.63,2024-06-18,1101,N,VIIRS,h,2,318.07,12.7,D,0
36.98789,40.20203,367.0,0.35,0.57,2024-06-18,1101,N,VIIRS,h,2,325.72,5.33,D,0
36.98813,40.20605,367.0,0.35,0.57,2024-06-18,1101,N,VIIRS,h,2,324.55,7.88,D,0
36.98964,39.6528,367.0,0.32,0.55,2024-06-18,1101,N,VIIRS,h,2,320.68,7.51,D,0
36.99475,39.65226,350.07,0.32,0.55,2024-06-18,1101,N,VIIRS,n,2,317.81,3.94,D,0
37.00071,27.31862,349.16,0.4,0.37,2024-06-18,1101,N,VIIRS,n,2,317.46,17.68,D,0
37.00146,27.32301,348.33,0.4,0.37,2024-06-18,1101,N,VIIRS,n,2,312.2,17.68,D,0
37.00333,27.31338,343.17,0.4,0.37,2024-06-18,1101,N,VIIRS,n,2,314.32,8.4,D,0
37.00408,27.31777,353.85,0.4,0.37,2024-06-18,1101,N,VIIRS,n,2,316.37,17.68,D,0
37.00508,38.46531,345.13,0.56,0.51,2024-06-18,1101,N,VIIRS,n,2,315.11,31.37,D,0
37.00525,41.39557,353.83,0.41,0.6,2024-06-18,1101,N,VIIRS,n,2,322.85,6.02,D,0
37.00556,38.47171,347.27,0.56,0.51,2024-06-18,1101,N,VIIRS,n,2,321.03,31.93,D,0
37.01034,38.47114,346.18,0.56,0.51,2024-06-18,1101,N,VIIRS,n,2,316.46,31.93,D,0
37.01873,41.37708,367.0,0.41,0.6,2024-06-18,1101,N,VIIRS,h,2,323.7,12.21,D,0
37.02113,41.37545,354.61,0.41,0.6,2024-06-18,1101,N,VIIRS,n,2,319.66,4.43,D,0
37.02139,41.3801,352.73,0.41,0.6,2024-06-18,1101,N,VIIRS,n,2,320.18,4.43,D,0
37.02638,40.48943,367.0,0.36,0.58,2024-06-18,1101,N,VIIRS,h,2,328.41,7.93,D,0
37.03473,41.24483,352.17,0.4,0.6,2024-06-18,1101,N,VIIRS,n,2,321.85,7.27,D,0
37.05931,41.51132,367.0,0.41,0.61,2024-06-18,1101,N,VIIRS,h,2,321.81,9.39,D,0
37.05955,41.51606,348.73,0.41,0.61,2024-06-18,1101,N,VIIRS,n,2,318.76,9.95,D,0
37.07827,38.98499,349.54,0.6,0.53,2024-06-18,1101,N,VIIRS,n,2,320.1,13.41,D,0
37.07959,38.98383,348.98,0.6,0.53,2024-06-18,1101,N,VIIRS,n,2,318.42,9.68,D,0
37.09393,43.53396,355.64,0.53,0.67,2024-06-18,1101,N,VIIRS,n,2,315.42,39.09,D,0
37.0941,43.53878,351.96,0.54,0.67,2024-06-18,1101,N,VIIRS,n,2,306.96,28.82,D,0
37.13066,42.72189,354.43,0.48,0.65,2024-06-18,1101,N,VIIRS,n,2,313.62,14.11,D,0
37.13087,42.72721,367.0,0.48,0.65,2024-06-18,1101,N,VIIRS,h,2,317.83,14.11,D,0
37.1525,38.89267,346.6,0.59,0.53,2024-06-18,1101,N,VIIRS,n,2,318.38,12.25,D,0
37.19487,39.8927,367.0,0.34,0.56,2024-06-18,1101,N,VIIRS,h,2,320.45,13.73,D,0
37.21954,36.38664,344.64,0.43,0.46,2024-06-18,1101,N,VIIRS,n,2,308.89,9.89,D,0
37.23951,36.36904,346.29,0.43,0.46,2024-06-18,1101,N,VIIRS,n,2,309.49,5.56,D,0
37.2982,42.38026,347.75,0.46,0.64,2024-06-18,1101,N,VIIRS,n,2,320.53,6.76,D,0
37.3748,36.89013,356.88,0.46,0.47,2024-06-18,1101,N,VIIRS,n,2,319.33,20.6,D,0
37.54579,38.43446,353.08,0.56,0.52,2024-06-18,1101,N,VIIRS,n,2,322.52,27.91,D,0
37.55061,38.434,367.0,0.56,0.52,2024-06-18,1101,N,VIIRS,h,2,325.3,41.59,D,0
37.55542,38.43366,367.0,0.56,0.52,2024-06-18,1101,N,VIIRS,h,2,318.93,41.59,D,0
37.56823,39.39222,367.0,0.32,0.54,2024-06-18,1101,N,VIIRS,h,2,320.53,6.96,D,0
37.81141,40.71519,343.86,0.38,0.59,2024-06-18,1101,N,VIIRS,n,2,316.16,9.85,D,0
37.81166,40.7197,367.0,0.38,0.59,2024-06-18,1101,N,VIIRS,h,2,318.87,14.27,D,0
37.81192,40.72422,352.63,0.38,0.59,2024-06-18,1101,N,VIIRS,n,2,317.27,14.27,D,0
37.8174,40.72392,342.1,0.38,0.59,2024-06-18,1101,N,VIIRS,n,2,315.74,6.34,D,0
37.81765,40.72842,348.69,0.38,0.59,2024-06-18,1101,N,VIIRS,n,2,316.36,7.08,D,0
37.83451,41.03334,367.0,0.39,0.6,2024-06-18,1101,N,VIIRS,h,2,321.94,18.37,D,0
37.87984,40.85349,353.8,0.39,0.59,2024-06-18,1101,N,VIIRS,n,2,318.72,8.46,D,0
37.88535,40.85305,367.0,0.39,0.59,2024-06-18,1101,N,VIIRS,h,2,319.72,10.19,D,0
38.28302,34.03808,354.08,0.52,0.41,2024-06-18,1101,N,VIIRS,n,2,320.53,12.4,D,0
41.81392,27.129,355.12,0.39,0.36,2024-06-18,1102,N,VIIRS,n,2,316.15,7.51,D,0
41.81466,27.13361,346.66,0.39,0.36,2024-06-18,1102,N,VIIRS,n,2,314.32,5.1,D,0
42.21843,26.75904,344.42,0.39,0.36,2024-06-18,1102,N,VIIRS,n,2,313.29,3.23,D,0
38.65175,39.77105,304.27,0.4,0.37,2024-06-18,2320,N,VIIRS,n,2,292.32,0.8,N,2
38.66348,39.2335,307.21,0.39,0.36,2024-06-18,2320,N,VIIRS,n,2,293.27,0.93,N,2
38.89146,41.569,300.79,0.44,0.39,2024-06-18,2320,N,VIIRS,n,2,290.05,0.95,N,0
39.7234,36.93557,302.26,0.39,0.36,2024-06-18,2320,N,VIIRS,n,2,288.16,0.94,N,2
39.83672,30.29987,305.78,0.47,0.48,2024-06-18,2320,N,VIIRS,n,2,287.8,1.44,N,2
39.94231,40.58352,295.84,0.41,0.37,2024-06-18,2320,N,VIIRS,n,2,285.08,0.44,N,0
39.9441,33.19169,303.02,0.51,0.41,2024-06-18,2320,N,VIIRS,n,2,290.54,0.96,N,2
40.22438,38.21233,301.09,0.38,0.36,2024-06-18,2320,N,VIIRS,n,2,286.77,0.55,N,0
40.24128,29.92459,296.06,0.49,0.49,2024-06-18,2320,N,VIIRS,n,2,283.82,0.57,N,2
40.25978,30.0435,301.38,0.49,0.48,2024-06-18,2320,N,VIIRS,n,2,286.83,0.73,N,2
40.27277,26.33163,327.06,0.38,0.59,2024-06-18,2320,N,VIIRS,n,2,292.93,1.86,N,0
40.27301,26.32664,308.38,0.38,0.59,2024-06-18,2320,N,VIIRS,n,2,292.79,1.86,N,0
40.27316,26.3308,336.74,0.38,0.59,2024-06-18,2320,N,VIIRS,n,2,293.86,2.35,N,0
40.27783,26.34121,308.3,0.38,0.59,2024-06-18,2320,N,VIIRS,n,2,292.09,3.26,N,0
40.27805,26.33647,322.62,0.38,0.59,2024-06-18,2320,N,VIIRS,n,2,293.36,3.26,N,0
40.27815,26.34042,312.43,0.38,0.59,2024-06-18,2320,N,VIIRS,n,2,292.14,1.95,N,0
40.27829,26.33145,321.81,0.38,0.59,2024-06-18,2320,N,VIIRS,n,2,293.86,3.35,N,0
40.27842,26.33561,323.15,0.38,0.59,2024-06-18,2320,N,VIIRS,n,2,293.55,2.35,N,0
40.27868,26.33059,318.1,0.38,0.59,2024-06-18,2320,N,VIIRS,n,2,293.91,2.35,N,0
40.28288,26.35065,305.38,0.38,0.59,2024-06-18,2320,N,VIIRS,n,2,292.4,2.34,N,0
40.28311,26.34595,327.38,0.38,0.59,2024-06-18,2320,N,VIIRS,n,2,293.33,2.34,N,0
40.28334,26.3412,347.5,0.38,0.59,2024-06-18,2320,N,VIIRS,n,2,295.34,3.26,N,0
40.29847,26.36978,303.36,0.38,0.59,2024-06-18,2320,N,VIIRS,n,2,291.79,0.42,N,0
40.41721,26.53119,367.0,0.37,0.58,2024-06-18,2320,N,VIIRS,h,2,292.47,9.92,N,0
40.41745,26.52642,316.16,0.37,0.58,2024-06-18,2320,N,VIIRS,n,2,291.65,8.18,N,0
40.42265,26.53169,367.0,0.37,0.58,2024-06-18,2320,N,VIIRS,h,2,295.87,9.92,N,0
40.42289,26.5269,307.04,0.37,0.58,2024-06-18,2320,N,VIIRS,n,2,291.23,8.18,N,0
40.57691,43.00558,297.22,0.47,0.4,2024-06-18,2320,N,VIIRS,n,2,283.85,0.52,N,0
40.65821,29.42963,329.36,0.53,0.5,2024-06-18,2320,N,VIIRS,n,2,286.95,4.35,N,0
40.757,31.78254,301.44,0.4,0.44,2024-06-18,2320,N,VIIRS,n,2,286.68,1.02,N,2
40.93579,35.88348,299.58,0.42,0.38,2024-06-18,2320,N,VIIRS,n,2,286.85,0.7,N,2
41.02255,28.55459,308.72,0.59,0.53,2024-06-18,2320,N,VIIRS,n,2,293.01,2.08,N,2
41.10711,37.3237,308.21,0.39,0.36,2024-06-18,2320,N,VIIRS,n,2,291.03,0.86,N,2
41.17231,32.63262,308.06,0.56,0.43,2024-06-18,2320,N,VIIRS,n,2,290.01,1.82,N,2
41.17447,32.63287,314.44,0.56,0.43,2024-06-18,2320,N,VIIRS,n,2,291.1,2.66,N,2
41.17844,32.63354,319.32,0.56,0.43,2024-06-18,2320,N,VIIRS,n,2,291.61,3.38,N,2
41.24187,36.46568,330.45,0.41,0.37,2024-06-18,2320,N,VIIRS,n,2,293.42,4.33,N,2
41.25543,31.41453,300.58,0.43,0.46,2024-06-18,2320,N,VIIRS,n,2,276.81,0.81,N,2
41.26291,31.42616,301.3,0.42,0.46,2024-06-18,2320,N,VIIRS,n,2,279.92,1.19,N,2
41.26713,31.42687,312.43,0.42,0.46,2024-06-18,2320,N,VIIRS,n,2,277.22,1.19,N,2
41.26761,31.42173,301.99,0.43,0.46,2024-06-18,2320,N,VIIRS,n,2,279.47,1.19,N,2
41.62839,27.68524,303.29,0.33,0.55,2024-06-18,2320,N,VIIRS,n,2,289.33,0.92,N,2
41.63351,27.50466,302.3,0.34,0.56,2024-06-18,2320,N,VIIRS,n,2,290.02,0.71,N,2
35.50813,44.3749,308.49,0.45,0.47,2024-06-18,2321,N,VIIRS,n,2,297.13,1.94,N,2
35.5111,36.26645,303.03,0.39,0.36,2024-06-18,2321,N,VIIRS,n,2,290.13,0.28,N,0
35.51234,44.37622,324.6,0.45,0.47,2024-06-18,2321,N,VIIRS,n,2,300.99,3.26,N,2
35.52093,44.25607,309.64,0.44,0.46,2024-06-18,2321,N,VIIRS,n,2,293.71,0.72,N,0
35.52393,44.34402,342.6,0.45,0.47,2024-06-18,2321,N,VIIRS,n,2,298.93,4.74,N,2
35.52498,44.33925,309.12,0.44,0.46,2024-06-18,2321,N,VIIRS,n,2,298.44,4.74,N,2
35.52812,44.34536,325.35,0.45,0.47,2024-06-18,2321,N,VIIRS,n,2,298.39,3.66,N,2
35.52917,44.3406,343.66,0.44,0.46,2024-06-18,2321,N,VIIRS,n,2,301.69,3.66,N,2
35.53023,44.33581,310.15,0.44,0.46,2024-06-18,2321,N,VIIRS,n,2,300.12,4.25,N,2
35.53337,44.34192,307.52,0.44,0.46,2024-06-18,2321,N,VIIRS,n,2,297.31,3.66,N,2
35.53442,44.33711,316.04,0.44,0.46,2024-06-18,2321,N,VIIRS,n,2,299.15,4.25,N,2
35.55729,43.26359,305.96,0.39,0.44,2024-06-18,2321,N,VIIRS,n,2,293.11,1.05,N,0
35.56371,44.28514,322.54,0.44,0.46,2024-06-18,2321,N,VIIRS,n,2,298.23,2.74,N,2
35.57313,43.26862,324.21,0.39,0.44,2024-06-18,2321,N,VIIRS,n,2,294.38,1.93,N,0
35.57401,43.26438,332.78,0.39,0.44,2024-06-18,2321,N,VIIRS,n,2,294.53,3.71,N,0
35.58628,44.14056,318.42,0.43,0.46,2024-06-18,2321,N,VIIRS,n,2,294.61,2.09,N,0
35.59042,44.14191,338.33,0.43,0.46,2024-06-18,2321,N,VIIRS,n,2,294.96,3.12,N,0
35.59455,44.14326,314.63,0.43,0.46,2024-06-18,2321,N,VIIRS,n,2,292.7,3.12,N,0
35.59549,44.11849,331.28,0.43,0.46,2024-06-18,2321,N,VIIRS,n,2,295.93,2.83,N,0
35.59651,44.1138,324.01,0.43,0.46,2024-06-18,2321,N,VIIRS,n,2,294.57,3.57,N,0
35.59861,44.12454,312.04,0.43,0.46,2024-06-18,2321,N,VIIRS,n,2,293.73,2.83,N,0
35.59962,44.11987,333.86,0.43,0.46,2024-06-18,2321,N,VIIRS,n,2,295.17,2.83,N,0
35.60274,44.12591,312.36,0.43,0.46,2024-06-18,2321,N,VIIRS,n,2,292.34,1.27,N,0
35.60576,44.11191,304.4,0.43,0.46,2024-06-18,2321,N,VIIRS,n,2,291.99,0.55,N,0
35.62776,44.00993,336.96,0.43,0.46,2024-06-18,2321,N,VIIRS,n,2,303.52,9.69,N,2
35.62875,44.00534,331.15,0.43,0.46,2024-06-18,2321,N,VIIRS,n,2,297.39,8.55,N,2
35.66073,43.96339,325.74,0.42,0.45,2024-06-18,2321,N,VIIRS,n,2,298.96,3.58,N,2
35.67738,44.06792,311.16,0.43,0.46,2024-06-18,2321,N,VIIRS,n,2,298.47,2.71,N,2
35.6848,43.87355,340.66,0.42,0.45,2024-06-18,2321,N,VIIRS,n,2,303.07,24.19,N,2
35.71977,43.77293,313.53,0.41,0.45,2024-06-18,2321,N,VIIRS,n,2,302.84,2.94,N,2
35.72253,44.04235,321.35,0.43,0.46,2024-06-18,2321,N,VIIRS,n,2,299.64,3.38,N,2
35.72353,44.03775,326.71,0.43,0.46,2024-06-18,2321,N,VIIRS,n,2,300.49,3.38,N,2
35.72665,44.04363,326.81,0.43,0.46,2024-06-18,2321,N,VIIRS,n,2,299.89,3.38,N,2
35.72765,44.03898,335.35,0.43,0.46,2024-06-18,2321,N,VIIRS,n,2,301.11,3.38,N,2
35.72865,44.03438,327.82,0.43,0.46,2024-06-18,2321,N,VIIRS,n,2,300.52,3.1,N,2
35.72963,44.02981,315.84,0.42,0.46,2024-06-18,2321,N,VIIRS,n,2,299.59,3.1,N,2
35.77224,43.9971,328.95,0.42,0.45,2024-06-18,2321,N,VIIRS,n,2,300.85,3.01,N,2
35.77324,43.99256,312.51,0.42,0.45,2024-06-18,2321,N,VIIRS,n,2,300.04,3.01,N,2
35.8137,43.25679,310.43,0.39,0.44,2024-06-18,2321,N,VIIRS,n,2,298.93,1.4,N,2
35.90155,36.99195,304.78,0.38,0.36,2024-06-18,2321,N,VIIRS,n,2,292.72,0.67,N,0
35.90221,36.98773,312.76,0.38,0.36,2024-06-18,2321,N,VIIRS,n,2,292.82,1.03,N,0
35.90485,36.99273,310.69,0.38,0.36,2024-06-18,2321,N,VIIRS,n,2,291.95,0.67,N,0
35.92436,43.78758,329.61,0.41,0.45,2024-06-18,2321,N,VIIRS,n,2,299.72,3.68,N,2
35.95481,43.72657,306.74,0.41,0.45,2024-06-18,2321,N,VIIRS,n,2,296.57,1.89,N,2
35.96291,44.05178,324.21,0.42,0.45,2024-06-18,2321,N,VIIRS,n,2,295.66,2.88,N,0
35.96312,44.05379,326.85,0.42,0.45,2024-06-18,2321,N,VIIRS,n,2,296.16,3.45,N,0
35.96413,44.04924,338.89,0.42,0.45,2024-06-18,2321,N,VIIRS,n,2,297.0,3.45,N,0
35.967,44.05311,354.0,0.42,0.45,2024-06-18,2321,N,VIIRS,n,2,301.14,8.69,N,0
35.96721,44.05511,332.77,0.42,0.45,2024-06-18,2321,N,VIIRS,n,2,298.61,3.45,N,0
35.96733,43.76833,311.42,0.41,0.45,2024-06-18,2321,N,VIIRS,n,2,300.63,3.47,N,2
35.96821,44.05056,321.88,0.42,0.45,2024-06-18,2321,N,VIIRS,n,2,297.12,3.45,N,0
35.9683,43.76382,316.33,0.41,0.45,2024-06-18,2321,N,VIIRS,n,2,301.51,3.47,N,2
35.97036,43.77427,312.89,0.41,0.45,2024-06-18,2321,N,VIIRS,n,2,299.4,2.63,N,2
35.97533,43.7712,312.76,0.41,0.45,2024-06-18,2321,N,VIIRS,n,2,299.55,1.78,N,2
35.98029,43.76813,314.72,0.41,0.45,2024-06-18,2321,N,VIIRS,n,2,299.92,1.78,N,2
35.99919,43.76026,318.5,0.41,0.45,2024-06-18,2321,N,VIIRS,n,2,297.56,2.43,N,2
36.01606,43.68097,321.91,0.4,0.44,2024-06-18,2321,N,VIIRS,n,2,296.41,2.15,N,2
36.02007,43.68224,316.68,0.4,0.44,2024-06-18,2321,N,VIIRS,n,2,298.37,1.96,N,2
36.02652,37.95639,304.16,0.39,0.36,2024-06-18,2321,N,VIIRS,n,2,291.89,0.51,N,0
36.0817,38.88912,306.48,0.4,0.37,2024-06-18,2321,N,VIIRS,n,2,291.27,0.24,N,0
36.09825,43.63081,309.33,0.4,0.44,2024-06-18,2321,N,VIIRS,n,2,293.61,1.07,N,0
36.11493,37.86994,312.59,0.39,0.36,2024-06-18,2321,N,VIIRS,n,2,291.83,0.98,N,0
36.11745,37.39165,311.94,0.38,0.36,2024-06-18,2321,N,VIIRS,n,2,292.04,0.9,N,0
36.13166,40.80921,311.33,0.45,0.39,2024-06-18,2321,N,VIIRS,n,2,296.12,1.58,N,2
36.13557,37.50852,301.12,0.38,0.36,2024-06-18,2321,N,VIIRS,n,2,290.24,0.31,N,0
36.13835,43.95808,318.36,0.41,0.45,2024-06-18,2321,N,VIIRS,n,2,294.76,1.63,N,0
36.14129,40.81721,325.82,0.45,0.39,2024-06-18,2321,N,VIIRS,n,2,295.45,2.24,N,2
36.14804,43.79391,340.8,0.41,0.45,2024-06-18,2321,N,VIIRS,n,2,301.07,6.25,N,2
36.16617,41.04657,306.97,0.46,0.39,2024-06-18,2321,N,VIIRS,n,2,296.78,0.75,N,0
36.22795,38.98272,307.02,0.4,0.37,2024-06-18,2321,N,VIIRS,n,2,290.14,2.89,N,0
36.23129,38.98359,338.09,0.4,0.37,2024-06-18,2321,N,VIIRS,n,2,294.21,2.89,N,0
36.26129,33.72788,314.28,0.45,0.39,2024-06-18,2321,N,VIIRS,n,2,297.06,1.67,N,2
36.26484,33.72858,314.14,0.45,0.39,2024-06-18,2321,N,VIIRS,n,2,297.22,1.67,N,2
36.30368,37.17726,304.31,0.38,0.36,2024-06-18,2321,N,VIIRS,n,2,293.79,0.25,N,0
36.3166,36.26653,308.49,0.39,0.36,2024-06-18,2321,N,VIIRS,n,2,295.83,0.6,N,0
36.3275,37.04637,308.81,0.38,0.36,2024-06-18,2321,N,VIIRS,n,2,294.58,1.1,N,0
36.34317,42.43608,304.92,0.52,0.42,2024-06-18,2321,N,VIIRS,n,2,293.81,0.35,N,0
36.34958,42.07336,312.33,0.5,0.41,2024-06-18,2321,N,VIIRS,n,2,301.31,3.02,N,2
36.35042,43.542,325.43,0.39,0.44,2024-06-18,2321,N,VIIRS,n,2,295.31,2.53,N,0
36.44182,42.92921,309.55,0.55,0.42,2024-06-18,2321,N,VIIRS,n,2,297.66,2.25,N,2
36.45797,41.28154,305.62,0.46,0.39,2024-06-18,2321,N,VIIRS,n,2,294.66,0.83,N,2
36.69517,36.2075,313.6,0.39,0.36,2024-06-18,2321,N,VIIRS,n,2,298.53,2.13,N,2
36.71706,36.19894,318.25,0.39,0.36,2024-06-18,2321,N,VIIRS,n,2,298.1,2.31,N,2
36.72017,42.59947,308.51,0.52,0.42,2024-06-18,2321,N,VIIRS,n,2,294.46,0.86,N,2
36.72908,36.21068,318.96,0.39,0.36,2024-06-18,2321,N,VIIRS,n,2,299.04,2.42,N,2
36.7324,36.21144,308.85,0.39,0.36,2024-06-18,2321,N,VIIRS,n,2,298.27,1.46,N,2
36.73637,36.20784,310.89,0.39,0.36,2024-06-18,2321,N,VIIRS,n,2,299.3,1.46,N,2
36.73744,36.21109,309.33,0.39,0.36,2024-06-18,2321,N,VIIRS,n,2,298.58,1.45,N,2
36.74076,36.21186,312.39,0.39,0.36,2024-06-18,2321,N,VIIRS,n,2,299.15,1.45,N,2
36.77468,43.32637,330.14,0.56,0.43,2024-06-18,2321,N,VIIRS,n,2,297.06,4.09,N,2
36.776,43.32018,316.68,0.56,0.43,2024-06-18,2321,N,VIIRS,n,2,296.01,4.09,N,2
36.77642,43.32645,330.47,0.56,0.43,2024-06-18,2321,N,VIIRS,n,2,299.25,5.26,N,2
36.78813,38.07845,332.49,0.39,0.36,2024-06-18,2321,N,VIIRS,n,2,297.53,2.79,N,0
36.79327,41.32661,337.6,0.46,0.39,2024-06-18,2321,N,VIIRS,n,2,292.92,5.69,N,0
36.79461,40.30188,303.11,0.43,0.38,2024-06-18,2321,N,VIIRS,n,2,291.03,0.61,N,0
36.79683,41.32766,342.16,0.46,0.39,2024-06-18,2321,N,VIIRS,n,2,294.59,5.69,N,0
36.79804,40.30286,304.4,0.43,0.38,2024-06-18,2321,N,VIIRS,n,2,292.08,0.61,N,0
36.80014,37.01896,313.42,0.38,0.36,2024-06-18,2321,N,VIIRS,n,2,298.36,1.39,N,2
36.80147,40.30384,303.69,0.43,0.38,2024-06-18,2321,N,VIIRS,n,2,293.0,0.68,N,0
36.8512,42.80245,319.83,0.53,0.42,2024-06-18,2321,N,VIIRS,n,2,293.09,3.02,N,0
36.86765,43.48769,312.39,0.57,0.43,2024-06-18,2321,N,VIIRS,n,2,295.27,2.21,N,2
36.86956,43.4874,309.4,0.57,0.43,2024-06-18,2321,N,VIIRS,n,2,295.03,1.63,N,2
36.86996,34.76495,315.15,0.42,0.38,2024-06-18,2321,N,VIIRS,n,2,298.07,2.7,N,2
36.89301,43.42699,321.31,0.57,0.43,2024-06-18,2321,N,VIIRS,n,2,293.38,3.29,N,2
36.90482,43.3907,330.14,0.56,0.43,2024-06-18,2321,N,VIIRS,n,2,292.64,2.5,N,2
36.90805,38.91508,335.0,0.4,0.37,2024-06-18,2321,N,VIIRS,n,2,293.21,3.88,N,0
36.90868,43.39203,313.18,0.56,0.43,2024-06-18,2321,N,VIIRS,n,2,292.83,2.5,N,2
36.91396,41.89624,307.12,0.48,0.4,2024-06-18,2321,N,VIIRS,n,2,290.87,0.82,N,2
36.91875,39.09749,301.07,0.4,0.37,2024-06-18,2321,N,VIIRS,n,2,289.78,1.23,N,0
36.92133,39.1028,334.6,0.4,0.37,2024-06-18,2321,N,VIIRS,n,2,290.94,2.75,N,0
36.92208,39.09838,327.34,0.4,0.37,2024-06-18,2321,N,VIIRS,n,2,290.44,1.23,N,0
36.92283,39.09396,301.71,0.4,0.37,2024-06-18,2321,N,VIIRS,n,2,290.72,1.23,N,0
36.92466,39.10369,310.22,0.4,0.37,2024-06-18,2321,N,VIIRS,n,2,291.74,0.84,N,0
36.92541,39.09927,302.53,0.4,0.37,2024-06-18,2321,N,VIIRS,n,2,291.29,0.55,N,0
36.9318,35.99931,309.48,0.39,0.36,2024-06-18,2321,N,VIIRS,n,2,297.95,1.54,N,2
36.93359,30.6469,310.72,0.42,0.45,2024-06-18,2321,N,VIIRS,n,2,296.33,1.7,N,2
36.9349,42.13248,313.07,0.49,0.41,2024-06-18,2321,N,VIIRS,n,2,293.15,1.42,N,2
36.93714,41.4652,300.97,0.46,0.39,2024-06-18,2321,N,VIIRS,n,2,290.34,1.07,N,0
36.94263,38.442,333.44,0.39,0.36,2024-06-18,2321,N,VIIRS,n,2,294.86,8.47,N,0
36.94298,42.16998,313.79,0.5,0.41,2024-06-18,2321,N,VIIRS,n,2,293.82,1.54,N,2
36.94386,39.13878,308.26,0.4,0.37,2024-06-18,2321,N,VIIRS,n,2,290.28,1.07,N,0
36.94462,39.13436,317.33,0.4,0.37,2024-06-18,2321,N,VIIRS,n,2,290.83,1.07,N,0
36.94593,38.44285,319.86,0.39,0.36,2024-06-18,2321,N,VIIRS,n,2,291.77,1.06,N,0
36.94698,42.13038,340.82,0.49,0.41,2024-06-18,2321,N,VIIRS,n,2,299.08,6.71,N,2
36.95129,39.13614,311.22,0.4,0.37,2024-06-18,2321,N,VIIRS,n,2,292.36,0.92,N,0
36.95281,39.12729,301.51,0.4,0.37,2024-06-18,2321,N,VIIRS,n,2,290.56,0.36,N,0
36.95368,38.35464,310.22,0.39,0.36,2024-06-18,2321,N,VIIRS,n,2,292.08,0.79,N,0
36.95698,38.35549,311.26,0.39,0.36,2024-06-18,2321,N,VIIRS,n,2,292.0,0.79,N,0
36.95843,39.1149,331.79,0.4,0.37,2024-06-18,2321,N,VIIRS,n,2,293.17,3.27,N,0
36.96101,39.12021,330.9,0.4,0.37,2024-06-18,2321,N,VIIRS,n,2,293.42,3.08,N,0
36.96177,39.1158,344.91,0.4,0.37,2024-06-18,2321,N,VIIRS,n,2,297.72,10.49,N,0
36.96399,42.08388,318.35,0.49,0.4,2024-06-18,2321,N,VIIRS,n,2,291.22,0.86,N,2
36.96401,35.45385,312.27,0.4,0.37,2024-06-18,2321,N,VIIRS,n,2,297.65,1.17,N,2
36.96464,35.44932,307.91,0.4,0.37,2024-06-18,2321,N,VIIRS,n,2,297.81,1.17,N,0
36.97546,40.19402,309.59,0.42,0.38,2024-06-18,2321,N,VIIRS,n,2,293.55,1.14,N,0
36.97828,38.28892,331.18,0.39,0.36,2024-06-18,2321,N,VIIRS,n,2,293.06,2.57,N,0
36.98158,38.28976,322.51,0.39,0.36,2024-06-18,2321,N,VIIRS,n,2,293.41,2.57,N,0
36.99202,42.00078,302.45,0.49,0.4,2024-06-18,2321,N,VIIRS,n,2,291.98,0.55,N,2
36.99264,40.35685,304.24,0.43,0.38,2024-06-18,2321,N,VIIRS,n,2,292.27,1.49,N,0
36.99349,40.35213,314.98,0.43,0.38,2024-06-18,2321,N,VIIRS,n,2,289.83,1.37,N,0
36.99607,40.35781,329.5,0.43,0.38,2024-06-18,2321,N,VIIRS,n,2,320.27,42.58,N,0
36.99693,40.35309,341.55,0.43,0.38,2024-06-18,2321,N,VIIRS,n,2,305.47,37.68,N,0
36.9995,40.35878,355.68,0.43,0.38,2024-06-18,2321,N,VIIRS,n,2,299.63,42.58,N,0
37.00036,40.35405,341.02,0.43,0.38,2024-06-18,2321,N,VIIRS,n,2,310.76,37.68,N,0
37.00208,40.36449,339.88,0.43,0.38,2024-06-18,2321,N,VIIRS,n,2,294.25,5.39,N,0
37.00293,40.35976,330.86,0.43,0.38,2024-06-18,2321,N,VIIRS,n,2,291.95,5.39,N,0
37.00379,40.35503,318.95,0.43,0.38,2024-06-18,2321,N,VIIRS,n,2,289.9,3.44,N,0
37.00551,40.36546,327.5,0.43,0.38,2024-06-18,2321,N,VIIRS,n,2,290.78,5.39,N,0
37.00656,39.66893,326.48,0.41,0.37,2024-06-18,2321,N,VIIRS,n,2,294.9,6.99,N,0
37.00735,39.6644,332.44,0.41,0.37,2024-06-18,2321,N,VIIRS,n,2,296.07,6.99,N,0
37.01669,38.93683,304.29,0.39,0.37,2024-06-18,2321,N,VIIRS,n,2,290.8,0.45,N,0
37.02001,38.9377,301.53,0.39,0.37,2024-06-18,2321,N,VIIRS,n,2,290.8,0.25,N,0
37.02598,39.08664,331.08,0.4,0.37,2024-06-18,2321,N,VIIRS,n,2,293.5,3.33,N,0
37.02618,39.00368,311.52,0.4,0.37,2024-06-18,2321,N,VIIRS,n,2,293.09,0.81,N,0
37.02693,38.99928,302.63,0.4,0.37,2024-06-18,2321,N,VIIRS,n,2,292.15,0.81,N,0
37.02931,39.08753,332.71,0.4,0.37,2024-06-18,2321,N,VIIRS,n,2,297.59,6.61,N,0
37.02951,39.00456,338.9,0.4,0.37,2024-06-18,2321,N,VIIRS,n,2,295.08,1.65,N,0
37.03025,39.00016,302.66,0.4,0.37,2024-06-18,2321,N,VIIRS,n,2,292.22,1.65,N,0
37.03283,39.00544,305.17,0.4,0.37,2024-06-18,2321,N,VIIRS,n,2,293.81,1.65,N,0
37.03298,40.36121,312.41,0.43,0.38,2024-06-18,2321,N,VIIRS,n,2,290.76,1.67,N,0
37.03385,40.35649,326.15,0.43,0.38,2024-06-18,2321,N,VIIRS,n,2,291.58,1.67,N,0
37.03553,40.35903,342.23,0.43,0.38,2024-06-18,2321,N,VIIRS,n,2,292.69,4.83,N,0
37.03646,41.53998,302.96,0.47,0.39,2024-06-18,2321,N,VIIRS,n,2,292.48,10.44,N,0
37.03728,40.35747,317.26,0.43,0.38,2024-06-18,2321,N,VIIRS,n,2,289.2,1.67,N,0
37.04004,41.54103,344.31,0.47,0.39,2024-06-18,2321,N,VIIRS,n,2,300.27,10.44,N,0
37.04369,40.53898,316.8,0.43,0.38,2024-06-18,2321,N,VIIRS,n,2,292.62,6.43,N,0
37.04626,40.54474,328.13,0.43,0.38,2024-06-18,2321,N,VIIRS,n,2,292.42,6.43,N,0
37.04714,40.53997,346.74,0.43,0.38,2024-06-18,2321,N,VIIRS,n,2,302.06,6.43,N,0
37.0472,40.51993,342.83,0.43,0.38,2024-06-18,2321,N,VIIRS,n,2,295.77,17.98,N,0
37.04977,40.52567,308.18,0.43,0.38,2024-06-18,2321,N,VIIRS,n,2,290.05,17.98,N,0
37.05064,40.52091,339.88,0.43,0.38,2024-06-18,2321,N,VIIRS,n,2,304.61,17.98,N,0
37.06588,40.61598,308.34,0.43,0.38,2024-06-18,2321,N,VIIRS,n,2,293.71,1.83,N,0
37.06676,40.61116,304.03,0.43,0.38,2024-06-18,2321,N,VIIRS,n,2,291.98,0.65,N,0
37.06757,40.6266,343.66,0.43,0.38,2024-06-18,2321,N,VIIRS,n,2,296.55,9.58,N,0
37.07014,40.6324,330.83,0.43,0.38,2024-06-18,2321,N,VIIRS,n,2,292.51,1.87,N,0
37.07103,40.62759,301.53,0.43,0.38,2024-06-18,2321,N,VIIRS,n,2,290.45,1.87,N,0
37.07743,42.55653,318.09,0.51,0.41,2024-06-18,2321,N,VIIRS,n,2,297.24,3.03,N,2
37.07751,40.43358,300.97,0.43,0.38,2024-06-18,2321,N,VIIRS,n,2,289.5,0.5,N,0
37.08809,41.56611,306.33,0.47,0.39,2024-06-18,2321,N,VIIRS,n,2,291.6,0.9,N,0
37.08811,43.52789,352.2,0.57,0.43,2024-06-18,2321,N,VIIRS,n,2,299.72,8.88,N,0
37.08815,43.54734,305.3,0.57,0.43,2024-06-18,2321,N,VIIRS,n,2,294.28,1.91,N,0
37.09217,43.52838,308.91,0.57,0.43,2024-06-18,2321,N,VIIRS,n,2,295.7,8.88,N,0
37.09914,43.53471,307.46,0.57,0.43,2024-06-18,2321,N,VIIRS,n,2,293.36,1.82,N,0
37.10194,39.01695,316.32,0.4,0.37,2024-06-18,2321,N,VIIRS,n,2,293.13,0.84,N,0
37.10324,43.53497,307.25,0.57,0.43,2024-06-18,2321,N,VIIRS,n,2,293.08,0.82,N,0
37.10665,38.86669,335.78,0.39,0.36,2024-06-18,2321,N,VIIRS,n,2,299.05,15.13,N,0
37.11014,41.58904,304.16,0.47,0.4,2024-06-18,2321,N,VIIRS,n,2,293.37,0.82,N,0
37.1166,38.8693,308.4,0.39,0.36,2024-06-18,2321,N,VIIRS,n,2,292.06,0.84,N,0
37.14874,39.08932,308.36,0.4,0.37,2024-06-18,2321,N,VIIRS,n,2,291.3,0.82,N,0
37.14949,39.08489,310.75,0.4,0.37,2024-06-18,2321,N,VIIRS,n,2,291.23,0.82,N,0
37.1501,39.08733,311.46,0.4,0.37,2024-06-18,2321,N,VIIRS,n,2,292.01,0.64,N,0
37.21103,40.22073,312.1,0.42,0.38,2024-06-18,2321,N,VIIRS,n,2,293.58,0.66,N,0
37.21188,40.21605,304.58,0.42,0.38,2024-06-18,2321,N,VIIRS,n,2,293.04,0.66,N,0
37.21297,40.63163,303.45,0.43,0.38,2024-06-18,2321,N,VIIRS,n,2,291.35,0.38,N,0
37.21989,40.63358,304.98,0.43,0.38,2024-06-18,2321,N,VIIRS,n,2,293.19,0.8,N,0
37.26463,40.68671,340.18,0.43,0.38,2024-06-18,2321,N,VIIRS,n,2,298.35,5.87,N,0
37.26809,40.68769,346.66,0.43,0.38,2024-06-18,2321,N,VIIRS,n,2,299.94,5.87,N,0
37.27155,40.68866,323.36,0.43,0.38,2024-06-18,2321,N,VIIRS,n,2,294.94,2.2,N,0
37.27642,38.7305,310.55,0.39,0.36,2024-06-18,2321,N,VIIRS,n,2,296.89,1.21,N,2
37.29388,37.15895,312.93,0.38,0.36,2024-06-18,2321,N,VIIRS,n,2,297.51,1.7,N,2
37.29455,37.15462,309.02,0.38,0.36,2024-06-18,2321,N,VIIRS,n,2,297.56,1.46,N,2
37.33833,40.80053,313.58,0.44,0.38,2024-06-18,2321,N,VIIRS,n,2,295.49,1.22,N,2
37.3512,37.1638,315.01,0.38,0.36,2024-06-18,2321,N,VIIRS,n,2,298.47,1.33,N,2
37.39499,36.89434,313.05,0.39,0.36,2024-06-18,2321,N,VIIRS,n,2,294.41,1.03,N,0
37.3963,36.88567,308.76,0.39,0.36,2024-06-18,2321,N,VIIRS,n,2,294.99,3.25,N,0
37.3996,36.88646,345.77,0.39,0.36,2024-06-18,2321,N,VIIRS,n,2,296.82,3.25,N,0
37.40025,36.88212,316.5,0.39,0.36,2024-06-18,2321,N,VIIRS,n,2,296.12,2.39,N,0
37.4029,36.88724,315.57,0.39,0.36,2024-06-18,2321,N,VIIRS,n,2,295.68,1.39,N,0
37.42322,37.72293,311.16,0.38,0.36,2024-06-18,2321,N,VIIRS,n,2,292.35,0.55,N,0
37.4239,37.71863,309.76,0.38,0.36,2024-06-18,2321,N,VIIRS,n,2,293.05,1.12,N,0
37.42471,36.90141,314.77,0.39,0.36,2024-06-18,2321,N,VIIRS,n,2,295.98,1.43,N,0
37.5991,38.09127,314.02,0.39,0.36,2024-06-18,2321,N,VIIRS,n,2,290.42,0.96,N,0
37.60239,38.09211,319.39,0.39,0.36,2024-06-18,2321,N,VIIRS,n,2,292.48,1.01,N,0
37.81316,40.71962,338.06,0.43,0.38,2024-06-18,2321,N,VIIRS,n,2,291.28,13.64,N,0
37.81659,40.72064,340.49,0.43,0.38,2024-06-18,2321,N,VIIRS,n,2,296.19,13.64,N,0
37.87565,29.05283,312.13,0.52,0.5,2024-06-18,2321,N,VIIRS,n,2,293.22,1.4,N,0
37.87614,29.04663,304.4,0.52,0.5,2024-06-18,2321,N,VIIRS,n,2,292.85,1.4,N,0
37.87685,29.05241,310.21,0.52,0.5,2024-06-18,2321,N,VIIRS,n,2,293.1,2.17,N,0
37.88098,29.05875,306.87,0.52,0.5,2024-06-18,2321,N,VIIRS,n,2,292.61,0.95,N,0
38.27651,39.74379,305.48,0.4,0.37,2024-06-18,2321,N,VIIRS,n,2,294.34,0.46,N,0
38.42589,27.21667,312.49,0.33,0.55,2024-06-18,2321,N,VIIRS,n,2,295.48,1.5,N,2
38.45539,38.72683,310.89,0.39,0.36,2024-06-18,2321,N,VIIRS,n,2,297.43,1.44,N,2
38.5744,27.01252,329.35,0.34,0.56,2024-06-18,2321,N,VIIRS,n,2,293.31,2.04,N,0
38.65703,30.61882,302.64,0.44,0.46,2024-06-18,2321,N,VIIRS,n,2,285.79,1.69,N,2
38.6854,29.12652,313.22,0.52,0.5,2024-06-18,2321,N,VIIRS,n,2,290.53,2.32,N,0
38.69001,29.1275,317.61,0.52,0.5,2024-06-18,2321,N,VIIRS,n,2,293.56,2.32,N,0
38.6905,29.12145,310.31,0.52,0.5,2024-06-18,2321,N,VIIRS,n,2,291.24,2.32,N,0
38.69099,29.11543,312.29,0.52,0.5,2024-06-18,2321,N,VIIRS,n,2,291.08,2.77,N,0
38.69148,29.10939,322.44,0.52,0.5,2024-06-18,2321,N,VIIRS,n,2,293.19,2.77,N,0
38.69198,29.10321,313.0,0.52,0.5,2024-06-18,2321,N,VIIRS,n,2,292.62,2.94,N,0
38.69511,29.12249,309.24,0.52,0.5,2024-06-18,2321,N,VIIRS,n,2,293.2,2.13,N,0
38.69559,29.11644,303.87,0.52,0.5,2024-06-18,2321,N,VIIRS,n,2,292.54,2.1,N,0
38.6961,29.11029,317.89,0.52,0.5,2024-06-18,2321,N,VIIRS,n,2,294.05,2.1,N,0
38.69662,29.10392,308.02,0.52,0.5,2024-06-18,2321,N,VIIRS,n,2,291.68,3.29,N,0
38.69971,29.12353,307.87,0.52,0.5,2024-06-18,2321,N,VIIRS,n,2,293.03,2.13,N,0
38.70021,29.11741,309.92,0.52,0.5,2024-06-18,2321,N,VIIRS,n,2,294.45,2.1,N,0
38.70072,29.11115,317.95,0.52,0.5,2024-06-18,2321,N,VIIRS,n,2,295.07,2.1,N,0
38.70332,29.1367,304.19,0.52,0.5,2024-06-18,2321,N,VIIRS,n,2,292.27,1.53,N,0
38.70381,29.1307,305.52,0.52,0.5,2024-06-18,2321,N,VIIRS,n,2,292.72,1.83,N,0
38.70431,29.12457,322.71,0.52,0.5,2024-06-18,2321,N,VIIRS,n,2,294.23,1.83,N,0
38.70482,29.11832,339.88,0.52,0.5,2024-06-18,2321,N,VIIRS,n,2,296.16,3.62,N,0
38.70535,29.11191,315.9,0.52,0.5,2024-06-18,2321,N,VIIRS,n,2,293.48,3.62,N,0
38.70629,29.13779,307.0,0.52,0.5,2024-06-18,2321,N,VIIRS,n,2,292.26,1.54,N,0
38.70675,29.13179,305.31,0.52,0.5,2024-06-18,2321,N,VIIRS,n,2,292.91,1.54,N,0
38.70722,29.1256,314.96,0.52,0.5,2024-06-18,2321,N,VIIRS,n,2,293.84,3.3,N,0
38.7077,29.11923,325.14,0.52,0.5,2024-06-18,2321,N,VIIRS,n,2,293.61,3.3,N,0
38.70792,29.13766,304.75,0.52,0.5,2024-06-18,2321,N,VIIRS,n,2,292.3,1.53,N,0
38.70841,29.13167,304.71,0.52,0.5,2024-06-18,2321,N,VIIRS,n,2,293.0,1.83,N,0
38.70892,29.12546,308.0,0.52,0.5,2024-06-18,2321,N,VIIRS,n,2,293.38,1.83,N,0
38.70945,29.11901,308.42,0.52,0.5,2024-06-18,2321,N,VIIRS,n,2,292.41,3.62,N,0
38.74065,26.96207,307.78,0.34,0.56,2024-06-18,2321,N,VIIRS,n,2,293.38,0.87,N,0
38.85888,35.76444,300.06,0.41,0.37,2024-06-18,2321,N,VIIRS,n,2,288.66,0.7,N,0
38.93245,26.82965,309.17,0.35,0.57,2024-06-18,2321,N,VIIRS,n,2,292.29,4.54,N,3
38.93267,26.8257,319.08,0.35,0.57,2024-06-18,2321,N,VIIRS,n,2,291.88,9.94,N,3
38.93769,26.8308,330.96,0.35,0.57,2024-06-18,2321,N,VIIRS,n,2,296.66,4.54,N,0
38.93794,26.82653,354.07,0.35,0.57,2024-06-18,2321,N,VIIRS,n,2,305.22,9.94,N,0
38.93819,26.82232,318.24,0.35,0.57,2024-06-18,2321,N,VIIRS,n,2,296.25,9.94,N,0
38.9429,26.83255,307.35,0.35,0.57,2024-06-18,2321,N,VIIRS,n,2,295.29,2.12,N,0
38.94318,26.82792,323.07,0.35,0.57,2024-06-18,2321,N,VIIRS,n,2,296.5,3.1,N,0
39.48383,30.04191,307.75,0.48,0.48,2024-06-18,2321,N,VIIRS,n,2,288.54,1.81,N,2
39.74413,30.19711,297.77,0.47,0.48,2024-06-18,2321,N,VIIRS,n,2,287.67,0.58,N,2
39.86449,26.2432,310.18,0.38,0.59,2024-06-18,2321,N,VIIRS,n,2,294.59,1.02,N,2
40.65799,29.43039,302.88,0.56,0.69,2024-06-19,100,N,VIIRS,n,2,290.11,0.77,N,0
41.02065,28.55691,302.04,0.5,0.65,2024-06-19,100,N,VIIRS,n,2,290.79,0.81,N,2
41.02245,28.55096,301.46,0.5,0.65,2024-06-19,100,N,VIIRS,n,2,290.6,0.81,N,2
37.87266,29.05014,301.95,0.64,0.72,2024-06-19,101,N,VIIRS,n,2,289.17,1.34,N,0
37.87633,29.04999,307.28,0.65,0.73,2024-06-19,101,N,VIIRS,n,2,288.83,1.37,N,0
38.42892,27.21527,306.03,0.51,0.66,2024-06-19,101,N,VIIRS,n,2,293.39,1.17,N,2
38.69025,29.11082,299.6,0.62,0.71,2024-06-19,101,N,VIIRS,n,2,287.68,2.19,N,0
38.69243,29.10388,313.42,0.62,0.71,2024-06-19,101,N,VIIRS,n,2,289.19,2.19,N,0
38.69449,29.12027,306.1,0.62,0.71,2024-06-19,101,N,VIIRS,n,2,289.16,2.79,N,0
38.69674,29.11312,300.74,0.62,0.71,2024-06-19,101,N,VIIRS,n,2,289.56,2.19,N,0
38.69878,29.10663,326.84,0.62,0.71,2024-06-19,101,N,VIIRS,n,2,291.22,2.19,N,0
38.70104,29.12236,301.97,0.62,0.71,2024-06-19,101,N,VIIRS,n,2,289.29,2.79,N,0
38.70319,29.11551,302.38,0.62,0.71,2024-06-19,101,N,VIIRS,n,2,290.06,1.95,N,0
38.70515,29.10925,305.83,0.62,0.71,2024-06-19,101,N,VIIRS,n,2,289.59,1.95,N,0
38.70753,29.12465,318.38,0.62,0.71,2024-06-19,101,N,VIIRS,n,2,290.63,2.79,N,0
38.70952,29.11833,302.19,0.62,0.71,2024-06-19,101,N,VIIRS,n,2,289.16,1.95,N,0
38.73323,26.96458,307.36,0.48,0.65,2024-06-19,101,N,VIIRS,n,2,292.24,0.98,N,2
38.93386,26.82769,307.24,0.47,0.64,2024-06-19,101,N,VIIRS,n,2,292.08,1.55,N,0
38.9354,26.82237,313.57,0.47,0.64,2024-06-19,101,N,VIIRS,n,2,291.89,2.38,N,3
38.9398,26.82925,328.28,0.47,0.64,2024-06-19,101,N,VIIRS,n,2,295.37,4.64,N,0
38.94126,26.8242,326.48,0.47,0.64,2024-06-19,101,N,VIIRS,n,2,294.47,4.97,N,0
39.48446,30.03926,301.11,0.65,0.73,2024-06-19,101,N,VIIRS,n,2,285.09,1.06,N,2
39.4875,30.03816,297.06,0.65,0.73,2024-06-19,101,N,VIIRS,n,2,285.06,0.78,N,2
39.86652,26.24246,311.39,0.41,0.61,2024-06-19,101,N,VIIRS,n,2,294.21,1.56,N,2
40.27409,26.33401,308.34,0.41,0.6,2024-06-19,101,N,VIIRS,n,2,292.12,1.44,N,0
40.27527,26.32984,340.37,0.41,0.6,2024-06-19,101,N,VIIRS,n,2,294.01,3.35,N,0
40.27547,26.3333,321.62,0.41,0.6,2024-06-19,101,N,VIIRS,n,2,293.17,3.13,N,0
40.27664,26.32911,338.29,0.41,0.6,2024-06-19,101,N,VIIRS,n,2,294.14,3.13,N,0
40.27803,26.34136,308.88,0.41,0.6,2024-06-19,101,N,VIIRS,n,2,291.56,1.44,N,0
40.27928,26.33696,314.37,0.41,0.6,2024-06-19,101,N,VIIRS,n,2,293.35,1.44,N,0
40.28048,26.33274,302.81,0.41,0.6,2024-06-19,101,N,VIIRS,n,2,291.87,3.35,N,0
40.28197,26.34877,304.13,0.41,0.6,2024-06-19,101,N,VIIRS,n,2,291.74,0.93,N,0
40.28323,26.34432,322.36,0.41,0.6,2024-06-19,101,N,VIIRS,n,2,293.28,2.95,N,0
40.28596,26.35596,301.95,0.41,0.6,2024-06-19,101,N,VIIRS,n,2,291.27,0.93,N,0
40.41595,26.52973,303.3,0.41,0.61,2024-06-19,101,N,VIIRS,n,2,290.46,0.9,N,0
40.41716,26.52544,307.98,0.41,0.61,2024-06-19,101,N,VIIRS,n,2,290.88,0.9,N,0
40.42064,26.52817,334.79,0.41,0.61,2024-06-19,101,N,VIIRS,n,2,291.79,2.95,N,0
40.42127,26.53237,305.37,0.41,0.61,2024-06-19,101,N,VIIRS,n,2,290.86,0.9,N,0
40.42254,26.52785,308.25,0.41,0.61,2024-06-19,101,N,VIIRS,n,2,290.79,0.9,N,0
35.5249,44.34482,354.56,0.6,0.71,2024-06-19,901,N,VIIRS,n,2,318.42,11.51,D,2
35.52578,44.3465,347.62,0.6,0.71,2024-06-19,901,N,VIIRS,n,2,317.2,10.43,D,2
35.53007,44.3371,350.9,0.6,0.71,2024-06-19,901,N,VIIRS,n,2,316.87,10.43,D,2
35.53117,44.34216,355.93,0.6,0.71,2024-06-19,901,N,VIIRS,n,2,318.7,11.51,D,2
35.5604,44.20284,353.18,0.61,0.71,2024-06-19,901,N,VIIRS,n,2,315.28,23.54,D,0
35.56239,44.2095,367.0,0.61,0.71,2024-06-19,901,N,VIIRS,h,2,324.99,65.74,D,0
35.56669,44.20009,356.85,0.61,0.71,2024-06-19,901,N,VIIRS,n,2,318.28,25.91,D,0
35.56866,44.20674,367.0,0.61,0.71,2024-06-19,901,N,VIIRS,h,2,323.03,36.04,D,0
35.62806,44.00771,350.37,0.62,0.72,2024-06-19,901,N,VIIRS,n,2,317.7,16.31,D,2
35.68614,43.87372,357.24,0.63,0.72,2024-06-19,901,N,VIIRS,n,2,317.64,26.06,D,2
35.68817,43.88049,367.0,0.63,0.72,2024-06-19,901,N,VIIRS,h,2,317.35,30.15,D,2
35.72853,44.03917,348.27,0.62,0.71,2024-06-19,901,N,VIIRS,n,2,315.91,16.55,D,2
35.92645,43.62846,367.0,0.64,0.72,2024-06-19,901,N,VIIRS,h,2,324.51,42.13,D,0
36.00097,43.82742,367.0,0.62,0.71,2024-06-19,901,N,VIIRS,h,2,317.94,15.64,D,0
36.01966,43.68282,347.88,0.63,0.72,2024-06-19,901,N,VIIRS,n,2,320.44,13.07,D,2
36.48361,43.58811,353.78,0.62,0.71,2024-06-19,901,N,VIIRS,n,2,319.79,11.19,D,0
36.48574,43.59515,356.42,0.62,0.71,2024-06-19,901,N,VIIRS,n,2,319.32,25.64,D,0
36.54327,41.87592,344.97,0.75,0.77,2024-06-19,901,N,VIIRS,n,2,314.97,8.63,D,0
36.54714,41.87362,346.51,0.75,0.77,2024-06-19,901,N,VIIRS,n,2,315.81,8.82,D,0
36.77391,43.3238,352.45,0.63,0.72,2024-06-19,901,N,VIIRS,n,2,312.62,10.83,D,2
36.77668,43.32556,356.47,0.63,0.72,2024-06-19,901,N,VIIRS,n,2,312.26,9.36,D,2
36.89167,43.42685,343.02,0.62,0.71,2024-06-19,901,N,VIIRS,n,2,307.0,5.56,D,2
36.89273,41.90903,354.55,0.73,0.76,2024-06-19,901,N,VIIRS,n,2,318.99,7.26,D,0
36.90517,43.38517,344.8,0.62,0.71,2024-06-19,901,N,VIIRS,n,2,305.62,6.74,D,2
36.90686,43.38255,337.33,0.62,0.71,2024-06-19,901,N,VIIRS,n,2,304.69,3.81,D,2
36.94778,42.13053,348.8,0.71,0.75,2024-06-19,901,N,VIIRS,n,2,318.84,9.31,D,2
37.07479,41.49481,367.0,0.76,0.77,2024-06-19,902,N,VIIRS,h,2,320.63,26.9,D,0
41.99869,44.1326,328.88,0.41,0.61,2024-06-19,903,N,VIIRS,n,2,295.85,2.63,D,0
41.99938,44.13006,328.4,0.41,0.61,2024-06-19,903,N,VIIRS,n,2,296.25,2.01,D,0
35.53072,44.34093,355.56,0.62,0.54,2024-06-19,1041,N,VIIRS,n,2,324.38,40.0,D,2
35.53163,44.34059,356.92,0.62,0.54,2024-06-19,1041,N,VIIRS,n,2,324.97,42.18,D,2
35.55242,44.22034,354.1,0.61,0.54,2024-06-19,1041,N,VIIRS,n,2,320.47,7.03,D,0
35.5574,44.21978,353.15,0.61,0.54,2024-06-19,1041,N,VIIRS,n,2,321.94,17.49,D,0
35.72496,44.04278,356.81,0.6,0.53,2024-06-19,1041,N,VIIRS,n,2,324.87,34.53,D,2
35.80733,39.36845,351.89,0.51,0.41,2024-06-19,1041,N,VIIRS,n,2,326.83,6.23,D,0
35.84618,38.18443,353.06,0.46,0.39,2024-06-19,1041,N,VIIRS,n,2,322.82,21.89,D,0
36.02854,38.7826,351.76,0.49,0.4,2024-06-19,1041,N,VIIRS,n,2,326.57,24.24,D,0
36.03367,37.98938,353.25,0.45,0.39,2024-06-19,1041,N,VIIRS,n,2,327.01,6.32,D,0
36.13044,44.08348,367.0,0.61,0.53,2024-06-19,1041,N,VIIRS,h,2,329.54,13.08,D,0
36.66499,36.82404,349.64,0.42,0.38,2024-06-19,1042,N,VIIRS,n,2,322.37,17.54,D,0
36.7526,39.61814,367.0,0.54,0.42,2024-06-19,1042,N,VIIRS,h,2,348.76,42.17,D,0
36.75325,39.62422,352.32,0.54,0.42,2024-06-19,1042,N,VIIRS,n,2,325.05,26.57,D,0
36.89164,43.43124,336.2,0.57,0.52,2024-06-19,1042,N,VIIRS,n,2,309.69,2.83,D,2
36.94126,42.17197,348.47,0.49,0.48,2024-06-19,1042,N,VIIRS,n,2,323.33,1.72,D,2
36.95219,39.09277,367.0,0.51,0.41,2024-06-19,1042,N,VIIRS,h,2,327.6,59.32,D,0
36.9833,40.3793,348.52,0.39,0.44,2024-06-19,1042,N,VIIRS,n,2,323.16,7.73,D,0
36.98618,40.37215,352.87,0.39,0.44,2024-06-19,1042,N,VIIRS,n,2,323.78,12.13,D,0
36.98661,40.37666,367.0,0.39,0.44,2024-06-19,1042,N,VIIRS,h,2,326.5,17.99,D,0
36.9869,40.37417,367.0,0.39,0.44,2024-06-19,1042,N,VIIRS,h,2,326.25,7.73,D,0
36.99198,40.38944,352.83,0.4,0.44,2024-06-19,1042,N,VIIRS,n,2,325.25,50.14,D,0
36.99605,40.38881,367.0,0.4,0.44,2024-06-19,1042,N,VIIRS,h,2,343.64,50.14,D,0
37.00085,36.66261,367.0,0.42,0.38,2024-06-19,1042,N,VIIRS,h,2,326.52,25.11,D,0
37.00463,40.39203,349.7,0.4,0.44,2024-06-19,1042,N,VIIRS,n,2,322.28,33.37,D,0
37.0049,36.66663,355.77,0.42,0.38,2024-06-19,1042,N,VIIRS,n,2,329.63,25.11,D,0
37.00853,41.6407,367.0,0.46,0.47,2024-06-19,1042,N,VIIRS,h,2,330.68,5.66,D,0
37.02059,41.72907,357.16,0.46,0.47,2024-06-19,1042,N,VIIRS,n,2,328.7,6.47,D,0
37.04778,40.53646,351.82,0.4,0.44,2024-06-19,1042,N,VIIRS,n,2,322.61,8.85,D,0
37.05,40.55923,354.21,0.4,0.44,2024-06-19,1042,N,VIIRS,n,2,324.45,12.2,D,0
37.05045,40.5638,367.0,0.4,0.44,2024-06-19,1042,N,VIIRS,h,2,325.16,12.2,D,0
37.55541,36.93245,356.77,0.43,0.38,2024-06-19,1042,N,VIIRS,n,2,325.9,18.79,D,0
38.38502,26.49612,345.37,0.42,0.45,2024-06-19,1043,N,VIIRS,n,2,316.64,7.04,D,0
38.38607,26.50103,345.07,0.42,0.45,2024-06-19,1043,N,VIIRS,n,2,315.14,7.04,D,0
38.6981,29.10902,346.02,0.48,0.4,2024-06-19,1043,N,VIIRS,n,2,311.73,12.78,D,0
39.2999,26.70198,341.96,0.39,0.44,2024-06-19,1043,N,VIIRS,n,2,314.76,16.89,D,0
39.30387,26.70069,347.77,0.39,0.44,2024-06-19,1043,N,VIIRS,n,2,316.75,16.89,D,0
39.65824,28.2844,337.34,0.49,0.41,2024-06-19,1043,N,VIIRS,n,2,311.14,2.65,D,0
39.66189,28.28315,347.98,0.49,0.41,2024-06-19,1043,N,VIIRS,n,2,310.64,7.28,D,0
40.20214,28.39866,346.33,0.48,0.4,2024-06-19,1043,N,VIIRS,n,2,307.08,6.97,D,0
40.20575,28.39746,344.73,0.48,0.4,2024-06-19,1043,N,VIIRS,n,2,303.88,6.97,D,0
41.19316,36.99012,332.62,0.47,0.4,2024-06-19,1043,N,VIIRS,n,2,303.55,2.28,D,0
41.24224,36.4673,340.0,0.45,0.39,2024-06-19,1043,N,VIIRS,n,2,310.6,6.2,D,2
42.48538,26.01147,341.46,0.55,0.42,2024-06-19,1044,N,VIIRS,n,2,309.35,7.19,D,0
38.89153,41.56821,301.86,0.39,0.36,2024-06-19,2301,N,VIIRS,n,2,290.98,0.87,N,0
39.5854,43.89918,297.07,0.39,0.36,2024-06-19,2301,N,VIIRS,n,2,286.93,0.43,N,0
39.94244,33.19191,302.27,0.59,0.53,2024-06-19,2301,N,VIIRS,n,2,289.3,1.06,N,0
39.96067,33.14396,296.76,0.59,0.53,2024-06-19,2301,N,VIIRS,n,2,286.59,0.44,N,2
40.57636,43.00664,300.76,0.38,0.36,2024-06-19,2301,N,VIIRS,n,2,285.93,0.54,N,0
40.78035,29.59901,305.75,0.46,0.64,2024-06-19,2301,N,VIIRS,n,2,293.89,1.63,N,2
40.93427,35.88193,300.1,0.44,0.46,2024-06-19,2301,N,VIIRS,n,2,285.25,1.02,N,2
40.94373,31.39384,300.35,0.37,0.58,2024-06-19,2301,N,VIIRS,n,2,289.77,0.57,N,2
41.02037,28.55353,307.02,0.52,0.67,2024-06-19,2301,N,VIIRS,n,2,293.34,1.11,N,2
41.17603,32.63298,317.17,0.32,0.55,2024-06-19,2301,N,VIIRS,n,2,294.23,2.08,N,2
41.2403,36.46239,321.45,0.41,0.45,2024-06-19,2301,N,VIIRS,n,2,289.88,1.93,N,2
41.24445,36.46306,319.44,0.41,0.45,2024-06-19,2301,N,VIIRS,n,2,291.64,2.34,N,2
41.25704,31.41335,305.5,0.37,0.58,2024-06-19,2301,N,VIIRS,n,2,290.86,1.22,N,2
41.26181,31.42763,309.63,0.37,0.58,2024-06-19,2301,N,VIIRS,n,2,291.83,1.95,N,2
41.26725,31.42817,304.68,0.37,0.58,2024-06-19,2301,N,VIIRS,n,2,290.82,0.81,N,2
41.26748,31.42357,306.27,0.37,0.58,2024-06-19,2301,N,VIIRS,n,2,292.79,0.81,N,2
41.62989,27.68344,301.22,0.59,0.7,2024-06-19,2301,N,VIIRS,n,2,290.94,0.9,N,0
41.63778,32.30482,302.99,0.34,0.56,2024-06-19,2301,N,VIIRS,n,2,290.58,0.45,N,0
41.91673,44.41645,303.59,0.39,0.36,2024-06-19,2301,N,VIIRS,n,2,291.18,0.61,N,0
42.12947,42.97986,308.14,0.39,0.36,2024-06-19,2301,N,VIIRS,n,2,290.29,0.85,N,0
35.52607,44.34602,329.37,0.42,0.38,2024-06-19,2302,N,VIIRS,n,2,302.37,5.72,N,2
35.52688,44.34148,341.26,0.42,0.38,2024-06-19,2302,N,VIIRS,n,2,303.76,5.72,N,2
35.52769,44.33694,328.91,0.42,0.38,2024-06-19,2302,N,VIIRS,n,2,302.03,4.62,N,2
35.53111,44.33783,338.63,0.42,0.38,2024-06-19,2302,N,VIIRS,n,2,304.71,6.01,N,2
35.53452,44.33873,330.4,0.42,0.38,2024-06-19,2302,N,VIIRS,n,2,301.48,6.01,N,2
35.56205,44.28416,310.59,0.42,0.37,2024-06-19,2302,N,VIIRS,n,2,300.39,1.72,N,2
35.56546,44.28505,324.2,0.42,0.37,2024-06-19,2302,N,VIIRS,n,2,302.05,1.72,N,2
35.56725,44.13414,312.61,0.41,0.37,2024-06-19,2302,N,VIIRS,n,2,296.92,1.74,N,0
35.61498,44.13949,312.83,0.41,0.37,2024-06-19,2302,N,VIIRS,n,2,299.37,2.43,N,0
35.62791,44.00696,344.91,0.41,0.37,2024-06-19,2302,N,VIIRS,n,2,305.96,6.53,N,2
35.62807,44.00949,333.11,0.41,0.37,2024-06-19,2302,N,VIIRS,n,2,307.17,8.92,N,2
35.62885,44.00503,319.08,0.41,0.37,2024-06-19,2302,N,VIIRS,n,2,299.34,6.62,N,2
35.63129,44.00787,312.28,0.41,0.37,2024-06-19,2302,N,VIIRS,n,2,299.07,6.53,N,2
35.66023,43.96403,325.96,0.41,0.37,2024-06-19,2302,N,VIIRS,n,2,300.9,3.61,N,2
35.6636,43.96491,316.8,0.41,0.37,2024-06-19,2302,N,VIIRS,n,2,300.54,2.16,N,2
35.67744,44.06688,313.35,0.41,0.37,2024-06-19,2302,N,VIIRS,n,2,299.97,2.74,N,2
35.68259,43.87688,333.44,0.41,0.37,2024-06-19,2302,N,VIIRS,n,2,301.84,14.33,N,2
35.68336,43.87244,313.82,0.41,0.37,2024-06-19,2302,N,VIIRS,n,2,299.03,14.33,N,2
35.68595,43.87776,326.4,0.41,0.37,2024-06-19,2302,N,VIIRS,n,2,307.72,12.09,N,2
35.68673,43.87331,316.29,0.41,0.37,2024-06-19,2302,N,VIIRS,n,2,298.91,12.09,N,2
35.71875,43.77031,316.51,0.4,0.37,2024-06-19,2302,N,VIIRS,n,2,303.76,3.2,N,2
35.72431,44.04156,334.74,0.41,0.37,2024-06-19,2302,N,VIIRS,n,2,308.05,11.77,N,2
35.72925,44.03348,331.9,0.41,0.37,2024-06-19,2302,N,VIIRS,n,2,303.28,4.15,N,2
35.77118,43.99543,341.92,0.41,0.37,2024-06-19,2302,N,VIIRS,n,2,303.12,5.55,N,2
35.78699,43.25066,313.35,0.39,0.36,2024-06-19,2302,N,VIIRS,n,2,302.89,2.41,N,2
35.79258,43.60593,315.85,0.4,0.37,2024-06-19,2302,N,VIIRS,n,2,302.55,2.67,N,0
35.84324,43.32824,312.46,0.4,0.37,2024-06-19,2302,N,VIIRS,n,2,296.01,0.83,N,0
35.85082,39.2015,314.7,0.42,0.38,2024-06-19,2302,N,VIIRS,n,2,293.57,0.62,N,0
35.85487,38.75866,309.27,0.43,0.38,2024-06-19,2302,N,VIIRS,n,2,293.15,0.78,N,0
35.92344,43.78781,331.71,0.4,0.37,2024-06-19,2302,N,VIIRS,n,2,302.33,4.75,N,2
35.95161,43.72617,332.32,0.4,0.37,2024-06-19,2302,N,VIIRS,n,2,302.74,4.65,N,2
35.96564,43.76656,315.61,0.4,0.37,2024-06-19,2302,N,VIIRS,n,2,301.77,4.56,N,2
35.97157,43.7728,329.25,0.4,0.37,2024-06-19,2302,N,VIIRS,n,2,301.44,4.79,N,2
35.97902,43.77018,312.72,0.4,0.37,2024-06-19,2302,N,VIIRS,n,2,300.19,2.0,N,2
35.99803,43.76139,321.81,0.4,0.37,2024-06-19,2302,N,VIIRS,n,2,299.66,2.8,N,2
35.99921,43.75952,317.84,0.4,0.37,2024-06-19,2302,N,VIIRS,n,2,298.94,1.76,N,2
36.01629,43.68127,335.08,0.4,0.37,2024-06-19,2302,N,VIIRS,n,2,302.07,5.58,N,2
36.01835,36.84268,315.43,0.52,0.41,2024-06-19,2302,N,VIIRS,n,2,296.39,2.43,N,0
36.01964,43.68213,320.96,0.4,0.37,2024-06-19,2302,N,VIIRS,n,2,301.42,3.1,N,2
36.01991,36.84356,311.33,0.52,0.41,2024-06-19,2302,N,VIIRS,n,2,296.51,2.31,N,0
36.03145,43.79566,306.5,0.4,0.37,2024-06-19,2302,N,VIIRS,n,2,293.43,0.96,N,0
36.03221,43.79125,311.11,0.4,0.37,2024-06-19,2302,N,VIIRS,n,2,294.77,0.96,N,0
36.07055,38.89399,310.05,0.43,0.38,2024-06-19,2302,N,VIIRS,n,2,294.0,1.11,N,0
36.0829,43.63913,313.48,0.4,0.37,2024-06-19,2302,N,VIIRS,n,2,297.68,1.28,N,0
36.0985,43.62946,310.76,0.4,0.37,2024-06-19,2302,N,VIIRS,n,2,297.08,0.99,N,0
36.12635,38.99037,306.73,0.43,0.38,2024-06-19,2302,N,VIIRS,n,2,293.81,0.74,N,0
36.12974,40.81087,311.72,0.39,0.36,2024-06-19,2302,N,VIIRS,n,2,298.46,1.17,N,2
36.13918,37.3445,304.37,0.49,0.41,2024-06-19,2302,N,VIIRS,n,2,294.15,0.49,N,0
36.1424,40.81814,307.19,0.39,0.36,2024-06-19,2302,N,VIIRS,n,2,296.65,1.17,N,2
36.14304,40.81382,327.15,0.39,0.36,2024-06-19,2302,N,VIIRS,n,2,298.8,2.36,N,2
36.14427,40.8164,306.81,0.39,0.36,2024-06-19,2302,N,VIIRS,n,2,296.61,0.49,N,2
36.16555,41.04385,311.64,0.39,0.36,2024-06-19,2302,N,VIIRS,n,2,299.39,1.12,N,0
36.17159,37.71674,305.68,0.48,0.4,2024-06-19,2302,N,VIIRS,n,2,293.18,1.37,N,0
36.17526,37.71742,316.23,0.48,0.4,2024-06-19,2302,N,VIIRS,n,2,293.22,1.97,N,0
36.19323,38.97194,318.15,0.43,0.38,2024-06-19,2302,N,VIIRS,n,2,294.15,1.7,N,0
36.23199,39.00429,307.71,0.43,0.38,2024-06-19,2302,N,VIIRS,n,2,294.06,0.95,N,0
36.25511,44.00747,314.43,0.4,0.37,2024-06-19,2302,N,VIIRS,n,2,298.82,1.99,N,0
36.26212,33.72876,321.67,0.5,0.49,2024-06-19,2302,N,VIIRS,n,2,299.88,3.01,N,2
36.31536,44.04504,310.66,0.4,0.37,2024-06-19,2302,N,VIIRS,n,2,299.46,2.17,N,0
36.33652,43.28674,330.23,0.39,0.36,2024-06-19,2302,N,VIIRS,n,2,297.43,3.09,N,0
36.33984,43.28759,331.65,0.39,0.36,2024-06-19,2302,N,VIIRS,n,2,300.55,3.15,N,0
36.34605,39.03912,308.97,0.43,0.38,2024-06-19,2302,N,VIIRS,n,2,293.17,0.66,N,0
36.35024,42.07539,320.5,0.38,0.36,2024-06-19,2302,N,VIIRS,n,2,304.44,2.65,N,2
36.4066,39.09728,307.97,0.43,0.38,2024-06-19,2302,N,VIIRS,n,2,292.31,0.82,N,0
36.43291,36.36475,310.96,0.55,0.43,2024-06-19,2302,N,VIIRS,n,2,295.17,1.52,N,0
36.43686,36.36541,308.2,0.55,0.43,2024-06-19,2302,N,VIIRS,n,2,295.43,1.06,N,0
36.44037,42.93148,312.18,0.39,0.36,2024-06-19,2302,N,VIIRS,n,2,299.52,1.27,N,2
36.45922,42.66882,306.92,0.39,0.36,2024-06-19,2302,N,VIIRS,n,2,296.53,1.38,N,2
36.69598,36.20446,312.11,0.57,0.43,2024-06-19,2302,N,VIIRS,n,2,298.34,4.25,N,0
36.71659,36.20137,314.46,0.57,0.43,2024-06-19,2302,N,VIIRS,n,2,296.93,4.21,N,2
36.71768,36.20137,313.76,0.57,0.43,2024-06-19,2302,N,VIIRS,n,2,297.21,3.15,N,2
36.71933,42.59689,313.12,0.39,0.36,2024-06-19,2302,N,VIIRS,n,2,297.67,1.72,N,0
36.73046,39.60197,328.87,0.42,0.37,2024-06-19,2302,N,VIIRS,n,2,295.97,3.0,N,0
36.73109,39.59733,327.77,0.42,0.37,2024-06-19,2302,N,VIIRS,n,2,295.84,4.05,N,0
36.73593,39.10671,306.77,0.43,0.38,2024-06-19,2302,N,VIIRS,n,2,293.62,0.41,N,0
36.74739,43.49831,312.53,0.39,0.36,2024-06-19,2302,N,VIIRS,n,2,300.39,2.24,N,2
36.77271,39.04465,314.85,0.43,0.38,2024-06-19,2302,N,VIIRS,n,2,293.54,1.32,N,0
36.77334,39.0398,311.35,0.43,0.38,2024-06-19,2302,N,VIIRS,n,2,292.59,1.41,N,0
36.77338,43.32302,314.64,0.39,0.36,2024-06-19,2302,N,VIIRS,n,2,297.03,2.24,N,2
36.7767,43.32381,334.09,0.39,0.36,2024-06-19,2302,N,VIIRS,n,2,304.25,6.02,N,2
36.80773,37.52122,305.33,0.49,0.41,2024-06-19,2302,N,VIIRS,n,2,292.31,0.7,N,0
36.81268,42.73397,317.16,0.39,0.36,2024-06-19,2302,N,VIIRS,n,2,293.41,1.24,N,0
36.86045,39.11386,347.84,0.43,0.38,2024-06-19,2302,N,VIIRS,n,2,296.68,27.46,N,0
36.86332,39.11942,304.28,0.43,0.38,2024-06-19,2302,N,VIIRS,n,2,293.6,3.45,N,0
36.86395,39.11458,336.77,0.43,0.38,2024-06-19,2302,N,VIIRS,n,2,311.54,27.46,N,0
36.86632,38.9853,311.79,0.44,0.38,2024-06-19,2302,N,VIIRS,n,2,293.32,1.3,N,0
36.86739,39.06051,312.1,0.43,0.38,2024-06-19,2302,N,VIIRS,n,2,292.77,0.87,N,0
36.86795,43.48968,315.37,0.39,0.36,2024-06-19,2302,N,VIIRS,n,2,296.77,1.88,N,2
36.86869,43.48534,307.8,0.39,0.36,2024-06-19,2302,N,VIIRS,n,2,296.88,2.1,N,2
36.8887,39.03487,305.48,0.43,0.38,2024-06-19,2302,N,VIIRS,n,2,293.49,0.83,N,0
36.89222,43.4274,328.82,0.39,0.36,2024-06-19,2302,N,VIIRS,n,2,295.75,2.54,N,2
36.90538,43.38993,333.63,0.39,0.36,2024-06-19,2302,N,VIIRS,n,2,296.76,3.84,N,2
36.9137,41.32329,309.4,0.39,0.36,2024-06-19,2302,N,VIIRS,n,2,294.04,0.84,N,0
36.91432,41.89645,314.32,0.38,0.36,2024-06-19,2302,N,VIIRS,n,2,293.79,0.49,N,2
36.91701,41.32406,307.47,0.39,0.36,2024-06-19,2302,N,VIIRS,n,2,294.09,0.92,N,0
36.91967,41.32916,310.99,0.39,0.36,2024-06-19,2302,N,VIIRS,n,2,293.51,0.93,N,0
36.92033,41.32483,312.4,0.39,0.36,2024-06-19,2302,N,VIIRS,n,2,294.18,0.92,N,0
36.93128,35.99992,310.77,0.39,0.44,2024-06-19,2302,N,VIIRS,n,2,297.81,2.45,N,2
36.93547,42.1307,330.42,0.38,0.36,2024-06-19,2302,N,VIIRS,n,2,299.93,2.32,N,2
36.93681,42.12214,312.83,0.38,0.36,2024-06-19,2302,N,VIIRS,n,2,297.78,1.8,N,2
36.93747,42.11785,309.99,0.38,0.36,2024-06-19,2302,N,VIIRS,n,2,297.58,1.41,N,2
36.93931,42.17165,319.82,0.38,0.36,2024-06-19,2302,N,VIIRS,n,2,294.62,1.44,N,2
36.9426,42.17245,325.72,0.38,0.36,2024-06-19,2302,N,VIIRS,n,2,297.39,1.52,N,2
36.94601,42.12881,332.17,0.38,0.36,2024-06-19,2302,N,VIIRS,n,2,303.9,5.51,N,0
36.94619,40.35585,321.77,0.4,0.37,2024-06-19,2302,N,VIIRS,n,2,294.1,1.21,N,0
36.94683,40.35136,310.22,0.4,0.37,2024-06-19,2302,N,VIIRS,n,2,292.86,1.1,N,0
36.95021,39.00418,331.24,0.44,0.38,2024-06-19,2302,N,VIIRS,n,2,296.22,5.51,N,0
36.9507,38.43338,324.01,0.46,0.39,2024-06-19,2302,N,VIIRS,n,2,294.01,2.32,N,0
36.95747,38.40844,305.48,0.46,0.39,2024-06-19,2302,N,VIIRS,n,2,294.19,2.2,N,0
36.9577,39.08581,306.21,0.43,0.38,2024-06-19,2302,N,VIIRS,n,2,292.01,1.15,N,0
36.95811,38.40331,324.68,0.46,0.39,2024-06-19,2302,N,VIIRS,n,2,293.91,2.2,N,0
36.96107,38.40914,311.1,0.46,0.39,2024-06-19,2302,N,VIIRS,n,2,293.8,2.2,N,0
36.9612,39.08652,317.3,0.43,0.38,2024-06-19,2302,N,VIIRS,n,2,293.31,1.15,N,0
36.96171,38.40401,329.24,0.46,0.39,2024-06-19,2302,N,VIIRS,n,2,295.1,2.2,N,0
36.96392,42.07988,321.33,0.38,0.36,2024-06-19,2302,N,VIIRS,n,2,296.38,1.1,N,2
36.96431,40.35059,310.33,0.4,0.37,2024-06-19,2302,N,VIIRS,n,2,293.56,0.74,N,0
36.97725,40.33727,314.59,0.4,0.37,2024-06-19,2302,N,VIIRS,n,2,293.48,0.92,N,0
36.99348,40.34547,308.02,0.4,0.37,2024-06-19,2302,N,VIIRS,n,2,292.79,0.84,N,0
36.99412,40.34098,311.68,0.4,0.37,2024-06-19,2302,N,VIIRS,n,2,294.96,1.62,N,0
36.99595,41.56397,314.82,0.39,0.36,2024-06-19,2302,N,VIIRS,n,2,292.8,1.26,N,2
36.99686,40.34621,346.59,0.4,0.37,2024-06-19,2302,N,VIIRS,n,2,295.34,4.63,N,0
36.99749,40.34172,323.86,0.4,0.37,2024-06-19,2302,N,VIIRS,n,2,295.51,2.2,N,0
36.99831,38.4059,331.36,0.46,0.39,2024-06-19,2302,N,VIIRS,n,2,295.17,3.23,N,0
37.0019,38.4066,328.21,0.46,0.39,2024-06-19,2302,N,VIIRS,n,2,294.85,2.97,N,0
37.01073,41.59681,329.03,0.39,0.36,2024-06-19,2302,N,VIIRS,n,2,295.68,2.18,N,0
37.01118,39.00652,325.54,0.44,0.38,2024-06-19,2302,N,VIIRS,n,2,293.62,2.17,N,0
37.01403,41.59759,335.49,0.39,0.36,2024-06-19,2302,N,VIIRS,n,2,295.62,2.18,N,0
37.02551,39.08963,328.94,0.43,0.38,2024-06-19,2302,N,VIIRS,n,2,294.97,3.09,N,0
37.02615,39.08476,317.56,0.43,0.38,2024-06-19,2302,N,VIIRS,n,2,294.0,3.47,N,0
37.02902,39.09035,305.78,0.43,0.38,2024-06-19,2302,N,VIIRS,n,2,294.14,0.69,N,0
37.02905,39.08781,330.23,0.43,0.38,2024-06-19,2302,N,VIIRS,n,2,295.88,3.01,N,0
37.03645,38.3728,310.32,0.46,0.39,2024-06-19,2302,N,VIIRS,n,2,293.15,0.99,N,0
37.0666,38.93438,306.6,0.44,0.38,2024-06-19,2302,N,VIIRS,n,2,293.44,0.67,N,0
37.07829,42.55846,319.9,0.38,0.36,2024-06-19,2302,N,VIIRS,n,2,300.3,2.47,N,2
37.08725,41.56571,304.58,0.39,0.36,2024-06-19,2302,N,VIIRS,n,2,292.57,0.64,N,0
37.10609,40.46043,308.2,0.4,0.37,2024-06-19,2302,N,VIIRS,n,2,294.83,0.65,N,0
37.10775,41.58846,312.09,0.39,0.36,2024-06-19,2302,N,VIIRS,n,2,294.97,1.75,N,0
37.10875,40.73256,321.34,0.4,0.37,2024-06-19,2302,N,VIIRS,n,2,297.67,2.17,N,0
37.10939,40.72812,328.33,0.4,0.37,2024-06-19,2302,N,VIIRS,n,2,298.98,2.17,N,0
37.10954,40.75101,306.68,0.4,0.37,2024-06-19,2302,N,VIIRS,n,2,295.37,0.78,N,0
37.11018,40.74659,311.8,0.4,0.37,2024-06-19,2302,N,VIIRS,n,2,295.63,0.78,N,0
37.11082,40.74216,305.96,0.4,0.37,2024-06-19,2302,N,VIIRS,n,2,295.46,1.54,N,0
37.11146,40.73774,328.89,0.4,0.37,2024-06-19,2302,N,VIIRS,n,2,297.55,1.54,N,0
37.1121,40.73331,306.18,0.4,0.37,2024-06-19,2302,N,VIIRS,n,2,294.39,0.95,N,0
37.1278,39.04787,310.43,0.44,0.38,2024-06-19,2302,N,VIIRS,n,2,293.54,0.98,N,0
37.14289,39.82258,328.57,0.41,0.37,2024-06-19,2302,N,VIIRS,n,2,295.65,2.73,N,0
37.14631,39.82332,346.19,0.41,0.37,2024-06-19,2302,N,VIIRS,n,2,302.83,6.78,N,0
37.14695,39.81867,339.36,0.41,0.37,2024-06-19,2302,N,VIIRS,n,2,297.94,13.06,N,0
37.14743,40.6081,334.99,0.4,0.37,2024-06-19,2302,N,VIIRS,n,2,294.77,3.85,N,0
37.14814,40.61063,307.31,0.4,0.37,2024-06-19,2302,N,VIIRS,n,2,292.66,0.73,N,0
37.14873,39.82099,352.42,0.41,0.37,2024-06-19,2302,N,VIIRS,n,2,305.89,9.96,N,0
37.14973,39.82405,307.34,0.41,0.37,2024-06-19,2302,N,VIIRS,n,2,296.11,6.78,N,0
37.15036,39.8194,341.4,0.41,0.37,2024-06-19,2302,N,VIIRS,n,2,301.48,13.06,N,0
37.15215,39.82172,320.95,0.41,0.37,2024-06-19,2302,N,VIIRS,n,2,295.84,9.96,N,0
37.15272,40.32677,305.19,0.4,0.37,2024-06-19,2302,N,VIIRS,n,2,292.83,1.25,N,0
37.15355,40.79078,306.27,0.39,0.37,2024-06-19,2302,N,VIIRS,n,2,293.92,0.52,N,0
37.15546,40.33203,305.3,0.4,0.37,2024-06-19,2302,N,VIIRS,n,2,291.87,0.46,N,0
37.1561,40.32751,336.6,0.4,0.37,2024-06-19,2302,N,VIIRS,n,2,296.38,8.17,N,0
37.15866,39.75888,306.24,0.42,0.37,2024-06-19,2302,N,VIIRS,n,2,294.72,1.34,N,0
37.15964,39.76579,313.92,0.42,0.37,2024-06-19,2302,N,VIIRS,n,2,293.61,2.92,N,0
37.16027,39.76113,367.0,0.42,0.37,2024-06-19,2302,N,VIIRS,h,2,301.31,17.06,N,0
37.1637,39.76187,332.16,0.42,0.37,2024-06-19,2302,N,VIIRS,n,2,295.13,2.32,N,0
37.17115,39.81141,311.42,0.41,0.37,2024-06-19,2302,N,VIIRS,n,2,294.42,1.07,N,0
37.17178,39.80674,315.79,0.41,0.37,2024-06-19,2302,N,VIIRS,n,2,295.19,1.07,N,0
37.18268,40.75621,314.28,0.4,0.37,2024-06-19,2302,N,VIIRS,n,2,297.49,2.31,N,0
37.18396,40.74734,339.14,0.4,0.37,2024-06-19,2302,N,VIIRS,n,2,299.0,4.01,N,0
37.1846,40.7429,344.13,0.4,0.37,2024-06-19,2302,N,VIIRS,n,2,299.81,4.01,N,0
37.1873,40.7481,327.06,0.4,0.37,2024-06-19,2302,N,VIIRS,n,2,298.61,4.01,N,0
37.19736,39.77383,315.63,0.42,0.37,2024-06-19,2302,N,VIIRS,n,2,296.07,14.68,N,0
37.20016,39.77924,330.79,0.42,0.37,2024-06-19,2302,N,VIIRS,n,2,299.13,14.68,N,0
37.20079,39.77457,336.59,0.42,0.37,2024-06-19,2302,N,VIIRS,n,2,307.84,14.68,N,0
37.20422,39.7753,323.13,0.42,0.37,2024-06-19,2302,N,VIIRS,n,2,297.92,2.91,N,0
37.2106,40.63382,306.51,0.4,0.37,2024-06-19,2302,N,VIIRS,n,2,293.22,0.57,N,0
37.21094,39.95837,315.03,0.41,0.37,2024-06-19,2302,N,VIIRS,n,2,295.0,1.34,N,0
37.21372,39.96372,323.13,0.41,0.37,2024-06-19,2302,N,VIIRS,n,2,296.0,1.43,N,0
37.21435,39.95911,310.24,0.41,0.37,2024-06-19,2302,N,VIIRS,n,2,295.46,1.43,N,0
37.21663,40.73637,319.26,0.4,0.37,2024-06-19,2302,N,VIIRS,n,2,294.29,1.27,N,0
37.21727,40.73192,310.32,0.4,0.37,2024-06-19,2302,N,VIIRS,n,2,293.32,1.27,N,0
37.22832,39.72753,307.14,0.42,0.37,2024-06-19,2302,N,VIIRS,n,2,295.15,0.92,N,0
37.22896,39.72285,311.2,0.42,0.37,2024-06-19,2302,N,VIIRS,n,2,294.96,0.92,N,0
37.23058,39.68456,330.91,0.42,0.38,2024-06-19,2302,N,VIIRS,n,2,297.21,2.88,N,0
37.23785,40.709,326.86,0.4,0.37,2024-06-19,2302,N,VIIRS,n,2,293.41,1.94,N,0
37.2412,40.70976,324.14,0.4,0.37,2024-06-19,2302,N,VIIRS,n,2,295.71,1.94,N,0
37.24165,40.71194,310.92,0.4,0.37,2024-06-19,2302,N,VIIRS,n,2,294.6,1.02,N,0
37.24681,40.02522,329.33,0.41,0.37,2024-06-19,2302,N,VIIRS,n,2,296.41,3.1,N,0
37.25021,40.02597,308.01,0.41,0.37,2024-06-19,2302,N,VIIRS,n,2,295.24,0.93,N,0
37.25411,39.77166,308.74,0.42,0.37,2024-06-19,2302,N,VIIRS,n,2,295.63,0.96,N,0
37.25754,39.7724,304.97,0.42,0.37,2024-06-19,2302,N,VIIRS,n,2,294.36,0.96,N,0
37.27311,39.68398,329.79,0.42,0.38,2024-06-19,2302,N,VIIRS,n,2,293.74,28.33,N,0
37.27375,39.67927,335.83,0.42,0.38,2024-06-19,2302,N,VIIRS,n,2,300.53,13.99,N,0
37.27439,39.67455,326.9,0.42,0.38,2024-06-19,2302,N,VIIRS,n,2,294.59,13.99,N,0
37.27535,39.68171,336.63,0.42,0.38,2024-06-19,2302,N,VIIRS,n,2,319.4,32.28,N,0
37.27597,39.67699,309.07,0.42,0.38,2024-06-19,2302,N,VIIRS,n,2,293.08,3.84,N,0
37.2766,39.67227,329.71,0.42,0.38,2024-06-19,2302,N,VIIRS,n,2,293.68,3.84,N,0
37.27698,38.72842,310.11,0.45,0.39,2024-06-19,2302,N,VIIRS,n,2,296.35,1.54,N,2
37.27719,39.68,332.68,0.42,0.38,2024-06-19,2302,N,VIIRS,n,2,304.54,13.99,N,0
37.27783,39.67529,315.89,0.42,0.38,2024-06-19,2302,N,VIIRS,n,2,292.36,13.99,N,0
37.27879,39.68245,321.87,0.42,0.38,2024-06-19,2302,N,VIIRS,n,2,293.46,32.28,N,0
37.29277,37.15839,314.31,0.52,0.41,2024-06-19,2302,N,VIIRS,n,2,298.2,2.34,N,2
37.2951,39.90257,310.31,0.41,0.37,2024-06-19,2302,N,VIIRS,n,2,296.83,1.98,N,0
37.29852,39.90331,331.83,0.41,0.37,2024-06-19,2302,N,VIIRS,n,2,297.34,1.98,N,0
37.29915,39.89864,313.94,0.41,0.37,2024-06-19,2302,N,VIIRS,n,2,297.25,1.98,N,0
37.32481,39.62923,305.48,0.42,0.38,2024-06-19,2302,N,VIIRS,n,2,293.44,0.47,N,0
37.33723,40.80129,317.14,0.4,0.37,2024-06-19,2302,N,VIIRS,n,2,298.08,1.65,N,2
37.35078,37.16252,308.2,0.52,0.41,2024-06-19,2302,N,VIIRS,n,2,297.96,2.07,N,2
37.43514,36.98299,329.94,0.53,0.42,2024-06-19,2302,N,VIIRS,n,2,292.29,3.55,N,0
37.4358,36.97699,326.53,0.53,0.42,2024-06-19,2302,N,VIIRS,n,2,294.27,3.96,N,0
37.5557,37.93893,306.6,0.48,0.4,2024-06-19,2302,N,VIIRS,n,2,293.14,1.13,N,0
37.5676,38.9507,330.47,0.44,0.39,2024-06-19,2302,N,VIIRS,n,2,294.88,9.44,N,0
37.56824,38.94568,346.55,0.44,0.39,2024-06-19,2302,N,VIIRS,n,2,302.98,31.3,N,0
37.57114,38.95142,323.5,0.44,0.39,2024-06-19,2302,N,VIIRS,n,2,296.64,14.79,N,0
37.57178,38.94638,331.57,0.44,0.39,2024-06-19,2302,N,VIIRS,n,2,321.0,77.97,N,0
37.74513,39.29707,304.51,0.43,0.38,2024-06-19,2302,N,VIIRS,n,2,294.08,0.48,N,0
37.88176,40.21993,330.83,0.41,0.37,2024-06-19,2302,N,VIIRS,n,2,294.47,3.69,N,0
37.96106,41.70338,307.22,0.39,0.36,2024-06-19,2302,N,VIIRS,n,2,296.15,1.23,N,2
38.07366,40.57059,315.42,0.4,0.37,2024-06-19,2302,N,VIIRS,n,2,294.04,2.17,N,0
38.65223,39.77163,304.79,0.43,0.38,2024-06-19,2302,N,VIIRS,n,2,293.19,0.72,N,2
38.66422,39.2315,305.5,0.44,0.39,2024-06-19,2302,N,VIIRS,n,2,293.56,1.0,N,2
38.85633,35.76464,301.67,0.42,0.45,2024-06-19,2302,N,VIIRS,n,2,289.97,0.86,N,0
39.48458,30.03695,300.14,0.43,0.62,2024-06-19,2302,N,VIIRS,n,2,287.76,0.75,N,2
39.59379,32.41777,305.7,0.32,0.55,2024-06-19,2302,N,VIIRS,n,2,291.88,0.8,N,2
39.59681,32.41838,303.09,0.32,0.55,2024-06-19,2302,N,VIIRS,n,2,292.15,0.68,N,2
39.83425,30.29884,295.8,0.42,0.61,2024-06-19,2302,N,VIIRS,n,2,279.43,1.09,N,0
35.5859,37.28784,323.23,0.49,0.4,2024-06-19,2303,N,VIIRS,n,2,295.66,2.69,N,0
35.58834,37.29938,308.2,0.49,0.4,2024-06-19,2303,N,VIIRS,n,2,295.69,1.45,N,0
35.58963,37.28851,306.01,0.49,0.4,2024-06-19,2303,N,VIIRS,n,2,295.55,2.76,N,0
35.59027,37.28306,338.01,0.49,0.4,2024-06-19,2303,N,VIIRS,n,2,296.52,2.76,N,0
35.594,37.28373,326.14,0.49,0.4,2024-06-19,2303,N,VIIRS,n,2,296.11,2.76,N,0
35.66017,36.28796,306.13,0.55,0.42,2024-06-19,2303,N,VIIRS,n,2,295.45,1.6,N,0
41.17414,32.63043,306.45,0.46,0.63,2024-06-20,41,N,VIIRS,n,2,290.17,2.0,N,2
38.6586,30.61955,305.64,0.43,0.62,2024-06-20,42,N,VIIRS,n,2,287.57,1.86,N,2
38.68742,29.12265,303.52,0.36,0.57,2024-06-20,42,N,VIIRS,n,2,291.52,0.52,N,0
38.69277,29.10227,305.63,0.36,0.57,2024-06-20,42,N,VIIRS,n,2,292.79,1.14,N,0
38.73498,26.96429,305.45,0.55,0.51,2024-06-20,42,N,VIIRS,n,2,294.23,1.0,N,2
38.73797,26.93162,310.96,0.55,0.51,2024-06-20,42,N,VIIRS,n,2,294.48,1.28,N,2
39.48318,30.0386,304.81,0.38,0.59,2024-06-20,42,N,VIIRS,n,2,287.34,0.89,N,2
39.83651,30.29883,297.22,0.38,0.59,2024-06-20,42,N,VIIRS,n,2,287.1,0.58,N,2
39.83773,30.30173,296.77,0.38,0.59,2024-06-20,42,N,VIIRS,n,2,286.15,0.67,N,2
39.8644,26.24347,310.27,0.48,0.48,2024-06-20,42,N,VIIRS,n,2,294.37,1.55,N,2
39.8672,26.24541,305.73,0.48,0.48,2024-06-20,42,N,VIIRS,n,2,292.89,1.0,N,2
40.18539,29.22376,302.63,0.33,0.55,2024-06-20,42,N,VIIRS,n,2,290.26,0.5,N,2
40.26056,30.04129,297.69,0.36,0.57,2024-06-20,42,N,VIIRS,n,2,286.68,0.43,N,2
40.70304,30.16945,303.92,0.36,0.57,2024-06-20,42,N,VIIRS,n,2,289.36,0.28,N,0
40.75875,31.7823,298.3,0.43,0.62,2024-06-20,42,N,VIIRS,n,2,287.41,0.86,N,2
41.02168,28.55257,309.46,0.58,0.52,2024-06-20,42,N,VIIRS,n,2,292.99,2.5,N,2
41.7955,26.70142,299.74,0.45,0.47,2024-06-20,42,N,VIIRS,n,2,289.27,0.99,N,2
35.56093,36.33659,367.0,0.43,0.38,2024-06-20,1022,N,VIIRS,h,2,326.68,20.15,D,0
35.57011,44.12873,367.0,0.51,0.41,2024-06-20,1022,N,VIIRS,h,2,331.33,7.41,D,0
36.13387,37.77696,367.0,0.39,0.36,2024-06-20,1023,N,VIIRS,h,2,324.08,26.59,D,0
36.7172,36.2032,343.86,0.42,0.38,2024-06-20,1023,N,VIIRS,n,2,309.52,9.22,D,2
36.74536,36.20041,346.11,0.42,0.38,2024-06-20,1023,N,VIIRS,n,2,312.21,10.08,D,2
36.85711,42.01076,367.0,0.43,0.38,2024-06-20,1023,N,VIIRS,h,2,338.14,15.97,D,0
36.85768,38.43692,367.0,0.38,0.36,2024-06-20,1023,N,VIIRS,h,2,353.83,64.04,D,0
36.86097,38.43612,347.53,0.38,0.36,2024-06-20,1023,N,VIIRS,n,2,317.47,64.04,D,0
36.90715,43.39307,344.16,0.49,0.4,2024-06-20,1023,N,VIIRS,n,2,313.97,3.9,D,2
36.94618,39.12111,356.8,0.38,0.36,2024-06-20,1023,N,VIIRS,n,2,325.77,15.97,D,0
36.97845,41.41286,355.45,0.42,0.38,2024-06-20,1023,N,VIIRS,n,2,328.26,3.46,D,0
37.04148,40.27537,367.0,0.39,0.37,2024-06-20,1023,N,VIIRS,h,2,337.7,44.76,D,0
37.04482,40.27464,367.0,0.39,0.37,2024-06-20,1023,N,VIIRS,h,2,342.47,44.76,D,0
37.07999,40.35383,367.0,0.4,0.37,2024-06-20,1023,N,VIIRS,h,2,343.77,43.29,D,0
37.08273,40.34866,349.73,0.4,0.37,2024-06-20,1023,N,VIIRS,n,2,324.44,43.29,D,0
37.11302,40.39256,354.65,0.4,0.37,2024-06-20,1023,N,VIIRS,n,2,327.16,48.87,D,0
37.11637,40.39183,367.0,0.4,0.37,2024-06-20,1023,N,VIIRS,h,2,341.61,48.87,D,0
37.12097,40.40002,367.0,0.4,0.37,2024-06-20,1023,N,VIIRS,h,2,320.28,6.92,D,0
37.37563,36.95492,348.19,0.4,0.37,2024-06-20,1023,N,VIIRS,n,2,319.71,2.52,D,0
37.38993,40.07961,367.0,0.39,0.36,2024-06-20,1023,N,VIIRS,h,2,342.64,91.06,D,0
38.52808,39.56647,353.86,0.39,0.36,2024-06-20,1023,N,VIIRS,n,2,327.62,6.02,D,0
38.11635,27.70863,342.83,0.32,0.55,2024-06-20,1024,N,VIIRS,n,2,310.8,2.93,D,0
39.3045,26.70206,341.78,0.34,0.56,2024-06-20,1024,N,VIIRS,n,2,308.82,2.41,D,0
39.85303,26.18773,367.0,0.35,0.56,2024-06-20,1024,N,VIIRS,h,2,311.91,40.06,D,0
39.857,26.18165,355.45,0.35,0.56,2024-06-20,1024,N,VIIRS,n,2,307.38,64.81,D,0
39.85805,26.18562,347.06,0.35,0.56,2024-06-20,1024,N,VIIRS,n,2,319.9,40.06,D,0
39.85909,26.18954,367.0,0.35,0.56,2024-06-20,1024,N,VIIRS,h,2,310.04,40.06,D,0
39.17923,27.44184,353.24,0.53,0.67,2024-06-20,1205,N,VIIRS,n,2,306.47,5.14,D,0
39.18329,27.43834,350.81,0.53,0.67,2024-06-20,1205,N,VIIRS,n,2,305.16,5.5,D,0
39.54964,28.05111,338.19,0.58,0.69,2024-06-20,1205,N,VIIRS,n,2,300.11,11.22,D,0
39.54978,28.05768,367.0,0.58,0.7,2024-06-20,1205,N,VIIRS,h,2,303.29,11.22,D,0
39.55617,28.05153,330.25,0.58,0.69,2024-06-20,1205,N,VIIRS,n,2,300.14,11.22,D,0
39.55632,28.05831,367.0,0.58,0.7,2024-06-20,1205,N,VIIRS,h,2,305.48,11.22,D,0
39.5565,28.066,344.17,0.58,0.7,2024-06-20,1205,N,VIIRS,n,2,300.42,26.5,D,0
39.6388,28.84218,354.88,0.64,0.72,2024-06-20,1205,N,VIIRS,n,2,302.47,27.77,D,0
39.63894,28.84977,367.0,0.64,0.72,2024-06-20,1205,N,VIIRS,h,2,303.82,39.4,D,0
39.63988,28.83949,350.98,0.64,0.72,2024-06-20,1205,N,VIIRS,n,2,301.56,23.47,D,0
39.63999,28.84697,367.0,0.64,0.72,2024-06-20,1205,N,VIIRS,h,2,304.74,23.47,D,0
41.23159,27.12055,367.0,0.53,0.67,2024-06-20,1205,N,VIIRS,h,2,306.52,15.78,D,0
41.23523,27.11707,367.0,0.53,0.67,2024-06-20,1205,N,VIIRS,h,2,305.32,11.18,D,0
41.2354,27.12359,341.72,0.53,0.67,2024-06-20,1205,N,VIIRS,n,2,304.13,12.77,D,0
39.83971,30.29765,298.04,0.74,0.76,2024-06-20,2242,N,VIIRS,n,2,287.77,1.25,N,2
39.94202,33.18859,300.71,0.53,0.67,2024-06-20,2242,N,VIIRS,n,2,289.47,0.96,N,2
39.94537,33.19117,301.77,0.53,0.67,2024-06-20,2242,N,VIIRS,n,2,289.63,1.12,N,2
40.04782,32.64906,299.54,0.56,0.69,2024-06-20,2242,N,VIIRS,n,2,289.28,1.13,N,2
40.30896,30.22618,296.98,0.75,0.77,2024-06-20,2242,N,VIIRS,n,2,286.15,0.29,N,0
40.93732,35.88334,298.06,0.39,0.59,2024-06-20,2242,N,VIIRS,n,2,286.41,0.55,N,2
41.10652,37.32343,303.14,0.32,0.55,2024-06-20,2242,N,VIIRS,n,2,289.13,0.7,N,2
41.17284,32.63052,302.18,0.57,0.69,2024-06-20,2242,N,VIIRS,n,2,290.53,2.07,N,2
41.26523,31.43083,301.39,0.66,0.73,2024-06-20,2242,N,VIIRS,n,2,291.06,2.06,N,2
41.26533,31.42239,312.58,0.66,0.73,2024-06-20,2242,N,VIIRS,n,2,293.32,2.06,N,2
41.26539,31.42838,308.61,0.66,0.73,2024-06-20,2242,N,VIIRS,n,2,291.46,1.82,N,2
41.26545,31.42002,307.87,0.66,0.73,2024-06-20,2242,N,VIIRS,n,2,292.53,3.25,N,3
35.51181,44.37474,331.98,0.41,0.37,2024-06-20,2243,N,VIIRS,n,2,302.68,4.05,N,2
35.52642,44.34536,333.27,0.41,0.37,2024-06-20,2243,N,VIIRS,n,2,300.48,5.12,N,2
35.52705,44.34084,332.97,0.41,0.37,2024-06-20,2243,N,VIIRS,n,2,300.87,5.68,N,2
35.53045,44.34156,328.88,0.41,0.37,2024-06-20,2243,N,VIIRS,n,2,300.42,3.92,N,2
35.53109,44.33705,332.37,0.41,0.37,2024-06-20,2243,N,VIIRS,n,2,301.15,3.92,N,2
35.53448,44.33777,339.94,0.41,0.37,2024-06-20,2243,N,VIIRS,n,2,300.1,3.92,N,2
35.54698,43.25925,312.27,0.44,0.38,2024-06-20,2243,N,VIIRS,n,2,294.65,1.79,N,0
35.55051,43.25994,317.74,0.44,0.38,2024-06-20,2243,N,VIIRS,n,2,295.43,1.79,N,0
35.56528,44.28588,323.31,0.41,0.37,2024-06-20,2243,N,VIIRS,n,2,300.76,2.71,N,2
35.62773,44.00743,346.21,0.42,0.38,2024-06-20,2243,N,VIIRS,n,2,301.69,4.37,N,2
35.63118,44.00811,309.75,0.42,0.38,2024-06-20,2243,N,VIIRS,n,2,296.85,4.37,N,2
35.66215,43.96231,319.62,0.42,0.38,2024-06-20,2243,N,VIIRS,n,2,298.57,2.12,N,2
35.67652,44.06467,316.08,0.42,0.37,2024-06-20,2243,N,VIIRS,n,2,299.32,2.9,N,2
35.68442,43.87619,338.48,0.42,0.38,2024-06-20,2243,N,VIIRS,n,2,310.4,26.3,N,2
35.71824,44.03294,310.56,0.42,0.38,2024-06-20,2243,N,VIIRS,n,2,298.75,2.54,N,2
35.72449,44.03904,336.0,0.42,0.38,2024-06-20,2243,N,VIIRS,n,2,306.0,15.24,N,2
35.72918,44.03051,331.38,0.42,0.38,2024-06-20,2243,N,VIIRS,n,2,302.11,4.53,N,2
35.77267,43.99678,331.85,0.42,0.38,2024-06-20,2243,N,VIIRS,n,2,302.97,4.84,N,2
35.80092,44.16608,328.71,0.42,0.37,2024-06-20,2243,N,VIIRS,n,2,297.17,6.64,N,0
35.80153,44.16153,347.83,0.42,0.37,2024-06-20,2243,N,VIIRS,n,2,298.94,6.64,N,0
35.83519,43.22085,310.48,0.44,0.39,2024-06-20,2243,N,VIIRS,n,2,298.97,2.77,N,0
35.92244,43.78968,318.35,0.43,0.38,2024-06-20,2243,N,VIIRS,n,2,299.46,3.66,N,2
35.95261,43.72968,319.24,0.43,0.38,2024-06-20,2243,N,VIIRS,n,2,300.5,3.12,N,2
35.97202,43.77251,330.49,0.43,0.38,2024-06-20,2243,N,VIIRS,n,2,301.58,4.78,N,2
35.97276,43.82109,334.14,0.43,0.38,2024-06-20,2243,N,VIIRS,n,2,296.63,5.88,N,0
35.97961,43.76912,317.16,0.43,0.38,2024-06-20,2243,N,VIIRS,n,2,301.29,4.09,N,2
35.99891,43.75832,312.77,0.43,0.38,2024-06-20,2243,N,VIIRS,n,2,300.01,2.46,N,2
36.01593,43.68351,322.9,0.43,0.38,2024-06-20,2243,N,VIIRS,n,2,298.81,2.5,N,2
36.01656,43.67872,311.13,0.43,0.38,2024-06-20,2243,N,VIIRS,n,2,297.83,2.31,N,2
36.01942,43.68421,316.98,0.43,0.38,2024-06-20,2243,N,VIIRS,n,2,300.96,2.5,N,2
36.02005,43.67942,315.03,0.43,0.38,2024-06-20,2243,N,VIIRS,n,2,299.32,2.31,N,2
36.08257,43.63934,308.82,0.43,0.38,2024-06-20,2243,N,VIIRS,n,2,297.02,0.91,N,0
36.125,43.78049,313.94,0.43,0.38,2024-06-20,2243,N,VIIRS,n,2,296.58,2.82,N,2
36.12775,37.8668,313.67,0.54,0.51,2024-06-20,2243,N,VIIRS,n,2,295.15,2.3,N,0
36.12827,37.86063,316.37,0.54,0.51,2024-06-20,2243,N,VIIRS,n,2,294.89,2.3,N,0
36.14367,40.81548,321.14,0.57,0.43,2024-06-20,2243,N,VIIRS,n,2,299.83,10.15,N,2
36.23556,36.41395,308.46,0.33,0.55,2024-06-20,2243,N,VIIRS,n,2,296.89,1.38,N,0
36.26257,33.72602,314.2,0.46,0.64,2024-06-20,2243,N,VIIRS,n,2,296.34,2.04,N,2
36.34813,43.974,326.24,0.42,0.38,2024-06-20,2243,N,VIIRS,n,2,295.58,2.91,N,0
36.35035,43.98421,317.11,0.42,0.38,2024-06-20,2243,N,VIIRS,n,2,294.47,2.1,N,0
36.35098,43.97946,345.1,0.42,0.38,2024-06-20,2243,N,VIIRS,n,2,297.63,6.7,N,0
36.64768,38.68082,318.48,0.5,0.49,2024-06-20,2243,N,VIIRS,n,2,298.29,3.21,N,0
36.6522,38.68145,312.53,0.5,0.49,2024-06-20,2243,N,VIIRS,n,2,298.27,2.99,N,0
36.65268,38.67588,315.01,0.5,0.49,2024-06-20,2243,N,VIIRS,n,2,298.37,3.18,N,0
36.66943,40.24046,337.82,0.41,0.45,2024-06-20,2243,N,VIIRS,n,2,299.33,1.93,N,0
36.67221,40.24289,335.17,0.41,0.45,2024-06-20,2243,N,VIIRS,n,2,299.29,3.6,N,0
36.67357,40.24115,308.18,0.41,0.45,2024-06-20,2243,N,VIIRS,n,2,298.01,1.93,N,0
36.70799,43.35656,311.18,0.45,0.39,2024-06-20,2243,N,VIIRS,n,2,297.8,3.59,N,0
36.72195,39.09692,308.38,0.47,0.48,2024-06-20,2243,N,VIIRS,n,2,293.96,1.35,N,0
36.7324,43.27941,317.03,0.45,0.39,2024-06-20,2243,N,VIIRS,n,2,298.86,3.77,N,2
36.77542,43.32615,331.21,0.45,0.39,2024-06-20,2243,N,VIIRS,n,2,300.39,4.66,N,2
36.77606,43.32106,312.72,0.45,0.39,2024-06-20,2243,N,VIIRS,n,2,295.72,4.66,N,2
36.79341,42.05243,315.7,0.51,0.41,2024-06-20,2243,N,VIIRS,n,2,295.19,3.36,N,0
36.79345,42.04763,316.73,0.51,0.41,2024-06-20,2243,N,VIIRS,n,2,294.23,3.09,N,0
36.79408,42.04672,318.96,0.51,0.41,2024-06-20,2243,N,VIIRS,n,2,293.86,1.47,N,0
36.79658,42.05402,333.8,0.51,0.41,2024-06-20,2243,N,VIIRS,n,2,296.41,3.09,N,0
36.79718,42.0531,334.21,0.51,0.41,2024-06-20,2243,N,VIIRS,n,2,296.91,3.36,N,0
36.79722,42.04832,317.99,0.51,0.41,2024-06-20,2243,N,VIIRS,n,2,294.25,3.09,N,0
36.79786,42.04741,304.6,0.51,0.41,2024-06-20,2243,N,VIIRS,n,2,293.44,1.47,N,0
36.87026,43.48769,315.28,0.44,0.39,2024-06-20,2243,N,VIIRS,n,2,295.96,2.78,N,2
36.88639,38.42057,305.02,0.51,0.5,2024-06-20,2243,N,VIIRS,n,2,293.79,0.7,N,0
36.88654,38.13096,310.03,0.53,0.5,2024-06-20,2243,N,VIIRS,n,2,295.61,3.16,N,0
36.88704,38.12468,327.96,0.53,0.5,2024-06-20,2243,N,VIIRS,n,2,296.4,3.16,N,0
36.891,38.42119,305.99,0.51,0.5,2024-06-20,2243,N,VIIRS,n,2,294.22,0.7,N,0
36.89247,43.4271,329.67,0.45,0.39,2024-06-20,2243,N,VIIRS,n,2,293.49,4.24,N,2
36.90818,43.38923,310.9,0.45,0.39,2024-06-20,2243,N,VIIRS,n,2,284.43,1.25,N,2
36.91302,38.43599,308.3,0.51,0.5,2024-06-20,2243,N,VIIRS,n,2,294.85,1.98,N,0
36.91416,39.12236,314.7,0.47,0.48,2024-06-20,2243,N,VIIRS,n,2,295.19,1.22,N,0
36.91463,39.11697,305.48,0.47,0.48,2024-06-20,2243,N,VIIRS,n,2,293.51,1.22,N,0
36.91511,39.11158,341.06,0.47,0.48,2024-06-20,2243,N,VIIRS,n,2,295.81,6.55,N,0
36.91549,41.89346,308.36,0.52,0.41,2024-06-20,2243,N,VIIRS,n,2,294.86,0.97,N,2
36.91714,39.1392,321.47,0.47,0.48,2024-06-20,2243,N,VIIRS,n,2,294.92,2.49,N,0
36.92126,41.1996,314.76,0.56,0.43,2024-06-20,2243,N,VIIRS,n,2,295.85,7.53,N,0
36.93693,42.13287,314.55,0.5,0.41,2024-06-20,2243,N,VIIRS,n,2,296.3,3.4,N,2
36.93823,42.12149,328.87,0.5,0.41,2024-06-20,2243,N,VIIRS,n,2,296.72,5.25,N,2
36.94057,42.16802,312.17,0.5,0.41,2024-06-20,2243,N,VIIRS,n,2,294.84,2.68,N,2
36.94511,42.12858,323.94,0.5,0.41,2024-06-20,2243,N,VIIRS,n,2,296.68,2.98,N,0
36.94888,42.12926,323.39,0.5,0.41,2024-06-20,2243,N,VIIRS,n,2,297.18,2.98,N,0
36.95391,38.39405,321.44,0.52,0.5,2024-06-20,2243,N,VIIRS,n,2,292.68,2.09,N,0
36.95481,38.4837,334.88,0.51,0.49,2024-06-20,2243,N,VIIRS,n,2,293.88,12.43,N,0
36.95528,38.47787,338.93,0.51,0.5,2024-06-20,2243,N,VIIRS,n,2,295.7,12.43,N,0
36.95735,38.39524,328.64,0.52,0.5,2024-06-20,2243,N,VIIRS,n,2,293.95,2.65,N,0
36.95853,38.39467,306.55,0.52,0.5,2024-06-20,2243,N,VIIRS,n,2,293.42,2.09,N,0
36.96235,42.07911,305.51,0.51,0.41,2024-06-20,2243,N,VIIRS,n,2,294.21,0.83,N,2
36.96613,42.07981,307.6,0.51,0.41,2024-06-20,2243,N,VIIRS,n,2,293.8,0.74,N,2
36.97311,38.37351,335.14,0.52,0.5,2024-06-20,2243,N,VIIRS,n,2,293.08,6.22,N,0
36.97774,38.37415,355.48,0.52,0.5,2024-06-20,2243,N,VIIRS,n,2,301.42,18.94,N,0
36.99675,41.56386,306.61,0.53,0.42,2024-06-20,2243,N,VIIRS,n,2,295.2,0.98,N,2
37.00095,42.14452,309.25,0.5,0.41,2024-06-20,2243,N,VIIRS,n,2,293.87,2.34,N,0
37.00111,42.14084,317.73,0.5,0.41,2024-06-20,2243,N,VIIRS,n,2,294.92,4.72,N,0
37.00163,42.13883,317.57,0.5,0.41,2024-06-20,2243,N,VIIRS,n,2,294.95,2.34,N,0
37.00488,42.14153,312.41,0.5,0.41,2024-06-20,2243,N,VIIRS,n,2,294.3,3.21,N,0
37.02117,40.38688,344.8,0.41,0.45,2024-06-20,2243,N,VIIRS,n,2,295.55,5.93,N,0
37.02131,38.3562,337.14,0.52,0.5,2024-06-20,2243,N,VIIRS,n,2,295.04,4.23,N,0
37.02163,40.38229,323.5,0.41,0.45,2024-06-20,2243,N,VIIRS,n,2,293.52,4.3,N,0
37.02739,39.09021,312.86,0.48,0.48,2024-06-20,2243,N,VIIRS,n,2,294.92,1.38,N,0
37.02787,39.08479,305.53,0.48,0.48,2024-06-20,2243,N,VIIRS,n,2,294.96,1.38,N,0
37.0312,39.04678,310.4,0.48,0.48,2024-06-20,2243,N,VIIRS,n,2,293.53,1.77,N,0
37.03168,39.04134,313.73,0.48,0.48,2024-06-20,2243,N,VIIRS,n,2,293.69,1.77,N,0
37.03496,40.29023,312.84,0.41,0.45,2024-06-20,2243,N,VIIRS,n,2,293.19,1.15,N,0
37.03613,39.04199,305.03,0.48,0.48,2024-06-20,2243,N,VIIRS,n,2,293.6,1.6,N,0
37.03911,40.2909,310.62,0.41,0.45,2024-06-20,2243,N,VIIRS,n,2,294.34,1.15,N,0
37.03936,39.15765,305.09,0.47,0.48,2024-06-20,2243,N,VIIRS,n,2,294.89,0.89,N,0
37.03981,38.3588,314.59,0.52,0.5,2024-06-20,2243,N,VIIRS,n,2,293.74,1.74,N,0
37.04031,38.35286,313.08,0.52,0.5,2024-06-20,2243,N,VIIRS,n,2,293.42,2.29,N,0
37.04494,38.35351,314.43,0.52,0.5,2024-06-20,2243,N,VIIRS,n,2,293.9,1.52,N,0
37.04804,38.37194,303.66,0.52,0.5,2024-06-20,2243,N,VIIRS,n,2,292.93,0.85,N,0
37.04855,38.366,306.85,0.52,0.5,2024-06-20,2243,N,VIIRS,n,2,292.88,1.71,N,0
37.04856,40.60933,310.17,0.4,0.44,2024-06-20,2243,N,VIIRS,n,2,296.24,1.41,N,0
37.05127,38.36637,317.71,0.52,0.5,2024-06-20,2243,N,VIIRS,n,2,293.13,3.17,N,0
37.0675,40.38507,316.46,0.41,0.45,2024-06-20,2243,N,VIIRS,n,2,295.65,6.34,N,0
37.06797,40.38047,316.41,0.41,0.45,2024-06-20,2243,N,VIIRS,n,2,297.31,9.6,N,0
37.06844,40.37587,346.69,0.41,0.45,2024-06-20,2243,N,VIIRS,n,2,297.94,9.6,N,0
37.07092,40.49466,307.41,0.4,0.44,2024-06-20,2243,N,VIIRS,n,2,296.07,0.97,N,0
37.07116,40.39035,309.94,0.41,0.45,2024-06-20,2243,N,VIIRS,n,2,294.99,6.34,N,0
37.07163,40.38576,351.16,0.41,0.45,2024-06-20,2243,N,VIIRS,n,2,305.4,6.34,N,0
37.0721,40.38115,354.51,0.41,0.45,2024-06-20,2243,N,VIIRS,n,2,304.47,9.6,N,0
37.07257,40.37655,353.35,0.41,0.45,2024-06-20,2243,N,VIIRS,n,2,307.15,9.6,N,0
37.07304,40.37194,327.42,0.41,0.45,2024-06-20,2243,N,VIIRS,n,2,295.41,9.65,N,0
37.0731,40.49336,313.74,0.4,0.44,2024-06-20,2243,N,VIIRS,n,2,295.72,1.47,N,0
37.07503,40.49531,305.8,0.4,0.44,2024-06-20,2243,N,VIIRS,n,2,295.36,0.97,N,0
37.07529,40.39103,341.19,0.41,0.45,2024-06-20,2243,N,VIIRS,n,2,296.73,3.45,N,0
37.07576,40.38644,322.7,0.41,0.45,2024-06-20,2243,N,VIIRS,n,2,297.07,3.45,N,0
37.07623,40.38186,338.53,0.41,0.45,2024-06-20,2243,N,VIIRS,n,2,298.62,3.02,N,0
37.0767,40.37725,322.29,0.41,0.45,2024-06-20,2243,N,VIIRS,n,2,297.17,3.02,N,0
37.07689,40.45675,310.7,0.4,0.45,2024-06-20,2243,N,VIIRS,n,2,295.27,1.81,N,0
37.07717,40.37261,329.27,0.41,0.45,2024-06-20,2243,N,VIIRS,n,2,295.95,3.78,N,0
37.07822,38.3222,305.44,0.52,0.5,2024-06-20,2243,N,VIIRS,n,2,292.97,0.54,N,0
37.07861,40.45866,306.96,0.4,0.45,2024-06-20,2243,N,VIIRS,n,2,295.02,1.68,N,0
37.07906,40.35414,307.79,0.41,0.45,2024-06-20,2243,N,VIIRS,n,2,295.12,1.36,N,0
37.07906,40.45404,323.43,0.4,0.45,2024-06-20,2243,N,VIIRS,n,2,295.84,3.4,N,0
37.07941,40.39169,333.28,0.41,0.45,2024-06-20,2243,N,VIIRS,n,2,296.57,3.45,N,0
37.07988,40.38713,321.86,0.41,0.45,2024-06-20,2243,N,VIIRS,n,2,296.57,3.45,N,0
37.08082,40.37794,316.68,0.41,0.45,2024-06-20,2243,N,VIIRS,n,2,296.01,3.02,N,0
37.08101,40.4574,314.59,0.4,0.45,2024-06-20,2243,N,VIIRS,n,2,295.4,1.81,N,0
37.0812,40.38889,313.78,0.41,0.45,2024-06-20,2243,N,VIIRS,n,2,292.42,2.14,N,0
37.08149,40.4528,326.69,0.4,0.45,2024-06-20,2243,N,VIIRS,n,2,296.93,1.81,N,0
37.08317,40.45472,324.22,0.4,0.45,2024-06-20,2243,N,VIIRS,n,2,296.31,2.04,N,0
37.08363,40.45012,308.39,0.4,0.45,2024-06-20,2243,N,VIIRS,n,2,295.72,2.04,N,0
37.08408,40.44551,318.66,0.4,0.45,2024-06-20,2243,N,VIIRS,n,2,296.63,3.03,N,0
37.09146,40.35616,308.46,0.41,0.45,2024-06-20,2243,N,VIIRS,n,2,295.3,1.4,N,0
37.0926,40.35789,307.44,0.41,0.45,2024-06-20,2243,N,VIIRS,n,2,295.36,1.15,N,0
37.09327,40.47963,312.3,0.4,0.44,2024-06-20,2243,N,VIIRS,n,2,293.6,1.65,N,0
37.09372,40.47506,303.5,0.4,0.44,2024-06-20,2243,N,VIIRS,n,2,292.96,1.42,N,0
37.09417,40.47048,310.21,0.4,0.44,2024-06-20,2243,N,VIIRS,n,2,293.45,1.42,N,0
37.09828,40.47116,315.62,0.4,0.44,2024-06-20,2243,N,VIIRS,n,2,294.44,2.59,N,0
37.1041,40.70231,312.86,0.39,0.44,2024-06-20,2243,N,VIIRS,n,2,296.53,1.78,N,0
37.1124,40.37035,339.35,0.41,0.45,2024-06-20,2243,N,VIIRS,n,2,297.48,5.54,N,0
37.11285,40.36573,344.01,0.41,0.45,2024-06-20,2243,N,VIIRS,n,2,297.82,4.93,N,0
37.1133,40.3611,318.59,0.41,0.45,2024-06-20,2243,N,VIIRS,n,2,295.11,4.93,N,0
37.11501,39.09891,341.52,0.48,0.48,2024-06-20,2243,N,VIIRS,n,2,297.74,16.62,N,0
37.11548,39.09349,367.0,0.48,0.48,2024-06-20,2243,N,VIIRS,h,2,305.8,16.62,N,0
37.11744,40.36175,348.63,0.41,0.45,2024-06-20,2243,N,VIIRS,n,2,297.45,3.93,N,0
37.11975,40.38095,328.62,0.41,0.45,2024-06-20,2243,N,VIIRS,n,2,295.74,3.89,N,0
37.12004,40.62742,310.38,0.4,0.44,2024-06-20,2243,N,VIIRS,n,2,295.57,1.44,N,0
37.12021,40.37633,336.8,0.41,0.45,2024-06-20,2243,N,VIIRS,n,2,297.19,4.33,N,0
37.12067,40.3717,316.48,0.41,0.45,2024-06-20,2243,N,VIIRS,n,2,296.09,4.33,N,0
37.12112,40.36705,336.77,0.41,0.45,2024-06-20,2243,N,VIIRS,n,2,295.63,3.93,N,0
37.12158,40.3624,319.87,0.41,0.45,2024-06-20,2243,N,VIIRS,n,2,293.49,3.93,N,0
37.12389,40.38161,313.72,0.41,0.45,2024-06-20,2243,N,VIIRS,n,2,295.89,2.19,N,0
37.12411,40.62808,335.06,0.4,0.44,2024-06-20,2243,N,VIIRS,n,2,296.76,4.13,N,0
37.12434,40.377,343.79,0.41,0.45,2024-06-20,2243,N,VIIRS,n,2,296.59,6.08,N,0
37.1248,40.37236,348.88,0.41,0.45,2024-06-20,2243,N,VIIRS,n,2,297.43,6.08,N,0
37.12481,40.41464,320.13,0.41,0.45,2024-06-20,2243,N,VIIRS,n,2,297.84,3.01,N,0
37.12526,40.36772,311.08,0.41,0.45,2024-06-20,2243,N,VIIRS,n,2,293.03,1.7,N,0
37.12893,40.33055,316.12,0.41,0.45,2024-06-20,2243,N,VIIRS,n,2,294.94,1.23,N,0
37.13308,40.33118,308.7,0.41,0.45,2024-06-20,2243,N,VIIRS,n,2,294.71,1.23,N,0
37.14938,40.66423,335.98,0.4,0.44,2024-06-20,2243,N,VIIRS,n,2,295.46,3.83,N,0
37.14986,40.65973,355.29,0.4,0.44,2024-06-20,2243,N,VIIRS,n,2,298.72,10.27,N,0
37.15155,38.93779,338.68,0.49,0.48,2024-06-20,2243,N,VIIRS,n,2,295.4,5.38,N,0
37.15377,39.01627,339.34,0.48,0.48,2024-06-20,2243,N,VIIRS,n,2,293.86,3.5,N,0
37.15425,39.01085,308.96,0.48,0.48,2024-06-20,2243,N,VIIRS,n,2,292.86,3.5,N,0
37.17209,39.01358,306.87,0.48,0.48,2024-06-20,2243,N,VIIRS,n,2,295.43,2.02,N,0
37.18329,39.94642,321.79,0.43,0.46,2024-06-20,2243,N,VIIRS,n,2,295.58,1.44,N,0
37.19354,40.10505,321.13,0.42,0.45,2024-06-20,2243,N,VIIRS,n,2,295.42,2.76,N,0
37.19458,39.96301,307.26,0.43,0.46,2024-06-20,2243,N,VIIRS,n,2,296.05,2.42,N,0
37.19882,39.96367,332.54,0.43,0.46,2024-06-20,2243,N,VIIRS,n,2,298.02,8.03,N,0
37.1993,39.9588,353.03,0.43,0.46,2024-06-20,2243,N,VIIRS,n,2,304.27,8.03,N,0
37.20305,39.96434,315.4,0.43,0.46,2024-06-20,2243,N,VIIRS,n,2,295.68,8.03,N,0
37.20353,39.95946,339.42,0.43,0.46,2024-06-20,2243,N,VIIRS,n,2,298.42,8.03,N,0
37.22019,40.73408,311.21,0.39,0.44,2024-06-20,2243,N,VIIRS,n,2,295.08,5.26,N,0
37.24578,40.7658,318.35,0.39,0.44,2024-06-20,2243,N,VIIRS,n,2,297.31,6.18,N,0
37.25187,40.70755,314.55,0.39,0.44,2024-06-20,2243,N,VIIRS,n,2,298.29,6.54,N,0
37.26242,40.71579,327.83,0.39,0.44,2024-06-20,2243,N,VIIRS,n,2,298.25,4.49,N,0
37.26311,40.71869,324.51,0.39,0.44,2024-06-20,2243,N,VIIRS,n,2,296.96,3.99,N,0
37.26358,40.71421,312.17,0.39,0.44,2024-06-20,2243,N,VIIRS,n,2,297.01,6.78,N,0
37.26363,39.76623,305.08,0.44,0.46,2024-06-20,2243,N,VIIRS,n,2,294.62,0.6,N,0
37.26649,40.71652,317.69,0.39,0.44,2024-06-20,2243,N,VIIRS,n,2,297.74,4.49,N,0
37.2667,40.7239,316.04,0.39,0.44,2024-06-20,2243,N,VIIRS,n,2,294.83,3.99,N,0
37.2701,40.72174,314.65,0.39,0.44,2024-06-20,2243,N,VIIRS,n,2,294.79,4.95,N,0
37.27286,39.66496,339.35,0.45,0.47,2024-06-20,2243,N,VIIRS,n,2,293.15,12.89,N,0
37.27332,39.65989,339.59,0.45,0.47,2024-06-20,2243,N,VIIRS,n,2,293.62,24.96,N,0
37.27515,38.72972,306.63,0.5,0.49,2024-06-20,2243,N,VIIRS,n,2,296.06,1.68,N,2
37.27717,39.66565,329.65,0.45,0.47,2024-06-20,2243,N,VIIRS,n,2,297.84,12.89,N,0
37.27763,39.66057,340.56,0.45,0.47,2024-06-20,2243,N,VIIRS,n,2,303.69,24.96,N,0
37.28271,40.71964,321.48,0.39,0.44,2024-06-20,2243,N,VIIRS,n,2,296.4,6.87,N,0
37.44605,37.79815,307.12,0.56,0.52,2024-06-20,2243,N,VIIRS,n,2,293.14,4.72,N,0
37.4461,37.73241,327.29,0.57,0.52,2024-06-20,2243,N,VIIRS,n,2,296.29,4.25,N,0
37.44653,37.79168,338.77,0.57,0.52,2024-06-20,2243,N,VIIRS,n,2,296.45,12.69,N,0
37.44659,37.72589,321.24,0.57,0.52,2024-06-20,2243,N,VIIRS,n,2,295.79,5.31,N,0
37.5938,38.11872,308.67,0.54,0.51,2024-06-20,2243,N,VIIRS,n,2,294.48,4.85,N,0
37.59484,38.11905,311.5,0.54,0.51,2024-06-20,2243,N,VIIRS,n,2,294.46,3.35,N,0
37.59692,38.13893,321.03,0.54,0.51,2024-06-20,2243,N,VIIRS,n,2,293.39,3.43,N,0
37.59745,38.13251,323.6,0.54,0.51,2024-06-20,2243,N,VIIRS,n,2,294.35,3.43,N,0
37.59798,38.12605,349.46,0.54,0.51,2024-06-20,2243,N,VIIRS,n,2,296.66,4.85,N,0
37.59809,38.13926,334.94,0.54,0.51,2024-06-20,2243,N,VIIRS,n,2,294.09,4.08,N,0
37.59851,38.11953,322.19,0.54,0.51,2024-06-20,2243,N,VIIRS,n,2,294.72,4.85,N,0
37.59857,38.13285,325.34,0.54,0.51,2024-06-20,2243,N,VIIRS,n,2,294.73,7.6,N,0
37.59906,38.12637,347.21,0.54,0.51,2024-06-20,2243,N,VIIRS,n,2,296.62,7.6,N,0
37.59955,38.11984,328.59,0.54,0.51,2024-06-20,2243,N,VIIRS,n,2,295.07,3.35,N,0
37.60163,38.1396,340.68,0.54,0.51,2024-06-20,2243,N,VIIRS,n,2,295.69,5.04,N,0
37.6028,38.13995,337.76,0.54,0.51,2024-06-20,2243,N,VIIRS,n,2,294.58,3.6,N,0
37.60687,38.13391,312.12,0.54,0.51,2024-06-20,2243,N,VIIRS,n,2,293.95,5.04,N,0
37.6074,38.12747,305.13,0.54,0.51,2024-06-20,2243,N,VIIRS,n,2,294.05,2.34,N,0
37.60793,38.12094,314.46,0.54,0.51,2024-06-20,2243,N,VIIRS,n,2,295.05,2.34,N,0
37.60799,38.13428,312.18,0.54,0.51,2024-06-20,2243,N,VIIRS,n,2,293.79,3.35,N,0
37.60849,38.12782,313.1,0.54,0.51,2024-06-20,2243,N,VIIRS,n,2,294.82,3.35,N,0
37.6087,40.44534,312.64,0.41,0.45,2024-06-20,2243,N,VIIRS,n,2,295.71,1.82,N,0
37.60898,38.12127,335.85,0.54,0.51,2024-06-20,2243,N,VIIRS,n,2,296.36,6.5,N,0
37.61157,40.44263,319.44,0.41,0.45,2024-06-20,2243,N,VIIRS,n,2,296.46,2.3,N,0
37.61211,38.12818,315.57,0.54,0.51,2024-06-20,2243,N,VIIRS,n,2,294.47,6.88,N,0
37.61265,38.12162,350.85,0.54,0.51,2024-06-20,2243,N,VIIRS,n,2,298.17,6.88,N,0
37.61284,40.44597,307.16,0.41,0.45,2024-06-20,2243,N,VIIRS,n,2,295.75,1.82,N,0
37.61369,38.12197,349.49,0.54,0.51,2024-06-20,2243,N,VIIRS,n,2,296.9,9.41,N,0
37.61572,40.44322,319.54,0.41,0.45,2024-06-20,2243,N,VIIRS,n,2,296.62,2.3,N,0
37.61699,40.44654,312.39,0.41,0.45,2024-06-20,2243,N,VIIRS,n,2,296.76,2.42,N,0
37.61745,40.44178,311.69,0.41,0.45,2024-06-20,2243,N,VIIRS,n,2,296.4,2.42,N,0
37.61769,40.61188,316.56,0.4,0.44,2024-06-20,2243,N,VIIRS,n,2,295.64,4.44,N,0
37.61998,40.63087,328.47,0.4,0.44,2024-06-20,2243,N,VIIRS,n,2,296.96,5.65,N,0
37.62045,40.62618,340.34,0.4,0.44,2024-06-20,2243,N,VIIRS,n,2,299.69,5.8,N,0
37.6209,40.62155,318.61,0.4,0.44,2024-06-20,2243,N,VIIRS,n,2,296.27,5.8,N,0
37.62135,40.61697,346.52,0.4,0.44,2024-06-20,2243,N,VIIRS,n,2,299.21,4.44,N,0
37.6216,40.44234,337.06,0.41,0.45,2024-06-20,2243,N,VIIRS,n,2,298.06,2.42,N,0
37.62456,40.62672,329.24,0.4,0.44,2024-06-20,2243,N,VIIRS,n,2,299.37,3.42,N,0
37.62502,40.6221,336.75,0.4,0.44,2024-06-20,2243,N,VIIRS,n,2,298.5,3.42,N,0
37.62577,40.4428,327.37,0.41,0.45,2024-06-20,2243,N,VIIRS,n,2,298.24,3.05,N,0
37.62868,40.62725,338.07,0.4,0.44,2024-06-20,2243,N,VIIRS,n,2,298.99,3.42,N,0
37.62914,40.62265,315.18,0.4,0.44,2024-06-20,2243,N,VIIRS,n,2,297.3,3.42,N,0
37.62993,40.44326,319.62,0.41,0.45,2024-06-20,2243,N,VIIRS,n,2,298.12,3.05,N,0
37.63364,40.44837,317.8,0.41,0.45,2024-06-20,2243,N,VIIRS,n,2,297.78,1.68,N,0
37.63409,40.44379,317.19,0.41,0.45,2024-06-20,2243,N,VIIRS,n,2,297.82,1.68,N,0
37.63781,40.44886,311.26,0.41,0.45,2024-06-20,2243,N,VIIRS,n,2,297.17,1.68,N,0
37.64606,40.57835,304.61,0.4,0.45,2024-06-20,2243,N,VIIRS,n,2,292.86,2.04,N,0
37.64925,40.58828,320.27,0.4,0.45,2024-06-20,2243,N,VIIRS,n,2,295.47,2.73,N,0
37.65765,40.7522,311.06,0.4,0.44,2024-06-20,2243,N,VIIRS,n,2,296.64,2.21,N,0
37.65813,40.74755,320.45,0.4,0.44,2024-06-20,2243,N,VIIRS,n,2,297.66,2.21,N,0
37.7003,40.85152,312.88,0.39,0.44,2024-06-20,2243,N,VIIRS,n,2,293.45,2.28,N,0
37.70074,40.84708,337.92,0.39,0.44,2024-06-20,2243,N,VIIRS,n,2,294.15,3.69,N,0
37.77436,38.59633,313.66,0.52,0.5,2024-06-20,2243,N,VIIRS,n,2,299.05,4.65,N,0
37.77493,38.60039,316.27,0.51,0.5,2024-06-20,2243,N,VIIRS,n,2,298.81,6.71,N,0
37.77543,38.59444,331.49,0.51,0.5,2024-06-20,2243,N,VIIRS,n,2,299.0,10.56,N,0
37.77849,38.60301,316.26,0.51,0.5,2024-06-20,2243,N,VIIRS,n,2,299.08,6.98,N,0
37.77896,38.59708,367.0,0.52,0.5,2024-06-20,2243,N,VIIRS,h,2,305.13,6.98,N,0
37.77952,38.60108,341.88,0.51,0.5,2024-06-20,2243,N,VIIRS,n,2,300.93,6.71,N,0
37.78002,38.59518,340.09,0.51,0.5,2024-06-20,2243,N,VIIRS,n,2,303.74,10.56,N,0
37.78308,38.60373,328.66,0.51,0.5,2024-06-20,2243,N,VIIRS,n,2,299.56,6.98,N,0
37.78356,38.5978,310.59,0.52,0.5,2024-06-20,2243,N,VIIRS,n,2,299.24,6.98,N,0
37.78411,38.60179,326.54,0.51,0.5,2024-06-20,2243,N,VIIRS,n,2,299.55,6.01,N,0
37.8625,40.9159,306.69,0.39,0.44,2024-06-20,2243,N,VIIRS,n,2,293.35,0.91,N,0
37.86655,40.9166,351.52,0.39,0.44,2024-06-20,2243,N,VIIRS,n,2,297.01,10.84,N,0
37.87059,40.91731,367.0,0.39,0.44,2024-06-20,2243,N,VIIRS,h,2,299.55,10.84,N,0
37.9353,40.23515,305.01,0.42,0.45,2024-06-20,2243,N,VIIRS,n,2,292.13,0.35,N,0
37.98843,41.84407,312.01,0.53,0.42,2024-06-20,2243,N,VIIRS,n,2,291.72,2.78,N,0
37.99095,41.85685,332.31,0.53,0.42,2024-06-20,2243,N,VIIRS,n,2,296.51,6.0,N,0
37.99118,41.85815,330.92,0.53,0.42,2024-06-20,2243,N,VIIRS,n,2,296.56,5.12,N,0
38.03328,40.23242,338.98,0.43,0.46,2024-06-20,2243,N,VIIRS,n,2,295.44,3.16,N,0
38.03374,40.22765,311.42,0.43,0.46,2024-06-20,2243,N,VIIRS,n,2,292.4,2.8,N,0
38.03749,40.23318,320.56,0.43,0.46,2024-06-20,2243,N,VIIRS,n,2,292.68,3.16,N,0
38.03796,40.22836,310.9,0.43,0.46,2024-06-20,2243,N,VIIRS,n,2,292.47,2.8,N,0
38.09263,40.62807,313.9,0.41,0.45,2024-06-20,2243,N,VIIRS,n,2,294.25,0.81,N,0
39.83743,30.30092,298.43,0.74,0.76,2024-06-20,2243,N,VIIRS,n,2,287.65,1.12,N,2
35.59964,36.58372,306.6,0.63,0.54,2024-06-20,2244,N,VIIRS,n,2,295.55,1.04,N,0
35.6009,36.58274,309.32,0.63,0.54,2024-06-20,2244,N,VIIRS,n,2,295.63,2.01,N,0
35.6876,36.35224,314.66,0.33,0.55,2024-06-20,2244,N,VIIRS,n,2,296.34,1.15,N,0
41.24013,36.46505,302.46,0.41,0.61,2024-06-21,22,N,VIIRS,n,2,288.8,0.41,N,2
41.24146,36.46034,301.99,0.41,0.61,2024-06-21,22,N,VIIRS,n,2,289.64,1.04,N,2
41.24442,36.46299,308.41,0.41,0.61,2024-06-21,22,N,VIIRS,n,2,290.62,1.43,N,2
36.86259,38.4022,303.24,0.68,0.74,2024-06-21,23,N,VIIRS,n,2,291.97,0.94,N,0
36.88468,38.12114,304.74,0.65,0.73,2024-06-21,23,N,VIIRS,n,2,293.88,2.24,N,0
36.88863,38.12514,318.64,0.65,0.73,2024-06-21,23,N,VIIRS,n,2,294.25,2.84,N,0
36.89102,38.12436,318.42,0.65,0.73,2024-06-21,23,N,VIIRS,n,2,294.44,2.24,N,0
36.91612,39.13578,308.64,0.73,0.76,2024-06-21,23,N,VIIRS,n,2,292.23,1.66,N,0
37.04341,38.35275,306.37,0.66,0.73,2024-06-21,23,N,VIIRS,n,2,291.05,1.11,N,0
37.04534,38.35132,304.19,0.66,0.73,2024-06-21,23,N,VIIRS,n,2,291.08,1.0,N,0
37.17308,39.01436,319.08,0.71,0.75,2024-06-21,23,N,VIIRS,n,2,292.4,3.12,N,0
37.17333,39.01196,315.09,0.71,0.75,2024-06-21,23,N,VIIRS,n,2,292.6,2.5,N,0
37.19875,39.96111,306.89,0.79,0.78,2024-06-21,23,N,VIIRS,n,2,292.27,1.49,N,0
37.20162,39.95236,302.32,0.79,0.78,2024-06-21,23,N,VIIRS,n,2,291.77,1.49,N,0
37.2025,39.95419,309.22,0.79,0.78,2024-06-21,23,N,VIIRS,n,2,292.42,2.39,N,0
37.32885,39.62159,307.43,0.75,0.77,2024-06-21,23,N,VIIRS,n,2,291.12,1.82,N,0
37.33305,39.62202,307.72,0.75,0.77,2024-06-21,23,N,VIIRS,n,2,290.69,1.32,N,0
37.58943,38.11718,303.18,0.62,0.72,2024-06-21,23,N,VIIRS,n,2,291.07,1.43,N,0
37.59121,38.17117,303.31,0.63,0.72,2024-06-21,23,N,VIIRS,n,2,290.98,1.62,N,0
37.59354,38.16373,313.53,0.63,0.72,2024-06-21,23,N,VIIRS,n,2,291.76,1.62,N,0
37.59373,38.1169,367.0,0.62,0.72,2024-06-21,23,N,VIIRS,h,2,294.18,7.46,N,0
37.59413,38.13871,342.95,0.63,0.72,2024-06-21,23,N,VIIRS,n,2,292.69,7.96,N,0
37.59579,38.167,320.73,0.63,0.72,2024-06-21,23,N,VIIRS,n,2,291.39,2.88,N,0
37.59594,38.11944,367.0,0.62,0.72,2024-06-21,23,N,VIIRS,h,2,294.0,8.38,N,0
37.59616,38.13223,328.85,0.62,0.72,2024-06-21,23,N,VIIRS,n,2,292.44,7.96,N,0
37.59631,38.14172,325.58,0.63,0.72,2024-06-21,23,N,VIIRS,n,2,292.09,8.55,N,0
37.59783,38.11327,307.92,0.62,0.72,2024-06-21,23,N,VIIRS,n,2,291.7,8.38,N,0
37.59819,38.12574,321.65,0.62,0.72,2024-06-21,23,N,VIIRS,n,2,292.99,7.46,N,0
37.59837,38.13503,350.21,0.63,0.72,2024-06-21,23,N,VIIRS,n,2,294.02,10.57,N,0
37.60017,38.11938,324.32,0.62,0.72,2024-06-21,23,N,VIIRS,n,2,292.99,7.46,N,0
37.60036,38.12854,320.35,0.62,0.72,2024-06-21,23,N,VIIRS,n,2,293.41,10.57,N,0
37.60043,38.14168,305.71,0.63,0.72,2024-06-21,23,N,VIIRS,n,2,291.75,1.91,N,0
37.60234,38.12206,341.49,0.62,0.72,2024-06-21,23,N,VIIRS,n,2,293.65,8.38,N,0
37.60254,38.13494,317.75,0.62,0.72,2024-06-21,23,N,VIIRS,n,2,292.23,1.91,N,0
37.60456,38.12846,315.89,0.62,0.72,2024-06-21,23,N,VIIRS,n,2,293.0,5.59,N,0
37.60471,38.13786,320.6,0.63,0.72,2024-06-21,23,N,VIIRS,n,2,292.24,4.4,N,0
37.60658,38.122,367.0,0.62,0.72,2024-06-21,23,N,VIIRS,h,2,295.2,5.59,N,0
37.60673,38.13128,313.55,0.62,0.72,2024-06-21,23,N,VIIRS,n,2,292.96,4.4,N,0
37.60872,38.12477,367.0,0.62,0.72,2024-06-21,23,N,VIIRS,h,2,296.53,17.41,N,0
37.60888,38.13779,314.19,0.62,0.72,2024-06-21,23,N,VIIRS,n,2,291.22,1.91,N,0
37.61095,38.13115,305.01,0.62,0.72,2024-06-21,23,N,VIIRS,n,2,291.93,5.59,N,0
37.61296,38.12472,316.21,0.62,0.72,2024-06-21,23,N,VIIRS,n,2,292.81,5.59,N,0
37.76483,38.5953,319.04,0.65,0.73,2024-06-21,23,N,VIIRS,n,2,296.41,5.05,N,0
37.7671,38.58803,326.02,0.65,0.73,2024-06-21,23,N,VIIRS,n,2,296.67,5.05,N,0
37.7681,38.59529,334.51,0.65,0.73,2024-06-21,23,N,VIIRS,n,2,297.31,7.33,N,0
37.77047,38.58789,326.24,0.65,0.73,2024-06-21,23,N,VIIRS,n,2,296.45,8.38,N,0
37.77122,38.59836,318.9,0.65,0.73,2024-06-21,23,N,VIIRS,n,2,296.87,6.93,N,0
37.77351,38.59102,336.42,0.65,0.73,2024-06-21,23,N,VIIRS,n,2,297.16,6.93,N,0
37.77452,38.59827,324.19,0.65,0.73,2024-06-21,23,N,VIIRS,n,2,297.42,7.33,N,0
37.77687,38.59087,319.69,0.65,0.73,2024-06-21,23,N,VIIRS,n,2,296.78,8.38,N,0
37.77765,38.60131,342.78,0.65,0.73,2024-06-21,23,N,VIIRS,n,2,297.6,6.93,N,0
37.78097,38.60117,343.74,0.65,0.73,2024-06-21,23,N,VIIRS,n,2,297.36,10.5,N,0
37.78407,38.60427,308.3,0.65,0.73,2024-06-21,23,N,VIIRS,n,2,296.51,4.07,N,0
37.81809,39.00176,345.96,0.68,0.74,2024-06-21,23,N,VIIRS,n,2,292.68,8.15,N,0
37.82458,39.00492,324.29,0.68,0.74,2024-06-21,23,N,VIIRS,n,2,292.52,3.03,N,0
38.09692,40.31772,314.49,0.77,0.77,2024-06-21,23,N,VIIRS,n,2,290.76,11.55,N,0
38.09972,40.3094,319.02,0.77,0.77,2024-06-21,23,N,VIIRS,n,2,290.02,24.79,N,0
38.10128,40.31806,355.31,0.77,0.77,2024-06-21,23,N,VIIRS,n,2,293.73,22.7,N,0
38.10382,40.32076,326.84,0.77,0.77,2024-06-21,23,N,VIIRS,n,2,291.65,11.55,N,0
38.10405,40.30969,367.0,0.77,0.77,2024-06-21,23,N,VIIRS,h,2,292.05,22.7,N,0
38.10666,40.31232,367.0,0.77,0.77,2024-06-21,23,N,VIIRS,h,2,298.01,24.79,N,0
38.1081,40.32133,309.58,0.77,0.77,2024-06-21,23,N,VIIRS,n,2,291.69,6.95,N,0
38.11092,40.31281,349.8,0.77,0.77,2024-06-21,23,N,VIIRS,n,2,293.54,6.95,N,0
38.11352,40.3155,339.26,0.77,0.77,2024-06-21,23,N,VIIRS,n,2,292.78,7.43,N,0
38.11485,40.32485,302.05,0.77,0.77,2024-06-21,23,N,VIIRS,n,2,290.8,6.95,N,0
38.11628,40.3073,326.64,0.77,0.77,2024-06-21,23,N,VIIRS,n,2,290.91,7.43,N,0
38.11774,40.31611,340.1,0.77,0.77,2024-06-21,23,N,VIIRS,n,2,292.81,6.95,N,0
38.1203,40.31889,340.46,0.77,0.77,2024-06-21,23,N,VIIRS,n,2,292.63,7.43,N,0
38.12049,40.30776,331.13,0.77,0.77,2024-06-21,23,N,VIIRS,n,2,290.85,17.94,N,0
38.12147,40.32874,301.09,0.77,0.77,2024-06-21,23,N,VIIRS,n,2,290.32,3.19,N,0
38.12314,40.31044,329.6,0.77,0.77,2024-06-21,23,N,VIIRS,n,2,291.83,7.43,N,0
38.12444,40.31975,329.0,0.77,0.77,2024-06-21,23,N,VIIRS,n,2,291.96,3.19,N,0
39.48365,30.03805,303.55,0.44,0.46,2024-06-21,23,N,VIIRS,n,2,287.48,1.25,N,2
39.83671,30.30085,304.74,0.44,0.46,2024-06-21,23,N,VIIRS,n,2,288.8,1.32,N,2
39.86716,26.24239,316.34,0.45,0.39,2024-06-21,23,N,VIIRS,n,2,296.15,1.73,N,2
40.25974,30.04038,303.62,0.42,0.45,2024-06-21,23,N,VIIRS,n,2,291.49,0.54,N,2
40.44175,27.14013,314.29,0.47,0.4,2024-06-21,23,N,VIIRS,n,2,293.98,2.19,N,2
40.75727,29.75989,304.8,0.4,0.44,2024-06-21,23,N,VIIRS,n,2,294.73,1.15,N,2
40.76434,32.21675,304.06,0.52,0.5,2024-06-21,23,N,VIIRS,n,2,282.43,1.68,N,2
40.77979,29.59901,305.3,0.39,0.44,2024-06-21,23,N,VIIRS,n,2,293.76,0.82,N,2
41.01939,28.55483,314.62,0.52,0.42,2024-06-21,23,N,VIIRS,n,2,293.53,2.09,N,2
41.15924,32.64367,299.04,0.54,0.51,2024-06-21,23,N,VIIRS,n,2,289.04,0.59,N,0
41.17283,32.62894,306.37,0.53,0.5,2024-06-21,23,N,VIIRS,n,2,289.76,1.04,N,0
41.17726,32.63108,302.01,0.53,0.5,2024-06-21,23,N,VIIRS,n,2,291.89,1.04,N,2
41.25303,31.41252,318.99,0.46,0.47,2024-06-21,23,N,VIIRS,n,2,291.48,1.73,N,2
41.25719,31.4145,316.73,0.46,0.47,2024-06-21,23,N,VIIRS,n,2,291.58,1.73,N,2
41.25889,31.42701,301.93,0.47,0.47,2024-06-21,23,N,VIIRS,n,2,291.72,1.68,N,2
41.26438,31.42339,316.7,0.47,0.47,2024-06-21,23,N,VIIRS,n,2,293.95,2.9,N,2
41.26861,31.42512,308.37,0.47,0.47,2024-06-21,23,N,VIIRS,n,2,292.4,1.44,N,2
41.28845,26.72644,302.66,0.44,0.39,2024-06-21,23,N,VIIRS,n,2,290.77,0.2,N,0
41.62963,27.68795,304.42,0.47,0.4,2024-06-21,23,N,VIIRS,n,2,293.25,0.4,N,2
38.59858,27.05614,313.42,0.5,0.41,2024-06-21,24,N,VIIRS,n,2,295.64,1.77,N,0
38.60114,27.06295,307.93,0.5,0.41,2024-06-21,24,N,VIIRS,n,2,295.44,2.16,N,0
38.60224,27.0574,326.2,0.5,0.41,2024-06-21,24,N,VIIRS,n,2,296.04,2.71,N,0
38.73502,26.94127,308.07,0.49,0.4,2024-06-21,24,N,VIIRS,n,2,297.52,2.51,N,2
38.73722,26.9302,315.46,0.49,0.4,2024-06-21,24,N,VIIRS,n,2,296.96,1.83,N,0
38.73756,26.9481,318.71,0.49,0.4,2024-06-21,24,N,VIIRS,n,2,299.65,3.45,N,2
38.74086,26.93139,309.07,0.49,0.4,2024-06-21,24,N,VIIRS,n,2,295.5,1.83,N,2
39.16755,27.63157,305.94,0.52,0.41,2024-06-21,24,N,VIIRS,n,2,295.26,0.97,N,2
39.563,26.21701,314.88,0.45,0.39,2024-06-21,24,N,VIIRS,n,2,297.94,2.95,N,0
39.56398,26.21194,331.58,0.45,0.39,2024-06-21,24,N,VIIRS,n,2,300.4,6.78,N,0
35.52591,44.34351,367.0,0.38,0.36,2024-06-21,1003,N,VIIRS,h,2,331.22,5.56,D,2
35.53099,44.33875,367.0,0.38,0.36,2024-06-21,1003,N,VIIRS,h,2,336.34,17.09,D,2
35.87592,37.04219,356.86,0.42,0.45,2024-06-21,1004,N,VIIRS,n,2,319.11,16.46,D,0
35.91462,37.03957,353.36,0.42,0.45,2024-06-21,1004,N,VIIRS,n,2,315.09,15.36,D,0
36.01483,37.45486,346.42,0.4,0.44,2024-06-21,1004,N,VIIRS,n,2,318.68,15.33,D,0
36.09134,37.65946,353.0,0.39,0.44,2024-06-21,1004,N,VIIRS,n,2,320.01,17.76,D,0
36.41058,36.31282,343.19,0.44,0.46,2024-06-21,1004,N,VIIRS,n,2,307.91,5.98,D,0
36.52561,37.10244,350.6,0.4,0.45,2024-06-21,1004,N,VIIRS,n,2,318.12,11.33,D,0
36.62954,43.5123,352.77,0.38,0.36,2024-06-21,1004,N,VIIRS,n,2,321.85,37.21,D,0
36.72309,39.05095,367.0,0.49,0.4,2024-06-21,1004,N,VIIRS,h,2,336.77,44.42,D,0
36.78347,39.16404,352.59,0.48,0.4,2024-06-21,1004,N,VIIRS,n,2,324.83,5.9,D,0
36.8205,34.72393,337.98,0.53,0.5,2024-06-21,1004,N,VIIRS,n,2,304.56,6.22,D,0
36.87881,39.0706,351.08,0.49,0.4,2024-06-21,1004,N,VIIRS,n,2,322.42,9.6,D,0
36.8843,38.39164,367.0,0.52,0.42,2024-06-21,1004,N,VIIRS,h,2,324.67,29.67,D,0
36.9094,41.33501,367.0,0.41,0.37,2024-06-21,1004,N,VIIRS,h,2,345.88,24.32,D,0
36.91019,41.33955,367.0,0.41,0.37,2024-06-21,1004,N,VIIRS,h,2,354.23,77.08,D,0
36.91357,41.33865,367.0,0.41,0.37,2024-06-21,1004,N,VIIRS,h,2,356.94,77.08,D,0
36.99278,37.85283,354.1,0.55,0.42,2024-06-21,1004,N,VIIRS,n,2,325.85,33.76,D,0
37.00437,39.67521,367.0,0.46,0.39,2024-06-21,1004,N,VIIRS,h,2,349.28,170.51,D,0
37.13347,40.38256,367.0,0.43,0.38,2024-06-21,1004,N,VIIRS,h,2,349.35,75.01,D,0
37.17228,35.59557,350.35,0.47,0.47,2024-06-21,1004,N,VIIRS,n,2,312.29,11.51,D,0
37.23819,39.61388,352.17,0.46,0.39,2024-06-21,1004,N,VIIRS,n,2,321.87,19.74,D,0
37.23895,39.611,353.4,0.46,0.39,2024-06-21,1004,N,VIIRS,n,2,322.21,30.02,D,0
37.24656,36.36287,337.41,0.43,0.46,2024-06-21,1004,N,VIIRS,n,2,307.39,2.02,D,0
37.30691,39.71453,367.0,0.45,0.39,2024-06-21,1004,N,VIIRS,h,2,337.33,84.64,D,0
37.38916,36.99845,345.4,0.39,0.44,2024-06-21,1004,N,VIIRS,n,2,320.35,14.92,D,0
37.39009,37.00282,367.0,0.39,0.44,2024-06-21,1004,N,VIIRS,h,2,325.73,14.92,D,0
37.39102,37.00719,346.34,0.39,0.44,2024-06-21,1004,N,VIIRS,n,2,317.03,19.62,D,0
37.39289,37.01594,355.84,0.39,0.44,2024-06-21,1004,N,VIIRS,n,2,316.2,10.12,D,0
37.39313,36.99717,355.02,0.39,0.44,2024-06-21,1004,N,VIIRS,n,2,323.65,14.92,D,0
37.39405,37.00153,367.0,0.39,0.44,2024-06-21,1004,N,VIIRS,h,2,325.65,14.92,D,0
37.60381,38.14323,356.32,0.52,0.41,2024-06-21,1004,N,VIIRS,n,2,323.47,26.31,D,0
37.81336,40.78246,349.88,0.41,0.37,2024-06-21,1004,N,VIIRS,n,2,318.38,11.82,D,0
37.82017,40.78067,349.48,0.41,0.37,2024-06-21,1004,N,VIIRS,n,2,319.51,23.65,D,0
37.82099,40.78535,355.56,0.41,0.37,2024-06-21,1004,N,VIIRS,n,2,320.28,23.65,D,0
38.22067,38.96716,349.29,0.47,0.4,2024-06-21,1004,N,VIIRS,n,2,319.01,14.51,D,0
38.22144,38.97014,356.33,0.47,0.4,2024-06-21,1004,N,VIIRS,n,2,325.0,33.0,D,0
38.22168,38.97259,349.88,0.47,0.4,2024-06-21,1004,N,VIIRS,n,2,320.06,14.51,D,0
38.64931,28.18895,344.84,0.51,0.66,2024-06-21,1005,N,VIIRS,n,2,304.43,3.82,D,0
38.65139,28.19598,336.02,0.51,0.66,2024-06-21,1005,N,VIIRS,n,2,304.04,3.82,D,0
39.05286,27.00086,341.82,0.57,0.69,2024-06-21,1005,N,VIIRS,n,2,305.37,4.38,D,0
39.0541,26.99824,340.03,0.57,0.69,2024-06-21,1005,N,VIIRS,n,2,304.52,5.85,D,0
39.05478,27.00719,333.59,0.57,0.69,2024-06-21,1005,N,VIIRS,n,2,304.59,4.38,D,0
39.05606,27.00459,340.73,0.57,0.69,2024-06-21,1005,N,VIIRS,n,2,304.78,7.06,D,0
39.6389,28.87289,343.8,0.44,0.63,2024-06-21,1005,N,VIIRS,n,2,310.9,7.02,D,0
39.82595,34.4274,338.04,0.47,0.47,2024-06-21,1005,N,VIIRS,n,2,311.63,4.46,D,0
40.06659,30.08961,336.66,0.38,0.59,2024-06-21,1005,N,VIIRS,n,2,303.03,2.91,D,0
40.06775,30.09393,331.61,0.38,0.59,2024-06-21,1005,N,VIIRS,n,2,303.2,3.19,D,0
40.06816,30.08919,333.88,0.38,0.59,2024-06-21,1005,N,VIIRS,n,2,302.59,2.35,D,0
40.54214,34.93827,342.76,0.42,0.46,2024-06-21,1005,N,VIIRS,n,2,304.82,3.73,D,0
38.64141,28.19193,340.87,0.32,0.55,2024-06-21,1145,N,VIIRS,n,2,313.53,4.54,D,0
38.64164,28.19539,350.87,0.32,0.55,2024-06-21,1145,N,VIIRS,n,2,313.27,4.54,D,0
38.64186,28.19881,367.0,0.32,0.55,2024-06-21,1145,N,VIIRS,h,2,316.15,7.73,D,0
38.64208,28.20225,354.4,0.32,0.55,2024-06-21,1145,N,VIIRS,n,2,315.48,7.73,D,0
38.64618,28.18637,367.0,0.32,0.55,2024-06-21,1145,N,VIIRS,h,2,311.78,10.08,D,0
38.64686,28.19682,343.83,0.32,0.55,2024-06-21,1145,N,VIIRS,n,2,312.43,5.0,D,0
38.64708,28.20018,349.98,0.32,0.55,2024-06-21,1145,N,VIIRS,n,2,313.09,5.0,D,0
38.65142,28.18827,367.0,0.32,0.55,2024-06-21,1145,N,VIIRS,h,2,313.61,9.69,D,0
38.65165,28.19177,367.0,0.32,0.55,2024-06-21,1145,N,VIIRS,h,2,315.92,9.69,D,0
38.65188,28.19527,355.76,0.32,0.55,2024-06-21,1145,N,VIIRS,n,2,314.61,5.0,D,0
38.73309,27.54312,350.97,0.59,0.53,2024-06-21,1145,N,VIIRS,n,2,309.28,21.15,D,0
38.73408,27.5415,356.92,0.59,0.53,2024-06-21,1145,N,VIIRS,n,2,308.52,20.44,D,0
38.84135,27.72855,342.76,0.61,0.53,2024-06-21,1145,N,VIIRS,n,2,308.92,5.59,D,0
38.8418,27.72976,342.85,0.61,0.53,2024-06-21,1145,N,VIIRS,n,2,309.44,7.49,D,0
38.84633,27.72808,348.98,0.61,0.53,2024-06-21,1145,N,VIIRS,n,2,310.34,12.7,D,0
38.84678,27.72928,347.26,0.61,0.53,2024-06-21,1145,N,VIIRS,n,2,310.3,7.49,D,0
39.61143,28.0647,347.11,0.32,0.55,2024-06-21,1146,N,VIIRS,n,2,305.65,3.26,D,0
39.61348,28.06353,346.3,0.32,0.55,2024-06-21,1146,N,VIIRS,n,2,305.18,4.92,D,0
39.63878,28.86733,343.89,0.36,0.57,2024-06-21,1146,N,VIIRS,n,2,314.24,6.07,D,0
39.63903,28.87167,367.0,0.36,0.57,2024-06-21,1146,N,VIIRS,h,2,316.93,6.07,D,0
39.64427,28.86967,347.23,0.36,0.57,2024-06-21,1146,N,VIIRS,n,2,307.72,4.03,D,0
39.71849,28.0981,339.43,0.32,0.55,2024-06-21,1146,N,VIIRS,n,2,305.1,30.39,D,0
39.71874,28.10192,354.39,0.32,0.55,2024-06-21,1146,N,VIIRS,n,2,322.73,30.39,D,0
39.71898,28.10572,333.83,0.32,0.55,2024-06-21,1146,N,VIIRS,n,2,305.44,22.31,D,0
39.72079,28.09778,352.26,0.32,0.55,2024-06-21,1146,N,VIIRS,n,2,306.7,57.51,D,0
39.72123,28.10538,367.0,0.33,0.55,2024-06-21,1146,N,VIIRS,h,2,306.61,83.14,D,0
39.7236,28.09738,338.45,0.32,0.55,2024-06-21,1146,N,VIIRS,n,2,304.46,38.52,D,0
39.72409,28.10505,367.0,0.32,0.55,2024-06-21,1146,N,VIIRS,h,2,306.51,62.45,D,0
39.72612,28.10076,367.0,0.33,0.55,2024-06-21,1146,N,VIIRS,h,2,306.65,8.99,D,0
39.72635,28.10468,346.04,0.33,0.55,2024-06-21,1146,N,VIIRS,n,2,304.55,8.81,D,0
41.24134,36.46272,303.55,0.63,0.72,2024-06-21,2223,N,VIIRS,n,2,287.38,1.59,N,2
35.92428,43.79047,318.43,0.47,0.47,2024-06-21,2224,N,VIIRS,n,2,297.82,2.39,N,2
35.95258,43.72506,316.41,0.47,0.48,2024-06-21,2224,N,VIIRS,n,2,299.39,2.33,N,2
35.96675,43.76476,318.23,0.47,0.48,2024-06-21,2224,N,VIIRS,n,2,301.13,4.5,N,2
35.97511,43.77085,317.94,0.47,0.47,2024-06-21,2224,N,VIIRS,n,2,301.34,4.78,N,2
35.98001,43.76619,317.72,0.47,0.48,2024-06-21,2224,N,VIIRS,n,2,300.5,2.38,N,2
35.98442,43.76672,311.12,0.47,0.48,2024-06-21,2224,N,VIIRS,n,2,299.54,2.38,N,2
35.99752,43.75852,321.37,0.47,0.48,2024-06-21,2224,N,VIIRS,n,2,299.89,3.02,N,2
35.99863,43.75797,321.62,0.47,0.48,2024-06-21,2224,N,VIIRS,n,2,300.17,3.09,N,2
36.01782,43.68091,335.41,0.47,0.48,2024-06-21,2224,N,VIIRS,n,2,300.92,5.68,N,2
36.08428,43.64117,311.14,0.48,0.48,2024-06-21,2224,N,VIIRS,n,2,297.95,1.76,N,0
36.13177,40.80863,310.36,0.34,0.56,2024-06-21,2224,N,VIIRS,n,2,297.98,1.19,N,2
36.14199,40.81349,329.26,0.34,0.56,2024-06-21,2224,N,VIIRS,n,2,298.3,2.2,N,2
36.1684,41.04476,309.39,0.33,0.55,2024-06-21,2224,N,VIIRS,n,2,298.43,0.96,N,0
36.33438,43.75684,312.45,0.47,0.48,2024-06-21,2224,N,VIIRS,n,2,296.09,1.29,N,2
36.48282,39.12292,310.6,0.43,0.62,2024-06-21,2224,N,VIIRS,n,2,294.99,1.77,N,0
36.5951,37.43422,315.71,0.53,0.67,2024-06-21,2224,N,VIIRS,n,2,294.47,1.27,N,0
36.60498,44.19167,310.89,0.45,0.47,2024-06-21,2224,N,VIIRS,n,2,295.81,3.95,N,0
36.60545,44.18645,324.09,0.45,0.47,2024-06-21,2224,N,VIIRS,n,2,295.26,3.95,N,0
36.6098,44.18692,349.86,0.45,0.47,2024-06-21,2224,N,VIIRS,n,2,299.34,3.95,N,0
36.61028,44.18166,313.35,0.45,0.47,2024-06-21,2224,N,VIIRS,n,2,295.43,3.51,N,0
36.61358,43.51232,313.31,0.49,0.49,2024-06-21,2224,N,VIIRS,n,2,293.9,1.52,N,0
36.65922,39.73818,307.85,0.4,0.6,2024-06-21,2224,N,VIIRS,n,2,294.29,1.0,N,0
36.66428,39.74791,306.03,0.4,0.6,2024-06-21,2224,N,VIIRS,n,2,294.83,1.9,N,0
36.66454,39.74334,347.72,0.4,0.6,2024-06-21,2224,N,VIIRS,n,2,296.74,4.28,N,0
36.6648,39.73876,329.02,0.4,0.6,2024-06-21,2224,N,VIIRS,n,2,296.74,4.28,N,0
36.66506,39.73421,318.55,0.4,0.6,2024-06-21,2224,N,VIIRS,n,2,294.97,3.87,N,0
36.66861,42.19392,309.94,0.58,0.52,2024-06-21,2224,N,VIIRS,n,2,294.19,1.73,N,0
36.67055,42.19425,308.96,0.58,0.52,2024-06-21,2224,N,VIIRS,n,2,294.49,1.17,N,0
36.67449,39.66585,309.22,0.4,0.6,2024-06-21,2224,N,VIIRS,n,2,294.26,1.2,N,0
36.67475,39.66121,303.55,0.4,0.6,2024-06-21,2224,N,VIIRS,n,2,293.05,1.41,N,0
36.73035,43.28092,315.53,0.51,0.49,2024-06-21,2224,N,VIIRS,n,2,299.03,3.38,N,2
36.74805,43.49863,310.09,0.49,0.49,2024-06-21,2224,N,VIIRS,n,2,297.2,2.51,N,2
36.76019,39.14627,311.28,0.43,0.62,2024-06-21,2224,N,VIIRS,n,2,292.23,0.8,N,0
36.76022,39.14648,310.63,0.43,0.62,2024-06-21,2224,N,VIIRS,n,2,292.4,0.8,N,0
36.76379,38.62014,306.5,0.46,0.63,2024-06-21,2224,N,VIIRS,n,2,295.98,1.82,N,0
36.77737,43.32632,339.43,0.5,0.49,2024-06-21,2224,N,VIIRS,n,2,301.54,6.06,N,2
36.77739,43.32383,352.31,0.5,0.49,2024-06-21,2224,N,VIIRS,n,2,301.31,11.71,N,2
36.77786,43.32034,313.79,0.5,0.49,2024-06-21,2224,N,VIIRS,n,2,297.2,5.89,N,2
36.79016,40.05135,304.65,0.38,0.59,2024-06-21,2224,N,VIIRS,n,2,293.15,0.36,N,0
36.79692,42.88102,367.0,0.53,0.5,2024-06-21,2224,N,VIIRS,h,2,302.84,14.0,N,0
36.79744,42.87485,323.92,0.53,0.5,2024-06-21,2224,N,VIIRS,n,2,296.53,14.0,N,0
36.82797,40.07014,311.34,0.38,0.59,2024-06-21,2224,N,VIIRS,n,2,292.55,0.72,N,0
36.84673,38.43238,304.96,0.47,0.64,2024-06-21,2224,N,VIIRS,n,2,293.36,0.74,N,0
36.86921,43.48619,315.96,0.5,0.49,2024-06-21,2224,N,VIIRS,n,2,296.94,2.83,N,2
36.86985,43.48648,315.93,0.5,0.49,2024-06-21,2224,N,VIIRS,n,2,296.89,3.1,N,2
36.88064,40.40566,306.99,0.37,0.58,2024-06-21,2224,N,VIIRS,n,2,293.42,0.6,N,0
36.88415,40.40892,304.0,0.37,0.58,2024-06-21,2224,N,VIIRS,n,2,293.09,0.69,N,0
36.88977,39.11389,307.32,0.43,0.62,2024-06-21,2224,N,VIIRS,n,2,292.09,0.73,N,0
36.89288,43.43045,310.14,0.5,0.49,2024-06-21,2224,N,VIIRS,n,2,294.72,1.85,N,2
36.89333,43.425,316.87,0.5,0.49,2024-06-21,2224,N,VIIRS,n,2,293.31,1.85,N,2
36.89372,42.04547,307.58,0.59,0.53,2024-06-21,2224,N,VIIRS,n,2,295.93,2.35,N,0
36.89532,42.04713,308.43,0.59,0.53,2024-06-21,2224,N,VIIRS,n,2,296.15,1.9,N,0
36.90572,43.38686,326.23,0.5,0.49,2024-06-21,2224,N,VIIRS,n,2,294.21,2.91,N,2
36.90898,38.95868,367.0,0.44,0.62,2024-06-21,2224,N,VIIRS,h,2,295.53,9.12,N,0
36.90923,38.9536,320.52,0.44,0.62,2024-06-21,2224,N,VIIRS,n,2,292.59,9.2,N,0
36.91029,43.38732,309.33,0.5,0.49,2024-06-21,2224,N,VIIRS,n,2,293.76,2.91,N,2
36.93255,39.07221,303.17,0.43,0.62,2024-06-21,2224,N,VIIRS,n,2,291.92,12.32,N,0
36.93835,39.07272,351.82,0.43,0.62,2024-06-21,2224,N,VIIRS,n,2,299.95,12.32,N,0
36.93861,39.06769,367.0,0.43,0.62,2024-06-21,2224,N,VIIRS,h,2,296.33,29.51,N,0
36.93877,42.12827,313.23,0.59,0.53,2024-06-21,2224,N,VIIRS,n,2,299.18,2.72,N,2
36.93929,42.12149,308.83,0.59,0.53,2024-06-21,2224,N,VIIRS,n,2,297.64,1.11,N,2
36.94064,42.16864,314.31,0.59,0.52,2024-06-21,2224,N,VIIRS,n,2,297.82,1.46,N,2
36.94349,39.07336,343.45,0.43,0.62,2024-06-21,2224,N,VIIRS,n,2,293.23,3.76,N,0
36.94372,39.06833,314.98,0.43,0.62,2024-06-21,2224,N,VIIRS,n,2,291.17,3.76,N,0
36.94415,39.0732,328.52,0.43,0.62,2024-06-21,2224,N,VIIRS,n,2,292.48,3.07,N,0
36.94855,42.12948,341.89,0.59,0.53,2024-06-21,2224,N,VIIRS,n,2,300.8,7.33,N,0
36.96053,41.62505,310.56,0.63,0.54,2024-06-21,2224,N,VIIRS,n,2,296.34,2.93,N,0
36.96104,41.61781,307.68,0.63,0.54,2024-06-21,2224,N,VIIRS,n,2,295.92,2.41,N,0
37.01937,38.42455,326.14,0.47,0.64,2024-06-21,2224,N,VIIRS,n,2,291.2,2.61,N,0
37.0196,38.41909,304.77,0.47,0.64,2024-06-21,2224,N,VIIRS,n,2,290.66,2.58,N,0
37.02435,39.79848,307.26,0.4,0.6,2024-06-21,2224,N,VIIRS,n,2,291.19,0.56,N,0
37.0259,39.79914,307.01,0.4,0.6,2024-06-21,2224,N,VIIRS,n,2,290.74,0.46,N,0
37.0291,41.30551,311.75,0.33,0.55,2024-06-21,2224,N,VIIRS,n,2,298.84,0.78,N,0
37.0314,42.16619,309.51,0.59,0.53,2024-06-21,2224,N,VIIRS,n,2,299.32,1.13,N,2
37.04415,41.92648,338.52,0.6,0.53,2024-06-21,2224,N,VIIRS,n,2,299.04,5.95,N,0
37.04647,40.20361,336.38,0.38,0.58,2024-06-21,2224,N,VIIRS,n,2,294.0,15.7,N,0
37.04671,40.19927,311.24,0.38,0.59,2024-06-21,2224,N,VIIRS,n,2,292.92,17.04,N,0
37.0491,41.92711,340.67,0.6,0.53,2024-06-21,2224,N,VIIRS,n,2,299.99,8.82,N,0
37.05192,40.20415,341.28,0.38,0.58,2024-06-21,2224,N,VIIRS,n,2,303.1,15.7,N,0
37.05217,40.19978,367.0,0.38,0.59,2024-06-21,2224,N,VIIRS,h,2,296.07,17.04,N,0
37.06079,40.23993,305.75,0.38,0.58,2024-06-21,2224,N,VIIRS,n,2,294.61,0.91,N,0
37.06155,40.22707,306.62,0.38,0.58,2024-06-21,2224,N,VIIRS,n,2,294.76,1.46,N,0
37.06339,40.46682,306.31,0.36,0.58,2024-06-21,2224,N,VIIRS,n,2,292.92,0.77,N,0
37.06365,40.46264,317.68,0.36,0.58,2024-06-21,2224,N,VIIRS,n,2,293.83,0.77,N,0
37.06623,40.24051,321.46,0.38,0.58,2024-06-21,2224,N,VIIRS,n,2,294.5,1.51,N,0
37.06674,40.23193,321.28,0.38,0.58,2024-06-21,2224,N,VIIRS,n,2,294.95,3.42,N,0
37.067,40.22764,327.03,0.38,0.58,2024-06-21,2224,N,VIIRS,n,2,295.98,3.93,N,0
37.07835,42.55775,316.57,0.56,0.51,2024-06-21,2224,N,VIIRS,n,2,300.51,4.73,N,2
37.09202,40.35531,310.78,0.37,0.58,2024-06-21,2224,N,VIIRS,n,2,293.85,0.97,N,0
37.09315,40.35672,309.82,0.37,0.58,2024-06-21,2224,N,VIIRS,n,2,293.83,1.29,N,0
37.10469,40.34509,306.48,0.37,0.58,2024-06-21,2224,N,VIIRS,n,2,295.16,1.42,N,0
37.11337,39.16858,305.04,0.43,0.62,2024-06-21,2224,N,VIIRS,n,2,293.38,1.82,N,0
37.1189,39.17406,309.64,0.43,0.62,2024-06-21,2224,N,VIIRS,n,2,292.43,1.85,N,0
37.11914,39.1691,324.37,0.43,0.62,2024-06-21,2224,N,VIIRS,n,2,294.07,1.82,N,0
37.12782,40.41554,324.45,0.37,0.58,2024-06-21,2224,N,VIIRS,n,2,299.42,2.78,N,0
37.13367,41.50313,325.94,0.32,0.55,2024-06-21,2224,N,VIIRS,n,2,300.6,3.39,N,0
37.13546,41.50425,320.21,0.32,0.55,2024-06-21,2224,N,VIIRS,n,2,300.08,1.24,N,0
37.1534,43.29132,322.39,0.51,0.49,2024-06-21,2224,N,VIIRS,n,2,294.64,3.82,N,0
37.16191,40.11012,312.02,0.38,0.59,2024-06-21,2224,N,VIIRS,n,2,296.44,1.77,N,0
37.18034,40.53098,317.92,0.36,0.58,2024-06-21,2224,N,VIIRS,n,2,298.48,3.55,N,0
37.18323,39.92923,335.41,0.39,0.59,2024-06-21,2224,N,VIIRS,n,2,297.26,3.91,N,0
37.18348,39.92472,314.92,0.39,0.59,2024-06-21,2224,N,VIIRS,n,2,295.96,4.54,N,0
37.18399,39.91576,311.79,0.39,0.59,2024-06-21,2224,N,VIIRS,n,2,295.08,1.99,N,0
37.18491,40.54409,323.69,0.36,0.57,2024-06-21,2224,N,VIIRS,n,2,298.23,2.42,N,0
37.1875,39.9524,321.62,0.39,0.59,2024-06-21,2224,N,VIIRS,n,2,294.52,1.44,N,0
37.1875,40.54663,323.49,0.36,0.58,2024-06-21,2224,N,VIIRS,n,2,297.73,1.73,N,0
37.18774,40.54243,310.42,0.36,0.58,2024-06-21,2224,N,VIIRS,n,2,298.37,2.03,N,0
37.18775,39.94794,314.21,0.39,0.59,2024-06-21,2224,N,VIIRS,n,2,295.08,1.44,N,0
37.19,40.54883,308.63,0.36,0.57,2024-06-21,2224,N,VIIRS,n,2,297.81,3.29,N,0
37.19027,40.54464,317.8,0.36,0.57,2024-06-21,2224,N,VIIRS,n,2,298.7,2.42,N,0
37.19286,40.5472,310.0,0.36,0.58,2024-06-21,2224,N,VIIRS,n,2,298.02,0.57,N,0
37.19304,39.95293,306.81,0.39,0.59,2024-06-21,2224,N,VIIRS,n,2,294.04,1.44,N,0
37.24416,39.64398,307.37,0.41,0.6,2024-06-21,2224,N,VIIRS,n,2,291.38,0.86,N,0
37.24442,39.63939,310.55,0.41,0.6,2024-06-21,2224,N,VIIRS,n,2,291.77,0.86,N,0
37.24467,39.63477,306.23,0.41,0.6,2024-06-21,2224,N,VIIRS,n,2,291.93,1.34,N,0
37.24726,39.64132,305.27,0.41,0.6,2024-06-21,2224,N,VIIRS,n,2,291.7,1.23,N,0
37.24749,39.63671,303.46,0.41,0.6,2024-06-21,2224,N,VIIRS,n,2,291.97,1.23,N,0
37.24837,39.73089,316.77,0.4,0.6,2024-06-21,2224,N,VIIRS,n,2,293.7,1.6,N,0
37.24861,39.72622,324.31,0.4,0.6,2024-06-21,2224,N,VIIRS,n,2,293.23,2.2,N,0
37.24885,39.72157,326.9,0.4,0.6,2024-06-21,2224,N,VIIRS,n,2,293.66,2.2,N,0
37.25062,39.72935,321.74,0.4,0.6,2024-06-21,2224,N,VIIRS,n,2,293.43,3.38,N,0
37.25089,39.72469,345.05,0.4,0.6,2024-06-21,2224,N,VIIRS,n,2,294.84,3.38,N,0
37.25446,39.72217,303.03,0.4,0.6,2024-06-21,2224,N,VIIRS,n,2,292.8,2.2,N,0
37.25668,40.73403,314.34,0.35,0.57,2024-06-21,2224,N,VIIRS,n,2,297.96,2.15,N,0
37.25694,40.72993,328.51,0.35,0.57,2024-06-21,2224,N,VIIRS,n,2,297.61,2.15,N,0
37.26224,40.73064,327.19,0.35,0.57,2024-06-21,2224,N,VIIRS,n,2,299.15,2.15,N,0
37.2625,40.72654,310.42,0.35,0.57,2024-06-21,2224,N,VIIRS,n,2,297.69,4.11,N,0
37.27283,40.73213,321.64,0.35,0.57,2024-06-21,2224,N,VIIRS,n,2,299.28,3.34,N,0
37.27389,40.71569,316.66,0.35,0.57,2024-06-21,2224,N,VIIRS,n,2,298.11,2.34,N,0
37.27415,40.7116,310.62,0.35,0.57,2024-06-21,2224,N,VIIRS,n,2,297.81,2.84,N,0
37.27594,40.7342,314.18,0.35,0.57,2024-06-21,2224,N,VIIRS,n,2,298.83,3.08,N,0
37.27619,40.73003,340.07,0.35,0.57,2024-06-21,2224,N,VIIRS,n,2,300.18,3.08,N,0
37.27758,38.72794,307.55,0.46,0.63,2024-06-21,2224,N,VIIRS,n,2,294.95,1.51,N,2
37.27813,40.73293,326.89,0.35,0.57,2024-06-21,2224,N,VIIRS,n,2,299.4,5.29,N,0
37.27839,40.72878,350.8,0.35,0.57,2024-06-21,2224,N,VIIRS,n,2,300.45,3.6,N,0
37.27866,40.72467,311.31,0.35,0.57,2024-06-21,2224,N,VIIRS,n,2,297.76,3.6,N,0
37.28148,40.73097,339.48,0.35,0.57,2024-06-21,2224,N,VIIRS,n,2,300.1,3.08,N,0
37.28172,40.72683,332.94,0.35,0.57,2024-06-21,2224,N,VIIRS,n,2,299.84,8.99,N,0
37.28218,40.13403,367.0,0.38,0.59,2024-06-21,2224,N,VIIRS,h,2,301.95,7.61,N,0
37.28243,40.12965,345.04,0.38,0.59,2024-06-21,2224,N,VIIRS,n,2,299.76,11.61,N,0
37.28367,40.7298,332.45,0.35,0.57,2024-06-21,2224,N,VIIRS,n,2,300.38,3.6,N,0
37.28741,40.13905,317.11,0.38,0.59,2024-06-21,2224,N,VIIRS,n,2,298.06,7.61,N,0
37.28766,40.13465,354.56,0.38,0.59,2024-06-21,2224,N,VIIRS,n,2,302.15,7.61,N,0
37.28791,40.13028,367.0,0.38,0.59,2024-06-21,2224,N,VIIRS,h,2,301.85,11.61,N,0
37.28843,40.12154,313.61,0.38,0.59,2024-06-21,2224,N,VIIRS,n,2,297.29,1.95,N,0
37.29289,40.13966,367.0,0.38,0.59,2024-06-21,2224,N,VIIRS,h,2,301.44,7.98,N,0
37.29314,40.13527,349.4,0.38,0.59,2024-06-21,2224,N,VIIRS,n,2,301.12,7.98,N,0
37.2934,40.13089,367.0,0.38,0.59,2024-06-21,2224,N,VIIRS,h,2,302.92,14.44,N,0
37.29391,40.12212,342.46,0.38,0.59,2024-06-21,2224,N,VIIRS,n,2,299.04,4.64,N,0
37.29837,40.14026,322.17,0.38,0.59,2024-06-21,2224,N,VIIRS,n,2,298.17,7.98,N,0
37.29863,40.13588,367.0,0.38,0.59,2024-06-21,2224,N,VIIRS,h,2,301.73,7.98,N,0
37.29889,40.1315,350.75,0.38,0.59,2024-06-21,2224,N,VIIRS,n,2,300.48,14.44,N,0
37.29921,37.15654,304.76,0.56,0.69,2024-06-21,2224,N,VIIRS,n,2,292.71,0.79,N,2
37.3003,40.01147,315.2,0.39,0.59,2024-06-21,2224,N,VIIRS,n,2,297.54,0.67,N,0
37.30289,39.76515,320.08,0.4,0.6,2024-06-21,2224,N,VIIRS,n,2,295.8,3.02,N,0
37.30314,39.76047,307.68,0.4,0.6,2024-06-21,2224,N,VIIRS,n,2,294.43,2.94,N,0
37.30411,40.13647,347.69,0.38,0.59,2024-06-21,2224,N,VIIRS,n,2,299.51,6.35,N,0
37.30437,40.13211,367.0,0.38,0.59,2024-06-21,2224,N,VIIRS,h,2,301.02,5.91,N,0
37.30463,40.12773,313.75,0.38,0.59,2024-06-21,2224,N,VIIRS,n,2,296.93,5.91,N,0
37.32708,40.11366,317.29,0.38,0.59,2024-06-21,2224,N,VIIRS,n,2,296.99,1.46,N,0
37.32762,40.11264,321.55,0.38,0.59,2024-06-21,2224,N,VIIRS,n,2,297.01,1.18,N,0
37.43248,37.8659,317.14,0.51,0.66,2024-06-21,2224,N,VIIRS,n,2,293.49,2.04,N,0
37.4345,37.86683,332.06,0.51,0.66,2024-06-21,2224,N,VIIRS,n,2,294.35,3.99,N,0
37.43867,37.8664,324.38,0.51,0.66,2024-06-21,2224,N,VIIRS,n,2,294.09,2.04,N,0
37.43887,37.86086,304.91,0.51,0.66,2024-06-21,2224,N,VIIRS,n,2,293.9,2.04,N,0
37.44069,37.86746,306.39,0.51,0.66,2024-06-21,2224,N,VIIRS,n,2,293.42,1.43,N,0
37.44092,37.86189,306.92,0.51,0.66,2024-06-21,2224,N,VIIRS,n,2,293.78,1.79,N,0
37.57141,38.93759,303.9,0.45,0.63,2024-06-21,2224,N,VIIRS,n,2,291.16,0.85,N,0
37.57166,38.93235,310.83,0.45,0.63,2024-06-21,2224,N,VIIRS,n,2,290.24,0.85,N,0
37.57533,38.93763,314.18,0.45,0.63,2024-06-21,2224,N,VIIRS,n,2,291.03,2.29,N,0
37.57555,38.9324,322.94,0.45,0.63,2024-06-21,2224,N,VIIRS,n,2,291.45,3.16,N,0
37.57728,38.938,308.73,0.45,0.63,2024-06-21,2224,N,VIIRS,n,2,290.81,0.9,N,0
37.57754,38.93278,307.15,0.45,0.63,2024-06-21,2224,N,VIIRS,n,2,290.92,0.9,N,0
37.79092,40.67107,346.19,0.36,0.57,2024-06-21,2224,N,VIIRS,n,2,293.56,5.32,N,0
37.82006,40.7761,323.74,0.36,0.57,2024-06-21,2224,N,VIIRS,n,2,289.91,3.12,N,0
37.82537,40.77674,342.7,0.36,0.57,2024-06-21,2224,N,VIIRS,n,2,294.88,3.12,N,0
37.82562,40.77253,331.21,0.36,0.57,2024-06-21,2224,N,VIIRS,n,2,293.5,7.22,N,0
37.83021,40.78557,343.96,0.36,0.57,2024-06-21,2224,N,VIIRS,n,2,294.55,3.57,N,0
37.83046,40.7814,308.65,0.36,0.57,2024-06-21,2224,N,VIIRS,n,2,292.96,3.07,N,0
38.09258,40.62546,320.6,0.36,0.58,2024-06-21,2224,N,VIIRS,n,2,293.06,1.85,N,0
35.51095,44.37618,319.53,0.43,0.46,2024-06-21,2225,N,VIIRS,n,2,299.56,2.92,N,2
35.51141,44.37136,310.59,0.43,0.46,2024-06-21,2225,N,VIIRS,n,2,298.44,2.95,N,2
35.51205,44.37503,328.81,0.43,0.46,2024-06-21,2225,N,VIIRS,n,2,300.48,3.86,N,2
35.52687,44.34444,340.0,0.43,0.46,2024-06-21,2225,N,VIIRS,n,2,299.72,7.46,N,2
35.52734,44.33959,332.41,0.43,0.46,2024-06-21,2225,N,VIIRS,n,2,298.57,7.46,N,2
35.53157,44.34027,340.95,0.43,0.46,2024-06-21,2225,N,VIIRS,n,2,305.36,7.46,N,2
35.53204,44.33545,324.13,0.43,0.46,2024-06-21,2225,N,VIIRS,n,2,300.17,11.8,N,2
35.53627,44.33616,324.8,0.43,0.46,2024-06-21,2225,N,VIIRS,n,2,298.24,3.33,N,2
35.53879,43.25116,340.11,0.49,0.49,2024-06-21,2225,N,VIIRS,n,2,297.85,3.8,N,0
35.54331,43.2518,315.28,0.49,0.49,2024-06-21,2225,N,VIIRS,n,2,297.42,3.8,N,0
35.62849,44.01048,328.17,0.45,0.47,2024-06-21,2225,N,VIIRS,n,2,302.1,13.97,N,2
35.62898,44.00542,340.0,0.45,0.47,2024-06-21,2225,N,VIIRS,n,2,300.97,13.97,N,2
35.66025,43.96593,308.82,0.45,0.47,2024-06-21,2225,N,VIIRS,n,2,297.08,1.26,N,2
35.66071,43.96088,307.74,0.45,0.47,2024-06-21,2225,N,VIIRS,n,2,297.12,1.55,N,2
35.66368,43.96484,332.89,0.45,0.47,2024-06-21,2225,N,VIIRS,n,2,298.61,4.53,N,2
35.66458,43.96661,309.47,0.45,0.47,2024-06-21,2225,N,VIIRS,n,2,297.37,1.26,N,2
35.66505,43.96158,312.16,0.45,0.47,2024-06-21,2225,N,VIIRS,n,2,297.04,1.55,N,2
35.67736,44.06489,314.46,0.45,0.47,2024-06-21,2225,N,VIIRS,n,2,299.28,2.84,N,2
35.68604,43.87692,339.63,0.46,0.47,2024-06-21,2225,N,VIIRS,n,2,308.22,20.56,N,2
35.68651,43.87184,313.87,0.46,0.47,2024-06-21,2225,N,VIIRS,n,2,297.06,13.58,N,2
35.72331,44.04197,327.93,0.45,0.47,2024-06-21,2225,N,VIIRS,n,2,299.95,4.55,N,2
35.7238,44.03692,328.87,0.45,0.47,2024-06-21,2225,N,VIIRS,n,2,300.42,4.55,N,2
35.72763,44.04269,336.05,0.45,0.47,2024-06-21,2225,N,VIIRS,n,2,299.57,4.55,N,2
35.72811,44.03769,339.0,0.45,0.47,2024-06-21,2225,N,VIIRS,n,2,301.25,4.55,N,2
35.7286,44.03262,332.94,0.45,0.47,2024-06-21,2225,N,VIIRS,n,2,300.56,5.04,N,2
35.77238,43.99585,339.28,0.45,0.47,2024-06-21,2225,N,VIIRS,n,2,300.9,5.96,N,2
36.14421,38.80054,305.91,0.44,0.63,2024-06-21,2225,N,VIIRS,n,2,295.11,0.69,N,0
