latitude,longitude,bright_ti4,scan,track,acq_date,acq_time,satellite,instrument,confidence,version,bright_ti5,frp,daynight,type
40.76422,32.21579,296.28,0.52,0.5,2025-08-11,25,N,VIIRS,n,2,284.85,1.04,N,2
40.76434,32.21549,299.01,0.52,0.5,2025-08-11,25,N,VIIRS,n,2,284.98,0.94,N,2
41.1769,32.63624,302.91,0.53,0.5,2025-08-11,25,N,VIIRS,n,2,292.8,2.31,N,2
41.19476,32.62391,302.38,0.53,0.5,2025-08-11,25,N,VIIRS,n,2,292.01,2.14,N,0
41.24434,36.46267,310.2,0.41,0.6,2025-08-11,25,N,VIIRS,n,2,292.95,1.69,N,2
41.25646,31.41602,304.32,0.46,0.47,2025-08-11,25,N,VIIRS,n,2,291.99,1.38,N,2
41.25941,31.42314,317.56,0.46,0.47,2025-08-11,25,N,VIIRS,n,2,292.05,2.47,N,2
41.26362,31.42488,313.46,0.46,0.47,2025-08-11,25,N,VIIRS,n,2,295.45,2.38,N,2
41.63034,27.68625,307.08,0.47,0.4,2025-08-11,25,N,VIIRS,n,2,292.54,1.03,N,2
41.79826,26.70325,303.44,0.44,0.38,2025-08-11,25,N,VIIRS,n,2,292.37,0.99,N,2
36.71595,36.20274,306.8,0.53,0.67,2025-08-11,26,N,VIIRS,n,2,296.29,2.65,N,2
36.71749,36.19749,309.23,0.53,0.67,2025-08-11,26,N,VIIRS,n,2,296.78,3.61,N,2
36.72766,36.20842,307.0,0.53,0.67,2025-08-11,26,N,VIIRS,n,2,296.78,2.55,N,2
37.25225,30.44142,308.66,0.51,0.5,2025-08-11,26,N,VIIRS,n,2,295.51,1.05,N,2
37.46886,36.90699,310.8,0.55,0.68,2025-08-11,26,N,VIIRS,n,2,296.13,2.44,N,0
37.47255,36.90895,320.07,0.55,0.68,2025-08-11,26,N,VIIRS,n,2,297.1,5.83,N,0
37.47482,36.90984,317.0,0.55,0.68,2025-08-11,26,N,VIIRS,n,2,297.16,2.44,N,0
38.42809,27.2166,314.89,0.51,0.41,2025-08-11,26,N,VIIRS,n,2,300.71,3.46,N,2
38.65857,30.62084,304.64,0.49,0.48,2025-08-11,26,N,VIIRS,n,2,290.43,0.88,N,2
38.75243,26.93556,309.82,0.49,0.4,2025-08-11,26,N,VIIRS,n,2,297.25,1.61,N,0
39.09151,27.51548,305.85,0.51,0.41,2025-08-11,26,N,VIIRS,n,2,293.94,1.33,N,0
39.09271,27.50967,314.86,0.51,0.41,2025-08-11,26,N,VIIRS,n,2,295.1,1.33,N,0
39.10365,27.51422,305.89,0.51,0.41,2025-08-11,26,N,VIIRS,n,2,295.22,1.51,N,0
39.11368,27.52325,312.16,0.51,0.41,2025-08-11,26,N,VIIRS,n,2,295.09,2.19,N,2
39.48475,30.04235,299.94,0.44,0.46,2025-08-11,26,N,VIIRS,n,2,289.46,0.43,N,2
39.58863,26.4272,301.97,0.46,0.39,2025-08-11,26,N,VIIRS,n,2,291.22,0.26,N,0
39.86504,26.24204,321.88,0.45,0.39,2025-08-11,26,N,VIIRS,n,2,297.92,3.05,N,2
40.01589,27.00581,306.81,0.47,0.4,2025-08-11,26,N,VIIRS,n,2,293.25,1.13,N,0
40.26184,30.04218,305.45,0.42,0.45,2025-08-11,26,N,VIIRS,n,2,291.8,0.64,N,2
40.78083,29.60367,305.64,0.39,0.44,2025-08-11,26,N,VIIRS,n,2,295.3,1.42,N,2
41.01549,27.96031,308.71,0.49,0.41,2025-08-11,26,N,VIIRS,n,2,294.25,1.26,N,2
41.02041,28.5546,315.43,0.52,0.42,2025-08-11,26,N,VIIRS,n,2,295.78,2.29,N,2
35.68327,43.87859,367.0,0.38,0.36,2025-08-11,1006,N,VIIRS,h,2,344.76,29.13,D,2
36.30251,36.32363,353.91,0.45,0.47,2025-08-11,1006,N,VIIRS,n,2,321.67,14.78,D,0
36.31184,36.3048,343.6,0.45,0.47,2025-08-11,1006,N,VIIRS,n,2,318.16,3.84,D,0
36.31807,36.29223,345.28,0.45,0.47,2025-08-11,1006,N,VIIRS,n,2,319.66,4.91,D,0
36.92768,43.74602,352.78,0.38,0.36,2025-08-11,1006,N,VIIRS,n,2,320.67,6.66,D,0
36.92833,43.75031,351.17,0.38,0.36,2025-08-11,1006,N,VIIRS,n,2,319.81,6.66,D,0
36.93162,43.74954,346.63,0.38,0.36,2025-08-11,1006,N,VIIRS,n,2,320.36,6.33,D,0
36.98481,43.78576,354.32,0.38,0.36,2025-08-11,1006,N,VIIRS,n,2,317.2,15.05,D,0
36.99275,43.7706,367.0,0.38,0.36,2025-08-11,1006,N,VIIRS,h,2,323.51,23.51,D,0
36.9934,43.77491,350.91,0.38,0.36,2025-08-11,1006,N,VIIRS,n,2,319.03,11.57,D,0
36.99605,43.76985,355.61,0.38,0.36,2025-08-11,1006,N,VIIRS,n,2,316.85,18.64,D,0
36.99671,43.77416,356.38,0.38,0.36,2025-08-11,1006,N,VIIRS,n,2,324.45,22.87,D,0
36.99736,43.77847,355.97,0.38,0.36,2025-08-11,1006,N,VIIRS,n,2,322.69,22.87,D,0
36.99933,43.79138,351.22,0.38,0.36,2025-08-11,1006,N,VIIRS,n,2,320.8,6.09,D,0
37.00197,43.78632,351.82,0.38,0.36,2025-08-11,1006,N,VIIRS,n,2,319.63,6.83,D,0
37.53388,31.921,352.61,0.35,0.57,2025-08-11,1007,N,VIIRS,n,2,311.44,5.84,D,0
37.7903,31.83548,347.58,0.35,0.57,2025-08-11,1007,N,VIIRS,n,2,313.78,3.03,D,0
38.21029,36.57622,341.27,0.4,0.44,2025-08-11,1007,N,VIIRS,n,2,310.58,30.28,D,0
38.44621,35.65411,342.37,0.43,0.46,2025-08-11,1007,N,VIIRS,n,2,312.26,1.93,D,0
38.59779,43.31025,349.44,0.38,0.36,2025-08-11,1007,N,VIIRS,n,2,319.52,14.38,D,0
40.1091,44.44607,345.63,0.4,0.37,2025-08-11,1007,N,VIIRS,n,2,309.63,5.57,D,0
40.72241,41.25095,336.36,0.39,0.36,2025-08-11,1007,N,VIIRS,n,2,305.93,9.46,D,0
39.58921,26.42012,367.0,0.59,0.7,2025-08-11,1008,N,VIIRS,h,2,305.63,15.55,D,0
39.58976,26.4219,357.73,0.58,0.7,2025-08-11,1008,N,VIIRS,n,2,308.17,21.58,D,0
39.59128,26.42683,367.0,0.58,0.7,2025-08-11,1008,N,VIIRS,h,2,308.32,15.55,D,0
39.59187,26.42858,350.28,0.58,0.7,2025-08-11,1008,N,VIIRS,n,2,306.47,22.49,D,0
39.76085,28.9824,340.8,0.44,0.62,2025-08-11,1008,N,VIIRS,n,2,307.87,2.61,D,0
40.08145,32.80156,344.2,0.55,0.51,2025-08-11,1008,N,VIIRS,n,2,317.19,8.27,D,0
40.51748,31.35179,334.44,0.64,0.54,2025-08-11,1008,N,VIIRS,n,2,304.01,155.11,D,0
40.52012,31.34119,343.19,0.64,0.54,2025-08-11,1008,N,VIIRS,n,2,308.36,14.7,D,0
41.16722,28.03714,367.0,0.44,0.62,2025-08-11,1008,N,VIIRS,h,2,308.88,23.93,D,0
41.17257,28.03395,345.89,0.44,0.62,2025-08-11,1008,N,VIIRS,n,2,303.74,5.73,D,0
41.1968,33.20295,342.69,0.5,0.49,2025-08-11,1008,N,VIIRS,n,2,312.96,13.77,D,0
41.24128,36.46196,337.23,0.53,0.42,2025-08-11,1008,N,VIIRS,n,2,307.06,8.81,D,2
38.37004,27.13746,344.38,0.56,0.52,2025-08-11,1148,N,VIIRS,n,2,316.04,3.31,D,0
39.16315,27.56307,332.62,0.6,0.53,2025-08-11,1148,N,VIIRS,n,2,301.98,227.46,D,0
39.16868,27.57104,354.1,0.6,0.53,2025-08-11,1148,N,VIIRS,n,2,308.71,278.78,D,0
39.17373,27.57183,354.49,0.6,0.53,2025-08-11,1148,N,VIIRS,n,2,315.84,228.8,D,0
39.1783,27.56576,367.0,0.6,0.53,2025-08-11,1148,N,VIIRS,h,2,339.4,309.02,D,0
39.17876,27.57243,343.64,0.6,0.53,2025-08-11,1148,N,VIIRS,n,2,304.31,228.8,D,0
39.18334,27.56645,336.65,0.6,0.53,2025-08-11,1148,N,VIIRS,n,2,307.1,6.67,D,0
39.57639,26.42622,340.56,0.53,0.5,2025-08-11,1148,N,VIIRS,n,2,308.6,6.62,D,0
39.58107,26.4258,348.71,0.53,0.5,2025-08-11,1148,N,VIIRS,n,2,318.93,33.57,D,0
39.58152,26.43185,337.24,0.53,0.5,2025-08-11,1148,N,VIIRS,n,2,309.77,33.57,D,0
39.58529,26.41917,343.26,0.53,0.5,2025-08-11,1148,N,VIIRS,n,2,312.46,14.06,D,0
39.58575,26.42533,350.8,0.53,0.5,2025-08-11,1148,N,VIIRS,n,2,315.02,33.57,D,0
39.5862,26.43147,342.18,0.53,0.5,2025-08-11,1148,N,VIIRS,n,2,311.82,33.57,D,0
39.58996,26.41859,342.12,0.53,0.5,2025-08-11,1148,N,VIIRS,n,2,308.06,11.12,D,0
39.59042,26.4248,367.0,0.53,0.5,2025-08-11,1148,N,VIIRS,h,2,316.45,19.9,D,0
39.59089,26.43101,342.28,0.53,0.5,2025-08-11,1148,N,VIIRS,n,2,310.65,19.9,D,0
39.87807,26.28428,367.0,0.52,0.5,2025-08-11,1148,N,VIIRS,h,2,327.85,72.82,D,0
39.88274,26.28384,350.28,0.52,0.5,2025-08-11,1148,N,VIIRS,n,2,322.86,72.82,D,0
40.05074,26.35721,367.0,0.53,0.5,2025-08-11,1148,N,VIIRS,h,2,306.78,19.55,D,0
40.0512,26.36326,343.36,0.53,0.5,2025-08-11,1148,N,VIIRS,n,2,304.98,9.46,D,0
40.0559,26.36295,367.0,0.53,0.5,2025-08-11,1148,N,VIIRS,h,2,343.16,316.79,D,0
40.05635,26.3689,352.74,0.53,0.5,2025-08-11,1148,N,VIIRS,n,2,311.02,316.79,D,0
40.06104,26.36848,367.0,0.53,0.5,2025-08-11,1148,N,VIIRS,h,2,358.89,316.79,D,0
40.06151,26.37459,348.11,0.53,0.5,2025-08-11,1148,N,VIIRS,n,2,311.22,59.51,D,0
40.06526,26.36186,367.0,0.53,0.5,2025-08-11,1148,N,VIIRS,h,2,328.9,268.98,D,0
40.0662,26.37415,367.0,0.53,0.5,2025-08-11,1148,N,VIIRS,h,2,352.8,247.91,D,0
40.06682,26.36134,367.0,0.53,0.5,2025-08-11,1148,N,VIIRS,h,2,342.03,82.57,D,0
40.06726,26.36745,367.0,0.53,0.5,2025-08-11,1148,N,VIIRS,h,2,333.31,203.79,D,0
40.06769,26.3735,367.0,0.53,0.5,2025-08-11,1148,N,VIIRS,h,2,361.36,203.79,D,0
40.06812,26.37963,337.06,0.53,0.5,2025-08-11,1148,N,VIIRS,n,2,309.35,39.94,D,0
40.07137,26.37993,344.51,0.53,0.5,2025-08-11,1148,N,VIIRS,n,2,313.92,247.91,D,0
40.0715,26.36085,352.76,0.53,0.5,2025-08-11,1148,N,VIIRS,n,2,311.05,82.57,D,0
40.07195,26.36702,367.0,0.53,0.5,2025-08-11,1148,N,VIIRS,h,2,335.02,203.79,D,0
40.07239,26.3732,355.97,0.53,0.5,2025-08-11,1148,N,VIIRS,n,2,329.6,203.79,D,0
40.07281,26.37922,346.43,0.53,0.5,2025-08-11,1148,N,VIIRS,n,2,318.57,39.94,D,0
40.07512,26.36727,367.0,0.53,0.5,2025-08-11,1148,N,VIIRS,h,2,336.14,117.32,D,0
40.07608,26.37961,367.0,0.53,0.5,2025-08-11,1148,N,VIIRS,h,2,325.97,43.8,D,0
40.07753,26.37904,356.89,0.53,0.5,2025-08-11,1148,N,VIIRS,n,2,325.55,64.44,D,0
40.08029,26.373,339.88,0.53,0.5,2025-08-11,1148,N,VIIRS,n,2,310.59,43.8,D,0
40.08079,26.37938,352.55,0.53,0.5,2025-08-11,1148,N,VIIRS,n,2,310.22,43.8,D,0
40.32101,27.79081,354.78,0.32,0.54,2025-08-11,1148,N,VIIRS,n,2,305.74,3.85,D,3
40.508,31.34298,343.67,0.49,0.65,2025-08-11,1148,N,VIIRS,n,2,315.74,53.07,D,0
40.50816,31.34826,367.0,0.49,0.65,2025-08-11,1148,N,VIIRS,h,2,309.76,59.6,D,0
40.51429,31.34834,367.0,0.49,0.65,2025-08-11,1148,N,VIIRS,h,2,318.61,39.23,D,0
40.52026,31.3436,335.02,0.49,0.65,2025-08-11,1148,N,VIIRS,n,2,306.43,53.51,D,0
40.52042,31.34888,334.42,0.49,0.65,2025-08-11,1148,N,VIIRS,n,2,305.21,39.23,D,0
41.06435,28.50082,332.27,0.35,0.57,2025-08-11,1149,N,VIIRS,n,2,305.33,1.85,D,0
41.06639,28.503,367.0,0.35,0.57,2025-08-11,1149,N,VIIRS,h,2,313.52,18.23,D,0
41.06664,28.50742,339.51,0.35,0.57,2025-08-11,1149,N,VIIRS,n,2,306.06,10.74,D,0
41.06963,28.49993,353.7,0.35,0.57,2025-08-11,1149,N,VIIRS,n,2,308.67,14.52,D,0
41.06987,28.50448,367.0,0.35,0.57,2025-08-11,1149,N,VIIRS,h,2,311.19,14.52,D,0
41.07011,28.50918,367.0,0.35,0.57,2025-08-11,1149,N,VIIRS,h,2,307.48,13.47,D,0
41.75174,26.15925,345.23,0.54,0.51,2025-08-11,1149,N,VIIRS,n,2,311.93,4.18,D,0
38.21655,36.5765,297.98,0.61,0.71,2025-08-11,2226,N,VIIRS,n,2,286.82,2.6,N,0
41.23848,36.46346,300.14,0.64,0.72,2025-08-11,2226,N,VIIRS,n,2,289.5,0.78,N,2
41.23984,36.46516,303.15,0.64,0.72,2025-08-11,2226,N,VIIRS,n,2,289.73,1.95,N,2
41.24527,36.46357,304.83,0.64,0.72,2025-08-11,2226,N,VIIRS,n,2,290.96,2.6,N,2
35.52579,44.34369,347.63,0.43,0.46,2025-08-11,2227,N,VIIRS,n,2,304.25,4.06,N,2
35.52626,44.33882,327.94,0.43,0.46,2025-08-11,2227,N,VIIRS,n,2,302.9,4.06,N,2
35.53003,44.34437,312.45,0.43,0.46,2025-08-11,2227,N,VIIRS,n,2,301.36,4.06,N,2
35.5305,44.3395,348.39,0.43,0.46,2025-08-11,2227,N,VIIRS,n,2,305.08,4.06,N,2
35.53098,44.33466,318.54,0.43,0.46,2025-08-11,2227,N,VIIRS,n,2,302.84,5.22,N,2
35.53474,44.34021,311.52,0.43,0.46,2025-08-11,2227,N,VIIRS,n,2,301.03,2.07,N,2
35.53521,44.33537,336.27,0.43,0.46,2025-08-11,2227,N,VIIRS,n,2,303.14,3.65,N,2
35.54679,36.11821,303.12,0.62,0.72,2025-08-11,2227,N,VIIRS,n,2,292.63,0.79,N,0
35.56597,44.28594,313.01,0.44,0.46,2025-08-11,2227,N,VIIRS,n,2,301.41,1.12,N,2
35.62506,44.00937,311.26,0.45,0.47,2025-08-11,2227,N,VIIRS,n,2,300.32,1.97,N,2
35.62825,44.00823,347.35,0.45,0.47,2025-08-11,2227,N,VIIRS,n,2,310.28,14.55,N,2
35.62875,44.00317,311.51,0.45,0.47,2025-08-11,2227,N,VIIRS,n,2,300.54,14.55,N,2
35.6294,44.00994,330.36,0.45,0.47,2025-08-11,2227,N,VIIRS,n,2,310.94,20.92,N,2
35.62987,44.00486,341.3,0.45,0.47,2025-08-11,2227,N,VIIRS,n,2,302.48,19.2,N,2
35.63259,44.00879,312.36,0.45,0.47,2025-08-11,2227,N,VIIRS,n,2,300.7,14.55,N,2
35.6601,43.9634,342.43,0.45,0.47,2025-08-11,2227,N,VIIRS,n,2,299.56,8.05,N,2
35.66444,43.96409,351.78,0.45,0.47,2025-08-11,2227,N,VIIRS,n,2,305.1,8.05,N,2
35.68127,43.87844,308.55,0.46,0.47,2025-08-11,2227,N,VIIRS,n,2,297.87,1.81,N,2
35.68175,43.87333,313.84,0.46,0.47,2025-08-11,2227,N,VIIRS,n,2,298.64,1.81,N,2
35.68563,43.87911,328.75,0.46,0.47,2025-08-11,2227,N,VIIRS,n,2,302.7,37.39,N,2
35.68611,43.874,345.92,0.46,0.47,2025-08-11,2227,N,VIIRS,n,2,314.82,37.39,N,2
35.72311,44.03975,342.61,0.45,0.47,2025-08-11,2227,N,VIIRS,n,2,302.09,4.33,N,2
35.72381,44.04224,332.79,0.45,0.47,2025-08-11,2227,N,VIIRS,n,2,301.21,3.47,N,2
35.72428,44.03716,334.04,0.45,0.47,2025-08-11,2227,N,VIIRS,n,2,302.51,3.98,N,2
35.72742,44.0405,317.28,0.45,0.47,2025-08-11,2227,N,VIIRS,n,2,300.96,4.33,N,2
35.72842,44.03033,331.95,0.45,0.47,2025-08-11,2227,N,VIIRS,n,2,301.42,2.93,N,2
35.72906,44.03283,332.54,0.45,0.47,2025-08-11,2227,N,VIIRS,n,2,301.87,3.98,N,2
35.77227,43.99341,340.06,0.45,0.47,2025-08-11,2227,N,VIIRS,n,2,302.53,4.37,N,2
35.9527,43.72661,313.25,0.47,0.48,2025-08-11,2227,N,VIIRS,n,2,301.4,1.99,N,2
35.97892,43.76859,316.09,0.47,0.48,2025-08-11,2227,N,VIIRS,n,2,301.31,1.9,N,2
35.98333,43.76913,312.91,0.47,0.48,2025-08-11,2227,N,VIIRS,n,2,301.17,1.9,N,2
35.99753,43.76035,315.74,0.47,0.48,2025-08-11,2227,N,VIIRS,n,2,300.82,2.06,N,2
36.01802,43.68242,319.43,0.48,0.48,2025-08-11,2227,N,VIIRS,n,2,302.32,3.71,N,2
36.08346,43.63794,310.44,0.48,0.48,2025-08-11,2227,N,VIIRS,n,2,299.34,1.85,N,0
36.09776,43.62905,308.87,0.48,0.48,2025-08-11,2227,N,VIIRS,n,2,298.02,1.7,N,0
36.1324,40.80833,313.95,0.34,0.56,2025-08-11,2227,N,VIIRS,n,2,297.37,1.19,N,2
36.14262,40.81322,326.75,0.34,0.56,2025-08-11,2227,N,VIIRS,n,2,297.02,1.92,N,2
36.73133,36.20735,311.05,0.63,0.72,2025-08-11,2227,N,VIIRS,n,2,299.18,4.96,N,2
36.74496,36.20071,311.76,0.63,0.72,2025-08-11,2227,N,VIIRS,n,2,298.36,4.92,N,2
36.77429,43.32497,335.51,0.51,0.49,2025-08-11,2227,N,VIIRS,n,2,298.77,6.3,N,2
36.77879,43.32641,315.09,0.51,0.49,2025-08-11,2227,N,VIIRS,n,2,299.53,3.24,N,2
36.87099,43.48671,313.8,0.5,0.49,2025-08-11,2227,N,VIIRS,n,2,296.92,2.87,N,2
36.90711,43.3869,331.28,0.51,0.49,2025-08-11,2227,N,VIIRS,n,2,296.38,4.96,N,2
36.91537,41.89544,308.67,0.61,0.53,2025-08-11,2227,N,VIIRS,n,2,296.59,1.78,N,2
36.93948,42.16834,306.28,0.59,0.53,2025-08-11,2227,N,VIIRS,n,2,295.25,1.85,N,2
36.94131,42.16766,318.8,0.59,0.53,2025-08-11,2227,N,VIIRS,n,2,296.46,2.39,N,2
36.94437,42.16893,317.5,0.59,0.53,2025-08-11,2227,N,VIIRS,n,2,296.97,1.85,N,2
36.94749,42.12898,338.04,0.59,0.53,2025-08-11,2227,N,VIIRS,n,2,298.85,6.17,N,2
36.94907,42.12823,320.37,0.59,0.53,2025-08-11,2227,N,VIIRS,n,2,297.97,2.08,N,2
36.96233,42.08137,309.57,0.6,0.53,2025-08-11,2227,N,VIIRS,n,2,296.52,1.65,N,2
36.96594,42.08279,315.53,0.6,0.53,2025-08-11,2227,N,VIIRS,n,2,296.04,1.86,N,2
36.99391,43.76535,310.32,0.48,0.48,2025-08-11,2227,N,VIIRS,n,2,296.69,3.11,N,0
36.99437,43.7602,306.59,0.48,0.48,2025-08-11,2227,N,VIIRS,n,2,295.81,2.82,N,0
36.9954,41.56175,317.85,0.32,0.54,2025-08-11,2227,N,VIIRS,n,2,296.26,1.43,N,2
36.99802,43.76981,310.07,0.48,0.48,2025-08-11,2227,N,VIIRS,n,2,297.03,3.51,N,0
36.99849,43.7647,336.61,0.48,0.48,2025-08-11,2227,N,VIIRS,n,2,299.33,3.51,N,0
36.99855,41.56061,310.38,0.32,0.54,2025-08-11,2227,N,VIIRS,n,2,298.17,1.21,N,2
36.99894,43.75958,341.49,0.48,0.48,2025-08-11,2227,N,VIIRS,n,2,298.71,5.07,N,0
37.00211,43.77464,311.72,0.48,0.48,2025-08-11,2227,N,VIIRS,n,2,298.13,4.18,N,0
37.00257,43.76954,319.51,0.48,0.48,2025-08-11,2227,N,VIIRS,n,2,298.44,3.51,N,0
37.00304,43.76433,327.91,0.48,0.48,2025-08-11,2227,N,VIIRS,n,2,298.59,3.51,N,0
37.0035,43.7592,308.73,0.48,0.48,2025-08-11,2227,N,VIIRS,n,2,296.65,5.07,N,0
37.0149,36.10154,317.09,0.64,0.72,2025-08-11,2227,N,VIIRS,n,2,297.67,3.68,N,2
37.15074,43.34266,306.31,0.51,0.49,2025-08-11,2227,N,VIIRS,n,2,294.48,1.93,N,0
37.27638,38.72998,308.78,0.46,0.64,2025-08-11,2227,N,VIIRS,n,2,296.06,1.03,N,2
37.2942,37.15469,309.11,0.56,0.69,2025-08-11,2227,N,VIIRS,n,2,297.05,2.67,N,2
41.02541,36.10001,299.49,0.47,0.47,2025-08-12,6,N,VIIRS,n,2,287.58,1.03,N,2
41.02577,36.0977,300.85,0.47,0.47,2025-08-12,6,N,VIIRS,n,2,287.38,0.97,N,2
41.17525,32.63376,313.09,0.49,0.4,2025-08-12,6,N,VIIRS,n,2,291.97,2.46,N,2
41.19198,32.6277,303.19,0.49,0.4,2025-08-12,6,N,VIIRS,n,2,291.13,1.27,N,2
41.24181,36.46322,324.67,0.48,0.48,2025-08-12,6,N,VIIRS,n,2,292.61,4.29,N,2
41.25619,31.41469,315.37,0.44,0.38,2025-08-12,6,N,VIIRS,n,2,292.03,1.63,N,2
41.2656,31.42334,308.2,0.44,0.38,2025-08-12,6,N,VIIRS,n,2,294.05,1.55,N,2
35.68198,43.88525,310.69,0.79,0.78,2025-08-12,7,N,VIIRS,n,2,295.18,17.13,N,0
35.68232,43.87959,355.99,0.79,0.78,2025-08-12,7,N,VIIRS,n,2,296.93,18.44,N,2
35.68477,43.87676,367.0,0.79,0.78,2025-08-12,7,N,VIIRS,h,2,300.64,17.13,N,2
35.6851,43.87096,346.5,0.79,0.78,2025-08-12,7,N,VIIRS,n,2,296.21,18.44,N,2
35.68756,43.86823,313.42,0.79,0.78,2025-08-12,7,N,VIIRS,n,2,295.23,22.65,N,2
35.68917,43.88283,305.69,0.79,0.78,2025-08-12,7,N,VIIRS,n,2,295.45,2.64,N,2
36.01828,43.67999,308.71,0.76,0.77,2025-08-12,7,N,VIIRS,n,2,295.7,1.95,N,2
36.021,43.68241,309.53,0.76,0.77,2025-08-12,7,N,VIIRS,n,2,295.83,2.36,N,2
36.13193,40.80927,309.31,0.54,0.68,2025-08-12,7,N,VIIRS,n,2,295.41,1.69,N,2
36.1421,40.82053,308.42,0.54,0.68,2025-08-12,7,N,VIIRS,n,2,292.72,1.26,N,2
36.14376,40.81485,307.12,0.54,0.68,2025-08-12,7,N,VIIRS,n,2,294.58,1.26,N,2
36.4417,42.9311,308.79,0.68,0.74,2025-08-12,7,N,VIIRS,n,2,297.18,1.93,N,2
36.45536,41.28286,304.55,0.56,0.69,2025-08-12,7,N,VIIRS,n,2,294.32,1.15,N,2
36.52408,37.54229,305.31,0.35,0.57,2025-08-12,7,N,VIIRS,n,2,295.14,1.14,N,0
36.71737,36.20242,318.81,0.6,0.53,2025-08-12,7,N,VIIRS,n,2,297.68,3.4,N,2
36.74882,36.20029,316.77,0.59,0.53,2025-08-12,7,N,VIIRS,n,2,299.09,4.73,N,2
36.77603,43.32453,324.26,0.69,0.74,2025-08-12,7,N,VIIRS,n,2,295.29,4.41,N,2
36.77654,43.32259,323.82,0.69,0.74,2025-08-12,7,N,VIIRS,n,2,295.09,5.46,N,2
36.86745,43.48669,301.62,0.7,0.75,2025-08-12,7,N,VIIRS,n,2,291.19,0.57,N,2
36.90357,43.39802,302.25,0.69,0.75,2025-08-12,7,N,VIIRS,n,2,290.77,2.22,N,2
36.90475,43.39158,315.99,0.69,0.75,2025-08-12,7,N,VIIRS,n,2,291.83,3.6,N,2
36.90623,43.38967,306.42,0.69,0.75,2025-08-12,7,N,VIIRS,n,2,291.02,3.02,N,2
36.93804,42.13568,313.44,0.6,0.7,2025-08-12,7,N,VIIRS,n,2,295.06,1.81,N,2
36.93868,42.13102,319.54,0.6,0.7,2025-08-12,7,N,VIIRS,n,2,296.45,1.97,N,2
36.94002,42.12911,309.09,0.6,0.7,2025-08-12,7,N,VIIRS,n,2,295.92,1.81,N,2
36.94036,42.17491,308.21,0.6,0.71,2025-08-12,7,N,VIIRS,n,2,294.35,1.95,N,2
36.94083,42.1701,326.74,0.6,0.71,2025-08-12,7,N,VIIRS,n,2,294.65,3.26,N,2
36.94234,42.16832,315.52,0.6,0.71,2025-08-12,7,N,VIIRS,n,2,294.87,2.95,N,2
36.94483,42.13398,309.31,0.6,0.7,2025-08-12,7,N,VIIRS,n,2,294.98,1.97,N,2
36.94617,42.13208,319.45,0.6,0.7,2025-08-12,7,N,VIIRS,n,2,295.8,1.81,N,2
36.94685,42.1274,307.62,0.6,0.7,2025-08-12,7,N,VIIRS,n,2,296.39,1.97,N,2
36.99895,43.76057,307.48,0.72,0.75,2025-08-12,7,N,VIIRS,n,2,292.25,3.68,N,0
36.99918,43.75768,303.62,0.72,0.75,2025-08-12,7,N,VIIRS,n,2,291.53,2.89,N,0
37.0099,41.58384,307.87,0.56,0.69,2025-08-12,7,N,VIIRS,n,2,293.61,0.82,N,2
37.01294,41.58506,310.41,0.56,0.69,2025-08-12,7,N,VIIRS,n,2,294.18,1.19,N,2
37.23405,40.69564,310.74,0.5,0.65,2025-08-12,7,N,VIIRS,n,2,294.72,1.48,N,0
37.23573,40.6973,311.97,0.5,0.65,2025-08-12,7,N,VIIRS,n,2,295.23,1.89,N,0
37.29576,37.15703,314.22,0.32,0.55,2025-08-12,7,N,VIIRS,n,2,297.6,1.73,N,2
37.69403,38.08679,306.66,0.35,0.57,2025-08-12,7,N,VIIRS,n,2,295.01,0.26,N,2
38.20805,36.58159,299.44,0.58,0.52,2025-08-12,7,N,VIIRS,n,2,285.8,1.5,N,0
38.20929,36.57652,305.42,0.58,0.52,2025-08-12,7,N,VIIRS,n,2,288.35,1.5,N,0
38.21057,36.5713,297.77,0.58,0.52,2025-08-12,7,N,VIIRS,n,2,287.38,1.48,N,0
38.21276,36.58307,306.82,0.58,0.52,2025-08-12,7,N,VIIRS,n,2,287.12,3.37,N,0
38.21395,36.57819,327.02,0.58,0.52,2025-08-12,7,N,VIIRS,n,2,288.27,3.37,N,0
38.21523,36.57299,319.84,0.58,0.52,2025-08-12,7,N,VIIRS,n,2,287.49,5.23,N,0
38.38571,30.77018,304.16,0.46,0.39,2025-08-12,7,N,VIIRS,n,2,282.67,0.48,N,0
38.40571,30.7888,295.5,0.46,0.39,2025-08-12,7,N,VIIRS,n,2,281.93,0.7,N,0
38.4281,27.21846,318.75,0.38,0.36,2025-08-12,7,N,VIIRS,n,2,300.91,1.51,N,2
38.45409,38.72776,308.0,0.37,0.58,2025-08-12,7,N,VIIRS,n,2,295.43,0.89,N,2
38.45533,27.26191,309.87,0.38,0.36,2025-08-12,7,N,VIIRS,n,2,299.46,1.82,N,2
38.64537,27.47612,306.41,0.39,0.36,2025-08-12,7,N,VIIRS,n,2,294.74,0.56,N,0
38.65903,30.61598,302.99,0.45,0.39,2025-08-12,7,N,VIIRS,n,2,291.61,1.36,N,2
38.66241,39.23518,302.54,0.38,0.59,2025-08-12,7,N,VIIRS,n,2,292.32,0.34,N,2
38.73942,26.93048,310.82,0.38,0.36,2025-08-12,7,N,VIIRS,n,2,299.23,1.93,N,2
38.75187,26.93615,310.78,0.38,0.36,2025-08-12,7,N,VIIRS,n,2,297.78,1.23,N,0
38.79075,26.9279,320.1,0.38,0.36,2025-08-12,7,N,VIIRS,n,2,297.47,2.04,N,0
38.94028,26.84072,345.5,0.38,0.36,2025-08-12,7,N,VIIRS,n,2,299.35,5.15,N,0
38.94097,26.83632,312.79,0.38,0.36,2025-08-12,7,N,VIIRS,n,2,299.22,5.15,N,0
38.94356,26.84157,341.9,0.38,0.36,2025-08-12,7,N,VIIRS,n,2,322.93,57.04,N,0
38.94425,26.83718,345.05,0.38,0.36,2025-08-12,7,N,VIIRS,n,2,309.57,57.04,N,0
39.09153,27.51506,308.25,0.38,0.36,2025-08-12,7,N,VIIRS,n,2,292.96,0.95,N,0
39.09224,27.51066,318.2,0.38,0.36,2025-08-12,7,N,VIIRS,n,2,294.62,0.95,N,0
39.10207,27.51333,304.38,0.38,0.36,2025-08-12,7,N,VIIRS,n,2,293.7,1.03,N,0
39.11379,27.52559,310.19,0.38,0.36,2025-08-12,7,N,VIIRS,n,2,293.92,0.67,N,0
39.1145,27.5212,312.34,0.38,0.36,2025-08-12,7,N,VIIRS,n,2,294.36,1.54,N,2
39.13982,27.5552,304.94,0.39,0.36,2025-08-12,7,N,VIIRS,n,2,290.77,0.51,N,0
39.14238,27.56046,302.33,0.39,0.36,2025-08-12,7,N,VIIRS,n,2,290.33,0.47,N,0
39.1445,27.54736,308.16,0.39,0.36,2025-08-12,7,N,VIIRS,n,2,292.69,2.61,N,0
39.14778,27.54828,338.01,0.39,0.36,2025-08-12,7,N,VIIRS,n,2,299.25,2.61,N,0
39.15221,27.5632,303.9,0.39,0.36,2025-08-12,7,N,VIIRS,n,2,293.2,0.68,N,0
39.16417,27.55277,327.0,0.39,0.36,2025-08-12,7,N,VIIRS,n,2,297.2,2.63,N,0
39.16533,27.56678,302.02,0.39,0.36,2025-08-12,7,N,VIIRS,n,2,292.0,1.22,N,0
39.16845,27.63223,317.21,0.39,0.36,2025-08-12,7,N,VIIRS,n,2,296.6,1.22,N,2
39.17073,27.55458,336.94,0.39,0.36,2025-08-12,7,N,VIIRS,n,2,295.55,3.41,N,0
39.18324,27.49826,307.61,0.38,0.36,2025-08-12,7,N,VIIRS,n,2,295.47,0.92,N,2
39.58265,29.8266,317.98,0.42,0.37,2025-08-12,7,N,VIIRS,n,2,288.12,1.72,N,0
39.59119,26.42296,308.05,0.39,0.36,2025-08-12,7,N,VIIRS,n,2,294.34,0.81,N,0
39.60788,27.87903,306.15,0.39,0.36,2025-08-12,7,N,VIIRS,n,2,294.81,0.59,N,2
39.74451,30.19937,302.52,0.42,0.38,2025-08-12,7,N,VIIRS,n,2,290.48,0.7,N,2
39.86572,26.24398,323.77,0.39,0.36,2025-08-12,7,N,VIIRS,n,2,300.05,2.51,N,2
40.0106,26.30128,327.36,0.39,0.36,2025-08-12,7,N,VIIRS,n,2,297.07,2.65,N,0
40.01128,26.2967,328.28,0.39,0.36,2025-08-12,7,N,VIIRS,n,2,296.85,2.63,N,0
40.01256,26.3112,347.15,0.39,0.36,2025-08-12,7,N,VIIRS,n,2,299.54,6.36,N,0
40.01324,26.30666,330.91,0.39,0.36,2025-08-12,7,N,VIIRS,n,2,298.11,2.65,N,0
40.01392,26.30209,327.0,0.39,0.36,2025-08-12,7,N,VIIRS,n,2,297.13,2.65,N,3
40.0152,26.31655,333.11,0.39,0.36,2025-08-12,7,N,VIIRS,n,2,299.32,4.54,N,0
40.0157,27.00569,308.75,0.38,0.36,2025-08-12,7,N,VIIRS,n,2,293.03,1.03,N,0
40.02563,26.36166,335.77,0.39,0.36,2025-08-12,7,N,VIIRS,n,2,295.43,8.87,N,0
40.02631,26.35712,346.28,0.39,0.36,2025-08-12,7,N,VIIRS,n,2,296.82,10.72,N,0
40.02699,26.35257,307.18,0.39,0.36,2025-08-12,7,N,VIIRS,n,2,296.02,10.72,N,0
40.0271,26.3649,332.47,0.39,0.36,2025-08-12,7,N,VIIRS,n,2,298.15,119.74,N,0
40.02844,26.35579,345.05,0.39,0.36,2025-08-12,7,N,VIIRS,n,2,311.64,33.43,N,0
40.0304,26.36574,332.35,0.39,0.36,2025-08-12,7,N,VIIRS,n,2,301.93,119.74,N,0
40.03107,26.36116,350.44,0.39,0.36,2025-08-12,7,N,VIIRS,n,2,311.1,119.74,N,0
40.03175,26.35658,322.14,0.39,0.36,2025-08-12,7,N,VIIRS,n,2,296.96,33.43,N,0
40.03439,26.36195,318.63,0.39,0.36,2025-08-12,7,N,VIIRS,n,2,296.05,1.95,N,0
40.04831,26.36056,306.88,0.39,0.36,2025-08-12,7,N,VIIRS,n,2,296.42,1.01,N,0
40.05095,26.36594,339.79,0.39,0.36,2025-08-12,7,N,VIIRS,n,2,301.74,17.43,N,0
40.05162,26.36138,307.36,0.39,0.36,2025-08-12,7,N,VIIRS,n,2,297.18,1.01,N,0
40.05425,26.36676,308.43,0.39,0.36,2025-08-12,7,N,VIIRS,n,2,296.54,1.17,N,0
40.05493,26.36221,310.39,0.39,0.36,2025-08-12,7,N,VIIRS,n,2,296.48,0.98,N,0
40.05824,26.36305,309.41,0.39,0.36,2025-08-12,7,N,VIIRS,n,2,296.42,0.98,N,0
40.24362,29.92676,300.8,0.41,0.37,2025-08-12,7,N,VIIRS,n,2,290.78,1.03,N,2
40.2616,30.04421,303.43,0.41,0.37,2025-08-12,7,N,VIIRS,n,2,291.51,0.76,N,2
40.27344,28.43286,304.09,0.39,0.36,2025-08-12,7,N,VIIRS,n,2,293.9,0.21,N,0
40.59076,26.15996,337.76,0.39,0.36,2025-08-12,7,N,VIIRS,n,2,297.52,5.23,N,3
40.59143,26.15535,356.22,0.39,0.36,2025-08-12,7,N,VIIRS,n,2,302.29,8.35,N,3
40.5921,26.15073,345.91,0.39,0.36,2025-08-12,7,N,VIIRS,n,2,299.69,8.35,N,0
40.59274,26.17003,324.92,0.39,0.36,2025-08-12,7,N,VIIRS,n,2,294.87,6.61,N,0
40.59278,26.1461,314.97,0.39,0.36,2025-08-12,7,N,VIIRS,n,2,295.56,1.45,N,0
40.59341,26.16542,339.67,0.39,0.36,2025-08-12,7,N,VIIRS,n,2,297.4,3.42,N,0
40.59408,26.16082,332.4,0.39,0.36,2025-08-12,7,N,VIIRS,n,2,297.63,3.42,N,0
40.59475,26.1562,353.06,0.39,0.36,2025-08-12,7,N,VIIRS,n,2,301.72,6.03,N,0
40.59539,26.17546,348.99,0.39,0.36,2025-08-12,7,N,VIIRS,n,2,305.45,6.61,N,3
40.59543,26.15157,337.07,0.39,0.36,2025-08-12,7,N,VIIRS,n,2,299.06,6.03,N,0
40.59606,26.17087,341.3,0.39,0.36,2025-08-12,7,N,VIIRS,n,2,299.79,6.61,N,0
40.59673,26.16628,337.37,0.39,0.36,2025-08-12,7,N,VIIRS,n,2,299.2,3.42,N,0
40.59679,26.17796,338.37,0.39,0.36,2025-08-12,7,N,VIIRS,n,2,297.79,5.99,N,0
40.5974,26.16167,325.91,0.39,0.36,2025-08-12,7,N,VIIRS,n,2,297.54,3.42,N,0
40.59745,26.17337,348.73,0.39,0.36,2025-08-12,7,N,VIIRS,n,2,305.15,4.38,N,0
40.59808,26.15704,346.18,0.39,0.36,2025-08-12,7,N,VIIRS,n,2,300.03,6.03,N,0
40.59811,26.16877,333.63,0.39,0.36,2025-08-12,7,N,VIIRS,n,2,298.97,4.38,N,0
40.59811,26.19263,367.0,0.39,0.36,2025-08-12,7,N,VIIRS,h,2,314.52,26.13,N,0
40.59875,26.15241,322.02,0.39,0.36,2025-08-12,7,N,VIIRS,n,2,297.06,6.03,N,0
40.59878,26.16416,324.17,0.39,0.36,2025-08-12,7,N,VIIRS,n,2,297.4,1.4,N,0
40.59878,26.18801,367.0,0.39,0.36,2025-08-12,7,N,VIIRS,h,2,313.51,26.13,N,0
40.59945,26.15953,308.62,0.39,0.36,2025-08-12,7,N,VIIRS,n,2,295.01,1.4,N,0
40.59945,26.1834,306.6,0.39,0.36,2025-08-12,7,N,VIIRS,n,2,294.75,5.99,N,0
40.60011,26.1549,316.25,0.39,0.36,2025-08-12,7,N,VIIRS,n,2,295.86,2.21,N,0
40.60011,26.1788,356.8,0.39,0.36,2025-08-12,7,N,VIIRS,n,2,307.74,5.99,N,0
40.60011,26.20269,367.0,0.39,0.36,2025-08-12,7,N,VIIRS,h,2,336.31,69.61,N,0
40.60077,26.19809,356.78,0.39,0.36,2025-08-12,7,N,VIIRS,n,2,320.64,69.61,N,0
40.60078,26.17421,337.21,0.39,0.36,2025-08-12,7,N,VIIRS,n,2,303.15,4.38,N,0
40.60144,26.16962,321.71,0.39,0.36,2025-08-12,7,N,VIIRS,n,2,299.72,4.38,N,0
40.60144,26.19348,367.0,0.39,0.36,2025-08-12,7,N,VIIRS,h,2,308.57,4.76,N,0
40.6021,26.165,309.8,0.39,0.36,2025-08-12,7,N,VIIRS,n,2,295.96,1.4,N,0
40.60211,26.18885,337.53,0.39,0.36,2025-08-12,7,N,VIIRS,n,2,300.21,4.76,N,0
40.60276,26.20813,317.19,0.39,0.36,2025-08-12,7,N,VIIRS,n,2,296.87,16.6,N,0
40.60277,26.18424,326.6,0.39,0.36,2025-08-12,7,N,VIIRS,n,2,296.42,2.56,N,0
40.60343,26.20354,341.22,0.39,0.36,2025-08-12,7,N,VIIRS,n,2,326.97,69.61,N,0
40.60344,26.17964,345.14,0.39,0.36,2025-08-12,7,N,VIIRS,n,2,303.52,2.56,N,0
40.6041,26.17505,326.66,0.39,0.36,2025-08-12,7,N,VIIRS,n,2,298.95,1.42,N,0
40.6041,26.19894,350.75,0.39,0.36,2025-08-12,7,N,VIIRS,n,2,306.32,69.61,N,0
40.60476,26.17046,306.58,0.39,0.36,2025-08-12,7,N,VIIRS,n,2,295.79,1.42,N,0
40.60476,26.19433,333.41,0.39,0.36,2025-08-12,7,N,VIIRS,n,2,300.31,4.76,N,0
40.60543,26.18969,314.19,0.39,0.36,2025-08-12,7,N,VIIRS,n,2,296.2,4.76,N,0
40.60609,26.20898,336.48,0.39,0.36,2025-08-12,7,N,VIIRS,n,2,299.09,16.86,N,0
40.6061,26.18507,310.2,0.39,0.36,2025-08-12,7,N,VIIRS,n,2,294.78,2.56,N,0
40.60675,26.20439,350.51,0.39,0.36,2025-08-12,7,N,VIIRS,n,2,304.76,6.16,N,0
40.60676,26.18048,312.03,0.39,0.36,2025-08-12,7,N,VIIRS,n,2,296.82,2.56,N,0
40.60742,26.19978,325.61,0.39,0.36,2025-08-12,7,N,VIIRS,n,2,299.54,6.16,N,0
40.60743,26.17588,307.15,0.39,0.36,2025-08-12,7,N,VIIRS,n,2,295.5,1.42,N,0
40.60809,26.19516,317.91,0.39,0.36,2025-08-12,7,N,VIIRS,n,2,297.38,1.51,N,0
40.60875,26.21442,316.87,0.39,0.36,2025-08-12,7,N,VIIRS,n,2,297.97,16.86,N,0
40.60941,26.20982,354.23,0.39,0.36,2025-08-12,7,N,VIIRS,n,2,312.53,16.86,N,0
40.61007,26.20523,355.36,0.39,0.36,2025-08-12,7,N,VIIRS,n,2,304.64,6.16,N,0
40.61074,26.20062,332.24,0.39,0.36,2025-08-12,7,N,VIIRS,n,2,298.34,6.16,N,0
40.61141,26.19599,311.14,0.39,0.36,2025-08-12,7,N,VIIRS,n,2,295.48,1.51,N,0
40.61206,26.21526,334.68,0.39,0.36,2025-08-12,7,N,VIIRS,n,2,299.56,4.78,N,0
40.61273,26.21067,340.49,0.39,0.36,2025-08-12,7,N,VIIRS,n,2,300.65,4.78,N,0
40.6134,26.20607,354.44,0.39,0.36,2025-08-12,7,N,VIIRS,n,2,307.63,13.99,N,0
40.61407,26.20146,314.7,0.39,0.36,2025-08-12,7,N,VIIRS,n,2,295.8,13.99,N,0
40.61539,26.2161,309.27,0.39,0.36,2025-08-12,7,N,VIIRS,n,2,295.33,4.78,N,0
40.61607,26.18759,307.52,0.39,0.36,2025-08-12,7,N,VIIRS,n,2,295.13,0.75,N,0
40.61674,26.18298,310.43,0.39,0.36,2025-08-12,7,N,VIIRS,n,2,296.17,0.75,N,0
40.61871,26.21695,305.9,0.39,0.36,2025-08-12,7,N,VIIRS,n,2,295.41,1.1,N,0
40.62072,26.20311,305.89,0.39,0.36,2025-08-12,7,N,VIIRS,n,2,295.21,1.58,N,0
40.62271,26.21319,309.77,0.39,0.36,2025-08-12,7,N,VIIRS,n,2,294.15,1.1,N,0
40.62603,26.21402,321.49,0.39,0.36,2025-08-12,7,N,VIIRS,n,2,294.55,1.45,N,0
40.75766,29.75957,306.82,0.4,0.37,2025-08-12,7,N,VIIRS,n,2,294.73,1.51,N,2
40.76505,32.21472,300.66,0.48,0.4,2025-08-12,7,N,VIIRS,n,2,282.39,1.41,N,2
40.78159,29.60311,312.01,0.4,0.37,2025-08-12,7,N,VIIRS,n,2,296.06,1.43,N,2
40.80471,29.36956,304.18,0.4,0.37,2025-08-12,7,N,VIIRS,n,2,293.98,0.49,N,0
40.9473,31.39803,300.27,0.44,0.39,2025-08-12,7,N,VIIRS,n,2,287.71,0.52,N,2
41.01503,27.96154,325.21,0.38,0.36,2025-08-12,7,N,VIIRS,n,2,294.63,2.25,N,2
41.02,28.55786,309.51,0.39,0.36,2025-08-12,7,N,VIIRS,n,2,295.38,1.06,N,2
41.02076,28.5533,314.45,0.39,0.36,2025-08-12,7,N,VIIRS,n,2,295.36,1.06,N,2
41.79609,26.7014,302.45,0.39,0.36,2025-08-12,7,N,VIIRS,n,2,291.57,0.81,N,2
35.54649,36.12066,311.64,0.63,0.54,2025-08-12,8,N,VIIRS,n,2,294.85,11.3,N,0
35.54816,36.11385,351.03,0.63,0.54,2025-08-12,8,N,VIIRS,n,2,307.49,35.24,N,0
35.5529,36.11603,307.64,0.63,0.54,2025-08-12,8,N,VIIRS,n,2,294.85,35.24,N,0
36.26321,33.72751,315.4,0.45,0.47,2025-08-12,8,N,VIIRS,n,2,302.07,3.87,N,2
36.35447,30.2083,334.43,0.47,0.39,2025-08-12,8,N,VIIRS,n,2,296.85,4.66,N,0
37.20177,32.2596,324.47,0.55,0.43,2025-08-12,8,N,VIIRS,n,2,286.75,3.29,N,0
37.25239,30.44439,311.33,0.46,0.39,2025-08-12,8,N,VIIRS,n,2,294.82,0.7,N,2
37.25506,30.44359,306.88,0.46,0.39,2025-08-12,8,N,VIIRS,n,2,294.69,0.67,N,2
37.77275,27.4404,309.84,0.39,0.36,2025-08-12,8,N,VIIRS,n,2,298.42,1.92,N,2
37.8626,29.37324,316.17,0.42,0.38,2025-08-12,8,N,VIIRS,n,2,297.98,2.34,N,2
35.55011,36.12089,367.0,0.43,0.62,2025-08-12,948,N,VIIRS,h,2,309.4,14.74,D,0
35.61275,36.31139,367.0,0.41,0.61,2025-08-12,948,N,VIIRS,h,2,323.15,18.67,D,0
36.26523,36.36338,367.0,0.4,0.6,2025-08-12,948,N,VIIRS,h,2,318.38,11.04,D,0
36.30139,36.27714,335.89,0.4,0.6,2025-08-12,948,N,VIIRS,n,2,309.61,2.47,D,0
36.30193,36.28001,348.31,0.4,0.6,2025-08-12,948,N,VIIRS,n,2,310.78,4.24,D,0
36.30252,36.28148,343.26,0.4,0.6,2025-08-12,948,N,VIIRS,n,2,310.12,2.47,D,0
36.30471,36.31234,356.92,0.4,0.6,2025-08-12,948,N,VIIRS,n,2,313.88,16.32,D,0
36.30514,36.31395,354.31,0.4,0.6,2025-08-12,948,N,VIIRS,n,2,314.64,15.16,D,0
36.30587,36.31665,367.0,0.4,0.6,2025-08-12,948,N,VIIRS,h,2,315.04,22.08,D,0
36.30627,36.31827,367.0,0.4,0.6,2025-08-12,948,N,VIIRS,h,2,313.16,15.16,D,0
36.3142,36.30377,367.0,0.4,0.6,2025-08-12,948,N,VIIRS,h,2,313.82,5.78,D,0
36.31464,36.30532,354.67,0.4,0.6,2025-08-12,948,N,VIIRS,n,2,313.66,5.28,D,0
37.33759,40.64993,348.23,0.45,0.47,2025-08-12,948,N,VIIRS,n,2,321.68,7.42,D,0
37.41284,36.91416,367.0,0.35,0.56,2025-08-12,948,N,VIIRS,h,2,321.02,7.94,D,0
37.41383,36.918,356.75,0.35,0.56,2025-08-12,948,N,VIIRS,n,2,322.51,7.94,D,0
37.79403,31.82692,341.02,0.61,0.71,2025-08-12,948,N,VIIRS,n,2,310.37,13.89,D,0
38.2065,36.57279,348.57,0.35,0.56,2025-08-12,948,N,VIIRS,n,2,310.59,9.15,D,0
38.21011,36.56536,341.74,0.35,0.56,2025-08-12,948,N,VIIRS,n,2,310.02,5.2,D,0
38.21149,36.57066,353.28,0.35,0.56,2025-08-12,948,N,VIIRS,n,2,313.56,9.15,D,0
38.21284,36.57589,367.0,0.35,0.56,2025-08-12,948,N,VIIRS,h,2,318.64,9.15,D,0
38.21408,36.58067,367.0,0.35,0.56,2025-08-12,948,N,VIIRS,h,2,320.1,21.98,D,0
38.21857,36.57664,367.0,0.35,0.56,2025-08-12,948,N,VIIRS,h,2,317.68,155.89,D,0
38.25502,38.96111,338.35,0.52,0.5,2025-08-12,948,N,VIIRS,n,2,310.78,3.0,D,0
38.32098,38.83029,367.0,0.53,0.5,2025-08-12,948,N,VIIRS,h,2,321.43,13.91,D,0
38.63555,34.71849,338.61,0.42,0.61,2025-08-12,948,N,VIIRS,n,2,309.19,1.34,D,0
39.05093,36.87851,350.98,0.63,0.54,2025-08-12,948,N,VIIRS,n,2,325.52,86.19,D,0
39.59702,36.24411,338.97,0.33,0.55,2025-08-12,949,N,VIIRS,n,2,308.53,1.89,D,0
40.74497,38.9772,351.88,0.45,0.47,2025-08-12,949,N,VIIRS,n,2,304.1,24.42,D,0
40.74626,38.97394,330.53,0.45,0.47,2025-08-12,949,N,VIIRS,n,2,302.35,14.86,D,0
40.74764,38.97987,340.22,0.45,0.47,2025-08-12,949,N,VIIRS,n,2,299.43,14.86,D,0
35.94673,36.19136,341.01,0.46,0.64,2025-08-12,1128,N,VIIRS,n,2,314.71,4.33,D,0
35.94947,36.19134,367.0,0.46,0.64,2025-08-12,1128,N,VIIRS,h,2,315.58,16.92,D,0
35.95267,36.19082,367.0,0.46,0.64,2025-08-12,1128,N,VIIRS,h,2,312.58,7.96,D,0
37.06904,36.81197,355.86,0.51,0.66,2025-08-12,1128,N,VIIRS,n,2,320.7,9.49,D,0
37.09647,30.75601,345.36,0.47,0.48,2025-08-12,1128,N,VIIRS,n,2,317.5,59.54,D,0
37.33129,35.0767,341.59,0.41,0.61,2025-08-12,1128,N,VIIRS,n,2,310.53,4.02,D,0
37.33155,35.08156,344.25,0.41,0.61,2025-08-12,1128,N,VIIRS,n,2,310.84,5.51,D,0
37.33396,35.07781,367.0,0.41,0.61,2025-08-12,1128,N,VIIRS,h,2,318.18,24.85,D,0
37.33694,35.07608,356.18,0.41,0.61,2025-08-12,1128,N,VIIRS,n,2,311.26,13.92,D,0
37.33719,35.08079,367.0,0.41,0.61,2025-08-12,1128,N,VIIRS,h,2,310.88,16.87,D,0
37.79171,31.83035,351.27,0.55,0.51,2025-08-12,1129,N,VIIRS,n,2,317.45,9.91,D,0
37.98779,34.48217,367.0,0.39,0.59,2025-08-12,1129,N,VIIRS,h,2,318.16,10.19,D,0
37.988,34.48616,367.0,0.39,0.59,2025-08-12,1129,N,VIIRS,h,2,314.27,10.19,D,0
38.09423,36.58694,340.88,0.5,0.66,2025-08-12,1129,N,VIIRS,n,2,310.16,4.46,D,0
38.17678,26.81337,346.52,0.47,0.4,2025-08-12,1129,N,VIIRS,n,2,317.39,7.87,D,0
38.18823,37.25893,348.07,0.55,0.68,2025-08-12,1129,N,VIIRS,n,2,315.03,7.68,D,0
38.21006,36.58228,334.81,0.51,0.66,2025-08-12,1129,N,VIIRS,n,2,306.44,3.14,D,0
38.21578,36.56973,353.9,0.5,0.66,2025-08-12,1129,N,VIIRS,n,2,304.78,43.75,D,0
38.21594,36.57423,367.0,0.5,0.66,2025-08-12,1129,N,VIIRS,h,2,344.2,88.16,D,0
38.21627,36.5833,367.0,0.51,0.66,2025-08-12,1129,N,VIIRS,h,2,308.74,34.31,D,0
38.21645,36.58793,367.0,0.51,0.66,2025-08-12,1129,N,VIIRS,h,2,303.72,34.31,D,0
38.22157,36.581,367.0,0.51,0.66,2025-08-12,1129,N,VIIRS,h,2,301.54,19.7,D,0
38.22235,36.58032,342.84,0.51,0.66,2025-08-12,1129,N,VIIRS,n,2,299.87,88.16,D,0
38.27797,31.04342,344.58,0.51,0.49,2025-08-12,1129,N,VIIRS,n,2,318.32,6.65,D,0
38.67694,35.5285,337.97,0.45,0.63,2025-08-12,1129,N,VIIRS,n,2,309.5,1.42,D,0
38.76532,30.15923,351.27,0.46,0.47,2025-08-12,1129,N,VIIRS,n,2,315.25,10.06,D,0
40.19278,36.9048,335.03,0.54,0.68,2025-08-12,1129,N,VIIRS,n,2,299.09,8.95,D,0
40.50477,26.77893,353.01,0.5,0.41,2025-08-12,1130,N,VIIRS,n,2,309.19,64.79,D,0
40.50852,26.77812,352.97,0.5,0.41,2025-08-12,1130,N,VIIRS,n,2,311.76,64.79,D,0
41.24298,36.46393,335.5,0.52,0.67,2025-08-12,1130,N,VIIRS,n,2,298.83,5.67,D,2
38.03968,40.24795,319.36,0.7,0.75,2025-08-12,2207,N,VIIRS,n,2,292.36,3.4,N,0
38.04215,40.25246,304.39,0.7,0.75,2025-08-12,2207,N,VIIRS,n,2,292.57,1.44,N,0
38.04229,40.24509,315.07,0.7,0.75,2025-08-12,2207,N,VIIRS,n,2,293.67,3.69,N,0
39.58421,43.89983,297.48,0.46,0.63,2025-08-12,2207,N,VIIRS,n,2,283.91,0.7,N,0
35.5275,44.34512,338.33,0.4,0.6,2025-08-12,2208,N,VIIRS,n,2,297.27,6.21,N,2
35.52776,44.34051,367.0,0.4,0.6,2025-08-12,2208,N,VIIRS,h,2,299.76,8.01,N,2
35.52804,44.33591,332.29,0.4,0.6,2025-08-12,2208,N,VIIRS,n,2,297.75,8.01,N,2
35.53334,44.34116,320.24,0.4,0.6,2025-08-12,2208,N,VIIRS,n,2,296.13,3.79,N,2
35.53361,44.3366,354.79,0.4,0.6,2025-08-12,2208,N,VIIRS,n,2,300.16,3.79,N,2
35.56482,44.28481,310.09,0.4,0.6,2025-08-12,2208,N,VIIRS,n,2,297.32,1.12,N,2
35.61046,44.33169,310.15,0.4,0.6,2025-08-12,2208,N,VIIRS,n,2,297.52,1.81,N,0
35.62835,44.01038,352.1,0.42,0.61,2025-08-12,2208,N,VIIRS,n,2,300.81,10.92,N,2
35.62861,44.0056,367.0,0.42,0.61,2025-08-12,2208,N,VIIRS,h,2,305.02,10.92,N,2
35.65943,43.96595,315.89,0.42,0.61,2025-08-12,2208,N,VIIRS,n,2,296.2,3.08,N,2
35.6597,43.9612,325.54,0.42,0.61,2025-08-12,2208,N,VIIRS,n,2,296.5,3.08,N,2
35.66513,43.96658,329.96,0.42,0.61,2025-08-12,2208,N,VIIRS,n,2,299.17,3.08,N,2
35.6654,43.96184,347.9,0.42,0.61,2025-08-12,2208,N,VIIRS,n,2,300.21,3.08,N,2
35.67661,44.06675,310.57,0.41,0.61,2025-08-12,2208,N,VIIRS,n,2,299.88,2.09,N,2
35.68165,43.87651,343.02,0.42,0.61,2025-08-12,2208,N,VIIRS,n,2,295.16,6.02,N,2
35.68192,43.87172,319.15,0.42,0.61,2025-08-12,2208,N,VIIRS,n,2,296.02,6.36,N,2
35.68738,43.87711,335.1,0.42,0.61,2025-08-12,2208,N,VIIRS,n,2,309.01,28.24,N,2
35.68765,43.87234,367.0,0.42,0.61,2025-08-12,2208,N,VIIRS,h,2,299.71,30.56,N,2
35.72589,44.04142,338.51,0.42,0.61,2025-08-12,2208,N,VIIRS,n,2,298.72,4.62,N,2
35.72614,44.03667,326.66,0.42,0.61,2025-08-12,2208,N,VIIRS,n,2,299.25,2.5,N,2
35.72641,44.03182,309.43,0.42,0.61,2025-08-12,2208,N,VIIRS,n,2,296.79,2.5,N,2
35.73208,44.03263,326.15,0.42,0.61,2025-08-12,2208,N,VIIRS,n,2,299.13,2.5,N,2
35.77426,43.99426,344.39,0.42,0.61,2025-08-12,2208,N,VIIRS,n,2,300.27,5.35,N,2
35.95152,43.72586,313.9,0.44,0.62,2025-08-12,2208,N,VIIRS,n,2,298.02,1.55,N,2
35.97844,43.76791,309.54,0.43,0.62,2025-08-12,2208,N,VIIRS,n,2,299.16,3.5,N,2
35.98423,43.76821,311.71,0.43,0.62,2025-08-12,2208,N,VIIRS,n,2,298.97,1.45,N,2
35.99633,43.75915,316.1,0.43,0.62,2025-08-12,2208,N,VIIRS,n,2,298.61,1.74,N,2
36.018,43.68069,322.69,0.44,0.62,2025-08-12,2208,N,VIIRS,n,2,298.12,1.65,N,2
36.08339,43.64013,306.86,0.44,0.62,2025-08-12,2208,N,VIIRS,n,2,296.07,0.59,N,0
36.10141,43.6315,305.73,0.44,0.62,2025-08-12,2208,N,VIIRS,n,2,294.9,0.63,N,0
36.14355,40.81215,316.7,0.63,0.72,2025-08-12,2208,N,VIIRS,n,2,295.69,1.48,N,2
36.14516,40.809,307.79,0.63,0.72,2025-08-12,2208,N,VIIRS,n,2,294.75,2.47,N,0
36.44231,42.92763,315.44,0.49,0.65,2025-08-12,2208,N,VIIRS,n,2,300.81,2.58,N,2
36.73318,43.27699,315.34,0.47,0.64,2025-08-12,2208,N,VIIRS,n,2,297.82,2.35,N,2
36.74662,43.49833,307.83,0.46,0.63,2025-08-12,2208,N,VIIRS,n,2,295.5,1.42,N,2
36.77307,43.32071,315.24,0.47,0.64,2025-08-12,2208,N,VIIRS,n,2,296.78,4.75,N,2
36.77582,43.32207,367.0,0.47,0.64,2025-08-12,2208,N,VIIRS,h,2,300.47,9.57,N,2
36.77868,43.3283,315.1,0.47,0.64,2025-08-12,2208,N,VIIRS,n,2,298.82,6.07,N,2
36.77897,43.32233,340.7,0.47,0.64,2025-08-12,2208,N,VIIRS,n,2,299.31,4.75,N,2
36.86679,43.49,305.96,0.46,0.63,2025-08-12,2208,N,VIIRS,n,2,295.15,1.42,N,2
36.86701,43.48486,318.72,0.46,0.63,2025-08-12,2208,N,VIIRS,n,2,295.23,1.42,N,2
36.86812,43.51688,308.65,0.46,0.63,2025-08-12,2208,N,VIIRS,n,2,295.21,1.36,N,0
36.86963,43.48608,331.05,0.46,0.63,2025-08-12,2208,N,VIIRS,n,2,296.26,3.6,N,2
36.87303,43.48273,306.34,0.46,0.63,2025-08-12,2208,N,VIIRS,n,2,293.85,1.42,N,2
36.90442,43.38424,334.4,0.46,0.64,2025-08-12,2208,N,VIIRS,n,2,293.08,4.33,N,2
36.90697,43.38712,325.01,0.46,0.64,2025-08-12,2208,N,VIIRS,n,2,293.72,3.94,N,2
36.90722,43.38138,330.72,0.46,0.64,2025-08-12,2208,N,VIIRS,n,2,292.02,5.62,N,2
36.93458,42.13122,308.43,0.54,0.68,2025-08-12,2208,N,VIIRS,n,2,295.45,1.47,N,2
36.93951,42.1687,310.85,0.54,0.68,2025-08-12,2208,N,VIIRS,n,2,294.54,1.49,N,2
36.94141,42.17036,309.16,0.54,0.68,2025-08-12,2208,N,VIIRS,n,2,296.09,0.89,N,2
36.94728,42.13206,311.39,0.54,0.68,2025-08-12,2208,N,VIIRS,n,2,296.68,1.79,N,2
36.94752,42.1258,311.11,0.54,0.68,2025-08-12,2208,N,VIIRS,n,2,297.06,1.79,N,2
36.94918,42.12749,318.33,0.54,0.68,2025-08-12,2208,N,VIIRS,n,2,297.71,3.23,N,2
36.96199,42.08135,305.5,0.55,0.68,2025-08-12,2208,N,VIIRS,n,2,295.21,1.37,N,2
36.99809,39.46641,305.1,0.76,0.77,2025-08-12,2208,N,VIIRS,n,2,293.58,1.09,N,0
37.00096,43.75023,312.8,0.44,0.63,2025-08-12,2208,N,VIIRS,n,2,295.56,3.7,N,0
37.00602,43.76702,306.52,0.44,0.63,2025-08-12,2208,N,VIIRS,n,2,296.16,2.09,N,0
37.00623,43.76249,307.05,0.44,0.63,2025-08-12,2208,N,VIIRS,n,2,296.24,2.08,N,0
37.00645,43.75804,310.64,0.44,0.63,2025-08-12,2208,N,VIIRS,n,2,296.45,2.08,N,0
37.00667,43.75339,326.98,0.44,0.63,2025-08-12,2208,N,VIIRS,n,2,296.62,2.38,N,0
37.0069,43.74839,328.33,0.44,0.63,2025-08-12,2208,N,VIIRS,n,2,296.93,2.38,N,0
37.01258,43.75206,305.02,0.44,0.63,2025-08-12,2208,N,VIIRS,n,2,293.94,2.38,N,0
37.03866,42.55236,308.45,0.52,0.67,2025-08-12,2208,N,VIIRS,n,2,294.95,1.0,N,0
37.04041,42.55251,305.87,0.52,0.66,2025-08-12,2208,N,VIIRS,n,2,294.93,1.24,N,0
41.24299,36.46417,331.74,0.45,0.39,2025-08-12,2347,N,VIIRS,n,2,295.9,4.52,N,2
35.52292,44.3407,306.56,0.48,0.65,2025-08-12,2348,N,VIIRS,n,2,295.48,6.35,N,2
35.52726,44.34805,308.7,0.48,0.65,2025-08-12,2348,N,VIIRS,n,2,296.19,4.68,N,2
35.52868,44.34297,367.0,0.48,0.65,2025-08-12,2348,N,VIIRS,h,2,299.93,6.35,N,2
35.53011,44.3379,367.0,0.48,0.65,2025-08-12,2348,N,VIIRS,h,2,298.92,6.35,N,2
35.53588,44.34013,311.79,0.48,0.65,2025-08-12,2348,N,VIIRS,n,2,294.58,1.52,N,2
35.53732,44.33497,315.49,0.48,0.65,2025-08-12,2348,N,VIIRS,n,2,296.32,2.17,N,2
35.56445,44.2835,319.5,0.48,0.64,2025-08-12,2348,N,VIIRS,n,2,295.56,1.46,N,2
35.62807,44.00877,353.62,0.46,0.64,2025-08-12,2348,N,VIIRS,n,2,304.95,18.31,N,2
35.62941,44.00391,329.76,0.46,0.63,2025-08-12,2348,N,VIIRS,n,2,297.03,16.09,N,2
35.65859,43.96616,310.27,0.46,0.63,2025-08-12,2348,N,VIIRS,n,2,294.17,2.37,N,2
35.65995,43.96123,318.32,0.46,0.63,2025-08-12,2348,N,VIIRS,n,2,294.81,3.15,N,2
35.66422,43.96841,331.81,0.46,0.63,2025-08-12,2348,N,VIIRS,n,2,296.83,5.79,N,2
35.66558,43.96345,354.55,0.46,0.63,2025-08-12,2348,N,VIIRS,n,2,298.85,8.97,N,2
35.67989,44.06467,308.61,0.46,0.64,2025-08-12,2348,N,VIIRS,n,2,298.44,2.1,N,0
35.68269,43.87836,339.76,0.45,0.63,2025-08-12,2348,N,VIIRS,n,2,296.54,23.81,N,2
35.68404,43.87346,367.0,0.45,0.63,2025-08-12,2348,N,VIIRS,h,2,302.17,38.38,N,2
35.68829,43.88062,309.97,0.45,0.63,2025-08-12,2348,N,VIIRS,n,2,295.36,2.0,N,2
35.68963,43.87572,321.71,0.45,0.63,2025-08-12,2348,N,VIIRS,n,2,297.11,2.86,N,2
35.72366,44.04273,329.33,0.46,0.63,2025-08-12,2348,N,VIIRS,n,2,298.12,4.07,N,2
35.72503,44.03779,334.92,0.46,0.63,2025-08-12,2348,N,VIIRS,n,2,299.29,3.51,N,2
35.72638,44.03291,310.74,0.46,0.63,2025-08-12,2348,N,VIIRS,n,2,296.27,3.51,N,2
35.73208,44.03492,311.3,0.46,0.63,2025-08-12,2348,N,VIIRS,n,2,297.12,1.41,N,2
35.77383,43.99684,341.32,0.46,0.63,2025-08-12,2348,N,VIIRS,n,2,298.58,4.38,N,2
35.95367,43.72626,307.96,0.44,0.62,2025-08-12,2348,N,VIIRS,n,2,296.24,1.51,N,2
35.97898,43.76852,324.02,0.44,0.62,2025-08-12,2348,N,VIIRS,n,2,299.94,2.84,N,2
35.97948,43.76992,317.67,0.44,0.62,2025-08-12,2348,N,VIIRS,n,2,298.82,3.83,N,2
36.01612,43.6815,310.27,0.43,0.62,2025-08-12,2348,N,VIIRS,n,2,295.21,1.96,N,2
36.08159,43.64255,304.29,0.43,0.62,2025-08-12,2348,N,VIIRS,n,2,294.2,0.98,N,0
36.08283,43.63798,313.93,0.43,0.62,2025-08-12,2348,N,VIIRS,n,2,294.01,1.44,N,0
36.12479,43.78318,307.96,0.43,0.62,2025-08-12,2348,N,VIIRS,n,2,296.78,3.19,N,2
36.44327,42.92972,321.46,0.38,0.59,2025-08-12,2348,N,VIIRS,n,2,301.17,3.05,N,2
36.73136,43.2824,315.07,0.39,0.6,2025-08-12,2348,N,VIIRS,n,2,297.57,1.96,N,2
36.7485,43.50098,311.06,0.4,0.6,2025-08-12,2348,N,VIIRS,n,2,295.37,1.43,N,2
36.77234,43.32582,308.61,0.4,0.6,2025-08-12,2348,N,VIIRS,n,2,294.95,2.57,N,2
36.77358,43.32124,318.29,0.4,0.6,2025-08-12,2348,N,VIIRS,n,2,295.16,2.57,N,2
36.77365,43.32196,328.96,0.4,0.6,2025-08-12,2348,N,VIIRS,n,2,295.21,4.51,N,2
36.77801,43.3266,319.79,0.4,0.6,2025-08-12,2348,N,VIIRS,n,2,298.09,2.57,N,2
36.77913,43.32245,346.79,0.4,0.6,2025-08-12,2348,N,VIIRS,n,2,301.65,2.57,N,2
36.86726,43.52067,314.03,0.4,0.6,2025-08-12,2348,N,VIIRS,n,2,295.4,1.75,N,0
36.86912,43.49189,314.72,0.4,0.6,2025-08-12,2348,N,VIIRS,n,2,296.2,1.77,N,2
36.87024,43.48776,316.2,0.4,0.6,2025-08-12,2348,N,VIIRS,n,2,296.99,1.77,N,2
36.90715,43.3946,327.95,0.4,0.6,2025-08-12,2348,N,VIIRS,n,2,293.47,3.32,N,2
36.90836,43.39013,325.17,0.4,0.6,2025-08-12,2348,N,VIIRS,n,2,294.84,3.32,N,2
36.91253,41.89502,305.93,0.33,0.55,2025-08-12,2348,N,VIIRS,n,2,292.42,0.78,N,2
36.91539,41.89486,316.44,0.33,0.55,2025-08-12,2348,N,VIIRS,n,2,294.15,0.81,N,2
36.93654,42.13134,343.82,0.34,0.56,2025-08-12,2348,N,VIIRS,n,2,298.66,3.31,N,2
36.94283,42.1713,335.35,0.34,0.56,2025-08-12,2348,N,VIIRS,n,2,297.31,2.12,N,2
36.9451,42.17084,313.1,0.34,0.56,2025-08-12,2348,N,VIIRS,n,2,295.09,0.74,N,2
36.94704,42.78014,310.19,0.37,0.58,2025-08-12,2348,N,VIIRS,n,2,298.35,0.91,N,0
36.94743,42.1316,333.48,0.34,0.56,2025-08-12,2348,N,VIIRS,n,2,299.14,3.2,N,2
36.96538,42.08238,329.82,0.34,0.56,2025-08-12,2348,N,VIIRS,n,2,294.68,1.36,N,2
36.99575,41.56096,307.21,0.63,0.54,2025-08-12,2348,N,VIIRS,n,2,293.34,1.35,N,2
36.99966,43.74739,315.68,0.41,0.61,2025-08-12,2348,N,VIIRS,n,2,296.27,2.62,N,0
37.00323,43.75619,306.7,0.41,0.61,2025-08-12,2348,N,VIIRS,n,2,295.83,2.16,N,0
37.00445,43.75175,331.8,0.41,0.61,2025-08-12,2348,N,VIIRS,n,2,297.01,3.95,N,0
37.0056,43.74755,340.35,0.41,0.61,2025-08-12,2348,N,VIIRS,n,2,297.81,3.95,N,0
37.00801,43.76057,309.72,0.41,0.61,2025-08-12,2348,N,VIIRS,n,2,295.52,2.16,N,0
37.00859,42.07364,308.92,0.34,0.56,2025-08-12,2348,N,VIIRS,n,2,295.03,1.06,N,0
37.00933,43.75578,333.89,0.41,0.61,2025-08-12,2348,N,VIIRS,n,2,297.04,3.95,N,0
37.01055,43.75131,325.14,0.41,0.61,2025-08-12,2348,N,VIIRS,n,2,295.42,3.95,N,0
37.01154,41.58116,309.19,0.63,0.54,2025-08-12,2348,N,VIIRS,n,2,293.98,1.12,N,2
37.03353,42.16832,313.23,0.34,0.56,2025-08-12,2348,N,VIIRS,n,2,296.17,1.58,N,2
37.29417,37.15783,312.84,0.56,0.43,2025-08-12,2348,N,VIIRS,n,2,298.21,2.46,N,2
37.33697,40.80449,307.29,0.57,0.52,2025-08-12,2348,N,VIIRS,n,2,297.24,2.76,N,2
38.03992,40.25227,308.8,0.51,0.49,2025-08-12,2348,N,VIIRS,n,2,292.55,1.15,N,0
38.04133,40.24632,311.74,0.51,0.49,2025-08-12,2348,N,VIIRS,n,2,293.53,1.81,N,0
38.2055,36.57231,307.72,0.51,0.41,2025-08-12,2348,N,VIIRS,n,2,287.0,1.17,N,0
38.20925,36.57319,301.86,0.51,0.41,2025-08-12,2348,N,VIIRS,n,2,287.85,1.17,N,0
38.21459,36.58565,296.7,0.51,0.41,2025-08-12,2348,N,VIIRS,n,2,284.69,0.88,N,0
38.22026,36.57699,302.05,0.51,0.41,2025-08-12,2348,N,VIIRS,n,2,288.97,1.06,N,0
38.38256,30.77315,295.49,0.39,0.36,2025-08-12,2348,N,VIIRS,n,2,284.76,0.57,N,0
38.38586,30.77392,296.5,0.39,0.36,2025-08-12,2348,N,VIIRS,n,2,284.63,0.57,N,0
38.38652,30.7695,304.68,0.39,0.36,2025-08-12,2348,N,VIIRS,n,2,282.78,0.99,N,0
38.40764,30.7883,295.77,0.39,0.36,2025-08-12,2348,N,VIIRS,n,2,281.41,0.55,N,0
38.45613,38.72702,307.08,0.42,0.45,2025-08-12,2348,N,VIIRS,n,2,295.32,1.25,N,2
38.652,39.77047,304.67,0.47,0.48,2025-08-12,2348,N,VIIRS,n,2,293.19,0.81,N,2
38.65244,39.77203,303.72,0.47,0.47,2025-08-12,2348,N,VIIRS,n,2,292.98,0.78,N,2
38.66516,39.23453,303.46,0.44,0.46,2025-08-12,2348,N,VIIRS,n,2,293.34,0.98,N,2
39.09312,27.51238,307.81,0.47,0.4,2025-08-12,2348,N,VIIRS,n,2,295.0,1.34,N,0
39.11438,27.52207,310.75,0.47,0.4,2025-08-12,2348,N,VIIRS,n,2,295.3,1.77,N,2
39.1526,42.40654,326.22,0.62,0.54,2025-08-12,2348,N,VIIRS,n,2,288.3,4.97,N,0
39.71492,39.10966,297.47,0.41,0.45,2025-08-12,2348,N,VIIRS,n,2,280.06,0.33,N,0
39.74217,39.50029,304.6,0.43,0.46,2025-08-12,2348,N,VIIRS,n,2,286.28,1.0,N,0
39.74439,30.19755,305.37,0.4,0.37,2025-08-12,2348,N,VIIRS,n,2,290.37,0.69,N,2
39.83789,30.30287,301.63,0.4,0.37,2025-08-12,2348,N,VIIRS,n,2,290.75,0.5,N,2
39.86761,26.24191,312.97,0.55,0.42,2025-08-12,2348,N,VIIRS,n,2,295.96,2.47,N,2
39.89991,28.86964,309.77,0.43,0.38,2025-08-12,2348,N,VIIRS,n,2,288.87,1.05,N,0
39.94458,33.19254,306.3,0.39,0.36,2025-08-12,2348,N,VIIRS,n,2,291.47,1.21,N,2
39.95938,33.14498,302.28,0.39,0.36,2025-08-12,2348,N,VIIRS,n,2,290.92,0.64,N,2
40.05068,32.64887,306.44,0.39,0.36,2025-08-12,2348,N,VIIRS,n,2,292.61,0.69,N,2
40.24309,29.92601,306.65,0.41,0.37,2025-08-12,2348,N,VIIRS,n,2,292.16,0.98,N,2
40.26204,30.04272,308.35,0.41,0.37,2025-08-12,2348,N,VIIRS,n,2,293.02,0.86,N,2
40.44357,27.13758,306.44,0.51,0.41,2025-08-12,2348,N,VIIRS,n,2,294.29,1.55,N,2
40.75774,31.78544,301.38,0.39,0.36,2025-08-12,2348,N,VIIRS,n,2,289.55,0.48,N,2
40.76657,32.21554,308.16,0.38,0.36,2025-08-12,2348,N,VIIRS,n,2,287.21,0.96,N,2
40.78227,29.60126,310.52,0.42,0.38,2025-08-12,2348,N,VIIRS,n,2,295.65,1.28,N,2
40.90351,25.91184,342.03,0.39,0.44,2025-08-12,2348,N,VIIRS,n,2,295.94,8.99,N,0
41.01479,27.96038,311.43,0.48,0.4,2025-08-12,2348,N,VIIRS,n,2,293.9,1.46,N,2
41.0201,28.55711,317.93,0.45,0.39,2025-08-12,2348,N,VIIRS,n,2,295.63,1.57,N,2
41.17394,32.63079,313.56,0.38,0.36,2025-08-12,2348,N,VIIRS,n,2,292.34,1.69,N,2
41.1765,32.63624,315.87,0.38,0.36,2025-08-12,2348,N,VIIRS,n,2,294.21,1.69,N,2
41.18306,32.63805,304.37,0.38,0.36,2025-08-12,2348,N,VIIRS,n,2,292.45,1.18,N,2
41.19248,32.62175,321.75,0.38,0.36,2025-08-12,2348,N,VIIRS,n,2,292.41,2.22,N,2
41.25427,31.41524,327.45,0.39,0.36,2025-08-12,2348,N,VIIRS,n,2,293.46,1.99,N,2
41.25496,31.41062,319.43,0.39,0.36,2025-08-12,2348,N,VIIRS,n,2,293.53,1.99,N,2
41.26285,31.42705,315.12,0.39,0.36,2025-08-12,2348,N,VIIRS,n,2,295.31,1.51,N,2
41.26683,31.42329,305.72,0.39,0.36,2025-08-12,2348,N,VIIRS,n,2,294.33,1.51,N,2
36.13233,40.81167,311.0,0.6,0.53,2025-08-12,2349,N,VIIRS,n,2,296.3,1.68,N,2
36.14178,40.81539,338.03,0.6,0.53,2025-08-12,2349,N,VIIRS,n,2,296.16,5.39,N,2
36.2644,33.73139,312.29,0.42,0.38,2025-08-12,2349,N,VIIRS,n,2,301.6,2.76,N,2
36.71532,36.20136,307.83,0.52,0.41,2025-08-12,2349,N,VIIRS,n,2,296.13,4.58,N,2
36.71905,36.20253,331.17,0.52,0.41,2025-08-12,2349,N,VIIRS,n,2,298.79,4.58,N,2
36.7291,36.2117,313.97,0.52,0.41,2025-08-12,2349,N,VIIRS,n,2,300.06,1.94,N,2
36.73283,36.21289,314.71,0.52,0.41,2025-08-12,2349,N,VIIRS,n,2,301.37,1.94,N,2
37.19405,31.04474,336.26,0.38,0.36,2025-08-12,2349,N,VIIRS,n,2,299.94,10.88,N,0
37.19472,31.04044,337.56,0.38,0.36,2025-08-12,2349,N,VIIRS,n,2,315.32,31.32,N,0
37.19666,31.04984,319.21,0.38,0.36,2025-08-12,2349,N,VIIRS,n,2,299.81,10.88,N,0
37.19733,31.04554,356.28,0.38,0.36,2025-08-12,2349,N,VIIRS,n,2,317.04,10.88,N,0
37.19801,31.04123,334.05,0.38,0.36,2025-08-12,2349,N,VIIRS,n,2,301.12,31.32,N,0
37.25216,30.44257,313.34,0.39,0.36,2025-08-12,2349,N,VIIRS,n,2,294.67,1.48,N,2
37.86096,29.37093,311.24,0.4,0.37,2025-08-12,2349,N,VIIRS,n,2,294.59,1.24,N,2
37.86433,29.37178,308.21,0.4,0.37,2025-08-12,2349,N,VIIRS,n,2,295.85,1.24,N,2
37.89866,30.49421,303.02,0.39,0.36,2025-08-12,2349,N,VIIRS,n,2,292.17,0.83,N,2
37.94016,32.53552,307.29,0.39,0.36,2025-08-12,2349,N,VIIRS,n,2,293.81,0.8,N,2
38.33801,27.15834,310.8,0.48,0.4,2025-08-12,2349,N,VIIRS,n,2,299.48,3.78,N,0
38.34534,27.16003,323.37,0.48,0.4,2025-08-12,2349,N,VIIRS,n,2,299.67,1.58,N,0
38.34601,27.15432,307.29,0.48,0.4,2025-08-12,2349,N,VIIRS,n,2,297.13,1.58,N,0
38.34903,27.16063,312.78,0.48,0.4,2025-08-12,2349,N,VIIRS,n,2,299.26,1.58,N,0
38.3497,27.15492,308.76,0.48,0.4,2025-08-12,2349,N,VIIRS,n,2,297.28,1.58,N,0
38.4254,27.21386,308.32,0.48,0.4,2025-08-12,2349,N,VIIRS,n,2,297.93,2.67,N,2
38.42765,27.21542,318.0,0.48,0.4,2025-08-12,2349,N,VIIRS,n,2,299.98,3.24,N,2
38.44826,25.95746,315.39,0.54,0.42,2025-08-12,2349,N,VIIRS,n,2,298.0,3.72,N,0
38.45284,25.95198,310.59,0.54,0.42,2025-08-12,2349,N,VIIRS,n,2,299.7,2.69,N,0
38.45671,25.9529,311.38,0.54,0.42,2025-08-12,2349,N,VIIRS,n,2,299.95,2.69,N,0
38.45675,25.94703,314.53,0.54,0.42,2025-08-12,2349,N,VIIRS,n,2,300.14,4.12,N,0
38.45925,25.96123,316.96,0.54,0.42,2025-08-12,2349,N,VIIRS,n,2,299.88,7.39,N,0
38.45987,25.96034,328.21,0.54,0.42,2025-08-12,2349,N,VIIRS,n,2,299.39,40.83,N,0
38.46315,25.96191,350.83,0.54,0.42,2025-08-12,2349,N,VIIRS,n,2,315.24,33.39,N,0
38.46377,25.96099,337.56,0.54,0.42,2025-08-12,2349,N,VIIRS,n,2,315.48,40.83,N,0
38.46384,25.95528,313.95,0.54,0.42,2025-08-12,2349,N,VIIRS,n,2,300.22,33.39,N,0
38.46451,25.95434,311.02,0.54,0.42,2025-08-12,2349,N,VIIRS,n,2,299.91,3.9,N,0
38.46457,25.94834,315.35,0.54,0.42,2025-08-12,2349,N,VIIRS,n,2,299.74,3.03,N,0
38.46524,25.94191,319.15,0.54,0.42,2025-08-12,2349,N,VIIRS,n,2,299.78,3.03,N,0
38.46527,25.94749,320.05,0.54,0.42,2025-08-12,2349,N,VIIRS,n,2,300.06,3.9,N,0
38.46598,25.94108,317.64,0.54,0.42,2025-08-12,2349,N,VIIRS,n,2,299.34,5.1,N,0
38.46708,25.9623,348.45,0.54,0.42,2025-08-12,2349,N,VIIRS,n,2,317.13,33.39,N,0
38.46738,25.92847,310.39,0.54,0.42,2025-08-12,2349,N,VIIRS,n,2,297.36,2.37,N,3
38.46771,25.96138,340.33,0.54,0.42,2025-08-12,2349,N,VIIRS,n,2,315.46,35.72,N,0
38.46777,25.95573,332.2,0.54,0.42,2025-08-12,2349,N,VIIRS,n,2,302.01,33.39,N,0
38.46845,25.95471,340.11,0.54,0.42,2025-08-12,2349,N,VIIRS,n,2,302.32,6.99,N,0
38.46914,25.94266,314.93,0.54,0.42,2025-08-12,2349,N,VIIRS,n,2,299.78,3.03,N,0
38.46981,25.93629,322.32,0.54,0.42,2025-08-12,2349,N,VIIRS,n,2,300.36,6.11,N,0
38.46988,25.94182,311.79,0.54,0.42,2025-08-12,2349,N,VIIRS,n,2,299.67,6.21,N,0
38.47047,25.93002,337.22,0.54,0.42,2025-08-12,2349,N,VIIRS,n,2,301.91,6.11,N,0
38.47058,25.93546,336.6,0.54,0.42,2025-08-12,2349,N,VIIRS,n,2,301.46,6.21,N,0
38.471,25.96271,316.2,0.54,0.42,2025-08-12,2349,N,VIIRS,n,2,301.04,6.31,N,0
38.47128,25.92921,334.5,0.54,0.42,2025-08-12,2349,N,VIIRS,n,2,301.46,6.51,N,0
38.47164,25.9618,315.71,0.54,0.42,2025-08-12,2349,N,VIIRS,n,2,301.25,35.72,N,0
38.47168,25.9563,342.13,0.54,0.42,2025-08-12,2349,N,VIIRS,n,2,302.82,6.31,N,0
38.47235,25.95536,330.95,0.54,0.42,2025-08-12,2349,N,VIIRS,n,2,302.15,6.99,N,0
38.47266,25.91671,315.44,0.55,0.42,2025-08-12,2349,N,VIIRS,n,2,299.37,3.82,N,0
38.47337,25.91034,309.34,0.55,0.42,2025-08-12,2349,N,VIIRS,n,2,298.28,3.82,N,0
38.47371,25.93703,338.6,0.54,0.42,2025-08-12,2349,N,VIIRS,n,2,301.87,8.3,N,0
38.47437,25.93078,345.17,0.54,0.42,2025-08-12,2349,N,VIIRS,n,2,302.35,8.3,N,0
38.47449,25.93621,349.61,0.54,0.42,2025-08-12,2349,N,VIIRS,n,2,302.8,6.21,N,0
38.47503,25.92454,328.16,0.55,0.42,2025-08-12,2349,N,VIIRS,n,2,300.78,4.56,N,0
38.47518,25.92998,341.18,0.54,0.42,2025-08-12,2349,N,VIIRS,n,2,301.84,6.51,N,0
38.47559,25.95696,345.01,0.54,0.42,2025-08-12,2349,N,VIIRS,n,2,302.64,6.31,N,0
38.4757,25.9182,332.51,0.55,0.42,2025-08-12,2349,N,VIIRS,n,2,300.83,4.56,N,0
38.47586,25.92377,329.38,0.54,0.42,2025-08-12,2349,N,VIIRS,n,2,300.68,6.51,N,0
38.47626,25.95055,334.12,0.54,0.42,2025-08-12,2349,N,VIIRS,n,2,300.4,5.67,N,0
38.47636,25.9119,336.25,0.55,0.42,2025-08-12,2349,N,VIIRS,n,2,301.35,6.39,N,0
38.47656,25.9175,335.77,0.55,0.42,2025-08-12,2349,N,VIIRS,n,2,301.11,3.82,N,0
38.47694,25.94412,313.9,0.54,0.42,2025-08-12,2349,N,VIIRS,n,2,300.03,5.67,N,0
38.47726,25.91113,337.21,0.55,0.42,2025-08-12,2349,N,VIIRS,n,2,301.51,3.82,N,0
38.47762,25.93777,345.56,0.54,0.42,2025-08-12,2349,N,VIIRS,n,2,303.72,8.3,N,0
38.47828,25.93154,343.16,0.54,0.42,2025-08-12,2349,N,VIIRS,n,2,302.05,8.3,N,0
38.47879,25.96425,320.93,0.54,0.42,2025-08-12,2349,N,VIIRS,n,2,301.42,38.22,N,0
38.47893,25.92533,328.85,0.55,0.42,2025-08-12,2349,N,VIIRS,n,2,300.86,4.56,N,0
38.47948,25.95771,367.0,0.54,0.42,2025-08-12,2349,N,VIIRS,h,2,315.05,38.22,N,0
38.47958,25.91909,336.83,0.55,0.42,2025-08-12,2349,N,VIIRS,n,2,301.42,4.56,N,0
38.48016,25.95131,336.62,0.54,0.42,2025-08-12,2349,N,VIIRS,n,2,302.16,32.51,N,0
38.48026,25.91269,327.79,0.55,0.42,2025-08-12,2349,N,VIIRS,n,2,300.96,6.39,N,0
38.48151,25.93857,326.17,0.54,0.42,2025-08-12,2349,N,VIIRS,n,2,300.41,4.06,N,0
38.48216,25.93241,326.83,0.54,0.42,2025-08-12,2349,N,VIIRS,n,2,300.53,4.06,N,0
38.48282,25.92623,316.11,0.55,0.42,2025-08-12,2349,N,VIIRS,n,2,300.19,2.79,N,0
38.48291,25.88753,310.14,0.55,0.42,2025-08-12,2349,N,VIIRS,n,2,297.94,3.95,N,0
38.48338,25.95848,336.42,0.54,0.42,2025-08-12,2349,N,VIIRS,n,2,321.9,38.22,N,0
38.48349,25.9199,319.38,0.55,0.42,2025-08-12,2349,N,VIIRS,n,2,300.27,2.79,N,0
38.48359,25.8811,334.14,0.55,0.43,2025-08-12,2349,N,VIIRS,n,2,299.07,3.95,N,0
38.48406,25.95206,334.28,0.54,0.42,2025-08-12,2349,N,VIIRS,n,2,300.88,32.51,N,0
38.48416,25.91351,324.18,0.55,0.42,2025-08-12,2349,N,VIIRS,n,2,300.32,3.3,N,0
38.48425,25.87471,330.9,0.55,0.43,2025-08-12,2349,N,VIIRS,n,2,296.86,6.73,N,3
38.4854,25.93944,322.98,0.54,0.42,2025-08-12,2349,N,VIIRS,n,2,300.41,4.06,N,0
38.48659,25.96572,332.94,0.54,0.42,2025-08-12,2349,N,VIIRS,n,2,302.25,7.63,N,0
38.48682,25.88832,314.77,0.55,0.42,2025-08-12,2349,N,VIIRS,n,2,298.77,3.79,N,0
38.48728,25.95924,347.13,0.54,0.42,2025-08-12,2349,N,VIIRS,n,2,304.91,7.63,N,0
38.48738,25.92073,313.59,0.55,0.42,2025-08-12,2349,N,VIIRS,n,2,300.1,2.79,N,0
38.48749,25.88193,332.78,0.55,0.43,2025-08-12,2349,N,VIIRS,n,2,300.71,3.79,N,0
38.48805,25.91447,311.77,0.55,0.42,2025-08-12,2349,N,VIIRS,n,2,299.99,3.3,N,0
38.48816,25.87555,331.47,0.55,0.43,2025-08-12,2349,N,VIIRS,n,2,301.9,12.27,N,0
38.48861,25.9467,314.83,0.54,0.42,2025-08-12,2349,N,VIIRS,n,2,299.5,5.04,N,0
38.49047,25.96657,329.83,0.54,0.42,2025-08-12,2349,N,VIIRS,n,2,301.3,7.63,N,0
38.49072,25.8892,312.15,0.55,0.42,2025-08-12,2349,N,VIIRS,n,2,299.14,3.79,N,0
38.49128,25.92161,313.49,0.55,0.42,2025-08-12,2349,N,VIIRS,n,2,300.09,3.53,N,0
38.49297,25.98048,328.9,0.54,0.42,2025-08-12,2349,N,VIIRS,n,2,301.35,7.62,N,0
38.49448,25.92896,323.08,0.55,0.42,2025-08-12,2349,N,VIIRS,n,2,299.86,3.53,N,0
38.50106,25.90457,310.28,0.55,0.42,2025-08-12,2349,N,VIIRS,n,2,298.85,2.74,N,0
38.50175,25.89805,314.05,0.55,0.42,2025-08-12,2349,N,VIIRS,n,2,299.23,2.74,N,0
38.50241,25.89176,311.27,0.55,0.42,2025-08-12,2349,N,VIIRS,n,2,298.58,4.44,N,0
38.50359,25.91822,316.83,0.55,0.42,2025-08-12,2349,N,VIIRS,n,2,300.02,3.46,N,0
38.50425,25.91206,314.73,0.55,0.42,2025-08-12,2349,N,VIIRS,n,2,299.77,3.46,N,0
38.50469,25.98224,311.21,0.54,0.42,2025-08-12,2349,N,VIIRS,n,2,299.32,4.36,N,0
38.50493,25.90564,318.9,0.55,0.42,2025-08-12,2349,N,VIIRS,n,2,300.07,2.74,N,0
38.50563,25.89904,335.3,0.55,0.42,2025-08-12,2349,N,VIIRS,n,2,301.24,2.74,N,0
38.5081,25.91331,342.06,0.55,0.42,2025-08-12,2349,N,VIIRS,n,2,302.31,10.29,N,0
38.50879,25.90692,342.56,0.55,0.42,2025-08-12,2349,N,VIIRS,n,2,302.31,12.52,N,0
38.50951,25.90013,313.29,0.55,0.42,2025-08-12,2349,N,VIIRS,n,2,299.3,12.52,N,0
38.51265,25.90809,326.21,0.55,0.42,2025-08-12,2349,N,VIIRS,n,2,301.02,12.52,N,0
38.51339,25.90115,342.29,0.55,0.42,2025-08-12,2349,N,VIIRS,n,2,306.06,12.52,N,0
38.51652,25.90917,334.31,0.55,0.42,2025-08-12,2349,N,VIIRS,n,2,301.36,26.13,N,0
38.51701,25.97854,322.45,0.54,0.42,2025-08-12,2349,N,VIIRS,n,2,296.96,19.89,N,0
38.51727,25.90218,348.55,0.55,0.42,2025-08-12,2349,N,VIIRS,n,2,305.38,26.13,N,0
38.52039,25.91027,336.72,0.55,0.42,2025-08-12,2349,N,VIIRS,n,2,309.52,26.13,N,0
38.52089,25.97942,343.13,0.54,0.42,2025-08-12,2349,N,VIIRS,n,2,308.26,19.89,N,0
38.52115,25.90316,314.22,0.55,0.42,2025-08-12,2349,N,VIIRS,n,2,299.74,26.13,N,0
38.52157,25.9732,311.5,0.54,0.42,2025-08-12,2349,N,VIIRS,n,2,298.46,9.19,N,0
38.52351,25.9183,322.89,0.55,0.42,2025-08-12,2349,N,VIIRS,n,2,300.09,18.12,N,0
38.52428,25.91124,351.86,0.55,0.42,2025-08-12,2349,N,VIIRS,n,2,303.47,37.5,N,0
38.52477,25.98031,343.52,0.54,0.42,2025-08-12,2349,N,VIIRS,n,2,301.3,23.94,N,0
38.52552,25.93661,311.28,0.55,0.42,2025-08-12,2349,N,VIIRS,n,2,298.91,4.95,N,0
38.52739,25.91929,333.35,0.55,0.42,2025-08-12,2349,N,VIIRS,n,2,299.63,18.12,N,0
38.52813,25.94931,310.5,0.54,0.42,2025-08-12,2349,N,VIIRS,n,2,298.16,4.25,N,0
38.52816,25.91214,328.74,0.55,0.42,2025-08-12,2349,N,VIIRS,n,2,309.86,37.5,N,0
38.52865,25.98114,343.04,0.54,0.42,2025-08-12,2349,N,VIIRS,n,2,308.45,23.94,N,0
38.52931,25.97508,320.24,0.54,0.42,2025-08-12,2349,N,VIIRS,n,2,299.55,14.91,N,0
38.52942,25.93743,320.43,0.55,0.42,2025-08-12,2349,N,VIIRS,n,2,299.79,2.26,N,0
38.53003,25.93175,317.81,0.55,0.42,2025-08-12,2349,N,VIIRS,n,2,298.98,2.26,N,0
38.53128,25.92018,334.52,0.55,0.42,2025-08-12,2349,N,VIIRS,n,2,298.45,5.57,N,0
38.53204,25.91314,331.12,0.55,0.42,2025-08-12,2349,N,VIIRS,n,2,298.06,10.0,N,0
38.53252,25.98207,312.05,0.54,0.42,2025-08-12,2349,N,VIIRS,n,2,300.12,8.13,N,0
38.53319,25.97599,338.9,0.54,0.42,2025-08-12,2349,N,VIIRS,n,2,312.12,50.93,N,0
38.53331,25.93824,312.44,0.55,0.42,2025-08-12,2349,N,VIIRS,n,2,298.54,2.26,N,0
38.53384,25.97,328.15,0.54,0.42,2025-08-12,2349,N,VIIRS,n,2,298.05,50.93,N,0
38.53393,25.93251,313.33,0.55,0.42,2025-08-12,2349,N,VIIRS,n,2,298.78,2.26,N,0
38.53454,25.92688,327.93,0.55,0.42,2025-08-12,2349,N,VIIRS,n,2,299.45,5.57,N,0
38.53517,25.92105,332.15,0.55,0.42,2025-08-12,2349,N,VIIRS,n,2,298.12,5.57,N,0
38.5364,25.98306,309.91,0.54,0.42,2025-08-12,2349,N,VIIRS,n,2,299.06,8.13,N,0
38.53707,25.97687,341.23,0.54,0.42,2025-08-12,2349,N,VIIRS,n,2,325.01,50.93,N,0
38.5372,25.93908,311.41,0.55,0.42,2025-08-12,2349,N,VIIRS,n,2,298.17,21.31,N,0
38.53772,25.97083,318.32,0.54,0.42,2025-08-12,2349,N,VIIRS,n,2,298.87,50.93,N,0
38.53784,25.93324,335.5,0.55,0.42,2025-08-12,2349,N,VIIRS,n,2,300.91,21.31,N,0
38.53846,25.9275,356.06,0.55,0.42,2025-08-12,2349,N,VIIRS,n,2,304.56,13.64,N,0
38.53908,25.92179,327.41,0.55,0.42,2025-08-12,2349,N,VIIRS,n,2,297.34,13.64,N,0
38.54045,25.9458,338.97,0.54,0.42,2025-08-12,2349,N,VIIRS,n,2,309.11,60.6,N,0
38.54112,25.93968,330.58,0.55,0.42,2025-08-12,2349,N,VIIRS,n,2,299.72,21.31,N,0
38.54177,25.93369,348.9,0.55,0.42,2025-08-12,2349,N,VIIRS,n,2,312.99,21.31,N,0
38.5424,25.92789,332.19,0.55,0.42,2025-08-12,2349,N,VIIRS,n,2,297.31,13.64,N,0
38.54371,25.95243,341.34,0.54,0.42,2025-08-12,2349,N,VIIRS,n,2,300.74,117.5,N,0
38.54505,25.94013,353.61,0.55,0.42,2025-08-12,2349,N,VIIRS,n,2,314.98,43.64,N,0
38.54571,25.93409,317.23,0.55,0.42,2025-08-12,2349,N,VIIRS,n,2,297.36,43.64,N,0
38.54694,25.95932,317.82,0.54,0.42,2025-08-12,2349,N,VIIRS,n,2,299.25,21.77,N,0
38.54762,25.95313,345.73,0.54,0.42,2025-08-12,2349,N,VIIRS,n,2,327.65,117.5,N,0
38.54832,25.94671,341.81,0.54,0.42,2025-08-12,2349,N,VIIRS,n,2,301.99,117.5,N,0
38.55153,25.95377,342.56,0.54,0.42,2025-08-12,2349,N,VIIRS,n,2,301.19,5.82,N,0
38.55226,25.94708,310.4,0.54,0.42,2025-08-12,2349,N,VIIRS,n,2,297.51,5.82,N,0
38.74118,26.95122,312.67,0.49,0.41,2025-08-12,2349,N,VIIRS,n,2,297.86,2.11,N,2
38.74358,26.96332,312.8,0.49,0.41,2025-08-12,2349,N,VIIRS,n,2,297.13,1.68,N,2
38.78693,26.91918,329.08,0.5,0.41,2025-08-12,2349,N,VIIRS,n,2,298.17,6.02,N,3
38.78696,26.91965,323.64,0.5,0.41,2025-08-12,2349,N,VIIRS,n,2,296.91,5.54,N,3
38.78763,26.91323,311.31,0.5,0.41,2025-08-12,2349,N,VIIRS,n,2,294.86,6.02,N,3
38.78763,26.91369,329.84,0.5,0.41,2025-08-12,2349,N,VIIRS,n,2,297.24,8.21,N,3
38.83415,27.03968,318.75,0.49,0.4,2025-08-12,2349,N,VIIRS,n,2,296.27,2.11,N,0
38.83786,27.04048,314.89,0.49,0.4,2025-08-12,2349,N,VIIRS,n,2,296.66,2.11,N,0
35.53359,44.33821,352.29,0.56,0.51,2025-08-13,928,N,VIIRS,n,2,325.55,3.22,D,2
35.68599,43.87645,367.0,0.58,0.52,2025-08-13,928,N,VIIRS,h,2,336.07,33.22,D,2
35.54526,36.12767,339.54,0.75,0.77,2025-08-13,929,N,VIIRS,n,2,307.76,13.14,D,0
36.65644,44.47593,347.68,0.52,0.5,2025-08-13,929,N,VIIRS,n,2,316.32,9.89,D,0
36.90468,43.38767,344.55,0.58,0.52,2025-08-13,929,N,VIIRS,n,2,313.6,5.57,D,2
36.93417,43.46788,344.93,0.57,0.52,2025-08-13,929,N,VIIRS,n,2,315.17,9.59,D,0
36.93585,43.47488,346.86,0.57,0.52,2025-08-13,929,N,VIIRS,n,2,317.26,8.77,D,0
36.93903,43.467,342.1,0.57,0.52,2025-08-13,929,N,VIIRS,n,2,312.26,12.05,D,0
36.94066,43.4738,343.72,0.57,0.52,2025-08-13,929,N,VIIRS,n,2,314.94,19.01,D,0
37.15051,43.3387,348.21,0.58,0.52,2025-08-13,929,N,VIIRS,n,2,316.4,13.58,D,0
37.37932,36.05943,343.4,0.67,0.74,2025-08-13,929,N,VIIRS,n,2,316.51,5.45,D,0
37.76554,38.38301,352.01,0.5,0.66,2025-08-13,929,N,VIIRS,n,2,320.43,24.4,D,0
37.76584,38.38599,367.0,0.5,0.66,2025-08-13,929,N,VIIRS,h,2,324.72,30.42,D,0
37.76704,38.38816,367.0,0.5,0.66,2025-08-13,929,N,VIIRS,h,2,319.46,29.46,D,0
37.77141,38.38257,348.52,0.5,0.66,2025-08-13,929,N,VIIRS,n,2,317.45,7.08,D,0
39.8704,37.8185,367.0,0.47,0.64,2025-08-13,930,N,VIIRS,h,2,316.97,7.0,D,0
41.65755,43.13362,342.5,0.46,0.47,2025-08-13,930,N,VIIRS,n,2,311.01,4.34,D,0
41.88002,44.39244,330.9,0.4,0.44,2025-08-13,930,N,VIIRS,n,2,301.87,1.21,D,0
35.52417,44.34711,367.0,0.71,0.75,2025-08-13,1109,N,VIIRS,h,2,322.94,22.02,D,2
35.52851,44.33881,367.0,0.71,0.75,2025-08-13,1109,N,VIIRS,h,2,320.95,11.75,D,2
35.52867,44.34668,367.0,0.71,0.75,2025-08-13,1109,N,VIIRS,h,2,321.06,11.75,D,2
35.54667,36.12093,339.85,0.49,0.49,2025-08-13,1109,N,VIIRS,n,2,313.39,2.69,D,0
35.63105,44.01027,367.0,0.68,0.74,2025-08-13,1109,N,VIIRS,h,2,324.97,40.2,D,2
35.66405,43.96142,356.66,0.67,0.74,2025-08-13,1109,N,VIIRS,n,2,323.96,21.01,D,2
35.6642,43.96924,354.31,0.68,0.74,2025-08-13,1109,N,VIIRS,n,2,322.43,24.16,D,2
35.66458,43.9618,351.46,0.67,0.74,2025-08-13,1109,N,VIIRS,n,2,323.27,15.25,D,2
35.66478,43.9696,367.0,0.67,0.74,2025-08-13,1109,N,VIIRS,h,2,322.57,15.25,D,2
35.68333,43.88424,351.22,0.67,0.73,2025-08-13,1109,N,VIIRS,n,2,319.52,57.35,D,2
35.72232,44.04527,352.95,0.68,0.74,2025-08-13,1109,N,VIIRS,n,2,322.65,21.97,D,2
35.77441,43.99697,351.47,0.68,0.74,2025-08-13,1109,N,VIIRS,n,2,322.34,21.72,D,2
36.29625,33.73566,337.68,0.56,0.43,2025-08-13,1109,N,VIIRS,n,2,289.52,3.6,D,0
36.29814,33.73377,340.05,0.56,0.43,2025-08-13,1109,N,VIIRS,n,2,302.57,8.92,D,0
36.30642,33.75501,340.99,0.56,0.43,2025-08-13,1109,N,VIIRS,n,2,305.74,14.16,D,0
36.30713,33.76156,341.84,0.56,0.43,2025-08-13,1109,N,VIIRS,n,2,305.1,12.24,D,0
36.3078,33.76781,337.6,0.56,0.43,2025-08-13,1109,N,VIIRS,n,2,303.82,12.24,D,0
36.30819,33.75319,349.51,0.56,0.43,2025-08-13,1109,N,VIIRS,n,2,306.1,112.28,D,0
36.30886,33.75975,356.81,0.56,0.43,2025-08-13,1109,N,VIIRS,n,2,305.74,112.28,D,0
36.30949,33.766,347.43,0.56,0.43,2025-08-13,1109,N,VIIRS,n,2,304.5,16.62,D,0
36.30965,33.74747,344.48,0.56,0.43,2025-08-13,1109,N,VIIRS,n,2,305.25,14.16,D,0
36.31038,33.75423,356.87,0.56,0.43,2025-08-13,1109,N,VIIRS,n,2,307.83,14.16,D,0
36.3108,33.73917,339.13,0.56,0.43,2025-08-13,1109,N,VIIRS,n,2,308.95,9.85,D,0
36.31107,33.76065,367.0,0.56,0.43,2025-08-13,1109,N,VIIRS,h,2,306.21,12.24,D,0
36.31148,33.7458,351.83,0.56,0.43,2025-08-13,1109,N,VIIRS,n,2,306.44,9.85,D,0
36.31173,33.76672,355.1,0.56,0.43,2025-08-13,1109,N,VIIRS,n,2,303.56,12.24,D,0
36.31215,33.75246,367.0,0.56,0.43,2025-08-13,1109,N,VIIRS,h,2,327.84,112.28,D,0
36.31237,33.77266,341.75,0.56,0.43,2025-08-13,1109,N,VIIRS,n,2,302.01,12.1,D,0
36.31343,33.76495,367.0,0.56,0.43,2025-08-13,1109,N,VIIRS,h,2,304.39,16.62,D,0
36.31404,33.77086,349.69,0.57,0.43,2025-08-13,1109,N,VIIRS,n,2,302.17,16.62,D,0
36.3141,33.73195,337.4,0.56,0.43,2025-08-13,1109,N,VIIRS,n,2,311.44,11.71,D,0
36.31479,33.73866,351.04,0.56,0.43,2025-08-13,1109,N,VIIRS,n,2,309.25,158.52,D,0
36.31545,33.74516,352.01,0.56,0.43,2025-08-13,1109,N,VIIRS,n,2,311.53,158.52,D,0
36.31612,33.75172,367.0,0.56,0.43,2025-08-13,1109,N,VIIRS,h,2,351.88,298.53,D,0
36.31737,33.76387,356.66,0.56,0.43,2025-08-13,1109,N,VIIRS,n,2,314.29,74.02,D,0
36.31797,33.76973,355.09,0.57,0.43,2025-08-13,1109,N,VIIRS,n,2,302.64,74.02,D,0
36.31804,33.73102,352.07,0.56,0.43,2025-08-13,1109,N,VIIRS,n,2,311.76,11.71,D,0
36.3186,33.77595,339.97,0.57,0.43,2025-08-13,1109,N,VIIRS,n,2,301.14,7.08,D,0
36.31872,33.73766,367.0,0.56,0.43,2025-08-13,1109,N,VIIRS,h,2,341.17,158.52,D,0
36.3194,33.7443,367.0,0.56,0.43,2025-08-13,1109,N,VIIRS,h,2,359.51,158.52,D,0
36.32008,33.75094,367.0,0.56,0.43,2025-08-13,1109,N,VIIRS,h,2,351.13,298.53,D,0
36.32118,33.72225,337.96,0.56,0.43,2025-08-13,1109,N,VIIRS,n,2,310.87,245.58,D,0
36.32191,33.76878,367.0,0.57,0.43,2025-08-13,1109,N,VIIRS,h,2,303.94,74.02,D,0
36.32197,33.72999,367.0,0.56,0.43,2025-08-13,1109,N,VIIRS,h,2,333.37,245.58,D,0
36.32257,33.77522,342.59,0.57,0.43,2025-08-13,1109,N,VIIRS,n,2,302.34,7.08,D,0
36.32267,33.73672,367.0,0.56,0.43,2025-08-13,1109,N,VIIRS,h,2,350.25,172.2,D,0
36.32335,33.74339,367.0,0.56,0.43,2025-08-13,1109,N,VIIRS,h,2,353.66,172.2,D,0
36.32403,33.74997,367.0,0.56,0.43,2025-08-13,1109,N,VIIRS,h,2,358.41,0.0,D,0
36.32467,33.75619,367.0,0.56,0.43,2025-08-13,1109,N,VIIRS,h,2,371.6,0.0,D,0
36.32508,33.721,345.09,0.56,0.43,2025-08-13,1109,N,VIIRS,n,2,313.14,245.58,D,0
36.32526,33.762,354.93,0.56,0.43,2025-08-13,1109,N,VIIRS,n,2,311.24,36.23,D,0
36.3259,33.7682,355.01,0.57,0.43,2025-08-13,1109,N,VIIRS,n,2,305.51,36.23,D,0
36.32661,33.73587,367.0,0.56,0.43,2025-08-13,1109,N,VIIRS,h,2,346.78,172.2,D,0
36.32796,33.74895,367.0,0.56,0.43,2025-08-13,1109,N,VIIRS,h,2,362.52,0.0,D,0
36.32861,33.75522,367.0,0.56,0.43,2025-08-13,1109,N,VIIRS,h,2,361.67,0.0,D,0
36.32921,33.76109,354.42,0.56,0.43,2025-08-13,1109,N,VIIRS,n,2,308.04,36.23,D,0
36.32979,33.72754,367.0,0.56,0.43,2025-08-13,1109,N,VIIRS,h,2,328.31,145.84,D,0
36.32987,33.76749,340.4,0.57,0.43,2025-08-13,1109,N,VIIRS,n,2,306.68,36.23,D,0
36.33053,33.73468,367.0,0.56,0.43,2025-08-13,1109,N,VIIRS,h,2,350.62,94.78,D,0
36.33121,33.74128,367.0,0.56,0.43,2025-08-13,1109,N,VIIRS,h,2,327.86,94.78,D,0
36.33317,33.76022,348.31,0.56,0.43,2025-08-13,1109,N,VIIRS,n,2,313.47,5.95,D,0
36.33442,33.73321,344.39,0.56,0.43,2025-08-13,1109,N,VIIRS,n,2,313.04,94.78,D,0
36.33509,33.73976,354.15,0.56,0.43,2025-08-13,1109,N,VIIRS,n,2,327.67,94.78,D,0
36.33647,33.75303,350.5,0.56,0.43,2025-08-13,1109,N,VIIRS,n,2,312.52,330.15,D,0
36.7776,43.32302,354.78,0.63,0.72,2025-08-13,1109,N,VIIRS,n,2,317.97,8.28,D,2
36.90461,43.39608,343.13,0.64,0.72,2025-08-13,1109,N,VIIRS,n,2,308.52,3.61,D,2
36.93199,43.47322,351.1,0.65,0.73,2025-08-13,1109,N,VIIRS,n,2,310.7,11.23,D,0
36.93216,43.4798,351.76,0.65,0.73,2025-08-13,1109,N,VIIRS,n,2,309.62,11.23,D,0
36.93336,43.47232,356.35,0.65,0.73,2025-08-13,1109,N,VIIRS,n,2,312.64,21.18,D,0
36.9335,43.47896,367.0,0.65,0.73,2025-08-13,1109,N,VIIRS,h,2,311.18,33.62,D,0
36.93855,43.46412,352.13,0.65,0.73,2025-08-13,1109,N,VIIRS,n,2,307.91,16.95,D,0
36.93874,43.47098,367.0,0.65,0.73,2025-08-13,1109,N,VIIRS,h,2,314.09,36.23,D,0
36.93892,43.47791,367.0,0.65,0.73,2025-08-13,1109,N,VIIRS,h,2,314.18,36.23,D,0
36.93998,43.46317,348.61,0.65,0.73,2025-08-13,1109,N,VIIRS,n,2,307.43,21.18,D,0
36.94012,43.47006,367.0,0.65,0.73,2025-08-13,1109,N,VIIRS,h,2,313.72,21.18,D,0
36.94027,43.47704,367.0,0.65,0.73,2025-08-13,1109,N,VIIRS,h,2,311.78,33.62,D,0
36.949,42.13263,367.0,0.55,0.68,2025-08-13,1109,N,VIIRS,h,2,325.14,3.92,D,2
37.45112,39.38316,350.83,0.39,0.59,2025-08-13,1109,N,VIIRS,n,2,319.27,5.92,D,0
37.37184,32.10454,356.6,0.49,0.4,2025-08-13,1110,N,VIIRS,n,2,326.66,33.61,D,0
38.48774,25.96115,350.96,0.39,0.36,2025-08-13,1110,N,VIIRS,n,2,311.31,10.28,D,0
38.51424,25.98365,340.11,0.39,0.36,2025-08-13,1110,N,VIIRS,n,2,311.05,4.55,D,0
38.51499,25.98815,367.0,0.39,0.36,2025-08-13,1110,N,VIIRS,h,2,314.99,65.66,D,0
38.51573,25.99266,367.0,0.39,0.36,2025-08-13,1110,N,VIIRS,h,2,337.35,65.66,D,0
38.5176,25.8992,346.24,0.39,0.36,2025-08-13,1110,N,VIIRS,n,2,311.73,5.93,D,0
38.51834,25.90372,348.11,0.39,0.36,2025-08-13,1110,N,VIIRS,n,2,316.11,18.32,D,0
38.51979,25.99632,336.44,0.39,0.36,2025-08-13,1110,N,VIIRS,n,2,306.76,24.89,D,0
38.52092,25.89838,348.75,0.39,0.36,2025-08-13,1110,N,VIIRS,n,2,308.15,6.93,D,0
38.52167,25.90287,345.16,0.39,0.36,2025-08-13,1110,N,VIIRS,n,2,319.3,44.83,D,0
38.5231,25.99544,349.29,0.39,0.36,2025-08-13,1110,N,VIIRS,n,2,313.4,10.1,D,0
38.52641,25.9946,342.41,0.39,0.36,2025-08-13,1110,N,VIIRS,n,2,313.12,10.1,D,0
38.52716,25.99915,343.59,0.39,0.36,2025-08-13,1110,N,VIIRS,n,2,310.0,10.1,D,0
38.53379,25.99747,341.06,0.39,0.36,2025-08-13,1110,N,VIIRS,n,2,309.81,5.4,D,0
38.53635,25.99203,343.89,0.39,0.36,2025-08-13,1110,N,VIIRS,n,2,309.78,11.64,D,0
38.5371,25.99662,350.13,0.39,0.36,2025-08-13,1110,N,VIIRS,n,2,315.26,11.64,D,0
38.53745,25.97771,352.27,0.39,0.36,2025-08-13,1110,N,VIIRS,n,2,308.34,5.65,D,0
38.53818,25.98215,354.06,0.39,0.36,2025-08-13,1110,N,VIIRS,n,2,316.06,23.32,D,0
38.54003,25.97242,348.29,0.39,0.36,2025-08-13,1110,N,VIIRS,n,2,307.91,15.02,D,0
38.54076,25.97683,352.2,0.39,0.36,2025-08-13,1110,N,VIIRS,n,2,317.61,15.02,D,0
38.54149,25.98128,349.49,0.39,0.36,2025-08-13,1110,N,VIIRS,n,2,307.12,21.61,D,0
38.54333,25.97151,349.96,0.39,0.36,2025-08-13,1110,N,VIIRS,n,2,310.35,15.02,D,0
38.54406,25.97594,338.29,0.39,0.36,2025-08-13,1110,N,VIIRS,n,2,307.5,15.02,D,0
38.54557,25.94308,335.4,0.39,0.36,2025-08-13,1110,N,VIIRS,n,2,305.46,2.66,D,0
38.54737,25.97504,333.36,0.39,0.36,2025-08-13,1110,N,VIIRS,n,2,301.87,19.35,D,0
38.5496,25.94656,367.0,0.39,0.36,2025-08-13,1110,N,VIIRS,h,2,309.36,16.79,D,0
38.54994,25.96968,347.04,0.39,0.36,2025-08-13,1110,N,VIIRS,n,2,303.48,19.35,D,0
38.55033,25.95104,337.86,0.39,0.36,2025-08-13,1110,N,VIIRS,n,2,307.66,33.19,D,0
38.55252,25.96435,351.49,0.39,0.36,2025-08-13,1110,N,VIIRS,n,2,314.87,37.82,D,0
38.55364,25.95012,345.67,0.39,0.36,2025-08-13,1110,N,VIIRS,n,2,319.75,33.19,D,0
38.55438,25.95462,347.71,0.39,0.36,2025-08-13,1110,N,VIIRS,n,2,320.69,33.19,D,0
38.55511,25.95905,348.77,0.39,0.36,2025-08-13,1110,N,VIIRS,n,2,307.29,37.82,D,0
38.69615,31.96063,350.12,0.5,0.41,2025-08-13,1110,N,VIIRS,n,2,317.09,10.87,D,0
39.65129,43.19731,354.17,0.65,0.73,2025-08-13,1110,N,VIIRS,n,2,307.24,19.24,D,0
40.60947,43.83491,341.02,0.71,0.75,2025-08-13,1110,N,VIIRS,n,2,307.28,4.71,D,0
39.98922,26.45882,367.0,0.38,0.36,2025-08-13,1111,N,VIIRS,h,2,328.9,53.91,D,0
39.98991,26.46328,338.25,0.38,0.36,2025-08-13,1111,N,VIIRS,n,2,306.94,53.91,D,0
39.99179,26.45926,338.4,0.38,0.36,2025-08-13,1111,N,VIIRS,n,2,307.65,40.92,D,0
39.99248,26.46372,335.66,0.38,0.36,2025-08-13,1111,N,VIIRS,n,2,304.98,40.92,D,0
39.99318,26.46819,354.67,0.38,0.36,2025-08-13,1111,N,VIIRS,n,2,315.31,38.59,D,0
39.99716,26.47179,345.28,0.38,0.36,2025-08-13,1111,N,VIIRS,n,2,317.95,38.59,D,0
39.99974,26.46646,340.21,0.38,0.36,2025-08-13,1111,N,VIIRS,n,2,307.03,14.46,D,0
40.00045,26.47093,348.51,0.38,0.36,2025-08-13,1111,N,VIIRS,n,2,308.06,14.46,D,0
41.02142,27.79365,355.72,0.39,0.36,2025-08-13,1111,N,VIIRS,n,2,303.76,9.08,D,0
41.24309,36.46673,340.51,0.59,0.53,2025-08-13,1111,N,VIIRS,n,2,302.53,10.34,D,2
41.25656,31.41473,341.08,0.5,0.41,2025-08-13,1111,N,VIIRS,n,2,308.91,8.13,D,2
35.52283,44.34003,322.24,0.73,0.76,2025-08-13,2149,N,VIIRS,n,2,298.0,6.03,N,2
35.52511,44.34465,323.8,0.73,0.76,2025-08-13,2149,N,VIIRS,n,2,297.9,4.72,N,2
35.52527,44.33588,321.81,0.74,0.76,2025-08-13,2149,N,VIIRS,n,2,298.38,4.72,N,2
35.53242,44.33642,347.34,0.74,0.76,2025-08-13,2149,N,VIIRS,n,2,299.25,10.87,N,2
35.6255,44.00685,367.0,0.77,0.77,2025-08-13,2149,N,VIIRS,h,2,297.59,9.6,N,2
35.62662,44.01305,314.59,0.77,0.77,2025-08-13,2149,N,VIIRS,n,2,296.21,10.17,N,2
35.62676,44.00399,367.0,0.77,0.77,2025-08-13,2149,N,VIIRS,h,2,299.82,19.97,N,2
35.63278,44.00674,330.54,0.77,0.77,2025-08-13,2149,N,VIIRS,n,2,297.56,9.6,N,2
35.66384,43.96152,352.09,0.77,0.77,2025-08-13,2149,N,VIIRS,n,2,298.91,10.86,N,2
35.67981,43.87574,320.91,0.78,0.78,2025-08-13,2149,N,VIIRS,n,2,295.19,5.32,N,0
35.67993,43.87167,322.0,0.78,0.78,2025-08-13,2149,N,VIIRS,n,2,295.7,6.46,N,2
35.6871,43.88112,314.94,0.78,0.78,2025-08-13,2149,N,VIIRS,n,2,295.47,16.71,N,2
35.68713,43.87625,355.91,0.78,0.78,2025-08-13,2149,N,VIIRS,n,2,300.1,24.94,N,2
35.68723,43.86709,329.84,0.78,0.78,2025-08-13,2149,N,VIIRS,n,2,295.87,23.49,N,2
35.68725,43.87218,367.0,0.78,0.78,2025-08-13,2149,N,VIIRS,h,2,301.46,16.71,N,2
35.72072,44.03565,323.66,0.77,0.77,2025-08-13,2149,N,VIIRS,n,2,297.93,6.24,N,2
35.72145,44.04015,330.87,0.77,0.77,2025-08-13,2149,N,VIIRS,n,2,297.73,7.24,N,2
35.72158,44.03102,308.16,0.77,0.77,2025-08-13,2149,N,VIIRS,n,2,297.59,7.03,N,2
35.72797,44.03653,333.27,0.77,0.77,2025-08-13,2149,N,VIIRS,n,2,298.64,9.38,N,2
35.72815,44.02732,311.36,0.77,0.77,2025-08-13,2149,N,VIIRS,n,2,297.47,6.9,N,2
35.7287,44.04098,315.97,0.77,0.77,2025-08-13,2149,N,VIIRS,n,2,297.6,4.94,N,2
35.72884,44.03185,317.93,0.77,0.77,2025-08-13,2149,N,VIIRS,n,2,298.18,6.5,N,2
35.77315,43.99014,321.5,0.77,0.77,2025-08-13,2149,N,VIIRS,n,2,297.84,7.36,N,2
35.7741,43.99107,324.33,0.77,0.77,2025-08-13,2149,N,VIIRS,n,2,298.43,6.34,N,2
35.96723,43.75681,307.23,0.8,0.78,2025-08-13,2149,N,VIIRS,n,2,297.03,6.91,N,0
35.98186,43.7649,311.73,0.79,0.78,2025-08-13,2149,N,VIIRS,n,2,296.65,3.89,N,2
41.91666,44.41636,299.16,0.39,0.44,2025-08-13,2328,N,VIIRS,n,2,287.98,0.61,N,0
42.12279,43.0145,300.71,0.51,0.41,2025-08-13,2328,N,VIIRS,n,2,289.88,0.75,N,2
42.12353,43.01328,300.52,0.51,0.41,2025-08-13,2328,N,VIIRS,n,2,289.44,0.79,N,2
36.86692,43.48819,309.58,0.45,0.47,2025-08-13,2329,N,VIIRS,n,2,296.32,1.83,N,2
36.86823,43.52266,307.65,0.45,0.47,2025-08-13,2329,N,VIIRS,n,2,296.85,1.76,N,0
36.87081,43.49104,311.39,0.45,0.47,2025-08-13,2329,N,VIIRS,n,2,297.61,1.83,N,2
36.90634,43.39276,330.82,0.45,0.47,2025-08-13,2329,N,VIIRS,n,2,295.4,3.18,N,2
36.90745,43.38781,306.76,0.45,0.47,2025-08-13,2329,N,VIIRS,n,2,294.87,3.18,N,2
36.93372,43.46133,309.17,0.45,0.47,2025-08-13,2329,N,VIIRS,n,2,293.33,2.14,N,0
36.93527,43.46521,304.81,0.45,0.47,2025-08-13,2329,N,VIIRS,n,2,294.66,3.3,N,0
36.93633,43.4604,314.89,0.45,0.47,2025-08-13,2329,N,VIIRS,n,2,295.36,2.48,N,0
36.93806,43.46207,319.01,0.45,0.47,2025-08-13,2329,N,VIIRS,n,2,296.98,2.97,N,0
36.93914,43.45732,313.58,0.45,0.47,2025-08-13,2329,N,VIIRS,n,2,296.27,2.5,N,0
36.94067,43.46117,329.24,0.45,0.47,2025-08-13,2329,N,VIIRS,n,2,298.83,2.48,N,0
36.94174,43.45631,309.64,0.45,0.47,2025-08-13,2329,N,VIIRS,n,2,296.14,2.48,N,0
36.94239,43.4629,319.08,0.45,0.47,2025-08-13,2329,N,VIIRS,n,2,296.91,2.97,N,0
36.9435,43.45799,317.14,0.45,0.47,2025-08-13,2329,N,VIIRS,n,2,296.54,2.5,N,0
37.1356,42.79314,308.85,0.41,0.45,2025-08-13,2329,N,VIIRS,n,2,297.26,1.4,N,2
37.74253,39.03472,303.72,0.42,0.38,2025-08-13,2329,N,VIIRS,n,2,290.32,0.42,N,0
37.74596,39.03568,311.45,0.42,0.38,2025-08-13,2329,N,VIIRS,n,2,290.51,0.98,N,0
38.45598,38.72545,311.64,0.41,0.37,2025-08-13,2329,N,VIIRS,n,2,295.55,1.05,N,2
38.66504,39.23583,304.28,0.42,0.38,2025-08-13,2329,N,VIIRS,n,2,294.25,0.95,N,2
38.85902,35.76461,302.99,0.39,0.36,2025-08-13,2329,N,VIIRS,n,2,287.6,0.85,N,2
39.02505,37.77582,328.21,0.39,0.36,2025-08-13,2329,N,VIIRS,n,2,287.1,2.25,N,0
39.03687,37.74638,336.45,0.39,0.36,2025-08-13,2329,N,VIIRS,n,2,288.84,2.92,N,0
39.59614,32.42112,304.94,0.47,0.4,2025-08-13,2329,N,VIIRS,n,2,293.3,0.89,N,2
39.59693,32.4201,304.49,0.47,0.4,2025-08-13,2329,N,VIIRS,n,2,293.57,1.4,N,2
39.72345,36.9385,306.53,0.38,0.36,2025-08-13,2329,N,VIIRS,n,2,287.81,0.42,N,2
39.94442,33.1926,306.39,0.45,0.39,2025-08-13,2329,N,VIIRS,n,2,292.18,1.1,N,2
40.10275,36.29255,295.66,0.39,0.36,2025-08-13,2329,N,VIIRS,n,2,284.26,0.63,N,0
40.24127,29.92461,304.7,0.41,0.45,2025-08-13,2329,N,VIIRS,n,2,292.02,0.87,N,2
40.2592,30.04354,306.79,0.41,0.45,2025-08-13,2329,N,VIIRS,n,2,292.7,0.55,N,2
40.41213,39.65898,297.56,0.42,0.37,2025-08-13,2329,N,VIIRS,n,2,285.67,0.57,N,2
40.75535,31.78286,301.6,0.52,0.41,2025-08-13,2329,N,VIIRS,n,2,290.84,1.06,N,2
40.76465,32.21769,306.12,0.5,0.41,2025-08-13,2329,N,VIIRS,n,2,288.44,1.58,N,2
40.78242,29.60018,304.46,0.43,0.46,2025-08-13,2329,N,VIIRS,n,2,293.42,0.9,N,2
40.93406,35.88368,295.25,0.39,0.36,2025-08-13,2329,N,VIIRS,n,2,283.4,0.4,N,2
41.02277,28.55426,305.37,0.49,0.49,2025-08-13,2329,N,VIIRS,n,2,293.05,0.89,N,2
41.02426,36.10022,301.59,0.39,0.36,2025-08-13,2329,N,VIIRS,n,2,287.21,0.64,N,2
41.10894,37.32262,304.04,0.38,0.36,2025-08-13,2329,N,VIIRS,n,2,292.28,0.75,N,2
41.17395,32.63196,308.1,0.48,0.4,2025-08-13,2329,N,VIIRS,n,2,293.9,1.48,N,2
41.1755,32.63752,308.42,0.48,0.4,2025-08-13,2329,N,VIIRS,n,2,293.65,1.01,N,2
41.17763,32.63268,306.82,0.48,0.4,2025-08-13,2329,N,VIIRS,n,2,295.51,1.48,N,2
41.24132,36.46275,335.17,0.39,0.36,2025-08-13,2329,N,VIIRS,n,2,294.85,5.55,N,2
41.24462,36.46362,305.82,0.39,0.36,2025-08-13,2329,N,VIIRS,n,2,293.45,1.54,N,2
41.6287,27.68693,303.04,0.56,0.51,2025-08-13,2329,N,VIIRS,n,2,290.11,0.49,N,2
42.23116,26.04116,329.51,0.34,0.56,2025-08-13,2329,N,VIIRS,n,2,287.74,1.88,N,0
42.23139,26.03691,315.58,0.34,0.56,2025-08-13,2329,N,VIIRS,n,2,288.38,2.16,N,0
42.23637,26.04199,324.07,0.34,0.56,2025-08-13,2329,N,VIIRS,n,2,288.13,1.88,N,0
42.23661,26.03772,297.1,0.34,0.56,2025-08-13,2329,N,VIIRS,n,2,286.88,2.16,N,0
35.52382,44.3408,312.5,0.54,0.51,2025-08-13,2330,N,VIIRS,n,2,300.58,6.95,N,2
35.52404,44.34637,323.41,0.54,0.51,2025-08-13,2330,N,VIIRS,n,2,300.21,5.32,N,2
35.52537,44.34064,341.34,0.54,0.51,2025-08-13,2330,N,VIIRS,n,2,301.57,5.32,N,2
35.52835,44.34233,349.5,0.54,0.51,2025-08-13,2330,N,VIIRS,n,2,303.15,6.95,N,2
35.52971,44.33661,340.0,0.54,0.51,2025-08-13,2330,N,VIIRS,n,2,303.1,6.95,N,2
35.53425,44.33811,343.71,0.54,0.51,2025-08-13,2330,N,VIIRS,n,2,302.09,6.79,N,2
35.5499,36.1132,309.49,0.39,0.36,2025-08-13,2330,N,VIIRS,n,2,295.45,1.24,N,0
35.62584,44.01056,315.91,0.51,0.5,2025-08-13,2330,N,VIIRS,n,2,298.82,4.98,N,2
35.62712,44.00509,335.42,0.51,0.49,2025-08-13,2330,N,VIIRS,n,2,299.21,4.98,N,2
35.63026,44.01218,327.78,0.51,0.5,2025-08-13,2330,N,VIIRS,n,2,300.32,11.62,N,2
35.63153,44.00671,340.0,0.51,0.49,2025-08-13,2330,N,VIIRS,n,2,306.08,11.62,N,2
35.66084,43.96293,341.17,0.51,0.49,2025-08-13,2330,N,VIIRS,n,2,300.53,9.0,N,2
35.66528,43.96442,339.94,0.51,0.49,2025-08-13,2330,N,VIIRS,n,2,302.9,9.0,N,2
35.68027,44.0657,310.9,0.51,0.5,2025-08-13,2330,N,VIIRS,n,2,299.91,3.18,N,2
35.68541,43.87705,343.97,0.5,0.49,2025-08-13,2330,N,VIIRS,n,2,313.18,41.8,N,2
35.68667,43.87158,311.94,0.5,0.49,2025-08-13,2330,N,VIIRS,n,2,297.42,41.8,N,2
35.71924,43.77081,314.65,0.5,0.49,2025-08-13,2330,N,VIIRS,n,2,303.65,3.52,N,2
35.72481,44.03919,340.63,0.51,0.49,2025-08-13,2330,N,VIIRS,n,2,304.63,5.88,N,2
35.73056,44.03508,320.47,0.51,0.49,2025-08-13,2330,N,VIIRS,n,2,302.1,5.88,N,2
35.77312,43.99591,342.79,0.51,0.49,2025-08-13,2330,N,VIIRS,n,2,302.99,8.89,N,2
35.83032,36.12454,319.33,0.39,0.36,2025-08-13,2330,N,VIIRS,n,2,295.89,1.87,N,0
35.95472,43.7289,311.61,0.49,0.48,2025-08-13,2330,N,VIIRS,n,2,298.86,2.12,N,2
35.98117,43.76797,340.99,0.49,0.48,2025-08-13,2330,N,VIIRS,n,2,303.61,5.56,N,2
35.98219,43.77305,338.67,0.49,0.49,2025-08-13,2330,N,VIIRS,n,2,299.58,5.38,N,2
35.9834,43.7677,334.08,0.49,0.48,2025-08-13,2330,N,VIIRS,n,2,301.63,5.38,N,2
35.98549,43.76958,309.67,0.49,0.48,2025-08-13,2330,N,VIIRS,n,2,298.07,5.56,N,2
36.02031,43.67965,313.66,0.48,0.48,2025-08-13,2330,N,VIIRS,n,2,297.8,2.17,N,2
36.10149,43.62963,307.36,0.48,0.48,2025-08-13,2330,N,VIIRS,n,2,296.63,1.07,N,0
36.13063,40.81145,310.91,0.52,0.42,2025-08-13,2330,N,VIIRS,n,2,298.48,2.02,N,2
36.14185,40.815,318.82,0.52,0.42,2025-08-13,2330,N,VIIRS,n,2,298.02,1.99,N,2
36.2402,33.71041,346.99,0.4,0.37,2025-08-13,2330,N,VIIRS,n,2,306.34,24.07,N,0
36.2417,33.72455,330.85,0.4,0.37,2025-08-13,2330,N,VIIRS,n,2,304.23,6.28,N,0
36.24356,33.7113,353.81,0.4,0.37,2025-08-13,2330,N,VIIRS,n,2,317.68,24.07,N,0
36.24421,33.70671,343.99,0.4,0.37,2025-08-13,2330,N,VIIRS,n,2,305.7,24.07,N,0
36.24483,33.7022,314.67,0.4,0.37,2025-08-13,2330,N,VIIRS,n,2,302.23,4.83,N,0
36.24506,33.72541,351.55,0.4,0.37,2025-08-13,2330,N,VIIRS,n,2,310.39,9.74,N,0
36.24567,33.72104,343.19,0.4,0.37,2025-08-13,2330,N,VIIRS,n,2,306.18,12.37,N,0
36.24693,33.71214,324.03,0.4,0.37,2025-08-13,2330,N,VIIRS,n,2,302.52,18.17,N,0
36.24757,33.70757,351.18,0.4,0.37,2025-08-13,2330,N,VIIRS,n,2,314.19,18.17,N,0
36.24781,33.73057,343.61,0.4,0.37,2025-08-13,2330,N,VIIRS,n,2,305.97,9.74,N,0
36.2482,33.70303,341.61,0.4,0.37,2025-08-13,2330,N,VIIRS,n,2,311.01,52.03,N,0
36.24842,33.72621,355.92,0.4,0.37,2025-08-13,2330,N,VIIRS,n,2,309.35,9.74,N,0
36.24884,33.69855,315.66,0.4,0.37,2025-08-13,2330,N,VIIRS,n,2,300.67,52.03,N,0
36.24904,33.72181,346.98,0.4,0.37,2025-08-13,2330,N,VIIRS,n,2,309.51,12.37,N,0
36.2503,33.71288,319.5,0.4,0.37,2025-08-13,2330,N,VIIRS,n,2,301.55,18.17,N,0
36.25094,33.70834,328.02,0.4,0.37,2025-08-13,2330,N,VIIRS,n,2,312.37,18.17,N,0
36.25157,33.70382,367.0,0.4,0.37,2025-08-13,2330,N,VIIRS,h,2,347.05,52.03,N,0
36.2518,33.72698,315.38,0.4,0.37,2025-08-13,2330,N,VIIRS,n,2,302.28,5.05,N,0
36.2522,33.69935,321.79,0.4,0.37,2025-08-13,2330,N,VIIRS,n,2,301.42,52.03,N,0
36.25242,33.72256,346.16,0.4,0.37,2025-08-13,2330,N,VIIRS,n,2,306.42,7.37,N,0
36.25304,33.7181,346.47,0.4,0.37,2025-08-13,2330,N,VIIRS,n,2,307.88,7.37,N,0
36.25368,33.7136,313.85,0.4,0.37,2025-08-13,2330,N,VIIRS,n,2,300.89,4.29,N,0
36.25431,33.7091,341.38,0.4,0.37,2025-08-13,2330,N,VIIRS,n,2,307.21,4.29,N,0
36.25494,33.70464,367.0,0.4,0.37,2025-08-13,2330,N,VIIRS,h,2,340.1,45.18,N,0
36.25556,33.70021,339.6,0.4,0.37,2025-08-13,2330,N,VIIRS,n,2,309.83,45.18,N,0
36.25579,33.72329,344.33,0.4,0.37,2025-08-13,2330,N,VIIRS,n,2,305.43,7.37,N,0
36.25642,33.71882,341.68,0.4,0.37,2025-08-13,2330,N,VIIRS,n,2,303.15,7.37,N,0
36.25706,33.71432,317.45,0.4,0.37,2025-08-13,2330,N,VIIRS,n,2,300.46,4.29,N,0
36.25769,33.70985,330.35,0.4,0.37,2025-08-13,2330,N,VIIRS,n,2,303.01,4.29,N,0
36.25831,33.70543,353.76,0.4,0.37,2025-08-13,2330,N,VIIRS,n,2,315.27,45.18,N,0
36.25891,33.7011,336.92,0.4,0.37,2025-08-13,2330,N,VIIRS,n,2,327.29,45.18,N,0
36.25917,33.72398,347.21,0.4,0.37,2025-08-13,2330,N,VIIRS,n,2,306.58,19.41,N,2
36.25981,33.71951,330.76,0.4,0.37,2025-08-13,2330,N,VIIRS,n,2,323.08,19.41,N,0
36.26044,33.71503,323.29,0.4,0.37,2025-08-13,2330,N,VIIRS,n,2,302.71,6.67,N,0
36.26106,33.71059,325.34,0.4,0.37,2025-08-13,2330,N,VIIRS,n,2,303.01,6.67,N,0
36.26168,33.70621,347.94,0.4,0.37,2025-08-13,2330,N,VIIRS,n,2,309.0,11.67,N,0
36.26228,33.70195,334.22,0.4,0.37,2025-08-13,2330,N,VIIRS,n,2,301.27,11.67,N,0
36.26319,33.72022,332.97,0.4,0.37,2025-08-13,2330,N,VIIRS,n,2,305.92,19.41,N,0
36.26382,33.71577,324.28,0.4,0.37,2025-08-13,2330,N,VIIRS,n,2,302.85,6.67,N,0
36.26444,33.71134,318.43,0.4,0.37,2025-08-13,2330,N,VIIRS,n,2,303.06,6.67,N,0
36.26505,33.707,344.99,0.4,0.37,2025-08-13,2330,N,VIIRS,n,2,306.7,11.67,N,0
36.26566,33.70272,343.46,0.4,0.37,2025-08-13,2330,N,VIIRS,n,2,304.78,11.67,N,0
36.26781,33.71212,336.1,0.4,0.37,2025-08-13,2330,N,VIIRS,n,2,318.67,24.21,N,0
36.26842,33.70778,329.97,0.4,0.37,2025-08-13,2330,N,VIIRS,n,2,304.09,2.62,N,0
36.26902,33.70348,328.6,0.4,0.37,2025-08-13,2330,N,VIIRS,n,2,302.03,2.62,N,0
36.27021,33.69506,340.14,0.4,0.37,2025-08-13,2330,N,VIIRS,n,2,305.05,9.46,N,0
36.27055,33.71731,331.5,0.4,0.37,2025-08-13,2330,N,VIIRS,n,2,303.84,24.21,N,0
36.27118,33.7129,330.06,0.4,0.37,2025-08-13,2330,N,VIIRS,n,2,303.57,24.21,N,0
36.27179,33.70855,329.89,0.4,0.37,2025-08-13,2330,N,VIIRS,n,2,303.55,2.62,N,0
36.2724,33.70427,320.15,0.4,0.37,2025-08-13,2330,N,VIIRS,n,2,302.35,2.62,N,0
36.27352,33.74559,332.01,0.4,0.37,2025-08-13,2330,N,VIIRS,n,2,300.49,5.16,N,0
36.27358,33.69583,330.34,0.4,0.37,2025-08-13,2330,N,VIIRS,n,2,302.21,9.46,N,0
36.27541,33.73224,339.67,0.4,0.37,2025-08-13,2330,N,VIIRS,n,2,304.96,8.48,N,0
36.27577,33.70503,316.74,0.4,0.37,2025-08-13,2330,N,VIIRS,n,2,301.8,5.47,N,0
36.27625,33.75088,332.37,0.4,0.37,2025-08-13,2330,N,VIIRS,n,2,304.93,5.62,N,0
36.27664,33.72348,317.99,0.4,0.37,2025-08-13,2330,N,VIIRS,n,2,301.59,5.45,N,0
36.27686,33.74653,341.69,0.4,0.37,2025-08-13,2330,N,VIIRS,n,2,307.46,6.06,N,0
36.2775,33.74203,321.53,0.4,0.37,2025-08-13,2330,N,VIIRS,n,2,304.16,6.06,N,0
36.27814,33.7375,321.58,0.4,0.37,2025-08-13,2330,N,VIIRS,n,2,304.66,3.01,N,0
36.27877,33.73309,332.38,0.4,0.37,2025-08-13,2330,N,VIIRS,n,2,306.92,3.01,N,0
36.27938,33.72872,346.66,0.4,0.37,2025-08-13,2330,N,VIIRS,n,2,311.64,14.68,N,0
36.28021,33.74743,352.25,0.4,0.37,2025-08-13,2330,N,VIIRS,n,2,310.75,6.06,N,0
36.28032,33.69742,316.18,0.4,0.37,2025-08-13,2330,N,VIIRS,n,2,300.44,4.9,N,0
36.28085,33.74294,334.22,0.4,0.37,2025-08-13,2330,N,VIIRS,n,2,304.5,6.06,N,0
36.28212,33.73392,322.92,0.4,0.37,2025-08-13,2330,N,VIIRS,n,2,306.14,3.01,N,0
36.28234,33.75694,336.07,0.4,0.37,2025-08-13,2330,N,VIIRS,n,2,303.33,16.76,N,0
36.28275,33.72954,337.99,0.4,0.37,2025-08-13,2330,N,VIIRS,n,2,304.59,14.68,N,0
36.28294,33.75266,350.75,0.4,0.37,2025-08-13,2330,N,VIIRS,n,2,314.57,16.76,N,0
36.28356,33.74831,318.32,0.4,0.37,2025-08-13,2330,N,VIIRS,n,2,303.52,3.14,N,0
36.28369,33.69819,338.45,0.4,0.37,2025-08-13,2330,N,VIIRS,n,2,301.72,3.54,N,0
36.28419,33.74383,316.13,0.4,0.37,2025-08-13,2330,N,VIIRS,n,2,300.44,3.14,N,0
36.28509,33.76205,348.22,0.4,0.37,2025-08-13,2330,N,VIIRS,n,2,308.51,9.25,N,0
36.28569,33.75782,353.87,0.4,0.37,2025-08-13,2330,N,VIIRS,n,2,314.91,16.76,N,0
36.28629,33.75353,355.15,0.4,0.37,2025-08-13,2330,N,VIIRS,n,2,316.78,16.76,N,0
36.28706,33.69898,319.18,0.4,0.37,2025-08-13,2330,N,VIIRS,n,2,298.95,3.54,N,0
36.28846,33.76283,341.18,0.4,0.37,2025-08-13,2330,N,VIIRS,n,2,307.02,3.94,N,0
36.28906,33.75856,339.98,0.4,0.37,2025-08-13,2330,N,VIIRS,n,2,309.69,4.1,N,0
36.28967,33.75424,324.11,0.4,0.37,2025-08-13,2330,N,VIIRS,n,2,305.28,4.1,N,0
36.29042,33.69978,333.8,0.4,0.37,2025-08-13,2330,N,VIIRS,n,2,299.81,3.79,N,0
36.29169,33.76556,326.97,0.4,0.37,2025-08-13,2330,N,VIIRS,n,2,301.92,2.07,N,0
36.29184,33.76352,330.14,0.4,0.37,2025-08-13,2330,N,VIIRS,n,2,302.29,3.94,N,0
36.29379,33.70059,320.12,0.4,0.37,2025-08-13,2330,N,VIIRS,n,2,298.89,3.79,N,0
36.29507,33.76624,321.32,0.4,0.37,2025-08-13,2330,N,VIIRS,n,2,302.11,2.07,N,0
36.29568,33.76191,326.04,0.4,0.37,2025-08-13,2330,N,VIIRS,n,2,303.81,2.07,N,0
36.29846,33.76686,345.03,0.4,0.37,2025-08-13,2330,N,VIIRS,n,2,307.87,7.09,N,0
36.29908,33.76249,333.16,0.4,0.37,2025-08-13,2330,N,VIIRS,n,2,304.16,7.09,N,0
36.29989,33.70659,319.55,0.4,0.37,2025-08-13,2330,N,VIIRS,n,2,299.28,3.57,N,0
36.30028,33.70427,314.8,0.4,0.37,2025-08-13,2330,N,VIIRS,n,2,297.93,2.05,N,0
36.30185,33.76747,332.85,0.4,0.37,2025-08-13,2330,N,VIIRS,n,2,302.3,7.09,N,0
36.30207,33.79076,355.16,0.4,0.37,2025-08-13,2330,N,VIIRS,n,2,303.98,5.16,N,0
36.30247,33.76307,353.35,0.4,0.37,2025-08-13,2330,N,VIIRS,n,2,307.74,7.09,N,0
36.30309,33.75864,327.8,0.4,0.37,2025-08-13,2330,N,VIIRS,n,2,304.61,6.66,N,0
36.30545,33.79144,327.5,0.4,0.37,2025-08-13,2330,N,VIIRS,n,2,303.61,5.16,N,0
36.30585,33.76375,341.33,0.4,0.37,2025-08-13,2330,N,VIIRS,n,2,304.07,2.09,N,0
36.30608,33.78693,350.08,0.4,0.37,2025-08-13,2330,N,VIIRS,n,2,306.19,11.34,N,0
36.30671,33.78247,354.88,0.4,0.37,2025-08-13,2330,N,VIIRS,n,2,309.89,11.34,N,0
36.30733,33.77803,357.18,0.4,0.37,2025-08-13,2330,N,VIIRS,n,2,311.55,21.4,N,0
36.30796,33.77355,351.08,0.4,0.37,2025-08-13,2330,N,VIIRS,n,2,308.57,21.4,N,0
36.30859,33.76908,316.28,0.4,0.37,2025-08-13,2330,N,VIIRS,n,2,300.98,2.09,N,0
36.30883,33.79214,317.22,0.4,0.37,2025-08-13,2330,N,VIIRS,n,2,303.47,22.77,N,0
36.30921,33.76459,317.96,0.4,0.37,2025-08-13,2330,N,VIIRS,n,2,301.68,2.09,N,0
36.30945,33.78773,347.87,0.4,0.37,2025-08-13,2330,N,VIIRS,n,2,320.47,19.64,N,0
36.31007,33.78333,354.62,0.4,0.37,2025-08-13,2330,N,VIIRS,n,2,317.14,19.64,N,0
36.31068,33.77893,352.14,0.4,0.37,2025-08-13,2330,N,VIIRS,n,2,316.79,8.8,N,0
36.31131,33.77446,356.11,0.4,0.37,2025-08-13,2330,N,VIIRS,n,2,315.89,8.8,N,0
36.31194,33.76997,330.79,0.4,0.37,2025-08-13,2330,N,VIIRS,n,2,303.16,14.76,N,0
36.3122,33.79285,344.01,0.4,0.37,2025-08-13,2330,N,VIIRS,n,2,315.26,22.77,N,0
36.31281,33.78852,349.24,0.4,0.37,2025-08-13,2330,N,VIIRS,n,2,322.03,19.64,N,0
36.31316,33.71169,313.11,0.4,0.37,2025-08-13,2330,N,VIIRS,n,2,297.18,2.72,N,0
36.31343,33.78416,348.99,0.4,0.37,2025-08-13,2330,N,VIIRS,n,2,316.52,19.64,N,0
36.31404,33.77978,367.0,0.4,0.37,2025-08-13,2330,N,VIIRS,h,2,318.96,8.8,N,0
36.31467,33.77534,367.0,0.4,0.37,2025-08-13,2330,N,VIIRS,h,2,318.91,8.8,N,0
36.3153,33.77086,354.68,0.4,0.37,2025-08-13,2330,N,VIIRS,n,2,315.45,14.76,N,0
36.31557,33.79365,350.73,0.4,0.37,2025-08-13,2330,N,VIIRS,n,2,317.84,24.98,N,0
36.31618,33.78932,355.59,0.4,0.37,2025-08-13,2330,N,VIIRS,n,2,326.42,16.82,N,0
36.31652,33.7125,334.01,0.4,0.37,2025-08-13,2330,N,VIIRS,n,2,299.91,2.72,N,0
36.31679,33.78497,346.27,0.4,0.37,2025-08-13,2330,N,VIIRS,n,2,314.85,16.82,N,0
36.31741,33.7806,349.55,0.4,0.37,2025-08-13,2330,N,VIIRS,n,2,315.81,8.18,N,0
36.3177,33.80321,352.42,0.4,0.37,2025-08-13,2330,N,VIIRS,n,2,307.12,10.58,N,0
36.31803,33.77619,348.72,0.4,0.37,2025-08-13,2330,N,VIIRS,n,2,314.82,8.18,N,0
36.31831,33.79884,355.92,0.4,0.37,2025-08-13,2330,N,VIIRS,n,2,324.61,24.98,N,0
36.31865,33.77175,344.25,0.4,0.37,2025-08-13,2330,N,VIIRS,n,2,312.77,3.04,N,0
36.31893,33.79449,356.41,0.4,0.37,2025-08-13,2330,N,VIIRS,n,2,320.52,24.98,N,0
36.31928,33.76723,313.65,0.4,0.37,2025-08-13,2330,N,VIIRS,n,2,300.55,3.04,N,0
36.31954,33.79012,367.0,0.4,0.37,2025-08-13,2330,N,VIIRS,h,2,322.86,16.82,N,0
36.3199,33.71328,314.59,0.4,0.37,2025-08-13,2330,N,VIIRS,n,2,296.89,2.6,N,0
36.32016,33.78576,352.72,0.4,0.37,2025-08-13,2330,N,VIIRS,n,2,313.76,16.82,N,0
36.32077,33.78139,367.0,0.4,0.37,2025-08-13,2330,N,VIIRS,h,2,320.55,8.18,N,0
36.32106,33.80401,345.68,0.4,0.37,2025-08-13,2330,N,VIIRS,n,2,310.42,13.75,N,0
36.3214,33.77695,340.16,0.4,0.37,2025-08-13,2330,N,VIIRS,n,2,310.5,8.18,N,0
36.32168,33.79961,351.21,0.4,0.37,2025-08-13,2330,N,VIIRS,n,2,316.4,4.7,N,0
36.32202,33.77254,318.58,0.4,0.37,2025-08-13,2330,N,VIIRS,n,2,303.2,3.04,N,0
36.3223,33.7952,331.53,0.4,0.37,2025-08-13,2330,N,VIIRS,n,2,308.9,4.7,N,0
36.32265,33.76805,339.96,0.4,0.37,2025-08-13,2330,N,VIIRS,n,2,305.47,3.04,N,0
36.32292,33.79082,338.73,0.4,0.37,2025-08-13,2330,N,VIIRS,n,2,311.76,4.06,N,0
36.32328,33.76353,328.45,0.4,0.37,2025-08-13,2330,N,VIIRS,n,2,305.16,5.69,N,0
36.32354,33.78644,354.64,0.4,0.37,2025-08-13,2330,N,VIIRS,n,2,317.71,4.06,N,0
36.32415,33.78202,342.38,0.4,0.37,2025-08-13,2330,N,VIIRS,n,2,311.51,2.95,N,0
36.32444,33.80469,356.21,0.4,0.37,2025-08-13,2330,N,VIIRS,n,2,311.06,13.75,N,0
36.32478,33.7776,337.99,0.4,0.37,2025-08-13,2330,N,VIIRS,n,2,306.94,2.95,N,0
36.32506,33.80025,328.01,0.4,0.37,2025-08-13,2330,N,VIIRS,n,2,305.81,4.7,N,0
36.3254,33.7732,341.65,0.4,0.37,2025-08-13,2330,N,VIIRS,n,2,306.94,2.84,N,0
36.32569,33.79581,328.51,0.4,0.37,2025-08-13,2330,N,VIIRS,n,2,308.88,4.7,N,0
36.32602,33.76877,329.06,0.4,0.37,2025-08-13,2330,N,VIIRS,n,2,305.86,2.84,N,0
36.32631,33.79143,326.87,0.4,0.37,2025-08-13,2330,N,VIIRS,n,2,308.08,4.06,N,0
36.32664,33.76431,333.52,0.4,0.37,2025-08-13,2330,N,VIIRS,n,2,308.52,3.5,N,0
36.32692,33.78705,321.25,0.4,0.37,2025-08-13,2330,N,VIIRS,n,2,306.16,4.06,N,0
36.32719,33.80982,345.75,0.4,0.37,2025-08-13,2330,N,VIIRS,n,2,309.71,11.15,N,0
36.32728,33.7598,331.47,0.4,0.37,2025-08-13,2330,N,VIIRS,n,2,301.9,3.5,N,0
36.32755,33.78263,323.19,0.4,0.37,2025-08-13,2330,N,VIIRS,n,2,304.13,2.95,N,0
36.32781,33.80539,352.14,0.4,0.37,2025-08-13,2330,N,VIIRS,n,2,317.96,11.15,N,0
36.32816,33.77822,319.21,0.4,0.37,2025-08-13,2330,N,VIIRS,n,2,305.23,2.95,N,0
36.32845,33.80091,326.82,0.4,0.37,2025-08-13,2330,N,VIIRS,n,2,306.92,2.55,N,0
36.32878,33.77386,323.5,0.4,0.37,2025-08-13,2330,N,VIIRS,n,2,306.05,2.84,N,0
36.32883,33.72395,317.19,0.4,0.37,2025-08-13,2330,N,VIIRS,n,2,297.94,2.82,N,0
36.32907,33.79645,332.13,0.4,0.37,2025-08-13,2330,N,VIIRS,n,2,309.42,2.55,N,0
36.3294,33.76948,324.87,0.4,0.37,2025-08-13,2330,N,VIIRS,n,2,304.99,2.84,N,0
36.32944,33.71967,343.92,0.4,0.37,2025-08-13,2330,N,VIIRS,n,2,301.18,6.52,N,0
36.32969,33.79206,324.81,0.4,0.37,2025-08-13,2330,N,VIIRS,n,2,307.44,1.93,N,0
36.32994,33.81493,342.64,0.4,0.37,2025-08-13,2330,N,VIIRS,n,2,307.17,8.35,N,0
36.33001,33.76509,323.11,0.4,0.37,2025-08-13,2330,N,VIIRS,n,2,305.63,3.5,N,0
36.33031,33.7877,325.09,0.4,0.37,2025-08-13,2330,N,VIIRS,n,2,306.97,1.93,N,0
36.33056,33.81055,348.45,0.4,0.37,2025-08-13,2330,N,VIIRS,n,2,314.12,11.15,N,0
36.33064,33.76063,338.43,0.4,0.37,2025-08-13,2330,N,VIIRS,n,2,305.61,3.5,N,0
36.33092,33.78332,325.59,0.4,0.37,2025-08-13,2330,N,VIIRS,n,2,307.13,2.09,N,0
36.33119,33.80607,334.13,0.4,0.37,2025-08-13,2330,N,VIIRS,n,2,309.89,11.15,N,0
36.33154,33.77895,317.77,0.4,0.37,2025-08-13,2330,N,VIIRS,n,2,305.14,2.09,N,0
36.33183,33.80159,329.58,0.4,0.37,2025-08-13,2330,N,VIIRS,n,2,307.88,2.55,N,0
36.3321,33.82425,344.6,0.4,0.37,2025-08-13,2330,N,VIIRS,n,2,306.27,53.62,N,0
36.33215,33.7746,318.97,0.4,0.37,2025-08-13,2330,N,VIIRS,n,2,304.07,2.33,N,0
36.33221,33.72468,319.76,0.4,0.37,2025-08-13,2330,N,VIIRS,n,2,298.28,2.78,N,0
36.33245,33.79713,323.64,0.4,0.37,2025-08-13,2330,N,VIIRS,n,2,307.22,2.55,N,0
36.33273,33.81982,367.0,0.4,0.37,2025-08-13,2330,N,VIIRS,h,2,316.12,28.66,N,0
36.33307,33.79276,320.48,0.4,0.37,2025-08-13,2330,N,VIIRS,n,2,306.89,1.93,N,0
36.33333,33.81553,367.0,0.4,0.37,2025-08-13,2330,N,VIIRS,h,2,320.15,28.66,N,0
36.33338,33.76587,318.47,0.4,0.37,2025-08-13,2330,N,VIIRS,n,2,303.63,2.48,N,0
36.33368,33.78842,325.54,0.4,0.37,2025-08-13,2330,N,VIIRS,n,2,306.98,1.93,N,0
36.33395,33.81114,349.46,0.4,0.37,2025-08-13,2330,N,VIIRS,n,2,312.88,13.99,N,0
36.33401,33.76144,334.0,0.4,0.37,2025-08-13,2330,N,VIIRS,n,2,303.96,2.48,N,0
36.33429,33.78406,327.62,0.4,0.37,2025-08-13,2330,N,VIIRS,n,2,307.03,2.09,N,0
36.33458,33.80669,354.63,0.4,0.37,2025-08-13,2330,N,VIIRS,n,2,313.33,13.99,N,0
36.33464,33.75693,317.75,0.4,0.37,2025-08-13,2330,N,VIIRS,n,2,299.89,4.67,N,0
36.33491,33.77972,328.31,0.4,0.37,2025-08-13,2330,N,VIIRS,n,2,306.61,2.09,N,0
36.33521,33.80226,332.07,0.4,0.37,2025-08-13,2330,N,VIIRS,n,2,309.4,3.96,N,0
36.33548,33.82491,367.0,0.4,0.37,2025-08-13,2330,N,VIIRS,h,2,343.0,53.62,N,0
36.33552,33.77539,331.27,0.4,0.37,2025-08-13,2330,N,VIIRS,n,2,307.36,2.33,N,0
36.33559,33.72541,330.78,0.4,0.37,2025-08-13,2330,N,VIIRS,n,2,299.04,2.78,N,0
36.33582,33.79786,330.88,0.4,0.37,2025-08-13,2330,N,VIIRS,n,2,307.21,3.96,N,0
36.33611,33.82052,351.79,0.4,0.37,2025-08-13,2330,N,VIIRS,n,2,336.12,28.66,N,0
36.33613,33.77105,321.11,0.4,0.37,2025-08-13,2330,N,VIIRS,n,2,304.65,2.33,N,0
36.33644,33.7935,346.0,0.4,0.37,2025-08-13,2330,N,VIIRS,n,2,308.21,3.64,N,0
36.33672,33.81615,367.0,0.4,0.37,2025-08-13,2330,N,VIIRS,h,2,322.61,28.66,N,0
36.33675,33.76666,322.09,0.4,0.37,2025-08-13,2330,N,VIIRS,n,2,301.5,2.48,N,0
36.33706,33.78913,327.89,0.4,0.37,2025-08-13,2330,N,VIIRS,n,2,306.18,3.64,N,0
36.33734,33.81174,353.67,0.4,0.37,2025-08-13,2330,N,VIIRS,n,2,312.67,13.99,N,0
36.33737,33.76222,327.73,0.4,0.37,2025-08-13,2330,N,VIIRS,n,2,300.5,2.48,N,0
36.33767,33.78483,324.08,0.4,0.37,2025-08-13,2330,N,VIIRS,n,2,306.51,2.08,N,0
36.33796,33.80739,351.69,0.4,0.37,2025-08-13,2330,N,VIIRS,n,2,318.52,13.99,N,0
36.338,33.75776,346.15,0.4,0.37,2025-08-13,2330,N,VIIRS,n,2,303.3,4.67,N,0
36.33827,33.78053,321.15,0.4,0.37,2025-08-13,2330,N,VIIRS,n,2,305.14,2.08,N,0
36.33857,33.80305,342.22,0.4,0.37,2025-08-13,2330,N,VIIRS,n,2,309.21,3.96,N,0
36.33884,33.82571,327.17,0.4,0.37,2025-08-13,2330,N,VIIRS,n,2,319.01,16.56,N,0
36.33888,33.7762,317.85,0.4,0.37,2025-08-13,2330,N,VIIRS,n,2,303.19,1.35,N,0
36.33919,33.79867,344.61,0.4,0.37,2025-08-13,2330,N,VIIRS,n,2,310.3,3.96,N,0
36.33947,33.82129,356.04,0.4,0.37,2025-08-13,2330,N,VIIRS,n,2,316.58,39.33,N,0
36.3398,33.79433,335.19,0.4,0.37,2025-08-13,2330,N,VIIRS,n,2,307.17,3.64,N,0
36.34008,33.81693,355.78,0.4,0.37,2025-08-13,2330,N,VIIRS,n,2,323.95,39.33,N,0
36.34041,33.79,339.0,0.4,0.37,2025-08-13,2330,N,VIIRS,n,2,305.13,3.64,N,0
36.3407,33.81259,356.3,0.4,0.37,2025-08-13,2330,N,VIIRS,n,2,328.44,19.37,N,0
36.34074,33.76298,318.28,0.4,0.37,2025-08-13,2330,N,VIIRS,n,2,299.68,3.09,N,0
36.34102,33.78569,324.1,0.4,0.37,2025-08-13,2330,N,VIIRS,n,2,304.21,2.08,N,0
36.34131,33.80826,351.84,0.4,0.37,2025-08-13,2330,N,VIIRS,n,2,319.66,19.37,N,0
36.34163,33.78138,325.75,0.4,0.37,2025-08-13,2330,N,VIIRS,n,2,301.12,2.08,N,0
36.34192,33.80391,351.76,0.4,0.37,2025-08-13,2330,N,VIIRS,n,2,313.86,4.7,N,0
36.34219,33.82658,314.95,0.4,0.37,2025-08-13,2330,N,VIIRS,n,2,302.86,16.56,N,0
36.34254,33.79955,339.37,0.4,0.37,2025-08-13,2330,N,VIIRS,n,2,309.54,4.7,N,0
36.34282,33.82216,334.67,0.4,0.37,2025-08-13,2330,N,VIIRS,n,2,321.47,39.33,N,0
36.34286,33.77263,313.05,0.4,0.37,2025-08-13,2330,N,VIIRS,n,2,298.79,1.35,N,0
36.34315,33.7952,327.11,0.4,0.37,2025-08-13,2330,N,VIIRS,n,2,303.9,2.11,N,0
36.34344,33.81781,342.98,0.4,0.37,2025-08-13,2330,N,VIIRS,n,2,332.33,39.33,N,0
36.34377,33.7909,318.69,0.4,0.37,2025-08-13,2330,N,VIIRS,n,2,302.27,2.11,N,0
36.34405,33.81348,355.62,0.4,0.37,2025-08-13,2330,N,VIIRS,n,2,321.26,19.37,N,0
36.34466,33.80915,344.5,0.4,0.37,2025-08-13,2330,N,VIIRS,n,2,311.48,19.37,N,0
36.34528,33.80479,336.51,0.4,0.37,2025-08-13,2330,N,VIIRS,n,2,307.01,4.7,N,0
36.34589,33.80041,342.89,0.4,0.37,2025-08-13,2330,N,VIIRS,n,2,306.77,4.7,N,0
36.34651,33.79604,323.74,0.4,0.37,2025-08-13,2330,N,VIIRS,n,2,302.98,2.11,N,0
36.34679,33.81867,337.58,0.4,0.37,2025-08-13,2330,N,VIIRS,n,2,304.3,4.53,N,0
36.34741,33.8143,339.74,0.4,0.37,2025-08-13,2330,N,VIIRS,n,2,303.85,3.7,N,0
36.34803,33.80993,314.99,0.4,0.37,2025-08-13,2330,N,VIIRS,n,2,300.32,3.7,N,0
36.34864,33.80555,313.27,0.4,0.37,2025-08-13,2330,N,VIIRS,n,2,299.81,0.91,N,0
36.44236,42.93026,316.0,0.43,0.46,2025-08-13,2330,N,VIIRS,n,2,300.7,2.23,N,2
36.56631,43.59531,309.61,0.46,0.47,2025-08-13,2330,N,VIIRS,n,2,294.6,0.92,N,0
36.57027,43.59371,309.8,0.46,0.47,2025-08-13,2330,N,VIIRS,n,2,294.27,1.82,N,0
36.57057,43.59677,305.78,0.46,0.47,2025-08-13,2330,N,VIIRS,n,2,295.37,0.92,N,0
36.69154,36.20398,313.02,0.38,0.36,2025-08-13,2330,N,VIIRS,n,2,302.45,2.56,N,2
36.70072,36.21068,311.21,0.38,0.36,2025-08-13,2330,N,VIIRS,n,2,300.1,1.91,N,2
36.71593,36.20116,310.38,0.38,0.36,2025-08-13,2330,N,VIIRS,n,2,296.48,1.65,N,2
36.71921,36.20197,344.51,0.38,0.36,2025-08-13,2330,N,VIIRS,n,2,299.37,6.06,N,2
36.7277,36.21295,323.12,0.38,0.36,2025-08-13,2330,N,VIIRS,n,2,298.66,1.65,N,2
36.72839,36.20868,310.98,0.38,0.36,2025-08-13,2330,N,VIIRS,n,2,297.55,1.65,N,2
36.73099,36.21376,312.39,0.38,0.36,2025-08-13,2330,N,VIIRS,n,2,299.89,4.18,N,2
36.73167,36.2095,327.37,0.38,0.36,2025-08-13,2330,N,VIIRS,n,2,303.94,4.18,N,2
36.73496,36.21032,345.03,0.38,0.36,2025-08-13,2330,N,VIIRS,n,2,303.88,4.18,N,2
36.73565,36.20605,314.38,0.38,0.36,2025-08-13,2330,N,VIIRS,n,2,300.72,2.07,N,2
36.73825,36.21113,332.52,0.38,0.36,2025-08-13,2330,N,VIIRS,n,2,301.05,4.14,N,2
36.73856,36.44182,336.87,0.39,0.36,2025-08-13,2330,N,VIIRS,n,2,302.58,4.74,N,0
36.74115,36.44696,332.19,0.39,0.36,2025-08-13,2330,N,VIIRS,n,2,302.0,2.84,N,0
36.74185,36.44265,323.87,0.39,0.36,2025-08-13,2330,N,VIIRS,n,2,300.74,2.84,N,0
36.74395,36.42958,317.86,0.39,0.36,2025-08-13,2330,N,VIIRS,n,2,300.82,2.92,N,0
36.74466,36.42518,331.88,0.39,0.36,2025-08-13,2330,N,VIIRS,n,2,300.4,2.92,N,0
36.74865,36.42162,327.2,0.39,0.36,2025-08-13,2330,N,VIIRS,n,2,297.86,2.28,N,0
36.74912,36.43996,317.51,0.39,0.36,2025-08-13,2330,N,VIIRS,n,2,297.99,3.26,N,0
36.75193,36.42247,307.66,0.39,0.36,2025-08-13,2330,N,VIIRS,n,2,297.37,1.86,N,0
36.75381,36.43208,315.87,0.39,0.36,2025-08-13,2330,N,VIIRS,n,2,299.28,3.49,N,0
36.75523,36.4394,316.6,0.39,0.36,2025-08-13,2330,N,VIIRS,n,2,300.59,2.56,N,0
36.75594,36.43506,338.1,0.39,0.36,2025-08-13,2330,N,VIIRS,n,2,303.51,2.56,N,0
36.75667,36.4307,337.03,0.39,0.36,2025-08-13,2330,N,VIIRS,n,2,320.34,36.32,N,0
36.75852,36.44022,325.61,0.39,0.36,2025-08-13,2330,N,VIIRS,n,2,300.37,2.56,N,0
36.75924,36.43587,310.08,0.39,0.36,2025-08-13,2330,N,VIIRS,n,2,299.51,2.56,N,0
36.75995,36.43152,333.68,0.39,0.36,2025-08-13,2330,N,VIIRS,n,2,314.01,36.32,N,0
36.76068,36.42714,310.04,0.39,0.36,2025-08-13,2330,N,VIIRS,n,2,298.52,36.32,N,0
36.77435,43.32621,334.92,0.45,0.47,2025-08-13,2330,N,VIIRS,n,2,299.08,6.18,N,2
36.77545,43.3213,339.13,0.45,0.47,2025-08-13,2330,N,VIIRS,n,2,300.26,6.18,N,2
36.77984,37.13472,324.12,0.39,0.36,2025-08-13,2330,N,VIIRS,n,2,297.02,2.37,N,0
36.79943,37.01836,313.18,0.39,0.36,2025-08-13,2330,N,VIIRS,n,2,299.0,1.48,N,2
36.86742,34.75809,306.21,0.39,0.36,2025-08-13,2330,N,VIIRS,n,2,296.14,1.27,N,2
36.87009,34.76321,314.5,0.39,0.36,2025-08-13,2330,N,VIIRS,n,2,298.59,1.27,N,2
36.93181,35.99934,313.36,0.38,0.36,2025-08-13,2330,N,VIIRS,n,2,298.34,2.03,N,2
36.93438,42.13134,331.02,0.39,0.44,2025-08-13,2330,N,VIIRS,n,2,297.5,3.49,N,2
36.94277,42.17083,329.97,0.39,0.44,2025-08-13,2330,N,VIIRS,n,2,299.03,2.6,N,2
36.94704,42.13095,329.6,0.39,0.44,2025-08-13,2330,N,VIIRS,n,2,299.01,3.66,N,2
36.96558,42.083,310.04,0.38,0.43,2025-08-13,2330,N,VIIRS,n,2,296.94,1.36,N,2
37.0758,40.64029,311.68,0.49,0.41,2025-08-13,2330,N,VIIRS,n,2,297.03,2.13,N,0
37.07687,40.63483,314.33,0.49,0.41,2025-08-13,2330,N,VIIRS,n,2,298.15,2.13,N,0
37.23701,36.94777,317.35,0.39,0.36,2025-08-13,2330,N,VIIRS,n,2,296.68,2.41,N,0
37.27532,38.73059,308.84,0.42,0.38,2025-08-13,2330,N,VIIRS,n,2,295.11,1.22,N,2
37.29323,37.15948,314.59,0.39,0.36,2025-08-13,2330,N,VIIRS,n,2,297.17,1.5,N,2
37.29395,37.15521,315.64,0.39,0.36,2025-08-13,2330,N,VIIRS,n,2,299.28,1.5,N,2
37.3388,40.80025,315.87,0.5,0.41,2025-08-13,2330,N,VIIRS,n,2,300.47,2.69,N,2
37.35152,37.16122,313.68,0.39,0.36,2025-08-13,2330,N,VIIRS,n,2,299.43,1.55,N,2
37.50845,37.56529,309.18,0.39,0.37,2025-08-13,2330,N,VIIRS,n,2,297.1,1.1,N,0
37.71786,37.89014,331.79,0.4,0.37,2025-08-13,2330,N,VIIRS,n,2,299.29,8.03,N,0
37.71865,37.88561,340.99,0.4,0.37,2025-08-13,2330,N,VIIRS,n,2,298.83,8.03,N,0
37.71944,37.88109,307.35,0.4,0.37,2025-08-13,2330,N,VIIRS,n,2,296.91,1.82,N,0
37.72119,37.89105,322.86,0.4,0.37,2025-08-13,2330,N,VIIRS,n,2,302.84,8.03,N,0
37.72198,37.88653,337.93,0.4,0.37,2025-08-13,2330,N,VIIRS,n,2,301.35,8.03,N,0
37.8608,29.37278,307.02,0.41,0.45,2025-08-13,2330,N,VIIRS,n,2,291.62,1.02,N,2
37.93987,32.53275,305.71,0.45,0.39,2025-08-13,2330,N,VIIRS,n,2,293.44,1.16,N,2
38.38323,30.76841,301.02,0.54,0.42,2025-08-13,2330,N,VIIRS,n,2,285.61,1.73,N,0
38.38332,30.7683,301.94,0.54,0.42,2025-08-13,2330,N,VIIRS,n,2,285.16,0.59,N,0
38.38712,30.76904,300.97,0.54,0.42,2025-08-13,2330,N,VIIRS,n,2,285.89,0.92,N,0
38.38721,30.76893,297.81,0.54,0.42,2025-08-13,2330,N,VIIRS,n,2,285.94,0.59,N,0
38.40456,30.79106,300.37,0.54,0.42,2025-08-13,2330,N,VIIRS,n,2,286.14,1.16,N,0
38.42641,27.21377,309.91,0.55,0.51,2025-08-13,2330,N,VIIRS,n,2,295.57,2.68,N,2
38.46986,34.25149,308.59,0.41,0.37,2025-08-13,2330,N,VIIRS,n,2,288.37,0.95,N,0
38.48409,33.18858,302.97,0.43,0.38,2025-08-13,2330,N,VIIRS,n,2,283.22,0.76,N,0
38.50287,25.99382,344.3,0.32,0.54,2025-08-13,2330,N,VIIRS,n,2,294.21,2.58,N,0
38.5032,25.98866,334.42,0.32,0.54,2025-08-13,2330,N,VIIRS,n,2,293.94,2.85,N,0
38.50349,25.98406,311.85,0.32,0.54,2025-08-13,2330,N,VIIRS,n,2,293.26,2.85,N,0
38.50396,25.99789,324.63,0.64,0.54,2025-08-13,2330,N,VIIRS,n,2,293.57,4.76,N,0
38.5076,25.99952,319.41,0.32,0.54,2025-08-13,2330,N,VIIRS,n,2,293.92,2.58,N,0
38.50794,25.99417,312.74,0.32,0.54,2025-08-13,2330,N,VIIRS,n,2,294.93,2.58,N,0
38.50824,25.98946,335.01,0.32,0.54,2025-08-13,2330,N,VIIRS,n,2,295.55,2.85,N,0
38.50853,25.98507,325.66,0.32,0.54,2025-08-13,2330,N,VIIRS,n,2,294.83,2.85,N,0
38.51767,26.00128,320.5,0.32,0.54,2025-08-13,2330,N,VIIRS,n,2,293.85,1.73,N,0
38.51801,25.9961,305.54,0.32,0.54,2025-08-13,2330,N,VIIRS,n,2,293.38,1.73,N,0
38.52012,25.88543,309.58,0.32,0.55,2025-08-13,2330,N,VIIRS,n,2,293.33,4.67,N,0
38.52269,26.00249,304.83,0.32,0.54,2025-08-13,2330,N,VIIRS,n,2,293.03,2.63,N,0
38.52389,25.90636,320.04,0.32,0.55,2025-08-13,2330,N,VIIRS,n,2,293.8,2.14,N,0
38.52416,25.90223,312.63,0.32,0.55,2025-08-13,2330,N,VIIRS,n,2,293.38,1.82,N,0
38.5244,25.89851,306.01,0.32,0.55,2025-08-13,2330,N,VIIRS,n,2,294.37,1.82,N,0
38.52509,25.88789,347.74,0.32,0.55,2025-08-13,2330,N,VIIRS,n,2,295.92,4.67,N,0
38.52538,25.88355,367.0,0.32,0.55,2025-08-13,2330,N,VIIRS,h,2,296.59,4.67,N,0
38.52567,25.87894,335.74,0.32,0.55,2025-08-13,2330,N,VIIRS,n,2,293.96,9.03,N,0
38.52772,26.00356,344.36,0.32,0.54,2025-08-13,2330,N,VIIRS,n,2,294.15,2.63,N,0
38.52803,25.99887,340.18,0.32,0.54,2025-08-13,2330,N,VIIRS,n,2,294.36,2.63,N,0
38.52891,25.90799,337.22,0.32,0.55,2025-08-13,2330,N,VIIRS,n,2,294.17,7.38,N,0
38.52917,25.90398,367.0,0.32,0.55,2025-08-13,2330,N,VIIRS,h,2,299.19,14.66,N,0
38.52941,25.9004,367.0,0.32,0.55,2025-08-13,2330,N,VIIRS,h,2,297.06,14.66,N,0
38.52963,25.89696,342.53,0.32,0.55,2025-08-13,2330,N,VIIRS,n,2,295.71,10.9,N,0
38.52986,25.89352,367.0,0.32,0.55,2025-08-13,2330,N,VIIRS,h,2,299.97,10.9,N,0
38.53009,25.89002,343.93,0.32,0.55,2025-08-13,2330,N,VIIRS,n,2,294.11,17.21,N,0
38.53035,25.886,316.36,0.32,0.55,2025-08-13,2330,N,VIIRS,n,2,293.19,17.21,N,0
38.53489,25.89496,323.31,0.32,0.55,2025-08-13,2330,N,VIIRS,n,2,293.51,10.9,N,0
38.53513,25.89134,349.72,0.32,0.55,2025-08-13,2330,N,VIIRS,n,2,301.26,17.21,N,0
38.53538,25.88747,367.0,0.32,0.55,2025-08-13,2330,N,VIIRS,h,2,298.7,17.21,N,0
38.53567,25.88309,303.5,0.32,0.55,2025-08-13,2330,N,VIIRS,n,2,292.07,8.76,N,0
38.54732,25.93925,303.95,0.32,0.55,2025-08-13,2330,N,VIIRS,n,2,292.47,1.0,N,0
38.55223,25.94218,318.03,0.32,0.55,2025-08-13,2330,N,VIIRS,n,2,293.13,1.0,N,0
38.55249,25.9383,313.97,0.32,0.55,2025-08-13,2330,N,VIIRS,n,2,293.21,1.0,N,0
38.55575,25.96592,306.62,0.32,0.55,2025-08-13,2330,N,VIIRS,n,2,293.15,1.93,N,0
38.55622,25.95883,342.25,0.32,0.55,2025-08-13,2330,N,VIIRS,n,2,294.37,1.84,N,0
38.55647,25.95523,308.45,0.32,0.55,2025-08-13,2330,N,VIIRS,n,2,292.92,1.84,N,0
38.55677,25.95079,306.44,0.32,0.55,2025-08-13,2330,N,VIIRS,n,2,292.69,2.57,N,0
38.55708,25.9461,335.06,0.32,0.55,2025-08-13,2330,N,VIIRS,n,2,294.14,2.57,N,0
38.55737,25.94182,367.0,0.32,0.55,2025-08-13,2330,N,VIIRS,h,2,295.92,4.93,N,0
38.55764,25.93787,315.79,0.32,0.55,2025-08-13,2330,N,VIIRS,n,2,292.52,4.93,N,0
38.56155,25.95566,314.34,0.32,0.55,2025-08-13,2330,N,VIIRS,n,2,293.26,1.84,N,0
38.73421,26.94511,307.39,0.57,0.52,2025-08-13,2330,N,VIIRS,n,2,294.82,1.89,N,2
38.7355,26.94595,317.41,0.57,0.52,2025-08-13,2330,N,VIIRS,n,2,295.76,4.21,N,2
38.73904,26.94553,313.05,0.57,0.52,2025-08-13,2330,N,VIIRS,n,2,295.89,1.89,N,2
38.74384,26.94624,308.94,0.57,0.52,2025-08-13,2330,N,VIIRS,n,2,294.1,1.68,N,2
38.74511,26.9472,307.97,0.57,0.52,2025-08-13,2330,N,VIIRS,n,2,294.14,1.97,N,2
38.75097,26.9344,304.66,0.57,0.52,2025-08-13,2330,N,VIIRS,n,2,293.72,1.6,N,0
38.78959,26.91867,313.42,0.57,0.52,2025-08-13,2330,N,VIIRS,n,2,294.22,2.97,N,0
38.79011,26.91161,306.38,0.57,0.52,2025-08-13,2330,N,VIIRS,n,2,292.71,2.36,N,3
41.02124,28.55405,304.05,0.59,0.7,2025-08-14,109,N,VIIRS,n,2,290.28,0.98,N,2
41.02242,28.5537,302.63,0.59,0.7,2025-08-14,109,N,VIIRS,n,2,290.08,1.05,N,2
42.2304,26.03961,328.15,0.41,0.61,2025-08-14,109,N,VIIRS,n,2,287.25,1.99,N,0
42.23577,26.04207,303.08,0.41,0.61,2025-08-14,109,N,VIIRS,n,2,286.34,0.33,N,0
38.50227,25.98889,322.42,0.52,0.67,2025-08-14,110,N,VIIRS,n,2,291.8,4.52,N,0
38.50358,25.98448,324.22,0.52,0.67,2025-08-14,110,N,VIIRS,n,2,291.6,4.87,N,0
38.50703,25.99076,338.71,0.52,0.67,2025-08-14,110,N,VIIRS,n,2,293.59,5.56,N,0
38.50829,25.99116,332.6,0.52,0.67,2025-08-14,110,N,VIIRS,n,2,293.53,4.52,N,0
38.50844,25.98611,328.01,0.52,0.67,2025-08-14,110,N,VIIRS,n,2,293.03,5.56,N,0
38.50949,26.00483,305.28,0.52,0.67,2025-08-14,110,N,VIIRS,n,2,291.71,2.14,N,0
38.50967,25.98648,311.69,0.52,0.67,2025-08-14,110,N,VIIRS,n,2,292.49,4.87,N,0
38.51079,26.00526,305.91,0.52,0.67,2025-08-14,110,N,VIIRS,n,2,291.95,2.58,N,0
38.52418,26.00055,316.46,0.52,0.67,2025-08-14,110,N,VIIRS,n,2,291.73,4.15,N,0
38.52441,25.89154,308.96,0.52,0.66,2025-08-14,110,N,VIIRS,n,2,291.9,2.81,N,0
38.52544,26.00095,330.12,0.52,0.67,2025-08-14,110,N,VIIRS,n,2,291.73,2.81,N,0
38.52559,25.91007,305.28,0.52,0.67,2025-08-14,110,N,VIIRS,n,2,291.26,15.6,N,0
38.52627,25.88524,338.56,0.52,0.66,2025-08-14,110,N,VIIRS,n,2,293.1,4.61,N,0
38.52703,25.90517,367.0,0.52,0.67,2025-08-14,110,N,VIIRS,h,2,293.75,15.6,N,0
38.52767,25.88052,306.63,0.51,0.66,2025-08-14,110,N,VIIRS,n,2,291.85,4.61,N,0
38.52895,25.89867,352.34,0.52,0.67,2025-08-14,110,N,VIIRS,n,2,298.09,43.86,N,0
38.53046,26.00196,325.72,0.52,0.67,2025-08-14,110,N,VIIRS,n,2,291.62,3.16,N,0
38.53097,25.91149,307.65,0.52,0.67,2025-08-14,110,N,VIIRS,n,2,291.46,7.0,N,0
38.53106,25.89154,353.31,0.52,0.66,2025-08-14,110,N,VIIRS,n,2,291.9,43.86,N,0
38.53178,25.91162,307.07,0.52,0.67,2025-08-14,110,N,VIIRS,n,2,291.82,15.6,N,0
38.5318,26.00203,308.96,0.52,0.67,2025-08-14,110,N,VIIRS,n,2,291.33,2.81,N,0
38.53262,25.90601,352.94,0.52,0.67,2025-08-14,110,N,VIIRS,n,2,295.64,59.97,N,0
38.53342,25.90606,352.58,0.52,0.67,2025-08-14,110,N,VIIRS,n,2,296.19,15.6,N,0
38.5346,25.89946,353.27,0.52,0.66,2025-08-14,110,N,VIIRS,n,2,305.64,59.97,N,0
38.53535,25.89951,367.0,0.52,0.67,2025-08-14,110,N,VIIRS,h,2,303.6,43.86,N,0
38.53656,25.89295,367.0,0.52,0.66,2025-08-14,110,N,VIIRS,h,2,294.82,51.33,N,0
38.53725,25.89305,367.0,0.52,0.66,2025-08-14,110,N,VIIRS,h,2,293.79,43.86,N,0
38.54551,25.97413,311.88,0.52,0.67,2025-08-14,110,N,VIIRS,n,2,291.75,1.4,N,0
38.5465,25.97478,311.95,0.52,0.67,2025-08-14,110,N,VIIRS,n,2,291.65,1.97,N,0
38.54979,25.93764,316.46,0.52,0.67,2025-08-14,110,N,VIIRS,n,2,291.81,3.87,N,0
38.5505,25.93849,316.97,0.52,0.67,2025-08-14,110,N,VIIRS,n,2,291.87,2.18,N,0
38.55365,25.94701,315.69,0.52,0.67,2025-08-14,110,N,VIIRS,n,2,292.01,3.87,N,0
38.5545,25.94753,321.48,0.52,0.67,2025-08-14,110,N,VIIRS,n,2,292.22,7.84,N,0
38.55453,25.96632,303.36,0.52,0.67,2025-08-14,110,N,VIIRS,n,2,291.52,1.18,N,0
38.55504,25.94238,350.24,0.52,0.67,2025-08-14,110,N,VIIRS,n,2,293.07,3.87,N,0
38.55586,25.94293,350.62,0.52,0.67,2025-08-14,110,N,VIIRS,n,2,293.05,10.39,N,0
38.55639,25.96012,320.93,0.52,0.67,2025-08-14,110,N,VIIRS,n,2,291.85,3.7,N,0
38.5573,25.96069,322.26,0.52,0.67,2025-08-14,110,N,VIIRS,n,2,292.3,3.07,N,0
38.55947,25.94986,306.66,0.52,0.67,2025-08-14,110,N,VIIRS,n,2,291.56,1.38,N,0
38.73576,26.94908,306.64,0.57,0.69,2025-08-14,110,N,VIIRS,n,2,292.19,1.38,N,2
38.73769,26.94281,308.21,0.57,0.69,2025-08-14,110,N,VIIRS,n,2,292.73,1.38,N,2
38.74375,26.94581,304.84,0.57,0.69,2025-08-14,110,N,VIIRS,n,2,292.05,1.38,N,2
38.75364,26.93631,304.13,0.57,0.69,2025-08-14,110,N,VIIRS,n,2,291.53,0.75,N,0
38.78552,26.92318,308.38,0.57,0.69,2025-08-14,110,N,VIIRS,n,2,291.78,1.72,N,0
38.7878,26.92348,304.4,0.57,0.69,2025-08-14,110,N,VIIRS,n,2,291.84,1.95,N,0
35.52414,44.34281,350.39,0.5,0.66,2025-08-14,910,N,VIIRS,n,2,314.16,12.24,D,2
35.52997,44.34044,367.0,0.5,0.66,2025-08-14,910,N,VIIRS,h,2,314.72,8.72,D,2
35.53583,44.33816,344.72,0.5,0.66,2025-08-14,910,N,VIIRS,n,2,313.74,8.72,D,2
35.62713,44.01067,367.0,0.52,0.66,2025-08-14,910,N,VIIRS,h,2,330.48,41.25,D,2
35.62714,44.00765,353.76,0.52,0.67,2025-08-14,910,N,VIIRS,n,2,324.41,19.33,D,2
35.6287,44.01324,367.0,0.52,0.66,2025-08-14,910,N,VIIRS,h,2,325.6,19.33,D,2
35.6606,43.96593,367.0,0.52,0.67,2025-08-14,910,N,VIIRS,h,2,326.37,24.7,D,2
35.6813,43.8755,348.49,0.52,0.67,2025-08-14,910,N,VIIRS,n,2,317.7,25.65,D,2
35.68166,43.87854,367.0,0.52,0.67,2025-08-14,910,N,VIIRS,h,2,321.27,36.48,D,2
35.6829,43.88116,367.0,0.52,0.67,2025-08-14,910,N,VIIRS,h,2,319.71,25.65,D,2
35.686,43.87056,345.34,0.52,0.67,2025-08-14,910,N,VIIRS,n,2,317.25,35.23,D,2
35.68727,43.87313,356.47,0.52,0.67,2025-08-14,910,N,VIIRS,n,2,317.3,20.5,D,2
35.68762,43.87618,367.0,0.52,0.67,2025-08-14,910,N,VIIRS,h,2,318.39,36.48,D,2
35.68885,43.87874,367.0,0.52,0.67,2025-08-14,910,N,VIIRS,h,2,317.52,20.5,D,2
35.72127,44.04066,354.98,0.51,0.66,2025-08-14,910,N,VIIRS,n,2,320.78,9.1,D,2
35.72253,44.04319,367.0,0.51,0.66,2025-08-14,910,N,VIIRS,h,2,321.16,17.47,D,2
35.72723,44.03848,350.43,0.51,0.66,2025-08-14,910,N,VIIRS,n,2,319.09,9.1,D,2
36.77483,43.32728,367.0,0.52,0.67,2025-08-14,910,N,VIIRS,h,2,315.43,9.94,D,2
36.7751,43.32361,353.36,0.52,0.67,2025-08-14,910,N,VIIRS,n,2,315.4,10.36,D,2
36.90442,43.38507,348.91,0.51,0.66,2025-08-14,910,N,VIIRS,n,2,308.79,5.69,D,2
36.90503,43.38817,348.81,0.52,0.66,2025-08-14,910,N,VIIRS,n,2,309.72,5.25,D,2
36.94451,43.45504,341.5,0.51,0.66,2025-08-14,910,N,VIIRS,n,2,309.5,5.43,D,0
40.15813,44.25077,335.71,0.38,0.59,2025-08-14,911,N,VIIRS,n,2,306.45,2.09,D,0
40.70522,43.85038,345.48,0.38,0.59,2025-08-14,911,N,VIIRS,n,2,316.67,6.15,D,0
42.0266,44.02705,332.08,0.35,0.56,2025-08-14,911,N,VIIRS,n,2,301.9,2.68,D,0
42.02769,44.02713,333.83,0.35,0.56,2025-08-14,911,N,VIIRS,n,2,302.72,2.08,D,0
35.52724,44.34142,353.82,0.38,0.59,2025-08-14,1050,N,VIIRS,n,2,317.3,4.88,D,2
35.52749,44.34565,348.85,0.38,0.59,2025-08-14,1050,N,VIIRS,n,2,316.62,9.21,D,2
35.53246,44.33662,354.54,0.38,0.59,2025-08-14,1050,N,VIIRS,n,2,316.52,4.88,D,2
35.53272,44.34088,367.0,0.38,0.59,2025-08-14,1050,N,VIIRS,h,2,316.84,4.88,D,2
35.62849,44.01147,367.0,0.37,0.58,2025-08-14,1050,N,VIIRS,h,2,323.73,17.28,D,2
35.66539,43.96561,352.38,0.37,0.58,2025-08-14,1050,N,VIIRS,n,2,321.84,6.77,D,2
35.68676,43.87289,353.24,0.36,0.57,2025-08-14,1050,N,VIIRS,n,2,322.95,21.78,D,2
35.72414,44.03913,367.0,0.37,0.58,2025-08-14,1050,N,VIIRS,h,2,321.69,10.48,D,2
35.72439,44.04325,352.56,0.37,0.58,2025-08-14,1050,N,VIIRS,n,2,322.72,10.48,D,2
35.72577,36.15147,348.07,0.44,0.38,2025-08-14,1050,N,VIIRS,n,2,315.32,6.04,D,0
35.72927,44.03432,348.91,0.37,0.58,2025-08-14,1050,N,VIIRS,n,2,322.24,16.84,D,2
35.77034,43.99661,355.35,0.37,0.58,2025-08-14,1050,N,VIIRS,n,2,324.51,5.22,D,2
35.77247,43.99678,357.64,0.37,0.58,2025-08-14,1050,N,VIIRS,n,2,323.59,6.11,D,2
35.89861,35.95826,367.0,0.44,0.38,2025-08-14,1050,N,VIIRS,h,2,351.4,185.6,D,0
35.89922,35.96306,367.0,0.44,0.38,2025-08-14,1050,N,VIIRS,h,2,334.59,80.46,D,0
36.25097,33.72061,346.68,0.39,0.36,2025-08-14,1050,N,VIIRS,n,2,311.33,5.78,D,0
36.27937,33.72751,342.82,0.39,0.36,2025-08-14,1050,N,VIIRS,n,2,312.68,3.36,D,0
36.29605,33.701,345.62,0.39,0.36,2025-08-14,1050,N,VIIRS,n,2,310.88,3.52,D,0
36.29893,33.76803,342.98,0.39,0.36,2025-08-14,1050,N,VIIRS,n,2,311.38,3.71,D,0
36.30413,33.78027,346.0,0.39,0.36,2025-08-14,1050,N,VIIRS,n,2,315.45,5.22,D,0
36.33018,33.84197,352.24,0.39,0.36,2025-08-14,1050,N,VIIRS,n,2,317.44,11.12,D,0
36.33187,33.84256,351.01,0.39,0.36,2025-08-14,1050,N,VIIRS,n,2,320.16,10.84,D,0
36.33395,33.83311,342.07,0.39,0.36,2025-08-14,1050,N,VIIRS,n,2,311.89,13.02,D,0
36.33458,33.83748,367.0,0.39,0.36,2025-08-14,1050,N,VIIRS,h,2,316.95,13.02,D,0
36.33519,33.84182,339.78,0.39,0.36,2025-08-14,1050,N,VIIRS,n,2,312.31,10.84,D,0
36.3379,33.83674,355.47,0.39,0.36,2025-08-14,1050,N,VIIRS,n,2,315.14,6.09,D,0
36.33852,33.84111,346.33,0.39,0.36,2025-08-14,1050,N,VIIRS,n,2,314.39,5.05,D,0
36.34932,33.82047,351.81,0.39,0.36,2025-08-14,1050,N,VIIRS,n,2,318.64,23.65,D,0
36.34994,33.82484,353.17,0.39,0.36,2025-08-14,1050,N,VIIRS,n,2,319.62,23.65,D,0
36.77395,35.06249,349.5,0.42,0.37,2025-08-14,1050,N,VIIRS,n,2,316.05,5.69,D,0
36.777,43.32389,367.0,0.35,0.56,2025-08-14,1050,N,VIIRS,h,2,318.94,8.05,D,2
36.77705,43.32201,344.63,0.34,0.56,2025-08-14,1050,N,VIIRS,n,2,317.24,6.2,D,2
36.77729,43.32561,348.09,0.34,0.56,2025-08-14,1050,N,VIIRS,n,2,316.33,7.72,D,2
36.90715,43.39185,367.0,0.35,0.57,2025-08-14,1050,N,VIIRS,h,2,313.82,5.24,D,2
36.93745,43.4527,367.0,0.35,0.57,2025-08-14,1050,N,VIIRS,h,2,321.82,8.23,D,0
36.93767,43.45625,355.94,0.35,0.57,2025-08-14,1050,N,VIIRS,n,2,320.57,8.23,D,0
36.93789,43.45977,354.42,0.35,0.57,2025-08-14,1050,N,VIIRS,n,2,319.27,12.66,D,0
36.94287,43.45437,348.56,0.35,0.57,2025-08-14,1050,N,VIIRS,n,2,319.21,8.41,D,0
36.94311,43.4581,354.42,0.35,0.57,2025-08-14,1050,N,VIIRS,n,2,318.96,5.29,D,0
36.97192,35.17116,349.27,0.42,0.38,2025-08-14,1051,N,VIIRS,n,2,319.26,8.47,D,0
37.51396,35.50912,348.66,0.44,0.38,2025-08-14,1051,N,VIIRS,n,2,318.33,16.68,D,0
37.51741,35.50798,350.56,0.44,0.38,2025-08-14,1051,N,VIIRS,n,2,317.9,15.88,D,0
38.53299,25.90904,348.42,0.56,0.43,2025-08-14,1051,N,VIIRS,n,2,317.28,43.17,D,0
38.53834,25.89972,341.37,0.56,0.43,2025-08-14,1051,N,VIIRS,n,2,311.03,49.08,D,0
38.5409,25.90732,350.8,0.56,0.43,2025-08-14,1051,N,VIIRS,n,2,315.76,37.69,D,0
38.54106,25.91257,337.65,0.56,0.43,2025-08-14,1051,N,VIIRS,n,2,306.89,64.83,D,0
38.5423,25.8989,349.39,0.56,0.43,2025-08-14,1051,N,VIIRS,n,2,315.99,49.08,D,0
38.54353,25.90008,348.81,0.56,0.43,2025-08-14,1051,N,VIIRS,n,2,310.57,168.61,D,0
38.54501,25.91167,337.04,0.56,0.43,2025-08-14,1051,N,VIIRS,n,2,304.33,64.83,D,0
38.54624,25.89794,337.85,0.56,0.43,2025-08-14,1051,N,VIIRS,n,2,307.84,67.57,D,0
38.54992,25.89092,348.55,0.56,0.43,2025-08-14,1051,N,VIIRS,n,2,302.46,16.72,D,0
38.55007,25.89649,337.06,0.56,0.43,2025-08-14,1051,N,VIIRS,n,2,304.05,67.57,D,0
38.55634,25.96546,346.6,0.56,0.43,2025-08-14,1051,N,VIIRS,n,2,301.11,9.5,D,0
38.5602,25.96422,347.61,0.56,0.43,2025-08-14,1051,N,VIIRS,n,2,303.87,8.51,D,0
38.56277,25.95683,343.97,0.56,0.43,2025-08-14,1051,N,VIIRS,n,2,303.77,9.13,D,0
38.56368,25.95803,349.7,0.56,0.43,2025-08-14,1051,N,VIIRS,n,2,304.05,8.71,D,0
38.56408,25.96304,332.05,0.56,0.43,2025-08-14,1051,N,VIIRS,n,2,299.39,8.51,D,0
38.58876,36.98954,352.88,0.51,0.41,2025-08-14,1051,N,VIIRS,n,2,324.25,20.46,D,0
39.59042,35.58553,348.29,0.46,0.39,2025-08-14,1051,N,VIIRS,n,2,319.9,7.3,D,0
39.59401,35.58481,347.85,0.46,0.39,2025-08-14,1051,N,VIIRS,n,2,318.98,7.3,D,0
40.70415,43.85651,348.89,0.4,0.6,2025-08-14,1051,N,VIIRS,n,2,317.96,9.04,D,0
40.73906,43.88436,367.0,0.4,0.6,2025-08-14,1051,N,VIIRS,h,2,313.29,8.35,D,0
40.74466,43.88398,367.0,0.4,0.6,2025-08-14,1051,N,VIIRS,h,2,310.44,8.35,D,0
41.28956,26.68542,355.09,0.47,0.39,2025-08-14,1052,N,VIIRS,n,2,299.67,20.24,D,0
41.2906,26.69081,341.34,0.47,0.39,2025-08-14,1052,N,VIIRS,n,2,296.59,20.24,D,0
41.51947,27.87095,334.4,0.43,0.38,2025-08-14,1052,N,VIIRS,n,2,301.99,2.12,D,0
41.85738,25.55426,349.56,0.5,0.41,2025-08-14,1052,N,VIIRS,n,2,311.69,9.83,D,0
42.12435,43.01127,312.84,0.39,0.36,2025-08-14,2309,N,VIIRS,n,2,289.28,1.36,N,2
38.4554,38.72574,311.79,0.41,0.37,2025-08-14,2310,N,VIIRS,n,2,295.66,1.24,N,2
38.6509,39.76987,323.15,0.39,0.36,2025-08-14,2310,N,VIIRS,n,2,292.25,2.15,N,2
38.66375,39.23558,306.9,0.4,0.37,2025-08-14,2310,N,VIIRS,n,2,294.04,0.7,N,2
38.85742,35.76641,298.83,0.53,0.42,2025-08-14,2310,N,VIIRS,n,2,287.67,1.2,N,2
39.58465,43.89992,300.21,0.41,0.37,2025-08-14,2310,N,VIIRS,n,2,286.38,0.47,N,0
39.59602,32.42154,301.45,0.53,0.5,2025-08-14,2310,N,VIIRS,n,2,291.2,0.96,N,2
39.72466,36.93769,300.92,0.49,0.4,2025-08-14,2310,N,VIIRS,n,2,286.55,1.16,N,2
39.83784,30.29965,307.66,0.35,0.56,2025-08-14,2310,N,VIIRS,n,2,290.98,0.98,N,2
39.94484,33.19355,305.13,0.49,0.48,2025-08-14,2310,N,VIIRS,n,2,290.71,1.56,N,2
40.0487,32.64739,302.15,0.52,0.5,2025-08-14,2310,N,VIIRS,n,2,290.9,0.74,N,0
40.18727,29.22565,300.79,0.4,0.6,2025-08-14,2310,N,VIIRS,n,2,289.91,0.58,N,0
40.24372,29.92505,304.78,0.37,0.58,2025-08-14,2310,N,VIIRS,n,2,289.1,0.85,N,2
40.26114,30.04119,301.56,0.36,0.57,2025-08-14,2310,N,VIIRS,n,2,290.09,0.57,N,2
40.41243,39.65685,299.72,0.4,0.37,2025-08-14,2310,N,VIIRS,n,2,285.26,0.62,N,2
40.57551,43.00917,299.22,0.39,0.36,2025-08-14,2310,N,VIIRS,n,2,282.0,0.85,N,2
40.73385,43.87637,328.24,0.4,0.37,2025-08-14,2310,N,VIIRS,n,2,286.25,2.59,N,0
40.76368,32.21789,304.7,0.56,0.52,2025-08-14,2310,N,VIIRS,n,2,286.87,1.35,N,2
40.93628,35.88747,297.27,0.55,0.43,2025-08-14,2310,N,VIIRS,n,2,285.22,0.43,N,2
41.17551,32.63376,313.81,0.54,0.51,2025-08-14,2310,N,VIIRS,n,2,294.59,2.3,N,2
41.23948,36.46495,304.74,0.53,0.42,2025-08-14,2310,N,VIIRS,n,2,290.09,1.07,N,2
41.24332,36.46567,337.69,0.53,0.42,2025-08-14,2310,N,VIIRS,n,2,294.26,7.21,N,2
41.26255,31.43118,306.86,0.62,0.54,2025-08-14,2310,N,VIIRS,n,2,291.09,1.7,N,2
41.26304,31.42351,301.29,0.62,0.54,2025-08-14,2310,N,VIIRS,n,2,290.42,2.51,N,2
35.52666,44.34598,331.06,0.47,0.4,2025-08-14,2311,N,VIIRS,n,2,300.8,3.83,N,2
35.52765,44.34089,335.93,0.47,0.4,2025-08-14,2311,N,VIIRS,n,2,301.68,3.83,N,2
35.53124,44.3419,327.61,0.47,0.4,2025-08-14,2311,N,VIIRS,n,2,302.2,5.19,N,2
35.53222,44.33681,338.21,0.47,0.4,2025-08-14,2311,N,VIIRS,n,2,301.88,5.2,N,2
35.53581,44.3378,331.33,0.47,0.4,2025-08-14,2311,N,VIIRS,n,2,301.61,5.2,N,2
35.54946,36.11161,332.67,0.47,0.4,2025-08-14,2311,N,VIIRS,n,2,298.11,4.63,N,0
35.55313,36.11209,336.78,0.47,0.4,2025-08-14,2311,N,VIIRS,n,2,298.95,5.28,N,0
35.57002,36.18334,305.58,0.47,0.4,2025-08-14,2311,N,VIIRS,n,2,295.29,0.96,N,0
35.5707,36.17768,329.26,0.47,0.4,2025-08-14,2311,N,VIIRS,n,2,297.69,6.2,N,0
35.57364,36.1842,305.28,0.47,0.4,2025-08-14,2311,N,VIIRS,n,2,294.94,0.96,N,0
35.57432,36.17858,346.7,0.47,0.4,2025-08-14,2311,N,VIIRS,n,2,300.08,6.2,N,0
35.62837,44.00873,340.09,0.46,0.39,2025-08-14,2311,N,VIIRS,n,2,313.42,28.94,N,2
35.66042,43.9674,314.25,0.45,0.39,2025-08-14,2311,N,VIIRS,n,2,302.11,5.4,N,2
35.66137,43.96246,332.21,0.45,0.39,2025-08-14,2311,N,VIIRS,n,2,305.08,5.4,N,2
35.66491,43.96344,332.07,0.45,0.39,2025-08-14,2311,N,VIIRS,n,2,304.56,5.4,N,2
35.67874,44.06691,317.89,0.46,0.39,2025-08-14,2311,N,VIIRS,n,2,302.05,1.9,N,2
35.68435,43.88078,311.39,0.45,0.39,2025-08-14,2311,N,VIIRS,n,2,301.01,38.08,N,2
35.68528,43.87586,332.89,0.45,0.39,2025-08-14,2311,N,VIIRS,n,2,319.33,38.08,N,2
35.72434,44.04282,330.14,0.46,0.39,2025-08-14,2311,N,VIIRS,n,2,305.33,5.05,N,2
35.72527,44.03785,322.53,0.46,0.39,2025-08-14,2311,N,VIIRS,n,2,303.74,5.2,N,2
35.72975,44.03386,335.92,0.46,0.39,2025-08-14,2311,N,VIIRS,n,2,304.22,3.78,N,2
35.77185,43.99594,343.0,0.45,0.39,2025-08-14,2311,N,VIIRS,n,2,304.2,6.73,N,2
35.88599,35.96754,351.3,0.48,0.4,2025-08-14,2311,N,VIIRS,n,2,301.07,11.54,N,0
35.88668,35.9619,348.57,0.48,0.4,2025-08-14,2311,N,VIIRS,n,2,299.08,11.54,N,0
35.8884,35.97877,342.56,0.48,0.4,2025-08-14,2311,N,VIIRS,n,2,298.79,8.29,N,0
35.89105,35.95698,355.18,0.48,0.4,2025-08-14,2311,N,VIIRS,n,2,303.29,14.56,N,0
35.89331,36.00033,304.43,0.48,0.4,2025-08-14,2311,N,VIIRS,n,2,293.66,1.49,N,0
35.89471,35.9579,318.87,0.48,0.4,2025-08-14,2311,N,VIIRS,n,2,299.33,8.75,N,0
35.89537,35.95256,339.6,0.49,0.4,2025-08-14,2311,N,VIIRS,n,2,299.09,8.75,N,0
35.897,36.00096,313.37,0.48,0.4,2025-08-14,2311,N,VIIRS,n,2,294.61,2.76,N,0
35.89836,35.95899,310.4,0.48,0.4,2025-08-14,2311,N,VIIRS,n,2,296.81,8.75,N,0
35.8985,36.0023,307.61,0.48,0.4,2025-08-14,2311,N,VIIRS,n,2,294.42,1.96,N,0
35.89899,35.95374,344.74,0.49,0.4,2025-08-14,2311,N,VIIRS,n,2,304.92,8.75,N,0
35.89964,35.94849,345.55,0.49,0.4,2025-08-14,2311,N,VIIRS,n,2,300.73,10.97,N,0
35.90212,35.97167,311.76,0.48,0.4,2025-08-14,2311,N,VIIRS,n,2,296.93,12.76,N,0
35.90263,35.9549,327.46,0.49,0.4,2025-08-14,2311,N,VIIRS,n,2,298.68,4.43,N,0
35.90321,35.98106,318.41,0.48,0.4,2025-08-14,2311,N,VIIRS,n,2,297.07,5.5,N,0
35.90382,35.97609,349.45,0.48,0.4,2025-08-14,2311,N,VIIRS,n,2,300.96,5.5,N,0
35.90393,35.95633,314.75,0.49,0.4,2025-08-14,2311,N,VIIRS,n,2,296.99,2.45,N,0
35.90436,36.00239,312.45,0.48,0.4,2025-08-14,2311,N,VIIRS,n,2,294.93,1.54,N,0
35.90441,35.97119,338.19,0.48,0.4,2025-08-14,2311,N,VIIRS,n,2,299.72,6.96,N,0
35.90463,35.98232,326.93,0.48,0.4,2025-08-14,2311,N,VIIRS,n,2,300.23,15.4,N,0
35.90501,35.99712,316.13,0.48,0.4,2025-08-14,2311,N,VIIRS,n,2,294.82,1.54,N,0
35.90522,35.97735,356.16,0.48,0.4,2025-08-14,2311,N,VIIRS,n,2,307.18,12.76,N,0
35.90565,35.99194,312.36,0.48,0.4,2025-08-14,2311,N,VIIRS,n,2,295.46,2.14,N,0
35.9058,35.97246,342.6,0.48,0.4,2025-08-14,2311,N,VIIRS,n,2,300.98,12.76,N,0
35.90586,36.00377,309.86,0.48,0.4,2025-08-14,2311,N,VIIRS,n,2,294.51,16.57,N,0
35.90627,35.98684,315.96,0.48,0.4,2025-08-14,2311,N,VIIRS,n,2,298.02,2.14,N,0
35.90649,35.99849,308.69,0.48,0.4,2025-08-14,2311,N,VIIRS,n,2,295.27,3.2,N,0
35.90689,35.98182,351.39,0.48,0.4,2025-08-14,2311,N,VIIRS,n,2,317.98,21.96,N,0
35.9071,35.99328,325.55,0.48,0.4,2025-08-14,2311,N,VIIRS,n,2,297.09,3.2,N,0
35.90749,35.97689,322.68,0.48,0.4,2025-08-14,2311,N,VIIRS,n,2,299.1,21.96,N,0
35.90771,35.98817,325.95,0.48,0.4,2025-08-14,2311,N,VIIRS,n,2,298.32,11.61,N,0
35.90804,36.00318,313.63,0.48,0.4,2025-08-14,2311,N,VIIRS,n,2,294.84,1.54,N,0
35.90831,35.98314,352.31,0.48,0.4,2025-08-14,2311,N,VIIRS,n,2,308.75,11.61,N,0
35.90868,35.99792,311.21,0.48,0.4,2025-08-14,2311,N,VIIRS,n,2,295.8,1.54,N,0
35.90889,35.97819,332.58,0.48,0.4,2025-08-14,2311,N,VIIRS,n,2,300.34,9.97,N,0
35.90932,35.99276,309.32,0.48,0.4,2025-08-14,2311,N,VIIRS,n,2,296.04,2.14,N,0
35.90953,36.00456,344.72,0.48,0.4,2025-08-14,2311,N,VIIRS,n,2,298.62,16.57,N,0
35.90994,35.98767,324.57,0.48,0.4,2025-08-14,2311,N,VIIRS,n,2,298.32,2.14,N,0
35.91016,35.99931,335.34,0.48,0.4,2025-08-14,2311,N,VIIRS,n,2,298.52,3.2,N,0
35.91055,35.98268,309.22,0.48,0.4,2025-08-14,2311,N,VIIRS,n,2,298.44,21.96,N,0
35.91077,35.99411,307.0,0.48,0.4,2025-08-14,2311,N,VIIRS,n,2,294.99,3.2,N,0
35.91321,36.00537,351.84,0.48,0.4,2025-08-14,2311,N,VIIRS,n,2,307.72,37.04,N,0
35.91383,36.00014,340.79,0.48,0.4,2025-08-14,2311,N,VIIRS,n,2,298.03,3.64,N,0
35.91445,35.99495,307.21,0.48,0.4,2025-08-14,2311,N,VIIRS,n,2,295.11,3.64,N,0
35.96958,43.76534,314.3,0.44,0.39,2025-08-14,2311,N,VIIRS,n,2,303.87,2.55,N,2
35.97215,43.77126,315.02,0.44,0.39,2025-08-14,2311,N,VIIRS,n,2,304.18,2.55,N,2
35.98002,43.76845,326.04,0.44,0.39,2025-08-14,2311,N,VIIRS,n,2,304.34,4.36,N,2
36.01788,43.68279,319.08,0.44,0.38,2025-08-14,2311,N,VIIRS,n,2,301.44,2.8,N,2
36.0834,43.64269,309.73,0.44,0.38,2025-08-14,2311,N,VIIRS,n,2,298.18,0.95,N,0
36.08643,36.11686,333.31,0.48,0.4,2025-08-14,2311,N,VIIRS,n,2,300.72,8.95,N,0
36.08944,36.12292,315.79,0.48,0.4,2025-08-14,2311,N,VIIRS,n,2,298.96,3.08,N,0
36.09995,43.63225,310.12,0.44,0.38,2025-08-14,2311,N,VIIRS,n,2,298.12,1.29,N,0
36.11319,32.75255,326.15,0.47,0.48,2025-08-14,2311,N,VIIRS,n,2,303.29,4.3,N,0
36.11367,32.74743,327.98,0.47,0.48,2025-08-14,2311,N,VIIRS,n,2,304.01,4.3,N,0
36.11813,32.74732,314.87,0.47,0.48,2025-08-14,2311,N,VIIRS,n,2,301.06,4.02,N,0
36.13095,40.80949,312.21,0.38,0.36,2025-08-14,2311,N,VIIRS,n,2,296.9,1.27,N,2
36.14342,40.81694,323.82,0.38,0.36,2025-08-14,2311,N,VIIRS,n,2,296.52,2.08,N,2
36.25735,33.7179,339.67,0.42,0.45,2025-08-14,2311,N,VIIRS,n,2,299.92,6.26,N,0
36.25801,33.72125,313.07,0.42,0.45,2025-08-14,2311,N,VIIRS,n,2,299.38,2.82,N,0
36.25847,33.71655,339.15,0.42,0.45,2025-08-14,2311,N,VIIRS,n,2,301.23,2.82,N,0
36.26153,33.71844,313.65,0.42,0.45,2025-08-14,2311,N,VIIRS,n,2,297.75,2.68,N,0
36.26175,33.72638,312.22,0.42,0.45,2025-08-14,2311,N,VIIRS,n,2,298.83,3.13,N,2
36.26265,33.71714,307.93,0.42,0.45,2025-08-14,2311,N,VIIRS,n,2,297.84,2.82,N,0
36.26475,33.7283,321.65,0.42,0.45,2025-08-14,2311,N,VIIRS,n,2,301.65,3.95,N,2
36.26546,33.73164,309.43,0.42,0.45,2025-08-14,2311,N,VIIRS,n,2,298.47,2.13,N,2
36.26616,33.71461,339.99,0.42,0.45,2025-08-14,2311,N,VIIRS,n,2,299.34,6.85,N,0
36.26724,33.71341,345.83,0.42,0.45,2025-08-14,2311,N,VIIRS,n,2,302.98,5.12,N,0
36.2714,33.71432,312.22,0.42,0.45,2025-08-14,2311,N,VIIRS,n,2,299.28,5.12,N,0
36.28212,33.69151,329.99,0.42,0.45,2025-08-14,2311,N,VIIRS,n,2,299.25,3.29,N,0
36.28762,33.76449,319.31,0.42,0.45,2025-08-14,2311,N,VIIRS,n,2,300.84,3.7,N,0
36.28999,33.69769,313.97,0.42,0.45,2025-08-14,2311,N,VIIRS,n,2,298.65,3.17,N,0
36.31858,33.70857,310.93,0.42,0.45,2025-08-14,2311,N,VIIRS,n,2,296.77,1.62,N,0
36.3251,33.81163,310.48,0.41,0.45,2025-08-14,2311,N,VIIRS,n,2,300.25,2.7,N,0
36.44314,42.92862,314.58,0.41,0.37,2025-08-14,2311,N,VIIRS,n,2,301.51,1.73,N,2
36.45873,41.28195,306.86,0.39,0.36,2025-08-14,2311,N,VIIRS,n,2,295.88,0.56,N,2
36.71717,36.19991,332.51,0.48,0.4,2025-08-14,2311,N,VIIRS,n,2,297.7,5.27,N,2
36.73061,36.21354,310.96,0.48,0.4,2025-08-14,2311,N,VIIRS,n,2,299.37,2.76,N,2
36.73128,36.20805,312.02,0.48,0.4,2025-08-14,2311,N,VIIRS,n,2,299.69,2.01,N,2
36.73265,36.20927,311.95,0.48,0.4,2025-08-14,2311,N,VIIRS,n,2,300.57,3.87,N,2
36.73497,36.20873,310.8,0.48,0.4,2025-08-14,2311,N,VIIRS,n,2,299.85,2.01,N,2
36.73865,36.20943,311.85,0.48,0.4,2025-08-14,2311,N,VIIRS,n,2,300.7,3.25,N,2
36.74004,36.21066,311.52,0.48,0.4,2025-08-14,2311,N,VIIRS,n,2,300.5,3.03,N,2
36.745,36.20044,316.96,0.48,0.4,2025-08-14,2311,N,VIIRS,n,2,297.93,3.25,N,2
36.7458,43.49722,313.24,0.43,0.38,2025-08-14,2311,N,VIIRS,n,2,302.57,3.87,N,2
36.77422,43.32225,320.37,0.42,0.38,2025-08-14,2311,N,VIIRS,n,2,299.16,5.49,N,2
36.77765,43.32307,333.66,0.42,0.38,2025-08-14,2311,N,VIIRS,n,2,307.08,5.49,N,2
36.86555,43.52127,308.49,0.43,0.38,2025-08-14,2311,N,VIIRS,n,2,297.57,1.63,N,0
36.86814,43.48745,321.14,0.42,0.38,2025-08-14,2311,N,VIIRS,n,2,299.39,3.4,N,2
36.87002,34.7649,310.34,0.56,0.43,2025-08-14,2311,N,VIIRS,n,2,299.06,3.49,N,2
36.90754,43.3893,335.05,0.42,0.38,2025-08-14,2311,N,VIIRS,n,2,298.65,5.46,N,2
36.91516,41.89726,317.29,0.39,0.36,2025-08-14,2311,N,VIIRS,n,2,295.69,1.09,N,2
36.93298,36.00045,309.58,0.5,0.41,2025-08-14,2311,N,VIIRS,n,2,297.82,1.81,N,2
36.93456,42.13003,315.09,0.39,0.37,2025-08-14,2311,N,VIIRS,n,2,295.57,1.14,N,2
36.93464,43.45747,306.08,0.42,0.38,2025-08-14,2311,N,VIIRS,n,2,295.37,0.99,N,0
36.93631,43.44827,304.22,0.42,0.38,2025-08-14,2311,N,VIIRS,n,2,293.44,0.31,N,0
36.93788,42.1309,321.02,0.39,0.37,2025-08-14,2311,N,VIIRS,n,2,299.65,1.93,N,2
36.93892,43.45362,306.11,0.42,0.38,2025-08-14,2311,N,VIIRS,n,2,296.09,2.06,N,0
36.94112,42.17305,330.2,0.4,0.37,2025-08-14,2311,N,VIIRS,n,2,299.43,1.73,N,2
36.94783,42.13353,323.12,0.39,0.37,2025-08-14,2311,N,VIIRS,n,2,299.69,2.98,N,2
36.96321,43.29849,339.83,0.42,0.38,2025-08-14,2311,N,VIIRS,n,2,299.83,3.65,N,0
36.96334,42.08282,318.29,0.39,0.36,2025-08-14,2311,N,VIIRS,n,2,296.04,1.6,N,2
36.96404,43.29391,322.0,0.42,0.38,2025-08-14,2311,N,VIIRS,n,2,299.02,3.65,N,0
36.96664,43.29927,308.69,0.42,0.38,2025-08-14,2311,N,VIIRS,n,2,297.98,1.32,N,0
36.96746,43.29468,309.75,0.42,0.38,2025-08-14,2311,N,VIIRS,n,2,298.1,1.32,N,0
36.97088,43.29548,313.28,0.42,0.38,2025-08-14,2311,N,VIIRS,n,2,298.01,1.32,N,0
36.97345,43.30105,310.1,0.42,0.38,2025-08-14,2311,N,VIIRS,n,2,296.99,2.2,N,0
36.97428,43.29642,329.63,0.42,0.38,2025-08-14,2311,N,VIIRS,n,2,298.67,2.2,N,0
36.97511,43.29177,308.56,0.42,0.38,2025-08-14,2311,N,VIIRS,n,2,296.68,1.65,N,0
36.97601,43.29895,313.18,0.42,0.38,2025-08-14,2311,N,VIIRS,n,2,296.47,0.98,N,0
36.97687,43.29425,308.57,0.42,0.38,2025-08-14,2311,N,VIIRS,n,2,295.95,0.98,N,0
36.99866,41.56218,314.04,0.39,0.36,2025-08-14,2311,N,VIIRS,n,2,299.11,1.09,N,2
37.01228,41.58363,312.68,0.39,0.36,2025-08-14,2311,N,VIIRS,n,2,298.75,1.58,N,2
37.20334,40.54208,333.5,0.38,0.36,2025-08-14,2311,N,VIIRS,n,2,303.33,4.17,N,0
37.27632,38.72887,306.88,0.4,0.37,2025-08-14,2311,N,VIIRS,n,2,294.87,1.21,N,2
37.29275,37.1553,307.02,0.45,0.39,2025-08-14,2311,N,VIIRS,n,2,296.64,1.56,N,2
37.29631,37.15601,313.17,0.45,0.39,2025-08-14,2311,N,VIIRS,n,2,296.98,1.56,N,2
37.33875,40.80394,322.96,0.38,0.36,2025-08-14,2311,N,VIIRS,n,2,301.41,2.37,N,2
37.71123,37.84101,332.93,0.43,0.38,2025-08-14,2311,N,VIIRS,n,2,294.26,3.84,N,0
37.71472,37.84168,336.22,0.43,0.38,2025-08-14,2311,N,VIIRS,n,2,295.87,6.02,N,0
37.71502,37.84444,311.85,0.43,0.38,2025-08-14,2311,N,VIIRS,n,2,294.38,0.68,N,0
37.71563,37.83973,304.57,0.43,0.38,2025-08-14,2311,N,VIIRS,n,2,293.5,0.68,N,0
37.75164,38.87109,313.33,0.4,0.37,2025-08-14,2311,N,VIIRS,n,2,296.68,1.77,N,0
37.86387,29.37171,309.64,0.37,0.58,2025-08-14,2311,N,VIIRS,n,2,293.83,1.08,N,2
38.38198,30.773,308.01,0.63,0.54,2025-08-14,2311,N,VIIRS,n,2,293.32,2.66,N,0
38.38707,30.77301,325.62,0.63,0.54,2025-08-14,2311,N,VIIRS,n,2,298.25,6.88,N,0
38.40623,30.78984,303.67,0.63,0.54,2025-08-14,2311,N,VIIRS,n,2,293.41,1.37,N,0
38.4253,27.21382,305.81,0.49,0.65,2025-08-14,2311,N,VIIRS,n,2,293.99,1.51,N,2
38.56054,25.96378,309.4,0.58,0.7,2025-08-14,2311,N,VIIRS,n,2,290.85,1.19,N,0
38.56164,25.96581,306.79,0.58,0.7,2025-08-14,2311,N,VIIRS,n,2,290.9,2.26,N,0
38.73361,26.94699,307.25,0.51,0.66,2025-08-14,2311,N,VIIRS,n,2,293.2,1.86,N,0
38.73586,26.94812,311.56,0.51,0.66,2025-08-14,2311,N,VIIRS,n,2,293.82,2.02,N,2
38.73609,26.94218,308.5,0.51,0.66,2025-08-14,2311,N,VIIRS,n,2,294.53,2.76,N,2
38.73984,26.94702,305.59,0.51,0.66,2025-08-14,2311,N,VIIRS,n,2,294.89,1.86,N,2
38.75267,26.93555,311.14,0.51,0.66,2025-08-14,2311,N,VIIRS,n,2,293.03,1.68,N,0
40.75783,29.76168,303.79,0.4,0.6,2025-08-15,50,N,VIIRS,n,2,289.37,2.81,N,2
41.17221,32.62937,299.53,0.54,0.68,2025-08-15,50,N,VIIRS,n,2,289.5,0.8,N,0
41.17361,32.63131,303.52,0.54,0.68,2025-08-15,50,N,VIIRS,n,2,290.31,1.23,N,2
41.17791,32.6331,301.41,0.54,0.68,2025-08-15,50,N,VIIRS,n,2,291.15,1.54,N,2
41.2662,31.42181,310.94,0.47,0.64,2025-08-15,50,N,VIIRS,n,2,290.37,2.95,N,2
36.11034,32.7478,311.07,0.77,0.77,2025-08-15,51,N,VIIRS,n,2,299.6,5.23,N,0
37.63821,31.92436,301.74,0.63,0.72,2025-08-15,51,N,VIIRS,n,2,287.73,1.03,N,0
37.64056,31.9169,303.76,0.63,0.72,2025-08-15,51,N,VIIRS,n,2,288.01,2.04,N,0
37.64293,31.91992,302.75,0.63,0.72,2025-08-15,51,N,VIIRS,n,2,288.06,2.06,N,0
38.38203,30.76783,310.82,0.53,0.67,2025-08-15,51,N,VIIRS,n,2,289.73,2.19,N,0
38.38784,30.77087,314.92,0.53,0.67,2025-08-15,51,N,VIIRS,n,2,293.57,2.19,N,0
38.424,27.21555,306.35,0.35,0.57,2025-08-15,51,N,VIIRS,n,2,293.7,0.64,N,2
38.65876,30.61937,304.02,0.51,0.66,2025-08-15,51,N,VIIRS,n,2,290.93,1.27,N,2
38.73309,26.94352,306.53,0.33,0.55,2025-08-15,51,N,VIIRS,n,2,293.78,1.16,N,0
38.73499,26.94931,304.06,0.33,0.55,2025-08-15,51,N,VIIRS,n,2,293.42,1.3,N,2
38.73594,26.94569,321.08,0.33,0.55,2025-08-15,51,N,VIIRS,n,2,296.79,1.3,N,2
38.7496,26.93508,317.16,0.33,0.55,2025-08-15,51,N,VIIRS,n,2,293.86,1.05,N,0
39.09011,27.513,303.53,0.35,0.56,2025-08-15,51,N,VIIRS,n,2,290.3,0.77,N,0
35.5005,36.22835,367.0,0.39,0.37,2025-08-15,1031,N,VIIRS,h,2,329.19,25.32,D,0
35.50116,36.23241,367.0,0.39,0.37,2025-08-15,1031,N,VIIRS,h,2,326.29,25.32,D,0
35.50185,36.21549,367.0,0.4,0.37,2025-08-15,1031,N,VIIRS,h,2,370.06,69.54,D,0
35.5025,36.21947,367.0,0.39,0.37,2025-08-15,1031,N,VIIRS,h,2,351.06,49.18,D,0
35.50916,36.21787,342.69,0.39,0.37,2025-08-15,1031,N,VIIRS,n,2,313.64,279.63,D,0
35.52843,44.3424,367.0,0.42,0.45,2025-08-15,1031,N,VIIRS,h,2,325.73,8.64,D,2
35.55317,36.1072,343.5,0.4,0.37,2025-08-15,1031,N,VIIRS,n,2,312.93,3.48,D,0
35.57207,36.17963,350.74,0.4,0.37,2025-08-15,1031,N,VIIRS,n,2,319.95,7.5,D,0
35.57541,36.17885,367.0,0.4,0.37,2025-08-15,1031,N,VIIRS,h,2,335.97,78.01,D,0
35.57615,36.18331,367.0,0.4,0.37,2025-08-15,1031,N,VIIRS,h,2,341.18,79.35,D,0
35.77203,43.99605,367.0,0.4,0.44,2025-08-15,1031,N,VIIRS,h,2,322.6,5.76,D,2
35.88383,35.96504,349.55,0.4,0.37,2025-08-15,1031,N,VIIRS,n,2,313.73,6.91,D,0
35.88457,35.96949,350.22,0.4,0.37,2025-08-15,1031,N,VIIRS,n,2,320.05,6.91,D,0
35.88469,35.96137,346.19,0.4,0.37,2025-08-15,1031,N,VIIRS,n,2,313.18,4.62,D,0
35.88546,35.96586,348.47,0.4,0.37,2025-08-15,1031,N,VIIRS,n,2,317.2,9.36,D,0
35.88728,35.95605,345.52,0.4,0.37,2025-08-15,1031,N,VIIRS,n,2,315.45,4.62,D,0
36.90612,43.3907,348.66,0.39,0.44,2025-08-15,1031,N,VIIRS,n,2,318.62,6.81,D,2
36.92323,43.35775,353.0,0.39,0.44,2025-08-15,1031,N,VIIRS,n,2,322.73,31.32,D,0
37.74852,37.9145,354.72,0.39,0.36,2025-08-15,1032,N,VIIRS,n,2,328.39,13.27,D,0
37.74915,37.9189,367.0,0.39,0.36,2025-08-15,1032,N,VIIRS,h,2,330.44,19.2,D,0
37.75183,37.91375,367.0,0.39,0.36,2025-08-15,1032,N,VIIRS,h,2,330.66,21.27,D,0
37.75247,37.91816,367.0,0.39,0.36,2025-08-15,1032,N,VIIRS,h,2,332.33,10.09,D,0
37.7531,37.92255,367.0,0.39,0.36,2025-08-15,1032,N,VIIRS,h,2,327.1,10.09,D,0
37.7545,37.90862,355.2,0.39,0.36,2025-08-15,1032,N,VIIRS,n,2,326.91,21.27,D,0
38.12726,34.52408,339.18,0.41,0.37,2025-08-15,1032,N,VIIRS,n,2,312.9,1.88,D,0
38.20466,36.57271,348.7,0.38,0.36,2025-08-15,1032,N,VIIRS,n,2,321.36,7.38,D,0
38.20795,36.57189,348.74,0.38,0.36,2025-08-15,1032,N,VIIRS,n,2,317.52,5.29,D,0
38.36042,40.54135,367.0,0.45,0.39,2025-08-15,1032,N,VIIRS,h,2,356.66,62.54,D,0
38.36401,40.54077,367.0,0.45,0.39,2025-08-15,1032,N,VIIRS,h,2,338.59,62.54,D,0
38.84708,29.92307,346.36,0.4,0.44,2025-08-15,1032,N,VIIRS,n,2,315.1,4.36,D,0
39.25228,40.25113,356.51,0.45,0.39,2025-08-15,1032,N,VIIRS,n,2,329.14,40.78,D,0
39.3912,44.17577,346.62,0.45,0.47,2025-08-15,1032,N,VIIRS,n,2,312.63,5.12,D,0
39.4003,40.404,348.63,0.46,0.39,2025-08-15,1032,N,VIIRS,n,2,313.15,4.96,D,0
38.54564,25.90416,355.37,0.32,0.55,2025-08-15,1033,N,VIIRS,n,2,306.46,3.98,D,0
40.51185,29.5298,339.92,0.38,0.44,2025-08-15,1033,N,VIIRS,n,2,311.19,80.4,D,0
40.51277,29.53406,335.97,0.38,0.44,2025-08-15,1033,N,VIIRS,n,2,302.88,34.79,D,0
40.51677,29.53312,367.0,0.38,0.44,2025-08-15,1033,N,VIIRS,h,2,309.93,34.79,D,0
40.63607,29.63004,340.85,0.57,0.43,2025-08-15,1033,N,VIIRS,n,2,313.32,222.55,D,0
40.6399,29.62838,367.0,0.57,0.43,2025-08-15,1033,N,VIIRS,h,2,336.25,222.55,D,0
40.64132,29.63501,367.0,0.57,0.43,2025-08-15,1033,N,VIIRS,h,2,347.79,222.55,D,0
40.64368,29.62653,339.43,0.57,0.43,2025-08-15,1033,N,VIIRS,n,2,306.82,54.48,D,0
40.6451,29.63319,346.57,0.57,0.43,2025-08-15,1033,N,VIIRS,n,2,317.73,54.48,D,0
40.64901,29.63196,338.66,0.57,0.43,2025-08-15,1033,N,VIIRS,n,2,303.03,54.48,D,0
40.88363,26.39144,342.83,0.53,0.5,2025-08-15,1033,N,VIIRS,n,2,302.53,7.21,D,0
40.88591,26.39251,343.33,0.53,0.5,2025-08-15,1033,N,VIIRS,n,2,302.7,5.41,D,0
41.07557,28.04464,338.23,0.44,0.46,2025-08-15,1033,N,VIIRS,n,2,302.12,8.88,D,0
41.07673,28.04974,352.73,0.44,0.46,2025-08-15,1033,N,VIIRS,n,2,309.96,39.55,D,0
41.08088,28.0482,345.54,0.44,0.46,2025-08-15,1033,N,VIIRS,n,2,303.29,9.87,D,0
41.08436,28.06352,343.9,0.44,0.46,2025-08-15,1033,N,VIIRS,n,2,304.06,7.56,D,0
41.08554,28.0687,339.93,0.44,0.46,2025-08-15,1033,N,VIIRS,n,2,302.57,5.42,D,0
41.10068,28.33263,346.23,0.42,0.46,2025-08-15,1033,N,VIIRS,n,2,302.84,5.02,D,0
41.10132,28.33439,340.98,0.42,0.45,2025-08-15,1033,N,VIIRS,n,2,302.72,3.81,D,0
41.13287,28.31735,331.99,0.42,0.45,2025-08-15,1033,N,VIIRS,n,2,301.13,2.25,D,0
41.13402,28.32246,349.09,0.42,0.45,2025-08-15,1033,N,VIIRS,n,2,303.05,11.81,D,0
41.14548,27.88175,346.77,0.44,0.46,2025-08-15,1033,N,VIIRS,n,2,305.2,7.59,D,0
41.14965,27.88023,338.77,0.44,0.46,2025-08-15,1033,N,VIIRS,n,2,301.79,7.59,D,0
41.2133,31.46601,348.53,0.47,0.4,2025-08-15,1033,N,VIIRS,n,2,309.51,4.55,D,0
41.24267,36.46398,344.97,0.39,0.36,2025-08-15,1033,N,VIIRS,n,2,311.45,5.57,D,2
41.25306,27.92559,335.97,0.44,0.46,2025-08-15,1033,N,VIIRS,n,2,298.88,6.63,D,0
41.25424,27.93074,351.26,0.44,0.46,2025-08-15,1033,N,VIIRS,n,2,304.55,18.92,D,0
41.29184,27.13605,339.97,0.48,0.48,2025-08-15,1033,N,VIIRS,n,2,301.55,3.99,D,0
41.3854,27.05852,354.5,0.48,0.48,2025-08-15,1033,N,VIIRS,n,2,306.32,17.68,D,0
41.38672,27.06411,345.66,0.48,0.48,2025-08-15,1033,N,VIIRS,n,2,306.45,17.68,D,0
41.38968,27.05677,344.4,0.48,0.48,2025-08-15,1033,N,VIIRS,n,2,302.18,24.02,D,0
41.39101,27.0624,367.0,0.48,0.48,2025-08-15,1033,N,VIIRS,h,2,306.19,24.02,D,0
40.87884,26.92363,331.61,0.62,0.71,2025-08-15,1214,N,VIIRS,n,2,297.6,3.84,D,0
40.88167,26.92645,343.96,0.62,0.71,2025-08-15,1214,N,VIIRS,n,2,298.88,6.36,D,0
41.02231,27.37408,347.68,0.66,0.73,2025-08-15,1214,N,VIIRS,n,2,296.1,15.39,D,0
41.02253,27.37615,354.51,0.66,0.73,2025-08-15,1214,N,VIIRS,n,2,296.77,9.34,D,0
41.09663,28.95699,367.0,0.79,0.78,2025-08-15,1214,N,VIIRS,h,2,297.61,53.63,D,0
41.09699,28.95515,367.0,0.79,0.78,2025-08-15,1214,N,VIIRS,h,2,297.89,62.02,D,0
41.34472,27.30983,341.44,0.65,0.73,2025-08-15,1214,N,VIIRS,n,2,293.53,18.76,D,0
41.34478,27.31797,356.38,0.65,0.73,2025-08-15,1214,N,VIIRS,n,2,299.9,33.77,D,0
41.34484,27.32615,367.0,0.65,0.73,2025-08-15,1214,N,VIIRS,h,2,298.0,33.77,D,0
41.38993,27.06054,348.08,0.63,0.72,2025-08-15,1214,N,VIIRS,n,2,299.4,9.54,D,0
41.39112,27.06304,343.92,0.63,0.72,2025-08-15,1214,N,VIIRS,n,2,298.19,7.43,D,0
41.39954,27.33634,331.43,0.66,0.73,2025-08-15,1214,N,VIIRS,n,2,296.75,2.49,D,0
41.41891,27.21168,352.08,0.65,0.73,2025-08-15,1214,N,VIIRS,n,2,297.99,54.74,D,0
41.41909,27.22763,367.0,0.65,0.73,2025-08-15,1214,N,VIIRS,h,2,305.35,83.05,D,0
41.41934,27.21438,341.75,0.65,0.73,2025-08-15,1214,N,VIIRS,n,2,300.71,262.02,D,0
41.41945,27.2302,367.0,0.65,0.73,2025-08-15,1214,N,VIIRS,h,2,300.91,120.53,D,0
41.42582,27.21967,354.61,0.65,0.73,2025-08-15,1214,N,VIIRS,n,2,299.69,83.05,D,0
41.42591,27.22769,367.0,0.65,0.73,2025-08-15,1214,N,VIIRS,h,2,300.68,83.05,D,0
41.42622,27.22235,367.0,0.65,0.73,2025-08-15,1214,N,VIIRS,h,2,298.78,23.63,D,0
41.42628,27.23025,355.67,0.65,0.73,2025-08-15,1214,N,VIIRS,n,2,299.8,24.7,D,0
42.1272,25.92609,335.15,0.56,0.69,2025-08-15,1214,N,VIIRS,n,2,292.25,12.25,D,0
42.12735,25.93309,367.0,0.56,0.69,2025-08-15,1214,N,VIIRS,h,2,299.51,36.17,D,0
42.12785,25.93203,367.0,0.56,0.69,2025-08-15,1214,N,VIIRS,h,2,298.72,31.93,D,0
39.25418,42.17185,322.37,0.46,0.39,2025-08-15,2251,N,VIIRS,n,2,288.6,2.16,N,0
39.25713,42.17792,306.85,0.46,0.39,2025-08-15,2251,N,VIIRS,n,2,289.09,1.57,N,0
39.25778,42.17261,328.15,0.46,0.39,2025-08-15,2251,N,VIIRS,n,2,289.71,2.99,N,0
39.32434,44.45726,299.57,0.4,0.37,2025-08-15,2251,N,VIIRS,n,2,288.95,0.6,N,0
39.58372,43.90096,300.49,0.41,0.37,2025-08-15,2251,N,VIIRS,n,2,285.85,0.56,N,0
39.72355,36.93526,297.45,0.55,0.51,2025-08-15,2251,N,VIIRS,n,2,285.73,0.96,N,2
39.72435,36.93539,296.48,0.55,0.51,2025-08-15,2251,N,VIIRS,n,2,285.58,0.66,N,2
39.83678,30.30103,298.34,0.62,0.71,2025-08-15,2251,N,VIIRS,n,2,286.73,0.68,N,2
39.94296,33.18882,299.48,0.44,0.62,2025-08-15,2251,N,VIIRS,n,2,288.51,1.07,N,2
40.01728,43.81256,304.9,0.42,0.37,2025-08-15,2251,N,VIIRS,n,2,290.89,0.6,N,0
40.24285,29.92113,298.63,0.65,0.73,2025-08-15,2251,N,VIIRS,n,2,287.31,1.09,N,2
40.24361,29.92274,299.47,0.65,0.73,2025-08-15,2251,N,VIIRS,n,2,287.15,0.81,N,2
40.57502,43.00626,296.77,0.44,0.39,2025-08-15,2251,N,VIIRS,n,2,282.27,0.75,N,2
40.63031,29.61052,298.72,0.68,0.74,2025-08-15,2251,N,VIIRS,n,2,288.23,1.29,N,0
40.63117,29.61403,300.15,0.68,0.74,2025-08-15,2251,N,VIIRS,n,2,288.04,1.18,N,0
40.63724,29.61221,304.45,0.68,0.74,2025-08-15,2251,N,VIIRS,n,2,288.19,1.29,N,0
40.65096,29.64043,303.49,0.68,0.74,2025-08-15,2251,N,VIIRS,n,2,287.99,2.31,N,0
40.65168,29.64272,303.8,0.68,0.74,2025-08-15,2251,N,VIIRS,n,2,287.92,2.28,N,0
41.17358,32.63205,307.23,0.48,0.64,2025-08-15,2251,N,VIIRS,n,2,290.97,1.62,N,2
41.1796,32.63225,304.9,0.48,0.64,2025-08-15,2251,N,VIIRS,n,2,291.85,1.99,N,2
41.24173,36.46193,327.54,0.6,0.53,2025-08-15,2251,N,VIIRS,n,2,293.08,5.34,N,2
41.24281,36.46127,324.78,0.6,0.53,2025-08-15,2251,N,VIIRS,n,2,293.02,5.28,N,2
41.25371,31.42847,301.11,0.55,0.68,2025-08-15,2251,N,VIIRS,n,2,288.78,1.44,N,0
41.25858,31.42934,308.95,0.55,0.68,2025-08-15,2251,N,VIIRS,n,2,290.33,1.92,N,2
41.26011,31.42871,306.66,0.55,0.68,2025-08-15,2251,N,VIIRS,n,2,290.27,1.44,N,2
41.26498,31.42956,309.44,0.55,0.68,2025-08-15,2251,N,VIIRS,n,2,290.0,1.86,N,2
41.26516,31.42264,306.02,0.55,0.68,2025-08-15,2251,N,VIIRS,n,2,291.85,2.99,N,2
41.2665,31.42898,309.94,0.55,0.68,2025-08-15,2251,N,VIIRS,n,2,289.8,1.55,N,2
41.26664,31.42211,303.25,0.55,0.68,2025-08-15,2251,N,VIIRS,n,2,291.26,1.55,N,2
35.50837,36.22856,308.66,0.54,0.51,2025-08-15,2252,N,VIIRS,n,2,296.39,242.83,N,0
35.50875,36.22415,345.88,0.54,0.51,2025-08-15,2252,N,VIIRS,n,2,296.39,242.83,N,0
35.50911,36.21988,344.05,0.54,0.51,2025-08-15,2252,N,VIIRS,n,2,296.19,70.38,N,0
35.50945,36.21592,313.13,0.54,0.51,2025-08-15,2252,N,VIIRS,n,2,294.21,70.38,N,0
35.51381,36.2205,347.17,0.54,0.51,2025-08-15,2252,N,VIIRS,n,2,320.18,70.38,N,0
35.51808,36.22622,314.04,0.54,0.51,2025-08-15,2252,N,VIIRS,n,2,297.09,3.48,N,0
35.52275,36.22722,308.43,0.54,0.51,2025-08-15,2252,N,VIIRS,n,2,295.89,3.48,N,0
35.52643,44.34592,330.73,0.39,0.36,2025-08-15,2252,N,VIIRS,n,2,301.27,5.4,N,2
35.52707,44.34169,340.57,0.39,0.36,2025-08-15,2252,N,VIIRS,n,2,303.67,5.4,N,2
35.53102,44.33821,333.88,0.39,0.36,2025-08-15,2252,N,VIIRS,n,2,305.42,6.21,N,2
35.53432,44.33897,331.62,0.39,0.36,2025-08-15,2252,N,VIIRS,n,2,301.8,6.21,N,2
35.62693,44.01053,327.33,0.39,0.36,2025-08-15,2252,N,VIIRS,n,2,301.29,9.21,N,2
35.62756,44.00625,332.88,0.39,0.36,2025-08-15,2252,N,VIIRS,n,2,301.74,14.27,N,2
35.63024,44.01126,319.7,0.39,0.36,2025-08-15,2252,N,VIIRS,n,2,303.83,9.21,N,2
35.63088,44.00699,334.47,0.39,0.36,2025-08-15,2252,N,VIIRS,n,2,309.73,14.27,N,2
35.63173,36.25013,311.01,0.54,0.51,2025-08-15,2252,N,VIIRS,n,2,299.55,3.34,N,0
35.63643,36.25092,323.91,0.54,0.51,2025-08-15,2252,N,VIIRS,n,2,299.52,3.34,N,0
35.66107,43.96516,339.39,0.39,0.36,2025-08-15,2252,N,VIIRS,n,2,305.02,11.8,N,2
35.66439,43.9659,343.01,0.39,0.36,2025-08-15,2252,N,VIIRS,n,2,303.97,11.8,N,2
35.67691,44.06586,317.62,0.39,0.36,2025-08-15,2252,N,VIIRS,n,2,300.22,2.93,N,2
35.68435,43.8773,330.35,0.39,0.36,2025-08-15,2252,N,VIIRS,n,2,322.73,40.45,N,2
35.68499,43.87301,318.55,0.39,0.36,2025-08-15,2252,N,VIIRS,n,2,299.58,40.45,N,2
35.68768,43.87805,321.01,0.39,0.36,2025-08-15,2252,N,VIIRS,n,2,300.93,2.98,N,2
35.7244,44.03947,342.5,0.39,0.36,2025-08-15,2252,N,VIIRS,n,2,303.27,8.35,N,2
35.72898,44.03165,340.25,0.39,0.36,2025-08-15,2252,N,VIIRS,n,2,301.87,7.02,N,2
35.7718,43.99706,331.71,0.39,0.36,2025-08-15,2252,N,VIIRS,n,2,302.65,4.48,N,2
35.89158,35.95283,332.96,0.57,0.52,2025-08-15,2252,N,VIIRS,n,2,296.3,6.61,N,0
35.89259,35.95377,332.01,0.57,0.52,2025-08-15,2252,N,VIIRS,n,2,295.9,3.57,N,0
35.95382,43.72858,326.09,0.39,0.36,2025-08-15,2252,N,VIIRS,n,2,299.98,2.36,N,2
35.9735,43.7713,318.98,0.39,0.36,2025-08-15,2252,N,VIIRS,n,2,303.12,3.38,N,2
35.9808,43.76841,328.71,0.39,0.36,2025-08-15,2252,N,VIIRS,n,2,303.96,4.29,N,2
35.99936,43.75903,312.74,0.39,0.36,2025-08-15,2252,N,VIIRS,n,2,300.81,2.49,N,2
36.0174,43.68211,322.2,0.39,0.37,2025-08-15,2252,N,VIIRS,n,2,298.18,2.01,N,2
36.04855,43.65743,310.93,0.4,0.37,2025-08-15,2252,N,VIIRS,n,2,298.46,1.11,N,0
36.10045,43.63265,315.98,0.4,0.37,2025-08-15,2252,N,VIIRS,n,2,296.22,1.44,N,0
36.13263,40.81017,310.36,0.48,0.4,2025-08-15,2252,N,VIIRS,n,2,296.11,1.49,N,2
36.14305,40.81752,321.89,0.48,0.4,2025-08-15,2252,N,VIIRS,n,2,294.26,0.99,N,2
36.14551,40.81383,309.27,0.48,0.4,2025-08-15,2252,N,VIIRS,n,2,292.55,0.82,N,2
36.16647,41.04678,306.19,0.47,0.4,2025-08-15,2252,N,VIIRS,n,2,296.19,0.6,N,2
36.19889,37.14233,318.8,0.49,0.49,2025-08-15,2252,N,VIIRS,n,2,297.99,8.31,N,0
36.20288,37.14851,328.92,0.49,0.49,2025-08-15,2252,N,VIIRS,n,2,299.01,8.31,N,0
36.20339,37.14299,339.7,0.49,0.49,2025-08-15,2252,N,VIIRS,n,2,301.42,8.31,N,0
36.2045,37.14505,327.13,0.49,0.49,2025-08-15,2252,N,VIIRS,n,2,298.99,5.35,N,0
36.25692,33.71912,315.7,0.38,0.59,2025-08-15,2252,N,VIIRS,n,2,295.21,1.45,N,0
36.25714,33.7157,309.01,0.38,0.59,2025-08-15,2252,N,VIIRS,n,2,295.04,2.22,N,0
36.25892,44.38684,310.87,0.39,0.36,2025-08-15,2252,N,VIIRS,n,2,298.5,1.38,N,0
36.26188,33.7278,321.61,0.38,0.59,2025-08-15,2252,N,VIIRS,n,2,296.96,2.54,N,2
36.2619,33.72878,318.74,0.38,0.59,2025-08-15,2252,N,VIIRS,n,2,297.06,2.53,N,2
36.26813,33.7161,314.43,0.38,0.59,2025-08-15,2252,N,VIIRS,n,2,295.19,1.88,N,0
36.26831,33.71308,329.48,0.38,0.59,2025-08-15,2252,N,VIIRS,n,2,297.01,2.9,N,0
36.26838,33.71215,315.05,0.38,0.59,2025-08-15,2252,N,VIIRS,n,2,295.55,1.88,N,0
36.5373,32.69615,300.21,0.44,0.62,2025-08-15,2252,N,VIIRS,n,2,289.72,0.75,N,0
36.53755,32.69101,302.55,0.44,0.62,2025-08-15,2252,N,VIIRS,n,2,290.36,0.75,N,0
36.53783,32.68522,310.45,0.44,0.62,2025-08-15,2252,N,VIIRS,n,2,291.25,1.65,N,0
36.53798,32.69349,316.31,0.44,0.62,2025-08-15,2252,N,VIIRS,n,2,291.36,2.52,N,0
36.53827,32.68797,301.23,0.44,0.62,2025-08-15,2252,N,VIIRS,n,2,290.27,1.71,N,0
36.53862,32.68166,312.71,0.44,0.62,2025-08-15,2252,N,VIIRS,n,2,291.69,1.71,N,0
36.54311,32.69646,314.78,0.44,0.62,2025-08-15,2252,N,VIIRS,n,2,291.85,3.0,N,0
36.54336,32.69151,337.89,0.44,0.62,2025-08-15,2252,N,VIIRS,n,2,299.48,3.0,N,0
36.54367,32.68496,310.55,0.44,0.62,2025-08-15,2252,N,VIIRS,n,2,293.86,3.68,N,0
36.6912,44.07087,311.41,0.39,0.36,2025-08-15,2252,N,VIIRS,n,2,299.07,1.97,N,0
36.71853,36.19862,338.92,0.56,0.51,2025-08-15,2252,N,VIIRS,n,2,297.24,8.73,N,2
36.71871,36.2041,315.94,0.56,0.51,2025-08-15,2252,N,VIIRS,n,2,295.91,5.27,N,2
36.71925,36.19762,323.98,0.56,0.51,2025-08-15,2252,N,VIIRS,n,2,297.01,7.46,N,2
36.72773,36.21173,307.05,0.56,0.51,2025-08-15,2252,N,VIIRS,n,2,296.45,3.75,N,2
36.73026,43.28077,309.99,0.41,0.37,2025-08-15,2252,N,VIIRS,n,2,298.87,2.06,N,2
36.74192,36.20815,308.81,0.56,0.51,2025-08-15,2252,N,VIIRS,n,2,296.38,4.05,N,2
36.74847,43.49759,316.96,0.4,0.37,2025-08-15,2252,N,VIIRS,n,2,300.76,2.09,N,2
36.77653,43.32378,344.64,0.41,0.37,2025-08-15,2252,N,VIIRS,n,2,305.73,10.12,N,2
36.86738,43.51821,311.95,0.4,0.37,2025-08-15,2252,N,VIIRS,n,2,297.01,1.91,N,0
36.86846,43.4862,328.17,0.4,0.37,2025-08-15,2252,N,VIIRS,n,2,298.39,2.82,N,2
36.87108,34.7638,309.88,0.34,0.56,2025-08-15,2252,N,VIIRS,n,2,297.34,2.31,N,2
36.87839,40.19489,305.7,0.52,0.42,2025-08-15,2252,N,VIIRS,n,2,293.61,0.73,N,0
36.90728,43.38718,330.47,0.4,0.37,2025-08-15,2252,N,VIIRS,n,2,296.92,5.29,N,2
36.91443,41.8935,306.04,0.45,0.39,2025-08-15,2252,N,VIIRS,n,2,292.88,0.24,N,2
36.924,43.36704,312.63,0.41,0.37,2025-08-15,2252,N,VIIRS,n,2,295.83,1.85,N,0
36.92801,43.36323,320.33,0.41,0.37,2025-08-15,2252,N,VIIRS,n,2,297.82,1.85,N,0
36.93454,42.13232,323.35,0.44,0.38,2025-08-15,2252,N,VIIRS,n,2,293.17,2.05,N,2
36.94061,42.1687,308.56,0.44,0.38,2025-08-15,2252,N,VIIRS,n,2,294.37,1.66,N,2
36.94413,42.16941,312.52,0.44,0.38,2025-08-15,2252,N,VIIRS,n,2,295.71,1.66,N,2
36.96509,42.08417,308.69,0.44,0.38,2025-08-15,2252,N,VIIRS,n,2,295.04,0.73,N,2
37.01208,41.58418,309.9,0.46,0.39,2025-08-15,2252,N,VIIRS,n,2,299.18,2.06,N,2
37.0147,36.10672,304.25,0.57,0.52,2025-08-15,2252,N,VIIRS,n,2,294.0,0.88,N,2
37.0616,43.6252,309.88,0.4,0.37,2025-08-15,2252,N,VIIRS,n,2,292.91,0.74,N,0
37.12922,43.95687,330.56,0.4,0.37,2025-08-15,2252,N,VIIRS,n,2,297.48,3.59,N,0
37.12987,43.95238,347.29,0.4,0.37,2025-08-15,2252,N,VIIRS,n,2,299.57,5.78,N,0
37.13052,43.94791,345.49,0.4,0.37,2025-08-15,2252,N,VIIRS,n,2,299.19,5.78,N,0
37.13116,43.94347,344.55,0.4,0.37,2025-08-15,2252,N,VIIRS,n,2,299.72,3.77,N,0
37.13181,43.93903,320.89,0.4,0.37,2025-08-15,2252,N,VIIRS,n,2,296.17,3.77,N,0
37.13383,43.94885,311.14,0.4,0.37,2025-08-15,2252,N,VIIRS,n,2,296.76,1.78,N,0
37.13447,43.94441,326.86,0.4,0.37,2025-08-15,2252,N,VIIRS,n,2,298.78,1.77,N,0
37.13513,43.93991,309.58,0.4,0.37,2025-08-15,2252,N,VIIRS,n,2,296.19,1.77,N,0
37.24859,39.6044,302.99,0.56,0.43,2025-08-15,2252,N,VIIRS,n,2,290.66,3.57,N,0
37.24929,39.59802,325.8,0.56,0.43,2025-08-15,2252,N,VIIRS,n,2,291.38,3.57,N,0
37.25081,39.59818,332.2,0.56,0.43,2025-08-15,2252,N,VIIRS,n,2,293.24,4.19,N,0
37.25325,39.59872,334.05,0.56,0.43,2025-08-15,2252,N,VIIRS,n,2,292.68,3.57,N,0
37.25478,39.59888,312.78,0.56,0.43,2025-08-15,2252,N,VIIRS,n,2,290.86,4.19,N,0
37.27715,38.73108,310.67,0.42,0.45,2025-08-15,2252,N,VIIRS,n,2,297.5,1.33,N,2
37.29633,37.15413,309.56,0.5,0.49,2025-08-15,2252,N,VIIRS,n,2,297.24,2.92,N,2
37.78502,39.02589,317.76,0.41,0.45,2025-08-15,2252,N,VIIRS,n,2,296.17,2.07,N,0
38.00566,41.49002,305.0,0.47,0.4,2025-08-15,2252,N,VIIRS,n,2,292.14,0.67,N,0
38.35036,40.54616,306.18,0.52,0.42,2025-08-15,2252,N,VIIRS,n,2,295.26,1.35,N,0
38.35739,40.55341,310.55,0.52,0.42,2025-08-15,2252,N,VIIRS,n,2,295.2,1.48,N,0
38.36122,40.55415,308.6,0.52,0.42,2025-08-15,2252,N,VIIRS,n,2,295.66,1.48,N,0
38.38271,30.76636,311.39,0.58,0.69,2025-08-15,2252,N,VIIRS,n,2,288.7,2.34,N,0
38.38286,30.77139,312.89,0.57,0.69,2025-08-15,2252,N,VIIRS,n,2,290.28,2.76,N,0
38.38566,40.54531,312.83,0.53,0.42,2025-08-15,2252,N,VIIRS,n,2,295.68,2.48,N,0
38.38634,40.53925,321.09,0.53,0.42,2025-08-15,2252,N,VIIRS,n,2,297.21,2.48,N,0
38.38903,30.77355,310.33,0.57,0.69,2025-08-15,2252,N,VIIRS,n,2,291.78,2.34,N,0
38.38921,30.76655,304.24,0.58,0.69,2025-08-15,2252,N,VIIRS,n,2,289.37,2.34,N,0
38.38938,30.77098,314.39,0.57,0.69,2025-08-15,2252,N,VIIRS,n,2,293.97,2.76,N,0
38.43795,33.87902,310.68,0.39,0.59,2025-08-15,2252,N,VIIRS,n,2,289.87,0.79,N,0
38.43837,33.88192,303.79,0.39,0.59,2025-08-15,2252,N,VIIRS,n,2,290.17,0.73,N,0
