latitude,longitude,bright_ti4,scan,track,acq_date,acq_time,satellite,instrument,confidence,version,bright_ti5,frp,daynight,type
35.52471,44.34464,352.13,0.45,0.47,2024-08-31,933,N,VIIRS,n,2,316.43,9.99,D,2
35.52782,44.33842,344.09,0.45,0.47,2024-08-31,933,N,VIIRS,n,2,313.87,6.39,D,2
35.5289,44.34331,345.2,0.45,0.47,2024-08-31,933,N,VIIRS,n,2,314.41,6.39,D,2
35.53202,44.33711,345.68,0.45,0.47,2024-08-31,933,N,VIIRS,n,2,314.33,6.39,D,2
35.56876,43.60753,345.85,0.49,0.48,2024-08-31,933,N,VIIRS,n,2,315.61,10.87,D,0
35.5721,43.6106,347.13,0.49,0.48,2024-08-31,933,N,VIIRS,n,2,315.9,10.41,D,0
35.62893,44.0066,344.65,0.46,0.47,2024-08-31,933,N,VIIRS,n,2,313.29,7.36,D,2
35.63003,44.01162,346.01,0.46,0.47,2024-08-31,933,N,VIIRS,n,2,319.47,14.92,D,2
35.63159,43.70891,344.98,0.48,0.48,2024-08-31,933,N,VIIRS,n,2,314.7,73.58,D,0
35.63206,43.6696,348.06,0.48,0.48,2024-08-31,933,N,VIIRS,n,2,319.08,10.89,D,0
35.72435,44.04379,345.37,0.46,0.47,2024-08-31,933,N,VIIRS,n,2,317.26,8.51,D,2
35.82026,44.12029,344.33,0.45,0.47,2024-08-31,933,N,VIIRS,n,2,315.26,7.6,D,0
35.87052,43.3595,348.42,0.49,0.49,2024-08-31,933,N,VIIRS,n,2,313.67,5.41,D,0
35.8953,43.38572,351.22,0.49,0.49,2024-08-31,933,N,VIIRS,n,2,318.04,13.75,D,0
36.01757,43.68316,354.83,0.47,0.48,2024-08-31,933,N,VIIRS,n,2,317.63,9.98,D,2
36.02849,43.48734,356.03,0.48,0.48,2024-08-31,933,N,VIIRS,n,2,323.61,30.07,D,0
36.03282,43.48586,354.13,0.48,0.48,2024-08-31,933,N,VIIRS,n,2,315.36,30.07,D,0
36.06556,41.7706,351.32,0.59,0.53,2024-08-31,933,N,VIIRS,n,2,315.29,9.45,D,0
36.08195,37.63519,334.32,0.49,0.65,2024-08-31,933,N,VIIRS,n,2,301.07,4.8,D,0
36.08413,37.63699,346.62,0.49,0.65,2024-08-31,933,N,VIIRS,n,2,301.15,6.43,D,0
36.21608,43.50309,347.67,0.48,0.48,2024-08-31,933,N,VIIRS,n,2,319.87,20.15,D,0
36.2176,43.50553,347.76,0.48,0.48,2024-08-31,933,N,VIIRS,n,2,320.31,22.23,D,0
36.25605,38.25119,337.69,0.45,0.63,2024-08-31,933,N,VIIRS,n,2,304.69,2.09,D,0
36.77496,43.32234,339.99,0.47,0.48,2024-08-31,933,N,VIIRS,n,2,314.11,6.42,D,2
36.77621,43.32794,343.86,0.47,0.48,2024-08-31,933,N,VIIRS,n,2,314.02,7.6,D,2
36.78365,40.16714,346.6,0.35,0.56,2024-08-31,933,N,VIIRS,n,2,314.05,6.16,D,0
36.81963,43.13497,352.17,0.48,0.48,2024-08-31,933,N,VIIRS,n,2,312.21,6.51,D,0
36.83612,43.38995,342.16,0.47,0.48,2024-08-31,933,N,VIIRS,n,2,312.02,2.64,D,0
36.86811,43.49065,341.67,0.46,0.47,2024-08-31,933,N,VIIRS,n,2,308.03,2.77,D,2
36.89125,43.43096,339.79,0.47,0.47,2024-08-31,933,N,VIIRS,n,2,310.58,2.92,D,2
36.90464,43.38844,342.41,0.47,0.48,2024-08-31,933,N,VIIRS,n,2,309.44,6.74,D,2
37.028,43.50556,342.9,0.46,0.47,2024-08-31,933,N,VIIRS,n,2,308.61,4.12,D,0
37.27586,42.68736,349.66,0.5,0.49,2024-08-31,933,N,VIIRS,n,2,317.56,8.28,D,0
37.28018,42.68555,346.02,0.5,0.49,2024-08-31,933,N,VIIRS,n,2,312.75,8.28,D,0
37.2815,42.69127,348.88,0.5,0.49,2024-08-31,933,N,VIIRS,n,2,315.72,8.28,D,0
36.29306,36.3027,342.81,0.57,0.69,2024-08-31,934,N,VIIRS,n,2,294.86,5.77,D,0
36.80725,36.73159,354.48,0.52,0.67,2024-08-31,934,N,VIIRS,n,2,303.97,17.97,D,0
36.80816,36.73363,367.0,0.52,0.67,2024-08-31,934,N,VIIRS,h,2,305.33,29.49,D,0
36.8088,36.73688,367.0,0.52,0.67,2024-08-31,934,N,VIIRS,h,2,299.42,17.97,D,0
36.80977,36.73928,333.15,0.52,0.67,2024-08-31,934,N,VIIRS,n,2,298.46,17.81,D,0
36.92792,36.96574,345.77,0.5,0.66,2024-08-31,934,N,VIIRS,n,2,305.56,9.37,D,0
37.00705,39.90815,346.58,0.35,0.57,2024-08-31,934,N,VIIRS,n,2,314.67,8.08,D,0
37.00803,39.91202,345.76,0.35,0.57,2024-08-31,934,N,VIIRS,n,2,313.46,7.26,D,0
37.00829,39.91173,344.18,0.35,0.57,2024-08-31,934,N,VIIRS,n,2,313.32,6.32,D,0
37.05679,40.07727,347.52,0.34,0.56,2024-08-31,934,N,VIIRS,n,2,316.77,10.47,D,0
37.11619,40.47167,347.29,0.33,0.55,2024-08-31,934,N,VIIRS,n,2,317.31,6.05,D,0
37.11709,40.47527,342.73,0.33,0.55,2024-08-31,934,N,VIIRS,n,2,315.37,5.94,D,0
37.19841,33.3025,330.15,0.76,0.77,2024-08-31,934,N,VIIRS,n,2,297.15,3.71,D,0
37.32992,35.63304,330.65,0.57,0.69,2024-08-31,934,N,VIIRS,n,2,296.28,5.77,D,0
37.3417,39.43623,353.46,0.37,0.58,2024-08-31,934,N,VIIRS,n,2,311.26,4.22,D,0
37.34309,39.43554,350.22,0.37,0.58,2024-08-31,934,N,VIIRS,n,2,310.14,2.21,D,0
37.39582,38.67001,344.97,0.4,0.6,2024-08-31,934,N,VIIRS,n,2,310.03,5.39,D,0
37.53384,38.44085,352.52,0.41,0.6,2024-08-31,934,N,VIIRS,n,2,308.37,13.49,D,0
37.53507,38.44537,367.0,0.41,0.6,2024-08-31,934,N,VIIRS,h,2,309.76,17.82,D,0
37.53568,38.24925,367.0,0.42,0.61,2024-08-31,934,N,VIIRS,h,2,312.16,17.03,D,0
37.53574,38.44402,367.0,0.41,0.6,2024-08-31,934,N,VIIRS,h,2,311.82,17.7,D,0
37.53683,38.25349,335.85,0.42,0.61,2024-08-31,934,N,VIIRS,n,2,308.51,8.56,D,0
37.53798,38.25774,352.94,0.42,0.61,2024-08-31,934,N,VIIRS,n,2,309.07,8.56,D,0
37.54105,38.24686,333.87,0.42,0.61,2024-08-31,934,N,VIIRS,n,2,307.66,6.45,D,0
37.54221,38.25114,367.0,0.42,0.61,2024-08-31,934,N,VIIRS,h,2,309.67,8.58,D,0
37.54338,38.25544,333.66,0.42,0.61,2024-08-31,934,N,VIIRS,n,2,306.36,8.58,D,0
37.6759,38.94534,346.61,0.38,0.59,2024-08-31,934,N,VIIRS,n,2,308.73,3.47,D,0
38.08055,39.83441,343.67,0.33,0.56,2024-08-31,934,N,VIIRS,n,2,313.19,3.8,D,0
38.24949,33.78148,336.37,0.67,0.73,2024-08-31,934,N,VIIRS,n,2,296.7,6.65,D,0
38.53792,36.08527,334.41,0.51,0.66,2024-08-31,934,N,VIIRS,n,2,303.72,4.86,D,0
38.54195,36.28122,337.92,0.49,0.65,2024-08-31,934,N,VIIRS,n,2,302.21,6.12,D,0
38.54325,36.08244,337.46,0.51,0.66,2024-08-31,934,N,VIIRS,n,2,304.69,4.55,D,0
38.54367,36.08246,338.21,0.51,0.66,2024-08-31,934,N,VIIRS,n,2,303.32,4.86,D,0
38.68109,43.70352,343.71,0.41,0.45,2024-08-31,934,N,VIIRS,n,2,312.11,3.7,D,0
38.73321,34.93383,330.23,0.57,0.69,2024-08-31,934,N,VIIRS,n,2,298.99,2.55,D,0
38.99311,37.00569,367.0,0.44,0.63,2024-08-31,934,N,VIIRS,h,2,306.8,5.32,D,0
38.99851,37.00282,332.5,0.44,0.63,2024-08-31,934,N,VIIRS,n,2,301.92,5.32,D,0
39.03006,42.07564,343.7,0.49,0.48,2024-08-31,934,N,VIIRS,n,2,312.52,6.79,D,0
39.03137,42.08125,349.05,0.49,0.48,2024-08-31,934,N,VIIRS,n,2,312.12,18.2,D,0
39.03443,42.07417,342.16,0.49,0.48,2024-08-31,934,N,VIIRS,n,2,311.64,6.79,D,0
39.04392,36.83247,342.58,0.45,0.63,2024-08-31,934,N,VIIRS,n,2,303.51,4.37,D,0
39.39073,41.88764,343.52,0.49,0.49,2024-08-31,934,N,VIIRS,n,2,312.09,5.17,D,0
40.52691,43.78557,352.71,0.56,0.43,2024-08-31,934,N,VIIRS,n,2,313.93,29.89,D,0
40.53077,43.78419,347.36,0.56,0.43,2024-08-31,934,N,VIIRS,n,2,307.61,29.89,D,0
39.35199,32.38477,340.25,0.72,0.76,2024-08-31,935,N,VIIRS,n,2,295.79,6.52,D,0
39.35224,32.38905,332.0,0.72,0.76,2024-08-31,935,N,VIIRS,n,2,295.92,7.77,D,0
39.39941,34.93779,342.21,0.54,0.68,2024-08-31,935,N,VIIRS,n,2,301.1,3.58,D,0
39.40529,34.93468,341.06,0.54,0.68,2024-08-31,935,N,VIIRS,n,2,299.11,3.35,D,0
39.47209,33.72585,338.27,0.62,0.71,2024-08-31,935,N,VIIRS,n,2,299.85,3.96,D,0
41.0209,35.60834,334.72,0.45,0.63,2024-08-31,935,N,VIIRS,n,2,296.24,2.58,D,0
41.02149,35.6109,343.78,0.45,0.63,2024-08-31,935,N,VIIRS,n,2,297.93,5.88,D,0
41.02235,35.61338,334.22,0.45,0.63,2024-08-31,935,N,VIIRS,n,2,297.28,2.58,D,0
41.02697,35.608,336.54,0.45,0.63,2024-08-31,935,N,VIIRS,n,2,297.76,4.59,D,0
36.30348,36.29861,331.81,0.32,0.55,2024-08-31,1114,N,VIIRS,n,2,300.09,2.65,D,0
36.30858,36.29811,354.27,0.32,0.55,2024-08-31,1114,N,VIIRS,n,2,299.37,5.76,D,0
36.40192,39.00304,342.7,0.46,0.63,2024-08-31,1114,N,VIIRS,n,2,305.25,1.86,D,0
36.40431,39.00277,341.36,0.46,0.63,2024-08-31,1114,N,VIIRS,n,2,305.17,4.57,D,0
36.40838,36.45131,367.0,0.33,0.55,2024-08-31,1114,N,VIIRS,h,2,300.1,63.63,D,0
36.41328,36.44706,333.54,0.33,0.55,2024-08-31,1114,N,VIIRS,n,2,300.29,3.68,D,0
36.64208,36.81887,335.47,0.35,0.57,2024-08-31,1114,N,VIIRS,n,2,305.17,1.76,D,0
36.74415,36.2043,331.13,0.32,0.55,2024-08-31,1114,N,VIIRS,n,2,297.81,2.75,D,2
36.75224,37.47933,343.01,0.38,0.59,2024-08-31,1114,N,VIIRS,n,2,305.3,2.05,D,0
36.75299,37.48008,339.92,0.38,0.59,2024-08-31,1114,N,VIIRS,n,2,305.79,2.01,D,0
36.80998,36.7317,351.2,0.35,0.56,2024-08-31,1114,N,VIIRS,n,2,307.58,8.99,D,0
36.81021,36.73552,367.0,0.35,0.56,2024-08-31,1114,N,VIIRS,h,2,309.81,19.81,D,0
36.81059,36.73069,331.08,0.35,0.56,2024-08-31,1114,N,VIIRS,n,2,305.76,4.25,D,0
36.81084,36.73449,367.0,0.35,0.56,2024-08-31,1114,N,VIIRS,h,2,311.85,10.13,D,0
36.81639,36.73856,335.51,0.35,0.56,2024-08-31,1114,N,VIIRS,n,2,308.63,10.13,D,0
36.89055,42.07771,348.37,0.68,0.74,2024-08-31,1114,N,VIIRS,n,2,313.55,10.68,D,0
36.93252,35.53534,336.69,0.59,0.53,2024-08-31,1114,N,VIIRS,n,2,297.78,6.42,D,0
36.93537,30.64626,335.42,0.5,0.41,2024-08-31,1114,N,VIIRS,n,2,300.21,5.21,D,2
36.93898,42.12325,350.67,0.69,0.74,2024-08-31,1114,N,VIIRS,n,2,313.92,8.45,D,2
36.94019,42.12337,347.67,0.69,0.74,2024-08-31,1114,N,VIIRS,n,2,313.85,5.01,D,2
36.94608,42.13105,345.05,0.69,0.74,2024-08-31,1114,N,VIIRS,n,2,314.3,5.02,D,2
36.94733,42.13123,343.47,0.69,0.74,2024-08-31,1114,N,VIIRS,n,2,314.22,5.01,D,2
36.99188,38.68368,349.32,0.45,0.63,2024-08-31,1114,N,VIIRS,n,2,307.91,7.4,D,0
36.99213,38.68903,367.0,0.45,0.63,2024-08-31,1114,N,VIIRS,h,2,310.05,7.4,D,0
36.99305,39.90145,345.64,0.52,0.67,2024-08-31,1114,N,VIIRS,n,2,310.11,5.05,D,0
36.99326,39.90752,345.37,0.52,0.67,2024-08-31,1114,N,VIIRS,n,2,310.89,5.05,D,0
36.99446,39.87181,349.09,0.52,0.67,2024-08-31,1114,N,VIIRS,n,2,309.5,8.1,D,0
36.99567,39.90168,344.27,0.52,0.67,2024-08-31,1114,N,VIIRS,n,2,309.65,3.8,D,0
36.99591,39.90773,343.12,0.52,0.67,2024-08-31,1114,N,VIIRS,n,2,309.5,6.63,D,0
36.99804,39.8651,350.42,0.52,0.67,2024-08-31,1114,N,VIIRS,n,2,308.51,6.8,D,0
36.99825,39.87117,352.39,0.52,0.67,2024-08-31,1114,N,VIIRS,n,2,311.15,6.8,D,0
36.99992,39.91931,343.6,0.52,0.67,2024-08-31,1114,N,VIIRS,n,2,311.03,7.89,D,0
37.00595,39.91286,350.01,0.52,0.67,2024-08-31,1114,N,VIIRS,n,2,311.83,8.06,D,0
37.06097,42.29144,357.52,0.7,0.75,2024-08-31,1114,N,VIIRS,n,2,314.26,14.38,D,0
37.06527,42.29361,367.0,0.7,0.75,2024-08-31,1114,N,VIIRS,h,2,315.62,14.72,D,0
37.14191,36.15902,337.67,0.32,0.55,2024-08-31,1114,N,VIIRS,n,2,295.98,2.1,D,0
37.18896,35.59968,344.68,0.6,0.53,2024-08-31,1114,N,VIIRS,n,2,297.89,5.53,D,0
37.19686,33.30157,348.78,0.45,0.47,2024-08-31,1114,N,VIIRS,n,2,309.86,5.75,D,0
37.19786,33.30349,343.16,0.45,0.47,2024-08-31,1114,N,VIIRS,n,2,309.85,7.84,D,0
37.2761,42.69374,340.98,0.74,0.76,2024-08-31,1114,N,VIIRS,n,2,308.75,12.49,D,0
37.66192,36.74775,349.3,0.35,0.57,2024-08-31,1114,N,VIIRS,n,2,303.99,28.02,D,0
37.66336,36.74421,339.59,0.35,0.57,2024-08-31,1114,N,VIIRS,n,2,300.86,10.79,D,0
37.6636,36.74809,367.0,0.35,0.57,2024-08-31,1114,N,VIIRS,h,2,309.09,20.98,D,0
37.66388,36.75241,351.06,0.35,0.57,2024-08-31,1114,N,VIIRS,n,2,303.11,20.98,D,0
37.66721,36.74706,350.96,0.35,0.57,2024-08-31,1114,N,VIIRS,n,2,305.53,28.02,D,0
37.66734,39.42056,343.0,0.49,0.65,2024-08-31,1114,N,VIIRS,n,2,308.23,6.18,D,0
37.66745,36.75132,367.0,0.35,0.57,2024-08-31,1114,N,VIIRS,h,2,312.47,28.02,D,0
37.66746,39.41849,336.63,0.49,0.65,2024-08-31,1114,N,VIIRS,n,2,308.08,5.53,D,0
37.66756,39.42645,353.64,0.49,0.65,2024-08-31,1114,N,VIIRS,n,2,307.8,6.18,D,0
37.66766,39.42436,367.0,0.5,0.65,2024-08-31,1114,N,VIIRS,h,2,307.85,10.23,D,0
37.66888,36.74748,354.06,0.35,0.57,2024-08-31,1114,N,VIIRS,n,2,302.02,20.98,D,0
37.66915,36.75169,367.0,0.35,0.57,2024-08-31,1114,N,VIIRS,h,2,308.91,20.98,D,0
37.77972,31.72849,346.25,0.57,0.43,2024-08-31,1114,N,VIIRS,n,2,311.5,6.94,D,0
37.8723,32.83899,338.16,0.44,0.46,2024-08-31,1114,N,VIIRS,n,2,307.25,2.73,D,0
38.24756,33.77992,343.1,0.49,0.49,2024-08-31,1114,N,VIIRS,n,2,305.88,8.16,D,0
38.09205,26.95029,336.32,0.39,0.36,2024-08-31,1115,N,VIIRS,n,2,305.64,2.19,D,0
38.33012,27.41754,344.23,0.4,0.37,2024-08-31,1115,N,VIIRS,n,2,304.63,5.02,D,0
38.44782,32.48362,348.49,0.42,0.46,2024-08-31,1115,N,VIIRS,n,2,305.91,3.9,D,0
38.54639,36.07971,351.81,0.33,0.55,2024-08-31,1115,N,VIIRS,n,2,306.02,4.55,D,0
38.54664,36.08355,338.5,0.33,0.55,2024-08-31,1115,N,VIIRS,n,2,306.46,4.55,D,0
38.73816,26.93092,339.47,0.4,0.37,2024-08-31,1115,N,VIIRS,n,2,305.68,2.13,D,2
38.9217,36.46164,331.74,0.35,0.57,2024-08-31,1115,N,VIIRS,n,2,301.11,2.35,D,0
38.93153,36.4481,343.7,0.35,0.57,2024-08-31,1115,N,VIIRS,n,2,304.47,1.92,D,0
38.93546,37.4524,342.23,0.4,0.6,2024-08-31,1115,N,VIIRS,n,2,309.07,3.53,D,0
39.05334,36.85148,338.02,0.37,0.58,2024-08-31,1115,N,VIIRS,n,2,304.44,2.73,D,0
39.05381,36.8603,336.23,0.37,0.58,2024-08-31,1115,N,VIIRS,n,2,304.78,3.78,D,0
39.05404,36.86473,341.93,0.37,0.58,2024-08-31,1115,N,VIIRS,n,2,304.56,4.29,D,0
39.06417,36.85137,338.72,0.37,0.58,2024-08-31,1115,N,VIIRS,n,2,308.48,7.54,D,0
39.06439,36.85568,351.54,0.37,0.58,2024-08-31,1115,N,VIIRS,n,2,307.62,9.69,D,0
39.06647,42.85053,341.11,0.77,0.77,2024-08-31,1115,N,VIIRS,n,2,303.37,10.12,D,0
39.19542,36.55444,347.1,0.36,0.57,2024-08-31,1115,N,VIIRS,n,2,304.21,3.21,D,0
39.4173,35.13994,343.71,0.6,0.53,2024-08-31,1115,N,VIIRS,n,2,307.1,5.06,D,0
39.8059,40.38522,352.64,0.58,0.69,2024-08-31,1115,N,VIIRS,n,2,308.91,6.81,D,0
39.80602,40.38,344.18,0.58,0.69,2024-08-31,1115,N,VIIRS,n,2,308.49,6.25,D,0
39.80618,40.38628,347.54,0.58,0.69,2024-08-31,1115,N,VIIRS,n,2,308.67,16.68,D,0
39.81239,40.38434,341.92,0.58,0.69,2024-08-31,1115,N,VIIRS,n,2,306.66,6.81,D,0
39.8125,40.37925,336.94,0.58,0.69,2024-08-31,1115,N,VIIRS,n,2,306.63,6.25,D,0
40.44284,27.14257,340.29,0.41,0.37,2024-08-31,1115,N,VIIRS,n,2,304.94,5.7,D,2
40.75181,29.7605,330.44,0.5,0.41,2024-08-31,1115,N,VIIRS,n,2,299.13,2.37,D,3
41.02088,35.60734,342.57,0.33,0.55,2024-08-31,1115,N,VIIRS,n,2,301.83,4.76,D,0
41.17551,32.6366,332.84,0.46,0.47,2024-08-31,1115,N,VIIRS,n,2,298.23,4.14,D,2
36.77349,43.32274,344.3,0.67,0.74,2024-08-31,2153,N,VIIRS,n,2,294.84,10.0,N,2
36.78035,43.32549,307.23,0.67,0.74,2024-08-31,2153,N,VIIRS,n,2,295.02,2.9,N,2
36.8665,43.48711,317.04,0.66,0.73,2024-08-31,2153,N,VIIRS,n,2,292.86,3.02,N,2
36.86654,43.48677,317.08,0.66,0.73,2024-08-31,2153,N,VIIRS,n,2,293.23,2.52,N,2
36.88828,43.42348,307.86,0.66,0.73,2024-08-31,2153,N,VIIRS,n,2,290.97,1.22,N,0
36.88864,43.42327,307.88,0.66,0.73,2024-08-31,2153,N,VIIRS,n,2,291.08,1.89,N,2
36.89513,43.42513,320.21,0.66,0.73,2024-08-31,2153,N,VIIRS,n,2,291.6,1.84,N,2
36.89548,43.42485,316.84,0.66,0.73,2024-08-31,2153,N,VIIRS,n,2,291.27,1.89,N,2
36.90289,43.37835,302.4,0.67,0.73,2024-08-31,2153,N,VIIRS,n,2,291.18,1.99,N,2
36.90328,43.38655,303.94,0.67,0.73,2024-08-31,2153,N,VIIRS,n,2,291.29,2.05,N,2
36.90348,43.37829,304.57,0.67,0.73,2024-08-31,2153,N,VIIRS,n,2,290.77,2.59,N,2
36.90961,43.38741,308.7,0.67,0.73,2024-08-31,2153,N,VIIRS,n,2,291.09,2.39,N,2
36.90977,43.37875,317.37,0.67,0.73,2024-08-31,2153,N,VIIRS,n,2,290.69,2.39,N,2
36.91016,43.38704,315.11,0.67,0.73,2024-08-31,2153,N,VIIRS,n,2,291.22,2.05,N,2
36.91038,43.37836,308.97,0.67,0.73,2024-08-31,2153,N,VIIRS,n,2,290.57,2.59,N,0
36.93486,42.55126,304.34,0.74,0.76,2024-08-31,2153,N,VIIRS,n,2,292.65,0.41,N,0
36.94885,42.12667,323.0,0.78,0.78,2024-08-31,2153,N,VIIRS,n,2,294.39,5.1,N,2
36.94895,42.12727,327.55,0.78,0.78,2024-08-31,2153,N,VIIRS,n,2,294.33,6.07,N,2
36.96394,42.07986,303.52,0.78,0.78,2024-08-31,2153,N,VIIRS,n,2,291.95,0.78,N,2
36.98541,42.12743,319.54,0.78,0.78,2024-08-31,2153,N,VIIRS,n,2,291.32,3.27,N,0
36.98593,42.12408,323.32,0.78,0.78,2024-08-31,2153,N,VIIRS,n,2,291.85,2.77,N,0
36.99273,42.12769,311.91,0.78,0.78,2024-08-31,2153,N,VIIRS,n,2,292.3,3.27,N,0
36.99324,42.12438,304.47,0.78,0.78,2024-08-31,2153,N,VIIRS,n,2,291.49,2.77,N,0
37.07587,42.55252,307.88,0.74,0.76,2024-08-31,2153,N,VIIRS,n,2,294.14,1.79,N,2
37.10543,43.18183,315.08,0.68,0.74,2024-08-31,2153,N,VIIRS,n,2,292.26,2.26,N,0
37.10731,43.17785,306.44,0.68,0.74,2024-08-31,2153,N,VIIRS,n,2,291.86,1.92,N,0
39.20301,42.40262,305.35,0.77,0.77,2024-08-31,2153,N,VIIRS,n,2,286.27,2.29,N,0
39.20316,42.38326,299.14,0.77,0.77,2024-08-31,2153,N,VIIRS,n,2,285.46,1.23,N,0
39.20331,42.40159,306.58,0.77,0.77,2024-08-31,2153,N,VIIRS,n,2,286.31,2.31,N,0
39.20336,42.38218,299.32,0.77,0.77,2024-08-31,2153,N,VIIRS,n,2,285.17,2.05,N,0
39.21059,42.40189,309.47,0.77,0.77,2024-08-31,2153,N,VIIRS,n,2,286.21,2.74,N,0
35.52198,44.3421,315.79,0.58,0.69,2024-08-31,2154,N,VIIRS,n,2,295.33,2.65,N,2
35.52248,44.34246,324.07,0.58,0.69,2024-08-31,2154,N,VIIRS,n,2,295.82,3.54,N,2
35.52849,44.34267,347.85,0.58,0.69,2024-08-31,2154,N,VIIRS,n,2,296.4,5.47,N,2
35.52871,44.33587,344.23,0.58,0.7,2024-08-31,2154,N,VIIRS,n,2,296.47,5.47,N,2
35.52899,44.34299,342.75,0.58,0.69,2024-08-31,2154,N,VIIRS,n,2,295.79,8.65,N,2
35.52924,44.33621,346.4,0.58,0.69,2024-08-31,2154,N,VIIRS,n,2,296.78,7.25,N,2
35.53522,44.33653,329.05,0.58,0.7,2024-08-31,2154,N,VIIRS,n,2,295.66,5.47,N,2
35.53575,44.33685,324.33,0.58,0.69,2024-08-31,2154,N,VIIRS,n,2,295.66,7.25,N,2
35.62508,44.00725,316.54,0.6,0.71,2024-08-31,2154,N,VIIRS,n,2,295.23,2.52,N,2
35.62851,44.01167,313.62,0.6,0.71,2024-08-31,2154,N,VIIRS,n,2,295.63,4.6,N,2
35.62871,44.00465,342.59,0.6,0.71,2024-08-31,2154,N,VIIRS,n,2,297.06,4.6,N,2
35.63172,44.00736,345.97,0.6,0.71,2024-08-31,2154,N,VIIRS,n,2,297.28,6.93,N,2
35.65968,43.96782,306.71,0.61,0.71,2024-08-31,2154,N,VIIRS,n,2,295.4,5.0,N,2
35.65992,43.96087,344.04,0.61,0.71,2024-08-31,2154,N,VIIRS,n,2,296.19,5.0,N,2
35.66309,43.96558,339.62,0.61,0.71,2024-08-31,2154,N,VIIRS,n,2,297.28,6.42,N,2
35.6633,43.95864,320.15,0.61,0.71,2024-08-31,2154,N,VIIRS,n,2,295.66,7.27,N,2
35.68577,43.87551,367.0,0.61,0.71,2024-08-31,2154,N,VIIRS,h,2,299.5,12.52,N,2
35.68598,43.86844,309.38,0.61,0.71,2024-08-31,2154,N,VIIRS,n,2,295.54,12.52,N,2
35.72064,44.03919,305.26,0.6,0.71,2024-08-31,2154,N,VIIRS,n,2,295.19,2.51,N,2
35.72486,44.03872,337.43,0.6,0.71,2024-08-31,2154,N,VIIRS,n,2,297.25,6.66,N,2
35.72725,44.04001,328.56,0.6,0.71,2024-08-31,2154,N,VIIRS,n,2,297.02,2.51,N,2
35.72748,44.03294,315.47,0.6,0.71,2024-08-31,2154,N,VIIRS,n,2,296.06,6.04,N,2
35.73168,44.03242,313.37,0.6,0.71,2024-08-31,2154,N,VIIRS,n,2,295.99,2.82,N,2
35.77266,43.99392,319.15,0.61,0.71,2024-08-31,2154,N,VIIRS,n,2,295.65,2.82,N,2
35.83454,43.2159,307.91,0.67,0.73,2024-08-31,2154,N,VIIRS,n,2,296.16,2.42,N,2
35.92198,43.78727,310.2,0.62,0.72,2024-08-31,2154,N,VIIRS,n,2,295.24,1.82,N,2
35.9699,43.76093,314.12,0.62,0.72,2024-08-31,2154,N,VIIRS,n,2,297.22,5.03,N,2
35.97225,43.77002,308.99,0.62,0.72,2024-08-31,2154,N,VIIRS,n,2,297.29,6.07,N,2
35.98317,43.7676,311.2,0.62,0.72,2024-08-31,2154,N,VIIRS,n,2,297.54,4.26,N,2
36.01506,43.68365,305.96,0.63,0.72,2024-08-31,2154,N,VIIRS,n,2,294.97,2.16,N,2
36.01527,43.67617,306.46,0.63,0.72,2024-08-31,2154,N,VIIRS,n,2,294.65,2.16,N,2
36.14927,43.77623,307.84,0.63,0.72,2024-08-31,2154,N,VIIRS,n,2,296.72,3.88,N,0
36.7737,43.32471,330.86,0.67,0.73,2024-08-31,2154,N,VIIRS,n,2,294.9,6.43,N,2
36.77387,43.31751,307.33,0.67,0.74,2024-08-31,2154,N,VIIRS,n,2,294.69,6.38,N,2
39.15097,42.08936,303.03,0.43,0.46,2024-08-31,2333,N,VIIRS,n,2,286.58,0.52,N,0
39.15506,42.09078,297.8,0.43,0.46,2024-08-31,2333,N,VIIRS,n,2,287.2,0.52,N,0
39.207,42.40906,321.61,0.44,0.46,2024-08-31,2333,N,VIIRS,n,2,281.22,1.28,N,0
39.20736,42.38776,309.91,0.44,0.46,2024-08-31,2333,N,VIIRS,n,2,260.41,0.97,N,0
39.20927,42.39908,303.15,0.44,0.46,2024-08-31,2333,N,VIIRS,n,2,274.07,2.52,N,0
39.21115,42.41058,295.86,0.44,0.46,2024-08-31,2333,N,VIIRS,n,2,276.43,1.28,N,0
39.21228,42.40558,305.18,0.44,0.46,2024-08-31,2333,N,VIIRS,n,2,271.42,2.52,N,0
39.21342,42.40059,334.09,0.44,0.46,2024-08-31,2333,N,VIIRS,n,2,270.98,2.52,N,0
41.10862,37.32519,309.71,0.4,0.37,2024-08-31,2333,N,VIIRS,n,2,291.22,1.0,N,2
41.17529,32.63239,301.13,0.42,0.38,2024-08-31,2333,N,VIIRS,n,2,286.8,0.89,N,2
35.52313,44.34406,314.76,0.34,0.56,2024-08-31,2334,N,VIIRS,n,2,295.52,1.95,N,2
35.52814,44.34585,336.63,0.34,0.56,2024-08-31,2334,N,VIIRS,n,2,296.35,3.86,N,2
35.52905,44.34227,335.24,0.34,0.56,2024-08-31,2334,N,VIIRS,n,2,296.8,3.86,N,2
35.52996,44.33868,367.0,0.34,0.56,2024-08-31,2334,N,VIIRS,h,2,298.56,3.73,N,2
35.53497,44.34044,309.44,0.34,0.56,2024-08-31,2334,N,VIIRS,n,2,295.28,3.73,N,2
35.53589,44.3368,336.2,0.34,0.56,2024-08-31,2334,N,VIIRS,n,2,296.96,3.73,N,2
35.56538,44.28461,320.05,0.34,0.56,2024-08-31,2334,N,VIIRS,n,2,295.79,0.98,N,2
35.62838,44.01097,329.65,0.32,0.55,2024-08-31,2334,N,VIIRS,n,2,297.27,5.98,N,2
35.62923,44.00753,367.0,0.32,0.55,2024-08-31,2334,N,VIIRS,h,2,302.29,5.98,N,2
35.6609,43.9659,367.0,0.32,0.55,2024-08-31,2334,N,VIIRS,h,2,298.83,5.73,N,2
35.66175,43.96241,333.49,0.32,0.55,2024-08-31,2334,N,VIIRS,n,2,297.17,6.34,N,2
35.67662,44.06814,307.81,0.32,0.55,2024-08-31,2334,N,VIIRS,n,2,297.06,1.0,N,2
35.67748,44.0647,312.96,0.32,0.55,2024-08-31,2334,N,VIIRS,n,2,296.8,1.0,N,2
35.67847,44.06807,315.25,0.32,0.55,2024-08-31,2334,N,VIIRS,n,2,297.09,1.13,N,2
35.67932,44.0646,308.38,0.32,0.55,2024-08-31,2334,N,VIIRS,n,2,296.92,1.13,N,2
35.68252,43.87819,338.63,0.63,0.54,2024-08-31,2334,N,VIIRS,n,2,295.45,7.86,N,2
35.68421,43.87131,307.18,0.63,0.54,2024-08-31,2334,N,VIIRS,n,2,295.55,7.86,N,2
35.68738,43.87997,338.69,0.63,0.54,2024-08-31,2334,N,VIIRS,n,2,299.35,9.28,N,2
35.68908,43.87307,308.29,0.63,0.54,2024-08-31,2334,N,VIIRS,n,2,295.86,9.28,N,2
35.72566,44.04335,321.6,0.32,0.55,2024-08-31,2334,N,VIIRS,n,2,297.17,2.98,N,2
35.72653,44.03986,339.26,0.32,0.55,2024-08-31,2334,N,VIIRS,n,2,298.84,4.78,N,2
35.72826,44.03294,326.49,0.32,0.55,2024-08-31,2334,N,VIIRS,n,2,296.66,2.55,N,2
35.7746,43.99653,329.64,0.32,0.55,2024-08-31,2334,N,VIIRS,n,2,298.07,2.85,N,2
35.7764,44.20026,305.45,0.33,0.55,2024-08-31,2334,N,VIIRS,n,2,292.39,0.44,N,0
35.81379,43.25434,308.06,0.58,0.52,2024-08-31,2334,N,VIIRS,n,2,297.39,1.84,N,2
35.83695,43.22158,309.91,0.58,0.52,2024-08-31,2334,N,VIIRS,n,2,295.95,1.78,N,2
35.92599,43.79057,308.47,0.62,0.54,2024-08-31,2334,N,VIIRS,n,2,297.02,2.7,N,2
35.95174,43.72799,308.22,0.61,0.54,2024-08-31,2334,N,VIIRS,n,2,297.28,1.98,N,2
35.96382,43.76775,308.71,0.61,0.54,2024-08-31,2334,N,VIIRS,n,2,298.1,9.02,N,0
35.96764,43.76999,339.76,0.62,0.54,2024-08-31,2334,N,VIIRS,n,2,300.45,7.34,N,2
35.96854,43.76981,340.65,0.61,0.54,2024-08-31,2334,N,VIIRS,n,2,300.17,9.02,N,2
35.9693,43.76318,340.69,0.61,0.54,2024-08-31,2334,N,VIIRS,n,2,300.86,18.81,N,2
35.97023,43.76302,341.23,0.61,0.54,2024-08-31,2334,N,VIIRS,n,2,301.16,9.02,N,2
35.97238,43.77204,311.06,0.62,0.54,2024-08-31,2334,N,VIIRS,n,2,298.45,7.34,N,2
35.97327,43.77183,311.49,0.61,0.54,2024-08-31,2334,N,VIIRS,n,2,298.67,2.55,N,2
35.97969,43.76707,309.71,0.61,0.54,2024-08-31,2334,N,VIIRS,n,2,298.05,2.55,N,2
35.98351,43.76922,312.27,0.61,0.54,2024-08-31,2334,N,VIIRS,n,2,298.25,3.64,N,2
35.99799,43.88395,309.15,0.62,0.54,2024-08-31,2334,N,VIIRS,n,2,293.34,1.5,N,0
36.0168,43.68039,314.99,0.61,0.53,2024-08-31,2334,N,VIIRS,n,2,295.96,2.28,N,2
36.02158,43.68212,311.06,0.61,0.53,2024-08-31,2334,N,VIIRS,n,2,297.03,2.28,N,2
36.08337,43.64158,312.68,0.6,0.53,2024-08-31,2334,N,VIIRS,n,2,295.49,1.46,N,0
36.12492,41.04514,307.46,0.44,0.46,2024-08-31,2334,N,VIIRS,n,2,295.89,0.68,N,2
36.1435,40.81884,321.36,0.43,0.46,2024-08-31,2334,N,VIIRS,n,2,295.5,1.73,N,2
36.44096,42.92919,309.5,0.54,0.51,2024-08-31,2334,N,VIIRS,n,2,298.52,2.67,N,2
36.70923,43.24286,322.28,0.55,0.51,2024-08-31,2334,N,VIIRS,n,2,294.28,4.66,N,0
36.73629,36.20682,306.11,0.41,0.37,2024-08-31,2334,N,VIIRS,n,2,289.42,1.87,N,2
36.74821,43.4989,310.73,0.57,0.52,2024-08-31,2334,N,VIIRS,n,2,296.42,2.83,N,2
36.77568,43.32293,341.11,0.56,0.51,2024-08-31,2334,N,VIIRS,n,2,297.89,9.52,N,2
36.79769,37.02119,303.7,0.43,0.38,2024-08-31,2334,N,VIIRS,n,2,293.51,0.66,N,2
36.8674,43.48763,310.19,0.57,0.52,2024-08-31,2334,N,VIIRS,n,2,294.71,2.23,N,2
36.8691,34.76484,313.33,0.39,0.36,2024-08-31,2334,N,VIIRS,n,2,294.63,1.64,N,2
36.8907,43.43267,331.47,0.56,0.52,2024-08-31,2334,N,VIIRS,n,2,293.04,2.82,N,2
36.90582,43.39053,334.66,0.56,0.51,2024-08-31,2334,N,VIIRS,n,2,293.06,6.15,N,2
36.93655,42.13171,310.85,0.48,0.48,2024-08-31,2334,N,VIIRS,n,2,295.2,1.33,N,2
36.9409,42.1736,310.88,0.48,0.48,2024-08-31,2334,N,VIIRS,n,2,294.8,0.95,N,2
36.94638,42.12948,339.41,0.48,0.48,2024-08-31,2334,N,VIIRS,n,2,297.59,5.91,N,2
36.96255,35.45012,304.06,0.39,0.36,2024-08-31,2334,N,VIIRS,n,2,292.35,0.98,N,2
36.96262,42.07903,306.67,0.48,0.48,2024-08-31,2334,N,VIIRS,n,2,293.9,2.31,N,2
36.96374,42.17579,335.98,0.48,0.48,2024-08-31,2334,N,VIIRS,n,2,295.58,3.8,N,0
36.9844,42.12609,310.58,0.48,0.48,2024-08-31,2334,N,VIIRS,n,2,293.16,1.37,N,0
36.98752,42.13283,330.6,0.48,0.48,2024-08-31,2334,N,VIIRS,n,2,293.63,3.29,N,0
36.9887,42.12762,338.55,0.48,0.48,2024-08-31,2334,N,VIIRS,n,2,294.59,7.63,N,0
36.99183,42.13432,331.52,0.48,0.48,2024-08-31,2334,N,VIIRS,n,2,293.68,3.29,N,0
36.99538,41.56431,307.85,0.45,0.47,2024-08-31,2334,N,VIIRS,n,2,293.09,1.38,N,2
37.01305,41.58619,303.68,0.45,0.47,2024-08-31,2334,N,VIIRS,n,2,293.26,0.33,N,2
37.01408,43.54725,305.45,0.57,0.52,2024-08-31,2334,N,VIIRS,n,2,294.8,2.67,N,0
37.01463,43.5478,304.93,0.57,0.52,2024-08-31,2334,N,VIIRS,n,2,294.68,2.47,N,0
37.01779,36.10856,303.93,0.41,0.37,2024-08-31,2334,N,VIIRS,n,2,292.12,1.15,N,0
37.02116,36.10944,307.54,0.41,0.37,2024-08-31,2334,N,VIIRS,n,2,293.05,0.92,N,2
37.06046,43.62901,304.03,0.57,0.52,2024-08-31,2334,N,VIIRS,n,2,292.04,0.72,N,0
37.07851,42.55703,318.68,0.5,0.49,2024-08-31,2334,N,VIIRS,n,2,296.31,1.97,N,2
37.12812,42.30266,302.23,0.48,0.48,2024-08-31,2334,N,VIIRS,n,2,292.04,0.24,N,0
37.18039,40.69862,303.94,0.4,0.44,2024-08-31,2334,N,VIIRS,n,2,293.15,0.6,N,0
37.18452,37.41766,304.29,0.44,0.38,2024-08-31,2334,N,VIIRS,n,2,292.5,0.45,N,0
37.19696,33.29964,307.65,0.39,0.36,2024-08-31,2334,N,VIIRS,n,2,287.77,1.05,N,0
37.22502,39.94747,329.47,0.55,0.43,2024-08-31,2334,N,VIIRS,n,2,294.55,5.67,N,0
37.29502,37.15808,316.32,0.43,0.38,2024-08-31,2334,N,VIIRS,n,2,294.49,1.69,N,2
37.3518,37.16443,310.82,0.43,0.38,2024-08-31,2334,N,VIIRS,n,2,294.26,1.28,N,2
37.42094,38.58252,303.72,0.48,0.4,2024-08-31,2334,N,VIIRS,n,2,293.57,0.62,N,0
37.51966,38.66057,328.96,0.48,0.4,2024-08-31,2334,N,VIIRS,n,2,293.6,4.08,N,0
37.54992,39.00605,319.58,0.5,0.41,2024-08-31,2334,N,VIIRS,n,2,292.9,1.73,N,0
37.58403,38.01303,322.21,0.45,0.39,2024-08-31,2334,N,VIIRS,n,2,292.76,1.98,N,0
37.58757,38.01408,305.24,0.45,0.39,2024-08-31,2334,N,VIIRS,n,2,292.51,0.58,N,0
37.77289,27.4403,306.86,0.42,0.45,2024-08-31,2334,N,VIIRS,n,2,291.39,0.92,N,2
37.86418,29.37206,299.7,0.51,0.41,2024-08-31,2334,N,VIIRS,n,2,289.54,1.02,N,2
38.22415,40.50314,307.8,0.56,0.43,2024-08-31,2334,N,VIIRS,n,2,292.14,1.46,N,2
38.24722,33.77881,302.85,0.39,0.36,2024-08-31,2334,N,VIIRS,n,2,280.94,0.22,N,0
38.26084,37.07874,299.14,0.42,0.37,2024-08-31,2334,N,VIIRS,n,2,285.95,0.29,N,0
38.42783,27.21497,317.77,0.43,0.46,2024-08-31,2334,N,VIIRS,n,2,291.19,1.97,N,2
38.42872,27.21867,307.07,0.43,0.46,2024-08-31,2334,N,VIIRS,n,2,290.88,1.39,N,2
38.4536,38.72669,312.03,0.47,0.4,2024-08-31,2334,N,VIIRS,n,2,293.06,1.79,N,2
38.55254,36.07121,304.9,0.4,0.37,2024-08-31,2334,N,VIIRS,n,2,282.46,1.05,N,0
38.55434,36.08109,321.1,0.4,0.37,2024-08-31,2334,N,VIIRS,n,2,282.59,1.73,N,0
38.65027,39.77136,311.1,0.51,0.41,2024-08-31,2334,N,VIIRS,n,2,289.44,1.3,N,2
38.65399,39.77256,306.51,0.51,0.41,2024-08-31,2334,N,VIIRS,n,2,290.54,0.71,N,2
38.65915,30.62046,303.75,0.46,0.39,2024-08-31,2334,N,VIIRS,n,2,286.76,0.75,N,2
38.66508,39.23263,303.2,0.49,0.4,2024-08-31,2334,N,VIIRS,n,2,292.44,0.78,N,2
38.70909,31.19889,314.89,0.44,0.38,2024-08-31,2334,N,VIIRS,n,2,284.93,1.22,N,0
38.70974,31.19385,298.15,0.44,0.38,2024-08-31,2334,N,VIIRS,n,2,284.43,1.38,N,0
38.73286,26.96376,305.1,0.45,0.47,2024-08-31,2334,N,VIIRS,n,2,289.53,1.02,N,2
38.73478,26.94266,303.91,0.45,0.47,2024-08-31,2334,N,VIIRS,n,2,290.77,1.47,N,2
38.73864,26.94844,305.23,0.45,0.47,2024-08-31,2334,N,VIIRS,n,2,291.67,1.47,N,2
38.74155,26.96476,303.09,0.45,0.47,2024-08-31,2334,N,VIIRS,n,2,289.47,0.57,N,2
38.74731,26.94968,317.47,0.45,0.47,2024-08-31,2334,N,VIIRS,n,2,290.72,1.92,N,2
38.82543,36.08774,296.39,0.39,0.36,2024-08-31,2334,N,VIIRS,n,2,283.61,0.42,N,0
38.85894,35.76608,300.57,0.39,0.36,2024-08-31,2334,N,VIIRS,n,2,288.28,0.58,N,0
38.89839,41.50422,300.16,0.41,0.45,2024-08-31,2334,N,VIIRS,n,2,284.73,0.64,N,0
38.91478,37.4433,295.58,0.42,0.38,2024-08-31,2334,N,VIIRS,n,2,283.72,0.34,N,0
39.00058,41.96741,313.48,0.42,0.46,2024-08-31,2334,N,VIIRS,n,2,285.49,1.07,N,0
39.00163,41.96268,308.63,0.42,0.46,2024-08-31,2334,N,VIIRS,n,2,285.28,1.07,N,0
39.00571,41.96418,307.93,0.42,0.46,2024-08-31,2334,N,VIIRS,n,2,285.95,1.07,N,0
39.00977,41.96573,301.33,0.42,0.46,2024-08-31,2334,N,VIIRS,n,2,286.21,0.74,N,0
39.01188,42.07566,295.1,0.43,0.46,2024-08-31,2334,N,VIIRS,n,2,284.13,1.0,N,0
39.0149,42.08199,299.95,0.43,0.46,2024-08-31,2334,N,VIIRS,n,2,283.99,0.49,N,0
39.06124,42.05265,317.5,0.43,0.46,2024-08-31,2334,N,VIIRS,n,2,288.32,1.86,N,0
39.06427,42.05886,318.22,0.43,0.46,2024-08-31,2334,N,VIIRS,n,2,288.39,3.0,N,0
39.06536,42.05398,320.5,0.43,0.46,2024-08-31,2334,N,VIIRS,n,2,288.83,3.0,N,0
39.06644,42.04916,340.1,0.43,0.46,2024-08-31,2334,N,VIIRS,n,2,288.93,3.2,N,0
39.06948,42.05532,328.94,0.43,0.46,2024-08-31,2334,N,VIIRS,n,2,289.62,3.0,N,0
39.07056,42.05051,308.16,0.43,0.46,2024-08-31,2334,N,VIIRS,n,2,288.31,3.2,N,0
39.16809,27.6335,301.14,0.42,0.45,2024-08-31,2334,N,VIIRS,n,2,288.8,0.66,N,2
39.16855,27.62852,304.16,0.42,0.45,2024-08-31,2334,N,VIIRS,n,2,289.3,1.03,N,2
39.40063,35.35345,296.84,0.39,0.36,2024-08-31,2334,N,VIIRS,n,2,285.85,0.35,N,0
39.48358,30.04181,300.55,0.49,0.41,2024-08-31,2334,N,VIIRS,n,2,281.01,1.21,N,2
39.49567,35.11873,298.73,0.38,0.36,2024-08-31,2334,N,VIIRS,n,2,286.74,0.35,N,0
39.51646,35.20272,306.97,0.38,0.36,2024-08-31,2334,N,VIIRS,n,2,285.44,1.09,N,0
39.60251,35.15416,307.75,0.38,0.36,2024-08-31,2334,N,VIIRS,n,2,287.7,0.77,N,0
40.78246,29.60067,300.93,0.53,0.42,2024-08-31,2334,N,VIIRS,n,2,285.02,2.25,N,2
41.0188,28.55519,308.75,0.4,0.44,2024-08-31,2334,N,VIIRS,n,2,289.43,1.03,N,2
41.02289,28.55585,314.77,0.4,0.44,2024-08-31,2334,N,VIIRS,n,2,290.91,1.15,N,2
36.26329,33.72752,311.56,0.38,0.36,2024-08-31,2335,N,VIIRS,n,2,294.42,1.06,N,2
36.93429,30.64796,305.52,0.44,0.38,2024-08-31,2335,N,VIIRS,n,2,293.01,0.75,N,2
37.25425,30.44135,300.31,0.45,0.39,2024-08-31,2335,N,VIIRS,n,2,288.61,0.8,N,2
37.77214,27.43846,308.25,0.41,0.45,2024-08-31,2335,N,VIIRS,n,2,291.65,0.95,N,2
38.73711,26.94184,301.1,0.7,0.75,2024-09-01,114,N,VIIRS,n,2,285.88,1.37,N,2
38.74363,26.94526,304.72,0.7,0.75,2024-09-01,114,N,VIIRS,n,2,285.39,1.37,N,2
38.74524,26.94434,300.74,0.7,0.75,2024-09-01,114,N,VIIRS,n,2,284.9,2.23,N,2
41.02193,28.55481,307.17,0.71,0.75,2024-09-01,114,N,VIIRS,n,2,284.63,3.09,N,2
35.52531,44.34256,352.27,0.4,0.6,2024-09-01,914,N,VIIRS,n,2,313.8,6.26,D,2
35.52646,44.34697,340.36,0.4,0.6,2024-09-01,914,N,VIIRS,n,2,311.93,10.09,D,2
35.53065,44.34052,367.0,0.4,0.6,2024-09-01,914,N,VIIRS,h,2,314.4,6.26,D,2
35.53603,44.33855,343.83,0.4,0.6,2024-09-01,914,N,VIIRS,n,2,313.43,6.5,D,2
35.56296,43.60186,350.44,0.44,0.62,2024-09-01,914,N,VIIRS,n,2,312.1,6.27,D,0
35.62651,44.01172,367.0,0.41,0.61,2024-09-01,914,N,VIIRS,h,2,316.03,7.61,D,2
35.62933,44.0068,352.54,0.41,0.61,2024-09-01,914,N,VIIRS,n,2,313.27,7.4,D,2
35.63053,44.01126,355.9,0.41,0.61,2024-09-01,914,N,VIIRS,n,2,315.03,7.4,D,2
35.66023,43.9655,367.0,0.42,0.61,2024-09-01,914,N,VIIRS,h,2,318.08,14.97,D,2
35.6812,43.87584,351.26,0.42,0.61,2024-09-01,914,N,VIIRS,n,2,313.06,8.08,D,2
35.68242,43.88037,351.33,0.42,0.61,2024-09-01,914,N,VIIRS,n,2,313.21,9.31,D,2
35.6846,43.87622,352.87,0.42,0.61,2024-09-01,914,N,VIIRS,n,2,318.23,17.49,D,2
35.68579,43.88074,347.62,0.42,0.61,2024-09-01,914,N,VIIRS,n,2,313.53,17.49,D,2
35.68668,43.87381,367.0,0.42,0.61,2024-09-01,914,N,VIIRS,h,2,313.02,11.6,D,2
35.68789,43.8783,367.0,0.42,0.61,2024-09-01,914,N,VIIRS,h,2,313.25,14.86,D,2
35.7218,44.04042,346.03,0.41,0.61,2024-09-01,914,N,VIIRS,n,2,313.8,9.01,D,2
35.72601,44.04203,352.49,0.41,0.61,2024-09-01,914,N,VIIRS,n,2,314.27,10.28,D,2
35.77855,43.50632,346.97,0.44,0.62,2024-09-01,914,N,VIIRS,n,2,311.41,3.71,D,0
35.83253,43.79827,348.31,0.42,0.61,2024-09-01,914,N,VIIRS,n,2,313.64,3.65,D,0
35.98208,43.77083,351.4,0.42,0.61,2024-09-01,914,N,VIIRS,n,2,315.28,3.92,D,2
35.98383,43.76897,352.52,0.42,0.61,2024-09-01,914,N,VIIRS,n,2,314.42,4.52,D,2
35.99238,43.74223,367.0,0.42,0.61,2024-09-01,914,N,VIIRS,h,2,318.55,24.81,D,0
35.99425,43.7402,357.01,0.42,0.61,2024-09-01,914,N,VIIRS,n,2,315.27,11.7,D,0
35.99539,43.74451,355.45,0.42,0.61,2024-09-01,914,N,VIIRS,n,2,315.43,11.7,D,0
36.01796,43.68062,344.9,0.42,0.61,2024-09-01,914,N,VIIRS,n,2,314.31,5.58,D,2
36.07942,43.86567,367.0,0.41,0.61,2024-09-01,914,N,VIIRS,h,2,316.91,11.71,D,0
36.77538,43.3238,356.0,0.42,0.61,2024-09-01,914,N,VIIRS,n,2,312.98,8.8,D,2
36.73768,41.88657,342.51,0.5,0.66,2024-09-01,915,N,VIIRS,n,2,307.14,3.0,D,0
36.74302,42.09309,342.0,0.49,0.65,2024-09-01,915,N,VIIRS,n,2,310.87,5.24,D,0
36.77333,43.32576,353.09,0.42,0.61,2024-09-01,915,N,VIIRS,n,2,314.01,6.45,D,2
36.79631,38.80081,346.86,0.71,0.75,2024-09-01,915,N,VIIRS,n,2,300.8,7.66,D,0
36.79706,38.80132,347.69,0.71,0.75,2024-09-01,915,N,VIIRS,n,2,300.51,11.46,D,0
36.81203,41.98809,341.85,0.49,0.65,2024-09-01,915,N,VIIRS,n,2,308.59,4.38,D,0
36.90415,43.38712,348.73,0.42,0.61,2024-09-01,915,N,VIIRS,n,2,306.58,5.25,D,2
36.9064,39.94163,367.0,0.62,0.71,2024-09-01,915,N,VIIRS,h,2,307.39,24.27,D,0
36.90752,43.38709,350.19,0.41,0.61,2024-09-01,915,N,VIIRS,n,2,307.68,5.29,D,2
36.90825,39.94249,356.7,0.62,0.71,2024-09-01,915,N,VIIRS,n,2,310.17,27.63,D,0
36.90849,39.94842,367.0,0.62,0.71,2024-09-01,915,N,VIIRS,h,2,310.72,37.72,D,0
36.91029,39.94925,367.0,0.62,0.71,2024-09-01,915,N,VIIRS,h,2,309.08,27.63,D,0
36.91274,39.93892,367.0,0.62,0.71,2024-09-01,915,N,VIIRS,h,2,305.92,24.27,D,0
36.91457,39.93968,340.81,0.62,0.71,2024-09-01,915,N,VIIRS,n,2,304.25,27.63,D,0
36.91479,39.9456,343.94,0.62,0.71,2024-09-01,915,N,VIIRS,n,2,303.26,37.72,D,0
36.94574,42.1319,367.0,0.48,0.65,2024-09-01,915,N,VIIRS,h,2,312.24,9.06,D,2
36.95091,40.86527,340.28,0.56,0.69,2024-09-01,915,N,VIIRS,n,2,307.53,3.21,D,0
37.01141,43.55131,349.1,0.4,0.6,2024-09-01,915,N,VIIRS,n,2,304.49,9.15,D,0
37.02337,43.5517,340.65,0.4,0.6,2024-09-01,915,N,VIIRS,n,2,304.94,4.52,D,0
37.14338,40.04685,367.0,0.6,0.71,2024-09-01,915,N,VIIRS,h,2,306.05,14.05,D,0
37.14536,40.05342,343.47,0.6,0.71,2024-09-01,915,N,VIIRS,n,2,303.45,14.05,D,0
37.15502,40.03957,334.67,0.6,0.71,2024-09-01,915,N,VIIRS,n,2,302.68,9.15,D,0
37.15588,40.04128,331.96,0.6,0.71,2024-09-01,915,N,VIIRS,n,2,301.93,11.62,D,0
37.20444,43.22133,340.69,0.42,0.61,2024-09-01,915,N,VIIRS,n,2,310.44,5.17,D,0
37.42216,39.55337,344.08,0.63,0.72,2024-09-01,915,N,VIIRS,n,2,306.09,7.39,D,0
37.58469,38.01781,333.84,0.74,0.76,2024-09-01,915,N,VIIRS,n,2,302.84,5.0,D,0
37.58779,38.01718,332.7,0.74,0.76,2024-09-01,915,N,VIIRS,n,2,302.55,8.45,D,0
37.94167,40.93045,342.63,0.52,0.67,2024-09-01,915,N,VIIRS,n,2,310.45,5.58,D,0
37.94751,40.92766,367.0,0.52,0.67,2024-09-01,915,N,VIIRS,h,2,316.29,42.22,D,0
38.07997,41.04268,367.0,0.51,0.66,2024-09-01,915,N,VIIRS,h,2,310.65,14.55,D,0
38.1575,38.8805,335.95,0.65,0.73,2024-09-01,915,N,VIIRS,n,2,302.53,8.12,D,0
38.30707,38.0052,341.33,0.71,0.75,2024-09-01,915,N,VIIRS,n,2,301.45,5.16,D,0
38.50057,38.183,331.88,0.68,0.74,2024-09-01,915,N,VIIRS,n,2,301.54,4.53,D,0
38.50158,38.18505,355.25,0.68,0.74,2024-09-01,915,N,VIIRS,n,2,301.67,13.59,D,0
38.50285,38.19016,332.07,0.68,0.74,2024-09-01,915,N,VIIRS,n,2,299.56,4.53,D,0
38.50699,38.1796,331.35,0.68,0.74,2024-09-01,915,N,VIIRS,n,2,299.5,7.97,D,0
38.92341,40.28193,336.43,0.53,0.67,2024-09-01,915,N,VIIRS,n,2,302.11,2.54,D,0
39.01827,41.98396,354.98,0.43,0.62,2024-09-01,915,N,VIIRS,n,2,304.2,16.6,D,0
39.01965,41.98891,367.0,0.43,0.62,2024-09-01,915,N,VIIRS,h,2,311.0,16.6,D,0
39.02368,41.98137,336.23,0.43,0.62,2024-09-01,915,N,VIIRS,n,2,305.96,4.26,D,0
39.02504,41.98625,335.95,0.43,0.62,2024-09-01,915,N,VIIRS,n,2,306.26,4.26,D,0
39.03175,41.96638,332.03,0.43,0.62,2024-09-01,915,N,VIIRS,n,2,299.18,3.92,D,0
39.03728,41.96423,339.74,0.43,0.62,2024-09-01,915,N,VIIRS,n,2,308.15,3.92,D,0
39.07008,42.06007,367.0,0.43,0.62,2024-09-01,915,N,VIIRS,h,2,311.21,11.55,D,0
39.07422,42.05301,367.0,0.43,0.62,2024-09-01,915,N,VIIRS,h,2,307.07,11.6,D,0
39.0756,42.058,340.3,0.43,0.62,2024-09-01,915,N,VIIRS,n,2,307.36,11.55,D,0
39.15396,42.38568,367.0,0.41,0.6,2024-09-01,915,N,VIIRS,h,2,308.72,36.21,D,0
39.18555,42.17867,348.72,0.42,0.61,2024-09-01,915,N,VIIRS,n,2,311.75,7.39,D,0
39.20976,42.15698,341.51,0.42,0.61,2024-09-01,915,N,VIIRS,n,2,310.95,7.41,D,0
39.21527,42.39391,356.38,0.41,0.6,2024-09-01,915,N,VIIRS,n,2,308.96,4.09,D,0
39.22365,42.35939,344.34,0.41,0.6,2024-09-01,915,N,VIIRS,n,2,311.39,3.67,D,0
39.27649,44.42513,367.0,0.32,0.55,2024-09-01,915,N,VIIRS,h,2,307.82,9.37,D,0
39.31678,41.79917,356.37,0.43,0.62,2024-09-01,915,N,VIIRS,n,2,310.51,5.45,D,0
39.41719,39.35407,330.52,0.57,0.69,2024-09-01,915,N,VIIRS,n,2,299.35,2.14,D,0
39.96077,41.52546,332.15,0.43,0.62,2024-09-01,915,N,VIIRS,n,2,300.45,3.69,D,0
40.13867,42.22005,331.61,0.39,0.59,2024-09-01,915,N,VIIRS,n,2,303.75,1.94,D,0
39.01807,36.57874,335.71,0.79,0.78,2024-09-01,916,N,VIIRS,n,2,302.0,6.97,D,0
39.37574,37.18971,333.28,0.72,0.76,2024-09-01,916,N,VIIRS,n,2,300.07,4.89,D,0
39.87531,36.87907,332.84,0.72,0.75,2024-09-01,916,N,VIIRS,n,2,301.64,8.62,D,0
39.88005,36.87566,340.5,0.72,0.75,2024-09-01,916,N,VIIRS,n,2,301.97,12.43,D,0
41.3021,43.56504,338.75,0.63,0.54,2024-09-01,916,N,VIIRS,n,2,296.42,7.83,D,0
41.30293,43.56411,336.56,0.62,0.54,2024-09-01,916,N,VIIRS,n,2,296.37,3.86,D,0
42.30207,42.49263,353.71,0.33,0.55,2024-09-01,916,N,VIIRS,n,2,296.75,6.04,D,0
35.5259,44.34651,350.25,0.49,0.65,2024-09-01,1055,N,VIIRS,n,2,311.96,7.62,D,2
35.53174,44.34066,367.0,0.49,0.65,2024-09-01,1055,N,VIIRS,h,2,313.64,12.04,D,2
35.62692,44.00758,367.0,0.47,0.64,2024-09-01,1055,N,VIIRS,h,2,314.07,8.43,D,2
35.62716,44.01281,350.82,0.47,0.64,2024-09-01,1055,N,VIIRS,n,2,314.56,8.43,D,2
35.66095,43.96788,367.0,0.46,0.64,2024-09-01,1055,N,VIIRS,h,2,315.71,15.1,D,2
35.68372,43.87426,350.16,0.46,0.63,2024-09-01,1055,N,VIIRS,n,2,313.54,24.33,D,2
35.68395,43.87951,367.0,0.46,0.64,2024-09-01,1055,N,VIIRS,h,2,315.93,40.11,D,2
35.68533,43.91048,348.35,0.46,0.64,2024-09-01,1055,N,VIIRS,n,2,315.2,6.09,D,0
35.68627,43.87688,349.73,0.46,0.63,2024-09-01,1055,N,VIIRS,n,2,317.96,24.1,D,2
35.68653,43.88211,347.89,0.46,0.63,2024-09-01,1055,N,VIIRS,n,2,312.54,24.1,D,2
35.72697,44.0397,345.49,0.47,0.64,2024-09-01,1055,N,VIIRS,n,2,312.38,5.51,D,2
35.78936,37.95783,346.46,0.43,0.46,2024-09-01,1055,N,VIIRS,n,2,302.02,59.41,D,0
35.79186,37.95035,344.56,0.43,0.46,2024-09-01,1055,N,VIIRS,n,2,301.84,71.84,D,0
35.7923,37.95515,347.94,0.43,0.46,2024-09-01,1055,N,VIIRS,n,2,302.89,71.84,D,0
35.80759,37.01015,339.92,0.38,0.44,2024-09-01,1055,N,VIIRS,n,2,306.7,2.43,D,0
35.85508,37.14886,335.31,0.39,0.44,2024-09-01,1055,N,VIIRS,n,2,305.16,1.57,D,0
35.9242,43.78963,342.0,0.46,0.63,2024-09-01,1055,N,VIIRS,n,2,313.36,4.24,D,2
35.98005,43.77261,350.34,0.46,0.63,2024-09-01,1055,N,VIIRS,n,2,314.76,7.1,D,2
35.98263,43.77126,351.81,0.46,0.63,2024-09-01,1055,N,VIIRS,n,2,315.69,8.06,D,2
36.01741,43.68262,349.04,0.45,0.63,2024-09-01,1055,N,VIIRS,n,2,316.07,6.49,D,2
36.21226,42.82776,353.03,0.41,0.6,2024-09-01,1055,N,VIIRS,n,2,311.19,6.06,D,0
36.27543,36.43284,332.98,0.55,0.43,2024-09-01,1055,N,VIIRS,n,2,300.68,1.64,D,0
36.32,36.2526,351.32,0.54,0.42,2024-09-01,1055,N,VIIRS,n,2,302.13,15.19,D,0
36.32064,36.25863,348.15,0.54,0.42,2024-09-01,1055,N,VIIRS,n,2,299.23,15.19,D,0
36.44125,36.53649,338.47,0.56,0.43,2024-09-01,1055,N,VIIRS,n,2,308.1,14.6,D,0
36.60422,40.54345,344.2,0.61,0.53,2024-09-01,1055,N,VIIRS,n,2,311.98,7.46,D,0
36.69828,43.23621,350.3,0.43,0.62,2024-09-01,1055,N,VIIRS,n,2,315.64,7.44,D,0
36.69876,43.23563,355.19,0.43,0.62,2024-09-01,1055,N,VIIRS,n,2,316.05,6.36,D,0
36.70379,43.23068,346.45,0.43,0.62,2024-09-01,1055,N,VIIRS,n,2,314.89,6.86,D,0
36.70404,43.23561,353.61,0.43,0.62,2024-09-01,1055,N,VIIRS,n,2,313.4,7.44,D,0
36.70452,43.235,348.22,0.43,0.62,2024-09-01,1055,N,VIIRS,n,2,312.71,6.36,D,0
36.75535,35.38023,336.72,0.5,0.41,2024-09-01,1055,N,VIIRS,n,2,301.62,6.08,D,0
36.77841,43.3228,344.41,0.44,0.62,2024-09-01,1055,N,VIIRS,n,2,310.65,3.4,D,2
36.81015,34.70598,338.49,0.47,0.39,2024-09-01,1055,N,VIIRS,n,2,304.67,1.74,D,0
36.81034,41.39968,343.54,0.34,0.56,2024-09-01,1055,N,VIIRS,n,2,313.48,3.87,D,0
36.87625,35.08991,339.02,0.48,0.4,2024-09-01,1055,N,VIIRS,n,2,301.88,3.46,D,0
36.89375,43.43131,338.08,0.44,0.63,2024-09-01,1055,N,VIIRS,n,2,308.15,2.84,D,2
36.909,43.39634,335.33,0.44,0.63,2024-09-01,1055,N,VIIRS,n,2,305.2,8.22,D,2
36.90947,43.39375,342.07,0.44,0.63,2024-09-01,1055,N,VIIRS,n,2,306.63,4.67,D,2
36.93296,42.10333,367.0,0.37,0.58,2024-09-01,1055,N,VIIRS,h,2,310.33,6.48,D,0
36.93321,42.10758,349.57,0.37,0.58,2024-09-01,1055,N,VIIRS,n,2,309.38,6.48,D,0
36.93473,42.13322,341.41,0.38,0.58,2024-09-01,1055,N,VIIRS,n,2,310.53,2.39,D,2
36.94251,42.17223,344.44,0.38,0.59,2024-09-01,1055,N,VIIRS,n,2,311.52,2.68,D,2
36.99282,35.08577,340.51,0.49,0.4,2024-09-01,1055,N,VIIRS,n,2,306.42,4.07,D,0
37.01046,43.56032,355.84,0.45,0.63,2024-09-01,1055,N,VIIRS,n,2,304.1,9.49,D,0
37.01252,39.91113,344.03,0.57,0.52,2024-09-01,1055,N,VIIRS,n,2,308.61,7.19,D,0
37.01389,39.91297,340.79,0.57,0.52,2024-09-01,1055,N,VIIRS,n,2,308.32,9.05,D,0
37.01553,43.54264,337.16,0.45,0.63,2024-09-01,1055,N,VIIRS,n,2,305.06,3.93,D,0
37.15109,39.76367,345.21,0.56,0.51,2024-09-01,1055,N,VIIRS,n,2,306.77,10.89,D,0
37.15157,39.77006,342.56,0.56,0.51,2024-09-01,1055,N,VIIRS,n,2,307.25,10.89,D,0
37.15822,40.35994,347.68,0.6,0.53,2024-09-01,1055,N,VIIRS,n,2,311.57,12.75,D,0
37.15939,40.35892,343.99,0.6,0.53,2024-09-01,1055,N,VIIRS,n,2,311.46,4.95,D,0
37.2085,43.2227,343.69,0.44,0.62,2024-09-01,1055,N,VIIRS,n,2,313.54,8.84,D,0
37.23701,38.26406,345.7,0.46,0.47,2024-09-01,1055,N,VIIRS,n,2,314.73,80.41,D,0
37.3031,42.20052,367.0,0.38,0.59,2024-09-01,1055,N,VIIRS,h,2,315.97,12.97,D,0
37.42577,36.98213,342.54,0.4,0.44,2024-09-01,1055,N,VIIRS,n,2,309.16,2.49,D,0
37.54276,38.22076,339.75,0.47,0.47,2024-09-01,1055,N,VIIRS,n,2,310.83,3.17,D,0
37.54982,39.02707,343.58,0.51,0.5,2024-09-01,1055,N,VIIRS,n,2,314.5,11.48,D,0
37.5503,39.03292,343.92,0.51,0.5,2024-09-01,1055,N,VIIRS,n,2,313.71,11.48,D,0
37.55442,39.0265,346.52,0.51,0.5,2024-09-01,1055,N,VIIRS,n,2,313.45,11.84,D,0
37.5549,39.03236,342.51,0.51,0.5,2024-09-01,1055,N,VIIRS,n,2,313.54,11.84,D,0
37.67887,41.75062,354.82,0.36,0.58,2024-09-01,1055,N,VIIRS,n,2,309.37,2.35,D,0
37.67915,41.75508,335.7,0.36,0.58,2024-09-01,1055,N,VIIRS,n,2,309.42,2.9,D,0
37.68169,41.75179,367.0,0.36,0.58,2024-09-01,1055,N,VIIRS,h,2,316.21,15.7,D,0
37.68193,41.75624,339.18,0.36,0.58,2024-09-01,1055,N,VIIRS,n,2,308.38,11.93,D,0
37.94197,40.93145,356.87,0.33,0.55,2024-09-01,1055,N,VIIRS,n,2,312.4,8.49,D,0
37.94355,40.93211,356.27,0.33,0.55,2024-09-01,1055,N,VIIRS,n,2,315.66,13.19,D,0
37.94378,40.936,367.0,0.33,0.55,2024-09-01,1055,N,VIIRS,h,2,311.05,13.14,D,0
37.95432,40.93895,367.0,0.33,0.55,2024-09-01,1055,N,VIIRS,h,2,318.13,12.05,D,0
37.95456,40.94292,367.0,0.33,0.55,2024-09-01,1055,N,VIIRS,h,2,315.96,11.37,D,0
37.95922,40.93452,347.84,0.33,0.55,2024-09-01,1055,N,VIIRS,n,2,314.43,8.02,D,0
37.9597,40.94237,343.79,0.33,0.55,2024-09-01,1055,N,VIIRS,n,2,317.11,13.91,D,0
37.95995,40.94638,367.0,0.33,0.55,2024-09-01,1055,N,VIIRS,h,2,313.86,13.91,D,0
37.9646,40.93787,367.0,0.33,0.55,2024-09-01,1055,N,VIIRS,h,2,315.05,8.02,D,0
37.96484,40.94183,349.22,0.33,0.55,2024-09-01,1055,N,VIIRS,n,2,316.89,13.91,D,0
37.9651,40.94587,346.72,0.33,0.55,2024-09-01,1055,N,VIIRS,n,2,317.59,13.91,D,0
37.96535,40.94987,367.0,0.33,0.55,2024-09-01,1055,N,VIIRS,h,2,312.41,26.51,D,0
37.96999,40.94133,367.0,0.33,0.55,2024-09-01,1055,N,VIIRS,h,2,314.09,42.66,D,0
37.97049,40.94936,367.0,0.33,0.55,2024-09-01,1055,N,VIIRS,h,2,322.78,97.26,D,0
38.06643,40.41037,352.26,0.62,0.54,2024-09-01,1055,N,VIIRS,n,2,313.97,14.46,D,0
38.15962,38.87978,349.34,0.51,0.5,2024-09-01,1055,N,VIIRS,n,2,317.84,12.49,D,0
38.16465,38.88478,346.72,0.51,0.5,2024-09-01,1055,N,VIIRS,n,2,313.12,12.49,D,0
37.80049,31.68778,355.27,0.39,0.36,2024-09-01,1056,N,VIIRS,n,2,319.22,9.7,D,0
37.83897,31.5843,355.72,0.39,0.36,2024-09-01,1056,N,VIIRS,n,2,314.27,13.42,D,0
37.83958,31.58873,350.62,0.39,0.36,2024-09-01,1056,N,VIIRS,n,2,315.47,8.79,D,0
37.84291,31.58797,349.68,0.39,0.36,2024-09-01,1056,N,VIIRS,n,2,311.25,8.79,D,0
37.88242,31.69786,349.78,0.39,0.36,2024-09-01,1056,N,VIIRS,n,2,313.7,6.71,D,0
38.37872,37.10965,345.75,0.42,0.45,2024-09-01,1056,N,VIIRS,n,2,313.99,4.39,D,0
38.59506,32.19008,335.93,0.4,0.37,2024-09-01,1056,N,VIIRS,n,2,303.42,3.04,D,0
38.72773,36.57557,347.77,0.4,0.44,2024-09-01,1056,N,VIIRS,n,2,312.13,7.62,D,0
38.7318,36.575,342.11,0.4,0.44,2024-09-01,1056,N,VIIRS,n,2,309.4,5.97,D,0
38.74084,36.54145,345.91,0.39,0.44,2024-09-01,1056,N,VIIRS,n,2,311.6,9.2,D,0
38.74429,36.53782,345.35,0.39,0.44,2024-09-01,1056,N,VIIRS,n,2,311.75,18.97,D,0
38.74445,36.53635,341.82,0.39,0.44,2024-09-01,1056,N,VIIRS,n,2,309.63,9.32,D,0
38.74491,36.54095,343.74,0.39,0.44,2024-09-01,1056,N,VIIRS,n,2,308.11,12.5,D,0
38.90365,39.78619,347.41,0.58,0.52,2024-09-01,1056,N,VIIRS,n,2,314.1,7.62,D,0
38.90639,39.78727,346.76,0.58,0.52,2024-09-01,1056,N,VIIRS,n,2,315.15,7.71,D,0
38.90848,39.78502,353.17,0.58,0.52,2024-09-01,1056,N,VIIRS,n,2,316.59,14.9,D,0
38.91331,39.78384,348.08,0.58,0.52,2024-09-01,1056,N,VIIRS,n,2,313.84,14.9,D,0
39.029,41.98627,341.27,0.39,0.59,2024-09-01,1056,N,VIIRS,n,2,308.63,8.37,D,0
39.03364,41.97704,352.78,0.39,0.59,2024-09-01,1056,N,VIIRS,n,2,314.12,10.18,D,0
39.03386,41.98158,353.98,0.39,0.59,2024-09-01,1056,N,VIIRS,n,2,310.66,11.5,D,0
39.03402,41.97677,351.44,0.38,0.59,2024-09-01,1056,N,VIIRS,n,2,313.31,10.07,D,0
39.03426,41.98128,356.5,0.39,0.59,2024-09-01,1056,N,VIIRS,n,2,311.01,8.37,D,0
39.03827,41.95851,345.39,0.38,0.59,2024-09-01,1056,N,VIIRS,n,2,313.28,5.46,D,0
39.04642,42.55431,350.51,0.41,0.61,2024-09-01,1056,N,VIIRS,n,2,312.06,7.15,D,0
39.05223,36.45234,343.23,0.39,0.44,2024-09-01,1056,N,VIIRS,n,2,310.01,5.6,D,0
39.05526,36.44818,345.95,0.39,0.44,2024-09-01,1056,N,VIIRS,n,2,309.25,8.89,D,0
39.05569,36.45277,344.67,0.39,0.44,2024-09-01,1056,N,VIIRS,n,2,313.51,10.94,D,0
39.05628,36.45168,344.36,0.39,0.44,2024-09-01,1056,N,VIIRS,n,2,313.68,4.96,D,0
39.06353,36.48292,349.87,0.4,0.44,2024-09-01,1056,N,VIIRS,n,2,309.85,4.52,D,0
39.07032,42.04976,350.91,0.39,0.59,2024-09-01,1056,N,VIIRS,n,2,316.77,6.52,D,0
39.07582,42.04899,348.98,0.39,0.59,2024-09-01,1056,N,VIIRS,n,2,312.96,6.52,D,0
39.1466,42.35213,346.58,0.4,0.6,2024-09-01,1056,N,VIIRS,n,2,310.8,8.09,D,0
39.15223,42.35208,354.39,0.4,0.6,2024-09-01,1056,N,VIIRS,n,2,309.51,6.26,D,0
39.17042,42.30464,367.0,0.4,0.6,2024-09-01,1056,N,VIIRS,h,2,307.5,12.48,D,0
39.17226,42.3029,367.0,0.4,0.6,2024-09-01,1056,N,VIIRS,h,2,310.17,17.59,D,0
39.2179,42.35756,339.47,0.41,0.6,2024-09-01,1056,N,VIIRS,n,2,309.43,5.4,D,0
39.21812,42.3623,351.35,0.41,0.6,2024-09-01,1056,N,VIIRS,n,2,310.43,7.34,D,0
39.22351,42.35714,348.42,0.41,0.6,2024-09-01,1056,N,VIIRS,n,2,313.39,9.23,D,0
39.22374,42.3619,367.0,0.41,0.6,2024-09-01,1056,N,VIIRS,h,2,311.66,17.12,D,0
39.23321,42.4428,348.28,0.41,0.61,2024-09-01,1056,N,VIIRS,n,2,309.48,6.99,D,0
39.3117,41.80883,341.63,0.38,0.59,2024-09-01,1056,N,VIIRS,n,2,309.24,10.19,D,0
39.41387,34.64507,340.54,0.49,0.41,2024-09-01,1056,N,VIIRS,n,2,305.4,2.91,D,0
39.4169,39.35646,341.7,0.56,0.52,2024-09-01,1056,N,VIIRS,n,2,310.34,7.15,D,0
39.41711,39.35757,345.6,0.56,0.52,2024-09-01,1056,N,VIIRS,n,2,310.75,8.62,D,0
39.41732,39.36256,343.2,0.56,0.52,2024-09-01,1056,N,VIIRS,n,2,310.52,7.15,D,0
39.41756,39.36367,337.63,0.56,0.52,2024-09-01,1056,N,VIIRS,n,2,309.53,7.99,D,0
39.48304,33.72863,339.6,0.46,0.39,2024-09-01,1056,N,VIIRS,n,2,307.91,2.69,D,0
39.50852,34.91486,336.56,0.51,0.41,2024-09-01,1056,N,VIIRS,n,2,308.25,6.57,D,0
39.50917,34.92078,349.25,0.51,0.41,2024-09-01,1056,N,VIIRS,n,2,309.49,6.57,D,0
39.58228,35.49121,339.01,0.54,0.42,2024-09-01,1056,N,VIIRS,n,2,308.9,5.25,D,0
39.59485,27.05293,339.92,0.42,0.38,2024-09-01,1056,N,VIIRS,n,2,301.83,4.84,D,0
39.71019,33.80022,340.16,0.46,0.39,2024-09-01,1056,N,VIIRS,n,2,305.73,3.97,D,0
39.71316,33.79413,346.71,0.46,0.39,2024-09-01,1056,N,VIIRS,n,2,308.63,9.54,D,0
39.7774,35.04329,338.03,0.52,0.41,2024-09-01,1056,N,VIIRS,n,2,307.05,5.84,D,0
39.87329,36.87317,349.37,0.42,0.45,2024-09-01,1056,N,VIIRS,n,2,314.6,15.19,D,0
39.87375,36.87827,342.84,0.42,0.45,2024-09-01,1056,N,VIIRS,n,2,310.58,15.19,D,0
39.87883,36.88742,342.59,0.42,0.45,2024-09-01,1056,N,VIIRS,n,2,308.4,28.24,D,0
39.95314,28.86367,331.46,0.39,0.36,2024-09-01,1056,N,VIIRS,n,2,301.96,3.63,D,0
40.17148,35.06924,336.52,0.52,0.42,2024-09-01,1056,N,VIIRS,n,2,309.21,3.12,D,0
40.77105,43.89621,335.77,0.5,0.66,2024-09-01,1056,N,VIIRS,n,2,299.52,3.77,D,0
40.77217,43.89938,331.51,0.5,0.66,2024-09-01,1056,N,VIIRS,n,2,298.86,4.33,D,0
40.86115,43.82159,346.79,0.5,0.66,2024-09-01,1056,N,VIIRS,n,2,301.89,6.06,D,0
41.09253,44.22111,337.69,0.52,0.67,2024-09-01,1056,N,VIIRS,n,2,297.08,4.61,D,0
40.57561,43.00855,295.55,0.43,0.38,2024-09-01,2314,N,VIIRS,n,2,284.33,0.47,N,0
41.10758,37.32405,308.89,0.42,0.38,2024-09-01,2314,N,VIIRS,n,2,290.18,1.16,N,2
41.6316,27.68534,301.48,0.39,0.59,2024-09-01,2314,N,VIIRS,n,2,282.85,0.75,N,2
41.64077,32.30811,300.61,0.45,0.47,2024-09-01,2314,N,VIIRS,n,2,288.54,0.68,N,0
42.12432,43.01078,313.02,0.41,0.37,2024-09-01,2314,N,VIIRS,n,2,291.96,0.83,N,2
42.3332,42.7553,349.46,0.4,0.37,2024-09-01,2314,N,VIIRS,n,2,296.82,15.74,N,0
42.33655,42.75633,343.47,0.4,0.37,2024-09-01,2314,N,VIIRS,n,2,305.34,15.74,N,0
42.33741,42.75145,312.41,0.4,0.37,2024-09-01,2314,N,VIIRS,n,2,294.73,15.74,N,0
35.92457,43.792,312.26,0.53,0.42,2024-09-01,2315,N,VIIRS,n,2,298.1,3.16,N,2
35.95377,43.72789,314.28,0.53,0.42,2024-09-01,2315,N,VIIRS,n,2,297.46,2.8,N,2
35.96563,43.76791,311.23,0.53,0.42,2024-09-01,2315,N,VIIRS,n,2,299.19,3.34,N,2
35.97057,43.76336,310.77,0.53,0.42,2024-09-01,2315,N,VIIRS,n,2,299.05,3.34,N,2
35.97224,44.09317,308.05,0.55,0.42,2024-09-01,2315,N,VIIRS,n,2,294.51,1.59,N,0
35.97296,44.08865,305.62,0.55,0.42,2024-09-01,2315,N,VIIRS,n,2,295.15,1.19,N,0
35.97314,43.77042,314.57,0.53,0.42,2024-09-01,2315,N,VIIRS,n,2,298.94,3.68,N,2
35.97607,44.09436,312.75,0.55,0.42,2024-09-01,2315,N,VIIRS,n,2,294.74,1.59,N,0
35.97679,44.08983,325.63,0.55,0.42,2024-09-01,2315,N,VIIRS,n,2,295.43,3.04,N,0
35.97727,44.08843,315.94,0.55,0.42,2024-09-01,2315,N,VIIRS,n,2,294.23,1.59,N,0
35.98066,43.77288,330.64,0.53,0.42,2024-09-01,2315,N,VIIRS,n,2,299.18,4.64,N,2
35.98183,43.76709,331.58,0.53,0.42,2024-09-01,2315,N,VIIRS,n,2,301.13,4.64,N,2
36.0191,43.6815,330.23,0.52,0.42,2024-09-01,2315,N,VIIRS,n,2,299.02,5.25,N,2
36.08101,43.64235,307.41,0.52,0.41,2024-09-01,2315,N,VIIRS,n,2,295.04,0.98,N,0
36.09942,43.62998,315.05,0.52,0.41,2024-09-01,2315,N,VIIRS,n,2,295.49,1.71,N,0
36.12447,43.78246,308.92,0.53,0.42,2024-09-01,2315,N,VIIRS,n,2,295.21,1.32,N,2
36.24636,43.78407,328.43,0.52,0.42,2024-09-01,2315,N,VIIRS,n,2,296.79,4.04,N,0
36.32734,43.37551,306.65,0.5,0.41,2024-09-01,2315,N,VIIRS,n,2,294.84,1.31,N,0
36.43847,43.42709,311.8,0.5,0.41,2024-09-01,2315,N,VIIRS,n,2,298.37,2.36,N,0
36.43893,43.42839,308.79,0.5,0.41,2024-09-01,2315,N,VIIRS,n,2,298.34,2.81,N,0
36.44217,43.42815,310.35,0.5,0.41,2024-09-01,2315,N,VIIRS,n,2,297.98,2.64,N,0
36.44262,43.42945,308.96,0.5,0.41,2024-09-01,2315,N,VIIRS,n,2,298.19,2.33,N,0
36.44345,42.929,308.59,0.48,0.4,2024-09-01,2315,N,VIIRS,n,2,297.72,1.92,N,2
36.45728,41.28356,306.1,0.42,0.38,2024-09-01,2315,N,VIIRS,n,2,294.28,0.61,N,2
36.72515,43.70249,309.03,0.51,0.41,2024-09-01,2315,N,VIIRS,n,2,294.85,1.26,N,0
36.74681,43.49641,307.71,0.5,0.41,2024-09-01,2315,N,VIIRS,n,2,296.1,2.04,N,2
36.77662,43.32416,334.09,0.49,0.4,2024-09-01,2315,N,VIIRS,n,2,301.4,10.32,N,2
36.81723,42.91778,343.81,0.47,0.4,2024-09-01,2315,N,VIIRS,n,2,296.45,4.23,N,0
36.82082,42.91884,317.7,0.47,0.4,2024-09-01,2315,N,VIIRS,n,2,295.02,4.23,N,0
36.8457,38.68874,330.31,0.38,0.36,2024-09-01,2315,N,VIIRS,n,2,293.59,2.25,N,0
36.86666,43.48981,310.36,0.5,0.41,2024-09-01,2315,N,VIIRS,n,2,293.68,1.61,N,2
36.86924,43.48993,318.18,0.5,0.41,2024-09-01,2315,N,VIIRS,n,2,295.59,2.17,N,2
36.87016,43.49173,309.88,0.5,0.41,2024-09-01,2315,N,VIIRS,n,2,293.84,1.43,N,2
36.88329,40.9905,303.9,0.41,0.37,2024-09-01,2315,N,VIIRS,n,2,293.15,0.52,N,0
36.8899,43.43203,312.74,0.49,0.4,2024-09-01,2315,N,VIIRS,n,2,292.01,0.67,N,2
36.89101,43.42648,302.61,0.49,0.4,2024-09-01,2315,N,VIIRS,n,2,290.49,1.43,N,2
36.89356,43.43313,302.13,0.49,0.4,2024-09-01,2315,N,VIIRS,n,2,291.54,0.67,N,2
36.90594,43.39047,331.99,0.49,0.4,2024-09-01,2315,N,VIIRS,n,2,293.81,4.31,N,2
36.9143,41.89766,307.83,0.43,0.38,2024-09-01,2315,N,VIIRS,n,2,293.22,0.43,N,2
36.93714,42.13044,329.95,0.44,0.38,2024-09-01,2315,N,VIIRS,n,2,297.24,2.78,N,2
36.94026,42.17261,320.66,0.44,0.38,2024-09-01,2315,N,VIIRS,n,2,295.63,1.86,N,2
36.9422,41.6063,303.37,0.42,0.38,2024-09-01,2315,N,VIIRS,n,2,292.97,0.39,N,0
36.94563,41.60726,304.07,0.42,0.38,2024-09-01,2315,N,VIIRS,n,2,293.06,0.55,N,0
36.96446,42.08217,312.15,0.44,0.38,2024-09-01,2315,N,VIIRS,n,2,294.3,0.92,N,2
36.99685,41.56252,315.03,0.42,0.38,2024-09-01,2315,N,VIIRS,n,2,294.98,1.34,N,2
37.01184,43.54612,305.07,0.5,0.41,2024-09-01,2315,N,VIIRS,n,2,294.49,1.67,N,0
37.01283,43.54119,310.17,0.5,0.41,2024-09-01,2315,N,VIIRS,n,2,295.86,2.81,N,0
37.01337,43.55801,302.98,0.5,0.41,2024-09-01,2315,N,VIIRS,n,2,292.81,0.59,N,0
37.03179,42.16969,307.88,0.44,0.38,2024-09-01,2315,N,VIIRS,n,2,295.45,0.86,N,2
37.04752,41.45236,304.61,0.42,0.38,2024-09-01,2315,N,VIIRS,n,2,293.47,0.56,N,0
37.07898,42.5602,313.89,0.45,0.39,2024-09-01,2315,N,VIIRS,n,2,296.56,2.27,N,2
37.08977,41.67527,340.87,0.42,0.38,2024-09-01,2315,N,VIIRS,n,2,295.21,4.7,N,0
37.0932,41.67623,306.74,0.42,0.38,2024-09-01,2315,N,VIIRS,n,2,293.68,0.39,N,0
37.15899,39.74641,307.59,0.39,0.36,2024-09-01,2315,N,VIIRS,n,2,292.37,0.75,N,0
37.18251,37.41755,312.46,0.39,0.37,2024-09-01,2315,N,VIIRS,n,2,291.2,0.84,N,0
37.21475,42.46074,305.63,0.45,0.39,2024-09-01,2315,N,VIIRS,n,2,292.67,0.97,N,0
37.21569,42.45578,308.96,0.45,0.39,2024-09-01,2315,N,VIIRS,n,2,293.2,0.97,N,0
37.29316,37.15956,311.03,0.4,0.37,2024-09-01,2315,N,VIIRS,n,2,293.16,1.01,N,2
37.29381,37.15495,311.29,0.4,0.37,2024-09-01,2315,N,VIIRS,n,2,294.32,1.01,N,2
37.31318,42.20964,323.96,0.44,0.38,2024-09-01,2315,N,VIIRS,n,2,293.06,2.05,N,0
37.31665,42.21066,316.83,0.44,0.38,2024-09-01,2315,N,VIIRS,n,2,292.86,0.57,N,0
37.33879,40.80234,307.99,0.4,0.37,2024-09-01,2315,N,VIIRS,n,2,294.19,1.14,N,2
37.35155,37.16322,309.06,0.4,0.37,2024-09-01,2315,N,VIIRS,n,2,293.89,1.36,N,2
37.54058,39.15032,304.3,0.38,0.36,2024-09-01,2315,N,VIIRS,n,2,291.83,1.15,N,0
37.54126,39.14601,319.24,0.38,0.36,2024-09-01,2315,N,VIIRS,n,2,292.1,1.15,N,0
37.54455,39.14683,326.59,0.38,0.36,2024-09-01,2315,N,VIIRS,n,2,293.67,1.15,N,0
37.68117,39.05791,331.37,0.38,0.36,2024-09-01,2315,N,VIIRS,n,2,291.71,3.82,N,0
37.68446,39.05873,332.22,0.38,0.36,2024-09-01,2315,N,VIIRS,n,2,294.29,2.78,N,0
37.68513,39.05441,301.81,0.38,0.36,2024-09-01,2315,N,VIIRS,n,2,291.79,2.78,N,0
37.70702,39.02391,313.4,0.38,0.36,2024-09-01,2315,N,VIIRS,n,2,293.12,1.28,N,0
37.71031,39.02473,305.29,0.38,0.36,2024-09-01,2315,N,VIIRS,n,2,292.99,0.62,N,0
37.94229,40.93987,326.78,0.4,0.37,2024-09-01,2315,N,VIIRS,n,2,292.01,1.95,N,0
37.97389,40.93915,327.3,0.4,0.37,2024-09-01,2315,N,VIIRS,n,2,292.01,1.68,N,0
37.97723,40.94007,321.1,0.4,0.37,2024-09-01,2315,N,VIIRS,n,2,291.45,1.68,N,0
37.978,40.93556,313.61,0.4,0.37,2024-09-01,2315,N,VIIRS,n,2,291.13,2.4,N,0
38.09585,40.43788,299.88,0.39,0.36,2024-09-01,2315,N,VIIRS,n,2,289.77,0.17,N,0
38.1563,40.55155,314.1,0.39,0.36,2024-09-01,2315,N,VIIRS,n,2,292.56,1.84,N,0
38.15886,40.55688,304.03,0.39,0.36,2024-09-01,2315,N,VIIRS,n,2,291.97,0.9,N,0
38.15961,40.55244,326.6,0.39,0.36,2024-09-01,2315,N,VIIRS,n,2,293.49,1.84,N,0
38.20032,40.39211,318.59,0.39,0.36,2024-09-01,2315,N,VIIRS,n,2,290.99,1.39,N,0
38.20148,40.39545,312.57,0.39,0.36,2024-09-01,2315,N,VIIRS,n,2,292.08,2.06,N,0
38.20223,40.39102,336.14,0.39,0.36,2024-09-01,2315,N,VIIRS,n,2,292.76,2.06,N,0
38.20478,40.39634,306.69,0.39,0.36,2024-09-01,2315,N,VIIRS,n,2,290.58,2.06,N,0
38.20553,40.39191,331.74,0.39,0.36,2024-09-01,2315,N,VIIRS,n,2,293.09,2.06,N,0
38.22477,40.50346,316.0,0.39,0.36,2024-09-01,2315,N,VIIRS,n,2,293.66,1.33,N,2
38.45262,38.72691,306.25,0.39,0.36,2024-09-01,2315,N,VIIRS,n,2,294.04,1.34,N,2
38.4559,38.72778,308.75,0.39,0.36,2024-09-01,2315,N,VIIRS,n,2,295.53,1.47,N,2
38.73245,26.96482,301.16,0.4,0.6,2024-09-01,2315,N,VIIRS,n,2,283.76,0.44,N,2
38.73905,26.9457,302.56,0.41,0.6,2024-09-01,2315,N,VIIRS,n,2,285.85,1.42,N,2
38.74445,26.95094,299.86,0.41,0.6,2024-09-01,2315,N,VIIRS,n,2,283.98,0.7,N,2
38.74468,26.94632,303.09,0.41,0.6,2024-09-01,2315,N,VIIRS,n,2,284.01,0.7,N,2
38.96865,42.06141,309.84,0.42,0.37,2024-09-01,2315,N,VIIRS,n,2,285.93,0.92,N,0
38.97118,42.06717,329.44,0.42,0.37,2024-09-01,2315,N,VIIRS,n,2,286.49,3.08,N,0
39.05436,42.05357,327.01,0.42,0.37,2024-09-01,2315,N,VIIRS,n,2,287.64,2.15,N,0
39.07642,42.04984,295.89,0.42,0.37,2024-09-01,2315,N,VIIRS,n,2,285.32,0.53,N,0
39.07966,42.38009,311.81,0.42,0.38,2024-09-01,2315,N,VIIRS,n,2,285.67,1.26,N,0
39.07981,42.05081,302.29,0.42,0.37,2024-09-01,2315,N,VIIRS,n,2,287.38,0.53,N,0
39.07982,42.07061,323.88,0.42,0.37,2024-09-01,2315,N,VIIRS,n,2,287.45,1.87,N,0
39.08562,42.38686,298.0,0.42,0.38,2024-09-01,2315,N,VIIRS,n,2,286.11,0.8,N,0
39.22815,42.44188,296.35,0.42,0.38,2024-09-01,2315,N,VIIRS,n,2,284.99,0.59,N,0
39.23622,42.35804,306.57,0.42,0.38,2024-09-01,2315,N,VIIRS,n,2,286.46,1.25,N,0
39.48581,30.04028,297.28,0.56,0.52,2024-09-01,2315,N,VIIRS,n,2,280.9,1.53,N,2
39.7239,36.9392,299.95,0.42,0.38,2024-09-01,2315,N,VIIRS,n,2,287.52,0.32,N,0
39.79895,42.79877,311.79,0.43,0.38,2024-09-01,2315,N,VIIRS,n,2,284.75,1.66,N,0
39.9009,28.87199,299.27,0.33,0.55,2024-09-01,2315,N,VIIRS,n,2,284.28,0.33,N,0
39.92539,40.66797,298.67,0.39,0.36,2024-09-01,2315,N,VIIRS,n,2,287.51,0.78,N,0
40.75711,31.7833,296.73,0.47,0.48,2024-09-01,2315,N,VIIRS,n,2,285.16,0.68,N,2
41.01786,28.55406,308.56,0.35,0.57,2024-09-01,2315,N,VIIRS,n,2,287.07,0.7,N,2
41.02165,28.55549,315.1,0.35,0.57,2024-09-01,2315,N,VIIRS,n,2,288.38,1.27,N,2
41.02314,28.5546,303.16,0.35,0.57,2024-09-01,2315,N,VIIRS,n,2,287.69,0.7,N,2
35.52379,44.34673,325.22,0.57,0.43,2024-09-01,2316,N,VIIRS,n,2,297.44,4.99,N,2
35.52508,44.34059,326.95,0.57,0.43,2024-09-01,2316,N,VIIRS,n,2,297.93,4.99,N,2
35.529,44.34178,341.36,0.57,0.43,2024-09-01,2316,N,VIIRS,n,2,300.13,4.99,N,2
35.53028,44.33562,309.47,0.57,0.43,2024-09-01,2316,N,VIIRS,n,2,298.45,7.01,N,2
35.53291,44.34296,308.04,0.57,0.43,2024-09-01,2316,N,VIIRS,n,2,296.06,1.83,N,2
35.5342,44.33678,333.16,0.57,0.43,2024-09-01,2316,N,VIIRS,n,2,298.45,6.03,N,2
35.62636,44.01059,330.07,0.55,0.43,2024-09-01,2316,N,VIIRS,n,2,298.41,3.93,N,2
35.62757,44.00467,308.1,0.55,0.43,2024-09-01,2316,N,VIIRS,n,2,297.63,3.57,N,2
35.6302,44.01181,329.87,0.55,0.43,2024-09-01,2316,N,VIIRS,n,2,300.54,3.93,N,2
35.6314,44.00589,316.89,0.55,0.43,2024-09-01,2316,N,VIIRS,n,2,297.6,3.57,N,2
35.6603,43.96404,332.62,0.55,0.42,2024-09-01,2316,N,VIIRS,n,2,297.63,7.71,N,2
35.66413,43.9652,334.33,0.55,0.42,2024-09-01,2316,N,VIIRS,n,2,300.96,7.71,N,2
35.66426,43.9661,334.3,0.55,0.42,2024-09-01,2316,N,VIIRS,n,2,298.47,5.54,N,2
35.67636,44.06506,318.5,0.55,0.43,2024-09-01,2316,N,VIIRS,n,2,298.2,3.36,N,2
35.68202,43.87671,324.67,0.54,0.42,2024-09-01,2316,N,VIIRS,n,2,296.81,4.58,N,2
35.68262,43.87779,338.6,0.54,0.42,2024-09-01,2316,N,VIIRS,n,2,299.84,13.53,N,2
35.68384,43.87191,307.07,0.54,0.42,2024-09-01,2316,N,VIIRS,n,2,296.69,13.53,N,2
35.68584,43.87786,328.29,0.54,0.42,2024-09-01,2316,N,VIIRS,n,2,304.26,39.46,N,2
35.68644,43.87894,334.86,0.54,0.42,2024-09-01,2316,N,VIIRS,n,2,302.78,13.53,N,2
35.68766,43.87306,307.33,0.54,0.42,2024-09-01,2316,N,VIIRS,n,2,297.12,13.53,N,2
35.72229,44.04058,324.88,0.55,0.43,2024-09-01,2316,N,VIIRS,n,2,298.72,6.04,N,2
35.72615,44.04171,331.71,0.55,0.43,2024-09-01,2316,N,VIIRS,n,2,300.85,6.04,N,2
35.72858,44.02983,318.44,0.55,0.43,2024-09-01,2316,N,VIIRS,n,2,298.53,3.52,N,2
35.77162,43.99851,317.44,0.55,0.42,2024-09-01,2316,N,VIIRS,n,2,299.21,3.5,N,2
35.77252,43.99312,326.22,0.54,0.42,2024-09-01,2316,N,VIIRS,n,2,299.76,5.18,N,2
35.77281,43.99263,311.84,0.54,0.42,2024-09-01,2316,N,VIIRS,n,2,298.82,3.63,N,2
35.81364,43.25455,313.27,0.5,0.41,2024-09-01,2316,N,VIIRS,n,2,298.74,2.92,N,2
35.81374,43.2559,312.6,0.5,0.41,2024-09-01,2316,N,VIIRS,n,2,298.79,2.81,N,2
35.92302,43.79072,314.77,0.53,0.42,2024-09-01,2316,N,VIIRS,n,2,298.13,2.87,N,2
35.99735,43.13903,307.99,0.49,0.41,2024-09-01,2316,N,VIIRS,n,2,294.88,1.25,N,0
36.00101,43.14013,307.4,0.49,0.41,2024-09-01,2316,N,VIIRS,n,2,294.95,1.25,N,0
36.14256,40.8156,320.75,0.41,0.37,2024-09-01,2316,N,VIIRS,n,2,295.15,1.56,N,2
36.16427,41.04775,305.54,0.42,0.37,2024-09-01,2316,N,VIIRS,n,2,294.65,0.79,N,0
36.26326,33.7286,322.26,0.51,0.41,2024-09-01,2316,N,VIIRS,n,2,294.54,2.68,N,2
36.73057,36.21153,306.88,0.42,0.37,2024-09-01,2316,N,VIIRS,n,2,289.02,1.9,N,2
36.734,36.21226,304.57,0.42,0.37,2024-09-01,2316,N,VIIRS,n,2,291.29,1.48,N,2
36.73743,36.21299,305.57,0.42,0.37,2024-09-01,2316,N,VIIRS,n,2,287.52,1.48,N,2
36.74086,36.21373,303.79,0.42,0.37,2024-09-01,2316,N,VIIRS,n,2,285.76,0.92,N,2
36.79978,37.01923,310.51,0.4,0.37,2024-09-01,2316,N,VIIRS,n,2,294.31,1.23,N,2
36.86957,34.76303,304.82,0.47,0.39,2024-09-01,2316,N,VIIRS,n,2,291.63,1.23,N,2
36.93182,36.00233,304.39,0.42,0.38,2024-09-01,2316,N,VIIRS,n,2,292.46,1.1,N,2
36.96464,35.44987,305.29,0.44,0.38,2024-09-01,2316,N,VIIRS,n,2,293.46,1.38,N,2
37.10836,29.21337,320.89,0.59,0.53,2024-09-01,2316,N,VIIRS,n,2,282.58,1.93,N,0
37.77029,27.43708,297.46,0.37,0.58,2024-09-01,2316,N,VIIRS,n,2,278.65,0.63,N,2
41.01852,28.55322,299.34,0.43,0.62,2024-09-02,55,N,VIIRS,n,2,281.02,0.93,N,2
41.17737,32.63372,296.1,0.66,0.73,2024-09-02,55,N,VIIRS,n,2,284.31,1.02,N,2
41.79468,26.70197,299.32,0.33,0.55,2024-09-02,55,N,VIIRS,n,2,286.71,0.24,N,0
38.42719,27.21502,302.78,0.43,0.62,2024-09-02,56,N,VIIRS,n,2,287.11,0.96,N,2
38.42777,27.21671,306.4,0.43,0.62,2024-09-02,56,N,VIIRS,n,2,287.56,0.77,N,2
38.73278,26.96513,302.55,0.41,0.61,2024-09-02,56,N,VIIRS,n,2,283.29,0.77,N,2
38.73649,26.94249,297.81,0.41,0.61,2024-09-02,56,N,VIIRS,n,2,278.18,0.92,N,2
38.73772,26.94714,305.7,0.41,0.61,2024-09-02,56,N,VIIRS,n,2,276.99,1.35,N,2
38.74054,26.94959,298.07,0.41,0.61,2024-09-02,56,N,VIIRS,n,2,278.72,1.17,N,2
38.74185,26.94489,305.4,0.41,0.61,2024-09-02,56,N,VIIRS,n,2,280.89,0.92,N,2
38.74304,26.94969,303.86,0.41,0.61,2024-09-02,56,N,VIIRS,n,2,278.85,1.33,N,2
39.16712,27.63065,298.17,0.43,0.62,2024-09-02,56,N,VIIRS,n,2,284.66,0.77,N,2
35.52542,44.34818,343.14,0.71,0.75,2024-09-02,855,N,VIIRS,n,2,308.41,8.02,D,2
35.52961,44.33734,339.56,0.71,0.75,2024-09-02,855,N,VIIRS,n,2,308.27,4.86,D,2
35.53194,43.67593,347.56,0.76,0.77,2024-09-02,855,N,VIIRS,n,2,307.96,8.2,D,0
35.62917,44.00874,367.0,0.73,0.76,2024-09-02,855,N,VIIRS,h,2,310.96,18.08,D,2
35.66205,43.96727,367.0,0.73,0.76,2024-09-02,855,N,VIIRS,h,2,311.68,14.16,D,2
35.72244,44.03909,342.8,0.72,0.76,2024-09-02,855,N,VIIRS,n,2,310.7,9.09,D,2
35.61666,43.51307,339.85,0.77,0.78,2024-09-02,856,N,VIIRS,n,2,310.16,6.17,D,0
35.61855,43.51136,337.98,0.77,0.77,2024-09-02,856,N,VIIRS,n,2,309.55,10.61,D,0
35.62123,43.51967,367.0,0.77,0.77,2024-09-02,856,N,VIIRS,h,2,311.35,10.61,D,0
35.62613,43.51827,367.0,0.77,0.77,2024-09-02,856,N,VIIRS,h,2,311.81,36.52,D,0
35.62807,43.51659,367.0,0.77,0.77,2024-09-02,856,N,VIIRS,h,2,309.84,20.13,D,0
35.66031,43.96744,367.0,0.73,0.76,2024-09-02,856,N,VIIRS,h,2,312.01,11.66,D,2
35.68466,43.87481,353.46,0.74,0.76,2024-09-02,856,N,VIIRS,n,2,310.88,32.27,D,2
35.68716,43.88274,352.07,0.74,0.76,2024-09-02,856,N,VIIRS,n,2,308.98,30.78,D,2
35.72117,44.03909,340.47,0.72,0.76,2024-09-02,856,N,VIIRS,n,2,310.15,4.02,D,2
35.98153,43.77166,346.34,0.73,0.76,2024-09-02,856,N,VIIRS,n,2,309.7,9.44,D,2
35.98434,43.77127,344.28,0.73,0.76,2024-09-02,856,N,VIIRS,n,2,309.85,7.08,D,2
36.65958,43.02282,353.22,0.76,0.77,2024-09-02,856,N,VIIRS,n,2,305.16,15.05,D,0
36.88914,43.42909,332.52,0.72,0.76,2024-09-02,856,N,VIIRS,n,2,301.64,3.69,D,2
36.90513,43.38652,337.95,0.72,0.76,2024-09-02,856,N,VIIRS,n,2,300.91,4.79,D,2
37.21883,42.45325,367.0,0.78,0.78,2024-09-02,856,N,VIIRS,h,2,305.1,17.29,D,0
37.22315,42.45098,367.0,0.79,0.78,2024-09-02,856,N,VIIRS,h,2,302.33,13.28,D,0
39.07587,42.71316,367.0,0.68,0.74,2024-09-02,856,N,VIIRS,h,2,307.27,15.36,D,0
38.83601,41.48294,332.98,0.78,0.78,2024-09-02,857,N,VIIRS,n,2,300.45,6.23,D,0
39.20041,42.34759,340.66,0.7,0.75,2024-09-02,857,N,VIIRS,n,2,304.59,8.78,D,0
39.20082,42.34694,341.72,0.7,0.75,2024-09-02,857,N,VIIRS,n,2,305.31,7.45,D,0
39.203,42.35558,340.91,0.7,0.75,2024-09-02,857,N,VIIRS,n,2,304.06,9.01,D,0
39.20344,42.3549,338.57,0.7,0.75,2024-09-02,857,N,VIIRS,n,2,304.14,7.45,D,0
39.21862,42.35704,367.0,0.7,0.75,2024-09-02,857,N,VIIRS,h,2,305.73,12.91,D,0
39.21914,42.35641,355.85,0.7,0.75,2024-09-02,857,N,VIIRS,n,2,306.06,13.0,D,0
39.22708,42.45331,333.94,0.69,0.74,2024-09-02,857,N,VIIRS,n,2,303.8,9.12,D,0
39.23402,42.35783,331.56,0.7,0.75,2024-09-02,857,N,VIIRS,n,2,300.86,3.31,D,0
39.23458,42.35722,333.66,0.69,0.75,2024-09-02,857,N,VIIRS,n,2,301.8,5.06,D,0
39.43947,42.38268,367.0,0.68,0.74,2024-09-02,857,N,VIIRS,h,2,304.51,19.93,D,0
39.44059,42.38135,367.0,0.68,0.74,2024-09-02,857,N,VIIRS,h,2,303.58,14.42,D,0
39.84521,42.87685,330.73,0.63,0.72,2024-09-02,857,N,VIIRS,n,2,304.03,2.48,D,0
35.52875,44.34091,354.71,0.52,0.5,2024-09-02,1036,N,VIIRS,n,2,322.25,12.72,D,2
35.53339,44.3403,349.82,0.52,0.5,2024-09-02,1036,N,VIIRS,n,2,322.44,12.72,D,2
35.61423,43.66496,349.29,0.48,0.48,2024-09-02,1036,N,VIIRS,n,2,318.46,20.76,D,0
35.68302,43.87675,350.48,0.5,0.49,2024-09-02,1036,N,VIIRS,n,2,324.67,48.6,D,2
35.68443,43.87989,346.96,0.5,0.49,2024-09-02,1036,N,VIIRS,n,2,321.72,50.91,D,2
35.68754,43.87614,352.41,0.5,0.49,2024-09-02,1036,N,VIIRS,n,2,318.23,22.29,D,2
35.72928,44.03246,346.15,0.51,0.49,2024-09-02,1036,N,VIIRS,n,2,318.46,8.25,D,2
35.8881,43.35982,350.79,0.47,0.48,2024-09-02,1036,N,VIIRS,n,2,320.75,46.16,D,0
35.98309,43.77048,351.84,0.49,0.49,2024-09-02,1036,N,VIIRS,n,2,318.26,12.43,D,2
35.98591,38.96084,345.35,0.44,0.38,2024-09-02,1036,N,VIIRS,n,2,312.18,7.46,D,0
36.01743,43.68009,345.53,0.49,0.48,2024-09-02,1036,N,VIIRS,n,2,318.39,6.18,D,2
36.35102,44.08814,357.23,0.52,0.5,2024-09-02,1036,N,VIIRS,n,2,322.22,17.8,D,0
36.35564,44.08759,353.89,0.52,0.5,2024-09-02,1036,N,VIIRS,n,2,316.62,19.07,D,0
36.41776,42.90488,350.28,0.45,0.47,2024-09-02,1036,N,VIIRS,n,2,319.04,11.41,D,0
36.41824,42.90996,345.49,0.45,0.47,2024-09-02,1036,N,VIIRS,n,2,315.84,11.41,D,0
36.4187,42.91504,353.04,0.45,0.47,2024-09-02,1036,N,VIIRS,n,2,318.0,15.07,D,0
36.42255,42.90936,352.21,0.45,0.47,2024-09-02,1036,N,VIIRS,n,2,318.12,19.99,D,0
36.42302,42.91443,367.0,0.45,0.47,2024-09-02,1036,N,VIIRS,h,2,337.89,33.31,D,0
36.4235,42.91951,346.7,0.45,0.47,2024-09-02,1036,N,VIIRS,n,2,314.9,33.31,D,0
36.42397,42.92459,341.04,0.45,0.47,2024-09-02,1036,N,VIIRS,n,2,313.81,7.69,D,0
36.42734,42.91385,344.73,0.45,0.47,2024-09-02,1036,N,VIIRS,n,2,315.6,33.31,D,0
36.42781,42.91894,367.0,0.45,0.47,2024-09-02,1036,N,VIIRS,h,2,317.65,33.31,D,0
36.58445,37.29769,339.88,0.4,0.37,2024-09-02,1036,N,VIIRS,n,2,308.64,6.96,D,0
36.69322,39.62253,347.27,0.47,0.4,2024-09-02,1036,N,VIIRS,n,2,314.06,5.35,D,0
36.71712,36.19929,331.07,0.39,0.36,2024-09-02,1036,N,VIIRS,n,2,299.13,1.12,D,2
36.71776,36.20359,332.98,0.39,0.36,2024-09-02,1036,N,VIIRS,n,2,299.11,3.0,D,2
36.73901,36.21398,336.46,0.39,0.36,2024-09-02,1036,N,VIIRS,n,2,301.28,5.67,D,2
36.76218,35.17232,341.01,0.38,0.36,2024-09-02,1036,N,VIIRS,n,2,305.82,2.71,D,0
36.77404,35.18278,341.18,0.38,0.36,2024-09-02,1036,N,VIIRS,n,2,306.26,3.97,D,0
36.77495,43.32465,354.43,0.48,0.48,2024-09-02,1036,N,VIIRS,n,2,316.4,13.01,D,2
36.80131,42.92776,343.38,0.45,0.47,2024-09-02,1036,N,VIIRS,n,2,309.63,9.06,D,0
36.8022,41.92684,345.37,0.4,0.44,2024-09-02,1036,N,VIIRS,n,2,314.08,4.88,D,0
36.84292,41.67059,355.55,0.39,0.44,2024-09-02,1036,N,VIIRS,n,2,314.82,8.63,D,0
36.84642,34.67307,347.07,0.39,0.36,2024-09-02,1036,N,VIIRS,n,2,303.92,5.98,D,0
36.84704,31.41108,341.77,0.46,0.39,2024-09-02,1036,N,VIIRS,n,2,300.59,5.27,D,0
36.88207,41.53148,343.67,0.39,0.44,2024-09-02,1036,N,VIIRS,n,2,314.61,3.67,D,0
36.89027,43.43158,340.65,0.48,0.48,2024-09-02,1036,N,VIIRS,n,2,310.5,3.89,D,2
36.90762,43.39323,342.57,0.48,0.48,2024-09-02,1036,N,VIIRS,n,2,310.33,4.67,D,2
36.92616,42.2004,354.14,0.42,0.45,2024-09-02,1036,N,VIIRS,n,2,317.68,20.0,D,0
36.9265,42.11433,345.16,0.41,0.45,2024-09-02,1036,N,VIIRS,n,2,312.67,6.06,D,0
36.94631,35.28988,335.25,0.38,0.36,2024-09-02,1036,N,VIIRS,n,2,302.2,1.62,D,0
36.94788,41.77711,352.13,0.4,0.44,2024-09-02,1036,N,VIIRS,n,2,316.18,7.09,D,0
36.9496,35.2891,334.54,0.38,0.36,2024-09-02,1036,N,VIIRS,n,2,303.33,1.9,D,0
36.95195,41.77648,348.68,0.4,0.44,2024-09-02,1036,N,VIIRS,n,2,315.67,9.28,D,0
37.00576,41.78423,354.12,0.4,0.44,2024-09-02,1036,N,VIIRS,n,2,316.71,9.26,D,0
37.0178,42.08456,346.94,0.41,0.45,2024-09-02,1036,N,VIIRS,n,2,314.96,11.54,D,0
37.01817,40.81783,348.57,0.54,0.42,2024-09-02,1036,N,VIIRS,n,2,316.83,25.6,D,0
37.01888,42.19603,367.0,0.42,0.45,2024-09-02,1036,N,VIIRS,h,2,315.59,9.67,D,0
37.01935,42.20078,343.42,0.42,0.45,2024-09-02,1036,N,VIIRS,n,2,313.99,9.67,D,0
37.01957,42.19404,352.68,0.42,0.45,2024-09-02,1036,N,VIIRS,n,2,313.24,10.1,D,0
37.02001,42.1988,346.92,0.42,0.45,2024-09-02,1036,N,VIIRS,n,2,315.07,13.28,D,0
37.02748,35.91952,338.14,0.39,0.36,2024-09-02,1036,N,VIIRS,n,2,306.53,3.39,D,0
37.02931,43.00246,343.93,0.46,0.47,2024-09-02,1036,N,VIIRS,n,2,312.58,4.66,D,0
37.24539,40.32924,342.99,0.51,0.41,2024-09-02,1036,N,VIIRS,n,2,313.93,4.56,D,0
37.34939,36.88173,339.65,0.4,0.37,2024-09-02,1036,N,VIIRS,n,2,307.11,2.64,D,0
37.39233,39.20793,343.36,0.46,0.39,2024-09-02,1036,N,VIIRS,n,2,313.15,6.3,D,0
37.53355,38.02924,345.05,0.42,0.38,2024-09-02,1036,N,VIIRS,n,2,308.45,3.27,D,0
37.68857,38.14779,346.41,0.43,0.38,2024-09-02,1036,N,VIIRS,n,2,311.51,8.46,D,0
37.92801,40.999,337.57,0.56,0.43,2024-09-02,1036,N,VIIRS,n,2,310.94,4.29,D,0
37.93198,40.99835,367.0,0.56,0.43,2024-09-02,1036,N,VIIRS,h,2,339.36,147.65,D,0
37.94241,40.94421,349.92,0.56,0.43,2024-09-02,1036,N,VIIRS,n,2,318.04,15.73,D,0
37.47046,32.7034,344.4,0.42,0.37,2024-09-02,1037,N,VIIRS,n,2,302.43,3.67,D,0
37.47266,32.69971,342.1,0.42,0.37,2024-09-02,1037,N,VIIRS,n,2,303.22,4.1,D,0
37.53481,32.93347,333.57,0.41,0.37,2024-09-02,1037,N,VIIRS,n,2,300.15,1.66,D,0
37.81155,34.24046,336.74,0.39,0.36,2024-09-02,1037,N,VIIRS,n,2,299.71,1.94,D,0
38.34747,39.04994,346.76,0.47,0.39,2024-09-02,1037,N,VIIRS,n,2,320.69,10.6,D,0
38.35103,39.0487,356.02,0.47,0.39,2024-09-02,1037,N,VIIRS,n,2,325.19,17.74,D,0
38.35459,39.04744,352.66,0.47,0.39,2024-09-02,1037,N,VIIRS,n,2,322.14,17.74,D,0
38.58058,36.02924,336.47,0.39,0.36,2024-09-02,1037,N,VIIRS,n,2,304.99,3.52,D,0
38.83818,41.4801,346.4,0.4,0.44,2024-09-02,1037,N,VIIRS,n,2,313.96,6.27,D,0
38.92495,33.56948,338.15,0.39,0.36,2024-09-02,1037,N,VIIRS,n,2,303.48,2.77,D,0
39.00748,42.00558,354.98,0.43,0.46,2024-09-02,1037,N,VIIRS,n,2,314.61,12.87,D,0
39.07511,42.70846,345.7,0.47,0.48,2024-09-02,1037,N,VIIRS,n,2,312.5,9.93,D,0
39.07835,42.70529,343.74,0.47,0.48,2024-09-02,1037,N,VIIRS,n,2,312.37,8.05,D,0
39.07952,42.70803,345.41,0.47,0.48,2024-09-02,1037,N,VIIRS,n,2,314.05,11.89,D,0
39.08278,42.70496,343.69,0.47,0.48,2024-09-02,1037,N,VIIRS,n,2,311.31,8.05,D,0
39.08323,42.71045,340.87,0.47,0.48,2024-09-02,1037,N,VIIRS,n,2,312.87,8.05,D,0
39.08395,42.70774,355.0,0.47,0.48,2024-09-02,1037,N,VIIRS,n,2,314.93,11.89,D,0
39.08539,42.72416,338.31,0.47,0.48,2024-09-02,1037,N,VIIRS,n,2,311.52,4.02,D,0
39.08765,42.71016,346.14,0.47,0.48,2024-09-02,1037,N,VIIRS,n,2,312.97,14.91,D,0
39.08838,42.70744,344.11,0.47,0.48,2024-09-02,1037,N,VIIRS,n,2,310.99,6.27,D,0
39.13689,36.95445,344.6,0.41,0.37,2024-09-02,1037,N,VIIRS,n,2,310.2,3.92,D,0
39.14028,36.9537,339.68,0.41,0.37,2024-09-02,1037,N,VIIRS,n,2,309.15,3.92,D,0
39.23091,42.46479,342.71,0.46,0.47,2024-09-02,1037,N,VIIRS,n,2,312.16,4.35,D,0
39.31656,42.83809,343.95,0.48,0.48,2024-09-02,1037,N,VIIRS,n,2,312.8,3.56,D,0
39.31881,42.83482,344.06,0.48,0.48,2024-09-02,1037,N,VIIRS,n,2,312.16,7.79,D,0
39.35654,27.31824,335.39,0.42,0.45,2024-09-02,1037,N,VIIRS,n,2,291.57,3.6,D,0
39.83349,42.89262,340.91,0.49,0.48,2024-09-02,1037,N,VIIRS,n,2,309.3,3.97,D,0
39.83749,42.88618,357.21,0.49,0.48,2024-09-02,1037,N,VIIRS,n,2,314.83,27.31,D,0
39.83978,42.88956,343.45,0.49,0.48,2024-09-02,1037,N,VIIRS,n,2,309.35,15.91,D,0
40.01716,32.76281,333.98,0.4,0.37,2024-09-02,1037,N,VIIRS,n,2,303.65,2.7,D,0
40.32329,44.49809,336.2,0.6,0.53,2024-09-02,1037,N,VIIRS,n,2,309.83,4.34,D,0
41.02147,28.55552,328.92,0.52,0.41,2024-09-02,1038,N,VIIRS,n,2,296.51,3.84,D,2
41.55497,36.09337,331.49,0.41,0.37,2024-09-02,1038,N,VIIRS,n,2,295.82,3.3,D,0
40.57555,43.00887,299.86,0.4,0.37,2024-09-02,2255,N,VIIRS,n,2,284.23,0.71,N,0
42.12959,42.97727,305.65,0.41,0.37,2024-09-02,2255,N,VIIRS,n,2,290.42,0.64,N,2
36.74577,43.49868,305.65,0.38,0.36,2024-09-02,2256,N,VIIRS,n,2,295.13,1.7,N,2
36.77642,43.32446,335.37,0.38,0.36,2024-09-02,2256,N,VIIRS,n,2,303.55,10.49,N,2
36.86975,43.48677,317.31,0.38,0.36,2024-09-02,2256,N,VIIRS,n,2,295.67,1.26,N,2
36.89226,43.43017,333.81,0.38,0.36,2024-09-02,2256,N,VIIRS,n,2,295.42,2.51,N,2
36.90549,43.38904,320.1,0.38,0.36,2024-09-02,2256,N,VIIRS,n,2,292.39,2.76,N,2
36.90878,43.38984,331.38,0.38,0.36,2024-09-02,2256,N,VIIRS,n,2,296.64,2.76,N,2
36.93287,43.49767,303.08,0.38,0.36,2024-09-02,2256,N,VIIRS,n,2,292.71,0.52,N,0
36.93778,42.13124,310.76,0.39,0.36,2024-09-02,2256,N,VIIRS,n,2,295.54,1.21,N,2
36.94209,42.17305,324.47,0.39,0.36,2024-09-02,2256,N,VIIRS,n,2,295.88,1.32,N,2
36.94818,42.78239,312.5,0.39,0.36,2024-09-02,2256,N,VIIRS,n,2,295.67,1.62,N,0
36.96544,42.08273,309.94,0.39,0.37,2024-09-02,2256,N,VIIRS,n,2,293.25,0.72,N,2
36.97292,42.10266,309.55,0.39,0.37,2024-09-02,2256,N,VIIRS,n,2,291.44,0.68,N,0
36.97562,42.10783,328.74,0.39,0.37,2024-09-02,2256,N,VIIRS,n,2,292.68,2.23,N,0
36.97626,42.10342,309.9,0.39,0.37,2024-09-02,2256,N,VIIRS,n,2,291.54,1.19,N,0
37.03202,42.17072,305.56,0.39,0.36,2024-09-02,2256,N,VIIRS,n,2,295.43,0.48,N,2
37.03641,43.35657,304.49,0.38,0.36,2024-09-02,2256,N,VIIRS,n,2,292.18,0.33,N,0
37.04961,42.0972,306.28,0.39,0.37,2024-09-02,2256,N,VIIRS,n,2,291.3,0.66,N,0
37.05033,42.09951,307.82,0.39,0.37,2024-09-02,2256,N,VIIRS,n,2,292.64,0.77,N,0
37.07947,42.55965,316.21,0.39,0.36,2024-09-02,2256,N,VIIRS,n,2,297.14,1.5,N,2
37.33814,40.80254,313.76,0.42,0.38,2024-09-02,2256,N,VIIRS,n,2,295.92,1.54,N,2
37.33901,40.8048,304.91,0.42,0.38,2024-09-02,2256,N,VIIRS,n,2,294.42,0.49,N,2
37.3656,39.46086,309.41,0.47,0.4,2024-09-02,2256,N,VIIRS,n,2,290.46,0.82,N,0
37.77789,40.79934,300.49,0.43,0.38,2024-09-02,2256,N,VIIRS,n,2,289.76,0.46,N,0
37.93941,40.32906,300.26,0.45,0.39,2024-09-02,2256,N,VIIRS,n,2,290.04,0.29,N,0
37.94065,41.00463,314.28,0.42,0.38,2024-09-02,2256,N,VIIRS,n,2,290.89,2.96,N,0
37.9413,40.99975,342.43,0.42,0.38,2024-09-02,2256,N,VIIRS,n,2,295.05,14.1,N,0
37.9696,40.92846,311.64,0.43,0.38,2024-09-02,2256,N,VIIRS,n,2,291.96,1.52,N,0
37.97307,40.92919,309.94,0.43,0.38,2024-09-02,2256,N,VIIRS,n,2,291.92,0.82,N,0
38.17712,40.62586,307.45,0.44,0.38,2024-09-02,2256,N,VIIRS,n,2,289.01,1.01,N,0
38.18962,40.55647,304.19,0.44,0.38,2024-09-02,2256,N,VIIRS,n,2,290.84,0.56,N,0
38.19315,40.55724,317.31,0.44,0.38,2024-09-02,2256,N,VIIRS,n,2,292.65,1.65,N,0
38.22558,40.50198,315.88,0.44,0.38,2024-09-02,2256,N,VIIRS,n,2,291.91,1.55,N,2
38.45339,38.72614,304.8,0.52,0.42,2024-09-02,2256,N,VIIRS,n,2,293.64,1.1,N,2
38.4555,38.72633,304.61,0.52,0.42,2024-09-02,2256,N,VIIRS,n,2,294.35,0.97,N,2
38.67741,37.30524,296.63,0.41,0.45,2024-09-02,2256,N,VIIRS,n,2,284.32,1.02,N,0
38.72362,41.5764,297.81,0.41,0.37,2024-09-02,2256,N,VIIRS,n,2,287.17,0.4,N,0
38.74642,26.94753,300.4,0.73,0.76,2024-09-02,2256,N,VIIRS,n,2,286.42,1.97,N,2
38.84598,36.51464,322.72,0.45,0.47,2024-09-02,2256,N,VIIRS,n,2,283.65,2.24,N,0
38.84647,36.50917,305.29,0.45,0.47,2024-09-02,2256,N,VIIRS,n,2,283.6,2.42,N,0
38.85031,36.51517,317.4,0.45,0.47,2024-09-02,2256,N,VIIRS,n,2,284.75,1.65,N,0
39.03967,42.53622,300.63,0.4,0.37,2024-09-02,2256,N,VIIRS,n,2,285.73,1.22,N,0
39.04033,42.53164,324.09,0.4,0.37,2024-09-02,2256,N,VIIRS,n,2,287.0,1.22,N,0
39.08006,42.72208,298.45,0.39,0.37,2024-09-02,2256,N,VIIRS,n,2,284.95,0.54,N,0
39.08072,42.71755,300.1,0.39,0.37,2024-09-02,2256,N,VIIRS,n,2,284.87,0.54,N,0
39.09066,42.69631,299.59,0.4,0.37,2024-09-02,2256,N,VIIRS,n,2,285.51,0.77,N,0
39.094,42.69707,307.81,0.4,0.37,2024-09-02,2256,N,VIIRS,n,2,285.75,0.77,N,0
39.09734,42.69783,298.89,0.4,0.37,2024-09-02,2256,N,VIIRS,n,2,285.89,0.55,N,0
39.1569,42.49924,311.66,0.4,0.37,2024-09-02,2256,N,VIIRS,n,2,285.03,1.9,N,0
39.15727,42.50132,303.57,0.4,0.37,2024-09-02,2256,N,VIIRS,n,2,285.63,0.66,N,0
39.16882,42.29254,296.51,0.4,0.37,2024-09-02,2256,N,VIIRS,n,2,282.04,0.25,N,0
39.59714,32.4205,297.77,0.38,0.59,2024-09-02,2256,N,VIIRS,n,2,285.49,0.49,N,0
39.59803,32.41796,297.04,0.38,0.59,2024-09-02,2256,N,VIIRS,n,2,285.16,0.62,N,0
39.83579,30.29648,296.47,0.49,0.65,2024-09-02,2256,N,VIIRS,n,2,283.08,1.51,N,2
39.92891,41.66525,303.22,0.42,0.38,2024-09-02,2256,N,VIIRS,n,2,281.22,0.59,N,0
39.95919,33.1424,300.34,0.35,0.57,2024-09-02,2256,N,VIIRS,n,2,284.33,1.0,N,2
40.68941,36.11507,300.33,0.49,0.49,2024-09-02,2256,N,VIIRS,n,2,286.64,0.88,N,0
41.17363,32.63464,309.37,0.38,0.59,2024-09-02,2256,N,VIIRS,n,2,285.09,1.72,N,2
41.1791,32.63509,308.1,0.38,0.59,2024-09-02,2256,N,VIIRS,n,2,286.56,1.63,N,2
41.25868,31.42739,299.37,0.44,0.62,2024-09-02,2256,N,VIIRS,n,2,285.68,0.93,N,2
41.26451,31.42776,327.26,0.44,0.62,2024-09-02,2256,N,VIIRS,n,2,286.72,2.83,N,2
41.26472,31.42232,304.86,0.44,0.62,2024-09-02,2256,N,VIIRS,n,2,286.18,2.81,N,2
35.5269,44.3453,342.54,0.39,0.36,2024-09-02,2257,N,VIIRS,n,2,298.29,4.61,N,2
35.52761,44.34103,320.19,0.39,0.36,2024-09-02,2257,N,VIIRS,n,2,297.51,4.78,N,2
35.53093,44.34185,322.58,0.39,0.36,2024-09-02,2257,N,VIIRS,n,2,298.54,4.78,N,2
35.53165,44.33758,331.49,0.39,0.36,2024-09-02,2257,N,VIIRS,n,2,299.22,4.78,N,2
35.53497,44.3384,336.8,0.39,0.36,2024-09-02,2257,N,VIIRS,n,2,298.38,4.13,N,2
35.56156,39.06186,311.79,0.47,0.4,2024-09-02,2257,N,VIIRS,n,2,293.38,1.27,N,0
35.56487,44.28349,311.29,0.39,0.36,2024-09-02,2257,N,VIIRS,n,2,297.49,1.57,N,2
35.62724,44.01077,327.08,0.39,0.36,2024-09-02,2257,N,VIIRS,n,2,298.67,5.27,N,2
35.62793,44.00652,330.98,0.39,0.36,2024-09-02,2257,N,VIIRS,n,2,299.39,5.27,N,2
35.63054,44.01159,328.51,0.39,0.36,2024-09-02,2257,N,VIIRS,n,2,300.41,6.29,N,2
35.63124,44.00735,331.59,0.39,0.36,2024-09-02,2257,N,VIIRS,n,2,303.87,6.29,N,2
35.662,43.9663,334.6,0.39,0.36,2024-09-02,2257,N,VIIRS,n,2,306.47,15.13,N,2
35.67862,44.06642,324.38,0.39,0.36,2024-09-02,2257,N,VIIRS,n,2,299.66,3.6,N,2
35.68313,43.87884,323.89,0.39,0.36,2024-09-02,2257,N,VIIRS,n,2,297.84,5.11,N,2
35.68382,43.8746,333.19,0.39,0.36,2024-09-02,2257,N,VIIRS,n,2,299.35,10.53,N,2
35.68643,43.87965,322.3,0.39,0.36,2024-09-02,2257,N,VIIRS,n,2,300.85,10.32,N,2
35.68712,43.87541,334.3,0.39,0.36,2024-09-02,2257,N,VIIRS,n,2,308.84,26.01,N,2
35.70234,44.00589,323.67,0.39,0.36,2024-09-02,2257,N,VIIRS,n,2,297.48,2.87,N,0
35.70303,44.00164,328.93,0.39,0.36,2024-09-02,2257,N,VIIRS,n,2,296.97,2.96,N,0
35.70494,44.01094,351.47,0.39,0.36,2024-09-02,2257,N,VIIRS,n,2,300.42,3.22,N,0
35.70564,44.00669,340.62,0.39,0.36,2024-09-02,2257,N,VIIRS,n,2,298.63,3.22,N,0
35.70634,44.00245,330.94,0.39,0.36,2024-09-02,2257,N,VIIRS,n,2,297.33,2.53,N,0
35.70704,43.9982,317.71,0.39,0.36,2024-09-02,2257,N,VIIRS,n,2,296.29,2.53,N,0
35.70824,44.01175,323.19,0.39,0.36,2024-09-02,2257,N,VIIRS,n,2,298.5,3.22,N,0
35.70894,44.0075,319.3,0.39,0.36,2024-09-02,2257,N,VIIRS,n,2,298.41,3.22,N,0
35.70964,44.00325,333.91,0.39,0.36,2024-09-02,2257,N,VIIRS,n,2,298.01,2.53,N,0
35.71033,43.99901,322.29,0.39,0.36,2024-09-02,2257,N,VIIRS,n,2,297.43,2.53,N,0
35.71294,44.00406,308.81,0.39,0.36,2024-09-02,2257,N,VIIRS,n,2,297.09,1.4,N,0
35.71998,43.77201,311.28,0.39,0.36,2024-09-02,2257,N,VIIRS,n,2,301.23,2.09,N,2
35.72387,44.04211,332.06,0.39,0.36,2024-09-02,2257,N,VIIRS,n,2,302.82,8.14,N,2
35.72717,44.04292,312.37,0.39,0.36,2024-09-02,2257,N,VIIRS,n,2,300.4,1.94,N,2
35.72857,44.03441,330.47,0.39,0.36,2024-09-02,2257,N,VIIRS,n,2,300.86,3.51,N,2
35.77254,43.99657,329.4,0.39,0.36,2024-09-02,2257,N,VIIRS,n,2,300.18,3.17,N,2
35.78719,43.25016,309.19,0.38,0.36,2024-09-02,2257,N,VIIRS,n,2,297.46,1.37,N,2
35.81618,43.25582,310.76,0.38,0.36,2024-09-02,2257,N,VIIRS,n,2,299.29,2.15,N,2
35.92482,43.78745,316.02,0.39,0.36,2024-09-02,2257,N,VIIRS,n,2,298.52,1.85,N,2
35.95156,43.72792,319.67,0.39,0.36,2024-09-02,2257,N,VIIRS,n,2,298.22,2.16,N,2
35.96585,43.76662,309.58,0.39,0.36,2024-09-02,2257,N,VIIRS,n,2,298.74,2.65,N,2
35.96915,43.76744,312.45,0.39,0.36,2024-09-02,2257,N,VIIRS,n,2,299.82,3.28,N,2
35.96983,43.7632,331.68,0.39,0.36,2024-09-02,2257,N,VIIRS,n,2,300.03,3.74,N,2
35.97504,43.7733,322.72,0.39,0.36,2024-09-02,2257,N,VIIRS,n,2,299.33,3.44,N,2
35.98231,43.77068,344.6,0.39,0.36,2024-09-02,2257,N,VIIRS,n,2,304.93,8.28,N,2
35.99104,43.94941,319.12,0.39,0.36,2024-09-02,2257,N,VIIRS,n,2,295.28,0.97,N,0
35.99754,43.76118,311.24,0.39,0.36,2024-09-02,2257,N,VIIRS,n,2,298.72,1.95,N,2
36.00652,43.1281,310.55,0.38,0.36,2024-09-02,2257,N,VIIRS,n,2,295.81,1.3,N,0
36.01707,43.68225,339.15,0.38,0.36,2024-09-02,2257,N,VIIRS,n,2,297.02,2.97,N,2
36.02037,43.68304,323.7,0.38,0.36,2024-09-02,2257,N,VIIRS,n,2,298.57,2.97,N,2
36.08495,43.6398,311.27,0.38,0.36,2024-09-02,2257,N,VIIRS,n,2,296.11,0.68,N,0
36.10015,43.63028,313.65,0.38,0.36,2024-09-02,2257,N,VIIRS,n,2,297.75,1.32,N,0
36.14206,40.8183,317.16,0.42,0.37,2024-09-02,2257,N,VIIRS,n,2,295.65,0.95,N,2
36.20681,43.46986,308.61,0.38,0.36,2024-09-02,2257,N,VIIRS,n,2,296.31,0.73,N,0
36.26332,33.72735,315.18,0.6,0.53,2024-09-02,2257,N,VIIRS,n,2,292.2,1.83,N,2
36.26451,33.72668,312.39,0.6,0.53,2024-09-02,2257,N,VIIRS,n,2,292.19,2.85,N,2
36.35166,42.07465,312.07,0.39,0.36,2024-09-02,2257,N,VIIRS,n,2,299.47,1.32,N,2
36.45782,41.27974,305.03,0.41,0.37,2024-09-02,2257,N,VIIRS,n,2,293.98,0.71,N,2
36.5115,43.67059,316.71,0.38,0.36,2024-09-02,2257,N,VIIRS,n,2,296.66,1.77,N,0
36.51479,43.67139,332.36,0.38,0.36,2024-09-02,2257,N,VIIRS,n,2,297.19,2.66,N,0
36.57821,44.28941,306.23,0.39,0.36,2024-09-02,2257,N,VIIRS,n,2,293.96,0.41,N,0
36.64214,43.44369,329.99,0.38,0.36,2024-09-02,2257,N,VIIRS,n,2,295.38,2.85,N,0
36.69117,43.04564,339.56,0.38,0.36,2024-09-02,2257,N,VIIRS,n,2,298.11,4.57,N,0
36.69379,43.0442,308.59,0.38,0.36,2024-09-02,2257,N,VIIRS,n,2,296.24,1.14,N,0
36.69531,36.20704,311.45,0.44,0.46,2024-09-02,2257,N,VIIRS,n,2,293.93,2.86,N,2
36.70107,43.24094,308.95,0.38,0.36,2024-09-02,2257,N,VIIRS,n,2,295.65,0.56,N,0
36.70435,43.24173,306.24,0.38,0.36,2024-09-02,2257,N,VIIRS,n,2,295.06,0.2,N,0
36.72963,36.21217,315.61,0.44,0.46,2024-09-02,2257,N,VIIRS,n,2,294.94,2.18,N,2
36.7344,36.20771,310.62,0.44,0.46,2024-09-02,2257,N,VIIRS,n,2,294.08,2.7,N,2
36.74824,36.19961,305.83,0.44,0.46,2024-09-02,2257,N,VIIRS,n,2,293.41,1.79,N,2
36.79122,41.93339,314.55,0.4,0.37,2024-09-02,2257,N,VIIRS,n,2,293.35,1.16,N,0
36.79319,38.13395,317.33,0.53,0.42,2024-09-02,2257,N,VIIRS,n,2,292.2,1.77,N,0
36.79387,38.13484,314.82,0.53,0.42,2024-09-02,2257,N,VIIRS,n,2,292.27,1.73,N,0
36.86704,34.75982,304.0,0.53,0.5,2024-09-02,2257,N,VIIRS,n,2,292.11,1.16,N,2
36.87169,34.76069,303.02,0.53,0.5,2024-09-02,2257,N,VIIRS,n,2,292.06,1.02,N,2
36.91511,41.89445,307.68,0.4,0.37,2024-09-02,2257,N,VIIRS,n,2,294.05,0.63,N,2
36.93607,42.13217,316.79,0.39,0.36,2024-09-02,2257,N,VIIRS,n,2,294.68,1.34,N,2
36.95181,41.56049,321.82,0.4,0.37,2024-09-02,2257,N,VIIRS,n,2,292.92,1.86,N,0
36.98252,38.57917,309.96,0.51,0.41,2024-09-02,2257,N,VIIRS,n,2,291.4,1.26,N,0
36.99704,41.56102,315.4,0.4,0.37,2024-09-02,2257,N,VIIRS,n,2,294.05,1.14,N,2
37.02367,36.10706,303.71,0.45,0.47,2024-09-02,2257,N,VIIRS,n,2,292.29,1.52,N,2
37.05596,38.30589,331.4,0.53,0.42,2024-09-02,2257,N,VIIRS,n,2,294.53,3.54,N,0
37.07738,37.45735,308.82,0.39,0.44,2024-09-02,2257,N,VIIRS,n,2,291.86,1.03,N,0
37.15949,38.30058,305.0,0.53,0.42,2024-09-02,2257,N,VIIRS,n,2,292.72,0.89,N,0
37.16718,38.30197,305.61,0.53,0.42,2024-09-02,2257,N,VIIRS,n,2,292.33,1.13,N,0
37.18432,37.41951,311.03,0.39,0.44,2024-09-02,2257,N,VIIRS,n,2,291.06,0.46,N,0
37.29299,37.1596,304.16,0.4,0.44,2024-09-02,2257,N,VIIRS,n,2,291.94,0.85,N,2
37.29351,37.15451,306.36,0.4,0.44,2024-09-02,2257,N,VIIRS,n,2,292.95,1.12,N,2
37.35382,37.16185,305.83,0.4,0.44,2024-09-02,2257,N,VIIRS,n,2,292.9,0.91,N,2
41.0212,28.55575,311.03,0.5,0.49,2024-09-03,36,N,VIIRS,n,2,289.75,1.53,N,2
41.02193,28.55648,307.0,0.5,0.49,2024-09-03,36,N,VIIRS,n,2,289.42,1.04,N,2
41.17418,32.63218,310.38,0.39,0.6,2024-09-03,36,N,VIIRS,n,2,285.35,1.34,N,2
41.17427,32.63392,305.31,0.39,0.6,2024-09-03,36,N,VIIRS,n,2,284.81,0.93,N,2
41.25267,31.41278,318.92,0.34,0.56,2024-09-03,36,N,VIIRS,n,2,285.88,1.21,N,2
41.25752,31.41545,305.53,0.34,0.56,2024-09-03,36,N,VIIRS,n,2,286.0,1.21,N,2
41.26636,31.42403,317.05,0.34,0.56,2024-09-03,36,N,VIIRS,n,2,287.94,1.84,N,2
41.56353,32.42987,302.8,0.37,0.58,2024-09-03,36,N,VIIRS,n,2,284.99,0.88,N,2
41.79718,26.70384,302.54,0.39,0.44,2024-09-03,36,N,VIIRS,n,2,289.1,0.93,N,2
36.71504,36.20049,309.8,0.78,0.78,2024-09-03,37,N,VIIRS,n,2,289.49,1.89,N,2
36.71712,36.20282,306.5,0.78,0.78,2024-09-03,37,N,VIIRS,n,2,289.33,2.78,N,2
38.42544,27.21596,303.56,0.49,0.49,2024-09-03,37,N,VIIRS,n,2,290.56,1.18,N,2
38.42839,27.21678,302.56,0.5,0.49,2024-09-03,37,N,VIIRS,n,2,291.03,0.83,N,2
38.73483,26.9466,309.58,0.47,0.48,2024-09-03,37,N,VIIRS,n,2,291.55,2.13,N,2
38.73906,26.94842,304.9,0.47,0.48,2024-09-03,37,N,VIIRS,n,2,291.01,1.94,N,2
39.16819,27.63057,303.08,0.5,0.49,2024-09-03,37,N,VIIRS,n,2,289.69,1.24,N,2
39.48497,30.04329,306.42,0.32,0.55,2024-09-03,37,N,VIIRS,n,2,285.33,1.02,N,2
39.48588,30.03977,299.06,0.32,0.55,2024-09-03,37,N,VIIRS,n,2,284.41,1.33,N,2
39.86704,26.24419,308.88,0.41,0.45,2024-09-03,37,N,VIIRS,n,2,291.54,1.18,N,2
40.44569,27.13461,307.11,0.44,0.46,2024-09-03,37,N,VIIRS,n,2,290.37,1.68,N,2
35.55305,39.06376,356.34,0.4,0.37,2024-09-03,1017,N,VIIRS,n,2,320.1,12.11,D,0
36.23093,36.43427,336.85,0.46,0.39,2024-09-03,1017,N,VIIRS,n,2,302.73,3.37,D,0
36.23449,36.43325,334.35,0.46,0.39,2024-09-03,1017,N,VIIRS,n,2,302.25,3.37,D,0
36.27182,36.4119,339.29,0.46,0.39,2024-09-03,1017,N,VIIRS,n,2,303.1,8.4,D,0
36.28831,36.33557,339.15,0.47,0.39,2024-09-03,1017,N,VIIRS,n,2,303.16,8.35,D,0
36.31497,36.31713,348.05,0.47,0.39,2024-09-03,1017,N,VIIRS,n,2,303.75,5.9,D,0
36.31855,36.3161,345.83,0.47,0.39,2024-09-03,1017,N,VIIRS,n,2,302.18,8.02,D,0
36.34123,44.07375,354.38,0.46,0.39,2024-09-03,1017,N,VIIRS,n,2,323.6,16.04,D,0
36.56997,42.00232,346.06,0.4,0.37,2024-09-03,1017,N,VIIRS,n,2,317.28,4.29,D,0
36.69784,43.16905,349.27,0.43,0.38,2024-09-03,1017,N,VIIRS,n,2,322.68,8.08,D,0
36.69846,43.17384,349.77,0.43,0.38,2024-09-03,1017,N,VIIRS,n,2,320.47,6.95,D,0
36.74545,35.27788,338.91,0.51,0.41,2024-09-03,1017,N,VIIRS,n,2,305.19,2.68,D,0
36.74728,35.12818,330.62,0.51,0.41,2024-09-03,1017,N,VIIRS,n,2,303.03,1.83,D,0
36.77105,38.21078,342.84,0.4,0.37,2024-09-03,1017,N,VIIRS,n,2,315.95,3.79,D,0
36.79327,35.38122,332.04,0.5,0.41,2024-09-03,1017,N,VIIRS,n,2,304.35,2.36,D,0
36.81416,36.74345,339.57,0.44,0.39,2024-09-03,1017,N,VIIRS,n,2,308.76,5.14,D,0
36.86762,43.48979,337.93,0.44,0.38,2024-09-03,1017,N,VIIRS,n,2,311.96,3.0,D,2
36.90568,43.3906,341.08,0.44,0.38,2024-09-03,1017,N,VIIRS,n,2,314.58,4.14,D,2
36.9347,43.50686,348.99,0.44,0.38,2024-09-03,1017,N,VIIRS,n,2,317.63,7.94,D,0
36.93758,43.50109,347.88,0.44,0.38,2024-09-03,1017,N,VIIRS,n,2,313.8,9.36,D,0
36.99224,35.78292,334.62,0.48,0.4,2024-09-03,1017,N,VIIRS,n,2,301.33,5.12,D,0
37.11703,41.60354,354.46,0.4,0.37,2024-09-03,1017,N,VIIRS,n,2,324.08,14.84,D,0
37.52241,38.6894,353.37,0.39,0.36,2024-09-03,1017,N,VIIRS,n,2,319.94,31.98,D,0
37.52573,38.68855,351.4,0.39,0.36,2024-09-03,1017,N,VIIRS,n,2,316.01,31.98,D,0
36.93782,35.11975,337.43,0.51,0.41,2024-09-03,1018,N,VIIRS,n,2,302.05,6.59,D,0
36.99889,35.08931,340.69,0.51,0.41,2024-09-03,1018,N,VIIRS,n,2,304.83,2.94,D,0
37.16875,36.11395,333.61,0.46,0.39,2024-09-03,1018,N,VIIRS,n,2,303.4,3.12,D,0
37.18764,35.59745,340.03,0.48,0.4,2024-09-03,1018,N,VIIRS,n,2,303.75,3.83,D,0
37.23136,36.10466,339.05,0.46,0.39,2024-09-03,1018,N,VIIRS,n,2,303.93,2.34,D,0
37.25367,36.1036,354.43,0.46,0.39,2024-09-03,1018,N,VIIRS,n,2,308.76,35.98,D,0
37.38048,37.13325,343.69,0.43,0.38,2024-09-03,1018,N,VIIRS,n,2,312.22,3.44,D,0
37.44287,37.13352,340.27,0.42,0.38,2024-09-03,1018,N,VIIRS,n,2,311.33,1.54,D,0
37.73791,38.28697,346.66,0.4,0.37,2024-09-03,1018,N,VIIRS,n,2,310.08,2.43,D,0
37.89397,40.2361,355.11,0.38,0.36,2024-09-03,1018,N,VIIRS,n,2,317.8,11.09,D,0
37.97687,34.71513,337.15,0.51,0.41,2024-09-03,1018,N,VIIRS,n,2,305.75,3.62,D,0
37.99374,33.13897,337.82,0.4,0.44,2024-09-03,1018,N,VIIRS,n,2,301.4,4.36,D,0
38.09824,40.33461,367.0,0.39,0.36,2024-09-03,1018,N,VIIRS,h,2,328.24,20.72,D,0
38.30025,31.01962,338.4,0.51,0.49,2024-09-03,1018,N,VIIRS,n,2,299.47,3.31,D,0
38.54506,36.05067,347.65,0.45,0.39,2024-09-03,1018,N,VIIRS,n,2,314.69,15.47,D,0
38.66139,36.6055,354.36,0.43,0.38,2024-09-03,1018,N,VIIRS,n,2,309.81,26.87,D,0
38.66228,36.61043,367.0,0.43,0.38,2024-09-03,1018,N,VIIRS,h,2,306.25,13.69,D,0
38.66573,36.60954,349.36,0.43,0.38,2024-09-03,1018,N,VIIRS,n,2,311.59,15.08,D,0
38.70288,35.38546,340.69,0.47,0.4,2024-09-03,1018,N,VIIRS,n,2,307.19,4.1,D,0
38.98219,31.73494,336.06,0.45,0.47,2024-09-03,1018,N,VIIRS,n,2,298.93,3.75,D,0
39.00639,36.57612,343.12,0.42,0.38,2024-09-03,1018,N,VIIRS,n,2,306.89,6.44,D,0
39.04728,36.84642,343.97,0.42,0.37,2024-09-03,1018,N,VIIRS,n,2,307.37,8.45,D,0
39.08365,36.8507,343.79,0.42,0.37,2024-09-03,1018,N,VIIRS,n,2,305.36,5.67,D,0
39.11011,33.54515,335.96,0.55,0.43,2024-09-03,1018,N,VIIRS,n,2,305.9,2.17,D,0
39.1392,42.31862,367.0,0.42,0.38,2024-09-03,1018,N,VIIRS,h,2,329.94,33.54,D,0
39.65488,31.03399,350.49,0.47,0.48,2024-09-03,1018,N,VIIRS,n,2,304.22,14.57,D,0
39.66415,36.76264,342.22,0.41,0.37,2024-09-03,1018,N,VIIRS,n,2,308.44,6.91,D,0
39.76393,36.88789,351.18,0.41,0.37,2024-09-03,1018,N,VIIRS,n,2,300.89,5.95,D,0
39.76588,42.87776,347.93,0.45,0.39,2024-09-03,1018,N,VIIRS,n,2,315.04,5.75,D,0
39.7673,36.88695,354.2,0.41,0.37,2024-09-03,1018,N,VIIRS,n,2,303.85,5.95,D,0
39.78571,42.84419,348.02,0.44,0.39,2024-09-03,1018,N,VIIRS,n,2,315.07,3.07,D,0
41.49403,26.92412,355.71,0.34,0.56,2024-09-03,1019,N,VIIRS,n,2,303.24,18.4,D,0
41.49507,26.92802,367.0,0.34,0.56,2024-09-03,1019,N,VIIRS,h,2,301.73,11.57,D,0
41.5,26.92579,367.0,0.34,0.56,2024-09-03,1019,N,VIIRS,h,2,299.56,11.57,D,0
42.02267,44.01633,330.26,0.52,0.41,2024-09-03,1019,N,VIIRS,n,2,303.24,6.26,D,0
42.02333,44.02252,334.62,0.52,0.41,2024-09-03,1019,N,VIIRS,n,2,303.65,6.26,D,0
42.0265,44.01563,334.65,0.52,0.41,2024-09-03,1019,N,VIIRS,n,2,302.57,4.0,D,0
42.02715,44.02181,330.77,0.52,0.41,2024-09-03,1019,N,VIIRS,n,2,302.82,4.0,D,0
42.12376,43.01501,335.61,0.47,0.4,2024-09-03,1019,N,VIIRS,n,2,302.65,3.55,D,2
39.6516,31.0325,336.2,0.71,0.75,2024-09-03,1159,N,VIIRS,n,2,294.54,8.44,D,0
39.65422,31.03292,341.13,0.71,0.75,2024-09-03,1159,N,VIIRS,n,2,294.33,5.41,D,0
42.12908,42.98013,300.86,0.4,0.44,2024-09-03,2236,N,VIIRS,n,2,289.73,1.38,N,0
42.1315,42.97943,302.16,0.4,0.44,2024-09-03,2236,N,VIIRS,n,2,289.77,1.22,N,2
38.01707,40.33319,302.37,0.49,0.49,2024-09-03,2237,N,VIIRS,n,2,291.53,0.73,N,0
38.01997,40.33833,315.54,0.49,0.49,2024-09-03,2237,N,VIIRS,n,2,291.65,3.11,N,0
38.02158,40.33385,310.0,0.49,0.49,2024-09-03,2237,N,VIIRS,n,2,291.15,1.29,N,0
38.1103,40.25923,326.92,0.5,0.49,2024-09-03,2237,N,VIIRS,n,2,293.31,3.02,N,0
38.11383,37.85616,297.92,0.34,0.56,2024-09-03,2237,N,VIIRS,n,2,286.6,0.52,N,0
38.12642,40.23226,310.86,0.5,0.49,2024-09-03,2237,N,VIIRS,n,2,293.19,1.73,N,0
38.12643,40.23213,314.56,0.5,0.49,2024-09-03,2237,N,VIIRS,n,2,293.5,1.45,N,0
38.1269,40.2263,307.19,0.5,0.49,2024-09-03,2237,N,VIIRS,n,2,292.91,1.56,N,0
38.12694,40.22619,302.79,0.5,0.49,2024-09-03,2237,N,VIIRS,n,2,292.76,1.45,N,0
38.13095,40.23293,317.16,0.5,0.49,2024-09-03,2237,N,VIIRS,n,2,293.46,1.71,N,0
38.13095,40.23307,313.19,0.5,0.49,2024-09-03,2237,N,VIIRS,n,2,293.43,1.73,N,0
38.13143,40.22713,313.34,0.5,0.49,2024-09-03,2237,N,VIIRS,n,2,292.69,1.56,N,0
38.13147,40.22701,308.12,0.5,0.49,2024-09-03,2237,N,VIIRS,n,2,292.32,1.71,N,0
38.41265,36.87838,298.16,0.38,0.59,2024-09-03,2237,N,VIIRS,n,2,286.83,0.37,N,0
38.53542,43.35327,306.52,0.53,0.42,2024-09-03,2237,N,VIIRS,n,2,286.42,0.88,N,0
38.53926,43.35408,296.51,0.53,0.42,2024-09-03,2237,N,VIIRS,n,2,286.38,0.88,N,0
39.08467,37.51177,298.11,0.36,0.57,2024-09-03,2237,N,VIIRS,n,2,282.12,0.61,N,0
39.1118,42.69251,295.81,0.39,0.44,2024-09-03,2237,N,VIIRS,n,2,284.32,0.37,N,0
39.17413,42.10191,324.98,0.41,0.45,2024-09-03,2237,N,VIIRS,n,2,286.44,1.78,N,0
39.17828,42.10253,305.27,0.41,0.45,2024-09-03,2237,N,VIIRS,n,2,283.7,1.78,N,0
39.22103,42.37162,303.3,0.4,0.44,2024-09-03,2237,N,VIIRS,n,2,283.48,1.32,N,0
39.22149,42.3669,318.46,0.4,0.44,2024-09-03,2237,N,VIIRS,n,2,284.04,1.49,N,0
39.22376,42.38645,311.62,0.4,0.44,2024-09-03,2237,N,VIIRS,n,2,284.19,1.13,N,0
39.22421,42.38176,306.21,0.4,0.44,2024-09-03,2237,N,VIIRS,n,2,285.3,1.13,N,0
39.22512,42.37233,310.24,0.4,0.44,2024-09-03,2237,N,VIIRS,n,2,284.67,1.32,N,0
39.22557,42.36761,299.84,0.4,0.44,2024-09-03,2237,N,VIIRS,n,2,284.13,1.49,N,0
39.26989,42.25464,304.66,0.41,0.45,2024-09-03,2237,N,VIIRS,n,2,283.88,0.95,N,0
39.48844,40.19453,303.14,0.52,0.5,2024-09-03,2237,N,VIIRS,n,2,284.24,1.15,N,0
39.94348,33.19167,296.67,0.62,0.71,2024-09-03,2237,N,VIIRS,n,2,283.17,1.15,N,2
39.94588,33.18845,295.19,0.62,0.71,2024-09-03,2237,N,VIIRS,n,2,283.02,0.58,N,2
39.95996,33.14247,296.98,0.62,0.72,2024-09-03,2237,N,VIIRS,n,2,283.36,0.96,N,2
40.04871,32.64831,297.15,0.66,0.73,2024-09-03,2237,N,VIIRS,n,2,284.6,0.57,N,2
41.17355,32.63212,300.97,0.67,0.73,2024-09-03,2237,N,VIIRS,n,2,285.56,1.87,N,2
41.17458,32.63607,299.69,0.67,0.73,2024-09-03,2237,N,VIIRS,n,2,285.12,0.99,N,2
41.26702,31.42267,301.2,0.77,0.77,2024-09-03,2237,N,VIIRS,n,2,287.29,2.79,N,2
41.26771,31.42819,299.54,0.77,0.77,2024-09-03,2237,N,VIIRS,n,2,286.55,2.89,N,2
35.52698,44.34577,333.44,0.45,0.39,2024-09-03,2238,N,VIIRS,n,2,297.13,4.65,N,2
35.52762,44.34079,331.75,0.45,0.39,2024-09-03,2238,N,VIIRS,n,2,296.23,4.65,N,2
35.53119,44.34148,330.06,0.45,0.39,2024-09-03,2238,N,VIIRS,n,2,298.42,4.65,N,2
35.53539,44.33722,331.5,0.45,0.39,2024-09-03,2238,N,VIIRS,n,2,296.86,4.24,N,2
35.5653,44.28407,312.87,0.45,0.39,2024-09-03,2238,N,VIIRS,n,2,295.29,0.89,N,2
35.59263,44.29982,309.71,0.45,0.39,2024-09-03,2238,N,VIIRS,n,2,296.55,1.74,N,0
35.5962,44.30054,327.42,0.45,0.39,2024-09-03,2238,N,VIIRS,n,2,297.62,3.59,N,0
35.59914,44.30627,308.33,0.45,0.39,2024-09-03,2238,N,VIIRS,n,2,297.68,3.59,N,0
35.59977,44.30127,330.89,0.45,0.39,2024-09-03,2238,N,VIIRS,n,2,299.82,3.59,N,0
35.60272,44.30695,307.53,0.45,0.39,2024-09-03,2238,N,VIIRS,n,2,296.28,1.19,N,0
35.60334,44.30198,316.88,0.45,0.39,2024-09-03,2238,N,VIIRS,n,2,297.51,1.19,N,0
35.62849,44.01072,324.46,0.46,0.39,2024-09-03,2238,N,VIIRS,n,2,304.91,9.29,N,2
35.62912,44.00557,327.89,0.46,0.39,2024-09-03,2238,N,VIIRS,n,2,297.06,9.29,N,2
35.66018,43.96417,314.73,0.47,0.39,2024-09-03,2238,N,VIIRS,n,2,296.6,7.65,N,2
35.66381,43.96487,335.55,0.47,0.39,2024-09-03,2238,N,VIIRS,n,2,303.79,7.65,N,2
35.67704,44.06694,319.42,0.46,0.39,2024-09-03,2238,N,VIIRS,n,2,297.7,2.77,N,2
35.68623,43.87368,331.82,0.47,0.4,2024-09-03,2238,N,VIIRS,n,2,299.16,28.55,N,2
35.72498,44.04136,344.64,0.46,0.39,2024-09-03,2238,N,VIIRS,n,2,300.27,8.4,N,2
35.72986,44.03178,328.52,0.46,0.39,2024-09-03,2238,N,VIIRS,n,2,297.57,4.1,N,2
35.77115,43.99763,316.17,0.47,0.39,2024-09-03,2238,N,VIIRS,n,2,297.26,2.18,N,2
35.81448,43.25579,310.46,0.5,0.41,2024-09-03,2238,N,VIIRS,n,2,298.42,2.35,N,2
35.92294,43.78671,311.28,0.48,0.4,2024-09-03,2238,N,VIIRS,n,2,296.56,1.68,N,2
35.92661,43.78743,308.78,0.48,0.4,2024-09-03,2238,N,VIIRS,n,2,295.43,1.05,N,2
35.95118,43.72809,307.29,0.48,0.4,2024-09-03,2238,N,VIIRS,n,2,296.1,1.62,N,2
35.95281,43.72691,310.89,0.48,0.4,2024-09-03,2238,N,VIIRS,n,2,296.24,1.84,N,2
35.96944,43.76426,313.13,0.48,0.4,2024-09-03,2238,N,VIIRS,n,2,298.71,3.4,N,2
35.97007,43.64764,307.45,0.48,0.4,2024-09-03,2238,N,VIIRS,n,2,292.08,0.76,N,0
35.97173,43.64939,303.73,0.48,0.4,2024-09-03,2238,N,VIIRS,n,2,292.38,0.84,N,0
35.9725,43.77013,312.25,0.48,0.4,2024-09-03,2238,N,VIIRS,n,2,297.64,3.2,N,2
35.97986,43.77138,322.56,0.48,0.4,2024-09-03,2238,N,VIIRS,n,2,298.06,3.49,N,2
35.98049,43.7661,312.73,0.48,0.4,2024-09-03,2238,N,VIIRS,n,2,298.77,3.17,N,2
35.98354,43.77202,330.39,0.48,0.4,2024-09-03,2238,N,VIIRS,n,2,300.01,3.51,N,2
35.98417,43.76674,312.19,0.48,0.4,2024-09-03,2238,N,VIIRS,n,2,297.87,3.59,N,2
36.00016,43.75871,313.5,0.48,0.4,2024-09-03,2238,N,VIIRS,n,2,296.87,1.29,N,2
36.01717,43.67981,325.66,0.48,0.4,2024-09-03,2238,N,VIIRS,n,2,294.47,2.31,N,2
36.02086,43.6805,313.18,0.48,0.4,2024-09-03,2238,N,VIIRS,n,2,295.4,2.31,N,2
36.08385,43.63866,306.9,0.48,0.4,2024-09-03,2238,N,VIIRS,n,2,294.14,0.69,N,0
36.09993,43.63055,314.92,0.49,0.4,2024-09-03,2238,N,VIIRS,n,2,294.62,1.3,N,0
36.1421,40.81765,313.55,0.44,0.46,2024-09-03,2238,N,VIIRS,n,2,295.66,0.96,N,2
36.16553,41.0472,306.63,0.43,0.46,2024-09-03,2238,N,VIIRS,n,2,294.82,0.4,N,0
36.2602,33.72574,304.01,0.55,0.68,2024-09-03,2238,N,VIIRS,n,2,289.7,1.62,N,2
36.29707,43.7466,323.06,0.48,0.4,2024-09-03,2238,N,VIIRS,n,2,294.12,2.51,N,0
36.3499,42.07438,316.88,0.38,0.43,2024-09-03,2238,N,VIIRS,n,2,298.23,2.42,N,2
36.41424,43.66454,318.75,0.49,0.4,2024-09-03,2238,N,VIIRS,n,2,295.14,1.57,N,0
36.41488,43.65904,311.48,0.49,0.4,2024-09-03,2238,N,VIIRS,n,2,294.31,1.57,N,0
36.44167,42.92748,309.97,0.53,0.42,2024-09-03,2238,N,VIIRS,n,2,296.2,1.91,N,2
36.5561,43.56193,310.79,0.49,0.41,2024-09-03,2238,N,VIIRS,n,2,295.13,1.29,N,0
36.64714,41.94622,343.25,0.39,0.44,2024-09-03,2238,N,VIIRS,n,2,295.29,4.57,N,0
36.64855,43.06141,333.96,0.52,0.42,2024-09-03,2238,N,VIIRS,n,2,296.11,4.12,N,0
36.65237,43.06215,315.93,0.52,0.42,2024-09-03,2238,N,VIIRS,n,2,296.72,4.12,N,0
36.74743,43.49768,314.42,0.5,0.41,2024-09-03,2238,N,VIIRS,n,2,296.49,2.2,N,2
36.77468,43.32541,339.8,0.51,0.41,2024-09-03,2238,N,VIIRS,n,2,299.37,9.29,N,2
36.77843,43.32647,319.98,0.51,0.41,2024-09-03,2238,N,VIIRS,n,2,298.46,2.49,N,2
36.79931,37.01847,305.6,0.36,0.58,2024-09-03,2238,N,VIIRS,n,2,292.35,0.81,N,2
36.80019,41.93086,302.27,0.4,0.44,2024-09-03,2238,N,VIIRS,n,2,291.79,0.67,N,0
36.86773,43.48516,303.95,0.5,0.41,2024-09-03,2238,N,VIIRS,n,2,293.41,0.76,N,2
36.86792,34.761,307.41,0.49,0.65,2024-09-03,2238,N,VIIRS,n,2,289.4,1.57,N,2
36.87156,43.48516,306.3,0.5,0.41,2024-09-03,2238,N,VIIRS,n,2,293.4,0.76,N,2
36.89349,43.42789,329.09,0.51,0.41,2024-09-03,2238,N,VIIRS,n,2,292.92,3.99,N,2
36.90557,43.38967,330.88,0.51,0.41,2024-09-03,2238,N,VIIRS,n,2,292.07,4.64,N,2
36.90936,43.39027,317.05,0.51,0.41,2024-09-03,2238,N,VIIRS,n,2,291.96,1.6,N,2
36.91417,41.8964,309.41,0.4,0.44,2024-09-03,2238,N,VIIRS,n,2,291.62,0.88,N,2
36.93575,42.13114,322.64,0.39,0.44,2024-09-03,2238,N,VIIRS,n,2,294.12,1.81,N,2
36.94225,43.50049,306.53,0.5,0.41,2024-09-03,2238,N,VIIRS,n,2,292.06,1.66,N,0
36.94276,43.49984,304.8,0.5,0.41,2024-09-03,2238,N,VIIRS,n,2,291.66,0.96,N,0
36.94376,42.17224,316.55,0.39,0.44,2024-09-03,2238,N,VIIRS,n,2,295.11,1.47,N,2
36.96551,42.08202,314.38,0.39,0.44,2024-09-03,2238,N,VIIRS,n,2,291.74,1.44,N,2
36.99622,42.264,303.79,0.57,0.43,2024-09-03,2238,N,VIIRS,n,2,292.0,0.85,N,0
36.99737,41.56373,308.74,0.41,0.45,2024-09-03,2238,N,VIIRS,n,2,292.34,0.88,N,2
37.00023,42.26471,313.67,0.57,0.43,2024-09-03,2238,N,VIIRS,n,2,293.18,1.27,N,0
37.00078,42.2593,307.62,0.38,0.43,2024-09-03,2238,N,VIIRS,n,2,292.54,1.05,N,0
37.00123,42.25497,315.25,0.38,0.43,2024-09-03,2238,N,VIIRS,n,2,292.68,1.05,N,0
37.02315,42.12106,303.3,0.39,0.44,2024-09-03,2238,N,VIIRS,n,2,290.73,0.5,N,0
37.0334,42.18094,309.82,0.39,0.44,2024-09-03,2238,N,VIIRS,n,2,293.28,0.82,N,0
37.05496,42.13133,306.45,0.39,0.44,2024-09-03,2238,N,VIIRS,n,2,293.64,0.79,N,2
37.0602,42.3143,317.96,0.57,0.43,2024-09-03,2238,N,VIIRS,n,2,294.31,2.62,N,0
37.0642,42.31503,320.28,0.57,0.43,2024-09-03,2238,N,VIIRS,n,2,296.04,2.62,N,0
37.22857,42.19961,303.99,0.39,0.44,2024-09-03,2238,N,VIIRS,n,2,293.08,0.74,N,0
37.29415,37.15733,306.87,0.36,0.58,2024-09-03,2238,N,VIIRS,n,2,291.73,0.5,N,2
37.29734,37.15591,302.13,0.36,0.57,2024-09-03,2238,N,VIIRS,n,2,291.03,0.53,N,2
37.35313,37.16297,304.1,0.36,0.58,2024-09-03,2238,N,VIIRS,n,2,291.18,0.67,N,2
39.17318,42.10476,304.47,0.76,0.77,2024-09-04,17,N,VIIRS,n,2,282.31,1.88,N,0
39.17789,42.10027,308.83,0.76,0.77,2024-09-04,17,N,VIIRS,n,2,282.15,2.06,N,0
39.22155,42.36898,297.49,0.78,0.78,2024-09-04,17,N,VIIRS,n,2,281.91,1.26,N,0
39.22169,42.38384,295.83,0.78,0.78,2024-09-04,17,N,VIIRS,n,2,282.29,1.31,N,0
39.2225,42.38959,305.38,0.78,0.78,2024-09-04,17,N,VIIRS,n,2,282.4,2.68,N,0
39.22455,42.37528,295.89,0.78,0.78,2024-09-04,17,N,VIIRS,n,2,282.37,1.31,N,0
40.75637,31.78507,298.33,0.43,0.46,2024-09-04,17,N,VIIRS,n,2,284.61,0.97,N,2
40.94603,31.39577,302.19,0.41,0.45,2024-09-04,17,N,VIIRS,n,2,284.0,0.74,N,2
41.17417,32.63094,305.32,0.46,0.47,2024-09-04,17,N,VIIRS,n,2,288.54,0.87,N,2
41.17635,32.6367,302.34,0.46,0.47,2024-09-04,17,N,VIIRS,n,2,288.81,1.53,N,2
41.25372,31.41403,323.73,0.4,0.44,2024-09-04,17,N,VIIRS,n,2,287.06,1.95,N,2
41.2646,31.42338,308.22,0.4,0.44,2024-09-04,17,N,VIIRS,n,2,286.08,1.77,N,2
41.56445,32.4312,302.38,0.44,0.46,2024-09-04,17,N,VIIRS,n,2,289.74,0.44,N,2
41.60158,32.82778,303.01,0.46,0.47,2024-09-04,17,N,VIIRS,n,2,285.48,0.64,N,0
41.63535,27.50788,302.24,0.42,0.38,2024-09-04,17,N,VIIRS,n,2,290.9,0.73,N,2
41.79876,26.70104,304.01,0.4,0.37,2024-09-04,17,N,VIIRS,n,2,289.1,0.83,N,0
36.26262,33.73122,303.03,0.34,0.56,2024-09-04,18,N,VIIRS,n,2,291.56,0.69,N,2
36.71713,36.20346,303.38,0.45,0.63,2024-09-04,18,N,VIIRS,n,2,289.45,1.0,N,2
36.71844,36.1988,305.67,0.45,0.63,2024-09-04,18,N,VIIRS,n,2,289.55,2.19,N,2
36.86876,34.76252,305.14,0.38,0.58,2024-09-04,18,N,VIIRS,n,2,290.58,1.06,N,2
36.8699,34.75824,302.29,0.38,0.58,2024-09-04,18,N,VIIRS,n,2,290.11,0.95,N,2
37.29277,37.15516,300.67,0.49,0.65,2024-09-04,18,N,VIIRS,n,2,290.55,0.91,N,2
38.13391,40.23079,309.87,0.66,0.73,2024-09-04,18,N,VIIRS,n,2,289.46,1.95,N,0
38.42518,27.21415,304.87,0.45,0.39,2024-09-04,18,N,VIIRS,n,2,292.41,0.87,N,2
38.42867,27.21541,306.84,0.45,0.39,2024-09-04,18,N,VIIRS,n,2,293.99,1.05,N,2
38.45174,38.72654,300.84,0.54,0.68,2024-09-04,18,N,VIIRS,n,2,290.68,1.03,N,2
38.66009,30.61998,302.98,0.42,0.45,2024-09-04,18,N,VIIRS,n,2,286.88,1.74,N,2
38.69079,36.52117,295.19,0.42,0.61,2024-09-04,18,N,VIIRS,n,2,280.86,0.77,N,0
38.7305,26.92934,306.65,0.44,0.38,2024-09-04,18,N,VIIRS,n,2,292.86,0.74,N,0
38.73744,26.93151,323.9,0.44,0.38,2024-09-04,18,N,VIIRS,n,2,294.87,2.13,N,2
38.74092,26.93257,315.85,0.44,0.38,2024-09-04,18,N,VIIRS,n,2,293.08,2.13,N,2
38.74157,26.94859,306.28,0.44,0.38,2024-09-04,18,N,VIIRS,n,2,294.36,1.19,N,2
38.74222,26.96461,303.99,0.44,0.38,2024-09-04,18,N,VIIRS,n,2,292.29,0.74,N,2
38.7444,26.93362,310.8,0.44,0.38,2024-09-04,18,N,VIIRS,n,2,293.0,1.14,N,2
38.74505,26.94965,323.09,0.44,0.38,2024-09-04,18,N,VIIRS,n,2,294.25,1.19,N,2
39.09261,27.50959,304.17,0.45,0.39,2024-09-04,18,N,VIIRS,n,2,291.26,1.02,N,0
39.16745,27.63449,302.08,0.46,0.39,2024-09-04,18,N,VIIRS,n,2,291.43,0.51,N,2
39.16845,27.62934,306.26,0.46,0.39,2024-09-04,18,N,VIIRS,n,2,292.54,1.27,N,2
39.48409,30.04458,303.7,0.57,0.43,2024-09-04,18,N,VIIRS,n,2,286.14,1.09,N,2
39.54469,35.52252,298.38,0.35,0.57,2024-09-04,18,N,VIIRS,n,2,285.43,0.41,N,0
39.83757,30.3037,298.81,0.38,0.43,2024-09-04,18,N,VIIRS,n,2,287.87,0.52,N,2
39.86551,26.24415,324.13,0.41,0.37,2024-09-04,18,N,VIIRS,n,2,294.55,2.51,N,2
39.95408,28.86258,298.18,0.5,0.41,2024-09-04,18,N,VIIRS,n,2,287.71,0.8,N,0
40.04866,32.65073,296.92,0.49,0.49,2024-09-04,18,N,VIIRS,n,2,286.88,0.59,N,2
40.78181,29.59958,305.05,0.51,0.41,2024-09-04,18,N,VIIRS,n,2,291.13,1.18,N,2
41.01827,28.55686,303.35,0.47,0.39,2024-09-04,18,N,VIIRS,n,2,291.29,0.64,N,2
41.02183,28.5581,305.5,0.47,0.39,2024-09-04,18,N,VIIRS,n,2,291.7,0.93,N,2
35.52809,44.34256,353.13,0.39,0.36,2024-09-04,958,N,VIIRS,n,2,322.76,22.24,D,2
35.65757,43.60605,349.89,0.4,0.37,2024-09-04,958,N,VIIRS,n,2,318.91,20.97,D,0
35.66091,43.60522,349.89,0.4,0.37,2024-09-04,958,N,VIIRS,n,2,320.55,20.97,D,0
35.66164,43.60958,351.74,0.4,0.37,2024-09-04,958,N,VIIRS,n,2,320.5,8.94,D,0
35.66238,43.61395,345.59,0.4,0.37,2024-09-04,958,N,VIIRS,n,2,319.37,8.94,D,0
35.66498,43.60875,367.0,0.4,0.37,2024-09-04,958,N,VIIRS,h,2,332.22,78.12,D,0
35.68509,43.87515,367.0,0.39,0.37,2024-09-04,958,N,VIIRS,h,2,326.71,42.61,D,2
35.72275,44.04076,348.45,0.39,0.36,2024-09-04,958,N,VIIRS,n,2,321.77,7.38,D,2
36.01824,43.6825,350.6,0.4,0.37,2024-09-04,958,N,VIIRS,n,2,324.13,11.15,D,2
36.28949,36.32661,340.95,0.53,0.5,2024-09-04,958,N,VIIRS,n,2,301.0,19.74,D,0
36.29082,36.33232,335.87,0.52,0.5,2024-09-04,958,N,VIIRS,n,2,299.08,16.11,D,0
36.29583,36.39451,339.15,0.52,0.5,2024-09-04,958,N,VIIRS,n,2,302.82,18.74,D,0
36.29653,36.39809,343.03,0.52,0.5,2024-09-04,958,N,VIIRS,n,2,303.81,29.87,D,0
36.29713,36.40021,337.75,0.52,0.5,2024-09-04,958,N,VIIRS,n,2,300.1,15.44,D,0
36.30944,36.5179,342.74,0.51,0.5,2024-09-04,958,N,VIIRS,n,2,299.8,7.65,D,0
36.37181,37.35229,343.67,0.46,0.47,2024-09-04,958,N,VIIRS,n,2,308.24,5.38,D,0
36.75331,38.17691,346.5,0.41,0.45,2024-09-04,958,N,VIIRS,n,2,314.45,6.77,D,0
36.80472,39.23062,343.55,0.55,0.43,2024-09-04,958,N,VIIRS,n,2,309.63,5.66,D,0
36.80558,39.23222,347.64,0.55,0.43,2024-09-04,958,N,VIIRS,n,2,309.05,5.86,D,0
36.88843,40.57885,349.05,0.48,0.4,2024-09-04,958,N,VIIRS,n,2,315.5,5.76,D,0
36.91644,42.2633,348.21,0.42,0.38,2024-09-04,958,N,VIIRS,n,2,316.57,7.73,D,0
36.9418,43.50729,351.44,0.39,0.36,2024-09-04,958,N,VIIRS,n,2,316.37,10.77,D,0
37.00285,39.60157,342.01,0.52,0.42,2024-09-04,958,N,VIIRS,n,2,309.94,11.06,D,0
37.06215,41.46706,344.06,0.44,0.39,2024-09-04,958,N,VIIRS,n,2,316.08,4.91,D,0
37.10315,40.08573,348.34,0.5,0.41,2024-09-04,958,N,VIIRS,n,2,313.71,13.02,D,0
37.51472,42.07922,341.18,0.42,0.38,2024-09-04,958,N,VIIRS,n,2,315.09,13.49,D,0
36.83733,35.47175,332.83,0.57,0.52,2024-09-04,959,N,VIIRS,n,2,294.27,3.29,D,0
36.83752,35.4719,332.46,0.57,0.52,2024-09-04,959,N,VIIRS,n,2,294.63,2.87,D,0
36.95095,35.79964,332.3,0.54,0.51,2024-09-04,959,N,VIIRS,n,2,297.41,6.46,D,0
37.11963,36.29425,337.12,0.51,0.49,2024-09-04,959,N,VIIRS,n,2,296.17,3.11,D,0
37.14993,35.98579,331.6,0.52,0.5,2024-09-04,959,N,VIIRS,n,2,298.28,2.51,D,0
37.35249,39.32135,349.5,0.53,0.42,2024-09-04,959,N,VIIRS,n,2,316.18,17.41,D,0
37.45245,39.35029,342.08,0.53,0.42,2024-09-04,959,N,VIIRS,n,2,314.43,3.64,D,0
37.52273,37.98362,337.66,0.41,0.45,2024-09-04,959,N,VIIRS,n,2,310.93,1.91,D,0
37.61705,39.58739,343.47,0.51,0.41,2024-09-04,959,N,VIIRS,n,2,313.04,6.89,D,0
37.7463,40.25466,343.08,0.48,0.4,2024-09-04,959,N,VIIRS,n,2,314.54,2.48,D,0
37.89305,31.69022,367.0,0.42,0.61,2024-09-04,959,N,VIIRS,h,2,301.6,12.11,D,0
37.89504,31.68545,339.36,0.42,0.61,2024-09-04,959,N,VIIRS,n,2,302.4,8.32,D,0
37.89637,31.69039,352.11,0.42,0.61,2024-09-04,959,N,VIIRS,n,2,301.79,13.43,D,0
37.9187,42.85024,357.08,0.4,0.37,2024-09-04,959,N,VIIRS,n,2,320.5,9.46,D,0
38.50718,34.62377,341.73,0.57,0.52,2024-09-04,959,N,VIIRS,n,2,298.37,7.13,D,0
38.75031,42.27725,352.08,0.4,0.37,2024-09-04,959,N,VIIRS,n,2,315.37,12.94,D,0
38.76373,36.55683,336.16,0.45,0.47,2024-09-04,959,N,VIIRS,n,2,306.63,4.55,D,0
38.79499,36.49474,336.99,0.45,0.47,2024-09-04,959,N,VIIRS,n,2,306.98,4.48,D,0
38.80031,36.49822,349.77,0.45,0.47,2024-09-04,959,N,VIIRS,n,2,315.87,54.89,D,0
38.96958,41.93293,347.71,0.41,0.37,2024-09-04,959,N,VIIRS,n,2,321.15,3.01,D,0
38.97295,41.93196,352.25,0.41,0.37,2024-09-04,959,N,VIIRS,n,2,320.3,6.7,D,0
38.97631,41.93099,347.19,0.41,0.37,2024-09-04,959,N,VIIRS,n,2,318.49,6.7,D,0
39.00964,36.50312,343.84,0.45,0.47,2024-09-04,959,N,VIIRS,n,2,301.18,4.92,D,0
39.1959,35.32221,348.63,0.51,0.49,2024-09-04,959,N,VIIRS,n,2,307.16,12.35,D,0
39.20295,36.73415,353.87,0.43,0.46,2024-09-04,959,N,VIIRS,n,2,306.31,16.46,D,0
39.20712,42.43742,355.29,0.4,0.37,2024-09-04,959,N,VIIRS,n,2,321.59,10.67,D,0
39.21019,42.45568,350.9,0.4,0.37,2024-09-04,959,N,VIIRS,n,2,322.99,6.87,D,0
39.21096,42.46023,356.22,0.4,0.37,2024-09-04,959,N,VIIRS,n,2,323.66,6.87,D,0
39.21172,42.46479,353.86,0.4,0.37,2024-09-04,959,N,VIIRS,n,2,323.11,11.82,D,0
39.2153,42.4447,355.82,0.4,0.37,2024-09-04,959,N,VIIRS,n,2,328.78,29.88,D,0
39.21709,42.43464,351.51,0.4,0.37,2024-09-04,959,N,VIIRS,n,2,317.38,8.64,D,0
39.21786,42.4392,345.7,0.4,0.37,2024-09-04,959,N,VIIRS,n,2,316.31,8.64,D,0
39.21863,42.44376,367.0,0.4,0.37,2024-09-04,959,N,VIIRS,h,2,338.39,46.8,D,0
39.21939,42.44833,344.46,0.4,0.37,2024-09-04,959,N,VIIRS,n,2,314.36,46.8,D,0
39.22246,42.46659,351.49,0.4,0.37,2024-09-04,959,N,VIIRS,n,2,321.35,23.29,D,0
39.22654,42.47021,367.0,0.4,0.37,2024-09-04,959,N,VIIRS,h,2,341.86,86.78,D,0
39.28019,37.14672,342.37,0.41,0.45,2024-09-04,959,N,VIIRS,n,2,306.77,2.06,D,0
39.3249,34.80428,343.2,0.54,0.5,2024-09-04,959,N,VIIRS,n,2,300.3,4.02,D,0
39.34162,34.9567,344.14,0.53,0.5,2024-09-04,959,N,VIIRS,n,2,304.68,9.86,D,0
39.56502,35.414,356.22,0.49,0.49,2024-09-04,959,N,VIIRS,n,2,304.24,13.84,D,0
39.72242,43.12703,346.04,0.39,0.36,2024-09-04,959,N,VIIRS,n,2,320.4,20.15,D,0
39.89007,36.87598,337.51,0.41,0.45,2024-09-04,959,N,VIIRS,n,2,306.36,5.69,D,0
40.56733,42.00157,339.38,0.4,0.37,2024-09-04,959,N,VIIRS,n,2,306.22,1.89,D,0
40.85542,43.78183,349.09,0.38,0.36,2024-09-04,959,N,VIIRS,n,2,317.37,5.99,D,0
40.95192,44.45366,335.17,0.39,0.36,2024-09-04,959,N,VIIRS,n,2,301.34,3.93,D,0
40.95588,44.45741,335.27,0.39,0.36,2024-09-04,959,N,VIIRS,n,2,301.72,1.95,D,0
41.14299,44.2998,333.35,0.39,0.36,2024-09-04,959,N,VIIRS,n,2,303.14,2.92,D,0
40.07953,34.76254,346.01,0.52,0.5,2024-09-04,1000,N,VIIRS,n,2,297.62,14.29,D,0
36.88329,35.14384,334.65,0.63,0.72,2024-09-04,1139,N,VIIRS,n,2,294.03,6.02,D,0
37.12759,35.64437,347.9,0.67,0.74,2024-09-04,1139,N,VIIRS,n,2,292.34,11.4,D,0
37.62797,31.8563,345.79,0.42,0.61,2024-09-04,1140,N,VIIRS,n,2,301.36,5.44,D,0
37.6282,31.86095,367.0,0.42,0.61,2024-09-04,1140,N,VIIRS,h,2,303.39,5.44,D,0
38.26494,32.63984,340.12,0.47,0.64,2024-09-04,1140,N,VIIRS,n,2,298.51,6.68,D,0
38.30667,28.66733,332.54,0.57,0.52,2024-09-04,1140,N,VIIRS,n,2,302.42,2.74,D,0
38.30853,28.66736,331.3,0.57,0.52,2024-09-04,1140,N,VIIRS,n,2,301.93,4.75,D,0
38.39491,31.72931,340.63,0.42,0.61,2024-09-04,1140,N,VIIRS,n,2,300.96,8.91,D,0
38.44297,32.63466,338.39,0.47,0.64,2024-09-04,1140,N,VIIRS,n,2,300.52,3.58,D,0
38.47796,35.98526,331.34,0.72,0.75,2024-09-04,1140,N,VIIRS,n,2,297.25,3.36,D,0
38.52849,32.8183,331.67,0.49,0.65,2024-09-04,1140,N,VIIRS,n,2,298.17,2.07,D,0
38.6788,36.23158,333.97,0.74,0.76,2024-09-04,1140,N,VIIRS,n,2,295.57,4.05,D,0
39.01055,36.49403,346.61,0.77,0.77,2024-09-04,1140,N,VIIRS,n,2,296.92,17.89,D,0
39.0106,36.503,367.0,0.77,0.77,2024-09-04,1140,N,VIIRS,h,2,301.01,17.89,D,0
39.01122,36.49318,338.6,0.77,0.77,2024-09-04,1140,N,VIIRS,n,2,296.37,19.07,D,0
39.01122,36.50217,367.0,0.77,0.77,2024-09-04,1140,N,VIIRS,h,2,300.53,26.21,D,0
39.56287,35.41236,367.0,0.68,0.74,2024-09-04,1140,N,VIIRS,h,2,294.78,4.92,D,0
40.04935,34.86915,339.28,0.64,0.72,2024-09-04,1140,N,VIIRS,n,2,296.1,10.23,D,0
40.05063,34.86674,347.11,0.64,0.72,2024-09-04,1140,N,VIIRS,n,2,296.15,7.6,D,0
41.5871,26.79912,341.53,0.49,0.49,2024-09-04,1141,N,VIIRS,n,2,304.99,4.04,D,0
37.99821,40.20974,301.45,0.45,0.63,2024-09-04,2218,N,VIIRS,n,2,289.73,0.61,N,0
38.00186,40.21092,302.1,0.46,0.63,2024-09-04,2218,N,VIIRS,n,2,289.71,0.34,N,0
38.10571,39.86938,305.41,0.48,0.64,2024-09-04,2218,N,VIIRS,n,2,291.06,0.49,N,0
38.10682,39.86894,302.57,0.48,0.64,2024-09-04,2218,N,VIIRS,n,2,291.03,0.84,N,0
38.45244,38.72498,302.78,0.55,0.68,2024-09-04,2218,N,VIIRS,n,2,291.11,1.16,N,2
38.45376,38.72517,302.73,0.55,0.68,2024-09-04,2218,N,VIIRS,n,2,291.29,1.9,N,2
38.6658,41.99675,304.83,0.37,0.58,2024-09-04,2218,N,VIIRS,n,2,286.75,1.18,N,0
38.96685,41.92176,300.14,0.37,0.58,2024-09-04,2218,N,VIIRS,n,2,285.79,0.64,N,0
38.96823,41.91963,296.57,0.37,0.58,2024-09-04,2218,N,VIIRS,n,2,286.43,0.72,N,0
39.07001,42.37212,306.04,0.35,0.57,2024-09-04,2218,N,VIIRS,n,2,282.49,0.56,N,0
39.20452,42.41951,329.79,0.35,0.57,2024-09-04,2218,N,VIIRS,n,2,283.13,5.29,N,0
39.20477,42.41521,296.99,0.35,0.57,2024-09-04,2218,N,VIIRS,n,2,282.57,4.41,N,0
39.20982,42.42004,367.0,0.35,0.57,2024-09-04,2218,N,VIIRS,h,2,288.61,5.29,N,0
39.21007,42.41576,332.12,0.35,0.57,2024-09-04,2218,N,VIIRS,n,2,284.92,4.41,N,0
39.24851,42.45568,302.47,0.35,0.57,2024-09-04,2218,N,VIIRS,n,2,282.23,0.25,N,0
39.2504,42.45454,295.92,0.35,0.57,2024-09-04,2218,N,VIIRS,n,2,282.35,0.43,N,0
39.43687,42.40068,295.13,0.36,0.57,2024-09-04,2218,N,VIIRS,n,2,282.43,0.36,N,0
39.994,41.79056,320.51,0.39,0.59,2024-09-04,2218,N,VIIRS,n,2,284.66,1.65,N,0
35.52256,44.34591,306.29,0.51,0.49,2024-09-04,2219,N,VIIRS,n,2,295.02,2.54,N,2
35.52339,44.34574,322.1,0.51,0.49,2024-09-04,2219,N,VIIRS,n,2,295.06,2.92,N,2
35.52713,44.34658,329.78,0.51,0.49,2024-09-04,2219,N,VIIRS,n,2,295.06,6.15,N,2
35.52761,44.34081,355.98,0.51,0.49,2024-09-04,2219,N,VIIRS,n,2,297.44,6.15,N,2
35.52796,44.34641,334.02,0.51,0.49,2024-09-04,2219,N,VIIRS,n,2,295.49,2.92,N,2
35.52848,44.34063,353.57,0.51,0.49,2024-09-04,2219,N,VIIRS,n,2,298.34,20.65,N,2
35.53219,44.34148,339.31,0.51,0.49,2024-09-04,2219,N,VIIRS,n,2,296.53,6.15,N,2
35.53267,44.33574,338.25,0.51,0.49,2024-09-04,2219,N,VIIRS,n,2,297.19,12.51,N,2
35.53305,44.34132,324.11,0.51,0.49,2024-09-04,2219,N,VIIRS,n,2,295.56,3.73,N,2
35.53357,44.33558,338.34,0.51,0.49,2024-09-04,2219,N,VIIRS,n,2,297.07,3.73,N,2
35.56506,44.28209,315.29,0.51,0.5,2024-09-04,2219,N,VIIRS,n,2,295.67,1.07,N,2
35.63029,44.01118,338.43,0.53,0.5,2024-09-04,2219,N,VIIRS,n,2,299.46,6.24,N,2
35.63081,44.00517,328.96,0.53,0.5,2024-09-04,2219,N,VIIRS,n,2,296.77,6.67,N,2
35.65955,43.96736,311.81,0.54,0.51,2024-09-04,2219,N,VIIRS,n,2,297.21,3.55,N,2
35.66003,43.96135,324.49,0.54,0.51,2024-09-04,2219,N,VIIRS,n,2,296.64,3.55,N,2
35.66246,43.96725,336.87,0.54,0.5,2024-09-04,2219,N,VIIRS,n,2,299.3,8.29,N,2
35.66298,43.96127,334.56,0.54,0.51,2024-09-04,2219,N,VIIRS,n,2,297.27,9.22,N,2
35.66423,43.96803,312.52,0.54,0.51,2024-09-04,2219,N,VIIRS,n,2,297.38,5.16,N,2
35.66471,43.96204,338.91,0.54,0.51,2024-09-04,2219,N,VIIRS,n,2,299.23,5.16,N,2
35.68492,43.87231,339.26,0.54,0.51,2024-09-04,2219,N,VIIRS,n,2,296.56,55.07,N,2
35.6861,43.87297,340.5,0.54,0.51,2024-09-04,2219,N,VIIRS,n,2,299.77,36.04,N,2
35.72429,44.04305,328.69,0.53,0.5,2024-09-04,2219,N,VIIRS,n,2,297.95,5.24,N,2
35.7248,44.03705,335.05,0.53,0.5,2024-09-04,2219,N,VIIRS,n,2,298.2,4.87,N,2
35.72997,44.03176,322.04,0.53,0.5,2024-09-04,2219,N,VIIRS,n,2,297.46,4.87,N,2
35.77095,43.99516,316.52,0.54,0.5,2024-09-04,2219,N,VIIRS,n,2,297.18,3.56,N,2
35.77225,43.99686,320.4,0.54,0.5,2024-09-04,2219,N,VIIRS,n,2,298.01,3.02,N,2
35.81461,43.25373,308.59,0.59,0.53,2024-09-04,2219,N,VIIRS,n,2,297.7,2.62,N,2
35.92364,43.78831,311.94,0.55,0.51,2024-09-04,2219,N,VIIRS,n,2,296.67,1.92,N,2
35.95248,43.72852,313.68,0.56,0.51,2024-09-04,2219,N,VIIRS,n,2,296.87,1.83,N,2
35.97324,43.76909,309.34,0.55,0.51,2024-09-04,2219,N,VIIRS,n,2,297.99,4.36,N,2
35.98278,43.77001,340.64,0.55,0.51,2024-09-04,2219,N,VIIRS,n,2,301.19,7.67,N,2
35.9978,43.75877,322.73,0.55,0.51,2024-09-04,2219,N,VIIRS,n,2,297.77,2.98,N,2
35.99812,43.75916,321.1,0.55,0.51,2024-09-04,2219,N,VIIRS,n,2,297.63,3.12,N,2
36.01797,43.68485,312.49,0.56,0.52,2024-09-04,2219,N,VIIRS,n,2,296.65,2.69,N,2
36.01846,43.67844,320.89,0.56,0.52,2024-09-04,2219,N,VIIRS,n,2,295.82,2.69,N,2
36.01876,43.68533,308.2,0.56,0.51,2024-09-04,2219,N,VIIRS,n,2,296.77,2.19,N,2
36.01929,43.67893,323.67,0.56,0.52,2024-09-04,2219,N,VIIRS,n,2,296.29,3.44,N,2
36.08434,43.64117,319.61,0.56,0.52,2024-09-04,2219,N,VIIRS,n,2,294.72,2.05,N,0
36.09978,43.63017,307.95,0.57,0.52,2024-09-04,2219,N,VIIRS,n,2,293.91,1.14,N,0
36.14503,40.81375,320.2,0.41,0.6,2024-09-04,2219,N,VIIRS,n,2,295.04,1.78,N,2
36.44086,42.93184,307.54,0.62,0.54,2024-09-04,2219,N,VIIRS,n,2,297.32,1.85,N,2
36.57378,43.38638,316.03,0.59,0.53,2024-09-04,2219,N,VIIRS,n,2,295.07,2.83,N,0
36.57869,43.38681,318.63,0.59,0.53,2024-09-04,2219,N,VIIRS,n,2,294.64,2.83,N,0
36.60573,43.55051,313.32,0.58,0.52,2024-09-04,2219,N,VIIRS,n,2,293.1,1.75,N,0
36.61058,43.55111,307.1,0.58,0.52,2024-09-04,2219,N,VIIRS,n,2,292.53,0.94,N,0
36.74733,43.49632,307.49,0.58,0.52,2024-09-04,2219,N,VIIRS,n,2,293.98,2.01,N,2
36.7729,43.3255,304.03,0.6,0.53,2024-09-04,2219,N,VIIRS,n,2,293.79,3.02,N,2
36.77424,43.32739,320.84,0.6,0.53,2024-09-04,2219,N,VIIRS,n,2,295.27,4.42,N,2
36.77473,43.32054,328.6,0.6,0.53,2024-09-04,2219,N,VIIRS,n,2,295.22,4.42,N,2
36.77773,43.32716,338.9,0.6,0.53,2024-09-04,2219,N,VIIRS,n,2,299.39,3.02,N,2
36.86816,43.48657,319.09,0.59,0.53,2024-09-04,2219,N,VIIRS,n,2,293.65,2.72,N,2
36.87078,42.81585,328.32,0.32,0.55,2024-09-04,2219,N,VIIRS,n,2,295.85,2.37,N,0
36.87117,43.48665,316.51,0.59,0.53,2024-09-04,2219,N,VIIRS,n,2,293.91,3.23,N,2
36.87585,42.81649,309.81,0.32,0.55,2024-09-04,2219,N,VIIRS,n,2,292.95,0.59,N,0
36.89233,43.42538,327.22,0.59,0.53,2024-09-04,2219,N,VIIRS,n,2,290.8,3.08,N,2
36.90507,43.38645,318.88,0.6,0.53,2024-09-04,2219,N,VIIRS,n,2,290.8,3.55,N,2
36.90999,43.38691,313.4,0.6,0.53,2024-09-04,2219,N,VIIRS,n,2,290.83,1.78,N,2
36.9131,41.26812,308.01,0.39,0.59,2024-09-04,2219,N,VIIRS,n,2,293.15,0.62,N,0
36.91379,41.26855,308.1,0.39,0.59,2024-09-04,2219,N,VIIRS,n,2,293.35,0.62,N,0
36.91534,41.89633,307.03,0.36,0.57,2024-09-04,2219,N,VIIRS,n,2,292.0,1.06,N,2
36.96049,42.17359,309.38,0.35,0.57,2024-09-04,2219,N,VIIRS,n,2,292.68,0.61,N,0
36.96238,42.08298,311.59,0.35,0.57,2024-09-04,2219,N,VIIRS,n,2,292.24,0.67,N,2
36.96264,42.07891,302.76,0.35,0.57,2024-09-04,2219,N,VIIRS,n,2,292.43,0.67,N,2
36.96609,42.0809,315.59,0.35,0.57,2024-09-04,2219,N,VIIRS,n,2,292.41,0.8,N,2
36.96965,42.28204,326.81,0.34,0.56,2024-09-04,2219,N,VIIRS,n,2,292.8,1.61,N,0
36.9699,42.27806,312.87,0.34,0.56,2024-09-04,2219,N,VIIRS,n,2,291.92,1.61,N,0
36.99548,41.56405,305.9,0.38,0.58,2024-09-04,2219,N,VIIRS,n,2,292.1,0.6,N,2
36.99575,41.5597,306.24,0.38,0.58,2024-09-04,2219,N,VIIRS,n,2,292.4,0.6,N,2
36.99612,41.56099,319.34,0.38,0.58,2024-09-04,2219,N,VIIRS,n,2,292.85,1.5,N,2
37.00295,42.4174,305.16,0.34,0.56,2024-09-04,2219,N,VIIRS,n,2,292.15,0.37,N,0
37.00394,39.86305,318.28,0.47,0.64,2024-09-04,2219,N,VIIRS,n,2,291.97,1.82,N,0
37.01423,36.10539,302.96,0.75,0.77,2024-09-04,2219,N,VIIRS,n,2,287.02,2.29,N,2
37.01571,36.10086,302.64,0.75,0.77,2024-09-04,2219,N,VIIRS,n,2,286.9,2.03,N,2
37.04375,41.49576,302.89,0.38,0.59,2024-09-04,2219,N,VIIRS,n,2,291.62,0.37,N,0
37.05336,42.13248,304.3,0.35,0.57,2024-09-04,2219,N,VIIRS,n,2,293.72,0.62,N,2
37.07831,42.55761,325.6,0.33,0.55,2024-09-04,2219,N,VIIRS,n,2,295.55,1.6,N,2
37.09781,41.62252,305.66,0.37,0.58,2024-09-04,2219,N,VIIRS,n,2,292.47,0.64,N,0
37.13691,42.79141,305.1,0.32,0.55,2024-09-04,2219,N,VIIRS,n,2,293.93,0.54,N,2
37.27753,42.40527,303.3,0.34,0.56,2024-09-04,2219,N,VIIRS,n,2,292.72,0.48,N,0
37.27778,42.4013,308.21,0.34,0.56,2024-09-04,2219,N,VIIRS,n,2,293.39,0.48,N,0
37.52893,38.43651,306.14,0.56,0.69,2024-09-04,2219,N,VIIRS,n,2,291.58,0.69,N,0
37.54158,38.44539,308.32,0.56,0.69,2024-09-04,2219,N,VIIRS,n,2,291.39,1.25,N,0
37.54163,38.44031,312.57,0.56,0.69,2024-09-04,2219,N,VIIRS,n,2,291.4,2.14,N,0
37.54179,38.43898,304.54,0.56,0.69,2024-09-04,2219,N,VIIRS,n,2,291.59,1.25,N,0
37.62951,38.09002,316.42,0.59,0.7,2024-09-04,2219,N,VIIRS,n,2,291.07,3.06,N,0
39.11475,42.11773,295.46,0.45,0.63,2024-09-04,2358,N,VIIRS,n,2,282.81,0.48,N,0
39.20414,42.41623,295.98,0.46,0.64,2024-09-04,2358,N,VIIRS,n,2,282.11,0.61,N,0
39.20496,42.41899,307.52,0.46,0.64,2024-09-04,2358,N,VIIRS,n,2,282.58,1.5,N,0
39.20972,42.41885,319.67,0.46,0.64,2024-09-04,2358,N,VIIRS,n,2,283.61,4.06,N,0
39.21118,42.41383,303.63,0.46,0.63,2024-09-04,2358,N,VIIRS,n,2,282.49,2.47,N,0
39.21679,42.41632,319.6,0.46,0.63,2024-09-04,2358,N,VIIRS,n,2,283.15,2.47,N,0
41.02444,36.09908,299.42,0.4,0.45,2024-09-04,2358,N,VIIRS,n,2,282.48,0.86,N,0
41.1078,37.32158,305.19,0.46,0.47,2024-09-04,2358,N,VIIRS,n,2,288.18,1.27,N,2
41.15757,32.64873,295.98,0.44,0.38,2024-09-04,2358,N,VIIRS,n,2,275.7,0.57,N,0
41.17529,32.63279,311.87,0.44,0.38,2024-09-04,2358,N,VIIRS,n,2,280.27,1.85,N,2
41.17822,32.63534,324.35,0.44,0.38,2024-09-04,2358,N,VIIRS,n,2,275.05,1.79,N,2
41.17876,32.63395,320.52,0.44,0.38,2024-09-04,2358,N,VIIRS,n,2,277.36,1.73,N,2
41.25578,31.4141,305.17,0.41,0.37,2024-09-04,2358,N,VIIRS,n,2,291.92,0.74,N,2
41.25994,31.43058,311.65,0.41,0.37,2024-09-04,2358,N,VIIRS,n,2,292.12,1.42,N,2
41.265,31.42205,323.79,0.41,0.37,2024-09-04,2358,N,VIIRS,n,2,292.64,3.57,N,2
41.26751,31.42789,316.38,0.41,0.37,2024-09-04,2358,N,VIIRS,n,2,293.41,1.23,N,2
41.26836,31.42309,308.44,0.41,0.37,2024-09-04,2358,N,VIIRS,n,2,292.7,1.23,N,2
35.52699,44.34895,314.91,0.72,0.76,2024-09-04,2359,N,VIIRS,n,2,293.27,4.35,N,0
35.52936,44.34136,353.71,0.72,0.76,2024-09-04,2359,N,VIIRS,n,2,295.0,5.79,N,2
35.53177,44.33369,313.46,0.72,0.76,2024-09-04,2359,N,VIIRS,n,2,294.78,5.79,N,2
35.53674,44.33794,316.57,0.72,0.76,2024-09-04,2359,N,VIIRS,n,2,293.61,1.5,N,2
35.5385,44.33651,303.56,0.72,0.76,2024-09-04,2359,N,VIIRS,n,2,293.03,5.79,N,2
35.62621,44.00642,328.8,0.69,0.74,2024-09-04,2359,N,VIIRS,n,2,294.82,4.46,N,2
35.63268,44.0097,333.94,0.69,0.74,2024-09-04,2359,N,VIIRS,n,2,295.68,4.72,N,2
35.65968,43.97066,305.75,0.69,0.74,2024-09-04,2359,N,VIIRS,n,2,294.88,5.08,N,2
35.66198,43.96318,350.99,0.69,0.74,2024-09-04,2359,N,VIIRS,n,2,295.89,5.08,N,2
35.66221,43.96565,353.94,0.69,0.74,2024-09-04,2359,N,VIIRS,n,2,296.69,10.56,N,2
35.67557,44.0662,308.34,0.69,0.74,2024-09-04,2359,N,VIIRS,n,2,295.01,2.45,N,2
35.67569,44.06428,307.24,0.69,0.75,2024-09-04,2359,N,VIIRS,n,2,294.24,2.51,N,0
35.68035,43.87944,326.7,0.68,0.74,2024-09-04,2359,N,VIIRS,n,2,293.88,6.55,N,2
35.68098,43.88218,308.53,0.68,0.74,2024-09-04,2359,N,VIIRS,n,2,294.01,12.99,N,2
35.68262,43.87206,334.76,0.68,0.74,2024-09-04,2359,N,VIIRS,n,2,293.86,6.55,N,2
35.68328,43.87484,367.0,0.68,0.74,2024-09-04,2359,N,VIIRS,h,2,297.4,18.18,N,2
35.68686,43.88238,335.97,0.68,0.74,2024-09-04,2359,N,VIIRS,n,2,294.55,10.22,N,2
35.68914,43.87498,354.7,0.68,0.74,2024-09-04,2359,N,VIIRS,n,2,295.98,10.22,N,2
35.6898,43.87776,319.91,0.68,0.74,2024-09-04,2359,N,VIIRS,n,2,294.76,18.18,N,2
35.72037,44.04263,311.02,0.69,0.74,2024-09-04,2359,N,VIIRS,n,2,294.74,1.97,N,2
35.72265,44.0353,304.33,0.69,0.74,2024-09-04,2359,N,VIIRS,n,2,294.0,1.97,N,2
35.72699,44.04537,317.61,0.69,0.74,2024-09-04,2359,N,VIIRS,n,2,295.2,1.97,N,2
35.72934,44.03782,310.76,0.69,0.74,2024-09-04,2359,N,VIIRS,n,2,295.47,1.97,N,2
35.7316,44.03053,305.05,0.69,0.74,2024-09-04,2359,N,VIIRS,n,2,294.29,2.82,N,2
35.77168,43.9974,310.39,0.68,0.74,2024-09-04,2359,N,VIIRS,n,2,295.85,2.04,N,2
35.77244,43.9954,311.87,0.68,0.74,2024-09-04,2359,N,VIIRS,n,2,295.91,3.2,N,2
35.96944,43.76511,310.34,0.66,0.73,2024-09-04,2359,N,VIIRS,n,2,296.36,4.7,N,2
35.97863,43.76861,326.45,0.66,0.73,2024-09-04,2359,N,VIIRS,n,2,296.4,7.71,N,2
35.98192,43.77225,342.62,0.66,0.73,2024-09-04,2359,N,VIIRS,n,2,297.55,9.72,N,2
35.98493,43.77197,331.06,0.66,0.73,2024-09-04,2359,N,VIIRS,n,2,296.49,4.71,N,2
35.99569,43.76094,316.22,0.66,0.73,2024-09-04,2359,N,VIIRS,n,2,295.41,4.84,N,2
35.99891,43.76452,314.21,0.66,0.73,2024-09-04,2359,N,VIIRS,n,2,294.48,2.85,N,2
36.01596,43.68414,313.0,0.65,0.73,2024-09-04,2359,N,VIIRS,n,2,293.89,2.14,N,2
36.01946,43.68401,318.33,0.65,0.73,2024-09-04,2359,N,VIIRS,n,2,295.01,2.88,N,2
36.08293,43.64343,306.73,0.64,0.72,2024-09-04,2359,N,VIIRS,n,2,292.22,1.09,N,0
36.09654,43.63237,306.35,0.64,0.72,2024-09-04,2359,N,VIIRS,n,2,291.71,1.42,N,0
36.09985,43.6356,302.74,0.64,0.72,2024-09-04,2359,N,VIIRS,n,2,291.72,0.55,N,0
36.14478,40.81728,314.36,0.46,0.63,2024-09-04,2359,N,VIIRS,n,2,294.17,1.17,N,2
36.14517,40.81886,316.81,0.46,0.63,2024-09-04,2359,N,VIIRS,n,2,294.1,1.23,N,2
36.41792,43.62537,306.26,0.63,0.72,2024-09-04,2359,N,VIIRS,n,2,291.81,0.77,N,0
36.43916,42.93004,305.2,0.58,0.7,2024-09-04,2359,N,VIIRS,n,2,295.04,1.95,N,2
36.74499,43.49781,306.76,0.61,0.71,2024-09-04,2359,N,VIIRS,n,2,291.12,1.91,N,2
36.74542,43.49879,306.27,0.61,0.71,2024-09-04,2359,N,VIIRS,n,2,291.84,2.17,N,2
36.77642,43.32446,342.32,0.59,0.7,2024-09-04,2359,N,VIIRS,n,2,296.85,8.38,N,2
36.77688,43.32404,351.01,0.59,0.7,2024-09-04,2359,N,VIIRS,n,2,296.97,8.3,N,2
36.86759,43.49102,320.3,0.6,0.71,2024-09-04,2359,N,VIIRS,n,2,292.22,2.42,N,2
36.86789,43.48579,321.32,0.6,0.71,2024-09-04,2359,N,VIIRS,n,2,292.89,4.01,N,2
36.8693,43.48531,302.34,0.6,0.71,2024-09-04,2359,N,VIIRS,n,2,292.11,2.47,N,2
36.8917,43.43087,328.12,0.6,0.7,2024-09-04,2359,N,VIIRS,n,2,291.08,3.49,N,2
36.90384,43.39098,326.11,0.6,0.7,2024-09-04,2359,N,VIIRS,n,2,291.23,5.15,N,2
36.90992,43.39415,309.58,0.6,0.7,2024-09-04,2359,N,VIIRS,n,2,290.64,5.15,N,2
36.91191,43.38762,367.0,0.59,0.7,2024-09-04,2359,N,VIIRS,h,2,291.47,17.27,N,2
36.91693,41.89525,303.66,0.5,0.66,2024-09-04,2359,N,VIIRS,n,2,291.26,0.77,N,2
36.93489,42.13182,325.21,0.51,0.66,2024-09-04,2359,N,VIIRS,n,2,293.09,3.12,N,2
36.94247,42.17394,315.77,0.51,0.66,2024-09-04,2359,N,VIIRS,n,2,292.55,2.34,N,2
36.9625,42.08225,314.69,0.51,0.66,2024-09-04,2359,N,VIIRS,n,2,291.68,1.48,N,2
36.99828,41.56585,304.39,0.48,0.64,2024-09-04,2359,N,VIIRS,n,2,291.12,0.74,N,2
37.00274,39.86548,304.74,0.39,0.59,2024-09-04,2359,N,VIIRS,n,2,291.42,0.76,N,0
37.02055,36.11008,315.81,0.49,0.49,2024-09-04,2359,N,VIIRS,n,2,292.26,2.24,N,2
37.02356,36.11032,313.75,0.49,0.49,2024-09-04,2359,N,VIIRS,n,2,292.15,2.35,N,2
37.03,42.16812,303.38,0.51,0.66,2024-09-04,2359,N,VIIRS,n,2,292.67,0.97,N,2
37.27756,42.40664,301.56,0.52,0.67,2024-09-04,2359,N,VIIRS,n,2,291.55,1.3,N,0
37.27766,42.4066,306.66,0.52,0.67,2024-09-04,2359,N,VIIRS,n,2,291.75,1.18,N,0
37.27921,42.40103,314.55,0.52,0.67,2024-09-04,2359,N,VIIRS,n,2,292.06,1.3,N,0
37.27929,42.40098,309.98,0.52,0.67,2024-09-04,2359,N,VIIRS,n,2,291.88,2.03,N,0
37.2936,37.15861,305.16,0.55,0.51,2024-09-04,2359,N,VIIRS,n,2,292.35,1.2,N,2
37.54045,38.44259,308.86,0.32,0.54,2024-09-04,2359,N,VIIRS,n,2,291.81,0.35,N,0
37.54539,38.44416,303.33,0.32,0.54,2024-09-04,2359,N,VIIRS,n,2,292.85,0.35,N,0
37.62327,39.46935,301.38,0.36,0.57,2024-09-04,2359,N,VIIRS,n,2,290.69,0.57,N,0
37.90616,39.96332,300.53,0.37,0.58,2024-09-04,2359,N,VIIRS,n,2,290.52,0.4,N,0
38.10423,39.86732,301.62,0.36,0.58,2024-09-04,2359,N,VIIRS,n,2,290.04,0.46,N,0
38.14081,39.98704,305.14,0.37,0.58,2024-09-04,2359,N,VIIRS,n,2,290.78,0.39,N,0
38.27774,39.74405,302.5,0.36,0.57,2024-09-04,2359,N,VIIRS,n,2,291.31,0.44,N,2
38.42517,27.21565,305.94,0.39,0.36,2024-09-04,2359,N,VIIRS,n,2,293.93,1.09,N,2
38.42849,27.2164,312.53,0.39,0.36,2024-09-04,2359,N,VIIRS,n,2,296.06,1.09,N,2
38.45536,38.72937,305.2,0.63,0.54,2024-09-04,2359,N,VIIRS,n,2,291.87,1.41,N,2
38.45568,27.26423,307.81,0.39,0.36,2024-09-04,2359,N,VIIRS,n,2,295.9,1.17,N,2
38.6594,30.62017,309.37,0.41,0.37,2024-09-04,2359,N,VIIRS,n,2,288.36,1.1,N,2
38.66204,39.23427,304.55,0.33,0.55,2024-09-04,2359,N,VIIRS,n,2,290.48,0.51,N,2
38.73622,26.94916,307.09,0.39,0.36,2024-09-04,2359,N,VIIRS,n,2,295.44,1.09,N,2
38.73687,26.94466,309.5,0.39,0.36,2024-09-04,2359,N,VIIRS,n,2,297.74,1.09,N,2
38.73884,26.93118,321.98,0.39,0.36,2024-09-04,2359,N,VIIRS,n,2,296.44,2.32,N,2
38.74287,26.95073,315.37,0.39,0.36,2024-09-04,2359,N,VIIRS,n,2,294.99,1.68,N,2
38.74353,26.94625,325.14,0.39,0.36,2024-09-04,2359,N,VIIRS,n,2,294.97,1.68,N,2
38.75311,26.93667,309.51,0.39,0.36,2024-09-04,2359,N,VIIRS,n,2,294.64,0.86,N,0
38.78701,26.91678,311.71,0.39,0.36,2024-09-04,2359,N,VIIRS,n,2,295.1,1.13,N,3
38.79033,26.91761,304.89,0.39,0.36,2024-09-04,2359,N,VIIRS,n,2,294.31,1.13,N,0
39.0358,40.11628,318.8,0.36,0.57,2024-09-04,2359,N,VIIRS,n,2,288.66,2.04,N,0
39.03648,40.11411,340.99,0.36,0.57,2024-09-04,2359,N,VIIRS,n,2,290.75,3.2,N,0
39.03685,40.11238,319.98,0.36,0.57,2024-09-04,2359,N,VIIRS,n,2,288.92,2.04,N,0
39.08996,27.51255,304.19,0.39,0.36,2024-09-04,2359,N,VIIRS,n,2,291.52,0.48,N,0
39.09063,27.50812,304.38,0.39,0.36,2024-09-04,2359,N,VIIRS,n,2,291.02,0.84,N,0
39.09328,27.51333,303.4,0.39,0.36,2024-09-04,2359,N,VIIRS,n,2,292.4,0.85,N,0
39.09394,27.50891,305.8,0.39,0.36,2024-09-04,2359,N,VIIRS,n,2,291.51,0.79,N,0
39.16682,27.63056,308.49,0.39,0.36,2024-09-04,2359,N,VIIRS,n,2,292.61,0.97,N,2
39.17013,27.63134,304.85,0.39,0.36,2024-09-04,2359,N,VIIRS,n,2,293.77,0.68,N,2
39.18293,27.50025,312.07,0.39,0.36,2024-09-04,2359,N,VIIRS,n,2,294.17,0.88,N,2
39.32293,35.25945,300.8,0.4,0.44,2024-09-04,2359,N,VIIRS,n,2,286.39,0.63,N,0
39.32379,35.2576,302.46,0.4,0.44,2024-09-04,2359,N,VIIRS,n,2,286.59,0.68,N,0
39.32691,35.26083,313.94,0.4,0.44,2024-09-04,2359,N,VIIRS,n,2,286.49,1.68,N,0
39.48409,30.04007,314.6,0.39,0.37,2024-09-04,2359,N,VIIRS,n,2,287.25,1.65,N,2
39.57673,29.86203,297.22,0.39,0.36,2024-09-04,2359,N,VIIRS,n,2,285.25,0.64,N,0
39.66015,31.1266,297.76,0.41,0.37,2024-09-04,2359,N,VIIRS,n,2,286.2,0.39,N,0
39.83661,30.30074,307.09,0.4,0.37,2024-09-04,2359,N,VIIRS,n,2,288.21,1.21,N,2
39.8652,26.2455,322.09,0.41,0.37,2024-09-04,2359,N,VIIRS,n,2,294.85,1.66,N,2
39.95457,28.86346,301.45,0.38,0.36,2024-09-04,2359,N,VIIRS,n,2,288.88,0.47,N,0
40.05027,32.65145,299.54,0.46,0.39,2024-09-04,2359,N,VIIRS,n,2,288.11,0.95,N,2
40.262,30.04122,301.6,0.39,0.36,2024-09-04,2359,N,VIIRS,n,2,290.33,0.84,N,2
40.44187,27.14008,313.71,0.4,0.37,2024-09-04,2359,N,VIIRS,n,2,293.02,1.29,N,2
40.44522,27.14089,307.04,0.4,0.37,2024-09-04,2359,N,VIIRS,n,2,292.97,1.29,N,2
40.44656,27.13153,306.17,0.4,0.37,2024-09-04,2359,N,VIIRS,n,2,293.61,1.07,N,3
40.75915,29.76,305.07,0.39,0.36,2024-09-04,2359,N,VIIRS,n,2,294.15,0.86,N,2
40.78185,29.60032,311.97,0.39,0.36,2024-09-04,2359,N,VIIRS,n,2,294.9,1.77,N,2
40.78303,29.52968,305.07,0.39,0.36,2024-09-04,2359,N,VIIRS,n,2,292.43,0.49,N,0
40.94771,31.39629,305.78,0.41,0.37,2024-09-04,2359,N,VIIRS,n,2,288.49,1.09,N,2
41.02114,28.55849,311.56,0.38,0.36,2024-09-04,2359,N,VIIRS,n,2,292.54,0.87,N,2
41.02183,28.55395,310.83,0.38,0.36,2024-09-04,2359,N,VIIRS,n,2,291.95,1.24,N,2
41.62902,27.68576,304.33,0.39,0.37,2024-09-04,2359,N,VIIRS,n,2,288.25,1.07,N,2
41.63727,27.50628,300.04,0.4,0.37,2024-09-04,2359,N,VIIRS,n,2,289.53,1.03,N,2
41.79708,26.7036,299.13,0.41,0.37,2024-09-04,2359,N,VIIRS,n,2,287.9,0.38,N,2
