latitude,longitude,bright_ti4,scan,track,acq_date,acq_time,satellite,instrument,confidence,version,bright_ti5,frp,daynight
36.8896,31.07484,311.75,0.62,0.71,2026-07-17,100,N,VIIRS,n,2.0NRT,290.79,0.86,N
36.89151,31.07744,310.97,0.62,0.71,2026-07-17,100,N,VIIRS,n,2.0NRT,290.74,1.23,N
37.25395,30.44225,301.2,0.56,0.69,2026-07-17,100,N,VIIRS,n,2.0NRT,289.14,0.49,N
38.42632,27.21496,313.78,0.36,0.57,2026-07-17,100,N,VIIRS,n,2.0NRT,295.66,1.55,N
38.45755,27.26163,306.37,0.36,0.57,2026-07-17,100,N,VIIRS,n,2.0NRT,295.49,1.03,N
38.51669,26.93617,303.03,0.35,0.56,2026-07-17,100,N,VIIRS,n,2.0NRT,291.77,0.31,N
38.73841,26.94452,309.07,0.34,0.56,2026-07-17,100,N,VIIRS,n,2.0NRT,297.28,0.9,N
38.74235,26.9506,309.1,0.34,0.56,2026-07-17,100,N,VIIRS,n,2.0NRT,294.7,0.9,N
38.74339,26.94665,310.14,0.34,0.56,2026-07-17,100,N,VIIRS,n,2.0NRT,294.89,0.9,N
38.75135,26.9373,304.71,0.34,0.56,2026-07-17,100,N,VIIRS,n,2.0NRT,293.17,0.7,N
38.7523,26.93365,310.8,0.34,0.56,2026-07-17,100,N,VIIRS,n,2.0NRT,293.47,0.7,N
38.79742,26.93438,316.32,0.34,0.56,2026-07-17,100,N,VIIRS,n,2.0NRT,294.23,0.86,N
38.80241,26.93642,310.65,0.34,0.56,2026-07-17,100,N,VIIRS,n,2.0NRT,296.27,0.86,N
39.09163,27.51308,304.96,0.36,0.57,2026-07-17,100,N,VIIRS,n,2.0NRT,290.38,0.71,N
39.48414,30.0367,300.88,0.47,0.64,2026-07-17,100,N,VIIRS,n,2.0NRT,284.28,1.54,N
39.48748,30.03874,303.4,0.47,0.64,2026-07-17,100,N,VIIRS,n,2.0NRT,286.07,1.95,N
39.86778,26.2445,302.91,0.59,0.53,2026-07-17,100,N,VIIRS,n,2.0NRT,291.18,1.4,N
40.75554,29.7635,300.86,0.42,0.61,2026-07-17,100,N,VIIRS,n,2.0NRT,289.44,0.82,N
40.75686,29.7589,302.14,0.42,0.61,2026-07-17,100,N,VIIRS,n,2.0NRT,289.77,0.82,N
41.02158,28.55311,307.21,0.36,0.57,2026-07-17,100,N,VIIRS,n,2.0NRT,290.21,0.94,N
41.17227,32.62996,296.49,0.55,0.68,2026-07-17,100,N,VIIRS,n,2.0NRT,286.2,0.98,N
41.17477,32.62996,302.03,0.55,0.68,2026-07-17,100,N,VIIRS,n,2.0NRT,287.07,0.87,N
41.17804,32.63375,306.16,0.55,0.68,2026-07-17,100,N,VIIRS,n,2.0NRT,288.03,0.98,N
41.18054,32.63372,308.32,0.55,0.68,2026-07-17,100,N,VIIRS,n,2.0NRT,288.42,0.87,N
41.25415,31.4089,304.76,0.48,0.65,2026-07-17,100,N,VIIRS,n,2.0NRT,287.88,1.37,N
41.26043,31.43134,299.46,0.48,0.65,2026-07-17,100,N,VIIRS,n,2.0NRT,288.21,0.98,N
41.26203,31.42608,303.82,0.48,0.65,2026-07-17,100,N,VIIRS,n,2.0NRT,288.98,1.4,N
41.2637,31.42057,301.75,0.48,0.65,2026-07-17,100,N,VIIRS,n,2.0NRT,288.71,1.4,N
35.53147,44.34062,356.23,0.43,0.46,2026-07-17,1041,N,VIIRS,n,2.0NRT,324.13,15.28,D
35.58862,44.134,352.06,0.42,0.45,2026-07-17,1041,N,VIIRS,n,2.0NRT,318.72,1.76,D
35.59237,44.13469,367.0,0.42,0.46,2026-07-17,1041,N,VIIRS,h,2.0NRT,322.27,15.34,D
35.59282,44.13942,354.72,0.42,0.46,2026-07-17,1041,N,VIIRS,n,2.0NRT,324.48,14.09,D
35.59704,44.1388,367.0,0.42,0.46,2026-07-17,1041,N,VIIRS,h,2.0NRT,323.99,25.74,D
35.63574,43.4843,353.87,0.39,0.44,2026-07-17,1041,N,VIIRS,n,2.0NRT,319.81,5.06,D
35.68712,43.87759,355.99,0.41,0.45,2026-07-17,1041,N,VIIRS,n,2.0NRT,321.6,15.46,D
35.98373,43.77145,353.56,0.41,0.45,2026-07-17,1041,N,VIIRS,n,2.0NRT,322.26,5.28,D
36.01709,43.68311,356.41,0.41,0.45,2026-07-17,1041,N,VIIRS,n,2.0NRT,325.15,3.51,D
36.38434,39.07907,348.53,0.4,0.37,2026-07-17,1041,N,VIIRS,n,2.0NRT,318.39,7.05,D
36.50975,43.74421,354.46,0.41,0.45,2026-07-17,1041,N,VIIRS,n,2.0NRT,325.79,9.07,D
36.68025,40.02793,352.95,0.43,0.38,2026-07-17,1041,N,VIIRS,n,2.0NRT,325.55,10.24,D
36.71852,36.20284,347.58,0.39,0.36,2026-07-17,1041,N,VIIRS,n,2.0NRT,311.08,7.09,D
36.73917,36.21194,344.58,0.39,0.36,2026-07-17,1041,N,VIIRS,n,2.0NRT,312.49,7.52,D
36.76181,39.93464,355.85,0.43,0.38,2026-07-17,1041,N,VIIRS,n,2.0NRT,322.93,32.05,D
36.77375,43.32722,346.32,0.4,0.44,2026-07-17,1041,N,VIIRS,n,2.0NRT,321.3,5.93,D
36.80656,41.97611,357.87,0.51,0.41,2026-07-17,1041,N,VIIRS,n,2.0NRT,328.27,16.38,D
36.81038,41.97545,367.0,0.51,0.41,2026-07-17,1041,N,VIIRS,h,2.0NRT,340.38,44.69,D
36.81103,41.98125,355.53,0.52,0.41,2026-07-17,1041,N,VIIRS,n,2.0NRT,323.16,44.69,D
36.81484,41.9806,343.78,0.52,0.41,2026-07-17,1041,N,VIIRS,n,2.0NRT,314.48,44.69,D
36.86745,43.49054,344.78,0.41,0.45,2026-07-17,1041,N,VIIRS,n,2.0NRT,314.27,2.96,D
36.88626,38.42789,353.2,0.4,0.37,2026-07-17,1041,N,VIIRS,n,2.0NRT,321.91,13.52,D
37.09866,41.25836,354.42,0.48,0.4,2026-07-17,1041,N,VIIRS,n,2.0NRT,329.03,6.75,D
37.09931,41.26381,350.66,0.48,0.4,2026-07-17,1041,N,VIIRS,n,2.0NRT,325.15,6.75,D
37.10065,41.26127,367.0,0.48,0.4,2026-07-17,1041,N,VIIRS,h,2.0NRT,325.87,17.04,D
38.24751,27.24834,342.54,0.53,0.5,2026-07-17,1041,N,VIIRS,n,2.0NRT,308.51,4.16,D
38.60263,26.96593,337.82,0.54,0.51,2026-07-17,1041,N,VIIRS,n,2.0NRT,306.91,8.46,D
38.60425,26.96499,343.13,0.54,0.51,2026-07-17,1041,N,VIIRS,n,2.0NRT,308.58,6.61,D
41.17336,28.25773,342.65,0.41,0.45,2026-07-17,1041,N,VIIRS,n,2.0NRT,305.23,8.15,D
41.24305,36.46593,340.78,0.39,0.36,2026-07-17,1041,N,VIIRS,n,2.0NRT,308.42,5.04,D
36.87347,31.04222,344.28,0.56,0.43,2026-07-17,1043,N,VIIRS,n,2.0NRT,314.39,6.95,D
36.98703,31.03709,340.37,0.55,0.43,2026-07-17,1043,N,VIIRS,n,2.0NRT,311.4,3.71,D
37.29747,37.52367,349.79,0.39,0.36,2026-07-17,1043,N,VIIRS,n,2.0NRT,320.7,8.11,D
37.60223,27.45062,354.14,0.54,0.51,2026-07-17,1043,N,VIIRS,n,2.0NRT,314.46,78.65,D
37.60675,27.44884,351.76,0.54,0.51,2026-07-17,1043,N,VIIRS,n,2.0NRT,319.07,62.95,D
37.60804,27.44576,341.47,0.54,0.51,2026-07-17,1043,N,VIIRS,n,2.0NRT,313.06,23.12,D
37.60828,27.4553,347.2,0.54,0.51,2026-07-17,1043,N,VIIRS,n,2.0NRT,310.57,48.56,D
37.6096,27.45218,343.45,0.54,0.51,2026-07-17,1043,N,VIIRS,n,2.0NRT,309.5,23.12,D
38.1573,39.8517,346.72,0.44,0.38,2026-07-17,1043,N,VIIRS,n,2.0NRT,317.12,10.96,D
38.41559,40.57686,346.52,0.47,0.4,2026-07-17,1043,N,VIIRS,n,2.0NRT,318.2,11.2,D
40.00704,43.89389,343.07,0.46,0.47,2026-07-17,1043,N,VIIRS,n,2.0NRT,301.21,12.29,D
41.77925,26.83026,341.98,0.46,0.47,2026-07-17,1043,N,VIIRS,n,2.0NRT,300.87,16.08,D
37.12006,26.87475,351.01,0.61,0.71,2026-07-17,1221,N,VIIRS,n,2.0NRT,304.07,8.69,D
37.12027,26.88251,331.51,0.61,0.71,2026-07-17,1221,N,VIIRS,n,2.0NRT,301.22,8.69,D
37.59441,27.45544,334.69,0.66,0.73,2026-07-17,1221,N,VIIRS,n,2.0NRT,304.64,5.41,D
37.59448,27.4556,334.32,0.66,0.73,2026-07-17,1221,N,VIIRS,n,2.0NRT,304.74,8.3,D
37.60118,27.44798,330.4,0.66,0.73,2026-07-17,1221,N,VIIRS,n,2.0NRT,302.84,15.15,D
37.6013,27.45453,349.96,0.66,0.73,2026-07-17,1221,N,VIIRS,n,2.0NRT,308.86,16.45,D
37.60136,27.45473,349.77,0.66,0.73,2026-07-17,1221,N,VIIRS,n,2.0NRT,308.75,8.3,D
37.60143,27.46204,367.0,0.66,0.73,2026-07-17,1221,N,VIIRS,h,2.0NRT,307.31,16.45,D
37.60153,27.46228,367.0,0.66,0.73,2026-07-17,1221,N,VIIRS,h,2.0NRT,307.54,22.77,D
37.60807,27.44755,367.0,0.66,0.73,2026-07-17,1221,N,VIIRS,h,2.0NRT,308.15,15.15,D
37.6081,27.44779,367.0,0.66,0.73,2026-07-17,1221,N,VIIRS,h,2.0NRT,308.27,17.38,D
37.60819,27.45434,367.0,0.66,0.73,2026-07-17,1221,N,VIIRS,h,2.0NRT,306.67,16.45,D
37.60825,27.45459,355.81,0.66,0.73,2026-07-17,1221,N,VIIRS,n,2.0NRT,307.14,17.38,D
39.05021,27.48402,351.02,0.68,0.74,2026-07-17,1221,N,VIIRS,n,2.0NRT,300.31,11.28,D
39.05128,27.48704,367.0,0.68,0.74,2026-07-17,1221,N,VIIRS,h,2.0NRT,300.59,13.59,D
39.59502,32.41664,298.51,0.46,0.64,2026-07-17,2259,N,VIIRS,n,2.0NRT,287.73,0.64,N
39.72312,36.93509,295.68,0.53,0.5,2026-07-17,2259,N,VIIRS,n,2.0NRT,285.36,1.07,N
39.72509,36.93499,295.86,0.53,0.5,2026-07-17,2259,N,VIIRS,n,2.0NRT,285.25,0.86,N
39.83756,30.29605,302.62,0.6,0.7,2026-07-17,2259,N,VIIRS,n,2.0NRT,286.06,1.25,N
39.84024,30.29964,296.73,0.6,0.7,2026-07-17,2259,N,VIIRS,n,2.0NRT,285.85,1.6,N
39.89699,28.867,296.99,0.71,0.75,2026-07-17,2259,N,VIIRS,n,2.0NRT,285.74,0.24,N
39.90406,28.8667,298.24,0.71,0.75,2026-07-17,2259,N,VIIRS,n,2.0NRT,286.56,0.32,N
39.95859,33.14324,299.37,0.42,0.61,2026-07-17,2259,N,VIIRS,n,2.0NRT,285.91,0.4,N
39.95912,33.14339,297.54,0.42,0.61,2026-07-17,2259,N,VIIRS,n,2.0NRT,285.76,0.84,N
40.24096,29.92252,301.44,0.63,0.72,2026-07-17,2259,N,VIIRS,n,2.0NRT,287.88,0.74,N
40.24285,29.91924,299.68,0.63,0.72,2026-07-17,2259,N,VIIRS,n,2.0NRT,287.21,0.96,N
40.41277,39.65658,299.66,0.39,0.44,2026-07-17,2259,N,VIIRS,n,2.0NRT,285.5,0.65,N
40.5757,43.00893,296.58,0.43,0.38,2026-07-17,2259,N,VIIRS,n,2.0NRT,284.29,0.35,N
40.76916,29.52479,303.88,0.66,0.73,2026-07-17,2259,N,VIIRS,n,2.0NRT,291.19,1.88,N
40.76919,29.52959,300.82,0.66,0.73,2026-07-17,2259,N,VIIRS,n,2.0NRT,290.21,1.48,N
41.17289,32.6312,301.6,0.46,0.63,2026-07-17,2259,N,VIIRS,n,2.0NRT,287.77,0.97,N
41.17883,32.63144,308.88,0.46,0.63,2026-07-17,2259,N,VIIRS,n,2.0NRT,289.58,1.98,N
41.25469,31.41019,303.14,0.53,0.67,2026-07-17,2259,N,VIIRS,n,2.0NRT,289.46,1.08,N
41.25659,31.42455,304.88,0.53,0.67,2026-07-17,2259,N,VIIRS,n,2.0NRT,289.67,2.18,N
41.25688,31.41136,300.33,0.53,0.67,2026-07-17,2259,N,VIIRS,n,2.0NRT,289.04,1.76,N
41.26044,31.43038,300.52,0.53,0.67,2026-07-17,2259,N,VIIRS,n,2.0NRT,289.54,1.93,N
41.26063,31.42367,312.09,0.53,0.67,2026-07-17,2259,N,VIIRS,n,2.0NRT,290.12,3.47,N
41.2629,31.42489,322.97,0.53,0.67,2026-07-17,2259,N,VIIRS,n,2.0NRT,290.88,2.18,N
41.26305,31.41824,300.46,0.53,0.67,2026-07-17,2259,N,VIIRS,n,2.0NRT,289.9,1.76,N
41.26693,31.42401,312.8,0.53,0.67,2026-07-17,2259,N,VIIRS,n,2.0NRT,290.89,2.72,N
35.52827,44.34197,329.63,0.38,0.36,2026-07-17,2301,N,VIIRS,n,2.0NRT,299.85,1.57,N
35.52893,44.33776,310.99,0.38,0.36,2026-07-17,2301,N,VIIRS,n,2.0NRT,296.76,1.57,N
35.5314,44.34089,336.23,0.38,0.36,2026-07-17,2301,N,VIIRS,n,2.0NRT,301.27,4.51,N
35.53535,44.33744,331.02,0.38,0.36,2026-07-17,2301,N,VIIRS,n,2.0NRT,299.58,4.51,N
35.56227,36.33018,303.75,0.51,0.5,2026-07-17,2301,N,VIIRS,n,2.0NRT,293.22,1.77,N
35.56427,44.28297,336.64,0.38,0.36,2026-07-17,2301,N,VIIRS,n,2.0NRT,299.92,6.54,N
35.62693,44.00814,319.38,0.39,0.36,2026-07-17,2301,N,VIIRS,n,2.0NRT,299.43,2.85,N
35.63023,44.00889,350.27,0.39,0.36,2026-07-17,2301,N,VIIRS,n,2.0NRT,313.78,25.6,N
35.66114,43.96321,323.18,0.39,0.36,2026-07-17,2301,N,VIIRS,n,2.0NRT,297.87,2.5,N
35.66444,43.96396,331.72,0.39,0.36,2026-07-17,2301,N,VIIRS,n,2.0NRT,301.35,4.16,N
35.6793,44.06845,312.24,0.39,0.36,2026-07-17,2301,N,VIIRS,n,2.0NRT,298.48,3.46,N
35.68463,43.87605,331.06,0.39,0.36,2026-07-17,2301,N,VIIRS,n,2.0NRT,313.25,24.67,N
35.68794,43.8768,333.82,0.39,0.36,2026-07-17,2301,N,VIIRS,n,2.0NRT,302.57,24.67,N
35.72324,44.04134,335.28,0.39,0.36,2026-07-17,2301,N,VIIRS,n,2.0NRT,300.11,6.26,N
35.72654,44.0421,334.55,0.39,0.36,2026-07-17,2301,N,VIIRS,n,2.0NRT,306.02,7.39,N
35.72784,44.0336,318.88,0.39,0.36,2026-07-17,2301,N,VIIRS,n,2.0NRT,297.34,2.04,N
35.73114,44.03437,329.65,0.39,0.36,2026-07-17,2301,N,VIIRS,n,2.0NRT,300.38,2.04,N
35.77132,43.99518,330.95,0.39,0.36,2026-07-17,2301,N,VIIRS,n,2.0NRT,299.06,3.9,N
35.77463,43.99594,331.63,0.39,0.36,2026-07-17,2301,N,VIIRS,n,2.0NRT,301.79,4.23,N
35.95298,43.72718,310.38,0.39,0.36,2026-07-17,2301,N,VIIRS,n,2.0NRT,299.13,1.45,N
35.98109,43.76908,334.62,0.39,0.36,2026-07-17,2301,N,VIIRS,n,2.0NRT,303.94,4.93,N
35.98441,43.76983,321.59,0.39,0.36,2026-07-17,2301,N,VIIRS,n,2.0NRT,301.47,2.46,N
35.99963,43.75991,331.16,0.39,0.36,2026-07-17,2301,N,VIIRS,n,2.0NRT,301.76,3.17,N
36.01782,43.6838,321.44,0.39,0.36,2026-07-17,2301,N,VIIRS,n,2.0NRT,299.04,2.32,N
36.01846,43.67948,311.27,0.39,0.36,2026-07-17,2301,N,VIIRS,n,2.0NRT,298.1,2.45,N
36.08475,43.63951,307.61,0.39,0.36,2026-07-17,2301,N,VIIRS,n,2.0NRT,297.07,0.71,N
36.09998,43.62951,313.04,0.39,0.36,2026-07-17,2301,N,VIIRS,n,2.0NRT,297.42,0.96,N
36.13099,40.80769,314.45,0.47,0.4,2026-07-17,2301,N,VIIRS,n,2.0NRT,297.57,1.75,N
36.13356,40.80924,310.02,0.47,0.4,2026-07-17,2301,N,VIIRS,n,2.0NRT,298.84,1.54,N
36.23273,36.72958,330.48,0.5,0.49,2026-07-17,2301,N,VIIRS,n,2.0NRT,295.74,3.69,N
36.2335,36.73046,316.65,0.5,0.49,2026-07-17,2301,N,VIIRS,n,2.0NRT,295.02,1.73,N
36.23397,36.7249,306.96,0.5,0.49,2026-07-17,2301,N,VIIRS,n,2.0NRT,294.88,2.03,N
36.25751,44.38631,310.82,0.39,0.36,2026-07-17,2301,N,VIIRS,n,2.0NRT,295.78,0.99,N
36.26059,33.72663,308.58,0.37,0.58,2026-07-17,2301,N,VIIRS,n,2.0NRT,295.56,1.6,N
36.26359,33.72857,321.32,0.37,0.58,2026-07-17,2301,N,VIIRS,n,2.0NRT,298.13,2.74,N
36.26597,33.72723,312.0,0.37,0.58,2026-07-17,2301,N,VIIRS,n,2.0NRT,297.08,1.6,N
36.31194,43.75394,309.49,0.39,0.36,2026-07-17,2301,N,VIIRS,n,2.0NRT,299.15,2.09,N
36.37392,43.97161,310.28,0.39,0.36,2026-07-17,2301,N,VIIRS,n,2.0NRT,295.36,0.94,N
36.55705,44.39855,322.27,0.39,0.36,2026-07-17,2301,N,VIIRS,n,2.0NRT,293.28,2.67,N
36.55835,44.38999,327.39,0.39,0.36,2026-07-17,2301,N,VIIRS,n,2.0NRT,294.93,2.28,N
36.56035,44.39929,336.58,0.39,0.36,2026-07-17,2301,N,VIIRS,n,2.0NRT,298.22,3.18,N
36.56166,44.39077,314.96,0.39,0.36,2026-07-17,2301,N,VIIRS,n,2.0NRT,294.81,1.5,N
36.56366,44.40001,319.77,0.39,0.36,2026-07-17,2301,N,VIIRS,n,2.0NRT,296.16,3.18,N
36.56431,44.39577,308.07,0.39,0.36,2026-07-17,2301,N,VIIRS,n,2.0NRT,295.17,3.18,N
36.56762,44.39648,331.6,0.39,0.36,2026-07-17,2301,N,VIIRS,n,2.0NRT,298.28,4.76,N
36.6938,36.2034,307.79,0.54,0.51,2026-07-17,2301,N,VIIRS,n,2.0NRT,295.57,4.09,N
36.72125,42.59598,308.84,0.41,0.37,2026-07-17,2301,N,VIIRS,n,2.0NRT,296.5,1.36,N
36.72498,39.49118,322.04,0.54,0.42,2026-07-17,2301,N,VIIRS,n,2.0NRT,295.99,2.93,N
36.733,36.20906,310.23,0.54,0.51,2026-07-17,2301,N,VIIRS,n,2.0NRT,295.52,4.78,N
36.7377,36.20972,309.9,0.54,0.51,2026-07-17,2301,N,VIIRS,n,2.0NRT,294.05,2.72,N
36.74239,36.21038,309.05,0.54,0.51,2026-07-17,2301,N,VIIRS,n,2.0NRT,294.14,2.72,N
36.74747,43.50051,311.4,0.4,0.37,2026-07-17,2301,N,VIIRS,n,2.0NRT,298.86,1.7,N
36.7481,43.49611,308.81,0.4,0.37,2026-07-17,2301,N,VIIRS,n,2.0NRT,298.09,2.07,N
36.77614,43.32442,334.4,0.4,0.37,2026-07-17,2301,N,VIIRS,n,2.0NRT,304.26,8.82,N
36.86728,43.4902,308.58,0.4,0.37,2026-07-17,2301,N,VIIRS,n,2.0NRT,295.18,1.22,N
36.87066,43.49072,310.42,0.4,0.37,2026-07-17,2301,N,VIIRS,n,2.0NRT,296.82,1.56,N
36.8713,43.4863,311.95,0.4,0.37,2026-07-17,2301,N,VIIRS,n,2.0NRT,296.43,1.64,N
36.88748,31.07979,303.19,0.52,0.67,2026-07-17,2301,N,VIIRS,n,2.0NRT,291.86,0.52,N
36.89352,43.4279,321.04,0.4,0.37,2026-07-17,2301,N,VIIRS,n,2.0NRT,294.74,1.12,N
36.91594,41.89448,308.65,0.44,0.38,2026-07-17,2301,N,VIIRS,n,2.0NRT,294.48,0.86,N
36.93002,38.41673,304.7,0.41,0.45,2026-07-17,2301,N,VIIRS,n,2.0NRT,294.48,0.81,N
36.93257,35.99774,306.25,0.55,0.51,2026-07-17,2301,N,VIIRS,n,2.0NRT,294.32,2.27,N
36.94093,42.17081,316.61,0.43,0.38,2026-07-17,2301,N,VIIRS,n,2.0NRT,296.62,1.48,N
36.94597,42.13245,329.56,0.43,0.38,2026-07-17,2301,N,VIIRS,n,2.0NRT,298.69,1.94,N
36.94946,42.13316,314.15,0.43,0.38,2026-07-17,2301,N,VIIRS,n,2.0NRT,296.77,0.78,N
36.96341,42.08135,311.09,0.43,0.38,2026-07-17,2301,N,VIIRS,n,2.0NRT,294.77,0.87,N
37.04596,41.28746,308.7,0.46,0.39,2026-07-17,2301,N,VIIRS,n,2.0NRT,297.08,1.32,N
37.07824,42.55869,313.22,0.42,0.38,2026-07-17,2301,N,VIIRS,n,2.0NRT,300.49,2.76,N
37.13638,42.79449,307.96,0.41,0.37,2026-07-17,2301,N,VIIRS,n,2.0NRT,296.56,1.33,N
37.17545,39.89423,329.68,0.53,0.42,2026-07-17,2301,N,VIIRS,n,2.0NRT,296.37,3.63,N
37.17613,39.88825,318.94,0.53,0.42,2026-07-17,2301,N,VIIRS,n,2.0NRT,294.66,3.27,N
37.24487,39.51573,305.16,0.55,0.43,2026-07-17,2301,N,VIIRS,n,2.0NRT,293.59,1.18,N
37.24594,39.51543,306.06,0.55,0.43,2026-07-17,2301,N,VIIRS,n,2.0NRT,293.88,0.83,N
37.27704,38.72921,310.12,0.4,0.44,2026-07-17,2301,N,VIIRS,n,2.0NRT,296.76,1.61,N
37.30036,39.01959,309.76,0.39,0.44,2026-07-17,2301,N,VIIRS,n,2.0NRT,294.1,1.01,N
37.30067,39.01747,315.73,0.39,0.44,2026-07-17,2301,N,VIIRS,n,2.0NRT,294.26,1.48,N
37.30083,39.01514,304.81,0.39,0.44,2026-07-17,2301,N,VIIRS,n,2.0NRT,293.77,0.89,N
37.30471,39.01818,315.15,0.39,0.44,2026-07-17,2301,N,VIIRS,n,2.0NRT,293.52,0.92,N
37.32303,37.13343,304.05,0.49,0.48,2026-07-17,2301,N,VIIRS,n,2.0NRT,291.5,0.57,N
37.35233,37.161,308.72,0.49,0.48,2026-07-17,2301,N,VIIRS,n,2.0NRT,295.72,1.45,N
37.42839,37.58252,305.41,0.46,0.47,2026-07-17,2301,N,VIIRS,n,2.0NRT,294.75,1.89,N
37.45595,37.62022,304.5,0.46,0.47,2026-07-17,2301,N,VIIRS,n,2.0NRT,293.86,0.7,N
37.85018,40.58331,309.73,0.5,0.41,2026-07-17,2301,N,VIIRS,n,2.0NRT,294.46,2.56,N
37.85085,40.57759,327.21,0.5,0.41,2026-07-17,2301,N,VIIRS,n,2.0NRT,294.6,2.56,N
38.39353,42.3264,300.57,0.44,0.38,2026-07-17,2301,N,VIIRS,n,2.0NRT,284.85,0.65,N
38.56409,39.1855,300.3,0.39,0.44,2026-07-17,2301,N,VIIRS,n,2.0NRT,290.28,0.29,N
38.5648,39.18353,300.74,0.39,0.44,2026-07-17,2301,N,VIIRS,n,2.0NRT,289.79,0.24,N
38.66592,39.23265,305.41,0.39,0.44,2026-07-17,2301,N,VIIRS,n,2.0NRT,294.2,0.65,N
39.4825,30.03924,296.41,0.61,0.71,2026-07-17,2301,N,VIIRS,n,2.0NRT,284.22,0.61,N
41.17545,32.63445,306.78,0.33,0.55,2026-07-18,39,N,VIIRS,n,2.0NRT,288.21,0.83,N
41.17652,32.63048,303.29,0.33,0.55,2026-07-18,39,N,VIIRS,n,2.0NRT,288.01,0.83,N
41.1813,32.63305,302.35,0.33,0.55,2026-07-18,39,N,VIIRS,n,2.0NRT,289.18,0.83,N
41.19014,32.62043,299.2,0.33,0.55,2026-07-18,39,N,VIIRS,n,2.0NRT,287.09,0.62,N
41.19396,32.6266,304.99,0.33,0.55,2026-07-18,39,N,VIIRS,n,2.0NRT,288.82,0.62,N
41.25425,31.41398,315.69,0.57,0.52,2026-07-18,39,N,VIIRS,n,2.0NRT,290.6,2.43,N
41.25443,31.4136,314.24,0.57,0.52,2026-07-18,39,N,VIIRS,n,2.0NRT,290.72,1.78,N
41.25566,31.42878,300.99,0.57,0.52,2026-07-18,39,N,VIIRS,n,2.0NRT,290.3,1.12,N
41.26026,31.43082,309.92,0.57,0.52,2026-07-18,39,N,VIIRS,n,2.0NRT,290.88,1.12,N
41.26193,31.42429,305.96,0.57,0.52,2026-07-18,39,N,VIIRS,n,2.0NRT,291.24,2.88,N
41.26653,31.42632,308.54,0.57,0.52,2026-07-18,39,N,VIIRS,n,2.0NRT,292.02,1.72,N
41.27113,31.42834,300.66,0.57,0.52,2026-07-18,39,N,VIIRS,n,2.0NRT,289.73,1.72,N
41.79904,26.70212,302.05,0.51,0.41,2026-07-18,39,N,VIIRS,n,2.0NRT,290.03,0.96,N
35.56656,36.33026,302.96,0.71,0.75,2026-07-18,41,N,VIIRS,n,2.0NRT,291.93,1.42,N
35.56657,36.32808,301.64,0.71,0.75,2026-07-18,41,N,VIIRS,n,2.0NRT,291.64,0.85,N
36.71789,36.19838,306.28,0.65,0.73,2026-07-18,41,N,VIIRS,n,2.0NRT,291.36,3.33,N
36.73257,36.20828,304.4,0.65,0.73,2026-07-18,41,N,VIIRS,n,2.0NRT,291.59,2.97,N
37.25465,30.44256,316.67,0.32,0.55,2026-07-18,41,N,VIIRS,n,2.0NRT,292.73,1.27,N
38.24576,29.74628,308.55,0.56,0.51,2026-07-18,41,N,VIIRS,n,2.0NRT,289.74,1.66,N
38.42586,27.21768,306.13,0.41,0.45,2026-07-18,41,N,VIIRS,n,2.0NRT,296.0,2.15,N
38.6601,30.61691,301.14,0.6,0.53,2026-07-18,41,N,VIIRS,n,2.0NRT,286.89,1.32,N
38.66184,30.61692,296.33,0.6,0.53,2026-07-18,41,N,VIIRS,n,2.0NRT,286.01,0.7,N
38.7324,26.96293,307.4,0.4,0.44,2026-07-18,41,N,VIIRS,n,2.0NRT,294.08,1.0,N
38.73628,26.94533,308.25,0.39,0.44,2026-07-18,41,N,VIIRS,n,2.0NRT,297.46,2.01,N
38.73922,26.93199,307.72,0.39,0.44,2026-07-18,41,N,VIIRS,n,2.0NRT,294.63,1.49,N
38.74319,26.95266,311.77,0.39,0.44,2026-07-18,41,N,VIIRS,n,2.0NRT,295.04,1.02,N
38.74419,26.94813,313.7,0.39,0.44,2026-07-18,41,N,VIIRS,n,2.0NRT,295.36,1.02,N
38.74814,26.94958,306.55,0.39,0.44,2026-07-18,41,N,VIIRS,n,2.0NRT,295.01,1.02,N
39.09248,27.51331,313.3,0.41,0.45,2026-07-18,41,N,VIIRS,n,2.0NRT,292.9,1.17,N
39.11665,27.52221,305.18,0.41,0.45,2026-07-18,41,N,VIIRS,n,2.0NRT,292.97,0.99,N
39.11765,27.51768,303.82,0.41,0.45,2026-07-18,41,N,VIIRS,n,2.0NRT,292.29,1.4,N
39.1683,27.62995,304.85,0.42,0.45,2026-07-18,41,N,VIIRS,n,2.0NRT,293.29,0.93,N
39.48654,30.04167,304.57,0.54,0.51,2026-07-18,41,N,VIIRS,n,2.0NRT,287.07,1.22,N
39.86507,26.24662,306.3,0.52,0.42,2026-07-18,41,N,VIIRS,n,2.0NRT,292.67,1.25,N
39.86632,26.24057,307.8,0.52,0.42,2026-07-18,41,N,VIIRS,n,2.0NRT,292.33,1.66,N
39.86765,26.2425,314.8,0.52,0.42,2026-07-18,41,N,VIIRS,n,2.0NRT,293.37,2.11,N
40.75648,29.76362,307.74,0.49,0.48,2026-07-18,41,N,VIIRS,n,2.0NRT,291.88,1.23,N
40.75779,29.7581,303.13,0.49,0.48,2026-07-18,41,N,VIIRS,n,2.0NRT,291.88,1.56,N
40.76043,29.75987,304.98,0.49,0.48,2026-07-18,41,N,VIIRS,n,2.0NRT,293.15,2.21,N
40.77024,29.52584,304.86,0.47,0.48,2026-07-18,41,N,VIIRS,n,2.0NRT,292.78,2.1,N
40.78037,29.6021,303.97,0.48,0.48,2026-07-18,41,N,VIIRS,n,2.0NRT,293.05,1.24,N
41.02082,28.55549,311.51,0.42,0.45,2026-07-18,41,N,VIIRS,n,2.0NRT,293.64,1.12,N
35.62731,44.00787,367.0,0.4,0.37,2026-07-18,1021,N,VIIRS,h,2.0NRT,332.73,10.87,D
35.92276,36.80809,340.52,0.52,0.42,2026-07-18,1021,N,VIIRS,n,2.0NRT,309.52,6.33,D
36.07763,37.91036,367.0,0.47,0.39,2026-07-18,1021,N,VIIRS,h,2.0NRT,322.4,13.32,D
36.29696,36.60147,339.68,0.52,0.42,2026-07-18,1021,N,VIIRS,n,2.0NRT,311.51,2.54,D
36.42058,43.17304,350.37,0.39,0.36,2026-07-18,1021,N,VIIRS,n,2.0NRT,319.88,4.66,D
36.78406,39.63534,367.0,0.41,0.37,2026-07-18,1021,N,VIIRS,h,2.0NRT,325.06,37.73,D
36.89821,40.35908,367.0,0.39,0.36,2026-07-18,1021,N,VIIRS,h,2.0NRT,338.15,48.48,D
37.10126,36.12793,336.34,0.53,0.42,2026-07-18,1021,N,VIIRS,n,2.0NRT,303.25,4.46,D
37.29877,37.11667,347.28,0.48,0.4,2026-07-18,1021,N,VIIRS,n,2.0NRT,319.4,10.18,D
37.30459,39.02269,367.0,0.41,0.37,2026-07-18,1021,N,VIIRS,h,2.0NRT,338.35,62.21,D
37.43594,38.30632,367.0,0.43,0.38,2026-07-18,1021,N,VIIRS,h,2.0NRT,322.13,31.52,D
37.66337,29.39896,332.08,0.38,0.59,2026-07-18,1021,N,VIIRS,n,2.0NRT,301.55,1.53,D
37.66523,29.39647,331.51,0.38,0.58,2026-07-18,1021,N,VIIRS,n,2.0NRT,304.23,3.19,D
37.86943,40.41348,348.2,0.39,0.36,2026-07-18,1021,N,VIIRS,n,2.0NRT,317.06,12.32,D
37.90219,40.11753,349.11,0.39,0.36,2026-07-18,1021,N,VIIRS,n,2.0NRT,320.02,7.68,D
37.90551,40.11666,367.0,0.39,0.36,2026-07-18,1021,N,VIIRS,h,2.0NRT,342.69,58.66,D
37.90882,40.11581,347.96,0.39,0.36,2026-07-18,1021,N,VIIRS,n,2.0NRT,309.85,58.66,D
40.01911,44.0559,334.74,0.44,0.38,2026-07-18,1021,N,VIIRS,n,2.0NRT,305.0,3.14,D
40.01976,44.06104,330.52,0.44,0.38,2026-07-18,1021,N,VIIRS,n,2.0NRT,302.28,2.76,D
39.66167,29.62286,335.92,0.33,0.55,2026-07-18,1024,N,VIIRS,n,2.0NRT,287.05,8.48,D
39.66251,29.62606,367.0,0.33,0.55,2026-07-18,1024,N,VIIRS,h,2.0NRT,305.71,8.48,D
39.66336,29.62937,353.76,0.33,0.55,2026-07-18,1024,N,VIIRS,n,2.0NRT,300.3,12.1,D
39.72253,34.5663,341.6,0.56,0.43,2026-07-18,1024,N,VIIRS,n,2.0NRT,307.53,3.16,D
39.9129,32.77811,339.12,0.45,0.47,2026-07-18,1024,N,VIIRS,n,2.0NRT,306.19,2.88,D
41.10903,42.72712,333.59,0.41,0.37,2026-07-18,1024,N,VIIRS,n,2.0NRT,298.88,2.96,D
41.2402,36.46445,339.95,0.45,0.39,2026-07-18,1024,N,VIIRS,n,2.0NRT,302.14,6.29,D
41.47089,26.81325,344.44,0.4,0.6,2026-07-18,1024,N,VIIRS,n,2.0NRT,301.1,4.96,D
41.47213,26.81761,336.8,0.4,0.6,2026-07-18,1024,N,VIIRS,n,2.0NRT,301.09,5.54,D
42.4559,25.66521,367.0,0.42,0.61,2026-07-18,1024,N,VIIRS,h,2.0NRT,304.51,95.17,D
42.45726,25.6609,367.0,0.42,0.61,2026-07-18,1024,N,VIIRS,h,2.0NRT,294.96,19.09,D
36.88125,31.14522,335.87,0.57,0.69,2026-07-18,1204,N,VIIRS,n,2.0NRT,303.66,2.03,D
37.64381,27.35548,346.44,0.36,0.57,2026-07-18,1204,N,VIIRS,n,2.0NRT,308.55,3.39,D
37.64407,27.35967,338.03,0.36,0.57,2026-07-18,1204,N,VIIRS,n,2.0NRT,307.72,3.39,D
37.84631,29.36142,367.0,0.47,0.64,2026-07-18,1204,N,VIIRS,h,2.0NRT,305.03,11.28,D
40.29494,27.19847,334.72,0.37,0.58,2026-07-18,1204,N,VIIRS,n,2.0NRT,299.14,1.13,D
40.30039,27.19814,336.32,0.37,0.58,2026-07-18,1204,N,VIIRS,n,2.0NRT,297.96,1.13,D
40.98288,27.08277,336.9,0.37,0.58,2026-07-18,1204,N,VIIRS,n,2.0NRT,306.06,3.78,D
41.52392,27.10917,342.53,0.38,0.59,2026-07-18,1204,N,VIIRS,n,2.0NRT,302.38,5.77,D
41.52443,27.11039,356.18,0.38,0.59,2026-07-18,1204,N,VIIRS,n,2.0NRT,303.99,5.72,D
41.5294,27.10863,355.53,0.38,0.59,2026-07-18,1204,N,VIIRS,n,2.0NRT,302.72,10.52,D
41.5299,27.10982,339.2,0.38,0.59,2026-07-18,1204,N,VIIRS,n,2.0NRT,302.82,5.72,D
42.45254,25.66224,338.98,0.32,0.55,2026-07-18,1204,N,VIIRS,n,2.0NRT,301.69,7.3,D
42.45276,25.66614,367.0,0.32,0.55,2026-07-18,1204,N,VIIRS,h,2.0NRT,303.27,16.93,D
35.52682,44.34533,316.31,0.52,0.42,2026-07-18,2242,N,VIIRS,n,2.0NRT,296.78,2.78,N
35.5275,44.33949,321.27,0.52,0.42,2026-07-18,2242,N,VIIRS,n,2.0NRT,297.37,2.78,N
35.53133,44.34018,336.01,0.52,0.42,2026-07-18,2242,N,VIIRS,n,2.0NRT,298.78,2.78,N
35.53584,44.33509,312.13,0.52,0.42,2026-07-18,2242,N,VIIRS,n,2.0NRT,298.1,2.28,N
35.56568,44.28082,329.92,0.53,0.42,2026-07-18,2242,N,VIIRS,n,2.0NRT,298.36,4.08,N
35.56694,44.28198,332.06,0.53,0.42,2026-07-18,2242,N,VIIRS,n,2.0NRT,299.88,6.17,N
35.58241,44.24886,311.9,0.53,0.42,2026-07-18,2242,N,VIIRS,n,2.0NRT,297.51,2.28,N
35.62899,44.00746,343.68,0.54,0.42,2026-07-18,2242,N,VIIRS,n,2.0NRT,309.06,25.6,N
35.6329,44.00808,313.3,0.54,0.42,2026-07-18,2242,N,VIIRS,n,2.0NRT,297.83,2.09,N
35.66173,43.96387,332.17,0.55,0.42,2026-07-18,2242,N,VIIRS,n,2.0NRT,302.35,5.6,N
35.66564,43.96457,310.04,0.55,0.42,2026-07-18,2242,N,VIIRS,n,2.0NRT,300.0,5.6,N
35.67822,44.06492,313.39,0.54,0.42,2026-07-18,2242,N,VIIRS,n,2.0NRT,299.05,3.1,N
35.68371,43.87428,344.47,0.55,0.43,2026-07-18,2242,N,VIIRS,n,2.0NRT,299.48,18.14,N
35.68764,43.87496,328.16,0.55,0.43,2026-07-18,2242,N,VIIRS,n,2.0NRT,309.31,59.93,N
35.72393,44.04295,324.97,0.54,0.42,2026-07-18,2242,N,VIIRS,n,2.0NRT,299.56,9.04,N
35.72459,44.03689,331.57,0.54,0.42,2026-07-18,2242,N,VIIRS,n,2.0NRT,302.1,9.04,N
35.72849,44.03764,313.88,0.54,0.42,2026-07-18,2242,N,VIIRS,n,2.0NRT,299.72,3.42,N
35.72916,44.03154,331.42,0.54,0.42,2026-07-18,2242,N,VIIRS,n,2.0NRT,299.65,6.54,N
35.77295,43.99613,331.26,0.55,0.42,2026-07-18,2242,N,VIIRS,n,2.0NRT,300.46,5.53,N
35.9679,43.76521,311.15,0.56,0.43,2026-07-18,2242,N,VIIRS,n,2.0NRT,301.0,4.81,N
35.97985,43.76691,312.48,0.56,0.43,2026-07-18,2242,N,VIIRS,n,2.0NRT,300.1,4.9,N
35.98383,43.76751,335.76,0.56,0.43,2026-07-18,2242,N,VIIRS,n,2.0NRT,303.23,4.9,N
36.00043,43.7637,315.58,0.56,0.43,2026-07-18,2242,N,VIIRS,n,2.0NRT,299.08,3.33,N
36.00111,43.75743,322.49,0.56,0.43,2026-07-18,2242,N,VIIRS,n,2.0NRT,299.71,3.33,N
36.01733,43.68267,327.84,0.57,0.43,2026-07-18,2242,N,VIIRS,n,2.0NRT,297.46,3.03,N
36.07663,37.92967,311.99,0.39,0.59,2026-07-18,2242,N,VIIRS,n,2.0NRT,293.48,1.43,N
36.12595,43.77976,309.28,0.56,0.43,2026-07-18,2242,N,VIIRS,n,2.0NRT,296.07,2.55,N
36.13294,40.80676,312.87,0.54,0.51,2026-07-18,2242,N,VIIRS,n,2.0NRT,297.55,2.19,N
36.13575,43.30114,306.23,0.4,0.44,2026-07-18,2242,N,VIIRS,n,2.0NRT,294.25,1.51,N
36.21389,43.2934,336.34,0.4,0.44,2026-07-18,2242,N,VIIRS,n,2.0NRT,298.25,3.53,N
36.21519,43.29646,338.48,0.4,0.44,2026-07-18,2242,N,VIIRS,n,2.0NRT,298.34,5.01,N
36.21798,43.29404,311.59,0.4,0.44,2026-07-18,2242,N,VIIRS,n,2.0NRT,296.23,1.08,N
36.26097,33.72273,304.82,0.67,0.74,2026-07-18,2242,N,VIIRS,n,2.0NRT,292.53,1.65,N
36.33341,43.76266,310.32,0.57,0.43,2026-07-18,2242,N,VIIRS,n,2.0NRT,295.67,2.42,N
36.33741,43.76329,324.84,0.57,0.43,2026-07-18,2242,N,VIIRS,n,2.0NRT,296.46,2.42,N
36.44162,42.93002,313.16,0.42,0.45,2026-07-18,2242,N,VIIRS,n,2.0NRT,299.8,1.97,N
36.45584,43.84145,309.9,0.57,0.43,2026-07-18,2242,N,VIIRS,n,2.0NRT,295.98,1.26,N
36.55581,42.31726,308.66,0.45,0.47,2026-07-18,2242,N,VIIRS,n,2.0NRT,296.71,1.62,N
36.62229,44.12729,331.66,0.55,0.43,2026-07-18,2242,N,VIIRS,n,2.0NRT,298.43,5.33,N
36.62555,44.13404,334.89,0.55,0.43,2026-07-18,2242,N,VIIRS,n,2.0NRT,298.08,6.66,N
36.62947,44.13474,334.99,0.55,0.43,2026-07-18,2242,N,VIIRS,n,2.0NRT,297.89,5.89,N
36.7308,36.20679,310.88,0.49,0.65,2026-07-18,2242,N,VIIRS,n,2.0NRT,292.93,3.26,N
36.73127,36.20773,312.22,0.49,0.65,2026-07-18,2242,N,VIIRS,n,2.0NRT,292.88,2.49,N
36.73738,36.20828,304.98,0.49,0.65,2026-07-18,2242,N,VIIRS,n,2.0NRT,292.62,2.49,N
36.74762,43.49669,314.53,0.4,0.44,2026-07-18,2242,N,VIIRS,n,2.0NRT,298.88,2.66,N
36.74845,42.06224,311.03,0.47,0.48,2026-07-18,2242,N,VIIRS,n,2.0NRT,293.31,0.9,N
36.77747,43.32607,318.86,0.4,0.44,2026-07-18,2242,N,VIIRS,n,2.0NRT,301.23,3.02,N
36.86999,34.75599,301.72,0.59,0.7,2026-07-18,2242,N,VIIRS,n,2.0NRT,291.37,1.87,N
36.93785,42.11954,308.81,0.47,0.48,2026-07-18,2242,N,VIIRS,n,2.0NRT,297.2,2.1,N
36.94221,42.16827,326.02,0.47,0.47,2026-07-18,2242,N,VIIRS,n,2.0NRT,297.62,2.81,N
36.94566,42.13152,327.09,0.47,0.48,2026-07-18,2242,N,VIIRS,n,2.0NRT,297.73,2.91,N
36.95006,42.13215,319.32,0.47,0.48,2026-07-18,2242,N,VIIRS,n,2.0NRT,298.16,2.0,N
36.96393,42.07972,318.97,0.47,0.48,2026-07-18,2242,N,VIIRS,n,2.0NRT,296.87,2.11,N
36.96692,42.08091,307.5,0.47,0.48,2026-07-18,2242,N,VIIRS,n,2.0NRT,296.62,1.94,N
36.99261,41.24348,308.99,0.52,0.5,2026-07-18,2242,N,VIIRS,n,2.0NRT,294.94,1.06,N
37.01688,36.10174,312.43,0.5,0.66,2026-07-18,2242,N,VIIRS,n,2.0NRT,290.89,2.03,N
37.07872,42.55689,312.71,0.45,0.47,2026-07-18,2242,N,VIIRS,n,2.0NRT,300.28,3.47,N
37.08129,39.14804,325.38,0.34,0.56,2026-07-18,2242,N,VIIRS,n,2.0NRT,294.72,1.76,N
37.10035,40.33055,311.33,0.59,0.53,2026-07-18,2242,N,VIIRS,n,2.0NRT,294.0,1.04,N
37.10215,40.32987,309.05,0.59,0.53,2026-07-18,2242,N,VIIRS,n,2.0NRT,294.28,1.52,N
37.13637,42.7939,307.71,0.43,0.46,2026-07-18,2242,N,VIIRS,n,2.0NRT,295.38,1.02,N
37.13684,42.78894,314.39,0.43,0.46,2026-07-18,2242,N,VIIRS,n,2.0NRT,294.67,1.75,N
37.22198,42.44195,308.54,0.45,0.47,2026-07-18,2242,N,VIIRS,n,2.0NRT,293.84,2.84,N
37.22631,42.44264,338.33,0.45,0.47,2026-07-18,2242,N,VIIRS,n,2.0NRT,297.29,2.84,N
37.2762,38.72809,309.8,0.36,0.58,2026-07-18,2242,N,VIIRS,n,2.0NRT,294.9,0.92,N
37.40077,39.49365,315.38,0.33,0.55,2026-07-18,2242,N,VIIRS,n,2.0NRT,292.79,1.07,N
37.40102,39.48985,303.82,0.33,0.55,2026-07-18,2242,N,VIIRS,n,2.0NRT,292.85,2.09,N
37.4059,39.49432,316.87,0.33,0.55,2026-07-18,2242,N,VIIRS,n,2.0NRT,293.15,1.07,N
37.43848,37.61842,311.32,0.42,0.61,2026-07-18,2242,N,VIIRS,n,2.0NRT,293.22,1.52,N
37.78784,39.03664,303.45,0.35,0.57,2026-07-18,2242,N,VIIRS,n,2.0NRT,292.64,0.45,N
38.18689,37.25602,304.93,0.44,0.63,2026-07-18,2242,N,VIIRS,n,2.0NRT,287.62,1.16,N
38.52021,34.48138,295.55,0.63,0.72,2026-07-18,2242,N,VIIRS,n,2.0NRT,285.1,1.24,N
38.52246,34.47978,299.97,0.63,0.72,2026-07-18,2242,N,VIIRS,n,2.0NRT,284.43,0.82,N
38.59074,43.52489,299.44,0.41,0.45,2026-07-18,2242,N,VIIRS,n,2.0NRT,285.01,0.48,N
39.58628,43.90026,297.8,0.41,0.45,2026-07-18,2242,N,VIIRS,n,2.0NRT,287.11,0.76,N
39.93374,44.08723,306.66,0.4,0.44,2026-07-18,2242,N,VIIRS,n,2.0NRT,290.72,0.55,N
39.93784,44.08794,305.2,0.4,0.44,2026-07-18,2242,N,VIIRS,n,2.0NRT,291.41,0.45,N
35.86402,37.97503,308.92,0.39,0.59,2026-07-18,2244,N,VIIRS,n,2.0NRT,294.01,0.85,N
36.13187,40.80557,307.21,0.67,0.73,2026-07-19,22,N,VIIRS,n,2.0NRT,294.5,1.82,N
36.91426,41.89173,307.36,0.72,0.75,2026-07-19,22,N,VIIRS,n,2.0NRT,292.57,1.06,N
36.9379,42.11798,302.31,0.73,0.76,2026-07-19,22,N,VIIRS,n,2.0NRT,292.3,1.28,N
36.94445,42.16876,310.55,0.74,0.76,2026-07-19,22,N,VIIRS,n,2.0NRT,293.88,1.39,N
36.9461,42.12558,312.11,0.73,0.76,2026-07-19,22,N,VIIRS,n,2.0NRT,293.42,1.89,N
36.9486,42.13251,308.3,0.73,0.76,2026-07-19,22,N,VIIRS,n,2.0NRT,293.59,2.26,N
36.95122,42.12453,308.17,0.73,0.76,2026-07-19,22,N,VIIRS,n,2.0NRT,293.54,2.58,N
36.9527,42.12904,304.01,0.73,0.76,2026-07-19,22,N,VIIRS,n,2.0NRT,293.64,1.89,N
36.96659,42.07765,302.95,0.73,0.76,2026-07-19,22,N,VIIRS,n,2.0NRT,292.01,0.91,N
37.02045,36.10536,304.22,0.36,0.58,2026-07-19,22,N,VIIRS,n,2.0NRT,292.68,0.42,N
37.08123,42.55193,308.57,0.77,0.77,2026-07-19,22,N,VIIRS,n,2.0NRT,295.41,4.87,N
37.13503,42.79004,303.02,0.78,0.78,2026-07-19,22,N,VIIRS,n,2.0NRT,291.19,0.77,N
37.29132,37.05669,311.9,0.4,0.6,2026-07-19,22,N,VIIRS,n,2.0NRT,290.39,0.87,N
37.35083,37.16079,308.1,0.4,0.6,2026-07-19,22,N,VIIRS,n,2.0NRT,293.14,1.29,N
37.40443,39.49563,305.75,0.53,0.67,2026-07-19,22,N,VIIRS,n,2.0NRT,291.47,1.22,N
38.45412,38.72497,304.48,0.45,0.63,2026-07-19,22,N,VIIRS,n,2.0NRT,290.75,0.88,N
38.52359,34.48357,304.71,0.55,0.51,2026-07-19,22,N,VIIRS,n,2.0NRT,284.21,0.84,N
38.65983,30.61943,301.15,0.53,0.42,2026-07-19,22,N,VIIRS,n,2.0NRT,289.27,1.59,N
38.66355,39.23091,303.09,0.47,0.64,2026-07-19,22,N,VIIRS,n,2.0NRT,289.35,0.56,N
38.66533,39.23339,303.15,0.47,0.64,2026-07-19,22,N,VIIRS,n,2.0NRT,289.87,1.1,N
39.09126,27.51522,308.43,0.41,0.37,2026-07-19,22,N,VIIRS,n,2.0NRT,292.36,1.07,N
39.0921,27.51056,307.56,0.41,0.37,2026-07-19,22,N,VIIRS,n,2.0NRT,292.81,1.59,N
39.11481,27.52227,309.21,0.41,0.37,2026-07-19,22,N,VIIRS,n,2.0NRT,292.28,0.76,N
39.11902,27.51852,303.72,0.41,0.37,2026-07-19,22,N,VIIRS,n,2.0NRT,292.01,0.38,N
39.16897,27.63426,303.44,0.41,0.37,2026-07-19,22,N,VIIRS,n,2.0NRT,292.79,0.25,N
39.4863,30.03953,311.75,0.49,0.4,2026-07-19,22,N,VIIRS,n,2.0NRT,290.18,1.58,N
39.60919,27.87973,304.07,0.41,0.37,2026-07-19,22,N,VIIRS,n,2.0NRT,292.18,0.68,N
39.74449,30.19881,302.45,0.49,0.4,2026-07-19,22,N,VIIRS,n,2.0NRT,288.63,0.68,N
39.83881,30.29939,300.21,0.49,0.4,2026-07-19,22,N,VIIRS,n,2.0NRT,289.11,0.69,N
39.8638,26.24503,304.44,0.39,0.36,2026-07-19,22,N,VIIRS,n,2.0NRT,293.37,0.92,N
39.86709,26.24595,318.69,0.39,0.36,2026-07-19,22,N,VIIRS,n,2.0NRT,295.04,0.92,N
39.86783,26.24147,303.63,0.39,0.36,2026-07-19,22,N,VIIRS,n,2.0NRT,293.16,1.53,N
39.90197,28.86953,298.62,0.44,0.38,2026-07-19,22,N,VIIRS,n,2.0NRT,288.01,0.32,N
40.26147,30.04303,302.2,0.47,0.4,2026-07-19,22,N,VIIRS,n,2.0NRT,291.99,0.51,N
40.44231,27.13936,312.4,0.39,0.36,2026-07-19,22,N,VIIRS,n,2.0NRT,293.53,1.52,N
40.44562,27.14034,314.07,0.39,0.36,2026-07-19,22,N,VIIRS,n,2.0NRT,294.09,1.52,N
40.4472,27.13119,322.36,0.39,0.36,2026-07-19,22,N,VIIRS,n,2.0NRT,294.56,1.72,N
40.64524,30.85334,295.62,0.5,0.41,2026-07-19,22,N,VIIRS,n,2.0NRT,283.71,0.53,N
40.7581,29.75965,307.22,0.45,0.39,2026-07-19,22,N,VIIRS,n,2.0NRT,293.59,1.77,N
40.75818,31.78066,300.43,0.55,0.42,2026-07-19,22,N,VIIRS,n,2.0NRT,287.46,1.26,N
40.76591,29.52774,307.33,0.45,0.39,2026-07-19,22,N,VIIRS,n,2.0NRT,294.4,1.26,N
40.76941,29.52886,312.21,0.45,0.39,2026-07-19,22,N,VIIRS,n,2.0NRT,295.78,1.26,N
40.78183,29.59917,311.74,0.45,0.39,2026-07-19,22,N,VIIRS,n,2.0NRT,294.72,1.84,N
40.80386,29.36978,304.3,0.44,0.38,2026-07-19,22,N,VIIRS,n,2.0NRT,294.02,0.58,N
41.02176,28.55516,322.36,0.42,0.37,2026-07-19,22,N,VIIRS,n,2.0NRT,295.6,2.21,N
41.17336,32.63163,306.98,0.39,0.44,2026-07-19,22,N,VIIRS,n,2.0NRT,289.63,1.1,N
41.17725,32.63321,310.16,0.39,0.44,2026-07-19,22,N,VIIRS,n,2.0NRT,292.39,1.1,N
41.18115,32.63478,302.25,0.39,0.44,2026-07-19,22,N,VIIRS,n,2.0NRT,290.99,1.36,N
41.1929,32.61988,300.92,0.39,0.44,2026-07-19,22,N,VIIRS,n,2.0NRT,289.91,0.91,N
41.25635,31.41392,312.7,0.52,0.41,2026-07-19,22,N,VIIRS,n,2.0NRT,291.76,2.22,N
41.25636,31.43323,302.33,0.52,0.41,2026-07-19,22,N,VIIRS,n,2.0NRT,291.67,0.71,N
41.26525,31.42413,309.63,0.52,0.41,2026-07-19,22,N,VIIRS,n,2.0NRT,294.24,1.4,N
41.26624,31.42403,310.69,0.52,0.41,2026-07-19,22,N,VIIRS,n,2.0NRT,293.78,2.77,N
41.26897,31.42548,303.08,0.52,0.41,2026-07-19,22,N,VIIRS,n,2.0NRT,292.37,1.4,N
41.28975,28.82942,305.36,0.42,0.38,2026-07-19,22,N,VIIRS,n,2.0NRT,294.07,1.06,N
41.3082,27.05807,303.68,0.39,0.36,2026-07-19,22,N,VIIRS,n,2.0NRT,289.6,0.65,N
41.63163,27.68632,306.37,0.4,0.37,2026-07-19,22,N,VIIRS,n,2.0NRT,291.7,0.96,N
41.63482,27.50567,303.93,0.39,0.36,2026-07-19,22,N,VIIRS,n,2.0NRT,291.52,0.73,N
41.79718,26.70062,305.46,0.39,0.36,2026-07-19,22,N,VIIRS,n,2.0NRT,290.22,0.6,N
36.07901,37.93305,311.72,0.48,0.64,2026-07-19,24,N,VIIRS,n,2.0NRT,293.0,1.27,N
36.6968,36.20516,306.37,0.37,0.58,2026-07-19,24,N,VIIRS,n,2.0NRT,293.69,2.04,N
36.72071,36.20153,320.73,0.37,0.58,2026-07-19,24,N,VIIRS,n,2.0NRT,293.33,2.08,N
36.72998,36.20984,312.28,0.37,0.58,2026-07-19,24,N,VIIRS,n,2.0NRT,293.88,2.92,N
36.87997,35.16285,303.9,0.33,0.55,2026-07-19,24,N,VIIRS,n,2.0NRT,292.79,0.6,N
36.88486,35.16479,311.12,0.33,0.55,2026-07-19,24,N,VIIRS,n,2.0NRT,293.18,0.6,N
37.25426,30.44601,302.2,0.55,0.43,2026-07-19,24,N,VIIRS,n,2.0NRT,291.2,2.02,N
37.81802,27.85003,304.53,0.43,0.38,2026-07-19,24,N,VIIRS,n,2.0NRT,293.55,0.63,N
37.86126,29.37408,306.17,0.49,0.4,2026-07-19,24,N,VIIRS,n,2.0NRT,293.02,1.13,N
37.89765,30.49369,302.16,0.54,0.42,2026-07-19,24,N,VIIRS,n,2.0NRT,289.9,1.53,N
38.42786,27.21905,308.01,0.41,0.37,2026-07-19,24,N,VIIRS,n,2.0NRT,297.76,1.17,N
38.42868,27.21446,308.18,0.41,0.37,2026-07-19,24,N,VIIRS,n,2.0NRT,297.96,1.17,N
38.73654,26.94874,308.08,0.4,0.37,2026-07-19,24,N,VIIRS,n,2.0NRT,297.59,1.22,N
38.73733,26.9442,313.51,0.4,0.37,2026-07-19,24,N,VIIRS,n,2.0NRT,299.74,2.11,N
38.73973,26.93055,319.22,0.4,0.37,2026-07-19,24,N,VIIRS,n,2.0NRT,297.44,1.55,N
38.74067,26.94515,310.92,0.4,0.37,2026-07-19,24,N,VIIRS,n,2.0NRT,296.62,1.5,N
38.74321,26.95065,326.05,0.4,0.37,2026-07-19,24,N,VIIRS,n,2.0NRT,297.93,2.69,N
38.75228,26.9389,311.52,0.4,0.37,2026-07-19,24,N,VIIRS,n,2.0NRT,295.82,1.47,N
35.51605,36.51984,344.21,0.32,0.55,2026-07-19,1004,N,VIIRS,n,2.0NRT,313.78,3.26,D
35.51687,36.52316,348.6,0.32,0.55,2026-07-19,1004,N,VIIRS,n,2.0NRT,313.74,4.85,D
35.69413,36.34198,346.61,0.32,0.55,2026-07-19,1004,N,VIIRS,n,2.0NRT,312.5,4.27,D
35.69499,36.34548,367.0,0.32,0.55,2026-07-19,1004,N,VIIRS,h,2.0NRT,312.48,8.15,D
36.0678,36.80571,344.47,0.6,0.53,2026-07-19,1004,N,VIIRS,n,2.0NRT,308.89,6.56,D
36.07014,36.80438,351.9,0.6,0.53,2026-07-19,1004,N,VIIRS,n,2.0NRT,308.53,9.17,D
36.07255,36.80396,344.47,0.6,0.53,2026-07-19,1004,N,VIIRS,n,2.0NRT,307.09,6.56,D
36.09072,37.3784,342.96,0.56,0.51,2026-07-19,1004,N,VIIRS,n,2.0NRT,308.81,7.26,D
36.09091,37.3807,347.32,0.56,0.51,2026-07-19,1004,N,VIIRS,n,2.0NRT,310.05,3.99,D
36.10265,36.82129,342.09,0.6,0.53,2026-07-19,1004,N,VIIRS,n,2.0NRT,308.23,5.47,D
36.18924,38.01527,346.72,0.51,0.5,2026-07-19,1004,N,VIIRS,n,2.0NRT,311.19,7.47,D
36.71736,36.20402,335.49,0.62,0.54,2026-07-19,1004,N,VIIRS,n,2.0NRT,300.56,11.43,D
36.77319,37.62825,353.27,0.52,0.5,2026-07-19,1004,N,VIIRS,n,2.0NRT,312.64,10.25,D
36.78888,39.65983,367.0,0.41,0.45,2026-07-19,1004,N,VIIRS,h,2.0NRT,323.25,30.05,D
36.78984,39.66437,355.47,0.41,0.45,2026-07-19,1004,N,VIIRS,n,2.0NRT,321.14,30.05,D
36.79081,39.66889,367.0,0.41,0.45,2026-07-19,1004,N,VIIRS,h,2.0NRT,320.77,25.74,D
36.7939,39.66304,352.45,0.41,0.45,2026-07-19,1004,N,VIIRS,n,2.0NRT,327.06,30.05,D
36.79582,39.6721,355.64,0.41,0.45,2026-07-19,1004,N,VIIRS,n,2.0NRT,320.61,25.74,D
36.7989,39.66626,348.31,0.41,0.45,2026-07-19,1004,N,VIIRS,n,2.0NRT,317.25,7.75,D
36.8141,39.18437,344.85,0.43,0.46,2026-07-19,1004,N,VIIRS,n,2.0NRT,315.31,5.44,D
36.82307,42.61714,354.85,0.46,0.39,2026-07-19,1004,N,VIIRS,n,2.0NRT,328.42,39.73,D
36.82756,42.62117,367.0,0.46,0.39,2026-07-19,1004,N,VIIRS,h,2.0NRT,321.2,33.4,D
36.8669,38.42154,345.38,0.47,0.48,2026-07-19,1004,N,VIIRS,n,2.0NRT,315.06,10.53,D
37.19059,40.76682,355.65,0.54,0.42,2026-07-19,1004,N,VIIRS,n,2.0NRT,323.3,21.34,D
37.23009,42.45032,351.21,0.46,0.39,2026-07-19,1004,N,VIIRS,n,2.0NRT,324.36,9.18,D
37.44786,37.15574,342.78,0.53,0.5,2026-07-19,1004,N,VIIRS,n,2.0NRT,310.0,11.01,D
37.75541,34.08878,367.0,0.38,0.59,2026-07-19,1004,N,VIIRS,h,2.0NRT,313.09,9.81,D
37.79345,36.56885,347.86,0.56,0.52,2026-07-19,1004,N,VIIRS,n,2.0NRT,308.76,12.81,D
38.00888,35.49516,340.38,0.63,0.54,2026-07-19,1004,N,VIIRS,n,2.0NRT,309.69,6.76,D
38.08142,40.2016,351.0,0.55,0.43,2026-07-19,1004,N,VIIRS,n,2.0NRT,316.06,60.26,D
38.08525,40.20026,354.42,0.55,0.43,2026-07-19,1004,N,VIIRS,n,2.0NRT,323.43,60.26,D
39.96529,32.76398,342.69,0.38,0.59,2026-07-19,1004,N,VIIRS,n,2.0NRT,302.54,1.8,D
40.07185,34.19643,349.11,0.32,0.55,2026-07-19,1004,N,VIIRS,n,2.0NRT,308.87,3.99,D
40.5969,36.90591,330.43,0.46,0.47,2026-07-19,1004,N,VIIRS,n,2.0NRT,301.07,3.09,D
41.24141,36.46745,344.42,0.47,0.48,2026-07-19,1004,N,VIIRS,n,2.0NRT,306.36,7.12,D
41.26287,31.43125,332.28,0.41,0.61,2026-07-19,1004,N,VIIRS,n,2.0NRT,300.76,7.42,D
41.26597,31.43084,330.65,0.41,0.61,2026-07-19,1004,N,VIIRS,n,2.0NRT,299.67,6.52,D
41.34635,33.92187,330.7,0.62,0.54,2026-07-19,1004,N,VIIRS,n,2.0NRT,300.33,1.89,D
41.34719,33.92131,334.79,0.62,0.54,2026-07-19,1004,N,VIIRS,n,2.0NRT,300.5,4.13,D
36.0568,36.99778,333.95,0.65,0.73,2026-07-19,1145,N,VIIRS,n,2.0NRT,302.04,2.81,D
36.05743,36.99402,333.93,0.65,0.73,2026-07-19,1145,N,VIIRS,n,2.0NRT,302.04,5.76,D
36.42041,38.16925,347.58,0.76,0.77,2026-07-19,1145,N,VIIRS,n,2.0NRT,302.52,8.84,D
36.42114,38.16835,341.34,0.76,0.77,2026-07-19,1145,N,VIIRS,n,2.0NRT,301.77,10.95,D
36.51165,37.35344,343.85,0.69,0.74,2026-07-19,1145,N,VIIRS,n,2.0NRT,302.22,5.43,D
36.51316,37.35432,345.18,0.68,0.74,2026-07-19,1145,N,VIIRS,n,2.0NRT,302.61,7.29,D
37.029,31.69971,348.54,0.34,0.56,2026-07-19,1145,N,VIIRS,n,2.0NRT,305.68,17.31,D
37.02934,31.705,367.0,0.34,0.56,2026-07-19,1145,N,VIIRS,h,2.0NRT,312.86,17.31,D
37.02961,31.70922,354.52,0.34,0.56,2026-07-19,1145,N,VIIRS,n,2.0NRT,306.23,12.71,D
37.03424,31.69965,353.19,0.34,0.56,2026-07-19,1145,N,VIIRS,n,2.0NRT,306.22,12.66,D
37.03458,31.70492,348.38,0.34,0.56,2026-07-19,1145,N,VIIRS,n,2.0NRT,318.49,12.66,D
37.03485,31.70905,367.0,0.34,0.56,2026-07-19,1145,N,VIIRS,h,2.0NRT,311.45,32.38,D
37.0398,31.7045,367.0,0.34,0.56,2026-07-19,1145,N,VIIRS,h,2.0NRT,309.27,12.66,D
37.05934,36.62965,333.43,0.63,0.72,2026-07-19,1145,N,VIIRS,n,2.0NRT,302.94,6.27,D
37.17802,37.01774,367.0,0.66,0.73,2026-07-19,1145,N,VIIRS,h,2.0NRT,307.39,38.29,D
37.17867,37.01295,339.76,0.66,0.73,2026-07-19,1145,N,VIIRS,n,2.0NRT,303.59,16.49,D
37.17879,37.01902,367.0,0.66,0.73,2026-07-19,1145,N,VIIRS,h,2.0NRT,305.5,16.49,D
37.43935,37.66901,342.01,0.72,0.76,2026-07-19,1145,N,VIIRS,n,2.0NRT,300.56,6.95,D
37.44379,37.8052,337.92,0.73,0.76,2026-07-19,1145,N,VIIRS,n,2.0NRT,303.38,5.97,D
37.54213,38.07574,353.77,0.76,0.77,2026-07-19,1145,N,VIIRS,n,2.0NRT,305.73,10.25,D
37.54802,38.06992,351.04,0.76,0.77,2026-07-19,1145,N,VIIRS,n,2.0NRT,306.02,8.09,D
37.54815,38.07911,341.43,0.76,0.77,2026-07-19,1145,N,VIIRS,n,2.0NRT,304.0,8.09,D
37.54939,38.07522,343.27,0.76,0.77,2026-07-19,1145,N,VIIRS,n,2.0NRT,303.46,10.25,D
38.36942,27.14214,344.13,0.4,0.44,2026-07-19,1145,N,VIIRS,n,2.0NRT,310.92,5.49,D
40.08016,32.62479,335.59,0.4,0.6,2026-07-19,1147,N,VIIRS,n,2.0NRT,303.6,2.84,D
40.18396,38.15442,331.5,0.79,0.78,2026-07-19,1147,N,VIIRS,n,2.0NRT,296.75,5.62,D
40.71418,35.7456,367.0,0.59,0.7,2026-07-19,1147,N,VIIRS,h,2.0NRT,310.19,17.78,D
40.71806,35.74145,341.96,0.59,0.7,2026-07-19,1147,N,VIIRS,n,2.0NRT,307.04,21.1,D
40.71817,35.74799,367.0,0.59,0.7,2026-07-19,1147,N,VIIRS,h,2.0NRT,313.68,43.28,D
40.91027,29.33316,341.42,0.55,0.51,2026-07-19,1147,N,VIIRS,n,2.0NRT,304.25,4.01,D
40.91502,29.33241,336.4,0.55,0.51,2026-07-19,1147,N,VIIRS,n,2.0NRT,303.3,3.37,D
40.91518,29.3312,338.44,0.55,0.51,2026-07-19,1147,N,VIIRS,n,2.0NRT,303.42,1.65,D
41.18319,28.51554,342.09,0.5,0.49,2026-07-19,1147,N,VIIRS,n,2.0NRT,304.98,9.87,D
41.18365,28.52182,349.86,0.5,0.49,2026-07-19,1147,N,VIIRS,n,2.0NRT,306.26,9.87,D
41.18389,28.51637,342.25,0.5,0.49,2026-07-19,1147,N,VIIRS,n,2.0NRT,306.09,7.96,D
41.1844,28.52261,344.14,0.5,0.49,2026-07-19,1147,N,VIIRS,n,2.0NRT,305.16,10.9,D
39.96642,44.00212,304.38,0.36,0.57,2026-07-19,2222,N,VIIRS,n,2.0NRT,290.37,0.46,N
39.98362,43.98231,301.24,0.36,0.57,2026-07-19,2222,N,VIIRS,n,2.0NRT,290.18,0.42,N
40.20172,44.30772,300.85,0.35,0.57,2026-07-19,2222,N,VIIRS,n,2.0NRT,289.57,0.42,N
35.52775,44.34564,309.21,0.62,0.54,2026-07-19,2225,N,VIIRS,n,2.0NRT,297.22,3.06,N
35.52827,44.3385,327.8,0.62,0.54,2026-07-19,2225,N,VIIRS,n,2.0NRT,298.94,7.24,N
35.52925,44.3399,339.61,0.62,0.54,2026-07-19,2225,N,VIIRS,n,2.0NRT,299.44,4.19,N
35.53328,44.3392,327.11,0.62,0.54,2026-07-19,2225,N,VIIRS,n,2.0NRT,298.4,4.2,N
35.5338,44.33213,315.35,0.63,0.54,2026-07-19,2225,N,VIIRS,n,2.0NRT,298.72,4.2,N
35.53426,44.34059,307.96,0.62,0.54,2026-07-19,2225,N,VIIRS,n,2.0NRT,297.43,4.19,N
35.53482,44.33353,329.3,0.62,0.54,2026-07-19,2225,N,VIIRS,n,2.0NRT,299.07,7.94,N
35.56257,44.28565,314.67,0.63,0.54,2026-07-19,2225,N,VIIRS,n,2.0NRT,298.29,5.19,N
35.5676,44.28634,313.42,0.63,0.54,2026-07-19,2225,N,VIIRS,n,2.0NRT,298.4,5.12,N
35.62903,44.01018,346.56,0.33,0.55,2026-07-19,2225,N,VIIRS,n,2.0NRT,301.19,15.15,N
35.62931,44.00647,367.0,0.33,0.55,2026-07-19,2225,N,VIIRS,h,2.0NRT,311.5,15.15,N
35.66049,43.96489,321.05,0.33,0.55,2026-07-19,2225,N,VIIRS,n,2.0NRT,299.79,3.18,N
35.66075,43.96119,316.66,0.33,0.55,2026-07-19,2225,N,VIIRS,n,2.0NRT,299.34,3.45,N
35.66562,43.96556,312.51,0.33,0.55,2026-07-19,2225,N,VIIRS,n,2.0NRT,299.27,2.15,N
35.66588,43.96187,313.75,0.33,0.55,2026-07-19,2225,N,VIIRS,n,2.0NRT,299.33,2.18,N
35.67916,44.06682,309.5,0.32,0.55,2026-07-19,2225,N,VIIRS,n,2.0NRT,298.31,0.88,N
35.67942,44.06313,307.88,0.32,0.55,2026-07-19,2225,N,VIIRS,n,2.0NRT,297.77,0.88,N
35.68212,43.87714,326.44,0.33,0.55,2026-07-19,2225,N,VIIRS,n,2.0NRT,298.45,11.63,N
35.68238,43.8734,343.89,0.33,0.55,2026-07-19,2225,N,VIIRS,n,2.0NRT,298.28,19.96,N
35.68728,43.87778,340.63,0.33,0.55,2026-07-19,2225,N,VIIRS,n,2.0NRT,302.17,11.63,N
35.68754,43.87406,367.0,0.33,0.55,2026-07-19,2225,N,VIIRS,h,2.0NRT,308.91,19.96,N
35.72237,44.03953,342.23,0.33,0.55,2026-07-19,2225,N,VIIRS,n,2.0NRT,297.94,5.18,N
35.72747,44.04032,367.0,0.33,0.55,2026-07-19,2225,N,VIIRS,h,2.0NRT,303.74,5.18,N
35.72774,44.03663,312.51,0.33,0.55,2026-07-19,2225,N,VIIRS,n,2.0NRT,298.95,5.28,N
35.72802,44.03289,325.95,0.33,0.55,2026-07-19,2225,N,VIIRS,n,2.0NRT,297.86,5.28,N
35.72829,44.02914,314.75,0.33,0.55,2026-07-19,2225,N,VIIRS,n,2.0NRT,296.91,2.85,N
35.77376,43.99607,332.28,0.33,0.55,2026-07-19,2225,N,VIIRS,n,2.0NRT,300.39,3.27,N
35.77402,43.99229,329.44,0.33,0.55,2026-07-19,2225,N,VIIRS,n,2.0NRT,300.38,3.27,N
35.78854,43.24872,309.51,0.36,0.57,2026-07-19,2225,N,VIIRS,n,2.0NRT,298.67,1.68,N
35.95552,43.72672,311.2,0.34,0.56,2026-07-19,2225,N,VIIRS,n,2.0NRT,296.32,1.28,N
35.96869,43.76357,315.03,0.34,0.56,2026-07-19,2225,N,VIIRS,n,2.0NRT,300.28,4.02,N
35.97887,43.76795,313.83,0.34,0.56,2026-07-19,2225,N,VIIRS,n,2.0NRT,299.47,3.36,N
35.97908,43.76606,315.68,0.34,0.56,2026-07-19,2225,N,VIIRS,n,2.0NRT,299.62,3.51,N
35.98405,43.77026,310.02,0.34,0.56,2026-07-19,2225,N,VIIRS,n,2.0NRT,299.46,3.15,N
35.9841,43.76836,348.59,0.34,0.56,2026-07-19,2225,N,VIIRS,n,2.0NRT,303.04,3.33,N
35.9843,43.76647,346.3,0.34,0.56,2026-07-19,2225,N,VIIRS,n,2.0NRT,301.44,5.57,N
35.98437,43.76457,309.54,0.34,0.56,2026-07-19,2225,N,VIIRS,n,2.0NRT,298.73,3.33,N
36.00047,43.76022,342.6,0.34,0.56,2026-07-19,2225,N,VIIRS,n,2.0NRT,300.98,2.77,N
36.00072,43.75642,307.75,0.34,0.56,2026-07-19,2225,N,VIIRS,n,2.0NRT,297.54,2.77,N
36.01637,43.67971,314.44,0.34,0.56,2026-07-19,2225,N,VIIRS,n,2.0NRT,295.28,1.07,N
36.0216,43.68031,317.07,0.34,0.56,2026-07-19,2225,N,VIIRS,n,2.0NRT,297.14,0.98,N
36.08258,43.63883,315.27,0.35,0.56,2026-07-19,2225,N,VIIRS,n,2.0NRT,296.03,0.89,N
36.09917,43.6287,307.82,0.35,0.56,2026-07-19,2225,N,VIIRS,n,2.0NRT,294.83,0.52,N
36.1142,43.38274,305.33,0.36,0.57,2026-07-19,2225,N,VIIRS,n,2.0NRT,293.65,0.69,N
36.11445,43.37863,304.24,0.36,0.57,2026-07-19,2225,N,VIIRS,n,2.0NRT,293.79,1.5,N
36.11642,43.38046,326.3,0.36,0.57,2026-07-19,2225,N,VIIRS,n,2.0NRT,294.19,1.95,N
36.11953,43.38327,306.3,0.36,0.57,2026-07-19,2225,N,VIIRS,n,2.0NRT,294.19,0.69,N
36.12984,40.80709,307.87,0.5,0.66,2026-07-19,2225,N,VIIRS,n,2.0NRT,296.49,1.3,N
36.44495,42.92743,309.77,0.38,0.59,2026-07-19,2225,N,VIIRS,n,2.0NRT,299.11,1.51,N
36.45943,42.66566,310.93,0.4,0.6,2026-07-19,2225,N,VIIRS,n,2.0NRT,295.16,0.74,N
36.80177,38.59969,309.69,0.67,0.73,2026-07-19,2225,N,VIIRS,n,2.0NRT,294.69,2.73,N
36.85908,40.32545,305.56,0.54,0.68,2026-07-19,2225,N,VIIRS,n,2.0NRT,294.56,1.36,N
36.91628,41.8948,307.8,0.44,0.62,2026-07-19,2225,N,VIIRS,n,2.0NRT,292.93,0.89,N
36.91746,41.89481,305.16,0.44,0.62,2026-07-19,2225,N,VIIRS,n,2.0NRT,292.89,0.51,N
36.94373,42.16945,325.99,0.43,0.62,2026-07-19,2225,N,VIIRS,n,2.0NRT,296.13,2.19,N
36.94567,42.13068,326.15,0.43,0.62,2026-07-19,2225,N,VIIRS,n,2.0NRT,297.09,4.11,N
36.96551,42.08194,306.89,0.43,0.62,2026-07-19,2225,N,VIIRS,n,2.0NRT,292.3,0.85,N
37.05508,39.70872,304.84,0.58,0.7,2026-07-19,2225,N,VIIRS,n,2.0NRT,293.95,2.92,N
37.05528,39.70209,333.47,0.58,0.7,2026-07-19,2225,N,VIIRS,n,2.0NRT,294.83,2.92,N
37.07964,42.55397,307.58,0.41,0.6,2026-07-19,2225,N,VIIRS,n,2.0NRT,297.09,2.67,N
37.13704,42.79036,317.06,0.39,0.6,2026-07-19,2225,N,VIIRS,n,2.0NRT,294.61,1.52,N
37.24084,40.71699,347.89,0.51,0.66,2026-07-19,2225,N,VIIRS,n,2.0NRT,293.21,9.4,N
37.24108,40.71096,342.25,0.51,0.66,2026-07-19,2225,N,VIIRS,n,2.0NRT,293.47,9.4,N
37.24706,40.71759,340.73,0.51,0.66,2026-07-19,2225,N,VIIRS,n,2.0NRT,294.18,8.51,N
37.24729,40.71157,351.86,0.51,0.66,2026-07-19,2225,N,VIIRS,n,2.0NRT,294.9,8.51,N
37.74029,39.02054,302.58,0.64,0.72,2026-07-19,2225,N,VIIRS,n,2.0NRT,291.82,3.55,N
37.7416,39.02673,304.81,0.64,0.72,2026-07-19,2225,N,VIIRS,n,2.0NRT,291.65,1.83,N
37.74706,39.02122,334.64,0.64,0.72,2026-07-19,2225,N,VIIRS,n,2.0NRT,293.13,3.55,N
37.74838,39.02744,304.25,0.64,0.72,2026-07-19,2225,N,VIIRS,n,2.0NRT,292.06,3.44,N
37.74853,39.01976,335.8,0.64,0.72,2026-07-19,2225,N,VIIRS,n,2.0NRT,292.62,3.44,N
37.75385,39.02177,306.68,0.64,0.72,2026-07-19,2225,N,VIIRS,n,2.0NRT,291.85,1.31,N
37.95738,40.03829,309.76,0.57,0.69,2026-07-19,2225,N,VIIRS,n,2.0NRT,291.96,1.64,N
37.95762,40.03777,310.15,0.57,0.69,2026-07-19,2225,N,VIIRS,n,2.0NRT,292.3,1.38,N
37.96385,40.03854,305.95,0.57,0.69,2026-07-19,2225,N,VIIRS,n,2.0NRT,292.4,1.64,N
37.96409,40.03805,305.53,0.57,0.69,2026-07-19,2225,N,VIIRS,n,2.0NRT,292.6,1.38,N
37.98368,40.03246,309.01,0.57,0.69,2026-07-19,2225,N,VIIRS,n,2.0NRT,293.14,2.28,N
37.98995,40.03954,313.59,0.57,0.69,2026-07-19,2225,N,VIIRS,n,2.0NRT,293.82,2.28,N
37.99015,40.03292,319.07,0.57,0.69,2026-07-19,2225,N,VIIRS,n,2.0NRT,294.42,2.28,N
40.20329,44.3111,313.07,0.45,0.63,2026-07-20,1,N,VIIRS,n,2.0NRT,288.64,2.36,N
40.20478,44.30601,321.33,0.44,0.63,2026-07-20,1,N,VIIRS,n,2.0NRT,289.54,3.8,N
41.91689,44.41319,298.22,0.4,0.6,2026-07-20,1,N,VIIRS,n,2.0NRT,287.32,0.36,N
35.52779,44.33854,330.52,0.6,0.71,2026-07-20,3,N,VIIRS,n,2.0NRT,295.2,5.15,N
35.52866,44.33982,333.75,0.6,0.71,2026-07-20,3,N,VIIRS,n,2.0NRT,295.52,3.44,N
35.53056,44.33345,311.58,0.6,0.71,2026-07-20,3,N,VIIRS,n,2.0NRT,295.8,3.44,N
35.53407,44.34111,310.82,0.6,0.71,2026-07-20,3,N,VIIRS,n,2.0NRT,294.42,2.58,N
35.53602,44.33468,325.42,0.6,0.7,2026-07-20,3,N,VIIRS,n,2.0NRT,296.13,4.42,N
35.53684,44.33599,324.56,0.6,0.71,2026-07-20,3,N,VIIRS,n,2.0NRT,295.2,3.93,N
35.5658,44.28286,337.09,0.59,0.7,2026-07-20,3,N,VIIRS,n,2.0NRT,296.45,4.76,N
35.56628,44.28409,333.21,0.59,0.7,2026-07-20,3,N,VIIRS,n,2.0NRT,296.1,5.96,N
35.62691,44.00755,344.94,0.57,0.69,2026-07-20,3,N,VIIRS,n,2.0NRT,297.72,7.62,N
35.6278,44.00739,355.98,0.57,0.69,2026-07-20,3,N,VIIRS,n,2.0NRT,299.71,7.83,N
35.6287,44.00149,323.86,0.57,0.69,2026-07-20,3,N,VIIRS,n,2.0NRT,296.32,8.49,N
35.62961,44.00135,325.69,0.57,0.69,2026-07-20,3,N,VIIRS,n,2.0NRT,297.12,7.83,N
35.63297,44.01047,325.33,0.57,0.69,2026-07-20,3,N,VIIRS,n,2.0NRT,297.63,4.2,N
35.63386,44.01028,307.95,0.57,0.69,2026-07-20,3,N,VIIRS,n,2.0NRT,296.08,2.64,N
35.63474,44.00444,315.93,0.57,0.69,2026-07-20,3,N,VIIRS,n,2.0NRT,295.84,4.43,N
35.66158,43.95992,320.4,0.57,0.69,2026-07-20,3,N,VIIRS,n,2.0NRT,297.36,4.96,N
35.66281,43.95977,320.64,0.57,0.69,2026-07-20,3,N,VIIRS,n,2.0NRT,297.59,5.19,N
35.68205,43.87218,324.56,0.56,0.69,2026-07-20,3,N,VIIRS,n,2.0NRT,296.48,5.97,N
35.68469,43.88072,311.58,0.56,0.69,2026-07-20,3,N,VIIRS,n,2.0NRT,296.35,13.86,N
35.68633,43.88089,311.45,0.56,0.69,2026-07-20,3,N,VIIRS,n,2.0NRT,296.28,16.25,N
35.68648,43.87457,367.0,0.56,0.69,2026-07-20,3,N,VIIRS,h,2.0NRT,305.48,21.28,N
35.68815,43.87476,367.0,0.56,0.69,2026-07-20,3,N,VIIRS,h,2.0NRT,305.21,16.25,N
35.68824,43.86853,308.11,0.56,0.69,2026-07-20,3,N,VIIRS,n,2.0NRT,295.77,21.28,N
35.68993,43.86876,306.11,0.56,0.69,2026-07-20,3,N,VIIRS,n,2.0NRT,295.49,17.56,N
35.72165,44.04084,325.44,0.57,0.69,2026-07-20,3,N,VIIRS,n,2.0NRT,295.72,5.96,N
35.72345,44.03473,328.23,0.57,0.69,2026-07-20,3,N,VIIRS,n,2.0NRT,295.92,5.98,N
35.72366,44.04131,339.0,0.57,0.69,2026-07-20,3,N,VIIRS,n,2.0NRT,296.97,9.87,N
35.7255,44.03518,355.48,0.57,0.69,2026-07-20,3,N,VIIRS,n,2.0NRT,297.96,9.87,N
35.72732,44.02913,310.78,0.57,0.69,2026-07-20,3,N,VIIRS,n,2.0NRT,295.26,4.29,N
35.72784,44.04328,333.63,0.57,0.69,2026-07-20,3,N,VIIRS,n,2.0NRT,297.26,5.96,N
35.72969,44.03701,337.38,0.57,0.69,2026-07-20,3,N,VIIRS,n,2.0NRT,297.35,5.98,N
35.73146,44.03097,326.37,0.57,0.69,2026-07-20,3,N,VIIRS,n,2.0NRT,296.6,5.98,N
35.73354,44.03145,317.93,0.57,0.69,2026-07-20,3,N,VIIRS,n,2.0NRT,296.68,4.29,N
35.77042,43.99212,312.29,0.57,0.69,2026-07-20,3,N,VIIRS,n,2.0NRT,296.48,2.86,N
35.77277,43.99271,333.19,0.57,0.69,2026-07-20,3,N,VIIRS,n,2.0NRT,297.74,5.85,N
35.7766,43.99453,325.66,0.57,0.69,2026-07-20,3,N,VIIRS,n,2.0NRT,297.87,4.89,N
35.95291,43.7283,309.07,0.54,0.68,2026-07-20,3,N,VIIRS,n,2.0NRT,295.98,1.68,N
35.97903,43.76621,308.91,0.55,0.68,2026-07-20,3,N,VIIRS,n,2.0NRT,296.93,4.76,N
35.98493,43.7692,337.27,0.55,0.68,2026-07-20,3,N,VIIRS,n,2.0NRT,298.88,6.17,N
36.00026,43.76315,321.69,0.54,0.68,2026-07-20,3,N,VIIRS,n,2.0NRT,294.67,2.09,N
36.002,43.75723,310.31,0.54,0.68,2026-07-20,3,N,VIIRS,n,2.0NRT,295.56,2.09,N
36.01815,43.67898,317.95,0.54,0.68,2026-07-20,3,N,VIIRS,n,2.0NRT,294.68,2.12,N
36.0305,44.14146,306.66,0.57,0.69,2026-07-20,3,N,VIIRS,n,2.0NRT,294.54,1.63,N
36.08171,43.63991,303.73,0.53,0.67,2026-07-20,3,N,VIIRS,n,2.0NRT,293.03,1.62,N
36.08397,43.63766,310.02,0.53,0.67,2026-07-20,3,N,VIIRS,n,2.0NRT,293.85,1.27,N
36.09867,43.62801,306.55,0.53,0.67,2026-07-20,3,N,VIIRS,n,2.0NRT,292.46,0.63,N
36.09917,43.63146,302.7,0.53,0.67,2026-07-20,3,N,VIIRS,n,2.0NRT,292.31,0.67,N
36.13371,40.80974,315.35,0.38,0.59,2026-07-20,3,N,VIIRS,n,2.0NRT,296.95,1.29,N
36.15146,43.79291,308.38,0.54,0.68,2026-07-20,3,N,VIIRS,n,2.0NRT,296.03,3.34,N
36.26559,33.72781,306.51,0.49,0.41,2026-07-20,3,N,VIIRS,n,2.0NRT,295.99,1.75,N
36.44569,42.93002,308.16,0.48,0.65,2026-07-20,3,N,VIIRS,n,2.0NRT,297.89,1.84,N
36.71834,36.20002,317.55,0.42,0.45,2026-07-20,3,N,VIIRS,n,2.0NRT,295.66,3.51,N
36.73364,36.21022,308.27,0.42,0.45,2026-07-20,3,N,VIIRS,n,2.0NRT,296.57,1.68,N
36.73772,36.21157,306.67,0.42,0.45,2026-07-20,3,N,VIIRS,n,2.0NRT,296.15,1.68,N
36.7418,36.21297,309.41,0.42,0.45,2026-07-20,3,N,VIIRS,n,2.0NRT,295.92,2.23,N
36.91356,41.89536,302.41,0.41,0.61,2026-07-20,3,N,VIIRS,n,2.0NRT,292.25,0.52,N
36.91755,41.89339,305.92,0.41,0.61,2026-07-20,3,N,VIIRS,n,2.0NRT,292.8,0.54,N
36.94122,42.16963,317.89,0.43,0.62,2026-07-20,3,N,VIIRS,n,2.0NRT,294.04,1.43,N
36.94444,42.16951,319.56,0.43,0.62,2026-07-20,3,N,VIIRS,n,2.0NRT,295.24,1.87,N
36.9493,42.12945,340.34,0.42,0.61,2026-07-20,3,N,VIIRS,n,2.0NRT,298.42,4.2,N
36.95172,42.1321,306.08,0.42,0.61,2026-07-20,3,N,VIIRS,n,2.0NRT,294.72,0.95,N
36.96568,42.08209,305.94,0.42,0.61,2026-07-20,3,N,VIIRS,n,2.0NRT,292.44,0.31,N
36.99094,42.78941,307.49,0.46,0.63,2026-07-20,3,N,VIIRS,n,2.0NRT,295.37,1.62,N
37.08015,42.55783,309.03,0.44,0.63,2026-07-20,3,N,VIIRS,n,2.0NRT,297.27,2.52,N
37.13886,42.79291,303.75,0.45,0.63,2026-07-20,3,N,VIIRS,n,2.0NRT,293.42,0.77,N
37.2361,40.71516,317.36,0.35,0.57,2026-07-20,3,N,VIIRS,n,2.0NRT,293.55,2.38,N
37.23698,40.71324,349.78,0.35,0.57,2026-07-20,3,N,VIIRS,n,2.0NRT,295.31,5.82,N
37.23711,40.71131,344.32,0.35,0.57,2026-07-20,3,N,VIIRS,n,2.0NRT,295.07,2.38,N
37.23798,40.70938,324.33,0.35,0.57,2026-07-20,3,N,VIIRS,n,2.0NRT,294.82,5.16,N
37.24218,40.71329,312.39,0.35,0.57,2026-07-20,3,N,VIIRS,n,2.0NRT,293.93,2.38,N
37.25331,30.44492,309.04,0.39,0.36,2026-07-20,3,N,VIIRS,n,2.0NRT,293.04,0.66,N
37.25405,30.44057,307.07,0.39,0.36,2026-07-20,3,N,VIIRS,n,2.0NRT,294.29,1.21,N
37.35272,37.16052,306.99,0.46,0.47,2026-07-20,3,N,VIIRS,n,2.0NRT,296.04,0.85,N
37.55763,38.07852,303.09,0.5,0.49,2026-07-20,3,N,VIIRS,n,2.0NRT,292.31,0.99,N
37.55846,38.08121,314.28,0.5,0.49,2026-07-20,3,N,VIIRS,n,2.0NRT,293.21,1.08,N
37.5598,38.07559,304.08,0.5,0.49,2026-07-20,3,N,VIIRS,n,2.0NRT,292.92,1.08,N
37.56203,38.08013,312.83,0.5,0.49,2026-07-20,3,N,VIIRS,n,2.0NRT,292.81,0.99,N
37.56333,38.0745,309.26,0.5,0.49,2026-07-20,3,N,VIIRS,n,2.0NRT,292.86,1.39,N
37.56553,38.0716,313.66,0.5,0.49,2026-07-20,3,N,VIIRS,n,2.0NRT,293.04,1.05,N
37.56993,38.07318,304.08,0.5,0.49,2026-07-20,3,N,VIIRS,n,2.0NRT,293.33,1.05,N
37.86281,29.37248,311.97,0.38,0.36,2026-07-20,3,N,VIIRS,n,2.0NRT,291.91,1.11,N
37.89929,30.49359,310.37,0.39,0.36,2026-07-20,3,N,VIIRS,n,2.0NRT,292.94,0.69,N
37.94102,32.53265,302.17,0.43,0.38,2026-07-20,3,N,VIIRS,n,2.0NRT,291.99,0.79,N
37.98853,40.03318,330.23,0.62,0.54,2026-07-20,3,N,VIIRS,n,2.0NRT,296.01,6.39,N
38.42627,27.21675,318.69,0.41,0.37,2026-07-20,3,N,VIIRS,n,2.0NRT,296.62,2.16,N
38.7174,41.56705,298.26,0.36,0.57,2026-07-20,3,N,VIIRS,n,2.0NRT,287.23,0.37,N
38.75207,26.93784,310.56,0.42,0.38,2026-07-20,3,N,VIIRS,n,2.0NRT,294.31,1.01,N
39.09255,27.51361,317.01,0.41,0.37,2026-07-20,3,N,VIIRS,n,2.0NRT,293.14,1.04,N
39.0932,27.50892,302.91,0.41,0.37,2026-07-20,3,N,VIIRS,n,2.0NRT,291.68,1.04,N
39.11581,27.52377,301.22,0.41,0.37,2026-07-20,3,N,VIIRS,n,2.0NRT,291.11,0.27,N
39.11647,27.51895,303.76,0.41,0.37,2026-07-20,3,N,VIIRS,n,2.0NRT,292.45,0.95,N
39.16418,41.27499,296.34,0.34,0.56,2026-07-20,3,N,VIIRS,n,2.0NRT,284.79,0.93,N
39.16702,27.62999,302.91,0.41,0.37,2026-07-20,3,N,VIIRS,n,2.0NRT,292.66,0.55,N
39.16755,27.63317,304.85,0.41,0.37,2026-07-20,3,N,VIIRS,n,2.0NRT,292.56,0.4,N
39.16822,27.62841,303.5,0.41,0.37,2026-07-20,3,N,VIIRS,n,2.0NRT,293.16,0.71,N
39.17043,27.63063,304.24,0.41,0.37,2026-07-20,3,N,VIIRS,n,2.0NRT,293.87,0.55,N
39.18267,27.49868,304.92,0.41,0.37,2026-07-20,3,N,VIIRS,n,2.0NRT,293.68,0.8,N
39.48373,30.04111,309.06,0.38,0.36,2026-07-20,3,N,VIIRS,n,2.0NRT,289.66,0.81,N
39.48701,30.04198,301.28,0.38,0.36,2026-07-20,3,N,VIIRS,n,2.0NRT,290.63,0.81,N
39.60999,28.08531,300.27,0.4,0.37,2026-07-20,3,N,VIIRS,n,2.0NRT,289.73,0.49,N
39.63493,34.50592,301.58,0.47,0.4,2026-07-20,3,N,VIIRS,n,2.0NRT,290.98,0.65,N
39.68169,29.46624,303.72,0.39,0.36,2026-07-20,3,N,VIIRS,n,2.0NRT,288.41,0.92,N
39.74483,30.19864,306.06,0.38,0.36,2026-07-20,3,N,VIIRS,n,2.0NRT,290.01,0.61,N
39.83775,30.30004,315.78,0.38,0.36,2026-07-20,3,N,VIIRS,n,2.0NRT,292.15,1.38,N
39.86459,26.24562,312.64,0.46,0.39,2026-07-20,3,N,VIIRS,n,2.0NRT,294.35,3.23,N
39.89899,28.87264,326.05,0.39,0.36,2026-07-20,3,N,VIIRS,n,2.0NRT,287.13,2.03,N
39.9601,33.14309,300.37,0.42,0.38,2026-07-20,3,N,VIIRS,n,2.0NRT,290.03,0.71,N
40.04992,32.65018,307.78,0.41,0.37,2026-07-20,3,N,VIIRS,n,2.0NRT,291.45,0.94,N
40.24269,29.92447,307.69,0.38,0.36,2026-07-20,3,N,VIIRS,n,2.0NRT,291.71,0.84,N
40.26219,30.04156,314.07,0.38,0.36,2026-07-20,3,N,VIIRS,n,2.0NRT,292.81,0.83,N
40.44387,27.13753,310.46,0.43,0.38,2026-07-20,3,N,VIIRS,n,2.0NRT,294.33,1.1,N
40.44452,27.13241,308.54,0.43,0.38,2026-07-20,3,N,VIIRS,n,2.0NRT,293.41,1.1,N
40.44803,27.13314,314.82,0.43,0.38,2026-07-20,3,N,VIIRS,n,2.0NRT,294.33,1.79,N
40.71753,35.74775,314.23,0.51,0.41,2026-07-20,3,N,VIIRS,n,2.0NRT,290.72,2.36,N
40.71867,35.74215,317.36,0.51,0.41,2026-07-20,3,N,VIIRS,n,2.0NRT,292.09,3.06,N
40.75747,29.75851,317.46,0.39,0.36,2026-07-20,3,N,VIIRS,n,2.0NRT,293.83,1.75,N
40.75971,29.36216,306.72,0.39,0.36,2026-07-20,3,N,VIIRS,n,2.0NRT,294.36,0.92,N
40.78153,29.59905,309.81,0.39,0.36,2026-07-20,3,N,VIIRS,n,2.0NRT,294.66,1.77,N
40.92706,29.77909,299.35,0.39,0.36,2026-07-20,3,N,VIIRS,n,2.0NRT,289.12,0.46,N
40.9467,31.39774,304.67,0.39,0.36,2026-07-20,3,N,VIIRS,n,2.0NRT,290.68,0.85,N
41.02029,28.55491,316.62,0.4,0.37,2026-07-20,3,N,VIIRS,n,2.0NRT,294.06,1.16,N
41.02367,28.55573,305.6,0.4,0.37,2026-07-20,3,N,VIIRS,n,2.0NRT,293.61,1.16,N
41.02771,36.0985,296.45,0.52,0.41,2026-07-20,3,N,VIIRS,n,2.0NRT,285.77,0.54,N
41.17368,32.63002,304.57,0.4,0.37,2026-07-20,3,N,VIIRS,n,2.0NRT,290.99,1.08,N
41.17618,32.63581,307.85,0.4,0.37,2026-07-20,3,N,VIIRS,n,2.0NRT,292.76,1.26,N
41.18367,32.63319,305.38,0.4,0.37,2026-07-20,3,N,VIIRS,n,2.0NRT,291.81,1.18,N
41.19198,32.62585,302.82,0.4,0.37,2026-07-20,3,N,VIIRS,n,2.0NRT,292.29,0.75,N
41.19281,32.62112,312.31,0.4,0.37,2026-07-20,3,N,VIIRS,n,2.0NRT,291.66,0.75,N
41.19532,32.62687,303.04,0.4,0.37,2026-07-20,3,N,VIIRS,n,2.0NRT,292.77,0.92,N
41.24086,36.4649,322.59,0.53,0.42,2026-07-20,3,N,VIIRS,n,2.0NRT,290.89,1.56,N
41.24222,36.46583,320.73,0.53,0.42,2026-07-20,3,N,VIIRS,n,2.0NRT,293.28,4.14,N
41.2543,31.41218,327.85,0.39,0.36,2026-07-20,3,N,VIIRS,n,2.0NRT,292.62,2.39,N
41.26265,31.42416,309.89,0.39,0.36,2026-07-20,3,N,VIIRS,n,2.0NRT,293.81,1.53,N
41.26594,31.42511,321.15,0.39,0.36,2026-07-20,3,N,VIIRS,n,2.0NRT,295.45,1.53,N
41.26922,31.42607,307.83,0.39,0.36,2026-07-20,3,N,VIIRS,n,2.0NRT,292.84,0.73,N
41.42768,27.58585,302.27,0.43,0.38,2026-07-20,3,N,VIIRS,n,2.0NRT,289.61,0.73,N
41.63046,27.68506,306.47,0.43,0.38,2026-07-20,3,N,VIIRS,n,2.0NRT,291.15,1.14,N
41.636,27.50518,302.53,0.43,0.38,2026-07-20,3,N,VIIRS,n,2.0NRT,291.03,0.82,N
35.55085,36.35892,352.36,0.58,0.7,2026-07-20,943,N,VIIRS,n,2.0NRT,309.74,12.04,D
35.71162,43.85493,353.31,0.46,0.47,2026-07-20,943,N,VIIRS,n,2.0NRT,322.91,12.52,D
35.98232,36.84538,338.08,0.53,0.67,2026-07-20,943,N,VIIRS,n,2.0NRT,307.38,2.35,D
36.03506,36.67929,351.96,0.54,0.68,2026-07-20,943,N,VIIRS,n,2.0NRT,308.72,5.63,D
36.03826,36.67528,347.07,0.54,0.68,2026-07-20,943,N,VIIRS,n,2.0NRT,307.14,6.17,D
36.04044,40.75281,352.67,0.33,0.55,2026-07-20,943,N,VIIRS,n,2.0NRT,316.59,4.78,D
36.04276,40.7526,367.0,0.33,0.55,2026-07-20,943,N,VIIRS,h,2.0NRT,316.26,10.77,D
36.0454,40.75098,346.23,0.33,0.55,2026-07-20,943,N,VIIRS,n,2.0NRT,313.35,4.78,D
36.25784,44.03145,352.49,0.44,0.46,2026-07-20,943,N,VIIRS,n,2.0NRT,323.45,17.33,D
36.33668,43.60342,367.0,0.46,0.47,2026-07-20,943,N,VIIRS,h,2.0NRT,329.17,35.57,D
36.3938,37.26516,340.01,0.49,0.65,2026-07-20,943,N,VIIRS,n,2.0NRT,309.65,4.02,D
36.40867,37.17988,340.17,0.5,0.66,2026-07-20,943,N,VIIRS,n,2.0NRT,308.86,2.84,D
36.41073,37.18225,343.38,0.5,0.66,2026-07-20,943,N,VIIRS,n,2.0NRT,309.06,4.62,D
36.69763,38.17017,344.56,0.44,0.62,2026-07-20,943,N,VIIRS,n,2.0NRT,313.78,12.79,D
36.80518,42.08873,345.77,0.54,0.51,2026-07-20,943,N,VIIRS,n,2.0NRT,316.15,6.03,D
36.9365,41.31566,349.69,0.59,0.53,2026-07-20,943,N,VIIRS,n,2.0NRT,316.6,5.92,D
36.93964,41.30743,356.24,0.59,0.53,2026-07-20,943,N,VIIRS,n,2.0NRT,318.83,14.63,D
36.94121,41.3139,351.8,0.59,0.53,2026-07-20,943,N,VIIRS,n,2.0NRT,319.33,14.63,D
36.94613,42.13259,347.97,0.53,0.5,2026-07-20,943,N,VIIRS,n,2.0NRT,322.47,4.92,D
37.05745,40.24614,349.03,0.33,0.55,2026-07-20,943,N,VIIRS,n,2.0NRT,312.18,4.24,D
37.39151,37.20278,342.0,0.47,0.64,2026-07-20,943,N,VIIRS,n,2.0NRT,309.43,4.67,D
37.41238,37.67801,367.0,0.44,0.63,2026-07-20,943,N,VIIRS,h,2.0NRT,320.68,18.15,D
37.44006,39.44159,367.0,0.36,0.57,2026-07-20,943,N,VIIRS,h,2.0NRT,318.27,16.94,D
37.98054,40.1801,348.02,0.32,0.54,2026-07-20,943,N,VIIRS,n,2.0NRT,314.52,7.07,D
38.1831,37.82188,367.0,0.42,0.61,2026-07-20,945,N,VIIRS,h,2.0NRT,319.74,8.84,D
38.18549,37.82265,353.73,0.42,0.61,2026-07-20,945,N,VIIRS,n,2.0NRT,318.9,9.26,D
38.36358,37.06848,350.18,0.45,0.63,2026-07-20,945,N,VIIRS,n,2.0NRT,315.86,6.96,D
38.3694,37.06694,367.0,0.45,0.63,2026-07-20,945,N,VIIRS,h,2.0NRT,313.26,6.96,D
38.37091,37.0723,349.21,0.45,0.63,2026-07-20,945,N,VIIRS,n,2.0NRT,313.49,6.96,D
38.39405,40.35149,367.0,0.61,0.53,2026-07-20,945,N,VIIRS,h,2.0NRT,313.09,15.08,D
38.39594,40.35099,350.36,0.61,0.53,2026-07-20,945,N,VIIRS,n,2.0NRT,313.29,13.55,D
38.45695,38.15158,354.48,0.39,0.6,2026-07-20,945,N,VIIRS,n,2.0NRT,313.21,42.76,D
39.75515,43.09394,367.0,0.41,0.45,2026-07-20,945,N,VIIRS,h,2.0NRT,311.7,4.94,D
39.75918,43.09249,343.77,0.41,0.45,2026-07-20,945,N,VIIRS,n,2.0NRT,308.52,4.94,D
39.76126,43.10195,339.45,0.41,0.45,2026-07-20,945,N,VIIRS,n,2.0NRT,307.99,5.73,D
40.71703,35.74743,343.36,0.45,0.63,2026-07-20,945,N,VIIRS,n,2.0NRT,302.59,7.59,D
40.77604,35.62447,336.81,0.45,0.63,2026-07-20,945,N,VIIRS,n,2.0NRT,300.86,3.91,D
35.75639,36.2979,337.15,0.32,0.55,2026-07-20,1125,N,VIIRS,n,2.0NRT,312.08,2.14,D
35.96982,36.95383,355.36,0.35,0.57,2026-07-20,1125,N,VIIRS,n,2.0NRT,311.09,4.53,D
36.02401,36.99133,353.85,0.35,0.57,2026-07-20,1125,N,VIIRS,n,2.0NRT,311.58,6.25,D
36.02558,36.98922,367.0,0.35,0.57,2026-07-20,1125,N,VIIRS,h,2.0NRT,312.58,7.07,D
36.04483,38.99751,338.81,0.46,0.63,2026-07-20,1125,N,VIIRS,n,2.0NRT,309.62,1.76,D
36.30107,36.22638,339.18,0.32,0.55,2026-07-20,1125,N,VIIRS,n,2.0NRT,303.69,2.5,D
36.54384,40.60928,347.46,0.57,0.69,2026-07-20,1125,N,VIIRS,n,2.0NRT,315.16,7.08,D
36.5496,40.60588,341.05,0.57,0.69,2026-07-20,1125,N,VIIRS,n,2.0NRT,314.08,8.11,D
36.54981,40.61255,367.0,0.57,0.69,2026-07-20,1125,N,VIIRS,h,2.0NRT,315.07,8.11,D
36.7316,36.21259,338.03,0.33,0.55,2026-07-20,1125,N,VIIRS,n,2.0NRT,302.04,2.7,D
36.84365,40.07655,351.89,0.53,0.67,2026-07-20,1125,N,VIIRS,n,2.0NRT,314.29,5.8,D
37.06872,41.42077,348.73,0.63,0.72,2026-07-20,1125,N,VIIRS,n,2.0NRT,312.79,11.5,D
37.07367,41.4212,367.0,0.63,0.72,2026-07-20,1125,N,VIIRS,h,2.0NRT,314.36,14.97,D
37.07549,41.42038,349.45,0.63,0.72,2026-07-20,1125,N,VIIRS,n,2.0NRT,313.89,8.89,D
37.31323,37.04059,356.48,0.37,0.58,2026-07-20,1125,N,VIIRS,n,2.0NRT,318.78,18.16,D
37.31347,37.04482,367.0,0.37,0.58,2026-07-20,1125,N,VIIRS,h,2.0NRT,321.6,18.16,D
37.38297,37.20921,354.68,0.37,0.58,2026-07-20,1125,N,VIIRS,n,2.0NRT,317.47,14.6,D
37.38321,37.21323,367.0,0.37,0.58,2026-07-20,1125,N,VIIRS,h,2.0NRT,325.05,43.97,D
37.38843,37.20884,354.6,0.37,0.58,2026-07-20,1125,N,VIIRS,n,2.0NRT,320.0,14.6,D
37.38866,37.2127,367.0,0.37,0.58,2026-07-20,1125,N,VIIRS,h,2.0NRT,314.77,43.97,D
37.50558,37.0213,352.9,0.37,0.58,2026-07-20,1125,N,VIIRS,n,2.0NRT,316.13,6.51,D
37.50902,37.02051,356.88,0.37,0.58,2026-07-20,1125,N,VIIRS,n,2.0NRT,316.29,6.28,D
37.70699,38.26979,350.97,0.43,0.62,2026-07-20,1125,N,VIIRS,n,2.0NRT,318.05,12.01,D
38.16564,39.85213,339.57,0.53,0.67,2026-07-20,1125,N,VIIRS,n,2.0NRT,312.93,2.61,D
38.22783,29.78218,340.79,0.48,0.4,2026-07-20,1125,N,VIIRS,n,2.0NRT,315.12,5.59,D
38.23152,29.78149,342.42,0.48,0.4,2026-07-20,1125,N,VIIRS,n,2.0NRT,313.1,6.28,D
38.36737,28.60985,340.22,0.44,0.38,2026-07-20,1125,N,VIIRS,n,2.0NRT,314.06,19.57,D
38.37026,28.60415,343.88,0.44,0.38,2026-07-20,1125,N,VIIRS,n,2.0NRT,313.34,19.57,D
38.37089,28.60913,341.46,0.44,0.38,2026-07-20,1125,N,VIIRS,n,2.0NRT,311.97,19.57,D
38.49321,37.63695,350.83,0.4,0.6,2026-07-20,1125,N,VIIRS,n,2.0NRT,316.77,6.69,D
39.83874,34.29002,346.58,0.55,0.51,2026-07-20,1125,N,VIIRS,n,2.0NRT,311.2,9.52,D
39.83894,34.28874,343.68,0.55,0.51,2026-07-20,1125,N,VIIRS,n,2.0NRT,312.99,14.49,D
39.94606,32.74404,343.12,0.46,0.47,2026-07-20,1125,N,VIIRS,n,2.0NRT,312.89,3.37,D
39.94612,32.74306,346.31,0.46,0.47,2026-07-20,1125,N,VIIRS,n,2.0NRT,312.49,7.25,D
39.95049,32.74232,342.57,0.46,0.47,2026-07-20,1125,N,VIIRS,n,2.0NRT,312.28,4.07,D
39.95094,32.74773,344.81,0.46,0.47,2026-07-20,1125,N,VIIRS,n,2.0NRT,312.7,4.07,D
39.9514,32.7532,345.26,0.46,0.47,2026-07-20,1125,N,VIIRS,n,2.0NRT,310.82,6.7,D
40.07888,32.79914,343.71,0.46,0.47,2026-07-20,1125,N,VIIRS,n,2.0NRT,309.84,9.64,D
40.18179,34.18775,346.37,0.55,0.51,2026-07-20,1125,N,VIIRS,n,2.0NRT,316.88,12.76,D
40.41644,38.62365,339.72,0.47,0.64,2026-07-20,1125,N,VIIRS,n,2.0NRT,311.87,3.95,D
40.4179,38.62512,339.09,0.47,0.64,2026-07-20,1125,N,VIIRS,n,2.0NRT,311.54,5.68,D
40.71773,35.74465,341.35,0.33,0.56,2026-07-20,1125,N,VIIRS,n,2.0NRT,309.13,6.13,D
40.71795,35.74842,343.62,0.33,0.56,2026-07-20,1125,N,VIIRS,n,2.0NRT,306.77,6.53,D
41.24223,36.46477,334.61,0.37,0.58,2026-07-20,1125,N,VIIRS,n,2.0NRT,302.95,4.9,D
41.25336,31.41489,338.95,0.41,0.45,2026-07-20,1125,N,VIIRS,n,2.0NRT,306.32,4.62,D
41.61558,35.9402,330.37,0.35,0.57,2026-07-20,1125,N,VIIRS,n,2.0NRT,296.97,1.89,D
35.52341,44.34016,307.34,0.58,0.7,2026-07-20,2203,N,VIIRS,n,2.0NRT,296.9,2.74,N
35.52936,44.34016,338.98,0.58,0.7,2026-07-20,2203,N,VIIRS,n,2.0NRT,297.91,4.05,N
35.52959,44.33343,318.08,0.58,0.7,2026-07-20,2203,N,VIIRS,n,2.0NRT,297.98,4.05,N
35.53611,44.33411,325.69,0.58,0.7,2026-07-20,2203,N,VIIRS,n,2.0NRT,297.93,4.05,N
35.56411,44.28225,317.19,0.58,0.7,2026-07-20,2203,N,VIIRS,n,2.0NRT,296.76,2.5,N
35.58338,44.24783,308.66,0.59,0.7,2026-07-20,2203,N,VIIRS,n,2.0NRT,296.69,2.76,N
35.62664,44.01163,318.74,0.6,0.71,2026-07-20,2203,N,VIIRS,n,2.0NRT,296.91,7.95,N
35.6269,44.00462,367.0,0.6,0.71,2026-07-20,2203,N,VIIRS,h,2.0NRT,299.26,14.56,N
35.63035,44.00925,353.82,0.6,0.71,2026-07-20,2203,N,VIIRS,n,2.0NRT,298.91,8.95,N
35.63057,44.00223,338.38,0.6,0.71,2026-07-20,2203,N,VIIRS,n,2.0NRT,297.46,8.95,N
35.63354,44.00473,318.28,0.6,0.71,2026-07-20,2203,N,VIIRS,n,2.0NRT,296.68,3.28,N
35.66507,43.96335,327.66,0.61,0.71,2026-07-20,2203,N,VIIRS,n,2.0NRT,297.68,4.51,N
35.68132,43.87264,338.57,0.61,0.71,2026-07-20,2203,N,VIIRS,n,2.0NRT,295.56,8.33,N
35.68777,43.88018,314.44,0.61,0.71,2026-07-20,2203,N,VIIRS,n,2.0NRT,295.55,13.13,N
35.688,43.87318,367.0,0.61,0.71,2026-07-20,2203,N,VIIRS,h,2.0NRT,303.66,33.06,N
35.72243,44.03703,367.0,0.6,0.71,2026-07-20,2203,N,VIIRS,h,2.0NRT,297.94,7.99,N
35.72667,44.03683,367.0,0.6,0.71,2026-07-20,2203,N,VIIRS,h,2.0NRT,300.3,9.24,N
35.72689,44.02966,322.37,0.6,0.71,2026-07-20,2203,N,VIIRS,n,2.0NRT,296.28,9.24,N
35.72903,44.03789,324.63,0.6,0.71,2026-07-20,2203,N,VIIRS,n,2.0NRT,298.47,7.99,N
35.72929,44.03073,331.09,0.6,0.71,2026-07-20,2203,N,VIIRS,n,2.0NRT,297.18,11.74,N
35.73351,44.03046,313.08,0.6,0.71,2026-07-20,2203,N,VIIRS,n,2.0NRT,297.2,3.49,N
35.77461,43.99199,333.44,0.61,0.71,2026-07-20,2203,N,VIIRS,n,2.0NRT,298.93,7.0,N
35.9687,43.76096,311.65,0.63,0.72,2026-07-20,2203,N,VIIRS,n,2.0NRT,298.36,5.47,N
35.98198,43.76767,332.95,0.63,0.72,2026-07-20,2203,N,VIIRS,n,2.0NRT,298.8,9.31,N
36.0024,43.76093,306.48,0.63,0.72,2026-07-20,2203,N,VIIRS,n,2.0NRT,294.83,1.59,N
36.00261,43.75384,305.51,0.63,0.72,2026-07-20,2203,N,VIIRS,n,2.0NRT,295.11,2.38,N
36.01831,43.68142,311.96,0.63,0.72,2026-07-20,2203,N,VIIRS,n,2.0NRT,296.25,2.85,N
36.01966,43.67846,316.77,0.63,0.72,2026-07-20,2203,N,VIIRS,n,2.0NRT,296.57,3.03,N
36.02226,43.26345,332.42,0.67,0.73,2026-07-20,2203,N,VIIRS,n,2.0NRT,297.16,11.42,N
36.02243,43.2557,367.0,0.67,0.73,2026-07-20,2203,N,VIIRS,h,2.0NRT,297.51,11.42,N
36.02337,43.25935,367.0,0.67,0.73,2026-07-20,2203,N,VIIRS,h,2.0NRT,299.42,24.39,N
36.33436,43.7594,307.7,0.63,0.72,2026-07-20,2203,N,VIIRS,n,2.0NRT,294.0,1.04,N
36.38661,43.27882,306.13,0.67,0.74,2026-07-20,2203,N,VIIRS,n,2.0NRT,292.57,0.39,N
36.94094,42.17307,307.08,0.77,0.78,2026-07-20,2203,N,VIIRS,n,2.0NRT,294.65,2.83,N
36.94878,42.12861,323.67,0.78,0.78,2026-07-20,2203,N,VIIRS,n,2.0NRT,296.28,5.03,N
37.07653,42.5491,308.75,0.74,0.76,2026-07-20,2203,N,VIIRS,n,2.0NRT,294.56,5.66,N
37.08167,42.55816,307.8,0.74,0.76,2026-07-20,2203,N,VIIRS,n,2.0NRT,296.37,4.53,N
37.13749,42.78984,306.15,0.72,0.75,2026-07-20,2203,N,VIIRS,n,2.0NRT,293.23,0.88,N
38.65147,39.76891,330.43,0.51,0.41,2026-07-20,2344,N,VIIRS,n,2.0NRT,292.01,5.24,N
39.72624,36.93536,298.55,0.4,0.37,2026-07-20,2344,N,VIIRS,n,2.0NRT,287.17,0.49,N
39.96019,33.14196,300.84,0.4,0.37,2026-07-20,2344,N,VIIRS,n,2.0NRT,289.48,0.89,N
39.96032,33.1438,306.43,0.4,0.37,2026-07-20,2344,N,VIIRS,n,2.0NRT,290.88,0.88,N
40.08325,38.36465,295.75,0.43,0.38,2026-07-20,2344,N,VIIRS,n,2.0NRT,285.73,0.34,N
40.10499,36.29102,298.57,0.39,0.36,2026-07-20,2344,N,VIIRS,n,2.0NRT,287.8,0.56,N
40.24466,29.92421,300.38,0.51,0.41,2026-07-20,2344,N,VIIRS,n,2.0NRT,290.26,1.39,N
40.26143,30.04216,308.04,0.5,0.41,2026-07-20,2344,N,VIIRS,n,2.0NRT,291.65,1.21,N
40.57534,43.00788,298.37,0.44,0.46,2026-07-20,2344,N,VIIRS,n,2.0NRT,283.83,0.76,N
40.71681,35.74438,302.92,0.39,0.36,2026-07-20,2344,N,VIIRS,n,2.0NRT,290.32,0.89,N
40.72009,35.74533,314.66,0.39,0.36,2026-07-20,2344,N,VIIRS,n,2.0NRT,293.26,1.87,N
40.75611,29.75873,302.56,0.52,0.42,2026-07-20,2344,N,VIIRS,n,2.0NRT,292.05,1.11,N
40.7572,31.78426,301.94,0.44,0.38,2026-07-20,2344,N,VIIRS,n,2.0NRT,288.26,1.1,N
40.75934,29.36192,305.99,0.55,0.42,2026-07-20,2344,N,VIIRS,n,2.0NRT,292.47,1.41,N
40.75994,29.75956,311.99,0.52,0.42,2026-07-20,2344,N,VIIRS,n,2.0NRT,294.15,1.11,N
40.76902,29.52914,311.95,0.54,0.42,2026-07-20,2344,N,VIIRS,n,2.0NRT,293.66,2.11,N
40.78085,29.60331,306.05,0.53,0.42,2026-07-20,2344,N,VIIRS,n,2.0NRT,293.8,1.56,N
40.94685,31.39487,300.04,0.45,0.39,2026-07-20,2344,N,VIIRS,n,2.0NRT,289.22,0.67,N
41.0203,28.55707,309.76,0.4,0.44,2026-07-20,2344,N,VIIRS,n,2.0NRT,290.9,1.2,N
41.02077,28.55238,305.69,0.4,0.44,2026-07-20,2344,N,VIIRS,n,2.0NRT,290.64,1.17,N
41.02719,36.10053,304.04,0.39,0.36,2026-07-20,2344,N,VIIRS,n,2.0NRT,289.46,0.69,N
41.10854,37.32471,303.96,0.4,0.37,2026-07-20,2344,N,VIIRS,n,2.0NRT,292.29,1.09,N
41.1743,32.63411,308.3,0.42,0.38,2026-07-20,2344,N,VIIRS,n,2.0NRT,290.25,1.51,N
41.17775,32.63489,316.54,0.42,0.38,2026-07-20,2344,N,VIIRS,n,2.0NRT,294.48,1.51,N
41.19418,32.61811,308.22,0.42,0.38,2026-07-20,2344,N,VIIRS,n,2.0NRT,290.33,1.14,N
41.24247,36.46278,339.92,0.39,0.36,2026-07-20,2344,N,VIIRS,n,2.0NRT,294.01,5.61,N
41.25646,31.41388,321.99,0.46,0.39,2026-07-20,2344,N,VIIRS,n,2.0NRT,291.6,2.72,N
41.26228,31.42635,305.03,0.46,0.39,2026-07-20,2344,N,VIIRS,n,2.0NRT,292.54,1.82,N
41.26262,31.42728,307.88,0.46,0.39,2026-07-20,2344,N,VIIRS,n,2.0NRT,293.16,1.65,N
41.26587,31.42714,308.51,0.46,0.39,2026-07-20,2344,N,VIIRS,n,2.0NRT,294.05,1.18,N
41.26655,31.42167,303.54,0.46,0.39,2026-07-20,2344,N,VIIRS,n,2.0NRT,291.45,1.18,N
41.26687,31.42261,309.61,0.46,0.39,2026-07-20,2344,N,VIIRS,n,2.0NRT,293.12,2.19,N
41.631,27.68295,303.58,0.45,0.47,2026-07-20,2344,N,VIIRS,n,2.0NRT,288.88,1.25,N
35.52718,44.34328,336.33,0.34,0.56,2026-07-20,2346,N,VIIRS,n,2.0NRT,298.34,2.22,N
35.52808,44.33971,316.97,0.34,0.56,2026-07-20,2346,N,VIIRS,n,2.0NRT,296.81,2.22,N
35.52899,44.33611,307.73,0.34,0.56,2026-07-20,2346,N,VIIRS,n,2.0NRT,297.09,2.14,N
35.53308,44.34151,330.79,0.34,0.56,2026-07-20,2346,N,VIIRS,n,2.0NRT,297.06,2.87,N
35.53399,44.33788,339.0,0.34,0.56,2026-07-20,2346,N,VIIRS,n,2.0NRT,298.87,3.08,N
35.5349,44.33426,316.03,0.34,0.56,2026-07-20,2346,N,VIIRS,n,2.0NRT,297.93,3.08,N
35.56428,44.28214,326.28,0.33,0.56,2026-07-20,2346,N,VIIRS,n,2.0NRT,297.6,2.26,N
35.56613,44.28319,331.54,0.33,0.56,2026-07-20,2346,N,VIIRS,n,2.0NRT,298.74,2.31,N
35.58317,44.24984,313.76,0.33,0.55,2026-07-20,2346,N,VIIRS,n,2.0NRT,297.92,1.47,N
35.58525,44.25092,309.61,0.33,0.55,2026-07-20,2346,N,VIIRS,n,2.0NRT,297.76,1.67,N
35.62681,44.00861,338.41,0.32,0.55,2026-07-20,2346,N,VIIRS,n,2.0NRT,296.95,5.33,N
35.62766,44.00518,333.95,0.32,0.55,2026-07-20,2346,N,VIIRS,n,2.0NRT,297.28,5.33,N
35.63022,44.01066,321.06,0.32,0.55,2026-07-20,2346,N,VIIRS,n,2.0NRT,298.07,7.74,N
35.63108,44.00724,367.0,0.32,0.55,2026-07-20,2346,N,VIIRS,h,2.0NRT,310.89,7.74,N
35.63168,44.01055,356.18,0.32,0.55,2026-07-20,2346,N,VIIRS,n,2.0NRT,301.72,5.33,N
35.63252,44.00712,367.0,0.32,0.55,2026-07-20,2346,N,VIIRS,h,2.0NRT,300.19,5.33,N
35.66294,43.96574,324.37,0.32,0.55,2026-07-20,2346,N,VIIRS,n,2.0NRT,298.41,2.93,N
35.66381,43.96227,330.72,0.32,0.55,2026-07-20,2346,N,VIIRS,n,2.0NRT,298.6,3.77,N
35.68552,43.87783,341.61,0.63,0.54,2026-07-20,2346,N,VIIRS,n,2.0NRT,308.21,43.28,N
35.68664,43.87149,339.66,0.63,0.54,2026-07-20,2346,N,VIIRS,n,2.0NRT,298.84,39.45,N
35.68721,43.87093,313.2,0.63,0.54,2026-07-20,2346,N,VIIRS,n,2.0NRT,296.59,43.28,N
35.7209,44.03262,309.82,0.32,0.55,2026-07-20,2346,N,VIIRS,n,2.0NRT,296.76,7.54,N
35.72412,44.04119,352.11,0.32,0.55,2026-07-20,2346,N,VIIRS,n,2.0NRT,301.54,11.28,N
35.72498,44.03771,367.0,0.32,0.55,2026-07-20,2346,N,VIIRS,h,2.0NRT,300.82,7.54,N
35.73162,44.03247,344.26,0.32,0.55,2026-07-20,2346,N,VIIRS,n,2.0NRT,300.78,4.45,N
35.77296,43.99368,348.91,0.32,0.54,2026-07-20,2346,N,VIIRS,n,2.0NRT,300.25,4.87,N
35.9256,37.03896,306.46,0.44,0.38,2026-07-20,2346,N,VIIRS,n,2.0NRT,295.18,1.01,N
35.98254,43.76704,337.7,0.61,0.54,2026-07-20,2346,N,VIIRS,n,2.0NRT,302.42,9.68,N
36.00009,43.75943,331.71,0.61,0.54,2026-07-20,2346,N,VIIRS,n,2.0NRT,299.03,5.0,N
36.01945,43.6804,314.94,0.61,0.53,2026-07-20,2346,N,VIIRS,n,2.0NRT,296.76,3.22,N
36.13046,40.81085,310.54,0.43,0.46,2026-07-20,2346,N,VIIRS,n,2.0NRT,298.44,1.51,N
36.27931,43.95946,317.25,0.62,0.54,2026-07-20,2346,N,VIIRS,n,2.0NRT,295.27,3.64,N
36.44198,42.93,309.66,0.54,0.51,2026-07-20,2346,N,VIIRS,n,2.0NRT,297.92,1.87,N
36.45387,37.18377,312.77,0.44,0.38,2026-07-20,2346,N,VIIRS,n,2.0NRT,295.45,1.0,N
36.49506,42.45693,331.54,0.51,0.49,2026-07-20,2346,N,VIIRS,n,2.0NRT,294.51,2.83,N
36.49695,40.78779,309.99,0.42,0.45,2026-07-20,2346,N,VIIRS,n,2.0NRT,298.52,2.38,N
36.49926,40.78566,310.07,0.42,0.45,2026-07-20,2346,N,VIIRS,n,2.0NRT,298.45,2.77,N
36.60292,40.43161,314.16,0.4,0.44,2026-07-20,2346,N,VIIRS,n,2.0NRT,293.69,1.27,N
36.69365,40.00977,333.33,0.57,0.43,2026-07-20,2346,N,VIIRS,n,2.0NRT,295.1,4.58,N
36.7319,43.28296,311.69,0.55,0.51,2026-07-20,2346,N,VIIRS,n,2.0NRT,297.71,2.39,N
36.77019,38.36372,307.79,0.48,0.4,2026-07-20,2346,N,VIIRS,n,2.0NRT,292.63,1.05,N
36.91584,41.89632,319.28,0.47,0.47,2026-07-20,2346,N,VIIRS,n,2.0NRT,295.03,1.58,N
36.91621,41.89796,304.54,0.47,0.47,2026-07-20,2346,N,VIIRS,n,2.0NRT,293.53,0.77,N
36.91739,41.89286,305.71,0.47,0.47,2026-07-20,2346,N,VIIRS,n,2.0NRT,293.82,0.92,N
36.94156,42.17047,317.7,0.48,0.48,2026-07-20,2346,N,VIIRS,n,2.0NRT,298.08,3.3,N
36.94576,42.13169,335.66,0.48,0.48,2026-07-20,2346,N,VIIRS,n,2.0NRT,299.4,4.24,N
36.95006,42.13327,322.28,0.48,0.48,2026-07-20,2346,N,VIIRS,n,2.0NRT,298.84,2.57,N
37.0571,41.03929,308.84,0.42,0.45,2026-07-20,2346,N,VIIRS,n,2.0NRT,295.95,0.86,N
37.06116,41.04067,306.92,0.42,0.45,2026-07-20,2346,N,VIIRS,n,2.0NRT,295.86,0.86,N
37.07197,41.43263,306.15,0.44,0.46,2026-07-20,2346,N,VIIRS,n,2.0NRT,295.73,3.61,N
37.07612,41.43405,341.94,0.44,0.46,2026-07-20,2346,N,VIIRS,n,2.0NRT,298.78,3.61,N
37.07818,42.5594,317.31,0.5,0.49,2026-07-20,2346,N,VIIRS,n,2.0NRT,298.69,3.75,N
37.08027,41.43547,307.86,0.44,0.46,2026-07-20,2346,N,VIIRS,n,2.0NRT,297.68,2.49,N
37.13865,42.79526,311.25,0.51,0.5,2026-07-20,2346,N,VIIRS,n,2.0NRT,293.94,1.55,N
37.1443,40.61922,304.75,0.4,0.44,2026-07-20,2346,N,VIIRS,n,2.0NRT,293.77,0.56,N
37.15229,39.85194,310.7,0.55,0.43,2026-07-20,2346,N,VIIRS,n,2.0NRT,294.06,1.22,N
37.15251,39.85035,321.74,0.55,0.43,2026-07-20,2346,N,VIIRS,n,2.0NRT,294.35,2.47,N
37.15357,39.84587,312.55,0.55,0.43,2026-07-20,2346,N,VIIRS,n,2.0NRT,292.99,1.22,N
37.16144,38.95149,312.01,0.5,0.41,2026-07-20,2346,N,VIIRS,n,2.0NRT,295.4,1.96,N
37.20725,39.8631,314.66,0.55,0.43,2026-07-20,2346,N,VIIRS,n,2.0NRT,295.73,2.37,N
37.23479,39.73048,313.14,0.54,0.42,2026-07-20,2346,N,VIIRS,n,2.0NRT,293.02,2.78,N
37.27071,40.7249,316.2,0.4,0.44,2026-07-20,2346,N,VIIRS,n,2.0NRT,298.39,1.92,N
37.27471,40.72617,310.4,0.4,0.44,2026-07-20,2346,N,VIIRS,n,2.0NRT,299.04,1.92,N
37.31483,36.87222,308.05,0.42,0.38,2026-07-20,2346,N,VIIRS,n,2.0NRT,293.61,1.03,N
37.33871,40.80083,311.57,0.4,0.44,2026-07-20,2346,N,VIIRS,n,2.0NRT,296.53,1.23,N
37.34546,40.07906,333.3,0.56,0.43,2026-07-20,2346,N,VIIRS,n,2.0NRT,301.0,14.9,N
37.34677,40.07286,321.08,0.56,0.43,2026-07-20,2346,N,VIIRS,n,2.0NRT,298.17,3.35,N
37.34933,40.08027,332.99,0.56,0.43,2026-07-20,2346,N,VIIRS,n,2.0NRT,301.15,7.01,N
37.35064,40.07407,329.43,0.56,0.43,2026-07-20,2346,N,VIIRS,n,2.0NRT,299.13,5.57,N
37.35262,37.16271,310.52,0.43,0.38,2026-07-20,2346,N,VIIRS,n,2.0NRT,298.14,1.76,N
37.3532,40.0815,328.43,0.56,0.43,2026-07-20,2346,N,VIIRS,n,2.0NRT,297.73,7.01,N
37.35637,39.5178,304.47,0.53,0.42,2026-07-20,2346,N,VIIRS,n,2.0NRT,291.56,2.37,N
37.36014,39.519,332.96,0.53,0.42,2026-07-20,2346,N,VIIRS,n,2.0NRT,293.69,2.37,N
37.36134,39.51318,303.82,0.53,0.42,2026-07-20,2346,N,VIIRS,n,2.0NRT,291.85,2.37,N
37.5253,38.06685,333.28,0.46,0.39,2026-07-20,2346,N,VIIRS,n,2.0NRT,293.61,7.65,N
37.52885,38.06786,316.87,0.46,0.39,2026-07-20,2346,N,VIIRS,n,2.0NRT,292.26,1.18,N
37.52957,40.05888,308.5,0.55,0.43,2026-07-20,2346,N,VIIRS,n,2.0NRT,297.08,2.53,N
37.53535,40.069,307.16,0.55,0.43,2026-07-20,2346,N,VIIRS,n,2.0NRT,296.46,2.42,N
37.53596,40.0676,309.97,0.55,0.43,2026-07-20,2346,N,VIIRS,n,2.0NRT,296.57,2.28,N
37.69991,27.42651,317.09,0.42,0.45,2026-07-20,2346,N,VIIRS,n,2.0NRT,297.02,2.09,N
37.84959,37.7116,325.27,0.44,0.38,2026-07-20,2346,N,VIIRS,n,2.0NRT,297.07,3.28,N
37.86208,29.37011,312.61,0.51,0.41,2026-07-20,2346,N,VIIRS,n,2.0NRT,293.97,1.79,N
37.86462,29.37238,310.57,0.51,0.41,2026-07-20,2346,N,VIIRS,n,2.0NRT,295.28,1.88,N
37.89907,30.49061,303.59,0.46,0.39,2026-07-20,2346,N,VIIRS,n,2.0NRT,292.73,0.95,N
37.96353,41.70081,305.55,0.43,0.46,2026-07-20,2346,N,VIIRS,n,2.0NRT,295.42,0.84,N
37.97643,40.207,313.39,0.55,0.43,2026-07-20,2346,N,VIIRS,n,2.0NRT,293.01,2.32,N
37.98027,40.20826,331.57,0.55,0.43,2026-07-20,2346,N,VIIRS,n,2.0NRT,295.7,2.32,N
37.98158,40.20205,304.4,0.55,0.43,2026-07-20,2346,N,VIIRS,n,2.0NRT,293.98,2.32,N
37.98541,40.20331,331.29,0.55,0.43,2026-07-20,2346,N,VIIRS,n,2.0NRT,296.16,4.94,N
37.98672,40.19714,307.3,0.55,0.43,2026-07-20,2346,N,VIIRS,n,2.0NRT,293.7,1.49,N
38.09587,39.79059,299.75,0.52,0.42,2026-07-20,2346,N,VIIRS,n,2.0NRT,289.62,0.62,N
38.09962,39.79182,311.63,0.52,0.42,2026-07-20,2346,N,VIIRS,n,2.0NRT,292.28,0.62,N
38.29219,32.86916,300.98,0.4,0.37,2026-07-20,2346,N,VIIRS,n,2.0NRT,289.05,0.36,N
38.4083,32.14188,313.89,0.41,0.37,2026-07-20,2346,N,VIIRS,n,2.0NRT,284.99,1.91,N
38.41171,32.14262,323.7,0.41,0.37,2026-07-20,2346,N,VIIRS,n,2.0NRT,285.96,2.27,N
38.41236,32.13792,327.69,0.41,0.37,2026-07-20,2346,N,VIIRS,n,2.0NRT,285.07,2.27,N
38.42699,27.21685,319.07,0.43,0.46,2026-07-20,2346,N,VIIRS,n,2.0NRT,298.44,2.66,N
38.45396,38.72461,304.92,0.47,0.4,2026-07-20,2346,N,VIIRS,n,2.0NRT,293.65,0.86,N
38.65853,30.61588,302.75,0.46,0.39,2026-07-20,2346,N,VIIRS,n,2.0NRT,289.39,0.92,N
38.66462,39.23613,306.35,0.49,0.4,2026-07-20,2346,N,VIIRS,n,2.0NRT,294.02,1.25,N
38.71362,27.56322,311.27,0.42,0.45,2026-07-20,2346,N,VIIRS,n,2.0NRT,290.85,0.74,N
38.71408,27.55833,301.21,0.42,0.45,2026-07-20,2346,N,VIIRS,n,2.0NRT,290.7,0.93,N
38.74006,27.81239,328.84,0.41,0.45,2026-07-20,2346,N,VIIRS,n,2.0NRT,292.46,3.3,N
38.74053,27.80764,335.89,0.41,0.45,2026-07-20,2346,N,VIIRS,n,2.0NRT,292.72,4.69,N
38.74078,26.92884,312.25,0.45,0.47,2026-07-20,2346,N,VIIRS,n,2.0NRT,295.84,1.47,N
38.75329,26.93608,320.67,0.45,0.47,2026-07-20,2346,N,VIIRS,n,2.0NRT,295.58,2.19,N
38.75379,26.93677,319.1,0.45,0.47,2026-07-20,2346,N,VIIRS,n,2.0NRT,295.41,2.07,N
38.85924,35.76601,299.81,0.39,0.36,2026-07-20,2346,N,VIIRS,n,2.0NRT,288.87,0.76,N
39.09382,27.51269,311.01,0.43,0.46,2026-07-20,2346,N,VIIRS,n,2.0NRT,293.71,1.5,N
39.11445,27.52078,303.24,0.43,0.46,2026-07-20,2346,N,VIIRS,n,2.0NRT,293.03,1.01,N
39.11816,27.51789,309.43,0.43,0.46,2026-07-20,2346,N,VIIRS,n,2.0NRT,294.0,1.35,N
39.11913,27.51676,305.61,0.43,0.46,2026-07-20,2346,N,VIIRS,n,2.0NRT,293.93,1.35,N
39.16733,27.6311,303.74,0.42,0.45,2026-07-20,2346,N,VIIRS,n,2.0NRT,293.45,1.07,N
39.48395,30.04365,299.62,0.49,0.41,2026-07-20,2346,N,VIIRS,n,2.0NRT,287.67,0.94,N
39.48463,30.0378,300.4,0.49,0.41,2026-07-20,2346,N,VIIRS,n,2.0NRT,287.69,1.33,N
39.59738,32.41932,306.53,0.41,0.37,2026-07-20,2346,N,VIIRS,n,2.0NRT,292.49,1.06,N
39.68217,29.46859,306.25,0.53,0.42,2026-07-20,2346,N,VIIRS,n,2.0NRT,288.47,1.39,N
39.74564,30.19867,300.54,0.49,0.4,2026-07-20,2346,N,VIIRS,n,2.0NRT,289.34,0.38,N
39.83777,30.29817,305.51,0.49,0.4,2026-07-20,2346,N,VIIRS,n,2.0NRT,289.02,1.0,N
39.86738,26.24542,305.66,0.51,0.49,2026-07-20,2346,N,VIIRS,n,2.0NRT,292.39,2.12,N
39.86784,26.24561,303.88,0.5,0.49,2026-07-20,2346,N,VIIRS,n,2.0NRT,292.25,0.64,N
39.90021,28.87056,314.4,0.56,0.43,2026-07-20,2346,N,VIIRS,n,2.0NRT,288.62,1.56,N
38.75126,26.93725,306.24,0.7,0.75,2026-07-21,126,N,VIIRS,n,2.0NRT,290.6,2.44,N
35.52623,44.34526,352.01,0.39,0.6,2026-07-21,926,N,VIIRS,n,2.0NRT,321.15,4.81,D
35.5304,44.33887,350.05,0.39,0.6,2026-07-21,926,N,VIIRS,n,2.0NRT,319.9,4.81,D
35.53155,44.34322,367.0,0.39,0.6,2026-07-21,926,N,VIIRS,h,2.0NRT,321.06,4.81,D
35.62547,44.00967,355.2,0.41,0.6,2026-07-21,926,N,VIIRS,n,2.0NRT,322.39,15.05,D
35.62663,44.01411,367.0,0.41,0.6,2026-07-21,926,N,VIIRS,h,2.0NRT,325.91,20.45,D
35.63082,44.00738,355.39,0.41,0.6,2026-07-21,926,N,VIIRS,n,2.0NRT,318.99,17.72,D
35.63098,44.01308,367.0,0.41,0.6,2026-07-21,926,N,VIIRS,h,2.0NRT,323.4,33.77,D
35.63197,44.01181,367.0,0.41,0.6,2026-07-21,926,N,VIIRS,h,2.0NRT,323.04,23.2,D
35.66059,43.96783,367.0,0.41,0.61,2026-07-21,926,N,VIIRS,h,2.0NRT,323.68,13.23,D
35.68379,43.87523,348.7,0.41,0.61,2026-07-21,926,N,VIIRS,n,2.0NRT,320.04,41.32,D
35.68497,43.87968,367.0,0.41,0.61,2026-07-21,926,N,VIIRS,h,2.0NRT,332.28,41.32,D
35.68754,43.87732,355.08,0.41,0.61,2026-07-21,926,N,VIIRS,n,2.0NRT,321.91,18.42,D
35.72176,44.04155,355.06,0.4,0.6,2026-07-21,926,N,VIIRS,n,2.0NRT,321.52,18.34,D
35.72293,44.04602,354.27,0.4,0.6,2026-07-21,926,N,VIIRS,n,2.0NRT,320.04,19.61,D
35.72718,44.03964,367.0,0.4,0.6,2026-07-21,926,N,VIIRS,h,2.0NRT,320.32,16.36,D
35.77335,43.9967,353.76,0.4,0.6,2026-07-21,926,N,VIIRS,n,2.0NRT,319.83,8.78,D
35.99724,43.51506,350.41,0.42,0.61,2026-07-21,926,N,VIIRS,n,2.0NRT,315.93,11.15,D
35.99771,43.76174,351.28,0.41,0.61,2026-07-21,926,N,VIIRS,n,2.0NRT,316.01,6.23,D
36.1956,42.16753,357.11,0.49,0.65,2026-07-21,926,N,VIIRS,n,2.0NRT,316.63,17.55,D
36.2014,42.16512,349.79,0.49,0.65,2026-07-21,926,N,VIIRS,n,2.0NRT,317.22,17.55,D
36.2029,42.17042,367.0,0.49,0.65,2026-07-21,926,N,VIIRS,h,2.0NRT,315.04,17.55,D
36.27958,42.98126,351.78,0.44,0.63,2026-07-21,926,N,VIIRS,n,2.0NRT,316.16,20.28,D
36.2809,42.98602,367.0,0.44,0.63,2026-07-21,926,N,VIIRS,h,2.0NRT,315.28,20.28,D
36.28515,42.97895,345.41,0.44,0.63,2026-07-21,926,N,VIIRS,n,2.0NRT,314.54,45.05,D
36.28646,42.98372,367.0,0.44,0.63,2026-07-21,926,N,VIIRS,h,2.0NRT,316.56,45.05,D
36.28778,42.98853,343.27,0.44,0.63,2026-07-21,926,N,VIIRS,n,2.0NRT,314.94,19.3,D
36.55354,40.71486,352.8,0.57,0.69,2026-07-21,926,N,VIIRS,n,2.0NRT,315.83,10.98,D
36.5554,43.47367,344.86,0.41,0.61,2026-07-21,926,N,VIIRS,n,2.0NRT,310.38,7.89,D
36.55658,43.47808,356.3,0.41,0.61,2026-07-21,926,N,VIIRS,n,2.0NRT,316.67,18.62,D
36.55778,43.48252,367.0,0.41,0.61,2026-07-21,926,N,VIIRS,h,2.0NRT,316.32,18.62,D
36.61606,38.58512,356.42,0.73,0.76,2026-07-21,926,N,VIIRS,n,2.0NRT,320.8,15.67,D
36.63102,38.30489,339.41,0.75,0.77,2026-07-21,926,N,VIIRS,n,2.0NRT,314.19,7.44,D
36.63243,38.38068,353.16,0.74,0.76,2026-07-21,926,N,VIIRS,n,2.0NRT,317.98,16.84,D
36.63371,38.31313,367.0,0.75,0.77,2026-07-21,926,N,VIIRS,h,2.0NRT,314.67,14.96,D
36.63513,38.38047,355.68,0.74,0.76,2026-07-21,926,N,VIIRS,n,2.0NRT,316.07,19.83,D
36.6367,38.31269,356.07,0.75,0.77,2026-07-21,926,N,VIIRS,n,2.0NRT,313.16,12.56,D
36.65091,43.5675,342.95,0.4,0.6,2026-07-21,926,N,VIIRS,n,2.0NRT,315.38,2.95,D
36.66067,43.69151,367.0,0.4,0.6,2026-07-21,926,N,VIIRS,h,2.0NRT,315.27,9.6,D
36.66125,43.69259,367.0,0.4,0.6,2026-07-21,926,N,VIIRS,h,2.0NRT,317.33,12.49,D
36.66188,43.69599,349.91,0.4,0.6,2026-07-21,926,N,VIIRS,n,2.0NRT,318.09,10.75,D
36.66764,41.05565,367.0,0.54,0.68,2026-07-21,926,N,VIIRS,h,2.0NRT,318.48,9.49,D
36.67366,41.05301,346.25,0.54,0.68,2026-07-21,926,N,VIIRS,n,2.0NRT,317.32,6.56,D
36.72791,39.89684,343.69,0.62,0.71,2026-07-21,926,N,VIIRS,n,2.0NRT,312.61,8.5,D
36.94319,42.17315,349.74,0.47,0.64,2026-07-21,926,N,VIIRS,n,2.0NRT,315.77,6.13,D
37.00049,40.91499,351.22,0.54,0.68,2026-07-21,926,N,VIIRS,n,2.0NRT,320.02,17.27,D
37.0034,40.91609,367.0,0.54,0.68,2026-07-21,926,N,VIIRS,h,2.0NRT,320.03,9.88,D
37.03696,38.48791,352.42,0.71,0.75,2026-07-21,926,N,VIIRS,n,2.0NRT,316.06,18.55,D
37.0393,38.48835,367.0,0.71,0.75,2026-07-21,926,N,VIIRS,h,2.0NRT,315.87,12.14,D
37.04175,38.49609,341.95,0.71,0.75,2026-07-21,926,N,VIIRS,n,2.0NRT,314.43,12.14,D
37.04182,38.55018,348.35,0.71,0.75,2026-07-21,926,N,VIIRS,n,2.0NRT,320.55,15.91,D
37.04387,38.55084,352.33,0.71,0.75,2026-07-21,926,N,VIIRS,n,2.0NRT,320.82,16.78,D
37.07485,41.46084,350.44,0.51,0.66,2026-07-21,926,N,VIIRS,n,2.0NRT,318.25,13.38,D
37.10696,40.2413,354.73,0.58,0.7,2026-07-21,926,N,VIIRS,n,2.0NRT,315.89,13.05,D
37.10735,40.24175,354.66,0.58,0.7,2026-07-21,926,N,VIIRS,n,2.0NRT,315.15,11.81,D
38.73804,43.20947,334.82,0.37,0.58,2026-07-21,926,N,VIIRS,n,2.0NRT,301.89,5.61,D
40.8194,43.84464,337.57,0.61,0.54,2026-07-21,926,N,VIIRS,n,2.0NRT,299.94,3.85,D
40.2037,38.15203,342.12,0.6,0.71,2026-07-21,928,N,VIIRS,n,2.0NRT,304.95,6.66,D
40.20466,38.15374,341.07,0.6,0.71,2026-07-21,928,N,VIIRS,n,2.0NRT,304.86,4.76,D
35.53143,44.34222,357.03,0.49,0.65,2026-07-21,1106,N,VIIRS,n,2.0NRT,319.85,7.82,D
35.5316,44.33935,349.64,0.49,0.65,2026-07-21,1106,N,VIIRS,n,2.0NRT,318.9,6.31,D
35.56598,44.28699,352.18,0.49,0.65,2026-07-21,1106,N,VIIRS,n,2.0NRT,321.79,5.98,D
35.62692,44.00824,349.15,0.47,0.64,2026-07-21,1106,N,VIIRS,n,2.0NRT,321.88,20.97,D
35.62716,44.01353,367.0,0.47,0.64,2026-07-21,1106,N,VIIRS,h,2.0NRT,325.62,20.97,D
35.66114,43.96806,358.09,0.47,0.64,2026-07-21,1106,N,VIIRS,n,2.0NRT,321.27,13.26,D
35.68092,43.88171,351.38,0.46,0.64,2026-07-21,1106,N,VIIRS,n,2.0NRT,318.22,14.83,D
35.68356,43.87903,356.3,0.46,0.64,2026-07-21,1106,N,VIIRS,n,2.0NRT,330.26,55.83,D
35.68661,43.87595,346.53,0.46,0.64,2026-07-21,1106,N,VIIRS,n,2.0NRT,320.05,27.8,D
35.68687,43.88126,367.0,0.46,0.64,2026-07-21,1106,N,VIIRS,h,2.0NRT,323.79,27.8,D
35.7208,44.04165,354.8,0.47,0.64,2026-07-21,1106,N,VIIRS,n,2.0NRT,319.73,17.17,D
35.72511,44.04372,367.0,0.47,0.64,2026-07-21,1106,N,VIIRS,h,2.0NRT,323.85,31.89,D
35.72657,44.03566,351.07,0.47,0.64,2026-07-21,1106,N,VIIRS,n,2.0NRT,319.39,12.99,D
35.72681,44.04099,367.0,0.47,0.64,2026-07-21,1106,N,VIIRS,h,2.0NRT,318.88,12.99,D
35.72705,44.04639,349.93,0.47,0.64,2026-07-21,1106,N,VIIRS,n,2.0NRT,318.99,22.9,D
35.77314,43.99918,355.76,0.47,0.64,2026-07-21,1106,N,VIIRS,n,2.0NRT,320.7,7.33,D
35.84504,44.09254,342.48,0.48,0.64,2026-07-21,1106,N,VIIRS,n,2.0NRT,314.98,19.85,D
35.84529,44.09799,344.62,0.48,0.64,2026-07-21,1106,N,VIIRS,n,2.0NRT,314.51,32.3,D
35.85108,44.09207,345.04,0.48,0.64,2026-07-21,1106,N,VIIRS,n,2.0NRT,315.73,19.85,D
35.85133,44.0975,367.0,0.48,0.64,2026-07-21,1106,N,VIIRS,h,2.0NRT,318.89,32.3,D
35.85216,36.83281,349.67,0.57,0.43,2026-07-21,1106,N,VIIRS,n,2.0NRT,318.16,10.82,D
35.98277,43.77472,349.6,0.46,0.63,2026-07-21,1106,N,VIIRS,n,2.0NRT,317.4,9.75,D
35.99686,43.76516,348.26,0.46,0.63,2026-07-21,1106,N,VIIRS,n,2.0NRT,315.44,7.25,D
36.01217,36.87498,351.82,0.38,0.44,2026-07-21,1106,N,VIIRS,n,2.0NRT,318.31,7.82,D
36.01275,36.87576,348.88,0.38,0.44,2026-07-21,1106,N,VIIRS,n,2.0NRT,319.19,6.51,D
36.01706,43.68538,348.31,0.45,0.63,2026-07-21,1106,N,VIIRS,n,2.0NRT,317.41,10.25,D
36.02078,37.93457,350.98,0.44,0.46,2026-07-21,1106,N,VIIRS,n,2.0NRT,318.56,14.7,D
36.04019,37.02663,355.67,0.39,0.44,2026-07-21,1106,N,VIIRS,n,2.0NRT,318.38,19.05,D
36.14133,37.37081,346.8,0.41,0.45,2026-07-21,1106,N,VIIRS,n,2.0NRT,316.47,9.21,D
36.1484,43.38233,350.61,0.44,0.62,2026-07-21,1106,N,VIIRS,n,2.0NRT,314.43,9.93,D
36.15235,43.70491,367.0,0.46,0.63,2026-07-21,1106,N,VIIRS,h,2.0NRT,315.01,13.01,D
36.25901,44.02936,367.0,0.48,0.64,2026-07-21,1106,N,VIIRS,h,2.0NRT,317.18,26.55,D
36.25924,44.03472,340.57,0.48,0.64,2026-07-21,1106,N,VIIRS,n,2.0NRT,311.34,18.72,D
36.26505,44.02906,367.0,0.48,0.64,2026-07-21,1106,N,VIIRS,h,2.0NRT,314.01,26.55,D
36.26529,44.03442,352.47,0.48,0.64,2026-07-21,1106,N,VIIRS,n,2.0NRT,311.74,18.72,D
36.28078,39.0062,355.56,0.5,0.49,2026-07-21,1106,N,VIIRS,n,2.0NRT,318.46,9.09,D
36.31494,43.35583,367.0,0.44,0.62,2026-07-21,1106,N,VIIRS,h,2.0NRT,319.65,21.78,D
36.31556,43.35581,367.0,0.44,0.62,2026-07-21,1106,N,VIIRS,h,2.0NRT,320.05,18.12,D
36.32077,43.35542,356.45,0.44,0.62,2026-07-21,1106,N,VIIRS,n,2.0NRT,318.86,11.77,D
36.32101,43.3604,367.0,0.44,0.62,2026-07-21,1106,N,VIIRS,h,2.0NRT,315.99,11.77,D
36.32684,43.36001,367.0,0.44,0.62,2026-07-21,1106,N,VIIRS,h,2.0NRT,315.77,11.77,D
36.38472,37.54641,350.25,0.42,0.45,2026-07-21,1106,N,VIIRS,n,2.0NRT,321.32,12.54,D
36.41088,42.95604,342.93,0.42,0.61,2026-07-21,1106,N,VIIRS,n,2.0NRT,311.99,11.23,D
36.5342,33.25703,351.61,0.42,0.38,2026-07-21,1106,N,VIIRS,n,2.0NRT,314.18,3.17,D
36.53482,33.26169,347.05,0.42,0.38,2026-07-21,1106,N,VIIRS,n,2.0NRT,313.57,5.05,D
36.55904,43.48377,345.47,0.45,0.63,2026-07-21,1106,N,VIIRS,n,2.0NRT,315.42,6.5,D
36.62649,40.36956,345.31,0.6,0.53,2026-07-21,1106,N,VIIRS,n,2.0NRT,317.86,8.63,D
36.62699,40.36773,345.51,0.6,0.53,2026-07-21,1106,N,VIIRS,n,2.0NRT,318.16,11.1,D
36.6455,38.37698,367.0,0.47,0.48,2026-07-21,1106,N,VIIRS,h,2.0NRT,339.81,45.97,D
36.67987,38.66255,367.0,0.49,0.48,2026-07-21,1106,N,VIIRS,h,2.0NRT,332.21,13.5,D
36.68037,38.66817,355.4,0.49,0.48,2026-07-21,1106,N,VIIRS,n,2.0NRT,330.21,12.05,D
36.68086,38.67376,355.94,0.49,0.48,2026-07-21,1106,N,VIIRS,n,2.0NRT,328.84,12.05,D
36.71848,36.20026,339.88,0.55,0.42,2026-07-21,1106,N,VIIRS,n,2.0NRT,309.0,12.01,D
36.76403,42.06069,367.0,0.37,0.58,2026-07-21,1106,N,VIIRS,h,2.0NRT,321.22,10.62,D
36.76467,42.06031,367.0,0.37,0.58,2026-07-21,1106,N,VIIRS,h,2.0NRT,320.12,8.32,D
36.8193,40.1268,347.7,0.59,0.52,2026-07-21,1106,N,VIIRS,n,2.0NRT,321.54,12.61,D
36.82143,40.1315,367.0,0.59,0.53,2026-07-21,1106,N,VIIRS,h,2.0NRT,321.6,15.73,D
36.82367,40.11956,354.95,0.58,0.52,2026-07-21,1106,N,VIIRS,n,2.0NRT,323.93,12.29,D
36.84481,38.53689,367.0,0.48,0.48,2026-07-21,1106,N,VIIRS,h,2.0NRT,327.09,10.93,D
37.03138,41.50721,352.26,0.35,0.57,2026-07-21,1106,N,VIIRS,n,2.0NRT,322.24,3.7,D
37.03162,41.51124,367.0,0.35,0.57,2026-07-21,1106,N,VIIRS,h,2.0NRT,321.57,3.7,D
37.03289,41.50902,367.0,0.35,0.57,2026-07-21,1106,N,VIIRS,h,2.0NRT,324.26,6.46,D
37.10564,35.8205,343.58,0.53,0.42,2026-07-21,1106,N,VIIRS,n,2.0NRT,303.98,9.2,D
37.21035,40.75677,350.73,0.32,0.55,2026-07-21,1106,N,VIIRS,n,2.0NRT,323.12,7.06,D
37.24371,37.04793,355.9,0.41,0.45,2026-07-21,1106,N,VIIRS,n,2.0NRT,324.29,13.83,D
37.32628,37.14589,352.44,0.41,0.45,2026-07-21,1106,N,VIIRS,n,2.0NRT,318.6,16.73,D
37.76106,29.29507,367.0,0.39,0.36,2026-07-21,1106,N,VIIRS,h,2.0NRT,322.28,11.94,D
37.9408,30.66483,350.01,0.38,0.36,2026-07-21,1106,N,VIIRS,n,2.0NRT,319.79,5.25,D
39.32507,26.97029,340.22,0.42,0.38,2026-07-21,1108,N,VIIRS,n,2.0NRT,313.35,15.04,D
39.32848,26.96923,339.23,0.42,0.38,2026-07-21,1108,N,VIIRS,n,2.0NRT,309.59,4.0,D
39.69586,32.90541,349.92,0.43,0.38,2026-07-21,1108,N,VIIRS,n,2.0NRT,318.85,9.89,D
40.15479,44.2068,367.0,0.52,0.67,2026-07-21,1108,N,VIIRS,h,2.0NRT,309.19,17.78,D
40.17194,31.49775,343.98,0.4,0.37,2026-07-21,1108,N,VIIRS,n,2.0NRT,312.18,196.39,D
40.17402,31.48746,341.07,0.4,0.37,2026-07-21,1108,N,VIIRS,n,2.0NRT,315.34,32.26,D
40.17467,31.4922,367.0,0.4,0.37,2026-07-21,1108,N,VIIRS,h,2.0NRT,328.34,196.39,D
40.21152,33.13965,344.55,0.45,0.39,2026-07-21,1108,N,VIIRS,n,2.0NRT,318.35,23.18,D
40.27969,32.75633,352.03,0.43,0.38,2026-07-21,1108,N,VIIRS,n,2.0NRT,321.73,15.89,D
40.29685,27.19678,346.56,0.41,0.37,2026-07-21,1108,N,VIIRS,n,2.0NRT,306.37,6.28,D
40.29745,27.19939,347.67,0.41,0.37,2026-07-21,1108,N,VIIRS,n,2.0NRT,308.42,11.39,D
40.29767,27.20146,333.11,0.41,0.37,2026-07-21,1108,N,VIIRS,n,2.0NRT,303.28,6.28,D
40.30301,43.88117,347.24,0.5,0.66,2026-07-21,1108,N,VIIRS,n,2.0NRT,310.22,4.51,D
40.30901,43.87547,351.76,0.5,0.66,2026-07-21,1108,N,VIIRS,n,2.0NRT,307.68,6.31,D
40.30917,43.88104,344.96,0.5,0.66,2026-07-21,1108,N,VIIRS,n,2.0NRT,307.07,6.31,D
41.15637,36.84031,336.05,0.44,0.46,2026-07-21,1108,N,VIIRS,n,2.0NRT,297.09,3.38,D
41.22967,32.69969,346.83,0.44,0.38,2026-07-21,1108,N,VIIRS,n,2.0NRT,316.8,10.62,D
41.24216,36.46703,344.42,0.42,0.45,2026-07-21,1108,N,VIIRS,n,2.0NRT,302.37,5.25,D
41.26391,31.42898,339.78,0.41,0.37,2026-07-21,1108,N,VIIRS,n,2.0NRT,309.65,5.85,D
35.52652,44.34231,323.67,0.57,0.43,2026-07-21,2326,N,VIIRS,n,2.0NRT,300.37,5.65,N
35.53172,44.33736,331.64,0.57,0.43,2026-07-21,2326,N,VIIRS,n,2.0NRT,303.54,5.65,N
35.53564,44.33854,325.5,0.57,0.43,2026-07-21,2326,N,VIIRS,n,2.0NRT,300.77,5.15,N
35.56407,44.2819,319.07,0.57,0.43,2026-07-21,2326,N,VIIRS,n,2.0NRT,299.86,3.05,N
35.56797,44.28307,315.83,0.57,0.43,2026-07-21,2326,N,VIIRS,n,2.0NRT,301.04,3.05,N
35.62908,44.00677,329.58,0.55,0.43,2026-07-21,2326,N,VIIRS,n,2.0NRT,309.54,31.03,N
35.63291,44.008,317.27,0.55,0.43,2026-07-21,2326,N,VIIRS,n,2.0NRT,299.35,31.03,N
35.66122,43.9677,313.64,0.54,0.42,2026-07-21,2326,N,VIIRS,n,2.0NRT,301.12,4.39,N
35.6618,43.96621,332.32,0.55,0.42,2026-07-21,2326,N,VIIRS,n,2.0NRT,302.86,7.46,N
35.66246,43.96177,331.14,0.54,0.42,2026-07-21,2326,N,VIIRS,n,2.0NRT,302.11,4.39,N
35.6771,44.06779,312.8,0.55,0.43,2026-07-21,2326,N,VIIRS,n,2.0NRT,301.24,3.8,N
35.68467,43.87477,327.54,0.54,0.42,2026-07-21,2326,N,VIIRS,n,2.0NRT,306.31,30.95,N
35.68474,43.87307,332.26,0.54,0.42,2026-07-21,2326,N,VIIRS,n,2.0NRT,299.5,47.51,N
35.68848,43.87593,339.82,0.54,0.42,2026-07-21,2326,N,VIIRS,n,2.0NRT,303.6,30.95,N
35.72301,44.04342,322.83,0.55,0.43,2026-07-21,2326,N,VIIRS,n,2.0NRT,302.43,5.77,N
35.72424,44.03748,332.14,0.55,0.43,2026-07-21,2326,N,VIIRS,n,2.0NRT,303.24,6.64,N
35.72686,44.04457,316.61,0.55,0.43,2026-07-21,2326,N,VIIRS,n,2.0NRT,302.66,5.77,N
35.72809,44.03859,331.62,0.55,0.43,2026-07-21,2326,N,VIIRS,n,2.0NRT,303.81,6.64,N
35.72931,44.03267,329.2,0.55,0.42,2026-07-21,2326,N,VIIRS,n,2.0NRT,303.29,6.64,N
35.77389,43.99627,341.96,0.54,0.42,2026-07-21,2326,N,VIIRS,n,2.0NRT,303.39,11.26,N
35.98275,43.77055,336.37,0.53,0.42,2026-07-21,2326,N,VIIRS,n,2.0NRT,303.19,7.46,N
36.00013,43.76385,328.27,0.53,0.42,2026-07-21,2326,N,VIIRS,n,2.0NRT,299.05,3.89,N
36.02119,43.67935,310.27,0.52,0.42,2026-07-21,2326,N,VIIRS,n,2.0NRT,299.42,4.88,N
36.06133,41.85021,308.99,0.44,0.38,2026-07-21,2326,N,VIIRS,n,2.0NRT,297.62,1.74,N
36.10102,43.63303,311.53,0.52,0.41,2026-07-21,2326,N,VIIRS,n,2.0NRT,297.22,1.93,N
36.12712,43.77979,313.98,0.52,0.42,2026-07-21,2326,N,VIIRS,n,2.0NRT,301.27,4.15,N
36.13253,40.81193,314.38,0.41,0.37,2026-07-21,2326,N,VIIRS,n,2.0NRT,300.52,1.06,N
36.25296,41.89872,320.15,0.44,0.38,2026-07-21,2326,N,VIIRS,n,2.0NRT,298.68,3.18,N
36.25386,41.89389,316.65,0.44,0.38,2026-07-21,2326,N,VIIRS,n,2.0NRT,299.0,2.27,N
36.25734,41.89487,320.2,0.44,0.38,2026-07-21,2326,N,VIIRS,n,2.0NRT,299.23,2.27,N
36.28469,36.43337,314.75,0.41,0.37,2026-07-21,2326,N,VIIRS,n,2.0NRT,297.54,1.08,N
36.31212,43.75523,314.33,0.52,0.41,2026-07-21,2326,N,VIIRS,n,2.0NRT,299.62,2.42,N
36.48043,39.10093,306.25,0.39,0.36,2026-07-21,2326,N,VIIRS,n,2.0NRT,295.77,0.71,N
36.48112,39.09666,306.75,0.39,0.36,2026-07-21,2326,N,VIIRS,n,2.0NRT,296.5,0.71,N
36.51979,40.79453,311.1,0.41,0.37,2026-07-21,2326,N,VIIRS,n,2.0NRT,300.4,0.69,N
36.60794,40.37133,320.45,0.4,0.37,2026-07-21,2326,N,VIIRS,n,2.0NRT,294.61,2.2,N
36.70776,38.5488,313.38,0.38,0.36,2026-07-21,2326,N,VIIRS,n,2.0NRT,296.74,1.35,N
36.7301,36.21109,316.24,0.42,0.37,2026-07-21,2326,N,VIIRS,n,2.0NRT,296.86,2.16,N
36.73287,43.28142,319.03,0.49,0.4,2026-07-21,2326,N,VIIRS,n,2.0NRT,299.68,1.7,N
36.73353,36.21182,312.73,0.42,0.37,2026-07-21,2326,N,VIIRS,n,2.0NRT,297.74,2.16,N
36.73417,36.20716,306.67,0.42,0.37,2026-07-21,2326,N,VIIRS,n,2.0NRT,296.65,2.72,N
36.7376,36.20789,315.02,0.42,0.37,2026-07-21,2326,N,VIIRS,n,2.0NRT,297.84,3.85,N
36.8712,34.76226,310.37,0.47,0.39,2026-07-21,2326,N,VIIRS,n,2.0NRT,296.19,2.06,N
36.91124,42.77796,312.86,0.46,0.39,2026-07-21,2326,N,VIIRS,n,2.0NRT,295.72,1.46,N
36.91491,41.89316,306.91,0.43,0.38,2026-07-21,2326,N,VIIRS,n,2.0NRT,293.86,0.46,N
36.9287,38.41608,309.8,0.38,0.36,2026-07-21,2326,N,VIIRS,n,2.0NRT,293.88,0.88,N
36.93178,36.00135,308.43,0.42,0.38,2026-07-21,2326,N,VIIRS,n,2.0NRT,296.35,1.58,N
36.94298,42.17268,329.28,0.44,0.38,2026-07-21,2326,N,VIIRS,n,2.0NRT,298.9,3.54,N
36.94684,42.13256,331.78,0.44,0.38,2026-07-21,2326,N,VIIRS,n,2.0NRT,300.17,3.53,N
36.95031,42.13359,316.0,0.44,0.38,2026-07-21,2326,N,VIIRS,n,2.0NRT,298.14,3.53,N
37.01872,41.46156,323.79,0.42,0.38,2026-07-21,2326,N,VIIRS,n,2.0NRT,295.77,1.72,N
37.01956,41.45691,317.65,0.42,0.38,2026-07-21,2326,N,VIIRS,n,2.0NRT,295.59,1.35,N
37.02039,41.45226,308.49,0.42,0.38,2026-07-21,2326,N,VIIRS,n,2.0NRT,294.36,1.35,N
37.02095,41.45934,314.28,0.42,0.38,2026-07-21,2326,N,VIIRS,n,2.0NRT,294.49,0.95,N
37.0218,41.4547,309.99,0.42,0.38,2026-07-21,2326,N,VIIRS,n,2.0NRT,294.32,0.89,N
37.04525,41.31343,321.19,0.41,0.37,2026-07-21,2326,N,VIIRS,n,2.0NRT,298.5,2.95,N
37.04607,41.30882,330.23,0.41,0.37,2026-07-21,2326,N,VIIRS,n,2.0NRT,298.28,4.61,N
37.04792,41.31144,309.4,0.41,0.37,2026-07-21,2326,N,VIIRS,n,2.0NRT,297.76,1.52,N
37.13532,42.79399,314.45,0.46,0.39,2026-07-21,2326,N,VIIRS,n,2.0NRT,298.04,1.68,N
37.13888,42.79501,328.69,0.46,0.39,2026-07-21,2326,N,VIIRS,n,2.0NRT,297.34,1.68,N
37.15146,37.42877,310.29,0.39,0.36,2026-07-21,2326,N,VIIRS,n,2.0NRT,294.63,0.29,N
37.27679,38.72961,309.54,0.38,0.36,2026-07-21,2326,N,VIIRS,n,2.0NRT,297.21,1.52,N
37.29113,37.03584,309.44,0.4,0.37,2026-07-21,2326,N,VIIRS,n,2.0NRT,293.27,0.43,N
37.29517,37.15588,310.57,0.4,0.37,2026-07-21,2326,N,VIIRS,n,2.0NRT,298.14,1.88,N
37.33943,40.80407,312.36,0.4,0.37,2026-07-21,2326,N,VIIRS,n,2.0NRT,296.66,1.46,N
37.35291,37.16425,311.79,0.4,0.37,2026-07-21,2326,N,VIIRS,n,2.0NRT,297.58,1.11,N
37.42926,36.8985,308.09,0.4,0.37,2026-07-21,2326,N,VIIRS,n,2.0NRT,295.34,1.03,N
37.4294,36.89626,309.56,0.4,0.37,2026-07-21,2326,N,VIIRS,n,2.0NRT,295.83,1.16,N
37.76515,39.0162,315.38,0.38,0.36,2026-07-21,2326,N,VIIRS,n,2.0NRT,293.07,0.98,N
37.76843,39.01703,304.54,0.38,0.36,2026-07-21,2326,N,VIIRS,n,2.0NRT,294.04,0.98,N
37.86517,29.36923,304.26,0.59,0.53,2026-07-21,2326,N,VIIRS,n,2.0NRT,293.61,1.58,N
37.90025,30.49199,303.34,0.51,0.5,2026-07-21,2326,N,VIIRS,n,2.0NRT,292.57,1.13,N
37.91832,40.08079,335.82,0.39,0.36,2026-07-21,2326,N,VIIRS,n,2.0NRT,296.43,2.27,N
37.92161,40.08167,309.6,0.39,0.36,2026-07-21,2326,N,VIIRS,n,2.0NRT,294.86,2.27,N
37.96371,41.70122,307.14,0.42,0.37,2026-07-21,2326,N,VIIRS,n,2.0NRT,296.96,1.35,N
38.43011,27.21541,310.2,0.39,0.59,2026-07-21,2326,N,VIIRS,n,2.0NRT,295.62,1.71,N
38.45606,38.72659,313.56,0.39,0.36,2026-07-21,2326,N,VIIRS,n,2.0NRT,297.61,1.68,N
38.50809,28.04378,303.66,0.35,0.57,2026-07-21,2326,N,VIIRS,n,2.0NRT,291.79,0.54,N
38.65862,30.61497,299.3,0.51,0.5,2026-07-21,2326,N,VIIRS,n,2.0NRT,289.05,1.02,N
38.65999,30.61497,299.42,0.51,0.5,2026-07-21,2326,N,VIIRS,n,2.0NRT,289.33,0.91,N
38.6659,39.2331,308.43,0.38,0.36,2026-07-21,2326,N,VIIRS,n,2.0NRT,295.76,1.1,N
38.71462,41.56691,319.75,0.41,0.37,2026-07-21,2326,N,VIIRS,n,2.0NRT,291.55,1.21,N
38.71797,41.56791,313.4,0.41,0.37,2026-07-21,2326,N,VIIRS,n,2.0NRT,290.88,1.21,N
38.75305,26.93562,319.92,0.41,0.6,2026-07-21,2326,N,VIIRS,n,2.0NRT,293.96,1.79,N
38.85956,35.7653,303.6,0.45,0.39,2026-07-21,2326,N,VIIRS,n,2.0NRT,290.08,0.9,N
39.09189,27.5136,302.41,0.38,0.59,2026-07-21,2326,N,VIIRS,n,2.0NRT,291.16,0.8,N
39.0919,27.51005,302.71,0.38,0.59,2026-07-21,2326,N,VIIRS,n,2.0NRT,291.73,0.62,N
39.11911,27.51675,304.51,0.38,0.59,2026-07-21,2326,N,VIIRS,n,2.0NRT,292.3,0.57,N
39.15492,28.18641,300.59,0.35,0.57,2026-07-21,2326,N,VIIRS,n,2.0NRT,286.39,0.52,N
39.15607,28.18669,299.61,0.35,0.57,2026-07-21,2326,N,VIIRS,n,2.0NRT,286.5,0.54,N
39.48579,30.04057,304.44,0.56,0.52,2026-07-21,2326,N,VIIRS,n,2.0NRT,288.83,1.84,N
39.58461,43.9022,299.17,0.47,0.4,2026-07-21,2326,N,VIIRS,n,2.0NRT,288.32,0.57,N
39.59591,32.41933,304.31,0.43,0.46,2026-07-21,2326,N,VIIRS,n,2.0NRT,290.14,0.88,N
39.65848,39.51076,301.54,0.38,0.36,2026-07-21,2326,N,VIIRS,n,2.0NRT,290.68,0.61,N
39.68199,29.4642,301.76,0.61,0.53,2026-07-21,2326,N,VIIRS,n,2.0NRT,288.23,1.07,N
39.72329,36.93865,301.47,0.42,0.38,2026-07-21,2326,N,VIIRS,n,2.0NRT,288.79,1.11,N
39.83607,30.29762,303.23,0.55,0.51,2026-07-21,2326,N,VIIRS,n,2.0NRT,288.66,1.49,N
39.86481,26.23961,306.17,0.45,0.63,2026-07-21,2326,N,VIIRS,n,2.0NRT,291.24,1.31,N
39.86856,26.24043,308.22,0.45,0.63,2026-07-21,2326,N,VIIRS,n,2.0NRT,292.4,1.26,N
39.92723,40.67056,306.85,0.39,0.36,2026-07-21,2326,N,VIIRS,n,2.0NRT,287.73,0.94,N
39.94756,43.94551,303.39,0.46,0.39,2026-07-21,2326,N,VIIRS,n,2.0NRT,288.7,0.6,N
39.96065,33.14185,301.64,0.4,0.44,2026-07-21,2326,N,VIIRS,n,2.0NRT,288.87,0.82,N
40.05056,32.65171,303.24,0.42,0.45,2026-07-21,2326,N,VIIRS,n,2.0NRT,290.92,0.64,N
40.10517,36.29442,297.37,0.44,0.38,2026-07-21,2326,N,VIIRS,n,2.0NRT,287.31,0.39,N
40.24233,29.92401,301.12,0.58,0.52,2026-07-21,2326,N,VIIRS,n,2.0NRT,291.03,0.98,N
40.26326,30.04123,302.3,0.57,0.52,2026-07-21,2326,N,VIIRS,n,2.0NRT,291.57,0.8,N
40.29747,27.19792,313.93,0.41,0.6,2026-07-21,2326,N,VIIRS,n,2.0NRT,289.31,1.46,N
40.30312,27.19817,302.36,0.41,0.6,2026-07-21,2326,N,VIIRS,n,2.0NRT,289.48,1.46,N
40.41362,39.6582,304.94,0.38,0.36,2026-07-21,2326,N,VIIRS,n,2.0NRT,286.96,0.68,N
41.01897,28.55309,307.28,0.35,0.57,2026-07-21,2326,N,VIIRS,n,2.0NRT,291.65,0.69,N
41.02336,28.5533,312.47,0.35,0.57,2026-07-21,2326,N,VIIRS,n,2.0NRT,293.13,1.3,N
41.02426,28.55356,303.47,0.35,0.57,2026-07-21,2326,N,VIIRS,n,2.0NRT,292.11,0.59,N
41.17612,32.63558,313.27,0.43,0.46,2026-07-21,2326,N,VIIRS,n,2.0NRT,291.73,1.64,N
41.17657,32.63052,304.1,0.43,0.46,2026-07-21,2326,N,VIIRS,n,2.0NRT,290.67,1.74,N
41.18083,32.63107,303.13,0.43,0.46,2026-07-21,2326,N,VIIRS,n,2.0NRT,290.25,1.16,N
41.18934,32.63222,301.63,0.43,0.46,2026-07-21,2326,N,VIIRS,n,2.0NRT,290.56,1.21,N
41.24396,36.46568,333.88,0.45,0.39,2026-07-21,2326,N,VIIRS,n,2.0NRT,294.55,3.99,N
41.25636,31.41174,325.94,0.5,0.49,2026-07-21,2326,N,VIIRS,n,2.0NRT,291.47,3.61,N
41.25673,31.41381,329.75,0.5,0.49,2026-07-21,2326,N,VIIRS,n,2.0NRT,291.32,3.63,N
41.26485,31.42724,321.42,0.5,0.49,2026-07-21,2326,N,VIIRS,n,2.0NRT,292.75,2.19,N
41.26532,31.42117,303.84,0.5,0.49,2026-07-21,2326,N,VIIRS,n,2.0NRT,292.02,2.19,N
41.91925,44.41403,302.29,0.45,0.39,2026-07-21,2326,N,VIIRS,n,2.0NRT,290.11,0.45,N
35.52059,36.30952,308.52,0.41,0.37,2026-07-21,2329,N,VIIRS,n,2.0NRT,297.64,1.68,N
35.87249,36.77879,308.76,0.4,0.37,2026-07-21,2329,N,VIIRS,n,2.0NRT,297.45,0.63,N
36.26532,33.7307,316.15,0.51,0.41,2026-07-21,2329,N,VIIRS,n,2.0NRT,301.61,3.95,N
36.5037,34.18448,307.8,0.49,0.4,2026-07-21,2329,N,VIIRS,n,2.0NRT,297.6,2.53,N
