latitude,longitude,bright_ti4,scan,track,acq_date,acq_time,satellite,instrument,confidence,version,bright_ti5,frp,daynight
39.48345,30.03939,300.06,0.66,0.73,2026-07-27,111,N,VIIRS,n,2.0NRT,282.89,1.52,N
40.75449,29.76395,298.24,0.59,0.7,2026-07-27,111,N,VIIRS,n,2.0NRT,287.75,2.22,N
41.01971,28.55701,302.82,0.51,0.66,2026-07-27,111,N,VIIRS,n,2.0NRT,288.15,0.98,N
41.25233,31.41274,302.45,0.68,0.74,2026-07-27,111,N,VIIRS,n,2.0NRT,287.6,2.23,N
38.42843,27.21823,301.82,0.52,0.67,2026-07-27,113,N,VIIRS,n,2.0NRT,289.95,0.77,N
38.42863,27.21797,302.01,0.52,0.67,2026-07-27,113,N,VIIRS,n,2.0NRT,290.47,1.01,N
38.73951,26.94978,313.21,0.49,0.65,2026-07-27,113,N,VIIRS,n,2.0NRT,290.88,2.45,N
38.74122,26.95134,315.13,0.49,0.65,2026-07-27,113,N,VIIRS,n,2.0NRT,290.58,3.25,N
38.75005,26.93601,301.6,0.49,0.65,2026-07-27,113,N,VIIRS,n,2.0NRT,288.55,0.83,N
38.75187,26.93756,310.9,0.49,0.65,2026-07-27,113,N,VIIRS,n,2.0NRT,289.3,0.92,N
39.1168,27.51772,310.82,0.51,0.66,2026-07-27,113,N,VIIRS,n,2.0NRT,288.27,1.34,N
39.1173,27.51804,310.69,0.51,0.66,2026-07-27,113,N,VIIRS,n,2.0NRT,288.38,1.94,N
39.60803,27.87828,297.79,0.52,0.67,2026-07-27,113,N,VIIRS,n,2.0NRT,285.7,0.5,N
39.60818,27.87852,297.87,0.52,0.67,2026-07-27,113,N,VIIRS,n,2.0NRT,285.75,0.73,N
39.86259,26.24389,301.69,0.42,0.61,2026-07-27,113,N,VIIRS,n,2.0NRT,288.45,0.2,N
39.86564,26.24362,308.71,0.42,0.61,2026-07-27,113,N,VIIRS,n,2.0NRT,290.63,0.91,N
35.52662,44.3425,346.46,0.58,0.69,2026-07-27,913,N,VIIRS,n,2.0NRT,316.82,7.07,D
35.53279,44.33992,367.0,0.58,0.69,2026-07-27,913,N,VIIRS,h,2.0NRT,316.54,7.07,D
35.56477,44.28374,345.29,0.58,0.7,2026-07-27,913,N,VIIRS,n,2.0NRT,317.75,8.26,D
35.63022,44.00728,355.63,0.6,0.7,2026-07-27,913,N,VIIRS,n,2.0NRT,318.8,26.27,D
35.63214,44.01375,367.0,0.6,0.7,2026-07-27,913,N,VIIRS,h,2.0NRT,319.31,29.19,D
35.66015,43.96561,346.03,0.6,0.7,2026-07-27,913,N,VIIRS,n,2.0NRT,319.66,9.52,D
35.68287,43.88029,367.0,0.6,0.71,2026-07-27,913,N,VIIRS,h,2.0NRT,324.46,30.91,D
35.68916,43.87766,367.0,0.6,0.71,2026-07-27,913,N,VIIRS,h,2.0NRT,318.33,30.91,D
35.72313,44.03867,348.5,0.59,0.7,2026-07-27,913,N,VIIRS,n,2.0NRT,316.65,8.49,D
35.72509,44.04524,349.39,0.59,0.7,2026-07-27,913,N,VIIRS,n,2.0NRT,317.36,8.49,D
35.7737,43.99621,347.75,0.59,0.7,2026-07-27,913,N,VIIRS,n,2.0NRT,317.02,9.28,D
35.77423,43.99712,348.03,0.59,0.7,2026-07-27,913,N,VIIRS,n,2.0NRT,316.76,7.89,D
35.97618,41.7148,367.0,0.76,0.77,2026-07-27,913,N,VIIRS,h,2.0NRT,314.29,17.74,D
35.97964,41.71355,346.71,0.76,0.77,2026-07-27,913,N,VIIRS,n,2.0NRT,312.57,6.09,D
35.97968,43.76966,350.18,0.6,0.71,2026-07-27,913,N,VIIRS,n,2.0NRT,317.0,7.0,D
37.00415,41.06447,348.44,0.77,0.77,2026-07-27,913,N,VIIRS,n,2.0NRT,313.2,12.4,D
37.0374,41.85091,342.66,0.7,0.75,2026-07-27,913,N,VIIRS,n,2.0NRT,315.09,7.02,D
37.03979,41.85849,346.86,0.7,0.75,2026-07-27,913,N,VIIRS,n,2.0NRT,312.5,7.02,D
37.04273,41.84734,367.0,0.7,0.75,2026-07-27,913,N,VIIRS,h,2.0NRT,312.86,22.68,D
37.04402,41.8479,367.0,0.7,0.75,2026-07-27,913,N,VIIRS,h,2.0NRT,312.17,9.41,D
37.04639,41.85546,339.65,0.7,0.75,2026-07-27,913,N,VIIRS,n,2.0NRT,309.67,9.41,D
40.30757,43.7315,340.1,0.46,0.63,2026-07-27,913,N,VIIRS,n,2.0NRT,304.13,7.65,D
40.30845,43.72865,337.81,0.46,0.63,2026-07-27,913,N,VIIRS,n,2.0NRT,302.41,6.9,D
35.52885,44.34114,367.0,0.32,0.55,2026-07-27,1053,N,VIIRS,h,2.0NRT,324.03,4.4,D
35.53371,44.33693,350.83,0.32,0.55,2026-07-27,1053,N,VIIRS,n,2.0NRT,321.04,4.4,D
35.53396,44.34054,345.31,0.32,0.55,2026-07-27,1053,N,VIIRS,n,2.0NRT,319.35,4.4,D
35.6097,36.37372,350.96,0.41,0.37,2026-07-27,1053,N,VIIRS,n,2.0NRT,315.34,6.4,D
35.77081,43.99619,351.28,0.62,0.54,2026-07-27,1053,N,VIIRS,n,2.0NRT,324.1,21.06,D
36.08603,41.42635,353.69,0.45,0.47,2026-07-27,1053,N,VIIRS,n,2.0NRT,324.24,24.54,D
36.08689,41.42856,351.76,0.45,0.47,2026-07-27,1053,N,VIIRS,n,2.0NRT,325.54,41.38,D
36.23074,44.36184,344.61,0.33,0.55,2026-07-27,1053,N,VIIRS,n,2.0NRT,318.94,5.73,D
36.23609,44.36417,367.0,0.33,0.55,2026-07-27,1053,N,VIIRS,h,2.0NRT,320.55,14.49,D
36.53274,38.64203,348.5,0.5,0.41,2026-07-27,1053,N,VIIRS,n,2.0NRT,322.42,10.12,D
36.74878,39.62551,350.65,0.56,0.43,2026-07-27,1053,N,VIIRS,n,2.0NRT,321.34,33.13,D
36.81124,40.02696,350.62,0.39,0.44,2026-07-27,1053,N,VIIRS,n,2.0NRT,320.96,9.08,D
36.81147,40.02565,347.05,0.39,0.44,2026-07-27,1053,N,VIIRS,n,2.0NRT,321.3,10.36,D
36.83099,40.22921,367.0,0.4,0.44,2026-07-27,1053,N,VIIRS,h,2.0NRT,325.91,20.03,D
36.8324,40.22749,356.16,0.4,0.44,2026-07-27,1053,N,VIIRS,n,2.0NRT,322.84,13.09,D
36.87202,34.7385,348.96,0.39,0.36,2026-07-27,1053,N,VIIRS,n,2.0NRT,308.76,5.61,D
36.94863,42.13208,356.06,0.51,0.49,2026-07-27,1053,N,VIIRS,n,2.0NRT,323.36,6.04,D
37.01997,35.38393,367.0,0.4,0.37,2026-07-27,1053,N,VIIRS,h,2.0NRT,325.27,84.38,D
37.05,41.8588,355.49,0.49,0.49,2026-07-27,1053,N,VIIRS,n,2.0NRT,326.16,10.67,D
37.05047,41.86433,356.41,0.49,0.49,2026-07-27,1053,N,VIIRS,n,2.0NRT,329.43,59.48,D
37.0545,41.85818,349.93,0.49,0.49,2026-07-27,1053,N,VIIRS,n,2.0NRT,320.61,13.93,D
37.05498,41.86368,349.62,0.49,0.49,2026-07-27,1053,N,VIIRS,n,2.0NRT,320.87,13.47,D
37.53212,39.03389,367.0,0.54,0.42,2026-07-27,1053,N,VIIRS,h,2.0NRT,331.96,86.53,D
38.46584,33.76688,341.66,0.39,0.36,2026-07-27,1053,N,VIIRS,n,2.0NRT,312.78,7.01,D
40.83424,33.22158,338.28,0.39,0.36,2026-07-27,1056,N,VIIRS,n,2.0NRT,307.38,2.36,D
41.09008,28.58719,338.74,0.45,0.39,2026-07-27,1056,N,VIIRS,n,2.0NRT,303.72,3.32,D
41.24273,36.46504,341.75,0.46,0.39,2026-07-27,1056,N,VIIRS,n,2.0NRT,311.0,7.46,D
35.52412,44.34595,325.29,0.42,0.38,2026-07-27,2314,N,VIIRS,n,2.0NRT,296.53,2.79,N
35.52496,44.34135,321.17,0.42,0.38,2026-07-27,2314,N,VIIRS,n,2.0NRT,296.71,4.02,N
35.5284,44.34227,337.01,0.42,0.38,2026-07-27,2314,N,VIIRS,n,2.0NRT,299.85,4.02,N
35.52924,44.33767,331.17,0.42,0.38,2026-07-27,2314,N,VIIRS,n,2.0NRT,299.47,4.02,N
35.53267,44.33858,347.99,0.42,0.38,2026-07-27,2314,N,VIIRS,n,2.0NRT,302.28,7.56,N
35.56411,44.28426,331.02,0.42,0.38,2026-07-27,2314,N,VIIRS,n,2.0NRT,301.07,4.82,N
35.62772,44.00986,342.11,0.41,0.37,2026-07-27,2314,N,VIIRS,n,2.0NRT,313.07,14.03,N
35.62852,44.00534,311.53,0.41,0.37,2026-07-27,2314,N,VIIRS,n,2.0NRT,298.08,5.38,N
35.63111,44.01078,326.51,0.41,0.37,2026-07-27,2314,N,VIIRS,n,2.0NRT,299.35,14.03,N
35.63191,44.00628,307.75,0.41,0.37,2026-07-27,2314,N,VIIRS,n,2.0NRT,296.9,5.38,N
35.6603,43.96646,325.73,0.41,0.37,2026-07-27,2314,N,VIIRS,n,2.0NRT,298.57,3.46,N
35.66313,43.96459,337.66,0.41,0.37,2026-07-27,2314,N,VIIRS,n,2.0NRT,302.06,6.88,N
35.67654,44.06784,316.16,0.42,0.37,2026-07-27,2314,N,VIIRS,n,2.0NRT,299.36,2.16,N
35.67735,44.06333,311.36,0.42,0.37,2026-07-27,2314,N,VIIRS,n,2.0NRT,299.03,2.45,N
35.68229,41.44899,340.89,0.38,0.36,2026-07-27,2314,N,VIIRS,n,2.0NRT,300.43,4.52,N
35.68268,43.87558,338.69,0.41,0.37,2026-07-27,2314,N,VIIRS,n,2.0NRT,298.15,38.38,N
35.68606,43.87648,333.57,0.41,0.37,2026-07-27,2314,N,VIIRS,n,2.0NRT,322.56,38.38,N
35.72382,44.04234,324.9,0.41,0.37,2026-07-27,2314,N,VIIRS,n,2.0NRT,305.68,9.62,N
35.72463,44.03782,315.45,0.41,0.37,2026-07-27,2314,N,VIIRS,n,2.0NRT,299.52,5.42,N
35.72884,44.03418,330.68,0.41,0.37,2026-07-27,2314,N,VIIRS,n,2.0NRT,300.93,5.42,N
35.77055,43.99619,327.85,0.41,0.37,2026-07-27,2314,N,VIIRS,n,2.0NRT,299.78,3.08,N
35.77394,43.99707,331.97,0.41,0.37,2026-07-27,2314,N,VIIRS,n,2.0NRT,302.44,3.08,N
35.88108,36.99237,320.56,0.5,0.41,2026-07-27,2314,N,VIIRS,n,2.0NRT,295.27,2.34,N
35.88483,36.99305,309.81,0.5,0.41,2026-07-27,2314,N,VIIRS,n,2.0NRT,295.36,0.76,N
35.95218,43.72811,325.91,0.41,0.37,2026-07-27,2314,N,VIIRS,n,2.0NRT,299.72,2.2,N
35.95937,43.32272,334.41,0.4,0.37,2026-07-27,2314,N,VIIRS,n,2.0NRT,298.75,6.07,N
35.9803,43.76824,323.3,0.41,0.37,2026-07-27,2314,N,VIIRS,n,2.0NRT,301.9,3.58,N
35.98366,43.76916,331.37,0.41,0.37,2026-07-27,2314,N,VIIRS,n,2.0NRT,302.42,4.1,N
35.99867,43.76389,330.36,0.41,0.37,2026-07-27,2314,N,VIIRS,n,2.0NRT,299.22,2.26,N
35.99945,43.75943,322.6,0.41,0.37,2026-07-27,2314,N,VIIRS,n,2.0NRT,299.82,2.76,N
36.0168,43.68036,307.02,0.4,0.37,2026-07-27,2314,N,VIIRS,n,2.0NRT,294.82,0.79,N
36.02016,43.68124,313.71,0.4,0.37,2026-07-27,2314,N,VIIRS,n,2.0NRT,297.27,1.15,N
36.08407,43.64064,307.33,0.4,0.37,2026-07-27,2314,N,VIIRS,n,2.0NRT,295.98,0.76,N
36.09979,43.63093,317.13,0.4,0.37,2026-07-27,2314,N,VIIRS,n,2.0NRT,295.91,1.46,N
36.1149,36.20261,305.21,0.54,0.42,2026-07-27,2314,N,VIIRS,n,2.0NRT,295.17,0.93,N
36.13028,40.80985,311.41,0.39,0.36,2026-07-27,2314,N,VIIRS,n,2.0NRT,296.44,0.77,N
36.22031,36.4342,307.96,0.53,0.42,2026-07-27,2314,N,VIIRS,n,2.0NRT,295.27,1.29,N
36.26188,33.72808,308.84,0.49,0.48,2026-07-27,2314,N,VIIRS,n,2.0NRT,298.71,2.87,N
36.45819,41.28208,308.72,0.39,0.36,2026-07-27,2314,N,VIIRS,n,2.0NRT,296.36,0.64,N
36.48428,38.62387,307.15,0.44,0.38,2026-07-27,2314,N,VIIRS,n,2.0NRT,293.93,0.46,N
36.48515,38.62247,314.13,0.44,0.38,2026-07-27,2314,N,VIIRS,n,2.0NRT,294.09,1.57,N
36.48779,38.62459,304.84,0.44,0.38,2026-07-27,2314,N,VIIRS,n,2.0NRT,294.08,0.46,N
36.54074,44.484,308.98,0.42,0.38,2026-07-27,2314,N,VIIRS,n,2.0NRT,296.66,1.67,N
36.57063,37.02887,304.22,0.5,0.41,2026-07-27,2314,N,VIIRS,n,2.0NRT,292.68,0.52,N
36.65283,40.75484,320.28,0.39,0.36,2026-07-27,2314,N,VIIRS,n,2.0NRT,295.7,1.89,N
36.65348,40.7505,328.19,0.39,0.36,2026-07-27,2314,N,VIIRS,n,2.0NRT,294.78,1.66,N
36.65412,40.74615,314.52,0.39,0.36,2026-07-27,2314,N,VIIRS,n,2.0NRT,294.25,1.66,N
36.6568,40.75127,304.72,0.39,0.36,2026-07-27,2314,N,VIIRS,n,2.0NRT,294.02,1.31,N
36.65744,40.74692,323.7,0.39,0.36,2026-07-27,2314,N,VIIRS,n,2.0NRT,294.74,1.31,N
36.65947,40.75637,311.73,0.39,0.36,2026-07-27,2314,N,VIIRS,n,2.0NRT,294.6,0.99,N
36.68019,39.66349,300.27,0.41,0.37,2026-07-27,2314,N,VIIRS,n,2.0NRT,289.85,0.36,N
36.71769,36.19946,336.86,0.55,0.43,2026-07-27,2314,N,VIIRS,n,2.0NRT,296.97,7.7,N
36.72882,36.20776,309.21,0.55,0.43,2026-07-27,2314,N,VIIRS,n,2.0NRT,295.73,2.64,N
36.72995,43.28178,310.02,0.39,0.36,2026-07-27,2314,N,VIIRS,n,2.0NRT,298.33,1.83,N
36.73275,40.85661,307.93,0.39,0.36,2026-07-27,2314,N,VIIRS,n,2.0NRT,293.04,0.55,N
36.73276,36.20843,311.16,0.55,0.43,2026-07-27,2314,N,VIIRS,n,2.0NRT,298.29,2.26,N
36.73339,40.85227,303.75,0.39,0.36,2026-07-27,2314,N,VIIRS,n,2.0NRT,293.1,0.55,N
36.736,41.89676,303.47,0.38,0.36,2026-07-27,2314,N,VIIRS,n,2.0NRT,292.84,0.45,N
36.73606,40.85738,304.75,0.39,0.36,2026-07-27,2314,N,VIIRS,n,2.0NRT,294.04,0.64,N
36.73669,36.20912,313.07,0.55,0.43,2026-07-27,2314,N,VIIRS,n,2.0NRT,299.48,2.26,N
36.73671,40.85304,306.65,0.39,0.36,2026-07-27,2314,N,VIIRS,n,2.0NRT,294.16,0.64,N
36.73735,40.8487,326.32,0.39,0.36,2026-07-27,2314,N,VIIRS,n,2.0NRT,294.87,2.23,N
36.73864,40.84001,310.86,0.39,0.36,2026-07-27,2314,N,VIIRS,n,2.0NRT,293.67,1.21,N
36.74063,36.20982,312.89,0.55,0.43,2026-07-27,2314,N,VIIRS,n,2.0NRT,298.27,2.72,N
36.74743,38.12046,309.93,0.46,0.39,2026-07-27,2314,N,VIIRS,n,2.0NRT,291.33,1.09,N
36.75178,38.66721,305.17,0.44,0.38,2026-07-27,2314,N,VIIRS,n,2.0NRT,292.99,0.67,N
36.75961,41.92027,304.05,0.38,0.36,2026-07-27,2314,N,VIIRS,n,2.0NRT,293.16,0.39,N
36.79797,37.01894,305.07,0.51,0.41,2026-07-27,2314,N,VIIRS,n,2.0NRT,294.13,0.89,N
36.81141,38.31784,305.43,0.45,0.39,2026-07-27,2314,N,VIIRS,n,2.0NRT,295.08,0.92,N
36.86929,34.76355,311.99,0.44,0.46,2026-07-27,2314,N,VIIRS,n,2.0NRT,297.45,2.29,N
36.90731,41.16278,324.08,0.39,0.36,2026-07-27,2314,N,VIIRS,n,2.0NRT,296.57,1.95,N
36.91582,41.89697,304.37,0.38,0.36,2026-07-27,2314,N,VIIRS,n,2.0NRT,293.12,0.3,N
36.94079,42.16972,322.05,0.38,0.36,2026-07-27,2314,N,VIIRS,n,2.0NRT,293.28,1.36,N
36.94407,42.17053,309.12,0.38,0.36,2026-07-27,2314,N,VIIRS,n,2.0NRT,295.43,1.36,N
36.94693,42.13123,335.31,0.38,0.36,2026-07-27,2314,N,VIIRS,n,2.0NRT,300.25,5.2,N
36.96487,42.08037,309.03,0.38,0.36,2026-07-27,2314,N,VIIRS,n,2.0NRT,293.67,0.71,N
37.01276,41.5827,303.43,0.38,0.36,2026-07-27,2314,N,VIIRS,n,2.0NRT,292.82,0.79,N
37.03702,41.11047,310.12,0.39,0.36,2026-07-27,2314,N,VIIRS,n,2.0NRT,294.65,1.25,N
37.04033,41.11124,318.13,0.39,0.36,2026-07-27,2314,N,VIIRS,n,2.0NRT,296.77,1.25,N
37.27591,38.72912,304.21,0.44,0.38,2026-07-27,2314,N,VIIRS,n,2.0NRT,292.88,0.91,N
37.29541,37.15711,309.84,0.51,0.41,2026-07-27,2314,N,VIIRS,n,2.0NRT,295.29,1.46,N
37.33743,40.80229,313.39,0.39,0.36,2026-07-27,2314,N,VIIRS,n,2.0NRT,298.14,1.79,N
37.35162,37.1632,308.07,0.51,0.41,2026-07-27,2314,N,VIIRS,n,2.0NRT,295.76,1.34,N
37.38432,37.1806,299.25,0.51,0.41,2026-07-27,2314,N,VIIRS,n,2.0NRT,287.91,0.26,N
37.38809,37.18128,302.27,0.51,0.41,2026-07-27,2314,N,VIIRS,n,2.0NRT,287.43,0.5,N
37.44405,37.61795,322.89,0.49,0.4,2026-07-27,2314,N,VIIRS,n,2.0NRT,293.37,1.91,N
37.44471,37.61245,316.62,0.49,0.4,2026-07-27,2314,N,VIIRS,n,2.0NRT,292.84,1.91,N
37.79933,39.03838,307.23,0.43,0.38,2026-07-27,2314,N,VIIRS,n,2.0NRT,291.18,0.52,N
37.86018,29.37192,300.82,0.44,0.62,2026-07-27,2314,N,VIIRS,n,2.0NRT,290.32,1.19,N
37.89719,30.49268,302.47,0.38,0.59,2026-07-27,2314,N,VIIRS,n,2.0NRT,292.07,0.9,N
38.41682,43.23917,304.78,0.39,0.36,2026-07-27,2314,N,VIIRS,n,2.0NRT,291.75,0.41,N
38.4248,27.21579,304.83,0.58,0.7,2026-07-27,2314,N,VIIRS,n,2.0NRT,290.36,1.44,N
38.66458,39.23614,305.43,0.44,0.38,2026-07-27,2314,N,VIIRS,n,2.0NRT,293.13,0.53,N
38.75304,26.93717,309.69,0.6,0.71,2026-07-27,2314,N,VIIRS,n,2.0NRT,289.65,1.57,N
38.75568,26.93866,303.71,0.6,0.71,2026-07-27,2314,N,VIIRS,n,2.0NRT,289.0,1.61,N
38.78647,35.32644,301.59,0.43,0.46,2026-07-27,2314,N,VIIRS,n,2.0NRT,287.4,1.14,N
38.7878,35.32594,304.79,0.43,0.46,2026-07-27,2314,N,VIIRS,n,2.0NRT,287.42,0.96,N
38.83653,42.01389,306.47,0.39,0.36,2026-07-27,2314,N,VIIRS,n,2.0NRT,288.19,0.65,N
38.89342,41.56873,303.09,0.39,0.36,2026-07-27,2314,N,VIIRS,n,2.0NRT,293.06,0.54,N
39.48341,30.03765,299.1,0.42,0.61,2026-07-27,2314,N,VIIRS,n,2.0NRT,285.57,1.01,N
39.48696,30.04196,299.79,0.42,0.61,2026-07-27,2314,N,VIIRS,n,2.0NRT,286.58,1.08,N
39.68196,29.46558,301.33,0.45,0.63,2026-07-27,2314,N,VIIRS,n,2.0NRT,287.01,1.11,N
39.83579,30.29822,306.73,0.41,0.6,2026-07-27,2314,N,VIIRS,n,2.0NRT,287.52,1.44,N
39.86418,26.23936,300.21,0.66,0.73,2026-07-27,2314,N,VIIRS,n,2.0NRT,288.36,1.01,N
39.95982,33.14378,297.21,0.58,0.52,2026-07-27,2314,N,VIIRS,n,2.0NRT,285.94,0.94,N
39.96397,44.02264,309.98,0.39,0.36,2026-07-27,2314,N,VIIRS,n,2.0NRT,292.11,0.72,N
40.04887,32.65269,297.03,0.61,0.54,2026-07-27,2314,N,VIIRS,n,2.0NRT,286.38,1.21,N
40.10531,36.29094,295.79,0.4,0.44,2026-07-27,2314,N,VIIRS,n,2.0NRT,283.79,0.63,N
40.24131,29.92367,307.71,0.43,0.62,2026-07-27,2314,N,VIIRS,n,2.0NRT,288.55,1.09,N
40.25921,30.04315,301.06,0.42,0.61,2026-07-27,2314,N,VIIRS,n,2.0NRT,289.06,0.72,N
40.57523,43.00679,300.27,0.38,0.36,2026-07-27,2314,N,VIIRS,n,2.0NRT,286.59,0.74,N
40.75852,31.78258,299.92,0.35,0.56,2026-07-27,2314,N,VIIRS,n,2.0NRT,285.88,0.49,N
40.7826,29.59997,303.85,0.45,0.63,2026-07-27,2314,N,VIIRS,n,2.0NRT,290.7,1.18,N
40.93609,35.88622,296.86,0.43,0.46,2026-07-27,2314,N,VIIRS,n,2.0NRT,286.05,0.44,N
41.01881,28.55298,303.58,0.51,0.66,2026-07-27,2314,N,VIIRS,n,2.0NRT,290.55,1.02,N
41.02681,36.09988,298.73,0.42,0.45,2026-07-27,2314,N,VIIRS,n,2.0NRT,287.02,0.5,N
41.17368,32.63546,304.29,0.63,0.54,2026-07-27,2314,N,VIIRS,n,2.0NRT,287.2,1.61,N
41.17872,32.63604,298.89,0.63,0.54,2026-07-27,2314,N,VIIRS,n,2.0NRT,288.87,1.61,N
41.18879,32.63726,300.72,0.63,0.54,2026-07-27,2314,N,VIIRS,n,2.0NRT,288.39,2.16,N
41.23981,36.46578,310.3,0.4,0.44,2026-07-27,2314,N,VIIRS,n,2.0NRT,289.71,1.39,N
41.24391,36.46648,314.76,0.4,0.44,2026-07-27,2314,N,VIIRS,n,2.0NRT,292.32,1.39,N
41.24437,36.46164,303.27,0.4,0.44,2026-07-27,2314,N,VIIRS,n,2.0NRT,291.97,1.39,N
41.25581,31.41427,319.81,0.36,0.58,2026-07-27,2314,N,VIIRS,n,2.0NRT,287.65,1.65,N
41.26046,31.42824,314.95,0.36,0.58,2026-07-27,2314,N,VIIRS,n,2.0NRT,289.87,1.76,N
41.26583,31.42875,313.92,0.36,0.58,2026-07-27,2314,N,VIIRS,n,2.0NRT,289.72,1.31,N
41.26608,31.42427,308.19,0.36,0.58,2026-07-27,2314,N,VIIRS,n,2.0NRT,291.1,1.87,N
41.64038,32.30859,297.93,0.33,0.55,2026-07-27,2314,N,VIIRS,n,2.0NRT,286.8,0.59,N
37.90184,28.34118,300.23,0.35,0.57,2026-07-28,54,N,VIIRS,n,2.0NRT,289.3,0.4,N
37.90279,28.33994,305.34,0.35,0.57,2026-07-28,54,N,VIIRS,n,2.0NRT,289.54,0.43,N
38.74059,26.9491,321.59,0.57,0.52,2026-07-28,54,N,VIIRS,n,2.0NRT,292.84,5.41,N
38.75294,26.94015,311.51,0.57,0.52,2026-07-28,54,N,VIIRS,n,2.0NRT,291.01,4.85,N
39.09256,27.51279,306.22,0.59,0.53,2026-07-28,54,N,VIIRS,n,2.0NRT,290.38,1.68,N
39.11596,27.52272,302.23,0.59,0.53,2026-07-28,54,N,VIIRS,n,2.0NRT,289.99,1.45,N
39.11755,27.51632,309.59,0.59,0.53,2026-07-28,54,N,VIIRS,n,2.0NRT,291.16,1.45,N
39.11988,27.51777,308.21,0.59,0.53,2026-07-28,54,N,VIIRS,n,2.0NRT,289.98,2.75,N
39.48354,30.03989,304.95,0.39,0.59,2026-07-28,54,N,VIIRS,n,2.0NRT,285.67,1.63,N
39.4847,30.04035,304.87,0.39,0.59,2026-07-28,54,N,VIIRS,n,2.0NRT,285.68,1.52,N
39.86778,26.24212,301.8,0.49,0.49,2026-07-28,54,N,VIIRS,n,2.0NRT,291.59,1.4,N
40.26118,30.0428,300.17,0.37,0.58,2026-07-28,54,N,VIIRS,n,2.0NRT,288.75,0.51,N
40.7555,29.76359,302.87,0.35,0.57,2026-07-28,54,N,VIIRS,n,2.0NRT,290.1,0.71,N
40.75652,31.7842,295.65,0.44,0.62,2026-07-28,54,N,VIIRS,n,2.0NRT,284.34,0.44,N
40.75656,29.75962,301.92,0.35,0.57,2026-07-28,54,N,VIIRS,n,2.0NRT,290.08,1.2,N
41.02067,28.55348,309.1,0.6,0.53,2026-07-28,54,N,VIIRS,n,2.0NRT,291.23,1.83,N
41.02277,36.09915,297.0,0.68,0.74,2026-07-28,54,N,VIIRS,n,2.0NRT,284.48,0.61,N
41.02455,36.09727,299.09,0.68,0.74,2026-07-28,54,N,VIIRS,n,2.0NRT,284.67,1.3,N
41.1741,32.63643,298.94,0.47,0.64,2026-07-28,54,N,VIIRS,n,2.0NRT,285.54,1.17,N
41.17577,32.63082,301.78,0.47,0.64,2026-07-28,54,N,VIIRS,n,2.0NRT,286.12,1.91,N
41.24533,36.46517,301.3,0.7,0.75,2026-07-28,54,N,VIIRS,n,2.0NRT,288.93,1.97,N
41.24551,36.46172,300.31,0.7,0.75,2026-07-28,54,N,VIIRS,n,2.0NRT,289.03,1.72,N
41.25466,31.41513,310.14,0.41,0.6,2026-07-28,54,N,VIIRS,n,2.0NRT,287.86,0.86,N
41.25599,31.4105,304.47,0.41,0.6,2026-07-28,54,N,VIIRS,n,2.0NRT,287.35,0.86,N
41.256,31.43147,307.44,0.41,0.6,2026-07-28,54,N,VIIRS,n,2.0NRT,288.52,0.66,N
41.25727,31.42706,300.22,0.41,0.6,2026-07-28,54,N,VIIRS,n,2.0NRT,288.43,0.86,N
41.26387,31.42512,309.19,0.41,0.6,2026-07-28,54,N,VIIRS,n,2.0NRT,290.94,1.6,N
36.35065,29.43695,309.03,0.44,0.62,2026-07-28,56,N,VIIRS,n,2.0NRT,295.29,4.87,N
36.35167,29.43324,348.08,0.44,0.62,2026-07-28,56,N,VIIRS,n,2.0NRT,296.78,27.76,N
36.35281,29.42909,367.0,0.44,0.62,2026-07-28,56,N,VIIRS,h,2.0NRT,299.85,27.76,N
36.35654,29.43789,306.59,0.44,0.62,2026-07-28,56,N,VIIRS,n,2.0NRT,294.09,8.69,N
36.35782,29.43323,331.06,0.44,0.62,2026-07-28,56,N,VIIRS,n,2.0NRT,303.45,33.84,N
36.3591,29.42858,367.0,0.44,0.62,2026-07-28,56,N,VIIRS,h,2.0NRT,297.72,33.84,N
35.68547,43.87809,367.0,0.52,0.41,2026-07-28,1034,N,VIIRS,h,2.0NRT,339.1,14.61,D
35.69051,41.46843,367.0,0.42,0.38,2026-07-28,1034,N,VIIRS,h,2.0NRT,326.11,6.56,D
35.69112,41.47305,350.96,0.42,0.38,2026-07-28,1034,N,VIIRS,n,2.0NRT,324.44,3.71,D
35.98253,43.76953,351.91,0.51,0.41,2026-07-28,1034,N,VIIRS,n,2.0NRT,326.79,3.48,D
36.51502,39.02615,354.13,0.38,0.36,2026-07-28,1034,N,VIIRS,n,2.0NRT,329.03,3.29,D
36.55458,42.616,353.84,0.47,0.39,2026-07-28,1034,N,VIIRS,n,2.0NRT,328.17,7.43,D
36.56425,42.60353,367.0,0.47,0.39,2026-07-28,1034,N,VIIRS,h,2.0NRT,331.98,22.1,D
36.35599,29.42379,349.11,0.55,0.51,2026-07-28,1036,N,VIIRS,n,2.0NRT,316.23,13.91,D
36.36459,29.43924,336.23,0.55,0.51,2026-07-28,1036,N,VIIRS,n,2.0NRT,300.9,15.77,D
36.84614,34.94248,342.15,0.45,0.39,2026-07-28,1036,N,VIIRS,n,2.0NRT,309.01,5.41,D
36.91182,30.41266,340.68,0.48,0.48,2026-07-28,1036,N,VIIRS,n,2.0NRT,306.47,2.97,D
37.55188,39.05061,356.3,0.39,0.36,2026-07-28,1036,N,VIIRS,n,2.0NRT,330.49,5.99,D
38.44094,30.20164,342.69,0.45,0.47,2026-07-28,1036,N,VIIRS,n,2.0NRT,304.07,6.86,D
38.69196,27.55631,340.05,0.61,0.53,2026-07-28,1036,N,VIIRS,n,2.0NRT,302.61,4.58,D
38.71444,32.79231,340.99,0.51,0.41,2026-07-28,1036,N,VIIRS,n,2.0NRT,313.07,4.36,D
38.83718,32.1347,341.42,0.54,0.42,2026-07-28,1036,N,VIIRS,n,2.0NRT,309.95,10.16,D
39.23296,31.97427,335.28,0.54,0.42,2026-07-28,1036,N,VIIRS,n,2.0NRT,307.33,3.25,D
39.23422,31.98037,339.15,0.54,0.42,2026-07-28,1036,N,VIIRS,n,2.0NRT,307.17,3.25,D
40.02345,44.34772,340.97,0.41,0.45,2026-07-28,1036,N,VIIRS,n,2.0NRT,306.41,5.11,D
40.13995,44.41041,344.48,0.41,0.45,2026-07-28,1036,N,VIIRS,n,2.0NRT,309.79,3.69,D
41.24131,36.46432,344.08,0.39,0.36,2026-07-28,1036,N,VIIRS,n,2.0NRT,310.88,7.18,D
36.34991,29.42984,347.06,0.68,0.74,2026-07-28,1217,N,VIIRS,n,2.0NRT,303.75,103.99,D
36.35487,29.43408,367.0,0.69,0.74,2026-07-28,1217,N,VIIRS,h,2.0NRT,307.43,237.59,D
36.3567,29.42166,346.93,0.68,0.74,2026-07-28,1217,N,VIIRS,n,2.0NRT,301.79,103.99,D
36.35698,29.43374,344.85,0.68,0.74,2026-07-28,1217,N,VIIRS,n,2.0NRT,305.98,99.1,D
39.48389,30.04152,300.36,0.75,0.77,2026-07-28,2254,N,VIIRS,n,2.0NRT,287.18,1.11,N
39.83632,30.30146,297.27,0.72,0.76,2026-07-28,2254,N,VIIRS,n,2.0NRT,286.41,0.83,N
39.95981,33.14464,298.32,0.52,0.66,2026-07-28,2254,N,VIIRS,n,2.0NRT,287.21,0.68,N
39.98386,44.27573,332.02,0.44,0.38,2026-07-28,2254,N,VIIRS,n,2.0NRT,293.7,2.29,N
39.98738,44.2765,315.08,0.44,0.38,2026-07-28,2254,N,VIIRS,n,2.0NRT,293.0,2.29,N
40.23549,43.86583,309.57,0.46,0.39,2026-07-28,2254,N,VIIRS,n,2.0NRT,292.59,0.66,N
40.23908,43.86657,303.0,0.46,0.39,2026-07-28,2254,N,VIIRS,n,2.0NRT,292.92,0.66,N
40.24015,29.92179,299.69,0.76,0.77,2026-07-28,2254,N,VIIRS,n,2.0NRT,287.49,1.42,N
40.75935,29.75579,299.44,0.78,0.78,2026-07-28,2254,N,VIIRS,n,2.0NRT,288.64,1.52,N
41.02333,36.09887,296.28,0.37,0.58,2026-07-28,2254,N,VIIRS,n,2.0NRT,285.27,0.23,N
41.02499,36.0995,297.43,0.37,0.58,2026-07-28,2254,N,VIIRS,n,2.0NRT,285.58,0.45,N
41.17321,32.63452,303.49,0.56,0.68,2026-07-28,2254,N,VIIRS,n,2.0NRT,287.77,0.75,N
41.17963,32.63477,301.78,0.56,0.68,2026-07-28,2254,N,VIIRS,n,2.0NRT,289.16,0.75,N
41.24232,36.465,326.89,0.35,0.57,2026-07-28,2254,N,VIIRS,n,2.0NRT,290.38,2.68,N
41.26046,31.43048,307.68,0.64,0.72,2026-07-28,2254,N,VIIRS,n,2.0NRT,289.33,1.85,N
41.26187,31.42794,315.91,0.64,0.72,2026-07-28,2254,N,VIIRS,n,2.0NRT,290.14,4.65,N
41.26726,31.43059,307.44,0.64,0.72,2026-07-28,2254,N,VIIRS,n,2.0NRT,289.67,1.85,N
41.26737,31.4225,301.07,0.64,0.72,2026-07-28,2254,N,VIIRS,n,2.0NRT,290.48,4.67,N
41.26867,31.42825,307.96,0.64,0.72,2026-07-28,2254,N,VIIRS,n,2.0NRT,289.81,2.68,N
35.5108,44.37352,315.55,0.4,0.37,2026-07-28,2257,N,VIIRS,n,2.0NRT,299.65,1.99,N
35.52505,44.34673,309.05,0.4,0.37,2026-07-28,2257,N,VIIRS,n,2.0NRT,296.99,3.14,N
35.52568,44.34228,338.89,0.4,0.37,2026-07-28,2257,N,VIIRS,n,2.0NRT,299.6,3.14,N
35.52906,44.34301,308.12,0.4,0.37,2026-07-28,2257,N,VIIRS,n,2.0NRT,297.5,2.03,N
35.52968,44.33855,340.58,0.4,0.37,2026-07-28,2257,N,VIIRS,n,2.0NRT,300.7,4.5,N
35.53306,44.33929,343.44,0.4,0.37,2026-07-28,2257,N,VIIRS,n,2.0NRT,299.84,4.5,N
35.53368,44.33484,315.6,0.4,0.37,2026-07-28,2257,N,VIIRS,n,2.0NRT,297.81,4.5,N
35.53428,44.20876,304.48,0.41,0.37,2026-07-28,2257,N,VIIRS,n,2.0NRT,294.28,0.64,N
35.56487,44.28646,330.35,0.41,0.37,2026-07-28,2257,N,VIIRS,n,2.0NRT,300.27,3.98,N
35.5655,44.28199,320.04,0.41,0.37,2026-07-28,2257,N,VIIRS,n,2.0NRT,297.59,3.85,N
35.58407,44.24917,315.56,0.41,0.37,2026-07-28,2257,N,VIIRS,n,2.0NRT,297.75,1.59,N
35.62826,44.00794,329.05,0.41,0.37,2026-07-28,2257,N,VIIRS,n,2.0NRT,312.49,29.71,N
35.63167,44.00864,326.1,0.41,0.37,2026-07-28,2257,N,VIIRS,n,2.0NRT,298.07,2.47,N
35.66253,43.96373,332.37,0.41,0.37,2026-07-28,2257,N,VIIRS,n,2.0NRT,301.38,5.62,N
35.67571,44.06676,309.1,0.41,0.37,2026-07-28,2257,N,VIIRS,n,2.0NRT,298.88,1.25,N
35.67912,44.06748,309.25,0.41,0.37,2026-07-28,2257,N,VIIRS,n,2.0NRT,298.05,1.25,N
35.68548,43.87453,333.52,0.42,0.37,2026-07-28,2257,N,VIIRS,n,2.0NRT,306.16,41.47,N
35.70925,36.29513,308.95,0.32,0.54,2026-07-28,2257,N,VIIRS,n,2.0NRT,298.59,2.78,N
35.71324,36.31003,313.37,0.32,0.54,2026-07-28,2257,N,VIIRS,n,2.0NRT,298.19,1.67,N
35.71351,36.30645,328.94,0.32,0.54,2026-07-28,2257,N,VIIRS,n,2.0NRT,299.13,1.67,N
35.71378,36.30287,319.24,0.32,0.54,2026-07-28,2257,N,VIIRS,n,2.0NRT,299.11,1.93,N
35.71405,36.2993,311.41,0.32,0.54,2026-07-28,2257,N,VIIRS,n,2.0NRT,299.42,1.93,N
35.71431,36.29576,324.86,0.32,0.54,2026-07-28,2257,N,VIIRS,n,2.0NRT,299.97,2.3,N
35.71458,36.2922,320.9,0.32,0.54,2026-07-28,2257,N,VIIRS,n,2.0NRT,300.04,2.3,N
35.72504,44.03999,345.74,0.41,0.37,2026-07-28,2257,N,VIIRS,n,2.0NRT,302.58,8.07,N
35.72971,44.03164,330.7,0.41,0.37,2026-07-28,2257,N,VIIRS,n,2.0NRT,300.26,4.3,N
35.77359,43.99412,330.64,0.41,0.37,2026-07-28,2257,N,VIIRS,n,2.0NRT,301.4,5.74,N
35.90913,36.51103,315.73,0.62,0.54,2026-07-28,2257,N,VIIRS,n,2.0NRT,295.22,2.1,N
35.95171,43.72768,323.51,0.42,0.38,2026-07-28,2257,N,VIIRS,n,2.0NRT,299.92,2.89,N
35.96801,43.76469,319.73,0.42,0.38,2026-07-28,2257,N,VIIRS,n,2.0NRT,301.17,2.18,N
35.97146,43.76535,316.25,0.42,0.38,2026-07-28,2257,N,VIIRS,n,2.0NRT,300.25,2.18,N
35.98119,43.77202,323.3,0.42,0.38,2026-07-28,2257,N,VIIRS,n,2.0NRT,302.07,3.27,N
35.98183,43.76738,331.18,0.42,0.38,2026-07-28,2257,N,VIIRS,n,2.0NRT,303.39,3.27,N
35.99689,43.76084,318.24,0.42,0.38,2026-07-28,2257,N,VIIRS,n,2.0NRT,300.36,2.07,N
36.00035,43.76153,326.18,0.42,0.38,2026-07-28,2257,N,VIIRS,n,2.0NRT,300.81,2.07,N
36.01806,43.68346,331.25,0.42,0.38,2026-07-28,2257,N,VIIRS,n,2.0NRT,301.08,3.74,N
36.0817,43.64013,309.12,0.43,0.38,2026-07-28,2257,N,VIIRS,n,2.0NRT,296.63,1.11,N
36.08517,43.64084,307.73,0.43,0.38,2026-07-28,2257,N,VIIRS,n,2.0NRT,295.77,0.66,N
36.12685,43.77984,313.5,0.42,0.38,2026-07-28,2257,N,VIIRS,n,2.0NRT,299.05,1.49,N
36.12988,40.81044,308.28,0.55,0.43,2026-07-28,2257,N,VIIRS,n,2.0NRT,297.09,1.56,N
36.23541,43.82867,318.5,0.42,0.38,2026-07-28,2257,N,VIIRS,n,2.0NRT,297.51,2.4,N
36.34431,29.41288,314.32,0.78,0.78,2026-07-28,2257,N,VIIRS,n,2.0NRT,294.97,6.21,N
36.34507,29.40481,326.47,0.78,0.78,2026-07-28,2257,N,VIIRS,n,2.0NRT,296.2,8.53,N
36.35146,29.42237,345.16,0.78,0.78,2026-07-28,2257,N,VIIRS,n,2.0NRT,299.11,20.12,N
36.35177,29.40336,367.0,0.78,0.78,2026-07-28,2257,N,VIIRS,h,2.0NRT,305.67,20.12,N
36.352,29.38886,318.32,0.78,0.78,2026-07-28,2257,N,VIIRS,n,2.0NRT,295.97,34.31,N
36.35226,29.41725,367.0,0.78,0.78,2026-07-28,2257,N,VIIRS,h,2.0NRT,300.83,33.2,N
36.35246,29.39788,367.0,0.78,0.78,2026-07-28,2257,N,VIIRS,h,2.0NRT,303.07,17.96,N
36.3526,29.38467,306.42,0.78,0.78,2026-07-28,2257,N,VIIRS,n,2.0NRT,295.3,17.96,N
36.35896,29.4114,312.59,0.78,0.78,2026-07-28,2257,N,VIIRS,n,2.0NRT,294.66,20.12,N
36.35969,29.40657,305.49,0.78,0.78,2026-07-28,2257,N,VIIRS,n,2.0NRT,294.85,17.96,N
36.48963,38.59568,305.37,0.48,0.48,2026-07-28,2257,N,VIIRS,n,2.0NRT,294.94,0.87,N
36.60631,43.7248,321.55,0.43,0.38,2026-07-28,2257,N,VIIRS,n,2.0NRT,297.1,3.07,N
36.64468,32.83888,306.82,0.51,0.66,2026-07-28,2257,N,VIIRS,n,2.0NRT,292.93,2.41,N
36.65962,43.07126,338.81,0.45,0.39,2026-07-28,2257,N,VIIRS,n,2.0NRT,301.41,6.39,N
36.69425,38.91297,313.31,0.47,0.48,2026-07-28,2257,N,VIIRS,n,2.0NRT,294.46,1.92,N
36.69503,38.91186,310.71,0.47,0.48,2026-07-28,2257,N,VIIRS,n,2.0NRT,294.03,1.2,N
36.69526,36.2076,309.75,0.33,0.55,2026-07-28,2257,N,VIIRS,n,2.0NRT,296.9,2.23,N
36.71811,36.20333,309.82,0.33,0.55,2026-07-28,2257,N,VIIRS,n,2.0NRT,295.08,1.93,N
36.71837,36.19937,317.79,0.33,0.55,2026-07-28,2257,N,VIIRS,n,2.0NRT,296.99,2.83,N
36.72229,41.92307,318.44,0.5,0.41,2026-07-28,2257,N,VIIRS,n,2.0NRT,293.68,2.15,N
36.72604,41.92375,325.87,0.5,0.41,2026-07-28,2257,N,VIIRS,n,2.0NRT,295.31,2.15,N
36.72788,36.21209,311.42,0.33,0.55,2026-07-28,2257,N,VIIRS,n,2.0NRT,296.6,1.66,N
36.73303,36.2126,308.58,0.33,0.55,2026-07-28,2257,N,VIIRS,n,2.0NRT,297.72,1.29,N
36.73817,36.21324,311.58,0.33,0.55,2026-07-28,2257,N,VIIRS,n,2.0NRT,296.68,1.29,N
36.7441,36.20235,332.44,0.33,0.55,2026-07-28,2257,N,VIIRS,n,2.0NRT,296.41,1.94,N
36.74437,36.19848,307.93,0.33,0.55,2026-07-28,2257,N,VIIRS,n,2.0NRT,296.01,1.94,N
36.74925,36.20292,319.43,0.33,0.55,2026-07-28,2257,N,VIIRS,n,2.0NRT,296.74,1.94,N
36.78494,40.06163,304.72,0.41,0.45,2026-07-28,2257,N,VIIRS,n,2.0NRT,291.87,0.59,N
36.82772,38.49097,300.3,0.5,0.49,2026-07-28,2257,N,VIIRS,n,2.0NRT,288.71,0.82,N
36.84941,42.42418,325.46,0.48,0.4,2026-07-28,2257,N,VIIRS,n,2.0NRT,293.09,2.69,N
36.85139,42.42563,309.21,0.48,0.4,2026-07-28,2257,N,VIIRS,n,2.0NRT,292.82,1.43,N
36.85203,42.42025,329.19,0.48,0.4,2026-07-28,2257,N,VIIRS,n,2.0NRT,293.29,3.08,N
36.85308,42.42489,328.45,0.48,0.4,2026-07-28,2257,N,VIIRS,n,2.0NRT,293.95,1.87,N
36.85374,42.41951,306.04,0.48,0.4,2026-07-28,2257,N,VIIRS,n,2.0NRT,291.6,1.87,N
36.8557,42.42096,318.97,0.48,0.4,2026-07-28,2257,N,VIIRS,n,2.0NRT,293.86,1.54,N
36.86762,34.76086,306.34,0.4,0.6,2026-07-28,2257,N,VIIRS,n,2.0NRT,295.69,1.72,N
36.88929,40.26937,317.68,0.4,0.44,2026-07-28,2257,N,VIIRS,n,2.0NRT,294.33,2.15,N
36.88975,40.26481,326.75,0.4,0.44,2026-07-28,2257,N,VIIRS,n,2.0NRT,293.41,2.15,N
36.91298,41.89657,310.12,0.5,0.41,2026-07-28,2257,N,VIIRS,n,2.0NRT,292.59,0.72,N
36.91358,41.89595,308.42,0.5,0.41,2026-07-28,2257,N,VIIRS,n,2.0NRT,292.96,0.84,N
36.94213,42.17083,323.08,0.49,0.4,2026-07-28,2257,N,VIIRS,n,2.0NRT,298.75,2.66,N
36.9467,42.13235,326.91,0.49,0.4,2026-07-28,2257,N,VIIRS,n,2.0NRT,299.9,3.43,N
36.96385,42.08424,317.05,0.49,0.41,2026-07-28,2257,N,VIIRS,n,2.0NRT,294.67,1.18,N
37.0069,42.07526,304.91,0.5,0.41,2026-07-28,2257,N,VIIRS,n,2.0NRT,294.82,0.72,N
37.02363,36.10855,309.53,0.34,0.56,2026-07-28,2257,N,VIIRS,n,2.0NRT,295.87,0.85,N
37.07694,42.55587,308.75,0.47,0.4,2026-07-28,2257,N,VIIRS,n,2.0NRT,298.52,2.46,N
37.13756,42.79059,319.38,0.47,0.39,2026-07-28,2257,N,VIIRS,n,2.0NRT,297.19,1.67,N
37.16602,42.61673,324.54,0.47,0.4,2026-07-28,2257,N,VIIRS,n,2.0NRT,296.68,3.04,N
37.35235,37.16475,305.88,0.59,0.53,2026-07-28,2257,N,VIIRS,n,2.0NRT,295.85,1.26,N
37.35933,37.15724,311.01,0.59,0.53,2026-07-28,2257,N,VIIRS,n,2.0NRT,292.92,2.57,N
37.36272,37.15862,303.75,0.59,0.53,2026-07-28,2257,N,VIIRS,n,2.0NRT,292.49,1.69,N
37.46531,39.39087,308.91,0.45,0.47,2026-07-28,2257,N,VIIRS,n,2.0NRT,292.28,1.75,N
37.77746,40.66449,333.41,0.39,0.44,2026-07-28,2257,N,VIIRS,n,2.0NRT,294.78,3.54,N
37.96653,41.73,312.03,0.53,0.42,2026-07-28,2257,N,VIIRS,n,2.0NRT,296.9,1.66,N
37.96723,41.72381,308.29,0.53,0.42,2026-07-28,2257,N,VIIRS,n,2.0NRT,297.26,1.66,N
38.05891,40.95885,312.78,0.57,0.43,2026-07-28,2257,N,VIIRS,n,2.0NRT,294.36,2.07,N
38.05962,40.95219,317.28,0.57,0.43,2026-07-28,2257,N,VIIRS,n,2.0NRT,294.43,2.4,N
38.65356,39.77251,307.29,0.44,0.46,2026-07-28,2257,N,VIIRS,n,2.0NRT,294.92,0.88,N
35.71015,36.30378,309.74,0.58,0.7,2026-07-29,35,N,VIIRS,n,2.0NRT,296.72,1.61,N
36.31035,37.52922,315.25,0.65,0.73,2026-07-29,35,N,VIIRS,n,2.0NRT,294.04,2.16,N
36.3455,29.40841,337.43,0.49,0.49,2026-07-29,35,N,VIIRS,n,2.0NRT,300.01,8.67,N
36.34656,29.4038,319.52,0.49,0.49,2026-07-29,35,N,VIIRS,n,2.0NRT,299.86,6.55,N
36.34904,29.41341,334.39,0.49,0.49,2026-07-29,35,N,VIIRS,n,2.0NRT,299.59,9.53,N
36.35013,29.40867,351.1,0.49,0.49,2026-07-29,35,N,VIIRS,n,2.0NRT,305.56,9.53,N
36.35124,29.4039,328.88,0.49,0.49,2026-07-29,35,N,VIIRS,n,2.0NRT,299.12,10.2,N
36.35152,29.42304,317.39,0.49,0.49,2026-07-29,35,N,VIIRS,n,2.0NRT,296.58,4.82,N
36.35263,29.41824,328.32,0.49,0.49,2026-07-29,35,N,VIIRS,n,2.0NRT,298.88,4.82,N
36.35372,29.4135,367.0,0.49,0.49,2026-07-29,35,N,VIIRS,h,2.0NRT,305.33,9.53,N
36.35479,29.40887,331.55,0.49,0.49,2026-07-29,35,N,VIIRS,n,2.0NRT,299.81,9.53,N
36.35719,29.41887,339.05,0.49,0.49,2026-07-29,35,N,VIIRS,n,2.0NRT,302.38,14.28,N
36.35824,29.4143,344.9,0.49,0.49,2026-07-29,35,N,VIIRS,n,2.0NRT,302.84,19.21,N
36.36079,29.44405,317.18,0.49,0.49,2026-07-29,35,N,VIIRS,n,2.0NRT,294.39,2.68,N
36.36194,29.43906,320.54,0.49,0.49,2026-07-29,35,N,VIIRS,n,2.0NRT,294.34,2.68,N
36.38062,32.20088,329.91,0.34,0.56,2026-07-29,35,N,VIIRS,n,2.0NRT,300.81,22.1,N
36.38141,32.20398,311.69,0.34,0.56,2026-07-29,35,N,VIIRS,n,2.0NRT,300.4,10.35,N
36.38153,32.19728,340.97,0.34,0.56,2026-07-29,35,N,VIIRS,n,2.0NRT,301.28,22.1,N
36.38233,32.20045,344.4,0.34,0.56,2026-07-29,35,N,VIIRS,n,2.0NRT,305.13,20.1,N
36.38327,32.19686,367.0,0.34,0.56,2026-07-29,35,N,VIIRS,h,2.0NRT,302.81,20.1,N
36.38569,32.20261,367.0,0.34,0.56,2026-07-29,35,N,VIIRS,h,2.0NRT,310.24,22.1,N
36.3866,32.19901,367.0,0.34,0.56,2026-07-29,35,N,VIIRS,h,2.0NRT,308.8,22.1,N
36.38742,32.20211,353.54,0.34,0.56,2026-07-29,35,N,VIIRS,n,2.0NRT,308.97,20.1,N
36.38839,32.19838,355.36,0.34,0.56,2026-07-29,35,N,VIIRS,n,2.0NRT,301.82,20.1,N
36.72961,36.20929,305.64,0.54,0.68,2026-07-29,35,N,VIIRS,n,2.0NRT,295.55,2.87,N
36.73241,36.21098,307.47,0.54,0.68,2026-07-29,35,N,VIIRS,n,2.0NRT,296.28,2.44,N
36.74506,36.20301,320.2,0.54,0.68,2026-07-29,35,N,VIIRS,n,2.0NRT,295.58,3.84,N
36.74778,36.20471,316.84,0.54,0.68,2026-07-29,35,N,VIIRS,n,2.0NRT,295.6,4.03,N
38.30609,28.25802,307.54,0.39,0.44,2026-07-29,35,N,VIIRS,n,2.0NRT,288.75,0.89,N
38.4249,27.21822,314.08,0.52,0.42,2026-07-29,35,N,VIIRS,n,2.0NRT,296.69,2.9,N
38.63681,27.10398,310.38,0.51,0.41,2026-07-29,35,N,VIIRS,n,2.0NRT,295.06,2.65,N
38.63936,27.11093,329.98,0.51,0.41,2026-07-29,35,N,VIIRS,n,2.0NRT,296.77,3.52,N
38.64057,27.10497,322.69,0.51,0.41,2026-07-29,35,N,VIIRS,n,2.0NRT,299.58,2.65,N
38.64314,27.11186,316.55,0.51,0.41,2026-07-29,35,N,VIIRS,n,2.0NRT,296.42,4.31,N
38.64434,27.10593,332.44,0.51,0.41,2026-07-29,35,N,VIIRS,n,2.0NRT,299.04,6.37,N
38.64696,27.11252,342.83,0.51,0.41,2026-07-29,35,N,VIIRS,n,2.0NRT,298.82,4.31,N
38.64814,27.10669,337.06,0.51,0.41,2026-07-29,35,N,VIIRS,n,2.0NRT,298.07,6.37,N
38.69824,27.54335,304.59,0.53,0.42,2026-07-29,35,N,VIIRS,n,2.0NRT,292.66,0.88,N
38.73893,26.93224,315.34,0.5,0.41,2026-07-29,35,N,VIIRS,n,2.0NRT,295.95,2.09,N
38.73913,26.95051,308.77,0.5,0.41,2026-07-29,35,N,VIIRS,n,2.0NRT,296.16,1.84,N
38.74281,26.95175,314.56,0.5,0.41,2026-07-29,35,N,VIIRS,n,2.0NRT,296.92,1.84,N
38.75365,26.93712,317.26,0.5,0.41,2026-07-29,35,N,VIIRS,n,2.0NRT,296.14,2.56,N
40.50403,34.36166,298.2,0.35,0.57,2026-07-29,35,N,VIIRS,n,2.0NRT,286.69,0.32,N
41.17476,32.62944,301.41,0.55,0.51,2026-07-29,35,N,VIIRS,n,2.0NRT,288.24,1.97,N
41.25539,31.41367,343.31,0.48,0.48,2026-07-29,35,N,VIIRS,n,2.0NRT,291.76,6.28,N
41.25578,31.43188,307.35,0.48,0.48,2026-07-29,35,N,VIIRS,n,2.0NRT,291.22,1.01,N
41.26048,31.42914,305.82,0.48,0.48,2026-07-29,35,N,VIIRS,n,2.0NRT,292.36,1.04,N
41.26131,31.4283,311.38,0.48,0.48,2026-07-29,35,N,VIIRS,n,2.0NRT,292.86,1.34,N
41.26475,31.4309,309.63,0.48,0.48,2026-07-29,35,N,VIIRS,n,2.0NRT,291.96,1.04,N
41.26559,31.43007,303.6,0.48,0.48,2026-07-29,35,N,VIIRS,n,2.0NRT,292.26,1.34,N
41.26608,31.42543,307.62,0.48,0.48,2026-07-29,35,N,VIIRS,n,2.0NRT,294.4,2.89,N
41.26688,31.42458,304.72,0.48,0.48,2026-07-29,35,N,VIIRS,n,2.0NRT,293.26,1.34,N
41.79826,26.70337,302.43,0.44,0.39,2026-07-29,35,N,VIIRS,n,2.0NRT,290.29,0.99,N
37.441,37.61858,309.67,0.61,0.71,2026-07-29,37,N,VIIRS,n,2.0NRT,295.48,2.06,N
37.4425,37.62029,309.62,0.61,0.71,2026-07-29,37,N,VIIRS,n,2.0NRT,295.97,2.59,N
38.89325,33.45267,316.89,0.34,0.56,2026-07-29,37,N,VIIRS,n,2.0NRT,286.91,0.68,N
38.89427,33.44884,297.4,0.34,0.56,2026-07-29,37,N,VIIRS,n,2.0NRT,286.41,0.68,N
38.89925,33.45099,299.96,0.34,0.56,2026-07-29,37,N,VIIRS,n,2.0NRT,286.97,0.68,N
38.90027,33.44715,297.31,0.34,0.56,2026-07-29,37,N,VIIRS,n,2.0NRT,286.25,1.04,N
39.09188,27.51671,308.18,0.52,0.42,2026-07-29,37,N,VIIRS,n,2.0NRT,293.78,1.18,N
39.0931,27.51084,305.74,0.52,0.42,2026-07-29,37,N,VIIRS,n,2.0NRT,293.62,1.18,N
39.1155,27.51881,305.16,0.52,0.42,2026-07-29,37,N,VIIRS,n,2.0NRT,293.92,1.71,N
39.11932,27.51977,316.77,0.52,0.42,2026-07-29,37,N,VIIRS,n,2.0NRT,293.35,2.04,N
39.48297,30.04278,311.08,0.45,0.47,2026-07-29,37,N,VIIRS,n,2.0NRT,289.19,0.99,N
39.49336,32.31483,299.12,0.58,0.52,2026-07-29,37,N,VIIRS,n,2.0NRT,286.38,1.88,N
39.49441,32.31389,321.95,0.58,0.52,2026-07-29,37,N,VIIRS,n,2.0NRT,286.64,2.02,N
39.49498,32.30848,314.33,0.58,0.52,2026-07-29,37,N,VIIRS,n,2.0NRT,286.04,1.88,N
39.75139,27.90681,303.45,0.53,0.42,2026-07-29,37,N,VIIRS,n,2.0NRT,291.4,0.98,N
39.76788,33.47762,301.68,0.33,0.55,2026-07-29,37,N,VIIRS,n,2.0NRT,287.95,0.45,N
39.86382,26.24438,313.24,0.45,0.39,2026-07-29,37,N,VIIRS,n,2.0NRT,294.29,1.16,N
39.86732,26.24555,307.99,0.45,0.39,2026-07-29,37,N,VIIRS,n,2.0NRT,293.71,1.16,N
40.26237,30.04276,301.48,0.43,0.46,2026-07-29,37,N,VIIRS,n,2.0NRT,290.87,0.66,N
40.62074,26.14523,303.8,0.44,0.38,2026-07-29,37,N,VIIRS,n,2.0NRT,291.65,0.73,N
40.62357,26.14778,306.83,0.44,0.38,2026-07-29,37,N,VIIRS,n,2.0NRT,291.9,0.48,N
40.62421,26.14634,304.98,0.44,0.38,2026-07-29,37,N,VIIRS,n,2.0NRT,291.9,0.84,N
40.75618,29.75998,313.24,0.41,0.45,2026-07-29,37,N,VIIRS,n,2.0NRT,292.77,1.39,N
40.75847,29.76255,313.74,0.41,0.45,2026-07-29,37,N,VIIRS,n,2.0NRT,293.93,1.28,N
40.76888,29.52678,304.15,0.4,0.44,2026-07-29,37,N,VIIRS,n,2.0NRT,293.39,1.36,N
40.78255,29.60118,306.22,0.4,0.44,2026-07-29,37,N,VIIRS,n,2.0NRT,293.52,1.28,N
41.0201,28.55265,310.89,0.54,0.42,2026-07-29,37,N,VIIRS,n,2.0NRT,292.3,1.36,N
41.02129,28.55331,310.59,0.53,0.42,2026-07-29,37,N,VIIRS,n,2.0NRT,292.86,2.15,N
35.62773,44.00867,367.0,0.38,0.36,2026-07-29,1015,N,VIIRS,h,2.0NRT,339.67,38.26,D
36.193,36.11261,330.65,0.44,0.46,2026-07-29,1015,N,VIIRS,n,2.0NRT,304.04,1.84,D
36.26608,37.02565,356.6,0.4,0.44,2026-07-29,1015,N,VIIRS,n,2.0NRT,319.58,11.25,D
36.35059,29.39837,350.53,0.49,0.65,2026-07-29,1015,N,VIIRS,n,2.0NRT,300.85,10.2,D
36.35326,29.40385,348.67,0.49,0.65,2026-07-29,1015,N,VIIRS,n,2.0NRT,300.05,11.69,D
36.3638,29.44576,334.45,0.49,0.65,2026-07-29,1015,N,VIIRS,n,2.0NRT,299.59,4.5,D
36.3639,29.44105,331.95,0.49,0.65,2026-07-29,1015,N,VIIRS,n,2.0NRT,298.47,6.18,D
36.38991,37.02904,349.39,0.39,0.44,2026-07-29,1015,N,VIIRS,n,2.0NRT,319.67,7.14,D
36.47159,37.15576,367.0,0.39,0.44,2026-07-29,1015,N,VIIRS,h,2.0NRT,334.81,54.71,D
36.47177,37.15855,367.0,0.39,0.44,2026-07-29,1015,N,VIIRS,h,2.0NRT,344.02,52.68,D
36.47248,37.16,367.0,0.39,0.44,2026-07-29,1015,N,VIIRS,h,2.0NRT,342.36,52.27,D
36.47265,37.1628,350.41,0.39,0.44,2026-07-29,1015,N,VIIRS,n,2.0NRT,324.04,52.68,D
36.47338,37.16423,346.09,0.39,0.44,2026-07-29,1015,N,VIIRS,n,2.0NRT,321.07,52.27,D
36.47554,37.15453,353.47,0.39,0.44,2026-07-29,1015,N,VIIRS,n,2.0NRT,324.56,5.38,D
36.47643,37.15876,356.76,0.39,0.44,2026-07-29,1015,N,VIIRS,n,2.0NRT,324.52,10.38,D
36.55407,37.22885,345.71,0.38,0.43,2026-07-29,1015,N,VIIRS,n,2.0NRT,319.84,0.9,D
36.65405,29.40081,331.99,0.48,0.65,2026-07-29,1015,N,VIIRS,n,2.0NRT,302.65,56.95,D
36.65545,29.40576,367.0,0.48,0.65,2026-07-29,1015,N,VIIRS,h,2.0NRT,313.2,68.01,D
36.65613,29.39774,343.72,0.48,0.65,2026-07-29,1015,N,VIIRS,n,2.0NRT,299.84,137.24,D
36.65696,29.41114,343.2,0.48,0.65,2026-07-29,1015,N,VIIRS,n,2.0NRT,300.93,68.01,D
36.65865,29.41716,367.0,0.48,0.65,2026-07-29,1015,N,VIIRS,h,2.0NRT,302.69,16.4,D
36.65898,37.24256,350.37,0.57,0.43,2026-07-29,1015,N,VIIRS,n,2.0NRT,321.71,6.56,D
36.65906,29.40794,367.0,0.48,0.65,2026-07-29,1015,N,VIIRS,h,2.0NRT,302.84,40.86,D
36.65997,29.39892,346.83,0.48,0.65,2026-07-29,1015,N,VIIRS,n,2.0NRT,298.83,18.35,D
36.66053,29.42383,367.0,0.48,0.65,2026-07-29,1015,N,VIIRS,h,2.0NRT,305.44,16.4,D
36.66059,29.41328,367.0,0.48,0.65,2026-07-29,1015,N,VIIRS,h,2.0NRT,307.29,40.86,D
36.66148,29.40434,367.0,0.48,0.65,2026-07-29,1015,N,VIIRS,h,2.0NRT,300.74,20.32,D
36.66233,29.41931,367.0,0.48,0.65,2026-07-29,1015,N,VIIRS,h,2.0NRT,307.7,39.21,D
36.66248,29.43077,353.02,0.48,0.65,2026-07-29,1015,N,VIIRS,n,2.0NRT,304.75,14.79,D
36.66289,29.40934,367.0,0.48,0.65,2026-07-29,1015,N,VIIRS,h,2.0NRT,306.57,20.32,D
36.66428,29.42609,367.0,0.48,0.65,2026-07-29,1015,N,VIIRS,h,2.0NRT,308.05,39.21,D
36.66438,29.41464,367.0,0.48,0.65,2026-07-29,1015,N,VIIRS,h,2.0NRT,309.23,32.23,D
36.6644,29.43764,367.0,0.48,0.65,2026-07-29,1015,N,VIIRS,h,2.0NRT,306.01,14.79,D
36.66504,29.40632,341.91,0.48,0.65,2026-07-29,1015,N,VIIRS,n,2.0NRT,301.23,40.86,D
36.66604,29.42055,367.0,0.48,0.65,2026-07-29,1015,N,VIIRS,h,2.0NRT,306.62,32.23,D
36.66629,29.43308,367.0,0.48,0.65,2026-07-29,1015,N,VIIRS,h,2.0NRT,308.17,42.27,D
36.66648,29.44505,353.72,0.48,0.65,2026-07-29,1015,N,VIIRS,n,2.0NRT,308.31,33.36,D
36.66649,29.41135,367.0,0.48,0.65,2026-07-29,1015,N,VIIRS,h,2.0NRT,306.1,40.86,D
36.66798,29.42748,352.79,0.48,0.65,2026-07-29,1015,N,VIIRS,n,2.0NRT,314.87,64.01,D
36.66803,29.4167,367.0,0.48,0.65,2026-07-29,1015,N,VIIRS,h,2.0NRT,306.31,39.21,D
36.66835,29.44026,367.0,0.48,0.65,2026-07-29,1015,N,VIIRS,h,2.0NRT,309.45,42.27,D
36.66838,29.45182,367.0,0.48,0.65,2026-07-29,1015,N,VIIRS,h,2.0NRT,313.46,33.36,D
36.66883,29.40759,346.38,0.48,0.65,2026-07-29,1015,N,VIIRS,n,2.0NRT,303.57,20.32,D
36.66972,29.4226,349.39,0.48,0.65,2026-07-29,1015,N,VIIRS,n,2.0NRT,308.27,39.21,D
36.66998,29.43463,367.0,0.48,0.65,2026-07-29,1015,N,VIIRS,h,2.0NRT,306.11,64.01,D
36.6703,29.41282,367.0,0.48,0.65,2026-07-29,1015,N,VIIRS,h,2.0NRT,307.71,32.23,D
36.6717,29.42949,367.0,0.48,0.65,2026-07-29,1015,N,VIIRS,h,2.0NRT,310.12,42.27,D
36.67176,29.41805,355.74,0.48,0.65,2026-07-29,1015,N,VIIRS,n,2.0NRT,305.47,32.23,D
36.67192,29.44154,367.0,0.48,0.65,2026-07-29,1015,N,VIIRS,h,2.0NRT,307.03,55.85,D
36.672,29.45296,367.0,0.48,0.65,2026-07-29,1015,N,VIIRS,h,2.0NRT,320.28,68.24,D
36.67249,29.40981,355.34,0.48,0.65,2026-07-29,1015,N,VIIRS,n,2.0NRT,306.61,13.23,D
36.6734,29.4239,367.0,0.48,0.65,2026-07-29,1015,N,VIIRS,h,2.0NRT,305.27,64.01,D
36.67348,29.4581,335.38,0.48,0.65,2026-07-29,1015,N,VIIRS,n,2.0NRT,302.21,78.02,D
36.67356,29.43598,367.0,0.48,0.65,2026-07-29,1015,N,VIIRS,h,2.0NRT,313.37,42.27,D
36.6736,29.44756,350.09,0.48,0.65,2026-07-29,1015,N,VIIRS,n,2.0NRT,313.21,55.85,D
36.67403,29.41519,346.79,0.48,0.65,2026-07-29,1015,N,VIIRS,n,2.0NRT,305.38,7.8,D
36.67515,29.45307,367.0,0.48,0.65,2026-07-29,1015,N,VIIRS,h,2.0NRT,314.44,53.13,D
36.67535,29.44223,341.39,0.48,0.65,2026-07-29,1015,N,VIIRS,n,2.0NRT,304.55,68.24,D
36.67549,29.42025,353.06,0.48,0.65,2026-07-29,1015,N,VIIRS,n,2.0NRT,305.7,7.8,D
36.6764,29.41166,341.12,0.48,0.65,2026-07-29,1015,N,VIIRS,n,2.0NRT,303.96,7.89,D
36.67655,29.45806,367.0,0.48,0.65,2026-07-29,1015,N,VIIRS,h,2.0NRT,308.48,53.13,D
36.67683,29.43612,367.0,0.48,0.65,2026-07-29,1015,N,VIIRS,h,2.0NRT,322.71,55.85,D
36.67704,29.42567,367.0,0.48,0.65,2026-07-29,1015,N,VIIRS,h,2.0NRT,305.14,44.51,D
36.67704,29.4481,351.59,0.48,0.65,2026-07-29,1015,N,VIIRS,n,2.0NRT,306.14,68.24,D
36.67786,29.41685,342.67,0.48,0.65,2026-07-29,1015,N,VIIRS,n,2.0NRT,305.23,7.89,D
36.67788,29.46278,367.0,0.48,0.65,2026-07-29,1015,N,VIIRS,h,2.0NRT,311.0,85.33,D
36.67856,29.45342,351.9,0.48,0.65,2026-07-29,1015,N,VIIRS,n,2.0NRT,316.23,78.02,D
36.67857,29.44234,339.76,0.48,0.65,2026-07-29,1015,N,VIIRS,n,2.0NRT,304.7,55.85,D
36.67923,29.42174,354.53,0.48,0.65,2026-07-29,1015,N,VIIRS,n,2.0NRT,306.76,7.44,D
36.68021,29.4482,354.37,0.48,0.65,2026-07-29,1015,N,VIIRS,n,2.0NRT,307.37,53.13,D
36.68036,29.43726,367.0,0.48,0.65,2026-07-29,1015,N,VIIRS,h,2.0NRT,305.76,56.75,D
36.68067,29.42689,349.11,0.48,0.65,2026-07-29,1015,N,VIIRS,n,2.0NRT,305.63,7.44,D
36.68141,29.46337,367.0,0.48,0.65,2026-07-29,1015,N,VIIRS,h,2.0NRT,312.5,149.95,D
36.68157,29.41901,339.3,0.48,0.65,2026-07-29,1015,N,VIIRS,n,2.0NRT,306.0,7.8,D
36.68214,29.44345,340.18,0.48,0.65,2026-07-29,1015,N,VIIRS,n,2.0NRT,304.68,56.75,D
36.68229,29.43268,348.34,0.48,0.65,2026-07-29,1015,N,VIIRS,n,2.0NRT,304.94,10.78,D
36.68299,29.42395,341.4,0.48,0.65,2026-07-29,1015,N,VIIRS,n,2.0NRT,305.83,44.51,D
36.68318,29.45881,367.0,0.48,0.65,2026-07-29,1015,N,VIIRS,h,2.0NRT,347.17,85.33,D
36.68369,29.44888,367.0,0.48,0.65,2026-07-29,1015,N,VIIRS,h,2.0NRT,309.09,34.54,D
36.68395,29.43863,348.67,0.48,0.65,2026-07-29,1015,N,VIIRS,n,2.0NRT,305.23,10.78,D
36.68451,29.42927,334.44,0.48,0.65,2026-07-29,1015,N,VIIRS,n,2.0NRT,304.6,44.51,D
36.68467,29.46412,351.05,0.48,0.65,2026-07-29,1015,N,VIIRS,n,2.0NRT,304.82,85.33,D
36.6852,29.45415,347.69,0.48,0.65,2026-07-29,1015,N,VIIRS,n,2.0NRT,313.55,34.54,D
36.6853,29.42049,337.24,0.48,0.65,2026-07-29,1015,N,VIIRS,n,2.0NRT,304.86,7.44,D
36.68547,29.44407,341.7,0.48,0.65,2026-07-29,1015,N,VIIRS,n,2.0NRT,305.61,16.5,D
36.68681,29.45979,367.0,0.48,0.65,2026-07-29,1015,N,VIIRS,h,2.0NRT,306.72,36.08,D
36.68694,29.44929,367.0,0.48,0.65,2026-07-29,1015,N,VIIRS,h,2.0NRT,309.24,16.5,D
36.68848,29.46562,367.0,0.48,0.65,2026-07-29,1015,N,VIIRS,h,2.0NRT,307.47,36.08,D
36.68854,29.45503,354.74,0.48,0.65,2026-07-29,1015,N,VIIRS,n,2.0NRT,307.6,11.78,D
36.68917,29.42306,334.72,0.48,0.65,2026-07-29,1015,N,VIIRS,n,2.0NRT,303.62,8.83,D
36.69025,29.46116,337.45,0.48,0.65,2026-07-29,1015,N,VIIRS,n,2.0NRT,304.11,11.78,D
36.69027,29.47186,350.96,0.48,0.65,2026-07-29,1015,N,VIIRS,n,2.0NRT,304.99,11.09,D
36.6909,29.4516,352.07,0.48,0.65,2026-07-29,1015,N,VIIRS,n,2.0NRT,310.4,34.54,D
36.69201,29.46745,367.0,0.48,0.65,2026-07-29,1015,N,VIIRS,h,2.0NRT,310.8,10.95,D
36.69456,29.45364,338.05,0.48,0.65,2026-07-29,1015,N,VIIRS,n,2.0NRT,310.35,11.78,D
36.69617,29.47005,344.5,0.48,0.65,2026-07-29,1015,N,VIIRS,n,2.0NRT,305.33,11.09,D
36.69778,29.46516,332.78,0.48,0.65,2026-07-29,1015,N,VIIRS,n,2.0NRT,305.58,10.95,D
36.69923,29.43576,330.91,0.48,0.65,2026-07-29,1015,N,VIIRS,n,2.0NRT,304.69,8.8,D
36.69962,29.47178,339.69,0.48,0.65,2026-07-29,1015,N,VIIRS,n,2.0NRT,303.74,10.95,D
36.70155,29.43277,339.87,0.48,0.65,2026-07-29,1015,N,VIIRS,n,2.0NRT,302.93,18.0,D
36.70184,29.46742,367.0,0.48,0.65,2026-07-29,1015,N,VIIRS,h,2.0NRT,308.24,17.92,D
36.70329,29.43901,367.0,0.48,0.65,2026-07-29,1015,N,VIIRS,h,2.0NRT,314.12,18.0,D
36.70472,29.44415,335.37,0.48,0.65,2026-07-29,1015,N,VIIRS,n,2.0NRT,305.14,25.54,D
36.70528,29.46911,352.07,0.48,0.65,2026-07-29,1015,N,VIIRS,n,2.0NRT,308.05,16.05,D
36.70586,29.43646,350.2,0.48,0.65,2026-07-29,1015,N,VIIRS,n,2.0NRT,307.05,23.3,D
36.70742,29.44192,367.0,0.48,0.65,2026-07-29,1015,N,VIIRS,h,2.0NRT,308.37,23.3,D
36.7088,29.44677,332.55,0.48,0.65,2026-07-29,1015,N,VIIRS,n,2.0NRT,302.95,11.55,D
36.70998,29.45094,367.0,0.48,0.65,2026-07-29,1015,N,VIIRS,h,2.0NRT,306.27,11.55,D
36.71112,29.45494,367.0,0.48,0.65,2026-07-29,1015,N,VIIRS,h,2.0NRT,308.67,8.46,D
36.7123,29.45905,354.23,0.48,0.65,2026-07-29,1015,N,VIIRS,n,2.0NRT,310.03,8.46,D
36.71723,29.45383,345.49,0.48,0.65,2026-07-29,1015,N,VIIRS,n,2.0NRT,303.85,8.46,D
36.7185,29.45831,343.21,0.48,0.65,2026-07-29,1015,N,VIIRS,n,2.0NRT,306.42,8.46,D
36.74664,36.20285,346.49,0.43,0.46,2026-07-29,1015,N,VIIRS,n,2.0NRT,317.36,5.17,D
36.97037,30.24808,367.0,0.43,0.62,2026-07-29,1015,N,VIIRS,h,2.0NRT,314.18,9.76,D
36.97592,30.24605,367.0,0.43,0.62,2026-07-29,1015,N,VIIRS,h,2.0NRT,311.26,9.76,D
37.07404,41.08914,367.0,0.41,0.37,2026-07-29,1015,N,VIIRS,h,2.0NRT,357.42,33.9,D
37.07738,40.66342,367.0,0.42,0.37,2026-07-29,1015,N,VIIRS,h,2.0NRT,331.04,2.27,D
37.0774,41.08824,367.0,0.41,0.37,2026-07-29,1015,N,VIIRS,h,2.0NRT,341.82,32.51,D
37.56699,39.07127,352.4,0.46,0.39,2026-07-29,1015,N,VIIRS,n,2.0NRT,326.92,26.69,D
37.9312,39.71498,353.87,0.43,0.38,2026-07-29,1015,N,VIIRS,n,2.0NRT,323.11,16.17,D
38.39671,30.78242,348.63,0.37,0.58,2026-07-29,1015,N,VIIRS,n,2.0NRT,306.26,6.34,D
39.88392,37.73091,338.25,0.48,0.4,2026-07-29,1015,N,VIIRS,n,2.0NRT,306.6,15.81,D
39.88581,37.73285,346.64,0.48,0.4,2026-07-29,1015,N,VIIRS,n,2.0NRT,308.84,15.82,D
38.56291,27.84141,338.16,0.51,0.66,2026-07-29,1017,N,VIIRS,n,2.0NRT,302.44,5.01,D
39.35659,26.93999,340.83,0.54,0.68,2026-07-29,1017,N,VIIRS,n,2.0NRT,302.86,6.17,D
39.4096,33.12429,344.09,0.53,0.5,2026-07-29,1017,N,VIIRS,n,2.0NRT,303.81,5.39,D
39.77688,34.11923,346.42,0.46,0.47,2026-07-29,1017,N,VIIRS,n,2.0NRT,307.68,5.65,D
39.77724,34.12075,346.35,0.46,0.47,2026-07-29,1017,N,VIIRS,n,2.0NRT,307.31,5.37,D
39.79581,34.18232,333.85,0.46,0.47,2026-07-29,1017,N,VIIRS,n,2.0NRT,304.79,1.81,D
39.81232,34.89354,337.56,0.43,0.46,2026-07-29,1017,N,VIIRS,n,2.0NRT,302.0,3.18,D
40.02836,34.08533,348.74,0.46,0.47,2026-07-29,1017,N,VIIRS,n,2.0NRT,302.74,5.53,D
40.22235,34.28672,336.01,0.45,0.47,2026-07-29,1017,N,VIIRS,n,2.0NRT,305.28,3.81,D
40.22654,34.28521,346.25,0.45,0.47,2026-07-29,1017,N,VIIRS,n,2.0NRT,305.68,3.81,D
40.25345,28.97772,335.18,0.41,0.6,2026-07-29,1017,N,VIIRS,n,2.0NRT,302.1,1.33,D
40.25729,28.97724,333.24,0.41,0.6,2026-07-29,1017,N,VIIRS,n,2.0NRT,301.04,2.62,D
40.25763,33.81501,343.74,0.47,0.48,2026-07-29,1017,N,VIIRS,n,2.0NRT,308.72,4.34,D
40.40768,33.8425,335.92,0.46,0.47,2026-07-29,1017,N,VIIRS,n,2.0NRT,305.93,2.28,D
40.41191,33.84084,335.79,0.46,0.47,2026-07-29,1017,N,VIIRS,n,2.0NRT,304.6,2.28,D
40.50719,33.97527,346.57,0.45,0.47,2026-07-29,1017,N,VIIRS,n,2.0NRT,315.75,16.83,D
40.51149,33.97411,351.11,0.45,0.47,2026-07-29,1017,N,VIIRS,n,2.0NRT,312.3,13.05,D
40.58068,34.04813,336.47,0.45,0.47,2026-07-29,1017,N,VIIRS,n,2.0NRT,310.16,2.69,D
41.10023,28.2143,344.21,0.42,0.61,2026-07-29,1017,N,VIIRS,n,2.0NRT,301.4,2.66,D
41.34653,27.45806,337.1,0.45,0.63,2026-07-29,1017,N,VIIRS,n,2.0NRT,302.08,2.57,D
36.34991,29.40488,339.37,0.37,0.58,2026-07-29,1155,N,VIIRS,n,2.0NRT,308.98,4.66,D
36.36159,29.41787,330.57,0.37,0.58,2026-07-29,1155,N,VIIRS,n,2.0NRT,300.46,5.26,D
36.36241,29.44482,367.0,0.37,0.58,2026-07-29,1155,N,VIIRS,h,2.0NRT,304.25,6.85,D
36.36262,29.44807,367.0,0.37,0.58,2026-07-29,1155,N,VIIRS,h,2.0NRT,304.76,6.85,D
36.36311,29.44423,367.0,0.37,0.58,2026-07-29,1155,N,VIIRS,h,2.0NRT,304.59,9.9,D
36.36329,29.44754,367.0,0.38,0.58,2026-07-29,1155,N,VIIRS,h,2.0NRT,303.72,9.9,D
36.36793,29.44561,335.64,0.37,0.58,2026-07-29,1155,N,VIIRS,n,2.0NRT,298.74,6.85,D
36.3906,30.40646,343.93,0.42,0.61,2026-07-29,1155,N,VIIRS,n,2.0NRT,301.35,10.75,D
36.39093,30.41258,367.0,0.42,0.61,2026-07-29,1155,N,VIIRS,h,2.0NRT,307.43,30.39,D
36.39127,30.41883,355.27,0.42,0.61,2026-07-29,1155,N,VIIRS,n,2.0NRT,306.36,30.39,D
36.3916,30.42496,367.0,0.42,0.61,2026-07-29,1155,N,VIIRS,h,2.0NRT,306.59,21.84,D
36.39193,30.43114,346.04,0.42,0.61,2026-07-29,1155,N,VIIRS,n,2.0NRT,303.03,21.84,D
36.39621,30.40351,339.94,0.42,0.61,2026-07-29,1155,N,VIIRS,n,2.0NRT,307.43,90.05,D
36.39658,30.4104,367.0,0.42,0.61,2026-07-29,1155,N,VIIRS,h,2.0NRT,328.23,161.67,D
36.39708,30.41097,367.0,0.42,0.61,2026-07-29,1155,N,VIIRS,h,2.0NRT,326.33,184.65,D
36.39765,30.43008,367.0,0.42,0.61,2026-07-29,1155,N,VIIRS,h,2.0NRT,309.87,145.27,D
36.39803,30.43081,367.0,0.42,0.61,2026-07-29,1155,N,VIIRS,h,2.0NRT,305.68,121.48,D
36.40254,30.4139,367.0,0.42,0.61,2026-07-29,1155,N,VIIRS,h,2.0NRT,306.46,161.67,D
36.40296,30.42157,349.18,0.42,0.61,2026-07-29,1155,N,VIIRS,n,2.0NRT,316.23,145.27,D
36.40303,30.41457,354.05,0.42,0.61,2026-07-29,1155,N,VIIRS,n,2.0NRT,308.71,184.65,D
36.40334,30.42841,367.0,0.42,0.61,2026-07-29,1155,N,VIIRS,h,2.0NRT,310.87,145.27,D
36.4034,30.42233,348.86,0.42,0.61,2026-07-29,1155,N,VIIRS,n,2.0NRT,317.33,121.48,D
36.40373,30.42911,367.0,0.42,0.61,2026-07-29,1155,N,VIIRS,h,2.0NRT,305.32,121.48,D
36.63099,29.40815,336.78,0.37,0.58,2026-07-29,1157,N,VIIRS,n,2.0NRT,296.64,35.82,D
36.63121,29.41183,351.6,0.37,0.58,2026-07-29,1157,N,VIIRS,n,2.0NRT,297.14,35.82,D
36.63143,29.41555,355.47,0.37,0.58,2026-07-29,1157,N,VIIRS,n,2.0NRT,300.44,224.53,D
36.63165,29.41928,367.0,0.37,0.58,2026-07-29,1157,N,VIIRS,h,2.0NRT,302.05,224.53,D
36.63187,29.42297,367.0,0.37,0.58,2026-07-29,1157,N,VIIRS,h,2.0NRT,298.61,94.51,D
36.63208,29.42656,367.0,0.38,0.58,2026-07-29,1157,N,VIIRS,h,2.0NRT,296.09,94.51,D
36.63229,29.43009,367.0,0.38,0.58,2026-07-29,1157,N,VIIRS,h,2.0NRT,294.76,20.0,D
36.6325,29.43356,354.84,0.38,0.58,2026-07-29,1157,N,VIIRS,n,2.0NRT,292.85,20.0,D
36.63271,29.43702,349.29,0.38,0.58,2026-07-29,1157,N,VIIRS,n,2.0NRT,291.92,8.59,D
36.63292,29.44052,341.81,0.38,0.58,2026-07-29,1157,N,VIIRS,n,2.0NRT,291.22,8.59,D
36.63622,29.40407,340.06,0.37,0.58,2026-07-29,1157,N,VIIRS,n,2.0NRT,298.89,14.98,D
36.63644,29.40775,354.4,0.37,0.58,2026-07-29,1157,N,VIIRS,n,2.0NRT,299.74,35.82,D
36.63666,29.41138,344.52,0.37,0.58,2026-07-29,1157,N,VIIRS,n,2.0NRT,304.21,35.82,D
36.63731,29.4222,352.5,0.37,0.58,2026-07-29,1157,N,VIIRS,n,2.0NRT,308.36,94.51,D
36.63752,29.42579,367.0,0.38,0.58,2026-07-29,1157,N,VIIRS,h,2.0NRT,298.99,94.51,D
36.63774,29.42941,367.0,0.38,0.58,2026-07-29,1157,N,VIIRS,h,2.0NRT,297.93,20.0,D
36.63795,29.43299,367.0,0.38,0.58,2026-07-29,1157,N,VIIRS,h,2.0NRT,296.13,20.0,D
36.63816,29.43651,367.0,0.38,0.58,2026-07-29,1157,N,VIIRS,h,2.0NRT,293.61,8.59,D
36.63837,29.44003,353.73,0.38,0.58,2026-07-29,1157,N,VIIRS,n,2.0NRT,291.81,8.59,D
36.63859,29.44366,345.61,0.38,0.58,2026-07-29,1157,N,VIIRS,n,2.0NRT,291.77,16.92,D
36.64169,29.40402,342.38,0.37,0.58,2026-07-29,1157,N,VIIRS,n,2.0NRT,300.64,11.2,D
36.64193,29.40785,367.0,0.37,0.58,2026-07-29,1157,N,VIIRS,h,2.0NRT,300.6,79.62,D
36.64344,29.43312,355.54,0.38,0.58,2026-07-29,1157,N,VIIRS,n,2.0NRT,309.02,197.7,D
36.64367,29.43679,367.0,0.38,0.58,2026-07-29,1157,N,VIIRS,h,2.0NRT,297.65,53.06,D
36.64389,29.44041,367.0,0.38,0.58,2026-07-29,1157,N,VIIRS,h,2.0NRT,295.83,53.06,D
36.6441,29.44395,353.92,0.38,0.58,2026-07-29,1157,N,VIIRS,n,2.0NRT,294.53,9.45,D
36.6443,29.44735,344.32,0.38,0.58,2026-07-29,1157,N,VIIRS,n,2.0NRT,294.54,9.45,D
36.64741,29.40795,345.57,0.37,0.58,2026-07-29,1157,N,VIIRS,n,2.0NRT,301.48,79.62,D
36.64764,29.41172,355.12,0.37,0.58,2026-07-29,1157,N,VIIRS,n,2.0NRT,304.12,79.62,D
36.64807,29.41886,367.0,0.37,0.58,2026-07-29,1157,N,VIIRS,h,2.0NRT,313.45,254.16,D
36.64828,29.42242,367.0,0.37,0.58,2026-07-29,1157,N,VIIRS,h,2.0NRT,308.5,189.2,D
36.6485,29.42602,352.73,0.38,0.58,2026-07-29,1157,N,VIIRS,n,2.0NRT,309.49,189.2,D
36.64918,29.43723,355.76,0.38,0.58,2026-07-29,1157,N,VIIRS,n,2.0NRT,311.57,53.06,D
36.64939,29.4408,367.0,0.38,0.58,2026-07-29,1157,N,VIIRS,h,2.0NRT,299.33,53.06,D
36.6496,29.44424,367.0,0.38,0.58,2026-07-29,1157,N,VIIRS,h,2.0NRT,298.51,9.45,D
36.6498,29.44762,347.28,0.38,0.58,2026-07-29,1157,N,VIIRS,n,2.0NRT,298.54,9.45,D
36.6523,29.39826,335.94,0.37,0.58,2026-07-29,1157,N,VIIRS,n,2.0NRT,300.89,10.09,D
36.65258,29.40298,367.0,0.37,0.58,2026-07-29,1157,N,VIIRS,h,2.0NRT,306.88,10.09,D
36.65286,29.40741,344.46,0.37,0.58,2026-07-29,1157,N,VIIRS,n,2.0NRT,300.94,12.48,D
36.65311,29.41153,345.51,0.37,0.58,2026-07-29,1157,N,VIIRS,n,2.0NRT,302.27,12.48,D
36.65334,29.4153,367.0,0.37,0.58,2026-07-29,1157,N,VIIRS,h,2.0NRT,308.6,8.45,D
36.65356,29.41899,356.68,0.37,0.58,2026-07-29,1157,N,VIIRS,n,2.0NRT,308.41,8.45,D
36.65379,29.42265,367.0,0.37,0.58,2026-07-29,1157,N,VIIRS,h,2.0NRT,311.33,17.59,D
36.654,29.4263,367.0,0.38,0.58,2026-07-29,1157,N,VIIRS,h,2.0NRT,312.25,17.59,D
36.65423,29.42999,356.26,0.38,0.58,2026-07-29,1157,N,VIIRS,n,2.0NRT,318.47,57.24,D
36.65489,29.44091,367.0,0.38,0.58,2026-07-29,1157,N,VIIRS,h,2.0NRT,304.05,151.92,D
36.65509,29.44431,357.13,0.38,0.58,2026-07-29,1157,N,VIIRS,n,2.0NRT,309.24,138.12,D
36.6553,29.44764,367.0,0.38,0.58,2026-07-29,1157,N,VIIRS,h,2.0NRT,305.23,138.12,D
36.65549,29.4509,367.0,0.38,0.58,2026-07-29,1157,N,VIIRS,h,2.0NRT,304.11,58.96,D
36.65569,29.45409,367.0,0.38,0.58,2026-07-29,1157,N,VIIRS,h,2.0NRT,307.44,58.96,D
36.65879,29.41484,349.94,0.37,0.58,2026-07-29,1157,N,VIIRS,n,2.0NRT,306.35,8.45,D
36.65902,29.41862,350.79,0.37,0.58,2026-07-29,1157,N,VIIRS,n,2.0NRT,308.44,8.45,D
36.65924,29.42228,351.76,0.37,0.58,2026-07-29,1157,N,VIIRS,n,2.0NRT,311.02,17.59,D
36.65946,29.42589,356.09,0.38,0.58,2026-07-29,1157,N,VIIRS,n,2.0NRT,312.05,17.59,D
36.65968,29.42949,367.0,0.38,0.58,2026-07-29,1157,N,VIIRS,h,2.0NRT,315.38,57.24,D
36.65977,29.41566,367.0,0.37,0.58,2026-07-29,1157,N,VIIRS,h,2.0NRT,309.89,10.86,D
36.65998,29.41942,347.28,0.38,0.58,2026-07-29,1157,N,VIIRS,n,2.0NRT,309.25,10.86,D
36.66013,29.43688,367.0,0.38,0.58,2026-07-29,1157,N,VIIRS,h,2.0NRT,339.05,151.92,D
36.66018,29.42307,352.38,0.38,0.58,2026-07-29,1157,N,VIIRS,n,2.0NRT,312.1,14.33,D
36.66038,29.42666,367.0,0.38,0.58,2026-07-29,1157,N,VIIRS,h,2.0NRT,312.97,14.33,D
36.66058,29.43027,367.0,0.38,0.58,2026-07-29,1157,N,VIIRS,h,2.0NRT,316.5,44.97,D
36.66076,29.4471,367.0,0.38,0.58,2026-07-29,1157,N,VIIRS,h,2.0NRT,338.38,138.12,D
36.66079,29.43396,367.0,0.38,0.58,2026-07-29,1157,N,VIIRS,h,2.0NRT,326.86,44.97,D
36.66096,29.45047,367.0,0.38,0.58,2026-07-29,1157,N,VIIRS,h,2.0NRT,335.14,58.96,D
36.66137,29.44445,367.0,0.38,0.58,2026-07-29,1157,N,VIIRS,h,2.0NRT,368.55,264.21,D
36.66137,29.45719,367.0,0.38,0.59,2026-07-29,1157,N,VIIRS,h,2.0NRT,315.58,62.77,D
36.66156,29.44785,367.0,0.38,0.58,2026-07-29,1157,N,VIIRS,h,2.0NRT,342.01,264.21,D
36.66157,29.46063,352.33,0.38,0.59,2026-07-29,1157,N,VIIRS,n,2.0NRT,319.24,62.77,D
36.66174,29.45126,367.0,0.38,0.59,2026-07-29,1157,N,VIIRS,h,2.0NRT,335.34,72.33,D
36.6618,29.4643,339.74,0.38,0.59,2026-07-29,1157,N,VIIRS,n,2.0NRT,304.45,20.69,D
36.66232,29.46158,367.0,0.38,0.59,2026-07-29,1157,N,VIIRS,h,2.0NRT,327.5,130.02,D
36.66423,29.41418,367.0,0.37,0.58,2026-07-29,1157,N,VIIRS,h,2.0NRT,308.49,13.03,D
36.66447,29.41817,367.0,0.37,0.58,2026-07-29,1157,N,VIIRS,h,2.0NRT,314.94,13.03,D
36.66521,29.41502,356.11,0.37,0.58,2026-07-29,1157,N,VIIRS,n,2.0NRT,310.86,10.86,D
36.66536,29.43259,367.0,0.38,0.58,2026-07-29,1157,N,VIIRS,h,2.0NRT,314.69,29.5,D
36.66544,29.419,367.0,0.38,0.58,2026-07-29,1157,N,VIIRS,h,2.0NRT,312.95,10.86,D
36.66621,29.44661,367.0,0.38,0.58,2026-07-29,1157,N,VIIRS,h,2.0NRT,342.57,188.78,D
36.66624,29.43335,367.0,0.38,0.58,2026-07-29,1157,N,VIIRS,h,2.0NRT,315.37,44.97,D
36.66665,29.45376,355.89,0.38,0.58,2026-07-29,1157,N,VIIRS,n,2.0NRT,324.84,40.18,D
36.66682,29.44387,367.0,0.38,0.58,2026-07-29,1157,N,VIIRS,h,2.0NRT,356.59,264.21,D
36.66722,29.45099,367.0,0.38,0.59,2026-07-29,1157,N,VIIRS,h,2.0NRT,327.66,72.33,D
36.66737,29.46549,367.0,0.38,0.59,2026-07-29,1157,N,VIIRS,h,2.0NRT,313.33,101.2,D
36.66742,29.45465,356.35,0.38,0.59,2026-07-29,1157,N,VIIRS,n,2.0NRT,325.79,72.33,D
36.66763,29.45847,367.0,0.38,0.59,2026-07-29,1157,N,VIIRS,h,2.0NRT,329.73,130.02,D
36.66786,29.46246,367.0,0.38,0.59,2026-07-29,1157,N,VIIRS,h,2.0NRT,363.16,130.02,D
36.66809,29.46672,367.0,0.38,0.59,2026-07-29,1157,N,VIIRS,h,2.0NRT,306.88,152.91,D
36.66992,29.41758,367.0,0.37,0.58,2026-07-29,1157,N,VIIRS,h,2.0NRT,310.46,13.03,D
36.67089,29.41838,354.06,0.38,0.58,2026-07-29,1157,N,VIIRS,n,2.0NRT,310.52,14.41,D
36.67147,29.44276,354.02,0.38,0.58,2026-07-29,1157,N,VIIRS,n,2.0NRT,312.18,188.78,D
36.6717,29.44648,351.76,0.38,0.58,2026-07-29,1157,N,VIIRS,n,2.0NRT,313.54,188.78,D
36.67193,29.45022,355.85,0.38,0.58,2026-07-29,1157,N,VIIRS,n,2.0NRT,313.53,40.18,D
36.67216,29.45408,367.0,0.38,0.58,2026-07-29,1157,N,VIIRS,h,2.0NRT,317.57,40.18,D
36.6723,29.44373,347.97,0.38,0.58,2026-07-29,1157,N,VIIRS,n,2.0NRT,312.18,9.01,D
36.67242,29.45822,367.0,0.38,0.59,2026-07-29,1157,N,VIIRS,h,2.0NRT,316.23,75.69,D
36.67251,29.44744,347.2,0.38,0.58,2026-07-29,1157,N,VIIRS,n,2.0NRT,312.29,9.01,D
36.67268,29.46247,353.56,0.38,0.59,2026-07-29,1157,N,VIIRS,n,2.0NRT,318.05,75.69,D
36.67272,29.45122,355.18,0.38,0.59,2026-07-29,1157,N,VIIRS,n,2.0NRT,313.73,12.54,D
36.67295,29.45521,367.0,0.38,0.59,2026-07-29,1157,N,VIIRS,h,2.0NRT,316.76,12.54,D
36.67296,29.46705,350.09,0.38,0.59,2026-07-29,1157,N,VIIRS,n,2.0NRT,303.9,101.2,D
36.67318,29.45941,367.0,0.38,0.59,2026-07-29,1157,N,VIIRS,h,2.0NRT,315.57,21.18,D
36.67342,29.46378,367.0,0.38,0.59,2026-07-29,1157,N,VIIRS,h,2.0NRT,315.19,21.18,D
36.67635,29.43277,367.0,0.38,0.58,2026-07-29,1157,N,VIIRS,h,2.0NRT,315.85,29.65,D
36.67655,29.42164,346.69,0.38,0.58,2026-07-29,1157,N,VIIRS,n,2.0NRT,310.88,18.67,D
36.67679,29.42587,354.5,0.38,0.58,2026-07-29,1157,N,VIIRS,n,2.0NRT,308.46,18.67,D
36.67701,29.42989,367.0,0.38,0.58,2026-07-29,1157,N,VIIRS,h,2.0NRT,325.56,44.51,D
36.67723,29.4337,367.0,0.38,0.58,2026-07-29,1157,N,VIIRS,h,2.0NRT,318.13,44.51,D
36.67801,29.45971,367.0,0.38,0.59,2026-07-29,1157,N,VIIRS,h,2.0NRT,315.7,24.33,D
36.6783,29.46425,367.0,0.38,0.59,2026-07-29,1157,N,VIIRS,h,2.0NRT,310.38,24.33,D
36.67851,29.45655,356.22,0.38,0.59,2026-07-29,1157,N,VIIRS,n,2.0NRT,312.06,12.54,D
36.67875,29.46092,367.0,0.38,0.59,2026-07-29,1157,N,VIIRS,h,2.0NRT,318.06,21.18,D
36.67901,29.46549,342.33,0.38,0.59,2026-07-29,1157,N,VIIRS,n,2.0NRT,305.76,21.18,D
36.68158,29.42862,367.0,0.38,0.58,2026-07-29,1157,N,VIIRS,h,2.0NRT,309.73,29.65,D
36.68247,29.42939,342.8,0.38,0.58,2026-07-29,1157,N,VIIRS,n,2.0NRT,308.29,12.54,D
36.68331,29.45642,356.86,0.38,0.58,2026-07-29,1157,N,VIIRS,n,2.0NRT,316.37,37.34,D
36.68356,29.46046,350.6,0.38,0.59,2026-07-29,1157,N,VIIRS,n,2.0NRT,319.14,24.33,D
36.68382,29.46469,367.0,0.38,0.59,2026-07-29,1157,N,VIIRS,h,2.0NRT,306.84,24.33,D
36.68383,29.45345,347.42,0.38,0.59,2026-07-29,1157,N,VIIRS,n,2.0NRT,311.01,20.12,D
36.68406,29.45746,355.29,0.38,0.59,2026-07-29,1157,N,VIIRS,n,2.0NRT,317.16,20.12,D
36.68428,29.46146,367.0,0.38,0.59,2026-07-29,1157,N,VIIRS,h,2.0NRT,314.69,49.41,D
36.68736,29.41877,338.38,0.38,0.58,2026-07-29,1157,N,VIIRS,n,2.0NRT,307.73,9.3,D
36.70111,29.46747,351.11,0.38,0.59,2026-07-29,1157,N,VIIRS,n,2.0NRT,313.57,44.21,D
36.70131,29.47111,356.71,0.38,0.59,2026-07-29,1157,N,VIIRS,n,2.0NRT,323.66,44.21,D
36.7046,29.43259,339.12,0.38,0.58,2026-07-29,1157,N,VIIRS,n,2.0NRT,305.5,5.65,D
36.70483,29.43666,351.22,0.38,0.58,2026-07-29,1157,N,VIIRS,n,2.0NRT,313.67,33.01,D
36.70509,29.4411,367.0,0.38,0.58,2026-07-29,1157,N,VIIRS,h,2.0NRT,314.33,33.01,D
36.70633,29.46276,367.0,0.38,0.59,2026-07-29,1157,N,VIIRS,h,2.0NRT,312.12,10.26,D
36.71047,29.43926,343.01,0.38,0.58,2026-07-29,1157,N,VIIRS,n,2.0NRT,309.59,33.01,D
36.71073,29.44367,367.0,0.38,0.59,2026-07-29,1157,N,VIIRS,h,2.0NRT,342.1,77.37,D
36.71104,29.44905,367.0,0.38,0.59,2026-07-29,1157,N,VIIRS,h,2.0NRT,310.4,77.37,D
36.71175,29.46129,338.18,0.38,0.59,2026-07-29,1157,N,VIIRS,n,2.0NRT,310.05,10.26,D
36.7168,29.45376,356.55,0.38,0.59,2026-07-29,1157,N,VIIRS,n,2.0NRT,308.63,8.28,D
37.60871,32.61534,353.56,0.57,0.69,2026-07-29,1157,N,VIIRS,n,2.0NRT,298.37,6.25,D
38.25966,32.31361,336.9,0.56,0.68,2026-07-29,1157,N,VIIRS,n,2.0NRT,300.69,4.75,D
38.26046,32.31213,331.53,0.56,0.69,2026-07-29,1157,N,VIIRS,n,2.0NRT,300.42,4.29,D
38.3972,30.78046,336.69,0.46,0.64,2026-07-29,1157,N,VIIRS,n,2.0NRT,307.98,3.04,D
38.53537,28.44732,367.0,0.34,0.56,2026-07-29,1157,N,VIIRS,h,2.0NRT,321.41,20.58,D
38.53559,28.45097,367.0,0.35,0.56,2026-07-29,1157,N,VIIRS,h,2.0NRT,316.61,20.58,D
38.54084,28.45033,367.0,0.35,0.56,2026-07-29,1157,N,VIIRS,h,2.0NRT,311.52,20.58,D
38.54107,28.45405,343.89,0.35,0.56,2026-07-29,1157,N,VIIRS,n,2.0NRT,307.29,17.25,D
38.6391,26.82548,353.98,0.56,0.52,2026-07-29,1157,N,VIIRS,n,2.0NRT,313.17,23.22,D
38.70065,27.56701,330.38,0.62,0.54,2026-07-29,1157,N,VIIRS,n,2.0NRT,302.61,2.09,D
38.91813,33.5262,331.7,0.65,0.73,2026-07-29,1157,N,VIIRS,n,2.0NRT,299.21,5.74,D
38.91882,33.52633,331.56,0.65,0.73,2026-07-29,1157,N,VIIRS,n,2.0NRT,299.45,4.17,D
38.96601,33.94439,353.44,0.68,0.74,2026-07-29,1157,N,VIIRS,n,2.0NRT,306.74,28.38,D
38.9661,33.95218,367.0,0.69,0.74,2026-07-29,1157,N,VIIRS,h,2.0NRT,303.27,28.38,D
38.97308,33.95155,349.61,0.69,0.74,2026-07-29,1157,N,VIIRS,n,2.0NRT,305.04,28.38,D
38.97318,33.9592,352.27,0.69,0.74,2026-07-29,1157,N,VIIRS,n,2.0NRT,303.91,17.42,D
38.97328,33.96708,345.18,0.69,0.74,2026-07-29,1157,N,VIIRS,n,2.0NRT,301.7,17.42,D
38.98112,26.38098,335.64,0.54,0.51,2026-07-29,1157,N,VIIRS,n,2.0NRT,308.34,19.92,D
38.98468,26.38161,342.72,0.54,0.51,2026-07-29,1157,N,VIIRS,n,2.0NRT,309.13,10.97,D
38.98516,26.38771,367.0,0.54,0.51,2026-07-29,1157,N,VIIRS,h,2.0NRT,312.15,17.66,D
38.9858,26.37997,342.65,0.54,0.51,2026-07-29,1157,N,VIIRS,n,2.0NRT,309.07,19.92,D
38.98624,26.38598,356.65,0.54,0.51,2026-07-29,1157,N,VIIRS,n,2.0NRT,321.17,19.92,D
38.98936,26.38072,341.46,0.54,0.51,2026-07-29,1157,N,VIIRS,n,2.0NRT,308.72,11.7,D
38.98982,26.38652,349.86,0.54,0.51,2026-07-29,1157,N,VIIRS,n,2.0NRT,313.46,24.48,D
38.99092,26.38489,333.79,0.54,0.51,2026-07-29,1157,N,VIIRS,n,2.0NRT,308.13,5.08,D
39.32294,26.92102,336.89,0.58,0.52,2026-07-29,1157,N,VIIRS,n,2.0NRT,300.01,4.02,D
39.32343,26.92777,332.43,0.58,0.52,2026-07-29,1157,N,VIIRS,n,2.0NRT,298.11,4.02,D
39.32781,26.92048,367.0,0.58,0.52,2026-07-29,1157,N,VIIRS,h,2.0NRT,362.57,189.91,D
39.32831,26.92738,350.14,0.58,0.52,2026-07-29,1157,N,VIIRS,n,2.0NRT,300.73,189.91,D
39.33272,26.92039,367.0,0.58,0.52,2026-07-29,1157,N,VIIRS,h,2.0NRT,345.42,189.91,D
39.33319,26.92686,354.04,0.58,0.52,2026-07-29,1157,N,VIIRS,n,2.0NRT,304.89,189.91,D
39.33473,26.91904,367.0,0.58,0.52,2026-07-29,1157,N,VIIRS,h,2.0NRT,340.64,231.6,D
39.33515,26.92534,355.59,0.58,0.52,2026-07-29,1157,N,VIIRS,n,2.0NRT,314.11,80.97,D
39.33556,26.93137,354.32,0.58,0.52,2026-07-29,1157,N,VIIRS,n,2.0NRT,308.59,80.97,D
39.33717,26.91397,333.98,0.58,0.52,2026-07-29,1157,N,VIIRS,n,2.0NRT,306.39,26.3,D
39.33764,26.92044,348.88,0.58,0.52,2026-07-29,1157,N,VIIRS,n,2.0NRT,318.08,154.16,D
39.33963,26.91896,348.09,0.58,0.52,2026-07-29,1157,N,VIIRS,n,2.0NRT,321.89,231.6,D
39.34005,26.92505,351.93,0.58,0.52,2026-07-29,1157,N,VIIRS,n,2.0NRT,326.55,80.97,D
39.34045,26.931,367.0,0.58,0.52,2026-07-29,1157,N,VIIRS,h,2.0NRT,335.96,80.97,D
39.34085,26.93713,344.29,0.58,0.52,2026-07-29,1157,N,VIIRS,n,2.0NRT,303.4,61.67,D
39.34205,26.91357,338.95,0.58,0.52,2026-07-29,1157,N,VIIRS,n,2.0NRT,307.14,26.3,D
39.34451,26.91844,351.14,0.58,0.52,2026-07-29,1157,N,VIIRS,n,2.0NRT,314.9,53.94,D
39.34494,26.92478,354.78,0.58,0.52,2026-07-29,1157,N,VIIRS,n,2.0NRT,323.38,54.28,D
39.34536,26.93095,353.61,0.58,0.52,2026-07-29,1157,N,VIIRS,n,2.0NRT,324.2,54.28,D
39.34741,26.91965,353.57,0.58,0.52,2026-07-29,1157,N,VIIRS,n,2.0NRT,306.97,36.87,D
39.34788,26.92608,367.0,0.58,0.52,2026-07-29,1157,N,VIIRS,h,2.0NRT,318.34,36.87,D
39.34834,26.93244,356.69,0.58,0.52,2026-07-29,1157,N,VIIRS,n,2.0NRT,321.89,58.67,D
39.34882,26.9389,350.81,0.58,0.52,2026-07-29,1157,N,VIIRS,n,2.0NRT,322.45,58.67,D
39.34984,26.92465,367.0,0.58,0.52,2026-07-29,1157,N,VIIRS,h,2.0NRT,315.12,54.28,D
39.35028,26.93115,367.0,0.58,0.52,2026-07-29,1157,N,VIIRS,h,2.0NRT,318.83,54.28,D
39.35072,26.93761,353.02,0.58,0.52,2026-07-29,1157,N,VIIRS,n,2.0NRT,326.25,83.75,D
39.35117,26.94428,355.28,0.58,0.52,2026-07-29,1157,N,VIIRS,n,2.0NRT,312.54,83.75,D
39.3528,26.92612,352.88,0.58,0.52,2026-07-29,1157,N,VIIRS,n,2.0NRT,315.44,36.87,D
39.35328,26.93269,367.0,0.58,0.52,2026-07-29,1157,N,VIIRS,h,2.0NRT,318.2,58.67,D
39.35376,26.93924,353.58,0.58,0.52,2026-07-29,1157,N,VIIRS,n,2.0NRT,322.93,58.67,D
39.35424,26.94578,349.85,0.58,0.52,2026-07-29,1157,N,VIIRS,n,2.0NRT,316.23,71.51,D
39.35476,26.9246,344.34,0.58,0.52,2026-07-29,1157,N,VIIRS,n,2.0NRT,308.63,33.17,D
39.35521,26.93127,367.0,0.58,0.52,2026-07-29,1157,N,VIIRS,h,2.0NRT,318.83,33.17,D
39.35564,26.93776,357.14,0.58,0.52,2026-07-29,1157,N,VIIRS,n,2.0NRT,317.97,28.64,D
39.35608,26.94424,356.61,0.58,0.52,2026-07-29,1157,N,VIIRS,n,2.0NRT,311.94,28.64,D
39.35819,26.9326,354.86,0.58,0.52,2026-07-29,1157,N,VIIRS,n,2.0NRT,316.23,36.67,D
39.35866,26.93897,367.0,0.58,0.52,2026-07-29,1157,N,VIIRS,h,2.0NRT,314.72,36.67,D
39.36011,26.9311,353.84,0.58,0.52,2026-07-29,1157,N,VIIRS,n,2.0NRT,308.42,33.17,D
39.36054,26.93741,355.23,0.58,0.52,2026-07-29,1157,N,VIIRS,n,2.0NRT,308.42,28.64,D
39.36098,26.94381,333.95,0.58,0.52,2026-07-29,1157,N,VIIRS,n,2.0NRT,306.96,28.64,D
39.57051,26.77873,340.67,0.57,0.52,2026-07-29,1157,N,VIIRS,n,2.0NRT,304.83,4.67,D
39.57095,26.78516,352.29,0.57,0.52,2026-07-29,1157,N,VIIRS,n,2.0NRT,309.08,4.67,D
39.5714,26.79158,350.8,0.57,0.52,2026-07-29,1157,N,VIIRS,n,2.0NRT,313.43,9.92,D
39.57527,26.77688,367.0,0.57,0.52,2026-07-29,1157,N,VIIRS,h,2.0NRT,316.27,14.99,D
39.57574,26.78366,346.93,0.57,0.52,2026-07-29,1157,N,VIIRS,n,2.0NRT,308.55,14.99,D
39.57619,26.7902,345.33,0.57,0.52,2026-07-29,1157,N,VIIRS,n,2.0NRT,309.77,10.01,D
39.58004,26.77518,353.68,0.57,0.52,2026-07-29,1157,N,VIIRS,n,2.0NRT,308.34,14.99,D
39.66751,34.36898,344.0,0.73,0.76,2026-07-29,1157,N,VIIRS,n,2.0NRT,300.39,13.1,D
40.03851,34.16623,335.86,0.71,0.75,2026-07-29,1157,N,VIIRS,n,2.0NRT,300.01,5.22,D
40.05019,28.14818,354.21,0.34,0.56,2026-07-29,1157,N,VIIRS,n,2.0NRT,306.14,8.32,D
40.05043,28.15245,367.0,0.34,0.56,2026-07-29,1157,N,VIIRS,h,2.0NRT,303.94,8.32,D
40.05098,28.14881,353.68,0.34,0.56,2026-07-29,1157,N,VIIRS,n,2.0NRT,305.51,7.88,D
40.05123,28.153,367.0,0.34,0.56,2026-07-29,1157,N,VIIRS,h,2.0NRT,305.11,7.88,D
40.05568,28.15201,341.95,0.34,0.56,2026-07-29,1157,N,VIIRS,n,2.0NRT,303.52,8.32,D
40.05649,28.15256,330.58,0.34,0.56,2026-07-29,1157,N,VIIRS,n,2.0NRT,303.13,7.88,D
40.09872,34.2167,337.11,0.71,0.75,2026-07-29,1157,N,VIIRS,n,2.0NRT,301.34,6.29,D
40.10582,34.21724,339.22,0.71,0.75,2026-07-29,1157,N,VIIRS,n,2.0NRT,304.16,6.29,D
40.22342,34.28455,340.7,0.72,0.76,2026-07-29,1157,N,VIIRS,n,2.0NRT,302.94,4.9,D
40.22613,34.283,336.26,0.72,0.76,2026-07-29,1157,N,VIIRS,n,2.0NRT,302.39,8.21,D
40.4735,28.99835,349.4,0.38,0.59,2026-07-29,1157,N,VIIRS,n,2.0NRT,301.15,27.74,D
40.47375,29.00347,349.35,0.38,0.59,2026-07-29,1157,N,VIIRS,n,2.0NRT,317.91,48.86,D
40.47398,29.00808,350.78,0.38,0.59,2026-07-29,1157,N,VIIRS,n,2.0NRT,301.4,48.86,D
41.25462,31.41285,330.18,0.52,0.67,2026-07-29,1157,N,VIIRS,n,2.0NRT,300.64,4.08,D
35.51222,44.37317,313.03,0.42,0.45,2026-07-29,2235,N,VIIRS,n,2.0NRT,301.72,1.23,N
35.52804,44.3424,329.29,0.42,0.45,2026-07-29,2235,N,VIIRS,n,2.0NRT,300.51,2.39,N
35.52851,44.33768,331.43,0.42,0.45,2026-07-29,2235,N,VIIRS,n,2.0NRT,299.91,2.62,N
35.53269,44.33839,346.78,0.42,0.45,2026-07-29,2235,N,VIIRS,n,2.0NRT,302.17,5.15,N
35.56353,44.28607,326.43,0.42,0.45,2026-07-29,2235,N,VIIRS,n,2.0NRT,300.52,3.15,N
35.56401,44.28131,321.94,0.42,0.45,2026-07-29,2235,N,VIIRS,n,2.0NRT,298.86,3.15,N
35.58416,44.25103,310.68,0.42,0.45,2026-07-29,2235,N,VIIRS,n,2.0NRT,300.17,2.14,N
35.62615,44.00823,339.87,0.44,0.46,2026-07-29,2235,N,VIIRS,n,2.0NRT,300.26,13.95,N
35.62882,44.01034,324.88,0.44,0.46,2026-07-29,2235,N,VIIRS,n,2.0NRT,309.36,17.26,N
35.62929,44.00543,340.47,0.44,0.46,2026-07-29,2235,N,VIIRS,n,2.0NRT,301.54,17.26,N
35.63042,44.0088,350.37,0.44,0.46,2026-07-29,2235,N,VIIRS,n,2.0NRT,309.14,13.95,N
35.6634,43.9662,340.25,0.44,0.46,2026-07-29,2235,N,VIIRS,n,2.0NRT,304.58,9.65,N
35.68534,43.87427,344.17,0.45,0.47,2026-07-29,2235,N,VIIRS,n,2.0NRT,310.51,74.24,N
35.72342,44.04142,340.95,0.44,0.46,2026-07-29,2235,N,VIIRS,n,2.0NRT,304.32,9.78,N
35.72538,44.04049,353.88,0.44,0.46,2026-07-29,2235,N,VIIRS,n,2.0NRT,305.13,14.66,N
35.72768,44.04216,338.62,0.44,0.46,2026-07-29,2235,N,VIIRS,n,2.0NRT,301.25,9.78,N
35.72861,44.03234,330.94,0.44,0.46,2026-07-29,2235,N,VIIRS,n,2.0NRT,300.46,5.35,N
35.73063,44.03143,335.96,0.44,0.46,2026-07-29,2235,N,VIIRS,n,2.0NRT,301.28,3.72,N
35.77123,43.99448,342.35,0.44,0.46,2026-07-29,2235,N,VIIRS,n,2.0NRT,303.04,6.51,N
35.95174,43.72934,320.52,0.46,0.47,2026-07-29,2235,N,VIIRS,n,2.0NRT,301.43,2.73,N
35.97384,43.77388,312.83,0.45,0.47,2026-07-29,2235,N,VIIRS,n,2.0NRT,302.14,4.3,N
35.97911,43.77039,318.44,0.45,0.47,2026-07-29,2235,N,VIIRS,n,2.0NRT,301.14,4.37,N
35.98346,43.77096,329.21,0.45,0.47,2026-07-29,2235,N,VIIRS,n,2.0NRT,303.01,4.37,N
35.99746,43.76256,318.6,0.46,0.47,2026-07-29,2235,N,VIIRS,n,2.0NRT,299.8,4.32,N
36.00899,43.91824,313.63,0.45,0.47,2026-07-29,2235,N,VIIRS,n,2.0NRT,300.99,2.48,N
36.01823,43.6822,331.93,0.46,0.47,2026-07-29,2235,N,VIIRS,n,2.0NRT,302.21,5.36,N
36.08428,43.64032,311.68,0.46,0.47,2026-07-29,2235,N,VIIRS,n,2.0NRT,297.71,1.86,N
36.08443,43.63883,317.82,0.46,0.47,2026-07-29,2235,N,VIIRS,n,2.0NRT,297.25,1.79,N
36.09838,43.63182,316.44,0.46,0.47,2026-07-29,2235,N,VIIRS,n,2.0NRT,296.29,1.41,N
36.13073,40.80804,310.42,0.33,0.55,2026-07-29,2235,N,VIIRS,n,2.0NRT,296.13,1.18,N
36.16567,41.0448,310.15,0.32,0.55,2026-07-29,2235,N,VIIRS,n,2.0NRT,294.92,0.48,N
36.33437,43.76365,311.86,0.46,0.47,2026-07-29,2235,N,VIIRS,n,2.0NRT,297.63,2.07,N
36.51031,39.03862,306.49,0.42,0.61,2026-07-29,2235,N,VIIRS,n,2.0NRT,295.39,0.71,N
36.51058,39.03378,305.54,0.42,0.61,2026-07-29,2235,N,VIIRS,n,2.0NRT,294.58,1.09,N
36.51694,40.69475,307.21,0.34,0.56,2026-07-29,2235,N,VIIRS,n,2.0NRT,292.27,0.75,N
36.56759,43.49075,311.65,0.48,0.48,2026-07-29,2235,N,VIIRS,n,2.0NRT,295.55,1.87,N
36.62105,40.86422,308.14,0.33,0.56,2026-07-29,2235,N,VIIRS,n,2.0NRT,293.43,0.68,N
36.62188,40.86414,305.51,0.33,0.56,2026-07-29,2235,N,VIIRS,n,2.0NRT,293.07,0.61,N
36.69264,38.41705,318.48,0.46,0.63,2026-07-29,2235,N,VIIRS,n,2.0NRT,298.76,3.35,N
36.71719,36.20256,311.26,0.61,0.71,2026-07-29,2235,N,VIIRS,n,2.0NRT,295.64,3.44,N
36.72767,36.20902,308.75,0.61,0.71,2026-07-29,2235,N,VIIRS,n,2.0NRT,296.31,4.08,N
36.73025,36.21015,312.58,0.6,0.71,2026-07-29,2235,N,VIIRS,n,2.0NRT,297.54,2.77,N
36.73689,36.21055,307.89,0.6,0.71,2026-07-29,2235,N,VIIRS,n,2.0NRT,297.72,2.77,N
36.86938,34.75939,306.49,0.73,0.76,2026-07-29,2235,N,VIIRS,n,2.0NRT,296.42,1.82,N
36.91643,41.89703,306.01,0.59,0.53,2026-07-29,2235,N,VIIRS,n,2.0NRT,293.98,0.55,N
36.94246,42.129,308.85,0.57,0.52,2026-07-29,2235,N,VIIRS,n,2.0NRT,295.95,2.56,N
36.94561,42.13013,324.5,0.57,0.52,2026-07-29,2235,N,VIIRS,n,2.0NRT,297.38,6.84,N
36.94728,42.1296,332.0,0.57,0.52,2026-07-29,2235,N,VIIRS,n,2.0NRT,298.64,5.47,N
36.96405,42.07896,314.52,0.58,0.52,2026-07-29,2235,N,VIIRS,n,2.0NRT,295.06,2.97,N
37.01771,36.0919,307.91,0.62,0.71,2026-07-29,2235,N,VIIRS,n,2.0NRT,296.14,1.34,N
37.02402,36.10558,307.58,0.62,0.71,2026-07-29,2235,N,VIIRS,n,2.0NRT,295.82,2.51,N
37.02958,41.07073,310.34,0.33,0.55,2026-07-29,2235,N,VIIRS,n,2.0NRT,294.66,0.84,N
37.03291,41.07138,321.99,0.33,0.55,2026-07-29,2235,N,VIIRS,n,2.0NRT,295.74,1.74,N
37.0347,41.07136,311.38,0.33,0.55,2026-07-29,2235,N,VIIRS,n,2.0NRT,295.48,0.84,N
37.05786,38.90778,308.51,0.43,0.62,2026-07-29,2235,N,VIIRS,n,2.0NRT,296.7,0.37,N
37.27605,38.7301,310.48,0.44,0.63,2026-07-29,2235,N,VIIRS,n,2.0NRT,298.81,1.69,N
37.37613,39.49524,311.33,0.4,0.6,2026-07-29,2235,N,VIIRS,n,2.0NRT,298.5,0.75,N
37.44746,37.69378,316.39,0.51,0.66,2026-07-29,2235,N,VIIRS,n,2.0NRT,296.85,1.42,N
37.44855,37.6154,320.39,0.51,0.66,2026-07-29,2235,N,VIIRS,n,2.0NRT,296.87,2.89,N
37.44877,37.60943,312.06,0.51,0.66,2026-07-29,2235,N,VIIRS,n,2.0NRT,296.83,2.89,N
37.45074,37.6168,310.58,0.51,0.66,2026-07-29,2235,N,VIIRS,n,2.0NRT,296.42,2.81,N
37.45098,37.61083,338.88,0.51,0.66,2026-07-29,2235,N,VIIRS,n,2.0NRT,297.75,6.36,N
37.4519,37.69298,326.2,0.51,0.66,2026-07-29,2235,N,VIIRS,n,2.0NRT,297.33,5.25,N
37.45498,37.61002,329.91,0.51,0.66,2026-07-29,2235,N,VIIRS,n,2.0NRT,297.33,2.89,N
37.58942,38.09115,326.22,0.48,0.65,2026-07-29,2235,N,VIIRS,n,2.0NRT,295.8,3.37,N
37.97854,40.16759,367.0,0.38,0.58,2026-07-29,2235,N,VIIRS,h,2.0NRT,299.05,5.59,N
37.97879,40.16327,311.58,0.38,0.58,2026-07-29,2235,N,VIIRS,n,2.0NRT,296.66,5.59,N
37.99228,40.02288,312.28,0.38,0.59,2026-07-29,2235,N,VIIRS,n,2.0NRT,295.13,4.94,N
37.99252,40.01849,367.0,0.38,0.59,2026-07-29,2235,N,VIIRS,h,2.0NRT,297.21,10.3,N
41.24407,36.46513,306.64,0.62,0.71,2026-07-29,2235,N,VIIRS,n,2.0NRT,288.04,2.29,N
35.96807,43.76693,329.29,0.79,0.78,2026-07-30,16,N,VIIRS,n,2.0NRT,297.99,9.65,N
35.97791,43.76913,314.02,0.79,0.78,2026-07-30,16,N,VIIRS,n,2.0NRT,296.51,3.46,N
35.98127,43.775,317.47,0.79,0.78,2026-07-30,16,N,VIIRS,n,2.0NRT,295.32,4.51,N
35.98406,43.76637,309.18,0.79,0.78,2026-07-30,16,N,VIIRS,n,2.0NRT,296.37,4.51,N
35.98458,43.77293,321.97,0.79,0.78,2026-07-30,16,N,VIIRS,n,2.0NRT,295.8,3.46,N
35.99693,43.75951,317.2,0.79,0.78,2026-07-30,16,N,VIIRS,n,2.0NRT,295.53,4.42,N
36.00021,43.76531,316.64,0.79,0.78,2026-07-30,16,N,VIIRS,n,2.0NRT,294.25,4.65,N
36.02059,43.67788,304.92,0.78,0.78,2026-07-30,16,N,VIIRS,n,2.0NRT,294.23,2.82,N
36.02173,43.68417,306.44,0.78,0.78,2026-07-30,16,N,VIIRS,n,2.0NRT,295.0,3.39,N
36.08368,43.63912,306.11,0.77,0.77,2026-07-30,16,N,VIIRS,n,2.0NRT,292.77,0.99,N
36.31768,38.0674,305.97,0.39,0.6,2026-07-30,16,N,VIIRS,n,2.0NRT,295.18,0.91,N
36.31886,38.06296,314.36,0.39,0.6,2026-07-30,16,N,VIIRS,n,2.0NRT,295.89,0.91,N
36.51488,39.03489,311.52,0.44,0.62,2026-07-30,16,N,VIIRS,n,2.0NRT,293.85,1.54,N
36.91629,41.89499,303.27,0.6,0.7,2026-07-30,16,N,VIIRS,n,2.0NRT,291.52,2.03,N
36.91685,41.89618,305.76,0.6,0.7,2026-07-30,16,N,VIIRS,n,2.0NRT,291.11,1.31,N
36.94271,42.17433,309.7,0.62,0.71,2026-07-30,16,N,VIIRS,n,2.0NRT,293.21,3.84,N
36.9449,42.17215,310.69,0.62,0.71,2026-07-30,16,N,VIIRS,n,2.0NRT,292.24,2.29,N
36.96519,42.08245,309.42,0.61,0.71,2026-07-30,16,N,VIIRS,n,2.0NRT,293.36,1.67,N
37.35205,37.16196,311.17,0.33,0.56,2026-07-30,16,N,VIIRS,n,2.0NRT,298.08,1.55,N
37.37769,39.49461,315.04,0.44,0.62,2026-07-30,16,N,VIIRS,n,2.0NRT,298.42,1.33,N
37.44536,37.60279,323.27,0.35,0.57,2026-07-30,16,N,VIIRS,n,2.0NRT,297.1,1.87,N
37.45041,37.60476,335.34,0.35,0.57,2026-07-30,16,N,VIIRS,n,2.0NRT,299.29,2.55,N
37.93884,32.5358,299.92,0.57,0.43,2026-07-30,16,N,VIIRS,n,2.0NRT,288.11,0.83,N
38.46353,33.91792,305.52,0.43,0.46,2026-07-30,16,N,VIIRS,n,2.0NRT,286.62,0.57,N
38.66566,39.23462,304.23,0.39,0.6,2026-07-30,16,N,VIIRS,n,2.0NRT,292.65,0.84,N
38.73388,26.96512,318.43,0.38,0.36,2026-07-30,16,N,VIIRS,n,2.0NRT,294.89,1.57,N
38.73669,26.9476,309.97,0.38,0.36,2026-07-30,16,N,VIIRS,n,2.0NRT,296.66,1.15,N
38.7374,26.94322,307.02,0.38,0.36,2026-07-30,16,N,VIIRS,n,2.0NRT,296.01,1.15,N
38.73951,26.93008,334.42,0.38,0.36,2026-07-30,16,N,VIIRS,n,2.0NRT,295.27,4.04,N
38.74326,26.94932,313.45,0.38,0.36,2026-07-30,16,N,VIIRS,n,2.0NRT,296.12,1.59,N
38.74655,26.95018,315.75,0.38,0.36,2026-07-30,16,N,VIIRS,n,2.0NRT,293.78,0.77,N
38.75195,26.93789,307.96,0.38,0.36,2026-07-30,16,N,VIIRS,n,2.0NRT,294.12,0.75,N
38.78033,26.99555,331.38,0.38,0.36,2026-07-30,16,N,VIIRS,n,2.0NRT,293.97,3.43,N
38.78105,34.35984,305.4,0.44,0.46,2026-07-30,16,N,VIIRS,n,2.0NRT,285.33,0.98,N
38.91428,26.85913,317.05,0.38,0.36,2026-07-30,16,N,VIIRS,n,2.0NRT,294.02,6.34,N
38.91498,26.85474,347.9,0.38,0.36,2026-07-30,16,N,VIIRS,n,2.0NRT,297.5,6.34,N
38.91756,26.85999,336.74,0.38,0.36,2026-07-30,16,N,VIIRS,n,2.0NRT,297.94,4.27,N
38.91826,26.85559,352.99,0.38,0.36,2026-07-30,16,N,VIIRS,n,2.0NRT,301.57,4.27,N
38.91896,26.85121,304.93,0.38,0.36,2026-07-30,16,N,VIIRS,n,2.0NRT,294.24,0.99,N
38.92085,26.86084,322.21,0.38,0.36,2026-07-30,16,N,VIIRS,n,2.0NRT,295.3,4.27,N
38.92155,26.85645,328.69,0.38,0.36,2026-07-30,16,N,VIIRS,n,2.0NRT,296.05,4.27,N
38.92483,26.85731,339.21,0.38,0.36,2026-07-30,16,N,VIIRS,n,2.0NRT,297.25,3.48,N
38.92553,26.85292,329.55,0.38,0.36,2026-07-30,16,N,VIIRS,n,2.0NRT,294.83,4.07,N
38.92812,26.85816,325.34,0.38,0.36,2026-07-30,16,N,VIIRS,n,2.0NRT,294.83,3.48,N
38.92882,26.85378,329.66,0.38,0.36,2026-07-30,16,N,VIIRS,n,2.0NRT,296.68,4.07,N
38.97905,26.3818,313.13,0.38,0.36,2026-07-30,16,N,VIIRS,n,2.0NRT,295.56,0.95,N
38.98164,26.38706,306.56,0.38,0.36,2026-07-30,16,N,VIIRS,n,2.0NRT,294.94,0.66,N
38.98233,26.38265,317.27,0.38,0.36,2026-07-30,16,N,VIIRS,n,2.0NRT,295.59,0.95,N
38.98301,26.37824,307.53,0.38,0.36,2026-07-30,16,N,VIIRS,n,2.0NRT,294.63,0.95,N
38.98494,26.38791,312.0,0.38,0.36,2026-07-30,16,N,VIIRS,n,2.0NRT,294.99,0.96,N
38.98562,26.3835,315.56,0.38,0.36,2026-07-30,16,N,VIIRS,n,2.0NRT,294.88,1.18,N
38.9863,26.37909,314.32,0.38,0.36,2026-07-30,16,N,VIIRS,n,2.0NRT,294.54,1.18,N
39.09045,27.51509,302.98,0.39,0.36,2026-07-30,16,N,VIIRS,n,2.0NRT,291.16,0.55,N
39.09118,27.51068,302.34,0.39,0.36,2026-07-30,16,N,VIIRS,n,2.0NRT,292.27,0.55,N
39.09373,27.51601,307.12,0.39,0.36,2026-07-30,16,N,VIIRS,n,2.0NRT,292.48,0.55,N
39.09446,27.51159,303.53,0.39,0.36,2026-07-30,16,N,VIIRS,n,2.0NRT,292.25,0.55,N
39.11674,27.52225,309.58,0.39,0.36,2026-07-30,16,N,VIIRS,n,2.0NRT,292.66,0.98,N
39.11747,27.51784,306.08,0.39,0.36,2026-07-30,16,N,VIIRS,n,2.0NRT,292.11,0.98,N
39.12076,27.5187,318.08,0.39,0.36,2026-07-30,16,N,VIIRS,n,2.0NRT,291.45,0.98,N
39.16973,27.63145,308.39,0.39,0.36,2026-07-30,16,N,VIIRS,n,2.0NRT,293.39,1.17,N
39.27268,26.89658,309.49,0.38,0.36,2026-07-30,16,N,VIIRS,n,2.0NRT,294.82,31.7,N
39.27338,26.89217,349.82,0.38,0.36,2026-07-30,16,N,VIIRS,n,2.0NRT,304.78,18.93,N
39.27408,26.88775,334.65,0.38,0.36,2026-07-30,16,N,VIIRS,n,2.0NRT,296.75,18.93,N
39.27595,26.89743,326.63,0.38,0.36,2026-07-30,16,N,VIIRS,n,2.0NRT,326.53,31.7,N
39.27666,26.89303,348.84,0.38,0.36,2026-07-30,16,N,VIIRS,n,2.0NRT,306.91,18.93,N
39.27811,26.90018,335.11,0.38,0.36,2026-07-30,16,N,VIIRS,n,2.0NRT,297.77,11.68,N
39.27881,26.89577,344.04,0.38,0.36,2026-07-30,16,N,VIIRS,n,2.0NRT,313.29,11.68,N
39.2802,26.88694,319.67,0.38,0.36,2026-07-30,16,N,VIIRS,n,2.0NRT,295.81,3.47,N
39.28139,26.90104,350.1,0.38,0.36,2026-07-30,16,N,VIIRS,n,2.0NRT,303.17,11.68,N
39.28209,26.89663,318.64,0.38,0.36,2026-07-30,16,N,VIIRS,n,2.0NRT,295.71,11.68,N
39.28349,26.8878,337.28,0.38,0.36,2026-07-30,16,N,VIIRS,n,2.0NRT,298.49,3.47,N
39.28468,26.90191,318.62,0.38,0.36,2026-07-30,16,N,VIIRS,n,2.0NRT,295.01,4.11,N
39.28678,26.88867,338.45,0.38,0.36,2026-07-30,16,N,VIIRS,n,2.0NRT,297.46,3.04,N
39.28726,26.90718,329.9,0.38,0.36,2026-07-30,16,N,VIIRS,n,2.0NRT,294.86,2.51,N
39.28796,26.90277,343.3,0.38,0.36,2026-07-30,16,N,VIIRS,n,2.0NRT,298.6,4.11,N
39.28934,26.89394,314.29,0.38,0.36,2026-07-30,16,N,VIIRS,n,2.0NRT,294.95,3.04,N
39.29004,26.88953,342.35,0.38,0.36,2026-07-30,16,N,VIIRS,n,2.0NRT,297.49,3.04,N
39.29052,26.90805,328.76,0.38,0.36,2026-07-30,16,N,VIIRS,n,2.0NRT,294.97,2.06,N
39.29122,26.90364,326.55,0.38,0.36,2026-07-30,16,N,VIIRS,n,2.0NRT,294.9,1.58,N
39.29263,26.8948,345.99,0.38,0.36,2026-07-30,16,N,VIIRS,n,2.0NRT,296.71,3.58,N
39.29451,26.9045,304.62,0.38,0.36,2026-07-30,16,N,VIIRS,n,2.0NRT,293.14,1.58,N
39.29499,26.92303,336.5,0.38,0.36,2026-07-30,16,N,VIIRS,n,2.0NRT,294.56,3.45,N
39.29521,26.90008,311.57,0.38,0.36,2026-07-30,16,N,VIIRS,n,2.0NRT,292.43,1.58,N
39.29569,26.91861,342.46,0.38,0.36,2026-07-30,16,N,VIIRS,n,2.0NRT,297.39,3.45,N
39.29591,26.89567,333.91,0.38,0.36,2026-07-30,16,N,VIIRS,n,2.0NRT,293.77,3.58,N
39.29639,26.91419,318.63,0.38,0.36,2026-07-30,16,N,VIIRS,n,2.0NRT,293.65,1.82,N
39.29779,26.90536,330.85,0.38,0.36,2026-07-30,16,N,VIIRS,n,2.0NRT,294.79,5.29,N
39.29827,26.92389,343.25,0.38,0.36,2026-07-30,16,N,VIIRS,n,2.0NRT,297.98,3.45,N
39.29849,26.90094,341.4,0.38,0.36,2026-07-30,16,N,VIIRS,n,2.0NRT,295.92,5.29,N
39.29898,26.91947,312.46,0.38,0.36,2026-07-30,16,N,VIIRS,n,2.0NRT,294.54,3.45,N
39.29919,26.89653,309.04,0.38,0.36,2026-07-30,16,N,VIIRS,n,2.0NRT,292.54,1.73,N
39.30059,26.8877,352.05,0.38,0.36,2026-07-30,16,N,VIIRS,n,2.0NRT,302.4,12.34,N
39.30108,26.90622,339.82,0.38,0.36,2026-07-30,16,N,VIIRS,n,2.0NRT,296.79,5.29,N
39.30156,26.92475,356.63,0.38,0.36,2026-07-30,16,N,VIIRS,n,2.0NRT,301.05,3.5,N
39.30226,26.92034,319.83,0.38,0.36,2026-07-30,16,N,VIIRS,n,2.0NRT,294.55,3.5,N
39.30388,26.88856,332.46,0.38,0.36,2026-07-30,16,N,VIIRS,n,2.0NRT,295.79,12.34,N
39.30414,26.93003,330.01,0.38,0.36,2026-07-30,16,N,VIIRS,n,2.0NRT,293.96,2.5,N
39.30484,26.92562,328.58,0.38,0.36,2026-07-30,16,N,VIIRS,n,2.0NRT,295.81,3.5,N
39.30554,26.9212,303.33,0.38,0.36,2026-07-30,16,N,VIIRS,n,2.0NRT,292.9,3.5,N
39.30672,26.93531,326.59,0.38,0.36,2026-07-30,16,N,VIIRS,n,2.0NRT,293.28,2.18,N
39.30742,26.9309,346.05,0.38,0.36,2026-07-30,16,N,VIIRS,n,2.0NRT,298.07,2.18,N
39.31001,26.93618,320.5,0.38,0.36,2026-07-30,16,N,VIIRS,n,2.0NRT,294.75,2.18,N
39.31071,26.93176,307.36,0.38,0.36,2026-07-30,16,N,VIIRS,n,2.0NRT,294.07,2.18,N
39.31329,26.93704,337.15,0.38,0.36,2026-07-30,16,N,VIIRS,n,2.0NRT,295.02,3.32,N
39.31846,26.94761,339.52,0.38,0.36,2026-07-30,16,N,VIIRS,n,2.0NRT,294.76,14.42,N
39.32104,26.95289,317.19,0.38,0.36,2026-07-30,16,N,VIIRS,n,2.0NRT,293.08,3.07,N
39.32174,26.94847,367.0,0.38,0.36,2026-07-30,16,N,VIIRS,h,2.0NRT,307.45,14.42,N
39.32432,26.95375,319.54,0.38,0.36,2026-07-30,16,N,VIIRS,n,2.0NRT,292.96,1.16,N
39.32503,26.94934,309.39,0.38,0.36,2026-07-30,16,N,VIIRS,n,2.0NRT,292.51,1.04,N
39.33347,26.96072,325.66,0.38,0.36,2026-07-30,16,N,VIIRS,n,2.0NRT,292.28,1.25,N
39.33418,26.95635,301.08,0.38,0.36,2026-07-30,16,N,VIIRS,n,2.0NRT,289.74,1.25,N
39.33698,26.93868,301.43,0.38,0.36,2026-07-30,16,N,VIIRS,n,2.0NRT,290.06,0.6,N
39.33812,26.88835,316.32,0.38,0.36,2026-07-30,16,N,VIIRS,n,2.0NRT,293.94,1.47,N
39.34004,26.96244,326.21,0.38,0.36,2026-07-30,16,N,VIIRS,n,2.0NRT,291.16,1.13,N
39.34071,26.89363,310.75,0.38,0.36,2026-07-30,16,N,VIIRS,n,2.0NRT,293.54,1.05,N
39.34074,26.95803,300.82,0.38,0.36,2026-07-30,16,N,VIIRS,n,2.0NRT,289.74,1.13,N
39.34402,26.9589,336.16,0.38,0.36,2026-07-30,16,N,VIIRS,n,2.0NRT,292.76,5.12,N
39.34473,26.95453,302.47,0.38,0.36,2026-07-30,16,N,VIIRS,n,2.0NRT,290.91,0.88,N
39.34543,26.95011,301.88,0.38,0.36,2026-07-30,16,N,VIIRS,n,2.0NRT,291.18,0.88,N
39.34731,26.95977,344.93,0.38,0.36,2026-07-30,16,N,VIIRS,n,2.0NRT,298.42,5.12,N
39.34801,26.9554,313.32,0.38,0.36,2026-07-30,16,N,VIIRS,n,2.0NRT,291.89,0.88,N
39.34872,26.95098,304.94,0.38,0.36,2026-07-30,16,N,VIIRS,n,2.0NRT,291.2,0.88,N
39.34916,26.90506,329.09,0.38,0.36,2026-07-30,16,N,VIIRS,n,2.0NRT,293.43,1.88,N
39.34986,26.90064,303.92,0.38,0.36,2026-07-30,16,N,VIIRS,n,2.0NRT,292.63,1.22,N
39.35059,26.96063,302.84,0.38,0.36,2026-07-30,16,N,VIIRS,n,2.0NRT,292.15,0.91,N
39.35129,26.95622,337.76,0.38,0.36,2026-07-30,16,N,VIIRS,n,2.0NRT,295.37,2.06,N
39.35175,26.91034,311.0,0.38,0.36,2026-07-30,16,N,VIIRS,n,2.0NRT,292.89,0.63,N
39.35245,26.90592,302.83,0.38,0.36,2026-07-30,16,N,VIIRS,n,2.0NRT,292.76,0.63,N
39.35457,26.95709,302.86,0.38,0.36,2026-07-30,16,N,VIIRS,n,2.0NRT,292.31,2.06,N
39.35528,26.95271,320.5,0.38,0.36,2026-07-30,16,N,VIIRS,n,2.0NRT,293.88,2.06,N
39.48431,30.03955,311.69,0.43,0.38,2026-07-30,16,N,VIIRS,n,2.0NRT,287.3,1.38,N
39.52814,26.47931,307.23,0.39,0.36,2026-07-30,16,N,VIIRS,n,2.0NRT,293.25,1.35,N
39.54854,26.48012,325.6,0.39,0.36,2026-07-30,16,N,VIIRS,n,2.0NRT,292.94,2.29,N
39.57077,26.79347,318.93,0.38,0.36,2026-07-30,16,N,VIIRS,n,2.0NRT,294.1,1.59,N
39.57405,26.79434,310.56,0.38,0.36,2026-07-30,16,N,VIIRS,n,2.0NRT,293.74,0.76,N
39.58201,26.78722,312.67,0.38,0.36,2026-07-30,16,N,VIIRS,n,2.0NRT,292.9,0.95,N
39.68071,29.46677,297.17,0.41,0.37,2026-07-30,16,N,VIIRS,n,2.0NRT,286.47,0.48,N
39.74438,30.19817,297.61,0.43,0.38,2026-07-30,16,N,VIIRS,n,2.0NRT,286.1,0.45,N
39.83782,30.30354,297.75,0.43,0.38,2026-07-30,16,N,VIIRS,n,2.0NRT,286.38,0.86,N
39.86602,26.24343,329.76,0.39,0.36,2026-07-30,16,N,VIIRS,n,2.0NRT,297.76,3.08,N
40.01743,27.00445,302.76,0.38,0.36,2026-07-30,16,N,VIIRS,n,2.0NRT,292.61,0.67,N
40.05009,32.65338,296.25,0.52,0.42,2026-07-30,16,N,VIIRS,n,2.0NRT,286.2,0.32,N
40.06151,32.77282,298.84,0.53,0.42,2026-07-30,16,N,VIIRS,n,2.0NRT,284.85,0.61,N
40.06808,31.81572,295.79,0.48,0.4,2026-07-30,16,N,VIIRS,n,2.0NRT,283.83,0.54,N
40.12085,26.46566,304.87,0.39,0.36,2026-07-30,16,N,VIIRS,n,2.0NRT,292.67,0.74,N
40.12153,26.46114,304.48,0.39,0.36,2026-07-30,16,N,VIIRS,n,2.0NRT,293.16,0.74,N
40.24102,29.92478,299.78,0.42,0.37,2026-07-30,16,N,VIIRS,n,2.0NRT,288.09,0.58,N
40.26208,30.04527,300.1,0.42,0.38,2026-07-30,16,N,VIIRS,n,2.0NRT,289.5,0.69,N
40.4444,27.14016,305.28,0.38,0.36,2026-07-30,16,N,VIIRS,n,2.0NRT,294.11,0.76,N
40.75534,31.78535,299.63,0.47,0.4,2026-07-30,16,N,VIIRS,n,2.0NRT,284.34,0.56,N
40.75571,29.76025,306.75,0.41,0.37,2026-07-30,16,N,VIIRS,n,2.0NRT,291.94,0.89,N
40.75824,29.76269,307.69,0.41,0.37,2026-07-30,16,N,VIIRS,n,2.0NRT,293.98,0.92,N
40.75908,29.76128,309.14,0.41,0.37,2026-07-30,16,N,VIIRS,n,2.0NRT,295.03,0.89,N
40.7653,29.5275,306.3,0.4,0.37,2026-07-30,16,N,VIIRS,n,2.0NRT,294.33,1.07,N
40.76782,29.53323,310.55,0.4,0.37,2026-07-30,16,N,VIIRS,n,2.0NRT,292.74,0.83,N
40.76865,29.52851,305.52,0.4,0.37,2026-07-30,16,N,VIIRS,n,2.0NRT,294.72,0.83,N
40.78036,29.60187,310.2,0.41,0.37,2026-07-30,16,N,VIIRS,n,2.0NRT,294.4,1.48,N
40.92439,26.28712,301.2,0.39,0.36,2026-07-30,16,N,VIIRS,n,2.0NRT,290.54,0.37,N
40.94577,31.39525,302.79,0.45,0.39,2026-07-30,16,N,VIIRS,n,2.0NRT,287.74,0.86,N
41.0215,28.55655,321.29,0.39,0.36,2026-07-30,16,N,VIIRS,n,2.0NRT,295.08,2.23,N
41.17473,32.63557,309.92,0.5,0.41,2026-07-30,16,N,VIIRS,n,2.0NRT,288.07,1.36,N
41.18922,32.62218,298.76,0.5,0.41,2026-07-30,16,N,VIIRS,n,2.0NRT,285.97,1.01,N
41.19286,32.62353,316.77,0.5,0.41,2026-07-30,16,N,VIIRS,n,2.0NRT,288.22,2.59,N
41.19366,32.62458,299.76,0.5,0.41,2026-07-30,16,N,VIIRS,n,2.0NRT,288.53,1.08,N
41.25467,31.41168,324.3,0.45,0.39,2026-07-30,16,N,VIIRS,n,2.0NRT,289.25,1.62,N
41.2576,31.43503,301.36,0.45,0.39,2026-07-30,16,N,VIIRS,n,2.0NRT,288.68,0.94,N
41.25861,31.42984,311.05,0.45,0.39,2026-07-30,16,N,VIIRS,n,2.0NRT,290.36,0.94,N
41.26312,31.42578,310.37,0.45,0.39,2026-07-30,16,N,VIIRS,n,2.0NRT,293.54,2.14,N
41.26662,31.42696,304.96,0.45,0.39,2026-07-30,16,N,VIIRS,n,2.0NRT,293.43,1.25,N
41.63131,27.68573,305.56,0.38,0.36,2026-07-30,16,N,VIIRS,n,2.0NRT,290.8,0.73,N
41.63573,27.50577,310.19,0.38,0.36,2026-07-30,16,N,VIIRS,n,2.0NRT,292.8,1.12,N
41.79677,26.70161,305.04,0.39,0.36,2026-07-30,16,N,VIIRS,n,2.0NRT,289.49,0.96,N
36.35997,29.42351,309.42,0.45,0.39,2026-07-30,18,N,VIIRS,n,2.0NRT,292.73,1.06,N
36.36082,29.41899,309.41,0.45,0.39,2026-07-30,18,N,VIIRS,n,2.0NRT,296.0,1.06,N
36.45081,32.30296,310.79,0.39,0.44,2026-07-30,18,N,VIIRS,n,2.0NRT,296.73,2.68,N
36.45172,32.29873,316.1,0.39,0.44,2026-07-30,18,N,VIIRS,n,2.0NRT,297.44,3.49,N
36.45263,32.29446,338.83,0.39,0.44,2026-07-30,18,N,VIIRS,n,2.0NRT,298.89,3.49,N
36.45461,32.30497,328.33,0.39,0.44,2026-07-30,18,N,VIIRS,n,2.0NRT,299.07,5.23,N
36.45555,32.30059,311.45,0.39,0.44,2026-07-30,18,N,VIIRS,n,2.0NRT,298.02,2.79,N
36.45645,32.29638,320.16,0.39,0.44,2026-07-30,18,N,VIIRS,n,2.0NRT,299.59,2.79,N
36.45734,32.29222,344.21,0.39,0.44,2026-07-30,18,N,VIIRS,n,2.0NRT,300.67,6.68,N
36.46045,32.31726,340.21,0.39,0.44,2026-07-30,18,N,VIIRS,n,2.0NRT,301.84,5.3,N
36.4613,32.31322,367.0,0.39,0.44,2026-07-30,18,N,VIIRS,h,2.0NRT,306.18,7.32,N
36.46199,32.29025,345.42,0.39,0.44,2026-07-30,18,N,VIIRS,n,2.0NRT,301.71,6.68,N
36.4622,32.30901,331.83,0.39,0.44,2026-07-30,18,N,VIIRS,n,2.0NRT,300.54,7.32,N
36.46439,32.31858,317.95,0.39,0.44,2026-07-30,18,N,VIIRS,n,2.0NRT,298.63,5.3,N
36.4649,32.29639,317.75,0.39,0.44,2026-07-30,18,N,VIIRS,n,2.0NRT,300.73,3.96,N
36.46525,32.31457,318.58,0.39,0.44,2026-07-30,18,N,VIIRS,n,2.0NRT,298.88,7.32,N
36.46582,32.29211,344.01,0.39,0.44,2026-07-30,18,N,VIIRS,n,2.0NRT,302.34,3.96,N
36.46748,32.32393,310.54,0.39,0.44,2026-07-30,18,N,VIIRS,n,2.0NRT,297.76,3.28,N
36.46833,32.31994,310.76,0.39,0.44,2026-07-30,18,N,VIIRS,n,2.0NRT,297.67,3.28,N
36.46967,32.29385,332.92,0.39,0.44,2026-07-30,18,N,VIIRS,n,2.0NRT,302.16,3.96,N
36.47057,32.32927,344.0,0.39,0.44,2026-07-30,18,N,VIIRS,n,2.0NRT,299.62,9.92,N
36.47144,32.32523,335.73,0.39,0.44,2026-07-30,18,N,VIIRS,n,2.0NRT,300.26,3.28,N
36.47362,32.29516,367.0,0.39,0.44,2026-07-30,18,N,VIIRS,h,2.0NRT,305.83,6.98,N
36.47462,32.33015,352.42,0.39,0.44,2026-07-30,18,N,VIIRS,n,2.0NRT,301.55,4.21,N
36.47546,32.32619,313.02,0.39,0.44,2026-07-30,18,N,VIIRS,n,2.0NRT,298.25,6.78,N
36.47759,32.29634,316.3,0.39,0.44,2026-07-30,18,N,VIIRS,n,2.0NRT,299.42,6.98,N
36.47868,32.33091,311.56,0.39,0.44,2026-07-30,18,N,VIIRS,n,2.0NRT,297.48,4.21,N
36.47949,32.32712,338.36,0.39,0.44,2026-07-30,18,N,VIIRS,n,2.0NRT,301.82,6.78,N
36.48033,32.3232,335.72,0.39,0.44,2026-07-30,18,N,VIIRS,n,2.0NRT,298.38,6.78,N
36.48347,32.32833,311.34,0.39,0.44,2026-07-30,18,N,VIIRS,n,2.0NRT,297.91,3.94,N
36.48428,32.32452,346.7,0.39,0.44,2026-07-30,18,N,VIIRS,n,2.0NRT,300.21,3.94,N
36.61459,29.41163,306.54,0.44,0.38,2026-07-30,18,N,VIIRS,n,2.0NRT,295.3,2.01,N
36.61811,29.45165,320.63,0.44,0.39,2026-07-30,18,N,VIIRS,n,2.0NRT,292.35,2.39,N
36.61892,29.42774,309.4,0.44,0.39,2026-07-30,18,N,VIIRS,n,2.0NRT,296.72,2.79,N
36.61898,29.44703,307.67,0.44,0.39,2026-07-30,18,N,VIIRS,n,2.0NRT,294.42,2.39,N
36.62247,29.44801,332.1,0.44,0.39,2026-07-30,18,N,VIIRS,n,2.0NRT,296.95,2.39,N
36.63814,29.40353,308.77,0.44,0.38,2026-07-30,18,N,VIIRS,n,2.0NRT,297.44,1.93,N
36.64162,29.40457,328.48,0.44,0.38,2026-07-30,18,N,VIIRS,n,2.0NRT,300.2,3.05,N
36.64178,29.46264,325.74,0.44,0.39,2026-07-30,18,N,VIIRS,n,2.0NRT,295.02,2.6,N
36.64263,29.45812,307.81,0.44,0.39,2026-07-30,18,N,VIIRS,n,2.0NRT,294.74,2.98,N
36.6451,29.40564,318.84,0.44,0.38,2026-07-30,18,N,VIIRS,n,2.0NRT,297.57,3.05,N
36.64997,29.45326,345.39,0.44,0.39,2026-07-30,18,N,VIIRS,n,2.0NRT,301.01,7.86,N
36.65044,29.45568,332.25,0.44,0.39,2026-07-30,18,N,VIIRS,n,2.0NRT,298.37,5.0,N
36.65094,29.46758,308.87,0.44,0.39,2026-07-30,18,N,VIIRS,n,2.0NRT,293.4,1.82,N
36.65127,29.45127,331.51,0.44,0.39,2026-07-30,18,N,VIIRS,n,2.0NRT,297.45,6.01,N
36.65873,29.46526,326.54,0.44,0.39,2026-07-30,18,N,VIIRS,n,2.0NRT,297.3,2.91,N
36.67586,29.47187,319.82,0.44,0.39,2026-07-30,18,N,VIIRS,n,2.0NRT,298.28,3.13,N
36.6793,29.47314,344.27,0.44,0.39,2026-07-30,18,N,VIIRS,n,2.0NRT,302.45,8.98,N
36.68021,29.46831,323.02,0.44,0.39,2026-07-30,18,N,VIIRS,n,2.0NRT,299.48,3.86,N
36.68279,29.47416,338.49,0.44,0.39,2026-07-30,18,N,VIIRS,n,2.0NRT,300.39,8.98,N
36.68369,29.46938,317.36,0.44,0.39,2026-07-30,18,N,VIIRS,n,2.0NRT,299.97,3.86,N
36.69243,29.48155,314.62,0.44,0.39,2026-07-30,18,N,VIIRS,n,2.0NRT,295.91,2.13,N
36.70561,29.47013,312.3,0.44,0.39,2026-07-30,18,N,VIIRS,n,2.0NRT,296.82,2.26,N
36.71841,36.19938,333.65,0.61,0.54,2026-07-30,18,N,VIIRS,n,2.0NRT,298.01,6.92,N
36.71937,36.19928,330.52,0.61,0.54,2026-07-30,18,N,VIIRS,n,2.0NRT,297.68,6.36,N
36.73092,29.19812,316.67,0.43,0.38,2026-07-30,18,N,VIIRS,n,2.0NRT,297.89,91.47,N
36.73109,36.2117,312.85,0.61,0.54,2026-07-30,18,N,VIIRS,n,2.0NRT,298.65,5.13,N
36.73177,29.19352,310.57,0.43,0.38,2026-07-30,18,N,VIIRS,n,2.0NRT,298.51,91.47,N
36.73206,36.21136,311.83,0.61,0.54,2026-07-30,18,N,VIIRS,n,2.0NRT,299.14,4.22,N
36.73352,29.20373,321.49,0.43,0.38,2026-07-30,18,N,VIIRS,n,2.0NRT,298.4,9.54,N
36.73437,29.19914,367.0,0.43,0.38,2026-07-30,18,N,VIIRS,h,2.0NRT,357.38,91.47,N
36.73523,29.19452,330.28,0.43,0.38,2026-07-30,18,N,VIIRS,n,2.0NRT,299.96,91.47,N
36.73695,29.20485,367.0,0.43,0.38,2026-07-30,18,N,VIIRS,h,2.0NRT,332.18,81.85,N
36.73782,29.20016,367.0,0.43,0.38,2026-07-30,18,N,VIIRS,h,2.0NRT,353.8,93.23,N
36.73869,29.19549,315.02,0.43,0.38,2026-07-30,18,N,VIIRS,n,2.0NRT,298.76,93.23,N
36.74039,29.20591,348.82,0.43,0.38,2026-07-30,18,N,VIIRS,n,2.0NRT,323.05,81.85,N
36.74127,29.20115,337.13,0.43,0.38,2026-07-30,18,N,VIIRS,n,2.0NRT,300.81,93.23,N
36.74383,29.20697,309.99,0.43,0.38,2026-07-30,18,N,VIIRS,n,2.0NRT,298.36,2.71,N
37.86358,29.37099,304.38,0.43,0.38,2026-07-30,18,N,VIIRS,n,2.0NRT,293.2,1.08,N
38.26614,28.7041,314.06,0.41,0.37,2026-07-30,18,N,VIIRS,n,2.0NRT,291.74,1.06,N
38.26695,28.69952,332.84,0.41,0.37,2026-07-30,18,N,VIIRS,n,2.0NRT,295.83,8.78,N
38.42731,27.21895,318.43,0.39,0.36,2026-07-30,18,N,VIIRS,n,2.0NRT,296.63,0.99,N
35.62904,44.00636,367.0,0.48,0.4,2026-07-30,956,N,VIIRS,h,2.0NRT,328.5,35.28,D
35.94876,43.95808,367.0,0.48,0.4,2026-07-30,956,N,VIIRS,h,2.0NRT,324.5,17.14,D
35.9534,43.9623,367.0,0.48,0.4,2026-07-30,956,N,VIIRS,h,2.0NRT,325.52,34.79,D
35.50232,36.40692,348.51,0.4,0.6,2026-07-30,958,N,VIIRS,n,2.0NRT,314.07,8.05,D
35.60482,36.30835,354.2,0.4,0.6,2026-07-30,958,N,VIIRS,n,2.0NRT,316.12,11.3,D
35.63163,36.81226,347.14,0.37,0.58,2026-07-30,958,N,VIIRS,n,2.0NRT,317.32,7.14,D
36.08562,36.73679,357.12,0.37,0.58,2026-07-30,958,N,VIIRS,n,2.0NRT,315.08,4.41,D
36.14637,33.43459,367.0,0.54,0.68,2026-07-30,958,N,VIIRS,h,2.0NRT,307.84,13.77,D
36.14811,33.44054,341.13,0.54,0.68,2026-07-30,958,N,VIIRS,n,2.0NRT,302.8,13.77,D
36.15114,33.42774,336.51,0.54,0.68,2026-07-30,958,N,VIIRS,n,2.0NRT,305.47,12.04,D
36.15286,33.43362,367.0,0.54,0.68,2026-07-30,958,N,VIIRS,h,2.0NRT,309.17,13.77,D
36.16076,33.43747,333.3,0.54,0.68,2026-07-30,958,N,VIIRS,n,2.0NRT,307.21,9.58,D
36.16434,33.42657,348.14,0.54,0.68,2026-07-30,958,N,VIIRS,n,2.0NRT,306.31,11.13,D
36.16574,33.43137,348.18,0.54,0.68,2026-07-30,958,N,VIIRS,n,2.0NRT,308.36,9.58,D
36.16714,33.43613,367.0,0.54,0.68,2026-07-30,958,N,VIIRS,h,2.0NRT,308.71,9.58,D
36.24395,38.99594,348.37,0.55,0.51,2026-07-30,958,N,VIIRS,n,2.0NRT,319.94,10.99,D
36.3252,43.49317,351.05,0.5,0.41,2026-07-30,958,N,VIIRS,n,2.0NRT,324.86,16.37,D
36.46049,32.32272,349.83,0.61,0.71,2026-07-30,958,N,VIIRS,n,2.0NRT,309.02,11.51,D
36.46273,32.32395,352.63,0.61,0.71,2026-07-30,958,N,VIIRS,n,2.0NRT,308.82,13.53,D
36.5497,38.65081,347.28,0.57,0.52,2026-07-30,958,N,VIIRS,n,2.0NRT,321.51,7.78,D
36.55432,38.64904,350.3,0.57,0.52,2026-07-30,958,N,VIIRS,n,2.0NRT,321.12,7.78,D
36.58444,37.16363,354.26,0.34,0.56,2026-07-30,958,N,VIIRS,n,2.0NRT,319.34,7.99,D
36.58538,37.16729,367.0,0.34,0.56,2026-07-30,958,N,VIIRS,h,2.0NRT,320.38,7.99,D
36.61838,41.50551,353.54,0.4,0.44,2026-07-30,958,N,VIIRS,n,2.0NRT,321.71,4.69,D
36.65909,42.10263,356.45,0.56,0.43,2026-07-30,958,N,VIIRS,n,2.0NRT,320.46,16.83,D
36.67482,42.03775,355.1,0.57,0.43,2026-07-30,958,N,VIIRS,n,2.0NRT,323.28,55.29,D
36.68397,42.02145,350.2,0.57,0.43,2026-07-30,958,N,VIIRS,n,2.0NRT,318.11,11.11,D
36.68654,42.03403,353.09,0.57,0.43,2026-07-30,958,N,VIIRS,n,2.0NRT,322.99,23.08,D
36.68788,42.03285,354.12,0.57,0.43,2026-07-30,958,N,VIIRS,n,2.0NRT,323.5,44.77,D
36.69044,42.03278,352.46,0.57,0.43,2026-07-30,958,N,VIIRS,n,2.0NRT,322.38,26.96,D
36.69445,42.06409,352.72,0.57,0.43,2026-07-30,958,N,VIIRS,n,2.0NRT,321.45,55.65,D
36.70342,41.98775,354.83,0.57,0.43,2026-07-30,958,N,VIIRS,n,2.0NRT,323.63,59.13,D
36.70733,41.9865,351.93,0.57,0.43,2026-07-30,958,N,VIIRS,n,2.0NRT,317.46,25.39,D
36.70865,41.9928,355.92,0.57,0.43,2026-07-30,958,N,VIIRS,n,2.0NRT,318.06,20.85,D
36.70993,41.97897,353.36,0.57,0.43,2026-07-30,958,N,VIIRS,n,2.0NRT,319.83,25.39,D
36.71125,41.98527,355.85,0.57,0.43,2026-07-30,958,N,VIIRS,n,2.0NRT,322.54,25.39,D
36.71132,42.04539,354.08,0.57,0.43,2026-07-30,958,N,VIIRS,n,2.0NRT,322.43,31.39,D
36.71256,41.99156,354.21,0.57,0.43,2026-07-30,958,N,VIIRS,n,2.0NRT,320.52,20.85,D
36.71387,41.99784,353.27,0.57,0.43,2026-07-30,958,N,VIIRS,n,2.0NRT,321.34,20.85,D
36.71392,42.0379,355.19,0.57,0.43,2026-07-30,958,N,VIIRS,n,2.0NRT,321.12,26.66,D
36.71518,42.0041,367.0,0.57,0.43,2026-07-30,958,N,VIIRS,h,2.0NRT,322.88,62.21,D
36.71522,42.04416,354.04,0.57,0.43,2026-07-30,958,N,VIIRS,n,2.0NRT,322.07,31.39,D
36.71646,41.99029,367.0,0.57,0.43,2026-07-30,958,N,VIIRS,h,2.0NRT,321.87,14.67,D
36.71651,42.0304,353.66,0.57,0.43,2026-07-30,958,N,VIIRS,n,2.0NRT,318.19,54.49,D
36.71777,41.99657,352.14,0.57,0.43,2026-07-30,958,N,VIIRS,n,2.0NRT,318.04,14.67,D
36.71782,42.03666,367.0,0.57,0.43,2026-07-30,958,N,VIIRS,h,2.0NRT,341.39,54.49,D
36.71906,41.98275,353.37,0.57,0.43,2026-07-30,958,N,VIIRS,n,2.0NRT,319.36,41.23,D
36.71909,42.00284,352.79,0.57,0.43,2026-07-30,958,N,VIIRS,n,2.0NRT,317.6,37.89,D
36.72038,41.98903,351.36,0.57,0.43,2026-07-30,958,N,VIIRS,n,2.0NRT,318.78,14.67,D
36.72041,42.02916,356.41,0.57,0.43,2026-07-30,958,N,VIIRS,n,2.0NRT,323.36,54.49,D
36.72168,41.99531,355.75,0.57,0.43,2026-07-30,958,N,VIIRS,n,2.0NRT,319.73,14.67,D
36.72297,41.98148,356.66,0.57,0.43,2026-07-30,958,N,VIIRS,n,2.0NRT,320.35,86.25,D
36.72431,42.0279,367.0,0.57,0.43,2026-07-30,958,N,VIIRS,h,2.0NRT,359.31,321.66,D
36.72688,41.98023,367.0,0.57,0.43,2026-07-30,958,N,VIIRS,h,2.0NRT,337.61,86.25,D
36.73079,41.97898,367.0,0.57,0.43,2026-07-30,958,N,VIIRS,h,2.0NRT,313.61,33.3,D
36.73341,41.99157,350.38,0.57,0.43,2026-07-30,958,N,VIIRS,n,2.0NRT,313.89,23.44,D
36.76964,36.73506,341.44,0.35,0.57,2026-07-30,958,N,VIIRS,n,2.0NRT,313.38,1.71,D
36.9299,40.40081,354.34,0.45,0.47,2026-07-30,958,N,VIIRS,n,2.0NRT,322.67,20.91,D
36.95736,41.7014,346.5,0.39,0.44,2026-07-30,958,N,VIIRS,n,2.0NRT,315.24,7.98,D
36.95827,41.70568,356.1,0.39,0.44,2026-07-30,958,N,VIIRS,n,2.0NRT,319.51,11.87,D
36.96131,41.70013,346.59,0.39,0.44,2026-07-30,958,N,VIIRS,n,2.0NRT,314.76,5.31,D
37.00879,40.53357,356.31,0.44,0.46,2026-07-30,958,N,VIIRS,n,2.0NRT,320.75,13.58,D
37.01004,40.40781,351.66,0.45,0.47,2026-07-30,958,N,VIIRS,n,2.0NRT,319.15,13.11,D
37.02488,41.07966,355.51,0.42,0.45,2026-07-30,958,N,VIIRS,n,2.0NRT,320.61,13.86,D
37.02585,41.08423,357.32,0.41,0.45,2026-07-30,958,N,VIIRS,n,2.0NRT,319.94,13.86,D
37.02632,41.14751,355.62,0.41,0.45,2026-07-30,958,N,VIIRS,n,2.0NRT,323.53,13.36,D
37.02682,41.08879,346.89,0.41,0.45,2026-07-30,958,N,VIIRS,n,2.0NRT,316.89,9.02,D
37.02728,41.15205,346.29,0.41,0.45,2026-07-30,958,N,VIIRS,n,2.0NRT,318.79,13.36,D
37.02898,41.06993,351.71,0.42,0.45,2026-07-30,958,N,VIIRS,n,2.0NRT,320.39,10.36,D
37.0294,41.14165,367.0,0.41,0.45,2026-07-30,958,N,VIIRS,h,2.0NRT,327.12,15.4,D
37.02991,41.08291,367.0,0.41,0.45,2026-07-30,958,N,VIIRS,h,2.0NRT,319.89,13.86,D
37.03036,41.14618,367.0,0.41,0.45,2026-07-30,958,N,VIIRS,h,2.0NRT,322.93,13.88,D
37.03249,41.13578,347.05,0.41,0.45,2026-07-30,958,N,VIIRS,n,2.0NRT,316.1,15.4,D
37.03345,41.14033,367.0,0.41,0.45,2026-07-30,958,N,VIIRS,h,2.0NRT,318.3,15.4,D
37.03539,41.14941,351.74,0.41,0.45,2026-07-30,958,N,VIIRS,n,2.0NRT,317.8,13.88,D
37.04309,41.0946,355.18,0.41,0.45,2026-07-30,958,N,VIIRS,n,2.0NRT,319.35,6.83,D
37.07526,41.92474,354.56,0.57,0.43,2026-07-30,958,N,VIIRS,n,2.0NRT,322.66,30.98,D
37.07526,41.94481,352.09,0.56,0.43,2026-07-30,958,N,VIIRS,n,2.0NRT,321.44,23.16,D
37.07656,41.931,351.81,0.57,0.43,2026-07-30,958,N,VIIRS,n,2.0NRT,319.94,13.41,D
37.08175,41.91588,351.59,0.57,0.43,2026-07-30,958,N,VIIRS,n,2.0NRT,321.14,26.68,D
37.08212,41.17437,352.65,0.41,0.45,2026-07-30,958,N,VIIRS,n,2.0NRT,319.93,15.0,D
37.08271,41.07681,367.0,0.41,0.45,2026-07-30,958,N,VIIRS,h,2.0NRT,321.04,15.71,D
37.08304,41.92217,353.35,0.57,0.43,2026-07-30,958,N,VIIRS,n,2.0NRT,323.34,26.68,D
37.08369,41.08136,349.27,0.41,0.45,2026-07-30,958,N,VIIRS,n,2.0NRT,318.26,12.89,D
37.08564,41.91459,354.12,0.57,0.43,2026-07-30,958,N,VIIRS,n,2.0NRT,322.28,26.68,D
37.08577,41.07087,367.0,0.41,0.45,2026-07-30,958,N,VIIRS,h,2.0NRT,320.96,15.71,D
37.08616,41.17307,350.43,0.41,0.45,2026-07-30,958,N,VIIRS,n,2.0NRT,313.92,7.32,D
37.08785,41.06033,348.43,0.41,0.45,2026-07-30,958,N,VIIRS,n,2.0NRT,318.27,11.15,D
37.09075,41.75238,352.57,0.38,0.43,2026-07-30,958,N,VIIRS,n,2.0NRT,321.91,19.32,D
37.09092,41.05439,356.52,0.41,0.45,2026-07-30,958,N,VIIRS,n,2.0NRT,319.99,9.93,D
37.09201,41.0392,347.05,0.42,0.45,2026-07-30,958,N,VIIRS,n,2.0NRT,314.96,15.09,D
37.09607,41.03785,346.15,0.42,0.45,2026-07-30,958,N,VIIRS,n,2.0NRT,314.72,15.09,D
37.09706,41.04247,350.18,0.42,0.45,2026-07-30,958,N,VIIRS,n,2.0NRT,316.99,15.09,D
37.11035,41.02323,354.08,0.42,0.45,2026-07-30,958,N,VIIRS,n,2.0NRT,317.66,8.26,D
37.14321,41.84312,354.55,0.57,0.43,2026-07-30,958,N,VIIRS,n,2.0NRT,320.13,16.47,D
37.15105,41.84074,347.78,0.57,0.43,2026-07-30,958,N,VIIRS,n,2.0NRT,319.27,7.55,D
37.15235,41.82698,342.47,0.57,0.43,2026-07-30,958,N,VIIRS,n,2.0NRT,316.26,6.59,D
37.15366,41.83328,342.59,0.57,0.43,2026-07-30,958,N,VIIRS,n,2.0NRT,316.19,7.55,D
37.15627,41.82578,367.0,0.57,0.43,2026-07-30,958,N,VIIRS,h,2.0NRT,318.52,35.88,D
37.16932,41.82846,348.18,0.57,0.43,2026-07-30,958,N,VIIRS,n,2.0NRT,316.6,11.73,D
37.31551,37.10085,367.0,0.33,0.55,2026-07-30,958,N,VIIRS,h,2.0NRT,323.01,22.97,D
37.3172,37.09743,342.67,0.33,0.55,2026-07-30,958,N,VIIRS,n,2.0NRT,317.07,9.95,D
37.3181,37.10105,367.0,0.33,0.55,2026-07-30,958,N,VIIRS,h,2.0NRT,319.81,21.57,D
37.5786,39.089,347.73,0.51,0.49,2026-07-30,958,N,VIIRS,n,2.0NRT,320.67,28.65,D
37.57916,39.09157,367.0,0.51,0.49,2026-07-30,958,N,VIIRS,h,2.0NRT,321.95,67.61,D
37.58302,39.08737,367.0,0.51,0.49,2026-07-30,958,N,VIIRS,h,2.0NRT,328.84,84.78,D
37.77499,39.12543,347.06,0.5,0.49,2026-07-30,958,N,VIIRS,n,2.0NRT,313.91,5.86,D
37.94751,30.76816,367.0,0.66,0.73,2026-07-30,958,N,VIIRS,h,2.0NRT,303.79,18.16,D
38.12841,30.90272,367.0,0.64,0.72,2026-07-30,958,N,VIIRS,h,2.0NRT,304.13,15.05,D
38.13084,30.91036,367.0,0.64,0.72,2026-07-30,958,N,VIIRS,h,2.0NRT,305.04,15.05,D
38.13199,30.90313,350.36,0.64,0.72,2026-07-30,958,N,VIIRS,n,2.0NRT,306.97,47.82,D
38.13466,30.91169,367.0,0.64,0.72,2026-07-30,958,N,VIIRS,h,2.0NRT,301.78,45.21,D
38.13484,30.89989,355.52,0.64,0.72,2026-07-30,958,N,VIIRS,n,2.0NRT,299.21,19.44,D
38.13749,30.90822,367.0,0.64,0.72,2026-07-30,958,N,VIIRS,h,2.0NRT,299.99,19.44,D
38.35555,40.56613,350.69,0.41,0.45,2026-07-30,958,N,VIIRS,n,2.0NRT,320.27,44.42,D
38.36641,32.30831,337.32,0.54,0.68,2026-07-30,958,N,VIIRS,n,2.0NRT,297.11,3.88,D
38.68589,31.99629,336.33,0.55,0.68,2026-07-30,958,N,VIIRS,n,2.0NRT,302.38,4.46,D
38.82642,30.51944,340.94,0.64,0.72,2026-07-30,958,N,VIIRS,n,2.0NRT,298.95,5.77,D
38.82862,30.51686,340.94,0.64,0.72,2026-07-30,958,N,VIIRS,n,2.0NRT,298.99,3.62,D
39.24923,32.32447,338.72,0.51,0.66,2026-07-30,958,N,VIIRS,n,2.0NRT,305.59,4.79,D
39.25322,32.31564,367.0,0.51,0.66,2026-07-30,958,N,VIIRS,h,2.0NRT,306.14,12.62,D
39.25364,32.31879,353.51,0.51,0.66,2026-07-30,958,N,VIIRS,n,2.0NRT,309.46,23.0,D
39.25507,32.32177,367.0,0.51,0.66,2026-07-30,958,N,VIIRS,h,2.0NRT,305.5,37.42,D
39.25542,32.32483,367.0,0.51,0.66,2026-07-30,958,N,VIIRS,h,2.0NRT,304.32,23.0,D
39.25767,32.30996,342.65,0.51,0.66,2026-07-30,958,N,VIIRS,n,2.0NRT,303.37,4.31,D
39.25839,33.37592,337.72,0.45,0.63,2026-07-30,958,N,VIIRS,n,2.0NRT,302.01,2.28,D
39.25901,32.31277,333.47,0.51,0.66,2026-07-30,958,N,VIIRS,n,2.0NRT,302.31,12.62,D
39.30223,32.27952,345.97,0.51,0.66,2026-07-30,958,N,VIIRS,n,2.0NRT,302.7,10.47,D
39.304,32.28547,367.0,0.51,0.66,2026-07-30,958,N,VIIRS,h,2.0NRT,306.65,19.75,D
40.28825,33.9919,333.55,0.39,0.6,2026-07-30,958,N,VIIRS,n,2.0NRT,302.93,3.23,D
40.28951,33.99651,333.59,0.39,0.6,2026-07-30,958,N,VIIRS,n,2.0NRT,303.08,3.98,D
40.4533,34.18501,367.0,0.38,0.59,2026-07-30,958,N,VIIRS,h,2.0NRT,304.32,10.35,D
35.50377,36.42083,344.42,0.49,0.65,2026-07-30,1138,N,VIIRS,n,2.0NRT,312.07,6.27,D
35.50983,36.41973,356.17,0.49,0.65,2026-07-30,1138,N,VIIRS,n,2.0NRT,310.88,6.27,D
35.51008,36.41647,350.7,0.49,0.65,2026-07-30,1138,N,VIIRS,n,2.0NRT,310.7,6.27,D
36.14548,33.43057,346.96,0.34,0.56,2026-07-30,1138,N,VIIRS,n,2.0NRT,301.22,5.62,D
36.14575,33.43452,367.0,0.34,0.56,2026-07-30,1138,N,VIIRS,h,2.0NRT,310.69,12.44,D
36.15063,33.42924,339.5,0.34,0.56,2026-07-30,1138,N,VIIRS,n,2.0NRT,308.77,5.62,D
36.15088,33.43288,367.0,0.34,0.56,2026-07-30,1138,N,VIIRS,h,2.0NRT,314.98,12.44,D
36.16694,33.43783,367.0,0.34,0.56,2026-07-30,1138,N,VIIRS,h,2.0NRT,312.91,7.94,D
36.16737,33.4351,367.0,0.34,0.56,2026-07-30,1138,N,VIIRS,h,2.0NRT,310.97,10.83,D
36.16763,33.4393,352.53,0.34,0.56,2026-07-30,1138,N,VIIRS,n,2.0NRT,308.98,12.21,D
36.17206,33.4361,338.85,0.34,0.56,2026-07-30,1138,N,VIIRS,n,2.0NRT,307.14,7.94,D
36.47773,32.33053,340.65,0.59,0.53,2026-07-30,1138,N,VIIRS,n,2.0NRT,314.15,23.09,D
36.47812,32.33564,367.0,0.59,0.53,2026-07-30,1138,N,VIIRS,h,2.0NRT,316.78,23.09,D
36.47848,32.34053,341.55,0.59,0.53,2026-07-30,1138,N,VIIRS,n,2.0NRT,307.4,15.71,D
36.48301,32.33488,346.03,0.59,0.53,2026-07-30,1138,N,VIIRS,n,2.0NRT,310.11,23.09,D
36.48336,32.33965,337.82,0.59,0.53,2026-07-30,1138,N,VIIRS,n,2.0NRT,306.28,15.71,D
36.50359,38.55087,342.44,0.65,0.73,2026-07-30,1138,N,VIIRS,n,2.0NRT,315.59,5.73,D
36.51185,37.36118,349.7,0.56,0.69,2026-07-30,1138,N,VIIRS,n,2.0NRT,315.83,6.79,D
36.51206,37.36759,346.62,0.56,0.69,2026-07-30,1138,N,VIIRS,n,2.0NRT,314.18,6.79,D
36.52838,37.27659,367.0,0.55,0.68,2026-07-30,1138,N,VIIRS,h,2.0NRT,313.67,13.38,D
36.64552,38.75004,367.0,0.67,0.74,2026-07-30,1138,N,VIIRS,h,2.0NRT,315.15,19.23,D
36.64595,38.74979,354.26,0.67,0.73,2026-07-30,1138,N,VIIRS,n,2.0NRT,314.94,17.04,D
36.65968,38.7654,355.68,0.67,0.74,2026-07-30,1138,N,VIIRS,n,2.0NRT,315.98,22.1,D
36.65985,38.77331,347.11,0.67,0.74,2026-07-30,1138,N,VIIRS,n,2.0NRT,316.84,22.1,D
36.72709,29.17677,356.51,0.4,0.44,2026-07-30,1138,N,VIIRS,n,2.0NRT,324.54,35.87,D
36.72847,29.19058,350.73,0.4,0.44,2026-07-30,1138,N,VIIRS,n,2.0NRT,312.8,7.41,D
36.73076,29.17178,349.87,0.4,0.44,2026-07-30,1138,N,VIIRS,n,2.0NRT,311.59,5.73,D
36.74216,29.20213,342.68,0.4,0.44,2026-07-30,1138,N,VIIRS,n,2.0NRT,316.0,2.45,D
36.74263,29.20676,367.0,0.4,0.44,2026-07-30,1138,N,VIIRS,h,2.0NRT,317.44,20.82,D
37.22765,40.00552,346.28,0.79,0.78,2026-07-30,1138,N,VIIRS,n,2.0NRT,314.03,15.2,D
37.22798,40.0031,347.64,0.79,0.78,2026-07-30,1138,N,VIIRS,n,2.0NRT,314.84,12.91,D
37.27127,32.11187,346.31,0.59,0.52,2026-07-30,1138,N,VIIRS,n,2.0NRT,313.85,35.14,D
37.48119,39.28425,340.2,0.72,0.76,2026-07-30,1138,N,VIIRS,n,2.0NRT,311.26,4.19,D
37.57941,30.92095,341.82,0.51,0.49,2026-07-30,1138,N,VIIRS,n,2.0NRT,311.04,6.61,D
37.58034,30.92312,356.72,0.51,0.49,2026-07-30,1138,N,VIIRS,n,2.0NRT,311.16,12.21,D
37.64661,39.00617,337.91,0.7,0.75,2026-07-30,1138,N,VIIRS,n,2.0NRT,311.27,7.94,D
37.65138,39.00602,367.0,0.7,0.75,2026-07-30,1138,N,VIIRS,h,2.0NRT,313.87,10.27,D
37.65365,39.00641,348.89,0.7,0.75,2026-07-30,1138,N,VIIRS,n,2.0NRT,310.97,7.94,D
37.9205,31.48414,333.42,0.55,0.51,2026-07-30,1138,N,VIIRS,n,2.0NRT,305.32,6.06,D
38.1344,30.89088,348.34,0.51,0.5,2026-07-30,1138,N,VIIRS,n,2.0NRT,309.09,10.44,D
38.13486,30.89674,352.03,0.51,0.5,2026-07-30,1138,N,VIIRS,n,2.0NRT,310.68,10.44,D
38.25937,28.1906,345.08,0.56,0.43,2026-07-30,1138,N,VIIRS,n,2.0NRT,317.75,21.09,D
38.27599,26.27716,340.7,0.46,0.39,2026-07-30,1138,N,VIIRS,n,2.0NRT,310.96,6.3,D
38.27636,26.27847,347.83,0.46,0.39,2026-07-30,1138,N,VIIRS,n,2.0NRT,310.41,5.48,D
38.40302,33.05723,341.95,0.34,0.56,2026-07-30,1138,N,VIIRS,n,2.0NRT,314.71,36.09,D
38.40326,33.0612,336.58,0.34,0.56,2026-07-30,1138,N,VIIRS,n,2.0NRT,299.46,28.12,D
38.49862,30.27433,348.07,0.48,0.48,2026-07-30,1138,N,VIIRS,n,2.0NRT,313.59,14.28,D
38.68452,32.00201,340.25,0.6,0.53,2026-07-30,1138,N,VIIRS,n,2.0NRT,308.73,4.36,D
39.22764,32.88449,367.0,0.34,0.56,2026-07-30,1138,N,VIIRS,h,2.0NRT,308.01,6.57,D
39.25201,32.315,346.6,0.63,0.54,2026-07-30,1138,N,VIIRS,n,2.0NRT,314.94,28.43,D
39.25254,32.30787,339.27,0.63,0.54,2026-07-30,1138,N,VIIRS,n,2.0NRT,306.83,17.3,D
39.25306,32.31546,346.02,0.63,0.54,2026-07-30,1138,N,VIIRS,n,2.0NRT,315.92,17.3,D
39.26927,26.90234,338.51,0.5,0.41,2026-07-30,1138,N,VIIRS,n,2.0NRT,305.09,3.28,D
39.27304,26.90162,339.7,0.5,0.41,2026-07-30,1138,N,VIIRS,n,2.0NRT,306.16,3.28,D
39.27813,26.91266,350.51,0.5,0.41,2026-07-30,1138,N,VIIRS,n,2.0NRT,308.23,9.91,D
39.28125,26.90603,340.36,0.5,0.41,2026-07-30,1138,N,VIIRS,n,2.0NRT,308.83,4.08,D
39.2819,26.9119,354.17,0.5,0.41,2026-07-30,1138,N,VIIRS,n,2.0NRT,309.0,9.91,D
39.28254,26.91764,342.24,0.51,0.41,2026-07-30,1138,N,VIIRS,n,2.0NRT,306.47,9.91,D
39.28318,26.92342,347.1,0.51,0.41,2026-07-30,1138,N,VIIRS,n,2.0NRT,307.11,7.75,D
39.28563,28.02502,339.31,0.57,0.43,2026-07-30,1138,N,VIIRS,n,2.0NRT,310.62,9.3,D
39.28567,26.91112,356.11,0.5,0.41,2026-07-30,1138,N,VIIRS,n,2.0NRT,310.11,9.11,D
39.28696,26.92265,356.1,0.51,0.41,2026-07-30,1138,N,VIIRS,n,2.0NRT,310.51,7.1,D
39.29517,26.92702,336.49,0.51,0.41,2026-07-30,1138,N,VIIRS,n,2.0NRT,309.09,4.64,D
39.29581,26.93281,338.73,0.51,0.41,2026-07-30,1138,N,VIIRS,n,2.0NRT,306.53,4.3,D
39.29881,26.89075,355.9,0.5,0.41,2026-07-30,1138,N,VIIRS,n,2.0NRT,314.87,11.49,D
39.2996,26.93214,338.14,0.51,0.41,2026-07-30,1138,N,VIIRS,n,2.0NRT,308.09,4.3,D
39.30024,26.93787,342.0,0.51,0.41,2026-07-30,1138,N,VIIRS,n,2.0NRT,308.55,4.3,D
39.30087,26.94358,338.47,0.51,0.41,2026-07-30,1138,N,VIIRS,n,2.0NRT,306.55,3.26,D
39.30152,26.94935,336.52,0.51,0.41,2026-07-30,1138,N,VIIRS,n,2.0NRT,305.55,3.26,D
39.30338,26.93149,339.56,0.51,0.41,2026-07-30,1138,N,VIIRS,n,2.0NRT,313.1,20.07,D
39.30402,26.93713,353.02,0.51,0.41,2026-07-30,1138,N,VIIRS,n,2.0NRT,315.95,20.07,D
39.30465,26.94279,367.0,0.51,0.41,2026-07-30,1138,N,VIIRS,h,2.0NRT,346.48,61.78,D
39.3053,26.94858,337.51,0.51,0.41,2026-07-30,1138,N,VIIRS,n,2.0NRT,303.68,61.78,D
39.3078,26.93648,349.51,0.51,0.41,2026-07-30,1138,N,VIIRS,n,2.0NRT,313.0,20.07,D
39.30846,26.94226,353.35,0.51,0.41,2026-07-30,1138,N,VIIRS,n,2.0NRT,320.7,61.78,D
39.3091,26.94801,353.07,0.51,0.41,2026-07-30,1138,N,VIIRS,n,2.0NRT,310.53,61.78,D
39.30974,26.95372,356.92,0.51,0.41,2026-07-30,1138,N,VIIRS,n,2.0NRT,318.7,18.46,D
39.31038,26.95946,339.73,0.51,0.41,2026-07-30,1138,N,VIIRS,n,2.0NRT,307.52,18.46,D
39.31082,26.94087,367.0,0.51,0.41,2026-07-30,1138,N,VIIRS,h,2.0NRT,315.45,17.99,D
39.31144,26.94666,356.52,0.51,0.41,2026-07-30,1138,N,VIIRS,n,2.0NRT,316.55,14.49,D
39.31205,26.95234,347.16,0.51,0.41,2026-07-30,1138,N,VIIRS,n,2.0NRT,312.87,14.49,D
39.31225,26.9417,357.22,0.51,0.41,2026-07-30,1138,N,VIIRS,n,2.0NRT,313.94,11.99,D
39.31267,26.95806,348.95,0.51,0.41,2026-07-30,1138,N,VIIRS,n,2.0NRT,315.07,18.47,D
39.3129,26.94744,352.49,0.51,0.41,2026-07-30,1138,N,VIIRS,n,2.0NRT,314.83,11.99,D
39.31418,26.95886,347.66,0.51,0.41,2026-07-30,1138,N,VIIRS,n,2.0NRT,312.03,16.96,D
39.3146,26.94016,347.29,0.51,0.41,2026-07-30,1138,N,VIIRS,n,2.0NRT,309.9,17.99,D
39.31524,26.94601,347.09,0.51,0.41,2026-07-30,1138,N,VIIRS,n,2.0NRT,310.15,14.49,D
39.31603,26.94091,349.59,0.51,0.41,2026-07-30,1138,N,VIIRS,n,2.0NRT,309.67,11.99,D
39.32028,26.95696,353.92,0.51,0.41,2026-07-30,1138,N,VIIRS,n,2.0NRT,313.14,12.41,D
39.32178,26.95771,350.12,0.51,0.41,2026-07-30,1138,N,VIIRS,n,2.0NRT,314.71,12.07,D
39.33224,26.96037,346.83,0.51,0.41,2026-07-30,1138,N,VIIRS,n,2.0NRT,318.81,36.67,D
39.33287,26.96623,338.84,0.51,0.41,2026-07-30,1138,N,VIIRS,n,2.0NRT,313.08,12.41,D
39.33601,26.95944,353.16,0.51,0.41,2026-07-30,1138,N,VIIRS,n,2.0NRT,323.34,32.34,D
39.34044,26.96467,353.23,0.51,0.41,2026-07-30,1138,N,VIIRS,n,2.0NRT,312.39,49.6,D
39.34052,26.89459,342.06,0.5,0.41,2026-07-30,1138,N,VIIRS,n,2.0NRT,308.37,7.32,D
39.34425,26.9642,351.76,0.51,0.41,2026-07-30,1138,N,VIIRS,n,2.0NRT,315.82,34.39,D
39.34432,26.89407,367.0,0.5,0.41,2026-07-30,1138,N,VIIRS,h,2.0NRT,338.04,87.0,D
39.34493,26.89967,367.0,0.51,0.41,2026-07-30,1138,N,VIIRS,h,2.0NRT,345.87,87.0,D
39.34806,26.96371,354.09,0.51,0.41,2026-07-30,1138,N,VIIRS,n,2.0NRT,325.82,34.39,D
39.34874,26.8992,367.0,0.51,0.41,2026-07-30,1138,N,VIIRS,h,2.0NRT,311.12,87.0,D
39.35188,26.9632,349.42,0.51,0.41,2026-07-30,1138,N,VIIRS,n,2.0NRT,310.82,16.17,D
40.2928,34.00542,341.45,0.39,0.6,2026-07-30,1140,N,VIIRS,n,2.0NRT,305.47,2.74,D
40.29638,34.00561,342.04,0.39,0.6,2026-07-30,1140,N,VIIRS,n,2.0NRT,305.03,2.38,D
40.56087,34.5154,367.0,0.42,0.61,2026-07-30,1140,N,VIIRS,h,2.0NRT,305.65,16.16,D
41.12542,27.75271,347.61,0.38,0.44,2026-07-30,1140,N,VIIRS,n,2.0NRT,318.41,58.09,D
35.52262,44.19031,319.89,0.39,0.59,2026-07-30,2218,N,VIIRS,n,2.0NRT,297.76,1.1,N
35.52288,44.18586,316.42,0.39,0.6,2026-07-30,2218,N,VIIRS,n,2.0NRT,297.52,1.1,N
35.52454,44.34158,334.61,0.38,0.59,2026-07-30,2218,N,VIIRS,n,2.0NRT,301.58,3.26,N
35.52843,44.18644,310.83,0.39,0.6,2026-07-30,2218,N,VIIRS,n,2.0NRT,296.77,0.48,N
35.53004,44.34222,328.32,0.38,0.59,2026-07-30,2218,N,VIIRS,n,2.0NRT,301.93,4.32,N
35.53031,44.3378,367.0,0.38,0.59,2026-07-30,2218,N,VIIRS,h,2.0NRT,303.83,4.32,N
35.5358,44.33849,322.09,0.38,0.59,2026-07-30,2218,N,VIIRS,n,2.0NRT,301.28,4.32,N
35.53608,44.33411,314.12,0.39,0.59,2026-07-30,2218,N,VIIRS,n,2.0NRT,301.27,6.32,N
35.53844,44.20538,330.42,0.39,0.59,2026-07-30,2218,N,VIIRS,n,2.0NRT,298.27,2.57,N
35.53871,44.20093,323.86,0.39,0.59,2026-07-30,2218,N,VIIRS,n,2.0NRT,298.21,3.5,N
35.56141,44.28361,316.28,0.39,0.59,2026-07-30,2218,N,VIIRS,n,2.0NRT,300.68,1.49,N
35.56692,44.28427,340.98,0.39,0.59,2026-07-30,2218,N,VIIRS,n,2.0NRT,302.21,4.08,N
35.60831,43.79497,317.73,0.41,0.61,2026-07-30,2218,N,VIIRS,n,2.0NRT,301.08,2.32,N
35.61054,43.79436,318.88,0.41,0.61,2026-07-30,2218,N,VIIRS,n,2.0NRT,301.33,1.67,N
35.62696,44.00924,351.65,0.4,0.6,2026-07-30,2218,N,VIIRS,n,2.0NRT,305.66,14.59,N
35.62722,44.00462,346.14,0.4,0.6,2026-07-30,2218,N,VIIRS,n,2.0NRT,301.83,14.59,N
35.63258,44.00962,321.53,0.4,0.6,2026-07-30,2218,N,VIIRS,n,2.0NRT,300.43,1.08,N
35.63284,44.005,314.8,0.4,0.6,2026-07-30,2218,N,VIIRS,n,2.0NRT,299.81,1.08,N
35.66355,43.96254,331.87,0.41,0.6,2026-07-30,2218,N,VIIRS,n,2.0NRT,302.54,3.48,N
35.68535,43.88095,312.33,0.41,0.61,2026-07-30,2218,N,VIIRS,n,2.0NRT,300.59,8.94,N
35.68562,43.87634,347.86,0.41,0.61,2026-07-30,2218,N,VIIRS,n,2.0NRT,313.76,21.19,N
35.68589,43.87173,326.05,0.41,0.61,2026-07-30,2218,N,VIIRS,n,2.0NRT,301.44,21.19,N
35.72394,44.04332,314.6,0.4,0.6,2026-07-30,2218,N,VIIRS,n,2.0NRT,302.8,8.73,N
35.7242,44.03872,367.0,0.4,0.6,2026-07-30,2218,N,VIIRS,h,2.0NRT,307.41,8.73,N
35.73032,44.03023,328.33,0.4,0.6,2026-07-30,2218,N,VIIRS,n,2.0NRT,303.86,11.91,N
35.77195,43.99352,345.74,0.4,0.6,2026-07-30,2218,N,VIIRS,n,2.0NRT,305.01,5.14,N
35.79969,43.90744,320.24,0.41,0.61,2026-07-30,2218,N,VIIRS,n,2.0NRT,302.71,2.08,N
35.81391,44.21213,318.24,0.39,0.6,2026-07-30,2218,N,VIIRS,n,2.0NRT,301.89,1.55,N
35.81418,44.20749,331.61,0.39,0.6,2026-07-30,2218,N,VIIRS,n,2.0NRT,303.44,1.55,N
35.9721,43.76083,315.75,0.42,0.61,2026-07-30,2218,N,VIIRS,n,2.0NRT,300.77,4.16,N
35.98302,43.77058,319.54,0.42,0.61,2026-07-30,2218,N,VIIRS,n,2.0NRT,300.54,2.83,N
35.98328,43.76591,330.61,0.42,0.61,2026-07-30,2218,N,VIIRS,n,2.0NRT,300.44,2.83,N
36.00068,43.76226,317.6,0.42,0.61,2026-07-30,2218,N,VIIRS,n,2.0NRT,298.32,2.34,N
36.00094,43.75756,318.54,0.42,0.61,2026-07-30,2218,N,VIIRS,n,2.0NRT,298.18,2.34,N
36.01672,43.6815,322.26,0.42,0.61,2026-07-30,2218,N,VIIRS,n,2.0NRT,298.77,2.59,N
36.08362,43.6391,308.27,0.43,0.62,2026-07-30,2218,N,VIIRS,n,2.0NRT,296.95,0.92,N
36.12761,43.77965,323.16,0.42,0.61,2026-07-30,2218,N,VIIRS,n,2.0NRT,300.45,3.3,N
36.12891,43.77787,317.64,0.42,0.61,2026-07-30,2218,N,VIIRS,n,2.0NRT,300.46,3.03,N
36.16108,43.92459,308.32,0.41,0.61,2026-07-30,2218,N,VIIRS,n,2.0NRT,298.07,1.72,N
36.59076,43.71055,311.1,0.43,0.62,2026-07-30,2218,N,VIIRS,n,2.0NRT,299.65,1.11,N
36.71299,40.97023,313.97,0.61,0.71,2026-07-30,2218,N,VIIRS,n,2.0NRT,293.2,3.78,N
36.71963,40.97062,333.37,0.61,0.71,2026-07-30,2218,N,VIIRS,n,2.0NRT,294.75,3.78,N
36.91475,42.09233,320.48,0.53,0.67,2026-07-30,2218,N,VIIRS,n,2.0NRT,295.6,3.51,N
36.92103,42.09289,326.5,0.53,0.67,2026-07-30,2218,N,VIIRS,n,2.0NRT,296.6,4.89,N
36.92127,42.08668,335.99,0.53,0.67,2026-07-30,2218,N,VIIRS,n,2.0NRT,297.46,4.89,N
36.92151,42.08049,326.05,0.53,0.67,2026-07-30,2218,N,VIIRS,n,2.0NRT,296.06,4.51,N
36.92466,42.08681,325.16,0.53,0.67,2026-07-30,2218,N,VIIRS,n,2.0NRT,296.77,4.2,N
36.92487,42.0806,335.25,0.53,0.67,2026-07-30,2218,N,VIIRS,n,2.0NRT,297.83,4.2,N
36.92507,42.07439,306.84,0.53,0.67,2026-07-30,2218,N,VIIRS,n,2.0NRT,294.81,3.87,N
36.9278,42.08088,312.98,0.53,0.67,2026-07-30,2218,N,VIIRS,n,2.0NRT,296.48,4.51,N
36.9386,42.12522,309.46,0.52,0.67,2026-07-30,2218,N,VIIRS,n,2.0NRT,296.02,2.36,N
36.9405,42.17336,304.08,0.52,0.67,2026-07-30,2218,N,VIIRS,n,2.0NRT,293.26,1.05,N
36.94071,42.16737,311.14,0.52,0.67,2026-07-30,2218,N,VIIRS,n,2.0NRT,293.71,1.05,N
36.94289,42.17347,308.68,0.52,0.67,2026-07-30,2218,N,VIIRS,n,2.0NRT,293.99,1.41,N
36.94314,42.1675,310.46,0.52,0.67,2026-07-30,2218,N,VIIRS,n,2.0NRT,293.68,1.91,N
36.94461,42.13177,313.05,0.52,0.67,2026-07-30,2218,N,VIIRS,n,2.0NRT,295.4,3.22,N
36.9458,40.49911,317.9,0.64,0.72,2026-07-30,2218,N,VIIRS,n,2.0NRT,293.31,2.64,N
36.94824,42.13205,317.05,0.52,0.67,2026-07-30,2218,N,VIIRS,n,2.0NRT,295.54,1.68,N
36.94846,42.126,307.36,0.53,0.67,2026-07-30,2218,N,VIIRS,n,2.0NRT,296.69,2.97,N
36.96256,42.08321,306.15,0.53,0.67,2026-07-30,2218,N,VIIRS,n,2.0NRT,293.43,0.97,N
36.96548,42.08336,307.69,0.53,0.67,2026-07-30,2218,N,VIIRS,n,2.0NRT,293.7,1.62,N
36.96771,40.93169,302.61,0.61,0.71,2026-07-30,2218,N,VIIRS,n,2.0NRT,292.21,0.84,N
36.98289,41.46881,309.3,0.57,0.69,2026-07-30,2218,N,VIIRS,n,2.0NRT,293.54,2.27,N
36.9829,41.46933,309.94,0.57,0.69,2026-07-30,2218,N,VIIRS,n,2.0NRT,293.64,1.92,N
36.98957,41.46262,308.57,0.57,0.69,2026-07-30,2218,N,VIIRS,n,2.0NRT,293.42,1.74,N
36.98962,41.46312,309.11,0.57,0.69,2026-07-30,2218,N,VIIRS,n,2.0NRT,293.56,1.92,N
36.98978,41.45595,307.58,0.57,0.69,2026-07-30,2218,N,VIIRS,n,2.0NRT,293.09,1.74,N
36.98986,41.45648,308.26,0.57,0.69,2026-07-30,2218,N,VIIRS,n,2.0NRT,293.23,2.18,N
37.03012,41.96432,312.59,0.54,0.68,2026-07-30,2218,N,VIIRS,n,2.0NRT,294.85,1.54,N
37.03218,41.96613,308.69,0.54,0.68,2026-07-30,2218,N,VIIRS,n,2.0NRT,294.15,1.56,N
37.0593,41.11329,304.07,0.6,0.7,2026-07-30,2218,N,VIIRS,n,2.0NRT,292.68,0.77,N
37.07915,42.55859,315.09,0.5,0.66,2026-07-30,2218,N,VIIRS,n,2.0NRT,299.97,5.54,N
37.09624,41.11739,322.49,0.6,0.7,2026-07-30,2218,N,VIIRS,n,2.0NRT,294.42,4.98,N
37.09644,41.11034,336.76,0.6,0.7,2026-07-30,2218,N,VIIRS,n,2.0NRT,295.18,8.32,N
37.09887,41.11647,330.36,0.6,0.7,2026-07-30,2218,N,VIIRS,n,2.0NRT,294.6,4.06,N
37.0991,41.10942,321.49,0.6,0.7,2026-07-30,2218,N,VIIRS,n,2.0NRT,294.32,4.06,N
37.80093,39.02595,310.31,0.78,0.78,2026-07-30,2218,N,VIIRS,n,2.0NRT,295.91,3.68,N
35.52366,44.34262,315.36,0.5,0.66,2026-07-30,2358,N,VIIRS,n,2.0NRT,299.57,3.21,N
35.52715,44.34624,315.46,0.5,0.66,2026-07-30,2358,N,VIIRS,n,2.0NRT,299.95,4.48,N
35.52861,44.34101,344.45,0.5,0.66,2026-07-30,2358,N,VIIRS,n,2.0NRT,300.85,4.48,N
35.5295,44.34492,321.29,0.5,0.66,2026-07-30,2358,N,VIIRS,n,2.0NRT,300.77,3.21,N
35.53009,44.33574,323.82,0.5,0.66,2026-07-30,2358,N,VIIRS,n,2.0NRT,300.51,4.55,N
35.53099,44.3397,350.51,0.5,0.65,2026-07-30,2358,N,VIIRS,n,2.0NRT,302.01,3.21,N
35.53251,44.33441,319.57,0.5,0.65,2026-07-30,2358,N,VIIRS,n,2.0NRT,300.77,6.4,N
35.53593,44.33802,326.86,0.5,0.66,2026-07-30,2358,N,VIIRS,n,2.0NRT,300.65,4.55,N
35.53807,44.20189,310.53,0.49,0.65,2026-07-30,2358,N,VIIRS,n,2.0NRT,296.36,1.05,N
35.54081,44.205,308.55,0.49,0.65,2026-07-30,2358,N,VIIRS,n,2.0NRT,296.62,0.99,N
35.56643,44.2836,339.41,0.49,0.65,2026-07-30,2358,N,VIIRS,n,2.0NRT,300.96,4.35,N
35.62513,44.0085,327.98,0.47,0.64,2026-07-30,2358,N,VIIRS,n,2.0NRT,297.84,2.6,N
35.62654,44.00349,313.75,0.47,0.64,2026-07-30,2358,N,VIIRS,n,2.0NRT,298.43,2.64,N
35.62669,44.01098,342.15,0.47,0.64,2026-07-30,2358,N,VIIRS,n,2.0NRT,299.36,14.41,N
35.62807,44.00597,367.0,0.47,0.64,2026-07-30,2358,N,VIIRS,h,2.0NRT,303.72,24.89,N
35.63078,44.01104,355.6,0.47,0.64,2026-07-30,2358,N,VIIRS,n,2.0NRT,302.13,12.45,N
35.63219,44.00604,352.95,0.47,0.64,2026-07-30,2358,N,VIIRS,n,2.0NRT,301.03,14.49,N
35.66225,43.96693,316.77,0.47,0.64,2026-07-30,2358,N,VIIRS,n,2.0NRT,300.26,2.08,N
35.66368,43.96182,314.68,0.47,0.64,2026-07-30,2358,N,VIIRS,n,2.0NRT,300.52,2.41,N
35.67908,44.06586,311.68,0.48,0.64,2026-07-30,2358,N,VIIRS,n,2.0NRT,299.83,1.11,N
35.68194,43.87411,331.71,0.46,0.64,2026-07-30,2358,N,VIIRS,n,2.0NRT,299.19,10.41,N
35.68619,43.88146,317.31,0.47,0.64,2026-07-30,2358,N,VIIRS,n,2.0NRT,298.99,10.41,N
35.68761,43.8764,367.0,0.46,0.64,2026-07-30,2358,N,VIIRS,h,2.0NRT,309.87,10.41,N
35.6968,36.25416,345.95,0.56,0.43,2026-07-30,2358,N,VIIRS,n,2.0NRT,299.99,15.22,N
35.70057,36.25581,335.64,0.56,0.43,2026-07-30,2358,N,VIIRS,n,2.0NRT,297.7,4.39,N
35.70435,36.25737,307.23,0.56,0.43,2026-07-30,2358,N,VIIRS,n,2.0NRT,297.03,4.39,N
35.72199,44.03781,320.91,0.47,0.64,2026-07-30,2358,N,VIIRS,n,2.0NRT,301.34,5.27,N
35.72355,44.04315,340.54,0.47,0.64,2026-07-30,2358,N,VIIRS,n,2.0NRT,302.14,7.94,N
35.72496,44.03804,354.64,0.47,0.64,2026-07-30,2358,N,VIIRS,n,2.0NRT,302.67,7.94,N
35.72631,44.04501,320.9,0.47,0.64,2026-07-30,2358,N,VIIRS,n,2.0NRT,301.37,7.94,N
35.72635,44.03299,314.13,0.47,0.64,2026-07-30,2358,N,VIIRS,n,2.0NRT,301.4,3.48,N
35.72777,44.03986,367.0,0.47,0.64,2026-07-30,2358,N,VIIRS,h,2.0NRT,304.15,5.27,N
35.72921,44.03478,319.38,0.47,0.64,2026-07-30,2358,N,VIIRS,n,2.0NRT,301.46,5.27,N
35.73061,44.02981,316.18,0.47,0.64,2026-07-30,2358,N,VIIRS,n,2.0NRT,301.73,3.09,N
35.73213,44.03506,316.95,0.47,0.64,2026-07-30,2358,N,VIIRS,n,2.0NRT,301.69,3.48,N
35.77205,43.99537,340.97,0.47,0.64,2026-07-30,2358,N,VIIRS,n,2.0NRT,302.39,4.18,N
35.81277,44.20412,317.78,0.48,0.65,2026-07-30,2358,N,VIIRS,n,2.0NRT,301.2,3.09,N
35.81567,44.21652,314.44,0.48,0.65,2026-07-30,2358,N,VIIRS,n,2.0NRT,300.86,1.25,N
35.96636,43.76813,313.74,0.45,0.63,2026-07-30,2358,N,VIIRS,n,2.0NRT,299.53,5.42,N
35.97867,43.76867,316.18,0.45,0.63,2026-07-30,2358,N,VIIRS,n,2.0NRT,298.81,4.64,N
35.98418,43.77126,334.49,0.45,0.63,2026-07-30,2358,N,VIIRS,n,2.0NRT,299.54,3.7,N
35.99859,43.76229,330.28,0.45,0.63,2026-07-30,2358,N,VIIRS,n,2.0NRT,298.22,2.72,N
35.99928,43.76163,330.76,0.45,0.63,2026-07-30,2358,N,VIIRS,n,2.0NRT,299.21,3.63,N
36.01488,43.68216,306.31,0.45,0.63,2026-07-30,2358,N,VIIRS,n,2.0NRT,295.92,1.82,N
36.02045,43.68442,321.57,0.45,0.63,2026-07-30,2358,N,VIIRS,n,2.0NRT,298.45,4.19,N
36.02154,43.68057,320.34,0.44,0.63,2026-07-30,2358,N,VIIRS,n,2.0NRT,297.93,3.44,N
36.09789,43.62843,304.78,0.44,0.62,2026-07-30,2358,N,VIIRS,n,2.0NRT,294.65,0.86,N
36.13118,40.81041,309.19,0.62,0.54,2026-07-30,2358,N,VIIRS,n,2.0NRT,297.28,2.41,N
36.13172,40.80953,308.87,0.62,0.54,2026-07-30,2358,N,VIIRS,n,2.0NRT,297.6,2.3,N
36.16315,33.43937,335.15,0.42,0.38,2026-07-30,2358,N,VIIRS,n,2.0NRT,300.42,11.19,N
36.1666,33.44016,367.0,0.42,0.38,2026-07-30,2358,N,VIIRS,h,2.0NRT,332.37,57.44,N
36.16749,33.43539,329.81,0.42,0.38,2026-07-30,2358,N,VIIRS,n,2.0NRT,299.61,57.44,N
36.17005,33.44099,340.46,0.42,0.38,2026-07-30,2358,N,VIIRS,n,2.0NRT,304.84,57.44,N
36.42861,37.09085,308.81,0.39,0.44,2026-07-30,2358,N,VIIRS,n,2.0NRT,294.92,0.6,N
36.53599,36.37747,308.25,0.54,0.42,2026-07-30,2358,N,VIIRS,n,2.0NRT,296.38,1.18,N
36.54247,44.48407,309.39,0.48,0.64,2026-07-30,2358,N,VIIRS,n,2.0NRT,297.12,2.79,N
36.71908,36.19979,317.11,0.53,0.42,2026-07-30,2358,N,VIIRS,n,2.0NRT,298.04,4.21,N
36.72016,36.20082,312.52,0.53,0.42,2026-07-30,2358,N,VIIRS,n,2.0NRT,297.55,3.98,N
36.72922,36.20926,311.45,0.53,0.42,2026-07-30,2358,N,VIIRS,n,2.0NRT,297.79,3.28,N
36.73028,36.21024,317.97,0.53,0.42,2026-07-30,2358,N,VIIRS,n,2.0NRT,299.13,6.13,N
36.73157,36.19766,313.94,0.53,0.42,2026-07-30,2358,N,VIIRS,n,2.0NRT,298.26,3.95,N
36.73269,36.19864,310.44,0.53,0.42,2026-07-30,2358,N,VIIRS,n,2.0NRT,297.59,3.31,N
36.73926,41.96229,308.73,0.35,0.56,2026-07-30,2358,N,VIIRS,n,2.0NRT,292.65,1.07,N
36.74806,38.6695,310.08,0.47,0.47,2026-07-30,2358,N,VIIRS,n,2.0NRT,297.49,0.84,N
36.74852,38.67115,309.71,0.47,0.47,2026-07-30,2358,N,VIIRS,n,2.0NRT,297.83,1.46,N
36.9128,41.89436,306.95,0.34,0.56,2026-07-30,2358,N,VIIRS,n,2.0NRT,293.68,0.43,N
36.91609,42.09693,312.78,0.35,0.57,2026-07-30,2358,N,VIIRS,n,2.0NRT,294.17,1.22,N
36.91669,42.09456,324.66,0.35,0.57,2026-07-30,2358,N,VIIRS,n,2.0NRT,295.05,2.19,N
36.91708,42.09314,317.62,0.35,0.57,2026-07-30,2358,N,VIIRS,n,2.0NRT,294.27,1.22,N
36.92213,42.09509,311.08,0.35,0.57,2026-07-30,2358,N,VIIRS,n,2.0NRT,293.86,0.9,N
36.92312,42.09132,307.53,0.35,0.57,2026-07-30,2358,N,VIIRS,n,2.0NRT,293.94,1.02,N
36.92411,42.08756,317.79,0.35,0.57,2026-07-30,2358,N,VIIRS,n,2.0NRT,294.42,1.02,N
36.92706,42.07627,304.26,0.35,0.57,2026-07-30,2358,N,VIIRS,n,2.0NRT,293.28,0.64,N
36.94138,42.17061,325.14,0.35,0.57,2026-07-30,2358,N,VIIRS,n,2.0NRT,295.71,2.13,N
36.94142,42.12768,314.1,0.35,0.57,2026-07-30,2358,N,VIIRS,n,2.0NRT,295.95,1.28,N
36.94545,42.13359,313.85,0.35,0.57,2026-07-30,2358,N,VIIRS,n,2.0NRT,295.18,1.68,N
36.94646,42.12972,326.31,0.35,0.57,2026-07-30,2358,N,VIIRS,n,2.0NRT,297.49,1.68,N
36.96418,42.08285,314.53,0.35,0.57,2026-07-30,2358,N,VIIRS,n,2.0NRT,294.88,0.91,N
36.98304,41.4717,312.58,0.32,0.55,2026-07-30,2358,N,VIIRS,n,2.0NRT,293.49,1.05,N
36.98971,41.46655,304.44,0.32,0.55,2026-07-30,2358,N,VIIRS,n,2.0NRT,292.79,1.06,N
36.99061,41.46302,322.82,0.32,0.55,2026-07-30,2358,N,VIIRS,n,2.0NRT,294.01,1.06,N
36.99548,41.46492,303.91,0.32,0.55,2026-07-30,2358,N,VIIRS,n,2.0NRT,293.16,0.71,N
37.01133,30.87718,311.2,0.38,0.36,2026-07-30,2358,N,VIIRS,n,2.0NRT,297.77,1.81,N
37.01343,41.58475,308.3,0.33,0.55,2026-07-30,2358,N,VIIRS,n,2.0NRT,296.0,0.96,N
37.03229,41.96849,311.45,0.34,0.56,2026-07-30,2358,N,VIIRS,n,2.0NRT,293.57,1.36,N
37.0393,41.52472,313.16,0.32,0.55,2026-07-30,2358,N,VIIRS,n,2.0NRT,294.9,1.32,N
37.05831,41.11242,307.12,0.61,0.54,2026-07-30,2358,N,VIIRS,n,2.0NRT,294.09,1.57,N
37.06166,41.11373,315.45,0.61,0.54,2026-07-30,2358,N,VIIRS,n,2.0NRT,294.12,2.29,N
37.0631,41.11424,308.78,0.61,0.54,2026-07-30,2358,N,VIIRS,n,2.0NRT,293.91,1.17,N
37.0764,41.0822,313.16,0.61,0.54,2026-07-30,2358,N,VIIRS,n,2.0NRT,294.71,1.3,N
37.0781,41.07544,306.53,0.61,0.53,2026-07-30,2358,N,VIIRS,n,2.0NRT,294.61,1.3,N
37.07979,42.5598,312.17,0.37,0.58,2026-07-30,2358,N,VIIRS,n,2.0NRT,299.68,3.52,N
37.20151,39.64128,313.19,0.51,0.49,2026-07-30,2358,N,VIIRS,n,2.0NRT,293.89,1.3,N
37.20592,39.64291,305.86,0.51,0.49,2026-07-30,2358,N,VIIRS,n,2.0NRT,292.71,1.3,N
37.2521,30.44269,314.18,0.39,0.36,2026-07-30,2358,N,VIIRS,n,2.0NRT,294.62,2.17,N
37.51547,42.41089,307.85,0.35,0.57,2026-07-30,2358,N,VIIRS,n,2.0NRT,295.06,1.31,N
37.51645,42.40716,309.26,0.35,0.57,2026-07-30,2358,N,VIIRS,n,2.0NRT,296.65,1.31,N
37.58584,38.08466,307.57,0.42,0.45,2026-07-30,2358,N,VIIRS,n,2.0NRT,296.18,1.18,N
37.59423,28.12194,340.87,0.43,0.38,2026-07-30,2358,N,VIIRS,n,2.0NRT,299.08,6.03,N
37.59491,28.11681,311.41,0.43,0.38,2026-07-30,2358,N,VIIRS,n,2.0NRT,296.08,2.26,N
37.59628,28.10648,310.67,0.43,0.38,2026-07-30,2358,N,VIIRS,n,2.0NRT,297.02,1.3,N
37.59695,28.10139,310.01,0.43,0.38,2026-07-30,2358,N,VIIRS,n,2.0NRT,296.74,1.3,N
37.59771,28.12272,335.98,0.43,0.38,2026-07-30,2358,N,VIIRS,n,2.0NRT,297.78,3.47,N
37.59838,28.11759,311.24,0.43,0.38,2026-07-30,2358,N,VIIRS,n,2.0NRT,296.68,1.91,N
37.60118,28.12339,331.27,0.43,0.38,2026-07-30,2358,N,VIIRS,n,2.0NRT,296.48,3.47,N
37.60186,28.11831,309.68,0.43,0.38,2026-07-30,2358,N,VIIRS,n,2.0NRT,296.04,1.91,N
37.60534,28.11899,319.01,0.43,0.38,2026-07-30,2358,N,VIIRS,n,2.0NRT,295.79,2.26,N
37.60815,28.12474,341.15,0.43,0.38,2026-07-30,2358,N,VIIRS,n,2.0NRT,297.87,5.94,N
37.60883,28.11961,316.25,0.43,0.38,2026-07-30,2358,N,VIIRS,n,2.0NRT,297.38,2.26,N
37.61092,28.13068,332.65,0.43,0.38,2026-07-30,2358,N,VIIRS,n,2.0NRT,296.53,3.34,N
37.61298,28.14199,314.09,0.43,0.38,2026-07-30,2358,N,VIIRS,n,2.0NRT,293.0,4.53,N
37.61369,28.13675,344.74,0.43,0.38,2026-07-30,2358,N,VIIRS,n,2.0NRT,297.45,4.53,N
37.61439,28.13148,306.13,0.43,0.38,2026-07-30,2358,N,VIIRS,n,2.0NRT,293.89,3.34,N
37.61645,28.14278,331.56,0.43,0.38,2026-07-30,2358,N,VIIRS,n,2.0NRT,296.24,2.64,N
37.61715,28.13755,319.97,0.43,0.38,2026-07-30,2358,N,VIIRS,n,2.0NRT,299.34,2.64,N
37.61991,28.14358,314.31,0.43,0.38,2026-07-30,2358,N,VIIRS,n,2.0NRT,294.42,2.64,N
37.62402,28.08597,322.94,0.43,0.38,2026-07-30,2358,N,VIIRS,n,2.0NRT,298.08,3.07,N
37.62618,28.15004,337.59,0.43,0.38,2026-07-30,2358,N,VIIRS,n,2.0NRT,298.01,10.01,N
37.62683,28.09179,315.54,0.43,0.38,2026-07-30,2358,N,VIIRS,n,2.0NRT,298.38,3.07,N
37.6275,28.08673,340.65,0.43,0.38,2026-07-30,2358,N,VIIRS,n,2.0NRT,304.1,3.07,N
37.62817,28.08167,310.23,0.43,0.38,2026-07-30,2358,N,VIIRS,n,2.0NRT,296.85,2.43,N
37.62898,28.15573,317.69,0.43,0.38,2026-07-30,2358,N,VIIRS,n,2.0NRT,293.7,2.8,N
37.62967,28.15064,332.4,0.43,0.38,2026-07-30,2358,N,VIIRS,n,2.0NRT,299.43,2.8,N
37.63031,28.09253,330.54,0.43,0.38,2026-07-30,2358,N,VIIRS,n,2.0NRT,300.54,2.48,N
37.63097,28.08755,309.63,0.43,0.38,2026-07-30,2358,N,VIIRS,n,2.0NRT,297.97,2.48,N
37.63247,28.15631,335.7,0.43,0.38,2026-07-30,2358,N,VIIRS,n,2.0NRT,295.04,2.8,N
37.63316,28.15117,306.34,0.43,0.38,2026-07-30,2358,N,VIIRS,n,2.0NRT,294.4,2.8,N
37.63588,28.10435,315.74,0.43,0.38,2026-07-30,2358,N,VIIRS,n,2.0NRT,299.38,5.38,N
37.63596,28.15687,351.72,0.43,0.38,2026-07-30,2358,N,VIIRS,n,2.0NRT,314.49,15.91,N
37.63667,28.1517,307.3,0.43,0.38,2026-07-30,2358,N,VIIRS,n,2.0NRT,296.21,15.91,N
37.63726,28.12067,331.84,0.43,0.38,2026-07-30,2358,N,VIIRS,n,2.0NRT,296.43,4.08,N
37.63796,28.11546,347.5,0.43,0.38,2026-07-30,2358,N,VIIRS,n,2.0NRT,299.36,6.65,N
37.63866,28.1103,329.6,0.43,0.38,2026-07-30,2358,N,VIIRS,n,2.0NRT,297.98,6.65,N
37.63934,28.10522,340.27,0.43,0.38,2026-07-30,2358,N,VIIRS,n,2.0NRT,302.11,5.38,N
37.63945,28.15746,355.8,0.43,0.38,2026-07-30,2358,N,VIIRS,n,2.0NRT,306.49,15.91,N
37.64004,28.12657,326.61,0.43,0.38,2026-07-30,2358,N,VIIRS,n,2.0NRT,297.34,5.21,N
37.64016,28.15228,310.5,0.43,0.38,2026-07-30,2358,N,VIIRS,n,2.0NRT,296.63,15.91,N
37.64073,28.12144,348.2,0.43,0.38,2026-07-30,2358,N,VIIRS,n,2.0NRT,304.62,5.21,N
37.64294,28.15805,349.11,0.43,0.38,2026-07-30,2358,N,VIIRS,n,2.0NRT,299.35,8.18,N
37.64339,28.15991,310.44,0.43,0.38,2026-07-30,2358,N,VIIRS,n,2.0NRT,293.06,1.06,N
37.64352,28.12726,312.77,0.43,0.38,2026-07-30,2358,N,VIIRS,n,2.0NRT,294.86,5.21,N
37.64365,28.15286,317.58,0.43,0.38,2026-07-30,2358,N,VIIRS,n,2.0NRT,295.93,8.18,N
37.64407,28.15468,342.9,0.43,0.38,2026-07-30,2358,N,VIIRS,n,2.0NRT,298.54,7.42,N
37.64474,28.14952,314.91,0.43,0.38,2026-07-30,2358,N,VIIRS,n,2.0NRT,294.69,7.42,N
37.64634,28.13284,314.92,0.43,0.38,2026-07-30,2358,N,VIIRS,n,2.0NRT,293.66,1.45,N
37.64668,28.13455,306.57,0.43,0.38,2026-07-30,2358,N,VIIRS,n,2.0NRT,293.33,0.96,N
37.64701,28.12791,314.56,0.43,0.38,2026-07-30,2358,N,VIIRS,n,2.0NRT,293.71,1.23,N
37.64714,28.15342,354.18,0.43,0.38,2026-07-30,2358,N,VIIRS,n,2.0NRT,306.29,8.18,N
37.64733,28.12963,317.16,0.43,0.38,2026-07-30,2358,N,VIIRS,n,2.0NRT,294.24,0.96,N
37.64756,28.15525,334.75,0.43,0.38,2026-07-30,2358,N,VIIRS,n,2.0NRT,297.86,7.42,N
37.64783,28.14833,347.28,0.43,0.38,2026-07-30,2358,N,VIIRS,n,2.0NRT,298.67,12.22,N
37.64822,28.15012,356.85,0.43,0.38,2026-07-30,2358,N,VIIRS,n,2.0NRT,306.86,7.42,N
37.64888,28.14507,307.94,0.43,0.38,2026-07-30,2358,N,VIIRS,n,2.0NRT,292.9,3.27,N
37.65171,28.15072,325.58,0.43,0.38,2026-07-30,2358,N,VIIRS,n,2.0NRT,294.92,2.57,N
37.65236,28.14572,339.67,0.43,0.38,2026-07-30,2358,N,VIIRS,n,2.0NRT,299.67,5.64,N
37.65585,28.14637,332.77,0.43,0.38,2026-07-30,2358,N,VIIRS,n,2.0NRT,295.5,5.64,N
37.86132,29.37448,304.64,0.4,0.37,2026-07-30,2358,N,VIIRS,n,2.0NRT,293.16,0.78,N
37.86196,29.37,306.47,0.4,0.37,2026-07-30,2358,N,VIIRS,n,2.0NRT,293.6,0.78,N
37.90336,28.33833,305.81,0.42,0.38,2026-07-30,2358,N,VIIRS,n,2.0NRT,295.59,0.94,N
38.17648,27.16824,305.97,0.47,0.39,2026-07-30,2358,N,VIIRS,n,2.0NRT,293.17,0.82,N
38.20118,38.26558,300.37,0.41,0.45,2026-07-30,2358,N,VIIRS,n,2.0NRT,290.0,0.36,N
38.22809,29.71573,301.15,0.4,0.37,2026-07-30,2358,N,VIIRS,n,2.0NRT,290.84,0.71,N
38.22874,29.71123,329.64,0.4,0.37,2026-07-30,2358,N,VIIRS,n,2.0NRT,291.8,3.48,N
38.23143,29.7165,305.54,0.4,0.37,2026-07-30,2358,N,VIIRS,n,2.0NRT,291.33,0.71,N
38.42597,27.21583,313.58,0.47,0.4,2026-07-30,2358,N,VIIRS,n,2.0NRT,295.6,1.5,N
38.56846,37.51879,306.52,0.56,0.43,2026-07-30,2358,N,VIIRS,n,2.0NRT,288.86,2.69,N
38.57236,37.51995,323.83,0.56,0.43,2026-07-30,2358,N,VIIRS,n,2.0NRT,290.64,2.69,N
38.7345,26.96645,309.89,0.48,0.4,2026-07-30,2358,N,VIIRS,n,2.0NRT,293.65,1.16,N
38.74454,26.94568,304.11,0.48,0.4,2026-07-30,2358,N,VIIRS,n,2.0NRT,293.39,0.36,N
38.75327,26.93595,311.91,0.48,0.4,2026-07-30,2358,N,VIIRS,n,2.0NRT,293.08,0.98,N
39.09036,27.51337,303.63,0.46,0.39,2026-07-30,2358,N,VIIRS,n,2.0NRT,291.71,1.08,N
39.09399,27.51394,306.75,0.46,0.39,2026-07-30,2358,N,VIIRS,n,2.0NRT,292.6,1.08,N
39.11568,27.5182,301.82,0.46,0.39,2026-07-30,2358,N,VIIRS,n,2.0NRT,291.75,1.16,N
39.11926,27.51918,307.75,0.46,0.39,2026-07-30,2358,N,VIIRS,n,2.0NRT,291.16,0.83,N
39.27122,26.90559,316.83,0.49,0.4,2026-07-30,2358,N,VIIRS,n,2.0NRT,296.0,1.46,N
39.27493,26.90634,305.61,0.49,0.4,2026-07-30,2358,N,VIIRS,n,2.0NRT,295.57,1.46,N
39.2773,26.91855,319.15,0.49,0.4,2026-07-30,2358,N,VIIRS,n,2.0NRT,298.39,7.31,N
39.27798,26.91278,332.1,0.49,0.4,2026-07-30,2358,N,VIIRS,n,2.0NRT,300.87,9.68,N
39.281,26.91939,326.99,0.49,0.4,2026-07-30,2358,N,VIIRS,n,2.0NRT,296.08,7.31,N
39.28168,26.9136,307.51,0.49,0.4,2026-07-30,2358,N,VIIRS,n,2.0NRT,295.18,9.68,N
39.28636,26.9383,330.08,0.49,0.4,2026-07-30,2358,N,VIIRS,n,2.0NRT,297.25,3.7,N
39.28705,26.93244,315.62,0.49,0.4,2026-07-30,2358,N,VIIRS,n,2.0NRT,296.7,3.7,N
39.30647,26.96057,310.12,0.49,0.4,2026-07-30,2358,N,VIIRS,n,2.0NRT,293.22,1.15,N
39.30729,26.96137,312.55,0.49,0.4,2026-07-30,2358,N,VIIRS,n,2.0NRT,293.33,2.02,N
39.30788,26.94888,317.14,0.49,0.4,2026-07-30,2358,N,VIIRS,n,2.0NRT,293.98,1.62,N
39.3093,26.94375,309.58,0.49,0.4,2026-07-30,2358,N,VIIRS,n,2.0NRT,293.75,2.52,N
39.31099,26.9621,306.78,0.49,0.4,2026-07-30,2358,N,VIIRS,n,2.0NRT,293.08,1.07,N
39.31843,26.96338,332.29,0.49,0.4,2026-07-30,2358,N,VIIRS,n,2.0NRT,295.29,6.1,N
39.3191,26.95753,306.64,0.49,0.4,2026-07-30,2358,N,VIIRS,n,2.0NRT,292.83,6.1,N
39.32214,26.96404,326.95,0.49,0.4,2026-07-30,2358,N,VIIRS,n,2.0NRT,293.38,6.1,N
39.32281,26.95829,332.67,0.49,0.4,2026-07-30,2358,N,VIIRS,n,2.0NRT,297.24,6.1,N
39.32516,26.97071,327.61,0.49,0.4,2026-07-30,2358,N,VIIRS,n,2.0NRT,293.36,2.26,N
39.32585,26.96482,306.59,0.49,0.4,2026-07-30,2358,N,VIIRS,n,2.0NRT,292.76,2.14,N
39.32888,26.97144,320.47,0.49,0.4,2026-07-30,2358,N,VIIRS,n,2.0NRT,292.6,2.26,N
39.33256,26.97238,328.92,0.49,0.4,2026-07-30,2358,N,VIIRS,n,2.0NRT,293.73,2.04,N
39.33556,26.97917,307.86,0.49,0.4,2026-07-30,2358,N,VIIRS,n,2.0NRT,291.05,2.04,N
39.33624,26.97333,316.31,0.49,0.4,2026-07-30,2358,N,VIIRS,n,2.0NRT,292.48,2.04,N
39.33928,26.97985,311.76,0.49,0.4,2026-07-30,2358,N,VIIRS,n,2.0NRT,291.35,0.93,N
39.33995,26.97406,303.13,0.49,0.4,2026-07-30,2358,N,VIIRS,n,2.0NRT,290.74,0.93,N
39.48431,30.03978,314.43,0.4,0.37,2026-07-30,2358,N,VIIRS,n,2.0NRT,288.52,1.68,N
39.68319,29.46803,304.58,0.41,0.37,2026-07-30,2358,N,VIIRS,n,2.0NRT,287.98,0.69,N
39.71993,30.31485,300.07,0.39,0.36,2026-07-30,2358,N,VIIRS,n,2.0NRT,282.91,0.81,N
39.83871,30.3005,303.74,0.39,0.37,2026-07-30,2358,N,VIIRS,n,2.0NRT,287.8,1.21,N
39.86646,26.24166,316.46,0.53,0.42,2026-07-30,2358,N,VIIRS,n,2.0NRT,294.45,1.66,N
39.95942,33.14615,298.84,0.39,0.36,2026-07-30,2358,N,VIIRS,n,2.0NRT,285.52,0.28,N
40.04206,32.77806,302.93,0.39,0.36,2026-07-30,2358,N,VIIRS,n,2.0NRT,285.63,0.51,N
40.04971,32.64897,302.45,0.39,0.36,2026-07-30,2358,N,VIIRS,n,2.0NRT,287.78,0.8,N
40.18724,29.2266,302.21,0.42,0.37,2026-07-30,2358,N,VIIRS,n,2.0NRT,290.25,0.86,N
40.24109,29.92308,296.01,0.4,0.37,2026-07-30,2358,N,VIIRS,n,2.0NRT,285.95,0.59,N
40.24446,29.92389,296.86,0.4,0.37,2026-07-30,2358,N,VIIRS,n,2.0NRT,286.49,0.59,N
40.26235,30.04408,306.12,0.4,0.37,2026-07-30,2358,N,VIIRS,n,2.0NRT,289.97,1.1,N
40.75727,31.78301,302.93,0.38,0.36,2026-07-30,2358,N,VIIRS,n,2.0NRT,286.95,1.02,N
40.75985,29.75754,304.07,0.41,0.37,2026-07-30,2358,N,VIIRS,n,2.0NRT,291.56,1.28,N
40.76936,29.53387,307.98,0.41,0.37,2026-07-30,2358,N,VIIRS,n,2.0NRT,292.41,0.77,N
40.77002,29.52895,303.43,0.41,0.37,2026-07-30,2358,N,VIIRS,n,2.0NRT,293.33,0.77,N
40.78118,29.6024,310.5,0.41,0.37,2026-07-30,2358,N,VIIRS,n,2.0NRT,294.07,1.24,N
40.80568,29.36973,303.78,0.42,0.38,2026-07-30,2358,N,VIIRS,n,2.0NRT,292.02,0.7,N
40.93603,35.88662,296.23,0.44,0.39,2026-07-30,2358,N,VIIRS,n,2.0NRT,285.21,0.53,N
40.94558,31.3968,305.58,0.39,0.36,2026-07-30,2358,N,VIIRS,n,2.0NRT,288.73,1.07,N
41.01985,28.55771,309.21,0.44,0.39,2026-07-30,2358,N,VIIRS,n,2.0NRT,292.61,1.45,N
41.02052,28.55248,307.14,0.44,0.39,2026-07-30,2358,N,VIIRS,n,2.0NRT,292.13,1.15,N
41.17385,32.63209,309.31,0.38,0.36,2026-07-30,2358,N,VIIRS,n,2.0NRT,289.38,1.24,N
41.17639,32.63757,314.19,0.38,0.36,2026-07-30,2358,N,VIIRS,n,2.0NRT,289.57,1.72,N
41.17713,32.63303,328.73,0.38,0.36,2026-07-30,2358,N,VIIRS,n,2.0NRT,291.63,3.18,N
41.19317,32.6186,305.88,0.38,0.36,2026-07-30,2358,N,VIIRS,n,2.0NRT,289.01,0.85,N
41.25548,31.41325,318.42,0.39,0.36,2026-07-30,2358,N,VIIRS,n,2.0NRT,289.95,1.49,N
41.25601,31.43251,300.15,0.39,0.36,2026-07-30,2358,N,VIIRS,n,2.0NRT,289.89,0.87,N
41.26001,31.42877,309.98,0.39,0.36,2026-07-30,2358,N,VIIRS,n,2.0NRT,291.04,0.87,N
41.264,31.42505,313.5,0.39,0.36,2026-07-30,2358,N,VIIRS,n,2.0NRT,293.19,1.27,N
41.2673,31.42593,310.27,0.39,0.36,2026-07-30,2358,N,VIIRS,n,2.0NRT,292.15,1.27,N
41.62979,27.68513,303.54,0.48,0.4,2026-07-30,2358,N,VIIRS,n,2.0NRT,289.87,1.14,N
41.63528,27.50486,306.48,0.49,0.4,2026-07-30,2358,N,VIIRS,n,2.0NRT,291.98,1.28,N
35.52866,44.34122,354.76,0.53,0.5,2026-07-31,939,N,VIIRS,n,2.0NRT,320.69,7.11,D
35.53321,44.3397,352.25,0.53,0.5,2026-07-31,939,N,VIIRS,n,2.0NRT,319.76,7.76,D
35.56467,44.28482,351.04,0.54,0.51,2026-07-31,939,N,VIIRS,n,2.0NRT,321.65,6.94,D
35.68263,43.87814,354.07,0.56,0.51,2026-07-31,939,N,VIIRS,n,2.0NRT,324.79,23.29,D
35.68727,43.87656,354.52,0.56,0.51,2026-07-31,939,N,VIIRS,n,2.0NRT,321.09,28.32,D
35.7711,43.99835,348.33,0.55,0.51,2026-07-31,939,N,VIIRS,n,2.0NRT,321.46,18.7,D
35.9835,43.76881,348.67,0.56,0.51,2026-07-31,939,N,VIIRS,n,2.0NRT,321.44,8.02,D
35.997,43.76148,347.47,0.56,0.51,2026-07-31,939,N,VIIRS,n,2.0NRT,321.69,9.99,D
36.33495,37.52394,367.0,0.58,0.7,2026-07-31,939,N,VIIRS,h,2.0NRT,313.27,15.55,D
36.33546,37.52589,367.0,0.58,0.7,2026-07-31,939,N,VIIRS,h,2.0NRT,314.33,18.36,D
36.38667,43.05885,347.99,0.6,0.53,2026-07-31,939,N,VIIRS,n,2.0NRT,319.4,12.39,D
36.60986,40.75505,348.48,0.39,0.59,2026-07-31,939,N,VIIRS,n,2.0NRT,318.15,12.05,D
36.61472,40.9308,347.28,0.38,0.59,2026-07-31,939,N,VIIRS,n,2.0NRT,316.88,2.82,D
36.6156,40.92974,351.09,0.38,0.59,2026-07-31,939,N,VIIRS,n,2.0NRT,316.39,2.5,D
36.69614,39.63118,347.17,0.44,0.63,2026-07-31,939,N,VIIRS,n,2.0NRT,315.67,7.61,D
36.69722,39.63438,347.95,0.44,0.63,2026-07-31,939,N,VIIRS,n,2.0NRT,315.16,6.81,D
36.70147,39.62726,348.32,0.44,0.63,2026-07-31,939,N,VIIRS,n,2.0NRT,315.14,3.92,D
36.71448,38.19685,351.75,0.52,0.67,2026-07-31,939,N,VIIRS,n,2.0NRT,316.11,23.4,D
36.7211,39.42993,349.72,0.45,0.63,2026-07-31,939,N,VIIRS,n,2.0NRT,309.87,6.15,D
36.84587,38.37952,343.45,0.51,0.66,2026-07-31,939,N,VIIRS,n,2.0NRT,315.8,12.27,D
36.84744,38.38494,367.0,0.51,0.66,2026-07-31,939,N,VIIRS,h,2.0NRT,319.93,13.4,D
36.84903,38.39041,351.91,0.51,0.66,2026-07-31,939,N,VIIRS,n,2.0NRT,315.71,13.4,D
36.94328,42.16922,347.07,0.32,0.55,2026-07-31,939,N,VIIRS,n,2.0NRT,316.33,3.84,D
37.02295,41.30746,349.2,0.36,0.57,2026-07-31,939,N,VIIRS,n,2.0NRT,317.75,6.26,D
37.03342,41.97764,350.99,0.33,0.55,2026-07-31,939,N,VIIRS,n,2.0NRT,319.2,4.15,D
37.0844,38.29126,348.55,0.51,0.66,2026-07-31,939,N,VIIRS,n,2.0NRT,315.83,8.73,D
37.08585,38.29628,367.0,0.51,0.66,2026-07-31,939,N,VIIRS,h,2.0NRT,317.73,8.73,D
37.10292,41.07383,367.0,0.36,0.58,2026-07-31,939,N,VIIRS,h,2.0NRT,317.27,9.08,D
37.10395,41.07785,352.3,0.36,0.58,2026-07-31,939,N,VIIRS,n,2.0NRT,319.67,9.08,D
37.10595,41.07287,356.79,0.36,0.58,2026-07-31,939,N,VIIRS,n,2.0NRT,318.23,10.78,D
38.01131,40.36078,337.78,0.38,0.58,2026-07-31,939,N,VIIRS,n,2.0NRT,311.76,7.76,D
38.01592,40.36316,367.0,0.38,0.58,2026-07-31,939,N,VIIRS,h,2.0NRT,316.76,15.66,D
38.01757,40.36258,367.0,0.38,0.58,2026-07-31,939,N,VIIRS,h,2.0NRT,314.4,13.44,D
38.81358,40.61583,349.85,0.35,0.57,2026-07-31,941,N,VIIRS,n,2.0NRT,311.93,5.64,D
38.81459,40.61969,367.0,0.35,0.57,2026-07-31,941,N,VIIRS,h,2.0NRT,315.66,10.65,D
38.81757,40.60978,354.65,0.35,0.57,2026-07-31,941,N,VIIRS,n,2.0NRT,311.69,5.12,D
38.82258,40.6076,347.13,0.35,0.57,2026-07-31,941,N,VIIRS,n,2.0NRT,308.94,5.12,D
35.60595,36.06652,341.56,0.51,0.49,2026-07-31,1117,N,VIIRS,n,2.0NRT,305.25,5.39,D
35.62993,44.0098,367.0,0.7,0.75,2026-07-31,1117,N,VIIRS,h,2.0NRT,316.29,33.57,D
35.66035,44.10612,348.38,0.71,0.75,2026-07-31,1117,N,VIIRS,n,2.0NRT,314.13,20.19,D
35.6637,44.10877,347.24,0.71,0.75,2026-07-31,1117,N,VIIRS,n,2.0NRT,313.0,17.85,D
35.72614,44.0407,367.0,0.71,0.75,2026-07-31,1117,N,VIIRS,h,2.0NRT,310.39,17.53,D
35.98209,43.77395,345.71,0.69,0.74,2026-07-31,1117,N,VIIRS,n,2.0NRT,313.74,12.35,D
36.15599,37.77754,367.0,0.32,0.55,2026-07-31,1119,N,VIIRS,h,2.0NRT,317.98,5.54,D
36.16108,37.777,367.0,0.32,0.55,2026-07-31,1119,N,VIIRS,h,2.0NRT,313.65,5.54,D
36.23401,38.99424,351.2,0.37,0.58,2026-07-31,1119,N,VIIRS,n,2.0NRT,319.44,5.41,D
36.57348,38.60182,352.45,0.36,0.57,2026-07-31,1119,N,VIIRS,n,2.0NRT,320.32,18.14,D
36.57375,38.60604,367.0,0.36,0.57,2026-07-31,1119,N,VIIRS,h,2.0NRT,327.29,18.14,D
36.57403,40.46775,351.78,0.46,0.63,2026-07-31,1119,N,VIIRS,n,2.0NRT,313.69,4.88,D
36.5771,40.46895,367.0,0.46,0.63,2026-07-31,1119,N,VIIRS,h,2.0NRT,316.28,11.96,D
36.57996,40.46738,351.44,0.46,0.63,2026-07-31,1119,N,VIIRS,n,2.0NRT,314.44,5.1,D
36.67762,41.28566,367.0,0.51,0.66,2026-07-31,1119,N,VIIRS,h,2.0NRT,318.61,9.07,D
36.67785,41.29152,342.33,0.51,0.66,2026-07-31,1119,N,VIIRS,n,2.0NRT,315.72,9.89,D
36.68872,39.63691,351.33,0.41,0.61,2026-07-31,1119,N,VIIRS,n,2.0NRT,315.66,10.39,D
36.69956,39.62647,354.73,0.41,0.61,2026-07-31,1119,N,VIIRS,n,2.0NRT,316.96,9.45,D
36.72445,43.52387,340.42,0.67,0.74,2026-07-31,1119,N,VIIRS,n,2.0NRT,309.88,7.18,D
36.72565,43.52636,350.99,0.67,0.74,2026-07-31,1119,N,VIIRS,n,2.0NRT,310.66,8.0,D
36.79434,38.19892,367.0,0.34,0.56,2026-07-31,1119,N,VIIRS,h,2.0NRT,325.69,10.24,D
36.79957,38.19839,350.58,0.34,0.56,2026-07-31,1119,N,VIIRS,n,2.0NRT,320.9,10.24,D
36.83328,41.99593,367.0,0.55,0.68,2026-07-31,1119,N,VIIRS,h,2.0NRT,313.18,22.0,D
36.83921,37.6292,347.54,0.32,0.54,2026-07-31,1119,N,VIIRS,n,2.0NRT,319.16,10.09,D
36.92371,42.19061,353.34,0.57,0.69,2026-07-31,1119,N,VIIRS,n,2.0NRT,313.01,14.6,D
36.92999,42.18364,367.0,0.57,0.69,2026-07-31,1119,N,VIIRS,h,2.0NRT,316.71,14.6,D
36.9302,42.19039,367.0,0.57,0.69,2026-07-31,1119,N,VIIRS,h,2.0NRT,314.95,14.6,D
36.93649,42.18351,367.0,0.57,0.69,2026-07-31,1119,N,VIIRS,h,2.0NRT,313.45,32.97,D
36.94341,42.19662,344.41,0.57,0.69,2026-07-31,1119,N,VIIRS,n,2.0NRT,314.31,7.88,D
37.00916,40.40746,349.58,0.46,0.63,2026-07-31,1119,N,VIIRS,n,2.0NRT,314.66,7.93,D
37.0122,40.40554,343.49,0.46,0.63,2026-07-31,1119,N,VIIRS,n,2.0NRT,310.78,6.79,D
37.03944,41.9569,367.0,0.55,0.68,2026-07-31,1119,N,VIIRS,h,2.0NRT,314.46,20.64,D
37.03967,41.96338,367.0,0.55,0.68,2026-07-31,1119,N,VIIRS,h,2.0NRT,317.79,36.09,D
37.04011,41.97654,348.48,0.56,0.68,2026-07-31,1119,N,VIIRS,n,2.0NRT,314.15,9.83,D
37.04663,41.97362,343.97,0.56,0.68,2026-07-31,1119,N,VIIRS,n,2.0NRT,313.46,9.36,D
37.07979,42.00593,350.39,0.56,0.69,2026-07-31,1119,N,VIIRS,n,2.0NRT,315.62,16.69,D
37.07991,42.00961,367.0,0.56,0.69,2026-07-31,1119,N,VIIRS,h,2.0NRT,318.5,26.54,D
37.08001,42.0121,355.22,0.56,0.69,2026-07-31,1119,N,VIIRS,n,2.0NRT,318.22,12.75,D
37.0801,42.01574,343.68,0.56,0.69,2026-07-31,1119,N,VIIRS,n,2.0NRT,317.54,12.42,D
37.08023,42.01822,351.71,0.56,0.69,2026-07-31,1119,N,VIIRS,n,2.0NRT,317.6,12.75,D
37.08424,38.29128,367.0,0.35,0.57,2026-07-31,1119,N,VIIRS,h,2.0NRT,320.95,10.95,D
37.08614,42.00209,351.94,0.56,0.69,2026-07-31,1119,N,VIIRS,n,2.0NRT,313.82,12.12,D
37.08619,42.00451,367.0,0.56,0.69,2026-07-31,1119,N,VIIRS,h,2.0NRT,315.87,12.25,D
37.08632,42.00806,367.0,0.56,0.69,2026-07-31,1119,N,VIIRS,h,2.0NRT,315.73,12.12,D
37.0865,42.01406,342.5,0.56,0.69,2026-07-31,1119,N,VIIRS,n,2.0NRT,316.59,13.53,D
37.08662,42.0166,355.27,0.56,0.69,2026-07-31,1119,N,VIIRS,n,2.0NRT,316.95,14.11,D
37.08669,42.02023,348.08,0.56,0.69,2026-07-31,1119,N,VIIRS,n,2.0NRT,312.6,13.53,D
37.09261,42.00394,338.2,0.56,0.69,2026-07-31,1119,N,VIIRS,n,2.0NRT,311.25,12.25,D
37.09275,42.00741,344.54,0.56,0.69,2026-07-31,1119,N,VIIRS,n,2.0NRT,313.35,12.12,D
37.09283,42.00989,349.87,0.56,0.69,2026-07-31,1119,N,VIIRS,n,2.0NRT,314.3,14.11,D
37.09293,42.01342,367.0,0.56,0.69,2026-07-31,1119,N,VIIRS,h,2.0NRT,313.07,13.53,D
37.09305,42.01599,367.0,0.56,0.69,2026-07-31,1119,N,VIIRS,h,2.0NRT,312.24,14.11,D
37.09918,42.00703,348.44,0.56,0.69,2026-07-31,1119,N,VIIRS,n,2.0NRT,310.14,10.88,D
37.63369,28.16494,351.73,0.39,0.36,2026-07-31,1119,N,VIIRS,n,2.0NRT,325.34,63.49,D
37.63702,28.16426,355.77,0.39,0.36,2026-07-31,1119,N,VIIRS,n,2.0NRT,322.55,35.53,D
37.63884,28.10592,354.94,0.39,0.36,2026-07-31,1119,N,VIIRS,n,2.0NRT,321.43,23.12,D
37.63973,28.15926,345.8,0.39,0.36,2026-07-31,1119,N,VIIRS,n,2.0NRT,310.7,11.98,D
37.64214,28.1051,367.0,0.39,0.36,2026-07-31,1119,N,VIIRS,h,2.0NRT,344.29,84.23,D
37.64277,28.10944,348.65,0.39,0.36,2026-07-31,1119,N,VIIRS,n,2.0NRT,319.6,25.01,D
38.4052,33.38324,338.41,0.39,0.44,2026-07-31,1119,N,VIIRS,n,2.0NRT,306.61,2.63,D
38.73537,27.41059,341.95,0.39,0.36,2026-07-31,1119,N,VIIRS,n,2.0NRT,314.43,5.91,D
38.76894,30.60474,344.34,0.45,0.39,2026-07-31,1119,N,VIIRS,n,2.0NRT,310.2,4.65,D
38.90799,27.84894,346.72,0.39,0.36,2026-07-31,1119,N,VIIRS,n,2.0NRT,310.86,3.69,D
39.07975,29.69716,332.82,0.43,0.38,2026-07-31,1119,N,VIIRS,n,2.0NRT,303.14,2.17,D
39.23645,26.73507,336.97,0.38,0.36,2026-07-31,1119,N,VIIRS,n,2.0NRT,304.82,2.64,D
39.24042,26.73867,353.92,0.38,0.36,2026-07-31,1119,N,VIIRS,n,2.0NRT,314.48,6.86,D
39.32141,26.96375,346.61,0.38,0.36,2026-07-31,1119,N,VIIRS,n,2.0NRT,317.2,24.13,D
39.61916,33.56843,352.32,0.42,0.45,2026-07-31,1119,N,VIIRS,n,2.0NRT,308.7,22.18,D
39.68431,32.25785,341.83,0.54,0.42,2026-07-31,1119,N,VIIRS,n,2.0NRT,310.18,4.75,D
39.68822,32.25723,344.12,0.54,0.42,2026-07-31,1119,N,VIIRS,n,2.0NRT,310.58,6.07,D
39.74459,33.97313,331.63,0.44,0.46,2026-07-31,1119,N,VIIRS,n,2.0NRT,298.25,2.18,D
39.79545,33.96062,345.7,0.44,0.46,2026-07-31,1119,N,VIIRS,n,2.0NRT,306.3,8.23,D
39.83065,28.1931,339.26,0.4,0.37,2026-07-31,1119,N,VIIRS,n,2.0NRT,311.53,23.15,D
39.86621,26.24538,338.85,0.38,0.36,2026-07-31,1119,N,VIIRS,n,2.0NRT,311.93,3.64,D
39.90887,30.40685,340.4,0.46,0.39,2026-07-31,1119,N,VIIRS,n,2.0NRT,313.76,3.68,D
40.32755,33.96676,342.56,0.44,0.46,2026-07-31,1119,N,VIIRS,n,2.0NRT,304.93,5.25,D
40.67319,26.88741,340.48,0.39,0.36,2026-07-31,1119,N,VIIRS,n,2.0NRT,309.16,3.34,D
40.87397,33.42757,341.08,0.42,0.45,2026-07-31,1119,N,VIIRS,n,2.0NRT,310.19,1.73,D
41.01556,27.96387,337.21,0.4,0.37,2026-07-31,1119,N,VIIRS,n,2.0NRT,308.83,1.91,D
41.12302,28.24011,335.01,0.41,0.37,2026-07-31,1119,N,VIIRS,n,2.0NRT,304.04,1.32,D
41.3137,27.37483,339.2,0.39,0.36,2026-07-31,1119,N,VIIRS,n,2.0NRT,308.93,2.64,D
42.04533,25.50416,344.83,0.38,0.36,2026-07-31,1119,N,VIIRS,n,2.0NRT,317.73,20.33,D
35.52432,44.34064,316.79,0.71,0.75,2026-07-31,2157,N,VIIRS,n,2.0NRT,296.56,10.52,N
35.53138,44.34113,319.89,0.71,0.75,2026-07-31,2157,N,VIIRS,n,2.0NRT,296.06,12.82,N
35.53156,44.33278,321.18,0.71,0.75,2026-07-31,2157,N,VIIRS,n,2.0NRT,297.19,14.97,N
35.56522,44.27769,310.02,0.72,0.75,2026-07-31,2157,N,VIIRS,n,2.0NRT,289.57,6.72,N
35.56802,44.2851,312.43,0.71,0.75,2026-07-31,2157,N,VIIRS,n,2.0NRT,286.16,8.17,N
35.68142,43.87637,346.91,0.75,0.77,2026-07-31,2157,N,VIIRS,n,2.0NRT,272.8,12.74,N
35.68733,43.87304,316.95,0.75,0.77,2026-07-31,2157,N,VIIRS,n,2.0NRT,279.86,2.58,N
35.68864,43.87687,367.0,0.75,0.77,2026-07-31,2157,N,VIIRS,h,2.0NRT,281.49,10.22,N
35.68877,43.86807,315.65,0.76,0.77,2026-07-31,2157,N,VIIRS,n,2.0NRT,272.76,10.22,N
35.72197,44.04398,312.29,0.74,0.76,2026-07-31,2157,N,VIIRS,n,2.0NRT,295.64,13.49,N
35.72212,44.03514,340.69,0.74,0.76,2026-07-31,2157,N,VIIRS,n,2.0NRT,297.2,19.58,N
35.72695,44.04033,350.11,0.74,0.76,2026-07-31,2157,N,VIIRS,n,2.0NRT,296.7,18.96,N
35.72715,44.03154,323.53,0.74,0.76,2026-07-31,2157,N,VIIRS,n,2.0NRT,296.69,20.69,N
35.72928,44.03608,330.77,0.74,0.76,2026-07-31,2157,N,VIIRS,n,2.0NRT,292.73,7.43,N
35.72943,44.02717,313.56,0.74,0.76,2026-07-31,2157,N,VIIRS,n,2.0NRT,296.54,7.43,N
35.98306,43.76615,331.61,0.77,0.77,2026-07-31,2157,N,VIIRS,n,2.0NRT,292.65,6.7,N
35.98428,43.76301,321.27,0.77,0.77,2026-07-31,2157,N,VIIRS,n,2.0NRT,287.79,2.76,N
35.99776,43.75729,316.25,0.77,0.77,2026-07-31,2157,N,VIIRS,n,2.0NRT,284.44,2.94,N
35.99895,43.7542,314.98,0.77,0.77,2026-07-31,2157,N,VIIRS,n,2.0NRT,291.78,2.74,N
36.02106,43.67629,312.09,0.78,0.78,2026-07-31,2157,N,VIIRS,n,2.0NRT,294.94,10.39,N
39.72461,36.93868,303.05,0.38,0.36,2026-07-31,2337,N,VIIRS,n,2.0NRT,287.03,0.96,N
39.76865,33.47653,305.92,0.43,0.38,2026-07-31,2337,N,VIIRS,n,2.0NRT,288.12,0.91,N
39.8311,33.9828,303.33,0.42,0.37,2026-07-31,2337,N,VIIRS,n,2.0NRT,286.25,0.44,N
39.94569,33.1917,299.99,0.44,0.38,2026-07-31,2337,N,VIIRS,n,2.0NRT,287.38,0.73,N
40.0841,32.8006,296.59,0.45,0.39,2026-07-31,2337,N,VIIRS,n,2.0NRT,284.58,0.57,N
40.15431,34.11813,299.88,0.41,0.37,2026-07-31,2337,N,VIIRS,n,2.0NRT,284.19,0.9,N
40.24432,29.92636,303.12,0.4,0.44,2026-07-31,2337,N,VIIRS,n,2.0NRT,288.64,1.32,N
40.26073,30.0437,310.33,0.4,0.44,2026-07-31,2337,N,VIIRS,n,2.0NRT,290.55,0.72,N
40.57749,34.18384,313.03,0.42,0.37,2026-07-31,2337,N,VIIRS,n,2.0NRT,283.95,0.97,N
40.57814,34.17901,308.38,0.42,0.37,2026-07-31,2337,N,VIIRS,n,2.0NRT,283.92,1.32,N
40.58091,34.18466,312.41,0.42,0.37,2026-07-31,2337,N,VIIRS,n,2.0NRT,284.36,0.97,N
40.58157,34.17981,302.15,0.42,0.37,2026-07-31,2337,N,VIIRS,n,2.0NRT,283.89,1.32,N
40.75611,31.78229,298.74,0.5,0.41,2026-07-31,2337,N,VIIRS,n,2.0NRT,286.45,1.13,N
40.75875,29.35913,304.03,0.43,0.46,2026-07-31,2337,N,VIIRS,n,2.0NRT,292.36,0.89,N
40.76014,29.7608,304.0,0.41,0.45,2026-07-31,2337,N,VIIRS,n,2.0NRT,293.86,1.47,N
40.78354,29.60311,305.09,0.42,0.45,2026-07-31,2337,N,VIIRS,n,2.0NRT,293.64,1.27,N
40.93464,35.88494,297.87,0.39,0.36,2026-07-31,2337,N,VIIRS,n,2.0NRT,285.48,0.49,N
41.01804,27.95349,300.63,0.51,0.5,2026-07-31,2337,N,VIIRS,n,2.0NRT,290.24,0.52,N
41.01924,28.55216,303.49,0.48,0.48,2026-07-31,2337,N,VIIRS,n,2.0NRT,292.21,1.35,N
41.02134,28.55873,305.62,0.48,0.48,2026-07-31,2337,N,VIIRS,n,2.0NRT,292.84,1.01,N
41.0218,28.55307,312.71,0.48,0.48,2026-07-31,2337,N,VIIRS,n,2.0NRT,293.17,1.69,N
41.02321,28.55842,308.35,0.48,0.48,2026-07-31,2337,N,VIIRS,n,2.0NRT,293.5,1.23,N
41.02493,36.10061,302.96,0.39,0.36,2026-07-31,2337,N,VIIRS,n,2.0NRT,286.85,0.85,N
41.1753,32.63498,314.15,0.47,0.4,2026-07-31,2337,N,VIIRS,n,2.0NRT,291.46,1.06,N
41.17895,32.63574,302.08,0.47,0.4,2026-07-31,2337,N,VIIRS,n,2.0NRT,292.04,1.06,N
41.19189,32.62102,300.66,0.47,0.4,2026-07-31,2337,N,VIIRS,n,2.0NRT,288.57,1.27,N
41.24152,36.46656,310.27,0.39,0.36,2026-07-31,2337,N,VIIRS,n,2.0NRT,291.39,1.94,N
41.24222,36.462,330.15,0.39,0.36,2026-07-31,2337,N,VIIRS,n,2.0NRT,292.18,1.94,N
41.2569,31.41094,328.2,0.53,0.42,2026-07-31,2337,N,VIIRS,n,2.0NRT,290.52,3.92,N
41.25867,31.43072,309.09,0.53,0.42,2026-07-31,2337,N,VIIRS,n,2.0NRT,291.81,2.9,N
41.26707,31.42585,305.77,0.53,0.42,2026-07-31,2337,N,VIIRS,n,2.0NRT,293.64,1.26,N
35.53452,44.33606,316.17,0.55,0.51,2026-07-31,2339,N,VIIRS,n,2.0NRT,271.76,2.12,N
35.5668,44.28323,316.71,0.55,0.51,2026-07-31,2339,N,VIIRS,n,2.0NRT,292.54,6.54,N
35.77287,43.99483,337.06,0.52,0.5,2026-07-31,2339,N,VIIRS,n,2.0NRT,298.63,12.09,N
35.99983,43.7634,316.58,0.5,0.49,2026-07-31,2339,N,VIIRS,n,2.0NRT,287.71,2.81,N
36.01855,43.68191,328.06,0.5,0.49,2026-07-31,2339,N,VIIRS,n,2.0NRT,299.27,8.18,N
36.13036,40.81083,312.41,0.53,0.42,2026-07-31,2339,N,VIIRS,n,2.0NRT,298.1,2.15,N
36.2639,33.72854,308.43,0.4,0.37,2026-07-31,2339,N,VIIRS,n,2.0NRT,298.01,1.81,N
36.33449,43.28541,315.37,0.47,0.48,2026-07-31,2339,N,VIIRS,n,2.0NRT,298.69,6.87,N
36.4632,37.18407,305.52,0.4,0.37,2026-07-31,2339,N,VIIRS,n,2.0NRT,294.87,0.45,N
36.68938,38.54498,312.29,0.43,0.38,2026-07-31,2339,N,VIIRS,n,2.0NRT,296.39,1.49,N
36.71285,38.24944,312.39,0.42,0.38,2026-07-31,2339,N,VIIRS,n,2.0NRT,294.94,0.91,N
36.7169,36.20044,306.21,0.39,0.36,2026-07-31,2339,N,VIIRS,n,2.0NRT,295.14,1.17,N
36.72019,36.20127,311.45,0.39,0.36,2026-07-31,2339,N,VIIRS,n,2.0NRT,295.19,1.17,N
36.73925,36.21054,305.71,0.39,0.36,2026-07-31,2339,N,VIIRS,n,2.0NRT,294.4,0.73,N
36.74723,36.20364,314.61,0.39,0.36,2026-07-31,2339,N,VIIRS,n,2.0NRT,297.09,3.3,N
36.74918,36.20652,307.95,0.39,0.36,2026-07-31,2339,N,VIIRS,n,2.0NRT,297.36,1.43,N
36.74988,36.20224,309.21,0.39,0.36,2026-07-31,2339,N,VIIRS,n,2.0NRT,297.04,1.43,N
36.84115,38.49091,317.06,0.43,0.38,2026-07-31,2339,N,VIIRS,n,2.0NRT,294.94,1.89,N
36.87115,34.76218,313.3,0.39,0.36,2026-07-31,2339,N,VIIRS,n,2.0NRT,297.79,2.03,N
36.87203,36.94071,322.92,0.39,0.36,2026-07-31,2339,N,VIIRS,n,2.0NRT,296.38,1.91,N
36.91043,41.15951,307.7,0.54,0.42,2026-07-31,2339,N,VIIRS,n,2.0NRT,294.42,3.48,N
36.99029,41.12877,307.48,0.53,0.42,2026-07-31,2339,N,VIIRS,n,2.0NRT,293.62,2.16,N
36.99976,36.75009,317.26,0.39,0.36,2026-07-31,2339,N,VIIRS,n,2.0NRT,296.01,2.08,N
37.35215,37.1633,310.21,0.39,0.36,2026-07-31,2339,N,VIIRS,n,2.0NRT,298.02,1.27,N
37.61155,28.14721,304.2,0.46,0.47,2026-07-31,2339,N,VIIRS,n,2.0NRT,292.09,1.02,N
37.61832,38.078,305.88,0.41,0.37,2026-07-31,2339,N,VIIRS,n,2.0NRT,293.71,2.77,N
37.62088,38.0835,341.04,0.41,0.37,2026-07-31,2339,N,VIIRS,n,2.0NRT,297.5,2.77,N
37.6241,28.15514,311.15,0.46,0.47,2026-07-31,2339,N,VIIRS,n,2.0NRT,292.47,2.8,N
37.62636,38.21196,328.92,0.41,0.37,2026-07-31,2339,N,VIIRS,n,2.0NRT,294.78,3.15,N
37.62791,28.1618,315.82,0.46,0.47,2026-07-31,2339,N,VIIRS,n,2.0NRT,293.17,1.66,N
37.63172,28.16835,315.68,0.46,0.47,2026-07-31,2339,N,VIIRS,n,2.0NRT,291.0,2.88,N
37.64057,28.16835,306.9,0.46,0.47,2026-07-31,2339,N,VIIRS,n,2.0NRT,291.12,1.74,N
37.86307,29.3741,308.29,0.4,0.44,2026-07-31,2339,N,VIIRS,n,2.0NRT,294.63,1.82,N
37.90048,30.49117,300.64,0.53,0.42,2026-07-31,2339,N,VIIRS,n,2.0NRT,290.19,0.95,N
37.93951,32.53167,301.12,0.44,0.38,2026-07-31,2339,N,VIIRS,n,2.0NRT,289.28,1.02,N
38.25361,26.34466,304.45,0.58,0.52,2026-07-31,2339,N,VIIRS,n,2.0NRT,292.94,1.52,N
38.25412,26.33809,311.81,0.59,0.52,2026-07-31,2339,N,VIIRS,n,2.0NRT,292.72,1.52,N
38.25659,26.338,307.78,0.59,0.53,2026-07-31,2339,N,VIIRS,n,2.0NRT,292.78,0.95,N
38.3688,29.67824,297.81,0.39,0.44,2026-07-31,2339,N,VIIRS,n,2.0NRT,286.94,0.44,N
38.36925,29.676,304.88,0.39,0.44,2026-07-31,2339,N,VIIRS,n,2.0NRT,287.3,0.37,N
38.36926,29.67363,297.86,0.39,0.44,2026-07-31,2339,N,VIIRS,n,2.0NRT,287.28,0.44,N
38.42536,27.21504,307.17,0.53,0.5,2026-07-31,2339,N,VIIRS,n,2.0NRT,295.22,1.29,N
38.75463,26.94078,303.62,0.55,0.51,2026-07-31,2339,N,VIIRS,n,2.0NRT,292.78,2.29,N
38.85968,35.76448,304.07,0.39,0.36,2026-07-31,2339,N,VIIRS,n,2.0NRT,287.38,0.92,N
39.09132,27.51483,301.72,0.52,0.5,2026-07-31,2339,N,VIIRS,n,2.0NRT,291.05,0.63,N
39.09277,27.51531,303.89,0.52,0.5,2026-07-31,2339,N,VIIRS,n,2.0NRT,291.55,0.86,N
39.09327,27.5094,303.06,0.52,0.5,2026-07-31,2339,N,VIIRS,n,2.0NRT,291.88,0.86,N
39.11898,27.51852,310.24,0.52,0.5,2026-07-31,2339,N,VIIRS,n,2.0NRT,291.74,1.46,N
39.23356,32.54049,306.05,0.45,0.39,2026-07-31,2339,N,VIIRS,n,2.0NRT,283.79,1.16,N
39.48595,30.0409,309.45,0.39,0.44,2026-07-31,2339,N,VIIRS,n,2.0NRT,287.83,1.45,N
39.59666,32.42136,301.81,0.46,0.39,2026-07-31,2339,N,VIIRS,n,2.0NRT,287.99,0.78,N
39.6806,29.46855,304.5,0.42,0.45,2026-07-31,2339,N,VIIRS,n,2.0NRT,286.81,1.1,N
39.77353,28.17977,304.2,0.48,0.48,2026-07-31,2339,N,VIIRS,n,2.0NRT,290.27,1.33,N
39.77803,28.18009,319.33,0.48,0.48,2026-07-31,2339,N,VIIRS,n,2.0NRT,291.1,1.33,N
39.7865,28.18689,301.55,0.48,0.48,2026-07-31,2339,N,VIIRS,n,2.0NRT,290.29,0.86,N
39.83765,30.29731,297.69,0.57,0.43,2026-07-31,2339,N,VIIRS,n,2.0NRT,286.91,0.89,N
40.01791,27.00602,303.56,0.56,0.52,2026-07-31,2339,N,VIIRS,n,2.0NRT,291.66,0.87,N
