latitude,longitude,bright_ti4,scan,track,acq_date,acq_time,satellite,instrument,confidence,version,bright_ti5,frp,daynight
35.52697,44.34741,310.59,0.6,0.7,2026-08-21,3,N,VIIRS,n,2.0NRT,293.41,3.35,N
35.52851,44.34488,331.94,0.6,0.7,2026-08-21,3,N,VIIRS,n,2.0NRT,294.47,6.99,N
35.52886,44.34116,354.32,0.6,0.7,2026-08-21,3,N,VIIRS,n,2.0NRT,296.27,7.04,N
35.53037,44.33862,367.0,0.6,0.7,2026-08-21,3,N,VIIRS,h,2.0NRT,296.88,6.99,N
35.53076,44.33486,316.72,0.6,0.7,2026-08-21,3,N,VIIRS,n,2.0NRT,295.87,7.04,N
35.53703,44.33737,315.53,0.6,0.7,2026-08-21,3,N,VIIRS,n,2.0NRT,294.57,2.0,N
35.56656,44.2859,311.0,0.59,0.7,2026-08-21,3,N,VIIRS,n,2.0NRT,295.53,2.19,N
35.56768,44.28329,309.07,0.59,0.7,2026-08-21,3,N,VIIRS,n,2.0NRT,295.21,2.43,N
35.62735,44.00885,352.57,0.57,0.69,2026-08-21,3,N,VIIRS,n,2.0NRT,303.37,18.38,N
35.62762,44.01241,347.95,0.57,0.69,2026-08-21,3,N,VIIRS,n,2.0NRT,296.87,17.34,N
35.6291,44.00284,322.72,0.57,0.69,2026-08-21,3,N,VIIRS,n,2.0NRT,295.71,18.38,N
35.62941,44.00644,367.0,0.57,0.69,2026-08-21,3,N,VIIRS,h,2.0NRT,302.07,32.04,N
35.65995,43.96773,312.78,0.57,0.69,2026-08-21,3,N,VIIRS,n,2.0NRT,296.25,2.83,N
35.66173,43.96159,324.83,0.57,0.69,2026-08-21,3,N,VIIRS,n,2.0NRT,296.96,2.83,N
35.6619,43.89742,304.03,0.56,0.69,2026-08-21,3,N,VIIRS,n,2.0NRT,292.31,0.82,N
35.66233,43.96525,339.79,0.57,0.69,2026-08-21,3,N,VIIRS,n,2.0NRT,298.34,5.79,N
35.68128,43.87826,353.8,0.56,0.69,2026-08-21,3,N,VIIRS,n,2.0NRT,296.39,15.87,N
35.68308,43.8722,353.93,0.56,0.69,2026-08-21,3,N,VIIRS,n,2.0NRT,295.63,15.87,N
35.68456,43.88294,310.21,0.56,0.69,2026-08-21,3,N,VIIRS,n,2.0NRT,295.48,22.59,N
35.68632,43.87688,367.0,0.56,0.69,2026-08-21,3,N,VIIRS,h,2.0NRT,306.84,22.59,N
35.68736,43.88085,354.08,0.56,0.69,2026-08-21,3,N,VIIRS,n,2.0NRT,297.88,14.51,N
35.68808,43.8708,306.8,0.56,0.69,2026-08-21,3,N,VIIRS,n,2.0NRT,294.74,25.28,N
35.68915,43.87477,367.0,0.56,0.69,2026-08-21,3,N,VIIRS,h,2.0NRT,297.51,14.51,N
35.7229,44.03961,367.0,0.57,0.69,2026-08-21,3,N,VIIRS,h,2.0NRT,298.15,7.95,N
35.72504,44.04047,367.0,0.57,0.69,2026-08-21,3,N,VIIRS,h,2.0NRT,300.65,9.59,N
35.72686,44.03439,319.81,0.57,0.69,2026-08-21,3,N,VIIRS,n,2.0NRT,295.56,9.59,N
35.72908,44.04199,320.33,0.57,0.69,2026-08-21,3,N,VIIRS,n,2.0NRT,296.67,7.95,N
35.7309,44.0358,317.0,0.57,0.69,2026-08-21,3,N,VIIRS,n,2.0NRT,296.23,10.33,N
35.76958,43.99728,325.86,0.56,0.69,2026-08-21,3,N,VIIRS,n,2.0NRT,296.71,2.88,N
35.77131,43.99133,307.58,0.56,0.69,2026-08-21,3,N,VIIRS,n,2.0NRT,296.05,2.88,N
35.77205,43.99817,326.94,0.56,0.69,2026-08-21,3,N,VIIRS,n,2.0NRT,297.21,4.71,N
35.7738,43.99224,308.82,0.56,0.69,2026-08-21,3,N,VIIRS,n,2.0NRT,296.18,4.56,N
35.94997,43.72843,308.66,0.54,0.68,2026-08-21,3,N,VIIRS,n,2.0NRT,295.44,1.38,N
35.95249,43.72975,310.15,0.54,0.68,2026-08-21,3,N,VIIRS,n,2.0NRT,295.23,1.29,N
35.96549,43.76744,310.37,0.54,0.68,2026-08-21,3,N,VIIRS,n,2.0NRT,297.69,3.29,N
35.9789,43.76778,323.58,0.54,0.68,2026-08-21,3,N,VIIRS,n,2.0NRT,297.58,5.62,N
35.98478,43.77073,319.07,0.54,0.68,2026-08-21,3,N,VIIRS,n,2.0NRT,296.67,3.4,N
36.00003,43.76472,323.41,0.54,0.68,2026-08-21,3,N,VIIRS,n,2.0NRT,294.26,2.75,N
36.01764,43.68115,318.91,0.54,0.68,2026-08-21,3,N,VIIRS,n,2.0NRT,294.79,2.13,N
36.08203,43.63987,313.49,0.53,0.67,2026-08-21,3,N,VIIRS,n,2.0NRT,292.92,1.36,N
36.08306,43.64014,311.93,0.53,0.67,2026-08-21,3,N,VIIRS,n,2.0NRT,292.91,1.32,N
36.27185,43.62401,307.48,0.52,0.67,2026-08-21,3,N,VIIRS,n,2.0NRT,295.24,3.79,N
36.27355,43.61813,327.2,0.52,0.67,2026-08-21,3,N,VIIRS,n,2.0NRT,295.41,4.73,N
36.44366,42.93309,307.36,0.48,0.64,2026-08-21,3,N,VIIRS,n,2.0NRT,297.32,1.77,N
36.51675,43.20789,324.77,0.49,0.65,2026-08-21,3,N,VIIRS,n,2.0NRT,292.81,2.79,N
36.51813,43.20915,327.44,0.49,0.65,2026-08-21,3,N,VIIRS,n,2.0NRT,292.81,1.98,N
36.51824,43.20265,307.13,0.49,0.65,2026-08-21,3,N,VIIRS,n,2.0NRT,291.03,1.99,N
36.51964,43.20393,311.29,0.49,0.65,2026-08-21,3,N,VIIRS,n,2.0NRT,291.63,1.98,N
36.52253,43.21033,308.33,0.49,0.65,2026-08-21,3,N,VIIRS,n,2.0NRT,291.55,0.79,N
36.6899,36.20147,309.41,0.42,0.45,2026-08-21,3,N,VIIRS,n,2.0NRT,297.74,2.81,N
36.70217,39.99705,308.64,0.33,0.55,2026-08-21,3,N,VIIRS,n,2.0NRT,293.73,0.51,N
36.71629,36.20045,345.35,0.42,0.45,2026-08-21,3,N,VIIRS,n,2.0NRT,297.25,4.5,N
36.72035,36.20186,310.15,0.42,0.45,2026-08-21,3,N,VIIRS,n,2.0NRT,297.09,4.5,N
36.73153,36.21059,319.12,0.42,0.45,2026-08-21,3,N,VIIRS,n,2.0NRT,299.89,4.55,N
36.7457,36.20554,310.1,0.42,0.45,2026-08-21,3,N,VIIRS,n,2.0NRT,297.7,2.99,N
36.74667,36.20101,312.68,0.42,0.45,2026-08-21,3,N,VIIRS,n,2.0NRT,297.91,2.9,N
36.74747,36.20323,320.7,0.42,0.45,2026-08-21,3,N,VIIRS,n,2.0NRT,298.01,3.35,N
36.77408,43.32481,345.99,0.49,0.65,2026-08-21,3,N,VIIRS,n,2.0NRT,295.85,8.24,N
36.86633,43.48613,329.17,0.5,0.66,2026-08-21,3,N,VIIRS,n,2.0NRT,294.13,2.99,N
36.87104,43.49242,318.82,0.5,0.66,2026-08-21,3,N,VIIRS,n,2.0NRT,295.33,2.99,N
36.87397,40.39537,303.65,0.34,0.56,2026-08-21,3,N,VIIRS,n,2.0NRT,291.93,0.65,N
36.87898,40.3973,312.75,0.34,0.56,2026-08-21,3,N,VIIRS,n,2.0NRT,292.02,0.85,N
36.88856,43.43126,312.73,0.49,0.65,2026-08-21,3,N,VIIRS,n,2.0NRT,292.94,1.31,N
36.90129,42.03032,303.82,0.42,0.61,2026-08-21,3,N,VIIRS,n,2.0NRT,289.37,0.83,N
36.90794,42.02806,307.0,0.42,0.61,2026-08-21,3,N,VIIRS,n,2.0NRT,289.95,0.83,N
36.91369,41.98519,325.91,0.41,0.61,2026-08-21,3,N,VIIRS,n,2.0NRT,290.07,2.5,N
36.91433,41.89561,309.12,0.41,0.61,2026-08-21,3,N,VIIRS,n,2.0NRT,291.31,0.6,N
36.93845,42.1279,303.3,0.42,0.61,2026-08-21,3,N,VIIRS,n,2.0NRT,292.32,1.42,N
36.93891,42.16977,306.5,0.42,0.61,2026-08-21,3,N,VIIRS,n,2.0NRT,290.65,0.89,N
36.94044,42.17435,314.68,0.42,0.61,2026-08-21,3,N,VIIRS,n,2.0NRT,291.85,1.38,N
36.94105,42.12757,306.31,0.42,0.61,2026-08-21,3,N,VIIRS,n,2.0NRT,293.4,1.57,N
36.9417,42.16969,307.39,0.42,0.61,2026-08-21,3,N,VIIRS,n,2.0NRT,291.76,1.59,N
36.94237,41.90235,317.67,0.41,0.61,2026-08-21,3,N,VIIRS,n,2.0NRT,290.48,1.39,N
36.94359,41.8979,303.79,0.41,0.61,2026-08-21,3,N,VIIRS,n,2.0NRT,290.38,1.57,N
36.94387,42.13017,323.18,0.42,0.61,2026-08-21,3,N,VIIRS,n,2.0NRT,293.89,1.42,N
36.94432,42.17213,310.99,0.42,0.61,2026-08-21,3,N,VIIRS,n,2.0NRT,292.4,0.89,N
36.94519,42.13457,315.89,0.42,0.61,2026-08-21,3,N,VIIRS,n,2.0NRT,293.11,2.02,N
36.94646,42.12989,325.56,0.42,0.61,2026-08-21,3,N,VIIRS,n,2.0NRT,294.86,3.42,N
36.94927,42.13253,338.38,0.42,0.61,2026-08-21,3,N,VIIRS,n,2.0NRT,294.56,2.75,N
36.95016,41.89567,311.27,0.41,0.61,2026-08-21,3,N,VIIRS,n,2.0NRT,290.07,1.01,N
36.96304,42.08294,326.07,0.42,0.61,2026-08-21,3,N,VIIRS,n,2.0NRT,291.54,2.02,N
36.96533,42.08256,322.03,0.42,0.61,2026-08-21,3,N,VIIRS,n,2.0NRT,291.47,2.04,N
37.02144,41.43874,317.99,0.39,0.59,2026-08-21,3,N,VIIRS,n,2.0NRT,297.53,3.45,N
37.02464,42.0781,325.84,0.42,0.61,2026-08-21,3,N,VIIRS,n,2.0NRT,293.05,1.72,N
37.02518,41.44281,341.61,0.39,0.59,2026-08-21,3,N,VIIRS,n,2.0NRT,298.45,7.82,N
37.02587,42.07361,306.51,0.42,0.61,2026-08-21,3,N,VIIRS,n,2.0NRT,292.5,1.72,N
37.0263,41.43858,367.0,0.39,0.59,2026-08-21,3,N,VIIRS,h,2.0NRT,300.45,7.82,N
37.02668,41.44088,367.0,0.39,0.59,2026-08-21,3,N,VIIRS,h,2.0NRT,301.99,6.95,N
37.02782,41.43666,313.09,0.39,0.59,2026-08-21,3,N,VIIRS,n,2.0NRT,297.82,6.95,N
37.03127,42.07586,320.09,0.42,0.61,2026-08-21,3,N,VIIRS,n,2.0NRT,293.47,1.72,N
37.03345,42.11197,308.27,0.42,0.61,2026-08-21,3,N,VIIRS,n,2.0NRT,291.65,1.09,N
37.03469,42.10741,310.08,0.42,0.61,2026-08-21,3,N,VIIRS,n,2.0NRT,293.53,1.09,N
37.03593,42.10288,313.6,0.42,0.61,2026-08-21,3,N,VIIRS,n,2.0NRT,293.27,2.19,N
37.04258,42.10056,303.48,0.42,0.61,2026-08-21,3,N,VIIRS,n,2.0NRT,293.46,0.62,N
37.07949,42.55693,310.9,0.44,0.62,2026-08-21,3,N,VIIRS,n,2.0NRT,296.69,2.87,N
37.12683,40.32359,313.66,0.34,0.56,2026-08-21,3,N,VIIRS,n,2.0NRT,296.4,1.48,N
37.13731,42.79287,308.75,0.45,0.63,2026-08-21,3,N,VIIRS,n,2.0NRT,293.64,0.88,N
37.14656,40.33167,356.34,0.34,0.56,2026-08-21,3,N,VIIRS,n,2.0NRT,299.42,11.91,N
37.14751,40.32799,367.0,0.33,0.56,2026-08-21,3,N,VIIRS,h,2.0NRT,301.67,18.48,N
37.15149,40.33371,334.31,0.34,0.56,2026-08-21,3,N,VIIRS,n,2.0NRT,298.46,15.28,N
37.15244,40.33003,314.81,0.33,0.56,2026-08-21,3,N,VIIRS,n,2.0NRT,297.32,17.66,N
37.15643,40.33572,333.07,0.34,0.56,2026-08-21,3,N,VIIRS,n,2.0NRT,305.09,15.28,N
37.15736,40.33205,367.0,0.33,0.56,2026-08-21,3,N,VIIRS,h,2.0NRT,300.37,17.66,N
37.16043,40.34137,307.92,0.34,0.56,2026-08-21,3,N,VIIRS,n,2.0NRT,296.8,18.37,N
37.16137,40.3377,322.02,0.34,0.56,2026-08-21,3,N,VIIRS,n,2.0NRT,302.09,18.37,N
37.1623,40.33404,367.0,0.33,0.56,2026-08-21,3,N,VIIRS,h,2.0NRT,313.74,21.22,N
37.16324,40.33038,328.26,0.33,0.56,2026-08-21,3,N,VIIRS,n,2.0NRT,297.44,21.22,N
37.16724,40.33603,347.83,0.33,0.56,2026-08-21,3,N,VIIRS,n,2.0NRT,299.29,21.22,N
37.16818,40.33237,316.71,0.33,0.56,2026-08-21,3,N,VIIRS,n,2.0NRT,296.92,21.22,N
37.20162,39.93024,314.18,0.32,0.54,2026-08-21,3,N,VIIRS,n,2.0NRT,297.21,2.5,N
37.20174,39.92732,310.36,0.32,0.54,2026-08-21,3,N,VIIRS,n,2.0NRT,297.15,4.96,N
37.22615,40.41508,340.02,0.34,0.56,2026-08-21,3,N,VIIRS,n,2.0NRT,297.9,3.46,N
37.22711,40.41137,324.11,0.34,0.56,2026-08-21,3,N,VIIRS,n,2.0NRT,297.03,3.46,N
37.23111,40.41702,316.69,0.34,0.56,2026-08-21,3,N,VIIRS,n,2.0NRT,297.11,1.89,N
37.23207,40.4133,320.01,0.34,0.56,2026-08-21,3,N,VIIRS,n,2.0NRT,297.5,1.89,N
37.2926,37.15642,306.36,0.45,0.47,2026-08-21,3,N,VIIRS,n,2.0NRT,295.95,1.26,N
37.33764,40.80261,312.52,0.35,0.57,2026-08-21,3,N,VIIRS,n,2.0NRT,296.57,1.26,N
37.43812,39.64299,304.92,0.61,0.53,2026-08-21,3,N,VIIRS,n,2.0NRT,294.77,1.63,N
37.51351,39.52677,304.14,0.6,0.53,2026-08-21,3,N,VIIRS,n,2.0NRT,292.79,0.82,N
37.6932,38.0875,312.27,0.5,0.49,2026-08-21,3,N,VIIRS,n,2.0NRT,294.79,1.79,N
37.82196,40.89297,317.07,0.34,0.56,2026-08-21,3,N,VIIRS,n,2.0NRT,290.98,0.87,N
37.82294,40.88917,303.66,0.34,0.56,2026-08-21,3,N,VIIRS,n,2.0NRT,291.12,0.87,N
37.82695,40.89504,314.85,0.34,0.56,2026-08-21,3,N,VIIRS,n,2.0NRT,291.23,0.87,N
37.89716,30.49094,304.86,0.39,0.36,2026-08-21,3,N,VIIRS,n,2.0NRT,290.75,1.4,N
37.93813,32.53572,305.26,0.42,0.38,2026-08-21,3,N,VIIRS,n,2.0NRT,292.79,0.54,N
38.16336,43.27022,296.67,0.45,0.63,2026-08-21,3,N,VIIRS,n,2.0NRT,281.12,0.8,N
38.41615,43.23715,301.52,0.44,0.62,2026-08-21,3,N,VIIRS,n,2.0NRT,288.48,1.46,N
38.42533,27.21906,309.94,0.42,0.37,2026-08-21,3,N,VIIRS,n,2.0NRT,295.74,1.26,N
38.42599,27.21421,307.23,0.42,0.37,2026-08-21,3,N,VIIRS,n,2.0NRT,295.82,1.68,N
38.45465,38.72881,305.37,0.51,0.5,2026-08-21,3,N,VIIRS,n,2.0NRT,293.39,0.73,N
38.7359,26.95024,313.12,0.43,0.38,2026-08-21,3,N,VIIRS,n,2.0NRT,296.1,1.35,N
38.73655,26.94532,322.05,0.43,0.38,2026-08-21,3,N,VIIRS,n,2.0NRT,300.62,3.48,N
38.74349,26.94683,306.97,0.43,0.38,2026-08-21,3,N,VIIRS,n,2.0NRT,296.13,0.85,N
38.75172,26.93855,313.52,0.43,0.38,2026-08-21,3,N,VIIRS,n,2.0NRT,295.47,1.42,N
39.0125,31.90376,297.59,0.4,0.37,2026-08-21,3,N,VIIRS,n,2.0NRT,286.15,0.6,N
39.01503,31.90926,314.19,0.4,0.37,2026-08-21,3,N,VIIRS,n,2.0NRT,287.07,1.17,N
39.01757,31.91479,309.71,0.4,0.37,2026-08-21,3,N,VIIRS,n,2.0NRT,287.39,1.17,N
39.01836,31.91024,310.61,0.4,0.37,2026-08-21,3,N,VIIRS,n,2.0NRT,288.0,1.17,N
39.0191,31.91278,303.51,0.4,0.37,2026-08-21,3,N,VIIRS,n,2.0NRT,287.81,0.76,N
39.02404,31.90466,309.33,0.4,0.37,2026-08-21,3,N,VIIRS,n,2.0NRT,286.04,1.05,N
39.02736,31.90564,311.71,0.4,0.37,2026-08-21,3,N,VIIRS,n,2.0NRT,285.21,0.94,N
39.09229,27.51464,320.11,0.41,0.37,2026-08-21,3,N,VIIRS,n,2.0NRT,295.16,1.66,N
39.09293,27.50989,310.74,0.41,0.37,2026-08-21,3,N,VIIRS,n,2.0NRT,294.13,1.3,N
39.11622,27.51993,306.59,0.41,0.37,2026-08-21,3,N,VIIRS,n,2.0NRT,293.46,1.12,N
39.12313,31.83746,304.49,0.4,0.37,2026-08-21,3,N,VIIRS,n,2.0NRT,286.13,0.7,N
39.13819,31.85127,301.62,0.4,0.37,2026-08-21,3,N,VIIRS,n,2.0NRT,286.85,0.71,N
39.13874,31.85358,297.69,0.4,0.37,2026-08-21,3,N,VIIRS,n,2.0NRT,286.14,0.34,N
39.16673,27.63214,305.51,0.41,0.37,2026-08-21,3,N,VIIRS,n,2.0NRT,293.51,0.97,N
39.18148,27.49704,305.65,0.42,0.37,2026-08-21,3,N,VIIRS,n,2.0NRT,294.43,0.85,N
39.39905,34.90466,323.23,0.49,0.4,2026-08-21,3,N,VIIRS,n,2.0NRT,285.62,4.4,N
39.40268,34.90584,343.76,0.49,0.4,2026-08-21,3,N,VIIRS,n,2.0NRT,287.34,4.4,N
39.48474,30.04023,313.79,0.38,0.36,2026-08-21,3,N,VIIRS,n,2.0NRT,290.24,1.44,N
39.54337,35.03321,327.56,0.49,0.4,2026-08-21,3,N,VIIRS,n,2.0NRT,284.4,3.4,N
39.547,35.03442,301.87,0.49,0.4,2026-08-21,3,N,VIIRS,n,2.0NRT,283.09,0.65,N
39.55356,34.98309,301.35,0.49,0.4,2026-08-21,3,N,VIIRS,n,2.0NRT,283.99,0.59,N
39.5963,32.41967,306.76,0.41,0.37,2026-08-21,3,N,VIIRS,n,2.0NRT,292.01,1.08,N
39.65781,31.2428,299.0,0.39,0.36,2026-08-21,3,N,VIIRS,n,2.0NRT,287.89,0.48,N
39.74527,30.19932,303.0,0.38,0.36,2026-08-21,3,N,VIIRS,n,2.0NRT,289.79,0.69,N
39.83787,30.30004,311.77,0.38,0.36,2026-08-21,3,N,VIIRS,n,2.0NRT,291.47,1.78,N
39.8647,26.24675,310.62,0.46,0.39,2026-08-21,3,N,VIIRS,n,2.0NRT,294.43,1.64,N
39.86537,26.24139,316.08,0.46,0.39,2026-08-21,3,N,VIIRS,n,2.0NRT,294.55,1.64,N
39.86581,26.2429,325.37,0.46,0.39,2026-08-21,3,N,VIIRS,n,2.0NRT,296.57,2.95,N
39.89952,28.87054,328.71,0.39,0.36,2026-08-21,3,N,VIIRS,n,2.0NRT,289.87,2.13,N
39.94491,33.19052,301.58,0.42,0.38,2026-08-21,3,N,VIIRS,n,2.0NRT,291.03,0.69,N
40.05012,32.64922,306.96,0.41,0.37,2026-08-21,3,N,VIIRS,n,2.0NRT,291.66,0.78,N
40.18628,29.22717,305.02,0.39,0.36,2026-08-21,3,N,VIIRS,n,2.0NRT,293.1,0.81,N
40.24303,29.92729,304.82,0.39,0.36,2026-08-21,3,N,VIIRS,n,2.0NRT,291.26,0.87,N
40.25929,30.04337,311.44,0.38,0.36,2026-08-21,3,N,VIIRS,n,2.0NRT,292.44,0.97,N
40.44348,27.14082,310.97,0.44,0.38,2026-08-21,3,N,VIIRS,n,2.0NRT,295.32,1.3,N
40.44414,27.13565,310.17,0.44,0.38,2026-08-21,3,N,VIIRS,n,2.0NRT,295.68,1.3,N
40.75815,31.78241,303.48,0.39,0.36,2026-08-21,3,N,VIIRS,n,2.0NRT,289.34,0.65,N
40.76946,29.52737,308.18,0.39,0.36,2026-08-21,3,N,VIIRS,n,2.0NRT,295.15,1.47,N
40.78234,29.60207,311.76,0.39,0.36,2026-08-21,3,N,VIIRS,n,2.0NRT,296.13,1.5,N
40.93562,35.88191,296.01,0.5,0.41,2026-08-21,3,N,VIIRS,n,2.0NRT,285.01,1.0,N
40.94568,31.39632,303.54,0.39,0.36,2026-08-21,3,N,VIIRS,n,2.0NRT,291.67,0.84,N
41.0158,27.9615,314.39,0.42,0.37,2026-08-21,3,N,VIIRS,n,2.0NRT,294.09,1.61,N
41.02095,28.55653,324.78,0.4,0.37,2026-08-21,3,N,VIIRS,n,2.0NRT,296.33,2.49,N
41.02435,36.10099,301.21,0.51,0.41,2026-08-21,3,N,VIIRS,n,2.0NRT,286.72,0.46,N
41.17291,32.63348,305.74,0.4,0.37,2026-08-21,3,N,VIIRS,n,2.0NRT,291.09,1.15,N
41.17623,32.63452,314.52,0.4,0.37,2026-08-21,3,N,VIIRS,n,2.0NRT,293.73,1.15,N
41.19279,32.61987,301.38,0.4,0.37,2026-08-21,3,N,VIIRS,n,2.0NRT,291.24,1.26,N
41.24004,36.4675,305.49,0.53,0.42,2026-08-21,3,N,VIIRS,n,2.0NRT,291.75,1.84,N
41.24134,36.46137,309.7,0.53,0.42,2026-08-21,3,N,VIIRS,n,2.0NRT,291.62,2.93,N
41.2415,36.44162,302.59,0.53,0.42,2026-08-21,3,N,VIIRS,n,2.0NRT,291.75,1.33,N
41.25565,31.41671,303.08,0.39,0.36,2026-08-21,3,N,VIIRS,n,2.0NRT,292.32,0.7,N
41.2564,31.41216,309.74,0.39,0.36,2026-08-21,3,N,VIIRS,n,2.0NRT,292.48,0.7,N
41.25744,31.42676,317.02,0.39,0.36,2026-08-21,3,N,VIIRS,n,2.0NRT,292.59,1.28,N
41.264,31.42865,309.19,0.39,0.36,2026-08-21,3,N,VIIRS,n,2.0NRT,294.16,1.39,N
41.26475,31.4241,311.65,0.39,0.36,2026-08-21,3,N,VIIRS,n,2.0NRT,295.44,1.39,N
41.26803,31.42505,307.19,0.39,0.36,2026-08-21,3,N,VIIRS,n,2.0NRT,293.39,0.89,N
41.49087,31.87135,307.96,0.39,0.36,2026-08-21,3,N,VIIRS,n,2.0NRT,294.18,1.28,N
41.56622,32.42841,314.15,0.39,0.37,2026-08-21,3,N,VIIRS,n,2.0NRT,292.15,1.54,N
41.63641,27.50774,302.25,0.43,0.38,2026-08-21,3,N,VIIRS,n,2.0NRT,292.13,1.35,N
42.1259,43.01146,300.59,0.34,0.56,2026-08-21,3,N,VIIRS,n,2.0NRT,288.01,0.35,N
42.26691,41.73449,333.62,0.58,0.52,2026-08-21,3,N,VIIRS,n,2.0NRT,289.88,4.76,N
42.27153,41.73664,309.18,0.58,0.52,2026-08-21,3,N,VIIRS,n,2.0NRT,289.75,1.39,N
36.26366,33.72888,310.98,0.49,0.4,2026-08-21,5,N,VIIRS,n,2.0NRT,299.83,2.89,N
36.42521,37.03484,308.54,0.47,0.48,2026-08-21,5,N,VIIRS,n,2.0NRT,293.9,1.08,N
36.86859,34.76342,309.83,0.53,0.42,2026-08-21,5,N,VIIRS,n,2.0NRT,298.06,2.5,N
37.2512,30.44227,306.47,0.39,0.36,2026-08-21,5,N,VIIRS,n,2.0NRT,291.51,1.13,N
37.25449,30.44315,310.34,0.39,0.36,2026-08-21,5,N,VIIRS,n,2.0NRT,293.64,1.13,N
37.86275,29.37212,317.56,0.38,0.36,2026-08-21,5,N,VIIRS,n,2.0NRT,295.68,1.76,N
35.52782,44.34055,346.88,0.44,0.46,2026-08-21,943,N,VIIRS,n,2.0NRT,317.79,11.06,D
35.532,44.33921,367.0,0.44,0.46,2026-08-21,943,N,VIIRS,h,2.0NRT,319.76,17.02,D
35.58647,43.83114,354.39,0.47,0.48,2026-08-21,943,N,VIIRS,n,2.0NRT,323.34,19.36,D
35.77044,43.99658,350.56,0.46,0.47,2026-08-21,943,N,VIIRS,n,2.0NRT,318.1,12.43,D
35.99875,43.75993,346.1,0.46,0.47,2026-08-21,943,N,VIIRS,n,2.0NRT,318.07,6.06,D
36.01814,43.6822,346.35,0.47,0.48,2026-08-21,943,N,VIIRS,n,2.0NRT,318.55,7.92,D
36.19112,43.79802,348.88,0.46,0.47,2026-08-21,943,N,VIIRS,n,2.0NRT,318.94,8.35,D
36.19134,43.79507,350.75,0.46,0.47,2026-08-21,943,N,VIIRS,n,2.0NRT,320.79,10.44,D
36.19212,43.78181,348.38,0.46,0.47,2026-08-21,943,N,VIIRS,n,2.0NRT,316.1,80.07,D
36.19245,43.79998,350.44,0.46,0.47,2026-08-21,943,N,VIIRS,n,2.0NRT,320.91,10.44,D
36.1932,43.78675,352.22,0.46,0.47,2026-08-21,943,N,VIIRS,n,2.0NRT,326.73,80.07,D
36.19537,43.79663,367.0,0.46,0.47,2026-08-21,943,N,VIIRS,h,2.0NRT,327.95,32.8,D
36.19636,43.78039,367.0,0.46,0.47,2026-08-21,943,N,VIIRS,h,2.0NRT,338.53,80.07,D
36.19645,43.80156,354.6,0.46,0.47,2026-08-21,943,N,VIIRS,n,2.0NRT,321.62,15.45,D
36.1965,43.77746,347.83,0.46,0.47,2026-08-21,943,N,VIIRS,n,2.0NRT,314.38,41.63,D
36.1967,43.7986,367.0,0.46,0.47,2026-08-21,943,N,VIIRS,h,2.0NRT,323.18,26.72,D
36.19761,43.78241,367.0,0.46,0.47,2026-08-21,943,N,VIIRS,h,2.0NRT,340.8,82.89,D
36.19781,43.80351,348.85,0.46,0.47,2026-08-21,943,N,VIIRS,n,2.0NRT,317.7,8.44,D
36.19852,43.79026,367.0,0.46,0.47,2026-08-21,943,N,VIIRS,h,2.0NRT,328.07,32.8,D
36.19872,43.78732,355.86,0.46,0.47,2026-08-21,943,N,VIIRS,n,2.0NRT,326.54,82.89,D
36.1996,43.7952,354.28,0.46,0.47,2026-08-21,943,N,VIIRS,n,2.0NRT,319.72,32.8,D
36.19983,43.79224,351.61,0.46,0.47,2026-08-21,943,N,VIIRS,n,2.0NRT,319.66,26.72,D
36.34175,43.60435,349.24,0.47,0.47,2026-08-21,943,N,VIIRS,n,2.0NRT,315.5,15.13,D
36.34372,43.59256,356.45,0.47,0.47,2026-08-21,943,N,VIIRS,n,2.0NRT,320.92,18.91,D
36.34486,43.5977,355.0,0.47,0.47,2026-08-21,943,N,VIIRS,n,2.0NRT,315.0,18.91,D
36.346,43.60283,367.0,0.47,0.47,2026-08-21,943,N,VIIRS,h,2.0NRT,317.08,17.21,D
36.34714,43.60794,342.27,0.47,0.47,2026-08-21,943,N,VIIRS,n,2.0NRT,313.54,17.21,D
36.34827,43.61304,347.35,0.47,0.47,2026-08-21,943,N,VIIRS,n,2.0NRT,315.26,8.55,D
36.34912,43.5962,338.91,0.47,0.47,2026-08-21,943,N,VIIRS,n,2.0NRT,312.66,18.91,D
36.35139,43.60645,343.72,0.47,0.47,2026-08-21,943,N,VIIRS,n,2.0NRT,314.67,17.21,D
36.35367,43.61671,354.2,0.46,0.47,2026-08-21,943,N,VIIRS,n,2.0NRT,315.79,8.55,D
36.35481,43.62185,350.22,0.46,0.47,2026-08-21,943,N,VIIRS,n,2.0NRT,318.62,21.08,D
36.08598,36.84312,348.0,0.53,0.67,2026-08-21,945,N,VIIRS,n,2.0NRT,314.93,6.1,D
36.08982,36.83915,367.0,0.53,0.67,2026-08-21,945,N,VIIRS,h,2.0NRT,316.14,8.1,D
36.09194,36.84052,355.8,0.53,0.67,2026-08-21,945,N,VIIRS,n,2.0NRT,314.47,6.1,D
36.47797,37.17681,367.0,0.5,0.66,2026-08-21,945,N,VIIRS,h,2.0NRT,320.61,13.4,D
36.56482,40.55943,367.0,0.33,0.55,2026-08-21,945,N,VIIRS,h,2.0NRT,319.77,6.46,D
36.56573,40.56305,355.55,0.33,0.55,2026-08-21,945,N,VIIRS,n,2.0NRT,323.23,8.55,D
36.56977,40.55754,367.0,0.33,0.55,2026-08-21,945,N,VIIRS,h,2.0NRT,321.98,9.72,D
36.57069,40.56117,349.15,0.33,0.55,2026-08-21,945,N,VIIRS,n,2.0NRT,322.8,9.02,D
36.5721,40.48074,367.0,0.34,0.56,2026-08-21,945,N,VIIRS,h,2.0NRT,315.19,10.27,D
36.57615,40.47517,354.77,0.34,0.56,2026-08-21,945,N,VIIRS,n,2.0NRT,320.62,6.96,D
36.59411,38.32914,367.0,0.43,0.62,2026-08-21,945,N,VIIRS,h,2.0NRT,316.79,8.96,D
36.59896,44.19472,346.21,0.43,0.46,2026-08-21,945,N,VIIRS,n,2.0NRT,317.45,7.65,D
36.60305,44.19321,345.69,0.43,0.46,2026-08-21,945,N,VIIRS,n,2.0NRT,312.34,8.68,D
36.60407,44.19796,346.08,0.43,0.46,2026-08-21,945,N,VIIRS,n,2.0NRT,313.37,8.68,D
36.60508,44.20267,351.54,0.43,0.46,2026-08-21,945,N,VIIRS,n,2.0NRT,322.67,31.24,D
36.60608,44.20733,345.94,0.43,0.46,2026-08-21,945,N,VIIRS,n,2.0NRT,314.28,31.24,D
36.60709,44.212,347.32,0.43,0.46,2026-08-21,945,N,VIIRS,n,2.0NRT,314.81,4.69,D
36.62397,37.10947,367.0,0.5,0.66,2026-08-21,945,N,VIIRS,h,2.0NRT,320.23,12.36,D
36.62793,37.10495,348.06,0.5,0.66,2026-08-21,945,N,VIIRS,n,2.0NRT,318.25,32.08,D
36.62944,37.11032,367.0,0.5,0.66,2026-08-21,945,N,VIIRS,h,2.0NRT,320.96,54.09,D
36.62984,37.10715,355.92,0.5,0.66,2026-08-21,945,N,VIIRS,n,2.0NRT,323.31,42.76,D
36.67506,40.09809,343.75,0.35,0.57,2026-08-21,945,N,VIIRS,n,2.0NRT,314.87,20.02,D
36.67604,40.10193,367.0,0.35,0.57,2026-08-21,945,N,VIIRS,h,2.0NRT,325.81,20.02,D
36.67702,40.10573,350.45,0.35,0.57,2026-08-21,945,N,VIIRS,n,2.0NRT,318.24,12.67,D
36.68108,40.0999,367.0,0.35,0.57,2026-08-21,945,N,VIIRS,h,2.0NRT,316.29,20.02,D
36.68206,40.1037,344.79,0.35,0.57,2026-08-21,945,N,VIIRS,n,2.0NRT,314.34,12.67,D
36.71646,40.17295,343.3,0.35,0.56,2026-08-21,945,N,VIIRS,n,2.0NRT,313.9,1.03,D
36.74229,38.50972,367.0,0.42,0.61,2026-08-21,945,N,VIIRS,h,2.0NRT,316.99,10.07,D
36.74778,38.50762,367.0,0.42,0.61,2026-08-21,945,N,VIIRS,h,2.0NRT,320.58,18.12,D
36.75911,40.49043,353.32,0.33,0.55,2026-08-21,945,N,VIIRS,n,2.0NRT,315.55,8.5,D
36.77632,43.32619,345.55,0.47,0.48,2026-08-21,945,N,VIIRS,n,2.0NRT,315.37,13.04,D
36.82756,40.82399,352.81,0.63,0.54,2026-08-21,945,N,VIIRS,n,2.0NRT,318.92,16.42,D
36.82804,40.82285,353.72,0.64,0.54,2026-08-21,945,N,VIIRS,n,2.0NRT,318.73,19.55,D
36.8428,40.25156,351.97,0.34,0.56,2026-08-21,945,N,VIIRS,n,2.0NRT,315.86,6.97,D
36.84376,40.25534,367.0,0.34,0.56,2026-08-21,945,N,VIIRS,h,2.0NRT,318.76,12.46,D
36.85903,42.91413,349.33,0.49,0.49,2026-08-21,945,N,VIIRS,n,2.0NRT,315.52,8.09,D
36.88761,40.72315,355.87,0.32,0.55,2026-08-21,945,N,VIIRS,n,2.0NRT,315.35,7.87,D
36.88847,40.72664,367.0,0.32,0.55,2026-08-21,945,N,VIIRS,h,2.0NRT,315.39,7.87,D
36.89222,43.42852,334.9,0.46,0.47,2026-08-21,945,N,VIIRS,n,2.0NRT,307.77,2.78,D
36.93835,40.84266,346.53,0.63,0.54,2026-08-21,945,N,VIIRS,n,2.0NRT,316.7,6.98,D
36.93852,40.84181,345.02,0.63,0.54,2026-08-21,945,N,VIIRS,n,2.0NRT,316.37,5.87,D
36.98956,41.74302,348.94,0.56,0.52,2026-08-21,945,N,VIIRS,n,2.0NRT,317.86,11.13,D
36.99899,41.71943,356.61,0.56,0.52,2026-08-21,945,N,VIIRS,n,2.0NRT,317.92,16.32,D
37.02713,35.86121,339.45,0.56,0.69,2026-08-21,945,N,VIIRS,n,2.0NRT,312.15,4.32,D
37.04031,42.10027,349.36,0.54,0.51,2026-08-21,945,N,VIIRS,n,2.0NRT,319.95,26.66,D
37.04173,42.10624,353.01,0.54,0.51,2026-08-21,945,N,VIIRS,n,2.0NRT,319.39,14.63,D
37.04485,42.09865,357.1,0.54,0.51,2026-08-21,945,N,VIIRS,n,2.0NRT,319.31,26.66,D
37.05536,39.62671,351.51,0.36,0.58,2026-08-21,945,N,VIIRS,n,2.0NRT,318.77,23.97,D
37.05637,39.63065,367.0,0.36,0.58,2026-08-21,945,N,VIIRS,h,2.0NRT,314.66,31.0,D
37.08019,41.9561,367.0,0.55,0.51,2026-08-21,945,N,VIIRS,h,2.0NRT,319.4,17.6,D
37.152,40.21888,367.0,0.34,0.56,2026-08-21,945,N,VIIRS,h,2.0NRT,304.99,8.65,D
37.15294,40.22257,344.81,0.33,0.56,2026-08-21,945,N,VIIRS,n,2.0NRT,308.44,7.63,D
37.23603,38.5979,341.56,0.41,0.6,2026-08-21,945,N,VIIRS,n,2.0NRT,314.53,3.37,D
37.33876,38.09267,350.85,0.43,0.62,2026-08-21,945,N,VIIRS,n,2.0NRT,313.99,4.08,D
37.54868,34.09338,338.77,0.67,0.74,2026-08-21,945,N,VIIRS,n,2.0NRT,307.95,4.87,D
37.79698,32.59252,339.19,0.78,0.78,2026-08-21,945,N,VIIRS,n,2.0NRT,301.3,3.35,D
37.79856,32.59124,338.47,0.78,0.78,2026-08-21,945,N,VIIRS,n,2.0NRT,300.8,9.66,D
37.87801,40.23177,340.17,0.32,0.55,2026-08-21,945,N,VIIRS,n,2.0NRT,307.84,3.73,D
37.87893,40.23546,355.73,0.32,0.55,2026-08-21,945,N,VIIRS,n,2.0NRT,314.93,3.73,D
39.00895,31.91116,367.0,0.77,0.78,2026-08-21,945,N,VIIRS,h,2.0NRT,311.11,33.65,D
39.01183,31.9197,341.27,0.77,0.77,2026-08-21,945,N,VIIRS,n,2.0NRT,308.92,28.91,D
39.16555,35.41132,336.74,0.52,0.67,2026-08-21,945,N,VIIRS,n,2.0NRT,306.03,4.15,D
39.32148,36.37905,356.78,0.46,0.64,2026-08-21,945,N,VIIRS,n,2.0NRT,311.57,14.53,D
39.32692,36.3793,367.0,0.46,0.64,2026-08-21,945,N,VIIRS,h,2.0NRT,305.58,11.72,D
39.73956,43.08071,333.91,0.42,0.45,2026-08-21,945,N,VIIRS,n,2.0NRT,304.92,1.71,D
39.74062,43.08548,334.79,0.42,0.45,2026-08-21,945,N,VIIRS,n,2.0NRT,303.58,1.71,D
39.75487,43.09062,340.31,0.42,0.45,2026-08-21,945,N,VIIRS,n,2.0NRT,304.43,3.66,D
40.72025,43.88123,340.22,0.55,0.43,2026-08-21,945,N,VIIRS,n,2.0NRT,303.78,5.42,D
40.72541,43.88626,331.85,0.55,0.43,2026-08-21,945,N,VIIRS,n,2.0NRT,305.57,4.17,D
41.23995,36.46456,329.74,0.4,0.6,2026-08-21,945,N,VIIRS,n,2.0NRT,298.92,3.43,D
35.53182,36.83691,348.44,0.34,0.56,2026-08-21,1125,N,VIIRS,n,2.0NRT,318.02,6.21,D
35.71297,36.40505,348.01,0.32,0.55,2026-08-21,1125,N,VIIRS,n,2.0NRT,316.99,4.65,D
35.71321,36.40866,367.0,0.32,0.55,2026-08-21,1125,N,VIIRS,h,2.0NRT,315.81,4.65,D
35.86786,37.69415,351.91,0.38,0.59,2026-08-21,1125,N,VIIRS,n,2.0NRT,319.01,7.35,D
35.86813,37.69461,367.0,0.38,0.59,2026-08-21,1125,N,VIIRS,h,2.0NRT,320.55,13.43,D
35.86814,37.69851,353.29,0.38,0.59,2026-08-21,1125,N,VIIRS,n,2.0NRT,323.67,7.35,D
36.54844,38.59909,367.0,0.44,0.62,2026-08-21,1125,N,VIIRS,h,2.0NRT,318.16,11.56,D
36.54867,38.60413,367.0,0.44,0.62,2026-08-21,1125,N,VIIRS,h,2.0NRT,316.16,11.56,D
36.54871,38.59655,342.61,0.44,0.62,2026-08-21,1125,N,VIIRS,n,2.0NRT,315.97,9.11,D
36.54897,38.60158,367.0,0.44,0.62,2026-08-21,1125,N,VIIRS,h,2.0NRT,318.19,9.11,D
36.56503,38.9107,355.06,0.45,0.63,2026-08-21,1125,N,VIIRS,n,2.0NRT,315.62,6.34,D
36.56857,38.90818,349.49,0.45,0.63,2026-08-21,1125,N,VIIRS,n,2.0NRT,316.97,5.56,D
36.5688,38.91341,345.81,0.46,0.63,2026-08-21,1125,N,VIIRS,n,2.0NRT,313.61,5.56,D
36.57093,38.91032,367.0,0.45,0.63,2026-08-21,1125,N,VIIRS,h,2.0NRT,317.25,6.34,D
36.57206,40.54149,340.89,0.56,0.69,2026-08-21,1125,N,VIIRS,n,2.0NRT,315.38,28.14,D
36.57228,40.548,347.74,0.56,0.69,2026-08-21,1125,N,VIIRS,n,2.0NRT,315.25,21.8,D
36.57448,38.90778,350.74,0.45,0.63,2026-08-21,1125,N,VIIRS,n,2.0NRT,316.6,8.64,D
36.57827,40.53456,349.3,0.56,0.69,2026-08-21,1125,N,VIIRS,n,2.0NRT,310.72,28.14,D
36.5785,40.5411,367.0,0.56,0.69,2026-08-21,1125,N,VIIRS,h,2.0NRT,317.13,28.14,D
36.57872,40.5476,367.0,0.56,0.69,2026-08-21,1125,N,VIIRS,h,2.0NRT,312.29,21.8,D
36.62671,37.27474,357.22,0.37,0.58,2026-08-21,1125,N,VIIRS,n,2.0NRT,320.3,3.66,D
36.62678,33.65103,340.58,0.47,0.47,2026-08-21,1125,N,VIIRS,n,2.0NRT,312.22,3.55,D
36.63361,40.85595,348.08,0.58,0.7,2026-08-21,1125,N,VIIRS,n,2.0NRT,311.2,8.63,D
36.6338,40.86269,367.0,0.58,0.7,2026-08-21,1125,N,VIIRS,h,2.0NRT,313.75,8.63,D
36.63474,40.85648,352.87,0.58,0.7,2026-08-21,1125,N,VIIRS,n,2.0NRT,311.49,9.88,D
36.63497,40.86321,351.22,0.58,0.7,2026-08-21,1125,N,VIIRS,n,2.0NRT,313.34,13.14,D
36.66302,42.14285,339.29,0.69,0.74,2026-08-21,1125,N,VIIRS,n,2.0NRT,301.99,17.4,D
36.6633,42.15896,334.38,0.69,0.74,2026-08-21,1125,N,VIIRS,n,2.0NRT,302.99,27.56,D
36.66443,42.14205,332.19,0.68,0.74,2026-08-21,1125,N,VIIRS,n,2.0NRT,301.51,21.12,D
36.6648,42.15815,339.5,0.69,0.74,2026-08-21,1125,N,VIIRS,n,2.0NRT,302.96,28.48,D
36.67857,34.37594,342.55,0.51,0.49,2026-08-21,1125,N,VIIRS,n,2.0NRT,310.7,9.99,D
36.67913,34.37615,342.54,0.51,0.49,2026-08-21,1125,N,VIIRS,n,2.0NRT,310.39,6.08,D
36.71598,40.17408,367.0,0.54,0.68,2026-08-21,1125,N,VIIRS,h,2.0NRT,312.75,12.22,D
36.71999,40.17149,367.0,0.53,0.67,2026-08-21,1125,N,VIIRS,h,2.0NRT,311.18,8.51,D
36.74145,38.50938,367.0,0.43,0.62,2026-08-21,1125,N,VIIRS,h,2.0NRT,322.31,39.45,D
36.74171,38.51439,367.0,0.43,0.62,2026-08-21,1125,N,VIIRS,h,2.0NRT,339.88,60.46,D
36.74179,38.51664,367.0,0.43,0.62,2026-08-21,1125,N,VIIRS,h,2.0NRT,333.99,81.49,D
36.74197,38.51941,367.0,0.43,0.62,2026-08-21,1125,N,VIIRS,h,2.0NRT,315.11,60.46,D
36.74386,41.46613,353.2,0.63,0.72,2026-08-21,1125,N,VIIRS,n,2.0NRT,308.91,8.81,D
36.74406,41.47349,332.81,0.63,0.72,2026-08-21,1125,N,VIIRS,n,2.0NRT,306.98,9.91,D
36.74552,41.46297,367.0,0.63,0.72,2026-08-21,1125,N,VIIRS,h,2.0NRT,309.92,15.16,D
36.74568,41.47032,367.0,0.63,0.72,2026-08-21,1125,N,VIIRS,h,2.0NRT,309.04,15.16,D
36.74723,38.50881,353.66,0.43,0.62,2026-08-21,1125,N,VIIRS,n,2.0NRT,321.09,39.45,D
36.7475,38.51379,367.0,0.43,0.62,2026-08-21,1125,N,VIIRS,h,2.0NRT,322.92,60.46,D
36.74758,38.51601,367.0,0.43,0.62,2026-08-21,1125,N,VIIRS,h,2.0NRT,315.29,81.49,D
36.7504,41.4586,335.17,0.63,0.72,2026-08-21,1125,N,VIIRS,n,2.0NRT,307.83,8.81,D
36.75061,41.46595,367.0,0.63,0.72,2026-08-21,1125,N,VIIRS,h,2.0NRT,309.1,8.81,D
36.75082,41.4733,349.04,0.63,0.72,2026-08-21,1125,N,VIIRS,n,2.0NRT,308.73,9.91,D
36.75833,40.48857,346.09,0.56,0.69,2026-08-21,1125,N,VIIRS,n,2.0NRT,313.29,8.13,D
36.82264,38.26933,348.84,0.42,0.61,2026-08-21,1125,N,VIIRS,n,2.0NRT,316.61,8.01,D
36.82575,40.78902,343.56,0.58,0.7,2026-08-21,1125,N,VIIRS,n,2.0NRT,309.73,7.52,D
36.82594,40.79577,353.91,0.58,0.7,2026-08-21,1125,N,VIIRS,n,2.0NRT,314.31,7.52,D
36.82661,40.7901,351.04,0.58,0.7,2026-08-21,1125,N,VIIRS,n,2.0NRT,310.63,10.06,D
36.82683,40.79683,367.0,0.58,0.7,2026-08-21,1125,N,VIIRS,h,2.0NRT,315.11,14.15,D
36.83039,35.27308,341.08,0.57,0.52,2026-08-21,1125,N,VIIRS,n,2.0NRT,309.0,9.61,D
36.8309,35.27962,341.91,0.57,0.52,2026-08-21,1125,N,VIIRS,n,2.0NRT,312.99,9.61,D
36.83247,40.79541,351.91,0.58,0.7,2026-08-21,1125,N,VIIRS,n,2.0NRT,310.94,7.52,D
36.83266,40.8022,342.56,0.58,0.7,2026-08-21,1125,N,VIIRS,n,2.0NRT,309.65,10.97,D
36.83336,40.7965,343.45,0.58,0.7,2026-08-21,1125,N,VIIRS,n,2.0NRT,310.65,14.15,D
36.83545,41.45964,343.51,0.63,0.72,2026-08-21,1125,N,VIIRS,n,2.0NRT,310.37,5.88,D
36.84004,41.45993,340.29,0.63,0.72,2026-08-21,1125,N,VIIRS,n,2.0NRT,309.18,6.7,D
36.97295,40.5199,345.98,0.56,0.69,2026-08-21,1125,N,VIIRS,n,2.0NRT,311.02,6.8,D
36.97315,40.52639,343.28,0.56,0.69,2026-08-21,1125,N,VIIRS,n,2.0NRT,311.42,6.8,D
37.0459,38.44579,343.15,0.43,0.62,2026-08-21,1125,N,VIIRS,n,2.0NRT,314.05,3.27,D
37.04607,42.09214,367.0,0.68,0.74,2026-08-21,1125,N,VIIRS,h,2.0NRT,312.29,30.44,D
37.04733,42.08752,352.16,0.68,0.74,2026-08-21,1125,N,VIIRS,n,2.0NRT,308.07,16.36,D
37.04749,42.09535,367.0,0.68,0.74,2026-08-21,1125,N,VIIRS,h,2.0NRT,311.45,31.85,D
37.05206,42.02851,335.88,0.68,0.74,2026-08-21,1125,N,VIIRS,n,2.0NRT,310.52,6.21,D
37.05297,42.02401,339.36,0.68,0.74,2026-08-21,1125,N,VIIRS,n,2.0NRT,310.26,24.15,D
37.05313,42.03188,336.74,0.68,0.74,2026-08-21,1125,N,VIIRS,n,2.0NRT,309.72,26.98,D
37.05888,42.02025,354.47,0.68,0.74,2026-08-21,1125,N,VIIRS,n,2.0NRT,311.36,47.29,D
37.05901,42.02814,367.0,0.68,0.74,2026-08-21,1125,N,VIIRS,h,2.0NRT,312.87,69.72,D
37.05974,42.01583,347.21,0.68,0.74,2026-08-21,1125,N,VIIRS,n,2.0NRT,307.94,24.15,D
37.05991,42.02367,350.7,0.68,0.74,2026-08-21,1125,N,VIIRS,n,2.0NRT,313.63,24.15,D
37.06008,42.03154,367.0,0.68,0.74,2026-08-21,1125,N,VIIRS,h,2.0NRT,306.57,26.98,D
37.0793,41.95937,356.06,0.67,0.74,2026-08-21,1125,N,VIIRS,n,2.0NRT,312.76,15.06,D
37.08061,42.55812,340.28,0.73,0.76,2026-08-21,1125,N,VIIRS,n,2.0NRT,307.61,4.75,D
37.08553,41.9553,367.0,0.67,0.74,2026-08-21,1125,N,VIIRS,h,2.0NRT,310.96,17.78,D
37.08567,41.96315,345.76,0.67,0.74,2026-08-21,1125,N,VIIRS,n,2.0NRT,308.14,15.77,D
37.08622,41.95892,367.0,0.67,0.74,2026-08-21,1125,N,VIIRS,h,2.0NRT,309.68,15.06,D
37.11152,36.15804,367.0,0.32,0.55,2026-08-21,1125,N,VIIRS,h,2.0NRT,324.35,10.3,D
37.11177,36.1617,367.0,0.32,0.55,2026-08-21,1125,N,VIIRS,h,2.0NRT,327.37,10.3,D
37.11204,36.16543,340.65,0.32,0.55,2026-08-21,1125,N,VIIRS,n,2.0NRT,315.52,8.88,D
37.44343,37.46676,344.93,0.39,0.59,2026-08-21,1125,N,VIIRS,n,2.0NRT,318.38,4.51,D
37.44889,37.46551,343.7,0.39,0.59,2026-08-21,1125,N,VIIRS,n,2.0NRT,316.67,4.51,D
37.57467,37.97461,367.0,0.41,0.61,2026-08-21,1125,N,VIIRS,h,2.0NRT,322.06,17.61,D
37.57492,37.97952,343.85,0.41,0.61,2026-08-21,1125,N,VIIRS,n,2.0NRT,313.67,14.9,D
37.58034,37.97409,345.11,0.41,0.61,2026-08-21,1125,N,VIIRS,n,2.0NRT,315.42,17.61,D
37.58058,37.97898,367.0,0.41,0.61,2026-08-21,1125,N,VIIRS,h,2.0NRT,317.22,14.9,D
38.40287,40.23481,340.46,0.55,0.68,2026-08-21,1125,N,VIIRS,n,2.0NRT,306.58,3.83,D
38.88619,32.15884,345.62,0.41,0.45,2026-08-21,1125,N,VIIRS,n,2.0NRT,320.58,10.05,D
38.88664,32.16358,367.0,0.41,0.45,2026-08-21,1125,N,VIIRS,h,2.0NRT,321.57,16.5,D
38.89081,32.16298,347.17,0.41,0.45,2026-08-21,1125,N,VIIRS,n,2.0NRT,320.77,10.71,D
38.99366,31.912,352.35,0.4,0.44,2026-08-21,1125,N,VIIRS,n,2.0NRT,318.29,14.08,D
38.99824,31.91609,355.27,0.4,0.45,2026-08-21,1125,N,VIIRS,n,2.0NRT,315.85,6.46,D
39.00282,31.9202,351.68,0.4,0.45,2026-08-21,1125,N,VIIRS,n,2.0NRT,317.26,6.46,D
39.01035,37.91317,367.0,0.42,0.61,2026-08-21,1125,N,VIIRS,h,2.0NRT,318.3,16.53,D
39.0119,37.91085,353.57,0.42,0.61,2026-08-21,1125,N,VIIRS,n,2.0NRT,315.32,9.73,D
39.01208,37.91493,367.0,0.42,0.61,2026-08-21,1125,N,VIIRS,h,2.0NRT,315.11,11.95,D
39.70975,35.57332,367.0,0.32,0.54,2026-08-21,1125,N,VIIRS,h,2.0NRT,312.62,6.64,D
39.7153,35.58001,367.0,0.32,0.55,2026-08-21,1125,N,VIIRS,h,2.0NRT,313.74,5.74,D
39.71555,35.58374,341.99,0.32,0.55,2026-08-21,1125,N,VIIRS,n,2.0NRT,308.53,5.74,D
39.71873,35.57908,344.4,0.32,0.55,2026-08-21,1125,N,VIIRS,n,2.0NRT,309.6,6.25,D
39.92878,40.18597,337.36,0.56,0.69,2026-08-21,1125,N,VIIRS,n,2.0NRT,308.56,4.43,D
39.92939,40.18424,337.29,0.56,0.69,2026-08-21,1125,N,VIIRS,n,2.0NRT,308.31,3.3,D
39.95346,32.47629,352.72,0.44,0.46,2026-08-21,1125,N,VIIRS,n,2.0NRT,315.0,8.8,D
39.95441,32.48698,347.21,0.44,0.46,2026-08-21,1125,N,VIIRS,n,2.0NRT,319.03,6.44,D
39.95819,32.4806,367.0,0.44,0.46,2026-08-21,1125,N,VIIRS,h,2.0NRT,318.94,21.16,D
39.95867,32.48605,347.77,0.44,0.46,2026-08-21,1125,N,VIIRS,n,2.0NRT,320.32,12.7,D
40.03173,33.82294,349.3,0.52,0.5,2026-08-21,1125,N,VIIRS,n,2.0NRT,318.43,5.75,D
40.03268,33.81822,346.21,0.52,0.5,2026-08-21,1125,N,VIIRS,n,2.0NRT,316.61,5.77,D
40.03316,33.82428,348.21,0.52,0.5,2026-08-21,1125,N,VIIRS,n,2.0NRT,318.18,12.99,D
40.03635,33.82226,349.49,0.52,0.5,2026-08-21,1125,N,VIIRS,n,2.0NRT,316.59,5.75,D
40.25442,26.62262,347.14,0.4,0.37,2026-08-21,1128,N,VIIRS,n,2.0NRT,319.93,115.15,D
40.25777,26.62178,367.0,0.4,0.37,2026-08-21,1128,N,VIIRS,h,2.0NRT,350.39,115.15,D
40.71603,31.59799,342.4,0.41,0.45,2026-08-21,1128,N,VIIRS,n,2.0NRT,307.27,5.94,D
40.92463,26.29194,342.36,0.4,0.37,2026-08-21,1128,N,VIIRS,n,2.0NRT,308.6,7.33,D
35.52784,44.34499,306.8,0.58,0.7,2026-08-21,2205,N,VIIRS,n,2.0NRT,295.94,3.67,N
35.52806,44.33809,344.21,0.59,0.7,2026-08-21,2205,N,VIIRS,n,2.0NRT,297.07,3.67,N
35.52949,44.3405,349.32,0.58,0.7,2026-08-21,2205,N,VIIRS,n,2.0NRT,297.81,4.88,N
35.52974,44.33369,316.72,0.59,0.7,2026-08-21,2205,N,VIIRS,n,2.0NRT,297.37,4.88,N
35.5346,44.33875,334.48,0.59,0.7,2026-08-21,2205,N,VIIRS,n,2.0NRT,296.7,3.67,N
35.53481,44.33197,310.01,0.59,0.7,2026-08-21,2205,N,VIIRS,n,2.0NRT,297.15,8.9,N
35.53627,44.33437,320.12,0.59,0.7,2026-08-21,2205,N,VIIRS,n,2.0NRT,297.44,4.88,N
35.56451,44.28185,311.8,0.59,0.7,2026-08-21,2205,N,VIIRS,n,2.0NRT,296.99,2.49,N
35.6246,44.00572,316.47,0.61,0.71,2026-08-21,2205,N,VIIRS,n,2.0NRT,296.27,4.09,N
35.63103,44.01297,317.21,0.61,0.71,2026-08-21,2205,N,VIIRS,n,2.0NRT,296.67,9.86,N
35.63127,44.00585,367.0,0.61,0.71,2026-08-21,2205,N,VIIRS,h,2.0NRT,300.21,19.83,N
35.65931,43.96593,315.45,0.61,0.71,2026-08-21,2205,N,VIIRS,n,2.0NRT,296.24,2.84,N
35.6628,43.96477,328.4,0.61,0.71,2026-08-21,2205,N,VIIRS,n,2.0NRT,297.61,4.39,N
35.66597,43.96649,309.42,0.61,0.71,2026-08-21,2205,N,VIIRS,n,2.0NRT,296.74,2.84,N
35.68251,43.87482,367.0,0.62,0.72,2026-08-21,2205,N,VIIRS,h,2.0NRT,298.96,26.03,N
35.68531,43.88076,312.7,0.62,0.72,2026-08-21,2205,N,VIIRS,n,2.0NRT,295.95,12.75,N
35.68551,43.87368,367.0,0.62,0.72,2026-08-21,2205,N,VIIRS,h,2.0NRT,303.47,18.66,N
35.68572,43.8664,306.82,0.62,0.72,2026-08-21,2205,N,VIIRS,n,2.0NRT,296.04,18.66,N
35.68921,43.87532,345.42,0.62,0.72,2026-08-21,2205,N,VIIRS,n,2.0NRT,299.13,8.82,N
35.7206,44.03945,316.57,0.61,0.71,2026-08-21,2205,N,VIIRS,n,2.0NRT,297.75,7.45,N
35.72723,44.04028,367.0,0.61,0.71,2026-08-21,2205,N,VIIRS,h,2.0NRT,299.54,7.45,N
35.72746,44.03313,324.06,0.61,0.71,2026-08-21,2205,N,VIIRS,n,2.0NRT,298.43,16.08,N
35.74572,43.66167,309.51,0.64,0.72,2026-08-21,2205,N,VIIRS,n,2.0NRT,298.54,4.56,N
35.74622,43.64453,311.75,0.64,0.72,2026-08-21,2205,N,VIIRS,n,2.0NRT,299.71,5.82,N
35.77192,43.99187,330.29,0.61,0.71,2026-08-21,2205,N,VIIRS,n,2.0NRT,299.81,7.46,N
35.77544,43.99491,325.14,0.61,0.71,2026-08-21,2205,N,VIIRS,n,2.0NRT,299.7,6.69,N
35.97826,43.76544,314.58,0.63,0.72,2026-08-21,2205,N,VIIRS,n,2.0NRT,298.3,7.16,N
35.98339,43.76468,328.68,0.63,0.72,2026-08-21,2205,N,VIIRS,n,2.0NRT,298.42,8.1,N
35.98502,43.76545,324.12,0.63,0.72,2026-08-21,2205,N,VIIRS,n,2.0NRT,297.86,4.54,N
35.99713,43.75768,322.94,0.63,0.72,2026-08-21,2205,N,VIIRS,n,2.0NRT,297.94,4.05,N
35.99873,43.75851,322.28,0.63,0.72,2026-08-21,2205,N,VIIRS,n,2.0NRT,297.8,2.83,N
36.02121,43.67808,309.57,0.64,0.72,2026-08-21,2205,N,VIIRS,n,2.0NRT,297.8,3.98,N
36.09744,43.62854,307.72,0.65,0.73,2026-08-21,2205,N,VIIRS,n,2.0NRT,295.44,0.73,N
36.19935,42.14348,304.22,0.78,0.78,2026-08-21,2205,N,VIIRS,n,2.0NRT,293.25,1.49,N
36.19937,42.13768,316.21,0.78,0.78,2026-08-21,2205,N,VIIRS,n,2.0NRT,294.68,2.89,N
36.19949,42.13448,306.43,0.78,0.78,2026-08-21,2205,N,VIIRS,n,2.0NRT,294.7,2.74,N
36.28057,43.95924,313.47,0.62,0.71,2026-08-21,2205,N,VIIRS,n,2.0NRT,297.84,4.75,N
36.77322,43.32204,334.17,0.68,0.74,2026-08-21,2205,N,VIIRS,n,2.0NRT,297.41,4.6,N
36.7801,43.32464,312.28,0.68,0.74,2026-08-21,2205,N,VIIRS,n,2.0NRT,297.41,4.6,N
36.86552,43.48555,310.94,0.67,0.73,2026-08-21,2205,N,VIIRS,n,2.0NRT,294.33,3.51,N
36.87249,43.48119,318.29,0.67,0.73,2026-08-21,2205,N,VIIRS,n,2.0NRT,293.96,3.54,N
36.8943,43.42371,317.39,0.67,0.74,2026-08-21,2205,N,VIIRS,n,2.0NRT,293.12,2.86,N
36.89438,43.42909,304.16,0.67,0.74,2026-08-21,2205,N,VIIRS,n,2.0NRT,293.25,1.57,N
36.89455,43.42183,304.88,0.67,0.74,2026-08-21,2205,N,VIIRS,n,2.0NRT,293.05,1.57,N
36.93904,42.17027,314.63,0.78,0.78,2026-08-21,2205,N,VIIRS,n,2.0NRT,294.88,3.01,N
36.93933,42.17153,310.17,0.78,0.78,2026-08-21,2205,N,VIIRS,n,2.0NRT,295.03,2.93,N
36.94699,42.12526,315.82,0.79,0.78,2026-08-21,2205,N,VIIRS,n,2.0NRT,296.97,4.41,N
36.94705,42.12659,322.51,0.79,0.78,2026-08-21,2205,N,VIIRS,n,2.0NRT,297.18,3.66,N
36.96215,42.07922,317.27,0.79,0.78,2026-08-21,2205,N,VIIRS,n,2.0NRT,295.05,2.16,N
36.96235,42.07782,318.31,0.79,0.78,2026-08-21,2205,N,VIIRS,n,2.0NRT,295.8,2.0,N
37.08094,42.55837,312.07,0.75,0.77,2026-08-21,2205,N,VIIRS,n,2.0NRT,300.7,5.92,N
40.57658,43.00706,295.89,0.44,0.46,2026-08-21,2344,N,VIIRS,n,2.0NRT,284.77,0.57,N
35.52783,44.34406,325.89,0.34,0.56,2026-08-21,2346,N,VIIRS,n,2.0NRT,298.28,2.61,N
35.52873,44.34052,346.47,0.33,0.56,2026-08-21,2346,N,VIIRS,n,2.0NRT,298.48,2.56,N
35.52964,44.33696,324.86,0.33,0.56,2026-08-21,2346,N,VIIRS,n,2.0NRT,298.51,2.56,N
35.53057,43.37243,309.53,0.59,0.53,2026-08-21,2346,N,VIIRS,n,2.0NRT,293.86,1.6,N
35.53315,43.37307,304.69,0.59,0.53,2026-08-21,2346,N,VIIRS,n,2.0NRT,293.74,0.71,N
35.53371,44.34231,315.08,0.33,0.56,2026-08-21,2346,N,VIIRS,n,2.0NRT,296.48,2.56,N
35.53463,44.33871,331.85,0.33,0.56,2026-08-21,2346,N,VIIRS,n,2.0NRT,298.34,2.56,N
35.53554,44.33512,310.94,0.33,0.56,2026-08-21,2346,N,VIIRS,n,2.0NRT,298.71,4.26,N
35.56488,44.28362,330.66,0.33,0.55,2026-08-21,2346,N,VIIRS,n,2.0NRT,299.71,2.77,N
35.6285,44.00971,347.23,0.32,0.55,2026-08-21,2346,N,VIIRS,n,2.0NRT,306.5,14.01,N
35.62935,44.00631,367.0,0.32,0.55,2026-08-21,2346,N,VIIRS,h,2.0NRT,300.69,14.01,N
35.66042,43.96696,339.18,0.64,0.54,2026-08-21,2346,N,VIIRS,n,2.0NRT,299.66,5.99,N
35.67828,44.06633,317.13,0.32,0.55,2026-08-21,2346,N,VIIRS,n,2.0NRT,298.83,2.21,N
35.68239,43.87857,335.66,0.63,0.54,2026-08-21,2346,N,VIIRS,n,2.0NRT,300.41,17.49,N
35.68408,43.87177,322.87,0.63,0.54,2026-08-21,2346,N,VIIRS,n,2.0NRT,297.18,17.49,N
35.68722,43.88034,339.45,0.63,0.54,2026-08-21,2346,N,VIIRS,n,2.0NRT,301.3,8.97,N
35.68891,43.87352,314.93,0.63,0.54,2026-08-21,2346,N,VIIRS,n,2.0NRT,297.94,8.97,N
35.72159,44.04114,340.08,0.32,0.55,2026-08-21,2346,N,VIIRS,n,2.0NRT,299.62,4.19,N
35.72244,44.03773,315.63,0.32,0.54,2026-08-21,2346,N,VIIRS,n,2.0NRT,299.97,4.31,N
35.72649,44.04281,367.0,0.32,0.55,2026-08-21,2346,N,VIIRS,h,2.0NRT,302.52,8.55,N
35.72736,44.03934,338.95,0.32,0.54,2026-08-21,2346,N,VIIRS,n,2.0NRT,300.7,9.42,N
35.72907,44.03251,333.51,0.32,0.54,2026-08-21,2346,N,VIIRS,n,2.0NRT,299.98,3.19,N
35.74241,43.65659,330.7,0.61,0.53,2026-08-21,2346,N,VIIRS,n,2.0NRT,302.72,9.06,N
35.77071,43.99327,331.19,0.63,0.54,2026-08-21,2346,N,VIIRS,n,2.0NRT,301.56,4.32,N
35.77559,43.99492,318.88,0.63,0.54,2026-08-21,2346,N,VIIRS,n,2.0NRT,301.63,4.32,N
35.97828,43.77033,312.61,0.61,0.53,2026-08-21,2346,N,VIIRS,n,2.0NRT,299.23,4.63,N
35.9803,43.77121,335.08,0.61,0.53,2026-08-21,2346,N,VIIRS,n,2.0NRT,301.21,7.39,N
35.98301,43.77227,331.43,0.61,0.53,2026-08-21,2346,N,VIIRS,n,2.0NRT,300.6,4.63,N
35.99781,43.76365,322.82,0.61,0.53,2026-08-21,2346,N,VIIRS,n,2.0NRT,298.27,2.62,N
36.00044,43.76468,314.76,0.61,0.53,2026-08-21,2346,N,VIIRS,n,2.0NRT,297.2,2.31,N
36.01887,43.67898,309.36,0.6,0.53,2026-08-21,2346,N,VIIRS,n,2.0NRT,297.83,3.02,N
36.09766,43.63145,306.43,0.59,0.53,2026-08-21,2346,N,VIIRS,n,2.0NRT,295.9,1.22,N
36.19878,42.14824,323.96,0.49,0.49,2026-08-21,2346,N,VIIRS,n,2.0NRT,296.73,2.97,N
36.20003,42.14286,330.94,0.49,0.49,2026-08-21,2346,N,VIIRS,n,2.0NRT,297.89,5.71,N
36.20439,42.14439,308.84,0.49,0.49,2026-08-21,2346,N,VIIRS,n,2.0NRT,296.11,1.16,N
36.23249,42.20683,310.32,0.5,0.49,2026-08-21,2346,N,VIIRS,n,2.0NRT,295.86,1.43,N
36.40444,37.19186,303.87,0.44,0.38,2026-08-21,2346,N,VIIRS,n,2.0NRT,292.89,0.49,N
36.43864,37.02575,309.88,0.43,0.38,2026-08-21,2346,N,VIIRS,n,2.0NRT,295.27,1.11,N
36.4761,44.36939,321.32,0.32,0.54,2026-08-21,2346,N,VIIRS,n,2.0NRT,296.95,3.39,N
36.47695,44.36596,367.0,0.32,0.54,2026-08-21,2346,N,VIIRS,h,2.0NRT,300.36,3.39,N
36.47782,44.36249,320.39,0.32,0.54,2026-08-21,2346,N,VIIRS,n,2.0NRT,296.85,9.18,N
36.48099,44.37111,308.28,0.32,0.54,2026-08-21,2346,N,VIIRS,n,2.0NRT,297.65,3.39,N
36.48186,44.36761,328.45,0.32,0.54,2026-08-21,2346,N,VIIRS,n,2.0NRT,298.98,3.39,N
36.65644,43.42884,306.72,0.56,0.52,2026-08-21,2346,N,VIIRS,n,2.0NRT,295.61,1.74,N
36.71708,36.20243,330.63,0.41,0.37,2026-08-21,2346,N,VIIRS,n,2.0NRT,298.44,5.58,N
36.72972,36.21062,335.99,0.41,0.37,2026-08-21,2346,N,VIIRS,n,2.0NRT,301.49,5.16,N
36.73309,36.21154,317.37,0.41,0.37,2026-08-21,2346,N,VIIRS,n,2.0NRT,300.07,3.98,N
36.74244,39.81242,309.48,0.55,0.43,2026-08-21,2346,N,VIIRS,n,2.0NRT,293.29,1.73,N
36.74814,36.2062,316.31,0.41,0.37,2026-08-21,2346,N,VIIRS,n,2.0NRT,298.92,1.57,N
36.74894,36.20171,308.79,0.41,0.37,2026-08-21,2346,N,VIIRS,n,2.0NRT,298.32,1.57,N
36.77399,43.32196,330.22,0.55,0.51,2026-08-21,2346,N,VIIRS,n,2.0NRT,298.2,5.42,N
36.77554,43.32819,311.05,0.55,0.51,2026-08-21,2346,N,VIIRS,n,2.0NRT,298.75,5.33,N
36.77694,43.32227,338.98,0.55,0.51,2026-08-21,2346,N,VIIRS,n,2.0NRT,300.88,8.12,N
36.77872,43.32299,334.71,0.55,0.51,2026-08-21,2346,N,VIIRS,n,2.0NRT,300.75,5.42,N
36.80145,39.66469,305.5,0.54,0.42,2026-08-21,2346,N,VIIRS,n,2.0NRT,292.88,1.22,N
36.80267,39.65873,313.99,0.54,0.42,2026-08-21,2346,N,VIIRS,n,2.0NRT,292.17,1.69,N
36.8029,39.65935,322.15,0.54,0.42,2026-08-21,2346,N,VIIRS,n,2.0NRT,292.61,3.29,N
36.80648,39.65994,304.24,0.54,0.42,2026-08-21,2346,N,VIIRS,n,2.0NRT,292.18,0.52,N
36.80808,40.12399,322.79,0.57,0.43,2026-08-21,2346,N,VIIRS,n,2.0NRT,293.43,3.49,N
36.81197,40.12527,345.82,0.57,0.43,2026-08-21,2346,N,VIIRS,n,2.0NRT,300.81,19.42,N
36.81328,40.11899,337.22,0.57,0.43,2026-08-21,2346,N,VIIRS,n,2.0NRT,294.9,19.42,N
36.8142,40.12649,328.88,0.57,0.43,2026-08-21,2346,N,VIIRS,n,2.0NRT,299.74,17.83,N
36.81555,40.12023,343.08,0.57,0.43,2026-08-21,2346,N,VIIRS,n,2.0NRT,295.66,15.97,N
36.81586,40.12653,330.83,0.57,0.43,2026-08-21,2346,N,VIIRS,n,2.0NRT,295.69,19.42,N
36.83182,41.55219,338.5,0.45,0.47,2026-08-21,2346,N,VIIRS,n,2.0NRT,295.89,4.16,N
36.83491,41.55853,331.81,0.45,0.47,2026-08-21,2346,N,VIIRS,n,2.0NRT,296.01,2.49,N
36.8697,43.4874,328.5,0.56,0.52,2026-08-21,2346,N,VIIRS,n,2.0NRT,297.17,4.69,N
36.87141,34.76374,311.94,0.39,0.36,2026-08-21,2346,N,VIIRS,n,2.0NRT,298.32,1.35,N
36.89314,43.43205,320.38,0.56,0.51,2026-08-21,2346,N,VIIRS,n,2.0NRT,294.33,2.75,N
36.94045,42.17394,313.11,0.48,0.48,2026-08-21,2346,N,VIIRS,n,2.0NRT,297.76,2.0,N
36.94302,41.4474,312.74,0.44,0.46,2026-08-21,2346,N,VIIRS,n,2.0NRT,295.63,0.83,N
36.94593,42.13034,330.91,0.47,0.48,2026-08-21,2346,N,VIIRS,n,2.0NRT,299.74,4.32,N
36.95475,42.07231,309.96,0.47,0.48,2026-08-21,2346,N,VIIRS,n,2.0NRT,296.65,1.59,N
36.95539,42.0712,315.35,0.47,0.48,2026-08-21,2346,N,VIIRS,n,2.0NRT,296.63,1.99,N
36.95762,41.55837,331.1,0.44,0.46,2026-08-21,2346,N,VIIRS,n,2.0NRT,296.39,3.4,N
36.95787,41.56202,306.67,0.44,0.46,2026-08-21,2346,N,VIIRS,n,2.0NRT,295.51,1.97,N
36.95895,41.55716,324.18,0.44,0.46,2026-08-21,2346,N,VIIRS,n,2.0NRT,296.04,1.97,N
36.96004,42.0505,308.95,0.47,0.48,2026-08-21,2346,N,VIIRS,n,2.0NRT,297.68,1.61,N
36.9621,42.08048,310.74,0.47,0.48,2026-08-21,2346,N,VIIRS,n,2.0NRT,297.48,1.56,N
36.97876,41.32589,312.0,0.43,0.46,2026-08-21,2346,N,VIIRS,n,2.0NRT,295.17,1.3,N
37.01204,40.52665,305.83,0.39,0.44,2026-08-21,2346,N,VIIRS,n,2.0NRT,294.5,0.72,N
37.02991,42.44909,305.12,0.49,0.49,2026-08-21,2346,N,VIIRS,n,2.0NRT,294.66,1.86,N
37.0656,40.63188,309.47,0.4,0.44,2026-08-21,2346,N,VIIRS,n,2.0NRT,294.59,1.04,N
37.07711,42.55964,321.35,0.5,0.49,2026-08-21,2346,N,VIIRS,n,2.0NRT,301.71,2.2,N
37.08855,42.77488,308.42,0.51,0.49,2026-08-21,2346,N,VIIRS,n,2.0NRT,296.27,3.09,N
37.1381,42.7937,308.9,0.51,0.49,2026-08-21,2346,N,VIIRS,n,2.0NRT,296.97,2.05,N
37.15899,33.3069,297.53,0.39,0.36,2026-08-21,2346,N,VIIRS,n,2.0NRT,287.52,0.43,N
37.25163,30.44431,305.43,0.46,0.39,2026-08-21,2346,N,VIIRS,n,2.0NRT,291.95,0.68,N
37.25295,30.44143,307.83,0.46,0.39,2026-08-21,2346,N,VIIRS,n,2.0NRT,294.18,1.22,N
37.29417,37.15708,313.13,0.43,0.38,2026-08-21,2346,N,VIIRS,n,2.0NRT,297.55,1.55,N
37.33876,40.80376,315.68,0.4,0.44,2026-08-21,2346,N,VIIRS,n,2.0NRT,297.94,2.58,N
37.33934,40.8016,313.27,0.4,0.44,2026-08-21,2346,N,VIIRS,n,2.0NRT,297.37,2.62,N
37.47614,37.12367,306.25,0.42,0.38,2026-08-21,2346,N,VIIRS,n,2.0NRT,291.29,0.48,N
37.59037,38.14939,323.75,0.46,0.39,2026-08-21,2346,N,VIIRS,n,2.0NRT,294.79,2.64,N
37.59135,38.14429,331.98,0.46,0.39,2026-08-21,2346,N,VIIRS,n,2.0NRT,295.46,2.64,N
37.59389,38.15048,317.95,0.46,0.39,2026-08-21,2346,N,VIIRS,n,2.0NRT,294.29,2.27,N
37.59487,38.14538,334.71,0.46,0.39,2026-08-21,2346,N,VIIRS,n,2.0NRT,296.42,2.27,N
37.59585,38.14032,330.2,0.46,0.39,2026-08-21,2346,N,VIIRS,n,2.0NRT,295.1,5.0,N
37.5984,38.14645,308.26,0.46,0.39,2026-08-21,2346,N,VIIRS,n,2.0NRT,293.48,2.27,N
37.60035,38.13632,335.29,0.46,0.39,2026-08-21,2346,N,VIIRS,n,2.0NRT,294.62,5.0,N
37.61393,38.06555,328.77,0.45,0.39,2026-08-21,2346,N,VIIRS,n,2.0NRT,296.46,4.12,N
37.61491,38.06042,334.0,0.45,0.39,2026-08-21,2346,N,VIIRS,n,2.0NRT,296.36,6.21,N
37.6184,38.06161,315.93,0.45,0.39,2026-08-21,2346,N,VIIRS,n,2.0NRT,296.24,1.57,N
37.69399,38.08641,314.47,0.45,0.39,2026-08-21,2346,N,VIIRS,n,2.0NRT,296.3,1.48,N
37.84754,40.05722,306.31,0.54,0.42,2026-08-21,2346,N,VIIRS,n,2.0NRT,294.21,0.75,N
37.86211,29.37309,311.47,0.51,0.41,2026-08-21,2346,N,VIIRS,n,2.0NRT,295.01,1.96,N
37.93031,41.98453,323.92,0.44,0.46,2026-08-21,2346,N,VIIRS,n,2.0NRT,311.58,22.26,N
37.93146,41.97942,339.36,0.44,0.46,2026-08-21,2346,N,VIIRS,n,2.0NRT,299.69,22.26,N
37.93456,41.98557,309.56,0.44,0.46,2026-08-21,2346,N,VIIRS,n,2.0NRT,298.82,22.26,N
37.9397,32.5363,303.5,0.4,0.37,2026-08-21,2346,N,VIIRS,n,2.0NRT,291.38,0.63,N
38.14159,30.89049,328.35,0.45,0.39,2026-08-21,2346,N,VIIRS,n,2.0NRT,295.11,2.29,N
38.14223,30.88545,305.26,0.45,0.39,2026-08-21,2346,N,VIIRS,n,2.0NRT,289.27,2.29,N
38.25807,37.17669,307.25,0.42,0.38,2026-08-21,2346,N,VIIRS,n,2.0NRT,284.23,0.41,N
38.4247,27.21711,308.7,0.44,0.46,2026-08-21,2346,N,VIIRS,n,2.0NRT,294.1,1.09,N
38.65865,30.61973,310.8,0.46,0.39,2026-08-21,2346,N,VIIRS,n,2.0NRT,292.08,1.43,N
38.66341,39.23271,303.52,0.48,0.4,2026-08-21,2346,N,VIIRS,n,2.0NRT,293.31,1.14,N
38.73204,26.9637,311.89,0.46,0.47,2026-08-21,2346,N,VIIRS,n,2.0NRT,293.13,1.03,N
38.74172,26.95407,305.37,0.46,0.47,2026-08-21,2346,N,VIIRS,n,2.0NRT,293.6,2.55,N
38.75185,26.93962,308.79,0.46,0.47,2026-08-21,2346,N,VIIRS,n,2.0NRT,294.23,1.11,N
38.75894,32.76634,295.19,0.4,0.37,2026-08-21,2346,N,VIIRS,n,2.0NRT,284.36,0.3,N
38.85848,35.76501,299.08,0.39,0.36,2026-08-21,2346,N,VIIRS,n,2.0NRT,288.58,0.59,N
38.9546,32.28598,327.95,0.41,0.37,2026-08-21,2346,N,VIIRS,n,2.0NRT,286.1,3.12,N
38.95801,32.28675,328.0,0.41,0.37,2026-08-21,2346,N,VIIRS,n,2.0NRT,285.12,2.3,N
39.01672,37.92204,331.53,0.43,0.38,2026-08-21,2346,N,VIIRS,n,2.0NRT,289.54,3.19,N
39.02013,37.92327,299.33,0.43,0.38,2026-08-21,2346,N,VIIRS,n,2.0NRT,289.13,0.59,N
39.08986,27.51566,301.06,0.43,0.46,2026-08-21,2346,N,VIIRS,n,2.0NRT,290.65,0.27,N
39.09033,27.5106,302.33,0.43,0.46,2026-08-21,2346,N,VIIRS,n,2.0NRT,292.06,1.02,N
39.09412,27.51601,303.49,0.43,0.46,2026-08-21,2346,N,VIIRS,n,2.0NRT,292.49,0.81,N
39.28637,33.13979,295.8,0.4,0.37,2026-08-21,2346,N,VIIRS,n,2.0NRT,284.55,0.92,N
39.31433,32.76737,297.47,0.4,0.37,2026-08-21,2346,N,VIIRS,n,2.0NRT,285.06,0.64,N
39.48606,30.04179,306.7,0.5,0.41,2026-08-21,2346,N,VIIRS,n,2.0NRT,291.28,1.71,N
39.68115,29.46736,307.1,0.53,0.42,2026-08-21,2346,N,VIIRS,n,2.0NRT,290.15,1.24,N
39.71482,33.98958,299.94,0.39,0.36,2026-08-21,2346,N,VIIRS,n,2.0NRT,286.93,0.32,N
39.72445,36.936,303.39,0.4,0.37,2026-08-21,2346,N,VIIRS,n,2.0NRT,288.95,0.85,N
39.83889,30.30223,303.76,0.49,0.4,2026-08-21,2346,N,VIIRS,n,2.0NRT,292.28,1.57,N
39.8634,26.24533,305.73,0.51,0.49,2026-08-21,2346,N,VIIRS,n,2.0NRT,292.67,1.13,N
39.86798,26.24591,303.42,0.51,0.49,2026-08-21,2346,N,VIIRS,n,2.0NRT,292.96,1.11,N
39.90047,28.87007,305.14,0.57,0.43,2026-08-21,2346,N,VIIRS,n,2.0NRT,290.3,0.9,N
39.92561,40.66786,299.05,0.53,0.42,2026-08-21,2346,N,VIIRS,n,2.0NRT,288.17,0.89,N
39.94572,33.19197,304.06,0.4,0.37,2026-08-21,2346,N,VIIRS,n,2.0NRT,292.33,1.24,N
40.04908,32.64904,306.84,0.41,0.37,2026-08-21,2346,N,VIIRS,n,2.0NRT,290.59,1.05,N
40.10382,36.29251,297.66,0.39,0.36,2026-08-21,2346,N,VIIRS,n,2.0NRT,287.18,0.57,N
40.24197,29.92487,305.97,0.51,0.41,2026-08-21,2346,N,VIIRS,n,2.0NRT,293.55,1.28,N
40.25968,30.04305,310.11,0.51,0.41,2026-08-21,2346,N,VIIRS,n,2.0NRT,294.23,1.07,N
40.69319,34.9489,314.61,0.38,0.36,2026-08-21,2346,N,VIIRS,n,2.0NRT,285.94,0.79,N
40.69647,34.94979,299.68,0.38,0.36,2026-08-21,2346,N,VIIRS,n,2.0NRT,285.74,0.79,N
40.75636,31.78278,301.71,0.44,0.39,2026-08-21,2346,N,VIIRS,n,2.0NRT,290.95,0.77,N
40.75953,29.75644,307.32,0.53,0.42,2026-08-21,2346,N,VIIRS,n,2.0NRT,294.16,2.23,N
40.78077,29.59897,306.01,0.54,0.42,2026-08-21,2346,N,VIIRS,n,2.0NRT,294.75,1.74,N
40.7808,29.59924,306.31,0.54,0.42,2026-08-21,2346,N,VIIRS,n,2.0NRT,294.53,1.14,N
41.01979,28.55852,308.0,0.4,0.44,2026-08-21,2346,N,VIIRS,n,2.0NRT,293.79,1.0,N
41.02024,28.55378,315.5,0.4,0.44,2026-08-21,2346,N,VIIRS,n,2.0NRT,294.18,1.7,N
41.10877,37.3226,303.07,0.4,0.37,2026-08-21,2346,N,VIIRS,n,2.0NRT,293.0,0.74,N
41.17419,32.63397,314.11,0.42,0.38,2026-08-21,2346,N,VIIRS,n,2.0NRT,293.47,1.75,N
41.17564,32.63603,312.95,0.42,0.38,2026-08-21,2346,N,VIIRS,n,2.0NRT,294.52,2.93,N
41.19206,32.61916,304.15,0.42,0.38,2026-08-21,2346,N,VIIRS,n,2.0NRT,292.54,0.8,N
41.22733,33.61242,308.86,0.4,0.37,2026-08-21,2346,N,VIIRS,n,2.0NRT,285.3,1.01,N
41.228,33.60768,303.17,0.4,0.37,2026-08-21,2346,N,VIIRS,n,2.0NRT,286.47,1.01,N
41.24285,36.46626,338.35,0.39,0.36,2026-08-21,2346,N,VIIRS,n,2.0NRT,295.09,3.98,N
41.4657,35.09713,320.58,0.39,0.36,2026-08-21,2346,N,VIIRS,n,2.0NRT,288.74,1.56,N
41.48838,31.87107,303.77,0.45,0.39,2026-08-21,2346,N,VIIRS,n,2.0NRT,292.99,0.71,N
41.48991,31.86996,311.83,0.45,0.39,2026-08-21,2346,N,VIIRS,n,2.0NRT,294.44,1.57,N
41.6372,27.50508,302.68,0.46,0.47,2026-08-21,2346,N,VIIRS,n,2.0NRT,292.23,0.95,N
38.7444,26.94822,301.3,0.7,0.75,2026-08-22,126,N,VIIRS,n,2.0NRT,290.75,1.22,N
35.53098,44.33846,353.79,0.4,0.6,2026-08-22,926,N,VIIRS,n,2.0NRT,313.57,4.33,D
35.62655,44.01048,367.0,0.41,0.61,2026-08-22,926,N,VIIRS,h,2.0NRT,324.07,24.12,D
35.63007,44.00739,354.49,0.41,0.61,2026-08-22,926,N,VIIRS,n,2.0NRT,321.83,29.03,D
35.63192,44.00817,367.0,0.41,0.61,2026-08-22,926,N,VIIRS,h,2.0NRT,314.85,9.86,D
35.66091,43.96626,367.0,0.41,0.61,2026-08-22,926,N,VIIRS,h,2.0NRT,320.91,11.69,D
35.68399,43.87283,351.6,0.42,0.61,2026-08-22,926,N,VIIRS,n,2.0NRT,316.41,22.28,D
35.68518,43.87732,367.0,0.42,0.61,2026-08-22,926,N,VIIRS,h,2.0NRT,328.75,22.28,D
35.68686,43.87285,356.45,0.42,0.61,2026-08-22,926,N,VIIRS,n,2.0NRT,314.99,12.76,D
35.68808,43.87732,367.0,0.42,0.61,2026-08-22,926,N,VIIRS,h,2.0NRT,316.7,12.76,D
35.72247,44.04073,367.0,0.41,0.6,2026-08-22,926,N,VIIRS,h,2.0NRT,317.37,16.82,D
35.72672,44.03426,340.79,0.41,0.6,2026-08-22,926,N,VIIRS,n,2.0NRT,314.36,5.14,D
35.72792,44.03882,349.28,0.41,0.6,2026-08-22,926,N,VIIRS,n,2.0NRT,313.19,5.14,D
35.7672,44.21059,353.03,0.4,0.6,2026-08-22,926,N,VIIRS,n,2.0NRT,312.43,5.43,D
35.76835,44.21494,350.91,0.4,0.6,2026-08-22,926,N,VIIRS,n,2.0NRT,312.37,5.43,D
35.97837,43.77007,344.85,0.42,0.61,2026-08-22,926,N,VIIRS,n,2.0NRT,316.73,4.61,D
35.98376,43.76777,349.02,0.42,0.61,2026-08-22,926,N,VIIRS,n,2.0NRT,316.01,4.61,D
35.99838,43.76289,346.46,0.41,0.61,2026-08-22,926,N,VIIRS,n,2.0NRT,315.34,4.6,D
35.99994,43.76092,355.1,0.42,0.61,2026-08-22,926,N,VIIRS,n,2.0NRT,316.04,5.22,D
36.07456,41.33278,355.02,0.55,0.68,2026-08-22,926,N,VIIRS,n,2.0NRT,313.86,9.15,D
36.07631,41.33878,367.0,0.55,0.68,2026-08-22,926,N,VIIRS,h,2.0NRT,314.76,16.48,D
36.17149,43.48976,346.6,0.42,0.61,2026-08-22,926,N,VIIRS,n,2.0NRT,314.52,8.49,D
36.17274,43.49433,347.65,0.42,0.61,2026-08-22,926,N,VIIRS,n,2.0NRT,316.81,7.97,D
36.17399,43.49889,349.71,0.42,0.61,2026-08-22,926,N,VIIRS,n,2.0NRT,316.85,7.97,D
36.56503,44.12088,367.0,0.38,0.59,2026-08-22,926,N,VIIRS,h,2.0NRT,311.59,7.77,D
36.57597,41.51561,356.88,0.52,0.67,2026-08-22,926,N,VIIRS,n,2.0NRT,315.97,8.7,D
36.77283,43.32377,346.13,0.42,0.61,2026-08-22,926,N,VIIRS,n,2.0NRT,312.97,5.58,D
36.77482,43.32236,338.83,0.42,0.61,2026-08-22,926,N,VIIRS,n,2.0NRT,312.48,5.31,D
36.77623,43.3276,347.78,0.42,0.61,2026-08-22,926,N,VIIRS,n,2.0NRT,311.86,6.36,D
36.81609,40.12146,346.81,0.61,0.71,2026-08-22,926,N,VIIRS,n,2.0NRT,315.26,14.32,D
36.81693,40.00671,344.64,0.62,0.71,2026-08-22,926,N,VIIRS,n,2.0NRT,312.13,10.25,D
36.81896,40.0134,352.15,0.61,0.71,2026-08-22,926,N,VIIRS,n,2.0NRT,311.08,13.0,D
36.8224,40.00902,367.0,0.61,0.71,2026-08-22,926,N,VIIRS,h,2.0NRT,313.59,24.95,D
36.8252,40.01041,344.09,0.61,0.71,2026-08-22,926,N,VIIRS,n,2.0NRT,313.38,14.64,D
36.89152,43.42888,333.72,0.41,0.61,2026-08-22,926,N,VIIRS,n,2.0NRT,307.0,2.41,D
36.94184,42.17004,346.6,0.47,0.64,2026-08-22,926,N,VIIRS,n,2.0NRT,314.97,5.0,D
36.94297,41.44029,349.61,0.52,0.67,2026-08-22,926,N,VIIRS,n,2.0NRT,318.65,12.7,D
36.94315,41.44033,351.06,0.52,0.67,2026-08-22,926,N,VIIRS,n,2.0NRT,318.49,8.11,D
37.05151,41.38334,344.4,0.52,0.67,2026-08-22,926,N,VIIRS,n,2.0NRT,313.86,10.99,D
37.05736,41.22037,343.47,0.53,0.67,2026-08-22,926,N,VIIRS,n,2.0NRT,312.92,10.41,D
37.05902,41.2261,344.93,0.53,0.67,2026-08-22,926,N,VIIRS,n,2.0NRT,312.55,12.95,D
37.06345,41.22153,367.0,0.53,0.67,2026-08-22,926,N,VIIRS,h,2.0NRT,317.49,12.03,D
37.08323,42.74339,351.18,0.44,0.62,2026-08-22,926,N,VIIRS,n,2.0NRT,316.48,12.83,D
37.0833,42.73941,367.0,0.44,0.62,2026-08-22,926,N,VIIRS,h,2.0NRT,314.66,9.62,D
37.08375,41.29006,348.19,0.52,0.67,2026-08-22,926,N,VIIRS,n,2.0NRT,311.57,9.04,D
37.08454,42.74822,367.0,0.44,0.62,2026-08-22,926,N,VIIRS,h,2.0NRT,319.47,12.83,D
37.08471,42.74446,357.07,0.44,0.62,2026-08-22,926,N,VIIRS,n,2.0NRT,316.28,18.63,D
37.08488,41.29224,350.66,0.52,0.67,2026-08-22,926,N,VIIRS,n,2.0NRT,311.39,5.56,D
37.0858,42.75281,350.94,0.44,0.62,2026-08-22,926,N,VIIRS,n,2.0NRT,318.53,12.58,D
37.08602,42.74915,367.0,0.44,0.62,2026-08-22,926,N,VIIRS,h,2.0NRT,319.52,18.63,D
37.08704,42.75738,367.0,0.44,0.62,2026-08-22,926,N,VIIRS,h,2.0NRT,313.58,12.58,D
37.08729,42.7537,367.0,0.44,0.62,2026-08-22,926,N,VIIRS,h,2.0NRT,315.85,12.74,D
37.08827,42.76187,346.55,0.44,0.62,2026-08-22,926,N,VIIRS,n,2.0NRT,313.1,14.06,D
37.08855,42.7582,351.73,0.44,0.62,2026-08-22,926,N,VIIRS,n,2.0NRT,310.96,12.74,D
37.09144,42.74643,367.0,0.44,0.62,2026-08-22,926,N,VIIRS,h,2.0NRT,313.23,10.81,D
37.15706,42.27216,353.27,0.46,0.64,2026-08-22,926,N,VIIRS,n,2.0NRT,315.69,8.43,D
37.15847,42.2771,367.0,0.46,0.64,2026-08-22,926,N,VIIRS,h,2.0NRT,317.95,8.43,D
37.15849,42.27254,367.0,0.46,0.64,2026-08-22,926,N,VIIRS,h,2.0NRT,316.11,14.31,D
37.15987,42.27751,367.0,0.46,0.64,2026-08-22,926,N,VIIRS,h,2.0NRT,317.77,24.27,D
37.16409,42.27461,347.33,0.46,0.64,2026-08-22,926,N,VIIRS,n,2.0NRT,317.77,8.43,D
37.19655,42.25523,344.98,0.46,0.64,2026-08-22,926,N,VIIRS,n,2.0NRT,313.58,4.9,D
37.19658,42.27772,348.8,0.46,0.64,2026-08-22,926,N,VIIRS,n,2.0NRT,316.32,10.17,D
37.19797,42.26028,350.37,0.46,0.64,2026-08-22,926,N,VIIRS,n,2.0NRT,315.01,4.9,D
37.19939,42.26531,346.33,0.46,0.64,2026-08-22,926,N,VIIRS,n,2.0NRT,314.3,8.04,D
37.58307,38.12479,355.48,0.73,0.76,2026-08-22,928,N,VIIRS,n,2.0NRT,307.63,10.54,D
37.58339,38.13367,346.56,0.72,0.76,2026-08-22,928,N,VIIRS,n,2.0NRT,308.86,12.64,D
37.58616,38.13441,349.77,0.72,0.76,2026-08-22,928,N,VIIRS,n,2.0NRT,310.17,20.28,D
37.58688,38.12082,347.91,0.72,0.76,2026-08-22,928,N,VIIRS,n,2.0NRT,308.04,12.64,D
37.58974,38.12165,349.79,0.73,0.76,2026-08-22,928,N,VIIRS,n,2.0NRT,307.58,11.66,D
37.59,38.13034,367.0,0.72,0.76,2026-08-22,928,N,VIIRS,h,2.0NRT,308.52,12.64,D
38.27715,37.07861,336.97,0.78,0.78,2026-08-22,928,N,VIIRS,n,2.0NRT,305.92,8.65,D
38.39018,37.33609,346.52,0.75,0.77,2026-08-22,928,N,VIIRS,n,2.0NRT,308.91,12.97,D
38.39274,37.33443,347.9,0.75,0.77,2026-08-22,928,N,VIIRS,n,2.0NRT,308.25,12.9,D
38.41302,40.87661,343.04,0.5,0.66,2026-08-22,928,N,VIIRS,n,2.0NRT,309.44,4.88,D
40.11116,44.44487,344.55,0.6,0.53,2026-08-22,928,N,VIIRS,n,2.0NRT,309.27,10.98,D
40.24263,43.68834,339.62,0.33,0.55,2026-08-22,928,N,VIIRS,n,2.0NRT,309.34,3.36,D
35.53085,44.33982,353.37,0.49,0.65,2026-08-22,1106,N,VIIRS,n,2.0NRT,315.22,10.88,D
35.53155,44.3369,343.9,0.49,0.65,2026-08-22,1106,N,VIIRS,n,2.0NRT,314.31,7.37,D
35.53178,44.34233,351.36,0.49,0.65,2026-08-22,1106,N,VIIRS,n,2.0NRT,314.37,6.25,D
35.6249,44.00695,342.83,0.47,0.64,2026-08-22,1106,N,VIIRS,n,2.0NRT,316.17,6.07,D
35.62517,44.0122,347.01,0.47,0.64,2026-08-22,1106,N,VIIRS,n,2.0NRT,316.71,8.51,D
35.62704,44.00826,349.94,0.47,0.64,2026-08-22,1106,N,VIIRS,n,2.0NRT,322.38,29.76,D
35.62729,44.01351,351.06,0.47,0.64,2026-08-22,1106,N,VIIRS,n,2.0NRT,316.91,28.46,D
35.63089,44.00676,354.63,0.47,0.64,2026-08-22,1106,N,VIIRS,n,2.0NRT,314.62,18.14,D
35.63116,44.01201,367.0,0.47,0.64,2026-08-22,1106,N,VIIRS,h,2.0NRT,317.67,27.02,D
35.65335,36.36512,351.61,0.54,0.42,2026-08-22,1106,N,VIIRS,n,2.0NRT,320.62,14.15,D
35.66114,43.96836,354.51,0.46,0.64,2026-08-22,1106,N,VIIRS,n,2.0NRT,318.86,11.86,D
35.68655,43.87704,351.31,0.46,0.63,2026-08-22,1106,N,VIIRS,n,2.0NRT,325.51,38.91,D
35.72479,44.04324,367.0,0.47,0.64,2026-08-22,1106,N,VIIRS,h,2.0NRT,317.82,27.02,D
35.72689,44.03767,344.47,0.47,0.64,2026-08-22,1106,N,VIIRS,n,2.0NRT,313.2,8.45,D
35.72712,44.04301,367.0,0.47,0.64,2026-08-22,1106,N,VIIRS,h,2.0NRT,314.73,23.57,D
35.73322,43.66282,367.0,0.45,0.63,2026-08-22,1106,N,VIIRS,h,2.0NRT,318.04,10.94,D
35.77303,43.99626,353.38,0.47,0.64,2026-08-22,1106,N,VIIRS,n,2.0NRT,315.48,9.14,D
35.98283,43.77046,351.05,0.46,0.63,2026-08-22,1106,N,VIIRS,n,2.0NRT,315.63,6.58,D
36.00035,43.76445,344.72,0.46,0.63,2026-08-22,1106,N,VIIRS,n,2.0NRT,313.3,3.55,D
36.01753,43.68209,344.27,0.45,0.63,2026-08-22,1106,N,VIIRS,n,2.0NRT,315.81,6.6,D
36.07931,41.467,367.0,0.34,0.56,2026-08-22,1106,N,VIIRS,h,2.0NRT,318.93,3.53,D
36.22312,40.73793,346.67,0.62,0.54,2026-08-22,1106,N,VIIRS,n,2.0NRT,319.11,26.47,D
36.37105,40.63483,347.53,0.61,0.54,2026-08-22,1106,N,VIIRS,n,2.0NRT,317.22,27.07,D
36.37122,40.63383,350.71,0.61,0.54,2026-08-22,1106,N,VIIRS,n,2.0NRT,317.09,29.62,D
36.38361,43.0954,367.0,0.42,0.61,2026-08-22,1106,N,VIIRS,h,2.0NRT,314.79,11.93,D
36.4736,43.88275,345.65,0.47,0.64,2026-08-22,1106,N,VIIRS,n,2.0NRT,314.77,6.57,D
36.47384,43.88811,349.9,0.47,0.64,2026-08-22,1106,N,VIIRS,n,2.0NRT,312.7,6.57,D
36.55712,44.12922,337.66,0.48,0.65,2026-08-22,1106,N,VIIRS,n,2.0NRT,311.43,4.18,D
36.55732,44.13375,346.39,0.48,0.65,2026-08-22,1106,N,VIIRS,n,2.0NRT,312.11,4.8,D
36.5582,44.12717,340.77,0.48,0.65,2026-08-22,1106,N,VIIRS,n,2.0NRT,311.09,10.31,D
36.55838,44.1315,367.0,0.48,0.65,2026-08-22,1106,N,VIIRS,h,2.0NRT,314.98,10.31,D
36.55857,44.13617,335.65,0.48,0.65,2026-08-22,1106,N,VIIRS,n,2.0NRT,309.95,14.16,D
36.56317,44.12877,367.0,0.48,0.65,2026-08-22,1106,N,VIIRS,h,2.0NRT,313.44,19.46,D
36.56337,44.13312,367.0,0.48,0.65,2026-08-22,1106,N,VIIRS,h,2.0NRT,309.85,20.92,D
36.56427,44.12683,355.57,0.48,0.65,2026-08-22,1106,N,VIIRS,n,2.0NRT,312.01,10.31,D
36.77295,43.32671,342.57,0.44,0.62,2026-08-22,1106,N,VIIRS,n,2.0NRT,314.35,4.01,D
36.71214,36.9954,350.32,0.39,0.44,2026-08-22,1108,N,VIIRS,n,2.0NRT,314.75,6.77,D
36.71535,36.98617,367.0,0.39,0.44,2026-08-22,1108,N,VIIRS,h,2.0NRT,319.36,11.75,D
36.85721,39.67454,350.31,0.55,0.51,2026-08-22,1108,N,VIIRS,n,2.0NRT,318.51,13.29,D
36.91689,42.00503,356.01,0.37,0.58,2026-08-22,1108,N,VIIRS,n,2.0NRT,320.33,6.0,D
36.92947,41.68174,367.0,0.36,0.57,2026-08-22,1108,N,VIIRS,h,2.0NRT,326.86,15.31,D
36.92973,41.68579,350.52,0.36,0.57,2026-08-22,1108,N,VIIRS,n,2.0NRT,324.11,15.31,D
36.92999,41.68985,367.0,0.36,0.57,2026-08-22,1108,N,VIIRS,h,2.0NRT,323.08,11.52,D
36.93479,41.68125,367.0,0.36,0.57,2026-08-22,1108,N,VIIRS,h,2.0NRT,318.37,15.31,D
36.93504,41.68528,344.58,0.36,0.57,2026-08-22,1108,N,VIIRS,n,2.0NRT,318.46,15.31,D
36.93959,41.44036,367.0,0.34,0.56,2026-08-22,1108,N,VIIRS,h,2.0NRT,323.3,6.7,D
36.94022,41.4391,353.76,0.34,0.56,2026-08-22,1108,N,VIIRS,n,2.0NRT,322.72,3.56,D
36.95422,41.56986,367.0,0.35,0.57,2026-08-22,1108,N,VIIRS,h,2.0NRT,322.87,4.97,D
36.95784,41.56683,367.0,0.35,0.57,2026-08-22,1108,N,VIIRS,h,2.0NRT,323.04,7.53,D
36.95808,41.57083,367.0,0.35,0.57,2026-08-22,1108,N,VIIRS,h,2.0NRT,318.95,7.53,D
36.95925,41.56537,349.38,0.35,0.57,2026-08-22,1108,N,VIIRS,n,2.0NRT,323.74,4.97,D
36.95951,41.56936,346.52,0.35,0.57,2026-08-22,1108,N,VIIRS,n,2.0NRT,319.01,4.97,D
36.96289,41.56232,367.0,0.35,0.57,2026-08-22,1108,N,VIIRS,h,2.0NRT,323.45,6.78,D
36.96793,41.55784,345.96,0.35,0.57,2026-08-22,1108,N,VIIRS,n,2.0NRT,317.12,6.78,D
36.96817,41.56184,367.0,0.35,0.57,2026-08-22,1108,N,VIIRS,h,2.0NRT,317.42,6.78,D
36.96842,41.56584,367.0,0.35,0.57,2026-08-22,1108,N,VIIRS,h,2.0NRT,320.66,16.7,D
36.98145,41.60495,367.0,0.35,0.57,2026-08-22,1108,N,VIIRS,h,2.0NRT,323.88,5.01,D
37.04607,41.54589,367.0,0.35,0.57,2026-08-22,1108,N,VIIRS,h,2.0NRT,322.35,16.8,D
37.0463,41.5499,367.0,0.35,0.57,2026-08-22,1108,N,VIIRS,h,2.0NRT,323.56,10.92,D
37.04693,41.54608,355.18,0.35,0.57,2026-08-22,1108,N,VIIRS,n,2.0NRT,321.82,15.58,D
37.0472,41.55009,367.0,0.35,0.57,2026-08-22,1108,N,VIIRS,h,2.0NRT,323.6,22.03,D
37.04848,41.49728,367.0,0.35,0.57,2026-08-22,1108,N,VIIRS,h,2.0NRT,318.49,4.78,D
37.04872,41.50129,367.0,0.35,0.57,2026-08-22,1108,N,VIIRS,h,2.0NRT,319.84,7.3,D
37.04905,41.49758,367.0,0.35,0.57,2026-08-22,1108,N,VIIRS,h,2.0NRT,318.79,4.28,D
37.04932,41.50158,367.0,0.35,0.57,2026-08-22,1108,N,VIIRS,h,2.0NRT,320.19,7.92,D
37.05158,41.54933,350.78,0.35,0.57,2026-08-22,1108,N,VIIRS,n,2.0NRT,320.39,10.92,D
37.05159,41.37753,347.46,0.34,0.56,2026-08-22,1108,N,VIIRS,n,2.0NRT,317.51,3.19,D
37.05174,41.37705,350.1,0.34,0.56,2026-08-22,1108,N,VIIRS,n,2.0NRT,317.54,8.87,D
37.05186,41.38145,367.0,0.34,0.56,2026-08-22,1108,N,VIIRS,h,2.0NRT,318.48,10.91,D
37.05199,41.38099,367.0,0.34,0.56,2026-08-22,1108,N,VIIRS,h,2.0NRT,318.08,16.15,D
37.05265,41.39322,349.2,0.34,0.56,2026-08-22,1108,N,VIIRS,n,2.0NRT,318.06,4.97,D
37.05271,41.39278,347.99,0.34,0.56,2026-08-22,1108,N,VIIRS,n,2.0NRT,317.46,5.21,D
37.07393,41.31145,367.0,0.34,0.56,2026-08-22,1108,N,VIIRS,h,2.0NRT,318.93,7.25,D
37.09155,42.75508,350.23,0.41,0.61,2026-08-22,1108,N,VIIRS,n,2.0NRT,314.96,6.51,D
37.1532,42.27198,367.0,0.38,0.59,2026-08-22,1108,N,VIIRS,h,2.0NRT,317.64,9.35,D
37.15846,42.26715,356.53,0.38,0.59,2026-08-22,1108,N,VIIRS,n,2.0NRT,317.32,17.22,D
37.15871,42.27163,342.99,0.38,0.59,2026-08-22,1108,N,VIIRS,n,2.0NRT,317.65,9.35,D
37.15897,42.27614,345.68,0.38,0.59,2026-08-22,1108,N,VIIRS,n,2.0NRT,318.59,9.35,D
37.16474,42.28027,355.09,0.39,0.59,2026-08-22,1108,N,VIIRS,n,2.0NRT,320.48,14.0,D
37.17638,40.44915,352.26,0.61,0.53,2026-08-22,1108,N,VIIRS,n,2.0NRT,318.48,18.54,D
37.1767,40.44815,367.0,0.61,0.53,2026-08-22,1108,N,VIIRS,h,2.0NRT,319.99,16.62,D
37.19003,42.24676,350.02,0.38,0.59,2026-08-22,1108,N,VIIRS,n,2.0NRT,315.57,14.51,D
37.19072,42.25112,350.97,0.38,0.59,2026-08-22,1108,N,VIIRS,n,2.0NRT,317.31,13.79,D
37.19743,42.28205,367.0,0.39,0.59,2026-08-22,1108,N,VIIRS,h,2.0NRT,318.61,22.1,D
37.19807,42.28191,367.0,0.39,0.59,2026-08-22,1108,N,VIIRS,h,2.0NRT,317.86,11.32,D
37.20198,42.26358,343.72,0.38,0.59,2026-08-22,1108,N,VIIRS,n,2.0NRT,315.79,12.55,D
37.20222,42.26805,367.0,0.39,0.59,2026-08-22,1108,N,VIIRS,h,2.0NRT,318.27,19.68,D
37.20278,42.26795,367.0,0.38,0.59,2026-08-22,1108,N,VIIRS,h,2.0NRT,317.43,11.92,D
37.20304,42.27243,356.41,0.38,0.59,2026-08-22,1108,N,VIIRS,n,2.0NRT,315.14,11.92,D
37.20331,42.27695,340.62,0.39,0.59,2026-08-22,1108,N,VIIRS,n,2.0NRT,315.45,11.32,D
37.31782,37.09748,345.31,0.41,0.45,2026-08-22,1108,N,VIIRS,n,2.0NRT,317.68,4.6,D
38.27962,37.0767,347.13,0.42,0.45,2026-08-22,1108,N,VIIRS,n,2.0NRT,315.69,6.95,D
38.31884,38.01232,352.43,0.46,0.47,2026-08-22,1108,N,VIIRS,n,2.0NRT,308.64,7.21,D
38.32296,37.03717,345.47,0.41,0.45,2026-08-22,1108,N,VIIRS,n,2.0NRT,314.8,9.42,D
38.41317,40.8739,367.0,0.33,0.55,2026-08-22,1108,N,VIIRS,h,2.0NRT,317.03,5.43,D
38.41343,40.87801,340.27,0.33,0.55,2026-08-22,1108,N,VIIRS,n,2.0NRT,313.6,5.43,D
38.89758,32.18015,355.08,0.41,0.37,2026-08-22,1108,N,VIIRS,n,2.0NRT,322.67,17.71,D
39.224,35.27434,347.83,0.52,0.42,2026-08-22,1108,N,VIIRS,n,2.0NRT,312.28,7.95,D
39.22413,36.39135,346.78,0.39,0.44,2026-08-22,1108,N,VIIRS,n,2.0NRT,318.73,4.53,D
39.36191,34.19275,354.15,0.47,0.4,2026-08-22,1108,N,VIIRS,n,2.0NRT,320.69,21.04,D
39.36492,34.18657,338.16,0.47,0.4,2026-08-22,1108,N,VIIRS,n,2.0NRT,312.52,62.59,D
39.36556,34.19202,367.0,0.47,0.4,2026-08-22,1108,N,VIIRS,h,2.0NRT,331.07,62.59,D
39.71447,33.98415,353.71,0.47,0.4,2026-08-22,1108,N,VIIRS,n,2.0NRT,322.37,21.73,D
39.97523,41.74732,336.65,0.38,0.59,2026-08-22,1108,N,VIIRS,n,2.0NRT,302.34,2.11,D
40.12439,34.9826,344.12,0.52,0.42,2026-08-22,1108,N,VIIRS,n,2.0NRT,316.07,5.09,D
40.73833,43.86266,342.85,0.5,0.66,2026-08-22,1108,N,VIIRS,n,2.0NRT,300.86,6.34,D
40.73869,43.87479,335.08,0.5,0.66,2026-08-22,1108,N,VIIRS,n,2.0NRT,300.81,5.26,D
40.74448,43.8623,350.59,0.5,0.66,2026-08-22,1108,N,VIIRS,n,2.0NRT,301.1,9.19,D
40.7707,43.91595,335.28,0.5,0.66,2026-08-22,1108,N,VIIRS,n,2.0NRT,302.59,3.73,D
41.24147,36.46438,345.87,0.42,0.45,2026-08-22,1108,N,VIIRS,n,2.0NRT,306.4,4.13,D
41.25412,31.41338,347.03,0.41,0.37,2026-08-22,1108,N,VIIRS,n,2.0NRT,306.93,6.42,D
41.33892,27.47417,340.96,0.4,0.37,2026-08-22,1108,N,VIIRS,n,2.0NRT,309.71,2.08,D
42.0463,43.98652,337.19,0.52,0.67,2026-08-22,1108,N,VIIRS,n,2.0NRT,299.01,5.63,D
38.41663,43.23825,301.74,0.46,0.39,2026-08-22,2326,N,VIIRS,n,2.0NRT,291.44,1.03,N
38.62088,39.75635,308.13,0.38,0.36,2026-08-22,2326,N,VIIRS,n,2.0NRT,293.2,1.44,N
38.62345,39.76158,327.1,0.38,0.36,2026-08-22,2326,N,VIIRS,n,2.0NRT,292.95,1.44,N
38.62416,39.75721,315.63,0.38,0.36,2026-08-22,2326,N,VIIRS,n,2.0NRT,292.44,1.44,N
38.62673,39.76244,305.94,0.38,0.36,2026-08-22,2326,N,VIIRS,n,2.0NRT,293.77,1.34,N
38.65296,39.76932,313.44,0.38,0.36,2026-08-22,2326,N,VIIRS,n,2.0NRT,294.68,1.21,N
38.6628,39.23524,304.9,0.38,0.36,2026-08-22,2326,N,VIIRS,n,2.0NRT,293.43,0.98,N
38.77084,36.52708,298.46,0.43,0.38,2026-08-22,2326,N,VIIRS,n,2.0NRT,283.48,0.32,N
38.85846,35.76522,303.15,0.45,0.39,2026-08-22,2326,N,VIIRS,n,2.0NRT,289.18,1.01,N
38.89258,41.56669,302.13,0.4,0.37,2026-08-22,2326,N,VIIRS,n,2.0NRT,291.7,0.52,N
39.29954,34.87707,304.77,0.49,0.4,2026-08-22,2326,N,VIIRS,n,2.0NRT,284.31,0.98,N
39.30325,34.87785,303.47,0.49,0.4,2026-08-22,2326,N,VIIRS,n,2.0NRT,284.74,0.98,N
39.30392,34.87214,310.73,0.49,0.4,2026-08-22,2326,N,VIIRS,n,2.0NRT,284.95,1.75,N
39.36594,34.19013,316.54,0.53,0.42,2026-08-22,2326,N,VIIRS,n,2.0NRT,287.68,2.32,N
39.44202,34.87117,304.15,0.49,0.41,2026-08-22,2326,N,VIIRS,n,2.0NRT,284.64,0.44,N
39.48549,30.03817,298.12,0.57,0.52,2026-08-22,2326,N,VIIRS,n,2.0NRT,287.27,0.79,N
39.48677,30.03932,299.1,0.57,0.52,2026-08-22,2326,N,VIIRS,n,2.0NRT,288.08,1.47,N
39.5937,32.42076,304.35,0.43,0.46,2026-08-22,2326,N,VIIRS,n,2.0NRT,290.01,0.75,N
39.68001,29.47054,298.28,0.61,0.54,2026-08-22,2326,N,VIIRS,n,2.0NRT,287.54,0.61,N
39.72259,36.93895,302.64,0.42,0.38,2026-08-22,2326,N,VIIRS,n,2.0NRT,290.55,0.47,N
39.74337,30.19545,297.56,0.56,0.52,2026-08-22,2326,N,VIIRS,n,2.0NRT,287.5,0.79,N
39.79121,40.09966,300.61,0.38,0.36,2026-08-22,2326,N,VIIRS,n,2.0NRT,286.26,0.61,N
39.83678,30.29807,303.25,0.56,0.51,2026-08-22,2326,N,VIIRS,n,2.0NRT,288.74,1.71,N
39.92689,40.66755,303.45,0.39,0.36,2026-08-22,2326,N,VIIRS,n,2.0NRT,288.13,0.81,N
39.94353,33.19273,313.43,0.4,0.44,2026-08-22,2326,N,VIIRS,n,2.0NRT,292.92,2.13,N
39.95984,33.14469,304.06,0.4,0.44,2026-08-22,2326,N,VIIRS,n,2.0NRT,290.36,1.03,N
39.96106,33.14286,304.03,0.4,0.44,2026-08-22,2326,N,VIIRS,n,2.0NRT,289.96,1.05,N
40.04894,32.64989,304.6,0.42,0.45,2026-08-22,2326,N,VIIRS,n,2.0NRT,291.87,1.0,N
40.18673,29.2264,305.07,0.32,0.55,2026-08-22,2326,N,VIIRS,n,2.0NRT,291.84,0.51,N
40.24186,29.92537,301.86,0.59,0.53,2026-08-22,2326,N,VIIRS,n,2.0NRT,290.56,1.23,N
40.41251,39.65667,303.81,0.38,0.36,2026-08-22,2326,N,VIIRS,n,2.0NRT,289.15,0.42,N
40.736,35.60575,338.28,0.48,0.4,2026-08-22,2326,N,VIIRS,n,2.0NRT,292.1,8.05,N
40.75972,29.7594,303.5,0.61,0.53,2026-08-22,2326,N,VIIRS,n,2.0NRT,292.88,1.81,N
40.93622,35.88279,303.89,0.47,0.4,2026-08-22,2326,N,VIIRS,n,2.0NRT,289.59,1.24,N
41.01995,28.55495,318.9,0.35,0.57,2026-08-22,2326,N,VIIRS,n,2.0NRT,294.39,1.74,N
41.17337,32.63464,304.13,0.44,0.46,2026-08-22,2326,N,VIIRS,n,2.0NRT,291.75,1.46,N
41.17546,32.63288,314.31,0.44,0.46,2026-08-22,2326,N,VIIRS,n,2.0NRT,293.65,2.52,N
41.17763,32.63531,309.51,0.44,0.46,2026-08-22,2326,N,VIIRS,n,2.0NRT,294.69,1.46,N
41.19182,32.62136,303.71,0.44,0.46,2026-08-22,2326,N,VIIRS,n,2.0NRT,291.56,1.13,N
41.23999,36.46187,305.53,0.45,0.39,2026-08-22,2326,N,VIIRS,n,2.0NRT,292.91,1.13,N
41.24356,36.46264,336.13,0.45,0.39,2026-08-22,2326,N,VIIRS,n,2.0NRT,296.09,4.99,N
41.2583,31.43057,306.39,0.5,0.49,2026-08-22,2326,N,VIIRS,n,2.0NRT,292.52,1.5,N
41.26285,31.43122,305.27,0.5,0.49,2026-08-22,2326,N,VIIRS,n,2.0NRT,293.07,1.5,N
41.26336,31.42508,306.07,0.5,0.49,2026-08-22,2326,N,VIIRS,n,2.0NRT,293.54,2.85,N
41.2674,31.43195,302.16,0.5,0.49,2026-08-22,2326,N,VIIRS,n,2.0NRT,290.89,0.76,N
41.2679,31.42575,310.67,0.5,0.49,2026-08-22,2326,N,VIIRS,n,2.0NRT,293.77,3.08,N
41.6282,27.68353,300.86,0.4,0.6,2026-08-22,2326,N,VIIRS,n,2.0NRT,290.43,1.06,N
41.63231,27.68565,302.54,0.4,0.6,2026-08-22,2326,N,VIIRS,n,2.0NRT,291.81,0.81,N
41.63445,27.50406,304.74,0.4,0.6,2026-08-22,2326,N,VIIRS,n,2.0NRT,292.07,0.99,N
42.1242,43.01389,304.94,0.41,0.37,2026-08-22,2326,N,VIIRS,n,2.0NRT,294.45,0.64,N
42.3787,41.728,318.09,0.39,0.36,2026-08-22,2326,N,VIIRS,n,2.0NRT,293.28,1.38,N
42.381,41.72654,328.9,0.39,0.36,2026-08-22,2326,N,VIIRS,n,2.0NRT,293.57,1.69,N
35.52673,44.34119,332.25,0.57,0.43,2026-08-22,2329,N,VIIRS,n,2.0NRT,299.0,5.14,N
35.53062,44.34238,330.22,0.57,0.43,2026-08-22,2329,N,VIIRS,n,2.0NRT,298.35,3.58,N
35.53191,44.33628,318.97,0.57,0.43,2026-08-22,2329,N,VIIRS,n,2.0NRT,298.77,4.11,N
35.53581,44.33744,325.77,0.57,0.43,2026-08-22,2329,N,VIIRS,n,2.0NRT,298.31,4.11,N
35.56414,44.2814,330.62,0.56,0.43,2026-08-22,2329,N,VIIRS,n,2.0NRT,299.76,5.52,N
35.62903,44.00902,340.99,0.54,0.42,2026-08-22,2329,N,VIIRS,n,2.0NRT,309.15,46.4,N
35.66285,43.96299,330.25,0.54,0.42,2026-08-22,2329,N,VIIRS,n,2.0NRT,301.04,6.11,N
35.67788,44.06825,313.08,0.55,0.42,2026-08-22,2329,N,VIIRS,n,2.0NRT,298.41,2.91,N
35.67918,44.06411,311.83,0.55,0.42,2026-08-22,2329,N,VIIRS,n,2.0NRT,298.52,4.03,N
35.68454,43.87662,339.57,0.54,0.42,2026-08-22,2329,N,VIIRS,n,2.0NRT,312.83,49.1,N
35.7249,44.03996,343.01,0.54,0.42,2026-08-22,2329,N,VIIRS,n,2.0NRT,304.48,22.12,N
35.72995,44.03518,331.1,0.54,0.42,2026-08-22,2329,N,VIIRS,n,2.0NRT,300.5,5.8,N
35.77018,43.99733,327.61,0.54,0.42,2026-08-22,2329,N,VIIRS,n,2.0NRT,299.06,4.4,N
35.774,43.99844,330.17,0.54,0.42,2026-08-22,2329,N,VIIRS,n,2.0NRT,300.81,4.4,N
35.93756,36.65159,311.26,0.4,0.37,2026-08-22,2329,N,VIIRS,n,2.0NRT,295.55,0.87,N
35.97217,43.77272,312.19,0.52,0.42,2026-08-22,2329,N,VIIRS,n,2.0NRT,300.91,3.22,N
35.98082,43.76944,333.23,0.52,0.42,2026-08-22,2329,N,VIIRS,n,2.0NRT,302.74,9.17,N
35.99813,43.76281,333.11,0.52,0.42,2026-08-22,2329,N,VIIRS,n,2.0NRT,299.7,5.39,N
36.01801,43.68476,313.42,0.52,0.41,2026-08-22,2329,N,VIIRS,n,2.0NRT,298.7,1.78,N
36.01915,43.67916,308.76,0.52,0.41,2026-08-22,2329,N,VIIRS,n,2.0NRT,297.78,1.78,N
36.02733,41.53889,315.27,0.43,0.38,2026-08-22,2329,N,VIIRS,n,2.0NRT,297.29,1.62,N
36.13057,40.80811,313.83,0.41,0.37,2026-08-22,2329,N,VIIRS,n,2.0NRT,299.02,2.13,N
36.25709,44.38446,306.26,0.55,0.43,2026-08-22,2329,N,VIIRS,n,2.0NRT,295.58,1.15,N
36.26424,33.72909,315.64,0.51,0.41,2026-08-22,2329,N,VIIRS,n,2.0NRT,297.17,2.33,N
36.26507,33.72816,316.52,0.51,0.41,2026-08-22,2329,N,VIIRS,n,2.0NRT,296.58,2.88,N
36.6099,40.78816,313.69,0.4,0.37,2026-08-22,2329,N,VIIRS,n,2.0NRT,295.9,1.48,N
36.61325,40.78906,305.94,0.4,0.37,2026-08-22,2329,N,VIIRS,n,2.0NRT,295.67,0.77,N
36.64893,43.39827,313.92,0.49,0.4,2026-08-22,2329,N,VIIRS,n,2.0NRT,296.94,2.74,N
36.65967,43.54018,305.8,0.5,0.41,2026-08-22,2329,N,VIIRS,n,2.0NRT,295.18,1.28,N
36.74696,43.49841,309.32,0.49,0.41,2026-08-22,2329,N,VIIRS,n,2.0NRT,298.95,2.71,N
36.76038,39.16225,306.3,0.38,0.36,2026-08-22,2329,N,VIIRS,n,2.0NRT,294.05,0.89,N
36.76367,39.16307,309.49,0.38,0.36,2026-08-22,2329,N,VIIRS,n,2.0NRT,295.05,1.04,N
36.77423,43.32158,307.25,0.49,0.4,2026-08-22,2329,N,VIIRS,n,2.0NRT,296.72,2.63,N
36.77686,43.32772,310.54,0.49,0.4,2026-08-22,2329,N,VIIRS,n,2.0NRT,299.05,3.1,N
36.7779,43.32246,330.63,0.49,0.4,2026-08-22,2329,N,VIIRS,n,2.0NRT,300.19,3.1,N
36.79459,42.84639,326.14,0.47,0.39,2026-08-22,2329,N,VIIRS,n,2.0NRT,296.97,3.5,N
36.79816,42.84746,306.21,0.47,0.39,2026-08-22,2329,N,VIIRS,n,2.0NRT,295.89,1.04,N
36.81541,40.08595,309.75,0.39,0.36,2026-08-22,2329,N,VIIRS,n,2.0NRT,294.64,0.67,N
36.8665,36.94012,322.44,0.4,0.37,2026-08-22,2329,N,VIIRS,n,2.0NRT,295.07,1.94,N
36.87032,43.48807,326.85,0.49,0.4,2026-08-22,2329,N,VIIRS,n,2.0NRT,297.97,3.53,N
36.89333,43.42998,320.88,0.49,0.4,2026-08-22,2329,N,VIIRS,n,2.0NRT,295.79,3.39,N
36.91506,41.89363,305.97,0.43,0.38,2026-08-22,2329,N,VIIRS,n,2.0NRT,295.7,0.77,N
36.92056,41.18528,309.25,0.41,0.37,2026-08-22,2329,N,VIIRS,n,2.0NRT,295.64,1.88,N
36.9346,30.64675,317.36,0.5,0.49,2026-08-22,2329,N,VIIRS,n,2.0NRT,294.82,1.97,N
36.94034,42.17057,315.01,0.44,0.38,2026-08-22,2329,N,VIIRS,n,2.0NRT,297.5,1.67,N
36.94381,42.17158,312.84,0.44,0.38,2026-08-22,2329,N,VIIRS,n,2.0NRT,298.58,1.67,N
36.94767,42.13176,331.93,0.44,0.38,2026-08-22,2329,N,VIIRS,n,2.0NRT,302.03,4.18,N
36.96453,42.08092,321.33,0.44,0.38,2026-08-22,2329,N,VIIRS,n,2.0NRT,297.5,1.52,N
36.96783,41.58704,322.7,0.42,0.38,2026-08-22,2329,N,VIIRS,n,2.0NRT,295.74,4.07,N
36.97123,41.58801,337.95,0.42,0.38,2026-08-22,2329,N,VIIRS,n,2.0NRT,299.0,4.07,N
36.97208,41.58334,327.94,0.42,0.38,2026-08-22,2329,N,VIIRS,n,2.0NRT,296.7,4.07,N
37.00053,42.14194,325.86,0.44,0.38,2026-08-22,2329,N,VIIRS,n,2.0NRT,300.12,2.44,N
37.00399,42.14294,317.83,0.44,0.38,2026-08-22,2329,N,VIIRS,n,2.0NRT,299.5,1.21,N
37.00745,42.14394,310.57,0.44,0.38,2026-08-22,2329,N,VIIRS,n,2.0NRT,299.37,1.21,N
37.01125,41.58457,308.94,0.42,0.38,2026-08-22,2329,N,VIIRS,n,2.0NRT,296.07,1.18,N
37.07905,42.5564,319.33,0.45,0.39,2026-08-22,2329,N,VIIRS,n,2.0NRT,301.23,3.8,N
37.07949,42.55983,311.43,0.45,0.39,2026-08-22,2329,N,VIIRS,n,2.0NRT,300.91,3.16,N
37.13815,42.79221,309.91,0.46,0.39,2026-08-22,2329,N,VIIRS,n,2.0NRT,297.51,1.8,N
37.14964,40.33248,304.6,0.39,0.36,2026-08-22,2329,N,VIIRS,n,2.0NRT,294.59,0.27,N
37.16905,42.25747,320.36,0.44,0.38,2026-08-22,2329,N,VIIRS,n,2.0NRT,295.4,2.69,N
37.18739,36.89249,310.76,0.41,0.37,2026-08-22,2329,N,VIIRS,n,2.0NRT,294.95,0.98,N
37.19268,42.52305,313.58,0.45,0.39,2026-08-22,2329,N,VIIRS,n,2.0NRT,297.81,2.8,N
37.33733,40.80129,319.02,0.4,0.37,2026-08-22,2329,N,VIIRS,n,2.0NRT,298.33,2.31,N
37.3517,37.16278,313.08,0.4,0.37,2026-08-22,2329,N,VIIRS,n,2.0NRT,297.6,1.21,N
37.359,42.21654,312.91,0.44,0.38,2026-08-22,2329,N,VIIRS,n,2.0NRT,300.84,3.78,N
37.58943,38.93219,306.28,0.38,0.36,2026-08-22,2329,N,VIIRS,n,2.0NRT,293.18,0.58,N
37.68634,38.37226,322.73,0.39,0.36,2026-08-22,2329,N,VIIRS,n,2.0NRT,293.75,2.18,N
37.68701,38.36791,334.98,0.39,0.36,2026-08-22,2329,N,VIIRS,n,2.0NRT,293.06,2.18,N
37.6889,38.37137,329.1,0.39,0.36,2026-08-22,2329,N,VIIRS,n,2.0NRT,295.31,2.39,N
37.68955,38.36701,335.11,0.39,0.36,2026-08-22,2329,N,VIIRS,n,2.0NRT,295.65,2.39,N
37.6955,38.08507,315.07,0.39,0.36,2026-08-22,2329,N,VIIRS,n,2.0NRT,297.19,1.15,N
37.86369,29.37025,304.61,0.6,0.53,2026-08-22,2329,N,VIIRS,n,2.0NRT,289.11,1.24,N
37.89761,30.49238,301.48,0.52,0.5,2026-08-22,2329,N,VIIRS,n,2.0NRT,290.78,0.97,N
37.96309,40.37756,346.77,0.39,0.36,2026-08-22,2329,N,VIIRS,n,2.0NRT,298.29,10.51,N
37.9664,40.37844,346.54,0.39,0.36,2026-08-22,2329,N,VIIRS,n,2.0NRT,299.09,7.18,N
38.02766,40.19779,308.5,0.39,0.36,2026-08-22,2329,N,VIIRS,n,2.0NRT,293.24,1.04,N
38.1404,30.88891,321.61,0.5,0.49,2026-08-22,2329,N,VIIRS,n,2.0NRT,293.66,3.26,N
38.14113,30.88945,321.42,0.5,0.49,2026-08-22,2329,N,VIIRS,n,2.0NRT,294.05,3.05,N
38.21438,37.79762,296.53,0.39,0.37,2026-08-22,2329,N,VIIRS,n,2.0NRT,284.88,0.23,N
38.31973,37.02344,306.72,0.41,0.37,2026-08-22,2329,N,VIIRS,n,2.0NRT,287.74,0.62,N
38.32396,37.0436,297.87,0.41,0.37,2026-08-22,2329,N,VIIRS,n,2.0NRT,287.25,0.4,N
38.35437,36.94938,298.7,0.41,0.37,2026-08-22,2329,N,VIIRS,n,2.0NRT,285.5,0.32,N
38.36452,31.49111,302.28,0.46,0.47,2026-08-22,2329,N,VIIRS,n,2.0NRT,285.71,0.72,N
38.42783,27.21733,310.83,0.39,0.6,2026-08-22,2329,N,VIIRS,n,2.0NRT,295.66,1.18,N
38.74418,26.94884,309.32,0.41,0.61,2026-08-22,2329,N,VIIRS,n,2.0NRT,295.76,1.76,N
38.75054,26.93478,308.46,0.41,0.61,2026-08-22,2329,N,VIIRS,n,2.0NRT,294.07,1.48,N
38.95219,32.35474,300.83,0.43,0.46,2026-08-22,2329,N,VIIRS,n,2.0NRT,288.09,0.55,N
38.98078,33.17076,305.4,0.39,0.44,2026-08-22,2329,N,VIIRS,n,2.0NRT,285.44,0.79,N
39.09059,27.51207,306.99,0.39,0.59,2026-08-22,2329,N,VIIRS,n,2.0NRT,293.05,1.35,N
41.79767,26.70352,302.72,0.33,0.55,2026-08-23,105,N,VIIRS,n,2.0NRT,291.79,0.78,N
37.25564,30.44426,300.2,0.67,0.74,2026-08-23,107,N,VIIRS,n,2.0NRT,289.11,0.8,N
38.14021,30.88998,303.64,0.67,0.73,2026-08-23,107,N,VIIRS,n,2.0NRT,286.97,1.74,N
38.14291,30.88937,302.17,0.67,0.73,2026-08-23,107,N,VIIRS,n,2.0NRT,287.83,0.78,N
38.65738,30.61995,299.15,0.63,0.72,2026-08-23,107,N,VIIRS,n,2.0NRT,285.74,1.51,N
38.73601,26.94391,311.24,0.41,0.6,2026-08-23,107,N,VIIRS,n,2.0NRT,295.27,1.61,N
38.74005,26.95098,308.89,0.41,0.6,2026-08-23,107,N,VIIRS,n,2.0NRT,295.4,2.23,N
38.74134,26.94633,308.81,0.41,0.6,2026-08-23,107,N,VIIRS,n,2.0NRT,294.46,1.61,N
38.74663,26.94885,303.99,0.41,0.6,2026-08-23,107,N,VIIRS,n,2.0NRT,293.92,1.05,N
39.7462,30.19782,297.19,0.55,0.68,2026-08-23,107,N,VIIRS,n,2.0NRT,286.7,0.88,N
39.86486,26.2441,305.87,0.35,0.57,2026-08-23,107,N,VIIRS,n,2.0NRT,293.38,0.44,N
41.02017,28.55347,305.77,0.42,0.61,2026-08-23,107,N,VIIRS,n,2.0NRT,292.13,1.25,N
41.02121,28.55785,306.29,0.42,0.61,2026-08-23,107,N,VIIRS,n,2.0NRT,292.5,1.25,N
35.62692,44.00983,367.0,0.72,0.76,2026-08-23,907,N,VIIRS,h,2.0NRT,314.53,31.77,D
35.63021,43.97171,340.87,0.73,0.76,2026-08-23,907,N,VIIRS,n,2.0NRT,308.77,5.7,D
35.66358,43.96516,343.72,0.73,0.76,2026-08-23,907,N,VIIRS,n,2.0NRT,311.42,5.39,D
35.68115,43.87573,355.18,0.73,0.76,2026-08-23,907,N,VIIRS,n,2.0NRT,316.04,29.2,D
35.68791,43.87283,346.55,0.73,0.76,2026-08-23,907,N,VIIRS,n,2.0NRT,311.21,6.81,D
35.72437,44.03648,346.66,0.72,0.75,2026-08-23,907,N,VIIRS,n,2.0NRT,310.46,8.87,D
35.72675,44.03688,346.14,0.72,0.75,2026-08-23,907,N,VIIRS,n,2.0NRT,310.17,6.18,D
35.97945,43.76799,342.84,0.73,0.76,2026-08-23,907,N,VIIRS,n,2.0NRT,311.21,4.08,D
36.32485,43.29826,345.74,0.75,0.77,2026-08-23,907,N,VIIRS,n,2.0NRT,313.72,13.5,D
36.32764,43.29606,350.58,0.75,0.77,2026-08-23,907,N,VIIRS,n,2.0NRT,313.83,16.63,D
36.83223,42.91602,337.85,0.76,0.77,2026-08-23,907,N,VIIRS,n,2.0NRT,307.67,3.07,D
36.86723,43.48855,335.25,0.71,0.75,2026-08-23,907,N,VIIRS,n,2.0NRT,303.08,7.21,D
37.16589,42.69575,340.67,0.76,0.77,2026-08-23,907,N,VIIRS,n,2.0NRT,305.32,3.71,D
37.16927,42.69438,340.71,0.76,0.77,2026-08-23,907,N,VIIRS,n,2.0NRT,305.47,6.32,D
42.02817,44.0174,348.43,0.48,0.64,2026-08-23,909,N,VIIRS,n,2.0NRT,300.85,5.39,D
42.03035,44.01257,333.22,0.48,0.64,2026-08-23,909,N,VIIRS,n,2.0NRT,299.2,5.7,D
35.52966,44.33995,350.26,0.53,0.5,2026-08-23,1047,N,VIIRS,n,2.0NRT,318.53,8.62,D
35.72229,44.04143,356.2,0.51,0.49,2026-08-23,1047,N,VIIRS,n,2.0NRT,322.68,26.76,D
35.7734,43.99725,347.24,0.51,0.49,2026-08-23,1047,N,VIIRS,n,2.0NRT,322.02,21.36,D
36.40902,37.20901,346.26,0.4,0.37,2026-08-23,1047,N,VIIRS,n,2.0NRT,316.92,3.26,D
36.47861,39.59827,350.55,0.47,0.4,2026-08-23,1047,N,VIIRS,n,2.0NRT,324.11,6.24,D
36.5187,37.04984,341.09,0.4,0.37,2026-08-23,1047,N,VIIRS,n,2.0NRT,312.33,2.36,D
36.5208,37.0403,353.32,0.4,0.37,2026-08-23,1047,N,VIIRS,n,2.0NRT,316.73,6.1,D
36.52415,37.03957,345.16,0.4,0.37,2026-08-23,1047,N,VIIRS,n,2.0NRT,313.87,6.05,D
36.52478,37.04398,343.28,0.4,0.37,2026-08-23,1047,N,VIIRS,n,2.0NRT,315.91,20.77,D
36.62995,43.54611,348.56,0.49,0.48,2026-08-23,1047,N,VIIRS,n,2.0NRT,320.53,7.3,D
36.67079,37.23421,348.76,0.4,0.37,2026-08-23,1047,N,VIIRS,n,2.0NRT,316.22,5.57,D
36.7035,38.77355,349.23,0.44,0.38,2026-08-23,1047,N,VIIRS,n,2.0NRT,324.04,17.76,D
36.71369,40.54132,349.76,0.52,0.41,2026-08-23,1047,N,VIIRS,n,2.0NRT,320.19,6.75,D
36.72957,36.21227,344.17,0.39,0.36,2026-08-23,1047,N,VIIRS,n,2.0NRT,306.78,5.91,D
36.76056,39.84869,354.18,0.48,0.4,2026-08-23,1047,N,VIIRS,n,2.0NRT,328.65,10.36,D
36.76426,39.84806,351.17,0.48,0.4,2026-08-23,1047,N,VIIRS,n,2.0NRT,325.0,10.36,D
36.7755,43.3253,350.49,0.48,0.48,2026-08-23,1047,N,VIIRS,n,2.0NRT,319.41,9.68,D
36.86905,43.48963,346.18,0.49,0.48,2026-08-23,1047,N,VIIRS,n,2.0NRT,311.3,7.33,D
36.94086,42.17296,349.46,0.42,0.45,2026-08-23,1047,N,VIIRS,n,2.0NRT,320.78,5.2,D
36.98347,41.32011,349.13,0.57,0.43,2026-08-23,1047,N,VIIRS,n,2.0NRT,322.78,9.15,D
36.98746,41.31947,355.03,0.57,0.43,2026-08-23,1047,N,VIIRS,n,2.0NRT,322.02,9.15,D
37.03679,35.91441,337.6,0.39,0.36,2026-08-23,1047,N,VIIRS,n,2.0NRT,303.04,6.42,D
37.04009,35.91365,347.17,0.39,0.36,2026-08-23,1047,N,VIIRS,n,2.0NRT,301.87,6.42,D
37.04033,40.62389,348.53,0.53,0.42,2026-08-23,1047,N,VIIRS,n,2.0NRT,318.47,15.17,D
37.04803,40.62259,349.46,0.53,0.42,2026-08-23,1047,N,VIIRS,n,2.0NRT,319.25,20.12,D
37.10843,42.23633,352.48,0.42,0.45,2026-08-23,1047,N,VIIRS,n,2.0NRT,319.95,15.62,D
37.11263,42.23568,354.53,0.42,0.45,2026-08-23,1047,N,VIIRS,n,2.0NRT,329.11,15.62,D
37.13227,35.69234,341.28,0.38,0.36,2026-08-23,1047,N,VIIRS,n,2.0NRT,303.15,5.67,D
38.26625,37.10498,347.26,0.41,0.37,2026-08-23,1047,N,VIIRS,n,2.0NRT,314.15,6.21,D
38.31232,37.03292,353.67,0.41,0.37,2026-08-23,1047,N,VIIRS,n,2.0NRT,321.93,16.16,D
38.31633,37.03679,349.17,0.41,0.37,2026-08-23,1047,N,VIIRS,n,2.0NRT,318.79,16.16,D
38.63564,40.65396,351.58,0.55,0.43,2026-08-23,1047,N,VIIRS,n,2.0NRT,314.71,10.35,D
39.31094,35.41316,352.09,0.39,0.36,2026-08-23,1047,N,VIIRS,n,2.0NRT,322.78,25.74,D
39.31424,35.41235,355.9,0.39,0.36,2026-08-23,1047,N,VIIRS,n,2.0NRT,319.49,6.11,D
38.74661,26.9444,346.3,0.45,0.47,2026-08-23,1049,N,VIIRS,n,2.0NRT,317.44,10.23,D
39.91368,32.77537,346.05,0.4,0.37,2026-08-23,1049,N,VIIRS,n,2.0NRT,310.09,3.79,D
39.95584,32.77778,339.68,0.4,0.37,2026-08-23,1049,N,VIIRS,n,2.0NRT,309.57,2.56,D
40.0798,32.80264,354.08,0.39,0.37,2026-08-23,1049,N,VIIRS,n,2.0NRT,314.42,9.18,D
40.73322,35.64957,339.38,0.39,0.36,2026-08-23,1049,N,VIIRS,n,2.0NRT,310.86,2.38,D
40.80877,32.92697,347.08,0.39,0.36,2026-08-23,1049,N,VIIRS,n,2.0NRT,312.86,4.74,D
40.86931,29.52543,336.77,0.48,0.4,2026-08-23,1049,N,VIIRS,n,2.0NRT,309.25,5.77,D
40.87062,29.45411,339.92,0.48,0.4,2026-08-23,1049,N,VIIRS,n,2.0NRT,310.71,6.03,D
40.8729,29.5242,337.23,0.48,0.4,2026-08-23,1049,N,VIIRS,n,2.0NRT,308.18,3.93,D
41.24182,36.46362,343.64,0.41,0.37,2026-08-23,1049,N,VIIRS,n,2.0NRT,310.61,8.87,D
41.88197,25.71235,332.71,0.44,0.46,2026-08-23,1049,N,VIIRS,n,2.0NRT,304.32,10.98,D
41.88314,25.71747,343.28,0.44,0.46,2026-08-23,1049,N,VIIRS,n,2.0NRT,305.27,15.81,D
41.88604,25.71037,348.91,0.44,0.46,2026-08-23,1049,N,VIIRS,n,2.0NRT,308.97,10.04,D
41.88721,25.71553,346.55,0.44,0.46,2026-08-23,1049,N,VIIRS,n,2.0NRT,308.58,10.82,D
41.89013,25.70849,336.01,0.44,0.46,2026-08-23,1049,N,VIIRS,n,2.0NRT,304.72,10.04,D
41.8913,25.71366,335.4,0.44,0.46,2026-08-23,1049,N,VIIRS,n,2.0NRT,304.04,10.82,D
41.87041,25.69325,353.14,0.67,0.74,2026-08-23,1229,N,VIIRS,n,2.0NRT,296.45,15.38,D
41.87045,25.7011,351.4,0.68,0.74,2026-08-23,1229,N,VIIRS,n,2.0NRT,297.53,24.76,D
41.8774,25.70147,340.91,0.68,0.74,2026-08-23,1229,N,VIIRS,n,2.0NRT,296.65,9.95,D
41.87745,25.70995,346.6,0.68,0.74,2026-08-23,1229,N,VIIRS,n,2.0NRT,298.16,9.95,D
41.88344,25.71168,331.02,0.68,0.74,2026-08-23,1229,N,VIIRS,n,2.0NRT,297.42,6.18,D
42.05588,25.89139,347.86,0.69,0.74,2026-08-23,1229,N,VIIRS,n,2.0NRT,295.08,20.98,D
42.06286,25.88272,367.0,0.69,0.74,2026-08-23,1229,N,VIIRS,h,2.0NRT,295.56,20.98,D
42.06288,25.89123,367.0,0.69,0.74,2026-08-23,1229,N,VIIRS,h,2.0NRT,298.71,20.98,D
35.51056,44.37584,309.92,0.39,0.36,2026-08-23,2307,N,VIIRS,n,2.0NRT,298.4,1.77,N
35.5262,44.34423,317.58,0.39,0.36,2026-08-23,2307,N,VIIRS,n,2.0NRT,297.22,1.83,N
35.52692,44.33997,307.7,0.39,0.36,2026-08-23,2307,N,VIIRS,n,2.0NRT,296.98,1.38,N
35.53022,44.3408,338.5,0.39,0.36,2026-08-23,2307,N,VIIRS,n,2.0NRT,298.66,3.14,N
35.53424,44.33736,324.58,0.39,0.36,2026-08-23,2307,N,VIIRS,n,2.0NRT,298.32,3.14,N
35.56559,44.28551,336.95,0.39,0.36,2026-08-23,2307,N,VIIRS,n,2.0NRT,300.12,4.0,N
35.62875,44.00964,330.39,0.39,0.36,2026-08-23,2307,N,VIIRS,n,2.0NRT,316.02,25.15,N
35.62945,44.0054,310.97,0.39,0.36,2026-08-23,2307,N,VIIRS,n,2.0NRT,299.52,25.15,N
35.66018,43.96453,311.67,0.39,0.36,2026-08-23,2307,N,VIIRS,n,2.0NRT,300.05,3.36,N
35.66348,43.96534,333.47,0.39,0.36,2026-08-23,2307,N,VIIRS,n,2.0NRT,303.85,3.36,N
35.67776,44.06588,328.47,0.39,0.36,2026-08-23,2307,N,VIIRS,n,2.0NRT,299.99,1.59,N
35.67846,44.06164,310.36,0.39,0.36,2026-08-23,2307,N,VIIRS,n,2.0NRT,298.59,1.59,N
35.68462,43.87819,329.68,0.39,0.36,2026-08-23,2307,N,VIIRS,n,2.0NRT,322.35,46.95,N
35.68532,43.87397,325.78,0.39,0.36,2026-08-23,2307,N,VIIRS,n,2.0NRT,301.17,23.13,N
35.68774,43.7122,329.68,0.39,0.36,2026-08-23,2307,N,VIIRS,n,2.0NRT,303.7,5.71,N
35.68791,43.879,314.09,0.39,0.36,2026-08-23,2307,N,VIIRS,n,2.0NRT,300.93,1.38,N
35.69103,43.713,351.08,0.39,0.36,2026-08-23,2307,N,VIIRS,n,2.0NRT,308.45,5.71,N
35.6924,43.70457,345.63,0.39,0.36,2026-08-23,2307,N,VIIRS,n,2.0NRT,305.55,6.83,N
35.69432,43.71379,333.48,0.39,0.36,2026-08-23,2307,N,VIIRS,n,2.0NRT,305.45,4.23,N
35.69501,43.70958,330.97,0.39,0.36,2026-08-23,2307,N,VIIRS,n,2.0NRT,305.81,3.35,N
35.69569,43.70537,318.54,0.39,0.36,2026-08-23,2307,N,VIIRS,n,2.0NRT,303.95,3.35,N
35.6983,43.71038,342.82,0.39,0.36,2026-08-23,2307,N,VIIRS,n,2.0NRT,306.95,3.35,N
35.69842,43.68851,313.01,0.39,0.36,2026-08-23,2307,N,VIIRS,n,2.0NRT,302.17,1.11,N
35.69898,43.70616,331.3,0.39,0.36,2026-08-23,2307,N,VIIRS,n,2.0NRT,305.03,3.35,N
35.70171,43.68931,320.92,0.39,0.36,2026-08-23,2307,N,VIIRS,n,2.0NRT,303.64,1.11,N
35.70227,43.70696,324.46,0.39,0.36,2026-08-23,2307,N,VIIRS,n,2.0NRT,304.46,2.64,N
35.70295,43.70274,315.87,0.39,0.36,2026-08-23,2307,N,VIIRS,n,2.0NRT,303.77,2.12,N
35.70568,43.68589,322.31,0.39,0.36,2026-08-23,2307,N,VIIRS,n,2.0NRT,303.22,1.58,N
35.70624,43.70354,326.54,0.39,0.36,2026-08-23,2307,N,VIIRS,n,2.0NRT,304.31,2.12,N
35.70636,43.68168,319.35,0.38,0.36,2026-08-23,2307,N,VIIRS,n,2.0NRT,303.27,1.58,N
35.70897,43.68669,320.39,0.39,0.36,2026-08-23,2307,N,VIIRS,n,2.0NRT,303.43,1.58,N
35.70953,43.70433,330.44,0.39,0.36,2026-08-23,2307,N,VIIRS,n,2.0NRT,304.75,3.69,N
35.70965,43.68247,335.98,0.38,0.36,2026-08-23,2307,N,VIIRS,n,2.0NRT,304.48,1.58,N
35.71021,43.70012,335.25,0.39,0.36,2026-08-23,2307,N,VIIRS,n,2.0NRT,305.35,3.69,N
35.71238,43.66562,313.72,0.38,0.36,2026-08-23,2307,N,VIIRS,n,2.0NRT,302.37,1.52,N
35.71282,43.7051,346.74,0.39,0.36,2026-08-23,2307,N,VIIRS,n,2.0NRT,306.47,3.69,N
35.71294,43.68327,331.26,0.38,0.36,2026-08-23,2307,N,VIIRS,n,2.0NRT,303.86,2.46,N
35.7135,43.7009,328.54,0.39,0.36,2026-08-23,2307,N,VIIRS,n,2.0NRT,304.57,3.69,N
35.71611,43.70585,339.87,0.39,0.36,2026-08-23,2307,N,VIIRS,n,2.0NRT,307.27,4.03,N
35.71679,43.70166,318.7,0.39,0.36,2026-08-23,2307,N,VIIRS,n,2.0NRT,304.63,4.03,N
35.71996,44.03477,310.65,0.39,0.36,2026-08-23,2307,N,VIIRS,n,2.0NRT,299.26,2.05,N
35.72256,44.03982,327.94,0.39,0.36,2026-08-23,2307,N,VIIRS,n,2.0NRT,300.24,12.67,N
35.72553,43.66878,316.29,0.38,0.36,2026-08-23,2307,N,VIIRS,n,2.0NRT,303.17,1.61,N
35.72585,44.04062,337.43,0.39,0.36,2026-08-23,2307,N,VIIRS,n,2.0NRT,307.46,12.67,N
35.72725,44.03216,311.2,0.39,0.36,2026-08-23,2307,N,VIIRS,n,2.0NRT,298.94,2.42,N
35.73055,44.03296,333.25,0.39,0.36,2026-08-23,2307,N,VIIRS,n,2.0NRT,301.24,4.67,N
35.77116,43.9945,329.87,0.39,0.36,2026-08-23,2307,N,VIIRS,n,2.0NRT,299.11,2.34,N
35.77446,43.9953,327.69,0.39,0.36,2026-08-23,2307,N,VIIRS,n,2.0NRT,301.05,2.34,N
35.78893,43.25105,318.31,0.38,0.36,2026-08-23,2307,N,VIIRS,n,2.0NRT,302.0,1.52,N
35.82098,43.32867,320.34,0.38,0.36,2026-08-23,2307,N,VIIRS,n,2.0NRT,299.21,2.11,N
35.82424,43.32769,310.67,0.38,0.36,2026-08-23,2307,N,VIIRS,n,2.0NRT,297.74,1.25,N
35.95376,43.72954,313.46,0.38,0.36,2026-08-23,2307,N,VIIRS,n,2.0NRT,299.65,2.54,N
35.96801,43.76817,313.02,0.39,0.36,2026-08-23,2307,N,VIIRS,n,2.0NRT,301.25,3.1,N
35.9687,43.76395,324.48,0.39,0.36,2026-08-23,2307,N,VIIRS,n,2.0NRT,301.02,4.22,N
35.97187,43.7637,311.2,0.38,0.36,2026-08-23,2307,N,VIIRS,n,2.0NRT,300.45,2.6,N
35.97378,43.77298,317.56,0.39,0.36,2026-08-23,2307,N,VIIRS,n,2.0NRT,301.32,3.15,N
35.97633,43.69554,308.35,0.38,0.36,2026-08-23,2307,N,VIIRS,n,2.0NRT,298.03,1.41,N
35.98104,43.77037,343.27,0.38,0.36,2026-08-23,2307,N,VIIRS,n,2.0NRT,306.16,7.1,N
35.99953,43.76172,336.29,0.38,0.36,2026-08-23,2307,N,VIIRS,n,2.0NRT,303.18,4.76,N
36.00762,43.92219,310.31,0.39,0.36,2026-08-23,2307,N,VIIRS,n,2.0NRT,299.3,2.01,N
36.01908,43.683,327.41,0.38,0.36,2026-08-23,2307,N,VIIRS,n,2.0NRT,300.18,2.72,N
36.09896,43.63219,311.88,0.38,0.36,2026-08-23,2307,N,VIIRS,n,2.0NRT,297.15,0.98,N
36.12536,43.7819,314.64,0.38,0.36,2026-08-23,2307,N,VIIRS,n,2.0NRT,297.62,2.38,N
36.18238,44.14301,311.8,0.39,0.36,2026-08-23,2307,N,VIIRS,n,2.0NRT,296.44,0.72,N
36.1985,43.49626,344.67,0.38,0.36,2026-08-23,2307,N,VIIRS,n,2.0NRT,302.26,6.3,N
36.19917,43.49203,357.14,0.38,0.36,2026-08-23,2307,N,VIIRS,n,2.0NRT,302.33,4.45,N
36.19985,43.48779,313.67,0.38,0.36,2026-08-23,2307,N,VIIRS,n,2.0NRT,298.75,4.45,N
36.20246,43.49282,342.79,0.38,0.36,2026-08-23,2307,N,VIIRS,n,2.0NRT,301.63,4.45,N
36.20313,43.48859,338.71,0.38,0.36,2026-08-23,2307,N,VIIRS,n,2.0NRT,300.51,4.45,N
36.20642,43.48938,311.77,0.38,0.36,2026-08-23,2307,N,VIIRS,n,2.0NRT,298.89,0.88,N
36.25771,44.38616,312.53,0.39,0.36,2026-08-23,2307,N,VIIRS,n,2.0NRT,296.38,1.4,N
36.26582,33.72712,306.22,0.6,0.53,2026-08-23,2307,N,VIIRS,n,2.0NRT,293.46,2.07,N
36.33918,43.31728,311.0,0.38,0.36,2026-08-23,2307,N,VIIRS,n,2.0NRT,298.02,0.43,N
36.34246,43.31807,313.56,0.38,0.36,2026-08-23,2307,N,VIIRS,n,2.0NRT,299.02,0.72,N
36.35558,43.61867,311.55,0.38,0.36,2026-08-23,2307,N,VIIRS,n,2.0NRT,300.92,1.14,N
36.44297,42.92969,312.82,0.39,0.36,2026-08-23,2307,N,VIIRS,n,2.0NRT,300.92,0.82,N
36.74903,43.49769,310.4,0.38,0.36,2026-08-23,2307,N,VIIRS,n,2.0NRT,299.46,1.84,N
36.75015,41.42457,317.94,0.41,0.37,2026-08-23,2307,N,VIIRS,n,2.0NRT,293.97,1.03,N
36.77577,43.32721,312.69,0.38,0.36,2026-08-23,2307,N,VIIRS,n,2.0NRT,300.85,4.23,N
36.77644,43.32294,332.42,0.38,0.36,2026-08-23,2307,N,VIIRS,n,2.0NRT,302.7,5.28,N
36.8093,39.6504,302.85,0.46,0.39,2026-08-23,2307,N,VIIRS,n,2.0NRT,291.13,0.46,N
36.82464,40.266,303.98,0.44,0.38,2026-08-23,2307,N,VIIRS,n,2.0NRT,290.75,0.99,N
36.83006,40.2519,316.87,0.44,0.38,2026-08-23,2307,N,VIIRS,n,2.0NRT,290.88,1.31,N
36.86182,41.84404,306.52,0.4,0.37,2026-08-23,2307,N,VIIRS,n,2.0NRT,295.58,0.67,N
36.86897,43.48953,319.98,0.38,0.36,2026-08-23,2307,N,VIIRS,n,2.0NRT,298.95,2.28,N
36.88725,31.08113,305.89,0.43,0.62,2026-08-23,2307,N,VIIRS,n,2.0NRT,290.46,1.5,N
36.89212,43.42879,322.94,0.38,0.36,2026-08-23,2307,N,VIIRS,n,2.0NRT,295.47,2.15,N
36.89793,38.74594,309.55,0.51,0.41,2026-08-23,2307,N,VIIRS,n,2.0NRT,296.17,1.56,N
36.90189,40.25618,304.96,0.44,0.38,2026-08-23,2307,N,VIIRS,n,2.0NRT,291.28,0.59,N
36.91447,41.89486,309.6,0.4,0.37,2026-08-23,2307,N,VIIRS,n,2.0NRT,295.84,0.93,N
36.93209,41.4457,308.24,0.41,0.37,2026-08-23,2307,N,VIIRS,n,2.0NRT,294.87,1.23,N
36.94033,42.17065,309.86,0.39,0.37,2026-08-23,2307,N,VIIRS,n,2.0NRT,297.01,1.35,N
36.94367,42.17141,323.13,0.39,0.37,2026-08-23,2307,N,VIIRS,n,2.0NRT,298.69,2.4,N
36.94611,42.13104,331.42,0.4,0.37,2026-08-23,2307,N,VIIRS,n,2.0NRT,298.94,3.57,N
36.94787,42.7789,309.44,0.39,0.36,2026-08-23,2307,N,VIIRS,n,2.0NRT,297.33,1.33,N
36.94944,42.13179,311.75,0.4,0.37,2026-08-23,2307,N,VIIRS,n,2.0NRT,298.19,1.25,N
36.95071,41.4873,310.95,0.41,0.37,2026-08-23,2307,N,VIIRS,n,2.0NRT,295.0,0.99,N
36.96386,42.0802,315.65,0.4,0.37,2026-08-23,2307,N,VIIRS,n,2.0NRT,295.31,1.41,N
36.97163,40.73914,303.48,0.43,0.38,2026-08-23,2307,N,VIIRS,n,2.0NRT,292.23,0.42,N
37.02924,41.11745,309.8,0.42,0.37,2026-08-23,2307,N,VIIRS,n,2.0NRT,296.19,1.8,N
37.02987,41.11279,326.58,0.42,0.37,2026-08-23,2307,N,VIIRS,n,2.0NRT,296.69,1.8,N
37.0305,41.10812,327.33,0.42,0.37,2026-08-23,2307,N,VIIRS,n,2.0NRT,296.37,2.24,N
37.04344,40.98545,342.34,0.42,0.38,2026-08-23,2307,N,VIIRS,n,2.0NRT,299.52,6.55,N
37.04407,40.98074,326.21,0.42,0.38,2026-08-23,2307,N,VIIRS,n,2.0NRT,293.63,6.55,N
37.07961,42.55638,311.35,0.39,0.36,2026-08-23,2307,N,VIIRS,n,2.0NRT,299.02,2.09,N
37.13874,42.79351,308.29,0.39,0.36,2026-08-23,2307,N,VIIRS,n,2.0NRT,296.89,1.29,N
37.29367,37.15686,309.41,0.41,0.45,2026-08-23,2307,N,VIIRS,n,2.0NRT,296.14,0.98,N
37.33689,40.80262,310.1,0.43,0.38,2026-08-23,2307,N,VIIRS,n,2.0NRT,295.27,1.47,N
37.35174,37.16144,312.76,0.41,0.45,2026-08-23,2307,N,VIIRS,n,2.0NRT,296.73,1.22,N
37.47575,39.34653,312.33,0.48,0.4,2026-08-23,2307,N,VIIRS,n,2.0NRT,292.63,0.75,N
37.75534,40.29567,308.4,0.45,0.39,2026-08-23,2307,N,VIIRS,n,2.0NRT,292.68,0.92,N
38.13858,30.89136,301.21,0.45,0.63,2026-08-23,2307,N,VIIRS,n,2.0NRT,289.76,1.25,N
38.14314,30.88806,308.6,0.45,0.63,2026-08-23,2307,N,VIIRS,n,2.0NRT,292.2,1.69,N
38.38562,42.32714,315.55,0.4,0.37,2026-08-23,2307,N,VIIRS,n,2.0NRT,287.38,1.21,N
38.38628,42.32246,307.77,0.4,0.37,2026-08-23,2307,N,VIIRS,n,2.0NRT,286.86,1.21,N
38.47021,31.48893,345.76,0.42,0.61,2026-08-23,2307,N,VIIRS,n,2.0NRT,288.57,5.36,N
38.47045,31.48397,367.0,0.42,0.61,2026-08-23,2307,N,VIIRS,h,2.0NRT,288.76,9.49,N
38.47592,31.4894,296.66,0.42,0.61,2026-08-23,2307,N,VIIRS,n,2.0NRT,285.37,5.36,N
38.47616,31.48444,346.6,0.42,0.61,2026-08-23,2307,N,VIIRS,n,2.0NRT,287.92,9.49,N
38.60877,36.28161,296.64,0.47,0.47,2026-08-23,2307,N,VIIRS,n,2.0NRT,284.5,0.94,N
38.66116,30.6173,299.95,0.47,0.64,2026-08-23,2307,N,VIIRS,n,2.0NRT,287.8,0.5,N
38.70462,32.56445,298.19,0.37,0.58,2026-08-23,2307,N,VIIRS,n,2.0NRT,287.18,0.64,N
38.74468,26.94923,305.45,0.74,0.76,2026-08-23,2307,N,VIIRS,n,2.0NRT,294.2,1.69,N
38.85654,39.69657,311.69,0.48,0.4,2026-08-23,2307,N,VIIRS,n,2.0NRT,292.78,2.83,N
38.85754,35.7668,300.55,0.5,0.49,2026-08-23,2307,N,VIIRS,n,2.0NRT,289.73,1.21,N
38.8622,32.4327,311.39,0.38,0.59,2026-08-23,2307,N,VIIRS,n,2.0NRT,283.04,1.25,N
38.86763,32.43337,317.92,0.38,0.59,2026-08-23,2307,N,VIIRS,n,2.0NRT,285.8,1.25,N
38.86789,32.42891,295.77,0.38,0.59,2026-08-23,2307,N,VIIRS,n,2.0NRT,284.8,1.25,N
38.87983,32.10897,309.99,0.39,0.6,2026-08-23,2307,N,VIIRS,n,2.0NRT,286.63,1.09,N
38.88537,32.1095,299.07,0.39,0.6,2026-08-23,2307,N,VIIRS,n,2.0NRT,287.28,1.09,N
38.88563,32.10461,309.92,0.39,0.6,2026-08-23,2307,N,VIIRS,n,2.0NRT,286.93,2.03,N
38.97129,41.25546,306.32,0.43,0.38,2026-08-23,2307,N,VIIRS,n,2.0NRT,290.73,0.58,N
39.09314,27.51033,303.84,0.69,0.74,2026-08-23,2307,N,VIIRS,n,2.0NRT,292.51,1.22,N
39.09486,27.51283,303.71,0.69,0.74,2026-08-23,2307,N,VIIRS,n,2.0NRT,292.32,1.18,N
39.24213,42.82642,303.11,0.4,0.37,2026-08-23,2307,N,VIIRS,n,2.0NRT,287.99,0.55,N
39.26699,33.6255,303.55,0.33,0.55,2026-08-23,2307,N,VIIRS,n,2.0NRT,289.99,2.96,N
39.26726,33.6215,325.43,0.33,0.55,2026-08-23,2307,N,VIIRS,n,2.0NRT,290.6,2.96,N
39.26754,33.61743,367.0,0.33,0.55,2026-08-23,2307,N,VIIRS,h,2.0NRT,290.65,11.92,N
39.26781,32.77148,298.56,0.36,0.58,2026-08-23,2307,N,VIIRS,n,2.0NRT,287.29,0.38,N
39.26782,33.61328,367.0,0.33,0.55,2026-08-23,2307,N,VIIRS,h,2.0NRT,291.53,11.92,N
39.2681,33.60908,303.05,0.33,0.55,2026-08-23,2307,N,VIIRS,n,2.0NRT,290.05,7.18,N
39.26944,33.62487,356.32,0.33,0.55,2026-08-23,2307,N,VIIRS,n,2.0NRT,292.56,15.7,N
39.2697,33.6208,353.77,0.33,0.55,2026-08-23,2307,N,VIIRS,n,2.0NRT,294.24,15.7,N
39.26995,33.61663,339.47,0.33,0.55,2026-08-23,2307,N,VIIRS,n,2.0NRT,300.64,44.66,N
39.27021,33.61243,367.0,0.33,0.55,2026-08-23,2307,N,VIIRS,h,2.0NRT,300.17,44.66,N
39.27047,33.6082,304.27,0.33,0.55,2026-08-23,2307,N,VIIRS,n,2.0NRT,290.23,13.81,N
39.27405,33.63374,344.23,0.33,0.55,2026-08-23,2307,N,VIIRS,n,2.0NRT,290.73,38.21,N
39.2743,33.62968,348.38,0.33,0.55,2026-08-23,2307,N,VIIRS,n,2.0NRT,291.37,38.21,N
39.27456,33.6256,367.0,0.33,0.55,2026-08-23,2307,N,VIIRS,h,2.0NRT,292.05,42.51,N
39.27481,33.62149,339.21,0.33,0.55,2026-08-23,2307,N,VIIRS,n,2.0NRT,293.26,42.51,N
39.27507,33.61734,367.0,0.33,0.55,2026-08-23,2307,N,VIIRS,h,2.0NRT,293.41,3.52,N
39.27533,33.61316,308.97,0.33,0.55,2026-08-23,2307,N,VIIRS,n,2.0NRT,290.19,3.52,N
39.27916,33.6346,314.68,0.33,0.55,2026-08-23,2307,N,VIIRS,n,2.0NRT,289.26,38.21,N
39.27967,33.62635,367.0,0.33,0.55,2026-08-23,2307,N,VIIRS,h,2.0NRT,315.88,42.51,N
39.27993,33.6222,318.99,0.33,0.55,2026-08-23,2307,N,VIIRS,n,2.0NRT,290.2,42.51,N
39.28018,33.61807,303.42,0.33,0.55,2026-08-23,2307,N,VIIRS,n,2.0NRT,289.52,3.52,N
39.28451,33.63136,300.02,0.33,0.55,2026-08-23,2307,N,VIIRS,n,2.0NRT,288.61,0.69,N
39.32933,34.93578,302.93,0.56,0.51,2026-08-23,2307,N,VIIRS,n,2.0NRT,286.7,1.19,N
39.3341,34.93641,304.86,0.56,0.51,2026-08-23,2307,N,VIIRS,n,2.0NRT,287.21,1.19,N
39.33886,34.93704,301.51,0.56,0.51,2026-08-23,2307,N,VIIRS,n,2.0NRT,287.5,0.72,N
39.48439,30.04141,299.7,0.51,0.66,2026-08-23,2307,N,VIIRS,n,2.0NRT,286.55,0.74,N
39.51832,33.59087,316.11,0.33,0.55,2026-08-23,2307,N,VIIRS,n,2.0NRT,290.03,45.69,N
39.51856,33.58705,333.86,0.33,0.55,2026-08-23,2307,N,VIIRS,n,2.0NRT,290.82,43.45,N
39.51881,33.58318,301.26,0.33,0.55,2026-08-23,2307,N,VIIRS,n,2.0NRT,290.29,43.45,N
39.5225,33.60662,316.55,0.33,0.55,2026-08-23,2307,N,VIIRS,n,2.0NRT,290.32,4.94,N
39.52274,33.60292,367.0,0.33,0.55,2026-08-23,2307,N,VIIRS,h,2.0NRT,295.08,7.63,N
39.52297,33.59926,304.75,0.33,0.55,2026-08-23,2307,N,VIIRS,n,2.0NRT,289.99,7.63,N
39.52321,33.59557,336.34,0.33,0.55,2026-08-23,2307,N,VIIRS,n,2.0NRT,290.55,45.69,N
39.52368,33.58804,343.17,0.33,0.55,2026-08-23,2307,N,VIIRS,n,2.0NRT,319.74,43.45,N
39.52393,33.58417,367.0,0.33,0.55,2026-08-23,2307,N,VIIRS,h,2.0NRT,297.5,43.45,N
39.52417,33.58028,307.43,0.33,0.55,2026-08-23,2307,N,VIIRS,n,2.0NRT,290.1,10.94,N
39.52786,33.60379,304.21,0.33,0.55,2026-08-23,2307,N,VIIRS,n,2.0NRT,290.33,4.34,N
39.5281,33.60013,305.95,0.33,0.55,2026-08-23,2307,N,VIIRS,n,2.0NRT,290.58,4.34,N
39.52833,33.59647,355.36,0.33,0.55,2026-08-23,2307,N,VIIRS,n,2.0NRT,297.57,42.8,N
39.5288,33.589,343.77,0.33,0.55,2026-08-23,2307,N,VIIRS,n,2.0NRT,311.87,39.19,N
39.52905,33.58517,367.0,0.33,0.55,2026-08-23,2307,N,VIIRS,h,2.0NRT,294.13,39.19,N
39.52929,33.58129,304.95,0.33,0.55,2026-08-23,2307,N,VIIRS,n,2.0NRT,289.5,7.85,N
39.53345,33.59732,347.93,0.33,0.55,2026-08-23,2307,N,VIIRS,n,2.0NRT,291.76,42.8,N
39.53368,33.59366,367.0,0.33,0.55,2026-08-23,2307,N,VIIRS,h,2.0NRT,296.68,42.8,N
39.53392,33.58998,367.0,0.33,0.55,2026-08-23,2307,N,VIIRS,h,2.0NRT,293.41,39.19,N
39.53416,33.58622,312.13,0.33,0.55,2026-08-23,2307,N,VIIRS,n,2.0NRT,289.61,39.19,N
39.59688,32.4206,299.54,0.38,0.59,2026-08-23,2307,N,VIIRS,n,2.0NRT,289.43,0.83,N
39.72295,36.93747,302.21,0.44,0.46,2026-08-23,2307,N,VIIRS,n,2.0NRT,289.69,1.63,N
39.83652,30.29986,306.68,0.5,0.66,2026-08-23,2307,N,VIIRS,n,2.0NRT,288.69,1.32,N
39.83673,30.2992,307.34,0.5,0.66,2026-08-23,2307,N,VIIRS,n,2.0NRT,289.29,1.26,N
39.94697,33.1925,304.88,0.35,0.57,2026-08-23,2307,N,VIIRS,n,2.0NRT,290.59,0.88,N
39.96045,33.14257,298.93,0.35,0.57,2026-08-23,2307,N,VIIRS,n,2.0NRT,288.34,0.7,N
40.04773,32.64824,299.27,0.38,0.58,2026-08-23,2307,N,VIIRS,n,2.0NRT,289.23,0.96,N
40.04799,32.64896,306.3,0.38,0.58,2026-08-23,2307,N,VIIRS,n,2.0NRT,290.7,0.98,N
40.18717,29.2241,304.52,0.57,0.69,2026-08-23,2307,N,VIIRS,n,2.0NRT,291.9,0.91,N
40.26081,30.04191,300.35,0.52,0.67,2026-08-23,2307,N,VIIRS,n,2.0NRT,290.18,0.6,N
40.76042,29.35976,301.14,0.56,0.69,2026-08-23,2307,N,VIIRS,n,2.0NRT,290.79,0.95,N
40.79883,29.37543,302.48,0.56,0.69,2026-08-23,2307,N,VIIRS,n,2.0NRT,291.72,0.95,N
40.93493,35.88316,298.36,0.52,0.5,2026-08-23,2307,N,VIIRS,n,2.0NRT,285.65,0.42,N
41.02271,28.55358,301.43,0.62,0.72,2026-08-23,2307,N,VIIRS,n,2.0NRT,289.66,1.37,N
41.17828,32.63601,309.1,0.38,0.59,2026-08-23,2307,N,VIIRS,n,2.0NRT,291.6,1.41,N
41.19024,32.61797,306.66,0.38,0.59,2026-08-23,2307,N,VIIRS,n,2.0NRT,289.19,1.24,N
41.24304,36.46259,342.03,0.49,0.48,2026-08-23,2307,N,VIIRS,n,2.0NRT,292.65,7.32,N
41.2612,31.43082,305.04,0.44,0.63,2026-08-23,2307,N,VIIRS,n,2.0NRT,290.83,1.5,N
41.26141,31.42523,309.1,0.44,0.63,2026-08-23,2307,N,VIIRS,n,2.0NRT,292.08,1.5,N
41.2622,31.43011,313.95,0.44,0.63,2026-08-23,2307,N,VIIRS,n,2.0NRT,291.65,2.24,N
41.26242,31.42455,306.61,0.44,0.63,2026-08-23,2307,N,VIIRS,n,2.0NRT,292.39,2.92,N
41.26726,31.4257,303.27,0.44,0.63,2026-08-23,2307,N,VIIRS,n,2.0NRT,292.43,1.13,N
38.13923,30.88721,298.37,0.38,0.59,2026-08-24,48,N,VIIRS,n,2.0NRT,287.85,0.85,N
38.14463,30.88875,306.01,0.38,0.59,2026-08-24,48,N,VIIRS,n,2.0NRT,291.85,0.85,N
38.66029,30.62054,303.99,0.36,0.57,2026-08-24,48,N,VIIRS,n,2.0NRT,287.07,0.59,N
38.8784,32.1111,297.35,0.42,0.61,2026-08-24,48,N,VIIRS,n,2.0NRT,284.49,0.44,N
38.87967,32.10656,302.17,0.42,0.61,2026-08-24,48,N,VIIRS,n,2.0NRT,284.0,0.44,N
38.88509,32.10898,300.67,0.42,0.61,2026-08-24,48,N,VIIRS,n,2.0NRT,285.42,1.08,N
38.88828,32.10647,296.69,0.42,0.61,2026-08-24,48,N,VIIRS,n,2.0NRT,284.21,0.59,N
39.09039,27.51202,303.73,0.49,0.49,2026-08-24,48,N,VIIRS,n,2.0NRT,292.95,0.66,N
39.09278,27.5142,312.06,0.49,0.49,2026-08-24,48,N,VIIRS,n,2.0NRT,294.08,2.35,N
39.11435,27.52288,303.0,0.49,0.49,2026-08-24,48,N,VIIRS,n,2.0NRT,292.07,1.04,N
39.27577,33.62054,300.27,0.49,0.65,2026-08-24,48,N,VIIRS,n,2.0NRT,288.28,1.92,N
39.27696,33.63844,301.83,0.49,0.65,2026-08-24,48,N,VIIRS,n,2.0NRT,287.25,3.04,N
39.27852,33.63322,348.31,0.49,0.65,2026-08-24,48,N,VIIRS,n,2.0NRT,289.14,5.02,N
39.28005,33.62807,306.8,0.49,0.65,2026-08-24,48,N,VIIRS,n,2.0NRT,287.73,5.02,N
39.28439,33.63545,325.49,0.49,0.65,2026-08-24,48,N,VIIRS,n,2.0NRT,289.42,3.24,N
39.33165,34.9392,298.79,0.57,0.69,2026-08-24,48,N,VIIRS,n,2.0NRT,285.23,1.23,N
39.33355,34.93296,303.93,0.57,0.69,2026-08-24,48,N,VIIRS,n,2.0NRT,285.78,1.86,N
39.33607,34.93341,302.02,0.57,0.69,2026-08-24,48,N,VIIRS,n,2.0NRT,285.69,2.22,N
39.48738,30.04059,300.12,0.32,0.55,2026-08-24,48,N,VIIRS,n,2.0NRT,286.36,0.67,N
39.51283,33.58487,307.55,0.48,0.65,2026-08-24,48,N,VIIRS,n,2.0NRT,287.88,3.21,N
39.51453,33.57916,298.86,0.48,0.65,2026-08-24,48,N,VIIRS,n,2.0NRT,287.59,2.14,N
39.5152,33.59873,298.33,0.48,0.65,2026-08-24,48,N,VIIRS,n,2.0NRT,288.15,1.14,N
39.51692,33.59292,322.88,0.48,0.65,2026-08-24,48,N,VIIRS,n,2.0NRT,288.37,3.21,N
39.51862,33.58718,322.69,0.48,0.65,2026-08-24,48,N,VIIRS,n,2.0NRT,288.79,3.21,N
39.52029,33.58158,310.17,0.48,0.65,2026-08-24,48,N,VIIRS,n,2.0NRT,288.42,2.14,N
39.52094,33.60125,334.02,0.48,0.65,2026-08-24,48,N,VIIRS,n,2.0NRT,289.09,8.2,N
39.52271,33.59526,342.09,0.48,0.65,2026-08-24,48,N,VIIRS,n,2.0NRT,288.89,4.97,N
39.52612,33.58375,314.75,0.48,0.65,2026-08-24,48,N,VIIRS,n,2.0NRT,287.69,2.61,N
39.52847,33.59771,328.14,0.48,0.65,2026-08-24,48,N,VIIRS,n,2.0NRT,288.56,4.97,N
39.53024,33.59174,298.94,0.48,0.65,2026-08-24,48,N,VIIRS,n,2.0NRT,287.31,4.97,N
39.53197,33.58589,325.13,0.48,0.65,2026-08-24,48,N,VIIRS,n,2.0NRT,288.23,2.61,N
39.53666,26.13208,313.83,0.41,0.45,2026-08-24,48,N,VIIRS,n,2.0NRT,293.17,1.2,N
39.68753,34.88918,304.7,0.55,0.68,2026-08-24,48,N,VIIRS,n,2.0NRT,285.47,1.43,N
39.68928,34.88344,306.97,0.55,0.68,2026-08-24,48,N,VIIRS,n,2.0NRT,285.96,1.43,N
39.69051,34.88915,313.37,0.55,0.68,2026-08-24,48,N,VIIRS,n,2.0NRT,286.04,2.43,N
39.69228,34.88345,311.31,0.55,0.68,2026-08-24,48,N,VIIRS,n,2.0NRT,286.31,3.54,N
39.74622,30.19707,302.42,0.32,0.55,2026-08-24,48,N,VIIRS,n,2.0NRT,288.16,0.61,N
39.86691,26.243,305.93,0.41,0.45,2026-08-24,48,N,VIIRS,n,2.0NRT,293.62,0.83,N
40.7576,29.76283,305.91,0.58,0.52,2026-08-24,48,N,VIIRS,n,2.0NRT,292.22,2.2,N
40.75784,29.7633,307.45,0.58,0.52,2026-08-24,48,N,VIIRS,n,2.0NRT,292.69,1.62,N
41.01984,28.55578,310.71,0.5,0.49,2026-08-24,48,N,VIIRS,n,2.0NRT,292.1,1.44,N
41.17221,32.63256,300.85,0.39,0.59,2026-08-24,48,N,VIIRS,n,2.0NRT,287.81,1.03,N
41.17736,32.63531,318.63,0.39,0.59,2026-08-24,48,N,VIIRS,n,2.0NRT,290.29,1.03,N
41.23958,36.46546,311.51,0.59,0.7,2026-08-24,48,N,VIIRS,n,2.0NRT,288.76,2.56,N
41.23991,36.46415,321.69,0.59,0.7,2026-08-24,48,N,VIIRS,n,2.0NRT,288.75,4.57,N
41.24173,36.45868,306.65,0.59,0.7,2026-08-24,48,N,VIIRS,n,2.0NRT,289.02,3.49,N
41.25455,31.41348,317.19,0.34,0.56,2026-08-24,48,N,VIIRS,n,2.0NRT,290.98,1.26,N
41.25533,31.43107,302.02,0.34,0.56,2026-08-24,48,N,VIIRS,n,2.0NRT,290.03,1.21,N
41.26227,31.4259,305.65,0.34,0.56,2026-08-24,48,N,VIIRS,n,2.0NRT,291.96,0.84,N
41.26331,31.42203,304.16,0.34,0.56,2026-08-24,48,N,VIIRS,n,2.0NRT,291.25,0.84,N
41.26719,31.4282,317.03,0.34,0.56,2026-08-24,48,N,VIIRS,n,2.0NRT,291.83,1.56,N
41.7991,26.70153,302.72,0.39,0.44,2026-08-24,48,N,VIIRS,n,2.0NRT,290.85,0.64,N
41.85961,25.65754,305.22,0.53,0.42,2026-08-24,48,N,VIIRS,n,2.0NRT,288.91,0.79,N
41.86335,25.65893,310.61,0.53,0.42,2026-08-24,48,N,VIIRS,n,2.0NRT,289.08,1.2,N
41.87326,25.66934,301.13,0.53,0.42,2026-08-24,48,N,VIIRS,n,2.0NRT,289.03,0.75,N
41.87698,25.67084,305.01,0.53,0.42,2026-08-24,48,N,VIIRS,n,2.0NRT,288.88,0.39,N
37.25103,30.44286,308.9,0.38,0.59,2026-08-24,50,N,VIIRS,n,2.0NRT,290.91,1.7,N
38.42635,27.21551,311.59,0.49,0.49,2026-08-24,50,N,VIIRS,n,2.0NRT,296.83,2.12,N
38.73486,26.94577,307.71,0.47,0.48,2026-08-24,50,N,VIIRS,n,2.0NRT,297.41,3.12,N
38.73846,26.93017,309.11,0.47,0.47,2026-08-24,50,N,VIIRS,n,2.0NRT,296.93,1.31,N
35.53418,44.33893,346.18,0.46,0.39,2026-08-24,1028,N,VIIRS,n,2.0NRT,317.93,9.96,D
35.5653,44.28397,346.51,0.46,0.39,2026-08-24,1028,N,VIIRS,n,2.0NRT,319.18,9.71,D
36.61865,43.32654,367.0,0.43,0.38,2026-08-24,1028,N,VIIRS,h,2.0NRT,324.7,21.2,D
36.61927,43.33143,367.0,0.43,0.38,2026-08-24,1028,N,VIIRS,h,2.0NRT,327.43,21.2,D
36.62154,43.321,351.08,0.43,0.38,2026-08-24,1028,N,VIIRS,n,2.0NRT,318.57,29.55,D
36.62215,43.32587,353.78,0.43,0.38,2026-08-24,1028,N,VIIRS,n,2.0NRT,326.36,21.2,D
36.62277,43.33076,349.69,0.43,0.38,2026-08-24,1028,N,VIIRS,n,2.0NRT,318.02,21.2,D
36.86865,43.48923,339.83,0.44,0.38,2026-08-24,1028,N,VIIRS,n,2.0NRT,314.77,5.04,D
36.74136,40.54587,352.65,0.38,0.36,2026-08-24,1030,N,VIIRS,n,2.0NRT,324.6,12.63,D
36.74201,40.55015,367.0,0.38,0.36,2026-08-24,1030,N,VIIRS,h,2.0NRT,326.68,12.63,D
36.82986,40.25584,352.25,0.38,0.36,2026-08-24,1030,N,VIIRS,n,2.0NRT,318.65,8.46,D
36.92312,41.49008,355.82,0.39,0.36,2026-08-24,1030,N,VIIRS,n,2.0NRT,324.34,6.1,D
36.93412,40.65855,348.69,0.39,0.36,2026-08-24,1030,N,VIIRS,n,2.0NRT,322.01,4.37,D
37.0996,40.97446,356.42,0.39,0.36,2026-08-24,1030,N,VIIRS,n,2.0NRT,325.58,27.84,D
38.22997,28.40937,337.86,0.34,0.56,2026-08-24,1030,N,VIIRS,n,2.0NRT,308.6,1.86,D
38.33157,34.70139,332.53,0.5,0.41,2026-08-24,1030,N,VIIRS,n,2.0NRT,307.49,4.34,D
38.37187,40.83339,367.0,0.39,0.36,2026-08-24,1030,N,VIIRS,h,2.0NRT,325.29,13.13,D
38.37251,40.83784,349.97,0.39,0.36,2026-08-24,1030,N,VIIRS,n,2.0NRT,321.84,13.13,D
38.37519,40.83261,350.2,0.39,0.36,2026-08-24,1030,N,VIIRS,n,2.0NRT,318.82,7.93,D
39.10952,27.203,341.06,0.37,0.58,2026-08-24,1030,N,VIIRS,n,2.0NRT,304.71,2.49,D
39.30311,32.72406,343.13,0.39,0.44,2026-08-24,1030,N,VIIRS,n,2.0NRT,312.01,1.74,D
39.90276,38.02942,351.36,0.39,0.36,2026-08-24,1030,N,VIIRS,n,2.0NRT,309.63,11.4,D
40.29175,29.41781,345.87,0.54,0.51,2026-08-24,1030,N,VIIRS,n,2.0NRT,305.59,12.98,D
40.294,29.4171,349.52,0.54,0.51,2026-08-24,1030,N,VIIRS,n,2.0NRT,307.31,14.15,D
40.2964,29.41649,343.16,0.54,0.51,2026-08-24,1030,N,VIIRS,n,2.0NRT,303.98,12.98,D
40.8669,35.647,336.93,0.43,0.38,2026-08-24,1030,N,VIIRS,n,2.0NRT,309.7,2.83,D
41.10721,35.40425,334.62,0.43,0.38,2026-08-24,1030,N,VIIRS,n,2.0NRT,307.97,2.55,D
41.10814,35.40927,348.03,0.43,0.38,2026-08-24,1030,N,VIIRS,n,2.0NRT,310.72,6.91,D
41.4634,26.81581,367.0,0.34,0.56,2026-08-24,1032,N,VIIRS,h,2.0NRT,304.93,14.32,D
41.4644,26.81953,342.35,0.34,0.56,2026-08-24,1032,N,VIIRS,n,2.0NRT,300.41,10.02,D
41.87886,25.66815,330.02,0.38,0.58,2026-08-24,1032,N,VIIRS,n,2.0NRT,297.53,1.48,D
36.92959,30.95229,337.93,0.68,0.74,2026-08-24,1210,N,VIIRS,n,2.0NRT,298.74,4.03,D
38.11937,29.68922,345.02,0.59,0.7,2026-08-24,1210,N,VIIRS,n,2.0NRT,309.76,8.68,D
39.88984,30.0538,351.38,0.63,0.72,2026-08-24,1212,N,VIIRS,n,2.0NRT,305.4,10.08,D
39.89661,30.05498,347.63,0.63,0.72,2026-08-24,1212,N,VIIRS,n,2.0NRT,303.81,10.08,D
41.33225,27.10298,349.35,0.45,0.63,2026-08-24,1212,N,VIIRS,n,2.0NRT,300.34,10.6,D
41.33243,27.10843,367.0,0.45,0.63,2026-08-24,1212,N,VIIRS,h,2.0NRT,302.88,20.37,D
40.69984,43.81369,303.13,0.54,0.42,2026-08-24,2248,N,VIIRS,n,2.0NRT,289.59,0.76,N
41.17387,32.63776,299.72,0.68,0.74,2026-08-24,2248,N,VIIRS,n,2.0NRT,288.93,3.02,N
41.17465,32.63246,305.59,0.68,0.74,2026-08-24,2248,N,VIIRS,n,2.0NRT,289.76,2.48,N
35.52884,44.34192,319.36,0.45,0.39,2026-08-24,2250,N,VIIRS,n,2.0NRT,298.54,5.49,N
35.53241,44.34262,325.47,0.45,0.39,2026-08-24,2250,N,VIIRS,n,2.0NRT,297.62,4.65,N
35.53304,44.33762,312.47,0.45,0.39,2026-08-24,2250,N,VIIRS,n,2.0NRT,298.2,4.19,N
35.53661,44.33833,331.75,0.45,0.39,2026-08-24,2250,N,VIIRS,n,2.0NRT,298.24,4.19,N
35.54075,43.76466,307.44,0.48,0.4,2026-08-24,2250,N,VIIRS,n,2.0NRT,294.24,0.48,N
35.56506,44.28734,330.73,0.46,0.39,2026-08-24,2250,N,VIIRS,n,2.0NRT,300.65,6.74,N
35.56709,44.32906,312.93,0.45,0.39,2026-08-24,2250,N,VIIRS,n,2.0NRT,297.39,3.85,N
35.62995,44.00733,332.09,0.47,0.4,2026-08-24,2250,N,VIIRS,n,2.0NRT,302.58,40.91,N
35.66123,43.96571,311.11,0.47,0.4,2026-08-24,2250,N,VIIRS,n,2.0NRT,298.09,4.47,N
35.66406,43.96753,333.77,0.47,0.4,2026-08-24,2250,N,VIIRS,n,2.0NRT,301.94,6.11,N
35.66486,43.96641,331.57,0.47,0.4,2026-08-24,2250,N,VIIRS,n,2.0NRT,302.08,4.47,N
35.6864,43.87568,336.77,0.47,0.4,2026-08-24,2250,N,VIIRS,n,2.0NRT,313.34,64.75,N
35.72537,44.04291,340.85,0.47,0.39,2026-08-24,2250,N,VIIRS,n,2.0NRT,289.01,12.76,N
35.9466,44.00359,312.73,0.47,0.4,2026-08-24,2250,N,VIIRS,n,2.0NRT,293.12,1.52,N
35.94959,44.00951,309.68,0.47,0.4,2026-08-24,2250,N,VIIRS,n,2.0NRT,290.82,1.65,N
35.95024,44.00429,322.12,0.47,0.4,2026-08-24,2250,N,VIIRS,n,2.0NRT,292.34,1.65,N
35.95193,44.02063,307.8,0.47,0.4,2026-08-24,2250,N,VIIRS,n,2.0NRT,294.62,2.08,N
35.95323,44.01021,313.74,0.47,0.4,2026-08-24,2250,N,VIIRS,n,2.0NRT,294.46,1.65,N
35.95407,43.72878,319.34,0.48,0.4,2026-08-24,2250,N,VIIRS,n,2.0NRT,298.01,2.88,N
35.96793,43.76977,314.17,0.48,0.4,2026-08-24,2250,N,VIIRS,n,2.0NRT,300.55,3.76,N
35.97466,43.77631,313.22,0.48,0.4,2026-08-24,2250,N,VIIRS,n,2.0NRT,300.77,3.84,N
35.98269,43.77227,340.34,0.48,0.4,2026-08-24,2250,N,VIIRS,n,2.0NRT,303.83,6.66,N
35.99874,43.76421,320.3,0.48,0.4,2026-08-24,2250,N,VIIRS,n,2.0NRT,298.32,2.31,N
36.00243,43.76487,322.63,0.48,0.4,2026-08-24,2250,N,VIIRS,n,2.0NRT,296.87,1.94,N
36.01858,43.68247,305.8,0.49,0.4,2026-08-24,2250,N,VIIRS,n,2.0NRT,295.63,1.26,N
36.01977,43.68557,322.02,0.49,0.4,2026-08-24,2250,N,VIIRS,n,2.0NRT,298.94,2.56,N
36.02228,43.68317,308.27,0.49,0.4,2026-08-24,2250,N,VIIRS,n,2.0NRT,296.53,1.61,N
36.0837,43.64431,309.1,0.49,0.4,2026-08-24,2250,N,VIIRS,n,2.0NRT,296.11,0.76,N
36.10051,43.63069,306.14,0.49,0.4,2026-08-24,2250,N,VIIRS,n,2.0NRT,294.37,0.65,N
36.13145,40.81354,310.47,0.45,0.47,2026-08-24,2250,N,VIIRS,n,2.0NRT,295.41,1.02,N
36.25817,44.38952,308.31,0.46,0.39,2026-08-24,2250,N,VIIRS,n,2.0NRT,296.61,3.5,N
36.25818,44.38844,308.56,0.46,0.39,2026-08-24,2250,N,VIIRS,n,2.0NRT,296.31,4.51,N
36.45807,41.28497,305.99,0.43,0.46,2026-08-24,2250,N,VIIRS,n,2.0NRT,295.77,0.42,N
36.55858,40.52015,305.35,0.47,0.48,2026-08-24,2250,N,VIIRS,n,2.0NRT,292.83,1.67,N
36.64043,43.43437,329.42,0.51,0.41,2026-08-24,2250,N,VIIRS,n,2.0NRT,293.41,3.55,N
36.77559,43.32841,320.35,0.51,0.41,2026-08-24,2250,N,VIIRS,n,2.0NRT,300.19,4.91,N
36.77627,43.32251,330.08,0.51,0.41,2026-08-24,2250,N,VIIRS,n,2.0NRT,299.11,4.91,N
36.8681,43.4887,321.37,0.51,0.41,2026-08-24,2250,N,VIIRS,n,2.0NRT,295.56,2.7,N
36.87194,43.48876,323.87,0.51,0.41,2026-08-24,2250,N,VIIRS,n,2.0NRT,296.86,3.13,N
36.87556,34.76799,302.41,0.49,0.65,2026-08-24,2250,N,VIIRS,n,2.0NRT,284.88,2.67,N
36.89413,43.43113,320.76,0.51,0.41,2026-08-24,2250,N,VIIRS,n,2.0NRT,295.02,3.07,N
36.91594,41.89792,310.2,0.4,0.44,2026-08-24,2250,N,VIIRS,n,2.0NRT,293.35,1.0,N
36.93914,41.49915,318.15,0.42,0.45,2026-08-24,2250,N,VIIRS,n,2.0NRT,292.78,1.49,N
36.94089,42.17294,319.14,0.39,0.44,2026-08-24,2250,N,VIIRS,n,2.0NRT,296.27,1.54,N
36.94101,42.17092,329.85,0.39,0.44,2026-08-24,2250,N,VIIRS,n,2.0NRT,295.51,2.2,N
36.94493,42.17361,314.45,0.39,0.44,2026-08-24,2250,N,VIIRS,n,2.0NRT,296.1,0.83,N
36.94896,42.13411,327.66,0.39,0.44,2026-08-24,2250,N,VIIRS,n,2.0NRT,299.04,1.86,N
36.9494,42.12972,310.05,0.39,0.44,2026-08-24,2250,N,VIIRS,n,2.0NRT,298.1,2.0,N
36.96251,42.08183,307.67,0.39,0.44,2026-08-24,2250,N,VIIRS,n,2.0NRT,294.3,1.11,N
36.96658,42.08251,322.89,0.39,0.44,2026-08-24,2250,N,VIIRS,n,2.0NRT,294.2,1.11,N
37.00007,42.03806,307.07,0.4,0.44,2026-08-24,2250,N,VIIRS,n,2.0NRT,293.87,0.63,N
37.00414,42.03874,310.22,0.4,0.44,2026-08-24,2250,N,VIIRS,n,2.0NRT,294.31,0.63,N
37.0052,41.51938,304.11,0.42,0.45,2026-08-24,2250,N,VIIRS,n,2.0NRT,292.55,0.36,N
37.00584,41.5162,301.96,0.42,0.45,2026-08-24,2250,N,VIIRS,n,2.0NRT,291.79,0.79,N
37.00854,42.07602,308.21,0.39,0.44,2026-08-24,2250,N,VIIRS,n,2.0NRT,296.3,1.27,N
37.01493,36.10683,305.73,0.42,0.61,2026-08-24,2250,N,VIIRS,n,2.0NRT,291.03,2.48,N
37.01547,41.41523,322.96,0.43,0.46,2026-08-24,2250,N,VIIRS,n,2.0NRT,292.74,2.32,N
37.01592,41.41383,325.65,0.43,0.46,2026-08-24,2250,N,VIIRS,n,2.0NRT,292.45,2.49,N
37.04139,41.02603,308.34,0.45,0.47,2026-08-24,2250,N,VIIRS,n,2.0NRT,291.89,1.29,N
37.0447,41.03686,306.02,0.45,0.47,2026-08-24,2250,N,VIIRS,n,2.0NRT,292.25,1.1,N
37.04519,41.03178,307.18,0.45,0.47,2026-08-24,2250,N,VIIRS,n,2.0NRT,292.1,1.09,N
37.04627,41.03828,303.78,0.45,0.47,2026-08-24,2250,N,VIIRS,n,2.0NRT,291.82,1.1,N
37.04674,41.0332,317.82,0.45,0.47,2026-08-24,2250,N,VIIRS,n,2.0NRT,292.76,1.1,N
37.0495,41.03246,311.83,0.45,0.47,2026-08-24,2250,N,VIIRS,n,2.0NRT,291.93,1.09,N
37.13623,42.79429,315.12,0.55,0.43,2026-08-24,2250,N,VIIRS,n,2.0NRT,295.12,0.94,N
37.19714,39.88101,327.9,0.52,0.5,2026-08-24,2250,N,VIIRS,n,2.0NRT,295.1,3.37,N
37.20174,39.88169,307.12,0.52,0.5,2026-08-24,2250,N,VIIRS,n,2.0NRT,295.37,1.15,N
37.69398,38.08509,312.37,0.33,0.55,2026-08-24,2250,N,VIIRS,n,2.0NRT,296.49,1.2,N
38.01217,40.20776,333.34,0.51,0.49,2026-08-24,2250,N,VIIRS,n,2.0NRT,295.33,4.5,N
38.01265,40.20202,321.58,0.51,0.49,2026-08-24,2250,N,VIIRS,n,2.0NRT,296.0,4.5,N
38.0717,32.75905,303.88,0.65,0.73,2026-08-24,2250,N,VIIRS,n,2.0NRT,287.47,1.54,N
38.11109,40.07403,327.0,0.52,0.5,2026-08-24,2250,N,VIIRS,n,2.0NRT,296.86,3.6,N
39.31081,35.18663,321.95,0.49,0.65,2026-08-24,2250,N,VIIRS,n,2.0NRT,285.99,1.74,N
39.31104,35.18059,295.86,0.49,0.65,2026-08-24,2250,N,VIIRS,n,2.0NRT,285.56,1.74,N
39.3116,35.18626,323.16,0.49,0.65,2026-08-24,2250,N,VIIRS,n,2.0NRT,286.17,1.79,N
39.66486,31.88695,297.63,0.73,0.76,2026-08-24,2250,N,VIIRS,n,2.0NRT,287.43,0.8,N
36.13132,40.81052,304.8,0.8,0.78,2026-08-25,30,N,VIIRS,n,2.0NRT,293.9,2.26,N
36.26103,33.73067,303.28,0.34,0.56,2026-08-25,30,N,VIIRS,n,2.0NRT,290.86,1.0,N
37.25118,30.44492,305.66,0.44,0.46,2026-08-25,30,N,VIIRS,n,2.0NRT,292.0,2.15,N
37.29212,37.15614,303.57,0.48,0.65,2026-08-25,30,N,VIIRS,n,2.0NRT,292.58,0.68,N
37.63007,38.91114,304.76,0.58,0.7,2026-08-25,30,N,VIIRS,n,2.0NRT,293.42,1.99,N
37.63074,38.90645,330.25,0.58,0.7,2026-08-25,30,N,VIIRS,n,2.0NRT,294.07,4.22,N
37.63207,38.90467,320.83,0.58,0.7,2026-08-25,30,N,VIIRS,n,2.0NRT,293.78,1.99,N
37.69492,38.08723,309.41,0.53,0.67,2026-08-25,30,N,VIIRS,n,2.0NRT,294.85,1.3,N
38.01342,40.20316,304.22,0.66,0.73,2026-08-25,30,N,VIIRS,n,2.0NRT,292.31,1.28,N
38.01533,40.20725,311.17,0.66,0.73,2026-08-25,30,N,VIIRS,n,2.0NRT,292.23,1.45,N
38.06907,32.76358,311.8,0.55,0.51,2026-08-25,30,N,VIIRS,n,2.0NRT,286.92,1.65,N
38.10798,40.07829,318.25,0.64,0.72,2026-08-25,30,N,VIIRS,n,2.0NRT,294.0,3.18,N
38.11028,40.07103,315.42,0.64,0.72,2026-08-25,30,N,VIIRS,n,2.0NRT,293.61,3.18,N
38.14025,30.88862,316.79,0.44,0.46,2026-08-25,30,N,VIIRS,n,2.0NRT,290.29,2.4,N
38.42519,27.21888,310.05,0.45,0.39,2026-08-25,30,N,VIIRS,n,2.0NRT,296.88,1.72,N
38.45391,38.72672,304.14,0.54,0.68,2026-08-25,30,N,VIIRS,n,2.0NRT,292.6,1.23,N
38.65709,30.61752,308.23,0.42,0.45,2026-08-25,30,N,VIIRS,n,2.0NRT,289.44,1.46,N
38.73701,26.94758,315.86,0.44,0.38,2026-08-25,30,N,VIIRS,n,2.0NRT,299.37,1.94,N
38.7398,26.93273,309.2,0.44,0.38,2026-08-25,30,N,VIIRS,n,2.0NRT,295.94,1.74,N
38.74047,26.94863,325.35,0.44,0.38,2026-08-25,30,N,VIIRS,n,2.0NRT,298.06,1.67,N
38.74394,26.9497,311.79,0.44,0.38,2026-08-25,30,N,VIIRS,n,2.0NRT,297.17,1.67,N
39.09058,27.5169,302.81,0.45,0.39,2026-08-25,30,N,VIIRS,n,2.0NRT,292.35,1.09,N
39.09155,27.51187,312.64,0.45,0.39,2026-08-25,30,N,VIIRS,n,2.0NRT,293.83,1.09,N
39.11396,27.52063,305.29,0.45,0.39,2026-08-25,30,N,VIIRS,n,2.0NRT,293.75,1.25,N
39.11608,27.5198,304.67,0.45,0.39,2026-08-25,30,N,VIIRS,n,2.0NRT,293.38,0.96,N
39.16727,27.63056,306.42,0.45,0.39,2026-08-25,30,N,VIIRS,n,2.0NRT,294.71,0.94,N
39.26569,33.63329,329.87,0.57,0.52,2026-08-25,30,N,VIIRS,n,2.0NRT,288.6,3.17,N
39.47029,33.58762,339.04,0.56,0.51,2026-08-25,30,N,VIIRS,n,2.0NRT,290.62,8.37,N
39.47187,33.5813,332.25,0.56,0.51,2026-08-25,30,N,VIIRS,n,2.0NRT,288.44,8.37,N
39.47484,33.58959,302.42,0.56,0.51,2026-08-25,30,N,VIIRS,n,2.0NRT,287.89,1.65,N
39.47642,33.58325,310.47,0.56,0.51,2026-08-25,30,N,VIIRS,n,2.0NRT,287.74,1.65,N
39.48335,30.04422,299.2,0.56,0.43,2026-08-25,30,N,VIIRS,n,2.0NRT,287.91,0.74,N
39.7213,34.79654,329.57,0.63,0.54,2026-08-25,30,N,VIIRS,n,2.0NRT,286.33,4.05,N
39.72609,34.79867,297.69,0.63,0.54,2026-08-25,30,N,VIIRS,n,2.0NRT,285.13,0.35,N
39.74442,30.20076,303.16,0.57,0.43,2026-08-25,30,N,VIIRS,n,2.0NRT,289.84,0.73,N
39.86708,26.24313,314.42,0.41,0.37,2026-08-25,30,N,VIIRS,n,2.0NRT,294.76,1.32,N
39.89877,28.87249,309.74,0.49,0.41,2026-08-25,30,N,VIIRS,n,2.0NRT,287.69,1.19,N
40.26091,30.04575,302.62,0.54,0.42,2026-08-25,30,N,VIIRS,n,2.0NRT,292.25,0.63,N
40.66806,26.46939,326.21,0.41,0.37,2026-08-25,30,N,VIIRS,n,2.0NRT,292.39,2.1,N
40.75772,31.78445,302.27,0.43,0.46,2026-08-25,30,N,VIIRS,n,2.0NRT,289.06,0.91,N
41.01942,28.55588,314.15,0.46,0.39,2026-08-25,30,N,VIIRS,n,2.0NRT,294.56,2.27,N
41.17367,32.62928,302.34,0.46,0.47,2026-08-25,30,N,VIIRS,n,2.0NRT,290.37,1.51,N
41.17656,32.6365,306.51,0.46,0.47,2026-08-25,30,N,VIIRS,n,2.0NRT,292.18,2.47,N
41.2546,31.41421,324.68,0.4,0.44,2026-08-25,30,N,VIIRS,n,2.0NRT,292.96,2.48,N
41.25753,31.4204,305.34,0.4,0.44,2026-08-25,30,N,VIIRS,n,2.0NRT,292.18,1.65,N
41.26542,31.42351,307.72,0.4,0.44,2026-08-25,30,N,VIIRS,n,2.0NRT,293.73,1.91,N
41.63476,27.50403,304.67,0.42,0.38,2026-08-25,30,N,VIIRS,n,2.0NRT,291.95,1.13,N
41.79721,26.7044,302.87,0.4,0.37,2026-08-25,30,N,VIIRS,n,2.0NRT,288.75,0.92,N
35.62711,44.00787,367.0,0.39,0.36,2026-08-25,1011,N,VIIRS,h,2.0NRT,334.61,24.58,D
35.68383,43.87907,367.0,0.39,0.36,2026-08-25,1011,N,VIIRS,h,2.0NRT,346.37,76.56,D
35.72421,44.03951,367.0,0.39,0.36,2026-08-25,1011,N,VIIRS,h,2.0NRT,329.68,16.36,D
36.27357,42.41308,367.0,0.42,0.38,2026-08-25,1011,N,VIIRS,h,2.0NRT,324.34,9.13,D
36.53194,39.11085,352.02,0.56,0.43,2026-08-25,1011,N,VIIRS,n,2.0NRT,319.09,18.05,D
36.53332,39.11189,348.09,0.56,0.43,2026-08-25,1011,N,VIIRS,n,2.0NRT,317.53,21.5,D
36.56481,37.11286,349.9,0.47,0.48,2026-08-25,1011,N,VIIRS,n,2.0NRT,308.86,6.27,D
36.58529,38.62213,348.57,0.39,0.44,2026-08-25,1011,N,VIIRS,n,2.0NRT,320.84,7.23,D
36.69356,38.8306,356.34,0.38,0.43,2026-08-25,1011,N,VIIRS,n,2.0NRT,322.01,11.61,D
36.69445,38.8348,341.52,0.38,0.43,2026-08-25,1011,N,VIIRS,n,2.0NRT,312.93,16.05,D
36.69748,38.82935,348.85,0.38,0.43,2026-08-25,1011,N,VIIRS,n,2.0NRT,312.84,11.61,D
36.70427,39.65492,350.31,0.53,0.42,2026-08-25,1011,N,VIIRS,n,2.0NRT,317.51,17.72,D
36.86906,43.48915,343.11,0.39,0.36,2026-08-25,1011,N,VIIRS,n,2.0NRT,315.25,4.87,D
37.04759,42.25197,367.0,0.42,0.38,2026-08-25,1011,N,VIIRS,h,2.0NRT,323.46,7.31,D
37.06171,43.48291,367.0,0.39,0.36,2026-08-25,1011,N,VIIRS,h,2.0NRT,329.69,33.15,D
37.24216,38.521,345.86,0.39,0.44,2026-08-25,1011,N,VIIRS,n,2.0NRT,318.76,4.27,D
37.29465,35.99883,350.75,0.52,0.5,2026-08-25,1011,N,VIIRS,n,2.0NRT,303.75,28.0,D
37.29911,35.99722,346.01,0.52,0.5,2026-08-25,1011,N,VIIRS,n,2.0NRT,299.79,28.0,D
37.68331,37.7476,341.37,0.41,0.45,2026-08-25,1011,N,VIIRS,n,2.0NRT,309.89,3.24,D
37.77194,40.25292,343.96,0.48,0.4,2026-08-25,1011,N,VIIRS,n,2.0NRT,318.77,7.75,D
39.3677,42.76233,347.03,0.39,0.36,2026-08-25,1011,N,VIIRS,n,2.0NRT,316.89,7.33,D
40.10724,44.46118,355.61,0.39,0.36,2026-08-25,1011,N,VIIRS,n,2.0NRT,315.51,26.27,D
42.27129,26.40713,330.1,0.56,0.69,2026-08-25,1011,N,VIIRS,n,2.0NRT,298.88,5.48,D
42.27318,26.40797,352.66,0.56,0.69,2026-08-25,1011,N,VIIRS,n,2.0NRT,300.19,6.42,D
42.2772,26.40359,337.08,0.56,0.69,2026-08-25,1011,N,VIIRS,n,2.0NRT,298.9,4.61,D
37.92313,32.85514,331.87,0.36,0.58,2026-08-25,1013,N,VIIRS,n,2.0NRT,304.62,1.41,D
37.97107,32.52292,338.96,0.38,0.58,2026-08-25,1013,N,VIIRS,n,2.0NRT,303.82,1.73,D
37.97276,32.522,340.11,0.38,0.58,2026-08-25,1013,N,VIIRS,n,2.0NRT,303.3,2.04,D
38.18756,30.49709,355.23,0.47,0.64,2026-08-25,1013,N,VIIRS,n,2.0NRT,306.88,11.77,D
38.18877,30.50126,367.0,0.47,0.64,2026-08-25,1013,N,VIIRS,h,2.0NRT,306.15,14.36,D
38.19012,30.4991,367.0,0.47,0.64,2026-08-25,1013,N,VIIRS,h,2.0NRT,312.86,37.58,D
38.19373,30.49633,333.27,0.47,0.64,2026-08-25,1013,N,VIIRS,n,2.0NRT,302.46,11.77,D
38.19503,30.50082,336.77,0.47,0.64,2026-08-25,1013,N,VIIRS,n,2.0NRT,302.6,14.36,D
38.20864,29.80023,343.53,0.51,0.66,2026-08-25,1013,N,VIIRS,n,2.0NRT,304.67,9.28,D
38.20876,29.80307,352.8,0.51,0.66,2026-08-25,1013,N,VIIRS,n,2.0NRT,305.13,6.03,D
38.6043,32.24129,348.3,0.37,0.58,2026-08-25,1013,N,VIIRS,n,2.0NRT,306.57,5.2,D
38.91285,32.79179,348.94,0.34,0.56,2026-08-25,1013,N,VIIRS,n,2.0NRT,308.5,4.11,D
38.91386,32.79564,345.65,0.34,0.56,2026-08-25,1013,N,VIIRS,n,2.0NRT,307.52,5.21,D
39.58754,31.48318,343.61,0.39,0.59,2026-08-25,1013,N,VIIRS,n,2.0NRT,304.76,3.53,D
39.8047,33.8882,352.92,0.58,0.52,2026-08-25,1013,N,VIIRS,n,2.0NRT,305.53,13.02,D
40.63255,34.36871,357.22,0.52,0.5,2026-08-25,1013,N,VIIRS,n,2.0NRT,305.42,13.32,D
40.71429,43.80378,348.75,0.38,0.36,2026-08-25,1013,N,VIIRS,n,2.0NRT,311.75,8.28,D
40.71758,43.80291,341.1,0.38,0.36,2026-08-25,1013,N,VIIRS,n,2.0NRT,307.86,8.28,D
40.83211,43.91,343.4,0.38,0.36,2026-08-25,1013,N,VIIRS,n,2.0NRT,303.39,6.16,D
41.24178,36.46283,339.85,0.4,0.44,2026-08-25,1013,N,VIIRS,n,2.0NRT,301.72,2.94,D
37.17816,30.77794,345.84,0.37,0.58,2026-08-25,1151,N,VIIRS,n,2.0NRT,308.65,2.93,D
38.19204,30.49586,351.16,0.36,0.57,2026-08-25,1151,N,VIIRS,n,2.0NRT,306.32,3.93,D
38.19237,30.50115,338.21,0.36,0.58,2026-08-25,1151,N,VIIRS,n,2.0NRT,307.1,3.93,D
38.74225,32.74343,335.02,0.48,0.65,2026-08-25,1151,N,VIIRS,n,2.0NRT,309.58,13.06,D
38.74249,32.7492,367.0,0.48,0.65,2026-08-25,1151,N,VIIRS,h,2.0NRT,314.73,31.31,D
38.74355,32.74649,354.61,0.48,0.65,2026-08-25,1151,N,VIIRS,n,2.0NRT,314.28,22.64,D
38.74376,32.75227,342.25,0.48,0.65,2026-08-25,1151,N,VIIRS,n,2.0NRT,307.14,21.4,D
38.77963,30.14027,342.84,0.35,0.57,2026-08-25,1151,N,VIIRS,n,2.0NRT,309.95,3.19,D
38.80825,32.12815,354.36,0.45,0.63,2026-08-25,1151,N,VIIRS,n,2.0NRT,307.22,6.06,D
38.8122,32.12952,357.11,0.45,0.63,2026-08-25,1151,N,VIIRS,n,2.0NRT,307.17,7.22,D
39.5259,32.41445,336.74,0.47,0.64,2026-08-25,1151,N,VIIRS,n,2.0NRT,306.19,6.95,D
39.53511,33.87628,367.0,0.56,0.69,2026-08-25,1151,N,VIIRS,h,2.0NRT,302.76,14.31,D
39.53527,33.88264,337.23,0.56,0.69,2026-08-25,1151,N,VIIRS,n,2.0NRT,301.02,14.31,D
39.54157,33.87648,356.31,0.56,0.69,2026-08-25,1151,N,VIIRS,n,2.0NRT,301.83,14.31,D
39.54173,33.88287,367.0,0.56,0.69,2026-08-25,1151,N,VIIRS,h,2.0NRT,304.34,14.31,D
39.74106,34.60414,336.8,0.61,0.71,2026-08-25,1151,N,VIIRS,n,2.0NRT,299.51,8.01,D
40.54135,34.09499,339.9,0.58,0.7,2026-08-25,1151,N,VIIRS,n,2.0NRT,304.89,6.06,D
40.63193,34.36071,355.1,0.6,0.71,2026-08-25,1151,N,VIIRS,n,2.0NRT,306.42,14.42,D
40.63206,34.36774,334.41,0.6,0.71,2026-08-25,1151,N,VIIRS,n,2.0NRT,303.33,9.58,D
40.63591,34.35891,367.0,0.6,0.71,2026-08-25,1151,N,VIIRS,h,2.0NRT,304.77,16.7,D
36.34029,42.3868,321.75,0.34,0.56,2026-08-25,2229,N,VIIRS,n,2.0NRT,297.88,1.18,N
36.35071,42.07435,311.41,0.35,0.57,2026-08-25,2229,N,VIIRS,n,2.0NRT,301.15,2.22,N
36.6442,43.12117,309.16,0.62,0.54,2026-08-25,2229,N,VIIRS,n,2.0NRT,298.51,3.15,N
36.74516,39.85346,307.57,0.47,0.64,2026-08-25,2229,N,VIIRS,n,2.0NRT,293.79,1.84,N
36.74826,43.49633,307.89,0.59,0.53,2026-08-25,2229,N,VIIRS,n,2.0NRT,296.68,2.18,N
36.74979,39.86599,306.11,0.47,0.64,2026-08-25,2229,N,VIIRS,n,2.0NRT,293.72,1.14,N
36.75005,39.86058,310.98,0.47,0.64,2026-08-25,2229,N,VIIRS,n,2.0NRT,293.58,1.14,N
36.75091,39.85942,318.81,0.47,0.64,2026-08-25,2229,N,VIIRS,n,2.0NRT,294.35,1.84,N
36.75604,39.86103,305.51,0.47,0.64,2026-08-25,2229,N,VIIRS,n,2.0NRT,294.48,1.14,N
36.77577,43.32587,341.41,0.61,0.53,2026-08-25,2229,N,VIIRS,n,2.0NRT,300.21,11.89,N
36.83938,40.70454,304.74,0.42,0.61,2026-08-25,2229,N,VIIRS,n,2.0NRT,293.95,1.19,N
36.86909,43.48754,332.3,0.59,0.53,2026-08-25,2229,N,VIIRS,n,2.0NRT,297.44,6.94,N
36.88882,40.74801,303.88,0.42,0.61,2026-08-25,2229,N,VIIRS,n,2.0NRT,292.17,0.45,N
36.88908,40.74315,307.9,0.42,0.61,2026-08-25,2229,N,VIIRS,n,2.0NRT,292.49,1.09,N
36.89351,43.42627,322.46,0.6,0.53,2026-08-25,2229,N,VIIRS,n,2.0NRT,293.17,3.27,N
36.91524,41.89741,306.9,0.36,0.58,2026-08-25,2229,N,VIIRS,n,2.0NRT,295.02,0.33,N
36.94365,42.17346,323.11,0.35,0.57,2026-08-25,2229,N,VIIRS,n,2.0NRT,297.28,1.57,N
36.94389,42.16946,305.61,0.35,0.57,2026-08-25,2229,N,VIIRS,n,2.0NRT,295.35,1.58,N
36.94613,42.13354,328.38,0.35,0.57,2026-08-25,2229,N,VIIRS,n,2.0NRT,298.22,2.88,N
36.94638,42.12954,322.96,0.35,0.57,2026-08-25,2229,N,VIIRS,n,2.0NRT,298.29,3.93,N
36.96538,42.08169,325.54,0.36,0.57,2026-08-25,2229,N,VIIRS,n,2.0NRT,294.26,1.43,N
37.00867,42.07431,306.2,0.36,0.57,2026-08-25,2229,N,VIIRS,n,2.0NRT,296.04,0.5,N
37.01185,41.58417,305.8,0.38,0.59,2026-08-25,2229,N,VIIRS,n,2.0NRT,293.65,0.49,N
37.07673,42.55928,313.62,0.34,0.56,2026-08-25,2229,N,VIIRS,n,2.0NRT,297.69,1.04,N
37.077,42.55536,307.2,0.34,0.56,2026-08-25,2229,N,VIIRS,n,2.0NRT,296.73,1.04,N
37.14063,42.7936,307.11,0.33,0.55,2026-08-25,2229,N,VIIRS,n,2.0NRT,296.17,0.65,N
37.19124,42.80701,314.02,0.33,0.55,2026-08-25,2229,N,VIIRS,n,2.0NRT,295.79,1.0,N
37.63285,38.91909,304.6,0.54,0.68,2026-08-25,2229,N,VIIRS,n,2.0NRT,291.62,0.77,N
37.63563,38.91935,304.87,0.54,0.68,2026-08-25,2229,N,VIIRS,n,2.0NRT,292.02,0.56,N
37.71999,39.03706,319.27,0.53,0.67,2026-08-25,2229,N,VIIRS,n,2.0NRT,292.13,2.17,N
37.72047,39.0243,311.47,0.53,0.67,2026-08-25,2229,N,VIIRS,n,2.0NRT,291.8,2.65,N
37.72196,39.04117,306.44,0.53,0.67,2026-08-25,2229,N,VIIRS,n,2.0NRT,292.13,2.06,N
37.72217,39.03477,322.72,0.53,0.67,2026-08-25,2229,N,VIIRS,n,2.0NRT,292.64,4.72,N
37.75684,40.24389,306.1,0.46,0.63,2026-08-25,2229,N,VIIRS,n,2.0NRT,292.03,0.59,N
37.75913,40.24347,302.53,0.46,0.63,2026-08-25,2229,N,VIIRS,n,2.0NRT,291.9,0.66,N
38.07565,40.66099,306.84,0.44,0.62,2026-08-25,2229,N,VIIRS,n,2.0NRT,290.69,0.71,N
38.07587,40.65601,312.53,0.44,0.62,2026-08-25,2229,N,VIIRS,n,2.0NRT,290.43,0.71,N
38.07593,40.66033,309.98,0.44,0.62,2026-08-25,2229,N,VIIRS,n,2.0NRT,291.13,0.89,N
38.07619,40.65537,316.72,0.44,0.62,2026-08-25,2229,N,VIIRS,n,2.0NRT,290.61,1.82,N
38.08167,40.65661,304.77,0.44,0.62,2026-08-25,2229,N,VIIRS,n,2.0NRT,290.5,0.68,N
35.52574,44.33969,325.44,0.52,0.5,2026-08-25,2231,N,VIIRS,n,2.0NRT,298.76,4.3,N
35.52625,44.33387,323.32,0.52,0.5,2026-08-25,2231,N,VIIRS,n,2.0NRT,299.2,4.85,N
35.53084,44.33456,342.15,0.52,0.5,2026-08-25,2231,N,VIIRS,n,2.0NRT,299.82,6.84,N
35.56353,44.28034,332.81,0.52,0.5,2026-08-25,2231,N,VIIRS,n,2.0NRT,299.34,5.45,N
35.62516,44.00608,352.98,0.54,0.51,2026-08-25,2231,N,VIIRS,n,2.0NRT,306.05,29.97,N
35.62699,44.00695,345.3,0.54,0.51,2026-08-25,2231,N,VIIRS,n,2.0NRT,308.59,18.87,N
35.62749,44.00087,309.6,0.54,0.51,2026-08-25,2231,N,VIIRS,n,2.0NRT,298.43,18.87,N
35.65913,43.96244,340.7,0.54,0.51,2026-08-25,2231,N,VIIRS,n,2.0NRT,301.65,9.41,N
35.67458,44.06183,315.15,0.54,0.51,2026-08-25,2231,N,VIIRS,n,2.0NRT,299.02,3.2,N
35.68085,43.87246,341.54,0.55,0.51,2026-08-25,2231,N,VIIRS,n,2.0NRT,304.91,56.98,N
35.68558,43.87314,346.55,0.55,0.51,2026-08-25,2231,N,VIIRS,n,2.0NRT,305.09,16.63,N
35.71926,44.03809,317.91,0.54,0.51,2026-08-25,2231,N,VIIRS,n,2.0NRT,301.45,9.17,N
35.7205,44.03814,344.96,0.54,0.51,2026-08-25,2231,N,VIIRS,n,2.0NRT,302.53,10.28,N
35.72393,44.03887,341.73,0.54,0.51,2026-08-25,2231,N,VIIRS,n,2.0NRT,304.97,9.17,N
35.72446,44.03276,311.62,0.54,0.51,2026-08-25,2231,N,VIIRS,n,2.0NRT,300.59,6.44,N
35.72499,44.0267,316.3,0.54,0.51,2026-08-25,2231,N,VIIRS,n,2.0NRT,300.28,6.44,N
35.72519,44.03894,342.74,0.54,0.51,2026-08-25,2231,N,VIIRS,n,2.0NRT,302.98,10.28,N
35.72567,44.03283,322.88,0.54,0.51,2026-08-25,2231,N,VIIRS,n,2.0NRT,300.94,10.28,N
35.72617,44.02673,318.81,0.54,0.51,2026-08-25,2231,N,VIIRS,n,2.0NRT,300.66,6.74,N
35.72967,44.02743,316.33,0.54,0.51,2026-08-25,2231,N,VIIRS,n,2.0NRT,301.12,6.14,N
35.77137,43.99664,310.98,0.54,0.51,2026-08-25,2231,N,VIIRS,n,2.0NRT,300.09,4.07,N
35.77188,43.99047,329.16,0.54,0.51,2026-08-25,2231,N,VIIRS,n,2.0NRT,301.01,4.07,N
35.9544,43.99205,309.8,0.54,0.51,2026-08-25,2231,N,VIIRS,n,2.0NRT,295.34,1.36,N
35.95474,43.99135,307.35,0.54,0.51,2026-08-25,2231,N,VIIRS,n,2.0NRT,295.0,1.01,N
35.97731,43.76765,329.21,0.56,0.52,2026-08-25,2231,N,VIIRS,n,2.0NRT,301.3,7.35,N
35.97837,43.76873,339.76,0.56,0.52,2026-08-25,2231,N,VIIRS,n,2.0NRT,302.08,10.62,N
35.98209,43.76812,333.21,0.56,0.52,2026-08-25,2231,N,VIIRS,n,2.0NRT,302.05,5.66,N
35.99113,43.6528,314.09,0.57,0.52,2026-08-25,2231,N,VIIRS,n,2.0NRT,295.07,1.48,N
35.99745,43.75716,338.67,0.56,0.52,2026-08-25,2231,N,VIIRS,n,2.0NRT,301.25,7.97,N
36.01794,43.68237,317.76,0.57,0.52,2026-08-25,2231,N,VIIRS,n,2.0NRT,297.88,2.52,N
36.07991,43.63761,308.89,0.57,0.52,2026-08-25,2231,N,VIIRS,n,2.0NRT,295.79,1.48,N
36.08371,43.63807,306.66,0.57,0.52,2026-08-25,2231,N,VIIRS,n,2.0NRT,295.49,1.4,N
36.09545,43.62647,307.55,0.57,0.52,2026-08-25,2231,N,VIIRS,n,2.0NRT,294.47,1.14,N
36.09917,43.62696,306.94,0.57,0.52,2026-08-25,2231,N,VIIRS,n,2.0NRT,295.42,0.56,N
36.32214,38.68673,307.84,0.54,0.68,2026-08-25,2231,N,VIIRS,n,2.0NRT,295.44,1.52,N
