latitude,longitude,bright_ti4,scan,track,acq_date,acq_time,satellite,instrument,confidence,version,bright_ti5,frp,daynight,type
38.73972,26.94621,312.48,0.71,0.75,2024-08-16,114,N,VIIRS,n,2,297.01,2.97,N,2
39.22576,27.77667,301.95,0.75,0.77,2024-08-16,114,N,VIIRS,n,2,290.98,1.44,N,0
39.8658,26.24502,302.55,0.61,0.71,2024-08-16,114,N,VIIRS,n,2,291.74,0.97,N,2
40.2664,26.28838,320.27,0.59,0.7,2024-08-16,114,N,VIIRS,n,2,290.92,2.24,N,0
40.27251,26.29162,308.24,0.59,0.7,2024-08-16,114,N,VIIRS,n,2,290.25,2.24,N,0
41.01824,28.55609,304.74,0.72,0.75,2024-08-16,114,N,VIIRS,n,2,290.42,1.43,N,2
38.29313,27.40442,305.84,0.77,0.77,2024-08-16,115,N,VIIRS,n,2,294.67,1.53,N,0
38.51939,27.17454,302.71,0.74,0.76,2024-08-16,115,N,VIIRS,n,2,291.69,2.76,N,0
38.52073,27.17716,307.85,0.74,0.76,2024-08-16,115,N,VIIRS,n,2,293.0,1.72,N,0
38.52488,27.18141,324.38,0.74,0.76,2024-08-16,115,N,VIIRS,n,2,296.33,5.95,N,0
38.52644,27.18338,331.84,0.74,0.76,2024-08-16,115,N,VIIRS,n,2,297.52,4.25,N,0
38.52687,27.17546,308.56,0.74,0.76,2024-08-16,115,N,VIIRS,n,2,295.32,2.76,N,0
38.5284,27.1774,312.94,0.74,0.76,2024-08-16,115,N,VIIRS,n,2,295.44,4.25,N,0
38.53242,27.18213,329.92,0.74,0.76,2024-08-16,115,N,VIIRS,n,2,297.17,6.86,N,0
38.53377,27.18466,314.06,0.74,0.76,2024-08-16,115,N,VIIRS,n,2,295.85,4.25,N,0
38.73498,26.94164,308.87,0.71,0.75,2024-08-16,115,N,VIIRS,n,2,295.49,3.12,N,2
35.52611,44.34329,367.0,0.4,0.6,2024-08-16,914,N,VIIRS,h,2,317.51,9.45,D,2
35.53146,44.34125,352.58,0.4,0.6,2024-08-16,914,N,VIIRS,n,2,318.02,12.68,D,2
35.56143,43.5485,367.0,0.44,0.62,2024-08-16,914,N,VIIRS,h,2,316.69,7.84,D,0
35.56403,44.28579,356.69,0.4,0.6,2024-08-16,914,N,VIIRS,n,2,317.6,9.69,D,2
35.60411,44.35181,346.57,0.4,0.6,2024-08-16,914,N,VIIRS,n,2,313.11,4.8,D,0
35.62628,44.00878,348.84,0.41,0.61,2024-08-16,914,N,VIIRS,n,2,314.67,6.53,D,2
35.63033,44.008,367.0,0.41,0.61,2024-08-16,914,N,VIIRS,h,2,315.59,12.0,D,2
35.66122,43.96687,367.0,0.41,0.61,2024-08-16,914,N,VIIRS,h,2,318.59,17.12,D,2
35.66547,43.63583,351.54,0.43,0.62,2024-08-16,914,N,VIIRS,n,2,313.63,7.68,D,0
35.68237,43.87756,356.59,0.42,0.61,2024-08-16,914,N,VIIRS,n,2,320.97,14.99,D,2
35.68443,43.8734,348.49,0.42,0.61,2024-08-16,914,N,VIIRS,n,2,315.83,21.58,D,2
35.68561,43.87789,367.0,0.42,0.61,2024-08-16,914,N,VIIRS,h,2,321.96,38.41,D,2
35.68783,43.87552,346.9,0.42,0.61,2024-08-16,914,N,VIIRS,n,2,314.95,14.99,D,2
35.7227,44.0416,367.0,0.41,0.61,2024-08-16,914,N,VIIRS,h,2,318.73,21.96,D,2
35.72585,44.03879,367.0,0.41,0.61,2024-08-16,914,N,VIIRS,h,2,315.19,10.3,D,2
35.72696,44.03516,343.61,0.41,0.61,2024-08-16,914,N,VIIRS,n,2,314.92,14.2,D,2
35.72705,44.04325,344.36,0.41,0.6,2024-08-16,914,N,VIIRS,n,2,315.59,17.81,D,2
35.73007,44.03233,348.34,0.41,0.61,2024-08-16,914,N,VIIRS,n,2,316.8,10.3,D,2
35.77411,43.99644,345.18,0.41,0.61,2024-08-16,914,N,VIIRS,n,2,314.24,2.4,D,2
36.01917,43.68254,367.0,0.42,0.61,2024-08-16,914,N,VIIRS,h,2,316.73,12.29,D,2
36.10645,43.70553,367.0,0.42,0.61,2024-08-16,914,N,VIIRS,h,2,315.06,12.78,D,0
36.10953,43.70584,344.59,0.42,0.61,2024-08-16,914,N,VIIRS,n,2,312.92,4.91,D,0
36.11078,43.58746,342.0,0.42,0.61,2024-08-16,914,N,VIIRS,n,2,310.63,2.36,D,0
36.25383,43.35835,343.96,0.43,0.62,2024-08-16,914,N,VIIRS,n,2,312.81,11.02,D,0
36.65067,41.94845,367.0,0.5,0.66,2024-08-16,915,N,VIIRS,h,2,312.5,17.22,D,0
36.71497,42.93254,349.77,0.44,0.62,2024-08-16,915,N,VIIRS,n,2,317.61,14.9,D,0
36.72055,42.93038,367.0,0.44,0.62,2024-08-16,915,N,VIIRS,h,2,313.01,14.9,D,0
36.72876,42.93785,346.02,0.44,0.62,2024-08-16,915,N,VIIRS,n,2,314.74,20.77,D,0
36.77333,43.32367,348.28,0.42,0.61,2024-08-16,915,N,VIIRS,n,2,312.35,5.67,D,2
36.77668,43.32701,354.6,0.42,0.61,2024-08-16,915,N,VIIRS,n,2,311.45,7.37,D,2
36.85592,43.33947,343.81,0.42,0.61,2024-08-16,915,N,VIIRS,n,2,309.98,7.24,D,0
36.85898,43.32849,339.57,0.42,0.61,2024-08-16,915,N,VIIRS,n,2,308.76,5.6,D,0
36.86005,43.33245,336.99,0.42,0.61,2024-08-16,915,N,VIIRS,n,2,309.7,5.6,D,0
36.86104,43.33616,367.0,0.42,0.61,2024-08-16,915,N,VIIRS,h,2,312.18,16.34,D,0
36.86208,40.34803,349.0,0.59,0.7,2024-08-16,915,N,VIIRS,n,2,305.92,8.67,D,0
36.86403,40.35452,352.67,0.59,0.7,2024-08-16,915,N,VIIRS,n,2,306.95,8.67,D,0
36.90063,39.89865,341.1,0.62,0.71,2024-08-16,915,N,VIIRS,n,2,307.21,11.66,D,0
36.90262,39.89933,336.81,0.62,0.72,2024-08-16,915,N,VIIRS,n,2,305.81,10.87,D,0
36.9053,43.38971,337.3,0.41,0.61,2024-08-16,915,N,VIIRS,n,2,305.49,4.74,D,2
36.94649,42.13272,353.68,0.48,0.65,2024-08-16,915,N,VIIRS,n,2,309.51,6.36,D,2
37.03038,43.55377,349.76,0.4,0.6,2024-08-16,915,N,VIIRS,n,2,308.27,6.62,D,0
37.09382,41.92917,346.36,0.49,0.65,2024-08-16,915,N,VIIRS,n,2,310.1,17.4,D,0
37.10696,39.60224,331.57,0.63,0.72,2024-08-16,915,N,VIIRS,n,2,301.4,4.35,D,0
37.81197,38.70073,337.0,0.67,0.74,2024-08-16,915,N,VIIRS,n,2,305.8,9.64,D,0
37.86316,40.68483,341.09,0.53,0.67,2024-08-16,915,N,VIIRS,n,2,308.57,6.51,D,0
37.97728,40.127,340.81,0.57,0.69,2024-08-16,915,N,VIIRS,n,2,309.09,5.87,D,0
38.08176,39.79389,350.21,0.58,0.7,2024-08-16,915,N,VIIRS,n,2,312.77,11.29,D,0
38.0837,39.80029,353.05,0.58,0.7,2024-08-16,915,N,VIIRS,n,2,310.41,10.08,D,0
38.09351,40.04778,339.49,0.57,0.69,2024-08-16,915,N,VIIRS,n,2,309.33,5.63,D,0
38.14389,40.26388,351.0,0.55,0.68,2024-08-16,915,N,VIIRS,n,2,314.51,13.4,D,0
39.12124,42.58652,340.1,0.4,0.6,2024-08-16,915,N,VIIRS,n,2,308.78,7.53,D,0
39.1253,42.57968,340.35,0.4,0.6,2024-08-16,915,N,VIIRS,n,2,309.18,5.83,D,0
39.16763,42.11228,349.04,0.42,0.61,2024-08-16,915,N,VIIRS,n,2,307.24,5.51,D,0
39.17305,42.11001,338.6,0.42,0.61,2024-08-16,915,N,VIIRS,n,2,304.46,5.51,D,0
39.18038,42.07089,349.47,0.42,0.61,2024-08-16,915,N,VIIRS,n,2,307.73,5.03,D,0
39.18584,42.06872,345.26,0.42,0.61,2024-08-16,915,N,VIIRS,n,2,306.78,5.03,D,0
39.95187,42.01423,351.01,0.4,0.6,2024-08-16,916,N,VIIRS,n,2,305.23,6.07,D,0
35.52962,44.34059,351.24,0.49,0.65,2024-08-16,1055,N,VIIRS,n,2,314.2,7.66,D,2
35.56362,44.2834,344.49,0.48,0.65,2024-08-16,1055,N,VIIRS,n,2,312.22,9.21,D,2
35.63104,44.01178,349.95,0.47,0.64,2024-08-16,1055,N,VIIRS,n,2,310.52,8.73,D,2
35.65889,43.96699,354.32,0.47,0.64,2024-08-16,1055,N,VIIRS,n,2,315.07,14.16,D,2
35.66485,43.96649,367.0,0.47,0.64,2024-08-16,1055,N,VIIRS,h,2,313.84,14.5,D,2
35.68179,43.87841,367.0,0.46,0.64,2024-08-16,1055,N,VIIRS,h,2,315.45,17.8,D,2
35.68425,43.87575,350.51,0.46,0.64,2024-08-16,1055,N,VIIRS,n,2,315.39,30.6,D,2
35.68452,43.881,367.0,0.46,0.64,2024-08-16,1055,N,VIIRS,h,2,312.42,32.12,D,2
35.68772,43.87792,367.0,0.46,0.64,2024-08-16,1055,N,VIIRS,h,2,313.13,17.8,D,2
35.72483,44.03909,367.0,0.47,0.64,2024-08-16,1055,N,VIIRS,h,2,311.79,12.4,D,2
35.72507,44.04438,367.0,0.47,0.64,2024-08-16,1055,N,VIIRS,h,2,312.82,12.4,D,2
35.73058,44.03318,343.57,0.47,0.64,2024-08-16,1055,N,VIIRS,n,2,312.82,11.55,D,2
36.0153,43.68106,338.91,0.45,0.63,2024-08-16,1055,N,VIIRS,n,2,307.45,7.22,D,2
36.20602,43.86778,367.0,0.46,0.64,2024-08-16,1055,N,VIIRS,h,2,312.96,17.2,D,0
36.20839,43.86629,357.49,0.46,0.64,2024-08-16,1055,N,VIIRS,n,2,311.02,15.89,D,0
36.27666,42.73645,349.88,0.4,0.6,2024-08-16,1055,N,VIIRS,n,2,310.62,15.58,D,0
36.33929,38.79095,345.62,0.49,0.48,2024-08-16,1055,N,VIIRS,n,2,311.85,2.97,D,0
36.41955,30.3086,348.93,0.39,0.36,2024-08-16,1055,N,VIIRS,n,2,319.61,3.36,D,0
36.74568,36.20058,338.64,0.54,0.42,2024-08-16,1055,N,VIIRS,n,2,305.03,6.08,D,2
36.77633,43.32133,336.14,0.44,0.62,2024-08-16,1055,N,VIIRS,n,2,310.1,6.12,D,2
36.77655,43.32597,367.0,0.44,0.62,2024-08-16,1055,N,VIIRS,h,2,311.09,6.12,D,2
36.82985,35.40136,338.93,0.5,0.41,2024-08-16,1055,N,VIIRS,n,2,305.25,2.17,D,0
36.85145,43.32344,349.29,0.44,0.62,2024-08-16,1055,N,VIIRS,n,2,313.52,6.18,D,0
36.86339,43.32904,340.39,0.44,0.62,2024-08-16,1055,N,VIIRS,n,2,309.47,1.83,D,0
36.88987,43.3936,350.97,0.44,0.63,2024-08-16,1055,N,VIIRS,n,2,306.34,16.01,D,0
36.89006,43.39767,367.0,0.44,0.63,2024-08-16,1055,N,VIIRS,h,2,309.72,22.02,D,0
36.89584,43.39594,367.0,0.44,0.63,2024-08-16,1055,N,VIIRS,h,2,291.47,22.02,D,0
37.02926,43.55103,338.74,0.45,0.63,2024-08-16,1055,N,VIIRS,n,2,307.27,3.33,D,0
37.02946,43.5557,340.76,0.45,0.63,2024-08-16,1055,N,VIIRS,n,2,308.28,3.33,D,0
37.03176,43.55455,341.81,0.45,0.63,2024-08-16,1055,N,VIIRS,n,2,307.84,8.75,D,0
37.03199,43.55922,336.88,0.45,0.63,2024-08-16,1055,N,VIIRS,n,2,306.92,6.97,D,0
37.07345,41.97212,348.78,0.37,0.58,2024-08-16,1055,N,VIIRS,n,2,315.35,16.73,D,0
37.07636,36.10498,336.57,0.54,0.42,2024-08-16,1055,N,VIIRS,n,2,302.86,3.5,D,0
37.08344,36.06042,336.17,0.54,0.42,2024-08-16,1055,N,VIIRS,n,2,303.59,7.13,D,0
37.0841,36.06651,338.3,0.54,0.42,2024-08-16,1055,N,VIIRS,n,2,305.71,12.42,D,0
37.08736,42.65699,367.0,0.4,0.6,2024-08-16,1055,N,VIIRS,h,2,310.64,9.61,D,0
37.08755,36.06389,342.8,0.54,0.42,2024-08-16,1055,N,VIIRS,n,2,303.71,23.05,D,0
37.08799,36.06587,335.88,0.54,0.42,2024-08-16,1055,N,VIIRS,n,2,302.58,12.42,D,0
37.08971,42.65844,356.68,0.4,0.6,2024-08-16,1055,N,VIIRS,n,2,310.66,12.73,D,0
37.09258,36.1128,343.28,0.54,0.42,2024-08-16,1055,N,VIIRS,n,2,304.98,21.21,D,0
37.09329,36.11471,335.25,0.54,0.42,2024-08-16,1055,N,VIIRS,n,2,302.67,11.05,D,0
37.10553,43.06117,367.0,0.43,0.62,2024-08-16,1055,N,VIIRS,h,2,307.83,5.21,D,0
37.10649,43.06038,351.8,0.43,0.62,2024-08-16,1055,N,VIIRS,n,2,306.15,3.55,D,0
37.10671,43.06512,335.93,0.43,0.62,2024-08-16,1055,N,VIIRS,n,2,304.87,3.55,D,0
37.13168,43.36332,339.6,0.44,0.63,2024-08-16,1055,N,VIIRS,n,2,305.2,4.04,D,0
37.13234,36.03796,343.75,0.54,0.42,2024-08-16,1055,N,VIIRS,n,2,306.31,10.06,D,0
37.15819,37.31414,344.13,0.41,0.45,2024-08-16,1055,N,VIIRS,n,2,309.99,9.33,D,0
37.22723,43.16975,351.82,0.43,0.62,2024-08-16,1055,N,VIIRS,n,2,311.64,5.44,D,0
37.22742,43.16891,343.99,0.43,0.62,2024-08-16,1055,N,VIIRS,n,2,309.24,6.27,D,0
37.22745,43.17445,349.97,0.43,0.62,2024-08-16,1055,N,VIIRS,n,2,314.75,5.44,D,0
37.22766,43.17362,349.27,0.43,0.62,2024-08-16,1055,N,VIIRS,n,2,313.87,6.27,D,0
37.22766,43.17914,367.0,0.43,0.62,2024-08-16,1055,N,VIIRS,h,2,314.53,9.86,D,0
37.22787,43.18388,367.0,0.43,0.62,2024-08-16,1055,N,VIIRS,h,2,314.75,9.86,D,0
37.2279,43.17828,351.03,0.43,0.62,2024-08-16,1055,N,VIIRS,n,2,314.52,9.04,D,0
37.22807,36.97956,348.19,0.4,0.44,2024-08-16,1055,N,VIIRS,n,2,319.65,7.42,D,0
37.22814,43.18302,367.0,0.43,0.62,2024-08-16,1055,N,VIIRS,h,2,317.0,9.04,D,0
37.23323,43.1739,341.43,0.43,0.62,2024-08-16,1055,N,VIIRS,n,2,310.62,5.44,D,0
37.23343,43.1784,347.79,0.43,0.62,2024-08-16,1055,N,VIIRS,n,2,312.25,9.86,D,0
37.23363,43.18286,338.93,0.43,0.62,2024-08-16,1055,N,VIIRS,n,2,311.51,9.86,D,0
37.23367,43.17762,350.0,0.43,0.62,2024-08-16,1055,N,VIIRS,n,2,312.73,9.04,D,0
37.2339,43.18206,342.22,0.43,0.62,2024-08-16,1055,N,VIIRS,n,2,311.96,9.04,D,0
37.28312,35.77628,345.98,0.53,0.42,2024-08-16,1055,N,VIIRS,n,2,310.95,6.56,D,0
37.31259,36.35373,343.22,0.56,0.43,2024-08-16,1055,N,VIIRS,n,2,307.74,5.17,D,0
37.34356,38.94262,347.3,0.51,0.49,2024-08-16,1055,N,VIIRS,n,2,315.87,22.91,D,0
37.4018,27.26586,367.0,0.43,0.38,2024-08-16,1056,N,VIIRS,h,2,338.81,38.72,D,0
37.40525,27.26483,349.47,0.43,0.38,2024-08-16,1056,N,VIIRS,n,2,317.88,38.72,D,0
37.47017,27.36328,367.0,0.43,0.38,2024-08-16,1056,N,VIIRS,h,2,336.9,53.36,D,0
37.47104,27.36815,367.0,0.43,0.38,2024-08-16,1056,N,VIIRS,h,2,337.3,53.36,D,0
37.79671,31.61227,347.79,0.39,0.36,2024-08-16,1056,N,VIIRS,n,2,318.16,9.73,D,0
37.84226,30.74083,350.07,0.38,0.36,2024-08-16,1056,N,VIIRS,n,2,318.42,6.2,D,0
38.17956,40.87251,342.96,0.33,0.55,2024-08-16,1056,N,VIIRS,n,2,303.18,12.28,D,0
38.39781,33.16162,348.69,0.43,0.38,2024-08-16,1056,N,VIIRS,n,2,316.29,10.78,D,0
38.43327,37.33717,351.08,0.43,0.46,2024-08-16,1056,N,VIIRS,n,2,314.6,5.15,D,0
38.45903,37.24548,344.11,0.43,0.46,2024-08-16,1056,N,VIIRS,n,2,312.12,3.61,D,0
38.49239,27.12303,356.75,0.43,0.38,2024-08-16,1056,N,VIIRS,n,2,323.1,15.45,D,0
38.49781,27.17361,353.21,0.43,0.38,2024-08-16,1056,N,VIIRS,n,2,321.1,24.0,D,0
38.50127,27.17278,348.42,0.43,0.38,2024-08-16,1056,N,VIIRS,n,2,318.38,8.31,D,0
38.5036,27.12511,356.71,0.43,0.38,2024-08-16,1056,N,VIIRS,n,2,328.99,30.6,D,0
38.5056,27.17687,352.17,0.43,0.38,2024-08-16,1056,N,VIIRS,n,2,318.64,8.31,D,0
38.50792,27.12913,356.13,0.43,0.38,2024-08-16,1056,N,VIIRS,n,2,324.66,23.79,D,0
38.5088,27.13405,355.99,0.43,0.38,2024-08-16,1056,N,VIIRS,n,2,316.99,23.79,D,0
38.51049,27.08273,351.08,0.43,0.38,2024-08-16,1056,N,VIIRS,n,2,320.07,34.63,D,0
38.51058,27.10352,355.66,0.43,0.38,2024-08-16,1056,N,VIIRS,n,2,321.18,34.11,D,0
38.51304,27.07677,348.25,0.43,0.38,2024-08-16,1056,N,VIIRS,n,2,316.83,40.53,D,0
38.51395,27.08188,367.0,0.43,0.38,2024-08-16,1056,N,VIIRS,h,2,339.85,40.53,D,0
38.514,27.143,348.8,0.43,0.38,2024-08-16,1056,N,VIIRS,n,2,314.06,16.19,D,0
38.51483,27.08684,367.0,0.43,0.38,2024-08-16,1056,N,VIIRS,h,2,345.29,60.04,D,0
38.51574,27.09195,367.0,0.43,0.38,2024-08-16,1056,N,VIIRS,h,2,325.77,60.04,D,0
38.51574,27.15276,356.18,0.43,0.38,2024-08-16,1056,N,VIIRS,n,2,321.86,30.19,D,0
38.51661,27.15768,367.0,0.43,0.38,2024-08-16,1056,N,VIIRS,h,2,330.04,26.37,D,0
38.51664,27.09701,356.93,0.43,0.38,2024-08-16,1056,N,VIIRS,n,2,317.56,16.35,D,0
38.52006,27.15679,348.23,0.43,0.38,2024-08-16,1056,N,VIIRS,n,2,317.18,13.44,D,0
38.52093,27.16172,355.22,0.43,0.38,2024-08-16,1056,N,VIIRS,n,2,326.1,13.44,D,0
38.52273,27.17188,344.08,0.43,0.38,2024-08-16,1056,N,VIIRS,n,2,313.67,32.09,D,0
38.52437,27.16078,352.11,0.43,0.38,2024-08-16,1056,N,VIIRS,n,2,314.24,13.44,D,0
38.52526,27.16581,342.5,0.43,0.38,2024-08-16,1056,N,VIIRS,n,2,312.15,32.09,D,0
38.5271,27.17622,367.0,0.43,0.38,2024-08-16,1056,N,VIIRS,h,2,337.9,168.32,D,0
38.71298,29.59723,348.72,0.39,0.36,2024-08-16,1056,N,VIIRS,n,2,315.64,3.4,D,0
38.77082,28.13374,353.58,0.4,0.37,2024-08-16,1056,N,VIIRS,n,2,324.27,28.37,D,0
38.77417,28.13287,350.0,0.4,0.37,2024-08-16,1056,N,VIIRS,n,2,323.52,28.37,D,0
38.78164,28.13565,353.05,0.4,0.37,2024-08-16,1056,N,VIIRS,n,2,320.87,23.96,D,0
38.84624,35.73226,348.71,0.54,0.42,2024-08-16,1056,N,VIIRS,n,2,310.84,5.91,D,0
38.85271,36.39913,351.12,0.39,0.44,2024-08-16,1056,N,VIIRS,n,2,314.6,24.21,D,0
38.85677,36.39866,354.53,0.39,0.44,2024-08-16,1056,N,VIIRS,n,2,315.3,24.21,D,0
38.86001,36.38972,352.95,0.39,0.44,2024-08-16,1056,N,VIIRS,n,2,315.73,15.2,D,0
38.86407,36.38935,347.94,0.39,0.44,2024-08-16,1056,N,VIIRS,n,2,311.07,15.2,D,0
38.86939,36.40188,342.41,0.39,0.44,2024-08-16,1056,N,VIIRS,n,2,311.63,4.04,D,0
39.22072,29.40933,336.53,0.39,0.36,2024-08-16,1056,N,VIIRS,n,2,310.87,3.15,D,0
39.32698,41.82956,367.0,0.38,0.59,2024-08-16,1056,N,VIIRS,h,2,311.79,10.49,D,0
39.33245,41.82905,334.8,0.38,0.59,2024-08-16,1056,N,VIIRS,n,2,308.74,3.02,D,0
39.66874,35.2701,336.7,0.53,0.42,2024-08-16,1056,N,VIIRS,n,2,308.97,2.8,D,0
39.71641,39.42087,337.35,0.57,0.52,2024-08-16,1056,N,VIIRS,n,2,309.78,4.72,D,0
39.81998,35.12191,356.36,0.52,0.42,2024-08-16,1056,N,VIIRS,n,2,316.97,20.11,D,0
39.9481,42.01783,347.38,0.39,0.6,2024-08-16,1056,N,VIIRS,n,2,307.24,3.04,D,0
39.95344,42.01299,339.08,0.39,0.6,2024-08-16,1056,N,VIIRS,n,2,308.42,3.04,D,0
40.33242,30.95464,339.57,0.39,0.36,2024-08-16,1056,N,VIIRS,n,2,303.59,2.45,D,0
40.33446,30.94465,343.17,0.39,0.36,2024-08-16,1056,N,VIIRS,n,2,308.93,11.21,D,0
40.33574,30.95377,349.2,0.39,0.36,2024-08-16,1056,N,VIIRS,n,2,310.19,11.34,D,0
40.33747,30.90714,346.57,0.39,0.36,2024-08-16,1056,N,VIIRS,n,2,312.63,19.29,D,0
40.33812,30.91183,367.0,0.39,0.36,2024-08-16,1056,N,VIIRS,h,2,311.71,12.33,D,0
40.33876,30.91645,354.79,0.39,0.36,2024-08-16,1056,N,VIIRS,n,2,312.95,12.33,D,0
40.34035,30.96207,351.7,0.39,0.36,2024-08-16,1056,N,VIIRS,n,2,308.33,16.72,D,0
40.34079,30.9063,367.0,0.39,0.36,2024-08-16,1056,N,VIIRS,h,2,344.74,66.9,D,0
40.34156,30.88727,340.49,0.39,0.36,2024-08-16,1056,N,VIIRS,n,2,307.1,3.46,D,0
40.34183,30.96308,350.26,0.39,0.36,2024-08-16,1056,N,VIIRS,n,2,310.01,16.14,D,0
40.34411,30.90546,356.57,0.39,0.36,2024-08-16,1056,N,VIIRS,n,2,314.58,66.9,D,0
40.36013,30.8971,352.47,0.39,0.36,2024-08-16,1056,N,VIIRS,n,2,313.98,15.46,D,0
40.37973,30.96337,349.63,0.39,0.36,2024-08-16,1056,N,VIIRS,n,2,321.63,16.01,D,0
40.38305,30.96252,347.2,0.39,0.36,2024-08-16,1056,N,VIIRS,n,2,313.01,8.38,D,0
40.8473,35.90228,335.69,0.39,0.44,2024-08-16,1056,N,VIIRS,n,2,304.73,4.67,D,0
41.30064,36.2872,343.15,0.41,0.45,2024-08-16,1056,N,VIIRS,n,2,308.52,4.23,D,0
41.30111,36.29243,332.93,0.41,0.45,2024-08-16,1056,N,VIIRS,n,2,307.06,4.23,D,0
41.1748,32.6344,348.45,0.44,0.38,2024-08-16,1057,N,VIIRS,n,2,316.85,6.11,D,2
41.20909,31.78955,333.91,0.41,0.37,2024-08-16,1057,N,VIIRS,n,2,305.18,3.13,D,0
41.21032,31.79197,333.63,0.41,0.37,2024-08-16,1057,N,VIIRS,n,2,305.53,3.61,D,0
41.2544,31.41483,343.92,0.41,0.37,2024-08-16,1057,N,VIIRS,n,2,309.55,4.18,D,2
42.21503,26.14604,337.1,0.42,0.37,2024-08-16,1057,N,VIIRS,n,2,298.77,2.96,D,0
40.15446,44.43747,311.13,0.48,0.4,2024-08-16,2314,N,VIIRS,n,2,289.03,1.59,N,0
40.57539,43.00847,297.33,0.43,0.38,2024-08-16,2314,N,VIIRS,n,2,279.76,0.81,N,0
41.9186,44.41578,298.55,0.45,0.39,2024-08-16,2314,N,VIIRS,n,2,287.84,0.71,N,0
42.12489,43.01378,300.72,0.41,0.37,2024-08-16,2314,N,VIIRS,n,2,288.9,0.71,N,2
42.13102,42.97955,300.43,0.41,0.37,2024-08-16,2314,N,VIIRS,n,2,288.18,0.43,N,2
36.48967,44.35392,337.84,0.55,0.43,2024-08-16,2315,N,VIIRS,n,2,300.75,11.5,N,0
36.49011,44.35242,348.76,0.55,0.43,2024-08-16,2315,N,VIIRS,n,2,301.92,12.39,N,0
36.49088,44.34813,346.7,0.55,0.43,2024-08-16,2315,N,VIIRS,n,2,299.79,8.41,N,0
36.49129,44.3466,331.78,0.55,0.43,2024-08-16,2315,N,VIIRS,n,2,298.67,12.39,N,0
36.49469,44.34947,315.43,0.55,0.43,2024-08-16,2315,N,VIIRS,n,2,298.72,8.41,N,0
36.65078,43.392,322.72,0.5,0.41,2024-08-16,2315,N,VIIRS,n,2,297.22,2.99,N,0
36.72107,42.59845,311.53,0.46,0.39,2024-08-16,2315,N,VIIRS,n,2,297.54,1.8,N,2
36.73271,43.27961,314.14,0.49,0.4,2024-08-16,2315,N,VIIRS,n,2,298.72,2.05,N,2
36.74754,43.49924,315.28,0.5,0.41,2024-08-16,2315,N,VIIRS,n,2,298.46,2.64,N,2
36.7739,43.3257,315.61,0.49,0.4,2024-08-16,2315,N,VIIRS,n,2,297.32,2.51,N,2
36.77761,43.32647,331.89,0.49,0.4,2024-08-16,2315,N,VIIRS,n,2,301.75,5.48,N,2
36.78994,42.17117,320.34,0.44,0.39,2024-08-16,2315,N,VIIRS,n,2,295.55,2.07,N,0
36.7935,44.28558,313.41,0.54,0.42,2024-08-16,2315,N,VIIRS,n,2,299.99,4.58,N,0
36.80693,42.78241,309.21,0.47,0.39,2024-08-16,2315,N,VIIRS,n,2,296.7,1.85,N,0
36.80694,42.78492,316.9,0.47,0.39,2024-08-16,2315,N,VIIRS,n,2,296.8,1.39,N,0
36.81051,42.78599,306.84,0.47,0.39,2024-08-16,2315,N,VIIRS,n,2,296.27,1.39,N,0
36.83366,42.12875,324.69,0.44,0.38,2024-08-16,2315,N,VIIRS,n,2,296.67,3.93,N,0
36.86177,43.31818,307.67,0.49,0.4,2024-08-16,2315,N,VIIRS,n,2,297.54,2.69,N,0
36.86535,43.31964,322.34,0.49,0.4,2024-08-16,2315,N,VIIRS,n,2,297.12,3.89,N,0
36.86576,43.33723,309.68,0.49,0.4,2024-08-16,2315,N,VIIRS,n,2,296.44,3.19,N,0
36.87114,43.48734,325.56,0.5,0.41,2024-08-16,2315,N,VIIRS,n,2,297.05,3.73,N,2
36.88469,43.39839,309.49,0.49,0.4,2024-08-16,2315,N,VIIRS,n,2,297.12,3.0,N,0
36.8874,43.40435,336.25,0.49,0.41,2024-08-16,2315,N,VIIRS,n,2,298.65,4.88,N,0
36.88841,43.39915,320.71,0.49,0.4,2024-08-16,2315,N,VIIRS,n,2,297.67,4.88,N,0
36.88942,43.39399,340.37,0.49,0.4,2024-08-16,2315,N,VIIRS,n,2,298.65,7.78,N,0
36.89194,43.42896,322.44,0.49,0.41,2024-08-16,2315,N,VIIRS,n,2,295.86,4.1,N,2
36.89431,43.42837,323.46,0.49,0.41,2024-08-16,2315,N,VIIRS,n,2,295.88,3.09,N,2
36.9022,41.57737,312.17,0.42,0.38,2024-08-16,2315,N,VIIRS,n,2,297.35,1.38,N,0
36.90543,43.39116,318.47,0.49,0.4,2024-08-16,2315,N,VIIRS,n,2,294.23,2.19,N,2
36.90691,43.39294,318.13,0.49,0.4,2024-08-16,2315,N,VIIRS,n,2,294.35,2.33,N,2
36.908,43.38748,312.61,0.49,0.4,2024-08-16,2315,N,VIIRS,n,2,294.73,2.33,N,2
36.90907,43.39235,313.46,0.49,0.4,2024-08-16,2315,N,VIIRS,n,2,295.66,2.19,N,2
36.91339,41.89686,308.94,0.43,0.38,2024-08-16,2315,N,VIIRS,n,2,295.7,0.84,N,2
36.92299,43.48732,307.78,0.5,0.41,2024-08-16,2315,N,VIIRS,n,2,294.07,2.19,N,0
36.92562,43.49368,324.81,0.5,0.41,2024-08-16,2315,N,VIIRS,n,2,296.36,2.89,N,0
36.92672,43.48815,322.74,0.5,0.41,2024-08-16,2315,N,VIIRS,n,2,296.98,2.89,N,0
36.93351,42.20156,311.05,0.44,0.39,2024-08-16,2315,N,VIIRS,n,2,296.63,1.17,N,0
36.93597,42.12991,330.59,0.44,0.38,2024-08-16,2315,N,VIIRS,n,2,298.46,3.68,N,2
36.937,42.20258,306.81,0.44,0.39,2024-08-16,2315,N,VIIRS,n,2,296.43,1.17,N,0
36.94253,42.17314,331.46,0.44,0.39,2024-08-16,2315,N,VIIRS,n,2,299.21,2.94,N,2
36.94641,42.13293,331.07,0.44,0.38,2024-08-16,2315,N,VIIRS,n,2,301.26,4.33,N,2
36.96009,42.69576,318.37,0.46,0.39,2024-08-16,2315,N,VIIRS,n,2,297.2,2.9,N,0
36.96106,42.69068,332.62,0.46,0.39,2024-08-16,2315,N,VIIRS,n,2,298.07,2.9,N,0
36.96336,42.08157,319.42,0.44,0.38,2024-08-16,2315,N,VIIRS,n,2,297.15,1.92,N,2
36.99628,41.56142,307.74,0.42,0.38,2024-08-16,2315,N,VIIRS,n,2,296.15,0.59,N,2
37.02661,42.13548,326.03,0.44,0.38,2024-08-16,2315,N,VIIRS,n,2,297.74,2.64,N,0
37.02751,42.13061,316.95,0.44,0.38,2024-08-16,2315,N,VIIRS,n,2,296.42,2.59,N,0
37.03166,42.16777,308.85,0.44,0.38,2024-08-16,2315,N,VIIRS,n,2,297.6,1.61,N,2
37.06766,41.77249,314.16,0.43,0.38,2024-08-16,2315,N,VIIRS,n,2,296.7,1.45,N,0
37.06853,41.76774,306.62,0.43,0.38,2024-08-16,2315,N,VIIRS,n,2,295.58,1.69,N,0
37.10465,40.83113,335.66,0.4,0.37,2024-08-16,2315,N,VIIRS,n,2,297.06,6.84,N,0
37.10801,40.83203,332.99,0.4,0.37,2024-08-16,2315,N,VIIRS,n,2,299.72,6.41,N,0
37.11371,40.81945,330.76,0.4,0.37,2024-08-16,2315,N,VIIRS,n,2,297.94,2.72,N,0
37.11706,40.82035,312.95,0.4,0.37,2024-08-16,2315,N,VIIRS,n,2,296.62,0.82,N,0
37.12304,43.36198,309.95,0.49,0.4,2024-08-16,2315,N,VIIRS,n,2,295.23,1.34,N,0
37.12946,43.36854,318.34,0.49,0.4,2024-08-16,2315,N,VIIRS,n,2,291.45,1.42,N,0
37.1314,43.37052,321.95,0.49,0.4,2024-08-16,2315,N,VIIRS,n,2,292.38,1.4,N,0
37.13244,43.36527,303.55,0.49,0.4,2024-08-16,2315,N,VIIRS,n,2,291.36,1.4,N,0
37.13305,43.36983,308.6,0.49,0.4,2024-08-16,2315,N,VIIRS,n,2,291.5,1.42,N,0
37.27422,42.77629,317.85,0.46,0.39,2024-08-16,2315,N,VIIRS,n,2,297.2,3.46,N,0
37.28714,42.18586,337.48,0.44,0.38,2024-08-16,2315,N,VIIRS,n,2,297.03,3.74,N,0
37.29059,42.18697,313.49,0.44,0.38,2024-08-16,2315,N,VIIRS,n,2,298.73,3.74,N,0
37.30006,42.19514,312.07,0.44,0.38,2024-08-16,2315,N,VIIRS,n,2,296.45,1.91,N,0
37.3389,40.80061,315.44,0.4,0.37,2024-08-16,2315,N,VIIRS,n,2,298.96,2.9,N,2
37.48384,39.42778,308.69,0.39,0.36,2024-08-16,2315,N,VIIRS,n,2,296.5,4.74,N,0
37.48508,39.35627,343.31,0.38,0.36,2024-08-16,2315,N,VIIRS,n,2,299.51,5.98,N,0
37.48577,39.35196,331.11,0.38,0.36,2024-08-16,2315,N,VIIRS,n,2,298.24,5.98,N,0
37.48713,39.4286,313.73,0.39,0.36,2024-08-16,2315,N,VIIRS,n,2,297.2,4.8,N,0
37.48836,39.35711,332.84,0.38,0.36,2024-08-16,2315,N,VIIRS,n,2,297.93,5.98,N,0
37.53713,38.65716,313.27,0.38,0.36,2024-08-16,2315,N,VIIRS,n,2,292.9,3.21,N,0
37.60027,39.58813,310.52,0.39,0.36,2024-08-16,2315,N,VIIRS,n,2,295.61,2.43,N,0
37.60098,39.58381,308.11,0.39,0.36,2024-08-16,2315,N,VIIRS,n,2,296.03,2.43,N,0
37.66847,38.43995,312.92,0.39,0.36,2024-08-16,2315,N,VIIRS,n,2,299.11,3.96,N,0
37.66912,38.43562,316.09,0.39,0.36,2024-08-16,2315,N,VIIRS,n,2,298.92,3.96,N,0
37.67176,38.44075,327.49,0.39,0.36,2024-08-16,2315,N,VIIRS,n,2,299.57,3.96,N,0
37.67242,38.43642,331.48,0.39,0.36,2024-08-16,2315,N,VIIRS,n,2,301.42,3.96,N,0
37.67572,38.43722,327.75,0.39,0.36,2024-08-16,2315,N,VIIRS,n,2,299.22,3.92,N,0
37.67902,38.43801,332.32,0.39,0.36,2024-08-16,2315,N,VIIRS,n,2,299.77,3.92,N,0
37.7237,38.59268,320.47,0.38,0.36,2024-08-16,2315,N,VIIRS,n,2,298.97,4.44,N,0
37.72965,38.57617,325.27,0.38,0.36,2024-08-16,2315,N,VIIRS,n,2,298.45,5.61,N,0
37.80942,40.14242,310.34,0.39,0.36,2024-08-16,2315,N,VIIRS,n,2,294.71,3.58,N,0
38.20269,41.36615,328.87,0.41,0.37,2024-08-16,2315,N,VIIRS,n,2,298.47,2.72,N,0
38.2035,41.3616,331.16,0.41,0.37,2024-08-16,2315,N,VIIRS,n,2,299.22,2.72,N,0
38.20607,41.367,309.84,0.41,0.37,2024-08-16,2315,N,VIIRS,n,2,297.86,2.72,N,0
38.20687,41.36247,308.71,0.41,0.37,2024-08-16,2315,N,VIIRS,n,2,297.66,2.72,N,0
38.25597,40.42215,316.62,0.39,0.36,2024-08-16,2315,N,VIIRS,n,2,296.22,5.36,N,0
38.26848,40.57378,323.18,0.39,0.36,2024-08-16,2315,N,VIIRS,n,2,297.85,6.1,N,0
38.50087,27.12346,306.12,0.39,0.6,2024-08-16,2315,N,VIIRS,n,2,294.75,1.15,N,0
38.50896,27.18491,316.17,0.39,0.59,2024-08-16,2315,N,VIIRS,n,2,296.17,1.83,N,0
38.51142,27.13593,314.75,0.39,0.6,2024-08-16,2315,N,VIIRS,n,2,295.7,3.85,N,0
38.51168,27.13073,367.0,0.39,0.6,2024-08-16,2315,N,VIIRS,h,2,302.59,12.63,N,0
38.51191,27.12625,367.0,0.39,0.6,2024-08-16,2315,N,VIIRS,h,2,304.68,12.63,N,0
38.51212,27.12211,318.91,0.39,0.6,2024-08-16,2315,N,VIIRS,n,2,298.39,8.31,N,0
38.51276,27.1094,307.03,0.39,0.6,2024-08-16,2315,N,VIIRS,n,2,295.94,1.26,N,0
38.51645,27.14694,309.99,0.39,0.6,2024-08-16,2315,N,VIIRS,n,2,294.79,1.61,N,0
38.51671,27.14175,324.15,0.39,0.6,2024-08-16,2315,N,VIIRS,n,2,297.45,3.85,N,0
38.51802,27.11601,310.1,0.39,0.6,2024-08-16,2315,N,VIIRS,n,2,296.48,1.26,N,0
38.51823,27.11194,316.19,0.39,0.6,2024-08-16,2315,N,VIIRS,n,2,297.87,1.26,N,0
38.51973,27.08195,305.9,0.4,0.6,2024-08-16,2315,N,VIIRS,n,2,294.9,1.63,N,0
38.522,27.14764,334.34,0.39,0.6,2024-08-16,2315,N,VIIRS,n,2,297.88,3.34,N,0
38.52227,27.14227,325.25,0.39,0.6,2024-08-16,2315,N,VIIRS,n,2,297.59,5.86,N,0
38.52393,27.10988,348.92,0.4,0.6,2024-08-16,2315,N,VIIRS,n,2,299.01,5.84,N,0
38.52417,27.10502,338.12,0.4,0.6,2024-08-16,2315,N,VIIRS,n,2,297.64,5.84,N,0
38.52446,27.09932,351.01,0.4,0.6,2024-08-16,2315,N,VIIRS,n,2,298.63,8.32,N,0
38.52505,27.08746,307.51,0.4,0.6,2024-08-16,2315,N,VIIRS,n,2,295.73,2.0,N,0
38.52699,27.15922,334.0,0.39,0.6,2024-08-16,2315,N,VIIRS,n,2,297.81,4.78,N,0
38.52725,27.15409,330.19,0.39,0.6,2024-08-16,2315,N,VIIRS,n,2,297.81,3.34,N,0
38.52752,27.14891,326.3,0.39,0.6,2024-08-16,2315,N,VIIRS,n,2,298.22,3.34,N,0
38.53183,27.17352,305.51,0.39,0.59,2024-08-16,2315,N,VIIRS,n,2,295.14,1.16,N,0
38.53218,27.16678,325.76,0.39,0.59,2024-08-16,2315,N,VIIRS,n,2,297.7,3.68,N,0
38.53248,27.16085,345.66,0.39,0.6,2024-08-16,2315,N,VIIRS,n,2,298.86,3.68,N,0
38.6531,39.76849,307.65,0.39,0.36,2024-08-16,2315,N,VIIRS,n,2,294.54,0.78,N,2
38.66069,30.61797,299.71,0.51,0.5,2024-08-16,2315,N,VIIRS,n,2,287.3,1.42,N,2
38.69478,28.11079,328.68,0.35,0.57,2024-08-16,2315,N,VIIRS,n,2,291.58,2.63,N,0
38.69506,28.10618,304.51,0.35,0.57,2024-08-16,2315,N,VIIRS,n,2,291.62,2.08,N,0
38.69951,28.12058,313.64,0.35,0.57,2024-08-16,2315,N,VIIRS,n,2,292.23,1.41,N,0
38.70006,28.11128,333.1,0.35,0.57,2024-08-16,2315,N,VIIRS,n,2,292.48,3.61,N,0
38.70034,28.10666,310.5,0.35,0.57,2024-08-16,2315,N,VIIRS,n,2,290.81,2.42,N,0
38.7103,28.11765,306.41,0.35,0.57,2024-08-16,2315,N,VIIRS,n,2,293.22,0.97,N,0
38.71531,28.12277,302.79,0.35,0.57,2024-08-16,2315,N,VIIRS,n,2,291.26,0.9,N,0
38.71558,28.11817,304.87,0.35,0.57,2024-08-16,2315,N,VIIRS,n,2,291.54,0.97,N,0
38.72644,28.11436,313.41,0.35,0.57,2024-08-16,2315,N,VIIRS,n,2,293.89,1.19,N,0
38.72672,28.10981,306.95,0.35,0.57,2024-08-16,2315,N,VIIRS,n,2,291.27,1.14,N,0
38.74744,28.11849,304.17,0.35,0.57,2024-08-16,2315,N,VIIRS,n,2,292.56,1.37,N,0
38.74953,28.14895,315.67,0.35,0.57,2024-08-16,2315,N,VIIRS,n,2,293.13,1.51,N,0
38.74977,28.14469,307.3,0.35,0.57,2024-08-16,2315,N,VIIRS,n,2,292.4,1.51,N,0
38.75064,28.15203,311.02,0.35,0.57,2024-08-16,2315,N,VIIRS,n,2,291.91,1.37,N,0
38.75092,28.14756,315.45,0.35,0.57,2024-08-16,2315,N,VIIRS,n,2,292.96,1.37,N,0
38.75119,28.14331,306.44,0.35,0.57,2024-08-16,2315,N,VIIRS,n,2,292.72,2.98,N,0
38.75215,26.95421,307.37,0.4,0.6,2024-08-16,2315,N,VIIRS,n,2,294.14,0.74,N,2
38.75457,28.15355,308.05,0.35,0.57,2024-08-16,2315,N,VIIRS,n,2,291.81,1.7,N,0
38.75484,28.14882,314.61,0.35,0.57,2024-08-16,2315,N,VIIRS,n,2,293.85,1.51,N,0
38.75558,28.13585,307.73,0.35,0.57,2024-08-16,2315,N,VIIRS,n,2,293.26,2.63,N,0
38.75581,28.13182,306.91,0.35,0.57,2024-08-16,2315,N,VIIRS,n,2,292.71,2.04,N,0
38.75594,28.15202,316.13,0.35,0.57,2024-08-16,2315,N,VIIRS,n,2,292.36,1.37,N,0
38.75705,28.13453,307.31,0.35,0.57,2024-08-16,2315,N,VIIRS,n,2,292.85,1.3,N,0
38.75731,28.13045,302.79,0.35,0.57,2024-08-16,2315,N,VIIRS,n,2,292.2,1.3,N,0
38.75811,28.11777,313.92,0.35,0.57,2024-08-16,2315,N,VIIRS,n,2,292.31,2.09,N,0
38.76015,28.14871,306.21,0.35,0.57,2024-08-16,2315,N,VIIRS,n,2,291.55,1.07,N,0
38.76041,28.14424,303.53,0.35,0.57,2024-08-16,2315,N,VIIRS,n,2,291.47,1.07,N,0
38.76065,28.13988,310.38,0.35,0.57,2024-08-16,2315,N,VIIRS,n,2,291.84,2.54,N,0
38.76186,28.11881,315.84,0.35,0.57,2024-08-16,2315,N,VIIRS,n,2,292.34,1.57,N,0
38.76211,28.11447,320.92,0.35,0.57,2024-08-16,2315,N,VIIRS,n,2,292.23,1.71,N,0
38.76567,28.14486,320.19,0.35,0.57,2024-08-16,2315,N,VIIRS,n,2,291.96,1.07,N,0
38.76591,28.1408,323.26,0.35,0.57,2024-08-16,2315,N,VIIRS,n,2,293.16,2.54,N,0
38.76614,28.13673,339.55,0.35,0.57,2024-08-16,2315,N,VIIRS,n,2,294.98,2.54,N,0
38.77115,28.14196,321.76,0.35,0.57,2024-08-16,2315,N,VIIRS,n,2,293.92,2.19,N,0
38.77137,28.13825,320.66,0.35,0.57,2024-08-16,2315,N,VIIRS,n,2,294.1,2.19,N,0
38.77619,28.14654,306.74,0.35,0.57,2024-08-16,2315,N,VIIRS,n,2,290.32,2.64,N,0
38.77641,28.14274,341.37,0.35,0.57,2024-08-16,2315,N,VIIRS,n,2,296.67,2.19,N,0
38.77662,28.13914,306.52,0.35,0.57,2024-08-16,2315,N,VIIRS,n,2,293.22,2.19,N,0
38.77684,28.13532,304.14,0.35,0.57,2024-08-16,2315,N,VIIRS,n,2,292.57,2.41,N,0
38.78168,28.14333,315.88,0.35,0.57,2024-08-16,2315,N,VIIRS,n,2,291.32,1.43,N,0
38.84464,35.73263,325.78,0.45,0.39,2024-08-16,2315,N,VIIRS,n,2,285.09,2.49,N,0
38.85856,35.76675,300.48,0.45,0.39,2024-08-16,2315,N,VIIRS,n,2,286.78,0.52,N,0
39.04923,42.02135,298.49,0.42,0.37,2024-08-16,2315,N,VIIRS,n,2,287.69,0.57,N,0
39.05177,42.02703,300.38,0.42,0.37,2024-08-16,2315,N,VIIRS,n,2,287.54,0.57,N,0
39.05262,42.02232,309.21,0.42,0.37,2024-08-16,2315,N,VIIRS,n,2,287.89,0.57,N,0
39.05346,42.03739,329.82,0.42,0.37,2024-08-16,2315,N,VIIRS,n,2,288.65,2.03,N,0
39.05685,42.03835,305.77,0.42,0.37,2024-08-16,2315,N,VIIRS,n,2,287.83,2.03,N,0
39.05939,42.04404,328.96,0.42,0.37,2024-08-16,2315,N,VIIRS,n,2,288.4,2.21,N,0
39.06025,42.03931,305.59,0.42,0.37,2024-08-16,2315,N,VIIRS,n,2,287.53,1.9,N,0
39.06279,42.04499,324.74,0.42,0.37,2024-08-16,2315,N,VIIRS,n,2,288.44,2.21,N,0
39.06449,42.03556,308.97,0.42,0.37,2024-08-16,2315,N,VIIRS,n,2,287.59,1.9,N,0
39.09406,39.67205,303.26,0.38,0.36,2024-08-16,2315,N,VIIRS,n,2,291.56,0.86,N,0
39.15709,42.36759,316.92,0.42,0.38,2024-08-16,2315,N,VIIRS,n,2,287.65,1.79,N,0
39.15797,42.36277,320.36,0.42,0.38,2024-08-16,2315,N,VIIRS,n,2,287.41,1.79,N,0
39.1605,42.36862,318.19,0.42,0.38,2024-08-16,2315,N,VIIRS,n,2,287.68,1.23,N,0
39.16138,42.3638,311.71,0.42,0.38,2024-08-16,2315,N,VIIRS,n,2,286.5,1.23,N,0
39.16304,42.37447,300.89,0.42,0.38,2024-08-16,2315,N,VIIRS,n,2,287.05,0.54,N,0
39.16391,42.36965,304.34,0.42,0.38,2024-08-16,2315,N,VIIRS,n,2,287.77,1.23,N,0
39.17226,42.18505,296.55,0.42,0.38,2024-08-16,2315,N,VIIRS,n,2,286.16,0.38,N,0
39.17231,42.16502,336.31,0.42,0.38,2024-08-16,2315,N,VIIRS,n,2,286.19,6.2,N,0
39.17312,42.18028,298.73,0.42,0.38,2024-08-16,2315,N,VIIRS,n,2,286.2,0.53,N,0
39.19773,42.18257,310.91,0.42,0.38,2024-08-16,2315,N,VIIRS,n,2,286.66,1.41,N,0
39.20367,42.18933,305.63,0.42,0.38,2024-08-16,2315,N,VIIRS,n,2,286.66,1.19,N,0
39.20621,42.1951,315.85,0.42,0.38,2024-08-16,2315,N,VIIRS,n,2,285.44,0.89,N,0
39.20706,42.19034,330.88,0.42,0.38,2024-08-16,2315,N,VIIRS,n,2,287.37,3.68,N,0
39.2096,42.19612,299.35,0.42,0.38,2024-08-16,2315,N,VIIRS,n,2,284.79,0.89,N,0
39.21127,34.65586,304.46,0.5,0.41,2024-08-16,2315,N,VIIRS,n,2,284.51,1.06,N,0
39.2428,42.1428,304.19,0.42,0.37,2024-08-16,2315,N,VIIRS,n,2,284.9,0.76,N,0
39.24366,42.35456,332.93,0.42,0.38,2024-08-16,2315,N,VIIRS,n,2,288.88,3.95,N,0
39.26856,34.6906,296.2,0.49,0.41,2024-08-16,2315,N,VIIRS,n,2,285.06,0.41,N,0
39.27294,34.68563,298.11,0.5,0.41,2024-08-16,2315,N,VIIRS,n,2,284.6,0.72,N,0
39.28635,32.75977,303.84,0.4,0.45,2024-08-16,2315,N,VIIRS,n,2,285.45,0.77,N,0
39.31799,27.30067,311.72,0.39,0.59,2024-08-16,2315,N,VIIRS,n,2,291.91,1.13,N,0
39.31879,27.30346,313.79,0.39,0.59,2024-08-16,2315,N,VIIRS,n,2,292.05,1.3,N,0
39.319,27.29951,308.54,0.39,0.59,2024-08-16,2315,N,VIIRS,n,2,291.68,1.57,N,0
39.32351,27.30185,311.81,0.39,0.59,2024-08-16,2315,N,VIIRS,n,2,292.29,1.13,N,0
39.3308,34.95395,332.9,0.48,0.4,2024-08-16,2315,N,VIIRS,n,2,285.3,2.83,N,0
39.33449,34.95464,308.66,0.48,0.4,2024-08-16,2315,N,VIIRS,n,2,284.05,0.93,N,0
39.42139,35.47424,298.79,0.46,0.39,2024-08-16,2315,N,VIIRS,n,2,284.11,0.36,N,0
39.4853,30.04138,305.4,0.56,0.52,2024-08-16,2315,N,VIIRS,n,2,287.19,1.32,N,2
39.59606,32.41995,301.2,0.42,0.45,2024-08-16,2315,N,VIIRS,n,2,289.62,0.98,N,2
39.60308,33.28682,309.65,0.38,0.43,2024-08-16,2315,N,VIIRS,n,2,287.05,0.81,N,0
39.60332,33.28854,307.02,0.38,0.44,2024-08-16,2315,N,VIIRS,n,2,287.26,0.8,N,0
39.72491,36.93631,300.15,0.42,0.38,2024-08-16,2315,N,VIIRS,n,2,285.89,1.25,N,2
39.83607,30.3027,301.55,0.55,0.51,2024-08-16,2315,N,VIIRS,n,2,287.29,0.72,N,2
39.89954,28.86926,308.71,0.33,0.55,2024-08-16,2315,N,VIIRS,n,2,285.82,0.63,N,0
39.92524,41.16693,295.27,0.39,0.36,2024-08-16,2315,N,VIIRS,n,2,282.92,0.29,N,0
39.94368,40.5824,296.03,0.39,0.36,2024-08-16,2315,N,VIIRS,n,2,285.13,0.52,N,0
39.94513,33.19292,303.84,0.39,0.44,2024-08-16,2315,N,VIIRS,n,2,287.84,0.53,N,2
39.96228,33.14361,298.61,0.39,0.44,2024-08-16,2315,N,VIIRS,n,2,287.65,0.54,N,2
40.05138,32.65073,301.19,0.42,0.45,2024-08-16,2315,N,VIIRS,n,2,289.17,0.74,N,2
40.18384,28.41957,324.92,0.35,0.56,2024-08-16,2315,N,VIIRS,n,2,291.66,2.2,N,0
40.18911,28.42011,338.2,0.35,0.56,2024-08-16,2315,N,VIIRS,n,2,293.98,2.2,N,0
40.32424,30.88681,313.64,0.52,0.5,2024-08-16,2315,N,VIIRS,n,2,288.81,1.99,N,0
40.3283,30.89427,299.73,0.52,0.5,2024-08-16,2315,N,VIIRS,n,2,289.15,2.14,N,0
40.32878,30.88832,324.75,0.52,0.5,2024-08-16,2315,N,VIIRS,n,2,291.12,2.14,N,0
40.32978,30.87562,301.11,0.52,0.5,2024-08-16,2315,N,VIIRS,n,2,287.31,2.86,N,0
40.33302,30.95134,306.48,0.51,0.5,2024-08-16,2315,N,VIIRS,n,2,287.9,1.55,N,0
40.33333,30.88953,312.06,0.52,0.5,2024-08-16,2315,N,VIIRS,n,2,289.14,2.14,N,0
40.33599,30.91438,310.8,0.51,0.5,2024-08-16,2315,N,VIIRS,n,2,288.94,1.8,N,0
40.33644,30.90885,300.81,0.51,0.5,2024-08-16,2315,N,VIIRS,n,2,287.74,1.9,N,0
40.33791,30.89052,303.47,0.52,0.5,2024-08-16,2315,N,VIIRS,n,2,288.21,1.34,N,0
40.34045,30.96752,301.17,0.51,0.49,2024-08-16,2315,N,VIIRS,n,2,287.29,1.66,N,0
40.34087,30.96195,313.25,0.51,0.5,2024-08-16,2315,N,VIIRS,n,2,288.89,1.66,N,0
40.34112,30.96581,323.87,0.51,0.49,2024-08-16,2315,N,VIIRS,n,2,288.75,3.92,N,0
40.34458,30.97412,314.14,0.51,0.49,2024-08-16,2315,N,VIIRS,n,2,287.25,3.56,N,0
40.34475,30.97816,298.94,0.51,0.49,2024-08-16,2315,N,VIIRS,n,2,285.68,0.95,N,0
40.34501,30.96855,334.0,0.51,0.49,2024-08-16,2315,N,VIIRS,n,2,291.23,2.7,N,0
40.34523,30.97223,331.58,0.51,0.49,2024-08-16,2315,N,VIIRS,n,2,289.57,3.92,N,0
40.34541,30.96317,306.02,0.51,0.5,2024-08-16,2315,N,VIIRS,n,2,288.67,2.7,N,0
40.34567,30.96687,325.36,0.51,0.49,2024-08-16,2315,N,VIIRS,n,2,290.55,3.92,N,0
40.34612,30.96136,298.6,0.51,0.49,2024-08-16,2315,N,VIIRS,n,2,287.31,2.45,N,0
40.34913,30.9752,325.72,0.51,0.49,2024-08-16,2315,N,VIIRS,n,2,289.42,3.56,N,0
40.34932,30.97898,321.68,0.51,0.49,2024-08-16,2315,N,VIIRS,n,2,287.88,1.36,N,0
40.34955,30.96977,311.16,0.51,0.49,2024-08-16,2315,N,VIIRS,n,2,288.66,2.7,N,0
40.34977,30.97348,299.78,0.51,0.49,2024-08-16,2315,N,VIIRS,n,2,287.88,2.2,N,0
40.34998,30.96421,310.57,0.51,0.5,2024-08-16,2315,N,VIIRS,n,2,288.45,2.7,N,0
40.35021,30.96803,315.79,0.51,0.49,2024-08-16,2315,N,VIIRS,n,2,289.43,2.2,N,0
40.35368,30.97642,298.7,0.51,0.49,2024-08-16,2315,N,VIIRS,n,2,286.96,2.0,N,0
40.35386,30.98013,302.51,0.51,0.49,2024-08-16,2315,N,VIIRS,n,2,286.33,1.36,N,0
40.35822,30.97774,321.05,0.51,0.49,2024-08-16,2315,N,VIIRS,n,2,289.24,2.0,N,0
40.36276,30.97887,302.69,0.51,0.49,2024-08-16,2315,N,VIIRS,n,2,287.23,1.2,N,0
40.36317,30.97355,303.6,0.51,0.49,2024-08-16,2315,N,VIIRS,n,2,286.58,1.09,N,0
40.41159,39.65847,298.52,0.38,0.36,2024-08-16,2315,N,VIIRS,n,2,284.51,0.52,N,0
40.7646,32.21447,301.58,0.45,0.47,2024-08-16,2315,N,VIIRS,n,2,283.83,0.94,N,2
40.76579,32.21533,305.43,0.45,0.47,2024-08-16,2315,N,VIIRS,n,2,284.75,1.35,N,2
40.80126,29.50994,302.56,0.62,0.54,2024-08-16,2315,N,VIIRS,n,2,292.0,0.59,N,2
40.94634,31.39376,301.48,0.49,0.49,2024-08-16,2315,N,VIIRS,n,2,289.59,0.86,N,2
40.94747,31.39458,301.57,0.49,0.49,2024-08-16,2315,N,VIIRS,n,2,289.1,0.78,N,2
41.02105,28.55729,304.58,0.35,0.56,2024-08-16,2315,N,VIIRS,n,2,293.65,1.09,N,2
41.02127,28.55326,315.16,0.35,0.56,2024-08-16,2315,N,VIIRS,n,2,294.08,1.58,N,2
41.02561,36.09752,296.65,0.46,0.39,2024-08-16,2315,N,VIIRS,n,2,286.51,0.59,N,0
41.05525,32.84662,328.74,0.42,0.45,2024-08-16,2315,N,VIIRS,n,2,287.56,3.03,N,0
41.0557,32.84174,328.21,0.42,0.45,2024-08-16,2315,N,VIIRS,n,2,289.79,5.51,N,0
41.05892,32.85298,310.8,0.42,0.45,2024-08-16,2315,N,VIIRS,n,2,287.41,3.03,N,0
41.05938,32.848,332.67,0.42,0.45,2024-08-16,2315,N,VIIRS,n,2,291.05,3.03,N,0
41.10865,37.32162,312.87,0.42,0.38,2024-08-16,2315,N,VIIRS,n,2,291.52,0.88,N,2
41.17616,32.63399,317.58,0.43,0.46,2024-08-16,2315,N,VIIRS,n,2,294.42,2.69,N,2
41.1804,32.63463,310.54,0.43,0.46,2024-08-16,2315,N,VIIRS,n,2,292.64,1.51,N,2
41.25359,31.41625,307.16,0.5,0.49,2024-08-16,2315,N,VIIRS,n,2,290.78,1.06,N,2
41.25409,31.41023,305.36,0.5,0.49,2024-08-16,2315,N,VIIRS,n,2,291.0,1.06,N,2
41.25439,31.41176,313.79,0.5,0.49,2024-08-16,2315,N,VIIRS,n,2,291.46,2.06,N,2
41.26618,31.43019,306.87,0.49,0.49,2024-08-16,2315,N,VIIRS,n,2,291.38,1.35,N,2
41.26667,31.42418,314.69,0.49,0.49,2024-08-16,2315,N,VIIRS,n,2,294.42,1.35,N,2
41.26704,31.42578,310.6,0.5,0.49,2024-08-16,2315,N,VIIRS,n,2,293.41,3.4,N,2
41.43782,34.62001,303.76,0.53,0.42,2024-08-16,2315,N,VIIRS,n,2,285.06,0.8,N,0
41.62899,27.68639,300.2,0.39,0.59,2024-08-16,2315,N,VIIRS,n,2,289.06,0.76,N,2
35.52777,44.34693,320.81,0.57,0.43,2024-08-16,2316,N,VIIRS,n,2,297.8,5.19,N,2
35.52907,44.34077,342.56,0.57,0.43,2024-08-16,2316,N,VIIRS,n,2,299.27,5.19,N,2
35.53299,44.34195,314.67,0.57,0.43,2024-08-16,2316,N,VIIRS,n,2,298.13,2.34,N,2
35.53429,44.33576,331.0,0.57,0.43,2024-08-16,2316,N,VIIRS,n,2,298.84,5.68,N,2
35.56546,44.28622,331.45,0.57,0.43,2024-08-16,2316,N,VIIRS,n,2,300.49,4.63,N,2
35.62696,44.00893,311.56,0.55,0.43,2024-08-16,2316,N,VIIRS,n,2,299.08,4.17,N,2
35.63079,44.01015,344.49,0.55,0.43,2024-08-16,2316,N,VIIRS,n,2,301.21,4.17,N,2
35.661,43.96226,320.93,0.55,0.42,2024-08-16,2316,N,VIIRS,n,2,298.54,5.95,N,2
35.66484,43.96341,330.9,0.55,0.42,2024-08-16,2316,N,VIIRS,n,2,302.72,5.95,N,2
35.67157,44.30682,312.24,0.57,0.43,2024-08-16,2316,N,VIIRS,n,2,295.92,1.82,N,0
35.68285,43.87476,309.24,0.54,0.42,2024-08-16,2316,N,VIIRS,n,2,298.99,3.06,N,2
35.68666,43.87591,331.02,0.54,0.42,2024-08-16,2316,N,VIIRS,n,2,306.19,36.87,N,2
35.72296,44.03886,313.67,0.55,0.43,2024-08-16,2316,N,VIIRS,n,2,298.95,5.01,N,2
35.72683,44.03996,342.08,0.55,0.43,2024-08-16,2316,N,VIIRS,n,2,302.33,5.01,N,2
35.72805,44.03401,320.78,0.55,0.43,2024-08-16,2316,N,VIIRS,n,2,298.96,5.01,N,2
35.77239,43.99671,325.07,0.55,0.42,2024-08-16,2316,N,VIIRS,n,2,299.81,4.7,N,2
35.82792,43.64233,319.11,0.53,0.42,2024-08-16,2316,N,VIIRS,n,2,298.75,2.03,N,0
35.82909,43.63654,313.64,0.52,0.42,2024-08-16,2316,N,VIIRS,n,2,299.57,3.89,N,0
35.83168,43.64352,316.66,0.53,0.42,2024-08-16,2316,N,VIIRS,n,2,299.59,2.03,N,0
35.92423,43.78852,321.32,0.53,0.42,2024-08-16,2316,N,VIIRS,n,2,299.63,4.08,N,2
35.95205,43.72985,314.73,0.53,0.42,2024-08-16,2316,N,VIIRS,n,2,299.72,2.79,N,2
35.96687,43.76582,314.69,0.53,0.42,2024-08-16,2316,N,VIIRS,n,2,300.82,6.94,N,2
35.97319,43.77415,322.79,0.53,0.42,2024-08-16,2316,N,VIIRS,n,2,301.32,4.89,N,2
35.9819,43.7708,317.2,0.53,0.42,2024-08-16,2316,N,VIIRS,n,2,301.41,4.49,N,2
35.99932,43.76404,317.47,0.53,0.42,2024-08-16,2316,N,VIIRS,n,2,299.49,3.71,N,2
36.01935,43.68495,326.19,0.52,0.42,2024-08-16,2316,N,VIIRS,n,2,300.91,3.05,N,2
36.02049,43.67928,309.44,0.52,0.42,2024-08-16,2316,N,VIIRS,n,2,298.25,3.05,N,2
36.02442,43.62035,307.51,0.52,0.42,2024-08-16,2316,N,VIIRS,n,2,297.12,1.18,N,0
36.08263,43.63908,310.59,0.52,0.41,2024-08-16,2316,N,VIIRS,n,2,296.97,1.43,N,0
36.08437,43.63876,318.46,0.52,0.42,2024-08-16,2316,N,VIIRS,n,2,297.1,2.25,N,0
36.09993,43.63234,310.87,0.52,0.41,2024-08-16,2316,N,VIIRS,n,2,297.04,1.49,N,0
36.14141,40.81813,309.99,0.41,0.37,2024-08-16,2316,N,VIIRS,n,2,298.61,1.06,N,2
36.14479,40.81905,315.25,0.41,0.37,2024-08-16,2316,N,VIIRS,n,2,299.47,1.06,N,2
36.26178,33.72865,310.31,0.5,0.41,2024-08-16,2316,N,VIIRS,n,2,298.51,3.18,N,2
36.26554,33.72934,312.12,0.5,0.41,2024-08-16,2316,N,VIIRS,n,2,298.74,3.05,N,2
36.35072,42.07753,316.36,0.45,0.39,2024-08-16,2316,N,VIIRS,n,2,302.63,2.96,N,2
36.43955,37.19983,307.12,0.39,0.36,2024-08-16,2316,N,VIIRS,n,2,295.44,0.91,N,0
36.45687,41.2821,309.28,0.42,0.38,2024-08-16,2316,N,VIIRS,n,2,297.87,0.7,N,2
36.80009,37.01877,316.12,0.4,0.37,2024-08-16,2316,N,VIIRS,n,2,297.66,2.78,N,2
36.86895,34.76197,309.79,0.46,0.39,2024-08-16,2316,N,VIIRS,n,2,297.21,2.14,N,2
36.86938,34.76086,312.55,0.46,0.39,2024-08-16,2316,N,VIIRS,n,2,297.13,3.35,N,2
36.93219,35.99899,307.85,0.42,0.38,2024-08-16,2316,N,VIIRS,n,2,295.32,4.3,N,2
36.93384,30.64569,311.25,0.49,0.48,2024-08-16,2316,N,VIIRS,n,2,297.9,2.5,N,2
36.94482,31.36149,317.24,0.45,0.47,2024-08-16,2316,N,VIIRS,n,2,298.22,1.68,N,0
36.94917,31.36174,321.23,0.45,0.47,2024-08-16,2316,N,VIIRS,n,2,299.46,1.68,N,0
36.96384,35.45243,308.95,0.44,0.38,2024-08-16,2316,N,VIIRS,n,2,297.2,2.29,N,2
36.96812,39.87552,348.22,0.39,0.36,2024-08-16,2316,N,VIIRS,n,2,298.22,5.72,N,0
36.96885,39.87117,329.09,0.39,0.36,2024-08-16,2316,N,VIIRS,n,2,296.01,2.85,N,0
36.97143,39.87637,310.31,0.39,0.36,2024-08-16,2316,N,VIIRS,n,2,298.22,1.86,N,0
36.97215,39.87203,314.07,0.39,0.36,2024-08-16,2316,N,VIIRS,n,2,296.57,1.01,N,0
37.02365,27.29598,314.21,0.37,0.58,2024-08-16,2316,N,VIIRS,n,2,296.43,1.35,N,0
37.02507,27.29379,310.65,0.37,0.58,2024-08-16,2316,N,VIIRS,n,2,296.04,0.9,N,0
37.15907,37.31279,302.89,0.4,0.37,2024-08-16,2316,N,VIIRS,n,2,288.61,0.28,N,0
37.21027,27.81025,318.6,0.35,0.57,2024-08-16,2316,N,VIIRS,n,2,297.89,2.01,N,0
37.27162,38.44167,316.34,0.38,0.36,2024-08-16,2316,N,VIIRS,n,2,295.75,3.52,N,0
37.27774,38.73321,308.46,0.38,0.36,2024-08-16,2316,N,VIIRS,n,2,296.97,3.78,N,2
37.40156,27.262,311.96,0.38,0.59,2024-08-16,2316,N,VIIRS,n,2,297.06,1.33,N,0
37.52538,28.3098,345.73,0.33,0.55,2024-08-16,2316,N,VIIRS,n,2,298.18,5.53,N,0
37.52566,28.30549,352.39,0.33,0.56,2024-08-16,2316,N,VIIRS,n,2,300.11,8.56,N,0
37.53048,28.31136,353.82,0.33,0.55,2024-08-16,2316,N,VIIRS,n,2,302.53,21.74,N,0
37.53076,28.30706,367.0,0.33,0.56,2024-08-16,2316,N,VIIRS,h,2,309.16,18.21,N,0
37.53105,28.30265,338.73,0.33,0.56,2024-08-16,2316,N,VIIRS,n,2,297.41,18.21,N,0
37.53512,28.31979,334.37,0.33,0.55,2024-08-16,2316,N,VIIRS,n,2,295.02,12.27,N,0
37.53535,28.31624,367.0,0.33,0.55,2024-08-16,2316,N,VIIRS,h,2,313.06,21.74,N,0
37.5356,28.3126,367.0,0.33,0.55,2024-08-16,2316,N,VIIRS,h,2,304.11,21.74,N,0
37.53586,28.30857,347.68,0.33,0.56,2024-08-16,2316,N,VIIRS,n,2,313.83,18.21,N,0
37.53615,28.30417,343.43,0.33,0.56,2024-08-16,2316,N,VIIRS,n,2,297.99,18.21,N,0
37.54026,28.32066,355.58,0.33,0.55,2024-08-16,2316,N,VIIRS,n,2,300.98,5.81,N,0
37.5405,28.31711,367.0,0.33,0.55,2024-08-16,2316,N,VIIRS,h,2,306.49,11.26,N,0
37.54073,28.31354,331.51,0.33,0.55,2024-08-16,2316,N,VIIRS,n,2,299.46,11.26,N,0
37.54099,28.30968,327.45,0.33,0.56,2024-08-16,2316,N,VIIRS,n,2,299.63,6.93,N,0
37.54515,28.32524,329.05,0.33,0.55,2024-08-16,2316,N,VIIRS,n,2,295.79,5.81,N,0
37.54539,28.32158,337.21,0.33,0.55,2024-08-16,2316,N,VIIRS,n,2,298.3,5.81,N,0
37.54564,28.31792,356.08,0.33,0.55,2024-08-16,2316,N,VIIRS,n,2,303.1,11.26,N,0
37.54588,28.31427,367.0,0.33,0.55,2024-08-16,2316,N,VIIRS,h,2,308.53,11.26,N,0
37.54613,28.31055,328.28,0.33,0.56,2024-08-16,2316,N,VIIRS,n,2,296.41,6.93,N,0
37.55025,28.32666,317.68,0.33,0.55,2024-08-16,2316,N,VIIRS,n,2,295.18,1.63,N,0
37.5505,28.32302,318.71,0.33,0.55,2024-08-16,2316,N,VIIRS,n,2,296.22,1.63,N,0
37.55075,28.31927,316.56,0.33,0.55,2024-08-16,2316,N,VIIRS,n,2,295.52,2.5,N,0
37.55466,28.33844,367.0,0.33,0.55,2024-08-16,2316,N,VIIRS,h,2,295.88,9.5,N,0
37.55489,28.33498,367.0,0.33,0.55,2024-08-16,2316,N,VIIRS,h,2,301.3,8.41,N,0
37.55513,28.3315,320.29,0.33,0.55,2024-08-16,2316,N,VIIRS,n,2,296.25,8.41,N,0
37.55536,28.32803,316.62,0.33,0.55,2024-08-16,2316,N,VIIRS,n,2,295.47,1.63,N,0
37.5556,28.32449,317.06,0.33,0.55,2024-08-16,2316,N,VIIRS,n,2,295.42,1.63,N,0
37.55585,28.32081,326.94,0.33,0.55,2024-08-16,2316,N,VIIRS,n,2,297.16,2.5,N,0
37.55611,28.31683,322.68,0.33,0.55,2024-08-16,2316,N,VIIRS,n,2,295.21,2.5,N,0
37.55638,28.31287,314.49,0.33,0.56,2024-08-16,2316,N,VIIRS,n,2,294.86,1.62,N,0
37.55663,28.30917,304.1,0.33,0.56,2024-08-16,2316,N,VIIRS,n,2,293.34,1.62,N,0
37.5598,28.33924,367.0,0.33,0.55,2024-08-16,2316,N,VIIRS,h,2,304.2,5.76,N,0
37.56004,28.33568,327.17,0.33,0.55,2024-08-16,2316,N,VIIRS,n,2,299.5,3.24,N,0
37.56027,28.33224,313.56,0.33,0.55,2024-08-16,2316,N,VIIRS,n,2,295.71,3.24,N,0
37.56049,28.32888,309.84,0.33,0.55,2024-08-16,2316,N,VIIRS,n,2,295.82,1.97,N,0
37.56072,28.32558,318.57,0.33,0.55,2024-08-16,2316,N,VIIRS,n,2,297.68,1.97,N,0
37.56094,28.32223,337.17,0.33,0.55,2024-08-16,2316,N,VIIRS,n,2,302.18,56.61,N,0
37.56147,28.31438,367.0,0.33,0.56,2024-08-16,2316,N,VIIRS,h,2,335.34,73.62,N,0
37.56173,28.31069,327.55,0.33,0.56,2024-08-16,2316,N,VIIRS,n,2,293.31,73.62,N,0
37.56195,28.30727,303.34,0.33,0.56,2024-08-16,2316,N,VIIRS,n,2,292.84,1.96,N,0
37.56492,28.34033,320.73,0.33,0.55,2024-08-16,2316,N,VIIRS,n,2,295.34,5.76,N,0
37.56517,28.33667,324.39,0.33,0.55,2024-08-16,2316,N,VIIRS,n,2,298.63,3.24,N,0
37.5654,28.33322,320.07,0.33,0.55,2024-08-16,2316,N,VIIRS,n,2,297.92,3.24,N,0
37.56563,28.32982,307.71,0.33,0.55,2024-08-16,2316,N,VIIRS,n,2,294.84,1.97,N,0
37.56585,28.3265,336.81,0.33,0.55,2024-08-16,2316,N,VIIRS,n,2,297.61,1.97,N,0
37.56608,28.32315,340.34,0.33,0.55,2024-08-16,2316,N,VIIRS,n,2,298.89,56.61,N,0
37.56632,28.31958,316.3,0.33,0.55,2024-08-16,2316,N,VIIRS,n,2,294.71,56.61,N,0
37.56659,28.3157,303.87,0.33,0.56,2024-08-16,2316,N,VIIRS,n,2,293.0,73.62,N,0
37.57003,28.34149,367.0,0.33,0.55,2024-08-16,2316,N,VIIRS,h,2,300.85,5.82,N,0
37.57027,28.33804,329.96,0.33,0.55,2024-08-16,2316,N,VIIRS,n,2,296.76,3.74,N,0
37.5705,28.33453,312.49,0.33,0.55,2024-08-16,2316,N,VIIRS,n,2,294.73,3.74,N,0
37.57121,28.32416,333.18,0.33,0.55,2024-08-16,2316,N,VIIRS,n,2,295.62,7.41,N,0
37.57145,28.32064,312.33,0.33,0.55,2024-08-16,2316,N,VIIRS,n,2,292.47,7.41,N,0
37.5715,28.34396,310.24,0.33,0.55,2024-08-16,2316,N,VIIRS,n,2,293.36,4.18,N,0
37.57172,28.3405,367.0,0.33,0.55,2024-08-16,2316,N,VIIRS,h,2,305.03,4.18,N,0
37.57193,28.33705,321.84,0.33,0.55,2024-08-16,2316,N,VIIRS,n,2,295.79,2.72,N,0
37.57215,28.33358,309.88,0.33,0.55,2024-08-16,2316,N,VIIRS,n,2,294.3,2.72,N,0
37.57258,28.32672,306.48,0.33,0.55,2024-08-16,2316,N,VIIRS,n,2,294.07,3.01,N,0
37.57279,28.32332,344.1,0.33,0.56,2024-08-16,2316,N,VIIRS,n,2,296.62,7.64,N,0
37.57301,28.31973,318.75,0.33,0.56,2024-08-16,2316,N,VIIRS,n,2,292.8,7.64,N,0
37.57496,28.34531,304.54,0.33,0.55,2024-08-16,2316,N,VIIRS,n,2,293.1,5.82,N,0
37.57519,28.34199,367.0,0.33,0.55,2024-08-16,2316,N,VIIRS,h,2,305.36,5.82,N,0
37.57542,28.33867,320.48,0.33,0.55,2024-08-16,2316,N,VIIRS,n,2,297.9,3.74,N,0
37.57564,28.33541,307.15,0.33,0.55,2024-08-16,2316,N,VIIRS,n,2,293.76,3.74,N,0
37.57586,28.33217,305.49,0.33,0.55,2024-08-16,2316,N,VIIRS,n,2,294.12,2.8,N,0
37.57608,28.32891,310.58,0.33,0.55,2024-08-16,2316,N,VIIRS,n,2,295.52,2.8,N,0
37.57631,28.32558,355.03,0.33,0.55,2024-08-16,2316,N,VIIRS,n,2,302.63,7.41,N,0
37.57655,28.32212,367.0,0.33,0.55,2024-08-16,2316,N,VIIRS,h,2,298.4,7.41,N,0
37.57668,28.34421,321.63,0.33,0.55,2024-08-16,2316,N,VIIRS,n,2,293.89,4.18,N,0
37.57688,28.34093,337.72,0.33,0.55,2024-08-16,2316,N,VIIRS,n,2,300.97,4.18,N,0
37.57708,28.33768,310.44,0.33,0.55,2024-08-16,2316,N,VIIRS,n,2,296.12,2.72,N,0
37.57728,28.3345,306.79,0.33,0.55,2024-08-16,2316,N,VIIRS,n,2,293.87,2.72,N,0
37.57748,28.33134,305.92,0.33,0.55,2024-08-16,2316,N,VIIRS,n,2,294.43,3.01,N,0
37.57769,28.32811,328.91,0.33,0.55,2024-08-16,2316,N,VIIRS,n,2,299.48,3.01,N,0
37.5779,28.32466,357.64,0.33,0.56,2024-08-16,2316,N,VIIRS,n,2,306.18,7.64,N,0
37.57812,28.32108,339.93,0.33,0.56,2024-08-16,2316,N,VIIRS,n,2,292.34,7.64,N,0
37.57991,28.3489,319.51,0.33,0.55,2024-08-16,2316,N,VIIRS,n,2,293.97,1.2,N,0
37.58014,28.34558,304.71,0.33,0.55,2024-08-16,2316,N,VIIRS,n,2,293.38,2.1,N,0
37.58036,28.34228,316.63,0.33,0.55,2024-08-16,2316,N,VIIRS,n,2,295.95,2.1,N,0
37.58059,28.33901,318.51,0.33,0.55,2024-08-16,2316,N,VIIRS,n,2,294.23,3.21,N,0
37.58124,28.32947,323.92,0.33,0.55,2024-08-16,2316,N,VIIRS,n,2,297.07,12.54,N,0
37.58149,28.32591,347.97,0.33,0.55,2024-08-16,2316,N,VIIRS,n,2,297.43,11.82,N,0
37.58163,28.34792,327.23,0.33,0.55,2024-08-16,2316,N,VIIRS,n,2,295.18,1.74,N,0
37.58184,28.3446,306.92,0.33,0.55,2024-08-16,2316,N,VIIRS,n,2,294.14,1.74,N,0
37.58205,28.34124,318.56,0.33,0.55,2024-08-16,2316,N,VIIRS,n,2,295.05,1.74,N,0
37.58226,28.33793,305.39,0.33,0.55,2024-08-16,2316,N,VIIRS,n,2,292.64,2.01,N,0
37.58267,28.33145,310.1,0.33,0.55,2024-08-16,2316,N,VIIRS,n,2,294.28,10.8,N,0
37.58289,28.32802,352.08,0.33,0.55,2024-08-16,2316,N,VIIRS,n,2,297.42,10.8,N,0
37.58313,28.3242,320.21,0.33,0.56,2024-08-16,2316,N,VIIRS,n,2,291.64,15.79,N,0
37.58482,28.35287,308.27,0.33,0.55,2024-08-16,2316,N,VIIRS,n,2,293.87,1.2,N,0
37.58506,28.34956,310.67,0.33,0.55,2024-08-16,2316,N,VIIRS,n,2,293.58,1.2,N,0
37.58529,28.34623,332.76,0.33,0.55,2024-08-16,2316,N,VIIRS,n,2,296.13,2.1,N,0
37.58624,28.3323,332.4,0.33,0.55,2024-08-16,2316,N,VIIRS,n,2,296.75,12.54,N,0
37.58636,28.3552,315.52,0.33,0.55,2024-08-16,2316,N,VIIRS,n,2,293.58,1.21,N,0
37.58649,28.32871,367.0,0.33,0.55,2024-08-16,2316,N,VIIRS,h,2,311.59,12.54,N,0
37.58657,28.35181,313.44,0.33,0.55,2024-08-16,2316,N,VIIRS,n,2,296.01,1.74,N,0
37.58678,28.32454,322.5,0.33,0.55,2024-08-16,2316,N,VIIRS,n,2,292.97,11.82,N,0
37.58679,28.34843,318.77,0.33,0.55,2024-08-16,2316,N,VIIRS,n,2,293.88,1.74,N,0
37.587,28.34509,318.08,0.33,0.55,2024-08-16,2316,N,VIIRS,n,2,294.29,1.74,N,0
37.58768,28.33426,314.37,0.33,0.55,2024-08-16,2316,N,VIIRS,n,2,295.52,2.01,N,0
37.58791,28.33071,353.1,0.33,0.55,2024-08-16,2316,N,VIIRS,n,2,299.57,10.8,N,0
37.58815,28.32685,367.0,0.33,0.55,2024-08-16,2316,N,VIIRS,h,2,305.56,10.8,N,0
37.5914,28.35741,332.63,0.33,0.55,2024-08-16,2316,N,VIIRS,n,2,295.37,4.97,N,0
37.59161,28.35414,336.0,0.33,0.55,2024-08-16,2316,N,VIIRS,n,2,298.51,4.97,N,0
37.59183,28.35077,314.41,0.33,0.55,2024-08-16,2316,N,VIIRS,n,2,297.99,5.62,N,0
37.59273,28.33645,322.18,0.33,0.55,2024-08-16,2316,N,VIIRS,n,2,297.66,3.55,N,0
37.59296,28.33278,325.4,0.33,0.55,2024-08-16,2316,N,VIIRS,n,2,297.49,3.55,N,0
37.59646,28.35936,326.87,0.33,0.55,2024-08-16,2316,N,VIIRS,n,2,297.23,7.02,N,0
37.59666,28.3562,367.0,0.33,0.55,2024-08-16,2316,N,VIIRS,h,2,308.97,4.97,N,0
37.59687,28.35298,318.48,0.33,0.55,2024-08-16,2316,N,VIIRS,n,2,300.08,4.97,N,0
37.59752,28.34294,310.31,0.33,0.55,2024-08-16,2316,N,VIIRS,n,2,296.62,4.79,N,0
37.59774,28.33933,367.0,0.33,0.55,2024-08-16,2316,N,VIIRS,h,2,304.82,4.79,N,0
37.59798,28.33564,332.88,0.33,0.55,2024-08-16,2316,N,VIIRS,n,2,298.79,3.55,N,0
37.60185,28.35621,319.18,0.33,0.55,2024-08-16,2316,N,VIIRS,n,2,298.04,2.16,N,0
37.60204,28.35326,317.94,0.33,0.55,2024-08-16,2316,N,VIIRS,n,2,300.84,2.16,N,0
37.60224,28.35017,308.53,0.33,0.55,2024-08-16,2316,N,VIIRS,n,2,298.42,1.62,N,0
37.60245,28.3469,315.9,0.33,0.55,2024-08-16,2316,N,VIIRS,n,2,297.88,1.62,N,0
37.60267,28.34342,320.69,0.33,0.55,2024-08-16,2316,N,VIIRS,n,2,297.99,1.64,N,0
37.60291,28.3397,325.17,0.33,0.55,2024-08-16,2316,N,VIIRS,n,2,295.52,1.64,N,0
37.60762,28.34735,306.54,0.33,0.55,2024-08-16,2316,N,VIIRS,n,2,295.61,1.62,N,0
37.60783,28.34398,307.23,0.33,0.55,2024-08-16,2316,N,VIIRS,n,2,293.93,1.64,N,0
37.61219,28.35685,315.03,0.33,0.55,2024-08-16,2316,N,VIIRS,n,2,298.48,2.72,N,0
37.77246,27.43838,311.35,0.37,0.58,2024-08-16,2316,N,VIIRS,n,2,298.72,2.5,N,2
37.79815,31.71132,302.71,0.44,0.46,2024-08-16,2316,N,VIIRS,n,2,284.47,0.77,N,0
38.06568,28.08962,318.78,0.35,0.56,2024-08-16,2316,N,VIIRS,n,2,295.82,2.03,N,0
38.14125,30.88246,302.17,0.49,0.49,2024-08-16,2316,N,VIIRS,n,2,290.53,2.46,N,0
38.14714,30.86627,302.26,0.49,0.49,2024-08-16,2316,N,VIIRS,n,2,292.08,1.24,N,0
38.16202,27.08886,313.78,0.39,0.6,2024-08-16,2316,N,VIIRS,n,2,294.46,4.65,N,0
38.16594,27.09025,353.24,0.39,0.6,2024-08-16,2316,N,VIIRS,n,2,299.09,3.41,N,0
38.16616,27.08584,310.46,0.39,0.6,2024-08-16,2316,N,VIIRS,n,2,296.13,6.49,N,0
38.16757,27.08961,353.69,0.39,0.6,2024-08-16,2316,N,VIIRS,n,2,301.39,4.65,N,0
38.17149,27.09106,310.66,0.39,0.6,2024-08-16,2316,N,VIIRS,n,2,297.25,3.41,N,0
38.19043,27.56751,342.32,0.37,0.58,2024-08-16,2316,N,VIIRS,n,2,295.66,5.82,N,0
38.19067,27.56321,335.37,0.37,0.58,2024-08-16,2316,N,VIIRS,n,2,295.98,7.07,N,0
38.19559,27.57251,311.5,0.37,0.58,2024-08-16,2316,N,VIIRS,n,2,295.9,2.67,N,0
38.19584,27.56822,337.78,0.37,0.58,2024-08-16,2316,N,VIIRS,n,2,296.93,2.67,N,0
38.19608,27.56393,338.77,0.37,0.58,2024-08-16,2316,N,VIIRS,n,2,296.68,5.07,N,0
38.20097,27.57379,322.87,0.37,0.58,2024-08-16,2316,N,VIIRS,n,2,297.19,2.67,N,0
38.20122,27.56927,333.01,0.37,0.58,2024-08-16,2316,N,VIIRS,n,2,297.31,2.67,N,0
38.20148,27.56478,328.08,0.37,0.58,2024-08-16,2316,N,VIIRS,n,2,296.93,5.07,N,0
38.20603,27.58052,338.23,0.37,0.58,2024-08-16,2316,N,VIIRS,n,2,297.68,6.55,N,0
38.2063,27.57583,352.23,0.37,0.58,2024-08-16,2316,N,VIIRS,n,2,299.06,3.8,N,0
38.20658,27.57093,334.31,0.37,0.58,2024-08-16,2316,N,VIIRS,n,2,297.06,3.8,N,0
38.20684,27.56613,310.14,0.37,0.58,2024-08-16,2316,N,VIIRS,n,2,295.83,2.41,N,0
38.21157,27.57892,315.09,0.37,0.58,2024-08-16,2316,N,VIIRS,n,2,295.63,3.8,N,0
38.21189,27.57331,334.62,0.37,0.58,2024-08-16,2316,N,VIIRS,n,2,296.96,3.8,N,0
38.21218,27.56816,305.75,0.37,0.58,2024-08-16,2316,N,VIIRS,n,2,295.58,2.41,N,0
39.4853,30.03809,297.93,0.56,0.69,2024-08-17,55,N,VIIRS,n,2,284.84,1.28,N,2
40.1826,28.41998,320.96,0.45,0.63,2024-08-17,55,N,VIIRS,n,2,291.23,2.29,N,0
40.18407,28.41492,305.74,0.45,0.63,2024-08-17,55,N,VIIRS,n,2,291.16,2.49,N,0
40.18809,28.4227,319.92,0.45,0.63,2024-08-17,55,N,VIIRS,n,2,291.42,2.24,N,0
40.18956,28.41764,311.43,0.45,0.63,2024-08-17,55,N,VIIRS,n,2,291.43,2.63,N,0
40.3272,30.89466,296.91,0.58,0.7,2024-08-17,55,N,VIIRS,n,2,286.58,1.57,N,0
40.34827,30.96364,297.63,0.59,0.7,2024-08-17,55,N,VIIRS,n,2,286.71,1.48,N,0
40.4459,27.13409,320.76,0.38,0.59,2024-08-17,55,N,VIIRS,n,2,292.72,2.23,N,3
40.74579,29.76544,302.67,0.5,0.66,2024-08-17,55,N,VIIRS,n,2,292.19,2.03,N,3
41.01826,28.55131,302.58,0.43,0.62,2024-08-17,55,N,VIIRS,n,2,291.4,1.11,N,2
41.01863,28.55534,311.48,0.43,0.62,2024-08-17,55,N,VIIRS,n,2,292.41,1.04,N,2
41.05648,32.84758,295.02,0.68,0.74,2024-08-17,55,N,VIIRS,n,2,284.61,0.99,N,0
41.17384,32.63305,300.38,0.66,0.73,2024-08-17,55,N,VIIRS,n,2,288.04,1.97,N,2
41.26624,31.42336,305.12,0.58,0.7,2024-08-17,55,N,VIIRS,n,2,291.16,1.56,N,2
41.26719,31.42233,303.16,0.58,0.69,2024-08-17,55,N,VIIRS,n,2,290.72,1.72,N,2
41.79761,26.70325,300.69,0.33,0.55,2024-08-17,55,N,VIIRS,n,2,288.44,0.76,N,2
37.02061,27.2943,307.22,0.48,0.65,2024-08-17,56,N,VIIRS,n,2,294.39,1.48,N,0
37.20879,27.81017,306.73,0.5,0.66,2024-08-17,56,N,VIIRS,n,2,296.22,2.68,N,0
37.2176,27.8024,313.14,0.5,0.66,2024-08-17,56,N,VIIRS,n,2,297.81,3.33,N,0
37.52544,28.31218,347.66,0.52,0.67,2024-08-17,56,N,VIIRS,n,2,296.1,9.38,N,0
37.52701,28.30684,337.42,0.52,0.67,2024-08-17,56,N,VIIRS,n,2,296.5,9.38,N,0
37.52852,28.30169,314.03,0.52,0.67,2024-08-17,56,N,VIIRS,n,2,294.48,11.07,N,0
37.5317,28.31359,313.58,0.52,0.67,2024-08-17,56,N,VIIRS,n,2,294.56,9.38,N,0
37.53331,28.30807,367.0,0.52,0.67,2024-08-17,56,N,VIIRS,h,2,308.28,9.38,N,0
37.53481,28.30296,322.17,0.52,0.67,2024-08-17,56,N,VIIRS,n,2,294.66,11.07,N,0
37.53584,28.32224,311.9,0.52,0.67,2024-08-17,56,N,VIIRS,n,2,292.41,3.1,N,0
37.53779,28.31556,328.29,0.52,0.67,2024-08-17,56,N,VIIRS,n,2,295.9,3.41,N,0
37.53954,28.30959,321.35,0.52,0.67,2024-08-17,56,N,VIIRS,n,2,295.82,3.41,N,0
37.54369,28.31817,329.22,0.52,0.67,2024-08-17,56,N,VIIRS,n,2,295.43,3.41,N,0
37.54554,28.31185,318.28,0.52,0.67,2024-08-17,56,N,VIIRS,n,2,293.91,3.41,N,0
37.54987,28.31985,315.82,0.52,0.67,2024-08-17,56,N,VIIRS,n,2,294.08,4.34,N,0
37.5523,28.33438,302.91,0.52,0.67,2024-08-17,56,N,VIIRS,n,2,291.66,1.36,N,0
37.55289,28.33085,304.18,0.52,0.67,2024-08-17,56,N,VIIRS,n,2,292.35,2.62,N,0
37.55431,28.32749,304.0,0.52,0.67,2024-08-17,56,N,VIIRS,n,2,293.41,1.36,N,0
37.55489,28.32415,306.74,0.52,0.67,2024-08-17,56,N,VIIRS,n,2,293.66,2.62,N,0
37.55621,28.32097,329.59,0.52,0.67,2024-08-17,56,N,VIIRS,n,2,295.8,4.34,N,0
37.55672,28.31801,338.95,0.52,0.67,2024-08-17,56,N,VIIRS,n,2,296.0,7.43,N,0
37.55791,28.31511,340.45,0.52,0.67,2024-08-17,56,N,VIIRS,n,2,295.35,4.34,N,0
37.55821,28.33698,306.93,0.52,0.67,2024-08-17,56,N,VIIRS,n,2,293.94,1.35,N,0
37.55847,28.31215,318.02,0.52,0.67,2024-08-17,56,N,VIIRS,n,2,293.2,7.43,N,0
37.55882,28.33342,305.38,0.52,0.67,2024-08-17,56,N,VIIRS,n,2,293.91,2.62,N,0
37.56024,28.32999,303.0,0.52,0.67,2024-08-17,56,N,VIIRS,n,2,292.88,1.35,N,0
37.561,28.32607,305.75,0.52,0.67,2024-08-17,56,N,VIIRS,n,2,293.21,2.62,N,0
37.56252,28.32215,367.0,0.52,0.67,2024-08-17,56,N,VIIRS,h,2,298.21,6.08,N,0
37.56307,28.31912,367.0,0.52,0.67,2024-08-17,56,N,VIIRS,h,2,301.83,7.43,N,0
37.56421,28.31637,336.07,0.52,0.67,2024-08-17,56,N,VIIRS,n,2,293.92,6.08,N,0
37.56424,28.33918,305.34,0.52,0.67,2024-08-17,56,N,VIIRS,n,2,293.0,1.35,N,0
37.56473,28.31355,303.79,0.52,0.67,2024-08-17,56,N,VIIRS,n,2,292.1,7.43,N,0
37.56478,28.33582,307.61,0.52,0.67,2024-08-17,56,N,VIIRS,n,2,293.64,6.2,N,0
37.56624,28.33228,305.45,0.52,0.67,2024-08-17,56,N,VIIRS,n,2,293.38,1.35,N,0
37.56695,28.32853,303.88,0.52,0.67,2024-08-17,56,N,VIIRS,n,2,293.03,6.2,N,0
37.56839,28.32487,321.0,0.52,0.67,2024-08-17,56,N,VIIRS,n,2,293.98,6.08,N,0
37.56841,28.34778,325.72,0.52,0.67,2024-08-17,56,N,VIIRS,n,2,292.57,12.06,N,0
37.56899,28.34413,356.89,0.52,0.67,2024-08-17,56,N,VIIRS,n,2,298.6,18.32,N,0
37.56912,28.32123,332.52,0.52,0.67,2024-08-17,56,N,VIIRS,n,2,294.87,4.54,N,0
37.57033,28.3182,313.09,0.52,0.67,2024-08-17,56,N,VIIRS,n,2,291.81,6.08,N,0
37.5704,28.34093,367.0,0.52,0.67,2024-08-17,56,N,VIIRS,h,2,302.35,9.16,N,0
37.57103,28.33728,341.6,0.52,0.67,2024-08-17,56,N,VIIRS,n,2,294.49,6.2,N,0
37.57241,28.33397,303.45,0.52,0.67,2024-08-17,56,N,VIIRS,n,2,292.07,9.16,N,0
37.57311,28.33026,305.04,0.52,0.67,2024-08-17,56,N,VIIRS,n,2,292.22,6.2,N,0
37.57458,28.32649,326.24,0.52,0.67,2024-08-17,56,N,VIIRS,n,2,292.84,2.3,N,0
37.57533,28.3228,326.91,0.52,0.67,2024-08-17,56,N,VIIRS,n,2,292.95,4.54,N,0
37.57602,28.3445,303.93,0.52,0.67,2024-08-17,56,N,VIIRS,n,2,292.39,9.16,N,0
37.57675,28.34051,311.04,0.52,0.67,2024-08-17,56,N,VIIRS,n,2,292.95,5.01,N,0
37.58054,28.3289,304.61,0.52,0.67,2024-08-17,56,N,VIIRS,n,2,290.95,2.3,N,0
37.58114,28.32572,299.94,0.52,0.67,2024-08-17,56,N,VIIRS,n,2,289.43,3.99,N,0
37.5856,28.33444,339.51,0.52,0.67,2024-08-17,56,N,VIIRS,n,2,294.37,5.66,N,0
37.58589,28.35477,302.99,0.52,0.67,2024-08-17,56,N,VIIRS,n,2,291.49,1.34,N,0
37.58625,28.33098,347.77,0.52,0.67,2024-08-17,56,N,VIIRS,n,2,294.35,3.99,N,0
37.58731,28.32854,308.77,0.52,0.67,2024-08-17,56,N,VIIRS,n,2,289.59,5.66,N,0
37.59115,28.33699,317.25,0.52,0.67,2024-08-17,56,N,VIIRS,n,2,294.59,5.35,N,0
37.59219,28.33471,352.68,0.52,0.67,2024-08-17,56,N,VIIRS,n,2,297.09,5.66,N,0
37.59273,28.33163,353.21,0.52,0.67,2024-08-17,56,N,VIIRS,n,2,295.92,5.35,N,0
37.5937,28.3295,305.65,0.52,0.67,2024-08-17,56,N,VIIRS,n,2,292.32,6.92,N,0
37.59789,28.33678,331.81,0.52,0.67,2024-08-17,56,N,VIIRS,n,2,295.41,5.35,N,0
37.59949,28.35395,322.41,0.52,0.67,2024-08-17,56,N,VIIRS,n,2,296.96,3.96,N,0
37.59961,28.33095,309.68,0.52,0.67,2024-08-17,56,N,VIIRS,n,2,291.21,7.92,N,0
37.60178,28.3462,313.31,0.52,0.67,2024-08-17,56,N,VIIRS,n,2,295.43,2.61,N,0
37.60363,28.33992,317.39,0.52,0.67,2024-08-17,56,N,VIIRS,n,2,293.42,2.61,N,0
37.78141,31.59436,303.87,0.75,0.77,2024-08-17,56,N,VIIRS,n,2,284.36,2.92,N,0
37.78586,31.59307,304.54,0.75,0.77,2024-08-17,56,N,VIIRS,n,2,284.43,2.48,N,0
37.79646,31.60814,300.43,0.75,0.77,2024-08-17,56,N,VIIRS,n,2,282.04,1.09,N,0
38.13819,30.88258,304.01,0.67,0.74,2024-08-17,56,N,VIIRS,n,2,288.99,2.71,N,0
38.14064,30.88101,303.78,0.67,0.74,2024-08-17,56,N,VIIRS,n,2,289.64,2.02,N,0
38.14301,30.86739,300.17,0.67,0.74,2024-08-17,56,N,VIIRS,n,2,288.63,1.7,N,0
38.14544,30.86615,300.91,0.67,0.74,2024-08-17,56,N,VIIRS,n,2,289.29,1.95,N,0
38.19085,27.56706,324.21,0.46,0.63,2024-08-17,56,N,VIIRS,n,2,294.87,3.06,N,0
38.19502,27.5746,307.12,0.46,0.64,2024-08-17,56,N,VIIRS,n,2,294.0,2.14,N,0
38.1965,27.56942,319.78,0.46,0.63,2024-08-17,56,N,VIIRS,n,2,295.43,3.06,N,0
38.19797,27.56423,329.8,0.46,0.63,2024-08-17,56,N,VIIRS,n,2,295.67,3.06,N,0
38.20094,27.57598,319.2,0.46,0.64,2024-08-17,56,N,VIIRS,n,2,295.56,7.52,N,0
38.20235,27.57104,333.85,0.46,0.63,2024-08-17,56,N,VIIRS,n,2,295.74,4.48,N,0
38.20375,27.56611,330.03,0.46,0.63,2024-08-17,56,N,VIIRS,n,2,295.8,4.48,N,0
38.20557,27.58193,367.0,0.46,0.64,2024-08-17,56,N,VIIRS,h,2,298.51,7.52,N,0
38.20705,27.5767,367.0,0.46,0.64,2024-08-17,56,N,VIIRS,h,2,298.82,7.52,N,0
38.20838,27.57203,333.33,0.46,0.63,2024-08-17,56,N,VIIRS,n,2,295.89,4.48,N,0
38.20974,27.56726,311.78,0.46,0.63,2024-08-17,56,N,VIIRS,n,2,295.58,4.48,N,0
38.21331,27.57689,313.6,0.46,0.64,2024-08-17,56,N,VIIRS,n,2,293.96,1.77,N,0
38.21451,27.57266,314.57,0.46,0.63,2024-08-17,56,N,VIIRS,n,2,294.65,2.42,N,0
38.45611,27.20215,305.28,0.43,0.62,2024-08-17,56,N,VIIRS,n,2,294.98,0.71,N,0
38.4981,27.12307,303.6,0.43,0.62,2024-08-17,56,N,VIIRS,n,2,293.31,0.35,N,0
38.50816,27.13088,310.67,0.43,0.62,2024-08-17,56,N,VIIRS,n,2,293.58,1.18,N,0
38.5095,27.12612,312.65,0.43,0.62,2024-08-17,56,N,VIIRS,n,2,294.99,2.63,N,0
38.51373,27.13289,329.46,0.43,0.62,2024-08-17,56,N,VIIRS,n,2,297.28,4.51,N,0
38.51511,27.12799,338.36,0.43,0.62,2024-08-17,56,N,VIIRS,n,2,298.2,6.72,N,0
38.51682,27.14371,339.91,0.43,0.62,2024-08-17,56,N,VIIRS,n,2,296.69,5.38,N,0
38.51799,27.13952,324.48,0.43,0.62,2024-08-17,56,N,VIIRS,n,2,297.49,4.51,N,0
38.52116,27.15009,314.31,0.43,0.62,2024-08-17,56,N,VIIRS,n,2,294.6,3.83,N,0
38.52185,27.10395,312.92,0.43,0.62,2024-08-17,56,N,VIIRS,n,2,294.44,1.47,N,0
38.52233,27.14591,349.73,0.43,0.62,2024-08-17,56,N,VIIRS,n,2,298.35,3.83,N,0
38.52302,27.09979,309.71,0.43,0.62,2024-08-17,56,N,VIIRS,n,2,294.03,1.47,N,0
38.52356,27.14154,306.15,0.43,0.62,2024-08-17,56,N,VIIRS,n,2,295.86,6.45,N,0
38.52467,27.11571,303.85,0.43,0.62,2024-08-17,56,N,VIIRS,n,2,293.64,1.18,N,0
38.52557,27.15623,308.22,0.43,0.62,2024-08-17,56,N,VIIRS,n,2,295.12,2.23,N,0
38.5262,27.11028,306.14,0.43,0.62,2024-08-17,56,N,VIIRS,n,2,293.93,1.18,N,0
38.52679,27.15187,330.14,0.43,0.62,2024-08-17,56,N,VIIRS,n,2,297.2,3.83,N,0
38.52803,27.14746,340.9,0.43,0.62,2024-08-17,56,N,VIIRS,n,2,298.62,3.83,N,0
38.52891,27.16618,310.74,0.43,0.62,2024-08-17,56,N,VIIRS,n,2,295.07,8.71,N,0
38.53003,27.1622,367.0,0.43,0.62,2024-08-17,56,N,VIIRS,h,2,304.38,9.42,N,0
38.53126,27.15781,324.12,0.43,0.62,2024-08-17,56,N,VIIRS,n,2,295.31,9.42,N,0
38.53266,27.17469,320.69,0.43,0.62,2024-08-17,56,N,VIIRS,n,2,295.54,3.79,N,0
38.5337,27.171,332.32,0.43,0.62,2024-08-17,56,N,VIIRS,n,2,296.97,8.71,N,0
38.53477,27.16717,367.0,0.43,0.62,2024-08-17,56,N,VIIRS,h,2,303.68,8.71,N,0
38.5359,27.16313,342.53,0.43,0.62,2024-08-17,56,N,VIIRS,n,2,297.62,9.42,N,0
38.53716,27.15864,304.31,0.43,0.62,2024-08-17,56,N,VIIRS,n,2,293.67,9.42,N,0
38.62392,29.56839,295.75,0.56,0.69,2024-08-17,56,N,VIIRS,n,2,285.66,0.53,N,0
38.62991,29.57141,310.25,0.56,0.69,2024-08-17,56,N,VIIRS,n,2,286.45,1.87,N,0
38.66037,30.61704,296.03,0.63,0.72,2024-08-17,56,N,VIIRS,n,2,284.99,0.99,N,2
38.69983,28.12513,305.26,0.48,0.64,2024-08-17,56,N,VIIRS,n,2,290.61,1.54,N,0
38.70107,28.12084,307.96,0.47,0.64,2024-08-17,56,N,VIIRS,n,2,289.18,2.18,N,0
38.70821,28.11834,306.17,0.47,0.64,2024-08-17,56,N,VIIRS,n,2,289.91,1.27,N,0
38.714,28.12053,317.7,0.47,0.64,2024-08-17,56,N,VIIRS,n,2,290.87,1.27,N,0
38.72932,28.11186,320.79,0.47,0.64,2024-08-17,56,N,VIIRS,n,2,291.65,2.31,N,0
38.73918,26.9465,331.82,0.41,0.61,2024-08-17,56,N,VIIRS,n,2,295.86,3.16,N,2
38.74998,28.14341,302.97,0.47,0.64,2024-08-17,56,N,VIIRS,n,2,290.44,2.62,N,0
38.75079,28.14871,331.28,0.47,0.64,2024-08-17,56,N,VIIRS,n,2,290.92,2.45,N,0
38.75216,28.14397,304.63,0.47,0.64,2024-08-17,56,N,VIIRS,n,2,290.69,2.45,N,0
38.75277,28.15586,302.86,0.47,0.64,2024-08-17,56,N,VIIRS,n,2,289.42,2.75,N,0
38.75386,28.11568,309.84,0.47,0.64,2024-08-17,56,N,VIIRS,n,2,291.11,2.97,N,0
38.75405,28.15147,333.52,0.47,0.64,2024-08-17,56,N,VIIRS,n,2,292.19,2.75,N,0
38.75507,28.15619,308.55,0.48,0.64,2024-08-17,56,N,VIIRS,n,2,289.63,2.75,N,0
38.75517,28.11112,324.9,0.47,0.64,2024-08-17,56,N,VIIRS,n,2,290.09,2.97,N,0
38.75537,28.14698,303.61,0.47,0.64,2024-08-17,56,N,VIIRS,n,2,290.72,2.62,N,0
38.75632,28.15182,313.27,0.47,0.64,2024-08-17,56,N,VIIRS,n,2,291.33,2.45,N,0
38.75718,28.11883,312.27,0.47,0.64,2024-08-17,56,N,VIIRS,n,2,291.15,10.16,N,0
38.75851,28.1143,367.0,0.47,0.64,2024-08-17,56,N,VIIRS,h,2,300.93,17.56,N,0
38.75923,28.11929,329.73,0.47,0.64,2024-08-17,56,N,VIIRS,n,2,292.17,13.26,N,0
38.75988,28.10962,303.74,0.47,0.64,2024-08-17,56,N,VIIRS,n,2,289.14,17.56,N,0
38.76056,28.11465,367.0,0.47,0.64,2024-08-17,56,N,VIIRS,h,2,297.71,13.26,N,0
38.76374,28.14032,301.94,0.47,0.64,2024-08-17,56,N,VIIRS,n,2,289.65,1.5,N,0
38.76614,28.1399,317.31,0.47,0.64,2024-08-17,56,N,VIIRS,n,2,291.29,2.18,N,0
38.76967,28.142,312.85,0.47,0.64,2024-08-17,56,N,VIIRS,n,2,290.93,1.5,N,0
39.86609,26.24311,310.23,0.36,0.57,2024-08-17,56,N,VIIRS,n,2,292.93,1.09,N,2
35.52407,44.34472,342.09,0.7,0.75,2024-08-17,856,N,VIIRS,n,2,311.47,6.14,D,2
35.52449,44.34576,342.57,0.7,0.75,2024-08-17,856,N,VIIRS,n,2,311.78,6.25,D,2
35.53069,44.34178,342.73,0.7,0.75,2024-08-17,856,N,VIIRS,n,2,311.75,8.22,D,2
35.5311,44.3428,343.67,0.7,0.75,2024-08-17,856,N,VIIRS,n,2,311.6,6.25,D,2
35.62729,44.0064,344.82,0.73,0.76,2024-08-17,856,N,VIIRS,n,2,309.5,6.72,D,2
35.62892,44.00662,345.4,0.73,0.76,2024-08-17,856,N,VIIRS,n,2,308.75,5.9,D,2
35.66011,43.96516,367.0,0.73,0.76,2024-08-17,856,N,VIIRS,h,2,313.52,15.89,D,2
35.66182,43.96518,367.0,0.73,0.76,2024-08-17,856,N,VIIRS,h,2,314.07,20.2,D,2
35.68462,43.87265,354.94,0.74,0.76,2024-08-17,856,N,VIIRS,n,2,312.82,23.02,D,2
35.6871,43.88055,367.0,0.73,0.76,2024-08-17,856,N,VIIRS,h,2,313.34,23.02,D,2
35.72321,44.04471,352.91,0.72,0.76,2024-08-17,856,N,VIIRS,n,2,312.08,11.05,D,2
36.30515,43.55333,355.74,0.73,0.76,2024-08-17,856,N,VIIRS,n,2,305.33,26.84,D,0
36.30521,44.01282,336.34,0.7,0.75,2024-08-17,856,N,VIIRS,n,2,305.74,10.1,D,0
36.30758,44.02046,352.67,0.7,0.75,2024-08-17,856,N,VIIRS,n,2,307.23,15.21,D,0
36.30775,44.01954,367.0,0.69,0.75,2024-08-17,856,N,VIIRS,h,2,307.06,15.13,D,0
36.30777,43.56166,367.0,0.73,0.76,2024-08-17,856,N,VIIRS,h,2,305.65,27.9,D,0
36.30882,43.55044,349.55,0.73,0.76,2024-08-17,856,N,VIIRS,n,2,305.24,37.8,D,0
36.31144,43.55867,367.0,0.73,0.76,2024-08-17,856,N,VIIRS,h,2,305.94,37.8,D,0
36.31187,43.55028,367.0,0.73,0.76,2024-08-17,856,N,VIIRS,h,2,302.64,26.84,D,0
36.31445,43.55854,343.09,0.73,0.76,2024-08-17,856,N,VIIRS,n,2,304.45,27.9,D,0
36.64252,43.38982,341.09,0.73,0.76,2024-08-17,856,N,VIIRS,n,2,304.93,6.49,D,0
36.69415,43.15147,367.0,0.75,0.77,2024-08-17,856,N,VIIRS,h,2,306.07,11.31,D,0
36.69691,43.14517,348.88,0.75,0.77,2024-08-17,856,N,VIIRS,n,2,305.9,11.4,D,0
36.69957,43.15335,350.48,0.75,0.77,2024-08-17,856,N,VIIRS,n,2,305.08,11.4,D,0
36.70094,43.14843,331.82,0.75,0.77,2024-08-17,856,N,VIIRS,n,2,304.46,11.31,D,0
36.77343,43.32787,343.42,0.73,0.76,2024-08-17,856,N,VIIRS,n,2,303.18,6.5,D,2
36.77737,43.3219,335.08,0.73,0.76,2024-08-17,856,N,VIIRS,n,2,301.97,8.61,D,2
36.8618,43.34607,333.95,0.73,0.76,2024-08-17,856,N,VIIRS,n,2,302.07,10.69,D,0
36.86754,43.32386,330.53,0.73,0.76,2024-08-17,856,N,VIIRS,n,2,300.01,8.66,D,0
36.86962,43.3225,335.04,0.73,0.76,2024-08-17,856,N,VIIRS,n,2,299.83,5.86,D,0
39.10122,42.55639,345.81,0.68,0.74,2024-08-17,857,N,VIIRS,n,2,304.15,7.8,D,0
39.18069,42.54489,335.87,0.68,0.74,2024-08-17,857,N,VIIRS,n,2,298.75,11.17,D,0
39.32262,42.30423,341.44,0.69,0.74,2024-08-17,857,N,VIIRS,n,2,299.95,12.07,D,0
39.32297,42.30468,343.52,0.69,0.74,2024-08-17,857,N,VIIRS,n,2,300.24,7.73,D,0
40.7796,43.92172,331.46,0.53,0.67,2024-08-17,857,N,VIIRS,n,2,296.89,3.6,D,0
35.72882,36.20603,334.64,0.39,0.36,2024-08-17,1036,N,VIIRS,n,2,304.95,3.28,D,0
35.80091,43.57357,352.36,0.48,0.48,2024-08-17,1036,N,VIIRS,n,2,320.29,6.11,D,0
36.01128,43.40117,355.93,0.47,0.48,2024-08-17,1036,N,VIIRS,n,2,315.78,19.29,D,0
36.01846,43.68301,353.18,0.49,0.49,2024-08-17,1036,N,VIIRS,n,2,323.58,7.13,D,2
36.37712,36.77648,336.47,0.39,0.36,2024-08-17,1036,N,VIIRS,n,2,306.2,1.47,D,0
36.38045,36.77577,336.24,0.39,0.36,2024-08-17,1036,N,VIIRS,n,2,306.63,1.36,D,0
36.62853,43.03268,352.09,0.46,0.47,2024-08-17,1036,N,VIIRS,n,2,317.65,20.06,D,0
36.62878,43.02997,349.52,0.46,0.47,2024-08-17,1036,N,VIIRS,n,2,317.28,17.85,D,0
36.62923,43.03516,353.48,0.46,0.47,2024-08-17,1036,N,VIIRS,n,2,319.18,17.85,D,0
36.63289,43.03206,356.81,0.46,0.47,2024-08-17,1036,N,VIIRS,n,2,326.03,20.06,D,0
36.63314,43.02934,356.09,0.46,0.47,2024-08-17,1036,N,VIIRS,n,2,323.46,17.85,D,0
36.6336,43.03453,348.9,0.46,0.47,2024-08-17,1036,N,VIIRS,n,2,320.41,17.85,D,0
36.63386,43.04242,348.59,0.46,0.47,2024-08-17,1036,N,VIIRS,n,2,318.46,17.65,D,0
36.63404,43.03971,349.09,0.46,0.47,2024-08-17,1036,N,VIIRS,n,2,321.06,32.01,D,0
36.63751,43.02872,350.88,0.46,0.47,2024-08-17,1036,N,VIIRS,n,2,319.92,32.44,D,0
36.63796,43.0339,367.0,0.46,0.47,2024-08-17,1036,N,VIIRS,h,2,327.84,32.44,D,0
36.63841,43.03908,356.75,0.46,0.47,2024-08-17,1036,N,VIIRS,n,2,324.83,38.05,D,0
36.64232,43.03328,367.0,0.46,0.47,2024-08-17,1036,N,VIIRS,h,2,315.03,32.44,D,0
36.64277,43.03845,348.84,0.46,0.47,2024-08-17,1036,N,VIIRS,n,2,314.99,38.05,D,0
36.64709,43.38332,347.78,0.48,0.48,2024-08-17,1036,N,VIIRS,n,2,317.39,15.53,D,0
36.71392,35.3876,349.33,0.38,0.36,2024-08-17,1036,N,VIIRS,n,2,309.98,5.45,D,0
36.72892,36.21233,344.94,0.39,0.36,2024-08-17,1036,N,VIIRS,n,2,312.13,8.75,D,2
36.77773,43.3236,346.63,0.48,0.48,2024-08-17,1036,N,VIIRS,n,2,312.8,5.83,D,2
36.78376,42.06806,355.19,0.41,0.45,2024-08-17,1036,N,VIIRS,n,2,321.27,16.87,D,0
36.78835,42.0721,345.33,0.41,0.45,2024-08-17,1036,N,VIIRS,n,2,319.48,48.68,D,0
36.79205,42.06684,367.0,0.41,0.45,2024-08-17,1036,N,VIIRS,h,2,339.49,48.68,D,0
36.7925,42.07149,367.0,0.41,0.45,2024-08-17,1036,N,VIIRS,h,2,325.96,48.68,D,0
36.79295,42.07616,348.49,0.41,0.45,2024-08-17,1036,N,VIIRS,n,2,316.82,7.38,D,0
36.79619,42.06624,353.52,0.41,0.45,2024-08-17,1036,N,VIIRS,n,2,317.91,164.09,D,0
36.79754,42.0802,350.71,0.41,0.45,2024-08-17,1036,N,VIIRS,n,2,317.04,141.84,D,0
36.80033,42.06562,350.39,0.41,0.45,2024-08-17,1036,N,VIIRS,n,2,318.91,164.09,D,0
36.80124,42.07493,367.0,0.41,0.45,2024-08-17,1036,N,VIIRS,h,2,344.87,141.84,D,0
36.80169,42.07958,351.6,0.41,0.45,2024-08-17,1036,N,VIIRS,n,2,316.18,141.84,D,0
36.80926,40.39054,344.22,0.51,0.41,2024-08-17,1036,N,VIIRS,n,2,310.09,4.96,D,0
36.81117,42.78605,346.39,0.45,0.47,2024-08-17,1036,N,VIIRS,n,2,316.98,38.74,D,0
36.81161,42.79107,346.45,0.45,0.47,2024-08-17,1036,N,VIIRS,n,2,317.43,42.51,D,0
36.81592,42.79045,354.48,0.45,0.47,2024-08-17,1036,N,VIIRS,n,2,320.72,42.51,D,0
36.81836,42.78769,352.04,0.45,0.47,2024-08-17,1036,N,VIIRS,n,2,316.9,51.02,D,0
36.81973,35.19066,342.11,0.38,0.36,2024-08-17,1036,N,VIIRS,n,2,308.76,3.87,D,0
36.83665,42.13578,355.58,0.41,0.45,2024-08-17,1036,N,VIIRS,n,2,322.3,7.23,D,0
36.85659,43.35073,343.7,0.48,0.48,2024-08-17,1036,N,VIIRS,n,2,312.13,6.67,D,0
36.85912,43.34843,347.06,0.48,0.48,2024-08-17,1036,N,VIIRS,n,2,313.16,8.14,D,0
36.8596,43.30021,344.07,0.48,0.48,2024-08-17,1036,N,VIIRS,n,2,315.56,5.37,D,0
36.86126,43.30224,350.82,0.48,0.48,2024-08-17,1036,N,VIIRS,n,2,314.9,8.04,D,0
36.86169,43.30706,343.08,0.48,0.48,2024-08-17,1036,N,VIIRS,n,2,315.38,8.23,D,0
36.86362,43.34848,352.59,0.48,0.48,2024-08-17,1036,N,VIIRS,n,2,313.6,8.14,D,0
36.8649,43.30974,346.48,0.48,0.48,2024-08-17,1036,N,VIIRS,n,2,313.28,10.14,D,0
36.86512,43.34523,349.69,0.48,0.48,2024-08-17,1036,N,VIIRS,n,2,313.7,9.68,D,0
36.86533,43.31485,345.28,0.48,0.48,2024-08-17,1036,N,VIIRS,n,2,313.51,10.14,D,0
36.86576,43.32006,348.65,0.48,0.48,2024-08-17,1036,N,VIIRS,n,2,313.65,4.36,D,0
36.86665,43.31209,367.0,0.48,0.48,2024-08-17,1036,N,VIIRS,h,2,315.36,37.93,D,0
36.86712,43.31732,349.0,0.48,0.48,2024-08-17,1036,N,VIIRS,n,2,314.39,11.0,D,0
36.86759,43.32264,350.69,0.48,0.48,2024-08-17,1036,N,VIIRS,n,2,313.71,11.0,D,0
36.8694,43.30989,345.89,0.48,0.48,2024-08-17,1036,N,VIIRS,n,2,311.7,10.14,D,0
36.86985,43.31527,352.37,0.48,0.48,2024-08-17,1036,N,VIIRS,n,2,313.48,10.14,D,0
36.8703,43.32059,338.29,0.48,0.48,2024-08-17,1036,N,VIIRS,n,2,311.23,4.36,D,0
36.87862,43.39553,339.98,0.48,0.48,2024-08-17,1036,N,VIIRS,n,2,313.49,2.22,D,0
36.88086,43.39296,347.22,0.48,0.48,2024-08-17,1036,N,VIIRS,n,2,313.1,6.4,D,0
36.88129,43.39802,344.22,0.48,0.48,2024-08-17,1036,N,VIIRS,n,2,314.11,6.4,D,0
36.90774,43.3904,342.86,0.48,0.48,2024-08-17,1036,N,VIIRS,n,2,309.36,4.48,D,2
36.90826,38.17947,348.79,0.42,0.38,2024-08-17,1036,N,VIIRS,n,2,317.17,23.0,D,0
36.92062,43.48896,343.4,0.49,0.49,2024-08-17,1036,N,VIIRS,n,2,310.39,8.1,D,0
36.92254,42.79706,349.71,0.45,0.47,2024-08-17,1036,N,VIIRS,n,2,319.13,13.8,D,0
36.92505,43.48774,339.34,0.49,0.49,2024-08-17,1036,N,VIIRS,n,2,309.17,5.34,D,0
36.95504,42.72055,351.16,0.45,0.47,2024-08-17,1036,N,VIIRS,n,2,319.63,26.44,D,0
36.95934,42.71989,356.09,0.45,0.47,2024-08-17,1036,N,VIIRS,n,2,321.4,26.44,D,0
36.97231,35.21453,348.72,0.38,0.36,2024-08-17,1036,N,VIIRS,n,2,317.69,46.73,D,0
37.04932,35.857,350.05,0.39,0.36,2024-08-17,1036,N,VIIRS,n,2,315.94,6.57,D,0
37.06053,36.09545,347.39,0.39,0.36,2024-08-17,1036,N,VIIRS,n,2,313.92,8.33,D,0
37.06384,36.0947,349.53,0.39,0.36,2024-08-17,1036,N,VIIRS,n,2,311.09,8.33,D,0
37.09918,36.14935,346.77,0.39,0.36,2024-08-17,1036,N,VIIRS,n,2,314.58,4.52,D,0
37.09999,36.04365,345.49,0.39,0.36,2024-08-17,1036,N,VIIRS,n,2,313.89,15.8,D,0
37.12647,36.13162,347.48,0.39,0.36,2024-08-17,1036,N,VIIRS,n,2,312.26,19.7,D,0
37.12895,42.07346,351.97,0.41,0.45,2024-08-17,1036,N,VIIRS,n,2,316.99,14.12,D,0
37.13183,43.3707,350.38,0.49,0.48,2024-08-17,1036,N,VIIRS,n,2,308.9,10.59,D,0
37.13311,42.07285,347.36,0.41,0.45,2024-08-17,1036,N,VIIRS,n,2,320.19,22.87,D,0
37.13357,42.07757,347.52,0.41,0.45,2024-08-17,1036,N,VIIRS,n,2,320.36,64.97,D,0
37.13727,42.07224,350.99,0.41,0.45,2024-08-17,1036,N,VIIRS,n,2,322.26,22.87,D,0
37.13773,42.07695,367.0,0.41,0.45,2024-08-17,1036,N,VIIRS,h,2,337.71,64.97,D,0
37.16269,36.05172,341.04,0.39,0.36,2024-08-17,1036,N,VIIRS,n,2,313.65,3.52,D,0
37.17463,35.92373,344.73,0.39,0.36,2024-08-17,1036,N,VIIRS,n,2,311.2,5.89,D,0
37.17704,36.0798,344.71,0.39,0.36,2024-08-17,1036,N,VIIRS,n,2,312.11,11.85,D,0
37.17754,36.10659,349.08,0.39,0.36,2024-08-17,1036,N,VIIRS,n,2,315.17,6.57,D,0
37.17793,35.92297,344.61,0.39,0.36,2024-08-17,1036,N,VIIRS,n,2,314.42,4.75,D,0
37.23439,36.03623,345.09,0.39,0.36,2024-08-17,1036,N,VIIRS,n,2,309.35,7.48,D,0
37.23835,35.92336,340.44,0.39,0.36,2024-08-17,1036,N,VIIRS,n,2,310.31,2.37,D,0
37.26675,42.78529,344.99,0.45,0.47,2024-08-17,1036,N,VIIRS,n,2,310.39,6.72,D,0
37.26745,35.91219,347.74,0.39,0.36,2024-08-17,1036,N,VIIRS,n,2,314.37,4.59,D,0
37.27075,35.91142,350.1,0.39,0.36,2024-08-17,1036,N,VIIRS,n,2,313.54,20.81,D,0
37.32952,40.14973,337.76,0.51,0.41,2024-08-17,1036,N,VIIRS,n,2,307.5,6.61,D,0
36.99992,30.79674,367.0,0.49,0.4,2024-08-17,1037,N,VIIRS,h,2,318.64,12.31,D,0
37.28773,35.70731,353.7,0.38,0.36,2024-08-17,1037,N,VIIRS,n,2,314.06,10.99,D,0
37.28872,35.78306,350.48,0.39,0.36,2024-08-17,1037,N,VIIRS,n,2,319.13,9.66,D,0
37.39735,35.96411,344.71,0.39,0.36,2024-08-17,1037,N,VIIRS,n,2,317.13,2.8,D,0
37.40714,35.98431,345.86,0.39,0.36,2024-08-17,1037,N,VIIRS,n,2,312.97,4.78,D,0
37.40937,35.9847,349.35,0.39,0.36,2024-08-17,1037,N,VIIRS,n,2,314.5,8.06,D,0
37.42122,35.73969,348.21,0.39,0.36,2024-08-17,1037,N,VIIRS,n,2,313.84,6.59,D,0
37.42526,35.85971,340.5,0.39,0.36,2024-08-17,1037,N,VIIRS,n,2,311.75,3.62,D,0
37.5218,28.31539,345.74,0.41,0.45,2024-08-17,1037,N,VIIRS,n,2,312.68,36.09,D,0
37.52591,28.31435,353.15,0.41,0.45,2024-08-17,1037,N,VIIRS,n,2,318.31,38.96,D,0
37.52786,28.32348,341.98,0.41,0.45,2024-08-17,1037,N,VIIRS,n,2,308.51,23.1,D,0
37.53099,28.31789,356.24,0.41,0.45,2024-08-17,1037,N,VIIRS,n,2,316.79,38.96,D,0
37.53194,28.32236,350.23,0.41,0.45,2024-08-17,1037,N,VIIRS,n,2,318.33,23.1,D,0
37.53717,28.30623,345.3,0.41,0.45,2024-08-17,1037,N,VIIRS,n,2,306.15,15.44,D,0
37.53822,28.31118,367.0,0.41,0.45,2024-08-17,1037,N,VIIRS,h,2,335.6,118.36,D,0
37.54227,28.3099,367.0,0.41,0.45,2024-08-17,1037,N,VIIRS,h,2,362.34,91.9,D,0
37.54325,28.31448,354.64,0.41,0.45,2024-08-17,1037,N,VIIRS,n,2,328.47,91.9,D,0
37.54634,28.3087,341.02,0.41,0.45,2024-08-17,1037,N,VIIRS,n,2,309.6,91.9,D,0
37.54732,28.31329,356.2,0.41,0.45,2024-08-17,1037,N,VIIRS,n,2,317.09,91.9,D,0
37.56952,28.34675,343.19,0.41,0.45,2024-08-17,1037,N,VIIRS,n,2,311.56,9.35,D,0
37.5713,28.34495,352.6,0.41,0.45,2024-08-17,1037,N,VIIRS,n,2,320.26,43.18,D,0
37.57265,28.34126,346.12,0.41,0.45,2024-08-17,1037,N,VIIRS,n,2,313.93,12.25,D,0
37.57356,28.34544,343.01,0.41,0.45,2024-08-17,1037,N,VIIRS,n,2,313.53,12.25,D,0
37.58615,28.3637,340.38,0.41,0.45,2024-08-17,1037,N,VIIRS,n,2,306.62,37.54,D,0
37.5878,28.33135,356.12,0.41,0.45,2024-08-17,1037,N,VIIRS,n,2,320.23,30.18,D,0
37.59389,28.3596,344.23,0.41,0.45,2024-08-17,1037,N,VIIRS,n,2,309.64,12.01,D,0
37.60088,26.52575,342.7,0.51,0.49,2024-08-17,1037,N,VIIRS,n,2,307.08,15.67,D,0
37.60133,28.33405,341.68,0.41,0.45,2024-08-17,1037,N,VIIRS,n,2,310.52,3.88,D,0
37.6023,28.33852,356.43,0.41,0.45,2024-08-17,1037,N,VIIRS,n,2,315.68,20.0,D,0
37.60326,28.34299,343.84,0.41,0.45,2024-08-17,1037,N,VIIRS,n,2,312.04,20.0,D,0
37.60862,26.52066,345.01,0.51,0.49,2024-08-17,1037,N,VIIRS,n,2,305.47,8.59,D,0
37.60992,26.52641,343.18,0.51,0.49,2024-08-17,1037,N,VIIRS,n,2,303.74,11.81,D,0
37.77701,31.65512,347.69,0.44,0.39,2024-08-17,1037,N,VIIRS,n,2,313.08,8.52,D,0
38.09618,27.66282,342.22,0.43,0.46,2024-08-17,1037,N,VIIRS,n,2,309.7,7.7,D,0
38.28186,28.86055,346.56,0.56,0.43,2024-08-17,1037,N,VIIRS,n,2,318.38,41.95,D,0
38.3897,35.48117,342.52,0.39,0.36,2024-08-17,1037,N,VIIRS,n,2,312.1,3.01,D,0
38.3927,40.64194,341.68,0.55,0.42,2024-08-17,1037,N,VIIRS,n,2,309.16,8.37,D,0
38.48666,36.51833,341.71,0.4,0.37,2024-08-17,1037,N,VIIRS,n,2,313.36,4.03,D,0
38.51694,27.64353,341.53,0.42,0.46,2024-08-17,1037,N,VIIRS,n,2,305.61,4.63,D,0
38.51792,27.64623,341.37,0.42,0.45,2024-08-17,1037,N,VIIRS,n,2,306.15,3.12,D,0
38.52862,27.1499,337.21,0.45,0.47,2024-08-17,1037,N,VIIRS,n,2,305.34,3.93,D,0
38.53173,27.15186,351.61,0.45,0.47,2024-08-17,1037,N,VIIRS,n,2,306.62,5.57,D,0
38.53297,27.15733,333.3,0.45,0.47,2024-08-17,1037,N,VIIRS,n,2,306.89,5.57,D,0
38.53423,27.16293,340.69,0.45,0.47,2024-08-17,1037,N,VIIRS,n,2,306.75,7.06,D,0
38.53485,27.14565,348.19,0.45,0.47,2024-08-17,1037,N,VIIRS,n,2,308.59,18.17,D,0
38.53607,27.15106,353.07,0.45,0.47,2024-08-17,1037,N,VIIRS,n,2,327.23,50.69,D,0
38.53728,27.15641,367.0,0.45,0.47,2024-08-17,1037,N,VIIRS,h,2,311.42,50.69,D,0
38.53856,27.16208,351.77,0.45,0.47,2024-08-17,1037,N,VIIRS,n,2,310.45,25.86,D,0
38.53988,27.16792,341.49,0.45,0.47,2024-08-17,1037,N,VIIRS,n,2,305.08,25.86,D,0
38.54047,27.1505,347.19,0.45,0.47,2024-08-17,1037,N,VIIRS,n,2,317.69,50.69,D,0
38.74929,28.15628,346.9,0.4,0.44,2024-08-17,1037,N,VIIRS,n,2,307.63,15.27,D,0
38.75035,28.16118,367.0,0.4,0.44,2024-08-17,1037,N,VIIRS,h,2,312.54,15.27,D,0
38.7679,28.1438,342.46,0.4,0.44,2024-08-17,1037,N,VIIRS,n,2,308.73,5.14,D,0
38.77192,28.14268,343.06,0.4,0.44,2024-08-17,1037,N,VIIRS,n,2,308.81,5.54,D,0
39.04314,42.05396,345.33,0.43,0.46,2024-08-17,1037,N,VIIRS,n,2,313.27,8.28,D,0
39.09304,42.56969,353.93,0.46,0.47,2024-08-17,1037,N,VIIRS,n,2,317.08,40.59,D,0
39.10228,42.57404,344.6,0.46,0.47,2024-08-17,1037,N,VIIRS,n,2,312.74,7.17,D,0
39.10869,42.54597,345.39,0.46,0.47,2024-08-17,1037,N,VIIRS,n,2,313.96,8.27,D,0
39.21767,42.47417,347.24,0.46,0.47,2024-08-17,1037,N,VIIRS,n,2,313.12,65.82,D,0
39.22638,42.47295,356.88,0.46,0.47,2024-08-17,1037,N,VIIRS,n,2,311.86,9.0,D,0
39.22664,42.47529,350.36,0.46,0.47,2024-08-17,1037,N,VIIRS,n,2,312.28,18.84,D,0
39.2319,42.48551,352.86,0.46,0.47,2024-08-17,1037,N,VIIRS,n,2,318.57,49.26,D,0
39.23218,42.48856,346.48,0.46,0.47,2024-08-17,1037,N,VIIRS,n,2,315.92,22.58,D,0
39.23656,42.48812,351.18,0.46,0.47,2024-08-17,1037,N,VIIRS,n,2,316.53,24.32,D,0
39.23674,42.49055,344.17,0.46,0.47,2024-08-17,1037,N,VIIRS,n,2,311.68,35.59,D,0
39.24552,42.13294,342.96,0.44,0.46,2024-08-17,1037,N,VIIRS,n,2,311.04,7.6,D,0
39.34715,41.79203,346.96,0.42,0.46,2024-08-17,1037,N,VIIRS,n,2,313.56,6.6,D,0
39.36691,34.60268,356.09,0.38,0.36,2024-08-17,1037,N,VIIRS,n,2,323.08,25.06,D,0
39.63659,40.30916,348.13,0.55,0.42,2024-08-17,1037,N,VIIRS,n,2,312.23,14.8,D,0
39.83097,40.04814,337.65,0.53,0.42,2024-08-17,1037,N,VIIRS,n,2,305.66,8.47,D,0
39.91335,41.65421,344.8,0.42,0.46,2024-08-17,1037,N,VIIRS,n,2,303.94,3.29,D,0
39.7467,26.35714,340.61,0.46,0.47,2024-08-17,1038,N,VIIRS,n,2,308.16,3.87,D,0
40.18581,28.42238,336.58,0.54,0.42,2024-08-17,1038,N,VIIRS,n,2,308.13,5.45,D,0
40.32524,30.88889,345.43,0.44,0.38,2024-08-17,1038,N,VIIRS,n,2,307.92,8.54,D,0
40.32617,30.89395,347.68,0.44,0.38,2024-08-17,1038,N,VIIRS,n,2,306.73,15.58,D,0
40.3306,30.8982,340.57,0.44,0.38,2024-08-17,1038,N,VIIRS,n,2,310.43,15.58,D,0
40.33336,30.91326,343.74,0.44,0.38,2024-08-17,1038,N,VIIRS,n,2,306.54,3.16,D,0
40.3392,30.96506,338.38,0.43,0.38,2024-08-17,1038,N,VIIRS,n,2,306.59,4.06,D,0
40.3401,30.96995,350.58,0.43,0.38,2024-08-17,1038,N,VIIRS,n,2,308.89,4.06,D,0
41.01218,35.63721,343.05,0.4,0.37,2024-08-17,1038,N,VIIRS,n,2,310.03,4.35,D,0
41.04333,28.54844,337.14,0.52,0.41,2024-08-17,1038,N,VIIRS,n,2,307.33,6.38,D,0
41.05164,32.84249,356.03,0.39,0.36,2024-08-17,1038,N,VIIRS,n,2,308.53,8.21,D,0
41.05238,32.84709,338.83,0.39,0.36,2024-08-17,1038,N,VIIRS,n,2,306.53,8.21,D,0
41.05288,32.83885,346.16,0.39,0.36,2024-08-17,1038,N,VIIRS,n,2,310.62,13.88,D,0
41.05363,32.84344,355.95,0.39,0.36,2024-08-17,1038,N,VIIRS,n,2,314.87,10.36,D,0
41.05439,32.84804,349.3,0.39,0.36,2024-08-17,1038,N,VIIRS,n,2,308.46,10.36,D,0
41.05515,32.85262,353.35,0.39,0.36,2024-08-17,1038,N,VIIRS,n,2,309.01,13.78,D,0
41.05619,32.83798,344.17,0.39,0.36,2024-08-17,1038,N,VIIRS,n,2,308.04,13.88,D,0
41.05695,32.84257,335.18,0.39,0.36,2024-08-17,1038,N,VIIRS,n,2,307.37,10.36,D,0
36.56594,26.33853,336.14,0.69,0.74,2024-08-17,1217,N,VIIRS,n,2,298.88,11.19,D,0
37.59852,26.52621,367.0,0.71,0.75,2024-08-17,1218,N,VIIRS,h,2,308.41,26.87,D,0
37.59867,26.53706,333.08,0.72,0.75,2024-08-17,1218,N,VIIRS,n,2,296.04,26.87,D,3
37.60556,26.52322,367.0,0.71,0.75,2024-08-17,1218,N,VIIRS,h,2,306.55,17.11,D,0
37.60574,26.53555,350.06,0.72,0.75,2024-08-17,1218,N,VIIRS,n,2,301.77,17.11,D,3
38.53593,27.15918,343.46,0.78,0.78,2024-08-17,1218,N,VIIRS,n,2,304.98,25.39,D,0
38.53593,27.16627,330.46,0.78,0.78,2024-08-17,1218,N,VIIRS,n,2,304.15,25.39,D,0
38.53593,27.17267,330.19,0.78,0.78,2024-08-17,1218,N,VIIRS,n,2,303.24,17.55,D,0
38.53593,27.17899,346.79,0.78,0.78,2024-08-17,1218,N,VIIRS,n,2,302.5,17.55,D,0
38.53594,27.15081,343.74,0.78,0.78,2024-08-17,1218,N,VIIRS,n,2,304.99,20.78,D,0
38.53614,27.15116,343.34,0.78,0.78,2024-08-17,1218,N,VIIRS,n,2,304.96,21.55,D,0
38.53618,27.1595,345.38,0.78,0.78,2024-08-17,1218,N,VIIRS,n,2,305.16,21.55,D,0
38.53621,27.16653,330.18,0.78,0.78,2024-08-17,1218,N,VIIRS,n,2,303.84,24.69,D,0
38.53624,27.17295,332.19,0.78,0.78,2024-08-17,1218,N,VIIRS,n,2,303.05,24.69,D,0
38.53627,27.17936,345.8,0.78,0.78,2024-08-17,1218,N,VIIRS,n,2,302.46,9.88,D,0
38.54325,27.15427,352.86,0.78,0.78,2024-08-17,1218,N,VIIRS,n,2,306.11,25.39,D,0
38.54326,27.16325,367.0,0.78,0.78,2024-08-17,1218,N,VIIRS,h,2,304.8,25.39,D,0
38.54347,27.15459,354.09,0.78,0.78,2024-08-17,1218,N,VIIRS,n,2,306.08,21.55,D,0
38.54351,27.16357,367.0,0.78,0.78,2024-08-17,1218,N,VIIRS,h,2,304.41,24.69,D,0
42.12475,43.01148,306.53,0.41,0.37,2024-08-17,2255,N,VIIRS,n,2,291.58,1.0,N,2
37.86906,39.8382,304.69,0.46,0.39,2024-08-17,2256,N,VIIRS,n,2,291.64,0.29,N,0
37.87375,38.84451,311.85,0.51,0.41,2024-08-17,2256,N,VIIRS,n,2,292.98,1.07,N,0
37.96239,41.70078,307.57,0.41,0.37,2024-08-17,2256,N,VIIRS,n,2,295.3,3.0,N,2
38.02658,39.88523,313.03,0.46,0.39,2024-08-17,2256,N,VIIRS,n,2,291.64,1.58,N,0
38.14061,40.74092,314.02,0.43,0.38,2024-08-17,2256,N,VIIRS,n,2,294.86,1.42,N,0
38.18272,37.31371,303.6,0.4,0.44,2024-08-17,2256,N,VIIRS,n,2,286.74,0.82,N,0
38.18682,37.31432,303.92,0.4,0.44,2024-08-17,2256,N,VIIRS,n,2,287.02,0.74,N,0
38.22438,40.50504,312.8,0.44,0.38,2024-08-17,2256,N,VIIRS,n,2,293.42,1.33,N,2
38.45352,38.7285,305.57,0.52,0.42,2024-08-17,2256,N,VIIRS,n,2,294.07,1.44,N,2
38.47221,37.11167,304.81,0.41,0.45,2024-08-17,2256,N,VIIRS,n,2,288.26,1.0,N,0
38.65944,30.61519,298.27,0.46,0.64,2024-08-17,2256,N,VIIRS,n,2,287.45,0.8,N,2
38.66426,39.23587,303.62,0.5,0.41,2024-08-17,2256,N,VIIRS,n,2,291.0,0.9,N,2
38.7147,28.16178,302.3,0.63,0.72,2024-08-17,2256,N,VIIRS,n,2,289.47,1.25,N,0
38.74186,28.15176,303.31,0.63,0.72,2024-08-17,2256,N,VIIRS,n,2,292.57,1.9,N,0
38.7445,28.14993,313.67,0.63,0.72,2024-08-17,2256,N,VIIRS,n,2,292.96,2.63,N,0
38.74598,26.94612,304.99,0.73,0.76,2024-08-17,2256,N,VIIRS,n,2,292.78,2.52,N,2
38.74812,28.17528,305.55,0.63,0.72,2024-08-17,2256,N,VIIRS,n,2,290.76,2.85,N,0
38.74863,28.15024,322.39,0.63,0.72,2024-08-17,2256,N,VIIRS,n,2,292.52,6.61,N,0
38.75087,28.17366,327.08,0.63,0.72,2024-08-17,2256,N,VIIRS,n,2,292.33,3.95,N,0
38.75126,28.14864,310.48,0.63,0.72,2024-08-17,2256,N,VIIRS,n,2,291.54,2.63,N,0
38.75488,28.17359,323.47,0.63,0.72,2024-08-17,2256,N,VIIRS,n,2,292.85,2.85,N,0
38.75503,28.16663,316.69,0.63,0.72,2024-08-17,2256,N,VIIRS,n,2,292.28,2.85,N,0
38.75763,28.1718,303.93,0.63,0.72,2024-08-17,2256,N,VIIRS,n,2,291.3,2.14,N,0
38.75775,28.16466,318.29,0.63,0.72,2024-08-17,2256,N,VIIRS,n,2,291.9,4.1,N,0
38.88361,37.89701,301.44,0.38,0.43,2024-08-17,2256,N,VIIRS,n,2,290.93,0.57,N,2
39.06692,34.90289,296.74,0.55,0.51,2024-08-17,2256,N,VIIRS,n,2,284.14,0.63,N,0
39.4833,30.03833,302.81,0.5,0.66,2024-08-17,2256,N,VIIRS,n,2,286.75,1.01,N,2
39.51294,35.10971,296.77,0.54,0.51,2024-08-17,2256,N,VIIRS,n,2,285.38,1.03,N,0
39.60191,33.28711,308.49,0.34,0.56,2024-08-17,2256,N,VIIRS,n,2,287.17,0.76,N,0
39.60247,33.28937,299.39,0.34,0.56,2024-08-17,2256,N,VIIRS,n,2,287.66,0.84,N,0
39.72369,36.93776,300.21,0.44,0.46,2024-08-17,2256,N,VIIRS,n,2,286.42,0.86,N,2
39.72692,33.97934,327.67,0.62,0.54,2024-08-17,2256,N,VIIRS,n,2,286.48,3.85,N,0
39.73193,33.97987,315.31,0.62,0.54,2024-08-17,2256,N,VIIRS,n,2,285.54,3.85,N,0
39.83601,30.29708,300.17,0.49,0.65,2024-08-17,2256,N,VIIRS,n,2,288.32,1.03,N,2
39.83617,30.29817,301.43,0.49,0.65,2024-08-17,2256,N,VIIRS,n,2,288.42,1.21,N,2
39.94385,33.19156,305.04,0.35,0.56,2024-08-17,2256,N,VIIRS,n,2,288.64,0.93,N,2
39.96677,41.9271,298.71,0.41,0.37,2024-08-17,2256,N,VIIRS,n,2,285.1,0.55,N,0
40.04897,32.64721,298.97,0.37,0.58,2024-08-17,2256,N,VIIRS,n,2,288.82,0.83,N,2
40.08112,32.7962,300.05,0.36,0.58,2024-08-17,2256,N,VIIRS,n,2,286.29,0.4,N,0
40.18346,28.41632,298.98,0.62,0.71,2024-08-17,2256,N,VIIRS,n,2,288.83,0.68,N,0
40.57582,43.0051,296.56,0.4,0.37,2024-08-17,2256,N,VIIRS,n,2,283.38,0.41,N,0
40.76564,32.21565,306.43,0.4,0.6,2024-08-17,2256,N,VIIRS,n,2,285.19,1.08,N,2
40.9453,31.39385,299.59,0.44,0.62,2024-08-17,2256,N,VIIRS,n,2,289.01,0.58,N,2
41.02039,28.5556,302.07,0.61,0.71,2024-08-17,2256,N,VIIRS,n,2,291.11,1.14,N,2
41.04882,32.84138,298.33,0.37,0.58,2024-08-17,2256,N,VIIRS,n,2,286.3,0.57,N,0
41.04905,32.83669,305.53,0.37,0.58,2024-08-17,2256,N,VIIRS,n,2,287.29,0.57,N,0
41.05348,32.85621,298.98,0.37,0.58,2024-08-17,2256,N,VIIRS,n,2,286.48,0.82,N,0
41.05371,32.85173,300.8,0.37,0.58,2024-08-17,2256,N,VIIRS,n,2,287.14,0.8,N,0
41.05393,32.84747,297.85,0.37,0.58,2024-08-17,2256,N,VIIRS,n,2,287.63,0.8,N,0
41.09246,37.13882,309.77,0.44,0.46,2024-08-17,2256,N,VIIRS,n,2,289.39,1.21,N,0
41.1088,37.32176,311.54,0.43,0.46,2024-08-17,2256,N,VIIRS,n,2,291.97,0.94,N,2
41.17506,32.6343,319.71,0.38,0.59,2024-08-17,2256,N,VIIRS,n,2,293.38,1.83,N,2
41.25683,31.41191,306.92,0.44,0.62,2024-08-17,2256,N,VIIRS,n,2,290.32,1.0,N,2
41.26209,31.42856,324.23,0.44,0.62,2024-08-17,2256,N,VIIRS,n,2,291.15,3.59,N,2
41.26329,31.42663,324.41,0.44,0.62,2024-08-17,2256,N,VIIRS,n,2,292.21,4.16,N,2
41.2635,31.42122,300.78,0.44,0.62,2024-08-17,2256,N,VIIRS,n,2,290.75,2.2,N,2
41.26791,31.42904,301.12,0.44,0.62,2024-08-17,2256,N,VIIRS,n,2,290.23,0.73,N,2
41.2681,31.42361,303.86,0.44,0.62,2024-08-17,2256,N,VIIRS,n,2,291.89,0.73,N,2
41.64066,32.30537,302.32,0.4,0.6,2024-08-17,2256,N,VIIRS,n,2,291.07,0.57,N,0
35.52721,44.34488,346.05,0.39,0.36,2024-08-17,2257,N,VIIRS,n,2,302.14,3.47,N,2
35.52793,44.3406,318.89,0.39,0.36,2024-08-17,2257,N,VIIRS,n,2,300.28,3.47,N,2
35.53125,44.34143,330.95,0.39,0.36,2024-08-17,2257,N,VIIRS,n,2,302.76,3.47,N,2
35.53528,44.33797,331.71,0.39,0.36,2024-08-17,2257,N,VIIRS,n,2,300.39,4.09,N,2
35.56516,44.28304,333.16,0.39,0.36,2024-08-17,2257,N,VIIRS,n,2,302.28,5.08,N,2
35.62681,44.00824,309.61,0.39,0.36,2024-08-17,2257,N,VIIRS,n,2,298.74,1.87,N,2
35.63011,44.00906,341.79,0.39,0.36,2024-08-17,2257,N,VIIRS,n,2,305.59,8.57,N,2
35.66161,43.96378,340.53,0.39,0.36,2024-08-17,2257,N,VIIRS,n,2,303.72,14.17,N,2
35.66492,43.96458,323.34,0.39,0.36,2024-08-17,2257,N,VIIRS,n,2,299.84,2.5,N,2
35.67924,44.06544,318.32,0.39,0.36,2024-08-17,2257,N,VIIRS,n,2,299.69,2.93,N,2
35.6828,43.87633,320.09,0.39,0.36,2024-08-17,2257,N,VIIRS,n,2,299.13,2.67,N,2
35.6861,43.87714,331.52,0.39,0.36,2024-08-17,2257,N,VIIRS,n,2,313.07,43.17,N,2
35.72052,43.77097,314.97,0.39,0.36,2024-08-17,2257,N,VIIRS,n,2,302.78,1.34,N,2
35.72447,44.04113,341.27,0.39,0.36,2024-08-17,2257,N,VIIRS,n,2,305.29,13.65,N,2
35.72669,44.04038,342.79,0.39,0.36,2024-08-17,2257,N,VIIRS,n,2,304.56,11.43,N,2
35.7281,44.03188,324.15,0.39,0.36,2024-08-17,2257,N,VIIRS,n,2,300.84,3.07,N,2
35.7314,44.03268,329.41,0.39,0.36,2024-08-17,2257,N,VIIRS,n,2,301.75,3.07,N,2
35.77211,43.99404,331.67,0.39,0.36,2024-08-17,2257,N,VIIRS,n,2,302.47,4.54,N,2
35.78642,43.25212,310.95,0.38,0.36,2024-08-17,2257,N,VIIRS,n,2,300.34,2.56,N,0
35.83585,43.22007,312.52,0.38,0.36,2024-08-17,2257,N,VIIRS,n,2,299.44,1.59,N,2
35.92451,43.79147,328.48,0.39,0.36,2024-08-17,2257,N,VIIRS,n,2,299.57,3.91,N,2
35.94227,43.36247,313.81,0.38,0.36,2024-08-17,2257,N,VIIRS,n,2,297.13,1.66,N,0
35.94294,43.35825,321.51,0.38,0.36,2024-08-17,2257,N,VIIRS,n,2,297.89,2.38,N,0
35.95192,43.7277,331.39,0.39,0.36,2024-08-17,2257,N,VIIRS,n,2,300.94,3.72,N,2
35.95892,44.03664,310.19,0.39,0.36,2024-08-17,2257,N,VIIRS,n,2,296.73,1.17,N,0
35.9721,43.77229,319.68,0.39,0.36,2024-08-17,2257,N,VIIRS,n,2,300.0,3.63,N,2
35.9754,43.7731,319.92,0.39,0.36,2024-08-17,2257,N,VIIRS,n,2,300.77,2.48,N,2
35.98267,43.77048,315.18,0.39,0.36,2024-08-17,2257,N,VIIRS,n,2,301.36,2.48,N,2
35.99733,43.759,315.53,0.39,0.36,2024-08-17,2257,N,VIIRS,n,2,300.0,1.25,N,2
36.00063,43.7598,309.29,0.39,0.36,2024-08-17,2257,N,VIIRS,n,2,298.02,1.25,N,2
36.01623,43.68433,311.07,0.39,0.36,2024-08-17,2257,N,VIIRS,n,2,298.49,1.75,N,2
36.01691,43.68009,320.8,0.39,0.36,2024-08-17,2257,N,VIIRS,n,2,298.21,3.31,N,2
36.01952,43.68512,312.56,0.39,0.36,2024-08-17,2257,N,VIIRS,n,2,300.62,1.75,N,2
36.0202,43.68089,331.7,0.39,0.36,2024-08-17,2257,N,VIIRS,n,2,303.12,3.31,N,2
36.02055,43.93243,311.22,0.39,0.36,2024-08-17,2257,N,VIIRS,n,2,294.7,0.81,N,0
36.08498,43.63945,325.81,0.38,0.36,2024-08-17,2257,N,VIIRS,n,2,296.76,1.8,N,0
36.10018,43.62993,310.63,0.38,0.36,2024-08-17,2257,N,VIIRS,n,2,297.52,0.71,N,0
36.12173,44.04426,313.7,0.39,0.36,2024-08-17,2257,N,VIIRS,n,2,299.06,1.26,N,0
36.12695,43.78022,312.41,0.39,0.36,2024-08-17,2257,N,VIIRS,n,2,299.99,2.04,N,2
36.14365,40.81472,324.04,0.41,0.37,2024-08-17,2257,N,VIIRS,n,2,297.7,2.08,N,2
36.16476,41.04498,308.81,0.41,0.37,2024-08-17,2257,N,VIIRS,n,2,295.65,0.68,N,0
36.26564,33.73048,309.48,0.59,0.53,2024-08-17,2257,N,VIIRS,n,2,298.11,3.33,N,2
36.35222,42.07594,312.15,0.39,0.36,2024-08-17,2257,N,VIIRS,n,2,299.26,1.61,N,2
36.36427,42.24232,307.11,0.39,0.36,2024-08-17,2257,N,VIIRS,n,2,294.77,0.8,N,0
36.44123,42.92817,307.33,0.38,0.36,2024-08-17,2257,N,VIIRS,n,2,296.77,1.99,N,2
36.45915,41.28279,309.11,0.41,0.37,2024-08-17,2257,N,VIIRS,n,2,296.31,3.49,N,2
36.45986,42.6714,308.27,0.39,0.36,2024-08-17,2257,N,VIIRS,n,2,297.36,0.79,N,2
36.68586,43.45001,325.0,0.38,0.36,2024-08-17,2257,N,VIIRS,n,2,298.37,3.98,N,0
36.68653,43.44575,331.23,0.38,0.36,2024-08-17,2257,N,VIIRS,n,2,300.54,7.86,N,0
36.72818,36.20964,309.18,0.44,0.46,2024-08-17,2257,N,VIIRS,n,2,294.73,2.08,N,2
36.73158,43.2818,316.23,0.38,0.36,2024-08-17,2257,N,VIIRS,n,2,298.7,1.41,N,2
36.73246,36.2103,313.56,0.44,0.46,2024-08-17,2257,N,VIIRS,n,2,295.83,4.86,N,2
36.73883,36.20852,307.99,0.44,0.46,2024-08-17,2257,N,VIIRS,n,2,295.79,4.17,N,2
36.74102,36.21161,309.98,0.44,0.46,2024-08-17,2257,N,VIIRS,n,2,295.14,3.43,N,2
36.7425,36.1965,311.39,0.44,0.46,2024-08-17,2257,N,VIIRS,n,2,294.53,2.2,N,2
36.74405,36.19908,312.8,0.44,0.46,2024-08-17,2257,N,VIIRS,n,2,294.81,3.98,N,2
36.74559,43.49772,305.78,0.38,0.36,2024-08-17,2257,N,VIIRS,n,2,295.37,1.35,N,2
36.7463,36.20215,312.23,0.44,0.46,2024-08-17,2257,N,VIIRS,n,2,295.08,2.2,N,2
36.74786,36.20481,308.14,0.44,0.46,2024-08-17,2257,N,VIIRS,n,2,295.09,2.93,N,2
36.74888,43.49849,310.65,0.38,0.36,2024-08-17,2257,N,VIIRS,n,2,299.76,1.35,N,2
36.77625,43.32355,337.2,0.38,0.36,2024-08-17,2257,N,VIIRS,n,2,301.99,3.73,N,2
36.78085,42.06032,307.6,0.39,0.36,2024-08-17,2257,N,VIIRS,n,2,293.64,0.69,N,0
36.79766,37.01963,307.59,0.4,0.44,2024-08-17,2257,N,VIIRS,n,2,294.24,1.61,N,2
36.81082,37.25527,305.58,0.39,0.44,2024-08-17,2257,N,VIIRS,n,2,293.84,0.87,N,0
36.83767,42.1298,322.45,0.39,0.36,2024-08-17,2257,N,VIIRS,n,2,294.35,1.87,N,0
36.86914,34.76402,309.36,0.53,0.5,2024-08-17,2257,N,VIIRS,n,2,295.99,2.05,N,2
36.86963,43.48662,326.57,0.38,0.36,2024-08-17,2257,N,VIIRS,n,2,296.98,2.13,N,2
36.87128,43.32296,315.41,0.38,0.36,2024-08-17,2257,N,VIIRS,n,2,296.39,1.85,N,0
36.87706,43.39535,304.49,0.38,0.36,2024-08-17,2257,N,VIIRS,n,2,293.04,0.92,N,0
36.88035,43.39614,312.51,0.38,0.36,2024-08-17,2257,N,VIIRS,n,2,296.32,0.92,N,0
36.8843,43.39267,313.35,0.38,0.36,2024-08-17,2257,N,VIIRS,n,2,296.16,1.86,N,0
36.89093,42.90555,313.79,0.39,0.36,2024-08-17,2257,N,VIIRS,n,2,297.42,1.46,N,0
36.89209,43.43005,335.58,0.38,0.36,2024-08-17,2257,N,VIIRS,n,2,296.1,4.34,N,2
36.89423,42.90635,314.75,0.39,0.36,2024-08-17,2257,N,VIIRS,n,2,298.25,1.46,N,0
36.90532,43.38895,314.8,0.38,0.36,2024-08-17,2257,N,VIIRS,n,2,292.87,2.55,N,2
36.9086,43.38974,330.73,0.38,0.36,2024-08-17,2257,N,VIIRS,n,2,297.25,2.55,N,2
36.91879,41.48631,305.6,0.4,0.37,2024-08-17,2257,N,VIIRS,n,2,293.97,0.48,N,0
36.91903,43.49202,315.06,0.38,0.36,2024-08-17,2257,N,VIIRS,n,2,295.56,1.62,N,0
36.9197,43.48775,307.17,0.38,0.36,2024-08-17,2257,N,VIIRS,n,2,294.53,1.41,N,0
36.92037,43.48347,321.68,0.38,0.36,2024-08-17,2257,N,VIIRS,n,2,296.08,1.41,N,0
36.92104,43.4792,331.44,0.38,0.36,2024-08-17,2257,N,VIIRS,n,2,295.57,2.73,N,0
36.92432,43.48,313.05,0.38,0.36,2024-08-17,2257,N,VIIRS,n,2,295.25,1.01,N,0
36.92761,43.4808,307.49,0.38,0.36,2024-08-17,2257,N,VIIRS,n,2,295.91,1.01,N,0
36.92828,43.47652,309.55,0.38,0.36,2024-08-17,2257,N,VIIRS,n,2,295.52,1.01,N,0
36.93184,30.64523,328.97,0.45,0.63,2024-08-17,2257,N,VIIRS,n,2,294.85,3.06,N,2
36.93397,30.64572,356.24,0.45,0.63,2024-08-17,2257,N,VIIRS,n,2,295.77,8.06,N,2
36.93491,42.13117,316.86,0.39,0.36,2024-08-17,2257,N,VIIRS,n,2,295.9,1.47,N,2
36.9377,30.64615,333.91,0.45,0.63,2024-08-17,2257,N,VIIRS,n,2,296.16,3.06,N,2
36.94251,42.17366,313.36,0.39,0.36,2024-08-17,2257,N,VIIRS,n,2,295.25,1.36,N,2
36.94315,42.16927,316.59,0.39,0.36,2024-08-17,2257,N,VIIRS,n,2,295.33,1.36,N,2
36.94555,42.12903,328.88,0.39,0.36,2024-08-17,2257,N,VIIRS,n,2,296.17,2.94,N,2
36.94738,42.78054,314.54,0.39,0.36,2024-08-17,2257,N,VIIRS,n,2,298.77,1.89,N,0
36.94888,42.12978,330.38,0.39,0.36,2024-08-17,2257,N,VIIRS,n,2,299.14,2.94,N,2
36.96171,41.45362,308.72,0.41,0.37,2024-08-17,2257,N,VIIRS,n,2,294.25,1.74,N,0
36.96258,42.08277,323.61,0.39,0.37,2024-08-17,2257,N,VIIRS,n,2,295.33,2.01,N,2
37.00393,36.69596,341.18,0.42,0.45,2024-08-17,2257,N,VIIRS,n,2,296.5,10.78,N,0
37.01051,42.14214,330.06,0.39,0.36,2024-08-17,2257,N,VIIRS,n,2,295.48,3.1,N,0
37.02182,36.11145,308.67,0.45,0.47,2024-08-17,2257,N,VIIRS,n,2,294.63,2.06,N,2
37.05612,43.57238,312.38,0.38,0.36,2024-08-17,2257,N,VIIRS,n,2,293.91,1.39,N,0
37.05641,42.13444,308.23,0.39,0.36,2024-08-17,2257,N,VIIRS,n,2,296.18,1.72,N,2
37.05941,43.57318,334.72,0.38,0.36,2024-08-17,2257,N,VIIRS,n,2,296.82,2.35,N,0
37.06009,43.5689,307.0,0.38,0.36,2024-08-17,2257,N,VIIRS,n,2,293.92,2.35,N,0
37.07832,42.55787,318.06,0.39,0.36,2024-08-17,2257,N,VIIRS,n,2,298.95,2.27,N,2
37.09621,38.17759,321.44,0.53,0.42,2024-08-17,2257,N,VIIRS,n,2,294.98,2.61,N,0
37.11448,43.37326,305.04,0.38,0.36,2024-08-17,2257,N,VIIRS,n,2,293.98,0.89,N,0
37.11776,43.37408,326.24,0.38,0.36,2024-08-17,2257,N,VIIRS,n,2,295.18,3.04,N,0
37.14366,29.96776,299.35,0.49,0.65,2024-08-17,2257,N,VIIRS,n,2,285.05,1.97,N,0
37.14386,29.96563,327.62,0.49,0.65,2024-08-17,2257,N,VIIRS,n,2,286.33,2.52,N,0
37.14388,29.96167,329.62,0.49,0.65,2024-08-17,2257,N,VIIRS,n,2,286.59,4.52,N,0
37.1441,29.95981,303.15,0.49,0.65,2024-08-17,2257,N,VIIRS,n,2,284.64,2.52,N,0
37.15323,40.70638,310.78,0.43,0.38,2024-08-17,2257,N,VIIRS,n,2,294.54,2.53,N,0
37.1567,40.7071,322.91,0.43,0.38,2024-08-17,2257,N,VIIRS,n,2,295.45,3.96,N,0
37.20986,42.54085,307.43,0.39,0.36,2024-08-17,2257,N,VIIRS,n,2,292.4,0.69,N,0
37.29211,37.15776,304.86,0.4,0.44,2024-08-17,2257,N,VIIRS,n,2,294.28,0.73,N,2
37.2962,37.15847,309.22,0.4,0.44,2024-08-17,2257,N,VIIRS,n,2,294.71,0.73,N,2
37.33766,40.80397,312.26,0.42,0.38,2024-08-17,2257,N,VIIRS,n,2,295.63,2.93,N,2
37.34985,37.1623,304.97,0.4,0.44,2024-08-17,2257,N,VIIRS,n,2,294.65,1.63,N,2
37.51692,28.32346,325.61,0.61,0.71,2024-08-17,2257,N,VIIRS,n,2,292.61,7.7,N,0
37.51931,28.32474,367.0,0.61,0.71,2024-08-17,2257,N,VIIRS,h,2,295.88,7.27,N,0
37.52354,28.32502,353.51,0.61,0.71,2024-08-17,2257,N,VIIRS,n,2,297.31,7.7,N,0
37.52592,28.32599,323.34,0.61,0.71,2024-08-17,2257,N,VIIRS,n,2,294.65,7.27,N,0
37.53016,28.3262,333.53,0.61,0.71,2024-08-17,2257,N,VIIRS,n,2,294.61,2.44,N,0
37.5303,28.31961,302.87,0.61,0.71,2024-08-17,2257,N,VIIRS,n,2,292.29,2.44,N,0
37.53252,28.32723,330.7,0.61,0.71,2024-08-17,2257,N,VIIRS,n,2,294.21,4.17,N,0
37.53271,28.32058,310.44,0.61,0.71,2024-08-17,2257,N,VIIRS,n,2,292.69,4.18,N,0
37.53693,28.3208,302.93,0.61,0.71,2024-08-17,2257,N,VIIRS,n,2,292.02,2.44,N,0
37.58471,26.51118,309.16,0.76,0.77,2024-08-17,2257,N,VIIRS,n,2,293.78,6.18,N,0
37.58656,26.50858,319.17,0.76,0.77,2024-08-17,2257,N,VIIRS,n,2,294.32,4.76,N,0
37.58886,28.36907,338.58,0.6,0.71,2024-08-17,2257,N,VIIRS,n,2,296.56,4.13,N,0
37.58902,28.36294,306.99,0.6,0.71,2024-08-17,2257,N,VIIRS,n,2,295.49,4.13,N,0
37.59182,26.52041,306.74,0.76,0.77,2024-08-17,2257,N,VIIRS,n,2,294.07,3.08,N,0
37.59195,26.51125,335.18,0.76,0.77,2024-08-17,2257,N,VIIRS,n,2,294.79,6.18,N,0
37.5921,26.50076,332.49,0.76,0.77,2024-08-17,2257,N,VIIRS,n,2,293.59,6.18,N,3
37.59371,26.51805,315.21,0.76,0.77,2024-08-17,2257,N,VIIRS,n,2,294.68,4.76,N,0
37.5938,26.50793,341.81,0.76,0.77,2024-08-17,2257,N,VIIRS,n,2,294.97,4.76,N,0
37.59389,26.49825,309.43,0.76,0.77,2024-08-17,2257,N,VIIRS,n,2,293.35,10.08,N,3
37.5956,28.36483,308.43,0.6,0.71,2024-08-17,2257,N,VIIRS,n,2,295.11,3.95,N,0
37.60361,38.89684,303.22,0.5,0.41,2024-08-17,2257,N,VIIRS,n,2,289.42,0.39,N,0
37.60802,26.53689,309.44,0.75,0.77,2024-08-17,2257,N,VIIRS,n,2,294.31,7.93,N,3
37.60807,26.53069,351.92,0.76,0.77,2024-08-17,2257,N,VIIRS,n,2,297.03,7.93,N,0
37.60815,26.52361,304.58,0.76,0.77,2024-08-17,2257,N,VIIRS,n,2,294.1,8.5,N,0
37.69144,38.43631,305.75,0.53,0.42,2024-08-17,2257,N,VIIRS,n,2,291.87,0.89,N,0
37.69264,38.43714,322.98,0.53,0.42,2024-08-17,2257,N,VIIRS,n,2,292.68,3.33,N,0
37.73048,38.58979,332.84,0.52,0.41,2024-08-17,2257,N,VIIRS,n,2,294.35,9.32,N,0
37.85188,31.77287,302.07,0.4,0.6,2024-08-17,2257,N,VIIRS,n,2,283.66,1.34,N,0
37.85212,31.76824,312.35,0.4,0.6,2024-08-17,2257,N,VIIRS,n,2,283.6,2.03,N,0
38.12814,27.0889,306.29,0.71,0.75,2024-08-17,2257,N,VIIRS,n,2,294.31,1.89,N,0
38.13847,30.88017,298.58,0.44,0.63,2024-08-17,2257,N,VIIRS,n,2,288.52,1.14,N,0
38.19565,27.58701,307.29,0.67,0.73,2024-08-17,2257,N,VIIRS,n,2,292.94,1.73,N,0
38.27781,28.87036,323.05,0.57,0.69,2024-08-17,2257,N,VIIRS,n,2,290.15,2.73,N,0
38.43369,26.52895,328.96,0.76,0.77,2024-08-17,2257,N,VIIRS,n,2,293.59,8.12,N,0
38.43377,26.51771,347.9,0.76,0.77,2024-08-17,2257,N,VIIRS,n,2,295.27,8.12,N,0
38.43384,26.50665,325.57,0.76,0.77,2024-08-17,2257,N,VIIRS,n,2,293.44,5.55,N,0
38.44093,26.53144,307.26,0.76,0.77,2024-08-17,2257,N,VIIRS,n,2,293.33,8.12,N,0
38.44099,26.52254,345.94,0.76,0.77,2024-08-17,2257,N,VIIRS,n,2,295.25,8.12,N,0
38.44109,26.509,305.71,0.76,0.77,2024-08-17,2257,N,VIIRS,n,2,294.01,5.55,N,0
38.44117,26.4974,301.85,0.76,0.77,2024-08-17,2257,N,VIIRS,n,2,291.58,5.55,N,3
38.5235,27.1401,302.87,0.71,0.75,2024-08-17,2257,N,VIIRS,n,2,292.8,1.12,N,0
39.72841,33.98126,301.79,0.5,0.66,2024-08-18,36,N,VIIRS,n,2,284.19,0.79,N,0
39.72942,33.98203,302.81,0.5,0.66,2024-08-18,36,N,VIIRS,n,2,284.36,1.35,N,0
40.33062,30.89689,316.26,0.34,0.56,2024-08-18,36,N,VIIRS,n,2,288.25,1.53,N,0
40.34056,30.88024,299.95,0.34,0.56,2024-08-18,36,N,VIIRS,n,2,288.23,0.6,N,0
40.75604,31.78238,298.02,0.37,0.58,2024-08-18,36,N,VIIRS,n,2,287.31,0.57,N,2
40.75698,29.76389,303.51,0.59,0.53,2024-08-18,36,N,VIIRS,n,2,292.28,1.33,N,2
40.76628,32.21978,298.09,0.39,0.59,2024-08-18,36,N,VIIRS,n,2,283.32,0.67,N,0
40.92281,31.20636,301.26,0.34,0.56,2024-08-18,36,N,VIIRS,n,2,287.6,0.6,N,0
41.01918,28.55716,310.77,0.5,0.49,2024-08-18,36,N,VIIRS,n,2,292.26,1.93,N,2
41.05775,32.83665,304.95,0.41,0.6,2024-08-18,36,N,VIIRS,n,2,286.6,1.07,N,0
41.17421,32.63228,311.9,0.39,0.6,2024-08-18,36,N,VIIRS,n,2,290.08,1.1,N,2
41.17937,32.63506,302.64,0.39,0.6,2024-08-18,36,N,VIIRS,n,2,292.0,1.1,N,2
41.2552,31.41549,323.24,0.34,0.56,2024-08-18,36,N,VIIRS,n,2,290.95,1.66,N,2
41.25597,31.41588,320.45,0.34,0.56,2024-08-18,36,N,VIIRS,n,2,290.74,1.54,N,2
41.25624,31.41156,305.33,0.34,0.56,2024-08-18,36,N,VIIRS,n,2,290.46,1.94,N,2
41.25703,31.41196,308.67,0.34,0.56,2024-08-18,36,N,VIIRS,n,2,289.98,1.95,N,2
41.25778,31.42978,302.96,0.34,0.56,2024-08-18,36,N,VIIRS,n,2,290.89,1.0,N,2
41.25879,31.42606,301.98,0.34,0.56,2024-08-18,36,N,VIIRS,n,2,290.41,1.0,N,2
41.26479,31.4245,315.29,0.34,0.56,2024-08-18,36,N,VIIRS,n,2,292.84,2.09,N,2
41.79853,26.70305,303.88,0.4,0.44,2024-08-18,36,N,VIIRS,n,2,290.09,0.79,N,2
36.49595,32.11961,311.2,0.5,0.66,2024-08-18,37,N,VIIRS,n,2,294.44,1.46,N,0
36.86938,34.76023,303.42,0.66,0.73,2024-08-18,37,N,VIIRS,n,2,293.27,1.4,N,2
37.14326,29.96065,303.8,0.37,0.58,2024-08-18,37,N,VIIRS,n,2,284.56,1.09,N,0
37.14584,29.96174,295.76,0.37,0.58,2024-08-18,37,N,VIIRS,n,2,283.21,0.84,N,0
37.25467,30.44347,309.65,0.39,0.59,2024-08-18,37,N,VIIRS,n,2,290.84,0.38,N,2
37.25477,30.44188,301.11,0.39,0.59,2024-08-18,37,N,VIIRS,n,2,290.01,0.49,N,2
37.51629,28.3281,312.21,0.6,0.53,2024-08-18,37,N,VIIRS,n,2,291.15,3.36,N,0
37.51797,28.32131,322.15,0.6,0.53,2024-08-18,37,N,VIIRS,n,2,293.22,3.36,N,0
37.5211,28.32956,327.9,0.6,0.53,2024-08-18,37,N,VIIRS,n,2,293.5,3.33,N,0
37.5228,28.32264,305.8,0.6,0.53,2024-08-18,37,N,VIIRS,n,2,292.91,3.33,N,0
37.53236,28.32576,349.19,0.6,0.53,2024-08-18,37,N,VIIRS,n,2,295.69,9.34,N,0
37.53408,28.31876,310.63,0.6,0.53,2024-08-18,37,N,VIIRS,n,2,291.61,7.49,N,0
37.53716,28.32722,342.43,0.6,0.53,2024-08-18,37,N,VIIRS,n,2,295.14,9.34,N,0
37.58601,26.51502,316.36,0.48,0.48,2024-08-18,37,N,VIIRS,n,2,294.97,1.21,N,0
37.59153,26.5113,308.6,0.48,0.48,2024-08-18,37,N,VIIRS,n,2,295.53,1.18,N,0
37.59341,26.52335,308.39,0.48,0.48,2024-08-18,37,N,VIIRS,n,2,294.85,3.45,N,0
37.59463,26.51805,334.0,0.48,0.48,2024-08-18,37,N,VIIRS,n,2,294.74,3.45,N,0
37.59779,26.52456,315.03,0.48,0.48,2024-08-18,37,N,VIIRS,n,2,295.11,3.7,N,0
37.59903,26.5192,340.1,0.48,0.48,2024-08-18,37,N,VIIRS,n,2,297.17,3.7,N,0
37.60347,26.52014,310.34,0.48,0.48,2024-08-18,37,N,VIIRS,n,2,295.86,3.7,N,0
37.6045,26.5157,336.12,0.48,0.48,2024-08-18,37,N,VIIRS,n,2,298.01,5.4,N,0
37.60665,26.5266,308.93,0.48,0.48,2024-08-18,37,N,VIIRS,n,2,294.43,9.8,N,0
37.60791,26.52108,367.0,0.48,0.48,2024-08-18,37,N,VIIRS,h,2,303.46,9.8,N,0
37.60896,26.51654,324.01,0.48,0.48,2024-08-18,37,N,VIIRS,n,2,296.95,5.81,N,0
37.61236,26.522,343.59,0.48,0.48,2024-08-18,37,N,VIIRS,n,2,297.96,9.8,N,0
37.8297,29.34149,299.17,0.33,0.55,2024-08-18,37,N,VIIRS,n,2,285.73,0.38,N,0
38.11586,27.07952,307.95,0.5,0.49,2024-08-18,37,N,VIIRS,n,2,295.56,1.93,N,0
38.11688,27.0752,322.91,0.5,0.49,2024-08-18,37,N,VIIRS,n,2,296.66,3.43,N,0
38.12548,27.07904,317.67,0.5,0.49,2024-08-18,37,N,VIIRS,n,2,297.13,2.97,N,0
38.13095,27.07597,314.14,0.5,0.49,2024-08-18,37,N,VIIRS,n,2,297.27,2.97,N,0
38.13152,27.0938,312.24,0.5,0.49,2024-08-18,37,N,VIIRS,n,2,296.53,2.3,N,0
38.13694,27.09095,311.19,0.5,0.49,2024-08-18,37,N,VIIRS,n,2,296.66,2.3,N,3
38.13723,30.88332,300.01,0.39,0.59,2024-08-18,37,N,VIIRS,n,2,289.05,1.54,N,0
38.13783,30.88542,302.18,0.39,0.59,2024-08-18,37,N,VIIRS,n,2,290.04,0.6,N,0
38.14561,27.09449,318.44,0.5,0.49,2024-08-18,37,N,VIIRS,n,2,294.93,2.42,N,0
38.14695,27.08876,304.96,0.5,0.49,2024-08-18,37,N,VIIRS,n,2,294.68,2.29,N,0
38.14734,30.86736,303.33,0.39,0.59,2024-08-18,37,N,VIIRS,n,2,290.39,0.93,N,0
38.14809,30.86933,301.98,0.39,0.59,2024-08-18,37,N,VIIRS,n,2,291.38,0.9,N,0
38.16007,27.09362,322.39,0.5,0.49,2024-08-18,37,N,VIIRS,n,2,296.59,2.85,N,0
38.19815,27.58689,306.89,0.53,0.5,2024-08-18,37,N,VIIRS,n,2,292.66,1.82,N,0
38.19947,27.58697,312.28,0.53,0.5,2024-08-18,37,N,VIIRS,n,2,293.28,2.19,N,0
38.20279,27.58793,314.91,0.53,0.5,2024-08-18,37,N,VIIRS,n,2,295.14,1.82,N,0
38.2707,28.85872,301.62,0.61,0.53,2024-08-18,37,N,VIIRS,n,2,288.96,3.37,N,0
38.2734,28.8688,305.73,0.61,0.53,2024-08-18,37,N,VIIRS,n,2,290.83,4.15,N,0
38.27515,28.86182,332.56,0.61,0.53,2024-08-18,37,N,VIIRS,n,2,292.65,3.37,N,0
38.2762,28.87852,340.52,0.61,0.53,2024-08-18,37,N,VIIRS,n,2,292.5,7.08,N,0
38.27789,28.87176,336.59,0.61,0.53,2024-08-18,37,N,VIIRS,n,2,292.94,7.08,N,0
38.43285,26.53023,316.12,0.46,0.47,2024-08-18,37,N,VIIRS,n,2,294.75,2.66,N,0
38.43362,26.5108,305.89,0.46,0.47,2024-08-18,37,N,VIIRS,n,2,294.33,2.96,N,0
38.43397,26.52526,325.14,0.46,0.47,2024-08-18,37,N,VIIRS,n,2,295.68,2.66,N,0
38.43458,26.52645,339.42,0.46,0.47,2024-08-18,37,N,VIIRS,n,2,297.0,5.13,N,0
38.43613,26.51566,337.08,0.46,0.47,2024-08-18,37,N,VIIRS,n,2,298.91,6.1,N,0
38.43685,26.51661,331.89,0.46,0.47,2024-08-18,37,N,VIIRS,n,2,297.84,2.96,N,0
38.43713,26.53154,338.88,0.46,0.47,2024-08-18,37,N,VIIRS,n,2,297.25,4.47,N,0
38.43724,26.51076,335.6,0.46,0.47,2024-08-18,37,N,VIIRS,n,2,297.25,7.42,N,0
38.43768,26.53285,307.77,0.46,0.47,2024-08-18,37,N,VIIRS,n,2,294.51,3.53,N,0
38.43797,26.5118,322.86,0.46,0.47,2024-08-18,37,N,VIIRS,n,2,296.81,2.96,N,0
38.43831,26.52628,339.14,0.46,0.47,2024-08-18,37,N,VIIRS,n,2,295.39,4.47,N,0
38.43835,26.50579,338.83,0.46,0.47,2024-08-18,37,N,VIIRS,n,2,297.05,7.42,N,0
38.43891,26.52751,343.78,0.46,0.47,2024-08-18,37,N,VIIRS,n,2,300.14,6.71,N,0
38.4391,26.50688,342.11,0.46,0.47,2024-08-18,37,N,VIIRS,n,2,298.95,11.05,N,0
38.44148,26.53251,305.15,0.46,0.47,2024-08-18,37,N,VIIRS,n,2,294.19,4.47,N,0
38.44271,26.52701,338.44,0.46,0.47,2024-08-18,37,N,VIIRS,n,2,295.18,4.47,N,0
38.44332,26.52826,306.12,0.46,0.47,2024-08-18,37,N,VIIRS,n,2,293.79,6.71,N,0
38.44708,26.50756,320.98,0.46,0.47,2024-08-18,37,N,VIIRS,n,2,295.4,3.15,N,0
38.44814,26.50283,314.82,0.46,0.47,2024-08-18,37,N,VIIRS,n,2,295.08,2.72,N,0
38.4489,26.50405,332.35,0.46,0.47,2024-08-18,37,N,VIIRS,n,2,296.52,5.25,N,0
38.4512,26.51391,367.0,0.46,0.47,2024-08-18,37,N,VIIRS,h,2,298.83,11.61,N,0
38.45225,26.50938,313.97,0.46,0.47,2024-08-18,37,N,VIIRS,n,2,294.3,4.33,N,0
38.65881,30.61996,312.26,0.37,0.58,2024-08-18,37,N,VIIRS,n,2,288.19,1.83,N,2
38.66076,30.61855,306.55,0.37,0.58,2024-08-18,37,N,VIIRS,n,2,286.75,1.75,N,2
38.72318,28.16991,305.6,0.55,0.51,2024-08-18,37,N,VIIRS,n,2,289.19,1.27,N,0
38.72464,28.1704,306.85,0.55,0.51,2024-08-18,37,N,VIIRS,n,2,289.11,1.24,N,0
38.72779,28.17134,301.65,0.55,0.51,2024-08-18,37,N,VIIRS,n,2,289.61,1.27,N,0
38.72899,28.14556,306.51,0.55,0.51,2024-08-18,37,N,VIIRS,n,2,290.28,1.36,N,0
38.72924,28.17193,300.6,0.55,0.51,2024-08-18,37,N,VIIRS,n,2,290.04,1.24,N,0
38.73055,28.14631,306.49,0.55,0.51,2024-08-18,37,N,VIIRS,n,2,290.33,1.01,N,0
38.73932,26.93027,318.61,0.47,0.48,2024-08-18,37,N,VIIRS,n,2,295.06,2.19,N,2
38.73992,26.94783,315.79,0.47,0.48,2024-08-18,37,N,VIIRS,n,2,295.43,2.26,N,2
38.74359,26.93187,306.05,0.47,0.48,2024-08-18,37,N,VIIRS,n,2,292.94,0.62,N,2
38.74419,26.94945,321.87,0.47,0.48,2024-08-18,37,N,VIIRS,n,2,295.58,2.26,N,2
38.74825,28.15528,306.67,0.55,0.51,2024-08-18,37,N,VIIRS,n,2,292.37,2.47,N,0
38.74845,26.95113,312.44,0.47,0.48,2024-08-18,37,N,VIIRS,n,2,294.05,1.63,N,2
38.7485,28.17458,304.47,0.55,0.51,2024-08-18,37,N,VIIRS,n,2,291.93,2.16,N,0
38.74963,28.14962,322.03,0.54,0.51,2024-08-18,37,N,VIIRS,n,2,291.51,3.13,N,0
38.75285,28.17717,299.58,0.55,0.51,2024-08-18,37,N,VIIRS,n,2,289.49,1.82,N,0
38.75437,28.17094,305.67,0.55,0.51,2024-08-18,37,N,VIIRS,n,2,291.62,1.82,N,0
38.75584,28.16489,305.52,0.55,0.51,2024-08-18,37,N,VIIRS,n,2,290.41,4.2,N,0
38.75869,28.1736,308.66,0.55,0.51,2024-08-18,37,N,VIIRS,n,2,290.7,1.82,N,0
38.76014,28.16767,338.55,0.55,0.51,2024-08-18,37,N,VIIRS,n,2,292.64,4.2,N,0
39.09108,27.51205,300.76,0.5,0.49,2024-08-18,37,N,VIIRS,n,2,290.31,1.35,N,0
39.09233,27.51346,302.14,0.5,0.49,2024-08-18,37,N,VIIRS,n,2,291.2,0.3,N,0
39.11153,27.59293,302.14,0.5,0.49,2024-08-18,37,N,VIIRS,n,2,291.94,1.0,N,0
39.11403,27.52227,301.06,0.5,0.49,2024-08-18,37,N,VIIRS,n,2,291.02,0.68,N,0
39.48564,30.04193,316.17,0.33,0.55,2024-08-18,37,N,VIIRS,n,2,288.7,1.52,N,2
39.74518,30.19754,302.64,0.33,0.55,2024-08-18,37,N,VIIRS,n,2,287.04,0.51,N,2
39.86637,26.24634,313.35,0.41,0.45,2024-08-18,37,N,VIIRS,n,2,293.28,1.16,N,2
40.1875,28.42308,312.48,0.52,0.5,2024-08-18,37,N,VIIRS,n,2,289.41,2.24,N,0
35.62268,43.50042,367.0,0.43,0.38,2024-08-18,1017,N,VIIRS,h,2,326.59,21.92,D,0
35.96594,36.757,339.63,0.45,0.39,2024-08-18,1017,N,VIIRS,n,2,313.17,2.97,D,0
36.15982,43.75503,351.8,0.44,0.39,2024-08-18,1017,N,VIIRS,n,2,316.89,14.25,D,0
36.46416,43.74308,350.65,0.45,0.39,2024-08-18,1017,N,VIIRS,n,2,320.78,34.51,D,0
36.54385,42.96033,351.02,0.42,0.38,2024-08-18,1017,N,VIIRS,n,2,318.37,16.5,D,0
36.77709,43.32347,349.06,0.43,0.38,2024-08-18,1017,N,VIIRS,n,2,318.67,13.91,D,2
36.83234,40.43593,350.77,0.38,0.36,2024-08-18,1017,N,VIIRS,n,2,318.48,6.24,D,0
36.8564,41.26727,351.16,0.39,0.36,2024-08-18,1017,N,VIIRS,n,2,320.39,9.63,D,0
37.02043,41.33303,348.27,0.39,0.36,2024-08-18,1017,N,VIIRS,n,2,317.69,13.05,D,0
37.12503,43.37874,352.23,0.44,0.38,2024-08-18,1017,N,VIIRS,n,2,311.07,65.06,D,0
37.12729,43.36791,339.77,0.44,0.38,2024-08-18,1017,N,VIIRS,n,2,295.17,2.51,D,0
36.74383,35.07967,336.1,0.52,0.41,2024-08-18,1018,N,VIIRS,n,2,305.72,6.33,D,0
36.74496,35.08535,345.68,0.52,0.41,2024-08-18,1018,N,VIIRS,n,2,309.72,27.96,D,0
36.74909,35.42387,344.08,0.5,0.41,2024-08-18,1018,N,VIIRS,n,2,309.95,4.65,D,0
36.89812,35.22277,346.98,0.51,0.41,2024-08-18,1018,N,VIIRS,n,2,309.25,7.36,D,0
36.93124,35.82274,344.72,0.48,0.4,2024-08-18,1018,N,VIIRS,n,2,305.97,9.02,D,0
36.94767,35.82902,338.69,0.48,0.4,2024-08-18,1018,N,VIIRS,n,2,305.79,5.1,D,0
36.98033,35.82337,337.74,0.48,0.4,2024-08-18,1018,N,VIIRS,n,2,305.62,2.23,D,0
37.12915,36.06823,340.88,0.46,0.39,2024-08-18,1018,N,VIIRS,n,2,311.9,6.81,D,0
37.14162,28.43532,347.63,0.37,0.58,2024-08-18,1018,N,VIIRS,n,2,304.07,4.65,D,0
37.17332,35.70533,348.51,0.48,0.4,2024-08-18,1018,N,VIIRS,n,2,314.08,25.68,D,0
37.17445,35.70739,347.52,0.48,0.4,2024-08-18,1018,N,VIIRS,n,2,312.78,22.39,D,0
37.18164,36.04742,338.15,0.46,0.39,2024-08-18,1018,N,VIIRS,n,2,307.21,7.8,D,0
37.21276,36.03284,348.11,0.46,0.39,2024-08-18,1018,N,VIIRS,n,2,309.43,12.88,D,0
37.23495,36.09155,340.95,0.46,0.39,2024-08-18,1018,N,VIIRS,n,2,311.45,3.63,D,0
37.33399,30.48524,345.15,0.56,0.52,2024-08-18,1018,N,VIIRS,n,2,318.36,11.39,D,0
37.33545,30.49136,345.03,0.56,0.52,2024-08-18,1018,N,VIIRS,n,2,318.6,11.39,D,0
37.40176,35.97186,343.54,0.46,0.39,2024-08-18,1018,N,VIIRS,n,2,310.76,11.1,D,0
37.55509,28.33043,367.0,0.36,0.57,2024-08-18,1018,N,VIIRS,h,2,319.04,6.98,D,0
37.80631,31.64297,349.36,0.48,0.48,2024-08-18,1018,N,VIIRS,n,2,318.87,15.8,D,0
37.8956,40.40928,346.39,0.39,0.36,2024-08-18,1018,N,VIIRS,n,2,314.44,14.09,D,0
37.89624,40.41364,356.64,0.39,0.36,2024-08-18,1018,N,VIIRS,n,2,319.82,14.09,D,0
37.89954,40.41287,353.75,0.39,0.36,2024-08-18,1018,N,VIIRS,n,2,322.53,12.57,D,0
38.26663,31.9,341.58,0.45,0.47,2024-08-18,1018,N,VIIRS,n,2,307.55,9.33,D,0
38.26778,31.90506,346.71,0.45,0.47,2024-08-18,1018,N,VIIRS,n,2,314.02,9.33,D,0
38.27536,28.87994,367.0,0.32,0.55,2024-08-18,1018,N,VIIRS,h,2,311.84,3.74,D,0
38.40473,36.07838,344.91,0.45,0.39,2024-08-18,1018,N,VIIRS,n,2,314.25,28.45,D,0
38.4084,32.51504,345.64,0.42,0.45,2024-08-18,1018,N,VIIRS,n,2,319.17,6.86,D,0
39.03156,31.94652,345.22,0.44,0.46,2024-08-18,1018,N,VIIRS,n,2,314.87,3.97,D,0
39.04129,31.69184,344.08,0.45,0.47,2024-08-18,1018,N,VIIRS,n,2,313.9,10.51,D,0
39.11097,36.52772,348.22,0.42,0.38,2024-08-18,1018,N,VIIRS,n,2,317.36,9.57,D,0
39.40927,40.3371,334.09,0.39,0.36,2024-08-18,1018,N,VIIRS,n,2,301.73,3.32,D,0
39.80556,42.78473,349.23,0.44,0.39,2024-08-18,1018,N,VIIRS,n,2,306.96,5.72,D,0
39.99565,42.06127,344.26,0.42,0.38,2024-08-18,1018,N,VIIRS,n,2,313.08,4.82,D,0
40.09186,44.45375,345.12,0.52,0.41,2024-08-18,1018,N,VIIRS,n,2,308.19,13.68,D,0
40.0941,44.45534,336.97,0.52,0.41,2024-08-18,1018,N,VIIRS,n,2,305.93,7.98,D,0
40.26823,44.16108,339.23,0.51,0.41,2024-08-18,1018,N,VIIRS,n,2,307.51,8.69,D,0
38.7487,28.15411,344.46,0.34,0.56,2024-08-18,1019,N,VIIRS,n,2,308.69,2.62,D,0
39.78536,31.99043,343.86,0.42,0.45,2024-08-18,1019,N,VIIRS,n,2,311.43,3.62,D,0
41.04794,32.83771,350.93,0.54,0.42,2024-08-18,1019,N,VIIRS,n,2,306.13,10.73,D,0
37.13937,28.4355,344.89,0.5,0.66,2024-08-18,1159,N,VIIRS,n,2,311.07,62.19,D,0
37.13957,28.44091,367.0,0.5,0.66,2024-08-18,1159,N,VIIRS,h,2,303.24,62.19,D,0
37.14571,28.4408,367.0,0.5,0.66,2024-08-18,1159,N,VIIRS,h,2,311.91,62.19,D,0
37.1468,29.96266,339.08,0.61,0.71,2024-08-18,1159,N,VIIRS,n,2,311.17,4.98,D,0
37.15186,28.44067,367.0,0.5,0.66,2024-08-18,1159,N,VIIRS,h,2,307.77,18.58,D,0
37.39647,28.12922,341.36,0.48,0.65,2024-08-18,1159,N,VIIRS,n,2,308.35,236.4,D,0
37.39671,28.13495,336.58,0.48,0.65,2024-08-18,1159,N,VIIRS,n,2,308.89,236.4,D,0
37.39771,28.12663,344.01,0.48,0.65,2024-08-18,1159,N,VIIRS,n,2,309.12,15.28,D,0
37.39791,28.13225,353.58,0.48,0.65,2024-08-18,1159,N,VIIRS,n,2,310.19,9.66,D,0
37.39812,28.13801,340.13,0.48,0.65,2024-08-18,1159,N,VIIRS,n,2,308.68,9.66,D,0
37.39833,28.14382,339.13,0.48,0.65,2024-08-18,1159,N,VIIRS,n,2,307.99,6.06,D,0
37.39854,28.14965,334.19,0.48,0.65,2024-08-18,1159,N,VIIRS,n,2,306.7,6.06,D,0
37.40276,28.13471,367.0,0.48,0.65,2024-08-18,1159,N,VIIRS,h,2,348.38,236.4,D,0
37.403,28.14025,367.0,0.48,0.65,2024-08-18,1159,N,VIIRS,h,2,308.26,120.95,D,0
37.40324,28.14585,367.0,0.48,0.65,2024-08-18,1159,N,VIIRS,h,2,303.71,120.95,D,0
37.4035,28.15195,344.58,0.48,0.65,2024-08-18,1159,N,VIIRS,n,2,302.31,8.63,D,0
37.40359,28.12181,357.14,0.48,0.65,2024-08-18,1159,N,VIIRS,n,2,307.49,222.26,D,0
37.40375,28.1578,333.45,0.48,0.65,2024-08-18,1159,N,VIIRS,n,2,302.55,8.63,D,0
37.40418,28.13776,367.0,0.48,0.65,2024-08-18,1159,N,VIIRS,h,2,317.6,458.67,D,0
37.40438,28.14317,367.0,0.48,0.65,2024-08-18,1159,N,VIIRS,h,2,304.65,44.35,D,0
37.4046,28.14911,348.64,0.48,0.65,2024-08-18,1159,N,VIIRS,n,2,302.57,44.35,D,0
37.40482,28.15519,337.41,0.48,0.65,2024-08-18,1159,N,VIIRS,n,2,302.26,12.72,D,0
37.4082,28.11996,349.02,0.48,0.65,2024-08-18,1159,N,VIIRS,n,2,307.58,54.44,D,0
37.40909,28.14073,367.0,0.48,0.65,2024-08-18,1159,N,VIIRS,h,2,308.47,113.04,D,0
37.40932,28.14607,351.55,0.48,0.65,2024-08-18,1159,N,VIIRS,n,2,303.14,113.04,D,0
37.40957,28.15206,336.16,0.48,0.65,2024-08-18,1159,N,VIIRS,n,2,302.41,9.07,D,0
37.40969,28.12297,351.55,0.48,0.65,2024-08-18,1159,N,VIIRS,n,2,319.53,222.26,D,0
37.41027,28.13851,367.0,0.48,0.65,2024-08-18,1159,N,VIIRS,h,2,312.7,458.67,D,0
37.41046,28.14359,354.83,0.48,0.65,2024-08-18,1159,N,VIIRS,n,2,303.81,44.35,D,0
37.41068,28.14927,340.01,0.48,0.65,2024-08-18,1159,N,VIIRS,n,2,302.77,44.35,D,0
37.4143,28.12068,367.0,0.48,0.65,2024-08-18,1159,N,VIIRS,h,2,310.7,54.44,D,0
37.41453,28.126,349.41,0.48,0.65,2024-08-18,1159,N,VIIRS,n,2,308.46,54.44,D,0
37.41475,28.13126,343.54,0.48,0.65,2024-08-18,1159,N,VIIRS,n,2,308.87,260.96,D,0
37.41497,28.13638,339.31,0.48,0.65,2024-08-18,1159,N,VIIRS,n,2,308.63,260.96,D,0
37.41519,28.14145,333.35,0.48,0.65,2024-08-18,1159,N,VIIRS,n,2,307.44,113.04,D,0
37.41577,28.12344,348.21,0.48,0.65,2024-08-18,1159,N,VIIRS,n,2,308.86,11.4,D,0
37.53306,28.32523,367.0,0.5,0.65,2024-08-18,1159,N,VIIRS,h,2,314.03,14.66,D,0
37.53328,28.33133,367.0,0.5,0.65,2024-08-18,1159,N,VIIRS,h,2,309.7,14.66,D,0
37.53362,28.32883,367.0,0.49,0.65,2024-08-18,1159,N,VIIRS,h,2,319.24,25.86,D,0
37.79429,31.60987,367.0,0.75,0.77,2024-08-18,1159,N,VIIRS,h,2,309.52,22.54,D,0
38.26513,28.86178,343.76,0.54,0.68,2024-08-18,1159,N,VIIRS,n,2,307.01,3.25,D,0
38.26868,28.86492,345.18,0.54,0.68,2024-08-18,1159,N,VIIRS,n,2,307.87,6.21,D,0
38.26918,28.87967,367.0,0.54,0.68,2024-08-18,1159,N,VIIRS,h,2,309.31,6.97,D,0
38.26939,28.88589,338.0,0.54,0.68,2024-08-18,1159,N,VIIRS,n,2,306.23,14.61,D,0
38.27192,28.87814,367.0,0.54,0.68,2024-08-18,1159,N,VIIRS,h,2,306.45,12.75,D,0
38.2721,28.88457,367.0,0.54,0.68,2024-08-18,1159,N,VIIRS,h,2,306.87,12.75,D,0
38.27533,28.87414,333.78,0.54,0.68,2024-08-18,1159,N,VIIRS,n,2,305.02,6.97,D,0
38.27555,28.88072,331.98,0.54,0.68,2024-08-18,1159,N,VIIRS,n,2,305.74,6.97,D,0
38.2781,28.87277,332.72,0.54,0.68,2024-08-18,1159,N,VIIRS,n,2,306.45,3.76,D,0
38.5366,27.79568,336.58,0.47,0.64,2024-08-18,1159,N,VIIRS,n,2,306.55,2.51,D,0
42.12946,42.97608,315.01,0.4,0.44,2024-08-18,2236,N,VIIRS,n,2,290.89,1.96,N,0
42.13168,42.97828,316.38,0.4,0.44,2024-08-18,2236,N,VIIRS,n,2,291.52,1.47,N,2
38.62997,39.09395,299.69,0.58,0.52,2024-08-18,2237,N,VIIRS,n,2,287.92,0.52,N,0
38.63272,39.09418,301.02,0.58,0.52,2024-08-18,2237,N,VIIRS,n,2,288.89,0.65,N,0
38.95301,34.61297,300.91,0.51,0.66,2024-08-18,2237,N,VIIRS,n,2,287.52,0.82,N,0
39.01557,34.53415,297.42,0.52,0.67,2024-08-18,2237,N,VIIRS,n,2,286.7,0.87,N,0
39.10771,34.71626,314.71,0.51,0.66,2024-08-18,2237,N,VIIRS,n,2,285.42,1.36,N,0
39.10791,34.71015,298.67,0.51,0.66,2024-08-18,2237,N,VIIRS,n,2,285.11,1.36,N,0
39.14556,42.40847,297.56,0.4,0.44,2024-08-18,2237,N,VIIRS,n,2,285.81,0.78,N,0
39.17056,34.6282,307.97,0.51,0.66,2024-08-18,2237,N,VIIRS,n,2,286.75,1.1,N,0
39.17221,34.64133,301.22,0.51,0.66,2024-08-18,2237,N,VIIRS,n,2,286.97,0.92,N,0
39.17262,34.62966,309.55,0.51,0.66,2024-08-18,2237,N,VIIRS,n,2,286.54,1.91,N,0
39.17642,34.64027,308.79,0.51,0.66,2024-08-18,2237,N,VIIRS,n,2,287.39,1.34,N,0
39.17659,34.6344,302.41,0.51,0.66,2024-08-18,2237,N,VIIRS,n,2,286.53,1.34,N,0
39.17842,34.64159,302.22,0.51,0.66,2024-08-18,2237,N,VIIRS,n,2,287.16,0.92,N,0
39.17862,34.63571,301.67,0.51,0.66,2024-08-18,2237,N,VIIRS,n,2,286.75,1.91,N,0
39.19606,42.72636,320.42,0.38,0.43,2024-08-18,2237,N,VIIRS,n,2,283.82,1.31,N,0
39.19651,42.72194,298.75,0.38,0.43,2024-08-18,2237,N,VIIRS,n,2,283.43,1.31,N,0
39.61464,43.72202,310.59,0.52,0.42,2024-08-18,2237,N,VIIRS,n,2,283.98,1.23,N,0
39.91304,41.69144,295.62,0.44,0.46,2024-08-18,2237,N,VIIRS,n,2,283.46,0.18,N,0
39.94577,33.19178,297.29,0.62,0.71,2024-08-18,2237,N,VIIRS,n,2,287.21,1.35,N,2
40.04818,32.64853,298.35,0.66,0.73,2024-08-18,2237,N,VIIRS,n,2,287.46,0.61,N,2
40.57547,43.00668,295.82,0.39,0.44,2024-08-18,2237,N,VIIRS,n,2,283.48,0.61,N,0
41.10578,37.3208,301.48,0.38,0.59,2024-08-18,2237,N,VIIRS,n,2,289.72,0.84,N,2
41.17402,32.63058,302.85,0.67,0.73,2024-08-18,2237,N,VIIRS,n,2,290.05,2.1,N,2
35.52431,44.04329,324.6,0.46,0.39,2024-08-18,2238,N,VIIRS,n,2,297.52,3.09,N,0
35.52702,44.34158,333.48,0.45,0.39,2024-08-18,2238,N,VIIRS,n,2,301.08,6.97,N,2
35.53058,44.34227,308.55,0.45,0.39,2024-08-18,2238,N,VIIRS,n,2,298.07,1.31,N,2
35.53122,44.33731,331.71,0.45,0.39,2024-08-18,2238,N,VIIRS,n,2,300.05,4.04,N,2
35.53478,44.33802,339.92,0.45,0.39,2024-08-18,2238,N,VIIRS,n,2,299.46,4.04,N,2
35.54547,36.32762,305.39,0.39,0.59,2024-08-18,2238,N,VIIRS,n,2,290.3,0.47,N,0
35.54634,36.32676,310.21,0.39,0.59,2024-08-18,2238,N,VIIRS,n,2,290.91,0.59,N,0
35.56384,44.28253,334.05,0.45,0.39,2024-08-18,2238,N,VIIRS,n,2,299.13,3.48,N,2
35.56535,44.28466,335.48,0.45,0.39,2024-08-18,2238,N,VIIRS,n,2,300.2,3.44,N,2
35.603,43.55223,328.86,0.48,0.4,2024-08-18,2238,N,VIIRS,n,2,297.85,3.21,N,0
35.60669,43.5529,317.23,0.48,0.4,2024-08-18,2238,N,VIIRS,n,2,296.59,1.4,N,0
35.62912,44.00712,340.27,0.46,0.39,2024-08-18,2238,N,VIIRS,n,2,303.4,11.51,N,2
35.66013,43.96585,316.9,0.46,0.39,2024-08-18,2238,N,VIIRS,n,2,299.28,3.36,N,2
35.66375,43.96655,332.28,0.46,0.39,2024-08-18,2238,N,VIIRS,n,2,304.58,10.81,N,2
35.67693,44.0683,312.77,0.46,0.39,2024-08-18,2238,N,VIIRS,n,2,299.97,2.68,N,2
35.67757,44.06319,310.96,0.46,0.39,2024-08-18,2238,N,VIIRS,n,2,299.88,2.59,N,2
35.68614,43.87569,333.95,0.47,0.4,2024-08-18,2238,N,VIIRS,n,2,307.13,32.46,N,2
35.72454,44.04333,318.6,0.46,0.39,2024-08-18,2238,N,VIIRS,n,2,299.91,6.08,N,2
35.72517,44.03822,332.24,0.46,0.39,2024-08-18,2238,N,VIIRS,n,2,303.86,7.06,N,2
35.7294,44.03381,332.3,0.46,0.39,2024-08-18,2238,N,VIIRS,n,2,300.47,7.06,N,2
35.77127,43.99462,322.4,0.46,0.39,2024-08-18,2238,N,VIIRS,n,2,299.55,2.71,N,2
35.77488,43.99534,318.75,0.46,0.39,2024-08-18,2238,N,VIIRS,n,2,299.81,1.85,N,2
35.81467,43.2552,315.35,0.5,0.41,2024-08-18,2238,N,VIIRS,n,2,300.59,3.54,N,2
35.83418,43.21909,312.29,0.5,0.41,2024-08-18,2238,N,VIIRS,n,2,299.98,2.47,N,2
35.92282,43.79019,319.0,0.47,0.4,2024-08-18,2238,N,VIIRS,n,2,298.69,3.13,N,2
35.93756,43.70045,318.3,0.48,0.4,2024-08-18,2238,N,VIIRS,n,2,296.76,2.27,N,0
35.95152,43.72607,313.49,0.48,0.4,2024-08-18,2238,N,VIIRS,n,2,298.82,3.06,N,2
35.9533,43.7253,312.03,0.48,0.4,2024-08-18,2238,N,VIIRS,n,2,298.32,2.41,N,2
35.97216,43.77327,321.53,0.48,0.4,2024-08-18,2238,N,VIIRS,n,2,299.77,4.22,N,2
35.98014,43.76926,317.13,0.48,0.4,2024-08-18,2238,N,VIIRS,n,2,300.35,4.12,N,2
35.99976,43.76192,313.17,0.48,0.4,2024-08-18,2238,N,VIIRS,n,2,298.44,2.87,N,2
36.01675,43.68336,327.79,0.48,0.4,2024-08-18,2238,N,VIIRS,n,2,298.87,3.6,N,2
36.02044,43.68405,316.17,0.48,0.4,2024-08-18,2238,N,VIIRS,n,2,299.9,2.27,N,2
36.05116,36.93583,315.27,0.36,0.57,2024-08-18,2238,N,VIIRS,n,2,293.23,1.43,N,0
36.05346,36.93785,310.84,0.36,0.57,2024-08-18,2238,N,VIIRS,n,2,292.11,0.94,N,0
36.08402,43.64197,310.79,0.48,0.4,2024-08-18,2238,N,VIIRS,n,2,297.16,1.26,N,0
36.1007,43.6285,307.67,0.48,0.4,2024-08-18,2238,N,VIIRS,n,2,296.77,1.24,N,0
36.12754,43.78153,312.34,0.48,0.4,2024-08-18,2238,N,VIIRS,n,2,299.24,2.42,N,2
36.13099,40.80878,307.48,0.44,0.46,2024-08-18,2238,N,VIIRS,n,2,297.4,1.27,N,2
36.14339,40.81552,319.98,0.44,0.46,2024-08-18,2238,N,VIIRS,n,2,298.15,2.34,N,2
36.26548,33.72475,308.45,0.55,0.68,2024-08-18,2238,N,VIIRS,n,2,295.05,1.94,N,2
36.31187,43.75341,309.19,0.48,0.4,2024-08-18,2238,N,VIIRS,n,2,298.45,2.49,N,2
36.35077,42.07618,317.72,0.38,0.43,2024-08-18,2238,N,VIIRS,n,2,301.2,2.46,N,2
36.35159,42.07401,313.65,0.38,0.43,2024-08-18,2238,N,VIIRS,n,2,299.86,1.91,N,2
36.44226,42.92931,311.41,0.52,0.42,2024-08-18,2238,N,VIIRS,n,2,298.96,2.3,N,2
36.52836,37.53567,305.58,0.34,0.56,2024-08-18,2238,N,VIIRS,n,2,294.61,1.31,N,0
36.52877,37.53357,305.34,0.34,0.56,2024-08-18,2238,N,VIIRS,n,2,294.65,1.52,N,0
36.66943,43.44713,320.8,0.5,0.41,2024-08-18,2238,N,VIIRS,n,2,297.16,3.86,N,0
36.67691,43.44868,318.72,0.5,0.41,2024-08-18,2238,N,VIIRS,n,2,297.94,4.33,N,0
36.68065,43.44944,329.8,0.5,0.41,2024-08-18,2238,N,VIIRS,n,2,298.68,4.33,N,0
36.68439,43.45015,337.19,0.5,0.41,2024-08-18,2238,N,VIIRS,n,2,299.62,7.99,N,0
36.68612,43.69399,309.1,0.49,0.4,2024-08-18,2238,N,VIIRS,n,2,296.25,1.88,N,0
36.69525,36.20699,309.39,0.4,0.6,2024-08-18,2238,N,VIIRS,n,2,296.72,2.71,N,2
36.71824,36.19949,311.73,0.4,0.6,2024-08-18,2238,N,VIIRS,n,2,296.14,2.4,N,2
36.72112,42.5997,309.65,0.55,0.42,2024-08-18,2238,N,VIIRS,n,2,297.07,2.6,N,2
36.72856,42.08125,314.49,0.39,0.44,2024-08-18,2238,N,VIIRS,n,2,293.56,1.34,N,0
36.72891,36.20985,316.12,0.4,0.6,2024-08-18,2238,N,VIIRS,n,2,297.15,2.95,N,2
36.731,43.28064,310.84,0.51,0.41,2024-08-18,2238,N,VIIRS,n,2,298.42,2.63,N,2
36.73235,36.21195,310.34,0.4,0.6,2024-08-18,2238,N,VIIRS,n,2,297.54,2.05,N,2
36.7326,36.20718,309.37,0.4,0.6,2024-08-18,2238,N,VIIRS,n,2,297.26,2.05,N,2
36.74382,36.20832,310.17,0.4,0.6,2024-08-18,2238,N,VIIRS,n,2,296.25,3.94,N,2
36.74432,36.19889,308.31,0.4,0.6,2024-08-18,2238,N,VIIRS,n,2,296.04,3.74,N,2
36.74799,43.49805,315.72,0.5,0.41,2024-08-18,2238,N,VIIRS,n,2,298.75,2.95,N,2
36.74968,36.20414,307.78,0.4,0.6,2024-08-18,2238,N,VIIRS,n,2,295.88,2.69,N,2
36.77523,43.32649,331.2,0.51,0.41,2024-08-18,2238,N,VIIRS,n,2,299.81,4.21,N,2
36.77588,43.32072,309.02,0.51,0.41,2024-08-18,2238,N,VIIRS,n,2,296.87,4.21,N,2
36.7873,42.92596,309.01,0.53,0.42,2024-08-18,2238,N,VIIRS,n,2,295.71,2.5,N,0
36.86794,43.48527,311.13,0.5,0.41,2024-08-18,2238,N,VIIRS,n,2,295.28,2.35,N,2
36.87175,43.48531,307.84,0.5,0.41,2024-08-18,2238,N,VIIRS,n,2,294.99,1.94,N,2
36.88036,41.63793,309.67,0.41,0.45,2024-08-18,2238,N,VIIRS,n,2,295.63,1.35,N,0
36.88083,41.63329,315.33,0.41,0.45,2024-08-18,2238,N,VIIRS,n,2,296.26,1.66,N,0
36.89366,43.42824,326.25,0.5,0.41,2024-08-18,2238,N,VIIRS,n,2,294.46,3.05,N,2
36.90334,40.56533,306.32,0.46,0.47,2024-08-18,2238,N,VIIRS,n,2,294.7,1.22,N,0
36.90572,43.39015,323.59,0.51,0.41,2024-08-18,2238,N,VIIRS,n,2,293.54,1.54,N,2
36.9095,43.39075,310.06,0.51,0.41,2024-08-18,2238,N,VIIRS,n,2,293.67,1.54,N,2
36.91547,41.89673,318.32,0.4,0.44,2024-08-18,2238,N,VIIRS,n,2,295.18,1.72,N,2
36.91885,43.47575,304.3,0.5,0.41,2024-08-18,2238,N,VIIRS,n,2,293.91,1.26,N,0
36.91952,43.46999,304.72,0.5,0.41,2024-08-18,2238,N,VIIRS,n,2,293.13,1.26,N,0
36.93694,42.1306,325.66,0.39,0.44,2024-08-18,2238,N,VIIRS,n,2,297.77,2.3,N,2
36.94091,42.17088,319.65,0.38,0.44,2024-08-18,2238,N,VIIRS,n,2,295.94,2.06,N,2
36.94499,42.13193,333.63,0.39,0.44,2024-08-18,2238,N,VIIRS,n,2,295.45,3.26,N,2
36.94902,42.13258,338.68,0.39,0.44,2024-08-18,2238,N,VIIRS,n,2,299.7,3.26,N,2
36.94947,42.12823,307.73,0.39,0.44,2024-08-18,2238,N,VIIRS,n,2,296.45,5.94,N,2
36.96262,42.08101,319.03,0.39,0.44,2024-08-18,2238,N,VIIRS,n,2,295.32,1.63,N,2
36.97164,42.18936,314.39,0.38,0.43,2024-08-18,2238,N,VIIRS,n,2,295.32,1.55,N,0
36.99115,42.12161,308.19,0.39,0.44,2024-08-18,2238,N,VIIRS,n,2,295.0,1.44,N,0
36.99137,42.11902,310.18,0.39,0.44,2024-08-18,2238,N,VIIRS,n,2,295.02,1.92,N,0
36.99762,42.09771,315.1,0.39,0.44,2024-08-18,2238,N,VIIRS,n,2,295.9,1.7,N,0
36.99906,41.56077,312.69,0.41,0.45,2024-08-18,2238,N,VIIRS,n,2,296.85,2.01,N,2
37.01543,36.10333,315.95,0.41,0.61,2024-08-18,2238,N,VIIRS,n,2,295.7,2.25,N,2
37.02083,36.10845,306.87,0.41,0.61,2024-08-18,2238,N,VIIRS,n,2,295.63,1.76,N,2
37.02289,36.10918,306.44,0.41,0.61,2024-08-18,2238,N,VIIRS,n,2,295.44,1.84,N,2
37.0268,41.70248,311.24,0.41,0.45,2024-08-18,2238,N,VIIRS,n,2,296.02,1.41,N,0
37.02824,41.7043,310.99,0.41,0.45,2024-08-18,2238,N,VIIRS,n,2,296.01,1.26,N,0
37.07748,42.55689,317.68,0.55,0.43,2024-08-18,2238,N,VIIRS,n,2,297.82,3.23,N,2
37.11705,43.38343,306.33,0.51,0.41,2024-08-18,2238,N,VIIRS,n,2,294.22,1.7,N,0
37.11766,43.37803,306.42,0.51,0.41,2024-08-18,2238,N,VIIRS,n,2,292.73,1.46,N,0
37.29268,37.15425,305.43,0.36,0.57,2024-08-18,2238,N,VIIRS,n,2,294.48,1.17,N,2
37.29511,37.15399,305.45,0.36,0.57,2024-08-18,2238,N,VIIRS,n,2,294.65,0.84,N,2
37.35152,37.16038,306.16,0.36,0.57,2024-08-18,2238,N,VIIRS,n,2,294.8,1.06,N,2
37.40036,35.97859,307.64,0.42,0.61,2024-08-18,2238,N,VIIRS,n,2,293.43,0.77,N,0
37.46342,39.45327,304.81,0.54,0.51,2024-08-18,2238,N,VIIRS,n,2,292.25,0.43,N,0
37.52172,39.61193,316.29,0.53,0.5,2024-08-18,2238,N,VIIRS,n,2,290.73,1.14,N,0
37.52223,39.60583,315.61,0.53,0.5,2024-08-18,2238,N,VIIRS,n,2,292.5,2.5,N,0
37.81411,31.78937,296.25,0.71,0.75,2024-08-18,2238,N,VIIRS,n,2,285.57,0.73,N,0
37.83258,31.74332,298.54,0.72,0.75,2024-08-18,2238,N,VIIRS,n,2,286.04,1.34,N,0
37.9843,40.19615,343.57,0.5,0.49,2024-08-18,2238,N,VIIRS,n,2,293.81,8.47,N,0
41.17468,32.6355,304.91,0.46,0.47,2024-08-19,17,N,VIIRS,n,2,290.52,1.41,N,2
41.17596,32.62994,301.06,0.46,0.47,2024-08-19,17,N,VIIRS,n,2,289.75,1.41,N,2
41.1761,32.631,308.69,0.46,0.47,2024-08-19,17,N,VIIRS,n,2,291.18,1.64,N,2
41.25552,31.41501,313.52,0.4,0.45,2024-08-19,17,N,VIIRS,n,2,291.55,2.07,N,2
36.52866,37.53358,305.14,0.54,0.68,2024-08-19,18,N,VIIRS,n,2,293.55,2.13,N,0
36.5309,37.53513,303.68,0.54,0.68,2024-08-19,18,N,VIIRS,n,2,293.43,1.91,N,0
36.72004,36.19961,320.69,0.45,0.63,2024-08-19,18,N,VIIRS,n,2,295.78,3.87,N,2
36.72987,36.20924,309.1,0.45,0.63,2024-08-19,18,N,VIIRS,n,2,296.5,2.31,N,2
36.74512,36.19938,307.95,0.45,0.63,2024-08-19,18,N,VIIRS,n,2,296.0,2.91,N,2
37.29236,37.15697,303.3,0.49,0.65,2024-08-19,18,N,VIIRS,n,2,293.13,1.32,N,2
37.35145,37.16024,306.06,0.49,0.65,2024-08-19,18,N,VIIRS,n,2,293.81,1.2,N,2
37.51814,39.60851,312.32,0.64,0.72,2024-08-19,18,N,VIIRS,n,2,288.84,1.49,N,0
37.52449,39.61153,312.42,0.64,0.72,2024-08-19,18,N,VIIRS,n,2,289.98,1.49,N,0
37.80545,31.70425,302.82,0.5,0.49,2024-08-19,18,N,VIIRS,n,2,285.75,1.06,N,0
37.80589,31.78893,297.02,0.5,0.49,2024-08-19,18,N,VIIRS,n,2,286.19,0.63,N,0
37.8082,31.79515,297.85,0.5,0.49,2024-08-19,18,N,VIIRS,n,2,285.36,0.55,N,0
37.8095,31.78954,319.7,0.5,0.49,2024-08-19,18,N,VIIRS,n,2,287.14,3.35,N,0
37.81028,31.79055,320.71,0.5,0.49,2024-08-19,18,N,VIIRS,n,2,287.39,2.74,N,0
37.82979,31.74276,300.57,0.5,0.49,2024-08-19,18,N,VIIRS,n,2,285.99,0.75,N,0
37.83087,31.74387,305.69,0.5,0.49,2024-08-19,18,N,VIIRS,n,2,286.28,1.49,N,0
37.98148,40.19853,306.97,0.67,0.73,2024-08-19,18,N,VIIRS,n,2,289.31,1.77,N,0
37.9839,40.19097,300.02,0.66,0.73,2024-08-19,18,N,VIIRS,n,2,288.77,1.77,N,0
37.98582,40.20376,302.62,0.67,0.73,2024-08-19,18,N,VIIRS,n,2,288.53,1.95,N,0
37.98787,40.20176,313.31,0.67,0.73,2024-08-19,18,N,VIIRS,n,2,289.02,1.77,N,0
37.98817,40.19626,318.83,0.67,0.73,2024-08-19,18,N,VIIRS,n,2,289.59,3.3,N,0
38.13689,30.88499,302.52,0.44,0.46,2024-08-19,18,N,VIIRS,n,2,289.42,0.46,N,0
38.1445,30.87132,301.48,0.44,0.46,2024-08-19,18,N,VIIRS,n,2,290.96,1.19,N,0
38.14563,30.86635,308.37,0.44,0.46,2024-08-19,18,N,VIIRS,n,2,290.35,1.19,N,0
38.65804,30.61964,309.32,0.42,0.45,2024-08-19,18,N,VIIRS,n,2,289.34,1.13,N,2
38.73327,26.96585,312.97,0.44,0.38,2024-08-19,18,N,VIIRS,n,2,294.05,1.26,N,2
38.73703,26.94597,326.25,0.44,0.38,2024-08-19,18,N,VIIRS,n,2,298.54,3.11,N,2
38.73987,26.93099,318.91,0.44,0.38,2024-08-19,18,N,VIIRS,n,2,295.86,2.11,N,2
38.74399,26.9481,308.15,0.44,0.38,2024-08-19,18,N,VIIRS,n,2,294.92,1.42,N,2
38.75,26.95529,306.9,0.44,0.38,2024-08-19,18,N,VIIRS,n,2,293.91,1.54,N,2
39.09134,27.50884,305.2,0.46,0.39,2024-08-19,18,N,VIIRS,n,2,291.86,0.84,N,0
39.10503,34.71391,301.66,0.33,0.55,2024-08-19,18,N,VIIRS,n,2,285.08,0.58,N,0
39.10992,34.71601,332.37,0.33,0.55,2024-08-19,18,N,VIIRS,n,2,286.6,2.81,N,0
39.17777,34.64279,307.3,0.33,0.55,2024-08-19,18,N,VIIRS,n,2,287.48,0.87,N,0
39.17873,34.63905,298.05,0.33,0.55,2024-08-19,18,N,VIIRS,n,2,287.12,0.96,N,0
39.17969,34.63531,306.98,0.33,0.55,2024-08-19,18,N,VIIRS,n,2,287.15,0.96,N,0
39.18066,34.63156,308.37,0.33,0.55,2024-08-19,18,N,VIIRS,n,2,286.79,1.66,N,0
39.30099,34.94671,296.53,0.34,0.56,2024-08-19,18,N,VIIRS,n,2,284.83,0.29,N,0
39.38224,30.89098,296.84,0.42,0.45,2024-08-19,18,N,VIIRS,n,2,286.7,0.75,N,0
39.48257,30.04311,300.72,0.57,0.43,2024-08-19,18,N,VIIRS,n,2,287.51,1.12,N,2
39.83646,30.30061,303.47,0.38,0.44,2024-08-19,18,N,VIIRS,n,2,290.0,0.91,N,2
39.8638,26.2457,308.66,0.41,0.37,2024-08-19,18,N,VIIRS,n,2,293.2,1.38,N,2
39.86801,26.24199,307.5,0.41,0.37,2024-08-19,18,N,VIIRS,n,2,292.6,1.77,N,2
39.95682,32.54552,317.69,0.49,0.49,2024-08-19,18,N,VIIRS,n,2,288.95,2.06,N,0
40.04849,32.65096,299.31,0.49,0.49,2024-08-19,18,N,VIIRS,n,2,288.42,1.04,N,2
40.18484,28.42143,309.66,0.47,0.4,2024-08-19,18,N,VIIRS,n,2,290.75,1.07,N,0
40.76657,32.21577,306.39,0.45,0.47,2024-08-19,18,N,VIIRS,n,2,286.09,1.54,N,2
40.78685,31.0255,320.44,0.4,0.44,2024-08-19,18,N,VIIRS,n,2,289.46,1.5,N,0
41.01883,27.95619,302.1,0.45,0.39,2024-08-19,18,N,VIIRS,n,2,289.92,0.49,N,0
41.02121,28.5531,314.77,0.47,0.39,2024-08-19,18,N,VIIRS,n,2,292.75,1.41,N,2
41.63002,27.68604,306.15,0.43,0.38,2024-08-19,18,N,VIIRS,n,2,290.66,1.03,N,2
41.63427,27.5063,301.72,0.42,0.38,2024-08-19,18,N,VIIRS,n,2,290.83,0.88,N,2
41.79723,26.70337,305.43,0.4,0.37,2024-08-19,18,N,VIIRS,n,2,289.87,0.97,N,2
36.93382,30.64753,307.41,0.46,0.47,2024-08-19,19,N,VIIRS,n,2,294.7,0.79,N,2
37.25282,30.44216,305.22,0.44,0.46,2024-08-19,19,N,VIIRS,n,2,291.35,0.88,N,2
38.12405,27.0766,308.39,0.45,0.39,2024-08-19,19,N,VIIRS,n,2,294.35,1.21,N,0
35.61946,43.49406,354.81,0.4,0.37,2024-08-19,958,N,VIIRS,n,2,324.74,3.23,D,0
35.68661,43.87598,349.75,0.39,0.36,2024-08-19,958,N,VIIRS,n,2,316.3,11.5,D,2
35.71914,37.08044,345.41,0.49,0.49,2024-08-19,958,N,VIIRS,n,2,316.51,22.39,D,0
35.74106,44.39625,367.0,0.39,0.36,2024-08-19,958,N,VIIRS,h,2,322.39,11.08,D,0
35.74309,44.39234,367.0,0.39,0.36,2024-08-19,958,N,VIIRS,h,2,342.77,95.36,D,0
35.74446,44.40087,367.0,0.39,0.36,2024-08-19,958,N,VIIRS,h,2,358.11,79.01,D,0
35.74707,44.39582,349.65,0.39,0.36,2024-08-19,958,N,VIIRS,n,2,322.79,95.36,D,0
35.74776,44.40008,367.0,0.39,0.36,2024-08-19,958,N,VIIRS,h,2,326.01,79.01,D,0
35.74844,44.40434,367.0,0.39,0.36,2024-08-19,958,N,VIIRS,h,2,340.95,79.01,D,0
35.88834,36.36862,336.05,0.53,0.5,2024-08-19,958,N,VIIRS,n,2,306.36,2.97,D,0
35.97818,36.92735,353.02,0.49,0.49,2024-08-19,958,N,VIIRS,n,2,318.43,12.02,D,0
36.21648,42.14137,355.63,0.43,0.38,2024-08-19,958,N,VIIRS,n,2,320.88,22.7,D,0
37.11253,43.38169,367.0,0.39,0.37,2024-08-19,958,N,VIIRS,h,2,317.64,15.17,D,0
37.11589,43.38106,340.65,0.39,0.37,2024-08-19,958,N,VIIRS,n,2,315.26,10.24,D,0
36.66444,36.80005,348.01,0.49,0.48,2024-08-19,959,N,VIIRS,n,2,315.52,6.15,D,0
36.72392,38.68531,346.53,0.39,0.44,2024-08-19,959,N,VIIRS,n,2,319.63,10.83,D,0
36.9453,38.83105,353.43,0.57,0.43,2024-08-19,959,N,VIIRS,n,2,317.79,19.89,D,0
36.97156,35.1537,339.29,0.58,0.52,2024-08-19,959,N,VIIRS,n,2,305.96,3.28,D,0
36.97267,35.15487,337.47,0.58,0.52,2024-08-19,959,N,VIIRS,n,2,305.65,4.66,D,0
37.12308,36.19141,344.39,0.51,0.49,2024-08-19,959,N,VIIRS,n,2,313.14,13.17,D,0
37.13391,36.11414,338.18,0.51,0.5,2024-08-19,959,N,VIIRS,n,2,307.75,3.2,D,0
37.13523,36.1198,343.51,0.51,0.5,2024-08-19,959,N,VIIRS,n,2,309.81,7.85,D,0
37.13564,38.64683,355.42,0.38,0.43,2024-08-19,959,N,VIIRS,n,2,321.85,29.73,D,0
37.13753,36.08826,338.24,0.51,0.5,2024-08-19,959,N,VIIRS,n,2,307.83,4.49,D,0
37.14511,36.07936,344.32,0.52,0.5,2024-08-19,959,N,VIIRS,n,2,309.84,13.18,D,0
37.14592,36.10368,342.2,0.51,0.5,2024-08-19,959,N,VIIRS,n,2,310.17,5.32,D,0
37.14642,36.08505,357.49,0.51,0.5,2024-08-19,959,N,VIIRS,n,2,312.46,13.18,D,0
37.14658,36.02316,341.89,0.52,0.5,2024-08-19,959,N,VIIRS,n,2,310.02,8.17,D,0
37.15769,36.15453,341.76,0.51,0.49,2024-08-19,959,N,VIIRS,n,2,307.97,4.21,D,0
37.19741,36.0336,346.28,0.52,0.5,2024-08-19,959,N,VIIRS,n,2,313.13,7.49,D,0
37.19874,36.0393,343.46,0.52,0.5,2024-08-19,959,N,VIIRS,n,2,310.35,4.1,D,0
37.22186,36.05561,344.57,0.51,0.5,2024-08-19,959,N,VIIRS,n,2,310.71,5.0,D,0
37.26669,35.91531,344.06,0.52,0.5,2024-08-19,959,N,VIIRS,n,2,313.97,11.45,D,0
37.27696,39.82809,346.56,0.51,0.41,2024-08-19,959,N,VIIRS,n,2,315.55,14.92,D,0
37.28067,39.82696,348.16,0.51,0.41,2024-08-19,959,N,VIIRS,n,2,316.63,29.67,D,0
37.28307,35.92733,340.57,0.52,0.5,2024-08-19,959,N,VIIRS,n,2,309.79,4.71,D,0
37.36599,35.97185,342.25,0.52,0.5,2024-08-19,959,N,VIIRS,n,2,310.2,5.0,D,0
37.36912,35.96451,343.27,0.52,0.5,2024-08-19,959,N,VIIRS,n,2,311.72,9.35,D,0
37.37044,35.97024,339.06,0.52,0.5,2024-08-19,959,N,VIIRS,n,2,309.05,5.0,D,0
37.38509,38.36118,347.18,0.39,0.44,2024-08-19,959,N,VIIRS,n,2,317.43,5.3,D,0
37.39148,35.93559,345.63,0.52,0.5,2024-08-19,959,N,VIIRS,n,2,313.52,6.84,D,0
37.3919,35.93762,349.02,0.52,0.5,2024-08-19,959,N,VIIRS,n,2,314.62,17.49,D,0
37.39283,35.94131,343.42,0.52,0.5,2024-08-19,959,N,VIIRS,n,2,312.8,10.76,D,0
37.47588,38.67434,348.04,0.57,0.43,2024-08-19,959,N,VIIRS,n,2,312.91,14.62,D,0
37.58139,39.3773,350.58,0.52,0.42,2024-08-19,959,N,VIIRS,n,2,316.97,23.42,D,0
38.35847,36.41944,350.69,0.47,0.47,2024-08-19,959,N,VIIRS,n,2,319.1,7.22,D,0
38.3628,36.41833,344.85,0.47,0.47,2024-08-19,959,N,VIIRS,n,2,314.28,4.76,D,0
38.36606,38.40012,341.56,0.56,0.43,2024-08-19,959,N,VIIRS,n,2,313.35,9.13,D,0
38.36799,40.31882,344.79,0.47,0.39,2024-08-19,959,N,VIIRS,n,2,314.76,13.47,D,0
38.99027,34.75818,345.36,0.55,0.51,2024-08-19,959,N,VIIRS,n,2,317.44,6.31,D,0
39.31715,37.17817,351.24,0.41,0.45,2024-08-19,959,N,VIIRS,n,2,325.3,40.73,D,0
39.31984,37.17879,342.93,0.41,0.45,2024-08-19,959,N,VIIRS,n,2,310.33,13.68,D,0
40.44759,43.69173,349.27,0.38,0.36,2024-08-19,959,N,VIIRS,n,2,320.71,10.15,D,0
40.79495,43.92361,348.2,0.38,0.36,2024-08-19,959,N,VIIRS,n,2,314.65,5.32,D,0
40.79823,43.92276,346.41,0.38,0.36,2024-08-19,959,N,VIIRS,n,2,312.9,3.76,D,0
38.91842,30.36522,367.0,0.46,0.63,2024-08-19,1000,N,VIIRS,h,2,312.57,11.5,D,0
39.1764,34.65472,347.84,0.55,0.51,2024-08-19,1000,N,VIIRS,n,2,316.96,6.58,D,0
39.31936,34.91333,346.78,0.53,0.5,2024-08-19,1000,N,VIIRS,n,2,316.75,10.62,D,0
39.48594,34.88248,349.96,0.52,0.5,2024-08-19,1000,N,VIIRS,n,2,320.99,19.77,D,0
40.11377,38.15108,344.97,0.53,0.42,2024-08-19,1000,N,VIIRS,n,2,310.71,8.47,D,0
40.15329,37.10999,348.59,0.4,0.44,2024-08-19,1000,N,VIIRS,n,2,314.27,8.01,D,0
41.06158,30.69262,330.77,0.38,0.59,2024-08-19,1000,N,VIIRS,n,2,295.52,2.23,D,0
41.31581,27.72377,342.39,0.52,0.67,2024-08-19,1001,N,VIIRS,n,2,302.28,5.08,D,0
35.69901,36.23117,339.07,0.72,0.75,2024-08-19,1139,N,VIIRS,n,2,302.88,10.17,D,0
35.69912,36.23824,367.0,0.72,0.76,2024-08-19,1139,N,VIIRS,h,2,304.48,17.91,D,0
35.70198,36.22784,344.54,0.72,0.75,2024-08-19,1139,N,VIIRS,n,2,302.52,17.17,D,0
35.70212,36.23429,367.0,0.72,0.75,2024-08-19,1139,N,VIIRS,h,2,307.56,17.17,D,0
35.70609,36.23116,356.02,0.72,0.75,2024-08-19,1139,N,VIIRS,n,2,303.27,15.99,D,0
36.90235,35.51017,344.59,0.66,0.73,2024-08-19,1139,N,VIIRS,n,2,302.17,10.13,D,0
36.90242,35.51009,346.38,0.66,0.73,2024-08-19,1139,N,VIIRS,n,2,302.81,13.49,D,0
36.90252,35.51793,367.0,0.66,0.73,2024-08-19,1139,N,VIIRS,h,2,303.98,10.13,D,0
36.90255,35.51786,367.0,0.66,0.73,2024-08-19,1139,N,VIIRS,h,2,303.87,25.27,D,0
37.09074,36.08182,367.0,0.71,0.75,2024-08-19,1140,N,VIIRS,h,2,305.03,16.62,D,0
37.10578,36.13979,353.18,0.72,0.76,2024-08-19,1140,N,VIIRS,n,2,306.93,14.99,D,0
37.13711,36.07292,340.48,0.71,0.75,2024-08-19,1140,N,VIIRS,n,2,303.0,5.92,D,0
37.13721,36.08129,345.56,0.71,0.75,2024-08-19,1140,N,VIIRS,n,2,303.74,15.74,D,0
37.14017,36.07278,339.3,0.71,0.75,2024-08-19,1140,N,VIIRS,n,2,303.14,6.63,D,0
37.14031,36.08114,343.96,0.71,0.75,2024-08-19,1140,N,VIIRS,n,2,302.86,6.63,D,0
37.15148,36.08951,367.0,0.72,0.75,2024-08-19,1140,N,VIIRS,h,2,304.75,12.38,D,0
37.15462,36.08941,367.0,0.71,0.75,2024-08-19,1140,N,VIIRS,h,2,304.22,17.43,D,0
37.20034,36.03856,342.7,0.71,0.75,2024-08-19,1140,N,VIIRS,n,2,303.79,6.33,D,0
38.1857,30.04794,338.38,0.34,0.56,2024-08-19,1140,N,VIIRS,n,2,307.07,4.0,D,0
38.36542,36.42374,367.0,0.76,0.77,2024-08-19,1140,N,VIIRS,h,2,312.51,9.61,D,0
38.37089,36.42183,351.85,0.76,0.77,2024-08-19,1140,N,VIIRS,n,2,307.88,25.43,D,0
38.37265,36.4228,337.73,0.76,0.77,2024-08-19,1140,N,VIIRS,n,2,306.77,9.61,D,0
38.66613,31.19767,355.01,0.4,0.6,2024-08-19,1140,N,VIIRS,n,2,315.85,10.44,D,0
38.66635,31.20237,349.42,0.4,0.6,2024-08-19,1140,N,VIIRS,n,2,315.36,10.44,D,0
38.9226,30.37819,367.0,0.36,0.58,2024-08-19,1140,N,VIIRS,h,2,315.27,13.36,D,0
38.92555,30.37843,367.0,0.36,0.57,2024-08-19,1140,N,VIIRS,h,2,318.26,13.27,D,0
38.92863,30.3905,343.8,0.36,0.58,2024-08-19,1140,N,VIIRS,n,2,312.24,7.19,D,0
39.09847,34.62222,348.94,0.61,0.71,2024-08-19,1140,N,VIIRS,n,2,314.48,7.21,D,0
39.10141,34.61958,343.68,0.61,0.71,2024-08-19,1140,N,VIIRS,n,2,311.83,9.56,D,0
39.15191,35.23969,346.25,0.66,0.73,2024-08-19,1140,N,VIIRS,n,2,309.29,7.9,D,0
39.17566,34.66229,356.79,0.62,0.71,2024-08-19,1140,N,VIIRS,n,2,314.28,11.66,D,0
39.17902,34.66157,367.0,0.62,0.71,2024-08-19,1140,N,VIIRS,h,2,313.27,9.26,D,0
39.36217,30.90395,342.5,0.39,0.59,2024-08-19,1140,N,VIIRS,n,2,307.39,2.75,D,0
39.36319,30.90361,345.78,0.39,0.59,2024-08-19,1140,N,VIIRS,n,2,308.74,2.01,D,0
39.4036,35.08083,347.16,0.65,0.73,2024-08-19,1140,N,VIIRS,n,2,313.85,9.94,D,0
39.40459,35.07658,347.96,0.65,0.73,2024-08-19,1140,N,VIIRS,n,2,313.44,10.09,D,0
39.42955,34.90931,367.0,0.64,0.72,2024-08-19,1140,N,VIIRS,h,2,313.76,13.47,D,0
39.43621,34.90146,341.02,0.64,0.72,2024-08-19,1140,N,VIIRS,n,2,310.13,18.78,D,0
39.43633,34.90934,367.0,0.64,0.72,2024-08-19,1140,N,VIIRS,h,2,315.91,17.88,D,0
39.43645,34.91725,336.28,0.64,0.72,2024-08-19,1140,N,VIIRS,n,2,309.15,17.88,D,0
39.4431,34.90955,367.0,0.64,0.72,2024-08-19,1140,N,VIIRS,h,2,313.13,17.88,D,0
39.54303,30.2582,367.0,0.36,0.57,2024-08-19,1140,N,VIIRS,h,2,309.24,6.23,D,0
39.54556,30.25787,367.0,0.36,0.57,2024-08-19,1140,N,VIIRS,h,2,309.85,5.61,D,0
39.79889,32.91133,340.73,0.5,0.66,2024-08-19,1140,N,VIIRS,n,2,309.64,7.81,D,0
39.79905,32.91678,367.0,0.5,0.66,2024-08-19,1140,N,VIIRS,h,2,311.22,7.81,D,0
40.64188,35.22214,345.43,0.67,0.74,2024-08-19,1141,N,VIIRS,n,2,311.04,13.2,D,0
40.64193,35.23126,367.0,0.67,0.74,2024-08-19,1141,N,VIIRS,h,2,311.7,21.42,D,0
40.6422,35.22208,342.91,0.67,0.74,2024-08-19,1141,N,VIIRS,n,2,311.09,13.66,D,0
40.6423,35.2312,367.0,0.67,0.74,2024-08-19,1141,N,VIIRS,h,2,313.76,13.66,D,0
40.64883,35.23096,367.0,0.67,0.74,2024-08-19,1141,N,VIIRS,h,2,310.07,16.06,D,0
40.6492,35.23096,349.81,0.67,0.74,2024-08-19,1141,N,VIIRS,n,2,309.85,13.66,D,0
42.44197,26.61837,347.22,0.5,0.49,2024-08-19,1141,N,VIIRS,n,2,313.11,39.98,D,0
42.44242,26.62427,343.21,0.5,0.49,2024-08-19,1141,N,VIIRS,n,2,308.98,26.81,D,0
39.16796,42.49965,298.18,0.35,0.57,2024-08-19,2218,N,VIIRS,n,2,285.94,0.89,N,0
39.24229,42.47692,300.55,0.35,0.57,2024-08-19,2218,N,VIIRS,n,2,285.8,0.32,N,0
39.38515,41.6911,299.73,0.39,0.59,2024-08-19,2218,N,VIIRS,n,2,286.4,0.33,N,0
40.41193,39.65776,297.5,0.5,0.66,2024-08-19,2218,N,VIIRS,n,2,286.91,0.54,N,0
35.52681,44.34243,345.95,0.51,0.49,2024-08-19,2219,N,VIIRS,n,2,300.24,13.27,N,2
35.52732,44.33669,312.98,0.51,0.49,2024-08-19,2219,N,VIIRS,n,2,298.09,6.8,N,2
35.53188,44.33738,347.17,0.51,0.49,2024-08-19,2219,N,VIIRS,n,2,301.88,6.8,N,2
35.53644,44.33807,321.18,0.51,0.49,2024-08-19,2219,N,VIIRS,n,2,298.46,2.06,N,2
35.56387,44.28483,336.11,0.51,0.49,2024-08-19,2219,N,VIIRS,n,2,300.13,2.98,N,2
35.56441,44.28404,331.95,0.51,0.49,2024-08-19,2219,N,VIIRS,n,2,299.67,3.86,N,2
35.62877,44.00922,340.7,0.53,0.5,2024-08-19,2219,N,VIIRS,n,2,302.43,5.14,N,2
35.66076,43.96543,339.63,0.53,0.5,2024-08-19,2219,N,VIIRS,n,2,302.18,6.91,N,2
35.67602,44.06325,310.03,0.53,0.5,2024-08-19,2219,N,VIIRS,n,2,299.17,3.77,N,0
35.68243,43.87691,339.97,0.54,0.51,2024-08-19,2219,N,VIIRS,n,2,297.78,17.51,N,2
35.68712,43.87756,340.65,0.54,0.51,2024-08-19,2219,N,VIIRS,n,2,305.34,17.51,N,2
35.72245,44.04021,328.63,0.53,0.5,2024-08-19,2219,N,VIIRS,n,2,300.05,5.39,N,2
35.7271,44.04098,335.19,0.53,0.5,2024-08-19,2219,N,VIIRS,n,2,300.52,5.53,N,2
35.72759,44.035,312.49,0.53,0.5,2024-08-19,2219,N,VIIRS,n,2,299.7,3.47,N,2
35.72809,44.02896,315.39,0.53,0.5,2024-08-19,2219,N,VIIRS,n,2,299.33,3.47,N,2
35.77356,43.99328,325.37,0.53,0.5,2024-08-19,2219,N,VIIRS,n,2,299.59,4.29,N,2
35.92569,43.78606,311.33,0.55,0.51,2024-08-19,2219,N,VIIRS,n,2,298.59,3.21,N,2
35.9259,43.7859,309.37,0.55,0.51,2024-08-19,2219,N,VIIRS,n,2,298.75,4.08,N,2
35.95454,43.72628,312.26,0.55,0.51,2024-08-19,2219,N,VIIRS,n,2,298.99,3.41,N,2
35.97486,43.77287,313.76,0.55,0.51,2024-08-19,2219,N,VIIRS,n,2,299.56,5.16,N,2
35.98011,43.7672,317.89,0.55,0.51,2024-08-19,2219,N,VIIRS,n,2,299.48,3.97,N,2
36.0158,43.68274,324.03,0.56,0.51,2024-08-19,2219,N,VIIRS,n,2,298.22,3.26,N,2
36.02057,43.68336,326.15,0.56,0.51,2024-08-19,2219,N,VIIRS,n,2,300.47,3.26,N,2
36.08163,43.64117,308.19,0.56,0.52,2024-08-19,2219,N,VIIRS,n,2,297.47,1.95,N,0
36.12821,43.78129,312.87,0.55,0.51,2024-08-19,2219,N,VIIRS,n,2,299.95,3.19,N,2
36.13241,40.80896,309.39,0.41,0.6,2024-08-19,2219,N,VIIRS,n,2,296.77,1.33,N,2
36.14037,40.81501,318.26,0.41,0.6,2024-08-19,2219,N,VIIRS,n,2,296.84,1.84,N,2
36.14341,40.8144,328.8,0.41,0.6,2024-08-19,2219,N,VIIRS,n,2,297.4,2.6,N,2
36.146,40.8154,312.13,0.41,0.6,2024-08-19,2219,N,VIIRS,n,2,296.48,0.92,N,2
36.28067,43.92027,330.24,0.55,0.51,2024-08-19,2219,N,VIIRS,n,2,296.5,3.62,N,0
36.28117,43.91408,317.36,0.55,0.51,2024-08-19,2219,N,VIIRS,n,2,296.55,3.62,N,0
36.28167,43.90786,306.97,0.55,0.51,2024-08-19,2219,N,VIIRS,n,2,295.41,2.07,N,0
36.28539,43.92093,313.71,0.55,0.51,2024-08-19,2219,N,VIIRS,n,2,295.12,2.49,N,0
36.31929,41.82656,334.89,0.36,0.57,2024-08-19,2219,N,VIIRS,n,2,299.29,2.5,N,0
36.34148,41.55311,313.29,0.37,0.58,2024-08-19,2219,N,VIIRS,n,2,295.24,1.51,N,0
36.38999,43.22711,308.72,0.6,0.53,2024-08-19,2219,N,VIIRS,n,2,296.25,0.82,N,0
36.45718,41.28031,313.36,0.38,0.59,2024-08-19,2219,N,VIIRS,n,2,295.97,1.09,N,2
36.5553,43.55193,306.7,0.58,0.52,2024-08-19,2219,N,VIIRS,n,2,292.73,1.45,N,0
36.56374,43.50665,310.8,0.58,0.52,2024-08-19,2219,N,VIIRS,n,2,293.93,1.33,N,0
36.56473,42.26208,307.69,0.34,0.56,2024-08-19,2219,N,VIIRS,n,2,295.83,0.68,N,0
36.56524,42.2627,311.91,0.34,0.56,2024-08-19,2219,N,VIIRS,n,2,295.87,0.64,N,0
36.57792,43.57471,307.33,0.57,0.52,2024-08-19,2219,N,VIIRS,n,2,294.41,1.37,N,0
36.58643,43.21198,308.4,0.6,0.53,2024-08-19,2219,N,VIIRS,n,2,295.61,2.67,N,0
36.73811,36.20435,309.11,0.73,0.76,2024-08-19,2219,N,VIIRS,n,2,295.32,6.05,N,0
36.74036,36.20864,311.03,0.73,0.76,2024-08-19,2219,N,VIIRS,n,2,295.31,3.66,N,2
36.74646,43.49622,311.28,0.58,0.52,2024-08-19,2219,N,VIIRS,n,2,296.14,3.39,N,2
36.77446,43.32141,339.25,0.6,0.53,2024-08-19,2219,N,VIIRS,n,2,295.44,10.11,N,2
36.86732,43.487,315.6,0.59,0.52,2024-08-19,2219,N,VIIRS,n,2,294.17,3.85,N,2
36.87983,40.85226,310.75,0.41,0.61,2024-08-19,2219,N,VIIRS,n,2,295.73,1.0,N,0
36.8801,40.84758,313.43,0.41,0.61,2024-08-19,2219,N,VIIRS,n,2,295.79,1.0,N,0
36.88271,40.84938,316.17,0.41,0.61,2024-08-19,2219,N,VIIRS,n,2,295.75,1.78,N,0
36.89171,43.42573,327.4,0.59,0.53,2024-08-19,2219,N,VIIRS,n,2,290.73,4.24,N,2
36.90456,43.38703,306.58,0.59,0.53,2024-08-19,2219,N,VIIRS,n,2,291.59,1.97,N,2
36.90657,43.38715,327.96,0.59,0.53,2024-08-19,2219,N,VIIRS,n,2,292.28,6.19,N,2
36.90947,43.38757,314.96,0.59,0.53,2024-08-19,2219,N,VIIRS,n,2,292.61,1.97,N,2
36.91323,41.89408,325.77,0.36,0.57,2024-08-19,2219,N,VIIRS,n,2,294.49,1.9,N,2
36.9159,41.89296,317.04,0.36,0.57,2024-08-19,2219,N,VIIRS,n,2,294.35,1.64,N,2
36.93617,42.13059,314.8,0.35,0.57,2024-08-19,2219,N,VIIRS,n,2,296.04,1.39,N,2
36.93693,42.1185,308.18,0.35,0.57,2024-08-19,2219,N,VIIRS,n,2,294.54,0.86,N,2
36.93894,42.17049,307.65,0.35,0.56,2024-08-19,2219,N,VIIRS,n,2,294.74,1.03,N,2
36.94388,41.53959,309.88,0.38,0.58,2024-08-19,2219,N,VIIRS,n,2,294.99,2.05,N,0
36.94419,42.17103,317.68,0.35,0.56,2024-08-19,2219,N,VIIRS,n,2,295.59,1.03,N,2
36.94445,41.54084,318.6,0.38,0.58,2024-08-19,2219,N,VIIRS,n,2,295.08,1.85,N,0
36.9467,42.13173,334.25,0.35,0.57,2024-08-19,2219,N,VIIRS,n,2,296.6,3.52,N,2
36.94696,42.12777,322.07,0.35,0.57,2024-08-19,2219,N,VIIRS,n,2,296.21,4.45,N,2
36.95699,42.13673,315.34,0.35,0.57,2024-08-19,2219,N,VIIRS,n,2,295.05,1.89,N,0
36.96225,42.13729,321.45,0.35,0.57,2024-08-19,2219,N,VIIRS,n,2,296.2,1.42,N,0
36.9659,42.0807,318.98,0.35,0.57,2024-08-19,2219,N,VIIRS,n,2,294.56,1.28,N,2
36.96752,42.13785,309.48,0.35,0.57,2024-08-19,2219,N,VIIRS,n,2,294.79,1.42,N,0
36.97279,42.13839,319.55,0.35,0.57,2024-08-19,2219,N,VIIRS,n,2,294.75,1.48,N,0
36.9932,42.79054,311.03,0.32,0.55,2024-08-19,2219,N,VIIRS,n,2,296.0,3.45,N,0
37.00312,43.15228,327.68,0.61,0.54,2024-08-19,2219,N,VIIRS,n,2,292.58,5.59,N,0
37.00726,40.67519,315.8,0.42,0.61,2024-08-19,2219,N,VIIRS,n,2,294.42,2.06,N,0
37.01207,36.10381,304.28,0.74,0.76,2024-08-19,2219,N,VIIRS,n,2,293.79,1.45,N,2
37.01297,40.6757,316.85,0.42,0.61,2024-08-19,2219,N,VIIRS,n,2,294.72,1.96,N,0
37.01432,36.10114,305.48,0.75,0.77,2024-08-19,2219,N,VIIRS,n,2,294.35,1.7,N,2
37.07644,42.55462,315.89,0.33,0.55,2024-08-19,2219,N,VIIRS,n,2,294.93,3.26,N,2
37.07768,42.555,318.85,0.33,0.55,2024-08-19,2219,N,VIIRS,n,2,295.61,2.99,N,2
37.40285,38.62468,308.15,0.55,0.68,2024-08-19,2219,N,VIIRS,n,2,292.08,0.64,N,0
37.6099,40.22269,308.62,0.45,0.63,2024-08-19,2219,N,VIIRS,n,2,291.79,0.75,N,0
37.61377,40.22023,303.31,0.45,0.63,2024-08-19,2219,N,VIIRS,n,2,291.06,1.13,N,0
37.66872,38.3956,308.82,0.57,0.69,2024-08-19,2219,N,VIIRS,n,2,292.76,1.83,N,0
37.6749,38.39754,304.09,0.57,0.69,2024-08-19,2219,N,VIIRS,n,2,292.68,0.81,N,0
38.11126,37.84599,313.49,0.61,0.71,2024-08-19,2219,N,VIIRS,n,2,291.6,3.02,N,0
38.1144,37.84693,316.48,0.61,0.71,2024-08-19,2219,N,VIIRS,n,2,291.57,3.2,N,0
41.02397,36.0991,298.93,0.41,0.45,2024-08-19,2358,N,VIIRS,n,2,288.56,0.68,N,0
41.1078,37.32394,305.61,0.46,0.47,2024-08-19,2358,N,VIIRS,n,2,292.59,0.77,N,2
41.43267,36.00837,303.21,0.39,0.44,2024-08-19,2358,N,VIIRS,n,2,289.9,0.93,N,0
35.52428,44.3419,323.58,0.73,0.76,2024-08-19,2359,N,VIIRS,n,2,295.86,3.46,N,2
35.52494,44.34482,321.1,0.73,0.76,2024-08-19,2359,N,VIIRS,n,2,295.59,3.52,N,2
35.52731,44.33718,314.82,0.73,0.76,2024-08-19,2359,N,VIIRS,n,2,295.35,3.52,N,2
35.531,44.34481,306.67,0.73,0.76,2024-08-19,2359,N,VIIRS,n,2,294.31,3.46,N,2
35.53343,44.33712,331.75,0.73,0.76,2024-08-19,2359,N,VIIRS,n,2,295.92,9.72,N,2
35.56614,44.2816,320.81,0.72,0.76,2024-08-19,2359,N,VIIRS,n,2,295.65,4.5,N,2
35.62794,44.01059,328.41,0.7,0.75,2024-08-19,2359,N,VIIRS,n,2,296.15,3.92,N,2
35.62892,44.00893,339.35,0.69,0.75,2024-08-19,2359,N,VIIRS,n,2,296.51,6.32,N,2
35.63017,44.00329,312.34,0.69,0.75,2024-08-19,2359,N,VIIRS,n,2,295.46,3.92,N,2
35.66495,43.96535,340.03,0.69,0.74,2024-08-19,2359,N,VIIRS,n,2,297.24,8.87,N,2
35.68354,43.88144,316.46,0.68,0.74,2024-08-19,2359,N,VIIRS,n,2,294.39,10.08,N,2
35.68585,43.87402,367.0,0.68,0.74,2024-08-19,2359,N,VIIRS,h,2,297.85,21.06,N,2
35.72323,44.04289,326.6,0.69,0.75,2024-08-19,2359,N,VIIRS,n,2,296.55,5.12,N,2
35.72346,44.04058,339.07,0.69,0.74,2024-08-19,2359,N,VIIRS,n,2,297.61,7.75,N,2
35.72552,44.03543,316.0,0.69,0.74,2024-08-19,2359,N,VIIRS,n,2,296.55,5.12,N,2
35.72578,44.03317,307.4,0.69,0.74,2024-08-19,2359,N,VIIRS,n,2,295.95,6.92,N,2
35.72778,44.02806,306.0,0.69,0.74,2024-08-19,2359,N,VIIRS,n,2,295.73,4.81,N,2
35.77501,43.99516,315.3,0.69,0.74,2024-08-19,2359,N,VIIRS,n,2,296.96,4.15,N,2
35.83552,43.2222,307.59,0.63,0.72,2024-08-19,2359,N,VIIRS,n,2,296.72,2.47,N,2
35.9795,43.77029,308.42,0.66,0.73,2024-08-19,2359,N,VIIRS,n,2,295.77,5.15,N,2
35.98157,43.76943,310.9,0.66,0.73,2024-08-19,2359,N,VIIRS,n,2,296.02,3.28,N,2
35.9987,43.76167,308.36,0.66,0.73,2024-08-19,2359,N,VIIRS,n,2,294.55,1.92,N,2
36.01636,43.68146,320.48,0.65,0.73,2024-08-19,2359,N,VIIRS,n,2,295.84,3.61,N,2
36.02024,43.68499,313.08,0.65,0.73,2024-08-19,2359,N,VIIRS,n,2,296.19,4.5,N,2
36.07471,43.45821,323.17,0.63,0.72,2024-08-19,2359,N,VIIRS,n,2,295.91,4.64,N,0
36.12479,43.7809,306.35,0.66,0.73,2024-08-19,2359,N,VIIRS,n,2,293.88,3.48,N,2
36.14303,40.81802,332.88,0.46,0.64,2024-08-19,2359,N,VIIRS,n,2,295.04,2.42,N,2
36.33485,41.55812,308.15,0.5,0.66,2024-08-19,2359,N,VIIRS,n,2,294.32,2.26,N,0
36.33644,41.55877,306.76,0.5,0.66,2024-08-19,2359,N,VIIRS,n,2,293.98,3.52,N,0
36.34124,41.5585,320.8,0.5,0.66,2024-08-19,2359,N,VIIRS,n,2,293.51,7.61,N,0
36.34278,41.55939,344.98,0.5,0.66,2024-08-19,2359,N,VIIRS,n,2,295.03,3.52,N,0
36.34293,41.55251,306.45,0.5,0.66,2024-08-19,2359,N,VIIRS,n,2,293.22,4.39,N,0
36.34449,41.55346,316.71,0.5,0.66,2024-08-19,2359,N,VIIRS,n,2,294.1,3.52,N,0
36.34713,41.56071,367.0,0.5,0.66,2024-08-19,2359,N,VIIRS,h,2,297.69,7.61,N,0
36.34836,41.56267,345.23,0.5,0.66,2024-08-19,2359,N,VIIRS,n,2,295.62,4.11,N,0
36.34864,41.55532,306.9,0.5,0.66,2024-08-19,2359,N,VIIRS,n,2,293.17,4.39,N,0
36.34994,41.55716,306.38,0.5,0.66,2024-08-19,2359,N,VIIRS,n,2,293.06,4.11,N,0
36.3891,43.22691,314.97,0.6,0.71,2024-08-19,2359,N,VIIRS,n,2,294.48,3.21,N,0
36.39009,43.22841,313.83,0.6,0.71,2024-08-19,2359,N,VIIRS,n,2,294.32,2.18,N,0
36.46029,41.28314,304.04,0.48,0.65,2024-08-19,2359,N,VIIRS,n,2,293.72,1.03,N,2
36.55511,43.54541,302.92,0.62,0.71,2024-08-19,2359,N,VIIRS,n,2,291.6,1.28,N,0
36.55856,43.54898,302.34,0.62,0.71,2024-08-19,2359,N,VIIRS,n,2,291.34,0.72,N,0
36.58255,43.21806,309.44,0.6,0.7,2024-08-19,2359,N,VIIRS,n,2,293.75,2.01,N,0
36.73153,43.28241,310.36,0.6,0.7,2024-08-19,2359,N,VIIRS,n,2,293.87,2.73,N,2
36.73204,43.28176,307.58,0.6,0.7,2024-08-19,2359,N,VIIRS,n,2,293.68,2.23,N,2
36.77449,43.3278,310.6,0.6,0.7,2024-08-19,2359,N,VIIRS,n,2,292.9,4.49,N,2
36.77649,43.32121,338.07,0.6,0.7,2024-08-19,2359,N,VIIRS,n,2,294.22,4.49,N,2
36.86686,43.48526,309.75,0.61,0.71,2024-08-19,2359,N,VIIRS,n,2,291.46,1.58,N,2
36.86695,43.48623,317.03,0.61,0.71,2024-08-19,2359,N,VIIRS,n,2,291.84,2.23,N,2
36.87175,43.49242,311.98,0.61,0.71,2024-08-19,2359,N,VIIRS,n,2,291.3,1.53,N,2
36.87184,43.49356,304.23,0.61,0.71,2024-08-19,2359,N,VIIRS,n,2,291.23,0.87,N,0
36.8904,43.43186,326.22,0.6,0.71,2024-08-19,2359,N,VIIRS,n,2,291.23,4.44,N,2
36.89058,43.43119,329.78,0.6,0.71,2024-08-19,2359,N,VIIRS,n,2,291.39,3.48,N,2
36.90229,43.39231,307.19,0.6,0.7,2024-08-19,2359,N,VIIRS,n,2,290.63,3.1,N,2
36.90273,43.39161,313.73,0.6,0.7,2024-08-19,2359,N,VIIRS,n,2,290.74,2.69,N,0
36.90865,43.39461,329.28,0.6,0.7,2024-08-19,2359,N,VIIRS,n,2,291.68,3.1,N,2
36.90902,43.3941,327.71,0.6,0.7,2024-08-19,2359,N,VIIRS,n,2,291.86,2.69,N,2
36.91303,41.894,317.83,0.5,0.66,2024-08-19,2359,N,VIIRS,n,2,292.14,1.37,N,2
36.91764,41.8954,313.36,0.5,0.66,2024-08-19,2359,N,VIIRS,n,2,292.52,1.37,N,2
36.94371,42.1726,312.23,0.52,0.67,2024-08-19,2359,N,VIIRS,n,2,292.28,2.69,N,2
36.94518,42.17017,306.61,0.52,0.67,2024-08-19,2359,N,VIIRS,n,2,289.85,2.89,N,2
36.94919,42.13314,325.84,0.51,0.66,2024-08-19,2359,N,VIIRS,n,2,288.68,2.83,N,2
36.96341,42.08354,304.89,0.51,0.66,2024-08-19,2359,N,VIIRS,n,2,285.55,1.6,N,2
36.96402,42.08068,303.68,0.51,0.66,2024-08-19,2359,N,VIIRS,n,2,288.18,1.48,N,2
36.99557,41.56369,305.38,0.48,0.65,2024-08-19,2359,N,VIIRS,n,2,291.92,1.23,N,2
36.99676,43.15208,305.91,0.58,0.7,2024-08-19,2359,N,VIIRS,n,2,291.79,2.64,N,0
36.99834,41.56391,307.79,0.48,0.65,2024-08-19,2359,N,VIIRS,n,2,292.74,0.77,N,2
37.00183,43.1525,331.66,0.58,0.7,2024-08-19,2359,N,VIIRS,n,2,292.96,5.76,N,0
37.00362,43.14646,310.21,0.58,0.7,2024-08-19,2359,N,VIIRS,n,2,292.2,5.76,N,0
37.00365,43.15229,326.72,0.58,0.7,2024-08-19,2359,N,VIIRS,n,2,292.51,6.74,N,0
37.00529,43.14687,304.99,0.58,0.7,2024-08-19,2359,N,VIIRS,n,2,291.66,4.96,N,0
37.29641,37.15694,305.45,0.56,0.51,2024-08-19,2359,N,VIIRS,n,2,294.97,1.53,N,2
37.73473,40.64341,320.4,0.41,0.61,2024-08-19,2359,N,VIIRS,n,2,290.4,3.0,N,0
37.73596,40.63894,323.98,0.41,0.61,2024-08-19,2359,N,VIIRS,n,2,290.0,4.01,N,0
38.48721,37.03113,301.17,0.51,0.5,2024-08-19,2359,N,VIIRS,n,2,288.85,0.6,N,0
38.65429,39.77034,309.81,0.35,0.57,2024-08-19,2359,N,VIIRS,n,2,291.38,0.88,N,2
38.66073,30.61734,305.92,0.41,0.37,2024-08-19,2359,N,VIIRS,n,2,291.0,0.48,N,2
39.06497,34.89928,304.04,0.39,0.44,2024-08-19,2359,N,VIIRS,n,2,286.78,1.08,N,0
39.06592,34.89486,318.73,0.39,0.44,2024-08-19,2359,N,VIIRS,n,2,287.4,2.2,N,0
39.06687,34.89044,329.54,0.39,0.44,2024-08-19,2359,N,VIIRS,n,2,286.36,2.2,N,0
39.0708,34.89187,318.25,0.39,0.44,2024-08-19,2359,N,VIIRS,n,2,286.48,2.2,N,0
39.09208,27.51338,303.89,0.39,0.36,2024-08-19,2359,N,VIIRS,n,2,292.97,0.66,N,0
39.09274,27.50895,307.9,0.39,0.36,2024-08-19,2359,N,VIIRS,n,2,293.51,0.66,N,0
39.10014,37.24068,295.3,0.51,0.49,2024-08-19,2359,N,VIIRS,n,2,285.2,0.49,N,0
39.11454,27.52351,302.59,0.39,0.36,2024-08-19,2359,N,VIIRS,n,2,292.22,0.28,N,0
39.16518,42.50267,296.87,0.47,0.64,2024-08-19,2359,N,VIIRS,n,2,285.5,1.15,N,0
39.16925,27.63236,313.88,0.39,0.36,2024-08-19,2359,N,VIIRS,n,2,295.93,1.63,N,2
39.17089,42.50499,315.65,0.47,0.64,2024-08-19,2359,N,VIIRS,n,2,285.35,1.15,N,0
39.18266,27.49698,310.46,0.39,0.36,2024-08-19,2359,N,VIIRS,n,2,294.09,0.93,N,2
39.22784,34.97366,297.39,0.39,0.44,2024-08-19,2359,N,VIIRS,n,2,287.32,0.41,N,0
39.23534,35.15459,297.41,0.4,0.44,2024-08-19,2359,N,VIIRS,n,2,286.45,0.3,N,0
39.30678,36.11221,310.4,0.44,0.46,2024-08-19,2359,N,VIIRS,n,2,286.21,1.27,N,0
39.48379,30.0427,313.0,0.4,0.37,2024-08-19,2359,N,VIIRS,n,2,289.66,0.89,N,2
39.57825,29.86245,300.16,0.39,0.36,2024-08-19,2359,N,VIIRS,n,2,286.67,0.47,N,0
39.59507,32.42252,301.36,0.45,0.39,2024-08-19,2359,N,VIIRS,n,2,290.76,0.62,N,2
39.62526,29.45785,297.49,0.39,0.36,2024-08-19,2359,N,VIIRS,n,2,285.39,0.48,N,0
39.74673,30.19657,302.65,0.4,0.37,2024-08-19,2359,N,VIIRS,n,2,289.67,0.87,N,2
39.83806,30.30254,306.6,0.4,0.37,2024-08-19,2359,N,VIIRS,n,2,290.2,1.25,N,2
39.86461,26.24279,317.39,0.41,0.37,2024-08-19,2359,N,VIIRS,n,2,293.4,1.68,N,2
39.86686,26.24502,324.39,0.41,0.37,2024-08-19,2359,N,VIIRS,n,2,295.31,2.46,N,2
39.95333,28.86389,298.09,0.38,0.36,2024-08-19,2359,N,VIIRS,n,2,287.64,0.61,N,0
40.04913,32.65017,304.93,0.46,0.39,2024-08-19,2359,N,VIIRS,n,2,292.2,0.89,N,2
40.18652,28.42119,301.52,0.38,0.36,2024-08-19,2359,N,VIIRS,n,2,290.72,0.32,N,0
40.24361,29.92496,300.79,0.39,0.36,2024-08-19,2359,N,VIIRS,n,2,290.77,0.48,N,2
40.75816,29.76115,308.22,0.39,0.36,2024-08-19,2359,N,VIIRS,n,2,295.89,1.06,N,2
40.75846,31.78166,299.56,0.42,0.38,2024-08-19,2359,N,VIIRS,n,2,289.2,0.65,N,2
40.76603,32.21623,307.48,0.43,0.38,2024-08-19,2359,N,VIIRS,n,2,288.11,1.18,N,2
40.78097,29.60149,313.29,0.39,0.36,2024-08-19,2359,N,VIIRS,n,2,296.1,1.66,N,2
40.94508,31.39826,309.35,0.41,0.37,2024-08-19,2359,N,VIIRS,n,2,290.6,0.65,N,2
40.97848,33.6441,300.66,0.48,0.4,2024-08-19,2359,N,VIIRS,n,2,289.85,1.95,N,0
40.97956,33.63863,311.17,0.48,0.4,2024-08-19,2359,N,VIIRS,n,2,291.25,1.95,N,0
40.98064,33.63323,345.68,0.48,0.4,2024-08-19,2359,N,VIIRS,n,2,296.47,11.68,N,0
40.98324,33.63947,309.4,0.48,0.4,2024-08-19,2359,N,VIIRS,n,2,291.54,1.35,N,0
41.0222,28.55372,313.39,0.38,0.36,2024-08-19,2359,N,VIIRS,n,2,292.85,0.91,N,2
41.17513,32.63125,316.67,0.44,0.38,2024-08-19,2359,N,VIIRS,n,2,292.47,1.59,N,2
41.25299,31.41492,308.32,0.41,0.37,2024-08-19,2359,N,VIIRS,n,2,292.19,1.0,N,2
41.25385,31.4101,303.9,0.41,0.37,2024-08-19,2359,N,VIIRS,n,2,292.36,1.16,N,2
41.25635,31.41597,321.74,0.41,0.37,2024-08-19,2359,N,VIIRS,n,2,292.62,1.74,N,2
41.25721,31.41117,320.08,0.41,0.37,2024-08-19,2359,N,VIIRS,n,2,292.26,2.03,N,2
41.26556,31.42392,319.85,0.41,0.37,2024-08-19,2359,N,VIIRS,n,2,295.08,2.46,N,2
41.26892,31.42497,306.24,0.41,0.37,2024-08-19,2359,N,VIIRS,n,2,293.06,0.58,N,2
41.63165,27.68489,307.83,0.39,0.36,2024-08-19,2359,N,VIIRS,n,2,291.77,0.75,N,2
41.63528,27.50759,308.11,0.4,0.37,2024-08-19,2359,N,VIIRS,n,2,291.86,0.87,N,2
41.63643,27.50478,308.7,0.4,0.37,2024-08-19,2359,N,VIIRS,n,2,291.93,1.02,N,2
35.69929,36.23283,306.79,0.54,0.51,2024-08-20,0,N,VIIRS,n,2,291.7,0.98,N,0
36.26095,33.72857,308.9,0.39,0.44,2024-08-20,0,N,VIIRS,n,2,293.91,1.3,N,2
36.26489,33.72986,310.07,0.39,0.44,2024-08-20,0,N,VIIRS,n,2,295.78,0.86,N,2
36.30501,38.7148,307.38,0.35,0.57,2024-08-20,0,N,VIIRS,n,2,294.41,0.9,N,0
36.71797,36.20046,322.26,0.51,0.49,2024-08-20,0,N,VIIRS,n,2,296.78,5.4,N,2
36.718,36.19969,325.3,0.51,0.49,2024-08-20,0,N,VIIRS,n,2,297.29,4.81,N,2
36.72993,36.21087,313.72,0.51,0.49,2024-08-20,0,N,VIIRS,n,2,297.94,4.45,N,2
36.86957,34.76547,308.72,0.43,0.46,2024-08-20,0,N,VIIRS,n,2,296.07,2.65,N,2
36.9357,30.64872,310.24,0.43,0.38,2024-08-20,0,N,VIIRS,n,2,296.65,1.49,N,2
37.02337,36.10797,315.07,0.5,0.49,2024-08-20,0,N,VIIRS,n,2,295.47,1.61,N,2
37.25485,30.44138,306.18,0.42,0.38,2024-08-20,0,N,VIIRS,n,2,292.08,0.85,N,2
37.77029,27.43827,310.09,0.39,0.36,2024-08-20,0,N,VIIRS,n,2,295.92,1.51,N,2
37.85033,31.78159,296.92,0.46,0.39,2024-08-20,0,N,VIIRS,n,2,284.44,0.54,N,0
37.85215,31.65393,321.33,0.45,0.39,2024-08-20,0,N,VIIRS,n,2,286.16,1.58,N,0
37.86143,29.37179,309.39,0.39,0.36,2024-08-20,0,N,VIIRS,n,2,293.68,1.11,N,2
38.13652,30.88447,304.7,0.42,0.38,2024-08-20,0,N,VIIRS,n,2,290.91,0.75,N,0
38.13909,30.89017,301.06,0.42,0.38,2024-08-20,0,N,VIIRS,n,2,289.91,0.42,N,0
38.13996,30.88538,302.51,0.42,0.38,2024-08-20,0,N,VIIRS,n,2,291.19,0.75,N,0
38.14082,30.88058,304.31,0.42,0.38,2024-08-20,0,N,VIIRS,n,2,290.84,0.75,N,0
38.14682,30.86725,306.46,0.42,0.38,2024-08-20,0,N,VIIRS,n,2,292.76,1.2,N,0
38.42561,27.21444,304.72,0.39,0.36,2024-08-20,0,N,VIIRS,n,2,294.09,0.84,N,2
38.42722,27.21699,313.66,0.39,0.36,2024-08-20,0,N,VIIRS,n,2,295.94,1.44,N,2
38.7348,26.94957,315.31,0.39,0.36,2024-08-20,0,N,VIIRS,n,2,294.83,1.08,N,2
38.73813,26.95034,313.26,0.39,0.36,2024-08-20,0,N,VIIRS,n,2,295.11,1.27,N,2
38.73878,26.94586,322.35,0.39,0.36,2024-08-20,0,N,VIIRS,n,2,298.39,1.64,N,2
38.74211,26.94665,308.77,0.39,0.36,2024-08-20,0,N,VIIRS,n,2,295.93,1.64,N,2
38.74544,26.94744,323.63,0.39,0.36,2024-08-20,0,N,VIIRS,n,2,294.87,2.56,N,2
35.55249,43.73773,349.0,0.4,0.44,2024-08-20,939,N,VIIRS,n,2,316.36,11.33,D,0
36.27591,42.7808,351.01,0.43,0.46,2024-08-20,939,N,VIIRS,n,2,318.82,3.94,D,0
35.59107,36.44775,345.68,0.48,0.65,2024-08-20,940,N,VIIRS,n,2,315.15,9.38,D,0
35.59237,36.4429,352.8,0.48,0.65,2024-08-20,940,N,VIIRS,n,2,315.02,7.67,D,0
36.32939,41.58979,343.66,0.49,0.49,2024-08-20,940,N,VIIRS,n,2,312.74,6.16,D,0
36.33283,41.59264,351.73,0.49,0.49,2024-08-20,940,N,VIIRS,n,2,314.69,10.77,D,0
36.33411,41.59822,345.24,0.49,0.49,2024-08-20,940,N,VIIRS,n,2,312.41,5.61,D,0
36.33519,41.59475,356.44,0.49,0.49,2024-08-20,940,N,VIIRS,n,2,314.76,10.19,D,0
36.33716,41.58253,347.66,0.49,0.49,2024-08-20,940,N,VIIRS,n,2,311.59,9.7,D,0
36.33915,41.57919,354.94,0.49,0.49,2024-08-20,940,N,VIIRS,n,2,310.42,6.4,D,0
36.34225,41.57215,348.5,0.49,0.49,2024-08-20,940,N,VIIRS,n,2,312.65,6.4,D,0
36.77498,43.32499,350.04,0.39,0.44,2024-08-20,940,N,VIIRS,n,2,318.4,7.01,D,2
36.91796,41.50671,349.22,0.48,0.48,2024-08-20,940,N,VIIRS,n,2,318.99,7.87,D,0
36.93495,40.40868,356.63,0.55,0.51,2024-08-20,940,N,VIIRS,n,2,318.48,20.6,D,0
36.93681,40.40772,367.0,0.55,0.51,2024-08-20,940,N,VIIRS,h,2,317.94,20.5,D,0
36.95084,36.05196,334.99,0.46,0.64,2024-08-20,940,N,VIIRS,n,2,298.67,4.88,D,0
36.95275,36.05444,340.54,0.46,0.64,2024-08-20,940,N,VIIRS,n,2,298.72,3.85,D,0
36.96973,43.7154,344.81,0.56,0.43,2024-08-20,940,N,VIIRS,n,2,310.14,11.2,D,0
36.99517,43.16182,347.99,0.4,0.44,2024-08-20,940,N,VIIRS,n,2,310.18,9.95,D,0
37.0011,41.91797,353.23,0.46,0.47,2024-08-20,940,N,VIIRS,n,2,319.56,5.36,D,0
37.01112,41.17262,350.61,0.5,0.49,2024-08-20,940,N,VIIRS,n,2,319.79,13.06,D,0
37.05087,36.09457,332.26,0.46,0.63,2024-08-20,940,N,VIIRS,n,2,297.25,3.35,D,0
37.05411,36.08913,336.6,0.46,0.63,2024-08-20,940,N,VIIRS,n,2,294.24,3.11,D,0
37.107,36.27626,331.22,0.45,0.63,2024-08-20,940,N,VIIRS,n,2,298.82,4.61,D,0
37.10713,36.27782,340.54,0.45,0.63,2024-08-20,940,N,VIIRS,n,2,299.09,3.94,D,0
37.12259,36.1769,342.9,0.45,0.63,2024-08-20,940,N,VIIRS,n,2,298.78,4.59,D,0
37.14791,36.00015,330.11,0.46,0.64,2024-08-20,940,N,VIIRS,n,2,299.23,2.73,D,0
37.14935,36.09298,336.03,0.46,0.63,2024-08-20,940,N,VIIRS,n,2,298.86,5.58,D,0
37.16573,35.83858,332.27,0.47,0.64,2024-08-20,940,N,VIIRS,n,2,298.92,1.39,D,0
37.17282,35.84125,336.39,0.47,0.64,2024-08-20,940,N,VIIRS,n,2,300.24,6.08,D,0
37.1803,36.02571,332.73,0.46,0.63,2024-08-20,940,N,VIIRS,n,2,299.85,4.66,D,0
37.18871,36.01084,337.16,0.46,0.63,2024-08-20,940,N,VIIRS,n,2,300.03,4.51,D,0
37.2321,36.07642,346.63,0.45,0.63,2024-08-20,940,N,VIIRS,n,2,298.94,8.01,D,0
37.23468,35.95631,334.2,0.46,0.64,2024-08-20,940,N,VIIRS,n,2,299.95,3.18,D,0
37.23645,35.95631,332.08,0.46,0.64,2024-08-20,940,N,VIIRS,n,2,299.78,2.78,D,0
37.24911,36.38888,331.42,0.44,0.62,2024-08-20,940,N,VIIRS,n,2,301.08,1.72,D,0
37.25099,36.38987,332.51,0.44,0.62,2024-08-20,940,N,VIIRS,n,2,300.27,1.94,D,0
37.27823,35.90939,341.33,0.46,0.64,2024-08-20,940,N,VIIRS,n,2,297.94,6.32,D,0
37.27962,35.91431,367.0,0.46,0.64,2024-08-20,940,N,VIIRS,h,2,298.68,6.32,D,0
38.25734,37.27668,346.86,0.37,0.58,2024-08-20,940,N,VIIRS,n,2,313.35,5.59,D,0
38.26137,37.27024,367.0,0.37,0.58,2024-08-20,940,N,VIIRS,h,2,313.25,5.59,D,0
38.26247,37.27443,344.27,0.37,0.58,2024-08-20,940,N,VIIRS,n,2,310.66,5.59,D,0
38.95652,41.98064,353.32,0.41,0.45,2024-08-20,940,N,VIIRS,n,2,315.89,14.53,D,0
38.95757,41.97683,343.85,0.41,0.45,2024-08-20,940,N,VIIRS,n,2,314.19,4.76,D,0
38.95858,41.9814,346.42,0.41,0.45,2024-08-20,940,N,VIIRS,n,2,314.64,7.24,D,0
39.33588,41.92904,350.48,0.41,0.45,2024-08-20,940,N,VIIRS,n,2,316.74,12.33,D,0
40.09382,44.23942,344.28,0.47,0.4,2024-08-20,940,N,VIIRS,n,2,308.67,5.79,D,0
40.0974,44.23826,342.3,0.47,0.4,2024-08-20,940,N,VIIRS,n,2,311.74,3.57,D,0
38.80869,32.42179,338.0,0.63,0.72,2024-08-20,941,N,VIIRS,n,2,307.42,9.41,D,0
38.80869,32.42816,367.0,0.63,0.72,2024-08-20,941,N,VIIRS,h,2,309.67,21.01,D,0
38.81078,32.42854,367.0,0.63,0.72,2024-08-20,941,N,VIIRS,h,2,309.52,9.41,D,0
39.02062,34.63951,367.0,0.48,0.65,2024-08-20,941,N,VIIRS,h,2,319.45,27.15,D,0
39.02238,34.6353,356.1,0.48,0.65,2024-08-20,941,N,VIIRS,n,2,314.36,18.23,D,0
39.02389,34.64059,367.0,0.48,0.65,2024-08-20,941,N,VIIRS,h,2,319.88,33.28,D,0
39.05499,34.88427,367.0,0.47,0.64,2024-08-20,941,N,VIIRS,h,2,314.13,11.53,D,0
39.05851,34.87951,344.93,0.47,0.64,2024-08-20,941,N,VIIRS,n,2,312.19,10.29,D,0
39.06002,34.8847,367.0,0.47,0.64,2024-08-20,941,N,VIIRS,h,2,314.41,10.29,D,0
39.06057,34.88154,340.19,0.47,0.64,2024-08-20,941,N,VIIRS,n,2,311.75,4.91,D,0
39.06205,34.88675,338.47,0.47,0.64,2024-08-20,941,N,VIIRS,n,2,312.91,5.5,D,0
39.14204,34.5598,367.0,0.48,0.65,2024-08-20,941,N,VIIRS,h,2,312.92,16.06,D,0
39.14356,34.56501,367.0,0.48,0.65,2024-08-20,941,N,VIIRS,h,2,312.16,21.91,D,0
41.00802,44.48359,337.95,0.45,0.39,2024-08-20,941,N,VIIRS,n,2,306.33,4.56,D,0
41.00945,44.48039,335.4,0.45,0.39,2024-08-20,941,N,VIIRS,n,2,304.29,2.51,D,0
41.62462,34.8784,348.03,0.4,0.6,2024-08-20,941,N,VIIRS,n,2,307.57,6.91,D,0
35.5902,36.44288,348.89,0.4,0.6,2024-08-20,1120,N,VIIRS,n,2,315.66,6.56,D,0
35.69996,36.23045,338.27,0.39,0.59,2024-08-20,1120,N,VIIRS,n,2,304.67,3.4,D,0
35.70018,36.23431,334.49,0.39,0.59,2024-08-20,1120,N,VIIRS,n,2,306.31,5.48,D,0
35.70086,36.23042,338.13,0.39,0.59,2024-08-20,1120,N,VIIRS,n,2,305.32,4.52,D,0
35.7011,36.23426,334.28,0.39,0.59,2024-08-20,1120,N,VIIRS,n,2,306.72,5.8,D,0
35.86169,36.06109,355.46,0.38,0.59,2024-08-20,1120,N,VIIRS,n,2,303.26,5.09,D,0
35.86195,36.06527,342.0,0.38,0.59,2024-08-20,1120,N,VIIRS,n,2,304.81,5.09,D,0
36.45101,39.44712,367.0,0.6,0.7,2024-08-20,1120,N,VIIRS,h,2,319.44,16.02,D,0
36.45514,39.44451,355.03,0.6,0.7,2024-08-20,1120,N,VIIRS,n,2,316.04,27.02,D,0
36.45531,39.45139,367.0,0.6,0.7,2024-08-20,1120,N,VIIRS,h,2,316.42,36.31,D,0
36.45782,39.4538,345.02,0.6,0.7,2024-08-20,1120,N,VIIRS,n,2,314.67,16.02,D,0
36.71669,37.5671,344.33,0.47,0.64,2024-08-20,1120,N,VIIRS,n,2,308.63,2.95,D,0
36.73604,38.68338,347.08,0.54,0.68,2024-08-20,1120,N,VIIRS,n,2,315.07,15.45,D,0
36.93502,35.82033,367.0,0.38,0.59,2024-08-20,1120,N,VIIRS,h,2,299.29,10.03,D,0
36.93533,35.82008,367.0,0.38,0.59,2024-08-20,1120,N,VIIRS,h,2,299.4,10.79,D,0
36.94579,35.81049,330.42,0.38,0.59,2024-08-20,1120,N,VIIRS,n,2,297.42,3.18,D,0
36.96983,35.84791,336.7,0.38,0.59,2024-08-20,1120,N,VIIRS,n,2,296.82,3.3,D,0
36.98994,35.71989,330.32,0.37,0.58,2024-08-20,1120,N,VIIRS,n,2,299.15,3.39,D,0
37.04999,36.09072,343.11,0.39,0.59,2024-08-20,1120,N,VIIRS,n,2,299.14,3.06,D,0
37.05556,36.09061,346.23,0.39,0.59,2024-08-20,1120,N,VIIRS,n,2,299.05,3.03,D,0
37.05471,36.09162,348.69,0.39,0.6,2024-08-20,1121,N,VIIRS,n,2,298.96,8.01,D,0
37.07478,36.04945,334.59,0.39,0.59,2024-08-20,1121,N,VIIRS,n,2,295.27,3.13,D,0
37.14753,35.86509,331.81,0.38,0.59,2024-08-20,1121,N,VIIRS,n,2,300.07,2.23,D,0
37.15928,35.97088,336.82,0.39,0.59,2024-08-20,1121,N,VIIRS,n,2,299.67,4.07,D,0
37.1605,36.08804,338.18,0.39,0.6,2024-08-20,1121,N,VIIRS,n,2,298.4,4.51,D,0
37.16386,35.96815,350.91,0.39,0.59,2024-08-20,1121,N,VIIRS,n,2,298.13,4.88,D,0
37.16423,36.05602,334.16,0.39,0.59,2024-08-20,1121,N,VIIRS,n,2,295.46,3.9,D,0
37.16799,35.83887,346.45,0.38,0.59,2024-08-20,1121,N,VIIRS,n,2,300.41,3.24,D,0
37.18354,36.02503,330.03,0.39,0.59,2024-08-20,1121,N,VIIRS,n,2,300.01,2.96,D,0
37.18811,36.00665,340.54,0.39,0.59,2024-08-20,1121,N,VIIRS,n,2,300.11,4.35,D,0
37.18835,36.01112,337.95,0.39,0.59,2024-08-20,1121,N,VIIRS,n,2,300.37,4.35,D,0
37.19186,35.87224,342.67,0.38,0.59,2024-08-20,1121,N,VIIRS,n,2,301.67,4.91,D,0
37.20838,36.07291,331.62,0.39,0.6,2024-08-20,1121,N,VIIRS,n,2,300.08,2.98,D,0
37.23085,36.07565,367.0,0.39,0.6,2024-08-20,1121,N,VIIRS,h,2,300.94,9.66,D,0
37.28579,35.97294,343.61,0.39,0.59,2024-08-20,1121,N,VIIRS,n,2,302.51,3.93,D,0
37.30534,36.3516,346.98,0.41,0.6,2024-08-20,1121,N,VIIRS,n,2,300.77,6.27,D,0
37.40333,36.00863,340.79,0.39,0.59,2024-08-20,1121,N,VIIRS,n,2,301.39,2.75,D,0
37.56569,38.6618,349.34,0.55,0.68,2024-08-20,1121,N,VIIRS,n,2,313.62,8.29,D,0
37.56742,38.66006,350.3,0.55,0.68,2024-08-20,1121,N,VIIRS,n,2,312.83,8.46,D,0
37.84206,31.57764,347.84,0.45,0.47,2024-08-20,1121,N,VIIRS,n,2,318.8,25.22,D,3
38.11142,31.27016,348.24,0.44,0.46,2024-08-20,1121,N,VIIRS,n,2,316.1,9.96,D,0
38.31453,40.62435,352.16,0.71,0.75,2024-08-20,1121,N,VIIRS,n,2,303.33,13.47,D,0
38.31843,40.62273,347.27,0.71,0.75,2024-08-20,1121,N,VIIRS,n,2,302.66,8.34,D,0
38.54739,39.21,354.26,0.6,0.7,2024-08-20,1121,N,VIIRS,n,2,308.31,12.2,D,0
38.55148,39.20696,349.7,0.6,0.7,2024-08-20,1121,N,VIIRS,n,2,306.34,7.88,D,0
38.68015,35.45229,341.03,0.37,0.58,2024-08-20,1121,N,VIIRS,n,2,309.77,4.98,D,0
38.6804,35.45676,367.0,0.37,0.58,2024-08-20,1121,N,VIIRS,h,2,312.26,4.98,D,0
38.68151,35.45335,367.0,0.37,0.58,2024-08-20,1121,N,VIIRS,h,2,310.73,5.36,D,0
38.68174,35.45784,340.72,0.38,0.58,2024-08-20,1121,N,VIIRS,n,2,309.83,5.36,D,0
38.69511,30.19326,341.13,0.39,0.44,2024-08-20,1121,N,VIIRS,n,2,306.01,2.29,D,0
38.6956,30.19822,332.67,0.39,0.44,2024-08-20,1121,N,VIIRS,n,2,304.53,2.31,D,0
38.69967,30.19771,367.0,0.39,0.44,2024-08-20,1121,N,VIIRS,h,2,345.74,182.36,D,0
38.8546,32.37882,349.08,0.51,0.5,2024-08-20,1121,N,VIIRS,n,2,317.14,10.72,D,0
39.14222,34.55712,343.07,0.34,0.56,2024-08-20,1121,N,VIIRS,n,2,314.51,5.08,D,0
39.1474,34.55633,354.35,0.34,0.56,2024-08-20,1121,N,VIIRS,n,2,319.44,14.57,D,0
39.14766,34.56054,367.0,0.34,0.56,2024-08-20,1121,N,VIIRS,h,2,317.68,14.57,D,0
39.37304,32.75276,354.51,0.54,0.51,2024-08-20,1121,N,VIIRS,n,2,314.82,19.33,D,0
39.37424,32.75108,354.89,0.54,0.51,2024-08-20,1121,N,VIIRS,n,2,315.04,20.68,D,0
39.44691,35.02324,348.89,0.36,0.57,2024-08-20,1121,N,VIIRS,n,2,316.26,7.92,D,0
39.44714,35.02735,356.5,0.36,0.57,2024-08-20,1121,N,VIIRS,n,2,317.34,7.92,D,0
39.44736,35.03149,367.0,0.36,0.57,2024-08-20,1121,N,VIIRS,h,2,318.34,20.28,D,0
40.44432,27.13444,338.19,0.46,0.39,2024-08-20,1122,N,VIIRS,n,2,305.92,5.0,D,2
40.94815,26.9432,338.58,0.46,0.39,2024-08-20,1122,N,VIIRS,n,2,306.85,4.69,D,0
41.26302,33.37712,339.64,0.61,0.54,2024-08-20,1122,N,VIIRS,n,2,303.85,7.63,D,0
38.95207,42.56962,296.21,0.62,0.71,2024-08-20,2159,N,VIIRS,n,2,283.93,0.73,N,0
39.09787,41.05438,300.95,0.75,0.77,2024-08-20,2159,N,VIIRS,n,2,283.48,1.37,N,0
39.09952,41.05765,302.45,0.75,0.77,2024-08-20,2159,N,VIIRS,n,2,283.47,1.09,N,0
39.18321,42.46117,298.2,0.63,0.72,2024-08-20,2159,N,VIIRS,n,2,286.21,1.87,N,0
39.1876,42.46337,306.58,0.63,0.72,2024-08-20,2159,N,VIIRS,n,2,286.97,2.15,N,0
39.1968,42.33982,328.2,0.64,0.72,2024-08-20,2159,N,VIIRS,n,2,285.25,5.39,N,0
39.19695,42.33211,300.0,0.64,0.72,2024-08-20,2159,N,VIIRS,n,2,284.97,3.35,N,0
39.1971,42.32436,313.25,0.64,0.72,2024-08-20,2159,N,VIIRS,n,2,285.99,3.35,N,0
39.19841,42.34583,299.58,0.64,0.72,2024-08-20,2159,N,VIIRS,n,2,284.31,4.84,N,0
39.19851,42.33808,343.07,0.64,0.72,2024-08-20,2159,N,VIIRS,n,2,286.32,6.94,N,0
39.19862,42.33031,305.5,0.64,0.72,2024-08-20,2159,N,VIIRS,n,2,285.55,6.94,N,0
39.19873,42.3225,309.0,0.64,0.72,2024-08-20,2159,N,VIIRS,n,2,286.27,4.26,N,0
39.20357,42.34045,331.57,0.64,0.72,2024-08-20,2159,N,VIIRS,n,2,286.56,5.78,N,0
39.20388,42.32465,299.19,0.64,0.72,2024-08-20,2159,N,VIIRS,n,2,285.76,4.22,N,0
39.2292,42.09167,298.36,0.66,0.73,2024-08-20,2159,N,VIIRS,n,2,285.87,1.65,N,0
39.67529,43.11305,295.72,0.59,0.7,2024-08-20,2159,N,VIIRS,n,2,285.58,0.82,N,0
39.67709,43.11244,297.3,0.59,0.7,2024-08-20,2159,N,VIIRS,n,2,285.44,0.69,N,0
39.8193,42.8381,300.22,0.61,0.71,2024-08-20,2159,N,VIIRS,n,2,283.21,0.93,N,0
35.52748,44.34231,367.0,0.47,0.64,2024-08-20,2200,N,VIIRS,h,2,299.67,11.78,N,2
35.52773,44.33684,343.51,0.47,0.64,2024-08-20,2200,N,VIIRS,n,2,298.94,12.07,N,2
35.53372,44.33751,344.04,0.47,0.64,2024-08-20,2200,N,VIIRS,n,2,298.91,4.04,N,2
35.53396,44.33209,311.28,0.47,0.64,2024-08-20,2200,N,VIIRS,n,2,297.9,4.04,N,2
35.56624,44.28619,313.45,0.47,0.64,2024-08-20,2200,N,VIIRS,n,2,297.31,2.72,N,2
35.5665,44.28065,323.82,0.47,0.64,2024-08-20,2200,N,VIIRS,n,2,297.66,2.72,N,2
35.62815,44.00801,356.28,0.49,0.65,2024-08-20,2200,N,VIIRS,n,2,301.0,8.11,N,2
35.62838,44.01144,311.29,0.49,0.65,2024-08-20,2200,N,VIIRS,n,2,297.93,4.36,N,2
35.62862,44.00577,355.26,0.49,0.65,2024-08-20,2200,N,VIIRS,n,2,300.39,4.36,N,2
35.66107,43.96369,367.0,0.49,0.65,2024-08-20,2200,N,VIIRS,h,2,300.64,6.94,N,2
35.68316,43.87991,313.45,0.5,0.66,2024-08-20,2200,N,VIIRS,n,2,297.47,10.74,N,2
35.68341,43.87424,367.0,0.5,0.66,2024-08-20,2200,N,VIIRS,h,2,303.37,10.74,N,2
35.68366,43.86848,309.69,0.5,0.66,2024-08-20,2200,N,VIIRS,n,2,297.47,17.83,N,2
35.68955,43.87479,311.52,0.5,0.66,2024-08-20,2200,N,VIIRS,n,2,298.14,10.74,N,2
35.72485,44.0422,320.01,0.49,0.65,2024-08-20,2200,N,VIIRS,n,2,299.33,5.94,N,2
35.72487,44.04265,313.23,0.49,0.65,2024-08-20,2200,N,VIIRS,n,2,298.72,3.52,N,2
35.72508,44.03656,331.25,0.49,0.65,2024-08-20,2200,N,VIIRS,n,2,299.96,7.86,N,2
35.72514,44.03702,337.99,0.49,0.65,2024-08-20,2200,N,VIIRS,n,2,300.05,3.52,N,2
35.73141,44.0316,322.07,0.49,0.65,2024-08-20,2200,N,VIIRS,n,2,299.36,4.12,N,2
35.73149,44.03207,321.8,0.49,0.65,2024-08-20,2200,N,VIIRS,n,2,299.44,4.35,N,2
35.78429,44.21308,314.45,0.48,0.65,2024-08-20,2200,N,VIIRS,n,2,295.8,2.25,N,0
35.81234,43.25483,308.08,0.54,0.68,2024-08-20,2200,N,VIIRS,n,2,297.33,2.71,N,2
35.83285,43.21883,315.9,0.55,0.68,2024-08-20,2200,N,VIIRS,n,2,297.38,3.12,N,2
35.84543,44.07896,306.84,0.49,0.65,2024-08-20,2200,N,VIIRS,n,2,296.01,1.59,N,0
35.84624,44.0741,305.78,0.49,0.65,2024-08-20,2200,N,VIIRS,n,2,294.91,1.2,N,0
35.92455,43.78885,314.55,0.51,0.66,2024-08-20,2200,N,VIIRS,n,2,297.15,3.38,N,2
35.9262,43.7901,310.18,0.51,0.66,2024-08-20,2200,N,VIIRS,n,2,296.37,2.82,N,2
35.95182,43.72553,310.93,0.51,0.66,2024-08-20,2200,N,VIIRS,n,2,296.57,2.28,N,2
35.95384,43.72682,311.16,0.51,0.66,2024-08-20,2200,N,VIIRS,n,2,296.92,2.29,N,2
35.96462,43.76371,308.3,0.51,0.66,2024-08-20,2200,N,VIIRS,n,2,297.88,3.83,N,2
35.96902,43.76279,314.86,0.51,0.66,2024-08-20,2200,N,VIIRS,n,2,298.96,6.07,N,2
35.97501,43.76842,309.07,0.51,0.66,2024-08-20,2200,N,VIIRS,n,2,298.38,2.78,N,2
35.98122,43.76855,314.64,0.51,0.66,2024-08-20,2200,N,VIIRS,n,2,298.32,2.78,N,2
36.0159,43.68182,324.45,0.52,0.66,2024-08-20,2200,N,VIIRS,n,2,296.11,4.14,N,2
36.09724,43.62986,310.82,0.52,0.67,2024-08-20,2200,N,VIIRS,n,2,294.49,1.55,N,0
36.143,40.81124,314.52,0.74,0.76,2024-08-20,2200,N,VIIRS,n,2,296.7,1.52,N,2
36.14539,40.81269,306.97,0.74,0.76,2024-08-20,2200,N,VIIRS,n,2,295.95,1.36,N,2
36.34492,41.60148,311.87,0.68,0.74,2024-08-20,2200,N,VIIRS,n,2,293.02,1.63,N,0
36.3454,41.60275,307.25,0.68,0.74,2024-08-20,2200,N,VIIRS,n,2,293.07,1.69,N,0
36.34562,41.59437,308.56,0.68,0.74,2024-08-20,2200,N,VIIRS,n,2,293.89,1.69,N,0
36.35927,43.97458,304.93,0.5,0.66,2024-08-20,2200,N,VIIRS,n,2,294.2,1.22,N,0
36.3645,43.97403,355.29,0.5,0.66,2024-08-20,2200,N,VIIRS,n,2,296.79,10.89,N,0
36.36541,43.97508,350.86,0.5,0.66,2024-08-20,2200,N,VIIRS,n,2,296.43,7.69,N,0
36.36567,43.96924,307.99,0.5,0.66,2024-08-20,2200,N,VIIRS,n,2,294.62,5.91,N,0
36.45667,41.27781,302.65,0.7,0.75,2024-08-20,2200,N,VIIRS,n,2,292.4,1.75,N,2
36.63844,43.38037,315.07,0.54,0.68,2024-08-20,2200,N,VIIRS,n,2,295.28,3.09,N,0
36.65071,43.39282,307.8,0.54,0.68,2024-08-20,2200,N,VIIRS,n,2,295.13,3.14,N,0
36.65706,43.3931,324.12,0.54,0.68,2024-08-20,2200,N,VIIRS,n,2,295.39,3.14,N,0
36.74483,43.49343,307.55,0.53,0.67,2024-08-20,2200,N,VIIRS,n,2,293.71,2.13,N,2
36.77629,43.32843,310.21,0.55,0.68,2024-08-20,2200,N,VIIRS,n,2,295.64,4.49,N,2
36.77654,43.32149,345.69,0.55,0.68,2024-08-20,2200,N,VIIRS,n,2,296.47,4.49,N,2
36.77762,43.32722,325.81,0.55,0.68,2024-08-20,2200,N,VIIRS,n,2,295.83,7.21,N,2
36.77784,43.32019,330.69,0.55,0.68,2024-08-20,2200,N,VIIRS,n,2,295.63,9.55,N,2
36.86764,43.48606,324.59,0.54,0.68,2024-08-20,2200,N,VIIRS,n,2,293.96,3.6,N,2
36.87037,43.48431,326.64,0.54,0.68,2024-08-20,2200,N,VIIRS,n,2,293.92,3.76,N,2
36.889,43.42368,305.73,0.54,0.68,2024-08-20,2200,N,VIIRS,n,2,291.89,1.9,N,2
36.89133,43.4242,334.83,0.54,0.68,2024-08-20,2200,N,VIIRS,n,2,292.51,5.81,N,2
36.89531,43.42506,321.5,0.54,0.68,2024-08-20,2200,N,VIIRS,n,2,292.29,2.34,N,2
36.90309,43.38763,307.32,0.54,0.68,2024-08-20,2200,N,VIIRS,n,2,292.72,2.27,N,2
36.9052,43.38839,310.69,0.54,0.68,2024-08-20,2200,N,VIIRS,n,2,292.29,2.06,N,2
36.90542,43.38183,306.29,0.55,0.68,2024-08-20,2200,N,VIIRS,n,2,291.47,2.06,N,2
36.90942,43.38852,305.09,0.54,0.68,2024-08-20,2200,N,VIIRS,n,2,291.13,1.37,N,2
36.90969,43.3816,309.3,0.54,0.68,2024-08-20,2200,N,VIIRS,n,2,291.2,2.18,N,2
36.91593,41.89364,314.21,0.65,0.73,2024-08-20,2200,N,VIIRS,n,2,290.95,1.7,N,2
36.91654,41.89186,311.04,0.66,0.73,2024-08-20,2200,N,VIIRS,n,2,291.0,1.29,N,2
36.9372,42.13129,303.44,0.64,0.72,2024-08-20,2200,N,VIIRS,n,2,292.12,1.42,N,2
36.94397,42.13164,311.96,0.64,0.72,2024-08-20,2200,N,VIIRS,n,2,291.76,1.42,N,2
36.94417,42.12423,303.68,0.64,0.72,2024-08-20,2200,N,VIIRS,n,2,291.37,2.77,N,2
36.94585,42.13036,326.96,0.64,0.72,2024-08-20,2200,N,VIIRS,n,2,292.65,5.45,N,2
36.95074,42.13189,308.98,0.64,0.72,2024-08-20,2200,N,VIIRS,n,2,292.12,1.84,N,0
36.9598,42.04899,308.77,0.64,0.72,2024-08-20,2200,N,VIIRS,n,2,290.84,1.41,N,2
36.96124,42.04765,306.49,0.64,0.72,2024-08-20,2200,N,VIIRS,n,2,290.75,1.02,N,2
36.96133,43.42232,316.05,0.54,0.68,2024-08-20,2200,N,VIIRS,n,2,293.24,2.7,N,0
36.96159,43.415,305.29,0.54,0.68,2024-08-20,2200,N,VIIRS,n,2,292.37,2.7,N,0
36.96629,43.71933,308.74,0.52,0.67,2024-08-20,2200,N,VIIRS,n,2,294.66,4.32,N,0
36.96648,43.71368,309.69,0.52,0.67,2024-08-20,2200,N,VIIRS,n,2,294.51,3.28,N,0
36.96737,42.0781,303.28,0.64,0.72,2024-08-20,2200,N,VIIRS,n,2,290.36,1.02,N,2
36.96921,43.71915,322.34,0.52,0.67,2024-08-20,2200,N,VIIRS,n,2,295.15,2.73,N,0
36.96945,43.71316,306.18,0.52,0.67,2024-08-20,2200,N,VIIRS,n,2,294.15,2.73,N,0
36.97268,43.71586,317.03,0.52,0.67,2024-08-20,2200,N,VIIRS,n,2,295.15,3.28,N,0
36.97564,43.71518,319.14,0.52,0.67,2024-08-20,2200,N,VIIRS,n,2,294.91,4.52,N,0
36.98324,43.16001,307.97,0.56,0.69,2024-08-20,2200,N,VIIRS,n,2,292.54,1.94,N,0
36.98348,43.15274,305.85,0.56,0.69,2024-08-20,2200,N,VIIRS,n,2,291.97,1.76,N,0
36.98365,43.15432,308.6,0.56,0.69,2024-08-20,2200,N,VIIRS,n,2,291.95,4.36,N,0
36.98948,43.16589,305.95,0.56,0.69,2024-08-20,2200,N,VIIRS,n,2,292.85,1.94,N,0
36.98991,43.15336,304.74,0.56,0.69,2024-08-20,2200,N,VIIRS,n,2,291.94,1.76,N,0
36.99338,42.78936,308.82,0.59,0.7,2024-08-20,2200,N,VIIRS,n,2,293.45,2.54,N,0
36.99574,43.17103,309.58,0.56,0.69,2024-08-20,2200,N,VIIRS,n,2,292.22,2.69,N,0
36.9959,43.16639,310.81,0.56,0.69,2024-08-20,2200,N,VIIRS,n,2,293.37,3.89,N,0
36.99617,43.16732,319.01,0.56,0.69,2024-08-20,2200,N,VIIRS,n,2,293.54,3.86,N,0
37.07873,42.55657,314.42,0.6,0.71,2024-08-20,2200,N,VIIRS,n,2,293.86,5.8,N,2
36.65698,43.39155,320.94,0.34,0.56,2024-08-20,2340,N,VIIRS,n,2,294.2,1.15,N,0
36.66197,43.39358,312.87,0.34,0.56,2024-08-20,2340,N,VIIRS,n,2,294.2,1.15,N,0
36.72909,43.28056,312.44,0.34,0.56,2024-08-20,2340,N,VIIRS,n,2,297.46,2.24,N,2
36.7309,43.27983,313.18,0.34,0.56,2024-08-20,2340,N,VIIRS,n,2,297.94,2.14,N,2
36.74594,43.49931,314.07,0.35,0.56,2024-08-20,2340,N,VIIRS,n,2,296.06,1.44,N,2
36.77441,43.32362,367.0,0.34,0.56,2024-08-20,2340,N,VIIRS,h,2,299.7,7.37,N,2
36.78464,42.84536,304.28,0.32,0.55,2024-08-20,2340,N,VIIRS,n,2,292.85,0.92,N,0
36.86644,43.48694,312.65,0.34,0.56,2024-08-20,2340,N,VIIRS,n,2,294.79,1.93,N,2
36.87083,43.49136,322.68,0.34,0.56,2024-08-20,2340,N,VIIRS,n,2,296.38,1.93,N,2
36.88719,41.4769,303.83,0.54,0.51,2024-08-20,2340,N,VIIRS,n,2,292.25,0.33,N,0
36.89151,43.43184,325.94,0.34,0.56,2024-08-20,2340,N,VIIRS,n,2,293.58,2.5,N,2
36.89253,43.42782,310.35,0.34,0.56,2024-08-20,2340,N,VIIRS,n,2,292.93,2.37,N,2
36.90192,43.39089,305.79,0.34,0.56,2024-08-20,2340,N,VIIRS,n,2,293.9,1.72,N,0
36.90614,43.39587,303.45,0.34,0.56,2024-08-20,2340,N,VIIRS,n,2,292.45,1.57,N,2
36.90711,43.39202,322.95,0.34,0.56,2024-08-20,2340,N,VIIRS,n,2,294.24,1.72,N,2
36.91257,41.89444,310.53,0.57,0.52,2024-08-20,2340,N,VIIRS,n,2,291.76,1.52,N,2
36.9362,42.13025,318.03,0.58,0.52,2024-08-20,2340,N,VIIRS,n,2,294.66,2.19,N,2
36.94073,42.17427,305.16,0.58,0.52,2024-08-20,2340,N,VIIRS,n,2,293.65,1.15,N,2
36.94231,42.16783,306.31,0.58,0.52,2024-08-20,2340,N,VIIRS,n,2,293.84,1.15,N,2
36.94244,42.12562,305.03,0.58,0.52,2024-08-20,2340,N,VIIRS,n,2,294.88,2.9,N,2
36.94554,42.1338,329.86,0.58,0.52,2024-08-20,2340,N,VIIRS,n,2,295.26,2.9,N,2
36.94711,42.12738,316.2,0.58,0.52,2024-08-20,2340,N,VIIRS,n,2,295.46,2.9,N,2
36.95964,43.42822,308.7,0.34,0.56,2024-08-20,2340,N,VIIRS,n,2,295.02,2.74,N,0
36.96051,43.42483,330.17,0.34,0.56,2024-08-20,2340,N,VIIRS,n,2,296.8,5.04,N,0
36.96091,42.05021,310.91,0.57,0.52,2024-08-20,2340,N,VIIRS,n,2,293.09,1.48,N,2
36.96135,43.42155,367.0,0.34,0.56,2024-08-20,2340,N,VIIRS,h,2,301.03,5.04,N,0
36.96405,42.07896,313.23,0.58,0.52,2024-08-20,2340,N,VIIRS,n,2,293.22,2.53,N,2
36.96507,43.4284,323.15,0.34,0.56,2024-08-20,2340,N,VIIRS,n,2,296.76,2.74,N,0
36.9659,43.42516,334.75,0.34,0.56,2024-08-20,2340,N,VIIRS,n,2,297.76,5.04,N,0
36.96676,43.42183,313.63,0.34,0.56,2024-08-20,2340,N,VIIRS,n,2,296.82,5.04,N,0
36.9675,43.72129,332.04,0.35,0.57,2024-08-20,2340,N,VIIRS,n,2,297.44,3.24,N,0
36.96838,43.71968,337.54,0.35,0.57,2024-08-20,2340,N,VIIRS,n,2,297.87,3.28,N,0
36.96858,43.71702,324.56,0.35,0.57,2024-08-20,2340,N,VIIRS,n,2,297.39,3.24,N,0
36.96946,43.71551,313.77,0.35,0.57,2024-08-20,2340,N,VIIRS,n,2,296.4,3.28,N,0
36.97374,43.72049,325.9,0.35,0.57,2024-08-20,2340,N,VIIRS,n,2,296.12,4.01,N,0
36.98154,43.1616,329.87,0.33,0.55,2024-08-20,2340,N,VIIRS,n,2,295.9,3.76,N,0
36.98245,43.15799,353.94,0.33,0.55,2024-08-20,2340,N,VIIRS,n,2,298.56,3.76,N,0
36.9833,43.1546,354.37,0.33,0.55,2024-08-20,2340,N,VIIRS,n,2,298.63,4.95,N,0
36.98347,43.16608,307.44,0.33,0.55,2024-08-20,2340,N,VIIRS,n,2,295.45,1.12,N,0
36.9841,43.15141,367.0,0.33,0.55,2024-08-20,2340,N,VIIRS,h,2,300.06,4.95,N,0
36.98464,43.16153,321.32,0.33,0.55,2024-08-20,2340,N,VIIRS,n,2,296.15,2.63,N,0
36.98514,43.16881,310.73,0.33,0.55,2024-08-20,2340,N,VIIRS,n,2,295.74,2.26,N,0
36.98559,43.15786,327.53,0.33,0.55,2024-08-20,2340,N,VIIRS,n,2,295.99,2.63,N,0
36.9864,43.16376,309.56,0.33,0.55,2024-08-20,2340,N,VIIRS,n,2,295.8,3.76,N,0
36.98645,43.15451,329.01,0.33,0.55,2024-08-20,2340,N,VIIRS,n,2,296.64,3.34,N,0
36.98726,43.15134,326.78,0.33,0.55,2024-08-20,2340,N,VIIRS,n,2,296.88,3.34,N,0
36.98824,43.16853,310.88,0.33,0.55,2024-08-20,2340,N,VIIRS,n,2,295.79,1.12,N,0
36.98827,43.1563,310.06,0.33,0.55,2024-08-20,2340,N,VIIRS,n,2,295.39,4.95,N,0
36.98908,43.15306,314.03,0.33,0.55,2024-08-20,2340,N,VIIRS,n,2,296.46,4.95,N,0
36.99717,41.56257,304.24,0.54,0.51,2024-08-20,2340,N,VIIRS,n,2,293.22,0.66,N,2
36.99908,43.16843,310.47,0.33,0.55,2024-08-20,2340,N,VIIRS,n,2,295.3,1.21,N,0
37.0003,43.1637,306.66,0.33,0.55,2024-08-20,2340,N,VIIRS,n,2,295.1,1.21,N,0
37.07873,42.55905,316.46,0.61,0.53,2024-08-20,2340,N,VIIRS,n,2,297.84,4.93,N,2
37.12262,43.29234,307.33,0.33,0.55,2024-08-20,2340,N,VIIRS,n,2,293.88,1.18,N,0
37.33765,40.80422,307.59,0.49,0.48,2024-08-20,2340,N,VIIRS,n,2,294.79,1.49,N,2
37.35212,39.66423,306.64,0.42,0.46,2024-08-20,2340,N,VIIRS,n,2,293.68,1.68,N,0
37.35622,39.66557,324.17,0.42,0.46,2024-08-20,2340,N,VIIRS,n,2,295.43,2.58,N,0
37.36174,40.12143,318.34,0.45,0.47,2024-08-20,2340,N,VIIRS,n,2,294.49,1.65,N,0
37.36286,40.11637,317.45,0.45,0.47,2024-08-20,2340,N,VIIRS,n,2,294.08,2.3,N,0
37.63673,40.19677,308.65,0.45,0.47,2024-08-20,2340,N,VIIRS,n,2,292.37,0.98,N,0
38.26254,37.50261,307.31,0.49,0.4,2024-08-20,2340,N,VIIRS,n,2,290.45,1.0,N,0
38.26485,37.50241,302.51,0.49,0.4,2024-08-20,2340,N,VIIRS,n,2,288.84,1.05,N,0
38.45448,38.72934,309.37,0.55,0.42,2024-08-20,2340,N,VIIRS,n,2,296.61,1.74,N,2
38.4548,38.7291,312.17,0.55,0.43,2024-08-20,2340,N,VIIRS,n,2,297.1,2.59,N,2
38.66388,39.23349,305.76,0.57,0.43,2024-08-20,2340,N,VIIRS,n,2,294.52,1.53,N,2
38.85867,35.7674,300.54,0.42,0.38,2024-08-20,2340,N,VIIRS,n,2,290.29,0.64,N,0
38.88326,37.8964,303.91,0.5,0.41,2024-08-20,2340,N,VIIRS,n,2,293.22,0.63,N,2
39.01892,31.86445,301.5,0.39,0.36,2024-08-20,2340,N,VIIRS,n,2,287.39,0.52,N,0
39.02087,31.86241,299.14,0.39,0.36,2024-08-20,2340,N,VIIRS,n,2,287.64,0.21,N,0
39.13128,34.55244,304.88,0.39,0.36,2024-08-20,2340,N,VIIRS,n,2,286.34,0.85,N,0
39.13459,34.55335,317.89,0.39,0.36,2024-08-20,2340,N,VIIRS,n,2,287.9,1.26,N,0
39.1379,34.55426,313.06,0.39,0.36,2024-08-20,2340,N,VIIRS,n,2,287.42,1.26,N,0
39.13937,34.55706,303.79,0.39,0.36,2024-08-20,2340,N,VIIRS,n,2,286.91,0.78,N,0
39.19359,34.60528,304.99,0.39,0.36,2024-08-20,2340,N,VIIRS,n,2,287.8,0.64,N,0
39.1969,34.6062,298.07,0.39,0.36,2024-08-20,2340,N,VIIRS,n,2,287.28,0.64,N,0
39.19696,42.32923,302.89,0.53,0.5,2024-08-20,2340,N,VIIRS,n,2,285.78,1.32,N,0
39.19792,34.62063,313.64,0.39,0.37,2024-08-20,2340,N,VIIRS,n,2,288.02,1.92,N,0
39.19814,42.32959,303.5,0.53,0.5,2024-08-20,2340,N,VIIRS,n,2,286.13,1.9,N,0
39.19854,42.34279,311.12,0.53,0.5,2024-08-20,2340,N,VIIRS,n,2,284.61,2.01,N,0
39.19868,34.61613,326.88,0.39,0.36,2024-08-20,2340,N,VIIRS,n,2,288.83,1.92,N,0
39.19944,34.61164,330.76,0.39,0.36,2024-08-20,2340,N,VIIRS,n,2,289.53,1.68,N,0
39.1998,42.34318,309.83,0.53,0.5,2024-08-20,2340,N,VIIRS,n,2,284.54,1.5,N,0
39.20021,34.60714,303.03,0.39,0.36,2024-08-20,2340,N,VIIRS,n,2,286.65,1.68,N,0
39.20287,42.32508,307.17,0.53,0.5,2024-08-20,2340,N,VIIRS,n,2,286.76,1.93,N,0
39.20401,42.32544,309.46,0.53,0.5,2024-08-20,2340,N,VIIRS,n,2,286.71,2.34,N,0
39.23335,42.09932,302.19,0.51,0.49,2024-08-20,2340,N,VIIRS,n,2,287.75,0.85,N,0
39.33442,34.89668,328.46,0.4,0.37,2024-08-20,2340,N,VIIRS,n,2,288.97,2.16,N,0
39.3352,34.89214,311.27,0.4,0.37,2024-08-20,2340,N,VIIRS,n,2,286.7,1.45,N,0
39.40326,34.94792,319.07,0.4,0.37,2024-08-20,2340,N,VIIRS,n,2,286.75,1.77,N,0
39.41031,35.38944,298.34,0.41,0.37,2024-08-20,2340,N,VIIRS,n,2,288.19,0.22,N,0
39.41987,34.95274,306.04,0.4,0.37,2024-08-20,2340,N,VIIRS,n,2,286.58,1.45,N,0
39.42066,34.94816,325.34,0.4,0.37,2024-08-20,2340,N,VIIRS,n,2,287.63,1.45,N,0
39.44855,35.00895,298.74,0.4,0.37,2024-08-20,2340,N,VIIRS,n,2,285.97,0.41,N,0
39.45187,35.0099,307.38,0.4,0.37,2024-08-20,2340,N,VIIRS,n,2,285.92,0.75,N,0
39.4845,30.04355,303.57,0.43,0.38,2024-08-20,2340,N,VIIRS,n,2,288.99,0.75,N,2
39.48474,30.04215,310.91,0.43,0.38,2024-08-20,2340,N,VIIRS,n,2,290.35,1.93,N,2
39.48515,30.03848,299.82,0.43,0.38,2024-08-20,2340,N,VIIRS,n,2,288.88,0.95,N,2
39.59604,32.42171,310.49,0.39,0.36,2024-08-20,2340,N,VIIRS,n,2,293.28,0.75,N,2
39.72419,36.936,299.62,0.44,0.39,2024-08-20,2340,N,VIIRS,n,2,289.1,0.62,N,2
39.74485,30.19725,304.83,0.43,0.38,2024-08-20,2340,N,VIIRS,n,2,289.92,0.97,N,2
39.83593,30.30013,307.23,0.43,0.38,2024-08-20,2340,N,VIIRS,n,2,290.16,1.15,N,2
39.8671,26.24368,316.21,0.42,0.45,2024-08-20,2340,N,VIIRS,n,2,293.98,1.65,N,2
39.90093,28.87377,312.24,0.48,0.4,2024-08-20,2340,N,VIIRS,n,2,290.36,0.77,N,0
39.94399,33.19283,306.51,0.38,0.36,2024-08-20,2340,N,VIIRS,n,2,292.27,1.21,N,2
39.96144,33.1464,304.07,0.38,0.36,2024-08-20,2340,N,VIIRS,n,2,289.61,0.3,N,2
40.08244,32.79911,307.43,0.39,0.36,2024-08-20,2340,N,VIIRS,n,2,290.89,0.66,N,0
40.15485,36.67154,299.78,0.43,0.38,2024-08-20,2340,N,VIIRS,n,2,289.27,0.96,N,0
40.24302,29.92731,301.59,0.44,0.39,2024-08-20,2340,N,VIIRS,n,2,291.52,0.89,N,2
40.44439,27.13308,320.35,0.38,0.44,2024-08-20,2340,N,VIIRS,n,2,292.54,2.45,N,2
40.75721,31.7834,306.16,0.4,0.37,2024-08-20,2340,N,VIIRS,n,2,290.31,0.94,N,2
40.75846,29.76043,307.92,0.45,0.39,2024-08-20,2340,N,VIIRS,n,2,295.11,1.09,N,2
40.76517,32.21833,311.18,0.39,0.36,2024-08-20,2340,N,VIIRS,n,2,287.56,0.94,N,2
40.78172,29.59933,307.31,0.46,0.39,2024-08-20,2340,N,VIIRS,n,2,294.95,1.45,N,2
41.01517,27.95869,305.92,0.54,0.42,2024-08-20,2340,N,VIIRS,n,2,291.79,1.45,N,2
41.02118,28.55725,315.59,0.51,0.41,2024-08-20,2340,N,VIIRS,n,2,293.67,2.17,N,2
41.17317,32.63107,321.93,0.39,0.36,2024-08-20,2340,N,VIIRS,n,2,291.65,2.18,N,2
41.1758,32.63651,312.07,0.39,0.36,2024-08-20,2340,N,VIIRS,n,2,292.93,1.07,N,2
41.25477,31.41082,324.72,0.41,0.37,2024-08-20,2340,N,VIIRS,n,2,292.24,2.45,N,2
41.26301,31.42789,305.99,0.41,0.37,2024-08-20,2340,N,VIIRS,n,2,293.91,1.51,N,2
41.26707,31.42383,319.97,0.41,0.37,2024-08-20,2340,N,VIIRS,n,2,294.04,2.19,N,2
41.62906,27.68432,300.64,0.56,0.43,2024-08-20,2340,N,VIIRS,n,2,289.56,1.31,N,2
35.52293,44.34243,320.97,0.41,0.61,2024-08-20,2341,N,VIIRS,n,2,297.79,3.28,N,2
35.52836,44.34447,345.19,0.41,0.61,2024-08-20,2341,N,VIIRS,n,2,298.97,6.01,N,2
35.52952,44.34013,354.02,0.41,0.61,2024-08-20,2341,N,VIIRS,n,2,298.96,6.01,N,2
35.53069,44.33574,318.0,0.41,0.61,2024-08-20,2341,N,VIIRS,n,2,297.98,4.86,N,2
35.53612,44.33774,334.03,0.41,0.61,2024-08-20,2341,N,VIIRS,n,2,298.13,4.86,N,2
35.56204,44.28492,326.46,0.41,0.61,2024-08-20,2341,N,VIIRS,n,2,297.23,3.33,N,2
35.56319,44.28059,313.25,0.41,0.6,2024-08-20,2341,N,VIIRS,n,2,296.95,3.67,N,2
35.62909,44.00791,367.0,0.39,0.6,2024-08-20,2341,N,VIIRS,h,2,302.12,8.5,N,2
35.66331,43.96698,346.01,0.39,0.59,2024-08-20,2341,N,VIIRS,n,2,299.54,5.93,N,2
35.6636,43.96517,367.0,0.39,0.59,2024-08-20,2341,N,VIIRS,h,2,302.63,8.54,N,2
35.66444,43.96273,341.39,0.39,0.59,2024-08-20,2341,N,VIIRS,n,2,299.7,5.93,N,2
35.67771,44.06674,310.21,0.39,0.6,2024-08-20,2341,N,VIIRS,n,2,298.53,2.45,N,2
35.68118,43.87525,320.54,0.39,0.59,2024-08-20,2341,N,VIIRS,n,2,297.63,2.1,N,2
35.68141,43.87726,347.28,0.39,0.59,2024-08-20,2341,N,VIIRS,n,2,297.73,10.28,N,2
35.68253,43.87307,350.45,0.39,0.59,2024-08-20,2341,N,VIIRS,n,2,298.09,15.72,N,2
35.68536,43.88147,312.7,0.39,0.59,2024-08-20,2341,N,VIIRS,n,2,298.02,8.12,N,2
35.68645,43.87727,367.0,0.39,0.59,2024-08-20,2341,N,VIIRS,h,2,307.31,15.71,N,2
35.68668,43.87927,353.91,0.39,0.59,2024-08-20,2341,N,VIIRS,n,2,299.39,10.28,N,2
35.68754,43.87305,313.07,0.39,0.59,2024-08-20,2341,N,VIIRS,n,2,298.02,15.71,N,2
35.6878,43.87508,367.0,0.39,0.59,2024-08-20,2341,N,VIIRS,h,2,302.99,15.72,N,2
35.72522,44.04205,353.49,0.39,0.6,2024-08-20,2341,N,VIIRS,n,2,301.15,7.59,N,2
35.72634,44.03777,317.55,0.39,0.6,2024-08-20,2341,N,VIIRS,n,2,299.45,4.23,N,2
35.72745,44.03358,317.55,0.39,0.59,2024-08-20,2341,N,VIIRS,n,2,299.67,4.23,N,2
35.72854,44.0294,309.56,0.39,0.59,2024-08-20,2341,N,VIIRS,n,2,298.36,3.22,N,2
35.77254,43.99487,331.93,0.39,0.59,2024-08-20,2341,N,VIIRS,n,2,300.44,3.93,N,2
35.77306,43.9972,317.77,0.39,0.59,2024-08-20,2341,N,VIIRS,n,2,299.4,2.24,N,2
35.77416,43.99307,313.48,0.39,0.59,2024-08-20,2341,N,VIIRS,n,2,299.44,2.24,N,2
35.78667,44.21078,309.14,0.4,0.6,2024-08-20,2341,N,VIIRS,n,2,294.78,0.87,N,0
35.83266,43.21964,317.75,0.35,0.57,2024-08-20,2341,N,VIIRS,n,2,298.24,2.54,N,2
35.84497,44.07842,316.04,0.39,0.59,2024-08-20,2341,N,VIIRS,n,2,295.77,1.43,N,0
35.92618,43.7885,313.37,0.38,0.58,2024-08-20,2341,N,VIIRS,n,2,297.57,2.6,N,2
35.95316,43.72827,322.14,0.37,0.58,2024-08-20,2341,N,VIIRS,n,2,297.38,2.31,N,2
35.9682,43.76719,318.49,0.37,0.58,2024-08-20,2341,N,VIIRS,n,2,299.75,3.21,N,2
35.96929,43.76304,310.0,0.37,0.58,2024-08-20,2341,N,VIIRS,n,2,299.33,4.72,N,2
35.97222,43.77369,315.93,0.37,0.58,2024-08-20,2341,N,VIIRS,n,2,299.58,3.21,N,2
35.9795,43.76778,321.77,0.37,0.58,2024-08-20,2341,N,VIIRS,n,2,299.77,3.59,N,2
35.99813,43.7622,310.11,0.37,0.58,2024-08-20,2341,N,VIIRS,n,2,297.71,2.05,N,2
36.01902,43.68205,335.91,0.37,0.58,2024-08-20,2341,N,VIIRS,n,2,299.28,3.54,N,2
36.08517,43.63941,307.89,0.37,0.58,2024-08-20,2341,N,VIIRS,n,2,295.77,1.0,N,0
36.09856,43.63162,322.28,0.37,0.58,2024-08-20,2341,N,VIIRS,n,2,295.13,1.73,N,0
36.10008,43.63179,321.71,0.37,0.58,2024-08-20,2341,N,VIIRS,n,2,296.16,1.45,N,0
36.12733,43.78301,315.24,0.37,0.58,2024-08-20,2341,N,VIIRS,n,2,297.73,2.0,N,2
36.14139,40.81699,317.41,0.52,0.5,2024-08-20,2341,N,VIIRS,n,2,297.46,2.35,N,2
36.1653,41.04705,307.41,0.53,0.5,2024-08-20,2341,N,VIIRS,n,2,296.49,0.58,N,0
36.2629,33.72823,318.17,0.4,0.37,2024-08-20,2341,N,VIIRS,n,2,297.84,2.22,N,2
36.34906,41.57202,309.03,0.56,0.52,2024-08-20,2341,N,VIIRS,n,2,294.72,1.28,N,0
36.43952,42.93105,308.5,0.33,0.55,2024-08-20,2341,N,VIIRS,n,2,298.06,1.79,N,2
36.45728,41.28116,306.73,0.54,0.51,2024-08-20,2341,N,VIIRS,n,2,295.37,1.4,N,2
36.86852,34.76089,311.67,0.41,0.37,2024-08-20,2341,N,VIIRS,n,2,297.45,1.35,N,2
36.91249,29.83436,297.55,0.42,0.37,2024-08-20,2341,N,VIIRS,n,2,286.44,0.49,N,0
36.93593,30.64604,330.03,0.4,0.37,2024-08-20,2341,N,VIIRS,n,2,297.1,3.51,N,2
36.96347,35.44822,311.51,0.43,0.38,2024-08-20,2341,N,VIIRS,n,2,296.02,2.03,N,2
37.25372,30.44279,310.2,0.41,0.37,2024-08-20,2341,N,VIIRS,n,2,294.0,1.21,N,2
37.77065,27.43867,306.45,0.52,0.42,2024-08-20,2341,N,VIIRS,n,2,294.67,1.88,N,2
37.81998,31.74405,298.05,0.39,0.36,2024-08-20,2341,N,VIIRS,n,2,287.78,0.91,N,0
37.82594,31.75,300.27,0.39,0.36,2024-08-20,2341,N,VIIRS,n,2,287.43,0.58,N,0
37.8279,31.73685,317.88,0.39,0.36,2024-08-20,2341,N,VIIRS,n,2,289.57,1.87,N,0
37.82856,31.73246,310.38,0.39,0.36,2024-08-20,2341,N,VIIRS,n,2,289.13,1.37,N,0
37.86139,29.36986,306.53,0.44,0.38,2024-08-20,2341,N,VIIRS,n,2,293.62,1.02,N,2
37.94043,32.53587,303.03,0.38,0.36,2024-08-20,2341,N,VIIRS,n,2,291.8,0.49,N,2
38.1368,30.88498,305.13,0.4,0.37,2024-08-20,2341,N,VIIRS,n,2,291.16,0.5,N,0
38.1408,30.88127,302.17,0.4,0.37,2024-08-20,2341,N,VIIRS,n,2,290.5,1.09,N,0
38.14609,30.86835,307.83,0.4,0.37,2024-08-20,2341,N,VIIRS,n,2,292.71,0.71,N,0
38.31846,26.76114,308.8,0.57,0.43,2024-08-20,2341,N,VIIRS,n,2,289.11,2.18,N,0
38.65818,30.61816,310.25,0.41,0.37,2024-08-20,2341,N,VIIRS,n,2,292.19,1.47,N,2
