latitude,longitude,bright_ti4,scan,track,acq_date,acq_time,satellite,instrument,confidence,version,bright_ti5,frp,daynight,type
40.75802,29.76258,302.21,0.4,0.44,2025-10-30,27,N,VIIRS,n,2,283.91,1.13,N,2
40.7814,29.60018,308.26,0.4,0.44,2025-10-30,27,N,VIIRS,n,2,286.16,1.4,N,2
41.02097,28.55541,307.62,0.53,0.42,2025-10-30,27,N,VIIRS,n,2,282.37,1.27,N,2
41.17559,32.63228,296.97,0.54,0.51,2025-10-30,27,N,VIIRS,n,2,280.21,1.18,N,2
41.17799,32.63326,295.59,0.54,0.51,2025-10-30,27,N,VIIRS,n,2,281.58,1.38,N,2
41.24082,36.46141,307.97,0.41,0.61,2025-10-30,27,N,VIIRS,n,2,278.31,0.88,N,2
41.25406,31.41109,308.41,0.47,0.48,2025-10-30,27,N,VIIRS,n,2,279.99,1.13,N,2
41.25431,31.41018,306.41,0.47,0.48,2025-10-30,27,N,VIIRS,n,2,279.81,1.15,N,2
41.26549,31.42186,302.89,0.47,0.48,2025-10-30,27,N,VIIRS,n,2,283.57,1.96,N,2
41.63176,27.68427,297.22,0.48,0.4,2025-10-30,27,N,VIIRS,n,2,280.57,0.82,N,2
41.79613,26.70293,296.54,0.44,0.38,2025-10-30,27,N,VIIRS,n,2,280.4,0.71,N,2
36.2627,33.72801,300.4,0.41,0.61,2025-10-30,28,N,VIIRS,n,2,288.34,0.61,N,2
36.70147,36.1978,300.31,0.53,0.67,2025-10-30,28,N,VIIRS,n,2,288.97,0.8,N,0
36.71878,36.1987,327.47,0.53,0.67,2025-10-30,28,N,VIIRS,n,2,289.3,2.81,N,2
36.7209,36.20046,326.37,0.53,0.67,2025-10-30,28,N,VIIRS,n,2,289.15,3.38,N,2
36.72899,36.20977,301.65,0.53,0.67,2025-10-30,28,N,VIIRS,n,2,289.18,1.8,N,2
36.73112,36.21162,304.32,0.53,0.67,2025-10-30,28,N,VIIRS,n,2,290.73,0.85,N,2
36.74601,36.19788,307.19,0.53,0.67,2025-10-30,28,N,VIIRS,n,2,288.29,1.66,N,2
36.74801,36.19978,309.22,0.53,0.67,2025-10-30,28,N,VIIRS,n,2,288.57,1.91,N,2
36.86829,34.75996,298.46,0.45,0.63,2025-10-30,28,N,VIIRS,n,2,288.35,1.02,N,2
37.01214,36.10315,299.0,0.52,0.67,2025-10-30,28,N,VIIRS,n,2,285.0,0.97,N,2
37.02391,36.10844,300.28,0.52,0.67,2025-10-30,28,N,VIIRS,n,2,286.31,0.91,N,2
37.25245,30.44133,300.32,0.52,0.5,2025-10-30,28,N,VIIRS,n,2,280.56,1.28,N,2
37.25281,30.44103,302.59,0.52,0.5,2025-10-30,28,N,VIIRS,n,2,281.02,0.82,N,2
37.2952,37.15763,297.03,0.58,0.69,2025-10-30,28,N,VIIRS,n,2,283.58,1.35,N,2
37.89832,30.48957,295.65,0.51,0.49,2025-10-30,28,N,VIIRS,n,2,278.23,1.63,N,2
38.42738,27.2187,304.78,0.52,0.41,2025-10-30,28,N,VIIRS,n,2,284.32,1.34,N,2
38.65911,30.61623,297.81,0.49,0.49,2025-10-30,28,N,VIIRS,n,2,276.96,1.55,N,2
38.66056,30.61749,298.35,0.49,0.49,2025-10-30,28,N,VIIRS,n,2,276.75,0.84,N,2
38.73899,26.94544,303.09,0.5,0.41,2025-10-30,28,N,VIIRS,n,2,286.71,1.74,N,2
38.74237,26.92861,313.04,0.5,0.41,2025-10-30,28,N,VIIRS,n,2,284.45,2.54,N,2
38.74266,26.94664,300.99,0.5,0.41,2025-10-30,28,N,VIIRS,n,2,284.18,0.67,N,2
38.75225,26.93781,321.62,0.5,0.41,2025-10-30,28,N,VIIRS,n,2,284.73,2.28,N,0
39.09222,27.51369,304.39,0.52,0.41,2025-10-30,28,N,VIIRS,n,2,280.83,1.02,N,2
39.11281,27.5216,296.97,0.52,0.41,2025-10-30,28,N,VIIRS,n,2,280.35,1.71,N,2
39.11456,27.52154,303.34,0.52,0.41,2025-10-30,28,N,VIIRS,n,2,281.14,1.43,N,2
39.4854,30.04193,304.2,0.44,0.46,2025-10-30,28,N,VIIRS,n,2,277.74,1.11,N,2
39.74477,26.40646,326.59,0.46,0.39,2025-10-30,28,N,VIIRS,n,2,278.72,2.14,N,0
39.83696,30.29996,298.68,0.45,0.47,2025-10-30,28,N,VIIRS,n,2,276.71,1.1,N,2
39.83844,30.30171,296.05,0.45,0.47,2025-10-30,28,N,VIIRS,n,2,276.58,0.99,N,2
39.8673,26.24266,316.03,0.45,0.39,2025-10-30,28,N,VIIRS,n,2,284.5,1.85,N,2
39.9001,28.87135,297.34,0.38,0.43,2025-10-30,28,N,VIIRS,n,2,277.9,0.8,N,0
35.52561,44.34559,347.25,0.39,0.36,2025-10-30,1008,N,VIIRS,n,2,313.4,9.09,D,2
35.52828,44.34063,342.83,0.39,0.36,2025-10-30,1008,N,VIIRS,n,2,312.14,7.03,D,2
35.53159,44.33989,346.35,0.39,0.36,2025-10-30,1008,N,VIIRS,n,2,312.32,7.03,D,2
35.53489,44.33915,336.67,0.39,0.36,2025-10-30,1008,N,VIIRS,n,2,309.72,4.26,D,2
35.5994,44.1543,339.88,0.38,0.36,2025-10-30,1008,N,VIIRS,n,2,307.83,3.55,D,0
35.63093,44.00802,344.79,0.38,0.36,2025-10-30,1008,N,VIIRS,n,2,307.41,21.33,D,2
35.66208,43.96598,343.62,0.38,0.36,2025-10-30,1008,N,VIIRS,n,2,314.09,7.74,D,2
35.72408,44.0409,345.66,0.38,0.36,2025-10-30,1008,N,VIIRS,n,2,311.23,6.75,D,2
35.73003,44.03517,335.99,0.38,0.36,2025-10-30,1008,N,VIIRS,n,2,310.44,2.56,D,2
35.81,36.08998,349.83,0.46,0.47,2025-10-30,1008,N,VIIRS,n,2,305.72,8.82,D,0
35.98079,43.76978,339.51,0.38,0.36,2025-10-30,1008,N,VIIRS,n,2,309.11,2.42,D,2
36.10962,43.78992,344.74,0.38,0.36,2025-10-30,1008,N,VIIRS,n,2,307.22,4.41,D,0
36.11026,43.79422,332.53,0.38,0.36,2025-10-30,1008,N,VIIRS,n,2,302.47,3.16,D,0
36.117,37.38197,330.55,0.39,0.44,2025-10-30,1008,N,VIIRS,n,2,302.42,1.83,D,0
36.14317,40.81732,336.57,0.42,0.38,2025-10-30,1008,N,VIIRS,n,2,305.62,1.73,D,2
36.1437,40.81475,335.03,0.42,0.38,2025-10-30,1008,N,VIIRS,n,2,304.73,2.28,D,2
36.19505,43.48488,342.91,0.38,0.36,2025-10-30,1008,N,VIIRS,n,2,307.81,2.65,D,0
36.29325,43.97277,335.99,0.38,0.36,2025-10-30,1008,N,VIIRS,n,2,309.22,1.66,D,0
36.30078,42.23395,344.94,0.39,0.36,2025-10-30,1008,N,VIIRS,n,2,306.63,6.35,D,0
36.42287,36.3703,342.24,0.43,0.46,2025-10-30,1008,N,VIIRS,n,2,306.69,3.3,D,0
36.60947,38.88396,333.59,0.49,0.4,2025-10-30,1008,N,VIIRS,n,2,303.24,3.04,D,0
36.70667,39.39178,334.9,0.47,0.4,2025-10-30,1008,N,VIIRS,n,2,302.24,3.05,D,0
36.76371,38.64922,335.46,0.5,0.41,2025-10-30,1008,N,VIIRS,n,2,303.07,8.16,D,0
36.77498,43.32626,347.79,0.38,0.36,2025-10-30,1008,N,VIIRS,n,2,311.63,6.09,D,2
36.82859,39.04165,336.83,0.48,0.4,2025-10-30,1008,N,VIIRS,n,2,302.18,14.14,D,0
36.90209,39.12615,333.86,0.48,0.4,2025-10-30,1008,N,VIIRS,n,2,299.72,3.94,D,0
36.92231,40.20333,349.49,0.43,0.38,2025-10-30,1008,N,VIIRS,n,2,305.49,12.13,D,0
36.9402,42.17103,336.54,0.39,0.36,2025-10-30,1008,N,VIIRS,n,2,310.34,2.04,D,2
36.94393,40.1618,351.83,0.44,0.38,2025-10-30,1008,N,VIIRS,n,2,311.01,26.17,D,0
36.94773,42.13281,341.09,0.39,0.36,2025-10-30,1008,N,VIIRS,n,2,311.66,3.01,D,2
36.98389,40.16079,336.21,0.44,0.38,2025-10-30,1008,N,VIIRS,n,2,301.94,3.83,D,0
37.0826,39.46489,343.62,0.46,0.39,2025-10-30,1008,N,VIIRS,n,2,304.94,3.43,D,0
37.23581,39.03526,332.0,0.47,0.4,2025-10-30,1008,N,VIIRS,n,2,301.19,3.4,D,0
37.25065,44.42771,344.33,0.39,0.36,2025-10-30,1008,N,VIIRS,n,2,301.81,7.38,D,0
37.29596,41.37946,339.22,0.4,0.37,2025-10-30,1008,N,VIIRS,n,2,302.07,2.2,D,0
37.29672,41.38397,335.0,0.4,0.37,2025-10-30,1008,N,VIIRS,n,2,300.71,2.06,D,0
37.29967,39.30863,333.29,0.46,0.39,2025-10-30,1008,N,VIIRS,n,2,302.59,3.07,D,0
37.3417,40.80581,337.32,0.41,0.37,2025-10-30,1008,N,VIIRS,n,2,302.13,3.46,D,0
37.50175,40.32081,336.89,0.43,0.38,2025-10-30,1008,N,VIIRS,n,2,297.36,4.25,D,0
37.53215,41.30047,352.29,0.4,0.37,2025-10-30,1008,N,VIIRS,n,2,302.61,6.95,D,0
37.54914,41.132,341.72,0.41,0.37,2025-10-30,1008,N,VIIRS,n,2,300.46,3.42,D,0
37.59809,41.37782,336.96,0.4,0.37,2025-10-30,1008,N,VIIRS,n,2,303.59,1.69,D,0
37.67675,39.89834,348.73,0.44,0.38,2025-10-30,1008,N,VIIRS,n,2,302.57,12.52,D,0
37.73457,40.17816,335.81,0.43,0.38,2025-10-30,1008,N,VIIRS,n,2,304.18,5.36,D,0
37.73543,40.18293,332.73,0.43,0.38,2025-10-30,1008,N,VIIRS,n,2,302.7,5.36,D,0
37.74059,40.17142,342.52,0.43,0.38,2025-10-30,1008,N,VIIRS,n,2,298.89,2.08,D,0
37.92634,41.76823,341.48,0.39,0.36,2025-10-30,1008,N,VIIRS,n,2,304.56,1.78,D,0
37.9345,41.73363,341.38,0.39,0.36,2025-10-30,1008,N,VIIRS,n,2,303.05,2.48,D,0
37.95089,41.75848,333.9,0.39,0.36,2025-10-30,1008,N,VIIRS,n,2,302.51,3.04,D,0
36.97832,35.77909,345.41,0.45,0.47,2025-10-30,1009,N,VIIRS,n,2,305.71,4.0,D,0
37.05607,35.00101,340.41,0.49,0.49,2025-10-30,1009,N,VIIRS,n,2,306.71,4.42,D,0
37.05872,35.00278,341.77,0.49,0.49,2025-10-30,1009,N,VIIRS,n,2,308.22,5.34,D,0
37.24412,37.02014,341.46,0.39,0.44,2025-10-30,1009,N,VIIRS,n,2,306.45,5.01,D,0
37.245,37.02433,335.02,0.39,0.44,2025-10-30,1009,N,VIIRS,n,2,305.12,5.01,D,0
37.27481,37.0872,346.91,0.38,0.43,2025-10-30,1009,N,VIIRS,n,2,308.92,3.6,D,0
37.39423,35.92498,339.72,0.43,0.46,2025-10-30,1009,N,VIIRS,n,2,306.14,4.07,D,0
37.41563,37.00721,334.15,0.38,0.44,2025-10-30,1009,N,VIIRS,n,2,306.18,1.24,D,0
37.5055,37.03699,331.22,0.57,0.43,2025-10-30,1009,N,VIIRS,n,2,299.99,3.41,D,0
37.50695,37.03483,333.97,0.57,0.43,2025-10-30,1009,N,VIIRS,n,2,302.42,2.76,D,0
37.68281,38.77964,337.33,0.48,0.4,2025-10-30,1009,N,VIIRS,n,2,311.83,11.34,D,0
37.68383,38.78494,335.2,0.48,0.4,2025-10-30,1009,N,VIIRS,n,2,309.23,8.36,D,0
37.68804,39.40682,335.02,0.45,0.39,2025-10-30,1009,N,VIIRS,n,2,300.06,4.33,D,0
37.69684,39.33418,341.19,0.46,0.39,2025-10-30,1009,N,VIIRS,n,2,301.01,2.73,D,0
37.91594,40.27083,338.23,0.42,0.38,2025-10-30,1009,N,VIIRS,n,2,301.05,1.3,D,0
37.97815,29.47007,336.84,0.45,0.63,2025-10-30,1009,N,VIIRS,n,2,299.17,2.49,D,0
38.03214,40.10948,330.46,0.43,0.38,2025-10-30,1009,N,VIIRS,n,2,301.99,2.37,D,0
38.07504,40.08706,335.7,0.43,0.38,2025-10-30,1009,N,VIIRS,n,2,301.21,4.68,D,0
38.09017,39.98359,340.57,0.43,0.38,2025-10-30,1009,N,VIIRS,n,2,301.41,4.77,D,0
38.13076,40.04802,328.86,0.43,0.38,2025-10-30,1009,N,VIIRS,n,2,301.0,1.78,D,0
38.14619,40.01321,344.63,0.43,0.38,2025-10-30,1009,N,VIIRS,n,2,299.57,4.01,D,0
38.15738,40.01515,341.59,0.43,0.38,2025-10-30,1009,N,VIIRS,n,2,298.52,2.05,D,0
38.1839,40.97385,337.46,0.4,0.37,2025-10-30,1009,N,VIIRS,n,2,297.86,2.65,D,0
38.18399,41.41142,335.95,0.4,0.37,2025-10-30,1009,N,VIIRS,n,2,301.88,0.93,D,0
38.18538,39.56658,336.72,0.44,0.38,2025-10-30,1009,N,VIIRS,n,2,301.36,1.9,D,0
38.33226,40.5688,339.42,0.41,0.37,2025-10-30,1009,N,VIIRS,n,2,299.34,2.79,D,0
38.35127,34.76519,331.78,0.47,0.48,2025-10-30,1009,N,VIIRS,n,2,299.44,6.59,D,0
38.37079,36.96084,326.41,0.56,0.43,2025-10-30,1009,N,VIIRS,n,2,299.68,2.65,D,0
38.41774,32.32632,342.44,0.63,0.54,2025-10-30,1009,N,VIIRS,n,2,300.07,13.14,D,0
38.41796,32.32537,340.92,0.63,0.54,2025-10-30,1009,N,VIIRS,n,2,299.18,19.43,D,0
38.6072,39.73748,339.56,0.43,0.38,2025-10-30,1009,N,VIIRS,n,2,300.26,3.25,D,0
38.65934,39.86553,348.41,0.43,0.38,2025-10-30,1009,N,VIIRS,n,2,295.48,3.75,D,0
38.67558,39.81511,350.79,0.43,0.38,2025-10-30,1009,N,VIIRS,n,2,299.72,6.94,D,0
38.70641,39.79877,347.3,0.43,0.38,2025-10-30,1009,N,VIIRS,n,2,295.63,3.57,D,0
38.79072,39.86572,355.14,0.42,0.38,2025-10-30,1009,N,VIIRS,n,2,299.2,6.39,D,0
38.79157,39.87048,336.18,0.42,0.38,2025-10-30,1009,N,VIIRS,n,2,296.28,6.39,D,0
38.82133,40.68629,338.03,0.41,0.37,2025-10-30,1009,N,VIIRS,n,2,293.19,2.07,D,0
38.82212,40.69091,339.45,0.4,0.37,2025-10-30,1009,N,VIIRS,n,2,293.13,2.07,D,0
38.82804,40.68438,344.72,0.41,0.37,2025-10-30,1009,N,VIIRS,n,2,294.19,6.52,D,0
38.82962,40.69366,347.77,0.4,0.37,2025-10-30,1009,N,VIIRS,n,2,296.28,6.12,D,0
38.91278,40.74527,346.57,0.4,0.37,2025-10-30,1009,N,VIIRS,n,2,295.14,7.38,D,0
39.27392,40.36758,336.74,0.41,0.37,2025-10-30,1009,N,VIIRS,n,2,288.33,2.57,D,0
39.86853,37.80143,337.05,0.48,0.4,2025-10-30,1009,N,VIIRS,n,2,291.43,3.81,D,0
40.04643,41.20496,335.05,0.39,0.36,2025-10-30,1009,N,VIIRS,n,2,288.61,1.76,D,0
40.92653,42.65865,330.78,0.39,0.36,2025-10-30,1009,N,VIIRS,n,2,288.88,1.92,D,0
41.24092,36.46461,337.78,0.52,0.41,2025-10-30,1010,N,VIIRS,n,2,298.07,11.6,D,2
41.24296,36.46574,345.12,0.52,0.41,2025-10-30,1010,N,VIIRS,n,2,296.68,10.94,D,2
37.6858,27.36498,339.96,0.58,0.52,2025-10-30,1150,N,VIIRS,n,2,300.31,8.2,D,0
37.9562,29.49188,337.74,0.38,0.59,2025-10-30,1150,N,VIIRS,n,2,300.98,2.88,D,0
38.02293,29.497,349.76,0.38,0.59,2025-10-30,1150,N,VIIRS,n,2,301.97,5.11,D,0
38.02842,29.49656,335.35,0.38,0.59,2025-10-30,1150,N,VIIRS,n,2,299.65,2.59,D,0
39.08581,27.00998,334.34,0.57,0.52,2025-10-30,1150,N,VIIRS,n,2,293.58,3.06,D,0
41.2407,36.45704,296.84,0.63,0.72,2025-10-30,2227,N,VIIRS,n,2,280.64,2.2,N,0
42.1223,43.01117,295.21,0.59,0.53,2025-10-30,2227,N,VIIRS,n,2,277.68,1.02,N,2
37.13825,42.78924,298.19,0.54,0.51,2025-10-30,2228,N,VIIRS,n,2,284.06,0.67,N,2
37.81717,38.46223,308.49,0.47,0.64,2025-10-30,2228,N,VIIRS,n,2,280.15,1.08,N,0
37.82104,38.46098,319.65,0.47,0.64,2025-10-30,2228,N,VIIRS,n,2,279.62,1.89,N,0
37.8232,38.46174,298.18,0.47,0.64,2025-10-30,2228,N,VIIRS,n,2,278.19,0.46,N,0
38.45549,38.72674,295.61,0.46,0.64,2025-10-30,2228,N,VIIRS,n,2,281.35,0.65,N,2
35.51276,44.37646,296.92,0.42,0.45,2025-10-30,2229,N,VIIRS,n,2,286.83,0.54,N,2
35.51285,44.37439,300.34,0.42,0.45,2025-10-30,2229,N,VIIRS,n,2,286.72,0.54,N,2
35.52441,44.34449,337.83,0.42,0.46,2025-10-30,2229,N,VIIRS,n,2,286.6,3.23,N,2
35.52488,44.33971,301.99,0.42,0.46,2025-10-30,2229,N,VIIRS,n,2,286.21,5.92,N,2
35.52861,44.34519,337.65,0.42,0.46,2025-10-30,2229,N,VIIRS,n,2,286.65,3.23,N,2
35.52909,44.3404,352.8,0.42,0.46,2025-10-30,2229,N,VIIRS,n,2,290.08,5.92,N,2
35.52956,44.33563,307.97,0.42,0.46,2025-10-30,2229,N,VIIRS,n,2,288.22,5.92,N,2
35.53329,44.3411,337.63,0.42,0.46,2025-10-30,2229,N,VIIRS,n,2,286.99,3.99,N,2
35.53376,44.33634,340.58,0.42,0.46,2025-10-30,2229,N,VIIRS,n,2,288.8,3.99,N,2
35.62672,44.0056,304.8,0.44,0.46,2025-10-30,2229,N,VIIRS,n,2,285.63,8.05,N,2
35.63053,44.01116,333.3,0.44,0.46,2025-10-30,2229,N,VIIRS,n,2,288.08,8.05,N,2
35.63103,44.00618,338.51,0.44,0.46,2025-10-30,2229,N,VIIRS,n,2,294.25,8.05,N,2
35.66125,43.96564,337.32,0.45,0.47,2025-10-30,2229,N,VIIRS,n,2,288.56,5.73,N,2
35.66241,43.96698,311.64,0.45,0.47,2025-10-30,2229,N,VIIRS,n,2,286.82,1.97,N,2
35.66288,43.96202,332.8,0.45,0.47,2025-10-30,2229,N,VIIRS,n,2,288.0,3.54,N,2
35.6793,44.06469,308.24,0.44,0.46,2025-10-30,2229,N,VIIRS,n,2,286.79,1.55,N,2
35.68431,43.87361,340.6,0.45,0.47,2025-10-30,2229,N,VIIRS,n,2,296.45,29.29,N,2
35.68816,43.8793,318.73,0.45,0.47,2025-10-30,2229,N,VIIRS,n,2,286.05,36.24,N,2
35.68864,43.87428,339.49,0.45,0.47,2025-10-30,2229,N,VIIRS,n,2,288.58,29.29,N,2
35.72501,44.04227,332.21,0.44,0.46,2025-10-30,2229,N,VIIRS,n,2,289.21,2.74,N,2
35.72549,44.03732,314.65,0.44,0.46,2025-10-30,2229,N,VIIRS,n,2,287.57,2.74,N,2
35.73027,44.03308,330.9,0.44,0.46,2025-10-30,2229,N,VIIRS,n,2,289.4,3.47,N,2
35.77068,43.99576,316.66,0.45,0.47,2025-10-30,2229,N,VIIRS,n,2,289.25,2.63,N,2
35.77497,43.99651,334.03,0.45,0.47,2025-10-30,2229,N,VIIRS,n,2,291.91,2.63,N,2
35.95467,43.72961,308.33,0.46,0.47,2025-10-30,2229,N,VIIRS,n,2,287.01,1.45,N,2
35.96482,43.763,299.02,0.46,0.47,2025-10-30,2229,N,VIIRS,n,2,287.37,1.19,N,2
35.96873,43.76854,317.05,0.46,0.47,2025-10-30,2229,N,VIIRS,n,2,290.15,5.04,N,2
35.96922,43.76347,367.0,0.46,0.47,2025-10-30,2229,N,VIIRS,h,2,295.37,19.17,N,2
35.98189,43.77007,316.61,0.46,0.47,2025-10-30,2229,N,VIIRS,n,2,288.36,1.57,N,2
36.00042,43.76205,308.57,0.46,0.47,2025-10-30,2229,N,VIIRS,n,2,284.48,0.82,N,2
36.00068,43.75975,305.96,0.46,0.47,2025-10-30,2229,N,VIIRS,n,2,284.65,1.5,N,2
36.01657,43.68269,298.58,0.47,0.47,2025-10-30,2229,N,VIIRS,n,2,283.84,0.74,N,2
36.02096,43.68336,302.29,0.47,0.47,2025-10-30,2229,N,VIIRS,n,2,286.23,0.81,N,2
36.08316,43.63845,308.82,0.47,0.48,2025-10-30,2229,N,VIIRS,n,2,283.07,0.78,N,0
36.09166,43.97178,307.06,0.45,0.47,2025-10-30,2229,N,VIIRS,n,2,287.24,1.23,N,0
36.10892,40.80648,296.44,0.34,0.56,2025-10-30,2229,N,VIIRS,n,2,281.85,0.32,N,0
36.12713,43.77867,297.98,0.46,0.47,2025-10-30,2229,N,VIIRS,n,2,285.06,1.0,N,2
36.1297,40.80878,310.88,0.34,0.56,2025-10-30,2229,N,VIIRS,n,2,279.8,0.92,N,2
36.1371,41.08818,305.78,0.32,0.55,2025-10-30,2229,N,VIIRS,n,2,281.7,0.58,N,0
36.14,40.81531,295.95,0.34,0.56,2025-10-30,2229,N,VIIRS,n,2,280.09,0.93,N,2
36.1452,40.81577,326.9,0.34,0.56,2025-10-30,2229,N,VIIRS,n,2,280.35,0.93,N,2
36.14546,40.81191,298.35,0.34,0.56,2025-10-30,2229,N,VIIRS,n,2,278.77,0.93,N,2
36.45915,42.66785,295.4,0.54,0.5,2025-10-30,2229,N,VIIRS,n,2,282.99,0.75,N,2
36.69352,44.07042,298.03,0.45,0.47,2025-10-30,2229,N,VIIRS,n,2,285.91,0.44,N,0
36.71763,36.20007,302.43,0.61,0.71,2025-10-30,2229,N,VIIRS,n,2,287.71,1.99,N,2
36.73078,36.20796,309.89,0.61,0.71,2025-10-30,2229,N,VIIRS,n,2,290.75,1.34,N,2
36.73746,36.20842,308.27,0.61,0.71,2025-10-30,2229,N,VIIRS,n,2,291.23,1.34,N,2
36.74025,36.20515,305.88,0.61,0.71,2025-10-30,2229,N,VIIRS,n,2,291.18,2.61,N,2
36.74731,43.4959,301.6,0.49,0.48,2025-10-30,2229,N,VIIRS,n,2,285.18,1.38,N,2
36.77665,43.32339,343.37,0.5,0.49,2025-10-30,2229,N,VIIRS,n,2,291.17,8.92,N,2
36.77698,43.3239,350.68,0.5,0.49,2025-10-30,2229,N,VIIRS,n,2,290.85,8.7,N,2
36.8669,43.51674,309.27,0.49,0.48,2025-10-30,2229,N,VIIRS,n,2,284.22,0.98,N,0
36.86755,43.48832,325.53,0.49,0.48,2025-10-30,2229,N,VIIRS,n,2,284.42,3.14,N,2
36.8686,34.75828,305.39,0.73,0.76,2025-10-30,2229,N,VIIRS,n,2,287.87,1.85,N,2
36.86917,43.52027,295.57,0.49,0.48,2025-10-30,2229,N,VIIRS,n,2,284.24,0.73,N,0
36.86928,43.4888,328.6,0.49,0.48,2025-10-30,2229,N,VIIRS,n,2,285.53,2.13,N,2
36.87217,43.48766,303.12,0.49,0.48,2025-10-30,2229,N,VIIRS,n,2,284.85,1.05,N,2
36.87318,34.75733,299.38,0.73,0.76,2025-10-30,2229,N,VIIRS,n,2,287.06,1.94,N,0
36.89271,43.4281,330.3,0.49,0.49,2025-10-30,2229,N,VIIRS,n,2,283.08,3.52,N,2
36.90555,43.38495,316.78,0.5,0.49,2025-10-30,2229,N,VIIRS,n,2,282.27,2.37,N,2
36.91008,43.38543,311.54,0.5,0.49,2025-10-30,2229,N,VIIRS,n,2,282.0,2.37,N,2
36.93485,42.13011,301.8,0.58,0.52,2025-10-30,2229,N,VIIRS,n,2,281.36,1.27,N,2
36.94152,42.17054,308.68,0.58,0.52,2025-10-30,2229,N,VIIRS,n,2,282.17,1.95,N,2
36.94456,42.13137,297.1,0.58,0.52,2025-10-30,2229,N,VIIRS,n,2,282.17,2.3,N,2
36.94943,42.13194,325.05,0.58,0.52,2025-10-30,2229,N,VIIRS,n,2,284.74,3.31,N,2
36.96335,42.07941,304.1,0.58,0.52,2025-10-30,2229,N,VIIRS,n,2,281.51,0.81,N,2
36.99766,41.56013,295.11,0.62,0.54,2025-10-30,2229,N,VIIRS,n,2,279.16,0.58,N,2
37.01112,41.58355,295.99,0.62,0.54,2025-10-30,2229,N,VIIRS,n,2,279.3,1.09,N,0
37.01663,36.09918,305.13,0.62,0.72,2025-10-30,2229,N,VIIRS,n,2,285.98,2.44,N,2
37.07914,42.55688,301.17,0.55,0.51,2025-10-30,2229,N,VIIRS,n,2,287.61,1.36,N,2
37.27546,38.72975,299.0,0.45,0.63,2025-10-30,2229,N,VIIRS,n,2,279.27,0.74,N,2
40.76427,32.218,295.48,0.48,0.4,2025-10-31,8,N,VIIRS,n,2,273.23,0.91,N,2
40.94535,31.39518,297.32,0.45,0.39,2025-10-31,8,N,VIIRS,n,2,279.42,0.8,N,2
41.02596,36.10051,295.08,0.47,0.48,2025-10-31,8,N,VIIRS,n,2,277.97,0.56,N,2
41.02633,36.09975,296.7,0.47,0.48,2025-10-31,8,N,VIIRS,n,2,278.52,1.01,N,2
41.18597,32.63447,295.3,0.49,0.41,2025-10-31,8,N,VIIRS,n,2,280.55,1.2,N,2
41.24236,36.46428,313.57,0.49,0.48,2025-10-31,8,N,VIIRS,n,2,281.52,2.95,N,2
41.2538,31.41112,304.42,0.45,0.39,2025-10-31,8,N,VIIRS,n,2,281.02,0.89,N,2
41.25473,31.4148,318.05,0.45,0.39,2025-10-31,8,N,VIIRS,n,2,282.33,0.95,N,2
41.25728,31.4123,300.34,0.45,0.39,2025-10-31,8,N,VIIRS,n,2,281.29,0.89,N,2
41.26224,31.4251,303.68,0.45,0.39,2025-10-31,8,N,VIIRS,n,2,286.05,1.59,N,2
41.26573,31.42627,310.91,0.45,0.39,2025-10-31,8,N,VIIRS,n,2,287.03,1.22,N,2
41.26674,31.42104,298.07,0.45,0.39,2025-10-31,8,N,VIIRS,n,2,284.2,1.48,N,2
41.7985,26.70153,298.6,0.39,0.36,2025-10-31,8,N,VIIRS,n,2,281.6,0.66,N,2
35.96403,43.77012,330.6,0.78,0.78,2025-10-31,9,N,VIIRS,n,2,285.55,7.11,N,2
35.96685,43.76147,339.69,0.77,0.78,2025-10-31,9,N,VIIRS,n,2,287.23,7.11,N,2
35.96719,43.77512,298.2,0.78,0.78,2025-10-31,9,N,VIIRS,n,2,284.23,5.74,N,0
35.96998,43.76643,367.0,0.78,0.78,2025-10-31,9,N,VIIRS,h,2,289.81,10.49,N,2
35.97278,43.75769,300.59,0.77,0.78,2025-10-31,9,N,VIIRS,n,2,285.29,10.49,N,0
35.97338,43.76562,339.96,0.77,0.78,2025-10-31,9,N,VIIRS,n,2,287.55,4.18,N,2
35.97994,43.76964,305.11,0.77,0.78,2025-10-31,9,N,VIIRS,n,2,284.83,4.18,N,2
35.98588,43.76586,296.1,0.77,0.78,2025-10-31,9,N,VIIRS,n,2,283.26,1.15,N,0
35.99878,43.76014,298.31,0.77,0.78,2025-10-31,9,N,VIIRS,n,2,283.09,1.1,N,2
36.08421,43.64116,295.07,0.76,0.77,2025-10-31,9,N,VIIRS,n,2,281.19,0.85,N,0
36.09852,43.63055,296.21,0.76,0.77,2025-10-31,9,N,VIIRS,n,2,280.56,0.59,N,0
36.14188,40.81684,330.64,0.54,0.68,2025-10-31,9,N,VIIRS,n,2,278.82,2.05,N,2
36.71774,36.20232,326.25,0.6,0.53,2025-10-31,9,N,VIIRS,n,2,288.39,4.53,N,2
36.73199,36.20786,303.27,0.6,0.53,2025-10-31,9,N,VIIRS,n,2,290.8,1.28,N,2
36.74772,43.49558,295.82,0.71,0.75,2025-10-31,9,N,VIIRS,n,2,283.37,1.46,N,2
36.7729,43.31966,296.96,0.7,0.75,2025-10-31,9,N,VIIRS,n,2,284.42,3.95,N,2
36.77359,43.31721,296.4,0.7,0.75,2025-10-31,9,N,VIIRS,n,2,284.41,1.81,N,2
36.77806,43.32683,309.75,0.7,0.75,2025-10-31,9,N,VIIRS,n,2,285.56,3.76,N,2
36.77993,43.32131,340.14,0.7,0.75,2025-10-31,9,N,VIIRS,n,2,288.64,3.95,N,2
36.78045,43.31942,330.9,0.7,0.75,2025-10-31,9,N,VIIRS,n,2,287.62,6.59,N,2
36.86672,43.51933,303.29,0.71,0.75,2025-10-31,9,N,VIIRS,n,2,283.92,1.25,N,0
36.86787,43.49203,295.5,0.71,0.75,2025-10-31,9,N,VIIRS,n,2,283.06,1.79,N,2
36.87,43.48541,307.86,0.71,0.75,2025-10-31,9,N,VIIRS,n,2,283.8,2.67,N,2
36.87031,43.4896,323.14,0.71,0.75,2025-10-31,9,N,VIIRS,n,2,284.71,3.04,N,2
36.87064,34.7623,306.72,0.5,0.49,2025-10-31,9,N,VIIRS,n,2,289.71,1.24,N,2
36.88717,43.43191,295.5,0.71,0.75,2025-10-31,9,N,VIIRS,n,2,281.87,2.09,N,0
36.8901,43.42668,310.78,0.71,0.75,2025-10-31,9,N,VIIRS,n,2,281.46,1.83,N,2
36.89379,43.43494,308.04,0.71,0.75,2025-10-31,9,N,VIIRS,n,2,281.58,2.09,N,2
36.90656,43.39502,311.87,0.7,0.75,2025-10-31,9,N,VIIRS,n,2,281.49,1.66,N,2
36.93536,42.13301,309.7,0.6,0.71,2025-10-31,9,N,VIIRS,n,2,281.42,2.59,N,2
36.9358,42.13379,306.72,0.6,0.71,2025-10-31,9,N,VIIRS,n,2,281.16,1.43,N,2
36.9378,42.12716,299.04,0.6,0.71,2025-10-31,9,N,VIIRS,n,2,281.42,2.44,N,2
36.94362,42.1293,299.67,0.6,0.71,2025-10-31,9,N,VIIRS,n,2,281.98,1.36,N,2
36.94402,42.13007,299.1,0.6,0.71,2025-10-31,9,N,VIIRS,n,2,281.83,1.51,N,2
36.94566,42.16898,298.61,0.61,0.71,2025-10-31,9,N,VIIRS,n,2,280.64,0.93,N,2
36.9498,42.13234,319.52,0.6,0.71,2025-10-31,9,N,VIIRS,n,2,283.55,1.36,N,2
36.95019,42.13316,311.03,0.6,0.71,2025-10-31,9,N,VIIRS,n,2,282.46,1.51,N,2
36.96566,42.08072,306.41,0.6,0.71,2025-10-31,9,N,VIIRS,n,2,280.56,1.28,N,2
36.96579,42.0813,319.9,0.6,0.71,2025-10-31,9,N,VIIRS,n,2,280.49,2.46,N,2
37.01141,41.58105,297.17,0.56,0.69,2025-10-31,9,N,VIIRS,n,2,278.9,0.85,N,0
37.01316,36.10806,295.94,0.59,0.53,2025-10-31,9,N,VIIRS,n,2,285.64,0.89,N,0
37.01459,36.1088,301.78,0.59,0.53,2025-10-31,9,N,VIIRS,n,2,286.3,1.45,N,0
37.01482,36.10142,298.01,0.59,0.53,2025-10-31,9,N,VIIRS,n,2,285.79,0.89,N,2
37.01621,36.10213,296.53,0.59,0.53,2025-10-31,9,N,VIIRS,n,2,285.24,1.39,N,2
37.29525,37.15759,311.38,0.33,0.55,2025-10-31,9,N,VIIRS,n,2,285.51,1.46,N,2
37.35079,37.16313,299.99,0.33,0.55,2025-10-31,9,N,VIIRS,n,2,283.78,1.05,N,2
37.86373,29.37423,301.21,0.42,0.38,2025-10-31,9,N,VIIRS,n,2,283.98,1.51,N,0
37.89997,30.49145,299.43,0.46,0.39,2025-10-31,9,N,VIIRS,n,2,278.94,0.85,N,2
38.42675,27.21516,312.21,0.39,0.36,2025-10-31,9,N,VIIRS,n,2,285.98,1.27,N,2
38.45477,38.72411,299.28,0.37,0.58,2025-10-31,9,N,VIIRS,n,2,279.79,1.19,N,2
38.45738,38.72594,296.78,0.37,0.58,2025-10-31,9,N,VIIRS,n,2,280.98,0.94,N,2
38.65873,30.61866,301.05,0.45,0.39,2025-10-31,9,N,VIIRS,n,2,279.69,0.97,N,2
38.66319,39.23231,300.35,0.39,0.59,2025-10-31,9,N,VIIRS,n,2,277.66,0.6,N,2
38.66381,39.23439,296.5,0.39,0.59,2025-10-31,9,N,VIIRS,n,2,277.4,1.02,N,2
38.73299,26.96272,298.39,0.38,0.36,2025-10-31,9,N,VIIRS,n,2,283.11,0.85,N,2
38.73788,26.93201,304.17,0.38,0.36,2025-10-31,9,N,VIIRS,n,2,285.67,0.92,N,2
38.73907,26.94603,301.38,0.38,0.36,2025-10-31,9,N,VIIRS,n,2,288.34,0.98,N,2
38.74166,26.95127,309.22,0.38,0.36,2025-10-31,9,N,VIIRS,n,2,286.11,0.98,N,2
38.75103,26.93542,301.42,0.38,0.36,2025-10-31,9,N,VIIRS,n,2,283.29,0.55,N,0
38.79194,26.92999,310.22,0.38,0.36,2025-10-31,9,N,VIIRS,n,2,286.19,0.58,N,0
39.09349,27.51291,300.33,0.39,0.36,2025-10-31,9,N,VIIRS,n,2,274.28,1.41,N,2
39.10186,27.51741,295.88,0.39,0.36,2025-10-31,9,N,VIIRS,n,2,272.44,0.44,N,0
39.11504,27.52091,295.17,0.39,0.36,2025-10-31,9,N,VIIRS,n,2,269.16,0.77,N,2
39.48363,30.04246,309.55,0.43,0.38,2025-10-31,9,N,VIIRS,n,2,277.53,1.62,N,2
39.86542,26.24319,329.12,0.39,0.36,2025-10-31,9,N,VIIRS,n,2,287.42,3.16,N,2
39.90123,28.87242,309.4,0.4,0.37,2025-10-31,9,N,VIIRS,n,2,277.28,1.69,N,0
39.9451,33.18964,301.57,0.55,0.43,2025-10-31,9,N,VIIRS,n,2,278.35,1.26,N,2
40.185,29.22624,295.38,0.4,0.37,2025-10-31,9,N,VIIRS,n,2,281.04,0.51,N,2
40.24381,29.92477,296.72,0.41,0.37,2025-10-31,9,N,VIIRS,n,2,280.22,0.57,N,2
40.26159,30.04347,298.87,0.42,0.37,2025-10-31,9,N,VIIRS,n,2,281.48,0.63,N,2
40.75797,29.7606,300.12,0.41,0.37,2025-10-31,9,N,VIIRS,n,2,283.24,0.72,N,2
40.78242,29.60271,305.42,0.4,0.37,2025-10-31,9,N,VIIRS,n,2,285.7,1.06,N,2
41.01992,28.5547,316.88,0.39,0.36,2025-10-31,9,N,VIIRS,n,2,283.66,1.42,N,2
41.02321,28.55566,297.32,0.39,0.36,2025-10-31,9,N,VIIRS,n,2,282.24,0.44,N,2
36.26339,33.72762,312.27,0.46,0.47,2025-10-31,10,N,VIIRS,n,2,289.87,1.97,N,2
37.25442,30.44375,302.83,0.47,0.4,2025-10-31,10,N,VIIRS,n,2,280.87,1.33,N,2
37.77096,27.43822,298.31,0.39,0.36,2025-10-31,10,N,VIIRS,n,2,287.22,0.58,N,2
35.53223,44.33924,346.07,0.48,0.4,2025-10-31,949,N,VIIRS,n,2,311.26,8.06,D,2
35.57505,43.74933,334.67,0.5,0.41,2025-10-31,949,N,VIIRS,n,2,307.0,2.67,D,0
35.57876,43.74825,344.1,0.5,0.41,2025-10-31,949,N,VIIRS,n,2,308.33,2.67,D,0
35.63633,43.48163,337.51,0.52,0.41,2025-10-31,949,N,VIIRS,n,2,308.92,9.4,D,0
35.72512,44.04097,340.16,0.49,0.4,2025-10-31,949,N,VIIRS,n,2,312.89,4.43,D,2
35.77253,43.99702,343.48,0.49,0.4,2025-10-31,949,N,VIIRS,n,2,313.21,4.13,D,2
35.96999,43.76481,341.02,0.5,0.41,2025-10-31,949,N,VIIRS,n,2,310.07,3.97,D,2
36.14394,40.81767,343.21,0.45,0.47,2025-10-31,949,N,VIIRS,n,2,306.28,3.4,D,2
36.14932,38.91581,334.87,0.57,0.52,2025-10-31,949,N,VIIRS,n,2,301.53,4.05,D,0
36.15501,37.83681,367.0,0.33,0.55,2025-10-31,949,N,VIIRS,h,2,306.03,4.34,D,0
36.15623,37.83544,336.8,0.33,0.55,2025-10-31,949,N,VIIRS,n,2,302.41,3.68,D,0
36.17109,37.77232,335.89,0.33,0.55,2025-10-31,949,N,VIIRS,n,2,302.5,1.77,D,0
36.20538,37.99432,347.28,0.32,0.54,2025-10-31,949,N,VIIRS,n,2,304.23,4.21,D,0
36.20623,37.99774,340.74,0.32,0.54,2025-10-31,949,N,VIIRS,n,2,305.29,5.53,D,0
36.20648,37.99692,367.0,0.32,0.54,2025-10-31,949,N,VIIRS,h,2,306.28,5.42,D,0
36.38044,36.58618,341.92,0.37,0.58,2025-10-31,950,N,VIIRS,n,2,308.46,3.28,D,0
36.99127,40.09483,344.27,0.47,0.48,2025-10-31,950,N,VIIRS,n,2,303.3,5.94,D,0
37.06458,41.20971,341.67,0.42,0.45,2025-10-31,950,N,VIIRS,n,2,306.02,5.77,D,0
37.28725,39.95764,344.97,0.48,0.48,2025-10-31,950,N,VIIRS,n,2,309.23,5.53,D,0
37.29276,39.96147,335.25,0.48,0.48,2025-10-31,950,N,VIIRS,n,2,305.82,4.17,D,0
37.38163,37.06066,330.87,0.33,0.56,2025-10-31,950,N,VIIRS,n,2,301.36,2.14,D,0
37.38257,37.0644,349.32,0.33,0.56,2025-10-31,950,N,VIIRS,n,2,303.01,5.98,D,0
37.54353,42.6749,343.92,0.52,0.42,2025-10-31,950,N,VIIRS,n,2,303.91,11.47,D,0
37.69028,37.46721,329.38,0.63,0.54,2025-10-31,950,N,VIIRS,n,2,301.63,1.55,D,0
38.00502,36.51223,332.12,0.34,0.56,2025-10-31,950,N,VIIRS,n,2,297.68,2.36,D,0
38.11361,40.38737,341.67,0.43,0.46,2025-10-31,950,N,VIIRS,n,2,304.24,5.16,D,0
38.15022,31.816,325.35,0.59,0.7,2025-10-31,950,N,VIIRS,n,2,281.28,3.52,D,0
38.48562,35.72012,331.73,0.37,0.58,2025-10-31,950,N,VIIRS,n,2,300.52,5.11,D,0
38.54303,36.13119,347.6,0.35,0.57,2025-10-31,950,N,VIIRS,n,2,301.94,3.48,D,0
40.00153,44.05193,339.38,0.43,0.38,2025-10-31,950,N,VIIRS,n,2,293.17,4.51,D,0
40.009,44.01305,341.95,0.43,0.38,2025-10-31,950,N,VIIRS,n,2,299.42,9.88,D,0
40.24303,44.21627,335.46,0.42,0.38,2025-10-31,950,N,VIIRS,n,2,293.34,1.45,D,0
41.18659,44.24129,327.91,0.41,0.37,2025-10-31,950,N,VIIRS,n,2,290.46,2.35,D,0
40.20975,34.7683,332.62,0.37,0.58,2025-10-31,951,N,VIIRS,n,2,295.1,3.12,D,0
41.51694,43.50119,325.66,0.43,0.38,2025-10-31,951,N,VIIRS,n,2,289.67,2.21,D,0
41.52129,43.50512,331.61,0.43,0.38,2025-10-31,951,N,VIIRS,n,2,290.74,2.21,D,0
36.13209,37.4296,367.0,0.55,0.68,2025-10-31,1130,N,VIIRS,h,2,306.83,10.98,D,0
36.64372,35.33583,330.77,0.43,0.62,2025-10-31,1130,N,VIIRS,n,2,304.05,1.96,D,0
36.88329,39.9382,336.94,0.76,0.77,2025-10-31,1130,N,VIIRS,n,2,302.63,4.58,D,0
36.9595,40.18956,352.64,0.79,0.78,2025-10-31,1130,N,VIIRS,n,2,300.64,15.34,D,0
36.95964,40.18845,367.0,0.79,0.78,2025-10-31,1130,N,VIIRS,h,2,302.94,14.31,D,0
36.9739,40.15092,337.1,0.78,0.78,2025-10-31,1130,N,VIIRS,n,2,298.62,4.9,D,0
36.97395,40.15185,347.13,0.79,0.78,2025-10-31,1130,N,VIIRS,n,2,299.63,8.55,D,0
37.10207,39.79345,330.23,0.75,0.77,2025-10-31,1130,N,VIIRS,n,2,299.76,5.63,D,0
37.42744,39.41182,332.57,0.72,0.76,2025-10-31,1130,N,VIIRS,n,2,301.99,3.2,D,0
37.55776,39.37427,345.2,0.72,0.75,2025-10-31,1130,N,VIIRS,n,2,303.4,9.69,D,0
37.77237,38.40424,336.14,0.64,0.72,2025-10-31,1130,N,VIIRS,n,2,302.18,4.05,D,0
37.77386,38.40375,346.75,0.64,0.72,2025-10-31,1130,N,VIIRS,n,2,302.66,7.74,D,0
38.09132,34.35195,336.47,0.39,0.59,2025-10-31,1131,N,VIIRS,n,2,302.86,4.33,D,0
38.14756,31.81038,337.64,0.56,0.52,2025-10-31,1131,N,VIIRS,n,2,302.45,5.26,D,0
38.41568,32.99641,335.02,0.33,0.55,2025-10-31,1131,N,VIIRS,n,2,297.46,2.31,D,0
38.62932,32.20333,340.34,0.6,0.53,2025-10-31,1131,N,VIIRS,n,2,302.86,7.52,D,0
38.72087,32.026,342.22,0.59,0.53,2025-10-31,1131,N,VIIRS,n,2,305.69,9.1,D,0
38.72302,32.0248,340.55,0.59,0.53,2025-10-31,1131,N,VIIRS,n,2,303.55,14.4,D,0
38.75651,31.87064,340.5,0.58,0.52,2025-10-31,1131,N,VIIRS,n,2,300.54,8.39,D,0
41.17862,32.63635,330.81,0.33,0.56,2025-10-31,1131,N,VIIRS,n,2,296.09,2.34,D,2
41.66198,35.86224,326.16,0.49,0.65,2025-10-31,1132,N,VIIRS,n,2,292.58,2.47,D,0
35.5272,44.34422,367.0,0.39,0.59,2025-10-31,2210,N,VIIRS,h,2,284.96,6.47,N,2
35.52748,44.3397,355.01,0.39,0.59,2025-10-31,2210,N,VIIRS,n,2,284.59,6.47,N,2
35.52776,44.33521,309.79,0.39,0.59,2025-10-31,2210,N,VIIRS,n,2,283.22,4.69,N,2
35.53301,44.34035,340.53,0.39,0.59,2025-10-31,2210,N,VIIRS,n,2,283.88,4.38,N,2
35.53329,44.3359,351.22,0.39,0.59,2025-10-31,2210,N,VIIRS,n,2,286.07,7.57,N,2
35.62897,44.01282,297.53,0.41,0.6,2025-10-31,2210,N,VIIRS,n,2,283.51,10.3,N,2
35.62923,44.00813,367.0,0.41,0.6,2025-10-31,2210,N,VIIRS,h,2,300.1,10.3,N,2
35.6295,44.00346,304.86,0.41,0.6,2025-10-31,2210,N,VIIRS,n,2,283.98,13.13,N,2
35.66016,43.96479,327.32,0.41,0.61,2025-10-31,2210,N,VIIRS,n,2,283.93,1.24,N,2
35.66582,43.96543,312.79,0.41,0.61,2025-10-31,2210,N,VIIRS,n,2,285.43,1.24,N,2
35.67701,44.06348,295.96,0.41,0.6,2025-10-31,2210,N,VIIRS,n,2,285.16,1.07,N,2
35.68241,43.87724,352.14,0.42,0.61,2025-10-31,2210,N,VIIRS,n,2,284.05,12.19,N,2
35.68268,43.87255,353.71,0.42,0.61,2025-10-31,2210,N,VIIRS,n,2,283.1,12.19,N,2
35.68414,43.88132,297.1,0.42,0.61,2025-10-31,2210,N,VIIRS,n,2,281.34,7.3,N,2
35.68463,43.87192,367.0,0.42,0.61,2025-10-31,2210,N,VIIRS,h,2,287.13,64.26,N,2
35.68809,43.87783,346.92,0.42,0.61,2025-10-31,2210,N,VIIRS,n,2,292.67,15.75,N,2
35.68837,43.87317,367.0,0.42,0.61,2025-10-31,2210,N,VIIRS,h,2,287.71,15.75,N,2
35.69007,43.87721,299.97,0.42,0.61,2025-10-31,2210,N,VIIRS,n,2,283.5,0.65,N,2
35.69032,43.87251,295.86,0.42,0.61,2025-10-31,2210,N,VIIRS,n,2,283.33,0.65,N,2
35.72665,44.04121,335.58,0.41,0.6,2025-10-31,2210,N,VIIRS,n,2,285.86,2.67,N,2
35.72691,44.03656,312.7,0.41,0.6,2025-10-31,2210,N,VIIRS,n,2,285.73,2.67,N,2
35.72718,44.03182,321.44,0.41,0.6,2025-10-31,2210,N,VIIRS,n,2,283.78,1.75,N,2
35.73281,44.03262,314.49,0.41,0.6,2025-10-31,2210,N,VIIRS,n,2,285.9,1.75,N,2
35.76911,43.99444,295.42,0.41,0.61,2025-10-31,2210,N,VIIRS,n,2,283.92,0.28,N,2
35.77475,43.99517,335.22,0.41,0.61,2025-10-31,2210,N,VIIRS,n,2,287.07,2.19,N,2
35.95325,43.7263,305.5,0.43,0.62,2025-10-31,2210,N,VIIRS,n,2,283.71,0.84,N,2
35.96837,43.76704,315.66,0.42,0.61,2025-10-31,2210,N,VIIRS,n,2,289.63,6.33,N,2
35.96863,43.76239,367.0,0.42,0.61,2025-10-31,2210,N,VIIRS,h,2,295.04,11.06,N,2
35.96888,43.75769,335.99,0.42,0.61,2025-10-31,2210,N,VIIRS,n,2,288.58,11.06,N,2
35.97989,43.76744,317.11,0.42,0.61,2025-10-31,2210,N,VIIRS,n,2,287.42,2.22,N,2
35.99767,43.75891,304.33,0.42,0.61,2025-10-31,2210,N,VIIRS,n,2,284.8,0.62,N,2
35.99804,43.7593,301.78,0.42,0.61,2025-10-31,2210,N,VIIRS,n,2,284.28,1.04,N,2
36.01934,43.68221,299.47,0.43,0.62,2025-10-31,2210,N,VIIRS,n,2,283.58,0.57,N,2
36.01949,43.6776,297.29,0.43,0.62,2025-10-31,2210,N,VIIRS,n,2,282.78,1.02,N,2
36.0854,43.63799,304.58,0.43,0.62,2025-10-31,2210,N,VIIRS,n,2,281.42,0.76,N,0
36.0975,43.62911,306.77,0.43,0.62,2025-10-31,2210,N,VIIRS,n,2,279.99,0.8,N,0
36.12888,40.80499,302.91,0.62,0.71,2025-10-31,2210,N,VIIRS,n,2,280.23,1.2,N,0
36.13327,40.80792,301.24,0.62,0.71,2025-10-31,2210,N,VIIRS,n,2,281.61,1.19,N,2
36.13998,40.80805,295.42,0.62,0.71,2025-10-31,2210,N,VIIRS,n,2,281.25,1.1,N,0
36.14211,40.81266,319.39,0.62,0.71,2025-10-31,2210,N,VIIRS,n,2,281.5,1.96,N,2
36.14647,40.81549,296.2,0.62,0.71,2025-10-31,2210,N,VIIRS,n,2,279.27,1.1,N,2
36.1467,40.8082,297.55,0.62,0.71,2025-10-31,2210,N,VIIRS,n,2,279.44,1.1,N,0
36.25368,43.39889,297.92,0.45,0.63,2025-10-31,2210,N,VIIRS,n,2,283.64,0.63,N,0
36.45829,42.66471,295.32,0.49,0.65,2025-10-31,2210,N,VIIRS,n,2,281.26,0.65,N,0
36.73017,43.27748,315.02,0.46,0.63,2025-10-31,2210,N,VIIRS,n,2,285.63,1.2,N,2
36.74761,43.49582,309.26,0.45,0.63,2025-10-31,2210,N,VIIRS,n,2,284.54,0.86,N,2
36.74897,43.4947,298.65,0.45,0.63,2025-10-31,2210,N,VIIRS,n,2,283.76,1.34,N,2
36.77323,43.32162,332.74,0.46,0.63,2025-10-31,2210,N,VIIRS,n,2,284.04,3.8,N,2
36.77531,43.32645,327.64,0.46,0.63,2025-10-31,2210,N,VIIRS,n,2,286.47,4.24,N,2
36.77559,43.32098,340.18,0.46,0.63,2025-10-31,2210,N,VIIRS,n,2,285.91,4.24,N,2
36.77909,43.32341,342.05,0.46,0.63,2025-10-31,2210,N,VIIRS,n,2,289.43,3.8,N,2
36.8683,43.51831,297.03,0.45,0.63,2025-10-31,2210,N,VIIRS,n,2,284.1,0.64,N,0
36.86852,43.51349,300.84,0.45,0.63,2025-10-31,2210,N,VIIRS,n,2,283.44,0.64,N,0
36.86969,43.48821,297.49,0.45,0.63,2025-10-31,2210,N,VIIRS,n,2,283.94,1.37,N,2
36.86991,43.48328,319.87,0.45,0.63,2025-10-31,2210,N,VIIRS,n,2,283.6,1.37,N,2
36.87016,43.51708,296.26,0.45,0.63,2025-10-31,2210,N,VIIRS,n,2,283.72,0.41,N,0
36.87169,43.48759,296.31,0.45,0.63,2025-10-31,2210,N,VIIRS,n,2,283.88,0.77,N,2
36.87194,43.48269,309.1,0.45,0.63,2025-10-31,2210,N,VIIRS,n,2,282.61,1.15,N,2
36.89015,43.42849,299.65,0.45,0.63,2025-10-31,2210,N,VIIRS,n,2,281.72,1.69,N,2
36.8904,43.4232,314.14,0.45,0.63,2025-10-31,2210,N,VIIRS,n,2,281.01,2.74,N,2
36.90408,43.38343,314.48,0.45,0.63,2025-10-31,2210,N,VIIRS,n,2,282.72,1.79,N,2
36.91,43.38356,323.94,0.45,0.63,2025-10-31,2210,N,VIIRS,n,2,281.99,2.29,N,2
36.93442,42.12749,314.25,0.53,0.67,2025-10-31,2210,N,VIIRS,n,2,281.85,2.9,N,2
36.93661,42.13245,296.97,0.53,0.67,2025-10-31,2210,N,VIIRS,n,2,282.17,1.56,N,2
36.93682,42.12625,306.32,0.53,0.67,2025-10-31,2210,N,VIIRS,n,2,282.56,1.56,N,2
36.93899,42.17034,302.71,0.53,0.67,2025-10-31,2210,N,VIIRS,n,2,281.03,1.05,N,2
36.94164,42.16916,318.66,0.53,0.67,2025-10-31,2210,N,VIIRS,n,2,283.27,2.39,N,2
36.94944,42.12717,322.62,0.53,0.67,2025-10-31,2210,N,VIIRS,n,2,285.27,2.35,N,2
36.96387,42.07746,297.97,0.53,0.67,2025-10-31,2210,N,VIIRS,n,2,281.84,0.75,N,2
37.02333,42.26795,296.28,0.52,0.67,2025-10-31,2210,N,VIIRS,n,2,285.41,0.46,N,0
37.02599,42.26805,297.42,0.52,0.67,2025-10-31,2210,N,VIIRS,n,2,285.21,0.35,N,0
37.08088,42.55859,299.33,0.5,0.66,2025-10-31,2210,N,VIIRS,n,2,286.99,1.1,N,2
41.02472,36.10071,295.64,0.45,0.39,2025-10-31,2349,N,VIIRS,n,2,277.43,0.34,N,2
41.10828,37.32262,295.55,0.49,0.4,2025-10-31,2349,N,VIIRS,n,2,283.17,0.64,N,2
41.17933,36.75385,295.33,0.47,0.4,2025-10-31,2349,N,VIIRS,n,2,279.97,0.67,N,0
41.24011,36.46325,301.3,0.46,0.39,2025-10-31,2349,N,VIIRS,n,2,279.42,2.91,N,2
41.24363,36.46446,340.06,0.46,0.39,2025-10-31,2349,N,VIIRS,n,2,285.35,2.91,N,2
41.56604,32.4283,304.21,0.38,0.36,2025-10-31,2349,N,VIIRS,n,2,281.84,0.9,N,2
35.52465,44.34122,353.83,0.49,0.65,2025-10-31,2350,N,VIIRS,n,2,283.42,5.69,N,2
35.52592,44.34227,367.0,0.49,0.65,2025-10-31,2350,N,VIIRS,h,2,284.84,7.61,N,2
35.52738,44.33714,328.89,0.49,0.65,2025-10-31,2350,N,VIIRS,n,2,281.81,8.46,N,2
35.53045,44.34354,324.14,0.49,0.65,2025-10-31,2350,N,VIIRS,n,2,281.44,5.69,N,2
35.53189,44.33835,367.0,0.49,0.65,2025-10-31,2350,N,VIIRS,h,2,286.48,5.69,N,2
35.5332,44.33939,353.5,0.49,0.65,2025-10-31,2350,N,VIIRS,n,2,284.16,4.05,N,2
35.53335,44.33312,310.13,0.49,0.65,2025-10-31,2350,N,VIIRS,n,2,283.59,6.23,N,2
35.53469,44.33418,316.73,0.49,0.65,2025-10-31,2350,N,VIIRS,n,2,283.4,4.05,N,2
35.62702,44.00789,356.11,0.47,0.64,2025-10-31,2350,N,VIIRS,n,2,287.01,7.27,N,2
35.62841,44.00295,340.39,0.47,0.64,2025-10-31,2350,N,VIIRS,n,2,284.32,8.56,N,2
35.62954,44.00824,352.32,0.47,0.64,2025-10-31,2350,N,VIIRS,n,2,294.54,12.96,N,2
35.6309,44.00328,322.48,0.47,0.64,2025-10-31,2350,N,VIIRS,n,2,283.22,12.96,N,2
35.63264,44.0104,332.62,0.47,0.64,2025-10-31,2350,N,VIIRS,n,2,283.85,7.27,N,2
35.63403,44.00548,324.8,0.47,0.64,2025-10-31,2350,N,VIIRS,n,2,282.63,8.56,N,2
35.6638,43.96686,311.72,0.46,0.64,2025-10-31,2350,N,VIIRS,n,2,282.82,2.13,N,2
35.66419,44.10163,295.42,0.47,0.64,2025-10-31,2350,N,VIIRS,n,2,283.4,0.63,N,0
35.66521,43.96181,326.85,0.46,0.64,2025-10-31,2350,N,VIIRS,n,2,283.74,3.45,N,2
35.68087,44.06446,296.78,0.47,0.64,2025-10-31,2350,N,VIIRS,n,2,283.94,1.35,N,0
35.68304,43.87536,351.35,0.46,0.63,2025-10-31,2350,N,VIIRS,n,2,288.92,24.77,N,2
35.68443,43.8704,324.64,0.46,0.63,2025-10-31,2350,N,VIIRS,n,2,281.31,19.96,N,2
35.68868,43.87764,367.0,0.46,0.63,2025-10-31,2350,N,VIIRS,h,2,287.67,10.22,N,2
35.69007,43.87268,317.78,0.46,0.63,2025-10-31,2350,N,VIIRS,n,2,282.54,8.58,N,2
35.72387,44.04031,349.5,0.47,0.64,2025-10-31,2350,N,VIIRS,n,2,287.26,6.63,N,2
35.72499,44.04211,326.67,0.47,0.64,2025-10-31,2350,N,VIIRS,n,2,285.45,3.24,N,2
35.72638,44.03705,327.07,0.47,0.64,2025-10-31,2350,N,VIIRS,n,2,285.87,3.24,N,2
35.72667,44.03036,298.89,0.46,0.64,2025-10-31,2350,N,VIIRS,n,2,282.59,0.85,N,2
35.72775,44.03209,311.85,0.47,0.64,2025-10-31,2350,N,VIIRS,n,2,284.55,3.05,N,2
35.73241,44.03242,314.16,0.46,0.64,2025-10-31,2350,N,VIIRS,n,2,285.83,1.1,N,2
35.77348,43.99853,299.44,0.46,0.64,2025-10-31,2350,N,VIIRS,n,2,284.46,1.88,N,2
35.77483,43.99366,329.98,0.46,0.64,2025-10-31,2350,N,VIIRS,n,2,285.17,3.52,N,2
35.95398,43.72718,307.33,0.44,0.62,2025-10-31,2350,N,VIIRS,n,2,283.48,0.91,N,2
35.96702,43.76964,367.0,0.44,0.63,2025-10-31,2350,N,VIIRS,h,2,286.83,10.45,N,2
35.96838,43.76471,367.0,0.44,0.63,2025-10-31,2350,N,VIIRS,h,2,293.38,11.55,N,2
35.96973,43.75979,310.07,0.44,0.63,2025-10-31,2350,N,VIIRS,n,2,286.67,11.55,N,2
35.97927,43.77013,317.3,0.44,0.63,2025-10-31,2350,N,VIIRS,n,2,284.18,1.25,N,2
35.98061,43.76525,307.33,0.44,0.63,2025-10-31,2350,N,VIIRS,n,2,285.33,1.25,N,2
35.98476,43.77268,297.29,0.44,0.63,2025-10-31,2350,N,VIIRS,n,2,281.57,1.25,N,2
35.99973,43.7632,300.31,0.44,0.63,2025-10-31,2350,N,VIIRS,n,2,280.66,0.89,N,2
36.01629,43.68005,300.75,0.44,0.62,2025-10-31,2350,N,VIIRS,n,2,280.85,0.87,N,2
36.12545,43.78087,302.91,0.44,0.62,2025-10-31,2350,N,VIIRS,n,2,281.92,1.33,N,2
36.12554,43.78155,306.66,0.44,0.62,2025-10-31,2350,N,VIIRS,n,2,282.23,1.58,N,2
36.13139,40.80711,302.37,0.61,0.54,2025-10-31,2350,N,VIIRS,n,2,281.52,1.52,N,2
36.14406,40.8193,304.98,0.61,0.54,2025-10-31,2350,N,VIIRS,n,2,279.65,1.9,N,2
36.31562,43.74512,299.94,0.43,0.62,2025-10-31,2350,N,VIIRS,n,2,283.38,0.85,N,0
36.45723,41.28086,300.43,0.32,0.54,2025-10-31,2350,N,VIIRS,n,2,280.71,0.44,N,2
36.45791,41.2798,298.16,0.32,0.55,2025-10-31,2350,N,VIIRS,n,2,280.3,0.58,N,2
36.45821,42.66981,300.05,0.38,0.59,2025-10-31,2350,N,VIIRS,n,2,282.11,0.67,N,2
36.69167,44.07118,297.53,0.44,0.62,2025-10-31,2350,N,VIIRS,n,2,282.54,0.5,N,0
36.7295,43.28014,311.38,0.4,0.6,2025-10-31,2350,N,VIIRS,n,2,284.46,1.04,N,2
36.74771,43.49888,305.51,0.41,0.61,2025-10-31,2350,N,VIIRS,n,2,282.79,1.07,N,2
36.77633,43.32613,309.61,0.4,0.6,2025-10-31,2350,N,VIIRS,n,2,284.78,3.31,N,2
36.77748,43.32184,354.91,0.4,0.6,2025-10-31,2350,N,VIIRS,n,2,290.82,7.23,N,2
36.79891,37.02219,295.56,0.57,0.43,2025-10-31,2350,N,VIIRS,n,2,281.79,0.87,N,2
36.86668,43.51765,308.78,0.41,0.61,2025-10-31,2350,N,VIIRS,n,2,283.21,1.1,N,0
36.86726,43.4861,320.09,0.41,0.6,2025-10-31,2350,N,VIIRS,n,2,283.88,1.8,N,2
36.86856,43.48848,333.82,0.41,0.6,2025-10-31,2350,N,VIIRS,n,2,285.44,3.61,N,2
36.87189,43.49099,315.36,0.41,0.6,2025-10-31,2350,N,VIIRS,n,2,284.24,1.8,N,2
36.89068,43.42815,335.51,0.4,0.6,2025-10-31,2350,N,VIIRS,n,2,281.64,3.45,N,2
36.89355,43.43386,301.3,0.4,0.6,2025-10-31,2350,N,VIIRS,n,2,279.81,1.21,N,2
36.89488,43.429,318.35,0.4,0.6,2025-10-31,2350,N,VIIRS,n,2,281.89,1.21,N,2
36.90466,43.39331,304.13,0.4,0.6,2025-10-31,2350,N,VIIRS,n,2,281.03,1.54,N,2
36.90595,43.3886,313.82,0.4,0.6,2025-10-31,2350,N,VIIRS,n,2,281.91,2.44,N,2
36.90686,43.38982,332.09,0.4,0.6,2025-10-31,2350,N,VIIRS,n,2,282.24,3.09,N,2
36.9167,41.89572,309.23,0.34,0.56,2025-10-31,2350,N,VIIRS,n,2,280.01,0.61,N,2
36.93517,42.13034,338.37,0.34,0.56,2025-10-31,2350,N,VIIRS,n,2,284.48,2.76,N,2
36.94117,42.12853,302.29,0.34,0.56,2025-10-31,2350,N,VIIRS,n,2,282.79,2.66,N,2
36.94127,42.17089,339.87,0.35,0.56,2025-10-31,2350,N,VIIRS,n,2,285.0,3.0,N,2
36.94618,42.13056,353.7,0.34,0.56,2025-10-31,2350,N,VIIRS,n,2,288.47,2.66,N,2
36.96462,42.08057,300.9,0.34,0.56,2025-10-31,2350,N,VIIRS,n,2,280.27,0.5,N,2
36.97219,36.13305,296.28,0.51,0.41,2025-10-31,2350,N,VIIRS,n,2,283.28,0.51,N,0
37.08076,42.55703,310.91,0.36,0.57,2025-10-31,2350,N,VIIRS,n,2,287.74,1.0,N,2
37.08608,42.51511,300.5,0.36,0.57,2025-10-31,2350,N,VIIRS,n,2,287.13,0.81,N,0
37.29438,37.15888,301.8,0.57,0.43,2025-10-31,2350,N,VIIRS,n,2,282.92,1.79,N,2
37.33757,40.80083,295.85,0.57,0.52,2025-10-31,2350,N,VIIRS,n,2,281.3,0.77,N,2
38.42524,27.21772,300.31,0.47,0.4,2025-10-31,2350,N,VIIRS,n,2,281.22,0.45,N,2
38.45705,38.72469,297.34,0.42,0.46,2025-10-31,2350,N,VIIRS,n,2,279.91,1.07,N,2
39.83643,30.29958,311.46,0.4,0.37,2025-10-31,2350,N,VIIRS,n,2,277.72,1.57,N,2
40.1856,29.22473,298.06,0.42,0.38,2025-10-31,2350,N,VIIRS,n,2,282.27,0.6,N,2
40.44127,27.14234,295.1,0.5,0.41,2025-10-31,2350,N,VIIRS,n,2,282.99,0.33,N,2
40.4419,27.14104,297.32,0.5,0.41,2025-10-31,2350,N,VIIRS,n,2,283.84,0.73,N,2
40.7557,31.7843,302.47,0.38,0.36,2025-10-31,2350,N,VIIRS,n,2,275.7,0.59,N,2
41.01915,28.55408,308.14,0.45,0.39,2025-10-31,2350,N,VIIRS,n,2,283.94,0.9,N,2
41.02271,28.55486,302.77,0.45,0.39,2025-10-31,2350,N,VIIRS,n,2,284.88,0.9,N,2
41.17356,32.63264,299.3,0.38,0.36,2025-10-31,2350,N,VIIRS,n,2,274.3,0.88,N,2
41.19289,32.61909,297.68,0.38,0.36,2025-10-31,2350,N,VIIRS,n,2,271.46,1.03,N,2
41.25356,31.41143,335.25,0.39,0.36,2025-10-31,2350,N,VIIRS,n,2,276.41,2.54,N,2
41.25687,31.41229,308.59,0.39,0.36,2025-10-31,2350,N,VIIRS,n,2,276.49,2.54,N,2
41.26212,31.42324,296.11,0.39,0.36,2025-10-31,2350,N,VIIRS,n,2,279.61,0.88,N,2
41.26543,31.42411,311.69,0.39,0.36,2025-10-31,2350,N,VIIRS,n,2,282.26,1.47,N,2
41.26874,31.42498,318.82,0.39,0.36,2025-10-31,2350,N,VIIRS,n,2,279.55,1.47,N,2
36.26107,33.72797,301.74,0.43,0.38,2025-10-31,2351,N,VIIRS,n,2,286.43,0.79,N,2
36.26451,33.72894,305.31,0.43,0.38,2025-10-31,2351,N,VIIRS,n,2,288.35,0.79,N,2
36.71859,36.198,312.1,0.52,0.42,2025-10-31,2351,N,VIIRS,n,2,289.6,2.86,N,2
36.71926,36.20334,318.82,0.52,0.42,2025-10-31,2351,N,VIIRS,n,2,287.56,1.77,N,2
36.73246,36.20843,304.46,0.52,0.42,2025-10-31,2351,N,VIIRS,n,2,290.05,1.65,N,2
36.86885,34.75892,299.67,0.46,0.39,2025-10-31,2351,N,VIIRS,n,2,287.1,1.56,N,2
36.87143,34.76503,303.49,0.46,0.39,2025-10-31,2351,N,VIIRS,n,2,286.5,0.92,N,2
37.25185,30.44296,298.23,0.39,0.36,2025-10-31,2351,N,VIIRS,n,2,268.45,0.71,N,2
35.52666,44.34546,355.84,0.54,0.51,2025-11-01,930,N,VIIRS,n,2,310.77,13.95,D,2
35.52983,44.33791,336.55,0.54,0.51,2025-11-01,930,N,VIIRS,n,2,306.14,5.5,D,2
35.53124,44.34389,341.04,0.54,0.51,2025-11-01,930,N,VIIRS,n,2,308.25,5.5,D,2
35.53442,44.3364,338.33,0.54,0.51,2025-11-01,930,N,VIIRS,n,2,306.87,5.5,D,2
35.62898,44.01401,342.24,0.56,0.52,2025-11-01,930,N,VIIRS,n,2,311.01,38.28,D,2
35.62946,44.01363,342.44,0.56,0.52,2025-11-01,930,N,VIIRS,n,2,308.6,21.59,D,2
35.66253,43.96259,336.11,0.57,0.52,2025-11-01,930,N,VIIRS,n,2,308.01,3.97,D,2
35.66399,43.96872,340.52,0.57,0.52,2025-11-01,930,N,VIIRS,n,2,308.81,3.97,D,2
35.68834,43.87995,343.04,0.57,0.52,2025-11-01,930,N,VIIRS,n,2,307.61,56.79,D,2
35.726,44.04004,342.2,0.56,0.51,2025-11-01,930,N,VIIRS,n,2,309.22,5.01,D,2
35.72919,44.03233,339.32,0.56,0.51,2025-11-01,930,N,VIIRS,n,2,309.62,3.47,D,2
35.77105,43.9963,341.85,0.56,0.52,2025-11-01,930,N,VIIRS,n,2,310.25,5.25,D,2
36.08377,43.78542,337.17,0.57,0.52,2025-11-01,930,N,VIIRS,n,2,302.71,7.02,D,0
36.47662,43.82473,335.54,0.55,0.51,2025-11-01,930,N,VIIRS,n,2,310.28,2.44,D,0
36.1432,40.81665,336.38,0.41,0.6,2025-11-01,931,N,VIIRS,n,2,305.41,1.67,D,2
36.74803,39.08015,330.99,0.48,0.65,2025-11-01,931,N,VIIRS,n,2,299.83,2.44,D,0
36.77571,43.32833,342.33,0.58,0.52,2025-11-01,931,N,VIIRS,n,2,309.7,10.03,D,2
36.80701,43.54398,336.02,0.56,0.52,2025-11-01,931,N,VIIRS,n,2,308.57,4.01,D,0
36.90463,40.17799,336.4,0.42,0.61,2025-11-01,931,N,VIIRS,n,2,300.57,1.96,D,0
36.93642,40.13935,367.0,0.42,0.61,2025-11-01,931,N,VIIRS,h,2,306.3,9.71,D,0
36.94693,42.1329,356.75,0.33,0.55,2025-11-01,931,N,VIIRS,n,2,312.79,2.99,D,2
36.94893,42.13268,350.61,0.33,0.55,2025-11-01,931,N,VIIRS,n,2,311.83,3.49,D,2
36.96342,39.0946,338.93,0.47,0.64,2025-11-01,931,N,VIIRS,n,2,302.23,4.06,D,0
36.97949,40.14226,367.0,0.42,0.61,2025-11-01,931,N,VIIRS,h,2,305.91,13.71,D,0
36.98086,40.13752,346.94,0.42,0.61,2025-11-01,931,N,VIIRS,n,2,301.01,9.41,D,0
36.98211,40.14203,367.0,0.42,0.61,2025-11-01,931,N,VIIRS,h,2,301.97,14.87,D,0
36.98793,40.12876,333.71,0.42,0.61,2025-11-01,931,N,VIIRS,n,2,301.84,5.47,D,0
36.9905,40.12857,348.34,0.42,0.61,2025-11-01,931,N,VIIRS,n,2,301.62,4.64,D,0
37.00001,40.05282,367.0,0.42,0.61,2025-11-01,931,N,VIIRS,h,2,307.95,10.3,D,0
37.01624,39.91151,345.23,0.43,0.62,2025-11-01,931,N,VIIRS,n,2,305.9,3.45,D,0
37.13766,36.89131,327.58,0.61,0.71,2025-11-01,931,N,VIIRS,n,2,299.74,4.48,D,0
37.14008,36.89927,334.92,0.61,0.71,2025-11-01,931,N,VIIRS,n,2,297.96,4.48,D,0
37.14041,39.74945,332.67,0.43,0.62,2025-11-01,931,N,VIIRS,n,2,302.57,4.49,D,0
37.27575,39.49669,345.11,0.44,0.63,2025-11-01,931,N,VIIRS,n,2,303.05,2.36,D,0
37.55842,39.44088,336.8,0.44,0.62,2025-11-01,931,N,VIIRS,n,2,302.78,2.2,D,0
37.56395,39.43854,334.55,0.44,0.62,2025-11-01,931,N,VIIRS,n,2,301.31,1.75,D,0
37.70205,40.70875,338.76,0.37,0.58,2025-11-01,931,N,VIIRS,n,2,289.04,2.29,D,0
37.70463,40.70717,331.61,0.37,0.58,2025-11-01,931,N,VIIRS,n,2,288.06,2.97,D,0
37.8526,40.95485,332.2,0.36,0.57,2025-11-01,931,N,VIIRS,n,2,297.68,2.3,D,0
37.87304,38.80656,334.72,0.46,0.64,2025-11-01,931,N,VIIRS,n,2,303.03,4.16,D,0
37.96999,41.72301,328.48,0.33,0.55,2025-11-01,931,N,VIIRS,n,2,302.92,1.28,D,0
37.97221,41.71721,329.76,0.33,0.55,2025-11-01,931,N,VIIRS,n,2,302.8,2.69,D,0
37.97313,41.72076,349.36,0.33,0.55,2025-11-01,931,N,VIIRS,n,2,305.21,2.69,D,0
37.99691,41.85555,346.52,0.32,0.55,2025-11-01,931,N,VIIRS,n,2,305.17,3.43,D,0
37.99784,41.85917,344.36,0.32,0.55,2025-11-01,931,N,VIIRS,n,2,305.11,3.43,D,0
37.99786,41.85603,348.3,0.32,0.55,2025-11-01,931,N,VIIRS,n,2,305.05,3.04,D,0
37.99876,41.85962,337.82,0.32,0.55,2025-11-01,931,N,VIIRS,n,2,305.2,3.04,D,0
38.00285,41.81574,355.85,0.32,0.55,2025-11-01,931,N,VIIRS,n,2,303.18,4.36,D,0
38.03062,41.649,338.89,0.33,0.55,2025-11-01,931,N,VIIRS,n,2,302.9,2.75,D,0
38.0619,41.1374,331.69,0.35,0.57,2025-11-01,931,N,VIIRS,n,2,299.21,1.89,D,0
38.0823,41.69161,367.0,0.33,0.55,2025-11-01,931,N,VIIRS,h,2,305.77,5.91,D,0
38.08323,41.69522,325.78,0.33,0.55,2025-11-01,931,N,VIIRS,n,2,299.23,5.91,D,0
38.10364,39.97203,352.09,0.4,0.6,2025-11-01,931,N,VIIRS,n,2,301.91,5.28,D,0
38.17971,40.82092,330.72,0.36,0.57,2025-11-01,931,N,VIIRS,n,2,300.33,1.0,D,0
38.35933,39.52168,327.24,0.42,0.61,2025-11-01,931,N,VIIRS,n,2,294.76,1.37,D,0
38.36041,40.42211,337.97,0.37,0.58,2025-11-01,931,N,VIIRS,n,2,302.54,1.52,D,0
40.00294,44.02092,327.91,0.45,0.47,2025-11-01,931,N,VIIRS,n,2,294.02,1.78,D,0
39.97346,41.26058,334.18,0.62,0.54,2025-11-01,932,N,VIIRS,n,2,291.52,5.03,D,0
39.97432,41.26085,342.09,0.62,0.54,2025-11-01,932,N,VIIRS,n,2,291.59,7.51,D,0
40.93152,43.40123,326.71,0.46,0.47,2025-11-01,932,N,VIIRS,n,2,286.9,1.72,D,0
40.93387,43.39595,338.46,0.46,0.47,2025-11-01,932,N,VIIRS,n,2,288.25,5.4,D,0
40.9345,43.39435,329.2,0.46,0.47,2025-11-01,932,N,VIIRS,n,2,287.65,1.87,D,0
35.52724,44.33956,341.22,0.72,0.75,2025-11-01,1111,N,VIIRS,n,2,303.73,12.86,D,2
35.53101,44.33927,355.89,0.72,0.76,2025-11-01,1111,N,VIIRS,n,2,305.05,8.24,D,2
35.53115,44.34733,336.06,0.72,0.76,2025-11-01,1111,N,VIIRS,n,2,303.91,8.24,D,2
35.5985,36.30618,342.61,0.51,0.49,2025-11-01,1111,N,VIIRS,n,2,311.73,3.92,D,0
35.62746,44.00862,357.01,0.69,0.74,2025-11-01,1111,N,VIIRS,n,2,306.39,11.62,D,2
35.62761,44.01645,350.85,0.69,0.74,2025-11-01,1111,N,VIIRS,n,2,305.53,11.62,D,2
35.66158,43.96727,340.1,0.69,0.74,2025-11-01,1111,N,VIIRS,n,2,304.67,3.31,D,2
35.6875,43.87973,356.67,0.68,0.74,2025-11-01,1111,N,VIIRS,n,2,306.79,32.63,D,2
35.72056,44.22422,332.56,0.71,0.75,2025-11-01,1111,N,VIIRS,n,2,301.49,10.03,D,0
35.72443,44.04422,350.85,0.69,0.75,2025-11-01,1111,N,VIIRS,n,2,307.42,6.35,D,2
35.72637,44.04419,350.95,0.69,0.75,2025-11-01,1111,N,VIIRS,n,2,307.2,6.9,D,2
36.0779,43.82882,345.86,0.68,0.74,2025-11-01,1111,N,VIIRS,n,2,300.58,6.99,D,0
36.13793,39.02757,333.39,0.37,0.58,2025-11-01,1111,N,VIIRS,n,2,304.32,1.92,D,0
36.14233,40.81825,338.01,0.46,0.64,2025-11-01,1111,N,VIIRS,n,2,304.88,2.27,D,2
36.77412,43.32486,346.65,0.64,0.72,2025-11-01,1111,N,VIIRS,n,2,305.02,8.99,D,2
36.77541,43.32396,344.39,0.64,0.72,2025-11-01,1111,N,VIIRS,n,2,305.68,7.32,D,2
36.9185,40.03922,342.33,0.43,0.62,2025-11-01,1111,N,VIIRS,n,2,303.49,5.22,D,0
36.91875,40.04419,351.97,0.43,0.62,2025-11-01,1111,N,VIIRS,n,2,303.7,5.22,D,0
36.92424,40.03877,350.11,0.43,0.62,2025-11-01,1111,N,VIIRS,n,2,303.72,15.69,D,0
36.92448,40.03979,354.72,0.43,0.62,2025-11-01,1111,N,VIIRS,n,2,304.19,14.31,D,0
36.92471,40.04479,333.39,0.43,0.62,2025-11-01,1111,N,VIIRS,n,2,301.48,14.31,D,0
36.93456,40.13329,336.49,0.43,0.62,2025-11-01,1111,N,VIIRS,n,2,302.47,7.87,D,0
36.93479,40.13831,367.0,0.43,0.62,2025-11-01,1111,N,VIIRS,h,2,308.29,16.28,D,0
36.93513,40.13713,367.0,0.43,0.62,2025-11-01,1111,N,VIIRS,h,2,310.71,16.73,D,0
36.93757,42.13302,337.07,0.56,0.68,2025-11-01,1111,N,VIIRS,n,2,303.74,3.28,D,2
36.944,42.13272,338.49,0.56,0.68,2025-11-01,1111,N,VIIRS,n,2,304.81,3.28,D,2
36.96441,40.15078,349.28,0.43,0.62,2025-11-01,1111,N,VIIRS,n,2,306.05,4.89,D,0
36.97672,40.16513,367.0,0.43,0.62,2025-11-01,1111,N,VIIRS,h,2,304.25,5.65,D,0
36.97696,40.17027,346.09,0.43,0.62,2025-11-01,1111,N,VIIRS,n,2,302.33,5.65,D,0
36.98276,40.16984,334.03,0.43,0.62,2025-11-01,1111,N,VIIRS,n,2,302.99,5.65,D,0
36.99094,40.09877,335.94,0.43,0.62,2025-11-01,1111,N,VIIRS,n,2,303.15,4.56,D,0
37.01398,31.05247,331.56,0.45,0.39,2025-11-01,1111,N,VIIRS,n,2,297.54,3.21,D,0
37.10992,39.812,367.0,0.42,0.61,2025-11-01,1111,N,VIIRS,h,2,305.98,6.8,D,0
37.34206,39.81269,343.95,0.42,0.61,2025-11-01,1111,N,VIIRS,n,2,307.92,4.06,D,0
37.34313,39.81122,346.82,0.42,0.61,2025-11-01,1111,N,VIIRS,n,2,306.48,2.77,D,0
37.74557,40.63151,331.86,0.47,0.64,2025-11-01,1111,N,VIIRS,n,2,299.48,2.03,D,0
37.82637,40.97126,341.36,0.49,0.65,2025-11-01,1111,N,VIIRS,n,2,302.52,4.03,D,0
37.01174,31.05073,331.51,0.45,0.39,2025-11-01,1112,N,VIIRS,n,2,296.85,3.15,D,0
37.55868,34.08833,343.64,0.41,0.45,2025-11-01,1112,N,VIIRS,n,2,300.28,4.48,D,0
37.55982,34.08934,345.28,0.41,0.45,2025-11-01,1112,N,VIIRS,n,2,301.23,4.47,D,0
37.61305,31.5302,326.01,0.47,0.4,2025-11-01,1112,N,VIIRS,n,2,289.15,2.56,D,3
37.68225,37.95089,347.43,0.33,0.55,2025-11-01,1112,N,VIIRS,n,2,305.22,3.87,D,0
37.82644,40.97022,339.99,0.49,0.65,2025-11-01,1112,N,VIIRS,n,2,302.07,4.19,D,0
37.91843,40.07981,329.6,0.44,0.62,2025-11-01,1112,N,VIIRS,n,2,303.73,3.2,D,0
37.91866,40.08495,343.83,0.44,0.62,2025-11-01,1112,N,VIIRS,n,2,301.37,5.83,D,0
38.01352,29.47259,332.32,0.41,0.37,2025-11-01,1112,N,VIIRS,n,2,297.4,6.76,D,0
38.01414,29.47725,333.04,0.41,0.37,2025-11-01,1112,N,VIIRS,n,2,293.98,6.76,D,0
38.0253,41.05878,367.0,0.49,0.65,2025-11-01,1112,N,VIIRS,h,2,305.88,14.81,D,0
38.02584,41.05653,367.0,0.49,0.65,2025-11-01,1112,N,VIIRS,h,2,303.08,12.07,D,0
38.02608,41.06255,344.36,0.49,0.65,2025-11-01,1112,N,VIIRS,n,2,302.01,14.2,D,0
38.09013,40.17142,335.82,0.44,0.63,2025-11-01,1112,N,VIIRS,n,2,301.98,3.39,D,0
38.10546,39.98398,337.52,0.43,0.62,2025-11-01,1112,N,VIIRS,n,2,302.85,10.39,D,0
38.10568,39.98902,367.0,0.43,0.62,2025-11-01,1112,N,VIIRS,h,2,309.28,10.39,D,0
38.10751,30.22621,331.06,0.43,0.38,2025-11-01,1112,N,VIIRS,n,2,296.47,2.24,D,0
38.11325,30.21498,327.64,0.43,0.38,2025-11-01,1112,N,VIIRS,n,2,295.47,1.27,D,0
38.1781,30.01958,346.51,0.42,0.38,2025-11-01,1112,N,VIIRS,n,2,304.1,21.21,D,0
38.18034,30.00918,335.53,0.42,0.38,2025-11-01,1112,N,VIIRS,n,2,296.67,4.41,D,0
38.18157,30.01886,351.48,0.42,0.38,2025-11-01,1112,N,VIIRS,n,2,297.96,21.21,D,0
38.22363,29.82241,329.55,0.42,0.38,2025-11-01,1112,N,VIIRS,n,2,295.71,2.24,D,0
38.22426,29.8272,331.95,0.42,0.38,2025-11-01,1112,N,VIIRS,n,2,296.33,3.07,D,0
38.45135,34.89915,340.24,0.46,0.47,2025-11-01,1112,N,VIIRS,n,2,298.04,4.66,D,0
38.45918,39.62104,331.58,0.42,0.61,2025-11-01,1112,N,VIIRS,n,2,299.89,1.99,D,0
38.56096,27.66407,327.89,0.39,0.36,2025-11-01,1112,N,VIIRS,n,2,287.4,1.67,D,0
38.71432,32.03391,328.44,0.51,0.41,2025-11-01,1112,N,VIIRS,n,2,284.98,2.69,D,0
38.79939,31.90392,337.16,0.5,0.41,2025-11-01,1112,N,VIIRS,n,2,293.6,6.51,D,0
38.82331,39.10092,339.36,0.39,0.6,2025-11-01,1112,N,VIIRS,n,2,297.15,3.95,D,0
38.89374,27.83132,326.96,0.39,0.36,2025-11-01,1112,N,VIIRS,n,2,282.77,1.99,D,0
38.96888,39.59034,346.14,0.42,0.61,2025-11-01,1112,N,VIIRS,n,2,299.43,4.14,D,0
39.7211,36.69091,339.56,0.59,0.53,2025-11-01,1112,N,VIIRS,n,2,295.93,4.62,D,0
40.1017,34.76308,328.25,0.48,0.48,2025-11-01,1112,N,VIIRS,n,2,296.46,3.89,D,0
40.34304,35.07261,334.18,0.5,0.49,2025-11-01,1112,N,VIIRS,n,2,294.92,2.27,D,0
40.70001,36.37375,339.07,0.58,0.52,2025-11-01,1112,N,VIIRS,n,2,292.96,5.79,D,0
40.70315,36.37523,335.86,0.58,0.52,2025-11-01,1112,N,VIIRS,n,2,294.24,4.71,D,0
40.81806,31.06412,327.17,0.49,0.4,2025-11-01,1113,N,VIIRS,n,2,294.12,2.22,D,0
40.8499,26.26145,326.68,0.38,0.36,2025-11-01,1113,N,VIIRS,n,2,280.71,1.98,D,0
40.94547,26.3788,332.8,0.38,0.36,2025-11-01,1113,N,VIIRS,n,2,278.89,2.88,D,0
41.71337,35.94147,331.16,0.57,0.52,2025-11-01,1113,N,VIIRS,n,2,289.7,3.82,D,0
42.42741,26.37512,341.91,0.39,0.36,2025-11-01,1113,N,VIIRS,n,2,298.7,3.74,D,0
42.49791,26.34154,331.0,0.39,0.36,2025-11-01,1113,N,VIIRS,n,2,296.55,1.9,D,0
35.52234,44.33846,298.29,0.72,0.75,2025-11-01,2151,N,VIIRS,n,2,281.99,5.83,N,2
35.5253,44.34214,326.63,0.72,0.75,2025-11-01,2151,N,VIIRS,n,2,282.85,5.63,N,2
35.52546,44.33359,318.18,0.72,0.75,2025-11-01,2151,N,VIIRS,n,2,282.17,5.63,N,2
35.52944,44.3389,367.0,0.72,0.75,2025-11-01,2151,N,VIIRS,h,2,285.4,5.83,N,2
35.52964,44.33041,310.19,0.72,0.75,2025-11-01,2151,N,VIIRS,n,2,283.51,5.83,N,2
35.53255,44.33416,367.0,0.72,0.75,2025-11-01,2151,N,VIIRS,h,2,285.53,5.63,N,2
35.53674,44.33107,312.31,0.72,0.75,2025-11-01,2151,N,VIIRS,n,2,282.9,2.37,N,2
35.625,44.00336,326.92,0.75,0.77,2025-11-01,2151,N,VIIRS,n,2,281.3,4.87,N,2
35.6269,44.00492,367.0,0.75,0.77,2025-11-01,2151,N,VIIRS,h,2,286.27,14.19,N,2
35.63222,44.00331,367.0,0.75,0.77,2025-11-01,2151,N,VIIRS,h,2,287.46,16.93,N,2
35.63412,44.00488,314.15,0.75,0.77,2025-11-01,2151,N,VIIRS,n,2,281.53,1.8,N,2
35.66202,43.96168,320.66,0.75,0.77,2025-11-01,2151,N,VIIRS,n,2,281.8,2.52,N,2
35.66371,43.96349,310.38,0.75,0.77,2025-11-01,2151,N,VIIRS,n,2,281.24,1.53,N,2
35.66385,43.95474,300.87,0.76,0.77,2025-11-01,2151,N,VIIRS,n,2,280.72,1.53,N,2
35.68692,43.87612,347.77,0.76,0.77,2025-11-01,2151,N,VIIRS,n,2,283.41,29.97,N,2
35.68706,43.86717,367.0,0.76,0.77,2025-11-01,2151,N,VIIRS,h,2,285.22,29.97,N,2
35.72155,44.04004,297.14,0.75,0.77,2025-11-01,2151,N,VIIRS,n,2,281.3,2.66,N,2
35.72168,44.03109,310.35,0.75,0.77,2025-11-01,2151,N,VIIRS,n,2,281.65,2.66,N,2
35.72744,44.03718,332.58,0.75,0.77,2025-11-01,2151,N,VIIRS,n,2,282.67,3.93,N,2
35.72762,44.02817,314.73,0.75,0.77,2025-11-01,2151,N,VIIRS,n,2,282.33,3.93,N,2
35.72889,44.03194,320.57,0.75,0.77,2025-11-01,2151,N,VIIRS,n,2,283.38,2.66,N,2
35.72902,44.02303,297.51,0.75,0.77,2025-11-01,2151,N,VIIRS,n,2,281.33,4.04,N,0
35.77163,43.99636,295.6,0.75,0.77,2025-11-01,2151,N,VIIRS,n,2,282.24,1.91,N,2
35.77183,43.98737,311.13,0.75,0.77,2025-11-01,2151,N,VIIRS,n,2,282.8,3.26,N,0
35.77289,43.99123,322.44,0.75,0.77,2025-11-01,2151,N,VIIRS,n,2,283.49,3.42,N,2
35.96702,43.75895,367.0,0.78,0.78,2025-11-01,2151,N,VIIRS,h,2,287.08,15.6,N,0
35.96708,43.76384,329.73,0.78,0.78,2025-11-01,2151,N,VIIRS,n,2,285.52,8.94,N,2
35.96724,43.75506,345.0,0.78,0.78,2025-11-01,2151,N,VIIRS,n,2,284.69,13.59,N,0
35.97434,43.75866,317.02,0.78,0.78,2025-11-01,2151,N,VIIRS,n,2,283.63,5.9,N,0
35.97456,43.75489,309.08,0.78,0.78,2025-11-01,2151,N,VIIRS,n,2,283.62,4.23,N,0
35.98156,43.76688,302.44,0.78,0.78,2025-11-01,2151,N,VIIRS,n,2,282.61,2.68,N,2
35.98173,43.76304,311.76,0.78,0.78,2025-11-01,2151,N,VIIRS,n,2,283.73,4.25,N,2
35.99632,43.75789,296.65,0.78,0.78,2025-11-01,2151,N,VIIRS,n,2,280.88,1.27,N,2
36.0195,43.67569,301.31,0.78,0.78,2025-11-01,2151,N,VIIRS,n,2,281.32,1.25,N,2
36.01953,43.67718,300.23,0.79,0.78,2025-11-01,2151,N,VIIRS,n,2,281.6,1.08,N,2
36.12815,43.77642,297.29,0.78,0.78,2025-11-01,2151,N,VIIRS,n,2,282.98,0.87,N,2
36.6903,44.0682,295.21,0.5,0.49,2025-11-01,2331,N,VIIRS,n,2,282.38,0.59,N,0
36.69166,44.07122,298.26,0.5,0.49,2025-11-01,2331,N,VIIRS,n,2,282.39,0.39,N,0
36.72971,43.28233,310.78,0.45,0.47,2025-11-01,2331,N,VIIRS,n,2,283.37,0.57,N,2
36.74587,43.49776,300.99,0.46,0.47,2025-11-01,2331,N,VIIRS,n,2,281.21,1.58,N,2
36.77589,43.3254,338.17,0.45,0.47,2025-11-01,2331,N,VIIRS,n,2,289.09,5.83,N,2
36.77701,43.3205,296.42,0.45,0.47,2025-11-01,2331,N,VIIRS,n,2,285.44,4.23,N,2
36.86596,43.51828,302.6,0.46,0.47,2025-11-01,2331,N,VIIRS,n,2,281.51,0.64,N,0
36.86858,43.4866,325.36,0.46,0.47,2025-11-01,2331,N,VIIRS,n,2,283.83,2.75,N,2
36.89015,43.43151,333.3,0.46,0.47,2025-11-01,2331,N,VIIRS,n,2,279.81,2.38,N,2
36.9077,43.39398,307.07,0.45,0.47,2025-11-01,2331,N,VIIRS,n,2,279.89,1.18,N,2
36.90883,43.38891,308.65,0.45,0.47,2025-11-01,2331,N,VIIRS,n,2,279.78,1.7,N,2
36.91561,41.89443,297.57,0.57,0.43,2025-11-01,2331,N,VIIRS,n,2,277.94,0.77,N,2
36.93753,42.13311,312.01,0.39,0.44,2025-11-01,2331,N,VIIRS,n,2,283.59,0.91,N,2
36.94191,42.17197,325.75,0.39,0.44,2025-11-01,2331,N,VIIRS,n,2,284.39,1.96,N,2
36.94637,42.1314,342.75,0.39,0.44,2025-11-01,2331,N,VIIRS,n,2,285.86,6.07,N,2
37.01342,41.58172,295.78,0.55,0.43,2025-11-01,2331,N,VIIRS,n,2,278.8,0.95,N,0
37.07922,42.55849,311.33,0.41,0.45,2025-11-01,2331,N,VIIRS,n,2,286.24,1.41,N,2
37.12786,39.90255,304.17,0.47,0.39,2025-11-01,2331,N,VIIRS,n,2,275.66,0.72,N,0
37.54039,42.66777,301.54,0.41,0.45,2025-11-01,2331,N,VIIRS,n,2,280.56,0.79,N,0
38.41095,35.50574,295.82,0.39,0.36,2025-11-01,2331,N,VIIRS,n,2,271.4,0.15,N,0
38.45388,38.72794,308.71,0.41,0.37,2025-11-01,2331,N,VIIRS,n,2,281.72,1.24,N,2
38.66344,39.23299,297.45,0.42,0.38,2025-11-01,2331,N,VIIRS,n,2,277.98,0.77,N,2
38.8265,32.41967,311.94,0.46,0.39,2025-11-01,2331,N,VIIRS,n,2,265.53,2.25,N,0
38.85917,35.76574,298.29,0.39,0.36,2025-11-01,2331,N,VIIRS,n,2,274.37,0.75,N,2
38.89255,41.56969,295.82,0.51,0.41,2025-11-01,2331,N,VIIRS,n,2,276.34,1.06,N,2
39.48622,30.04116,303.78,0.39,0.44,2025-11-01,2331,N,VIIRS,n,2,278.61,1.31,N,2
39.72305,36.93638,301.7,0.38,0.36,2025-11-01,2331,N,VIIRS,n,2,275.86,0.9,N,2
39.83716,30.30245,296.55,0.39,0.44,2025-11-01,2331,N,VIIRS,n,2,277.27,0.84,N,2
39.83764,30.29789,301.9,0.39,0.44,2025-11-01,2331,N,VIIRS,n,2,278.25,1.24,N,2
39.94471,33.19139,311.92,0.44,0.39,2025-11-01,2331,N,VIIRS,n,2,281.7,1.8,N,2
39.94586,33.19004,310.38,0.44,0.38,2025-11-01,2331,N,VIIRS,n,2,280.45,1.61,N,2
40.18514,29.22449,297.3,0.44,0.46,2025-11-01,2331,N,VIIRS,n,2,282.91,0.84,N,2
40.24343,29.92523,302.91,0.41,0.45,2025-11-01,2331,N,VIIRS,n,2,281.11,0.99,N,2
40.26128,30.0424,301.31,0.4,0.44,2025-11-01,2331,N,VIIRS,n,2,280.76,0.89,N,2
40.75705,31.78064,297.94,0.51,0.41,2025-11-01,2331,N,VIIRS,n,2,276.46,1.09,N,2
40.75746,31.78548,295.44,0.51,0.41,2025-11-01,2331,N,VIIRS,n,2,276.58,0.49,N,2
40.75776,29.75902,295.81,0.42,0.45,2025-11-01,2331,N,VIIRS,n,2,285.52,0.9,N,2
40.76569,32.21597,295.79,0.49,0.4,2025-11-01,2331,N,VIIRS,n,2,274.02,0.83,N,2
40.76992,29.52846,305.75,0.43,0.46,2025-11-01,2331,N,VIIRS,n,2,287.27,1.14,N,2
40.77052,29.5323,296.64,0.43,0.46,2025-11-01,2331,N,VIIRS,n,2,284.65,0.82,N,0
40.7808,29.59905,308.5,0.43,0.46,2025-11-01,2331,N,VIIRS,n,2,287.72,1.15,N,2
41.0209,28.55535,314.96,0.48,0.48,2025-11-01,2331,N,VIIRS,n,2,286.69,2.0,N,2
41.10714,37.32127,300.25,0.38,0.36,2025-11-01,2331,N,VIIRS,n,2,283.11,0.47,N,2
41.17266,32.6324,299.15,0.48,0.4,2025-11-01,2331,N,VIIRS,n,2,278.14,0.83,N,2
41.17632,32.63313,311.3,0.48,0.4,2025-11-01,2331,N,VIIRS,n,2,282.14,1.46,N,2
41.18,32.63385,306.56,0.48,0.4,2025-11-01,2331,N,VIIRS,n,2,281.42,1.46,N,2
41.24029,36.46564,327.6,0.39,0.36,2025-11-01,2331,N,VIIRS,n,2,281.43,2.87,N,2
41.24045,36.44185,304.51,0.39,0.36,2025-11-01,2331,N,VIIRS,n,2,284.62,0.83,N,2
41.24359,36.46651,327.96,0.39,0.36,2025-11-01,2331,N,VIIRS,n,2,285.18,2.2,N,2
41.24428,36.46193,297.75,0.39,0.36,2025-11-01,2331,N,VIIRS,n,2,284.59,2.2,N,2
41.25544,31.41451,325.52,0.53,0.42,2025-11-01,2331,N,VIIRS,n,2,283.18,2.33,N,2
41.26252,31.42238,297.36,0.53,0.42,2025-11-01,2331,N,VIIRS,n,2,284.69,1.48,N,2
41.26571,31.42956,295.37,0.53,0.42,2025-11-01,2331,N,VIIRS,n,2,284.17,0.57,N,2
41.26639,31.42314,300.74,0.53,0.42,2025-11-01,2331,N,VIIRS,n,2,286.17,1.75,N,2
41.56487,32.43034,304.65,0.49,0.4,2025-11-01,2331,N,VIIRS,n,2,281.78,0.67,N,2
35.52551,44.34274,347.21,0.55,0.51,2025-11-01,2332,N,VIIRS,n,2,285.29,9.02,N,2
35.52746,44.34409,351.83,0.55,0.51,2025-11-01,2332,N,VIIRS,n,2,286.27,9.36,N,2
35.52885,44.33828,342.88,0.54,0.51,2025-11-01,2332,N,VIIRS,n,2,283.27,9.57,N,2
35.53343,44.33981,334.31,0.54,0.51,2025-11-01,2332,N,VIIRS,n,2,283.26,3.24,N,2
35.53484,44.33394,308.01,0.54,0.51,2025-11-01,2332,N,VIIRS,n,2,282.95,3.24,N,2
35.62715,44.00624,337.83,0.52,0.5,2025-11-01,2332,N,VIIRS,n,2,276.8,6.14,N,2
35.6316,44.00788,338.75,0.52,0.5,2025-11-01,2332,N,VIIRS,n,2,281.57,8.82,N,2
35.66137,43.96329,300.92,0.52,0.5,2025-11-01,2332,N,VIIRS,n,2,266.67,0.66,N,2
35.67613,44.0664,298.92,0.52,0.5,2025-11-01,2332,N,VIIRS,n,2,282.46,1.35,N,2
35.67943,44.06797,297.88,0.52,0.5,2025-11-01,2332,N,VIIRS,n,2,281.62,0.68,N,2
35.68206,43.87427,302.86,0.51,0.49,2025-11-01,2332,N,VIIRS,n,2,278.15,15.06,N,2
35.68522,43.88135,299.1,0.51,0.49,2025-11-01,2332,N,VIIRS,n,2,278.06,7.77,N,2
35.68651,43.87578,337.45,0.51,0.49,2025-11-01,2332,N,VIIRS,n,2,298.9,15.06,N,2
35.7248,44.04024,339.05,0.52,0.5,2025-11-01,2332,N,VIIRS,n,2,286.14,3.29,N,2
35.73063,44.03604,296.59,0.52,0.5,2025-11-01,2332,N,VIIRS,n,2,283.07,3.29,N,2
35.73193,44.03049,300.56,0.52,0.5,2025-11-01,2332,N,VIIRS,n,2,282.23,1.43,N,2
35.77377,43.99612,330.93,0.52,0.5,2025-11-01,2332,N,VIIRS,n,2,284.01,4.3,N,2
35.95121,43.7291,304.7,0.5,0.49,2025-11-01,2332,N,VIIRS,n,2,283.66,0.95,N,2
35.96577,43.76888,339.22,0.5,0.49,2025-11-01,2332,N,VIIRS,n,2,288.25,8.97,N,2
35.96703,43.76337,314.44,0.5,0.49,2025-11-01,2332,N,VIIRS,n,2,286.84,7.46,N,2
35.97137,43.76511,349.68,0.5,0.49,2025-11-01,2332,N,VIIRS,n,2,289.38,7.46,N,2
35.97254,43.76628,322.52,0.5,0.49,2025-11-01,2332,N,VIIRS,n,2,285.55,3.05,N,2
35.98006,43.76852,311.56,0.5,0.49,2025-11-01,2332,N,VIIRS,n,2,285.23,2.27,N,2
35.98124,43.76965,316.88,0.5,0.49,2025-11-01,2332,N,VIIRS,n,2,285.68,1.66,N,2
35.99812,43.75824,308.05,0.5,0.49,2025-11-01,2332,N,VIIRS,n,2,283.82,1.06,N,2
36.02111,43.67966,295.94,0.49,0.49,2025-11-01,2332,N,VIIRS,n,2,281.43,0.86,N,2
36.08231,43.63849,301.92,0.49,0.48,2025-11-01,2332,N,VIIRS,n,2,279.56,0.59,N,2
36.09774,43.63248,297.75,0.49,0.48,2025-11-01,2332,N,VIIRS,n,2,278.76,0.96,N,2
36.12739,43.7817,296.67,0.49,0.49,2025-11-01,2332,N,VIIRS,n,2,283.59,1.74,N,2
36.14352,40.81686,317.67,0.53,0.42,2025-11-01,2332,N,VIIRS,n,2,280.71,1.53,N,2
36.16555,41.04771,300.75,0.54,0.42,2025-11-01,2332,N,VIIRS,n,2,282.75,0.67,N,2
36.26183,33.72759,308.5,0.4,0.37,2025-11-01,2332,N,VIIRS,n,2,289.31,0.84,N,2
36.26521,33.72832,310.01,0.4,0.37,2025-11-01,2332,N,VIIRS,n,2,289.1,0.84,N,2
36.35125,42.07819,299.94,0.4,0.44,2025-11-01,2332,N,VIIRS,n,2,288.39,1.29,N,2
36.45847,42.66878,299.26,0.43,0.46,2025-11-01,2332,N,VIIRS,n,2,281.63,0.71,N,2
36.7191,36.19928,310.63,0.39,0.36,2025-11-01,2332,N,VIIRS,n,2,290.71,0.91,N,2
36.72759,36.21031,301.28,0.39,0.36,2025-11-01,2332,N,VIIRS,n,2,286.38,0.56,N,2
36.72968,36.19748,306.53,0.39,0.36,2025-11-01,2332,N,VIIRS,n,2,290.36,1.6,N,0
36.73089,36.21115,342.3,0.39,0.36,2025-11-01,2332,N,VIIRS,n,2,295.08,3.19,N,2
36.73418,36.21197,313.01,0.39,0.36,2025-11-01,2332,N,VIIRS,n,2,293.1,3.19,N,2
36.73488,36.20769,311.45,0.39,0.36,2025-11-01,2332,N,VIIRS,n,2,290.57,1.7,N,2
36.74615,36.2016,312.13,0.39,0.36,2025-11-01,2332,N,VIIRS,n,2,288.68,0.95,N,2
36.80038,37.02124,303.74,0.39,0.36,2025-11-01,2332,N,VIIRS,n,2,283.85,0.84,N,2
36.86838,34.76357,304.25,0.39,0.36,2025-11-01,2332,N,VIIRS,n,2,287.23,0.67,N,2
36.86903,34.75924,300.37,0.39,0.36,2025-11-01,2332,N,VIIRS,n,2,286.57,0.67,N,2
36.87169,34.76435,301.39,0.39,0.36,2025-11-01,2332,N,VIIRS,n,2,286.87,0.67,N,2
36.96388,35.44848,300.25,0.38,0.36,2025-11-01,2332,N,VIIRS,n,2,286.69,1.34,N,2
37.12695,39.90526,295.97,0.47,0.39,2025-11-01,2332,N,VIIRS,n,2,275.42,0.34,N,0
37.27735,38.7301,296.59,0.42,0.38,2025-11-01,2332,N,VIIRS,n,2,282.11,1.02,N,2
37.29332,37.15659,317.95,0.39,0.36,2025-11-01,2332,N,VIIRS,n,2,285.42,1.77,N,2
37.35301,37.16082,299.62,0.39,0.36,2025-11-01,2332,N,VIIRS,n,2,283.84,1.27,N,2
37.9404,32.53405,299.22,0.45,0.39,2025-11-01,2332,N,VIIRS,n,2,280.3,0.87,N,2
41.02333,28.55206,298.17,0.59,0.7,2025-11-02,111,N,VIIRS,n,2,283.53,1.0,N,2
41.25828,31.41623,297.32,0.79,0.78,2025-11-02,111,N,VIIRS,n,2,279.02,1.88,N,2
35.52804,44.34599,337.91,0.49,0.65,2025-11-02,911,N,VIIRS,n,2,304.99,4.55,D,2
35.52855,44.34216,356.56,0.49,0.65,2025-11-02,911,N,VIIRS,n,2,306.36,5.53,D,2
35.53234,44.33824,342.28,0.49,0.65,2025-11-02,911,N,VIIRS,n,2,303.46,5.72,D,2
35.53382,44.34361,337.49,0.49,0.65,2025-11-02,911,N,VIIRS,n,2,302.94,4.55,D,2
35.53436,44.33987,345.72,0.49,0.65,2025-11-02,911,N,VIIRS,n,2,303.89,3.6,D,2
35.61547,44.35379,334.06,0.48,0.65,2025-11-02,911,N,VIIRS,n,2,303.43,1.97,D,0
35.61879,44.35521,332.28,0.48,0.65,2025-11-02,912,N,VIIRS,n,2,303.22,3.04,D,0
35.63115,44.00746,367.0,0.5,0.66,2025-11-02,912,N,VIIRS,h,2,301.71,12.26,D,2
35.63117,44.00769,354.6,0.5,0.66,2025-11-02,912,N,VIIRS,n,2,301.17,5.82,D,2
35.63271,44.01318,345.56,0.5,0.66,2025-11-02,912,N,VIIRS,n,2,303.04,5.82,D,2
35.63272,44.01293,341.85,0.5,0.66,2025-11-02,912,N,VIIRS,n,2,302.11,13.69,D,2
35.66459,43.96389,346.24,0.51,0.66,2025-11-02,912,N,VIIRS,n,2,304.3,5.39,D,2
35.68699,43.88074,367.0,0.51,0.66,2025-11-02,912,N,VIIRS,h,2,312.8,56.51,D,2
35.72603,44.04246,367.0,0.5,0.66,2025-11-02,912,N,VIIRS,h,2,306.94,4.14,D,2
35.73038,44.03476,335.82,0.5,0.66,2025-11-02,912,N,VIIRS,n,2,305.87,4.14,D,2
35.77275,43.99985,335.65,0.5,0.66,2025-11-02,912,N,VIIRS,n,2,306.32,2.66,D,2
35.77309,43.99686,339.08,0.5,0.66,2025-11-02,912,N,VIIRS,n,2,305.61,2.61,D,2
36.77308,43.32644,352.27,0.51,0.66,2025-11-02,912,N,VIIRS,n,2,303.33,5.18,D,2
36.77454,43.33,339.85,0.51,0.66,2025-11-02,912,N,VIIRS,n,2,303.72,4.6,D,2
36.77946,43.32566,338.86,0.51,0.66,2025-11-02,912,N,VIIRS,n,2,299.75,5.18,D,2
36.94139,42.17083,335.62,0.58,0.7,2025-11-02,912,N,VIIRS,n,2,303.91,4.3,D,2
36.94438,42.13432,342.65,0.58,0.7,2025-11-02,912,N,VIIRS,n,2,305.35,5.11,D,2
36.96292,40.11461,367.0,0.73,0.76,2025-11-02,912,N,VIIRS,h,2,306.94,26.04,D,0
36.96464,40.11037,355.54,0.73,0.76,2025-11-02,912,N,VIIRS,n,2,300.79,13.06,D,0
36.96723,40.11856,367.0,0.73,0.76,2025-11-02,912,N,VIIRS,h,2,302.14,27.78,D,0
36.96873,40.099,347.51,0.73,0.76,2025-11-02,912,N,VIIRS,n,2,302.83,13.06,D,0
36.9696,40.11145,335.1,0.73,0.76,2025-11-02,912,N,VIIRS,n,2,299.49,7.74,D,0
36.97366,40.10014,332.5,0.73,0.76,2025-11-02,912,N,VIIRS,n,2,298.25,11.32,D,0
36.97896,40.13137,339.88,0.73,0.76,2025-11-02,912,N,VIIRS,n,2,300.59,6.34,D,0
36.98402,40.13229,343.24,0.73,0.76,2025-11-02,912,N,VIIRS,n,2,299.34,9.66,D,0
36.98496,40.1591,330.2,0.72,0.76,2025-11-02,912,N,VIIRS,n,2,299.64,5.86,D,0
37.01319,40.12741,357.34,0.73,0.76,2025-11-02,912,N,VIIRS,n,2,300.45,15.53,D,0
37.14529,40.01709,344.7,0.73,0.76,2025-11-02,912,N,VIIRS,n,2,302.5,10.5,D,0
37.24809,39.57524,336.84,0.76,0.77,2025-11-02,912,N,VIIRS,n,2,303.07,7.65,D,0
37.25367,39.57756,332.63,0.76,0.77,2025-11-02,912,N,VIIRS,n,2,299.33,10.08,D,0
37.61076,41.38283,333.32,0.61,0.71,2025-11-02,912,N,VIIRS,n,2,298.88,3.14,D,0
37.78865,40.90801,348.08,0.63,0.72,2025-11-02,912,N,VIIRS,n,2,298.11,7.82,D,0
37.8617,40.37536,338.69,0.67,0.73,2025-11-02,912,N,VIIRS,n,2,299.54,5.4,D,0
37.91933,40.08271,328.6,0.69,0.74,2025-11-02,912,N,VIIRS,n,2,301.3,2.95,D,0
37.95865,41.02328,335.17,0.62,0.71,2025-11-02,912,N,VIIRS,n,2,300.11,4.01,D,0
37.98002,41.87738,335.62,0.56,0.69,2025-11-02,912,N,VIIRS,n,2,301.4,5.58,D,0
38.05655,41.13435,329.76,0.61,0.71,2025-11-02,912,N,VIIRS,n,2,296.22,2.99,D,0
38.05766,41.13564,326.81,0.61,0.71,2025-11-02,912,N,VIIRS,n,2,295.92,2.56,D,0
40.70971,40.56017,326.0,0.54,0.68,2025-11-02,913,N,VIIRS,n,2,282.85,3.46,D,0
40.72075,43.91051,327.67,0.37,0.58,2025-11-02,913,N,VIIRS,n,2,289.93,1.42,D,0
40.91772,44.18048,345.33,0.36,0.57,2025-11-02,913,N,VIIRS,n,2,289.42,5.22,D,0
41.64968,44.15555,335.99,0.34,0.56,2025-11-02,913,N,VIIRS,n,2,287.3,3.32,D,0
35.5246,44.28984,333.29,0.39,0.59,2025-11-02,1052,N,VIIRS,n,2,300.96,1.69,D,0
35.52769,44.34203,355.09,0.39,0.59,2025-11-02,1052,N,VIIRS,n,2,306.67,3.49,D,2
35.52795,44.34635,336.54,0.39,0.59,2025-11-02,1052,N,VIIRS,n,2,304.5,3.49,D,2
35.53297,44.33714,335.55,0.39,0.59,2025-11-02,1052,N,VIIRS,n,2,303.87,2.91,D,2
35.53324,44.3415,349.22,0.39,0.59,2025-11-02,1052,N,VIIRS,n,2,305.27,5.6,D,2
35.62919,44.00986,352.66,0.37,0.58,2025-11-02,1052,N,VIIRS,n,2,317.24,19.41,D,2
35.62945,44.01405,339.56,0.37,0.58,2025-11-02,1052,N,VIIRS,n,2,304.25,16.04,D,2
35.65941,43.96861,338.71,0.37,0.58,2025-11-02,1052,N,VIIRS,n,2,305.45,2.34,D,2
35.6601,43.96604,354.54,0.37,0.58,2025-11-02,1052,N,VIIRS,n,2,306.24,2.7,D,2
35.66484,43.96806,338.43,0.37,0.58,2025-11-02,1052,N,VIIRS,n,2,304.7,2.34,D,2
35.68197,43.8755,349.86,0.37,0.58,2025-11-02,1052,N,VIIRS,n,2,305.4,25.19,D,2
35.68738,43.87493,351.31,0.37,0.58,2025-11-02,1052,N,VIIRS,n,2,302.93,25.19,D,2
35.7251,44.04495,353.23,0.38,0.59,2025-11-02,1052,N,VIIRS,n,2,306.3,6.92,D,2
35.7715,43.99738,353.44,0.38,0.58,2025-11-02,1052,N,VIIRS,n,2,307.39,3.02,D,2
35.77256,43.99787,351.96,0.38,0.58,2025-11-02,1052,N,VIIRS,n,2,306.98,3.5,D,2
35.86448,43.97734,354.78,0.37,0.58,2025-11-02,1052,N,VIIRS,n,2,303.42,5.99,D,0
35.86476,43.98167,355.55,0.38,0.58,2025-11-02,1052,N,VIIRS,n,2,302.26,5.99,D,0
35.86501,43.9769,350.42,0.38,0.58,2025-11-02,1052,N,VIIRS,n,2,303.34,5.68,D,0
35.86525,43.98124,367.0,0.38,0.58,2025-11-02,1052,N,VIIRS,h,2,302.03,5.68,D,0
35.96433,43.60187,335.38,0.36,0.57,2025-11-02,1052,N,VIIRS,n,2,303.32,2.74,D,0
36.03155,43.81533,344.99,0.37,0.58,2025-11-02,1052,N,VIIRS,n,2,303.4,3.76,D,0
36.08881,43.84148,352.98,0.37,0.58,2025-11-02,1052,N,VIIRS,n,2,307.19,10.29,D,0
36.08906,43.84565,367.0,0.37,0.58,2025-11-02,1052,N,VIIRS,h,2,306.37,10.29,D,0
36.12913,43.53212,335.67,0.36,0.57,2025-11-02,1052,N,VIIRS,n,2,299.82,1.62,D,0
36.13868,37.36325,333.64,0.5,0.41,2025-11-02,1052,N,VIIRS,n,2,305.54,2.74,D,0
36.14407,40.81755,343.73,0.5,0.49,2025-11-02,1052,N,VIIRS,n,2,306.01,5.11,D,2
36.1577,37.77073,336.26,0.53,0.42,2025-11-02,1052,N,VIIRS,n,2,305.4,3.65,D,0
36.18059,37.69526,333.33,0.52,0.42,2025-11-02,1052,N,VIIRS,n,2,304.7,2.93,D,0
36.18151,37.69291,333.99,0.52,0.42,2025-11-02,1052,N,VIIRS,n,2,304.62,1.83,D,0
36.23562,36.49891,333.01,0.47,0.39,2025-11-02,1052,N,VIIRS,n,2,299.42,3.47,D,0
36.6759,39.12271,342.36,0.41,0.45,2025-11-02,1052,N,VIIRS,n,2,304.09,2.7,D,0
36.77306,43.32753,346.12,0.35,0.57,2025-11-02,1052,N,VIIRS,n,2,304.6,3.78,D,2
36.77828,43.32591,349.55,0.35,0.57,2025-11-02,1052,N,VIIRS,n,2,304.66,3.78,D,2
36.81342,39.549,339.03,0.44,0.46,2025-11-02,1052,N,VIIRS,n,2,304.73,2.87,D,0
36.81769,39.54837,330.09,0.44,0.46,2025-11-02,1052,N,VIIRS,n,2,302.86,2.87,D,0
36.84073,35.03693,325.66,0.42,0.38,2025-11-02,1052,N,VIIRS,n,2,296.84,1.93,D,0
36.85923,40.06306,338.5,0.47,0.47,2025-11-02,1052,N,VIIRS,n,2,306.5,3.84,D,0
36.89061,43.43322,342.06,0.36,0.57,2025-11-02,1052,N,VIIRS,n,2,296.65,2.21,D,2
36.89343,43.43227,344.67,0.36,0.57,2025-11-02,1052,N,VIIRS,n,2,295.49,2.38,D,2
36.9058,40.18638,352.38,0.47,0.48,2025-11-02,1052,N,VIIRS,n,2,309.67,12.54,D,0
36.90718,43.39301,338.63,0.36,0.57,2025-11-02,1052,N,VIIRS,n,2,295.26,3.12,D,2
36.90816,40.06166,340.46,0.47,0.48,2025-11-02,1052,N,VIIRS,n,2,307.49,7.62,D,0
36.90863,40.06699,341.29,0.47,0.48,2025-11-02,1052,N,VIIRS,n,2,305.37,8.07,D,0
36.91023,40.18576,340.48,0.47,0.48,2025-11-02,1052,N,VIIRS,n,2,301.48,12.54,D,0
36.94569,42.13528,341.91,0.61,0.53,2025-11-02,1052,N,VIIRS,n,2,308.31,3.89,D,2
36.95947,40.0951,330.17,0.47,0.48,2025-11-02,1052,N,VIIRS,n,2,304.28,1.87,D,0
36.96007,40.15464,348.17,0.47,0.48,2025-11-02,1052,N,VIIRS,n,2,308.05,9.39,D,0
36.96102,40.1515,340.63,0.47,0.48,2025-11-02,1052,N,VIIRS,n,2,304.29,4.71,D,0
36.96151,40.15694,335.12,0.47,0.48,2025-11-02,1052,N,VIIRS,n,2,304.55,6.69,D,0
36.97384,40.15826,338.95,0.47,0.48,2025-11-02,1052,N,VIIRS,n,2,304.11,5.27,D,0
36.97565,39.00668,341.13,0.41,0.45,2025-11-02,1052,N,VIIRS,n,2,307.5,3.09,D,0
36.9911,40.1504,349.28,0.47,0.48,2025-11-02,1052,N,VIIRS,n,2,304.82,5.73,D,0
36.99387,40.07953,342.51,0.47,0.48,2025-11-02,1052,N,VIIRS,n,2,307.98,6.58,D,0
37.01595,40.07652,341.9,0.47,0.48,2025-11-02,1052,N,VIIRS,n,2,303.11,6.65,D,0
37.03245,39.06969,340.69,0.42,0.45,2025-11-02,1052,N,VIIRS,n,2,304.98,9.53,D,0
37.03616,39.06435,334.96,0.42,0.45,2025-11-02,1052,N,VIIRS,n,2,301.53,15.98,D,0
37.03662,39.06907,331.94,0.42,0.45,2025-11-02,1052,N,VIIRS,n,2,301.53,9.53,D,0
37.07772,35.98835,341.37,0.45,0.39,2025-11-02,1052,N,VIIRS,n,2,300.7,17.71,D,0
37.07965,40.43896,341.01,0.49,0.49,2025-11-02,1052,N,VIIRS,n,2,304.94,3.79,D,0
37.10143,38.98563,343.68,0.41,0.45,2025-11-02,1052,N,VIIRS,n,2,309.6,12.11,D,0
37.13285,38.8767,340.79,0.41,0.45,2025-11-02,1052,N,VIIRS,n,2,304.59,5.74,D,0
37.13699,38.87605,354.24,0.41,0.45,2025-11-02,1052,N,VIIRS,n,2,312.37,17.24,D,0
37.14712,40.0165,335.56,0.47,0.48,2025-11-02,1052,N,VIIRS,n,2,309.25,3.71,D,0
37.15859,36.07839,334.89,0.46,0.39,2025-11-02,1052,N,VIIRS,n,2,304.14,2.38,D,0
37.18246,39.43167,367.0,0.44,0.46,2025-11-02,1052,N,VIIRS,h,2,309.14,10.14,D,0
37.27521,37.06254,339.75,0.5,0.41,2025-11-02,1052,N,VIIRS,n,2,307.83,4.02,D,0
37.28093,37.08279,335.87,0.5,0.41,2025-11-02,1052,N,VIIRS,n,2,308.88,3.86,D,0
37.2897,36.98805,334.58,0.5,0.41,2025-11-02,1052,N,VIIRS,n,2,308.59,3.69,D,0
37.29979,39.74066,341.44,0.45,0.47,2025-11-02,1052,N,VIIRS,n,2,308.17,3.3,D,0
37.34632,43.0948,347.92,0.35,0.56,2025-11-02,1052,N,VIIRS,n,2,302.38,3.41,D,0
37.34656,43.0985,331.58,0.35,0.56,2025-11-02,1052,N,VIIRS,n,2,300.06,3.41,D,0
37.39967,38.76744,338.66,0.41,0.45,2025-11-02,1052,N,VIIRS,n,2,308.1,3.14,D,0
37.40642,40.14933,332.36,0.48,0.48,2025-11-02,1052,N,VIIRS,n,2,303.62,3.35,D,0
37.44721,41.51186,336.5,0.57,0.52,2025-11-02,1052,N,VIIRS,n,2,303.97,3.47,D,0
37.50489,40.4499,342.0,0.5,0.49,2025-11-02,1052,N,VIIRS,n,2,306.41,8.82,D,0
37.50543,40.45283,341.52,0.5,0.49,2025-11-02,1052,N,VIIRS,n,2,305.47,15.98,D,0
37.54226,39.37685,367.0,0.44,0.46,2025-11-02,1052,N,VIIRS,h,2,306.58,10.56,D,0
37.59946,39.11552,345.18,0.42,0.46,2025-11-02,1052,N,VIIRS,n,2,310.49,4.02,D,0
37.39752,36.89334,332.42,0.5,0.41,2025-11-02,1053,N,VIIRS,n,2,306.68,3.19,D,0
37.49662,37.3331,336.01,0.52,0.42,2025-11-02,1053,N,VIIRS,n,2,306.03,3.84,D,0
37.50045,37.33251,338.61,0.52,0.42,2025-11-02,1053,N,VIIRS,n,2,302.54,6.23,D,0
37.53649,38.40944,344.66,0.39,0.44,2025-11-02,1053,N,VIIRS,n,2,307.47,3.8,D,0
37.53976,31.82327,331.75,0.38,0.36,2025-11-02,1053,N,VIIRS,n,2,300.15,2.47,D,0
37.59866,39.11349,341.68,0.42,0.46,2025-11-02,1053,N,VIIRS,n,2,310.56,5.55,D,0
37.65702,38.87656,341.24,0.41,0.45,2025-11-02,1053,N,VIIRS,n,2,306.52,4.69,D,0
37.65749,38.88128,340.57,0.41,0.45,2025-11-02,1053,N,VIIRS,n,2,303.91,4.88,D,0
37.6582,38.02857,335.05,0.56,0.43,2025-11-02,1053,N,VIIRS,n,2,309.09,6.1,D,0
37.66216,38.02777,344.32,0.56,0.43,2025-11-02,1053,N,VIIRS,n,2,308.58,6.1,D,0
37.67443,31.79729,326.35,0.38,0.36,2025-11-02,1053,N,VIIRS,n,2,298.38,1.08,D,0
37.68317,37.95831,343.17,0.56,0.43,2025-11-02,1053,N,VIIRS,n,2,306.14,7.22,D,0
37.69233,38.40506,353.84,0.39,0.44,2025-11-02,1053,N,VIIRS,n,2,310.34,12.03,D,0
37.6964,38.40446,353.15,0.39,0.44,2025-11-02,1053,N,VIIRS,n,2,307.75,12.59,D,0
37.72384,40.25184,336.95,0.49,0.48,2025-11-02,1053,N,VIIRS,n,2,303.77,3.86,D,0
37.7434,38.30255,339.28,0.39,0.44,2025-11-02,1053,N,VIIRS,n,2,301.63,3.82,D,0
37.74561,38.44212,341.58,0.39,0.44,2025-11-02,1053,N,VIIRS,n,2,306.41,2.84,D,0
37.76144,32.84437,344.79,0.39,0.36,2025-11-02,1053,N,VIIRS,n,2,297.71,3.65,D,0
37.77475,38.08605,345.8,0.57,0.43,2025-11-02,1053,N,VIIRS,n,2,308.77,9.94,D,0
37.82651,38.51732,336.19,0.4,0.44,2025-11-02,1053,N,VIIRS,n,2,307.8,2.47,D,0
37.83571,40.49205,335.68,0.5,0.49,2025-11-02,1053,N,VIIRS,n,2,300.89,3.98,D,0
37.83579,40.49399,337.24,0.5,0.49,2025-11-02,1053,N,VIIRS,n,2,301.12,4.66,D,0
37.84092,38.79285,354.04,0.41,0.45,2025-11-02,1053,N,VIIRS,n,2,312.39,14.95,D,0
37.8787,40.50998,342.08,0.51,0.49,2025-11-02,1053,N,VIIRS,n,2,302.43,7.49,D,0
37.90005,30.29202,339.18,0.4,0.37,2025-11-02,1053,N,VIIRS,n,2,293.68,2.39,D,0
37.92257,40.09076,338.91,0.48,0.48,2025-11-02,1053,N,VIIRS,n,2,305.1,3.61,D,0
37.92303,40.0963,330.6,0.48,0.48,2025-11-02,1053,N,VIIRS,n,2,302.7,3.61,D,0
37.92849,30.04507,340.68,0.4,0.37,2025-11-02,1053,N,VIIRS,n,2,296.37,2.42,D,0
37.94038,30.53296,336.5,0.39,0.36,2025-11-02,1053,N,VIIRS,n,2,291.34,2.45,D,0
37.95692,41.01712,335.56,0.54,0.51,2025-11-02,1053,N,VIIRS,n,2,303.29,4.29,D,0
37.98791,29.47191,333.07,0.41,0.37,2025-11-02,1053,N,VIIRS,n,2,277.83,3.17,D,0
37.98872,29.47657,333.28,0.41,0.37,2025-11-02,1053,N,VIIRS,n,2,275.5,3.17,D,0
38.05786,41.07931,347.21,0.55,0.51,2025-11-02,1053,N,VIIRS,n,2,307.09,16.54,D,0
38.16595,36.99231,333.65,0.51,0.41,2025-11-02,1053,N,VIIRS,n,2,301.05,3.42,D,0
38.38866,40.82595,335.83,0.53,0.5,2025-11-02,1053,N,VIIRS,n,2,303.26,3.94,D,0
38.39051,40.82975,340.02,0.53,0.5,2025-11-02,1053,N,VIIRS,n,2,303.58,3.63,D,0
38.44377,28.96029,335.15,0.42,0.38,2025-11-02,1053,N,VIIRS,n,2,298.89,3.78,D,0
38.44975,28.95348,337.61,0.42,0.38,2025-11-02,1053,N,VIIRS,n,2,297.63,1.69,D,0
38.45317,28.95247,344.77,0.42,0.38,2025-11-02,1053,N,VIIRS,n,2,298.29,3.38,D,0
38.52841,38.31728,334.76,0.4,0.44,2025-11-02,1053,N,VIIRS,n,2,298.65,3.09,D,0
38.60126,28.65926,336.04,0.43,0.38,2025-11-02,1053,N,VIIRS,n,2,297.46,3.18,D,0
38.6073,28.67257,344.75,0.43,0.38,2025-11-02,1053,N,VIIRS,n,2,297.94,6.8,D,0
38.63317,28.67528,339.94,0.43,0.38,2025-11-02,1053,N,VIIRS,n,2,297.36,2.95,D,0
38.63628,41.9756,344.42,0.62,0.54,2025-11-02,1053,N,VIIRS,n,2,295.3,8.36,D,0
38.64011,36.40656,333.17,0.49,0.4,2025-11-02,1053,N,VIIRS,n,2,297.89,4.05,D,0
38.70072,32.00731,343.46,0.38,0.36,2025-11-02,1053,N,VIIRS,n,2,272.5,6.33,D,0
38.74057,26.95117,325.99,0.49,0.4,2025-11-02,1053,N,VIIRS,n,2,289.53,3.22,D,2
38.74107,29.22279,328.08,0.41,0.37,2025-11-02,1053,N,VIIRS,n,2,293.26,2.2,D,0
38.94567,29.30595,336.23,0.41,0.37,2025-11-02,1053,N,VIIRS,n,2,296.23,2.11,D,0
39.1078,31.4494,342.99,0.38,0.36,2025-11-02,1053,N,VIIRS,n,2,278.58,6.82,D,0
39.12943,28.98523,337.48,0.42,0.37,2025-11-02,1053,N,VIIRS,n,2,300.24,2.64,D,0
39.21135,27.60764,331.3,0.46,0.39,2025-11-02,1053,N,VIIRS,n,2,296.11,5.1,D,0
39.38709,30.89449,330.48,0.39,0.36,2025-11-02,1053,N,VIIRS,n,2,282.29,4.31,D,0
39.57473,36.48262,331.3,0.5,0.41,2025-11-02,1053,N,VIIRS,n,2,294.78,4.74,D,0
39.57481,36.48672,333.8,0.5,0.41,2025-11-02,1053,N,VIIRS,n,2,295.89,4.0,D,0
39.96237,44.07551,331.67,0.41,0.61,2025-11-02,1053,N,VIIRS,n,2,293.09,3.26,D,0
39.96592,44.07823,340.54,0.41,0.61,2025-11-02,1053,N,VIIRS,n,2,292.71,4.55,D,0
40.07737,34.98892,331.5,0.45,0.39,2025-11-02,1053,N,VIIRS,n,2,298.45,1.91,D,0
40.08022,32.79839,332.05,0.39,0.37,2025-11-02,1053,N,VIIRS,n,2,295.63,4.41,D,2
40.0963,34.84558,328.88,0.44,0.39,2025-11-02,1053,N,VIIRS,n,2,294.58,1.96,D,0
40.20483,34.76698,331.14,0.44,0.38,2025-11-02,1053,N,VIIRS,n,2,300.9,2.67,D,0
40.26188,36.22882,328.58,0.5,0.41,2025-11-02,1053,N,VIIRS,n,2,293.58,1.86,D,0
40.57676,34.46954,326.05,0.43,0.38,2025-11-02,1053,N,VIIRS,n,2,291.83,2.28,D,0
40.93251,43.73698,343.43,0.4,0.6,2025-11-02,1053,N,VIIRS,n,2,293.36,4.02,D,0
41.24299,36.46696,335.63,0.52,0.42,2025-11-02,1054,N,VIIRS,n,2,297.55,5.03,D,2
41.25396,31.41404,326.14,0.39,0.36,2025-11-02,1054,N,VIIRS,n,2,290.08,2.07,D,2
41.2626,31.42603,329.11,0.39,0.36,2025-11-02,1054,N,VIIRS,n,2,293.12,4.35,D,2
41.59062,35.8617,326.27,0.5,0.41,2025-11-02,1054,N,VIIRS,n,2,291.65,3.57,D,0
41.61848,35.63118,336.37,0.49,0.4,2025-11-02,1054,N,VIIRS,n,2,293.07,4.04,D,0
41.61921,35.62916,338.43,0.49,0.4,2025-11-02,1054,N,VIIRS,n,2,294.35,7.8,D,0
41.62221,35.63045,334.86,0.49,0.4,2025-11-02,1054,N,VIIRS,n,2,292.18,4.04,D,0
41.62246,35.83727,326.82,0.5,0.41,2025-11-02,1054,N,VIIRS,n,2,291.79,2.62,D,0
41.66022,35.97689,334.18,0.51,0.41,2025-11-02,1054,N,VIIRS,n,2,292.04,3.01,D,0
41.66909,35.9877,325.18,0.51,0.41,2025-11-02,1054,N,VIIRS,n,2,291.78,2.88,D,0
41.66926,35.845,328.22,0.5,0.41,2025-11-02,1054,N,VIIRS,n,2,290.92,2.36,D,0
41.67006,35.98923,327.16,0.51,0.41,2025-11-02,1054,N,VIIRS,n,2,291.74,2.66,D,0
41.67056,35.85707,341.93,0.5,0.41,2025-11-02,1054,N,VIIRS,n,2,292.8,8.27,D,0
41.68395,35.91015,327.84,0.5,0.41,2025-11-02,1054,N,VIIRS,n,2,291.79,3.98,D,0
41.73917,27.5331,325.84,0.43,0.38,2025-11-02,1054,N,VIIRS,n,2,292.54,1.66,D,0
41.95447,26.78106,340.21,0.45,0.39,2025-11-02,1054,N,VIIRS,n,2,293.79,3.49,D,0
37.54647,42.66555,295.09,0.4,0.37,2025-11-02,2312,N,VIIRS,n,2,279.47,1.25,N,0
37.55063,42.66184,305.16,0.4,0.37,2025-11-02,2312,N,VIIRS,n,2,280.36,0.88,N,0
37.90633,40.99891,299.78,0.38,0.36,2025-11-02,2312,N,VIIRS,n,2,276.2,0.68,N,0
37.9822,41.33279,295.13,0.39,0.36,2025-11-02,2312,N,VIIRS,n,2,274.4,0.62,N,0
38.12086,41.16762,324.36,0.38,0.36,2025-11-02,2312,N,VIIRS,n,2,279.46,2.54,N,0
38.45343,38.72771,306.37,0.41,0.37,2025-11-02,2312,N,VIIRS,n,2,281.72,0.47,N,2
38.66512,39.23338,297.13,0.4,0.37,2025-11-02,2312,N,VIIRS,n,2,278.48,0.71,N,2
39.58489,43.90213,299.52,0.41,0.37,2025-11-02,2312,N,VIIRS,n,2,273.35,0.51,N,0
39.72252,36.93619,295.24,0.48,0.4,2025-11-02,2312,N,VIIRS,n,2,272.79,0.87,N,2
39.86291,26.24023,295.97,0.56,0.69,2025-11-02,2312,N,VIIRS,n,2,282.47,1.04,N,0
39.94252,33.19103,295.07,0.48,0.48,2025-11-02,2312,N,VIIRS,n,2,272.44,1.48,N,2
40.7592,30.64708,295.24,0.33,0.55,2025-11-02,2312,N,VIIRS,n,2,278.53,0.34,N,0
41.02116,28.55256,302.76,0.43,0.62,2025-11-02,2312,N,VIIRS,n,2,284.24,1.09,N,2
41.02138,28.55293,303.79,0.43,0.62,2025-11-02,2312,N,VIIRS,n,2,284.07,1.08,N,2
41.10844,37.32347,295.72,0.48,0.4,2025-11-02,2312,N,VIIRS,n,2,282.33,0.61,N,2
41.17593,32.63125,302.98,0.53,0.5,2025-11-02,2312,N,VIIRS,n,2,281.67,1.68,N,2
41.24039,36.46061,300.6,0.52,0.41,2025-11-02,2312,N,VIIRS,n,2,275.13,1.09,N,2
41.24422,36.46132,301.57,0.52,0.41,2025-11-02,2312,N,VIIRS,n,2,277.42,1.09,N,2
41.26177,31.43019,310.61,0.61,0.53,2025-11-02,2312,N,VIIRS,n,2,280.57,1.92,N,2
41.26226,31.42267,296.19,0.61,0.53,2025-11-02,2312,N,VIIRS,n,2,281.11,1.92,N,2
41.26724,31.42329,296.48,0.61,0.53,2025-11-02,2312,N,VIIRS,n,2,282.45,1.26,N,2
35.51022,44.37332,303.47,0.48,0.4,2025-11-02,2313,N,VIIRS,n,2,284.98,0.76,N,2
35.52645,44.34166,338.48,0.48,0.4,2025-11-02,2313,N,VIIRS,n,2,286.02,4.43,N,2
35.52708,44.3453,331.61,0.48,0.4,2025-11-02,2313,N,VIIRS,n,2,284.74,1.96,N,2
35.52807,44.34013,332.94,0.48,0.4,2025-11-02,2313,N,VIIRS,n,2,285.01,5.24,N,2
35.53109,44.33752,335.55,0.48,0.4,2025-11-02,2313,N,VIIRS,n,2,288.98,6.46,N,2
35.53169,44.34116,329.84,0.48,0.4,2025-11-02,2313,N,VIIRS,n,2,287.8,5.24,N,2
35.53268,44.33597,330.78,0.48,0.4,2025-11-02,2313,N,VIIRS,n,2,286.01,5.24,N,2
35.53471,44.33854,328.43,0.48,0.4,2025-11-02,2313,N,VIIRS,n,2,285.13,6.46,N,2
35.62983,44.00505,329.06,0.46,0.39,2025-11-02,2313,N,VIIRS,n,2,285.21,44.16,N,2
35.65986,43.96583,297.54,0.46,0.39,2025-11-02,2313,N,VIIRS,n,2,280.6,0.84,N,2
35.66342,43.96684,323.13,0.46,0.39,2025-11-02,2313,N,VIIRS,n,2,284.14,1.24,N,2
35.66437,43.96181,295.14,0.46,0.39,2025-11-02,2313,N,VIIRS,n,2,280.92,1.24,N,2
35.67821,44.06688,309.51,0.46,0.39,2025-11-02,2313,N,VIIRS,n,2,283.55,1.71,N,2
35.685,43.87294,329.01,0.46,0.39,2025-11-02,2313,N,VIIRS,n,2,287.03,48.73,N,2
35.68759,43.87893,301.7,0.46,0.39,2025-11-02,2313,N,VIIRS,n,2,282.28,1.52,N,2
35.72208,44.03835,295.03,0.46,0.39,2025-11-02,2313,N,VIIRS,n,2,284.64,8.14,N,2
35.72566,44.03931,337.67,0.46,0.39,2025-11-02,2313,N,VIIRS,n,2,290.92,8.14,N,2
35.7302,44.03526,303.69,0.46,0.39,2025-11-02,2313,N,VIIRS,n,2,284.79,1.25,N,2
35.73116,44.03025,312.92,0.46,0.39,2025-11-02,2313,N,VIIRS,n,2,284.1,1.25,N,2
35.77187,43.99402,337.16,0.46,0.39,2025-11-02,2313,N,VIIRS,n,2,285.76,4.38,N,2
35.81469,43.25626,301.42,0.43,0.38,2025-11-02,2313,N,VIIRS,n,2,282.95,0.85,N,2
35.95346,43.72916,302.82,0.45,0.39,2025-11-02,2313,N,VIIRS,n,2,283.7,1.1,N,2
35.96464,43.76836,314.95,0.45,0.39,2025-11-02,2313,N,VIIRS,n,2,286.27,2.63,N,2
35.96556,43.76341,299.8,0.45,0.39,2025-11-02,2313,N,VIIRS,n,2,286.25,7.01,N,2
35.96748,43.76604,352.49,0.45,0.39,2025-11-02,2313,N,VIIRS,n,2,293.86,11.31,N,2
35.96814,43.76943,329.19,0.45,0.39,2025-11-02,2313,N,VIIRS,n,2,289.85,2.63,N,2
35.96842,43.7611,323.48,0.45,0.39,2025-11-02,2313,N,VIIRS,n,2,287.66,3.59,N,2
35.96906,43.76448,343.57,0.45,0.39,2025-11-02,2313,N,VIIRS,n,2,295.21,7.01,N,2
35.97098,43.7671,316.78,0.45,0.39,2025-11-02,2313,N,VIIRS,n,2,286.85,1.7,N,2
35.97192,43.76216,329.32,0.45,0.39,2025-11-02,2313,N,VIIRS,n,2,288.02,3.73,N,2
35.97354,43.77309,296.97,0.45,0.39,2025-11-02,2313,N,VIIRS,n,2,286.97,1.7,N,2
35.98149,43.77025,313.92,0.45,0.39,2025-11-02,2313,N,VIIRS,n,2,286.15,1.74,N,2
35.99832,43.75962,305.36,0.45,0.39,2025-11-02,2313,N,VIIRS,n,2,283.76,1.08,N,2
36.01657,43.68254,299.61,0.44,0.39,2025-11-02,2313,N,VIIRS,n,2,280.95,1.22,N,2
36.08341,43.64034,300.63,0.44,0.39,2025-11-02,2313,N,VIIRS,n,2,281.25,0.61,N,2
36.09858,43.6321,298.57,0.44,0.38,2025-11-02,2313,N,VIIRS,n,2,279.19,0.69,N,2
36.10008,43.62977,302.2,0.44,0.39,2025-11-02,2313,N,VIIRS,n,2,280.55,0.69,N,2
36.13224,40.80922,307.93,0.39,0.36,2025-11-02,2313,N,VIIRS,n,2,283.55,0.94,N,2
36.13684,41.08812,299.07,0.39,0.36,2025-11-02,2313,N,VIIRS,n,2,281.89,0.5,N,0
36.14144,40.81592,329.61,0.39,0.36,2025-11-02,2313,N,VIIRS,n,2,282.58,2.9,N,2
36.14473,40.81673,310.75,0.39,0.36,2025-11-02,2313,N,VIIRS,n,2,281.29,0.98,N,2
36.16439,41.04611,300.92,0.39,0.36,2025-11-02,2313,N,VIIRS,n,2,283.71,0.53,N,2
36.26419,33.72757,321.72,0.41,0.45,2025-11-02,2313,N,VIIRS,n,2,287.76,2.77,N,2
36.31516,43.74344,297.51,0.44,0.39,2025-11-02,2313,N,VIIRS,n,2,283.88,0.78,N,0
36.34912,42.07627,301.77,0.4,0.37,2025-11-02,2313,N,VIIRS,n,2,287.29,1.16,N,2
36.69147,44.0716,295.62,0.45,0.39,2025-11-02,2313,N,VIIRS,n,2,282.45,0.49,N,0
36.73067,43.27853,307.59,0.42,0.38,2025-11-02,2313,N,VIIRS,n,2,284.27,1.02,N,2
36.74825,43.49788,302.4,0.43,0.38,2025-11-02,2313,N,VIIRS,n,2,286.57,1.77,N,2
36.77618,43.32532,329.68,0.42,0.38,2025-11-02,2313,N,VIIRS,n,2,291.67,7.4,N,2
36.86491,39.50463,296.82,0.39,0.36,2025-11-02,2313,N,VIIRS,n,2,281.53,0.59,N,0
36.86758,34.76522,298.06,0.55,0.43,2025-11-02,2313,N,VIIRS,n,2,287.07,0.48,N,2
36.86771,43.52115,300.64,0.43,0.38,2025-11-02,2313,N,VIIRS,n,2,282.82,0.6,N,0
36.86824,34.75903,298.62,0.55,0.43,2025-11-02,2313,N,VIIRS,n,2,288.55,1.89,N,2
36.86893,34.76495,309.75,0.55,0.43,2025-11-02,2313,N,VIIRS,n,2,289.81,2.71,N,2
36.87038,43.4868,325.6,0.43,0.38,2025-11-02,2313,N,VIIRS,n,2,284.43,1.75,N,2
36.87152,34.76595,299.64,0.55,0.43,2025-11-02,2313,N,VIIRS,n,2,287.73,0.48,N,2
36.89126,43.43167,303.86,0.43,0.38,2025-11-02,2313,N,VIIRS,n,2,280.37,1.39,N,2
36.89213,43.42688,315.9,0.43,0.38,2025-11-02,2313,N,VIIRS,n,2,281.03,1.39,N,2
36.90588,43.39091,326.84,0.43,0.38,2025-11-02,2313,N,VIIRS,n,2,281.73,1.53,N,2
36.91497,41.89424,303.58,0.39,0.36,2025-11-02,2313,N,VIIRS,n,2,280.49,0.79,N,2
36.93492,42.13204,323.31,0.4,0.37,2025-11-02,2313,N,VIIRS,n,2,284.03,2.1,N,2
36.9372,42.11882,295.88,0.4,0.37,2025-11-02,2313,N,VIIRS,n,2,281.97,0.46,N,2
36.94214,42.17098,328.83,0.4,0.37,2025-11-02,2313,N,VIIRS,n,2,285.61,2.24,N,2
36.94371,30.79064,296.77,0.6,0.53,2025-11-02,2313,N,VIIRS,n,2,269.21,1.42,N,0
36.94568,42.13028,329.24,0.4,0.37,2025-11-02,2313,N,VIIRS,n,2,286.26,2.1,N,2
36.94901,42.13117,319.86,0.4,0.37,2025-11-02,2313,N,VIIRS,n,2,283.94,2.1,N,2
36.96475,42.08013,319.89,0.4,0.37,2025-11-02,2313,N,VIIRS,n,2,282.64,1.4,N,2
36.99189,42.79123,298.48,0.41,0.37,2025-11-02,2313,N,VIIRS,n,2,284.43,0.48,N,0
37.0077,42.07309,299.28,0.4,0.37,2025-11-02,2313,N,VIIRS,n,2,283.81,0.52,N,0
37.05967,41.84853,296.84,0.39,0.36,2025-11-02,2313,N,VIIRS,n,2,282.15,0.31,N,0
37.07927,42.55712,296.64,0.4,0.37,2025-11-02,2313,N,VIIRS,n,2,286.04,0.59,N,2
37.29534,37.16048,301.84,0.44,0.39,2025-11-02,2313,N,VIIRS,n,2,284.05,1.3,N,2
37.29602,37.15515,302.46,0.44,0.39,2025-11-02,2313,N,VIIRS,n,2,281.84,1.55,N,2
37.33612,40.80392,296.0,0.38,0.36,2025-11-02,2313,N,VIIRS,n,2,281.07,1.49,N,2
37.35156,37.16276,304.15,0.44,0.39,2025-11-02,2313,N,VIIRS,n,2,285.51,1.42,N,2
37.37328,30.39067,296.97,0.32,0.54,2025-11-02,2313,N,VIIRS,n,2,274.41,0.22,N,0
37.37526,30.39302,297.63,0.64,0.54,2025-11-02,2313,N,VIIRS,n,2,274.09,0.74,N,0
37.37834,30.39138,296.33,0.32,0.54,2025-11-02,2313,N,VIIRS,n,2,274.27,0.2,N,0
37.40098,42.38628,299.11,0.4,0.37,2025-11-02,2313,N,VIIRS,n,2,283.05,0.53,N,0
37.86056,38.80468,296.45,0.4,0.37,2025-11-02,2313,N,VIIRS,n,2,280.19,0.57,N,0
37.86063,29.36913,306.23,0.37,0.58,2025-11-02,2313,N,VIIRS,n,2,284.49,1.14,N,2
37.86236,29.36899,299.27,0.37,0.58,2025-11-02,2313,N,VIIRS,n,2,283.8,1.27,N,2
38.75249,26.93425,306.19,0.5,0.66,2025-11-02,2313,N,VIIRS,n,2,279.02,1.17,N,2
41.17619,32.62867,295.92,0.55,0.68,2025-11-03,52,N,VIIRS,n,2,273.43,1.85,N,0
41.25314,31.41128,333.17,0.48,0.64,2025-11-03,52,N,VIIRS,n,2,278.36,3.08,N,2
41.25458,31.41554,310.76,0.48,0.64,2025-11-03,52,N,VIIRS,n,2,278.89,3.34,N,2
41.25622,31.41014,338.97,0.47,0.64,2025-11-03,52,N,VIIRS,n,2,280.13,5.75,N,2
41.25869,31.41444,330.35,0.48,0.64,2025-11-03,52,N,VIIRS,n,2,279.66,3.97,N,2
41.26268,31.42287,298.88,0.48,0.64,2025-11-03,52,N,VIIRS,n,2,281.55,1.67,N,2
41.26415,31.42694,296.48,0.48,0.64,2025-11-03,52,N,VIIRS,n,2,283.25,0.99,N,2
41.26579,31.42152,298.66,0.48,0.64,2025-11-03,52,N,VIIRS,n,2,283.36,0.99,N,2
38.45712,27.26226,299.61,0.35,0.57,2025-11-03,53,N,VIIRS,n,2,285.55,0.64,N,0
38.74489,26.93171,297.46,0.33,0.56,2025-11-03,53,N,VIIRS,n,2,284.77,1.2,N,0
38.74983,26.9338,297.36,0.33,0.56,2025-11-03,53,N,VIIRS,n,2,284.44,0.87,N,2
38.75475,26.93598,312.46,0.33,0.56,2025-11-03,53,N,VIIRS,n,2,284.92,0.87,N,2
39.48389,30.04013,297.73,0.46,0.63,2025-11-03,53,N,VIIRS,n,2,269.98,0.6,N,2
39.86567,26.24358,302.82,0.58,0.52,2025-11-03,53,N,VIIRS,n,2,284.43,1.86,N,2
39.86634,26.24435,302.26,0.58,0.52,2025-11-03,53,N,VIIRS,n,2,284.57,1.46,N,2
39.96465,44.49549,325.83,0.62,0.72,2025-11-03,854,N,VIIRS,n,2,290.16,5.11,D,0
35.50965,35.83799,340.01,0.4,0.37,2025-11-03,1033,N,VIIRS,n,2,304.7,9.92,D,0
35.5148,35.86856,339.14,0.4,0.37,2025-11-03,1033,N,VIIRS,n,2,308.01,22.55,D,0
35.52548,44.34287,343.54,0.42,0.46,2025-11-03,1033,N,VIIRS,n,2,309.95,3.83,D,2
35.52594,44.34756,341.61,0.42,0.46,2025-11-03,1033,N,VIIRS,n,2,308.96,4.21,D,2
35.52969,44.34225,345.45,0.42,0.46,2025-11-03,1033,N,VIIRS,n,2,312.65,7.35,D,2
35.53291,44.33834,347.2,0.42,0.46,2025-11-03,1033,N,VIIRS,n,2,310.45,6.27,D,2
35.53344,44.33692,342.18,0.42,0.46,2025-11-03,1033,N,VIIRS,n,2,309.66,7.35,D,2
35.66273,43.96408,342.81,0.41,0.45,2025-11-03,1033,N,VIIRS,n,2,308.82,3.69,D,2
35.66319,43.96863,337.04,0.41,0.45,2025-11-03,1033,N,VIIRS,n,2,308.25,3.69,D,2
35.68753,43.87778,353.95,0.4,0.44,2025-11-03,1033,N,VIIRS,n,2,306.62,10.86,D,2
35.72537,44.04261,350.78,0.41,0.45,2025-11-03,1033,N,VIIRS,n,2,313.0,19.08,D,2
35.72633,44.04347,343.34,0.41,0.45,2025-11-03,1033,N,VIIRS,n,2,310.34,19.45,D,2
35.7296,44.03363,344.96,0.41,0.45,2025-11-03,1033,N,VIIRS,n,2,309.4,3.35,D,2
35.74498,44.23948,347.27,0.42,0.45,2025-11-03,1033,N,VIIRS,n,2,307.36,5.25,D,0
35.74519,44.23823,342.93,0.42,0.45,2025-11-03,1033,N,VIIRS,n,2,307.38,4.17,D,0
35.77254,43.99892,342.51,0.41,0.45,2025-11-03,1033,N,VIIRS,n,2,308.86,5.07,D,2
35.82689,38.57555,334.4,0.39,0.36,2025-11-03,1033,N,VIIRS,n,2,306.01,3.52,D,0
35.84209,44.14438,336.52,0.42,0.45,2025-11-03,1033,N,VIIRS,n,2,307.72,3.92,D,0
35.91076,39.12438,339.88,0.4,0.37,2025-11-03,1033,N,VIIRS,n,2,304.71,2.4,D,0
35.92514,38.78246,331.11,0.39,0.36,2025-11-03,1033,N,VIIRS,n,2,302.29,3.7,D,0
35.92576,38.78682,331.87,0.39,0.36,2025-11-03,1033,N,VIIRS,n,2,301.48,4.17,D,0
36.13953,37.4335,336.41,0.38,0.36,2025-11-03,1033,N,VIIRS,n,2,301.74,3.0,D,0
36.14184,40.81619,335.85,0.45,0.39,2025-11-03,1033,N,VIIRS,n,2,308.75,0.76,D,2
36.1561,37.83887,334.24,0.39,0.36,2025-11-03,1033,N,VIIRS,n,2,303.78,2.76,D,0
36.21072,38.95153,336.58,0.4,0.37,2025-11-03,1033,N,VIIRS,n,2,304.59,2.45,D,0
36.74036,38.7492,330.43,0.4,0.37,2025-11-03,1033,N,VIIRS,n,2,304.73,2.37,D,0
36.77534,43.32491,346.23,0.39,0.44,2025-11-03,1033,N,VIIRS,n,2,314.58,9.11,D,2
36.81979,37.65364,343.1,0.39,0.36,2025-11-03,1033,N,VIIRS,n,2,306.8,9.55,D,0
36.85068,39.14606,335.62,0.41,0.37,2025-11-03,1033,N,VIIRS,n,2,304.64,5.39,D,0
36.87638,39.86955,344.74,0.42,0.38,2025-11-03,1033,N,VIIRS,n,2,311.9,3.91,D,0
36.87984,39.86885,348.88,0.42,0.38,2025-11-03,1033,N,VIIRS,n,2,310.21,9.81,D,0
36.89152,40.15902,340.25,0.43,0.38,2025-11-03,1033,N,VIIRS,n,2,306.75,3.51,D,0
36.91536,40.14739,347.48,0.43,0.38,2025-11-03,1033,N,VIIRS,n,2,308.0,4.67,D,0
36.91652,38.89186,334.46,0.4,0.37,2025-11-03,1033,N,VIIRS,n,2,301.56,2.41,D,0
36.91886,40.14669,335.5,0.43,0.38,2025-11-03,1033,N,VIIRS,n,2,303.59,4.67,D,0
36.94645,40.16609,344.45,0.43,0.38,2025-11-03,1033,N,VIIRS,n,2,305.3,6.44,D,0
36.98478,39.13467,348.18,0.41,0.37,2025-11-03,1033,N,VIIRS,n,2,309.29,27.22,D,0
36.98818,39.13396,347.77,0.41,0.37,2025-11-03,1033,N,VIIRS,n,2,319.72,27.22,D,0
36.99769,40.14779,342.01,0.43,0.38,2025-11-03,1033,N,VIIRS,n,2,301.26,6.66,D,0
36.99774,40.14595,335.49,0.43,0.38,2025-11-03,1033,N,VIIRS,n,2,301.87,3.89,D,0
37.02221,40.14294,337.11,0.43,0.38,2025-11-03,1033,N,VIIRS,n,2,300.99,3.07,D,0
37.07734,39.64774,334.71,0.42,0.38,2025-11-03,1033,N,VIIRS,n,2,309.41,2.78,D,0
37.07795,39.65244,332.52,0.42,0.38,2025-11-03,1033,N,VIIRS,n,2,305.25,2.78,D,0
37.16842,40.94439,337.82,0.46,0.39,2025-11-03,1033,N,VIIRS,n,2,308.45,3.54,D,0
36.72903,36.21256,335.38,0.39,0.36,2025-11-03,1034,N,VIIRS,n,2,303.5,4.68,D,2
36.91749,34.70971,328.5,0.41,0.37,2025-11-03,1034,N,VIIRS,n,2,282.28,1.22,D,0
36.96441,35.9047,335.48,0.39,0.36,2025-11-03,1034,N,VIIRS,n,2,306.37,2.11,D,0
37.03906,35.88668,340.2,0.39,0.36,2025-11-03,1034,N,VIIRS,n,2,306.32,3.38,D,0
37.36673,37.0997,343.6,0.38,0.36,2025-11-03,1034,N,VIIRS,n,2,302.19,3.61,D,0
37.44346,37.65977,337.28,0.39,0.36,2025-11-03,1034,N,VIIRS,n,2,305.89,2.58,D,0
37.47865,37.12376,332.25,0.38,0.36,2025-11-03,1034,N,VIIRS,n,2,301.73,3.28,D,0
37.62639,39.19174,339.86,0.41,0.37,2025-11-03,1034,N,VIIRS,n,2,305.52,3.71,D,0
37.65892,39.31129,333.23,0.41,0.37,2025-11-03,1034,N,VIIRS,n,2,307.62,1.89,D,0
37.66262,38.19244,337.11,0.39,0.36,2025-11-03,1034,N,VIIRS,n,2,304.22,3.32,D,0
37.66595,38.19169,337.28,0.39,0.36,2025-11-03,1034,N,VIIRS,n,2,303.84,3.78,D,0
37.69698,39.22649,336.24,0.41,0.37,2025-11-03,1034,N,VIIRS,n,2,308.07,2.97,D,0
37.71807,39.02406,341.8,0.41,0.37,2025-11-03,1034,N,VIIRS,n,2,309.31,9.34,D,0
37.72529,33.93494,335.23,0.42,0.38,2025-11-03,1034,N,VIIRS,n,2,290.35,3.46,D,0
37.72589,40.26065,335.51,0.44,0.39,2025-11-03,1034,N,VIIRS,n,2,302.49,1.32,D,0
37.76792,34.3563,356.16,0.41,0.37,2025-11-03,1034,N,VIIRS,n,2,298.42,9.51,D,0
37.76873,34.36093,356.21,0.41,0.37,2025-11-03,1034,N,VIIRS,n,2,297.96,9.51,D,0
37.79824,40.54969,335.98,0.45,0.39,2025-11-03,1034,N,VIIRS,n,2,303.89,3.35,D,0
37.79859,34.18656,342.55,0.42,0.37,2025-11-03,1034,N,VIIRS,n,2,295.33,15.76,D,0
37.79978,40.55215,338.15,0.45,0.39,2025-11-03,1034,N,VIIRS,n,2,305.26,4.68,D,0
37.8082,40.5613,337.58,0.45,0.39,2025-11-03,1034,N,VIIRS,n,2,301.0,3.29,D,0
37.89639,40.50188,339.79,0.45,0.39,2025-11-03,1034,N,VIIRS,n,2,307.49,2.25,D,0
37.89767,40.50491,335.96,0.45,0.39,2025-11-03,1034,N,VIIRS,n,2,306.1,3.19,D,0
37.90781,40.99618,357.25,0.47,0.4,2025-11-03,1034,N,VIIRS,n,2,313.5,15.39,D,0
37.90843,41.00148,342.71,0.47,0.4,2025-11-03,1034,N,VIIRS,n,2,306.02,14.08,D,0
37.91146,40.99547,348.95,0.47,0.4,2025-11-03,1034,N,VIIRS,n,2,304.33,15.39,D,0
37.97594,38.84272,333.71,0.41,0.37,2025-11-03,1034,N,VIIRS,n,2,302.58,2.22,D,0
37.97867,38.83718,331.68,0.41,0.37,2025-11-03,1034,N,VIIRS,n,2,304.31,9.13,D,0
37.97931,38.84189,337.9,0.41,0.37,2025-11-03,1034,N,VIIRS,n,2,302.83,9.47,D,0
37.99397,34.47972,328.17,0.41,0.37,2025-11-03,1034,N,VIIRS,n,2,277.14,2.68,D,0
37.9948,34.4845,334.27,0.41,0.37,2025-11-03,1034,N,VIIRS,n,2,279.19,3.89,D,0
38.03579,40.15636,344.36,0.44,0.38,2025-11-03,1034,N,VIIRS,n,2,307.72,5.85,D,0
38.03642,40.16141,333.82,0.44,0.39,2025-11-03,1034,N,VIIRS,n,2,306.2,4.27,D,0
38.0839,38.38341,338.07,0.4,0.37,2025-11-03,1034,N,VIIRS,n,2,299.25,20.36,D,0
38.08454,38.38803,342.17,0.4,0.37,2025-11-03,1034,N,VIIRS,n,2,300.09,25.22,D,0
38.19923,33.91837,338.15,0.42,0.38,2025-11-03,1034,N,VIIRS,n,2,298.64,2.22,D,0
38.26787,40.85146,333.7,0.47,0.4,2025-11-03,1034,N,VIIRS,n,2,293.83,7.39,D,0
38.26875,40.8537,331.05,0.47,0.4,2025-11-03,1034,N,VIIRS,n,2,292.86,4.18,D,0
38.2835,28.34948,336.78,0.48,0.48,2025-11-03,1034,N,VIIRS,n,2,289.97,3.09,D,0
38.38753,35.39101,343.08,0.39,0.36,2025-11-03,1034,N,VIIRS,n,2,304.49,1.59,D,0
38.45374,35.62785,338.16,0.39,0.36,2025-11-03,1034,N,VIIRS,n,2,305.08,3.07,D,0
38.45704,35.627,335.61,0.39,0.36,2025-11-03,1034,N,VIIRS,n,2,300.92,3.14,D,0
38.46838,34.71756,341.32,0.4,0.37,2025-11-03,1034,N,VIIRS,n,2,295.49,2.75,D,0
38.8833,34.72055,340.17,0.4,0.37,2025-11-03,1034,N,VIIRS,n,2,301.14,1.98,D,0
39.00988,37.60492,344.63,0.39,0.36,2025-11-03,1034,N,VIIRS,n,2,295.31,5.83,D,0
39.22312,37.89831,327.42,0.4,0.37,2025-11-03,1034,N,VIIRS,n,2,285.67,4.95,D,0
39.23758,34.05133,340.89,0.41,0.37,2025-11-03,1034,N,VIIRS,n,2,289.93,2.36,D,0
39.2384,34.05603,336.42,0.41,0.37,2025-11-03,1034,N,VIIRS,n,2,289.27,3.16,D,0
39.24095,34.05044,337.49,0.41,0.37,2025-11-03,1034,N,VIIRS,n,2,291.24,3.45,D,0
39.41386,36.82663,346.81,0.39,0.36,2025-11-03,1034,N,VIIRS,n,2,298.9,6.22,D,0
39.5328,38.48113,325.41,0.41,0.37,2025-11-03,1034,N,VIIRS,n,2,290.93,1.94,D,0
39.54322,33.86428,330.42,0.41,0.37,2025-11-03,1034,N,VIIRS,n,2,296.85,2.42,D,0
39.91696,33.84088,336.62,0.41,0.37,2025-11-03,1034,N,VIIRS,n,2,298.52,2.07,D,0
39.9673,44.49741,351.87,0.49,0.48,2025-11-03,1034,N,VIIRS,n,2,297.07,20.18,D,0
39.98553,39.10905,332.09,0.43,0.38,2025-11-03,1034,N,VIIRS,n,2,292.29,5.6,D,0
40.01376,44.00067,332.51,0.46,0.47,2025-11-03,1034,N,VIIRS,n,2,295.59,5.46,D,0
40.48973,42.94547,341.76,0.41,0.45,2025-11-03,1034,N,VIIRS,n,2,293.47,8.64,D,0
40.11881,34.30183,335.61,0.4,0.37,2025-11-03,1035,N,VIIRS,n,2,296.45,1.93,D,0
40.13686,28.08185,328.3,0.45,0.47,2025-11-03,1035,N,VIIRS,n,2,295.26,2.6,D,0
40.15721,28.09134,325.65,0.45,0.47,2025-11-03,1035,N,VIIRS,n,2,293.05,3.02,D,0
40.16291,33.49411,340.37,0.41,0.37,2025-11-03,1035,N,VIIRS,n,2,298.14,2.09,D,0
40.74405,29.77271,333.95,0.55,0.42,2025-11-03,1035,N,VIIRS,n,2,288.11,3.33,D,3
41.28007,43.60379,339.58,0.45,0.47,2025-11-03,1035,N,VIIRS,n,2,296.13,3.52,D,0
41.28442,43.60326,328.78,0.45,0.47,2025-11-03,1035,N,VIIRS,n,2,294.34,3.04,D,0
41.49444,43.52442,330.03,0.45,0.47,2025-11-03,1035,N,VIIRS,n,2,293.8,2.24,D,0
41.52708,43.37648,339.09,0.44,0.46,2025-11-03,1035,N,VIIRS,n,2,296.26,3.28,D,0
41.67998,35.90052,327.11,0.38,0.36,2025-11-03,1035,N,VIIRS,n,2,268.86,2.34,D,0
40.30414,28.16289,333.9,0.73,0.76,2025-11-03,1216,N,VIIRS,n,2,291.66,9.65,D,0
40.30642,28.16201,336.99,0.73,0.76,2025-11-03,1216,N,VIIRS,n,2,291.79,7.68,D,0
40.83358,26.26977,343.54,0.58,0.7,2025-11-03,1216,N,VIIRS,n,2,284.49,7.41,D,0
40.83499,26.27063,335.14,0.58,0.7,2025-11-03,1216,N,VIIRS,n,2,283.37,5.56,D,0
39.00918,37.60275,295.23,0.49,0.48,2025-11-03,2253,N,VIIRS,n,2,273.83,1.51,N,0
39.00968,37.59688,305.4,0.49,0.48,2025-11-03,2253,N,VIIRS,n,2,275.95,2.36,N,0
39.01365,37.60356,307.41,0.49,0.48,2025-11-03,2253,N,VIIRS,n,2,274.91,1.51,N,0
40.24281,29.92054,300.14,0.64,0.72,2025-11-03,2253,N,VIIRS,n,2,281.04,1.36,N,0
35.51163,44.37455,298.18,0.39,0.36,2025-11-03,2254,N,VIIRS,n,2,284.59,0.49,N,2
35.52673,44.34302,351.61,0.39,0.36,2025-11-03,2254,N,VIIRS,n,2,287.61,6.12,N,2
35.53068,44.33955,333.71,0.39,0.36,2025-11-03,2254,N,VIIRS,n,2,291.28,10.24,N,2
35.53463,44.33609,328.58,0.39,0.36,2025-11-03,2254,N,VIIRS,n,2,286.09,4.87,N,2
35.56628,44.33027,306.0,0.39,0.36,2025-11-03,2254,N,VIIRS,n,2,286.6,0.69,N,0
35.62798,44.00857,339.35,0.39,0.36,2025-11-03,2254,N,VIIRS,n,2,306.89,36.6,N,2
35.6313,44.00932,334.5,0.39,0.36,2025-11-03,2254,N,VIIRS,n,2,285.43,2.7,N,2
35.66217,43.9634,328.65,0.39,0.36,2025-11-03,2254,N,VIIRS,n,2,290.09,3.64,N,2
35.67725,44.0682,316.55,0.39,0.36,2025-11-03,2254,N,VIIRS,n,2,284.24,0.78,N,2
35.68222,43.8751,312.31,0.39,0.36,2025-11-03,2254,N,VIIRS,n,2,284.94,2.68,N,2
35.68491,43.88013,312.15,0.39,0.36,2025-11-03,2254,N,VIIRS,n,2,287.38,28.79,N,2
35.68554,43.87585,330.43,0.39,0.36,2025-11-03,2254,N,VIIRS,n,2,314.18,28.79,N,2
35.68887,43.87659,295.1,0.39,0.36,2025-11-03,2254,N,VIIRS,n,2,284.58,28.79,N,2
35.71808,43.77249,305.46,0.39,0.36,2025-11-03,2254,N,VIIRS,n,2,290.43,0.97,N,2
35.72012,44.03389,296.98,0.39,0.36,2025-11-03,2254,N,VIIRS,n,2,285.01,0.34,N,2
35.72279,44.03892,327.59,0.39,0.36,2025-11-03,2254,N,VIIRS,n,2,286.57,5.25,N,2
35.7261,44.03968,328.78,0.39,0.36,2025-11-03,2254,N,VIIRS,n,2,295.98,5.25,N,2
35.72739,44.03114,301.58,0.39,0.36,2025-11-03,2254,N,VIIRS,n,2,285.08,0.56,N,2
35.72884,44.03461,327.84,0.39,0.36,2025-11-03,2254,N,VIIRS,n,2,287.69,1.92,N,2
35.72947,44.03033,308.51,0.39,0.36,2025-11-03,2254,N,VIIRS,n,2,285.18,1.74,N,2
35.77234,43.99592,333.48,0.39,0.36,2025-11-03,2254,N,VIIRS,n,2,289.01,5.47,N,2
35.8144,43.25542,296.4,0.4,0.37,2025-11-03,2254,N,VIIRS,n,2,283.55,0.54,N,2
35.9517,43.72763,307.21,0.39,0.36,2025-11-03,2254,N,VIIRS,n,2,284.71,1.08,N,2
35.96656,43.76674,342.91,0.39,0.36,2025-11-03,2254,N,VIIRS,n,2,295.3,5.32,N,2
35.9672,43.76242,303.99,0.39,0.36,2025-11-03,2254,N,VIIRS,n,2,286.98,4.71,N,2
35.96989,43.76746,305.31,0.39,0.36,2025-11-03,2254,N,VIIRS,n,2,288.51,5.32,N,2
35.97053,43.76315,342.67,0.39,0.36,2025-11-03,2254,N,VIIRS,n,2,291.91,4.71,N,2
35.97259,43.7725,298.92,0.39,0.36,2025-11-03,2254,N,VIIRS,n,2,287.56,0.99,N,2
35.97989,43.76965,318.72,0.39,0.36,2025-11-03,2254,N,VIIRS,n,2,286.86,1.67,N,2
35.99956,43.76287,295.32,0.39,0.36,2025-11-03,2254,N,VIIRS,n,2,281.59,0.33,N,2
36.01829,43.68198,310.83,0.39,0.36,2025-11-03,2254,N,VIIRS,n,2,284.02,1.26,N,2
36.03242,43.70309,300.76,0.39,0.36,2025-11-03,2254,N,VIIRS,n,2,281.49,0.73,N,0
36.09795,43.63222,299.27,0.39,0.36,2025-11-03,2254,N,VIIRS,n,2,278.39,0.3,N,2
36.12617,43.78025,297.01,0.39,0.36,2025-11-03,2254,N,VIIRS,n,2,282.77,0.94,N,2
36.12975,40.81132,307.95,0.48,0.4,2025-11-03,2254,N,VIIRS,n,2,282.2,1.26,N,2
36.14444,40.81394,304.37,0.48,0.4,2025-11-03,2254,N,VIIRS,n,2,281.22,0.6,N,2
36.18902,44.15464,297.56,0.39,0.36,2025-11-03,2254,N,VIIRS,n,2,285.63,0.33,N,0
36.71774,36.19979,303.19,0.55,0.51,2025-11-03,2254,N,VIIRS,n,2,283.37,4.26,N,2
36.73188,43.28069,307.88,0.4,0.37,2025-11-03,2254,N,VIIRS,n,2,282.02,0.55,N,2
36.74587,43.50008,300.91,0.4,0.37,2025-11-03,2254,N,VIIRS,n,2,281.09,0.52,N,2
36.77465,43.32279,331.04,0.4,0.37,2025-11-03,2254,N,VIIRS,n,2,287.87,2.85,N,2
36.77801,43.32364,318.53,0.4,0.37,2025-11-03,2254,N,VIIRS,n,2,290.68,2.85,N,2
36.79979,37.01937,295.8,0.5,0.49,2025-11-03,2254,N,VIIRS,n,2,279.97,0.85,N,2
36.86901,43.51814,296.11,0.4,0.37,2025-11-03,2254,N,VIIRS,n,2,278.94,0.5,N,0
36.87011,43.48632,310.38,0.4,0.37,2025-11-03,2254,N,VIIRS,n,2,279.35,1.13,N,2
36.8924,43.42747,327.09,0.4,0.37,2025-11-03,2254,N,VIIRS,n,2,276.3,1.56,N,2
36.90488,43.38873,306.28,0.4,0.37,2025-11-03,2254,N,VIIRS,n,2,273.25,1.12,N,2
36.90549,43.38627,314.64,0.4,0.37,2025-11-03,2254,N,VIIRS,n,2,274.04,1.61,N,2
36.90886,43.387,310.97,0.4,0.37,2025-11-03,2254,N,VIIRS,n,2,275.86,1.61,N,2
36.91395,41.89604,296.16,0.44,0.38,2025-11-03,2254,N,VIIRS,n,2,277.34,0.6,N,2
36.93391,42.13236,312.9,0.43,0.38,2025-11-03,2254,N,VIIRS,n,2,281.94,1.62,N,2
36.93741,42.13308,314.59,0.43,0.38,2025-11-03,2254,N,VIIRS,n,2,283.76,1.79,N,2
36.94281,42.17396,300.77,0.43,0.38,2025-11-03,2254,N,VIIRS,n,2,281.6,1.04,N,2
36.94345,42.16912,302.36,0.43,0.38,2025-11-03,2254,N,VIIRS,n,2,280.96,1.04,N,2
36.94506,42.12966,311.17,0.43,0.38,2025-11-03,2254,N,VIIRS,n,2,282.65,2.26,N,2
36.94857,42.13037,329.07,0.43,0.38,2025-11-03,2254,N,VIIRS,n,2,283.95,2.26,N,2
36.96555,42.08357,312.45,0.44,0.38,2025-11-03,2254,N,VIIRS,n,2,280.71,0.75,N,2
36.99649,41.56157,302.84,0.45,0.39,2025-11-03,2254,N,VIIRS,n,2,280.01,0.89,N,2
37.00617,42.07453,296.6,0.44,0.38,2025-11-03,2254,N,VIIRS,n,2,282.64,0.62,N,0
37.01181,41.58561,299.33,0.45,0.39,2025-11-03,2254,N,VIIRS,n,2,283.56,0.68,N,0
37.01419,36.10475,304.79,0.56,0.51,2025-11-03,2254,N,VIIRS,n,2,284.49,1.33,N,2
37.07882,42.55745,307.92,0.42,0.38,2025-11-03,2254,N,VIIRS,n,2,285.58,0.82,N,2
37.10206,40.07792,311.99,0.52,0.42,2025-11-03,2254,N,VIIRS,n,2,281.58,1.07,N,0
37.10306,40.07829,307.28,0.52,0.42,2025-11-03,2254,N,VIIRS,n,2,280.64,1.86,N,0
37.27565,38.7306,298.95,0.41,0.45,2025-11-03,2254,N,VIIRS,n,2,282.34,1.01,N,2
37.29447,37.15717,299.54,0.49,0.49,2025-11-03,2254,N,VIIRS,n,2,273.97,1.11,N,2
37.2956,37.15855,296.3,0.49,0.49,2025-11-03,2254,N,VIIRS,n,2,275.0,0.88,N,2
37.3503,37.16017,296.2,0.49,0.49,2025-11-03,2254,N,VIIRS,n,2,281.31,0.75,N,2
37.96214,41.70016,295.42,0.46,0.39,2025-11-03,2254,N,VIIRS,n,2,281.6,0.5,N,2
38.2268,40.54578,296.38,0.51,0.41,2025-11-03,2254,N,VIIRS,n,2,278.08,0.69,N,0
38.41871,30.85409,335.25,0.56,0.69,2025-11-03,2254,N,VIIRS,n,2,271.49,5.55,N,0
38.41904,30.85914,312.36,0.56,0.69,2025-11-03,2254,N,VIIRS,n,2,269.02,3.07,N,0
38.41922,30.85247,317.8,0.56,0.69,2025-11-03,2254,N,VIIRS,n,2,271.19,3.07,N,0
