latitude,longitude,bright_ti4,scan,track,acq_date,acq_time,satellite,instrument,confidence,version,bright_ti5,frp,daynight,type
41.17669,32.6325,308.63,0.65,0.73,2025-06-17,56,N,VIIRS,n,2,284.05,1.74,N,2
41.17824,32.63509,303.71,0.65,0.73,2025-06-17,56,N,VIIRS,n,2,283.71,1.92,N,2
41.25472,31.4125,302.52,0.56,0.69,2025-06-17,56,N,VIIRS,n,2,285.17,0.84,N,2
41.25659,31.42872,296.74,0.57,0.69,2025-06-17,56,N,VIIRS,n,2,285.56,1.77,N,2
41.2646,31.42567,321.27,0.56,0.69,2025-06-17,56,N,VIIRS,n,2,287.81,3.46,N,2
41.79554,26.7021,300.3,0.33,0.55,2025-06-17,56,N,VIIRS,n,2,286.64,0.71,N,2
41.79871,26.7016,301.11,0.33,0.55,2025-06-17,56,N,VIIRS,n,2,287.75,0.72,N,0
38.42493,27.21384,303.07,0.42,0.61,2025-06-17,57,N,VIIRS,n,2,291.52,0.83,N,2
38.73614,26.94796,303.67,0.4,0.6,2025-06-17,57,N,VIIRS,n,2,292.12,1.64,N,2
38.73738,26.94349,327.74,0.4,0.6,2025-06-17,57,N,VIIRS,n,2,295.04,1.64,N,2
38.748,26.9484,311.68,0.4,0.6,2025-06-17,57,N,VIIRS,n,2,291.23,0.84,N,2
38.75177,26.93476,309.39,0.4,0.6,2025-06-17,57,N,VIIRS,n,2,291.58,1.03,N,0
39.09178,27.51118,298.36,0.42,0.61,2025-06-17,57,N,VIIRS,n,2,288.06,0.47,N,0
39.48511,30.0386,298.43,0.55,0.68,2025-06-17,57,N,VIIRS,n,2,281.07,1.29,N,2
39.86623,26.2436,319.24,0.35,0.57,2025-06-17,57,N,VIIRS,n,2,291.75,1.45,N,2
39.92801,28.85274,295.31,0.47,0.64,2025-06-17,57,N,VIIRS,n,2,281.57,0.4,N,0
40.44296,27.14149,302.38,0.37,0.58,2025-06-17,57,N,VIIRS,n,2,289.44,0.5,N,2
40.76787,29.53002,305.06,0.48,0.64,2025-06-17,57,N,VIIRS,n,2,289.3,1.86,N,2
40.76957,29.52428,306.53,0.48,0.64,2025-06-17,57,N,VIIRS,n,2,288.26,2.01,N,0
40.77031,29.53106,300.5,0.48,0.64,2025-06-17,57,N,VIIRS,n,2,288.89,1.47,N,2
40.77204,29.52534,304.78,0.48,0.64,2025-06-17,57,N,VIIRS,n,2,287.88,1.47,N,0
41.00537,28.71865,304.18,0.43,0.62,2025-06-17,57,N,VIIRS,n,2,286.0,1.15,N,0
41.02045,28.55348,307.63,0.42,0.61,2025-06-17,57,N,VIIRS,n,2,288.64,1.31,N,2
35.52734,44.34478,356.18,0.71,0.75,2025-06-17,857,N,VIIRS,n,2,315.92,8.83,D,2
35.52813,44.34513,367.0,0.71,0.75,2025-06-17,857,N,VIIRS,h,2,316.13,16.57,D,2
35.53151,44.33393,344.65,0.71,0.75,2025-06-17,857,N,VIIRS,n,2,313.18,8.83,D,2
35.53398,44.3418,351.08,0.71,0.75,2025-06-17,857,N,VIIRS,n,2,315.19,8.83,D,2
35.62612,44.01022,367.0,0.73,0.76,2025-06-17,857,N,VIIRS,h,2,316.66,12.31,D,2
35.62957,44.00365,353.39,0.73,0.76,2025-06-17,857,N,VIIRS,n,2,312.03,10.52,D,2
35.63208,44.01156,367.0,0.73,0.76,2025-06-17,857,N,VIIRS,h,2,315.19,10.52,D,2
35.63271,44.00677,344.09,0.73,0.76,2025-06-17,857,N,VIIRS,n,2,311.31,12.31,D,2
35.66252,43.96211,367.0,0.74,0.76,2025-06-17,857,N,VIIRS,h,2,317.24,16.85,D,2
35.68266,43.87934,367.0,0.74,0.76,2025-06-17,857,N,VIIRS,h,2,321.99,28.54,D,2
35.68557,43.87603,367.0,0.74,0.76,2025-06-17,857,N,VIIRS,h,2,322.96,66.16,D,2
35.68943,43.87636,367.0,0.74,0.76,2025-06-17,857,N,VIIRS,h,2,314.99,28.54,D,2
35.72299,44.04157,345.92,0.73,0.76,2025-06-17,857,N,VIIRS,n,2,316.35,14.55,D,2
35.76931,43.99455,342.24,0.73,0.76,2025-06-17,857,N,VIIRS,n,2,315.33,7.97,D,2
36.77462,43.32893,342.43,0.74,0.76,2025-06-17,857,N,VIIRS,n,2,310.42,4.79,D,2
35.52773,44.34282,367.0,0.52,0.5,2025-06-17,1037,N,VIIRS,h,2,323.7,22.12,D,2
35.62033,43.92448,346.0,0.49,0.49,2025-06-17,1037,N,VIIRS,n,2,318.97,8.82,D,0
35.68574,43.874,367.0,0.49,0.49,2025-06-17,1037,N,VIIRS,h,2,331.96,59.29,D,2
35.68621,43.87953,348.27,0.49,0.49,2025-06-17,1037,N,VIIRS,n,2,321.71,59.29,D,2
35.77444,43.99483,351.02,0.5,0.49,2025-06-17,1037,N,VIIRS,n,2,321.35,5.41,D,2
35.85889,38.64067,347.03,0.43,0.38,2025-06-17,1037,N,VIIRS,n,2,314.13,11.83,D,0
36.03341,38.7693,346.52,0.43,0.38,2025-06-17,1037,N,VIIRS,n,2,316.62,7.71,D,0
36.69192,39.15901,346.73,0.45,0.39,2025-06-17,1038,N,VIIRS,n,2,314.61,3.83,D,0
36.70281,39.33899,348.36,0.46,0.39,2025-06-17,1038,N,VIIRS,n,2,322.18,29.29,D,0
36.81144,35.40792,346.73,0.38,0.36,2025-06-17,1038,N,VIIRS,n,2,318.5,24.01,D,0
36.86888,43.4871,342.63,0.48,0.48,2025-06-17,1038,N,VIIRS,n,2,310.55,3.8,D,2
36.89348,43.42849,338.29,0.48,0.48,2025-06-17,1038,N,VIIRS,n,2,309.3,2.79,D,2
36.9194,40.21201,349.59,0.5,0.41,2025-06-17,1038,N,VIIRS,n,2,319.69,8.91,D,0
36.9408,42.17109,346.45,0.41,0.45,2025-06-17,1038,N,VIIRS,n,2,321.43,1.79,D,2
36.97504,40.12558,349.74,0.49,0.41,2025-06-17,1038,N,VIIRS,n,2,319.82,16.38,D,0
37.16358,35.96314,341.65,0.39,0.36,2025-06-17,1038,N,VIIRS,n,2,310.39,2.82,D,0
37.16688,35.96238,353.18,0.39,0.36,2025-06-17,1038,N,VIIRS,n,2,316.82,10.55,D,0
37.71853,37.83443,344.13,0.42,0.37,2025-06-17,1038,N,VIIRS,n,2,314.53,5.91,D,0
37.79152,27.60281,344.85,0.45,0.47,2025-06-17,1038,N,VIIRS,n,2,317.52,5.13,D,0
37.80066,27.6849,344.05,0.44,0.46,2025-06-17,1038,N,VIIRS,n,2,314.48,4.9,D,0
38.61416,28.47822,347.16,0.39,0.44,2025-06-17,1039,N,VIIRS,n,2,313.43,6.24,D,0
39.3245,28.12389,345.31,0.39,0.44,2025-06-17,1039,N,VIIRS,n,2,312.8,4.85,D,0
39.59552,27.05241,342.91,0.43,0.46,2025-06-17,1039,N,VIIRS,n,2,311.47,5.49,D,0
39.59666,27.05744,335.23,0.43,0.46,2025-06-17,1039,N,VIIRS,n,2,308.21,5.49,D,0
39.81298,27.9397,333.74,0.39,0.44,2025-06-17,1039,N,VIIRS,n,2,305.65,1.11,D,0
41.24174,36.46696,340.83,0.41,0.37,2025-06-17,1039,N,VIIRS,n,2,311.04,5.53,D,2
39.77695,26.49815,330.01,0.72,0.75,2025-06-17,1220,N,VIIRS,n,2,302.89,4.05,D,0
39.5858,43.90121,298.75,0.39,0.36,2025-06-17,2257,N,VIIRS,n,2,281.18,0.65,N,0
39.70421,44.49638,344.68,0.38,0.36,2025-06-17,2257,N,VIIRS,n,2,287.35,2.88,N,0
39.7049,44.49194,308.03,0.38,0.36,2025-06-17,2257,N,VIIRS,n,2,285.99,2.16,N,0
39.70749,44.49724,317.94,0.38,0.36,2025-06-17,2257,N,VIIRS,n,2,286.68,2.88,N,0
39.72358,36.93423,295.23,0.44,0.46,2025-06-17,2257,N,VIIRS,n,2,280.97,1.17,N,0
39.94318,33.19041,306.86,0.35,0.57,2025-06-17,2257,N,VIIRS,n,2,285.27,0.86,N,2
40.02322,43.81174,302.75,0.39,0.36,2025-06-17,2257,N,VIIRS,n,2,283.99,0.73,N,0
40.05003,32.6497,303.58,0.38,0.58,2025-06-17,2257,N,VIIRS,n,2,286.06,0.75,N,2
40.08039,32.79921,297.66,0.37,0.58,2025-06-17,2257,N,VIIRS,n,2,283.22,0.86,N,0
40.24144,29.92283,299.94,0.52,0.67,2025-06-17,2257,N,VIIRS,n,2,287.04,0.71,N,2
40.24444,29.92338,297.93,0.52,0.67,2025-06-17,2257,N,VIIRS,n,2,286.56,0.64,N,2
41.17436,32.633,313.31,0.38,0.59,2025-06-17,2257,N,VIIRS,n,2,287.59,1.23,N,2
41.17467,32.63377,315.83,0.38,0.59,2025-06-17,2257,N,VIIRS,n,2,288.47,2.06,N,2
41.17988,32.63342,300.17,0.38,0.59,2025-06-17,2257,N,VIIRS,n,2,288.5,1.23,N,2
41.24175,36.46375,312.32,0.49,0.48,2025-06-17,2257,N,VIIRS,n,2,288.68,2.36,N,2
41.24285,36.46383,312.62,0.49,0.48,2025-06-17,2257,N,VIIRS,n,2,288.73,2.53,N,2
41.26384,31.42715,305.34,0.44,0.63,2025-06-17,2257,N,VIIRS,n,2,288.9,1.81,N,2
41.26405,31.42163,321.08,0.44,0.63,2025-06-17,2257,N,VIIRS,n,2,290.14,2.48,N,2
35.52546,44.34594,330.95,0.39,0.36,2025-06-17,2258,N,VIIRS,n,2,296.55,4.47,N,2
35.52617,44.34168,341.6,0.39,0.36,2025-06-17,2258,N,VIIRS,n,2,297.98,4.47,N,2
35.52949,44.34249,304.19,0.39,0.36,2025-06-17,2258,N,VIIRS,n,2,292.42,4.47,N,2
35.53019,44.33823,332.75,0.39,0.36,2025-06-17,2258,N,VIIRS,n,2,300.59,9.67,N,2
35.53143,44.34094,333.23,0.39,0.36,2025-06-17,2258,N,VIIRS,n,2,297.28,4.18,N,2
35.53215,44.33668,331.5,0.39,0.36,2025-06-17,2258,N,VIIRS,n,2,294.67,3.32,N,2
35.53546,44.3375,330.31,0.39,0.36,2025-06-17,2258,N,VIIRS,n,2,294.62,3.32,N,2
35.56532,44.28277,322.11,0.39,0.36,2025-06-17,2258,N,VIIRS,n,2,293.69,0.95,N,2
35.62754,44.01064,316.02,0.39,0.36,2025-06-17,2258,N,VIIRS,n,2,301.17,8.77,N,2
35.62824,44.0064,331.2,0.39,0.36,2025-06-17,2258,N,VIIRS,n,2,300.21,6.19,N,2
35.63154,44.00722,327.1,0.39,0.36,2025-06-17,2258,N,VIIRS,n,2,294.79,6.19,N,2
35.66228,43.96624,340.33,0.39,0.36,2025-06-17,2258,N,VIIRS,n,2,308.45,16.67,N,2
35.67672,44.06692,316.87,0.39,0.36,2025-06-17,2258,N,VIIRS,n,2,296.08,1.92,N,2
35.67741,44.06268,309.85,0.39,0.36,2025-06-17,2258,N,VIIRS,n,2,296.05,1.13,N,2
35.68338,43.87892,321.13,0.39,0.36,2025-06-17,2258,N,VIIRS,n,2,296.27,11.46,N,2
35.68406,43.87468,337.25,0.39,0.36,2025-06-17,2258,N,VIIRS,n,2,311.86,11.46,N,2
35.68668,43.87972,305.99,0.39,0.36,2025-06-17,2258,N,VIIRS,n,2,293.84,11.46,N,2
35.68736,43.87548,322.69,0.39,0.36,2025-06-17,2258,N,VIIRS,n,2,296.45,11.46,N,2
35.71769,43.77286,312.44,0.39,0.36,2025-06-17,2258,N,VIIRS,n,2,299.66,1.79,N,2
35.72453,44.04222,329.06,0.39,0.36,2025-06-17,2258,N,VIIRS,n,2,300.17,4.74,N,2
35.72923,44.03454,329.47,0.39,0.36,2025-06-17,2258,N,VIIRS,n,2,298.18,7.28,N,2
35.77317,43.99676,335.31,0.39,0.36,2025-06-17,2258,N,VIIRS,n,2,296.56,4.49,N,2
35.78727,43.25032,307.75,0.38,0.36,2025-06-17,2258,N,VIIRS,n,2,294.06,1.05,N,0
35.81364,43.25657,317.61,0.38,0.36,2025-06-17,2258,N,VIIRS,n,2,296.14,1.7,N,2
35.9256,43.7897,303.92,0.38,0.36,2025-06-17,2258,N,VIIRS,n,2,292.95,0.59,N,2
35.95229,43.73019,309.44,0.38,0.36,2025-06-17,2258,N,VIIRS,n,2,295.32,1.25,N,2
35.97029,43.7636,318.27,0.38,0.36,2025-06-17,2258,N,VIIRS,n,2,297.23,4.6,N,2
35.97948,43.77027,324.24,0.38,0.36,2025-06-17,2258,N,VIIRS,n,2,298.12,2.65,N,2
35.998,43.76157,309.92,0.38,0.36,2025-06-17,2258,N,VIIRS,n,2,296.31,0.99,N,2
35.99891,43.71335,303.72,0.38,0.36,2025-06-17,2258,N,VIIRS,n,2,292.27,0.46,N,0
36.01752,43.68266,317.93,0.38,0.36,2025-06-17,2258,N,VIIRS,n,2,293.87,1.49,N,2
36.08168,43.63895,301.85,0.38,0.36,2025-06-17,2258,N,VIIRS,n,2,291.31,0.63,N,0
36.08497,43.63975,304.4,0.38,0.36,2025-06-17,2258,N,VIIRS,n,2,291.1,0.63,N,0
36.10018,43.63022,312.86,0.38,0.36,2025-06-17,2258,N,VIIRS,n,2,292.88,1.1,N,0
36.11002,43.99438,302.75,0.39,0.36,2025-06-17,2258,N,VIIRS,n,2,292.06,0.67,N,0
36.1236,41.04354,304.05,0.41,0.37,2025-06-17,2258,N,VIIRS,n,2,292.28,0.57,N,2
36.12717,43.7822,307.59,0.38,0.36,2025-06-17,2258,N,VIIRS,n,2,295.53,2.37,N,2
36.13056,40.81231,303.31,0.42,0.38,2025-06-17,2258,N,VIIRS,n,2,292.94,0.93,N,2
36.13777,41.08723,302.23,0.41,0.37,2025-06-17,2258,N,VIIRS,n,2,292.18,0.29,N,0
36.1409,40.8144,303.88,0.42,0.38,2025-06-17,2258,N,VIIRS,n,2,292.23,0.65,N,2
36.14435,40.8151,315.31,0.42,0.38,2025-06-17,2258,N,VIIRS,n,2,292.02,0.65,N,2
36.14887,43.7963,311.72,0.38,0.36,2025-06-17,2258,N,VIIRS,n,2,294.07,1.07,N,2
36.16022,43.7682,306.02,0.38,0.36,2025-06-17,2258,N,VIIRS,n,2,293.69,0.63,N,0
36.25647,44.38712,307.16,0.39,0.36,2025-06-17,2258,N,VIIRS,n,2,291.67,0.76,N,0
36.26377,33.72927,315.66,0.6,0.53,2025-06-17,2258,N,VIIRS,n,2,295.82,1.91,N,2
36.26456,33.72897,312.72,0.61,0.53,2025-06-17,2258,N,VIIRS,n,2,295.43,3.04,N,2
36.44006,42.93147,312.23,0.39,0.36,2025-06-17,2258,N,VIIRS,n,2,296.44,1.32,N,2
36.4557,41.28312,299.67,0.41,0.37,2025-06-17,2258,N,VIIRS,n,2,289.66,0.32,N,2
36.67377,36.48995,303.75,0.43,0.46,2025-06-17,2258,N,VIIRS,n,2,291.29,0.76,N,0
36.70145,36.20956,308.01,0.45,0.47,2025-06-17,2258,N,VIIRS,n,2,294.55,1.52,N,0
36.71698,36.19872,316.59,0.45,0.47,2025-06-17,2258,N,VIIRS,n,2,294.88,1.82,N,2
36.72901,36.2109,318.38,0.45,0.47,2025-06-17,2258,N,VIIRS,n,2,296.67,1.53,N,2
36.73333,36.21157,311.53,0.45,0.47,2025-06-17,2258,N,VIIRS,n,2,297.21,1.53,N,2
36.7359,39.01682,347.2,0.49,0.4,2025-06-17,2258,N,VIIRS,n,2,293.91,14.35,N,0
36.73765,36.21226,313.79,0.45,0.47,2025-06-17,2258,N,VIIRS,n,2,295.55,1.19,N,2
36.74646,43.49958,308.65,0.38,0.36,2025-06-17,2258,N,VIIRS,n,2,292.42,0.76,N,2
36.77378,43.32434,303.0,0.38,0.36,2025-06-17,2258,N,VIIRS,n,2,290.94,0.41,N,2
36.77707,43.32515,329.9,0.38,0.36,2025-06-17,2258,N,VIIRS,n,2,297.56,2.51,N,2
36.81753,39.00355,317.49,0.49,0.41,2025-06-17,2258,N,VIIRS,n,2,290.23,1.44,N,0
36.82265,38.89622,318.23,0.5,0.41,2025-06-17,2258,N,VIIRS,n,2,290.26,2.04,N,0
36.84332,36.58133,299.05,0.43,0.46,2025-06-17,2258,N,VIIRS,n,2,288.67,0.39,N,0
36.86802,43.52151,303.95,0.38,0.36,2025-06-17,2258,N,VIIRS,n,2,290.31,0.71,N,0
36.86832,34.76369,304.98,0.54,0.51,2025-06-17,2258,N,VIIRS,n,2,293.82,1.75,N,2
36.87008,43.4865,308.12,0.38,0.36,2025-06-17,2258,N,VIIRS,n,2,291.32,1.06,N,2
36.89258,43.42986,325.48,0.38,0.36,2025-06-17,2258,N,VIIRS,n,2,290.64,2.12,N,2
36.90525,40.08838,317.17,0.45,0.39,2025-06-17,2258,N,VIIRS,n,2,290.9,1.42,N,0
36.90581,43.38866,331.16,0.38,0.36,2025-06-17,2258,N,VIIRS,n,2,288.89,2.99,N,2
36.9091,43.38945,299.83,0.38,0.36,2025-06-17,2258,N,VIIRS,n,2,287.99,0.42,N,2
36.91396,43.57711,328.4,0.38,0.36,2025-06-17,2258,N,VIIRS,n,2,289.65,2.62,N,0
36.91398,41.89666,313.18,0.4,0.37,2025-06-17,2258,N,VIIRS,n,2,292.59,0.83,N,2
36.93549,38.88349,328.75,0.5,0.41,2025-06-17,2258,N,VIIRS,n,2,292.21,2.95,N,0
36.93577,42.13136,331.33,0.4,0.37,2025-06-17,2258,N,VIIRS,n,2,293.87,3.0,N,2
36.93615,38.87787,304.12,0.5,0.41,2025-06-17,2258,N,VIIRS,n,2,290.99,2.34,N,0
36.93705,42.1225,330.07,0.4,0.37,2025-06-17,2258,N,VIIRS,n,2,294.81,4.2,N,2
36.94004,42.17338,308.42,0.4,0.37,2025-06-17,2258,N,VIIRS,n,2,291.89,0.76,N,2
36.94068,42.16896,305.58,0.4,0.37,2025-06-17,2258,N,VIIRS,n,2,290.33,0.74,N,2
36.94565,40.0723,309.14,0.45,0.39,2025-06-17,2258,N,VIIRS,n,2,289.9,1.07,N,0
36.94582,42.13361,310.14,0.4,0.37,2025-06-17,2258,N,VIIRS,n,2,292.69,1.84,N,2
36.94646,42.12919,329.1,0.4,0.37,2025-06-17,2258,N,VIIRS,n,2,294.38,1.84,N,2
36.94817,42.77986,306.37,0.39,0.36,2025-06-17,2258,N,VIIRS,n,2,292.61,1.04,N,0
36.9636,42.08258,315.01,0.4,0.37,2025-06-17,2258,N,VIIRS,n,2,292.89,1.16,N,2
36.99905,39.05711,312.99,0.49,0.4,2025-06-17,2258,N,VIIRS,n,2,289.54,2.59,N,0
36.99971,39.05155,327.72,0.49,0.41,2025-06-17,2258,N,VIIRS,n,2,289.56,2.59,N,0
37.01423,36.09506,314.71,0.46,0.47,2025-06-17,2258,N,VIIRS,n,2,292.92,1.55,N,0
37.01857,36.09589,315.73,0.46,0.47,2025-06-17,2258,N,VIIRS,n,2,294.34,1.55,N,2
37.04897,41.90181,339.16,0.4,0.37,2025-06-17,2258,N,VIIRS,n,2,293.99,3.31,N,0
37.05422,38.9138,309.81,0.5,0.41,2025-06-17,2258,N,VIIRS,n,2,290.62,1.21,N,0
37.05444,38.91276,309.38,0.5,0.41,2025-06-17,2258,N,VIIRS,n,2,290.39,1.06,N,0
37.07978,42.55633,305.1,0.39,0.36,2025-06-17,2258,N,VIIRS,n,2,293.66,1.15,N,2
37.08266,39.74275,311.88,0.46,0.39,2025-06-17,2258,N,VIIRS,n,2,290.24,1.19,N,0
37.08329,39.73752,301.23,0.46,0.39,2025-06-17,2258,N,VIIRS,n,2,289.48,1.12,N,0
37.13029,38.88741,304.48,0.5,0.41,2025-06-17,2258,N,VIIRS,n,2,290.12,0.97,N,0
37.13405,38.88812,314.67,0.5,0.41,2025-06-17,2258,N,VIIRS,n,2,290.57,0.97,N,0
37.13471,38.88243,302.17,0.5,0.41,2025-06-17,2258,N,VIIRS,n,2,290.13,1.65,N,0
37.13605,38.87104,302.46,0.5,0.41,2025-06-17,2258,N,VIIRS,n,2,289.38,0.94,N,0
37.13982,38.87175,344.62,0.5,0.41,2025-06-17,2258,N,VIIRS,n,2,293.43,7.43,N,0
37.14048,38.86606,316.46,0.5,0.41,2025-06-17,2258,N,VIIRS,n,2,290.72,7.43,N,0
37.14105,39.83955,318.44,0.46,0.39,2025-06-17,2258,N,VIIRS,n,2,290.04,1.33,N,0
37.15245,38.86248,303.74,0.5,0.41,2025-06-17,2258,N,VIIRS,n,2,289.54,0.53,N,0
37.16316,42.3727,331.03,0.39,0.36,2025-06-17,2258,N,VIIRS,n,2,289.84,6.65,N,0
37.16585,42.37788,303.69,0.39,0.36,2025-06-17,2258,N,VIIRS,n,2,287.75,6.65,N,0
37.1665,42.37347,333.77,0.39,0.36,2025-06-17,2258,N,VIIRS,n,2,295.47,6.65,N,0
37.18278,42.42737,310.78,0.39,0.36,2025-06-17,2258,N,VIIRS,n,2,288.53,0.81,N,0
37.18611,42.42814,301.74,0.39,0.36,2025-06-17,2258,N,VIIRS,n,2,288.16,0.81,N,0
37.29386,37.156,317.85,0.41,0.45,2025-06-17,2258,N,VIIRS,n,2,293.1,1.85,N,2
37.35214,37.16054,304.75,0.41,0.45,2025-06-17,2258,N,VIIRS,n,2,291.31,1.02,N,2
37.35346,37.16228,300.4,0.41,0.45,2025-06-17,2258,N,VIIRS,n,2,289.84,1.86,N,2
37.93707,32.53272,298.99,0.37,0.58,2025-06-17,2258,N,VIIRS,n,2,285.69,0.92,N,2
37.93878,32.53189,301.74,0.37,0.58,2025-06-17,2258,N,VIIRS,n,2,288.37,0.85,N,2
37.96254,41.70293,302.47,0.41,0.37,2025-06-17,2258,N,VIIRS,n,2,292.22,0.65,N,2
38.4182,43.2377,302.53,0.39,0.36,2025-06-17,2258,N,VIIRS,n,2,287.51,0.87,N,2
38.45388,38.72678,300.95,0.53,0.42,2025-06-17,2258,N,VIIRS,n,2,288.95,0.79,N,2
38.66324,39.2354,297.07,0.5,0.41,2025-06-17,2258,N,VIIRS,n,2,286.34,0.65,N,2
38.74573,26.95103,305.81,0.74,0.76,2025-06-17,2258,N,VIIRS,n,2,292.48,2.7,N,2
38.74759,26.94609,303.59,0.74,0.76,2025-06-17,2258,N,VIIRS,n,2,292.58,1.94,N,2
38.85796,35.76557,296.9,0.5,0.49,2025-06-17,2258,N,VIIRS,n,2,282.21,0.6,N,2
38.85841,35.7663,297.64,0.5,0.49,2025-06-17,2258,N,VIIRS,n,2,281.74,1.03,N,2
39.48702,30.0411,297.81,0.51,0.66,2025-06-17,2258,N,VIIRS,n,2,283.35,0.86,N,2
39.83442,30.29714,295.82,0.5,0.66,2025-06-17,2258,N,VIIRS,n,2,283.74,0.69,N,0
41.02349,36.09782,295.42,0.57,0.69,2025-06-18,37,N,VIIRS,n,2,282.07,0.72,N,2
37.01168,36.10371,305.14,0.75,0.77,2025-06-18,38,N,VIIRS,n,2,289.86,1.57,N,2
37.01602,36.10186,303.71,0.75,0.77,2025-06-18,38,N,VIIRS,n,2,290.18,2.03,N,2
38.65827,30.6189,302.11,0.36,0.57,2025-06-18,38,N,VIIRS,n,2,285.1,0.89,N,2
39.11402,27.51355,306.21,0.49,0.48,2025-06-18,38,N,VIIRS,n,2,291.93,1.36,N,0
39.16857,27.63195,301.59,0.49,0.49,2025-06-18,38,N,VIIRS,n,2,291.06,0.5,N,2
39.48275,30.04166,304.24,0.32,0.55,2025-06-18,38,N,VIIRS,n,2,282.98,0.85,N,2
39.48365,30.03819,296.88,0.32,0.55,2025-06-18,38,N,VIIRS,n,2,282.33,0.85,N,2
39.83685,30.29995,298.98,0.32,0.55,2025-06-18,38,N,VIIRS,n,2,284.71,0.76,N,2
39.86588,26.2432,322.08,0.41,0.45,2025-06-18,38,N,VIIRS,n,2,293.9,2.45,N,2
40.04134,32.779,296.32,0.42,0.61,2025-06-18,38,N,VIIRS,n,2,284.16,0.45,N,0
40.08088,32.79871,315.15,0.42,0.61,2025-06-18,38,N,VIIRS,n,2,282.84,1.78,N,0
40.44202,27.13853,304.88,0.43,0.46,2025-06-18,38,N,VIIRS,n,2,293.13,2.08,N,2
40.75573,31.78269,299.33,0.36,0.57,2025-06-18,38,N,VIIRS,n,2,283.88,0.64,N,2
41.0213,28.55589,310.78,0.49,0.49,2025-06-18,38,N,VIIRS,n,2,291.51,1.65,N,2
41.17465,32.63481,302.49,0.39,0.59,2025-06-18,38,N,VIIRS,n,2,285.85,0.64,N,2
41.17598,32.63007,295.45,0.39,0.59,2025-06-18,38,N,VIIRS,n,2,285.01,0.64,N,2
41.18987,32.62257,322.1,0.39,0.59,2025-06-18,38,N,VIIRS,n,2,284.9,2.46,N,0
41.25543,31.41313,297.11,0.34,0.56,2025-06-18,38,N,VIIRS,n,2,286.98,0.16,N,2
41.26317,31.42551,316.66,0.34,0.56,2025-06-18,38,N,VIIRS,n,2,289.6,1.96,N,2
41.26421,31.42165,330.71,0.34,0.56,2025-06-18,38,N,VIIRS,n,2,289.34,3.06,N,2
41.79593,26.70352,301.77,0.39,0.44,2025-06-18,38,N,VIIRS,n,2,289.01,0.75,N,2
37.25071,30.44146,304.01,0.38,0.59,2025-06-18,39,N,VIIRS,n,2,286.6,0.49,N,2
37.25578,30.44417,296.28,0.38,0.59,2025-06-18,39,N,VIIRS,n,2,285.17,0.49,N,0
38.45633,27.26114,304.58,0.49,0.48,2025-06-18,39,N,VIIRS,n,2,294.24,0.95,N,2
38.73678,26.94525,312.85,0.46,0.47,2025-06-18,39,N,VIIRS,n,2,298.42,2.53,N,2
38.74035,26.92964,319.38,0.46,0.47,2025-06-18,39,N,VIIRS,n,2,295.25,2.07,N,2
38.74949,26.95018,314.57,0.46,0.47,2025-06-18,39,N,VIIRS,n,2,294.85,1.72,N,2
38.74975,26.95157,309.06,0.46,0.47,2025-06-18,39,N,VIIRS,n,2,293.38,1.87,N,2
35.62801,44.007,367.0,0.44,0.39,2025-06-18,1018,N,VIIRS,h,2,330.42,24.19,D,2
35.68403,43.87657,367.0,0.44,0.38,2025-06-18,1018,N,VIIRS,h,2,343.9,33.29,D,2
35.53228,36.11085,333.87,0.49,0.4,2025-06-18,1019,N,VIIRS,n,2,308.37,3.52,D,0
36.26305,33.73001,341.23,0.41,0.45,2025-06-18,1019,N,VIIRS,n,2,311.87,3.6,D,2
36.315,29.32069,336.25,0.35,0.57,2025-06-18,1019,N,VIIRS,n,2,304.15,2.35,D,0
36.71777,34.00081,338.7,0.39,0.44,2025-06-18,1019,N,VIIRS,n,2,305.26,2.46,D,0
36.71867,34.00512,336.28,0.39,0.44,2025-06-18,1019,N,VIIRS,n,2,305.26,3.02,D,0
36.77583,43.32588,349.16,0.43,0.38,2025-06-18,1019,N,VIIRS,n,2,321.45,9.6,D,2
36.86701,30.76557,341.23,0.57,0.52,2025-06-18,1019,N,VIIRS,n,2,309.39,5.55,D,0
36.86839,43.4885,336.94,0.44,0.38,2025-06-18,1019,N,VIIRS,n,2,311.19,2.61,D,2
36.90482,39.85954,350.18,0.38,0.36,2025-06-18,1019,N,VIIRS,n,2,318.42,43.82,D,0
36.90621,43.38968,342.55,0.43,0.38,2025-06-18,1019,N,VIIRS,n,2,312.21,2.29,D,2
36.91404,39.85286,367.0,0.38,0.36,2025-06-18,1019,N,VIIRS,h,2,341.75,76.95,D,0
36.91537,39.86144,354.29,0.38,0.36,2025-06-18,1019,N,VIIRS,n,2,328.46,31.67,D,0
36.91867,39.86064,367.0,0.38,0.36,2025-06-18,1019,N,VIIRS,h,2,327.64,26.01,D,0
36.92129,39.85555,354.59,0.38,0.36,2025-06-18,1019,N,VIIRS,n,2,326.74,26.01,D,0
36.99976,30.77104,339.61,0.56,0.52,2025-06-18,1019,N,VIIRS,n,2,311.03,1.34,D,0
37.01575,34.99714,346.53,0.52,0.41,2025-06-18,1019,N,VIIRS,n,2,313.69,7.18,D,0
37.0294,40.20423,367.0,0.38,0.36,2025-06-18,1019,N,VIIRS,h,2,323.02,21.55,D,0
37.53974,34.0041,338.06,0.56,0.43,2025-06-18,1019,N,VIIRS,n,2,309.46,3.03,D,0
38.76557,38.77993,349.59,0.39,0.36,2025-06-18,1019,N,VIIRS,n,2,322.03,7.97,D,0
38.9822,43.36768,336.85,0.45,0.39,2025-06-18,1019,N,VIIRS,n,2,308.91,2.77,D,3
38.23848,26.83058,367.0,0.42,0.61,2025-06-18,1020,N,VIIRS,h,2,308.27,5.09,D,0
38.5764,27.27256,337.31,0.39,0.59,2025-06-18,1020,N,VIIRS,n,2,299.28,3.61,D,0
38.59336,29.03785,353.96,0.63,0.54,2025-06-18,1020,N,VIIRS,n,2,309.2,14.67,D,0
39.63038,28.15645,367.0,0.33,0.55,2025-06-18,1020,N,VIIRS,h,2,307.29,5.38,D,0
39.63343,28.15505,367.0,0.33,0.55,2025-06-18,1020,N,VIIRS,h,2,314.27,15.2,D,0
39.63832,28.15288,343.86,0.33,0.55,2025-06-18,1020,N,VIIRS,n,2,304.18,3.09,D,0
39.63942,28.1571,344.64,0.33,0.55,2025-06-18,1020,N,VIIRS,n,2,307.32,3.09,D,0
39.71379,27.90958,336.15,0.34,0.56,2025-06-18,1020,N,VIIRS,n,2,304.05,3.34,D,0
39.71481,27.91349,347.57,0.34,0.56,2025-06-18,1020,N,VIIRS,n,2,305.12,5.66,D,0
40.11237,42.29554,347.02,0.43,0.38,2025-06-18,1020,N,VIIRS,n,2,313.87,6.35,D,0
40.33236,30.13256,345.3,0.5,0.49,2025-06-18,1020,N,VIIRS,n,2,309.43,11.18,D,0
40.33297,30.13001,355.38,0.5,0.49,2025-06-18,1020,N,VIIRS,n,2,309.62,10.25,D,0
41.24183,36.46452,348.22,0.41,0.37,2025-06-18,1020,N,VIIRS,n,2,313.29,10.33,D,2
37.71628,28.33672,350.36,0.49,0.65,2025-06-18,1200,N,VIIRS,n,2,306.94,6.64,D,0
37.71629,28.33946,367.0,0.49,0.65,2025-06-18,1200,N,VIIRS,h,2,310.57,13.62,D,0
37.71653,28.34266,350.8,0.49,0.65,2025-06-18,1200,N,VIIRS,n,2,310.06,6.64,D,0
37.80179,29.18682,349.17,0.54,0.68,2025-06-18,1200,N,VIIRS,n,2,303.82,6.22,D,0
37.802,29.19331,333.76,0.54,0.68,2025-06-18,1200,N,VIIRS,n,2,302.2,7.03,D,0
38.29052,28.64948,337.16,0.51,0.66,2025-06-18,1200,N,VIIRS,n,2,307.28,5.1,D,0
38.6672,29.03959,367.0,0.54,0.68,2025-06-18,1200,N,VIIRS,h,2,304.3,6.84,D,0
38.67134,29.03708,367.0,0.54,0.68,2025-06-18,1200,N,VIIRS,h,2,304.23,10.14,D,0
39.63028,28.15347,352.73,0.49,0.65,2025-06-18,1201,N,VIIRS,n,2,306.87,5.23,D,0
39.63637,28.15257,343.56,0.49,0.65,2025-06-18,1201,N,VIIRS,n,2,303.7,5.23,D,0
39.71378,27.90418,335.78,0.48,0.65,2025-06-18,1201,N,VIIRS,n,2,305.12,8.95,D,0
39.71399,27.91029,356.05,0.48,0.65,2025-06-18,1201,N,VIIRS,n,2,311.69,21.96,D,0
39.71419,27.91615,351.73,0.48,0.65,2025-06-18,1201,N,VIIRS,n,2,306.31,21.96,D,0
39.94506,28.8899,336.01,0.54,0.68,2025-06-18,1201,N,VIIRS,n,2,300.0,32.66,D,0
39.94524,28.89654,367.0,0.54,0.68,2025-06-18,1201,N,VIIRS,h,2,311.87,32.66,D,0
39.95146,28.89095,352.26,0.54,0.68,2025-06-18,1201,N,VIIRS,n,2,302.24,30.02,D,0
39.95163,28.89739,367.0,0.54,0.68,2025-06-18,1201,N,VIIRS,h,2,308.65,30.02,D,0
40.32643,30.12444,367.0,0.63,0.72,2025-06-18,1201,N,VIIRS,h,2,303.85,14.76,D,0
40.32843,30.12419,367.0,0.63,0.72,2025-06-18,1201,N,VIIRS,h,2,302.85,11.37,D,0
40.32851,30.13161,342.94,0.63,0.72,2025-06-18,1201,N,VIIRS,n,2,300.74,11.37,D,0
41.31731,27.77369,352.16,0.48,0.65,2025-06-18,1201,N,VIIRS,n,2,295.52,25.13,D,0
41.3175,27.7798,367.0,0.48,0.65,2025-06-18,1201,N,VIIRS,h,2,300.05,25.13,D,0
41.31805,27.77095,338.78,0.48,0.65,2025-06-18,1201,N,VIIRS,n,2,295.57,18.53,D,0
41.31821,27.77699,367.0,0.48,0.65,2025-06-18,1201,N,VIIRS,h,2,301.76,49.77,D,0
39.58525,43.90168,295.41,0.52,0.42,2025-06-18,2238,N,VIIRS,n,2,282.47,1.0,N,0
39.94508,33.18804,299.0,0.63,0.72,2025-06-18,2238,N,VIIRS,n,2,285.88,1.19,N,2
40.0808,32.79311,296.39,0.66,0.73,2025-06-18,2238,N,VIIRS,n,2,284.56,0.97,N,0
41.17358,32.63252,300.41,0.68,0.74,2025-06-18,2238,N,VIIRS,n,2,287.1,1.88,N,2
41.19278,32.61887,303.19,0.68,0.74,2025-06-18,2238,N,VIIRS,n,2,287.1,1.72,N,2
41.24244,36.46212,318.79,0.43,0.62,2025-06-18,2238,N,VIIRS,n,2,287.42,1.82,N,2
41.26573,31.42286,311.6,0.78,0.78,2025-06-18,2238,N,VIIRS,n,2,288.63,3.78,N,2
41.26576,31.41769,314.43,0.78,0.78,2025-06-18,2238,N,VIIRS,n,2,288.52,3.45,N,3
42.12428,43.01002,297.41,0.41,0.45,2025-06-18,2238,N,VIIRS,n,2,284.3,0.38,N,2
42.12531,43.01131,301.22,0.41,0.45,2025-06-18,2238,N,VIIRS,n,2,284.1,1.03,N,2
35.62719,44.00782,339.23,0.47,0.4,2025-06-18,2239,N,VIIRS,n,2,295.33,6.21,N,2
35.63084,44.00848,345.33,0.47,0.4,2025-06-18,2239,N,VIIRS,n,2,303.36,12.27,N,2
35.66211,43.96656,332.02,0.47,0.4,2025-06-18,2239,N,VIIRS,n,2,303.51,6.99,N,2
35.66274,43.96136,302.66,0.47,0.4,2025-06-18,2239,N,VIIRS,n,2,292.4,6.99,N,2
35.67965,44.0653,310.96,0.47,0.39,2025-06-18,2239,N,VIIRS,n,2,295.34,2.07,N,2
35.68404,43.87951,315.55,0.47,0.4,2025-06-18,2239,N,VIIRS,n,2,294.19,11.02,N,2
35.68469,43.87427,335.29,0.47,0.4,2025-06-18,2239,N,VIIRS,n,2,308.04,21.12,N,2
35.68771,43.8802,302.7,0.47,0.4,2025-06-18,2239,N,VIIRS,n,2,291.83,11.02,N,2
35.68836,43.87496,311.86,0.47,0.4,2025-06-18,2239,N,VIIRS,n,2,293.77,21.12,N,2
35.72054,44.03329,302.77,0.47,0.4,2025-06-18,2239,N,VIIRS,n,2,292.36,3.14,N,2
35.72355,44.03924,341.86,0.47,0.4,2025-06-18,2239,N,VIIRS,n,2,295.87,3.14,N,2
35.72718,44.03998,330.48,0.47,0.4,2025-06-18,2239,N,VIIRS,n,2,296.36,1.7,N,2
35.72781,44.03477,324.56,0.47,0.4,2025-06-18,2239,N,VIIRS,n,2,294.99,1.7,N,2
35.73146,44.03551,313.4,0.47,0.4,2025-06-18,2239,N,VIIRS,n,2,295.1,1.7,N,2
35.77365,43.99564,330.34,0.47,0.4,2025-06-18,2239,N,VIIRS,n,2,298.01,6.19,N,2
35.81636,43.25521,306.19,0.51,0.41,2025-06-18,2239,N,VIIRS,n,2,294.18,2.03,N,2
35.92523,43.78698,305.18,0.48,0.4,2025-06-18,2239,N,VIIRS,n,2,294.9,1.07,N,2
35.95163,43.72569,314.23,0.48,0.4,2025-06-18,2239,N,VIIRS,n,2,293.31,1.87,N,2
35.95301,43.72732,315.16,0.48,0.4,2025-06-18,2239,N,VIIRS,n,2,294.67,1.79,N,2
35.98186,43.77106,319.65,0.48,0.4,2025-06-18,2239,N,VIIRS,n,2,296.77,1.56,N,2
35.99795,43.76293,308.73,0.48,0.4,2025-06-18,2239,N,VIIRS,n,2,293.63,0.85,N,2
36.0188,43.68378,323.77,0.49,0.4,2025-06-18,2239,N,VIIRS,n,2,295.84,2.06,N,2
36.09783,43.63194,301.35,0.49,0.4,2025-06-18,2239,N,VIIRS,n,2,290.38,0.65,N,0
36.1255,43.78184,306.55,0.48,0.4,2025-06-18,2239,N,VIIRS,n,2,292.88,2.2,N,2
36.13148,40.81141,313.85,0.45,0.47,2025-06-18,2239,N,VIIRS,n,2,292.68,0.89,N,2
36.1389,41.09019,302.45,0.43,0.46,2025-06-18,2239,N,VIIRS,n,2,292.15,0.54,N,0
36.14399,40.81824,307.11,0.45,0.47,2025-06-18,2239,N,VIIRS,n,2,291.28,0.79,N,2
36.14448,40.81314,305.62,0.45,0.47,2025-06-18,2239,N,VIIRS,n,2,290.98,0.79,N,2
36.15903,43.76751,305.36,0.49,0.4,2025-06-18,2239,N,VIIRS,n,2,294.46,0.68,N,0
36.3517,42.07716,309.03,0.39,0.44,2025-06-18,2239,N,VIIRS,n,2,298.39,0.84,N,2
36.3519,42.07513,309.9,0.39,0.44,2025-06-18,2239,N,VIIRS,n,2,298.11,0.9,N,2
36.44306,42.932,311.25,0.53,0.42,2025-06-18,2239,N,VIIRS,n,2,295.96,2.17,N,2
36.46944,36.4567,321.48,0.39,0.6,2025-06-18,2239,N,VIIRS,n,2,289.27,2.65,N,0
36.46971,36.45218,331.43,0.39,0.6,2025-06-18,2239,N,VIIRS,n,2,288.75,2.65,N,0
36.47501,36.45723,305.93,0.39,0.6,2025-06-18,2239,N,VIIRS,n,2,289.66,1.32,N,0
36.47528,36.4527,318.41,0.39,0.6,2025-06-18,2239,N,VIIRS,n,2,289.88,1.32,N,0
36.53988,36.46426,309.65,0.39,0.6,2025-06-18,2239,N,VIIRS,n,2,288.47,0.64,N,0
36.54347,36.40082,299.71,0.4,0.6,2025-06-18,2239,N,VIIRS,n,2,288.69,0.89,N,0
36.54372,36.39631,300.36,0.4,0.6,2025-06-18,2239,N,VIIRS,n,2,288.45,1.02,N,0
36.6491,34.30388,302.56,0.52,0.67,2025-06-18,2239,N,VIIRS,n,2,292.02,0.5,N,0
36.70291,39.44699,306.11,0.54,0.51,2025-06-18,2239,N,VIIRS,n,2,288.82,4.45,N,0
36.70673,39.21882,306.05,0.56,0.51,2025-06-18,2239,N,VIIRS,n,2,289.38,1.15,N,0
36.70698,39.44625,343.46,0.54,0.51,2025-06-18,2239,N,VIIRS,n,2,292.25,11.92,N,0
36.7075,39.44009,337.6,0.54,0.51,2025-06-18,2239,N,VIIRS,n,2,288.72,11.92,N,0
36.70762,39.44763,329.45,0.54,0.51,2025-06-18,2239,N,VIIRS,n,2,288.75,4.45,N,0
36.70811,39.44146,339.82,0.54,0.51,2025-06-18,2239,N,VIIRS,n,2,292.39,15.27,N,0
36.71548,43.12233,314.57,0.53,0.42,2025-06-18,2239,N,VIIRS,n,2,291.73,1.83,N,0
36.71622,36.20237,334.43,0.41,0.61,2025-06-18,2239,N,VIIRS,n,2,292.53,2.98,N,2
36.71651,36.19739,320.74,0.41,0.61,2025-06-18,2239,N,VIIRS,n,2,293.06,2.98,N,2
36.71819,36.2032,322.01,0.41,0.61,2025-06-18,2239,N,VIIRS,n,2,291.9,3.03,N,2
36.71844,36.19825,335.03,0.41,0.61,2025-06-18,2239,N,VIIRS,n,2,294.25,5.43,N,2
36.72927,36.20884,309.98,0.41,0.61,2025-06-18,2239,N,VIIRS,n,2,295.27,1.1,N,2
36.73518,36.20456,307.69,0.41,0.61,2025-06-18,2239,N,VIIRS,n,2,294.56,1.22,N,2
36.73825,39.04813,297.74,0.57,0.52,2025-06-18,2239,N,VIIRS,n,2,286.19,1.06,N,0
36.74009,39.04733,343.15,0.57,0.52,2025-06-18,2239,N,VIIRS,n,2,287.39,7.35,N,0
36.74059,36.20998,307.8,0.41,0.61,2025-06-18,2239,N,VIIRS,n,2,296.62,1.22,N,2
36.74308,39.04876,338.29,0.57,0.52,2025-06-18,2239,N,VIIRS,n,2,290.13,7.59,N,0
36.74356,39.04224,296.77,0.57,0.52,2025-06-18,2239,N,VIIRS,n,2,286.57,7.59,N,0
36.74492,39.04795,339.76,0.57,0.52,2025-06-18,2239,N,VIIRS,n,2,288.83,5.31,N,0
36.74894,43.49659,310.13,0.51,0.41,2025-06-18,2239,N,VIIRS,n,2,294.52,1.94,N,2
36.75529,38.79644,329.36,0.59,0.53,2025-06-18,2239,N,VIIRS,n,2,289.38,2.92,N,0
36.75582,38.78971,304.13,0.59,0.53,2025-06-18,2239,N,VIIRS,n,2,289.27,4.46,N,0
36.75676,38.79741,332.47,0.59,0.53,2025-06-18,2239,N,VIIRS,n,2,290.13,4.83,N,0
36.75726,38.79066,322.85,0.59,0.53,2025-06-18,2239,N,VIIRS,n,2,289.68,4.83,N,0
36.76018,38.79707,321.11,0.59,0.53,2025-06-18,2239,N,VIIRS,n,2,289.2,2.92,N,0
36.7714,39.42502,305.88,0.54,0.51,2025-06-18,2239,N,VIIRS,n,2,289.08,1.28,N,0
36.77169,38.99305,318.62,0.57,0.52,2025-06-18,2239,N,VIIRS,n,2,287.65,2.12,N,0
36.7758,43.32796,312.75,0.52,0.41,2025-06-18,2239,N,VIIRS,n,2,296.02,2.98,N,2
36.77646,43.32201,329.84,0.52,0.41,2025-06-18,2239,N,VIIRS,n,2,295.95,5.44,N,2
36.80939,39.01095,330.31,0.57,0.52,2025-06-18,2239,N,VIIRS,n,2,289.71,4.5,N,0
36.80991,39.00441,331.98,0.57,0.52,2025-06-18,2239,N,VIIRS,n,2,288.0,5.53,N,0
36.81042,38.99786,322.69,0.57,0.52,2025-06-18,2239,N,VIIRS,n,2,288.28,5.53,N,0
36.81474,39.00501,313.47,0.57,0.52,2025-06-18,2239,N,VIIRS,n,2,288.33,1.46,N,0
36.81526,38.99846,300.05,0.57,0.52,2025-06-18,2239,N,VIIRS,n,2,287.09,1.46,N,0
36.8201,38.99907,299.59,0.57,0.52,2025-06-18,2239,N,VIIRS,n,2,287.65,1.46,N,0
36.82165,38.97939,316.53,0.58,0.52,2025-06-18,2239,N,VIIRS,n,2,286.27,1.7,N,0
36.82216,38.97284,298.36,0.58,0.52,2025-06-18,2239,N,VIIRS,n,2,285.65,1.7,N,0
36.83787,39.00098,298.62,0.57,0.52,2025-06-18,2239,N,VIIRS,n,2,288.24,1.05,N,0
36.83946,39.00148,308.75,0.57,0.52,2025-06-18,2239,N,VIIRS,n,2,288.15,1.94,N,0
36.84271,39.0016,301.78,0.57,0.52,2025-06-18,2239,N,VIIRS,n,2,287.91,0.89,N,0
36.86875,43.48893,319.25,0.51,0.41,2025-06-18,2239,N,VIIRS,n,2,293.04,2.99,N,2
36.86922,34.76361,306.53,0.49,0.65,2025-06-18,2239,N,VIIRS,n,2,294.07,1.61,N,2
36.86935,43.51748,304.43,0.51,0.41,2025-06-18,2239,N,VIIRS,n,2,291.54,1.07,N,0
36.87388,38.84522,306.26,0.59,0.53,2025-06-18,2239,N,VIIRS,n,2,291.28,1.42,N,0
36.88279,39.17815,305.2,0.56,0.52,2025-06-18,2239,N,VIIRS,n,2,291.25,6.82,N,0
36.88331,39.17154,339.31,0.56,0.52,2025-06-18,2239,N,VIIRS,n,2,294.04,6.82,N,0
36.8881,39.17217,350.88,0.56,0.52,2025-06-18,2239,N,VIIRS,n,2,295.84,12.58,N,0
36.88862,39.16558,306.87,0.56,0.52,2025-06-18,2239,N,VIIRS,n,2,289.97,7.08,N,0
36.88993,38.89433,305.76,0.58,0.52,2025-06-18,2239,N,VIIRS,n,2,286.99,0.82,N,0
36.8909,43.43044,324.29,0.51,0.41,2025-06-18,2239,N,VIIRS,n,2,292.02,1.96,N,2
36.89481,38.89494,302.41,0.58,0.52,2025-06-18,2239,N,VIIRS,n,2,287.36,0.82,N,0
36.90752,43.38669,329.46,0.51,0.41,2025-06-18,2239,N,VIIRS,n,2,291.54,5.21,N,2
36.91529,41.89535,308.27,0.4,0.44,2025-06-18,2239,N,VIIRS,n,2,292.38,0.73,N,2
36.91715,38.92442,330.52,0.58,0.52,2025-06-18,2239,N,VIIRS,n,2,288.58,4.88,N,0
36.91766,38.9178,337.74,0.58,0.52,2025-06-18,2239,N,VIIRS,n,2,289.58,4.77,N,0
36.91817,38.91119,312.85,0.58,0.52,2025-06-18,2239,N,VIIRS,n,2,287.84,4.77,N,0
36.92559,38.87858,301.74,0.58,0.52,2025-06-18,2239,N,VIIRS,n,2,287.98,0.93,N,0
36.92611,38.87196,306.84,0.59,0.52,2025-06-18,2239,N,VIIRS,n,2,289.04,0.93,N,0
36.93164,35.9999,303.75,0.42,0.61,2025-06-18,2239,N,VIIRS,n,2,293.64,0.84,N,2
36.93454,38.95328,307.02,0.58,0.52,2025-06-18,2239,N,VIIRS,n,2,285.56,0.87,N,0
36.93586,38.87321,312.15,0.59,0.52,2025-06-18,2239,N,VIIRS,n,2,288.82,1.53,N,0
36.93689,42.13346,324.92,0.39,0.44,2025-06-18,2239,N,VIIRS,n,2,295.8,1.66,N,2
36.93735,42.12902,307.34,0.39,0.44,2025-06-18,2239,N,VIIRS,n,2,294.63,2.99,N,2
36.93828,42.12008,341.61,0.39,0.44,2025-06-18,2239,N,VIIRS,n,2,297.01,4.92,N,2
36.94006,40.25713,303.44,0.49,0.49,2025-06-18,2239,N,VIIRS,n,2,289.65,0.47,N,0
36.94134,42.17006,325.26,0.39,0.44,2025-06-18,2239,N,VIIRS,n,2,293.94,2.16,N,2
36.94253,38.91412,316.4,0.58,0.52,2025-06-18,2239,N,VIIRS,n,2,286.92,1.78,N,0
36.94467,38.91365,334.97,0.58,0.52,2025-06-18,2239,N,VIIRS,n,2,288.21,6.18,N,0
36.94547,42.13037,325.02,0.39,0.44,2025-06-18,2239,N,VIIRS,n,2,294.89,1.74,N,2
36.9474,38.91472,323.36,0.58,0.52,2025-06-18,2239,N,VIIRS,n,2,287.87,1.97,N,0
36.94954,42.13102,314.91,0.39,0.44,2025-06-18,2239,N,VIIRS,n,2,294.69,1.74,N,2
36.96283,42.08292,313.65,0.4,0.44,2025-06-18,2239,N,VIIRS,n,2,293.1,0.51,N,2
36.97706,40.10329,301.79,0.5,0.49,2025-06-18,2239,N,VIIRS,n,2,288.2,1.01,N,0
36.99886,41.56219,313.5,0.42,0.45,2025-06-18,2239,N,VIIRS,n,2,292.82,1.24,N,2
37.01236,36.10617,307.78,0.42,0.61,2025-06-18,2239,N,VIIRS,n,2,292.72,1.62,N,2
37.01371,41.58403,309.52,0.42,0.45,2025-06-18,2239,N,VIIRS,n,2,292.96,0.83,N,2
37.01839,40.05093,296.18,0.51,0.49,2025-06-18,2239,N,VIIRS,n,2,285.86,0.62,N,0
37.0188,36.09322,317.69,0.42,0.61,2025-06-18,2239,N,VIIRS,n,2,293.93,1.75,N,0
37.0197,36.1081,304.15,0.42,0.61,2025-06-18,2239,N,VIIRS,n,2,293.72,1.21,N,2
37.02296,40.05154,304.86,0.51,0.49,2025-06-18,2239,N,VIIRS,n,2,288.0,0.62,N,0
37.02376,36.10738,307.02,0.42,0.61,2025-06-18,2239,N,VIIRS,n,2,293.69,1.57,N,2
37.02922,40.13958,298.31,0.5,0.49,2025-06-18,2239,N,VIIRS,n,2,287.37,0.39,N,0
37.03181,42.16959,305.71,0.39,0.44,2025-06-18,2239,N,VIIRS,n,2,294.24,0.64,N,2
37.03525,40.12311,298.75,0.5,0.49,2025-06-18,2239,N,VIIRS,n,2,287.39,0.4,N,0
37.07079,43.62954,306.96,0.5,0.41,2025-06-18,2239,N,VIIRS,n,2,289.42,2.64,N,0
37.07384,43.63639,333.39,0.5,0.41,2025-06-18,2239,N,VIIRS,n,2,292.35,4.14,N,0
37.07755,43.63767,307.45,0.5,0.41,2025-06-18,2239,N,VIIRS,n,2,292.42,1.1,N,0
37.07886,43.62629,308.59,0.5,0.41,2025-06-18,2239,N,VIIRS,n,2,291.09,2.02,N,0
37.08039,39.10406,305.46,0.57,0.52,2025-06-18,2239,N,VIIRS,n,2,288.77,1.41,N,0
37.08171,31.60229,301.98,0.74,0.76,2025-06-18,2239,N,VIIRS,n,2,289.11,1.35,N,0
37.08368,31.60205,301.36,0.74,0.76,2025-06-18,2239,N,VIIRS,n,2,289.78,0.92,N,0
37.08522,39.10472,315.78,0.57,0.52,2025-06-18,2239,N,VIIRS,n,2,289.47,1.82,N,0
37.10656,40.51378,304.96,0.48,0.48,2025-06-18,2239,N,VIIRS,n,2,292.7,0.85,N,0
37.1115,40.50899,304.43,0.48,0.48,2025-06-18,2239,N,VIIRS,n,2,293.21,1.37,N,0
37.112,40.50349,307.38,0.48,0.48,2025-06-18,2239,N,VIIRS,n,2,292.66,1.37,N,0
37.15311,38.85889,337.91,0.59,0.53,2025-06-18,2239,N,VIIRS,n,2,289.08,3.07,N,0
37.16711,42.5163,319.13,0.57,0.43,2025-06-18,2239,N,VIIRS,n,2,290.76,1.97,N,0
37.16847,42.51679,327.22,0.57,0.43,2025-06-18,2239,N,VIIRS,n,2,291.85,3.25,N,0
37.1711,42.51703,307.73,0.57,0.43,2025-06-18,2239,N,VIIRS,n,2,291.76,1.97,N,0
37.17884,40.54197,327.92,0.48,0.48,2025-06-18,2239,N,VIIRS,n,2,295.56,3.04,N,0
37.18919,40.52686,311.26,0.48,0.48,2025-06-18,2239,N,VIIRS,n,2,293.37,1.59,N,0
37.29332,37.15455,306.62,0.37,0.58,2025-06-18,2239,N,VIIRS,n,2,293.55,1.3,N,2
37.29459,37.15881,305.99,0.37,0.58,2025-06-18,2239,N,VIIRS,n,2,292.05,1.56,N,2
38.88436,37.89458,298.41,0.35,0.56,2025-06-18,2239,N,VIIRS,n,2,287.11,0.4,N,0
39.94327,33.19142,298.7,0.63,0.72,2025-06-18,2239,N,VIIRS,n,2,284.58,0.71,N,2
35.52613,44.34286,352.9,0.45,0.39,2025-06-18,2240,N,VIIRS,n,2,298.91,11.01,N,2
35.53036,44.33852,342.73,0.45,0.39,2025-06-18,2240,N,VIIRS,n,2,297.61,11.01,N,2
35.53394,44.33924,333.46,0.45,0.39,2025-06-18,2240,N,VIIRS,n,2,295.21,2.95,N,2
35.54306,44.18027,311.84,0.46,0.39,2025-06-18,2240,N,VIIRS,n,2,288.5,1.49,N,0
35.54732,44.17588,301.46,0.46,0.39,2025-06-18,2240,N,VIIRS,n,2,287.91,0.87,N,0
35.91788,36.25363,307.03,0.4,0.6,2025-06-18,2240,N,VIIRS,n,2,289.98,0.49,N,0
35.92344,36.25496,300.77,0.4,0.6,2025-06-18,2240,N,VIIRS,n,2,290.31,0.49,N,0
36.26162,33.72958,308.7,0.56,0.69,2025-06-18,2240,N,VIIRS,n,2,295.74,2.6,N,2
36.77325,39.4249,306.31,0.64,0.72,2025-06-19,19,N,VIIRS,n,2,287.9,1.26,N,0
36.918,38.91205,308.37,0.6,0.71,2025-06-19,19,N,VIIRS,n,2,285.97,2.11,N,0
36.92023,38.95104,321.53,0.6,0.71,2025-06-19,19,N,VIIRS,n,2,286.19,4.38,N,0
36.92644,38.95398,332.58,0.6,0.71,2025-06-19,19,N,VIIRS,n,2,287.35,4.38,N,0
36.92656,38.97678,321.32,0.61,0.71,2025-06-19,19,N,VIIRS,n,2,284.56,2.41,N,0
36.92859,38.97016,297.82,0.61,0.71,2025-06-19,19,N,VIIRS,n,2,283.82,2.22,N,0
36.93019,38.87243,309.99,0.6,0.7,2025-06-19,19,N,VIIRS,n,2,286.42,0.95,N,0
36.94282,39.15152,338.53,0.62,0.71,2025-06-19,19,N,VIIRS,n,2,286.57,4.66,N,0
36.94408,39.15318,351.93,0.62,0.71,2025-06-19,19,N,VIIRS,n,2,287.86,8.75,N,0
36.94908,39.15451,320.15,0.62,0.71,2025-06-19,19,N,VIIRS,n,2,287.48,4.66,N,0
36.95299,38.91375,335.03,0.6,0.71,2025-06-19,19,N,VIIRS,n,2,288.01,3.71,N,0
36.95943,39.14432,298.22,0.62,0.71,2025-06-19,19,N,VIIRS,n,2,285.36,0.46,N,0
37.04153,40.14785,367.0,0.69,0.74,2025-06-19,19,N,VIIRS,h,2,289.64,11.32,N,0
37.08326,40.62796,313.01,0.72,0.76,2025-06-19,19,N,VIIRS,n,2,288.8,1.62,N,0
37.08454,40.63221,299.23,0.72,0.76,2025-06-19,19,N,VIIRS,n,2,287.91,1.26,N,0
37.0871,40.62417,304.51,0.72,0.76,2025-06-19,19,N,VIIRS,n,2,288.3,1.26,N,0
37.11455,40.50765,304.23,0.71,0.75,2025-06-19,19,N,VIIRS,n,2,289.54,1.6,N,0
37.26379,40.68218,312.86,0.72,0.76,2025-06-19,19,N,VIIRS,n,2,292.03,2.74,N,0
37.26665,40.68956,336.55,0.72,0.76,2025-06-19,19,N,VIIRS,n,2,293.7,8.57,N,0
37.26794,40.69317,305.76,0.72,0.76,2025-06-19,19,N,VIIRS,n,2,292.49,6.02,N,0
37.26924,40.6816,342.14,0.72,0.76,2025-06-19,19,N,VIIRS,n,2,294.35,8.57,N,0
37.27047,40.68525,357.44,0.72,0.76,2025-06-19,19,N,VIIRS,n,2,296.01,13.94,N,0
39.48423,30.04053,306.79,0.56,0.43,2025-06-19,19,N,VIIRS,n,2,286.6,1.92,N,2
39.8376,30.30117,298.51,0.57,0.43,2025-06-19,19,N,VIIRS,n,2,287.37,1.07,N,2
39.9278,28.8536,297.87,0.49,0.4,2025-06-19,19,N,VIIRS,n,2,286.46,0.58,N,0
40.08353,32.79987,306.78,0.49,0.49,2025-06-19,19,N,VIIRS,n,2,284.6,1.38,N,0
40.44236,27.13974,306.73,0.42,0.38,2025-06-19,19,N,VIIRS,n,2,293.42,0.95,N,2
40.44577,27.14084,309.98,0.42,0.38,2025-06-19,19,N,VIIRS,n,2,292.18,1.23,N,2
40.74736,29.76205,304.78,0.52,0.41,2025-06-19,19,N,VIIRS,n,2,290.66,1.02,N,0
40.75108,29.76336,307.53,0.52,0.41,2025-06-19,19,N,VIIRS,n,2,291.22,1.02,N,2
40.75556,31.7843,300.56,0.42,0.45,2025-06-19,19,N,VIIRS,n,2,285.7,1.15,N,2
40.75604,29.75875,306.26,0.52,0.41,2025-06-19,19,N,VIIRS,n,2,290.89,1.27,N,2
40.75978,29.76,304.24,0.52,0.41,2025-06-19,19,N,VIIRS,n,2,292.2,1.27,N,2
40.76761,32.21654,295.58,0.44,0.46,2025-06-19,19,N,VIIRS,n,2,281.01,1.0,N,2
40.76819,29.52746,304.19,0.5,0.41,2025-06-19,19,N,VIIRS,n,2,293.02,1.31,N,2
40.78074,29.60091,307.26,0.51,0.41,2025-06-19,19,N,VIIRS,n,2,292.43,1.67,N,2
40.79434,26.43666,304.19,0.4,0.37,2025-06-19,19,N,VIIRS,n,2,289.14,0.28,N,0
40.79483,26.43494,303.56,0.4,0.37,2025-06-19,19,N,VIIRS,n,2,289.07,0.47,N,0
40.94498,31.39616,298.2,0.4,0.44,2025-06-19,19,N,VIIRS,n,2,287.08,0.68,N,2
41.02055,28.55917,304.33,0.46,0.39,2025-06-19,19,N,VIIRS,n,2,291.23,0.88,N,2
41.02162,28.55372,309.66,0.46,0.39,2025-06-19,19,N,VIIRS,n,2,291.23,0.88,N,2
41.17629,32.6319,306.86,0.45,0.47,2025-06-19,19,N,VIIRS,n,2,289.15,2.45,N,2
41.17761,32.63373,304.6,0.45,0.47,2025-06-19,19,N,VIIRS,n,2,291.05,1.49,N,2
41.18965,32.6216,298.56,0.45,0.47,2025-06-19,19,N,VIIRS,n,2,287.24,0.76,N,0
41.1924,32.62157,310.4,0.45,0.47,2025-06-19,19,N,VIIRS,n,2,287.95,1.8,N,2
41.19381,32.62338,301.9,0.45,0.47,2025-06-19,19,N,VIIRS,n,2,288.78,0.76,N,2
41.24172,36.46666,300.14,0.35,0.56,2025-06-19,19,N,VIIRS,n,2,287.41,0.8,N,2
41.24282,36.46267,306.49,0.35,0.56,2025-06-19,19,N,VIIRS,n,2,288.08,0.8,N,2
41.25383,31.41091,315.89,0.4,0.44,2025-06-19,19,N,VIIRS,n,2,289.06,1.45,N,2
41.25778,31.41246,309.44,0.4,0.44,2025-06-19,19,N,VIIRS,n,2,288.66,1.45,N,2
41.26363,31.42477,319.43,0.4,0.44,2025-06-19,19,N,VIIRS,n,2,292.05,1.95,N,2
41.26758,31.42629,303.64,0.4,0.44,2025-06-19,19,N,VIIRS,n,2,290.9,0.74,N,2
41.62992,27.68663,304.0,0.42,0.38,2025-06-19,19,N,VIIRS,n,2,290.36,0.94,N,2
41.79711,26.7014,306.17,0.4,0.37,2025-06-19,19,N,VIIRS,n,2,290.34,1.15,N,2
36.14042,40.81825,304.29,0.79,0.78,2025-06-19,20,N,VIIRS,n,2,289.2,2.53,N,2
36.26261,33.72837,312.43,0.34,0.56,2025-06-19,20,N,VIIRS,n,2,297.28,1.94,N,2
36.53671,36.46365,307.06,0.46,0.64,2025-06-19,20,N,VIIRS,n,2,287.82,0.72,N,0
36.53804,36.39851,305.92,0.46,0.63,2025-06-19,20,N,VIIRS,n,2,288.19,0.57,N,0
36.54234,36.46608,303.06,0.46,0.64,2025-06-19,20,N,VIIRS,n,2,286.73,0.39,N,0
36.5425,36.39843,317.92,0.46,0.63,2025-06-19,20,N,VIIRS,n,2,288.34,1.36,N,0
36.54369,36.40083,301.92,0.46,0.63,2025-06-19,20,N,VIIRS,n,2,288.5,0.57,N,0
36.69579,36.20733,309.28,0.44,0.63,2025-06-19,20,N,VIIRS,n,2,295.13,2.28,N,2
36.70419,39.4507,301.23,0.65,0.73,2025-06-19,20,N,VIIRS,n,2,287.97,0.9,N,0
36.70639,39.44363,299.52,0.65,0.73,2025-06-19,20,N,VIIRS,n,2,286.56,0.9,N,0
36.71662,36.20147,302.14,0.44,0.63,2025-06-19,20,N,VIIRS,n,2,291.59,0.66,N,2
36.72787,39.0066,317.99,0.62,0.71,2025-06-19,20,N,VIIRS,n,2,287.02,4.39,N,0
36.72992,38.99989,337.13,0.61,0.71,2025-06-19,20,N,VIIRS,n,2,288.28,7.79,N,0
36.73002,39.02301,298.17,0.62,0.71,2025-06-19,20,N,VIIRS,n,2,283.84,0.64,N,0
36.73194,36.21333,306.38,0.44,0.63,2025-06-19,20,N,VIIRS,n,2,295.21,0.93,N,2
36.75766,38.79246,308.66,0.6,0.71,2025-06-19,20,N,VIIRS,n,2,287.12,0.64,N,0
36.77045,39.42553,309.0,0.64,0.72,2025-06-19,20,N,VIIRS,n,2,287.99,0.88,N,0
36.81204,39.00754,297.7,0.61,0.71,2025-06-19,20,N,VIIRS,n,2,285.3,1.02,N,0
36.87095,36.62877,303.19,0.46,0.64,2025-06-19,20,N,VIIRS,n,2,289.0,1.26,N,0
36.87234,36.62382,311.55,0.46,0.64,2025-06-19,20,N,VIIRS,n,2,289.19,1.26,N,0
36.91893,38.91381,315.55,0.6,0.71,2025-06-19,20,N,VIIRS,n,2,285.43,2.09,N,0
36.92131,38.95301,338.58,0.6,0.71,2025-06-19,20,N,VIIRS,n,2,286.96,3.92,N,0
36.92331,38.94637,297.25,0.6,0.71,2025-06-19,20,N,VIIRS,n,2,285.67,4.89,N,0
36.92352,38.96926,301.06,0.61,0.71,2025-06-19,20,N,VIIRS,n,2,285.35,2.44,N,0
36.92752,38.95598,307.52,0.6,0.71,2025-06-19,20,N,VIIRS,n,2,286.19,3.92,N,0
36.9309,38.87409,304.62,0.6,0.7,2025-06-19,20,N,VIIRS,n,2,286.27,1.5,N,0
37.25565,30.44149,301.17,0.43,0.46,2025-06-19,20,N,VIIRS,n,2,289.29,0.5,N,0
37.35355,37.16375,301.72,0.48,0.65,2025-06-19,20,N,VIIRS,n,2,290.52,1.31,N,2
37.89888,30.49206,301.64,0.42,0.45,2025-06-19,20,N,VIIRS,n,2,290.06,0.87,N,2
38.42783,27.21629,312.77,0.45,0.39,2025-06-19,20,N,VIIRS,n,2,296.31,1.81,N,2
38.65994,30.61913,300.91,0.41,0.45,2025-06-19,20,N,VIIRS,n,2,286.95,1.2,N,2
38.73008,26.93121,306.66,0.44,0.38,2025-06-19,20,N,VIIRS,n,2,293.63,1.0,N,2
38.73711,26.93073,326.22,0.44,0.38,2025-06-19,20,N,VIIRS,n,2,295.24,2.25,N,2
38.73778,26.94661,314.13,0.44,0.38,2025-06-19,20,N,VIIRS,n,2,298.72,2.58,N,2
38.74057,26.93179,329.55,0.44,0.38,2025-06-19,20,N,VIIRS,n,2,295.07,2.25,N,2
38.74124,26.94766,306.57,0.44,0.38,2025-06-19,20,N,VIIRS,n,2,295.73,0.83,N,2
38.74471,26.94872,307.88,0.44,0.38,2025-06-19,20,N,VIIRS,n,2,295.51,0.83,N,2
38.74817,26.9498,312.35,0.44,0.38,2025-06-19,20,N,VIIRS,n,2,294.68,1.22,N,2
38.88697,27.74483,325.11,0.46,0.39,2025-06-19,20,N,VIIRS,n,2,293.86,1.87,N,0
38.89276,27.85409,329.52,0.47,0.39,2025-06-19,20,N,VIIRS,n,2,291.37,3.72,N,0
39.09104,27.51483,301.93,0.45,0.39,2025-06-19,20,N,VIIRS,n,2,290.24,0.38,N,0
39.1156,27.52272,300.81,0.45,0.39,2025-06-19,20,N,VIIRS,n,2,290.45,0.26,N,0
39.8643,26.24501,323.85,0.41,0.37,2025-06-19,20,N,VIIRS,n,2,294.38,1.95,N,2
39.86766,26.24603,310.82,0.41,0.37,2025-06-19,20,N,VIIRS,n,2,292.55,1.95,N,2
35.50548,43.78835,367.0,0.4,0.37,2025-06-19,959,N,VIIRS,h,2,332.12,19.43,D,0
35.50621,43.7927,367.0,0.4,0.37,2025-06-19,959,N,VIIRS,h,2,341.8,73.26,D,0
35.68583,43.87669,367.0,0.4,0.37,2025-06-19,1000,N,VIIRS,h,2,345.59,85.74,D,2
35.69753,36.12889,340.6,0.56,0.51,2025-06-19,1000,N,VIIRS,n,2,307.74,11.09,D,0
35.70211,36.12713,342.52,0.56,0.51,2025-06-19,1000,N,VIIRS,n,2,307.56,11.09,D,0
35.7531,36.17413,354.88,0.56,0.51,2025-06-19,1000,N,VIIRS,n,2,310.94,21.02,D,0
35.92208,36.25319,349.02,0.55,0.51,2025-06-19,1000,N,VIIRS,n,2,319.01,13.04,D,0
35.9282,36.25098,343.52,0.54,0.51,2025-06-19,1000,N,VIIRS,n,2,309.32,7.44,D,0
35.97447,39.2724,347.67,0.57,0.43,2025-06-19,1000,N,VIIRS,n,2,319.71,15.35,D,0
36.0523,38.89336,347.45,0.4,0.44,2025-06-19,1000,N,VIIRS,n,2,322.28,9.8,D,0
36.05262,38.89244,354.29,0.4,0.44,2025-06-19,1000,N,VIIRS,n,2,321.57,10.97,D,0
36.90026,38.65211,349.24,0.39,0.44,2025-06-19,1000,N,VIIRS,n,2,321.36,7.74,D,0
36.99434,40.24921,354.29,0.5,0.41,2025-06-19,1000,N,VIIRS,n,2,324.4,22.77,D,0
36.99559,40.25225,357.21,0.5,0.41,2025-06-19,1000,N,VIIRS,n,2,327.06,47.74,D,0
37.02537,35.37853,344.47,0.57,0.52,2025-06-19,1000,N,VIIRS,n,2,313.27,4.39,D,0
37.25965,37.22233,346.47,0.45,0.47,2025-06-19,1000,N,VIIRS,n,2,318.46,5.41,D,0
36.88506,30.75009,348.7,0.5,0.66,2025-06-19,1001,N,VIIRS,n,2,307.36,4.46,D,0
38.54355,28.69506,345.43,0.57,0.69,2025-06-19,1001,N,VIIRS,n,2,309.08,31.33,D,0
38.54546,28.70136,367.0,0.57,0.69,2025-06-19,1001,N,VIIRS,h,2,307.06,31.33,D,0
39.9143,32.77629,339.12,0.33,0.55,2025-06-19,1001,N,VIIRS,n,2,304.81,2.4,D,0
35.70213,36.12824,367.0,0.7,0.75,2025-06-19,1141,N,VIIRS,h,2,304.55,17.99,D,0
35.70229,36.13546,367.0,0.7,0.75,2025-06-19,1141,N,VIIRS,h,2,302.94,17.99,D,0
35.74966,36.17895,367.0,0.7,0.75,2025-06-19,1141,N,VIIRS,h,2,307.63,12.21,D,0
35.75243,36.17646,367.0,0.7,0.75,2025-06-19,1141,N,VIIRS,h,2,308.07,16.83,D,0
35.92155,36.25963,367.0,0.71,0.75,2025-06-19,1141,N,VIIRS,h,2,316.42,129.16,D,0
35.92501,36.25989,367.0,0.71,0.75,2025-06-19,1141,N,VIIRS,h,2,308.3,87.17,D,0
37.09467,35.06212,353.66,0.62,0.71,2025-06-19,1141,N,VIIRS,n,2,304.67,98.09,D,0
37.09502,35.0769,367.0,0.62,0.71,2025-06-19,1141,N,VIIRS,h,2,315.66,167.86,D,0
37.10138,35.06175,355.35,0.62,0.71,2025-06-19,1141,N,VIIRS,n,2,304.59,155.57,D,0
37.10177,35.07796,367.0,0.62,0.71,2025-06-19,1141,N,VIIRS,h,2,305.94,195.42,D,0
37.10831,35.07059,367.0,0.62,0.71,2025-06-19,1141,N,VIIRS,h,2,312.28,155.57,D,0
37.18263,36.91969,349.46,0.78,0.78,2025-06-19,1141,N,VIIRS,n,2,314.14,7.29,D,0
37.18301,36.92023,350.03,0.78,0.78,2025-06-19,1141,N,VIIRS,n,2,314.38,5.7,D,0
39.58435,28.14372,342.54,0.55,0.51,2025-06-19,1142,N,VIIRS,n,2,306.67,10.27,D,0
39.58864,28.13691,340.64,0.55,0.51,2025-06-19,1142,N,VIIRS,n,2,309.68,38.16,D,0
39.5934,28.13654,354.38,0.55,0.51,2025-06-19,1142,N,VIIRS,n,2,315.88,38.16,D,0
39.59388,28.14309,349.97,0.55,0.51,2025-06-19,1142,N,VIIRS,n,2,312.79,139.32,D,0
39.59815,28.13608,356.57,0.55,0.51,2025-06-19,1142,N,VIIRS,n,2,311.92,8.72,D,0
39.59864,28.14268,356.85,0.55,0.51,2025-06-19,1142,N,VIIRS,n,2,313.57,17.22,D,0
39.60339,28.14224,352.56,0.55,0.51,2025-06-19,1142,N,VIIRS,n,2,310.21,17.22,D,0
40.20937,28.68623,341.8,0.59,0.53,2025-06-19,1142,N,VIIRS,n,2,306.3,4.65,D,0
40.21032,28.68469,336.48,0.59,0.53,2025-06-19,1142,N,VIIRS,n,2,306.01,6.83,D,0
41.26618,31.42493,344.58,0.42,0.61,2025-06-19,1142,N,VIIRS,n,2,306.64,6.9,D,2
40.57585,43.00608,298.43,0.34,0.56,2025-06-19,2219,N,VIIRS,n,2,280.25,0.66,N,0
42.11816,43.01512,297.63,0.35,0.57,2025-06-19,2219,N,VIIRS,n,2,285.71,0.75,N,2
42.12371,43.01132,304.22,0.35,0.57,2025-06-19,2219,N,VIIRS,n,2,285.44,0.63,N,2
42.12726,43.01142,297.02,0.35,0.57,2025-06-19,2219,N,VIIRS,n,2,285.0,0.79,N,2
36.08238,43.63753,311.19,0.57,0.52,2025-06-19,2220,N,VIIRS,n,2,292.82,1.58,N,0
36.09739,43.63285,303.93,0.57,0.52,2025-06-19,2220,N,VIIRS,n,2,291.23,1.62,N,0
36.1249,43.77987,304.96,0.56,0.52,2025-06-19,2220,N,VIIRS,n,2,293.35,2.81,N,2
36.44099,42.92793,307.9,0.63,0.54,2025-06-19,2220,N,VIIRS,n,2,294.96,1.29,N,2
36.70514,39.33848,300.63,0.5,0.66,2025-06-19,2220,N,VIIRS,n,2,290.14,1.22,N,0
36.71865,42.5957,302.7,0.33,0.55,2025-06-19,2220,N,VIIRS,n,2,292.39,0.52,N,0
36.73143,43.2807,307.13,0.61,0.53,2025-06-19,2220,N,VIIRS,n,2,295.68,0.96,N,2
36.73672,36.20787,309.89,0.74,0.76,2025-06-19,2220,N,VIIRS,n,2,293.77,4.0,N,2
36.73876,36.20467,304.23,0.75,0.77,2025-06-19,2220,N,VIIRS,n,2,293.6,4.57,N,0
36.7457,43.49948,303.79,0.59,0.53,2025-06-19,2220,N,VIIRS,n,2,293.75,2.1,N,2
36.77359,43.321,318.57,0.61,0.53,2025-06-19,2220,N,VIIRS,n,2,294.71,5.15,N,2
36.7785,43.32229,330.35,0.61,0.53,2025-06-19,2220,N,VIIRS,n,2,297.88,5.15,N,2
36.80352,38.98626,303.21,0.53,0.67,2025-06-19,2220,N,VIIRS,n,2,290.95,0.93,N,0
36.80914,39.00502,367.0,0.53,0.67,2025-06-19,2220,N,VIIRS,h,2,293.11,10.54,N,0
36.80936,38.99892,342.49,0.53,0.67,2025-06-19,2220,N,VIIRS,n,2,292.25,10.54,N,0
36.82868,38.98796,299.86,0.53,0.67,2025-06-19,2220,N,VIIRS,n,2,289.55,0.44,N,0
36.8298,38.95759,316.23,0.53,0.67,2025-06-19,2220,N,VIIRS,n,2,292.46,3.14,N,0
36.84451,39.06846,308.87,0.52,0.67,2025-06-19,2220,N,VIIRS,n,2,288.57,1.65,N,0
36.85873,38.86044,336.11,0.54,0.68,2025-06-19,2220,N,VIIRS,n,2,292.4,8.0,N,0
36.85896,38.85424,351.98,0.54,0.68,2025-06-19,2220,N,VIIRS,n,2,293.69,8.0,N,0
36.86459,38.87324,328.45,0.54,0.67,2025-06-19,2220,N,VIIRS,n,2,291.18,2.16,N,0
36.86483,38.86705,304.22,0.54,0.68,2025-06-19,2220,N,VIIRS,n,2,290.41,2.16,N,0
36.86708,43.4903,311.12,0.6,0.53,2025-06-19,2220,N,VIIRS,n,2,292.46,4.11,N,2
36.86714,38.87321,328.26,0.54,0.68,2025-06-19,2220,N,VIIRS,n,2,291.57,2.74,N,0
36.86734,38.86702,306.53,0.54,0.68,2025-06-19,2220,N,VIIRS,n,2,290.63,2.56,N,0
36.87018,43.51548,304.17,0.59,0.53,2025-06-19,2220,N,VIIRS,n,2,292.61,1.44,N,0
36.88715,38.84367,304.04,0.54,0.68,2025-06-19,2220,N,VIIRS,n,2,292.01,1.06,N,0
36.88942,38.88735,305.47,0.53,0.67,2025-06-19,2220,N,VIIRS,n,2,289.4,1.64,N,0
36.89111,38.84402,304.21,0.54,0.68,2025-06-19,2220,N,VIIRS,n,2,291.88,0.83,N,0
36.89157,43.42771,324.33,0.6,0.53,2025-06-19,2220,N,VIIRS,n,2,291.99,4.73,N,2
36.89183,38.89367,318.81,0.53,0.67,2025-06-19,2220,N,VIIRS,n,2,289.36,2.01,N,0
36.89204,38.88745,314.32,0.53,0.67,2025-06-19,2220,N,VIIRS,n,2,289.82,2.01,N,0
36.8955,38.89397,317.57,0.53,0.67,2025-06-19,2220,N,VIIRS,n,2,289.88,2.57,N,0
36.89574,38.88777,302.4,0.53,0.67,2025-06-19,2220,N,VIIRS,n,2,290.47,1.64,N,0
36.90364,38.91916,303.95,0.53,0.67,2025-06-19,2220,N,VIIRS,n,2,289.56,8.6,N,0
36.90446,43.38822,316.1,0.6,0.53,2025-06-19,2220,N,VIIRS,n,2,291.23,4.01,N,2
36.9069,38.92549,318.21,0.53,0.67,2025-06-19,2220,N,VIIRS,n,2,288.07,5.17,N,0
36.90715,38.91934,352.56,0.53,0.67,2025-06-19,2220,N,VIIRS,n,2,289.96,5.17,N,0
36.9094,43.38883,324.98,0.6,0.53,2025-06-19,2220,N,VIIRS,n,2,292.18,4.01,N,2
36.90973,38.92575,318.49,0.53,0.67,2025-06-19,2220,N,VIIRS,n,2,287.91,5.95,N,0
36.90982,43.24655,307.67,0.61,0.54,2025-06-19,2220,N,VIIRS,n,2,293.05,1.99,N,0
36.90995,38.91958,367.0,0.53,0.67,2025-06-19,2220,N,VIIRS,h,2,293.19,8.6,N,0
36.91639,41.89396,316.62,0.36,0.58,2025-06-19,2220,N,VIIRS,n,2,294.66,0.99,N,2
36.91887,38.61955,320.86,0.55,0.68,2025-06-19,2220,N,VIIRS,n,2,290.52,2.24,N,0
36.92003,38.61938,323.13,0.55,0.68,2025-06-19,2220,N,VIIRS,n,2,290.27,3.33,N,0
36.92215,38.93275,301.5,0.53,0.67,2025-06-19,2220,N,VIIRS,n,2,289.22,0.74,N,0
36.92479,40.1744,330.96,0.45,0.63,2025-06-19,2220,N,VIIRS,n,2,291.91,4.2,N,0
36.92505,40.16903,353.96,0.45,0.63,2025-06-19,2220,N,VIIRS,n,2,292.36,6.91,N,0
36.92644,38.61995,334.4,0.55,0.68,2025-06-19,2220,N,VIIRS,n,2,292.5,5.06,N,0
36.92696,40.19485,310.69,0.45,0.63,2025-06-19,2220,N,VIIRS,n,2,293.14,1.3,N,0
36.92785,40.17425,339.08,0.45,0.63,2025-06-19,2220,N,VIIRS,n,2,292.35,7.81,N,0
36.92802,38.94548,310.46,0.53,0.67,2025-06-19,2220,N,VIIRS,n,2,288.09,2.69,N,0
36.92809,40.16885,367.0,0.46,0.63,2025-06-19,2220,N,VIIRS,h,2,295.62,7.81,N,0
36.92846,38.93316,299.46,0.53,0.67,2025-06-19,2220,N,VIIRS,n,2,289.15,1.28,N,0
36.92969,40.1954,308.22,0.45,0.63,2025-06-19,2220,N,VIIRS,n,2,292.65,1.1,N,0
36.93071,40.17487,305.01,0.45,0.63,2025-06-19,2220,N,VIIRS,n,2,291.29,4.2,N,0
36.93097,40.16948,322.9,0.45,0.63,2025-06-19,2220,N,VIIRS,n,2,293.54,6.91,N,0
36.93352,42.13011,324.74,0.35,0.57,2025-06-19,2220,N,VIIRS,n,2,295.49,1.63,N,2
36.93705,42.13276,311.94,0.35,0.57,2025-06-19,2220,N,VIIRS,n,2,296.06,1.5,N,2
36.9373,42.12869,319.57,0.35,0.57,2025-06-19,2220,N,VIIRS,n,2,296.32,1.5,N,2
36.93779,42.12047,341.98,0.35,0.57,2025-06-19,2220,N,VIIRS,n,2,297.23,4.19,N,2
36.93803,42.11636,304.96,0.36,0.57,2025-06-19,2220,N,VIIRS,n,2,293.35,2.91,N,2
36.93883,42.13071,316.82,0.35,0.57,2025-06-19,2220,N,VIIRS,n,2,296.9,1.26,N,2
36.93937,42.12252,317.64,0.35,0.57,2025-06-19,2220,N,VIIRS,n,2,295.57,4.09,N,2
36.93965,42.11841,334.49,0.35,0.57,2025-06-19,2220,N,VIIRS,n,2,294.8,3.4,N,2
36.94018,42.1694,322.51,0.35,0.57,2025-06-19,2220,N,VIIRS,n,2,294.53,1.5,N,2
36.94147,42.17128,328.09,0.35,0.57,2025-06-19,2220,N,VIIRS,n,2,296.45,1.81,N,2
36.94415,42.13127,320.57,0.35,0.57,2025-06-19,2220,N,VIIRS,n,2,295.39,1.26,N,2
36.94793,42.12986,352.45,0.35,0.57,2025-06-19,2220,N,VIIRS,n,2,297.97,3.87,N,2
36.96277,40.31849,302.49,0.45,0.63,2025-06-19,2220,N,VIIRS,n,2,290.54,0.48,N,0
36.96693,42.08184,308.87,0.36,0.57,2025-06-19,2220,N,VIIRS,n,2,294.45,0.56,N,2
36.97051,38.99152,309.98,0.53,0.67,2025-06-19,2220,N,VIIRS,n,2,290.62,1.78,N,0
36.97269,39.00251,316.13,0.53,0.67,2025-06-19,2220,N,VIIRS,n,2,291.54,2.83,N,0
36.9731,38.99017,321.4,0.53,0.67,2025-06-19,2220,N,VIIRS,n,2,291.04,2.84,N,0
36.97633,39.00426,307.09,0.53,0.67,2025-06-19,2220,N,VIIRS,n,2,290.33,4.31,N,0
36.97681,38.99196,308.41,0.53,0.67,2025-06-19,2220,N,VIIRS,n,2,290.49,7.86,N,0
36.97898,39.00296,314.13,0.53,0.67,2025-06-19,2220,N,VIIRS,n,2,290.83,5.52,N,0
36.98262,39.00471,353.14,0.53,0.67,2025-06-19,2220,N,VIIRS,n,2,294.08,4.31,N,0
36.98527,39.00344,352.81,0.53,0.67,2025-06-19,2220,N,VIIRS,n,2,294.81,5.52,N,0
36.98769,39.03576,300.69,0.53,0.67,2025-06-19,2220,N,VIIRS,n,2,288.25,0.84,N,0
36.9889,39.00517,304.84,0.53,0.67,2025-06-19,2220,N,VIIRS,n,2,290.16,0.94,N,0
36.99052,39.03458,304.58,0.53,0.67,2025-06-19,2220,N,VIIRS,n,2,288.88,0.62,N,0
36.99757,41.56263,310.43,0.38,0.59,2025-06-19,2220,N,VIIRS,n,2,293.79,0.61,N,2
37.01301,41.58212,309.4,0.38,0.59,2025-06-19,2220,N,VIIRS,n,2,295.61,0.84,N,2
37.07829,42.55836,316.98,0.34,0.56,2025-06-19,2220,N,VIIRS,n,2,295.62,1.4,N,2
37.07855,42.55444,310.74,0.34,0.56,2025-06-19,2220,N,VIIRS,n,2,294.35,1.4,N,2
37.08083,39.73573,328.2,0.48,0.65,2025-06-19,2220,N,VIIRS,n,2,291.84,4.47,N,0
37.08114,42.51562,311.72,0.34,0.56,2025-06-19,2220,N,VIIRS,n,2,294.55,1.63,N,0
37.08689,39.73629,353.15,0.48,0.65,2025-06-19,2220,N,VIIRS,n,2,295.67,4.47,N,0
37.08712,39.73071,302.29,0.48,0.65,2025-06-19,2220,N,VIIRS,n,2,291.13,4.47,N,0
37.1097,39.77197,367.0,0.48,0.65,2025-06-19,2220,N,VIIRS,h,2,295.21,12.33,N,0
37.10994,39.76637,315.65,0.48,0.65,2025-06-19,2220,N,VIIRS,n,2,289.62,12.33,N,0
37.12846,39.61633,327.2,0.49,0.65,2025-06-19,2220,N,VIIRS,n,2,292.42,3.56,N,0
37.14501,38.8595,308.34,0.54,0.68,2025-06-19,2220,N,VIIRS,n,2,289.51,1.18,N,0
37.18355,40.18293,321.9,0.46,0.63,2025-06-19,2220,N,VIIRS,n,2,291.44,2.33,N,0
37.18379,40.17762,306.79,0.46,0.63,2025-06-19,2220,N,VIIRS,n,2,289.96,1.85,N,0
37.22734,40.72245,367.0,0.43,0.62,2025-06-19,2220,N,VIIRS,h,2,300.26,15.13,N,0
37.22761,40.71746,310.44,0.43,0.62,2025-06-19,2220,N,VIIRS,n,2,294.87,10.21,N,0
37.22792,40.72381,355.74,0.43,0.62,2025-06-19,2220,N,VIIRS,n,2,299.08,12.14,N,0
37.22816,40.71882,344.44,0.43,0.62,2025-06-19,2220,N,VIIRS,n,2,296.18,12.14,N,0
37.2331,40.723,347.3,0.43,0.62,2025-06-19,2220,N,VIIRS,n,2,296.97,5.49,N,0
37.23368,40.72439,311.63,0.43,0.62,2025-06-19,2220,N,VIIRS,n,2,294.81,1.58,N,0
37.23392,40.71941,314.23,0.43,0.62,2025-06-19,2220,N,VIIRS,n,2,295.35,1.58,N,0
37.25839,40.69205,310.98,0.43,0.62,2025-06-19,2220,N,VIIRS,n,2,295.63,2.08,N,0
37.52397,37.03036,299.31,0.68,0.74,2025-06-19,2220,N,VIIRS,n,2,288.82,0.44,N,0
38.41629,43.23738,303.62,0.32,0.54,2025-06-19,2220,N,VIIRS,n,2,287.73,0.73,N,0
35.5258,44.34429,341.46,0.52,0.5,2025-06-19,2221,N,VIIRS,n,2,298.01,4.59,N,2
35.52629,44.33842,318.63,0.52,0.5,2025-06-19,2221,N,VIIRS,n,2,297.51,4.59,N,2
35.5309,44.3391,354.0,0.52,0.5,2025-06-19,2221,N,VIIRS,n,2,299.24,6.28,N,2
35.53551,44.33981,316.8,0.52,0.5,2025-06-19,2221,N,VIIRS,n,2,296.02,6.28,N,2
35.53601,44.33399,318.93,0.52,0.5,2025-06-19,2221,N,VIIRS,n,2,297.39,6.99,N,2
35.626,44.00892,321.14,0.54,0.51,2025-06-19,2221,N,VIIRS,n,2,296.31,5.88,N,2
35.62983,44.00947,342.68,0.54,0.51,2025-06-19,2221,N,VIIRS,n,2,304.54,16.75,N,2
35.63072,44.00945,342.3,0.54,0.51,2025-06-19,2221,N,VIIRS,n,2,303.46,5.88,N,2
35.66291,43.96477,355.12,0.54,0.51,2025-06-19,2221,N,VIIRS,n,2,301.51,16.78,N,2
35.67851,44.0646,310.86,0.54,0.51,2025-06-19,2221,N,VIIRS,n,2,296.76,2.29,N,2
35.68411,43.88049,318.31,0.55,0.51,2025-06-19,2221,N,VIIRS,n,2,294.86,15.59,N,2
35.68461,43.87434,343.1,0.55,0.51,2025-06-19,2221,N,VIIRS,n,2,308.91,30.1,N,2
35.68936,43.87499,306.1,0.55,0.51,2025-06-19,2221,N,VIIRS,n,2,295.2,30.1,N,2
35.7233,44.04079,341.51,0.54,0.51,2025-06-19,2221,N,VIIRS,n,2,299.86,11.39,N,2
35.72851,44.03546,321.85,0.54,0.51,2025-06-19,2221,N,VIIRS,n,2,297.97,4.72,N,2
35.72904,44.02929,320.04,0.54,0.51,2025-06-19,2221,N,VIIRS,n,2,297.14,4.62,N,2
35.73034,44.02996,332.45,0.54,0.51,2025-06-19,2221,N,VIIRS,n,2,298.25,6.71,N,2
35.77146,43.9927,338.67,0.54,0.51,2025-06-19,2221,N,VIIRS,n,2,298.03,6.12,N,2
35.81392,43.25762,308.95,0.6,0.53,2025-06-19,2221,N,VIIRS,n,2,296.44,2.68,N,2
35.95178,43.72517,316.6,0.56,0.52,2025-06-19,2221,N,VIIRS,n,2,295.93,3.14,N,2
35.95584,38.70713,305.79,0.54,0.68,2025-06-19,2221,N,VIIRS,n,2,292.66,0.95,N,0
35.95761,38.70609,303.91,0.54,0.68,2025-06-19,2221,N,VIIRS,n,2,292.43,0.84,N,0
35.9752,37.39605,303.47,0.64,0.72,2025-06-19,2221,N,VIIRS,n,2,291.98,2.25,N,0
35.97618,37.39996,305.55,0.64,0.72,2025-06-19,2221,N,VIIRS,n,2,292.39,0.92,N,0
35.98164,43.76757,319.89,0.56,0.52,2025-06-19,2221,N,VIIRS,n,2,298.46,3.93,N,2
35.98223,43.7674,322.93,0.56,0.52,2025-06-19,2221,N,VIIRS,n,2,298.66,3.24,N,2
36.01749,43.6813,309.89,0.57,0.52,2025-06-19,2221,N,VIIRS,n,2,294.81,2.07,N,2
36.08445,43.63681,306.16,0.57,0.52,2025-06-19,2221,N,VIIRS,n,2,291.83,0.94,N,0
36.09949,43.63213,314.3,0.57,0.52,2025-06-19,2221,N,VIIRS,n,2,292.24,0.97,N,0
36.13072,40.80948,311.46,0.41,0.61,2025-06-19,2221,N,VIIRS,n,2,293.53,0.83,N,2
36.14182,40.81501,335.67,0.41,0.61,2025-06-19,2221,N,VIIRS,n,2,294.61,3.54,N,2
42.12548,43.01494,304.68,0.4,0.6,2025-06-19,2359,N,VIIRS,n,2,284.8,0.83,N,2
42.1268,43.01034,299.62,0.4,0.6,2025-06-19,2359,N,VIIRS,n,2,284.48,0.83,N,0
37.06087,43.55748,302.32,0.59,0.7,2025-06-20,0,N,VIIRS,n,2,288.5,0.72,N,0
37.06112,43.55496,301.02,0.59,0.7,2025-06-20,0,N,VIIRS,n,2,287.99,0.62,N,0
37.95579,40.14858,323.54,0.37,0.58,2025-06-20,0,N,VIIRS,n,2,291.56,1.62,N,0
38.66441,39.23471,303.39,0.32,0.55,2025-06-20,0,N,VIIRS,n,2,290.39,0.87,N,2
39.77177,32.60184,312.45,0.45,0.39,2025-06-20,0,N,VIIRS,n,2,286.07,1.61,N,0
39.81254,32.37046,303.1,0.44,0.39,2025-06-20,0,N,VIIRS,n,2,289.1,0.64,N,0
39.945,33.19194,306.35,0.47,0.4,2025-06-20,0,N,VIIRS,n,2,289.39,1.22,N,2
40.02471,43.80966,296.93,0.5,0.66,2025-06-20,0,N,VIIRS,n,2,286.22,0.35,N,0
40.04927,32.65149,300.37,0.45,0.39,2025-06-20,0,N,VIIRS,n,2,289.51,0.64,N,2
40.08189,32.79998,331.79,0.46,0.39,2025-06-20,0,N,VIIRS,n,2,289.45,4.19,N,0
40.26218,30.04315,300.67,0.39,0.36,2025-06-20,0,N,VIIRS,n,2,289.25,0.62,N,2
40.7249,33.90805,318.74,0.49,0.4,2025-06-20,0,N,VIIRS,n,2,285.63,2.18,N,0
40.7485,29.76328,306.82,0.39,0.36,2025-06-20,0,N,VIIRS,n,2,293.15,1.28,N,2
40.75583,29.76061,301.6,0.39,0.36,2025-06-20,0,N,VIIRS,n,2,290.59,0.71,N,2
40.7559,31.78157,304.1,0.42,0.37,2025-06-20,0,N,VIIRS,n,2,286.15,0.88,N,2
40.75912,29.76154,308.18,0.39,0.36,2025-06-20,0,N,VIIRS,n,2,294.85,0.71,N,2
40.76434,32.21716,297.04,0.43,0.38,2025-06-20,0,N,VIIRS,n,2,282.34,0.87,N,2
40.78171,29.60201,312.36,0.39,0.36,2025-06-20,0,N,VIIRS,n,2,294.51,1.31,N,2
40.94541,31.39638,308.37,0.41,0.37,2025-06-20,0,N,VIIRS,n,2,288.84,1.09,N,2
41.02084,28.55499,326.16,0.39,0.36,2025-06-20,0,N,VIIRS,n,2,293.18,1.99,N,2
41.17367,32.63127,310.96,0.44,0.38,2025-06-20,0,N,VIIRS,n,2,288.19,2.27,N,2
41.17614,32.6376,314.32,0.44,0.38,2025-06-20,0,N,VIIRS,n,2,287.78,1.71,N,2
41.17712,32.63245,326.08,0.44,0.38,2025-06-20,0,N,VIIRS,n,2,290.94,1.71,N,2
41.18056,32.63364,303.77,0.44,0.38,2025-06-20,0,N,VIIRS,n,2,289.94,1.71,N,2
41.18401,32.63483,301.21,0.44,0.38,2025-06-20,0,N,VIIRS,n,2,288.87,1.34,N,2
41.19036,32.6207,300.1,0.43,0.38,2025-06-20,0,N,VIIRS,n,2,287.31,0.92,N,0
41.2402,36.46381,301.85,0.41,0.45,2025-06-20,0,N,VIIRS,n,2,286.35,1.81,N,2
41.2442,36.4654,325.18,0.41,0.45,2025-06-20,0,N,VIIRS,n,2,291.27,1.81,N,2
41.2563,31.41499,302.39,0.4,0.37,2025-06-20,0,N,VIIRS,n,2,289.34,0.59,N,2
41.26551,31.4229,318.33,0.4,0.37,2025-06-20,0,N,VIIRS,n,2,292.29,1.11,N,2
41.26802,31.42871,300.89,0.4,0.37,2025-06-20,0,N,VIIRS,n,2,289.65,1.33,N,2
41.26886,31.42394,302.53,0.4,0.37,2025-06-20,0,N,VIIRS,n,2,289.78,1.11,N,2
41.63117,27.68793,309.04,0.4,0.37,2025-06-20,0,N,VIIRS,n,2,292.18,0.7,N,2
41.63615,27.50658,303.81,0.4,0.37,2025-06-20,0,N,VIIRS,n,2,290.86,0.77,N,2
41.79855,26.70024,302.65,0.42,0.37,2025-06-20,0,N,VIIRS,n,2,291.09,0.74,N,2
35.52384,44.34523,321.61,0.71,0.75,2025-06-20,1,N,VIIRS,n,2,294.49,5.71,N,2
35.52462,44.34836,304.28,0.71,0.75,2025-06-20,1,N,VIIRS,n,2,293.58,5.33,N,2
35.52621,44.33778,330.79,0.71,0.75,2025-06-20,1,N,VIIRS,n,2,295.48,5.44,N,2
35.52696,44.34088,347.17,0.71,0.75,2025-06-20,1,N,VIIRS,n,2,296.16,5.33,N,2
35.52931,44.33336,318.82,0.71,0.75,2025-06-20,1,N,VIIRS,n,2,295.95,8.77,N,2
35.5329,44.34062,337.35,0.71,0.75,2025-06-20,1,N,VIIRS,n,2,295.31,5.44,N,2
35.53362,44.34381,303.69,0.71,0.75,2025-06-20,1,N,VIIRS,n,2,293.6,1.91,N,2
35.53532,44.33302,317.18,0.71,0.75,2025-06-20,1,N,VIIRS,n,2,295.84,5.44,N,2
35.536,44.33616,324.05,0.71,0.75,2025-06-20,1,N,VIIRS,n,2,294.96,3.82,N,2
35.62853,44.01383,307.32,0.68,0.74,2025-06-20,1,N,VIIRS,n,2,293.37,6.31,N,2
35.62942,44.01191,324.2,0.68,0.74,2025-06-20,1,N,VIIRS,n,2,293.89,4.58,N,2
35.63073,44.00671,367.0,0.68,0.74,2025-06-20,1,N,VIIRS,h,2,297.47,13.5,N,2
35.63166,44.00479,337.78,0.68,0.74,2025-06-20,1,N,VIIRS,n,2,295.16,4.58,N,2
35.65858,43.9665,326.78,0.67,0.74,2025-06-20,1,N,VIIRS,n,2,294.1,4.46,N,2
35.65964,43.96105,332.1,0.67,0.74,2025-06-20,1,N,VIIRS,n,2,293.9,6.31,N,2
35.66087,43.95919,326.45,0.67,0.74,2025-06-20,1,N,VIIRS,n,2,294.26,6.04,N,2
35.66511,43.96936,317.51,0.67,0.74,2025-06-20,1,N,VIIRS,n,2,294.41,4.46,N,2
35.66618,43.96391,342.64,0.67,0.74,2025-06-20,1,N,VIIRS,n,2,295.52,9.08,N,2
35.66741,43.96201,321.93,0.67,0.74,2025-06-20,1,N,VIIRS,n,2,293.87,6.04,N,2
35.67918,43.87708,306.61,0.67,0.73,2025-06-20,1,N,VIIRS,n,2,292.11,2.91,N,0
35.68409,43.88144,342.89,0.67,0.73,2025-06-20,1,N,VIIRS,n,2,292.78,27.69,N,2
35.68568,43.87995,348.89,0.67,0.73,2025-06-20,1,N,VIIRS,n,2,294.41,27.8,N,2
35.68631,43.87416,367.0,0.67,0.73,2025-06-20,1,N,VIIRS,h,2,300.32,27.69,N,2
35.68796,43.87266,367.0,0.67,0.73,2025-06-20,1,N,VIIRS,h,2,296.33,38.37,N,2
35.71784,43.7711,308.47,0.66,0.73,2025-06-20,1,N,VIIRS,n,2,297.55,2.9,N,2
35.72546,44.03811,327.95,0.68,0.74,2025-06-20,1,N,VIIRS,n,2,294.92,3.49,N,2
35.72768,44.03091,323.94,0.68,0.74,2025-06-20,1,N,VIIRS,n,2,293.46,3.49,N,2
35.76936,43.9974,312.62,0.67,0.74,2025-06-20,1,N,VIIRS,n,2,293.95,2.16,N,2
35.77158,43.9903,314.87,0.67,0.74,2025-06-20,1,N,VIIRS,n,2,294.06,2.16,N,2
35.77615,43.99391,319.07,0.67,0.74,2025-06-20,1,N,VIIRS,n,2,295.03,4.2,N,2
35.81627,43.25744,307.14,0.61,0.71,2025-06-20,1,N,VIIRS,n,2,293.58,1.48,N,2
35.92936,38.79221,303.21,0.36,0.57,2025-06-20,1,N,VIIRS,n,2,291.37,0.3,N,0
35.95096,43.72756,309.42,0.64,0.72,2025-06-20,1,N,VIIRS,n,2,293.62,1.09,N,2
35.95568,43.72744,305.12,0.64,0.72,2025-06-20,1,N,VIIRS,n,2,292.74,1.75,N,2
35.96803,43.76661,307.0,0.65,0.73,2025-06-20,1,N,VIIRS,n,2,295.74,4.34,N,2
35.97892,43.77076,311.38,0.65,0.73,2025-06-20,1,N,VIIRS,n,2,293.97,2.68,N,2
35.98265,43.76656,312.8,0.65,0.73,2025-06-20,1,N,VIIRS,n,2,294.98,4.26,N,2
35.99955,43.75905,304.67,0.64,0.72,2025-06-20,1,N,VIIRS,n,2,292.93,1.67,N,2
36.01652,43.68032,309.79,0.64,0.72,2025-06-20,1,N,VIIRS,n,2,292.02,0.87,N,2
36.08366,43.64141,306.6,0.63,0.72,2025-06-20,1,N,VIIRS,n,2,290.5,0.7,N,0
36.08576,43.64344,300.91,0.63,0.72,2025-06-20,1,N,VIIRS,n,2,289.52,0.83,N,0
36.09622,43.6328,300.47,0.63,0.72,2025-06-20,1,N,VIIRS,n,2,289.61,0.96,N,0
36.10052,43.63373,301.54,0.63,0.72,2025-06-20,1,N,VIIRS,n,2,289.5,0.59,N,0
36.12965,40.80957,307.57,0.45,0.63,2025-06-20,1,N,VIIRS,n,2,292.5,0.96,N,2
36.14076,40.81455,308.49,0.45,0.63,2025-06-20,1,N,VIIRS,n,2,293.37,1.85,N,2
36.14516,40.81737,314.26,0.45,0.63,2025-06-20,1,N,VIIRS,n,2,293.13,1.11,N,2
36.26332,33.73105,315.19,0.38,0.43,2025-06-20,1,N,VIIRS,n,2,297.77,1.16,N,2
36.43983,42.93211,306.12,0.57,0.69,2025-06-20,1,N,VIIRS,n,2,294.01,1.65,N,2
36.44105,42.93176,309.13,0.57,0.69,2025-06-20,1,N,VIIRS,n,2,294.71,1.87,N,2
36.71906,39.05603,300.36,0.35,0.57,2025-06-20,1,N,VIIRS,n,2,288.34,5.56,N,0
36.71924,36.20077,317.61,0.5,0.49,2025-06-20,1,N,VIIRS,n,2,294.22,2.71,N,2
36.72005,39.0522,367.0,0.35,0.57,2025-06-20,1,N,VIIRS,h,2,293.14,5.56,N,0
36.72104,39.04835,315.44,0.35,0.57,2025-06-20,1,N,VIIRS,n,2,287.58,7.99,N,0
36.73114,36.21104,311.19,0.5,0.49,2025-06-20,1,N,VIIRS,n,2,296.03,2.29,N,2
36.73996,36.21408,311.25,0.5,0.49,2025-06-20,1,N,VIIRS,n,2,294.56,1.13,N,2
36.74784,43.49722,303.51,0.6,0.7,2025-06-20,1,N,VIIRS,n,2,292.48,1.86,N,2
36.75171,39.01687,298.27,0.35,0.57,2025-06-20,1,N,VIIRS,n,2,287.52,0.43,N,0
36.75483,39.04769,316.01,0.35,0.57,2025-06-20,1,N,VIIRS,n,2,287.75,1.28,N,0
36.75582,39.04387,304.58,0.35,0.57,2025-06-20,1,N,VIIRS,n,2,286.39,1.37,N,0
36.77211,43.32541,310.58,0.58,0.7,2025-06-20,1,N,VIIRS,n,2,291.96,2.72,N,2
36.7723,43.32452,322.15,0.58,0.7,2025-06-20,1,N,VIIRS,n,2,291.97,3.25,N,2
36.77887,43.32617,326.25,0.58,0.7,2025-06-20,1,N,VIIRS,n,2,294.5,2.72,N,2
36.77905,43.32538,330.08,0.58,0.7,2025-06-20,1,N,VIIRS,n,2,294.76,3.25,N,2
36.7807,43.32001,311.16,0.58,0.7,2025-06-20,1,N,VIIRS,n,2,294.39,2.72,N,0
36.78093,43.31919,305.81,0.58,0.7,2025-06-20,1,N,VIIRS,n,2,294.13,6.54,N,0
36.804,38.9872,306.13,0.35,0.57,2025-06-20,1,N,VIIRS,n,2,289.13,0.81,N,0
36.81284,39.31509,315.58,0.36,0.58,2025-06-20,1,N,VIIRS,n,2,290.57,0.78,N,0
36.81388,39.31113,302.21,0.36,0.58,2025-06-20,1,N,VIIRS,n,2,290.04,0.78,N,0
36.81704,38.97981,347.03,0.35,0.57,2025-06-20,1,N,VIIRS,n,2,290.27,3.0,N,0
36.84326,39.07077,312.99,0.35,0.57,2025-06-20,1,N,VIIRS,n,2,286.81,1.07,N,0
36.84374,39.07086,312.14,0.35,0.57,2025-06-20,1,N,VIIRS,n,2,286.74,0.95,N,0
36.86258,40.0335,303.36,0.39,0.6,2025-06-20,1,N,VIIRS,n,2,292.2,0.91,N,0
36.8663,38.87413,307.41,0.34,0.56,2025-06-20,1,N,VIIRS,n,2,288.49,0.92,N,0
36.86766,43.52165,307.27,0.59,0.7,2025-06-20,1,N,VIIRS,n,2,292.1,1.54,N,0
36.86823,38.8666,321.54,0.34,0.56,2025-06-20,1,N,VIIRS,n,2,289.66,1.41,N,0
36.86955,43.49226,311.29,0.59,0.7,2025-06-20,1,N,VIIRS,n,2,291.95,2.82,N,2
36.87001,34.76382,306.38,0.42,0.45,2025-06-20,1,N,VIIRS,n,2,295.19,0.97,N,2
36.88942,43.42683,300.49,0.59,0.7,2025-06-20,1,N,VIIRS,n,2,289.57,1.19,N,2
36.89441,38.89367,301.97,0.34,0.56,2025-06-20,1,N,VIIRS,n,2,287.44,0.47,N,0
36.89496,38.8942,304.13,0.34,0.56,2025-06-20,1,N,VIIRS,n,2,287.8,0.44,N,0
36.8956,43.4296,308.26,0.59,0.7,2025-06-20,1,N,VIIRS,n,2,290.34,2.0,N,2
36.90409,38.92289,304.73,0.34,0.56,2025-06-20,1,N,VIIRS,n,2,288.06,1.16,N,0
36.9055,43.3969,300.17,0.59,0.7,2025-06-20,1,N,VIIRS,n,2,289.99,2.07,N,2
36.90752,43.39021,317.89,0.58,0.7,2025-06-20,1,N,VIIRS,n,2,290.94,2.07,N,2
36.9091,38.92491,320.7,0.34,0.56,2025-06-20,1,N,VIIRS,n,2,287.62,1.16,N,0
36.91008,38.92113,316.5,0.34,0.56,2025-06-20,1,N,VIIRS,n,2,288.83,3.0,N,0
36.91232,41.89404,308.77,0.49,0.65,2025-06-20,1,N,VIIRS,n,2,290.98,0.79,N,2
36.91434,38.96878,350.28,0.35,0.56,2025-06-20,1,N,VIIRS,n,2,289.22,6.54,N,0
36.91532,38.96499,346.35,0.35,0.56,2025-06-20,1,N,VIIRS,n,2,289.24,8.22,N,0
36.93122,38.94633,312.75,0.34,0.56,2025-06-20,1,N,VIIRS,n,2,287.75,1.03,N,0
36.93663,42.12957,308.51,0.5,0.66,2025-06-20,1,N,VIIRS,n,2,295.55,2.12,N,2
36.93822,42.12412,325.04,0.5,0.66,2025-06-20,1,N,VIIRS,n,2,295.06,2.83,N,2
36.93979,42.11868,319.41,0.5,0.66,2025-06-20,1,N,VIIRS,n,2,294.16,2.83,N,2
36.94431,42.17111,326.98,0.5,0.66,2025-06-20,1,N,VIIRS,n,2,294.38,2.66,N,2
36.94823,42.13487,320.63,0.5,0.66,2025-06-20,1,N,VIIRS,n,2,294.52,3.38,N,2
36.94984,42.12929,321.8,0.5,0.66,2025-06-20,1,N,VIIRS,n,2,294.82,4.78,N,2
36.96078,38.89572,297.36,0.34,0.56,2025-06-20,1,N,VIIRS,n,2,287.09,0.64,N,0
36.96175,38.89193,320.72,0.34,0.56,2025-06-20,1,N,VIIRS,n,2,289.11,1.57,N,0
36.96385,42.08085,312.58,0.5,0.66,2025-06-20,1,N,VIIRS,n,2,294.09,1.04,N,2
36.96973,39.01199,314.52,0.35,0.56,2025-06-20,1,N,VIIRS,n,2,289.4,1.02,N,0
36.97094,39.01091,317.35,0.35,0.56,2025-06-20,1,N,VIIRS,n,2,289.74,1.94,N,0
36.97292,39.00335,304.22,0.35,0.56,2025-06-20,1,N,VIIRS,n,2,290.03,0.78,N,0
36.97476,39.01402,306.1,0.35,0.56,2025-06-20,1,N,VIIRS,n,2,288.4,1.02,N,0
37.01233,39.06529,313.35,0.35,0.57,2025-06-20,1,N,VIIRS,n,2,288.29,2.81,N,0
37.01332,39.06148,355.63,0.35,0.57,2025-06-20,1,N,VIIRS,n,2,291.8,6.27,N,0
37.01337,41.58424,309.77,0.47,0.64,2025-06-20,1,N,VIIRS,n,2,291.73,0.82,N,2
37.03131,42.16925,305.41,0.5,0.66,2025-06-20,1,N,VIIRS,n,2,295.13,1.01,N,2
37.03969,40.3819,297.48,0.41,0.6,2025-06-20,1,N,VIIRS,n,2,287.38,0.51,N,0
37.06024,39.11628,300.6,0.35,0.57,2025-06-20,1,N,VIIRS,n,2,288.84,0.42,N,0
37.06089,39.11423,305.33,0.35,0.57,2025-06-20,1,N,VIIRS,n,2,289.11,0.71,N,0
37.06123,39.11248,301.49,0.35,0.57,2025-06-20,1,N,VIIRS,n,2,288.92,0.56,N,0
37.06479,38.96903,322.93,0.34,0.56,2025-06-20,1,N,VIIRS,n,2,288.91,1.18,N,0
37.07695,42.55554,308.45,0.52,0.67,2025-06-20,1,N,VIIRS,n,2,293.64,1.6,N,2
37.08122,42.51805,306.94,0.52,0.67,2025-06-20,1,N,VIIRS,n,2,293.53,2.04,N,0
37.09195,38.99233,304.75,0.34,0.56,2025-06-20,1,N,VIIRS,n,2,287.75,0.66,N,0
37.13893,40.12331,316.14,0.39,0.59,2025-06-20,1,N,VIIRS,n,2,287.74,4.18,N,0
37.14008,40.11908,367.0,0.39,0.59,2025-06-20,1,N,VIIRS,h,2,289.99,8.52,N,0
37.14349,39.84025,332.15,0.38,0.59,2025-06-20,1,N,VIIRS,n,2,290.06,2.55,N,0
37.14421,40.12551,300.3,0.39,0.59,2025-06-20,1,N,VIIRS,n,2,288.08,1.61,N,0
37.14536,40.12125,345.34,0.39,0.59,2025-06-20,1,N,VIIRS,n,2,290.76,4.12,N,0
37.14787,38.86438,315.01,0.34,0.56,2025-06-20,1,N,VIIRS,n,2,288.35,1.1,N,0
37.16655,40.17341,302.21,0.39,0.6,2025-06-20,1,N,VIIRS,n,2,288.84,0.2,N,0
37.19902,39.63063,302.01,0.37,0.58,2025-06-20,1,N,VIIRS,n,2,290.7,0.42,N,0
37.25248,30.44524,306.78,0.42,0.37,2025-06-20,1,N,VIIRS,n,2,291.32,1.04,N,2
37.2533,30.44063,306.19,0.42,0.37,2025-06-20,1,N,VIIRS,n,2,292.0,1.04,N,2
37.25626,40.68886,311.03,0.42,0.61,2025-06-20,1,N,VIIRS,n,2,294.7,0.72,N,0
37.2617,40.69102,319.69,0.42,0.61,2025-06-20,1,N,VIIRS,n,2,295.13,2.05,N,0
37.27557,40.70653,309.74,0.42,0.61,2025-06-20,1,N,VIIRS,n,2,295.42,1.06,N,0
37.29482,37.15929,305.99,0.54,0.51,2025-06-20,1,N,VIIRS,n,2,293.53,0.72,N,2
37.33657,40.8028,305.77,0.42,0.61,2025-06-20,1,N,VIIRS,n,2,294.01,0.77,N,2
37.77172,27.43683,308.5,0.39,0.36,2025-06-20,1,N,VIIRS,n,2,296.44,1.37,N,2
37.86195,29.37254,312.5,0.39,0.36,2025-06-20,1,N,VIIRS,n,2,293.38,1.08,N,2
37.9382,32.53354,301.36,0.48,0.4,2025-06-20,1,N,VIIRS,n,2,290.31,0.8,N,2
38.10959,35.15906,295.7,0.41,0.45,2025-06-20,1,N,VIIRS,n,2,283.59,0.31,N,0
38.42782,27.21827,312.93,0.39,0.36,2025-06-20,1,N,VIIRS,n,2,296.99,1.01,N,2
38.45572,27.2618,307.42,0.39,0.36,2025-06-20,1,N,VIIRS,n,2,296.57,0.96,N,2
38.65796,30.61722,300.53,0.41,0.37,2025-06-20,1,N,VIIRS,n,2,288.32,0.86,N,2
38.73129,26.93344,305.16,0.39,0.36,2025-06-20,1,N,VIIRS,n,2,292.72,0.87,N,2
38.73769,26.94657,318.52,0.39,0.36,2025-06-20,1,N,VIIRS,n,2,298.22,2.26,N,2
38.73964,26.93302,308.33,0.39,0.36,2025-06-20,1,N,VIIRS,n,2,292.19,0.71,N,2
38.7403,26.92848,307.07,0.39,0.36,2025-06-20,1,N,VIIRS,n,2,296.13,1.56,N,2
39.07487,26.90666,309.78,0.4,0.37,2025-06-20,1,N,VIIRS,n,2,291.05,0.92,N,0
39.09185,27.51178,307.29,0.39,0.36,2025-06-20,1,N,VIIRS,n,2,290.98,1.09,N,0
39.1144,27.5219,303.34,0.39,0.36,2025-06-20,1,N,VIIRS,n,2,289.63,0.6,N,0
39.11573,27.51291,301.44,0.39,0.36,2025-06-20,1,N,VIIRS,n,2,291.39,0.45,N,0
39.16661,27.63204,305.74,0.39,0.36,2025-06-20,1,N,VIIRS,n,2,290.76,0.84,N,2
39.48428,30.04082,313.68,0.39,0.36,2025-06-20,1,N,VIIRS,n,2,288.21,1.77,N,2
39.83862,30.29949,301.53,0.39,0.37,2025-06-20,1,N,VIIRS,n,2,288.53,1.04,N,2
39.86481,26.24289,329.61,0.41,0.37,2025-06-20,1,N,VIIRS,n,2,294.75,2.04,N,2
39.86823,26.24366,305.63,0.41,0.37,2025-06-20,1,N,VIIRS,n,2,292.58,2.04,N,2
40.18552,29.22497,304.9,0.38,0.36,2025-06-20,1,N,VIIRS,n,2,291.37,0.65,N,2
40.24271,28.34091,308.22,0.39,0.36,2025-06-20,1,N,VIIRS,n,2,285.99,0.6,N,0
40.44192,27.13899,321.96,0.4,0.37,2025-06-20,1,N,VIIRS,n,2,293.04,2.01,N,2
40.44529,27.1398,330.35,0.4,0.37,2025-06-20,1,N,VIIRS,n,2,294.24,2.01,N,2
35.64776,35.96561,353.54,0.51,0.66,2025-06-20,941,N,VIIRS,n,2,303.25,130.68,D,0
35.64939,35.97258,356.26,0.51,0.66,2025-06-20,941,N,VIIRS,n,2,328.77,174.36,D,0
35.65057,35.97546,367.0,0.51,0.66,2025-06-20,941,N,VIIRS,h,2,304.95,207.71,D,0
35.65078,35.97756,339.1,0.51,0.66,2025-06-20,941,N,VIIRS,n,2,299.26,174.36,D,0
35.65224,35.95927,337.66,0.51,0.66,2025-06-20,941,N,VIIRS,n,2,298.78,94.1,D,0
35.65351,35.96267,347.23,0.51,0.66,2025-06-20,941,N,VIIRS,n,2,298.65,118.78,D,0
35.65626,35.97231,367.0,0.51,0.66,2025-06-20,941,N,VIIRS,h,2,304.09,209.91,D,0
35.65641,35.97415,367.0,0.51,0.66,2025-06-20,941,N,VIIRS,h,2,298.09,174.36,D,0
35.68732,43.87727,354.82,0.39,0.44,2025-06-20,941,N,VIIRS,n,2,328.27,13.02,D,2
35.72506,44.0414,353.88,0.38,0.44,2025-06-20,941,N,VIIRS,n,2,328.01,6.07,D,2
35.97461,38.89958,347.96,0.35,0.57,2025-06-20,941,N,VIIRS,n,2,315.66,3.45,D,0
35.97473,38.89928,347.23,0.35,0.57,2025-06-20,941,N,VIIRS,n,2,314.83,3.74,D,0
36.09108,43.96628,351.21,0.57,0.43,2025-06-20,941,N,VIIRS,n,2,320.73,6.35,D,0
36.11898,37.46449,349.01,0.42,0.61,2025-06-20,941,N,VIIRS,n,2,315.89,3.57,D,0
36.14232,38.99049,346.64,0.34,0.56,2025-06-20,941,N,VIIRS,n,2,317.71,3.73,D,0
36.14476,37.43756,367.0,0.42,0.61,2025-06-20,941,N,VIIRS,h,2,315.76,5.78,D,0
36.14799,37.4381,367.0,0.42,0.61,2025-06-20,941,N,VIIRS,h,2,315.23,7.38,D,0
36.69817,39.2155,342.0,0.33,0.55,2025-06-20,941,N,VIIRS,n,2,316.45,1.96,D,0
36.77428,43.32371,346.52,0.4,0.44,2025-06-20,941,N,VIIRS,n,2,320.85,8.83,D,2
36.77525,43.32835,346.71,0.4,0.44,2025-06-20,941,N,VIIRS,n,2,320.57,8.92,D,2
36.77811,38.95801,367.0,0.33,0.56,2025-06-20,941,N,VIIRS,h,2,317.85,8.18,D,0
36.77975,38.95646,367.0,0.33,0.56,2025-06-20,941,N,VIIRS,h,2,321.09,11.67,D,0
36.78656,38.96183,367.0,0.33,0.56,2025-06-20,941,N,VIIRS,h,2,318.66,8.97,D,0
36.81761,38.02312,346.49,0.37,0.58,2025-06-20,941,N,VIIRS,n,2,317.03,11.42,D,0
36.81892,39.02506,339.92,0.33,0.55,2025-06-20,941,N,VIIRS,n,2,313.89,2.96,D,0
36.81984,39.02868,367.0,0.33,0.55,2025-06-20,941,N,VIIRS,h,2,315.12,2.96,D,0
36.86825,43.48764,337.89,0.39,0.44,2025-06-20,941,N,VIIRS,n,2,312.52,3.37,D,2
36.90631,43.38693,342.42,0.39,0.44,2025-06-20,941,N,VIIRS,n,2,310.95,4.77,D,2
36.90702,43.39056,341.05,0.39,0.44,2025-06-20,941,N,VIIRS,n,2,312.46,3.2,D,2
36.90793,43.25526,347.88,0.4,0.44,2025-06-20,941,N,VIIRS,n,2,315.35,4.72,D,0
36.90888,43.25969,345.64,0.4,0.44,2025-06-20,941,N,VIIRS,n,2,314.25,3.88,D,0
37.03861,43.6175,350.04,0.57,0.43,2025-06-20,941,N,VIIRS,n,2,315.48,12.44,D,0
37.05616,43.56092,338.45,0.38,0.43,2025-06-20,941,N,VIIRS,n,2,312.05,3.23,D,0
37.0658,43.56719,346.34,0.57,0.43,2025-06-20,941,N,VIIRS,n,2,314.55,7.73,D,0
37.06727,43.56532,343.51,0.57,0.43,2025-06-20,941,N,VIIRS,n,2,313.9,5.67,D,0
37.17411,40.40799,355.53,0.55,0.51,2025-06-20,941,N,VIIRS,n,2,330.21,27.24,D,0
37.17869,40.40635,354.87,0.55,0.51,2025-06-20,941,N,VIIRS,n,2,323.97,27.24,D,0
36.7159,36.20233,336.52,0.47,0.64,2025-06-20,942,N,VIIRS,n,2,303.49,5.55,D,2
37.25294,36.98874,367.0,0.41,0.61,2025-06-20,942,N,VIIRS,h,2,325.16,49.91,D,0
37.25824,36.98614,348.43,0.41,0.61,2025-06-20,942,N,VIIRS,n,2,319.42,7.42,D,0
37.43729,36.90383,342.84,0.41,0.61,2025-06-20,942,N,VIIRS,n,2,312.34,4.59,D,0
37.78526,39.00835,345.69,0.63,0.54,2025-06-20,942,N,VIIRS,n,2,318.74,12.87,D,0
37.78547,39.00713,343.72,0.63,0.54,2025-06-20,942,N,VIIRS,n,2,317.71,13.49,D,0
38.45038,30.87611,335.82,0.77,0.77,2025-06-20,942,N,VIIRS,n,2,302.39,5.84,D,0
38.45248,30.87419,338.11,0.77,0.77,2025-06-20,942,N,VIIRS,n,2,302.65,4.74,D,0
40.77905,35.72395,338.6,0.38,0.59,2025-06-20,943,N,VIIRS,n,2,311.04,5.14,D,0
35.65141,35.97165,339.12,0.37,0.58,2025-06-20,1122,N,VIIRS,n,2,304.75,3.34,D,0
35.7547,36.20551,367.0,0.38,0.59,2025-06-20,1122,N,VIIRS,h,2,306.04,30.46,D,0
35.75978,36.19815,353.71,0.38,0.59,2025-06-20,1122,N,VIIRS,n,2,317.14,59.98,D,0
35.76024,36.20585,367.0,0.38,0.59,2025-06-20,1122,N,VIIRS,h,2,309.47,84.72,D,0
36.30217,36.23244,336.9,0.39,0.59,2025-06-20,1122,N,VIIRS,n,2,305.43,3.78,D,0
36.7188,38.67733,349.24,0.53,0.67,2025-06-20,1122,N,VIIRS,n,2,314.96,5.89,D,0
36.73127,36.21105,335.0,0.39,0.59,2025-06-20,1122,N,VIIRS,n,2,304.77,4.38,D,2
36.78498,38.95303,344.26,0.55,0.68,2025-06-20,1122,N,VIIRS,n,2,311.82,6.02,D,0
36.78519,38.95949,349.23,0.55,0.68,2025-06-20,1122,N,VIIRS,n,2,313.63,10.54,D,0
36.7916,38.95921,342.8,0.55,0.68,2025-06-20,1122,N,VIIRS,n,2,311.96,4.22,D,0
36.80819,34.77035,347.44,0.32,0.55,2025-06-20,1122,N,VIIRS,n,2,303.55,1.51,D,3
36.82442,35.25892,340.65,0.35,0.56,2025-06-20,1122,N,VIIRS,n,2,309.11,3.85,D,0
36.90088,38.92249,353.81,0.55,0.68,2025-06-20,1122,N,VIIRS,n,2,315.82,9.4,D,0
36.93335,38.93403,367.0,0.55,0.68,2025-06-20,1122,N,VIIRS,h,2,314.49,13.88,D,0
36.93402,38.93111,367.0,0.55,0.68,2025-06-20,1122,N,VIIRS,h,2,313.8,9.99,D,0
36.9493,39.02415,367.0,0.56,0.69,2025-06-20,1122,N,VIIRS,h,2,313.97,15.19,D,0
36.94947,39.02125,367.0,0.56,0.69,2025-06-20,1122,N,VIIRS,h,2,314.44,13.47,D,0
36.97292,40.34058,346.57,0.66,0.73,2025-06-20,1122,N,VIIRS,n,2,312.99,5.5,D,0
36.97618,40.17426,367.0,0.65,0.73,2025-06-20,1122,N,VIIRS,h,2,313.32,14.64,D,0
36.97675,40.17195,349.55,0.65,0.73,2025-06-20,1122,N,VIIRS,n,2,312.5,9.38,D,0
36.9769,40.18006,344.0,0.65,0.73,2025-06-20,1122,N,VIIRS,n,2,313.81,10.98,D,0
36.98737,40.37939,350.73,0.66,0.73,2025-06-20,1122,N,VIIRS,n,2,316.27,13.57,D,0
36.98772,40.37357,367.0,0.66,0.73,2025-06-20,1122,N,VIIRS,h,2,320.34,20.47,D,0
37.1308,40.70005,367.0,0.69,0.74,2025-06-20,1122,N,VIIRS,h,2,313.81,15.31,D,0
37.13253,40.70023,355.4,0.69,0.74,2025-06-20,1122,N,VIIRS,n,2,313.53,10.24,D,0
37.23456,40.35954,367.0,0.66,0.73,2025-06-20,1122,N,VIIRS,h,2,319.05,22.7,D,0
37.28183,39.60788,367.0,0.61,0.71,2025-06-20,1122,N,VIIRS,h,2,313.91,92.05,D,0
37.28428,39.59747,351.78,0.6,0.71,2025-06-20,1122,N,VIIRS,n,2,318.57,54.57,D,0
37.28448,39.60466,367.0,0.6,0.71,2025-06-20,1122,N,VIIRS,h,2,322.5,96.93,D,0
37.2883,39.60011,347.54,0.6,0.71,2025-06-20,1122,N,VIIRS,n,2,311.2,7.48,D,0
37.28847,39.60736,339.13,0.61,0.71,2025-06-20,1122,N,VIIRS,n,2,309.63,7.48,D,0
37.3884,36.94483,367.0,0.43,0.62,2025-06-20,1122,N,VIIRS,h,2,307.0,11.61,D,0
37.38857,36.94764,367.0,0.43,0.62,2025-06-20,1122,N,VIIRS,h,2,309.13,8.81,D,0
37.39412,36.94227,367.0,0.43,0.62,2025-06-20,1122,N,VIIRS,h,2,314.4,14.62,D,0
37.3942,36.94445,367.0,0.43,0.62,2025-06-20,1122,N,VIIRS,h,2,319.15,28.28,D,0
37.39437,36.94728,367.0,0.43,0.62,2025-06-20,1122,N,VIIRS,h,2,314.73,14.62,D,0
38.10879,27.71105,347.79,0.45,0.39,2025-06-20,1122,N,VIIRS,n,2,316.44,8.67,D,0
38.44893,30.87146,344.29,0.42,0.45,2025-06-20,1122,N,VIIRS,n,2,313.71,10.57,D,0
38.44973,30.87337,348.01,0.42,0.45,2025-06-20,1122,N,VIIRS,n,2,317.76,19.1,D,0
39.10105,27.43596,340.89,0.45,0.39,2025-06-20,1123,N,VIIRS,n,2,310.85,8.38,D,0
39.10166,27.441,349.03,0.45,0.39,2025-06-20,1123,N,VIIRS,n,2,313.05,8.38,D,0
39.10463,27.4353,346.01,0.45,0.39,2025-06-20,1123,N,VIIRS,n,2,311.03,8.38,D,0
39.10525,27.44041,367.0,0.45,0.39,2025-06-20,1123,N,VIIRS,h,2,319.48,8.38,D,0
39.10586,27.44544,355.63,0.45,0.39,2025-06-20,1123,N,VIIRS,n,2,323.55,60.56,D,0
39.10883,27.43975,356.3,0.45,0.39,2025-06-20,1123,N,VIIRS,n,2,319.82,22.29,D,0
39.10945,27.44483,354.86,0.45,0.39,2025-06-20,1123,N,VIIRS,n,2,321.81,21.36,D,0
40.10375,28.45075,335.81,0.5,0.41,2025-06-20,1123,N,VIIRS,n,2,304.66,4.58,D,0
40.50259,35.61808,345.48,0.39,0.59,2025-06-20,1123,N,VIIRS,n,2,305.26,4.23,D,0
40.50836,35.62252,345.11,0.39,0.59,2025-06-20,1123,N,VIIRS,n,2,310.76,4.23,D,0
41.26273,31.42601,339.93,0.48,0.48,2025-06-20,1123,N,VIIRS,n,2,305.5,8.38,D,2
41.26505,31.42389,344.59,0.48,0.48,2025-06-20,1123,N,VIIRS,n,2,306.58,3.09,D,2
41.88938,26.19229,352.39,0.44,0.38,2025-06-20,1124,N,VIIRS,n,2,317.26,14.49,D,0
41.89005,26.1976,340.01,0.44,0.38,2025-06-20,1124,N,VIIRS,n,2,304.6,14.49,D,0
41.89223,26.18623,350.28,0.44,0.38,2025-06-20,1124,N,VIIRS,n,2,311.57,13.54,D,0
41.89289,26.19147,344.66,0.44,0.38,2025-06-20,1124,N,VIIRS,n,2,314.19,14.49,D,0
41.89355,26.19676,338.78,0.44,0.38,2025-06-20,1124,N,VIIRS,n,2,307.8,14.49,D,0
41.89536,26.18908,342.27,0.44,0.38,2025-06-20,1124,N,VIIRS,n,2,311.21,6.86,D,0
41.8964,26.19066,343.0,0.44,0.38,2025-06-20,1124,N,VIIRS,n,2,309.88,5.62,D,0
36.74502,43.49349,302.08,0.54,0.68,2025-06-20,2201,N,VIIRS,n,2,290.06,1.03,N,2
36.77695,43.32493,343.63,0.56,0.69,2025-06-20,2201,N,VIIRS,n,2,298.21,4.54,N,2
36.77721,43.31816,310.36,0.56,0.69,2025-06-20,2201,N,VIIRS,n,2,295.43,4.54,N,2
36.77747,43.32323,351.76,0.56,0.69,2025-06-20,2201,N,VIIRS,n,2,298.54,7.37,N,2
36.86688,43.51611,308.14,0.54,0.68,2025-06-20,2201,N,VIIRS,n,2,293.57,1.28,N,0
36.86805,43.48521,326.45,0.55,0.68,2025-06-20,2201,N,VIIRS,n,2,293.64,3.0,N,2
36.86886,43.51422,306.69,0.54,0.68,2025-06-20,2201,N,VIIRS,n,2,293.41,0.89,N,0
36.86985,43.48383,324.08,0.55,0.68,2025-06-20,2201,N,VIIRS,n,2,293.23,2.64,N,2
36.88941,43.42849,302.51,0.55,0.68,2025-06-20,2201,N,VIIRS,n,2,291.34,0.9,N,2
36.88966,43.42178,303.76,0.55,0.68,2025-06-20,2201,N,VIIRS,n,2,290.88,0.9,N,2
36.89086,43.42832,307.87,0.55,0.68,2025-06-20,2201,N,VIIRS,n,2,291.92,2.03,N,2
36.89108,43.42187,310.5,0.55,0.68,2025-06-20,2201,N,VIIRS,n,2,290.77,2.77,N,2
36.90511,43.38536,326.59,0.55,0.68,2025-06-20,2201,N,VIIRS,n,2,292.07,2.64,N,2
36.90533,43.37845,302.07,0.55,0.68,2025-06-20,2201,N,VIIRS,n,2,289.96,2.64,N,2
36.91771,41.89014,304.82,0.67,0.73,2025-06-20,2201,N,VIIRS,n,2,290.58,1.01,N,0
36.93306,42.13041,301.38,0.65,0.73,2025-06-20,2201,N,VIIRS,n,2,291.11,2.79,N,2
36.94023,42.11545,310.21,0.65,0.73,2025-06-20,2201,N,VIIRS,n,2,291.66,2.0,N,2
36.99775,41.55901,302.85,0.7,0.75,2025-06-20,2201,N,VIIRS,n,2,290.97,0.39,N,2
37.01406,41.58096,305.9,0.69,0.74,2025-06-20,2201,N,VIIRS,n,2,291.75,1.24,N,2
37.0261,42.26794,304.61,0.64,0.72,2025-06-20,2201,N,VIIRS,n,2,292.46,0.67,N,0
37.0462,43.58941,318.92,0.54,0.68,2025-06-20,2201,N,VIIRS,n,2,291.36,1.81,N,0
37.04844,43.5911,307.75,0.54,0.68,2025-06-20,2201,N,VIIRS,n,2,290.58,2.21,N,0
37.04861,43.58546,315.04,0.54,0.68,2025-06-20,2201,N,VIIRS,n,2,291.12,3.02,N,0
37.05265,43.58717,307.8,0.54,0.68,2025-06-20,2201,N,VIIRS,n,2,291.1,1.81,N,0
37.07609,42.5552,313.35,0.62,0.71,2025-06-20,2201,N,VIIRS,n,2,294.11,3.04,N,2
37.07959,42.55444,325.25,0.61,0.71,2025-06-20,2201,N,VIIRS,n,2,295.19,3.92,N,2
37.08372,42.51397,307.21,0.62,0.71,2025-06-20,2201,N,VIIRS,n,2,294.55,1.68,N,0
37.14788,40.52372,299.85,0.79,0.78,2025-06-20,2201,N,VIIRS,n,2,289.25,1.03,N,0
35.52739,44.34571,317.14,0.48,0.65,2025-06-20,2202,N,VIIRS,n,2,294.0,5.53,N,2
35.52765,44.34012,356.55,0.48,0.65,2025-06-20,2202,N,VIIRS,n,2,297.47,5.53,N,2
35.52791,44.33456,320.5,0.48,0.65,2025-06-20,2202,N,VIIRS,n,2,295.98,7.1,N,2
35.53368,44.34074,325.34,0.48,0.65,2025-06-20,2202,N,VIIRS,n,2,293.66,3.94,N,2
35.53394,44.33523,352.09,0.48,0.65,2025-06-20,2202,N,VIIRS,n,2,297.5,8.56,N,2
35.56683,44.28273,304.32,0.48,0.65,2025-06-20,2202,N,VIIRS,n,2,293.82,0.67,N,2
35.62847,44.01084,325.55,0.5,0.66,2025-06-20,2202,N,VIIRS,n,2,295.95,6.7,N,2
35.62872,44.00506,367.0,0.5,0.66,2025-06-20,2202,N,VIIRS,h,2,300.11,6.7,N,2
35.66125,43.9678,307.19,0.5,0.66,2025-06-20,2202,N,VIIRS,n,2,296.67,6.65,N,2
35.6615,43.96209,367.0,0.5,0.66,2025-06-20,2202,N,VIIRS,h,2,300.78,6.65,N,2
35.68363,43.88244,306.48,0.51,0.66,2025-06-20,2202,N,VIIRS,n,2,295.59,8.06,N,2
35.68389,43.87663,330.91,0.51,0.66,2025-06-20,2202,N,VIIRS,n,2,303.77,32.4,N,2
35.68415,43.87085,367.0,0.51,0.66,2025-06-20,2202,N,VIIRS,h,2,297.97,32.4,N,2
35.68807,43.87888,323.58,0.51,0.66,2025-06-20,2202,N,VIIRS,n,2,296.32,13.5,N,2
35.68829,43.8731,367.0,0.51,0.66,2025-06-20,2202,N,VIIRS,h,2,305.84,16.37,N,2
35.68852,43.86717,306.53,0.51,0.66,2025-06-20,2202,N,VIIRS,n,2,295.36,16.37,N,2
35.72493,44.03877,354.01,0.5,0.66,2025-06-20,2202,N,VIIRS,n,2,299.75,9.39,N,2
35.73131,44.03376,318.74,0.5,0.66,2025-06-20,2202,N,VIIRS,n,2,296.82,3.03,N,2
35.73156,44.02786,315.57,0.5,0.66,2025-06-20,2202,N,VIIRS,n,2,295.95,3.7,N,2
35.77023,43.99125,317.78,0.5,0.66,2025-06-20,2202,N,VIIRS,n,2,295.49,2.42,N,2
35.77638,43.99196,312.1,0.5,0.66,2025-06-20,2202,N,VIIRS,n,2,295.65,2.42,N,2
35.95184,43.72684,305.84,0.52,0.67,2025-06-20,2202,N,VIIRS,n,2,295.33,1.02,N,2
35.98167,43.76474,316.91,0.52,0.67,2025-06-20,2202,N,VIIRS,n,2,297.82,3.93,N,2
36.01652,43.68208,305.54,0.52,0.67,2025-06-20,2202,N,VIIRS,n,2,293.21,1.49,N,2
36.08479,43.6368,304.61,0.53,0.67,2025-06-20,2202,N,VIIRS,n,2,293.29,0.78,N,0
36.14082,40.81081,306.51,0.76,0.77,2025-06-20,2202,N,VIIRS,n,2,293.93,1.16,N,2
36.14299,43.75095,307.37,0.52,0.67,2025-06-20,2202,N,VIIRS,n,2,293.08,3.41,N,0
36.14618,43.75307,306.41,0.52,0.67,2025-06-20,2202,N,VIIRS,n,2,295.57,1.64,N,0
40.75668,31.78577,295.86,0.4,0.37,2025-06-20,2341,N,VIIRS,n,2,285.41,1.1,N,2
40.9357,35.88504,296.25,0.4,0.37,2025-06-20,2341,N,VIIRS,n,2,283.7,0.58,N,2
41.0212,28.55453,301.9,0.51,0.41,2025-06-20,2341,N,VIIRS,n,2,288.19,1.14,N,2
41.17448,32.63361,317.79,0.39,0.36,2025-06-20,2341,N,VIIRS,n,2,289.8,1.61,N,2
41.17781,32.63445,308.0,0.39,0.36,2025-06-20,2341,N,VIIRS,n,2,292.22,1.61,N,2
41.18114,32.63529,301.84,0.39,0.36,2025-06-20,2341,N,VIIRS,n,2,289.58,1.11,N,2
41.1905,32.61837,300.2,0.39,0.36,2025-06-20,2341,N,VIIRS,n,2,288.64,0.69,N,0
41.19382,32.61921,310.75,0.39,0.36,2025-06-20,2341,N,VIIRS,n,2,289.5,0.69,N,2
41.2425,36.46495,328.89,0.41,0.37,2025-06-20,2341,N,VIIRS,n,2,291.45,3.0,N,2
35.52646,44.34439,367.0,0.4,0.6,2025-06-20,2342,N,VIIRS,h,2,296.36,6.76,N,2
35.52759,44.34012,344.56,0.4,0.6,2025-06-20,2342,N,VIIRS,n,2,294.88,6.76,N,2
35.52872,44.33584,323.65,0.4,0.6,2025-06-20,2342,N,VIIRS,n,2,295.65,5.57,N,2
35.53297,44.34216,325.15,0.4,0.6,2025-06-20,2342,N,VIIRS,n,2,292.87,2.37,N,2
35.53412,44.33783,342.03,0.4,0.6,2025-06-20,2342,N,VIIRS,n,2,295.7,5.54,N,2
35.56525,44.28296,312.25,0.4,0.6,2025-06-20,2342,N,VIIRS,n,2,293.58,0.63,N,2
35.56609,44.28383,313.47,0.4,0.6,2025-06-20,2342,N,VIIRS,n,2,293.52,0.88,N,2
35.62613,44.01012,340.4,0.38,0.59,2025-06-20,2342,N,VIIRS,n,2,296.08,7.51,N,2
35.6272,44.00603,367.0,0.38,0.59,2025-06-20,2342,N,VIIRS,h,2,298.0,7.51,N,2
35.63136,44.01233,313.39,0.38,0.59,2025-06-20,2342,N,VIIRS,n,2,295.53,3.0,N,2
35.63242,44.00824,347.77,0.38,0.59,2025-06-20,2342,N,VIIRS,n,2,296.81,3.0,N,2
35.66117,43.96851,306.76,0.38,0.59,2025-06-20,2342,N,VIIRS,n,2,295.73,7.27,N,2
35.66121,43.96428,367.0,0.38,0.59,2025-06-20,2342,N,VIIRS,h,2,303.92,13.3,N,2
35.66228,43.96435,367.0,0.38,0.59,2025-06-20,2342,N,VIIRS,h,2,303.76,7.27,N,2
35.67584,44.06644,310.67,0.39,0.59,2025-06-20,2342,N,VIIRS,n,2,297.17,1.85,N,2
35.68246,43.88218,305.46,0.38,0.59,2025-06-20,2342,N,VIIRS,n,2,294.86,4.82,N,2
35.684,43.8825,306.14,0.38,0.59,2025-06-20,2342,N,VIIRS,n,2,294.92,2.46,N,2
35.68458,43.87396,367.0,0.38,0.59,2025-06-20,2342,N,VIIRS,h,2,301.55,57.99,N,2
35.68508,43.87842,316.89,0.38,0.59,2025-06-20,2342,N,VIIRS,n,2,301.15,27.98,N,2
35.68617,43.8743,367.0,0.38,0.59,2025-06-20,2342,N,VIIRS,h,2,303.42,27.98,N,2
35.71966,44.03233,305.65,0.38,0.59,2025-06-20,2342,N,VIIRS,n,2,293.61,0.5,N,2
35.72282,44.04243,333.38,0.38,0.59,2025-06-20,2342,N,VIIRS,n,2,296.05,4.1,N,2
35.72389,44.03831,342.79,0.38,0.59,2025-06-20,2342,N,VIIRS,n,2,296.81,7.55,N,2
35.73136,44.03193,330.89,0.38,0.59,2025-06-20,2342,N,VIIRS,n,2,296.13,2.9,N,2
35.76954,43.99629,310.02,0.38,0.59,2025-06-20,2342,N,VIIRS,n,2,295.11,1.41,N,2
35.7706,43.99222,305.45,0.38,0.59,2025-06-20,2342,N,VIIRS,n,2,295.34,1.6,N,2
35.77184,43.99483,343.25,0.38,0.59,2025-06-20,2342,N,VIIRS,n,2,298.02,3.23,N,2
35.77483,43.99815,316.47,0.38,0.59,2025-06-20,2342,N,VIIRS,n,2,296.26,1.41,N,2
35.77588,43.9941,309.81,0.38,0.59,2025-06-20,2342,N,VIIRS,n,2,295.36,1.6,N,2
35.81441,43.25703,309.38,0.35,0.57,2025-06-20,2342,N,VIIRS,n,2,295.56,0.7,N,2
35.95033,43.72752,315.04,0.37,0.58,2025-06-20,2342,N,VIIRS,n,2,294.31,1.5,N,2
35.95382,43.72671,309.6,0.36,0.58,2025-06-20,2342,N,VIIRS,n,2,294.43,1.75,N,2
35.96624,43.76594,308.53,0.37,0.58,2025-06-20,2342,N,VIIRS,n,2,297.13,3.07,N,2
35.98252,43.76888,328.86,0.37,0.58,2025-06-20,2342,N,VIIRS,n,2,297.92,2.99,N,2
35.99694,43.7135,303.05,0.36,0.58,2025-06-20,2342,N,VIIRS,n,2,292.22,0.34,N,0
36.01624,43.68271,306.55,0.36,0.57,2025-06-20,2342,N,VIIRS,n,2,291.87,0.83,N,2
36.01724,43.67885,302.55,0.36,0.57,2025-06-20,2342,N,VIIRS,n,2,291.96,1.0,N,2
36.08294,43.63947,310.22,0.36,0.57,2025-06-20,2342,N,VIIRS,n,2,292.68,0.69,N,0
36.08323,43.64125,307.69,0.36,0.57,2025-06-20,2342,N,VIIRS,n,2,293.49,0.43,N,0
36.09618,43.63189,299.95,0.36,0.57,2025-06-20,2342,N,VIIRS,n,2,289.43,1.29,N,0
36.12525,43.78061,311.91,0.36,0.58,2025-06-20,2342,N,VIIRS,n,2,292.72,2.88,N,2
36.14079,40.81796,312.13,0.51,0.49,2025-06-20,2342,N,VIIRS,n,2,294.57,1.56,N,2
36.14593,43.77956,306.98,0.36,0.58,2025-06-20,2342,N,VIIRS,n,2,296.85,2.11,N,0
36.44131,42.93116,318.23,0.32,0.55,2025-06-20,2342,N,VIIRS,n,2,300.15,2.03,N,2
36.48338,36.38682,301.74,0.46,0.39,2025-06-20,2342,N,VIIRS,n,2,291.72,0.6,N,0
36.68974,44.0712,304.85,0.36,0.58,2025-06-20,2342,N,VIIRS,n,2,294.06,0.5,N,0
36.71708,39.05045,305.74,0.4,0.44,2025-06-20,2342,N,VIIRS,n,2,290.01,0.84,N,0
36.71859,36.20376,316.63,0.45,0.39,2025-06-20,2342,N,VIIRS,n,2,293.9,2.27,N,2
36.71953,36.1988,326.93,0.45,0.39,2025-06-20,2342,N,VIIRS,n,2,296.03,2.27,N,2
36.72565,36.20583,312.35,0.45,0.39,2025-06-20,2342,N,VIIRS,n,2,293.94,1.46,N,2
36.72824,36.21183,312.27,0.45,0.39,2025-06-20,2342,N,VIIRS,n,2,295.32,1.13,N,2
36.73041,43.28193,312.53,0.33,0.55,2025-06-20,2342,N,VIIRS,n,2,295.01,0.59,N,2
36.73177,36.21285,316.48,0.45,0.39,2025-06-20,2342,N,VIIRS,n,2,297.59,1.98,N,2
36.73623,36.20893,312.87,0.45,0.39,2025-06-20,2342,N,VIIRS,n,2,297.26,2.56,N,2
36.74516,36.20104,330.68,0.45,0.39,2025-06-20,2342,N,VIIRS,n,2,296.0,4.65,N,2
36.74623,36.20297,330.48,0.45,0.39,2025-06-20,2342,N,VIIRS,n,2,296.05,3.43,N,2
36.74819,43.49908,315.79,0.34,0.56,2025-06-20,2342,N,VIIRS,n,2,295.15,1.82,N,2
36.76481,38.96553,329.03,0.4,0.44,2025-06-20,2342,N,VIIRS,n,2,292.78,1.9,N,0
36.76878,38.96684,317.6,0.4,0.44,2025-06-20,2342,N,VIIRS,n,2,290.28,1.9,N,0
36.77579,43.32635,315.68,0.33,0.55,2025-06-20,2342,N,VIIRS,n,2,294.65,3.18,N,2
36.77669,43.32282,354.26,0.33,0.55,2025-06-20,2342,N,VIIRS,n,2,299.6,3.18,N,2
36.78838,39.03424,311.23,0.4,0.44,2025-06-20,2342,N,VIIRS,n,2,289.26,1.45,N,0
36.78932,39.02986,323.75,0.4,0.44,2025-06-20,2342,N,VIIRS,n,2,289.58,2.5,N,0
36.81439,39.0523,305.91,0.4,0.44,2025-06-20,2342,N,VIIRS,n,2,287.6,0.42,N,0
36.85222,38.87387,313.46,0.39,0.44,2025-06-20,2342,N,VIIRS,n,2,290.78,1.5,N,0
36.85313,38.86955,305.08,0.39,0.44,2025-06-20,2342,N,VIIRS,n,2,289.77,1.5,N,0
36.85617,38.87517,320.48,0.39,0.44,2025-06-20,2342,N,VIIRS,n,2,293.01,1.5,N,0
36.86542,43.52032,313.03,0.34,0.56,2025-06-20,2342,N,VIIRS,n,2,293.31,1.14,N,0
36.86795,43.48887,336.18,0.34,0.56,2025-06-20,2342,N,VIIRS,n,2,295.14,2.76,N,2
36.87172,34.76366,306.98,0.41,0.37,2025-06-20,2342,N,VIIRS,n,2,295.34,0.89,N,2
36.89275,43.43412,303.55,0.33,0.56,2025-06-20,2342,N,VIIRS,n,2,290.22,1.86,N,2
36.89376,43.43011,337.25,0.33,0.56,2025-06-20,2342,N,VIIRS,n,2,293.71,1.86,N,2
36.90407,43.38937,317.37,0.33,0.55,2025-06-20,2342,N,VIIRS,n,2,291.18,2.37,N,2
36.90804,43.39513,304.92,0.33,0.55,2025-06-20,2342,N,VIIRS,n,2,290.09,2.71,N,2
36.90902,43.3913,331.17,0.33,0.55,2025-06-20,2342,N,VIIRS,n,2,293.62,2.37,N,2
36.91144,38.93382,337.18,0.39,0.44,2025-06-20,2342,N,VIIRS,n,2,291.07,3.26,N,0
36.91236,38.92949,302.13,0.39,0.44,2025-06-20,2342,N,VIIRS,n,2,287.78,1.49,N,0
36.91309,41.89333,315.18,0.55,0.51,2025-06-20,2342,N,VIIRS,n,2,288.96,1.12,N,2
36.91539,38.93513,355.52,0.39,0.44,2025-06-20,2342,N,VIIRS,n,2,295.1,12.41,N,0
36.91632,38.9308,312.26,0.39,0.44,2025-06-20,2342,N,VIIRS,n,2,288.84,4.0,N,0
36.91768,41.89503,300.35,0.55,0.51,2025-06-20,2342,N,VIIRS,n,2,290.3,0.64,N,2
36.92089,39.04876,335.62,0.4,0.44,2025-06-20,2342,N,VIIRS,n,2,290.25,3.46,N,0
36.92974,38.9075,322.53,0.39,0.44,2025-06-20,2342,N,VIIRS,n,2,293.02,2.23,N,0
36.93197,35.99902,306.28,0.44,0.39,2025-06-20,2342,N,VIIRS,n,2,294.3,0.9,N,2
36.93332,38.95037,299.45,0.39,0.44,2025-06-20,2342,N,VIIRS,n,2,287.86,0.45,N,0
36.93423,38.94604,307.24,0.39,0.44,2025-06-20,2342,N,VIIRS,n,2,288.77,1.05,N,0
36.93703,42.12986,322.88,0.57,0.52,2025-06-20,2342,N,VIIRS,n,2,292.83,3.4,N,2
36.93819,38.94735,317.65,0.39,0.44,2025-06-20,2342,N,VIIRS,n,2,288.88,1.32,N,0
36.93855,42.12364,318.0,0.57,0.52,2025-06-20,2342,N,VIIRS,n,2,291.96,2.7,N,2
36.94151,38.97165,320.17,0.39,0.44,2025-06-20,2342,N,VIIRS,n,2,289.2,1.69,N,0
36.94168,42.17312,322.95,0.57,0.52,2025-06-20,2342,N,VIIRS,n,2,293.03,1.89,N,2
36.94199,39.14743,298.83,0.4,0.44,2025-06-20,2342,N,VIIRS,n,2,287.94,0.5,N,0
36.94243,38.96731,320.73,0.39,0.44,2025-06-20,2342,N,VIIRS,n,2,289.2,3.13,N,0
36.94598,39.14878,330.83,0.4,0.44,2025-06-20,2342,N,VIIRS,n,2,289.27,2.93,N,0
36.94629,42.13337,320.52,0.57,0.52,2025-06-20,2342,N,VIIRS,n,2,293.37,2.19,N,2
36.94638,38.96863,309.27,0.39,0.44,2025-06-20,2342,N,VIIRS,n,2,289.56,3.13,N,0
36.9473,38.96429,340.91,0.39,0.44,2025-06-20,2342,N,VIIRS,n,2,291.78,3.13,N,0
36.94822,38.95996,305.06,0.39,0.44,2025-06-20,2342,N,VIIRS,n,2,289.56,1.83,N,0
36.94924,39.17324,312.6,0.4,0.44,2025-06-20,2342,N,VIIRS,n,2,290.84,0.99,N,0
36.95035,38.96994,332.01,0.39,0.44,2025-06-20,2342,N,VIIRS,n,2,292.74,37.56,N,0
36.95126,38.9656,367.0,0.39,0.44,2025-06-20,2342,N,VIIRS,h,2,332.14,37.56,N,0
36.95218,38.96127,341.13,0.39,0.44,2025-06-20,2342,N,VIIRS,n,2,304.77,53.63,N,0
36.95522,38.96692,306.04,0.39,0.44,2025-06-20,2342,N,VIIRS,n,2,289.35,37.56,N,0
36.96418,35.4486,305.56,0.42,0.38,2025-06-20,2342,N,VIIRS,n,2,294.87,1.24,N,2
36.96443,42.0796,302.03,0.56,0.52,2025-06-20,2342,N,VIIRS,n,2,290.32,0.57,N,2
36.96465,38.94226,304.16,0.39,0.44,2025-06-20,2342,N,VIIRS,n,2,289.14,3.65,N,0
36.9648,39.04228,339.2,0.4,0.44,2025-06-20,2342,N,VIIRS,n,2,290.17,4.18,N,0
36.96556,38.93792,329.21,0.39,0.44,2025-06-20,2342,N,VIIRS,n,2,289.92,6.45,N,0
36.96566,38.94034,338.23,0.39,0.44,2025-06-20,2342,N,VIIRS,n,2,290.06,6.3,N,0
36.96659,38.93603,336.92,0.39,0.44,2025-06-20,2342,N,VIIRS,n,2,290.8,3.97,N,0
36.96738,38.92929,322.56,0.39,0.44,2025-06-20,2342,N,VIIRS,n,2,290.95,3.09,N,0
36.96829,38.92497,338.29,0.39,0.44,2025-06-20,2342,N,VIIRS,n,2,291.16,3.09,N,0
36.96846,38.92742,343.84,0.39,0.44,2025-06-20,2342,N,VIIRS,n,2,294.19,4.34,N,0
36.96861,38.94357,341.11,0.39,0.44,2025-06-20,2342,N,VIIRS,n,2,293.88,3.65,N,0
36.96877,39.0436,321.93,0.4,0.44,2025-06-20,2342,N,VIIRS,n,2,290.34,1.25,N,0
36.96951,38.93924,348.92,0.39,0.44,2025-06-20,2342,N,VIIRS,n,2,294.57,6.45,N,0
36.96961,38.94165,346.12,0.39,0.44,2025-06-20,2342,N,VIIRS,n,2,294.56,6.3,N,0
36.97054,38.93734,334.34,0.39,0.44,2025-06-20,2342,N,VIIRS,n,2,292.42,3.97,N,0
36.97133,38.9306,309.9,0.39,0.44,2025-06-20,2342,N,VIIRS,n,2,290.44,3.09,N,0
36.97224,38.92628,333.18,0.39,0.44,2025-06-20,2342,N,VIIRS,n,2,291.53,3.09,N,0
36.97241,38.92872,326.84,0.39,0.44,2025-06-20,2342,N,VIIRS,n,2,291.39,4.34,N,0
36.97314,38.92196,299.86,0.39,0.44,2025-06-20,2342,N,VIIRS,n,2,288.9,0.64,N,0
36.97334,38.92441,319.46,0.39,0.44,2025-06-20,2342,N,VIIRS,n,2,289.6,4.34,N,0
36.97449,38.93864,321.03,0.39,0.44,2025-06-20,2342,N,VIIRS,n,2,288.68,1.78,N,0
36.97543,38.93433,317.75,0.39,0.44,2025-06-20,2342,N,VIIRS,n,2,289.44,1.78,N,0
36.97786,39.06067,318.25,0.4,0.44,2025-06-20,2342,N,VIIRS,n,2,288.48,1.77,N,0
36.98183,39.06199,306.44,0.4,0.44,2025-06-20,2342,N,VIIRS,n,2,288.24,0.5,N,0
36.98318,40.28285,324.73,0.46,0.47,2025-06-20,2342,N,VIIRS,n,2,290.76,3.43,N,0
36.99192,38.99536,304.75,0.39,0.44,2025-06-20,2342,N,VIIRS,n,2,288.54,0.53,N,0
36.99712,41.56179,303.12,0.53,0.5,2025-06-20,2342,N,VIIRS,n,2,291.31,0.77,N,2
37.0022,40.09648,301.22,0.45,0.47,2025-06-20,2342,N,VIIRS,n,2,288.73,0.47,N,0
37.01103,41.58576,308.46,0.53,0.5,2025-06-20,2342,N,VIIRS,n,2,290.31,0.76,N,2
37.01642,39.05944,303.37,0.4,0.44,2025-06-20,2342,N,VIIRS,n,2,288.73,0.83,N,0
37.0206,36.10911,306.69,0.44,0.39,2025-06-20,2342,N,VIIRS,n,2,294.9,1.35,N,2
37.02132,39.05639,300.77,0.4,0.44,2025-06-20,2342,N,VIIRS,n,2,287.89,0.99,N,0
37.0265,40.06816,310.31,0.44,0.46,2025-06-20,2342,N,VIIRS,n,2,289.25,0.97,N,0
37.04889,43.58827,312.26,0.34,0.56,2025-06-20,2342,N,VIIRS,n,2,291.1,1.27,N,0
37.07935,42.56012,308.47,0.59,0.53,2025-06-20,2342,N,VIIRS,n,2,295.36,2.39,N,2
37.09021,40.23643,311.57,0.45,0.47,2025-06-20,2342,N,VIIRS,n,2,289.45,3.13,N,0
37.09329,40.24293,325.55,0.45,0.47,2025-06-20,2342,N,VIIRS,n,2,292.28,3.13,N,0
37.0944,40.23794,339.82,0.45,0.47,2025-06-20,2342,N,VIIRS,n,2,292.28,3.13,N,0
37.09748,40.24443,304.64,0.45,0.47,2025-06-20,2342,N,VIIRS,n,2,291.29,2.17,N,0
37.09859,40.23946,330.2,0.45,0.47,2025-06-20,2342,N,VIIRS,n,2,291.39,2.17,N,0
37.13483,42.69984,311.1,0.6,0.53,2025-06-20,2342,N,VIIRS,n,2,294.18,2.76,N,0
37.13601,38.85642,311.0,0.38,0.44,2025-06-20,2342,N,VIIRS,n,2,294.11,1.1,N,0
37.13993,38.85771,319.23,0.38,0.44,2025-06-20,2342,N,VIIRS,n,2,294.47,1.1,N,0
37.15408,36.71573,329.69,0.47,0.39,2025-06-20,2342,N,VIIRS,n,2,294.3,3.25,N,0
37.18436,40.49457,331.3,0.46,0.47,2025-06-20,2342,N,VIIRS,n,2,295.35,4.08,N,0
37.1855,40.48945,340.84,0.46,0.47,2025-06-20,2342,N,VIIRS,n,2,296.81,8.91,N,0
37.18555,40.49072,357.44,0.46,0.47,2025-06-20,2342,N,VIIRS,n,2,298.27,11.12,N,0
37.23946,40.10476,309.04,0.44,0.46,2025-06-20,2342,N,VIIRS,n,2,292.32,3.02,N,0
37.24146,40.11594,322.38,0.44,0.46,2025-06-20,2342,N,VIIRS,n,2,292.82,1.7,N,0
37.24254,40.11105,318.19,0.44,0.46,2025-06-20,2342,N,VIIRS,n,2,293.75,3.02,N,0
37.24362,40.10618,341.75,0.44,0.46,2025-06-20,2342,N,VIIRS,n,2,295.04,3.02,N,0
37.2467,40.11249,321.77,0.44,0.46,2025-06-20,2342,N,VIIRS,n,2,293.5,1.26,N,0
37.24778,40.10761,305.94,0.44,0.46,2025-06-20,2342,N,VIIRS,n,2,292.56,1.26,N,0
37.24886,40.10275,317.55,0.44,0.46,2025-06-20,2342,N,VIIRS,n,2,292.16,1.45,N,0
37.25087,40.11392,308.97,0.44,0.46,2025-06-20,2342,N,VIIRS,n,2,293.27,1.26,N,0
37.25108,30.44493,299.27,0.41,0.37,2025-06-20,2342,N,VIIRS,n,2,288.9,0.37,N,2
37.25195,40.10905,315.22,0.44,0.46,2025-06-20,2342,N,VIIRS,n,2,293.17,1.26,N,0
37.27472,40.70642,307.99,0.47,0.48,2025-06-20,2342,N,VIIRS,n,2,296.17,2.12,N,0
37.29536,37.15768,310.54,0.48,0.4,2025-06-20,2342,N,VIIRS,n,2,293.86,1.49,N,2
37.39866,36.9002,304.1,0.47,0.4,2025-06-20,2342,N,VIIRS,n,2,289.34,0.64,N,0
37.40224,36.9013,302.02,0.47,0.4,2025-06-20,2342,N,VIIRS,n,2,289.41,0.46,N,0
37.40685,36.89717,341.76,0.47,0.4,2025-06-20,2342,N,VIIRS,n,2,292.33,9.13,N,0
37.41043,36.89827,320.42,0.47,0.4,2025-06-20,2342,N,VIIRS,n,2,290.48,1.32,N,0
37.41145,36.89304,305.54,0.47,0.4,2025-06-20,2342,N,VIIRS,n,2,290.67,1.32,N,0
37.43037,36.89334,301.83,0.47,0.4,2025-06-20,2342,N,VIIRS,n,2,290.61,0.53,N,0
37.43998,39.63371,302.91,0.41,0.45,2025-06-20,2342,N,VIIRS,n,2,291.17,0.38,N,0
37.44402,39.63509,312.54,0.41,0.45,2025-06-20,2342,N,VIIRS,n,2,290.77,0.55,N,0
37.51754,37.98977,306.79,0.52,0.41,2025-06-20,2342,N,VIIRS,n,2,293.02,2.29,N,0
37.5276,37.03497,307.58,0.47,0.4,2025-06-20,2342,N,VIIRS,n,2,290.88,0.81,N,0
37.5575,37.07725,300.27,0.47,0.4,2025-06-20,2342,N,VIIRS,n,2,289.05,0.38,N,0
37.86157,29.3721,310.68,0.44,0.39,2025-06-20,2342,N,VIIRS,n,2,292.66,1.32,N,2
37.9385,32.53249,304.92,0.38,0.36,2025-06-20,2342,N,VIIRS,n,2,292.14,0.51,N,2
38.0185,40.26043,300.72,0.43,0.46,2025-06-20,2342,N,VIIRS,n,2,289.91,2.89,N,0
38.01955,40.25578,301.56,0.43,0.46,2025-06-20,2342,N,VIIRS,n,2,290.38,1.72,N,0
38.02161,40.26638,303.95,0.43,0.46,2025-06-20,2342,N,VIIRS,n,2,290.71,2.89,N,0
38.02263,40.26184,347.53,0.43,0.46,2025-06-20,2342,N,VIIRS,n,2,294.2,2.89,N,0
38.41428,30.80007,325.8,0.41,0.37,2025-06-20,2342,N,VIIRS,n,2,284.68,3.16,N,0
38.45457,38.72651,308.28,0.54,0.42,2025-06-20,2342,N,VIIRS,n,2,293.52,1.46,N,2
38.4549,38.72683,307.71,0.54,0.42,2025-06-20,2342,N,VIIRS,n,2,293.45,1.22,N,2
38.57148,28.22121,326.83,0.5,0.41,2025-06-20,2342,N,VIIRS,n,2,292.15,5.3,N,0
38.57215,28.21548,307.64,0.5,0.41,2025-06-20,2342,N,VIIRS,n,2,290.96,4.9,N,0
38.6525,39.76809,313.47,0.4,0.44,2025-06-20,2342,N,VIIRS,n,2,292.09,0.87,N,2
38.65872,30.61613,302.03,0.41,0.37,2025-06-20,2342,N,VIIRS,n,2,289.11,0.64,N,2
38.73579,26.94715,306.53,0.57,0.43,2025-06-20,2342,N,VIIRS,n,2,295.27,1.53,N,2
38.73719,26.93388,309.27,0.57,0.43,2025-06-20,2342,N,VIIRS,n,2,292.92,1.76,N,2
38.73789,26.9272,310.11,0.57,0.43,2025-06-20,2342,N,VIIRS,n,2,293.67,1.76,N,0
38.7398,26.94783,305.63,0.57,0.43,2025-06-20,2342,N,VIIRS,n,2,294.32,1.53,N,2
38.74782,26.94915,306.23,0.57,0.43,2025-06-20,2342,N,VIIRS,n,2,293.42,1.7,N,2
38.85912,35.76415,302.45,0.42,0.37,2025-06-20,2342,N,VIIRS,n,2,286.12,0.72,N,2
39.0022,34.6712,296.59,0.39,0.36,2025-06-20,2342,N,VIIRS,n,2,282.78,0.64,N,0
39.16869,27.63175,305.24,0.54,0.42,2025-06-20,2342,N,VIIRS,n,2,291.93,1.03,N,2
39.48436,30.04225,309.24,0.44,0.38,2025-06-20,2342,N,VIIRS,n,2,289.15,1.4,N,2
39.50531,35.3869,306.47,0.4,0.37,2025-06-20,2342,N,VIIRS,n,2,283.0,1.03,N,0
39.58173,29.87477,298.13,0.44,0.39,2025-06-20,2342,N,VIIRS,n,2,285.89,0.67,N,0
39.74499,30.19585,298.85,0.43,0.38,2025-06-20,2342,N,VIIRS,n,2,287.45,0.48,N,2
39.83578,30.30028,298.98,0.43,0.38,2025-06-20,2342,N,VIIRS,n,2,288.6,0.84,N,2
39.8638,26.24608,305.29,0.42,0.46,2025-06-20,2342,N,VIIRS,n,2,290.69,1.4,N,2
39.86427,26.24109,304.19,0.43,0.46,2025-06-20,2342,N,VIIRS,n,2,290.53,1.4,N,2
39.94439,33.19396,304.03,0.38,0.36,2025-06-20,2342,N,VIIRS,n,2,288.57,1.11,N,2
40.05083,32.65206,302.54,0.39,0.36,2025-06-20,2342,N,VIIRS,n,2,289.1,0.97,N,0
40.24129,29.9271,302.5,0.45,0.39,2025-06-20,2342,N,VIIRS,n,2,289.35,1.0,N,2
40.25975,30.04281,301.04,0.44,0.39,2025-06-20,2342,N,VIIRS,n,2,290.3,0.49,N,2
40.78109,29.60056,297.67,0.46,0.39,2025-06-20,2342,N,VIIRS,n,2,287.38,1.47,N,2
36.26206,33.73036,307.43,0.39,0.36,2025-06-20,2343,N,VIIRS,n,2,295.14,0.72,N,2
36.65125,32.62336,300.35,0.38,0.36,2025-06-20,2343,N,VIIRS,n,2,287.2,0.42,N,0
39.86673,26.24417,300.42,0.7,0.75,2025-06-21,122,N,VIIRS,n,2,285.77,1.09,N,2
35.52431,44.34671,367.0,0.33,0.55,2025-06-21,922,N,VIIRS,h,2,325.08,5.52,D,2
35.52835,44.34127,367.0,0.33,0.55,2025-06-21,922,N,VIIRS,h,2,327.04,6.81,D,2
35.52927,44.34493,349.71,0.33,0.55,2025-06-21,922,N,VIIRS,n,2,322.55,10.05,D,2
35.53333,44.33951,367.0,0.33,0.55,2025-06-21,922,N,VIIRS,h,2,324.89,6.81,D,2
35.62734,44.01092,367.0,0.34,0.56,2025-06-21,922,N,VIIRS,h,2,332.7,14.61,D,2
35.63234,44.0089,350.41,0.34,0.56,2025-06-21,922,N,VIIRS,n,2,321.07,2.55,D,2
35.68268,43.87548,353.59,0.35,0.57,2025-06-21,922,N,VIIRS,n,2,324.99,31.26,D,2
35.68363,43.87924,367.0,0.35,0.57,2025-06-21,922,N,VIIRS,h,2,337.58,31.26,D,2
35.68871,43.87741,353.92,0.35,0.57,2025-06-21,922,N,VIIRS,n,2,323.83,6.13,D,2
35.72409,44.0402,367.0,0.34,0.56,2025-06-21,922,N,VIIRS,h,2,321.64,8.44,D,2
35.72503,44.04395,349.12,0.34,0.56,2025-06-21,922,N,VIIRS,n,2,322.63,8.44,D,2
35.7282,44.03473,367.0,0.34,0.56,2025-06-21,922,N,VIIRS,h,2,323.5,10.83,D,2
35.77448,43.99673,351.97,0.34,0.56,2025-06-21,922,N,VIIRS,n,2,321.23,3.38,D,2
36.0358,38.7534,352.54,0.63,0.72,2025-06-21,922,N,VIIRS,n,2,310.94,24.71,D,0
36.03786,38.7602,367.0,0.63,0.72,2025-06-21,922,N,VIIRS,h,2,314.96,52.37,D,0
36.77676,43.32458,367.0,0.35,0.57,2025-06-21,922,N,VIIRS,h,2,317.98,8.6,D,2
36.86969,43.48863,367.0,0.34,0.56,2025-06-21,922,N,VIIRS,h,2,312.13,6.79,D,2
36.90516,43.39012,345.73,0.35,0.56,2025-06-21,922,N,VIIRS,n,2,310.38,5.2,D,2
37.04905,43.60643,347.22,0.33,0.56,2025-06-21,922,N,VIIRS,n,2,312.19,2.96,D,0
35.96196,37.40554,343.88,0.74,0.76,2025-06-21,923,N,VIIRS,n,2,311.84,9.11,D,0
36.52069,36.43779,330.85,0.8,0.78,2025-06-21,923,N,VIIRS,n,2,302.09,4.15,D,0
36.68251,38.82555,351.92,0.6,0.71,2025-06-21,923,N,VIIRS,n,2,320.07,16.45,D,0
36.68332,38.82726,367.0,0.6,0.71,2025-06-21,923,N,VIIRS,h,2,320.2,11.99,D,0
36.7813,39.52978,343.72,0.55,0.68,2025-06-21,923,N,VIIRS,n,2,317.34,5.61,D,0
36.78327,39.04256,347.65,0.58,0.7,2025-06-21,923,N,VIIRS,n,2,311.95,7.32,D,0
36.8406,38.60584,348.3,0.61,0.71,2025-06-21,923,N,VIIRS,n,2,319.48,11.94,D,0
36.85505,38.86234,348.02,0.59,0.7,2025-06-21,923,N,VIIRS,n,2,314.58,4.74,D,0
36.86662,38.9008,341.22,0.59,0.7,2025-06-21,923,N,VIIRS,n,2,313.41,5.84,D,0
36.86855,38.9072,348.98,0.59,0.7,2025-06-21,923,N,VIIRS,n,2,317.04,8.66,D,0
36.9549,40.30418,356.2,0.5,0.66,2025-06-21,923,N,VIIRS,n,2,321.85,13.98,D,0
36.96069,40.30161,367.0,0.5,0.66,2025-06-21,923,N,VIIRS,h,2,322.26,19.35,D,0
37.0154,40.32968,348.99,0.49,0.65,2025-06-21,923,N,VIIRS,n,2,321.67,21.23,D,0
37.01667,40.3385,367.0,0.49,0.65,2025-06-21,923,N,VIIRS,h,2,325.67,57.45,D,0
37.01847,40.3403,367.0,0.49,0.65,2025-06-21,923,N,VIIRS,h,2,317.01,58.67,D,0
37.11222,40.39618,346.85,0.49,0.65,2025-06-21,923,N,VIIRS,n,2,315.15,36.94,D,0
37.11371,40.40149,367.0,0.49,0.65,2025-06-21,923,N,VIIRS,h,2,325.5,104.4,D,0
37.12334,38.9137,367.0,0.58,0.7,2025-06-21,923,N,VIIRS,h,2,319.7,11.92,D,0
37.37328,37.83403,367.0,0.64,0.72,2025-06-21,923,N,VIIRS,h,2,317.31,21.27,D,0
37.37515,37.83117,367.0,0.64,0.72,2025-06-21,923,N,VIIRS,h,2,316.12,15.18,D,0
37.43947,36.89705,338.95,0.71,0.75,2025-06-21,923,N,VIIRS,n,2,307.93,7.85,D,0
38.49482,38.20613,336.95,0.57,0.69,2025-06-21,923,N,VIIRS,n,2,309.23,6.81,D,0
38.4966,38.21202,342.44,0.57,0.69,2025-06-21,923,N,VIIRS,n,2,308.3,7.99,D,0
38.49764,38.20941,348.97,0.57,0.69,2025-06-21,923,N,VIIRS,n,2,309.07,9.77,D,0
35.5259,44.34308,367.0,0.59,0.7,2025-06-21,1102,N,VIIRS,h,2,320.64,13.09,D,2
35.53039,44.34002,367.0,0.59,0.7,2025-06-21,1102,N,VIIRS,h,2,320.33,18.79,D,2
35.53224,44.33611,347.38,0.59,0.7,2025-06-21,1102,N,VIIRS,n,2,317.87,8.73,D,2
35.53247,44.34271,349.61,0.59,0.7,2025-06-21,1102,N,VIIRS,n,2,318.97,8.73,D,2
35.63037,44.00797,367.0,0.56,0.69,2025-06-21,1102,N,VIIRS,h,2,320.79,25.97,D,2
35.63066,44.00358,350.77,0.56,0.69,2025-06-21,1102,N,VIIRS,n,2,314.67,13.4,D,2
35.63086,44.00997,367.0,0.56,0.69,2025-06-21,1102,N,VIIRS,h,2,319.88,13.4,D,2
35.66115,43.9673,367.0,0.56,0.69,2025-06-21,1102,N,VIIRS,h,2,322.29,19.18,D,2
35.72269,44.043,351.78,0.57,0.69,2025-06-21,1102,N,VIIRS,n,2,319.53,15.05,D,2
35.77271,43.99428,352.27,0.56,0.69,2025-06-21,1102,N,VIIRS,n,2,321.87,17.15,D,2
36.55495,43.25461,352.57,0.52,0.67,2025-06-21,1103,N,VIIRS,n,2,321.24,12.23,D,0
36.7748,43.32605,367.0,0.53,0.67,2025-06-21,1103,N,VIIRS,h,2,317.04,10.7,D,2
36.77564,39.23434,350.87,0.63,0.54,2025-06-21,1103,N,VIIRS,n,2,323.91,14.05,D,0
36.77806,43.32204,357.1,0.53,0.67,2025-06-21,1103,N,VIIRS,n,2,315.57,6.57,D,2
36.8746,39.94759,367.0,0.34,0.56,2025-06-21,1103,N,VIIRS,h,2,323.12,15.22,D,0
36.87486,39.95152,367.0,0.34,0.56,2025-06-21,1103,N,VIIRS,h,2,323.47,15.22,D,0
36.87959,39.94313,367.0,0.34,0.56,2025-06-21,1103,N,VIIRS,h,2,321.71,9.94,D,0
36.87984,39.94708,367.0,0.34,0.56,2025-06-21,1103,N,VIIRS,h,2,321.98,15.07,D,0
36.8801,39.95102,367.0,0.34,0.56,2025-06-21,1103,N,VIIRS,h,2,326.23,15.07,D,0
36.88036,39.95498,367.0,0.34,0.56,2025-06-21,1103,N,VIIRS,h,2,324.86,19.1,D,0
36.90648,43.39474,339.66,0.53,0.67,2025-06-21,1103,N,VIIRS,n,2,306.35,5.28,D,2
36.94867,42.13402,353.52,0.45,0.63,2025-06-21,1103,N,VIIRS,n,2,324.06,3.91,D,2
36.95751,40.27215,352.47,0.36,0.57,2025-06-21,1103,N,VIIRS,n,2,320.43,9.28,D,0
37.00705,38.88305,349.56,0.6,0.53,2025-06-21,1103,N,VIIRS,n,2,319.62,71.11,D,0
37.01149,38.87562,367.0,0.6,0.53,2025-06-21,1103,N,VIIRS,h,2,335.68,71.11,D,0
37.012,38.88258,352.14,0.6,0.53,2025-06-21,1103,N,VIIRS,n,2,325.28,71.11,D,0
37.01604,40.34992,367.0,0.36,0.58,2025-06-21,1103,N,VIIRS,h,2,321.91,8.66,D,0
37.01629,40.35409,367.0,0.36,0.58,2025-06-21,1103,N,VIIRS,h,2,321.15,8.66,D,0
37.01643,38.87516,367.0,0.6,0.53,2025-06-21,1103,N,VIIRS,h,2,329.63,73.34,D,0
37.01656,40.35827,352.52,0.36,0.58,2025-06-21,1103,N,VIIRS,n,2,319.02,9.69,D,0
37.01694,38.88208,367.0,0.6,0.53,2025-06-21,1103,N,VIIRS,h,2,323.38,73.34,D,0
37.01707,40.36664,367.0,0.36,0.58,2025-06-21,1103,N,VIIRS,h,2,318.78,6.22,D,0
37.01732,40.37082,367.0,0.36,0.58,2025-06-21,1103,N,VIIRS,h,2,316.8,6.22,D,0
37.0214,40.34939,355.16,0.36,0.58,2025-06-21,1103,N,VIIRS,n,2,320.59,9.94,D,0
37.02192,40.35772,354.54,0.36,0.58,2025-06-21,1103,N,VIIRS,n,2,318.43,6.55,D,0
37.02217,40.36191,367.0,0.36,0.58,2025-06-21,1103,N,VIIRS,h,2,318.26,6.55,D,0
37.1127,40.39487,367.0,0.36,0.58,2025-06-21,1103,N,VIIRS,h,2,323.23,13.41,D,0
37.25129,40.09887,351.07,0.35,0.57,2025-06-21,1103,N,VIIRS,n,2,322.44,5.65,D,0
37.34518,39.73668,367.0,0.34,0.56,2025-06-21,1103,N,VIIRS,h,2,320.29,29.72,D,0
37.4082,36.89199,345.78,0.47,0.48,2025-06-21,1103,N,VIIRS,n,2,313.32,5.69,D,0
37.42979,36.90265,356.38,0.47,0.48,2025-06-21,1103,N,VIIRS,n,2,319.23,8.76,D,0
37.43423,36.90208,350.11,0.47,0.48,2025-06-21,1103,N,VIIRS,n,2,320.17,8.76,D,0
37.44556,42.41588,351.43,0.48,0.64,2025-06-21,1103,N,VIIRS,n,2,318.18,12.45,D,0
37.44573,42.4206,367.0,0.48,0.64,2025-06-21,1103,N,VIIRS,h,2,319.49,20.93,D,0
37.44998,42.41995,367.0,0.48,0.64,2025-06-21,1103,N,VIIRS,h,2,319.02,19.99,D,0
37.77102,32.4501,339.77,0.45,0.39,2025-06-21,1103,N,VIIRS,n,2,310.69,3.68,D,0
37.7975,31.06627,336.71,0.41,0.37,2025-06-21,1103,N,VIIRS,n,2,304.93,1.94,D,0
39.03525,34.39287,342.25,0.55,0.43,2025-06-21,1104,N,VIIRS,n,2,316.54,29.33,D,0
39.03919,34.39215,348.37,0.55,0.43,2025-06-21,1104,N,VIIRS,n,2,315.8,14.36,D,0
39.8652,26.24373,340.88,0.4,0.37,2025-06-21,1104,N,VIIRS,n,2,308.54,4.32,D,2
41.93299,26.05633,333.74,0.39,0.36,2025-06-21,1105,N,VIIRS,n,2,302.7,2.94,D,0
41.93377,26.06104,332.76,0.39,0.36,2025-06-21,1105,N,VIIRS,n,2,302.46,2.94,D,0
39.58493,43.90015,295.27,0.54,0.42,2025-06-21,2322,N,VIIRS,n,2,284.11,0.67,N,0
40.41189,39.65649,302.14,0.39,0.36,2025-06-21,2322,N,VIIRS,n,2,283.13,0.38,N,2
40.94638,31.39561,302.99,0.42,0.45,2025-06-21,2322,N,VIIRS,n,2,284.88,0.99,N,2
41.17617,32.63427,326.21,0.55,0.43,2025-06-21,2322,N,VIIRS,n,2,288.9,4.9,N,2
41.19337,32.62364,298.77,0.55,0.43,2025-06-21,2322,N,VIIRS,n,2,286.83,1.41,N,2
41.23952,36.44257,299.5,0.41,0.37,2025-06-21,2322,N,VIIRS,n,2,289.17,0.5,N,2
41.24025,36.46278,305.51,0.41,0.37,2025-06-21,2322,N,VIIRS,n,2,285.56,1.06,N,2
41.24364,36.46359,334.55,0.41,0.37,2025-06-21,2322,N,VIIRS,n,2,291.46,5.83,N,2
41.25541,31.4163,301.21,0.42,0.45,2025-06-21,2322,N,VIIRS,n,2,286.84,1.18,N,2
41.25817,31.43243,299.16,0.42,0.45,2025-06-21,2322,N,VIIRS,n,2,288.09,0.91,N,2
41.26286,31.42785,304.88,0.42,0.45,2025-06-21,2322,N,VIIRS,n,2,289.06,1.14,N,2
41.26334,31.42276,311.33,0.42,0.45,2025-06-21,2322,N,VIIRS,n,2,288.29,1.14,N,2
41.26753,31.42348,304.01,0.42,0.45,2025-06-21,2322,N,VIIRS,n,2,289.18,1.36,N,2
42.26015,26.54066,302.9,0.38,0.59,2025-06-21,2322,N,VIIRS,n,2,281.23,0.61,N,0
35.52446,44.34423,340.6,0.45,0.47,2025-06-21,2323,N,VIIRS,n,2,296.69,4.92,N,2
35.52553,44.33941,317.86,0.45,0.47,2025-06-21,2323,N,VIIRS,n,2,295.13,4.92,N,2
35.52868,44.34559,315.1,0.45,0.47,2025-06-21,2323,N,VIIRS,n,2,294.65,3.73,N,2
35.52975,44.34077,343.61,0.45,0.47,2025-06-21,2323,N,VIIRS,n,2,298.17,3.73,N,2
35.53082,44.33592,316.74,0.45,0.47,2025-06-21,2323,N,VIIRS,n,2,297.13,4.12,N,2
35.53504,44.33725,324.76,0.45,0.47,2025-06-21,2323,N,VIIRS,n,2,296.13,4.12,N,2
35.62901,44.01104,336.87,0.43,0.46,2025-06-21,2323,N,VIIRS,n,2,299.32,8.98,N,2
35.63002,44.0064,339.49,0.43,0.46,2025-06-21,2323,N,VIIRS,n,2,302.28,8.98,N,2
35.66076,43.96633,333.14,0.43,0.46,2025-06-21,2323,N,VIIRS,n,2,300.83,8.9,N,2
35.66118,43.96339,343.03,0.43,0.46,2025-06-21,2323,N,VIIRS,n,2,301.99,7.85,N,2
35.66176,43.96167,338.93,0.43,0.46,2025-06-21,2323,N,VIIRS,n,2,297.73,9.55,N,2
35.66531,43.96469,325.37,0.43,0.46,2025-06-21,2323,N,VIIRS,n,2,296.74,7.85,N,2
35.67862,44.0645,314.77,0.43,0.46,2025-06-21,2323,N,VIIRS,n,2,297.9,2.59,N,2
35.68376,43.87981,317.61,0.42,0.45,2025-06-21,2323,N,VIIRS,n,2,296.28,19.1,N,2
35.68469,43.87714,348.76,0.42,0.45,2025-06-21,2323,N,VIIRS,n,2,317.95,29.78,N,2
35.68476,43.87518,334.7,0.42,0.45,2025-06-21,2323,N,VIIRS,n,2,315.19,19.1,N,2
35.68571,43.87252,317.88,0.42,0.45,2025-06-21,2323,N,VIIRS,n,2,296.55,29.78,N,2
35.68879,43.87845,306.27,0.42,0.45,2025-06-21,2323,N,VIIRS,n,2,295.07,1.2,N,2
35.68885,43.87651,307.19,0.42,0.45,2025-06-21,2323,N,VIIRS,n,2,295.35,19.1,N,2
35.71688,44.03139,320.0,0.43,0.46,2025-06-21,2323,N,VIIRS,n,2,294.5,3.03,N,2
35.72102,44.03271,338.5,0.43,0.46,2025-06-21,2323,N,VIIRS,n,2,297.2,3.03,N,2
35.72314,44.04328,307.38,0.43,0.46,2025-06-21,2323,N,VIIRS,n,2,297.11,2.99,N,2
35.72415,44.03862,338.92,0.43,0.46,2025-06-21,2323,N,VIIRS,n,2,300.4,3.84,N,2
35.72931,44.0352,311.92,0.43,0.46,2025-06-21,2323,N,VIIRS,n,2,296.68,3.84,N,2
35.73032,44.03058,322.17,0.43,0.46,2025-06-21,2323,N,VIIRS,n,2,296.62,2.73,N,2
35.77341,43.99449,335.44,0.43,0.46,2025-06-21,2323,N,VIIRS,n,2,298.64,3.25,N,2
35.77343,43.99649,333.02,0.43,0.46,2025-06-21,2323,N,VIIRS,n,2,298.5,2.55,N,2
35.95188,43.72551,315.28,0.41,0.45,2025-06-21,2323,N,VIIRS,n,2,296.05,1.45,N,2
35.98143,43.76888,324.63,0.41,0.45,2025-06-21,2323,N,VIIRS,n,2,299.06,3.14,N,2
35.99644,43.75951,311.12,0.41,0.45,2025-06-21,2323,N,VIIRS,n,2,296.4,1.04,N,2
36.00048,43.76091,305.19,0.41,0.45,2025-06-21,2323,N,VIIRS,n,2,294.98,1.04,N,2
36.01772,43.68068,317.78,0.41,0.45,2025-06-21,2323,N,VIIRS,n,2,295.49,1.36,N,2
36.08564,43.63942,305.0,0.4,0.45,2025-06-21,2323,N,VIIRS,n,2,293.18,1.08,N,0
36.10053,43.63014,308.88,0.4,0.44,2025-06-21,2323,N,VIIRS,n,2,293.76,0.56,N,0
36.12831,43.7813,315.4,0.41,0.45,2025-06-21,2323,N,VIIRS,n,2,297.54,3.01,N,2
36.13105,40.8105,310.13,0.45,0.39,2025-06-21,2323,N,VIIRS,n,2,296.44,0.99,N,2
36.14423,40.81963,308.1,0.45,0.39,2025-06-21,2323,N,VIIRS,n,2,296.42,0.88,N,2
36.257,44.38524,305.15,0.44,0.46,2025-06-21,2323,N,VIIRS,n,2,293.08,0.84,N,0
36.44094,42.93061,316.17,0.55,0.43,2025-06-21,2323,N,VIIRS,n,2,298.2,2.59,N,2
36.44145,42.93017,316.58,0.55,0.43,2025-06-21,2323,N,VIIRS,n,2,297.55,2.92,N,2
36.72461,38.99776,309.63,0.4,0.37,2025-06-21,2323,N,VIIRS,n,2,290.31,0.49,N,0
36.74762,43.49794,313.9,0.39,0.44,2025-06-21,2323,N,VIIRS,n,2,295.01,1.92,N,2
36.77539,43.32516,338.37,0.57,0.43,2025-06-21,2323,N,VIIRS,n,2,300.32,8.02,N,2
36.79975,37.02026,311.31,0.38,0.36,2025-06-21,2323,N,VIIRS,n,2,295.66,0.83,N,2
36.81327,38.99606,303.04,0.4,0.37,2025-06-21,2323,N,VIIRS,n,2,289.49,0.61,N,0
36.81585,39.00137,308.02,0.4,0.37,2025-06-21,2323,N,VIIRS,n,2,289.85,1.06,N,0
36.81796,39.02971,299.09,0.4,0.37,2025-06-21,2323,N,VIIRS,n,2,288.9,0.46,N,0
36.8434,38.86101,300.62,0.4,0.37,2025-06-21,2323,N,VIIRS,n,2,289.87,0.2,N,0
36.84447,38.8751,299.03,0.4,0.37,2025-06-21,2323,N,VIIRS,n,2,289.0,0.33,N,0
36.84522,38.8707,312.03,0.4,0.37,2025-06-21,2323,N,VIIRS,n,2,289.73,0.96,N,0
36.84887,38.89009,316.67,0.4,0.37,2025-06-21,2323,N,VIIRS,n,2,291.14,1.01,N,0
36.84925,39.05418,318.82,0.4,0.37,2025-06-21,2323,N,VIIRS,n,2,289.78,1.49,N,0
36.86608,43.51965,308.59,0.39,0.44,2025-06-21,2323,N,VIIRS,n,2,293.97,0.88,N,0
36.86734,43.51813,308.78,0.39,0.44,2025-06-21,2323,N,VIIRS,n,2,293.42,1.38,N,0
36.86837,43.48866,328.51,0.38,0.43,2025-06-21,2323,N,VIIRS,n,2,295.92,2.8,N,2
36.86979,43.48722,329.62,0.38,0.43,2025-06-21,2323,N,VIIRS,n,2,296.17,3.85,N,2
36.88238,39.04449,312.99,0.4,0.37,2025-06-21,2323,N,VIIRS,n,2,287.34,0.92,N,0
36.8901,43.43158,325.92,0.57,0.43,2025-06-21,2323,N,VIIRS,n,2,293.43,2.17,N,2
36.89261,43.43237,327.91,0.57,0.43,2025-06-21,2323,N,VIIRS,n,2,294.76,3.05,N,2
36.894,43.43284,308.03,0.57,0.43,2025-06-21,2323,N,VIIRS,n,2,292.33,2.17,N,2
36.90738,43.38968,333.73,0.57,0.43,2025-06-21,2323,N,VIIRS,n,2,293.87,6.44,N,2
36.91582,41.89743,314.68,0.49,0.4,2025-06-21,2323,N,VIIRS,n,2,290.38,0.8,N,2
36.91841,38.95693,312.97,0.4,0.37,2025-06-21,2323,N,VIIRS,n,2,292.3,2.85,N,0
36.91993,38.9481,304.95,0.4,0.37,2025-06-21,2323,N,VIIRS,n,2,292.1,1.19,N,0
36.92068,38.94369,301.78,0.4,0.37,2025-06-21,2323,N,VIIRS,n,2,291.07,1.87,N,0
36.92174,38.95782,335.06,0.4,0.37,2025-06-21,2323,N,VIIRS,n,2,293.21,2.85,N,0
36.92402,38.94458,329.3,0.4,0.37,2025-06-21,2323,N,VIIRS,n,2,292.78,1.87,N,0
36.93245,36.00252,305.69,0.39,0.36,2025-06-21,2323,N,VIIRS,n,2,290.37,0.44,N,2
36.93265,38.91458,312.75,0.4,0.37,2025-06-21,2323,N,VIIRS,n,2,291.01,0.63,N,0
36.93513,42.13441,307.24,0.5,0.41,2025-06-21,2323,N,VIIRS,n,2,290.9,1.06,N,2
36.93611,42.13075,318.21,0.5,0.41,2025-06-21,2323,N,VIIRS,n,2,293.42,2.27,N,2
36.93622,42.12889,307.29,0.5,0.41,2025-06-21,2323,N,VIIRS,n,2,291.54,0.89,N,2
36.9373,42.12339,302.94,0.5,0.41,2025-06-21,2323,N,VIIRS,n,2,290.96,0.89,N,2
36.93833,42.11977,303.17,0.5,0.41,2025-06-21,2323,N,VIIRS,n,2,291.22,0.75,N,2
36.93932,42.173,302.28,0.5,0.41,2025-06-21,2323,N,VIIRS,n,2,289.96,1.17,N,2
36.94188,38.92165,304.94,0.4,0.37,2025-06-21,2323,N,VIIRS,n,2,290.4,0.57,N,0
36.94301,42.17415,310.39,0.5,0.41,2025-06-21,2323,N,VIIRS,n,2,292.82,1.17,N,2
36.94437,39.15641,300.79,0.4,0.37,2025-06-21,2323,N,VIIRS,n,2,290.64,0.47,N,0
36.94552,38.94107,331.73,0.4,0.37,2025-06-21,2323,N,VIIRS,n,2,296.97,5.56,N,0
36.94628,38.93666,330.5,0.4,0.37,2025-06-21,2323,N,VIIRS,n,2,293.8,5.56,N,0
36.94715,42.13417,319.45,0.5,0.41,2025-06-21,2323,N,VIIRS,n,2,293.03,1.95,N,2
36.94827,42.12864,324.16,0.5,0.41,2025-06-21,2323,N,VIIRS,n,2,295.89,3.33,N,2
36.94885,38.94196,322.14,0.4,0.37,2025-06-21,2323,N,VIIRS,n,2,295.23,4.1,N,0
36.94961,38.93755,332.05,0.4,0.37,2025-06-21,2323,N,VIIRS,n,2,294.47,4.1,N,0
36.95417,39.01272,338.72,0.4,0.37,2025-06-21,2323,N,VIIRS,n,2,294.65,12.17,N,0
36.95596,38.92079,317.23,0.4,0.37,2025-06-21,2323,N,VIIRS,n,2,291.27,1.69,N,0
36.95671,38.91637,319.46,0.4,0.37,2025-06-21,2323,N,VIIRS,n,2,290.93,1.53,N,0
36.95751,39.01361,341.1,0.4,0.37,2025-06-21,2323,N,VIIRS,n,2,295.06,5.37,N,0
36.95929,38.92168,338.68,0.4,0.37,2025-06-21,2323,N,VIIRS,n,2,292.26,3.0,N,0
36.96004,38.91726,305.94,0.4,0.37,2025-06-21,2323,N,VIIRS,n,2,290.68,1.09,N,0
36.96086,39.08182,320.11,0.4,0.37,2025-06-21,2323,N,VIIRS,n,2,291.17,1.89,N,0
36.96154,38.90844,320.71,0.4,0.37,2025-06-21,2323,N,VIIRS,n,2,290.84,1.85,N,0
36.96356,38.97821,316.85,0.4,0.37,2025-06-21,2323,N,VIIRS,n,2,290.11,1.02,N,0
36.96514,40.33707,300.91,0.43,0.38,2025-06-21,2323,N,VIIRS,n,2,290.28,0.7,N,0
36.9655,42.08171,313.67,0.5,0.41,2025-06-21,2323,N,VIIRS,n,2,291.06,1.27,N,2
36.97268,39.09427,303.63,0.4,0.37,2025-06-21,2323,N,VIIRS,n,2,288.88,0.82,N,0
36.97954,38.99414,305.89,0.4,0.37,2025-06-21,2323,N,VIIRS,n,2,290.45,0.76,N,0
36.986,39.03752,301.56,0.4,0.37,2025-06-21,2323,N,VIIRS,n,2,290.3,0.47,N,0
36.99141,39.06679,305.79,0.4,0.37,2025-06-21,2323,N,VIIRS,n,2,289.77,1.18,N,0
36.99284,42.00327,302.57,0.49,0.4,2025-06-21,2323,N,VIIRS,n,2,290.44,0.65,N,2
36.99475,39.06768,354.57,0.4,0.37,2025-06-21,2323,N,VIIRS,n,2,299.97,23.69,N,0
36.99886,39.06414,306.08,0.4,0.37,2025-06-21,2323,N,VIIRS,n,2,290.37,2.44,N,0
37.00939,38.52288,303.09,0.39,0.36,2025-06-21,2323,N,VIIRS,n,2,290.63,0.41,N,0
37.01012,39.03933,330.7,0.4,0.37,2025-06-21,2323,N,VIIRS,n,2,291.82,3.23,N,0
37.0118,41.58309,305.78,0.47,0.4,2025-06-21,2323,N,VIIRS,n,2,294.45,0.81,N,2
37.01707,39.05974,302.1,0.4,0.37,2025-06-21,2323,N,VIIRS,n,2,289.66,0.59,N,0
37.01784,39.05531,305.42,0.4,0.37,2025-06-21,2323,N,VIIRS,n,2,289.89,0.59,N,0
37.02111,40.34799,334.77,0.43,0.38,2025-06-21,2323,N,VIIRS,n,2,290.91,9.88,N,0
37.02369,40.35372,345.79,0.43,0.38,2025-06-21,2323,N,VIIRS,n,2,296.5,9.88,N,0
37.02455,40.34896,350.45,0.43,0.38,2025-06-21,2323,N,VIIRS,n,2,303.87,9.88,N,0
37.03518,43.60411,316.81,0.39,0.44,2025-06-21,2323,N,VIIRS,n,2,293.84,1.81,N,0
37.04345,40.38445,303.58,0.43,0.38,2025-06-21,2323,N,VIIRS,n,2,290.99,0.96,N,0
37.04431,40.37968,303.29,0.43,0.38,2025-06-21,2323,N,VIIRS,n,2,290.31,0.42,N,0
37.04444,40.38157,319.92,0.43,0.38,2025-06-21,2323,N,VIIRS,n,2,292.27,1.84,N,0
37.04696,40.32533,335.45,0.43,0.38,2025-06-21,2323,N,VIIRS,n,2,295.35,3.43,N,0
37.04776,40.38066,301.03,0.43,0.38,2025-06-21,2323,N,VIIRS,n,2,290.97,0.42,N,0
37.0504,40.32632,330.74,0.43,0.38,2025-06-21,2323,N,VIIRS,n,2,296.08,3.43,N,0
37.05056,39.19256,302.17,0.4,0.37,2025-06-21,2323,N,VIIRS,n,2,291.5,0.57,N,0
37.05126,40.32155,312.56,0.43,0.38,2025-06-21,2323,N,VIIRS,n,2,293.75,3.63,N,0
37.0518,39.74405,311.98,0.41,0.37,2025-06-21,2323,N,VIIRS,n,2,289.45,1.0,N,0
37.0527,39.74206,310.57,0.41,0.37,2025-06-21,2323,N,VIIRS,n,2,289.24,1.07,N,0
37.05383,40.32731,317.98,0.43,0.38,2025-06-21,2323,N,VIIRS,n,2,293.35,2.03,N,0
37.0547,40.32254,338.01,0.43,0.38,2025-06-21,2323,N,VIIRS,n,2,295.43,5.23,N,0
37.05503,40.32453,344.1,0.43,0.38,2025-06-21,2323,N,VIIRS,n,2,296.42,4.42,N,0
37.05788,39.06602,328.83,0.4,0.37,2025-06-21,2323,N,VIIRS,n,2,290.49,3.7,N,0
37.05814,40.32353,345.87,0.43,0.38,2025-06-21,2323,N,VIIRS,n,2,296.38,5.23,N,0
37.05847,40.32551,338.97,0.43,0.38,2025-06-21,2323,N,VIIRS,n,2,294.46,4.42,N,0
37.05864,39.06158,340.65,0.4,0.37,2025-06-21,2323,N,VIIRS,n,2,292.52,5.9,N,0
37.05935,40.32075,324.41,0.43,0.38,2025-06-21,2323,N,VIIRS,n,2,293.22,3.18,N,0
37.06122,39.06692,330.37,0.4,0.37,2025-06-21,2323,N,VIIRS,n,2,292.45,3.7,N,0
37.06198,39.06248,329.21,0.4,0.37,2025-06-21,2323,N,VIIRS,n,2,292.03,5.9,N,0
37.06217,39.06554,346.61,0.4,0.37,2025-06-21,2323,N,VIIRS,n,2,293.86,6.69,N,0
37.07467,39.75517,323.09,0.41,0.37,2025-06-21,2323,N,VIIRS,n,2,290.22,2.14,N,0
37.07537,40.41047,310.82,0.43,0.38,2025-06-21,2323,N,VIIRS,n,2,294.86,1.14,N,0
37.07681,39.10194,321.25,0.4,0.37,2025-06-21,2323,N,VIIRS,n,2,291.57,1.57,N,0
37.07726,42.55773,313.32,0.52,0.41,2025-06-21,2323,N,VIIRS,n,2,296.57,1.62,N,2
37.08015,39.10283,319.3,0.4,0.37,2025-06-21,2323,N,VIIRS,n,2,291.61,1.57,N,0
37.09427,39.10196,323.99,0.4,0.37,2025-06-21,2323,N,VIIRS,n,2,289.99,1.5,N,0
37.09504,39.09753,351.45,0.4,0.37,2025-06-21,2323,N,VIIRS,n,2,295.27,9.73,N,0
37.09838,39.09842,336.85,0.4,0.37,2025-06-21,2323,N,VIIRS,n,2,292.32,3.11,N,0
37.11339,40.38118,306.97,0.43,0.38,2025-06-21,2323,N,VIIRS,n,2,296.11,1.76,N,0
37.11684,40.38216,327.27,0.43,0.38,2025-06-21,2323,N,VIIRS,n,2,297.15,3.16,N,0
37.11761,40.41751,305.03,0.43,0.38,2025-06-21,2323,N,VIIRS,n,2,295.02,1.24,N,0
37.14129,42.39891,342.67,0.51,0.41,2025-06-21,2323,N,VIIRS,n,2,295.01,13.07,N,0
37.14194,38.86502,349.04,0.39,0.37,2025-06-21,2323,N,VIIRS,n,2,297.47,9.12,N,0
37.14269,38.86062,320.73,0.39,0.37,2025-06-21,2323,N,VIIRS,n,2,292.41,2.15,N,0
37.14499,42.40011,308.4,0.51,0.41,2025-06-21,2323,N,VIIRS,n,2,289.62,0.59,N,0
37.15306,39.73356,299.81,0.41,0.37,2025-06-21,2323,N,VIIRS,n,2,289.05,0.8,N,0
37.15644,39.73449,312.82,0.41,0.37,2025-06-21,2323,N,VIIRS,n,2,289.53,0.8,N,0
37.16475,39.78218,336.06,0.41,0.37,2025-06-21,2323,N,VIIRS,n,2,291.23,6.33,N,0
37.16813,39.78312,342.71,0.41,0.37,2025-06-21,2323,N,VIIRS,n,2,294.64,8.14,N,0
37.17069,39.78865,317.76,0.41,0.37,2025-06-21,2323,N,VIIRS,n,2,290.82,1.22,N,0
37.17321,42.39701,330.94,0.51,0.41,2025-06-21,2323,N,VIIRS,n,2,292.01,7.27,N,0
37.1758,42.40377,327.53,0.51,0.41,2025-06-21,2323,N,VIIRS,n,2,293.0,2.77,N,0
37.17693,42.39816,321.48,0.51,0.41,2025-06-21,2323,N,VIIRS,n,2,292.02,2.77,N,0
37.21072,39.70362,317.11,0.41,0.37,2025-06-21,2323,N,VIIRS,n,2,292.83,1.78,N,0
37.2141,39.70454,326.64,0.41,0.37,2025-06-21,2323,N,VIIRS,n,2,294.75,1.78,N,0
37.21572,39.69543,304.79,0.41,0.37,2025-06-21,2323,N,VIIRS,n,2,292.77,2.15,N,0
37.22281,40.1069,322.15,0.42,0.38,2025-06-21,2323,N,VIIRS,n,2,296.77,2.78,N,0
37.22523,40.33018,312.34,0.43,0.38,2025-06-21,2323,N,VIIRS,n,2,297.96,1.82,N,0
37.23745,39.67272,330.63,0.41,0.37,2025-06-21,2323,N,VIIRS,n,2,299.82,8.85,N,0
37.23825,39.66816,308.4,0.41,0.37,2025-06-21,2323,N,VIIRS,n,2,292.89,9.93,N,0
37.24083,39.67364,327.51,0.41,0.37,2025-06-21,2323,N,VIIRS,n,2,296.58,8.85,N,0
37.24163,39.66909,329.97,0.41,0.37,2025-06-21,2323,N,VIIRS,n,2,298.61,9.93,N,0
37.24497,40.10332,320.24,0.42,0.38,2025-06-21,2323,N,VIIRS,n,2,296.62,1.02,N,0
37.24582,40.09866,306.73,0.42,0.38,2025-06-21,2323,N,VIIRS,n,2,295.54,1.02,N,0
37.29427,37.15737,319.02,0.38,0.36,2025-06-21,2323,N,VIIRS,n,2,294.86,1.69,N,2
37.29478,40.5463,325.49,0.43,0.38,2025-06-21,2323,N,VIIRS,n,2,296.11,2.33,N,0
37.3516,37.16236,309.02,0.38,0.36,2025-06-21,2323,N,VIIRS,n,2,295.05,1.38,N,2
37.42957,36.89278,321.8,0.39,0.36,2025-06-21,2323,N,VIIRS,n,2,290.95,1.63,N,0
37.5678,38.6503,314.45,0.39,0.36,2025-06-21,2323,N,VIIRS,n,2,293.55,1.41,N,0
37.56853,38.64594,312.9,0.39,0.36,2025-06-21,2323,N,VIIRS,n,2,293.9,1.3,N,0
37.56974,38.64919,324.65,0.39,0.36,2025-06-21,2323,N,VIIRS,n,2,294.81,1.34,N,0
37.57047,38.64484,319.38,0.39,0.36,2025-06-21,2323,N,VIIRS,n,2,293.57,1.32,N,0
37.57304,38.65006,306.17,0.39,0.36,2025-06-21,2323,N,VIIRS,n,2,293.68,1.34,N,0
37.57378,38.64571,307.17,0.39,0.36,2025-06-21,2323,N,VIIRS,n,2,293.84,1.32,N,0
37.65224,39.25544,342.8,0.4,0.37,2025-06-21,2323,N,VIIRS,n,2,307.22,34.61,N,0
37.86266,29.37221,302.77,0.49,0.49,2025-06-21,2323,N,VIIRS,n,2,289.54,1.07,N,2
37.89843,30.49094,298.28,0.43,0.46,2025-06-21,2323,N,VIIRS,n,2,286.55,0.78,N,2
37.89991,38.85819,341.36,0.39,0.36,2025-06-21,2323,N,VIIRS,n,2,295.27,4.48,N,0
38.42793,27.21745,311.82,0.32,0.55,2025-06-21,2323,N,VIIRS,n,2,292.2,0.65,N,2
38.7409,26.92976,307.84,0.34,0.56,2025-06-21,2323,N,VIIRS,n,2,291.03,0.63,N,2
38.74488,26.95027,301.77,0.34,0.56,2025-06-21,2323,N,VIIRS,n,2,291.21,0.69,N,2
38.74612,26.93029,299.97,0.34,0.56,2025-06-21,2323,N,VIIRS,n,2,289.57,0.63,N,0
38.74985,26.95463,311.03,0.34,0.56,2025-06-21,2323,N,VIIRS,n,2,290.83,1.32,N,2
38.7663,27.54049,303.46,0.63,0.54,2025-06-21,2323,N,VIIRS,n,2,286.31,1.14,N,0
38.76746,27.5417,303.69,0.63,0.54,2025-06-21,2323,N,VIIRS,n,2,286.32,1.25,N,0
38.88373,37.89624,300.05,0.38,0.36,2025-06-21,2323,N,VIIRS,n,2,288.32,0.62,N,2
38.89085,41.56989,299.19,0.45,0.39,2025-06-21,2323,N,VIIRS,n,2,289.17,0.56,N,2
39.72416,36.93663,300.85,0.39,0.36,2025-06-21,2323,N,VIIRS,n,2,284.53,1.13,N,2
39.86735,26.24384,310.27,0.38,0.59,2025-06-21,2323,N,VIIRS,n,2,290.08,1.37,N,2
40.04976,32.64883,299.03,0.54,0.42,2025-06-21,2323,N,VIIRS,n,2,284.73,0.82,N,2
40.24027,29.92751,295.78,0.49,0.48,2025-06-21,2323,N,VIIRS,n,2,285.0,0.88,N,2
40.62265,29.24237,298.13,0.53,0.5,2025-06-21,2323,N,VIIRS,n,2,285.54,0.68,N,0
40.74691,29.76316,303.98,0.5,0.49,2025-06-21,2323,N,VIIRS,n,2,289.37,1.43,N,2
40.75146,29.76386,305.39,0.5,0.49,2025-06-21,2323,N,VIIRS,n,2,289.28,1.43,N,2
40.75651,29.75839,301.81,0.5,0.49,2025-06-21,2323,N,VIIRS,n,2,289.04,1.62,N,2
40.75722,31.78304,299.4,0.4,0.44,2025-06-21,2323,N,VIIRS,n,2,282.7,0.73,N,2
41.01945,28.55804,308.87,0.58,0.52,2025-06-21,2323,N,VIIRS,n,2,288.85,1.46,N,2
41.02184,28.5575,308.97,0.58,0.52,2025-06-21,2323,N,VIIRS,n,2,289.61,2.36,N,2
36.26138,33.72596,303.77,0.44,0.39,2025-06-21,2324,N,VIIRS,n,2,293.63,1.15,N,2
36.26429,33.73155,316.29,0.44,0.39,2025-06-21,2324,N,VIIRS,n,2,295.44,1.68,N,2
36.30502,39.00131,320.15,0.4,0.37,2025-06-21,2324,N,VIIRS,n,2,293.37,1.69,N,0
36.30837,39.0022,316.79,0.4,0.37,2025-06-21,2324,N,VIIRS,n,2,293.53,1.69,N,0
36.60069,35.42043,306.27,0.4,0.37,2025-06-21,2324,N,VIIRS,n,2,293.31,1.41,N,0
36.71746,36.20173,308.48,0.39,0.36,2025-06-21,2324,N,VIIRS,n,2,292.74,1.77,N,2
36.72947,36.21346,312.69,0.39,0.36,2025-06-21,2324,N,VIIRS,n,2,293.69,1.72,N,2
36.73011,36.20911,310.0,0.39,0.36,2025-06-21,2324,N,VIIRS,n,2,292.12,1.91,N,2
36.73278,36.21423,306.37,0.39,0.36,2025-06-21,2324,N,VIIRS,n,2,293.41,1.15,N,2
36.73343,36.20987,310.22,0.39,0.36,2025-06-21,2324,N,VIIRS,n,2,293.63,1.7,N,2
36.74008,36.21141,303.16,0.39,0.36,2025-06-21,2324,N,VIIRS,n,2,292.05,0.5,N,2
37.7428,27.89347,302.69,0.59,0.53,2025-06-21,2324,N,VIIRS,n,2,291.34,1.63,N,0
