latitude,longitude,bright_ti4,scan,track,acq_date,acq_time,satellite,instrument,confidence,version,bright_ti5,frp,daynight,type
41.01812,28.55502,301.71,0.7,0.75,2025-07-02,115,N,VIIRS,n,2,287.99,1.78,N,2
38.51303,27.9561,310.57,0.78,0.78,2025-07-02,116,N,VIIRS,n,2,288.35,1.63,N,0
38.51623,27.95473,302.01,0.78,0.78,2025-07-02,116,N,VIIRS,n,2,288.26,1.54,N,0
38.73887,26.9464,305.44,0.69,0.74,2025-07-02,116,N,VIIRS,n,2,292.31,1.57,N,2
39.86391,26.24384,299.88,0.59,0.7,2025-07-02,116,N,VIIRS,n,2,289.78,1.24,N,2
35.52401,44.34711,345.07,0.4,0.6,2025-07-02,916,N,VIIRS,n,2,317.44,7.36,D,2
35.52822,44.34057,367.0,0.4,0.6,2025-07-02,916,N,VIIRS,h,2,316.81,5.88,D,2
35.52827,44.34407,357.44,0.4,0.6,2025-07-02,916,N,VIIRS,n,2,316.44,10.79,D,2
35.52939,44.34505,342.05,0.4,0.6,2025-07-02,916,N,VIIRS,n,2,314.82,11.51,D,2
35.53247,44.33759,356.28,0.4,0.6,2025-07-02,916,N,VIIRS,n,2,315.49,10.52,D,2
35.53362,44.33855,353.45,0.4,0.6,2025-07-02,916,N,VIIRS,n,2,315.46,5.88,D,2
35.6279,44.00983,367.0,0.42,0.61,2025-07-02,916,N,VIIRS,h,2,325.64,25.01,D,2
35.66098,43.96333,367.0,0.42,0.61,2025-07-02,916,N,VIIRS,h,2,316.75,7.97,D,2
35.66221,43.96784,354.07,0.42,0.61,2025-07-02,916,N,VIIRS,n,2,316.54,7.97,D,2
35.68512,43.87317,357.38,0.42,0.61,2025-07-02,916,N,VIIRS,n,2,316.01,20.18,D,2
35.68634,43.87772,367.0,0.42,0.61,2025-07-02,916,N,VIIRS,h,2,322.92,20.18,D,2
35.72342,44.0391,350.75,0.41,0.61,2025-07-02,916,N,VIIRS,n,2,315.41,7.69,D,2
35.77197,43.99602,347.53,0.42,0.61,2025-07-02,916,N,VIIRS,n,2,316.3,9.88,D,2
35.77495,43.99607,347.61,0.42,0.61,2025-07-02,916,N,VIIRS,n,2,314.61,2.53,D,2
35.8068,44.19659,356.53,0.4,0.6,2025-07-02,916,N,VIIRS,n,2,316.33,8.83,D,0
35.81073,44.19555,367.0,0.4,0.6,2025-07-02,916,N,VIIRS,h,2,315.35,9.98,D,0
36.77595,43.32482,349.49,0.42,0.61,2025-07-02,916,N,VIIRS,n,2,310.3,5.09,D,2
36.82885,39.41009,339.16,0.67,0.73,2025-07-02,916,N,VIIRS,n,2,308.64,6.45,D,0
36.84136,39.52955,367.0,0.66,0.73,2025-07-02,916,N,VIIRS,h,2,311.18,15.47,D,0
36.84337,39.52742,367.0,0.66,0.73,2025-07-02,916,N,VIIRS,h,2,314.29,33.49,D,0
36.84562,39.51942,337.49,0.66,0.73,2025-07-02,916,N,VIIRS,n,2,308.61,9.85,D,0
36.84781,39.52659,367.0,0.66,0.73,2025-07-02,916,N,VIIRS,h,2,310.78,19.18,D,0
36.88728,39.59744,367.0,0.65,0.73,2025-07-02,916,N,VIIRS,h,2,315.56,23.57,D,0
36.8918,40.18179,345.45,0.61,0.71,2025-07-02,916,N,VIIRS,n,2,311.51,6.66,D,0
36.8937,39.59447,356.51,0.65,0.73,2025-07-02,916,N,VIIRS,n,2,313.0,11.06,D,0
36.89676,40.18126,344.36,0.61,0.71,2025-07-02,916,N,VIIRS,n,2,311.25,8.17,D,0
36.90011,39.59148,342.21,0.65,0.73,2025-07-02,916,N,VIIRS,n,2,312.03,11.06,D,0
36.90229,39.59852,367.0,0.65,0.73,2025-07-02,916,N,VIIRS,h,2,314.43,11.06,D,0
36.90474,43.38666,331.24,0.42,0.61,2025-07-02,916,N,VIIRS,n,2,301.21,2.15,D,2
36.90868,39.59546,342.59,0.65,0.73,2025-07-02,916,N,VIIRS,n,2,311.88,7.97,D,0
36.93897,42.12373,346.91,0.48,0.65,2025-07-02,916,N,VIIRS,n,2,313.75,6.14,D,2
37.03851,40.41416,342.74,0.59,0.7,2025-07-02,916,N,VIIRS,n,2,311.38,3.51,D,0
37.06253,40.30616,342.34,0.59,0.7,2025-07-02,916,N,VIIRS,n,2,312.5,22.53,D,0
37.06289,40.30792,355.02,0.59,0.7,2025-07-02,916,N,VIIRS,n,2,313.35,28.61,D,0
37.0645,40.31262,367.0,0.59,0.7,2025-07-02,916,N,VIIRS,h,2,315.94,22.53,D,0
37.06482,40.31438,367.0,0.59,0.7,2025-07-02,916,N,VIIRS,h,2,314.26,41.23,D,0
37.07721,40.2848,354.86,0.59,0.7,2025-07-02,916,N,VIIRS,n,2,310.36,9.31,D,0
37.07763,40.28646,367.0,0.6,0.7,2025-07-02,916,N,VIIRS,h,2,311.87,15.65,D,0
37.07921,40.29139,353.58,0.59,0.7,2025-07-02,916,N,VIIRS,n,2,312.46,9.31,D,0
37.5459,39.53818,353.82,0.63,0.72,2025-07-02,917,N,VIIRS,n,2,310.39,11.6,D,0
35.52388,44.34658,351.72,0.48,0.65,2025-07-02,1056,N,VIIRS,n,2,316.11,12.78,D,2
35.52968,44.34081,354.77,0.48,0.64,2025-07-02,1056,N,VIIRS,n,2,315.91,10.84,D,2
35.54695,43.75195,345.3,0.44,0.63,2025-07-02,1056,N,VIIRS,n,2,314.69,7.95,D,0
35.5478,43.74973,353.6,0.44,0.63,2025-07-02,1056,N,VIIRS,n,2,317.11,9.48,D,0
35.63036,44.00811,355.74,0.46,0.63,2025-07-02,1056,N,VIIRS,n,2,315.54,17.44,D,2
35.63062,44.01326,367.0,0.46,0.63,2025-07-02,1056,N,VIIRS,h,2,315.53,21.47,D,2
35.66111,43.96781,367.0,0.46,0.63,2025-07-02,1056,N,VIIRS,h,2,318.65,14.16,D,2
35.66382,43.96358,345.62,0.46,0.63,2025-07-02,1056,N,VIIRS,n,2,315.11,10.46,D,2
35.66409,43.96878,367.0,0.46,0.63,2025-07-02,1056,N,VIIRS,h,2,316.86,14.94,D,2
35.68682,43.88311,350.62,0.45,0.63,2025-07-02,1056,N,VIIRS,n,2,313.62,49.18,D,2
35.72414,44.04131,344.36,0.46,0.64,2025-07-02,1056,N,VIIRS,n,2,313.55,9.81,D,2
35.72983,44.03545,348.3,0.46,0.64,2025-07-02,1056,N,VIIRS,n,2,315.52,7.92,D,2
35.77298,43.99705,349.09,0.46,0.63,2025-07-02,1056,N,VIIRS,n,2,315.23,8.4,D,2
36.16092,38.85075,340.3,0.48,0.48,2025-07-02,1056,N,VIIRS,n,2,314.33,3.9,D,0
36.53349,33.25968,351.38,0.41,0.37,2025-07-02,1057,N,VIIRS,n,2,310.97,3.48,D,0
36.5363,33.25438,348.37,0.41,0.37,2025-07-02,1057,N,VIIRS,n,2,310.23,4.58,D,0
36.53691,33.25895,349.83,0.41,0.37,2025-07-02,1057,N,VIIRS,n,2,309.73,3.48,D,0
36.53753,33.26363,341.38,0.41,0.37,2025-07-02,1057,N,VIIRS,n,2,308.72,3.48,D,0
36.7737,43.32344,342.2,0.43,0.62,2025-07-02,1057,N,VIIRS,n,2,308.59,3.56,D,2
36.77418,43.32555,348.09,0.43,0.62,2025-07-02,1057,N,VIIRS,n,2,308.26,4.27,D,2
36.90466,43.39394,335.33,0.44,0.62,2025-07-02,1057,N,VIIRS,n,2,302.71,2.44,D,2
36.93811,42.12134,349.79,0.37,0.58,2025-07-02,1057,N,VIIRS,n,2,317.25,2.78,D,2
36.95768,40.32971,356.58,0.59,0.53,2025-07-02,1057,N,VIIRS,n,2,320.62,30.19,D,0
37.07767,42.55959,343.56,0.39,0.59,2025-07-02,1057,N,VIIRS,n,2,312.39,6.21,D,2
37.09818,44.34004,344.49,0.49,0.65,2025-07-02,1057,N,VIIRS,n,2,309.22,8.7,D,0
37.37789,37.14479,348.18,0.4,0.44,2025-07-02,1057,N,VIIRS,n,2,318.19,5.72,D,0
37.46022,39.40631,346.33,0.53,0.5,2025-07-02,1057,N,VIIRS,n,2,314.1,4.75,D,0
37.53718,28.13546,367.0,0.41,0.37,2025-07-02,1057,N,VIIRS,h,2,333.24,57.25,D,0
37.54057,28.13456,350.03,0.41,0.37,2025-07-02,1057,N,VIIRS,n,2,314.31,19.57,D,0
38.17019,41.37477,344.16,0.34,0.56,2025-07-02,1057,N,VIIRS,n,2,313.19,4.22,D,0
38.17043,41.37891,343.92,0.34,0.56,2025-07-02,1057,N,VIIRS,n,2,312.56,4.75,D,0
38.27789,33.79151,345.2,0.44,0.39,2025-07-02,1057,N,VIIRS,n,2,313.47,9.96,D,0
38.28143,33.79082,340.7,0.44,0.39,2025-07-02,1057,N,VIIRS,n,2,307.71,8.07,D,0
38.55748,28.64925,352.07,0.4,0.37,2025-07-02,1057,N,VIIRS,n,2,319.56,13.14,D,0
38.37049,26.4913,348.99,0.45,0.39,2025-07-02,1058,N,VIIRS,n,2,316.16,16.0,D,0
38.37401,26.49021,367.0,0.45,0.39,2025-07-02,1058,N,VIIRS,h,2,348.02,144.53,D,0
38.37752,26.48905,367.0,0.45,0.39,2025-07-02,1058,N,VIIRS,h,2,338.31,144.53,D,0
38.37851,26.49427,367.0,0.45,0.39,2025-07-02,1058,N,VIIRS,h,2,340.13,144.53,D,0
38.8604,29.29312,348.92,0.39,0.36,2025-07-02,1058,N,VIIRS,n,2,318.39,22.14,D,0
39.80477,28.64656,367.0,0.39,0.36,2025-07-02,1058,N,VIIRS,h,2,334.44,143.85,D,0
39.8088,28.65007,367.0,0.39,0.36,2025-07-02,1058,N,VIIRS,h,2,305.13,14.76,D,0
39.89835,28.87158,335.0,0.39,0.36,2025-07-02,1058,N,VIIRS,n,2,307.63,2.55,D,0
41.2631,31.4228,341.35,0.4,0.37,2025-07-02,1058,N,VIIRS,n,2,311.15,4.51,D,2
39.72469,36.93549,303.58,0.42,0.38,2025-07-02,2316,N,VIIRS,n,2,282.71,0.94,N,2
39.9463,33.19155,300.05,0.4,0.44,2025-07-02,2316,N,VIIRS,n,2,285.53,1.03,N,2
39.95909,33.14529,295.66,0.4,0.44,2025-07-02,2316,N,VIIRS,n,2,283.55,0.33,N,2
40.04838,32.65147,296.88,0.43,0.46,2025-07-02,2316,N,VIIRS,n,2,285.31,0.4,N,2
40.18756,29.22503,301.77,0.32,0.55,2025-07-02,2316,N,VIIRS,n,2,289.79,0.43,N,0
40.7589,31.78435,296.85,0.48,0.48,2025-07-02,2316,N,VIIRS,n,2,283.03,0.48,N,2
40.76191,29.35923,300.75,0.32,0.55,2025-07-02,2316,N,VIIRS,n,2,290.12,0.83,N,2
40.76944,29.52944,301.29,0.63,0.54,2025-07-02,2316,N,VIIRS,n,2,291.11,1.56,N,2
40.94727,31.39637,297.21,0.5,0.49,2025-07-02,2316,N,VIIRS,n,2,285.75,0.85,N,2
40.94739,31.39447,298.94,0.5,0.49,2025-07-02,2316,N,VIIRS,n,2,286.37,1.05,N,2
41.01911,28.55236,303.76,0.35,0.57,2025-07-02,2316,N,VIIRS,n,2,289.67,1.0,N,2
41.02128,28.55557,314.66,0.35,0.57,2025-07-02,2316,N,VIIRS,n,2,291.64,1.47,N,2
41.10125,28.2152,355.56,0.37,0.58,2025-07-02,2316,N,VIIRS,n,2,288.65,7.86,N,0
41.10148,28.21073,367.0,0.37,0.58,2025-07-02,2316,N,VIIRS,h,2,289.18,7.86,N,0
41.17643,32.63638,307.0,0.44,0.46,2025-07-02,2316,N,VIIRS,n,2,285.73,0.67,N,2
41.23807,36.44063,300.46,0.45,0.39,2025-07-02,2316,N,VIIRS,n,2,289.53,0.52,N,2
41.24165,36.44139,303.65,0.45,0.39,2025-07-02,2316,N,VIIRS,n,2,289.78,0.52,N,0
41.24255,36.46376,328.83,0.45,0.39,2025-07-02,2316,N,VIIRS,n,2,292.24,3.08,N,2
41.25423,31.41041,299.72,0.51,0.49,2025-07-02,2316,N,VIIRS,n,2,288.06,0.78,N,2
41.25496,31.41076,301.07,0.51,0.49,2025-07-02,2316,N,VIIRS,n,2,288.21,0.91,N,2
41.26244,31.42401,306.11,0.51,0.49,2025-07-02,2316,N,VIIRS,n,2,289.1,1.71,N,2
41.2631,31.42431,313.53,0.51,0.49,2025-07-02,2316,N,VIIRS,n,2,289.44,2.23,N,2
41.26701,31.42467,314.42,0.51,0.49,2025-07-02,2316,N,VIIRS,n,2,290.92,1.71,N,2
35.52399,44.3474,308.93,0.56,0.43,2025-07-02,2317,N,VIIRS,n,2,295.26,3.77,N,2
35.52525,44.34135,333.84,0.56,0.43,2025-07-02,2317,N,VIIRS,n,2,296.54,3.77,N,2
35.52914,44.34253,335.32,0.56,0.43,2025-07-02,2317,N,VIIRS,n,2,297.62,6.4,N,2
35.53041,44.33648,331.15,0.56,0.43,2025-07-02,2317,N,VIIRS,n,2,297.48,4.71,N,2
35.5343,44.33764,333.44,0.56,0.43,2025-07-02,2317,N,VIIRS,n,2,297.3,4.71,N,2
35.6265,44.01112,331.91,0.54,0.42,2025-07-02,2317,N,VIIRS,n,2,296.36,4.9,N,2
35.62769,44.00529,330.35,0.54,0.42,2025-07-02,2317,N,VIIRS,n,2,296.68,4.9,N,2
35.63029,44.01233,329.19,0.54,0.42,2025-07-02,2317,N,VIIRS,n,2,299.14,7.4,N,2
35.63149,44.0065,331.69,0.54,0.42,2025-07-02,2317,N,VIIRS,n,2,299.69,7.4,N,2
35.6601,43.96539,332.19,0.54,0.42,2025-07-02,2317,N,VIIRS,n,2,296.47,5.02,N,2
35.66391,43.96653,344.61,0.54,0.42,2025-07-02,2317,N,VIIRS,n,2,301.06,11.04,N,2
35.67654,44.06416,312.4,0.54,0.42,2025-07-02,2317,N,VIIRS,n,2,297.28,2.56,N,2
35.67703,44.06503,315.17,0.54,0.42,2025-07-02,2317,N,VIIRS,n,2,297.58,2.92,N,2
35.68154,43.87952,307.89,0.53,0.42,2025-07-02,2317,N,VIIRS,n,2,296.08,14.05,N,2
35.68271,43.87372,316.26,0.53,0.42,2025-07-02,2317,N,VIIRS,n,2,296.51,14.05,N,2
35.68533,43.88066,327.96,0.53,0.42,2025-07-02,2317,N,VIIRS,n,2,297.87,14.05,N,2
35.6865,43.87486,336.62,0.53,0.42,2025-07-02,2317,N,VIIRS,n,2,310.81,14.05,N,2
35.71876,43.77422,311.0,0.52,0.42,2025-07-02,2317,N,VIIRS,n,2,300.76,2.83,N,2
35.72258,44.04104,318.64,0.54,0.42,2025-07-02,2317,N,VIIRS,n,2,296.1,2.42,N,2
35.7264,44.04216,330.31,0.54,0.42,2025-07-02,2317,N,VIIRS,n,2,297.81,3.56,N,2
35.7288,44.03047,328.64,0.54,0.42,2025-07-02,2317,N,VIIRS,n,2,296.62,4.28,N,2
35.77264,43.99395,330.76,0.54,0.42,2025-07-02,2317,N,VIIRS,n,2,298.39,6.2,N,2
35.95184,43.72786,311.87,0.52,0.41,2025-07-02,2317,N,VIIRS,n,2,296.59,1.76,N,2
35.98241,43.76825,316.89,0.52,0.41,2025-07-02,2317,N,VIIRS,n,2,299.45,3.57,N,2
35.99966,43.76166,318.07,0.52,0.41,2025-07-02,2317,N,VIIRS,n,2,297.76,2.74,N,2
36.00699,37.94236,308.9,0.39,0.36,2025-07-02,2317,N,VIIRS,n,2,292.98,1.45,N,0
36.01929,43.68402,318.54,0.51,0.41,2025-07-02,2317,N,VIIRS,n,2,297.58,1.57,N,2
36.0907,43.97204,309.99,0.53,0.42,2025-07-02,2317,N,VIIRS,n,2,296.73,1.83,N,0
36.12491,43.78296,308.96,0.52,0.41,2025-07-02,2317,N,VIIRS,n,2,295.62,2.35,N,2
36.13017,40.80952,306.72,0.41,0.37,2025-07-02,2317,N,VIIRS,n,2,294.69,0.87,N,2
36.14285,40.81763,322.37,0.41,0.37,2025-07-02,2317,N,VIIRS,n,2,295.56,1.34,N,2
36.41143,33.30442,303.54,0.54,0.42,2025-07-02,2317,N,VIIRS,n,2,290.39,0.96,N,0
36.4412,42.93012,313.4,0.47,0.4,2025-07-02,2317,N,VIIRS,n,2,298.92,1.8,N,2
36.45868,41.28209,304.94,0.42,0.37,2025-07-02,2317,N,VIIRS,n,2,293.81,0.48,N,2
36.71885,36.20159,305.49,0.42,0.38,2025-07-02,2317,N,VIIRS,n,2,293.98,1.58,N,2
36.72794,36.21317,305.8,0.42,0.38,2025-07-02,2317,N,VIIRS,n,2,294.92,2.07,N,2
36.72857,36.20844,305.27,0.42,0.38,2025-07-02,2317,N,VIIRS,n,2,294.54,2.26,N,2
36.73202,36.20916,331.88,0.42,0.38,2025-07-02,2317,N,VIIRS,n,2,297.54,2.26,N,2
36.73611,36.20515,309.27,0.42,0.38,2025-07-02,2317,N,VIIRS,n,2,295.48,1.59,N,2
36.73893,36.2106,312.22,0.42,0.38,2025-07-02,2317,N,VIIRS,n,2,296.33,1.59,N,2
36.7405,39.03455,312.38,0.38,0.36,2025-07-02,2317,N,VIIRS,n,2,289.83,0.65,N,0
36.74681,43.49846,309.96,0.49,0.4,2025-07-02,2317,N,VIIRS,n,2,295.51,2.12,N,2
36.7471,36.20262,314.91,0.42,0.38,2025-07-02,2317,N,VIIRS,n,2,295.28,2.81,N,2
36.77725,43.3234,335.66,0.48,0.4,2025-07-02,2317,N,VIIRS,n,2,299.43,6.33,N,2
36.81796,39.18937,323.45,0.38,0.36,2025-07-02,2317,N,VIIRS,n,2,292.12,1.48,N,0
36.86737,43.52087,308.97,0.49,0.4,2025-07-02,2317,N,VIIRS,n,2,293.4,1.18,N,0
36.86874,34.76217,308.79,0.47,0.4,2025-07-02,2317,N,VIIRS,n,2,296.0,2.05,N,2
36.86941,34.76571,311.14,0.47,0.4,2025-07-02,2317,N,VIIRS,n,2,296.1,1.24,N,2
36.87009,43.48724,320.85,0.49,0.4,2025-07-02,2317,N,VIIRS,n,2,294.93,2.59,N,2
36.89291,43.4295,328.65,0.49,0.4,2025-07-02,2317,N,VIIRS,n,2,293.12,3.33,N,2
36.90491,43.38752,305.32,0.48,0.4,2025-07-02,2317,N,VIIRS,n,2,289.77,0.72,N,2
36.90689,43.39047,331.5,0.48,0.4,2025-07-02,2317,N,VIIRS,n,2,293.67,5.4,N,2
36.90853,43.38864,329.33,0.48,0.4,2025-07-02,2317,N,VIIRS,n,2,292.43,3.03,N,2
36.91551,41.89582,322.29,0.43,0.38,2025-07-02,2317,N,VIIRS,n,2,293.94,1.58,N,2
36.93262,36.00086,312.58,0.43,0.38,2025-07-02,2317,N,VIIRS,n,2,296.13,1.64,N,2
36.93474,42.12923,311.16,0.43,0.38,2025-07-02,2317,N,VIIRS,n,2,292.21,1.72,N,2
36.9382,42.13021,315.41,0.43,0.38,2025-07-02,2317,N,VIIRS,n,2,295.63,1.72,N,2
36.94135,42.1719,332.0,0.44,0.38,2025-07-02,2317,N,VIIRS,n,2,296.3,3.39,N,2
36.94513,42.13221,315.14,0.43,0.38,2025-07-02,2317,N,VIIRS,n,2,294.84,1.75,N,2
36.94859,42.13321,322.86,0.43,0.38,2025-07-02,2317,N,VIIRS,n,2,296.56,1.65,N,2
36.96532,42.0825,314.13,0.43,0.38,2025-07-02,2317,N,VIIRS,n,2,293.64,0.83,N,2
36.99731,41.56417,306.35,0.42,0.38,2025-07-02,2317,N,VIIRS,n,2,296.26,0.8,N,2
37.01184,41.58281,306.63,0.42,0.38,2025-07-02,2317,N,VIIRS,n,2,295.56,0.95,N,2
37.02278,36.1103,309.17,0.42,0.38,2025-07-02,2317,N,VIIRS,n,2,295.49,1.18,N,2
37.04578,40.28265,305.22,0.39,0.36,2025-07-02,2317,N,VIIRS,n,2,292.39,0.91,N,0
37.07619,42.56034,305.57,0.45,0.39,2025-07-02,2317,N,VIIRS,n,2,295.18,1.49,N,2
37.07714,42.55537,322.72,0.45,0.39,2025-07-02,2317,N,VIIRS,n,2,296.7,1.49,N,2
37.0807,42.55611,309.23,0.45,0.39,2025-07-02,2317,N,VIIRS,n,2,296.36,1.49,N,2
37.0881,40.33947,304.92,0.39,0.36,2025-07-02,2317,N,VIIRS,n,2,291.57,0.59,N,0
37.08884,40.33508,319.22,0.39,0.36,2025-07-02,2317,N,VIIRS,n,2,292.01,1.58,N,0
37.09243,39.1109,304.68,0.38,0.36,2025-07-02,2317,N,VIIRS,n,2,291.13,0.8,N,0
37.1087,40.53092,332.73,0.4,0.37,2025-07-02,2317,N,VIIRS,n,2,296.45,3.34,N,0
37.11605,40.62978,319.1,0.4,0.37,2025-07-02,2317,N,VIIRS,n,2,295.28,1.51,N,0
37.15417,40.79327,319.71,0.4,0.37,2025-07-02,2317,N,VIIRS,n,2,295.66,1.65,N,0
37.15751,40.79417,309.88,0.4,0.37,2025-07-02,2317,N,VIIRS,n,2,296.17,1.04,N,0
37.17565,40.52572,304.72,0.4,0.37,2025-07-02,2317,N,VIIRS,n,2,294.29,0.55,N,0
37.1955,40.10123,334.68,0.39,0.36,2025-07-02,2317,N,VIIRS,n,2,296.35,3.18,N,0
37.19623,40.09688,305.04,0.39,0.36,2025-07-02,2317,N,VIIRS,n,2,294.03,0.52,N,0
37.19666,40.15605,307.34,0.39,0.36,2025-07-02,2317,N,VIIRS,n,2,295.66,0.64,N,0
37.20267,39.90142,324.5,0.39,0.36,2025-07-02,2317,N,VIIRS,n,2,293.34,1.53,N,0
37.20339,39.89709,319.04,0.39,0.36,2025-07-02,2317,N,VIIRS,n,2,293.3,1.53,N,0
37.20597,39.90227,309.86,0.39,0.36,2025-07-02,2317,N,VIIRS,n,2,292.59,0.59,N,0
37.20669,39.89794,303.57,0.39,0.36,2025-07-02,2317,N,VIIRS,n,2,292.28,0.59,N,0
37.2197,40.08028,304.41,0.39,0.36,2025-07-02,2317,N,VIIRS,n,2,293.41,0.55,N,0
37.22042,40.07594,306.22,0.39,0.36,2025-07-02,2317,N,VIIRS,n,2,293.64,0.99,N,0
37.23561,40.75235,313.42,0.4,0.37,2025-07-02,2317,N,VIIRS,n,2,294.87,1.09,N,0
37.25813,39.82785,304.63,0.39,0.36,2025-07-02,2317,N,VIIRS,n,2,291.51,1.59,N,0
37.26072,39.83302,308.42,0.39,0.36,2025-07-02,2317,N,VIIRS,n,2,292.67,1.59,N,0
37.26143,39.82869,338.24,0.39,0.36,2025-07-02,2317,N,VIIRS,n,2,294.03,1.59,N,0
37.26401,39.83386,325.18,0.39,0.36,2025-07-02,2317,N,VIIRS,n,2,294.31,3.74,N,0
37.26472,39.82953,354.2,0.39,0.36,2025-07-02,2317,N,VIIRS,n,2,296.59,3.74,N,0
37.26543,39.82521,303.35,0.39,0.36,2025-07-02,2317,N,VIIRS,n,2,291.28,0.81,N,0
37.27517,37.09935,345.66,0.4,0.37,2025-07-02,2317,N,VIIRS,n,2,294.66,3.59,N,0
37.27581,37.09482,333.72,0.4,0.37,2025-07-02,2317,N,VIIRS,n,2,291.36,3.59,N,0
37.27645,37.09029,313.24,0.4,0.37,2025-07-02,2317,N,VIIRS,n,2,289.83,1.57,N,0
37.27763,38.73047,306.6,0.38,0.36,2025-07-02,2317,N,VIIRS,n,2,293.67,0.87,N,2
37.27855,37.10009,307.95,0.4,0.37,2025-07-02,2317,N,VIIRS,n,2,290.76,3.59,N,0
37.27919,37.09556,328.47,0.4,0.37,2025-07-02,2317,N,VIIRS,n,2,290.81,3.59,N,0
37.29442,37.15993,312.7,0.4,0.37,2025-07-02,2317,N,VIIRS,n,2,292.47,0.95,N,2
37.29508,37.15527,311.55,0.4,0.37,2025-07-02,2317,N,VIIRS,n,2,292.95,0.95,N,2
37.33962,40.80074,309.76,0.4,0.37,2025-07-02,2317,N,VIIRS,n,2,296.66,1.32,N,2
37.39103,42.40442,314.54,0.44,0.38,2025-07-02,2317,N,VIIRS,n,2,293.54,1.63,N,0
37.43246,37.67974,304.09,0.39,0.36,2025-07-02,2317,N,VIIRS,n,2,291.1,0.41,N,0
37.4343,37.64352,305.28,0.39,0.37,2025-07-02,2317,N,VIIRS,n,2,290.45,0.39,N,0
37.44162,37.64062,300.92,0.39,0.37,2025-07-02,2317,N,VIIRS,n,2,289.96,0.48,N,0
37.58783,37.625,304.64,0.4,0.37,2025-07-02,2317,N,VIIRS,n,2,289.64,0.84,N,0
37.59117,37.62573,337.52,0.4,0.37,2025-07-02,2317,N,VIIRS,n,2,293.01,3.41,N,0
37.69421,38.08599,305.71,0.39,0.36,2025-07-02,2317,N,VIIRS,n,2,294.22,0.97,N,2
37.86061,29.37197,301.59,0.6,0.53,2025-07-02,2317,N,VIIRS,n,2,290.26,1.3,N,2
37.89936,30.49114,301.71,0.52,0.5,2025-07-02,2317,N,VIIRS,n,2,287.37,1.35,N,2
37.93832,32.53243,302.81,0.41,0.45,2025-07-02,2317,N,VIIRS,n,2,288.77,0.89,N,2
38.22022,26.43667,350.19,0.44,0.62,2025-07-02,2317,N,VIIRS,n,2,294.99,15.65,N,3
38.22091,26.4212,324.23,0.44,0.62,2025-07-02,2317,N,VIIRS,n,2,290.94,7.82,N,0
38.22578,26.44273,347.97,0.44,0.62,2025-07-02,2317,N,VIIRS,n,2,297.92,15.65,N,0
38.22602,26.43747,367.0,0.44,0.62,2025-07-02,2317,N,VIIRS,h,2,302.21,15.65,N,0
38.22626,26.43219,309.02,0.44,0.62,2025-07-02,2317,N,VIIRS,n,2,295.94,9.1,N,0
38.2265,26.4269,310.05,0.44,0.62,2025-07-02,2317,N,VIIRS,n,2,294.76,9.1,N,0
38.22672,26.42178,367.0,0.44,0.62,2025-07-02,2317,N,VIIRS,h,2,301.19,7.82,N,0
38.22695,26.41684,304.67,0.44,0.62,2025-07-02,2317,N,VIIRS,n,2,293.09,7.82,N,0
38.23158,26.44351,367.0,0.44,0.62,2025-07-02,2317,N,VIIRS,h,2,299.41,14.59,N,0
38.23183,26.43821,337.36,0.44,0.62,2025-07-02,2317,N,VIIRS,n,2,297.16,14.59,N,0
38.23207,26.43291,306.8,0.44,0.62,2025-07-02,2317,N,VIIRS,n,2,294.69,7.67,N,0
38.2323,26.42771,319.73,0.44,0.62,2025-07-02,2317,N,VIIRS,n,2,294.87,7.67,N,0
38.23253,26.42264,367.0,0.44,0.62,2025-07-02,2317,N,VIIRS,h,2,298.05,11.88,N,0
38.23715,26.44948,342.66,0.44,0.62,2025-07-02,2317,N,VIIRS,n,2,296.26,28.87,N,0
38.23739,26.44415,367.0,0.44,0.62,2025-07-02,2317,N,VIIRS,h,2,302.63,14.59,N,0
38.23763,26.43885,308.17,0.44,0.62,2025-07-02,2317,N,VIIRS,n,2,293.94,14.59,N,0
38.2381,26.42853,367.0,0.44,0.62,2025-07-02,2317,N,VIIRS,h,2,301.19,7.67,N,0
38.23833,26.42342,328.38,0.44,0.62,2025-07-02,2317,N,VIIRS,n,2,293.4,11.88,N,0
38.2427,26.4555,303.89,0.44,0.62,2025-07-02,2317,N,VIIRS,n,2,292.88,13.45,N,0
38.24295,26.45015,351.18,0.44,0.62,2025-07-02,2317,N,VIIRS,n,2,305.34,13.45,N,0
38.24321,26.44455,332.79,0.44,0.62,2025-07-02,2317,N,VIIRS,n,2,295.6,16.97,N,0
38.24365,40.68012,304.74,0.39,0.36,2025-07-02,2317,N,VIIRS,n,2,293.0,0.54,N,0
38.24392,26.42905,367.0,0.44,0.62,2025-07-02,2317,N,VIIRS,h,2,297.23,6.78,N,0
38.24875,26.45085,367.0,0.44,0.62,2025-07-02,2317,N,VIIRS,h,2,297.9,13.45,N,0
38.24902,26.44504,312.48,0.44,0.62,2025-07-02,2317,N,VIIRS,n,2,294.03,16.97,N,0
38.24951,26.43445,348.82,0.44,0.62,2025-07-02,2317,N,VIIRS,n,2,294.52,6.78,N,0
38.24974,26.42959,344.61,0.44,0.62,2025-07-02,2317,N,VIIRS,n,2,294.45,6.78,N,0
38.25457,26.45109,333.0,0.44,0.62,2025-07-02,2317,N,VIIRS,n,2,293.57,4.41,N,0
38.25509,26.44004,302.24,0.44,0.62,2025-07-02,2317,N,VIIRS,n,2,291.61,3.34,N,0
38.25533,26.43492,330.3,0.44,0.62,2025-07-02,2317,N,VIIRS,n,2,293.03,3.69,N,0
38.26037,26.45181,367.0,0.44,0.62,2025-07-02,2317,N,VIIRS,h,2,296.78,4.41,N,0
38.26063,26.44641,306.58,0.44,0.62,2025-07-02,2317,N,VIIRS,n,2,292.94,3.34,N,0
38.26088,26.44095,308.84,0.44,0.62,2025-07-02,2317,N,VIIRS,n,2,292.16,3.34,N,0
38.26114,26.4355,339.55,0.44,0.62,2025-07-02,2317,N,VIIRS,n,2,292.83,3.69,N,0
38.26593,26.45775,326.23,0.44,0.62,2025-07-02,2317,N,VIIRS,n,2,293.24,1.59,N,0
38.26617,26.45246,306.46,0.44,0.62,2025-07-02,2317,N,VIIRS,n,2,292.39,1.59,N,0
38.26669,26.4415,311.6,0.44,0.62,2025-07-02,2317,N,VIIRS,n,2,292.6,1.97,N,0
38.26695,26.43595,305.27,0.44,0.62,2025-07-02,2317,N,VIIRS,n,2,291.81,0.96,N,0
38.27825,27.8939,313.68,0.36,0.58,2025-07-02,2317,N,VIIRS,n,2,292.56,1.16,N,0
38.27831,26.44278,331.39,0.44,0.62,2025-07-02,2317,N,VIIRS,n,2,292.17,8.63,N,0
38.27848,27.88991,311.78,0.36,0.58,2025-07-02,2317,N,VIIRS,n,2,293.24,2.5,N,0
38.2787,27.88608,330.7,0.36,0.58,2025-07-02,2317,N,VIIRS,n,2,293.27,2.5,N,0
38.27892,27.88235,317.35,0.36,0.58,2025-07-02,2317,N,VIIRS,n,2,290.99,3.36,N,0
38.27913,39.74366,301.99,0.38,0.36,2025-07-02,2317,N,VIIRS,n,2,291.52,0.6,N,2
38.28255,26.47598,326.96,0.43,0.62,2025-07-02,2317,N,VIIRS,n,2,293.67,2.53,N,0
38.28339,27.89847,314.96,0.36,0.58,2025-07-02,2317,N,VIIRS,n,2,292.04,2.13,N,0
38.28362,27.89445,329.58,0.36,0.58,2025-07-02,2317,N,VIIRS,n,2,294.72,2.13,N,0
38.28384,27.8908,318.05,0.36,0.58,2025-07-02,2317,N,VIIRS,n,2,292.25,1.67,N,0
38.28386,26.44868,346.59,0.44,0.62,2025-07-02,2317,N,VIIRS,n,2,294.39,8.63,N,0
38.28405,27.88721,313.0,0.36,0.58,2025-07-02,2317,N,VIIRS,n,2,291.05,1.67,N,0
38.28411,26.44339,367.0,0.44,0.62,2025-07-02,2317,N,VIIRS,h,2,301.88,8.63,N,0
38.28854,27.90284,319.55,0.36,0.58,2025-07-02,2317,N,VIIRS,n,2,291.16,1.95,N,0
38.28876,27.89911,318.16,0.36,0.58,2025-07-02,2317,N,VIIRS,n,2,294.7,2.13,N,0
38.28898,27.89535,320.62,0.36,0.58,2025-07-02,2317,N,VIIRS,n,2,295.21,2.13,N,0
38.28919,27.89177,314.66,0.36,0.58,2025-07-02,2317,N,VIIRS,n,2,291.68,1.67,N,0
38.28924,26.45018,351.23,0.44,0.62,2025-07-02,2317,N,VIIRS,n,2,296.2,4.05,N,0
38.28939,27.88829,304.21,0.36,0.58,2025-07-02,2317,N,VIIRS,n,2,290.08,1.67,N,0
38.28942,26.4544,314.65,0.44,0.62,2025-07-02,2317,N,VIIRS,n,2,293.24,3.55,N,0
38.28946,26.44492,335.77,0.44,0.62,2025-07-02,2317,N,VIIRS,n,2,293.56,8.68,N,0
38.28967,26.4492,355.57,0.44,0.62,2025-07-02,2317,N,VIIRS,n,2,296.82,6.16,N,0
38.29378,27.90557,344.15,0.36,0.58,2025-07-02,2317,N,VIIRS,n,2,292.29,4.76,N,0
38.29404,27.90124,337.1,0.36,0.58,2025-07-02,2317,N,VIIRS,n,2,293.28,2.7,N,0
38.2943,27.89687,322.67,0.36,0.58,2025-07-02,2317,N,VIIRS,n,2,293.87,2.7,N,0
38.29453,27.89295,318.87,0.36,0.58,2025-07-02,2317,N,VIIRS,n,2,292.83,2.19,N,0
38.29474,27.88942,307.02,0.36,0.58,2025-07-02,2317,N,VIIRS,n,2,290.28,2.19,N,0
38.29482,26.45624,321.16,0.44,0.62,2025-07-02,2317,N,VIIRS,n,2,293.5,4.05,N,0
38.29504,26.45094,337.24,0.44,0.62,2025-07-02,2317,N,VIIRS,n,2,294.0,4.05,N,0
38.29522,26.45523,330.09,0.44,0.62,2025-07-02,2317,N,VIIRS,n,2,294.18,3.55,N,0
38.29548,26.44991,313.61,0.44,0.62,2025-07-02,2317,N,VIIRS,n,2,291.96,6.16,N,0
38.29932,27.90339,302.02,0.36,0.58,2025-07-02,2317,N,VIIRS,n,2,290.24,2.7,N,0
38.29957,27.8992,314.6,0.36,0.58,2025-07-02,2317,N,VIIRS,n,2,291.32,2.7,N,0
38.2998,27.89523,318.54,0.36,0.58,2025-07-02,2317,N,VIIRS,n,2,291.71,2.19,N,0
38.30002,27.89164,326.93,0.36,0.58,2025-07-02,2317,N,VIIRS,n,2,291.43,2.19,N,0
38.30023,27.88816,332.65,0.36,0.58,2025-07-02,2317,N,VIIRS,n,2,290.95,5.09,N,0
38.30061,26.45702,304.14,0.44,0.62,2025-07-02,2317,N,VIIRS,n,2,292.18,0.78,N,0
38.30075,26.46117,304.76,0.44,0.62,2025-07-02,2317,N,VIIRS,n,2,292.56,0.78,N,0
38.30507,27.89772,317.43,0.36,0.58,2025-07-02,2317,N,VIIRS,n,2,291.35,8.65,N,0
38.30508,26.48857,319.37,0.43,0.62,2025-07-02,2317,N,VIIRS,n,2,292.68,2.35,N,0
38.30527,27.89426,326.29,0.36,0.58,2025-07-02,2317,N,VIIRS,n,2,292.22,8.65,N,0
38.30529,26.48746,337.82,0.43,0.62,2025-07-02,2317,N,VIIRS,n,2,294.86,3.38,N,0
38.3053,26.48345,324.75,0.43,0.62,2025-07-02,2317,N,VIIRS,n,2,293.12,2.35,N,0
38.30548,27.89081,367.0,0.36,0.58,2025-07-02,2317,N,VIIRS,h,2,294.87,25.01,N,0
38.30569,27.88723,367.0,0.36,0.58,2025-07-02,2317,N,VIIRS,h,2,298.4,25.01,N,0
38.30593,27.88323,356.58,0.37,0.58,2025-07-02,2317,N,VIIRS,n,2,299.3,20.22,N,0
38.30622,27.87838,367.0,0.37,0.58,2025-07-02,2317,N,VIIRS,h,2,289.88,20.22,N,0
38.30642,26.4577,302.9,0.44,0.62,2025-07-02,2317,N,VIIRS,n,2,292.28,0.78,N,0
38.30656,26.46179,305.23,0.44,0.62,2025-07-02,2317,N,VIIRS,n,2,292.78,0.78,N,0
38.31018,27.90264,298.41,0.36,0.58,2025-07-02,2317,N,VIIRS,n,2,288.1,3.21,N,0
38.31036,27.89956,337.61,0.36,0.58,2025-07-02,2317,N,VIIRS,n,2,292.43,8.65,N,0
38.31055,26.49864,305.16,0.43,0.62,2025-07-02,2317,N,VIIRS,n,2,292.31,2.89,N,0
38.31055,27.89645,346.21,0.36,0.58,2025-07-02,2317,N,VIIRS,n,2,300.19,8.65,N,0
38.31064,26.4945,337.69,0.43,0.62,2025-07-02,2317,N,VIIRS,n,2,294.52,3.76,N,0
38.31074,27.8933,367.0,0.36,0.58,2025-07-02,2317,N,VIIRS,h,2,299.88,25.01,N,0
38.31082,26.49336,339.56,0.43,0.62,2025-07-02,2317,N,VIIRS,n,2,296.57,3.75,N,0
38.31086,26.48938,332.89,0.43,0.62,2025-07-02,2317,N,VIIRS,n,2,297.86,3.54,N,0
38.31094,27.89005,367.0,0.36,0.58,2025-07-02,2317,N,VIIRS,h,2,292.94,25.01,N,0
38.31107,26.48827,323.44,0.43,0.62,2025-07-02,2317,N,VIIRS,n,2,296.16,3.75,N,0
38.31117,27.88613,367.0,0.37,0.58,2025-07-02,2317,N,VIIRS,h,2,294.55,20.22,N,0
38.31155,27.87976,367.0,0.37,0.58,2025-07-02,2317,N,VIIRS,h,2,292.35,20.22,N,0
38.31609,26.50422,314.41,0.43,0.62,2025-07-02,2317,N,VIIRS,n,2,292.26,2.89,N,0
38.31622,26.49992,348.71,0.43,0.62,2025-07-02,2317,N,VIIRS,n,2,295.69,3.76,N,0
38.31638,26.49867,339.66,0.43,0.62,2025-07-02,2317,N,VIIRS,n,2,296.3,2.89,N,0
38.31646,26.49459,319.17,0.43,0.62,2025-07-02,2317,N,VIIRS,n,2,295.46,3.76,N,0
38.31664,26.4934,316.16,0.43,0.62,2025-07-02,2317,N,VIIRS,n,2,294.82,3.75,N,0
38.31668,26.48953,308.1,0.43,0.62,2025-07-02,2317,N,VIIRS,n,2,293.29,3.54,N,0
38.32203,26.50005,319.21,0.43,0.62,2025-07-02,2317,N,VIIRS,n,2,293.19,2.16,N,0
38.32343,26.46884,305.77,0.44,0.62,2025-07-02,2317,N,VIIRS,n,2,291.91,3.33,N,0
38.32757,26.50636,321.86,0.43,0.62,2025-07-02,2317,N,VIIRS,n,2,292.66,2.51,N,0
38.32784,26.50056,311.17,0.43,0.62,2025-07-02,2317,N,VIIRS,n,2,293.02,2.16,N,0
38.32925,26.46892,367.0,0.44,0.62,2025-07-02,2317,N,VIIRS,h,2,297.01,3.33,N,0
38.32948,26.46379,305.52,0.44,0.62,2025-07-02,2317,N,VIIRS,n,2,292.56,3.33,N,0
38.32971,26.45858,304.35,0.44,0.62,2025-07-02,2317,N,VIIRS,n,2,293.08,1.36,N,0
38.33484,26.47425,315.37,0.44,0.62,2025-07-02,2317,N,VIIRS,n,2,292.67,3.03,N,0
38.33508,26.46902,338.53,0.44,0.62,2025-07-02,2317,N,VIIRS,n,2,295.29,1.96,N,0
38.33532,26.46381,305.61,0.44,0.62,2025-07-02,2317,N,VIIRS,n,2,292.57,1.96,N,0
38.34089,26.46938,303.64,0.44,0.62,2025-07-02,2317,N,VIIRS,n,2,292.44,1.96,N,0
38.34114,26.46395,328.9,0.44,0.62,2025-07-02,2317,N,VIIRS,n,2,293.34,1.96,N,0
38.3467,26.46987,303.34,0.44,0.62,2025-07-02,2317,N,VIIRS,n,2,292.48,0.77,N,0
38.35046,26.51493,333.32,0.43,0.62,2025-07-02,2317,N,VIIRS,n,2,292.68,3.84,N,0
38.3679,26.51504,316.47,0.43,0.62,2025-07-02,2317,N,VIIRS,n,2,292.1,1.55,N,0
38.36817,26.50946,308.06,0.43,0.62,2025-07-02,2317,N,VIIRS,n,2,291.83,1.55,N,0
38.36999,38.29596,295.63,0.39,0.36,2025-07-02,2317,N,VIIRS,n,2,285.4,0.17,N,0
38.37373,26.51492,304.75,0.43,0.62,2025-07-02,2317,N,VIIRS,n,2,292.94,1.55,N,0
38.37399,26.50958,331.85,0.43,0.62,2025-07-02,2317,N,VIIRS,n,2,293.64,1.55,N,0
38.37427,26.50362,308.14,0.43,0.62,2025-07-02,2317,N,VIIRS,n,2,292.62,2.55,N,0
38.4258,27.21443,304.72,0.4,0.6,2025-07-02,2317,N,VIIRS,n,2,294.02,0.91,N,2
38.45155,40.6588,324.62,0.39,0.36,2025-07-02,2317,N,VIIRS,n,2,293.62,1.09,N,0
38.4553,38.72623,309.64,0.39,0.36,2025-07-02,2317,N,VIIRS,n,2,290.63,0.9,N,2
38.65209,39.76917,343.24,0.38,0.36,2025-07-02,2317,N,VIIRS,n,2,290.53,5.08,N,2
38.65803,30.61524,296.34,0.52,0.5,2025-07-02,2317,N,VIIRS,n,2,284.12,0.63,N,2
38.6915,34.76476,300.37,0.49,0.4,2025-07-02,2317,N,VIIRS,n,2,284.58,1.07,N,0
38.69221,34.76591,301.21,0.49,0.4,2025-07-02,2317,N,VIIRS,n,2,284.82,1.26,N,0
38.74151,26.94991,304.02,0.41,0.61,2025-07-02,2317,N,VIIRS,n,2,293.92,1.59,N,2
38.75359,26.93618,314.17,0.41,0.61,2025-07-02,2317,N,VIIRS,n,2,293.0,1.06,N,0
38.85841,35.76594,297.19,0.45,0.39,2025-07-02,2317,N,VIIRS,n,2,283.75,0.8,N,2
38.88511,37.89856,295.15,0.4,0.37,2025-07-02,2317,N,VIIRS,n,2,284.97,0.47,N,0
39.48582,30.03989,304.83,0.57,0.52,2025-07-02,2317,N,VIIRS,n,2,284.74,1.61,N,2
39.59695,32.41949,298.49,0.43,0.46,2025-07-02,2317,N,VIIRS,n,2,286.01,0.84,N,2
39.74371,30.19744,296.52,0.57,0.52,2025-07-02,2317,N,VIIRS,n,2,283.61,0.67,N,2
39.83694,30.30058,302.44,0.56,0.51,2025-07-02,2317,N,VIIRS,n,2,285.7,1.65,N,2
39.86524,26.24231,303.93,0.46,0.64,2025-07-02,2317,N,VIIRS,n,2,291.59,1.04,N,2
36.26492,33.73157,315.42,0.51,0.41,2025-07-02,2318,N,VIIRS,n,2,297.87,4.11,N,2
41.17685,32.63288,301.1,0.65,0.73,2025-07-03,56,N,VIIRS,n,2,284.28,1.3,N,2
41.26653,31.42858,301.69,0.56,0.69,2025-07-03,56,N,VIIRS,n,2,287.13,1.26,N,2
41.26855,31.42216,300.53,0.56,0.69,2025-07-03,56,N,VIIRS,n,2,286.79,1.72,N,2
37.25444,30.44037,301.45,0.66,0.73,2025-07-03,57,N,VIIRS,n,2,288.5,1.35,N,2
37.25633,30.43904,297.99,0.66,0.73,2025-07-03,57,N,VIIRS,n,2,287.65,0.48,N,0
37.79335,29.00059,309.38,0.54,0.68,2025-07-03,57,N,VIIRS,n,2,288.52,1.41,N,0
38.08928,31.39391,301.06,0.7,0.75,2025-07-03,57,N,VIIRS,n,2,281.68,1.33,N,0
38.27129,27.89792,367.0,0.46,0.64,2025-07-03,57,N,VIIRS,h,2,291.03,14.46,N,0
38.27188,27.90387,303.14,0.46,0.64,2025-07-03,57,N,VIIRS,n,2,290.7,9.75,N,0
38.27269,27.8931,318.51,0.46,0.64,2025-07-03,57,N,VIIRS,n,2,290.61,12.87,N,0
38.27338,27.89864,355.53,0.46,0.64,2025-07-03,57,N,VIIRS,n,2,299.73,17.42,N,0
38.27474,27.89382,344.01,0.46,0.64,2025-07-03,57,N,VIIRS,n,2,292.6,17.42,N,0
38.2768,27.90085,356.74,0.46,0.64,2025-07-03,57,N,VIIRS,n,2,295.86,14.46,N,0
38.27816,27.89618,367.0,0.46,0.64,2025-07-03,57,N,VIIRS,h,2,296.94,12.87,N,0
38.2797,27.89085,342.06,0.46,0.64,2025-07-03,57,N,VIIRS,n,2,294.85,12.87,N,0
38.28024,27.8968,347.43,0.46,0.64,2025-07-03,57,N,VIIRS,n,2,295.51,17.42,N,0
38.28157,27.88442,307.14,0.46,0.64,2025-07-03,57,N,VIIRS,n,2,291.68,4.14,N,0
38.28182,27.89125,341.62,0.46,0.64,2025-07-03,57,N,VIIRS,n,2,295.25,6.93,N,0
38.28373,27.88448,308.73,0.46,0.64,2025-07-03,57,N,VIIRS,n,2,290.94,6.93,N,0
38.28535,27.89331,313.67,0.46,0.64,2025-07-03,57,N,VIIRS,n,2,292.28,1.15,N,0
38.28736,27.88638,302.62,0.46,0.64,2025-07-03,57,N,VIIRS,n,2,289.94,1.08,N,0
38.28745,27.89375,302.46,0.46,0.64,2025-07-03,57,N,VIIRS,n,2,290.81,1.2,N,0
38.28924,27.90185,304.43,0.46,0.64,2025-07-03,57,N,VIIRS,n,2,291.63,1.15,N,0
38.29108,27.89548,305.46,0.46,0.64,2025-07-03,57,N,VIIRS,n,2,291.56,1.15,N,0
38.29164,27.90137,318.42,0.46,0.64,2025-07-03,57,N,VIIRS,n,2,292.39,2.64,N,0
38.29307,27.88861,300.46,0.46,0.64,2025-07-03,57,N,VIIRS,n,2,290.25,1.08,N,0
38.29327,27.89559,307.24,0.46,0.64,2025-07-03,57,N,VIIRS,n,2,292.08,1.2,N,0
38.29398,27.90746,341.7,0.46,0.64,2025-07-03,57,N,VIIRS,n,2,291.38,6.16,N,0
38.29519,27.88878,301.77,0.46,0.64,2025-07-03,57,N,VIIRS,n,2,290.47,1.2,N,0
38.29568,27.90158,323.77,0.46,0.64,2025-07-03,57,N,VIIRS,n,2,292.45,3.95,N,0
38.29718,27.89637,311.93,0.46,0.64,2025-07-03,57,N,VIIRS,n,2,291.62,3.95,N,0
38.29995,27.90876,355.17,0.46,0.64,2025-07-03,57,N,VIIRS,n,2,294.29,6.16,N,0
38.30179,27.90241,305.24,0.46,0.64,2025-07-03,57,N,VIIRS,n,2,290.09,3.95,N,0
38.30378,27.89551,316.98,0.46,0.64,2025-07-03,57,N,VIIRS,n,2,290.23,3.95,N,0
38.30611,27.88742,330.57,0.46,0.64,2025-07-03,57,N,VIIRS,n,2,291.23,4.61,N,0
38.30774,27.88179,323.82,0.46,0.64,2025-07-03,57,N,VIIRS,n,2,287.96,4.61,N,0
38.31046,27.89436,367.0,0.46,0.64,2025-07-03,57,N,VIIRS,h,2,293.41,9.4,N,0
38.3126,27.88694,328.29,0.46,0.64,2025-07-03,57,N,VIIRS,n,2,287.02,8.02,N,0
38.3171,26.50392,348.43,0.39,0.6,2025-07-03,57,N,VIIRS,n,2,296.3,9.75,N,0
38.31821,26.49993,367.0,0.39,0.6,2025-07-03,57,N,VIIRS,h,2,297.55,9.75,N,0
38.31934,26.49586,317.29,0.39,0.6,2025-07-03,57,N,VIIRS,n,2,292.37,3.86,N,0
38.32137,26.50989,305.1,0.39,0.6,2025-07-03,57,N,VIIRS,n,2,291.44,5.87,N,0
38.32241,26.50612,367.0,0.39,0.6,2025-07-03,57,N,VIIRS,h,2,296.93,9.75,N,0
38.32349,26.50222,304.53,0.39,0.6,2025-07-03,57,N,VIIRS,n,2,292.02,9.75,N,0
38.32459,26.49824,305.77,0.39,0.6,2025-07-03,57,N,VIIRS,n,2,290.83,3.86,N,0
38.32773,26.50823,324.56,0.39,0.6,2025-07-03,57,N,VIIRS,n,2,293.98,2.55,N,0
38.32996,26.45745,312.19,0.39,0.59,2025-07-03,57,N,VIIRS,n,2,292.21,2.34,N,0
38.33114,26.45319,306.43,0.39,0.59,2025-07-03,57,N,VIIRS,n,2,292.42,1.49,N,0
38.33278,26.46859,315.74,0.39,0.59,2025-07-03,57,N,VIIRS,n,2,293.33,2.31,N,0
38.3368,26.47536,305.98,0.39,0.59,2025-07-03,57,N,VIIRS,n,2,291.68,1.49,N,0
38.33796,26.47115,321.42,0.39,0.59,2025-07-03,57,N,VIIRS,n,2,292.8,1.49,N,0
38.34031,26.46263,335.83,0.39,0.59,2025-07-03,57,N,VIIRS,n,2,293.94,3.32,N,0
38.34052,26.50467,309.02,0.39,0.6,2025-07-03,57,N,VIIRS,n,2,291.8,0.55,N,0
38.3409,26.48187,306.12,0.39,0.59,2025-07-03,57,N,VIIRS,n,2,291.78,0.78,N,0
38.34905,26.51658,317.32,0.39,0.6,2025-07-03,57,N,VIIRS,n,2,291.92,1.28,N,0
38.36696,26.51583,331.83,0.39,0.6,2025-07-03,57,N,VIIRS,n,2,291.84,3.4,N,0
38.36812,26.5116,333.69,0.39,0.59,2025-07-03,57,N,VIIRS,n,2,292.45,3.4,N,0
38.37209,26.51865,328.68,0.39,0.6,2025-07-03,57,N,VIIRS,n,2,294.02,4.27,N,0
38.37329,26.51423,343.68,0.39,0.59,2025-07-03,57,N,VIIRS,n,2,294.64,4.27,N,0
38.37442,26.51012,324.51,0.39,0.59,2025-07-03,57,N,VIIRS,n,2,293.18,3.73,N,0
38.45382,27.26191,303.36,0.43,0.62,2025-07-03,57,N,VIIRS,n,2,293.34,0.8,N,2
38.458,27.2624,304.16,0.43,0.62,2025-07-03,57,N,VIIRS,n,2,293.51,0.55,N,0
38.66077,26.84436,321.03,0.4,0.6,2025-07-03,57,N,VIIRS,n,2,291.03,1.5,N,0
38.73861,26.94936,304.28,0.4,0.6,2025-07-03,57,N,VIIRS,n,2,292.4,1.53,N,2
38.73988,26.94475,310.19,0.4,0.6,2025-07-03,57,N,VIIRS,n,2,294.64,1.2,N,2
38.74519,26.94717,306.85,0.4,0.6,2025-07-03,57,N,VIIRS,n,2,292.93,1.2,N,2
38.75418,26.93614,308.58,0.4,0.6,2025-07-03,57,N,VIIRS,n,2,291.47,0.89,N,0
39.48597,30.04167,303.79,0.55,0.68,2025-07-03,57,N,VIIRS,n,2,282.71,1.0,N,2
39.74526,30.19585,296.4,0.55,0.68,2025-07-03,57,N,VIIRS,n,2,282.46,0.86,N,2
39.86609,26.24482,313.38,0.35,0.57,2025-07-03,57,N,VIIRS,n,2,291.86,1.67,N,2
39.8661,26.24491,315.77,0.35,0.57,2025-07-03,57,N,VIIRS,n,2,292.4,1.41,N,2
41.01823,28.55319,303.36,0.42,0.61,2025-07-03,57,N,VIIRS,n,2,288.12,0.51,N,2
41.02018,28.55525,309.28,0.42,0.61,2025-07-03,57,N,VIIRS,n,2,289.27,1.2,N,2
41.02354,28.55605,301.0,0.42,0.61,2025-07-03,57,N,VIIRS,n,2,288.93,0.51,N,2
41.10138,28.21644,314.89,0.4,0.6,2025-07-03,57,N,VIIRS,n,2,287.28,1.79,N,0
41.10271,28.21171,313.57,0.4,0.6,2025-07-03,57,N,VIIRS,n,2,285.84,2.3,N,0
38.22182,26.44064,319.88,0.39,0.59,2025-07-03,58,N,VIIRS,n,2,292.93,4.59,N,0
38.22245,26.43911,326.24,0.39,0.6,2025-07-03,58,N,VIIRS,n,2,293.82,3.19,N,0
38.22301,26.43636,310.4,0.39,0.59,2025-07-03,58,N,VIIRS,n,2,294.03,4.19,N,0
38.22657,26.42346,310.22,0.39,0.59,2025-07-03,58,N,VIIRS,n,2,293.12,7.51,N,0
38.22662,26.44547,320.97,0.39,0.6,2025-07-03,58,N,VIIRS,n,2,293.23,5.28,N,0
38.22713,26.42176,348.22,0.39,0.59,2025-07-03,58,N,VIIRS,n,2,295.11,8.36,N,0
38.22716,26.44269,367.0,0.39,0.59,2025-07-03,58,N,VIIRS,h,2,298.72,4.59,N,0
38.22778,26.44119,367.0,0.39,0.6,2025-07-03,58,N,VIIRS,h,2,298.58,5.72,N,0
38.2278,26.41901,367.0,0.39,0.59,2025-07-03,58,N,VIIRS,h,2,299.4,14.2,N,0
38.22834,26.43842,310.83,0.39,0.59,2025-07-03,58,N,VIIRS,n,2,294.92,4.19,N,0
38.22836,26.4172,367.0,0.39,0.59,2025-07-03,58,N,VIIRS,h,2,295.65,8.36,N,0
38.23191,26.42548,318.72,0.39,0.59,2025-07-03,58,N,VIIRS,n,2,293.75,7.51,N,0
38.23246,26.42381,353.54,0.39,0.59,2025-07-03,58,N,VIIRS,n,2,298.86,11.84,N,0
38.23249,26.44478,322.06,0.39,0.59,2025-07-03,58,N,VIIRS,n,2,293.75,3.52,N,0
38.2331,26.4433,319.98,0.39,0.6,2025-07-03,58,N,VIIRS,n,2,294.5,5.72,N,0
38.23313,26.42107,367.0,0.39,0.59,2025-07-03,58,N,VIIRS,h,2,308.19,14.2,N,0
38.23365,26.41938,367.0,0.39,0.59,2025-07-03,58,N,VIIRS,h,2,298.28,11.84,N,0
38.23434,26.41669,303.22,0.39,0.59,2025-07-03,58,N,VIIRS,n,2,292.17,14.2,N,0
38.23663,26.45117,324.69,0.39,0.6,2025-07-03,58,N,VIIRS,n,2,292.51,3.52,N,0
38.23724,26.42755,316.56,0.39,0.59,2025-07-03,58,N,VIIRS,n,2,294.2,3.82,N,0
38.23727,26.44968,356.03,0.39,0.6,2025-07-03,58,N,VIIRS,n,2,295.86,7.5,N,0
38.23778,26.42591,351.43,0.39,0.59,2025-07-03,58,N,VIIRS,n,2,297.91,11.84,N,0
38.2378,26.44689,351.81,0.39,0.59,2025-07-03,58,N,VIIRS,n,2,298.08,3.52,N,0
38.23841,26.44542,321.27,0.39,0.6,2025-07-03,58,N,VIIRS,n,2,294.75,7.57,N,0
38.23845,26.42313,367.0,0.39,0.59,2025-07-03,58,N,VIIRS,h,2,303.76,12.59,N,0
38.23898,26.42142,367.0,0.39,0.59,2025-07-03,58,N,VIIRS,h,2,297.54,11.84,N,0
38.24196,26.45322,328.2,0.39,0.6,2025-07-03,58,N,VIIRS,n,2,292.76,7.68,N,0
38.24252,26.42978,303.55,0.39,0.59,2025-07-03,58,N,VIIRS,n,2,293.14,3.82,N,0
38.2426,26.45174,367.0,0.39,0.6,2025-07-03,58,N,VIIRS,h,2,297.09,7.5,N,0
38.24306,26.42814,320.4,0.39,0.59,2025-07-03,58,N,VIIRS,n,2,293.77,6.46,N,0
38.2431,26.44908,367.0,0.39,0.59,2025-07-03,58,N,VIIRS,h,2,300.23,7.68,N,0
38.24369,26.44769,326.19,0.39,0.6,2025-07-03,58,N,VIIRS,n,2,295.49,7.57,N,0
38.24375,26.4253,354.95,0.39,0.59,2025-07-03,58,N,VIIRS,n,2,296.09,12.59,N,0
38.24428,26.4236,341.75,0.39,0.59,2025-07-03,58,N,VIIRS,n,2,293.47,6.46,N,0
38.24732,26.45521,349.38,0.39,0.6,2025-07-03,58,N,VIIRS,n,2,294.11,7.68,N,0
38.24775,26.43217,308.69,0.39,0.59,2025-07-03,58,N,VIIRS,n,2,293.32,5.14,N,0
38.24829,26.43057,351.04,0.39,0.59,2025-07-03,58,N,VIIRS,n,2,296.41,6.46,N,0
38.24844,26.4511,367.0,0.39,0.59,2025-07-03,58,N,VIIRS,h,2,302.71,7.68,N,0
38.249,26.42761,367.0,0.39,0.59,2025-07-03,58,N,VIIRS,h,2,303.08,13.66,N,0
38.24951,26.4472,305.26,0.39,0.59,2025-07-03,58,N,VIIRS,n,2,294.51,10.71,N,0
38.24953,26.42592,367.0,0.39,0.59,2025-07-03,58,N,VIIRS,h,2,296.53,6.46,N,0
38.25298,26.4346,324.15,0.39,0.59,2025-07-03,58,N,VIIRS,n,2,292.64,5.14,N,0
38.25375,26.45325,337.7,0.39,0.59,2025-07-03,58,N,VIIRS,n,2,293.5,5.47,N,0
38.25423,26.43005,367.0,0.39,0.59,2025-07-03,58,N,VIIRS,h,2,298.08,13.66,N,0
38.25485,26.44926,327.29,0.39,0.59,2025-07-03,58,N,VIIRS,n,2,293.52,8.6,N,0
38.25826,26.43684,319.29,0.39,0.59,2025-07-03,58,N,VIIRS,n,2,292.65,1.56,N,0
38.25902,26.45555,339.51,0.39,0.59,2025-07-03,58,N,VIIRS,n,2,293.77,5.47,N,0
38.25944,26.43251,320.7,0.39,0.59,2025-07-03,58,N,VIIRS,n,2,292.76,3.53,N,0
38.26016,26.45138,367.0,0.39,0.59,2025-07-03,58,N,VIIRS,h,2,298.24,8.6,N,0
38.26243,26.4431,311.72,0.39,0.59,2025-07-03,58,N,VIIRS,n,2,293.26,1.56,N,0
38.26356,26.43899,313.93,0.39,0.59,2025-07-03,58,N,VIIRS,n,2,292.75,1.56,N,0
38.26429,26.45781,316.17,0.39,0.59,2025-07-03,58,N,VIIRS,n,2,292.58,1.54,N,0
38.2647,26.43482,344.17,0.39,0.59,2025-07-03,58,N,VIIRS,n,2,294.67,3.53,N,0
38.26547,26.45352,306.94,0.39,0.59,2025-07-03,58,N,VIIRS,n,2,292.25,1.92,N,0
38.26772,26.44531,305.7,0.39,0.59,2025-07-03,58,N,VIIRS,n,2,292.49,0.68,N,0
38.28065,26.4411,354.92,0.39,0.59,2025-07-03,58,N,VIIRS,n,2,295.02,6.77,N,0
38.28111,26.48262,323.2,0.39,0.6,2025-07-03,58,N,VIIRS,n,2,291.87,5.09,N,0
38.2818,26.43688,310.93,0.39,0.59,2025-07-03,58,N,VIIRS,n,2,292.19,6.77,N,0
38.2822,26.47862,367.0,0.39,0.6,2025-07-03,58,N,VIIRS,h,2,295.95,10.23,N,0
38.28477,26.44755,341.21,0.39,0.59,2025-07-03,58,N,VIIRS,n,2,294.11,6.74,N,0
38.28594,26.44328,367.0,0.39,0.59,2025-07-03,58,N,VIIRS,h,2,297.43,6.77,N,0
38.29005,26.44978,367.0,0.39,0.59,2025-07-03,58,N,VIIRS,h,2,297.87,4.92,N,0
38.29122,26.44551,317.95,0.39,0.59,2025-07-03,58,N,VIIRS,n,2,292.8,10.65,N,0
38.29421,26.45613,317.12,0.39,0.59,2025-07-03,58,N,VIIRS,n,2,292.76,4.92,N,0
38.29539,26.4518,350.62,0.39,0.59,2025-07-03,58,N,VIIRS,n,2,295.59,4.92,N,0
38.30197,26.49264,331.11,0.39,0.6,2025-07-03,58,N,VIIRS,n,2,291.25,21.53,N,0
38.30304,26.4887,340.12,0.39,0.6,2025-07-03,58,N,VIIRS,n,2,292.19,21.55,N,0
38.30421,26.4844,305.02,0.39,0.6,2025-07-03,58,N,VIIRS,n,2,291.88,21.55,N,0
38.30721,26.49507,313.8,0.39,0.6,2025-07-03,58,N,VIIRS,n,2,301.82,21.53,N,0
38.30835,26.49084,367.0,0.39,0.6,2025-07-03,58,N,VIIRS,h,2,311.8,21.55,N,0
38.30955,26.48643,307.58,0.39,0.6,2025-07-03,58,N,VIIRS,n,2,293.19,21.55,N,0
38.31246,26.49743,335.6,0.39,0.6,2025-07-03,58,N,VIIRS,n,2,293.72,11.76,N,0
38.31362,26.49316,330.5,0.39,0.6,2025-07-03,58,N,VIIRS,n,2,295.12,3.21,N,0
38.31479,26.48883,306.66,0.39,0.6,2025-07-03,58,N,VIIRS,n,2,292.33,3.21,N,0
38.31656,26.50406,347.83,0.39,0.6,2025-07-03,58,N,VIIRS,n,2,296.27,11.76,N,0
38.31765,26.50006,367.0,0.39,0.6,2025-07-03,58,N,VIIRS,h,2,297.71,11.76,N,0
38.31876,26.49597,318.04,0.39,0.6,2025-07-03,58,N,VIIRS,n,2,293.3,3.21,N,0
38.3199,26.49174,301.8,0.39,0.6,2025-07-03,58,N,VIIRS,n,2,291.0,3.21,N,0
38.32185,26.50629,367.0,0.39,0.6,2025-07-03,58,N,VIIRS,h,2,296.02,3.66,N,0
38.32291,26.5024,305.59,0.39,0.6,2025-07-03,58,N,VIIRS,n,2,292.18,3.66,N,0
38.32399,26.4984,306.56,0.39,0.6,2025-07-03,58,N,VIIRS,n,2,290.77,0.99,N,0
38.32717,26.50842,329.69,0.39,0.6,2025-07-03,58,N,VIIRS,n,2,294.75,3.66,N,0
38.32915,26.45748,307.72,0.39,0.59,2025-07-03,58,N,VIIRS,n,2,292.01,1.1,N,0
38.3303,26.45321,305.69,0.39,0.59,2025-07-03,58,N,VIIRS,n,2,292.42,1.09,N,0
38.33204,26.46856,315.36,0.39,0.59,2025-07-03,58,N,VIIRS,n,2,292.72,1.32,N,0
38.33606,26.47549,305.14,0.39,0.59,2025-07-03,58,N,VIIRS,n,2,292.17,1.32,N,0
38.33719,26.47128,323.32,0.39,0.59,2025-07-03,58,N,VIIRS,n,2,293.22,1.32,N,0
38.33949,26.46272,334.85,0.39,0.59,2025-07-03,58,N,VIIRS,n,2,294.01,4.19,N,0
38.3399,26.50493,312.48,0.39,0.6,2025-07-03,58,N,VIIRS,n,2,291.97,1.19,N,0
38.34018,26.48203,303.92,0.39,0.59,2025-07-03,58,N,VIIRS,n,2,291.82,0.55,N,0
35.52599,44.34715,342.86,0.71,0.75,2025-07-03,857,N,VIIRS,n,2,310.05,7.16,D,2
35.52676,44.34701,340.41,0.71,0.75,2025-07-03,857,N,VIIRS,n,2,309.89,6.71,D,2
35.53096,44.33606,338.99,0.71,0.75,2025-07-03,857,N,VIIRS,n,2,308.46,6.71,D,2
35.62849,44.00907,367.0,0.73,0.76,2025-07-03,857,N,VIIRS,h,2,312.45,20.35,D,2
35.63072,44.0087,367.0,0.73,0.76,2025-07-03,857,N,VIIRS,h,2,311.97,14.66,D,2
35.66138,43.96735,349.0,0.74,0.76,2025-07-03,857,N,VIIRS,n,2,309.66,9.12,D,2
35.66373,43.96685,347.39,0.74,0.76,2025-07-03,857,N,VIIRS,n,2,310.15,9.32,D,2
35.68568,43.87362,354.32,0.74,0.76,2025-07-03,857,N,VIIRS,n,2,310.77,24.0,D,2
35.68821,43.88161,367.0,0.74,0.76,2025-07-03,857,N,VIIRS,h,2,309.61,24.0,D,2
35.72271,44.03997,340.88,0.73,0.76,2025-07-03,857,N,VIIRS,n,2,310.38,13.93,D,2
35.93229,43.99129,350.67,0.72,0.76,2025-07-03,857,N,VIIRS,n,2,311.2,6.83,D,0
36.77431,43.32976,341.46,0.74,0.76,2025-07-03,857,N,VIIRS,n,2,307.62,4.53,D,2
36.77938,43.32907,342.36,0.74,0.76,2025-07-03,857,N,VIIRS,n,2,306.81,8.31,D,2
36.97813,43.68724,333.79,0.7,0.75,2025-07-03,857,N,VIIRS,n,2,298.7,4.92,D,0
36.9809,43.696,331.58,0.7,0.75,2025-07-03,857,N,VIIRS,n,2,299.78,4.92,D,0
37.07551,42.56067,347.08,0.79,0.78,2025-07-03,858,N,VIIRS,n,2,312.47,15.17,D,2
37.07645,42.55943,349.18,0.79,0.78,2025-07-03,858,N,VIIRS,n,2,312.05,15.36,D,2
37.39542,42.40566,343.62,0.79,0.78,2025-07-03,858,N,VIIRS,n,2,305.3,9.87,D,0
35.85192,36.0556,350.11,0.38,0.36,2025-07-03,1038,N,VIIRS,n,2,316.76,4.58,D,0
35.97456,37.057,345.58,0.39,0.36,2025-07-03,1038,N,VIIRS,n,2,318.56,4.83,D,0
36.67202,43.60669,348.82,0.48,0.48,2025-07-03,1038,N,VIIRS,n,2,317.47,16.25,D,0
36.76359,39.08569,348.22,0.45,0.39,2025-07-03,1038,N,VIIRS,n,2,318.54,11.95,D,0
36.78477,37.59946,351.66,0.4,0.37,2025-07-03,1038,N,VIIRS,n,2,322.2,8.85,D,0
36.86968,43.49117,338.77,0.48,0.48,2025-07-03,1038,N,VIIRS,n,2,311.38,4.05,D,2
36.89128,43.42964,338.42,0.48,0.48,2025-07-03,1038,N,VIIRS,n,2,311.2,3.51,D,2
36.95179,43.68771,341.54,0.49,0.49,2025-07-03,1038,N,VIIRS,n,2,305.22,2.94,D,0
36.95636,43.68789,345.62,0.49,0.49,2025-07-03,1038,N,VIIRS,n,2,305.96,6.83,D,0
36.9741,43.68168,338.25,0.49,0.49,2025-07-03,1038,N,VIIRS,n,2,307.14,6.84,D,0
36.97502,43.69266,341.48,0.49,0.49,2025-07-03,1038,N,VIIRS,n,2,307.24,6.59,D,0
36.97549,43.69828,343.16,0.49,0.49,2025-07-03,1038,N,VIIRS,n,2,308.28,6.59,D,0
36.97902,43.68593,352.29,0.49,0.49,2025-07-03,1038,N,VIIRS,n,2,311.6,6.84,D,0
36.97948,43.69144,343.45,0.49,0.49,2025-07-03,1038,N,VIIRS,n,2,305.37,6.59,D,0
36.97995,43.697,341.95,0.49,0.49,2025-07-03,1038,N,VIIRS,n,2,306.42,6.59,D,0
36.98347,43.68456,339.71,0.49,0.49,2025-07-03,1038,N,VIIRS,n,2,305.75,4.37,D,0
36.98439,43.69554,343.05,0.49,0.49,2025-07-03,1038,N,VIIRS,n,2,305.94,7.46,D,0
37.39142,42.40053,343.61,0.43,0.46,2025-07-03,1038,N,VIIRS,n,2,315.26,30.53,D,0
37.39189,42.40551,345.47,0.43,0.46,2025-07-03,1038,N,VIIRS,n,2,316.79,30.53,D,0
37.39604,42.40411,367.0,0.43,0.46,2025-07-03,1038,N,VIIRS,h,2,347.26,30.53,D,0
37.39651,42.40924,344.28,0.43,0.46,2025-07-03,1038,N,VIIRS,n,2,312.71,19.21,D,0
37.40018,42.40269,367.0,0.43,0.46,2025-07-03,1038,N,VIIRS,h,2,354.84,154.88,D,0
37.40066,42.40777,345.84,0.43,0.46,2025-07-03,1038,N,VIIRS,n,2,320.66,50.6,D,0
38.13654,38.42597,335.11,0.44,0.38,2025-07-03,1038,N,VIIRS,n,2,305.03,3.36,D,0
38.46273,42.79017,355.65,0.46,0.47,2025-07-03,1038,N,VIIRS,n,2,311.28,20.36,D,3
37.85694,28.3749,343.34,0.41,0.45,2025-07-03,1039,N,VIIRS,n,2,308.03,5.52,D,0
37.92226,27.37825,343.73,0.46,0.47,2025-07-03,1039,N,VIIRS,n,2,316.8,49.99,D,0
37.9253,27.37137,343.93,0.46,0.47,2025-07-03,1039,N,VIIRS,n,2,312.16,13.9,D,0
37.92643,27.37647,343.16,0.46,0.47,2025-07-03,1039,N,VIIRS,n,2,310.26,13.9,D,0
38.21338,26.44509,354.96,0.5,0.49,2025-07-03,1039,N,VIIRS,n,2,312.33,69.75,D,0
38.21913,26.4493,356.25,0.5,0.49,2025-07-03,1039,N,VIIRS,n,2,309.4,100.4,D,0
38.22188,26.39937,354.85,0.5,0.49,2025-07-03,1039,N,VIIRS,n,2,317.0,54.44,D,0
38.22622,26.4593,348.16,0.5,0.49,2025-07-03,1039,N,VIIRS,n,2,319.19,54.62,D,0
38.22631,26.39785,342.88,0.5,0.49,2025-07-03,1039,N,VIIRS,n,2,308.75,54.44,D,0
38.22752,26.46494,348.68,0.5,0.49,2025-07-03,1039,N,VIIRS,n,2,315.88,54.62,D,0
38.22892,26.40912,346.37,0.5,0.49,2025-07-03,1039,N,VIIRS,n,2,315.5,28.05,D,0
38.23059,26.45759,356.13,0.5,0.49,2025-07-03,1039,N,VIIRS,n,2,313.72,54.62,D,0
38.23188,26.46316,367.0,0.5,0.49,2025-07-03,1039,N,VIIRS,h,2,333.28,54.62,D,0
38.23201,26.40183,343.04,0.5,0.49,2025-07-03,1039,N,VIIRS,n,2,307.61,12.86,D,0
38.23329,26.40738,367.0,0.5,0.49,2025-07-03,1039,N,VIIRS,h,2,317.48,34.01,D,0
38.23367,26.45033,352.53,0.5,0.49,2025-07-03,1039,N,VIIRS,n,2,307.99,16.19,D,0
38.23592,26.41876,346.02,0.5,0.49,2025-07-03,1039,N,VIIRS,n,2,313.86,15.16,D,0
38.23624,26.46142,354.91,0.5,0.49,2025-07-03,1039,N,VIIRS,n,2,312.61,446.45,D,0
38.23885,26.4727,351.0,0.5,0.49,2025-07-03,1039,N,VIIRS,n,2,324.94,89.4,D,0
38.23904,26.41158,367.0,0.5,0.49,2025-07-03,1039,N,VIIRS,h,2,309.97,34.01,D,0
38.24036,26.41733,348.71,0.5,0.49,2025-07-03,1039,N,VIIRS,n,2,311.69,15.16,D,0
38.24064,26.45986,367.0,0.5,0.49,2025-07-03,1039,N,VIIRS,h,2,367.9,446.45,D,0
38.24194,26.4655,367.0,0.5,0.49,2025-07-03,1039,N,VIIRS,h,2,314.41,89.4,D,0
38.24328,26.47129,353.52,0.5,0.49,2025-07-03,1039,N,VIIRS,n,2,322.38,89.4,D,0
38.24382,26.453,352.48,0.5,0.49,2025-07-03,1039,N,VIIRS,n,2,313.82,267.93,D,0
38.24458,26.47689,344.31,0.5,0.49,2025-07-03,1039,N,VIIRS,n,2,313.23,22.6,D,0
38.24638,26.46411,367.0,0.5,0.49,2025-07-03,1039,N,VIIRS,h,2,348.8,163.51,D,0
38.24902,26.47557,348.59,0.5,0.49,2025-07-03,1039,N,VIIRS,n,2,322.28,24.52,D,0
38.24953,26.45711,367.0,0.5,0.49,2025-07-03,1039,N,VIIRS,h,2,332.05,267.93,D,0
38.25082,26.46271,367.0,0.5,0.49,2025-07-03,1039,N,VIIRS,h,2,333.33,163.51,D,0
38.25215,26.46848,367.0,0.5,0.49,2025-07-03,1039,N,VIIRS,h,2,325.38,163.51,D,0
38.25348,26.47426,356.43,0.5,0.49,2025-07-03,1039,N,VIIRS,n,2,318.51,24.52,D,0
38.25481,26.48005,367.0,0.5,0.49,2025-07-03,1039,N,VIIRS,h,2,316.23,24.52,D,0
38.25523,26.46118,367.0,0.5,0.49,2025-07-03,1039,N,VIIRS,h,2,323.38,63.74,D,0
38.25655,26.46693,367.0,0.5,0.49,2025-07-03,1039,N,VIIRS,h,2,340.22,63.74,D,0
38.25789,26.47276,354.48,0.5,0.49,2025-07-03,1039,N,VIIRS,n,2,323.26,58.54,D,0
38.25922,26.47853,354.83,0.5,0.49,2025-07-03,1039,N,VIIRS,n,2,314.01,58.54,D,0
38.26051,26.48417,367.0,0.5,0.49,2025-07-03,1039,N,VIIRS,h,2,317.32,42.88,D,0
38.26139,26.46231,349.84,0.5,0.49,2025-07-03,1039,N,VIIRS,n,2,319.02,49.67,D,0
38.26227,26.47112,367.0,0.5,0.49,2025-07-03,1039,N,VIIRS,h,2,323.75,58.54,D,0
38.26281,26.46827,367.0,0.5,0.49,2025-07-03,1039,N,VIIRS,h,2,335.53,49.67,D,0
38.26396,26.45774,348.91,0.5,0.49,2025-07-03,1039,N,VIIRS,n,2,314.88,23.54,D,0
38.26416,26.47402,348.31,0.5,0.49,2025-07-03,1039,N,VIIRS,n,2,314.21,26.96,D,0
38.2657,26.44455,355.07,0.5,0.49,2025-07-03,1039,N,VIIRS,n,2,319.38,43.66,D,0
38.26611,26.44188,354.59,0.5,0.49,2025-07-03,1039,N,VIIRS,n,2,316.04,39.71,D,0
38.26613,26.48793,352.26,0.5,0.49,2025-07-03,1039,N,VIIRS,n,2,326.2,42.88,D,0
38.26661,26.4693,357.27,0.5,0.49,2025-07-03,1039,N,VIIRS,n,2,319.74,30.23,D,0
38.26716,26.46654,356.8,0.5,0.49,2025-07-03,1039,N,VIIRS,n,2,316.36,49.67,D,0
38.26744,26.43136,354.8,0.5,0.49,2025-07-03,1039,N,VIIRS,n,2,322.83,140.24,D,0
38.26748,26.44767,351.34,0.5,0.49,2025-07-03,1039,N,VIIRS,n,2,314.39,13.76,D,0
38.26779,26.42874,367.0,0.5,0.49,2025-07-03,1039,N,VIIRS,h,2,334.25,147.3,D,0
38.2679,26.47494,352.8,0.5,0.49,2025-07-03,1039,N,VIIRS,n,2,314.3,30.23,D,0
38.26848,26.47214,354.8,0.5,0.49,2025-07-03,1039,N,VIIRS,n,2,314.77,26.96,D,0
38.26913,26.43442,344.13,0.5,0.49,2025-07-03,1039,N,VIIRS,n,2,313.68,39.71,D,0
38.26964,27.89192,367.0,0.42,0.45,2025-07-03,1039,N,VIIRS,h,2,355.67,182.19,D,0
38.2697,26.46202,349.88,0.5,0.49,2025-07-03,1039,N,VIIRS,n,2,316.39,23.54,D,0
38.27023,26.45931,354.96,0.5,0.49,2025-07-03,1039,N,VIIRS,n,2,315.86,11.21,D,0
38.27044,26.48603,356.78,0.5,0.49,2025-07-03,1039,N,VIIRS,n,2,316.06,59.17,D,0
38.27071,27.89675,346.95,0.42,0.45,2025-07-03,1039,N,VIIRS,n,2,308.37,72.47,D,0
38.2711,26.48326,352.76,0.5,0.49,2025-07-03,1039,N,VIIRS,n,2,314.73,52.98,D,0
38.27142,26.44876,348.99,0.5,0.49,2025-07-03,1039,N,VIIRS,n,2,313.99,12.0,D,0
38.27156,26.465,345.63,0.5,0.49,2025-07-03,1039,N,VIIRS,n,2,314.21,11.21,D,0
38.27182,26.42967,367.0,0.5,0.49,2025-07-03,1039,N,VIIRS,h,2,344.55,140.24,D,0
38.27323,26.45184,346.82,0.5,0.49,2025-07-03,1039,N,VIIRS,n,2,312.15,13.76,D,0
38.27369,27.89034,355.62,0.42,0.45,2025-07-03,1039,N,VIIRS,n,2,311.85,8.49,D,0
38.27659,26.42557,343.4,0.5,0.49,2025-07-03,1039,N,VIIRS,n,2,311.84,82.32,D,0
38.27699,26.48804,353.73,0.5,0.49,2025-07-03,1039,N,VIIRS,n,2,328.01,36.91,D,0
38.27792,26.43124,367.0,0.5,0.49,2025-07-03,1039,N,VIIRS,h,2,318.37,77.03,D,0
38.2809,27.90307,342.31,0.42,0.45,2025-07-03,1039,N,VIIRS,n,2,305.04,5.07,D,0
38.28146,26.48679,355.46,0.5,0.49,2025-07-03,1039,N,VIIRS,n,2,313.47,36.91,D,0
38.28236,26.42982,342.88,0.5,0.49,2025-07-03,1039,N,VIIRS,n,2,313.24,22.42,D,0
38.2837,26.4355,356.65,0.5,0.49,2025-07-03,1039,N,VIIRS,n,2,320.02,22.42,D,0
38.28489,27.90125,355.79,0.42,0.45,2025-07-03,1039,N,VIIRS,n,2,309.65,30.88,D,0
38.28504,26.44122,342.59,0.5,0.49,2025-07-03,1039,N,VIIRS,n,2,312.16,11.61,D,0
38.28589,27.90575,354.63,0.42,0.45,2025-07-03,1039,N,VIIRS,n,2,317.33,30.88,D,0
38.28687,27.91023,356.78,0.42,0.45,2025-07-03,1039,N,VIIRS,n,2,314.61,98.19,D,0
38.2887,26.47711,367.0,0.5,0.49,2025-07-03,1039,N,VIIRS,h,2,313.51,18.68,D,0
38.29006,27.90474,349.26,0.42,0.45,2025-07-03,1039,N,VIIRS,n,2,311.9,30.88,D,0
38.29013,26.48319,355.47,0.5,0.49,2025-07-03,1039,N,VIIRS,n,2,313.85,18.68,D,0
38.29031,27.88586,341.74,0.42,0.45,2025-07-03,1039,N,VIIRS,n,2,310.68,7.04,D,0
38.29124,27.8901,345.34,0.42,0.45,2025-07-03,1039,N,VIIRS,n,2,315.29,10.11,D,0
38.29515,26.44366,356.19,0.5,0.49,2025-07-03,1039,N,VIIRS,n,2,311.29,16.71,D,0
38.29542,27.90911,343.65,0.42,0.45,2025-07-03,1039,N,VIIRS,n,2,312.07,16.48,D,0
38.29604,26.4678,350.45,0.5,0.49,2025-07-03,1039,N,VIIRS,n,2,316.86,26.61,D,0
38.29641,27.91362,342.22,0.42,0.45,2025-07-03,1039,N,VIIRS,n,2,306.28,16.48,D,0
38.2965,26.44945,341.88,0.5,0.49,2025-07-03,1039,N,VIIRS,n,2,308.97,7.92,D,0
38.29871,26.47924,355.34,0.5,0.49,2025-07-03,1039,N,VIIRS,n,2,315.14,18.44,D,0
38.30206,27.87927,340.75,0.42,0.45,2025-07-03,1039,N,VIIRS,n,2,307.2,5.67,D,0
38.30309,27.88398,353.09,0.42,0.45,2025-07-03,1039,N,VIIRS,n,2,312.89,5.67,D,0
38.3057,26.48879,348.62,0.5,0.49,2025-07-03,1039,N,VIIRS,n,2,311.56,7.67,D,0
38.30736,27.8834,335.71,0.42,0.45,2025-07-03,1039,N,VIIRS,n,2,310.48,40.47,D,0
38.30846,27.8884,367.0,0.42,0.45,2025-07-03,1039,N,VIIRS,h,2,341.58,49.88,D,0
38.30944,27.89291,351.06,0.42,0.45,2025-07-03,1039,N,VIIRS,n,2,317.68,49.88,D,0
38.31036,27.89711,346.61,0.42,0.45,2025-07-03,1039,N,VIIRS,n,2,317.34,46.46,D,0
38.31125,27.90116,356.46,0.42,0.45,2025-07-03,1039,N,VIIRS,n,2,319.65,46.46,D,0
38.31279,27.88812,347.13,0.42,0.45,2025-07-03,1039,N,VIIRS,n,2,303.2,49.88,D,0
38.34223,26.46194,347.76,0.5,0.49,2025-07-03,1039,N,VIIRS,n,2,306.71,6.15,D,0
38.37277,26.51216,351.53,0.49,0.49,2025-07-03,1039,N,VIIRS,n,2,319.39,45.81,D,0
38.82834,26.92929,354.38,0.46,0.47,2025-07-03,1039,N,VIIRS,n,2,306.58,14.75,D,0
38.82842,26.93232,343.56,0.46,0.47,2025-07-03,1039,N,VIIRS,n,2,313.03,11.1,D,0
40.87581,30.37066,332.71,0.45,0.39,2025-07-03,1039,N,VIIRS,n,2,306.88,2.96,D,0
41.24201,36.46239,336.7,0.41,0.37,2025-07-03,1039,N,VIIRS,n,2,306.13,3.04,D,2
41.24266,36.46727,334.38,0.41,0.37,2025-07-03,1039,N,VIIRS,n,2,306.42,3.04,D,2
41.64805,27.42301,346.58,0.57,0.43,2025-07-03,1040,N,VIIRS,n,2,308.04,10.8,D,0
38.19894,26.47103,367.0,0.7,0.75,2025-07-03,1219,N,VIIRS,h,2,305.94,242.04,D,0
38.20289,26.46922,367.0,0.7,0.75,2025-07-03,1219,N,VIIRS,h,2,332.55,233.54,D,0
38.20296,26.47676,349.42,0.7,0.75,2025-07-03,1219,N,VIIRS,n,2,301.27,233.54,D,0
38.20536,26.43096,367.0,0.7,0.75,2025-07-03,1219,N,VIIRS,h,2,304.25,36.73,D,3
38.20574,26.4555,367.0,0.7,0.75,2025-07-03,1219,N,VIIRS,h,2,316.71,206.26,D,0
38.20598,26.47066,367.0,0.7,0.75,2025-07-03,1219,N,VIIRS,h,2,321.02,242.04,D,0
38.20609,26.47828,350.66,0.7,0.75,2025-07-03,1219,N,VIIRS,n,2,301.29,84.19,D,0
38.20623,26.48732,334.94,0.7,0.75,2025-07-03,1219,N,VIIRS,n,2,301.99,84.19,D,0
38.20637,26.49658,334.87,0.7,0.75,2025-07-03,1219,N,VIIRS,n,2,301.66,11.28,D,0
38.20647,26.50284,336.4,0.7,0.75,2025-07-03,1219,N,VIIRS,n,2,299.31,11.28,D,0
38.20976,26.45336,367.0,0.7,0.75,2025-07-03,1219,N,VIIRS,h,2,312.74,317.84,D,0
38.21001,26.4775,367.0,0.7,0.75,2025-07-03,1219,N,VIIRS,h,2,302.42,233.54,D,0
38.21277,26.45457,367.0,0.7,0.75,2025-07-03,1219,N,VIIRS,h,2,313.49,24.16,D,0
38.21289,26.46232,352.1,0.7,0.75,2025-07-03,1219,N,VIIRS,n,2,315.14,121.14,D,0
38.21303,26.47116,367.0,0.7,0.75,2025-07-03,1219,N,VIIRS,h,2,327.79,121.14,D,0
38.21316,26.47941,367.0,0.7,0.75,2025-07-03,1219,N,VIIRS,h,2,306.94,252.87,D,0
38.21327,26.48676,342.87,0.7,0.75,2025-07-03,1219,N,VIIRS,n,2,303.63,252.87,D,0
38.21342,26.49665,343.93,0.7,0.75,2025-07-03,1219,N,VIIRS,n,2,302.3,26.37,D,0
38.21353,26.50347,345.39,0.7,0.75,2025-07-03,1219,N,VIIRS,n,2,300.44,26.37,D,0
38.21362,26.50947,333.77,0.7,0.75,2025-07-03,1219,N,VIIRS,n,2,299.23,12.56,D,0
38.2168,26.45289,344.45,0.7,0.75,2025-07-03,1219,N,VIIRS,n,2,311.01,29.78,D,0
38.21688,26.46048,356.44,0.7,0.75,2025-07-03,1219,N,VIIRS,n,2,314.12,29.78,D,0
38.21714,26.48493,367.0,0.7,0.75,2025-07-03,1219,N,VIIRS,h,2,305.27,290.09,D,0
38.21724,26.4946,352.0,0.7,0.75,2025-07-03,1219,N,VIIRS,n,2,303.58,290.09,D,0
38.21733,26.50235,355.12,0.7,0.75,2025-07-03,1219,N,VIIRS,n,2,302.43,29.15,D,0
38.2198,26.45432,347.32,0.7,0.75,2025-07-03,1219,N,VIIRS,n,2,312.56,24.16,D,0
38.21992,26.46185,367.0,0.7,0.75,2025-07-03,1219,N,VIIRS,h,2,314.51,121.14,D,0
38.22031,26.48604,367.0,0.7,0.75,2025-07-03,1219,N,VIIRS,h,2,312.8,252.87,D,0
38.22047,26.49594,367.0,0.7,0.75,2025-07-03,1219,N,VIIRS,h,2,304.43,26.37,D,0
38.22059,26.50368,367.0,0.7,0.75,2025-07-03,1219,N,VIIRS,h,2,302.43,26.37,D,0
38.22067,26.50934,337.05,0.7,0.75,2025-07-03,1219,N,VIIRS,n,2,300.87,12.56,D,0
38.22327,26.40296,367.0,0.69,0.75,2025-07-03,1219,N,VIIRS,h,2,309.61,24.5,D,0
38.22392,26.46033,348.35,0.7,0.75,2025-07-03,1219,N,VIIRS,n,2,310.24,29.78,D,0
38.22401,26.46853,355.43,0.7,0.75,2025-07-03,1219,N,VIIRS,n,2,313.91,291.05,D,0
38.22428,26.49284,367.0,0.7,0.75,2025-07-03,1219,N,VIIRS,h,2,305.85,290.09,D,0
38.22438,26.50228,367.0,0.7,0.75,2025-07-03,1219,N,VIIRS,h,2,303.67,29.15,D,0
38.22587,26.39671,342.89,0.69,0.74,2025-07-03,1219,N,VIIRS,n,2,302.55,16.5,D,0
38.22601,26.40466,367.0,0.69,0.75,2025-07-03,1219,N,VIIRS,h,2,310.21,16.5,D,0
38.22683,26.45413,336.41,0.7,0.75,2025-07-03,1219,N,VIIRS,n,2,308.28,45.36,D,0
38.22696,26.46203,344.89,0.7,0.75,2025-07-03,1219,N,VIIRS,n,2,307.06,93.07,D,0
38.2271,26.47033,347.83,0.7,0.75,2025-07-03,1219,N,VIIRS,n,2,311.21,93.07,D,0
38.22748,26.49405,367.0,0.7,0.75,2025-07-03,1219,N,VIIRS,h,2,305.99,198.21,D,0
38.22765,26.50397,352.91,0.7,0.75,2025-07-03,1219,N,VIIRS,n,2,304.03,198.21,D,0
38.23029,26.40288,367.0,0.69,0.75,2025-07-03,1219,N,VIIRS,h,2,306.98,20.36,D,0
38.23106,26.46893,367.0,0.7,0.75,2025-07-03,1219,N,VIIRS,h,2,310.44,244.51,D,0
38.23132,26.49159,367.0,0.7,0.75,2025-07-03,1219,N,VIIRS,h,2,307.11,569.41,D,0
38.23144,26.50236,351.74,0.7,0.75,2025-07-03,1219,N,VIIRS,n,2,304.09,61.78,D,0
38.23304,26.40498,367.0,0.69,0.75,2025-07-03,1219,N,VIIRS,h,2,305.18,16.5,D,0
38.23318,26.41309,340.26,0.69,0.75,2025-07-03,1219,N,VIIRS,n,2,307.41,38.86,D,0
38.23402,26.46257,338.07,0.7,0.75,2025-07-03,1219,N,VIIRS,n,2,308.76,93.07,D,0
38.23415,26.47089,367.0,0.7,0.75,2025-07-03,1219,N,VIIRS,h,2,312.51,93.07,D,0
38.23453,26.49386,367.0,0.7,0.75,2025-07-03,1219,N,VIIRS,h,2,305.18,198.21,D,0
38.2347,26.50394,343.75,0.7,0.75,2025-07-03,1219,N,VIIRS,n,2,304.49,198.21,D,0
38.23741,26.41113,353.05,0.7,0.75,2025-07-03,1219,N,VIIRS,n,2,305.73,20.36,D,0
38.23751,26.4192,347.0,0.7,0.75,2025-07-03,1219,N,VIIRS,n,2,307.67,23.62,D,0
38.23811,26.4693,343.47,0.7,0.75,2025-07-03,1219,N,VIIRS,n,2,308.32,244.51,D,0
38.23838,26.49258,367.0,0.7,0.75,2025-07-03,1219,N,VIIRS,h,2,306.47,569.41,D,0
38.24453,26.41847,367.0,0.7,0.75,2025-07-03,1219,N,VIIRS,h,2,308.68,19.52,D,0
38.24524,26.47649,367.0,0.7,0.75,2025-07-03,1219,N,VIIRS,h,2,315.08,42.2,D,0
38.24534,26.48516,367.0,0.7,0.75,2025-07-03,1219,N,VIIRS,h,2,314.07,18.43,D,0
38.24545,26.49395,342.95,0.7,0.75,2025-07-03,1219,N,VIIRS,n,2,305.63,18.43,D,0
38.25154,26.41757,351.09,0.7,0.75,2025-07-03,1219,N,VIIRS,n,2,305.18,19.52,D,0
38.25166,26.427,367.0,0.7,0.75,2025-07-03,1219,N,VIIRS,h,2,310.45,19.52,D,0
38.25237,26.48331,354.7,0.7,0.75,2025-07-03,1219,N,VIIRS,n,2,307.79,18.43,D,0
38.25248,26.4922,354.79,0.7,0.75,2025-07-03,1219,N,VIIRS,n,2,307.04,18.43,D,0
38.2587,26.427,367.0,0.7,0.75,2025-07-03,1219,N,VIIRS,h,2,311.72,23.37,D,0
38.25951,26.49078,356.2,0.7,0.75,2025-07-03,1219,N,VIIRS,n,2,310.38,30.83,D,0
38.25962,26.4995,367.0,0.7,0.75,2025-07-03,1219,N,VIIRS,h,2,312.04,37.75,D,0
38.26574,26.4274,367.0,0.7,0.75,2025-07-03,1219,N,VIIRS,h,2,309.75,23.37,D,0
38.26595,26.44341,367.0,0.7,0.75,2025-07-03,1219,N,VIIRS,h,2,311.95,44.0,D,0
38.26656,26.49101,367.0,0.7,0.75,2025-07-03,1219,N,VIIRS,h,2,309.85,30.83,D,0
38.26667,26.49921,367.0,0.7,0.75,2025-07-03,1219,N,VIIRS,h,2,305.79,37.75,D,0
38.27287,26.43542,343.59,0.7,0.75,2025-07-03,1219,N,VIIRS,n,2,310.44,17.91,D,0
38.27298,26.44322,367.0,0.7,0.75,2025-07-03,1219,N,VIIRS,h,2,310.69,17.91,D,0
38.27362,26.4907,344.02,0.7,0.75,2025-07-03,1219,N,VIIRS,n,2,307.38,20.49,D,0
38.27761,26.43177,355.3,0.7,0.75,2025-07-03,1219,N,VIIRS,n,2,309.3,10.48,D,0
38.27768,26.43961,342.03,0.7,0.75,2025-07-03,1219,N,VIIRS,n,2,307.88,10.48,D,0
38.27808,26.48591,342.65,0.7,0.75,2025-07-03,1219,N,VIIRS,n,2,310.18,11.64,D,0
38.27814,26.49379,367.0,0.7,0.75,2025-07-03,1219,N,VIIRS,h,2,309.59,32.78,D,0
38.2799,26.43492,367.0,0.7,0.75,2025-07-03,1219,N,VIIRS,h,2,311.17,17.91,D,0
38.28064,26.48861,356.93,0.7,0.75,2025-07-03,1219,N,VIIRS,n,2,311.69,20.49,D,0
38.28074,26.49628,367.0,0.7,0.75,2025-07-03,1219,N,VIIRS,h,2,309.34,42.33,D,0
38.28464,26.43109,367.0,0.7,0.75,2025-07-03,1219,N,VIIRS,h,2,307.64,10.48,D,0
38.28472,26.43919,352.93,0.7,0.75,2025-07-03,1219,N,VIIRS,n,2,307.89,10.48,D,0
38.28512,26.48498,335.84,0.7,0.75,2025-07-03,1219,N,VIIRS,n,2,309.73,11.64,D,0
38.28518,26.49189,367.0,0.7,0.75,2025-07-03,1219,N,VIIRS,h,2,310.35,32.78,D,0
38.28693,26.43441,367.0,0.7,0.75,2025-07-03,1219,N,VIIRS,h,2,306.95,22.42,D,0
38.28768,26.48774,350.0,0.7,0.75,2025-07-03,1219,N,VIIRS,n,2,308.44,22.59,D,0
38.28777,26.49465,342.16,0.7,0.75,2025-07-03,1219,N,VIIRS,n,2,303.4,13.14,D,0
38.29182,26.44699,343.76,0.7,0.75,2025-07-03,1219,N,VIIRS,n,2,309.16,7.7,D,0
38.29419,26.45031,341.38,0.7,0.75,2025-07-03,1219,N,VIIRS,n,2,306.68,12.91,D,0
38.29917,26.47915,345.77,0.7,0.75,2025-07-03,1219,N,VIIRS,n,2,309.85,13.8,D,0
38.30171,26.48265,342.9,0.7,0.75,2025-07-03,1219,N,VIIRS,n,2,309.1,11.3,D,0
38.3413,26.46426,346.77,0.7,0.75,2025-07-03,1219,N,VIIRS,n,2,302.6,9.62,D,0
38.34139,26.47233,343.81,0.7,0.75,2025-07-03,1219,N,VIIRS,n,2,305.68,9.62,D,0
38.79405,27.29965,367.0,0.78,0.78,2025-07-03,1220,N,VIIRS,h,2,304.58,15.71,D,0
38.79449,27.2925,332.81,0.78,0.78,2025-07-03,1220,N,VIIRS,n,2,301.78,10.6,D,0
38.79453,27.30116,367.0,0.78,0.78,2025-07-03,1220,N,VIIRS,h,2,304.02,10.6,D,0
38.80138,27.30039,345.34,0.78,0.78,2025-07-03,1220,N,VIIRS,n,2,303.17,15.71,D,0
38.80186,27.30197,334.46,0.78,0.78,2025-07-03,1220,N,VIIRS,n,2,302.8,10.6,D,0
42.38631,25.90379,344.39,0.68,0.74,2025-07-03,1221,N,VIIRS,n,2,299.18,5.37,D,0
42.38786,25.90719,367.0,0.68,0.74,2025-07-03,1221,N,VIIRS,h,2,300.63,9.26,D,0
40.94645,31.39614,298.92,0.45,0.63,2025-07-03,2257,N,VIIRS,n,2,285.49,0.43,N,2
41.17733,32.63572,310.83,0.39,0.59,2025-07-03,2257,N,VIIRS,n,2,287.98,1.48,N,2
41.25283,31.41422,298.37,0.45,0.63,2025-07-03,2257,N,VIIRS,n,2,287.46,0.79,N,2
41.26417,31.42566,302.52,0.45,0.63,2025-07-03,2257,N,VIIRS,n,2,289.31,1.89,N,2
41.63881,32.30597,296.75,0.4,0.6,2025-07-03,2257,N,VIIRS,n,2,285.98,0.34,N,0
35.52631,44.34578,333.3,0.39,0.36,2025-07-03,2258,N,VIIRS,n,2,297.07,3.87,N,2
35.52702,44.34153,335.78,0.39,0.36,2025-07-03,2258,N,VIIRS,n,2,296.24,3.35,N,2
35.53033,44.34235,309.71,0.39,0.36,2025-07-03,2258,N,VIIRS,n,2,293.89,3.35,N,2
35.53104,44.33809,332.24,0.39,0.36,2025-07-03,2258,N,VIIRS,n,2,299.98,3.35,N,2
35.53435,44.33891,331.79,0.39,0.36,2025-07-03,2258,N,VIIRS,n,2,295.47,2.19,N,2
35.56412,44.28422,311.88,0.39,0.36,2025-07-03,2258,N,VIIRS,n,2,293.56,0.67,N,2
35.58369,44.24921,305.81,0.39,0.36,2025-07-03,2258,N,VIIRS,n,2,293.34,0.4,N,0
35.62677,44.0082,338.81,0.39,0.36,2025-07-03,2258,N,VIIRS,n,2,297.54,7.49,N,2
35.63007,44.00901,348.23,0.39,0.36,2025-07-03,2258,N,VIIRS,n,2,315.27,28.65,N,2
35.66031,43.9663,330.85,0.39,0.36,2025-07-03,2258,N,VIIRS,n,2,298.9,5.55,N,2
35.661,43.96207,314.7,0.39,0.36,2025-07-03,2258,N,VIIRS,n,2,295.41,5.55,N,2
35.66361,43.96711,328.28,0.39,0.36,2025-07-03,2258,N,VIIRS,n,2,300.83,3.89,N,2
35.6643,43.96287,318.04,0.39,0.36,2025-07-03,2258,N,VIIRS,n,2,295.53,3.89,N,2
35.678,44.06762,314.26,0.39,0.36,2025-07-03,2258,N,VIIRS,n,2,296.99,1.51,N,2
35.6787,44.06339,312.39,0.39,0.36,2025-07-03,2258,N,VIIRS,n,2,298.06,1.51,N,2
35.68209,43.87487,308.65,0.39,0.36,2025-07-03,2258,N,VIIRS,n,2,293.55,1.27,N,2
35.6847,43.87989,313.45,0.39,0.36,2025-07-03,2258,N,VIIRS,n,2,295.39,4.12,N,2
35.68538,43.87567,328.94,0.39,0.36,2025-07-03,2258,N,VIIRS,n,2,316.54,32.82,N,2
35.719,43.77398,312.17,0.39,0.36,2025-07-03,2258,N,VIIRS,n,2,300.29,1.29,N,2
35.72385,44.03914,331.15,0.39,0.36,2025-07-03,2258,N,VIIRS,n,2,299.55,4.45,N,2
35.72715,44.03994,311.31,0.39,0.36,2025-07-03,2258,N,VIIRS,n,2,296.32,0.76,N,2
35.72853,44.03147,330.51,0.39,0.36,2025-07-03,2258,N,VIIRS,n,2,296.27,2.8,N,2
35.7709,43.99582,329.65,0.39,0.36,2025-07-03,2258,N,VIIRS,n,2,295.75,2.35,N,2
35.7742,43.99662,317.27,0.39,0.36,2025-07-03,2258,N,VIIRS,n,2,295.17,0.9,N,2
35.78843,43.25188,315.54,0.38,0.36,2025-07-03,2258,N,VIIRS,n,2,297.04,1.53,N,0
35.81478,43.25811,308.95,0.38,0.36,2025-07-03,2258,N,VIIRS,n,2,295.88,1.39,N,2
35.96863,43.76506,310.13,0.38,0.36,2025-07-03,2258,N,VIIRS,n,2,298.48,3.14,N,2
35.9818,43.76828,331.58,0.38,0.36,2025-07-03,2258,N,VIIRS,n,2,300.54,2.62,N,2
35.997,43.75879,320.69,0.38,0.36,2025-07-03,2258,N,VIIRS,n,2,298.08,2.46,N,2
36.00785,43.91876,315.83,0.39,0.36,2025-07-03,2258,N,VIIRS,n,2,298.03,1.74,N,0
36.01647,43.67995,303.59,0.38,0.36,2025-07-03,2258,N,VIIRS,n,2,292.44,1.03,N,2
36.01976,43.68075,326.61,0.38,0.36,2025-07-03,2258,N,VIIRS,n,2,295.69,1.03,N,2
36.09309,43.77217,300.6,0.38,0.36,2025-07-03,2258,N,VIIRS,n,2,289.94,0.49,N,0
36.09638,43.77298,327.43,0.38,0.36,2025-07-03,2258,N,VIIRS,n,2,291.58,1.84,N,0
36.12516,43.78258,313.89,0.38,0.36,2025-07-03,2258,N,VIIRS,n,2,294.31,1.2,N,2
36.14242,40.81522,319.24,0.42,0.38,2025-07-03,2258,N,VIIRS,n,2,293.4,1.71,N,2
36.15218,43.78473,309.84,0.38,0.36,2025-07-03,2258,N,VIIRS,n,2,297.09,1.4,N,0
36.15819,43.76858,305.53,0.38,0.36,2025-07-03,2258,N,VIIRS,n,2,295.21,1.02,N,0
36.258,44.38675,307.77,0.39,0.36,2025-07-03,2258,N,VIIRS,n,2,294.77,0.88,N,0
36.30835,43.80765,308.11,0.38,0.36,2025-07-03,2258,N,VIIRS,n,2,291.79,0.75,N,0
36.30903,43.8034,306.09,0.38,0.36,2025-07-03,2258,N,VIIRS,n,2,291.36,0.75,N,0
36.34904,42.07767,313.85,0.39,0.37,2025-07-03,2258,N,VIIRS,n,2,299.9,0.95,N,2
36.44217,42.93004,316.78,0.39,0.36,2025-07-03,2258,N,VIIRS,n,2,299.1,1.89,N,2
36.7181,36.20347,331.64,0.45,0.47,2025-07-03,2258,N,VIIRS,n,2,292.93,2.46,N,2
36.7186,36.19825,309.3,0.45,0.47,2025-07-03,2258,N,VIIRS,n,2,294.89,2.46,N,2
36.73061,36.21044,320.46,0.45,0.47,2025-07-03,2258,N,VIIRS,n,2,299.33,2.52,N,2
36.73543,36.20597,309.75,0.45,0.47,2025-07-03,2258,N,VIIRS,n,2,295.95,1.79,N,2
36.73926,36.21178,316.09,0.45,0.47,2025-07-03,2258,N,VIIRS,n,2,297.42,2.77,N,2
36.74741,43.50058,310.35,0.38,0.36,2025-07-03,2258,N,VIIRS,n,2,295.8,1.44,N,2
36.74897,39.15509,319.41,0.49,0.4,2025-07-03,2258,N,VIIRS,n,2,289.55,2.08,N,0
36.76089,38.06336,305.64,0.54,0.42,2025-07-03,2258,N,VIIRS,n,2,291.77,1.38,N,0
36.76288,39.03941,301.42,0.49,0.4,2025-07-03,2258,N,VIIRS,n,2,288.97,0.67,N,0
36.76661,39.04008,327.21,0.49,0.4,2025-07-03,2258,N,VIIRS,n,2,290.1,3.83,N,0
36.77467,43.32545,334.12,0.38,0.36,2025-07-03,2258,N,VIIRS,n,2,298.15,3.61,N,2
36.7765,39.35031,313.59,0.48,0.4,2025-07-03,2258,N,VIIRS,n,2,290.26,1.33,N,0
36.77796,43.32626,307.27,0.38,0.36,2025-07-03,2258,N,VIIRS,n,2,297.0,0.56,N,2
36.80695,39.18969,310.02,0.49,0.4,2025-07-03,2258,N,VIIRS,n,2,287.51,0.93,N,0
36.80962,39.03786,307.41,0.49,0.41,2025-07-03,2258,N,VIIRS,n,2,288.67,1.34,N,0
36.81027,39.03231,315.35,0.49,0.41,2025-07-03,2258,N,VIIRS,n,2,289.44,2.21,N,0
36.81066,39.19039,309.4,0.49,0.4,2025-07-03,2258,N,VIIRS,n,2,288.41,0.6,N,0
36.8377,42.91307,329.19,0.39,0.36,2025-07-03,2258,N,VIIRS,n,2,293.96,3.52,N,0
36.86706,43.51897,308.29,0.38,0.36,2025-07-03,2258,N,VIIRS,n,2,292.29,0.67,N,0
36.86844,43.48826,324.48,0.38,0.36,2025-07-03,2258,N,VIIRS,n,2,294.19,1.99,N,2
36.86901,34.76428,305.69,0.54,0.51,2025-07-03,2258,N,VIIRS,n,2,294.54,2.46,N,2
36.89091,43.43166,305.06,0.38,0.36,2025-07-03,2258,N,VIIRS,n,2,290.77,1.22,N,2
36.89157,43.42739,321.61,0.38,0.36,2025-07-03,2258,N,VIIRS,n,2,290.71,1.95,N,2
36.89568,43.15721,304.67,0.39,0.36,2025-07-03,2258,N,VIIRS,n,2,291.2,0.58,N,0
36.89898,43.15794,326.27,0.39,0.36,2025-07-03,2258,N,VIIRS,n,2,296.04,2.87,N,0
36.90741,43.39128,329.14,0.38,0.36,2025-07-03,2258,N,VIIRS,n,2,293.16,2.51,N,2
36.91333,41.89511,313.99,0.4,0.37,2025-07-03,2258,N,VIIRS,n,2,290.31,0.8,N,2
36.93182,36.00062,307.19,0.46,0.47,2025-07-03,2258,N,VIIRS,n,2,296.52,1.35,N,2
36.93547,42.13216,324.94,0.4,0.37,2025-07-03,2258,N,VIIRS,n,2,293.09,1.95,N,2
36.94043,42.16979,317.82,0.4,0.37,2025-07-03,2258,N,VIIRS,n,2,292.1,1.43,N,2
36.94378,42.17054,313.31,0.4,0.37,2025-07-03,2258,N,VIIRS,n,2,293.13,1.04,N,2
36.94616,42.12999,331.34,0.4,0.37,2025-07-03,2258,N,VIIRS,n,2,296.69,3.12,N,2
36.94686,41.7077,304.03,0.4,0.37,2025-07-03,2258,N,VIIRS,n,2,290.7,0.52,N,0
36.94911,42.78061,305.32,0.39,0.36,2025-07-03,2258,N,VIIRS,n,2,293.98,0.85,N,0
36.95163,43.69278,305.97,0.38,0.36,2025-07-03,2258,N,VIIRS,n,2,290.17,0.85,N,0
36.9523,43.6885,300.79,0.38,0.36,2025-07-03,2258,N,VIIRS,n,2,289.86,0.67,N,0
36.95492,43.69359,310.53,0.38,0.36,2025-07-03,2258,N,VIIRS,n,2,290.55,0.85,N,0
36.95627,43.68502,301.06,0.38,0.36,2025-07-03,2258,N,VIIRS,n,2,290.07,0.67,N,0
36.96323,42.08333,312.32,0.4,0.37,2025-07-03,2258,N,VIIRS,n,2,292.9,0.59,N,2
36.98188,43.69576,311.93,0.38,0.36,2025-07-03,2258,N,VIIRS,n,2,291.8,1.02,N,0
36.98255,43.69148,301.48,0.38,0.36,2025-07-03,2258,N,VIIRS,n,2,289.99,1.02,N,0
36.98516,43.69656,302.2,0.38,0.36,2025-07-03,2258,N,VIIRS,n,2,290.12,0.54,N,0
36.98583,43.69229,305.42,0.38,0.36,2025-07-03,2258,N,VIIRS,n,2,290.05,0.54,N,0
36.99825,41.56172,303.45,0.41,0.37,2025-07-03,2258,N,VIIRS,n,2,293.04,0.55,N,2
37.01271,41.58372,308.4,0.41,0.37,2025-07-03,2258,N,VIIRS,n,2,291.4,1.05,N,2
37.02048,40.33665,301.89,0.44,0.38,2025-07-03,2258,N,VIIRS,n,2,288.82,0.74,N,0
37.02402,40.33736,312.04,0.44,0.38,2025-07-03,2258,N,VIIRS,n,2,289.67,0.74,N,0
37.04588,40.33667,325.19,0.44,0.38,2025-07-03,2258,N,VIIRS,n,2,289.61,2.97,N,0
37.05036,40.43679,310.02,0.44,0.38,2025-07-03,2258,N,VIIRS,n,2,289.03,0.94,N,0
37.05099,40.43186,302.66,0.44,0.38,2025-07-03,2258,N,VIIRS,n,2,287.85,0.89,N,0
37.05215,40.56332,309.75,0.43,0.38,2025-07-03,2258,N,VIIRS,n,2,287.41,0.72,N,0
37.05404,42.13387,306.84,0.4,0.37,2025-07-03,2258,N,VIIRS,n,2,295.14,0.59,N,0
37.06914,40.37464,307.56,0.44,0.38,2025-07-03,2258,N,VIIRS,n,2,289.61,1.14,N,0
37.07681,42.55579,308.64,0.39,0.36,2025-07-03,2258,N,VIIRS,n,2,293.5,1.03,N,2
37.12335,40.26278,299.65,0.45,0.39,2025-07-03,2258,N,VIIRS,n,2,288.69,0.49,N,0
37.1298,40.92801,321.32,0.42,0.38,2025-07-03,2258,N,VIIRS,n,2,291.99,2.13,N,0
37.18144,39.09842,325.61,0.49,0.41,2025-07-03,2258,N,VIIRS,n,2,289.97,1.85,N,0
37.1821,39.09288,305.48,0.49,0.41,2025-07-03,2258,N,VIIRS,n,2,289.18,1.85,N,0
37.19695,40.15485,308.37,0.45,0.39,2025-07-03,2258,N,VIIRS,n,2,292.67,0.78,N,0
37.24068,40.71587,307.64,0.43,0.38,2025-07-03,2258,N,VIIRS,n,2,292.51,0.83,N,0
37.24417,40.71661,317.09,0.43,0.38,2025-07-03,2258,N,VIIRS,n,2,292.19,1.7,N,0
37.24707,42.98498,307.52,0.39,0.36,2025-07-03,2258,N,VIIRS,n,2,292.36,0.62,N,0
37.27776,38.72887,300.86,0.51,0.41,2025-07-03,2258,N,VIIRS,n,2,290.57,0.68,N,2
37.29326,37.15734,317.15,0.41,0.45,2025-07-03,2258,N,VIIRS,n,2,292.33,1.8,N,2
37.33689,40.80309,308.1,0.43,0.38,2025-07-03,2258,N,VIIRS,n,2,293.0,1.33,N,2
37.35291,37.16349,302.74,0.41,0.45,2025-07-03,2258,N,VIIRS,n,2,290.8,0.83,N,2
37.35997,42.21478,310.17,0.4,0.37,2025-07-03,2258,N,VIIRS,n,2,294.43,1.12,N,0
37.37267,37.17578,297.42,0.41,0.45,2025-07-03,2258,N,VIIRS,n,2,283.73,0.52,N,0
37.37315,37.17108,299.45,0.41,0.45,2025-07-03,2258,N,VIIRS,n,2,284.14,0.52,N,0
37.38874,37.18297,300.41,0.41,0.45,2025-07-03,2258,N,VIIRS,n,2,284.16,0.78,N,0
37.39287,37.18363,315.8,0.41,0.45,2025-07-03,2258,N,VIIRS,n,2,286.56,1.49,N,0
37.39758,42.40848,333.88,0.39,0.36,2025-07-03,2258,N,VIIRS,n,2,293.33,2.04,N,0
37.39822,42.40413,301.48,0.39,0.36,2025-07-03,2258,N,VIIRS,n,2,289.8,2.04,N,0
37.40384,36.90591,318.51,0.42,0.45,2025-07-03,2258,N,VIIRS,n,2,289.29,1.62,N,0
37.4055,42.40142,301.81,0.39,0.36,2025-07-03,2258,N,VIIRS,n,2,291.18,0.46,N,0
37.41139,37.64016,308.24,0.39,0.44,2025-07-03,2258,N,VIIRS,n,2,289.64,1.17,N,0
37.42014,37.18188,313.25,0.41,0.45,2025-07-03,2258,N,VIIRS,n,2,285.59,1.1,N,0
37.42541,37.58412,306.1,0.39,0.44,2025-07-03,2258,N,VIIRS,n,2,290.34,0.59,N,0
37.43047,36.89531,321.28,0.42,0.45,2025-07-03,2258,N,VIIRS,n,2,289.95,1.75,N,0
37.87328,40.87819,299.03,0.43,0.38,2025-07-03,2258,N,VIIRS,n,2,287.23,0.29,N,0
37.96164,41.70296,304.06,0.41,0.37,2025-07-03,2258,N,VIIRS,n,2,293.24,0.44,N,2
38.23061,27.90678,318.52,0.66,0.73,2025-07-03,2258,N,VIIRS,n,2,293.2,15.11,N,0
38.23075,27.89976,347.75,0.66,0.73,2025-07-03,2258,N,VIIRS,n,2,294.73,15.11,N,0
38.23087,27.89315,343.21,0.66,0.73,2025-07-03,2258,N,VIIRS,n,2,305.58,49.93,N,0
38.231,27.88655,336.29,0.66,0.73,2025-07-03,2258,N,VIIRS,n,2,294.41,49.93,N,0
38.2346,26.40656,309.64,0.79,0.78,2025-07-03,2258,N,VIIRS,n,2,292.36,4.42,N,0
38.23465,26.39712,332.36,0.79,0.78,2025-07-03,2258,N,VIIRS,n,2,293.65,4.42,N,0
38.23471,26.38666,320.2,0.79,0.78,2025-07-03,2258,N,VIIRS,n,2,290.14,6.8,N,3
38.23732,27.91499,309.92,0.66,0.73,2025-07-03,2258,N,VIIRS,n,2,292.92,4.04,N,0
38.23746,27.90775,323.43,0.66,0.73,2025-07-03,2258,N,VIIRS,n,2,293.66,8.69,N,0
38.23759,27.90096,341.44,0.66,0.73,2025-07-03,2258,N,VIIRS,n,2,295.1,8.69,N,0
38.23771,27.89495,367.0,0.66,0.73,2025-07-03,2258,N,VIIRS,h,2,301.28,13.31,N,0
38.23782,27.88945,304.17,0.66,0.73,2025-07-03,2258,N,VIIRS,n,2,292.82,13.31,N,0
38.24195,26.40692,303.2,0.79,0.78,2025-07-03,2258,N,VIIRS,n,2,292.07,1.39,N,0
38.24414,27.91237,310.08,0.66,0.73,2025-07-03,2258,N,VIIRS,n,2,293.13,2.11,N,0
38.24424,27.90593,305.17,0.66,0.73,2025-07-03,2258,N,VIIRS,n,2,292.53,2.11,N,0
38.2443,27.90918,311.62,0.66,0.73,2025-07-03,2258,N,VIIRS,n,2,293.31,8.69,N,0
38.24433,27.8997,303.14,0.66,0.73,2025-07-03,2258,N,VIIRS,n,2,292.85,2.15,N,0
38.24441,27.89402,304.38,0.66,0.73,2025-07-03,2258,N,VIIRS,n,2,292.82,2.15,N,0
38.24454,27.8968,305.66,0.66,0.73,2025-07-03,2258,N,VIIRS,n,2,292.83,13.31,N,0
38.25099,27.91362,320.19,0.66,0.73,2025-07-03,2258,N,VIIRS,n,2,293.27,2.11,N,0
38.25101,27.91673,314.3,0.66,0.73,2025-07-03,2258,N,VIIRS,n,2,292.93,5.14,N,0
38.25108,27.90786,310.39,0.66,0.73,2025-07-03,2258,N,VIIRS,n,2,293.6,2.11,N,0
38.25114,27.91074,320.14,0.66,0.73,2025-07-03,2258,N,VIIRS,n,2,293.84,6.37,N,0
38.25591,26.4022,310.66,0.79,0.78,2025-07-03,2258,N,VIIRS,n,2,291.99,8.95,N,0
38.25665,26.40966,302.97,0.79,0.78,2025-07-03,2258,N,VIIRS,n,2,292.04,7.84,N,0
38.25673,26.39766,310.77,0.79,0.78,2025-07-03,2258,N,VIIRS,n,2,291.21,7.84,N,3
38.25775,27.92094,313.91,0.66,0.73,2025-07-03,2258,N,VIIRS,n,2,292.41,4.64,N,0
38.25785,27.91448,340.06,0.66,0.73,2025-07-03,2258,N,VIIRS,n,2,294.49,4.81,N,0
38.25786,27.91754,339.56,0.66,0.73,2025-07-03,2258,N,VIIRS,n,2,294.17,5.14,N,0
38.25793,27.90911,308.37,0.66,0.73,2025-07-03,2258,N,VIIRS,n,2,293.26,4.81,N,0
38.25798,27.91163,323.69,0.66,0.73,2025-07-03,2258,N,VIIRS,n,2,294.06,6.37,N,0
38.26326,26.41345,318.7,0.79,0.78,2025-07-03,2258,N,VIIRS,n,2,293.24,8.95,N,0
38.26328,26.40375,367.0,0.79,0.78,2025-07-03,2258,N,VIIRS,h,2,297.56,8.95,N,0
38.26401,26.41008,367.0,0.79,0.78,2025-07-03,2258,N,VIIRS,h,2,296.11,7.84,N,0
38.26408,26.39876,335.41,0.79,0.78,2025-07-03,2258,N,VIIRS,n,2,292.84,7.84,N,0
38.26455,27.92592,303.67,0.65,0.73,2025-07-03,2258,N,VIIRS,n,2,292.79,6.82,N,0
38.2646,27.92198,325.61,0.66,0.73,2025-07-03,2258,N,VIIRS,n,2,293.37,4.64,N,0
38.26469,27.91567,331.89,0.66,0.73,2025-07-03,2258,N,VIIRS,n,2,294.66,4.81,N,0
38.26471,27.91862,338.26,0.66,0.73,2025-07-03,2258,N,VIIRS,n,2,294.6,6.82,N,0
38.26478,27.91026,303.85,0.66,0.73,2025-07-03,2258,N,VIIRS,n,2,293.27,4.81,N,0
38.26482,27.91284,311.48,0.66,0.73,2025-07-03,2258,N,VIIRS,n,2,293.25,5.42,N,0
38.27132,27.93029,329.27,0.65,0.73,2025-07-03,2258,N,VIIRS,n,2,292.78,6.24,N,0
38.2714,27.92661,367.0,0.65,0.73,2025-07-03,2258,N,VIIRS,h,2,295.8,6.82,N,0
38.27143,27.92348,348.36,0.66,0.73,2025-07-03,2258,N,VIIRS,n,2,295.03,6.24,N,0
38.27153,27.91758,322.05,0.66,0.73,2025-07-03,2258,N,VIIRS,n,2,293.61,5.69,N,0
38.27153,27.92043,330.55,0.66,0.73,2025-07-03,2258,N,VIIRS,n,2,293.93,6.82,N,0
38.27162,27.91209,305.83,0.66,0.73,2025-07-03,2258,N,VIIRS,n,2,292.59,5.69,N,0
38.27164,27.91475,314.25,0.66,0.73,2025-07-03,2258,N,VIIRS,n,2,293.14,5.42,N,0
38.27353,27.19035,306.28,0.72,0.75,2025-07-03,2258,N,VIIRS,n,2,292.32,3.96,N,0
38.27726,27.20395,302.97,0.71,0.75,2025-07-03,2258,N,VIIRS,n,2,291.66,146.77,N,0
38.27737,27.19549,331.86,0.72,0.75,2025-07-03,2258,N,VIIRS,n,2,294.06,146.77,N,0
38.2775,27.18701,367.0,0.72,0.75,2025-07-03,2258,N,VIIRS,h,2,301.28,146.13,N,0
38.27763,27.17789,328.94,0.72,0.75,2025-07-03,2258,N,VIIRS,n,2,293.75,146.13,N,0
38.27775,27.16911,311.14,0.72,0.75,2025-07-03,2258,N,VIIRS,n,2,293.42,5.08,N,0
38.27823,27.92808,311.43,0.65,0.73,2025-07-03,2258,N,VIIRS,n,2,292.05,1.75,N,0
38.27827,27.92513,317.62,0.66,0.73,2025-07-03,2258,N,VIIRS,n,2,292.3,6.24,N,0
38.27835,27.92227,304.29,0.66,0.73,2025-07-03,2258,N,VIIRS,n,2,291.85,1.75,N,0
38.28046,27.20815,303.52,0.71,0.75,2025-07-03,2258,N,VIIRS,n,2,292.31,60.78,N,0
38.28054,27.19962,342.77,0.72,0.75,2025-07-03,2258,N,VIIRS,n,2,295.62,60.78,N,0
38.28071,27.18229,367.0,0.72,0.75,2025-07-03,2258,N,VIIRS,h,2,298.28,226.38,N,0
38.28079,27.17347,328.74,0.72,0.75,2025-07-03,2258,N,VIIRS,n,2,294.1,11.6,N,0
38.28087,27.16439,310.5,0.72,0.75,2025-07-03,2258,N,VIIRS,n,2,292.8,11.6,N,0
38.28095,27.15555,302.01,0.72,0.76,2025-07-03,2258,N,VIIRS,n,2,291.48,3.38,N,0
38.28407,27.22213,302.81,0.71,0.75,2025-07-03,2258,N,VIIRS,n,2,292.4,1.76,N,0
38.2842,27.21367,303.58,0.71,0.75,2025-07-03,2258,N,VIIRS,n,2,292.22,1.76,N,0
38.28433,27.20503,321.71,0.71,0.75,2025-07-03,2258,N,VIIRS,n,2,294.07,146.77,N,0
38.28459,27.18755,367.0,0.72,0.75,2025-07-03,2258,N,VIIRS,h,2,312.38,146.13,N,0
38.28472,27.1787,342.38,0.72,0.75,2025-07-03,2258,N,VIIRS,n,2,295.17,146.13,N,0
38.28484,27.17011,320.51,0.72,0.75,2025-07-03,2258,N,VIIRS,n,2,293.43,5.08,N,0
38.28498,27.16071,306.13,0.72,0.75,2025-07-03,2258,N,VIIRS,n,2,292.16,5.08,N,0
38.28594,26.4277,305.74,0.79,0.78,2025-07-03,2258,N,VIIRS,n,2,292.04,2.19,N,0
38.28746,27.21799,303.7,0.71,0.75,2025-07-03,2258,N,VIIRS,n,2,292.88,10.38,N,0
38.28755,27.20951,305.22,0.71,0.75,2025-07-03,2258,N,VIIRS,n,2,292.39,60.78,N,0
38.28764,27.20058,315.95,0.72,0.75,2025-07-03,2258,N,VIIRS,n,2,298.46,60.78,N,0
38.28772,27.19166,367.0,0.72,0.75,2025-07-03,2258,N,VIIRS,h,2,324.98,226.38,N,0
38.2878,27.18288,345.17,0.72,0.75,2025-07-03,2258,N,VIIRS,n,2,295.5,226.38,N,0
38.28788,27.17436,320.28,0.72,0.75,2025-07-03,2258,N,VIIRS,n,2,293.38,11.6,N,0
38.28798,27.16523,305.22,0.72,0.75,2025-07-03,2258,N,VIIRS,n,2,292.0,11.6,N,0
38.29142,27.20558,330.36,0.71,0.75,2025-07-03,2258,N,VIIRS,n,2,294.13,16.06,N,0
38.29155,27.19652,367.0,0.72,0.75,2025-07-03,2258,N,VIIRS,h,2,300.32,16.06,N,0
38.29169,27.18769,335.29,0.72,0.75,2025-07-03,2258,N,VIIRS,n,2,294.28,16.9,N,0
38.29182,27.17906,308.75,0.72,0.75,2025-07-03,2258,N,VIIRS,n,2,292.64,16.9,N,0
38.29197,27.92698,303.61,0.66,0.73,2025-07-03,2258,N,VIIRS,n,2,292.47,2.63,N,0
38.29204,27.92375,314.32,0.66,0.73,2025-07-03,2258,N,VIIRS,n,2,292.18,2.93,N,0
38.29207,27.92097,318.62,0.66,0.73,2025-07-03,2258,N,VIIRS,n,2,292.34,3.12,N,0
38.29216,27.91793,315.45,0.66,0.73,2025-07-03,2258,N,VIIRS,n,2,292.73,2.78,N,0
38.29217,27.91506,305.12,0.66,0.73,2025-07-03,2258,N,VIIRS,n,2,292.31,3.12,N,0
38.29263,26.43181,304.31,0.79,0.78,2025-07-03,2258,N,VIIRS,n,2,292.15,2.16,N,0
38.29464,27.20975,315.58,0.71,0.75,2025-07-03,2258,N,VIIRS,n,2,292.62,11.22,N,0
38.29473,27.20059,367.0,0.72,0.75,2025-07-03,2258,N,VIIRS,h,2,299.3,11.22,N,0
38.29482,27.19166,334.01,0.72,0.75,2025-07-03,2258,N,VIIRS,n,2,294.48,11.77,N,0
38.29851,27.20559,349.32,0.71,0.75,2025-07-03,2258,N,VIIRS,n,2,296.08,16.06,N,0
38.29865,27.19663,354.24,0.72,0.75,2025-07-03,2258,N,VIIRS,n,2,297.39,16.06,N,0
38.299,27.91694,306.6,0.66,0.73,2025-07-03,2258,N,VIIRS,n,2,291.59,2.22,N,0
38.299,27.91953,305.14,0.66,0.73,2025-07-03,2258,N,VIIRS,n,2,291.19,2.78,N,0
38.30164,27.21852,313.53,0.71,0.75,2025-07-03,2258,N,VIIRS,n,2,293.64,3.38,N,0
38.30183,27.20089,342.4,0.72,0.75,2025-07-03,2258,N,VIIRS,n,2,295.93,11.22,N,0
38.30192,27.19202,309.19,0.72,0.75,2025-07-03,2258,N,VIIRS,n,2,293.66,11.77,N,0
38.30532,27.2233,314.15,0.71,0.75,2025-07-03,2258,N,VIIRS,n,2,293.92,4.26,N,0
38.3056,27.20585,313.75,0.71,0.75,2025-07-03,2258,N,VIIRS,n,2,293.41,4.0,N,0
38.30574,27.19707,308.57,0.72,0.75,2025-07-03,2258,N,VIIRS,n,2,293.37,4.0,N,0
38.30864,27.22749,304.07,0.71,0.75,2025-07-03,2258,N,VIIRS,n,2,292.78,2.29,N,0
38.30873,27.21903,304.31,0.71,0.75,2025-07-03,2258,N,VIIRS,n,2,292.74,2.29,N,0
38.30882,27.21025,307.66,0.71,0.75,2025-07-03,2258,N,VIIRS,n,2,293.47,5.15,N,0
38.30892,27.20139,310.44,0.72,0.75,2025-07-03,2258,N,VIIRS,n,2,293.53,5.15,N,0
38.31227,27.23243,308.09,0.71,0.75,2025-07-03,2258,N,VIIRS,n,2,292.42,1.81,N,0
38.31254,27.21542,303.93,0.71,0.75,2025-07-03,2258,N,VIIRS,n,2,292.58,4.26,N,0
38.31269,27.20655,335.58,0.71,0.75,2025-07-03,2258,N,VIIRS,n,2,294.95,4.0,N,0
38.31572,27.22829,310.15,0.71,0.75,2025-07-03,2258,N,VIIRS,n,2,292.74,2.29,N,0
38.31591,27.21116,349.76,0.71,0.75,2025-07-03,2258,N,VIIRS,n,2,295.34,5.15,N,0
38.3227,27.23698,309.91,0.71,0.75,2025-07-03,2258,N,VIIRS,n,2,292.7,4.41,N,0
38.3228,27.22907,317.86,0.71,0.75,2025-07-03,2258,N,VIIRS,n,2,293.68,4.41,N,0
38.323,27.21193,354.39,0.71,0.75,2025-07-03,2258,N,VIIRS,n,2,296.34,8.07,N,0
38.32988,27.22943,312.88,0.71,0.75,2025-07-03,2258,N,VIIRS,n,2,292.78,4.41,N,0
38.32999,27.22071,313.12,0.71,0.75,2025-07-03,2258,N,VIIRS,n,2,292.45,4.41,N,0
38.33009,27.21206,312.66,0.71,0.75,2025-07-03,2258,N,VIIRS,n,2,292.94,8.07,N,0
38.33659,26.46081,301.41,0.78,0.78,2025-07-03,2258,N,VIIRS,n,2,291.36,1.7,N,0
38.33664,26.45109,310.49,0.78,0.78,2025-07-03,2258,N,VIIRS,n,2,292.35,3.42,N,0
38.34393,26.46026,367.0,0.78,0.78,2025-07-03,2258,N,VIIRS,h,2,294.82,14.36,N,0
38.34399,26.45006,310.63,0.78,0.78,2025-07-03,2258,N,VIIRS,n,2,292.46,10.83,N,0
38.36332,38.4047,295.62,0.55,0.43,2025-07-03,2258,N,VIIRS,n,2,285.53,0.78,N,0
38.36395,38.39885,303.18,0.55,0.43,2025-07-03,2258,N,VIIRS,n,2,285.85,0.74,N,0
38.75092,26.93345,309.31,0.74,0.76,2025-07-03,2258,N,VIIRS,n,2,292.28,1.81,N,0
38.88358,37.8956,295.04,0.39,0.44,2025-07-03,2258,N,VIIRS,n,2,284.54,0.53,N,0
38.93389,26.85607,327.58,0.75,0.77,2025-07-03,2258,N,VIIRS,n,2,291.45,4.81,N,0
38.93501,26.85571,326.05,0.75,0.77,2025-07-03,2258,N,VIIRS,n,2,291.11,4.22,N,0
39.48369,30.04093,305.88,0.51,0.66,2025-07-03,2258,N,VIIRS,n,2,284.8,1.38,N,2
39.59627,32.41985,298.24,0.39,0.59,2025-07-03,2258,N,VIIRS,n,2,285.87,0.56,N,2
39.74737,30.19707,295.4,0.51,0.66,2025-07-03,2258,N,VIIRS,n,2,284.32,0.65,N,2
39.83686,30.30086,304.86,0.5,0.66,2025-07-03,2258,N,VIIRS,n,2,286.22,1.51,N,2
39.94262,33.19143,306.13,0.35,0.57,2025-07-03,2258,N,VIIRS,n,2,284.85,0.96,N,2
39.94457,33.19038,299.93,0.35,0.57,2025-07-03,2258,N,VIIRS,n,2,284.81,1.15,N,2
39.95802,33.14433,298.66,0.35,0.57,2025-07-03,2258,N,VIIRS,n,2,283.27,0.66,N,2
35.80497,35.92322,306.18,0.45,0.47,2025-07-03,2259,N,VIIRS,n,2,292.53,1.43,N,0
35.80547,35.91793,303.43,0.46,0.47,2025-07-03,2259,N,VIIRS,n,2,292.17,1.46,N,0
35.80928,35.92421,313.61,0.45,0.47,2025-07-03,2259,N,VIIRS,n,2,293.73,1.43,N,0
35.81031,35.91353,307.47,0.46,0.47,2025-07-03,2259,N,VIIRS,n,2,292.93,1.46,N,0
35.81215,35.94017,308.14,0.45,0.47,2025-07-03,2259,N,VIIRS,n,2,293.17,1.2,N,0
35.81261,35.93528,308.07,0.45,0.47,2025-07-03,2259,N,VIIRS,n,2,293.17,1.2,N,0
35.81308,35.93053,310.53,0.45,0.47,2025-07-03,2259,N,VIIRS,n,2,292.86,5.44,N,0
35.8136,35.9251,312.64,0.45,0.47,2025-07-03,2259,N,VIIRS,n,2,292.2,5.44,N,0
35.81697,35.93587,308.41,0.45,0.47,2025-07-03,2259,N,VIIRS,n,2,293.31,1.2,N,0
35.81744,35.93093,305.12,0.45,0.47,2025-07-03,2259,N,VIIRS,n,2,292.56,5.44,N,0
35.81797,35.92558,367.0,0.45,0.47,2025-07-03,2259,N,VIIRS,h,2,300.74,5.44,N,0
35.8185,35.9201,345.84,0.46,0.47,2025-07-03,2259,N,VIIRS,n,2,295.98,19.95,N,0
35.81899,35.915,353.25,0.46,0.47,2025-07-03,2259,N,VIIRS,n,2,304.05,19.95,N,0
35.81948,35.9099,351.23,0.46,0.47,2025-07-03,2259,N,VIIRS,n,2,295.34,9.9,N,0
35.81998,35.90479,310.1,0.46,0.47,2025-07-03,2259,N,VIIRS,n,2,293.04,9.9,N,0
35.82233,35.92604,320.27,0.45,0.47,2025-07-03,2259,N,VIIRS,n,2,293.48,2.17,N,0
36.26277,33.7268,314.38,0.61,0.53,2025-07-03,2259,N,VIIRS,n,2,296.88,3.7,N,2
37.01099,36.10469,303.05,0.75,0.77,2025-07-04,38,N,VIIRS,n,2,290.67,1.19,N,2
38.6591,30.61972,310.5,0.36,0.57,2025-07-04,38,N,VIIRS,n,2,285.88,0.81,N,2
39.48619,30.04367,303.55,0.32,0.54,2025-07-04,38,N,VIIRS,n,2,285.05,1.57,N,0
39.7449,30.19882,302.22,0.32,0.55,2025-07-04,38,N,VIIRS,n,2,284.02,0.99,N,2
39.83582,30.29976,297.04,0.32,0.55,2025-07-04,38,N,VIIRS,n,2,285.1,0.52,N,2
39.86365,26.24576,310.99,0.41,0.45,2025-07-04,38,N,VIIRS,n,2,292.28,1.66,N,2
39.86637,26.24475,310.83,0.4,0.45,2025-07-04,38,N,VIIRS,n,2,293.34,1.96,N,2
40.01487,27.00332,298.46,0.44,0.46,2025-07-04,38,N,VIIRS,n,2,288.1,0.58,N,0
40.44101,27.14115,303.47,0.43,0.46,2025-07-04,38,N,VIIRS,n,2,289.97,1.24,N,2
40.44168,27.14003,309.87,0.43,0.46,2025-07-04,38,N,VIIRS,n,2,291.67,1.39,N,2
40.75516,31.78421,295.82,0.36,0.57,2025-07-04,38,N,VIIRS,n,2,282.37,0.79,N,0
40.7661,32.21715,296.2,0.38,0.59,2025-07-04,38,N,VIIRS,n,2,277.95,0.54,N,2
41.02238,28.55511,308.6,0.49,0.49,2025-07-04,38,N,VIIRS,n,2,290.51,1.11,N,2
41.17275,32.63208,298.19,0.39,0.59,2025-07-04,38,N,VIIRS,n,2,283.54,0.49,N,2
41.17358,32.63164,300.46,0.39,0.59,2025-07-04,38,N,VIIRS,n,2,284.06,0.53,N,2
41.17788,32.63484,301.68,0.39,0.59,2025-07-04,38,N,VIIRS,n,2,286.54,0.49,N,2
41.1787,32.63441,300.29,0.39,0.59,2025-07-04,38,N,VIIRS,n,2,286.1,1.1,N,2
41.25507,31.41481,303.11,0.33,0.56,2025-07-04,38,N,VIIRS,n,2,287.46,0.59,N,2
41.26281,31.42719,299.15,0.33,0.56,2025-07-04,38,N,VIIRS,n,2,288.46,0.92,N,2
41.26384,31.42332,314.59,0.33,0.56,2025-07-04,38,N,VIIRS,n,2,289.51,0.92,N,2
41.79864,26.7018,304.83,0.39,0.44,2025-07-04,38,N,VIIRS,n,2,289.2,0.97,N,2
35.80233,35.92204,303.9,0.79,0.78,2025-07-04,39,N,VIIRS,n,2,290.32,2.25,N,0
35.80532,35.91995,304.04,0.79,0.78,2025-07-04,39,N,VIIRS,n,2,290.48,2.67,N,0
35.81256,35.92205,301.46,0.79,0.78,2025-07-04,39,N,VIIRS,n,2,290.68,2.67,N,0
35.81465,35.90822,301.59,0.79,0.78,2025-07-04,39,N,VIIRS,n,2,290.32,3.34,N,0
35.81509,35.9143,319.53,0.79,0.78,2025-07-04,39,N,VIIRS,n,2,290.54,2.67,N,0
35.81688,35.93314,316.3,0.79,0.78,2025-07-04,39,N,VIIRS,n,2,290.64,7.7,N,0
35.81775,35.90611,315.03,0.79,0.78,2025-07-04,39,N,VIIRS,n,2,290.63,5.82,N,0
35.8194,35.92539,352.83,0.79,0.78,2025-07-04,39,N,VIIRS,n,2,293.78,11.99,N,0
35.82175,35.91817,331.68,0.79,0.78,2025-07-04,39,N,VIIRS,n,2,292.09,11.99,N,0
36.60683,32.83479,299.72,0.53,0.67,2025-07-04,39,N,VIIRS,n,2,288.39,1.39,N,0
36.60943,32.83231,329.44,0.53,0.67,2025-07-04,39,N,VIIRS,n,2,289.43,3.24,N,0
36.60949,32.82579,317.89,0.53,0.67,2025-07-04,39,N,VIIRS,n,2,288.5,1.39,N,0
36.61443,32.83174,299.12,0.53,0.67,2025-07-04,39,N,VIIRS,n,2,288.25,1.39,N,0
36.70791,35.43417,308.7,0.7,0.75,2025-07-04,39,N,VIIRS,n,2,290.88,0.92,N,0
36.71956,36.20085,303.73,0.77,0.77,2025-07-04,39,N,VIIRS,n,2,290.78,0.7,N,2
36.75092,29.07023,306.85,0.33,0.55,2025-07-04,39,N,VIIRS,n,2,293.4,0.8,N,0
37.25294,30.44183,306.86,0.38,0.59,2025-07-04,39,N,VIIRS,n,2,291.87,1.05,N,2
38.22839,27.89744,308.04,0.53,0.5,2025-07-04,39,N,VIIRS,n,2,291.84,4.01,N,0
38.22995,27.89089,350.23,0.53,0.5,2025-07-04,39,N,VIIRS,n,2,298.62,12.95,N,0
38.23093,26.39533,314.66,0.45,0.47,2025-07-04,39,N,VIIRS,n,2,293.91,6.43,N,0
38.2314,27.90536,314.44,0.53,0.5,2025-07-04,39,N,VIIRS,n,2,292.92,4.01,N,0
38.23201,26.39055,338.16,0.45,0.47,2025-07-04,39,N,VIIRS,n,2,294.52,6.43,N,0
38.23293,27.89896,332.82,0.53,0.5,2025-07-04,39,N,VIIRS,n,2,294.56,4.01,N,0
38.2346,27.89195,335.1,0.53,0.5,2025-07-04,39,N,VIIRS,n,2,295.83,12.95,N,0
38.23463,26.80341,324.02,0.47,0.48,2025-07-04,39,N,VIIRS,n,2,292.34,1.94,N,0
38.2351,26.39687,338.08,0.45,0.47,2025-07-04,39,N,VIIRS,n,2,296.8,11.85,N,0
38.23585,26.79813,307.39,0.47,0.48,2025-07-04,39,N,VIIRS,n,2,291.99,1.94,N,0
38.23593,27.90697,320.49,0.53,0.5,2025-07-04,39,N,VIIRS,n,2,293.48,2.42,N,0
38.23619,26.39205,339.05,0.45,0.47,2025-07-04,39,N,VIIRS,n,2,301.71,11.85,N,0
38.23703,26.40838,331.57,0.45,0.47,2025-07-04,39,N,VIIRS,n,2,294.29,3.54,N,0
38.23748,27.90049,320.65,0.53,0.5,2025-07-04,39,N,VIIRS,n,2,293.83,2.42,N,0
38.23812,26.40353,332.28,0.45,0.47,2025-07-04,39,N,VIIRS,n,2,294.55,3.54,N,0
38.23921,27.89321,323.97,0.53,0.5,2025-07-04,39,N,VIIRS,n,2,294.03,4.09,N,0
38.23925,26.3985,316.09,0.45,0.47,2025-07-04,39,N,VIIRS,n,2,293.92,11.85,N,0
38.2405,27.9084,303.76,0.53,0.5,2025-07-04,39,N,VIIRS,n,2,292.44,2.42,N,0
38.24816,27.91143,312.87,0.53,0.5,2025-07-04,39,N,VIIRS,n,2,293.42,1.6,N,0
38.24844,27.89561,340.84,0.53,0.5,2025-07-04,39,N,VIIRS,n,2,293.76,5.0,N,0
38.24961,27.91133,312.47,0.53,0.5,2025-07-04,39,N,VIIRS,n,2,293.45,4.33,N,0
38.25184,26.40278,336.99,0.45,0.47,2025-07-04,39,N,VIIRS,n,2,295.47,10.18,N,0
38.2527,27.913,309.99,0.53,0.5,2025-07-04,39,N,VIIRS,n,2,292.76,1.6,N,0
38.25413,27.913,306.36,0.53,0.5,2025-07-04,39,N,VIIRS,n,2,292.79,3.23,N,0
38.25608,26.404,356.73,0.45,0.47,2025-07-04,39,N,VIIRS,n,2,299.75,10.18,N,0
38.25718,27.91479,323.51,0.53,0.5,2025-07-04,39,N,VIIRS,n,2,294.17,3.4,N,0
38.25861,27.91481,328.27,0.53,0.5,2025-07-04,39,N,VIIRS,n,2,294.74,3.23,N,0
38.25906,27.9071,304.24,0.53,0.5,2025-07-04,39,N,VIIRS,n,2,293.3,3.08,N,0
38.25922,26.4101,306.59,0.45,0.47,2025-07-04,39,N,VIIRS,n,2,293.91,7.33,N,0
38.26031,26.40526,340.82,0.45,0.47,2025-07-04,39,N,VIIRS,n,2,301.14,11.82,N,0
38.26167,27.91654,329.22,0.53,0.5,2025-07-04,39,N,VIIRS,n,2,294.68,3.4,N,0
38.26311,27.9165,327.94,0.53,0.5,2025-07-04,39,N,VIIRS,n,2,294.61,3.11,N,0
38.2634,26.41165,348.42,0.45,0.47,2025-07-04,39,N,VIIRS,n,2,297.82,7.33,N,0
38.26448,26.40679,338.57,0.45,0.47,2025-07-04,39,N,VIIRS,n,2,294.62,11.82,N,0
38.26625,27.91791,317.06,0.53,0.5,2025-07-04,39,N,VIIRS,n,2,293.9,2.42,N,0
38.26772,27.91776,314.11,0.53,0.5,2025-07-04,39,N,VIIRS,n,2,293.71,3.11,N,0
38.2692,27.92599,314.1,0.53,0.5,2025-07-04,39,N,VIIRS,n,2,293.81,2.42,N,0
38.27087,27.91914,321.81,0.53,0.5,2025-07-04,39,N,VIIRS,n,2,294.39,2.42,N,0
38.27374,27.92759,338.02,0.53,0.5,2025-07-04,39,N,VIIRS,n,2,295.0,3.79,N,0
38.27551,27.92029,308.23,0.53,0.5,2025-07-04,39,N,VIIRS,n,2,292.86,3.79,N,0
38.27942,27.19132,321.62,0.49,0.48,2025-07-04,39,N,VIIRS,n,2,297.15,3.18,N,0
38.2807,27.18586,347.55,0.49,0.48,2025-07-04,39,N,VIIRS,n,2,302.65,8.52,N,0
38.28194,27.18052,309.4,0.49,0.48,2025-07-04,39,N,VIIRS,n,2,293.6,8.52,N,0
38.28251,27.19835,310.17,0.49,0.48,2025-07-04,39,N,VIIRS,n,2,296.15,2.98,N,0
38.28378,27.19286,332.46,0.49,0.48,2025-07-04,39,N,VIIRS,n,2,301.99,2.98,N,0
38.28505,27.18742,341.09,0.49,0.48,2025-07-04,39,N,VIIRS,n,2,302.35,6.46,N,0
38.28675,26.4767,302.17,0.45,0.47,2025-07-04,39,N,VIIRS,n,2,291.55,0.77,N,0
38.28688,27.19981,307.67,0.49,0.48,2025-07-04,39,N,VIIRS,n,2,295.96,2.98,N,0
38.28782,26.47203,305.85,0.45,0.47,2025-07-04,39,N,VIIRS,n,2,292.06,0.77,N,0
38.28813,27.19444,323.46,0.49,0.48,2025-07-04,39,N,VIIRS,n,2,300.28,2.98,N,0
38.28849,26.4295,337.8,0.45,0.47,2025-07-04,39,N,VIIRS,n,2,294.48,4.07,N,0
38.28938,27.18905,327.79,0.49,0.48,2025-07-04,39,N,VIIRS,n,2,298.16,6.46,N,0
38.28957,26.42477,331.31,0.45,0.47,2025-07-04,39,N,VIIRS,n,2,294.87,4.9,N,0
38.29121,27.20145,309.77,0.49,0.48,2025-07-04,39,N,VIIRS,n,2,296.1,3.35,N,0
38.29153,26.43598,303.68,0.45,0.47,2025-07-04,39,N,VIIRS,n,2,293.02,0.7,N,0
38.29199,26.47359,301.96,0.45,0.47,2025-07-04,39,N,VIIRS,n,2,291.84,0.91,N,0
38.29245,27.19612,335.87,0.49,0.48,2025-07-04,39,N,VIIRS,n,2,296.88,3.35,N,0
38.2937,27.19074,324.93,0.49,0.48,2025-07-04,39,N,VIIRS,n,2,294.29,16.28,N,0
38.29555,27.2031,317.07,0.49,0.48,2025-07-04,39,N,VIIRS,n,2,297.06,3.35,N,0
38.29678,27.19777,329.47,0.49,0.48,2025-07-04,39,N,VIIRS,n,2,298.41,3.35,N,0
38.29803,27.19238,367.0,0.49,0.48,2025-07-04,39,N,VIIRS,h,2,308.46,16.28,N,0
38.30113,27.19934,346.51,0.49,0.48,2025-07-04,39,N,VIIRS,n,2,302.7,9.28,N,0
38.30238,27.19393,341.46,0.49,0.48,2025-07-04,39,N,VIIRS,n,2,300.84,10.29,N,0
38.30548,27.20092,342.93,0.49,0.48,2025-07-04,39,N,VIIRS,n,2,297.35,9.28,N,0
38.30673,27.1955,313.8,0.49,0.48,2025-07-04,39,N,VIIRS,n,2,292.39,10.29,N,0
38.30737,27.20235,339.01,0.49,0.48,2025-07-04,39,N,VIIRS,n,2,294.41,11.71,N,0
38.30768,27.86837,310.01,0.53,0.5,2025-07-04,39,N,VIIRS,n,2,291.27,1.15,N,0
38.30865,27.19695,340.23,0.49,0.48,2025-07-04,39,N,VIIRS,n,2,297.66,11.71,N,0
38.30983,27.20247,337.44,0.49,0.48,2025-07-04,39,N,VIIRS,n,2,300.19,9.34,N,0
38.31108,27.19706,338.35,0.49,0.48,2025-07-04,39,N,VIIRS,n,2,296.59,20.96,N,0
38.31173,27.20387,345.79,0.49,0.48,2025-07-04,39,N,VIIRS,n,2,300.0,11.71,N,0
38.31295,27.20937,313.82,0.49,0.48,2025-07-04,39,N,VIIRS,n,2,295.83,9.34,N,0
38.31301,27.19847,338.2,0.49,0.48,2025-07-04,39,N,VIIRS,n,2,295.7,11.71,N,0
38.31421,27.20394,352.22,0.49,0.48,2025-07-04,39,N,VIIRS,n,2,302.68,9.34,N,0
38.31482,27.21073,331.61,0.49,0.48,2025-07-04,39,N,VIIRS,n,2,296.12,13.63,N,0
38.31611,27.20531,349.28,0.49,0.48,2025-07-04,39,N,VIIRS,n,2,299.04,23.29,N,0
38.31733,27.21082,343.93,0.49,0.48,2025-07-04,39,N,VIIRS,n,2,303.28,25.18,N,0
38.31858,27.20539,339.76,0.49,0.48,2025-07-04,39,N,VIIRS,n,2,296.27,25.18,N,0
38.31921,27.21216,331.74,0.49,0.48,2025-07-04,39,N,VIIRS,n,2,302.59,13.63,N,0
38.32048,27.20676,341.19,0.49,0.48,2025-07-04,39,N,VIIRS,n,2,297.32,23.29,N,0
38.3217,27.2123,344.14,0.49,0.48,2025-07-04,39,N,VIIRS,n,2,304.78,25.18,N,0
38.32267,27.23747,307.94,0.49,0.49,2025-07-04,39,N,VIIRS,n,2,291.26,1.99,N,0
38.32294,27.20688,339.07,0.49,0.48,2025-07-04,39,N,VIIRS,n,2,295.64,25.18,N,0
38.32355,27.21373,343.72,0.49,0.48,2025-07-04,39,N,VIIRS,n,2,303.89,25.4,N,0
38.32402,27.23177,321.48,0.49,0.49,2025-07-04,39,N,VIIRS,n,2,294.25,3.79,N,0
38.32484,27.20831,342.11,0.49,0.48,2025-07-04,39,N,VIIRS,n,2,310.07,38.84,N,0
38.32704,27.23898,305.24,0.49,0.49,2025-07-04,39,N,VIIRS,n,2,291.23,2.12,N,0
38.32788,27.21542,347.01,0.49,0.48,2025-07-04,39,N,VIIRS,n,2,304.18,25.4,N,0
38.32836,27.23338,342.18,0.49,0.49,2025-07-04,39,N,VIIRS,n,2,296.37,3.8,N,0
38.32917,27.20996,339.05,0.49,0.48,2025-07-04,39,N,VIIRS,n,2,296.75,38.84,N,0
38.33222,27.21701,355.07,0.49,0.48,2025-07-04,39,N,VIIRS,n,2,303.23,10.73,N,0
38.33271,27.23495,308.92,0.49,0.49,2025-07-04,39,N,VIIRS,n,2,292.67,3.8,N,0
38.33657,27.21859,313.92,0.49,0.48,2025-07-04,39,N,VIIRS,n,2,293.08,10.73,N,0
38.34044,26.45965,307.59,0.45,0.47,2025-07-04,39,N,VIIRS,n,2,293.19,1.9,N,0
38.34153,26.45479,323.61,0.45,0.47,2025-07-04,39,N,VIIRS,n,2,294.82,3.45,N,0
38.3446,26.46124,326.74,0.45,0.47,2025-07-04,39,N,VIIRS,n,2,295.81,1.9,N,0
38.73736,26.9316,305.02,0.46,0.47,2025-07-04,39,N,VIIRS,n,2,293.83,1.52,N,2
38.73799,26.94877,311.83,0.46,0.47,2025-07-04,39,N,VIIRS,n,2,295.4,1.64,N,2
38.7392,26.94356,320.6,0.46,0.47,2025-07-04,39,N,VIIRS,n,2,294.94,1.64,N,2
38.7416,26.9332,310.83,0.46,0.47,2025-07-04,39,N,VIIRS,n,2,292.48,0.9,N,2
38.7422,26.95049,308.56,0.46,0.47,2025-07-04,39,N,VIIRS,n,2,294.36,1.64,N,2
38.75007,26.93634,303.54,0.46,0.47,2025-07-04,39,N,VIIRS,n,2,293.08,0.6,N,0
38.7543,26.93799,305.91,0.46,0.47,2025-07-04,39,N,VIIRS,n,2,293.27,0.6,N,0
39.11375,27.52536,301.74,0.49,0.48,2025-07-04,39,N,VIIRS,n,2,290.59,1.19,N,0
35.68364,43.87923,367.0,0.44,0.38,2025-07-04,1018,N,VIIRS,h,2,338.83,41.93,D,2
35.7994,35.9206,337.56,0.5,0.41,2025-07-04,1019,N,VIIRS,n,2,305.08,5.83,D,0
35.80199,35.91393,341.25,0.5,0.41,2025-07-04,1019,N,VIIRS,n,2,310.36,221.1,D,0
35.80309,35.91955,367.0,0.5,0.41,2025-07-04,1019,N,VIIRS,h,2,343.29,221.1,D,0
35.80417,35.92511,346.6,0.5,0.41,2025-07-04,1019,N,VIIRS,n,2,314.77,50.61,D,0
35.80679,35.91854,367.0,0.5,0.41,2025-07-04,1019,N,VIIRS,h,2,343.49,221.1,D,0
35.80939,35.91195,367.0,0.5,0.41,2025-07-04,1019,N,VIIRS,h,2,327.55,139.0,D,0
35.81108,35.94051,351.03,0.5,0.41,2025-07-04,1019,N,VIIRS,n,2,305.82,37.9,D,0
35.81161,35.92328,339.97,0.5,0.41,2025-07-04,1019,N,VIIRS,n,2,313.06,5.29,D,0
35.81271,35.92892,340.08,0.5,0.41,2025-07-04,1019,N,VIIRS,n,2,312.56,5.29,D,0
35.81374,35.93422,347.98,0.5,0.41,2025-07-04,1019,N,VIIRS,n,2,312.34,150.69,D,0
35.81479,35.93956,338.95,0.5,0.41,2025-07-04,1019,N,VIIRS,n,2,313.45,150.69,D,0
35.81637,35.92773,339.48,0.5,0.41,2025-07-04,1019,N,VIIRS,n,2,310.21,5.29,D,0
35.81742,35.93314,367.0,0.5,0.41,2025-07-04,1019,N,VIIRS,h,2,355.44,150.69,D,0
35.81847,35.9385,367.0,0.5,0.41,2025-07-04,1019,N,VIIRS,h,2,341.29,150.69,D,0
35.81892,35.92087,339.12,0.5,0.41,2025-07-04,1019,N,VIIRS,n,2,310.15,45.85,D,0
35.82002,35.92648,348.4,0.5,0.41,2025-07-04,1019,N,VIIRS,n,2,309.17,45.85,D,0
35.82154,35.91432,347.42,0.5,0.41,2025-07-04,1019,N,VIIRS,n,2,309.9,9.04,D,0
35.82215,35.9374,367.0,0.5,0.41,2025-07-04,1019,N,VIIRS,h,2,347.62,267.6,D,0
35.82368,35.9253,367.0,0.5,0.41,2025-07-04,1019,N,VIIRS,h,2,347.19,45.85,D,0
35.82583,35.93631,347.0,0.5,0.41,2025-07-04,1019,N,VIIRS,n,2,313.6,267.6,D,0
35.82626,35.91853,367.0,0.5,0.41,2025-07-04,1019,N,VIIRS,h,2,330.29,66.0,D,0
35.82734,35.92412,351.44,0.5,0.41,2025-07-04,1019,N,VIIRS,n,2,305.58,66.0,D,0
35.84794,36.05037,342.83,0.49,0.4,2025-07-04,1019,N,VIIRS,n,2,314.1,11.49,D,0
35.85161,36.04936,343.35,0.49,0.4,2025-07-04,1019,N,VIIRS,n,2,309.3,6.82,D,0
36.26401,33.72954,337.45,0.41,0.45,2025-07-04,1019,N,VIIRS,n,2,309.21,2.44,D,2
36.31297,29.32109,346.27,0.35,0.57,2025-07-04,1019,N,VIIRS,n,2,306.81,2.42,D,0
36.90596,43.39116,340.39,0.43,0.38,2025-07-04,1019,N,VIIRS,n,2,315.34,3.72,D,2
36.92196,30.85733,337.33,0.56,0.51,2025-07-04,1019,N,VIIRS,n,2,310.81,2.74,D,0
36.95192,43.70101,341.26,0.44,0.39,2025-07-04,1019,N,VIIRS,n,2,311.91,4.56,D,0
36.98315,43.68956,350.9,0.44,0.39,2025-07-04,1019,N,VIIRS,n,2,316.07,11.87,D,0
37.02211,35.80096,335.37,0.48,0.4,2025-07-04,1019,N,VIIRS,n,2,305.29,4.74,D,0
37.1936,43.45105,348.15,0.44,0.38,2025-07-04,1019,N,VIIRS,n,2,319.26,6.57,D,0
37.47119,42.18328,367.0,0.41,0.37,2025-07-04,1019,N,VIIRS,h,2,317.98,12.84,D,0
37.47494,42.05635,354.58,0.4,0.37,2025-07-04,1019,N,VIIRS,n,2,326.99,24.4,D,0
37.47832,42.05563,367.0,0.4,0.37,2025-07-04,1019,N,VIIRS,h,2,330.77,45.72,D,0
37.47892,42.06005,367.0,0.4,0.37,2025-07-04,1019,N,VIIRS,h,2,322.84,45.72,D,0
37.4817,42.0549,367.0,0.4,0.37,2025-07-04,1019,N,VIIRS,h,2,357.03,45.72,D,0
37.4823,42.0593,367.0,0.4,0.37,2025-07-04,1019,N,VIIRS,h,2,365.81,45.72,D,0
37.48289,42.06366,367.0,0.4,0.37,2025-07-04,1019,N,VIIRS,h,2,338.15,61.95,D,0
37.48508,42.05418,367.0,0.4,0.37,2025-07-04,1019,N,VIIRS,h,2,351.29,217.17,D,0
37.48626,42.06289,367.0,0.4,0.37,2025-07-04,1019,N,VIIRS,h,2,374.97,147.49,D,0
37.48687,42.0673,339.48,0.4,0.37,2025-07-04,1019,N,VIIRS,n,2,312.43,147.49,D,0
37.48965,42.06218,367.0,0.4,0.37,2025-07-04,1019,N,VIIRS,h,2,350.62,147.49,D,0
37.49025,42.06663,341.16,0.4,0.37,2025-07-04,1019,N,VIIRS,n,2,309.93,147.49,D,0
37.49303,42.06151,341.08,0.4,0.37,2025-07-04,1019,N,VIIRS,n,2,302.4,3.41,D,0
38.19161,26.48864,367.0,0.44,0.62,2025-07-04,1020,N,VIIRS,h,2,305.18,9.14,D,3
38.22806,26.48648,367.0,0.44,0.62,2025-07-04,1020,N,VIIRS,h,2,315.38,8.32,D,0
38.22894,26.48761,367.0,0.44,0.62,2025-07-04,1020,N,VIIRS,h,2,315.96,16.46,D,0
38.22934,26.49111,344.9,0.44,0.62,2025-07-04,1020,N,VIIRS,n,2,310.19,8.32,D,0
38.23597,27.89772,347.4,0.37,0.58,2025-07-04,1020,N,VIIRS,n,2,317.75,10.38,D,0
38.23759,27.88213,333.46,0.37,0.58,2025-07-04,1020,N,VIIRS,n,2,306.13,5.51,D,0
38.23867,27.88625,367.0,0.37,0.58,2025-07-04,1020,N,VIIRS,h,2,317.86,8.58,D,0
38.23964,27.88991,346.14,0.37,0.58,2025-07-04,1020,N,VIIRS,n,2,315.4,8.58,D,0
38.24053,27.8933,349.83,0.37,0.58,2025-07-04,1020,N,VIIRS,n,2,311.3,8.54,D,0
38.2406,26.39675,367.0,0.44,0.62,2025-07-04,1020,N,VIIRS,h,2,300.53,10.32,D,0
38.24141,27.89666,367.0,0.37,0.58,2025-07-04,1020,N,VIIRS,h,2,311.9,8.54,D,0
38.24326,27.88192,351.99,0.37,0.58,2025-07-04,1020,N,VIIRS,n,2,309.22,5.51,D,0
38.2443,27.88589,367.0,0.37,0.58,2025-07-04,1020,N,VIIRS,h,2,320.64,8.58,D,0
38.2452,27.88931,339.58,0.37,0.58,2025-07-04,1020,N,VIIRS,n,2,308.77,8.58,D,0
38.24666,27.88208,345.19,0.37,0.58,2025-07-04,1020,N,VIIRS,n,2,306.59,5.13,D,0
38.24764,27.88573,348.64,0.37,0.58,2025-07-04,1020,N,VIIRS,n,2,308.81,8.63,D,0
38.25874,27.90573,342.54,0.37,0.58,2025-07-04,1020,N,VIIRS,n,2,311.66,9.79,D,0
38.26183,26.4061,347.5,0.44,0.62,2025-07-04,1020,N,VIIRS,n,2,313.66,16.15,D,0
38.26323,26.41114,367.0,0.44,0.62,2025-07-04,1020,N,VIIRS,h,2,316.84,16.15,D,0
38.26445,26.4155,367.0,0.44,0.62,2025-07-04,1020,N,VIIRS,h,2,317.72,26.79,D,0
38.29165,26.42425,367.0,0.44,0.62,2025-07-04,1020,N,VIIRS,h,2,312.24,8.8,D,0
38.29175,26.42006,335.35,0.44,0.62,2025-07-04,1020,N,VIIRS,n,2,306.58,2.77,D,0
38.2931,26.42949,367.0,0.44,0.62,2025-07-04,1020,N,VIIRS,h,2,314.69,8.8,D,0
38.29326,26.42538,367.0,0.44,0.62,2025-07-04,1020,N,VIIRS,h,2,312.28,7.6,D,0
38.29474,26.43062,337.94,0.44,0.62,2025-07-04,1020,N,VIIRS,n,2,307.81,7.6,D,0
38.30752,27.19457,349.71,0.4,0.6,2025-07-04,1020,N,VIIRS,n,2,317.08,14.5,D,0
38.30872,27.1977,367.0,0.4,0.6,2025-07-04,1020,N,VIIRS,h,2,332.72,32.48,D,0
38.30877,27.19912,367.0,0.4,0.6,2025-07-04,1020,N,VIIRS,h,2,331.89,32.92,D,0
38.31215,27.89132,344.57,0.37,0.58,2025-07-04,1020,N,VIIRS,n,2,309.89,7.32,D,0
38.32517,27.23732,354.16,0.4,0.6,2025-07-04,1020,N,VIIRS,n,2,308.24,9.01,D,0
38.34132,26.46412,354.31,0.43,0.62,2025-07-04,1020,N,VIIRS,n,2,315.06,10.19,D,0
38.34272,26.46913,354.67,0.43,0.62,2025-07-04,1020,N,VIIRS,n,2,312.46,11.63,D,0
38.77269,27.66996,351.29,0.37,0.58,2025-07-04,1020,N,VIIRS,n,2,307.27,3.57,D,0
39.29662,30.70743,346.67,0.5,0.49,2025-07-04,1020,N,VIIRS,n,2,301.64,7.6,D,0
39.29693,30.70483,340.51,0.5,0.49,2025-07-04,1020,N,VIIRS,n,2,300.88,7.84,D,0
39.29821,30.71019,342.3,0.5,0.49,2025-07-04,1020,N,VIIRS,n,2,304.29,14.33,D,0
39.30101,30.70577,345.6,0.5,0.49,2025-07-04,1020,N,VIIRS,n,2,299.55,14.38,D,0
39.45507,27.62071,367.0,0.35,0.57,2025-07-04,1020,N,VIIRS,h,2,306.1,5.55,D,0
40.08246,32.80053,342.86,0.38,0.43,2025-07-04,1020,N,VIIRS,n,2,308.16,7.85,D,0
41.59221,27.10155,336.05,0.33,0.55,2025-07-04,1021,N,VIIRS,n,2,305.84,1.89,D,0
37.4576,27.52695,367.0,0.44,0.62,2025-07-04,1200,N,VIIRS,h,2,311.23,16.13,D,0
37.46321,27.52189,367.0,0.44,0.62,2025-07-04,1200,N,VIIRS,h,2,314.16,17.44,D,0
37.46346,27.52727,367.0,0.44,0.62,2025-07-04,1200,N,VIIRS,h,2,318.0,16.13,D,0
37.46905,27.52177,367.0,0.44,0.62,2025-07-04,1200,N,VIIRS,h,2,315.14,17.66,D,0
37.4693,27.52698,367.0,0.44,0.62,2025-07-04,1200,N,VIIRS,h,2,313.59,21.72,D,0
37.56602,28.03157,354.08,0.47,0.64,2025-07-04,1200,N,VIIRS,n,2,310.12,25.91,D,0
37.57201,28.03124,367.0,0.47,0.64,2025-07-04,1200,N,VIIRS,h,2,307.75,19.98,D,0
38.20912,26.48985,341.6,0.39,0.59,2025-07-04,1200,N,VIIRS,n,2,313.56,10.93,D,0
38.20938,26.4951,367.0,0.39,0.59,2025-07-04,1200,N,VIIRS,h,2,315.27,10.93,D,0
38.22043,26.49332,356.16,0.39,0.59,2025-07-04,1200,N,VIIRS,n,2,321.93,61.26,D,0
38.2262,26.49722,343.53,0.39,0.59,2025-07-04,1200,N,VIIRS,n,2,310.77,60.69,D,0
38.23717,26.3886,338.94,0.38,0.59,2025-07-04,1200,N,VIIRS,n,2,292.39,7.5,D,3
38.2374,26.39282,367.0,0.38,0.59,2025-07-04,1200,N,VIIRS,h,2,309.91,7.5,D,0
38.23763,26.39719,367.0,0.38,0.59,2025-07-04,1200,N,VIIRS,h,2,312.55,12.53,D,0
38.25441,26.40004,367.0,0.38,0.59,2025-07-04,1200,N,VIIRS,h,2,312.43,2.17,D,0
38.25794,27.90915,342.68,0.47,0.64,2025-07-04,1200,N,VIIRS,n,2,309.3,9.16,D,0
38.26565,26.40287,367.0,0.39,0.59,2025-07-04,1200,N,VIIRS,h,2,309.01,13.51,D,0
38.26588,26.40707,367.0,0.39,0.59,2025-07-04,1200,N,VIIRS,h,2,316.47,13.51,D,0
38.26612,26.41152,367.0,0.39,0.59,2025-07-04,1200,N,VIIRS,h,2,313.27,15.92,D,0
38.26623,29.81273,347.54,0.59,0.7,2025-07-04,1200,N,VIIRS,n,2,308.06,10.56,D,0
38.2664,26.4166,367.0,0.39,0.59,2025-07-04,1200,N,VIIRS,h,2,312.79,15.92,D,0
38.28264,27.18351,367.0,0.42,0.61,2025-07-04,1200,N,VIIRS,h,2,307.85,9.75,D,0
38.28853,26.43537,339.18,0.39,0.59,2025-07-04,1200,N,VIIRS,n,2,312.47,7.57,D,0
38.28951,26.43298,367.0,0.39,0.59,2025-07-04,1200,N,VIIRS,h,2,317.01,10.29,D,0
38.29342,26.42208,350.65,0.39,0.59,2025-07-04,1200,N,VIIRS,n,2,311.71,6.51,D,0
38.29362,26.42625,348.52,0.39,0.59,2025-07-04,1200,N,VIIRS,n,2,312.95,6.51,D,0
38.29384,26.43056,367.0,0.39,0.59,2025-07-04,1200,N,VIIRS,h,2,312.64,7.57,D,0
38.29406,26.43498,350.99,0.39,0.59,2025-07-04,1200,N,VIIRS,n,2,306.66,7.57,D,0
38.29457,26.4241,344.69,0.39,0.59,2025-07-04,1200,N,VIIRS,n,2,311.41,4.69,D,0
38.29472,26.44819,346.34,0.39,0.59,2025-07-04,1200,N,VIIRS,n,2,312.38,4.17,D,0
38.29481,26.42834,351.25,0.39,0.59,2025-07-04,1200,N,VIIRS,n,2,311.89,10.0,D,0
38.30637,27.19659,345.52,0.43,0.62,2025-07-04,1200,N,VIIRS,n,2,315.98,5.72,D,0
38.33931,26.45036,340.22,0.39,0.59,2025-07-04,1200,N,VIIRS,n,2,309.82,5.99,D,0
40.91148,29.37538,355.78,0.58,0.7,2025-07-04,1201,N,VIIRS,n,2,299.83,6.99,D,0
40.91304,29.37759,367.0,0.58,0.69,2025-07-04,1201,N,VIIRS,h,2,300.85,9.86,D,0
41.26423,31.42492,326.21,0.74,0.76,2025-07-04,1201,N,VIIRS,n,2,295.01,10.52,D,2
41.1774,32.6357,299.83,0.68,0.74,2025-07-04,2238,N,VIIRS,n,2,286.58,2.16,N,2
35.99874,43.76045,314.06,0.49,0.4,2025-07-04,2239,N,VIIRS,n,2,296.25,1.9,N,2
36.01942,43.68099,313.67,0.49,0.4,2025-07-04,2239,N,VIIRS,n,2,293.6,1.73,N,2
36.10957,44.10977,306.51,0.47,0.4,2025-07-04,2239,N,VIIRS,n,2,292.63,1.6,N,0
36.1267,43.77962,303.61,0.49,0.4,2025-07-04,2239,N,VIIRS,n,2,293.0,0.97,N,2
36.25716,44.38716,302.08,0.46,0.39,2025-07-04,2239,N,VIIRS,n,2,291.97,0.73,N,0
36.352,42.07513,313.79,0.39,0.44,2025-07-04,2239,N,VIIRS,n,2,296.99,1.13,N,2
36.44167,42.93119,309.48,0.53,0.42,2025-07-04,2239,N,VIIRS,n,2,295.27,1.6,N,2
36.71745,36.19876,320.03,0.41,0.61,2025-07-04,2239,N,VIIRS,n,2,292.0,2.09,N,2
36.72827,36.20937,314.78,0.41,0.61,2025-07-04,2239,N,VIIRS,n,2,293.34,1.59,N,2
36.73118,39.44593,302.67,0.54,0.51,2025-07-04,2239,N,VIIRS,n,2,286.96,0.75,N,0
36.73394,36.20986,309.33,0.41,0.61,2025-07-04,2239,N,VIIRS,n,2,294.08,1.31,N,2
36.7342,36.20506,307.31,0.41,0.61,2025-07-04,2239,N,VIIRS,n,2,292.09,1.31,N,2
36.7396,36.21042,321.55,0.41,0.61,2025-07-04,2239,N,VIIRS,n,2,294.73,1.31,N,2
36.7458,36.20131,330.79,0.41,0.61,2025-07-04,2239,N,VIIRS,n,2,291.49,3.09,N,2
36.74808,36.20303,310.69,0.41,0.61,2025-07-04,2239,N,VIIRS,n,2,290.96,1.24,N,2
36.74832,36.19818,308.69,0.41,0.61,2025-07-04,2239,N,VIIRS,n,2,290.76,1.9,N,2
36.77687,43.32775,329.03,0.52,0.41,2025-07-04,2239,N,VIIRS,n,2,297.7,4.44,N,2
36.77756,43.32178,318.6,0.52,0.41,2025-07-04,2239,N,VIIRS,n,2,293.78,4.44,N,2
36.80185,36.26335,303.23,0.41,0.61,2025-07-04,2239,N,VIIRS,n,2,290.01,2.51,N,0
36.80225,36.25584,308.44,0.41,0.61,2025-07-04,2239,N,VIIRS,n,2,290.24,1.15,N,0
36.80793,36.25584,302.31,0.41,0.61,2025-07-04,2239,N,VIIRS,n,2,290.46,1.15,N,0
36.80826,36.24967,310.44,0.41,0.61,2025-07-04,2239,N,VIIRS,n,2,289.83,1.15,N,0
36.8136,36.25605,310.05,0.41,0.61,2025-07-04,2239,N,VIIRS,n,2,290.44,1.04,N,0
36.81922,36.25731,303.95,0.41,0.61,2025-07-04,2239,N,VIIRS,n,2,289.53,1.04,N,0
36.82484,36.25841,305.39,0.41,0.61,2025-07-04,2239,N,VIIRS,n,2,290.18,1.06,N,0
36.82522,36.25146,303.31,0.41,0.61,2025-07-04,2239,N,VIIRS,n,2,289.57,1.06,N,0
36.84067,39.04123,309.75,0.57,0.52,2025-07-04,2239,N,VIIRS,n,2,287.65,1.81,N,0
36.86617,43.51752,302.93,0.51,0.41,2025-07-04,2239,N,VIIRS,n,2,289.81,0.83,N,0
36.86955,43.48856,321.31,0.51,0.41,2025-07-04,2239,N,VIIRS,n,2,292.25,2.51,N,2
36.89034,43.43047,312.18,0.51,0.41,2025-07-04,2239,N,VIIRS,n,2,288.83,1.17,N,2
36.89184,43.43016,327.91,0.51,0.41,2025-07-04,2239,N,VIIRS,n,2,290.62,3.5,N,2
36.89413,43.43119,322.78,0.51,0.41,2025-07-04,2239,N,VIIRS,n,2,290.28,1.17,N,2
36.90686,43.38659,330.67,0.52,0.41,2025-07-04,2239,N,VIIRS,n,2,289.06,5.82,N,2
36.90861,43.38626,328.33,0.52,0.41,2025-07-04,2239,N,VIIRS,n,2,289.2,3.19,N,2
36.9162,41.89802,298.36,0.4,0.45,2025-07-04,2239,N,VIIRS,n,2,287.13,0.78,N,2
36.91667,41.89342,303.43,0.4,0.45,2025-07-04,2239,N,VIIRS,n,2,288.35,0.78,N,2
36.92839,38.4767,300.29,0.62,0.54,2025-07-04,2239,N,VIIRS,n,2,288.28,0.94,N,0
36.9373,42.12962,305.21,0.39,0.44,2025-07-04,2239,N,VIIRS,n,2,291.21,1.35,N,2
36.9382,42.12065,300.86,0.39,0.44,2025-07-04,2239,N,VIIRS,n,2,289.48,0.83,N,2
36.94141,42.17079,323.93,0.39,0.44,2025-07-04,2239,N,VIIRS,n,2,291.63,2.37,N,2
36.94543,42.13097,319.15,0.39,0.44,2025-07-04,2239,N,VIIRS,n,2,290.58,2.18,N,2
36.9495,42.13162,322.02,0.39,0.44,2025-07-04,2239,N,VIIRS,n,2,292.1,2.18,N,2
36.95158,43.70208,319.99,0.5,0.41,2025-07-04,2239,N,VIIRS,n,2,290.8,1.77,N,0
36.95161,38.43661,306.95,0.62,0.54,2025-07-04,2239,N,VIIRS,n,2,288.08,1.59,N,0
36.95538,43.70235,301.51,0.5,0.41,2025-07-04,2239,N,VIIRS,n,2,289.43,1.77,N,0
36.96267,42.08335,308.79,0.4,0.44,2025-07-04,2239,N,VIIRS,n,2,289.41,0.67,N,2
36.96674,42.08404,305.41,0.4,0.44,2025-07-04,2239,N,VIIRS,n,2,288.96,0.46,N,2
36.9856,39.58184,300.84,0.54,0.51,2025-07-04,2239,N,VIIRS,n,2,287.52,1.33,N,0
36.98906,43.67773,301.89,0.5,0.41,2025-07-04,2239,N,VIIRS,n,2,289.64,2.16,N,0
36.98969,43.67224,334.75,0.5,0.41,2025-07-04,2239,N,VIIRS,n,2,292.11,7.45,N,0
36.99029,39.5825,338.31,0.54,0.51,2025-07-04,2239,N,VIIRS,n,2,290.68,5.24,N,0
36.99033,43.6666,346.56,0.5,0.41,2025-07-04,2239,N,VIIRS,n,2,294.08,7.45,N,0
36.99078,39.57635,307.53,0.54,0.51,2025-07-04,2239,N,VIIRS,n,2,288.67,5.24,N,0
36.99148,43.69014,304.29,0.5,0.41,2025-07-04,2239,N,VIIRS,n,2,289.54,0.63,N,0
36.99182,42.00072,300.59,0.4,0.44,2025-07-04,2239,N,VIIRS,n,2,288.96,0.34,N,2
36.99337,43.67368,305.45,0.5,0.41,2025-07-04,2239,N,VIIRS,n,2,289.25,1.01,N,0
36.994,43.66818,311.08,0.5,0.41,2025-07-04,2239,N,VIIRS,n,2,289.25,1.01,N,0
37.01221,41.5824,309.71,0.42,0.45,2025-07-04,2239,N,VIIRS,n,2,288.32,0.81,N,2
37.01433,36.09144,302.24,0.42,0.61,2025-07-04,2239,N,VIIRS,n,2,289.99,0.7,N,0
37.03253,42.16813,302.98,0.39,0.44,2025-07-04,2239,N,VIIRS,n,2,289.64,0.83,N,2
37.0416,39.70603,322.42,0.53,0.5,2025-07-04,2239,N,VIIRS,n,2,287.77,1.41,N,0
37.04343,39.7061,323.07,0.53,0.5,2025-07-04,2239,N,VIIRS,n,2,287.92,3.39,N,0
37.06123,39.8359,297.92,0.52,0.5,2025-07-04,2239,N,VIIRS,n,2,286.11,0.37,N,0
37.07689,42.55924,310.36,0.57,0.43,2025-07-04,2239,N,VIIRS,n,2,292.56,1.21,N,2
37.13825,42.79582,301.27,0.55,0.43,2025-07-04,2239,N,VIIRS,n,2,290.08,1.12,N,0
37.15298,40.23155,307.64,0.5,0.49,2025-07-04,2239,N,VIIRS,n,2,291.13,1.49,N,0
37.15752,40.2322,318.62,0.5,0.49,2025-07-04,2239,N,VIIRS,n,2,291.94,2.18,N,0
37.21124,39.75991,319.98,0.53,0.5,2025-07-04,2239,N,VIIRS,n,2,288.69,2.87,N,0
37.25317,39.47976,301.38,0.55,0.51,2025-07-04,2239,N,VIIRS,n,2,288.56,0.83,N,0
37.26417,40.11427,306.71,0.51,0.49,2025-07-04,2239,N,VIIRS,n,2,291.38,1.15,N,0
37.27659,38.73095,300.66,0.6,0.53,2025-07-04,2239,N,VIIRS,n,2,289.26,1.19,N,2
37.29611,39.48523,303.33,0.55,0.51,2025-07-04,2239,N,VIIRS,n,2,288.02,1.3,N,0
37.2966,39.47894,332.23,0.55,0.51,2025-07-04,2239,N,VIIRS,n,2,289.31,5.06,N,0
37.29694,37.15516,299.12,0.37,0.58,2025-07-04,2239,N,VIIRS,n,2,287.89,0.72,N,2
37.35279,37.16274,300.72,0.37,0.58,2025-07-04,2239,N,VIIRS,n,2,287.99,1.01,N,2
37.3566,40.11331,301.07,0.51,0.49,2025-07-04,2239,N,VIIRS,n,2,290.07,1.07,N,0
37.36879,37.16808,297.16,0.37,0.58,2025-07-04,2239,N,VIIRS,n,2,282.45,0.47,N,0
37.38629,37.14806,298.09,0.37,0.58,2025-07-04,2239,N,VIIRS,n,2,284.53,0.47,N,0
37.3894,37.18717,303.15,0.37,0.58,2025-07-04,2239,N,VIIRS,n,2,284.53,0.54,N,0
37.40585,37.18456,299.45,0.37,0.58,2025-07-04,2239,N,VIIRS,n,2,283.84,0.93,N,0
37.40612,37.18029,310.86,0.37,0.58,2025-07-04,2239,N,VIIRS,n,2,284.4,0.93,N,0
37.41151,37.18092,297.93,0.37,0.58,2025-07-04,2239,N,VIIRS,n,2,283.38,0.28,N,0
37.42879,36.89199,325.38,0.38,0.59,2025-07-04,2239,N,VIIRS,n,2,289.66,1.63,N,0
37.47425,42.04824,301.6,0.4,0.45,2025-07-04,2239,N,VIIRS,n,2,287.84,0.65,N,0
37.47472,42.04348,321.75,0.4,0.45,2025-07-04,2239,N,VIIRS,n,2,289.33,1.3,N,0
37.47656,42.04692,323.27,0.4,0.45,2025-07-04,2239,N,VIIRS,n,2,290.26,2.4,N,0
37.48759,42.03999,338.39,0.4,0.45,2025-07-04,2239,N,VIIRS,n,2,292.22,2.24,N,0
37.49121,42.04563,303.08,0.4,0.45,2025-07-04,2239,N,VIIRS,n,2,290.22,2.24,N,0
37.49534,42.04615,354.62,0.4,0.45,2025-07-04,2239,N,VIIRS,n,2,296.77,6.37,N,0
37.49945,42.04675,338.69,0.4,0.45,2025-07-04,2239,N,VIIRS,n,2,292.05,6.37,N,0
37.49997,42.04155,325.1,0.4,0.45,2025-07-04,2239,N,VIIRS,n,2,291.42,6.37,N,0
38.11119,40.17754,307.12,0.51,0.5,2025-07-04,2239,N,VIIRS,n,2,287.64,0.84,N,0
38.11579,40.1782,300.01,0.51,0.5,2025-07-04,2239,N,VIIRS,n,2,287.56,0.4,N,0
39.58492,43.90125,296.24,0.52,0.42,2025-07-04,2239,N,VIIRS,n,2,284.33,0.74,N,0
35.52408,44.34697,304.47,0.45,0.39,2025-07-04,2240,N,VIIRS,n,2,293.25,3.44,N,2
35.52471,44.34192,332.69,0.46,0.39,2025-07-04,2240,N,VIIRS,n,2,294.98,3.44,N,2
35.52829,44.34262,342.08,0.46,0.39,2025-07-04,2240,N,VIIRS,n,2,296.46,3.44,N,2
35.52893,44.33757,332.04,0.46,0.39,2025-07-04,2240,N,VIIRS,n,2,296.09,4.4,N,2
35.53252,44.33828,347.81,0.46,0.39,2025-07-04,2240,N,VIIRS,n,2,298.44,4.47,N,2
35.5361,44.33899,324.03,0.46,0.39,2025-07-04,2240,N,VIIRS,n,2,294.08,4.47,N,2
35.56529,44.28249,306.17,0.46,0.39,2025-07-04,2240,N,VIIRS,n,2,293.27,0.3,N,2
35.62537,44.01,305.27,0.47,0.4,2025-07-04,2240,N,VIIRS,n,2,294.86,14.42,N,2
35.62902,44.01065,326.01,0.47,0.4,2025-07-04,2240,N,VIIRS,n,2,312.18,14.42,N,2
35.62967,44.00543,333.12,0.47,0.4,2025-07-04,2240,N,VIIRS,n,2,296.29,14.42,N,2
35.66015,43.96482,333.33,0.47,0.4,2025-07-04,2240,N,VIIRS,n,2,295.18,4.76,N,2
35.6638,43.96552,338.56,0.47,0.4,2025-07-04,2240,N,VIIRS,n,2,302.29,11.68,N,2
35.6773,44.06903,309.86,0.47,0.4,2025-07-04,2240,N,VIIRS,n,2,296.99,1.33,N,2
35.67793,44.06382,310.21,0.47,0.4,2025-07-04,2240,N,VIIRS,n,2,297.46,1.33,N,2
35.68189,43.87751,320.42,0.48,0.4,2025-07-04,2240,N,VIIRS,n,2,294.32,21.1,N,2
35.68252,43.87224,311.9,0.48,0.4,2025-07-04,2240,N,VIIRS,n,2,294.42,21.1,N,2
35.68493,43.88347,304.28,0.48,0.4,2025-07-04,2240,N,VIIRS,n,2,293.84,1.13,N,2
35.68556,43.8782,340.94,0.48,0.4,2025-07-04,2240,N,VIIRS,n,2,314.37,21.1,N,2
35.68619,43.87294,332.2,0.48,0.4,2025-07-04,2240,N,VIIRS,n,2,295.46,21.1,N,2
35.68923,43.87889,310.75,0.48,0.4,2025-07-04,2240,N,VIIRS,n,2,294.57,1.09,N,2
35.68986,43.87363,307.68,0.48,0.4,2025-07-04,2240,N,VIIRS,n,2,294.55,1.09,N,2
35.72542,44.04127,336.16,0.47,0.4,2025-07-04,2240,N,VIIRS,n,2,298.35,7.49,N,2
35.73035,44.03156,331.4,0.47,0.4,2025-07-04,2240,N,VIIRS,n,2,296.72,4.13,N,2
35.74863,35.96977,320.38,0.42,0.61,2025-07-04,2240,N,VIIRS,n,2,290.05,3.9,N,0
35.74895,35.96375,339.65,0.42,0.61,2025-07-04,2240,N,VIIRS,n,2,290.41,3.66,N,0
35.75461,35.96488,307.62,0.42,0.61,2025-07-04,2240,N,VIIRS,n,2,290.8,3.66,N,0
35.75489,35.95979,332.36,0.42,0.61,2025-07-04,2240,N,VIIRS,n,2,291.18,3.66,N,0
35.75515,35.95495,324.45,0.42,0.61,2025-07-04,2240,N,VIIRS,n,2,290.15,4.56,N,0
35.76137,35.94583,302.83,0.42,0.61,2025-07-04,2240,N,VIIRS,n,2,290.13,1.92,N,0
35.76162,35.94111,326.71,0.42,0.61,2025-07-04,2240,N,VIIRS,n,2,290.27,1.92,N,0
35.76188,35.93633,303.63,0.42,0.61,2025-07-04,2240,N,VIIRS,n,2,289.72,2.05,N,0
35.77084,43.99774,315.96,0.47,0.4,2025-07-04,2240,N,VIIRS,n,2,295.3,1.27,N,2
35.77148,43.99247,306.16,0.47,0.4,2025-07-04,2240,N,VIIRS,n,2,294.96,1.27,N,2
35.77449,43.99847,310.8,0.47,0.4,2025-07-04,2240,N,VIIRS,n,2,295.35,0.85,N,2
35.77512,43.9932,308.27,0.47,0.4,2025-07-04,2240,N,VIIRS,n,2,295.16,0.85,N,2
35.78535,35.92659,301.95,0.42,0.61,2025-07-04,2240,N,VIIRS,n,2,290.68,0.7,N,0
35.79327,35.99002,312.23,0.42,0.61,2025-07-04,2240,N,VIIRS,n,2,290.26,1.47,N,0
35.79844,35.99952,335.18,0.42,0.61,2025-07-04,2240,N,VIIRS,n,2,290.5,2.95,N,0
35.79868,35.99526,311.12,0.42,0.61,2025-07-04,2240,N,VIIRS,n,2,289.77,2.95,N,0
35.79895,35.99066,315.91,0.42,0.61,2025-07-04,2240,N,VIIRS,n,2,290.17,1.47,N,0
35.79921,35.98598,300.68,0.42,0.61,2025-07-04,2240,N,VIIRS,n,2,289.26,1.47,N,0
35.80431,35.99685,315.08,0.42,0.61,2025-07-04,2240,N,VIIRS,n,2,289.78,1.44,N,0
35.80458,35.99211,300.32,0.42,0.61,2025-07-04,2240,N,VIIRS,n,2,289.12,1.24,N,0
35.81681,35.97826,341.7,0.42,0.61,2025-07-04,2240,N,VIIRS,n,2,290.72,6.64,N,0
35.81717,35.97211,346.12,0.42,0.61,2025-07-04,2240,N,VIIRS,n,2,290.96,5.06,N,0
35.81802,35.9815,303.65,0.42,0.61,2025-07-04,2240,N,VIIRS,n,2,288.66,4.35,N,0
35.81834,35.97536,367.0,0.42,0.61,2025-07-04,2240,N,VIIRS,h,2,291.86,4.35,N,0
35.81863,35.96973,310.08,0.42,0.61,2025-07-04,2240,N,VIIRS,n,2,289.24,3.94,N,0
35.82061,35.91206,326.42,0.42,0.61,2025-07-04,2240,N,VIIRS,n,2,291.59,4.47,N,0
35.82088,35.90722,305.11,0.42,0.61,2025-07-04,2240,N,VIIRS,n,2,290.67,4.47,N,0
35.82169,35.90984,334.46,0.42,0.61,2025-07-04,2240,N,VIIRS,n,2,292.56,6.99,N,0
35.82312,35.9682,308.21,0.42,0.61,2025-07-04,2240,N,VIIRS,n,2,289.85,5.06,N,0
35.82336,35.96405,306.02,0.42,0.61,2025-07-04,2240,N,VIIRS,n,2,289.83,1.51,N,0
35.82362,35.95961,310.66,0.42,0.61,2025-07-04,2240,N,VIIRS,n,2,290.4,1.51,N,0
35.82451,35.96662,304.65,0.42,0.61,2025-07-04,2240,N,VIIRS,n,2,290.14,3.94,N,0
35.82463,37.10283,330.89,0.36,0.57,2025-07-04,2240,N,VIIRS,n,2,290.67,3.64,N,0
35.82474,35.96228,317.65,0.42,0.61,2025-07-04,2240,N,VIIRS,n,2,290.85,3.29,N,0
35.82489,37.09874,325.89,0.36,0.57,2025-07-04,2240,N,VIIRS,n,2,290.17,4.96,N,0
35.8252,35.93217,307.31,0.42,0.61,2025-07-04,2240,N,VIIRS,n,2,290.7,1.28,N,0
35.82549,35.92709,311.17,0.42,0.61,2025-07-04,2240,N,VIIRS,n,2,291.44,1.28,N,0
35.8261,35.91658,355.16,0.42,0.61,2025-07-04,2240,N,VIIRS,n,2,291.71,10.23,N,0
35.82639,35.91138,334.92,0.42,0.61,2025-07-04,2240,N,VIIRS,n,2,292.11,4.47,N,0
35.8264,35.92992,328.27,0.42,0.61,2025-07-04,2240,N,VIIRS,n,2,291.35,2.78,N,0
35.82666,35.92478,309.49,0.42,0.61,2025-07-04,2240,N,VIIRS,n,2,291.84,2.78,N,0
35.82693,35.91954,331.96,0.42,0.61,2025-07-04,2240,N,VIIRS,n,2,292.15,11.51,N,0
35.82721,35.91405,367.0,0.42,0.61,2025-07-04,2240,N,VIIRS,h,2,295.62,11.51,N,0
35.82748,35.90891,305.19,0.42,0.61,2025-07-04,2240,N,VIIRS,n,2,291.4,6.99,N,0
35.83089,35.9329,309.8,0.42,0.61,2025-07-04,2240,N,VIIRS,n,2,290.44,1.09,N,0
35.8312,35.92764,304.63,0.42,0.61,2025-07-04,2240,N,VIIRS,n,2,290.68,1.09,N,0
35.83149,35.92251,307.08,0.42,0.61,2025-07-04,2240,N,VIIRS,n,2,291.69,5.07,N,0
35.83181,35.91694,367.0,0.42,0.61,2025-07-04,2240,N,VIIRS,h,2,293.97,5.07,N,0
35.83214,35.91133,326.76,0.42,0.61,2025-07-04,2240,N,VIIRS,n,2,291.54,7.95,N,0
35.83264,35.92023,306.34,0.42,0.61,2025-07-04,2240,N,VIIRS,n,2,291.11,1.23,N,0
35.83293,35.91454,313.87,0.42,0.61,2025-07-04,2240,N,VIIRS,n,2,291.3,1.23,N,0
35.95226,43.72809,311.05,0.49,0.4,2025-07-04,2240,N,VIIRS,n,2,294.79,1.46,N,2
35.97055,43.76467,307.19,0.48,0.4,2025-07-04,2240,N,VIIRS,n,2,296.18,2.49,N,2
35.98102,43.77186,309.1,0.48,0.4,2025-07-04,2240,N,VIIRS,n,2,296.39,1.52,N,2
35.98167,43.76651,313.06,0.48,0.4,2025-07-04,2240,N,VIIRS,n,2,297.15,1.52,N,2
35.9978,43.75833,313.95,0.49,0.4,2025-07-04,2240,N,VIIRS,n,2,296.46,1.93,N,2
36.13193,40.80764,312.39,0.45,0.47,2025-07-04,2240,N,VIIRS,n,2,289.99,2.0,N,2
36.14447,40.81452,313.91,0.45,0.47,2025-07-04,2240,N,VIIRS,n,2,290.61,1.37,N,2
36.26178,33.7302,307.62,0.56,0.69,2025-07-04,2240,N,VIIRS,n,2,294.4,1.38,N,2
36.26258,33.72984,306.82,0.56,0.69,2025-07-04,2240,N,VIIRS,n,2,294.29,2.24,N,2
37.03841,39.70385,303.97,0.65,0.73,2025-07-05,19,N,VIIRS,n,2,285.9,1.76,N,0
37.14807,40.2331,300.21,0.69,0.74,2025-07-05,19,N,VIIRS,n,2,286.08,1.11,N,0
37.14869,40.2318,300.1,0.69,0.74,2025-07-05,19,N,VIIRS,n,2,286.06,1.47,N,0
37.15457,40.23631,308.44,0.69,0.74,2025-07-05,19,N,VIIRS,n,2,286.29,2.14,N,0
37.15518,40.23505,309.91,0.69,0.74,2025-07-05,19,N,VIIRS,n,2,286.05,1.47,N,0
37.26248,40.11427,301.68,0.67,0.74,2025-07-05,19,N,VIIRS,n,2,287.97,1.14,N,0
38.4567,38.72499,301.88,0.53,0.67,2025-07-05,19,N,VIIRS,n,2,284.68,1.06,N,2
40.06331,32.76912,305.37,0.49,0.48,2025-07-05,19,N,VIIRS,n,2,283.74,1.06,N,0
40.4455,27.13439,305.72,0.42,0.38,2025-07-05,19,N,VIIRS,n,2,294.94,1.29,N,2
40.4489,27.13551,307.15,0.42,0.38,2025-07-05,19,N,VIIRS,n,2,295.14,1.33,N,3
40.75739,31.78248,306.57,0.42,0.45,2025-07-05,19,N,VIIRS,n,2,285.87,0.94,N,2
40.75776,29.76078,307.82,0.51,0.41,2025-07-05,19,N,VIIRS,n,2,293.16,1.37,N,2
40.7592,29.76091,306.33,0.52,0.41,2025-07-05,19,N,VIIRS,n,2,293.81,1.41,N,2
40.94523,31.39506,300.37,0.4,0.44,2025-07-05,19,N,VIIRS,n,2,286.82,0.86,N,2
41.0213,28.55907,304.53,0.46,0.39,2025-07-05,19,N,VIIRS,n,2,292.2,0.72,N,2
41.02236,28.55366,309.43,0.46,0.39,2025-07-05,19,N,VIIRS,n,2,292.16,1.17,N,2
41.17673,32.6338,306.42,0.45,0.47,2025-07-05,19,N,VIIRS,n,2,289.35,0.9,N,2
41.18089,32.63556,299.79,0.45,0.47,2025-07-05,19,N,VIIRS,n,2,288.34,0.9,N,2
41.26265,31.42828,302.93,0.4,0.44,2025-07-05,19,N,VIIRS,n,2,290.56,1.97,N,2
41.26366,31.42369,339.37,0.4,0.44,2025-07-05,19,N,VIIRS,n,2,292.08,1.97,N,2
41.26761,31.42522,308.33,0.4,0.44,2025-07-05,19,N,VIIRS,n,2,292.47,1.97,N,2
41.79718,26.70122,306.58,0.4,0.37,2025-07-05,19,N,VIIRS,n,2,291.08,0.97,N,2
35.74757,35.97683,309.81,0.46,0.63,2025-07-05,20,N,VIIRS,n,2,289.54,1.18,N,0
35.74876,35.97255,303.16,0.46,0.63,2025-07-05,20,N,VIIRS,n,2,290.56,1.18,N,0
35.74988,35.96852,325.13,0.46,0.63,2025-07-05,20,N,VIIRS,n,2,292.45,2.92,N,0
35.75104,35.96433,317.94,0.46,0.63,2025-07-05,20,N,VIIRS,n,2,291.69,2.92,N,0
35.75233,35.95968,315.45,0.46,0.63,2025-07-05,20,N,VIIRS,n,2,290.52,2.87,N,0
35.76334,35.94247,304.14,0.45,0.63,2025-07-05,20,N,VIIRS,n,2,290.37,0.81,N,0
35.77946,35.92934,326.28,0.45,0.63,2025-07-05,20,N,VIIRS,n,2,291.1,2.28,N,0
35.78498,35.93199,310.3,0.45,0.63,2025-07-05,20,N,VIIRS,n,2,291.82,2.28,N,0
35.79723,35.99899,300.46,0.46,0.63,2025-07-05,20,N,VIIRS,n,2,289.0,2.33,N,0
35.79818,35.99768,310.69,0.46,0.63,2025-07-05,20,N,VIIRS,n,2,289.32,4.99,N,0
35.79882,35.99332,367.0,0.46,0.63,2025-07-05,20,N,VIIRS,h,2,291.54,5.79,N,0
35.79969,35.99218,367.0,0.46,0.63,2025-07-05,20,N,VIIRS,h,2,292.07,4.99,N,0
35.80025,35.98822,309.29,0.46,0.63,2025-07-05,20,N,VIIRS,n,2,289.52,5.79,N,0
35.81401,35.98551,313.94,0.46,0.63,2025-07-05,20,N,VIIRS,n,2,289.12,10.72,N,0
35.81453,35.98199,356.33,0.46,0.63,2025-07-05,20,N,VIIRS,n,2,293.79,12.25,N,0
35.8152,35.98116,367.0,0.46,0.63,2025-07-05,20,N,VIIRS,h,2,294.79,16.31,N,0
35.81565,35.97796,367.0,0.46,0.63,2025-07-05,20,N,VIIRS,h,2,292.41,10.96,N,0
35.81628,35.97719,367.0,0.46,0.63,2025-07-05,20,N,VIIRS,h,2,294.55,16.31,N,0
35.81672,35.97414,367.0,0.45,0.63,2025-07-05,20,N,VIIRS,h,2,293.08,10.96,N,0
35.81734,35.97336,351.14,0.46,0.63,2025-07-05,20,N,VIIRS,n,2,292.03,18.74,N,0
35.8201,35.98447,301.46,0.46,0.63,2025-07-05,20,N,VIIRS,n,2,289.19,12.25,N,0
35.82089,35.91452,317.23,0.45,0.63,2025-07-05,20,N,VIIRS,n,2,291.9,3.96,N,0
35.82121,35.98047,314.56,0.46,0.63,2025-07-05,20,N,VIIRS,n,2,289.88,10.96,N,0
35.82129,35.91322,347.5,0.45,0.63,2025-07-05,20,N,VIIRS,n,2,293.56,5.2,N,0
35.82188,35.97958,303.32,0.46,0.63,2025-07-05,20,N,VIIRS,n,2,289.65,16.31,N,0
35.82222,35.90975,367.0,0.45,0.63,2025-07-05,20,N,VIIRS,h,2,294.49,6.86,N,0
35.82236,35.97634,333.13,0.45,0.63,2025-07-05,20,N,VIIRS,n,2,290.79,10.96,N,0
35.82258,35.90852,334.12,0.45,0.63,2025-07-05,20,N,VIIRS,n,2,292.22,5.2,N,0
35.82632,35.91743,322.43,0.45,0.63,2025-07-05,20,N,VIIRS,n,2,292.26,3.96,N,0
35.82667,35.91633,333.29,0.45,0.63,2025-07-05,20,N,VIIRS,n,2,293.04,5.2,N,0
35.8275,35.91321,311.52,0.45,0.63,2025-07-05,20,N,VIIRS,n,2,292.31,6.86,N,0
35.82859,35.93211,308.74,0.45,0.63,2025-07-05,20,N,VIIRS,n,2,291.39,1.68,N,0
35.8294,35.92874,329.57,0.45,0.63,2025-07-05,20,N,VIIRS,n,2,292.14,3.44,N,0
35.82983,35.92759,326.48,0.45,0.63,2025-07-05,20,N,VIIRS,n,2,292.08,2.51,N,0
35.83028,35.94799,308.48,0.45,0.63,2025-07-05,20,N,VIIRS,n,2,289.86,1.27,N,0
35.83073,35.92399,320.75,0.45,0.63,2025-07-05,20,N,VIIRS,n,2,292.31,2.39,N,0
35.83079,35.94689,301.26,0.45,0.63,2025-07-05,20,N,VIIRS,n,2,289.81,0.87,N,0
35.83112,35.92283,315.65,0.45,0.63,2025-07-05,20,N,VIIRS,n,2,292.09,2.51,N,0
35.83197,35.91952,311.63,0.45,0.63,2025-07-05,20,N,VIIRS,n,2,292.43,2.39,N,0
35.83232,35.91843,315.74,0.45,0.63,2025-07-05,20,N,VIIRS,n,2,292.88,2.19,N,0
35.83315,35.9153,302.87,0.45,0.63,2025-07-05,20,N,VIIRS,n,2,292.03,1.55,N,0
36.14029,40.82232,304.39,0.79,0.78,2025-07-05,20,N,VIIRS,n,2,286.88,1.5,N,0
36.14295,40.81407,302.0,0.79,0.78,2025-07-05,20,N,VIIRS,n,2,287.37,1.5,N,2
36.14343,40.82047,319.78,0.79,0.78,2025-07-05,20,N,VIIRS,n,2,286.82,1.94,N,2
36.26108,33.7301,306.25,0.34,0.56,2025-07-05,20,N,VIIRS,n,2,294.85,0.97,N,2
36.34439,34.05898,301.43,0.35,0.57,2025-07-05,20,N,VIIRS,n,2,291.3,0.55,N,0
36.7167,36.2029,306.46,0.44,0.63,2025-07-05,20,N,VIIRS,n,2,290.03,1.01,N,2
36.71791,36.19849,308.29,0.44,0.63,2025-07-05,20,N,VIIRS,n,2,291.4,1.01,N,2
36.73298,36.21127,307.46,0.44,0.63,2025-07-05,20,N,VIIRS,n,2,294.58,1.38,N,2
36.73323,36.21032,305.31,0.44,0.63,2025-07-05,20,N,VIIRS,n,2,293.7,1.84,N,2
36.74808,36.2017,317.94,0.44,0.62,2025-07-05,20,N,VIIRS,n,2,291.57,1.95,N,2
36.74823,36.20073,311.05,0.44,0.62,2025-07-05,20,N,VIIRS,n,2,290.84,2.22,N,2
36.79821,36.26637,306.08,0.44,0.63,2025-07-05,20,N,VIIRS,n,2,288.52,1.42,N,0
36.79916,36.26298,314.65,0.44,0.63,2025-07-05,20,N,VIIRS,n,2,290.09,1.42,N,0
36.80458,36.26579,301.11,0.44,0.63,2025-07-05,20,N,VIIRS,n,2,289.82,1.92,N,0
36.8056,36.26215,302.36,0.44,0.63,2025-07-05,20,N,VIIRS,n,2,290.78,1.0,N,0
36.80659,36.25856,303.33,0.44,0.63,2025-07-05,20,N,VIIRS,n,2,290.68,1.0,N,0
36.80867,36.25106,345.36,0.44,0.63,2025-07-05,20,N,VIIRS,n,2,292.02,3.71,N,0
36.81209,36.26109,302.29,0.44,0.63,2025-07-05,20,N,VIIRS,n,2,290.41,1.0,N,0
36.81317,36.2572,314.87,0.44,0.63,2025-07-05,20,N,VIIRS,n,2,290.98,3.71,N,0
36.81794,36.26234,300.41,0.44,0.63,2025-07-05,20,N,VIIRS,n,2,289.72,1.88,N,0
36.82473,36.26017,303.12,0.44,0.63,2025-07-05,20,N,VIIRS,n,2,291.0,7.18,N,0
36.8257,36.25667,367.0,0.44,0.63,2025-07-05,20,N,VIIRS,h,2,297.56,7.18,N,0
36.82669,36.25307,321.44,0.44,0.63,2025-07-05,20,N,VIIRS,n,2,290.47,11.42,N,0
36.83136,36.25859,316.16,0.44,0.63,2025-07-05,20,N,VIIRS,n,2,291.59,2.12,N,0
36.83241,36.25783,308.13,0.44,0.63,2025-07-05,20,N,VIIRS,n,2,289.88,1.52,N,0
36.83926,39.0435,302.42,0.61,0.71,2025-07-05,20,N,VIIRS,n,2,285.06,0.99,N,0
37.04239,39.70777,298.94,0.65,0.73,2025-07-05,20,N,VIIRS,n,2,285.43,1.06,N,0
37.0446,39.70063,296.51,0.65,0.73,2025-07-05,20,N,VIIRS,n,2,285.58,1.02,N,0
37.25221,30.44303,307.72,0.43,0.46,2025-07-05,20,N,VIIRS,n,2,291.59,1.09,N,2
37.29358,37.15837,302.23,0.48,0.65,2025-07-05,20,N,VIIRS,n,2,288.23,1.45,N,2
37.35057,37.16115,300.88,0.48,0.64,2025-07-05,20,N,VIIRS,n,2,288.77,0.99,N,2
37.40516,37.18163,302.0,0.48,0.64,2025-07-05,20,N,VIIRS,n,2,284.12,1.0,N,0
37.42683,36.8917,299.63,0.46,0.64,2025-07-05,20,N,VIIRS,n,2,287.45,0.41,N,0
37.43239,36.89438,304.9,0.46,0.64,2025-07-05,20,N,VIIRS,n,2,288.12,0.41,N,0
37.4594,27.52435,307.26,0.47,0.4,2025-07-05,20,N,VIIRS,n,2,295.74,1.28,N,0
37.46063,27.52264,306.7,0.47,0.4,2025-07-05,20,N,VIIRS,n,2,295.19,1.73,N,0
37.56178,32.84661,296.21,0.56,0.52,2025-07-05,20,N,VIIRS,n,2,282.0,0.74,N,0
38.2678,26.41713,332.51,0.42,0.38,2025-07-05,20,N,VIIRS,n,2,297.52,3.38,N,0
38.26869,26.4123,335.34,0.42,0.38,2025-07-05,20,N,VIIRS,n,2,296.82,4.84,N,0
38.5836,26.94109,305.56,0.44,0.38,2025-07-05,20,N,VIIRS,n,2,292.75,0.65,N,0
38.65718,26.88013,303.54,0.43,0.38,2025-07-05,20,N,VIIRS,n,2,290.22,0.45,N,0
38.66048,30.61799,305.64,0.41,0.45,2025-07-05,20,N,VIIRS,n,2,287.09,0.93,N,2
38.66064,26.88117,311.74,0.43,0.38,2025-07-05,20,N,VIIRS,n,2,291.37,0.69,N,0
38.73862,26.93244,329.76,0.43,0.38,2025-07-05,20,N,VIIRS,n,2,296.36,2.1,N,2
38.74278,26.94935,330.03,0.44,0.38,2025-07-05,20,N,VIIRS,n,2,297.23,3.6,N,2
38.74969,26.9515,306.57,0.44,0.38,2025-07-05,20,N,VIIRS,n,2,295.0,0.73,N,2
38.75245,26.93664,309.75,0.43,0.38,2025-07-05,20,N,VIIRS,n,2,294.56,0.76,N,0
39.09029,27.51449,301.39,0.45,0.39,2025-07-05,20,N,VIIRS,n,2,289.78,0.82,N,0
39.11317,27.52364,303.42,0.45,0.39,2025-07-05,20,N,VIIRS,n,2,290.0,1.25,N,2
39.1148,27.52243,305.14,0.45,0.39,2025-07-05,20,N,VIIRS,n,2,290.2,1.02,N,2
39.48471,30.04096,305.79,0.56,0.43,2025-07-05,20,N,VIIRS,n,2,286.64,1.73,N,2
39.48568,30.04105,303.34,0.56,0.43,2025-07-05,20,N,VIIRS,n,2,286.26,1.72,N,2
39.86457,26.24314,315.93,0.41,0.37,2025-07-05,20,N,VIIRS,n,2,294.59,1.94,N,2
40.01562,27.00687,300.15,0.42,0.38,2025-07-05,20,N,VIIRS,n,2,289.83,0.44,N,0
40.01653,27.00194,302.44,0.42,0.38,2025-07-05,20,N,VIIRS,n,2,289.61,0.69,N,0
