latitude,longitude,bright_ti4,scan,track,acq_date,acq_time,satellite,instrument,confidence,version,bright_ti5,frp,daynight,type
41.17627,32.63274,295.21,0.77,0.77,2023-09-21,101,N,VIIRS,n,2,284.45,0.96,N,2
41.25806,31.42591,297.51,0.67,0.74,2023-09-21,101,N,VIIRS,n,2,286.56,2.76,N,2
38.65839,30.61802,295.2,0.74,0.76,2023-09-21,102,N,VIIRS,n,2,281.67,0.84,N,2
38.73844,26.94806,310.22,0.49,0.65,2023-09-21,102,N,VIIRS,n,2,290.48,1.24,N,2
38.74005,26.94257,299.17,0.49,0.65,2023-09-21,102,N,VIIRS,n,2,288.76,1.83,N,2
38.74408,26.95099,306.29,0.49,0.65,2023-09-21,102,N,VIIRS,n,2,289.23,1.24,N,2
39.86729,26.24418,302.09,0.42,0.61,2023-09-21,102,N,VIIRS,n,2,288.03,0.73,N,2
40.41143,29.11485,298.72,0.56,0.68,2023-09-21,102,N,VIIRS,n,2,286.75,0.67,N,0
40.41422,29.11614,300.5,0.55,0.68,2023-09-21,102,N,VIIRS,n,2,287.47,0.93,N,0
40.79717,29.37422,296.82,0.56,0.69,2023-09-21,102,N,VIIRS,n,2,286.77,0.66,N,2
40.79991,29.37654,299.07,0.56,0.69,2023-09-21,102,N,VIIRS,n,2,287.78,0.96,N,2
41.01767,28.55381,303.62,0.5,0.66,2023-09-21,102,N,VIIRS,n,2,286.86,1.68,N,0
35.52353,44.3452,346.96,0.6,0.7,2023-09-21,902,N,VIIRS,n,2,310.99,5.64,D,2
35.52476,44.34748,341.2,0.6,0.7,2023-09-21,902,N,VIIRS,n,2,310.26,6.73,D,2
35.52905,44.33816,351.56,0.6,0.7,2023-09-21,902,N,VIIRS,n,2,309.91,5.69,D,2
35.52977,44.34257,351.66,0.6,0.7,2023-09-21,902,N,VIIRS,n,2,310.37,9.79,D,2
35.6018,43.64684,367.0,0.64,0.72,2023-09-21,902,N,VIIRS,h,2,314.72,9.31,D,0
35.60391,43.65382,343.37,0.64,0.72,2023-09-21,902,N,VIIRS,n,2,312.9,19.94,D,0
35.6082,43.64402,341.5,0.64,0.72,2023-09-21,902,N,VIIRS,n,2,311.31,9.31,D,0
35.62746,44.00764,352.01,0.62,0.71,2023-09-21,902,N,VIIRS,n,2,311.03,9.92,D,2
35.6849,43.87487,355.81,0.62,0.72,2023-09-21,902,N,VIIRS,n,2,312.53,7.62,D,2
36.01955,43.67926,342.98,0.63,0.72,2023-09-21,902,N,VIIRS,n,2,312.78,7.75,D,2
36.05412,43.66187,346.58,0.63,0.72,2023-09-21,902,N,VIIRS,n,2,310.62,9.95,D,0
36.0664,43.76481,340.98,0.62,0.71,2023-09-21,902,N,VIIRS,n,2,307.31,3.6,D,0
36.07192,43.76823,354.88,0.62,0.71,2023-09-21,902,N,VIIRS,n,2,308.9,10.69,D,0
36.37635,44.03455,339.31,0.59,0.7,2023-09-21,902,N,VIIRS,n,2,309.87,3.72,D,0
36.52686,44.30963,342.38,0.56,0.69,2023-09-21,902,N,VIIRS,n,2,312.35,4.98,D,0
36.5286,44.30624,341.35,0.56,0.69,2023-09-21,902,N,VIIRS,n,2,310.43,2.32,D,0
36.77424,43.32517,345.66,0.62,0.72,2023-09-21,903,N,VIIRS,n,2,306.39,6.24,D,2
36.77758,43.32296,338.87,0.62,0.72,2023-09-21,903,N,VIIRS,n,2,304.6,4.95,D,2
36.9053,43.38971,335.29,0.61,0.71,2023-09-21,903,N,VIIRS,n,2,299.49,8.84,D,2
37.97886,40.96981,336.06,0.75,0.77,2023-09-21,903,N,VIIRS,n,2,304.22,9.49,D,0
37.98272,40.96787,334.25,0.75,0.77,2023-09-21,903,N,VIIRS,n,2,303.61,6.56,D,0
37.99206,43.53781,335.88,0.56,0.69,2023-09-21,903,N,VIIRS,n,2,296.46,5.17,D,0
37.99316,43.53473,348.05,0.56,0.69,2023-09-21,903,N,VIIRS,n,2,297.78,6.11,D,0
38.02943,41.45817,333.18,0.71,0.75,2023-09-21,903,N,VIIRS,n,2,296.14,12.86,D,0
40.70052,43.79896,336.54,0.46,0.63,2023-09-21,904,N,VIIRS,n,2,298.86,2.33,D,0
35.52586,44.34557,347.96,0.63,0.54,2023-09-21,1042,N,VIIRS,n,2,317.79,19.27,D,2
35.62717,44.00852,351.92,0.6,0.53,2023-09-21,1043,N,VIIRS,n,2,319.36,21.06,D,2
35.66865,43.70875,345.45,0.58,0.52,2023-09-21,1043,N,VIIRS,n,2,315.81,8.99,D,0
35.67137,43.70706,353.07,0.58,0.52,2023-09-21,1043,N,VIIRS,n,2,317.84,14.04,D,0
35.67351,43.70819,344.77,0.58,0.52,2023-09-21,1043,N,VIIRS,n,2,316.87,8.22,D,0
35.68379,43.87888,346.23,0.6,0.53,2023-09-21,1043,N,VIIRS,n,2,319.76,17.75,D,2
36.14096,37.50726,337.74,0.44,0.38,2023-09-21,1043,N,VIIRS,n,2,311.81,2.89,D,0
36.15021,37.46553,337.79,0.44,0.38,2023-09-21,1043,N,VIIRS,n,2,306.18,1.52,D,0
36.30893,36.25118,338.83,0.41,0.37,2023-09-21,1043,N,VIIRS,n,2,312.18,3.39,D,0
36.32253,38.65301,348.85,0.49,0.4,2023-09-21,1043,N,VIIRS,n,2,316.73,6.47,D,0
36.37822,44.03115,346.64,0.62,0.54,2023-09-21,1043,N,VIIRS,n,2,315.88,8.91,D,0
36.54919,38.49759,342.53,0.48,0.4,2023-09-21,1043,N,VIIRS,n,2,316.84,4.32,D,0
36.57364,44.41054,367.0,0.33,0.55,2023-09-21,1043,N,VIIRS,h,2,307.29,5.48,D,0
36.5739,44.41453,339.03,0.33,0.55,2023-09-21,1043,N,VIIRS,n,2,310.73,5.48,D,0
36.58524,43.47507,345.5,0.58,0.52,2023-09-21,1043,N,VIIRS,n,2,318.67,8.71,D,0
36.59969,44.41534,351.66,0.33,0.55,2023-09-21,1043,N,VIIRS,n,2,314.65,4.57,D,0
36.66114,35.34671,340.25,0.39,0.36,2023-09-21,1043,N,VIIRS,n,2,309.1,2.04,D,0
36.66448,35.34598,332.98,0.39,0.36,2023-09-21,1043,N,VIIRS,n,2,307.35,2.04,D,0
36.67044,35.41238,355.61,0.39,0.36,2023-09-21,1043,N,VIIRS,n,2,312.59,5.65,D,0
36.70732,38.59857,344.11,0.49,0.4,2023-09-21,1043,N,VIIRS,n,2,317.27,5.52,D,0
36.73563,38.2056,344.33,0.47,0.4,2023-09-21,1043,N,VIIRS,n,2,315.89,5.49,D,0
36.77958,35.46693,353.42,0.39,0.37,2023-09-21,1043,N,VIIRS,n,2,315.54,6.22,D,0
36.7984,35.45378,348.0,0.39,0.36,2023-09-21,1043,N,VIIRS,n,2,316.75,4.51,D,0
36.80125,35.49858,340.53,0.39,0.37,2023-09-21,1043,N,VIIRS,n,2,312.29,1.96,D,0
36.8175,35.02229,342.45,0.39,0.36,2023-09-21,1043,N,VIIRS,n,2,309.83,4.31,D,0
36.83152,34.92963,345.05,0.39,0.36,2023-09-21,1043,N,VIIRS,n,2,311.56,4.16,D,0
36.83162,35.51121,342.47,0.4,0.37,2023-09-21,1043,N,VIIRS,n,2,312.52,6.83,D,0
36.84372,40.19134,341.99,0.39,0.44,2023-09-21,1043,N,VIIRS,n,2,312.14,2.49,D,0
36.84412,40.19235,343.25,0.39,0.44,2023-09-21,1043,N,VIIRS,n,2,314.12,2.89,D,0
36.8455,35.00263,339.58,0.39,0.36,2023-09-21,1043,N,VIIRS,n,2,310.92,4.36,D,0
36.86849,35.38058,341.58,0.39,0.36,2023-09-21,1043,N,VIIRS,n,2,313.01,2.77,D,0
36.90623,43.39463,335.93,0.58,0.52,2023-09-21,1043,N,VIIRS,n,2,300.48,8.05,D,2
36.93505,30.64993,337.71,0.44,0.38,2023-09-21,1043,N,VIIRS,n,2,311.72,2.92,D,2
36.96389,35.73602,348.33,0.4,0.37,2023-09-21,1043,N,VIIRS,n,2,315.98,8.03,D,0
36.96578,35.88212,343.11,0.4,0.37,2023-09-21,1043,N,VIIRS,n,2,312.73,6.58,D,0
36.96883,40.44952,348.93,0.4,0.44,2023-09-21,1043,N,VIIRS,n,2,313.87,4.89,D,0
37.02076,33.52995,344.71,0.38,0.36,2023-09-21,1043,N,VIIRS,n,2,312.38,4.74,D,0
37.17201,35.91202,351.02,0.4,0.37,2023-09-21,1043,N,VIIRS,n,2,318.71,6.43,D,0
37.17789,35.61975,349.85,0.4,0.37,2023-09-21,1043,N,VIIRS,n,2,318.02,6.11,D,0
37.21109,42.31055,354.74,0.51,0.49,2023-09-21,1043,N,VIIRS,n,2,321.11,32.28,D,0
37.21566,42.30997,357.44,0.51,0.49,2023-09-21,1043,N,VIIRS,n,2,319.31,33.6,D,0
37.22379,35.95885,343.93,0.41,0.37,2023-09-21,1043,N,VIIRS,n,2,318.05,6.04,D,0
37.41924,36.9721,345.66,0.43,0.38,2023-09-21,1043,N,VIIRS,n,2,316.79,9.09,D,0
37.44344,38.71919,345.27,0.51,0.41,2023-09-21,1043,N,VIIRS,n,2,312.45,6.58,D,0
37.5672,37.03735,341.44,0.44,0.38,2023-09-21,1043,N,VIIRS,n,2,316.11,6.23,D,0
37.57397,37.96883,349.13,0.47,0.4,2023-09-21,1043,N,VIIRS,n,2,318.06,11.8,D,0
37.57824,37.97355,346.68,0.47,0.4,2023-09-21,1043,N,VIIRS,n,2,313.19,35.12,D,0
37.60066,31.80559,346.8,0.4,0.37,2023-09-21,1043,N,VIIRS,n,2,315.53,6.35,D,0
37.63246,31.84878,345.62,0.4,0.37,2023-09-21,1043,N,VIIRS,n,2,311.94,2.96,D,0
37.65131,31.91928,348.96,0.4,0.37,2023-09-21,1043,N,VIIRS,n,2,317.58,13.79,D,0
37.66283,31.92564,346.5,0.4,0.37,2023-09-21,1043,N,VIIRS,n,2,316.31,6.03,D,0
37.66891,38.50758,348.87,0.5,0.41,2023-09-21,1043,N,VIIRS,n,2,314.79,8.53,D,0
37.70057,38.45001,344.75,0.49,0.41,2023-09-21,1043,N,VIIRS,n,2,315.66,9.31,D,0
37.70119,38.45555,350.39,0.5,0.41,2023-09-21,1043,N,VIIRS,n,2,322.12,51.03,D,0
37.71234,33.26107,344.27,0.39,0.36,2023-09-21,1043,N,VIIRS,n,2,307.52,3.42,D,0
37.93873,41.46493,343.71,0.46,0.47,2023-09-21,1043,N,VIIRS,n,2,314.54,11.01,D,0
37.94313,41.46447,349.72,0.46,0.47,2023-09-21,1043,N,VIIRS,n,2,315.31,11.01,D,0
37.95242,41.46911,344.68,0.47,0.47,2023-09-21,1043,N,VIIRS,n,2,312.3,7.85,D,0
38.02359,40.18239,332.64,0.4,0.44,2023-09-21,1043,N,VIIRS,n,2,306.68,1.93,D,0
38.13388,40.45975,347.78,0.41,0.45,2023-09-21,1043,N,VIIRS,n,2,316.43,5.93,D,0
38.5644,39.20831,342.37,0.55,0.42,2023-09-21,1043,N,VIIRS,n,2,315.94,7.33,D,0
37.77631,31.76142,349.97,0.4,0.37,2023-09-21,1044,N,VIIRS,n,2,315.69,6.83,D,0
37.86086,31.63654,345.54,0.4,0.37,2023-09-21,1044,N,VIIRS,n,2,316.89,6.1,D,0
37.88455,31.85736,354.02,0.4,0.37,2023-09-21,1044,N,VIIRS,n,2,317.71,13.46,D,0
37.96192,32.82181,340.83,0.39,0.36,2023-09-21,1044,N,VIIRS,n,2,312.39,3.23,D,0
37.99114,31.47382,343.87,0.41,0.37,2023-09-21,1044,N,VIIRS,n,2,309.13,4.91,D,0
38.07404,29.79998,340.08,0.45,0.39,2023-09-21,1044,N,VIIRS,n,2,314.19,3.43,D,0
38.08294,30.01766,339.96,0.45,0.39,2023-09-21,1044,N,VIIRS,n,2,314.48,3.46,D,0
38.21003,31.64091,342.48,0.4,0.37,2023-09-21,1044,N,VIIRS,n,2,311.01,2.7,D,0
38.51562,29.53708,357.66,0.46,0.39,2023-09-21,1044,N,VIIRS,n,2,317.9,12.31,D,0
38.93132,27.00778,342.49,0.38,0.43,2023-09-21,1044,N,VIIRS,n,2,307.76,4.03,D,0
38.93239,32.13176,339.62,0.39,0.36,2023-09-21,1044,N,VIIRS,n,2,313.99,1.48,D,0
38.99424,32.34295,337.54,0.39,0.36,2023-09-21,1044,N,VIIRS,n,2,312.23,3.39,D,0
39.112,31.60587,353.14,0.4,0.37,2023-09-21,1044,N,VIIRS,n,2,309.06,10.7,D,0
39.12391,42.45355,343.61,0.54,0.51,2023-09-21,1044,N,VIIRS,n,2,305.5,3.7,D,0
39.17794,42.32804,337.82,0.53,0.5,2023-09-21,1044,N,VIIRS,n,2,305.47,2.65,D,0
39.19007,32.54241,340.99,0.39,0.36,2023-09-21,1044,N,VIIRS,n,2,314.83,2.71,D,0
39.47118,35.21519,341.31,0.4,0.37,2023-09-21,1044,N,VIIRS,n,2,312.92,5.33,D,0
39.75061,36.5914,341.46,0.44,0.38,2023-09-21,1044,N,VIIRS,n,2,310.85,7.86,D,0
40.04255,44.43969,347.06,0.35,0.57,2023-09-21,1044,N,VIIRS,n,2,301.27,5.28,D,0
40.12656,44.23971,350.08,0.34,0.56,2023-09-21,1044,N,VIIRS,n,2,300.4,3.21,D,0
40.1266,44.23941,349.25,0.34,0.56,2023-09-21,1044,N,VIIRS,n,2,299.84,3.81,D,0
40.14427,34.80545,337.49,0.4,0.37,2023-09-21,1044,N,VIIRS,n,2,310.37,2.61,D,0
40.26041,29.06892,345.11,0.45,0.39,2023-09-21,1044,N,VIIRS,n,2,303.38,6.49,D,0
40.37962,32.1313,335.82,0.39,0.36,2023-09-21,1044,N,VIIRS,n,2,303.08,6.38,D,0
40.4395,44.42094,339.48,0.35,0.57,2023-09-21,1044,N,VIIRS,n,2,303.13,4.66,D,0
40.44164,44.42104,341.61,0.35,0.57,2023-09-21,1044,N,VIIRS,n,2,303.76,5.24,D,0
40.46812,35.61786,336.58,0.42,0.38,2023-09-21,1044,N,VIIRS,n,2,309.78,3.08,D,0
40.59339,43.78463,340.04,0.33,0.55,2023-09-21,1044,N,VIIRS,n,2,305.15,5.46,D,0
40.5983,43.78041,335.99,0.33,0.55,2023-09-21,1044,N,VIIRS,n,2,303.08,4.78,D,0
40.59852,43.78414,367.0,0.33,0.55,2023-09-21,1044,N,VIIRS,h,2,305.21,5.46,D,0
40.65521,44.13534,344.2,0.34,0.56,2023-09-21,1044,N,VIIRS,n,2,301.49,5.34,D,0
40.65543,44.13947,341.66,0.34,0.56,2023-09-21,1044,N,VIIRS,n,2,302.33,6.57,D,0
40.69909,43.80196,339.04,0.33,0.55,2023-09-21,1044,N,VIIRS,n,2,304.55,2.95,D,0
40.71426,36.38572,333.77,0.44,0.39,2023-09-21,1044,N,VIIRS,n,2,306.8,2.28,D,0
40.73087,30.37377,337.34,0.41,0.37,2023-09-21,1044,N,VIIRS,n,2,302.91,1.81,D,0
40.76408,43.91441,354.82,0.34,0.56,2023-09-21,1044,N,VIIRS,n,2,305.05,5.34,D,0
40.82355,43.86342,367.0,0.33,0.56,2023-09-21,1044,N,VIIRS,h,2,303.2,10.54,D,0
40.82934,44.14558,347.77,0.35,0.56,2023-09-21,1044,N,VIIRS,n,2,296.68,3.25,D,0
41.24137,36.46556,334.46,0.45,0.39,2023-09-21,1044,N,VIIRS,n,2,303.42,4.15,D,2
42.09371,43.83092,352.02,0.34,0.56,2023-09-21,1044,N,VIIRS,n,2,298.2,6.33,D,0
42.09386,43.83283,353.14,0.34,0.56,2023-09-21,1044,N,VIIRS,n,2,298.3,6.13,D,0
41.32981,26.36395,333.3,0.55,0.43,2023-09-21,1045,N,VIIRS,n,2,272.74,26.61,D,0
41.33364,26.36256,352.22,0.55,0.43,2023-09-21,1045,N,VIIRS,n,2,279.02,26.61,D,0
41.37406,27.10294,336.04,0.51,0.41,2023-09-21,1045,N,VIIRS,n,2,304.77,8.09,D,0
41.37527,27.10895,341.81,0.51,0.41,2023-09-21,1045,N,VIIRS,n,2,306.65,8.09,D,0
40.52322,38.86789,296.62,0.47,0.4,2023-09-21,2302,N,VIIRS,n,2,279.73,0.83,N,0
40.52687,38.86858,295.75,0.47,0.4,2023-09-21,2302,N,VIIRS,n,2,278.5,0.83,N,0
40.578,43.00597,298.71,0.38,0.36,2023-09-21,2302,N,VIIRS,n,2,279.97,0.44,N,0
40.93798,35.88303,301.29,0.43,0.46,2023-09-21,2302,N,VIIRS,n,2,284.3,0.99,N,0
41.10833,37.32255,303.64,0.56,0.43,2023-09-21,2302,N,VIIRS,n,2,288.88,1.12,N,2
41.17493,32.63678,297.96,0.64,0.54,2023-09-21,2302,N,VIIRS,n,2,284.04,1.02,N,2
41.17528,32.63116,302.36,0.32,0.54,2023-09-21,2302,N,VIIRS,n,2,285.01,1.11,N,2
41.2418,36.46232,318.57,0.41,0.45,2023-09-21,2302,N,VIIRS,n,2,289.33,2.38,N,2
41.25604,31.42958,297.26,0.37,0.58,2023-09-21,2302,N,VIIRS,n,2,280.11,0.58,N,2
41.26036,31.42924,299.71,0.37,0.58,2023-09-21,2302,N,VIIRS,n,2,280.48,0.56,N,2
41.26167,31.42546,295.63,0.37,0.58,2023-09-21,2302,N,VIIRS,n,2,280.3,0.58,N,2
41.26578,31.4297,295.63,0.37,0.58,2023-09-21,2302,N,VIIRS,n,2,280.19,0.56,N,2
41.26729,31.42148,302.1,0.37,0.58,2023-09-21,2302,N,VIIRS,n,2,281.84,1.18,N,2
41.64091,32.3059,299.47,0.33,0.56,2023-09-21,2302,N,VIIRS,n,2,285.06,0.31,N,0
42.22153,26.12858,304.6,0.7,0.75,2023-09-21,2302,N,VIIRS,n,2,284.34,2.01,N,0
42.2242,26.1335,316.58,0.7,0.75,2023-09-21,2302,N,VIIRS,n,2,284.56,3.05,N,0
42.22423,26.12462,302.55,0.7,0.75,2023-09-21,2302,N,VIIRS,n,2,284.33,2.93,N,0
42.22856,26.12841,309.37,0.7,0.75,2023-09-21,2302,N,VIIRS,n,2,284.51,1.73,N,0
36.00908,43.92063,307.13,0.41,0.37,2023-09-21,2303,N,VIIRS,n,2,296.63,1.41,N,0
36.12848,43.78009,305.14,0.4,0.37,2023-09-21,2303,N,VIIRS,n,2,293.98,2.11,N,2
36.35173,42.07563,311.91,0.38,0.36,2023-09-21,2303,N,VIIRS,n,2,298.1,1.43,N,2
36.44161,42.92945,306.51,0.39,0.36,2023-09-21,2303,N,VIIRS,n,2,294.19,1.71,N,2
36.45697,41.28346,305.05,0.39,0.36,2023-09-21,2303,N,VIIRS,n,2,291.62,0.92,N,2
36.46006,42.67052,303.91,0.39,0.36,2023-09-21,2303,N,VIIRS,n,2,293.56,0.64,N,2
36.63967,43.63616,308.17,0.4,0.37,2023-09-21,2303,N,VIIRS,n,2,290.92,0.84,N,0
36.64301,43.63703,310.73,0.4,0.37,2023-09-21,2303,N,VIIRS,n,2,291.06,0.82,N,2
36.71603,43.59645,300.97,0.4,0.37,2023-09-21,2303,N,VIIRS,n,2,288.83,0.4,N,0
36.7165,43.59964,302.65,0.4,0.37,2023-09-21,2303,N,VIIRS,n,2,289.14,0.39,N,0
36.72671,43.662,301.14,0.4,0.37,2023-09-21,2303,N,VIIRS,n,2,290.08,0.39,N,0
36.73101,43.28064,304.19,0.39,0.36,2023-09-21,2303,N,VIIRS,n,2,293.64,0.7,N,2
36.74778,43.49783,304.83,0.39,0.37,2023-09-21,2303,N,VIIRS,n,2,293.79,1.24,N,2
36.7767,43.32703,310.9,0.39,0.36,2023-09-21,2303,N,VIIRS,n,2,295.95,1.61,N,2
36.77743,43.3227,326.19,0.39,0.36,2023-09-21,2303,N,VIIRS,n,2,297.12,1.61,N,2
36.81457,42.09222,330.47,0.38,0.36,2023-09-21,2303,N,VIIRS,n,2,292.09,2.65,N,0
36.83157,40.48837,303.5,0.4,0.37,2023-09-21,2303,N,VIIRS,n,2,289.61,0.63,N,0
36.9066,43.38935,332.61,0.39,0.36,2023-09-21,2303,N,VIIRS,n,2,291.58,4.35,N,2
36.90991,43.39023,324.67,0.39,0.36,2023-09-21,2303,N,VIIRS,n,2,292.64,2.02,N,2
36.91578,42.77746,320.03,0.39,0.36,2023-09-21,2303,N,VIIRS,n,2,291.96,1.57,N,0
36.91624,41.89735,316.57,0.38,0.36,2023-09-21,2303,N,VIIRS,n,2,292.9,1.07,N,2
36.93748,42.13358,329.91,0.38,0.36,2023-09-21,2303,N,VIIRS,n,2,296.27,3.52,N,2
36.9395,42.12073,305.91,0.38,0.36,2023-09-21,2303,N,VIIRS,n,2,293.85,1.26,N,2
36.94197,42.17027,329.41,0.38,0.36,2023-09-21,2303,N,VIIRS,n,2,293.9,1.7,N,2
36.96525,42.08121,320.1,0.38,0.36,2023-09-21,2303,N,VIIRS,n,2,293.92,1.05,N,2
37.00232,37.77943,311.0,0.48,0.4,2023-09-21,2303,N,VIIRS,n,2,292.68,1.19,N,0
37.07507,42.42233,300.88,0.38,0.36,2023-09-21,2303,N,VIIRS,n,2,290.46,0.66,N,0
37.1022,43.15789,302.14,0.39,0.36,2023-09-21,2303,N,VIIRS,n,2,288.63,0.54,N,0
37.11935,42.52491,319.54,0.38,0.36,2023-09-21,2303,N,VIIRS,n,2,294.43,1.6,N,0
37.13774,42.7935,302.85,0.39,0.36,2023-09-21,2303,N,VIIRS,n,2,292.35,0.45,N,2
37.27772,38.72883,304.89,0.44,0.39,2023-09-21,2303,N,VIIRS,n,2,290.83,1.35,N,2
37.29418,37.15584,305.86,0.51,0.41,2023-09-21,2303,N,VIIRS,n,2,292.68,1.31,N,2
37.29659,37.15721,303.86,0.51,0.41,2023-09-21,2303,N,VIIRS,n,2,292.08,1.54,N,2
37.33811,40.80242,311.42,0.39,0.36,2023-09-21,2303,N,VIIRS,n,2,293.66,0.94,N,2
37.35432,37.16145,304.34,0.51,0.41,2023-09-21,2303,N,VIIRS,n,2,293.35,1.67,N,2
37.64373,42.77694,301.02,0.39,0.36,2023-09-21,2303,N,VIIRS,n,2,287.27,0.54,N,0
37.64442,42.77264,297.47,0.39,0.36,2023-09-21,2303,N,VIIRS,n,2,286.87,0.54,N,0
37.74537,38.12011,313.24,0.47,0.4,2023-09-21,2303,N,VIIRS,n,2,292.32,1.87,N,0
37.80614,38.57081,303.98,0.46,0.39,2023-09-21,2303,N,VIIRS,n,2,291.72,0.39,N,0
37.81202,38.58278,305.49,0.45,0.39,2023-09-21,2303,N,VIIRS,n,2,292.78,0.99,N,0
37.88486,40.68858,307.5,0.4,0.37,2023-09-21,2303,N,VIIRS,n,2,288.49,0.61,N,0
37.9378,41.00408,309.87,0.39,0.36,2023-09-21,2303,N,VIIRS,n,2,287.3,0.98,N,0
37.94114,41.00484,320.68,0.39,0.36,2023-09-21,2303,N,VIIRS,n,2,289.24,1.38,N,0
37.95341,41.44939,297.64,0.39,0.36,2023-09-21,2303,N,VIIRS,n,2,287.42,0.42,N,0
37.96374,41.70165,302.0,0.39,0.36,2023-09-21,2303,N,VIIRS,n,2,291.95,0.54,N,2
37.96494,41.57944,296.84,0.39,0.36,2023-09-21,2303,N,VIIRS,n,2,286.64,0.17,N,0
38.41926,43.23813,303.87,0.39,0.36,2023-09-21,2303,N,VIIRS,n,2,286.98,0.9,N,0
38.42657,27.21596,300.38,0.59,0.7,2023-09-21,2303,N,VIIRS,n,2,288.06,0.87,N,2
38.45405,38.72701,304.16,0.46,0.39,2023-09-21,2303,N,VIIRS,n,2,289.97,1.12,N,2
38.66426,39.23183,298.9,0.44,0.38,2023-09-21,2303,N,VIIRS,n,2,288.09,0.74,N,0
38.72578,34.21524,296.79,0.5,0.49,2023-09-21,2303,N,VIIRS,n,2,280.41,0.57,N,0
38.73874,26.94526,300.87,0.61,0.71,2023-09-21,2303,N,VIIRS,n,2,288.28,1.98,N,2
38.85846,35.76586,300.09,0.42,0.45,2023-09-21,2303,N,VIIRS,n,2,285.27,0.5,N,0
38.89428,41.56852,299.01,0.39,0.36,2023-09-21,2303,N,VIIRS,n,2,287.12,0.68,N,0
38.91982,34.37932,303.3,0.49,0.49,2023-09-21,2303,N,VIIRS,n,2,283.12,0.87,N,0
39.13703,34.77641,295.4,0.47,0.48,2023-09-21,2303,N,VIIRS,n,2,280.32,0.31,N,0
39.86594,26.23954,297.26,0.67,0.74,2023-09-21,2303,N,VIIRS,n,2,285.74,1.01,N,2
39.94437,33.19286,307.23,0.58,0.52,2023-09-21,2303,N,VIIRS,n,2,284.44,2.66,N,2
39.96238,33.14552,295.37,0.58,0.52,2023-09-21,2303,N,VIIRS,n,2,281.55,0.57,N,2
40.06163,34.99339,295.71,0.47,0.48,2023-09-21,2303,N,VIIRS,n,2,280.29,1.07,N,0
40.06605,34.99385,302.79,0.47,0.48,2023-09-21,2303,N,VIIRS,n,2,281.5,1.07,N,0
40.06976,34.99504,332.73,0.47,0.48,2023-09-21,2303,N,VIIRS,n,2,283.09,3.51,N,0
40.07022,34.98947,324.84,0.47,0.48,2023-09-21,2303,N,VIIRS,n,2,281.88,4.23,N,0
40.07048,34.99426,329.19,0.47,0.48,2023-09-21,2303,N,VIIRS,n,2,282.82,3.23,N,0
40.07096,34.9887,320.49,0.47,0.48,2023-09-21,2303,N,VIIRS,n,2,281.18,3.23,N,0
40.1139,35.05333,295.64,0.47,0.47,2023-09-21,2303,N,VIIRS,n,2,281.36,0.57,N,0
40.11436,35.04782,296.29,0.47,0.47,2023-09-21,2303,N,VIIRS,n,2,283.16,0.57,N,0
40.24122,29.9235,295.94,0.43,0.62,2023-09-21,2303,N,VIIRS,n,2,283.68,0.32,N,2
40.41195,29.11202,297.84,0.48,0.65,2023-09-21,2303,N,VIIRS,n,2,285.18,2.31,N,0
40.41314,29.11209,308.11,0.48,0.65,2023-09-21,2303,N,VIIRS,n,2,286.84,0.55,N,0
40.73238,30.36447,337.8,0.41,0.61,2023-09-21,2303,N,VIIRS,n,2,283.63,2.76,N,0
40.73806,30.36526,322.35,0.41,0.61,2023-09-21,2303,N,VIIRS,n,2,284.87,2.76,N,0
40.75865,29.35645,298.15,0.47,0.64,2023-09-21,2303,N,VIIRS,n,2,287.37,0.93,N,2
40.76458,32.21687,305.89,0.33,0.55,2023-09-21,2303,N,VIIRS,n,2,280.15,1.42,N,2
40.8,29.37683,304.31,0.47,0.64,2023-09-21,2303,N,VIIRS,n,2,286.79,1.03,N,2
40.94762,31.39442,304.36,0.37,0.58,2023-09-21,2303,N,VIIRS,n,2,284.43,0.61,N,2
40.94947,31.39439,298.63,0.37,0.58,2023-09-21,2303,N,VIIRS,n,2,283.92,0.7,N,2
41.02072,28.55292,304.7,0.52,0.67,2023-09-21,2303,N,VIIRS,n,2,286.65,1.33,N,2
35.51203,44.37564,311.07,0.42,0.38,2023-09-21,2304,N,VIIRS,n,2,295.53,0.99,N,2
35.52809,44.3463,323.99,0.42,0.38,2023-09-21,2304,N,VIIRS,n,2,294.9,2.51,N,2
35.52892,44.34172,345.23,0.42,0.38,2023-09-21,2304,N,VIIRS,n,2,296.95,4.11,N,2
35.52974,44.33715,321.06,0.42,0.38,2023-09-21,2304,N,VIIRS,n,2,294.81,4.11,N,2
35.53234,44.34263,329.01,0.42,0.38,2023-09-21,2304,N,VIIRS,n,2,294.72,4.11,N,2
35.53316,44.33805,340.73,0.42,0.38,2023-09-21,2304,N,VIIRS,n,2,297.58,4.11,N,2
35.53658,44.33895,327.6,0.42,0.38,2023-09-21,2304,N,VIIRS,n,2,294.5,1.64,N,2
35.56434,44.28404,307.84,0.42,0.38,2023-09-21,2304,N,VIIRS,n,2,293.98,0.56,N,2
35.58451,44.25112,311.92,0.42,0.38,2023-09-21,2304,N,VIIRS,n,2,295.76,1.13,N,2
35.62773,44.00687,305.37,0.41,0.37,2023-09-21,2304,N,VIIRS,n,2,294.3,1.17,N,2
35.63033,44.01227,307.01,0.41,0.37,2023-09-21,2304,N,VIIRS,n,2,294.03,2.04,N,2
35.63111,44.00779,331.09,0.41,0.37,2023-09-21,2304,N,VIIRS,n,2,299.66,6.37,N,2
35.66348,43.96457,319.42,0.41,0.37,2023-09-21,2304,N,VIIRS,n,2,294.52,1.54,N,2
35.68534,43.87923,324.73,0.41,0.37,2023-09-21,2304,N,VIIRS,n,2,293.93,5.05,N,2
35.68582,43.87684,333.43,0.41,0.37,2023-09-21,2304,N,VIIRS,n,2,300.34,9.42,N,2
35.68613,43.87476,329.99,0.41,0.37,2023-09-21,2304,N,VIIRS,n,2,297.73,5.05,N,2
35.71823,40.53588,304.81,0.39,0.36,2023-09-21,2304,N,VIIRS,n,2,290.86,0.89,N,0
35.72429,44.03943,311.57,0.41,0.37,2023-09-21,2304,N,VIIRS,n,2,296.28,1.47,N,2
35.72768,44.04031,331.07,0.41,0.37,2023-09-21,2304,N,VIIRS,n,2,299.38,4.65,N,2
35.72926,44.03133,329.65,0.41,0.37,2023-09-21,2304,N,VIIRS,n,2,295.52,1.87,N,2
35.73265,44.0322,317.96,0.41,0.37,2023-09-21,2304,N,VIIRS,n,2,296.85,1.87,N,2
35.77394,43.99428,329.81,0.41,0.37,2023-09-21,2304,N,VIIRS,n,2,297.66,2.53,N,2
35.77436,43.99611,330.39,0.41,0.37,2023-09-21,2304,N,VIIRS,n,2,298.1,3.45,N,2
35.92657,43.78951,331.11,0.4,0.37,2023-09-21,2304,N,VIIRS,n,2,296.53,2.97,N,2
35.95341,43.7364,308.01,0.4,0.37,2023-09-21,2304,N,VIIRS,n,2,295.58,0.62,N,2
35.95494,43.72759,322.77,0.4,0.37,2023-09-21,2304,N,VIIRS,n,2,296.29,2.89,N,2
35.97486,43.7745,320.32,0.4,0.37,2023-09-21,2304,N,VIIRS,n,2,297.16,3.21,N,2
35.98235,43.77186,329.96,0.4,0.37,2023-09-21,2304,N,VIIRS,n,2,298.44,2.79,N,2
35.98311,43.76742,310.7,0.4,0.37,2023-09-21,2304,N,VIIRS,n,2,297.71,2.82,N,2
35.99807,43.76213,320.93,0.4,0.37,2023-09-21,2304,N,VIIRS,n,2,295.89,2.27,N,2
36.01851,43.6843,333.47,0.4,0.37,2023-09-21,2304,N,VIIRS,n,2,299.08,2.91,N,2
36.01927,43.6799,315.76,0.4,0.37,2023-09-21,2304,N,VIIRS,n,2,294.97,2.91,N,2
36.12407,41.0456,310.33,0.39,0.36,2023-09-21,2304,N,VIIRS,n,2,293.72,0.95,N,2
36.13146,40.81203,311.48,0.39,0.36,2023-09-21,2304,N,VIIRS,n,2,293.28,0.94,N,2
36.1321,40.80772,312.57,0.39,0.36,2023-09-21,2304,N,VIIRS,n,2,293.22,1.27,N,2
36.14474,40.81499,328.29,0.39,0.36,2023-09-21,2304,N,VIIRS,n,2,292.95,2.02,N,2
36.7187,36.20154,321.35,0.56,0.43,2023-09-21,2304,N,VIIRS,n,2,294.78,4.65,N,2
36.72993,36.20982,308.75,0.56,0.43,2023-09-21,2304,N,VIIRS,n,2,294.34,2.71,N,2
36.73389,36.2105,326.73,0.56,0.43,2023-09-21,2304,N,VIIRS,n,2,296.09,2.71,N,2
36.74716,36.19977,323.21,0.56,0.43,2023-09-21,2304,N,VIIRS,n,2,295.45,4.59,N,2
36.79974,37.02146,306.98,0.51,0.41,2023-09-21,2304,N,VIIRS,n,2,293.34,1.33,N,2
36.8722,34.76239,311.56,0.44,0.46,2023-09-21,2304,N,VIIRS,n,2,295.11,1.9,N,2
37.01859,36.09149,306.18,0.57,0.43,2023-09-21,2304,N,VIIRS,n,2,294.42,1.09,N,2
37.02062,36.11112,304.4,0.57,0.43,2023-09-21,2304,N,VIIRS,n,2,294.12,1.21,N,2
37.02462,36.11173,313.91,0.57,0.43,2023-09-21,2304,N,VIIRS,n,2,294.59,1.21,N,2
39.19246,34.06697,295.74,0.62,0.71,2023-09-22,43,N,VIIRS,n,2,282.78,0.65,N,0
39.19358,34.07004,295.94,0.62,0.71,2023-09-22,43,N,VIIRS,n,2,282.45,0.33,N,0
39.57619,29.85976,301.37,0.37,0.58,2023-09-22,43,N,VIIRS,n,2,281.41,0.78,N,0
40.06628,34.99311,298.71,0.64,0.72,2023-09-22,43,N,VIIRS,n,2,280.19,2.45,N,0
40.06932,34.99272,308.27,0.64,0.72,2023-09-22,43,N,VIIRS,n,2,280.56,1.85,N,0
40.18522,29.22526,297.8,0.33,0.56,2023-09-22,43,N,VIIRS,n,2,285.73,0.34,N,2
40.23022,29.07575,304.77,0.33,0.55,2023-09-22,43,N,VIIRS,n,2,284.48,0.41,N,0
40.41193,29.11754,311.6,0.33,0.55,2023-09-22,43,N,VIIRS,n,2,286.72,1.51,N,0
40.41416,29.11626,312.32,0.33,0.55,2023-09-22,43,N,VIIRS,n,2,288.24,1.45,N,0
40.44361,27.14139,303.8,0.52,0.5,2023-09-22,43,N,VIIRS,n,2,288.67,1.27,N,2
40.79879,29.37679,312.11,0.33,0.55,2023-09-22,43,N,VIIRS,n,2,288.41,0.76,N,2
41.0198,28.55295,306.42,0.59,0.53,2023-09-22,43,N,VIIRS,n,2,285.85,1.95,N,2
41.02189,28.5549,305.36,0.59,0.53,2023-09-22,43,N,VIIRS,n,2,286.09,1.4,N,2
41.25361,31.42902,295.8,0.4,0.6,2023-09-22,43,N,VIIRS,n,2,285.03,0.6,N,0
41.25453,31.42815,296.61,0.4,0.6,2023-09-22,43,N,VIIRS,n,2,285.69,0.63,N,0
41.25887,31.43166,306.23,0.4,0.6,2023-09-22,43,N,VIIRS,n,2,286.63,0.6,N,2
41.26669,31.42532,299.84,0.4,0.6,2023-09-22,43,N,VIIRS,n,2,287.53,0.91,N,2
41.26756,31.42444,305.99,0.4,0.6,2023-09-22,43,N,VIIRS,n,2,288.22,1.66,N,2
41.79725,26.70272,296.87,0.46,0.47,2023-09-22,43,N,VIIRS,n,2,286.1,0.53,N,2
38.65889,30.61902,306.3,0.43,0.62,2023-09-22,44,N,VIIRS,n,2,281.46,1.11,N,2
38.65976,30.62076,297.13,0.43,0.62,2023-09-22,44,N,VIIRS,n,2,279.36,0.54,N,2
38.73377,26.9449,301.53,0.56,0.51,2023-09-22,44,N,VIIRS,n,2,289.16,1.26,N,0
38.73831,26.94535,305.97,0.56,0.51,2023-09-22,44,N,VIIRS,n,2,291.13,1.94,N,2
38.73831,26.94689,311.97,0.56,0.51,2023-09-22,44,N,VIIRS,n,2,290.93,1.85,N,2
38.7429,26.94717,307.34,0.56,0.51,2023-09-22,44,N,VIIRS,n,2,289.46,1.94,N,2
38.7429,26.94871,308.36,0.56,0.51,2023-09-22,44,N,VIIRS,n,2,290.46,1.85,N,2
39.86693,26.24432,304.09,0.48,0.48,2023-09-22,44,N,VIIRS,n,2,287.5,1.39,N,2
35.60419,44.32522,346.29,0.53,0.42,2023-09-22,1024,N,VIIRS,n,2,320.74,7.91,D,0
35.86118,36.75135,349.69,0.41,0.37,2023-09-22,1024,N,VIIRS,n,2,320.38,6.42,D,0
35.98174,43.77101,349.99,0.5,0.41,2023-09-22,1024,N,VIIRS,n,2,321.77,7.5,D,2
36.01183,43.8003,349.53,0.5,0.41,2023-09-22,1024,N,VIIRS,n,2,320.89,10.83,D,0
36.3054,42.27391,353.87,0.44,0.38,2023-09-22,1024,N,VIIRS,n,2,322.92,6.7,D,0
36.62649,38.84018,349.65,0.38,0.36,2023-09-22,1024,N,VIIRS,n,2,321.16,6.99,D,0
36.71434,35.10808,336.76,0.45,0.39,2023-09-22,1024,N,VIIRS,n,2,308.88,2.62,D,0
36.71724,36.20182,332.69,0.42,0.38,2023-09-22,1024,N,VIIRS,n,2,307.05,2.29,D,2
36.72172,39.92239,348.63,0.39,0.36,2023-09-22,1024,N,VIIRS,n,2,322.58,5.96,D,0
36.72567,39.92601,367.0,0.39,0.36,2023-09-22,1024,N,VIIRS,h,2,324.05,14.67,D,0
36.72988,36.21296,335.05,0.42,0.38,2023-09-22,1024,N,VIIRS,n,2,307.26,3.9,D,2
36.73901,35.42328,343.39,0.44,0.38,2023-09-22,1024,N,VIIRS,n,2,313.66,4.9,D,0
36.7701,39.85341,355.96,0.39,0.36,2023-09-22,1024,N,VIIRS,n,2,325.96,17.89,D,0
36.77072,39.85776,351.4,0.39,0.36,2023-09-22,1024,N,VIIRS,n,2,321.16,17.89,D,0
36.90729,43.39236,339.71,0.49,0.41,2023-09-22,1024,N,VIIRS,n,2,310.38,6.06,D,2
36.9207,43.96135,345.92,0.52,0.42,2023-09-22,1024,N,VIIRS,n,2,312.91,18.58,D,0
36.99957,32.24781,337.37,0.4,0.44,2023-09-22,1024,N,VIIRS,n,2,305.89,3.37,D,0
37.10396,38.32799,343.94,0.38,0.36,2023-09-22,1024,N,VIIRS,n,2,318.58,4.55,D,0
37.10527,36.04567,343.46,0.42,0.38,2023-09-22,1024,N,VIIRS,n,2,310.42,3.91,D,0
37.17173,35.96632,345.19,0.42,0.38,2023-09-22,1024,N,VIIRS,n,2,313.23,6.12,D,0
37.30592,35.69877,355.4,0.43,0.38,2023-09-22,1024,N,VIIRS,n,2,318.09,6.61,D,0
37.30709,35.70024,347.05,0.43,0.38,2023-09-22,1024,N,VIIRS,n,2,315.99,5.53,D,0
37.39693,36.30455,338.71,0.41,0.37,2023-09-22,1024,N,VIIRS,n,2,307.52,1.73,D,0
37.49591,38.71423,348.42,0.38,0.36,2023-09-22,1024,N,VIIRS,n,2,318.31,10.61,D,0
37.73563,38.17606,351.54,0.38,0.36,2023-09-22,1024,N,VIIRS,n,2,320.23,8.0,D,0
37.74221,38.17445,351.2,0.38,0.36,2023-09-22,1024,N,VIIRS,n,2,320.22,6.68,D,0
37.74348,38.16065,353.45,0.38,0.36,2023-09-22,1024,N,VIIRS,n,2,323.44,18.7,D,0
37.7455,38.17365,351.03,0.38,0.36,2023-09-22,1024,N,VIIRS,n,2,316.88,6.55,D,0
38.15364,40.31171,347.33,0.4,0.37,2023-09-22,1024,N,VIIRS,n,2,318.96,7.1,D,0
38.18782,40.48885,347.32,0.41,0.37,2023-09-22,1024,N,VIIRS,n,2,319.97,6.65,D,0
37.59681,31.82047,340.53,0.4,0.45,2023-09-22,1025,N,VIIRS,n,2,314.01,2.63,D,0
37.63785,31.91337,343.24,0.4,0.44,2023-09-22,1025,N,VIIRS,n,2,313.05,11.96,D,0
37.63876,31.91772,355.48,0.4,0.44,2023-09-22,1025,N,VIIRS,n,2,319.58,11.96,D,0
37.64182,31.91196,343.07,0.4,0.44,2023-09-22,1025,N,VIIRS,n,2,309.98,11.96,D,0
37.6486,31.92398,345.29,0.4,0.44,2023-09-22,1025,N,VIIRS,n,2,315.34,13.38,D,0
37.64998,31.8899,338.95,0.4,0.44,2023-09-22,1025,N,VIIRS,n,2,311.47,2.45,D,0
37.75228,31.83271,351.91,0.4,0.44,2023-09-22,1025,N,VIIRS,n,2,308.0,3.85,D,0
37.85941,31.6013,342.6,0.41,0.45,2023-09-22,1025,N,VIIRS,n,2,310.89,4.97,D,0
37.91986,31.58116,341.77,0.41,0.45,2023-09-22,1025,N,VIIRS,n,2,311.11,2.27,D,0
37.92281,31.58183,349.15,0.41,0.45,2023-09-22,1025,N,VIIRS,n,2,314.87,12.07,D,0
37.9239,31.57984,350.74,0.41,0.45,2023-09-22,1025,N,VIIRS,n,2,313.63,11.59,D,0
38.23995,30.19379,339.72,0.47,0.48,2023-09-22,1025,N,VIIRS,n,2,309.31,6.55,D,0
38.27348,32.50051,350.29,0.55,0.43,2023-09-22,1025,N,VIIRS,n,2,315.88,15.33,D,0
38.4854,29.51801,343.95,0.5,0.49,2023-09-22,1025,N,VIIRS,n,2,310.56,5.94,D,0
38.50066,29.41936,342.53,0.51,0.49,2023-09-22,1025,N,VIIRS,n,2,311.27,6.63,D,0
38.83652,37.45966,346.77,0.39,0.36,2023-09-22,1025,N,VIIRS,n,2,311.64,5.55,D,0
38.84492,36.58696,340.84,0.4,0.37,2023-09-22,1025,N,VIIRS,n,2,313.12,19.21,D,0
38.84866,33.98933,351.12,0.47,0.39,2023-09-22,1025,N,VIIRS,n,2,314.79,10.83,D,0
38.84905,33.98683,348.34,0.47,0.39,2023-09-22,1025,N,VIIRS,n,2,314.9,12.8,D,0
38.85319,33.99337,345.62,0.47,0.39,2023-09-22,1025,N,VIIRS,n,2,312.35,9.18,D,0
38.85359,33.99086,347.44,0.46,0.39,2023-09-22,1025,N,VIIRS,n,2,314.54,10.18,D,0
39.05046,34.64597,338.87,0.44,0.38,2023-09-22,1025,N,VIIRS,n,2,307.48,2.93,D,0
39.08902,36.55591,341.66,0.39,0.37,2023-09-22,1025,N,VIIRS,n,2,312.66,2.55,D,0
39.15643,34.62698,345.53,0.44,0.38,2023-09-22,1025,N,VIIRS,n,2,310.61,5.18,D,0
39.25422,37.39237,345.89,0.39,0.36,2023-09-22,1025,N,VIIRS,n,2,314.24,7.27,D,0
39.41261,31.27043,345.61,0.4,0.44,2023-09-22,1025,N,VIIRS,n,2,311.34,4.87,D,0
39.60767,36.98495,347.36,0.39,0.36,2023-09-22,1025,N,VIIRS,n,2,311.83,7.61,D,0
39.66664,37.86107,351.77,0.38,0.36,2023-09-22,1025,N,VIIRS,n,2,304.15,8.89,D,0
39.92793,40.74187,335.11,0.42,0.38,2023-09-22,1025,N,VIIRS,n,2,309.35,2.78,D,0
40.04818,29.60922,346.67,0.46,0.47,2023-09-22,1025,N,VIIRS,n,2,302.21,5.15,D,0
40.14698,35.7444,339.93,0.4,0.37,2023-09-22,1025,N,VIIRS,n,2,307.88,3.23,D,0
40.29018,33.30291,351.63,0.47,0.4,2023-09-22,1025,N,VIIRS,n,2,308.49,10.1,D,0
40.2912,33.3082,349.82,0.47,0.4,2023-09-22,1025,N,VIIRS,n,2,309.38,8.15,D,0
40.34725,40.04721,339.01,0.41,0.37,2023-09-22,1025,N,VIIRS,n,2,310.93,3.69,D,0
40.61354,35.73015,355.56,0.4,0.37,2023-09-22,1025,N,VIIRS,n,2,314.98,7.39,D,0
40.63758,44.03077,333.87,0.39,0.44,2023-09-22,1025,N,VIIRS,n,2,303.91,2.78,D,0
40.65524,44.13039,341.61,0.39,0.44,2023-09-22,1025,N,VIIRS,n,2,309.63,3.53,D,0
40.7098,43.79651,339.51,0.57,0.43,2023-09-22,1025,N,VIIRS,n,2,309.33,6.27,D,0
40.81277,43.88688,340.16,0.38,0.43,2023-09-22,1025,N,VIIRS,n,2,307.73,5.97,D,0
40.82121,43.89002,342.25,0.38,0.43,2023-09-22,1025,N,VIIRS,n,2,307.95,3.65,D,0
40.82153,35.42192,340.23,0.4,0.37,2023-09-22,1025,N,VIIRS,n,2,310.14,4.38,D,0
40.82164,43.89459,335.6,0.38,0.43,2023-09-22,1025,N,VIIRS,n,2,305.35,3.65,D,0
40.82754,35.39539,345.22,0.4,0.37,2023-09-22,1025,N,VIIRS,n,2,310.42,3.1,D,0
41.24017,36.46473,334.42,0.39,0.36,2023-09-22,1025,N,VIIRS,n,2,304.24,2.03,D,2
41.24347,36.46381,331.86,0.39,0.36,2023-09-22,1025,N,VIIRS,n,2,302.47,1.52,D,2
42.28317,42.66871,332.07,0.53,0.42,2023-09-22,1025,N,VIIRS,n,2,300.84,3.29,D,0
42.28603,42.66943,330.43,0.53,0.42,2023-09-22,1025,N,VIIRS,n,2,299.47,4.43,D,0
41.68009,35.96166,331.24,0.39,0.36,2023-09-22,1026,N,VIIRS,n,2,300.98,3.56,D,0
41.87342,26.31708,330.85,0.6,0.53,2023-09-22,1026,N,VIIRS,n,2,297.48,5.54,D,0
38.4398,29.64128,332.8,0.7,0.75,2023-09-22,1206,N,VIIRS,n,2,300.91,5.9,D,0
38.49861,29.43054,335.98,0.68,0.74,2023-09-22,1206,N,VIIRS,n,2,302.81,6.9,D,0
38.49989,29.42615,335.25,0.68,0.74,2023-09-22,1206,N,VIIRS,n,2,303.99,10.46,D,0
41.87378,26.31118,367.0,0.49,0.65,2023-09-22,1207,N,VIIRS,h,2,297.28,8.42,D,0
41.8738,26.30855,347.73,0.49,0.65,2023-09-22,1207,N,VIIRS,n,2,295.82,5.43,D,0
41.87397,26.31428,337.65,0.49,0.65,2023-09-22,1207,N,VIIRS,n,2,296.16,7.36,D,0
41.87988,26.31083,342.26,0.49,0.65,2023-09-22,1207,N,VIIRS,n,2,294.54,8.42,D,0
41.9465,25.72839,367.0,0.46,0.63,2023-09-22,1207,N,VIIRS,h,2,297.57,4.42,D,0
41.9467,25.73413,332.51,0.46,0.63,2023-09-22,1207,N,VIIRS,n,2,297.66,4.42,D,0
41.95004,25.72627,348.04,0.46,0.63,2023-09-22,1207,N,VIIRS,n,2,296.44,7.66,D,0
41.95021,25.73199,353.97,0.46,0.63,2023-09-22,1207,N,VIIRS,n,2,298.12,14.19,D,0
42.29357,26.21261,367.0,0.49,0.65,2023-09-22,1207,N,VIIRS,h,2,298.83,14.06,D,0
42.36574,26.72965,335.6,0.52,0.67,2023-09-22,1207,N,VIIRS,n,2,293.93,4.65,D,0
42.36791,26.73086,341.17,0.52,0.67,2023-09-22,1207,N,VIIRS,n,2,294.56,2.6,D,0
41.17722,32.63259,306.01,0.56,0.69,2023-09-22,2243,N,VIIRS,n,2,287.11,1.59,N,2
41.17752,32.63165,303.51,0.56,0.69,2023-09-22,2243,N,VIIRS,n,2,286.88,1.45,N,2
41.26753,31.42439,301.39,0.65,0.73,2023-09-22,2243,N,VIIRS,n,2,285.67,1.23,N,2
41.26755,31.42402,301.0,0.65,0.73,2023-09-22,2243,N,VIIRS,n,2,286.3,2.93,N,2
36.5206,44.16851,311.06,0.42,0.37,2023-09-22,2244,N,VIIRS,n,2,291.99,1.52,N,0
36.65049,43.59328,314.14,0.44,0.38,2023-09-22,2244,N,VIIRS,n,2,290.12,1.32,N,0
36.65311,43.59618,333.75,0.44,0.38,2023-09-22,2244,N,VIIRS,n,2,291.81,2.02,N,0
36.65336,43.59886,307.1,0.43,0.38,2023-09-22,2244,N,VIIRS,n,2,289.75,2.75,N,0
36.65373,43.5913,324.21,0.44,0.38,2023-09-22,2244,N,VIIRS,n,2,292.75,2.02,N,0
36.654,43.59398,332.5,0.44,0.38,2023-09-22,2244,N,VIIRS,n,2,293.12,2.75,N,0
36.65554,43.44362,321.51,0.44,0.38,2023-09-22,2244,N,VIIRS,n,2,289.99,2.09,N,0
36.65662,43.59689,303.49,0.44,0.38,2023-09-22,2244,N,VIIRS,n,2,290.17,2.02,N,0
36.71093,43.67797,313.99,0.43,0.38,2023-09-22,2244,N,VIIRS,n,2,290.14,0.91,N,0
36.72071,42.59784,303.4,0.47,0.4,2023-09-22,2244,N,VIIRS,n,2,293.27,0.73,N,2
36.72873,42.10923,302.92,0.5,0.41,2023-09-22,2244,N,VIIRS,n,2,288.95,0.52,N,0
36.72936,42.10365,300.7,0.5,0.41,2023-09-22,2244,N,VIIRS,n,2,288.66,0.88,N,0
36.73305,43.27917,311.74,0.45,0.39,2023-09-22,2244,N,VIIRS,n,2,296.77,1.65,N,2
36.74845,43.50008,308.26,0.44,0.38,2023-09-22,2244,N,VIIRS,n,2,294.71,0.75,N,2
36.77472,43.3239,317.04,0.45,0.39,2023-09-22,2244,N,VIIRS,n,2,294.66,3.29,N,2
36.77824,43.32482,332.05,0.45,0.39,2023-09-22,2244,N,VIIRS,n,2,301.77,3.29,N,2
36.8743,41.36338,304.54,0.54,0.42,2023-09-22,2244,N,VIIRS,n,2,289.38,0.51,N,0
36.90555,43.38697,308.37,0.44,0.39,2023-09-22,2244,N,VIIRS,n,2,290.37,1.94,N,2
36.9091,43.38763,338.12,0.44,0.39,2023-09-22,2244,N,VIIRS,n,2,294.43,5.42,N,2
36.91371,41.89566,302.57,0.51,0.41,2023-09-22,2244,N,VIIRS,n,2,289.67,0.65,N,2
36.93628,42.13213,335.54,0.5,0.41,2023-09-22,2244,N,VIIRS,n,2,294.48,3.89,N,2
36.93633,42.13326,329.38,0.5,0.41,2023-09-22,2244,N,VIIRS,n,2,294.22,4.1,N,2
36.93761,42.12088,306.44,0.5,0.41,2023-09-22,2244,N,VIIRS,n,2,291.65,1.98,N,2
36.93761,42.12201,307.24,0.5,0.41,2023-09-22,2244,N,VIIRS,n,2,291.99,1.37,N,2
36.94289,42.17313,318.38,0.5,0.41,2023-09-22,2244,N,VIIRS,n,2,292.86,2.1,N,2
36.94378,42.16877,311.83,0.5,0.41,2023-09-22,2244,N,VIIRS,n,2,291.87,1.33,N,2
36.96526,42.08081,307.71,0.5,0.41,2023-09-22,2244,N,VIIRS,n,2,290.85,0.83,N,2
36.99812,41.56421,315.12,0.53,0.42,2023-09-22,2244,N,VIIRS,n,2,292.05,1.11,N,2
36.999,41.56512,307.82,0.53,0.42,2023-09-22,2244,N,VIIRS,n,2,291.33,1.18,N,2
37.0115,41.5849,303.45,0.53,0.42,2023-09-22,2244,N,VIIRS,n,2,291.35,0.93,N,2
37.01248,41.58585,307.98,0.53,0.42,2023-09-22,2244,N,VIIRS,n,2,292.48,0.52,N,2
37.03177,42.06998,303.89,0.5,0.41,2023-09-22,2244,N,VIIRS,n,2,291.5,0.8,N,0
37.09949,42.33973,332.86,0.49,0.4,2023-09-22,2244,N,VIIRS,n,2,292.51,3.84,N,0
37.10257,42.34578,303.97,0.49,0.4,2023-09-22,2244,N,VIIRS,n,2,292.01,2.3,N,0
37.1032,42.34042,330.78,0.49,0.4,2023-09-22,2244,N,VIIRS,n,2,294.29,5.9,N,0
37.10411,41.36195,307.14,0.54,0.42,2023-09-22,2244,N,VIIRS,n,2,293.2,1.19,N,0
37.13789,42.79199,318.42,0.47,0.4,2023-09-22,2244,N,VIIRS,n,2,292.4,2.07,N,2
37.22845,42.31921,302.81,0.49,0.4,2023-09-22,2244,N,VIIRS,n,2,289.14,0.71,N,0
37.27541,38.72857,301.67,0.49,0.49,2023-09-22,2244,N,VIIRS,n,2,289.04,0.42,N,2
37.27629,38.7296,303.53,0.49,0.49,2023-09-22,2244,N,VIIRS,n,2,290.84,1.29,N,2
37.40422,37.01025,298.64,0.61,0.54,2023-09-22,2244,N,VIIRS,n,2,287.12,0.5,N,0
37.55894,38.19121,301.13,0.53,0.5,2023-09-22,2244,N,VIIRS,n,2,290.19,1.25,N,0
37.56162,37.90094,297.28,0.55,0.51,2023-09-22,2244,N,VIIRS,n,2,286.82,0.76,N,0
37.56203,37.9011,299.58,0.55,0.51,2023-09-22,2244,N,VIIRS,n,2,286.88,0.8,N,0
37.56637,37.90153,305.9,0.55,0.51,2023-09-22,2244,N,VIIRS,n,2,286.63,0.76,N,0
37.56678,37.90171,303.64,0.55,0.51,2023-09-22,2244,N,VIIRS,n,2,286.33,0.8,N,0
37.60263,31.78902,297.59,0.6,0.7,2023-09-22,2244,N,VIIRS,n,2,283.92,2.22,N,0
37.6028,31.78222,302.7,0.6,0.7,2023-09-22,2244,N,VIIRS,n,2,284.4,2.28,N,0
37.67717,38.77378,308.1,0.5,0.49,2023-09-22,2244,N,VIIRS,n,2,290.55,1.15,N,0
37.7607,38.19558,312.26,0.53,0.5,2023-09-22,2244,N,VIIRS,n,2,290.86,2.02,N,0
37.76354,38.19403,306.28,0.53,0.5,2023-09-22,2244,N,VIIRS,n,2,290.96,2.4,N,0
37.92292,31.62808,298.5,0.61,0.71,2023-09-22,2244,N,VIIRS,n,2,283.22,1.22,N,0
37.9383,32.53103,295.8,0.55,0.68,2023-09-22,2244,N,VIIRS,n,2,285.78,0.88,N,2
38.14792,40.44169,314.02,0.41,0.45,2023-09-22,2244,N,VIIRS,n,2,290.05,1.29,N,0
38.14839,40.43687,302.87,0.41,0.45,2023-09-22,2244,N,VIIRS,n,2,289.75,1.29,N,0
38.41747,43.2376,302.65,0.47,0.39,2023-09-22,2244,N,VIIRS,n,2,286.42,0.98,N,0
38.45453,38.72599,301.34,0.51,0.49,2023-09-22,2244,N,VIIRS,n,2,291.25,0.67,N,2
38.45539,38.72644,301.91,0.51,0.49,2023-09-22,2244,N,VIIRS,n,2,291.35,1.16,N,2
38.85855,35.76535,295.08,0.37,0.58,2023-09-22,2244,N,VIIRS,n,2,284.24,0.58,N,0
38.9967,36.90977,305.8,0.32,0.55,2023-09-22,2244,N,VIIRS,n,2,277.0,1.23,N,0
38.99923,36.9118,301.48,0.32,0.55,2023-09-22,2244,N,VIIRS,n,2,276.95,0.48,N,0
39.0211,34.51341,313.52,0.43,0.62,2023-09-22,2244,N,VIIRS,n,2,284.07,1.21,N,0
39.02125,34.51484,307.21,0.43,0.62,2023-09-22,2244,N,VIIRS,n,2,283.64,1.62,N,0
39.0685,34.49845,302.44,0.44,0.62,2023-09-22,2244,N,VIIRS,n,2,283.68,0.84,N,0
39.07099,36.40741,308.04,0.34,0.56,2023-09-22,2244,N,VIIRS,n,2,279.06,1.27,N,0
39.07704,36.65441,295.86,0.33,0.56,2023-09-22,2244,N,VIIRS,n,2,276.99,0.59,N,0
39.10766,32.55496,298.41,0.55,0.68,2023-09-22,2244,N,VIIRS,n,2,282.7,1.25,N,0
39.10923,32.55464,299.79,0.55,0.68,2023-09-22,2244,N,VIIRS,n,2,283.05,0.92,N,0
39.15041,34.61719,295.61,0.43,0.62,2023-09-22,2244,N,VIIRS,n,2,281.84,0.58,N,0
39.54628,34.95495,318.3,0.42,0.61,2023-09-22,2244,N,VIIRS,n,2,281.17,2.21,N,0
39.54765,34.95544,315.71,0.42,0.61,2023-09-22,2244,N,VIIRS,n,2,281.51,1.5,N,0
39.55354,34.95158,301.7,0.42,0.61,2023-09-22,2244,N,VIIRS,n,2,281.31,2.18,N,0
39.55898,34.95759,316.32,0.42,0.61,2023-09-22,2244,N,VIIRS,n,2,282.19,2.44,N,0
39.83741,30.29654,297.1,0.73,0.76,2023-09-22,2244,N,VIIRS,n,2,283.91,1.16,N,2
39.94772,33.19041,306.17,0.52,0.67,2023-09-22,2244,N,VIIRS,n,2,285.66,1.88,N,2
40.05161,32.64911,299.52,0.55,0.68,2023-09-22,2244,N,VIIRS,n,2,284.78,0.48,N,2
40.05239,32.64703,296.05,0.55,0.68,2023-09-22,2244,N,VIIRS,n,2,284.46,0.67,N,0
35.52643,44.25542,301.24,0.41,0.37,2023-09-22,2245,N,VIIRS,n,2,290.28,0.37,N,0
35.52822,44.34362,342.16,0.41,0.37,2023-09-22,2245,N,VIIRS,n,2,300.04,6.47,N,2
35.52885,44.33913,333.54,0.41,0.37,2023-09-22,2245,N,VIIRS,n,2,296.57,5.57,N,2
35.53225,44.33986,333.77,0.41,0.37,2023-09-22,2245,N,VIIRS,n,2,301.39,4.25,N,2
35.53287,44.33538,315.52,0.41,0.37,2023-09-22,2245,N,VIIRS,n,2,296.78,4.25,N,2
35.53626,44.33611,330.68,0.41,0.37,2023-09-22,2245,N,VIIRS,n,2,298.27,4.25,N,2
35.58338,44.24883,317.36,0.41,0.37,2023-09-22,2245,N,VIIRS,n,2,296.9,1.02,N,2
35.62693,44.01009,305.29,0.41,0.37,2023-09-22,2245,N,VIIRS,n,2,294.06,2.55,N,2
35.62951,44.00817,342.29,0.42,0.37,2023-09-22,2245,N,VIIRS,n,2,301.3,7.55,N,2
35.63037,44.01077,330.73,0.41,0.37,2023-09-22,2245,N,VIIRS,n,2,300.97,2.55,N,2
35.631,44.00618,305.18,0.42,0.37,2023-09-22,2245,N,VIIRS,n,2,292.69,3.58,N,2
35.66374,43.96341,325.37,0.42,0.37,2023-09-22,2245,N,VIIRS,n,2,296.06,1.25,N,2
35.67819,44.06516,308.61,0.41,0.37,2023-09-22,2245,N,VIIRS,n,2,295.22,1.13,N,2
35.68583,43.87787,334.13,0.42,0.38,2023-09-22,2245,N,VIIRS,n,2,300.64,7.24,N,2
35.72368,44.04182,320.25,0.41,0.37,2023-09-22,2245,N,VIIRS,n,2,295.93,2.42,N,2
35.7271,44.04254,329.96,0.41,0.37,2023-09-22,2245,N,VIIRS,n,2,299.11,2.42,N,2
35.72836,44.03337,326.79,0.42,0.37,2023-09-22,2245,N,VIIRS,n,2,294.34,2.72,N,2
35.73179,44.03411,314.92,0.42,0.37,2023-09-22,2245,N,VIIRS,n,2,296.75,2.06,N,2
35.77439,43.99388,329.87,0.42,0.37,2023-09-22,2245,N,VIIRS,n,2,299.44,3.43,N,2
35.92417,43.78791,331.43,0.42,0.38,2023-09-22,2245,N,VIIRS,n,2,298.64,4.51,N,2
35.95248,43.73567,313.8,0.42,0.38,2023-09-22,2245,N,VIIRS,n,2,297.65,0.83,N,2
35.95375,43.72618,329.35,0.43,0.38,2023-09-22,2245,N,VIIRS,n,2,297.28,3.85,N,2
35.97238,43.77342,319.66,0.42,0.38,2023-09-22,2245,N,VIIRS,n,2,297.1,3.27,N,2
35.97995,43.77007,327.24,0.42,0.38,2023-09-22,2245,N,VIIRS,n,2,296.96,2.84,N,2
35.98342,43.77075,333.85,0.42,0.38,2023-09-22,2245,N,VIIRS,n,2,299.49,2.91,N,2
35.98457,43.76803,319.24,0.42,0.38,2023-09-22,2245,N,VIIRS,n,2,296.19,1.62,N,2
35.99969,43.76136,315.41,0.42,0.38,2023-09-22,2245,N,VIIRS,n,2,296.09,1.25,N,2
36.01717,43.68238,328.04,0.43,0.38,2023-09-22,2245,N,VIIRS,n,2,295.68,3.63,N,2
36.02065,43.68309,333.38,0.43,0.38,2023-09-22,2245,N,VIIRS,n,2,300.14,3.63,N,2
36.12383,41.04535,309.41,0.55,0.42,2023-09-22,2245,N,VIIRS,n,2,292.94,1.49,N,2
36.12674,43.77939,309.25,0.43,0.38,2023-09-22,2245,N,VIIRS,n,2,293.41,1.48,N,2
36.13086,40.81173,317.08,0.56,0.43,2023-09-22,2245,N,VIIRS,n,2,293.82,2.48,N,2
36.13305,40.80685,309.74,0.56,0.43,2023-09-22,2245,N,VIIRS,n,2,293.76,1.46,N,2
36.1443,40.81504,316.12,0.56,0.43,2023-09-22,2245,N,VIIRS,n,2,293.14,2.3,N,2
36.23631,44.08402,305.69,0.42,0.37,2023-09-22,2245,N,VIIRS,n,2,292.2,0.36,N,0
36.2653,33.73095,305.61,0.46,0.63,2023-09-22,2245,N,VIIRS,n,2,294.29,2.31,N,2
36.30949,43.89406,306.7,0.42,0.38,2023-09-22,2245,N,VIIRS,n,2,289.74,0.9,N,0
36.33311,43.90379,301.31,0.42,0.38,2023-09-22,2245,N,VIIRS,n,2,289.77,0.27,N,0
36.33386,43.7626,309.76,0.43,0.38,2023-09-22,2245,N,VIIRS,n,2,292.28,1.13,N,2
36.33735,43.7633,311.34,0.43,0.38,2023-09-22,2245,N,VIIRS,n,2,292.01,0.61,N,2
36.37334,43.97504,301.94,0.42,0.38,2023-09-22,2245,N,VIIRS,n,2,290.91,0.32,N,0
36.44301,42.93086,309.61,0.46,0.39,2023-09-22,2245,N,VIIRS,n,2,296.83,1.23,N,2
36.45884,41.28385,308.73,0.54,0.42,2023-09-22,2245,N,VIIRS,n,2,292.49,1.25,N,2
36.45995,42.66974,303.35,0.47,0.4,2023-09-22,2245,N,VIIRS,n,2,293.32,0.49,N,2
36.49597,43.72875,305.9,0.43,0.38,2023-09-22,2245,N,VIIRS,n,2,289.69,0.84,N,0
36.49694,43.74854,328.57,0.43,0.38,2023-09-22,2245,N,VIIRS,n,2,289.67,2.31,N,0
36.71889,36.1993,310.74,0.34,0.56,2023-09-22,2245,N,VIIRS,n,2,294.09,1.24,N,2
36.71989,42.08369,300.08,0.5,0.41,2023-09-22,2245,N,VIIRS,n,2,288.0,0.99,N,0
36.72848,42.10802,312.66,0.5,0.41,2023-09-22,2245,N,VIIRS,n,2,289.07,1.6,N,0
36.74483,36.20215,323.89,0.34,0.56,2023-09-22,2245,N,VIIRS,n,2,294.14,1.8,N,2
36.7451,36.19825,308.02,0.34,0.56,2023-09-22,2245,N,VIIRS,n,2,293.53,1.8,N,2
36.74552,36.20018,334.9,0.34,0.56,2023-09-22,2245,N,VIIRS,n,2,295.03,3.57,N,2
36.87315,34.76428,304.52,0.4,0.6,2023-09-22,2245,N,VIIRS,n,2,294.17,1.22,N,2
37.01487,36.10406,322.17,0.34,0.56,2023-09-22,2245,N,VIIRS,n,2,294.45,1.59,N,2
38.45299,38.72578,304.26,0.64,0.72,2023-09-23,24,N,VIIRS,n,2,287.85,1.04,N,2
38.45571,38.72679,301.01,0.64,0.72,2023-09-23,24,N,VIIRS,n,2,287.94,1.71,N,2
38.66478,39.23325,296.91,0.67,0.74,2023-09-23,24,N,VIIRS,n,2,285.64,0.91,N,0
39.016,34.51324,324.39,0.38,0.59,2023-09-23,24,N,VIIRS,n,2,281.72,2.33,N,0
39.07113,34.50306,301.64,0.38,0.59,2023-09-23,24,N,VIIRS,n,2,284.35,1.4,N,0
39.07227,34.49885,305.99,0.38,0.59,2023-09-23,24,N,VIIRS,n,2,284.55,2.0,N,0
39.21063,37.36948,305.68,0.52,0.67,2023-09-23,24,N,VIIRS,n,2,276.67,0.68,N,0
39.21087,37.36988,304.94,0.52,0.67,2023-09-23,24,N,VIIRS,n,2,276.72,1.18,N,0
39.24682,37.09086,305.15,0.51,0.66,2023-09-23,24,N,VIIRS,n,2,278.52,0.77,N,0
39.55269,34.95274,295.82,0.39,0.59,2023-09-23,24,N,VIIRS,n,2,280.7,0.5,N,0
39.55682,34.95919,307.64,0.39,0.59,2023-09-23,24,N,VIIRS,n,2,280.83,1.49,N,0
39.55728,34.9584,312.78,0.39,0.59,2023-09-23,24,N,VIIRS,n,2,281.09,1.71,N,0
39.55804,34.95465,305.51,0.39,0.59,2023-09-23,24,N,VIIRS,n,2,282.08,1.71,N,0
39.55854,34.95389,297.43,0.39,0.59,2023-09-23,24,N,VIIRS,n,2,281.75,1.97,N,0
40.75782,31.78454,299.14,0.5,0.49,2023-09-23,24,N,VIIRS,n,2,282.47,0.96,N,2
40.7803,29.6,305.62,0.4,0.44,2023-09-23,24,N,VIIRS,n,2,291.37,0.98,N,2
40.94772,31.39597,295.89,0.48,0.48,2023-09-23,24,N,VIIRS,n,2,283.86,0.33,N,2
40.9521,26.49639,313.73,0.44,0.39,2023-09-23,24,N,VIIRS,n,2,289.39,1.49,N,0
40.95313,26.49517,313.29,0.44,0.39,2023-09-23,24,N,VIIRS,n,2,289.74,1.35,N,0
41.0224,28.55389,304.22,0.53,0.42,2023-09-23,24,N,VIIRS,n,2,289.4,2.09,N,2
41.17275,32.63053,298.79,0.54,0.51,2023-09-23,24,N,VIIRS,n,2,283.71,0.95,N,2
41.17551,32.62988,301.23,0.54,0.51,2023-09-23,24,N,VIIRS,n,2,284.36,2.92,N,2
41.17721,32.63264,298.83,0.54,0.51,2023-09-23,24,N,VIIRS,n,2,286.58,0.98,N,2
41.18167,32.63474,297.05,0.54,0.51,2023-09-23,24,N,VIIRS,n,2,284.73,0.98,N,2
41.25649,31.42968,298.81,0.47,0.48,2023-09-23,24,N,VIIRS,n,2,287.07,1.29,N,2
41.26754,31.42244,305.72,0.47,0.48,2023-09-23,24,N,VIIRS,n,2,288.75,1.7,N,2
41.63023,27.68851,301.62,0.48,0.4,2023-09-23,24,N,VIIRS,n,2,289.72,0.53,N,2
41.63603,27.50634,301.02,0.47,0.4,2023-09-23,24,N,VIIRS,n,2,290.75,0.76,N,2
41.63628,27.50534,301.28,0.47,0.4,2023-09-23,24,N,VIIRS,n,2,290.78,1.12,N,2
41.79684,26.70374,302.65,0.44,0.38,2023-09-23,24,N,VIIRS,n,2,289.47,0.77,N,2
41.79747,26.70248,302.65,0.44,0.38,2023-09-23,24,N,VIIRS,n,2,290.0,0.72,N,2
36.73203,36.2129,304.66,0.54,0.68,2023-09-23,25,N,VIIRS,n,2,293.53,1.97,N,2
36.74593,36.20261,317.72,0.53,0.67,2023-09-23,25,N,VIIRS,n,2,292.72,3.72,N,2
36.74887,36.20111,318.17,0.53,0.67,2023-09-23,25,N,VIIRS,n,2,292.72,4.27,N,2
37.62346,31.77327,295.58,0.6,0.53,2023-09-23,25,N,VIIRS,n,2,282.16,0.71,N,0
37.6282,31.77508,300.02,0.6,0.53,2023-09-23,25,N,VIIRS,n,2,283.94,0.71,N,0
37.70539,31.79815,304.28,0.6,0.53,2023-09-23,25,N,VIIRS,n,2,282.94,1.82,N,0
37.70781,31.79824,321.53,0.6,0.53,2023-09-23,25,N,VIIRS,n,2,283.27,3.77,N,0
37.78367,38.18684,301.64,0.63,0.72,2023-09-23,25,N,VIIRS,n,2,288.83,1.37,N,0
37.89136,31.55103,299.1,0.58,0.52,2023-09-23,25,N,VIIRS,n,2,281.57,0.94,N,0
37.91765,31.63083,295.13,0.58,0.52,2023-09-23,25,N,VIIRS,n,2,281.57,0.78,N,0
37.92705,31.63414,342.05,0.58,0.52,2023-09-23,25,N,VIIRS,n,2,286.57,7.24,N,0
38.42799,27.2165,306.79,0.52,0.41,2023-09-23,25,N,VIIRS,n,2,292.67,1.51,N,2
38.60806,29.63114,308.91,0.44,0.46,2023-09-23,25,N,VIIRS,n,2,284.8,1.21,N,0
38.60916,29.62623,307.61,0.44,0.46,2023-09-23,25,N,VIIRS,n,2,285.35,1.77,N,0
38.61223,29.6326,297.96,0.44,0.46,2023-09-23,25,N,VIIRS,n,2,284.91,0.36,N,0
38.61999,27.59171,299.14,0.53,0.42,2023-09-23,25,N,VIIRS,n,2,287.36,0.46,N,0
38.65694,30.62014,300.17,0.49,0.49,2023-09-23,25,N,VIIRS,n,2,284.68,1.85,N,2
38.73425,26.9479,307.32,0.5,0.41,2023-09-23,25,N,VIIRS,n,2,291.71,1.15,N,2
38.73902,26.94358,321.17,0.5,0.41,2023-09-23,25,N,VIIRS,n,2,293.24,2.59,N,2
38.74156,26.95046,305.46,0.5,0.41,2023-09-23,25,N,VIIRS,n,2,293.05,2.25,N,2
39.00868,34.51319,296.59,0.38,0.59,2023-09-23,25,N,VIIRS,n,2,281.14,0.57,N,0
39.11286,27.5246,300.74,0.52,0.41,2023-09-23,25,N,VIIRS,n,2,290.16,0.42,N,0
39.16689,27.63148,303.14,0.52,0.42,2023-09-23,25,N,VIIRS,n,2,290.93,0.78,N,2
39.57547,29.86164,304.28,0.43,0.46,2023-09-23,25,N,VIIRS,n,2,282.78,1.1,N,0
39.74463,30.196,299.83,0.45,0.47,2023-09-23,25,N,VIIRS,n,2,286.24,0.97,N,2
39.83877,30.29985,297.16,0.45,0.47,2023-09-23,25,N,VIIRS,n,2,286.26,0.94,N,2
39.8647,26.24465,314.93,0.45,0.39,2023-09-23,25,N,VIIRS,n,2,292.62,1.81,N,2
40.1842,29.22318,298.98,0.39,0.44,2023-09-23,25,N,VIIRS,n,2,288.83,0.42,N,2
40.4425,27.13907,313.37,0.48,0.4,2023-09-23,25,N,VIIRS,n,2,292.88,1.68,N,2
36.42244,28.22929,336.04,0.42,0.45,2023-09-23,26,N,VIIRS,n,2,295.89,3.88,N,0
36.33746,38.77845,350.61,0.51,0.41,2023-09-23,1005,N,VIIRS,n,2,322.36,7.71,D,0
36.41701,36.5317,356.77,0.43,0.46,2023-09-23,1005,N,VIIRS,n,2,314.24,10.08,D,0
36.69944,43.14494,367.0,0.38,0.36,2023-09-23,1005,N,VIIRS,h,2,326.56,32.82,D,0
36.74664,36.19997,342.63,0.44,0.46,2023-09-23,1005,N,VIIRS,n,2,306.96,5.41,D,2
36.77723,40.07522,351.73,0.44,0.39,2023-09-23,1005,N,VIIRS,n,2,319.47,13.27,D,0
36.78692,43.09805,347.82,0.39,0.36,2023-09-23,1005,N,VIIRS,n,2,322.69,16.95,D,0
36.79182,35.45209,337.93,0.48,0.48,2023-09-23,1005,N,VIIRS,n,2,310.65,3.4,D,0
36.80478,35.44761,335.72,0.48,0.48,2023-09-23,1005,N,VIIRS,n,2,306.88,4.92,D,0
36.80596,35.45287,348.86,0.48,0.48,2023-09-23,1005,N,VIIRS,n,2,310.19,4.92,D,0
36.81804,38.13778,342.63,0.53,0.42,2023-09-23,1005,N,VIIRS,n,2,315.84,4.11,D,0
36.907,43.38906,348.1,0.38,0.36,2023-09-23,1005,N,VIIRS,n,2,313.44,4.41,D,2
37.03189,43.90263,347.47,0.38,0.36,2023-09-23,1005,N,VIIRS,n,2,315.3,12.5,D,0
37.09985,38.22829,343.43,0.52,0.42,2023-09-23,1005,N,VIIRS,n,2,317.29,4.6,D,0
37.1927,42.08635,355.26,0.39,0.36,2023-09-23,1005,N,VIIRS,n,2,324.35,21.72,D,0
37.27922,43.22909,343.24,0.38,0.36,2023-09-23,1005,N,VIIRS,n,2,314.01,8.48,D,0
37.66577,39.40734,350.73,0.46,0.39,2023-09-23,1005,N,VIIRS,n,2,320.69,12.63,D,0
36.83892,35.13378,342.89,0.5,0.49,2023-09-23,1006,N,VIIRS,n,2,309.11,6.73,D,0
36.84979,35.3049,341.43,0.49,0.48,2023-09-23,1006,N,VIIRS,n,2,308.5,3.58,D,0
36.99846,35.14024,356.6,0.49,0.49,2023-09-23,1006,N,VIIRS,n,2,310.54,10.63,D,0
37.01857,35.93316,344.39,0.45,0.47,2023-09-23,1006,N,VIIRS,n,2,311.76,4.78,D,0
37.07883,35.80755,339.68,0.45,0.47,2023-09-23,1006,N,VIIRS,n,2,311.02,2.9,D,0
37.17204,30.08176,331.57,0.45,0.63,2023-09-23,1006,N,VIIRS,n,2,304.13,1.77,D,0
37.20087,35.99405,342.1,0.44,0.46,2023-09-23,1006,N,VIIRS,n,2,310.7,4.12,D,0
37.2081,35.99354,338.36,0.44,0.46,2023-09-23,1006,N,VIIRS,n,2,310.51,3.72,D,0
37.40207,36.32996,341.28,0.42,0.45,2023-09-23,1006,N,VIIRS,n,2,306.73,4.24,D,0
37.56415,37.08597,339.83,0.38,0.43,2023-09-23,1006,N,VIIRS,n,2,313.85,3.85,D,0
37.57293,37.9043,350.62,0.53,0.42,2023-09-23,1006,N,VIIRS,n,2,317.66,13.58,D,0
37.59588,37.85173,342.37,0.53,0.42,2023-09-23,1006,N,VIIRS,n,2,310.59,5.19,D,0
37.61498,27.51951,350.78,0.59,0.7,2023-09-23,1006,N,VIIRS,n,2,304.22,9.91,D,0
37.6265,31.77201,345.18,0.36,0.57,2023-09-23,1006,N,VIIRS,n,2,306.76,4.22,D,0
37.70877,31.80798,345.42,0.35,0.57,2023-09-23,1006,N,VIIRS,n,2,308.78,5.19,D,0
37.71483,31.80982,339.83,0.35,0.57,2023-09-23,1006,N,VIIRS,n,2,306.86,5.19,D,0
37.71786,31.79991,355.06,0.35,0.57,2023-09-23,1006,N,VIIRS,n,2,307.99,5.6,D,0
37.71911,38.12788,345.51,0.51,0.41,2023-09-23,1006,N,VIIRS,n,2,318.37,7.9,D,0
37.74644,38.4655,348.75,0.5,0.41,2023-09-23,1006,N,VIIRS,n,2,318.54,15.09,D,0
37.83402,31.64689,367.0,0.36,0.57,2023-09-23,1006,N,VIIRS,h,2,311.26,5.9,D,0
37.83444,31.64649,367.0,0.36,0.57,2023-09-23,1006,N,VIIRS,h,2,309.29,10.27,D,0
37.83506,31.65082,348.4,0.36,0.57,2023-09-23,1006,N,VIIRS,n,2,309.32,9.67,D,0
37.83546,31.65044,367.0,0.36,0.57,2023-09-23,1006,N,VIIRS,h,2,310.51,12.07,D,0
37.8391,31.6448,347.5,0.36,0.57,2023-09-23,1006,N,VIIRS,n,2,308.16,5.9,D,0
37.84883,31.72456,339.79,0.35,0.57,2023-09-23,1006,N,VIIRS,n,2,307.06,3.56,D,0
37.84884,31.72465,349.76,0.35,0.57,2023-09-23,1006,N,VIIRS,n,2,307.67,3.47,D,0
37.84987,31.72862,347.28,0.35,0.57,2023-09-23,1006,N,VIIRS,n,2,307.05,3.56,D,0
37.8499,31.7287,337.22,0.35,0.57,2023-09-23,1006,N,VIIRS,n,2,306.75,3.47,D,0
37.8744,31.56432,331.81,0.36,0.57,2023-09-23,1006,N,VIIRS,n,2,304.23,2.11,D,0
37.88685,31.59057,342.01,0.36,0.57,2023-09-23,1006,N,VIIRS,n,2,306.8,3.76,D,0
37.88917,30.55371,336.24,0.41,0.6,2023-09-23,1006,N,VIIRS,n,2,307.35,3.21,D,0
37.8896,31.53596,334.69,0.36,0.57,2023-09-23,1006,N,VIIRS,n,2,304.96,2.7,D,0
37.90724,31.56058,341.02,0.36,0.57,2023-09-23,1006,N,VIIRS,n,2,309.69,5.84,D,0
37.92889,31.58475,338.12,0.36,0.57,2023-09-23,1006,N,VIIRS,n,2,307.51,4.4,D,0
37.93076,31.58639,340.13,0.36,0.57,2023-09-23,1006,N,VIIRS,n,2,308.45,3.67,D,0
38.16366,40.27788,350.02,0.42,0.38,2023-09-23,1006,N,VIIRS,n,2,318.44,10.03,D,0
38.17809,37.04658,340.79,0.56,0.43,2023-09-23,1006,N,VIIRS,n,2,307.91,14.53,D,0
38.26178,31.64162,355.85,0.35,0.57,2023-09-23,1006,N,VIIRS,n,2,309.52,3.65,D,0
38.26278,31.6455,338.02,0.35,0.57,2023-09-23,1006,N,VIIRS,n,2,306.61,3.65,D,0
38.40858,40.36283,347.07,0.42,0.38,2023-09-23,1006,N,VIIRS,n,2,317.7,5.11,D,0
38.4801,40.74993,351.48,0.41,0.37,2023-09-23,1006,N,VIIRS,n,2,319.99,5.27,D,0
38.4809,43.39302,338.82,0.38,0.36,2023-09-23,1006,N,VIIRS,n,2,304.96,3.1,D,0
38.48349,40.74909,343.18,0.41,0.37,2023-09-23,1006,N,VIIRS,n,2,314.06,5.27,D,0
38.53144,40.74073,347.58,0.41,0.37,2023-09-23,1006,N,VIIRS,n,2,316.92,13.84,D,0
38.53482,40.73986,357.39,0.41,0.37,2023-09-23,1006,N,VIIRS,n,2,319.11,10.17,D,0
38.74537,37.52074,339.28,0.52,0.42,2023-09-23,1006,N,VIIRS,n,2,308.48,5.35,D,0
38.76629,33.71299,367.0,0.53,0.5,2023-09-23,1006,N,VIIRS,h,2,309.97,21.35,D,0
38.77321,36.51439,341.77,0.39,0.44,2023-09-23,1006,N,VIIRS,n,2,305.5,10.34,D,0
38.9182,36.40039,367.0,0.39,0.44,2023-09-23,1006,N,VIIRS,h,2,310.2,8.1,D,0
38.91911,36.40469,343.12,0.39,0.44,2023-09-23,1006,N,VIIRS,n,2,309.95,8.1,D,0
38.92301,36.40322,334.9,0.39,0.44,2023-09-23,1006,N,VIIRS,n,2,307.54,3.34,D,0
38.97012,32.17284,341.87,0.63,0.54,2023-09-23,1006,N,VIIRS,n,2,309.71,14.12,D,0
38.97057,32.17374,342.55,0.63,0.54,2023-09-23,1006,N,VIIRS,n,2,309.53,27.34,D,0
38.97491,32.17079,340.64,0.63,0.54,2023-09-23,1006,N,VIIRS,n,2,304.79,4.74,D,0
39.00721,34.55475,342.39,0.48,0.48,2023-09-23,1006,N,VIIRS,n,2,309.57,10.98,D,0
39.03765,34.5253,343.07,0.48,0.48,2023-09-23,1006,N,VIIRS,n,2,309.11,5.17,D,0
39.07175,36.42067,341.1,0.39,0.44,2023-09-23,1006,N,VIIRS,n,2,307.67,1.08,D,0
39.11791,36.71636,345.48,0.56,0.43,2023-09-23,1006,N,VIIRS,n,2,306.9,9.96,D,0
39.11938,36.71633,345.7,0.56,0.43,2023-09-23,1006,N,VIIRS,n,2,309.15,11.75,D,0
39.12177,36.71506,344.59,0.56,0.43,2023-09-23,1006,N,VIIRS,n,2,307.68,9.96,D,0
39.12324,36.71502,336.52,0.56,0.43,2023-09-23,1006,N,VIIRS,n,2,306.08,3.66,D,0
39.12512,35.54928,367.0,0.42,0.45,2023-09-23,1006,N,VIIRS,h,2,310.65,10.6,D,0
39.12577,36.57685,335.78,0.57,0.43,2023-09-23,1006,N,VIIRS,n,2,308.43,7.77,D,0
39.12619,35.55413,350.93,0.42,0.45,2023-09-23,1006,N,VIIRS,n,2,310.26,12.57,D,0
39.12711,36.58324,346.12,0.57,0.43,2023-09-23,1006,N,VIIRS,n,2,308.08,13.84,D,0
39.131,36.58195,338.93,0.57,0.43,2023-09-23,1006,N,VIIRS,n,2,307.03,7.7,D,0
39.13489,36.73164,336.16,0.56,0.43,2023-09-23,1006,N,VIIRS,n,2,305.28,6.95,D,0
39.13603,36.72394,338.38,0.56,0.43,2023-09-23,1006,N,VIIRS,n,2,305.85,3.72,D,0
39.13737,36.73034,352.15,0.56,0.43,2023-09-23,1006,N,VIIRS,n,2,307.48,10.27,D,0
39.13874,36.73033,346.14,0.56,0.43,2023-09-23,1006,N,VIIRS,n,2,306.22,6.95,D,0
39.16936,34.69854,342.92,0.46,0.47,2023-09-23,1006,N,VIIRS,n,2,312.52,5.53,D,0
39.19067,37.56057,336.62,0.51,0.41,2023-09-23,1006,N,VIIRS,n,2,310.38,3.83,D,0
39.19136,37.56218,337.08,0.51,0.41,2023-09-23,1006,N,VIIRS,n,2,309.71,3.28,D,0
39.4796,33.72357,338.95,0.51,0.49,2023-09-23,1006,N,VIIRS,n,2,309.72,4.83,D,0
39.49957,36.29554,340.93,0.38,0.43,2023-09-23,1006,N,VIIRS,n,2,310.61,1.67,D,0
39.52045,40.90168,338.89,0.4,0.37,2023-09-23,1006,N,VIIRS,n,2,311.4,4.09,D,0
39.58006,33.84513,352.03,0.5,0.49,2023-09-23,1006,N,VIIRS,n,2,310.68,7.13,D,0
39.58315,33.83793,367.0,0.5,0.49,2023-09-23,1006,N,VIIRS,h,2,313.27,11.35,D,0
39.58444,33.84348,345.46,0.5,0.49,2023-09-23,1006,N,VIIRS,n,2,312.56,12.01,D,0
39.81831,36.40428,337.84,0.56,0.43,2023-09-23,1006,N,VIIRS,n,2,307.44,6.65,D,0
39.86135,32.25286,336.25,0.59,0.53,2023-09-23,1006,N,VIIRS,n,2,304.53,2.14,D,0
40.1132,44.38567,349.01,0.4,0.37,2023-09-23,1006,N,VIIRS,n,2,309.24,12.63,D,0
40.11656,44.3849,349.52,0.4,0.37,2023-09-23,1006,N,VIIRS,n,2,306.26,12.63,D,0
40.16693,36.95961,340.43,0.52,0.42,2023-09-23,1006,N,VIIRS,n,2,303.04,5.03,D,0
40.16828,36.95976,343.85,0.52,0.42,2023-09-23,1006,N,VIIRS,n,2,304.72,8.35,D,0
40.17067,36.95835,334.8,0.52,0.42,2023-09-23,1006,N,VIIRS,n,2,300.61,4.42,D,0
40.63133,43.9439,334.46,0.4,0.37,2023-09-23,1006,N,VIIRS,n,2,307.46,1.81,D,0
41.55119,43.40458,335.26,0.39,0.36,2023-09-23,1006,N,VIIRS,n,2,303.22,2.43,D,0
40.39263,34.23844,349.31,0.46,0.47,2023-09-23,1007,N,VIIRS,n,2,312.41,15.51,D,0
40.39385,34.24376,338.9,0.46,0.47,2023-09-23,1007,N,VIIRS,n,2,309.69,7.8,D,0
40.80629,35.49924,339.13,0.39,0.44,2023-09-23,1007,N,VIIRS,n,2,308.63,2.92,D,0
40.84141,35.42569,342.1,0.39,0.44,2023-09-23,1007,N,VIIRS,n,2,307.53,5.93,D,0
40.84201,35.42776,345.78,0.39,0.44,2023-09-23,1007,N,VIIRS,n,2,307.8,4.33,D,0
41.24287,36.46799,333.83,0.52,0.42,2023-09-23,1007,N,VIIRS,n,2,301.05,4.25,D,2
41.82383,34.01021,328.88,0.44,0.46,2023-09-23,1007,N,VIIRS,n,2,300.18,5.34,D,0
42.16919,42.80367,344.47,0.39,0.36,2023-09-23,1007,N,VIIRS,n,2,301.61,4.95,D,0
42.45751,26.29787,336.76,0.49,0.65,2023-09-23,1008,N,VIIRS,n,2,296.68,1.82,D,0
36.86028,30.93208,342.25,0.44,0.63,2023-09-23,1146,N,VIIRS,n,2,306.08,1.69,D,0
36.86517,30.93151,354.19,0.44,0.63,2023-09-23,1146,N,VIIRS,n,2,306.91,6.28,D,0
36.86613,30.93168,340.87,0.44,0.63,2023-09-23,1146,N,VIIRS,n,2,304.96,3.7,D,0
37.65068,31.92106,337.83,0.51,0.66,2023-09-23,1146,N,VIIRS,n,2,306.09,4.73,D,0
37.7196,31.79807,346.36,0.5,0.66,2023-09-23,1146,N,VIIRS,n,2,305.18,4.63,D,0
37.72059,31.80005,337.26,0.5,0.66,2023-09-23,1146,N,VIIRS,n,2,304.07,3.17,D,0
37.77338,31.74888,350.01,0.5,0.66,2023-09-23,1146,N,VIIRS,n,2,306.02,7.31,D,0
37.88964,31.76318,338.44,0.5,0.66,2023-09-23,1146,N,VIIRS,n,2,303.68,6.7,D,0
37.8958,31.59652,345.91,0.49,0.65,2023-09-23,1146,N,VIIRS,n,2,307.97,8.8,D,0
38.25792,31.64057,337.14,0.5,0.66,2023-09-23,1147,N,VIIRS,n,2,306.13,4.39,D,0
38.27594,31.62859,367.0,0.5,0.66,2023-09-23,1147,N,VIIRS,h,2,307.26,11.15,D,0
38.33492,29.42986,342.62,0.38,0.59,2023-09-23,1147,N,VIIRS,n,2,307.92,4.66,D,0
38.40812,30.54629,336.63,0.44,0.62,2023-09-23,1147,N,VIIRS,n,2,300.77,3.78,D,0
38.40832,30.5514,367.0,0.44,0.62,2023-09-23,1147,N,VIIRS,h,2,301.83,13.95,D,0
38.40875,30.55029,351.86,0.44,0.62,2023-09-23,1147,N,VIIRS,n,2,301.89,6.59,D,0
38.40899,30.55531,344.36,0.44,0.62,2023-09-23,1147,N,VIIRS,n,2,299.51,6.59,D,0
38.50772,29.25316,350.72,0.37,0.58,2023-09-23,1147,N,VIIRS,n,2,307.91,3.96,D,0
38.6743,26.86263,342.69,0.55,0.51,2023-09-23,1147,N,VIIRS,n,2,306.63,6.8,D,0
38.67477,26.869,347.93,0.55,0.51,2023-09-23,1147,N,VIIRS,n,2,306.0,12.53,D,0
38.67904,26.86196,335.51,0.55,0.51,2023-09-23,1147,N,VIIRS,n,2,305.56,6.8,D,0
38.67951,26.86827,349.41,0.55,0.51,2023-09-23,1147,N,VIIRS,n,2,305.93,12.53,D,0
38.9765,34.59432,367.0,0.72,0.76,2023-09-23,1147,N,VIIRS,h,2,310.28,28.48,D,0
38.9836,34.59418,344.06,0.72,0.76,2023-09-23,1147,N,VIIRS,n,2,304.43,28.48,D,0
38.98368,34.60368,330.61,0.72,0.76,2023-09-23,1147,N,VIIRS,n,2,302.27,30.04,D,0
39.01842,34.52176,367.0,0.72,0.75,2023-09-23,1147,N,VIIRS,h,2,310.34,24.72,D,0
39.02228,34.52199,367.0,0.72,0.75,2023-09-23,1147,N,VIIRS,h,2,309.43,21.29,D,0
39.0255,34.52135,335.79,0.72,0.75,2023-09-23,1147,N,VIIRS,n,2,304.57,24.72,D,0
39.02936,34.52151,348.73,0.72,0.75,2023-09-23,1147,N,VIIRS,n,2,306.92,21.29,D,0
39.02941,34.53039,338.29,0.72,0.75,2023-09-23,1147,N,VIIRS,n,2,304.47,28.92,D,0
39.03257,34.52104,345.53,0.72,0.75,2023-09-23,1147,N,VIIRS,n,2,306.12,6.95,D,0
39.03267,34.52992,340.92,0.72,0.75,2023-09-23,1147,N,VIIRS,n,2,305.83,6.95,D,0
39.08354,31.90476,338.91,0.52,0.67,2023-09-23,1147,N,VIIRS,n,2,307.6,5.62,D,0
39.08618,31.90179,335.46,0.52,0.67,2023-09-23,1147,N,VIIRS,n,2,306.14,6.1,D,0
39.08637,31.90772,354.85,0.52,0.67,2023-09-23,1147,N,VIIRS,n,2,307.2,10.38,D,0
39.08979,31.90471,356.32,0.52,0.67,2023-09-23,1147,N,VIIRS,n,2,308.36,5.62,D,0
39.09571,31.89256,341.25,0.52,0.67,2023-09-23,1147,N,VIIRS,n,2,307.2,2.48,D,0
39.09848,31.89552,338.91,0.52,0.67,2023-09-23,1147,N,VIIRS,n,2,305.11,5.96,D,0
39.20438,32.38421,336.99,0.55,0.68,2023-09-23,1147,N,VIIRS,n,2,305.03,3.79,D,0
39.28156,32.10952,337.2,0.53,0.67,2023-09-23,1147,N,VIIRS,n,2,305.65,3.04,D,0
39.40994,32.30664,348.41,0.55,0.68,2023-09-23,1147,N,VIIRS,n,2,306.77,6.2,D,0
39.4118,32.30509,345.11,0.55,0.68,2023-09-23,1147,N,VIIRS,n,2,305.48,4.75,D,0
39.93855,29.81779,334.2,0.41,0.61,2023-09-23,1147,N,VIIRS,n,2,297.8,3.61,D,0
40.62177,34.45471,337.57,0.72,0.76,2023-09-23,1147,N,VIIRS,n,2,307.26,5.89,D,0
40.85534,29.46488,367.0,0.4,0.6,2023-09-23,1147,N,VIIRS,h,2,301.22,8.08,D,0
40.86091,29.46413,347.68,0.4,0.6,2023-09-23,1147,N,VIIRS,n,2,303.61,33.09,D,0
40.86113,29.46892,352.42,0.4,0.6,2023-09-23,1147,N,VIIRS,n,2,298.92,29.32,D,0
40.92588,26.30867,337.54,0.54,0.51,2023-09-23,1147,N,VIIRS,n,2,299.64,3.9,D,0
40.92634,26.31523,333.55,0.54,0.51,2023-09-23,1147,N,VIIRS,n,2,299.64,4.41,D,0
40.93106,26.31467,344.53,0.54,0.51,2023-09-23,1147,N,VIIRS,n,2,299.98,6.41,D,0
37.13015,42.31871,317.41,0.57,0.52,2023-09-23,2225,N,VIIRS,n,2,289.14,2.47,N,0
37.13066,42.31211,312.81,0.57,0.52,2023-09-23,2225,N,VIIRS,n,2,288.72,2.99,N,0
37.13576,42.79406,301.78,0.54,0.51,2023-09-23,2225,N,VIIRS,n,2,291.75,0.86,N,2
37.23336,43.07586,303.9,0.52,0.5,2023-09-23,2225,N,VIIRS,n,2,292.38,1.84,N,0
37.25315,39.93898,299.39,0.39,0.59,2023-09-23,2225,N,VIIRS,n,2,289.22,0.47,N,0
37.27556,43.23858,301.63,0.51,0.49,2023-09-23,2225,N,VIIRS,n,2,287.49,1.16,N,0
37.27598,43.23363,305.16,0.51,0.49,2023-09-23,2225,N,VIIRS,n,2,286.64,1.11,N,0
37.27877,38.72892,302.98,0.45,0.63,2023-09-23,2225,N,VIIRS,n,2,292.13,1.02,N,2
37.27978,43.2344,313.0,0.51,0.49,2023-09-23,2225,N,VIIRS,n,2,288.59,1.72,N,0
37.28055,43.23435,307.82,0.51,0.49,2023-09-23,2225,N,VIIRS,n,2,288.01,1.11,N,0
37.31878,43.15305,302.7,0.52,0.5,2023-09-23,2225,N,VIIRS,n,2,290.19,1.88,N,0
37.31933,43.1461,319.74,0.52,0.5,2023-09-23,2225,N,VIIRS,n,2,290.5,1.88,N,0
37.68138,38.14225,304.4,0.49,0.65,2023-09-23,2225,N,VIIRS,n,2,288.37,1.0,N,0
37.68207,38.12521,302.3,0.49,0.65,2023-09-23,2225,N,VIIRS,n,2,288.6,0.78,N,0
37.69346,38.42932,300.1,0.47,0.64,2023-09-23,2225,N,VIIRS,n,2,288.35,0.25,N,0
37.73819,38.41628,304.5,0.47,0.64,2023-09-23,2225,N,VIIRS,n,2,290.22,1.03,N,0
37.99426,41.31688,303.91,0.33,0.55,2023-09-23,2225,N,VIIRS,n,2,285.49,1.14,N,0
37.9945,41.31311,333.7,0.33,0.55,2023-09-23,2225,N,VIIRS,n,2,286.81,1.44,N,0
37.99474,41.30943,311.46,0.33,0.55,2023-09-23,2225,N,VIIRS,n,2,286.06,1.44,N,0
37.99965,41.31374,300.77,0.33,0.55,2023-09-23,2225,N,VIIRS,n,2,285.67,1.44,N,0
37.99989,41.30997,317.57,0.33,0.55,2023-09-23,2225,N,VIIRS,n,2,285.54,1.44,N,0
38.07372,40.44492,307.31,0.37,0.58,2023-09-23,2225,N,VIIRS,n,2,290.1,0.53,N,0
38.14131,40.42328,304.26,0.37,0.58,2023-09-23,2225,N,VIIRS,n,2,286.56,1.07,N,0
38.14157,40.41862,308.0,0.37,0.58,2023-09-23,2225,N,VIIRS,n,2,286.49,1.22,N,0
38.15782,40.42013,299.91,0.37,0.58,2023-09-23,2225,N,VIIRS,n,2,286.28,0.3,N,0
38.79095,36.10918,297.74,0.64,0.72,2023-09-23,2225,N,VIIRS,n,2,279.06,1.31,N,0
38.93607,34.59988,319.99,0.77,0.77,2023-09-23,2225,N,VIIRS,n,2,282.58,5.88,N,0
38.93613,34.59162,326.26,0.77,0.77,2023-09-23,2225,N,VIIRS,n,2,283.49,8.73,N,0
38.93685,34.59583,345.29,0.77,0.77,2023-09-23,2225,N,VIIRS,n,2,284.57,11.25,N,0
38.98063,34.57947,302.6,0.77,0.77,2023-09-23,2225,N,VIIRS,n,2,283.66,1.77,N,0
39.00517,36.93014,302.68,0.58,0.7,2023-09-23,2225,N,VIIRS,n,2,277.3,2.02,N,0
39.00532,36.92315,311.08,0.58,0.7,2023-09-23,2225,N,VIIRS,n,2,276.52,2.02,N,0
39.00566,36.93098,302.69,0.58,0.7,2023-09-23,2225,N,VIIRS,n,2,277.29,1.61,N,0
39.00586,36.92398,309.94,0.58,0.7,2023-09-23,2225,N,VIIRS,n,2,276.56,2.68,N,0
39.08965,36.38412,324.4,0.62,0.71,2023-09-23,2225,N,VIIRS,n,2,279.52,3.99,N,0
39.09196,36.38122,317.91,0.62,0.72,2023-09-23,2225,N,VIIRS,n,2,280.04,2.56,N,0
40.14897,36.95656,298.55,0.59,0.7,2023-09-23,2225,N,VIIRS,n,2,282.27,1.44,N,0
40.15082,36.96046,297.37,0.59,0.7,2023-09-23,2225,N,VIIRS,n,2,282.51,2.68,N,0
40.15101,36.95209,322.39,0.59,0.7,2023-09-23,2225,N,VIIRS,n,2,283.04,2.68,N,0
40.1555,36.95868,317.28,0.59,0.7,2023-09-23,2225,N,VIIRS,n,2,283.71,3.42,N,0
40.15565,36.9503,306.53,0.59,0.7,2023-09-23,2225,N,VIIRS,n,2,282.56,6.05,N,0
40.15598,36.93232,324.8,0.59,0.7,2023-09-23,2225,N,VIIRS,n,2,282.94,5.91,N,0
40.15612,36.92447,342.03,0.59,0.7,2023-09-23,2225,N,VIIRS,n,2,283.55,5.91,N,0
40.16251,36.93468,306.61,0.59,0.7,2023-09-23,2225,N,VIIRS,n,2,283.14,5.91,N,0
40.16265,36.92685,337.22,0.59,0.7,2023-09-23,2225,N,VIIRS,n,2,284.47,5.91,N,0
35.51062,44.37484,323.6,0.42,0.45,2023-09-23,2226,N,VIIRS,n,2,294.81,1.86,N,2
35.5265,44.34351,342.56,0.42,0.46,2023-09-23,2226,N,VIIRS,n,2,296.97,6.28,N,2
35.52689,44.25127,308.1,0.43,0.46,2023-09-23,2226,N,VIIRS,n,2,289.92,0.8,N,0
35.52697,44.33871,314.01,0.43,0.46,2023-09-23,2226,N,VIIRS,n,2,294.29,6.28,N,2
35.53118,44.3394,355.81,0.43,0.46,2023-09-23,2226,N,VIIRS,n,2,297.92,6.28,N,2
35.53586,44.33534,332.08,0.43,0.46,2023-09-23,2226,N,VIIRS,n,2,296.27,2.68,N,2
35.62601,44.01022,308.98,0.44,0.46,2023-09-23,2226,N,VIIRS,n,2,293.45,1.83,N,2
35.62851,44.00878,352.48,0.44,0.46,2023-09-23,2226,N,VIIRS,n,2,297.74,7.91,N,2
35.63032,44.01078,338.5,0.44,0.46,2023-09-23,2226,N,VIIRS,n,2,296.36,3.75,N,2
35.63078,44.00579,318.36,0.44,0.46,2023-09-23,2226,N,VIIRS,n,2,293.46,3.75,N,2
35.66078,43.96506,313.3,0.45,0.47,2023-09-23,2226,N,VIIRS,n,2,293.53,1.77,N,2
35.68656,43.87718,342.0,0.45,0.47,2023-09-23,2226,N,VIIRS,n,2,297.31,7.29,N,2
35.71962,44.03455,304.79,0.44,0.46,2023-09-23,2226,N,VIIRS,n,2,293.91,0.58,N,2
35.72342,44.04029,322.87,0.44,0.46,2023-09-23,2226,N,VIIRS,n,2,296.74,2.82,N,2
35.72488,44.04163,339.47,0.44,0.46,2023-09-23,2226,N,VIIRS,n,2,299.4,6.91,N,2
35.7277,44.04103,330.54,0.44,0.46,2023-09-23,2226,N,VIIRS,n,2,297.58,2.82,N,2
35.72869,44.03104,338.6,0.44,0.46,2023-09-23,2226,N,VIIRS,n,2,296.86,6.59,N,2
35.73009,44.03238,336.67,0.44,0.46,2023-09-23,2226,N,VIIRS,n,2,297.18,4.52,N,2
35.77299,43.99368,330.62,0.45,0.47,2023-09-23,2226,N,VIIRS,n,2,296.35,3.42,N,2
35.81272,43.25519,306.4,0.49,0.49,2023-09-23,2226,N,VIIRS,n,2,295.01,1.65,N,2
35.9249,43.79121,323.4,0.46,0.47,2023-09-23,2226,N,VIIRS,n,2,295.36,3.3,N,2
35.95264,43.73194,307.88,0.46,0.47,2023-09-23,2226,N,VIIRS,n,2,295.63,1.27,N,2
35.95314,43.72665,317.49,0.46,0.47,2023-09-23,2226,N,VIIRS,n,2,295.21,1.27,N,2
35.97111,43.77134,306.71,0.46,0.47,2023-09-23,2226,N,VIIRS,n,2,295.46,1.36,N,2
35.97142,43.76302,312.14,0.46,0.47,2023-09-23,2226,N,VIIRS,n,2,295.95,2.65,N,2
35.97208,43.76119,311.88,0.46,0.47,2023-09-23,2226,N,VIIRS,n,2,295.81,2.91,N,2
35.9749,43.77371,307.07,0.46,0.47,2023-09-23,2226,N,VIIRS,n,2,295.88,3.16,N,2
35.97549,43.77184,307.9,0.46,0.47,2023-09-23,2226,N,VIIRS,n,2,295.9,1.36,N,2
35.97974,43.76911,327.46,0.46,0.47,2023-09-23,2226,N,VIIRS,n,2,297.14,1.59,N,2
35.98413,43.76966,311.7,0.46,0.47,2023-09-23,2226,N,VIIRS,n,2,295.73,1.59,N,2
35.99069,43.84364,300.33,0.46,0.47,2023-09-23,2226,N,VIIRS,n,2,289.4,0.46,N,0
35.99822,43.76104,319.26,0.46,0.47,2023-09-23,2226,N,VIIRS,n,2,295.62,1.34,N,2
36.01852,43.6845,316.37,0.47,0.47,2023-09-23,2226,N,VIIRS,n,2,295.52,4.66,N,2
36.019,43.6792,338.69,0.47,0.48,2023-09-23,2226,N,VIIRS,n,2,298.67,4.66,N,2
36.10807,36.99818,308.74,0.55,0.68,2023-09-23,2226,N,VIIRS,n,2,291.98,1.96,N,0
36.10957,36.99828,308.12,0.55,0.68,2023-09-23,2226,N,VIIRS,n,2,291.22,1.27,N,0
36.12513,43.78069,308.04,0.46,0.47,2023-09-23,2226,N,VIIRS,n,2,292.92,1.03,N,2
36.1286,40.80848,313.78,0.34,0.56,2023-09-23,2226,N,VIIRS,n,2,291.18,0.8,N,2
36.13382,40.80893,318.94,0.34,0.56,2023-09-23,2226,N,VIIRS,n,2,293.58,1.21,N,2
36.14397,40.81374,327.67,0.34,0.56,2023-09-23,2226,N,VIIRS,n,2,291.71,1.83,N,2
36.15039,43.79561,325.71,0.46,0.47,2023-09-23,2226,N,VIIRS,n,2,296.42,4.12,N,2
36.33523,43.75995,318.76,0.47,0.47,2023-09-23,2226,N,VIIRS,n,2,293.2,1.34,N,2
36.44016,42.93128,306.58,0.52,0.5,2023-09-23,2226,N,VIIRS,n,2,294.61,1.13,N,2
36.45853,41.28113,316.87,0.32,0.55,2023-09-23,2226,N,VIIRS,n,2,292.75,0.75,N,2
36.45938,38.8917,300.1,0.43,0.62,2023-09-23,2226,N,VIIRS,n,2,288.12,0.35,N,0
36.7052,43.68981,303.12,0.47,0.48,2023-09-23,2226,N,VIIRS,n,2,291.72,0.42,N,0
36.71064,43.67953,304.65,0.48,0.48,2023-09-23,2226,N,VIIRS,n,2,289.91,0.5,N,0
36.71353,43.68111,323.14,0.48,0.48,2023-09-23,2226,N,VIIRS,n,2,291.49,2.54,N,0
36.71508,43.68013,312.85,0.48,0.48,2023-09-23,2226,N,VIIRS,n,2,291.47,1.69,N,0
36.71771,36.19682,303.83,0.61,0.71,2023-09-23,2226,N,VIIRS,n,2,293.7,2.48,N,2
36.74445,36.19813,320.0,0.61,0.71,2023-09-23,2226,N,VIIRS,n,2,294.07,4.52,N,2
36.74549,43.49635,304.83,0.49,0.48,2023-09-23,2226,N,VIIRS,n,2,291.64,1.01,N,2
36.74769,36.20523,305.5,0.61,0.71,2023-09-23,2226,N,VIIRS,n,2,293.51,2.35,N,2
36.74787,36.19781,317.5,0.61,0.71,2023-09-23,2226,N,VIIRS,n,2,294.08,2.35,N,0
36.77563,43.32462,344.62,0.5,0.49,2023-09-23,2226,N,VIIRS,n,2,296.61,7.58,N,2
36.86046,38.15855,311.33,0.48,0.65,2023-09-23,2226,N,VIIRS,n,2,293.04,1.3,N,0
36.86186,38.15929,309.89,0.48,0.65,2023-09-23,2226,N,VIIRS,n,2,293.48,1.54,N,0
36.86749,34.76107,304.91,0.73,0.76,2023-09-23,2226,N,VIIRS,n,2,292.92,1.97,N,2
36.86975,34.76144,305.23,0.74,0.76,2023-09-23,2226,N,VIIRS,n,2,293.12,1.43,N,2
36.90771,43.39123,305.23,0.5,0.49,2023-09-23,2226,N,VIIRS,n,2,291.54,4.54,N,2
36.9082,43.38558,338.19,0.5,0.49,2023-09-23,2226,N,VIIRS,n,2,293.27,4.54,N,2
36.917,41.89482,301.45,0.6,0.53,2023-09-23,2226,N,VIIRS,n,2,289.55,1.46,N,2
36.93391,42.12923,318.86,0.58,0.52,2023-09-23,2226,N,VIIRS,n,2,291.65,2.08,N,2
36.93877,42.12987,311.67,0.58,0.52,2023-09-23,2226,N,VIIRS,n,2,293.29,2.08,N,2
36.94057,42.16973,318.27,0.58,0.52,2023-09-23,2226,N,VIIRS,n,2,290.35,2.04,N,2
36.94299,42.16915,321.4,0.58,0.52,2023-09-23,2226,N,VIIRS,n,2,291.84,2.84,N,2
36.96383,42.08443,302.82,0.58,0.52,2023-09-23,2226,N,VIIRS,n,2,289.2,1.38,N,2
36.99515,41.56382,311.38,0.63,0.54,2023-09-23,2226,N,VIIRS,n,2,289.15,0.8,N,2
36.99643,41.56547,304.01,0.62,0.54,2023-09-23,2226,N,VIIRS,n,2,289.21,2.26,N,2
37.01114,36.10429,314.94,0.62,0.72,2023-09-23,2226,N,VIIRS,n,2,292.28,1.98,N,2
37.01786,36.10493,303.0,0.62,0.72,2023-09-23,2226,N,VIIRS,n,2,292.56,1.98,N,2
37.0182,36.09159,302.71,0.62,0.72,2023-09-23,2226,N,VIIRS,n,2,292.35,1.08,N,2
37.27491,38.73089,305.7,0.45,0.63,2023-09-23,2226,N,VIIRS,n,2,291.78,0.7,N,2
37.29686,37.1572,304.66,0.55,0.68,2023-09-23,2226,N,VIIRS,n,2,291.17,1.24,N,2
39.25699,42.14172,296.74,0.52,0.67,2023-09-24,5,N,VIIRS,n,2,282.41,0.55,N,0
39.87608,36.86498,314.49,0.55,0.51,2023-09-24,5,N,VIIRS,n,2,281.08,2.22,N,0
39.8775,36.85918,295.51,0.55,0.51,2023-09-24,5,N,VIIRS,n,2,280.7,2.22,N,0
40.15712,36.93438,322.32,0.55,0.51,2023-09-24,5,N,VIIRS,n,2,283.89,4.5,N,0
40.15861,36.92819,332.8,0.55,0.51,2023-09-24,5,N,VIIRS,n,2,283.89,5.68,N,0
40.15878,36.93477,326.88,0.55,0.51,2023-09-24,5,N,VIIRS,n,2,284.37,5.68,N,0
40.16031,36.92858,329.7,0.55,0.51,2023-09-24,5,N,VIIRS,n,2,283.63,5.68,N,0
40.17313,36.95738,302.58,0.55,0.51,2023-09-24,5,N,VIIRS,n,2,279.92,0.74,N,0
40.57565,34.39723,296.04,0.4,0.44,2023-09-24,5,N,VIIRS,n,2,285.62,0.49,N,0
40.57964,34.39869,315.63,0.4,0.44,2023-09-24,5,N,VIIRS,n,2,286.96,1.73,N,0
40.75629,31.78389,302.57,0.47,0.39,2023-09-24,5,N,VIIRS,n,2,285.06,1.08,N,2
40.94518,31.39662,310.44,0.45,0.39,2023-09-24,5,N,VIIRS,n,2,287.59,1.44,N,2
41.17356,32.62999,307.73,0.49,0.41,2023-09-24,5,N,VIIRS,n,2,286.14,1.63,N,2
41.17601,32.6372,301.82,0.49,0.41,2023-09-24,5,N,VIIRS,n,2,287.07,0.92,N,2
41.18445,32.63409,298.42,0.49,0.41,2023-09-24,5,N,VIIRS,n,2,286.44,0.96,N,2
41.26596,31.42736,299.65,0.45,0.39,2023-09-24,5,N,VIIRS,n,2,289.65,1.38,N,2
41.26696,31.42213,309.55,0.45,0.39,2023-09-24,5,N,VIIRS,n,2,289.97,1.38,N,2
41.62881,27.68588,310.3,0.38,0.36,2023-09-24,5,N,VIIRS,n,2,291.47,0.96,N,2
41.63606,27.50659,313.66,0.38,0.36,2023-09-24,5,N,VIIRS,n,2,293.05,1.54,N,2
35.81561,43.25505,301.54,0.74,0.76,2023-09-24,6,N,VIIRS,n,2,290.73,1.29,N,2
35.92315,43.79058,312.71,0.78,0.78,2023-09-24,6,N,VIIRS,n,2,292.51,1.28,N,2
35.92536,43.7878,310.96,0.78,0.78,2023-09-24,6,N,VIIRS,n,2,292.36,1.46,N,2
35.95117,43.72773,306.37,0.77,0.78,2023-09-24,6,N,VIIRS,n,2,291.56,1.76,N,2
35.97697,43.76981,316.72,0.78,0.78,2023-09-24,6,N,VIIRS,n,2,292.63,5.69,N,2
35.97943,43.76695,325.77,0.78,0.78,2023-09-24,6,N,VIIRS,n,2,293.88,8.02,N,2
35.98361,43.77362,315.51,0.78,0.78,2023-09-24,6,N,VIIRS,n,2,291.59,2.46,N,2
35.98608,43.77072,300.81,0.78,0.78,2023-09-24,6,N,VIIRS,n,2,290.64,1.62,N,0
35.99567,43.76035,317.56,0.78,0.78,2023-09-24,6,N,VIIRS,n,2,291.46,2.11,N,2
35.99823,43.75747,305.64,0.77,0.78,2023-09-24,6,N,VIIRS,n,2,291.23,2.51,N,2
36.01547,43.67988,321.33,0.77,0.77,2023-09-24,6,N,VIIRS,n,2,291.26,2.21,N,2
36.01938,43.68563,321.96,0.77,0.77,2023-09-24,6,N,VIIRS,n,2,293.36,4.01,N,2
36.02227,43.68305,303.84,0.77,0.77,2023-09-24,6,N,VIIRS,n,2,291.4,2.21,N,2
36.1069,36.99729,311.36,0.35,0.56,2023-09-24,6,N,VIIRS,n,2,291.58,0.67,N,0
36.10794,36.99609,315.33,0.34,0.56,2023-09-24,6,N,VIIRS,n,2,291.93,1.29,N,0
36.11193,36.99918,302.97,0.35,0.56,2023-09-24,6,N,VIIRS,n,2,291.26,0.67,N,0
36.12189,41.04373,306.41,0.56,0.69,2023-09-24,6,N,VIIRS,n,2,291.37,1.18,N,2
36.12574,41.04622,304.12,0.56,0.69,2023-09-24,6,N,VIIRS,n,2,291.32,0.6,N,2
36.13245,40.81279,311.43,0.55,0.68,2023-09-24,6,N,VIIRS,n,2,291.51,1.61,N,2
36.14435,40.81846,318.37,0.55,0.68,2023-09-24,6,N,VIIRS,n,2,290.05,1.64,N,0
36.44191,42.93216,302.49,0.68,0.74,2023-09-24,6,N,VIIRS,n,2,291.69,1.23,N,2
36.4426,42.93007,302.64,0.68,0.74,2023-09-24,6,N,VIIRS,n,2,292.0,1.02,N,2
36.45694,41.28508,300.08,0.57,0.69,2023-09-24,6,N,VIIRS,n,2,289.97,0.81,N,0
36.71849,36.19886,321.03,0.6,0.53,2023-09-24,6,N,VIIRS,n,2,295.8,4.49,N,2
36.7439,36.20125,319.2,0.6,0.53,2023-09-24,6,N,VIIRS,n,2,295.11,4.64,N,2
36.74503,36.20309,335.16,0.6,0.53,2023-09-24,6,N,VIIRS,n,2,296.11,7.21,N,2
36.74866,36.20303,315.32,0.6,0.53,2023-09-24,6,N,VIIRS,n,2,294.89,3.01,N,2
36.77642,43.32416,342.07,0.7,0.75,2023-09-24,6,N,VIIRS,n,2,293.21,5.93,N,2
36.77805,43.3226,336.26,0.7,0.75,2023-09-24,6,N,VIIRS,n,2,293.95,7.1,N,2
36.86562,38.1572,304.77,0.38,0.59,2023-09-24,6,N,VIIRS,n,2,292.93,0.73,N,0
36.90595,43.39164,333.35,0.7,0.75,2023-09-24,6,N,VIIRS,n,2,291.62,6.95,N,2
36.91338,41.89333,306.27,0.59,0.7,2023-09-24,6,N,VIIRS,n,2,287.78,1.0,N,2
36.93337,42.13128,318.28,0.61,0.71,2023-09-24,6,N,VIIRS,n,2,288.58,1.76,N,2
36.9387,42.13217,310.37,0.61,0.71,2023-09-24,6,N,VIIRS,n,2,290.35,2.87,N,2
36.94077,42.17188,315.97,0.61,0.71,2023-09-24,6,N,VIIRS,n,2,288.51,1.29,N,2
36.99549,41.56636,299.66,0.56,0.69,2023-09-24,6,N,VIIRS,n,2,287.1,1.13,N,2
36.9973,41.56021,304.91,0.56,0.69,2023-09-24,6,N,VIIRS,n,2,288.15,1.13,N,2
36.99791,41.56703,299.63,0.56,0.69,2023-09-24,6,N,VIIRS,n,2,287.24,1.08,N,2
36.99975,41.5609,303.46,0.56,0.69,2023-09-24,6,N,VIIRS,n,2,288.35,1.46,N,2
37.12845,42.31805,311.94,0.61,0.71,2023-09-24,6,N,VIIRS,n,2,287.7,1.8,N,0
37.23262,37.41003,303.66,0.34,0.56,2023-09-24,6,N,VIIRS,n,2,292.76,0.57,N,0
37.27805,43.23371,297.99,0.68,0.74,2023-09-24,6,N,VIIRS,n,2,286.14,0.64,N,0
37.29478,37.15734,310.17,0.33,0.55,2023-09-24,6,N,VIIRS,n,2,294.09,1.24,N,2
37.29599,37.15884,305.42,0.33,0.55,2023-09-24,6,N,VIIRS,n,2,293.31,1.09,N,2
37.55241,38.15937,306.52,0.37,0.58,2023-09-24,6,N,VIIRS,n,2,289.06,0.66,N,0
37.60213,31.79602,316.86,0.52,0.42,2023-09-24,6,N,VIIRS,n,2,282.91,1.58,N,0
37.68451,38.14353,306.15,0.36,0.58,2023-09-24,6,N,VIIRS,n,2,288.56,0.52,N,0
37.69355,38.08731,300.87,0.36,0.57,2023-09-24,6,N,VIIRS,n,2,290.73,0.7,N,0
37.79046,32.6675,309.78,0.57,0.43,2023-09-24,6,N,VIIRS,n,2,281.1,2.69,N,0
37.79202,32.66813,337.87,0.57,0.43,2023-09-24,6,N,VIIRS,n,2,284.37,7.73,N,0
37.79436,32.66882,335.32,0.57,0.43,2023-09-24,6,N,VIIRS,n,2,283.09,7.08,N,0
37.86202,31.69731,301.09,0.51,0.41,2023-09-24,6,N,VIIRS,n,2,286.14,1.77,N,0
37.86214,29.37176,313.34,0.42,0.38,2023-09-24,6,N,VIIRS,n,2,291.76,1.79,N,2
37.86314,31.69174,311.09,0.51,0.41,2023-09-24,6,N,VIIRS,n,2,283.82,2.14,N,0
37.93922,32.53602,299.71,0.56,0.43,2023-09-24,6,N,VIIRS,n,2,287.2,0.71,N,2
38.00051,41.31262,295.9,0.51,0.66,2023-09-24,6,N,VIIRS,n,2,284.52,0.48,N,0
38.13921,40.42292,300.8,0.46,0.64,2023-09-24,6,N,VIIRS,n,2,287.16,1.04,N,0
38.4282,27.21488,303.94,0.39,0.36,2023-09-24,6,N,VIIRS,n,2,293.75,0.87,N,2
38.45283,38.72924,300.63,0.37,0.58,2023-09-24,6,N,VIIRS,n,2,289.35,0.71,N,2
38.45401,38.72479,303.55,0.37,0.58,2023-09-24,6,N,VIIRS,n,2,289.38,1.12,N,2
38.45477,27.26285,306.43,0.39,0.36,2023-09-24,6,N,VIIRS,n,2,294.18,0.73,N,2
38.45682,38.72638,308.94,0.37,0.58,2023-09-24,6,N,VIIRS,n,2,291.39,1.36,N,2
38.62902,29.50872,296.55,0.42,0.38,2023-09-24,6,N,VIIRS,n,2,285.56,0.42,N,0
38.65688,30.61993,303.62,0.45,0.39,2023-09-24,6,N,VIIRS,n,2,285.6,1.2,N,2
38.66535,39.23585,301.13,0.39,0.59,2023-09-24,6,N,VIIRS,n,2,288.49,1.22,N,0
38.73867,26.92922,314.99,0.38,0.36,2023-09-24,6,N,VIIRS,n,2,296.11,0.89,N,2
38.73919,26.94761,309.5,0.38,0.36,2023-09-24,6,N,VIIRS,n,2,295.7,1.28,N,2
38.74196,26.93007,304.37,0.38,0.36,2023-09-24,6,N,VIIRS,n,2,293.03,0.89,N,2
38.78756,36.11485,299.22,0.54,0.5,2023-09-24,6,N,VIIRS,n,2,279.15,1.25,N,0
38.79007,36.11395,296.16,0.54,0.51,2023-09-24,6,N,VIIRS,n,2,278.85,0.75,N,0
38.87597,32.5538,313.9,0.54,0.42,2023-09-24,6,N,VIIRS,n,2,282.31,2.28,N,0
38.87976,32.55506,295.88,0.54,0.42,2023-09-24,6,N,VIIRS,n,2,282.23,0.69,N,0
38.9376,34.59704,300.34,0.45,0.47,2023-09-24,6,N,VIIRS,n,2,283.18,0.87,N,0
38.9388,34.5918,302.32,0.45,0.47,2023-09-24,6,N,VIIRS,n,2,283.63,0.87,N,0
38.94173,34.59876,305.68,0.45,0.47,2023-09-24,6,N,VIIRS,n,2,284.27,0.87,N,0
38.97141,34.58722,299.56,0.44,0.46,2023-09-24,6,N,VIIRS,n,2,284.1,0.88,N,0
38.98087,34.58521,302.0,0.44,0.46,2023-09-24,6,N,VIIRS,n,2,284.29,0.94,N,0
39.11333,27.52324,307.38,0.39,0.36,2023-09-24,6,N,VIIRS,n,2,291.3,0.34,N,0
39.16736,27.63467,304.58,0.39,0.36,2023-09-24,6,N,VIIRS,n,2,292.31,0.62,N,0
39.16808,27.63025,306.45,0.39,0.36,2023-09-24,6,N,VIIRS,n,2,293.93,0.62,N,2
39.18224,27.50028,309.53,0.39,0.36,2023-09-24,6,N,VIIRS,n,2,293.44,1.05,N,2
39.57777,29.86333,312.99,0.42,0.38,2023-09-24,6,N,VIIRS,n,2,285.44,1.44,N,0
39.83727,30.29932,302.54,0.43,0.38,2023-09-24,6,N,VIIRS,n,2,288.15,1.27,N,2
39.865,26.2455,322.46,0.39,0.36,2023-09-24,6,N,VIIRS,n,2,295.66,1.63,N,2
39.94455,33.19167,304.06,0.55,0.43,2023-09-24,6,N,VIIRS,n,2,287.45,1.3,N,2
40.44229,27.14227,303.33,0.38,0.36,2023-09-24,6,N,VIIRS,n,2,292.16,1.16,N,2
40.44299,27.13776,321.97,0.38,0.36,2023-09-24,6,N,VIIRS,n,2,294.9,1.16,N,2
40.44532,27.14071,303.02,0.38,0.36,2023-09-24,6,N,VIIRS,n,2,292.97,1.53,N,2
40.44671,27.1317,315.3,0.38,0.36,2023-09-24,6,N,VIIRS,n,2,294.14,1.42,N,3
40.7802,29.60051,311.24,0.4,0.37,2023-09-24,6,N,VIIRS,n,2,292.78,1.3,N,2
41.01904,28.55326,314.47,0.39,0.36,2023-09-24,6,N,VIIRS,n,2,290.88,1.32,N,2
41.02157,28.55879,311.23,0.39,0.36,2023-09-24,6,N,VIIRS,n,2,292.44,1.18,N,2
41.0512,27.02169,302.83,0.39,0.36,2023-09-24,6,N,VIIRS,n,2,287.71,0.81,N,0
36.9357,30.64504,306.64,0.48,0.4,2023-09-24,7,N,VIIRS,n,2,295.23,2.02,N,2
37.12202,26.87626,320.78,0.39,0.36,2023-09-24,7,N,VIIRS,n,2,296.42,1.75,N,0
35.6298,44.00854,347.65,0.5,0.41,2023-09-24,946,N,VIIRS,n,2,322.34,13.23,D,2
36.10701,39.67564,340.43,0.53,0.5,2023-09-24,946,N,VIIRS,n,2,314.19,3.0,D,0
36.11039,39.67409,344.54,0.53,0.5,2023-09-24,946,N,VIIRS,n,2,314.93,4.79,D,0
36.13129,40.81134,345.72,0.46,0.47,2023-09-24,946,N,VIIRS,n,2,317.8,5.59,D,2
36.46721,38.92331,351.18,0.57,0.52,2023-09-24,946,N,VIIRS,n,2,316.86,11.21,D,0
36.47012,38.93573,346.32,0.57,0.52,2023-09-24,946,N,VIIRS,n,2,314.67,9.61,D,0
36.47112,38.91999,350.79,0.57,0.52,2023-09-24,946,N,VIIRS,n,2,314.76,8.6,D,0
36.70998,39.99951,346.33,0.49,0.49,2023-09-24,946,N,VIIRS,n,2,318.71,6.18,D,0
36.75761,39.91022,346.84,0.5,0.49,2023-09-24,946,N,VIIRS,n,2,318.02,9.14,D,0
36.77406,43.32428,343.82,0.51,0.41,2023-09-24,946,N,VIIRS,n,2,315.77,7.3,D,2
36.78562,39.92932,345.92,0.5,0.49,2023-09-24,946,N,VIIRS,n,2,317.6,6.17,D,0
36.8105,40.16366,345.49,0.48,0.48,2023-09-24,946,N,VIIRS,n,2,319.84,40.92,D,0
36.99404,42.18657,351.21,0.57,0.43,2023-09-24,946,N,VIIRS,n,2,320.47,8.03,D,0
37.05423,40.82009,345.34,0.44,0.46,2023-09-24,946,N,VIIRS,n,2,317.26,8.64,D,0
37.05529,40.82489,344.52,0.44,0.46,2023-09-24,946,N,VIIRS,n,2,317.37,10.16,D,0
37.19401,42.12717,349.15,0.57,0.43,2023-09-24,946,N,VIIRS,n,2,319.64,7.99,D,0
37.19632,42.12803,347.51,0.57,0.43,2023-09-24,946,N,VIIRS,n,2,319.79,14.9,D,0
37.1979,42.1259,346.14,0.57,0.43,2023-09-24,946,N,VIIRS,n,2,316.11,7.99,D,0
37.26998,43.23469,348.29,0.5,0.41,2023-09-24,946,N,VIIRS,n,2,311.09,10.0,D,0
37.271,43.23992,340.38,0.5,0.41,2023-09-24,946,N,VIIRS,n,2,308.37,10.0,D,0
37.27377,43.23404,349.1,0.5,0.41,2023-09-24,946,N,VIIRS,n,2,305.93,10.0,D,0
37.27477,43.23919,340.82,0.5,0.41,2023-09-24,946,N,VIIRS,n,2,306.99,10.0,D,0
37.27648,43.2279,351.85,0.5,0.41,2023-09-24,946,N,VIIRS,n,2,314.45,18.15,D,0
37.27751,43.23315,342.94,0.5,0.41,2023-09-24,946,N,VIIRS,n,2,310.69,8.33,D,0
37.36379,40.86015,345.79,0.43,0.46,2023-09-24,946,N,VIIRS,n,2,311.97,4.28,D,0
36.28818,36.24772,334.13,0.4,0.6,2023-09-24,947,N,VIIRS,n,2,304.22,2.14,D,0
36.79175,35.41284,337.83,0.43,0.62,2023-09-24,947,N,VIIRS,n,2,297.86,2.73,D,0
36.86783,35.24112,330.36,0.43,0.62,2023-09-24,947,N,VIIRS,n,2,300.06,2.03,D,0
37.01622,35.19465,343.03,0.43,0.62,2023-09-24,947,N,VIIRS,n,2,299.35,3.86,D,0
37.10666,36.27615,335.41,0.38,0.59,2023-09-24,947,N,VIIRS,n,2,301.93,3.04,D,0
37.13248,36.0411,344.99,0.39,0.59,2023-09-24,947,N,VIIRS,n,2,302.5,5.2,D,0
37.1492,35.86064,341.98,0.4,0.6,2023-09-24,947,N,VIIRS,n,2,305.01,3.82,D,0
37.14962,35.86196,338.96,0.4,0.6,2023-09-24,947,N,VIIRS,n,2,304.66,3.66,D,0
37.17395,35.86501,332.67,0.4,0.6,2023-09-24,947,N,VIIRS,n,2,301.73,2.32,D,0
37.17511,35.86934,335.52,0.4,0.6,2023-09-24,947,N,VIIRS,n,2,303.23,3.75,D,0
37.24399,36.08361,367.0,0.38,0.59,2023-09-24,947,N,VIIRS,h,2,303.74,5.98,D,0
37.30362,35.95562,341.85,0.39,0.59,2023-09-24,947,N,VIIRS,n,2,304.47,3.4,D,0
37.32569,35.62098,367.0,0.4,0.6,2023-09-24,947,N,VIIRS,h,2,303.62,6.99,D,0
37.35369,37.10332,341.21,0.34,0.56,2023-09-24,947,N,VIIRS,n,2,309.92,4.59,D,0
37.35466,37.10707,347.17,0.34,0.56,2023-09-24,947,N,VIIRS,n,2,312.31,5.67,D,0
37.52178,38.04263,342.79,0.6,0.53,2023-09-24,947,N,VIIRS,n,2,309.97,6.27,D,0
37.53989,39.16449,351.86,0.52,0.5,2023-09-24,947,N,VIIRS,n,2,320.67,14.46,D,0
37.54051,39.16636,367.0,0.52,0.5,2023-09-24,947,N,VIIRS,h,2,321.53,23.63,D,0
37.54125,39.17024,342.04,0.52,0.5,2023-09-24,947,N,VIIRS,n,2,311.36,14.46,D,0
37.58334,39.05941,348.8,0.53,0.5,2023-09-24,947,N,VIIRS,n,2,319.48,16.62,D,0
37.59006,39.59173,348.92,0.5,0.49,2023-09-24,947,N,VIIRS,n,2,318.48,17.33,D,0
37.67759,38.76892,351.96,0.54,0.51,2023-09-24,947,N,VIIRS,n,2,312.56,10.26,D,0
37.7071,39.67892,344.35,0.49,0.48,2023-09-24,947,N,VIIRS,n,2,316.43,12.05,D,0
37.71104,40.68895,340.37,0.43,0.46,2023-09-24,947,N,VIIRS,n,2,308.54,6.01,D,0
37.72183,31.80196,343.51,0.62,0.71,2023-09-24,947,N,VIIRS,n,2,304.25,11.05,D,0
37.72455,38.15181,344.83,0.58,0.52,2023-09-24,947,N,VIIRS,n,2,315.89,3.67,D,0
37.7325,40.24439,341.4,0.46,0.47,2023-09-24,947,N,VIIRS,n,2,310.26,3.4,D,0
37.76538,31.75693,345.5,0.62,0.71,2023-09-24,947,N,VIIRS,n,2,306.42,10.93,D,0
37.77008,31.75271,342.79,0.62,0.71,2023-09-24,947,N,VIIRS,n,2,306.31,7.5,D,0
37.7722,31.75956,347.85,0.62,0.71,2023-09-24,947,N,VIIRS,n,2,303.99,7.5,D,0
37.79288,32.67082,341.94,0.56,0.68,2023-09-24,947,N,VIIRS,n,2,305.33,5.17,D,0
37.79554,32.66676,337.44,0.55,0.68,2023-09-24,947,N,VIIRS,n,2,303.55,7.84,D,0
37.80097,40.27686,343.13,0.45,0.47,2023-09-24,947,N,VIIRS,n,2,310.71,2.91,D,0
37.87757,31.75913,347.53,0.61,0.71,2023-09-24,947,N,VIIRS,n,2,309.1,13.55,D,0
37.87885,31.75707,349.58,0.61,0.71,2023-09-24,947,N,VIIRS,n,2,306.84,12.87,D,0
37.90107,40.99585,342.57,0.41,0.45,2023-09-24,947,N,VIIRS,n,2,310.13,1.45,D,0
37.90208,41.00057,367.0,0.41,0.45,2023-09-24,947,N,VIIRS,h,2,315.2,12.28,D,0
37.98365,40.96519,346.73,0.41,0.45,2023-09-24,947,N,VIIRS,n,2,316.51,4.31,D,0
38.09269,40.47246,349.11,0.44,0.46,2023-09-24,947,N,VIIRS,n,2,318.91,6.55,D,0
38.1122,40.26634,356.95,0.45,0.47,2023-09-24,947,N,VIIRS,n,2,318.39,11.31,D,0
38.11508,40.26863,346.59,0.45,0.47,2023-09-24,947,N,VIIRS,n,2,317.73,10.03,D,0
38.11639,40.26495,344.73,0.45,0.47,2023-09-24,947,N,VIIRS,n,2,314.89,5.85,D,0
38.18723,37.05436,332.71,0.32,0.55,2023-09-24,947,N,VIIRS,n,2,305.8,1.61,D,0
38.18734,40.66305,343.5,0.42,0.46,2023-09-24,947,N,VIIRS,n,2,313.06,1.83,D,0
38.30141,37.13012,337.25,0.32,0.55,2023-09-24,947,N,VIIRS,n,2,306.87,1.94,D,0
38.34878,32.14833,332.41,0.57,0.69,2023-09-24,947,N,VIIRS,n,2,302.46,3.62,D,0
38.5985,36.09402,342.58,0.35,0.57,2023-09-24,947,N,VIIRS,n,2,304.67,3.09,D,0
38.63863,36.22637,341.9,0.35,0.57,2023-09-24,947,N,VIIRS,n,2,307.32,7.89,D,0
38.63964,36.23025,367.0,0.35,0.57,2023-09-24,947,N,VIIRS,h,2,307.81,7.89,D,0
38.64358,36.22401,331.92,0.35,0.57,2023-09-24,947,N,VIIRS,n,2,306.19,4.74,D,0
38.66536,32.32622,339.32,0.55,0.68,2023-09-24,947,N,VIIRS,n,2,305.61,3.22,D,0
38.77263,36.11932,367.0,0.35,0.57,2023-09-24,947,N,VIIRS,h,2,303.7,8.53,D,0
38.77345,36.1187,367.0,0.35,0.57,2023-09-24,947,N,VIIRS,h,2,304.64,8.53,D,0
38.77364,36.12325,341.26,0.35,0.57,2023-09-24,947,N,VIIRS,n,2,302.78,8.53,D,0
38.77449,36.12264,343.12,0.35,0.57,2023-09-24,947,N,VIIRS,n,2,302.91,8.53,D,0
38.77561,36.10928,348.2,0.35,0.57,2023-09-24,947,N,VIIRS,n,2,303.63,21.09,D,0
38.77638,36.10868,350.95,0.35,0.57,2023-09-24,947,N,VIIRS,n,2,303.75,23.34,D,0
38.77664,36.11326,367.0,0.35,0.57,2023-09-24,947,N,VIIRS,h,2,313.83,21.09,D,0
38.77742,36.11264,367.0,0.35,0.57,2023-09-24,947,N,VIIRS,h,2,313.75,23.34,D,0
38.77768,36.11731,352.84,0.35,0.57,2023-09-24,947,N,VIIRS,n,2,304.38,8.53,D,0
38.7785,36.11667,349.77,0.35,0.57,2023-09-24,947,N,VIIRS,n,2,304.2,8.53,D,0
38.77872,36.12134,346.77,0.35,0.57,2023-09-24,947,N,VIIRS,n,2,302.89,8.53,D,0
38.77956,36.12072,344.08,0.35,0.57,2023-09-24,947,N,VIIRS,n,2,302.27,8.53,D,0
38.78165,36.1111,340.88,0.35,0.57,2023-09-24,947,N,VIIRS,n,2,304.61,5.1,D,0
38.79669,36.12218,334.97,0.35,0.57,2023-09-24,947,N,VIIRS,n,2,302.21,2.31,D,0
38.93319,34.40142,348.83,0.42,0.61,2023-09-24,947,N,VIIRS,n,2,306.08,4.08,D,0
38.93861,34.39901,334.81,0.42,0.61,2023-09-24,947,N,VIIRS,n,2,304.23,2.82,D,0
38.93995,34.40382,336.46,0.42,0.61,2023-09-24,947,N,VIIRS,n,2,304.66,5.18,D,0
39.00525,36.90714,348.39,0.63,0.54,2023-09-24,947,N,VIIRS,n,2,309.42,17.13,D,0
39.00705,36.9142,341.28,0.63,0.54,2023-09-24,947,N,VIIRS,n,2,311.33,26.04,D,0
39.00884,36.92126,346.43,0.63,0.54,2023-09-24,947,N,VIIRS,n,2,308.77,26.04,D,0
39.18833,36.95996,344.82,0.62,0.54,2023-09-24,947,N,VIIRS,n,2,307.04,12.71,D,0
39.19142,36.95124,345.31,0.62,0.54,2023-09-24,947,N,VIIRS,n,2,305.36,12.71,D,0
39.19312,36.95802,354.24,0.62,0.54,2023-09-24,947,N,VIIRS,n,2,305.31,12.71,D,0
39.60518,36.75085,337.91,0.62,0.54,2023-09-24,947,N,VIIRS,n,2,304.06,4.29,D,0
39.72623,37.18258,340.94,0.59,0.53,2023-09-24,947,N,VIIRS,n,2,303.88,2.93,D,0
39.72971,37.18033,337.83,0.59,0.52,2023-09-24,947,N,VIIRS,n,2,303.71,5.52,D,0
39.73133,37.1868,335.17,0.58,0.52,2023-09-24,947,N,VIIRS,n,2,304.67,5.52,D,0
40.03318,38.71731,342.41,0.48,0.48,2023-09-24,947,N,VIIRS,n,2,308.26,6.4,D,0
40.03456,38.72322,336.3,0.48,0.48,2023-09-24,947,N,VIIRS,n,2,306.48,6.4,D,0
40.05155,44.02478,332.82,0.43,0.38,2023-09-24,947,N,VIIRS,n,2,300.99,2.89,D,0
40.28153,40.1202,339.07,0.41,0.45,2023-09-24,947,N,VIIRS,n,2,307.37,3.61,D,0
38.53001,29.56328,347.51,0.75,0.77,2023-09-24,948,N,VIIRS,n,2,302.99,11.64,D,0
38.53285,29.56155,367.0,0.75,0.77,2023-09-24,948,N,VIIRS,h,2,303.95,25.7,D,0
38.53672,29.55996,353.08,0.75,0.77,2023-09-24,948,N,VIIRS,n,2,301.5,11.51,D,0
38.67004,31.11441,344.86,0.63,0.72,2023-09-24,948,N,VIIRS,n,2,304.58,7.16,D,0
38.90861,32.74138,353.61,0.51,0.66,2023-09-24,948,N,VIIRS,n,2,308.38,21.68,D,0
38.91028,32.74707,351.46,0.51,0.66,2023-09-24,948,N,VIIRS,n,2,304.96,22.14,D,0
38.93193,32.15107,350.87,0.55,0.68,2023-09-24,948,N,VIIRS,n,2,305.08,6.08,D,0
39.12159,32.65071,357.54,0.51,0.66,2023-09-24,948,N,VIIRS,n,2,309.54,10.35,D,0
39.12331,32.65653,339.02,0.51,0.66,2023-09-24,948,N,VIIRS,n,2,306.71,7.21,D,0
39.12724,32.64735,367.0,0.51,0.66,2023-09-24,948,N,VIIRS,h,2,306.63,15.65,D,0
39.52707,32.40574,331.04,0.51,0.66,2023-09-24,948,N,VIIRS,n,2,304.87,4.55,D,0
39.53121,32.39736,330.37,0.51,0.66,2023-09-24,948,N,VIIRS,n,2,303.65,4.55,D,0
39.53163,32.39939,346.09,0.51,0.66,2023-09-24,948,N,VIIRS,n,2,304.0,7.58,D,0
39.53287,32.40287,355.93,0.51,0.66,2023-09-24,948,N,VIIRS,n,2,303.73,4.55,D,0
39.53328,32.40496,342.79,0.51,0.66,2023-09-24,948,N,VIIRS,n,2,303.6,8.02,D,0
39.98588,35.78396,337.87,0.34,0.56,2023-09-24,948,N,VIIRS,n,2,305.49,3.11,D,0
40.09583,33.97789,354.46,0.41,0.61,2023-09-24,948,N,VIIRS,n,2,310.18,4.84,D,0
40.09705,33.98227,336.63,0.41,0.61,2023-09-24,948,N,VIIRS,n,2,309.83,5.89,D,0
40.09849,33.97579,367.0,0.41,0.61,2023-09-24,948,N,VIIRS,h,2,307.12,7.72,D,0
40.09972,33.98014,367.0,0.41,0.61,2023-09-24,948,N,VIIRS,h,2,310.44,7.72,D,0
40.10126,33.97567,336.83,0.41,0.61,2023-09-24,948,N,VIIRS,n,2,304.21,4.84,D,0
40.10247,33.98006,345.06,0.41,0.61,2023-09-24,948,N,VIIRS,n,2,308.07,5.89,D,0
40.15534,36.92722,335.15,0.59,0.53,2023-09-24,948,N,VIIRS,n,2,300.6,12.18,D,0
40.15841,36.91885,341.21,0.59,0.53,2023-09-24,948,N,VIIRS,n,2,305.81,11.34,D,0
40.16022,36.92612,347.13,0.59,0.53,2023-09-24,948,N,VIIRS,n,2,304.93,12.18,D,0
40.81065,35.32016,333.36,0.34,0.56,2023-09-24,948,N,VIIRS,n,2,305.18,1.35,D,0
40.81253,35.31927,332.32,0.34,0.56,2023-09-24,948,N,VIIRS,n,2,304.54,1.4,D,0
40.8146,35.39873,340.58,0.34,0.56,2023-09-24,948,N,VIIRS,n,2,303.91,3.17,D,0
40.81558,35.40251,339.43,0.34,0.56,2023-09-24,948,N,VIIRS,n,2,305.13,3.17,D,0
41.02138,34.15509,367.0,0.38,0.59,2023-09-24,948,N,VIIRS,h,2,304.03,5.16,D,0
35.82829,36.25871,367.0,0.47,0.64,2023-09-24,1127,N,VIIRS,h,2,307.81,12.55,D,0
36.44785,29.63082,340.77,0.41,0.45,2023-09-24,1127,N,VIIRS,n,2,304.68,5.1,D,0
36.44885,29.62679,341.01,0.41,0.45,2023-09-24,1127,N,VIIRS,n,2,306.66,12.86,D,0
36.45195,29.62994,338.06,0.41,0.45,2023-09-24,1127,N,VIIRS,n,2,303.64,7.74,D,0
36.61476,35.46809,339.46,0.43,0.62,2023-09-24,1127,N,VIIRS,n,2,300.09,3.18,D,0
36.62659,38.71733,337.58,0.65,0.73,2023-09-24,1127,N,VIIRS,n,2,307.67,2.77,D,0
36.68995,37.4648,341.76,0.55,0.68,2023-09-24,1127,N,VIIRS,n,2,307.95,7.29,D,0
36.69636,37.46437,355.26,0.55,0.68,2023-09-24,1127,N,VIIRS,n,2,305.92,7.29,D,0
36.74665,36.20085,340.18,0.47,0.64,2023-09-24,1127,N,VIIRS,n,2,301.43,5.88,D,2
36.78026,39.80328,334.99,0.74,0.76,2023-09-24,1127,N,VIIRS,n,2,308.43,3.31,D,0
36.91358,35.17987,333.16,0.42,0.61,2023-09-24,1127,N,VIIRS,n,2,301.16,1.65,D,0
36.99016,35.07474,350.64,0.41,0.61,2023-09-24,1127,N,VIIRS,n,2,300.79,6.37,D,0
36.99039,35.07944,333.11,0.41,0.61,2023-09-24,1127,N,VIIRS,n,2,300.8,6.33,D,0
37.09318,31.31768,347.28,0.51,0.49,2023-09-24,1127,N,VIIRS,n,2,303.31,10.82,D,0
37.30688,35.95552,337.74,0.46,0.64,2023-09-24,1127,N,VIIRS,n,2,305.66,3.75,D,0
37.33705,37.08033,367.0,0.53,0.67,2023-09-24,1127,N,VIIRS,h,2,309.36,14.81,D,0
37.33924,37.07717,367.0,0.53,0.67,2023-09-24,1127,N,VIIRS,h,2,307.57,14.16,D,0
37.60477,31.82408,343.18,0.55,0.51,2023-09-24,1127,N,VIIRS,n,2,313.15,4.66,D,0
37.60525,31.82258,342.62,0.55,0.51,2023-09-24,1127,N,VIIRS,n,2,313.77,5.01,D,0
37.71881,31.80596,334.26,0.55,0.51,2023-09-24,1127,N,VIIRS,n,2,308.48,25.84,D,0
37.71928,31.81233,367.0,0.55,0.51,2023-09-24,1127,N,VIIRS,h,2,315.85,25.84,D,0
37.723,38.15177,338.64,0.61,0.71,2023-09-24,1127,N,VIIRS,n,2,309.5,4.88,D,0
37.72748,31.72949,342.73,0.55,0.51,2023-09-24,1127,N,VIIRS,n,2,311.29,5.92,D,0
37.79398,32.66822,347.54,0.62,0.54,2023-09-24,1127,N,VIIRS,n,2,310.19,12.46,D,0
37.82743,31.58995,337.9,0.54,0.51,2023-09-24,1127,N,VIIRS,n,2,306.67,5.6,D,0
37.83967,31.6261,345.47,0.54,0.51,2023-09-24,1127,N,VIIRS,n,2,308.45,11.32,D,0
37.84247,31.60066,342.82,0.54,0.51,2023-09-24,1127,N,VIIRS,n,2,310.3,12.48,D,0
37.84295,31.60688,352.24,0.54,0.51,2023-09-24,1127,N,VIIRS,n,2,311.12,15.79,D,0
37.86048,31.77482,352.02,0.55,0.51,2023-09-24,1127,N,VIIRS,n,2,313.32,11.99,D,0
38.01817,29.84874,342.99,0.44,0.46,2023-09-24,1128,N,VIIRS,n,2,311.42,5.07,D,0
38.0215,29.83793,348.29,0.44,0.46,2023-09-24,1128,N,VIIRS,n,2,312.9,11.63,D,0
38.04321,30.02982,336.73,0.45,0.47,2023-09-24,1128,N,VIIRS,n,2,310.43,2.23,D,0
38.06743,29.86694,345.79,0.44,0.46,2023-09-24,1128,N,VIIRS,n,2,315.26,4.06,D,0
38.0707,29.80963,340.41,0.44,0.46,2023-09-24,1128,N,VIIRS,n,2,314.66,3.65,D,0
38.08635,30.02414,348.83,0.45,0.47,2023-09-24,1128,N,VIIRS,n,2,313.36,4.77,D,0
38.10578,28.23044,344.59,0.55,0.42,2023-09-24,1128,N,VIIRS,n,2,301.71,6.83,D,0
38.16374,30.1365,342.83,0.45,0.47,2023-09-24,1128,N,VIIRS,n,2,309.88,10.05,D,0
38.16431,30.14282,343.3,0.45,0.47,2023-09-24,1128,N,VIIRS,n,2,307.71,10.05,D,0
38.22439,37.05032,342.32,0.54,0.68,2023-09-24,1128,N,VIIRS,n,2,305.57,5.33,D,0
38.22459,37.05704,339.33,0.54,0.68,2023-09-24,1128,N,VIIRS,n,2,304.47,5.33,D,0
38.34414,29.40709,344.7,0.42,0.45,2023-09-24,1128,N,VIIRS,n,2,315.38,8.19,D,0
38.34416,29.41037,344.42,0.42,0.45,2023-09-24,1128,N,VIIRS,n,2,315.24,8.24,D,0
38.34881,29.41457,343.61,0.42,0.45,2023-09-24,1128,N,VIIRS,n,2,313.55,16.31,D,0
38.35294,29.41071,342.44,0.42,0.45,2023-09-24,1128,N,VIIRS,n,2,308.96,13.4,D,0
38.353,29.41401,355.82,0.42,0.45,2023-09-24,1128,N,VIIRS,n,2,318.53,16.31,D,0
38.35338,29.41549,356.88,0.42,0.45,2023-09-24,1128,N,VIIRS,n,2,318.99,13.4,D,0
38.3738,29.59526,342.83,0.43,0.46,2023-09-24,1128,N,VIIRS,n,2,312.46,4.5,D,0
38.37454,36.90761,355.46,0.53,0.67,2023-09-24,1128,N,VIIRS,n,2,310.86,11.14,D,0
38.37725,36.9045,350.11,0.53,0.67,2023-09-24,1128,N,VIIRS,n,2,310.35,8.28,D,0
38.40185,29.71712,335.76,0.43,0.46,2023-09-24,1128,N,VIIRS,n,2,305.54,2.82,D,0
38.42553,29.37076,343.87,0.42,0.45,2023-09-24,1128,N,VIIRS,n,2,316.23,4.25,D,0
38.4297,29.37008,346.17,0.42,0.45,2023-09-24,1128,N,VIIRS,n,2,314.22,4.25,D,0
38.4353,29.34003,340.4,0.42,0.45,2023-09-24,1128,N,VIIRS,n,2,314.17,2.85,D,0
38.44547,29.35779,354.21,0.42,0.45,2023-09-24,1128,N,VIIRS,n,2,315.18,8.67,D,0
38.44606,29.35478,342.93,0.42,0.45,2023-09-24,1128,N,VIIRS,n,2,313.43,6.26,D,0
38.44649,29.35957,343.61,0.42,0.45,2023-09-24,1128,N,VIIRS,n,2,314.59,6.42,D,0
38.62027,32.70369,338.91,0.63,0.54,2023-09-24,1128,N,VIIRS,n,2,310.83,5.03,D,0
38.66578,31.11399,343.54,0.52,0.5,2023-09-24,1128,N,VIIRS,n,2,312.73,4.48,D,0
38.66626,31.12002,336.88,0.52,0.5,2023-09-24,1128,N,VIIRS,n,2,307.03,4.48,D,0
38.67087,31.11946,339.53,0.52,0.5,2023-09-24,1128,N,VIIRS,n,2,307.49,4.48,D,0
38.72668,37.67356,367.0,0.59,0.7,2023-09-24,1128,N,VIIRS,h,2,306.54,16.35,D,0
38.79382,36.10216,337.61,0.48,0.65,2023-09-24,1128,N,VIIRS,n,2,302.21,3.35,D,0
38.87,32.18007,345.74,0.59,0.53,2023-09-24,1128,N,VIIRS,n,2,310.36,10.3,D,0
38.94259,34.6034,334.76,0.4,0.6,2023-09-24,1128,N,VIIRS,n,2,305.78,2.08,D,0
39.0795,36.40717,350.47,0.5,0.66,2023-09-24,1128,N,VIIRS,n,2,305.82,7.44,D,0
39.08815,34.51441,336.72,0.4,0.6,2023-09-24,1128,N,VIIRS,n,2,304.54,2.29,D,0
39.10104,34.54849,336.98,0.4,0.6,2023-09-24,1128,N,VIIRS,n,2,305.36,5.23,D,0
39.11708,32.65784,348.54,0.63,0.54,2023-09-24,1128,N,VIIRS,n,2,311.29,7.63,D,0
39.1184,32.658,349.78,0.63,0.54,2023-09-24,1128,N,VIIRS,n,2,311.44,7.63,D,0
39.2119,36.90221,354.05,0.54,0.68,2023-09-24,1128,N,VIIRS,n,2,300.55,43.72,D,0
39.2121,36.9087,367.0,0.54,0.68,2023-09-24,1128,N,VIIRS,h,2,305.06,43.72,D,0
39.21428,36.91262,367.0,0.54,0.68,2023-09-24,1128,N,VIIRS,h,2,299.84,51.26,D,0
39.21825,36.90252,347.02,0.54,0.68,2023-09-24,1128,N,VIIRS,n,2,301.86,43.72,D,0
39.21845,36.90919,347.58,0.54,0.68,2023-09-24,1128,N,VIIRS,n,2,321.2,43.72,D,0
39.22046,36.90654,356.0,0.54,0.68,2023-09-24,1128,N,VIIRS,n,2,304.55,51.26,D,0
39.22062,36.91311,354.8,0.54,0.68,2023-09-24,1128,N,VIIRS,n,2,298.47,51.26,D,0
39.22477,36.90902,367.0,0.54,0.68,2023-09-24,1128,N,VIIRS,h,2,303.58,11.96,D,0
39.22678,36.90609,343.87,0.54,0.68,2023-09-24,1128,N,VIIRS,n,2,303.0,9.23,D,0
39.25132,34.56732,338.14,0.4,0.6,2023-09-24,1128,N,VIIRS,n,2,306.58,3.05,D,0
39.64114,32.66481,351.79,0.32,0.55,2023-09-24,1128,N,VIIRS,n,2,310.05,4.5,D,0
39.66936,35.59782,338.81,0.46,0.64,2023-09-24,1128,N,VIIRS,n,2,302.6,4.21,D,0
40.15851,36.91826,344.77,0.55,0.68,2023-09-24,1128,N,VIIRS,n,2,302.24,6.07,D,0
40.16037,36.92252,339.51,0.55,0.68,2023-09-24,1128,N,VIIRS,n,2,304.23,9.16,D,0
40.21257,28.30623,341.97,0.39,0.44,2023-09-24,1128,N,VIIRS,n,2,307.91,2.14,D,0
40.24976,34.92067,344.46,0.43,0.62,2023-09-24,1128,N,VIIRS,n,2,309.08,6.84,D,0
40.53373,35.34428,345.75,0.45,0.63,2023-09-24,1128,N,VIIRS,n,2,307.68,6.32,D,0
40.75897,26.36477,336.06,0.49,0.4,2023-09-24,1128,N,VIIRS,n,2,300.53,12.28,D,0
40.75961,26.3705,349.49,0.49,0.4,2023-09-24,1128,N,VIIRS,n,2,302.19,12.28,D,0
41.17662,28.35673,345.15,0.4,0.44,2023-09-24,1128,N,VIIRS,n,2,305.98,4.44,D,0
42.31236,26.11448,343.5,0.49,0.4,2023-09-24,1129,N,VIIRS,n,2,307.58,5.78,D,0
42.31469,26.24352,335.71,0.5,0.41,2023-09-24,1129,N,VIIRS,n,2,307.79,2.89,D,0
37.18931,44.39835,301.96,0.4,0.6,2023-09-24,2206,N,VIIRS,n,2,289.55,0.9,N,0
37.19238,44.3998,301.79,0.4,0.6,2023-09-24,2206,N,VIIRS,n,2,289.36,0.68,N,0
37.27256,43.23547,299.27,0.47,0.64,2023-09-24,2206,N,VIIRS,n,2,287.96,0.43,N,0
37.27276,43.23131,298.23,0.47,0.64,2023-09-24,2206,N,VIIRS,n,2,285.73,0.43,N,0
37.27297,43.22673,297.44,0.47,0.64,2023-09-24,2206,N,VIIRS,n,2,284.85,0.85,N,0
37.27482,43.23591,299.7,0.47,0.64,2023-09-24,2206,N,VIIRS,n,2,286.78,1.18,N,0
37.275,43.23169,298.38,0.47,0.64,2023-09-24,2206,N,VIIRS,n,2,285.79,0.54,N,0
37.27518,43.22721,298.71,0.47,0.64,2023-09-24,2206,N,VIIRS,n,2,284.36,0.54,N,0
37.28653,43.24213,303.76,0.47,0.64,2023-09-24,2206,N,VIIRS,n,2,285.03,0.93,N,0
37.28675,43.23697,310.79,0.47,0.64,2023-09-24,2206,N,VIIRS,n,2,285.31,0.93,N,0
37.90981,42.69277,296.45,0.51,0.66,2023-09-24,2206,N,VIIRS,n,2,281.37,0.22,N,0
37.91261,41.46979,306.71,0.59,0.7,2023-09-24,2206,N,VIIRS,n,2,284.94,0.87,N,0
37.95096,41.01888,308.97,0.62,0.71,2023-09-24,2206,N,VIIRS,n,2,287.52,1.84,N,0
37.95309,41.01961,307.89,0.62,0.71,2023-09-24,2206,N,VIIRS,n,2,287.68,1.09,N,0
37.98145,40.94724,297.05,0.63,0.72,2023-09-24,2206,N,VIIRS,n,2,286.74,0.95,N,0
39.40147,42.56044,326.07,0.52,0.67,2023-09-24,2206,N,VIIRS,n,2,282.16,4.12,N,0
35.5085,44.3745,321.5,0.39,0.59,2023-09-24,2207,N,VIIRS,n,2,293.76,1.58,N,2
35.51294,44.37397,336.83,0.39,0.59,2023-09-24,2207,N,VIIRS,n,2,295.69,2.78,N,2
35.51402,44.37518,324.48,0.39,0.59,2023-09-24,2207,N,VIIRS,n,2,295.45,1.58,N,2
35.52576,44.34377,346.16,0.39,0.59,2023-09-24,2207,N,VIIRS,n,2,294.18,4.28,N,2
35.52602,44.33924,322.79,0.39,0.59,2023-09-24,2207,N,VIIRS,n,2,293.12,9.18,N,2
35.52704,44.34499,332.43,0.39,0.59,2023-09-24,2207,N,VIIRS,n,2,293.79,3.32,N,2
35.52732,44.34047,348.38,0.39,0.59,2023-09-24,2207,N,VIIRS,n,2,293.96,3.93,N,2
35.5276,44.33596,307.26,0.39,0.59,2023-09-24,2207,N,VIIRS,n,2,293.36,3.93,N,2
35.5313,44.34439,302.62,0.39,0.59,2023-09-24,2207,N,VIIRS,n,2,291.08,4.28,N,2
35.53156,44.33989,367.0,0.39,0.59,2023-09-24,2207,N,VIIRS,h,2,299.12,9.18,N,2
35.53181,44.3354,322.84,0.39,0.59,2023-09-24,2207,N,VIIRS,n,2,294.48,9.18,N,2
35.53286,44.34109,354.93,0.39,0.59,2023-09-24,2207,N,VIIRS,n,2,295.99,9.34,N,2
35.53314,44.33662,349.12,0.39,0.59,2023-09-24,2207,N,VIIRS,n,2,295.47,9.34,N,2
35.53735,44.3361,313.54,0.39,0.59,2023-09-24,2207,N,VIIRS,n,2,293.1,0.72,N,2
35.56263,44.28459,333.48,0.39,0.6,2023-09-24,2207,N,VIIRS,n,2,293.31,1.65,N,2
35.56818,44.28524,315.96,0.39,0.6,2023-09-24,2207,N,VIIRS,n,2,293.71,1.65,N,2
35.62918,44.0102,344.15,0.41,0.61,2023-09-24,2207,N,VIIRS,n,2,294.87,2.82,N,2
35.62945,44.00551,309.56,0.41,0.61,2023-09-24,2207,N,VIIRS,n,2,292.23,2.82,N,2
35.66016,43.96667,304.02,0.41,0.61,2023-09-24,2207,N,VIIRS,n,2,290.64,0.8,N,2
35.66044,43.96202,304.05,0.41,0.61,2023-09-24,2207,N,VIIRS,n,2,290.79,0.8,N,2
35.66268,43.96392,319.03,0.41,0.61,2023-09-24,2207,N,VIIRS,n,2,291.7,0.8,N,2
35.68448,43.87605,367.0,0.42,0.61,2023-09-24,2207,N,VIIRS,h,2,294.34,4.91,N,2
35.69027,44.28018,313.29,0.4,0.6,2023-09-24,2207,N,VIIRS,n,2,288.66,1.28,N,0
35.70049,44.3908,325.59,0.39,0.59,2023-09-24,2207,N,VIIRS,n,2,293.47,2.06,N,0
35.71881,43.77122,307.09,0.42,0.61,2023-09-24,2207,N,VIIRS,n,2,296.96,1.7,N,2
35.72667,44.04082,341.56,0.41,0.6,2023-09-24,2207,N,VIIRS,n,2,294.99,2.52,N,2
35.72721,44.0314,327.58,0.41,0.6,2023-09-24,2207,N,VIIRS,n,2,293.77,2.44,N,2
35.73284,44.03218,307.93,0.41,0.6,2023-09-24,2207,N,VIIRS,n,2,294.46,2.44,N,2
35.771,43.99476,325.62,0.41,0.61,2023-09-24,2207,N,VIIRS,n,2,294.48,1.53,N,2
35.92664,43.79118,308.03,0.42,0.61,2023-09-24,2207,N,VIIRS,n,2,292.4,1.59,N,2
35.95276,43.73461,306.74,0.43,0.62,2023-09-24,2207,N,VIIRS,n,2,293.61,0.67,N,2
35.95304,43.72958,305.26,0.43,0.62,2023-09-24,2207,N,VIIRS,n,2,293.87,0.67,N,2
35.96841,43.76546,306.01,0.42,0.61,2023-09-24,2207,N,VIIRS,n,2,295.39,2.14,N,2
35.96866,43.76078,306.92,0.42,0.61,2023-09-24,2207,N,VIIRS,n,2,294.8,2.14,N,2
35.96873,43.76337,309.77,0.42,0.61,2023-09-24,2207,N,VIIRS,n,2,295.03,3.39,N,2
35.97391,43.77028,305.65,0.42,0.61,2023-09-24,2207,N,VIIRS,n,2,294.22,1.83,N,2
35.97404,43.77292,309.72,0.42,0.61,2023-09-24,2207,N,VIIRS,n,2,294.7,2.71,N,2
35.97967,43.77052,322.57,0.42,0.61,2023-09-24,2207,N,VIIRS,n,2,294.52,1.83,N,2
35.97993,43.7658,318.59,0.42,0.61,2023-09-24,2207,N,VIIRS,n,2,294.45,3.68,N,2
35.98003,43.76845,342.12,0.42,0.61,2023-09-24,2207,N,VIIRS,n,2,296.63,2.71,N,2
35.98578,43.76877,305.29,0.42,0.61,2023-09-24,2207,N,VIIRS,n,2,292.49,1.1,N,2
35.99778,43.7599,322.44,0.43,0.62,2023-09-24,2207,N,VIIRS,n,2,293.33,1.62,N,2
36.01905,43.68302,338.43,0.43,0.62,2023-09-24,2207,N,VIIRS,n,2,297.0,4.07,N,2
36.0193,43.67801,307.63,0.43,0.62,2023-09-24,2207,N,VIIRS,n,2,293.74,4.17,N,2
36.12459,43.77686,301.29,0.43,0.62,2023-09-24,2207,N,VIIRS,n,2,290.57,2.49,N,0
36.1307,40.80564,304.6,0.62,0.71,2023-09-24,2207,N,VIIRS,n,2,290.55,1.59,N,2
36.14394,40.81327,317.12,0.62,0.71,2023-09-24,2207,N,VIIRS,n,2,290.22,1.86,N,2
36.3343,43.76161,347.45,0.43,0.62,2023-09-24,2207,N,VIIRS,n,2,292.98,5.2,N,2
36.61007,44.1739,299.73,0.41,0.6,2023-09-24,2207,N,VIIRS,n,2,289.02,0.72,N,0
36.73085,43.27885,309.33,0.46,0.63,2023-09-24,2207,N,VIIRS,n,2,293.72,0.89,N,2
36.74818,43.49762,304.73,0.45,0.63,2023-09-24,2207,N,VIIRS,n,2,292.43,0.78,N,2
36.77393,43.32317,348.82,0.46,0.63,2023-09-24,2207,N,VIIRS,n,2,291.65,3.5,N,2
36.77978,43.3252,309.65,0.46,0.63,2023-09-24,2207,N,VIIRS,n,2,293.42,3.5,N,2
36.9045,43.39037,301.33,0.45,0.63,2023-09-24,2207,N,VIIRS,n,2,289.51,2.38,N,2
36.90475,43.38503,337.44,0.45,0.63,2023-09-24,2207,N,VIIRS,n,2,289.31,5.32,N,2
36.91042,43.39049,299.32,0.45,0.63,2023-09-24,2207,N,VIIRS,n,2,289.12,1.35,N,0
36.91068,43.38511,316.91,0.45,0.63,2023-09-24,2207,N,VIIRS,n,2,289.09,2.16,N,2
36.91341,41.89637,307.37,0.55,0.68,2023-09-24,2207,N,VIIRS,n,2,288.47,1.46,N,2
36.91448,41.89507,311.19,0.55,0.68,2023-09-24,2207,N,VIIRS,n,2,288.8,1.03,N,2
36.93199,42.13121,299.58,0.53,0.67,2023-09-24,2207,N,VIIRS,n,2,289.45,0.99,N,2
36.93829,42.13169,326.49,0.53,0.67,2023-09-24,2207,N,VIIRS,n,2,292.03,4.02,N,2
36.93874,42.11919,300.16,0.53,0.67,2023-09-24,2207,N,VIIRS,n,2,289.59,1.26,N,2
36.94307,42.17455,303.57,0.53,0.67,2023-09-24,2207,N,VIIRS,n,2,289.32,1.22,N,2
36.94329,42.16846,308.6,0.53,0.67,2023-09-24,2207,N,VIIRS,n,2,289.32,1.74,N,2
36.99588,41.56269,320.34,0.57,0.69,2023-09-24,2207,N,VIIRS,n,2,290.73,2.99,N,2
36.99632,41.55989,313.71,0.57,0.69,2023-09-24,2207,N,VIIRS,n,2,290.52,3.04,N,2
37.09944,43.55347,304.63,0.45,0.63,2023-09-24,2207,N,VIIRS,n,2,290.88,1.05,N,0
41.17408,32.63349,312.01,0.38,0.36,2023-09-24,2346,N,VIIRS,n,2,287.23,1.25,N,2
41.17737,32.6344,309.04,0.38,0.36,2023-09-24,2346,N,VIIRS,n,2,290.7,1.25,N,2
41.18011,32.63243,298.79,0.38,0.36,2023-09-24,2346,N,VIIRS,n,2,287.98,0.95,N,2
41.26302,31.42723,301.39,0.39,0.36,2023-09-24,2346,N,VIIRS,n,2,290.57,0.99,N,2
41.26701,31.42348,308.57,0.39,0.36,2023-09-24,2346,N,VIIRS,n,2,291.94,0.99,N,2
41.63049,27.68418,303.2,0.49,0.4,2023-09-24,2346,N,VIIRS,n,2,289.89,0.74,N,2
42.33871,26.06089,295.95,0.39,0.44,2023-09-24,2346,N,VIIRS,n,2,285.88,0.77,N,0
35.51147,44.37492,318.92,0.49,0.65,2023-09-24,2347,N,VIIRS,n,2,294.06,1.42,N,2
35.51202,44.37821,309.69,0.49,0.65,2023-09-24,2347,N,VIIRS,n,2,292.99,1.36,N,0
35.51349,44.37301,309.73,0.49,0.65,2023-09-24,2347,N,VIIRS,n,2,293.46,1.61,N,2
35.52592,44.34603,333.23,0.49,0.65,2023-09-24,2347,N,VIIRS,n,2,292.21,7.49,N,2
35.52734,44.34087,367.0,0.49,0.65,2023-09-24,2347,N,VIIRS,h,2,293.04,7.49,N,2
35.52811,44.34423,350.86,0.49,0.65,2023-09-24,2347,N,VIIRS,n,2,293.51,11.74,N,2
35.52877,44.3357,313.11,0.49,0.65,2023-09-24,2347,N,VIIRS,n,2,292.36,8.52,N,2
35.52956,44.3391,367.0,0.49,0.65,2023-09-24,2347,N,VIIRS,h,2,297.63,11.74,N,2
35.53103,44.33389,303.2,0.49,0.65,2023-09-24,2347,N,VIIRS,n,2,292.81,10.12,N,2
35.53314,44.34318,367.0,0.49,0.65,2023-09-24,2347,N,VIIRS,h,2,294.29,7.49,N,2
35.53459,44.33794,329.01,0.49,0.65,2023-09-24,2347,N,VIIRS,n,2,292.77,8.52,N,2
35.53537,44.34135,310.14,0.49,0.65,2023-09-24,2347,N,VIIRS,n,2,290.53,0.91,N,2
35.53686,44.3361,308.95,0.49,0.65,2023-09-24,2347,N,VIIRS,n,2,291.61,1.15,N,2
35.56447,44.28378,342.33,0.48,0.65,2023-09-24,2347,N,VIIRS,n,2,294.11,3.86,N,2
35.62845,44.00992,342.4,0.47,0.64,2023-09-24,2347,N,VIIRS,n,2,293.55,2.99,N,2
35.62982,44.005,306.38,0.47,0.64,2023-09-24,2347,N,VIIRS,n,2,291.16,2.99,N,2
35.65946,43.96654,301.5,0.46,0.64,2023-09-24,2347,N,VIIRS,n,2,289.48,1.01,N,2
35.68419,43.8773,347.11,0.46,0.63,2023-09-24,2347,N,VIIRS,n,2,292.05,5.12,N,2
35.72474,44.04452,311.79,0.47,0.64,2023-09-24,2347,N,VIIRS,n,2,292.51,2.71,N,2
35.72614,44.03948,333.14,0.47,0.64,2023-09-24,2347,N,VIIRS,n,2,294.62,2.71,N,2
35.72643,44.04388,330.0,0.47,0.64,2023-09-24,2347,N,VIIRS,n,2,293.42,3.3,N,2
35.72754,44.03449,319.07,0.47,0.64,2023-09-24,2347,N,VIIRS,n,2,293.85,2.45,N,2
35.72782,44.03879,307.05,0.47,0.64,2023-09-24,2347,N,VIIRS,n,2,293.5,3.16,N,2
35.72891,44.02958,311.18,0.46,0.64,2023-09-24,2347,N,VIIRS,n,2,293.08,2.45,N,2
35.72918,44.0338,331.94,0.47,0.64,2023-09-24,2347,N,VIIRS,n,2,294.25,3.16,N,2
35.76989,43.99563,311.13,0.46,0.64,2023-09-24,2347,N,VIIRS,n,2,293.18,1.16,N,2
35.77561,43.9977,309.99,0.46,0.64,2023-09-24,2347,N,VIIRS,n,2,293.84,1.16,N,2
35.81175,43.25622,305.95,0.42,0.61,2023-09-24,2347,N,VIIRS,n,2,291.81,0.81,N,2
35.81469,43.25875,311.39,0.42,0.61,2023-09-24,2347,N,VIIRS,n,2,291.91,1.43,N,2
35.81716,43.25858,305.38,0.42,0.61,2023-09-24,2347,N,VIIRS,n,2,290.61,0.81,N,0
35.83377,43.21973,307.32,0.42,0.61,2023-09-24,2347,N,VIIRS,n,2,292.15,1.24,N,0
35.83649,43.22202,308.04,0.42,0.61,2023-09-24,2347,N,VIIRS,n,2,291.69,1.53,N,0
35.92606,43.78814,312.08,0.45,0.63,2023-09-24,2347,N,VIIRS,n,2,292.73,1.52,N,2
35.95293,43.73552,302.56,0.44,0.63,2023-09-24,2347,N,VIIRS,n,2,292.31,0.42,N,2
35.9542,43.73087,303.97,0.44,0.63,2023-09-24,2347,N,VIIRS,n,2,292.63,1.43,N,2
35.96857,43.76871,306.13,0.44,0.63,2023-09-24,2347,N,VIIRS,n,2,292.86,3.99,N,2
35.97268,43.77631,304.04,0.44,0.63,2023-09-24,2347,N,VIIRS,n,2,292.22,1.39,N,2
35.98081,43.76917,344.85,0.44,0.63,2023-09-24,2347,N,VIIRS,n,2,294.64,5.17,N,2
35.99575,43.75965,307.61,0.44,0.63,2023-09-24,2347,N,VIIRS,n,2,290.2,0.89,N,2
35.99613,43.76146,313.38,0.44,0.63,2023-09-24,2347,N,VIIRS,n,2,289.97,1.45,N,2
36.00125,43.76217,306.52,0.44,0.63,2023-09-24,2347,N,VIIRS,n,2,289.2,0.89,N,2
36.01638,43.68366,326.63,0.44,0.62,2023-09-24,2347,N,VIIRS,n,2,292.7,2.62,N,2
36.01719,43.68568,302.06,0.44,0.62,2023-09-24,2347,N,VIIRS,n,2,291.65,2.43,N,2
36.01764,43.679,314.91,0.44,0.62,2023-09-24,2347,N,VIIRS,n,2,291.49,2.62,N,2
36.01849,43.68101,337.79,0.44,0.62,2023-09-24,2347,N,VIIRS,n,2,295.0,4.83,N,2
36.12579,43.78409,305.39,0.44,0.62,2023-09-24,2347,N,VIIRS,n,2,291.77,2.71,N,2
36.13084,40.81213,321.53,0.61,0.54,2023-09-24,2347,N,VIIRS,n,2,292.87,3.19,N,2
36.14038,40.81588,303.98,0.61,0.54,2023-09-24,2347,N,VIIRS,n,2,291.17,1.63,N,2
36.14515,40.81775,310.46,0.61,0.54,2023-09-24,2347,N,VIIRS,n,2,290.48,1.43,N,0
36.17007,38.64317,324.44,0.47,0.48,2023-09-24,2347,N,VIIRS,n,2,289.71,4.32,N,0
36.17317,38.6498,312.12,0.47,0.48,2023-09-24,2347,N,VIIRS,n,2,290.29,4.32,N,0
36.17435,38.64464,349.64,0.47,0.48,2023-09-24,2347,N,VIIRS,n,2,292.54,4.32,N,0
36.45735,42.66846,301.94,0.38,0.59,2023-09-24,2347,N,VIIRS,n,2,288.86,0.62,N,2
36.45843,41.28215,321.72,0.32,0.55,2023-09-24,2347,N,VIIRS,n,2,290.66,0.83,N,2
36.61442,44.17549,298.41,0.45,0.63,2023-09-24,2347,N,VIIRS,n,2,287.96,0.42,N,0
36.71696,36.20083,312.42,0.52,0.42,2023-09-24,2347,N,VIIRS,n,2,295.12,3.17,N,2
36.73082,36.21133,303.8,0.52,0.42,2023-09-24,2347,N,VIIRS,n,2,293.74,2.18,N,2
36.73574,36.20675,320.75,0.52,0.42,2023-09-24,2347,N,VIIRS,n,2,295.03,2.18,N,2
36.74444,36.20334,316.92,0.52,0.42,2023-09-24,2347,N,VIIRS,n,2,293.53,2.57,N,2
36.7458,43.50008,304.59,0.41,0.61,2023-09-24,2347,N,VIIRS,n,2,289.36,0.5,N,2
36.74702,43.50132,304.5,0.41,0.61,2023-09-24,2347,N,VIIRS,n,2,290.25,0.83,N,2
36.77645,43.32421,354.24,0.4,0.6,2023-09-24,2347,N,VIIRS,n,2,295.88,5.88,N,2
36.90377,43.3953,300.67,0.4,0.6,2023-09-24,2347,N,VIIRS,n,2,289.12,3.17,N,2
36.90508,43.39048,354.32,0.4,0.6,2023-09-24,2347,N,VIIRS,n,2,292.18,3.97,N,2
36.90536,43.39399,343.82,0.4,0.6,2023-09-24,2347,N,VIIRS,n,2,290.26,4.43,N,2
36.90659,43.38935,324.86,0.4,0.6,2023-09-24,2347,N,VIIRS,n,2,289.89,4.43,N,2
36.91032,43.39303,301.06,0.4,0.6,2023-09-24,2347,N,VIIRS,n,2,288.16,3.97,N,0
36.91407,41.894,306.17,0.34,0.56,2023-09-24,2347,N,VIIRS,n,2,288.25,0.83,N,2
36.93705,42.1341,320.55,0.34,0.56,2023-09-24,2347,N,VIIRS,n,2,291.33,1.33,N,2
36.93803,42.13031,306.46,0.34,0.56,2023-09-24,2347,N,VIIRS,n,2,292.55,2.27,N,2
36.93996,42.1228,303.64,0.34,0.56,2023-09-24,2347,N,VIIRS,n,2,291.31,1.19,N,2
36.94323,42.17467,315.0,0.35,0.56,2023-09-24,2347,N,VIIRS,n,2,291.36,1.54,N,2
36.9442,42.17085,315.39,0.35,0.56,2023-09-24,2347,N,VIIRS,n,2,291.27,1.54,N,2
36.96139,42.08228,301.33,0.34,0.56,2023-09-24,2347,N,VIIRS,n,2,288.96,0.6,N,2
36.96639,42.08424,313.2,0.34,0.56,2023-09-24,2347,N,VIIRS,n,2,288.59,0.6,N,2
36.99728,41.56349,318.71,0.32,0.55,2023-09-24,2347,N,VIIRS,n,2,290.8,1.23,N,2
37.0231,36.10949,310.47,0.51,0.41,2023-09-24,2347,N,VIIRS,n,2,294.83,2.02,N,2
37.02342,36.12771,305.6,0.51,0.41,2023-09-24,2347,N,VIIRS,n,2,294.16,1.08,N,2
37.13424,42.79235,301.97,0.37,0.58,2023-09-24,2347,N,VIIRS,n,2,289.95,0.52,N,2
37.1372,42.22285,302.64,0.34,0.56,2023-09-24,2347,N,VIIRS,n,2,289.68,0.45,N,0
37.13944,42.79425,307.07,0.37,0.58,2023-09-24,2347,N,VIIRS,n,2,289.88,0.52,N,2
37.19281,42.77881,343.75,0.37,0.58,2023-09-24,2347,N,VIIRS,n,2,289.49,6.46,N,0
37.19387,42.77479,353.33,0.37,0.58,2023-09-24,2347,N,VIIRS,n,2,291.29,6.46,N,0
37.27168,43.23434,295.97,0.39,0.59,2023-09-24,2347,N,VIIRS,n,2,285.52,0.85,N,0
37.27575,38.73195,301.22,0.45,0.47,2023-09-24,2347,N,VIIRS,n,2,291.06,0.95,N,2
37.2874,43.24083,298.76,0.39,0.59,2023-09-24,2347,N,VIIRS,n,2,284.2,0.69,N,0
37.2937,37.15532,305.84,0.57,0.43,2023-09-24,2347,N,VIIRS,n,2,293.6,1.4,N,2
37.51791,37.97546,301.01,0.41,0.45,2023-09-24,2347,N,VIIRS,n,2,287.75,0.78,N,0
37.5541,38.41833,302.86,0.43,0.46,2023-09-24,2347,N,VIIRS,n,2,289.29,1.16,N,0
37.55484,38.4168,307.65,0.43,0.46,2023-09-24,2347,N,VIIRS,n,2,289.12,0.84,N,0
37.56043,37.79675,302.3,0.4,0.44,2023-09-24,2347,N,VIIRS,n,2,289.65,0.7,N,0
37.58218,38.04781,325.89,0.41,0.45,2023-09-24,2347,N,VIIRS,n,2,288.9,2.62,N,0
37.58524,38.05365,325.91,0.41,0.45,2023-09-24,2347,N,VIIRS,n,2,290.0,3.29,N,0
37.58623,38.04911,323.25,0.41,0.45,2023-09-24,2347,N,VIIRS,n,2,290.52,2.62,N,0
37.66223,31.93429,307.42,0.39,0.36,2023-09-24,2347,N,VIIRS,n,2,282.46,1.03,N,0
37.69917,38.42303,309.58,0.43,0.46,2023-09-24,2347,N,VIIRS,n,2,288.88,1.57,N,0
37.71408,31.82569,308.43,0.39,0.36,2023-09-24,2347,N,VIIRS,n,2,282.42,1.08,N,0
37.71649,31.8288,309.45,0.39,0.36,2023-09-24,2347,N,VIIRS,n,2,286.77,1.26,N,0
37.72632,31.70717,299.76,0.39,0.36,2023-09-24,2347,N,VIIRS,n,2,279.95,0.44,N,0
37.72891,31.71233,300.01,0.39,0.36,2023-09-24,2347,N,VIIRS,n,2,281.95,0.56,N,0
37.7296,31.708,304.41,0.39,0.36,2023-09-24,2347,N,VIIRS,n,2,281.69,0.96,N,0
37.75175,38.14492,303.36,0.41,0.45,2023-09-24,2347,N,VIIRS,n,2,289.26,0.87,N,0
37.75277,38.14022,308.85,0.41,0.45,2023-09-24,2347,N,VIIRS,n,2,289.11,1.1,N,0
37.7568,38.14166,301.85,0.41,0.45,2023-09-24,2347,N,VIIRS,n,2,288.8,0.59,N,0
37.7932,32.66849,331.6,0.39,0.36,2023-09-24,2347,N,VIIRS,n,2,286.32,4.67,N,0
37.79535,38.50947,315.73,0.43,0.46,2023-09-24,2347,N,VIIRS,n,2,291.31,1.77,N,0
37.79537,32.66694,307.35,0.39,0.36,2023-09-24,2347,N,VIIRS,n,2,282.38,0.99,N,0
37.79748,38.51978,314.2,0.43,0.46,2023-09-24,2347,N,VIIRS,n,2,290.38,1.41,N,0
37.79848,38.51526,308.86,0.43,0.46,2023-09-24,2347,N,VIIRS,n,2,290.07,1.77,N,0
37.80261,38.51658,310.73,0.43,0.46,2023-09-24,2347,N,VIIRS,n,2,290.63,1.4,N,0
37.81184,31.6188,304.57,0.38,0.36,2023-09-24,2347,N,VIIRS,n,2,278.14,1.36,N,0
37.81513,31.61963,318.85,0.38,0.36,2023-09-24,2347,N,VIIRS,n,2,280.01,1.36,N,0
37.81842,31.62047,310.42,0.38,0.36,2023-09-24,2347,N,VIIRS,n,2,280.13,1.01,N,0
37.83929,31.80466,300.12,0.39,0.36,2023-09-24,2347,N,VIIRS,n,2,281.22,0.67,N,0
37.84586,31.80634,312.31,0.39,0.36,2023-09-24,2347,N,VIIRS,n,2,282.82,1.38,N,0
37.91061,41.47157,306.18,0.6,0.53,2023-09-24,2347,N,VIIRS,n,2,286.19,1.59,N,0
37.91533,41.47353,298.09,0.6,0.53,2023-09-24,2347,N,VIIRS,n,2,287.1,0.68,N,0
37.91853,42.69657,296.06,0.35,0.57,2023-09-24,2347,N,VIIRS,n,2,281.29,0.57,N,0
37.92319,42.70005,300.38,0.35,0.57,2023-09-24,2347,N,VIIRS,n,2,282.97,0.57,N,0
37.94071,32.53285,309.29,0.39,0.36,2023-09-24,2347,N,VIIRS,n,2,290.68,1.0,N,2
38.09356,40.43442,296.83,0.53,0.5,2023-09-24,2347,N,VIIRS,n,2,286.56,0.33,N,0
38.17931,40.25873,311.53,0.51,0.5,2023-09-24,2347,N,VIIRS,n,2,286.91,1.43,N,0
38.17994,40.2969,297.38,0.52,0.5,2023-09-24,2347,N,VIIRS,n,2,286.52,0.47,N,0
38.19287,40.62803,299.48,0.54,0.51,2023-09-24,2347,N,VIIRS,n,2,288.56,0.77,N,0
38.26287,40.41728,306.43,0.52,0.5,2023-09-24,2347,N,VIIRS,n,2,288.98,0.59,N,0
38.26683,29.61294,306.4,0.4,0.37,2023-09-24,2347,N,VIIRS,n,2,285.66,0.73,N,0
38.26748,29.60836,305.88,0.4,0.37,2023-09-24,2347,N,VIIRS,n,2,285.53,0.73,N,0
38.26797,29.61077,323.86,0.4,0.37,2023-09-24,2347,N,VIIRS,n,2,286.41,1.45,N,0
38.41889,43.23904,297.41,0.36,0.57,2023-09-24,2347,N,VIIRS,n,2,285.63,0.89,N,0
38.42703,27.2146,318.31,0.47,0.4,2023-09-24,2347,N,VIIRS,n,2,294.87,2.19,N,2
38.45518,38.72776,313.13,0.43,0.46,2023-09-24,2347,N,VIIRS,n,2,291.98,1.85,N,2
38.45722,29.37547,297.7,0.41,0.37,2023-09-24,2347,N,VIIRS,n,2,285.47,0.41,N,0
38.54145,28.14569,306.12,0.44,0.38,2023-09-24,2347,N,VIIRS,n,2,287.64,0.79,N,0
38.57811,31.73772,304.34,0.38,0.36,2023-09-24,2347,N,VIIRS,n,2,287.61,0.53,N,0
38.61394,32.04588,314.35,0.39,0.36,2023-09-24,2347,N,VIIRS,n,2,283.45,1.15,N,0
38.61581,32.05552,299.33,0.39,0.36,2023-09-24,2347,N,VIIRS,n,2,281.29,0.69,N,0
38.62825,32.06336,303.8,0.39,0.36,2023-09-24,2347,N,VIIRS,n,2,282.31,0.9,N,0
38.62896,32.05897,310.87,0.39,0.36,2023-09-24,2347,N,VIIRS,n,2,282.07,1.38,N,0
38.65919,30.61648,299.2,0.39,0.36,2023-09-24,2347,N,VIIRS,n,2,287.55,0.97,N,2
38.74204,26.95094,310.44,0.49,0.4,2023-09-24,2347,N,VIIRS,n,2,294.08,1.19,N,2
38.74268,26.9454,304.94,0.49,0.4,2023-09-24,2347,N,VIIRS,n,2,293.55,1.19,N,2
38.97799,34.52591,296.22,0.42,0.38,2023-09-24,2347,N,VIIRS,n,2,285.5,0.65,N,0
38.98055,34.53167,310.95,0.42,0.38,2023-09-24,2347,N,VIIRS,n,2,286.18,1.31,N,0
39.04497,33.54956,297.7,0.4,0.37,2023-09-24,2347,N,VIIRS,n,2,283.53,0.42,N,0
39.16933,27.63219,305.42,0.46,0.39,2023-09-24,2347,N,VIIRS,n,2,293.25,0.97,N,0
39.57543,29.86288,303.53,0.4,0.37,2023-09-24,2347,N,VIIRS,n,2,283.89,1.14,N,0
39.5788,29.86366,304.8,0.4,0.37,2023-09-24,2347,N,VIIRS,n,2,285.82,0.98,N,0
39.59457,32.41892,303.75,0.39,0.36,2023-09-24,2347,N,VIIRS,n,2,287.22,1.01,N,2
39.74469,30.19896,303.87,0.4,0.37,2023-09-24,2347,N,VIIRS,n,2,287.77,0.47,N,2
39.83849,30.29916,300.07,0.4,0.37,2023-09-24,2347,N,VIIRS,n,2,287.79,0.98,N,2
39.86653,26.24275,311.26,0.54,0.42,2023-09-24,2347,N,VIIRS,n,2,292.09,1.66,N,2
39.86688,26.24275,310.58,0.54,0.42,2023-09-24,2347,N,VIIRS,n,2,292.22,2.25,N,2
39.94489,33.19018,306.35,0.39,0.36,2023-09-24,2347,N,VIIRS,n,2,288.44,1.31,N,2
39.95979,33.1424,300.57,0.39,0.36,2023-09-24,2347,N,VIIRS,n,2,287.02,0.33,N,2
40.05103,32.65102,302.21,0.39,0.36,2023-09-24,2347,N,VIIRS,n,2,288.05,1.03,N,2
40.05775,36.27985,315.72,0.47,0.39,2023-09-24,2347,N,VIIRS,n,2,281.68,1.92,N,0
40.08092,32.79762,332.89,0.39,0.36,2023-09-24,2347,N,VIIRS,n,2,289.58,6.21,N,0
40.41761,34.27666,303.01,0.4,0.37,2023-09-24,2347,N,VIIRS,n,2,285.29,0.63,N,0
40.54596,34.28817,296.84,0.4,0.37,2023-09-24,2347,N,VIIRS,n,2,285.07,0.56,N,0
40.75582,31.78174,305.78,0.38,0.36,2023-09-24,2347,N,VIIRS,n,2,284.95,0.8,N,2
40.75848,29.36156,303.44,0.42,0.38,2023-09-24,2347,N,VIIRS,n,2,292.1,0.69,N,2
40.7663,32.21935,301.86,0.38,0.36,2023-09-24,2347,N,VIIRS,n,2,282.73,0.8,N,2
40.78111,29.6031,311.24,0.42,0.37,2023-09-24,2347,N,VIIRS,n,2,293.7,1.59,N,2
40.80004,29.3776,304.5,0.42,0.38,2023-09-24,2347,N,VIIRS,n,2,292.64,0.8,N,2
40.80033,29.51118,328.68,0.42,0.38,2023-09-24,2347,N,VIIRS,n,2,291.18,2.17,N,2
40.94547,31.3955,307.17,0.39,0.36,2023-09-24,2347,N,VIIRS,n,2,287.87,1.21,N,2
41.01889,28.55303,301.41,0.45,0.39,2023-09-24,2347,N,VIIRS,n,2,290.93,0.72,N,2
41.02182,28.55907,308.01,0.45,0.39,2023-09-24,2347,N,VIIRS,n,2,292.01,0.73,N,2
41.02246,28.55378,303.14,0.45,0.39,2023-09-24,2347,N,VIIRS,n,2,291.45,0.73,N,2
41.40601,27.04314,304.43,0.52,0.41,2023-09-24,2347,N,VIIRS,n,2,288.05,1.85,N,0
41.62991,27.68363,303.43,0.49,0.4,2023-09-24,2347,N,VIIRS,n,2,289.89,0.33,N,2
41.6348,27.50747,308.44,0.5,0.41,2023-09-24,2347,N,VIIRS,n,2,290.52,1.02,N,2
36.17025,38.64182,313.2,0.47,0.48,2023-09-24,2348,N,VIIRS,n,2,289.43,5.74,N,0
36.17338,38.64847,317.93,0.47,0.48,2023-09-24,2348,N,VIIRS,n,2,290.39,5.0,N,0
36.17453,38.6433,339.6,0.47,0.48,2023-09-24,2348,N,VIIRS,n,2,293.58,5.74,N,0
36.86911,34.76097,308.51,0.45,0.39,2023-09-24,2348,N,VIIRS,n,2,295.87,1.72,N,2
36.87086,34.76525,309.4,0.46,0.39,2023-09-24,2348,N,VIIRS,n,2,295.65,0.92,N,2
36.9347,30.6461,315.38,0.38,0.36,2023-09-24,2348,N,VIIRS,n,2,293.75,1.33,N,2
37.2545,30.4424,305.53,0.39,0.36,2023-09-24,2348,N,VIIRS,n,2,289.16,0.69,N,2
37.26789,27.80214,303.78,0.44,0.38,2023-09-24,2348,N,VIIRS,n,2,291.5,0.77,N,0
37.27143,27.80276,309.69,0.44,0.38,2023-09-24,2348,N,VIIRS,n,2,291.7,0.96,N,0
37.86155,29.37045,315.56,0.4,0.37,2023-09-24,2348,N,VIIRS,n,2,291.69,1.6,N,2
35.51573,40.39225,367.0,0.45,0.63,2023-09-25,927,N,VIIRS,h,2,309.3,93.04,D,0
35.52002,40.38518,367.0,0.45,0.63,2023-09-25,927,N,VIIRS,h,2,310.42,11.22,D,0
35.52757,44.34187,353.28,0.55,0.51,2023-09-25,927,N,VIIRS,n,2,315.28,9.6,D,2
35.53217,44.3403,349.66,0.55,0.51,2023-09-25,927,N,VIIRS,n,2,316.23,34.94,D,2
35.53355,44.3379,349.27,0.55,0.51,2023-09-25,927,N,VIIRS,n,2,312.59,5.21,D,2
35.627,44.01231,344.31,0.57,0.52,2023-09-25,927,N,VIIRS,n,2,314.89,6.0,D,2
35.63164,44.01057,344.89,0.57,0.52,2023-09-25,927,N,VIIRS,n,2,313.09,6.0,D,2
35.68536,43.87544,346.44,0.58,0.52,2023-09-25,927,N,VIIRS,n,2,319.23,27.97,D,2
35.7255,44.04367,342.88,0.57,0.52,2023-09-25,927,N,VIIRS,n,2,314.63,3.79,D,2
35.7287,44.03595,344.01,0.57,0.52,2023-09-25,927,N,VIIRS,n,2,314.34,3.79,D,2
35.78559,43.85382,345.35,0.58,0.52,2023-09-25,927,N,VIIRS,n,2,313.73,9.29,D,0
35.84441,43.73718,346.74,0.59,0.53,2023-09-25,927,N,VIIRS,n,2,314.67,7.85,D,0
35.96607,43.76659,350.43,0.58,0.52,2023-09-25,927,N,VIIRS,n,2,312.66,7.69,D,2
35.96769,43.76777,345.61,0.58,0.52,2023-09-25,927,N,VIIRS,n,2,312.61,8.73,D,2
35.97072,43.76477,345.62,0.58,0.52,2023-09-25,927,N,VIIRS,n,2,312.68,5.86,D,2
35.97091,43.75988,344.09,0.58,0.52,2023-09-25,927,N,VIIRS,n,2,311.5,4.37,D,2
35.98149,43.76728,342.56,0.58,0.52,2023-09-25,927,N,VIIRS,n,2,311.84,2.99,D,2
36.01788,43.68532,344.68,0.58,0.52,2023-09-25,927,N,VIIRS,n,2,314.98,9.33,D,2
36.14379,40.81438,344.48,0.41,0.61,2023-09-25,927,N,VIIRS,n,2,311.24,2.78,D,2
36.55713,43.47467,343.0,0.58,0.52,2023-09-25,927,N,VIIRS,n,2,316.22,16.48,D,0
36.56181,43.47295,352.45,0.58,0.52,2023-09-25,927,N,VIIRS,n,2,316.69,16.48,D,0
36.56358,43.47414,347.1,0.58,0.52,2023-09-25,927,N,VIIRS,n,2,316.62,33.97,D,0
36.70888,43.17517,340.72,0.6,0.53,2023-09-25,927,N,VIIRS,n,2,312.01,5.15,D,0
36.71037,43.17309,343.71,0.6,0.53,2023-09-25,927,N,VIIRS,n,2,312.24,4.66,D,0
36.77773,43.32267,342.67,0.59,0.53,2023-09-25,927,N,VIIRS,n,2,306.16,5.67,D,2
36.90475,43.388,340.23,0.58,0.52,2023-09-25,927,N,VIIRS,n,2,303.93,5.92,D,2
36.13711,37.82195,333.28,0.59,0.7,2023-09-25,928,N,VIIRS,n,2,304.14,3.38,D,0
36.13725,37.82293,332.42,0.59,0.7,2023-09-25,928,N,VIIRS,n,2,303.84,3.31,D,0
36.16972,38.61295,367.0,0.53,0.67,2023-09-25,928,N,VIIRS,h,2,311.8,21.88,D,0
36.17271,38.60875,356.13,0.53,0.67,2023-09-25,928,N,VIIRS,n,2,309.09,12.39,D,0
36.1744,38.61454,367.0,0.53,0.67,2023-09-25,928,N,VIIRS,h,2,310.73,17.38,D,0
36.70214,39.6334,367.0,0.46,0.63,2023-09-25,928,N,VIIRS,h,2,312.38,6.21,D,0
36.70778,39.63109,349.26,0.46,0.63,2023-09-25,928,N,VIIRS,n,2,307.84,6.21,D,0
36.72371,38.46182,367.0,0.53,0.67,2023-09-25,928,N,VIIRS,h,2,319.25,21.85,D,0
36.72527,38.46721,345.08,0.53,0.67,2023-09-25,928,N,VIIRS,n,2,312.44,16.55,D,0
36.72962,38.45919,367.0,0.53,0.67,2023-09-25,928,N,VIIRS,h,2,313.34,7.48,D,0
36.73089,39.80377,347.17,0.45,0.63,2023-09-25,928,N,VIIRS,n,2,313.48,4.43,D,0
36.73165,39.80455,342.63,0.45,0.63,2023-09-25,928,N,VIIRS,n,2,313.47,4.02,D,0
36.85997,40.41563,349.18,0.41,0.61,2023-09-25,928,N,VIIRS,n,2,311.63,3.43,D,0
36.91928,42.5002,351.74,0.32,0.55,2023-09-25,928,N,VIIRS,n,2,319.8,13.22,D,0
36.92013,42.50364,367.0,0.32,0.55,2023-09-25,928,N,VIIRS,h,2,323.29,25.24,D,0
36.92187,42.5106,355.61,0.32,0.55,2023-09-25,928,N,VIIRS,n,2,316.5,7.06,D,0
36.93772,42.13224,342.83,0.34,0.56,2023-09-25,928,N,VIIRS,n,2,312.72,2.67,D,2
37.12878,42.09285,367.0,0.33,0.55,2023-09-25,928,N,VIIRS,h,2,318.73,16.23,D,0
37.27129,36.8988,344.28,0.61,0.71,2023-09-25,928,N,VIIRS,n,2,308.65,2.94,D,0
37.27744,36.8956,367.0,0.61,0.71,2023-09-25,928,N,VIIRS,h,2,306.7,12.26,D,0
37.33338,35.91033,341.5,0.68,0.74,2023-09-25,928,N,VIIRS,n,2,299.05,6.33,D,0
37.50653,38.0148,337.81,0.53,0.67,2023-09-25,928,N,VIIRS,n,2,308.97,5.31,D,0
37.50822,38.02057,339.68,0.53,0.67,2023-09-25,928,N,VIIRS,n,2,310.63,7.78,D,0
37.51247,38.01222,339.12,0.53,0.67,2023-09-25,928,N,VIIRS,n,2,305.59,5.24,D,0
37.51415,38.01797,336.41,0.53,0.67,2023-09-25,928,N,VIIRS,n,2,309.07,7.08,D,0
37.57416,39.16493,339.58,0.46,0.64,2023-09-25,928,N,VIIRS,n,2,311.75,1.77,D,0
37.57897,39.16214,344.49,0.46,0.64,2023-09-25,928,N,VIIRS,n,2,313.16,5.28,D,0
37.72335,39.3439,334.1,0.45,0.63,2023-09-25,928,N,VIIRS,n,2,307.13,4.64,D,0
37.72448,39.34742,347.77,0.45,0.63,2023-09-25,928,N,VIIRS,n,2,308.68,7.32,D,0
37.72479,39.34903,367.0,0.45,0.63,2023-09-25,928,N,VIIRS,h,2,311.78,4.64,D,0
37.72589,39.35256,348.15,0.45,0.63,2023-09-25,928,N,VIIRS,n,2,313.24,9.56,D,0
37.72623,39.35415,338.77,0.45,0.63,2023-09-25,928,N,VIIRS,n,2,311.52,6.55,D,0
37.90669,41.47704,346.8,0.34,0.56,2023-09-25,928,N,VIIRS,n,2,311.22,4.56,D,0
38.27979,36.41214,340.56,0.61,0.71,2023-09-25,928,N,VIIRS,n,2,303.81,4.2,D,0
38.85615,36.63047,333.18,0.57,0.69,2023-09-25,928,N,VIIRS,n,2,304.61,3.78,D,0
39.02838,37.73795,339.79,0.5,0.65,2023-09-25,928,N,VIIRS,n,2,305.85,5.67,D,0
40.44699,43.68159,332.55,0.46,0.47,2023-09-25,928,N,VIIRS,n,2,298.93,3.13,D,0
39.02026,36.6171,357.85,0.56,0.69,2023-09-25,929,N,VIIRS,n,2,306.65,8.73,D,0
39.07948,34.59349,332.45,0.7,0.75,2023-09-25,929,N,VIIRS,n,2,305.8,6.6,D,0
39.15611,36.91603,351.6,0.54,0.68,2023-09-25,929,N,VIIRS,n,2,302.94,6.5,D,0
39.15837,36.91721,349.76,0.54,0.68,2023-09-25,929,N,VIIRS,n,2,303.38,12.81,D,0
39.16206,36.91325,339.05,0.54,0.68,2023-09-25,929,N,VIIRS,n,2,303.76,5.29,D,0
39.52964,36.29023,339.28,0.56,0.69,2023-09-25,929,N,VIIRS,n,2,303.95,2.94,D,0
39.53473,36.29047,347.56,0.56,0.69,2023-09-25,929,N,VIIRS,n,2,305.85,8.02,D,0
39.65454,37.20509,336.18,0.51,0.66,2023-09-25,929,N,VIIRS,n,2,306.2,15.34,D,0
39.65632,37.21113,367.0,0.51,0.66,2023-09-25,929,N,VIIRS,h,2,311.27,15.34,D,0
39.94001,37.86064,344.05,0.46,0.64,2023-09-25,929,N,VIIRS,n,2,304.33,2.13,D,0
40.33667,40.87994,344.11,0.32,0.55,2023-09-25,929,N,VIIRS,n,2,300.32,4.06,D,0
41.51105,43.43304,342.09,0.45,0.47,2023-09-25,929,N,VIIRS,n,2,301.3,4.85,D,0
42.42122,42.16848,340.03,0.49,0.48,2023-09-25,929,N,VIIRS,n,2,296.69,6.84,D,0
35.53164,44.33929,367.0,0.71,0.75,2023-09-25,1108,N,VIIRS,h,2,307.96,18.03,D,2
35.62834,44.01045,367.0,0.68,0.74,2023-09-25,1108,N,VIIRS,h,2,308.03,12.47,D,2
35.68697,43.87365,349.1,0.67,0.74,2023-09-25,1108,N,VIIRS,n,2,307.37,7.56,D,2
35.68758,43.87556,349.85,0.67,0.74,2023-09-25,1108,N,VIIRS,n,2,307.39,7.35,D,2
35.91761,40.48,339.18,0.44,0.62,2023-09-25,1108,N,VIIRS,n,2,309.62,5.94,D,0
35.92317,40.47469,367.0,0.44,0.62,2023-09-25,1108,N,VIIRS,h,2,312.78,9.29,D,0
35.92342,40.47967,351.01,0.44,0.62,2023-09-25,1108,N,VIIRS,n,2,309.05,9.29,D,0
35.96727,43.76415,345.59,0.67,0.73,2023-09-25,1108,N,VIIRS,n,2,306.83,8.01,D,2
35.96735,43.76477,349.96,0.67,0.73,2023-09-25,1108,N,VIIRS,n,2,307.15,11.93,D,2
35.96743,43.77237,336.68,0.67,0.73,2023-09-25,1108,N,VIIRS,n,2,305.47,8.41,D,2
35.98124,43.77285,340.34,0.67,0.73,2023-09-25,1108,N,VIIRS,n,2,306.62,4.66,D,2
35.98136,43.77351,338.23,0.67,0.73,2023-09-25,1108,N,VIIRS,n,2,306.72,4.39,D,2
36.01656,43.81131,341.12,0.67,0.74,2023-09-25,1108,N,VIIRS,n,2,306.16,12.28,D,0
36.01672,43.81903,367.0,0.67,0.74,2023-09-25,1108,N,VIIRS,h,2,305.86,23.69,D,0
36.01688,43.81203,347.48,0.67,0.74,2023-09-25,1108,N,VIIRS,n,2,306.41,13.49,D,0
36.01709,43.81973,367.0,0.67,0.74,2023-09-25,1108,N,VIIRS,h,2,304.76,13.49,D,0
36.16709,38.61201,342.67,0.35,0.56,2023-09-25,1108,N,VIIRS,n,2,313.1,1.27,D,0
36.28985,38.71606,353.09,0.35,0.57,2023-09-25,1108,N,VIIRS,n,2,311.69,8.19,D,0
36.29282,38.70306,353.16,0.35,0.57,2023-09-25,1108,N,VIIRS,n,2,313.98,5.12,D,0
36.29305,38.70705,355.0,0.35,0.57,2023-09-25,1108,N,VIIRS,n,2,314.27,8.44,D,0
36.29435,38.70368,356.32,0.35,0.57,2023-09-25,1108,N,VIIRS,n,2,314.29,6.55,D,0
36.29461,38.70766,352.09,0.35,0.57,2023-09-25,1108,N,VIIRS,n,2,313.29,5.98,D,0
36.29488,38.71165,342.81,0.35,0.57,2023-09-25,1108,N,VIIRS,n,2,310.23,5.98,D,0
36.57229,38.62174,346.74,0.35,0.57,2023-09-25,1108,N,VIIRS,n,2,313.54,2.82,D,0
36.70128,43.17953,338.89,0.62,0.72,2023-09-25,1108,N,VIIRS,n,2,307.84,6.01,D,0
36.70337,43.17696,338.32,0.63,0.72,2023-09-25,1108,N,VIIRS,n,2,307.25,3.28,D,0
36.74591,38.13842,348.23,0.33,0.55,2023-09-25,1108,N,VIIRS,n,2,316.28,3.54,D,0
36.74707,36.2019,333.39,0.51,0.5,2023-09-25,1108,N,VIIRS,n,2,305.89,5.54,D,2
36.7485,35.30977,332.31,0.46,0.47,2023-09-25,1108,N,VIIRS,n,2,302.96,1.8,D,0
36.75288,35.30919,336.91,0.46,0.47,2023-09-25,1108,N,VIIRS,n,2,303.6,1.8,D,0
36.76083,35.44649,335.25,0.47,0.48,2023-09-25,1108,N,VIIRS,n,2,303.72,4.5,D,0
36.8123,35.82415,342.83,0.49,0.49,2023-09-25,1108,N,VIIRS,n,2,303.42,5.13,D,0
36.81387,35.82727,336.67,0.49,0.49,2023-09-25,1108,N,VIIRS,n,2,302.86,3.86,D,0
36.87922,35.08768,343.13,0.45,0.47,2023-09-25,1108,N,VIIRS,n,2,307.89,7.69,D,0
36.90688,43.39569,338.17,0.65,0.73,2023-09-25,1108,N,VIIRS,n,2,299.07,6.78,D,2
36.90779,43.39345,338.15,0.65,0.73,2023-09-25,1108,N,VIIRS,n,2,300.0,4.18,D,2
36.93553,30.64816,341.32,0.43,0.38,2023-09-25,1108,N,VIIRS,n,2,313.03,11.28,D,2
36.94187,42.17356,339.16,0.55,0.68,2023-09-25,1108,N,VIIRS,n,2,307.6,2.5,D,2
36.96035,35.87992,341.51,0.5,0.49,2023-09-25,1108,N,VIIRS,n,2,303.49,5.79,D,0
37.00009,35.15148,341.6,0.45,0.47,2023-09-25,1108,N,VIIRS,n,2,306.33,2.52,D,0
37.00054,35.15664,331.2,0.45,0.47,2023-09-25,1108,N,VIIRS,n,2,305.1,2.86,D,0
37.01244,35.19165,344.37,0.46,0.47,2023-09-25,1108,N,VIIRS,n,2,305.61,12.27,D,0
37.0129,35.19683,339.45,0.46,0.47,2023-09-25,1108,N,VIIRS,n,2,304.65,3.96,D,0
37.02766,35.91716,343.31,0.5,0.49,2023-09-25,1108,N,VIIRS,n,2,303.96,6.16,D,0
37.02813,35.91506,339.93,0.5,0.49,2023-09-25,1108,N,VIIRS,n,2,304.29,2.74,D,0
37.06037,39.90797,347.09,0.42,0.61,2023-09-25,1108,N,VIIRS,n,2,311.37,4.72,D,0
37.07903,29.89938,346.86,0.41,0.37,2023-09-25,1108,N,VIIRS,n,2,302.02,7.16,D,0
37.08305,29.90325,338.37,0.41,0.37,2023-09-25,1108,N,VIIRS,n,2,306.33,7.16,D,0
37.08365,29.90779,335.07,0.41,0.37,2023-09-25,1108,N,VIIRS,n,2,304.4,2.58,D,0
37.12152,42.32847,347.3,0.56,0.69,2023-09-25,1108,N,VIIRS,n,2,309.82,9.02,D,0
37.15731,35.86341,345.37,0.5,0.49,2023-09-25,1108,N,VIIRS,n,2,307.6,6.19,D,0
37.20088,36.00286,348.53,0.51,0.49,2023-09-25,1108,N,VIIRS,n,2,308.0,11.27,D,0
37.20325,36.03185,343.52,0.51,0.49,2023-09-25,1108,N,VIIRS,n,2,306.98,3.82,D,0
37.21943,35.94806,344.42,0.5,0.49,2023-09-25,1108,N,VIIRS,n,2,309.15,7.57,D,0
37.3317,35.90851,335.72,0.5,0.49,2023-09-25,1108,N,VIIRS,n,2,307.92,1.49,D,0
37.42184,36.93939,342.09,0.57,0.52,2023-09-25,1108,N,VIIRS,n,2,309.74,17.02,D,0
37.42319,36.93446,345.98,0.57,0.52,2023-09-25,1108,N,VIIRS,n,2,314.09,7.39,D,0
37.42369,36.94103,343.75,0.57,0.52,2023-09-25,1108,N,VIIRS,n,2,313.36,12.95,D,0
37.42667,36.93876,355.59,0.57,0.52,2023-09-25,1108,N,VIIRS,n,2,316.75,17.02,D,0
37.42802,36.93377,340.04,0.57,0.52,2023-09-25,1108,N,VIIRS,n,2,312.38,7.39,D,0
37.42852,36.94039,343.71,0.57,0.52,2023-09-25,1108,N,VIIRS,n,2,311.41,12.95,D,0
37.46717,39.27436,367.0,0.39,0.59,2023-09-25,1108,N,VIIRS,h,2,310.64,6.88,D,0
37.46722,39.27525,356.86,0.39,0.59,2023-09-25,1108,N,VIIRS,n,2,310.17,8.62,D,0
37.50925,40.99208,336.56,0.48,0.65,2023-09-25,1108,N,VIIRS,n,2,307.04,3.49,D,0
37.51732,39.07676,349.73,0.38,0.59,2023-09-25,1108,N,VIIRS,n,2,309.7,4.08,D,0
37.5736,38.16381,367.0,0.34,0.56,2023-09-25,1108,N,VIIRS,h,2,315.35,9.45,D,0
37.57383,38.16746,340.58,0.34,0.56,2023-09-25,1108,N,VIIRS,n,2,311.63,6.0,D,0
37.70982,38.4905,351.24,0.35,0.57,2023-09-25,1108,N,VIIRS,n,2,316.0,4.84,D,0
37.71509,38.48979,367.0,0.35,0.57,2023-09-25,1108,N,VIIRS,h,2,312.0,4.84,D,0
37.7234,38.36674,351.83,0.35,0.56,2023-09-25,1108,N,VIIRS,n,2,312.7,3.94,D,0
37.90235,41.47242,357.22,0.51,0.66,2023-09-25,1108,N,VIIRS,n,2,310.81,14.68,D,0
37.90258,41.47854,367.0,0.51,0.66,2023-09-25,1108,N,VIIRS,h,2,310.63,19.98,D,0
37.90661,41.47543,367.0,0.51,0.66,2023-09-25,1108,N,VIIRS,h,2,318.39,42.06,D,0
37.90859,41.47272,356.72,0.51,0.66,2023-09-25,1108,N,VIIRS,n,2,309.6,14.68,D,0
37.90882,41.47868,352.04,0.51,0.66,2023-09-25,1108,N,VIIRS,n,2,307.02,19.98,D,0
38.02015,37.9933,350.64,0.33,0.55,2023-09-25,1108,N,VIIRS,n,2,312.4,14.72,D,0
38.02036,37.99659,356.02,0.33,0.55,2023-09-25,1108,N,VIIRS,n,2,316.54,14.72,D,0
38.02079,38.00324,344.7,0.33,0.56,2023-09-25,1108,N,VIIRS,n,2,306.27,40.46,D,0
38.02527,37.9923,341.28,0.33,0.55,2023-09-25,1108,N,VIIRS,n,2,310.99,7.54,D,0
38.02548,37.9955,367.0,0.33,0.55,2023-09-25,1108,N,VIIRS,h,2,313.66,7.54,D,0
38.02568,37.99869,353.77,0.33,0.56,2023-09-25,1108,N,VIIRS,n,2,306.94,11.26,D,0
38.02705,37.99511,367.0,0.33,0.56,2023-09-25,1108,N,VIIRS,h,2,308.46,7.79,D,0
38.20153,40.64278,350.25,0.47,0.64,2023-09-25,1108,N,VIIRS,n,2,309.92,5.1,D,0
37.62518,31.82864,346.42,0.48,0.4,2023-09-25,1109,N,VIIRS,n,2,316.27,8.68,D,0
37.79288,31.79667,342.78,0.48,0.4,2023-09-25,1109,N,VIIRS,n,2,314.95,10.19,D,0
37.81139,31.61367,339.88,0.47,0.4,2023-09-25,1109,N,VIIRS,n,2,311.11,6.1,D,0
37.83269,31.60425,356.39,0.47,0.4,2023-09-25,1109,N,VIIRS,n,2,314.3,11.54,D,0
37.86383,31.80891,350.18,0.48,0.4,2023-09-25,1109,N,VIIRS,n,2,314.93,13.59,D,0
38.17738,30.3342,343.85,0.43,0.38,2023-09-25,1109,N,VIIRS,n,2,315.49,4.8,D,0
38.23011,32.59706,349.62,0.53,0.42,2023-09-25,1109,N,VIIRS,n,2,315.13,5.68,D,0
38.26785,31.62144,352.59,0.48,0.4,2023-09-25,1109,N,VIIRS,n,2,318.87,17.44,D,0
38.32687,31.5919,348.68,0.48,0.4,2023-09-25,1109,N,VIIRS,n,2,315.63,11.78,D,0
38.33304,40.30457,341.51,0.45,0.63,2023-09-25,1109,N,VIIRS,n,2,311.22,3.71,D,0
38.54515,36.11712,342.96,0.53,0.5,2023-09-25,1109,N,VIIRS,n,2,311.14,6.76,D,0
38.64697,32.02965,340.78,0.5,0.41,2023-09-25,1109,N,VIIRS,n,2,312.87,2.94,D,0
38.86528,32.20915,341.42,0.51,0.41,2023-09-25,1109,N,VIIRS,n,2,315.57,5.85,D,0
38.86908,32.20848,342.12,0.51,0.41,2023-09-25,1109,N,VIIRS,n,2,314.34,4.84,D,0
38.93021,31.82658,336.93,0.5,0.41,2023-09-25,1109,N,VIIRS,n,2,309.82,3.64,D,0
39.02522,37.7366,367.0,0.33,0.55,2023-09-25,1109,N,VIIRS,h,2,314.13,6.88,D,0
39.15253,36.91752,345.0,0.6,0.53,2023-09-25,1109,N,VIIRS,n,2,307.61,9.97,D,0
39.26675,37.58249,347.24,0.32,0.55,2023-09-25,1109,N,VIIRS,n,2,312.59,3.31,D,0
39.267,37.58627,355.51,0.32,0.55,2023-09-25,1109,N,VIIRS,n,2,313.4,7.49,D,0
39.26934,37.58168,367.0,0.32,0.55,2023-09-25,1109,N,VIIRS,h,2,313.8,5.28,D,0
39.26955,37.58534,367.0,0.32,0.55,2023-09-25,1109,N,VIIRS,h,2,312.68,10.26,D,0
39.34419,30.69897,352.94,0.45,0.39,2023-09-25,1109,N,VIIRS,n,2,321.82,48.16,D,0
39.34482,30.7042,339.18,0.45,0.39,2023-09-25,1109,N,VIIRS,n,2,308.84,12.96,D,0
39.44192,34.28994,343.95,0.44,0.46,2023-09-25,1109,N,VIIRS,n,2,312.89,3.51,D,0
39.44451,34.2868,344.53,0.44,0.46,2023-09-25,1109,N,VIIRS,n,2,311.25,4.1,D,0
39.51847,33.73227,346.81,0.41,0.45,2023-09-25,1109,N,VIIRS,n,2,312.08,6.49,D,0
39.65799,37.2134,348.04,0.63,0.54,2023-09-25,1109,N,VIIRS,n,2,311.04,12.68,D,0
39.65862,37.21376,344.84,0.63,0.54,2023-09-25,1109,N,VIIRS,n,2,310.81,6.83,D,0
39.94166,37.86512,334.25,0.34,0.56,2023-09-25,1109,N,VIIRS,n,2,306.7,1.32,D,0
40.11018,28.15278,333.03,0.39,0.37,2023-09-25,1109,N,VIIRS,n,2,302.77,2.74,D,0
40.12274,28.49514,330.14,0.4,0.37,2023-09-25,1109,N,VIIRS,n,2,302.96,2.23,D,0
40.12337,28.49982,333.81,0.4,0.37,2023-09-25,1109,N,VIIRS,n,2,304.12,2.68,D,0
40.15437,33.29849,339.0,0.4,0.44,2023-09-25,1109,N,VIIRS,n,2,308.1,1.92,D,0
40.17849,28.21541,337.46,0.4,0.37,2023-09-25,1109,N,VIIRS,n,2,303.77,3.6,D,0
40.33834,40.88374,332.08,0.5,0.66,2023-09-25,1109,N,VIIRS,n,2,296.63,8.43,D,0
40.38385,34.68042,335.78,0.47,0.48,2023-09-25,1109,N,VIIRS,n,2,307.42,3.14,D,0
40.47076,38.48889,342.88,0.37,0.58,2023-09-25,1109,N,VIIRS,n,2,301.39,1.61,D,0
41.00011,27.89907,335.64,0.39,0.37,2023-09-25,1110,N,VIIRS,n,2,302.61,11.29,D,0
41.00344,27.89826,343.36,0.39,0.37,2023-09-25,1110,N,VIIRS,n,2,304.65,11.29,D,0
41.18494,27.54935,352.37,0.39,0.36,2023-09-25,1110,N,VIIRS,n,2,306.38,38.94,D,0
41.18559,27.554,353.6,0.39,0.36,2023-09-25,1110,N,VIIRS,n,2,306.18,18.78,D,0
41.18958,27.55782,336.64,0.39,0.36,2023-09-25,1110,N,VIIRS,n,2,301.44,4.8,D,0
41.51146,33.99222,343.28,0.44,0.46,2023-09-25,1110,N,VIIRS,n,2,308.1,4.43,D,0
35.52412,44.34147,309.72,0.72,0.76,2023-09-25,2148,N,VIIRS,n,2,291.96,2.74,N,2
35.53122,44.34194,313.36,0.72,0.76,2023-09-25,2148,N,VIIRS,n,2,292.28,2.74,N,2
35.53139,44.33342,324.81,0.72,0.76,2023-09-25,2148,N,VIIRS,n,2,293.16,2.74,N,2
35.53849,44.33406,305.99,0.72,0.76,2023-09-25,2148,N,VIIRS,n,2,292.57,1.04,N,2
35.6256,44.00572,321.93,0.75,0.77,2023-09-25,2148,N,VIIRS,n,2,292.11,3.26,N,2
35.63284,44.00566,331.32,0.75,0.77,2023-09-25,2148,N,VIIRS,n,2,292.67,4.17,N,2
35.68578,43.87638,321.21,0.76,0.77,2023-09-25,2148,N,VIIRS,n,2,293.14,2.77,N,2
35.68725,43.87346,330.06,0.76,0.77,2023-09-25,2148,N,VIIRS,n,2,293.37,5.06,N,2
35.72619,44.0375,317.94,0.75,0.77,2023-09-25,2148,N,VIIRS,n,2,293.88,2.98,N,2
35.72638,44.02848,305.89,0.75,0.77,2023-09-25,2148,N,VIIRS,n,2,293.15,2.7,N,0
35.72711,43.99307,317.28,0.75,0.77,2023-09-25,2148,N,VIIRS,n,2,292.67,2.75,N,0
35.72851,44.03513,319.6,0.75,0.77,2023-09-25,2148,N,VIIRS,n,2,293.55,2.82,N,2
35.72865,44.0261,306.39,0.75,0.77,2023-09-25,2148,N,VIIRS,n,2,293.13,2.82,N,2
35.72919,43.99063,307.64,0.75,0.77,2023-09-25,2148,N,VIIRS,n,2,292.54,2.46,N,0
35.77257,43.99414,306.66,0.75,0.77,2023-09-25,2148,N,VIIRS,n,2,292.82,1.2,N,2
35.9225,43.7902,312.66,0.77,0.78,2023-09-25,2148,N,VIIRS,n,2,292.36,1.59,N,2
35.92328,43.79195,303.76,0.77,0.78,2023-09-25,2148,N,VIIRS,n,2,292.49,1.32,N,2
35.92339,43.78267,306.05,0.78,0.78,2023-09-25,2148,N,VIIRS,n,2,292.81,1.32,N,0
35.95337,43.72834,307.31,0.78,0.78,2023-09-25,2148,N,VIIRS,n,2,292.82,2.2,N,2
35.9818,43.76919,314.43,0.78,0.78,2023-09-25,2148,N,VIIRS,n,2,291.72,4.21,N,2
35.98188,43.76053,303.96,0.78,0.78,2023-09-25,2148,N,VIIRS,n,2,292.4,5.45,N,2
35.98217,43.7653,323.39,0.78,0.78,2023-09-25,2148,N,VIIRS,n,2,292.99,5.16,N,2
35.99654,43.76023,309.72,0.78,0.78,2023-09-25,2148,N,VIIRS,n,2,291.0,3.22,N,2
35.99696,43.7562,312.65,0.78,0.78,2023-09-25,2148,N,VIIRS,n,2,291.81,2.74,N,2
36.01939,43.67795,324.14,0.79,0.78,2023-09-25,2148,N,VIIRS,n,2,293.72,4.58,N,2
36.0201,43.68304,317.89,0.79,0.78,2023-09-25,2148,N,VIIRS,n,2,292.97,2.47,N,2
36.02025,43.67355,302.59,0.79,0.78,2023-09-25,2148,N,VIIRS,n,2,292.06,2.47,N,2
36.12817,43.77812,303.6,0.78,0.78,2023-09-25,2148,N,VIIRS,n,2,291.34,1.91,N,2
40.41235,39.65974,301.42,0.42,0.38,2023-09-25,2327,N,VIIRS,n,2,283.17,0.57,N,0
41.02517,36.10032,298.08,0.39,0.36,2023-09-25,2327,N,VIIRS,n,2,287.2,0.24,N,0
41.2411,36.44308,303.1,0.39,0.36,2023-09-25,2327,N,VIIRS,n,2,290.56,0.55,N,0
41.24165,36.46228,327.21,0.39,0.36,2023-09-25,2327,N,VIIRS,n,2,291.44,2.53,N,2
35.72623,44.04443,323.29,0.52,0.5,2023-09-25,2328,N,VIIRS,n,2,297.02,3.34,N,2
35.72755,44.03878,316.57,0.52,0.5,2023-09-25,2328,N,VIIRS,n,2,296.87,3.34,N,2
35.72885,44.03319,327.8,0.52,0.5,2023-09-25,2328,N,VIIRS,n,2,297.33,5.06,N,2
35.77184,43.99323,318.13,0.52,0.5,2023-09-25,2328,N,VIIRS,n,2,296.91,3.51,N,2
35.92356,43.79118,333.24,0.5,0.49,2023-09-25,2328,N,VIIRS,n,2,296.14,2.37,N,2
35.95138,43.73125,307.19,0.5,0.49,2023-09-25,2328,N,VIIRS,n,2,294.35,1.55,N,2
35.95258,43.72596,306.81,0.49,0.49,2023-09-25,2328,N,VIIRS,n,2,293.76,1.13,N,2
35.97196,43.77462,311.9,0.5,0.49,2023-09-25,2328,N,VIIRS,n,2,294.66,3.76,N,2
35.98193,43.77247,325.56,0.5,0.49,2023-09-25,2328,N,VIIRS,n,2,294.54,2.47,N,2
35.99877,43.76103,311.76,0.5,0.49,2023-09-25,2328,N,VIIRS,n,2,293.78,1.44,N,2
36.01719,43.68089,339.37,0.49,0.49,2023-09-25,2328,N,VIIRS,n,2,295.6,3.52,N,2
36.02155,43.68237,306.98,0.49,0.49,2023-09-25,2328,N,VIIRS,n,2,294.01,3.52,N,2
36.12716,43.78522,304.15,0.49,0.49,2023-09-25,2328,N,VIIRS,n,2,294.01,1.31,N,2
36.31565,43.74429,307.23,0.49,0.48,2023-09-25,2328,N,VIIRS,n,2,294.74,1.48,N,2
36.33491,43.76255,307.57,0.49,0.48,2023-09-25,2328,N,VIIRS,n,2,292.63,1.42,N,2
36.45858,41.28039,305.79,0.55,0.42,2023-09-25,2328,N,VIIRS,n,2,293.41,0.72,N,2
36.73112,43.2823,304.46,0.45,0.47,2023-09-25,2328,N,VIIRS,n,2,293.98,0.83,N,2
36.74561,43.5005,302.13,0.46,0.47,2023-09-25,2328,N,VIIRS,n,2,290.43,1.09,N,2
36.77626,43.3232,339.99,0.45,0.47,2023-09-25,2328,N,VIIRS,n,2,295.98,5.63,N,2
36.79451,40.36916,300.8,0.49,0.4,2023-09-25,2328,N,VIIRS,n,2,288.65,0.63,N,0
36.9081,43.38971,338.3,0.45,0.47,2023-09-25,2328,N,VIIRS,n,2,292.92,6.76,N,2
36.91495,41.89779,307.66,0.57,0.43,2023-09-25,2328,N,VIIRS,n,2,290.72,1.16,N,2
36.91626,41.8983,302.94,0.57,0.43,2023-09-25,2328,N,VIIRS,n,2,290.37,0.71,N,2
36.93414,42.1303,307.73,0.39,0.44,2023-09-25,2328,N,VIIRS,n,2,290.71,0.74,N,2
36.93809,42.13159,321.86,0.39,0.44,2023-09-25,2328,N,VIIRS,n,2,294.34,1.79,N,2
36.94256,42.17043,331.88,0.39,0.44,2023-09-25,2328,N,VIIRS,n,2,293.67,2.51,N,2
36.96927,41.41607,302.36,0.54,0.42,2023-09-25,2328,N,VIIRS,n,2,288.64,0.85,N,0
36.99152,40.68432,313.39,0.5,0.41,2023-09-25,2328,N,VIIRS,n,2,290.4,1.45,N,0
36.99617,41.5603,306.26,0.55,0.43,2023-09-25,2328,N,VIIRS,n,2,290.08,0.9,N,2
36.99689,41.56018,305.39,0.55,0.43,2023-09-25,2328,N,VIIRS,n,2,290.34,1.8,N,2
37.00002,41.56152,301.57,0.55,0.43,2023-09-25,2328,N,VIIRS,n,2,290.8,0.52,N,0
37.00485,42.19893,315.37,0.39,0.44,2023-09-25,2328,N,VIIRS,n,2,292.79,1.62,N,0
37.13644,42.7938,302.66,0.42,0.45,2023-09-25,2328,N,VIIRS,n,2,292.33,0.47,N,2
37.27674,38.73192,304.62,0.42,0.38,2023-09-25,2328,N,VIIRS,n,2,292.05,1.16,N,2
37.2949,37.15739,317.23,0.39,0.36,2023-09-25,2328,N,VIIRS,n,2,295.06,1.85,N,2
37.35267,37.16346,311.16,0.39,0.36,2023-09-25,2328,N,VIIRS,n,2,294.9,1.15,N,2
37.40292,40.92681,300.03,0.51,0.41,2023-09-25,2328,N,VIIRS,n,2,286.94,1.09,N,0
37.57835,38.16889,296.28,0.41,0.37,2023-09-25,2328,N,VIIRS,n,2,286.02,0.15,N,0
37.62529,39.47379,301.93,0.44,0.39,2023-09-25,2328,N,VIIRS,n,2,289.49,0.5,N,0
37.62564,39.47755,302.23,0.44,0.39,2023-09-25,2328,N,VIIRS,n,2,289.51,0.42,N,0
37.74929,39.02374,301.8,0.43,0.38,2023-09-25,2328,N,VIIRS,n,2,289.65,0.7,N,0
37.93999,32.53215,308.22,0.45,0.39,2023-09-25,2328,N,VIIRS,n,2,289.28,1.26,N,2
37.96166,41.70516,299.7,0.54,0.42,2023-09-25,2328,N,VIIRS,n,2,289.41,0.63,N,0
38.22524,40.50522,319.39,0.47,0.4,2023-09-25,2328,N,VIIRS,n,2,290.74,2.24,N,0
38.30516,32.25588,301.55,0.46,0.39,2023-09-25,2328,N,VIIRS,n,2,281.9,0.89,N,0
38.30524,32.25704,304.54,0.46,0.39,2023-09-25,2328,N,VIIRS,n,2,281.87,1.27,N,0
38.30876,32.25658,299.09,0.46,0.39,2023-09-25,2328,N,VIIRS,n,2,283.4,0.89,N,0
38.30885,32.25775,296.66,0.46,0.39,2023-09-25,2328,N,VIIRS,n,2,282.73,0.89,N,0
38.41832,43.23954,298.25,0.41,0.45,2023-09-25,2328,N,VIIRS,n,2,284.21,0.74,N,0
38.42921,27.21566,304.81,0.53,0.5,2023-09-25,2328,N,VIIRS,n,2,293.09,1.07,N,2
38.43346,29.58127,301.26,0.4,0.44,2023-09-25,2328,N,VIIRS,n,2,284.11,0.61,N,0
38.456,38.72758,313.6,0.41,0.37,2023-09-25,2328,N,VIIRS,n,2,293.13,1.46,N,2
38.5173,29.55914,299.5,0.41,0.45,2023-09-25,2328,N,VIIRS,n,2,282.97,0.75,N,0
38.65271,39.76875,310.68,0.44,0.38,2023-09-25,2328,N,VIIRS,n,2,288.73,1.17,N,2
38.65977,30.61664,303.2,0.54,0.42,2023-09-25,2328,N,VIIRS,n,2,287.7,1.84,N,2
38.66419,39.23426,302.41,0.42,0.38,2023-09-25,2328,N,VIIRS,n,2,289.7,0.81,N,0
38.74192,26.96117,306.53,0.56,0.51,2023-09-25,2328,N,VIIRS,n,2,292.4,1.49,N,2
38.7971,32.44289,297.74,0.46,0.39,2023-09-25,2328,N,VIIRS,n,2,286.09,0.92,N,0
38.88799,32.12086,309.24,0.47,0.4,2023-09-25,2328,N,VIIRS,n,2,282.24,1.57,N,0
38.97241,34.64321,309.03,0.4,0.37,2023-09-25,2328,N,VIIRS,n,2,281.13,1.26,N,0
39.00845,34.60867,298.51,0.4,0.37,2023-09-25,2328,N,VIIRS,n,2,279.86,0.41,N,0
39.0087,33.51231,300.67,0.42,0.38,2023-09-25,2328,N,VIIRS,n,2,284.55,0.55,N,0
39.06133,33.60591,310.63,0.42,0.38,2023-09-25,2328,N,VIIRS,n,2,287.65,1.48,N,0
39.33641,42.32841,299.95,0.54,0.42,2023-09-25,2328,N,VIIRS,n,2,282.62,0.95,N,0
39.51431,33.71203,306.16,0.42,0.38,2023-09-25,2328,N,VIIRS,n,2,282.95,0.98,N,0
39.55889,37.14363,296.84,0.39,0.36,2023-09-25,2328,N,VIIRS,n,2,277.22,0.91,N,0
39.57826,29.86474,304.58,0.4,0.44,2023-09-25,2328,N,VIIRS,n,2,286.29,1.39,N,0
39.72401,36.9379,299.6,0.38,0.36,2023-09-25,2328,N,VIIRS,n,2,284.49,0.85,N,2
39.74634,30.19865,298.71,0.39,0.44,2023-09-25,2328,N,VIIRS,n,2,287.85,0.8,N,2
39.83875,30.29869,300.51,0.39,0.44,2023-09-25,2328,N,VIIRS,n,2,287.83,1.02,N,2
39.86538,26.24362,301.7,0.62,0.54,2023-09-25,2328,N,VIIRS,n,2,291.46,0.98,N,2
39.925,40.66908,295.32,0.46,0.39,2023-09-25,2328,N,VIIRS,n,2,281.18,0.7,N,0
39.92649,40.67104,295.22,0.45,0.39,2023-09-25,2328,N,VIIRS,n,2,282.1,0.33,N,0
39.9441,33.19217,305.29,0.44,0.39,2023-09-25,2328,N,VIIRS,n,2,287.66,1.21,N,2
39.98227,35.89896,299.36,0.39,0.36,2023-09-25,2328,N,VIIRS,n,2,280.4,0.54,N,0
40.10372,36.29158,297.13,0.39,0.36,2023-09-25,2328,N,VIIRS,n,2,283.63,0.5,N,0
40.75658,31.78518,300.72,0.51,0.41,2023-09-25,2328,N,VIIRS,n,2,280.24,0.89,N,2
40.76567,32.21428,299.44,0.49,0.4,2023-09-25,2328,N,VIIRS,n,2,274.41,1.18,N,2
40.78281,29.60085,297.35,0.43,0.46,2023-09-25,2328,N,VIIRS,n,2,277.72,1.02,N,2
40.93468,35.88373,300.12,0.39,0.36,2023-09-25,2328,N,VIIRS,n,2,284.29,0.62,N,0
41.01674,27.96156,305.06,0.52,0.5,2023-09-25,2328,N,VIIRS,n,2,289.17,1.52,N,2
41.02008,28.55627,307.9,0.48,0.48,2023-09-25,2328,N,VIIRS,n,2,279.82,0.73,N,2
41.02126,28.55633,306.46,0.48,0.48,2023-09-25,2328,N,VIIRS,n,2,279.28,1.35,N,2
41.17489,32.63139,311.2,0.48,0.4,2023-09-25,2328,N,VIIRS,n,2,289.1,2.26,N,2
41.17791,32.63782,302.92,0.48,0.4,2023-09-25,2328,N,VIIRS,n,2,289.03,1.09,N,2
41.17856,32.63212,300.1,0.48,0.4,2023-09-25,2328,N,VIIRS,n,2,289.95,1.09,N,2
41.26627,31.42682,303.72,0.53,0.42,2023-09-25,2328,N,VIIRS,n,2,287.76,1.1,N,2
41.26696,31.42039,303.87,0.53,0.42,2023-09-25,2328,N,VIIRS,n,2,287.61,1.1,N,3
35.52597,44.34059,313.49,0.54,0.51,2023-09-25,2329,N,VIIRS,n,2,295.75,2.35,N,2
35.53054,44.34214,336.44,0.54,0.51,2023-09-25,2329,N,VIIRS,n,2,296.76,3.02,N,2
35.53193,44.3363,312.94,0.54,0.51,2023-09-25,2329,N,VIIRS,n,2,295.74,3.02,N,2
35.53651,44.33781,319.49,0.54,0.51,2023-09-25,2329,N,VIIRS,n,2,295.87,3.02,N,2
35.62788,44.0101,339.59,0.52,0.5,2023-09-25,2329,N,VIIRS,n,2,299.15,7.47,N,2
35.68239,43.87812,314.92,0.51,0.49,2023-09-25,2329,N,VIIRS,n,2,295.6,2.41,N,2
35.68683,43.87963,332.83,0.51,0.49,2023-09-25,2329,N,VIIRS,n,2,297.17,5.04,N,2
35.72104,43.77156,307.79,0.5,0.49,2023-09-25,2329,N,VIIRS,n,2,297.32,1.26,N,2
35.81341,43.25856,305.17,0.47,0.48,2023-09-25,2329,N,VIIRS,n,2,294.24,1.41,N,2
36.12955,40.81198,320.02,0.53,0.42,2023-09-25,2329,N,VIIRS,n,2,293.08,2.18,N,2
36.14461,40.81678,314.24,0.53,0.42,2023-09-25,2329,N,VIIRS,n,2,292.78,2.31,N,0
36.26446,33.72989,313.53,0.4,0.37,2023-09-25,2329,N,VIIRS,n,2,295.63,1.26,N,2
36.74441,36.20187,317.44,0.39,0.36,2023-09-25,2329,N,VIIRS,n,2,294.14,3.59,N,2
36.80019,37.0202,314.23,0.39,0.36,2023-09-25,2329,N,VIIRS,n,2,294.37,1.44,N,2
36.86867,34.76513,313.07,0.39,0.36,2023-09-25,2329,N,VIIRS,n,2,295.65,1.02,N,2
36.86931,34.7608,306.5,0.39,0.36,2023-09-25,2329,N,VIIRS,n,2,296.0,1.02,N,2
36.93637,30.64753,311.25,0.52,0.41,2023-09-25,2329,N,VIIRS,n,2,293.66,1.38,N,2
36.96434,35.45333,306.46,0.38,0.36,2023-09-25,2329,N,VIIRS,n,2,295.11,0.67,N,0
37.05096,30.98583,311.13,0.5,0.41,2023-09-25,2329,N,VIIRS,n,2,294.17,2.04,N,0
37.05819,31.02298,306.2,0.5,0.41,2023-09-25,2329,N,VIIRS,n,2,293.0,0.79,N,0
37.05825,31.02186,305.72,0.5,0.41,2023-09-25,2329,N,VIIRS,n,2,292.39,0.91,N,0
37.86079,29.37381,304.73,0.41,0.45,2023-09-25,2329,N,VIIRS,n,2,290.12,0.87,N,2
37.86125,29.36926,302.12,0.41,0.45,2023-09-25,2329,N,VIIRS,n,2,289.68,1.31,N,2
