latitude,longitude,bright_ti4,scan,track,acq_date,acq_time,satellite,instrument,confidence,version,bright_ti5,frp,daynight,type
41.17263,32.62934,296.55,0.45,0.63,2024-10-10,41,N,VIIRS,n,2,283.27,1.37,N,0
41.24353,36.463,300.65,0.68,0.74,2024-10-10,41,N,VIIRS,n,2,287.27,1.56,N,2
41.2441,36.46502,301.74,0.68,0.74,2024-10-10,41,N,VIIRS,n,2,287.15,2.19,N,2
41.25741,31.41378,307.32,0.39,0.6,2024-10-10,41,N,VIIRS,n,2,283.74,2.43,N,2
41.2666,31.42348,310.15,0.39,0.6,2024-10-10,41,N,VIIRS,n,2,286.51,2.98,N,2
41.79721,26.70388,300.56,0.45,0.47,2024-10-10,41,N,VIIRS,n,2,285.51,0.69,N,2
37.89377,34.87661,315.3,0.73,0.76,2024-10-10,42,N,VIIRS,n,2,278.06,6.02,N,0
37.89901,34.88413,316.28,0.73,0.76,2024-10-10,42,N,VIIRS,n,2,278.73,5.07,N,0
38.42765,27.21892,299.01,0.58,0.52,2024-10-10,42,N,VIIRS,n,2,288.47,0.75,N,2
38.65659,30.61712,302.83,0.42,0.61,2024-10-10,42,N,VIIRS,n,2,281.6,1.67,N,2
38.73727,26.94451,309.18,0.55,0.51,2024-10-10,42,N,VIIRS,n,2,291.16,2.34,N,2
38.74024,26.93221,310.59,0.55,0.51,2024-10-10,42,N,VIIRS,n,2,289.31,2.48,N,2
38.74636,26.94818,312.86,0.55,0.51,2024-10-10,42,N,VIIRS,n,2,289.08,2.78,N,2
38.74815,26.94911,309.05,0.55,0.51,2024-10-10,42,N,VIIRS,n,2,289.25,2.55,N,2
39.48309,30.04038,308.8,0.38,0.58,2024-10-10,42,N,VIIRS,n,2,281.34,1.71,N,2
35.51519,36.22211,331.36,0.43,0.38,2024-10-10,1022,N,VIIRS,n,2,303.66,3.92,D,0
35.53214,44.33919,351.9,0.52,0.41,2024-10-10,1022,N,VIIRS,n,2,317.19,6.71,D,2
35.53596,44.33852,341.06,0.52,0.41,2024-10-10,1022,N,VIIRS,n,2,315.24,4.44,D,2
35.69641,38.75845,350.88,0.39,0.36,2024-10-10,1022,N,VIIRS,n,2,318.59,12.3,D,0
35.69971,38.75767,353.5,0.39,0.36,2024-10-10,1022,N,VIIRS,n,2,313.1,12.3,D,0
35.92479,43.78896,341.96,0.5,0.41,2024-10-10,1022,N,VIIRS,n,2,314.61,3.24,D,2
35.93952,44.18745,345.7,0.52,0.41,2024-10-10,1022,N,VIIRS,n,2,313.7,6.36,D,0
36.01923,43.68109,346.36,0.49,0.4,2024-10-10,1022,N,VIIRS,n,2,317.29,5.73,D,2
36.17271,37.37403,334.29,0.4,0.37,2024-10-10,1022,N,VIIRS,n,2,306.54,1.56,D,0
36.17851,38.60424,352.86,0.39,0.36,2024-10-10,1022,N,VIIRS,n,2,318.7,11.9,D,0
36.26291,33.72833,330.7,0.53,0.42,2024-10-10,1022,N,VIIRS,n,2,301.08,3.33,D,2
36.26731,44.14346,351.2,0.52,0.41,2024-10-10,1022,N,VIIRS,n,2,315.31,10.78,D,0
36.60977,38.49636,339.47,0.39,0.36,2024-10-10,1022,N,VIIRS,n,2,313.42,2.58,D,0
36.66702,43.65205,344.99,0.5,0.41,2024-10-10,1022,N,VIIRS,n,2,316.23,4.87,D,0
36.68827,40.91226,343.37,0.4,0.37,2024-10-10,1022,N,VIIRS,n,2,313.67,5.81,D,0
36.70271,43.0209,341.01,0.47,0.4,2024-10-10,1022,N,VIIRS,n,2,315.2,3.11,D,0
36.70324,43.0182,341.66,0.47,0.4,2024-10-10,1022,N,VIIRS,n,2,315.35,3.24,D,0
36.70722,41.05263,346.58,0.41,0.37,2024-10-10,1022,N,VIIRS,n,2,316.21,4.66,D,0
36.71401,43.23317,344.7,0.48,0.4,2024-10-10,1022,N,VIIRS,n,2,313.17,6.28,D,0
36.72807,43.22504,348.4,0.48,0.4,2024-10-10,1022,N,VIIRS,n,2,313.87,7.17,D,0
36.72963,43.22206,342.27,0.48,0.4,2024-10-10,1022,N,VIIRS,n,2,317.06,9.15,D,0
36.74066,43.25282,348.97,0.48,0.4,2024-10-10,1022,N,VIIRS,n,2,314.5,10.6,D,0
36.76216,40.68639,344.06,0.4,0.37,2024-10-10,1022,N,VIIRS,n,2,312.31,3.68,D,0
36.78995,39.38979,336.89,0.39,0.36,2024-10-10,1022,N,VIIRS,n,2,308.9,3.04,D,0
36.83442,42.20448,347.17,0.44,0.38,2024-10-10,1022,N,VIIRS,n,2,316.16,4.97,D,0
36.88577,41.83842,343.08,0.43,0.38,2024-10-10,1022,N,VIIRS,n,2,314.54,3.93,D,0
36.88926,41.83774,345.73,0.43,0.38,2024-10-10,1022,N,VIIRS,n,2,313.39,7.07,D,0
36.89095,43.43,336.96,0.49,0.4,2024-10-10,1022,N,VIIRS,n,2,304.18,3.82,D,2
36.89836,40.79261,353.09,0.4,0.37,2024-10-10,1022,N,VIIRS,n,2,317.6,5.48,D,0
36.90911,40.79499,347.38,0.4,0.37,2024-10-10,1022,N,VIIRS,n,2,316.9,5.7,D,0
36.90973,40.79951,367.0,0.4,0.37,2024-10-10,1022,N,VIIRS,h,2,321.14,12.2,D,0
36.91311,40.79879,348.3,0.4,0.37,2024-10-10,1022,N,VIIRS,n,2,313.27,12.2,D,0
36.91663,40.44022,342.09,0.4,0.37,2024-10-10,1022,N,VIIRS,n,2,313.58,2.31,D,0
36.91773,40.80711,351.06,0.4,0.37,2024-10-10,1022,N,VIIRS,n,2,315.45,9.1,D,0
36.92681,38.54785,340.35,0.38,0.36,2024-10-10,1022,N,VIIRS,n,2,307.95,2.67,D,0
36.93682,42.13206,338.29,0.44,0.38,2024-10-10,1022,N,VIIRS,n,2,311.59,2.25,D,2
36.94172,42.17164,339.17,0.44,0.38,2024-10-10,1022,N,VIIRS,n,2,313.4,1.79,D,2
36.95782,42.0979,338.17,0.44,0.38,2024-10-10,1022,N,VIIRS,n,2,313.06,1.9,D,0
37.08016,43.51657,338.04,0.5,0.41,2024-10-10,1022,N,VIIRS,n,2,308.57,1.82,D,0
37.08052,43.51534,337.19,0.5,0.41,2024-10-10,1022,N,VIIRS,n,2,308.62,1.95,D,0
37.14653,42.85954,342.64,0.47,0.4,2024-10-10,1022,N,VIIRS,n,2,316.15,6.31,D,0
37.22903,40.13427,338.05,0.39,0.36,2024-10-10,1022,N,VIIRS,n,2,310.28,2.01,D,0
37.51389,41.28203,354.6,0.42,0.37,2024-10-10,1022,N,VIIRS,n,2,316.57,13.28,D,0
37.13371,36.0851,340.89,0.42,0.38,2024-10-10,1023,N,VIIRS,n,2,306.89,3.52,D,0
37.18687,37.38863,336.81,0.39,0.36,2024-10-10,1023,N,VIIRS,n,2,308.19,3.54,D,0
37.31075,36.84414,337.0,0.4,0.37,2024-10-10,1023,N,VIIRS,n,2,309.36,2.1,D,0
37.37214,37.03952,341.73,0.4,0.37,2024-10-10,1023,N,VIIRS,n,2,310.63,4.17,D,0
37.38646,38.82461,343.83,0.38,0.36,2024-10-10,1023,N,VIIRS,n,2,313.5,3.54,D,0
37.39579,32.01897,343.27,0.4,0.45,2024-10-10,1023,N,VIIRS,n,2,305.83,1.78,D,0
37.47676,38.72867,344.66,0.38,0.36,2024-10-10,1023,N,VIIRS,n,2,311.98,6.04,D,0
37.48805,34.15919,347.34,0.49,0.4,2024-10-10,1023,N,VIIRS,n,2,311.33,9.58,D,0
37.49355,35.73114,335.67,0.43,0.38,2024-10-10,1023,N,VIIRS,n,2,304.52,1.74,D,0
37.51513,39.05067,350.43,0.38,0.36,2024-10-10,1023,N,VIIRS,n,2,312.64,4.15,D,0
37.54819,37.02256,340.84,0.4,0.37,2024-10-10,1023,N,VIIRS,n,2,310.01,1.82,D,0
37.55605,36.81648,335.28,0.4,0.37,2024-10-10,1023,N,VIIRS,n,2,306.32,2.16,D,0
37.60355,37.44228,339.47,0.39,0.36,2024-10-10,1023,N,VIIRS,n,2,308.57,2.88,D,0
37.60426,37.44664,334.52,0.39,0.36,2024-10-10,1023,N,VIIRS,n,2,307.29,1.49,D,0
37.61499,40.27725,338.05,0.4,0.37,2024-10-10,1023,N,VIIRS,n,2,307.67,2.68,D,0
37.65479,38.62951,335.07,0.38,0.36,2024-10-10,1023,N,VIIRS,n,2,309.48,2.21,D,0
37.65746,40.45855,338.27,0.4,0.37,2024-10-10,1023,N,VIIRS,n,2,310.75,3.84,D,0
37.65808,38.62872,339.62,0.38,0.36,2024-10-10,1023,N,VIIRS,n,2,309.15,3.31,D,0
37.67371,31.82344,337.71,0.41,0.45,2024-10-10,1023,N,VIIRS,n,2,307.4,2.94,D,0
37.69439,40.2713,348.8,0.4,0.37,2024-10-10,1023,N,VIIRS,n,2,317.0,16.73,D,0
37.70059,37.45567,330.22,0.39,0.36,2024-10-10,1023,N,VIIRS,n,2,305.03,1.33,D,0
37.71109,40.51909,338.09,0.4,0.37,2024-10-10,1023,N,VIIRS,n,2,309.94,2.06,D,0
37.71447,40.51837,348.85,0.4,0.37,2024-10-10,1023,N,VIIRS,n,2,308.31,5.28,D,0
37.73332,38.45446,345.58,0.38,0.36,2024-10-10,1023,N,VIIRS,n,2,310.6,4.03,D,0
37.74295,31.73314,333.37,0.41,0.45,2024-10-10,1023,N,VIIRS,n,2,304.87,2.39,D,0
37.75,38.74231,336.11,0.38,0.36,2024-10-10,1023,N,VIIRS,n,2,308.16,1.48,D,0
37.76504,39.2277,338.94,0.39,0.36,2024-10-10,1023,N,VIIRS,n,2,313.17,5.15,D,0
37.77425,38.85777,339.43,0.38,0.36,2024-10-10,1023,N,VIIRS,n,2,310.38,3.29,D,0
37.80342,38.14191,340.89,0.39,0.36,2024-10-10,1023,N,VIIRS,n,2,308.84,3.95,D,0
37.82481,40.0591,339.46,0.39,0.37,2024-10-10,1023,N,VIIRS,n,2,306.01,2.39,D,0
37.87309,38.81775,337.09,0.38,0.36,2024-10-10,1023,N,VIIRS,n,2,308.51,2.14,D,0
37.89221,34.879,342.24,0.45,0.39,2024-10-10,1023,N,VIIRS,n,2,307.71,11.32,D,0
37.97504,40.66801,347.69,0.41,0.37,2024-10-10,1023,N,VIIRS,n,2,314.82,4.93,D,0
37.98584,40.67039,342.02,0.41,0.37,2024-10-10,1023,N,VIIRS,n,2,311.53,6.92,D,0
37.98659,41.12753,349.62,0.42,0.37,2024-10-10,1023,N,VIIRS,n,2,312.94,11.11,D,0
37.99003,41.1268,339.45,0.42,0.37,2024-10-10,1023,N,VIIRS,n,2,304.38,4.19,D,0
38.01003,41.11766,353.08,0.42,0.37,2024-10-10,1023,N,VIIRS,n,2,310.93,10.63,D,0
38.01263,40.92306,344.84,0.41,0.37,2024-10-10,1023,N,VIIRS,n,2,305.93,6.8,D,0
38.02139,40.11528,341.7,0.4,0.37,2024-10-10,1023,N,VIIRS,n,2,308.76,2.0,D,0
38.04004,40.19953,349.62,0.4,0.37,2024-10-10,1023,N,VIIRS,n,2,317.48,25.34,D,0
38.05204,39.81021,339.17,0.39,0.36,2024-10-10,1023,N,VIIRS,n,2,310.66,2.76,D,0
38.06752,41.00011,350.71,0.41,0.37,2024-10-10,1023,N,VIIRS,n,2,309.3,4.98,D,0
38.06973,40.99004,337.63,0.41,0.37,2024-10-10,1023,N,VIIRS,n,2,299.06,3.76,D,0
38.07156,41.00409,341.13,0.41,0.37,2024-10-10,1023,N,VIIRS,n,2,309.49,4.98,D,0
38.0884,40.47481,340.65,0.4,0.37,2024-10-10,1023,N,VIIRS,n,2,313.61,2.48,D,0
38.10119,37.09446,334.96,0.39,0.36,2024-10-10,1023,N,VIIRS,n,2,309.91,3.31,D,0
38.12547,40.90564,339.28,0.41,0.37,2024-10-10,1023,N,VIIRS,n,2,295.19,2.77,D,0
38.15405,37.02609,333.49,0.39,0.36,2024-10-10,1023,N,VIIRS,n,2,304.99,8.4,D,0
38.15479,37.03054,353.07,0.39,0.36,2024-10-10,1023,N,VIIRS,n,2,312.11,8.4,D,0
38.16327,37.01898,341.5,0.39,0.36,2024-10-10,1023,N,VIIRS,n,2,308.23,9.58,D,0
38.164,37.02344,342.82,0.39,0.36,2024-10-10,1023,N,VIIRS,n,2,312.79,12.27,D,0
38.16732,37.02256,337.24,0.39,0.36,2024-10-10,1023,N,VIIRS,n,2,304.08,12.27,D,0
38.17323,37.01633,334.4,0.39,0.36,2024-10-10,1023,N,VIIRS,n,2,306.65,2.43,D,0
38.17397,37.02079,344.87,0.39,0.36,2024-10-10,1023,N,VIIRS,n,2,307.97,11.47,D,0
38.17986,40.45698,367.0,0.4,0.37,2024-10-10,1023,N,VIIRS,h,2,308.92,7.2,D,0
38.18386,40.46086,342.24,0.4,0.37,2024-10-10,1023,N,VIIRS,n,2,310.9,7.04,D,0
38.20263,40.59903,343.9,0.41,0.37,2024-10-10,1023,N,VIIRS,n,2,307.39,6.25,D,0
38.21849,37.10188,349.44,0.39,0.36,2024-10-10,1023,N,VIIRS,n,2,307.68,4.17,D,0
38.21922,37.10632,335.3,0.39,0.36,2024-10-10,1023,N,VIIRS,n,2,304.09,4.17,D,0
38.22795,36.17601,340.39,0.41,0.37,2024-10-10,1023,N,VIIRS,n,2,308.21,6.82,D,0
38.22875,36.18063,343.44,0.41,0.37,2024-10-10,1023,N,VIIRS,n,2,310.63,6.82,D,0
38.2336,38.93758,331.85,0.39,0.36,2024-10-10,1023,N,VIIRS,n,2,303.13,2.6,D,0
38.23361,37.08861,341.86,0.39,0.36,2024-10-10,1023,N,VIIRS,n,2,310.47,8.59,D,0
38.2362,37.08329,335.37,0.39,0.36,2024-10-10,1023,N,VIIRS,n,2,306.12,2.86,D,0
38.23693,37.08774,348.44,0.39,0.36,2024-10-10,1023,N,VIIRS,n,2,319.99,21.7,D,0
38.23766,37.0922,336.26,0.39,0.36,2024-10-10,1023,N,VIIRS,n,2,304.92,21.7,D,0
38.23956,37.23056,337.45,0.39,0.36,2024-10-10,1023,N,VIIRS,n,2,305.57,4.36,D,0
38.24897,37.14018,339.17,0.39,0.36,2024-10-10,1023,N,VIIRS,n,2,306.28,2.72,D,0
38.26466,37.10017,344.26,0.39,0.36,2024-10-10,1023,N,VIIRS,n,2,315.95,11.27,D,0
38.26798,37.09928,339.59,0.39,0.36,2024-10-10,1023,N,VIIRS,n,2,306.73,11.27,D,0
38.28443,35.10291,338.86,0.44,0.38,2024-10-10,1023,N,VIIRS,n,2,306.12,2.15,D,0
38.28825,37.07537,334.71,0.39,0.36,2024-10-10,1023,N,VIIRS,n,2,307.97,3.39,D,0
38.29229,37.07895,335.71,0.39,0.36,2024-10-10,1023,N,VIIRS,n,2,306.99,3.39,D,0
38.30122,38.28527,347.75,0.38,0.36,2024-10-10,1023,N,VIIRS,n,2,310.36,7.92,D,0
38.38311,36.9259,344.91,0.39,0.37,2024-10-10,1023,N,VIIRS,n,2,310.6,6.99,D,0
38.38644,36.92502,344.09,0.39,0.37,2024-10-10,1023,N,VIIRS,n,2,307.72,7.73,D,0
38.38952,32.59864,342.22,0.55,0.42,2024-10-10,1023,N,VIIRS,n,2,310.58,39.46,D,0
38.42004,34.68943,350.52,0.45,0.39,2024-10-10,1023,N,VIIRS,n,2,303.89,8.73,D,0
38.43304,37.84602,338.59,0.39,0.36,2024-10-10,1023,N,VIIRS,n,2,300.6,3.85,D,0
38.43587,36.97265,337.94,0.39,0.36,2024-10-10,1023,N,VIIRS,n,2,312.39,4.27,D,0
38.45996,35.98902,338.68,0.41,0.37,2024-10-10,1023,N,VIIRS,n,2,311.63,3.85,D,0
38.53678,38.22997,330.73,0.38,0.36,2024-10-10,1023,N,VIIRS,n,2,302.88,1.68,D,0
38.5453,38.21876,333.07,0.38,0.36,2024-10-10,1023,N,VIIRS,n,2,303.06,2.13,D,0
38.56008,39.19556,367.0,0.39,0.36,2024-10-10,1023,N,VIIRS,h,2,312.72,14.61,D,0
38.56065,39.2229,342.88,0.39,0.36,2024-10-10,1023,N,VIIRS,n,2,310.68,6.83,D,0
38.56209,35.16588,347.57,0.43,0.38,2024-10-10,1023,N,VIIRS,n,2,303.22,3.54,D,0
38.56264,35.16778,347.11,0.43,0.38,2024-10-10,1023,N,VIIRS,n,2,302.65,6.96,D,0
38.84312,39.0265,338.49,0.39,0.36,2024-10-10,1023,N,VIIRS,n,2,310.89,4.27,D,0
38.84647,36.04434,334.23,0.41,0.37,2024-10-10,1023,N,VIIRS,n,2,304.21,3.85,D,0
38.85065,36.04811,345.17,0.41,0.37,2024-10-10,1023,N,VIIRS,n,2,305.2,6.4,D,0
38.87343,36.30254,332.12,0.4,0.37,2024-10-10,1023,N,VIIRS,n,2,299.89,2.56,D,0
38.8945,36.64122,338.21,0.4,0.37,2024-10-10,1023,N,VIIRS,n,2,298.23,4.62,D,0
38.93795,37.66379,339.84,0.39,0.36,2024-10-10,1023,N,VIIRS,n,2,306.32,2.98,D,0
38.94124,37.66294,334.08,0.39,0.36,2024-10-10,1023,N,VIIRS,n,2,303.83,3.56,D,0
39.00618,37.01175,335.38,0.39,0.36,2024-10-10,1023,N,VIIRS,n,2,304.37,4.63,D,0
39.07337,34.90428,339.36,0.43,0.38,2024-10-10,1023,N,VIIRS,n,2,301.91,2.1,D,0
39.13315,38.20099,333.65,0.38,0.36,2024-10-10,1023,N,VIIRS,n,2,298.41,2.87,D,0
39.22121,36.67928,334.13,0.39,0.36,2024-10-10,1023,N,VIIRS,n,2,300.5,3.72,D,0
40.03579,44.24704,329.89,0.38,0.44,2024-10-10,1023,N,VIIRS,n,2,291.8,2.32,D,0
39.86549,26.24407,327.61,0.35,0.56,2024-10-10,1024,N,VIIRS,n,2,295.79,2.03,D,2
40.72313,30.49019,327.1,0.41,0.45,2024-10-10,1024,N,VIIRS,n,2,297.69,5.17,D,0
40.72418,30.49491,340.59,0.41,0.45,2024-10-10,1024,N,VIIRS,n,2,298.36,5.17,D,0
40.77295,35.54305,345.6,0.4,0.37,2024-10-10,1024,N,VIIRS,n,2,281.71,6.94,D,0
41.00025,27.89783,333.41,0.54,0.5,2024-10-10,1024,N,VIIRS,n,2,293.1,5.69,D,0
41.00353,27.90133,339.2,0.53,0.5,2024-10-10,1024,N,VIIRS,n,2,293.02,3.52,D,0
41.13941,27.12171,336.96,0.58,0.52,2024-10-10,1024,N,VIIRS,n,2,295.66,6.68,D,0
41.14044,27.12247,339.84,0.58,0.52,2024-10-10,1024,N,VIIRS,n,2,295.42,6.35,D,0
41.14114,27.12851,338.44,0.58,0.52,2024-10-10,1024,N,VIIRS,n,2,294.67,6.68,D,0
41.17497,27.26166,329.79,0.57,0.52,2024-10-10,1024,N,VIIRS,n,2,295.85,4.34,D,0
41.1752,27.26286,331.78,0.57,0.52,2024-10-10,1024,N,VIIRS,n,2,294.97,2.72,D,0
41.35157,27.01281,328.17,0.58,0.52,2024-10-10,1024,N,VIIRS,n,2,293.63,2.04,D,0
38.43153,29.56821,340.91,0.68,0.74,2024-10-10,1204,N,VIIRS,n,2,296.33,9.04,D,0
38.06782,40.99604,297.91,0.39,0.44,2024-10-10,2242,N,VIIRS,n,2,284.8,0.43,N,0
38.12611,40.65478,305.6,0.41,0.45,2024-10-10,2242,N,VIIRS,n,2,281.48,0.63,N,0
38.13476,40.8637,317.65,0.4,0.44,2024-10-10,2242,N,VIIRS,n,2,286.89,4.59,N,0
38.13523,40.85903,348.41,0.4,0.44,2024-10-10,2242,N,VIIRS,n,2,289.13,4.59,N,0
38.13818,40.95303,296.96,0.39,0.44,2024-10-10,2242,N,VIIRS,n,2,285.11,0.28,N,0
38.13838,40.86901,301.39,0.4,0.44,2024-10-10,2242,N,VIIRS,n,2,286.42,1.1,N,0
38.13885,40.86438,317.19,0.4,0.44,2024-10-10,2242,N,VIIRS,n,2,286.52,1.21,N,0
38.13931,40.85975,310.64,0.4,0.44,2024-10-10,2242,N,VIIRS,n,2,286.42,1.21,N,0
38.13978,40.85513,298.86,0.4,0.44,2024-10-10,2242,N,VIIRS,n,2,285.0,1.16,N,0
38.14247,40.86969,315.82,0.4,0.44,2024-10-10,2242,N,VIIRS,n,2,285.67,1.1,N,0
38.14294,40.86506,302.99,0.4,0.44,2024-10-10,2242,N,VIIRS,n,2,285.23,1.21,N,0
38.1434,40.86045,310.95,0.4,0.44,2024-10-10,2242,N,VIIRS,n,2,285.11,1.21,N,0
38.15771,40.04164,299.1,0.44,0.46,2024-10-10,2242,N,VIIRS,n,2,285.92,0.41,N,0
38.15816,40.03657,303.39,0.44,0.46,2024-10-10,2242,N,VIIRS,n,2,285.43,0.85,N,0
38.15862,40.03158,308.85,0.44,0.46,2024-10-10,2242,N,VIIRS,n,2,285.47,0.85,N,0
38.16989,40.92634,310.25,0.4,0.44,2024-10-10,2242,N,VIIRS,n,2,287.54,0.86,N,0
38.17036,40.92176,300.39,0.4,0.44,2024-10-10,2242,N,VIIRS,n,2,288.05,0.86,N,0
41.1759,32.63379,305.16,0.57,0.69,2024-10-10,2242,N,VIIRS,n,2,284.43,1.86,N,2
41.17646,32.63509,305.41,0.57,0.69,2024-10-10,2242,N,VIIRS,n,2,284.7,1.38,N,2
41.24414,36.46597,302.46,0.36,0.58,2024-10-10,2242,N,VIIRS,n,2,286.38,1.62,N,2
41.26335,31.42743,304.89,0.66,0.73,2024-10-10,2242,N,VIIRS,n,2,285.25,1.72,N,2
35.52446,44.34522,309.75,0.41,0.37,2024-10-10,2243,N,VIIRS,n,2,290.18,1.24,N,2
35.52508,44.34069,307.95,0.41,0.37,2024-10-10,2243,N,VIIRS,n,2,290.4,1.38,N,2
35.52787,44.34594,323.58,0.41,0.37,2024-10-10,2243,N,VIIRS,n,2,291.56,1.89,N,2
35.52848,44.34141,349.07,0.41,0.37,2024-10-10,2243,N,VIIRS,n,2,294.0,4.4,N,2
35.5291,44.33688,320.15,0.41,0.37,2024-10-10,2243,N,VIIRS,n,2,291.42,4.4,N,2
35.53189,44.34213,326.79,0.41,0.37,2024-10-10,2243,N,VIIRS,n,2,291.63,4.4,N,2
35.53251,44.3376,343.32,0.41,0.37,2024-10-10,2243,N,VIIRS,n,2,293.86,4.4,N,2
35.53592,44.33833,331.84,0.41,0.37,2024-10-10,2243,N,VIIRS,n,2,291.29,1.71,N,2
35.56446,44.2837,326.46,0.41,0.37,2024-10-10,2243,N,VIIRS,n,2,293.33,2.47,N,2
35.6265,44.00905,304.68,0.42,0.38,2024-10-10,2243,N,VIIRS,n,2,290.94,1.19,N,2
35.62995,44.00973,338.06,0.42,0.38,2024-10-10,2243,N,VIIRS,n,2,302.11,14.11,N,2
35.66099,43.96378,334.46,0.42,0.38,2024-10-10,2243,N,VIIRS,n,2,289.92,3.52,N,2
35.66444,43.96449,344.2,0.42,0.38,2024-10-10,2243,N,VIIRS,n,2,294.54,5.03,N,2
35.67305,43.63335,297.77,0.43,0.38,2024-10-10,2243,N,VIIRS,n,2,286.59,0.45,N,0
35.67757,44.06428,308.53,0.42,0.38,2024-10-10,2243,N,VIIRS,n,2,291.57,0.92,N,2
35.68092,44.01274,300.51,0.42,0.38,2024-10-10,2243,N,VIIRS,n,2,286.15,0.46,N,0
35.68334,43.8774,338.82,0.42,0.38,2024-10-10,2243,N,VIIRS,n,2,289.23,12.21,N,2
35.68681,43.87811,340.49,0.42,0.38,2024-10-10,2243,N,VIIRS,n,2,302.05,12.21,N,2
35.71991,43.77163,307.62,0.43,0.38,2024-10-10,2243,N,VIIRS,n,2,296.28,1.15,N,2
35.72323,44.04062,332.55,0.42,0.38,2024-10-10,2243,N,VIIRS,n,2,293.24,4.43,N,2
35.72667,44.04135,333.07,0.42,0.38,2024-10-10,2243,N,VIIRS,n,2,295.9,5.94,N,2
35.72792,44.03207,311.33,0.42,0.38,2024-10-10,2243,N,VIIRS,n,2,290.9,1.4,N,2
35.73137,44.03281,320.81,0.42,0.38,2024-10-10,2243,N,VIIRS,n,2,293.82,1.4,N,2
35.73159,43.7642,301.93,0.43,0.38,2024-10-10,2243,N,VIIRS,n,2,291.47,0.57,N,0
35.73508,43.76485,306.87,0.43,0.38,2024-10-10,2243,N,VIIRS,n,2,291.79,0.85,N,0
35.77213,43.99358,328.65,0.42,0.38,2024-10-10,2243,N,VIIRS,n,2,292.86,2.13,N,2
35.81533,43.25651,300.93,0.44,0.39,2024-10-10,2243,N,VIIRS,n,2,290.72,0.45,N,2
35.90194,43.72214,297.05,0.43,0.38,2024-10-10,2243,N,VIIRS,n,2,285.95,0.29,N,0
35.90258,43.71737,296.87,0.43,0.38,2024-10-10,2243,N,VIIRS,n,2,285.52,0.45,N,0
35.92265,43.78715,304.61,0.43,0.38,2024-10-10,2243,N,VIIRS,n,2,291.48,0.56,N,2
35.92613,43.78788,322.1,0.43,0.38,2024-10-10,2243,N,VIIRS,n,2,292.61,0.96,N,2
35.95164,43.72945,320.74,0.43,0.38,2024-10-10,2243,N,VIIRS,n,2,293.72,1.37,N,2
35.96819,43.76705,310.18,0.43,0.38,2024-10-10,2243,N,VIIRS,n,2,294.62,3.28,N,2
35.97106,43.77242,303.18,0.43,0.38,2024-10-10,2243,N,VIIRS,n,2,291.61,1.45,N,2
35.97395,44.09647,309.01,0.42,0.38,2024-10-10,2243,N,VIIRS,n,2,288.32,1.12,N,0
35.97455,43.77309,323.31,0.43,0.38,2024-10-10,2243,N,VIIRS,n,2,294.14,1.45,N,2
35.98216,43.76969,315.5,0.43,0.38,2024-10-10,2243,N,VIIRS,n,2,293.67,2.46,N,2
35.99737,43.76291,302.61,0.43,0.38,2024-10-10,2243,N,VIIRS,n,2,288.84,0.73,N,2
35.998,43.75817,303.13,0.43,0.38,2024-10-10,2243,N,VIIRS,n,2,291.24,0.73,N,2
36.01859,43.68381,337.22,0.43,0.38,2024-10-10,2243,N,VIIRS,n,2,295.89,3.46,N,2
36.02633,44.13874,307.85,0.42,0.38,2024-10-10,2243,N,VIIRS,n,2,290.03,0.69,N,0
36.08511,43.64022,310.0,0.43,0.38,2024-10-10,2243,N,VIIRS,n,2,289.49,1.24,N,0
36.1004,43.63338,299.75,0.43,0.38,2024-10-10,2243,N,VIIRS,n,2,288.55,0.93,N,0
36.12752,43.78178,305.92,0.43,0.38,2024-10-10,2243,N,VIIRS,n,2,292.41,2.14,N,2
36.14451,40.81547,327.24,0.57,0.43,2024-10-10,2243,N,VIIRS,n,2,289.1,3.89,N,2
36.17789,43.64582,316.93,0.43,0.38,2024-10-10,2243,N,VIIRS,n,2,290.98,2.5,N,0
36.18203,43.64167,298.48,0.43,0.38,2024-10-10,2243,N,VIIRS,n,2,287.1,0.52,N,0
36.22495,43.41999,297.96,0.44,0.39,2024-10-10,2243,N,VIIRS,n,2,287.66,0.59,N,0
36.26536,33.72862,296.98,0.46,0.64,2024-10-10,2243,N,VIIRS,n,2,277.0,0.68,N,2
36.31913,43.11057,303.78,0.45,0.39,2024-10-10,2243,N,VIIRS,n,2,292.98,0.52,N,0
36.34976,42.07817,303.73,0.5,0.41,2024-10-10,2243,N,VIIRS,n,2,289.96,1.3,N,2
36.34991,42.07718,303.35,0.5,0.41,2024-10-10,2243,N,VIIRS,n,2,290.4,1.01,N,2
36.35974,44.09331,308.49,0.42,0.38,2024-10-10,2243,N,VIIRS,n,2,289.71,0.83,N,0
36.36037,44.08859,327.09,0.42,0.38,2024-10-10,2243,N,VIIRS,n,2,290.37,1.57,N,0
36.36099,44.08387,309.83,0.42,0.38,2024-10-10,2243,N,VIIRS,n,2,289.81,1.57,N,0
36.36382,44.08932,309.64,0.42,0.38,2024-10-10,2243,N,VIIRS,n,2,289.42,1.57,N,0
36.37106,44.06168,308.87,0.42,0.38,2024-10-10,2243,N,VIIRS,n,2,290.23,0.92,N,0
36.44173,42.93089,311.52,0.46,0.39,2024-10-10,2243,N,VIIRS,n,2,293.82,1.42,N,2
36.4577,41.27876,297.92,0.55,0.42,2024-10-10,2243,N,VIIRS,n,2,286.09,0.64,N,2
36.53269,42.57789,299.33,0.48,0.4,2024-10-10,2243,N,VIIRS,n,2,285.84,0.45,N,0
36.57513,42.66224,310.99,0.48,0.4,2024-10-10,2243,N,VIIRS,n,2,284.87,0.97,N,0
36.60212,43.39259,296.91,0.45,0.39,2024-10-10,2243,N,VIIRS,n,2,285.85,0.56,N,0
36.6063,44.02134,302.18,0.43,0.38,2024-10-10,2243,N,VIIRS,n,2,288.04,0.47,N,0
36.63723,43.78656,299.0,0.43,0.38,2024-10-10,2243,N,VIIRS,n,2,287.96,0.42,N,0
36.64074,43.7873,302.3,0.43,0.38,2024-10-10,2243,N,VIIRS,n,2,287.79,0.42,N,0
36.67086,42.72554,314.61,0.47,0.4,2024-10-10,2243,N,VIIRS,n,2,288.14,1.51,N,0
36.67267,43.65313,301.67,0.44,0.38,2024-10-10,2243,N,VIIRS,n,2,289.12,0.58,N,0
36.67309,43.0711,302.0,0.46,0.39,2024-10-10,2243,N,VIIRS,n,2,283.74,0.37,N,0
36.67453,42.72619,310.93,0.47,0.4,2024-10-10,2243,N,VIIRS,n,2,288.62,1.51,N,0
36.68067,37.31966,298.66,0.59,0.53,2024-10-10,2243,N,VIIRS,n,2,287.03,1.0,N,0
36.68159,43.52827,316.53,0.44,0.39,2024-10-10,2243,N,VIIRS,n,2,287.85,1.93,N,0
36.68513,43.529,308.97,0.44,0.39,2024-10-10,2243,N,VIIRS,n,2,287.25,0.99,N,0
36.705,43.22958,310.36,0.45,0.39,2024-10-10,2243,N,VIIRS,n,2,285.14,0.85,N,0
36.71601,43.20044,296.5,0.45,0.39,2024-10-10,2243,N,VIIRS,n,2,283.21,0.27,N,0
36.72189,43.21211,295.97,0.45,0.39,2024-10-10,2243,N,VIIRS,n,2,283.96,0.37,N,0
36.73131,43.28255,304.95,0.45,0.39,2024-10-10,2243,N,VIIRS,n,2,287.31,0.53,N,2
36.77485,43.32409,317.42,0.45,0.39,2024-10-10,2243,N,VIIRS,n,2,284.28,1.11,N,2
36.7784,43.32504,304.25,0.45,0.39,2024-10-10,2243,N,VIIRS,n,2,287.02,1.11,N,2
36.84303,42.79931,299.76,0.47,0.4,2024-10-10,2243,N,VIIRS,n,2,285.3,0.35,N,0
36.85601,40.84689,296.19,0.39,0.44,2024-10-10,2243,N,VIIRS,n,2,285.11,0.5,N,0
36.8564,37.32952,295.98,0.59,0.53,2024-10-10,2243,N,VIIRS,n,2,285.76,0.36,N,0
36.86901,43.49043,308.06,0.45,0.39,2024-10-10,2243,N,VIIRS,n,2,281.62,1.16,N,2
36.86964,43.48544,303.03,0.45,0.39,2024-10-10,2243,N,VIIRS,n,2,280.94,1.2,N,2
36.87275,42.38861,306.81,0.49,0.4,2024-10-10,2243,N,VIIRS,n,2,284.21,0.93,N,0
36.87648,42.38932,299.78,0.49,0.4,2024-10-10,2243,N,VIIRS,n,2,286.53,0.93,N,0
36.89131,43.42947,323.81,0.45,0.39,2024-10-10,2243,N,VIIRS,n,2,282.17,3.46,N,2
36.90707,43.3915,316.07,0.45,0.39,2024-10-10,2243,N,VIIRS,n,2,284.51,2.65,N,2
36.90771,43.38646,326.25,0.45,0.39,2024-10-10,2243,N,VIIRS,n,2,282.81,2.65,N,2
36.90832,39.73148,298.71,0.44,0.46,2024-10-10,2243,N,VIIRS,n,2,286.09,0.46,N,0
36.91004,39.73283,297.58,0.44,0.46,2024-10-10,2243,N,VIIRS,n,2,285.64,0.52,N,0
36.93216,40.38913,298.35,0.41,0.45,2024-10-10,2243,N,VIIRS,n,2,285.71,0.36,N,0
36.99679,41.56576,297.84,0.54,0.42,2024-10-10,2243,N,VIIRS,n,2,286.35,0.87,N,2
36.99746,41.55968,307.04,0.54,0.42,2024-10-10,2243,N,VIIRS,n,2,287.45,1.34,N,2
37.01438,36.10327,303.43,0.35,0.57,2024-10-10,2243,N,VIIRS,n,2,289.2,1.17,N,2
37.03585,41.74477,297.06,0.53,0.42,2024-10-10,2243,N,VIIRS,n,2,283.89,0.54,N,0
37.03696,41.74576,297.77,0.53,0.42,2024-10-10,2243,N,VIIRS,n,2,283.44,0.61,N,0
37.07864,42.56033,305.04,0.49,0.4,2024-10-10,2243,N,VIIRS,n,2,289.14,0.86,N,2
37.07928,42.55485,299.98,0.49,0.4,2024-10-10,2243,N,VIIRS,n,2,287.02,0.58,N,2
37.09856,41.75702,296.82,0.53,0.42,2024-10-10,2243,N,VIIRS,n,2,281.26,0.54,N,0
37.25965,42.12298,295.99,0.51,0.41,2024-10-10,2243,N,VIIRS,n,2,284.45,0.53,N,0
37.29615,37.15597,302.15,0.61,0.54,2024-10-10,2243,N,VIIRS,n,2,288.26,1.43,N,2
37.35073,37.16088,300.59,0.61,0.54,2024-10-10,2243,N,VIIRS,n,2,288.23,1.29,N,2
37.35096,37.16245,300.12,0.61,0.54,2024-10-10,2243,N,VIIRS,n,2,288.36,1.56,N,2
37.65197,38.54273,301.2,0.52,0.5,2024-10-10,2243,N,VIIRS,n,2,281.98,0.76,N,0
37.6538,38.54311,298.8,0.52,0.5,2024-10-10,2243,N,VIIRS,n,2,281.99,0.68,N,0
37.71297,40.29969,296.84,0.42,0.45,2024-10-10,2243,N,VIIRS,n,2,284.4,0.51,N,0
37.71319,40.29621,326.58,0.42,0.45,2024-10-10,2243,N,VIIRS,n,2,286.53,2.8,N,0
37.71345,40.29489,330.5,0.42,0.45,2024-10-10,2243,N,VIIRS,n,2,287.08,1.83,N,0
37.71365,40.2914,310.07,0.42,0.45,2024-10-10,2243,N,VIIRS,n,2,286.16,2.08,N,0
37.71394,40.29009,297.16,0.42,0.45,2024-10-10,2243,N,VIIRS,n,2,285.83,1.83,N,0
37.71951,38.16095,308.28,0.55,0.51,2024-10-10,2243,N,VIIRS,n,2,286.57,2.07,N,0
37.74213,38.17712,305.74,0.54,0.51,2024-10-10,2243,N,VIIRS,n,2,285.24,1.2,N,0
37.78144,38.54263,308.41,0.52,0.5,2024-10-10,2243,N,VIIRS,n,2,285.6,1.46,N,0
37.84519,40.38776,306.58,0.42,0.45,2024-10-10,2243,N,VIIRS,n,2,284.2,1.23,N,0
37.84891,40.39319,303.43,0.42,0.45,2024-10-10,2243,N,VIIRS,n,2,284.89,1.21,N,0
37.84937,40.38845,347.45,0.42,0.45,2024-10-10,2243,N,VIIRS,n,2,290.18,6.66,N,0
37.9052,40.33895,295.63,0.42,0.45,2024-10-10,2243,N,VIIRS,n,2,284.19,0.56,N,0
37.93837,32.53244,296.38,0.56,0.69,2024-10-10,2243,N,VIIRS,n,2,284.19,1.2,N,2
37.99541,40.37323,303.2,0.42,0.45,2024-10-10,2243,N,VIIRS,n,2,283.76,0.6,N,0
38.03428,39.82829,299.33,0.45,0.47,2024-10-10,2243,N,VIIRS,n,2,285.15,0.54,N,0
38.05186,40.62716,339.74,0.41,0.45,2024-10-10,2243,N,VIIRS,n,2,285.92,4.76,N,0
38.05205,40.99609,300.01,0.39,0.44,2024-10-10,2243,N,VIIRS,n,2,279.69,0.33,N,0
38.05251,40.99158,338.94,0.39,0.44,2024-10-10,2243,N,VIIRS,n,2,283.85,3.64,N,0
38.05298,40.98704,308.93,0.39,0.44,2024-10-10,2243,N,VIIRS,n,2,283.35,3.64,N,0
38.05671,40.22164,305.23,0.43,0.46,2024-10-10,2243,N,VIIRS,n,2,284.05,1.41,N,0
38.0619,40.90062,306.13,0.4,0.44,2024-10-10,2243,N,VIIRS,n,2,281.04,1.29,N,0
38.0733,40.87035,302.03,0.4,0.44,2024-10-10,2243,N,VIIRS,n,2,285.05,0.88,N,0
38.09321,40.42087,299.59,0.42,0.45,2024-10-10,2243,N,VIIRS,n,2,286.81,0.51,N,0
38.15578,40.04022,307.54,0.44,0.46,2024-10-10,2243,N,VIIRS,n,2,285.35,0.87,N,0
38.15627,40.03518,304.55,0.44,0.46,2024-10-10,2243,N,VIIRS,n,2,284.98,0.87,N,0
38.16053,40.0359,296.58,0.44,0.46,2024-10-10,2243,N,VIIRS,n,2,285.15,0.87,N,0
38.46796,35.59916,306.67,0.38,0.59,2024-10-10,2243,N,VIIRS,n,2,273.37,1.59,N,0
38.47367,35.59572,299.71,0.38,0.59,2024-10-10,2243,N,VIIRS,n,2,271.22,0.71,N,0
41.173,32.63148,299.49,0.53,0.5,2024-10-11,22,N,VIIRS,n,2,282.62,1.33,N,2
41.24024,36.46494,300.71,0.41,0.6,2024-10-11,22,N,VIIRS,n,2,284.87,0.94,N,2
41.25219,31.41259,312.89,0.46,0.47,2024-10-11,22,N,VIIRS,n,2,286.02,2.69,N,2
41.25636,31.41456,328.47,0.46,0.47,2024-10-11,22,N,VIIRS,n,2,286.23,2.69,N,2
41.26353,31.42343,299.34,0.46,0.47,2024-10-11,22,N,VIIRS,n,2,287.22,1.45,N,2
41.26775,31.42515,308.29,0.46,0.47,2024-10-11,22,N,VIIRS,n,2,287.83,1.23,N,2
37.01196,36.1066,302.43,0.51,0.66,2024-10-11,23,N,VIIRS,n,2,287.2,1.44,N,2
37.29249,37.15535,296.17,0.57,0.69,2024-10-11,23,N,VIIRS,n,2,285.26,1.06,N,2
37.29406,37.15818,299.88,0.57,0.69,2024-10-11,23,N,VIIRS,n,2,286.25,1.0,N,2
37.68988,37.96085,300.26,0.61,0.71,2024-10-11,23,N,VIIRS,n,2,280.95,1.56,N,0
37.89817,30.49303,295.96,0.5,0.49,2024-10-11,23,N,VIIRS,n,2,284.89,0.89,N,2
38.39025,30.76336,296.91,0.5,0.49,2024-10-11,23,N,VIIRS,n,2,281.29,1.24,N,0
38.42474,27.21534,301.52,0.51,0.41,2024-10-11,23,N,VIIRS,n,2,289.51,0.87,N,2
38.4284,27.21679,301.11,0.51,0.41,2024-10-11,23,N,VIIRS,n,2,290.12,0.87,N,2
38.45433,27.26274,300.34,0.51,0.41,2024-10-11,23,N,VIIRS,n,2,289.91,0.67,N,2
38.6598,30.62197,295.81,0.49,0.48,2024-10-11,23,N,VIIRS,n,2,282.91,0.95,N,2
38.73484,26.94763,314.69,0.49,0.4,2024-10-11,23,N,VIIRS,n,2,291.99,1.76,N,2
38.73594,26.94215,302.98,0.49,0.4,2024-10-11,23,N,VIIRS,n,2,291.74,1.22,N,2
38.73682,26.92953,303.95,0.49,0.4,2024-10-11,23,N,VIIRS,n,2,290.67,1.25,N,0
38.73816,26.93113,318.62,0.49,0.4,2024-10-11,23,N,VIIRS,n,2,292.18,2.22,N,2
38.73845,26.94896,325.38,0.49,0.4,2024-10-11,23,N,VIIRS,n,2,291.75,1.5,N,2
38.74181,26.93232,302.1,0.49,0.4,2024-10-11,23,N,VIIRS,n,2,290.14,0.77,N,2
38.7421,26.95017,306.9,0.49,0.4,2024-10-11,23,N,VIIRS,n,2,291.96,1.5,N,2
39.11403,27.52317,298.62,0.51,0.41,2024-10-11,23,N,VIIRS,n,2,288.12,0.83,N,0
39.16671,27.62867,300.5,0.51,0.41,2024-10-11,23,N,VIIRS,n,2,288.29,1.37,N,2
39.48546,30.04308,304.53,0.44,0.46,2024-10-11,23,N,VIIRS,n,2,284.06,1.29,N,2
39.74265,30.19926,295.97,0.44,0.46,2024-10-11,23,N,VIIRS,n,2,282.87,0.87,N,2
39.8632,26.24532,310.83,0.45,0.39,2024-10-11,23,N,VIIRS,n,2,290.67,1.26,N,0
39.86669,26.24646,307.03,0.45,0.39,2024-10-11,23,N,VIIRS,n,2,290.46,0.69,N,2
40.18456,29.22705,296.73,0.39,0.44,2024-10-11,23,N,VIIRS,n,2,283.61,0.61,N,0
40.44038,27.14101,304.84,0.47,0.4,2024-10-11,23,N,VIIRS,n,2,289.52,0.9,N,2
40.44395,27.14224,301.07,0.47,0.4,2024-10-11,23,N,VIIRS,n,2,290.17,0.85,N,2
40.75659,31.7831,295.91,0.5,0.49,2024-10-11,23,N,VIIRS,n,2,282.5,0.62,N,2
40.75864,29.76189,302.74,0.4,0.44,2024-10-11,23,N,VIIRS,n,2,290.53,1.21,N,2
40.76305,29.52748,304.09,0.39,0.44,2024-10-11,23,N,VIIRS,n,2,286.3,1.5,N,3
40.78078,29.60176,300.73,0.39,0.44,2024-10-11,23,N,VIIRS,n,2,285.2,0.9,N,2
40.8143,26.21575,298.34,0.43,0.38,2024-10-11,23,N,VIIRS,n,2,286.87,0.91,N,0
41.01426,27.96388,301.36,0.49,0.41,2024-10-11,23,N,VIIRS,n,2,285.51,0.37,N,2
41.01904,28.55706,305.95,0.52,0.42,2024-10-11,23,N,VIIRS,n,2,279.94,0.64,N,2
41.7962,26.70356,299.5,0.44,0.38,2024-10-11,23,N,VIIRS,n,2,283.97,0.59,N,2
35.52586,44.34439,346.09,0.38,0.36,2024-10-11,1003,N,VIIRS,n,2,320.57,11.22,D,2
35.52852,44.33943,349.05,0.38,0.36,2024-10-11,1003,N,VIIRS,n,2,317.33,4.57,D,2
35.53182,44.33868,344.48,0.38,0.36,2024-10-11,1003,N,VIIRS,n,2,317.27,4.57,D,2
35.53243,44.05585,347.49,0.38,0.36,2024-10-11,1003,N,VIIRS,n,2,315.59,5.55,D,0
35.53512,44.33794,348.52,0.38,0.36,2024-10-11,1003,N,VIIRS,n,2,316.5,5.0,D,2
35.5588,40.36007,342.38,0.45,0.39,2024-10-11,1003,N,VIIRS,n,2,310.05,6.5,D,0
35.56055,40.36261,346.83,0.45,0.39,2024-10-11,1003,N,VIIRS,n,2,310.25,11.47,D,0
35.64846,44.41795,348.62,0.38,0.36,2024-10-11,1003,N,VIIRS,n,2,318.31,11.68,D,0
35.72697,37.45192,340.25,0.4,0.45,2024-10-11,1003,N,VIIRS,n,2,306.16,5.47,D,0
35.83422,43.81044,340.97,0.38,0.36,2024-10-11,1003,N,VIIRS,n,2,310.55,2.58,D,0
35.85749,44.43487,349.09,0.39,0.36,2024-10-11,1003,N,VIIRS,n,2,311.99,5.7,D,0
35.88554,44.1927,352.9,0.38,0.36,2024-10-11,1003,N,VIIRS,n,2,316.99,4.6,D,0
35.89544,44.19044,353.64,0.38,0.36,2024-10-11,1003,N,VIIRS,n,2,325.44,31.78,D,0
35.92573,43.78994,343.75,0.38,0.36,2024-10-11,1003,N,VIIRS,n,2,313.65,2.69,D,2
36.0143,44.48404,349.16,0.39,0.36,2024-10-11,1003,N,VIIRS,n,2,318.15,5.01,D,0
36.01493,44.48829,353.88,0.39,0.36,2024-10-11,1003,N,VIIRS,n,2,316.87,5.37,D,0
36.01776,43.68165,348.28,0.38,0.36,2024-10-11,1003,N,VIIRS,n,2,317.19,6.09,D,2
36.04944,37.23845,335.24,0.41,0.45,2024-10-11,1003,N,VIIRS,n,2,304.34,2.48,D,0
36.10141,43.98275,336.79,0.38,0.36,2024-10-11,1003,N,VIIRS,n,2,309.88,2.14,D,0
36.14337,40.81694,341.97,0.43,0.38,2024-10-11,1003,N,VIIRS,n,2,313.53,2.94,D,2
36.18116,43.64034,351.04,0.38,0.36,2024-10-11,1003,N,VIIRS,n,2,316.95,6.29,D,0
36.24529,43.3969,341.55,0.38,0.36,2024-10-11,1003,N,VIIRS,n,2,311.57,2.62,D,0
36.26987,44.02013,349.98,0.38,0.36,2024-10-11,1003,N,VIIRS,n,2,315.47,5.68,D,0
36.27381,44.02362,353.42,0.38,0.36,2024-10-11,1003,N,VIIRS,n,2,317.99,9.94,D,0
36.34205,43.77977,347.69,0.38,0.36,2024-10-11,1003,N,VIIRS,n,2,313.17,5.59,D,0
36.3565,44.00992,350.68,0.38,0.36,2024-10-11,1003,N,VIIRS,n,2,322.6,37.07,D,0
36.40346,41.23473,349.28,0.42,0.37,2024-10-11,1003,N,VIIRS,n,2,304.85,25.57,D,0
36.60484,42.98615,345.77,0.39,0.36,2024-10-11,1003,N,VIIRS,n,2,312.62,3.58,D,0
36.60526,43.07519,341.41,0.39,0.36,2024-10-11,1003,N,VIIRS,n,2,315.49,6.66,D,0
36.63,42.9934,347.3,0.39,0.36,2024-10-11,1003,N,VIIRS,n,2,313.21,10.59,D,0
36.64304,43.3593,346.58,0.38,0.36,2024-10-11,1003,N,VIIRS,n,2,314.73,4.68,D,0
36.66527,42.14713,336.65,0.4,0.37,2024-10-11,1003,N,VIIRS,n,2,309.06,1.97,D,0
36.67936,43.41713,346.42,0.38,0.36,2024-10-11,1003,N,VIIRS,n,2,315.42,3.43,D,0
36.68265,43.41634,341.21,0.38,0.36,2024-10-11,1003,N,VIIRS,n,2,313.58,3.76,D,0
36.69733,42.92861,346.48,0.39,0.36,2024-10-11,1003,N,VIIRS,n,2,308.81,6.53,D,0
36.71703,43.20471,343.14,0.39,0.36,2024-10-11,1003,N,VIIRS,n,2,312.07,5.27,D,0
36.77666,43.32379,338.74,0.38,0.36,2024-10-11,1003,N,VIIRS,n,2,312.08,3.9,D,2
36.79605,42.23829,339.67,0.39,0.36,2024-10-11,1003,N,VIIRS,n,2,304.07,4.12,D,0
36.86623,42.37066,338.47,0.39,0.36,2024-10-11,1003,N,VIIRS,n,2,311.36,3.2,D,0
36.89177,43.43056,343.74,0.38,0.36,2024-10-11,1003,N,VIIRS,n,2,304.11,3.38,D,2
36.90622,43.39161,335.01,0.38,0.36,2024-10-11,1003,N,VIIRS,n,2,304.57,2.94,D,2
36.92796,43.59932,340.33,0.38,0.36,2024-10-11,1003,N,VIIRS,n,2,304.77,19.95,D,0
36.92926,43.58573,342.33,0.38,0.36,2024-10-11,1003,N,VIIRS,n,2,305.28,3.98,D,0
36.92994,43.58996,344.18,0.38,0.36,2024-10-11,1003,N,VIIRS,n,2,306.47,6.96,D,0
36.9306,43.59425,354.89,0.38,0.36,2024-10-11,1003,N,VIIRS,n,2,311.9,6.96,D,0
36.93125,43.59853,351.83,0.38,0.36,2024-10-11,1003,N,VIIRS,n,2,318.46,19.95,D,0
36.93255,43.58496,355.79,0.38,0.36,2024-10-11,1003,N,VIIRS,n,2,307.55,9.56,D,0
36.9332,43.58924,357.11,0.38,0.36,2024-10-11,1003,N,VIIRS,n,2,312.19,13.45,D,0
36.93389,43.59346,367.0,0.38,0.36,2024-10-11,1003,N,VIIRS,h,2,317.89,13.45,D,0
36.93454,43.59775,348.98,0.38,0.36,2024-10-11,1003,N,VIIRS,n,2,317.15,24.76,D,0
36.93584,43.58418,349.01,0.38,0.36,2024-10-11,1003,N,VIIRS,n,2,306.45,9.56,D,0
36.93649,43.58846,367.0,0.38,0.36,2024-10-11,1003,N,VIIRS,h,2,312.36,13.45,D,0
36.93715,43.59274,347.17,0.38,0.36,2024-10-11,1003,N,VIIRS,n,2,304.16,13.45,D,0
36.94622,41.85301,342.63,0.4,0.37,2024-10-11,1003,N,VIIRS,n,2,307.3,3.32,D,0
36.94678,42.13326,335.7,0.39,0.37,2024-10-11,1003,N,VIIRS,n,2,308.69,3.29,D,2
36.98038,42.67873,347.61,0.39,0.36,2024-10-11,1003,N,VIIRS,n,2,313.32,4.17,D,0
36.98108,42.68306,342.52,0.39,0.36,2024-10-11,1003,N,VIIRS,n,2,312.43,4.17,D,0
36.98439,42.68224,345.36,0.39,0.36,2024-10-11,1003,N,VIIRS,n,2,312.84,4.17,D,0
36.59726,37.52468,338.7,0.39,0.44,2024-10-11,1004,N,VIIRS,n,2,305.3,2.68,D,0
36.85034,37.64373,335.88,0.57,0.43,2024-10-11,1004,N,VIIRS,n,2,305.37,3.52,D,0
36.85424,37.64253,337.17,0.57,0.43,2024-10-11,1004,N,VIIRS,n,2,306.79,10.03,D,0
37.11858,42.02251,333.54,0.4,0.37,2024-10-11,1004,N,VIIRS,n,2,304.93,2.75,D,0
37.13299,36.72349,338.03,0.41,0.45,2024-10-11,1004,N,VIIRS,n,2,303.44,2.41,D,0
37.14919,42.16597,344.96,0.39,0.36,2024-10-11,1004,N,VIIRS,n,2,307.88,6.16,D,0
37.15251,42.16511,344.06,0.39,0.36,2024-10-11,1004,N,VIIRS,n,2,306.45,6.16,D,0
37.17992,42.11334,344.13,0.39,0.36,2024-10-11,1004,N,VIIRS,n,2,312.32,5.26,D,0
37.18325,42.11249,348.3,0.39,0.36,2024-10-11,1004,N,VIIRS,n,2,308.98,5.26,D,0
37.23705,43.14208,346.26,0.38,0.36,2024-10-11,1004,N,VIIRS,n,2,309.73,4.9,D,0
37.24035,43.14131,346.38,0.38,0.36,2024-10-11,1004,N,VIIRS,n,2,308.38,4.9,D,0
37.28345,36.95437,344.23,0.4,0.44,2024-10-11,1004,N,VIIRS,n,2,304.12,3.87,D,0
37.29149,37.01318,336.15,0.4,0.44,2024-10-11,1004,N,VIIRS,n,2,305.94,2.17,D,0
37.54652,38.44905,334.84,0.51,0.41,2024-10-11,1004,N,VIIRS,n,2,307.92,2.63,D,0
37.55617,38.14622,339.1,0.52,0.42,2024-10-11,1004,N,VIIRS,n,2,307.12,7.81,D,0
37.73067,31.70195,367.0,0.36,0.57,2024-10-11,1004,N,VIIRS,h,2,301.02,4.97,D,0
37.73162,31.7014,367.0,0.36,0.58,2024-10-11,1004,N,VIIRS,h,2,300.58,5.14,D,0
37.78073,38.12891,345.58,0.52,0.41,2024-10-11,1004,N,VIIRS,n,2,309.97,9.23,D,0
37.78449,38.12783,342.86,0.52,0.41,2024-10-11,1004,N,VIIRS,n,2,305.87,6.27,D,0
38.08085,39.81833,336.2,0.44,0.38,2024-10-11,1004,N,VIIRS,n,2,303.38,2.47,D,0
38.08132,39.81595,339.45,0.44,0.38,2024-10-11,1004,N,VIIRS,n,2,301.98,4.21,D,0
38.11963,30.62611,333.48,0.4,0.6,2024-10-11,1004,N,VIIRS,n,2,299.9,3.62,D,0
38.2708,37.17476,334.93,0.56,0.43,2024-10-11,1004,N,VIIRS,n,2,301.53,6.68,D,0
38.27467,37.17347,339.39,0.56,0.43,2024-10-11,1004,N,VIIRS,n,2,301.52,13.42,D,0
38.46225,35.5982,336.84,0.44,0.46,2024-10-11,1004,N,VIIRS,n,2,305.01,4.01,D,0
38.51854,38.14401,342.49,0.5,0.41,2024-10-11,1004,N,VIIRS,n,2,305.89,17.42,D,0
38.80759,39.02054,335.38,0.46,0.39,2024-10-11,1004,N,VIIRS,n,2,307.41,5.16,D,0
38.82517,38.57389,340.6,0.48,0.4,2024-10-11,1004,N,VIIRS,n,2,303.91,3.83,D,0
39.10446,36.45314,335.98,0.39,0.44,2024-10-11,1004,N,VIIRS,n,2,303.23,2.39,D,0
39.21662,37.54544,338.95,0.52,0.41,2024-10-11,1004,N,VIIRS,n,2,304.54,8.16,D,0
39.27391,35.4229,341.43,0.43,0.46,2024-10-11,1004,N,VIIRS,n,2,291.75,5.93,D,0
39.36547,36.32373,336.42,0.39,0.44,2024-10-11,1004,N,VIIRS,n,2,306.34,1.85,D,0
38.76078,32.03421,348.04,0.33,0.55,2024-10-11,1005,N,VIIRS,n,2,304.43,4.58,D,0
39.06598,31.96064,367.0,0.32,0.55,2024-10-11,1005,N,VIIRS,h,2,304.29,7.82,D,0
39.54461,31.87397,342.14,0.32,0.54,2024-10-11,1005,N,VIIRS,n,2,299.0,4.61,D,0
39.5486,31.86973,330.6,0.32,0.54,2024-10-11,1005,N,VIIRS,n,2,298.48,2.69,D,0
39.67913,31.96346,338.74,0.63,0.54,2024-10-11,1005,N,VIIRS,n,2,301.13,5.07,D,0
39.67949,31.96447,335.72,0.63,0.54,2024-10-11,1005,N,VIIRS,n,2,301.05,3.04,D,0
40.12844,27.89266,330.91,0.48,0.65,2024-10-11,1005,N,VIIRS,n,2,283.4,2.35,D,0
40.131,27.89423,326.32,0.48,0.65,2024-10-11,1005,N,VIIRS,n,2,282.86,3.89,D,0
40.74502,30.44843,336.72,0.35,0.57,2024-10-11,1005,N,VIIRS,n,2,299.48,2.7,D,0
40.76398,30.58619,327.05,0.34,0.56,2024-10-11,1005,N,VIIRS,n,2,296.39,1.49,D,0
40.77432,30.45296,330.96,0.35,0.57,2024-10-11,1005,N,VIIRS,n,2,299.71,2.82,D,0
40.77784,30.5754,330.61,0.34,0.56,2024-10-11,1005,N,VIIRS,n,2,299.52,1.34,D,0
40.77915,30.57501,331.91,0.34,0.56,2024-10-11,1005,N,VIIRS,n,2,299.28,1.5,D,0
40.78985,30.57875,328.84,0.34,0.56,2024-10-11,1005,N,VIIRS,n,2,297.68,2.46,D,0
40.7912,30.57836,333.36,0.34,0.56,2024-10-11,1005,N,VIIRS,n,2,297.55,2.94,D,0
40.79208,30.49831,328.22,0.35,0.56,2024-10-11,1005,N,VIIRS,n,2,299.56,1.85,D,0
40.79225,30.58228,326.43,0.34,0.56,2024-10-11,1005,N,VIIRS,n,2,297.25,2.64,D,0
41.24356,36.46672,333.0,0.53,0.42,2024-10-11,1005,N,VIIRS,n,2,298.08,2.46,D,2
41.69948,35.87849,330.81,0.55,0.43,2024-10-11,1005,N,VIIRS,n,2,298.1,5.07,D,0
40.81564,26.19188,334.46,0.56,0.68,2024-10-11,1006,N,VIIRS,n,2,284.52,5.76,D,0
38.10505,29.66437,339.41,0.38,0.59,2024-10-11,1145,N,VIIRS,n,2,294.56,3.81,D,0
38.26641,29.58744,329.92,0.38,0.59,2024-10-11,1145,N,VIIRS,n,2,289.85,1.63,D,0
39.0237,33.51604,349.37,0.62,0.72,2024-10-11,1145,N,VIIRS,n,2,298.5,7.33,D,0
39.02841,33.5183,339.56,0.62,0.72,2024-10-11,1145,N,VIIRS,n,2,298.18,8.31,D,0
39.27743,35.43107,367.0,0.79,0.78,2024-10-11,1145,N,VIIRS,h,2,295.01,17.61,D,0
39.27815,35.43185,351.97,0.79,0.78,2024-10-11,1145,N,VIIRS,n,2,294.86,17.04,D,0
39.80614,31.25914,338.9,0.48,0.65,2024-10-11,1145,N,VIIRS,n,2,299.39,5.38,D,0
39.80685,31.25574,345.51,0.48,0.65,2024-10-11,1145,N,VIIRS,n,2,300.07,6.23,D,0
40.01339,28.22305,367.0,0.33,0.55,2024-10-11,1145,N,VIIRS,h,2,295.09,12.74,D,0
40.01361,28.22694,333.37,0.33,0.55,2024-10-11,1145,N,VIIRS,n,2,290.0,9.46,D,0
40.07101,28.06412,333.66,0.32,0.55,2024-10-11,1145,N,VIIRS,n,2,293.37,3.89,D,0
40.07293,28.06506,333.49,0.32,0.55,2024-10-11,1145,N,VIIRS,n,2,293.22,2.61,D,0
40.1065,27.9373,327.21,0.32,0.55,2024-10-11,1145,N,VIIRS,n,2,291.97,2.07,D,0
40.11855,27.96707,337.84,0.32,0.55,2024-10-11,1145,N,VIIRS,n,2,292.76,2.99,D,0
40.12497,27.90475,326.51,0.32,0.54,2024-10-11,1145,N,VIIRS,n,2,289.83,1.69,D,0
40.13597,28.0004,328.02,0.32,0.55,2024-10-11,1145,N,VIIRS,n,2,292.8,1.43,D,0
40.14067,28.0776,334.1,0.33,0.55,2024-10-11,1145,N,VIIRS,n,2,284.64,2.94,D,0
40.14084,27.99603,332.09,0.32,0.55,2024-10-11,1145,N,VIIRS,n,2,292.79,2.53,D,0
40.14108,27.9999,341.89,0.32,0.55,2024-10-11,1145,N,VIIRS,n,2,291.45,2.53,D,0
40.14579,28.07699,329.64,0.33,0.55,2024-10-11,1145,N,VIIRS,n,2,283.34,2.89,D,0
40.24834,27.16289,327.73,0.58,0.52,2024-10-11,1146,N,VIIRS,n,2,290.51,2.66,D,0
40.75522,26.30177,330.84,0.53,0.5,2024-10-11,1146,N,VIIRS,n,2,273.5,5.52,D,0
40.7802,30.57452,367.0,0.45,0.63,2024-10-11,1146,N,VIIRS,h,2,300.5,11.51,D,0
40.7804,30.57995,344.57,0.45,0.63,2024-10-11,1146,N,VIIRS,n,2,298.13,10.12,D,0
40.78138,30.44957,329.96,0.44,0.62,2024-10-11,1146,N,VIIRS,n,2,299.31,2.59,D,0
40.78648,30.58508,345.25,0.45,0.63,2024-10-11,1146,N,VIIRS,n,2,295.59,10.12,D,0
40.78668,30.59053,367.0,0.45,0.63,2024-10-11,1146,N,VIIRS,h,2,293.4,12.42,D,0
40.79215,30.57932,336.6,0.45,0.63,2024-10-11,1146,N,VIIRS,n,2,297.04,4.52,D,0
40.79236,30.58476,356.53,0.45,0.63,2024-10-11,1146,N,VIIRS,n,2,294.9,4.52,D,0
40.79493,30.49751,325.38,0.44,0.62,2024-10-11,1146,N,VIIRS,n,2,298.72,1.48,D,0
40.79752,26.21067,331.57,0.53,0.5,2024-10-11,1146,N,VIIRS,n,2,284.66,4.79,D,0
40.79803,30.57899,330.86,0.45,0.63,2024-10-11,1146,N,VIIRS,n,2,296.75,4.52,D,0
40.79824,30.58445,350.93,0.45,0.63,2024-10-11,1146,N,VIIRS,n,2,297.04,4.52,D,0
40.79848,26.18715,336.79,0.53,0.5,2024-10-11,1146,N,VIIRS,n,2,283.61,5.3,D,0
40.79994,26.20616,333.57,0.53,0.5,2024-10-11,1146,N,VIIRS,n,2,285.07,9.12,D,0
40.80038,26.1847,331.21,0.53,0.5,2024-10-11,1146,N,VIIRS,n,2,282.53,5.91,D,0
40.81461,31.04354,331.21,0.47,0.64,2024-10-11,1146,N,VIIRS,n,2,293.32,2.74,D,0
40.82804,30.48659,330.54,0.44,0.62,2024-10-11,1146,N,VIIRS,n,2,298.47,2.02,D,0
40.82985,30.49018,328.72,0.44,0.62,2024-10-11,1146,N,VIIRS,n,2,298.33,2.75,D,0
40.94104,26.34257,329.73,0.54,0.51,2024-10-11,1146,N,VIIRS,n,2,286.83,3.28,D,0
38.82701,41.6041,298.01,0.33,0.55,2024-10-11,2223,N,VIIRS,n,2,279.99,0.57,N,0
39.36804,42.50722,295.6,0.6,0.53,2024-10-11,2223,N,VIIRS,n,2,280.41,1.08,N,0
41.23981,36.46247,297.06,0.64,0.72,2024-10-11,2223,N,VIIRS,n,2,274.27,2.48,N,2
35.52759,44.34481,338.12,0.43,0.46,2024-10-11,2224,N,VIIRS,n,2,293.61,7.01,N,2
35.52807,44.33994,341.24,0.43,0.46,2024-10-11,2224,N,VIIRS,n,2,290.13,7.01,N,2
35.53231,44.34063,338.8,0.43,0.46,2024-10-11,2224,N,VIIRS,n,2,284.35,3.26,N,2
35.56363,44.28629,309.59,0.44,0.46,2024-10-11,2224,N,VIIRS,n,2,290.72,1.38,N,2
35.56413,44.28137,307.38,0.44,0.46,2024-10-11,2224,N,VIIRS,n,2,290.21,1.64,N,2
35.56674,44.28358,315.61,0.44,0.46,2024-10-11,2224,N,VIIRS,n,2,291.74,1.4,N,2
35.6272,44.01023,333.65,0.45,0.47,2024-10-11,2224,N,VIIRS,n,2,288.3,2.75,N,2
35.62768,44.00515,301.87,0.45,0.47,2024-10-11,2224,N,VIIRS,n,2,284.4,2.34,N,2
35.63155,44.01081,316.66,0.45,0.47,2024-10-11,2224,N,VIIRS,n,2,283.5,2.75,N,2
35.63202,44.00572,302.26,0.45,0.47,2024-10-11,2224,N,VIIRS,n,2,279.71,2.34,N,2
35.66234,43.96425,330.64,0.45,0.47,2024-10-11,2224,N,VIIRS,n,2,281.53,3.35,N,2
35.67919,44.06368,301.67,0.45,0.47,2024-10-11,2224,N,VIIRS,n,2,289.33,1.31,N,2
35.68365,43.87926,331.92,0.46,0.47,2024-10-11,2224,N,VIIRS,n,2,289.17,10.51,N,2
35.68413,43.87414,339.29,0.46,0.47,2024-10-11,2224,N,VIIRS,n,2,295.77,10.51,N,2
35.6885,43.8748,309.19,0.46,0.47,2024-10-11,2224,N,VIIRS,n,2,290.45,10.51,N,2
35.72595,44.04183,319.64,0.45,0.47,2024-10-11,2224,N,VIIRS,n,2,290.54,1.42,N,2
35.73122,44.03242,314.63,0.45,0.47,2024-10-11,2224,N,VIIRS,n,2,291.18,2.32,N,2
35.77406,43.99806,305.97,0.45,0.47,2024-10-11,2224,N,VIIRS,n,2,283.81,2.65,N,2
35.77453,44.08491,303.99,0.45,0.47,2024-10-11,2224,N,VIIRS,n,2,288.6,0.97,N,0
35.77501,44.08002,308.05,0.45,0.47,2024-10-11,2224,N,VIIRS,n,2,288.17,0.97,N,0
35.81459,43.25753,314.21,0.5,0.49,2024-10-11,2224,N,VIIRS,n,2,291.23,1.39,N,2
36.14425,40.81394,297.92,0.34,0.56,2024-10-11,2224,N,VIIRS,n,2,275.73,1.51,N,2
36.44077,43.15684,300.45,0.51,0.5,2024-10-11,2224,N,VIIRS,n,2,280.72,0.95,N,0
36.86954,34.76091,298.23,0.75,0.77,2024-10-11,2224,N,VIIRS,n,2,283.8,1.58,N,2
36.93382,42.12944,302.81,0.59,0.53,2024-10-11,2224,N,VIIRS,n,2,280.39,0.66,N,2
36.93723,42.13086,311.95,0.59,0.53,2024-10-11,2224,N,VIIRS,n,2,286.7,1.07,N,2
36.93872,42.13008,304.88,0.59,0.53,2024-10-11,2224,N,VIIRS,n,2,288.1,1.22,N,2
36.94362,42.1307,300.16,0.59,0.53,2024-10-11,2224,N,VIIRS,n,2,287.37,1.22,N,2
36.94853,42.13129,342.33,0.59,0.53,2024-10-11,2224,N,VIIRS,n,2,289.29,6.17,N,2
36.96186,42.08444,303.41,0.59,0.53,2024-10-11,2224,N,VIIRS,n,2,287.17,0.98,N,2
36.96235,42.07757,298.85,0.6,0.53,2024-10-11,2224,N,VIIRS,n,2,287.58,0.98,N,2
36.96677,42.08505,302.37,0.59,0.53,2024-10-11,2224,N,VIIRS,n,2,287.52,0.98,N,2
36.96727,42.07823,299.84,0.6,0.53,2024-10-11,2224,N,VIIRS,n,2,287.13,0.98,N,2
36.99872,41.56391,302.17,0.32,0.54,2024-10-11,2224,N,VIIRS,n,2,286.24,0.41,N,2
36.99897,41.56024,300.34,0.32,0.54,2024-10-11,2224,N,VIIRS,n,2,287.2,0.41,N,2
37.00873,37.38578,320.81,0.54,0.68,2024-10-11,2224,N,VIIRS,n,2,287.61,2.13,N,0
37.06414,41.4343,297.38,0.32,0.55,2024-10-11,2224,N,VIIRS,n,2,286.28,0.67,N,0
37.29441,37.15545,300.67,0.56,0.69,2024-10-11,2224,N,VIIRS,n,2,287.69,1.01,N,2
37.45855,40.39993,298.19,0.37,0.58,2024-10-11,2224,N,VIIRS,n,2,277.89,1.31,N,0
37.61551,39.58664,295.79,0.41,0.61,2024-10-11,2224,N,VIIRS,n,2,283.72,0.34,N,0
37.61762,39.5858,295.87,0.41,0.61,2024-10-11,2224,N,VIIRS,n,2,283.69,0.26,N,0
37.63923,38.49688,304.59,0.48,0.64,2024-10-11,2224,N,VIIRS,n,2,286.28,0.86,N,0
37.63948,38.49105,298.31,0.48,0.64,2024-10-11,2224,N,VIIRS,n,2,285.92,0.86,N,0
37.64098,38.49464,316.62,0.48,0.64,2024-10-11,2224,N,VIIRS,n,2,286.34,1.7,N,0
37.66794,38.08681,296.32,0.5,0.66,2024-10-11,2224,N,VIIRS,n,2,286.08,0.34,N,0
37.68819,38.66955,304.44,0.47,0.64,2024-10-11,2224,N,VIIRS,n,2,285.68,0.64,N,0
37.77772,38.42595,300.07,0.48,0.65,2024-10-11,2224,N,VIIRS,n,2,285.66,0.74,N,0
37.785,38.5495,297.13,0.47,0.64,2024-10-11,2224,N,VIIRS,n,2,285.31,0.53,N,0
37.78706,38.79065,300.97,0.46,0.63,2024-10-11,2224,N,VIIRS,n,2,284.99,0.41,N,0
37.95108,40.08206,321.67,0.39,0.59,2024-10-11,2224,N,VIIRS,n,2,283.47,1.78,N,0
37.95916,41.02745,298.01,0.35,0.57,2024-10-11,2224,N,VIIRS,n,2,279.76,1.68,N,0
38.01448,40.13061,295.86,0.39,0.59,2024-10-11,2224,N,VIIRS,n,2,282.22,0.69,N,0
38.12318,40.15596,299.67,0.39,0.59,2024-10-11,2224,N,VIIRS,n,2,268.25,0.87,N,0
41.24083,36.44464,303.71,0.48,0.48,2024-10-12,3,N,VIIRS,n,2,285.72,1.32,N,2
41.24119,36.4631,315.81,0.48,0.48,2024-10-12,3,N,VIIRS,n,2,286.25,2.36,N,2
35.68434,43.88133,352.95,0.79,0.78,2024-10-12,4,N,VIIRS,n,2,284.34,8.4,N,2
35.68673,43.87849,367.0,0.79,0.78,2024-10-12,4,N,VIIRS,h,2,289.63,19.75,N,2
35.68711,43.87268,308.49,0.79,0.78,2024-10-12,4,N,VIIRS,n,2,285.21,8.4,N,2
36.12991,40.81227,300.34,0.54,0.68,2024-10-12,4,N,VIIRS,n,2,286.3,1.07,N,2
36.14173,40.81788,300.02,0.54,0.68,2024-10-12,4,N,VIIRS,n,2,280.87,0.85,N,2
36.16639,41.04623,302.13,0.55,0.68,2024-10-12,4,N,VIIRS,n,2,287.14,0.58,N,0
36.59921,43.00499,300.1,0.67,0.74,2024-10-12,4,N,VIIRS,n,2,285.43,1.04,N,0
36.93875,42.17477,296.81,0.6,0.7,2024-10-12,4,N,VIIRS,n,2,281.84,3.16,N,0
37.02082,36.10949,304.53,0.58,0.52,2024-10-12,4,N,VIIRS,n,2,290.25,1.23,N,2
37.03119,42.17256,300.44,0.59,0.7,2024-10-12,4,N,VIIRS,n,2,284.44,2.42,N,2
37.03157,42.17202,300.69,0.59,0.7,2024-10-12,4,N,VIIRS,n,2,284.45,2.01,N,2
37.29367,37.15888,302.24,0.32,0.55,2024-10-12,4,N,VIIRS,n,2,288.16,0.57,N,2
37.29444,37.15588,298.35,0.32,0.55,2024-10-12,4,N,VIIRS,n,2,287.98,0.57,N,2
37.29519,37.15687,302.65,0.32,0.55,2024-10-12,4,N,VIIRS,n,2,288.6,1.12,N,2
37.3517,37.16301,310.35,0.32,0.55,2024-10-12,4,N,VIIRS,n,2,289.61,0.9,N,2
37.6592,40.21782,295.61,0.46,0.63,2024-10-12,4,N,VIIRS,n,2,284.4,0.36,N,0
37.6692,38.26495,296.11,0.36,0.57,2024-10-12,4,N,VIIRS,n,2,283.88,0.43,N,0
37.7103,40.89468,308.48,0.49,0.65,2024-10-12,4,N,VIIRS,n,2,282.89,1.1,N,0
37.71179,40.88948,299.65,0.49,0.65,2024-10-12,4,N,VIIRS,n,2,282.51,1.1,N,0
37.72823,38.17016,296.68,0.36,0.57,2024-10-12,4,N,VIIRS,n,2,282.64,0.37,N,0
37.76789,38.34179,297.84,0.36,0.58,2024-10-12,4,N,VIIRS,n,2,281.69,0.33,N,0
37.78402,38.55226,302.61,0.37,0.58,2024-10-12,4,N,VIIRS,n,2,281.13,0.87,N,0
37.85768,40.33257,300.64,0.46,0.63,2024-10-12,4,N,VIIRS,n,2,281.79,1.35,N,0
37.86037,40.34532,300.04,0.46,0.63,2024-10-12,4,N,VIIRS,n,2,282.85,0.78,N,0
37.86326,40.33507,311.27,0.46,0.63,2024-10-12,4,N,VIIRS,n,2,282.57,1.35,N,0
37.93889,32.53227,295.72,0.55,0.43,2024-10-12,4,N,VIIRS,n,2,285.63,0.75,N,2
37.95104,40.08856,297.74,0.44,0.62,2024-10-12,4,N,VIIRS,n,2,281.12,0.86,N,0
37.95578,41.03106,297.52,0.49,0.65,2024-10-12,4,N,VIIRS,n,2,285.05,0.95,N,0
37.95728,41.02592,305.91,0.49,0.65,2024-10-12,4,N,VIIRS,n,2,284.64,0.95,N,0
38.01475,41.05214,336.37,0.49,0.65,2024-10-12,4,N,VIIRS,n,2,285.7,2.22,N,0
38.01673,41.05367,334.42,0.49,0.65,2024-10-12,4,N,VIIRS,n,2,285.9,5.01,N,0
38.02053,41.05463,296.29,0.49,0.65,2024-10-12,4,N,VIIRS,n,2,284.55,2.22,N,0
38.12306,40.16552,297.33,0.44,0.62,2024-10-12,4,N,VIIRS,n,2,283.15,0.6,N,0
38.12448,40.1605,302.2,0.44,0.62,2024-10-12,4,N,VIIRS,n,2,283.66,0.9,N,0
38.12502,40.9267,300.4,0.48,0.65,2024-10-12,4,N,VIIRS,n,2,284.69,1.71,N,0
38.12665,40.92104,296.86,0.48,0.65,2024-10-12,4,N,VIIRS,n,2,284.22,1.03,N,0
38.13236,40.9236,296.54,0.48,0.65,2024-10-12,4,N,VIIRS,n,2,280.86,1.03,N,0
38.15609,40.6636,308.95,0.47,0.64,2024-10-12,4,N,VIIRS,n,2,284.17,1.85,N,0
38.15619,40.66841,302.7,0.47,0.64,2024-10-12,4,N,VIIRS,n,2,282.43,0.98,N,0
38.15762,40.66334,301.29,0.47,0.64,2024-10-12,4,N,VIIRS,n,2,283.41,0.98,N,0
38.39075,30.76328,297.31,0.46,0.39,2024-10-12,4,N,VIIRS,n,2,281.51,1.47,N,0
38.45327,38.72639,301.78,0.36,0.58,2024-10-12,4,N,VIIRS,n,2,285.55,1.31,N,2
38.45422,38.72818,309.41,0.36,0.58,2024-10-12,4,N,VIIRS,n,2,287.85,0.85,N,2
38.66177,39.23565,295.75,0.38,0.59,2024-10-12,4,N,VIIRS,n,2,282.27,0.56,N,0
39.09127,27.51052,304.26,0.38,0.36,2024-10-12,4,N,VIIRS,n,2,290.48,0.65,N,0
39.11499,27.51226,301.03,0.38,0.36,2024-10-12,4,N,VIIRS,n,2,289.93,0.54,N,0
39.16624,27.634,302.48,0.39,0.36,2024-10-12,4,N,VIIRS,n,2,289.14,0.74,N,2
39.16696,27.62959,306.13,0.39,0.36,2024-10-12,4,N,VIIRS,n,2,290.51,0.74,N,2
39.18104,27.49979,305.72,0.38,0.36,2024-10-12,4,N,VIIRS,n,2,289.95,0.78,N,2
39.60687,27.8786,300.32,0.39,0.36,2024-10-12,4,N,VIIRS,n,2,289.73,0.63,N,0
39.83603,30.30061,296.89,0.42,0.38,2024-10-12,4,N,VIIRS,n,2,279.71,0.83,N,2
39.86378,26.24502,311.67,0.39,0.36,2024-10-12,4,N,VIIRS,n,2,291.76,1.08,N,2
39.86709,26.24584,312.25,0.39,0.36,2024-10-12,4,N,VIIRS,n,2,292.65,0.93,N,2
40.75684,31.78354,299.88,0.46,0.39,2024-10-12,4,N,VIIRS,n,2,279.16,0.88,N,2
40.78104,29.60399,305.62,0.4,0.37,2024-10-12,4,N,VIIRS,n,2,288.75,1.12,N,2
41.01886,28.55623,306.44,0.39,0.36,2024-10-12,4,N,VIIRS,n,2,287.5,0.93,N,2
41.02214,28.55718,306.4,0.39,0.36,2024-10-12,4,N,VIIRS,n,2,288.58,0.74,N,2
41.25401,31.4116,323.19,0.44,0.38,2024-10-12,4,N,VIIRS,n,2,287.33,0.97,N,2
41.25748,31.41276,302.54,0.44,0.38,2024-10-12,4,N,VIIRS,n,2,286.58,0.97,N,2
41.26246,31.42542,304.81,0.44,0.38,2024-10-12,4,N,VIIRS,n,2,288.51,1.53,N,2
41.26593,31.42657,307.59,0.44,0.38,2024-10-12,4,N,VIIRS,n,2,290.15,1.49,N,2
41.26941,31.42772,307.37,0.44,0.38,2024-10-12,4,N,VIIRS,n,2,287.73,1.49,N,2
36.26338,33.73018,309.25,0.45,0.47,2024-10-12,5,N,VIIRS,n,2,290.68,0.96,N,2
36.86856,34.76537,302.32,0.5,0.49,2024-10-12,5,N,VIIRS,n,2,289.75,1.54,N,2
37.77192,27.43991,299.68,0.39,0.36,2024-10-12,5,N,VIIRS,n,2,285.98,0.8,N,2
37.86061,29.37271,298.17,0.42,0.38,2024-10-12,5,N,VIIRS,n,2,287.37,0.58,N,2
38.42754,27.21805,313.07,0.38,0.36,2024-10-12,5,N,VIIRS,n,2,291.96,1.38,N,2
38.61911,27.0589,299.56,0.38,0.36,2024-10-12,5,N,VIIRS,n,2,288.82,0.48,N,0
38.73119,26.93046,307.16,0.38,0.36,2024-10-12,5,N,VIIRS,n,2,290.0,0.91,N,2
38.7357,26.94531,307.33,0.38,0.36,2024-10-12,5,N,VIIRS,n,2,293.99,1.86,N,2
38.73777,26.93215,329.36,0.38,0.36,2024-10-12,5,N,VIIRS,n,2,292.35,1.02,N,2
38.7383,26.95054,302.31,0.38,0.36,2024-10-12,5,N,VIIRS,n,2,290.81,0.87,N,2
38.73899,26.94616,329.49,0.38,0.36,2024-10-12,5,N,VIIRS,n,2,294.55,1.86,N,2
38.74106,26.93299,302.09,0.38,0.36,2024-10-12,5,N,VIIRS,n,2,290.08,1.02,N,2
38.74228,26.947,306.98,0.38,0.36,2024-10-12,5,N,VIIRS,n,2,292.06,1.0,N,2
38.74557,26.94784,309.93,0.38,0.36,2024-10-12,5,N,VIIRS,n,2,291.58,1.0,N,2
38.74818,26.95307,309.25,0.38,0.36,2024-10-12,5,N,VIIRS,n,2,290.64,0.61,N,2
38.78988,26.92722,307.79,0.38,0.36,2024-10-12,5,N,VIIRS,n,2,291.0,0.71,N,0
38.79317,26.92806,302.05,0.38,0.36,2024-10-12,5,N,VIIRS,n,2,290.57,0.78,N,0
35.52583,44.34264,348.67,0.49,0.4,2024-10-12,944,N,VIIRS,n,2,313.02,6.99,D,2
35.52949,44.34161,342.48,0.49,0.4,2024-10-12,944,N,VIIRS,n,2,311.42,6.11,D,2
35.56518,44.28654,338.41,0.49,0.4,2024-10-12,944,N,VIIRS,n,2,312.66,2.77,D,2
35.74391,44.45534,350.08,0.48,0.4,2024-10-12,944,N,VIIRS,n,2,309.06,12.4,D,0
35.74417,44.45226,348.4,0.48,0.4,2024-10-12,944,N,VIIRS,n,2,308.62,5.69,D,0
35.74517,44.45757,335.67,0.48,0.4,2024-10-12,944,N,VIIRS,n,2,307.95,7.17,D,0
35.75811,44.38998,341.17,0.48,0.4,2024-10-12,944,N,VIIRS,n,2,309.66,14.8,D,0
35.76175,44.38896,351.02,0.48,0.4,2024-10-12,944,N,VIIRS,n,2,312.95,14.8,D,0
35.77223,43.99855,333.64,0.5,0.41,2024-10-12,944,N,VIIRS,n,2,305.68,6.82,D,2
35.84277,44.04089,336.7,0.5,0.41,2024-10-12,944,N,VIIRS,n,2,306.35,3.67,D,0
35.90662,44.29401,338.55,0.48,0.4,2024-10-12,944,N,VIIRS,n,2,301.04,3.02,D,0
35.96693,43.63277,337.98,0.51,0.41,2024-10-12,944,N,VIIRS,n,2,304.6,4.26,D,0
36.03585,44.43728,347.34,0.47,0.4,2024-10-12,944,N,VIIRS,n,2,300.74,7.05,D,0
36.16766,42.16665,337.05,0.4,0.44,2024-10-12,944,N,VIIRS,n,2,305.17,2.42,D,0
36.30633,43.40966,337.62,0.52,0.41,2024-10-12,944,N,VIIRS,n,2,302.55,8.77,D,0
36.30827,43.41034,346.77,0.52,0.41,2024-10-12,944,N,VIIRS,n,2,300.39,12.4,D,0
36.45753,44.32985,338.86,0.47,0.4,2024-10-12,944,N,VIIRS,n,2,308.09,24.86,D,0
36.4611,44.32864,337.55,0.47,0.4,2024-10-12,944,N,VIIRS,n,2,311.72,24.86,D,0
36.12658,37.80436,331.19,0.34,0.56,2024-10-12,945,N,VIIRS,n,2,302.39,1.79,D,0
36.14266,40.8154,337.11,0.47,0.47,2024-10-12,945,N,VIIRS,n,2,307.99,2.16,D,2
36.50067,36.40603,336.32,0.39,0.59,2024-10-12,945,N,VIIRS,n,2,298.12,2.31,D,0
36.60774,37.59517,331.05,0.34,0.56,2024-10-12,945,N,VIIRS,n,2,304.23,1.16,D,0
36.75763,43.48724,331.52,0.51,0.41,2024-10-12,945,N,VIIRS,n,2,300.2,3.5,D,0
36.75854,43.48937,336.26,0.51,0.41,2024-10-12,945,N,VIIRS,n,2,301.51,4.25,D,0
36.76007,40.28704,342.08,0.48,0.48,2024-10-12,945,N,VIIRS,n,2,308.39,3.01,D,0
36.89803,38.20871,330.93,0.61,0.54,2024-10-12,945,N,VIIRS,n,2,304.55,2.04,D,0
36.93604,42.13229,331.9,0.39,0.44,2024-10-12,945,N,VIIRS,n,2,301.56,2.29,D,2
36.94003,42.7402,331.85,0.54,0.42,2024-10-12,945,N,VIIRS,n,2,296.05,3.02,D,0
36.94013,42.17156,332.14,0.38,0.44,2024-10-12,945,N,VIIRS,n,2,299.39,2.94,D,2
36.94139,42.74445,331.6,0.54,0.42,2024-10-12,945,N,VIIRS,n,2,297.95,5.43,D,0
36.94874,42.13276,337.74,0.39,0.44,2024-10-12,945,N,VIIRS,n,2,301.21,3.69,D,2
36.9615,41.55192,343.41,0.41,0.45,2024-10-12,945,N,VIIRS,n,2,309.38,10.29,D,0
37.00819,40.40396,340.54,0.47,0.48,2024-10-12,945,N,VIIRS,n,2,302.26,4.59,D,0
37.01766,40.56995,339.04,0.46,0.47,2024-10-12,945,N,VIIRS,n,2,304.62,4.49,D,0
37.05027,40.65623,340.62,0.45,0.47,2024-10-12,945,N,VIIRS,n,2,309.58,3.38,D,0
37.0519,40.65796,344.46,0.45,0.47,2024-10-12,945,N,VIIRS,n,2,308.96,5.0,D,0
37.06965,41.76339,335.87,0.4,0.44,2024-10-12,945,N,VIIRS,n,2,308.3,2.25,D,0
37.11779,41.54605,345.24,0.41,0.45,2024-10-12,945,N,VIIRS,n,2,310.83,9.22,D,0
37.1191,41.85534,342.68,0.39,0.44,2024-10-12,945,N,VIIRS,n,2,307.33,4.05,D,0
37.15308,41.77455,339.01,0.4,0.44,2024-10-12,945,N,VIIRS,n,2,306.54,10.19,D,0
37.15401,41.77898,343.21,0.4,0.44,2024-10-12,945,N,VIIRS,n,2,308.58,10.19,D,0
37.15587,41.78787,338.31,0.4,0.44,2024-10-12,945,N,VIIRS,n,2,308.24,3.56,D,0
37.20486,39.86198,349.53,0.5,0.49,2024-10-12,945,N,VIIRS,n,2,302.65,6.17,D,0
37.20639,39.85896,341.89,0.5,0.49,2024-10-12,945,N,VIIRS,n,2,302.03,3.54,D,0
37.20764,39.86436,335.47,0.49,0.49,2024-10-12,945,N,VIIRS,n,2,299.77,5.88,D,0
37.21982,41.90834,337.02,0.39,0.44,2024-10-12,945,N,VIIRS,n,2,303.08,1.91,D,0
37.26178,36.01968,341.12,0.39,0.59,2024-10-12,945,N,VIIRS,n,2,297.09,2.21,D,0
37.26181,36.02011,341.82,0.39,0.59,2024-10-12,945,N,VIIRS,n,2,296.72,3.7,D,0
37.27317,42.04142,342.58,0.38,0.44,2024-10-12,945,N,VIIRS,n,2,306.63,3.43,D,0
37.41566,39.12732,341.22,0.53,0.5,2024-10-12,945,N,VIIRS,n,2,304.67,7.75,D,0
37.46335,40.41771,330.3,0.46,0.47,2024-10-12,945,N,VIIRS,n,2,298.16,3.06,D,0
37.46451,40.42285,332.07,0.46,0.47,2024-10-12,945,N,VIIRS,n,2,297.91,3.06,D,0
37.51059,38.38708,330.42,0.58,0.52,2024-10-12,945,N,VIIRS,n,2,298.94,4.58,D,0
37.55769,39.32,345.54,0.52,0.5,2024-10-12,945,N,VIIRS,n,2,295.46,9.49,D,0
37.58279,37.31609,331.63,0.33,0.55,2024-10-12,945,N,VIIRS,n,2,300.8,2.73,D,0
37.62345,37.4641,367.0,0.32,0.55,2024-10-12,945,N,VIIRS,h,2,307.06,10.92,D,0
37.62518,37.46463,367.0,0.32,0.55,2024-10-12,945,N,VIIRS,h,2,307.13,10.33,D,0
37.65863,38.7678,340.0,0.55,0.51,2024-10-12,945,N,VIIRS,n,2,286.97,6.22,D,0
37.68073,42.71573,328.5,0.53,0.42,2024-10-12,945,N,VIIRS,n,2,284.97,5.63,D,0
37.68689,40.30556,337.91,0.46,0.47,2024-10-12,945,N,VIIRS,n,2,302.06,4.94,D,0
37.6958,39.62741,351.9,0.5,0.49,2024-10-12,945,N,VIIRS,n,2,311.35,14.0,D,0
37.69659,39.6244,341.92,0.5,0.49,2024-10-12,945,N,VIIRS,n,2,307.61,7.42,D,0
37.69707,39.63297,339.62,0.5,0.49,2024-10-12,945,N,VIIRS,n,2,304.4,14.0,D,0
37.69789,39.62995,343.66,0.5,0.49,2024-10-12,945,N,VIIRS,n,2,306.66,13.0,D,0
37.72371,37.83956,334.05,0.61,0.54,2024-10-12,945,N,VIIRS,n,2,296.51,4.97,D,0
37.75642,39.38868,332.9,0.51,0.49,2024-10-12,945,N,VIIRS,n,2,302.39,3.25,D,0
37.75676,39.3864,342.28,0.51,0.49,2024-10-12,945,N,VIIRS,n,2,302.13,4.31,D,0
37.75706,38.86128,342.59,0.54,0.51,2024-10-12,945,N,VIIRS,n,2,279.09,11.47,D,0
37.75776,39.39447,333.29,0.51,0.49,2024-10-12,945,N,VIIRS,n,2,304.6,3.25,D,0
37.75812,39.39218,335.11,0.51,0.49,2024-10-12,945,N,VIIRS,n,2,304.18,5.63,D,0
37.7589,38.85617,341.4,0.54,0.51,2024-10-12,945,N,VIIRS,n,2,279.35,16.05,D,0
37.78831,38.78478,341.53,0.55,0.51,2024-10-12,945,N,VIIRS,n,2,283.29,10.51,D,0
37.81016,40.25857,344.05,0.46,0.47,2024-10-12,945,N,VIIRS,n,2,302.91,5.27,D,0
37.81129,40.26362,337.65,0.46,0.47,2024-10-12,945,N,VIIRS,n,2,299.75,5.27,D,0
37.8455,41.26408,344.88,0.41,0.45,2024-10-12,945,N,VIIRS,n,2,306.9,5.04,D,0
37.84597,41.25635,333.66,0.41,0.45,2024-10-12,945,N,VIIRS,n,2,307.83,6.3,D,0
37.84695,41.26096,367.0,0.41,0.45,2024-10-12,945,N,VIIRS,h,2,308.13,6.3,D,0
37.84851,41.25808,346.13,0.41,0.45,2024-10-12,945,N,VIIRS,n,2,306.56,5.04,D,0
37.84951,41.26268,336.3,0.41,0.45,2024-10-12,945,N,VIIRS,n,2,305.19,5.04,D,0
37.85019,40.25397,344.37,0.46,0.47,2024-10-12,945,N,VIIRS,n,2,302.22,4.83,D,0
37.85034,40.25082,337.92,0.46,0.47,2024-10-12,945,N,VIIRS,n,2,299.9,2.31,D,0
37.85934,40.14912,346.49,0.46,0.47,2024-10-12,945,N,VIIRS,n,2,302.84,6.65,D,0
37.93224,40.59441,333.77,0.44,0.46,2024-10-12,945,N,VIIRS,n,2,303.16,2.31,D,0
37.95354,41.03173,353.64,0.42,0.45,2024-10-12,945,N,VIIRS,n,2,309.18,6.47,D,0
37.98151,41.10069,336.9,0.41,0.45,2024-10-12,945,N,VIIRS,n,2,304.86,12.05,D,0
37.98248,41.10519,348.57,0.41,0.45,2024-10-12,945,N,VIIRS,n,2,311.1,36.46,D,0
38.04956,40.19232,342.43,0.46,0.47,2024-10-12,945,N,VIIRS,n,2,295.67,42.32,D,0
38.05346,40.19391,346.56,0.46,0.47,2024-10-12,945,N,VIIRS,n,2,301.56,53.0,D,0
38.05494,40.19588,343.52,0.46,0.47,2024-10-12,945,N,VIIRS,n,2,298.14,42.32,D,0
38.05768,40.19238,367.0,0.46,0.47,2024-10-12,945,N,VIIRS,h,2,294.74,14.98,D,0
38.06248,40.66081,342.53,0.43,0.46,2024-10-12,945,N,VIIRS,n,2,305.0,3.27,D,0
38.07074,40.65801,332.63,0.43,0.46,2024-10-12,945,N,VIIRS,n,2,302.52,3.08,D,0
38.07396,37.14223,350.82,0.33,0.55,2024-10-12,945,N,VIIRS,n,2,295.93,3.69,D,0
38.091,40.91546,342.92,0.42,0.45,2024-10-12,945,N,VIIRS,n,2,308.34,5.05,D,0
38.11771,40.15071,355.04,0.46,0.47,2024-10-12,945,N,VIIRS,n,2,301.96,11.12,D,0
38.12303,40.79506,342.72,0.42,0.46,2024-10-12,945,N,VIIRS,n,2,306.86,3.3,D,0
38.17041,40.28583,367.0,0.45,0.47,2024-10-12,945,N,VIIRS,h,2,295.74,10.26,D,0
38.19031,40.79942,337.76,0.42,0.45,2024-10-12,945,N,VIIRS,n,2,307.6,2.96,D,0
38.19859,40.81702,343.09,0.42,0.45,2024-10-12,945,N,VIIRS,n,2,307.31,4.57,D,0
38.23837,40.7176,345.73,0.43,0.46,2024-10-12,945,N,VIIRS,n,2,307.94,4.47,D,0
38.27061,37.12323,343.68,0.32,0.55,2024-10-12,945,N,VIIRS,n,2,281.52,6.68,D,0
38.28025,37.24601,329.06,0.32,0.54,2024-10-12,945,N,VIIRS,n,2,289.39,4.34,D,0
38.28116,37.2496,367.0,0.32,0.54,2024-10-12,945,N,VIIRS,h,2,292.07,10.02,D,0
38.35884,36.96597,337.77,0.33,0.55,2024-10-12,945,N,VIIRS,n,2,282.61,3.54,D,0
38.53136,36.12012,354.27,0.36,0.57,2024-10-12,945,N,VIIRS,n,2,302.14,5.79,D,0
38.53242,36.12411,351.77,0.36,0.57,2024-10-12,945,N,VIIRS,n,2,304.18,5.79,D,0
38.53643,36.11792,333.14,0.36,0.57,2024-10-12,945,N,VIIRS,n,2,302.95,3.42,D,0
38.80506,40.88062,344.92,0.41,0.45,2024-10-12,945,N,VIIRS,n,2,302.45,12.1,D,0
39.07032,42.08416,335.43,0.53,0.42,2024-10-12,945,N,VIIRS,n,2,302.15,4.63,D,0
39.08775,38.90967,333.86,0.5,0.49,2024-10-12,945,N,VIIRS,n,2,302.62,3.12,D,0
39.08796,38.90652,335.24,0.5,0.49,2024-10-12,945,N,VIIRS,n,2,300.52,3.98,D,0
39.28661,42.33854,335.77,0.51,0.41,2024-10-12,945,N,VIIRS,n,2,302.86,2.99,D,0
39.28756,42.34019,344.93,0.51,0.41,2024-10-12,945,N,VIIRS,n,2,303.34,4.55,D,0
39.28783,42.34449,347.13,0.51,0.41,2024-10-12,945,N,VIIRS,n,2,302.78,6.68,D,0
39.28874,42.34614,334.49,0.51,0.41,2024-10-12,945,N,VIIRS,n,2,301.71,4.55,D,0
39.96853,44.07891,337.28,0.43,0.38,2024-10-12,945,N,VIIRS,n,2,300.63,6.88,D,0
38.36137,32.57264,347.08,0.55,0.68,2024-10-12,946,N,VIIRS,n,2,300.32,10.26,D,0
38.74364,34.12314,350.98,0.45,0.63,2024-10-12,946,N,VIIRS,n,2,300.87,6.28,D,0
38.74378,34.12509,343.41,0.45,0.63,2024-10-12,946,N,VIIRS,n,2,300.42,5.76,D,0
39.04746,36.68725,367.0,0.33,0.55,2024-10-12,946,N,VIIRS,h,2,295.9,10.56,D,0
39.15227,35.29396,346.02,0.38,0.59,2024-10-12,946,N,VIIRS,n,2,301.01,5.4,D,0
39.15344,35.29832,331.8,0.38,0.59,2024-10-12,946,N,VIIRS,n,2,299.01,6.6,D,0
39.19933,36.55566,367.0,0.33,0.55,2024-10-12,946,N,VIIRS,h,2,303.54,4.84,D,0
39.2042,36.55351,334.53,0.33,0.55,2024-10-12,946,N,VIIRS,n,2,296.64,4.84,D,0
39.43455,36.80558,331.16,0.63,0.54,2024-10-12,946,N,VIIRS,n,2,300.24,4.49,D,0
39.43793,36.819,332.85,0.63,0.54,2024-10-12,946,N,VIIRS,n,2,299.79,10.82,D,0
39.7246,36.75388,349.96,0.62,0.54,2024-10-12,946,N,VIIRS,n,2,305.12,25.4,D,0
39.92546,39.99036,330.84,0.43,0.46,2024-10-12,946,N,VIIRS,n,2,303.0,2.92,D,0
40.04333,34.87125,336.3,0.38,0.59,2024-10-12,946,N,VIIRS,n,2,299.53,3.09,D,0
40.18312,38.2186,329.26,0.51,0.49,2024-10-12,946,N,VIIRS,n,2,302.75,3.13,D,0
40.25739,40.04728,331.05,0.42,0.45,2024-10-12,946,N,VIIRS,n,2,298.05,4.96,D,0
40.25843,40.05198,341.23,0.42,0.45,2024-10-12,946,N,VIIRS,n,2,299.75,4.96,D,0
40.47667,34.22609,345.86,0.4,0.6,2024-10-12,946,N,VIIRS,n,2,296.07,2.77,D,0
40.73837,35.57964,342.15,0.33,0.56,2024-10-12,946,N,VIIRS,n,2,292.49,2.41,D,0
41.23977,36.46461,338.71,0.59,0.53,2024-10-12,946,N,VIIRS,n,2,295.84,4.05,D,2
41.67102,35.95324,329.77,0.61,0.53,2024-10-12,946,N,VIIRS,n,2,282.55,2.44,D,0
36.32167,37.36099,335.25,0.54,0.68,2024-10-12,1125,N,VIIRS,n,2,301.46,5.95,D,0
36.32584,37.36107,340.29,0.54,0.67,2024-10-12,1125,N,VIIRS,n,2,301.95,7.4,D,0
36.82212,35.80791,348.9,0.44,0.63,2024-10-12,1126,N,VIIRS,n,2,294.8,5.51,D,0
36.84372,34.94972,334.73,0.4,0.6,2024-10-12,1126,N,VIIRS,n,2,295.3,2.74,D,0
36.95316,28.64908,331.5,0.55,0.43,2024-10-12,1126,N,VIIRS,n,2,296.49,2.04,D,0
36.99352,39.59212,333.06,0.72,0.75,2024-10-12,1126,N,VIIRS,n,2,299.58,3.63,D,0
36.99736,39.59345,350.98,0.71,0.75,2024-10-12,1126,N,VIIRS,n,2,299.94,10.61,D,0
37.00061,39.59184,336.96,0.72,0.75,2024-10-12,1126,N,VIIRS,n,2,298.46,5.24,D,0
37.06274,35.02998,337.44,0.4,0.6,2024-10-12,1126,N,VIIRS,n,2,294.88,5.11,D,0
37.41714,37.19119,346.11,0.53,0.67,2024-10-12,1126,N,VIIRS,n,2,301.85,4.6,D,0
37.45221,37.01007,337.73,0.52,0.67,2024-10-12,1126,N,VIIRS,n,2,301.84,3.36,D,0
37.45462,37.2898,335.55,0.54,0.68,2024-10-12,1126,N,VIIRS,n,2,298.8,25.7,D,0
37.4548,37.29583,367.0,0.54,0.68,2024-10-12,1126,N,VIIRS,h,2,309.16,27.22,D,0
37.45871,37.29179,354.38,0.54,0.68,2024-10-12,1126,N,VIIRS,n,2,300.47,37.41,D,0
37.45892,37.2976,367.0,0.54,0.68,2024-10-12,1126,N,VIIRS,h,2,309.65,37.41,D,0
37.46117,37.29626,367.0,0.54,0.68,2024-10-12,1126,N,VIIRS,h,2,301.5,27.22,D,0
37.46134,37.3019,343.0,0.54,0.68,2024-10-12,1126,N,VIIRS,n,2,299.21,27.22,D,0
37.57079,34.03457,341.97,0.36,0.57,2024-10-12,1126,N,VIIRS,n,2,304.17,2.34,D,0
37.57088,38.34155,343.05,0.62,0.71,2024-10-12,1126,N,VIIRS,n,2,299.14,9.25,D,0
37.62995,38.28774,332.43,0.61,0.71,2024-10-12,1126,N,VIIRS,n,2,300.07,7.39,D,0
37.79855,27.47286,330.41,0.5,0.41,2024-10-12,1126,N,VIIRS,n,2,300.32,2.47,D,0
37.83677,28.09197,332.84,0.53,0.42,2024-10-12,1126,N,VIIRS,n,2,296.2,3.18,D,0
37.921,40.03924,337.46,0.76,0.77,2024-10-12,1126,N,VIIRS,n,2,274.95,17.07,D,0
38.05433,40.18961,332.59,0.78,0.78,2024-10-12,1126,N,VIIRS,n,2,288.45,9.22,D,0
38.05438,40.19885,334.57,0.78,0.78,2024-10-12,1126,N,VIIRS,n,2,288.69,14.2,D,0
38.05461,40.19075,333.31,0.78,0.78,2024-10-12,1126,N,VIIRS,n,2,288.35,7.54,D,0
38.0547,40.2,329.94,0.78,0.78,2024-10-12,1126,N,VIIRS,n,2,288.45,7.54,D,0
38.14354,36.88993,332.75,0.52,0.67,2024-10-12,1126,N,VIIRS,n,2,299.96,6.31,D,0
38.14647,36.89294,342.73,0.52,0.67,2024-10-12,1126,N,VIIRS,n,2,300.54,4.55,D,0
38.1771,29.68049,356.54,0.42,0.46,2024-10-12,1126,N,VIIRS,n,2,308.88,18.56,D,0
38.23923,37.13769,333.13,0.54,0.68,2024-10-12,1126,N,VIIRS,n,2,299.89,5.22,D,0
38.25127,37.11799,341.54,0.54,0.68,2024-10-12,1126,N,VIIRS,n,2,301.68,4.63,D,0
38.25389,37.11627,333.76,0.54,0.68,2024-10-12,1126,N,VIIRS,n,2,299.24,5.83,D,0
38.25779,29.90052,341.12,0.44,0.46,2024-10-12,1126,N,VIIRS,n,2,298.99,42.39,D,0
38.27305,37.12184,335.13,0.54,0.68,2024-10-12,1126,N,VIIRS,n,2,300.07,4.07,D,0
38.27678,37.12337,334.66,0.54,0.68,2024-10-12,1126,N,VIIRS,n,2,298.05,3.48,D,0
38.27861,32.21314,335.98,0.58,0.52,2024-10-12,1126,N,VIIRS,n,2,301.7,6.06,D,0
38.30869,38.06211,338.28,0.6,0.71,2024-10-12,1126,N,VIIRS,n,2,297.13,6.58,D,0
38.3112,38.06305,340.61,0.6,0.71,2024-10-12,1126,N,VIIRS,n,2,296.97,5.13,D,0
38.59243,32.9403,330.22,0.32,0.55,2024-10-12,1126,N,VIIRS,n,2,299.04,0.84,D,0
38.59483,32.94117,336.44,0.32,0.55,2024-10-12,1126,N,VIIRS,n,2,298.93,1.35,D,0
38.64632,37.55387,341.94,0.57,0.69,2024-10-12,1126,N,VIIRS,n,2,296.13,7.83,D,0
39.19694,36.56712,330.02,0.51,0.66,2024-10-12,1126,N,VIIRS,n,2,296.45,10.38,D,0
39.19855,36.56405,344.27,0.51,0.66,2024-10-12,1126,N,VIIRS,n,2,297.27,7.7,D,0
39.19876,36.57022,356.11,0.51,0.66,2024-10-12,1126,N,VIIRS,n,2,297.62,7.7,D,0
39.20311,36.56625,367.0,0.51,0.66,2024-10-12,1126,N,VIIRS,h,2,297.32,10.38,D,0
39.26596,33.85203,339.12,0.36,0.58,2024-10-12,1126,N,VIIRS,n,2,301.04,5.38,D,0
39.26619,33.8563,335.68,0.36,0.58,2024-10-12,1126,N,VIIRS,n,2,301.47,4.87,D,0
39.31612,34.80949,338.25,0.41,0.61,2024-10-12,1126,N,VIIRS,n,2,293.12,3.48,D,0
40.13624,33.20415,337.85,0.34,0.56,2024-10-12,1126,N,VIIRS,n,2,297.9,1.72,D,0
40.01349,27.81885,333.03,0.54,0.42,2024-10-12,1127,N,VIIRS,n,2,286.55,2.8,D,0
40.11743,27.9511,339.27,0.55,0.43,2024-10-12,1127,N,VIIRS,n,2,289.66,7.99,D,0
41.19393,36.60288,326.35,0.52,0.67,2024-10-12,1127,N,VIIRS,n,2,287.39,2.79,D,0
42.11506,43.0195,301.26,0.52,0.67,2024-10-12,2203,N,VIIRS,n,2,284.89,0.83,N,0
42.11522,43.01288,296.87,0.52,0.67,2024-10-12,2203,N,VIIRS,n,2,284.77,0.83,N,2
35.52254,44.34146,303.4,0.4,0.6,2024-10-12,2205,N,VIIRS,n,2,288.21,3.45,N,2
35.5264,44.3436,352.24,0.4,0.6,2024-10-12,2205,N,VIIRS,n,2,290.05,4.75,N,2
35.52666,44.33899,339.7,0.4,0.6,2024-10-12,2205,N,VIIRS,n,2,289.4,4.75,N,2
35.52784,44.34666,298.06,0.4,0.6,2024-10-12,2205,N,VIIRS,n,2,287.34,3.45,N,2
35.52812,44.34207,367.0,0.4,0.6,2024-10-12,2205,N,VIIRS,h,2,291.92,3.45,N,2
35.52841,44.33748,349.52,0.4,0.6,2024-10-12,2205,N,VIIRS,n,2,291.13,9.82,N,2
35.53223,44.33964,347.86,0.4,0.6,2024-10-12,2205,N,VIIRS,n,2,291.7,4.75,N,2
35.53249,44.33508,322.95,0.4,0.6,2024-10-12,2205,N,VIIRS,n,2,290.95,7.15,N,2
35.53399,44.33815,325.71,0.4,0.6,2024-10-12,2205,N,VIIRS,n,2,289.71,1.35,N,2
35.53426,44.33361,301.77,0.4,0.6,2024-10-12,2205,N,VIIRS,n,2,290.01,1.35,N,2
35.55535,43.46531,297.45,0.45,0.63,2024-10-12,2205,N,VIIRS,n,2,287.35,0.3,N,0
35.56353,44.28334,304.94,0.4,0.6,2024-10-12,2205,N,VIIRS,n,2,289.56,0.43,N,2
35.62458,44.00817,298.73,0.42,0.61,2024-10-12,2205,N,VIIRS,n,2,288.25,3.54,N,2
35.6258,44.43508,299.04,0.39,0.6,2024-10-12,2205,N,VIIRS,n,2,288.01,0.45,N,0
35.63029,44.00853,367.0,0.42,0.61,2024-10-12,2205,N,VIIRS,h,2,293.18,3.54,N,2
35.6615,43.96421,367.0,0.42,0.61,2024-10-12,2205,N,VIIRS,h,2,292.09,6.96,N,2
35.66241,43.9673,303.52,0.42,0.61,2024-10-12,2205,N,VIIRS,n,2,288.16,2.45,N,2
35.66266,43.96258,349.4,0.42,0.61,2024-10-12,2205,N,VIIRS,n,2,291.21,5.51,N,2
35.68435,43.87793,354.32,0.42,0.61,2024-10-12,2205,N,VIIRS,n,2,290.17,11.58,N,2
35.68461,43.87316,367.0,0.42,0.61,2024-10-12,2205,N,VIIRS,h,2,291.45,11.58,N,2
35.70678,43.9952,317.85,0.42,0.61,2024-10-12,2205,N,VIIRS,n,2,286.28,1.9,N,0
35.71248,43.99582,296.9,0.42,0.61,2024-10-12,2205,N,VIIRS,n,2,286.0,1.9,N,0
35.71274,43.99108,333.57,0.42,0.61,2024-10-12,2205,N,VIIRS,n,2,287.57,1.9,N,0
35.71301,43.98635,312.14,0.42,0.61,2024-10-12,2205,N,VIIRS,n,2,286.28,1.61,N,0
35.71326,43.98163,296.37,0.42,0.61,2024-10-12,2205,N,VIIRS,n,2,286.29,1.61,N,0
35.71817,43.99644,303.69,0.42,0.61,2024-10-12,2205,N,VIIRS,n,2,286.68,1.52,N,0
35.71844,43.9917,320.14,0.42,0.61,2024-10-12,2205,N,VIIRS,n,2,287.12,1.52,N,0
35.7187,43.98695,321.1,0.42,0.61,2024-10-12,2205,N,VIIRS,n,2,287.11,3.46,N,0
35.71891,43.7712,302.05,0.43,0.62,2024-10-12,2205,N,VIIRS,n,2,291.86,0.76,N,2
35.72146,44.03993,318.17,0.41,0.61,2024-10-12,2205,N,VIIRS,n,2,288.52,1.15,N,2
35.72414,43.99231,300.91,0.42,0.61,2024-10-12,2205,N,VIIRS,n,2,286.56,1.52,N,0
35.7244,43.98758,333.52,0.42,0.61,2024-10-12,2205,N,VIIRS,n,2,287.92,3.46,N,0
35.72713,44.04072,329.3,0.41,0.61,2024-10-12,2205,N,VIIRS,n,2,290.08,1.84,N,2
35.72768,44.03114,321.58,0.42,0.61,2024-10-12,2205,N,VIIRS,n,2,288.35,2.93,N,2
35.76997,43.99283,313.77,0.42,0.61,2024-10-12,2205,N,VIIRS,n,2,288.55,1.65,N,2
35.77156,44.30871,297.88,0.4,0.6,2024-10-12,2205,N,VIIRS,n,2,287.26,0.47,N,0
35.77158,43.99464,328.91,0.42,0.61,2024-10-12,2205,N,VIIRS,n,2,289.81,1.61,N,2
35.79343,44.3206,311.3,0.4,0.6,2024-10-12,2205,N,VIIRS,n,2,289.49,0.91,N,0
35.7937,44.31589,307.19,0.4,0.6,2024-10-12,2205,N,VIIRS,n,2,289.8,0.91,N,0
35.81413,43.25374,298.45,0.46,0.64,2024-10-12,2205,N,VIIRS,n,2,288.01,0.56,N,2
35.83369,43.21857,299.67,0.46,0.64,2024-10-12,2205,N,VIIRS,n,2,288.63,0.71,N,2
35.83846,44.02895,300.54,0.42,0.61,2024-10-12,2205,N,VIIRS,n,2,285.74,0.59,N,0
35.92118,43.7902,302.03,0.43,0.62,2024-10-12,2205,N,VIIRS,n,2,288.38,0.68,N,2
35.95353,43.72807,312.53,0.43,0.62,2024-10-12,2205,N,VIIRS,n,2,289.34,1.34,N,2
35.96902,43.76461,309.97,0.43,0.62,2024-10-12,2205,N,VIIRS,n,2,291.01,2.82,N,2
35.96907,43.76575,304.41,0.43,0.62,2024-10-12,2205,N,VIIRS,n,2,290.63,3.39,N,2
35.97456,43.76952,302.21,0.43,0.62,2024-10-12,2205,N,VIIRS,n,2,289.49,0.96,N,2
35.97465,43.77068,306.64,0.43,0.62,2024-10-12,2205,N,VIIRS,n,2,289.97,2.05,N,2
35.97491,43.99562,296.49,0.42,0.61,2024-10-12,2205,N,VIIRS,n,2,285.65,0.23,N,0
35.98036,43.76973,308.74,0.43,0.62,2024-10-12,2205,N,VIIRS,n,2,289.36,0.96,N,2
35.98063,43.76494,303.82,0.43,0.62,2024-10-12,2205,N,VIIRS,n,2,289.59,0.96,N,2
35.98068,43.76613,315.35,0.43,0.62,2024-10-12,2205,N,VIIRS,n,2,290.49,2.62,N,2
35.99856,43.7574,298.48,0.43,0.62,2024-10-12,2205,N,VIIRS,n,2,288.41,0.52,N,2
36.01274,44.14421,320.55,0.41,0.61,2024-10-12,2205,N,VIIRS,n,2,287.53,1.98,N,0
36.0176,44.15937,299.4,0.41,0.61,2024-10-12,2205,N,VIIRS,n,2,288.16,0.63,N,0
36.01973,43.68404,299.17,0.44,0.62,2024-10-12,2205,N,VIIRS,n,2,288.62,0.87,N,2
36.01999,43.67893,306.05,0.44,0.62,2024-10-12,2205,N,VIIRS,n,2,288.22,1.41,N,2
36.06268,44.09421,300.26,0.42,0.61,2024-10-12,2205,N,VIIRS,n,2,287.44,0.8,N,0
36.06293,44.08936,299.93,0.42,0.61,2024-10-12,2205,N,VIIRS,n,2,287.28,0.8,N,0
36.06707,44.09178,308.02,0.41,0.61,2024-10-12,2205,N,VIIRS,n,2,287.78,1.25,N,0
36.08062,43.63776,299.42,0.44,0.62,2024-10-12,2205,N,VIIRS,n,2,285.38,0.47,N,0
36.09866,43.6291,299.59,0.44,0.62,2024-10-12,2205,N,VIIRS,n,2,286.16,0.35,N,0
36.14292,40.81236,312.7,0.63,0.72,2024-10-12,2205,N,VIIRS,n,2,287.01,1.37,N,2
36.14744,43.79353,335.22,0.43,0.62,2024-10-12,2205,N,VIIRS,n,2,290.83,4.05,N,2
36.14797,43.78347,301.3,0.43,0.62,2024-10-12,2205,N,VIIRS,n,2,289.8,2.8,N,0
36.23305,43.82748,301.35,0.43,0.62,2024-10-12,2205,N,VIIRS,n,2,285.06,0.97,N,0
36.2436,43.84772,297.98,0.43,0.62,2024-10-12,2205,N,VIIRS,n,2,285.01,0.65,N,0
36.37601,43.86436,320.46,0.43,0.62,2024-10-12,2205,N,VIIRS,n,2,285.17,0.96,N,0
36.37632,43.86551,315.65,0.43,0.62,2024-10-12,2205,N,VIIRS,n,2,285.22,2.39,N,0
36.3818,43.86466,296.94,0.43,0.62,2024-10-12,2205,N,VIIRS,n,2,285.32,0.96,N,0
36.44058,42.93036,303.04,0.48,0.65,2024-10-12,2205,N,VIIRS,n,2,288.06,0.71,N,2
36.44138,42.93096,299.05,0.48,0.65,2024-10-12,2205,N,VIIRS,n,2,287.57,0.92,N,2
36.4854,43.88469,311.33,0.43,0.62,2024-10-12,2205,N,VIIRS,n,2,286.17,1.08,N,0
36.48555,43.88454,313.32,0.43,0.62,2024-10-12,2205,N,VIIRS,n,2,286.65,1.89,N,0
36.51754,43.93819,301.86,0.43,0.62,2024-10-12,2205,N,VIIRS,n,2,285.45,0.5,N,0
36.53172,44.32236,299.58,0.41,0.6,2024-10-12,2205,N,VIIRS,n,2,285.56,1.38,N,0
36.53199,44.31757,323.5,0.41,0.6,2024-10-12,2205,N,VIIRS,n,2,286.24,1.38,N,0
36.53225,44.31278,301.4,0.41,0.6,2024-10-12,2205,N,VIIRS,n,2,285.5,2.11,N,0
36.57873,43.00343,316.3,0.48,0.65,2024-10-12,2205,N,VIIRS,n,2,286.38,1.27,N,0
36.58478,43.00395,299.77,0.48,0.65,2024-10-12,2205,N,VIIRS,n,2,285.74,1.27,N,0
36.58572,42.52753,297.76,0.51,0.66,2024-10-12,2205,N,VIIRS,n,2,284.71,1.36,N,0
36.58595,42.52171,304.86,0.51,0.66,2024-10-12,2205,N,VIIRS,n,2,281.92,1.42,N,0
36.6225,42.99918,296.05,0.48,0.65,2024-10-12,2205,N,VIIRS,n,2,284.89,0.78,N,0
36.62742,43.00191,299.28,0.48,0.65,2024-10-12,2205,N,VIIRS,n,2,285.74,1.15,N,0
36.6725,43.11031,306.51,0.48,0.64,2024-10-12,2205,N,VIIRS,n,2,286.78,1.26,N,0
36.70736,43.59885,305.0,0.45,0.63,2024-10-12,2205,N,VIIRS,n,2,287.35,1.4,N,0
36.70937,43.59889,305.21,0.45,0.63,2024-10-12,2205,N,VIIRS,n,2,286.82,0.95,N,0
36.71642,43.07523,299.43,0.48,0.65,2024-10-12,2205,N,VIIRS,n,2,275.34,2.99,N,0
36.71667,43.06968,299.86,0.48,0.65,2024-10-12,2205,N,VIIRS,n,2,280.35,2.72,N,0
36.72316,43.19174,302.86,0.47,0.64,2024-10-12,2205,N,VIIRS,n,2,285.58,0.89,N,0
36.72473,43.19171,302.3,0.47,0.64,2024-10-12,2205,N,VIIRS,n,2,286.04,0.44,N,0
36.73114,43.27736,307.12,0.47,0.64,2024-10-12,2205,N,VIIRS,n,2,286.08,0.64,N,2
36.7332,43.27717,302.08,0.47,0.64,2024-10-12,2205,N,VIIRS,n,2,285.7,1.11,N,2
36.8382,42.34209,304.15,0.53,0.67,2024-10-12,2205,N,VIIRS,n,2,283.34,0.71,N,0
36.87033,43.48592,321.95,0.46,0.63,2024-10-12,2205,N,VIIRS,n,2,286.32,2.44,N,2
36.89098,43.42522,329.1,0.46,0.64,2024-10-12,2205,N,VIIRS,n,2,284.64,3.32,N,2
36.90479,43.38454,323.2,0.46,0.64,2024-10-12,2205,N,VIIRS,n,2,284.44,2.48,N,2
36.93727,42.13276,303.47,0.54,0.68,2024-10-12,2205,N,VIIRS,n,2,285.6,1.5,N,2
36.93749,42.12643,299.69,0.54,0.68,2024-10-12,2205,N,VIIRS,n,2,286.26,1.55,N,2
36.94232,42.17013,309.18,0.54,0.68,2024-10-12,2205,N,VIIRS,n,2,285.92,0.7,N,2
36.94384,42.12693,301.09,0.54,0.68,2024-10-12,2205,N,VIIRS,n,2,286.29,1.55,N,2
36.9502,42.1273,300.89,0.54,0.68,2024-10-12,2205,N,VIIRS,n,2,285.96,0.99,N,0
36.96453,42.08299,307.91,0.54,0.68,2024-10-12,2205,N,VIIRS,n,2,284.85,0.85,N,2
36.96476,42.07661,297.61,0.54,0.68,2024-10-12,2205,N,VIIRS,n,2,284.89,1.27,N,2
36.96587,42.08122,322.57,0.54,0.68,2024-10-12,2205,N,VIIRS,n,2,285.28,2.5,N,2
37.07526,42.55583,314.66,0.51,0.66,2024-10-12,2205,N,VIIRS,n,2,287.46,1.93,N,2
37.07972,42.55441,308.4,0.51,0.66,2024-10-12,2205,N,VIIRS,n,2,288.13,1.67,N,2
37.68426,40.4532,299.01,0.67,0.74,2024-10-12,2205,N,VIIRS,n,2,286.04,1.17,N,0
37.68966,40.5413,296.02,0.67,0.73,2024-10-12,2205,N,VIIRS,n,2,284.4,0.65,N,0
37.71518,40.96482,297.96,0.63,0.72,2024-10-12,2205,N,VIIRS,n,2,285.2,1.5,N,0
37.71715,40.96317,314.52,0.63,0.72,2024-10-12,2205,N,VIIRS,n,2,285.36,3.44,N,0
37.72195,40.96461,338.6,0.63,0.72,2024-10-12,2205,N,VIIRS,n,2,287.96,6.36,N,0
37.72213,40.957,306.12,0.63,0.72,2024-10-12,2205,N,VIIRS,n,2,285.79,6.36,N,0
37.72379,40.97073,297.06,0.63,0.72,2024-10-12,2205,N,VIIRS,n,2,285.6,3.44,N,0
37.72393,40.96302,345.39,0.63,0.72,2024-10-12,2205,N,VIIRS,n,2,288.91,3.44,N,0
37.72855,40.97209,335.77,0.63,0.72,2024-10-12,2205,N,VIIRS,n,2,286.79,7.82,N,0
37.72873,40.96446,325.47,0.63,0.72,2024-10-12,2205,N,VIIRS,n,2,287.03,6.36,N,0
37.73056,40.97057,348.22,0.63,0.72,2024-10-12,2205,N,VIIRS,n,2,287.58,5.97,N,0
37.7307,40.96292,313.98,0.63,0.72,2024-10-12,2205,N,VIIRS,n,2,285.84,5.97,N,0
37.73283,40.39606,295.93,0.68,0.74,2024-10-12,2205,N,VIIRS,n,2,284.01,1.02,N,0
37.73531,40.97201,315.81,0.63,0.72,2024-10-12,2205,N,VIIRS,n,2,285.99,2.32,N,0
37.87601,40.83918,303.85,0.64,0.72,2024-10-12,2205,N,VIIRS,n,2,284.35,2.3,N,0
37.87655,40.84393,295.11,0.64,0.72,2024-10-12,2205,N,VIIRS,n,2,284.37,0.98,N,0
37.87669,40.83634,308.39,0.64,0.72,2024-10-12,2205,N,VIIRS,n,2,284.66,0.98,N,0
37.88349,40.83724,296.22,0.64,0.72,2024-10-12,2205,N,VIIRS,n,2,285.19,0.98,N,0
37.90559,40.75461,300.84,0.65,0.73,2024-10-12,2205,N,VIIRS,n,2,284.41,1.8,N,0
37.933,41.05815,311.13,0.63,0.72,2024-10-12,2205,N,VIIRS,n,2,285.46,2.06,N,0
37.93533,41.05677,301.87,0.63,0.72,2024-10-12,2205,N,VIIRS,n,2,285.13,1.91,N,0
37.98341,40.17797,298.15,0.7,0.75,2024-10-12,2205,N,VIIRS,n,2,284.21,0.91,N,0
37.99319,40.86532,306.32,0.64,0.72,2024-10-12,2205,N,VIIRS,n,2,284.51,1.25,N,0
38.03291,40.97234,296.33,0.63,0.72,2024-10-12,2205,N,VIIRS,n,2,284.47,0.43,N,0
38.04916,40.31932,298.54,0.69,0.74,2024-10-12,2205,N,VIIRS,n,2,283.21,1.51,N,0
38.09766,41.11838,296.97,0.62,0.72,2024-10-12,2205,N,VIIRS,n,2,284.55,0.9,N,0
38.13714,40.92539,299.11,0.64,0.72,2024-10-12,2205,N,VIIRS,n,2,285.26,1.18,N,0
38.14237,40.92768,302.43,0.64,0.72,2024-10-12,2205,N,VIIRS,n,2,285.59,1.74,N,0
38.15657,40.98138,318.79,0.64,0.72,2024-10-12,2205,N,VIIRS,n,2,285.76,2.77,N,0
38.16144,40.98477,311.51,0.63,0.72,2024-10-12,2205,N,VIIRS,n,2,286.17,2.7,N,0
38.17737,40.88368,298.28,0.64,0.72,2024-10-12,2205,N,VIIRS,n,2,285.32,0.69,N,0
38.17871,40.88186,298.4,0.64,0.72,2024-10-12,2205,N,VIIRS,n,2,285.34,1.38,N,0
38.18489,40.85324,303.43,0.65,0.73,2024-10-12,2205,N,VIIRS,n,2,285.24,1.18,N,0
38.18607,40.85145,301.28,0.65,0.73,2024-10-12,2205,N,VIIRS,n,2,285.1,0.52,N,0
38.24887,40.40738,297.78,0.68,0.74,2024-10-12,2205,N,VIIRS,n,2,284.05,0.52,N,0
36.37598,43.86538,301.82,0.43,0.62,2024-10-12,2345,N,VIIRS,n,2,285.69,0.62,N,0
36.43857,44.38019,296.55,0.46,0.63,2024-10-12,2345,N,VIIRS,n,2,284.4,0.5,N,0
36.52987,44.32006,296.86,0.45,0.63,2024-10-12,2345,N,VIIRS,n,2,285.0,0.58,N,0
36.57819,43.00566,315.17,0.38,0.59,2024-10-12,2345,N,VIIRS,n,2,287.48,1.83,N,0
36.57965,43.00627,313.46,0.38,0.59,2024-10-12,2345,N,VIIRS,n,2,286.99,1.76,N,0
36.58344,43.00777,296.33,0.38,0.59,2024-10-12,2345,N,VIIRS,n,2,286.3,0.4,N,0
36.58411,42.52549,300.86,0.36,0.58,2024-10-12,2345,N,VIIRS,n,2,286.25,0.72,N,0
36.58516,42.52153,302.76,0.36,0.58,2024-10-12,2345,N,VIIRS,n,2,286.51,1.4,N,0
36.58888,42.98696,298.42,0.38,0.59,2024-10-12,2345,N,VIIRS,n,2,286.33,0.5,N,0
36.58995,42.98284,297.15,0.38,0.59,2024-10-12,2345,N,VIIRS,n,2,286.4,0.74,N,0
36.59047,42.98762,296.86,0.38,0.59,2024-10-12,2345,N,VIIRS,n,2,286.13,0.42,N,0
36.60723,42.58836,298.18,0.36,0.58,2024-10-12,2345,N,VIIRS,n,2,285.82,1.0,N,0
36.6272,43.00221,300.89,0.38,0.59,2024-10-12,2345,N,VIIRS,n,2,285.74,0.66,N,0
36.63354,43.00016,301.49,0.38,0.59,2024-10-12,2345,N,VIIRS,n,2,284.83,0.72,N,0
36.63878,43.00225,299.15,0.38,0.59,2024-10-12,2345,N,VIIRS,n,2,285.3,0.46,N,0
36.66552,43.36369,297.83,0.4,0.6,2024-10-12,2345,N,VIIRS,n,2,285.98,0.79,N,0
36.67202,43.36148,300.94,0.4,0.6,2024-10-12,2345,N,VIIRS,n,2,286.35,1.43,N,0
36.67354,43.11297,303.96,0.39,0.59,2024-10-12,2345,N,VIIRS,n,2,287.25,0.83,N,0
36.67469,43.11041,297.83,0.39,0.59,2024-10-12,2345,N,VIIRS,n,2,287.36,0.57,N,0
36.67738,43.36355,297.29,0.4,0.6,2024-10-12,2345,N,VIIRS,n,2,286.16,0.44,N,0
36.67853,43.35921,296.38,0.4,0.6,2024-10-12,2345,N,VIIRS,n,2,285.52,0.44,N,0
36.71333,43.07478,300.81,0.38,0.59,2024-10-12,2345,N,VIIRS,n,2,284.65,0.51,N,0
36.71445,43.07057,298.71,0.38,0.59,2024-10-12,2345,N,VIIRS,n,2,283.94,0.51,N,0
36.71558,43.06634,295.64,0.38,0.59,2024-10-12,2345,N,VIIRS,n,2,284.26,0.32,N,0
36.7186,43.07683,317.8,0.38,0.59,2024-10-12,2345,N,VIIRS,n,2,285.98,1.34,N,0
36.72896,43.28206,302.91,0.39,0.6,2024-10-12,2345,N,VIIRS,n,2,287.05,0.61,N,2
36.73415,43.2826,299.16,0.39,0.6,2024-10-12,2345,N,VIIRS,n,2,286.45,0.44,N,0
36.74659,43.50176,298.3,0.4,0.6,2024-10-12,2345,N,VIIRS,n,2,285.93,0.79,N,2
36.77668,43.32323,320.78,0.4,0.6,2024-10-12,2345,N,VIIRS,n,2,287.79,2.1,N,2
36.82786,43.13124,312.96,0.38,0.59,2024-10-12,2345,N,VIIRS,n,2,285.19,0.84,N,0
36.85764,42.76633,297.58,0.37,0.58,2024-10-12,2345,N,VIIRS,n,2,285.5,0.18,N,0
36.86689,43.4902,310.69,0.4,0.6,2024-10-12,2345,N,VIIRS,n,2,285.5,1.38,N,2
36.86795,43.48625,305.52,0.4,0.6,2024-10-12,2345,N,VIIRS,n,2,286.11,1.38,N,2
36.88828,43.4322,297.18,0.4,0.6,2024-10-12,2345,N,VIIRS,n,2,284.51,0.55,N,2
36.8936,43.43435,317.57,0.4,0.6,2024-10-12,2345,N,VIIRS,n,2,284.7,1.89,N,2
36.89488,43.42955,296.58,0.4,0.6,2024-10-12,2345,N,VIIRS,n,2,284.16,1.83,N,2
36.91446,41.89648,315.21,0.33,0.55,2024-10-12,2345,N,VIIRS,n,2,286.06,1.06,N,2
36.93784,42.13242,320.65,0.34,0.56,2024-10-12,2345,N,VIIRS,n,2,289.06,1.44,N,2
36.93904,42.17032,297.42,0.34,0.56,2024-10-12,2345,N,VIIRS,n,2,286.33,0.37,N,2
36.94377,42.13066,297.64,0.34,0.56,2024-10-12,2345,N,VIIRS,n,2,287.19,1.32,N,2
36.94402,42.17234,319.87,0.34,0.56,2024-10-12,2345,N,VIIRS,n,2,288.27,1.32,N,2
36.94874,42.13268,332.69,0.34,0.56,2024-10-12,2345,N,VIIRS,n,2,289.67,1.32,N,2
36.96189,42.08154,312.19,0.34,0.56,2024-10-12,2345,N,VIIRS,n,2,286.33,0.91,N,2
36.96686,42.08348,324.24,0.34,0.56,2024-10-12,2345,N,VIIRS,n,2,286.12,1.17,N,2
36.99874,41.56273,301.0,0.63,0.54,2024-10-12,2345,N,VIIRS,n,2,287.43,1.02,N,2
37.07808,42.5594,332.43,0.35,0.57,2024-10-12,2345,N,VIIRS,n,2,289.67,2.15,N,2
37.14621,41.71374,298.46,0.32,0.54,2024-10-12,2345,N,VIIRS,n,2,287.1,0.28,N,0
37.33722,40.80459,298.4,0.57,0.52,2024-10-12,2345,N,VIIRS,n,2,287.08,0.6,N,2
37.41404,39.65511,308.47,0.49,0.49,2024-10-12,2345,N,VIIRS,n,2,287.05,1.42,N,0
37.416,39.65841,303.14,0.49,0.49,2024-10-12,2345,N,VIIRS,n,2,286.58,1.6,N,0
37.43847,39.60269,301.34,0.49,0.48,2024-10-12,2345,N,VIIRS,n,2,285.44,0.63,N,0
37.68028,40.45671,300.8,0.53,0.5,2024-10-12,2345,N,VIIRS,n,2,287.06,1.04,N,0
37.69964,38.12909,303.7,0.41,0.45,2024-10-12,2345,N,VIIRS,n,2,285.14,0.55,N,0
37.71627,37.9337,301.47,0.4,0.44,2024-10-12,2345,N,VIIRS,n,2,285.86,0.77,N,0
37.72781,40.96566,299.88,0.56,0.52,2024-10-12,2345,N,VIIRS,n,2,284.47,1.37,N,0
37.7293,40.95951,304.36,0.56,0.52,2024-10-12,2345,N,VIIRS,n,2,283.4,1.37,N,0
37.74589,38.485,297.95,0.42,0.45,2024-10-12,2345,N,VIIRS,n,2,284.81,0.54,N,0
37.75617,38.47808,298.24,0.42,0.45,2024-10-12,2345,N,VIIRS,n,2,286.55,0.52,N,0
37.76027,38.47936,298.53,0.42,0.45,2024-10-12,2345,N,VIIRS,n,2,285.27,0.36,N,0
37.77047,38.47277,298.95,0.42,0.45,2024-10-12,2345,N,VIIRS,n,2,284.38,0.34,N,0
37.78061,38.52693,307.38,0.42,0.45,2024-10-12,2345,N,VIIRS,n,2,286.06,0.98,N,0
37.78113,38.14521,297.29,0.4,0.45,2024-10-12,2345,N,VIIRS,n,2,285.84,0.68,N,0
37.78162,38.52225,298.54,0.42,0.45,2024-10-12,2345,N,VIIRS,n,2,286.4,0.98,N,0
37.78176,38.52395,325.36,0.42,0.45,2024-10-12,2345,N,VIIRS,n,2,287.13,1.77,N,0
37.78587,38.52524,313.19,0.42,0.45,2024-10-12,2345,N,VIIRS,n,2,287.3,1.77,N,0
37.81869,38.53573,319.68,0.42,0.45,2024-10-12,2345,N,VIIRS,n,2,287.14,1.44,N,0
37.8197,38.53114,298.13,0.42,0.45,2024-10-12,2345,N,VIIRS,n,2,286.64,1.44,N,0
37.82276,38.53719,301.41,0.42,0.45,2024-10-12,2345,N,VIIRS,n,2,286.76,0.9,N,0
37.90415,40.75853,305.17,0.54,0.51,2024-10-12,2345,N,VIIRS,n,2,285.04,1.68,N,0
37.9087,40.76022,319.34,0.54,0.51,2024-10-12,2345,N,VIIRS,n,2,285.6,1.68,N,0
37.90945,40.92733,297.08,0.56,0.51,2024-10-12,2345,N,VIIRS,n,2,285.36,0.54,N,0
37.93254,41.05954,295.42,0.56,0.52,2024-10-12,2345,N,VIIRS,n,2,285.06,0.43,N,0
37.99423,40.86589,300.97,0.55,0.51,2024-10-12,2345,N,VIIRS,n,2,284.88,1.69,N,0
38.02878,40.79406,311.07,0.54,0.51,2024-10-12,2345,N,VIIRS,n,2,284.61,1.53,N,0
38.0311,40.79458,317.28,0.54,0.51,2024-10-12,2345,N,VIIRS,n,2,285.21,2.89,N,0
38.03327,40.79601,298.54,0.54,0.51,2024-10-12,2345,N,VIIRS,n,2,284.59,1.53,N,0
38.03816,41.28874,300.59,0.58,0.52,2024-10-12,2345,N,VIIRS,n,2,285.45,0.96,N,0
38.0495,40.3273,307.52,0.51,0.5,2024-10-12,2345,N,VIIRS,n,2,283.28,0.81,N,0
38.10029,41.11895,313.35,0.56,0.52,2024-10-12,2345,N,VIIRS,n,2,286.2,1.36,N,0
38.13673,40.92882,297.28,0.55,0.51,2024-10-12,2345,N,VIIRS,n,2,285.67,1.68,N,0
38.13977,40.93677,304.29,0.55,0.51,2024-10-12,2345,N,VIIRS,n,2,285.63,1.68,N,0
38.14128,40.9306,317.81,0.55,0.51,2024-10-12,2345,N,VIIRS,n,2,287.19,1.68,N,0
38.17559,40.8711,317.09,0.54,0.51,2024-10-12,2345,N,VIIRS,n,2,286.36,3.1,N,0
38.1773,40.88456,300.92,0.54,0.51,2024-10-12,2345,N,VIIRS,n,2,286.47,0.97,N,0
38.1846,40.85432,305.57,0.54,0.51,2024-10-12,2345,N,VIIRS,n,2,286.11,1.41,N,0
38.19172,40.82478,295.95,0.54,0.51,2024-10-12,2345,N,VIIRS,n,2,284.72,0.27,N,0
38.35449,35.14953,297.04,0.44,0.39,2024-10-12,2345,N,VIIRS,n,2,282.65,0.83,N,0
38.35477,35.15222,296.16,0.44,0.39,2024-10-12,2345,N,VIIRS,n,2,282.99,0.86,N,0
38.45369,38.72709,305.13,0.42,0.45,2024-10-12,2345,N,VIIRS,n,2,288.12,1.2,N,2
38.65212,39.77349,320.22,0.47,0.47,2024-10-12,2345,N,VIIRS,n,2,283.76,2.16,N,0
38.65334,39.76822,324.3,0.47,0.47,2024-10-12,2345,N,VIIRS,n,2,284.4,3.5,N,2
38.66415,39.23514,295.75,0.44,0.46,2024-10-12,2345,N,VIIRS,n,2,285.24,0.84,N,2
38.77645,36.05971,298.55,0.47,0.4,2024-10-12,2345,N,VIIRS,n,2,278.37,0.96,N,0
38.78004,36.06083,329.95,0.47,0.4,2024-10-12,2345,N,VIIRS,n,2,281.11,4.52,N,0
38.8409,39.47431,297.51,0.45,0.47,2024-10-12,2345,N,VIIRS,n,2,283.41,0.47,N,0
38.9966,37.47666,296.32,0.54,0.42,2024-10-12,2345,N,VIIRS,n,2,278.47,1.55,N,0
38.99934,37.47706,309.11,0.54,0.42,2024-10-12,2345,N,VIIRS,n,2,280.19,1.4,N,0
39.00057,37.47106,303.0,0.54,0.42,2024-10-12,2345,N,VIIRS,n,2,278.87,1.4,N,0
39.00166,37.4719,297.03,0.54,0.42,2024-10-12,2345,N,VIIRS,n,2,279.01,1.47,N,0
39.07851,31.74485,296.55,0.38,0.36,2024-10-12,2345,N,VIIRS,n,2,285.59,0.37,N,0
39.1959,36.56624,295.34,0.49,0.4,2024-10-12,2345,N,VIIRS,n,2,279.19,0.38,N,0
39.86542,26.24655,312.18,0.54,0.42,2024-10-12,2345,N,VIIRS,n,2,289.19,1.28,N,2
39.94364,33.19347,305.89,0.39,0.36,2024-10-12,2345,N,VIIRS,n,2,285.82,0.8,N,2
39.95848,33.14583,296.23,0.39,0.36,2024-10-12,2345,N,VIIRS,n,2,283.95,0.78,N,2
35.52367,44.34413,327.62,0.48,0.65,2024-10-12,2346,N,VIIRS,n,2,287.61,1.65,N,2
35.52508,44.33905,298.77,0.48,0.65,2024-10-12,2346,N,VIIRS,n,2,287.27,1.65,N,2
35.52639,44.34627,330.49,0.48,0.65,2024-10-12,2346,N,VIIRS,n,2,288.19,4.26,N,2
35.52783,44.34121,349.24,0.48,0.65,2024-10-12,2346,N,VIIRS,n,2,289.66,3.44,N,2
35.52927,44.33614,315.21,0.48,0.65,2024-10-12,2346,N,VIIRS,n,2,289.04,3.44,N,2
35.52944,44.34641,334.59,0.48,0.65,2024-10-12,2346,N,VIIRS,n,2,288.2,5.12,N,2
35.53085,44.34133,352.45,0.48,0.65,2024-10-12,2346,N,VIIRS,n,2,290.3,5.12,N,2
35.53226,44.3362,314.05,0.48,0.65,2024-10-12,2346,N,VIIRS,n,2,289.75,5.74,N,2
35.53359,44.34348,309.69,0.48,0.65,2024-10-12,2346,N,VIIRS,n,2,287.16,3.44,N,2
35.53505,44.33833,324.02,0.48,0.65,2024-10-12,2346,N,VIIRS,n,2,289.34,3.44,N,2
35.56103,43.46598,296.63,0.43,0.62,2024-10-12,2346,N,VIIRS,n,2,285.95,0.4,N,0
35.5624,44.28686,297.98,0.48,0.64,2024-10-12,2346,N,VIIRS,n,2,287.19,0.55,N,2
35.56382,44.28183,303.23,0.48,0.64,2024-10-12,2346,N,VIIRS,n,2,287.26,0.55,N,2
35.56506,44.28681,309.18,0.48,0.64,2024-10-12,2346,N,VIIRS,n,2,288.33,0.64,N,2
35.62688,44.01247,300.13,0.46,0.63,2024-10-12,2346,N,VIIRS,n,2,287.96,4.22,N,2
35.62797,44.01162,336.05,0.46,0.63,2024-10-12,2346,N,VIIRS,n,2,289.47,6.02,N,2
35.62824,44.00763,367.0,0.46,0.63,2024-10-12,2346,N,VIIRS,h,2,292.32,4.22,N,2
35.62929,44.00677,344.61,0.46,0.63,2024-10-12,2346,N,VIIRS,n,2,289.45,8.71,N,2
35.63383,44.01009,297.7,0.46,0.63,2024-10-12,2346,N,VIIRS,n,2,286.81,0.4,N,2
35.65895,43.96501,312.43,0.46,0.63,2024-10-12,2346,N,VIIRS,n,2,286.73,1.9,N,2
35.65972,43.96404,315.85,0.46,0.63,2024-10-12,2346,N,VIIRS,n,2,286.83,2.75,N,2
35.66459,43.96724,341.92,0.46,0.63,2024-10-12,2346,N,VIIRS,n,2,290.57,1.9,N,2
35.66536,43.96627,337.17,0.46,0.63,2024-10-12,2346,N,VIIRS,n,2,290.41,2.75,N,2
35.68229,43.88092,309.53,0.45,0.63,2024-10-12,2346,N,VIIRS,n,2,285.95,10.23,N,2
35.68334,43.87732,356.75,0.45,0.63,2024-10-12,2346,N,VIIRS,n,2,291.51,8.17,N,2
35.68361,43.87603,367.0,0.45,0.63,2024-10-12,2346,N,VIIRS,h,2,291.66,13.24,N,2
35.6847,43.87242,310.35,0.45,0.63,2024-10-12,2346,N,VIIRS,n,2,286.33,13.49,N,2
35.68894,43.87957,312.67,0.45,0.63,2024-10-12,2346,N,VIIRS,n,2,287.03,8.17,N,2
35.68921,43.8783,309.89,0.45,0.63,2024-10-12,2346,N,VIIRS,n,2,287.83,13.24,N,2
35.70676,43.99581,298.56,0.46,0.63,2024-10-12,2346,N,VIIRS,n,2,284.67,0.4,N,0
35.71376,43.99311,306.42,0.46,0.63,2024-10-12,2346,N,VIIRS,n,2,285.87,1.94,N,0
35.71512,43.98817,329.5,0.46,0.63,2024-10-12,2346,N,VIIRS,n,2,286.8,1.94,N,0
35.71883,43.77155,306.79,0.44,0.63,2024-10-12,2346,N,VIIRS,n,2,291.54,1.07,N,2
35.72124,44.03424,298.2,0.46,0.63,2024-10-12,2346,N,VIIRS,n,2,286.99,0.39,N,2
35.72318,44.04412,313.81,0.46,0.63,2024-10-12,2346,N,VIIRS,n,2,288.85,2.56,N,2
35.72456,44.0392,333.94,0.46,0.63,2024-10-12,2346,N,VIIRS,n,2,290.08,1.87,N,2
35.72559,44.04122,348.49,0.46,0.63,2024-10-12,2346,N,VIIRS,n,2,290.8,6.18,N,2
35.72593,44.03431,297.97,0.46,0.63,2024-10-12,2346,N,VIIRS,n,2,287.61,1.87,N,2
35.72829,44.03138,311.71,0.46,0.63,2024-10-12,2346,N,VIIRS,n,2,287.76,1.4,N,2
35.73165,44.0363,301.92,0.46,0.63,2024-10-12,2346,N,VIIRS,n,2,288.15,1.87,N,2
35.733,44.03148,298.57,0.46,0.63,2024-10-12,2346,N,VIIRS,n,2,287.62,1.13,N,2
35.77361,43.99817,318.93,0.45,0.63,2024-10-12,2346,N,VIIRS,n,2,288.27,1.41,N,2
35.77495,43.99337,298.21,0.45,0.63,2024-10-12,2346,N,VIIRS,n,2,287.07,1.56,N,2
35.7911,44.32241,301.39,0.47,0.64,2024-10-12,2346,N,VIIRS,n,2,287.97,1.54,N,0
35.79459,44.32462,301.77,0.47,0.64,2024-10-12,2346,N,VIIRS,n,2,287.74,0.99,N,0
35.79598,44.31967,303.49,0.47,0.64,2024-10-12,2346,N,VIIRS,n,2,288.4,1.53,N,0
35.81368,43.25644,300.49,0.41,0.61,2024-10-12,2346,N,VIIRS,n,2,287.9,0.51,N,2
35.92325,43.79166,306.41,0.44,0.62,2024-10-12,2346,N,VIIRS,n,2,287.61,0.71,N,2
35.92527,43.78873,309.39,0.44,0.62,2024-10-12,2346,N,VIIRS,n,2,287.97,1.13,N,2
35.952,43.73054,301.08,0.44,0.62,2024-10-12,2346,N,VIIRS,n,2,288.13,1.02,N,2
35.95439,43.72782,300.1,0.43,0.62,2024-10-12,2346,N,VIIRS,n,2,287.65,0.75,N,2
35.96746,43.76963,309.46,0.44,0.62,2024-10-12,2346,N,VIIRS,n,2,289.06,2.92,N,2
35.97287,43.77231,304.15,0.44,0.62,2024-10-12,2346,N,VIIRS,n,2,288.84,1.38,N,2
35.97962,43.77011,319.42,0.44,0.62,2024-10-12,2346,N,VIIRS,n,2,288.69,1.38,N,2
35.99315,44.41428,297.13,0.47,0.64,2024-10-12,2346,N,VIIRS,n,2,285.49,0.74,N,0
35.99991,43.76327,297.76,0.44,0.62,2024-10-12,2346,N,VIIRS,n,2,285.93,0.54,N,2
36.01603,43.68152,312.76,0.43,0.62,2024-10-12,2346,N,VIIRS,n,2,286.83,1.05,N,2
36.0207,44.16151,306.63,0.46,0.63,2024-10-12,2346,N,VIIRS,n,2,287.81,1.11,N,0
36.02154,43.68372,310.64,0.43,0.62,2024-10-12,2346,N,VIIRS,n,2,287.84,0.98,N,2
36.06399,44.09446,299.27,0.45,0.63,2024-10-12,2346,N,VIIRS,n,2,286.49,0.58,N,0
36.06435,44.09346,301.54,0.45,0.63,2024-10-12,2346,N,VIIRS,n,2,286.43,0.86,N,0
36.08141,43.64251,297.03,0.43,0.62,2024-10-12,2346,N,VIIRS,n,2,285.66,0.75,N,0
36.08388,43.63969,299.6,0.43,0.62,2024-10-12,2346,N,VIIRS,n,2,286.01,0.62,N,0
36.0986,43.63041,297.12,0.43,0.62,2024-10-12,2346,N,VIIRS,n,2,285.53,0.5,N,0
36.12362,43.78489,302.81,0.43,0.62,2024-10-12,2346,N,VIIRS,n,2,286.18,0.85,N,0
36.12489,43.78022,298.89,0.43,0.62,2024-10-12,2346,N,VIIRS,n,2,286.51,1.01,N,2
36.14116,40.81647,306.04,0.6,0.53,2024-10-12,2346,N,VIIRS,n,2,288.8,0.89,N,2
36.14466,40.81651,314.69,0.6,0.53,2024-10-12,2346,N,VIIRS,n,2,288.73,1.23,N,2
36.1459,40.81833,298.33,0.6,0.53,2024-10-12,2346,N,VIIRS,n,2,288.07,0.89,N,2
36.14722,43.79502,304.43,0.43,0.62,2024-10-12,2346,N,VIIRS,n,2,288.17,2.07,N,2
36.15146,43.7951,306.88,0.43,0.62,2024-10-12,2346,N,VIIRS,n,2,288.56,1.26,N,2
36.15281,43.797,301.76,0.43,0.62,2024-10-12,2346,N,VIIRS,n,2,288.28,1.51,N,2
36.15401,43.78564,300.59,0.43,0.62,2024-10-12,2346,N,VIIRS,n,2,288.86,1.38,N,0
36.26266,33.72717,305.18,0.42,0.38,2024-10-12,2346,N,VIIRS,n,2,289.74,1.11,N,2
36.35024,42.07545,303.81,0.35,0.57,2024-10-12,2346,N,VIIRS,n,2,291.03,0.96,N,2
36.44059,42.93001,306.78,0.38,0.59,2024-10-12,2346,N,VIIRS,n,2,287.94,0.89,N,2
36.58644,42.52426,304.79,0.36,0.58,2024-10-12,2346,N,VIIRS,n,2,286.49,0.56,N,0
36.58745,42.5203,298.07,0.36,0.58,2024-10-12,2346,N,VIIRS,n,2,285.55,0.56,N,0
36.68453,36.20874,298.6,0.52,0.41,2024-10-12,2346,N,VIIRS,n,2,287.85,1.02,N,0
36.69691,36.20643,304.19,0.52,0.41,2024-10-12,2346,N,VIIRS,n,2,291.94,1.51,N,2
36.72358,36.20452,309.12,0.52,0.41,2024-10-12,2346,N,VIIRS,n,2,290.19,2.57,N,0
36.72423,36.2089,315.99,0.52,0.41,2024-10-12,2346,N,VIIRS,n,2,291.37,2.79,N,0
36.7299,36.21249,314.87,0.52,0.41,2024-10-12,2346,N,VIIRS,n,2,293.38,4.35,N,2
36.86737,34.76078,303.25,0.45,0.39,2024-10-12,2346,N,VIIRS,n,2,291.36,0.85,N,2
36.86869,34.63527,301.39,0.45,0.39,2024-10-12,2346,N,VIIRS,n,2,290.2,0.29,N,0
36.8709,34.76178,304.8,0.45,0.39,2024-10-12,2346,N,VIIRS,n,2,291.59,1.33,N,2
36.96337,35.44831,302.15,0.48,0.4,2024-10-12,2346,N,VIIRS,n,2,290.81,0.61,N,2
37.0215,36.11301,308.72,0.51,0.41,2024-10-12,2346,N,VIIRS,n,2,291.09,2.07,N,2
37.2938,37.15716,305.4,0.56,0.43,2024-10-12,2346,N,VIIRS,n,2,290.35,1.36,N,2
37.57703,31.50496,299.94,0.38,0.36,2024-10-12,2346,N,VIIRS,n,2,284.69,0.17,N,0
37.86201,29.37191,305.69,0.4,0.37,2024-10-12,2346,N,VIIRS,n,2,288.77,0.93,N,2
37.89956,30.49185,298.8,0.39,0.36,2024-10-12,2346,N,VIIRS,n,2,287.74,0.84,N,2
38.06424,32.81404,296.24,0.39,0.36,2024-10-12,2346,N,VIIRS,n,2,282.96,0.42,N,0
38.39079,30.76303,296.28,0.39,0.36,2024-10-12,2346,N,VIIRS,n,2,282.92,0.8,N,0
38.73499,26.9437,303.53,0.49,0.41,2024-10-12,2346,N,VIIRS,n,2,291.2,1.59,N,2
38.73544,26.94476,305.54,0.49,0.41,2024-10-12,2346,N,VIIRS,n,2,292.13,1.61,N,2
38.7367,32.06008,299.2,0.38,0.36,2024-10-12,2346,N,VIIRS,n,2,285.35,0.45,N,0
38.73874,26.94435,316.25,0.49,0.41,2024-10-12,2346,N,VIIRS,n,2,292.56,1.59,N,2
38.73918,26.94539,312.02,0.49,0.41,2024-10-12,2346,N,VIIRS,n,2,292.28,1.61,N,2
38.73999,32.06094,301.46,0.38,0.36,2024-10-12,2346,N,VIIRS,n,2,285.38,0.44,N,0
38.74228,26.95177,304.04,0.49,0.41,2024-10-12,2346,N,VIIRS,n,2,290.37,0.65,N,2
38.74291,26.94615,301.63,0.49,0.41,2024-10-12,2346,N,VIIRS,n,2,290.3,1.08,N,2
38.74602,26.95243,304.75,0.49,0.41,2024-10-12,2346,N,VIIRS,n,2,290.32,0.65,N,2
39.09242,27.50724,298.22,0.47,0.4,2024-10-12,2346,N,VIIRS,n,2,288.02,1.15,N,0
39.09285,27.51153,301.92,0.47,0.4,2024-10-12,2346,N,VIIRS,n,2,288.73,0.84,N,0
35.52786,44.34233,367.0,0.56,0.51,2024-10-13,925,N,VIIRS,h,2,310.67,9.24,D,2
35.53249,44.34076,344.85,0.56,0.51,2024-10-13,925,N,VIIRS,n,2,309.97,9.24,D,2
35.56417,44.28362,337.36,0.56,0.52,2024-10-13,925,N,VIIRS,n,2,310.66,2.65,D,2
35.6267,44.01114,349.65,0.58,0.52,2024-10-13,925,N,VIIRS,n,2,309.86,8.75,D,2
35.62999,44.00967,349.65,0.58,0.52,2024-10-13,926,N,VIIRS,n,2,311.96,16.83,D,2
35.6601,43.96535,347.42,0.58,0.52,2024-10-13,926,N,VIIRS,n,2,312.03,10.92,D,2
35.68282,43.87336,340.47,0.59,0.53,2024-10-13,926,N,VIIRS,n,2,309.52,14.62,D,2
35.68435,43.8797,344.7,0.59,0.53,2024-10-13,926,N,VIIRS,n,2,315.3,28.75,D,2
35.68593,43.88068,343.3,0.59,0.53,2024-10-13,926,N,VIIRS,n,2,309.8,41.46,D,2
35.69129,43.96813,341.22,0.58,0.52,2024-10-13,926,N,VIIRS,n,2,308.59,8.56,D,0
35.724,44.04343,343.01,0.57,0.52,2024-10-13,926,N,VIIRS,n,2,310.75,4.52,D,2
35.80551,43.58267,349.0,0.6,0.53,2024-10-13,926,N,VIIRS,n,2,309.0,8.67,D,0
35.83008,44.02482,356.97,0.57,0.52,2024-10-13,926,N,VIIRS,n,2,308.75,16.14,D,0
35.8312,44.0263,343.87,0.57,0.52,2024-10-13,926,N,VIIRS,n,2,310.23,9.27,D,0
35.86805,43.95083,336.97,0.58,0.52,2024-10-13,926,N,VIIRS,n,2,308.39,2.41,D,0
35.90236,43.71574,356.3,0.59,0.53,2024-10-13,926,N,VIIRS,n,2,310.77,16.98,D,0
35.92624,43.9412,336.77,0.57,0.52,2024-10-13,926,N,VIIRS,n,2,307.73,2.52,D,0
35.96983,43.76197,338.32,0.59,0.53,2024-10-13,926,N,VIIRS,n,2,305.99,5.8,D,2
35.9907,43.84983,351.94,0.58,0.52,2024-10-13,926,N,VIIRS,n,2,310.92,12.58,D,0
36.0215,44.39162,345.38,0.54,0.51,2024-10-13,926,N,VIIRS,n,2,309.43,6.52,D,0
36.02346,44.38867,340.55,0.54,0.51,2024-10-13,926,N,VIIRS,n,2,308.27,7.06,D,0
36.02489,44.39467,344.04,0.54,0.51,2024-10-13,926,N,VIIRS,n,2,311.09,13.31,D,0
36.02604,44.38996,339.44,0.54,0.51,2024-10-13,926,N,VIIRS,n,2,308.54,6.52,D,0
36.06998,43.88948,352.23,0.57,0.52,2024-10-13,926,N,VIIRS,n,2,308.92,10.58,D,0
36.1408,40.81575,339.69,0.42,0.61,2024-10-13,926,N,VIIRS,n,2,302.15,2.4,D,2
36.14361,40.81535,337.37,0.42,0.61,2024-10-13,926,N,VIIRS,n,2,303.29,1.79,D,2
36.23162,43.82872,338.0,0.57,0.52,2024-10-13,926,N,VIIRS,n,2,307.03,3.36,D,0
36.24214,43.82657,344.33,0.57,0.52,2024-10-13,926,N,VIIRS,n,2,308.37,7.36,D,0
36.24239,43.83132,344.02,0.57,0.52,2024-10-13,926,N,VIIRS,n,2,310.14,10.39,D,0
36.2436,43.83277,340.43,0.57,0.52,2024-10-13,926,N,VIIRS,n,2,308.76,7.36,D,0
36.47942,44.39974,339.3,0.53,0.5,2024-10-13,926,N,VIIRS,n,2,304.73,3.26,D,0
36.64085,43.4956,344.33,0.58,0.52,2024-10-13,926,N,VIIRS,n,2,309.85,5.51,D,0
36.64131,43.32723,341.12,0.6,0.53,2024-10-13,926,N,VIIRS,n,2,306.51,8.23,D,0
36.66549,42.75539,344.56,0.32,0.54,2024-10-13,926,N,VIIRS,n,2,307.35,3.73,D,0
36.71279,43.71076,343.84,0.57,0.52,2024-10-13,926,N,VIIRS,n,2,309.68,51.57,D,0
36.82419,37.40353,334.22,0.6,0.7,2024-10-13,926,N,VIIRS,n,2,301.54,3.33,D,0
36.83406,40.4979,348.7,0.41,0.61,2024-10-13,926,N,VIIRS,n,2,304.71,6.23,D,0
36.83685,40.50044,334.48,0.41,0.61,2024-10-13,926,N,VIIRS,n,2,303.46,3.28,D,0
36.86296,37.32176,338.87,0.6,0.71,2024-10-13,926,N,VIIRS,n,2,301.77,3.44,D,0
36.86377,42.02131,354.9,0.34,0.56,2024-10-13,926,N,VIIRS,n,2,307.17,3.27,D,0
36.87502,42.00029,346.23,0.35,0.56,2024-10-13,926,N,VIIRS,n,2,305.83,3.14,D,0
36.87598,42.00409,336.4,0.35,0.56,2024-10-13,926,N,VIIRS,n,2,305.74,3.4,D,0
36.8768,39.10592,335.74,0.49,0.65,2024-10-13,926,N,VIIRS,n,2,297.45,4.39,D,0
36.87985,39.10752,330.22,0.49,0.65,2024-10-13,926,N,VIIRS,n,2,296.96,4.02,D,0
36.89528,40.78788,346.04,0.4,0.6,2024-10-13,926,N,VIIRS,n,2,304.54,4.06,D,0
36.92765,41.83624,339.33,0.35,0.57,2024-10-13,926,N,VIIRS,n,2,305.29,1.62,D,0
36.93174,41.83047,336.37,0.35,0.57,2024-10-13,926,N,VIIRS,n,2,305.36,2.28,D,0
36.94036,42.17295,340.93,0.34,0.56,2024-10-13,926,N,VIIRS,n,2,304.09,1.63,D,2
36.94164,42.17164,342.92,0.34,0.56,2024-10-13,926,N,VIIRS,n,2,304.54,1.65,D,2
36.96784,41.64477,340.8,0.36,0.57,2024-10-13,926,N,VIIRS,n,2,306.24,3.45,D,0
36.97295,41.64279,339.29,0.36,0.57,2024-10-13,926,N,VIIRS,n,2,306.07,3.31,D,0
36.98985,42.69491,339.92,0.63,0.54,2024-10-13,926,N,VIIRS,n,2,307.85,4.83,D,0
37.00851,42.26304,367.0,0.33,0.55,2024-10-13,926,N,VIIRS,h,2,309.21,6.93,D,0
37.06067,40.26496,367.0,0.42,0.61,2024-10-13,926,N,VIIRS,h,2,300.48,10.42,D,0
37.11586,42.52018,344.64,0.32,0.55,2024-10-13,926,N,VIIRS,n,2,305.62,3.91,D,0
37.12327,41.64279,350.03,0.36,0.57,2024-10-13,926,N,VIIRS,n,2,309.23,13.94,D,0
37.12428,41.64676,367.0,0.36,0.57,2024-10-13,926,N,VIIRS,h,2,314.88,45.4,D,0
37.12506,41.71545,353.44,0.35,0.57,2024-10-13,926,N,VIIRS,n,2,306.26,10.67,D,0
37.1271,41.63705,367.0,0.36,0.57,2024-10-13,926,N,VIIRS,h,2,304.65,6.99,D,0
37.12735,41.63685,352.51,0.36,0.57,2024-10-13,926,N,VIIRS,n,2,304.25,6.32,D,0
37.12814,41.64102,351.17,0.36,0.57,2024-10-13,926,N,VIIRS,n,2,305.99,6.99,D,0
37.12837,41.64084,352.46,0.36,0.57,2024-10-13,926,N,VIIRS,n,2,305.93,6.32,D,0
37.12918,41.64497,350.09,0.35,0.57,2024-10-13,926,N,VIIRS,n,2,304.84,7.48,D,0
37.12938,41.6448,348.7,0.36,0.57,2024-10-13,926,N,VIIRS,n,2,304.61,6.97,D,0
37.13013,41.71345,367.0,0.35,0.57,2024-10-13,926,N,VIIRS,h,2,307.28,10.67,D,0
37.1471,41.77998,352.1,0.35,0.57,2024-10-13,926,N,VIIRS,n,2,306.72,3.55,D,0
37.15215,41.778,367.0,0.35,0.57,2024-10-13,926,N,VIIRS,h,2,305.9,6.31,D,0
37.16691,41.63913,339.41,0.35,0.57,2024-10-13,926,N,VIIRS,n,2,306.37,3.88,D,0
37.21423,42.44551,337.28,0.32,0.55,2024-10-13,926,N,VIIRS,n,2,303.58,1.44,D,0
37.24822,41.30636,367.0,0.37,0.58,2024-10-13,926,N,VIIRS,h,2,304.74,15.87,D,0
37.25707,39.93611,336.69,0.43,0.62,2024-10-13,926,N,VIIRS,n,2,302.5,3.16,D,0
37.32727,38.76273,339.26,0.49,0.65,2024-10-13,926,N,VIIRS,n,2,300.44,3.29,D,0
37.32804,38.71971,345.31,0.5,0.66,2024-10-13,926,N,VIIRS,n,2,301.34,4.69,D,0
37.32951,38.72157,336.11,0.5,0.65,2024-10-13,926,N,VIIRS,n,2,301.28,6.0,D,0
37.39484,39.04622,337.7,0.48,0.64,2024-10-13,926,N,VIIRS,n,2,301.0,4.66,D,0
37.42026,39.85331,336.59,0.43,0.62,2024-10-13,926,N,VIIRS,n,2,302.23,2.87,D,0
37.46264,37.25576,330.13,0.58,0.7,2024-10-13,926,N,VIIRS,n,2,297.84,8.8,D,0
37.47585,37.18633,336.03,0.59,0.7,2024-10-13,926,N,VIIRS,n,2,298.38,4.97,D,0
37.476,37.18447,338.65,0.59,0.7,2024-10-13,926,N,VIIRS,n,2,298.13,6.29,D,0
37.57447,38.79755,347.15,0.48,0.65,2024-10-13,926,N,VIIRS,n,2,300.48,6.8,D,0
37.57594,38.80273,335.68,0.48,0.65,2024-10-13,926,N,VIIRS,n,2,300.17,7.19,D,0
37.57684,38.79881,348.85,0.48,0.65,2024-10-13,926,N,VIIRS,n,2,299.88,7.54,D,0
37.59995,38.81169,332.07,0.48,0.65,2024-10-13,926,N,VIIRS,n,2,299.29,3.17,D,0
37.64569,39.2747,352.31,0.46,0.63,2024-10-13,926,N,VIIRS,n,2,302.45,26.54,D,0
37.64714,39.27987,367.0,0.46,0.63,2024-10-13,926,N,VIIRS,h,2,307.71,26.54,D,0
37.65276,39.27747,332.63,0.46,0.63,2024-10-13,926,N,VIIRS,n,2,302.49,6.84,D,0
37.65427,39.39424,335.66,0.45,0.63,2024-10-13,926,N,VIIRS,n,2,301.69,2.85,D,0
37.65907,38.581,353.3,0.49,0.65,2024-10-13,926,N,VIIRS,n,2,301.03,6.9,D,0
37.66311,38.57909,344.2,0.49,0.65,2024-10-13,926,N,VIIRS,n,2,298.6,6.21,D,0
37.68904,38.61708,333.21,0.49,0.65,2024-10-13,926,N,VIIRS,n,2,301.46,2.51,D,0
37.695,40.63425,338.7,0.39,0.59,2024-10-13,926,N,VIIRS,n,2,301.75,3.85,D,0
37.69899,40.51762,352.49,0.39,0.6,2024-10-13,926,N,VIIRS,n,2,303.86,20.15,D,0
37.70016,40.52202,367.0,0.39,0.6,2024-10-13,926,N,VIIRS,h,2,307.1,20.15,D,0
37.70422,40.51521,335.35,0.39,0.6,2024-10-13,926,N,VIIRS,n,2,300.38,3.62,D,0
37.70539,40.51961,342.26,0.39,0.6,2024-10-13,926,N,VIIRS,n,2,299.17,3.62,D,0
37.70992,40.64637,349.14,0.39,0.59,2024-10-13,926,N,VIIRS,n,2,299.58,8.93,D,0
37.71103,40.65056,367.0,0.39,0.59,2024-10-13,926,N,VIIRS,h,2,304.06,8.93,D,0
37.744,39.20463,331.47,0.46,0.63,2024-10-13,926,N,VIIRS,n,2,299.83,1.65,D,0
37.77215,38.47198,367.0,0.5,0.66,2024-10-13,926,N,VIIRS,h,2,303.85,13.87,D,0
37.77445,39.11098,335.17,0.46,0.64,2024-10-13,926,N,VIIRS,n,2,302.81,3.86,D,0
37.79502,40.69729,339.43,0.38,0.59,2024-10-13,926,N,VIIRS,n,2,302.12,5.05,D,0
37.80095,39.16358,332.59,0.46,0.63,2024-10-13,926,N,VIIRS,n,2,302.3,2.52,D,0
37.80179,39.16372,332.91,0.46,0.63,2024-10-13,926,N,VIIRS,n,2,302.4,2.36,D,0
37.84129,38.5083,353.22,0.49,0.65,2024-10-13,926,N,VIIRS,n,2,300.79,17.03,D,0
37.84301,38.51436,367.0,0.49,0.65,2024-10-13,926,N,VIIRS,h,2,303.7,29.18,D,0
37.84407,38.51057,367.0,0.49,0.65,2024-10-13,926,N,VIIRS,h,2,303.26,25.74,D,0
37.86518,38.47102,332.11,0.49,0.65,2024-10-13,926,N,VIIRS,n,2,297.59,3.98,D,0
37.86977,38.87906,336.42,0.47,0.64,2024-10-13,926,N,VIIRS,n,2,302.15,3.73,D,0
37.87133,38.88451,338.24,0.47,0.64,2024-10-13,926,N,VIIRS,n,2,302.42,10.79,D,0
37.90633,40.67469,334.02,0.38,0.59,2024-10-13,926,N,VIIRS,n,2,301.99,3.44,D,0
37.94783,40.63443,348.19,0.38,0.59,2024-10-13,926,N,VIIRS,n,2,303.34,4.46,D,0
37.94888,40.63837,350.14,0.38,0.59,2024-10-13,926,N,VIIRS,n,2,303.41,4.46,D,0
37.96406,41.03264,334.81,0.36,0.58,2024-10-13,926,N,VIIRS,n,2,303.16,1.45,D,0
37.9692,40.88863,337.7,0.37,0.58,2024-10-13,926,N,VIIRS,n,2,305.64,4.51,D,0
37.97026,40.89262,367.0,0.37,0.58,2024-10-13,926,N,VIIRS,h,2,306.82,9.42,D,0
37.97775,40.74738,342.97,0.38,0.58,2024-10-13,926,N,VIIRS,n,2,302.49,2.3,D,0
37.98898,40.63654,336.6,0.38,0.59,2024-10-13,926,N,VIIRS,n,2,304.4,3.15,D,0
38.00245,40.70982,333.87,0.38,0.59,2024-10-13,926,N,VIIRS,n,2,301.24,2.2,D,0
38.00583,41.00545,332.69,0.36,0.58,2024-10-13,926,N,VIIRS,n,2,305.7,2.35,D,0
38.01099,41.00346,367.0,0.36,0.58,2024-10-13,926,N,VIIRS,h,2,306.22,6.72,D,0
38.01205,41.00748,351.52,0.36,0.58,2024-10-13,926,N,VIIRS,n,2,306.23,6.72,D,0
38.01884,41.05479,340.53,0.36,0.58,2024-10-13,926,N,VIIRS,n,2,306.36,3.8,D,0
38.02224,40.4045,337.35,0.39,0.59,2024-10-13,926,N,VIIRS,n,2,304.32,2.89,D,0
38.02548,40.7977,338.55,0.37,0.58,2024-10-13,926,N,VIIRS,n,2,303.82,4.73,D,0
38.02835,40.7969,336.35,0.37,0.58,2024-10-13,926,N,VIIRS,n,2,305.34,4.74,D,0
38.03012,40.17265,340.54,0.4,0.6,2024-10-13,926,N,VIIRS,n,2,300.67,4.27,D,0
38.03132,40.17706,333.35,0.4,0.6,2024-10-13,926,N,VIIRS,n,2,298.89,4.47,D,0
38.04218,41.07893,367.0,0.36,0.57,2024-10-13,926,N,VIIRS,h,2,303.67,5.71,D,0
38.04223,41.05756,335.11,0.36,0.57,2024-10-13,926,N,VIIRS,n,2,305.73,1.88,D,0
38.04735,41.05548,353.71,0.36,0.57,2024-10-13,926,N,VIIRS,n,2,301.88,3.65,D,0
38.0545,41.03952,335.21,0.36,0.58,2024-10-13,926,N,VIIRS,n,2,303.39,2.31,D,0
38.10253,40.13472,367.0,0.4,0.6,2024-10-13,926,N,VIIRS,h,2,302.97,9.83,D,0
38.10654,40.98337,353.95,0.36,0.58,2024-10-13,926,N,VIIRS,n,2,305.01,5.05,D,0
38.14165,40.30024,337.72,0.39,0.6,2024-10-13,926,N,VIIRS,n,2,302.29,4.06,D,0
38.152,40.75624,367.0,0.37,0.58,2024-10-13,926,N,VIIRS,h,2,308.1,13.34,D,0
38.1535,40.65386,354.29,0.38,0.58,2024-10-13,926,N,VIIRS,n,2,301.41,5.84,D,0
38.16413,40.47554,338.37,0.38,0.59,2024-10-13,926,N,VIIRS,n,2,302.53,2.34,D,0
38.16635,40.47767,340.33,0.38,0.59,2024-10-13,926,N,VIIRS,n,2,302.62,3.94,D,0
38.1772,40.85084,342.55,0.37,0.58,2024-10-13,926,N,VIIRS,n,2,307.65,4.9,D,0
38.17947,40.85937,367.0,0.37,0.58,2024-10-13,926,N,VIIRS,h,2,305.82,9.42,D,0
38.182,40.47087,333.61,0.38,0.59,2024-10-13,926,N,VIIRS,n,2,301.48,3.79,D,0
38.1847,40.85757,350.37,0.37,0.58,2024-10-13,926,N,VIIRS,n,2,312.11,29.45,D,0
38.1858,40.86174,367.0,0.37,0.58,2024-10-13,926,N,VIIRS,h,2,309.48,33.09,D,0
38.31286,40.28164,342.52,0.39,0.59,2024-10-13,926,N,VIIRS,n,2,301.59,5.39,D,0
38.22342,37.11375,329.0,0.56,0.69,2024-10-13,927,N,VIIRS,n,2,297.34,3.35,D,0
38.2376,37.22824,330.1,0.56,0.69,2024-10-13,927,N,VIIRS,n,2,296.73,3.72,D,0
38.24501,37.13921,330.63,0.56,0.69,2024-10-13,927,N,VIIRS,n,2,298.84,2.65,D,0
38.25478,37.15502,346.19,0.56,0.69,2024-10-13,927,N,VIIRS,n,2,296.84,6.18,D,0
38.25675,37.15508,336.67,0.56,0.69,2024-10-13,927,N,VIIRS,n,2,295.27,5.67,D,0
38.27676,37.15276,329.13,0.56,0.69,2024-10-13,927,N,VIIRS,n,2,295.37,2.83,D,0
38.28682,37.04852,333.36,0.57,0.69,2024-10-13,927,N,VIIRS,n,2,297.07,4.79,D,0
38.28865,37.05461,333.39,0.57,0.69,2024-10-13,927,N,VIIRS,n,2,297.62,8.34,D,0
38.29761,37.10738,339.4,0.56,0.69,2024-10-13,927,N,VIIRS,n,2,296.23,4.56,D,0
38.29832,37.05525,331.1,0.57,0.69,2024-10-13,927,N,VIIRS,n,2,297.58,3.99,D,0
38.30271,37.05528,333.48,0.57,0.69,2024-10-13,927,N,VIIRS,n,2,296.26,4.52,D,0
38.37347,37.31504,367.0,0.55,0.68,2024-10-13,927,N,VIIRS,h,2,300.63,14.25,D,0
38.42817,38.10694,331.36,0.5,0.66,2024-10-13,927,N,VIIRS,n,2,295.4,1.8,D,0
38.81654,38.12411,346.46,0.49,0.65,2024-10-13,927,N,VIIRS,n,2,296.89,6.99,D,0
38.82687,38.31556,334.78,0.47,0.64,2024-10-13,927,N,VIIRS,n,2,299.95,4.58,D,0
38.8312,38.30835,338.15,0.47,0.64,2024-10-13,927,N,VIIRS,n,2,297.83,4.77,D,0
38.83257,38.31309,333.68,0.47,0.64,2024-10-13,927,N,VIIRS,n,2,297.8,4.58,D,0
39.98271,44.25714,348.27,0.45,0.47,2024-10-13,927,N,VIIRS,n,2,299.65,6.91,D,0
39.99652,44.00711,331.96,0.46,0.47,2024-10-13,927,N,VIIRS,n,2,296.39,2.34,D,0
40.00671,44.03171,333.64,0.46,0.47,2024-10-13,927,N,VIIRS,n,2,294.39,2.64,D,0
40.62258,43.94815,334.11,0.45,0.47,2024-10-13,927,N,VIIRS,n,2,295.37,4.48,D,0
40.59685,34.24533,327.2,0.66,0.73,2024-10-13,928,N,VIIRS,n,2,294.91,6.77,D,0
35.50055,43.71129,354.14,0.65,0.73,2024-10-13,1106,N,VIIRS,n,2,302.56,9.07,D,0
35.50679,43.70953,367.0,0.65,0.73,2024-10-13,1106,N,VIIRS,h,2,305.21,13.84,D,0
35.50721,43.70354,342.99,0.65,0.73,2024-10-13,1106,N,VIIRS,n,2,303.71,9.09,D,0
35.50738,43.71103,351.68,0.65,0.73,2024-10-13,1106,N,VIIRS,n,2,303.69,9.09,D,0
35.52725,44.34404,353.19,0.7,0.75,2024-10-13,1106,N,VIIRS,n,2,302.59,9.58,D,2
35.53012,44.34181,350.09,0.7,0.75,2024-10-13,1106,N,VIIRS,n,2,302.97,11.06,D,2
35.63113,44.01088,367.0,0.67,0.74,2024-10-13,1106,N,VIIRS,h,2,303.53,12.8,D,2
35.63175,44.0112,367.0,0.67,0.74,2024-10-13,1106,N,VIIRS,h,2,302.59,13.39,D,2
35.66472,43.96261,336.37,0.67,0.74,2024-10-13,1106,N,VIIRS,n,2,303.12,6.81,D,2
35.72763,44.04328,335.59,0.68,0.74,2024-10-13,1106,N,VIIRS,n,2,302.08,5.48,D,2
35.74627,44.28896,367.0,0.7,0.75,2024-10-13,1106,N,VIIRS,h,2,302.67,14.13,D,0
35.74909,44.29055,367.0,0.7,0.75,2024-10-13,1106,N,VIIRS,h,2,302.56,16.48,D,0
35.75554,44.41309,347.18,0.71,0.75,2024-10-13,1106,N,VIIRS,n,2,300.32,14.27,D,0
35.75885,44.40681,346.34,0.71,0.75,2024-10-13,1106,N,VIIRS,n,2,300.98,10.43,D,0
35.7889,44.31059,367.0,0.7,0.75,2024-10-13,1106,N,VIIRS,h,2,303.18,15.7,D,0
35.81684,44.4482,351.2,0.71,0.75,2024-10-13,1106,N,VIIRS,n,2,303.48,14.28,D,0
35.81994,44.44802,346.32,0.71,0.75,2024-10-13,1106,N,VIIRS,n,2,302.59,8.35,D,0
36.01211,44.12557,339.99,0.69,0.74,2024-10-13,1106,N,VIIRS,n,2,299.35,10.24,D,0
36.01629,43.68408,336.39,0.65,0.73,2024-10-13,1106,N,VIIRS,n,2,301.42,3.91,D,2
36.11312,44.0176,353.96,0.68,0.74,2024-10-13,1106,N,VIIRS,n,2,298.56,8.19,D,0
36.14301,40.81889,339.64,0.45,0.63,2024-10-13,1106,N,VIIRS,n,2,303.09,2.23,D,2
36.4712,36.38722,345.06,0.52,0.5,2024-10-13,1106,N,VIIRS,n,2,300.41,6.47,D,0
36.56165,43.1926,338.37,0.62,0.71,2024-10-13,1106,N,VIIRS,n,2,301.95,4.28,D,0
36.57021,43.00792,367.0,0.6,0.71,2024-10-13,1106,N,VIIRS,h,2,303.89,16.56,D,0
36.57684,43.00756,336.21,0.6,0.71,2024-10-13,1106,N,VIIRS,n,2,301.64,5.05,D,0
36.70883,43.06955,342.31,0.61,0.71,2024-10-13,1106,N,VIIRS,n,2,302.7,4.95,D,0
36.82202,41.9939,341.77,0.53,0.67,2024-10-13,1106,N,VIIRS,n,2,301.55,5.68,D,0
36.71805,36.2002,336.55,0.51,0.49,2024-10-13,1107,N,VIIRS,n,2,300.26,5.0,D,2
36.88095,39.108,330.62,0.37,0.58,2024-10-13,1107,N,VIIRS,n,2,299.91,3.05,D,0
36.90825,39.76537,367.0,0.4,0.6,2024-10-13,1107,N,VIIRS,h,2,306.97,70.9,D,0
36.91165,39.7618,367.0,0.4,0.6,2024-10-13,1107,N,VIIRS,h,2,307.13,48.0,D,0
36.9227,30.92583,337.73,0.43,0.38,2024-10-13,1107,N,VIIRS,n,2,301.7,5.13,D,0
36.94048,42.86301,341.79,0.59,0.7,2024-10-13,1107,N,VIIRS,n,2,301.23,5.26,D,0
36.94579,42.13413,335.03,0.54,0.68,2024-10-13,1107,N,VIIRS,n,2,300.84,2.74,D,2
37.06277,40.26479,332.22,0.43,0.62,2024-10-13,1107,N,VIIRS,n,2,297.71,1.23,D,0
37.12812,34.95911,332.62,0.44,0.46,2024-10-13,1107,N,VIIRS,n,2,297.82,2.46,D,0
37.16785,41.63825,331.97,0.51,0.66,2024-10-13,1107,N,VIIRS,n,2,300.3,2.93,D,0
37.20583,42.3782,349.87,0.56,0.69,2024-10-13,1107,N,VIIRS,n,2,301.24,10.42,D,0
37.25335,41.30694,351.21,0.49,0.65,2024-10-13,1107,N,VIIRS,n,2,300.29,11.99,D,0
37.28618,40.459,335.13,0.44,0.62,2024-10-13,1107,N,VIIRS,n,2,301.06,1.31,D,0
37.42366,39.42986,336.96,0.39,0.59,2024-10-13,1107,N,VIIRS,n,2,303.56,2.19,D,0
37.42468,39.42958,341.77,0.39,0.59,2024-10-13,1107,N,VIIRS,n,2,303.73,3.59,D,0
37.42908,38.55725,343.19,0.35,0.57,2024-10-13,1107,N,VIIRS,n,2,289.01,2.94,D,0
37.45037,38.55879,367.0,0.35,0.57,2024-10-13,1107,N,VIIRS,h,2,303.7,6.93,D,0
37.45791,38.59463,367.0,0.35,0.57,2024-10-13,1107,N,VIIRS,h,2,306.03,16.66,D,0
37.47606,40.40356,349.27,0.44,0.62,2024-10-13,1107,N,VIIRS,n,2,303.07,6.2,D,0
37.50172,38.283,367.0,0.34,0.56,2024-10-13,1107,N,VIIRS,h,2,302.78,9.28,D,0
37.52058,37.78595,342.07,0.63,0.54,2024-10-13,1107,N,VIIRS,n,2,304.38,7.19,D,0
37.52384,37.78424,338.79,0.63,0.54,2024-10-13,1107,N,VIIRS,n,2,302.66,6.67,D,0
37.53036,39.16408,332.78,0.38,0.58,2024-10-13,1107,N,VIIRS,n,2,303.83,2.33,D,0
37.53514,38.39846,367.0,0.34,0.56,2024-10-13,1107,N,VIIRS,h,2,301.78,11.13,D,0
37.55697,38.84594,344.3,0.36,0.57,2024-10-13,1107,N,VIIRS,n,2,306.11,3.0,D,0
37.57392,39.24021,347.07,0.38,0.59,2024-10-13,1107,N,VIIRS,n,2,302.84,4.49,D,0
37.59922,38.33316,337.47,0.34,0.56,2024-10-13,1107,N,VIIRS,n,2,300.96,1.53,D,0
37.62029,37.42573,337.12,0.6,0.53,2024-10-13,1107,N,VIIRS,n,2,301.86,7.3,D,0
37.64656,39.70661,331.62,0.4,0.6,2024-10-13,1107,N,VIIRS,n,2,300.21,1.59,D,0
37.65534,38.47486,354.68,0.35,0.56,2024-10-13,1107,N,VIIRS,n,2,310.45,26.9,D,0
37.65558,38.47881,337.64,0.35,0.56,2024-10-13,1107,N,VIIRS,n,2,300.28,19.04,D,0
37.65765,37.87868,355.0,0.32,0.55,2024-10-13,1107,N,VIIRS,n,2,302.85,3.92,D,0
37.65797,39.26899,338.55,0.38,0.59,2024-10-13,1107,N,VIIRS,n,2,300.78,5.01,D,0
37.65821,39.27342,348.15,0.38,0.59,2024-10-13,1107,N,VIIRS,n,2,302.76,7.03,D,0
37.66067,37.87584,348.46,0.32,0.55,2024-10-13,1107,N,VIIRS,n,2,301.77,4.82,D,0
37.6609,37.87952,343.45,0.32,0.55,2024-10-13,1107,N,VIIRS,n,2,301.83,5.75,D,0
37.67243,39.03301,351.32,0.37,0.58,2024-10-13,1107,N,VIIRS,n,2,304.98,8.55,D,0
37.69743,38.90258,330.39,0.36,0.58,2024-10-13,1107,N,VIIRS,n,2,299.87,2.23,D,0
37.70028,40.52258,347.01,0.45,0.63,2024-10-13,1107,N,VIIRS,n,2,294.42,26.47,D,0
37.7025,40.52632,367.0,0.45,0.63,2024-10-13,1107,N,VIIRS,h,2,298.58,21.09,D,0
37.71113,39.04243,339.96,0.37,0.58,2024-10-13,1107,N,VIIRS,n,2,302.68,2.64,D,0
37.71257,39.04096,333.83,0.37,0.58,2024-10-13,1107,N,VIIRS,n,2,302.01,2.26,D,0
37.72952,38.75782,339.11,0.36,0.57,2024-10-13,1107,N,VIIRS,n,2,304.53,2.05,D,0
37.73452,38.8464,340.49,0.36,0.58,2024-10-13,1107,N,VIIRS,n,2,301.7,5.09,D,0
37.73988,38.84566,349.35,0.36,0.58,2024-10-13,1107,N,VIIRS,n,2,301.49,5.09,D,0
37.74739,38.18179,333.96,0.33,0.56,2024-10-13,1107,N,VIIRS,n,2,303.81,1.78,D,0
37.75582,39.23739,334.11,0.38,0.59,2024-10-13,1107,N,VIIRS,n,2,302.45,3.53,D,0
37.7709,38.46888,335.06,0.35,0.56,2024-10-13,1107,N,VIIRS,n,2,303.26,3.63,D,0
37.77142,38.47706,346.76,0.35,0.56,2024-10-13,1107,N,VIIRS,n,2,304.91,5.79,D,0
37.77427,27.45551,338.34,0.38,0.36,2024-10-13,1107,N,VIIRS,n,2,301.76,4.19,D,0
37.77669,38.47677,343.82,0.35,0.56,2024-10-13,1107,N,VIIRS,n,2,303.46,3.21,D,0
37.79699,38.7187,331.8,0.36,0.57,2024-10-13,1107,N,VIIRS,n,2,301.74,0.98,D,0
37.82572,40.32503,355.5,0.44,0.62,2024-10-13,1107,N,VIIRS,n,2,299.28,6.2,D,0
37.8275,41.2813,338.83,0.49,0.65,2024-10-13,1107,N,VIIRS,n,2,300.69,3.77,D,0
37.84666,37.71288,330.74,0.63,0.54,2024-10-13,1107,N,VIIRS,n,2,302.05,3.19,D,0
37.86922,38.5355,340.57,0.35,0.57,2024-10-13,1107,N,VIIRS,n,2,302.53,3.18,D,0
37.93392,40.70271,354.21,0.46,0.64,2024-10-13,1107,N,VIIRS,n,2,302.4,6.89,D,0
37.94125,40.45276,354.69,0.45,0.63,2024-10-13,1107,N,VIIRS,n,2,303.09,9.11,D,0
37.94146,40.45776,338.76,0.45,0.63,2024-10-13,1107,N,VIIRS,n,2,300.66,12.17,D,0
37.94247,40.62088,350.29,0.46,0.63,2024-10-13,1107,N,VIIRS,n,2,301.98,5.16,D,0
37.94711,40.45235,367.0,0.45,0.63,2024-10-13,1107,N,VIIRS,h,2,303.51,9.11,D,0
37.94733,40.45737,367.0,0.45,0.63,2024-10-13,1107,N,VIIRS,h,2,304.67,12.17,D,0
37.96487,41.03149,340.75,0.48,0.65,2024-10-13,1107,N,VIIRS,n,2,301.77,5.23,D,0
37.98383,41.55623,331.88,0.51,0.66,2024-10-13,1107,N,VIIRS,n,2,302.68,2.2,D,0
38.00467,41.11738,333.77,0.49,0.65,2024-10-13,1107,N,VIIRS,n,2,301.04,5.22,D,0
38.00573,41.83942,343.58,0.53,0.67,2024-10-13,1107,N,VIIRS,n,2,300.28,3.56,D,0
38.00837,40.25751,333.19,0.44,0.62,2024-10-13,1107,N,VIIRS,n,2,298.67,2.05,D,0
38.02146,40.79536,356.32,0.47,0.64,2024-10-13,1107,N,VIIRS,n,2,304.48,17.97,D,0
38.02171,40.80115,367.0,0.47,0.64,2024-10-13,1107,N,VIIRS,h,2,301.85,17.97,D,0
38.02394,40.79274,355.7,0.47,0.64,2024-10-13,1107,N,VIIRS,n,2,303.63,22.88,D,0
38.02416,40.79842,343.12,0.47,0.64,2024-10-13,1107,N,VIIRS,n,2,308.72,39.95,D,0
38.02439,40.80439,367.0,0.47,0.64,2024-10-13,1107,N,VIIRS,h,2,301.45,39.95,D,0
38.02723,29.50072,340.11,0.41,0.37,2024-10-13,1107,N,VIIRS,n,2,307.02,5.46,D,0
38.02744,40.79512,335.3,0.47,0.64,2024-10-13,1107,N,VIIRS,n,2,301.62,23.41,D,0
38.0277,40.80098,354.39,0.47,0.64,2024-10-13,1107,N,VIIRS,n,2,308.37,23.41,D,0
38.02796,40.80689,348.68,0.47,0.64,2024-10-13,1107,N,VIIRS,n,2,300.37,31.88,D,0
38.03037,40.80415,367.0,0.47,0.64,2024-10-13,1107,N,VIIRS,h,2,300.85,39.95,D,0
38.03061,29.49999,338.33,0.41,0.37,2024-10-13,1107,N,VIIRS,n,2,303.87,5.46,D,0
38.03539,40.21564,352.59,0.43,0.62,2024-10-13,1107,N,VIIRS,n,2,302.71,14.99,D,0
38.03561,40.22074,339.73,0.43,0.62,2024-10-13,1107,N,VIIRS,n,2,293.29,14.99,D,0
38.03923,40.43676,335.62,0.45,0.63,2024-10-13,1107,N,VIIRS,n,2,302.06,1.79,D,0
38.03992,41.08613,345.21,0.48,0.65,2024-10-13,1107,N,VIIRS,n,2,300.33,6.08,D,0
38.04077,41.08366,367.0,0.48,0.65,2024-10-13,1107,N,VIIRS,h,2,301.72,9.76,D,0
38.04118,40.2151,351.81,0.43,0.62,2024-10-13,1107,N,VIIRS,n,2,297.61,14.99,D,0
38.04168,29.47863,338.32,0.4,0.37,2024-10-13,1107,N,VIIRS,n,2,306.89,9.47,D,0
38.04312,39.88885,336.43,0.42,0.61,2024-10-13,1107,N,VIIRS,n,2,302.73,3.2,D,0
38.0437,40.68718,341.38,0.46,0.64,2024-10-13,1107,N,VIIRS,n,2,302.29,5.78,D,0
38.04574,41.08004,339.09,0.48,0.65,2024-10-13,1107,N,VIIRS,n,2,300.38,7.83,D,0
38.04598,41.08592,341.87,0.48,0.65,2024-10-13,1107,N,VIIRS,n,2,300.6,6.08,D,0
38.0548,41.13505,345.71,0.49,0.65,2024-10-13,1107,N,VIIRS,n,2,301.23,6.18,D,0
38.06523,40.49331,337.97,0.45,0.63,2024-10-13,1107,N,VIIRS,n,2,301.58,3.19,D,0
38.07727,40.00029,338.76,0.42,0.61,2024-10-13,1107,N,VIIRS,n,2,300.7,6.54,D,0
38.07796,40.00124,335.94,0.42,0.61,2024-10-13,1107,N,VIIRS,n,2,299.94,5.81,D,0
38.07961,38.28468,345.78,0.34,0.56,2024-10-13,1107,N,VIIRS,n,2,297.37,4.56,D,0
38.11888,29.69278,335.64,0.41,0.37,2024-10-13,1107,N,VIIRS,n,2,306.37,2.63,D,0
38.12269,39.97314,331.84,0.42,0.61,2024-10-13,1107,N,VIIRS,n,2,299.13,5.53,D,0
38.12292,39.97805,367.0,0.42,0.61,2024-10-13,1107,N,VIIRS,h,2,303.3,12.79,D,0
38.12864,39.97761,334.74,0.42,0.61,2024-10-13,1107,N,VIIRS,n,2,300.8,4.15,D,0
38.14483,40.618,367.0,0.46,0.63,2024-10-13,1107,N,VIIRS,h,2,297.1,9.48,D,0
38.14566,37.09859,335.71,0.59,0.53,2024-10-13,1107,N,VIIRS,n,2,299.28,4.14,D,0
38.15054,37.09799,330.36,0.59,0.53,2024-10-13,1107,N,VIIRS,n,2,298.01,1.84,D,0
38.18927,37.37278,340.9,0.61,0.53,2024-10-13,1107,N,VIIRS,n,2,300.65,5.87,D,0
38.19674,29.77756,334.82,0.41,0.37,2024-10-13,1107,N,VIIRS,n,2,305.95,3.09,D,0
38.22305,31.69092,337.24,0.48,0.4,2024-10-13,1107,N,VIIRS,n,2,302.29,2.91,D,0
38.24266,38.46698,337.16,0.35,0.57,2024-10-13,1107,N,VIIRS,n,2,298.17,6.01,D,0
38.2428,37.21314,341.99,0.6,0.53,2024-10-13,1107,N,VIIRS,n,2,301.36,5.81,D,0
38.24418,37.21212,341.08,0.6,0.53,2024-10-13,1107,N,VIIRS,n,2,301.16,9.69,D,0
38.27628,37.1737,342.12,0.6,0.53,2024-10-13,1107,N,VIIRS,n,2,301.76,16.5,D,0
38.54113,31.85825,337.03,0.49,0.4,2024-10-13,1107,N,VIIRS,n,2,305.15,6.79,D,0
38.61587,28.50654,350.15,0.39,0.36,2024-10-13,1107,N,VIIRS,n,2,307.0,10.45,D,0
38.73436,32.04642,345.33,0.5,0.41,2024-10-13,1107,N,VIIRS,n,2,305.38,15.25,D,0
38.73561,32.05795,337.14,0.5,0.41,2024-10-13,1107,N,VIIRS,n,2,304.4,4.53,D,0
38.7362,32.06015,335.74,0.5,0.41,2024-10-13,1107,N,VIIRS,n,2,305.24,4.92,D,0
38.73811,32.04575,335.57,0.5,0.41,2024-10-13,1107,N,VIIRS,n,2,303.5,5.69,D,0
38.73836,26.93008,327.21,0.38,0.36,2024-10-13,1107,N,VIIRS,n,2,288.75,1.57,D,2
38.74925,39.15978,331.56,0.39,0.59,2024-10-13,1107,N,VIIRS,n,2,301.16,3.4,D,0
38.83285,38.30962,335.2,0.35,0.56,2024-10-13,1107,N,VIIRS,n,2,301.47,2.62,D,0
38.83313,38.31414,336.03,0.35,0.57,2024-10-13,1107,N,VIIRS,n,2,301.74,2.62,D,0
38.83722,38.31318,337.06,0.35,0.57,2024-10-13,1107,N,VIIRS,n,2,303.43,5.28,D,0
38.98202,34.49004,343.12,0.44,0.46,2024-10-13,1107,N,VIIRS,n,2,305.51,15.6,D,0
39.28005,28.03137,330.03,0.39,0.36,2024-10-13,1108,N,VIIRS,n,2,287.07,3.15,D,0
39.86488,26.24365,326.78,0.39,0.36,2024-10-13,1108,N,VIIRS,n,2,294.59,1.73,D,2
39.87557,33.63841,337.01,0.41,0.45,2024-10-13,1108,N,VIIRS,n,2,297.6,3.69,D,0
39.93516,26.24017,332.41,0.39,0.36,2024-10-13,1108,N,VIIRS,n,2,291.49,4.68,D,0
39.93845,26.23929,344.19,0.39,0.36,2024-10-13,1108,N,VIIRS,n,2,292.71,4.68,D,0
39.9916,26.20645,330.18,0.39,0.36,2024-10-13,1108,N,VIIRS,n,2,287.42,2.52,D,0
40.36162,33.88276,336.5,0.42,0.45,2024-10-13,1108,N,VIIRS,n,2,308.56,5.23,D,0
40.60248,34.24973,355.54,0.44,0.46,2024-10-13,1108,N,VIIRS,n,2,305.1,10.87,D,0
41.10804,27.09239,347.87,0.39,0.36,2024-10-13,1108,N,VIIRS,n,2,266.32,9.01,D,0
35.52262,44.342,309.29,0.73,0.76,2024-10-13,2146,N,VIIRS,n,2,287.51,5.16,N,2
35.52562,44.33984,344.39,0.73,0.76,2024-10-13,2146,N,VIIRS,n,2,289.06,6.45,N,2
35.52977,44.34244,333.17,0.73,0.76,2024-10-13,2146,N,VIIRS,n,2,288.29,5.16,N,2
35.52996,44.33375,337.0,0.73,0.76,2024-10-13,2146,N,VIIRS,n,2,289.97,5.16,N,2
35.53277,44.34036,326.95,0.73,0.76,2024-10-13,2146,N,VIIRS,n,2,287.56,6.45,N,2
35.53292,44.33172,324.76,0.73,0.76,2024-10-13,2146,N,VIIRS,n,2,289.49,13.04,N,2
35.53711,44.33437,313.45,0.73,0.76,2024-10-13,2146,N,VIIRS,n,2,287.99,1.43,N,2
35.5625,44.28159,307.3,0.74,0.76,2024-10-13,2146,N,VIIRS,n,2,287.91,1.39,N,2
35.62533,44.01189,300.8,0.76,0.77,2024-10-13,2146,N,VIIRS,n,2,286.09,2.03,N,2
35.6255,44.00287,313.3,0.76,0.77,2024-10-13,2146,N,VIIRS,n,2,286.99,3.73,N,0
35.62588,44.01088,309.82,0.76,0.77,2024-10-13,2146,N,VIIRS,n,2,286.29,2.68,N,2
35.626,44.00187,316.08,0.76,0.77,2024-10-13,2146,N,VIIRS,n,2,287.32,2.68,N,2
35.63261,44.01181,298.74,0.76,0.77,2024-10-13,2146,N,VIIRS,n,2,286.08,2.03,N,2
35.63277,44.00279,315.24,0.76,0.77,2024-10-13,2146,N,VIIRS,n,2,286.39,3.21,N,2
35.63328,44.00182,304.51,0.76,0.77,2024-10-13,2146,N,VIIRS,n,2,286.14,2.06,N,0
35.66302,43.95951,325.51,0.77,0.77,2024-10-13,2146,N,VIIRS,n,2,287.64,4.2,N,2
35.68615,43.87939,324.99,0.78,0.78,2024-10-13,2146,N,VIIRS,n,2,285.79,11.81,N,2
35.68629,43.87045,367.0,0.78,0.78,2024-10-13,2146,N,VIIRS,h,2,288.23,21.0,N,2
35.72002,44.03341,298.16,0.76,0.77,2024-10-13,2146,N,VIIRS,n,2,286.86,2.65,N,2
35.72116,44.03925,314.2,0.76,0.77,2024-10-13,2146,N,VIIRS,n,2,287.91,1.87,N,2
35.72128,44.03016,297.54,0.76,0.77,2024-10-13,2146,N,VIIRS,n,2,286.81,1.87,N,2
35.7271,44.04321,304.86,0.76,0.77,2024-10-13,2146,N,VIIRS,n,2,287.3,3.46,N,2
35.72727,44.03423,325.13,0.76,0.77,2024-10-13,2146,N,VIIRS,n,2,288.64,2.65,N,2
35.72744,44.02512,297.57,0.76,0.77,2024-10-13,2146,N,VIIRS,n,2,287.07,2.65,N,0
35.72842,44.04012,314.87,0.76,0.77,2024-10-13,2146,N,VIIRS,n,2,287.82,1.87,N,2
35.72854,44.03096,311.08,0.76,0.77,2024-10-13,2146,N,VIIRS,n,2,288.35,1.87,N,2
35.77279,43.98935,302.64,0.77,0.77,2024-10-13,2146,N,VIIRS,n,2,287.79,1.65,N,2
35.922,43.78662,308.09,0.79,0.78,2024-10-13,2146,N,VIIRS,n,2,287.17,1.68,N,2
35.92201,43.78991,299.93,0.79,0.78,2024-10-13,2146,N,VIIRS,n,2,287.38,1.12,N,2
35.95213,43.72178,299.55,0.79,0.78,2024-10-13,2146,N,VIIRS,n,2,287.61,1.47,N,2
35.95248,43.72509,303.41,0.79,0.78,2024-10-13,2146,N,VIIRS,n,2,287.89,1.53,N,2
35.96645,43.76088,298.94,0.79,0.78,2024-10-13,2146,N,VIIRS,n,2,287.71,2.39,N,2
35.97371,43.76917,297.66,0.79,0.78,2024-10-13,2146,N,VIIRS,n,2,287.31,1.6,N,2
35.98108,43.76889,297.13,0.79,0.78,2024-10-13,2146,N,VIIRS,n,2,286.71,1.6,N,2
36.12718,43.77724,299.82,0.79,0.78,2024-10-13,2146,N,VIIRS,n,2,286.17,1.22,N,2
36.12745,43.77627,304.3,0.79,0.78,2024-10-13,2146,N,VIIRS,n,2,285.96,1.62,N,2
36.14927,43.77942,298.23,0.79,0.78,2024-10-13,2146,N,VIIRS,n,2,287.25,2.29,N,0
36.14952,43.77827,298.23,0.79,0.78,2024-10-13,2146,N,VIIRS,n,2,287.26,1.08,N,0
36.15702,43.76916,297.58,0.79,0.78,2024-10-13,2146,N,VIIRS,n,2,286.41,1.08,N,0
37.99913,41.58285,306.38,0.52,0.42,2024-10-13,2326,N,VIIRS,n,2,287.35,1.23,N,0
38.05791,40.96138,304.32,0.49,0.4,2024-10-13,2326,N,VIIRS,n,2,286.67,1.87,N,0
38.08018,40.86965,297.59,0.49,0.4,2024-10-13,2326,N,VIIRS,n,2,285.66,0.52,N,0
38.08381,40.87079,297.06,0.49,0.4,2024-10-13,2326,N,VIIRS,n,2,286.63,0.52,N,0
38.10098,40.93993,300.44,0.49,0.4,2024-10-13,2326,N,VIIRS,n,2,285.55,0.65,N,0
38.1031,40.87097,306.52,0.49,0.4,2024-10-13,2326,N,VIIRS,n,2,285.85,0.63,N,0
38.10419,40.86545,303.37,0.49,0.4,2024-10-13,2326,N,VIIRS,n,2,286.06,0.9,N,0
38.10527,40.86,298.52,0.49,0.4,2024-10-13,2326,N,VIIRS,n,2,285.5,0.9,N,0
38.10674,40.87208,305.65,0.49,0.4,2024-10-13,2326,N,VIIRS,n,2,286.77,0.63,N,0
38.10783,40.86658,298.48,0.49,0.4,2024-10-13,2326,N,VIIRS,n,2,286.7,0.9,N,0
38.10891,40.86114,299.69,0.49,0.4,2024-10-13,2326,N,VIIRS,n,2,286.39,0.9,N,0
38.13316,41.29046,296.47,0.51,0.41,2024-10-13,2326,N,VIIRS,n,2,285.36,0.33,N,0
38.13686,41.29161,306.54,0.51,0.41,2024-10-13,2326,N,VIIRS,n,2,286.53,0.86,N,0
38.14592,40.75179,295.66,0.48,0.4,2024-10-13,2326,N,VIIRS,n,2,284.99,0.51,N,0
38.15877,40.9808,298.09,0.49,0.4,2024-10-13,2326,N,VIIRS,n,2,286.13,0.41,N,0
38.19188,40.88201,309.32,0.49,0.4,2024-10-13,2326,N,VIIRS,n,2,286.72,1.3,N,0
38.66324,39.2355,296.96,0.42,0.38,2024-10-13,2326,N,VIIRS,n,2,285.7,0.78,N,2
38.88432,37.8957,298.09,0.39,0.36,2024-10-13,2326,N,VIIRS,n,2,284.35,0.47,N,2
39.59466,32.42042,303.72,0.47,0.4,2024-10-13,2326,N,VIIRS,n,2,283.62,1.37,N,2
39.74469,30.19839,298.19,0.39,0.44,2024-10-13,2326,N,VIIRS,n,2,282.91,0.75,N,2
39.83682,30.30345,295.05,0.39,0.44,2024-10-13,2326,N,VIIRS,n,2,282.25,0.78,N,2
39.83729,30.29881,301.46,0.39,0.44,2024-10-13,2326,N,VIIRS,n,2,282.42,0.78,N,2
39.94461,33.19162,302.45,0.45,0.39,2024-10-13,2326,N,VIIRS,n,2,284.15,1.37,N,2
39.96124,33.14655,298.96,0.45,0.39,2024-10-13,2326,N,VIIRS,n,2,282.43,0.64,N,2
40.75639,31.7829,295.6,0.52,0.41,2024-10-13,2326,N,VIIRS,n,2,279.66,0.96,N,2
40.7812,29.60211,297.29,0.43,0.46,2024-10-13,2326,N,VIIRS,n,2,285.72,1.3,N,2
40.79932,29.37937,295.05,0.44,0.46,2024-10-13,2326,N,VIIRS,n,2,284.88,0.99,N,2
40.80093,29.37485,296.71,0.44,0.46,2024-10-13,2326,N,VIIRS,n,2,286.35,0.92,N,2
40.86295,25.753,304.44,0.34,0.56,2024-10-13,2326,N,VIIRS,n,2,268.06,0.87,N,0
40.86815,25.75429,305.12,0.34,0.56,2024-10-13,2326,N,VIIRS,n,2,266.82,0.65,N,0
41.01659,27.96077,298.48,0.53,0.5,2024-10-13,2326,N,VIIRS,n,2,282.38,1.02,N,2
41.01964,28.55864,296.67,0.49,0.49,2024-10-13,2326,N,VIIRS,n,2,279.98,0.66,N,2
41.02011,28.55283,298.96,0.49,0.49,2024-10-13,2326,N,VIIRS,n,2,278.33,0.66,N,2
41.26677,31.42415,295.97,0.54,0.42,2024-10-13,2326,N,VIIRS,n,2,270.5,1.7,N,2
35.52392,44.34224,305.49,0.54,0.51,2024-10-13,2327,N,VIIRS,n,2,289.54,1.25,N,2
35.52847,44.34377,347.84,0.54,0.51,2024-10-13,2327,N,VIIRS,n,2,292.35,10.61,N,2
35.5298,44.33804,338.91,0.54,0.51,2024-10-13,2327,N,VIIRS,n,2,292.95,6.67,N,2
35.53436,44.33955,337.82,0.54,0.51,2024-10-13,2327,N,VIIRS,n,2,291.41,6.67,N,2
35.56515,44.28244,322.3,0.53,0.5,2024-10-13,2327,N,VIIRS,n,2,291.42,2.1,N,2
35.56581,44.28822,304.06,0.53,0.5,2024-10-13,2327,N,VIIRS,n,2,290.56,1.61,N,0
35.56711,44.28254,310.3,0.53,0.5,2024-10-13,2327,N,VIIRS,n,2,290.62,1.61,N,2
35.6288,44.01294,304.07,0.51,0.5,2024-10-13,2327,N,VIIRS,n,2,289.11,5.76,N,2
35.62911,44.01224,336.88,0.51,0.5,2024-10-13,2327,N,VIIRS,n,2,290.88,5.84,N,2
35.63008,44.00747,338.75,0.51,0.49,2024-10-13,2327,N,VIIRS,n,2,294.85,5.76,N,2
35.63036,44.00675,337.99,0.51,0.5,2024-10-13,2327,N,VIIRS,n,2,291.25,8.11,N,2
35.66396,43.96517,342.13,0.51,0.49,2024-10-13,2327,N,VIIRS,n,2,292.14,7.17,N,2
35.6843,43.87769,344.77,0.5,0.49,2024-10-13,2327,N,VIIRS,n,2,297.71,15.78,N,2
35.68557,43.8722,298.94,0.5,0.49,2024-10-13,2327,N,VIIRS,n,2,287.63,15.78,N,2
35.68871,43.87918,298.31,0.5,0.49,2024-10-13,2327,N,VIIRS,n,2,287.81,1.01,N,2
35.7184,43.77127,307.27,0.5,0.49,2024-10-13,2327,N,VIIRS,n,2,293.0,1.22,N,2
35.72034,44.03229,298.39,0.51,0.49,2024-10-13,2327,N,VIIRS,n,2,288.06,0.49,N,2
35.72355,44.03923,338.54,0.51,0.49,2024-10-13,2327,N,VIIRS,n,2,291.95,6.67,N,2
35.72395,44.04032,346.47,0.51,0.49,2024-10-13,2327,N,VIIRS,n,2,292.46,3.07,N,2
35.72802,44.04064,320.69,0.51,0.49,2024-10-13,2327,N,VIIRS,n,2,291.87,2.41,N,2
35.72842,44.04175,303.68,0.51,0.49,2024-10-13,2327,N,VIIRS,n,2,290.28,3.07,N,2
35.72928,44.0351,321.14,0.51,0.49,2024-10-13,2327,N,VIIRS,n,2,291.52,2.87,N,2
35.72972,44.0362,302.54,0.51,0.49,2024-10-13,2327,N,VIIRS,n,2,290.82,3.07,N,2
35.731,44.03073,311.88,0.51,0.49,2024-10-13,2327,N,VIIRS,n,2,290.68,1.44,N,2
35.77246,43.99694,327.03,0.51,0.49,2024-10-13,2327,N,VIIRS,n,2,291.75,3.22,N,2
35.83465,43.22073,306.57,0.46,0.47,2024-10-13,2327,N,VIIRS,n,2,290.01,1.02,N,2
35.87397,44.03528,295.69,0.51,0.49,2024-10-13,2327,N,VIIRS,n,2,284.3,0.53,N,0
35.8753,44.21575,300.07,0.52,0.5,2024-10-13,2327,N,VIIRS,n,2,288.49,0.67,N,0
35.92624,43.7893,309.74,0.49,0.49,2024-10-13,2327,N,VIIRS,n,2,290.0,1.16,N,2
35.92741,43.50528,305.46,0.47,0.48,2024-10-13,2327,N,VIIRS,n,2,291.1,1.54,N,0
35.92855,43.50023,319.55,0.47,0.48,2024-10-13,2327,N,VIIRS,n,2,291.79,2.48,N,0
35.9329,43.50151,306.37,0.47,0.48,2024-10-13,2327,N,VIIRS,n,2,292.05,1.18,N,0
35.93724,43.50277,304.15,0.47,0.48,2024-10-13,2327,N,VIIRS,n,2,292.26,1.18,N,0
35.95389,43.73042,313.54,0.49,0.48,2024-10-13,2327,N,VIIRS,n,2,291.05,1.59,N,2
35.97148,43.77673,301.19,0.49,0.49,2024-10-13,2327,N,VIIRS,n,2,290.13,1.13,N,2
35.97271,43.77135,307.61,0.49,0.49,2024-10-13,2327,N,VIIRS,n,2,290.88,2.03,N,2
35.98258,43.76926,312.81,0.49,0.48,2024-10-13,2327,N,VIIRS,n,2,290.73,1.67,N,2
36.00382,44.01608,300.92,0.5,0.49,2024-10-13,2327,N,VIIRS,n,2,286.38,0.58,N,0
36.01526,44.13207,297.59,0.51,0.49,2024-10-13,2327,N,VIIRS,n,2,287.3,0.3,N,0
36.01588,43.68425,305.34,0.48,0.48,2024-10-13,2327,N,VIIRS,n,2,288.07,1.44,N,2
36.0214,43.68052,300.35,0.48,0.48,2024-10-13,2327,N,VIIRS,n,2,288.5,1.26,N,2
36.08498,43.64254,301.72,0.48,0.48,2024-10-13,2327,N,VIIRS,n,2,287.3,0.4,N,0
36.10147,43.63142,297.1,0.48,0.48,2024-10-13,2327,N,VIIRS,n,2,287.09,0.62,N,0
36.10882,41.83199,300.26,0.39,0.44,2024-10-13,2327,N,VIIRS,n,2,286.54,0.57,N,0
36.13132,40.80825,301.02,0.52,0.42,2024-10-13,2327,N,VIIRS,n,2,290.47,0.61,N,2
36.14141,40.81744,314.36,0.52,0.42,2024-10-13,2327,N,VIIRS,n,2,290.3,0.92,N,2
36.14516,40.81862,299.57,0.52,0.42,2024-10-13,2327,N,VIIRS,n,2,289.42,0.92,N,2
36.15575,43.77456,302.16,0.48,0.48,2024-10-13,2327,N,VIIRS,n,2,290.65,0.99,N,0
36.16492,41.04562,304.24,0.53,0.42,2024-10-13,2327,N,VIIRS,n,2,291.13,0.71,N,0
36.26384,33.72808,320.19,0.4,0.37,2024-10-13,2327,N,VIIRS,n,2,293.48,1.51,N,2
36.34968,42.0768,311.97,0.39,0.44,2024-10-13,2327,N,VIIRS,n,2,294.55,1.21,N,2
36.43955,42.58615,299.2,0.42,0.45,2024-10-13,2327,N,VIIRS,n,2,288.23,0.72,N,0
36.55304,43.23781,304.02,0.45,0.47,2024-10-13,2327,N,VIIRS,n,2,287.99,0.5,N,0
36.5572,43.23935,300.59,0.45,0.47,2024-10-13,2327,N,VIIRS,n,2,287.64,0.5,N,0
36.57182,43.01102,302.16,0.43,0.46,2024-10-13,2327,N,VIIRS,n,2,287.28,1.19,N,0
36.67099,43.37632,297.77,0.45,0.47,2024-10-13,2327,N,VIIRS,n,2,286.42,0.85,N,0
36.67519,43.37779,312.52,0.45,0.47,2024-10-13,2327,N,VIIRS,n,2,286.94,0.85,N,0
36.68847,43.22769,301.17,0.44,0.46,2024-10-13,2327,N,VIIRS,n,2,286.38,0.36,N,0
36.69123,43.69212,304.06,0.47,0.48,2024-10-13,2327,N,VIIRS,n,2,287.44,0.92,N,0
36.69252,43.68866,301.52,0.47,0.48,2024-10-13,2327,N,VIIRS,n,2,286.74,0.56,N,0
36.69486,39.47481,319.08,0.45,0.39,2024-10-13,2327,N,VIIRS,n,2,288.35,1.7,N,0
36.6966,39.47712,312.05,0.45,0.39,2024-10-13,2327,N,VIIRS,n,2,288.22,1.01,N,0
36.70561,42.01832,327.3,0.39,0.44,2024-10-13,2327,N,VIIRS,n,2,287.89,3.18,N,0
36.70743,43.21473,300.8,0.44,0.46,2024-10-13,2327,N,VIIRS,n,2,287.96,1.01,N,0
36.72929,43.66874,296.94,0.47,0.47,2024-10-13,2327,N,VIIRS,n,2,286.79,0.38,N,0
36.73235,43.28393,307.44,0.44,0.46,2024-10-13,2327,N,VIIRS,n,2,289.21,1.09,N,2
36.74488,43.49998,299.24,0.46,0.47,2024-10-13,2327,N,VIIRS,n,2,286.93,1.06,N,2
36.74784,43.49923,305.78,0.46,0.47,2024-10-13,2327,N,VIIRS,n,2,289.81,1.81,N,2
36.74912,43.50133,300.7,0.46,0.47,2024-10-13,2327,N,VIIRS,n,2,288.83,1.06,N,2
36.76837,40.25754,303.82,0.48,0.4,2024-10-13,2327,N,VIIRS,n,2,287.49,0.94,N,0
36.77547,43.3255,332.06,0.45,0.47,2024-10-13,2327,N,VIIRS,n,2,289.9,3.81,N,2
36.77738,43.32416,326.02,0.45,0.47,2024-10-13,2327,N,VIIRS,n,2,290.86,2.69,N,2
36.79979,42.95927,298.15,0.43,0.46,2024-10-13,2327,N,VIIRS,n,2,287.63,0.51,N,0
36.80391,42.96056,301.57,0.43,0.46,2024-10-13,2327,N,VIIRS,n,2,287.06,0.51,N,0
36.86731,43.48735,308.75,0.45,0.47,2024-10-13,2327,N,VIIRS,n,2,287.41,1.42,N,2
36.86947,34.76239,315.22,0.39,0.36,2024-10-13,2327,N,VIIRS,n,2,293.48,1.97,N,2
36.87123,43.4901,310.46,0.45,0.47,2024-10-13,2327,N,VIIRS,n,2,288.64,1.42,N,2
36.88966,43.4286,300.29,0.45,0.47,2024-10-13,2327,N,VIIRS,n,2,285.17,1.84,N,2
36.89386,43.42999,336.72,0.45,0.47,2024-10-13,2327,N,VIIRS,n,2,287.28,1.84,N,2
36.907,43.39166,329.51,0.45,0.47,2024-10-13,2327,N,VIIRS,n,2,286.99,4.51,N,2
36.91463,41.8941,304.02,0.57,0.43,2024-10-13,2327,N,VIIRS,n,2,287.35,0.79,N,2
36.93625,42.13323,320.28,0.39,0.44,2024-10-13,2327,N,VIIRS,n,2,290.93,1.89,N,2
36.93898,42.12049,307.74,0.39,0.44,2024-10-13,2327,N,VIIRS,n,2,289.19,1.29,N,2
36.94068,42.17149,306.92,0.39,0.44,2024-10-13,2327,N,VIIRS,n,2,288.57,0.88,N,2
36.94503,42.13153,313.1,0.39,0.44,2024-10-13,2327,N,VIIRS,n,2,289.99,1.3,N,2
36.94895,42.13284,321.4,0.39,0.44,2024-10-13,2327,N,VIIRS,n,2,291.03,1.3,N,2
36.96368,42.08351,338.06,0.38,0.43,2024-10-13,2327,N,VIIRS,n,2,289.34,1.97,N,2
36.99628,41.56148,302.88,0.54,0.42,2024-10-13,2327,N,VIIRS,n,2,289.05,1.15,N,2
37.00734,42.07504,302.68,0.38,0.43,2024-10-13,2327,N,VIIRS,n,2,289.11,0.63,N,0
37.02267,36.1103,308.28,0.38,0.36,2024-10-13,2327,N,VIIRS,n,2,292.62,1.34,N,2
37.0336,42.16963,302.54,0.39,0.44,2024-10-13,2327,N,VIIRS,n,2,290.91,0.85,N,2
37.05451,40.71044,306.31,0.5,0.41,2024-10-13,2327,N,VIIRS,n,2,290.15,1.6,N,0
37.07763,42.56048,309.9,0.4,0.44,2024-10-13,2327,N,VIIRS,n,2,290.15,0.94,N,2
37.0786,42.55599,307.02,0.4,0.44,2024-10-13,2327,N,VIIRS,n,2,290.89,1.16,N,2
37.09052,42.20476,302.1,0.39,0.44,2024-10-13,2327,N,VIIRS,n,2,287.74,0.43,N,0
37.25071,40.13664,302.18,0.47,0.4,2024-10-13,2327,N,VIIRS,n,2,289.22,0.58,N,0
37.27543,40.20474,301.76,0.47,0.4,2024-10-13,2327,N,VIIRS,n,2,288.35,0.87,N,0
37.29475,37.15625,312.36,0.39,0.36,2024-10-13,2327,N,VIIRS,n,2,291.57,1.94,N,2
37.33939,40.80076,305.35,0.5,0.41,2024-10-13,2327,N,VIIRS,n,2,288.95,1.39,N,2
37.35085,37.16437,306.82,0.39,0.36,2024-10-13,2327,N,VIIRS,n,2,290.63,1.1,N,2
37.47125,38.14444,330.91,0.41,0.37,2024-10-13,2327,N,VIIRS,n,2,290.44,2.52,N,0
37.64369,40.2394,301.83,0.47,0.39,2024-10-13,2327,N,VIIRS,n,2,286.05,0.88,N,0
37.64632,40.24323,332.33,0.47,0.4,2024-10-13,2327,N,VIIRS,n,2,287.38,3.87,N,0
37.64727,40.24047,334.95,0.47,0.39,2024-10-13,2327,N,VIIRS,n,2,287.79,4.73,N,0
37.67036,38.19499,309.79,0.4,0.37,2024-10-13,2327,N,VIIRS,n,2,280.39,1.17,N,0
37.67372,38.19592,305.31,0.4,0.37,2024-10-13,2327,N,VIIRS,n,2,267.8,0.55,N,0
37.6934,40.52456,312.69,0.48,0.4,2024-10-13,2327,N,VIIRS,n,2,287.85,0.99,N,0
37.69382,40.52917,303.86,0.48,0.4,2024-10-13,2327,N,VIIRS,n,2,287.23,0.88,N,0
37.69486,40.52384,300.35,0.48,0.4,2024-10-13,2327,N,VIIRS,n,2,287.24,0.88,N,0
37.697,40.5257,300.77,0.48,0.4,2024-10-13,2327,N,VIIRS,n,2,287.83,0.99,N,0
37.69743,40.53032,298.41,0.48,0.4,2024-10-13,2327,N,VIIRS,n,2,286.94,0.64,N,0
37.69846,40.52499,298.3,0.48,0.4,2024-10-13,2327,N,VIIRS,n,2,287.75,0.64,N,0
37.70522,37.89262,318.44,0.4,0.37,2024-10-13,2327,N,VIIRS,n,2,287.94,1.78,N,0
37.70601,37.88808,339.76,0.4,0.37,2024-10-13,2327,N,VIIRS,n,2,288.87,4.71,N,0
37.70934,37.88902,331.52,0.4,0.37,2024-10-13,2327,N,VIIRS,n,2,290.29,4.71,N,0
37.72655,40.39891,298.21,0.47,0.4,2024-10-13,2327,N,VIIRS,n,2,285.64,0.42,N,0
37.72969,39.05027,301.66,0.43,0.38,2024-10-13,2327,N,VIIRS,n,2,288.9,0.92,N,0
37.73101,31.71538,308.74,0.48,0.4,2024-10-13,2327,N,VIIRS,n,2,282.83,1.07,N,0
37.76366,40.72541,306.19,0.49,0.4,2024-10-13,2327,N,VIIRS,n,2,286.68,1.03,N,0
37.7644,40.73014,298.4,0.49,0.4,2024-10-13,2327,N,VIIRS,n,2,285.91,0.61,N,0
37.76548,40.72459,299.73,0.49,0.4,2024-10-13,2327,N,VIIRS,n,2,286.66,0.61,N,0
37.77561,38.49731,303.04,0.41,0.37,2024-10-13,2327,N,VIIRS,n,2,287.47,0.43,N,0
37.7999,38.13743,298.37,0.4,0.37,2024-10-13,2327,N,VIIRS,n,2,286.06,0.4,N,0
37.83802,38.50513,312.38,0.41,0.37,2024-10-13,2327,N,VIIRS,n,2,285.58,1.37,N,0
37.83884,38.50052,298.59,0.41,0.37,2024-10-13,2327,N,VIIRS,n,2,286.22,0.47,N,0
37.8406,38.51062,313.11,0.41,0.37,2024-10-13,2327,N,VIIRS,n,2,286.0,1.37,N,0
37.86162,29.37298,305.55,0.41,0.45,2024-10-13,2327,N,VIIRS,n,2,287.07,1.22,N,2
37.8736,40.86002,310.73,0.49,0.4,2024-10-13,2327,N,VIIRS,n,2,286.21,2.33,N,0
37.87837,40.85553,324.54,0.49,0.4,2024-10-13,2327,N,VIIRS,n,2,287.05,3.86,N,0
37.87949,40.84994,325.57,0.49,0.4,2024-10-13,2327,N,VIIRS,n,2,287.35,3.74,N,0
37.88894,40.78315,302.74,0.49,0.4,2024-10-13,2327,N,VIIRS,n,2,287.09,3.52,N,0
37.89002,40.77768,335.41,0.49,0.4,2024-10-13,2327,N,VIIRS,n,2,287.4,3.52,N,0
37.89259,40.78422,326.68,0.49,0.4,2024-10-13,2327,N,VIIRS,n,2,287.15,4.9,N,0
37.89367,40.77876,346.68,0.49,0.4,2024-10-13,2327,N,VIIRS,n,2,292.34,4.9,N,0
37.89623,40.7853,316.56,0.49,0.4,2024-10-13,2327,N,VIIRS,n,2,287.78,4.9,N,0
37.89732,40.77986,316.68,0.49,0.4,2024-10-13,2327,N,VIIRS,n,2,288.78,4.9,N,0
37.92479,40.03933,309.25,0.46,0.39,2024-10-13,2327,N,VIIRS,n,2,285.79,1.19,N,0
37.93817,40.72914,296.94,0.48,0.4,2024-10-13,2327,N,VIIRS,n,2,286.36,0.7,N,0
37.93847,32.53488,300.2,0.45,0.39,2024-10-13,2327,N,VIIRS,n,2,286.63,0.88,N,2
37.96561,40.55006,301.46,0.47,0.4,2024-10-13,2327,N,VIIRS,n,2,287.25,1.06,N,0
37.96665,40.54479,307.46,0.47,0.4,2024-10-13,2327,N,VIIRS,n,2,288.42,1.64,N,0
37.98875,40.87451,343.26,0.49,0.4,2024-10-13,2327,N,VIIRS,n,2,288.4,6.33,N,0
38.02709,40.97445,304.74,0.49,0.4,2024-10-13,2327,N,VIIRS,n,2,285.87,0.85,N,0
38.03333,40.98219,312.83,0.49,0.4,2024-10-13,2327,N,VIIRS,n,2,285.64,1.56,N,0
38.04584,40.60551,307.3,0.48,0.4,2024-10-13,2327,N,VIIRS,n,2,287.4,1.53,N,0
38.04631,40.62256,299.89,0.48,0.4,2024-10-13,2327,N,VIIRS,n,2,286.75,0.95,N,0
38.04992,40.62366,297.83,0.48,0.4,2024-10-13,2327,N,VIIRS,n,2,285.99,0.57,N,0
38.05597,40.9657,301.97,0.49,0.4,2024-10-13,2327,N,VIIRS,n,2,286.52,0.75,N,0
38.27747,39.74547,300.24,0.44,0.38,2024-10-13,2327,N,VIIRS,n,2,287.09,0.78,N,0
38.42624,27.21602,306.23,0.54,0.51,2024-10-13,2327,N,VIIRS,n,2,289.1,1.7,N,2
38.42675,27.21707,306.5,0.54,0.51,2024-10-13,2327,N,VIIRS,n,2,289.26,1.27,N,2
38.45464,38.7282,307.32,0.41,0.37,2024-10-13,2327,N,VIIRS,n,2,289.42,1.27,N,2
38.48281,27.10782,299.71,0.55,0.51,2024-10-13,2327,N,VIIRS,n,2,288.4,0.7,N,0
38.65989,30.61648,298.66,0.55,0.43,2024-10-13,2327,N,VIIRS,n,2,283.37,1.49,N,2
38.73576,26.94143,300.07,0.57,0.52,2024-10-13,2327,N,VIIRS,n,2,289.73,1.61,N,2
38.74008,26.94851,303.78,0.57,0.52,2024-10-13,2327,N,VIIRS,n,2,290.11,1.61,N,2
38.74971,26.94958,308.27,0.57,0.52,2024-10-13,2327,N,VIIRS,n,2,289.28,1.52,N,2
39.16903,27.62897,298.77,0.53,0.5,2024-10-13,2327,N,VIIRS,n,2,285.59,1.36,N,2
41.02209,28.55657,297.94,0.59,0.7,2024-10-14,106,N,VIIRS,n,2,282.07,0.98,N,2
37.68213,27.37189,307.88,0.64,0.72,2024-10-14,107,N,VIIRS,n,2,287.33,1.71,N,0
37.6858,27.3724,345.74,0.64,0.72,2024-10-14,107,N,VIIRS,n,2,289.59,8.04,N,0
37.68847,27.37506,343.82,0.64,0.72,2024-10-14,107,N,VIIRS,n,2,289.91,7.47,N,0
38.73776,26.94841,303.43,0.57,0.69,2024-10-14,107,N,VIIRS,n,2,286.51,0.74,N,2
38.73957,26.94866,299.47,0.57,0.69,2024-10-14,107,N,VIIRS,n,2,284.19,0.71,N,2
38.74374,26.95168,296.79,0.57,0.69,2024-10-14,107,N,VIIRS,n,2,282.07,0.74,N,2
38.74557,26.95189,295.89,0.57,0.69,2024-10-14,107,N,VIIRS,n,2,280.92,0.71,N,2
39.86602,26.24399,297.06,0.49,0.65,2024-10-14,107,N,VIIRS,n,2,279.43,0.74,N,2
39.8678,26.24534,295.6,0.49,0.65,2024-10-14,107,N,VIIRS,n,2,279.46,0.84,N,2
35.52469,44.34397,353.45,0.5,0.66,2024-10-14,907,N,VIIRS,n,2,306.13,5.44,D,2
35.53053,44.34159,353.91,0.5,0.66,2024-10-14,907,N,VIIRS,n,2,306.55,4.44,D,2
35.54794,44.03164,335.88,0.52,0.67,2024-10-14,907,N,VIIRS,n,2,304.92,3.06,D,0
35.55178,43.79205,343.51,0.53,0.67,2024-10-14,907,N,VIIRS,n,2,305.48,4.09,D,0
35.62695,44.00798,355.05,0.52,0.67,2024-10-14,907,N,VIIRS,n,2,305.69,6.68,D,2
35.62854,44.01357,341.5,0.52,0.67,2024-10-14,907,N,VIIRS,n,2,305.65,6.68,D,2
35.66053,43.96313,342.3,0.52,0.67,2024-10-14,907,N,VIIRS,n,2,306.48,5.19,D,2
35.66211,43.96873,343.25,0.52,0.67,2024-10-14,907,N,VIIRS,n,2,306.28,6.62,D,2
35.68056,43.87564,347.65,0.52,0.67,2024-10-14,907,N,VIIRS,n,2,306.75,7.65,D,2
35.6822,43.88132,352.05,0.52,0.67,2024-10-14,907,N,VIIRS,n,2,305.94,7.65,D,2
35.68292,43.87793,367.0,0.52,0.67,2024-10-14,907,N,VIIRS,h,2,311.18,20.45,D,2
35.68655,43.87329,354.4,0.52,0.67,2024-10-14,907,N,VIIRS,n,2,304.41,7.65,D,2
35.68816,43.87891,367.0,0.52,0.67,2024-10-14,907,N,VIIRS,h,2,304.45,7.65,D,2
35.69164,44.45101,338.27,0.49,0.65,2024-10-14,907,N,VIIRS,n,2,305.77,2.63,D,0
35.72137,44.04105,340.46,0.51,0.66,2024-10-14,907,N,VIIRS,n,2,305.74,2.53,D,2
35.7228,44.04386,342.48,0.51,0.66,2024-10-14,907,N,VIIRS,n,2,306.71,4.7,D,2
35.77596,44.32407,339.01,0.49,0.65,2024-10-14,907,N,VIIRS,n,2,308.03,3.6,D,0
35.78966,44.34946,351.41,0.49,0.65,2024-10-14,907,N,VIIRS,n,2,307.88,4.73,D,0
35.79522,44.35092,345.48,0.49,0.65,2024-10-14,907,N,VIIRS,n,2,305.23,4.74,D,0
35.79549,44.34716,334.88,0.49,0.65,2024-10-14,907,N,VIIRS,n,2,306.33,4.73,D,0
35.91192,44.03913,337.7,0.51,0.66,2024-10-14,907,N,VIIRS,n,2,306.84,4.24,D,0
35.91257,44.04151,345.81,0.51,0.66,2024-10-14,907,N,VIIRS,n,2,307.16,5.51,D,0
35.94744,44.00278,336.66,0.51,0.66,2024-10-14,907,N,VIIRS,n,2,305.45,4.82,D,0
35.99784,44.01867,344.62,0.5,0.66,2024-10-14,907,N,VIIRS,n,2,306.04,3.22,D,0
36.00034,44.16591,336.43,0.5,0.65,2024-10-14,907,N,VIIRS,n,2,305.12,1.16,D,0
36.04025,44.00657,346.09,0.5,0.66,2024-10-14,907,N,VIIRS,n,2,305.36,4.35,D,0
36.04114,44.00621,347.83,0.5,0.66,2024-10-14,907,N,VIIRS,n,2,305.32,6.0,D,0
36.04181,44.01213,333.26,0.5,0.66,2024-10-14,907,N,VIIRS,n,2,302.56,4.35,D,0
36.04821,41.89748,345.88,0.65,0.73,2024-10-14,907,N,VIIRS,n,2,303.24,6.61,D,0
36.2323,43.84799,337.36,0.51,0.66,2024-10-14,907,N,VIIRS,n,2,304.84,4.89,D,0
36.2337,43.85067,339.57,0.51,0.66,2024-10-14,907,N,VIIRS,n,2,306.52,4.27,D,0
36.4762,43.20996,336.72,0.54,0.68,2024-10-14,907,N,VIIRS,n,2,302.74,4.42,D,0
36.47885,43.21138,337.62,0.54,0.68,2024-10-14,907,N,VIIRS,n,2,302.03,2.87,D,0
36.53828,40.02102,333.86,0.78,0.78,2024-10-14,907,N,VIIRS,n,2,293.97,9.18,D,0
36.54338,40.01859,334.42,0.78,0.78,2024-10-14,907,N,VIIRS,n,2,292.95,9.55,D,0
36.59863,43.39992,367.0,0.52,0.67,2024-10-14,907,N,VIIRS,h,2,307.74,23.67,D,0
36.60025,43.40553,335.99,0.52,0.67,2024-10-14,907,N,VIIRS,n,2,301.05,18.79,D,0
36.60601,44.1686,343.83,0.48,0.65,2024-10-14,907,N,VIIRS,n,2,304.99,9.87,D,0
36.60752,44.17398,367.0,0.48,0.65,2024-10-14,907,N,VIIRS,h,2,305.65,9.87,D,0
36.61772,42.36738,367.0,0.59,0.7,2024-10-14,907,N,VIIRS,h,2,303.22,13.27,D,0
36.66681,43.13335,355.41,0.54,0.68,2024-10-14,907,N,VIIRS,n,2,304.85,14.02,D,0
36.67215,43.13552,349.15,0.54,0.68,2024-10-14,907,N,VIIRS,n,2,303.14,8.37,D,0
36.67986,43.13877,356.4,0.54,0.68,2024-10-14,907,N,VIIRS,n,2,304.88,8.37,D,0
36.68058,43.13438,340.82,0.54,0.68,2024-10-14,907,N,VIIRS,n,2,301.7,5.73,D,0
36.68224,43.14013,337.8,0.54,0.68,2024-10-14,907,N,VIIRS,n,2,303.58,7.01,D,0
36.71399,43.07084,346.75,0.54,0.68,2024-10-14,907,N,VIIRS,n,2,305.62,4.93,D,0
36.76685,42.25363,333.73,0.59,0.7,2024-10-14,907,N,VIIRS,n,2,299.11,4.01,D,0
36.77182,42.2491,367.0,0.59,0.7,2024-10-14,907,N,VIIRS,h,2,301.89,15.4,D,0
36.77306,42.25089,367.0,0.59,0.7,2024-10-14,907,N,VIIRS,h,2,302.69,18.52,D,0
36.77378,42.25558,339.16,0.59,0.7,2024-10-14,907,N,VIIRS,n,2,298.08,14.23,D,0
36.77509,43.32686,340.6,0.52,0.67,2024-10-14,907,N,VIIRS,n,2,299.96,5.0,D,2
36.83679,40.59517,332.88,0.71,0.75,2024-10-14,907,N,VIIRS,n,2,298.19,4.49,D,0
36.8377,40.59518,333.48,0.71,0.75,2024-10-14,907,N,VIIRS,n,2,298.08,6.26,D,0
36.84615,44.13607,338.14,0.47,0.64,2024-10-14,907,N,VIIRS,n,2,299.96,2.55,D,0
36.90457,43.38812,331.32,0.52,0.67,2024-10-14,907,N,VIIRS,n,2,294.59,4.67,D,2
37.27502,39.53101,334.77,0.78,0.78,2024-10-14,908,N,VIIRS,n,2,296.86,5.44,D,0
37.71332,40.63083,337.39,0.67,0.74,2024-10-14,908,N,VIIRS,n,2,296.06,6.41,D,0
37.71464,40.62917,339.54,0.67,0.74,2024-10-14,908,N,VIIRS,n,2,295.56,6.35,D,0
37.87738,40.86383,355.48,0.65,0.73,2024-10-14,908,N,VIIRS,n,2,299.55,11.22,D,0
37.87912,40.8614,352.23,0.65,0.73,2024-10-14,908,N,VIIRS,n,2,299.7,13.54,D,0
37.99072,40.6779,349.63,0.66,0.73,2024-10-14,908,N,VIIRS,n,2,300.28,9.3,D,0
37.9932,40.8747,335.51,0.64,0.72,2024-10-14,908,N,VIIRS,n,2,300.09,5.56,D,0
37.99402,40.67912,367.0,0.66,0.73,2024-10-14,908,N,VIIRS,h,2,300.09,12.74,D,0
37.99734,40.87529,337.56,0.64,0.72,2024-10-14,908,N,VIIRS,n,2,298.74,5.08,D,0
38.04726,40.1609,341.26,0.69,0.74,2024-10-14,908,N,VIIRS,n,2,295.02,9.38,D,0
38.04751,40.16016,340.03,0.69,0.74,2024-10-14,908,N,VIIRS,n,2,294.52,5.75,D,0
38.11344,41.19783,346.32,0.61,0.71,2024-10-14,908,N,VIIRS,n,2,297.05,6.71,D,0
38.11399,41.1954,341.36,0.61,0.71,2024-10-14,908,N,VIIRS,n,2,297.52,5.02,D,0
38.18077,40.36328,330.04,0.67,0.74,2024-10-14,908,N,VIIRS,n,2,298.94,2.66,D,0
38.89743,41.42137,328.59,0.57,0.69,2024-10-14,908,N,VIIRS,n,2,297.94,2.61,D,0
35.5263,44.34462,367.0,0.38,0.59,2024-10-14,1047,N,VIIRS,h,2,310.19,8.58,D,2
35.53127,44.33759,356.66,0.38,0.59,2024-10-14,1047,N,VIIRS,n,2,308.92,7.12,D,2
35.5315,44.34184,351.86,0.38,0.59,2024-10-14,1047,N,VIIRS,n,2,309.14,8.63,D,2
35.53152,44.33989,367.0,0.38,0.59,2024-10-14,1047,N,VIIRS,h,2,311.09,8.58,D,2
35.54354,43.81204,336.96,0.36,0.57,2024-10-14,1047,N,VIIRS,n,2,307.72,3.01,D,0
35.62616,44.00895,367.0,0.37,0.58,2024-10-14,1047,N,VIIRS,h,2,311.14,5.77,D,2
35.62848,44.0092,367.0,0.37,0.58,2024-10-14,1047,N,VIIRS,h,2,316.08,14.61,D,2
35.63156,44.00863,367.0,0.37,0.58,2024-10-14,1047,N,VIIRS,h,2,308.94,7.4,D,2
35.66367,43.96419,367.0,0.36,0.58,2024-10-14,1047,N,VIIRS,h,2,310.21,4.98,D,2
35.66392,43.96832,335.82,0.36,0.58,2024-10-14,1047,N,VIIRS,n,2,307.92,5.2,D,2
35.6739,44.04284,348.03,0.37,0.58,2024-10-14,1047,N,VIIRS,n,2,309.58,4.4,D,0
35.68512,43.87599,341.94,0.36,0.57,2024-10-14,1047,N,VIIRS,n,2,313.96,17.21,D,2
35.68538,43.88008,367.0,0.36,0.57,2024-10-14,1047,N,VIIRS,h,2,309.2,17.21,D,2
35.72271,44.04153,367.0,0.37,0.58,2024-10-14,1047,N,VIIRS,h,2,310.62,4.13,D,2
35.72415,44.0408,367.0,0.37,0.58,2024-10-14,1047,N,VIIRS,h,2,311.06,5.6,D,2
35.75063,44.02934,338.81,0.37,0.58,2024-10-14,1047,N,VIIRS,n,2,307.72,2.99,D,0
35.75687,44.32691,340.87,0.38,0.59,2024-10-14,1047,N,VIIRS,n,2,308.03,1.95,D,0
35.75715,44.32722,341.05,0.38,0.59,2024-10-14,1047,N,VIIRS,n,2,308.52,3.08,D,0
35.75946,44.27602,367.0,0.38,0.59,2024-10-14,1047,N,VIIRS,h,2,310.83,11.97,D,0
35.75948,44.27565,367.0,0.38,0.59,2024-10-14,1047,N,VIIRS,h,2,310.72,12.71,D,0
35.75972,44.27988,367.0,0.38,0.59,2024-10-14,1047,N,VIIRS,h,2,308.55,13.03,D,0
35.75972,44.28024,367.0,0.38,0.59,2024-10-14,1047,N,VIIRS,h,2,308.43,12.36,D,0
35.79675,44.34822,345.83,0.38,0.59,2024-10-14,1047,N,VIIRS,n,2,308.61,4.21,D,0
35.79724,44.35664,340.25,0.38,0.59,2024-10-14,1047,N,VIIRS,n,2,307.67,6.72,D,0
35.79748,44.36079,341.08,0.38,0.59,2024-10-14,1047,N,VIIRS,n,2,308.52,6.07,D,0
35.92206,43.79123,336.77,0.36,0.57,2024-10-14,1047,N,VIIRS,n,2,308.24,2.06,D,2
35.92483,43.79035,341.43,0.36,0.57,2024-10-14,1047,N,VIIRS,n,2,307.93,1.97,D,2
35.94816,44.00371,337.5,0.37,0.58,2024-10-14,1047,N,VIIRS,n,2,307.26,2.6,D,0
35.96795,44.15728,340.71,0.38,0.58,2024-10-14,1047,N,VIIRS,n,2,306.22,3.3,D,0
35.98116,44.46812,356.61,0.39,0.59,2024-10-14,1047,N,VIIRS,n,2,307.43,4.2,D,0
35.9854,44.46784,351.76,0.39,0.59,2024-10-14,1047,N,VIIRS,n,2,306.89,5.19,D,0
36.01976,43.68179,337.7,0.35,0.57,2024-10-14,1047,N,VIIRS,n,2,307.74,2.71,D,2
36.06328,41.79236,344.64,0.55,0.51,2024-10-14,1047,N,VIIRS,n,2,308.28,12.11,D,0
36.06804,41.79177,343.25,0.55,0.51,2024-10-14,1047,N,VIIRS,n,2,309.87,12.11,D,0
36.06854,41.79805,336.45,0.55,0.51,2024-10-14,1047,N,VIIRS,n,2,306.21,16.03,D,0
36.08541,38.56675,343.25,0.56,0.43,2024-10-14,1047,N,VIIRS,n,2,306.18,30.85,D,0
36.08938,38.56611,345.18,0.56,0.43,2024-10-14,1047,N,VIIRS,n,2,304.82,30.85,D,0
36.10777,44.479,344.68,0.39,0.6,2024-10-14,1047,N,VIIRS,n,2,304.78,4.1,D,0
36.10801,44.48343,344.01,0.39,0.6,2024-10-14,1047,N,VIIRS,n,2,305.17,4.1,D,0
36.12919,37.87476,334.44,0.52,0.42,2024-10-14,1047,N,VIIRS,n,2,302.86,5.37,D,0
36.1526,37.82167,335.91,0.52,0.41,2024-10-14,1047,N,VIIRS,n,2,301.59,4.7,D,0
36.15463,37.82326,332.73,0.52,0.41,2024-10-14,1047,N,VIIRS,n,2,301.28,1.8,D,0
36.1578,37.81683,338.41,0.52,0.41,2024-10-14,1047,N,VIIRS,n,2,305.16,5.26,D,0
36.16238,37.4891,333.39,0.5,0.41,2024-10-14,1047,N,VIIRS,n,2,301.89,5.77,D,0
36.16723,37.3634,333.33,0.5,0.41,2024-10-14,1047,N,VIIRS,n,2,301.34,2.88,D,0
36.21317,38.05745,333.8,0.53,0.42,2024-10-14,1047,N,VIIRS,n,2,302.84,2.96,D,0
36.23014,43.85139,367.0,0.36,0.58,2024-10-14,1047,N,VIIRS,h,2,308.8,10.56,D,0
36.26279,38.72909,340.53,0.38,0.43,2024-10-14,1047,N,VIIRS,n,2,305.68,2.93,D,0
36.26641,43.60455,351.83,0.35,0.57,2024-10-14,1047,N,VIIRS,n,2,307.52,6.43,D,0
36.28343,38.85373,343.71,0.39,0.44,2024-10-14,1047,N,VIIRS,n,2,306.03,4.93,D,0
36.35894,43.84861,344.07,0.36,0.58,2024-10-14,1047,N,VIIRS,n,2,306.6,4.32,D,0
36.36233,43.84859,351.52,0.36,0.58,2024-10-14,1047,N,VIIRS,n,2,307.0,5.08,D,0
36.39091,43.41248,353.76,0.34,0.56,2024-10-14,1047,N,VIIRS,n,2,306.36,3.84,D,0
36.55437,41.9346,354.97,0.57,0.52,2024-10-14,1047,N,VIIRS,n,2,300.96,23.28,D,0
36.57244,42.97717,336.63,0.33,0.55,2024-10-14,1047,N,VIIRS,n,2,305.97,2.64,D,0
36.57439,43.75945,367.0,0.36,0.57,2024-10-14,1047,N,VIIRS,h,2,311.47,14.19,D,0
36.57974,43.75883,341.47,0.36,0.57,2024-10-14,1047,N,VIIRS,n,2,305.51,4.06,D,0
36.58345,42.83837,343.67,0.32,0.55,2024-10-14,1047,N,VIIRS,n,2,305.93,1.95,D,0
36.59396,42.98974,352.17,0.33,0.55,2024-10-14,1047,N,VIIRS,n,2,308.66,3.89,D,0
36.59909,42.98923,335.35,0.33,0.55,2024-10-14,1047,N,VIIRS,n,2,304.52,3.89,D,0
36.60934,44.1805,348.11,0.38,0.59,2024-10-14,1047,N,VIIRS,n,2,304.58,4.08,D,0
36.62885,43.68146,367.0,0.36,0.57,2024-10-14,1047,N,VIIRS,h,2,308.23,6.06,D,0
36.63419,43.68096,367.0,0.36,0.57,2024-10-14,1047,N,VIIRS,h,2,306.29,6.06,D,0
36.63444,43.68501,351.25,0.36,0.57,2024-10-14,1047,N,VIIRS,n,2,307.09,12.62,D,0
36.65737,43.21912,343.99,0.34,0.56,2024-10-14,1047,N,VIIRS,n,2,303.46,2.44,D,0
36.68337,43.38106,367.0,0.34,0.56,2024-10-14,1047,N,VIIRS,h,2,306.71,7.2,D,0
36.31176,37.55848,341.46,0.51,0.41,2024-10-14,1048,N,VIIRS,n,2,305.68,6.31,D,0
36.73023,39.73824,332.84,0.44,0.46,2024-10-14,1048,N,VIIRS,n,2,301.01,2.29,D,0
36.76944,40.26644,333.52,0.47,0.47,2024-10-14,1048,N,VIIRS,n,2,304.26,3.06,D,0
36.77378,42.25913,345.76,0.6,0.53,2024-10-14,1048,N,VIIRS,n,2,306.38,7.19,D,0
36.77427,43.32664,337.95,0.34,0.56,2024-10-14,1048,N,VIIRS,n,2,301.42,4.37,D,2
36.77734,42.25797,345.09,0.6,0.53,2024-10-14,1048,N,VIIRS,n,2,305.92,10.92,D,0
36.80003,42.99953,367.0,0.33,0.55,2024-10-14,1048,N,VIIRS,h,2,307.26,5.43,D,0
36.86835,43.4903,338.48,0.35,0.57,2024-10-14,1048,N,VIIRS,n,2,288.39,3.44,D,2
36.89085,43.01268,338.88,0.33,0.55,2024-10-14,1048,N,VIIRS,n,2,301.17,3.24,D,0
36.89582,35.3199,332.09,0.42,0.38,2024-10-14,1048,N,VIIRS,n,2,299.37,2.08,D,0
36.89827,42.25039,341.41,0.6,0.53,2024-10-14,1048,N,VIIRS,n,2,304.64,12.26,D,0
36.89875,42.25731,343.23,0.6,0.53,2024-10-14,1048,N,VIIRS,n,2,304.92,12.26,D,0
36.8988,40.80173,342.57,0.5,0.49,2024-10-14,1048,N,VIIRS,n,2,308.04,10.15,D,0
37.05521,39.52265,341.96,0.43,0.46,2024-10-14,1048,N,VIIRS,n,2,302.51,4.37,D,0
37.07808,30.2478,335.95,0.41,0.37,2024-10-14,1048,N,VIIRS,n,2,302.67,15.04,D,0
37.08068,30.2424,342.09,0.41,0.37,2024-10-14,1048,N,VIIRS,n,2,298.25,15.04,D,0
37.09406,36.12466,339.47,0.45,0.39,2024-10-14,1048,N,VIIRS,n,2,302.23,3.29,D,0
37.22701,36.81714,334.3,0.48,0.4,2024-10-14,1048,N,VIIRS,n,2,305.81,2.51,D,0
37.49738,37.3248,339.63,0.51,0.41,2024-10-14,1048,N,VIIRS,n,2,305.77,6.91,D,0
37.49897,37.32682,347.12,0.51,0.41,2024-10-14,1048,N,VIIRS,n,2,305.81,10.95,D,0
37.66951,39.6365,351.82,0.44,0.46,2024-10-14,1048,N,VIIRS,n,2,306.21,6.34,D,0
37.70038,39.144,343.88,0.42,0.45,2024-10-14,1048,N,VIIRS,n,2,307.21,5.3,D,0
37.70615,37.91229,332.21,0.55,0.42,2024-10-14,1048,N,VIIRS,n,2,305.1,4.24,D,0
37.72313,38.07607,341.24,0.56,0.43,2024-10-14,1048,N,VIIRS,n,2,305.56,6.34,D,0
37.76154,38.79395,341.97,0.4,0.44,2024-10-14,1048,N,VIIRS,n,2,305.08,6.09,D,0
37.78988,40.26202,340.48,0.48,0.48,2024-10-14,1048,N,VIIRS,n,2,305.03,6.24,D,0
37.84441,40.26749,341.85,0.48,0.48,2024-10-14,1048,N,VIIRS,n,2,304.33,7.58,D,0
37.84488,40.27303,337.98,0.48,0.48,2024-10-14,1048,N,VIIRS,n,2,306.5,10.87,D,0
37.8707,41.8066,341.42,0.58,0.52,2024-10-14,1048,N,VIIRS,n,2,302.61,3.6,D,0
37.87555,40.86623,352.29,0.52,0.5,2024-10-14,1048,N,VIIRS,n,2,305.76,13.33,D,0
37.94922,40.6342,343.46,0.5,0.49,2024-10-14,1048,N,VIIRS,n,2,305.16,5.11,D,0
37.99656,40.87786,345.21,0.52,0.5,2024-10-14,1048,N,VIIRS,n,2,305.83,6.1,D,0
37.99705,40.88404,337.87,0.52,0.5,2024-10-14,1048,N,VIIRS,n,2,305.37,5.04,D,0
38.02088,40.16502,334.47,0.48,0.48,2024-10-14,1048,N,VIIRS,n,2,304.04,5.19,D,0
38.06057,40.10486,335.49,0.47,0.48,2024-10-14,1048,N,VIIRS,n,2,304.68,5.3,D,0
38.077,40.10123,341.84,0.47,0.48,2024-10-14,1048,N,VIIRS,n,2,304.73,9.07,D,0
38.07745,40.10671,341.1,0.47,0.48,2024-10-14,1048,N,VIIRS,n,2,302.98,8.94,D,0
38.07822,40.10192,345.45,0.47,0.48,2024-10-14,1048,N,VIIRS,n,2,305.69,8.29,D,0
38.07871,40.1074,332.21,0.47,0.48,2024-10-14,1048,N,VIIRS,n,2,302.0,8.29,D,0
38.10685,40.13682,337.91,0.47,0.48,2024-10-14,1048,N,VIIRS,n,2,304.36,4.64,D,0
38.11622,40.65071,337.05,0.51,0.49,2024-10-14,1048,N,VIIRS,n,2,306.58,4.24,D,0
38.11783,40.9567,340.87,0.53,0.5,2024-10-14,1048,N,VIIRS,n,2,303.89,3.92,D,0
38.21455,38.39029,340.59,0.39,0.44,2024-10-14,1048,N,VIIRS,n,2,300.55,4.26,D,0
38.28564,37.11396,335.96,0.51,0.41,2024-10-14,1048,N,VIIRS,n,2,304.14,4.57,D,0
38.31198,36.94109,335.17,0.5,0.41,2024-10-14,1048,N,VIIRS,n,2,303.11,5.93,D,0
38.31775,37.30008,338.5,0.52,0.41,2024-10-14,1048,N,VIIRS,n,2,299.47,4.14,D,0
38.31954,37.24566,331.15,0.52,0.41,2024-10-14,1048,N,VIIRS,n,2,302.11,2.77,D,0
38.43181,29.36455,350.06,0.42,0.38,2024-10-14,1048,N,VIIRS,n,2,303.95,8.31,D,0
38.60324,32.26202,350.12,0.38,0.36,2024-10-14,1048,N,VIIRS,n,2,306.55,7.78,D,0
38.60653,32.26122,337.79,0.38,0.36,2024-10-14,1048,N,VIIRS,n,2,300.06,3.8,D,0
38.65046,39.76947,330.83,0.46,0.47,2024-10-14,1048,N,VIIRS,n,2,299.5,3.68,D,2
38.86322,37.43636,343.04,0.53,0.42,2024-10-14,1048,N,VIIRS,n,2,297.89,21.36,D,0
38.87415,37.42795,329.62,0.53,0.42,2024-10-14,1048,N,VIIRS,n,2,296.99,5.42,D,0
39.04031,37.16607,331.05,0.52,0.42,2024-10-14,1048,N,VIIRS,n,2,296.15,1.92,D,0
39.3554,34.90056,333.41,0.43,0.38,2024-10-14,1048,N,VIIRS,n,2,295.46,2.21,D,0
39.48931,32.622,334.11,0.39,0.36,2024-10-14,1049,N,VIIRS,n,2,298.37,3.56,D,0
39.82726,30.92946,326.61,0.39,0.36,2024-10-14,1049,N,VIIRS,n,2,284.44,2.03,D,0
39.847,32.32672,338.7,0.39,0.36,2024-10-14,1049,N,VIIRS,n,2,301.91,4.21,D,0
39.84766,32.33121,342.47,0.39,0.36,2024-10-14,1049,N,VIIRS,n,2,302.4,8.08,D,0
39.85096,32.33039,349.72,0.39,0.36,2024-10-14,1049,N,VIIRS,n,2,302.31,5.48,D,0
39.86142,32.44901,331.59,0.39,0.36,2024-10-14,1049,N,VIIRS,n,2,303.24,2.37,D,0
39.92789,26.18207,350.06,0.51,0.41,2024-10-14,1049,N,VIIRS,n,2,290.76,8.19,D,0
39.92909,26.18799,328.55,0.51,0.41,2024-10-14,1049,N,VIIRS,n,2,290.76,4.19,D,0
40.52414,35.34748,331.36,0.46,0.39,2024-10-14,1049,N,VIIRS,n,2,298.39,3.31,D,0
40.76582,26.15644,346.75,0.5,0.41,2024-10-14,1049,N,VIIRS,n,2,291.26,7.53,D,0
40.76614,26.15846,346.49,0.5,0.41,2024-10-14,1049,N,VIIRS,n,2,290.72,7.16,D,0
40.76949,26.15517,341.08,0.5,0.41,2024-10-14,1049,N,VIIRS,n,2,289.25,7.53,D,0
40.76981,26.15719,338.49,0.5,0.41,2024-10-14,1049,N,VIIRS,n,2,288.73,7.16,D,0
40.80158,26.31884,342.79,0.49,0.4,2024-10-14,1049,N,VIIRS,n,2,287.74,4.9,D,0
40.80201,26.3165,331.36,0.49,0.4,2024-10-14,1049,N,VIIRS,n,2,287.66,3.32,D,0
40.80271,26.32456,332.93,0.49,0.4,2024-10-14,1049,N,VIIRS,n,2,287.87,4.9,D,0
40.80316,26.32223,347.54,0.49,0.4,2024-10-14,1049,N,VIIRS,n,2,291.18,12.41,D,0
40.80523,26.31759,337.0,0.49,0.4,2024-10-14,1049,N,VIIRS,n,2,289.23,4.63,D,0
40.80635,26.32332,330.73,0.49,0.4,2024-10-14,1049,N,VIIRS,n,2,289.31,4.63,D,0
40.8068,26.32099,325.25,0.49,0.4,2024-10-14,1049,N,VIIRS,n,2,288.94,2.46,D,0
40.8649,26.31951,340.6,0.49,0.4,2024-10-14,1049,N,VIIRS,n,2,289.45,5.41,D,0
40.87406,26.26733,337.02,0.49,0.4,2024-10-14,1049,N,VIIRS,n,2,284.43,2.9,D,0
40.88952,26.28653,332.48,0.49,0.4,2024-10-14,1049,N,VIIRS,n,2,288.49,7.35,D,0
40.92812,26.36473,327.55,0.49,0.4,2024-10-14,1049,N,VIIRS,n,2,290.25,1.9,D,0
41.08878,26.6305,325.25,0.47,0.4,2024-10-14,1049,N,VIIRS,n,2,291.64,1.66,D,0
41.2065,26.57012,336.27,0.47,0.4,2024-10-14,1049,N,VIIRS,n,2,290.59,2.38,D,0
41.21222,27.21036,331.44,0.45,0.39,2024-10-14,1049,N,VIIRS,n,2,294.19,1.92,D,0
41.36967,27.06537,337.76,0.45,0.39,2024-10-14,1049,N,VIIRS,n,2,289.19,2.43,D,0
41.7022,26.54012,337.25,0.47,0.39,2024-10-14,1049,N,VIIRS,n,2,283.12,3.42,D,0
41.70576,26.53888,341.2,0.47,0.39,2024-10-14,1049,N,VIIRS,n,2,283.35,4.72,D,0
40.04978,32.65067,297.01,0.52,0.5,2024-10-14,2307,N,VIIRS,n,2,281.92,0.61,N,2
40.76486,32.21561,296.98,0.56,0.51,2024-10-14,2307,N,VIIRS,n,2,277.71,0.82,N,2
40.80074,29.37743,299.8,0.39,0.59,2024-10-14,2307,N,VIIRS,n,2,285.04,0.9,N,2
40.80212,29.37604,298.05,0.39,0.59,2024-10-14,2307,N,VIIRS,n,2,285.45,0.32,N,2
41.01934,28.55381,304.22,0.43,0.62,2024-10-14,2307,N,VIIRS,n,2,284.22,1.21,N,2
41.17616,32.63682,305.78,0.53,0.5,2024-10-14,2307,N,VIIRS,n,2,282.69,1.52,N,2
41.25403,31.41471,313.41,0.62,0.54,2024-10-14,2307,N,VIIRS,n,2,284.52,1.79,N,2
41.26311,31.43106,299.37,0.62,0.54,2024-10-14,2307,N,VIIRS,n,2,284.97,0.69,N,2
41.26359,31.42341,297.37,0.62,0.54,2024-10-14,2307,N,VIIRS,n,2,286.04,1.66,N,2
41.26811,31.43173,297.52,0.62,0.54,2024-10-14,2307,N,VIIRS,n,2,283.86,0.69,N,0
41.26859,31.42403,297.52,0.62,0.54,2024-10-14,2307,N,VIIRS,n,2,286.35,1.66,N,2
35.5252,44.34634,305.76,0.47,0.4,2024-10-14,2308,N,VIIRS,n,2,290.83,3.25,N,2
35.52618,44.34124,333.5,0.47,0.4,2024-10-14,2308,N,VIIRS,n,2,293.23,8.15,N,2
35.52979,44.34225,330.03,0.47,0.4,2024-10-14,2308,N,VIIRS,n,2,292.44,4.49,N,2
35.53077,44.33714,329.36,0.47,0.4,2024-10-14,2308,N,VIIRS,n,2,292.41,4.49,N,2
35.53437,44.33814,334.47,0.47,0.4,2024-10-14,2308,N,VIIRS,n,2,292.43,4.49,N,2
35.56408,44.28195,318.58,0.47,0.4,2024-10-14,2308,N,VIIRS,n,2,291.33,2.83,N,2
35.6272,44.00804,327.49,0.46,0.39,2024-10-14,2308,N,VIIRS,n,2,290.88,3.73,N,2
35.63074,44.00907,340.96,0.46,0.39,2024-10-14,2308,N,VIIRS,n,2,297.04,10.02,N,2
35.6626,43.96744,328.41,0.45,0.39,2024-10-14,2308,N,VIIRS,n,2,294.07,4.17,N,2
35.66355,43.96247,310.44,0.45,0.39,2024-10-14,2308,N,VIIRS,n,2,290.36,3.95,N,2
35.6774,44.06623,301.07,0.46,0.39,2024-10-14,2308,N,VIIRS,n,2,290.72,1.02,N,2
35.67835,44.06125,304.34,0.46,0.39,2024-10-14,2308,N,VIIRS,n,2,290.65,0.71,N,2
35.68305,43.87958,304.47,0.45,0.39,2024-10-14,2308,N,VIIRS,n,2,288.37,3.1,N,2
35.68399,43.87465,331.66,0.45,0.39,2024-10-14,2308,N,VIIRS,n,2,292.11,12.08,N,2
35.68658,43.88056,300.78,0.45,0.39,2024-10-14,2308,N,VIIRS,n,2,288.99,3.1,N,2
35.68751,43.87563,332.69,0.45,0.39,2024-10-14,2308,N,VIIRS,n,2,297.6,12.08,N,2
35.71853,43.77032,310.18,0.45,0.39,2024-10-14,2308,N,VIIRS,n,2,294.29,0.84,N,2
35.72311,44.04205,331.16,0.46,0.39,2024-10-14,2308,N,VIIRS,n,2,291.83,3.65,N,2
35.72667,44.04302,330.15,0.46,0.39,2024-10-14,2308,N,VIIRS,n,2,293.25,2.98,N,2
35.72854,44.03306,322.99,0.46,0.39,2024-10-14,2308,N,VIIRS,n,2,290.9,2.05,N,2
35.77404,43.99587,319.94,0.45,0.39,2024-10-14,2308,N,VIIRS,n,2,292.21,2.13,N,2
35.81426,43.25499,308.62,0.43,0.38,2024-10-14,2308,N,VIIRS,n,2,291.86,0.59,N,2
35.8349,43.22127,305.83,0.43,0.38,2024-10-14,2308,N,VIIRS,n,2,292.45,0.73,N,2
35.92261,43.79145,306.42,0.45,0.39,2024-10-14,2308,N,VIIRS,n,2,289.88,1.05,N,2
35.94223,44.16112,300.79,0.46,0.39,2024-10-14,2308,N,VIIRS,n,2,290.56,0.41,N,0
35.94363,44.15784,299.8,0.46,0.39,2024-10-14,2308,N,VIIRS,n,2,289.54,0.23,N,0
35.95283,43.72858,314.41,0.44,0.39,2024-10-14,2308,N,VIIRS,n,2,292.44,1.4,N,2
35.96749,43.76833,305.67,0.44,0.39,2024-10-14,2308,N,VIIRS,n,2,293.41,1.56,N,2
35.97356,43.7753,318.98,0.44,0.39,2024-10-14,2308,N,VIIRS,n,2,292.98,1.5,N,2
35.97447,43.77042,307.28,0.44,0.39,2024-10-14,2308,N,VIIRS,n,2,292.16,1.5,N,2
35.98236,43.7676,315.69,0.44,0.39,2024-10-14,2308,N,VIIRS,n,2,293.5,1.53,N,2
36.0168,43.68072,299.75,0.44,0.38,2024-10-14,2308,N,VIIRS,n,2,289.17,0.93,N,2
36.02029,43.68169,315.88,0.44,0.38,2024-10-14,2308,N,VIIRS,n,2,291.65,1.98,N,2
36.08217,43.64037,306.76,0.44,0.38,2024-10-14,2308,N,VIIRS,n,2,288.68,0.71,N,0
36.08564,43.64135,300.6,0.44,0.38,2024-10-14,2308,N,VIIRS,n,2,288.32,0.36,N,0
36.09874,43.62989,304.65,0.44,0.38,2024-10-14,2308,N,VIIRS,n,2,289.0,0.77,N,0
36.13242,40.81051,307.88,0.38,0.36,2024-10-14,2308,N,VIIRS,n,2,291.32,0.98,N,2
36.14161,40.81717,311.5,0.38,0.36,2024-10-14,2308,N,VIIRS,n,2,290.68,0.98,N,2
36.14491,40.81798,302.68,0.38,0.36,2024-10-14,2308,N,VIIRS,n,2,290.16,0.42,N,2
36.15155,43.77826,303.14,0.44,0.38,2024-10-14,2308,N,VIIRS,n,2,293.07,1.32,N,0
36.1666,41.04427,303.92,0.39,0.36,2024-10-14,2308,N,VIIRS,n,2,291.02,0.67,N,0
36.26058,33.72667,300.08,0.42,0.45,2024-10-14,2308,N,VIIRS,n,2,287.75,0.93,N,2
36.26365,33.72864,322.52,0.41,0.45,2024-10-14,2308,N,VIIRS,n,2,291.92,2.07,N,2
36.26431,33.73189,303.42,0.42,0.45,2024-10-14,2308,N,VIIRS,n,2,288.79,0.96,N,2
36.26475,33.7273,308.18,0.42,0.45,2024-10-14,2308,N,VIIRS,n,2,290.17,0.93,N,2
36.33067,43.61899,299.38,0.43,0.38,2024-10-14,2308,N,VIIRS,n,2,287.51,0.55,N,0
36.35087,42.0766,316.78,0.4,0.37,2024-10-14,2308,N,VIIRS,n,2,296.42,1.59,N,2
36.44121,42.9294,308.56,0.41,0.37,2024-10-14,2308,N,VIIRS,n,2,292.63,1.36,N,2
36.4566,41.28266,306.48,0.39,0.36,2024-10-14,2308,N,VIIRS,n,2,290.83,0.87,N,2
36.45923,42.66815,302.11,0.41,0.37,2024-10-14,2308,N,VIIRS,n,2,290.95,0.21,N,2
36.51172,42.42915,303.82,0.4,0.37,2024-10-14,2308,N,VIIRS,n,2,291.37,1.21,N,0
36.55929,43.34875,306.42,0.42,0.38,2024-10-14,2308,N,VIIRS,n,2,287.94,1.02,N,0
36.56014,43.34409,328.95,0.42,0.38,2024-10-14,2308,N,VIIRS,n,2,289.46,3.85,N,0
36.56357,43.34503,328.31,0.42,0.38,2024-10-14,2308,N,VIIRS,n,2,289.96,2.79,N,0
36.58648,42.82806,310.8,0.41,0.37,2024-10-14,2308,N,VIIRS,n,2,291.01,1.11,N,0
36.60129,43.39516,305.21,0.42,0.38,2024-10-14,2308,N,VIIRS,n,2,287.32,0.72,N,0
36.60653,43.72765,309.01,0.43,0.38,2024-10-14,2308,N,VIIRS,n,2,288.87,1.27,N,0
36.64145,43.63718,315.43,0.43,0.38,2024-10-14,2308,N,VIIRS,n,2,287.87,1.49,N,0
36.66496,43.3904,299.94,0.42,0.38,2024-10-14,2308,N,VIIRS,n,2,286.86,0.26,N,0
36.69413,43.38844,308.47,0.42,0.38,2024-10-14,2308,N,VIIRS,n,2,289.61,0.7,N,0
36.69498,43.38375,300.27,0.42,0.38,2024-10-14,2308,N,VIIRS,n,2,288.87,0.7,N,0
36.72401,36.2051,310.83,0.48,0.4,2024-10-14,2308,N,VIIRS,n,2,290.39,1.48,N,2
36.73073,36.21188,321.45,0.48,0.4,2024-10-14,2308,N,VIIRS,n,2,293.62,3.54,N,2
36.73158,43.28053,308.72,0.42,0.38,2024-10-14,2308,N,VIIRS,n,2,290.73,0.97,N,2
36.73508,36.20714,308.2,0.48,0.4,2024-10-14,2308,N,VIIRS,n,2,291.19,1.48,N,2
36.73645,36.20837,311.47,0.48,0.4,2024-10-14,2308,N,VIIRS,n,2,292.06,1.1,N,2
36.73811,36.21329,309.19,0.48,0.4,2024-10-14,2308,N,VIIRS,n,2,291.12,1.48,N,2
36.74014,36.20908,304.89,0.48,0.4,2024-10-14,2308,N,VIIRS,n,2,292.48,1.1,N,2
36.74693,43.49998,310.53,0.43,0.38,2024-10-14,2308,N,VIIRS,n,2,291.03,2.04,N,2
36.77543,43.32442,330.36,0.42,0.38,2024-10-14,2308,N,VIIRS,n,2,291.89,2.02,N,2
36.8692,34.76511,304.53,0.56,0.43,2024-10-14,2308,N,VIIRS,n,2,290.6,0.93,N,2
36.86948,43.48938,319.64,0.42,0.38,2024-10-14,2308,N,VIIRS,n,2,289.9,2.25,N,2
36.89108,43.43014,325.5,0.42,0.38,2024-10-14,2308,N,VIIRS,n,2,286.37,1.48,N,2
36.8945,43.43109,304.44,0.42,0.38,2024-10-14,2308,N,VIIRS,n,2,286.62,1.48,N,2
36.90256,42.71264,304.92,0.41,0.37,2024-10-14,2308,N,VIIRS,n,2,288.45,0.81,N,0
36.90335,42.70813,302.53,0.41,0.37,2024-10-14,2308,N,VIIRS,n,2,289.67,0.81,N,0
36.90559,43.38976,325.24,0.42,0.38,2024-10-14,2308,N,VIIRS,n,2,285.58,2.43,N,2
36.909,43.39076,327.99,0.42,0.38,2024-10-14,2308,N,VIIRS,n,2,288.35,2.43,N,2
36.91358,41.89429,301.89,0.39,0.36,2024-10-14,2308,N,VIIRS,n,2,287.65,0.46,N,2
36.91689,41.89516,301.12,0.39,0.36,2024-10-14,2308,N,VIIRS,n,2,288.59,0.46,N,2
36.93562,42.13284,317.08,0.4,0.37,2024-10-14,2308,N,VIIRS,n,2,290.4,1.45,N,2
36.93647,30.65105,307.68,0.62,0.54,2024-10-14,2308,N,VIIRS,n,2,289.78,1.19,N,2
36.93688,30.65018,309.51,0.62,0.54,2024-10-14,2308,N,VIIRS,n,2,290.29,2.3,N,2
36.93785,42.11967,303.79,0.39,0.37,2024-10-14,2308,N,VIIRS,n,2,288.76,0.42,N,2
36.94295,42.17156,320.69,0.4,0.37,2024-10-14,2308,N,VIIRS,n,2,291.51,1.86,N,2
36.94634,42.13107,331.55,0.39,0.37,2024-10-14,2308,N,VIIRS,n,2,292.9,3.1,N,2
36.94669,42.62109,307.7,0.4,0.37,2024-10-14,2308,N,VIIRS,n,2,289.9,0.84,N,0
36.96255,41.51812,298.57,0.39,0.36,2024-10-14,2308,N,VIIRS,n,2,286.82,0.34,N,0
36.96519,42.0811,307.14,0.39,0.36,2024-10-14,2308,N,VIIRS,n,2,288.8,0.34,N,2
36.99646,41.56279,315.87,0.39,0.36,2024-10-14,2308,N,VIIRS,n,2,289.64,1.26,N,2
37.02323,36.10862,307.03,0.49,0.4,2024-10-14,2308,N,VIIRS,n,2,288.21,0.78,N,2
37.03118,42.1702,300.0,0.4,0.37,2024-10-14,2308,N,VIIRS,n,2,289.67,0.38,N,2
37.07264,36.24823,341.1,0.48,0.4,2024-10-14,2308,N,VIIRS,n,2,290.71,9.26,N,0
37.07729,42.55985,315.72,0.4,0.37,2024-10-14,2308,N,VIIRS,n,2,291.57,1.46,N,2
37.15053,42.56391,316.93,0.4,0.37,2024-10-14,2308,N,VIIRS,n,2,290.26,1.95,N,0
37.15183,41.71193,308.07,0.39,0.36,2024-10-14,2308,N,VIIRS,n,2,289.44,0.97,N,0
37.15388,42.5648,319.66,0.4,0.37,2024-10-14,2308,N,VIIRS,n,2,290.01,1.88,N,0
37.15442,41.71711,333.69,0.39,0.36,2024-10-14,2308,N,VIIRS,n,2,290.19,1.35,N,0
37.15514,41.71278,305.28,0.39,0.36,2024-10-14,2308,N,VIIRS,n,2,288.7,1.35,N,0
37.15772,41.71796,302.02,0.39,0.36,2024-10-14,2308,N,VIIRS,n,2,288.45,1.35,N,0
37.2064,39.22252,304.7,0.4,0.37,2024-10-14,2308,N,VIIRS,n,2,288.45,1.11,N,0
37.20771,39.22041,300.67,0.4,0.37,2024-10-14,2308,N,VIIRS,n,2,288.69,0.37,N,0
37.22443,39.22422,312.5,0.4,0.37,2024-10-14,2308,N,VIIRS,n,2,288.43,1.02,N,0
37.2765,38.73109,302.1,0.4,0.37,2024-10-14,2308,N,VIIRS,n,2,290.76,0.78,N,2
37.29576,37.15971,305.72,0.45,0.39,2024-10-14,2308,N,VIIRS,n,2,289.68,0.6,N,2
37.29932,37.16043,301.45,0.45,0.39,2024-10-14,2308,N,VIIRS,n,2,288.0,0.6,N,2
37.31911,38.89935,302.14,0.4,0.37,2024-10-14,2308,N,VIIRS,n,2,287.77,0.55,N,0
37.32249,38.90008,298.4,0.4,0.37,2024-10-14,2308,N,VIIRS,n,2,287.48,0.32,N,0
37.33992,40.80358,307.49,0.38,0.36,2024-10-14,2308,N,VIIRS,n,2,289.16,1.66,N,2
37.42865,37.1927,298.66,0.45,0.39,2024-10-14,2308,N,VIIRS,n,2,287.02,0.26,N,0
37.49295,38.77891,315.09,0.4,0.37,2024-10-14,2308,N,VIIRS,n,2,288.09,1.36,N,0
37.67788,40.57139,321.39,0.38,0.36,2024-10-14,2308,N,VIIRS,n,2,286.63,1.49,N,0
37.67855,40.56706,314.34,0.38,0.36,2024-10-14,2308,N,VIIRS,n,2,286.86,1.77,N,0
37.70459,40.68571,304.64,0.38,0.36,2024-10-14,2308,N,VIIRS,n,2,287.85,0.57,N,0
37.71117,38.25394,301.82,0.42,0.38,2024-10-14,2308,N,VIIRS,n,2,286.72,0.56,N,0
37.72295,40.38898,297.64,0.39,0.36,2024-10-14,2308,N,VIIRS,n,2,285.51,0.56,N,0
37.72607,40.52471,307.82,0.38,0.36,2024-10-14,2308,N,VIIRS,n,2,285.59,0.95,N,0
37.72674,40.52037,304.9,0.38,0.36,2024-10-14,2308,N,VIIRS,n,2,284.71,0.95,N,0
37.73003,40.52118,308.87,0.38,0.36,2024-10-14,2308,N,VIIRS,n,2,284.97,0.95,N,0
37.73333,40.52198,301.11,0.38,0.36,2024-10-14,2308,N,VIIRS,n,2,284.77,0.74,N,0
37.76086,40.58716,298.55,0.38,0.36,2024-10-14,2308,N,VIIRS,n,2,284.26,0.3,N,0
37.78336,38.17391,299.09,0.42,0.38,2024-10-14,2308,N,VIIRS,n,2,287.42,1.09,N,0
37.78589,38.17271,298.57,0.42,0.38,2024-10-14,2308,N,VIIRS,n,2,288.06,0.77,N,0
37.81732,38.52606,297.6,0.41,0.37,2024-10-14,2308,N,VIIRS,n,2,286.52,0.38,N,0
37.82074,38.52681,297.68,0.41,0.37,2024-10-14,2308,N,VIIRS,n,2,287.08,0.44,N,0
37.87455,38.79409,297.57,0.41,0.37,2024-10-14,2308,N,VIIRS,n,2,286.16,0.29,N,0
37.87538,38.81327,306.37,0.41,0.37,2024-10-14,2308,N,VIIRS,n,2,286.41,0.88,N,0
37.89389,40.73344,295.85,0.38,0.36,2024-10-14,2308,N,VIIRS,n,2,281.79,0.24,N,0
37.90039,40.75759,305.95,0.38,0.36,2024-10-14,2308,N,VIIRS,n,2,282.3,0.89,N,0
37.90098,40.77575,316.16,0.38,0.36,2024-10-14,2308,N,VIIRS,n,2,283.75,1.63,N,0
37.90166,40.77142,334.53,0.38,0.36,2024-10-14,2308,N,VIIRS,n,2,283.28,2.13,N,0
37.90233,40.76708,306.19,0.38,0.36,2024-10-14,2308,N,VIIRS,n,2,282.06,2.13,N,0
37.90427,40.77657,351.52,0.38,0.36,2024-10-14,2308,N,VIIRS,n,2,290.01,13.68,N,0
37.90905,40.8993,297.14,0.38,0.36,2024-10-14,2308,N,VIIRS,n,2,281.12,0.4,N,0
37.91486,40.50873,300.16,0.38,0.36,2024-10-14,2308,N,VIIRS,n,2,279.63,0.82,N,0
37.91748,40.51389,330.73,0.38,0.36,2024-10-14,2308,N,VIIRS,n,2,281.42,1.67,N,0
37.91815,40.50954,307.48,0.38,0.36,2024-10-14,2308,N,VIIRS,n,2,279.45,1.67,N,0
37.95736,41.0672,305.14,0.38,0.36,2024-10-14,2308,N,VIIRS,n,2,284.98,0.65,N,0
37.96024,41.70349,303.68,0.39,0.36,2024-10-14,2308,N,VIIRS,n,2,288.58,0.98,N,2
37.96357,40.54773,300.29,0.38,0.36,2024-10-14,2308,N,VIIRS,n,2,279.83,0.28,N,0
37.99023,41.56149,318.38,0.39,0.36,2024-10-14,2308,N,VIIRS,n,2,284.5,1.08,N,0
37.9921,41.57104,326.6,0.39,0.36,2024-10-14,2308,N,VIIRS,n,2,286.41,2.51,N,0
37.99324,40.88233,314.95,0.38,0.36,2024-10-14,2308,N,VIIRS,n,2,277.7,1.6,N,0
37.99352,41.56235,307.37,0.39,0.36,2024-10-14,2308,N,VIIRS,n,2,283.54,1.08,N,0
37.99422,41.55799,317.31,0.39,0.36,2024-10-14,2308,N,VIIRS,n,2,284.13,2.39,N,0
37.9961,41.56756,313.38,0.39,0.36,2024-10-14,2308,N,VIIRS,n,2,283.5,1.16,N,0
37.99751,41.55886,316.04,0.39,0.36,2024-10-14,2308,N,VIIRS,n,2,284.04,1.42,N,0
38.01693,41.01455,318.31,0.38,0.36,2024-10-14,2308,N,VIIRS,n,2,280.8,1.28,N,0
38.04622,40.60666,299.24,0.38,0.36,2024-10-14,2308,N,VIIRS,n,2,281.4,0.29,N,0
38.05554,40.56824,302.76,0.38,0.36,2024-10-14,2308,N,VIIRS,n,2,282.39,0.87,N,0
38.05846,41.13565,296.91,0.38,0.36,2024-10-14,2308,N,VIIRS,n,2,284.77,0.21,N,0
38.05884,40.56905,314.53,0.38,0.36,2024-10-14,2308,N,VIIRS,n,2,282.02,1.32,N,0
38.07495,40.35119,303.63,0.39,0.36,2024-10-14,2308,N,VIIRS,n,2,282.96,0.96,N,0
38.11156,40.95033,309.61,0.38,0.36,2024-10-14,2308,N,VIIRS,n,2,283.22,1.72,N,0
38.11417,40.95549,303.77,0.38,0.36,2024-10-14,2308,N,VIIRS,n,2,282.59,1.99,N,0
38.11485,40.95115,333.96,0.38,0.36,2024-10-14,2308,N,VIIRS,n,2,284.4,1.99,N,0
38.11813,40.95197,329.98,0.38,0.36,2024-10-14,2308,N,VIIRS,n,2,280.34,1.99,N,0
38.11882,40.94762,300.35,0.38,0.36,2024-10-14,2308,N,VIIRS,n,2,280.72,1.84,N,0
38.1223,41.03432,295.76,0.38,0.36,2024-10-14,2308,N,VIIRS,n,2,282.62,0.52,N,0
38.12559,41.03515,300.45,0.38,0.36,2024-10-14,2308,N,VIIRS,n,2,280.25,0.52,N,0
38.16258,40.28384,295.89,0.39,0.36,2024-10-14,2308,N,VIIRS,n,2,280.35,0.21,N,0
38.27678,39.74381,295.97,0.39,0.36,2024-10-14,2308,N,VIIRS,n,2,285.22,0.55,N,2
38.32011,37.29818,296.32,0.45,0.39,2024-10-14,2308,N,VIIRS,n,2,276.09,0.56,N,0
38.42615,27.21552,304.74,0.49,0.65,2024-10-14,2308,N,VIIRS,n,2,287.5,1.01,N,2
38.45527,38.72725,306.22,0.41,0.37,2024-10-14,2308,N,VIIRS,n,2,287.39,0.99,N,2
38.65886,30.61843,295.79,0.32,0.55,2024-10-14,2308,N,VIIRS,n,2,279.28,0.91,N,2
38.66435,39.23235,295.23,0.4,0.37,2024-10-14,2308,N,VIIRS,n,2,283.08,0.37,N,2
38.73668,26.94453,298.06,0.51,0.66,2024-10-14,2308,N,VIIRS,n,2,277.08,0.48,N,2
38.97786,32.96565,299.98,0.49,0.48,2024-10-14,2308,N,VIIRS,n,2,269.69,0.68,N,0
