latitude,longitude,bright_ti4,scan,track,acq_date,acq_time,satellite,instrument,confidence,version,bright_ti5,frp,daynight,type
37.71939,29.00682,306.07,0.65,0.73,2024-10-25,101,N,VIIRS,n,2,279.66,1.75,N,0
38.42557,27.21803,296.85,0.51,0.66,2024-10-25,101,N,VIIRS,n,2,285.14,0.84,N,2
38.7368,26.94516,304.27,0.48,0.65,2024-10-25,101,N,VIIRS,n,2,288.66,1.46,N,2
38.7381,26.94919,295.93,0.48,0.65,2024-10-25,101,N,VIIRS,n,2,285.61,1.27,N,2
38.73967,26.94388,295.74,0.48,0.65,2024-10-25,101,N,VIIRS,n,2,285.55,1.4,N,2
38.74811,26.95071,298.86,0.48,0.65,2024-10-25,101,N,VIIRS,n,2,284.61,1.3,N,2
38.75094,26.94954,295.65,0.48,0.65,2024-10-25,101,N,VIIRS,n,2,284.72,0.6,N,2
38.75277,26.93455,299.07,0.48,0.65,2024-10-25,101,N,VIIRS,n,2,283.14,1.17,N,0
38.75413,26.93869,299.76,0.48,0.65,2024-10-25,101,N,VIIRS,n,2,283.53,1.04,N,0
38.78457,26.923,322.43,0.48,0.64,2024-10-25,101,N,VIIRS,n,2,286.49,2.41,N,0
38.78614,26.91765,299.93,0.48,0.64,2024-10-25,101,N,VIIRS,n,2,286.53,2.6,N,3
39.11083,27.59423,295.01,0.51,0.66,2024-10-25,101,N,VIIRS,n,2,281.66,0.53,N,0
35.50998,44.37718,341.56,0.6,0.7,2024-10-25,901,N,VIIRS,n,2,302.47,5.66,D,2
35.52712,44.33988,367.0,0.6,0.71,2024-10-25,901,N,VIIRS,h,2,301.81,10.86,D,2
35.5291,44.34658,332.36,0.6,0.71,2024-10-25,901,N,VIIRS,n,2,298.41,10.86,D,2
35.53341,44.33727,367.0,0.6,0.71,2024-10-25,901,N,VIIRS,h,2,298.65,10.86,D,2
35.56653,44.28398,349.76,0.6,0.71,2024-10-25,901,N,VIIRS,n,2,302.88,5.59,D,2
35.56757,44.28554,343.37,0.6,0.71,2024-10-25,901,N,VIIRS,n,2,301.89,6.91,D,2
35.63014,44.00488,354.1,0.62,0.71,2024-10-25,901,N,VIIRS,n,2,298.36,7.69,D,2
35.63216,44.01159,338.86,0.62,0.71,2024-10-25,901,N,VIIRS,n,2,299.45,7.69,D,2
35.63602,44.44649,333.17,0.59,0.7,2024-10-25,901,N,VIIRS,n,2,301.1,3.47,D,0
35.64028,43.713,337.37,0.64,0.72,2024-10-25,901,N,VIIRS,n,2,301.46,5.01,D,0
35.65993,43.9676,339.45,0.62,0.72,2024-10-25,901,N,VIIRS,n,2,301.88,4.31,D,2
35.66026,43.96191,335.79,0.62,0.72,2024-10-25,901,N,VIIRS,n,2,301.19,6.58,D,2
35.68387,43.8807,367.0,0.63,0.72,2024-10-25,901,N,VIIRS,h,2,302.88,52.7,D,2
35.72441,44.0388,354.85,0.61,0.71,2024-10-25,901,N,VIIRS,n,2,300.35,5.06,D,2
35.72621,44.03993,355.45,0.61,0.71,2024-10-25,901,N,VIIRS,n,2,300.54,7.33,D,2
35.90295,44.09616,336.46,0.6,0.71,2024-10-25,901,N,VIIRS,n,2,302.15,4.02,D,0
36.02926,44.33427,332.61,0.58,0.7,2024-10-25,901,N,VIIRS,n,2,299.93,4.28,D,0
36.02973,44.33223,336.05,0.58,0.7,2024-10-25,901,N,VIIRS,n,2,300.08,2.79,D,0
36.13946,44.23168,336.73,0.59,0.7,2024-10-25,901,N,VIIRS,n,2,300.1,4.09,D,0
36.1883,43.5279,335.59,0.63,0.72,2024-10-25,901,N,VIIRS,n,2,298.94,3.2,D,0
36.19807,42.27896,341.24,0.73,0.76,2024-10-25,901,N,VIIRS,n,2,299.41,6.06,D,0
36.20059,42.28688,333.14,0.73,0.76,2024-10-25,901,N,VIIRS,n,2,299.16,6.06,D,0
36.20118,42.27861,343.68,0.73,0.76,2024-10-25,901,N,VIIRS,n,2,301.44,8.08,D,0
36.57426,44.16098,344.86,0.57,0.69,2024-10-25,901,N,VIIRS,n,2,299.12,4.21,D,0
36.90372,43.38691,338.88,0.62,0.71,2024-10-25,901,N,VIIRS,n,2,289.44,5.82,D,2
36.96379,42.08269,328.9,0.71,0.75,2024-10-25,901,N,VIIRS,n,2,298.86,2.2,D,2
37.03966,42.90551,346.54,0.65,0.73,2024-10-25,901,N,VIIRS,n,2,294.62,11.51,D,0
37.0414,42.9027,351.92,0.65,0.73,2024-10-25,901,N,VIIRS,n,2,294.0,9.28,D,0
37.072,42.14117,328.56,0.7,0.75,2024-10-25,901,N,VIIRS,n,2,295.53,5.91,D,0
37.07443,42.14883,331.46,0.7,0.75,2024-10-25,901,N,VIIRS,n,2,295.41,5.91,D,0
37.08691,42.78976,353.99,0.65,0.73,2024-10-25,901,N,VIIRS,n,2,297.79,6.77,D,0
37.08924,42.78702,343.82,0.65,0.73,2024-10-25,901,N,VIIRS,n,2,297.5,9.57,D,0
37.23265,42.17084,335.88,0.69,0.74,2024-10-25,901,N,VIIRS,n,2,299.76,8.19,D,0
37.23279,42.17319,346.28,0.69,0.74,2024-10-25,901,N,VIIRS,n,2,300.62,7.0,D,0
37.66097,40.76663,343.44,0.79,0.78,2024-10-25,902,N,VIIRS,n,2,297.09,12.86,D,0
38.12852,40.9263,333.24,0.75,0.77,2024-10-25,902,N,VIIRS,n,2,299.78,4.38,D,0
38.14217,40.95854,327.94,0.75,0.77,2024-10-25,902,N,VIIRS,n,2,297.94,3.08,D,0
38.14638,40.95672,327.54,0.75,0.77,2024-10-25,902,N,VIIRS,n,2,296.21,3.21,D,0
38.17041,40.61627,327.06,0.77,0.78,2024-10-25,902,N,VIIRS,n,2,297.17,2.71,D,0
38.74192,41.74251,340.8,0.66,0.73,2024-10-25,902,N,VIIRS,n,2,293.85,6.98,D,0
38.74829,41.73925,325.21,0.66,0.73,2024-10-25,902,N,VIIRS,n,2,293.33,6.98,D,0
35.52504,44.34261,346.02,0.62,0.54,2024-10-25,1041,N,VIIRS,n,2,305.44,16.44,D,2
35.52894,44.34061,352.13,0.62,0.54,2024-10-25,1041,N,VIIRS,n,2,305.93,14.92,D,2
35.53006,44.34204,343.74,0.62,0.54,2024-10-25,1041,N,VIIRS,n,2,307.47,16.44,D,2
35.53395,44.34,336.98,0.62,0.54,2024-10-25,1041,N,VIIRS,n,2,303.63,14.92,D,2
35.56566,44.28748,338.32,0.62,0.54,2024-10-25,1041,N,VIIRS,n,2,305.59,8.23,D,2
35.62641,44.00723,341.9,0.6,0.53,2024-10-25,1041,N,VIIRS,n,2,308.61,14.63,D,2
35.6299,44.00644,338.79,0.6,0.53,2024-10-25,1041,N,VIIRS,n,2,307.63,14.24,D,2
35.63135,44.0068,341.94,0.6,0.53,2024-10-25,1041,N,VIIRS,n,2,302.83,8.02,D,2
35.63926,43.71316,338.99,0.58,0.52,2024-10-25,1041,N,VIIRS,n,2,306.73,5.08,D,0
35.66077,44.41088,335.94,0.63,0.54,2024-10-25,1041,N,VIIRS,n,2,303.06,3.83,D,0
35.66287,43.96236,342.14,0.59,0.53,2024-10-25,1041,N,VIIRS,n,2,307.19,9.93,D,2
35.68631,43.87933,344.28,0.59,0.53,2024-10-25,1041,N,VIIRS,n,2,311.5,69.34,D,2
35.72052,44.48008,367.0,0.32,0.54,2024-10-25,1041,N,VIIRS,h,2,305.19,7.98,D,0
35.72367,44.04347,342.07,0.6,0.53,2024-10-25,1041,N,VIIRS,n,2,308.23,10.05,D,2
35.72414,44.18183,340.75,0.61,0.54,2024-10-25,1041,N,VIIRS,n,2,301.03,5.37,D,0
35.72415,44.04166,346.4,0.6,0.53,2024-10-25,1041,N,VIIRS,n,2,306.91,6.23,D,2
35.72558,44.47949,339.46,0.32,0.54,2024-10-25,1041,N,VIIRS,n,2,303.5,4.87,D,0
35.743,44.24068,348.8,0.62,0.54,2024-10-25,1041,N,VIIRS,n,2,306.77,15.95,D,0
35.74376,44.24221,342.03,0.62,0.54,2024-10-25,1041,N,VIIRS,n,2,307.02,12.82,D,0
35.7706,43.99512,337.07,0.6,0.53,2024-10-25,1041,N,VIIRS,n,2,305.93,3.98,D,2
35.79523,37.16722,337.44,0.42,0.38,2024-10-25,1041,N,VIIRS,n,2,307.81,2.56,D,0
35.83325,44.30209,340.68,0.62,0.54,2024-10-25,1041,N,VIIRS,n,2,303.96,5.95,D,0
35.83376,44.30906,341.9,0.62,0.54,2024-10-25,1041,N,VIIRS,n,2,307.19,11.56,D,0
35.8402,44.26544,341.79,0.62,0.54,2024-10-25,1041,N,VIIRS,n,2,303.56,8.49,D,0
35.84073,44.26617,341.34,0.62,0.54,2024-10-25,1041,N,VIIRS,n,2,303.22,6.94,D,0
35.8414,37.3612,347.02,0.43,0.38,2024-10-25,1041,N,VIIRS,n,2,309.41,5.75,D,0
35.84803,44.30635,341.59,0.63,0.54,2024-10-25,1041,N,VIIRS,n,2,305.12,9.03,D,0
35.8485,44.31323,342.1,0.63,0.54,2024-10-25,1041,N,VIIRS,n,2,306.01,16.71,D,0
35.8488,44.30699,341.55,0.62,0.54,2024-10-25,1041,N,VIIRS,n,2,305.72,13.12,D,0
35.84931,44.31385,341.54,0.63,0.54,2024-10-25,1041,N,VIIRS,n,2,305.4,13.12,D,0
35.87268,44.29648,341.72,0.62,0.54,2024-10-25,1041,N,VIIRS,n,2,303.89,9.07,D,0
35.87341,44.29724,343.0,0.62,0.54,2024-10-25,1041,N,VIIRS,n,2,303.41,5.78,D,0
36.00747,44.43213,367.0,0.32,0.54,2024-10-25,1041,N,VIIRS,h,2,307.33,6.15,D,0
36.01429,44.457,344.62,0.32,0.55,2024-10-25,1041,N,VIIRS,n,2,304.97,3.39,D,0
36.02026,43.6833,335.67,0.58,0.52,2024-10-25,1041,N,VIIRS,n,2,303.38,3.14,D,2
36.02543,44.18409,337.87,0.62,0.54,2024-10-25,1041,N,VIIRS,n,2,301.73,4.81,D,0
36.03025,44.46575,367.0,0.32,0.55,2024-10-25,1041,N,VIIRS,h,2,305.59,5.17,D,0
36.04042,44.46465,354.3,0.32,0.55,2024-10-25,1041,N,VIIRS,n,2,303.91,7.56,D,0
36.04066,44.46816,367.0,0.32,0.55,2024-10-25,1041,N,VIIRS,h,2,303.21,10.22,D,0
36.05565,44.33718,341.03,0.63,0.54,2024-10-25,1041,N,VIIRS,n,2,303.92,16.14,D,0
36.05686,44.33775,341.14,0.63,0.54,2024-10-25,1041,N,VIIRS,n,2,302.9,7.4,D,0
36.08195,37.44786,331.52,0.43,0.38,2024-10-25,1041,N,VIIRS,n,2,304.7,1.9,D,0
36.12314,37.57424,340.1,0.44,0.38,2024-10-25,1041,N,VIIRS,n,2,303.38,3.1,D,0
36.1427,40.816,343.02,0.41,0.45,2024-10-25,1041,N,VIIRS,n,2,306.54,1.77,D,2
36.1481,43.6561,355.11,0.58,0.52,2024-10-25,1041,N,VIIRS,n,2,304.7,10.75,D,0
36.15295,43.65554,350.81,0.58,0.52,2024-10-25,1041,N,VIIRS,n,2,305.3,13.03,D,0
36.1591,37.35072,338.26,0.43,0.38,2024-10-25,1041,N,VIIRS,n,2,302.82,4.1,D,0
36.16073,41.00032,338.14,0.42,0.45,2024-10-25,1041,N,VIIRS,n,2,305.3,1.8,D,0
36.17538,37.81698,336.21,0.45,0.39,2024-10-25,1041,N,VIIRS,n,2,304.7,2.44,D,0
36.19455,37.69347,333.89,0.44,0.39,2024-10-25,1041,N,VIIRS,n,2,305.43,4.16,D,0
36.19962,42.28262,337.03,0.49,0.48,2024-10-25,1041,N,VIIRS,n,2,306.81,4.8,D,0
36.20498,43.50591,337.63,0.57,0.52,2024-10-25,1041,N,VIIRS,n,2,305.38,5.54,D,0
36.20549,43.51239,341.94,0.57,0.52,2024-10-25,1041,N,VIIRS,n,2,305.91,5.54,D,0
36.20668,43.84815,341.89,0.59,0.53,2024-10-25,1041,N,VIIRS,n,2,304.02,6.84,D,0
36.20909,43.5106,344.33,0.57,0.52,2024-10-25,1041,N,VIIRS,n,2,306.01,14.73,D,0
36.20979,43.50532,341.73,0.57,0.52,2024-10-25,1041,N,VIIRS,n,2,303.52,11.44,D,0
36.33696,38.63913,343.46,0.48,0.4,2024-10-25,1041,N,VIIRS,n,2,309.31,14.51,D,0
36.34406,38.86706,336.01,0.5,0.41,2024-10-25,1041,N,VIIRS,n,2,306.36,2.68,D,0
36.35152,44.10669,340.58,0.62,0.54,2024-10-25,1041,N,VIIRS,n,2,301.47,4.11,D,0
36.40833,43.72152,337.22,0.59,0.53,2024-10-25,1041,N,VIIRS,n,2,305.93,3.16,D,0
36.42228,37.30434,346.12,0.43,0.38,2024-10-25,1041,N,VIIRS,n,2,309.62,15.43,D,0
36.45007,40.40052,338.47,0.39,0.44,2024-10-25,1041,N,VIIRS,n,2,303.0,2.8,D,0
36.46992,44.36184,336.67,0.32,0.55,2024-10-25,1041,N,VIIRS,n,2,303.31,2.13,D,0
36.49943,39.44593,337.56,0.53,0.42,2024-10-25,1041,N,VIIRS,n,2,306.25,2.8,D,0
36.61375,37.40101,336.12,0.44,0.38,2024-10-25,1041,N,VIIRS,n,2,306.88,1.75,D,0
36.62427,37.66211,337.72,0.45,0.39,2024-10-25,1041,N,VIIRS,n,2,307.37,4.32,D,0
36.6395,39.50039,335.64,0.53,0.42,2024-10-25,1041,N,VIIRS,n,2,305.58,4.37,D,0
36.67038,43.37994,339.29,0.57,0.52,2024-10-25,1041,N,VIIRS,n,2,307.12,13.57,D,0
36.68606,43.26836,339.08,0.56,0.51,2024-10-25,1041,N,VIIRS,n,2,304.65,4.55,D,0
36.72585,43.22878,332.67,0.56,0.51,2024-10-25,1041,N,VIIRS,n,2,305.91,4.57,D,0
36.73216,43.0578,337.28,0.54,0.51,2024-10-25,1041,N,VIIRS,n,2,304.24,3.98,D,0
36.76279,43.02271,344.05,0.54,0.51,2024-10-25,1041,N,VIIRS,n,2,303.06,6.47,D,0
36.76601,42.15586,351.73,0.49,0.48,2024-10-25,1041,N,VIIRS,n,2,307.45,19.77,D,0
36.77624,43.32196,340.75,0.56,0.52,2024-10-25,1041,N,VIIRS,n,2,302.37,10.31,D,2
36.80171,41.94176,343.2,0.47,0.48,2024-10-25,1041,N,VIIRS,n,2,306.43,5.91,D,0
36.83985,39.02127,346.31,0.51,0.41,2024-10-25,1041,N,VIIRS,n,2,304.61,8.8,D,0
36.84751,42.25711,342.09,0.49,0.49,2024-10-25,1041,N,VIIRS,n,2,306.14,6.75,D,0
36.90685,40.96273,342.27,0.42,0.45,2024-10-25,1041,N,VIIRS,n,2,307.49,4.73,D,0
36.96048,42.05391,342.1,0.48,0.48,2024-10-25,1041,N,VIIRS,n,2,307.19,4.64,D,2
36.96277,42.08141,342.49,0.48,0.48,2024-10-25,1041,N,VIIRS,n,2,305.2,3.95,D,2
36.97599,42.35981,345.68,0.5,0.49,2024-10-25,1041,N,VIIRS,n,2,301.63,10.6,D,0
37.03188,41.75189,344.7,0.47,0.47,2024-10-25,1041,N,VIIRS,n,2,307.44,4.69,D,0
37.05537,42.26077,345.94,0.5,0.49,2024-10-25,1041,N,VIIRS,n,2,304.04,4.87,D,0
36.49511,34.11804,333.16,0.38,0.36,2024-10-25,1042,N,VIIRS,n,2,301.45,1.81,D,0
36.82977,34.95253,337.33,0.39,0.36,2024-10-25,1042,N,VIIRS,n,2,304.89,2.71,D,0
36.87226,34.93849,329.14,0.39,0.36,2024-10-25,1042,N,VIIRS,n,2,302.27,1.1,D,0
36.9637,30.93481,338.27,0.43,0.38,2024-10-25,1042,N,VIIRS,n,2,301.65,4.31,D,0
36.96934,39.11495,333.54,0.52,0.41,2024-10-25,1042,N,VIIRS,n,2,306.26,6.47,D,0
36.98734,35.82103,344.62,0.4,0.37,2024-10-25,1042,N,VIIRS,n,2,312.28,5.68,D,0
36.98991,39.1804,333.1,0.52,0.41,2024-10-25,1042,N,VIIRS,n,2,303.43,3.31,D,0
36.99071,35.82031,347.25,0.4,0.37,2024-10-25,1042,N,VIIRS,n,2,309.19,5.68,D,0
36.99173,35.90332,336.28,0.4,0.37,2024-10-25,1042,N,VIIRS,n,2,309.13,2.39,D,0
36.993,34.96343,334.39,0.39,0.36,2024-10-25,1042,N,VIIRS,n,2,308.46,3.59,D,0
37.01038,39.11744,346.41,0.52,0.41,2024-10-25,1042,N,VIIRS,n,2,304.69,11.78,D,0
37.02147,38.50389,332.06,0.49,0.4,2024-10-25,1042,N,VIIRS,n,2,305.62,2.58,D,0
37.05607,38.42923,335.45,0.48,0.4,2024-10-25,1042,N,VIIRS,n,2,304.2,2.98,D,0
37.08284,40.16755,347.01,0.39,0.44,2024-10-25,1042,N,VIIRS,n,2,306.62,7.21,D,0
37.08741,39.76937,336.13,0.55,0.43,2024-10-25,1042,N,VIIRS,n,2,303.35,2.46,D,0
37.15458,36.8799,338.43,0.43,0.38,2024-10-25,1042,N,VIIRS,n,2,307.8,2.62,D,0
37.1567,41.81172,355.87,0.47,0.48,2024-10-25,1042,N,VIIRS,n,2,310.27,22.03,D,0
37.15717,41.8171,341.98,0.47,0.48,2024-10-25,1042,N,VIIRS,n,2,304.45,14.98,D,0
37.18952,36.05168,339.85,0.41,0.37,2024-10-25,1042,N,VIIRS,n,2,307.13,2.55,D,0
37.20368,35.95034,337.87,0.4,0.37,2024-10-25,1042,N,VIIRS,n,2,307.37,1.97,D,0
37.21236,36.06566,335.06,0.41,0.37,2024-10-25,1042,N,VIIRS,n,2,307.0,2.3,D,0
37.22824,40.14269,341.73,0.39,0.44,2024-10-25,1042,N,VIIRS,n,2,307.24,6.8,D,0
37.23227,40.14202,348.98,0.39,0.44,2024-10-25,1042,N,VIIRS,n,2,308.59,6.8,D,0
37.23271,40.14642,341.64,0.39,0.44,2024-10-25,1042,N,VIIRS,n,2,307.8,6.8,D,0
37.27236,43.2133,347.66,0.56,0.52,2024-10-25,1042,N,VIIRS,n,2,298.21,9.25,D,0
37.28363,35.87396,336.96,0.4,0.37,2024-10-25,1042,N,VIIRS,n,2,309.35,3.75,D,0
37.41012,37.72608,334.35,0.46,0.39,2024-10-25,1042,N,VIIRS,n,2,306.62,3.02,D,0
37.41847,40.15799,340.91,0.39,0.44,2024-10-25,1042,N,VIIRS,n,2,303.37,3.49,D,0
37.46229,40.48338,344.46,0.4,0.45,2024-10-25,1042,N,VIIRS,n,2,303.91,3.25,D,0
37.49468,40.26186,344.98,0.39,0.44,2024-10-25,1042,N,VIIRS,n,2,302.76,5.78,D,0
37.50193,40.25175,339.66,0.39,0.44,2024-10-25,1042,N,VIIRS,n,2,302.31,3.21,D,0
37.52833,40.34921,348.95,0.4,0.44,2024-10-25,1042,N,VIIRS,n,2,305.26,5.46,D,0
37.54256,40.44955,349.42,0.4,0.45,2024-10-25,1042,N,VIIRS,n,2,303.94,8.23,D,0
37.58329,38.80033,332.27,0.51,0.41,2024-10-25,1042,N,VIIRS,n,2,303.98,3.72,D,0
37.58976,37.37571,340.33,0.45,0.39,2024-10-25,1042,N,VIIRS,n,2,304.6,2.79,D,0
37.61626,38.47613,332.56,0.49,0.4,2024-10-25,1042,N,VIIRS,n,2,302.63,2.36,D,0
37.66842,40.54484,336.83,0.41,0.45,2024-10-25,1042,N,VIIRS,n,2,306.29,3.64,D,0
37.67301,40.54897,341.39,0.41,0.45,2024-10-25,1042,N,VIIRS,n,2,304.55,5.52,D,0
37.67583,40.53417,350.11,0.41,0.45,2024-10-25,1042,N,VIIRS,n,2,303.97,5.73,D,0
37.67953,40.52884,333.33,0.41,0.45,2024-10-25,1042,N,VIIRS,n,2,303.12,5.73,D,0
37.68587,38.65132,346.31,0.5,0.41,2024-10-25,1042,N,VIIRS,n,2,307.89,15.72,D,0
37.69553,27.43057,342.04,0.39,0.44,2024-10-25,1042,N,VIIRS,n,2,303.44,8.77,D,0
37.6973,40.7191,338.46,0.42,0.45,2024-10-25,1042,N,VIIRS,n,2,303.27,3.04,D,0
37.7072,40.68869,340.81,0.42,0.45,2024-10-25,1042,N,VIIRS,n,2,304.51,4.28,D,0
37.70776,40.87952,347.58,0.43,0.46,2024-10-25,1042,N,VIIRS,n,2,304.29,7.44,D,0
37.71138,40.68814,341.6,0.42,0.45,2024-10-25,1042,N,VIIRS,n,2,302.25,4.28,D,0
37.71401,29.00167,341.98,0.5,0.41,2024-10-25,1042,N,VIIRS,n,2,283.71,4.69,D,0
37.71727,38.65773,332.73,0.5,0.41,2024-10-25,1042,N,VIIRS,n,2,302.66,6.56,D,0
37.71778,40.71114,340.18,0.42,0.45,2024-10-25,1042,N,VIIRS,n,2,300.26,4.72,D,0
37.71822,40.71587,340.62,0.42,0.45,2024-10-25,1042,N,VIIRS,n,2,304.73,8.91,D,0
37.74579,37.8412,342.75,0.47,0.39,2024-10-25,1042,N,VIIRS,n,2,302.48,5.18,D,0
37.74642,37.8465,331.76,0.47,0.39,2024-10-25,1042,N,VIIRS,n,2,299.99,5.18,D,0
37.78395,40.16393,342.34,0.39,0.44,2024-10-25,1042,N,VIIRS,n,2,304.82,3.65,D,0
37.79382,40.61477,357.65,0.41,0.45,2024-10-25,1042,N,VIIRS,n,2,303.58,13.93,D,0
37.81117,27.47768,336.01,0.39,0.44,2024-10-25,1042,N,VIIRS,n,2,300.63,2.08,D,0
37.81604,40.44961,334.49,0.41,0.45,2024-10-25,1042,N,VIIRS,n,2,303.72,3.0,D,0
37.83036,28.16384,334.67,0.54,0.42,2024-10-25,1042,N,VIIRS,n,2,302.42,5.15,D,0
37.83767,40.72092,341.16,0.42,0.45,2024-10-25,1042,N,VIIRS,n,2,303.96,6.34,D,0
37.86768,28.22836,332.46,0.53,0.42,2024-10-25,1042,N,VIIRS,n,2,300.23,2.96,D,0
37.88654,28.34226,329.92,0.53,0.42,2024-10-25,1042,N,VIIRS,n,2,299.49,3.27,D,0
37.89704,40.3998,344.35,0.41,0.45,2024-10-25,1042,N,VIIRS,n,2,303.81,5.49,D,0
37.90528,34.37212,337.44,0.39,0.36,2024-10-25,1042,N,VIIRS,n,2,282.95,3.75,D,0
37.92368,41.04183,346.31,0.44,0.46,2024-10-25,1042,N,VIIRS,n,2,305.24,7.87,D,0
37.9265,41.04383,342.67,0.44,0.46,2024-10-25,1042,N,VIIRS,n,2,305.01,10.45,D,0
38.01974,29.53227,326.58,0.47,0.4,2024-10-25,1042,N,VIIRS,n,2,299.52,1.52,D,0
38.02133,40.68175,342.29,0.42,0.45,2024-10-25,1042,N,VIIRS,n,2,307.25,5.79,D,0
38.02391,29.51429,329.87,0.47,0.4,2024-10-25,1042,N,VIIRS,n,2,299.16,2.27,D,0
38.03371,40.72358,335.65,0.42,0.45,2024-10-25,1042,N,VIIRS,n,2,304.83,1.73,D,0
38.04711,40.08477,333.98,0.39,0.44,2024-10-25,1042,N,VIIRS,n,2,303.66,1.72,D,0
38.05407,40.80526,341.54,0.43,0.46,2024-10-25,1042,N,VIIRS,n,2,307.04,3.71,D,0
38.07065,42.45658,339.28,0.52,0.5,2024-10-25,1042,N,VIIRS,n,2,291.28,7.3,D,0
38.17281,40.61637,341.08,0.42,0.45,2024-10-25,1042,N,VIIRS,n,2,305.27,3.19,D,0
38.17459,37.03322,336.15,0.44,0.38,2024-10-25,1042,N,VIIRS,n,2,289.03,5.77,D,0
38.17624,29.65995,331.3,0.46,0.39,2024-10-25,1042,N,VIIRS,n,2,298.55,2.06,D,0
38.17628,29.65718,327.44,0.46,0.39,2024-10-25,1042,N,VIIRS,n,2,298.95,1.86,D,0
38.2182,29.81868,330.37,0.45,0.39,2024-10-25,1042,N,VIIRS,n,2,300.57,2.42,D,0
38.21916,29.82379,329.68,0.45,0.39,2024-10-25,1042,N,VIIRS,n,2,299.3,2.13,D,0
38.22052,37.11188,346.42,0.44,0.39,2024-10-25,1042,N,VIIRS,n,2,294.42,7.17,D,0
38.25145,37.14002,335.15,0.44,0.39,2024-10-25,1042,N,VIIRS,n,2,297.44,10.05,D,0
38.25264,37.13667,328.67,0.44,0.39,2024-10-25,1042,N,VIIRS,n,2,295.11,6.33,D,0
38.25288,37.1678,325.89,0.44,0.39,2024-10-25,1042,N,VIIRS,n,2,292.11,1.62,D,0
38.25327,37.14174,344.52,0.44,0.39,2024-10-25,1042,N,VIIRS,n,2,301.15,15.82,D,0
38.25499,37.13931,350.14,0.44,0.39,2024-10-25,1042,N,VIIRS,n,2,295.81,10.05,D,0
38.25805,37.16471,328.72,0.44,0.39,2024-10-25,1042,N,VIIRS,n,2,293.32,3.49,D,0
38.27129,37.21424,329.97,0.45,0.39,2024-10-25,1042,N,VIIRS,n,2,291.7,3.62,D,0
38.27164,37.15683,352.34,0.44,0.39,2024-10-25,1042,N,VIIRS,n,2,294.51,12.29,D,0
38.27485,37.21354,367.0,0.45,0.39,2024-10-25,1042,N,VIIRS,h,2,292.37,13.99,D,0
38.36298,40.42208,346.76,0.41,0.45,2024-10-25,1042,N,VIIRS,n,2,303.51,4.13,D,0
38.39561,40.36826,331.84,0.41,0.45,2024-10-25,1042,N,VIIRS,n,2,299.09,1.4,D,0
38.39693,40.36942,339.93,0.41,0.45,2024-10-25,1042,N,VIIRS,n,2,301.79,3.7,D,0
38.59024,32.26657,335.78,0.39,0.36,2024-10-25,1042,N,VIIRS,n,2,280.11,7.12,D,0
38.59097,32.27103,335.78,0.39,0.36,2024-10-25,1042,N,VIIRS,n,2,284.11,10.31,D,0
38.59355,32.26569,336.99,0.39,0.36,2024-10-25,1042,N,VIIRS,n,2,277.55,6.14,D,0
38.59428,32.27015,335.16,0.39,0.36,2024-10-25,1042,N,VIIRS,n,2,280.72,9.27,D,0
39.08427,32.08516,335.57,0.39,0.36,2024-10-25,1042,N,VIIRS,n,2,295.33,1.78,D,0
39.17927,35.98743,334.11,0.42,0.37,2024-10-25,1042,N,VIIRS,n,2,285.72,3.69,D,0
39.29546,35.84628,346.25,0.41,0.37,2024-10-25,1042,N,VIIRS,n,2,289.78,11.19,D,0
39.35173,34.92049,333.16,0.4,0.37,2024-10-25,1042,N,VIIRS,n,2,285.25,2.35,D,0
39.40417,33.19654,336.15,0.38,0.36,2024-10-25,1042,N,VIIRS,n,2,286.8,3.84,D,0
39.47269,34.58492,331.81,0.39,0.36,2024-10-25,1042,N,VIIRS,n,2,289.13,3.98,D,0
39.66121,40.13629,326.18,0.41,0.45,2024-10-25,1042,N,VIIRS,n,2,293.88,1.73,D,0
39.66673,40.15067,352.83,0.41,0.45,2024-10-25,1042,N,VIIRS,n,2,298.91,12.88,D,0
39.74761,37.55109,343.12,0.48,0.4,2024-10-25,1042,N,VIIRS,n,2,295.97,12.7,D,0
39.75128,37.55043,342.49,0.48,0.4,2024-10-25,1042,N,VIIRS,n,2,297.11,12.7,D,0
39.99269,43.98346,326.17,0.33,0.55,2024-10-25,1042,N,VIIRS,n,2,295.73,2.39,D,0
39.99759,44.15539,335.16,0.34,0.56,2024-10-25,1042,N,VIIRS,n,2,290.67,4.63,D,0
39.99783,44.15942,351.33,0.34,0.56,2024-10-25,1042,N,VIIRS,n,2,292.11,7.09,D,0
38.73502,26.94813,329.16,0.39,0.44,2024-10-25,1043,N,VIIRS,n,2,300.3,2.25,D,2
38.78743,26.9156,334.83,0.39,0.44,2024-10-25,1043,N,VIIRS,n,2,296.37,1.17,D,3
39.24726,26.88154,345.25,0.39,0.44,2024-10-25,1043,N,VIIRS,n,2,296.22,1.76,D,0
39.86422,26.24352,326.47,0.4,0.44,2024-10-25,1043,N,VIIRS,n,2,296.81,1.71,D,2
39.93012,30.14351,338.27,0.42,0.38,2024-10-25,1043,N,VIIRS,n,2,293.23,4.08,D,0
40.03748,32.25146,335.45,0.39,0.36,2024-10-25,1043,N,VIIRS,n,2,296.39,2.2,D,0
40.04158,28.19146,326.53,0.49,0.4,2024-10-25,1043,N,VIIRS,n,2,295.02,2.29,D,0
40.11191,31.72837,340.52,0.39,0.36,2024-10-25,1043,N,VIIRS,n,2,299.28,3.44,D,0
40.14244,35.09284,331.17,0.4,0.37,2024-10-25,1043,N,VIIRS,n,2,295.19,3.72,D,0
40.19501,35.72597,330.13,0.42,0.38,2024-10-25,1043,N,VIIRS,n,2,298.32,4.0,D,0
40.19563,27.60806,327.02,0.52,0.41,2024-10-25,1043,N,VIIRS,n,2,292.64,1.22,D,0
40.20203,27.65221,327.09,0.51,0.41,2024-10-25,1043,N,VIIRS,n,2,293.0,3.24,D,0
40.20655,27.66135,326.6,0.51,0.41,2024-10-25,1043,N,VIIRS,n,2,293.72,3.66,D,0
40.20811,27.66279,325.09,0.51,0.41,2024-10-25,1043,N,VIIRS,n,2,292.91,1.91,D,0
40.23128,32.72473,329.6,0.38,0.36,2024-10-25,1043,N,VIIRS,n,2,300.41,1.62,D,0
40.23516,30.76977,353.55,0.41,0.37,2024-10-25,1043,N,VIIRS,n,2,295.77,10.55,D,0
40.23597,30.77444,353.9,0.41,0.37,2024-10-25,1043,N,VIIRS,n,2,295.03,8.44,D,0
40.32174,33.66304,335.3,0.39,0.36,2024-10-25,1043,N,VIIRS,n,2,297.69,4.5,D,0
40.4339,35.56591,349.13,0.42,0.37,2024-10-25,1043,N,VIIRS,n,2,295.54,8.05,D,0
40.46671,35.57378,331.15,0.42,0.37,2024-10-25,1043,N,VIIRS,n,2,296.59,1.5,D,0
40.68081,26.11979,331.19,0.39,0.44,2024-10-25,1043,N,VIIRS,n,2,294.26,1.5,D,0
40.74114,30.59435,334.71,0.41,0.37,2024-10-25,1043,N,VIIRS,n,2,296.6,5.8,D,0
40.79208,26.2046,340.53,0.39,0.44,2024-10-25,1043,N,VIIRS,n,2,293.06,6.8,D,0
40.79228,26.2021,355.39,0.38,0.44,2024-10-25,1043,N,VIIRS,n,2,293.33,7.56,D,0
40.79619,26.20066,338.91,0.38,0.44,2024-10-25,1043,N,VIIRS,n,2,292.14,3.64,D,0
40.8211,26.58045,333.03,0.56,0.43,2024-10-25,1043,N,VIIRS,n,2,292.22,4.12,D,0
41.07363,27.34835,328.99,0.51,0.41,2024-10-25,1043,N,VIIRS,n,2,295.8,3.3,D,0
41.07798,27.09421,325.9,0.52,0.42,2024-10-25,1043,N,VIIRS,n,2,293.45,2.32,D,0
41.14056,27.58309,328.21,0.5,0.41,2024-10-25,1043,N,VIIRS,n,2,295.89,2.65,D,0
41.14336,26.53608,326.17,0.55,0.43,2024-10-25,1043,N,VIIRS,n,2,298.2,2.5,D,0
41.18345,26.59034,345.73,0.55,0.42,2024-10-25,1043,N,VIIRS,n,2,299.21,7.44,D,0
41.22003,26.56879,337.48,0.55,0.42,2024-10-25,1043,N,VIIRS,n,2,295.01,5.21,D,0
41.24184,36.46695,331.25,0.45,0.39,2024-10-25,1043,N,VIIRS,n,2,289.98,3.25,D,2
41.26123,26.60872,341.01,0.54,0.42,2024-10-25,1043,N,VIIRS,n,2,295.1,4.12,D,0
41.26532,31.42494,326.64,0.39,0.36,2024-10-25,1043,N,VIIRS,n,2,296.61,2.63,D,2
41.30008,27.19963,331.09,0.51,0.41,2024-10-25,1043,N,VIIRS,n,2,297.29,1.88,D,0
41.32108,26.91675,331.9,0.53,0.42,2024-10-25,1043,N,VIIRS,n,2,298.42,3.74,D,0
41.32482,26.91538,331.46,0.53,0.42,2024-10-25,1043,N,VIIRS,n,2,296.42,3.74,D,0
41.37332,26.87025,326.94,0.53,0.42,2024-10-25,1043,N,VIIRS,n,2,296.22,2.93,D,0
41.38938,27.17273,346.72,0.51,0.41,2024-10-25,1043,N,VIIRS,n,2,302.21,7.77,D,0
41.39309,27.17142,346.96,0.51,0.41,2024-10-25,1043,N,VIIRS,n,2,298.2,7.77,D,0
41.40458,26.84579,332.04,0.53,0.42,2024-10-25,1043,N,VIIRS,n,2,296.97,3.72,D,0
41.47595,26.61671,325.31,0.54,0.42,2024-10-25,1043,N,VIIRS,n,2,292.35,3.0,D,0
41.53691,26.6335,327.36,0.53,0.42,2024-10-25,1043,N,VIIRS,n,2,294.28,2.26,D,0
41.57393,26.8958,332.48,0.52,0.42,2024-10-25,1043,N,VIIRS,n,2,296.84,2.12,D,0
38.65164,39.77089,295.85,0.43,0.38,2024-10-25,2301,N,VIIRS,n,2,277.11,0.79,N,2
39.48301,30.03901,298.08,0.43,0.62,2024-10-25,2301,N,VIIRS,n,2,274.71,1.09,N,2
39.83635,30.29892,303.27,0.42,0.61,2024-10-25,2301,N,VIIRS,n,2,278.63,1.05,N,2
40.04994,32.65113,295.1,0.63,0.54,2024-10-25,2301,N,VIIRS,n,2,276.12,1.2,N,2
40.79926,29.37725,295.22,0.47,0.64,2024-10-25,2301,N,VIIRS,n,2,282.88,0.55,N,2
40.94497,31.3951,297.41,0.37,0.58,2024-10-25,2301,N,VIIRS,n,2,280.09,0.76,N,2
41.01871,28.55418,299.58,0.52,0.67,2024-10-25,2301,N,VIIRS,n,2,283.2,0.94,N,2
41.24199,36.46545,322.65,0.41,0.45,2024-10-25,2301,N,VIIRS,n,2,278.48,3.58,N,2
41.24306,36.4618,321.7,0.41,0.45,2024-10-25,2301,N,VIIRS,n,2,280.64,2.96,N,2
41.25251,31.41389,310.32,0.37,0.58,2024-10-25,2301,N,VIIRS,n,2,280.97,0.59,N,2
41.25797,31.41398,298.89,0.37,0.58,2024-10-25,2301,N,VIIRS,n,2,280.51,0.59,N,2
41.26271,31.42826,318.73,0.37,0.58,2024-10-25,2301,N,VIIRS,n,2,283.95,1.18,N,2
41.26838,31.42419,297.08,0.37,0.58,2024-10-25,2301,N,VIIRS,n,2,283.92,1.18,N,2
35.51234,44.37587,328.1,0.42,0.38,2024-10-25,2302,N,VIIRS,n,2,285.77,3.74,N,2
35.52411,44.34306,313.5,0.42,0.38,2024-10-25,2302,N,VIIRS,n,2,281.42,5.23,N,2
35.52483,44.34579,329.05,0.42,0.38,2024-10-25,2302,N,VIIRS,n,2,283.29,4.41,N,2
35.52564,44.34125,323.75,0.42,0.38,2024-10-25,2302,N,VIIRS,n,2,281.71,3.71,N,2
35.52752,44.34396,350.19,0.42,0.38,2024-10-25,2302,N,VIIRS,n,2,287.0,5.23,N,2
35.52834,44.33942,327.6,0.42,0.38,2024-10-25,2302,N,VIIRS,n,2,282.61,3.7,N,2
35.53175,44.34031,332.69,0.42,0.38,2024-10-25,2302,N,VIIRS,n,2,294.14,16.58,N,2
35.56363,44.28215,312.31,0.42,0.37,2024-10-25,2302,N,VIIRS,n,2,281.58,1.28,N,2
35.56704,44.28304,324.6,0.42,0.37,2024-10-25,2302,N,VIIRS,n,2,284.24,1.28,N,2
35.62938,44.0122,298.82,0.41,0.37,2024-10-25,2302,N,VIIRS,n,2,280.84,2.61,N,2
35.63017,44.00774,335.11,0.41,0.37,2024-10-25,2302,N,VIIRS,n,2,291.99,9.31,N,2
35.66243,43.96479,334.67,0.41,0.37,2024-10-25,2302,N,VIIRS,n,2,287.1,5.82,N,2
35.67635,44.06681,297.4,0.41,0.37,2024-10-25,2302,N,VIIRS,n,2,282.47,0.45,N,2
35.68471,43.8776,327.73,0.41,0.37,2024-10-25,2302,N,VIIRS,n,2,304.56,19.01,N,2
35.68549,43.87315,299.25,0.41,0.37,2024-10-25,2302,N,VIIRS,n,2,280.39,7.92,N,2
35.68808,43.87847,299.5,0.41,0.37,2024-10-25,2302,N,VIIRS,n,2,281.75,19.01,N,2
35.72075,43.77104,299.66,0.4,0.37,2024-10-25,2302,N,VIIRS,n,2,286.54,0.69,N,2
35.72308,44.03894,308.73,0.41,0.37,2024-10-25,2302,N,VIIRS,n,2,282.75,3.47,N,2
35.72646,44.03981,328.95,0.41,0.37,2024-10-25,2302,N,VIIRS,n,2,290.29,3.47,N,2
35.72803,44.03088,298.66,0.41,0.37,2024-10-25,2302,N,VIIRS,n,2,281.06,0.47,N,2
35.73141,44.03175,319.89,0.41,0.37,2024-10-25,2302,N,VIIRS,n,2,284.4,1.13,N,2
35.73873,44.4053,300.93,0.42,0.38,2024-10-25,2302,N,VIIRS,n,2,283.11,0.72,N,0
35.74132,44.41075,303.68,0.42,0.38,2024-10-25,2302,N,VIIRS,n,2,282.05,0.72,N,0
35.74215,44.40621,300.06,0.42,0.38,2024-10-25,2302,N,VIIRS,n,2,282.47,0.72,N,0
35.77301,43.99589,328.81,0.41,0.37,2024-10-25,2302,N,VIIRS,n,2,286.68,4.16,N,2
35.81525,43.25792,320.65,0.39,0.36,2024-10-25,2302,N,VIIRS,n,2,282.65,2.22,N,2
35.83348,43.21983,300.94,0.39,0.36,2024-10-25,2302,N,VIIRS,n,2,281.83,1.01,N,2
35.8368,43.22067,302.41,0.39,0.36,2024-10-25,2302,N,VIIRS,n,2,281.38,0.82,N,2
35.8388,43.65702,308.56,0.4,0.37,2024-10-25,2302,N,VIIRS,n,2,278.31,0.95,N,0
35.87053,43.64105,302.17,0.4,0.37,2024-10-25,2302,N,VIIRS,n,2,278.16,0.6,N,0
35.92546,43.78856,322.82,0.4,0.37,2024-10-25,2302,N,VIIRS,n,2,283.72,1.58,N,2
35.95358,43.72691,318.78,0.4,0.37,2024-10-25,2302,N,VIIRS,n,2,283.14,1.19,N,2
35.96759,43.76965,311.2,0.4,0.37,2024-10-25,2302,N,VIIRS,n,2,284.42,1.8,N,2
35.96836,43.76522,342.37,0.4,0.37,2024-10-25,2302,N,VIIRS,n,2,287.89,4.0,N,2
35.97171,43.76613,329.08,0.4,0.37,2024-10-25,2302,N,VIIRS,n,2,285.27,4.0,N,2
35.97351,43.77588,307.98,0.4,0.37,2024-10-25,2302,N,VIIRS,n,2,283.25,1.25,N,2
35.97428,43.77146,311.13,0.4,0.37,2024-10-25,2302,N,VIIRS,n,2,284.01,1.25,N,2
35.98174,43.76883,311.32,0.4,0.37,2024-10-25,2302,N,VIIRS,n,2,285.67,1.45,N,2
35.99743,43.75915,317.63,0.4,0.37,2024-10-25,2302,N,VIIRS,n,2,283.71,1.17,N,2
36.00077,43.76004,300.15,0.4,0.37,2024-10-25,2302,N,VIIRS,n,2,280.05,1.17,N,2
36.01779,43.68177,322.83,0.4,0.37,2024-10-25,2302,N,VIIRS,n,2,283.52,2.15,N,2
36.03538,44.32757,295.95,0.41,0.37,2024-10-25,2302,N,VIIRS,n,2,278.38,0.46,N,0
36.0362,44.32298,306.31,0.41,0.37,2024-10-25,2302,N,VIIRS,n,2,281.95,0.83,N,0
36.04055,44.23832,314.16,0.41,0.37,2024-10-25,2302,N,VIIRS,n,2,281.59,1.08,N,0
36.07595,44.3927,295.6,0.41,0.37,2024-10-25,2302,N,VIIRS,n,2,279.05,0.39,N,0
36.08435,43.63966,312.79,0.4,0.37,2024-10-25,2302,N,VIIRS,n,2,280.09,0.79,N,0
36.08511,43.64226,301.64,0.4,0.37,2024-10-25,2302,N,VIIRS,n,2,279.54,0.3,N,0
36.12173,40.82081,297.27,0.39,0.36,2024-10-25,2302,N,VIIRS,n,2,281.84,0.42,N,0
36.12303,41.04345,297.12,0.39,0.36,2024-10-25,2302,N,VIIRS,n,2,280.01,0.46,N,2
36.12736,43.78185,307.06,0.4,0.37,2024-10-25,2302,N,VIIRS,n,2,282.91,0.82,N,2
36.13029,40.80931,299.51,0.39,0.36,2024-10-25,2302,N,VIIRS,n,2,278.43,0.92,N,2
36.14296,40.81659,329.63,0.39,0.36,2024-10-25,2302,N,VIIRS,n,2,281.38,2.73,N,2
36.16738,41.04469,299.78,0.39,0.36,2024-10-25,2302,N,VIIRS,n,2,280.1,0.37,N,0
36.20147,43.88181,310.41,0.4,0.37,2024-10-25,2302,N,VIIRS,n,2,281.61,0.68,N,0
36.20482,43.88269,301.81,0.4,0.37,2024-10-25,2302,N,VIIRS,n,2,278.48,0.68,N,0
36.22165,43.7855,297.13,0.4,0.37,2024-10-25,2302,N,VIIRS,n,2,278.0,0.46,N,0
36.26244,33.73137,302.45,0.5,0.49,2024-10-25,2302,N,VIIRS,n,2,282.56,1.22,N,2
36.26293,33.72585,300.45,0.5,0.49,2024-10-25,2302,N,VIIRS,n,2,285.73,1.22,N,2
36.30086,43.01239,297.85,0.39,0.36,2024-10-25,2302,N,VIIRS,n,2,280.97,0.45,N,0
36.31143,43.75739,303.41,0.4,0.37,2024-10-25,2302,N,VIIRS,n,2,281.79,1.17,N,2
36.33433,43.68526,295.09,0.4,0.37,2024-10-25,2302,N,VIIRS,n,2,278.49,0.43,N,0
36.35055,42.07818,303.69,0.38,0.36,2024-10-25,2302,N,VIIRS,n,2,286.34,1.31,N,2
36.36767,43.83653,296.61,0.4,0.37,2024-10-25,2302,N,VIIRS,n,2,281.68,0.44,N,0
36.4408,42.9305,301.4,0.39,0.36,2024-10-25,2302,N,VIIRS,n,2,282.44,0.88,N,2
36.4441,42.93133,295.26,0.39,0.36,2024-10-25,2302,N,VIIRS,n,2,282.25,0.43,N,2
36.45657,41.28331,308.13,0.39,0.36,2024-10-25,2302,N,VIIRS,n,2,281.48,0.69,N,2
36.51871,43.58929,298.64,0.4,0.37,2024-10-25,2302,N,VIIRS,n,2,277.75,0.35,N,0
36.64142,43.63977,309.32,0.4,0.37,2024-10-25,2302,N,VIIRS,n,2,279.31,0.73,N,0
36.71258,42.53583,305.73,0.38,0.36,2024-10-25,2302,N,VIIRS,n,2,280.69,0.83,N,0
36.71771,36.19825,316.55,0.57,0.43,2024-10-25,2302,N,VIIRS,n,2,289.34,1.71,N,2
36.71873,43.2237,301.6,0.39,0.36,2024-10-25,2302,N,VIIRS,n,2,280.76,0.82,N,0
36.72737,43.03485,296.31,0.39,0.36,2024-10-25,2302,N,VIIRS,n,2,278.88,1.0,N,0
36.72808,43.03055,296.71,0.39,0.36,2024-10-25,2302,N,VIIRS,n,2,279.1,1.0,N,0
36.72831,36.21315,323.7,0.57,0.43,2024-10-25,2302,N,VIIRS,n,2,288.77,2.04,N,2
36.73138,43.03139,317.01,0.39,0.36,2024-10-25,2302,N,VIIRS,n,2,279.79,1.0,N,0
36.73229,36.21386,303.76,0.57,0.43,2024-10-25,2302,N,VIIRS,n,2,291.16,0.86,N,2
36.73324,43.28135,295.06,0.39,0.36,2024-10-25,2302,N,VIIRS,n,2,281.22,0.29,N,2
36.734,43.1735,303.2,0.39,0.36,2024-10-25,2302,N,VIIRS,n,2,279.55,0.98,N,0
36.73592,43.686,318.87,0.4,0.37,2024-10-25,2302,N,VIIRS,n,2,279.95,1.25,N,0
36.73667,43.68163,299.27,0.4,0.37,2024-10-25,2302,N,VIIRS,n,2,279.25,1.25,N,0
36.73925,43.68687,297.53,0.4,0.37,2024-10-25,2302,N,VIIRS,n,2,278.64,0.5,N,0
36.7486,43.49879,296.2,0.39,0.36,2024-10-25,2302,N,VIIRS,n,2,282.55,0.8,N,2
36.77451,43.32345,295.61,0.39,0.36,2024-10-25,2302,N,VIIRS,n,2,281.16,1.06,N,2
36.77782,43.32423,321.23,0.39,0.36,2024-10-25,2302,N,VIIRS,n,2,286.54,1.06,N,2
36.80213,42.94849,300.15,0.39,0.36,2024-10-25,2302,N,VIIRS,n,2,278.9,0.86,N,0
36.80609,42.88238,324.24,0.39,0.36,2024-10-25,2302,N,VIIRS,n,2,279.56,2.68,N,0
36.86798,34.76184,298.91,0.45,0.47,2024-10-25,2302,N,VIIRS,n,2,288.48,0.7,N,2
36.86844,34.75681,301.74,0.45,0.47,2024-10-25,2302,N,VIIRS,n,2,288.69,0.7,N,2
36.86944,43.49143,303.28,0.39,0.36,2024-10-25,2302,N,VIIRS,n,2,279.69,1.33,N,2
36.87017,43.48708,315.92,0.39,0.36,2024-10-25,2302,N,VIIRS,n,2,280.49,1.33,N,2
36.8723,34.76254,303.94,0.45,0.47,2024-10-25,2302,N,VIIRS,n,2,288.57,0.7,N,2
36.8917,43.43089,328.94,0.39,0.36,2024-10-25,2302,N,VIIRS,n,2,280.62,3.16,N,2
36.89634,36.2089,301.9,0.57,0.43,2024-10-25,2302,N,VIIRS,n,2,286.85,1.15,N,0
36.89759,36.21054,302.49,0.57,0.43,2024-10-25,2302,N,VIIRS,n,2,286.56,0.76,N,0
36.90564,43.38908,320.75,0.39,0.36,2024-10-25,2302,N,VIIRS,n,2,277.53,2.98,N,2
36.90894,43.38995,331.89,0.39,0.36,2024-10-25,2302,N,VIIRS,n,2,282.05,2.98,N,2
36.91522,41.89508,312.36,0.38,0.36,2024-10-25,2302,N,VIIRS,n,2,278.36,1.04,N,2
36.93133,35.99992,299.71,0.39,0.44,2024-10-25,2302,N,VIIRS,n,2,286.23,1.13,N,2
36.93656,30.64898,295.88,0.38,0.59,2024-10-25,2302,N,VIIRS,n,2,285.08,0.48,N,2
36.93985,42.62463,301.32,0.38,0.36,2024-10-25,2302,N,VIIRS,n,2,279.26,0.4,N,0
36.95003,30.61929,298.68,0.38,0.59,2024-10-25,2302,N,VIIRS,n,2,284.17,0.89,N,0
36.96241,42.05312,331.07,0.38,0.36,2024-10-25,2302,N,VIIRS,n,2,283.28,2.9,N,2
36.96431,42.08468,326.43,0.38,0.36,2024-10-25,2302,N,VIIRS,n,2,278.4,2.24,N,2
36.96498,42.0804,321.02,0.38,0.36,2024-10-25,2302,N,VIIRS,n,2,279.33,2.24,N,2
36.98491,41.5732,299.8,0.39,0.36,2024-10-25,2302,N,VIIRS,n,2,277.93,0.67,N,0
36.99083,42.00219,312.78,0.38,0.36,2024-10-25,2302,N,VIIRS,n,2,278.61,1.0,N,2
36.99411,42.00298,295.82,0.38,0.36,2024-10-25,2302,N,VIIRS,n,2,277.95,0.3,N,2
36.99678,41.5626,295.47,0.39,0.36,2024-10-25,2302,N,VIIRS,n,2,278.42,0.22,N,2
37.03234,42.1712,297.58,0.38,0.36,2024-10-25,2302,N,VIIRS,n,2,281.11,0.45,N,2
37.05549,42.13241,302.63,0.38,0.36,2024-10-25,2302,N,VIIRS,n,2,281.1,0.43,N,2
37.07943,42.5592,296.13,0.38,0.36,2024-10-25,2302,N,VIIRS,n,2,282.96,0.42,N,2
37.23935,42.0618,298.88,0.38,0.36,2024-10-25,2302,N,VIIRS,n,2,278.12,0.43,N,0
37.28157,41.62955,298.04,0.39,0.36,2024-10-25,2302,N,VIIRS,n,2,275.07,0.88,N,0
37.29485,37.15528,301.82,0.52,0.41,2024-10-25,2302,N,VIIRS,n,2,273.73,1.53,N,2
37.33935,40.80264,305.46,0.4,0.37,2024-10-25,2302,N,VIIRS,n,2,280.14,1.22,N,2
37.47339,36.58024,327.06,0.55,0.43,2024-10-25,2302,N,VIIRS,n,2,287.94,2.91,N,0
37.47428,36.57204,311.94,0.55,0.43,2024-10-25,2302,N,VIIRS,n,2,286.22,2.91,N,0
37.47656,36.58804,304.52,0.55,0.43,2024-10-25,2302,N,VIIRS,n,2,283.76,1.04,N,0
37.47739,36.58037,307.27,0.55,0.43,2024-10-25,2302,N,VIIRS,n,2,285.58,2.91,N,0
37.69246,40.87088,311.11,0.4,0.37,2024-10-25,2302,N,VIIRS,n,2,275.68,1.54,N,0
37.69515,40.87616,315.59,0.4,0.37,2024-10-25,2302,N,VIIRS,n,2,278.74,1.54,N,0
37.69849,40.87695,306.62,0.4,0.37,2024-10-25,2302,N,VIIRS,n,2,278.71,1.48,N,0
37.70892,29.00286,367.0,0.47,0.64,2024-10-25,2302,N,VIIRS,h,2,286.21,7.01,N,0
37.70905,29.0,319.17,0.47,0.64,2024-10-25,2302,N,VIIRS,n,2,282.5,7.01,N,0
37.70914,38.10223,302.38,0.48,0.4,2024-10-25,2302,N,VIIRS,n,2,279.45,0.99,N,0
37.71447,29.01373,307.48,0.47,0.64,2024-10-25,2302,N,VIIRS,n,2,281.01,2.22,N,0
37.71463,29.01016,316.55,0.47,0.64,2024-10-25,2302,N,VIIRS,n,2,282.79,7.4,N,0
37.71478,29.0067,337.69,0.47,0.64,2024-10-25,2302,N,VIIRS,n,2,284.6,7.4,N,0
37.71492,29.00348,348.52,0.47,0.64,2024-10-25,2302,N,VIIRS,n,2,287.83,7.01,N,0
37.71506,29.00031,298.76,0.47,0.64,2024-10-25,2302,N,VIIRS,n,2,281.55,7.01,N,0
37.72049,29.01394,318.21,0.47,0.64,2024-10-25,2302,N,VIIRS,n,2,283.59,4.17,N,0
37.72064,29.01042,309.39,0.47,0.64,2024-10-25,2302,N,VIIRS,n,2,284.19,2.68,N,0
37.72668,29.00993,327.23,0.47,0.64,2024-10-25,2302,N,VIIRS,n,2,285.11,2.68,N,0
37.72687,29.0056,299.36,0.47,0.64,2024-10-25,2302,N,VIIRS,n,2,281.8,2.68,N,0
37.72821,29.00911,319.23,0.47,0.64,2024-10-25,2302,N,VIIRS,n,2,282.89,2.3,N,0
37.72839,29.00442,296.45,0.47,0.64,2024-10-25,2302,N,VIIRS,n,2,281.14,1.77,N,0
37.7356,40.96203,321.92,0.39,0.37,2024-10-25,2302,N,VIIRS,n,2,277.34,2.97,N,0
37.73895,40.96278,343.09,0.39,0.37,2024-10-25,2302,N,VIIRS,n,2,280.72,4.5,N,0
37.74229,40.96353,325.57,0.39,0.37,2024-10-25,2302,N,VIIRS,n,2,278.42,4.5,N,0
37.75029,40.56318,336.98,0.4,0.37,2024-10-25,2302,N,VIIRS,n,2,276.46,2.79,N,0
37.75366,40.56393,322.57,0.4,0.37,2024-10-25,2302,N,VIIRS,n,2,277.93,2.79,N,0
37.76131,40.90326,313.93,0.4,0.37,2024-10-25,2302,N,VIIRS,n,2,275.37,1.37,N,0
37.77835,40.48781,307.34,0.4,0.37,2024-10-25,2302,N,VIIRS,n,2,275.79,1.15,N,0
37.77898,40.48325,326.94,0.4,0.37,2024-10-25,2302,N,VIIRS,n,2,277.89,2.27,N,0
37.78173,40.48856,305.26,0.4,0.37,2024-10-25,2302,N,VIIRS,n,2,277.11,1.15,N,0
37.78237,40.48399,312.48,0.4,0.37,2024-10-25,2302,N,VIIRS,n,2,275.94,2.27,N,0
37.79283,40.60822,331.6,0.4,0.37,2024-10-25,2302,N,VIIRS,n,2,278.78,3.26,N,0
37.79527,40.7625,317.14,0.4,0.37,2024-10-25,2302,N,VIIRS,n,2,276.89,1.44,N,0
37.79727,41.6088,296.18,0.39,0.36,2024-10-25,2302,N,VIIRS,n,2,279.59,0.57,N,0
37.80288,38.46169,299.76,0.46,0.39,2024-10-25,2302,N,VIIRS,n,2,281.22,0.41,N,0
37.81093,40.42879,305.91,0.4,0.37,2024-10-25,2302,N,VIIRS,n,2,276.53,0.55,N,0
37.82985,38.78243,295.16,0.45,0.39,2024-10-25,2302,N,VIIRS,n,2,278.68,0.62,N,0
37.83649,40.42047,307.89,0.4,0.37,2024-10-25,2302,N,VIIRS,n,2,277.71,1.95,N,0
37.84051,40.41669,323.32,0.4,0.37,2024-10-25,2302,N,VIIRS,n,2,277.68,1.95,N,0
37.8798,40.68627,301.87,0.4,0.37,2024-10-25,2302,N,VIIRS,n,2,278.26,1.05,N,0
37.89848,41.47182,330.06,0.39,0.36,2024-10-25,2302,N,VIIRS,n,2,289.12,18.33,N,0
37.89914,41.46743,328.26,0.39,0.36,2024-10-25,2302,N,VIIRS,n,2,279.76,9.88,N,0
37.92305,40.84514,341.41,0.4,0.37,2024-10-25,2302,N,VIIRS,n,2,277.39,7.39,N,0
37.92465,41.03311,301.94,0.39,0.37,2024-10-25,2302,N,VIIRS,n,2,278.63,0.9,N,0
37.92798,41.03389,303.3,0.39,0.37,2024-10-25,2302,N,VIIRS,n,2,278.09,0.9,N,0
37.96241,41.70287,300.58,0.39,0.36,2024-10-25,2302,N,VIIRS,n,2,281.64,0.61,N,2
37.96817,41.06621,302.25,0.39,0.37,2024-10-25,2302,N,VIIRS,n,2,276.8,1.12,N,0
37.97151,41.06697,319.15,0.39,0.37,2024-10-25,2302,N,VIIRS,n,2,278.12,1.12,N,0
37.99195,41.55078,304.24,0.39,0.36,2024-10-25,2302,N,VIIRS,n,2,278.63,0.91,N,0
38.01015,41.0621,301.77,0.39,0.37,2024-10-25,2302,N,VIIRS,n,2,278.01,0.6,N,0
38.01081,41.05764,295.74,0.39,0.37,2024-10-25,2302,N,VIIRS,n,2,278.42,0.6,N,0
38.01934,40.75732,306.85,0.4,0.37,2024-10-25,2302,N,VIIRS,n,2,276.79,1.04,N,0
38.04979,40.68941,297.66,0.4,0.37,2024-10-25,2302,N,VIIRS,n,2,276.15,0.77,N,0
38.16948,40.43455,296.93,0.41,0.37,2024-10-25,2302,N,VIIRS,n,2,277.29,0.87,N,0
38.42534,27.21405,296.95,0.6,0.7,2024-10-25,2302,N,VIIRS,n,2,285.86,1.0,N,2
38.45613,38.72683,295.73,0.46,0.39,2024-10-25,2302,N,VIIRS,n,2,280.86,0.92,N,2
38.48213,35.61497,302.07,0.42,0.45,2024-10-25,2302,N,VIIRS,n,2,269.55,0.96,N,0
38.64267,31.12931,334.03,0.37,0.58,2024-10-25,2302,N,VIIRS,n,2,274.3,3.39,N,3
38.64366,31.11196,301.55,0.37,0.58,2024-10-25,2302,N,VIIRS,n,2,275.54,1.45,N,0
38.73513,26.94455,299.7,0.62,0.71,2024-10-25,2302,N,VIIRS,n,2,286.18,1.43,N,2
38.73807,26.94286,298.09,0.62,0.71,2024-10-25,2302,N,VIIRS,n,2,287.49,1.05,N,2
38.78575,26.90705,298.42,0.62,0.71,2024-10-25,2302,N,VIIRS,n,2,286.25,2.92,N,3
41.25601,31.4146,308.81,0.4,0.6,2024-10-26,41,N,VIIRS,n,2,280.26,1.07,N,2
41.26519,31.42439,304.28,0.4,0.6,2024-10-26,41,N,VIIRS,n,2,284.44,1.69,N,2
36.8686,34.76325,297.83,0.77,0.77,2024-10-26,42,N,VIIRS,n,2,285.29,1.28,N,2
37.72062,29.00268,325.21,0.37,0.58,2024-10-26,42,N,VIIRS,n,2,281.19,3.57,N,0
37.72193,28.99779,300.53,0.37,0.58,2024-10-26,42,N,VIIRS,n,2,277.55,2.01,N,0
37.72339,29.01382,313.84,0.37,0.58,2024-10-26,42,N,VIIRS,n,2,282.15,2.77,N,0
37.72495,29.00799,341.97,0.37,0.58,2024-10-26,42,N,VIIRS,n,2,284.78,2.77,N,0
37.72622,29.00322,301.13,0.37,0.58,2024-10-26,42,N,VIIRS,n,2,280.35,2.87,N,0
38.57067,28.16339,302.53,0.32,0.55,2024-10-26,42,N,VIIRS,n,2,277.53,0.33,N,0
38.64032,31.13334,330.28,0.45,0.63,2024-10-26,42,N,VIIRS,n,2,274.51,4.74,N,3
38.64175,31.12831,322.08,0.45,0.63,2024-10-26,42,N,VIIRS,n,2,274.93,3.4,N,0
38.64318,31.12327,299.74,0.45,0.63,2024-10-26,42,N,VIIRS,n,2,275.25,3.4,N,0
38.65995,30.61929,302.85,0.43,0.62,2024-10-26,42,N,VIIRS,n,2,276.46,1.23,N,2
38.73912,26.92926,305.65,0.55,0.51,2024-10-26,42,N,VIIRS,n,2,286.8,1.46,N,2
38.74371,26.95154,307.23,0.55,0.51,2024-10-26,42,N,VIIRS,n,2,286.08,2.71,N,2
38.75278,26.93469,297.52,0.55,0.51,2024-10-26,42,N,VIIRS,n,2,284.02,0.58,N,0
38.78604,26.92089,318.63,0.55,0.51,2024-10-26,42,N,VIIRS,n,2,287.1,2.44,N,0
38.78745,26.92324,305.29,0.55,0.51,2024-10-26,42,N,VIIRS,n,2,285.39,1.32,N,0
38.78895,26.91714,301.5,0.55,0.51,2024-10-26,42,N,VIIRS,n,2,286.56,1.32,N,0
39.86729,26.24379,306.98,0.48,0.48,2024-10-26,42,N,VIIRS,n,2,284.66,1.59,N,2
40.07996,32.80141,297.03,0.5,0.66,2024-10-26,42,N,VIIRS,n,2,274.43,1.11,N,0
40.08154,32.7961,302.94,0.5,0.66,2024-10-26,42,N,VIIRS,n,2,274.39,1.11,N,0
40.34018,27.28548,296.91,0.52,0.5,2024-10-26,42,N,VIIRS,n,2,282.23,1.16,N,0
40.44182,27.14389,295.57,0.51,0.5,2024-10-26,42,N,VIIRS,n,2,284.16,0.87,N,0
40.74979,29.76519,296.44,0.34,0.56,2024-10-26,42,N,VIIRS,n,2,285.26,0.97,N,0
40.78283,29.60117,296.14,0.33,0.55,2024-10-26,42,N,VIIRS,n,2,285.81,0.9,N,2
41.02148,28.55906,297.53,0.58,0.52,2024-10-26,42,N,VIIRS,n,2,282.58,1.17,N,2
35.51221,44.37624,348.35,0.52,0.42,2024-10-26,1022,N,VIIRS,n,2,307.08,8.95,D,2
35.52822,44.34424,345.96,0.52,0.42,2024-10-26,1022,N,VIIRS,n,2,306.4,36.02,D,2
35.56575,44.28292,340.01,0.52,0.41,2024-10-26,1022,N,VIIRS,n,2,307.61,6.82,D,2
35.61547,40.45897,337.1,0.39,0.36,2024-10-26,1022,N,VIIRS,n,2,306.64,2.49,D,0
35.62762,44.01041,343.28,0.51,0.41,2024-10-26,1022,N,VIIRS,n,2,310.48,10.72,D,2
35.6314,44.00981,339.93,0.51,0.41,2024-10-26,1022,N,VIIRS,n,2,305.86,10.72,D,2
35.66102,43.96465,345.61,0.5,0.41,2024-10-26,1022,N,VIIRS,n,2,309.66,10.85,D,2
35.69754,44.36531,350.58,0.53,0.42,2024-10-26,1022,N,VIIRS,n,2,306.41,10.79,D,0
35.76436,43.96721,350.25,0.51,0.41,2024-10-26,1022,N,VIIRS,n,2,307.08,4.9,D,0
35.76814,43.96654,350.33,0.51,0.41,2024-10-26,1022,N,VIIRS,n,2,316.29,45.35,D,0
35.76871,43.80217,338.49,0.5,0.41,2024-10-26,1022,N,VIIRS,n,2,304.76,3.87,D,0
35.87037,35.89397,342.71,0.44,0.38,2024-10-26,1022,N,VIIRS,n,2,304.42,15.59,D,0
35.88325,39.25961,332.52,0.38,0.36,2024-10-26,1022,N,VIIRS,n,2,302.07,1.47,D,0
35.92407,43.78824,335.33,0.5,0.41,2024-10-26,1022,N,VIIRS,n,2,303.86,2.43,D,2
35.92454,43.79068,340.17,0.5,0.41,2024-10-26,1022,N,VIIRS,n,2,304.36,3.37,D,2
35.93197,39.08623,333.03,0.38,0.36,2024-10-26,1022,N,VIIRS,n,2,302.21,3.88,D,0
36.01894,43.68235,338.97,0.49,0.41,2024-10-26,1022,N,VIIRS,n,2,306.51,3.85,D,2
36.05213,37.39717,333.2,0.4,0.37,2024-10-26,1022,N,VIIRS,n,2,300.76,3.77,D,0
36.05464,37.43307,336.41,0.4,0.37,2024-10-26,1022,N,VIIRS,n,2,303.24,3.83,D,0
36.05802,43.71851,336.15,0.5,0.41,2024-10-26,1022,N,VIIRS,n,2,302.3,4.48,D,0
36.10979,37.38367,330.45,0.4,0.37,2024-10-26,1022,N,VIIRS,n,2,303.23,2.74,D,0
36.13026,37.59602,333.8,0.39,0.37,2024-10-26,1022,N,VIIRS,n,2,304.59,1.72,D,0
36.14237,40.81644,345.63,0.4,0.37,2024-10-26,1022,N,VIIRS,n,2,308.1,2.37,D,2
36.14491,37.44788,330.88,0.4,0.37,2024-10-26,1022,N,VIIRS,n,2,302.69,1.68,D,0
36.15179,38.91084,335.75,0.38,0.36,2024-10-26,1022,N,VIIRS,n,2,301.17,4.69,D,0
36.15244,38.91509,332.52,0.38,0.36,2024-10-26,1022,N,VIIRS,n,2,301.54,4.69,D,0
36.18309,37.44738,336.43,0.4,0.37,2024-10-26,1022,N,VIIRS,n,2,303.99,3.4,D,0
36.18484,37.47885,347.24,0.4,0.37,2024-10-26,1022,N,VIIRS,n,2,311.02,15.19,D,0
36.18643,37.44654,348.35,0.4,0.37,2024-10-26,1022,N,VIIRS,n,2,304.41,7.6,D,0
36.19417,43.54129,343.99,0.49,0.4,2024-10-26,1022,N,VIIRS,n,2,310.88,14.82,D,0
36.20588,39.31177,336.9,0.38,0.36,2024-10-26,1022,N,VIIRS,n,2,308.18,1.68,D,0
36.21692,44.37025,340.23,0.53,0.42,2024-10-26,1022,N,VIIRS,n,2,308.09,30.27,D,0
36.21737,38.63217,338.59,0.38,0.36,2024-10-26,1022,N,VIIRS,n,2,307.67,4.18,D,0
36.2807,38.66568,338.31,0.38,0.36,2024-10-26,1022,N,VIIRS,n,2,307.32,2.3,D,0
36.29124,44.10049,337.77,0.52,0.41,2024-10-26,1022,N,VIIRS,n,2,307.44,26.73,D,0
36.32509,43.94904,337.17,0.51,0.41,2024-10-26,1022,N,VIIRS,n,2,305.41,6.59,D,0
36.42909,44.09968,348.42,0.52,0.42,2024-10-26,1022,N,VIIRS,n,2,305.35,10.89,D,0
36.47157,43.19389,333.39,0.48,0.4,2024-10-26,1022,N,VIIRS,n,2,304.58,3.06,D,0
36.47829,43.18724,347.68,0.48,0.4,2024-10-26,1022,N,VIIRS,n,2,306.96,7.81,D,0
36.6151,43.63973,335.33,0.5,0.41,2024-10-26,1022,N,VIIRS,n,2,304.9,4.11,D,0
36.61886,43.63909,337.04,0.5,0.41,2024-10-26,1022,N,VIIRS,n,2,304.35,5.09,D,0
36.62212,43.73569,341.35,0.5,0.41,2024-10-26,1022,N,VIIRS,n,2,305.14,22.51,D,0
36.6259,43.73507,340.58,0.5,0.41,2024-10-26,1022,N,VIIRS,n,2,313.15,22.51,D,0
36.64478,43.09741,348.65,0.47,0.4,2024-10-26,1022,N,VIIRS,n,2,306.38,11.52,D,0
36.64783,43.09145,339.15,0.47,0.4,2024-10-26,1022,N,VIIRS,n,2,304.27,5.55,D,0
36.7048,42.00185,353.78,0.43,0.38,2024-10-26,1022,N,VIIRS,n,2,308.88,10.91,D,0
36.70831,42.00116,335.78,0.43,0.38,2024-10-26,1022,N,VIIRS,n,2,306.09,1.79,D,0
36.72458,43.65862,349.54,0.5,0.41,2024-10-26,1022,N,VIIRS,n,2,310.71,14.46,D,0
36.72834,43.65798,341.86,0.5,0.41,2024-10-26,1022,N,VIIRS,n,2,305.48,9.03,D,0
36.863,42.26549,335.28,0.44,0.39,2024-10-26,1022,N,VIIRS,n,2,305.59,3.84,D,0
36.86655,42.26482,345.85,0.44,0.39,2024-10-26,1022,N,VIIRS,n,2,304.34,3.84,D,0
36.88294,43.33453,349.75,0.49,0.4,2024-10-26,1022,N,VIIRS,n,2,306.97,24.2,D,0
36.89307,42.24442,340.87,0.44,0.39,2024-10-26,1022,N,VIIRS,n,2,306.12,6.7,D,0
36.89432,42.25443,336.43,0.44,0.39,2024-10-26,1022,N,VIIRS,n,2,307.4,3.21,D,0
36.94348,43.09407,332.02,0.48,0.4,2024-10-26,1022,N,VIIRS,n,2,298.55,3.7,D,0
36.98449,43.0598,334.74,0.48,0.4,2024-10-26,1022,N,VIIRS,n,2,301.05,3.74,D,0
36.32656,33.98779,333.01,0.51,0.41,2024-10-26,1023,N,VIIRS,n,2,301.96,6.65,D,0
36.33512,33.99118,339.5,0.51,0.41,2024-10-26,1023,N,VIIRS,n,2,303.3,4.93,D,0
36.6022,37.36924,336.86,0.4,0.37,2024-10-26,1023,N,VIIRS,n,2,308.66,2.58,D,0
36.66129,39.34431,341.37,0.39,0.36,2024-10-26,1023,N,VIIRS,n,2,309.68,4.01,D,0
36.71964,36.20202,340.67,0.42,0.38,2024-10-26,1023,N,VIIRS,n,2,304.5,3.54,D,2
36.72652,38.76315,333.79,0.38,0.36,2024-10-26,1023,N,VIIRS,n,2,303.57,2.65,D,0
36.73735,37.25357,338.96,0.4,0.37,2024-10-26,1023,N,VIIRS,n,2,306.89,2.31,D,0
36.78528,36.74261,346.57,0.41,0.37,2024-10-26,1023,N,VIIRS,n,2,305.25,10.48,D,0
36.79565,38.27314,336.36,0.39,0.36,2024-10-26,1023,N,VIIRS,n,2,306.52,1.89,D,0
36.80908,37.28218,338.47,0.4,0.37,2024-10-26,1023,N,VIIRS,n,2,309.54,2.99,D,0
36.85919,37.43868,335.18,0.39,0.36,2024-10-26,1023,N,VIIRS,n,2,308.56,2.75,D,0
36.87536,38.45414,332.9,0.38,0.36,2024-10-26,1023,N,VIIRS,n,2,304.69,1.24,D,0
36.89384,38.46303,339.82,0.38,0.36,2024-10-26,1023,N,VIIRS,n,2,304.49,7.61,D,0
36.89732,37.97148,343.32,0.39,0.36,2024-10-26,1023,N,VIIRS,n,2,304.39,4.48,D,0
36.91663,35.77304,339.07,0.43,0.38,2024-10-26,1023,N,VIIRS,n,2,306.45,3.16,D,0
36.91689,35.77612,334.4,0.43,0.38,2024-10-26,1023,N,VIIRS,n,2,308.32,3.04,D,0
36.93076,40.0268,335.38,0.39,0.36,2024-10-26,1023,N,VIIRS,n,2,306.99,4.55,D,0
36.94298,40.60836,339.89,0.4,0.37,2024-10-26,1023,N,VIIRS,n,2,307.28,3.82,D,0
36.95173,38.48993,336.16,0.38,0.36,2024-10-26,1023,N,VIIRS,n,2,307.8,10.41,D,0
36.96216,42.05092,337.47,0.44,0.38,2024-10-26,1023,N,VIIRS,n,2,308.32,3.27,D,2
36.97156,35.35358,333.06,0.44,0.39,2024-10-26,1023,N,VIIRS,n,2,301.54,2.07,D,0
36.98685,40.70087,341.36,0.4,0.37,2024-10-26,1023,N,VIIRS,n,2,309.62,3.28,D,0
36.99831,39.03385,338.34,0.38,0.36,2024-10-26,1023,N,VIIRS,n,2,303.77,3.45,D,0
37.00318,38.51316,333.66,0.38,0.36,2024-10-26,1023,N,VIIRS,n,2,303.95,2.41,D,0
37.01485,42.26931,345.93,0.45,0.39,2024-10-26,1023,N,VIIRS,n,2,308.95,5.31,D,0
37.02113,39.1175,335.04,0.38,0.36,2024-10-26,1023,N,VIIRS,n,2,305.09,2.6,D,0
37.02177,39.1218,330.01,0.38,0.36,2024-10-26,1023,N,VIIRS,n,2,300.97,2.63,D,0
37.02868,41.75624,343.97,0.43,0.38,2024-10-26,1023,N,VIIRS,n,2,310.14,10.81,D,0
37.04155,41.94273,343.99,0.43,0.38,2024-10-26,1023,N,VIIRS,n,2,308.15,3.45,D,0
37.04521,38.12996,336.58,0.39,0.36,2024-10-26,1023,N,VIIRS,n,2,305.49,5.67,D,0
37.06013,41.91899,335.35,0.43,0.38,2024-10-26,1023,N,VIIRS,n,2,307.52,3.13,D,0
37.07633,36.79948,353.52,0.4,0.37,2024-10-26,1023,N,VIIRS,n,2,302.82,2.31,D,0
37.0771,36.80405,338.75,0.4,0.37,2024-10-26,1023,N,VIIRS,n,2,302.55,2.31,D,0
37.12277,40.93548,334.45,0.41,0.37,2024-10-26,1023,N,VIIRS,n,2,304.0,2.3,D,0
37.13797,39.84286,335.83,0.39,0.36,2024-10-26,1023,N,VIIRS,n,2,306.8,1.8,D,0
37.15028,36.14611,338.24,0.42,0.37,2024-10-26,1023,N,VIIRS,n,2,308.28,4.1,D,0
37.16186,36.74489,333.63,0.4,0.37,2024-10-26,1023,N,VIIRS,n,2,305.18,2.64,D,0
37.18446,36.94095,345.18,0.4,0.37,2024-10-26,1023,N,VIIRS,n,2,303.31,5.25,D,0
37.19003,35.89605,342.96,0.42,0.38,2024-10-26,1023,N,VIIRS,n,2,310.83,3.35,D,0
37.26083,41.91806,334.96,0.44,0.38,2024-10-26,1023,N,VIIRS,n,2,304.57,2.29,D,0
37.28843,40.00714,341.16,0.39,0.36,2024-10-26,1023,N,VIIRS,n,2,308.47,7.45,D,0
37.31538,38.46829,332.26,0.38,0.36,2024-10-26,1023,N,VIIRS,n,2,305.61,1.88,D,0
37.32611,37.93282,348.34,0.39,0.36,2024-10-26,1023,N,VIIRS,n,2,308.24,3.09,D,0
37.35231,41.81672,338.23,0.43,0.38,2024-10-26,1023,N,VIIRS,n,2,308.79,8.91,D,0
37.4021,33.29709,332.16,0.53,0.42,2024-10-26,1023,N,VIIRS,n,2,296.15,3.7,D,0
37.44126,39.25674,345.58,0.39,0.36,2024-10-26,1023,N,VIIRS,n,2,306.21,4.05,D,0
37.4419,39.26107,343.98,0.39,0.36,2024-10-26,1023,N,VIIRS,n,2,302.94,4.18,D,0
37.4511,41.2104,332.79,0.42,0.37,2024-10-26,1023,N,VIIRS,n,2,303.01,2.02,D,0
37.46218,39.14425,341.4,0.39,0.36,2024-10-26,1023,N,VIIRS,n,2,304.38,2.33,D,0
37.46549,39.14348,347.13,0.39,0.36,2024-10-26,1023,N,VIIRS,n,2,306.12,5.02,D,0
37.47076,36.57337,341.25,0.4,0.37,2024-10-26,1023,N,VIIRS,n,2,298.3,4.41,D,0
37.47364,37.04593,350.34,0.4,0.37,2024-10-26,1023,N,VIIRS,n,2,309.56,5.27,D,0
37.47845,37.21014,345.12,0.39,0.36,2024-10-26,1023,N,VIIRS,n,2,302.99,6.63,D,0
37.49034,38.24012,336.47,0.38,0.36,2024-10-26,1023,N,VIIRS,n,2,308.98,2.71,D,0
37.49363,38.23931,338.74,0.38,0.36,2024-10-26,1023,N,VIIRS,n,2,309.74,2.71,D,0
37.49388,36.93819,340.92,0.4,0.37,2024-10-26,1023,N,VIIRS,n,2,302.79,1.93,D,0
37.49546,41.44502,333.1,0.42,0.38,2024-10-26,1023,N,VIIRS,n,2,302.9,1.83,D,0
37.49721,36.93727,346.86,0.4,0.37,2024-10-26,1023,N,VIIRS,n,2,304.98,4.29,D,0
37.50613,38.23176,338.17,0.38,0.36,2024-10-26,1023,N,VIIRS,n,2,303.73,1.76,D,0
37.51452,36.85324,333.59,0.4,0.37,2024-10-26,1023,N,VIIRS,n,2,300.22,4.18,D,0
37.51875,33.20907,334.97,0.53,0.42,2024-10-26,1023,N,VIIRS,n,2,300.46,14.15,D,0
37.5198,33.20761,339.84,0.53,0.42,2024-10-26,1023,N,VIIRS,n,2,302.13,24.81,D,0
37.5225,33.20773,335.6,0.53,0.42,2024-10-26,1023,N,VIIRS,n,2,296.48,5.66,D,0
37.52376,39.31488,334.22,0.39,0.36,2024-10-26,1023,N,VIIRS,n,2,304.55,2.45,D,0
37.5374,37.28356,334.07,0.39,0.36,2024-10-26,1023,N,VIIRS,n,2,306.03,2.32,D,0
37.54057,38.27718,354.49,0.38,0.36,2024-10-26,1023,N,VIIRS,n,2,303.71,7.03,D,0
37.54144,37.28709,346.98,0.39,0.36,2024-10-26,1023,N,VIIRS,n,2,310.47,8.36,D,0
37.54476,37.28624,335.97,0.39,0.36,2024-10-26,1023,N,VIIRS,n,2,299.62,8.36,D,0
37.54678,39.00877,343.91,0.38,0.36,2024-10-26,1023,N,VIIRS,n,2,304.05,4.79,D,0
37.55491,39.29419,338.5,0.39,0.36,2024-10-26,1023,N,VIIRS,n,2,303.72,2.61,D,0
37.55555,39.29854,340.31,0.39,0.36,2024-10-26,1023,N,VIIRS,n,2,303.61,3.34,D,0
37.56578,38.93439,333.03,0.38,0.36,2024-10-26,1023,N,VIIRS,n,2,303.45,3.12,D,0
37.56748,38.65173,355.41,0.38,0.36,2024-10-26,1023,N,VIIRS,n,2,313.71,28.67,D,0
37.5837,38.45148,336.76,0.38,0.36,2024-10-26,1023,N,VIIRS,n,2,301.28,3.83,D,0
37.60687,38.53555,342.79,0.38,0.36,2024-10-26,1023,N,VIIRS,n,2,305.97,4.73,D,0
37.61874,38.61341,347.07,0.38,0.36,2024-10-26,1023,N,VIIRS,n,2,303.28,5.89,D,0
37.62903,38.94637,332.99,0.38,0.36,2024-10-26,1023,N,VIIRS,n,2,302.05,1.42,D,0
37.63227,38.96804,344.02,0.38,0.36,2024-10-26,1023,N,VIIRS,n,2,307.14,5.36,D,0
37.63557,38.96726,367.0,0.38,0.36,2024-10-26,1023,N,VIIRS,h,2,307.52,11.01,D,0
37.63622,38.9716,340.43,0.38,0.36,2024-10-26,1023,N,VIIRS,n,2,306.63,11.01,D,0
37.66328,40.75863,332.97,0.41,0.37,2024-10-26,1023,N,VIIRS,n,2,305.9,1.89,D,0
37.66413,40.94895,356.66,0.41,0.37,2024-10-26,1023,N,VIIRS,n,2,308.56,15.0,D,0
37.66756,40.94828,348.23,0.41,0.37,2024-10-26,1023,N,VIIRS,n,2,303.82,15.0,D,0
37.66823,38.03176,333.52,0.39,0.36,2024-10-26,1023,N,VIIRS,n,2,304.8,1.67,D,0
37.67104,40.79029,347.81,0.41,0.37,2024-10-26,1023,N,VIIRS,n,2,308.38,11.64,D,0
37.6716,40.95226,334.04,0.41,0.37,2024-10-26,1023,N,VIIRS,n,2,303.74,2.72,D,0
37.6722,39.07545,335.93,0.39,0.36,2024-10-26,1023,N,VIIRS,n,2,304.04,2.53,D,0
37.67284,39.07979,340.92,0.39,0.36,2024-10-26,1023,N,VIIRS,n,2,303.58,2.53,D,0
37.67444,40.78959,348.12,0.41,0.37,2024-10-26,1023,N,VIIRS,n,2,300.73,11.64,D,0
37.69954,40.25997,341.93,0.4,0.37,2024-10-26,1023,N,VIIRS,n,2,305.37,6.85,D,0
37.70463,38.95638,356.38,0.38,0.36,2024-10-26,1023,N,VIIRS,n,2,313.02,23.99,D,0
37.7057,38.60139,334.96,0.38,0.36,2024-10-26,1023,N,VIIRS,n,2,303.39,2.7,D,0
37.70793,38.95559,337.57,0.38,0.36,2024-10-26,1023,N,VIIRS,n,2,302.92,3.91,D,0
37.70848,29.00642,347.86,0.56,0.52,2024-10-26,1023,N,VIIRS,n,2,292.31,9.11,D,0
37.70863,29.00775,340.04,0.56,0.52,2024-10-26,1023,N,VIIRS,n,2,291.23,9.14,D,0
37.71696,40.26083,345.76,0.4,0.37,2024-10-26,1023,N,VIIRS,n,2,303.58,4.99,D,0
37.71784,37.87587,335.01,0.39,0.36,2024-10-26,1023,N,VIIRS,n,2,302.34,1.85,D,0
37.72024,29.01341,332.28,0.56,0.52,2024-10-26,1023,N,VIIRS,n,2,290.74,11.06,D,0
37.72033,29.01475,342.01,0.56,0.52,2024-10-26,1023,N,VIIRS,n,2,292.14,12.15,D,0
37.73528,38.77387,337.64,0.38,0.36,2024-10-26,1023,N,VIIRS,n,2,308.41,4.53,D,0
37.73705,40.979,330.76,0.41,0.37,2024-10-26,1023,N,VIIRS,n,2,304.73,2.59,D,0
37.73857,38.77309,330.39,0.38,0.36,2024-10-26,1023,N,VIIRS,n,2,301.15,4.53,D,0
37.73986,40.97364,342.03,0.41,0.37,2024-10-26,1023,N,VIIRS,n,2,309.04,7.48,D,0
37.74048,40.97831,335.2,0.41,0.37,2024-10-26,1023,N,VIIRS,n,2,304.63,5.37,D,0
37.74194,41.01651,353.78,0.41,0.37,2024-10-26,1023,N,VIIRS,n,2,301.77,6.7,D,0
37.74229,38.59812,330.88,0.38,0.36,2024-10-26,1023,N,VIIRS,n,2,303.41,0.92,D,0
37.75941,38.57605,334.66,0.38,0.36,2024-10-26,1023,N,VIIRS,n,2,303.86,2.18,D,0
37.76039,38.33759,336.43,0.38,0.36,2024-10-26,1023,N,VIIRS,n,2,305.15,6.88,D,0
37.7685,40.97746,332.46,0.41,0.37,2024-10-26,1023,N,VIIRS,n,2,301.8,1.96,D,0
37.77727,34.87181,344.33,0.45,0.39,2024-10-26,1023,N,VIIRS,n,2,303.59,13.27,D,0
37.78354,38.87129,334.44,0.38,0.36,2024-10-26,1023,N,VIIRS,n,2,305.97,2.3,D,0
37.78891,40.29863,337.08,0.4,0.37,2024-10-26,1023,N,VIIRS,n,2,303.4,2.41,D,0
37.80107,40.41291,331.98,0.4,0.37,2024-10-26,1023,N,VIIRS,n,2,300.33,1.61,D,0
37.80783,29.59742,326.81,0.52,0.5,2024-10-26,1023,N,VIIRS,n,2,299.86,2.19,D,0
37.80991,38.44328,332.45,0.38,0.36,2024-10-26,1023,N,VIIRS,n,2,303.18,0.83,D,0
37.81132,38.8062,347.11,0.38,0.36,2024-10-26,1023,N,VIIRS,n,2,304.58,5.64,D,0
37.81927,38.76832,351.2,0.38,0.36,2024-10-26,1023,N,VIIRS,n,2,316.2,26.47,D,0
37.81993,38.77265,335.04,0.38,0.36,2024-10-26,1023,N,VIIRS,n,2,307.09,3.94,D,0
37.82257,38.76753,337.63,0.38,0.36,2024-10-26,1023,N,VIIRS,n,2,302.63,3.01,D,0
37.82381,40.42684,330.24,0.4,0.37,2024-10-26,1023,N,VIIRS,n,2,299.94,1.17,D,0
37.82549,40.95612,337.19,0.41,0.37,2024-10-26,1023,N,VIIRS,n,2,300.9,3.31,D,0
37.8289,40.95539,330.55,0.41,0.37,2024-10-26,1023,N,VIIRS,n,2,299.12,3.14,D,0
37.85874,30.64729,329.65,0.46,0.47,2024-10-26,1023,N,VIIRS,n,2,297.34,2.76,D,0
37.85876,30.65038,340.07,0.46,0.47,2024-10-26,1023,N,VIIRS,n,2,297.28,4.27,D,0
37.85988,30.65228,326.72,0.46,0.47,2024-10-26,1023,N,VIIRS,n,2,296.1,2.76,D,0
37.86955,40.55814,334.56,0.4,0.37,2024-10-26,1023,N,VIIRS,n,2,303.73,5.12,D,0
37.90234,34.99672,334.11,0.44,0.39,2024-10-26,1023,N,VIIRS,n,2,298.94,5.26,D,0
37.92003,41.04016,349.36,0.42,0.37,2024-10-26,1023,N,VIIRS,n,2,306.26,3.91,D,0
37.92066,41.04494,336.58,0.42,0.37,2024-10-26,1023,N,VIIRS,n,2,304.47,3.91,D,0
37.95808,40.00855,346.39,0.4,0.37,2024-10-26,1023,N,VIIRS,n,2,309.16,8.8,D,0
37.96381,40.69086,345.5,0.41,0.37,2024-10-26,1023,N,VIIRS,n,2,309.4,20.46,D,0
37.96721,40.69014,343.83,0.41,0.37,2024-10-26,1023,N,VIIRS,n,2,305.38,6.4,D,0
37.96878,40.78064,348.05,0.41,0.37,2024-10-26,1023,N,VIIRS,n,2,305.3,4.49,D,0
37.98593,41.54953,342.92,0.43,0.38,2024-10-26,1023,N,VIIRS,n,2,305.01,3.92,D,0
37.98656,41.55444,343.91,0.43,0.38,2024-10-26,1023,N,VIIRS,n,2,305.19,3.92,D,0
37.99726,41.2703,342.9,0.42,0.38,2024-10-26,1023,N,VIIRS,n,2,308.41,15.96,D,0
38.00072,41.26957,335.93,0.42,0.38,2024-10-26,1023,N,VIIRS,n,2,304.18,10.4,D,0
38.00418,41.26884,342.7,0.42,0.38,2024-10-26,1023,N,VIIRS,n,2,305.74,10.4,D,0
38.01402,41.07068,345.91,0.42,0.37,2024-10-26,1023,N,VIIRS,n,2,305.38,12.56,D,0
38.01682,41.11935,344.55,0.42,0.38,2024-10-26,1023,N,VIIRS,n,2,302.56,5.66,D,0
38.0216,40.96714,349.29,0.41,0.37,2024-10-26,1023,N,VIIRS,n,2,305.95,5.6,D,0
38.02502,40.9664,339.53,0.41,0.37,2024-10-26,1023,N,VIIRS,n,2,307.33,5.88,D,0
38.03457,40.67286,337.01,0.41,0.37,2024-10-26,1023,N,VIIRS,n,2,304.72,5.45,D,0
38.03736,40.66747,333.52,0.41,0.37,2024-10-26,1023,N,VIIRS,n,2,302.45,22.09,D,0
38.03798,40.67212,367.0,0.41,0.37,2024-10-26,1023,N,VIIRS,h,2,358.55,143.14,D,0
38.04073,40.61413,347.43,0.41,0.37,2024-10-26,1023,N,VIIRS,n,2,307.8,12.49,D,0
38.04134,40.61874,342.58,0.41,0.37,2024-10-26,1023,N,VIIRS,n,2,306.54,12.49,D,0
38.04474,40.61801,335.89,0.41,0.37,2024-10-26,1023,N,VIIRS,n,2,302.08,4.28,D,0
38.04756,40.66529,343.72,0.41,0.37,2024-10-26,1023,N,VIIRS,n,2,305.89,14.0,D,0
38.07418,39.11552,339.76,0.39,0.36,2024-10-26,1023,N,VIIRS,n,2,302.76,4.63,D,0
38.07484,39.11996,348.14,0.39,0.36,2024-10-26,1023,N,VIIRS,n,2,303.7,7.11,D,0
38.08446,39.96772,333.61,0.4,0.37,2024-10-26,1023,N,VIIRS,n,2,302.85,6.43,D,0
38.08635,39.98121,352.46,0.4,0.37,2024-10-26,1023,N,VIIRS,n,2,305.25,8.7,D,0
38.08781,39.96698,345.79,0.4,0.37,2024-10-26,1023,N,VIIRS,n,2,300.88,6.43,D,0
38.08844,39.97147,348.32,0.4,0.37,2024-10-26,1023,N,VIIRS,n,2,301.93,6.43,D,0
38.09576,39.97447,339.37,0.4,0.37,2024-10-26,1023,N,VIIRS,n,2,299.5,52.32,D,0
38.10371,39.98197,342.69,0.4,0.37,2024-10-26,1023,N,VIIRS,n,2,301.26,3.72,D,0
38.10706,39.98122,347.2,0.4,0.37,2024-10-26,1023,N,VIIRS,n,2,301.28,6.28,D,0
38.11704,35.23162,343.94,0.43,0.38,2024-10-26,1023,N,VIIRS,n,2,297.98,6.67,D,0
38.12688,39.54958,347.74,0.39,0.36,2024-10-26,1023,N,VIIRS,n,2,305.92,6.6,D,0
38.12878,38.41881,331.5,0.38,0.36,2024-10-26,1023,N,VIIRS,n,2,293.72,4.43,D,0
38.13471,40.03073,334.19,0.4,0.37,2024-10-26,1023,N,VIIRS,n,2,301.05,2.84,D,0
38.13534,40.03524,335.66,0.4,0.37,2024-10-26,1023,N,VIIRS,n,2,298.73,2.84,D,0
38.14779,37.06311,326.96,0.39,0.36,2024-10-26,1023,N,VIIRS,n,2,297.98,1.67,D,0
38.14928,30.23894,327.43,0.48,0.48,2024-10-26,1023,N,VIIRS,n,2,296.72,2.15,D,0
38.16842,37.06229,331.16,0.39,0.36,2024-10-26,1023,N,VIIRS,n,2,298.55,3.18,D,0
38.17959,35.56217,348.5,0.42,0.38,2024-10-26,1023,N,VIIRS,n,2,297.82,5.71,D,0
38.18137,36.9939,331.83,0.39,0.36,2024-10-26,1023,N,VIIRS,n,2,298.74,1.58,D,0
38.20419,41.54376,333.98,0.43,0.38,2024-10-26,1023,N,VIIRS,n,2,294.51,3.43,D,0
38.20469,29.70965,335.37,0.5,0.49,2024-10-26,1023,N,VIIRS,n,2,300.7,5.07,D,0
38.21311,37.16621,335.12,0.39,0.36,2024-10-26,1023,N,VIIRS,n,2,295.23,2.72,D,0
38.21548,37.09618,326.62,0.39,0.36,2024-10-26,1023,N,VIIRS,n,2,296.2,2.6,D,0
38.21588,37.22548,338.92,0.39,0.36,2024-10-26,1023,N,VIIRS,n,2,296.18,3.51,D,0
38.24104,37.1681,336.4,0.39,0.36,2024-10-26,1023,N,VIIRS,n,2,301.06,7.95,D,0
38.24435,37.16723,337.76,0.39,0.36,2024-10-26,1023,N,VIIRS,n,2,295.36,10.02,D,0
38.25873,37.16071,337.46,0.39,0.36,2024-10-26,1023,N,VIIRS,n,2,297.62,2.87,D,0
38.26967,38.03209,331.18,0.38,0.36,2024-10-26,1023,N,VIIRS,n,2,297.33,1.81,D,0
38.28045,37.14576,332.87,0.39,0.36,2024-10-26,1023,N,VIIRS,n,2,299.23,5.96,D,0
38.2823,37.13602,344.28,0.39,0.36,2024-10-26,1023,N,VIIRS,n,2,302.36,9.63,D,0
38.28303,37.14045,347.79,0.39,0.36,2024-10-26,1023,N,VIIRS,n,2,296.9,5.96,D,0
38.29886,37.13167,326.1,0.39,0.36,2024-10-26,1023,N,VIIRS,n,2,296.44,1.88,D,0
38.30904,40.46135,344.19,0.41,0.37,2024-10-26,1023,N,VIIRS,n,2,300.85,5.6,D,0
38.31788,36.97362,328.63,0.39,0.36,2024-10-26,1023,N,VIIRS,n,2,296.76,1.08,D,0
38.31833,37.14525,335.13,0.39,0.36,2024-10-26,1023,N,VIIRS,n,2,299.43,3.04,D,0
38.32047,36.96828,343.7,0.39,0.36,2024-10-26,1023,N,VIIRS,n,2,304.03,25.07,D,0
38.32072,33.9646,336.24,0.48,0.4,2024-10-26,1023,N,VIIRS,n,2,301.0,10.05,D,0
38.33018,36.95315,336.34,0.39,0.36,2024-10-26,1023,N,VIIRS,n,2,300.37,5.81,D,0
38.33829,36.96028,332.0,0.39,0.36,2024-10-26,1023,N,VIIRS,n,2,297.4,3.07,D,0
38.34054,32.63579,333.65,0.54,0.42,2024-10-26,1023,N,VIIRS,n,2,298.24,3.96,D,0
38.34386,32.29666,335.4,0.56,0.43,2024-10-26,1023,N,VIIRS,n,2,297.53,5.25,D,0
38.35525,37.02093,331.78,0.39,0.36,2024-10-26,1023,N,VIIRS,n,2,301.29,5.22,D,0
38.38622,36.91499,336.77,0.39,0.36,2024-10-26,1023,N,VIIRS,n,2,299.91,6.51,D,0
38.42056,38.37186,331.58,0.38,0.36,2024-10-26,1023,N,VIIRS,n,2,294.44,1.51,D,0
38.47609,35.60884,346.52,0.42,0.38,2024-10-26,1023,N,VIIRS,n,2,301.88,12.28,D,0
38.4784,32.19561,340.58,0.56,0.43,2024-10-26,1023,N,VIIRS,n,2,299.03,10.27,D,0
38.47951,35.60794,348.66,0.42,0.38,2024-10-26,1023,N,VIIRS,n,2,302.95,12.28,D,0
38.48034,35.61264,338.2,0.42,0.38,2024-10-26,1023,N,VIIRS,n,2,301.31,16.27,D,0
38.50827,38.48365,329.79,0.38,0.36,2024-10-26,1023,N,VIIRS,n,2,297.22,2.55,D,0
38.51156,38.48284,327.98,0.38,0.36,2024-10-26,1023,N,VIIRS,n,2,297.27,1.81,D,0
38.51775,38.14649,337.49,0.38,0.36,2024-10-26,1023,N,VIIRS,n,2,299.37,2.43,D,0
38.56215,39.1949,334.29,0.39,0.36,2024-10-26,1023,N,VIIRS,n,2,302.42,4.97,D,0
38.56478,36.19928,325.69,0.4,0.37,2024-10-26,1023,N,VIIRS,n,2,295.68,1.66,D,0
38.60587,35.84549,353.76,0.41,0.37,2024-10-26,1023,N,VIIRS,n,2,297.44,5.62,D,0
38.60669,35.85014,335.51,0.41,0.37,2024-10-26,1023,N,VIIRS,n,2,297.44,5.62,D,0
38.60843,35.83987,345.13,0.41,0.37,2024-10-26,1023,N,VIIRS,n,2,295.19,4.34,D,0
38.62449,32.26725,332.72,0.56,0.43,2024-10-26,1023,N,VIIRS,n,2,298.74,2.91,D,0
38.62835,32.26596,339.94,0.56,0.43,2024-10-26,1023,N,VIIRS,n,2,298.41,6.37,D,0
38.6446,33.89796,332.42,0.47,0.4,2024-10-26,1023,N,VIIRS,n,2,296.66,4.65,D,0
38.65248,41.98199,332.1,0.45,0.39,2024-10-26,1023,N,VIIRS,n,2,291.22,5.15,D,0
38.67283,36.00705,339.79,0.41,0.37,2024-10-26,1023,N,VIIRS,n,2,297.04,2.62,D,0
38.67362,36.01168,355.14,0.41,0.37,2024-10-26,1023,N,VIIRS,n,2,295.59,17.18,D,0
38.67619,36.0061,349.09,0.41,0.37,2024-10-26,1023,N,VIIRS,n,2,298.36,5.29,D,0
38.67699,36.01073,348.97,0.41,0.37,2024-10-26,1023,N,VIIRS,n,2,296.24,5.05,D,0
38.71219,35.25288,339.37,0.43,0.38,2024-10-26,1023,N,VIIRS,n,2,296.12,4.85,D,0
38.71564,35.25195,352.62,0.43,0.38,2024-10-26,1023,N,VIIRS,n,2,296.33,4.85,D,0
38.79369,37.43595,334.91,0.39,0.36,2024-10-26,1023,N,VIIRS,n,2,296.45,2.19,D,0
38.80677,35.21168,337.35,0.43,0.38,2024-10-26,1023,N,VIIRS,n,2,296.44,2.6,D,0
38.81563,38.49815,346.96,0.38,0.36,2024-10-26,1023,N,VIIRS,n,2,303.71,7.09,D,0
38.81892,38.49733,345.61,0.38,0.36,2024-10-26,1023,N,VIIRS,n,2,303.54,13.46,D,0
38.82574,41.58039,347.14,0.44,0.38,2024-10-26,1023,N,VIIRS,n,2,303.2,10.47,D,0
38.82926,41.57967,341.17,0.44,0.38,2024-10-26,1023,N,VIIRS,n,2,307.97,37.2,D,0
38.88054,41.50523,327.24,0.44,0.38,2024-10-26,1023,N,VIIRS,n,2,298.43,2.35,D,0
38.8862,36.01883,342.48,0.41,0.37,2024-10-26,1023,N,VIIRS,n,2,303.11,29.89,D,0
38.88954,36.01783,342.2,0.41,0.37,2024-10-26,1023,N,VIIRS,n,2,291.94,7.61,D,0
38.89649,36.83315,328.43,0.39,0.36,2024-10-26,1023,N,VIIRS,n,2,295.01,2.08,D,0
38.89981,36.8323,332.73,0.39,0.36,2024-10-26,1023,N,VIIRS,n,2,290.43,2.08,D,0
38.90055,36.83681,341.03,0.39,0.36,2024-10-26,1023,N,VIIRS,n,2,294.13,5.65,D,0
38.96648,38.90177,332.75,0.39,0.36,2024-10-26,1023,N,VIIRS,n,2,302.22,3.2,D,0
38.96713,38.9062,333.97,0.39,0.36,2024-10-26,1023,N,VIIRS,n,2,298.84,3.2,D,0
39.05313,36.06679,336.04,0.4,0.37,2024-10-26,1023,N,VIIRS,n,2,295.2,1.94,D,0
39.06494,36.05376,345.82,0.4,0.37,2024-10-26,1023,N,VIIRS,n,2,295.15,3.96,D,0
39.11703,34.96884,343.06,0.43,0.38,2024-10-26,1023,N,VIIRS,n,2,293.21,4.63,D,0
39.13197,36.50981,341.77,0.4,0.37,2024-10-26,1023,N,VIIRS,n,2,293.45,4.93,D,0
39.16667,35.50105,335.28,0.42,0.37,2024-10-26,1023,N,VIIRS,n,2,295.68,2.08,D,0
39.1742,37.48012,340.16,0.39,0.36,2024-10-26,1023,N,VIIRS,n,2,294.94,5.73,D,0
39.19336,35.35436,327.62,0.42,0.38,2024-10-26,1023,N,VIIRS,n,2,295.58,1.48,D,0
39.2634,37.26939,354.13,0.39,0.36,2024-10-26,1023,N,VIIRS,n,2,295.38,7.74,D,0
39.30576,37.40615,327.03,0.39,0.36,2024-10-26,1023,N,VIIRS,n,2,294.82,4.61,D,0
39.30647,37.41059,330.46,0.39,0.36,2024-10-26,1023,N,VIIRS,n,2,293.56,4.88,D,0
39.70329,37.55527,352.5,0.38,0.36,2024-10-26,1023,N,VIIRS,n,2,292.96,12.51,D,0
39.70657,37.55442,335.88,0.38,0.36,2024-10-26,1023,N,VIIRS,n,2,291.1,3.31,D,0
40.02517,44.11362,329.45,0.57,0.43,2024-10-26,1023,N,VIIRS,n,2,282.88,3.17,D,0
37.85196,28.14971,340.32,0.62,0.54,2024-10-26,1024,N,VIIRS,n,2,299.66,7.46,D,0
38.64019,31.13104,343.66,0.42,0.45,2024-10-26,1024,N,VIIRS,n,2,299.66,12.41,D,0
38.64139,31.13226,344.87,0.42,0.45,2024-10-26,1024,N,VIIRS,n,2,296.57,101.84,D,0
38.64848,31.12469,367.0,0.42,0.45,2024-10-26,1024,N,VIIRS,h,2,347.33,159.63,D,0
38.6595,29.52441,348.79,0.5,0.49,2024-10-26,1024,N,VIIRS,n,2,302.5,11.92,D,0
38.66067,31.1204,341.44,0.42,0.45,2024-10-26,1024,N,VIIRS,n,2,302.4,6.71,D,0
38.66697,31.18893,337.75,0.42,0.45,2024-10-26,1024,N,VIIRS,n,2,302.44,4.24,D,0
38.67102,31.18751,356.74,0.42,0.45,2024-10-26,1024,N,VIIRS,n,2,299.75,13.94,D,0
38.78615,26.91456,330.9,0.34,0.56,2024-10-26,1024,N,VIIRS,n,2,292.76,2.05,D,3
39.27823,34.79047,330.02,0.43,0.38,2024-10-26,1024,N,VIIRS,n,2,294.14,2.25,D,0
39.27911,34.7953,331.9,0.43,0.38,2024-10-26,1024,N,VIIRS,n,2,297.01,3.98,D,0
39.33743,35.19607,330.42,0.42,0.38,2024-10-26,1024,N,VIIRS,n,2,295.23,4.9,D,0
39.3594,33.59378,332.38,0.48,0.4,2024-10-26,1024,N,VIIRS,n,2,297.94,2.96,D,0
39.40205,31.29984,331.31,0.4,0.44,2024-10-26,1024,N,VIIRS,n,2,299.01,3.74,D,0
39.43179,33.53908,335.53,0.48,0.4,2024-10-26,1024,N,VIIRS,n,2,299.55,5.34,D,0
39.45007,35.5496,330.49,0.41,0.37,2024-10-26,1024,N,VIIRS,n,2,292.6,2.82,D,0
39.45832,35.33233,325.68,0.42,0.37,2024-10-26,1024,N,VIIRS,n,2,292.99,1.71,D,0
39.50798,35.33915,326.02,0.42,0.37,2024-10-26,1024,N,VIIRS,n,2,294.32,1.44,D,0
39.51392,35.33233,336.37,0.42,0.37,2024-10-26,1024,N,VIIRS,n,2,297.34,8.33,D,0
39.53839,33.40127,342.26,0.48,0.4,2024-10-26,1024,N,VIIRS,n,2,297.58,7.37,D,0
39.54016,33.39922,333.14,0.48,0.4,2024-10-26,1024,N,VIIRS,n,2,296.81,4.06,D,0
39.57863,26.99174,342.13,0.32,0.55,2024-10-26,1024,N,VIIRS,n,2,299.93,5.6,D,0
39.57956,26.99537,367.0,0.32,0.55,2024-10-26,1024,N,VIIRS,h,2,304.34,5.6,D,0
39.58348,26.98969,333.49,0.32,0.55,2024-10-26,1024,N,VIIRS,n,2,296.49,4.74,D,0
39.58441,26.99332,367.0,0.32,0.55,2024-10-26,1024,N,VIIRS,h,2,298.39,4.74,D,0
39.69569,34.71576,339.8,0.43,0.38,2024-10-26,1024,N,VIIRS,n,2,296.01,3.59,D,0
39.83115,35.02639,333.99,0.42,0.38,2024-10-26,1024,N,VIIRS,n,2,297.54,10.67,D,0
39.83457,35.02542,337.06,0.42,0.38,2024-10-26,1024,N,VIIRS,n,2,299.55,10.67,D,0
39.83543,35.03025,332.41,0.42,0.38,2024-10-26,1024,N,VIIRS,n,2,296.63,12.66,D,0
39.94265,33.25784,344.8,0.48,0.4,2024-10-26,1024,N,VIIRS,n,2,295.95,5.48,D,0
39.95545,31.88884,327.28,0.55,0.42,2024-10-26,1024,N,VIIRS,n,2,299.07,1.9,D,0
40.13572,28.12171,339.96,0.54,0.51,2024-10-26,1024,N,VIIRS,n,2,299.57,24.07,D,0
40.14222,28.43431,345.16,0.52,0.5,2024-10-26,1024,N,VIIRS,n,2,299.11,11.97,D,0
40.14787,28.13078,326.06,0.54,0.51,2024-10-26,1024,N,VIIRS,n,2,295.83,2.81,D,0
40.18619,27.58232,327.15,0.58,0.52,2024-10-26,1024,N,VIIRS,n,2,291.88,3.47,D,0
40.19108,27.60196,339.28,0.58,0.52,2024-10-26,1024,N,VIIRS,n,2,293.9,11.11,D,0
40.19271,27.60851,332.85,0.58,0.52,2024-10-26,1024,N,VIIRS,n,2,291.73,11.21,D,0
40.19571,27.60001,327.15,0.58,0.52,2024-10-26,1024,N,VIIRS,n,2,292.6,4.4,D,0
40.19897,27.61312,335.89,0.57,0.52,2024-10-26,1024,N,VIIRS,n,2,293.89,4.54,D,0
40.20017,27.5767,325.59,0.58,0.52,2024-10-26,1024,N,VIIRS,n,2,295.29,4.38,D,0
40.21336,27.65047,347.37,0.57,0.52,2024-10-26,1024,N,VIIRS,n,2,294.46,8.97,D,0
40.25446,34.29657,329.47,0.44,0.38,2024-10-26,1024,N,VIIRS,n,2,297.04,2.9,D,0
40.25793,34.29548,336.19,0.44,0.38,2024-10-26,1024,N,VIIRS,n,2,297.81,2.9,D,0
40.30164,36.37143,327.84,0.39,0.36,2024-10-26,1024,N,VIIRS,n,2,291.36,1.86,D,0
40.31094,36.17683,327.54,0.39,0.37,2024-10-26,1024,N,VIIRS,n,2,292.56,1.87,D,0
40.31127,27.6167,327.4,0.57,0.52,2024-10-26,1024,N,VIIRS,n,2,293.05,3.94,D,0
40.41297,33.30177,341.24,0.47,0.4,2024-10-26,1024,N,VIIRS,n,2,297.36,3.27,D,0
40.41432,35.56072,331.43,0.4,0.37,2024-10-26,1024,N,VIIRS,n,2,293.86,2.15,D,0
40.48481,35.27444,330.39,0.41,0.37,2024-10-26,1024,N,VIIRS,n,2,291.28,4.15,D,0
40.51231,35.65723,334.15,0.4,0.37,2024-10-26,1024,N,VIIRS,n,2,297.98,4.18,D,0
40.62679,26.25956,327.23,0.33,0.55,2024-10-26,1024,N,VIIRS,n,2,292.48,1.01,D,0
40.65621,30.60218,329.88,0.4,0.44,2024-10-26,1024,N,VIIRS,n,2,292.69,4.15,D,0
40.75974,26.14931,351.44,0.33,0.55,2024-10-26,1024,N,VIIRS,n,2,293.02,5.71,D,0
40.76071,26.15308,345.38,0.33,0.55,2024-10-26,1024,N,VIIRS,n,2,292.3,7.21,D,0
40.76692,30.6223,328.8,0.4,0.44,2024-10-26,1024,N,VIIRS,n,2,293.95,2.54,D,0
40.76951,26.14492,343.23,0.33,0.55,2024-10-26,1024,N,VIIRS,n,2,291.98,2.9,D,0
40.77126,26.5058,325.11,0.63,0.54,2024-10-26,1024,N,VIIRS,n,2,294.74,3.42,D,0
40.80081,26.19109,340.93,0.33,0.55,2024-10-26,1024,N,VIIRS,n,2,293.58,3.61,D,0
40.80265,26.18891,367.0,0.33,0.55,2024-10-26,1024,N,VIIRS,h,2,295.42,6.07,D,0
40.80361,26.19267,338.24,0.33,0.55,2024-10-26,1024,N,VIIRS,n,2,292.67,6.37,D,0
40.8047,26.18517,330.7,0.33,0.55,2024-10-26,1024,N,VIIRS,n,2,291.71,3.61,D,0
40.80568,26.18892,367.0,0.33,0.55,2024-10-26,1024,N,VIIRS,h,2,296.04,3.61,D,0
40.82623,26.22568,336.6,0.32,0.55,2024-10-26,1024,N,VIIRS,n,2,293.36,3.84,D,0
40.87755,26.31858,343.06,0.32,0.55,2024-10-26,1024,N,VIIRS,n,2,292.85,2.54,D,0
40.87851,26.32226,333.2,0.32,0.55,2024-10-26,1024,N,VIIRS,n,2,292.36,2.54,D,0
40.88919,26.30106,331.98,0.32,0.55,2024-10-26,1024,N,VIIRS,n,2,293.29,1.84,D,0
40.90311,35.51368,336.69,0.4,0.37,2024-10-26,1024,N,VIIRS,n,2,291.67,2.23,D,0
40.90449,26.33936,355.47,0.32,0.54,2024-10-26,1024,N,VIIRS,n,2,294.51,3.39,D,0
40.90544,26.34303,331.58,0.32,0.54,2024-10-26,1024,N,VIIRS,n,2,293.34,3.39,D,0
40.9094,26.31667,343.15,0.32,0.55,2024-10-26,1024,N,VIIRS,n,2,293.2,3.71,D,0
40.98,34.77729,337.2,0.42,0.37,2024-10-26,1024,N,VIIRS,n,2,294.38,2.61,D,0
40.98447,26.33798,338.9,0.63,0.54,2024-10-26,1024,N,VIIRS,n,2,295.03,7.68,D,0
41.05557,26.34597,335.21,0.63,0.54,2024-10-26,1024,N,VIIRS,n,2,292.58,4.94,D,0
41.05642,26.34649,339.44,0.63,0.54,2024-10-26,1024,N,VIIRS,n,2,292.71,6.22,D,0
41.06831,26.41397,325.55,0.63,0.54,2024-10-26,1024,N,VIIRS,n,2,291.71,4.03,D,0
41.08149,26.52823,326.75,0.62,0.54,2024-10-26,1024,N,VIIRS,n,2,292.31,4.65,D,0
41.1067,26.5649,337.6,0.61,0.54,2024-10-26,1024,N,VIIRS,n,2,294.78,3.98,D,0
41.10707,26.56366,331.2,0.61,0.54,2024-10-26,1024,N,VIIRS,n,2,294.31,4.21,D,0
41.10894,26.57086,325.93,0.61,0.54,2024-10-26,1024,N,VIIRS,n,2,293.36,4.21,D,0
41.17446,32.63409,325.17,0.48,0.4,2024-10-26,1024,N,VIIRS,n,2,294.16,3.33,D,2
41.18214,27.27511,342.8,0.56,0.52,2024-10-26,1024,N,VIIRS,n,2,298.69,9.46,D,0
41.18223,27.27369,339.94,0.56,0.52,2024-10-26,1024,N,VIIRS,n,2,298.85,5.6,D,0
41.20349,26.63062,337.17,0.61,0.53,2024-10-26,1024,N,VIIRS,n,2,295.47,3.69,D,0
41.2051,26.57487,326.76,0.61,0.53,2024-10-26,1024,N,VIIRS,n,2,293.19,0.97,D,0
41.28036,27.25971,339.62,0.56,0.52,2024-10-26,1024,N,VIIRS,n,2,297.87,7.38,D,0
41.28161,27.26482,339.43,0.56,0.52,2024-10-26,1024,N,VIIRS,n,2,297.87,7.86,D,0
41.3201,27.17506,327.39,0.57,0.52,2024-10-26,1024,N,VIIRS,n,2,295.18,3.77,D,0
41.33562,27.4194,336.27,0.55,0.51,2024-10-26,1024,N,VIIRS,n,2,296.16,2.96,D,0
41.40356,26.86201,337.75,0.58,0.52,2024-10-26,1025,N,VIIRS,n,2,295.56,4.39,D,0
41.43389,26.81858,337.16,0.59,0.52,2024-10-26,1025,N,VIIRS,n,2,298.68,4.59,D,0
41.50133,26.62131,340.35,0.6,0.53,2024-10-26,1025,N,VIIRS,n,2,293.75,4.53,D,0
41.50485,26.63508,332.68,0.59,0.53,2024-10-26,1025,N,VIIRS,n,2,292.55,7.33,D,0
41.53881,26.60442,327.99,0.6,0.53,2024-10-26,1025,N,VIIRS,n,2,292.96,6.77,D,0
41.70291,26.55194,332.01,0.59,0.53,2024-10-26,1025,N,VIIRS,n,2,294.5,4.25,D,0
38.17264,27.46975,332.69,0.53,0.67,2024-10-26,1204,N,VIIRS,n,2,299.49,4.02,D,0
38.17528,27.47265,330.11,0.53,0.67,2024-10-26,1204,N,VIIRS,n,2,299.3,3.48,D,0
38.18016,30.02132,367.0,0.72,0.76,2024-10-26,1204,N,VIIRS,h,2,301.67,35.0,D,0
38.57495,28.16376,326.48,0.58,0.7,2024-10-26,1204,N,VIIRS,n,2,297.88,3.01,D,0
39.95758,26.22024,335.6,0.47,0.64,2024-10-26,1205,N,VIIRS,n,2,292.61,3.67,D,0
40.08164,27.60701,329.63,0.55,0.68,2024-10-26,1205,N,VIIRS,n,2,292.05,2.19,D,0
40.12052,28.26592,333.08,0.6,0.7,2024-10-26,1205,N,VIIRS,n,2,293.31,2.39,D,0
40.12247,27.70799,335.18,0.56,0.69,2024-10-26,1205,N,VIIRS,n,2,291.82,3.25,D,0
40.12828,27.9786,337.32,0.58,0.69,2024-10-26,1205,N,VIIRS,n,2,292.2,3.68,D,0
40.19069,27.60478,330.53,0.55,0.68,2024-10-26,1205,N,VIIRS,n,2,292.09,4.8,D,0
40.19173,27.60331,353.99,0.55,0.68,2024-10-26,1205,N,VIIRS,n,2,293.94,9.0,D,0
40.19829,27.6099,335.3,0.55,0.68,2024-10-26,1205,N,VIIRS,n,2,292.17,6.93,D,0
40.74381,26.30083,337.52,0.48,0.64,2024-10-26,1205,N,VIIRS,n,2,292.46,3.09,D,0
40.76114,26.15204,336.74,0.47,0.64,2024-10-26,1205,N,VIIRS,n,2,292.28,4.37,D,0
40.97746,26.35492,331.34,0.48,0.65,2024-10-26,1205,N,VIIRS,n,2,292.68,2.68,D,0
40.98257,26.35684,327.08,0.48,0.65,2024-10-26,1205,N,VIIRS,n,2,292.8,5.87,D,0
41.03239,26.36423,334.67,0.48,0.65,2024-10-26,1205,N,VIIRS,n,2,293.04,3.48,D,0
41.17803,26.54229,343.82,0.49,0.65,2024-10-26,1205,N,VIIRS,n,2,296.55,5.82,D,0
41.17817,26.54108,331.31,0.49,0.65,2024-10-26,1205,N,VIIRS,n,2,295.47,4.23,D,0
41.17836,26.54713,325.18,0.49,0.65,2024-10-26,1205,N,VIIRS,n,2,295.99,4.03,D,0
41.40157,26.86622,338.63,0.51,0.66,2024-10-26,1205,N,VIIRS,n,2,294.66,2.93,D,0
41.40567,26.86428,336.05,0.51,0.66,2024-10-26,1205,N,VIIRS,n,2,294.08,4.01,D,0
41.51665,26.92747,338.48,0.52,0.67,2024-10-26,1205,N,VIIRS,n,2,297.16,6.33,D,0
41.51981,26.93041,347.48,0.52,0.67,2024-10-26,1205,N,VIIRS,n,2,297.94,5.18,D,0
41.63129,26.59642,343.0,0.5,0.66,2024-10-26,1205,N,VIIRS,n,2,294.53,4.92,D,0
41.68781,26.43668,346.52,0.49,0.65,2024-10-26,1205,N,VIIRS,n,2,294.73,8.11,D,0
41.68797,26.44281,367.0,0.49,0.65,2024-10-26,1205,N,VIIRS,h,2,296.27,10.74,D,0
41.68818,26.43399,346.0,0.49,0.65,2024-10-26,1205,N,VIIRS,n,2,294.82,2.93,D,0
41.68836,26.4401,336.44,0.49,0.65,2024-10-26,1205,N,VIIRS,n,2,293.64,5.6,D,0
41.68854,26.44619,344.34,0.49,0.65,2024-10-26,1205,N,VIIRS,n,2,294.35,5.6,D,0
39.95941,33.14365,295.33,0.53,0.67,2024-10-26,2242,N,VIIRS,n,2,275.78,0.58,N,2
41.10897,37.32224,309.88,0.32,0.55,2024-10-26,2242,N,VIIRS,n,2,283.17,1.17,N,2
41.17439,32.63334,303.55,0.57,0.69,2024-10-26,2242,N,VIIRS,n,2,278.75,1.57,N,2
41.17454,32.63446,303.86,0.57,0.69,2024-10-26,2242,N,VIIRS,n,2,278.69,1.97,N,2
41.25642,31.40973,300.11,0.66,0.73,2024-10-26,2242,N,VIIRS,n,2,280.83,2.17,N,0
41.26314,31.42645,304.61,0.66,0.73,2024-10-26,2242,N,VIIRS,n,2,283.28,1.4,N,2
35.51052,44.37534,337.09,0.41,0.37,2024-10-26,2243,N,VIIRS,n,2,285.77,3.57,N,2
35.52507,44.34596,327.5,0.41,0.37,2024-10-26,2243,N,VIIRS,n,2,283.04,4.05,N,2
35.52569,44.34145,331.04,0.41,0.37,2024-10-26,2243,N,VIIRS,n,2,282.26,4.05,N,2
35.52909,44.34217,338.38,0.41,0.37,2024-10-26,2243,N,VIIRS,n,2,284.54,4.05,N,2
35.52972,44.33765,329.38,0.41,0.37,2024-10-26,2243,N,VIIRS,n,2,287.67,8.71,N,2
35.53249,44.34288,308.78,0.41,0.37,2024-10-26,2243,N,VIIRS,n,2,282.28,2.73,N,2
35.53312,44.33838,329.18,0.41,0.37,2024-10-26,2243,N,VIIRS,n,2,289.04,6.68,N,2
35.56506,44.2847,332.9,0.41,0.37,2024-10-26,2243,N,VIIRS,n,2,286.61,3.59,N,2
35.62788,44.00664,324.84,0.42,0.37,2024-10-26,2243,N,VIIRS,n,2,282.3,2.46,N,2
35.63069,44.01195,297.57,0.42,0.37,2024-10-26,2243,N,VIIRS,n,2,280.66,2.46,N,2
35.63132,44.00732,328.17,0.42,0.37,2024-10-26,2243,N,VIIRS,n,2,285.76,2.46,N,2
35.66386,43.96414,337.79,0.42,0.38,2024-10-26,2243,N,VIIRS,n,2,285.99,5.12,N,2
35.67839,44.06651,296.8,0.42,0.37,2024-10-26,2243,N,VIIRS,n,2,282.17,0.87,N,2
35.68251,43.87735,308.9,0.42,0.38,2024-10-26,2243,N,VIIRS,n,2,279.82,15.96,N,2
35.68596,43.87806,337.07,0.42,0.38,2024-10-26,2243,N,VIIRS,n,2,308.26,15.96,N,2
35.68658,43.87341,307.14,0.42,0.38,2024-10-26,2243,N,VIIRS,n,2,281.56,15.96,N,2
35.71336,44.01701,302.36,0.42,0.38,2024-10-26,2243,N,VIIRS,n,2,279.48,0.86,N,0
35.71811,43.76982,296.49,0.43,0.38,2024-10-26,2243,N,VIIRS,n,2,285.09,0.57,N,2
35.72398,44.04298,325.82,0.42,0.37,2024-10-26,2243,N,VIIRS,n,2,284.25,3.24,N,2
35.72461,44.03836,327.73,0.42,0.37,2024-10-26,2243,N,VIIRS,n,2,285.17,2.94,N,2
35.72867,44.03448,325.51,0.42,0.37,2024-10-26,2243,N,VIIRS,n,2,284.26,2.94,N,2
35.77109,43.99373,306.03,0.42,0.38,2024-10-26,2243,N,VIIRS,n,2,283.27,1.22,N,2
35.77454,43.99446,327.65,0.42,0.38,2024-10-26,2243,N,VIIRS,n,2,286.15,2.68,N,2
35.81385,43.25716,298.45,0.44,0.39,2024-10-26,2243,N,VIIRS,n,2,283.22,1.11,N,2
35.83662,43.22143,305.17,0.44,0.39,2024-10-26,2243,N,VIIRS,n,2,282.38,1.55,N,2
35.86008,43.69884,308.59,0.43,0.38,2024-10-26,2243,N,VIIRS,n,2,277.85,1.98,N,0
35.86283,44.2464,298.4,0.41,0.37,2024-10-26,2243,N,VIIRS,n,2,280.59,0.68,N,0
35.86625,44.24712,298.87,0.41,0.37,2024-10-26,2243,N,VIIRS,n,2,280.34,0.68,N,0
35.87608,43.41156,296.44,0.44,0.38,2024-10-26,2243,N,VIIRS,n,2,281.18,0.73,N,0
35.8955,44.18743,298.59,0.41,0.37,2024-10-26,2243,N,VIIRS,n,2,280.13,0.58,N,0
35.92372,43.79173,307.95,0.43,0.38,2024-10-26,2243,N,VIIRS,n,2,280.97,0.83,N,2
35.92435,43.78699,296.96,0.43,0.38,2024-10-26,2243,N,VIIRS,n,2,282.9,0.92,N,2
35.93853,43.76064,339.11,0.43,0.38,2024-10-26,2243,N,VIIRS,n,2,282.65,5.45,N,0
35.95334,43.72955,316.7,0.43,0.38,2024-10-26,2243,N,VIIRS,n,2,283.72,1.6,N,2
35.96634,43.76633,332.22,0.43,0.38,2024-10-26,2243,N,VIIRS,n,2,288.18,8.78,N,2
35.96982,43.76698,329.71,0.43,0.38,2024-10-26,2243,N,VIIRS,n,2,289.09,5.44,N,2
35.97044,43.76228,330.34,0.43,0.38,2024-10-26,2243,N,VIIRS,n,2,289.23,5.44,N,2
35.97268,43.77234,306.63,0.43,0.38,2024-10-26,2243,N,VIIRS,n,2,283.46,1.86,N,2
35.98027,43.76896,308.74,0.43,0.38,2024-10-26,2243,N,VIIRS,n,2,284.6,1.53,N,2
35.99894,43.76291,305.55,0.43,0.38,2024-10-26,2243,N,VIIRS,n,2,282.24,1.08,N,2
36.01659,43.6852,295.84,0.43,0.38,2024-10-26,2243,N,VIIRS,n,2,280.51,0.77,N,2
36.01671,43.68348,309.65,0.43,0.38,2024-10-26,2243,N,VIIRS,n,2,279.85,0.88,N,2
36.01721,43.68041,299.91,0.43,0.38,2024-10-26,2243,N,VIIRS,n,2,279.66,0.77,N,2
36.0202,43.68419,311.67,0.43,0.38,2024-10-26,2243,N,VIIRS,n,2,284.28,0.88,N,2
36.0207,43.68112,304.42,0.43,0.38,2024-10-26,2243,N,VIIRS,n,2,281.49,0.77,N,2
36.03087,44.16579,300.7,0.42,0.37,2024-10-26,2243,N,VIIRS,n,2,280.05,0.61,N,0
36.04951,43.84285,308.41,0.43,0.38,2024-10-26,2243,N,VIIRS,n,2,276.27,1.28,N,0
36.0835,43.63947,317.02,0.43,0.38,2024-10-26,2243,N,VIIRS,n,2,280.28,1.39,N,0
36.09876,43.63267,313.09,0.43,0.38,2024-10-26,2243,N,VIIRS,n,2,279.09,1.17,N,0
36.12611,43.7826,302.39,0.43,0.38,2024-10-26,2243,N,VIIRS,n,2,281.35,0.98,N,2
36.13126,40.81138,296.79,0.57,0.43,2024-10-26,2243,N,VIIRS,n,2,280.02,0.7,N,2
36.13307,43.78405,299.35,0.43,0.38,2024-10-26,2243,N,VIIRS,n,2,286.41,0.82,N,2
36.14324,40.81321,307.82,0.57,0.43,2024-10-26,2243,N,VIIRS,n,2,279.99,1.11,N,2
36.14425,40.81433,310.15,0.57,0.43,2024-10-26,2243,N,VIIRS,n,2,279.92,1.73,N,2
36.14539,43.77192,296.9,0.43,0.38,2024-10-26,2243,N,VIIRS,n,2,285.03,0.66,N,0
36.21559,43.83526,302.0,0.43,0.38,2024-10-26,2243,N,VIIRS,n,2,277.4,0.29,N,0
36.21649,43.83234,299.88,0.43,0.38,2024-10-26,2243,N,VIIRS,n,2,277.45,0.62,N,0
36.22122,43.8235,296.45,0.43,0.38,2024-10-26,2243,N,VIIRS,n,2,277.96,0.63,N,0
36.26211,33.72884,308.06,0.46,0.64,2024-10-26,2243,N,VIIRS,n,2,288.24,1.94,N,2
36.26574,33.72721,307.86,0.46,0.64,2024-10-26,2243,N,VIIRS,n,2,288.9,1.01,N,2
36.26873,43.89619,298.51,0.43,0.38,2024-10-26,2243,N,VIIRS,n,2,275.97,0.39,N,0
36.30656,43.93309,306.77,0.42,0.38,2024-10-26,2243,N,VIIRS,n,2,277.66,1.42,N,0
36.30793,43.93139,305.34,0.43,0.38,2024-10-26,2243,N,VIIRS,n,2,278.42,1.02,N,0
36.35081,42.07569,305.23,0.5,0.41,2024-10-26,2243,N,VIIRS,n,2,287.13,1.53,N,2
36.36972,43.89533,303.12,0.43,0.38,2024-10-26,2243,N,VIIRS,n,2,279.15,1.38,N,0
36.4412,42.92937,304.45,0.46,0.39,2024-10-26,2243,N,VIIRS,n,2,282.36,1.21,N,2
36.44141,42.93189,306.86,0.46,0.39,2024-10-26,2243,N,VIIRS,n,2,284.7,0.93,N,2
36.54738,42.54944,301.62,0.48,0.4,2024-10-26,2243,N,VIIRS,n,2,278.17,1.02,N,0
36.6006,42.32689,298.9,0.49,0.4,2024-10-26,2243,N,VIIRS,n,2,277.64,0.84,N,0
36.6193,43.82801,311.61,0.43,0.38,2024-10-26,2243,N,VIIRS,n,2,279.49,1.21,N,0
36.69514,36.20641,313.93,0.34,0.56,2024-10-26,2243,N,VIIRS,n,2,290.98,1.34,N,2
36.71651,36.20084,303.65,0.34,0.56,2024-10-26,2243,N,VIIRS,n,2,286.75,0.24,N,2
36.73163,36.2102,314.43,0.34,0.56,2024-10-26,2243,N,VIIRS,n,2,293.54,1.38,N,2
36.73176,43.28168,304.12,0.45,0.39,2024-10-26,2243,N,VIIRS,n,2,282.24,0.79,N,2
36.73684,36.21079,304.61,0.34,0.56,2024-10-26,2243,N,VIIRS,n,2,290.27,0.8,N,2
36.74205,36.21141,308.0,0.34,0.56,2024-10-26,2243,N,VIIRS,n,2,291.72,0.8,N,2
36.748,43.49915,300.78,0.44,0.39,2024-10-26,2243,N,VIIRS,n,2,281.81,0.9,N,2
36.76314,42.84788,297.44,0.47,0.4,2024-10-26,2243,N,VIIRS,n,2,280.07,0.78,N,0
36.77421,42.41706,304.82,0.49,0.4,2024-10-26,2243,N,VIIRS,n,2,276.68,1.1,N,0
36.77714,43.32756,313.53,0.45,0.39,2024-10-26,2243,N,VIIRS,n,2,284.92,2.32,N,2
36.77779,43.32244,324.73,0.45,0.39,2024-10-26,2243,N,VIIRS,n,2,284.32,2.32,N,2
36.86819,43.4883,316.23,0.44,0.39,2024-10-26,2243,N,VIIRS,n,2,280.15,2.31,N,2
36.8683,34.76344,307.66,0.41,0.61,2024-10-26,2243,N,VIIRS,n,2,288.24,1.04,N,2
36.86854,34.75891,306.82,0.41,0.61,2024-10-26,2243,N,VIIRS,n,2,287.94,1.04,N,2
36.88167,43.32505,297.24,0.45,0.39,2024-10-26,2243,N,VIIRS,n,2,279.83,0.58,N,0
36.89405,43.42823,317.1,0.45,0.39,2024-10-26,2243,N,VIIRS,n,2,280.15,2.71,N,2
36.89516,43.33391,296.01,0.45,0.39,2024-10-26,2243,N,VIIRS,n,2,277.52,0.49,N,0
36.90628,43.38972,331.06,0.45,0.39,2024-10-26,2243,N,VIIRS,n,2,279.93,3.73,N,2
36.90984,43.39037,302.13,0.45,0.39,2024-10-26,2243,N,VIIRS,n,2,278.75,1.04,N,2
36.91455,41.89695,304.49,0.51,0.41,2024-10-26,2243,N,VIIRS,n,2,277.21,1.06,N,2
36.96247,42.05288,311.86,0.51,0.41,2024-10-26,2243,N,VIIRS,n,2,281.52,1.55,N,2
36.9629,42.08208,301.53,0.51,0.41,2024-10-26,2243,N,VIIRS,n,2,278.57,0.82,N,2
36.98616,41.57191,299.3,0.53,0.42,2024-10-26,2243,N,VIIRS,n,2,279.4,0.78,N,0
37.01161,36.10487,299.67,0.35,0.56,2024-10-26,2243,N,VIIRS,n,2,286.83,0.54,N,2
37.01686,36.10551,301.31,0.35,0.56,2024-10-26,2243,N,VIIRS,n,2,287.57,0.75,N,2
37.02186,36.11002,298.39,0.35,0.56,2024-10-26,2243,N,VIIRS,n,2,288.03,0.98,N,2
37.02211,36.1062,301.74,0.35,0.56,2024-10-26,2243,N,VIIRS,n,2,287.26,0.75,N,2
37.03288,42.17262,297.55,0.5,0.41,2024-10-26,2243,N,VIIRS,n,2,282.03,0.78,N,2
37.03354,42.16697,301.87,0.5,0.41,2024-10-26,2243,N,VIIRS,n,2,281.88,0.78,N,2
37.04782,42.6012,301.73,0.48,0.4,2024-10-26,2243,N,VIIRS,n,2,280.04,0.86,N,0
37.07937,42.55787,305.92,0.48,0.4,2024-10-26,2243,N,VIIRS,n,2,282.55,0.81,N,2
37.21312,40.44303,297.27,0.41,0.45,2024-10-26,2243,N,VIIRS,n,2,284.04,0.48,N,0
37.27634,38.72857,295.82,0.5,0.49,2024-10-26,2243,N,VIIRS,n,2,279.17,0.61,N,2
37.29537,42.05863,295.18,0.51,0.41,2024-10-26,2243,N,VIIRS,n,2,282.0,0.46,N,0
37.29608,40.25445,320.43,0.42,0.45,2024-10-26,2243,N,VIIRS,n,2,285.13,2.08,N,0
37.297,37.15542,296.0,0.61,0.53,2024-10-26,2243,N,VIIRS,n,2,282.49,1.19,N,2
37.35181,37.1607,298.75,0.61,0.53,2024-10-26,2243,N,VIIRS,n,2,282.87,1.23,N,2
37.4758,36.5851,321.91,0.33,0.55,2024-10-26,2243,N,VIIRS,n,2,285.0,1.0,N,0
37.47618,36.57891,301.47,0.33,0.55,2024-10-26,2243,N,VIIRS,n,2,284.89,1.0,N,0
37.59904,41.26624,301.85,0.56,0.43,2024-10-26,2243,N,VIIRS,n,2,275.39,1.01,N,0
37.67111,40.93938,313.43,0.39,0.44,2024-10-26,2243,N,VIIRS,n,2,279.14,1.73,N,0
37.67469,40.94445,303.43,0.39,0.44,2024-10-26,2243,N,VIIRS,n,2,277.17,0.95,N,0
37.67515,40.93996,308.64,0.39,0.44,2024-10-26,2243,N,VIIRS,n,2,277.52,0.95,N,0
37.69492,40.94724,296.4,0.39,0.44,2024-10-26,2243,N,VIIRS,n,2,277.57,0.98,N,0
37.69538,40.94279,310.76,0.39,0.44,2024-10-26,2243,N,VIIRS,n,2,278.53,0.98,N,0
37.69585,40.93833,327.1,0.39,0.44,2024-10-26,2243,N,VIIRS,n,2,279.65,2.1,N,0
37.69631,40.93385,305.73,0.39,0.44,2024-10-26,2243,N,VIIRS,n,2,278.17,2.1,N,0
37.69677,40.92937,295.56,0.39,0.44,2024-10-26,2243,N,VIIRS,n,2,277.81,0.74,N,0
37.69943,40.94336,335.97,0.39,0.44,2024-10-26,2243,N,VIIRS,n,2,279.23,8.82,N,0
37.70128,40.92556,311.82,0.39,0.44,2024-10-26,2243,N,VIIRS,n,2,277.72,1.95,N,0
37.70219,40.91677,340.11,0.39,0.44,2024-10-26,2243,N,VIIRS,n,2,278.95,3.07,N,0
37.70253,40.95292,337.83,0.39,0.44,2024-10-26,2243,N,VIIRS,n,2,285.82,9.15,N,0
37.70264,40.91237,295.34,0.39,0.44,2024-10-26,2243,N,VIIRS,n,2,278.68,2.15,N,0
37.70449,40.43799,305.18,0.41,0.45,2024-10-26,2243,N,VIIRS,n,2,277.16,1.08,N,0
37.70486,40.93057,310.4,0.39,0.44,2024-10-26,2243,N,VIIRS,n,2,278.25,1.95,N,0
37.70533,40.92614,332.06,0.39,0.44,2024-10-26,2243,N,VIIRS,n,2,279.72,1.95,N,0
37.70624,40.91737,326.4,0.39,0.44,2024-10-26,2243,N,VIIRS,n,2,279.31,3.07,N,0
37.71249,40.93621,330.87,0.39,0.44,2024-10-26,2243,N,VIIRS,n,2,279.31,1.86,N,0
37.72306,40.87434,315.63,0.39,0.44,2024-10-26,2243,N,VIIRS,n,2,278.68,1.62,N,0
37.74833,40.908,296.41,0.39,0.44,2024-10-26,2243,N,VIIRS,n,2,277.14,0.89,N,0
37.75193,40.91311,296.01,0.39,0.44,2024-10-26,2243,N,VIIRS,n,2,278.37,0.96,N,0
37.75239,40.90858,318.94,0.39,0.44,2024-10-26,2243,N,VIIRS,n,2,278.58,2.05,N,0
37.75822,41.01304,303.1,0.39,0.44,2024-10-26,2243,N,VIIRS,n,2,279.32,0.81,N,0
37.75942,38.5738,296.51,0.52,0.5,2024-10-26,2243,N,VIIRS,n,2,283.01,0.53,N,0
37.76011,38.67971,298.12,0.51,0.49,2024-10-26,2243,N,VIIRS,n,2,284.64,0.73,N,0
37.77721,40.82553,299.77,0.39,0.44,2024-10-26,2243,N,VIIRS,n,2,278.12,1.35,N,0
37.78961,38.12814,301.47,0.55,0.51,2024-10-26,2243,N,VIIRS,n,2,281.23,1.32,N,0
37.8487,40.69325,298.59,0.4,0.44,2024-10-26,2243,N,VIIRS,n,2,277.69,0.58,N,0
37.94353,41.58979,304.79,0.55,0.42,2024-10-26,2243,N,VIIRS,n,2,275.53,1.56,N,0
37.94421,41.58345,311.82,0.55,0.42,2024-10-26,2243,N,VIIRS,n,2,276.09,1.56,N,0
37.98277,41.29853,330.33,0.56,0.43,2024-10-26,2243,N,VIIRS,n,2,279.0,4.68,N,0
37.99141,41.55336,296.85,0.55,0.43,2024-10-26,2243,N,VIIRS,n,2,275.32,0.88,N,0
37.99405,41.30662,312.91,0.56,0.43,2024-10-26,2243,N,VIIRS,n,2,277.34,2.74,N,0
37.99405,41.55474,299.33,0.55,0.43,2024-10-26,2243,N,VIIRS,n,2,275.28,1.52,N,0
37.99535,41.55389,295.82,0.55,0.43,2024-10-26,2243,N,VIIRS,n,2,275.32,1.02,N,0
37.99605,41.28782,296.6,0.56,0.43,2024-10-26,2243,N,VIIRS,n,2,277.06,0.62,N,0
37.99734,41.31357,311.59,0.56,0.43,2024-10-26,2243,N,VIIRS,n,2,275.09,1.83,N,0
37.99798,41.55531,299.73,0.55,0.43,2024-10-26,2243,N,VIIRS,n,2,274.69,1.61,N,0
37.99802,41.30723,317.94,0.56,0.43,2024-10-26,2243,N,VIIRS,n,2,277.67,1.83,N,0
37.9987,41.30093,298.9,0.56,0.43,2024-10-26,2243,N,VIIRS,n,2,276.62,1.7,N,0
37.99929,41.55447,304.7,0.55,0.43,2024-10-26,2243,N,VIIRS,n,2,275.3,1.02,N,0
38.00131,41.31431,303.76,0.56,0.43,2024-10-26,2243,N,VIIRS,n,2,276.71,1.83,N,0
38.00274,41.26306,306.38,0.57,0.43,2024-10-26,2243,N,VIIRS,n,2,278.18,1.7,N,0
38.00597,41.30859,313.39,0.56,0.43,2024-10-26,2243,N,VIIRS,n,2,276.27,1.63,N,0
38.00726,41.30967,299.68,0.56,0.43,2024-10-26,2243,N,VIIRS,n,2,275.51,0.93,N,0
38.00792,41.30323,300.58,0.56,0.43,2024-10-26,2243,N,VIIRS,n,2,276.27,0.93,N,0
38.01063,41.30287,298.04,0.56,0.43,2024-10-26,2243,N,VIIRS,n,2,276.8,2.69,N,0
38.01808,41.07933,295.26,0.39,0.44,2024-10-26,2243,N,VIIRS,n,2,276.66,0.43,N,0
38.01899,41.07062,295.15,0.39,0.44,2024-10-26,2243,N,VIIRS,n,2,276.66,0.96,N,0
38.02573,40.72242,303.2,0.4,0.44,2024-10-26,2243,N,VIIRS,n,2,277.74,1.0,N,0
38.02603,41.12036,303.28,0.38,0.43,2024-10-26,2243,N,VIIRS,n,2,279.18,0.87,N,0
38.03134,41.54225,300.55,0.55,0.43,2024-10-26,2243,N,VIIRS,n,2,276.61,0.89,N,0
38.03472,41.51034,299.47,0.55,0.43,2024-10-26,2243,N,VIIRS,n,2,276.88,1.35,N,0
38.05959,40.67625,319.22,0.4,0.45,2024-10-26,2243,N,VIIRS,n,2,277.28,3.34,N,0
38.06007,40.67145,341.17,0.4,0.45,2024-10-26,2243,N,VIIRS,n,2,278.67,3.34,N,0
38.06491,39.10815,296.02,0.49,0.48,2024-10-26,2243,N,VIIRS,n,2,282.88,0.7,N,0
38.06889,39.11461,319.94,0.49,0.48,2024-10-26,2243,N,VIIRS,n,2,284.66,2.73,N,0
38.0693,39.10991,314.2,0.49,0.48,2024-10-26,2243,N,VIIRS,n,2,284.61,2.73,N,0
38.06971,39.10521,318.63,0.49,0.48,2024-10-26,2243,N,VIIRS,n,2,283.75,4.31,N,0
38.07012,39.10039,335.13,0.49,0.48,2024-10-26,2243,N,VIIRS,n,2,283.21,4.31,N,0
38.07251,39.12519,296.37,0.49,0.48,2024-10-26,2243,N,VIIRS,n,2,283.92,1.73,N,0
38.07451,39.10214,332.48,0.49,0.48,2024-10-26,2243,N,VIIRS,n,2,283.52,4.31,N,0
38.07692,39.12672,321.34,0.49,0.48,2024-10-26,2243,N,VIIRS,n,2,284.01,4.0,N,0
38.07893,39.10356,298.8,0.49,0.48,2024-10-26,2243,N,VIIRS,n,2,278.96,1.33,N,0
38.07937,39.09845,307.34,0.49,0.48,2024-10-26,2243,N,VIIRS,n,2,278.33,1.0,N,0
38.10424,39.95528,297.32,0.44,0.46,2024-10-26,2243,N,VIIRS,n,2,276.2,0.84,N,0
38.1298,41.02958,296.93,0.39,0.44,2024-10-26,2243,N,VIIRS,n,2,279.52,0.41,N,0
38.22677,40.5027,318.51,0.41,0.45,2024-10-26,2243,N,VIIRS,n,2,280.13,1.37,N,0
38.27934,39.74195,295.11,0.45,0.47,2024-10-26,2243,N,VIIRS,n,2,281.44,0.58,N,2
38.2968,41.87652,309.75,0.53,0.42,2024-10-26,2243,N,VIIRS,n,2,276.57,2.56,N,0
41.70382,33.9055,311.9,0.6,0.53,2024-10-27,22,N,VIIRS,n,2,271.91,1.83,N,0
37.01383,36.10849,296.37,0.51,0.66,2024-10-27,23,N,VIIRS,n,2,286.07,0.85,N,0
37.02076,36.10503,298.01,0.51,0.66,2024-10-27,23,N,VIIRS,n,2,283.77,0.68,N,2
37.02141,36.1051,296.05,0.51,0.66,2024-10-27,23,N,VIIRS,n,2,283.44,0.85,N,2
37.35158,37.16294,300.63,0.57,0.69,2024-10-27,23,N,VIIRS,n,2,282.87,0.83,N,2
37.35302,37.16269,298.78,0.57,0.69,2024-10-27,23,N,VIIRS,n,2,282.14,1.06,N,2
38.3637,38.39628,306.43,0.61,0.71,2024-10-27,23,N,VIIRS,n,2,275.81,1.33,N,0
38.3648,38.39972,306.68,0.61,0.71,2024-10-27,23,N,VIIRS,n,2,275.66,1.05,N,0
38.63654,31.13002,300.29,0.52,0.5,2024-10-27,23,N,VIIRS,n,2,275.69,1.75,N,0
38.64818,31.12186,303.61,0.52,0.5,2024-10-27,23,N,VIIRS,n,2,279.04,3.33,N,0
38.65967,30.61972,296.64,0.49,0.49,2024-10-27,23,N,VIIRS,n,2,276.18,0.98,N,2
38.76485,30.68442,296.1,0.49,0.49,2024-10-27,23,N,VIIRS,n,2,272.9,0.44,N,0
39.09252,27.51202,297.79,0.51,0.41,2024-10-27,23,N,VIIRS,n,2,282.19,1.1,N,0
39.11045,27.59277,296.31,0.52,0.41,2024-10-27,23,N,VIIRS,n,2,282.53,0.34,N,0
39.1662,27.63162,306.24,0.52,0.41,2024-10-27,23,N,VIIRS,n,2,283.42,1.27,N,2
39.60115,33.29347,298.21,0.63,0.54,2024-10-27,23,N,VIIRS,n,2,275.66,1.24,N,0
39.86631,26.24292,314.19,0.45,0.39,2024-10-27,23,N,VIIRS,n,2,284.85,1.42,N,2
40.74631,29.76816,297.34,0.4,0.44,2024-10-27,23,N,VIIRS,n,2,286.98,0.66,N,0
40.74731,29.76355,298.37,0.4,0.44,2024-10-27,23,N,VIIRS,n,2,286.73,0.92,N,0
40.75626,29.76191,297.91,0.4,0.44,2024-10-27,23,N,VIIRS,n,2,284.18,0.69,N,2
40.76459,29.52758,304.08,0.39,0.44,2024-10-27,23,N,VIIRS,n,2,287.99,1.38,N,3
41.01797,28.55603,303.54,0.52,0.42,2024-10-27,23,N,VIIRS,n,2,283.18,0.79,N,2
41.01977,28.55618,309.4,0.52,0.42,2024-10-27,23,N,VIIRS,n,2,284.36,1.39,N,2
41.0217,28.55743,297.26,0.52,0.42,2024-10-27,23,N,VIIRS,n,2,283.49,0.79,N,2
41.17402,32.62964,297.75,0.54,0.5,2024-10-27,23,N,VIIRS,n,2,277.19,0.91,N,2
41.25595,31.41275,321.34,0.47,0.47,2024-10-27,23,N,VIIRS,n,2,281.35,2.14,N,2
41.26344,31.4229,300.52,0.47,0.47,2024-10-27,23,N,VIIRS,n,2,283.32,1.12,N,2
41.26737,31.4234,302.4,0.47,0.47,2024-10-27,23,N,VIIRS,n,2,283.51,2.49,N,2
41.26766,31.42463,301.15,0.47,0.47,2024-10-27,23,N,VIIRS,n,2,283.65,1.12,N,2
41.79588,26.70041,300.49,0.44,0.38,2024-10-27,23,N,VIIRS,n,2,276.83,0.86,N,2
41.81866,27.78231,295.27,0.47,0.4,2024-10-27,23,N,VIIRS,n,2,276.24,0.26,N,0
36.69431,36.20638,304.85,0.53,0.67,2024-10-27,24,N,VIIRS,n,2,289.69,1.28,N,2
36.71548,36.20277,301.12,0.53,0.67,2024-10-27,24,N,VIIRS,n,2,285.46,1.03,N,2
36.86944,34.76311,300.97,0.44,0.62,2024-10-27,24,N,VIIRS,n,2,288.41,1.06,N,2
37.70317,29.0028,303.38,0.43,0.46,2024-10-27,24,N,VIIRS,n,2,282.41,2.16,N,0
37.70478,28.99537,309.8,0.43,0.46,2024-10-27,24,N,VIIRS,n,2,276.01,1.14,N,0
37.70647,29.00887,307.74,0.43,0.46,2024-10-27,24,N,VIIRS,n,2,283.36,1.45,N,0
37.7071,29.005,315.51,0.43,0.46,2024-10-27,24,N,VIIRS,n,2,284.83,2.16,N,0
37.70807,29.0018,313.23,0.43,0.46,2024-10-27,24,N,VIIRS,n,2,282.81,1.45,N,0
37.70885,28.99686,303.18,0.43,0.46,2024-10-27,24,N,VIIRS,n,2,274.24,1.14,N,0
37.70918,29.01641,305.81,0.43,0.46,2024-10-27,24,N,VIIRS,n,2,283.49,1.05,N,0
37.70977,29.01295,314.77,0.43,0.46,2024-10-27,24,N,VIIRS,n,2,284.86,2.44,N,0
37.71055,29.01032,302.19,0.43,0.46,2024-10-27,24,N,VIIRS,n,2,284.07,1.45,N,0
37.71382,29.0146,312.96,0.43,0.46,2024-10-27,24,N,VIIRS,n,2,285.42,2.44,N,0
37.71457,29.01205,315.6,0.43,0.46,2024-10-27,24,N,VIIRS,n,2,285.77,2.55,N,0
37.72253,29.01586,303.44,0.43,0.46,2024-10-27,24,N,VIIRS,n,2,283.79,2.04,N,0
37.72509,29.00444,316.28,0.43,0.46,2024-10-27,24,N,VIIRS,n,2,283.79,1.68,N,0
37.72535,29.02297,320.3,0.43,0.46,2024-10-27,24,N,VIIRS,n,2,282.89,2.48,N,0
37.72617,28.99961,300.93,0.43,0.46,2024-10-27,24,N,VIIRS,n,2,282.7,1.68,N,0
37.72658,29.01749,302.35,0.43,0.46,2024-10-27,24,N,VIIRS,n,2,282.68,2.04,N,0
37.80038,31.89159,295.21,0.6,0.53,2024-10-27,24,N,VIIRS,n,2,271.81,0.59,N,0
38.13052,30.025,310.54,0.47,0.48,2024-10-27,24,N,VIIRS,n,2,277.99,1.36,N,0
38.42439,27.2161,303.36,0.51,0.41,2024-10-27,24,N,VIIRS,n,2,284.48,1.56,N,0
38.42744,27.21829,300.77,0.51,0.41,2024-10-27,24,N,VIIRS,n,2,285.68,1.64,N,2
38.73763,26.93095,300.95,0.49,0.4,2024-10-27,24,N,VIIRS,n,2,286.65,1.01,N,2
38.74158,26.95006,325.64,0.49,0.4,2024-10-27,24,N,VIIRS,n,2,287.43,3.52,N,2
38.75223,26.93569,302.88,0.49,0.4,2024-10-27,24,N,VIIRS,n,2,283.08,1.07,N,0
38.78693,26.91746,304.49,0.49,0.4,2024-10-27,24,N,VIIRS,n,2,287.11,2.03,N,3
35.51128,44.37407,339.22,0.38,0.36,2024-10-27,1003,N,VIIRS,n,2,310.93,5.09,D,2
35.52731,44.34431,346.42,0.38,0.36,2024-10-27,1003,N,VIIRS,n,2,308.39,6.2,D,2
35.56264,44.28402,338.31,0.38,0.36,2024-10-27,1003,N,VIIRS,n,2,307.41,5.05,D,2
35.56594,44.28328,344.35,0.38,0.36,2024-10-27,1003,N,VIIRS,n,2,307.35,5.05,D,2
35.61098,44.35613,347.2,0.38,0.36,2024-10-27,1003,N,VIIRS,n,2,304.4,5.38,D,0
35.62911,44.00783,345.58,0.38,0.36,2024-10-27,1003,N,VIIRS,n,2,314.04,15.11,D,2
35.66316,43.966,344.02,0.38,0.36,2024-10-27,1003,N,VIIRS,n,2,312.69,8.71,D,2
35.67184,43.62297,343.85,0.38,0.36,2024-10-27,1003,N,VIIRS,n,2,308.42,5.41,D,0
35.67673,44.34647,339.95,0.38,0.36,2024-10-27,1003,N,VIIRS,n,2,305.06,1.95,D,0
35.68718,43.87744,347.96,0.38,0.36,2024-10-27,1003,N,VIIRS,n,2,307.83,29.49,D,2
35.68771,43.54918,335.11,0.38,0.36,2024-10-27,1003,N,VIIRS,n,2,306.23,2.17,D,0
35.72814,44.0342,339.28,0.38,0.36,2024-10-27,1003,N,VIIRS,n,2,307.82,3.44,D,2
35.74189,43.87796,346.75,0.38,0.36,2024-10-27,1003,N,VIIRS,n,2,307.33,5.71,D,0
35.74519,43.87721,336.18,0.38,0.36,2024-10-27,1003,N,VIIRS,n,2,302.72,2.54,D,0
35.77374,43.9975,335.02,0.38,0.36,2024-10-27,1003,N,VIIRS,n,2,309.31,3.75,D,2
35.77572,44.14577,333.45,0.38,0.36,2024-10-27,1003,N,VIIRS,n,2,303.11,1.1,D,0
35.81472,43.25791,335.32,0.39,0.36,2024-10-27,1003,N,VIIRS,n,2,306.46,0.96,D,2
35.83292,44.35258,330.44,0.39,0.36,2024-10-27,1003,N,VIIRS,n,2,304.71,2.39,D,0
35.85408,44.24258,337.06,0.38,0.36,2024-10-27,1003,N,VIIRS,n,2,307.98,2.1,D,0
35.86855,44.24807,343.86,0.38,0.36,2024-10-27,1003,N,VIIRS,n,2,310.0,2.76,D,0
35.9249,43.78986,336.43,0.38,0.36,2024-10-27,1003,N,VIIRS,n,2,306.58,2.57,D,2
35.96828,43.7674,345.98,0.38,0.36,2024-10-27,1003,N,VIIRS,n,2,306.63,8.04,D,2
35.97093,43.7624,335.74,0.38,0.36,2024-10-27,1003,N,VIIRS,n,2,304.83,2.9,D,2
35.99989,44.47062,339.49,0.39,0.36,2024-10-27,1003,N,VIIRS,n,2,307.28,2.74,D,0
36.216,43.83465,344.65,0.38,0.36,2024-10-27,1003,N,VIIRS,n,2,307.14,3.06,D,0
36.21865,43.82964,339.49,0.38,0.36,2024-10-27,1003,N,VIIRS,n,2,308.65,4.84,D,0
36.2193,43.83389,342.85,0.38,0.36,2024-10-27,1003,N,VIIRS,n,2,306.86,3.24,D,0
36.2498,43.76517,335.79,0.38,0.36,2024-10-27,1003,N,VIIRS,n,2,307.93,2.55,D,0
36.27939,43.49483,340.93,0.38,0.36,2024-10-27,1003,N,VIIRS,n,2,310.81,3.49,D,0
36.3755,43.6148,355.1,0.38,0.36,2024-10-27,1003,N,VIIRS,n,2,310.01,23.85,D,0
36.37615,43.61906,337.18,0.38,0.36,2024-10-27,1003,N,VIIRS,n,2,306.23,23.85,D,0
36.37879,43.61403,349.4,0.38,0.36,2024-10-27,1003,N,VIIRS,n,2,313.58,23.85,D,0
36.42776,44.00401,335.02,0.38,0.36,2024-10-27,1003,N,VIIRS,n,2,307.03,2.73,D,0
36.44409,43.5501,340.0,0.38,0.36,2024-10-27,1003,N,VIIRS,n,2,308.69,5.26,D,0
36.44474,43.55436,334.88,0.38,0.36,2024-10-27,1003,N,VIIRS,n,2,309.13,4.05,D,0
36.49352,43.87408,334.81,0.38,0.36,2024-10-27,1003,N,VIIRS,n,2,303.98,3.22,D,0
35.79178,36.24388,343.29,0.46,0.47,2024-10-27,1004,N,VIIRS,n,2,308.29,16.24,D,0
36.13896,37.74438,332.28,0.57,0.43,2024-10-27,1004,N,VIIRS,n,2,301.58,3.24,D,0
36.14275,37.70193,330.89,0.38,0.43,2024-10-27,1004,N,VIIRS,n,2,299.91,2.62,D,0
36.14454,40.81814,336.35,0.43,0.38,2024-10-27,1004,N,VIIRS,n,2,306.84,1.98,D,2
36.14657,37.82181,332.41,0.57,0.43,2024-10-27,1004,N,VIIRS,n,2,302.17,3.44,D,0
36.15268,37.52473,332.48,0.39,0.44,2024-10-27,1004,N,VIIRS,n,2,301.83,2.24,D,0
36.18822,37.69402,332.52,0.38,0.43,2024-10-27,1004,N,VIIRS,n,2,302.8,2.65,D,0
36.19001,37.48117,339.09,0.39,0.44,2024-10-27,1004,N,VIIRS,n,2,301.27,2.65,D,0
36.21937,36.99338,341.12,0.41,0.45,2024-10-27,1004,N,VIIRS,n,2,307.29,2.98,D,0
36.33004,33.98627,333.65,0.59,0.53,2024-10-27,1004,N,VIIRS,n,2,301.12,5.35,D,0
36.33333,33.95698,348.17,0.59,0.53,2024-10-27,1004,N,VIIRS,n,2,301.3,5.27,D,0
36.3364,33.95619,341.48,0.59,0.53,2024-10-27,1004,N,VIIRS,n,2,297.93,10.42,D,0
36.33797,33.98363,332.11,0.59,0.53,2024-10-27,1004,N,VIIRS,n,2,300.49,4.29,D,0
36.43543,37.37914,339.27,0.39,0.44,2024-10-27,1004,N,VIIRS,n,2,305.28,2.92,D,0
36.46562,43.14312,335.46,0.39,0.36,2024-10-27,1004,N,VIIRS,n,2,306.52,2.38,D,0
36.50453,43.1293,341.81,0.39,0.36,2024-10-27,1004,N,VIIRS,n,2,307.08,2.39,D,0
36.50783,43.1285,338.28,0.39,0.36,2024-10-27,1004,N,VIIRS,n,2,305.91,2.39,D,0
36.52829,42.8973,339.8,0.39,0.36,2024-10-27,1004,N,VIIRS,n,2,306.88,1.99,D,0
36.63768,43.73173,344.6,0.38,0.36,2024-10-27,1004,N,VIIRS,n,2,312.39,7.44,D,0
36.63968,43.72242,337.81,0.38,0.36,2024-10-27,1004,N,VIIRS,n,2,309.21,2.19,D,0
36.64433,43.70806,337.47,0.38,0.36,2024-10-27,1004,N,VIIRS,n,2,309.83,2.1,D,0
36.66304,43.42916,332.86,0.38,0.36,2024-10-27,1004,N,VIIRS,n,2,306.31,0.87,D,0
36.7131,43.73718,347.0,0.38,0.36,2024-10-27,1004,N,VIIRS,n,2,307.35,4.25,D,0
36.7198,39.39688,337.59,0.47,0.4,2024-10-27,1004,N,VIIRS,n,2,304.98,3.66,D,0
36.72253,43.07547,336.31,0.39,0.36,2024-10-27,1004,N,VIIRS,n,2,306.69,2.29,D,0
36.73305,34.99136,341.91,0.51,0.49,2024-10-27,1004,N,VIIRS,n,2,307.2,8.25,D,0
36.74192,39.03889,341.75,0.49,0.4,2024-10-27,1004,N,VIIRS,n,2,298.93,5.6,D,0
36.77528,43.32515,339.01,0.38,0.36,2024-10-27,1004,N,VIIRS,n,2,307.95,7.3,D,2
36.78803,43.12198,344.44,0.39,0.36,2024-10-27,1004,N,VIIRS,n,2,313.65,26.57,D,0
36.82272,40.86293,337.74,0.42,0.38,2024-10-27,1004,N,VIIRS,n,2,309.11,2.26,D,0
36.83031,42.80899,348.4,0.39,0.36,2024-10-27,1004,N,VIIRS,n,2,311.72,14.83,D,0
36.84775,35.45127,329.5,0.48,0.48,2024-10-27,1004,N,VIIRS,n,2,302.98,1.73,D,0
36.90214,43.3314,346.72,0.38,0.36,2024-10-27,1004,N,VIIRS,n,2,300.72,3.33,D,0
36.90477,43.32632,336.5,0.38,0.36,2024-10-27,1004,N,VIIRS,n,2,299.91,3.33,D,0
36.90543,43.33061,337.05,0.38,0.36,2024-10-27,1004,N,VIIRS,n,2,298.17,3.33,D,0
36.91835,38.27572,337.0,0.52,0.42,2024-10-27,1004,N,VIIRS,n,2,303.43,3.07,D,0
36.9195,38.28149,331.11,0.52,0.42,2024-10-27,1004,N,VIIRS,n,2,304.43,3.07,D,0
36.92561,43.79515,330.25,0.38,0.36,2024-10-27,1004,N,VIIRS,n,2,298.19,2.15,D,0
36.93486,30.61794,328.21,0.43,0.62,2024-10-27,1004,N,VIIRS,n,2,299.14,2.0,D,0
36.93908,40.55611,342.27,0.43,0.38,2024-10-27,1004,N,VIIRS,n,2,309.96,3.55,D,0
36.94263,37.97102,339.18,0.54,0.42,2024-10-27,1004,N,VIIRS,n,2,302.09,4.78,D,0
36.96267,42.28164,337.53,0.39,0.36,2024-10-27,1004,N,VIIRS,n,2,307.71,2.56,D,0
36.96471,42.69147,340.94,0.39,0.36,2024-10-27,1004,N,VIIRS,n,2,307.21,2.47,D,0
36.98213,40.41009,338.36,0.43,0.38,2024-10-27,1004,N,VIIRS,n,2,307.4,2.88,D,0
36.98426,42.74958,338.86,0.39,0.36,2024-10-27,1004,N,VIIRS,n,2,307.77,3.64,D,0
36.98757,42.74878,348.58,0.39,0.36,2024-10-27,1004,N,VIIRS,n,2,309.34,9.42,D,0
36.99376,40.11301,331.56,0.44,0.39,2024-10-27,1004,N,VIIRS,n,2,301.39,2.2,D,0
36.99726,40.11202,348.16,0.44,0.39,2024-10-27,1004,N,VIIRS,n,2,306.86,12.02,D,0
37.00114,39.12724,335.47,0.48,0.4,2024-10-27,1004,N,VIIRS,n,2,307.84,23.19,D,0
37.00154,40.09529,334.73,0.44,0.39,2024-10-27,1004,N,VIIRS,n,2,305.62,8.49,D,0
37.00505,40.95187,336.12,0.42,0.37,2024-10-27,1004,N,VIIRS,n,2,307.78,2.19,D,0
37.00536,40.53958,333.41,0.43,0.38,2024-10-27,1004,N,VIIRS,n,2,307.93,1.67,D,0
37.01315,40.13845,343.5,0.44,0.38,2024-10-27,1004,N,VIIRS,n,2,300.92,6.92,D,0
37.02613,39.04473,340.81,0.48,0.4,2024-10-27,1004,N,VIIRS,n,2,305.32,7.38,D,0
37.0289,40.14429,335.21,0.44,0.38,2024-10-27,1004,N,VIIRS,n,2,302.77,6.78,D,0
37.02958,36.69852,332.01,0.41,0.45,2024-10-27,1004,N,VIIRS,n,2,305.22,2.2,D,0
37.05476,39.01361,333.14,0.49,0.4,2024-10-27,1004,N,VIIRS,n,2,302.03,2.91,D,0
37.05614,39.12072,355.65,0.48,0.4,2024-10-27,1004,N,VIIRS,n,2,309.82,20.32,D,0
37.06863,38.28741,339.01,0.52,0.42,2024-10-27,1004,N,VIIRS,n,2,305.7,4.53,D,0
37.07035,38.28889,343.28,0.52,0.42,2024-10-27,1004,N,VIIRS,n,2,306.13,4.29,D,0
37.07287,39.04791,333.01,0.48,0.4,2024-10-27,1004,N,VIIRS,n,2,301.89,10.74,D,0
37.0797,41.97436,356.12,0.4,0.37,2024-10-27,1004,N,VIIRS,n,2,316.15,16.33,D,0
37.08304,41.97351,345.14,0.4,0.37,2024-10-27,1004,N,VIIRS,n,2,313.12,16.33,D,0
37.08333,39.02216,333.16,0.48,0.4,2024-10-27,1004,N,VIIRS,n,2,301.51,4.23,D,0
37.08466,41.9744,343.22,0.4,0.37,2024-10-27,1004,N,VIIRS,n,2,307.92,7.38,D,0
37.13943,41.96959,349.26,0.4,0.37,2024-10-27,1004,N,VIIRS,n,2,307.19,4.76,D,0
37.14016,41.97399,335.39,0.4,0.37,2024-10-27,1004,N,VIIRS,n,2,306.21,2.76,D,0
37.14112,38.89392,333.88,0.49,0.4,2024-10-27,1004,N,VIIRS,n,2,303.36,4.65,D,0
37.14703,35.73804,343.59,0.46,0.47,2024-10-27,1004,N,VIIRS,n,2,307.17,6.02,D,0
37.15925,41.81674,331.78,0.4,0.37,2024-10-27,1004,N,VIIRS,n,2,306.36,1.39,D,0
37.165,35.94162,332.42,0.45,0.47,2024-10-27,1004,N,VIIRS,n,2,306.88,2.2,D,0
37.17478,39.84802,355.22,0.45,0.39,2024-10-27,1004,N,VIIRS,n,2,305.56,10.1,D,0
37.1783,39.84703,344.38,0.45,0.39,2024-10-27,1004,N,VIIRS,n,2,296.99,10.1,D,0
37.19082,35.26001,336.38,0.48,0.48,2024-10-27,1004,N,VIIRS,n,2,305.61,3.8,D,0
37.1964,38.95005,338.18,0.49,0.4,2024-10-27,1004,N,VIIRS,n,2,306.22,3.9,D,0
37.19848,38.95179,343.91,0.49,0.4,2024-10-27,1004,N,VIIRS,n,2,306.81,5.36,D,0
37.20995,40.48131,342.95,0.43,0.38,2024-10-27,1004,N,VIIRS,n,2,306.31,5.38,D,0
37.25042,40.70885,334.59,0.42,0.38,2024-10-27,1004,N,VIIRS,n,2,304.72,3.76,D,0
37.2646,36.80713,357.36,0.4,0.44,2024-10-27,1004,N,VIIRS,n,2,308.72,9.49,D,0
37.29699,41.38109,341.67,0.41,0.37,2024-10-27,1004,N,VIIRS,n,2,302.09,1.7,D,0
37.31422,38.77457,347.08,0.49,0.4,2024-10-27,1004,N,VIIRS,n,2,305.01,10.63,D,0
37.3378,38.7963,334.08,0.49,0.4,2024-10-27,1004,N,VIIRS,n,2,303.83,3.06,D,0
37.34823,37.10411,354.38,0.39,0.44,2024-10-27,1004,N,VIIRS,n,2,305.39,13.38,D,0
37.36538,31.92814,330.59,0.36,0.57,2024-10-27,1004,N,VIIRS,n,2,297.07,1.52,D,0
37.36888,39.11666,335.46,0.48,0.4,2024-10-27,1004,N,VIIRS,n,2,303.86,2.06,D,0
37.36989,39.12192,332.41,0.48,0.4,2024-10-27,1004,N,VIIRS,n,2,303.66,1.73,D,0
37.39885,31.94936,334.22,0.36,0.57,2024-10-27,1004,N,VIIRS,n,2,298.27,1.5,D,0
37.39911,31.95127,334.85,0.36,0.57,2024-10-27,1004,N,VIIRS,n,2,298.42,2.45,D,0
37.40213,38.64113,349.18,0.5,0.41,2024-10-27,1004,N,VIIRS,n,2,305.91,25.4,D,0
37.41279,37.20821,338.58,0.38,0.43,2024-10-27,1004,N,VIIRS,n,2,304.61,2.85,D,0
37.43184,40.17421,332.98,0.44,0.38,2024-10-27,1004,N,VIIRS,n,2,303.83,1.64,D,0
37.44604,41.91214,331.99,0.39,0.37,2024-10-27,1004,N,VIIRS,n,2,305.44,1.18,D,0
37.47853,41.20775,336.48,0.41,0.37,2024-10-27,1004,N,VIIRS,n,2,304.21,2.13,D,0
37.4808,40.36355,345.72,0.43,0.38,2024-10-27,1004,N,VIIRS,n,2,301.66,4.51,D,0
37.48341,40.43815,335.02,0.43,0.38,2024-10-27,1004,N,VIIRS,n,2,298.47,7.72,D,0
37.48428,40.44295,348.17,0.43,0.38,2024-10-27,1004,N,VIIRS,n,2,305.9,7.72,D,0
37.48449,44.30151,341.07,0.39,0.36,2024-10-27,1004,N,VIIRS,n,2,290.39,3.9,D,0
37.48771,40.44195,332.09,0.43,0.38,2024-10-27,1004,N,VIIRS,n,2,301.83,3.0,D,0
37.49264,39.22823,346.71,0.47,0.4,2024-10-27,1004,N,VIIRS,n,2,313.03,27.69,D,0
37.49365,39.23347,332.07,0.47,0.4,2024-10-27,1004,N,VIIRS,n,2,303.73,6.63,D,0
37.49458,40.43999,341.88,0.43,0.38,2024-10-27,1004,N,VIIRS,n,2,303.29,4.92,D,0
37.49544,40.44479,345.05,0.43,0.38,2024-10-27,1004,N,VIIRS,n,2,301.48,6.62,D,0
37.49625,40.24822,335.36,0.43,0.38,2024-10-27,1004,N,VIIRS,n,2,303.03,5.69,D,0
37.49636,41.00791,333.76,0.41,0.37,2024-10-27,1004,N,VIIRS,n,2,301.81,1.7,D,0
37.51848,40.53315,338.07,0.42,0.38,2024-10-27,1004,N,VIIRS,n,2,299.32,3.35,D,0
37.52566,33.54897,342.91,0.58,0.52,2024-10-27,1004,N,VIIRS,n,2,298.74,6.96,D,0
37.53984,39.19756,343.15,0.47,0.4,2024-10-27,1004,N,VIIRS,n,2,304.47,5.04,D,0
37.55654,40.38257,331.9,0.43,0.38,2024-10-27,1004,N,VIIRS,n,2,300.01,2.61,D,0
37.55997,40.38155,346.66,0.43,0.38,2024-10-27,1004,N,VIIRS,n,2,300.21,2.61,D,0
37.56455,39.1706,333.75,0.47,0.4,2024-10-27,1004,N,VIIRS,n,2,304.34,3.54,D,0
37.56553,39.17304,337.0,0.47,0.4,2024-10-27,1004,N,VIIRS,n,2,303.18,4.79,D,0
37.57602,40.45168,348.8,0.43,0.38,2024-10-27,1004,N,VIIRS,n,2,311.19,23.52,D,0
37.61467,37.97127,344.14,0.53,0.42,2024-10-27,1004,N,VIIRS,n,2,303.51,11.5,D,0
37.63023,41.0061,334.49,0.41,0.37,2024-10-27,1004,N,VIIRS,n,2,298.16,4.16,D,0
37.65609,38.11883,342.17,0.52,0.41,2024-10-27,1004,N,VIIRS,n,2,304.07,4.5,D,0
37.68064,38.60437,345.72,0.49,0.41,2024-10-27,1004,N,VIIRS,n,2,304.78,5.24,D,0
37.68102,38.60186,333.37,0.49,0.4,2024-10-27,1004,N,VIIRS,n,2,304.16,5.22,D,0
37.68211,38.60734,332.78,0.49,0.4,2024-10-27,1004,N,VIIRS,n,2,304.81,6.54,D,0
37.6843,38.60324,335.07,0.49,0.41,2024-10-27,1004,N,VIIRS,n,2,304.53,5.24,D,0
37.68623,40.76339,344.11,0.42,0.37,2024-10-27,1004,N,VIIRS,n,2,304.62,5.77,D,0
37.6875,40.6894,344.29,0.42,0.38,2024-10-27,1004,N,VIIRS,n,2,301.04,8.59,D,0
37.68754,40.93331,336.39,0.41,0.37,2024-10-27,1004,N,VIIRS,n,2,302.92,2.89,D,0
37.6888,40.75777,367.0,0.42,0.37,2024-10-27,1004,N,VIIRS,h,2,301.75,21.95,D,0
37.69013,39.37548,330.27,0.46,0.39,2024-10-27,1004,N,VIIRS,n,2,303.63,3.11,D,0
37.69144,40.58974,346.43,0.42,0.38,2024-10-27,1004,N,VIIRS,n,2,303.79,6.39,D,0
37.6922,40.7568,339.11,0.42,0.37,2024-10-27,1004,N,VIIRS,n,2,305.35,21.95,D,0
37.69418,40.70706,343.02,0.42,0.37,2024-10-27,1004,N,VIIRS,n,2,302.86,6.15,D,0
37.69883,38.92008,334.58,0.48,0.4,2024-10-27,1004,N,VIIRS,n,2,305.36,6.25,D,0
37.69918,38.43679,337.25,0.5,0.41,2024-10-27,1004,N,VIIRS,n,2,304.46,4.35,D,0
37.69986,38.92549,332.21,0.48,0.4,2024-10-27,1004,N,VIIRS,n,2,303.64,6.25,D,0
37.70514,40.43452,344.94,0.42,0.38,2024-10-27,1004,N,VIIRS,n,2,305.51,6.2,D,0
37.72523,40.76223,338.32,0.42,0.37,2024-10-27,1004,N,VIIRS,n,2,303.87,10.61,D,0
37.72604,40.76688,331.38,0.42,0.37,2024-10-27,1004,N,VIIRS,n,2,298.42,15.48,D,0
37.72727,40.51791,346.95,0.42,0.38,2024-10-27,1004,N,VIIRS,n,2,301.94,6.11,D,0
37.72864,40.7613,330.84,0.42,0.37,2024-10-27,1004,N,VIIRS,n,2,296.42,10.61,D,0
37.72945,40.76595,355.97,0.42,0.37,2024-10-27,1004,N,VIIRS,n,2,312.6,15.48,D,0
37.73026,40.77058,344.61,0.42,0.37,2024-10-27,1004,N,VIIRS,n,2,306.85,15.48,D,0
37.73365,40.76965,339.99,0.42,0.37,2024-10-27,1004,N,VIIRS,n,2,299.23,4.84,D,0
37.73489,38.29852,337.66,0.51,0.41,2024-10-27,1004,N,VIIRS,n,2,303.9,5.34,D,0
37.73518,38.87817,337.42,0.48,0.4,2024-10-27,1004,N,VIIRS,n,2,303.39,4.15,D,0
37.73527,38.30044,338.02,0.51,0.41,2024-10-27,1004,N,VIIRS,n,2,303.56,5.34,D,0
37.74489,41.0187,347.48,0.41,0.37,2024-10-27,1004,N,VIIRS,n,2,305.2,12.36,D,0
37.74604,40.90242,339.85,0.41,0.37,2024-10-27,1004,N,VIIRS,n,2,303.37,3.1,D,0
37.74834,40.83371,333.6,0.41,0.37,2024-10-27,1004,N,VIIRS,n,2,299.22,1.61,D,0
37.74997,38.73669,339.59,0.49,0.4,2024-10-27,1004,N,VIIRS,n,2,307.64,19.58,D,0
37.75103,38.74212,346.54,0.49,0.4,2024-10-27,1004,N,VIIRS,n,2,305.75,19.58,D,0
37.75361,38.73558,344.63,0.49,0.4,2024-10-27,1004,N,VIIRS,n,2,299.82,15.22,D,0
37.75422,40.92919,346.63,0.41,0.37,2024-10-27,1004,N,VIIRS,n,2,302.74,5.38,D,0
37.75501,40.93377,334.96,0.41,0.37,2024-10-27,1004,N,VIIRS,n,2,303.22,2.72,D,0
37.7558,40.93835,332.6,0.41,0.37,2024-10-27,1004,N,VIIRS,n,2,304.46,2.72,D,0
37.7576,41.01032,332.08,0.41,0.37,2024-10-27,1004,N,VIIRS,n,2,299.9,3.46,D,0
37.76838,40.83065,331.18,0.41,0.37,2024-10-27,1004,N,VIIRS,n,2,300.04,1.87,D,0
37.76901,38.65556,333.13,0.49,0.4,2024-10-27,1004,N,VIIRS,n,2,302.93,7.73,D,0
37.77588,40.95203,331.44,0.41,0.37,2024-10-27,1004,N,VIIRS,n,2,299.33,1.99,D,0
37.77652,40.22509,341.65,0.43,0.38,2024-10-27,1004,N,VIIRS,n,2,304.8,4.67,D,0
37.79969,39.17302,343.03,0.47,0.39,2024-10-27,1004,N,VIIRS,n,2,305.06,14.86,D,0
37.79978,38.42794,331.99,0.5,0.41,2024-10-27,1004,N,VIIRS,n,2,301.6,1.84,D,0
37.80389,38.34937,338.26,0.5,0.41,2024-10-27,1004,N,VIIRS,n,2,303.98,3.23,D,0
37.80922,38.72428,347.84,0.49,0.4,2024-10-27,1004,N,VIIRS,n,2,304.84,5.74,D,0
37.81086,38.72145,346.62,0.49,0.4,2024-10-27,1004,N,VIIRS,n,2,303.62,8.14,D,0
37.81153,40.56833,338.81,0.42,0.38,2024-10-27,1004,N,VIIRS,n,2,301.74,3.07,D,0
37.84483,39.2915,331.89,0.46,0.39,2024-10-27,1004,N,VIIRS,n,2,301.52,3.77,D,0
37.84892,41.33976,339.56,0.4,0.37,2024-10-27,1004,N,VIIRS,n,2,306.23,3.81,D,0
37.85334,41.34093,342.19,0.4,0.37,2024-10-27,1004,N,VIIRS,n,2,303.14,5.08,D,0
37.8583,40.23659,343.91,0.43,0.38,2024-10-27,1004,N,VIIRS,n,2,304.61,7.39,D,0
37.85916,40.24139,344.19,0.43,0.38,2024-10-27,1004,N,VIIRS,n,2,305.94,7.39,D,0
37.8774,40.5267,347.74,0.42,0.38,2024-10-27,1004,N,VIIRS,n,2,302.15,9.58,D,0
37.87835,41.13808,347.31,0.41,0.37,2024-10-27,1004,N,VIIRS,n,2,300.75,6.54,D,0
37.87913,41.14266,337.43,0.41,0.37,2024-10-27,1004,N,VIIRS,n,2,299.67,4.49,D,0
37.90444,35.10686,344.99,0.48,0.48,2024-10-27,1004,N,VIIRS,n,2,296.62,5.43,D,0
37.92525,40.65653,353.05,0.42,0.37,2024-10-27,1004,N,VIIRS,n,2,304.7,6.29,D,0
37.92865,40.65557,334.39,0.42,0.37,2024-10-27,1004,N,VIIRS,n,2,305.71,6.29,D,0
37.92947,40.66028,367.0,0.42,0.37,2024-10-27,1004,N,VIIRS,h,2,308.27,6.29,D,0
37.94564,41.5978,346.59,0.4,0.37,2024-10-27,1004,N,VIIRS,n,2,304.98,5.62,D,0
37.9508,41.587,335.02,0.4,0.37,2024-10-27,1004,N,VIIRS,n,2,304.01,4.67,D,0
37.95155,41.59149,345.09,0.4,0.37,2024-10-27,1004,N,VIIRS,n,2,305.88,4.67,D,0
37.9523,41.59598,350.58,0.4,0.37,2024-10-27,1004,N,VIIRS,n,2,304.69,8.75,D,0
37.95564,41.59508,333.73,0.4,0.37,2024-10-27,1004,N,VIIRS,n,2,303.38,2.7,D,0
37.95805,40.80413,343.11,0.41,0.37,2024-10-27,1004,N,VIIRS,n,2,307.2,5.1,D,0
37.9581,36.47879,331.06,0.41,0.45,2024-10-27,1004,N,VIIRS,n,2,299.02,2.45,D,0
37.95889,41.55206,330.21,0.4,0.37,2024-10-27,1004,N,VIIRS,n,2,302.11,1.42,D,0
37.95964,41.55652,334.21,0.4,0.37,2024-10-27,1004,N,VIIRS,n,2,303.95,3.07,D,0
37.96108,41.29326,343.54,0.4,0.37,2024-10-27,1004,N,VIIRS,n,2,304.72,4.22,D,0
37.96155,41.58881,343.15,0.4,0.37,2024-10-27,1004,N,VIIRS,n,2,300.66,3.59,D,0
37.9623,41.5933,348.29,0.4,0.37,2024-10-27,1004,N,VIIRS,n,2,304.6,6.26,D,0
37.97189,41.5673,344.99,0.4,0.37,2024-10-27,1004,N,VIIRS,n,2,306.68,4.28,D,0
37.97223,41.07101,336.74,0.41,0.37,2024-10-27,1004,N,VIIRS,n,2,306.21,3.55,D,0
37.97523,41.56643,342.87,0.4,0.37,2024-10-27,1004,N,VIIRS,n,2,305.83,4.28,D,0
37.98334,41.53149,354.54,0.4,0.37,2024-10-27,1004,N,VIIRS,n,2,311.38,16.75,D,0
37.99826,41.26454,338.64,0.4,0.37,2024-10-27,1004,N,VIIRS,n,2,305.75,5.04,D,0
37.99878,41.55662,336.54,0.4,0.37,2024-10-27,1004,N,VIIRS,n,2,304.37,3.91,D,0
38.00816,40.72871,339.18,0.41,0.37,2024-10-27,1004,N,VIIRS,n,2,308.31,6.84,D,0
38.01318,41.08381,334.25,0.41,0.37,2024-10-27,1004,N,VIIRS,n,2,304.81,3.05,D,0
38.01395,41.08838,335.33,0.41,0.37,2024-10-27,1004,N,VIIRS,n,2,304.36,3.26,D,0
38.01473,41.09294,341.48,0.41,0.37,2024-10-27,1004,N,VIIRS,n,2,307.66,3.26,D,0
38.02632,41.28525,347.63,0.4,0.37,2024-10-27,1004,N,VIIRS,n,2,309.01,9.74,D,0
38.02967,41.28437,336.18,0.4,0.37,2024-10-27,1004,N,VIIRS,n,2,301.71,9.74,D,0
38.03621,41.01209,346.06,0.41,0.37,2024-10-27,1004,N,VIIRS,n,2,307.35,4.46,D,0
38.0367,41.26377,338.18,0.4,0.37,2024-10-27,1004,N,VIIRS,n,2,306.18,8.78,D,0
38.03682,40.49586,334.39,0.42,0.38,2024-10-27,1004,N,VIIRS,n,2,305.56,3.85,D,0
38.03996,41.05423,338.93,0.41,0.37,2024-10-27,1004,N,VIIRS,n,2,303.94,2.67,D,0
38.04005,41.26288,344.28,0.4,0.37,2024-10-27,1004,N,VIIRS,n,2,306.82,8.78,D,0
38.04144,40.69513,341.46,0.41,0.37,2024-10-27,1004,N,VIIRS,n,2,305.84,3.94,D,0
38.05284,41.29708,333.5,0.4,0.37,2024-10-27,1004,N,VIIRS,n,2,301.15,2.13,D,0
38.05597,40.1593,330.69,0.43,0.38,2024-10-27,1004,N,VIIRS,n,2,304.9,1.96,D,0
38.06134,39.09734,334.19,0.47,0.39,2024-10-27,1004,N,VIIRS,n,2,299.15,1.84,D,0
38.06228,39.10232,336.75,0.47,0.39,2024-10-27,1004,N,VIIRS,n,2,300.22,3.42,D,0
38.06498,39.09662,343.34,0.47,0.39,2024-10-27,1004,N,VIIRS,n,2,301.48,7.32,D,0
38.0677,39.09106,345.15,0.47,0.39,2024-10-27,1004,N,VIIRS,n,2,298.49,7.32,D,0
38.06867,39.09623,347.91,0.47,0.39,2024-10-27,1004,N,VIIRS,n,2,299.01,7.32,D,0
38.0764,40.35505,340.43,0.42,0.38,2024-10-27,1004,N,VIIRS,n,2,306.03,2.79,D,0
38.07827,41.27756,342.05,0.4,0.37,2024-10-27,1004,N,VIIRS,n,2,305.16,27.98,D,0
38.08233,40.36824,347.12,0.42,0.38,2024-10-27,1004,N,VIIRS,n,2,307.21,7.06,D,0
38.0911,39.96758,343.0,0.43,0.38,2024-10-27,1004,N,VIIRS,n,2,308.86,22.07,D,0
38.09179,41.06884,333.02,0.41,0.37,2024-10-27,1004,N,VIIRS,n,2,305.6,2.2,D,0
38.09198,39.97246,337.33,0.43,0.38,2024-10-27,1004,N,VIIRS,n,2,300.58,10.23,D,0
38.114,40.83247,339.57,0.41,0.37,2024-10-27,1004,N,VIIRS,n,2,306.51,5.67,D,0
38.12671,37.10091,327.83,0.56,0.43,2024-10-27,1004,N,VIIRS,n,2,298.1,3.19,D,0
38.15792,40.01518,337.62,0.43,0.38,2024-10-27,1004,N,VIIRS,n,2,300.37,1.33,D,0
38.16623,37.0387,336.59,0.57,0.43,2024-10-27,1004,N,VIIRS,n,2,298.6,6.4,D,0
38.16756,37.04505,330.8,0.57,0.43,2024-10-27,1004,N,VIIRS,n,2,297.26,4.13,D,0
38.20412,37.14096,332.47,0.56,0.43,2024-10-27,1004,N,VIIRS,n,2,296.75,10.73,D,0
38.24019,37.19579,331.05,0.56,0.43,2024-10-27,1004,N,VIIRS,n,2,295.7,9.77,D,0
38.24147,37.16196,338.09,0.56,0.43,2024-10-27,1004,N,VIIRS,n,2,297.97,6.13,D,0
38.24401,39.72651,346.93,0.44,0.38,2024-10-27,1004,N,VIIRS,n,2,305.99,11.74,D,0
38.24533,37.16068,332.57,0.56,0.43,2024-10-27,1004,N,VIIRS,n,2,294.3,6.13,D,0
38.24661,37.16695,328.13,0.56,0.43,2024-10-27,1004,N,VIIRS,n,2,297.61,6.27,D,0
38.25452,42.17302,333.1,0.39,0.36,2024-10-27,1004,N,VIIRS,n,2,294.29,2.59,D,0
38.25691,37.15685,326.25,0.56,0.43,2024-10-27,1004,N,VIIRS,n,2,294.44,1.88,D,0
38.25922,37.34847,339.15,0.55,0.42,2024-10-27,1004,N,VIIRS,n,2,297.17,7.95,D,0
38.26837,37.23308,347.09,0.55,0.43,2024-10-27,1004,N,VIIRS,n,2,295.0,14.37,D,0
38.26844,37.19313,333.82,0.56,0.43,2024-10-27,1004,N,VIIRS,n,2,295.46,2.98,D,0
38.27089,37.19059,334.75,0.55,0.43,2024-10-27,1004,N,VIIRS,n,2,293.69,9.21,D,0
38.27229,37.19186,328.71,0.56,0.43,2024-10-27,1004,N,VIIRS,n,2,294.37,2.78,D,0
38.27481,37.20927,336.42,0.55,0.43,2024-10-27,1004,N,VIIRS,n,2,294.74,8.22,D,0
38.2761,37.21059,346.77,0.55,0.43,2024-10-27,1004,N,VIIRS,n,2,295.95,10.33,D,0
38.27612,37.2155,331.55,0.55,0.43,2024-10-27,1004,N,VIIRS,n,2,296.1,4.96,D,0
38.28743,37.13169,333.79,0.56,0.43,2024-10-27,1004,N,VIIRS,n,2,299.51,12.82,D,0
38.29016,37.18427,327.17,0.55,0.43,2024-10-27,1004,N,VIIRS,n,2,299.42,2.35,D,0
38.30043,41.87201,344.13,0.39,0.36,2024-10-27,1004,N,VIIRS,n,2,298.76,6.19,D,0
38.46771,35.62929,337.06,0.44,0.46,2024-10-27,1004,N,VIIRS,n,2,301.13,6.99,D,0
38.46875,35.634,340.91,0.43,0.46,2024-10-27,1004,N,VIIRS,n,2,303.23,11.24,D,0
38.50478,35.6172,339.72,0.43,0.46,2024-10-27,1004,N,VIIRS,n,2,297.45,4.96,D,0
38.52696,36.02221,331.56,0.42,0.45,2024-10-27,1004,N,VIIRS,n,2,293.69,1.61,D,0
38.5386,38.41167,327.06,0.49,0.4,2024-10-27,1004,N,VIIRS,n,2,298.42,2.99,D,0
38.55685,42.2593,342.6,0.39,0.36,2024-10-27,1004,N,VIIRS,n,2,295.92,4.13,D,0
38.56285,39.18447,332.77,0.45,0.39,2024-10-27,1004,N,VIIRS,n,2,301.99,2.48,D,0
38.56639,39.18344,332.88,0.45,0.39,2024-10-27,1004,N,VIIRS,n,2,301.88,2.48,D,0
38.67479,41.99442,337.06,0.39,0.36,2024-10-27,1004,N,VIIRS,n,2,298.62,3.11,D,0
38.67607,39.81538,344.1,0.43,0.38,2024-10-27,1004,N,VIIRS,n,2,302.63,4.86,D,0
38.68053,39.81649,334.32,0.43,0.38,2024-10-27,1004,N,VIIRS,n,2,299.44,1.25,D,0
38.68167,36.08522,334.33,0.41,0.45,2024-10-27,1004,N,VIIRS,n,2,298.33,4.36,D,0
38.73624,36.0477,338.6,0.41,0.45,2024-10-27,1004,N,VIIRS,n,2,298.74,4.23,D,0
38.78873,39.87264,346.18,0.43,0.38,2024-10-27,1004,N,VIIRS,n,2,301.83,2.37,D,0
38.79046,39.86205,347.39,0.43,0.38,2024-10-27,1004,N,VIIRS,n,2,304.13,8.32,D,0
38.79126,39.86386,354.41,0.43,0.38,2024-10-27,1004,N,VIIRS,n,2,303.13,5.85,D,0
38.79132,39.86687,340.04,0.43,0.38,2024-10-27,1004,N,VIIRS,n,2,302.56,4.57,D,0
38.79218,39.87168,350.06,0.43,0.38,2024-10-27,1004,N,VIIRS,n,2,300.35,4.57,D,0
38.79301,39.87347,335.04,0.43,0.38,2024-10-27,1004,N,VIIRS,n,2,298.05,3.32,D,0
38.81585,36.21791,351.49,0.4,0.44,2024-10-27,1004,N,VIIRS,n,2,302.07,9.27,D,0
38.82173,40.68581,356.26,0.41,0.37,2024-10-27,1004,N,VIIRS,n,2,296.28,9.94,D,0
38.82333,40.69516,354.8,0.41,0.37,2024-10-27,1004,N,VIIRS,n,2,296.5,9.02,D,0
38.8251,40.68485,340.53,0.41,0.37,2024-10-27,1004,N,VIIRS,n,2,290.29,7.56,D,0
38.8259,40.68952,339.47,0.41,0.37,2024-10-27,1004,N,VIIRS,n,2,291.33,7.56,D,0
38.8267,40.69419,345.74,0.41,0.37,2024-10-27,1004,N,VIIRS,n,2,291.18,5.33,D,0
38.8275,40.69888,352.13,0.41,0.37,2024-10-27,1004,N,VIIRS,n,2,292.32,5.33,D,0
38.82766,40.67923,348.72,0.41,0.37,2024-10-27,1004,N,VIIRS,n,2,297.01,3.39,D,0
38.82789,40.68098,342.91,0.41,0.37,2024-10-27,1004,N,VIIRS,n,2,296.57,2.5,D,0
38.82846,40.6839,355.54,0.41,0.37,2024-10-27,1004,N,VIIRS,n,2,297.58,7.56,D,0
38.82927,40.68859,356.21,0.41,0.37,2024-10-27,1004,N,VIIRS,n,2,298.95,7.56,D,0
38.83034,40.69502,350.74,0.41,0.37,2024-10-27,1004,N,VIIRS,n,2,300.1,4.91,D,0
38.83088,40.69796,339.47,0.41,0.37,2024-10-27,1004,N,VIIRS,n,2,301.55,5.33,D,0
38.88486,41.51476,341.4,0.39,0.36,2024-10-27,1004,N,VIIRS,n,2,299.27,3.78,D,0
38.91319,40.74551,352.68,0.41,0.37,2024-10-27,1004,N,VIIRS,n,2,299.15,5.11,D,0
39.03651,41.41517,326.72,0.39,0.37,2024-10-27,1004,N,VIIRS,n,2,293.01,3.46,D,0
39.05339,37.6213,329.53,0.51,0.41,2024-10-27,1004,N,VIIRS,n,2,295.3,3.37,D,0
39.07035,44.36623,330.8,0.39,0.37,2024-10-27,1004,N,VIIRS,n,2,292.36,3.39,D,0
39.08139,44.09394,329.1,0.39,0.36,2024-10-27,1004,N,VIIRS,n,2,291.97,1.28,D,0
39.18768,42.50616,326.49,0.38,0.36,2024-10-27,1004,N,VIIRS,n,2,297.74,5.88,D,0
39.18837,42.51056,332.43,0.38,0.36,2024-10-27,1004,N,VIIRS,n,2,297.12,5.88,D,0
39.26326,42.31755,335.08,0.39,0.36,2024-10-27,1004,N,VIIRS,n,2,300.28,2.16,D,0
39.27299,40.36073,336.69,0.41,0.37,2024-10-27,1004,N,VIIRS,n,2,301.81,3.1,D,0
39.2738,40.36535,349.91,0.41,0.37,2024-10-27,1004,N,VIIRS,n,2,298.98,3.1,D,0
39.97738,44.13897,336.83,0.4,0.37,2024-10-27,1004,N,VIIRS,n,2,293.74,4.93,D,0
40.0079,43.97661,332.17,0.39,0.36,2024-10-27,1004,N,VIIRS,n,2,295.61,3.56,D,0
40.00854,43.9812,331.09,0.39,0.36,2024-10-27,1004,N,VIIRS,n,2,294.46,3.0,D,0
40.01726,43.96964,336.58,0.39,0.36,2024-10-27,1004,N,VIIRS,n,2,294.07,3.05,D,0
40.01914,44.10702,330.31,0.39,0.37,2024-10-27,1004,N,VIIRS,n,2,294.82,26.14,D,0
40.02185,44.10162,331.55,0.39,0.37,2024-10-27,1004,N,VIIRS,n,2,296.51,7.53,D,0
37.60826,27.26542,330.04,0.61,0.71,2024-10-27,1005,N,VIIRS,n,2,299.18,1.38,D,0
37.70005,29.00414,327.88,0.49,0.65,2024-10-27,1005,N,VIIRS,n,2,288.51,16.25,D,0
37.70194,29.01066,367.0,0.49,0.65,2024-10-27,1005,N,VIIRS,h,2,295.46,11.66,D,0
37.70355,29.00064,331.64,0.5,0.65,2024-10-27,1005,N,VIIRS,n,2,289.34,7.79,D,0
37.7064,29.0106,367.0,0.49,0.65,2024-10-27,1005,N,VIIRS,h,2,295.79,16.97,D,0
37.70751,29.01447,340.87,0.49,0.65,2024-10-27,1005,N,VIIRS,n,2,293.72,15.41,D,0
37.70782,29.00843,341.86,0.49,0.65,2024-10-27,1005,N,VIIRS,n,2,290.25,11.66,D,0
37.7089,29.01215,339.99,0.49,0.65,2024-10-27,1005,N,VIIRS,n,2,291.67,11.66,D,0
37.71002,29.01603,332.06,0.49,0.65,2024-10-27,1005,N,VIIRS,n,2,290.76,7.88,D,0
37.72335,29.00161,328.24,0.49,0.65,2024-10-27,1005,N,VIIRS,n,2,287.21,3.5,D,0
37.72552,29.00208,327.14,0.49,0.65,2024-10-27,1005,N,VIIRS,n,2,288.61,4.12,D,0
37.80536,27.56559,367.0,0.58,0.7,2024-10-27,1005,N,VIIRS,h,2,303.42,10.32,D,0
37.81148,27.56269,349.29,0.58,0.7,2024-10-27,1005,N,VIIRS,n,2,299.04,10.32,D,0
37.82455,27.98504,349.62,0.55,0.68,2024-10-27,1005,N,VIIRS,n,2,298.92,7.35,D,0
38.23917,33.28091,340.18,0.58,0.52,2024-10-27,1005,N,VIIRS,n,2,299.16,9.01,D,0
38.28536,31.53912,328.84,0.35,0.57,2024-10-27,1005,N,VIIRS,n,2,297.45,0.78,D,0
38.28625,31.53926,329.01,0.35,0.57,2024-10-27,1005,N,VIIRS,n,2,296.69,1.28,D,0
38.45198,30.2109,347.7,0.41,0.61,2024-10-27,1005,N,VIIRS,n,2,301.23,2.92,D,0
38.45733,30.20851,326.2,0.41,0.61,2024-10-27,1005,N,VIIRS,n,2,297.45,2.92,D,0
38.53993,31.85121,350.42,0.34,0.56,2024-10-27,1005,N,VIIRS,n,2,299.63,5.76,D,0
38.5813,32.30618,346.86,0.32,0.54,2024-10-27,1005,N,VIIRS,n,2,298.05,3.36,D,0
38.58525,32.30066,338.54,0.32,0.54,2024-10-27,1005,N,VIIRS,n,2,298.25,5.32,D,0
38.58615,32.30425,367.0,0.32,0.54,2024-10-27,1005,N,VIIRS,h,2,299.22,9.37,D,0
38.63066,31.13182,367.0,0.36,0.58,2024-10-27,1005,N,VIIRS,h,2,302.74,18.1,D,0
38.63325,31.13311,367.0,0.36,0.58,2024-10-27,1005,N,VIIRS,h,2,304.13,19.99,D,0
38.6347,31.12559,352.07,0.36,0.58,2024-10-27,1005,N,VIIRS,n,2,296.62,15.52,D,0
38.63578,31.12965,367.0,0.36,0.58,2024-10-27,1005,N,VIIRS,h,2,302.29,18.1,D,0
38.6373,31.12685,343.96,0.36,0.58,2024-10-27,1005,N,VIIRS,n,2,295.9,19.99,D,0
38.6399,31.20888,350.45,0.36,0.57,2024-10-27,1005,N,VIIRS,n,2,297.09,122.6,D,0
38.64205,31.21692,367.0,0.36,0.57,2024-10-27,1005,N,VIIRS,h,2,300.38,31.38,D,0
38.64207,31.21047,367.0,0.36,0.57,2024-10-27,1005,N,VIIRS,h,2,316.88,78.03,D,0
38.64312,31.2145,367.0,0.36,0.57,2024-10-27,1005,N,VIIRS,h,2,307.21,85.35,D,0
38.64607,31.21075,367.0,0.36,0.57,2024-10-27,1005,N,VIIRS,h,2,296.51,122.6,D,0
38.64717,31.2083,367.0,0.36,0.57,2024-10-27,1005,N,VIIRS,h,2,301.63,78.03,D,0
38.84245,32.01296,367.0,0.32,0.55,2024-10-27,1005,N,VIIRS,h,2,301.77,11.47,D,0
39.04448,35.29419,336.48,0.44,0.46,2024-10-27,1005,N,VIIRS,n,2,294.39,7.75,D,0
39.04559,35.29919,340.48,0.44,0.46,2024-10-27,1005,N,VIIRS,n,2,297.61,16.46,D,0
39.13962,37.38326,325.39,0.52,0.42,2024-10-27,1005,N,VIIRS,n,2,296.55,2.24,D,0
39.26704,35.31911,328.7,0.43,0.46,2024-10-27,1005,N,VIIRS,n,2,297.24,1.81,D,0
39.3719,33.3217,341.06,0.54,0.51,2024-10-27,1005,N,VIIRS,n,2,298.38,6.62,D,0
39.42248,34.94094,333.32,0.45,0.47,2024-10-27,1005,N,VIIRS,n,2,298.27,3.23,D,0
39.49126,35.45145,328.83,0.42,0.45,2024-10-27,1005,N,VIIRS,n,2,298.57,2.53,D,0
39.58137,36.55539,332.39,0.56,0.43,2024-10-27,1005,N,VIIRS,n,2,298.18,2.46,D,0
39.58264,36.55626,339.23,0.56,0.43,2024-10-27,1005,N,VIIRS,n,2,296.95,6.66,D,0
39.6065,32.57885,329.66,0.58,0.52,2024-10-27,1005,N,VIIRS,n,2,298.94,2.05,D,0
39.65902,35.47024,328.09,0.42,0.45,2024-10-27,1005,N,VIIRS,n,2,295.44,2.38,D,0
39.69598,37.58797,346.4,0.5,0.41,2024-10-27,1005,N,VIIRS,n,2,297.3,14.23,D,0
39.73126,37.68597,331.76,0.5,0.41,2024-10-27,1005,N,VIIRS,n,2,296.42,3.22,D,0
39.7598,37.21967,327.69,0.52,0.42,2024-10-27,1005,N,VIIRS,n,2,294.86,1.58,D,0
39.87637,36.89525,334.84,0.53,0.42,2024-10-27,1005,N,VIIRS,n,2,298.01,3.45,D,0
40.1784,27.50322,326.24,0.5,0.66,2024-10-27,1005,N,VIIRS,n,2,291.46,2.44,D,0
40.18322,27.56404,332.02,0.5,0.65,2024-10-27,1005,N,VIIRS,n,2,292.76,4.56,D,0
40.21634,28.43175,333.34,0.45,0.63,2024-10-27,1005,N,VIIRS,n,2,297.26,3.11,D,0
40.23162,28.17949,338.5,0.46,0.64,2024-10-27,1005,N,VIIRS,n,2,298.05,3.53,D,0
40.2407,35.68254,330.94,0.4,0.44,2024-10-27,1005,N,VIIRS,n,2,295.96,2.24,D,0
40.25005,39.71756,343.25,0.42,0.38,2024-10-27,1005,N,VIIRS,n,2,294.01,6.87,D,0
40.25407,34.26042,328.49,0.46,0.47,2024-10-27,1005,N,VIIRS,n,2,299.16,1.69,D,0
40.65381,44.06395,325.41,0.4,0.37,2024-10-27,1005,N,VIIRS,n,2,291.2,1.68,D,0
40.73798,35.59768,325.8,0.39,0.44,2024-10-27,1005,N,VIIRS,n,2,296.13,1.46,D,0
40.93885,34.87815,339.79,0.42,0.45,2024-10-27,1005,N,VIIRS,n,2,295.25,2.92,D,0
41.11525,34.4328,325.35,0.43,0.46,2024-10-27,1005,N,VIIRS,n,2,292.81,2.17,D,0
41.24147,36.46814,325.51,0.53,0.42,2024-10-27,1005,N,VIIRS,n,2,293.41,5.63,D,2
40.22024,27.10897,333.27,0.52,0.67,2024-10-27,1006,N,VIIRS,n,2,292.66,2.27,D,0
40.62989,26.23011,339.08,0.56,0.69,2024-10-27,1006,N,VIIRS,n,2,292.68,4.59,D,0
40.7634,26.15076,328.84,0.56,0.69,2024-10-27,1006,N,VIIRS,n,2,290.83,4.41,D,0
40.76741,26.14125,332.58,0.56,0.69,2024-10-27,1006,N,VIIRS,n,2,291.04,4.09,D,0
40.78831,26.32033,332.82,0.55,0.68,2024-10-27,1006,N,VIIRS,n,2,290.34,5.16,D,0
40.80291,26.56122,336.02,0.53,0.67,2024-10-27,1006,N,VIIRS,n,2,291.85,4.17,D,0
40.80478,26.56733,325.43,0.53,0.67,2024-10-27,1006,N,VIIRS,n,2,291.96,4.35,D,0
40.80774,26.55987,327.02,0.53,0.67,2024-10-27,1006,N,VIIRS,n,2,291.88,7.01,D,0
40.84693,27.23661,367.0,0.49,0.65,2024-10-27,1006,N,VIIRS,h,2,298.7,25.66,D,0
40.89664,26.30364,334.91,0.54,0.68,2024-10-27,1006,N,VIIRS,n,2,291.08,4.04,D,0
40.90828,26.31902,333.04,0.54,0.68,2024-10-27,1006,N,VIIRS,n,2,291.5,5.8,D,0
41.05542,26.403,325.03,0.53,0.67,2024-10-27,1006,N,VIIRS,n,2,290.68,2.34,D,0
41.0682,26.46668,335.11,0.53,0.67,2024-10-27,1006,N,VIIRS,n,2,290.92,3.75,D,0
41.0717,26.34482,336.85,0.53,0.67,2024-10-27,1006,N,VIIRS,n,2,293.17,4.56,D,0
41.07841,26.33133,328.51,0.53,0.67,2024-10-27,1006,N,VIIRS,n,2,292.0,3.94,D,0
41.08924,27.26534,329.26,0.48,0.65,2024-10-27,1006,N,VIIRS,n,2,295.95,2.44,D,0
41.09692,27.09288,334.01,0.49,0.65,2024-10-27,1006,N,VIIRS,n,2,293.93,2.32,D,0
41.14915,27.55384,333.35,0.47,0.64,2024-10-27,1006,N,VIIRS,n,2,295.6,3.16,D,0
41.16905,26.53573,330.68,0.52,0.67,2024-10-27,1006,N,VIIRS,n,2,293.01,6.11,D,0
41.17105,26.53747,349.96,0.52,0.67,2024-10-27,1006,N,VIIRS,n,2,295.45,4.73,D,0
41.18617,26.54742,334.54,0.52,0.67,2024-10-27,1006,N,VIIRS,n,2,291.7,3.59,D,0
41.2,26.33176,337.45,0.53,0.67,2024-10-27,1006,N,VIIRS,n,2,292.53,3.94,D,0
41.20098,26.33,335.72,0.53,0.67,2024-10-27,1006,N,VIIRS,n,2,292.18,1.9,D,0
41.28162,26.46369,338.38,0.52,0.67,2024-10-27,1006,N,VIIRS,n,2,290.48,2.71,D,0
41.30223,27.88073,355.96,0.45,0.63,2024-10-27,1006,N,VIIRS,n,2,295.77,5.02,D,0
41.36897,26.97426,329.2,0.49,0.65,2024-10-27,1006,N,VIIRS,n,2,295.89,2.24,D,0
41.45395,27.18161,344.15,0.48,0.64,2024-10-27,1006,N,VIIRS,n,2,296.67,4.76,D,0
41.45633,27.18012,349.48,0.48,0.64,2024-10-27,1006,N,VIIRS,n,2,296.99,5.22,D,0
41.50802,26.61409,325.94,0.5,0.66,2024-10-27,1006,N,VIIRS,n,2,292.95,2.46,D,0
41.54754,26.63101,331.8,0.5,0.66,2024-10-27,1006,N,VIIRS,n,2,293.18,2.31,D,0
41.55414,26.65685,340.81,0.5,0.66,2024-10-27,1006,N,VIIRS,n,2,294.24,4.15,D,0
41.55464,26.65422,328.7,0.5,0.66,2024-10-27,1006,N,VIIRS,n,2,294.41,2.94,D,0
41.58763,26.60952,325.25,0.5,0.66,2024-10-27,1006,N,VIIRS,n,2,292.44,2.4,D,0
41.76194,26.56451,339.01,0.5,0.66,2024-10-27,1006,N,VIIRS,n,2,294.74,2.5,D,0
36.32725,33.95773,340.08,0.64,0.72,2024-10-27,1145,N,VIIRS,n,2,298.45,7.85,D,0
36.32888,33.95705,346.26,0.64,0.72,2024-10-27,1145,N,VIIRS,n,2,299.06,5.44,D,0
36.33568,33.95683,341.39,0.64,0.72,2024-10-27,1145,N,VIIRS,n,2,296.32,5.44,D,0
36.87245,29.92344,355.69,0.39,0.59,2024-10-27,1145,N,VIIRS,n,2,297.68,8.39,D,0
36.87266,29.92725,367.0,0.39,0.59,2024-10-27,1145,N,VIIRS,h,2,301.06,13.11,D,0
36.87322,29.92344,354.24,0.39,0.59,2024-10-27,1145,N,VIIRS,n,2,297.48,8.61,D,0
36.87344,29.92722,367.0,0.39,0.59,2024-10-27,1145,N,VIIRS,h,2,302.46,13.84,D,0
37.68884,31.73735,331.65,0.49,0.65,2024-10-27,1145,N,VIIRS,n,2,296.08,5.17,D,0
37.68889,31.73802,341.05,0.49,0.65,2024-10-27,1145,N,VIIRS,n,2,297.36,4.18,D,0
37.70251,28.99621,331.88,0.35,0.57,2024-10-27,1145,N,VIIRS,n,2,293.31,2.25,D,0
38.00207,29.50802,340.78,0.37,0.58,2024-10-27,1145,N,VIIRS,n,2,304.23,3.1,D,0
38.32143,33.23708,338.96,0.6,0.71,2024-10-27,1145,N,VIIRS,n,2,296.35,4.02,D,0
38.3217,30.22788,346.17,0.41,0.61,2024-10-27,1145,N,VIIRS,n,2,304.64,4.05,D,0
38.32564,33.23595,341.96,0.6,0.71,2024-10-27,1145,N,VIIRS,n,2,296.1,4.59,D,0
38.3768,33.14904,343.33,0.59,0.7,2024-10-27,1145,N,VIIRS,n,2,298.02,5.59,D,0
38.44026,29.43265,338.59,0.37,0.58,2024-10-27,1145,N,VIIRS,n,2,304.12,5.11,D,0
38.522,27.64254,328.42,0.6,0.53,2024-10-27,1145,N,VIIRS,n,2,298.58,4.07,D,0
38.53356,27.73366,337.26,0.61,0.53,2024-10-27,1145,N,VIIRS,n,2,303.42,6.63,D,0
38.53407,27.73289,339.15,0.61,0.53,2024-10-27,1145,N,VIIRS,n,2,303.3,4.1,D,0
38.55518,31.855,367.0,0.51,0.66,2024-10-27,1145,N,VIIRS,h,2,300.91,8.88,D,0
38.62727,31.13112,367.0,0.47,0.64,2024-10-27,1145,N,VIIRS,h,2,300.63,21.04,D,0
38.63324,31.13078,367.0,0.47,0.64,2024-10-27,1145,N,VIIRS,h,2,296.9,21.04,D,0
38.63345,31.13628,367.0,0.47,0.64,2024-10-27,1145,N,VIIRS,h,2,298.78,37.54,D,3
38.63598,31.20267,367.0,0.47,0.64,2024-10-27,1145,N,VIIRS,h,2,297.95,12.94,D,3
38.63619,31.20823,367.0,0.47,0.64,2024-10-27,1145,N,VIIRS,h,2,303.02,12.94,D,0
38.64239,31.21347,350.47,0.47,0.64,2024-10-27,1145,N,VIIRS,n,2,300.7,15.28,D,0
38.6426,31.21904,342.41,0.47,0.64,2024-10-27,1145,N,VIIRS,n,2,295.66,15.28,D,0
38.64539,31.13559,367.0,0.47,0.64,2024-10-27,1145,N,VIIRS,h,2,296.54,9.82,D,3
38.72778,31.92702,350.84,0.51,0.66,2024-10-27,1145,N,VIIRS,n,2,298.57,6.26,D,0
38.72969,31.92874,344.33,0.51,0.66,2024-10-27,1145,N,VIIRS,n,2,297.83,6.03,D,0
39.12206,35.3266,335.08,0.78,0.78,2024-10-27,1145,N,VIIRS,n,2,295.7,5.1,D,0
39.41396,33.39104,345.62,0.62,0.71,2024-10-27,1145,N,VIIRS,n,2,295.12,10.04,D,0
39.43548,35.18726,338.91,0.77,0.77,2024-10-27,1145,N,VIIRS,n,2,294.87,7.09,D,0
39.81679,35.24015,335.7,0.78,0.78,2024-10-27,1146,N,VIIRS,n,2,293.58,9.86,D,0
39.95096,26.19975,331.39,0.52,0.5,2024-10-27,1146,N,VIIRS,n,2,295.12,2.38,D,0
39.99457,28.60457,342.28,0.35,0.57,2024-10-27,1146,N,VIIRS,n,2,297.34,3.98,D,0
40.06332,27.97725,330.43,0.32,0.55,2024-10-27,1146,N,VIIRS,n,2,295.36,1.71,D,0
40.09323,28.04495,342.17,0.33,0.55,2024-10-27,1146,N,VIIRS,n,2,294.44,1.63,D,0
40.14278,28.07031,350.99,0.33,0.55,2024-10-27,1146,N,VIIRS,n,2,296.68,2.86,D,0
40.20084,27.61635,342.95,0.62,0.54,2024-10-27,1146,N,VIIRS,n,2,296.41,4.16,D,0
40.20144,27.6168,343.81,0.62,0.54,2024-10-27,1146,N,VIIRS,n,2,296.13,9.96,D,0
40.20586,27.6158,328.16,0.62,0.54,2024-10-27,1146,N,VIIRS,n,2,295.59,4.16,D,0
40.28513,27.60855,327.49,0.62,0.54,2024-10-27,1146,N,VIIRS,n,2,294.45,3.39,D,0
40.38983,34.01487,356.71,0.67,0.74,2024-10-27,1146,N,VIIRS,n,2,293.53,8.69,D,0
40.61537,26.22191,335.3,0.53,0.5,2024-10-27,1146,N,VIIRS,n,2,294.73,3.53,D,0
40.662,26.81588,336.28,0.57,0.52,2024-10-27,1146,N,VIIRS,n,2,298.71,4.08,D,0
40.67488,26.83485,335.72,0.57,0.52,2024-10-27,1146,N,VIIRS,n,2,299.91,5.01,D,0
40.73847,26.32983,331.89,0.54,0.51,2024-10-27,1146,N,VIIRS,n,2,294.5,3.47,D,0
40.76497,26.15035,338.64,0.53,0.5,2024-10-27,1146,N,VIIRS,n,2,293.98,9.2,D,0
40.76963,26.14977,354.45,0.53,0.5,2024-10-27,1146,N,VIIRS,n,2,296.37,9.2,D,0
40.78217,26.32308,330.32,0.54,0.51,2024-10-27,1146,N,VIIRS,n,2,292.4,3.18,D,0
40.78687,26.32253,344.33,0.54,0.51,2024-10-27,1146,N,VIIRS,n,2,294.48,8.17,D,0
40.81237,30.60732,326.25,0.45,0.63,2024-10-27,1146,N,VIIRS,n,2,295.34,2.98,D,0
40.90628,26.31916,345.15,0.54,0.51,2024-10-27,1146,N,VIIRS,n,2,295.5,4.95,D,0
40.9449,27.02002,340.64,0.59,0.53,2024-10-27,1146,N,VIIRS,n,2,296.94,6.54,D,0
40.95027,26.39976,331.18,0.54,0.51,2024-10-27,1146,N,VIIRS,n,2,295.02,5.96,D,0
40.9514,26.40495,340.37,0.55,0.51,2024-10-27,1146,N,VIIRS,n,2,297.17,4.92,D,0
40.95548,26.40573,337.96,0.54,0.51,2024-10-27,1146,N,VIIRS,n,2,297.33,4.57,D,0
41.03477,26.36847,328.72,0.54,0.51,2024-10-27,1146,N,VIIRS,n,2,294.42,4.55,D,0
41.06509,26.31808,327.52,0.54,0.51,2024-10-27,1146,N,VIIRS,n,2,293.64,3.18,D,0
41.07457,26.45709,335.46,0.55,0.51,2024-10-27,1146,N,VIIRS,n,2,294.28,4.24,D,0
41.07473,26.45728,334.85,0.55,0.51,2024-10-27,1146,N,VIIRS,n,2,294.36,7.77,D,0
41.08605,27.75783,336.89,0.32,0.55,2024-10-27,1146,N,VIIRS,n,2,300.39,2.45,D,0
41.14685,26.52971,346.21,0.56,0.51,2024-10-27,1146,N,VIIRS,n,2,296.42,9.05,D,0
41.18796,26.57168,329.92,0.56,0.51,2024-10-27,1146,N,VIIRS,n,2,295.57,3.5,D,0
41.19584,26.33433,339.62,0.54,0.51,2024-10-27,1146,N,VIIRS,n,2,294.74,5.74,D,0
41.20011,26.32716,339.84,0.54,0.51,2024-10-27,1146,N,VIIRS,n,2,295.72,5.41,D,0
41.28119,26.46356,327.01,0.55,0.51,2024-10-27,1146,N,VIIRS,n,2,293.38,2.99,D,0
41.29998,27.08212,340.44,0.6,0.53,2024-10-27,1146,N,VIIRS,n,2,298.71,5.64,D,0
41.30994,26.72368,332.15,0.57,0.52,2024-10-27,1146,N,VIIRS,n,2,298.01,3.79,D,0
41.31044,26.73086,330.93,0.57,0.52,2024-10-27,1146,N,VIIRS,n,2,296.58,4.17,D,0
41.31315,26.72877,340.02,0.57,0.52,2024-10-27,1146,N,VIIRS,n,2,299.89,10.12,D,0
41.31436,26.6727,338.29,0.57,0.52,2024-10-27,1146,N,VIIRS,n,2,294.82,2.66,D,0
41.34196,27.02579,340.29,0.59,0.53,2024-10-27,1146,N,VIIRS,n,2,297.79,6.08,D,0
41.41188,26.88774,341.97,0.58,0.52,2024-10-27,1146,N,VIIRS,n,2,300.18,6.13,D,0
41.41415,26.88685,340.99,0.58,0.52,2024-10-27,1146,N,VIIRS,n,2,300.75,8.91,D,0
41.4892,26.61728,327.23,0.57,0.52,2024-10-27,1146,N,VIIRS,n,2,294.61,2.84,D,0
41.53659,26.62387,336.36,0.57,0.52,2024-10-27,1146,N,VIIRS,n,2,295.53,4.81,D,0
41.56024,26.61433,339.18,0.57,0.52,2024-10-27,1146,N,VIIRS,n,2,296.13,5.42,D,0
41.5607,26.62121,338.61,0.57,0.52,2024-10-27,1146,N,VIIRS,n,2,293.95,6.54,D,0
41.75803,26.56301,327.41,0.57,0.52,2024-10-27,1146,N,VIIRS,n,2,296.04,1.41,D,0
35.51177,44.37649,337.39,0.43,0.46,2024-10-27,2224,N,VIIRS,n,2,286.63,2.2,N,2
35.52773,44.34477,337.69,0.43,0.46,2024-10-27,2224,N,VIIRS,n,2,285.95,8.92,N,2
35.52819,44.33992,348.06,0.43,0.46,2024-10-27,2224,N,VIIRS,n,2,284.44,8.92,N,2
35.53242,44.34061,347.66,0.43,0.46,2024-10-27,2224,N,VIIRS,n,2,290.92,8.92,N,2
35.56353,44.28663,322.66,0.43,0.46,2024-10-27,2224,N,VIIRS,n,2,282.49,2.56,N,2
35.56401,44.28173,334.78,0.43,0.46,2024-10-27,2224,N,VIIRS,n,2,282.26,3.88,N,2
35.62971,44.01103,337.02,0.45,0.47,2024-10-27,2224,N,VIIRS,n,2,286.83,4.6,N,2
35.6302,44.00598,324.09,0.45,0.47,2024-10-27,2224,N,VIIRS,n,2,282.66,4.6,N,2
35.63095,44.00846,349.0,0.45,0.47,2024-10-27,2224,N,VIIRS,n,2,286.24,6.11,N,2
35.66108,43.96724,321.92,0.45,0.47,2024-10-27,2224,N,VIIRS,n,2,285.48,3.37,N,2
35.66155,43.96221,336.52,0.45,0.47,2024-10-27,2224,N,VIIRS,n,2,285.94,4.99,N,2
35.67807,44.06615,295.53,0.45,0.47,2024-10-27,2224,N,VIIRS,n,2,282.49,0.88,N,2
35.68262,43.87767,339.61,0.46,0.47,2024-10-27,2224,N,VIIRS,n,2,286.15,14.11,N,2
35.68309,43.87258,303.79,0.46,0.47,2024-10-27,2224,N,VIIRS,n,2,282.57,8.97,N,2
35.68697,43.87834,318.4,0.46,0.47,2024-10-27,2224,N,VIIRS,n,2,300.31,23.94,N,2
35.68745,43.87326,321.75,0.46,0.47,2024-10-27,2224,N,VIIRS,n,2,283.84,17.62,N,2
35.7207,44.03242,297.55,0.45,0.47,2024-10-27,2224,N,VIIRS,n,2,284.57,0.42,N,2
35.72403,44.04326,317.9,0.45,0.47,2024-10-27,2224,N,VIIRS,n,2,285.96,4.1,N,2
35.72452,44.03823,338.39,0.45,0.47,2024-10-27,2224,N,VIIRS,n,2,287.97,4.1,N,2
35.72932,44.03393,327.57,0.45,0.47,2024-10-27,2224,N,VIIRS,n,2,286.92,2.84,N,2
35.77372,43.9965,335.11,0.45,0.47,2024-10-27,2224,N,VIIRS,n,2,286.5,3.68,N,2
35.81305,43.2546,300.1,0.5,0.49,2024-10-27,2224,N,VIIRS,n,2,282.87,1.26,N,2
35.81663,43.25407,296.7,0.5,0.49,2024-10-27,2224,N,VIIRS,n,2,281.44,0.38,N,0
35.8345,43.21812,305.94,0.5,0.49,2024-10-27,2224,N,VIIRS,n,2,283.88,1.16,N,2
35.83601,43.65942,307.26,0.47,0.48,2024-10-27,2224,N,VIIRS,n,2,278.16,1.01,N,0
35.84044,43.66003,303.92,0.47,0.48,2024-10-27,2224,N,VIIRS,n,2,278.56,0.7,N,0
35.84823,44.24045,302.99,0.44,0.46,2024-10-27,2224,N,VIIRS,n,2,283.69,0.78,N,0
35.87337,44.24969,300.85,0.44,0.46,2024-10-27,2224,N,VIIRS,n,2,283.93,0.98,N,0
35.92548,43.79063,315.74,0.47,0.47,2024-10-27,2224,N,VIIRS,n,2,282.68,0.86,N,2
35.95336,43.73059,296.25,0.47,0.48,2024-10-27,2224,N,VIIRS,n,2,282.5,0.74,N,2
35.96799,43.76485,367.0,0.47,0.48,2024-10-27,2224,N,VIIRS,h,2,291.67,11.22,N,2
35.96848,43.7597,315.3,0.47,0.48,2024-10-27,2224,N,VIIRS,n,2,284.79,4.86,N,2
35.97136,43.77178,301.16,0.47,0.48,2024-10-27,2224,N,VIIRS,n,2,284.06,0.99,N,2
35.97143,43.7756,298.89,0.47,0.47,2024-10-27,2224,N,VIIRS,n,2,284.55,0.89,N,2
35.97227,43.7615,338.19,0.47,0.48,2024-10-27,2224,N,VIIRS,n,2,286.5,5.8,N,2
35.97241,43.76532,321.86,0.47,0.48,2024-10-27,2224,N,VIIRS,n,2,285.46,3.58,N,2
35.97289,43.76019,304.94,0.47,0.48,2024-10-27,2224,N,VIIRS,n,2,283.95,2.29,N,2
35.97577,43.7723,297.5,0.47,0.48,2024-10-27,2224,N,VIIRS,n,2,283.95,0.99,N,2
35.98064,43.76764,308.12,0.47,0.48,2024-10-27,2224,N,VIIRS,n,2,286.03,1.76,N,2
35.98124,43.7663,302.96,0.47,0.48,2024-10-27,2224,N,VIIRS,n,2,285.54,1.77,N,2
35.99921,43.75945,300.81,0.47,0.48,2024-10-27,2224,N,VIIRS,n,2,284.02,0.78,N,2
36.00872,43.65319,311.85,0.47,0.48,2024-10-27,2224,N,VIIRS,n,2,278.56,1.5,N,0
36.0196,43.68195,312.92,0.47,0.48,2024-10-27,2224,N,VIIRS,n,2,283.76,1.9,N,2
36.08165,43.64162,307.47,0.48,0.48,2024-10-27,2224,N,VIIRS,n,2,279.8,1.68,N,0
36.08792,44.45534,322.18,0.43,0.46,2024-10-27,2224,N,VIIRS,n,2,285.72,2.87,N,0
36.09883,43.62859,303.48,0.48,0.48,2024-10-27,2224,N,VIIRS,n,2,279.71,0.75,N,0
36.10041,43.63339,297.82,0.48,0.48,2024-10-27,2224,N,VIIRS,n,2,279.16,1.22,N,0
36.12579,43.77839,304.96,0.47,0.48,2024-10-27,2224,N,VIIRS,n,2,280.93,1.12,N,2
36.1316,40.81017,306.14,0.34,0.56,2024-10-27,2224,N,VIIRS,n,2,280.56,0.65,N,2
36.14181,40.81501,326.04,0.34,0.56,2024-10-27,2224,N,VIIRS,n,2,281.69,1.69,N,2
36.16795,41.04608,305.0,0.33,0.55,2024-10-27,2224,N,VIIRS,n,2,281.63,0.33,N,0
36.16925,43.83848,320.62,0.47,0.47,2024-10-27,2224,N,VIIRS,n,2,280.97,2.84,N,0
36.17765,43.74901,308.73,0.47,0.48,2024-10-27,2224,N,VIIRS,n,2,281.87,0.77,N,0
36.18206,43.74977,297.79,0.47,0.48,2024-10-27,2224,N,VIIRS,n,2,282.68,0.77,N,0
36.23411,43.85602,298.38,0.47,0.47,2024-10-27,2224,N,VIIRS,n,2,278.79,1.2,N,0
36.31364,43.75476,295.27,0.47,0.48,2024-10-27,2224,N,VIIRS,n,2,284.05,1.19,N,2
36.34972,42.07302,297.09,0.58,0.52,2024-10-27,2224,N,VIIRS,n,2,286.3,1.16,N,2
36.40019,43.97749,310.44,0.46,0.47,2024-10-27,2224,N,VIIRS,n,2,282.59,2.07,N,0
36.44005,42.93015,295.24,0.52,0.5,2024-10-27,2224,N,VIIRS,n,2,282.82,0.82,N,2
36.45742,41.28072,308.2,0.32,0.55,2024-10-27,2224,N,VIIRS,n,2,280.0,0.71,N,2
36.54282,43.1877,300.91,0.51,0.49,2024-10-27,2224,N,VIIRS,n,2,278.71,1.03,N,0
36.65506,43.65036,296.17,0.48,0.48,2024-10-27,2224,N,VIIRS,n,2,281.54,1.15,N,0
36.71863,36.20115,301.42,0.62,0.72,2024-10-27,2224,N,VIIRS,n,2,286.73,0.78,N,2
36.72361,43.06278,299.07,0.52,0.5,2024-10-27,2224,N,VIIRS,n,2,279.67,1.21,N,0
36.73186,36.20885,307.1,0.62,0.71,2024-10-27,2224,N,VIIRS,n,2,290.85,2.03,N,2
36.73316,43.27834,295.9,0.51,0.49,2024-10-27,2224,N,VIIRS,n,2,282.71,0.33,N,2
36.73406,36.21353,300.51,0.62,0.71,2024-10-27,2224,N,VIIRS,n,2,289.99,1.35,N,2
36.73423,36.20608,300.58,0.62,0.72,2024-10-27,2224,N,VIIRS,n,2,289.46,1.35,N,2
36.73857,36.2093,309.86,0.62,0.71,2024-10-27,2224,N,VIIRS,n,2,291.41,2.03,N,2
36.74077,36.21395,302.95,0.62,0.71,2024-10-27,2224,N,VIIRS,n,2,288.33,2.24,N,2
36.74691,43.49603,297.44,0.49,0.49,2024-10-27,2224,N,VIIRS,n,2,281.13,0.82,N,2
36.75284,43.58694,298.25,0.49,0.48,2024-10-27,2224,N,VIIRS,n,2,281.76,0.91,N,0
36.75732,43.58768,320.56,0.49,0.48,2024-10-27,2224,N,VIIRS,n,2,283.52,1.61,N,0
36.7618,43.58844,296.86,0.49,0.48,2024-10-27,2224,N,VIIRS,n,2,283.45,1.61,N,0
36.77489,43.32648,331.98,0.5,0.49,2024-10-27,2224,N,VIIRS,n,2,284.42,2.99,N,2
36.77538,43.32067,309.92,0.5,0.49,2024-10-27,2224,N,VIIRS,n,2,282.42,3.57,N,2
36.86696,34.76086,301.72,0.75,0.77,2024-10-27,2224,N,VIIRS,n,2,285.7,2.08,N,2
36.86758,43.48827,313.35,0.5,0.49,2024-10-27,2224,N,VIIRS,n,2,281.16,1.74,N,2
36.86916,34.7584,303.71,0.75,0.77,2024-10-27,2224,N,VIIRS,n,2,287.13,2.27,N,2
36.89119,43.42588,334.41,0.5,0.49,2024-10-27,2224,N,VIIRS,n,2,278.64,4.66,N,2
36.90814,43.38852,340.87,0.5,0.49,2024-10-27,2224,N,VIIRS,n,2,282.62,7.78,N,2
36.93794,42.12288,297.7,0.59,0.53,2024-10-27,2224,N,VIIRS,n,2,282.53,1.33,N,2
36.94719,42.13085,324.61,0.59,0.53,2024-10-27,2224,N,VIIRS,n,2,283.34,3.78,N,2
36.94944,42.13078,313.25,0.59,0.53,2024-10-27,2224,N,VIIRS,n,2,281.55,2.62,N,2
36.99489,40.71154,295.18,0.35,0.57,2024-10-27,2224,N,VIIRS,n,2,279.23,0.52,N,0
37.01086,36.10053,296.1,0.63,0.72,2024-10-27,2224,N,VIIRS,n,2,283.06,1.72,N,2
37.0176,36.10121,297.17,0.63,0.72,2024-10-27,2224,N,VIIRS,n,2,283.79,1.59,N,2
37.02419,36.10854,300.55,0.63,0.72,2024-10-27,2224,N,VIIRS,n,2,285.66,1.59,N,2
37.03049,42.16817,295.12,0.59,0.53,2024-10-27,2224,N,VIIRS,n,2,283.31,0.62,N,2
37.03197,42.57639,300.32,0.56,0.51,2024-10-27,2224,N,VIIRS,n,2,280.44,1.02,N,0
37.03236,42.57698,300.04,0.56,0.51,2024-10-27,2224,N,VIIRS,n,2,280.67,1.28,N,0
37.05346,42.54728,300.57,0.56,0.51,2024-10-27,2224,N,VIIRS,n,2,279.77,1.61,N,0
37.15513,42.6039,314.84,0.56,0.51,2024-10-27,2224,N,VIIRS,n,2,282.51,2.61,N,0
37.15989,42.60466,323.19,0.56,0.51,2024-10-27,2224,N,VIIRS,n,2,281.87,2.61,N,0
37.23135,42.43183,296.55,0.57,0.52,2024-10-27,2224,N,VIIRS,n,2,277.19,0.8,N,0
37.23565,42.439,312.25,0.57,0.52,2024-10-27,2224,N,VIIRS,n,2,276.81,1.7,N,0
37.23617,42.43248,311.5,0.57,0.52,2024-10-27,2224,N,VIIRS,n,2,277.4,2.68,N,0
37.32245,42.36529,315.14,0.58,0.52,2024-10-27,2224,N,VIIRS,n,2,280.11,3.29,N,0
37.67456,40.84269,300.91,0.35,0.57,2024-10-27,2224,N,VIIRS,n,2,277.22,0.73,N,0
37.67557,40.76286,300.16,0.36,0.57,2024-10-27,2224,N,VIIRS,n,2,274.53,0.6,N,0
37.69379,40.6949,296.42,0.36,0.57,2024-10-27,2224,N,VIIRS,n,2,277.52,0.68,N,0
37.69584,40.69693,298.03,0.36,0.57,2024-10-27,2224,N,VIIRS,n,2,276.8,0.29,N,0
37.71217,40.83751,339.62,0.35,0.57,2024-10-27,2224,N,VIIRS,n,2,274.88,3.54,N,0
37.71746,40.83814,367.0,0.35,0.57,2024-10-27,2224,N,VIIRS,h,2,286.53,10.68,N,0
37.71925,40.89635,309.98,0.35,0.57,2024-10-27,2224,N,VIIRS,n,2,276.69,0.97,N,0
37.71951,40.89214,299.46,0.35,0.57,2024-10-27,2224,N,VIIRS,n,2,276.56,1.28,N,0
37.72047,40.51109,300.82,0.37,0.58,2024-10-27,2224,N,VIIRS,n,2,273.3,0.39,N,0
37.72531,40.8842,300.89,0.35,0.57,2024-10-27,2224,N,VIIRS,n,2,277.11,0.94,N,0
37.72557,40.88007,310.46,0.35,0.57,2024-10-27,2224,N,VIIRS,n,2,277.97,0.94,N,0
37.72587,40.51162,296.51,0.37,0.58,2024-10-27,2224,N,VIIRS,n,2,275.18,0.33,N,0
37.76263,40.88288,324.14,0.35,0.57,2024-10-27,2224,N,VIIRS,n,2,275.67,1.92,N,0
37.76288,40.87901,301.64,0.35,0.57,2024-10-27,2224,N,VIIRS,n,2,274.56,2.03,N,0
37.76363,40.86722,298.26,0.35,0.57,2024-10-27,2224,N,VIIRS,n,2,274.73,0.6,N,0
37.87543,40.84035,302.58,0.35,0.57,2024-10-27,2224,N,VIIRS,n,2,274.91,0.87,N,0
37.87569,40.83629,301.95,0.35,0.57,2024-10-27,2224,N,VIIRS,n,2,274.79,0.87,N,0
37.89644,40.67586,302.12,0.36,0.57,2024-10-27,2224,N,VIIRS,n,2,275.32,0.95,N,0
37.89938,40.67387,299.28,0.36,0.57,2024-10-27,2224,N,VIIRS,n,2,274.27,1.05,N,0
37.90106,40.68811,295.42,0.36,0.57,2024-10-27,2224,N,VIIRS,n,2,273.97,0.3,N,0
37.90718,40.67633,295.33,0.36,0.57,2024-10-27,2224,N,VIIRS,n,2,274.15,0.69,N,0
37.90917,41.46193,312.94,0.33,0.55,2024-10-27,2224,N,VIIRS,n,2,275.92,2.33,N,0
37.90942,41.45809,303.01,0.33,0.55,2024-10-27,2224,N,VIIRS,n,2,274.59,3.48,N,0
37.9099,40.67839,302.94,0.36,0.57,2024-10-27,2224,N,VIIRS,n,2,274.03,1.02,N,0
37.91406,41.46601,309.58,0.33,0.55,2024-10-27,2224,N,VIIRS,n,2,274.51,2.33,N,0
37.91431,41.46223,350.71,0.33,0.55,2024-10-27,2224,N,VIIRS,n,2,277.22,2.33,N,0
37.94231,41.50594,300.49,0.33,0.55,2024-10-27,2224,N,VIIRS,n,2,276.67,0.57,N,0
37.9453,41.68367,295.76,0.32,0.54,2024-10-27,2224,N,VIIRS,n,2,274.17,0.18,N,0
37.94743,41.50658,310.58,0.33,0.55,2024-10-27,2224,N,VIIRS,n,2,276.52,1.16,N,0
37.9477,41.50258,315.3,0.33,0.55,2024-10-27,2224,N,VIIRS,n,2,276.18,1.16,N,0
37.9492,41.50859,298.29,0.33,0.55,2024-10-27,2224,N,VIIRS,n,2,276.59,0.83,N,0
37.94945,41.50461,311.35,0.33,0.55,2024-10-27,2224,N,VIIRS,n,2,277.15,1.37,N,0
37.9497,41.50061,318.97,0.33,0.55,2024-10-27,2224,N,VIIRS,n,2,277.56,1.37,N,0
37.94995,41.49665,296.39,0.33,0.55,2024-10-27,2224,N,VIIRS,n,2,276.66,1.68,N,0
37.95282,41.50311,297.18,0.33,0.55,2024-10-27,2224,N,VIIRS,n,2,277.0,1.16,N,0
37.95309,41.49914,334.04,0.33,0.55,2024-10-27,2224,N,VIIRS,n,2,278.46,2.05,N,0
37.95336,41.49523,295.52,0.33,0.55,2024-10-27,2224,N,VIIRS,n,2,276.5,2.05,N,0
37.95383,41.51675,297.54,0.33,0.55,2024-10-27,2224,N,VIIRS,n,2,276.42,0.37,N,0
37.95482,41.50112,311.98,0.33,0.55,2024-10-27,2224,N,VIIRS,n,2,276.36,1.37,N,0
37.95507,41.49717,318.32,0.33,0.55,2024-10-27,2224,N,VIIRS,n,2,276.66,1.68,N,0
37.95589,41.60633,311.66,0.32,0.55,2024-10-27,2224,N,VIIRS,n,2,275.15,1.12,N,0
37.95616,41.6025,308.02,0.32,0.55,2024-10-27,2224,N,VIIRS,n,2,275.52,1.12,N,0
37.95643,41.59867,308.84,0.32,0.55,2024-10-27,2224,N,VIIRS,n,2,275.34,1.69,N,0
37.95824,41.60856,303.95,0.32,0.55,2024-10-27,2224,N,VIIRS,n,2,275.81,0.97,N,0
37.95849,41.60471,310.48,0.32,0.55,2024-10-27,2224,N,VIIRS,n,2,276.3,1.4,N,0
37.95874,41.60086,316.08,0.32,0.55,2024-10-27,2224,N,VIIRS,n,2,276.85,1.4,N,0
37.95899,41.59701,296.14,0.32,0.55,2024-10-27,2224,N,VIIRS,n,2,274.67,1.18,N,0
37.96357,41.6054,303.08,0.32,0.55,2024-10-27,2224,N,VIIRS,n,2,275.57,0.82,N,0
37.96865,41.60607,308.21,0.32,0.55,2024-10-27,2224,N,VIIRS,n,2,277.85,0.82,N,0
37.96891,41.60218,298.76,0.32,0.55,2024-10-27,2224,N,VIIRS,n,2,276.71,0.82,N,0
37.97018,41.50274,299.41,0.33,0.55,2024-10-27,2224,N,VIIRS,n,2,276.52,0.65,N,0
37.9889,41.28848,310.23,0.34,0.56,2024-10-27,2224,N,VIIRS,n,2,277.19,1.41,N,0
37.98914,41.28463,295.83,0.34,0.56,2024-10-27,2224,N,VIIRS,n,2,276.98,1.1,N,0
37.99788,41.6291,300.79,0.32,0.55,2024-10-27,2224,N,VIIRS,n,2,280.01,0.82,N,0
38.00463,40.16028,297.09,0.39,0.59,2024-10-27,2224,N,VIIRS,n,2,275.84,0.7,N,0
38.02769,40.82249,316.96,0.36,0.57,2024-10-27,2224,N,VIIRS,n,2,273.73,1.32,N,0
38.0508,41.29934,295.46,0.34,0.56,2024-10-27,2224,N,VIIRS,n,2,278.62,0.61,N,0
38.0594,39.09036,298.45,0.44,0.63,2024-10-27,2224,N,VIIRS,n,2,282.31,1.46,N,0
38.06127,41.52811,314.31,0.33,0.55,2024-10-27,2224,N,VIIRS,n,2,276.71,1.13,N,0
38.06377,41.52706,310.17,0.33,0.55,2024-10-27,2224,N,VIIRS,n,2,277.48,1.2,N,0
38.06539,39.08761,308.66,0.44,0.63,2024-10-27,2224,N,VIIRS,n,2,282.45,2.66,N,0
38.10669,40.99645,300.13,0.35,0.57,2024-10-27,2224,N,VIIRS,n,2,277.66,0.73,N,0
38.10693,40.99228,297.06,0.35,0.57,2024-10-27,2224,N,VIIRS,n,2,278.34,1.11,N,0
38.1714,40.43319,309.9,0.37,0.58,2024-10-27,2224,N,VIIRS,n,2,276.22,1.16,N,0
38.50413,35.64936,301.85,0.68,0.74,2024-10-27,2224,N,VIIRS,n,2,269.4,2.0,N,0
38.50527,35.64793,297.19,0.68,0.74,2024-10-27,2224,N,VIIRS,n,2,269.49,1.74,N,0
35.68684,43.88405,349.23,0.79,0.78,2024-10-28,4,N,VIIRS,n,2,283.18,15.11,N,2
35.68967,43.87542,367.0,0.79,0.78,2024-10-28,4,N,VIIRS,h,2,284.04,20.46,N,2
35.92379,43.79207,298.52,0.77,0.78,2024-10-28,4,N,VIIRS,n,2,279.99,0.89,N,2
35.95162,43.72992,302.25,0.77,0.77,2024-10-28,4,N,VIIRS,n,2,280.84,1.29,N,2
35.96149,43.77229,309.95,0.77,0.77,2024-10-28,4,N,VIIRS,n,2,281.48,5.11,N,0
35.96428,43.76359,305.96,0.77,0.77,2024-10-28,4,N,VIIRS,n,2,282.14,8.89,N,2
35.96537,43.77148,348.42,0.77,0.77,2024-10-28,4,N,VIIRS,n,2,283.32,11.12,N,2
35.96801,43.77637,320.66,0.77,0.77,2024-10-28,4,N,VIIRS,n,2,281.81,5.11,N,2
35.96817,43.76288,341.12,0.77,0.77,2024-10-28,4,N,VIIRS,n,2,284.14,11.12,N,2
35.97075,43.7678,349.81,0.77,0.77,2024-10-28,4,N,VIIRS,n,2,285.18,8.89,N,2
35.97729,43.77182,300.05,0.77,0.77,2024-10-28,4,N,VIIRS,n,2,281.14,2.57,N,2
35.98124,43.7709,303.01,0.77,0.77,2024-10-28,4,N,VIIRS,n,2,281.34,1.42,N,2
35.99591,43.76247,295.26,0.77,0.77,2024-10-28,4,N,VIIRS,n,2,280.23,0.9,N,2
36.0171,43.68453,303.04,0.76,0.77,2024-10-28,4,N,VIIRS,n,2,279.39,1.29,N,2
36.08469,43.64379,302.6,0.75,0.77,2024-10-28,4,N,VIIRS,n,2,277.77,1.66,N,0
36.09656,43.63097,303.96,0.75,0.77,2024-10-28,4,N,VIIRS,n,2,277.44,1.33,N,0
36.12508,43.78544,298.82,0.76,0.77,2024-10-28,4,N,VIIRS,n,2,279.81,1.16,N,0
36.12871,43.78325,297.87,0.76,0.77,2024-10-28,4,N,VIIRS,n,2,281.83,1.56,N,2
36.31243,43.75785,295.97,0.75,0.77,2024-10-28,4,N,VIIRS,n,2,281.27,0.93,N,2
36.44408,42.93345,295.4,0.68,0.74,2024-10-28,4,N,VIIRS,n,2,283.0,1.35,N,2
36.73306,43.28395,297.29,0.69,0.74,2024-10-28,4,N,VIIRS,n,2,280.65,1.23,N,2
36.73391,43.06586,295.78,0.68,0.74,2024-10-28,4,N,VIIRS,n,2,278.43,0.95,N,0
36.74986,43.58848,297.24,0.72,0.75,2024-10-28,4,N,VIIRS,n,2,281.26,1.5,N,0
36.75644,43.58869,319.13,0.72,0.75,2024-10-28,4,N,VIIRS,n,2,282.31,3.94,N,0
36.77267,43.32374,315.59,0.69,0.75,2024-10-28,4,N,VIIRS,n,2,280.93,2.34,N,2
36.77375,43.32192,315.66,0.69,0.75,2024-10-28,4,N,VIIRS,n,2,281.18,3.15,N,2
36.77991,43.32463,329.39,0.69,0.75,2024-10-28,4,N,VIIRS,n,2,284.37,3.73,N,2
36.78094,43.32299,315.53,0.69,0.75,2024-10-28,4,N,VIIRS,n,2,283.92,3.15,N,0
36.86942,43.49242,318.83,0.7,0.75,2024-10-28,4,N,VIIRS,n,2,281.15,3.06,N,2
36.87045,43.4925,316.75,0.7,0.75,2024-10-28,4,N,VIIRS,n,2,280.79,3.12,N,2
36.88914,43.43083,321.84,0.7,0.75,2024-10-28,4,N,VIIRS,n,2,278.11,3.07,N,2
36.89017,43.42968,317.54,0.7,0.75,2024-10-28,4,N,VIIRS,n,2,277.47,3.48,N,2
36.89555,43.43439,298.92,0.7,0.75,2024-10-28,4,N,VIIRS,n,2,277.9,0.73,N,2
36.9011,43.39344,297.47,0.7,0.75,2024-10-28,4,N,VIIRS,n,2,279.14,1.28,N,2
36.90208,43.3917,295.82,0.7,0.75,2024-10-28,4,N,VIIRS,n,2,278.35,2.91,N,0
36.90628,43.40229,298.89,0.7,0.75,2024-10-28,4,N,VIIRS,n,2,277.53,2.91,N,0
36.90809,43.39514,338.38,0.7,0.75,2024-10-28,4,N,VIIRS,n,2,279.97,7.01,N,2
36.90888,43.39397,328.13,0.7,0.75,2024-10-28,4,N,VIIRS,n,2,279.09,2.91,N,2
36.91619,41.89696,298.84,0.58,0.7,2024-10-28,4,N,VIIRS,n,2,275.44,0.56,N,2
36.94456,42.12865,300.42,0.6,0.7,2024-10-28,4,N,VIIRS,n,2,281.59,2.48,N,2
36.94478,42.12792,299.66,0.6,0.7,2024-10-28,4,N,VIIRS,n,2,281.82,2.77,N,2
36.9507,42.13169,305.91,0.6,0.7,2024-10-28,4,N,VIIRS,n,2,279.69,1.58,N,2
36.95094,42.13092,307.2,0.6,0.7,2024-10-28,4,N,VIIRS,n,2,279.83,1.34,N,2
37.03142,42.16848,295.72,0.6,0.7,2024-10-28,4,N,VIIRS,n,2,282.93,0.58,N,2
37.16418,41.89139,298.25,0.57,0.69,2024-10-28,4,N,VIIRS,n,2,281.01,0.37,N,0
37.23587,42.44221,296.32,0.61,0.71,2024-10-28,4,N,VIIRS,n,2,276.59,1.27,N,0
37.30192,42.38804,298.46,0.6,0.71,2024-10-28,4,N,VIIRS,n,2,277.81,0.83,N,0
37.30198,42.3888,298.56,0.6,0.71,2024-10-28,4,N,VIIRS,n,2,277.89,1.31,N,0
37.69584,40.44762,351.37,0.47,0.64,2024-10-28,4,N,VIIRS,n,2,277.51,9.33,N,0
37.69734,40.44239,353.36,0.47,0.64,2024-10-28,4,N,VIIRS,n,2,278.52,9.33,N,0
37.7183,40.89273,295.94,0.49,0.65,2024-10-28,4,N,VIIRS,n,2,273.64,1.38,N,0
37.72134,40.88221,308.62,0.49,0.65,2024-10-28,4,N,VIIRS,n,2,274.43,1.56,N,0
37.75544,40.86267,295.74,0.49,0.65,2024-10-28,4,N,VIIRS,n,2,273.54,1.14,N,0
37.75919,40.86368,302.86,0.49,0.65,2024-10-28,4,N,VIIRS,n,2,273.06,1.59,N,0
37.76,40.88352,315.0,0.49,0.65,2024-10-28,4,N,VIIRS,n,2,273.53,1.62,N,0
37.76185,40.8852,312.81,0.49,0.65,2024-10-28,4,N,VIIRS,n,2,273.33,1.24,N,0
37.80472,40.5253,354.83,0.47,0.64,2024-10-28,4,N,VIIRS,n,2,278.78,17.05,N,0
37.80614,40.52033,367.0,0.47,0.64,2024-10-28,4,N,VIIRS,h,2,278.0,21.89,N,0
37.87851,40.84109,297.73,0.49,0.65,2024-10-28,4,N,VIIRS,n,2,274.28,0.96,N,0
37.90402,41.46041,318.91,0.52,0.67,2024-10-28,4,N,VIIRS,n,2,276.98,2.17,N,0
37.90562,41.45496,302.55,0.52,0.67,2024-10-28,4,N,VIIRS,n,2,275.69,2.17,N,0
37.93861,41.56454,297.9,0.53,0.67,2024-10-28,4,N,VIIRS,n,2,274.15,1.28,N,0
37.94218,41.50752,296.65,0.52,0.67,2024-10-28,4,N,VIIRS,n,2,275.58,1.03,N,0
37.9434,41.50835,300.13,0.52,0.67,2024-10-28,4,N,VIIRS,n,2,275.74,1.68,N,0
37.94811,41.51007,301.5,0.52,0.67,2024-10-28,4,N,VIIRS,n,2,276.27,1.03,N,0
37.94971,41.5047,315.81,0.52,0.67,2024-10-28,4,N,VIIRS,n,2,276.79,3.29,N,0
37.9513,41.49934,320.2,0.52,0.67,2024-10-28,4,N,VIIRS,n,2,276.56,3.29,N,0
37.95712,41.50225,297.41,0.52,0.67,2024-10-28,4,N,VIIRS,n,2,275.22,0.93,N,0
37.95948,41.60732,297.78,0.53,0.67,2024-10-28,4,N,VIIRS,n,2,274.62,1.13,N,0
38.02704,40.82576,303.25,0.48,0.65,2024-10-28,4,N,VIIRS,n,2,272.35,1.71,N,0
38.03143,40.82231,306.57,0.48,0.65,2024-10-28,4,N,VIIRS,n,2,272.16,1.22,N,0
38.06429,39.08834,313.88,0.39,0.59,2024-10-28,4,N,VIIRS,n,2,283.09,1.59,N,0
38.17427,40.43621,306.28,0.46,0.63,2024-10-28,4,N,VIIRS,n,2,275.34,1.32,N,0
38.45547,38.72556,297.83,0.37,0.58,2024-10-28,4,N,VIIRS,n,2,278.63,0.9,N,2
38.88393,37.89742,299.23,0.32,0.55,2024-10-28,4,N,VIIRS,n,2,275.71,0.79,N,2
39.4847,30.04203,307.55,0.42,0.38,2024-10-28,4,N,VIIRS,n,2,276.79,1.32,N,2
39.74495,30.19921,300.75,0.42,0.38,2024-10-28,4,N,VIIRS,n,2,277.86,0.99,N,2
39.83581,30.30243,296.88,0.43,0.38,2024-10-28,4,N,VIIRS,n,2,275.05,0.65,N,2
39.86378,26.24424,310.42,0.39,0.36,2024-10-28,4,N,VIIRS,n,2,282.85,1.46,N,2
39.8671,26.24506,314.17,0.39,0.36,2024-10-28,4,N,VIIRS,n,2,284.76,1.52,N,2
40.75812,29.76071,303.51,0.41,0.37,2024-10-28,4,N,VIIRS,n,2,286.44,1.12,N,2
40.76361,29.52913,299.97,0.4,0.37,2024-10-28,4,N,VIIRS,n,2,287.92,1.17,N,3
40.78217,29.60377,302.38,0.4,0.37,2024-10-28,4,N,VIIRS,n,2,287.4,0.86,N,2
41.0214,28.55674,318.89,0.39,0.36,2024-10-28,4,N,VIIRS,n,2,286.36,1.42,N,2
41.17479,32.63541,320.86,0.49,0.4,2024-10-28,4,N,VIIRS,n,2,279.78,2.41,N,2
41.17841,32.6367,321.45,0.49,0.4,2024-10-28,4,N,VIIRS,n,2,279.38,2.24,N,2
41.19274,32.62356,299.2,0.49,0.4,2024-10-28,4,N,VIIRS,n,2,278.19,1.07,N,2
41.24351,36.46433,314.33,0.48,0.48,2024-10-28,4,N,VIIRS,n,2,283.98,2.88,N,2
41.25581,31.41584,299.99,0.44,0.39,2024-10-28,4,N,VIIRS,n,2,280.83,0.44,N,2
41.26077,31.42853,299.07,0.44,0.39,2024-10-28,4,N,VIIRS,n,2,283.83,1.12,N,2
41.26425,31.42968,317.09,0.44,0.39,2024-10-28,4,N,VIIRS,n,2,284.29,1.12,N,2
41.26524,31.42451,320.8,0.44,0.39,2024-10-28,4,N,VIIRS,n,2,287.57,3.0,N,2
41.79703,26.7027,299.92,0.39,0.36,2024-10-28,4,N,VIIRS,n,2,279.58,0.7,N,2
35.67988,43.874,297.09,0.79,0.78,2024-10-28,5,N,VIIRS,n,2,281.11,2.54,N,2
35.684,43.88577,323.04,0.79,0.78,2024-10-28,5,N,VIIRS,n,2,282.52,27.63,N,0
35.68676,43.87719,367.0,0.79,0.78,2024-10-28,5,N,VIIRS,h,2,290.27,27.63,N,2
35.81549,43.25784,295.51,0.73,0.76,2024-10-28,5,N,VIIRS,n,2,281.39,0.98,N,2
35.83482,43.22129,304.73,0.73,0.76,2024-10-28,5,N,VIIRS,n,2,281.88,1.8,N,2
35.83633,43.22528,302.32,0.73,0.76,2024-10-28,5,N,VIIRS,n,2,281.61,1.31,N,2
36.14129,40.81744,315.37,0.54,0.68,2024-10-28,5,N,VIIRS,n,2,279.7,1.26,N,2
36.26185,33.73027,308.31,0.45,0.47,2024-10-28,5,N,VIIRS,n,2,289.22,1.39,N,2
36.53864,36.13768,335.79,0.6,0.53,2024-10-28,5,N,VIIRS,n,2,289.11,7.53,N,0
36.71959,36.20061,319.29,0.6,0.53,2024-10-28,5,N,VIIRS,n,2,288.81,2.13,N,2
36.7322,36.21246,302.73,0.6,0.53,2024-10-28,5,N,VIIRS,n,2,291.51,1.81,N,2
36.86648,34.7582,295.96,0.5,0.49,2024-10-28,5,N,VIIRS,n,2,285.5,0.99,N,2
36.8696,34.76524,300.29,0.5,0.49,2024-10-28,5,N,VIIRS,n,2,288.04,1.5,N,2
36.95139,30.75039,295.88,0.48,0.4,2024-10-28,5,N,VIIRS,n,2,282.93,0.46,N,0
37.02068,36.10892,298.98,0.58,0.52,2024-10-28,5,N,VIIRS,n,2,286.29,1.15,N,2
37.29393,33.42603,336.03,0.42,0.45,2024-10-28,5,N,VIIRS,n,2,272.56,4.48,N,0
37.29493,33.42143,321.01,0.42,0.45,2024-10-28,5,N,VIIRS,n,2,271.37,4.48,N,0
37.35346,37.16254,300.62,0.32,0.55,2024-10-28,5,N,VIIRS,n,2,282.57,1.22,N,2
37.47662,36.58387,297.46,0.6,0.53,2024-10-28,5,N,VIIRS,n,2,283.32,1.25,N,0
37.47843,36.58462,302.84,0.6,0.53,2024-10-28,5,N,VIIRS,n,2,284.02,1.43,N,0
37.5353,27.25886,296.78,0.39,0.36,2024-10-28,5,N,VIIRS,n,2,279.38,0.45,N,0
37.69426,29.00221,331.53,0.41,0.37,2024-10-28,5,N,VIIRS,n,2,284.76,6.03,N,0
37.69513,28.99738,346.84,0.41,0.37,2024-10-28,5,N,VIIRS,n,2,286.3,6.03,N,0
37.70336,29.01089,318.29,0.41,0.37,2024-10-28,5,N,VIIRS,n,2,285.98,2.28,N,0
37.70672,29.01195,310.49,0.41,0.37,2024-10-28,5,N,VIIRS,n,2,286.16,2.14,N,0
37.70922,29.01784,321.26,0.41,0.37,2024-10-28,5,N,VIIRS,n,2,286.23,2.14,N,0
37.7126,29.01884,318.77,0.41,0.37,2024-10-28,5,N,VIIRS,n,2,285.11,1.41,N,0
37.71596,29.01991,300.24,0.41,0.37,2024-10-28,5,N,VIIRS,n,2,283.61,1.41,N,0
37.71684,29.01493,308.54,0.41,0.37,2024-10-28,5,N,VIIRS,n,2,284.6,1.41,N,0
37.71932,29.02098,301.02,0.41,0.37,2024-10-28,5,N,VIIRS,n,2,284.41,1.12,N,0
37.72781,29.01313,330.15,0.41,0.37,2024-10-28,5,N,VIIRS,n,2,285.9,2.22,N,0
37.72865,29.00836,309.05,0.41,0.37,2024-10-28,5,N,VIIRS,n,2,282.87,2.22,N,0
37.77177,27.43834,301.34,0.39,0.36,2024-10-28,5,N,VIIRS,n,2,285.58,0.75,N,2
37.8543,33.30777,296.96,0.4,0.44,2024-10-28,5,N,VIIRS,n,2,270.98,0.76,N,0
37.86096,29.37169,295.81,0.42,0.38,2024-10-28,5,N,VIIRS,n,2,280.53,0.87,N,2
38.42707,27.21546,318.12,0.38,0.36,2024-10-28,5,N,VIIRS,n,2,286.74,1.61,N,2
38.4916,31.36144,324.05,0.48,0.4,2024-10-28,5,N,VIIRS,n,2,268.63,3.45,N,3
38.63905,31.13133,306.44,0.47,0.4,2024-10-28,5,N,VIIRS,n,2,275.61,1.77,N,0
38.64008,31.12603,300.24,0.47,0.4,2024-10-28,5,N,VIIRS,n,2,274.38,1.77,N,0
38.64145,31.21691,311.53,0.47,0.4,2024-10-28,5,N,VIIRS,n,2,276.35,2.31,N,0
38.64825,31.12299,300.73,0.47,0.4,2024-10-28,5,N,VIIRS,n,2,274.84,2.61,N,0
38.65741,30.61644,296.75,0.45,0.39,2024-10-28,5,N,VIIRS,n,2,276.43,0.92,N,2
38.65917,30.61964,301.36,0.45,0.39,2024-10-28,5,N,VIIRS,n,2,278.06,1.15,N,2
38.73226,26.96656,298.75,0.38,0.36,2024-10-28,5,N,VIIRS,n,2,283.98,0.47,N,2
38.73502,26.94902,297.03,0.38,0.36,2024-10-28,5,N,VIIRS,n,2,285.73,1.74,N,2
38.73571,26.94464,304.86,0.38,0.36,2024-10-28,5,N,VIIRS,n,2,288.78,1.74,N,2
38.73778,26.93149,321.57,0.38,0.36,2024-10-28,5,N,VIIRS,n,2,287.41,1.71,N,2
38.73831,26.94987,300.84,0.38,0.36,2024-10-28,5,N,VIIRS,n,2,285.62,1.74,N,2
38.739,26.94548,337.42,0.38,0.36,2024-10-28,5,N,VIIRS,n,2,289.43,1.74,N,2
38.74107,26.93233,304.64,0.38,0.36,2024-10-28,5,N,VIIRS,n,2,284.04,1.71,N,2
38.7416,26.95071,326.07,0.38,0.36,2024-10-28,5,N,VIIRS,n,2,288.19,1.06,N,2
38.74229,26.94633,309.23,0.38,0.36,2024-10-28,5,N,VIIRS,n,2,286.47,1.06,N,2
38.74436,26.93318,318.17,0.38,0.36,2024-10-28,5,N,VIIRS,n,2,283.94,1.33,N,2
38.74557,26.94717,304.44,0.38,0.36,2024-10-28,5,N,VIIRS,n,2,285.06,1.06,N,2
38.75093,26.93486,306.67,0.38,0.36,2024-10-28,5,N,VIIRS,n,2,284.72,1.06,N,0
38.78672,26.91895,299.71,0.38,0.36,2024-10-28,5,N,VIIRS,n,2,286.5,1.25,N,3
38.79192,26.92941,318.57,0.38,0.36,2024-10-28,5,N,VIIRS,n,2,287.0,1.38,N,0
38.79919,26.92671,313.38,0.38,0.36,2024-10-28,5,N,VIIRS,n,2,287.11,1.17,N,0
39.02576,28.67165,303.11,0.4,0.37,2024-10-28,5,N,VIIRS,n,2,277.68,0.87,N,0
39.0291,28.67254,302.94,0.4,0.37,2024-10-28,5,N,VIIRS,n,2,277.69,0.51,N,0
39.02989,28.66795,295.09,0.4,0.37,2024-10-28,5,N,VIIRS,n,2,277.43,0.51,N,0
39.09119,27.50991,300.15,0.39,0.36,2024-10-28,5,N,VIIRS,n,2,282.14,0.68,N,0
39.09376,27.51522,295.16,0.39,0.36,2024-10-28,5,N,VIIRS,n,2,281.76,0.51,N,0
39.1106,27.59548,297.32,0.39,0.36,2024-10-28,5,N,VIIRS,n,2,282.44,0.65,N,0
39.16616,27.63354,300.13,0.39,0.36,2024-10-28,5,N,VIIRS,n,2,281.38,0.41,N,2
39.16688,27.62913,302.64,0.39,0.36,2024-10-28,5,N,VIIRS,n,2,282.9,0.68,N,2
39.181,27.49937,299.9,0.38,0.36,2024-10-28,5,N,VIIRS,n,2,283.15,0.52,N,2
39.19461,27.64445,303.41,0.39,0.36,2024-10-28,5,N,VIIRS,n,2,282.29,0.64,N,0
35.51017,44.37571,338.77,0.48,0.4,2024-10-28,944,N,VIIRS,n,2,311.53,6.59,D,2
35.52695,44.34304,344.47,0.48,0.4,2024-10-28,944,N,VIIRS,n,2,310.7,33.22,D,2
35.6615,43.96492,340.21,0.5,0.41,2024-10-28,944,N,VIIRS,n,2,311.06,9.82,D,2
35.67964,44.44749,349.6,0.48,0.4,2024-10-28,944,N,VIIRS,n,2,310.54,6.18,D,0
35.68063,44.45274,342.91,0.48,0.4,2024-10-28,944,N,VIIRS,n,2,307.47,6.18,D,0
35.68731,43.87642,342.0,0.5,0.41,2024-10-28,944,N,VIIRS,n,2,307.51,7.09,D,2
35.69214,43.9619,351.05,0.5,0.41,2024-10-28,944,N,VIIRS,n,2,307.74,5.96,D,0
35.66378,43.46012,336.34,0.53,0.42,2024-10-28,945,N,VIIRS,n,2,305.84,3.53,D,0
35.77342,43.99488,337.13,0.5,0.41,2024-10-28,945,N,VIIRS,n,2,307.81,2.35,D,2
35.77596,44.10749,335.68,0.49,0.4,2024-10-28,945,N,VIIRS,n,2,308.16,2.12,D,0
35.83276,44.18149,343.71,0.49,0.4,2024-10-28,945,N,VIIRS,n,2,311.8,8.9,D,0
35.84485,43.51909,343.71,0.52,0.42,2024-10-28,945,N,VIIRS,n,2,307.18,4.44,D,0
35.85075,43.69039,339.08,0.51,0.41,2024-10-28,945,N,VIIRS,n,2,308.7,6.31,D,0
35.92533,43.78983,335.67,0.5,0.41,2024-10-28,945,N,VIIRS,n,2,305.69,3.25,D,2
35.95111,43.35775,338.85,0.53,0.42,2024-10-28,945,N,VIIRS,n,2,312.99,33.51,D,0
35.95324,43.36102,334.42,0.53,0.42,2024-10-28,945,N,VIIRS,n,2,305.14,15.17,D,0
35.95489,43.35663,347.5,0.53,0.42,2024-10-28,945,N,VIIRS,n,2,311.53,26.99,D,0
35.95585,43.35411,333.19,0.53,0.42,2024-10-28,945,N,VIIRS,n,2,306.95,15.17,D,0
35.95702,43.35989,334.74,0.53,0.42,2024-10-28,945,N,VIIRS,n,2,307.28,15.17,D,0
35.96765,43.76571,340.41,0.5,0.41,2024-10-28,945,N,VIIRS,n,2,306.76,3.93,D,2
35.97043,41.29507,336.06,0.44,0.46,2024-10-28,945,N,VIIRS,n,2,304.23,2.81,D,0
35.98554,44.07662,347.27,0.49,0.4,2024-10-28,945,N,VIIRS,n,2,308.42,5.16,D,0
35.98795,44.07836,347.64,0.49,0.4,2024-10-28,945,N,VIIRS,n,2,309.2,11.75,D,0
35.9892,44.07556,342.14,0.49,0.4,2024-10-28,945,N,VIIRS,n,2,306.8,5.16,D,0
35.99468,43.48798,348.96,0.52,0.41,2024-10-28,945,N,VIIRS,n,2,309.46,13.35,D,0
36.01778,43.68353,344.13,0.51,0.41,2024-10-28,945,N,VIIRS,n,2,306.58,3.29,D,2
36.02992,44.08647,344.83,0.49,0.4,2024-10-28,945,N,VIIRS,n,2,308.78,5.63,D,0
36.03715,38.57782,342.68,0.61,0.54,2024-10-28,945,N,VIIRS,n,2,305.61,13.04,D,0
36.03986,42.38763,346.33,0.39,0.44,2024-10-28,945,N,VIIRS,n,2,308.03,3.28,D,0
36.09402,44.40205,336.24,0.47,0.4,2024-10-28,945,N,VIIRS,n,2,305.56,2.96,D,0
36.10746,43.94147,343.5,0.49,0.41,2024-10-28,945,N,VIIRS,n,2,306.92,5.69,D,0
36.1122,38.58647,341.65,0.61,0.53,2024-10-28,945,N,VIIRS,n,2,305.05,4.74,D,0
36.11372,38.58469,337.01,0.61,0.53,2024-10-28,945,N,VIIRS,n,2,305.08,4.03,D,0
36.14394,40.81462,343.73,0.46,0.47,2024-10-28,945,N,VIIRS,n,2,306.94,2.74,D,2
36.15485,38.91579,352.44,0.58,0.52,2024-10-28,945,N,VIIRS,n,2,301.44,9.66,D,0
36.21379,43.90279,333.84,0.49,0.41,2024-10-28,945,N,VIIRS,n,2,304.42,2.64,D,0
36.21996,42.11363,342.47,0.4,0.44,2024-10-28,945,N,VIIRS,n,2,305.56,4.55,D,0
36.24385,44.13831,331.11,0.48,0.4,2024-10-28,945,N,VIIRS,n,2,305.78,2.91,D,0
36.27929,36.24294,367.0,0.4,0.6,2024-10-28,945,N,VIIRS,h,2,303.95,5.61,D,0
36.32932,43.41277,347.05,0.52,0.41,2024-10-28,945,N,VIIRS,n,2,309.21,8.24,D,0
36.33024,33.96101,336.42,0.52,0.67,2024-10-28,945,N,VIIRS,n,2,299.83,4.32,D,0
36.33456,33.95929,332.53,0.52,0.67,2024-10-28,945,N,VIIRS,n,2,299.62,5.0,D,0
36.38496,43.89374,335.41,0.49,0.4,2024-10-28,945,N,VIIRS,n,2,306.42,3.24,D,0
36.39502,43.31224,344.87,0.52,0.41,2024-10-28,945,N,VIIRS,n,2,307.83,6.02,D,0
36.43428,42.92137,345.22,0.54,0.42,2024-10-28,945,N,VIIRS,n,2,306.92,7.0,D,0
36.45145,37.78807,336.93,0.33,0.55,2024-10-28,945,N,VIIRS,n,2,303.2,2.0,D,0
36.45153,39.44289,344.09,0.54,0.51,2024-10-28,945,N,VIIRS,n,2,306.21,5.12,D,0
36.47781,43.97465,347.61,0.49,0.4,2024-10-28,945,N,VIIRS,n,2,312.39,28.89,D,0
36.48145,43.97357,348.5,0.49,0.4,2024-10-28,945,N,VIIRS,n,2,307.8,13.41,D,0
36.5187,43.12016,334.78,0.53,0.42,2024-10-28,945,N,VIIRS,n,2,306.85,4.87,D,0
36.54937,44.33236,334.85,0.47,0.4,2024-10-28,945,N,VIIRS,n,2,307.94,2.9,D,0
36.62117,44.15351,342.85,0.48,0.4,2024-10-28,945,N,VIIRS,n,2,308.65,6.08,D,0
36.6833,43.53853,335.29,0.5,0.41,2024-10-28,945,N,VIIRS,n,2,309.96,2.41,D,0
36.69745,36.69902,350.41,0.37,0.58,2024-10-28,945,N,VIIRS,n,2,301.73,4.86,D,0
36.71158,39.39739,340.28,0.53,0.5,2024-10-28,945,N,VIIRS,n,2,301.06,5.81,D,0
36.72906,39.01979,357.0,0.56,0.51,2024-10-28,945,N,VIIRS,n,2,304.61,16.81,D,0
36.7582,43.47928,338.39,0.5,0.41,2024-10-28,945,N,VIIRS,n,2,312.58,7.38,D,0
36.76958,43.00837,335.85,0.53,0.42,2024-10-28,945,N,VIIRS,n,2,306.97,3.73,D,0
36.89347,43.43042,331.1,0.5,0.41,2024-10-28,945,N,VIIRS,n,2,295.17,3.67,D,2
36.96219,40.08756,341.4,0.49,0.48,2024-10-28,945,N,VIIRS,n,2,308.04,10.01,D,0
36.97838,40.07626,343.34,0.49,0.48,2024-10-28,945,N,VIIRS,n,2,303.21,4.09,D,0
36.98994,43.06905,332.37,0.52,0.42,2024-10-28,945,N,VIIRS,n,2,303.74,2.06,D,0
37.01257,39.00338,347.88,0.55,0.51,2024-10-28,945,N,VIIRS,n,2,300.63,5.65,D,0
37.01376,39.02918,344.2,0.55,0.51,2024-10-28,945,N,VIIRS,n,2,310.88,22.98,D,0
37.04781,42.2604,338.13,0.57,0.43,2024-10-28,945,N,VIIRS,n,2,304.95,3.28,D,0
37.05751,40.20604,331.8,0.48,0.48,2024-10-28,945,N,VIIRS,n,2,302.29,2.7,D,0
37.09082,40.68153,347.1,0.45,0.47,2024-10-28,945,N,VIIRS,n,2,309.2,8.1,D,0
37.10081,41.43432,340.55,0.41,0.45,2024-10-28,945,N,VIIRS,n,2,307.18,3.23,D,0
37.12026,41.40388,346.43,0.41,0.45,2024-10-28,945,N,VIIRS,n,2,307.87,3.98,D,0
37.15871,41.82091,350.88,0.39,0.44,2024-10-28,945,N,VIIRS,n,2,309.59,11.19,D,0
37.23041,42.00058,337.58,0.38,0.44,2024-10-28,945,N,VIIRS,n,2,306.37,2.14,D,0
37.26883,39.20915,346.15,0.53,0.5,2024-10-28,945,N,VIIRS,n,2,304.44,5.98,D,0
37.27108,39.21062,352.41,0.53,0.5,2024-10-28,945,N,VIIRS,n,2,303.79,8.48,D,0
37.32224,41.83204,346.41,0.39,0.44,2024-10-28,945,N,VIIRS,n,2,305.79,3.59,D,0
37.35142,36.85741,335.29,0.35,0.57,2024-10-28,945,N,VIIRS,n,2,304.31,1.21,D,0
37.35184,36.85784,334.4,0.35,0.57,2024-10-28,945,N,VIIRS,n,2,304.46,1.24,D,0
37.40614,38.85961,336.98,0.55,0.51,2024-10-28,945,N,VIIRS,n,2,302.18,9.92,D,0
37.40755,38.8657,345.56,0.55,0.51,2024-10-28,945,N,VIIRS,n,2,306.43,9.92,D,0
37.40832,38.86333,367.0,0.55,0.51,2024-10-28,945,N,VIIRS,h,2,305.98,16.55,D,0
37.44081,38.2641,336.49,0.59,0.53,2024-10-28,945,N,VIIRS,n,2,306.76,5.04,D,0
37.45309,37.14436,345.38,0.34,0.56,2024-10-28,945,N,VIIRS,n,2,304.78,3.82,D,0
37.48167,39.49739,352.78,0.51,0.49,2024-10-28,945,N,VIIRS,n,2,303.05,7.92,D,0
37.48611,39.49589,349.98,0.51,0.49,2024-10-28,945,N,VIIRS,n,2,301.41,8.58,D,0
37.55521,38.055,333.53,0.6,0.53,2024-10-28,945,N,VIIRS,n,2,303.47,1.66,D,0
37.55764,40.41854,341.29,0.45,0.47,2024-10-28,945,N,VIIRS,n,2,301.91,8.94,D,0
37.67183,40.33149,340.39,0.45,0.47,2024-10-28,945,N,VIIRS,n,2,304.5,7.36,D,0
37.6726,39.19886,348.34,0.52,0.5,2024-10-28,945,N,VIIRS,n,2,302.82,6.47,D,0
37.67831,40.71999,333.76,0.43,0.46,2024-10-28,945,N,VIIRS,n,2,302.6,3.79,D,0
37.67938,40.72486,337.74,0.43,0.46,2024-10-28,945,N,VIIRS,n,2,298.61,3.79,D,0
37.71227,40.69423,348.8,0.44,0.46,2024-10-28,945,N,VIIRS,n,2,301.46,4.42,D,0
37.71231,40.69214,332.31,0.44,0.46,2024-10-28,945,N,VIIRS,n,2,300.91,2.5,D,0
37.71336,40.69699,340.55,0.44,0.46,2024-10-28,945,N,VIIRS,n,2,301.51,4.54,D,0
37.7158,40.89235,330.92,0.43,0.46,2024-10-28,945,N,VIIRS,n,2,301.08,2.97,D,0
37.71679,40.87658,332.51,0.43,0.46,2024-10-28,945,N,VIIRS,n,2,303.15,4.07,D,0
37.71782,40.88136,339.39,0.43,0.46,2024-10-28,945,N,VIIRS,n,2,300.23,3.66,D,0
37.72085,40.875,337.04,0.43,0.46,2024-10-28,945,N,VIIRS,n,2,298.94,8.8,D,0
37.7219,40.87984,342.37,0.43,0.46,2024-10-28,945,N,VIIRS,n,2,307.72,19.99,D,0
37.72754,38.7924,348.91,0.54,0.51,2024-10-28,945,N,VIIRS,n,2,304.75,16.06,D,0
37.72933,38.78983,341.52,0.54,0.51,2024-10-28,945,N,VIIRS,n,2,304.25,8.18,D,0
37.73044,40.61517,332.38,0.44,0.46,2024-10-28,945,N,VIIRS,n,2,300.33,4.84,D,0
37.75763,40.85898,337.41,0.43,0.46,2024-10-28,945,N,VIIRS,n,2,299.04,3.1,D,0
37.76173,40.87763,340.25,0.43,0.46,2024-10-28,945,N,VIIRS,n,2,298.49,7.2,D,0
37.76376,40.88683,344.29,0.42,0.46,2024-10-28,945,N,VIIRS,n,2,305.62,9.1,D,0
37.76389,40.90741,340.35,0.42,0.45,2024-10-28,945,N,VIIRS,n,2,302.29,4.18,D,0
37.7648,40.89158,334.26,0.42,0.46,2024-10-28,945,N,VIIRS,n,2,298.18,9.1,D,0
37.76785,40.88541,346.18,0.42,0.46,2024-10-28,945,N,VIIRS,n,2,300.34,9.1,D,0
37.76889,40.89015,341.84,0.42,0.46,2024-10-28,945,N,VIIRS,n,2,299.07,9.1,D,0
37.78974,38.11825,341.79,0.59,0.53,2024-10-28,945,N,VIIRS,n,2,306.81,6.73,D,0
37.79438,38.12204,333.52,0.59,0.53,2024-10-28,945,N,VIIRS,n,2,302.97,5.48,D,0
37.81173,38.10903,329.29,0.59,0.53,2024-10-28,945,N,VIIRS,n,2,303.71,5.03,D,0
37.81691,40.90866,347.73,0.42,0.45,2024-10-28,945,N,VIIRS,n,2,300.98,3.78,D,0
37.81792,40.91333,330.33,0.42,0.45,2024-10-28,945,N,VIIRS,n,2,297.94,3.78,D,0
37.82041,40.56372,334.62,0.44,0.46,2024-10-28,945,N,VIIRS,n,2,300.27,17.48,D,0
37.82096,40.90713,348.25,0.42,0.45,2024-10-28,945,N,VIIRS,n,2,299.46,4.66,D,0
37.82608,40.91045,334.85,0.42,0.45,2024-10-28,945,N,VIIRS,n,2,298.93,4.66,D,0
37.85814,40.23597,342.3,0.46,0.47,2024-10-28,945,N,VIIRS,n,2,302.57,9.36,D,0
37.90666,41.03566,342.64,0.41,0.45,2024-10-28,945,N,VIIRS,n,2,303.05,3.75,D,0
37.93199,41.58568,340.83,0.39,0.44,2024-10-28,945,N,VIIRS,n,2,302.13,3.08,D,0
37.94469,41.5858,345.84,0.39,0.44,2024-10-28,945,N,VIIRS,n,2,303.96,4.46,D,0
37.95245,41.52238,334.35,0.39,0.44,2024-10-28,945,N,VIIRS,n,2,300.6,2.94,D,0
37.9573,41.52529,341.96,0.39,0.44,2024-10-28,945,N,VIIRS,n,2,301.1,5.31,D,0
37.96556,41.56456,342.39,0.39,0.44,2024-10-28,945,N,VIIRS,n,2,302.92,2.68,D,0
37.96693,41.61131,350.63,0.39,0.44,2024-10-28,945,N,VIIRS,n,2,304.85,6.33,D,0
37.96786,41.61572,340.77,0.39,0.44,2024-10-28,945,N,VIIRS,n,2,300.19,4.78,D,0
37.96981,40.73779,353.77,0.43,0.46,2024-10-28,945,N,VIIRS,n,2,309.92,41.11,D,0
37.97108,41.59091,336.14,0.39,0.44,2024-10-28,945,N,VIIRS,n,2,301.55,0.99,D,0
37.97428,41.50531,337.93,0.39,0.44,2024-10-28,945,N,VIIRS,n,2,305.27,2.21,D,0
37.97687,41.5984,344.41,0.39,0.44,2024-10-28,945,N,VIIRS,n,2,308.09,8.08,D,0
37.99472,40.77084,338.24,0.43,0.46,2024-10-28,945,N,VIIRS,n,2,306.25,3.82,D,0
37.99575,40.77554,339.54,0.43,0.46,2024-10-28,945,N,VIIRS,n,2,307.41,3.82,D,0
38.01628,41.08958,334.29,0.41,0.45,2024-10-28,945,N,VIIRS,n,2,307.0,2.45,D,0
38.06744,40.59976,333.92,0.43,0.46,2024-10-28,945,N,VIIRS,n,2,303.33,2.4,D,0
38.07347,40.8301,345.91,0.42,0.45,2024-10-28,945,N,VIIRS,n,2,305.24,6.5,D,0
38.07357,40.82807,334.46,0.42,0.45,2024-10-28,945,N,VIIRS,n,2,303.19,5.35,D,0
38.07458,40.83264,342.85,0.42,0.45,2024-10-28,945,N,VIIRS,n,2,306.01,5.35,D,0
38.10066,41.12001,339.94,0.41,0.45,2024-10-28,945,N,VIIRS,n,2,304.01,1.67,D,0
38.11071,41.12672,351.02,0.41,0.45,2024-10-28,945,N,VIIRS,n,2,306.89,7.99,D,0
38.14328,39.80454,338.59,0.47,0.48,2024-10-28,945,N,VIIRS,n,2,302.02,5.7,D,0
38.16986,39.84045,338.17,0.47,0.48,2024-10-28,945,N,VIIRS,n,2,303.7,2.1,D,0
39.0597,42.93436,348.9,0.49,0.4,2024-10-28,945,N,VIIRS,n,2,290.8,5.26,D,0
39.06119,42.93175,356.25,0.49,0.4,2024-10-28,945,N,VIIRS,n,2,296.76,19.66,D,0
39.06483,42.9306,337.84,0.49,0.4,2024-10-28,945,N,VIIRS,n,2,291.51,5.78,D,0
36.63524,31.99471,328.84,0.65,0.73,2024-10-28,946,N,VIIRS,n,2,294.79,5.06,D,0
36.641,31.99772,330.2,0.65,0.73,2024-10-28,946,N,VIIRS,n,2,292.89,5.3,D,0
37.34669,32.80462,332.24,0.56,0.69,2024-10-28,946,N,VIIRS,n,2,297.39,3.61,D,0
37.68938,34.17371,342.4,0.47,0.64,2024-10-28,946,N,VIIRS,n,2,299.37,4.38,D,0
37.69503,34.17116,337.07,0.47,0.64,2024-10-28,946,N,VIIRS,n,2,295.56,4.38,D,0
38.09904,37.0109,336.26,0.33,0.55,2024-10-28,946,N,VIIRS,n,2,296.13,2.55,D,0
38.24348,37.28666,331.58,0.63,0.54,2024-10-28,946,N,VIIRS,n,2,298.79,4.11,D,0
38.24389,37.28761,329.75,0.63,0.54,2024-10-28,946,N,VIIRS,n,2,297.64,4.42,D,0
38.30964,37.04599,327.51,0.32,0.55,2024-10-28,946,N,VIIRS,n,2,296.52,3.0,D,0
38.54693,38.20053,332.89,0.56,0.51,2024-10-28,946,N,VIIRS,n,2,295.27,2.62,D,0
38.55393,38.08271,338.7,0.57,0.52,2024-10-28,946,N,VIIRS,n,2,298.73,5.16,D,0
38.56902,35.70197,328.22,0.37,0.58,2024-10-28,946,N,VIIRS,n,2,299.3,1.73,D,0
38.64085,31.19989,367.0,0.62,0.72,2024-10-28,946,N,VIIRS,h,2,299.08,26.56,D,0
38.64397,31.20041,367.0,0.62,0.72,2024-10-28,946,N,VIIRS,h,2,293.57,23.95,D,3
38.70313,38.3184,339.81,0.54,0.51,2024-10-28,946,N,VIIRS,n,2,302.36,12.27,D,0
38.70599,38.31913,343.39,0.55,0.51,2024-10-28,946,N,VIIRS,n,2,300.93,8.06,D,0
38.78782,39.93853,331.07,0.45,0.47,2024-10-28,946,N,VIIRS,n,2,303.02,1.68,D,0
38.81932,38.94605,340.45,0.5,0.49,2024-10-28,946,N,VIIRS,n,2,297.12,4.45,D,0
38.82059,38.95151,335.36,0.5,0.49,2024-10-28,946,N,VIIRS,n,2,298.12,5.55,D,0
38.8241,33.92825,346.4,0.45,0.63,2024-10-28,946,N,VIIRS,n,2,298.68,4.57,D,0
38.84527,31.99367,367.0,0.56,0.69,2024-10-28,946,N,VIIRS,h,2,301.37,18.74,D,0
38.85547,36.06766,367.0,0.35,0.57,2024-10-28,946,N,VIIRS,h,2,298.08,7.05,D,0
39.39709,42.44893,328.56,0.5,0.41,2024-10-28,946,N,VIIRS,n,2,299.2,3.39,D,0
39.39729,42.44796,327.75,0.5,0.41,2024-10-28,946,N,VIIRS,n,2,297.86,4.13,D,0
39.62836,32.36255,342.02,0.51,0.66,2024-10-28,946,N,VIIRS,n,2,297.34,4.26,D,0
39.71922,40.44366,332.79,0.41,0.45,2024-10-28,946,N,VIIRS,n,2,294.89,3.65,D,0
39.80619,32.06578,339.76,0.52,0.67,2024-10-28,946,N,VIIRS,n,2,295.57,4.27,D,0
39.91681,39.92933,339.2,0.43,0.46,2024-10-28,946,N,VIIRS,n,2,294.08,3.31,D,0
39.91761,36.8456,325.4,0.6,0.53,2024-10-28,946,N,VIIRS,n,2,294.63,3.35,D,0
39.91949,36.84364,328.41,0.6,0.53,2024-10-28,946,N,VIIRS,n,2,293.12,1.65,D,0
39.94141,44.03158,338.14,0.43,0.38,2024-10-28,946,N,VIIRS,n,2,292.43,4.29,D,0
40.00071,44.07666,325.97,0.43,0.38,2024-10-28,946,N,VIIRS,n,2,293.1,2.05,D,0
40.09349,44.37148,326.72,0.42,0.38,2024-10-28,946,N,VIIRS,n,2,293.9,1.84,D,0
40.09411,44.36824,330.59,0.42,0.38,2024-10-28,946,N,VIIRS,n,2,295.64,3.46,D,0
40.20505,35.77102,332.64,0.34,0.56,2024-10-28,946,N,VIIRS,n,2,294.25,1.28,D,0
40.20649,35.77001,333.96,0.34,0.56,2024-10-28,946,N,VIIRS,n,2,293.98,1.1,D,0
40.24524,44.21718,350.83,0.43,0.38,2024-10-28,946,N,VIIRS,n,2,293.86,3.53,D,0
40.65321,44.18923,330.81,0.42,0.38,2024-10-28,946,N,VIIRS,n,2,285.98,2.37,D,0
41.24024,36.46589,326.87,0.58,0.52,2024-10-28,946,N,VIIRS,n,2,293.46,4.92,D,2
40.15973,28.23271,326.96,0.77,0.77,2024-10-28,947,N,VIIRS,n,2,290.95,4.06,D,0
40.16146,28.23142,327.78,0.77,0.77,2024-10-28,947,N,VIIRS,n,2,290.31,3.1,D,0
40.87517,30.52537,328.4,0.58,0.69,2024-10-28,947,N,VIIRS,n,2,291.16,4.33,D,0
41.03429,34.21107,327.79,0.38,0.59,2024-10-28,947,N,VIIRS,n,2,291.71,1.92,D,0
35.51925,36.65704,338.43,0.49,0.65,2024-10-28,1125,N,VIIRS,n,2,303.78,2.14,D,0
36.09663,37.92096,340.48,0.58,0.69,2024-10-28,1125,N,VIIRS,n,2,302.49,3.71,D,0
36.10275,37.92215,335.28,0.58,0.69,2024-10-28,1126,N,VIIRS,n,2,300.81,4.82,D,0
36.13854,37.43706,330.77,0.54,0.68,2024-10-28,1126,N,VIIRS,n,2,298.79,6.25,D,0
36.13876,37.44331,356.26,0.54,0.68,2024-10-28,1126,N,VIIRS,n,2,302.87,12.1,D,0
36.32232,34.05895,348.58,0.35,0.57,2024-10-28,1126,N,VIIRS,n,2,299.97,4.09,D,0
36.33269,33.97367,341.08,0.35,0.57,2024-10-28,1126,N,VIIRS,n,2,299.89,2.69,D,0
36.76365,35.08789,349.1,0.41,0.6,2024-10-28,1126,N,VIIRS,n,2,302.55,7.06,D,0
36.9533,38.95163,330.16,0.66,0.73,2024-10-28,1126,N,VIIRS,n,2,298.07,3.39,D,0
36.97675,40.39532,339.17,0.79,0.78,2024-10-28,1126,N,VIIRS,n,2,302.51,4.71,D,0
37.13221,38.14746,339.34,0.6,0.71,2024-10-28,1126,N,VIIRS,n,2,303.16,4.08,D,0
37.36329,38.56208,341.43,0.63,0.72,2024-10-28,1126,N,VIIRS,n,2,300.48,7.16,D,0
37.36523,38.5612,336.98,0.64,0.72,2024-10-28,1126,N,VIIRS,n,2,299.22,4.44,D,0
37.4068,36.91344,367.0,0.52,0.67,2024-10-28,1126,N,VIIRS,h,2,304.06,6.16,D,0
37.40943,36.91423,367.0,0.52,0.67,2024-10-28,1126,N,VIIRS,h,2,304.31,8.98,D,0
37.54511,39.42525,340.78,0.71,0.75,2024-10-28,1126,N,VIIRS,n,2,301.74,8.28,D,0
37.57261,33.21708,336.54,0.33,0.55,2024-10-28,1126,N,VIIRS,n,2,295.59,2.8,D,0
37.68644,27.38813,341.06,0.49,0.41,2024-10-28,1126,N,VIIRS,n,2,305.24,4.85,D,0
37.6908,27.39309,344.81,0.49,0.41,2024-10-28,1126,N,VIIRS,n,2,305.12,10.91,D,0
37.6948,38.921,334.98,0.67,0.73,2024-10-28,1126,N,VIIRS,n,2,298.72,7.32,D,0
37.69537,38.91608,338.06,0.67,0.73,2024-10-28,1126,N,VIIRS,n,2,298.54,8.15,D,0
37.69544,29.00327,333.32,0.39,0.44,2024-10-28,1126,N,VIIRS,n,2,291.46,17.0,D,0
37.69601,29.00884,347.21,0.39,0.44,2024-10-28,1126,N,VIIRS,n,2,296.76,17.0,D,0
37.70943,29.01936,334.41,0.39,0.44,2024-10-28,1126,N,VIIRS,n,2,294.71,4.24,D,0
37.7265,38.76334,367.0,0.65,0.73,2024-10-28,1126,N,VIIRS,h,2,301.01,18.88,D,0
37.78594,38.12302,336.88,0.61,0.71,2024-10-28,1126,N,VIIRS,n,2,303.57,4.87,D,0
37.78695,38.15966,354.18,0.61,0.71,2024-10-28,1126,N,VIIRS,n,2,304.11,9.51,D,0
37.79074,38.15807,339.97,0.61,0.71,2024-10-28,1126,N,VIIRS,n,2,301.01,4.38,D,0
37.8236,38.43691,336.45,0.63,0.72,2024-10-28,1126,N,VIIRS,n,2,299.62,7.09,D,0
37.87181,30.04779,343.06,0.44,0.46,2024-10-28,1126,N,VIIRS,n,2,299.54,5.97,D,0
37.88071,38.9515,330.69,0.67,0.74,2024-10-28,1126,N,VIIRS,n,2,300.36,2.36,D,0
37.88185,38.95391,330.45,0.67,0.74,2024-10-28,1126,N,VIIRS,n,2,300.02,6.92,D,0
38.01042,36.48044,346.58,0.5,0.66,2024-10-28,1126,N,VIIRS,n,2,296.8,4.88,D,0
38.01123,36.48382,339.57,0.5,0.65,2024-10-28,1126,N,VIIRS,n,2,295.74,6.26,D,0
38.03544,29.5142,333.12,0.42,0.45,2024-10-28,1126,N,VIIRS,n,2,301.96,1.83,D,0
38.03679,29.52863,340.84,0.42,0.45,2024-10-28,1126,N,VIIRS,n,2,304.05,9.69,D,0
38.17599,37.04686,351.16,0.53,0.67,2024-10-28,1126,N,VIIRS,n,2,299.7,9.74,D,0
38.21561,33.15804,337.22,0.33,0.55,2024-10-28,1126,N,VIIRS,n,2,296.24,2.49,D,0
38.23356,37.26744,340.05,0.55,0.68,2024-10-28,1126,N,VIIRS,n,2,295.56,4.73,D,0
38.24493,37.22222,336.93,0.55,0.68,2024-10-28,1126,N,VIIRS,n,2,298.73,6.28,D,0
38.24611,37.21913,341.95,0.55,0.68,2024-10-28,1126,N,VIIRS,n,2,297.69,4.37,D,0
38.25568,36.15485,367.0,0.48,0.65,2024-10-28,1126,N,VIIRS,h,2,301.33,18.45,D,0
38.2559,36.1606,367.0,0.48,0.65,2024-10-28,1126,N,VIIRS,h,2,305.24,18.45,D,0
38.26978,37.2019,353.3,0.54,0.68,2024-10-28,1126,N,VIIRS,n,2,297.09,6.93,D,0
38.27125,37.20509,344.89,0.55,0.68,2024-10-28,1126,N,VIIRS,n,2,295.06,9.28,D,0
38.28213,29.69413,336.58,0.43,0.46,2024-10-28,1126,N,VIIRS,n,2,302.45,3.4,D,0
38.31778,30.23595,344.72,0.46,0.47,2024-10-28,1126,N,VIIRS,n,2,302.66,6.25,D,0
38.3381,37.25422,344.27,0.55,0.68,2024-10-28,1126,N,VIIRS,n,2,297.69,6.15,D,0
38.42624,30.85768,338.76,0.5,0.49,2024-10-28,1126,N,VIIRS,n,2,292.32,5.24,D,0
38.42994,30.85927,350.04,0.5,0.49,2024-10-28,1126,N,VIIRS,n,2,290.31,7.7,D,0
38.511,36.12391,348.01,0.48,0.65,2024-10-28,1126,N,VIIRS,n,2,299.17,4.99,D,0
38.51241,36.1215,341.05,0.48,0.65,2024-10-28,1126,N,VIIRS,n,2,299.81,4.68,D,0
38.53526,34.50177,367.0,0.39,0.59,2024-10-28,1126,N,VIIRS,h,2,300.55,8.64,D,0
38.54366,34.45055,342.27,0.39,0.59,2024-10-28,1126,N,VIIRS,n,2,298.09,4.89,D,0
38.56138,32.31321,336.93,0.59,0.53,2024-10-28,1126,N,VIIRS,n,2,299.65,5.23,D,0
38.58344,34.6044,367.0,0.4,0.6,2024-10-28,1126,N,VIIRS,h,2,298.97,6.27,D,0
38.64362,31.21772,351.04,0.52,0.5,2024-10-28,1126,N,VIIRS,n,2,302.69,7.87,D,0
38.64485,31.17482,333.41,0.52,0.5,2024-10-28,1126,N,VIIRS,n,2,292.1,9.57,D,0
38.64533,31.18085,350.89,0.52,0.5,2024-10-28,1126,N,VIIRS,n,2,299.29,9.57,D,0
38.64946,31.17425,352.68,0.52,0.5,2024-10-28,1126,N,VIIRS,n,2,301.27,40.2,D,0
38.64996,31.18029,367.0,0.52,0.5,2024-10-28,1126,N,VIIRS,h,2,307.37,40.2,D,0
38.65044,31.18633,352.28,0.52,0.5,2024-10-28,1126,N,VIIRS,n,2,297.91,15.4,D,0
38.65093,31.19237,336.86,0.52,0.5,2024-10-28,1126,N,VIIRS,n,2,295.23,15.4,D,0
38.66788,29.59009,342.77,0.43,0.46,2024-10-28,1126,N,VIIRS,n,2,304.27,7.11,D,0
38.66842,31.19462,347.16,0.52,0.5,2024-10-28,1126,N,VIIRS,n,2,302.57,9.02,D,0
38.66991,31.19616,341.27,0.52,0.5,2024-10-28,1126,N,VIIRS,n,2,302.49,7.54,D,0
38.74796,32.34211,336.36,0.6,0.53,2024-10-28,1126,N,VIIRS,n,2,300.19,4.44,D,0
38.91155,37.65659,342.65,0.58,0.7,2024-10-28,1126,N,VIIRS,n,2,298.13,7.02,D,0
38.92892,32.87937,336.61,0.32,0.55,2024-10-28,1126,N,VIIRS,n,2,299.1,4.02,D,0
38.9449,32.88891,367.0,0.32,0.55,2024-10-28,1126,N,VIIRS,h,2,303.6,5.79,D,0
39.00085,34.03364,353.27,0.37,0.58,2024-10-28,1126,N,VIIRS,n,2,302.0,4.87,D,0
39.04004,35.46116,336.19,0.44,0.63,2024-10-28,1126,N,VIIRS,n,2,296.05,2.26,D,0
39.04425,35.46289,351.24,0.44,0.63,2024-10-28,1126,N,VIIRS,n,2,296.38,6.25,D,0
39.1129,29.5234,340.81,0.43,0.46,2024-10-28,1126,N,VIIRS,n,2,297.82,7.96,D,0
39.11324,37.46666,336.78,0.57,0.69,2024-10-28,1126,N,VIIRS,n,2,295.14,4.07,D,0
39.11336,29.52844,367.0,0.43,0.46,2024-10-28,1126,N,VIIRS,h,2,308.25,28.49,D,0
39.52286,28.04154,333.9,0.55,0.43,2024-10-28,1127,N,VIIRS,n,2,296.19,6.66,D,0
39.61983,31.06819,345.24,0.52,0.5,2024-10-28,1127,N,VIIRS,n,2,301.5,5.36,D,0
39.8424,30.07213,341.45,0.47,0.48,2024-10-28,1127,N,VIIRS,n,2,303.75,6.04,D,0
39.84314,30.07288,344.69,0.47,0.47,2024-10-28,1127,N,VIIRS,n,2,303.43,8.48,D,0
40.00591,31.92104,354.76,0.59,0.53,2024-10-28,1127,N,VIIRS,n,2,300.98,13.64,D,0
40.01937,28.19668,332.33,0.57,0.43,2024-10-28,1127,N,VIIRS,n,2,297.02,3.37,D,0
40.09832,27.95383,367.0,0.56,0.43,2024-10-28,1127,N,VIIRS,h,2,297.97,11.43,D,0
40.10227,27.95316,337.59,0.56,0.43,2024-10-28,1127,N,VIIRS,n,2,295.63,11.43,D,0
40.10557,27.94593,325.87,0.55,0.43,2024-10-28,1127,N,VIIRS,n,2,295.49,2.42,D,0
40.11969,27.65408,332.27,0.54,0.42,2024-10-28,1127,N,VIIRS,n,2,296.23,3.55,D,0
40.12035,27.66043,330.32,0.54,0.42,2024-10-28,1127,N,VIIRS,n,2,295.36,3.87,D,0
40.12665,28.07687,334.82,0.56,0.43,2024-10-28,1127,N,VIIRS,n,2,296.74,5.38,D,0
40.13526,28.08208,325.54,0.56,0.43,2024-10-28,1127,N,VIIRS,n,2,296.92,2.78,D,0
40.13657,27.97418,337.3,0.56,0.43,2024-10-28,1127,N,VIIRS,n,2,294.28,5.93,D,0
40.13726,28.02114,335.47,0.56,0.43,2024-10-28,1127,N,VIIRS,n,2,296.13,6.21,D,0
40.14189,28.06739,341.36,0.56,0.43,2024-10-28,1127,N,VIIRS,n,2,299.25,14.65,D,0
40.19412,28.38903,339.69,0.39,0.44,2024-10-28,1127,N,VIIRS,n,2,299.13,3.07,D,0
40.23648,27.14265,327.37,0.51,0.41,2024-10-28,1127,N,VIIRS,n,2,296.85,2.42,D,0
40.26226,27.31279,326.54,0.52,0.42,2024-10-28,1127,N,VIIRS,n,2,295.47,2.43,D,0
40.26649,35.75235,344.9,0.47,0.64,2024-10-28,1127,N,VIIRS,n,2,295.98,4.68,D,0
40.28837,27.60242,331.87,0.54,0.42,2024-10-28,1127,N,VIIRS,n,2,294.34,3.38,D,0
40.30847,28.14027,333.0,0.57,0.43,2024-10-28,1127,N,VIIRS,n,2,296.83,3.0,D,0
40.30949,28.13914,346.31,0.57,0.43,2024-10-28,1127,N,VIIRS,n,2,298.96,13.63,D,0
40.31174,27.59839,327.67,0.54,0.42,2024-10-28,1127,N,VIIRS,n,2,294.1,3.11,D,0
40.31247,28.13955,346.3,0.57,0.43,2024-10-28,1127,N,VIIRS,n,2,298.79,9.56,D,0
40.31564,27.59772,344.24,0.54,0.42,2024-10-28,1127,N,VIIRS,n,2,292.95,8.08,D,0
40.34054,27.26561,328.42,0.52,0.42,2024-10-28,1127,N,VIIRS,n,2,293.96,1.54,D,0
40.36296,27.29311,330.38,0.52,0.42,2024-10-28,1127,N,VIIRS,n,2,295.05,1.38,D,0
40.46421,34.09576,367.0,0.38,0.59,2024-10-28,1127,N,VIIRS,h,2,295.64,5.35,D,0
40.67819,30.64453,326.16,0.51,0.49,2024-10-28,1127,N,VIIRS,n,2,293.79,2.37,D,0
40.7158,35.61728,327.28,0.46,0.64,2024-10-28,1127,N,VIIRS,n,2,293.34,2.16,D,0
40.7492,26.38104,337.3,0.48,0.4,2024-10-28,1127,N,VIIRS,n,2,298.27,4.59,D,0
40.75041,26.5942,337.42,0.49,0.4,2024-10-28,1127,N,VIIRS,n,2,298.13,10.95,D,0
40.76503,26.13742,331.33,0.47,0.4,2024-10-28,1127,N,VIIRS,n,2,294.17,4.77,D,0
40.77174,26.51273,331.21,0.49,0.4,2024-10-28,1127,N,VIIRS,n,2,297.45,2.93,D,0
40.79834,30.46796,325.2,0.5,0.49,2024-10-28,1127,N,VIIRS,n,2,294.84,1.93,D,0
40.82068,26.23074,333.78,0.48,0.4,2024-10-28,1127,N,VIIRS,n,2,297.07,2.84,D,0
40.84432,26.27278,337.87,0.48,0.4,2024-10-28,1127,N,VIIRS,n,2,297.35,5.9,D,0
40.9411,26.38215,331.91,0.49,0.4,2024-10-28,1127,N,VIIRS,n,2,296.49,1.83,D,0
41.05475,26.37019,333.95,0.49,0.4,2024-10-28,1127,N,VIIRS,n,2,296.53,4.09,D,0
41.07334,26.46812,327.3,0.49,0.4,2024-10-28,1127,N,VIIRS,n,2,294.61,2.4,D,0
41.07641,26.46154,331.15,0.49,0.4,2024-10-28,1127,N,VIIRS,n,2,295.95,2.4,D,0
41.07948,26.45497,333.9,0.49,0.4,2024-10-28,1127,N,VIIRS,n,2,295.06,2.87,D,0
41.08855,26.32575,346.37,0.49,0.4,2024-10-28,1127,N,VIIRS,n,2,297.37,7.25,D,0
41.09267,26.57288,338.07,0.5,0.41,2024-10-28,1127,N,VIIRS,n,2,299.84,11.29,D,0
41.09417,26.34247,331.19,0.49,0.4,2024-10-28,1127,N,VIIRS,n,2,295.13,2.32,D,0
41.11246,34.44685,344.23,0.41,0.6,2024-10-28,1127,N,VIIRS,n,2,294.49,4.32,D,0
41.11598,26.57837,346.67,0.5,0.41,2024-10-28,1127,N,VIIRS,n,2,298.08,6.6,D,0
41.12821,26.34183,345.18,0.49,0.4,2024-10-28,1127,N,VIIRS,n,2,297.47,6.17,D,0
41.13874,32.65351,345.87,0.33,0.55,2024-10-28,1127,N,VIIRS,n,2,292.97,3.01,D,0
41.23244,26.66481,339.45,0.5,0.41,2024-10-28,1127,N,VIIRS,n,2,300.77,5.18,D,0
41.26527,27.13083,334.42,0.53,0.42,2024-10-28,1127,N,VIIRS,n,2,299.49,4.0,D,0
41.34182,26.85587,338.82,0.51,0.41,2024-10-28,1127,N,VIIRS,n,2,300.57,6.29,D,0
41.34353,26.85359,344.69,0.51,0.41,2024-10-28,1127,N,VIIRS,n,2,300.08,10.87,D,0
41.34562,26.85508,330.08,0.51,0.41,2024-10-28,1127,N,VIIRS,n,2,297.61,3.22,D,0
41.42185,25.92523,331.44,0.47,0.4,2024-10-28,1127,N,VIIRS,n,2,299.84,4.79,D,0
41.44985,27.81344,328.66,0.57,0.43,2024-10-28,1127,N,VIIRS,n,2,298.5,3.27,D,0
41.52755,26.63113,332.29,0.5,0.41,2024-10-28,1127,N,VIIRS,n,2,296.3,1.99,D,0
41.55457,26.60553,329.29,0.5,0.41,2024-10-28,1127,N,VIIRS,n,2,297.7,9.0,D,0
41.56588,26.60338,329.45,0.5,0.41,2024-10-28,1127,N,VIIRS,n,2,295.55,3.85,D,0
41.57354,34.67144,328.9,0.42,0.61,2024-10-28,1127,N,VIIRS,n,2,290.83,2.33,D,0
41.59426,26.61653,331.03,0.5,0.41,2024-10-28,1127,N,VIIRS,n,2,294.79,5.02,D,0
41.61193,26.78181,329.45,0.51,0.41,2024-10-28,1127,N,VIIRS,n,2,300.06,2.3,D,0
35.77237,43.99369,323.55,0.42,0.61,2024-10-28,2205,N,VIIRS,n,2,282.71,1.69,N,2
35.83509,43.21692,299.16,0.46,0.64,2024-10-28,2205,N,VIIRS,n,2,281.85,1.12,N,2
35.92266,43.78936,307.65,0.43,0.62,2024-10-28,2205,N,VIIRS,n,2,280.91,0.85,N,2
35.95497,43.7276,301.13,0.43,0.62,2024-10-28,2205,N,VIIRS,n,2,281.42,0.92,N,2
35.96444,43.76396,332.73,0.43,0.62,2024-10-28,2205,N,VIIRS,n,2,284.41,3.09,N,2
35.9646,43.76376,333.18,0.43,0.62,2024-10-28,2205,N,VIIRS,n,2,284.44,3.26,N,2
35.97023,43.76408,350.24,0.43,0.62,2024-10-28,2205,N,VIIRS,n,2,289.29,5.97,N,2
35.97039,43.76387,355.1,0.43,0.62,2024-10-28,2205,N,VIIRS,n,2,289.61,8.17,N,2
35.97047,43.75938,349.43,0.43,0.62,2024-10-28,2205,N,VIIRS,n,2,286.59,5.97,N,2
35.97065,43.75917,338.5,0.43,0.62,2024-10-28,2205,N,VIIRS,n,2,285.21,7.78,N,2
35.98158,43.76926,299.03,0.43,0.62,2024-10-28,2205,N,VIIRS,n,2,283.02,0.97,N,2
35.9817,43.769,307.8,0.43,0.62,2024-10-28,2205,N,VIIRS,n,2,284.35,1.54,N,2
35.98181,43.76448,297.63,0.43,0.62,2024-10-28,2205,N,VIIRS,n,2,283.97,1.39,N,2
35.98454,44.15169,315.95,0.41,0.61,2024-10-28,2205,N,VIIRS,n,2,280.65,1.31,N,0
35.9994,43.76062,298.07,0.43,0.62,2024-10-28,2205,N,VIIRS,n,2,281.44,0.72,N,2
36.02081,43.68287,297.83,0.44,0.62,2024-10-28,2205,N,VIIRS,n,2,281.39,0.44,N,2
36.02133,43.67273,314.03,0.44,0.62,2024-10-28,2205,N,VIIRS,n,2,281.0,1.79,N,2
36.08104,43.63789,309.73,0.44,0.62,2024-10-28,2205,N,VIIRS,n,2,277.65,0.88,N,0
36.08157,43.63686,306.66,0.44,0.62,2024-10-28,2205,N,VIIRS,n,2,276.97,1.24,N,0
36.08685,43.63837,304.48,0.44,0.62,2024-10-28,2205,N,VIIRS,n,2,278.29,0.88,N,0
36.09898,43.62934,309.6,0.44,0.62,2024-10-28,2205,N,VIIRS,n,2,278.69,1.04,N,0
36.09957,43.62827,312.94,0.44,0.62,2024-10-28,2205,N,VIIRS,n,2,278.94,1.28,N,0
36.12647,43.77745,307.83,0.43,0.62,2024-10-28,2205,N,VIIRS,n,2,279.91,0.95,N,2
36.13198,43.78309,296.03,0.43,0.62,2024-10-28,2205,N,VIIRS,n,2,285.83,1.18,N,2
36.13286,40.8077,295.1,0.63,0.72,2024-10-28,2205,N,VIIRS,n,2,278.31,1.51,N,2
36.1435,43.78466,295.74,0.43,0.62,2024-10-28,2205,N,VIIRS,n,2,283.35,0.92,N,0
36.14431,43.76938,298.34,0.43,0.62,2024-10-28,2205,N,VIIRS,n,2,283.89,1.12,N,0
36.14615,40.81538,297.83,0.63,0.72,2024-10-28,2205,N,VIIRS,n,2,276.96,0.72,N,2
36.31352,43.75245,296.55,0.43,0.62,2024-10-28,2205,N,VIIRS,n,2,283.13,1.05,N,2
36.35061,42.07129,296.15,0.54,0.68,2024-10-28,2205,N,VIIRS,n,2,285.44,1.08,N,0
36.35307,42.07455,299.28,0.54,0.68,2024-10-28,2205,N,VIIRS,n,2,285.56,0.51,N,0
36.44265,42.92956,299.64,0.48,0.65,2024-10-28,2205,N,VIIRS,n,2,284.28,1.55,N,2
36.44328,42.92942,300.9,0.48,0.65,2024-10-28,2205,N,VIIRS,n,2,285.04,0.79,N,2
36.47916,43.80352,298.23,0.43,0.62,2024-10-28,2205,N,VIIRS,n,2,280.06,1.28,N,0
36.47958,43.79998,302.46,0.43,0.62,2024-10-28,2205,N,VIIRS,n,2,280.34,1.3,N,0
36.72946,43.27798,304.3,0.46,0.64,2024-10-28,2205,N,VIIRS,n,2,282.57,1.18,N,2
36.73264,43.27699,303.8,0.46,0.64,2024-10-28,2205,N,VIIRS,n,2,282.37,0.89,N,2
36.74939,43.49832,297.09,0.45,0.63,2024-10-28,2205,N,VIIRS,n,2,281.5,0.94,N,2
36.77507,43.32755,301.77,0.46,0.64,2024-10-28,2205,N,VIIRS,n,2,282.31,2.88,N,2
36.77533,43.32196,341.75,0.46,0.64,2024-10-28,2205,N,VIIRS,n,2,284.09,2.88,N,2
36.86571,43.48965,296.28,0.45,0.63,2024-10-28,2205,N,VIIRS,n,2,280.6,1.64,N,2
36.87176,43.48671,316.2,0.45,0.63,2024-10-28,2205,N,VIIRS,n,2,282.06,1.64,N,2
36.89236,43.42702,339.7,0.46,0.63,2024-10-28,2205,N,VIIRS,n,2,280.83,3.52,N,2
36.90616,43.38661,346.65,0.46,0.64,2024-10-28,2205,N,VIIRS,n,2,283.54,5.38,N,2
36.94624,42.13056,325.26,0.54,0.68,2024-10-28,2205,N,VIIRS,n,2,280.57,2.09,N,2
37.07813,42.55327,296.83,0.51,0.66,2024-10-28,2205,N,VIIRS,n,2,281.24,1.03,N,2
37.15205,41.80362,301.42,0.56,0.69,2024-10-28,2205,N,VIIRS,n,2,282.23,0.93,N,0
37.15226,41.79693,306.54,0.56,0.69,2024-10-28,2205,N,VIIRS,n,2,283.16,0.93,N,0
37.15871,41.79744,295.13,0.56,0.69,2024-10-28,2205,N,VIIRS,n,2,282.54,0.93,N,0
37.70071,40.90055,300.44,0.64,0.72,2024-10-28,2205,N,VIIRS,n,2,275.21,1.52,N,0
37.7054,40.99033,297.24,0.63,0.72,2024-10-28,2205,N,VIIRS,n,2,276.63,0.97,N,0
37.71286,40.96013,307.21,0.63,0.72,2024-10-28,2205,N,VIIRS,n,2,276.31,1.72,N,0
37.71426,40.90067,300.12,0.64,0.72,2024-10-28,2205,N,VIIRS,n,2,276.38,1.81,N,0
37.71552,40.90102,302.47,0.64,0.72,2024-10-28,2205,N,VIIRS,n,2,276.6,1.72,N,0
37.74532,41.01245,299.95,0.63,0.72,2024-10-28,2205,N,VIIRS,n,2,275.23,1.01,N,0
37.75453,40.91581,300.74,0.63,0.72,2024-10-28,2205,N,VIIRS,n,2,274.74,1.09,N,0
37.75587,40.91622,305.77,0.63,0.72,2024-10-28,2205,N,VIIRS,n,2,275.14,2.32,N,0
37.76131,40.91529,312.45,0.63,0.72,2024-10-28,2205,N,VIIRS,n,2,276.09,2.37,N,0
37.76266,40.91571,303.65,0.63,0.72,2024-10-28,2205,N,VIIRS,n,2,276.1,2.32,N,0
37.76923,40.87062,314.11,0.64,0.72,2024-10-28,2205,N,VIIRS,n,2,274.46,2.6,N,0
37.77033,40.87116,328.71,0.64,0.72,2024-10-28,2205,N,VIIRS,n,2,275.69,3.58,N,0
37.77711,40.87142,302.58,0.64,0.72,2024-10-28,2205,N,VIIRS,n,2,273.91,3.58,N,0
37.91976,41.6506,295.1,0.58,0.7,2024-10-28,2205,N,VIIRS,n,2,276.67,1.0,N,0
37.92116,41.65277,303.48,0.58,0.7,2024-10-28,2205,N,VIIRS,n,2,276.72,0.94,N,0
37.92784,41.58701,301.18,0.59,0.7,2024-10-28,2205,N,VIIRS,n,2,276.79,1.37,N,0
37.92957,41.58958,297.12,0.59,0.7,2024-10-28,2205,N,VIIRS,n,2,276.15,0.7,N,0
37.93286,41.64971,298.95,0.58,0.7,2024-10-28,2205,N,VIIRS,n,2,276.05,2.11,N,0
37.93426,41.65216,306.85,0.58,0.7,2024-10-28,2205,N,VIIRS,n,2,276.12,1.02,N,0
37.9344,41.5867,295.0,0.59,0.7,2024-10-28,2205,N,VIIRS,n,2,275.24,0.68,N,0
37.9408,41.65205,296.27,0.58,0.7,2024-10-28,2205,N,VIIRS,n,2,275.27,1.02,N,0
37.94353,41.56156,297.81,0.59,0.7,2024-10-28,2205,N,VIIRS,n,2,274.38,0.89,N,0
37.94804,41.56589,295.88,0.59,0.7,2024-10-28,2205,N,VIIRS,n,2,274.75,0.78,N,0
37.94821,41.55924,305.28,0.59,0.7,2024-10-28,2205,N,VIIRS,n,2,274.99,2.13,N,0
37.9501,41.56162,299.14,0.59,0.7,2024-10-28,2205,N,VIIRS,n,2,274.6,1.08,N,0
37.97281,41.62379,302.53,0.58,0.7,2024-10-28,2205,N,VIIRS,n,2,275.54,0.89,N,0
38.04867,41.41457,320.69,0.6,0.71,2024-10-28,2205,N,VIIRS,n,2,276.01,2.32,N,0
38.04884,41.40714,304.64,0.6,0.71,2024-10-28,2205,N,VIIRS,n,2,274.74,2.32,N,0
38.05093,41.41578,318.87,0.6,0.7,2024-10-28,2205,N,VIIRS,n,2,275.95,3.28,N,0
38.05114,41.40823,308.32,0.6,0.71,2024-10-28,2205,N,VIIRS,n,2,275.13,3.6,N,0
35.5232,44.34141,300.24,0.4,0.6,2024-10-28,2206,N,VIIRS,n,2,280.62,0.74,N,2
35.52689,44.34278,356.46,0.4,0.6,2024-10-28,2206,N,VIIRS,n,2,284.44,5.68,N,2
35.52715,44.33819,335.29,0.4,0.6,2024-10-28,2206,N,VIIRS,n,2,281.17,6.71,N,2
35.52877,44.34203,367.0,0.4,0.6,2024-10-28,2206,N,VIIRS,h,2,284.73,5.75,N,2
35.52906,44.33747,367.0,0.4,0.6,2024-10-28,2206,N,VIIRS,h,2,284.97,5.75,N,2
35.53271,44.33886,367.0,0.4,0.6,2024-10-28,2206,N,VIIRS,h,2,286.21,4.03,N,2
35.53297,44.33432,301.69,0.4,0.6,2024-10-28,2206,N,VIIRS,n,2,282.42,4.03,N,2
35.53461,44.33815,312.16,0.4,0.6,2024-10-28,2206,N,VIIRS,n,2,281.94,5.75,N,2
35.56395,44.28285,328.55,0.4,0.6,2024-10-28,2206,N,VIIRS,n,2,283.37,1.62,N,2
35.6307,44.00965,346.79,0.41,0.61,2024-10-28,2206,N,VIIRS,n,2,284.77,4.78,N,2
35.63098,44.00491,324.21,0.41,0.61,2024-10-28,2206,N,VIIRS,n,2,282.62,5.47,N,2
35.63306,44.00668,328.63,0.41,0.61,2024-10-28,2206,N,VIIRS,n,2,281.53,2.04,N,2
35.66186,43.96563,342.78,0.42,0.61,2024-10-28,2206,N,VIIRS,n,2,283.88,4.08,N,2
35.66214,43.96093,318.46,0.42,0.61,2024-10-28,2206,N,VIIRS,n,2,280.89,4.61,N,2
35.66395,43.96282,351.22,0.42,0.61,2024-10-28,2206,N,VIIRS,n,2,285.24,4.97,N,2
35.68565,43.87865,342.92,0.42,0.61,2024-10-28,2206,N,VIIRS,n,2,283.38,22.03,N,2
35.6859,43.87392,367.0,0.42,0.61,2024-10-28,2206,N,VIIRS,h,2,296.43,21.91,N,2
35.68615,43.86912,296.79,0.42,0.61,2024-10-28,2206,N,VIIRS,n,2,279.92,21.91,N,2
35.72254,44.03982,336.97,0.41,0.61,2024-10-28,2206,N,VIIRS,n,2,282.43,3.14,N,2
35.7282,44.04061,323.03,0.41,0.61,2024-10-28,2206,N,VIIRS,n,2,284.56,3.14,N,2
35.72875,44.03106,330.7,0.41,0.61,2024-10-28,2206,N,VIIRS,n,2,282.96,2.67,N,2
37.7563,40.91618,321.43,0.56,0.52,2024-10-28,2345,N,VIIRS,n,2,274.88,2.41,N,0
37.76082,40.91827,307.05,0.56,0.52,2024-10-28,2345,N,VIIRS,n,2,275.16,2.41,N,0
37.76236,40.91204,301.24,0.56,0.52,2024-10-28,2345,N,VIIRS,n,2,274.2,2.83,N,0
37.77149,40.87495,309.4,0.56,0.51,2024-10-28,2345,N,VIIRS,n,2,273.69,2.88,N,0
37.77605,40.87682,295.84,0.56,0.51,2024-10-28,2345,N,VIIRS,n,2,272.74,1.67,N,0
37.91441,41.65683,302.96,0.61,0.53,2024-10-28,2345,N,VIIRS,n,2,278.68,1.32,N,0
37.9163,41.65752,305.03,0.61,0.53,2024-10-28,2345,N,VIIRS,n,2,277.72,1.81,N,0
37.91802,41.65071,295.48,0.61,0.53,2024-10-28,2345,N,VIIRS,n,2,277.14,1.81,N,0
37.91867,40.73044,295.03,0.55,0.51,2024-10-28,2345,N,VIIRS,n,2,273.63,0.76,N,0
37.92064,41.65276,302.12,0.61,0.53,2024-10-28,2345,N,VIIRS,n,2,277.05,0.73,N,0
37.92106,40.73105,296.22,0.55,0.51,2024-10-28,2345,N,VIIRS,n,2,273.48,0.84,N,0
37.92591,41.58902,302.1,0.6,0.53,2024-10-28,2345,N,VIIRS,n,2,277.29,1.23,N,0
37.9282,41.58981,308.47,0.6,0.53,2024-10-28,2345,N,VIIRS,n,2,276.9,2.68,N,0
37.93056,41.59123,302.71,0.6,0.53,2024-10-28,2345,N,VIIRS,n,2,275.43,1.23,N,0
37.93365,41.65092,297.03,0.61,0.53,2024-10-28,2345,N,VIIRS,n,2,275.63,0.96,N,0
37.94339,41.56013,312.1,0.6,0.53,2024-10-28,2345,N,VIIRS,n,2,275.12,2.26,N,0
37.9459,41.56087,320.56,0.6,0.53,2024-10-28,2345,N,VIIRS,n,2,275.48,3.12,N,0
37.94808,41.56219,306.02,0.6,0.53,2024-10-28,2345,N,VIIRS,n,2,275.27,2.26,N,0
37.9552,41.69006,297.88,0.61,0.53,2024-10-28,2345,N,VIIRS,n,2,272.78,0.79,N,0
37.97184,41.64437,317.38,0.61,0.53,2024-10-28,2345,N,VIIRS,n,2,275.79,1.67,N,0
38.04951,41.41451,299.83,0.59,0.53,2024-10-28,2345,N,VIIRS,n,2,274.84,0.95,N,0
38.07592,40.95092,298.9,0.56,0.51,2024-10-28,2345,N,VIIRS,n,2,275.54,0.92,N,0
38.45367,38.72659,303.05,0.42,0.45,2024-10-28,2345,N,VIIRS,n,2,279.8,1.09,N,2
38.65273,39.77268,312.83,0.47,0.48,2024-10-28,2345,N,VIIRS,n,2,274.85,0.98,N,2
39.59634,32.41931,303.98,0.39,0.36,2024-10-28,2345,N,VIIRS,n,2,279.0,1.17,N,2
39.83579,30.30138,312.53,0.4,0.37,2024-10-28,2345,N,VIIRS,n,2,279.28,1.31,N,2
39.94308,33.19253,297.8,0.39,0.36,2024-10-28,2345,N,VIIRS,n,2,277.31,1.19,N,2
40.04963,32.65008,299.63,0.39,0.36,2024-10-28,2345,N,VIIRS,n,2,276.68,0.99,N,2
40.25617,32.14405,301.46,0.38,0.36,2024-10-28,2345,N,VIIRS,n,2,272.23,0.98,N,0
40.75682,31.78556,301.07,0.39,0.36,2024-10-28,2345,N,VIIRS,n,2,276.24,0.53,N,2
40.76481,32.21792,298.7,0.38,0.36,2024-10-28,2345,N,VIIRS,n,2,274.27,0.73,N,2
40.76561,29.52859,310.76,0.42,0.38,2024-10-28,2345,N,VIIRS,n,2,287.88,1.46,N,3
40.78223,29.60061,299.4,0.42,0.38,2024-10-28,2345,N,VIIRS,n,2,286.04,1.49,N,2
40.94642,31.39863,300.95,0.39,0.36,2024-10-28,2345,N,VIIRS,n,2,277.81,0.72,N,2
41.01573,27.95914,301.08,0.47,0.4,2024-10-28,2345,N,VIIRS,n,2,283.09,1.24,N,2
41.01895,28.5549,301.31,0.45,0.39,2024-10-28,2345,N,VIIRS,n,2,271.58,0.93,N,2
41.17279,32.63148,320.58,0.38,0.36,2024-10-28,2345,N,VIIRS,n,2,278.27,2.67,N,2
41.17535,32.63694,326.13,0.38,0.36,2024-10-28,2345,N,VIIRS,n,2,279.54,2.67,N,2
41.18263,32.63422,301.18,0.38,0.36,2024-10-28,2345,N,VIIRS,n,2,277.82,1.15,N,2
41.19086,32.6196,295.22,0.38,0.36,2024-10-28,2345,N,VIIRS,n,2,277.61,0.55,N,0
41.19342,32.62505,298.86,0.38,0.36,2024-10-28,2345,N,VIIRS,n,2,278.71,0.9,N,2
41.24206,36.46815,301.12,0.45,0.39,2024-10-28,2345,N,VIIRS,n,2,281.86,1.1,N,2
41.24308,36.46285,307.32,0.45,0.39,2024-10-28,2345,N,VIIRS,n,2,283.94,1.81,N,2
41.25373,31.41565,308.01,0.39,0.36,2024-10-28,2345,N,VIIRS,n,2,278.74,1.16,N,2
41.25441,31.41103,314.77,0.39,0.36,2024-10-28,2345,N,VIIRS,n,2,279.34,1.16,N,2
41.26471,31.42539,317.78,0.39,0.36,2024-10-28,2345,N,VIIRS,n,2,282.98,1.25,N,2
41.26539,31.42078,301.71,0.39,0.36,2024-10-28,2345,N,VIIRS,n,2,280.0,1.25,N,3
41.28482,26.72162,297.68,0.54,0.42,2024-10-28,2345,N,VIIRS,n,2,278.46,0.98,N,0
35.52285,44.34141,298.09,0.48,0.65,2024-10-28,2346,N,VIIRS,n,2,279.96,4.45,N,2
35.52474,44.34259,367.0,0.48,0.65,2024-10-28,2346,N,VIIRS,h,2,282.72,7.5,N,2
35.52618,44.3375,298.95,0.48,0.65,2024-10-28,2346,N,VIIRS,n,2,279.69,5.04,N,2
35.52863,44.3437,354.13,0.48,0.65,2024-10-28,2346,N,VIIRS,n,2,283.46,4.45,N,2
35.53004,44.33859,352.73,0.48,0.65,2024-10-28,2346,N,VIIRS,n,2,284.41,4.45,N,2
35.53052,44.34486,298.72,0.48,0.65,2024-10-28,2346,N,VIIRS,n,2,278.81,1.96,N,2
35.53197,44.33974,353.53,0.48,0.65,2024-10-28,2346,N,VIIRS,n,2,284.24,6.37,N,2
35.56663,44.28503,324.3,0.48,0.65,2024-10-28,2346,N,VIIRS,n,2,282.9,2.49,N,2
35.62562,44.00676,301.35,0.46,0.64,2024-10-28,2346,N,VIIRS,n,2,281.78,2.51,N,2
35.62749,44.00696,339.39,0.46,0.64,2024-10-28,2346,N,VIIRS,n,2,284.28,2.78,N,2
35.63121,44.00925,340.08,0.46,0.64,2024-10-28,2346,N,VIIRS,n,2,284.4,2.51,N,2
35.63308,44.00947,305.73,0.46,0.64,2024-10-28,2346,N,VIIRS,n,2,280.12,2.78,N,2
35.66202,43.96631,349.36,0.46,0.63,2024-10-28,2346,N,VIIRS,n,2,283.85,5.68,N,2
35.68086,43.87582,332.29,0.45,0.63,2024-10-28,2346,N,VIIRS,n,2,278.89,5.02,N,2
35.68512,43.88296,297.49,0.45,0.63,2024-10-28,2346,N,VIIRS,n,2,278.69,7.2,N,2
35.68647,43.87806,354.39,0.45,0.63,2024-10-28,2346,N,VIIRS,n,2,296.08,16.01,N,2
35.68784,43.87313,308.28,0.45,0.63,2024-10-28,2346,N,VIIRS,n,2,280.35,16.01,N,2
35.72183,44.04165,333.86,0.46,0.64,2024-10-28,2346,N,VIIRS,n,2,281.92,4.31,N,2
35.72308,44.04073,351.39,0.46,0.64,2024-10-28,2346,N,VIIRS,n,2,285.06,4.48,N,2
35.72752,44.04378,317.56,0.46,0.64,2024-10-28,2346,N,VIIRS,n,2,281.73,2.69,N,2
35.73031,44.03382,330.26,0.46,0.64,2024-10-28,2346,N,VIIRS,n,2,283.01,2.75,N,2
35.73149,44.03289,324.74,0.46,0.64,2024-10-28,2346,N,VIIRS,n,2,282.89,2.48,N,2
35.77235,43.99551,324.48,0.46,0.63,2024-10-28,2346,N,VIIRS,n,2,282.53,1.81,N,2
35.833,43.22051,315.67,0.41,0.61,2024-10-28,2346,N,VIIRS,n,2,283.15,1.45,N,2
35.83555,43.22297,312.98,0.41,0.61,2024-10-28,2346,N,VIIRS,n,2,282.81,1.74,N,2
35.92218,43.78895,311.53,0.44,0.62,2024-10-28,2346,N,VIIRS,n,2,281.0,0.97,N,2
35.95138,43.72769,312.44,0.44,0.62,2024-10-28,2346,N,VIIRS,n,2,281.44,1.5,N,2
35.96452,43.7695,355.12,0.44,0.62,2024-10-28,2346,N,VIIRS,n,2,284.93,4.25,N,2
35.96586,43.76461,333.79,0.44,0.62,2024-10-28,2346,N,VIIRS,n,2,285.37,4.25,N,2
35.96994,43.77223,297.56,0.44,0.62,2024-10-28,2346,N,VIIRS,n,2,282.99,4.25,N,2
35.97126,43.76737,367.0,0.44,0.62,2024-10-28,2346,N,VIIRS,h,2,286.39,4.25,N,2
35.98215,43.7726,298.93,0.44,0.62,2024-10-28,2346,N,VIIRS,n,2,281.74,1.54,N,2
35.9833,44.15373,311.72,0.46,0.64,2024-10-28,2346,N,VIIRS,n,2,280.35,1.35,N,0
35.99701,43.76321,302.97,0.44,0.62,2024-10-28,2346,N,VIIRS,n,2,279.76,1.19,N,2
36.01871,43.68322,312.37,0.43,0.62,2024-10-28,2346,N,VIIRS,n,2,281.95,1.16,N,2
36.08097,43.64178,308.55,0.43,0.62,2024-10-28,2346,N,VIIRS,n,2,278.34,1.08,N,0
36.09571,43.63248,295.54,0.43,0.62,2024-10-28,2346,N,VIIRS,n,2,277.04,0.47,N,0
36.12749,43.78547,307.46,0.44,0.62,2024-10-28,2346,N,VIIRS,n,2,282.4,1.5,N,2
36.12922,43.78208,296.92,0.44,0.62,2024-10-28,2346,N,VIIRS,n,2,282.59,1.03,N,2
36.14249,40.81761,312.15,0.61,0.53,2024-10-28,2346,N,VIIRS,n,2,279.22,2.27,N,2
36.15663,43.77171,296.08,0.43,0.62,2024-10-28,2346,N,VIIRS,n,2,281.55,0.96,N,0
36.26041,33.7298,302.05,0.43,0.38,2024-10-28,2346,N,VIIRS,n,2,288.36,0.51,N,2
36.26384,33.73075,305.12,0.43,0.38,2024-10-28,2346,N,VIIRS,n,2,289.9,0.54,N,2
36.35188,42.07854,295.96,0.35,0.57,2024-10-28,2346,N,VIIRS,n,2,285.42,0.52,N,2
36.44204,42.9334,303.18,0.39,0.59,2024-10-28,2346,N,VIIRS,n,2,284.43,1.2,N,2
36.45631,41.28006,298.31,0.63,0.54,2024-10-28,2346,N,VIIRS,n,2,278.83,0.96,N,2
36.47694,43.80633,301.25,0.43,0.62,2024-10-28,2346,N,VIIRS,n,2,278.42,1.34,N,0
36.47819,43.80177,325.49,0.43,0.62,2024-10-28,2346,N,VIIRS,n,2,279.88,3.0,N,0
36.71975,36.19897,303.77,0.52,0.41,2024-10-28,2346,N,VIIRS,n,2,288.54,2.39,N,2
36.72867,36.21379,307.49,0.52,0.41,2024-10-28,2346,N,VIIRS,n,2,289.64,1.72,N,2
36.73115,43.28271,304.7,0.4,0.6,2024-10-28,2346,N,VIIRS,n,2,282.17,0.78,N,2
36.73357,36.20929,303.49,0.52,0.41,2024-10-28,2346,N,VIIRS,n,2,289.63,1.72,N,2
36.74711,36.20142,321.86,0.52,0.41,2024-10-28,2346,N,VIIRS,n,2,288.97,2.81,N,2
36.74868,43.50038,297.26,0.41,0.6,2024-10-28,2346,N,VIIRS,n,2,280.05,0.34,N,2
36.77228,43.32702,295.0,0.4,0.6,2024-10-28,2346,N,VIIRS,n,2,280.22,1.19,N,2
36.77349,43.32246,322.41,0.4,0.6,2024-10-28,2346,N,VIIRS,n,2,281.31,1.19,N,2
36.77798,43.32771,296.65,0.4,0.6,2024-10-28,2346,N,VIIRS,n,2,283.08,1.68,N,2
36.77909,43.32357,333.95,0.4,0.6,2024-10-28,2346,N,VIIRS,n,2,286.14,1.68,N,2
36.85415,37.23709,304.33,0.38,0.43,2024-10-28,2346,N,VIIRS,n,2,276.18,0.73,N,0
36.85504,37.23287,295.6,0.38,0.43,2024-10-28,2346,N,VIIRS,n,2,276.89,0.3,N,0
36.86674,34.75763,299.05,0.45,0.39,2024-10-28,2346,N,VIIRS,n,2,284.95,0.93,N,2
36.86894,43.49036,325.66,0.4,0.6,2024-10-28,2346,N,VIIRS,n,2,282.38,2.99,N,2
36.86932,34.76368,308.64,0.45,0.39,2024-10-28,2346,N,VIIRS,n,2,289.06,1.62,N,2
36.8704,43.4899,323.64,0.4,0.6,2024-10-28,2346,N,VIIRS,n,2,282.36,2.44,N,2
36.89119,43.43396,310.88,0.4,0.6,2024-10-28,2346,N,VIIRS,n,2,277.57,1.57,N,2
36.8912,43.43052,336.53,0.4,0.6,2024-10-28,2346,N,VIIRS,n,2,279.97,2.53,N,2
36.89249,43.4291,314.7,0.4,0.6,2024-10-28,2346,N,VIIRS,n,2,278.92,2.15,N,2
36.90717,43.39598,303.53,0.4,0.6,2024-10-28,2346,N,VIIRS,n,2,278.56,2.14,N,2
36.90738,43.39278,340.79,0.4,0.6,2024-10-28,2346,N,VIIRS,n,2,283.27,4.77,N,2
36.90839,43.39138,328.52,0.4,0.6,2024-10-28,2346,N,VIIRS,n,2,282.21,2.14,N,2
36.91625,41.89511,298.12,0.33,0.55,2024-10-28,2346,N,VIIRS,n,2,276.27,0.57,N,2
36.94595,42.13119,335.01,0.34,0.56,2024-10-28,2346,N,VIIRS,n,2,283.24,2.33,N,2
36.96164,35.45182,296.85,0.48,0.4,2024-10-28,2346,N,VIIRS,n,2,284.58,0.65,N,2
36.96357,35.45461,296.63,0.48,0.4,2024-10-28,2346,N,VIIRS,n,2,285.49,1.91,N,2
36.99187,42.79081,296.15,0.37,0.58,2024-10-28,2346,N,VIIRS,n,2,281.55,0.36,N,0
37.03081,42.16925,303.27,0.34,0.56,2024-10-28,2346,N,VIIRS,n,2,283.13,0.44,N,2
37.15345,41.79545,312.17,0.32,0.55,2024-10-28,2346,N,VIIRS,n,2,283.47,1.01,N,0
37.16058,41.8097,296.64,0.32,0.55,2024-10-28,2346,N,VIIRS,n,2,281.33,0.24,N,0
37.29573,37.15801,298.05,0.56,0.43,2024-10-28,2346,N,VIIRS,n,2,281.55,0.93,N,2
37.33872,40.80414,298.02,0.57,0.52,2024-10-28,2346,N,VIIRS,n,2,280.4,1.23,N,2
37.43267,39.46587,296.58,0.48,0.48,2024-10-28,2346,N,VIIRS,n,2,280.99,0.83,N,0
37.4344,39.46539,296.67,0.48,0.48,2024-10-28,2346,N,VIIRS,n,2,281.54,0.66,N,0
37.69122,28.99736,312.62,0.41,0.37,2024-10-28,2346,N,VIIRS,n,2,282.2,1.93,N,0
37.69278,29.01148,327.94,0.41,0.37,2024-10-28,2346,N,VIIRS,n,2,284.05,5.2,N,0
37.69339,29.00706,305.92,0.41,0.37,2024-10-28,2346,N,VIIRS,n,2,282.17,2.46,N,0
37.69399,29.00267,302.23,0.41,0.37,2024-10-28,2346,N,VIIRS,n,2,280.83,2.46,N,0
37.69621,29.01208,344.29,0.41,0.37,2024-10-28,2346,N,VIIRS,n,2,291.84,8.52,N,0
37.69681,29.00769,299.38,0.41,0.37,2024-10-28,2346,N,VIIRS,n,2,283.75,3.04,N,0
37.7025,29.01736,300.58,0.41,0.37,2024-10-28,2346,N,VIIRS,n,2,282.43,1.26,N,0
37.70579,29.01543,297.24,0.41,0.37,2024-10-28,2346,N,VIIRS,n,2,282.99,0.66,N,0
37.7086,29.02056,305.59,0.41,0.37,2024-10-28,2346,N,VIIRS,n,2,284.3,1.23,N,0
37.71003,40.27249,301.91,0.52,0.5,2024-10-28,2346,N,VIIRS,n,2,275.28,0.86,N,0
37.71201,29.02127,337.1,0.41,0.37,2024-10-28,2346,N,VIIRS,n,2,288.18,2.68,N,0
37.71381,40.90395,342.59,0.56,0.52,2024-10-28,2346,N,VIIRS,n,2,278.19,6.74,N,0
37.71542,29.02192,318.67,0.41,0.37,2024-10-28,2346,N,VIIRS,n,2,285.22,2.68,N,0
37.74286,37.84795,299.43,0.39,0.44,2024-10-28,2346,N,VIIRS,n,2,277.66,0.21,N,0
37.74318,41.01217,298.12,0.57,0.52,2024-10-28,2346,N,VIIRS,n,2,275.02,0.96,N,0
37.75651,40.9147,321.17,0.56,0.52,2024-10-28,2346,N,VIIRS,n,2,274.67,3.31,N,0
37.76104,40.91677,310.29,0.56,0.52,2024-10-28,2346,N,VIIRS,n,2,275.65,3.31,N,0
37.77,27.43769,300.9,0.46,0.39,2024-10-28,2346,N,VIIRS,n,2,286.49,0.75,N,2
37.77148,40.87323,312.31,0.56,0.51,2024-10-28,2346,N,VIIRS,n,2,274.05,2.97,N,0
37.7745,40.88155,305.78,0.56,0.51,2024-10-28,2346,N,VIIRS,n,2,272.63,2.2,N,0
37.82635,38.42098,299.09,0.42,0.45,2024-10-28,2346,N,VIIRS,n,2,278.25,0.63,N,0
37.83039,38.42246,298.13,0.42,0.45,2024-10-28,2346,N,VIIRS,n,2,278.69,0.48,N,0
37.86213,29.37262,308.79,0.4,0.37,2024-10-28,2346,N,VIIRS,n,2,283.53,1.18,N,2
37.93866,32.53545,302.75,0.39,0.36,2024-10-28,2346,N,VIIRS,n,2,279.62,0.98,N,2
38.42641,27.21932,304.05,0.48,0.4,2024-10-28,2346,N,VIIRS,n,2,284.29,0.82,N,2
38.42705,27.21393,296.4,0.48,0.4,2024-10-28,2346,N,VIIRS,n,2,284.91,1.04,N,2
38.48811,37.06064,301.13,0.53,0.42,2024-10-28,2346,N,VIIRS,n,2,272.73,1.27,N,0
38.49187,37.06187,312.76,0.53,0.42,2024-10-28,2346,N,VIIRS,n,2,274.4,1.36,N,0
38.49563,37.06308,295.24,0.53,0.42,2024-10-28,2346,N,VIIRS,n,2,273.83,1.36,N,0
38.62941,31.13254,295.24,0.39,0.36,2024-10-28,2346,N,VIIRS,n,2,270.65,0.82,N,0
38.63008,31.12815,299.83,0.39,0.36,2024-10-28,2346,N,VIIRS,n,2,272.69,0.82,N,3
38.63337,31.12897,308.84,0.39,0.36,2024-10-28,2346,N,VIIRS,n,2,274.94,1.09,N,0
38.63599,31.13417,304.83,0.39,0.36,2024-10-28,2346,N,VIIRS,n,2,273.19,1.09,N,3
38.63666,31.12979,295.73,0.39,0.36,2024-10-28,2346,N,VIIRS,n,2,270.86,1.09,N,0
38.64035,31.21725,301.36,0.38,0.36,2024-10-28,2346,N,VIIRS,n,2,274.99,1.16,N,0
38.64062,31.12621,299.25,0.39,0.36,2024-10-28,2346,N,VIIRS,n,2,272.99,1.51,N,0
38.64364,31.21807,298.97,0.38,0.36,2024-10-28,2346,N,VIIRS,n,2,275.04,1.16,N,0
38.64782,31.14623,320.04,0.39,0.36,2024-10-28,2346,N,VIIRS,n,2,267.75,2.05,N,0
38.64849,31.14184,320.99,0.39,0.36,2024-10-28,2346,N,VIIRS,n,2,271.51,2.05,N,3
38.64962,31.20135,295.39,0.38,0.36,2024-10-28,2346,N,VIIRS,n,2,270.98,0.78,N,0
38.65044,31.15144,308.54,0.39,0.36,2024-10-28,2346,N,VIIRS,n,2,271.35,2.22,N,0
38.65104,31.16982,295.61,0.39,0.36,2024-10-28,2346,N,VIIRS,n,2,276.68,2.14,N,0
38.65111,31.14705,344.95,0.39,0.36,2024-10-28,2346,N,VIIRS,n,2,276.55,4.35,N,0
38.65117,31.12427,296.07,0.39,0.36,2024-10-28,2346,N,VIIRS,n,2,274.66,1.45,N,0
38.65171,31.16543,303.09,0.39,0.36,2024-10-28,2346,N,VIIRS,n,2,278.29,1.73,N,0
38.65178,31.14266,333.86,0.39,0.36,2024-10-28,2346,N,VIIRS,n,2,274.03,4.35,N,3
38.65239,31.16103,303.42,0.39,0.36,2024-10-28,2346,N,VIIRS,n,2,274.79,1.73,N,0
38.65298,31.17941,295.78,0.39,0.36,2024-10-28,2346,N,VIIRS,n,2,274.04,1.26,N,0
38.65373,31.15226,318.35,0.39,0.36,2024-10-28,2346,N,VIIRS,n,2,282.21,2.22,N,0
38.65433,31.17064,300.75,0.39,0.36,2024-10-28,2346,N,VIIRS,n,2,275.58,1.1,N,3
38.6544,31.14787,339.8,0.39,0.36,2024-10-28,2346,N,VIIRS,n,2,288.56,4.35,N,3
38.65501,31.16624,308.67,0.39,0.36,2024-10-28,2346,N,VIIRS,n,2,280.87,1.15,N,0
38.65507,31.14347,303.71,0.39,0.36,2024-10-28,2346,N,VIIRS,n,2,275.28,4.35,N,3
38.65567,31.16185,311.93,0.39,0.36,2024-10-28,2346,N,VIIRS,n,2,280.39,1.15,N,0
38.65769,31.14868,305.42,0.39,0.36,2024-10-28,2346,N,VIIRS,n,2,278.19,1.67,N,3
38.65829,31.16706,296.12,0.39,0.36,2024-10-28,2346,N,VIIRS,n,2,276.1,1.15,N,3
38.65836,31.14429,302.36,0.39,0.36,2024-10-28,2346,N,VIIRS,n,2,276.53,1.67,N,3
38.65897,31.16268,295.13,0.39,0.36,2024-10-28,2346,N,VIIRS,n,2,274.56,1.15,N,0
38.66226,31.1635,338.41,0.39,0.36,2024-10-28,2346,N,VIIRS,n,2,275.13,6.72,N,0
38.66293,31.15911,335.12,0.39,0.36,2024-10-28,2346,N,VIIRS,n,2,275.0,4.7,N,0
38.6636,31.15471,311.6,0.39,0.36,2024-10-28,2346,N,VIIRS,n,2,272.82,4.7,N,3
38.66428,31.15032,325.76,0.39,0.36,2024-10-28,2346,N,VIIRS,n,2,273.58,2.68,N,3
38.73417,26.95062,306.37,0.49,0.4,2024-10-28,2346,N,VIIRS,n,2,284.82,1.33,N,2
38.73481,26.94488,305.85,0.49,0.4,2024-10-28,2346,N,VIIRS,n,2,289.81,1.33,N,2
38.73791,26.95117,296.76,0.49,0.4,2024-10-28,2346,N,VIIRS,n,2,284.73,0.69,N,2
38.73855,26.94551,300.83,0.49,0.4,2024-10-28,2346,N,VIIRS,n,2,288.16,0.69,N,2
38.74228,26.94622,301.78,0.49,0.4,2024-10-28,2346,N,VIIRS,n,2,286.29,0.69,N,2
38.74909,26.95325,296.18,0.49,0.4,2024-10-28,2346,N,VIIRS,n,2,283.33,1.09,N,2
38.78722,26.91997,298.67,0.49,0.41,2024-10-28,2346,N,VIIRS,n,2,286.44,1.4,N,3
38.7879,26.91416,305.12,0.49,0.41,2024-10-28,2346,N,VIIRS,n,2,289.45,2.4,N,3
38.90208,32.48244,316.5,0.39,0.36,2024-10-28,2346,N,VIIRS,n,2,272.44,1.87,N,0
38.95546,35.21724,295.27,0.44,0.38,2024-10-28,2346,N,VIIRS,n,2,271.21,0.56,N,0
39.0113,34.07465,296.58,0.41,0.37,2024-10-28,2346,N,VIIRS,n,2,267.53,0.49,N,0
39.09098,27.51087,305.15,0.47,0.4,2024-10-28,2346,N,VIIRS,n,2,282.38,0.98,N,0
39.16598,27.63128,303.64,0.47,0.39,2024-10-28,2346,N,VIIRS,n,2,281.72,1.01,N,2
39.16965,27.63172,297.23,0.47,0.39,2024-10-28,2346,N,VIIRS,n,2,284.15,0.57,N,2
39.18205,27.49923,297.69,0.47,0.4,2024-10-28,2346,N,VIIRS,n,2,284.37,0.83,N,2
39.19402,27.64375,295.99,0.47,0.39,2024-10-28,2346,N,VIIRS,n,2,280.75,0.6,N,0
39.48464,30.04206,309.04,0.4,0.37,2024-10-28,2346,N,VIIRS,n,2,276.37,1.68,N,2
39.74606,30.19647,295.55,0.4,0.37,2024-10-28,2346,N,VIIRS,n,2,279.48,0.62,N,2
39.86584,26.24128,309.57,0.54,0.42,2024-10-28,2346,N,VIIRS,n,2,284.06,2.72,N,2
39.86605,26.24687,304.39,0.54,0.42,2024-10-28,2346,N,VIIRS,n,2,283.4,0.76,N,2
40.11538,25.88465,301.52,0.57,0.43,2024-10-28,2346,N,VIIRS,n,2,286.66,1.89,N,3
40.11837,25.88583,322.49,0.57,0.43,2024-10-28,2346,N,VIIRS,n,2,286.42,2.02,N,0
40.11934,25.88566,315.79,0.57,0.43,2024-10-28,2346,N,VIIRS,n,2,286.31,2.13,N,0
35.5262,44.34577,341.03,0.55,0.51,2024-10-29,926,N,VIIRS,n,2,305.17,10.11,D,2
35.52937,44.33809,341.25,0.56,0.51,2024-10-29,926,N,VIIRS,n,2,306.57,6.47,D,2
35.534,44.33656,333.21,0.56,0.51,2024-10-29,926,N,VIIRS,n,2,303.89,6.47,D,2
35.62752,44.00888,347.92,0.58,0.52,2024-10-29,926,N,VIIRS,n,2,306.18,9.86,D,2
35.65791,44.24549,342.64,0.56,0.51,2024-10-29,926,N,VIIRS,n,2,306.56,6.39,D,0
35.66149,43.96173,337.09,0.58,0.52,2024-10-29,926,N,VIIRS,n,2,305.26,3.6,D,2
35.66299,43.96798,335.26,0.58,0.52,2024-10-29,926,N,VIIRS,n,2,305.12,4.23,D,2
35.68253,43.87925,344.56,0.58,0.52,2024-10-29,926,N,VIIRS,n,2,311.2,28.91,D,2
35.68576,43.60413,345.95,0.6,0.53,2024-10-29,926,N,VIIRS,n,2,308.05,7.06,D,0
35.68725,43.87763,345.99,0.58,0.52,2024-10-29,926,N,VIIRS,n,2,305.23,28.91,D,2
35.72586,44.04081,346.45,0.57,0.52,2024-10-29,926,N,VIIRS,n,2,304.92,5.39,D,2
35.75192,43.75016,337.15,0.59,0.53,2024-10-29,926,N,VIIRS,n,2,304.29,4.11,D,0
35.75342,43.7564,330.86,0.59,0.53,2024-10-29,926,N,VIIRS,n,2,305.4,4.11,D,0
35.84249,44.02466,331.99,0.57,0.52,2024-10-29,926,N,VIIRS,n,2,306.68,3.41,D,0
35.9103,44.01218,341.3,0.57,0.52,2024-10-29,926,N,VIIRS,n,2,305.53,5.88,D,0
35.96619,43.76235,340.22,0.58,0.52,2024-10-29,926,N,VIIRS,n,2,303.92,3.63,D,2
35.96765,43.76845,341.35,0.58,0.52,2024-10-29,926,N,VIIRS,n,2,304.82,8.25,D,2
35.97086,43.76053,341.05,0.58,0.52,2024-10-29,926,N,VIIRS,n,2,302.25,3.63,D,2
35.99168,44.12373,341.66,0.56,0.51,2024-10-29,926,N,VIIRS,n,2,306.26,7.0,D,0
35.99207,44.12305,341.59,0.56,0.51,2024-10-29,926,N,VIIRS,n,2,305.75,4.29,D,0
36.01562,44.35418,342.71,0.54,0.51,2024-10-29,926,N,VIIRS,n,2,304.18,5.32,D,0
36.01817,43.68024,336.32,0.59,0.53,2024-10-29,926,N,VIIRS,n,2,305.59,4.31,D,2
36.0265,40.53526,353.51,0.43,0.62,2024-10-29,926,N,VIIRS,n,2,304.18,5.54,D,0
36.10981,44.41129,335.51,0.53,0.5,2024-10-29,926,N,VIIRS,n,2,304.8,4.12,D,0
36.11118,44.41714,330.47,0.53,0.5,2024-10-29,926,N,VIIRS,n,2,304.94,4.58,D,0
36.14335,40.81289,335.8,0.41,0.61,2024-10-29,926,N,VIIRS,n,2,302.59,3.41,D,2
36.17952,43.81216,342.77,0.57,0.52,2024-10-29,926,N,VIIRS,n,2,307.45,5.32,D,0
36.25786,39.28244,367.0,0.49,0.65,2024-10-29,926,N,VIIRS,h,2,307.58,16.72,D,0
36.30854,43.82329,340.26,0.57,0.52,2024-10-29,926,N,VIIRS,n,2,303.8,9.3,D,0
36.32631,43.41626,342.15,0.6,0.53,2024-10-29,926,N,VIIRS,n,2,305.43,9.07,D,0
36.3279,43.42279,341.7,0.6,0.53,2024-10-29,926,N,VIIRS,n,2,307.06,10.79,D,0
36.32945,43.3652,338.46,0.6,0.53,2024-10-29,926,N,VIIRS,n,2,305.37,5.52,D,0
36.35003,43.42907,337.74,0.59,0.53,2024-10-29,926,N,VIIRS,n,2,304.14,4.13,D,0
36.47345,43.17293,341.81,0.61,0.53,2024-10-29,926,N,VIIRS,n,2,308.13,10.99,D,0
36.494,43.94967,354.19,0.55,0.51,2024-10-29,926,N,VIIRS,n,2,307.76,9.71,D,0
36.49917,43.48032,336.88,0.59,0.53,2024-10-29,926,N,VIIRS,n,2,306.09,13.0,D,0
36.50059,43.48625,338.36,0.59,0.53,2024-10-29,926,N,VIIRS,n,2,303.57,13.0,D,0
36.50307,43.48351,367.0,0.59,0.52,2024-10-29,926,N,VIIRS,h,2,313.72,16.97,D,0
36.50383,43.47841,341.85,0.59,0.53,2024-10-29,926,N,VIIRS,n,2,305.29,13.07,D,0
36.50455,43.48953,333.59,0.58,0.52,2024-10-29,926,N,VIIRS,n,2,306.11,16.97,D,0
36.50526,43.48443,367.0,0.59,0.53,2024-10-29,926,N,VIIRS,h,2,309.19,13.07,D,0
36.50671,43.49053,337.78,0.59,0.52,2024-10-29,926,N,VIIRS,n,2,307.45,13.44,D,0
36.50776,43.48172,351.57,0.59,0.52,2024-10-29,926,N,VIIRS,n,2,305.27,16.97,D,0
36.50925,43.48783,336.7,0.58,0.52,2024-10-29,926,N,VIIRS,n,2,307.37,16.97,D,0
36.50996,43.48267,348.02,0.59,0.53,2024-10-29,926,N,VIIRS,n,2,304.94,13.07,D,0
36.51244,43.47992,345.98,0.59,0.52,2024-10-29,926,N,VIIRS,n,2,303.62,8.95,D,0
36.56487,44.2539,337.49,0.53,0.5,2024-10-29,926,N,VIIRS,n,2,303.58,2.44,D,0
36.58819,44.02567,344.16,0.55,0.51,2024-10-29,926,N,VIIRS,n,2,305.57,4.84,D,0
36.68958,43.08464,337.86,0.61,0.53,2024-10-29,926,N,VIIRS,n,2,307.39,8.77,D,0
36.69123,43.09138,341.57,0.61,0.53,2024-10-29,926,N,VIIRS,n,2,308.36,8.77,D,0
36.69819,43.80689,339.11,0.56,0.51,2024-10-29,926,N,VIIRS,n,2,308.07,4.18,D,0
36.70209,43.80744,342.25,0.56,0.51,2024-10-29,926,N,VIIRS,n,2,308.11,3.82,D,0
36.70975,42.49829,333.25,0.33,0.55,2024-10-29,926,N,VIIRS,n,2,306.67,1.72,D,0
36.72312,43.07258,347.72,0.61,0.53,2024-10-29,926,N,VIIRS,n,2,304.3,9.78,D,0
36.73522,43.293,341.09,0.59,0.53,2024-10-29,926,N,VIIRS,n,2,304.51,6.93,D,0
36.75722,43.61431,348.21,0.57,0.52,2024-10-29,926,N,VIIRS,n,2,304.86,7.86,D,0
36.75812,43.61596,341.13,0.57,0.52,2024-10-29,926,N,VIIRS,n,2,305.81,7.63,D,0
36.77323,43.32277,340.66,0.59,0.53,2024-10-29,926,N,VIIRS,n,2,302.98,3.51,D,2
36.79357,41.90044,350.26,0.35,0.57,2024-10-29,926,N,VIIRS,n,2,308.13,5.32,D,0
36.79389,41.90094,347.93,0.35,0.57,2024-10-29,926,N,VIIRS,n,2,308.2,4.82,D,0
36.79566,41.88701,339.11,0.35,0.57,2024-10-29,926,N,VIIRS,n,2,306.25,2.54,D,0
36.79604,41.88745,340.1,0.35,0.57,2024-10-29,926,N,VIIRS,n,2,306.52,2.23,D,0
36.79941,42.97142,335.15,0.61,0.54,2024-10-29,926,N,VIIRS,n,2,304.96,2.65,D,0
36.84656,42.30677,333.51,0.33,0.55,2024-10-29,926,N,VIIRS,n,2,306.8,2.27,D,0
36.86181,40.40984,331.16,0.42,0.61,2024-10-29,926,N,VIIRS,n,2,305.49,1.47,D,0
36.86358,42.24457,336.07,0.33,0.56,2024-10-29,926,N,VIIRS,n,2,308.19,2.21,D,0
36.86853,42.24264,335.02,0.33,0.56,2024-10-29,926,N,VIIRS,n,2,305.06,2.1,D,0
36.88348,38.72725,338.28,0.51,0.66,2024-10-29,926,N,VIIRS,n,2,300.43,4.1,D,0
36.89787,38.59288,367.0,0.51,0.66,2024-10-29,926,N,VIIRS,h,2,306.66,15.59,D,0
36.89858,38.59556,367.0,0.51,0.66,2024-10-29,926,N,VIIRS,h,2,308.7,22.45,D,0
36.90551,43.389,338.11,0.58,0.52,2024-10-29,926,N,VIIRS,n,2,295.44,5.61,D,2
36.91867,40.02858,348.26,0.43,0.62,2024-10-29,926,N,VIIRS,n,2,299.57,3.15,D,0
36.92436,42.3473,342.21,0.33,0.55,2024-10-29,926,N,VIIRS,n,2,308.39,2.64,D,0
36.93525,42.13184,332.6,0.34,0.56,2024-10-29,926,N,VIIRS,n,2,303.91,1.16,D,2
36.94614,42.1317,344.5,0.34,0.56,2024-10-29,926,N,VIIRS,n,2,307.45,2.1,D,2
36.96514,38.55064,367.0,0.51,0.66,2024-10-29,926,N,VIIRS,h,2,301.79,7.34,D,0
36.96886,40.19054,330.15,0.42,0.61,2024-10-29,926,N,VIIRS,n,2,297.87,3.26,D,0
36.98814,41.87725,336.25,0.35,0.56,2024-10-29,926,N,VIIRS,n,2,305.47,2.83,D,0
36.99044,43.09863,331.11,0.6,0.53,2024-10-29,926,N,VIIRS,n,2,300.41,3.9,D,0
37.03395,42.52791,356.67,0.32,0.55,2024-10-29,926,N,VIIRS,n,2,308.49,6.36,D,0
37.03482,39.0548,347.75,0.48,0.65,2024-10-29,926,N,VIIRS,n,2,301.23,4.58,D,0
37.03482,42.53141,354.32,0.32,0.54,2024-10-29,926,N,VIIRS,n,2,306.65,5.65,D,0
37.03568,42.53489,345.82,0.32,0.54,2024-10-29,926,N,VIIRS,n,2,306.45,5.65,D,0
37.03815,39.05603,335.2,0.48,0.65,2024-10-29,926,N,VIIRS,n,2,298.78,3.6,D,0
37.04059,42.53321,339.06,0.32,0.54,2024-10-29,926,N,VIIRS,n,2,304.88,2.29,D,0
37.04353,39.64653,335.3,0.45,0.63,2024-10-29,926,N,VIIRS,n,2,298.3,2.13,D,0
37.08589,40.53673,331.0,0.4,0.6,2024-10-29,926,N,VIIRS,n,2,304.87,3.09,D,0
37.09897,41.54844,333.53,0.36,0.57,2024-10-29,926,N,VIIRS,n,2,305.32,2.5,D,0
37.09998,41.55239,342.28,0.36,0.57,2024-10-29,926,N,VIIRS,n,2,308.28,2.68,D,0
37.101,41.55634,334.17,0.36,0.57,2024-10-29,926,N,VIIRS,n,2,305.85,2.68,D,0
37.10209,41.51687,346.6,0.36,0.57,2024-10-29,926,N,VIIRS,n,2,306.56,4.15,D,0
37.1031,41.52082,342.92,0.36,0.57,2024-10-29,926,N,VIIRS,n,2,308.62,4.15,D,0
37.11693,38.32246,329.54,0.52,0.67,2024-10-29,926,N,VIIRS,n,2,302.38,2.58,D,0
37.12271,40.348,339.61,0.41,0.61,2024-10-29,926,N,VIIRS,n,2,302.54,6.44,D,0
37.12392,40.35247,339.18,0.41,0.61,2024-10-29,926,N,VIIRS,n,2,303.98,8.25,D,0
37.15044,42.52663,340.6,0.63,0.54,2024-10-29,926,N,VIIRS,n,2,305.34,7.29,D,0
37.15374,41.67467,356.4,0.35,0.57,2024-10-29,926,N,VIIRS,n,2,307.89,3.39,D,0
37.17007,39.99609,355.97,0.43,0.62,2024-10-29,926,N,VIIRS,n,2,301.78,6.67,D,0
37.17045,39.99196,353.87,0.43,0.62,2024-10-29,926,N,VIIRS,n,2,302.39,7.93,D,0
37.17173,39.99659,345.78,0.43,0.62,2024-10-29,926,N,VIIRS,n,2,301.77,8.94,D,0
37.17673,42.00264,354.48,0.34,0.56,2024-10-29,926,N,VIIRS,n,2,302.43,4.13,D,0
37.17768,42.00636,339.02,0.34,0.56,2024-10-29,926,N,VIIRS,n,2,305.3,4.13,D,0
37.2488,42.62617,333.12,0.62,0.54,2024-10-29,926,N,VIIRS,n,2,304.13,5.25,D,0
37.27654,42.63173,342.05,0.62,0.54,2024-10-29,926,N,VIIRS,n,2,307.59,7.64,D,0
37.27959,39.07082,338.73,0.48,0.64,2024-10-29,926,N,VIIRS,n,2,302.63,3.7,D,0
37.34148,41.83982,338.25,0.34,0.56,2024-10-29,926,N,VIIRS,n,2,304.46,2.49,D,0
37.42342,41.42428,367.0,0.36,0.57,2024-10-29,926,N,VIIRS,h,2,305.35,5.99,D,0
37.51075,41.26331,338.62,0.36,0.58,2024-10-29,926,N,VIIRS,n,2,301.02,3.57,D,0
37.51177,41.26727,341.06,0.36,0.58,2024-10-29,926,N,VIIRS,n,2,303.18,5.8,D,0
37.5123,42.07235,329.5,0.33,0.55,2024-10-29,926,N,VIIRS,n,2,292.67,2.94,D,0
37.51335,42.07649,335.24,0.33,0.55,2024-10-29,926,N,VIIRS,n,2,294.45,4.37,D,0
37.51416,41.26177,335.57,0.36,0.57,2024-10-29,926,N,VIIRS,n,2,299.95,3.77,D,0
37.5152,41.26571,344.63,0.36,0.57,2024-10-29,926,N,VIIRS,n,2,300.98,5.89,D,0
37.53301,40.4095,336.98,0.4,0.6,2024-10-29,926,N,VIIRS,n,2,298.2,1.77,D,0
37.64039,40.85871,367.0,0.38,0.58,2024-10-29,926,N,VIIRS,h,2,300.83,9.05,D,0
37.64254,40.86004,355.15,0.38,0.58,2024-10-29,926,N,VIIRS,n,2,300.02,7.25,D,0
37.687,40.91906,341.31,0.37,0.58,2024-10-29,926,N,VIIRS,n,2,299.98,2.16,D,0
37.68765,40.65879,333.76,0.38,0.59,2024-10-29,926,N,VIIRS,n,2,299.97,2.38,D,0
37.68911,40.62008,349.1,0.39,0.59,2024-10-29,926,N,VIIRS,n,2,303.47,5.4,D,0
37.68938,40.61615,332.28,0.39,0.59,2024-10-29,926,N,VIIRS,n,2,295.64,3.04,D,0
37.6905,40.6203,341.37,0.39,0.59,2024-10-29,926,N,VIIRS,n,2,300.98,3.04,D,0
37.75241,40.80802,367.0,0.38,0.58,2024-10-29,926,N,VIIRS,h,2,297.4,6.3,D,0
37.75307,40.91823,330.05,0.37,0.58,2024-10-29,926,N,VIIRS,n,2,299.26,2.94,D,0
37.75621,40.92997,367.0,0.37,0.58,2024-10-29,926,N,VIIRS,h,2,300.41,8.04,D,0
37.75826,40.92854,346.5,0.37,0.58,2024-10-29,926,N,VIIRS,n,2,298.11,3.53,D,0
37.75928,40.93246,336.03,0.37,0.58,2024-10-29,926,N,VIIRS,n,2,296.88,3.53,D,0
37.75995,40.90102,336.78,0.37,0.58,2024-10-29,926,N,VIIRS,n,2,298.87,1.97,D,0
37.76214,40.89946,334.57,0.37,0.58,2024-10-29,926,N,VIIRS,n,2,298.03,1.57,D,0
37.76681,40.86208,333.84,0.37,0.58,2024-10-29,926,N,VIIRS,n,2,299.46,3.04,D,0
37.77934,40.86595,343.8,0.37,0.58,2024-10-29,926,N,VIIRS,n,2,297.63,5.58,D,0
37.79039,41.48461,343.62,0.35,0.56,2024-10-29,926,N,VIIRS,n,2,298.79,4.31,D,0
37.79092,41.48584,342.74,0.35,0.56,2024-10-29,926,N,VIIRS,n,2,299.08,3.69,D,0
37.80539,41.58693,339.83,0.34,0.56,2024-10-29,926,N,VIIRS,n,2,301.16,4.54,D,0
37.8064,41.5909,351.61,0.34,0.56,2024-10-29,926,N,VIIRS,n,2,300.36,4.54,D,0
37.8105,41.60705,367.0,0.34,0.56,2024-10-29,926,N,VIIRS,h,2,304.23,7.0,D,0
37.81865,41.61745,342.89,0.34,0.56,2024-10-29,926,N,VIIRS,n,2,301.81,3.66,D,0
37.81973,41.62173,345.95,0.34,0.56,2024-10-29,926,N,VIIRS,n,2,299.37,3.66,D,0
37.93581,41.8774,341.89,0.33,0.55,2024-10-29,926,N,VIIRS,n,2,301.21,2.7,D,0
37.93935,41.5906,335.06,0.34,0.56,2024-10-29,926,N,VIIRS,n,2,302.31,2.62,D,0
37.94017,41.56485,330.34,0.34,0.56,2024-10-29,926,N,VIIRS,n,2,301.48,1.44,D,0
37.94106,41.58952,333.0,0.34,0.56,2024-10-29,926,N,VIIRS,n,2,302.48,1.74,D,0
37.94422,41.55922,330.58,0.34,0.56,2024-10-29,926,N,VIIRS,n,2,303.54,2.98,D,0
37.94515,41.56282,347.98,0.34,0.56,2024-10-29,926,N,VIIRS,n,2,302.56,2.98,D,0
37.94609,41.56649,347.28,0.34,0.56,2024-10-29,926,N,VIIRS,n,2,301.52,3.44,D,0
37.94706,41.57018,327.13,0.34,0.56,2024-10-29,926,N,VIIRS,n,2,299.73,3.44,D,0
37.94919,41.55716,341.19,0.34,0.56,2024-10-29,926,N,VIIRS,n,2,301.85,2.98,D,0
37.95302,41.688,335.73,0.34,0.56,2024-10-29,926,N,VIIRS,n,2,304.95,7.46,D,0
37.95453,41.65067,350.66,0.34,0.56,2024-10-29,926,N,VIIRS,n,2,301.96,4.58,D,0
37.95546,41.65437,349.04,0.34,0.56,2024-10-29,926,N,VIIRS,n,2,301.43,4.55,D,0
37.9558,41.63402,336.19,0.34,0.56,2024-10-29,926,N,VIIRS,n,2,302.17,1.55,D,0
37.95639,41.65808,327.39,0.34,0.56,2024-10-29,926,N,VIIRS,n,2,300.29,4.55,D,0
37.95662,41.64955,353.69,0.34,0.56,2024-10-29,926,N,VIIRS,n,2,300.7,9.4,D,0
37.95707,41.68241,342.44,0.34,0.56,2024-10-29,926,N,VIIRS,n,2,304.51,3.42,D,0
37.95734,41.66182,367.0,0.34,0.56,2024-10-29,926,N,VIIRS,h,2,304.48,5.5,D,0
37.95757,41.65325,347.98,0.34,0.56,2024-10-29,926,N,VIIRS,n,2,299.67,4.73,D,0
37.95853,41.65697,327.61,0.34,0.56,2024-10-29,926,N,VIIRS,n,2,300.6,4.73,D,0
37.95889,41.61593,339.78,0.34,0.56,2024-10-29,926,N,VIIRS,n,2,302.17,2.39,D,0
37.95934,41.68124,333.48,0.34,0.56,2024-10-29,926,N,VIIRS,n,2,302.26,3.36,D,0
37.9595,41.66072,367.0,0.34,0.56,2024-10-29,926,N,VIIRS,h,2,305.82,12.31,D,0
37.95967,41.64019,367.0,0.34,0.56,2024-10-29,926,N,VIIRS,h,2,304.18,6.73,D,0
37.96233,41.65995,348.32,0.34,0.56,2024-10-29,926,N,VIIRS,n,2,300.54,5.5,D,0
37.96561,41.64193,342.76,0.34,0.56,2024-10-29,926,N,VIIRS,n,2,302.0,5.07,D,0
37.97104,41.53508,343.02,0.34,0.56,2024-10-29,926,N,VIIRS,n,2,307.82,4.66,D,0
38.08098,41.6875,351.39,0.33,0.55,2024-10-29,926,N,VIIRS,n,2,305.18,3.36,D,0
38.08191,41.69123,327.17,0.33,0.55,2024-10-29,926,N,VIIRS,n,2,301.5,3.36,D,0
37.28502,37.06516,334.56,0.6,0.71,2024-10-29,927,N,VIIRS,n,2,293.04,2.9,D,0
37.47498,39.01352,351.95,0.47,0.64,2024-10-29,927,N,VIIRS,n,2,304.46,5.38,D,0
37.47639,39.01009,333.48,0.47,0.64,2024-10-29,927,N,VIIRS,n,2,301.62,3.58,D,0
37.47783,39.01522,334.3,0.47,0.64,2024-10-29,927,N,VIIRS,n,2,302.31,5.09,D,0
37.48231,39.36994,340.54,0.45,0.63,2024-10-29,927,N,VIIRS,n,2,296.52,12.59,D,0
37.59715,39.35565,331.51,0.45,0.63,2024-10-29,927,N,VIIRS,n,2,299.64,2.69,D,0
37.6414,38.10464,336.52,0.52,0.67,2024-10-29,927,N,VIIRS,n,2,301.16,5.3,D,0
37.64213,38.1084,348.49,0.52,0.67,2024-10-29,927,N,VIIRS,n,2,302.12,6.26,D,0
37.64333,38.11132,332.04,0.52,0.67,2024-10-29,927,N,VIIRS,n,2,300.63,5.3,D,0
37.64802,38.10573,345.75,0.52,0.67,2024-10-29,927,N,VIIRS,n,2,303.09,4.76,D,0
37.66572,38.89495,337.4,0.47,0.64,2024-10-29,927,N,VIIRS,n,2,301.58,8.4,D,0
37.66872,38.89688,355.34,0.47,0.64,2024-10-29,927,N,VIIRS,n,2,304.04,6.93,D,0
37.69731,40.25581,338.21,0.4,0.6,2024-10-29,927,N,VIIRS,n,2,301.15,2.83,D,0
37.72045,40.27523,331.67,0.4,0.6,2024-10-29,927,N,VIIRS,n,2,300.09,2.09,D,0
37.75746,38.68983,345.92,0.48,0.65,2024-10-29,927,N,VIIRS,n,2,304.21,6.83,D,0
37.7767,38.80208,332.63,0.48,0.64,2024-10-29,927,N,VIIRS,n,2,301.04,2.36,D,0
37.79036,38.87227,336.39,0.47,0.64,2024-10-29,927,N,VIIRS,n,2,301.86,3.92,D,0
37.80677,40.28826,343.66,0.4,0.6,2024-10-29,927,N,VIIRS,n,2,301.47,3.5,D,0
37.80786,40.29162,347.23,0.4,0.6,2024-10-29,927,N,VIIRS,n,2,302.55,6.55,D,0
37.80794,40.29253,334.45,0.4,0.6,2024-10-29,927,N,VIIRS,n,2,302.25,3.5,D,0
37.82541,38.48822,340.03,0.49,0.65,2024-10-29,927,N,VIIRS,n,2,299.89,3.94,D,0
37.82697,38.49361,332.81,0.49,0.65,2024-10-29,927,N,VIIRS,n,2,299.91,5.99,D,0
37.82907,40.39335,367.0,0.39,0.6,2024-10-29,927,N,VIIRS,h,2,306.42,5.79,D,0
37.83447,40.39154,336.37,0.39,0.6,2024-10-29,927,N,VIIRS,n,2,299.8,5.79,D,0
37.85703,40.25511,367.0,0.4,0.6,2024-10-29,927,N,VIIRS,h,2,303.58,5.26,D,0
37.85825,40.25963,337.45,0.4,0.6,2024-10-29,927,N,VIIRS,n,2,302.57,5.26,D,0
37.87485,38.96841,345.6,0.46,0.64,2024-10-29,927,N,VIIRS,n,2,302.12,7.95,D,0
37.89786,40.93581,347.09,0.37,0.58,2024-10-29,927,N,VIIRS,n,2,303.49,3.59,D,0
37.94063,39.93769,367.0,0.41,0.61,2024-10-29,927,N,VIIRS,h,2,305.04,7.15,D,0
37.94194,39.93587,367.0,0.41,0.61,2024-10-29,927,N,VIIRS,h,2,304.38,8.36,D,0
37.96114,39.96258,331.57,0.41,0.61,2024-10-29,927,N,VIIRS,n,2,300.56,2.15,D,0
37.99337,41.06172,367.0,0.36,0.57,2024-10-29,927,N,VIIRS,h,2,308.53,6.99,D,0
37.99747,41.05579,329.64,0.36,0.57,2024-10-29,927,N,VIIRS,n,2,301.04,6.99,D,0
37.99849,41.05971,338.57,0.36,0.57,2024-10-29,927,N,VIIRS,n,2,300.14,6.99,D,0
38.02645,40.75954,330.61,0.37,0.58,2024-10-29,927,N,VIIRS,n,2,304.09,1.69,D,0
38.02913,40.25987,332.76,0.39,0.6,2024-10-29,927,N,VIIRS,n,2,298.79,1.24,D,0
38.06626,39.0745,351.19,0.45,0.63,2024-10-29,927,N,VIIRS,n,2,296.52,7.7,D,0
38.07786,41.68784,330.88,0.33,0.55,2024-10-29,927,N,VIIRS,n,2,302.87,2.26,D,0
38.08287,41.68612,340.63,0.33,0.55,2024-10-29,927,N,VIIRS,n,2,302.39,2.26,D,0
38.08382,41.68983,331.29,0.33,0.55,2024-10-29,927,N,VIIRS,n,2,300.57,2.26,D,0
38.09807,41.12009,334.89,0.36,0.57,2024-10-29,927,N,VIIRS,n,2,302.04,2.89,D,0
38.10165,40.64423,333.09,0.38,0.58,2024-10-29,927,N,VIIRS,n,2,299.08,3.22,D,0
38.10275,40.64836,351.35,0.38,0.58,2024-10-29,927,N,VIIRS,n,2,299.85,3.22,D,0
38.12478,40.07071,336.2,0.4,0.6,2024-10-29,927,N,VIIRS,n,2,301.23,2.13,D,0
38.12689,39.96898,352.95,0.41,0.6,2024-10-29,927,N,VIIRS,n,2,301.91,7.41,D,0
38.1448,40.87315,329.48,0.36,0.58,2024-10-29,927,N,VIIRS,n,2,304.06,1.96,D,0
38.14592,40.87741,334.51,0.36,0.58,2024-10-29,927,N,VIIRS,n,2,303.64,1.96,D,0
38.23895,37.19237,336.98,0.56,0.69,2024-10-29,927,N,VIIRS,n,2,293.44,8.12,D,0
38.25421,37.22039,351.99,0.55,0.68,2024-10-29,927,N,VIIRS,n,2,292.84,8.52,D,0
38.25606,37.22656,339.55,0.55,0.68,2024-10-29,927,N,VIIRS,n,2,291.96,10.62,D,0
38.26624,37.21473,329.31,0.55,0.68,2024-10-29,927,N,VIIRS,n,2,291.49,5.12,D,0
38.35543,36.97263,329.98,0.57,0.69,2024-10-29,927,N,VIIRS,n,2,293.78,2.59,D,0
38.48341,35.97784,342.76,0.63,0.72,2024-10-29,927,N,VIIRS,n,2,288.56,4.39,D,0
38.55986,36.20269,326.12,0.61,0.71,2024-10-29,927,N,VIIRS,n,2,293.96,3.09,D,0
38.65244,44.00442,326.92,0.49,0.49,2024-10-29,927,N,VIIRS,n,2,293.66,2.44,D,0
38.72285,36.55249,333.1,0.58,0.7,2024-10-29,927,N,VIIRS,n,2,294.34,4.47,D,0
39.03525,35.24781,346.97,0.66,0.73,2024-10-29,927,N,VIIRS,n,2,294.41,8.33,D,0
39.03937,35.24672,351.58,0.66,0.73,2024-10-29,927,N,VIIRS,n,2,293.31,7.67,D,0
39.06527,42.68842,342.87,0.56,0.51,2024-10-29,927,N,VIIRS,n,2,294.78,5.91,D,0
39.2542,34.80232,346.7,0.68,0.74,2024-10-29,927,N,VIIRS,n,2,293.12,10.03,D,0
39.25422,34.8036,343.86,0.68,0.74,2024-10-29,927,N,VIIRS,n,2,292.94,6.75,D,0
39.34905,34.84005,336.63,0.67,0.74,2024-10-29,927,N,VIIRS,n,2,292.32,7.42,D,0
39.41097,36.91088,335.01,0.53,0.67,2024-10-29,927,N,VIIRS,n,2,293.25,3.63,D,0
39.97194,43.98661,326.49,0.46,0.47,2024-10-29,927,N,VIIRS,n,2,290.25,2.44,D,0
40.00994,43.96933,328.71,0.46,0.47,2024-10-29,927,N,VIIRS,n,2,291.65,1.49,D,0
40.0118,44.17674,338.95,0.45,0.47,2024-10-29,927,N,VIIRS,n,2,291.19,3.81,D,0
40.01371,44.17339,340.58,0.45,0.47,2024-10-29,927,N,VIIRS,n,2,290.02,6.25,D,0
40.03182,44.31564,330.17,0.44,0.46,2024-10-29,927,N,VIIRS,n,2,291.42,1.67,D,0
39.53723,33.40579,332.09,0.77,0.78,2024-10-29,928,N,VIIRS,n,2,292.36,4.83,D,0
39.53999,33.40418,331.04,0.77,0.78,2024-10-29,928,N,VIIRS,n,2,291.14,5.39,D,0
40.02235,33.14737,327.75,0.77,0.77,2024-10-29,928,N,VIIRS,n,2,293.7,6.67,D,0
40.0245,33.1462,327.49,0.77,0.77,2024-10-29,928,N,VIIRS,n,2,293.44,6.35,D,0
40.05336,35.06797,328.65,0.63,0.72,2024-10-29,928,N,VIIRS,n,2,288.3,3.79,D,0
40.46331,35.57629,367.0,0.57,0.69,2024-10-29,928,N,VIIRS,h,2,291.53,9.36,D,0
40.48877,34.18207,329.0,0.67,0.73,2024-10-29,928,N,VIIRS,n,2,289.3,1.49,D,0
40.5954,34.79634,325.95,0.62,0.71,2024-10-29,928,N,VIIRS,n,2,288.64,4.23,D,0
35.52499,44.34206,352.83,0.71,0.75,2024-10-29,1106,N,VIIRS,n,2,301.56,7.62,D,2
35.52924,44.33423,336.1,0.71,0.75,2024-10-29,1106,N,VIIRS,n,2,299.97,7.62,D,2
35.52937,44.34215,355.42,0.71,0.75,2024-10-29,1106,N,VIIRS,n,2,301.43,14.5,D,2
35.53204,44.34177,336.9,0.71,0.75,2024-10-29,1106,N,VIIRS,n,2,300.83,7.62,D,2
35.62394,43.8969,354.82,0.67,0.73,2024-10-29,1106,N,VIIRS,n,2,303.15,9.99,D,0
35.62495,43.89876,353.13,0.67,0.73,2024-10-29,1106,N,VIIRS,n,2,302.11,10.92,D,0
35.63298,44.00554,343.0,0.68,0.74,2024-10-29,1106,N,VIIRS,n,2,299.3,6.95,D,2
35.65995,43.96492,345.23,0.67,0.74,2024-10-29,1106,N,VIIRS,n,2,303.4,5.39,D,2
35.66133,43.96683,340.6,0.67,0.74,2024-10-29,1106,N,VIIRS,n,2,302.78,6.69,D,2
35.72417,44.04023,346.11,0.68,0.74,2024-10-29,1106,N,VIIRS,n,2,304.37,6.1,D,2
35.72726,44.1764,341.77,0.69,0.74,2024-10-29,1106,N,VIIRS,n,2,299.4,8.7,D,0
35.75935,37.30614,337.47,0.57,0.52,2024-10-29,1106,N,VIIRS,n,2,305.88,7.9,D,0
35.77214,44.05937,367.0,0.68,0.74,2024-10-29,1106,N,VIIRS,h,2,303.76,10.6,D,0
35.77232,44.06838,342.38,0.68,0.74,2024-10-29,1106,N,VIIRS,n,2,303.01,10.6,D,0
35.77341,44.05944,367.0,0.68,0.74,2024-10-29,1106,N,VIIRS,h,2,303.21,12.06,D,0
35.77364,44.06844,352.19,0.68,0.74,2024-10-29,1106,N,VIIRS,n,2,303.41,18.53,D,0
35.84539,44.38774,333.2,0.71,0.75,2024-10-29,1106,N,VIIRS,n,2,298.35,2.43,D,0
35.94571,44.20069,338.66,0.7,0.75,2024-10-29,1106,N,VIIRS,n,2,301.68,5.63,D,0
35.94778,44.20051,337.92,0.7,0.75,2024-10-29,1106,N,VIIRS,n,2,301.77,3.78,D,0
35.9495,39.08582,345.44,0.36,0.58,2024-10-29,1106,N,VIIRS,n,2,304.18,4.17,D,0
35.97189,43.76339,355.18,0.66,0.73,2024-10-29,1106,N,VIIRS,n,2,300.37,10.87,D,2
35.97218,43.76278,350.27,0.66,0.73,2024-10-29,1106,N,VIIRS,n,2,300.06,9.43,D,2
35.97688,43.45975,347.56,0.63,0.72,2024-10-29,1106,N,VIIRS,n,2,301.69,8.14,D,0
35.97879,43.45886,344.77,0.63,0.72,2024-10-29,1106,N,VIIRS,n,2,301.08,6.72,D,0
36.02289,43.87069,335.45,0.67,0.74,2024-10-29,1106,N,VIIRS,n,2,299.14,5.91,D,0
36.07867,44.3329,355.15,0.71,0.75,2024-10-29,1106,N,VIIRS,n,2,304.41,14.94,D,0
36.08139,44.08377,339.17,0.69,0.74,2024-10-29,1106,N,VIIRS,n,2,300.23,5.03,D,0
36.10351,43.80518,367.0,0.66,0.73,2024-10-29,1106,N,VIIRS,h,2,300.17,12.06,D,0
36.17734,43.72572,350.2,0.66,0.73,2024-10-29,1106,N,VIIRS,n,2,301.18,6.2,D,0
36.11164,38.17539,346.81,0.32,0.55,2024-10-29,1107,N,VIIRS,n,2,304.59,6.4,D,0
36.11188,38.17908,348.7,0.32,0.55,2024-10-29,1107,N,VIIRS,n,2,304.92,6.48,D,0
36.11395,38.1739,338.43,0.32,0.55,2024-10-29,1107,N,VIIRS,n,2,304.37,4.95,D,0
36.11421,38.17757,347.33,0.32,0.55,2024-10-29,1107,N,VIIRS,n,2,304.85,8.04,D,0
36.12232,37.73547,338.01,0.61,0.53,2024-10-29,1107,N,VIIRS,n,2,303.45,5.36,D,0
36.15966,37.4977,341.56,0.59,0.53,2024-10-29,1107,N,VIIRS,n,2,305.78,7.35,D,0
36.16124,37.85744,347.88,0.62,0.54,2024-10-29,1107,N,VIIRS,n,2,305.43,13.88,D,0
36.17331,38.9117,341.56,0.36,0.57,2024-10-29,1107,N,VIIRS,n,2,301.27,4.66,D,0
36.17529,38.91346,352.93,0.36,0.57,2024-10-29,1107,N,VIIRS,n,2,301.78,3.51,D,0
36.17763,43.72519,350.67,0.66,0.73,2024-10-29,1107,N,VIIRS,n,2,301.48,8.72,D,0
36.18238,37.66631,335.46,0.61,0.53,2024-10-29,1107,N,VIIRS,n,2,303.9,2.65,D,0
36.1964,43.64251,345.66,0.65,0.73,2024-10-29,1107,N,VIIRS,n,2,300.99,5.78,D,0
36.25109,38.55548,352.8,0.34,0.56,2024-10-29,1107,N,VIIRS,n,2,302.53,2.98,D,0
36.25142,38.55653,355.55,0.34,0.56,2024-10-29,1107,N,VIIRS,n,2,303.02,2.98,D,0
36.28951,38.11293,333.15,0.32,0.55,2024-10-29,1107,N,VIIRS,n,2,303.3,1.17,D,0
36.53078,43.03139,337.0,0.61,0.71,2024-10-29,1107,N,VIIRS,n,2,301.1,4.7,D,0
36.53097,43.03823,338.23,0.61,0.71,2024-10-29,1107,N,VIIRS,n,2,301.46,4.7,D,0
36.56805,43.67482,345.54,0.66,0.73,2024-10-29,1107,N,VIIRS,n,2,300.48,5.77,D,0
36.56836,43.67453,341.4,0.66,0.73,2024-10-29,1107,N,VIIRS,n,2,299.9,7.23,D,0
36.6497,43.63214,339.87,0.66,0.73,2024-10-29,1107,N,VIIRS,n,2,304.11,6.92,D,0
36.64983,43.63963,338.87,0.66,0.73,2024-10-29,1107,N,VIIRS,n,2,305.12,9.46,D,0
36.6499,43.63413,348.55,0.65,0.73,2024-10-29,1107,N,VIIRS,n,2,305.02,8.96,D,0
36.74291,42.82613,341.18,0.59,0.7,2024-10-29,1107,N,VIIRS,n,2,303.64,4.46,D,0
36.74472,42.8237,335.07,0.59,0.7,2024-10-29,1107,N,VIIRS,n,2,301.6,8.24,D,0
36.74992,42.38064,353.79,0.56,0.69,2024-10-29,1107,N,VIIRS,n,2,306.84,19.16,D,0
36.75015,42.38713,343.87,0.56,0.69,2024-10-29,1107,N,VIIRS,n,2,301.65,19.16,D,0
36.77429,43.32087,338.55,0.63,0.72,2024-10-29,1107,N,VIIRS,n,2,301.03,7.93,D,2
36.77903,43.32386,337.51,0.63,0.72,2024-10-29,1107,N,VIIRS,n,2,299.81,6.0,D,2
36.83546,40.58119,349.99,0.45,0.63,2024-10-29,1107,N,VIIRS,n,2,305.68,5.29,D,0
36.86731,40.75744,367.0,0.46,0.63,2024-10-29,1107,N,VIIRS,h,2,306.91,8.5,D,0
36.86755,40.76271,367.0,0.46,0.63,2024-10-29,1107,N,VIIRS,h,2,308.44,23.51,D,0
36.87324,40.75703,349.41,0.46,0.63,2024-10-29,1107,N,VIIRS,n,2,303.03,8.5,D,0
36.90586,43.39277,346.4,0.64,0.72,2024-10-29,1107,N,VIIRS,n,2,292.9,5.58,D,2
36.94844,42.12964,336.55,0.54,0.68,2024-10-29,1107,N,VIIRS,n,2,303.12,1.54,D,2
36.96975,35.80821,327.06,0.49,0.48,2024-10-29,1107,N,VIIRS,n,2,295.55,2.5,D,0
37.06523,39.84916,335.24,0.41,0.61,2024-10-29,1107,N,VIIRS,n,2,302.77,3.27,D,0
37.1081,41.51818,345.04,0.51,0.66,2024-10-29,1107,N,VIIRS,n,2,305.23,6.49,D,0
37.11636,39.7967,339.21,0.41,0.6,2024-10-29,1107,N,VIIRS,n,2,302.86,11.33,D,0
37.11662,39.80144,367.0,0.41,0.6,2024-10-29,1107,N,VIIRS,h,2,310.55,21.31,D,0
37.12226,39.80097,346.88,0.41,0.6,2024-10-29,1107,N,VIIRS,n,2,300.08,5.73,D,0
37.15789,40.78413,367.0,0.46,0.64,2024-10-29,1107,N,VIIRS,h,2,304.96,14.02,D,0
37.17341,42.01373,345.26,0.54,0.68,2024-10-29,1107,N,VIIRS,n,2,305.35,6.89,D,0
37.18166,42.934,340.76,0.6,0.71,2024-10-29,1107,N,VIIRS,n,2,301.27,6.57,D,0
37.18559,42.92883,345.82,0.6,0.71,2024-10-29,1107,N,VIIRS,n,2,302.25,8.74,D,0
37.22325,41.98459,337.6,0.54,0.68,2024-10-29,1107,N,VIIRS,n,2,303.38,4.35,D,0
37.29892,39.49872,340.92,0.39,0.6,2024-10-29,1107,N,VIIRS,n,2,290.3,3.96,D,0
37.30447,39.49818,367.0,0.39,0.6,2024-10-29,1107,N,VIIRS,h,2,292.73,5.84,D,0
37.30472,39.50274,339.95,0.39,0.6,2024-10-29,1107,N,VIIRS,n,2,289.8,5.84,D,0
37.32637,35.93165,335.27,0.5,0.49,2024-10-29,1107,N,VIIRS,n,2,306.17,1.86,D,0
37.37873,34.10436,343.69,0.4,0.44,2024-10-29,1107,N,VIIRS,n,2,287.1,6.96,D,0
37.42271,32.58919,332.0,0.51,0.41,2024-10-29,1107,N,VIIRS,n,2,300.36,3.17,D,0
37.53582,39.38832,341.62,0.39,0.59,2024-10-29,1107,N,VIIRS,n,2,306.3,4.0,D,0
37.56227,39.27747,347.34,0.38,0.59,2024-10-29,1107,N,VIIRS,n,2,307.57,4.3,D,0
37.56293,39.27947,336.06,0.38,0.59,2024-10-29,1107,N,VIIRS,n,2,305.77,3.87,D,0
37.61713,27.38006,339.67,0.38,0.36,2024-10-29,1107,N,VIIRS,n,2,302.2,2.67,D,0
37.62383,40.54526,337.15,0.45,0.63,2024-10-29,1107,N,VIIRS,n,2,299.08,4.61,D,0
37.62663,40.52816,356.12,0.45,0.63,2024-10-29,1107,N,VIIRS,n,2,300.72,7.82,D,0
37.62898,40.52927,367.0,0.45,0.63,2024-10-29,1107,N,VIIRS,h,2,301.4,8.93,D,0
37.63231,40.52281,331.93,0.45,0.63,2024-10-29,1107,N,VIIRS,n,2,297.15,2.75,D,0
37.64832,38.54466,338.83,0.35,0.57,2024-10-29,1107,N,VIIRS,n,2,285.95,6.28,D,0
37.67309,38.97713,367.0,0.37,0.58,2024-10-29,1107,N,VIIRS,h,2,298.99,5.95,D,0
37.67332,38.98143,335.13,0.37,0.58,2024-10-29,1107,N,VIIRS,n,2,296.19,5.95,D,0
37.69493,27.39709,334.15,0.38,0.36,2024-10-29,1107,N,VIIRS,n,2,303.33,1.9,D,0
37.69607,40.25231,367.0,0.44,0.62,2024-10-29,1107,N,VIIRS,h,2,305.24,11.42,D,0
37.69624,40.25013,341.01,0.44,0.62,2024-10-29,1107,N,VIIRS,n,2,302.0,7.36,D,0
37.6965,40.25534,367.0,0.44,0.62,2024-10-29,1107,N,VIIRS,h,2,303.99,12.6,D,0
37.70982,29.02457,327.5,0.4,0.37,2024-10-29,1107,N,VIIRS,n,2,296.7,3.46,D,0
37.77313,27.46543,333.19,0.38,0.36,2024-10-29,1107,N,VIIRS,n,2,301.31,2.27,D,0
37.77425,40.85542,338.89,0.47,0.64,2024-10-29,1107,N,VIIRS,n,2,297.52,2.77,D,0
37.77538,40.88365,367.0,0.47,0.64,2024-10-29,1107,N,VIIRS,h,2,301.93,10.53,D,0
37.78524,38.46155,344.12,0.35,0.57,2024-10-29,1107,N,VIIRS,n,2,302.18,3.9,D,0
37.79244,40.4456,355.98,0.45,0.63,2024-10-29,1107,N,VIIRS,n,2,303.21,19.43,D,0
37.79267,40.45067,342.82,0.45,0.63,2024-10-29,1107,N,VIIRS,n,2,300.15,19.67,D,0
37.79788,41.48669,354.15,0.51,0.66,2024-10-29,1107,N,VIIRS,n,2,299.71,14.71,D,0
37.7981,41.49326,367.0,0.51,0.66,2024-10-29,1107,N,VIIRS,h,2,299.27,19.97,D,0
37.81785,38.39775,336.99,0.35,0.56,2024-10-29,1107,N,VIIRS,n,2,298.06,1.43,D,0
37.81829,38.39766,336.96,0.35,0.56,2024-10-29,1107,N,VIIRS,n,2,298.6,1.5,D,0
37.8335,41.61422,339.48,0.52,0.67,2024-10-29,1107,N,VIIRS,n,2,301.99,5.38,D,0
37.83835,28.10762,332.94,0.39,0.36,2024-10-29,1107,N,VIIRS,n,2,300.97,2.26,D,0
37.83952,41.60789,336.96,0.52,0.67,2024-10-29,1107,N,VIIRS,n,2,300.33,7.51,D,0
37.83972,41.61338,351.11,0.52,0.67,2024-10-29,1107,N,VIIRS,n,2,300.7,7.51,D,0
37.84436,38.48919,328.05,0.35,0.57,2024-10-29,1107,N,VIIRS,n,2,295.08,5.94,D,0
37.84612,41.61755,337.26,0.52,0.67,2024-10-29,1107,N,VIIRS,n,2,301.54,8.99,D,0
37.85391,40.41572,340.12,0.45,0.63,2024-10-29,1107,N,VIIRS,n,2,300.85,2.58,D,0
37.86067,38.49536,367.0,0.35,0.57,2024-10-29,1107,N,VIIRS,h,2,291.55,8.79,D,0
37.86298,28.206,331.58,0.39,0.36,2024-10-29,1107,N,VIIRS,n,2,298.43,3.05,D,0
37.88187,38.96213,336.75,0.37,0.58,2024-10-29,1107,N,VIIRS,n,2,299.7,3.42,D,0
37.93809,41.46867,333.45,0.51,0.66,2024-10-29,1107,N,VIIRS,n,2,299.32,2.71,D,0
37.94779,41.56483,335.05,0.52,0.66,2024-10-29,1107,N,VIIRS,n,2,301.11,4.79,D,0
37.95023,41.71566,336.33,0.53,0.67,2024-10-29,1107,N,VIIRS,n,2,299.71,3.93,D,0
37.95102,41.65586,332.81,0.52,0.67,2024-10-29,1107,N,VIIRS,n,2,300.44,9.22,D,0
37.9519,41.68083,347.53,0.52,0.67,2024-10-29,1107,N,VIIRS,n,2,299.8,10.47,D,0
37.95233,41.69321,335.57,0.52,0.67,2024-10-29,1107,N,VIIRS,n,2,299.89,6.46,D,0
37.9558,41.6911,350.62,0.52,0.67,2024-10-29,1107,N,VIIRS,n,2,313.74,55.22,D,0
37.95596,41.6184,367.0,0.52,0.67,2024-10-29,1107,N,VIIRS,h,2,306.6,16.97,D,0
37.95597,41.69714,335.14,0.52,0.67,2024-10-29,1107,N,VIIRS,n,2,299.34,33.77,D,0
37.95668,28.24834,333.55,0.39,0.36,2024-10-29,1107,N,VIIRS,n,2,301.77,5.25,D,0
37.95706,41.64941,334.08,0.52,0.67,2024-10-29,1107,N,VIIRS,n,2,299.74,7.17,D,0
37.9575,41.66179,339.96,0.52,0.67,2024-10-29,1107,N,VIIRS,n,2,299.74,11.42,D,0
37.95837,41.68633,339.59,0.52,0.67,2024-10-29,1107,N,VIIRS,n,2,300.53,24.99,D,0
37.95858,41.69236,367.0,0.52,0.67,2024-10-29,1107,N,VIIRS,h,2,313.19,60.7,D,0
37.95937,41.54016,354.04,0.51,0.66,2024-10-29,1107,N,VIIRS,n,2,300.56,4.33,D,0
37.95983,41.61631,353.81,0.52,0.67,2024-10-29,1107,N,VIIRS,n,2,304.43,22.57,D,0
37.96001,41.62224,354.24,0.52,0.67,2024-10-29,1107,N,VIIRS,n,2,299.04,24.61,D,0
37.96132,41.66585,348.92,0.52,0.67,2024-10-29,1107,N,VIIRS,n,2,298.74,10.95,D,0
37.96204,41.68992,349.11,0.52,0.67,2024-10-29,1107,N,VIIRS,n,2,298.27,5.86,D,0
37.9622,41.61787,367.0,0.52,0.67,2024-10-29,1107,N,VIIRS,h,2,301.11,16.97,D,0
37.96287,41.63665,351.38,0.52,0.67,2024-10-29,1107,N,VIIRS,n,2,301.93,10.72,D,0
37.9631,41.64291,338.81,0.52,0.67,2024-10-29,1107,N,VIIRS,n,2,300.24,7.17,D,0
37.96368,41.53851,367.0,0.51,0.66,2024-10-29,1107,N,VIIRS,h,2,301.36,10.37,D,0
37.96395,40.02038,341.33,0.42,0.61,2024-10-29,1107,N,VIIRS,n,2,304.23,3.92,D,0
37.96562,41.54044,342.26,0.51,0.66,2024-10-29,1107,N,VIIRS,n,2,301.82,5.55,D,0
37.96617,40.45856,352.92,0.45,0.63,2024-10-29,1107,N,VIIRS,n,2,308.76,16.38,D,0
37.96638,40.46371,367.0,0.45,0.63,2024-10-29,1107,N,VIIRS,h,2,306.44,19.36,D,0
37.96665,41.6346,338.88,0.52,0.67,2024-10-29,1107,N,VIIRS,n,2,300.89,9.04,D,0
37.96684,41.6408,367.0,0.52,0.67,2024-10-29,1107,N,VIIRS,h,2,301.94,9.04,D,0
37.96741,40.6302,334.55,0.46,0.63,2024-10-29,1107,N,VIIRS,n,2,301.5,3.63,D,0
37.96763,40.63552,351.61,0.46,0.63,2024-10-29,1107,N,VIIRS,n,2,303.65,7.24,D,0
37.96913,41.63634,367.0,0.52,0.67,2024-10-29,1107,N,VIIRS,h,2,302.01,8.68,D,0
37.9729,41.63425,367.0,0.52,0.67,2024-10-29,1107,N,VIIRS,h,2,300.08,7.68,D,0
37.97309,41.64032,330.51,0.52,0.67,2024-10-29,1107,N,VIIRS,n,2,299.39,7.68,D,0
37.97537,41.6359,344.99,0.52,0.67,2024-10-29,1107,N,VIIRS,n,2,299.45,8.68,D,0
37.97896,41.62771,342.53,0.52,0.67,2024-10-29,1107,N,VIIRS,n,2,299.68,7.07,D,0
37.97915,41.63375,343.58,0.52,0.67,2024-10-29,1107,N,VIIRS,n,2,299.67,7.68,D,0
37.9814,41.62942,350.97,0.52,0.67,2024-10-29,1107,N,VIIRS,n,2,301.05,9.15,D,0
38.03103,29.48475,339.66,0.41,0.37,2024-10-29,1107,N,VIIRS,n,2,300.25,3.37,D,0
38.06631,27.50095,335.22,0.38,0.36,2024-10-29,1107,N,VIIRS,n,2,301.0,2.2,D,0
38.13575,40.88578,367.0,0.47,0.64,2024-10-29,1107,N,VIIRS,h,2,303.5,10.37,D,0
38.13598,40.89143,335.25,0.48,0.64,2024-10-29,1107,N,VIIRS,n,2,303.32,11.26,D,0
38.13758,40.88869,367.0,0.48,0.64,2024-10-29,1107,N,VIIRS,h,2,306.14,16.65,D,0
38.14783,29.70393,335.82,0.41,0.37,2024-10-29,1107,N,VIIRS,n,2,301.75,3.36,D,0
38.16891,29.68658,332.7,0.41,0.37,2024-10-29,1107,N,VIIRS,n,2,302.12,2.9,D,0
38.1978,31.13997,343.65,0.46,0.39,2024-10-29,1107,N,VIIRS,n,2,305.14,6.3,D,0
38.29066,29.49866,336.05,0.41,0.37,2024-10-29,1107,N,VIIRS,n,2,305.63,4.5,D,0
38.4269,32.39407,330.8,0.52,0.41,2024-10-29,1107,N,VIIRS,n,2,297.97,2.27,D,0
38.44526,29.35397,332.54,0.41,0.37,2024-10-29,1107,N,VIIRS,n,2,303.29,1.28,D,0
38.51175,32.33489,336.37,0.51,0.41,2024-10-29,1107,N,VIIRS,n,2,297.81,4.58,D,0
38.62629,31.12934,341.51,0.46,0.39,2024-10-29,1107,N,VIIRS,n,2,293.6,15.82,D,0
38.6322,31.2097,333.72,0.46,0.39,2024-10-29,1107,N,VIIRS,n,2,298.88,7.01,D,0
38.63733,31.15975,367.0,0.46,0.39,2024-10-29,1107,N,VIIRS,h,2,300.02,16.89,D,3
38.64455,31.15837,342.19,0.46,0.39,2024-10-29,1107,N,VIIRS,n,2,297.19,75.07,D,0
38.6452,31.16368,343.3,0.46,0.39,2024-10-29,1107,N,VIIRS,n,2,306.25,75.07,D,0
38.64796,31.21761,330.78,0.46,0.39,2024-10-29,1107,N,VIIRS,n,2,299.95,0.97,D,0
38.64881,31.16299,348.32,0.46,0.39,2024-10-29,1107,N,VIIRS,n,2,301.11,14.59,D,0
38.64966,31.20092,354.47,0.46,0.39,2024-10-29,1107,N,VIIRS,n,2,307.97,7.14,D,0
38.65031,31.20625,331.12,0.46,0.39,2024-10-29,1107,N,VIIRS,n,2,297.11,7.14,D,0
38.65114,31.15168,356.01,0.46,0.39,2024-10-29,1107,N,VIIRS,n,2,291.82,59.17,D,0
38.65131,31.14918,335.24,0.46,0.39,2024-10-29,1107,N,VIIRS,n,2,301.71,51.8,D,0
38.65242,31.1623,343.14,0.46,0.39,2024-10-29,1107,N,VIIRS,n,2,296.66,14.59,D,0
38.65265,31.1949,333.39,0.46,0.39,2024-10-29,1107,N,VIIRS,n,2,296.53,3.47,D,0
38.65329,31.20023,343.45,0.46,0.39,2024-10-29,1107,N,VIIRS,n,2,294.49,6.72,D,0
38.65604,31.16161,334.45,0.46,0.39,2024-10-29,1107,N,VIIRS,n,2,300.82,4.97,D,0
38.65615,31.15911,328.79,0.46,0.39,2024-10-29,1107,N,VIIRS,n,2,296.51,8.94,D,0
38.65965,31.16092,338.58,0.46,0.39,2024-10-29,1107,N,VIIRS,n,2,300.54,4.97,D,0
38.66029,31.16623,347.41,0.46,0.39,2024-10-29,1107,N,VIIRS,n,2,303.83,14.4,D,0
38.66039,31.16374,367.0,0.46,0.39,2024-10-29,1107,N,VIIRS,h,2,307.96,36.51,D,0
38.79231,37.44371,336.64,0.63,0.54,2024-10-29,1107,N,VIIRS,n,2,296.92,6.31,D,0
39.0418,42.91824,344.14,0.62,0.71,2024-10-29,1107,N,VIIRS,n,2,289.5,7.51,D,0
39.07477,34.02875,342.66,0.42,0.45,2024-10-29,1107,N,VIIRS,n,2,302.48,8.15,D,0
39.32135,37.03497,346.88,0.6,0.53,2024-10-29,1107,N,VIIRS,n,2,292.34,6.4,D,0
39.32196,37.0353,344.08,0.6,0.53,2024-10-29,1107,N,VIIRS,n,2,291.35,9.17,D,0
38.67625,27.05045,327.09,0.38,0.36,2024-10-29,1108,N,VIIRS,n,2,300.55,1.36,D,0
38.7393,26.93097,336.84,0.38,0.36,2024-10-29,1108,N,VIIRS,n,2,300.95,4.59,D,2
38.78869,26.91852,333.55,0.38,0.36,2024-10-29,1108,N,VIIRS,n,2,300.57,2.88,D,0
38.88688,27.16433,336.81,0.38,0.36,2024-10-29,1108,N,VIIRS,n,2,299.49,1.65,D,0
38.93733,28.9494,340.3,0.4,0.37,2024-10-29,1108,N,VIIRS,n,2,305.39,3.15,D,0
39.15747,30.49253,331.02,0.44,0.39,2024-10-29,1108,N,VIIRS,n,2,295.72,2.07,D,0
39.20661,26.74448,331.26,0.38,0.36,2024-10-29,1108,N,VIIRS,n,2,298.27,1.58,D,0
39.2525,34.79755,329.37,0.46,0.47,2024-10-29,1108,N,VIIRS,n,2,297.28,4.09,D,0
39.2564,34.79138,337.67,0.46,0.47,2024-10-29,1108,N,VIIRS,n,2,298.0,4.09,D,0
39.26727,28.04111,334.16,0.39,0.36,2024-10-29,1108,N,VIIRS,n,2,299.07,3.16,D,0
39.26864,31.30371,336.97,0.47,0.4,2024-10-29,1108,N,VIIRS,n,2,299.89,6.14,D,0
39.30752,35.42147,340.72,0.49,0.49,2024-10-29,1108,N,VIIRS,n,2,296.18,4.47,D,0
39.34438,34.8425,340.95,0.46,0.47,2024-10-29,1108,N,VIIRS,n,2,301.96,6.72,D,0
39.34513,34.8453,341.54,0.46,0.47,2024-10-29,1108,N,VIIRS,n,2,301.57,7.55,D,0
39.43298,30.9994,335.81,0.46,0.39,2024-10-29,1108,N,VIIRS,n,2,298.62,8.62,D,0
39.47285,34.58197,339.75,0.45,0.47,2024-10-29,1108,N,VIIRS,n,2,298.07,4.54,D,0
39.58641,27.90401,331.68,0.39,0.36,2024-10-29,1108,N,VIIRS,n,2,297.92,2.02,D,0
39.6146,28.00486,332.72,0.39,0.36,2024-10-29,1108,N,VIIRS,n,2,295.15,2.19,D,0
39.65484,32.09087,349.96,0.52,0.41,2024-10-29,1108,N,VIIRS,n,2,301.51,8.26,D,0
39.68224,30.94675,338.71,0.46,0.39,2024-10-29,1108,N,VIIRS,n,2,300.38,6.02,D,0
39.7526,33.95107,340.95,0.42,0.45,2024-10-29,1108,N,VIIRS,n,2,301.19,4.18,D,0
39.76071,28.34793,331.24,0.4,0.37,2024-10-29,1108,N,VIIRS,n,2,296.4,1.68,D,0
39.82182,34.94978,338.65,0.47,0.48,2024-10-29,1108,N,VIIRS,n,2,294.95,7.42,D,0
39.82229,34.95551,330.22,0.47,0.48,2024-10-29,1108,N,VIIRS,n,2,293.2,7.42,D,0
39.83333,27.87607,344.51,0.39,0.36,2024-10-29,1108,N,VIIRS,n,2,298.6,6.28,D,0
39.83794,30.33576,331.88,0.44,0.39,2024-10-29,1108,N,VIIRS,n,2,297.12,2.77,D,0
39.83795,27.88435,346.67,0.39,0.36,2024-10-29,1108,N,VIIRS,n,2,298.49,4.4,D,0
39.84847,31.8655,343.63,0.51,0.41,2024-10-29,1108,N,VIIRS,n,2,299.88,6.43,D,0
39.86537,26.24459,331.2,0.39,0.36,2024-10-29,1108,N,VIIRS,n,2,299.26,2.07,D,2
39.9926,44.00589,350.71,0.71,0.75,2024-10-29,1108,N,VIIRS,n,2,293.43,13.11,D,0
39.99583,44.00024,367.0,0.71,0.75,2024-10-29,1108,N,VIIRS,h,2,293.58,20.14,D,0
40.00131,27.82467,331.48,0.39,0.36,2024-10-29,1108,N,VIIRS,n,2,293.08,1.98,D,0
40.00299,44.01781,327.08,0.71,0.75,2024-10-29,1108,N,VIIRS,n,2,290.16,5.57,D,0
40.00684,44.01475,333.96,0.71,0.75,2024-10-29,1108,N,VIIRS,n,2,289.17,7.13,D,0
40.00997,27.81318,345.37,0.39,0.36,2024-10-29,1108,N,VIIRS,n,2,293.28,4.87,D,0
40.02652,27.83271,330.19,0.39,0.36,2024-10-29,1108,N,VIIRS,n,2,293.03,3.29,D,0
40.04106,27.86219,329.91,0.39,0.36,2024-10-29,1108,N,VIIRS,n,2,293.32,2.03,D,0
40.05865,27.59134,327.45,0.39,0.36,2024-10-29,1108,N,VIIRS,n,2,294.12,1.74,D,0
40.07671,27.98259,329.72,0.39,0.36,2024-10-29,1108,N,VIIRS,n,2,295.31,2.04,D,0
40.07837,27.68036,330.23,0.39,0.36,2024-10-29,1108,N,VIIRS,n,2,293.49,2.33,D,0
40.11192,28.13561,339.86,0.39,0.36,2024-10-29,1108,N,VIIRS,n,2,293.2,4.17,D,0
40.1194,27.7268,333.08,0.39,0.36,2024-10-29,1108,N,VIIRS,n,2,293.81,1.88,D,0
40.12218,28.08559,333.01,0.39,0.36,2024-10-29,1108,N,VIIRS,n,2,298.1,13.2,D,0
40.12282,28.09017,332.65,0.39,0.36,2024-10-29,1108,N,VIIRS,n,2,299.86,13.2,D,0
40.1326,28.13546,332.79,0.39,0.36,2024-10-29,1108,N,VIIRS,n,2,294.32,2.51,D,0
40.13407,27.68561,330.7,0.39,0.36,2024-10-29,1108,N,VIIRS,n,2,293.49,2.69,D,0
40.13584,28.0111,331.11,0.39,0.36,2024-10-29,1108,N,VIIRS,n,2,293.89,1.82,D,0
40.18345,28.25236,335.79,0.4,0.37,2024-10-29,1108,N,VIIRS,n,2,298.84,6.78,D,0
40.1868,28.25157,343.71,0.4,0.37,2024-10-29,1108,N,VIIRS,n,2,298.15,6.78,D,0
40.18834,27.54772,331.96,0.39,0.36,2024-10-29,1108,N,VIIRS,n,2,295.13,2.07,D,0
40.19038,34.1377,329.98,0.43,0.46,2024-10-29,1108,N,VIIRS,n,2,299.93,2.05,D,0
40.19165,27.54689,326.13,0.39,0.36,2024-10-29,1108,N,VIIRS,n,2,293.53,1.63,D,0
40.19167,28.21214,326.12,0.4,0.37,2024-10-29,1108,N,VIIRS,n,2,294.26,1.45,D,0
40.19297,28.2214,344.1,0.4,0.37,2024-10-29,1108,N,VIIRS,n,2,294.99,6.62,D,0
40.19489,27.11205,333.35,0.38,0.36,2024-10-29,1108,N,VIIRS,n,2,295.23,2.18,D,0
40.19889,27.59684,329.27,0.39,0.36,2024-10-29,1108,N,VIIRS,n,2,294.47,1.95,D,0
40.21472,27.65885,336.99,0.39,0.36,2024-10-29,1108,N,VIIRS,n,2,292.51,2.89,D,0
40.21803,27.65804,332.2,0.39,0.36,2024-10-29,1108,N,VIIRS,n,2,293.79,2.89,D,0
40.22472,28.42528,336.74,0.4,0.37,2024-10-29,1108,N,VIIRS,n,2,295.35,4.11,D,0
40.2278,28.57447,331.79,0.4,0.37,2024-10-29,1108,N,VIIRS,n,2,295.88,2.47,D,0
40.23117,28.57368,336.49,0.4,0.37,2024-10-29,1108,N,VIIRS,n,2,295.87,2.47,D,0
40.2669,35.10057,326.8,0.49,0.48,2024-10-29,1108,N,VIIRS,n,2,292.39,2.35,D,0
40.27439,27.98027,331.61,0.39,0.36,2024-10-29,1108,N,VIIRS,n,2,295.45,2.45,D,0
40.2844,32.74576,333.75,0.56,0.43,2024-10-29,1108,N,VIIRS,n,2,298.51,3.78,D,0
40.28824,27.25686,345.41,0.39,0.36,2024-10-29,1108,N,VIIRS,n,2,296.73,6.2,D,0
40.28891,27.26138,328.41,0.39,0.36,2024-10-29,1108,N,VIIRS,n,2,292.68,6.2,D,0
40.29752,27.27328,345.05,0.39,0.36,2024-10-29,1108,N,VIIRS,n,2,294.32,4.86,D,0
40.29887,27.30572,327.84,0.39,0.36,2024-10-29,1108,N,VIIRS,n,2,295.49,2.3,D,0
40.3001,27.2741,330.52,0.39,0.36,2024-10-29,1108,N,VIIRS,n,2,293.35,7.58,D,0
40.30274,27.26875,342.9,0.39,0.36,2024-10-29,1108,N,VIIRS,n,2,296.4,11.02,D,0
40.31276,27.58901,342.7,0.39,0.36,2024-10-29,1108,N,VIIRS,n,2,292.54,3.67,D,0
40.32787,27.29996,344.72,0.39,0.36,2024-10-29,1108,N,VIIRS,n,2,294.84,6.2,D,0
40.3305,27.27116,329.57,0.39,0.36,2024-10-29,1108,N,VIIRS,n,2,292.65,2.57,D,0
40.33142,28.03468,330.67,0.39,0.36,2024-10-29,1108,N,VIIRS,n,2,294.18,2.44,D,0
40.33207,28.03929,327.17,0.39,0.36,2024-10-29,1108,N,VIIRS,n,2,295.18,2.78,D,0
40.33476,28.03388,329.84,0.39,0.36,2024-10-29,1108,N,VIIRS,n,2,293.15,2.22,D,0
40.33541,28.03848,336.77,0.39,0.36,2024-10-29,1108,N,VIIRS,n,2,296.73,5.72,D,0
40.34138,33.97571,330.8,0.43,0.46,2024-10-29,1108,N,VIIRS,n,2,296.84,2.38,D,0
40.34313,28.09377,335.51,0.39,0.36,2024-10-29,1108,N,VIIRS,n,2,296.33,4.88,D,0
40.34504,27.27689,346.97,0.39,0.36,2024-10-29,1108,N,VIIRS,n,2,296.19,13.22,D,0
40.42487,34.09293,329.54,0.43,0.46,2024-10-29,1108,N,VIIRS,n,2,298.03,3.03,D,0
40.60153,34.22984,337.85,0.44,0.46,2024-10-29,1108,N,VIIRS,n,2,301.64,3.92,D,0
40.66571,26.16368,346.78,0.38,0.36,2024-10-29,1108,N,VIIRS,n,2,297.31,5.9,D,0
40.66641,26.16819,338.71,0.38,0.36,2024-10-29,1108,N,VIIRS,n,2,299.73,5.9,D,0
40.669,26.16279,346.92,0.38,0.36,2024-10-29,1108,N,VIIRS,n,2,297.87,7.81,D,0
40.69089,26.13465,336.59,0.38,0.36,2024-10-29,1108,N,VIIRS,n,2,299.58,2.71,D,0
40.74964,26.44823,327.99,0.38,0.36,2024-10-29,1108,N,VIIRS,n,2,295.26,1.64,D,0
40.79623,26.61937,331.53,0.38,0.36,2024-10-29,1108,N,VIIRS,n,2,297.78,2.47,D,0
40.80811,30.4141,331.02,0.46,0.39,2024-10-29,1108,N,VIIRS,n,2,293.43,1.84,D,0
40.81896,31.05469,333.97,0.48,0.4,2024-10-29,1108,N,VIIRS,n,2,289.78,2.93,D,0
40.84283,26.27906,328.94,0.38,0.36,2024-10-29,1108,N,VIIRS,n,2,294.25,3.06,D,0
40.84801,26.26825,337.97,0.38,0.36,2024-10-29,1108,N,VIIRS,n,2,297.24,8.15,D,0
40.86984,26.27654,331.63,0.38,0.36,2024-10-29,1108,N,VIIRS,n,2,294.34,2.64,D,0
40.8815,26.32999,339.2,0.38,0.36,2024-10-29,1108,N,VIIRS,n,2,294.21,5.11,D,0
40.90572,26.30938,355.25,0.38,0.36,2024-10-29,1108,N,VIIRS,n,2,297.0,8.62,D,0
40.90648,26.60611,352.52,0.38,0.36,2024-10-29,1108,N,VIIRS,n,2,300.43,6.51,D,0
40.92371,26.34444,330.74,0.38,0.36,2024-10-29,1108,N,VIIRS,n,2,294.45,3.33,D,0
40.93688,26.43054,339.34,0.38,0.36,2024-10-29,1108,N,VIIRS,n,2,296.91,4.34,D,0
40.94855,26.70354,350.59,0.38,0.36,2024-10-29,1108,N,VIIRS,n,2,296.35,4.2,D,0
41.00367,27.38091,333.58,0.39,0.36,2024-10-29,1108,N,VIIRS,n,2,296.26,4.43,D,0
41.0204,28.55754,325.66,0.41,0.37,2024-10-29,1108,N,VIIRS,n,2,294.92,1.96,D,2
41.03594,25.56359,338.1,0.39,0.36,2024-10-29,1108,N,VIIRS,n,2,301.35,12.02,D,0
41.03923,25.56267,355.63,0.39,0.36,2024-10-29,1108,N,VIIRS,n,2,302.14,12.02,D,0
41.03996,25.56723,328.86,0.39,0.36,2024-10-29,1108,N,VIIRS,n,2,297.98,2.94,D,0
41.05162,26.40163,329.07,0.38,0.36,2024-10-29,1108,N,VIIRS,n,2,295.3,1.25,D,0
41.05474,26.37718,341.74,0.38,0.36,2024-10-29,1108,N,VIIRS,n,2,295.53,2.54,D,0
41.05733,26.37176,335.69,0.38,0.36,2024-10-29,1108,N,VIIRS,n,2,294.83,3.74,D,0
41.05803,26.3763,329.57,0.38,0.36,2024-10-29,1108,N,VIIRS,n,2,294.37,2.54,D,0
41.05942,26.38538,338.0,0.38,0.36,2024-10-29,1108,N,VIIRS,n,2,296.52,5.75,D,0
41.0653,26.37909,329.36,0.38,0.36,2024-10-29,1108,N,VIIRS,n,2,294.36,3.07,D,0
41.06721,26.36913,332.67,0.38,0.36,2024-10-29,1108,N,VIIRS,n,2,294.77,1.98,D,0
41.06942,26.49614,330.59,0.38,0.36,2024-10-29,1108,N,VIIRS,n,2,296.0,2.18,D,0
41.06986,26.56692,331.39,0.38,0.36,2024-10-29,1108,N,VIIRS,n,2,296.11,2.69,D,0
41.08549,26.53443,327.05,0.38,0.36,2024-10-29,1108,N,VIIRS,n,2,295.0,1.08,D,0
41.09299,26.47098,330.52,0.38,0.36,2024-10-29,1108,N,VIIRS,n,2,293.59,5.21,D,0
41.09506,26.48462,328.49,0.38,0.36,2024-10-29,1108,N,VIIRS,n,2,293.45,1.86,D,0
41.09521,26.50822,328.05,0.38,0.36,2024-10-29,1108,N,VIIRS,n,2,294.78,5.9,D,0
41.09591,26.51276,330.52,0.38,0.36,2024-10-29,1108,N,VIIRS,n,2,294.25,5.9,D,0
41.09633,26.58358,334.88,0.38,0.36,2024-10-29,1108,N,VIIRS,n,2,300.18,3.18,D,0
41.09835,26.48375,336.53,0.38,0.36,2024-10-29,1108,N,VIIRS,n,2,295.9,5.59,D,0
41.09851,26.50735,335.34,0.38,0.36,2024-10-29,1108,N,VIIRS,n,2,293.39,5.9,D,0
41.09904,26.48829,334.43,0.38,0.36,2024-10-29,1108,N,VIIRS,n,2,295.83,7.15,D,0
41.09919,26.51189,330.49,0.38,0.36,2024-10-29,1108,N,VIIRS,n,2,293.1,5.9,D,0
41.09962,26.58271,340.45,0.38,0.36,2024-10-29,1108,N,VIIRS,n,2,298.99,9.24,D,0
41.10131,26.34584,331.23,0.38,0.36,2024-10-29,1108,N,VIIRS,n,2,295.48,2.44,D,0
41.10195,26.53008,337.61,0.38,0.36,2024-10-29,1108,N,VIIRS,n,2,294.23,4.66,D,0
41.10318,26.51557,331.56,0.38,0.36,2024-10-29,1108,N,VIIRS,n,2,294.71,4.16,D,0
41.13821,27.32565,327.5,0.39,0.36,2024-10-29,1108,N,VIIRS,n,2,296.8,1.43,D,0
41.18911,26.59351,332.18,0.38,0.36,2024-10-29,1108,N,VIIRS,n,2,298.49,2.43,D,0
41.19273,26.34631,343.74,0.38,0.36,2024-10-29,1108,N,VIIRS,n,2,295.89,4.5,D,0
41.19463,26.33633,348.56,0.38,0.36,2024-10-29,1108,N,VIIRS,n,2,294.76,10.02,D,0
41.19654,26.32635,337.08,0.38,0.36,2024-10-29,1108,N,VIIRS,n,2,294.32,2.98,D,0
41.19723,26.3309,342.74,0.38,0.36,2024-10-29,1108,N,VIIRS,n,2,294.43,3.88,D,0
41.20052,26.33002,334.55,0.38,0.36,2024-10-29,1108,N,VIIRS,n,2,294.39,3.88,D,0
41.20346,26.46183,335.78,0.38,0.36,2024-10-29,1108,N,VIIRS,n,2,297.29,5.13,D,0
41.24984,26.90966,327.05,0.39,0.36,2024-10-29,1108,N,VIIRS,n,2,297.97,1.59,D,0
41.28526,26.68674,328.24,0.38,0.36,2024-10-29,1108,N,VIIRS,n,2,296.83,3.05,D,0
41.30607,26.73988,328.22,0.38,0.36,2024-10-29,1108,N,VIIRS,n,2,298.04,1.59,D,0
41.31732,27.32676,328.8,0.39,0.36,2024-10-29,1108,N,VIIRS,n,2,295.94,1.5,D,0
41.32403,26.51671,334.28,0.38,0.36,2024-10-29,1108,N,VIIRS,n,2,295.88,2.75,D,0
41.32426,26.67806,346.88,0.38,0.36,2024-10-29,1108,N,VIIRS,n,2,301.78,4.91,D,0
41.32877,27.00356,328.84,0.39,0.36,2024-10-29,1108,N,VIIRS,n,2,295.6,1.58,D,0
41.34142,26.6783,336.02,0.38,0.36,2024-10-29,1108,N,VIIRS,n,2,299.25,4.24,D,0
41.38179,26.85805,331.41,0.39,0.36,2024-10-29,1108,N,VIIRS,n,2,294.92,3.19,D,0
41.38338,26.93867,336.32,0.39,0.36,2024-10-29,1108,N,VIIRS,n,2,295.49,5.37,D,0
41.40302,26.72392,338.53,0.39,0.36,2024-10-29,1108,N,VIIRS,n,2,299.5,2.72,D,0
41.40387,26.93813,346.15,0.39,0.36,2024-10-29,1108,N,VIIRS,n,2,294.79,3.52,D,0
41.40631,26.72306,335.4,0.39,0.36,2024-10-29,1108,N,VIIRS,n,2,299.33,2.86,D,0
41.4207,34.9567,325.3,0.49,0.49,2024-10-29,1108,N,VIIRS,n,2,289.34,3.64,D,0
41.45729,34.84327,339.5,0.49,0.48,2024-10-29,1108,N,VIIRS,n,2,292.03,6.93,D,0
41.46904,27.06609,340.51,0.39,0.36,2024-10-29,1108,N,VIIRS,n,2,302.65,4.17,D,0
41.48928,26.75993,335.45,0.39,0.36,2024-10-29,1108,N,VIIRS,n,2,294.87,2.82,D,0
41.49812,26.81965,341.09,0.39,0.36,2024-10-29,1108,N,VIIRS,n,2,297.96,5.47,D,0
41.50928,26.62371,345.62,0.38,0.36,2024-10-29,1108,N,VIIRS,n,2,294.14,5.51,D,0
41.51462,26.6366,327.54,0.38,0.36,2024-10-29,1108,N,VIIRS,n,2,293.25,1.45,D,0
41.52053,26.63027,333.44,0.38,0.36,2024-10-29,1108,N,VIIRS,n,2,293.78,3.72,D,0
41.52848,26.6377,331.11,0.38,0.36,2024-10-29,1108,N,VIIRS,n,2,293.22,2.72,D,0
41.52917,26.64228,334.71,0.38,0.36,2024-10-29,1108,N,VIIRS,n,2,295.61,2.72,D,0
41.53246,26.64141,334.04,0.38,0.36,2024-10-29,1108,N,VIIRS,n,2,294.0,2.72,D,0
41.5329,26.59842,328.97,0.38,0.36,2024-10-29,1108,N,VIIRS,n,2,294.87,3.23,D,0
41.53451,26.65518,345.47,0.38,0.36,2024-10-29,1108,N,VIIRS,n,2,294.84,3.12,D,0
41.6185,26.62963,335.66,0.38,0.36,2024-10-29,1108,N,VIIRS,n,2,295.09,3.25,D,0
41.63678,26.59138,332.41,0.38,0.36,2024-10-29,1108,N,VIIRS,n,2,296.33,3.05,D,0
41.68731,26.81711,332.99,0.39,0.36,2024-10-29,1108,N,VIIRS,n,2,300.38,2.33,D,0
41.69329,26.42516,331.19,0.38,0.36,2024-10-29,1108,N,VIIRS,n,2,296.42,2.09,D,0
41.73038,26.55863,351.74,0.38,0.36,2024-10-29,1108,N,VIIRS,n,2,297.13,5.37,D,0
41.73368,26.55775,342.33,0.38,0.36,2024-10-29,1108,N,VIIRS,n,2,298.38,7.67,D,0
42.16302,25.60921,335.3,0.38,0.36,2024-10-29,1109,N,VIIRS,n,2,299.89,4.08,D,0
42.4932,26.11963,332.41,0.38,0.36,2024-10-29,1109,N,VIIRS,n,2,297.17,1.44,D,0
35.66492,43.96757,309.23,0.77,0.77,2024-10-29,2146,N,VIIRS,n,2,279.53,3.0,N,2
35.66504,43.95873,306.15,0.77,0.77,2024-10-29,2146,N,VIIRS,n,2,278.83,3.96,N,2
35.68064,43.87848,324.26,0.77,0.78,2024-10-29,2146,N,VIIRS,n,2,278.07,4.98,N,2
35.68076,43.86948,302.95,0.77,0.78,2024-10-29,2146,N,VIIRS,n,2,278.64,5.28,N,2
35.68794,43.87893,354.06,0.77,0.78,2024-10-29,2146,N,VIIRS,n,2,281.81,13.58,N,2
35.68806,43.86999,341.26,0.77,0.78,2024-10-29,2146,N,VIIRS,n,2,280.62,16.4,N,2
35.72194,44.04162,318.35,0.76,0.77,2024-10-29,2146,N,VIIRS,n,2,277.2,2.4,N,2
35.72208,44.03254,297.8,0.76,0.77,2024-10-29,2146,N,VIIRS,n,2,279.16,3.51,N,2
35.72917,44.04235,301.06,0.76,0.77,2024-10-29,2146,N,VIIRS,n,2,280.18,1.0,N,2
35.72932,44.0334,305.18,0.76,0.77,2024-10-29,2146,N,VIIRS,n,2,281.28,2.62,N,2
35.77359,43.99186,297.68,0.76,0.77,2024-10-29,2146,N,VIIRS,n,2,279.43,1.74,N,2
35.77483,43.99332,302.71,0.76,0.77,2024-10-29,2146,N,VIIRS,n,2,281.25,1.14,N,2
35.92366,43.7864,303.94,0.79,0.78,2024-10-29,2146,N,VIIRS,n,2,272.45,1.44,N,2
35.95367,43.72759,295.26,0.79,0.78,2024-10-29,2146,N,VIIRS,n,2,273.7,0.58,N,2
35.96798,43.76914,297.3,0.79,0.78,2024-10-29,2146,N,VIIRS,n,2,277.43,6.18,N,2
35.96804,43.76577,321.68,0.79,0.78,2024-10-29,2146,N,VIIRS,n,2,277.96,8.7,N,2
35.96811,43.76049,367.0,0.79,0.78,2024-10-29,2146,N,VIIRS,h,2,278.56,6.18,N,2
35.96813,43.75702,344.34,0.79,0.78,2024-10-29,2146,N,VIIRS,n,2,276.19,13.11,N,2
35.52519,44.3433,342.72,0.73,0.76,2024-10-29,2147,N,VIIRS,n,2,278.65,8.16,N,2
35.53232,44.34375,316.51,0.73,0.76,2024-10-29,2147,N,VIIRS,n,2,276.42,5.62,N,2
35.5325,44.33514,341.71,0.73,0.76,2024-10-29,2147,N,VIIRS,n,2,280.73,5.62,N,2
35.53559,44.34145,297.61,0.73,0.76,2024-10-29,2147,N,VIIRS,n,2,274.89,1.14,N,2
35.53572,44.33293,305.81,0.73,0.76,2024-10-29,2147,N,VIIRS,n,2,279.01,2.44,N,2
35.56215,44.28532,315.15,0.73,0.76,2024-10-29,2147,N,VIIRS,n,2,274.85,2.17,N,2
35.56512,44.28309,323.82,0.73,0.76,2024-10-29,2147,N,VIIRS,n,2,277.06,3.38,N,2
35.62739,44.00566,327.7,0.76,0.77,2024-10-29,2147,N,VIIRS,n,2,275.29,5.42,N,2
35.66445,43.96351,334.89,0.77,0.77,2024-10-29,2147,N,VIIRS,n,2,281.33,4.16,N,2
35.68063,43.87449,320.28,0.77,0.78,2024-10-29,2147,N,VIIRS,n,2,278.59,4.78,N,2
35.68777,43.88383,295.18,0.77,0.78,2024-10-29,2147,N,VIIRS,n,2,278.72,11.07,N,2
35.68793,43.87493,367.0,0.77,0.78,2024-10-29,2147,N,VIIRS,h,2,286.63,11.07,N,2
39.72366,36.93681,299.36,0.38,0.36,2024-10-29,2326,N,VIIRS,n,2,274.67,1.11,N,2
41.10817,37.32554,303.37,0.38,0.36,2024-10-29,2326,N,VIIRS,n,2,282.95,0.95,N,2
35.52549,44.3464,328.08,0.54,0.51,2024-10-29,2327,N,VIIRS,n,2,281.4,5.6,N,2
35.52685,44.34064,341.09,0.54,0.51,2024-10-29,2327,N,VIIRS,n,2,282.83,5.6,N,2
35.53141,44.34218,338.97,0.54,0.51,2024-10-29,2327,N,VIIRS,n,2,287.02,5.66,N,2
35.53276,44.3364,319.25,0.54,0.51,2024-10-29,2327,N,VIIRS,n,2,283.49,6.69,N,2
35.56447,44.28492,324.81,0.53,0.5,2024-10-29,2327,N,VIIRS,n,2,281.07,3.89,N,2
35.62884,44.00803,343.72,0.51,0.5,2024-10-29,2327,N,VIIRS,n,2,273.18,5.98,N,2
35.66263,43.96553,340.3,0.51,0.49,2024-10-29,2327,N,VIIRS,n,2,280.5,5.77,N,2
35.67599,44.48022,296.66,0.54,0.51,2024-10-29,2327,N,VIIRS,n,2,281.3,0.96,N,0
35.68279,43.87744,341.12,0.51,0.49,2024-10-29,2327,N,VIIRS,n,2,265.74,4.64,N,2
35.68405,43.87193,295.97,0.51,0.49,2024-10-29,2327,N,VIIRS,n,2,265.47,4.64,N,2
35.68721,43.87895,342.12,0.51,0.49,2024-10-29,2327,N,VIIRS,n,2,270.54,5.28,N,2
35.68847,43.87343,296.17,0.51,0.49,2024-10-29,2327,N,VIIRS,n,2,266.58,5.28,N,2
35.72206,44.0405,307.75,0.51,0.5,2024-10-29,2327,N,VIIRS,n,2,280.9,4.12,N,2
35.72654,44.04193,338.97,0.51,0.5,2024-10-29,2327,N,VIIRS,n,2,284.34,4.12,N,2
35.72911,44.03083,313.55,0.51,0.5,2024-10-29,2327,N,VIIRS,n,2,280.74,1.38,N,2
35.77052,43.99682,297.04,0.51,0.49,2024-10-29,2327,N,VIIRS,n,2,269.8,1.19,N,2
35.9234,43.79203,301.56,0.49,0.49,2024-10-29,2327,N,VIIRS,n,2,276.88,0.69,N,2
35.95214,43.72748,304.26,0.49,0.49,2024-10-29,2327,N,VIIRS,n,2,276.72,0.98,N,2
35.95396,43.72918,300.94,0.49,0.49,2024-10-29,2327,N,VIIRS,n,2,276.77,1.27,N,2
35.96407,43.76679,299.46,0.49,0.49,2024-10-29,2327,N,VIIRS,n,2,280.84,1.6,N,2
35.96839,43.7685,345.3,0.49,0.49,2024-10-29,2327,N,VIIRS,n,2,285.8,4.53,N,2
35.96964,43.76308,338.39,0.49,0.49,2024-10-29,2327,N,VIIRS,n,2,285.25,6.84,N,2
35.97146,43.7756,297.17,0.49,0.49,2024-10-29,2327,N,VIIRS,n,2,280.3,4.53,N,2
35.98261,43.7681,301.68,0.49,0.49,2024-10-29,2327,N,VIIRS,n,2,281.88,1.79,N,2
35.9981,43.76218,295.99,0.49,0.49,2024-10-29,2327,N,VIIRS,n,2,277.26,0.97,N,2
36.01627,43.68281,304.16,0.49,0.48,2024-10-29,2327,N,VIIRS,n,2,277.88,0.63,N,2
36.02062,43.68428,295.78,0.49,0.48,2024-10-29,2327,N,VIIRS,n,2,280.82,0.63,N,2
36.02184,36.04032,298.25,0.39,0.36,2024-10-29,2327,N,VIIRS,n,2,287.53,0.3,N,0
36.0977,43.63239,297.98,0.48,0.48,2024-10-29,2327,N,VIIRS,n,2,277.8,0.62,N,0
36.12807,43.78168,307.85,0.49,0.48,2024-10-29,2327,N,VIIRS,n,2,280.94,1.08,N,2
36.1321,40.81045,296.4,0.52,0.42,2024-10-29,2327,N,VIIRS,n,2,279.56,0.87,N,2
36.14111,40.81511,300.46,0.52,0.42,2024-10-29,2327,N,VIIRS,n,2,279.54,1.28,N,2
36.14222,40.8197,310.89,0.52,0.42,2024-10-29,2327,N,VIIRS,n,2,277.86,1.01,N,2
36.14486,40.8163,310.46,0.52,0.42,2024-10-29,2327,N,VIIRS,n,2,278.37,1.47,N,2
36.16187,43.67408,306.33,0.48,0.48,2024-10-29,2327,N,VIIRS,n,2,274.81,1.01,N,0
36.24633,43.72628,299.13,0.48,0.48,2024-10-29,2327,N,VIIRS,n,2,274.72,0.57,N,0
36.25801,36.89751,298.08,0.39,0.36,2024-10-29,2327,N,VIIRS,n,2,281.07,0.49,N,0
36.34971,42.07812,301.38,0.4,0.44,2024-10-29,2327,N,VIIRS,n,2,285.38,1.39,N,2
36.44154,42.93328,295.75,0.43,0.46,2024-10-29,2327,N,VIIRS,n,2,282.45,1.08,N,2
36.71684,36.19986,315.98,0.38,0.36,2024-10-29,2327,N,VIIRS,n,2,286.96,1.63,N,2
36.72013,36.20068,322.06,0.38,0.36,2024-10-29,2327,N,VIIRS,n,2,288.8,1.63,N,2
36.72863,36.21168,317.61,0.38,0.36,2024-10-29,2327,N,VIIRS,n,2,289.57,1.75,N,2
36.73056,43.28038,308.12,0.45,0.47,2024-10-29,2327,N,VIIRS,n,2,281.78,1.18,N,2
36.73124,36.21677,302.15,0.38,0.36,2024-10-29,2327,N,VIIRS,n,2,289.0,0.29,N,2
36.73193,36.2125,315.79,0.38,0.36,2024-10-29,2327,N,VIIRS,n,2,292.94,1.75,N,2
36.7359,36.20904,304.7,0.38,0.36,2024-10-29,2327,N,VIIRS,n,2,290.65,0.74,N,2
36.73851,36.21413,298.62,0.38,0.36,2024-10-29,2327,N,VIIRS,n,2,287.72,0.74,N,2
36.77439,43.32603,337.13,0.45,0.47,2024-10-29,2327,N,VIIRS,n,2,282.13,3.42,N,2
36.7755,43.32108,296.55,0.45,0.47,2024-10-29,2327,N,VIIRS,n,2,279.97,3.12,N,2
36.80025,37.01867,302.91,0.39,0.36,2024-10-29,2327,N,VIIRS,n,2,282.49,0.95,N,2
36.86704,43.48891,309.9,0.46,0.47,2024-10-29,2327,N,VIIRS,n,2,277.0,1.19,N,2
36.86812,34.76054,302.07,0.39,0.36,2024-10-29,2327,N,VIIRS,n,2,286.97,0.97,N,2
36.8708,34.76564,307.16,0.39,0.36,2024-10-29,2327,N,VIIRS,n,2,287.41,0.79,N,2
36.87094,43.49178,300.72,0.46,0.47,2024-10-29,2327,N,VIIRS,n,2,276.14,0.73,N,2
36.89344,43.4313,320.86,0.45,0.47,2024-10-29,2327,N,VIIRS,n,2,280.14,2.05,N,2
36.89851,42.15275,311.95,0.39,0.44,2024-10-29,2327,N,VIIRS,n,2,280.32,1.27,N,0
36.90652,43.39265,337.44,0.45,0.47,2024-10-29,2327,N,VIIRS,n,2,282.63,3.36,N,2
36.91368,41.89338,298.61,0.57,0.43,2024-10-29,2327,N,VIIRS,n,2,276.16,0.66,N,2
36.91566,41.89547,295.65,0.57,0.43,2024-10-29,2327,N,VIIRS,n,2,277.5,0.73,N,2
36.93206,36.00011,302.17,0.38,0.36,2024-10-29,2327,N,VIIRS,n,2,285.71,0.62,N,2
36.93641,42.13297,303.01,0.39,0.44,2024-10-29,2327,N,VIIRS,n,2,282.72,0.97,N,2
36.94495,40.31358,326.07,0.48,0.4,2024-10-29,2327,N,VIIRS,n,2,276.53,2.96,N,0
36.94519,42.13127,319.76,0.39,0.44,2024-10-29,2327,N,VIIRS,n,2,282.5,1.53,N,2
36.94753,40.32002,305.09,0.48,0.4,2024-10-29,2327,N,VIIRS,n,2,276.35,1.51,N,0
36.94858,40.31468,317.52,0.48,0.4,2024-10-29,2327,N,VIIRS,n,2,277.29,2.96,N,0
36.94911,42.13258,315.34,0.39,0.44,2024-10-29,2327,N,VIIRS,n,2,282.05,1.53,N,2
36.95116,40.32112,321.21,0.48,0.4,2024-10-29,2327,N,VIIRS,n,2,277.55,2.69,N,0
36.95632,40.33402,308.03,0.48,0.4,2024-10-29,2327,N,VIIRS,n,2,276.77,1.06,N,0
36.96316,35.45372,298.49,0.38,0.36,2024-10-29,2327,N,VIIRS,n,2,286.51,0.92,N,2
36.96382,35.44942,300.7,0.38,0.36,2024-10-29,2327,N,VIIRS,n,2,286.53,1.0,N,2
36.9934,42.00118,295.87,0.57,0.43,2024-10-29,2327,N,VIIRS,n,2,279.22,0.39,N,2
37.02309,36.11024,322.67,0.38,0.36,2024-10-29,2327,N,VIIRS,n,2,286.49,1.44,N,2
37.03006,42.17054,295.73,0.39,0.44,2024-10-29,2327,N,VIIRS,n,2,281.14,0.52,N,2
37.04421,38.31878,329.41,0.41,0.37,2024-10-29,2327,N,VIIRS,n,2,282.28,2.74,N,0
37.07264,43.72404,301.63,0.46,0.47,2024-10-29,2327,N,VIIRS,n,2,281.18,1.46,N,0
37.07734,43.72356,303.22,0.46,0.47,2024-10-29,2327,N,VIIRS,n,2,280.81,1.67,N,0
37.07949,42.55769,304.76,0.4,0.45,2024-10-29,2327,N,VIIRS,n,2,281.45,0.84,N,2
37.22354,39.97276,300.82,0.46,0.39,2024-10-29,2327,N,VIIRS,n,2,279.37,0.86,N,0
37.29383,37.15976,305.33,0.39,0.36,2024-10-29,2327,N,VIIRS,n,2,283.5,0.99,N,2
37.29455,37.15548,308.89,0.39,0.36,2024-10-29,2327,N,VIIRS,n,2,283.0,0.99,N,2
37.3386,40.802,301.15,0.5,0.41,2024-10-29,2327,N,VIIRS,n,2,281.0,1.32,N,2
37.35223,37.16151,307.02,0.39,0.36,2024-10-29,2327,N,VIIRS,n,2,283.48,1.27,N,2
37.60598,39.09031,296.13,0.43,0.38,2024-10-29,2327,N,VIIRS,n,2,274.41,0.63,N,0
37.6257,37.91556,298.29,0.4,0.37,2024-10-29,2327,N,VIIRS,n,2,277.59,0.63,N,0
37.65645,31.70099,327.65,0.48,0.4,2024-10-29,2327,N,VIIRS,n,2,272.31,16.14,N,0
37.65711,31.69549,342.25,0.48,0.4,2024-10-29,2327,N,VIIRS,n,2,272.95,16.14,N,0
37.66013,31.70165,314.63,0.48,0.4,2024-10-29,2327,N,VIIRS,n,2,279.75,16.14,N,0
37.67627,40.78304,317.83,0.49,0.4,2024-10-29,2327,N,VIIRS,n,2,273.36,2.45,N,0
37.6956,38.20316,300.25,0.41,0.37,2024-10-29,2327,N,VIIRS,n,2,277.84,0.7,N,0
37.71375,37.93822,308.31,0.4,0.37,2024-10-29,2327,N,VIIRS,n,2,278.62,0.72,N,0
37.73179,38.4359,330.92,0.41,0.37,2024-10-29,2327,N,VIIRS,n,2,276.8,3.43,N,0
37.73516,38.43686,298.58,0.41,0.37,2024-10-29,2327,N,VIIRS,n,2,275.71,1.13,N,0
37.73936,38.43317,311.68,0.41,0.37,2024-10-29,2327,N,VIIRS,n,2,277.18,1.13,N,0
37.7425,40.32567,311.29,0.47,0.4,2024-10-29,2327,N,VIIRS,n,2,275.99,1.43,N,0
37.77314,27.44142,296.28,0.52,0.5,2024-10-29,2327,N,VIIRS,n,2,285.44,0.98,N,2
37.84245,38.44988,308.98,0.41,0.37,2024-10-29,2327,N,VIIRS,n,2,275.79,1.5,N,0
37.86127,29.37364,303.52,0.41,0.45,2024-10-29,2327,N,VIIRS,n,2,283.27,1.43,N,2
37.86251,29.3719,302.1,0.41,0.45,2024-10-29,2327,N,VIIRS,n,2,283.72,1.02,N,2
37.86588,40.46867,297.03,0.47,0.4,2024-10-29,2327,N,VIIRS,n,2,275.94,1.3,N,0
37.86654,40.46732,304.82,0.47,0.4,2024-10-29,2327,N,VIIRS,n,2,276.8,1.22,N,0
37.92548,41.63692,306.64,0.53,0.42,2024-10-29,2327,N,VIIRS,n,2,278.2,1.47,N,0
37.92811,41.66345,303.73,0.53,0.42,2024-10-29,2327,N,VIIRS,n,2,274.38,1.28,N,0
37.92907,41.61934,295.51,0.53,0.42,2024-10-29,2327,N,VIIRS,n,2,277.81,0.99,N,0
37.9292,41.63838,298.42,0.53,0.42,2024-10-29,2327,N,VIIRS,n,2,277.41,0.72,N,0
37.93026,41.61351,303.52,0.53,0.42,2024-10-29,2327,N,VIIRS,n,2,278.09,0.99,N,0
37.93041,41.63247,310.03,0.53,0.42,2024-10-29,2327,N,VIIRS,n,2,278.2,1.65,N,0
37.93308,41.65881,295.24,0.53,0.42,2024-10-29,2327,N,VIIRS,n,2,275.71,0.99,N,0
37.93521,41.60894,301.19,0.53,0.42,2024-10-29,2327,N,VIIRS,n,2,278.36,1.82,N,0
37.93561,41.66616,301.04,0.53,0.42,2024-10-29,2327,N,VIIRS,n,2,276.13,1.04,N,0
37.94015,41.6044,308.34,0.53,0.42,2024-10-29,2327,N,VIIRS,n,2,278.89,1.82,N,0
37.94171,40.814,296.83,0.49,0.4,2024-10-29,2327,N,VIIRS,n,2,273.71,0.71,N,0
37.94582,41.69517,302.03,0.53,0.42,2024-10-29,2327,N,VIIRS,n,2,276.01,0.72,N,0
37.94663,41.63176,306.56,0.53,0.42,2024-10-29,2327,N,VIIRS,n,2,275.91,3.72,N,0
37.9487,41.46421,295.48,0.52,0.42,2024-10-29,2327,N,VIIRS,n,2,275.83,1.58,N,0
37.9504,41.63301,332.02,0.53,0.42,2024-10-29,2327,N,VIIRS,n,2,280.24,3.72,N,0
37.9514,41.63492,299.46,0.53,0.42,2024-10-29,2327,N,VIIRS,n,2,277.08,3.49,N,0
37.95161,41.62707,327.2,0.53,0.42,2024-10-29,2327,N,VIIRS,n,2,281.81,7.43,N,0
37.95242,41.46556,314.82,0.52,0.42,2024-10-29,2327,N,VIIRS,n,2,275.57,1.58,N,0
37.95264,41.62895,341.43,0.53,0.42,2024-10-29,2327,N,VIIRS,n,2,282.09,3.49,N,0
37.95613,41.46689,297.34,0.52,0.42,2024-10-29,2327,N,VIIRS,n,2,274.63,0.96,N,0
37.95985,41.46822,304.53,0.52,0.42,2024-10-29,2327,N,VIIRS,n,2,274.53,0.96,N,0
37.96016,41.6315,300.95,0.53,0.42,2024-10-29,2327,N,VIIRS,n,2,275.31,0.92,N,0
37.96288,41.63089,296.51,0.53,0.42,2024-10-29,2327,N,VIIRS,n,2,275.58,0.87,N,0
37.9642,41.68951,307.75,0.53,0.42,2024-10-29,2327,N,VIIRS,n,2,279.97,2.23,N,0
37.96561,40.75197,301.87,0.49,0.4,2024-10-29,2327,N,VIIRS,n,2,273.78,0.74,N,0
37.97024,41.61438,318.32,0.53,0.42,2024-10-29,2327,N,VIIRS,n,2,278.1,2.9,N,0
37.97137,41.61626,318.21,0.53,0.42,2024-10-29,2327,N,VIIRS,n,2,278.34,2.39,N,0
37.99395,41.62361,299.04,0.53,0.42,2024-10-29,2327,N,VIIRS,n,2,276.51,0.96,N,0
37.99896,41.61884,303.34,0.53,0.42,2024-10-29,2327,N,VIIRS,n,2,276.26,0.96,N,0
38.01211,41.55498,329.49,0.52,0.42,2024-10-29,2327,N,VIIRS,n,2,276.39,2.92,N,0
38.01331,41.54911,297.9,0.52,0.42,2024-10-29,2327,N,VIIRS,n,2,274.47,2.92,N,0
38.01587,41.55614,304.42,0.52,0.42,2024-10-29,2327,N,VIIRS,n,2,276.01,1.2,N,0
38.02105,41.56992,297.74,0.52,0.42,2024-10-29,2327,N,VIIRS,n,2,276.8,0.71,N,0
38.0584,39.07218,311.98,0.42,0.38,2024-10-29,2327,N,VIIRS,n,2,270.66,2.0,N,0
38.06276,39.06805,308.94,0.42,0.38,2024-10-29,2327,N,VIIRS,n,2,277.01,1.66,N,0
38.09809,41.11319,300.46,0.5,0.41,2024-10-29,2327,N,VIIRS,n,2,277.02,0.75,N,0
38.09923,41.10754,308.44,0.5,0.41,2024-10-29,2327,N,VIIRS,n,2,277.06,1.91,N,0
38.10179,41.11427,299.77,0.5,0.41,2024-10-29,2327,N,VIIRS,n,2,277.03,0.75,N,0
38.10406,41.10294,315.06,0.5,0.41,2024-10-29,2327,N,VIIRS,n,2,277.62,1.91,N,0
38.42648,27.21355,296.24,0.54,0.51,2024-10-29,2327,N,VIIRS,n,2,279.84,0.63,N,2
38.62061,31.14785,339.87,0.52,0.41,2024-10-29,2327,N,VIIRS,n,2,274.28,8.73,N,0
38.62511,31.14257,327.02,0.52,0.41,2024-10-29,2327,N,VIIRS,n,2,277.13,15.16,N,3
38.63028,31.1313,301.43,0.52,0.41,2024-10-29,2327,N,VIIRS,n,2,277.88,2.15,N,0
38.63279,31.12731,305.48,0.52,0.42,2024-10-29,2327,N,VIIRS,n,2,278.67,2.51,N,3
38.63596,31.134,304.83,0.52,0.41,2024-10-29,2327,N,VIIRS,n,2,277.86,2.38,N,3
38.63792,31.13269,303.32,0.52,0.41,2024-10-29,2327,N,VIIRS,n,2,277.24,3.31,N,0
38.63978,31.13471,295.07,0.52,0.41,2024-10-29,2327,N,VIIRS,n,2,274.9,1.96,N,3
38.64546,31.15409,298.97,0.52,0.41,2024-10-29,2327,N,VIIRS,n,2,276.61,1.89,N,0
38.64611,31.1481,297.56,0.52,0.41,2024-10-29,2327,N,VIIRS,n,2,276.03,1.89,N,0
38.64862,31.16077,299.67,0.52,0.41,2024-10-29,2327,N,VIIRS,n,2,278.64,2.19,N,3
38.65244,31.16147,297.24,0.52,0.41,2024-10-29,2327,N,VIIRS,n,2,277.72,1.77,N,0
38.65375,31.1495,302.06,0.52,0.41,2024-10-29,2327,N,VIIRS,n,2,278.68,3.53,N,0
38.65625,31.16217,303.79,0.52,0.41,2024-10-29,2327,N,VIIRS,n,2,280.14,1.77,N,0
38.65955,30.61628,297.22,0.55,0.43,2024-10-29,2327,N,VIIRS,n,2,277.36,1.0,N,2
38.66006,31.16287,305.08,0.52,0.41,2024-10-29,2327,N,VIIRS,n,2,278.84,2.28,N,0
38.66322,31.16955,296.99,0.52,0.41,2024-10-29,2327,N,VIIRS,n,2,278.51,2.28,N,3
38.67218,31.15899,312.28,0.52,0.41,2024-10-29,2327,N,VIIRS,n,2,280.45,3.64,N,3
38.73083,26.93367,295.37,0.56,0.52,2024-10-29,2327,N,VIIRS,n,2,284.88,0.46,N,2
38.73466,26.94746,300.23,0.56,0.52,2024-10-29,2327,N,VIIRS,n,2,287.24,2.95,N,2
38.74427,26.94849,301.75,0.56,0.52,2024-10-29,2327,N,VIIRS,n,2,286.07,1.21,N,2
38.75004,26.936,295.14,0.56,0.52,2024-10-29,2327,N,VIIRS,n,2,284.43,0.5,N,0
38.79045,26.91439,307.14,0.57,0.52,2024-10-29,2327,N,VIIRS,n,2,286.49,1.75,N,3
38.82265,37.45538,304.12,0.39,0.36,2024-10-29,2327,N,VIIRS,n,2,269.47,1.47,N,0
39.09166,27.51006,299.18,0.53,0.5,2024-10-29,2327,N,VIIRS,n,2,286.09,1.02,N,0
39.15856,32.72969,296.86,0.45,0.39,2024-10-29,2327,N,VIIRS,n,2,274.19,0.58,N,0
39.16674,27.63185,301.12,0.52,0.5,2024-10-29,2327,N,VIIRS,n,2,283.83,0.87,N,2
39.18082,35.99698,300.2,0.39,0.36,2024-10-29,2327,N,VIIRS,n,2,272.57,0.69,N,0
39.192,27.64588,297.39,0.52,0.5,2024-10-29,2327,N,VIIRS,n,2,284.15,1.04,N,0
39.19373,27.64579,298.81,0.52,0.5,2024-10-29,2327,N,VIIRS,n,2,284.62,0.74,N,0
39.25321,37.06952,296.11,0.39,0.36,2024-10-29,2327,N,VIIRS,n,2,267.42,0.81,N,0
39.48369,30.0411,307.19,0.4,0.44,2024-10-29,2327,N,VIIRS,n,2,278.79,1.41,N,2
39.59618,32.42208,298.44,0.47,0.4,2024-10-29,2327,N,VIIRS,n,2,277.85,1.05,N,2
39.8389,30.30149,297.26,0.39,0.44,2024-10-29,2327,N,VIIRS,n,2,280.89,1.47,N,2
39.94388,33.19062,298.54,0.45,0.39,2024-10-29,2327,N,VIIRS,n,2,278.13,0.89,N,2
35.78936,36.13263,303.34,0.39,0.36,2024-10-29,2328,N,VIIRS,n,2,286.11,0.69,N,0
36.26383,33.72826,315.27,0.4,0.37,2024-10-29,2328,N,VIIRS,n,2,290.43,1.65,N,2
