latitude,longitude,bright_ti4,scan,track,acq_date,acq_time,satellite,instrument,confidence,version,bright_ti5,frp,daynight
36.03207,38.76219,305.12,0.76,0.77,2026-06-27,35,N,VIIRS,n,2.0NRT,290.63,1.15,N
36.03541,38.76771,302.76,0.76,0.77,2026-06-27,35,N,VIIRS,n,2.0NRT,290.35,1.03,N
36.03882,38.76551,301.15,0.76,0.77,2026-06-27,35,N,VIIRS,n,2.0NRT,290.34,0.8,N
36.74405,39.34436,303.16,0.78,0.78,2026-06-27,35,N,VIIRS,n,2.0NRT,287.66,1.28,N
36.80611,38.02198,301.68,0.67,0.73,2026-06-27,35,N,VIIRS,n,2.0NRT,290.58,0.84,N
36.83065,38.90918,301.02,0.74,0.76,2026-06-27,35,N,VIIRS,n,2.0NRT,288.33,0.99,N
36.84844,39.02211,304.47,0.74,0.76,2026-06-27,35,N,VIIRS,n,2.0NRT,288.36,1.72,N
36.85262,39.02074,304.3,0.74,0.76,2026-06-27,35,N,VIIRS,n,2.0NRT,288.61,2.02,N
36.85292,38.86419,305.31,0.73,0.76,2026-06-27,35,N,VIIRS,n,2.0NRT,287.66,1.29,N
36.92805,38.90834,312.86,0.73,0.76,2026-06-27,35,N,VIIRS,n,2.0NRT,288.56,1.99,N
36.93466,38.91177,307.49,0.73,0.76,2026-06-27,35,N,VIIRS,n,2.0NRT,288.8,1.99,N
36.96343,39.08644,340.57,0.74,0.76,2026-06-27,35,N,VIIRS,n,2.0NRT,289.65,11.31,N
36.96579,39.09409,300.47,0.74,0.76,2026-06-27,35,N,VIIRS,n,2.0NRT,288.35,8.38,N
36.96606,39.07827,306.61,0.74,0.76,2026-06-27,35,N,VIIRS,n,2.0NRT,288.78,12.0,N
36.96846,39.08597,367.0,0.74,0.76,2026-06-27,35,N,VIIRS,h,2.0NRT,293.7,16.0,N
36.9701,39.08985,346.77,0.74,0.76,2026-06-27,35,N,VIIRS,n,2.0NRT,290.71,11.31,N
36.97112,39.07783,302.04,0.74,0.76,2026-06-27,35,N,VIIRS,n,2.0NRT,288.75,16.0,N
36.97272,39.08169,334.48,0.74,0.76,2026-06-27,35,N,VIIRS,n,2.0NRT,289.73,12.0,N
36.97621,38.99847,305.45,0.74,0.76,2026-06-27,35,N,VIIRS,n,2.0NRT,289.29,1.34,N
36.98573,39.64714,307.96,0.79,0.78,2026-06-27,35,N,VIIRS,n,2.0NRT,289.25,1.94,N
36.98966,39.65301,312.03,0.79,0.78,2026-06-27,35,N,VIIRS,n,2.0NRT,287.22,1.62,N
36.9925,39.64434,306.71,0.79,0.78,2026-06-27,35,N,VIIRS,n,2.0NRT,287.2,1.62,N
36.99255,39.65061,312.32,0.79,0.78,2026-06-27,35,N,VIIRS,n,2.0NRT,283.37,1.54,N
37.01098,38.86607,307.15,0.72,0.76,2026-06-27,35,N,VIIRS,n,2.0NRT,290.88,1.8,N
37.01424,38.87469,307.68,0.72,0.76,2026-06-27,35,N,VIIRS,n,2.0NRT,290.9,1.91,N
37.01687,38.86664,303.04,0.72,0.76,2026-06-27,35,N,VIIRS,n,2.0NRT,291.25,2.41,N
37.0175,38.86969,303.1,0.72,0.76,2026-06-27,35,N,VIIRS,n,2.0NRT,290.93,1.93,N
37.06317,39.10527,300.36,0.74,0.76,2026-06-27,35,N,VIIRS,n,2.0NRT,288.66,1.57,N
37.06632,39.10738,303.33,0.74,0.76,2026-06-27,35,N,VIIRS,n,2.0NRT,288.55,1.45,N
37.08615,39.02315,314.35,0.73,0.76,2026-06-27,35,N,VIIRS,n,2.0NRT,289.66,3.07,N
37.08924,39.02417,311.93,0.73,0.76,2026-06-27,35,N,VIIRS,n,2.0NRT,289.43,3.01,N
37.13959,38.88295,312.98,0.72,0.75,2026-06-27,35,N,VIIRS,n,2.0NRT,291.33,2.37,N
37.14198,38.88337,310.9,0.72,0.76,2026-06-27,35,N,VIIRS,n,2.0NRT,291.78,1.93,N
37.25747,39.72713,301.65,0.78,0.78,2026-06-27,35,N,VIIRS,n,2.0NRT,288.02,1.92,N
37.26003,39.72418,300.55,0.78,0.78,2026-06-27,35,N,VIIRS,n,2.0NRT,288.28,1.39,N
37.29636,37.15606,303.72,0.59,0.7,2026-06-27,35,N,VIIRS,n,2.0NRT,292.54,0.93,N
37.29705,37.15626,302.77,0.58,0.7,2026-06-27,35,N,VIIRS,n,2.0NRT,291.79,1.12,N
37.35191,37.1608,304.77,0.58,0.7,2026-06-27,35,N,VIIRS,n,2.0NRT,292.55,1.28,N
37.99121,40.22818,325.72,0.79,0.78,2026-06-27,35,N,VIIRS,n,2.0NRT,283.82,2.45,N
38.65778,30.61968,297.6,0.5,0.49,2026-06-27,35,N,VIIRS,n,2.0NRT,286.53,1.56,N
38.66719,39.23386,298.58,0.68,0.74,2026-06-27,35,N,VIIRS,n,2.0NRT,287.58,1.21,N
38.73723,26.93157,308.81,0.5,0.41,2026-06-27,35,N,VIIRS,n,2.0NRT,294.48,1.35,N
38.74092,26.9328,312.45,0.5,0.41,2026-06-27,35,N,VIIRS,n,2.0NRT,294.63,1.35,N
38.74113,26.95117,321.2,0.5,0.41,2026-06-27,35,N,VIIRS,n,2.0NRT,296.03,2.46,N
38.752,26.93645,307.07,0.5,0.41,2026-06-27,35,N,VIIRS,n,2.0NRT,294.05,1.08,N
39.09105,27.51383,305.28,0.53,0.42,2026-06-27,35,N,VIIRS,n,2.0NRT,293.67,2.15,N
39.169,27.63289,302.93,0.53,0.42,2026-06-27,35,N,VIIRS,n,2.0NRT,292.88,0.7,N
39.48473,30.04234,305.03,0.45,0.47,2026-06-27,35,N,VIIRS,n,2.0NRT,287.06,0.74,N
39.74452,30.19572,297.67,0.45,0.47,2026-06-27,35,N,VIIRS,n,2.0NRT,286.53,0.67,N
39.8378,30.2992,299.51,0.46,0.47,2026-06-27,35,N,VIIRS,n,2.0NRT,287.65,0.86,N
39.86482,26.24551,317.36,0.46,0.39,2026-06-27,35,N,VIIRS,n,2.0NRT,295.19,1.55,N
39.9011,28.87195,299.44,0.39,0.44,2026-06-27,35,N,VIIRS,n,2.0NRT,286.42,0.57,N
40.44551,27.13077,310.69,0.48,0.4,2026-06-27,35,N,VIIRS,n,2.0NRT,294.33,1.35,N
40.75652,31.78489,296.43,0.51,0.49,2026-06-27,35,N,VIIRS,n,2.0NRT,285.13,0.7,N
40.7578,29.76255,314.78,0.41,0.45,2026-06-27,35,N,VIIRS,n,2.0NRT,293.29,1.87,N
40.78079,29.60263,307.55,0.4,0.44,2026-06-27,35,N,VIIRS,n,2.0NRT,293.29,0.96,N
41.02338,28.55275,303.04,0.54,0.42,2026-06-27,35,N,VIIRS,n,2.0NRT,292.43,1.94,N
41.02386,36.09682,297.74,0.41,0.61,2026-06-27,35,N,VIIRS,n,2.0NRT,284.99,1.03,N
41.02496,36.0988,302.29,0.41,0.61,2026-06-27,35,N,VIIRS,n,2.0NRT,285.82,1.11,N
41.17358,32.63091,301.66,0.55,0.51,2026-06-27,35,N,VIIRS,n,2.0NRT,287.2,1.65,N
41.17699,32.63292,322.51,0.55,0.51,2026-06-27,35,N,VIIRS,n,2.0NRT,289.61,4.0,N
41.17808,32.63306,318.76,0.55,0.51,2026-06-27,35,N,VIIRS,n,2.0NRT,289.74,1.65,N
41.2425,36.46402,305.49,0.42,0.61,2026-06-27,35,N,VIIRS,n,2.0NRT,288.92,1.42,N
41.2442,36.46574,301.41,0.42,0.61,2026-06-27,35,N,VIIRS,n,2.0NRT,289.15,1.07,N
41.25571,31.41116,312.14,0.48,0.48,2026-06-27,35,N,VIIRS,n,2.0NRT,290.11,1.34,N
41.2672,31.42208,326.51,0.48,0.48,2026-06-27,35,N,VIIRS,n,2.0NRT,291.22,2.52,N
41.27016,31.42938,311.24,0.48,0.48,2026-06-27,35,N,VIIRS,n,2.0NRT,289.63,2.52,N
37.25364,30.44402,308.96,0.53,0.5,2026-06-27,37,N,VIIRS,n,2.0NRT,290.45,2.3,N
38.42644,27.21602,313.61,0.52,0.42,2026-06-27,37,N,VIIRS,n,2.0NRT,296.12,2.5,N
35.5409,44.05343,367.0,0.38,0.36,2026-06-27,1013,N,VIIRS,h,2.0NRT,344.86,74.13,D
35.54153,44.05765,367.0,0.38,0.36,2026-06-27,1013,N,VIIRS,h,2.0NRT,336.99,74.13,D
35.89988,37.03067,345.79,0.4,0.44,2026-06-27,1015,N,VIIRS,n,2.0NRT,312.22,3.62,D
35.90388,37.02941,349.19,0.4,0.44,2026-06-27,1015,N,VIIRS,n,2.0NRT,311.58,3.62,D
35.99989,36.90262,346.42,0.41,0.45,2026-06-27,1015,N,VIIRS,n,2.0NRT,309.34,5.33,D
36.03885,36.98991,343.53,0.4,0.44,2026-06-27,1015,N,VIIRS,n,2.0NRT,309.89,5.07,D
36.15422,37.45661,347.07,0.57,0.43,2026-06-27,1015,N,VIIRS,n,2.0NRT,315.66,13.51,D
36.42099,29.27721,331.05,0.5,0.65,2026-06-27,1015,N,VIIRS,n,2.0NRT,300.51,3.86,D
36.75357,39.02795,348.99,0.47,0.4,2026-06-27,1015,N,VIIRS,n,2.0NRT,318.15,15.02,D
36.77221,38.49342,367.0,0.5,0.41,2026-06-27,1015,N,VIIRS,h,2.0NRT,325.14,43.84,D
36.83791,38.95624,352.29,0.48,0.4,2026-06-27,1015,N,VIIRS,n,2.0NRT,315.61,27.69,D
36.83891,38.96146,350.09,0.48,0.4,2026-06-27,1015,N,VIIRS,n,2.0NRT,318.63,27.69,D
36.87634,38.92115,348.52,0.48,0.4,2026-06-27,1015,N,VIIRS,n,2.0NRT,318.43,13.16,D
36.95288,30.93694,336.07,0.39,0.6,2026-06-27,1015,N,VIIRS,n,2.0NRT,304.8,1.76,D
36.98511,39.09319,352.42,0.47,0.4,2026-06-27,1015,N,VIIRS,n,2.0NRT,321.89,36.55,D
36.99226,39.09109,351.1,0.47,0.4,2026-06-27,1015,N,VIIRS,n,2.0NRT,314.95,8.42,D
37.03166,35.93164,343.91,0.43,0.46,2026-06-27,1015,N,VIIRS,n,2.0NRT,305.67,5.9,D
37.0542,40.50778,350.76,0.42,0.38,2026-06-27,1015,N,VIIRS,n,2.0NRT,322.58,24.36,D
37.05503,40.51245,367.0,0.42,0.38,2026-06-27,1015,N,VIIRS,h,2.0NRT,321.25,34.33,D
37.22168,36.40637,332.72,0.41,0.45,2026-06-27,1015,N,VIIRS,n,2.0NRT,304.77,2.33,D
37.46753,33.16313,334.58,0.59,0.53,2026-06-27,1015,N,VIIRS,n,2.0NRT,304.94,4.41,D
37.86893,28.25227,339.35,0.51,0.66,2026-06-27,1015,N,VIIRS,n,2.0NRT,302.84,5.85,D
38.14891,28.07953,335.09,0.51,0.66,2026-06-27,1015,N,VIIRS,n,2.0NRT,304.12,3.24,D
38.14944,28.07923,334.53,0.51,0.66,2026-06-27,1015,N,VIIRS,n,2.0NRT,304.14,2.95,D
38.24955,26.3415,367.0,0.62,0.71,2026-06-27,1015,N,VIIRS,h,2.0NRT,304.64,22.28,D
38.25158,26.34801,367.0,0.62,0.71,2026-06-27,1015,N,VIIRS,h,2.0NRT,311.89,22.28,D
38.25295,26.33827,338.06,0.62,0.71,2026-06-27,1015,N,VIIRS,n,2.0NRT,302.19,23.09,D
38.25498,26.34468,349.61,0.62,0.71,2026-06-27,1015,N,VIIRS,n,2.0NRT,316.79,45.55,D
38.25587,26.33864,335.41,0.62,0.71,2026-06-27,1015,N,VIIRS,n,2.0NRT,301.77,19.7,D
38.25705,26.35122,341.89,0.62,0.71,2026-06-27,1015,N,VIIRS,n,2.0NRT,302.68,45.55,D
38.25786,26.34501,367.0,0.62,0.71,2026-06-27,1015,N,VIIRS,h,2.0NRT,306.13,19.7,D
38.3394,34.47069,350.11,0.48,0.48,2026-06-27,1015,N,VIIRS,n,2.0NRT,304.16,6.79,D
38.34038,34.47172,337.87,0.48,0.48,2026-06-27,1015,N,VIIRS,n,2.0NRT,303.43,2.98,D
38.64922,31.86663,340.89,0.32,0.55,2026-06-27,1015,N,VIIRS,n,2.0NRT,301.71,3.88,D
38.65767,33.7324,356.25,0.51,0.5,2026-06-27,1015,N,VIIRS,n,2.0NRT,311.95,24.63,D
38.65907,33.73828,344.76,0.51,0.5,2026-06-27,1015,N,VIIRS,n,2.0NRT,313.71,24.63,D
38.66211,33.73078,344.45,0.51,0.5,2026-06-27,1015,N,VIIRS,n,2.0NRT,304.85,24.63,D
38.66351,33.73666,355.92,0.51,0.5,2026-06-27,1015,N,VIIRS,n,2.0NRT,308.39,24.63,D
39.70061,26.38552,333.63,0.56,0.69,2026-06-27,1015,N,VIIRS,n,2.0NRT,299.74,3.73,D
40.18889,28.88893,343.58,0.41,0.61,2026-06-27,1015,N,VIIRS,n,2.0NRT,300.62,3.35,D
41.18097,28.11139,335.64,0.42,0.61,2026-06-27,1017,N,VIIRS,n,2.0NRT,296.21,1.69,D
41.1837,28.11056,339.96,0.42,0.61,2026-06-27,1017,N,VIIRS,n,2.0NRT,297.14,3.76,D
36.42216,29.27642,338.57,0.37,0.58,2026-06-27,1155,N,VIIRS,n,2.0NRT,303.63,5.99,D
36.4224,29.28032,356.24,0.37,0.58,2026-06-27,1155,N,VIIRS,n,2.0NRT,304.46,8.72,D
36.89057,31.0363,344.18,0.47,0.64,2026-06-27,1155,N,VIIRS,n,2.0NRT,301.98,7.28,D
36.89383,31.03306,367.0,0.47,0.64,2026-06-27,1155,N,VIIRS,h,2.0NRT,304.64,14.79,D
36.89408,31.03846,348.99,0.47,0.64,2026-06-27,1155,N,VIIRS,n,2.0NRT,302.9,15.7,D
36.89632,31.03051,336.35,0.47,0.64,2026-06-27,1155,N,VIIRS,n,2.0NRT,304.95,7.28,D
36.89655,31.0359,367.0,0.47,0.64,2026-06-27,1155,N,VIIRS,h,2.0NRT,303.61,7.28,D
37.92965,29.00721,338.93,0.37,0.58,2026-06-27,1155,N,VIIRS,n,2.0NRT,305.37,2.41,D
37.93106,29.00692,339.09,0.37,0.58,2026-06-27,1155,N,VIIRS,n,2.0NRT,304.3,1.5,D
37.96349,29.00414,340.99,0.37,0.58,2026-06-27,1155,N,VIIRS,n,2.0NRT,304.23,2.19,D
38.25397,26.34531,349.72,0.53,0.5,2026-06-27,1155,N,VIIRS,n,2.0NRT,317.02,20.11,D
38.52758,28.65486,342.0,0.36,0.57,2026-06-27,1155,N,VIIRS,n,2.0NRT,307.1,3.22,D
38.53054,28.65433,341.28,0.36,0.57,2026-06-27,1155,N,VIIRS,n,2.0NRT,306.54,1.87,D
40.35214,28.00367,367.0,0.34,0.56,2026-06-27,1157,N,VIIRS,h,2.0NRT,301.43,6.74,D
41.0142,27.7395,367.0,0.33,0.56,2026-06-27,1157,N,VIIRS,h,2.0NRT,303.57,8.47,D
41.01442,27.73695,356.84,0.33,0.56,2026-06-27,1157,N,VIIRS,n,2.0NRT,300.21,9.71,D
41.01445,27.74351,367.0,0.33,0.56,2026-06-27,1157,N,VIIRS,h,2.0NRT,300.25,8.47,D
41.01464,27.74101,357.46,0.33,0.56,2026-06-27,1157,N,VIIRS,n,2.0NRT,306.79,14.52,D
41.01486,27.74502,342.15,0.33,0.56,2026-06-27,1157,N,VIIRS,n,2.0NRT,300.4,14.52,D
41.01738,27.79198,367.0,0.34,0.56,2026-06-27,1157,N,VIIRS,h,2.0NRT,298.6,6.22,D
41.01751,27.79354,367.0,0.34,0.56,2026-06-27,1157,N,VIIRS,h,2.0NRT,301.08,11.01,D
41.01762,27.79604,367.0,0.34,0.56,2026-06-27,1157,N,VIIRS,h,2.0NRT,301.03,12.84,D
41.01774,27.79764,367.0,0.34,0.56,2026-06-27,1157,N,VIIRS,h,2.0NRT,300.9,15.88,D
41.01787,27.80015,367.0,0.34,0.56,2026-06-27,1157,N,VIIRS,h,2.0NRT,302.71,12.84,D
41.01796,27.80177,357.04,0.34,0.56,2026-06-27,1157,N,VIIRS,n,2.0NRT,304.99,15.88,D
41.01812,27.80425,367.0,0.34,0.56,2026-06-27,1157,N,VIIRS,h,2.0NRT,305.26,13.7,D
41.01818,27.80584,367.0,0.34,0.56,2026-06-27,1157,N,VIIRS,h,2.0NRT,303.07,21.84,D
41.01836,27.80831,337.17,0.34,0.56,2026-06-27,1157,N,VIIRS,n,2.0NRT,299.85,13.7,D
41.01982,27.74039,335.11,0.33,0.56,2026-06-27,1157,N,VIIRS,n,2.0NRT,305.08,43.29,D
41.02004,27.74439,367.0,0.33,0.56,2026-06-27,1157,N,VIIRS,h,2.0NRT,309.46,43.29,D
41.0227,27.79266,367.0,0.34,0.56,2026-06-27,1157,N,VIIRS,h,2.0NRT,301.07,8.36,D
41.02292,27.79675,354.92,0.34,0.56,2026-06-27,1157,N,VIIRS,n,2.0NRT,304.59,14.78,D
41.02315,27.80087,367.0,0.34,0.56,2026-06-27,1157,N,VIIRS,h,2.0NRT,303.18,14.78,D
41.02337,27.80499,352.06,0.34,0.56,2026-06-27,1157,N,VIIRS,n,2.0NRT,303.85,9.76,D
41.14315,27.60118,367.0,0.33,0.55,2026-06-27,1157,N,VIIRS,h,2.0NRT,303.63,8.15,D
41.14338,27.60521,334.27,0.33,0.55,2026-06-27,1157,N,VIIRS,n,2.0NRT,299.82,7.38,D
41.21352,28.10359,367.0,0.35,0.57,2026-06-27,1157,N,VIIRS,h,2.0NRT,299.46,6.84,D
41.21881,28.10301,330.41,0.35,0.57,2026-06-27,1157,N,VIIRS,n,2.0NRT,298.08,2.36,D
40.29189,43.82064,299.21,0.5,0.49,2026-06-27,2233,N,VIIRS,n,2.0NRT,282.25,1.5,N
41.24099,36.47305,302.13,0.61,0.71,2026-06-27,2233,N,VIIRS,n,2.0NRT,285.39,1.09,N
35.52404,43.93962,309.77,0.44,0.46,2026-06-27,2235,N,VIIRS,n,2.0NRT,296.76,2.05,N
35.52743,44.34161,316.72,0.42,0.45,2026-06-27,2235,N,VIIRS,n,2.0NRT,295.51,1.7,N
35.5316,44.3423,329.36,0.42,0.45,2026-06-27,2235,N,VIIRS,n,2.0NRT,296.1,2.86,N
35.53207,44.33764,315.14,0.42,0.45,2026-06-27,2235,N,VIIRS,n,2.0NRT,295.8,2.86,N
35.53624,44.33834,340.77,0.42,0.45,2026-06-27,2235,N,VIIRS,n,2.0NRT,297.56,2.86,N
35.54398,43.91259,310.59,0.44,0.46,2026-06-27,2235,N,VIIRS,n,2.0NRT,296.17,1.74,N
35.62847,44.01136,316.49,0.43,0.46,2026-06-27,2235,N,VIIRS,n,2.0NRT,295.5,7.35,N
35.62972,44.00959,351.76,0.43,0.46,2026-06-27,2235,N,VIIRS,n,2.0NRT,303.3,24.87,N
35.63274,44.01195,328.8,0.43,0.46,2026-06-27,2235,N,VIIRS,n,2.0NRT,304.04,7.35,N
35.63321,44.00705,339.74,0.43,0.46,2026-06-27,2235,N,VIIRS,n,2.0NRT,297.68,15.39,N
35.66302,43.9674,339.26,0.44,0.46,2026-06-27,2235,N,VIIRS,n,2.0NRT,296.18,5.59,N
35.66349,43.96254,312.52,0.44,0.46,2026-06-27,2235,N,VIIRS,n,2.0NRT,294.9,4.72,N
35.66729,43.96812,339.15,0.44,0.46,2026-06-27,2235,N,VIIRS,n,2.0NRT,299.38,4.53,N
35.66776,43.96324,315.6,0.44,0.46,2026-06-27,2235,N,VIIRS,n,2.0NRT,295.31,3.9,N
35.67907,44.06814,310.68,0.43,0.46,2026-06-27,2235,N,VIIRS,n,2.0NRT,297.47,2.52,N
35.68495,43.87592,327.06,0.44,0.46,2026-06-27,2235,N,VIIRS,n,2.0NRT,295.32,28.4,N
35.68876,43.88152,316.82,0.44,0.46,2026-06-27,2235,N,VIIRS,n,2.0NRT,296.12,13.49,N
35.68924,43.87659,339.15,0.44,0.46,2026-06-27,2235,N,VIIRS,n,2.0NRT,315.58,28.4,N
35.72494,44.04145,319.89,0.43,0.46,2026-06-27,2235,N,VIIRS,n,2.0NRT,295.47,3.73,N
35.72676,44.04262,331.85,0.43,0.46,2026-06-27,2235,N,VIIRS,n,2.0NRT,298.83,9.98,N
35.72722,44.03776,339.48,0.43,0.46,2026-06-27,2235,N,VIIRS,n,2.0NRT,298.12,12.59,N
35.72918,44.04218,354.58,0.43,0.46,2026-06-27,2235,N,VIIRS,n,2.0NRT,301.18,17.29,N
35.73018,44.03243,319.43,0.43,0.46,2026-06-27,2235,N,VIIRS,n,2.0NRT,294.53,2.05,N
35.73194,44.03362,337.05,0.43,0.46,2026-06-27,2235,N,VIIRS,n,2.0NRT,296.89,3.5,N
35.73442,44.03319,327.34,0.43,0.46,2026-06-27,2235,N,VIIRS,n,2.0NRT,297.05,2.05,N
35.76652,44.12162,305.57,0.43,0.46,2026-06-27,2235,N,VIIRS,n,2.0NRT,293.57,1.67,N
35.77453,43.99596,337.64,0.44,0.46,2026-06-27,2235,N,VIIRS,n,2.0NRT,297.58,5.44,N
35.95446,43.7259,318.75,0.45,0.47,2026-06-27,2235,N,VIIRS,n,2.0NRT,296.19,1.9,N
35.96962,43.76096,311.2,0.45,0.47,2026-06-27,2235,N,VIIRS,n,2.0NRT,297.65,5.52,N
35.97267,43.76479,308.74,0.45,0.47,2026-06-27,2235,N,VIIRS,n,2.0NRT,298.01,4.59,N
35.98221,43.76749,340.65,0.45,0.47,2026-06-27,2235,N,VIIRS,n,2.0NRT,301.25,7.76,N
36.00054,43.7597,340.51,0.45,0.47,2026-06-27,2235,N,VIIRS,n,2.0NRT,299.91,6.35,N
36.02131,43.6797,319.77,0.46,0.47,2026-06-27,2235,N,VIIRS,n,2.0NRT,296.84,2.55,N
36.10086,43.62871,312.57,0.46,0.47,2026-06-27,2235,N,VIIRS,n,2.0NRT,294.69,1.37,N
36.1347,40.80969,310.7,0.33,0.55,2026-06-27,2235,N,VIIRS,n,2.0NRT,296.04,1.09,N
36.14426,37.70093,303.92,0.49,0.65,2026-06-27,2235,N,VIIRS,n,2.0NRT,290.92,0.7,N
36.33778,43.28577,329.66,0.48,0.48,2026-06-27,2235,N,VIIRS,n,2.0NRT,293.62,4.37,N
36.34225,43.28644,335.55,0.48,0.48,2026-06-27,2235,N,VIIRS,n,2.0NRT,296.88,4.37,N
36.50802,39.06122,310.93,0.42,0.61,2026-06-27,2235,N,VIIRS,n,2.0NRT,290.92,1.43,N
36.70569,39.38671,306.2,0.4,0.6,2026-06-27,2235,N,VIIRS,n,2.0NRT,293.47,1.1,N
36.70802,39.38766,327.45,0.4,0.6,2026-06-27,2235,N,VIIRS,n,2.0NRT,294.15,2.01,N
36.7113,39.38726,316.69,0.4,0.6,2026-06-27,2235,N,VIIRS,n,2.0NRT,294.07,1.1,N
36.74461,39.0486,302.68,0.42,0.61,2026-06-27,2235,N,VIIRS,n,2.0NRT,292.41,0.95,N
36.74534,36.19772,313.12,0.6,0.71,2026-06-27,2235,N,VIIRS,n,2.0NRT,291.94,3.4,N
36.74593,39.04769,308.22,0.42,0.61,2026-06-27,2235,N,VIIRS,n,2.0NRT,292.46,0.86,N
36.74871,38.97587,314.09,0.42,0.61,2026-06-27,2235,N,VIIRS,n,2.0NRT,292.59,1.24,N
36.74877,43.49527,305.86,0.48,0.48,2026-06-27,2235,N,VIIRS,n,2.0NRT,294.59,2.89,N
36.74897,36.20137,302.13,0.6,0.71,2026-06-27,2235,N,VIIRS,n,2.0NRT,292.12,1.61,N
36.7492,36.19406,303.17,0.6,0.71,2026-06-27,2235,N,VIIRS,n,2.0NRT,292.22,1.61,N
36.7496,38.97485,320.27,0.42,0.61,2026-06-27,2235,N,VIIRS,n,2.0NRT,292.65,2.31,N
36.75033,39.04911,315.63,0.42,0.61,2026-06-27,2235,N,VIIRS,n,2.0NRT,292.88,0.95,N
36.75165,39.04823,302.57,0.42,0.61,2026-06-27,2235,N,VIIRS,n,2.0NRT,292.31,0.86,N
36.75445,38.97639,312.77,0.42,0.61,2026-06-27,2235,N,VIIRS,n,2.0NRT,292.63,1.24,N
36.76433,39.02497,341.11,0.42,0.61,2026-06-27,2235,N,VIIRS,n,2.0NRT,293.24,3.62,N
36.76458,39.02013,316.12,0.42,0.61,2026-06-27,2235,N,VIIRS,n,2.0NRT,292.37,3.62,N
36.76476,39.12701,302.5,0.41,0.61,2026-06-27,2235,N,VIIRS,n,2.0NRT,291.17,1.87,N
36.76502,39.1222,338.18,0.42,0.61,2026-06-27,2235,N,VIIRS,n,2.0NRT,292.48,4.3,N
36.77006,39.02549,325.29,0.42,0.61,2026-06-27,2235,N,VIIRS,n,2.0NRT,293.43,2.14,N
36.77031,39.02063,317.88,0.42,0.61,2026-06-27,2235,N,VIIRS,n,2.0NRT,292.63,2.14,N
36.77427,39.05509,309.14,0.42,0.61,2026-06-27,2235,N,VIIRS,n,2.0NRT,292.11,0.94,N
36.77452,39.05023,306.76,0.42,0.61,2026-06-27,2235,N,VIIRS,n,2.0NRT,292.13,0.94,N
36.77723,43.32619,338.66,0.49,0.48,2026-06-27,2235,N,VIIRS,n,2.0NRT,294.66,4.49,N
36.79064,39.07118,304.03,0.42,0.61,2026-06-27,2235,N,VIIRS,n,2.0NRT,292.13,0.65,N
36.79843,39.03291,311.37,0.42,0.61,2026-06-27,2235,N,VIIRS,n,2.0NRT,292.82,1.14,N
36.79869,39.02806,309.55,0.42,0.61,2026-06-27,2235,N,VIIRS,n,2.0NRT,292.64,1.74,N
36.80924,39.15059,341.48,0.41,0.61,2026-06-27,2235,N,VIIRS,n,2.0NRT,294.55,2.85,N
36.80951,39.14577,353.4,0.41,0.61,2026-06-27,2235,N,VIIRS,n,2.0NRT,294.77,10.21,N
36.81217,39.09744,312.27,0.42,0.61,2026-06-27,2235,N,VIIRS,n,2.0NRT,292.65,1.78,N
36.81243,39.09259,335.06,0.42,0.61,2026-06-27,2235,N,VIIRS,n,2.0NRT,292.89,1.78,N
36.8144,39.16073,310.02,0.41,0.61,2026-06-27,2235,N,VIIRS,n,2.0NRT,293.0,1.78,N
36.81467,39.15592,305.46,0.41,0.61,2026-06-27,2235,N,VIIRS,n,2.0NRT,291.87,2.85,N
36.81493,39.15111,314.18,0.41,0.61,2026-06-27,2235,N,VIIRS,n,2.0NRT,292.52,2.85,N
36.8168,39.11728,312.31,0.42,0.61,2026-06-27,2235,N,VIIRS,n,2.0NRT,292.08,1.27,N
36.81787,39.09794,302.91,0.42,0.61,2026-06-27,2235,N,VIIRS,n,2.0NRT,292.08,1.78,N
36.83331,39.02629,303.62,0.42,0.61,2026-06-27,2235,N,VIIRS,n,2.0NRT,292.66,0.9,N
36.83399,39.02699,304.33,0.42,0.61,2026-06-27,2235,N,VIIRS,n,2.0NRT,292.62,0.87,N
36.83823,39.04134,303.01,0.42,0.61,2026-06-27,2235,N,VIIRS,n,2.0NRT,292.29,0.5,N
36.839,39.04206,302.53,0.42,0.61,2026-06-27,2235,N,VIIRS,n,2.0NRT,291.92,0.37,N
36.84145,38.98302,305.25,0.42,0.61,2026-06-27,2235,N,VIIRS,n,2.0NRT,292.24,1.4,N
36.84172,38.97814,327.07,0.42,0.61,2026-06-27,2235,N,VIIRS,n,2.0NRT,293.06,1.4,N
36.84188,38.98363,304.96,0.42,0.61,2026-06-27,2235,N,VIIRS,n,2.0NRT,292.35,1.35,N
36.84205,39.07576,327.9,0.42,0.61,2026-06-27,2235,N,VIIRS,n,2.0NRT,292.96,2.08,N
36.84212,38.97874,326.04,0.42,0.61,2026-06-27,2235,N,VIIRS,n,2.0NRT,293.21,2.45,N
36.84303,39.07651,326.94,0.42,0.61,2026-06-27,2235,N,VIIRS,n,2.0NRT,292.81,3.18,N
36.85015,38.92985,303.11,0.43,0.62,2026-06-27,2235,N,VIIRS,n,2.0NRT,292.64,0.98,N
36.85042,38.92495,314.42,0.43,0.62,2026-06-27,2235,N,VIIRS,n,2.0NRT,292.87,1.84,N
36.85051,38.92556,308.64,0.43,0.62,2026-06-27,2235,N,VIIRS,n,2.0NRT,293.07,1.74,N
36.85603,38.93103,302.93,0.43,0.62,2026-06-27,2235,N,VIIRS,n,2.0NRT,291.64,0.91,N
36.85618,38.92547,310.5,0.43,0.62,2026-06-27,2235,N,VIIRS,n,2.0NRT,292.44,1.3,N
36.85627,38.92611,315.46,0.43,0.62,2026-06-27,2235,N,VIIRS,n,2.0NRT,292.38,0.91,N
36.87579,39.10872,333.68,0.42,0.61,2026-06-27,2235,N,VIIRS,n,2.0NRT,293.65,3.25,N
36.87584,38.99656,302.84,0.42,0.61,2026-06-27,2235,N,VIIRS,n,2.0NRT,291.43,0.27,N
36.88457,38.93845,346.42,0.43,0.62,2026-06-27,2235,N,VIIRS,n,2.0NRT,293.76,6.4,N
36.88482,38.93356,338.11,0.43,0.62,2026-06-27,2235,N,VIIRS,n,2.0NRT,293.66,8.38,N
36.89204,43.4298,315.24,0.48,0.48,2026-06-27,2235,N,VIIRS,n,2.0NRT,288.19,1.47,N
36.89251,43.42446,297.42,0.48,0.48,2026-06-27,2235,N,VIIRS,n,2.0NRT,284.26,1.47,N
36.91798,41.89644,306.18,0.58,0.52,2026-06-27,2235,N,VIIRS,n,2.0NRT,294.79,1.51,N
36.9288,38.97676,306.55,0.42,0.61,2026-06-27,2235,N,VIIRS,n,2.0NRT,291.66,0.9,N
36.93356,38.99208,306.02,0.42,0.61,2026-06-27,2235,N,VIIRS,n,2.0NRT,292.61,1.01,N
36.93376,38.99194,308.9,0.42,0.61,2026-06-27,2235,N,VIIRS,n,2.0NRT,292.52,0.91,N
36.9431,39.03204,303.88,0.42,0.61,2026-06-27,2235,N,VIIRS,n,2.0NRT,291.44,0.28,N
36.94352,42.17365,317.33,0.57,0.52,2026-06-27,2235,N,VIIRS,n,2.0NRT,295.85,2.75,N
36.94401,42.16722,314.88,0.57,0.52,2026-06-27,2235,N,VIIRS,n,2.0NRT,295.37,2.75,N
36.94511,42.17265,328.25,0.56,0.52,2026-06-27,2235,N,VIIRS,n,2.0NRT,296.01,3.5,N
36.94689,42.12874,319.64,0.57,0.52,2026-06-27,2235,N,VIIRS,n,2.0NRT,295.56,3.2,N
36.94823,42.13424,306.7,0.57,0.52,2026-06-27,2235,N,VIIRS,n,2.0NRT,294.79,1.86,N
36.94876,42.12782,311.76,0.57,0.52,2026-06-27,2235,N,VIIRS,n,2.0NRT,295.16,2.81,N
36.94983,39.01326,307.29,0.42,0.61,2026-06-27,2235,N,VIIRS,n,2.0NRT,292.0,1.41,N
36.94991,39.01304,310.87,0.42,0.61,2026-06-27,2235,N,VIIRS,n,2.0NRT,291.92,0.81,N
36.95007,39.00837,315.12,0.42,0.61,2026-06-27,2235,N,VIIRS,n,2.0NRT,291.41,1.41,N
36.95564,39.01356,327.41,0.42,0.61,2026-06-27,2235,N,VIIRS,n,2.0NRT,293.77,2.35,N
36.95581,39.00891,319.96,0.42,0.61,2026-06-27,2235,N,VIIRS,n,2.0NRT,293.28,2.36,N
36.95592,39.00867,305.56,0.42,0.61,2026-06-27,2235,N,VIIRS,n,2.0NRT,292.4,2.42,N
36.96336,39.08781,304.71,0.42,0.61,2026-06-27,2235,N,VIIRS,n,2.0NRT,292.3,0.78,N
36.96508,39.05384,349.2,0.42,0.61,2026-06-27,2235,N,VIIRS,n,2.0NRT,293.46,6.7,N
36.96533,39.04899,345.45,0.42,0.61,2026-06-27,2235,N,VIIRS,n,2.0NRT,293.62,6.7,N
36.96698,42.08356,311.59,0.57,0.52,2026-06-27,2235,N,VIIRS,n,2.0NRT,295.16,1.36,N
36.98201,39.06028,302.0,0.42,0.61,2026-06-27,2235,N,VIIRS,n,2.0NRT,291.62,0.72,N
36.98236,40.35537,334.49,0.36,0.57,2026-06-27,2235,N,VIIRS,n,2.0NRT,294.6,2.35,N
36.98261,40.35129,316.04,0.36,0.57,2026-06-27,2235,N,VIIRS,n,2.0NRT,293.27,2.35,N
36.98341,40.35208,353.82,0.36,0.57,2026-06-27,2235,N,VIIRS,n,2.0NRT,295.46,4.78,N
36.98576,38.98706,322.47,0.42,0.61,2026-06-27,2235,N,VIIRS,n,2.0NRT,292.44,1.9,N
36.98769,40.35595,303.78,0.36,0.57,2026-06-27,2235,N,VIIRS,n,2.0NRT,292.8,0.47,N
36.98794,40.35187,303.36,0.36,0.57,2026-06-27,2235,N,VIIRS,n,2.0NRT,292.92,0.47,N
36.98848,39.04626,311.43,0.42,0.61,2026-06-27,2235,N,VIIRS,n,2.0NRT,292.51,1.11,N
36.99125,38.99253,310.75,0.42,0.61,2026-06-27,2235,N,VIIRS,n,2.0NRT,292.11,5.76,N
36.9915,38.98761,367.0,0.42,0.61,2026-06-27,2235,N,VIIRS,h,2.0NRT,298.07,16.4,N
36.99376,38.94335,344.14,0.43,0.62,2026-06-27,2235,N,VIIRS,n,2.0NRT,292.88,9.42,N
36.99401,38.93842,367.0,0.43,0.62,2026-06-27,2235,N,VIIRS,h,2.0NRT,296.13,16.67,N
37.02641,38.87199,318.68,0.43,0.62,2026-06-27,2235,N,VIIRS,n,2.0NRT,292.4,1.5,N
37.03733,40.50112,308.96,0.35,0.57,2026-06-27,2235,N,VIIRS,n,2.0NRT,293.01,0.62,N
37.03746,38.88284,312.74,0.43,0.62,2026-06-27,2235,N,VIIRS,n,2.0NRT,291.31,1.51,N
37.03798,38.87301,305.55,0.43,0.62,2026-06-27,2235,N,VIIRS,n,2.0NRT,291.8,0.55,N
37.04263,40.50163,331.77,0.35,0.57,2026-06-27,2235,N,VIIRS,n,2.0NRT,294.49,1.97,N
37.04463,38.88608,305.09,0.43,0.62,2026-06-27,2235,N,VIIRS,n,2.0NRT,291.21,0.26,N
37.07969,38.99893,312.01,0.42,0.61,2026-06-27,2235,N,VIIRS,n,2.0NRT,292.39,1.09,N
37.08018,38.98899,327.34,0.42,0.61,2026-06-27,2235,N,VIIRS,n,2.0NRT,292.61,3.69,N
37.08043,38.98403,303.37,0.42,0.61,2026-06-27,2235,N,VIIRS,n,2.0NRT,290.98,2.36,N
37.09013,38.90535,305.99,0.43,0.62,2026-06-27,2235,N,VIIRS,n,2.0NRT,291.96,0.97,N
37.09141,39.1078,322.27,0.42,0.61,2026-06-27,2235,N,VIIRS,n,2.0NRT,293.83,1.42,N
37.09543,39.02986,311.5,0.42,0.61,2026-06-27,2235,N,VIIRS,n,2.0NRT,292.77,0.84,N
37.12117,39.75964,315.37,0.39,0.59,2026-06-27,2235,N,VIIRS,n,2.0NRT,292.21,1.21,N
37.12142,39.75517,305.54,0.39,0.59,2026-06-27,2235,N,VIIRS,n,2.0NRT,292.25,1.21,N
37.12222,38.95835,335.41,0.43,0.62,2026-06-27,2235,N,VIIRS,n,2.0NRT,292.75,2.26,N
37.12222,39.76073,315.18,0.39,0.59,2026-06-27,2235,N,VIIRS,n,2.0NRT,292.11,1.31,N
37.12248,38.95342,306.27,0.43,0.62,2026-06-27,2235,N,VIIRS,n,2.0NRT,291.64,2.26,N
37.12249,39.75627,309.03,0.39,0.59,2026-06-27,2235,N,VIIRS,n,2.0NRT,292.1,1.31,N
37.12427,38.91875,301.75,0.43,0.62,2026-06-27,2235,N,VIIRS,n,2.0NRT,290.99,1.03,N
37.12617,38.99346,327.08,0.42,0.61,2026-06-27,2235,N,VIIRS,n,2.0NRT,293.07,2.79,N
37.12798,38.95894,327.46,0.43,0.62,2026-06-27,2235,N,VIIRS,n,2.0NRT,293.44,2.26,N
37.12823,38.95401,303.96,0.43,0.62,2026-06-27,2235,N,VIIRS,n,2.0NRT,292.8,2.26,N
37.13529,38.9299,318.57,0.43,0.62,2026-06-27,2235,N,VIIRS,n,2.0NRT,292.99,1.51,N
37.13788,38.88,322.92,0.43,0.62,2026-06-27,2235,N,VIIRS,n,2.0NRT,292.79,1.95,N
37.14274,42.37726,320.88,0.55,0.51,2026-06-27,2235,N,VIIRS,n,2.0NRT,292.9,6.25,N
37.14327,42.37085,315.39,0.55,0.51,2026-06-27,2235,N,VIIRS,n,2.0NRT,291.22,4.47,N
37.14591,42.33885,304.36,0.56,0.51,2026-06-27,2235,N,VIIRS,n,2.0NRT,291.68,0.57,N
37.14733,42.38224,321.43,0.55,0.51,2026-06-27,2235,N,VIIRS,n,2.0NRT,292.95,5.4,N
37.14751,42.37776,350.2,0.55,0.51,2026-06-27,2235,N,VIIRS,n,2.0NRT,293.94,6.25,N
37.14782,42.37585,324.02,0.55,0.51,2026-06-27,2235,N,VIIRS,n,2.0NRT,291.28,5.4,N
37.15026,42.34385,304.57,0.56,0.51,2026-06-27,2235,N,VIIRS,n,2.0NRT,291.62,0.31,N
37.15209,42.38286,346.02,0.55,0.51,2026-06-27,2235,N,VIIRS,n,2.0NRT,293.8,5.4,N
37.16232,39.71915,303.13,0.39,0.59,2026-06-27,2235,N,VIIRS,n,2.0NRT,290.32,1.0,N
37.16257,39.71466,313.12,0.39,0.59,2026-06-27,2235,N,VIIRS,n,2.0NRT,289.75,1.0,N
37.20064,42.55529,304.3,0.54,0.51,2026-06-27,2235,N,VIIRS,n,2.0NRT,291.95,0.93,N
37.20115,42.54912,304.22,0.54,0.51,2026-06-27,2235,N,VIIRS,n,2.0NRT,292.57,0.93,N
37.27034,40.68503,325.55,0.34,0.56,2026-06-27,2235,N,VIIRS,n,2.0NRT,294.95,2.43,N
37.27503,40.6895,333.99,0.34,0.56,2026-06-27,2235,N,VIIRS,n,2.0NRT,294.62,2.51,N
37.27749,42.36688,318.63,0.56,0.51,2026-06-27,2235,N,VIIRS,n,2.0NRT,292.41,2.39,N
37.28175,42.37404,326.58,0.56,0.51,2026-06-27,2235,N,VIIRS,n,2.0NRT,292.55,4.57,N
37.28226,42.3676,346.02,0.56,0.51,2026-06-27,2235,N,VIIRS,n,2.0NRT,295.44,5.35,N
37.28276,42.36115,308.94,0.56,0.51,2026-06-27,2235,N,VIIRS,n,2.0NRT,292.16,5.35,N
37.28652,42.37478,339.16,0.56,0.51,2026-06-27,2235,N,VIIRS,n,2.0NRT,293.76,4.57,N
37.28702,42.36832,318.29,0.56,0.51,2026-06-27,2235,N,VIIRS,n,2.0NRT,292.4,5.35,N
37.28752,42.36185,303.06,0.56,0.51,2026-06-27,2235,N,VIIRS,n,2.0NRT,292.46,5.35,N
37.34964,37.15779,302.43,0.54,0.68,2026-06-27,2235,N,VIIRS,n,2.0NRT,291.81,1.12,N
37.36964,40.77478,301.79,0.34,0.56,2026-06-27,2235,N,VIIRS,n,2.0NRT,291.52,0.36,N
37.82557,38.22281,315.52,0.48,0.64,2026-06-27,2235,N,VIIRS,n,2.0NRT,291.77,2.72,N
37.82864,38.22067,326.53,0.47,0.64,2026-06-27,2235,N,VIIRS,n,2.0NRT,292.15,2.5,N
37.82887,38.21569,304.69,0.48,0.64,2026-06-27,2235,N,VIIRS,n,2.0NRT,291.44,2.08,N
35.97122,43.77015,306.68,0.79,0.78,2026-06-28,16,N,VIIRS,n,2.0NRT,292.33,3.4,N
35.97409,43.76131,307.45,0.79,0.78,2026-06-28,16,N,VIIRS,n,2.0NRT,292.83,3.97,N
35.98066,43.76548,314.51,0.79,0.78,2026-06-28,16,N,VIIRS,n,2.0NRT,293.02,2.83,N
35.98259,43.76463,328.87,0.79,0.78,2026-06-28,16,N,VIIRS,n,2.0NRT,293.13,6.45,N
35.98734,43.76935,313.33,0.79,0.78,2026-06-28,16,N,VIIRS,n,2.0NRT,292.26,2.83,N
35.99683,43.76449,304.56,0.79,0.78,2026-06-28,16,N,VIIRS,n,2.0NRT,290.85,2.07,N
35.99882,43.76357,303.55,0.78,0.78,2026-06-28,16,N,VIIRS,n,2.0NRT,290.71,1.76,N
35.99961,43.75589,311.36,0.78,0.78,2026-06-28,16,N,VIIRS,n,2.0NRT,291.79,3.19,N
36.00164,43.75499,312.8,0.78,0.78,2026-06-28,16,N,VIIRS,n,2.0NRT,291.91,1.76,N
36.01963,43.67628,312.3,0.78,0.78,2026-06-28,16,N,VIIRS,n,2.0NRT,291.75,2.37,N
36.02403,43.68028,305.54,0.78,0.78,2026-06-28,16,N,VIIRS,n,2.0NRT,291.91,2.17,N
36.13905,37.69588,306.45,0.38,0.59,2026-06-28,16,N,VIIRS,n,2.0NRT,288.03,0.93,N
36.33924,43.28157,301.17,0.73,0.76,2026-06-28,16,N,VIIRS,n,2.0NRT,289.72,0.75,N
36.34589,43.28481,310.09,0.73,0.76,2026-06-28,16,N,VIIRS,n,2.0NRT,291.68,1.97,N
36.38057,36.43985,303.15,0.32,0.55,2026-06-28,16,N,VIIRS,n,2.0NRT,292.57,0.43,N
36.51001,39.06684,312.47,0.44,0.62,2026-06-28,16,N,VIIRS,n,2.0NRT,291.67,1.57,N
36.51094,39.06366,311.3,0.44,0.62,2026-06-28,16,N,VIIRS,n,2.0NRT,291.26,1.12,N
36.64638,32.8423,305.14,0.41,0.45,2026-06-28,16,N,VIIRS,n,2.0NRT,289.96,0.79,N
36.71109,39.39269,307.56,0.45,0.63,2026-06-28,16,N,VIIRS,n,2.0NRT,291.92,1.14,N
36.74856,36.19984,321.56,0.61,0.54,2026-06-28,16,N,VIIRS,n,2.0NRT,294.81,5.04,N
36.75179,38.97767,311.35,0.43,0.62,2026-06-28,16,N,VIIRS,n,2.0NRT,292.14,0.82,N
36.76358,39.02782,322.95,0.43,0.62,2026-06-28,16,N,VIIRS,n,2.0NRT,291.96,1.91,N
36.76758,39.03191,303.01,0.43,0.62,2026-06-28,16,N,VIIRS,n,2.0NRT,292.26,2.8,N
36.76886,39.02719,342.31,0.43,0.62,2026-06-28,16,N,VIIRS,n,2.0NRT,293.92,2.8,N
36.76906,39.03017,324.34,0.43,0.62,2026-06-28,16,N,VIIRS,n,2.0NRT,292.77,1.91,N
36.77038,39.02546,312.58,0.43,0.62,2026-06-28,16,N,VIIRS,n,2.0NRT,292.13,1.91,N
36.77192,39.04196,314.0,0.43,0.62,2026-06-28,16,N,VIIRS,n,2.0NRT,291.92,1.53,N
36.77741,39.0443,318.32,0.43,0.62,2026-06-28,16,N,VIIRS,n,2.0NRT,292.47,1.53,N
36.77948,43.31639,337.68,0.71,0.75,2026-06-28,16,N,VIIRS,n,2.0NRT,291.26,5.95,N
36.7868,39.14339,337.35,0.44,0.62,2026-06-28,16,N,VIIRS,n,2.0NRT,292.18,3.66,N
36.79233,39.14572,312.11,0.44,0.62,2026-06-28,16,N,VIIRS,n,2.0NRT,291.51,1.25,N
36.79909,39.03253,324.23,0.43,0.62,2026-06-28,16,N,VIIRS,n,2.0NRT,292.58,2.68,N
36.8144,39.15512,332.0,0.44,0.62,2026-06-28,16,N,VIIRS,n,2.0NRT,292.41,3.37,N
36.81532,39.15622,327.94,0.44,0.62,2026-06-28,16,N,VIIRS,n,2.0NRT,292.22,2.66,N
36.81799,39.11972,306.04,0.43,0.62,2026-06-28,16,N,VIIRS,n,2.0NRT,291.53,0.55,N
36.84193,39.07736,332.9,0.43,0.62,2026-06-28,16,N,VIIRS,n,2.0NRT,292.57,2.83,N
36.84328,38.98328,309.97,0.43,0.62,2026-06-28,16,N,VIIRS,n,2.0NRT,291.01,1.28,N
36.8433,39.07867,333.01,0.43,0.62,2026-06-28,16,N,VIIRS,n,2.0NRT,291.9,2.55,N
36.88259,38.93843,304.59,0.42,0.61,2026-06-28,16,N,VIIRS,n,2.0NRT,290.23,0.82,N
36.88589,38.93896,312.24,0.42,0.61,2026-06-28,16,N,VIIRS,n,2.0NRT,290.45,1.08,N
36.88803,38.94077,302.03,0.42,0.61,2026-06-28,16,N,VIIRS,n,2.0NRT,290.09,0.44,N
36.89563,43.42401,307.98,0.72,0.75,2026-06-28,16,N,VIIRS,n,2.0NRT,284.74,3.87,N
36.90205,38.97805,302.8,0.42,0.61,2026-06-28,16,N,VIIRS,n,2.0NRT,289.77,0.96,N
36.93349,38.30569,300.88,0.39,0.59,2026-06-28,16,N,VIIRS,n,2.0NRT,289.73,0.95,N
36.93653,38.31511,307.75,0.39,0.59,2026-06-28,16,N,VIIRS,n,2.0NRT,289.52,0.76,N
36.93762,38.31222,311.5,0.39,0.59,2026-06-28,16,N,VIIRS,n,2.0NRT,290.26,1.96,N
36.9377,38.31084,316.16,0.39,0.59,2026-06-28,16,N,VIIRS,n,2.0NRT,290.03,0.76,N
36.93877,38.3079,309.15,0.39,0.59,2026-06-28,16,N,VIIRS,n,2.0NRT,289.61,0.95,N
36.94053,39.01542,313.68,0.43,0.62,2026-06-28,16,N,VIIRS,n,2.0NRT,291.1,1.73,N
36.9438,42.16518,328.14,0.62,0.71,2026-06-28,16,N,VIIRS,n,2.0NRT,293.65,3.16,N
36.94598,39.01776,313.56,0.43,0.62,2026-06-28,16,N,VIIRS,n,2.0NRT,291.99,1.73,N
36.94687,42.16978,312.58,0.62,0.71,2026-06-28,16,N,VIIRS,n,2.0NRT,293.17,1.49,N
36.94716,42.12284,308.18,0.61,0.71,2026-06-28,16,N,VIIRS,n,2.0NRT,293.0,1.92,N
36.94807,42.12782,327.51,0.61,0.71,2026-06-28,16,N,VIIRS,n,2.0NRT,293.97,3.23,N
36.95008,42.12122,303.97,0.61,0.71,2026-06-28,16,N,VIIRS,n,2.0NRT,292.68,3.05,N
36.95338,42.12587,320.75,0.61,0.71,2026-06-28,16,N,VIIRS,n,2.0NRT,293.79,1.92,N
36.96766,42.08004,306.8,0.61,0.71,2026-06-28,16,N,VIIRS,n,2.0NRT,292.72,0.9,N
36.97037,42.07821,305.25,0.61,0.71,2026-06-28,16,N,VIIRS,n,2.0NRT,293.0,1.0,N
36.99131,38.99279,298.82,0.42,0.61,2026-06-28,16,N,VIIRS,n,2.0NRT,288.46,0.45,N
36.99334,38.94194,306.63,0.42,0.61,2026-06-28,16,N,VIIRS,n,2.0NRT,291.55,2.09,N
36.99463,38.93733,319.3,0.42,0.61,2026-06-28,16,N,VIIRS,n,2.0NRT,290.65,2.77,N
36.99738,38.94118,367.0,0.42,0.61,2026-06-28,16,N,VIIRS,h,2.0NRT,296.16,7.85,N
36.99863,38.93655,318.84,0.42,0.61,2026-06-28,16,N,VIIRS,n,2.0NRT,291.28,7.85,N
36.99877,38.94425,319.42,0.42,0.61,2026-06-28,16,N,VIIRS,n,2.0NRT,292.07,5.3,N
37.00006,38.93964,367.0,0.42,0.61,2026-06-28,16,N,VIIRS,h,2.0NRT,295.52,10.76,N
37.00877,38.5262,346.73,0.4,0.6,2026-06-28,16,N,VIIRS,n,2.0NRT,293.51,4.32,N
37.00961,38.52536,351.01,0.4,0.6,2026-06-28,16,N,VIIRS,n,2.0NRT,293.59,3.84,N
37.01417,38.52817,333.3,0.4,0.6,2026-06-28,16,N,VIIRS,n,2.0NRT,293.53,2.53,N
37.01501,38.52733,320.27,0.4,0.6,2026-06-28,16,N,VIIRS,n,2.0NRT,292.8,3.84,N
37.04094,38.87981,308.41,0.42,0.61,2026-06-28,16,N,VIIRS,n,2.0NRT,289.82,0.78,N
37.07528,38.99726,341.7,0.42,0.61,2026-06-28,16,N,VIIRS,n,2.0NRT,293.0,4.08,N
37.07779,38.98812,311.75,0.42,0.61,2026-06-28,16,N,VIIRS,n,2.0NRT,289.64,3.17,N
37.08297,38.90288,322.03,0.42,0.61,2026-06-28,16,N,VIIRS,n,2.0NRT,291.64,2.31,N
37.09253,38.9121,308.36,0.42,0.61,2026-06-28,16,N,VIIRS,n,2.0NRT,290.52,0.44,N
37.10587,39.09482,313.2,0.43,0.62,2026-06-28,16,N,VIIRS,n,2.0NRT,292.55,1.96,N
37.10717,39.09012,345.57,0.43,0.62,2026-06-28,16,N,VIIRS,n,2.0NRT,295.11,1.96,N
37.11265,39.09238,304.6,0.43,0.62,2026-06-28,16,N,VIIRS,n,2.0NRT,292.02,1.96,N
37.12046,38.96501,311.37,0.42,0.61,2026-06-28,16,N,VIIRS,n,2.0NRT,290.59,1.39,N
37.12172,38.96038,308.57,0.42,0.61,2026-06-28,16,N,VIIRS,n,2.0NRT,290.29,1.55,N
37.12436,38.96257,327.76,0.42,0.61,2026-06-28,16,N,VIIRS,n,2.0NRT,291.79,2.11,N
37.12661,38.93267,356.25,0.42,0.61,2026-06-28,16,N,VIIRS,n,2.0NRT,291.97,6.48,N
37.12789,38.92808,356.44,0.42,0.61,2026-06-28,16,N,VIIRS,n,2.0NRT,291.99,9.01,N
37.12924,38.93264,367.0,0.42,0.61,2026-06-28,16,N,VIIRS,h,2.0NRT,298.68,12.41,N
37.13049,38.92803,303.35,0.42,0.61,2026-06-28,16,N,VIIRS,n,2.0NRT,290.97,12.41,N
37.13204,38.93492,328.26,0.42,0.61,2026-06-28,16,N,VIIRS,n,2.0NRT,291.32,6.48,N
37.13332,38.93032,321.92,0.42,0.61,2026-06-28,16,N,VIIRS,n,2.0NRT,291.75,9.01,N
37.13515,38.88016,302.82,0.41,0.61,2026-06-28,16,N,VIIRS,n,2.0NRT,291.06,0.72,N
37.13625,38.88451,307.56,0.41,0.61,2026-06-28,16,N,VIIRS,n,2.0NRT,291.01,1.0,N
37.14645,42.36958,341.57,0.62,0.72,2026-06-28,16,N,VIIRS,n,2.0NRT,290.3,7.64,N
37.14868,42.37236,367.0,0.62,0.72,2026-06-28,16,N,VIIRS,h,2.0NRT,291.99,11.29,N
37.15274,42.37256,337.27,0.62,0.72,2026-06-28,16,N,VIIRS,n,2.0NRT,290.59,5.81,N
37.16739,39.78572,306.76,0.46,0.64,2026-06-28,16,N,VIIRS,n,2.0NRT,291.78,1.38,N
37.1678,39.71739,326.92,0.46,0.63,2026-06-28,16,N,VIIRS,n,2.0NRT,290.33,2.5,N
37.16885,39.78056,322.6,0.46,0.64,2026-06-28,16,N,VIIRS,n,2.0NRT,292.0,1.38,N
37.17318,39.76524,311.65,0.46,0.63,2026-06-28,16,N,VIIRS,n,2.0NRT,292.45,1.3,N
37.17877,39.76783,310.57,0.46,0.63,2026-06-28,16,N,VIIRS,n,2.0NRT,292.33,1.15,N
37.19641,42.5488,329.27,0.63,0.72,2026-06-28,16,N,VIIRS,n,2.0NRT,290.04,4.31,N
37.19863,42.54173,303.57,0.63,0.72,2026-06-28,16,N,VIIRS,n,2.0NRT,289.49,4.27,N
37.19891,42.55085,312.24,0.63,0.72,2026-06-28,16,N,VIIRS,n,2.0NRT,289.5,2.88,N
37.20109,42.54374,321.64,0.63,0.72,2026-06-28,16,N,VIIRS,n,2.0NRT,289.81,2.88,N
37.25237,30.44268,303.09,0.47,0.4,2026-06-28,16,N,VIIRS,n,2.0NRT,289.79,1.01,N
37.25594,30.44388,307.04,0.47,0.4,2026-06-28,16,N,VIIRS,n,2.0NRT,291.34,0.56,N
37.26573,39.72239,320.03,0.45,0.63,2026-06-28,16,N,VIIRS,n,2.0NRT,292.13,1.48,N
37.27134,39.72477,315.63,0.45,0.63,2026-06-28,16,N,VIIRS,n,2.0NRT,292.9,1.48,N
37.27704,42.36009,306.9,0.62,0.71,2026-06-28,16,N,VIIRS,n,2.0NRT,289.95,1.57,N
37.28129,42.36958,309.94,0.62,0.71,2026-06-28,16,N,VIIRS,n,2.0NRT,290.08,4.48,N
37.28336,42.36291,367.0,0.62,0.71,2026-06-28,16,N,VIIRS,h,2.0NRT,293.28,6.86,N
37.28542,42.35625,314.24,0.62,0.71,2026-06-28,16,N,VIIRS,n,2.0NRT,290.18,6.86,N
37.28968,42.3657,306.52,0.62,0.71,2026-06-28,16,N,VIIRS,n,2.0NRT,289.67,6.86,N
37.29527,37.15783,312.72,0.33,0.56,2026-06-28,16,N,VIIRS,n,2.0NRT,294.15,1.37,N
37.35427,37.16205,303.81,0.33,0.56,2026-06-28,16,N,VIIRS,n,2.0NRT,293.03,1.25,N
37.66908,39.01946,306.1,0.41,0.6,2026-06-28,16,N,VIIRS,n,2.0NRT,290.43,1.86,N
37.67447,39.02168,338.26,0.41,0.6,2026-06-28,16,N,VIIRS,n,2.0NRT,290.15,2.25,N
37.6757,39.01724,309.24,0.41,0.6,2026-06-28,16,N,VIIRS,n,2.0NRT,289.26,2.25,N
38.25474,26.34183,315.12,0.38,0.36,2026-06-28,16,N,VIIRS,n,2.0NRT,296.54,1.61,N
38.36011,38.23373,298.73,0.36,0.57,2026-06-28,16,N,VIIRS,n,2.0NRT,282.92,0.21,N
38.42646,27.21667,318.02,0.39,0.36,2026-06-28,16,N,VIIRS,n,2.0NRT,297.16,2.11,N
38.45827,38.72387,300.76,0.38,0.58,2026-06-28,16,N,VIIRS,n,2.0NRT,289.64,0.64,N
38.59091,26.93854,317.28,0.38,0.36,2026-06-28,16,N,VIIRS,n,2.0NRT,294.01,1.44,N
38.63459,39.29015,308.92,0.4,0.6,2026-06-28,16,N,VIIRS,n,2.0NRT,287.17,0.78,N
38.72556,26.94172,306.03,0.38,0.36,2026-06-28,16,N,VIIRS,n,2.0NRT,294.44,0.37,N
38.73097,26.92942,315.99,0.38,0.36,2026-06-28,16,N,VIIRS,n,2.0NRT,294.59,1.0,N
38.73872,26.94519,311.28,0.38,0.36,2026-06-28,16,N,VIIRS,n,2.0NRT,297.33,1.52,N
38.74084,26.93201,316.63,0.38,0.36,2026-06-28,16,N,VIIRS,n,2.0NRT,296.01,2.21,N
38.7413,26.95045,310.62,0.38,0.36,2026-06-28,16,N,VIIRS,n,2.0NRT,296.44,1.17,N
38.74413,26.93288,318.69,0.38,0.36,2026-06-28,16,N,VIIRS,n,2.0NRT,294.72,1.5,N
38.7453,26.94692,308.71,0.38,0.36,2026-06-28,16,N,VIIRS,n,2.0NRT,295.24,1.17,N
38.7533,26.93986,309.47,0.38,0.36,2026-06-28,16,N,VIIRS,n,2.0NRT,295.04,0.53,N
39.09237,27.5145,312.14,0.39,0.36,2026-06-28,16,N,VIIRS,n,2.0NRT,293.11,1.06,N
39.0931,27.51006,306.31,0.39,0.36,2026-06-28,16,N,VIIRS,n,2.0NRT,292.55,1.06,N
39.11469,27.5252,303.52,0.39,0.36,2026-06-28,16,N,VIIRS,n,2.0NRT,292.48,0.53,N
39.11543,27.52079,304.31,0.39,0.36,2026-06-28,16,N,VIIRS,n,2.0NRT,292.49,1.04,N
39.16886,27.63087,310.35,0.39,0.36,2026-06-28,16,N,VIIRS,n,2.0NRT,293.35,1.07,N
39.18354,27.50054,309.83,0.39,0.36,2026-06-28,16,N,VIIRS,n,2.0NRT,293.72,0.9,N
39.48553,30.04337,303.15,0.43,0.38,2026-06-28,16,N,VIIRS,n,2.0NRT,287.46,0.5,N
39.60958,27.88039,303.72,0.39,0.36,2026-06-28,16,N,VIIRS,n,2.0NRT,292.73,0.58,N
39.74519,30.1967,300.35,0.43,0.38,2026-06-28,16,N,VIIRS,n,2.0NRT,286.85,0.52,N
39.86645,26.24614,326.3,0.39,0.36,2026-06-28,16,N,VIIRS,n,2.0NRT,296.25,2.84,N
39.90018,28.87049,310.99,0.4,0.37,2026-06-28,16,N,VIIRS,n,2.0NRT,286.94,0.96,N
39.94602,33.19045,308.22,0.56,0.43,2026-06-28,16,N,VIIRS,n,2.0NRT,287.71,1.73,N
40.01645,27.00664,302.52,0.38,0.36,2026-06-28,16,N,VIIRS,n,2.0NRT,291.9,0.58,N
40.01849,27.00494,305.22,0.38,0.36,2026-06-28,16,N,VIIRS,n,2.0NRT,292.74,0.67,N
40.18755,29.22366,305.55,0.4,0.37,2026-06-28,16,N,VIIRS,n,2.0NRT,292.31,0.7,N
40.44276,27.13743,320.07,0.38,0.36,2026-06-28,16,N,VIIRS,n,2.0NRT,294.16,2.19,N
40.75655,29.75972,305.14,0.41,0.37,2026-06-28,16,N,VIIRS,n,2.0NRT,293.82,1.81,N
40.75829,31.78342,299.81,0.47,0.4,2026-06-28,16,N,VIIRS,n,2.0NRT,286.15,1.08,N
40.78166,29.60085,309.06,0.41,0.37,2026-06-28,16,N,VIIRS,n,2.0NRT,294.95,1.04,N
40.94821,31.39667,298.1,0.45,0.39,2026-06-28,16,N,VIIRS,n,2.0NRT,287.46,0.56,N
41.01966,28.55402,326.89,0.39,0.36,2026-06-28,16,N,VIIRS,n,2.0NRT,295.42,1.77,N
41.17727,32.63875,310.81,0.5,0.41,2026-06-28,16,N,VIIRS,n,2.0NRT,289.25,1.51,N
41.18096,32.63997,304.61,0.5,0.41,2026-06-28,16,N,VIIRS,n,2.0NRT,291.07,1.51,N
41.18416,32.64063,299.73,0.5,0.41,2026-06-28,16,N,VIIRS,n,2.0NRT,288.44,1.75,N
41.18465,32.64117,300.6,0.5,0.41,2026-06-28,16,N,VIIRS,n,2.0NRT,288.75,1.65,N
41.1943,32.63245,299.97,0.5,0.41,2026-06-28,16,N,VIIRS,n,2.0NRT,288.63,1.25,N
41.19547,32.62671,298.3,0.5,0.41,2026-06-28,16,N,VIIRS,n,2.0NRT,287.71,0.9,N
41.2429,36.46472,320.59,0.49,0.49,2026-06-28,16,N,VIIRS,n,2.0NRT,291.03,3.15,N
41.25825,31.41694,319.3,0.45,0.39,2026-06-28,16,N,VIIRS,n,2.0NRT,291.37,2.48,N
41.26321,31.42989,302.41,0.45,0.39,2026-06-28,16,N,VIIRS,n,2.0NRT,292.19,1.57,N
41.26673,31.43108,303.5,0.45,0.39,2026-06-28,16,N,VIIRS,n,2.0NRT,293.06,0.99,N
41.26775,31.42581,311.38,0.45,0.39,2026-06-28,16,N,VIIRS,n,2.0NRT,292.72,0.99,N
41.27024,31.43225,303.63,0.45,0.39,2026-06-28,16,N,VIIRS,n,2.0NRT,291.32,0.99,N
41.63002,27.68736,301.25,0.38,0.36,2026-06-28,16,N,VIIRS,n,2.0NRT,289.58,0.77,N
41.63776,27.50797,301.94,0.38,0.36,2026-06-28,16,N,VIIRS,n,2.0NRT,290.87,0.52,N
41.7992,26.70271,306.71,0.39,0.36,2026-06-28,16,N,VIIRS,n,2.0NRT,291.43,0.77,N
35.88669,38.09492,346.99,0.63,0.54,2026-06-28,956,N,VIIRS,n,2.0NRT,315.3,5.19,D
35.8968,38.72412,342.1,0.58,0.52,2026-06-28,956,N,VIIRS,n,2.0NRT,314.41,5.08,D
35.90447,37.03299,367.0,0.36,0.57,2026-06-28,956,N,VIIRS,h,2.0NRT,313.37,9.08,D
35.943,37.0523,346.55,0.35,0.57,2026-06-28,956,N,VIIRS,n,2.0NRT,311.24,3.2,D
35.97417,37.08709,342.79,0.35,0.57,2026-06-28,956,N,VIIRS,n,2.0NRT,310.78,2.56,D
36.09476,37.54571,367.0,0.33,0.55,2026-06-28,956,N,VIIRS,h,2.0NRT,316.52,14.09,D
36.13419,37.60319,345.09,0.33,0.55,2026-06-28,956,N,VIIRS,n,2.0NRT,315.22,2.8,D
36.14434,37.70256,355.02,0.32,0.55,2026-06-28,956,N,VIIRS,n,2.0NRT,320.37,6.24,D
36.14521,37.7061,340.81,0.32,0.55,2026-06-28,956,N,VIIRS,n,2.0NRT,315.46,4.99,D
36.14928,36.81742,341.07,0.36,0.57,2026-06-28,956,N,VIIRS,n,2.0NRT,308.83,1.91,D
36.15027,36.81713,341.09,0.36,0.57,2026-06-28,956,N,VIIRS,n,2.0NRT,308.74,2.7,D
36.1563,38.90265,343.7,0.56,0.51,2026-06-28,956,N,VIIRS,n,2.0NRT,313.09,7.27,D
36.22653,37.18451,367.0,0.34,0.56,2026-06-28,956,N,VIIRS,h,2.0NRT,312.01,8.62,D
36.24124,36.46063,367.0,0.37,0.58,2026-06-28,956,N,VIIRS,h,2.0NRT,312.87,8.2,D
36.2423,36.46471,367.0,0.37,0.58,2026-06-28,956,N,VIIRS,h,2.0NRT,310.78,8.2,D
36.25286,36.5054,367.0,0.37,0.58,2026-06-28,956,N,VIIRS,h,2.0NRT,314.19,10.63,D
36.37796,37.01366,347.25,0.35,0.57,2026-06-28,956,N,VIIRS,n,2.0NRT,310.1,4.09,D
36.72038,41.69765,355.91,0.39,0.44,2026-06-28,956,N,VIIRS,n,2.0NRT,323.4,7.76,D
36.77523,38.01282,344.1,0.6,0.53,2026-06-28,956,N,VIIRS,n,2.0NRT,316.37,9.08,D
36.78191,39.05746,344.52,0.53,0.5,2026-06-28,956,N,VIIRS,n,2.0NRT,312.85,6.84,D
36.78506,39.04999,344.34,0.53,0.5,2026-06-28,956,N,VIIRS,n,2.0NRT,313.76,6.84,D
36.78778,39.06166,355.23,0.53,0.5,2026-06-28,956,N,VIIRS,n,2.0NRT,319.68,30.49,D
36.83551,38.9406,347.06,0.54,0.51,2026-06-28,956,N,VIIRS,n,2.0NRT,320.48,14.61,D
36.84003,38.93895,348.64,0.54,0.51,2026-06-28,956,N,VIIRS,n,2.0NRT,321.33,14.61,D
36.84947,38.91638,346.93,0.54,0.51,2026-06-28,956,N,VIIRS,n,2.0NRT,316.3,7.92,D
36.87697,39.03348,348.17,0.53,0.5,2026-06-28,956,N,VIIRS,n,2.0NRT,315.32,11.07,D
36.94297,40.31269,352.44,0.45,0.47,2026-06-28,956,N,VIIRS,n,2.0NRT,321.95,14.79,D
36.9483,40.31625,356.57,0.45,0.47,2026-06-28,956,N,VIIRS,n,2.0NRT,319.97,13.07,D
36.95852,39.13512,356.8,0.52,0.5,2026-06-28,956,N,VIIRS,n,2.0NRT,316.49,6.59,D
36.95879,39.05388,353.49,0.53,0.5,2026-06-28,956,N,VIIRS,n,2.0NRT,319.83,10.62,D
36.97498,39.06061,346.49,0.53,0.5,2026-06-28,956,N,VIIRS,n,2.0NRT,316.49,3.62,D
36.98018,38.95793,367.0,0.53,0.5,2026-06-28,956,N,VIIRS,h,2.0NRT,336.13,226.14,D
36.98144,40.36377,345.35,0.45,0.47,2026-06-28,956,N,VIIRS,n,2.0NRT,317.87,6.38,D
36.9847,38.9563,367.0,0.53,0.5,2026-06-28,956,N,VIIRS,h,2.0NRT,353.32,226.14,D
36.98565,40.36236,367.0,0.45,0.47,2026-06-28,956,N,VIIRS,h,2.0NRT,324.69,23.17,D
36.98607,38.96216,367.0,0.53,0.5,2026-06-28,956,N,VIIRS,h,2.0NRT,321.49,144.57,D
36.98655,40.23548,346.28,0.46,0.47,2026-06-28,956,N,VIIRS,n,2.0NRT,319.78,7.43,D
36.98674,40.3673,347.12,0.45,0.47,2026-06-28,956,N,VIIRS,n,2.0NRT,321.08,58.71,D
36.98782,40.37224,367.0,0.45,0.47,2026-06-28,956,N,VIIRS,h,2.0NRT,335.99,58.71,D
36.99058,38.96053,353.88,0.53,0.5,2026-06-28,956,N,VIIRS,n,2.0NRT,320.38,68.56,D
36.99728,39.59409,367.0,0.49,0.49,2026-06-28,956,N,VIIRS,h,2.0NRT,318.99,19.99,D
36.99875,38.99555,345.97,0.53,0.5,2026-06-28,956,N,VIIRS,n,2.0NRT,316.39,7.53,D
37.0004,39.5871,344.62,0.49,0.49,2026-06-28,956,N,VIIRS,n,2.0NRT,316.52,19.99,D
37.00165,39.59257,367.0,0.49,0.49,2026-06-28,956,N,VIIRS,h,2.0NRT,325.44,19.99,D
37.00602,39.59104,344.51,0.49,0.49,2026-06-28,956,N,VIIRS,n,2.0NRT,318.89,6.87,D
37.00726,39.59648,348.86,0.49,0.49,2026-06-28,956,N,VIIRS,n,2.0NRT,318.49,13.15,D
37.01826,39.6446,346.15,0.49,0.48,2026-06-28,956,N,VIIRS,n,2.0NRT,318.62,5.45,D
37.02917,40.24288,367.0,0.46,0.47,2026-06-28,956,N,VIIRS,h,2.0NRT,326.37,10.29,D
37.03323,39.0246,339.71,0.53,0.5,2026-06-28,956,N,VIIRS,n,2.0NRT,313.0,2.74,D
37.03339,40.24144,350.06,0.46,0.47,2026-06-28,956,N,VIIRS,n,2.0NRT,321.65,6.81,D
37.03393,39.6101,345.3,0.49,0.49,2026-06-28,956,N,VIIRS,n,2.0NRT,319.11,12.13,D
37.04337,39.16684,348.17,0.52,0.5,2026-06-28,956,N,VIIRS,n,2.0NRT,320.94,8.53,D
37.13509,35.84154,344.31,0.38,0.59,2026-06-28,956,N,VIIRS,n,2.0NRT,307.24,6.34,D
37.13657,35.84352,341.45,0.38,0.59,2026-06-28,956,N,VIIRS,n,2.0NRT,309.53,4.42,D
37.15498,39.81929,353.38,0.48,0.48,2026-06-28,956,N,VIIRS,n,2.0NRT,320.75,11.33,D
37.22284,40.24166,352.44,0.45,0.47,2026-06-28,956,N,VIIRS,n,2.0NRT,315.88,9.11,D
37.39437,39.93958,348.87,0.46,0.47,2026-06-28,956,N,VIIRS,n,2.0NRT,314.56,4.39,D
37.39516,39.92277,342.07,0.46,0.47,2026-06-28,956,N,VIIRS,n,2.0NRT,313.81,1.54,D
37.39552,39.94468,351.42,0.46,0.47,2026-06-28,956,N,VIIRS,n,2.0NRT,315.41,4.39,D
37.39632,39.92791,344.26,0.46,0.47,2026-06-28,956,N,VIIRS,n,2.0NRT,313.73,4.37,D
37.39667,39.9498,346.33,0.46,0.47,2026-06-28,956,N,VIIRS,n,2.0NRT,313.62,4.85,D
38.20969,39.70643,352.82,0.46,0.47,2026-06-28,956,N,VIIRS,n,2.0NRT,311.36,7.46,D
38.89174,31.97854,332.96,0.54,0.68,2026-06-28,958,N,VIIRS,n,2.0NRT,304.11,5.1,D
38.97362,31.83162,334.1,0.55,0.68,2026-06-28,958,N,VIIRS,n,2.0NRT,307.3,7.71,D
38.97547,31.83775,367.0,0.54,0.68,2026-06-28,958,N,VIIRS,h,2.0NRT,308.56,7.71,D
39.95736,41.2961,334.89,0.53,0.42,2026-06-28,958,N,VIIRS,n,2.0NRT,304.26,5.46,D
40.20089,34.32386,333.84,0.38,0.59,2026-06-28,958,N,VIIRS,n,2.0NRT,302.43,3.36,D
40.28208,34.75431,331.51,0.36,0.57,2026-06-28,958,N,VIIRS,n,2.0NRT,299.11,3.16,D
40.99842,27.97931,367.0,0.72,0.75,2026-06-28,958,N,VIIRS,h,2.0NRT,300.59,14.39,D
40.9997,27.97869,367.0,0.72,0.76,2026-06-28,958,N,VIIRS,h,2.0NRT,300.85,23.01,D
41.07789,28.28139,356.54,0.69,0.74,2026-06-28,958,N,VIIRS,n,2.0NRT,302.84,58.23,D
41.07791,28.28072,356.24,0.69,0.74,2026-06-28,958,N,VIIRS,n,2.0NRT,303.47,51.98,D
41.08055,28.28936,367.0,0.69,0.74,2026-06-28,958,N,VIIRS,h,2.0NRT,299.9,43.91,D
41.08062,28.28869,367.0,0.69,0.74,2026-06-28,958,N,VIIRS,h,2.0NRT,300.46,51.98,D
41.08405,28.27688,351.16,0.69,0.74,2026-06-28,958,N,VIIRS,n,2.0NRT,299.49,42.79,D
41.08407,28.27624,352.67,0.69,0.74,2026-06-28,958,N,VIIRS,n,2.0NRT,299.2,51.98,D
41.08678,28.28507,367.0,0.69,0.74,2026-06-28,958,N,VIIRS,h,2.0NRT,305.77,43.93,D
41.08684,28.28439,367.0,0.69,0.74,2026-06-28,958,N,VIIRS,h,2.0NRT,304.36,51.98,D
41.08952,28.29328,355.25,0.69,0.74,2026-06-28,958,N,VIIRS,n,2.0NRT,300.47,43.93,D
41.08961,28.29258,367.0,0.69,0.74,2026-06-28,958,N,VIIRS,h,2.0NRT,300.05,43.69,D
41.49215,27.69278,330.78,0.71,0.75,2026-06-28,958,N,VIIRS,n,2.0NRT,295.17,3.91,D
35.59864,36.36236,345.63,0.49,0.65,2026-06-28,1138,N,VIIRS,n,2.0NRT,311.35,3.62,D
36.09535,38.86249,344.7,0.68,0.74,2026-06-28,1138,N,VIIRS,n,2.0NRT,307.48,4.02,D
36.09635,38.8628,340.54,0.68,0.74,2026-06-28,1138,N,VIIRS,n,2.0NRT,307.2,5.99,D
36.10347,37.38882,345.61,0.56,0.69,2026-06-28,1138,N,VIIRS,n,2.0NRT,309.89,4.22,D
36.24583,36.46065,346.25,0.5,0.66,2026-06-28,1138,N,VIIRS,n,2.0NRT,311.21,3.64,D
36.30729,36.60257,335.72,0.51,0.66,2026-06-28,1138,N,VIIRS,n,2.0NRT,309.9,5.82,D
36.31349,36.6022,367.0,0.51,0.66,2026-06-28,1138,N,VIIRS,h,2.0NRT,308.81,11.97,D
36.79188,38.94675,352.21,0.69,0.74,2026-06-28,1138,N,VIIRS,n,2.0NRT,310.38,8.36,D
36.81253,39.08797,345.7,0.7,0.75,2026-06-28,1138,N,VIIRS,n,2.0NRT,314.45,6.5,D
36.83552,39.87872,336.25,0.78,0.78,2026-06-28,1138,N,VIIRS,n,2.0NRT,305.45,25.82,D
36.83559,39.88786,357.41,0.78,0.78,2026-06-28,1138,N,VIIRS,n,2.0NRT,323.31,46.27,D
36.83576,39.88452,347.35,0.78,0.78,2026-06-28,1138,N,VIIRS,n,2.0NRT,315.46,59.56,D
36.83588,39.89362,367.0,0.78,0.78,2026-06-28,1138,N,VIIRS,h,2.0NRT,311.95,69.55,D
36.8688,39.07859,339.73,0.7,0.75,2026-06-28,1138,N,VIIRS,n,2.0NRT,311.86,5.94,D
36.88218,39.03709,355.07,0.7,0.75,2026-06-28,1138,N,VIIRS,n,2.0NRT,310.09,10.16,D
36.92659,39.5782,367.0,0.75,0.77,2026-06-28,1138,N,VIIRS,h,2.0NRT,318.49,30.08,D
36.92847,39.56967,353.04,0.75,0.77,2026-06-28,1138,N,VIIRS,n,2.0NRT,315.23,14.33,D
36.92855,39.5785,367.0,0.75,0.77,2026-06-28,1138,N,VIIRS,h,2.0NRT,316.86,14.33,D
36.95166,38.99464,354.22,0.7,0.75,2026-06-28,1138,N,VIIRS,n,2.0NRT,313.16,7.09,D
36.95658,38.99411,347.95,0.7,0.75,2026-06-28,1138,N,VIIRS,n,2.0NRT,312.69,6.2,D
36.99184,39.00135,350.29,0.7,0.75,2026-06-28,1138,N,VIIRS,n,2.0NRT,314.16,5.53,D
37.81197,27.66306,354.49,0.53,0.42,2026-06-28,1138,N,VIIRS,n,2.0NRT,317.74,35.32,D
37.82418,27.66712,341.67,0.53,0.42,2026-06-28,1138,N,VIIRS,n,2.0NRT,309.98,4.78,D
38.97714,31.84213,344.05,0.59,0.53,2026-06-28,1138,N,VIIRS,n,2.0NRT,312.8,14.43,D
38.98158,31.83484,345.22,0.59,0.53,2026-06-28,1138,N,VIIRS,n,2.0NRT,311.11,10.79,D
39.63328,34.50451,347.0,0.42,0.61,2026-06-28,1138,N,VIIRS,n,2.0NRT,305.71,5.61,D
39.63348,34.50888,337.63,0.42,0.61,2026-06-28,1138,N,VIIRS,n,2.0NRT,305.66,7.51,D
39.68064,31.92628,342.49,0.61,0.53,2026-06-28,1138,N,VIIRS,n,2.0NRT,308.0,6.33,D
40.22779,34.29476,338.34,0.41,0.61,2026-06-28,1138,N,VIIRS,n,2.0NRT,305.49,2.77,D
40.4803,33.89474,339.02,0.39,0.6,2026-06-28,1138,N,VIIRS,n,2.0NRT,307.3,2.88,D
40.48318,35.57984,330.37,0.48,0.65,2026-06-28,1138,N,VIIRS,n,2.0NRT,294.71,1.11,D
41.09037,28.28931,339.73,0.41,0.45,2026-06-28,1138,N,VIIRS,n,2.0NRT,305.09,3.44,D
41.25496,27.98997,333.44,0.4,0.44,2026-06-28,1138,N,VIIRS,n,2.0NRT,303.87,1.75,D
41.35592,26.49897,340.18,0.51,0.41,2026-06-28,1138,N,VIIRS,n,2.0NRT,307.0,4.49,D
35.52596,44.33973,319.48,0.38,0.59,2026-06-28,2216,N,VIIRS,n,2.0NRT,295.69,2.33,N
35.53145,44.34038,312.22,0.38,0.59,2026-06-28,2216,N,VIIRS,n,2.0NRT,294.96,1.02,N
35.53171,44.33601,316.22,0.38,0.59,2026-06-28,2216,N,VIIRS,n,2.0NRT,296.38,1.02,N
35.5372,44.33671,305.39,0.38,0.59,2026-06-28,2216,N,VIIRS,n,2.0NRT,295.22,1.02,N
35.62748,44.00857,367.0,0.4,0.6,2026-06-28,2216,N,VIIRS,h,2.0NRT,300.8,8.39,N
35.62773,44.00399,327.0,0.4,0.6,2026-06-28,2216,N,VIIRS,n,2.0NRT,295.77,8.39,N
35.62997,44.01015,353.47,0.4,0.6,2026-06-28,2216,N,VIIRS,n,2.0NRT,298.48,8.71,N
35.63025,44.00557,367.0,0.4,0.6,2026-06-28,2216,N,VIIRS,h,2.0NRT,298.52,8.71,N
35.63308,44.00896,317.22,0.4,0.6,2026-06-28,2216,N,VIIRS,n,2.0NRT,294.79,1.33,N
35.63334,44.00439,308.94,0.4,0.6,2026-06-28,2216,N,VIIRS,n,2.0NRT,293.9,1.33,N
35.66369,43.96679,323.09,0.4,0.6,2026-06-28,2216,N,VIIRS,n,2.0NRT,296.07,7.69,N
35.66395,43.96226,367.0,0.4,0.6,2026-06-28,2216,N,VIIRS,h,2.0NRT,300.5,7.69,N
35.68563,43.88112,308.1,0.41,0.6,2026-06-28,2216,N,VIIRS,n,2.0NRT,293.81,6.65,N
35.6859,43.87654,326.74,0.41,0.6,2026-06-28,2216,N,VIIRS,n,2.0NRT,305.1,27.03,N
35.68616,43.87197,367.0,0.41,0.6,2026-06-28,2216,N,VIIRS,h,2.0NRT,296.14,27.03,N
35.68643,43.86727,304.22,0.41,0.6,2026-06-28,2216,N,VIIRS,n,2.0NRT,292.88,7.47,N
35.7215,44.03679,311.18,0.4,0.6,2026-06-28,2216,N,VIIRS,n,2.0NRT,296.89,6.37,N
35.7252,44.03914,367.0,0.4,0.6,2026-06-28,2216,N,VIIRS,h,2.0NRT,302.37,16.71,N
35.72546,44.03452,309.72,0.4,0.6,2026-06-28,2216,N,VIIRS,n,2.0NRT,296.9,6.83,N
35.7268,44.04215,343.99,0.4,0.6,2026-06-28,2216,N,VIIRS,n,2.0NRT,298.02,11.51,N
35.72708,44.03763,367.0,0.4,0.6,2026-06-28,2216,N,VIIRS,h,2.0NRT,299.92,6.37,N
35.72736,44.03301,320.96,0.4,0.6,2026-06-28,2216,N,VIIRS,n,2.0NRT,297.07,6.37,N
35.72765,44.02838,308.45,0.4,0.6,2026-06-28,2216,N,VIIRS,n,2.0NRT,296.42,3.52,N
35.7313,44.03069,328.16,0.4,0.6,2026-06-28,2216,N,VIIRS,n,2.0NRT,297.81,6.83,N
35.77283,43.99424,339.24,0.4,0.6,2026-06-28,2216,N,VIIRS,n,2.0NRT,297.92,4.91,N
35.95127,43.72754,309.71,0.42,0.61,2026-06-28,2216,N,VIIRS,n,2.0NRT,294.48,1.26,N
35.95548,43.72628,309.96,0.42,0.61,2026-06-28,2216,N,VIIRS,n,2.0NRT,293.92,1.46,N
35.96656,43.7631,308.34,0.42,0.61,2026-06-28,2216,N,VIIRS,n,2.0NRT,296.57,2.85,N
35.98343,43.76839,347.61,0.41,0.61,2026-06-28,2216,N,VIIRS,n,2.0NRT,299.68,5.55,N
36.00106,43.76015,334.44,0.42,0.61,2026-06-28,2216,N,VIIRS,n,2.0NRT,296.86,3.87,N
36.01699,43.67984,332.09,0.42,0.61,2026-06-28,2216,N,VIIRS,n,2.0NRT,293.64,2.69,N
36.03362,43.79134,355.37,0.41,0.61,2026-06-28,2216,N,VIIRS,n,2.0NRT,294.17,19.9,N
36.03389,43.78661,345.72,0.41,0.61,2026-06-28,2216,N,VIIRS,n,2.0NRT,307.36,31.95,N
36.03416,43.78188,343.47,0.41,0.61,2026-06-28,2216,N,VIIRS,n,2.0NRT,291.71,31.95,N
36.03444,43.77713,302.17,0.41,0.61,2026-06-28,2216,N,VIIRS,n,2.0NRT,289.84,4.33,N
36.03957,43.78713,309.67,0.41,0.61,2026-06-28,2216,N,VIIRS,n,2.0NRT,290.68,1.6,N
36.08326,43.63708,310.27,0.42,0.61,2026-06-28,2216,N,VIIRS,n,2.0NRT,291.42,1.28,N
36.101,43.62894,308.78,0.42,0.61,2026-06-28,2216,N,VIIRS,n,2.0NRT,292.1,0.81,N
36.13477,40.80588,304.21,0.61,0.71,2026-06-28,2216,N,VIIRS,n,2.0NRT,293.69,1.19,N
36.18493,38.94244,304.13,0.77,0.77,2026-06-28,2216,N,VIIRS,n,2.0NRT,288.21,1.27,N
36.44524,43.81142,305.79,0.42,0.61,2026-06-28,2216,N,VIIRS,n,2.0NRT,291.7,0.67,N
36.59259,43.43961,327.26,0.44,0.62,2026-06-28,2216,N,VIIRS,n,2.0NRT,289.86,3.14,N
36.59303,43.44129,332.13,0.44,0.62,2026-06-28,2216,N,VIIRS,n,2.0NRT,290.47,2.65,N
36.67268,39.17724,307.49,0.75,0.77,2026-06-28,2216,N,VIIRS,n,2.0NRT,291.14,1.76,N
36.73878,39.11661,301.12,0.76,0.77,2026-06-28,2216,N,VIIRS,n,2.0NRT,288.65,1.23,N
36.74028,39.11745,311.13,0.76,0.77,2026-06-28,2216,N,VIIRS,n,2.0NRT,289.1,1.73,N
36.74603,39.11681,301.0,0.76,0.77,2026-06-28,2216,N,VIIRS,n,2.0NRT,288.17,0.99,N
36.74667,43.49526,309.07,0.44,0.62,2026-06-28,2216,N,VIIRS,n,2.0NRT,292.43,1.17,N
36.76036,39.12623,309.79,0.75,0.77,2026-06-28,2216,N,VIIRS,n,2.0NRT,288.21,3.12,N
36.76192,39.1272,327.52,0.76,0.77,2026-06-28,2216,N,VIIRS,n,2.0NRT,288.39,2.02,N
36.7676,39.12649,327.39,0.75,0.77,2026-06-28,2216,N,VIIRS,n,2.0NRT,289.04,3.12,N
36.76916,39.12751,301.37,0.76,0.77,2026-06-28,2216,N,VIIRS,n,2.0NRT,288.28,2.02,N
36.77309,43.3199,304.03,0.45,0.63,2026-06-28,2216,N,VIIRS,n,2.0NRT,293.78,3.05,N
36.77862,43.32701,319.35,0.45,0.63,2026-06-28,2216,N,VIIRS,n,2.0NRT,296.21,4.46,N
36.7789,43.32136,327.47,0.45,0.63,2026-06-28,2216,N,VIIRS,n,2.0NRT,295.34,3.05,N
36.81959,39.14746,341.79,0.75,0.77,2026-06-28,2216,N,VIIRS,n,2.0NRT,289.96,9.82,N
36.81974,39.13842,342.37,0.75,0.77,2026-06-28,2216,N,VIIRS,n,2.0NRT,289.37,13.61,N
36.82066,39.14228,367.0,0.75,0.77,2026-06-28,2216,N,VIIRS,h,2.0NRT,294.1,17.88,N
36.82683,39.14765,325.99,0.75,0.77,2026-06-28,2216,N,VIIRS,n,2.0NRT,289.76,9.82,N
36.82698,39.13858,330.69,0.75,0.77,2026-06-28,2216,N,VIIRS,n,2.0NRT,289.99,13.61,N
36.8279,39.14249,319.72,0.75,0.77,2026-06-28,2216,N,VIIRS,n,2.0NRT,290.1,17.88,N
36.82878,39.02126,328.83,0.77,0.77,2026-06-28,2216,N,VIIRS,n,2.0NRT,289.82,3.41,N
36.82911,39.02499,310.01,0.77,0.77,2026-06-28,2216,N,VIIRS,n,2.0NRT,289.17,2.84,N
36.8292,39.01596,310.7,0.77,0.77,2026-06-28,2216,N,VIIRS,n,2.0NRT,289.32,3.93,N
36.83778,38.87989,305.24,0.78,0.78,2026-06-28,2216,N,VIIRS,n,2.0NRT,288.63,1.23,N
36.86957,43.48494,332.66,0.44,0.62,2026-06-28,2216,N,VIIRS,n,2.0NRT,293.62,3.68,N
36.89014,43.42626,315.91,0.44,0.62,2026-06-28,2216,N,VIIRS,n,2.0NRT,290.23,0.97,N
36.89456,43.42692,327.11,0.44,0.63,2026-06-28,2216,N,VIIRS,n,2.0NRT,291.16,2.8,N
36.89596,43.42707,315.12,0.44,0.62,2026-06-28,2216,N,VIIRS,n,2.0NRT,290.53,0.92,N
36.90207,39.01852,309.27,0.77,0.77,2026-06-28,2216,N,VIIRS,n,2.0NRT,288.39,4.09,N
36.90218,39.00943,306.83,0.77,0.77,2026-06-28,2216,N,VIIRS,n,2.0NRT,288.54,4.09,N
36.9023,39.00035,367.0,0.77,0.77,2026-06-28,2216,N,VIIRS,h,2.0NRT,292.57,18.16,N
36.90935,39.01876,315.18,0.77,0.77,2026-06-28,2216,N,VIIRS,n,2.0NRT,288.92,3.89,N
36.90947,39.00967,322.44,0.77,0.77,2026-06-28,2216,N,VIIRS,n,2.0NRT,288.86,3.89,N
36.9104,39.01512,323.17,0.77,0.77,2026-06-28,2216,N,VIIRS,n,2.0NRT,289.24,3.19,N
36.91459,41.89147,305.43,0.54,0.68,2026-06-28,2216,N,VIIRS,n,2.0NRT,291.3,0.72,N
36.9183,38.94265,300.44,0.77,0.78,2026-06-28,2216,N,VIIRS,n,2.0NRT,287.96,1.04,N
36.92493,38.9465,327.12,0.77,0.78,2026-06-28,2216,N,VIIRS,n,2.0NRT,288.9,5.47,N
36.92554,39.58751,308.86,0.71,0.75,2026-06-28,2216,N,VIIRS,n,2.0NRT,293.1,2.55,N
36.92561,38.9429,329.66,0.77,0.78,2026-06-28,2216,N,VIIRS,n,2.0NRT,289.31,4.1,N
36.92866,39.59054,317.64,0.71,0.75,2026-06-28,2216,N,VIIRS,n,2.0NRT,293.73,2.69,N
36.93761,42.11682,304.31,0.52,0.67,2026-06-28,2216,N,VIIRS,n,2.0NRT,293.46,1.18,N
36.94172,42.17099,312.66,0.52,0.67,2026-06-28,2216,N,VIIRS,n,2.0NRT,292.75,1.97,N
36.94521,42.1699,312.9,0.52,0.67,2026-06-28,2216,N,VIIRS,n,2.0NRT,292.71,0.86,N
36.94666,42.12838,341.59,0.52,0.67,2026-06-28,2216,N,VIIRS,n,2.0NRT,296.05,5.71,N
36.94964,42.12994,337.67,0.52,0.67,2026-06-28,2216,N,VIIRS,n,2.0NRT,295.68,4.03,N
36.9525,39.05638,318.25,0.76,0.77,2026-06-28,2216,N,VIIRS,n,2.0NRT,289.01,3.3,N
36.95366,39.06204,300.45,0.76,0.77,2026-06-28,2216,N,VIIRS,n,2.0NRT,287.7,1.75,N
36.95375,39.05302,311.67,0.76,0.77,2026-06-28,2216,N,VIIRS,n,2.0NRT,288.64,1.75,N
36.96091,42.07972,302.92,0.52,0.67,2026-06-28,2216,N,VIIRS,n,2.0NRT,292.15,1.14,N
36.96418,42.08141,320.68,0.52,0.67,2026-06-28,2216,N,VIIRS,n,2.0NRT,292.85,1.51,N
36.96522,39.16487,303.67,0.75,0.77,2026-06-28,2216,N,VIIRS,n,2.0NRT,288.24,1.15,N
36.96704,39.1616,298.89,0.75,0.77,2026-06-28,2216,N,VIIRS,n,2.0NRT,288.8,0.98,N
36.96717,42.08023,314.13,0.52,0.67,2026-06-28,2216,N,VIIRS,n,2.0NRT,292.66,1.14,N
36.96893,38.93871,303.79,0.77,0.78,2026-06-28,2216,N,VIIRS,n,2.0NRT,289.81,1.19,N
36.96921,38.92043,349.32,0.78,0.78,2026-06-28,2216,N,VIIRS,n,2.0NRT,292.61,11.27,N
36.96935,38.91138,304.61,0.78,0.78,2026-06-28,2216,N,VIIRS,n,2.0NRT,289.52,8.69,N
36.96959,38.93532,307.67,0.77,0.78,2026-06-28,2216,N,VIIRS,n,2.0NRT,290.13,5.58,N
36.96978,38.91703,353.0,0.78,0.78,2026-06-28,2216,N,VIIRS,n,2.0NRT,293.17,12.48,N
36.98899,39.14426,339.77,0.76,0.77,2026-06-28,2216,N,VIIRS,n,2.0NRT,289.07,5.57,N
36.99624,39.14458,330.03,0.76,0.77,2026-06-28,2216,N,VIIRS,n,2.0NRT,290.04,2.05,N
37.00336,39.15378,301.95,0.75,0.77,2026-06-28,2216,N,VIIRS,n,2.0NRT,287.82,2.05,N
37.01073,39.14519,303.79,0.76,0.77,2026-06-28,2216,N,VIIRS,n,2.0NRT,288.24,1.94,N
37.01155,39.1487,299.56,0.76,0.77,2026-06-28,2216,N,VIIRS,n,2.0NRT,288.43,1.98,N
37.01163,39.13979,311.01,0.76,0.77,2026-06-28,2216,N,VIIRS,n,2.0NRT,289.01,3.29,N
37.01426,38.87314,307.82,0.78,0.78,2026-06-28,2216,N,VIIRS,n,2.0NRT,289.15,1.76,N
37.01797,39.14552,314.42,0.76,0.77,2026-06-28,2216,N,VIIRS,n,2.0NRT,289.07,1.94,N
37.0181,39.13656,311.8,0.76,0.77,2026-06-28,2216,N,VIIRS,n,2.0NRT,289.32,5.18,N
37.01888,39.14014,315.23,0.76,0.77,2026-06-28,2216,N,VIIRS,n,2.0NRT,289.25,3.29,N
37.0304,40.28337,301.92,0.66,0.73,2026-06-28,2216,N,VIIRS,n,2.0NRT,291.03,1.01,N
37.04185,39.00228,308.84,0.77,0.77,2026-06-28,2216,N,VIIRS,n,2.0NRT,289.63,3.25,N
37.04195,39.00578,302.37,0.77,0.77,2026-06-28,2216,N,VIIRS,n,2.0NRT,290.05,2.04,N
37.04203,38.99662,312.34,0.77,0.77,2026-06-28,2216,N,VIIRS,n,2.0NRT,289.72,4.2,N
37.04313,38.86834,306.51,0.78,0.78,2026-06-28,2216,N,VIIRS,n,2.0NRT,292.44,1.84,N
37.04807,39.07461,304.29,0.76,0.77,2026-06-28,2216,N,VIIRS,n,2.0NRT,288.78,1.54,N
37.04853,39.07825,304.23,0.76,0.77,2026-06-28,2216,N,VIIRS,n,2.0NRT,288.53,0.96,N
37.04927,38.99352,303.19,0.77,0.77,2026-06-28,2216,N,VIIRS,n,2.0NRT,289.55,3.4,N
37.05548,39.0659,301.01,0.76,0.77,2026-06-28,2216,N,VIIRS,n,2.0NRT,288.71,1.76,N
37.05562,39.05688,310.38,0.76,0.77,2026-06-28,2216,N,VIIRS,n,2.0NRT,289.16,1.76,N
37.05599,39.06053,317.73,0.76,0.77,2026-06-28,2216,N,VIIRS,n,2.0NRT,289.68,3.7,N
37.06053,41.19908,327.93,0.59,0.7,2026-06-28,2216,N,VIIRS,n,2.0NRT,296.74,5.45,N
37.06308,39.07886,306.79,0.76,0.77,2026-06-28,2216,N,VIIRS,n,2.0NRT,289.67,1.48,N
37.06688,41.20638,312.61,0.58,0.7,2026-06-28,2216,N,VIIRS,n,2.0NRT,296.41,11.49,N
37.06709,41.19957,367.0,0.59,0.7,2026-06-28,2216,N,VIIRS,h,2.0NRT,301.79,11.49,N
37.07003,39.06643,322.33,0.76,0.77,2026-06-28,2216,N,VIIRS,n,2.0NRT,289.25,3.73,N
37.07045,39.07016,320.22,0.76,0.77,2026-06-28,2216,N,VIIRS,n,2.0NRT,289.71,3.45,N
37.07365,41.20007,336.78,0.59,0.7,2026-06-28,2216,N,VIIRS,n,2.0NRT,297.25,11.49,N
37.0753,40.41206,331.99,0.65,0.73,2026-06-28,2216,N,VIIRS,n,2.0NRT,292.55,3.75,N
37.07887,41.19958,320.5,0.59,0.7,2026-06-28,2216,N,VIIRS,n,2.0NRT,296.27,3.75,N
37.07983,38.86964,301.6,0.78,0.78,2026-06-28,2216,N,VIIRS,n,2.0NRT,290.88,1.67,N
37.0803,38.87512,310.06,0.78,0.78,2026-06-28,2216,N,VIIRS,n,2.0NRT,291.53,1.61,N
37.08212,40.41242,314.13,0.65,0.73,2026-06-28,2216,N,VIIRS,n,2.0NRT,293.05,3.75,N
37.08967,40.38292,305.96,0.65,0.73,2026-06-28,2216,N,VIIRS,n,2.0NRT,292.67,4.23,N
37.09237,39.0622,312.48,0.76,0.77,2026-06-28,2216,N,VIIRS,n,2.0NRT,291.25,3.72,N
37.09651,40.38305,324.12,0.65,0.73,2026-06-28,2216,N,VIIRS,n,2.0NRT,293.27,4.23,N
37.09669,40.37556,335.28,0.65,0.73,2026-06-28,2216,N,VIIRS,n,2.0NRT,293.35,4.23,N
37.09742,40.38132,325.4,0.65,0.73,2026-06-28,2216,N,VIIRS,n,2.0NRT,292.67,5.01,N
37.09756,40.37382,325.72,0.65,0.73,2026-06-28,2216,N,VIIRS,n,2.0NRT,292.85,5.44,N
37.09943,39.08068,330.11,0.76,0.77,2026-06-28,2216,N,VIIRS,n,2.0NRT,290.97,4.76,N
37.09954,39.07167,313.85,0.76,0.77,2026-06-28,2216,N,VIIRS,n,2.0NRT,290.36,3.5,N
37.09965,39.06256,309.71,0.76,0.77,2026-06-28,2216,N,VIIRS,n,2.0NRT,291.28,3.5,N
37.10259,40.41353,321.51,0.65,0.73,2026-06-28,2216,N,VIIRS,n,2.0NRT,291.48,3.45,N
37.10366,40.41183,326.84,0.65,0.73,2026-06-28,2216,N,VIIRS,n,2.0NRT,291.9,2.54,N
37.10693,39.06292,312.25,0.76,0.77,2026-06-28,2216,N,VIIRS,n,2.0NRT,290.73,3.5,N
37.1142,39.06324,367.0,0.76,0.77,2026-06-28,2216,N,VIIRS,h,2.0NRT,294.12,15.42,N
37.1152,39.06897,318.48,0.76,0.77,2026-06-28,2216,N,VIIRS,n,2.0NRT,291.02,5.96,N
37.11528,39.05973,339.21,0.76,0.77,2026-06-28,2216,N,VIIRS,n,2.0NRT,291.58,10.11,N
37.12219,39.00926,301.08,0.77,0.77,2026-06-28,2216,N,VIIRS,n,2.0NRT,290.93,0.87,N
37.13691,40.40777,303.6,0.65,0.73,2026-06-28,2216,N,VIIRS,n,2.0NRT,292.05,0.98,N
37.1535,38.85064,303.46,0.78,0.78,2026-06-28,2216,N,VIIRS,n,2.0NRT,292.56,1.26,N
37.1536,38.84494,309.0,0.78,0.78,2026-06-28,2216,N,VIIRS,n,2.0NRT,293.46,2.16,N
37.15738,42.55859,308.95,0.49,0.65,2026-06-28,2216,N,VIIRS,n,2.0NRT,292.13,1.92,N
37.15753,39.19793,307.51,0.75,0.77,2026-06-28,2216,N,VIIRS,n,2.0NRT,292.69,1.93,N
37.15809,42.56176,311.71,0.49,0.65,2026-06-28,2216,N,VIIRS,n,2.0NRT,292.13,0.85,N
37.16228,40.53629,308.34,0.64,0.72,2026-06-28,2216,N,VIIRS,n,2.0NRT,293.94,1.14,N
37.17435,40.30843,307.43,0.66,0.73,2026-06-28,2216,N,VIIRS,n,2.0NRT,292.71,1.07,N
37.20454,40.47818,315.05,0.64,0.72,2026-06-28,2216,N,VIIRS,n,2.0NRT,294.78,2.88,N
37.20473,40.47066,318.21,0.64,0.72,2026-06-28,2216,N,VIIRS,n,2.0NRT,294.82,3.82,N
37.20506,40.47925,311.04,0.64,0.72,2026-06-28,2216,N,VIIRS,n,2.0NRT,295.15,2.22,N
37.20521,40.47173,322.18,0.64,0.72,2026-06-28,2216,N,VIIRS,n,2.0NRT,294.92,2.22,N
37.23598,42.44318,320.23,0.5,0.66,2026-06-28,2216,N,VIIRS,n,2.0NRT,292.79,1.81,N
37.24163,39.51913,307.61,0.72,0.76,2026-06-28,2216,N,VIIRS,n,2.0NRT,289.84,1.62,N
37.24174,39.51047,308.29,0.72,0.76,2026-06-28,2216,N,VIIRS,n,2.0NRT,290.47,1.62,N
37.24624,39.51899,307.97,0.72,0.76,2026-06-28,2216,N,VIIRS,n,2.0NRT,289.51,1.85,N
37.2464,39.51035,303.45,0.72,0.76,2026-06-28,2216,N,VIIRS,n,2.0NRT,290.14,2.5,N
37.26306,42.35012,302.64,0.51,0.66,2026-06-28,2216,N,VIIRS,n,2.0NRT,291.45,0.97,N
37.26466,42.34976,305.29,0.51,0.66,2026-06-28,2216,N,VIIRS,n,2.0NRT,291.5,0.59,N
37.2938,42.35914,301.84,0.51,0.66,2026-06-28,2216,N,VIIRS,n,2.0NRT,290.77,0.83,N
37.29977,42.36584,306.99,0.51,0.66,2026-06-28,2216,N,VIIRS,n,2.0NRT,291.41,4.37,N
37.3,42.35966,354.7,0.51,0.66,2026-06-28,2216,N,VIIRS,n,2.0NRT,293.57,4.37,N
37.30023,42.35353,310.47,0.51,0.66,2026-06-28,2216,N,VIIRS,n,2.0NRT,291.61,6.32,N
37.38125,39.44609,312.81,0.73,0.76,2026-06-28,2216,N,VIIRS,n,2.0NRT,290.75,2.53,N
37.40566,39.22683,300.89,0.75,0.77,2026-06-28,2216,N,VIIRS,n,2.0NRT,286.33,1.3,N
37.5077,39.25184,367.0,0.75,0.77,2026-06-28,2216,N,VIIRS,h,2.0NRT,290.64,20.58,N
37.50781,39.24279,315.89,0.75,0.77,2026-06-28,2216,N,VIIRS,n,2.0NRT,286.19,18.78,N
38.06095,40.23883,329.61,0.67,0.74,2026-06-28,2216,N,VIIRS,n,2.0NRT,293.16,13.29,N
38.06107,40.23129,367.0,0.67,0.74,2026-06-28,2216,N,VIIRS,h,2.0NRT,295.18,13.29,N
38.0622,40.23482,367.0,0.67,0.74,2026-06-28,2216,N,VIIRS,h,2.0NRT,296.82,14.11,N
38.06237,40.22699,302.59,0.67,0.74,2026-06-28,2216,N,VIIRS,n,2.0NRT,291.3,14.11,N
38.37538,41.3393,306.41,0.59,0.7,2026-06-28,2216,N,VIIRS,n,2.0NRT,291.07,1.71,N
39.58588,43.89809,295.45,0.44,0.62,2026-06-28,2216,N,VIIRS,n,2.0NRT,281.68,0.73,N
39.58675,43.89863,296.04,0.44,0.62,2026-06-28,2216,N,VIIRS,n,2.0NRT,281.45,0.74,N
38.41644,43.23774,300.07,0.37,0.58,2026-06-28,2356,N,VIIRS,n,2.0NRT,285.29,0.6,N
38.41816,43.2386,302.36,0.37,0.58,2026-06-28,2356,N,VIIRS,n,2.0NRT,286.02,0.9,N
38.97456,43.24754,298.42,0.36,0.57,2026-06-28,2356,N,VIIRS,n,2.0NRT,282.52,0.56,N
38.97517,43.24974,299.19,0.36,0.57,2026-06-28,2356,N,VIIRS,n,2.0NRT,282.66,0.47,N
39.76714,33.47741,301.01,0.4,0.37,2026-06-28,2356,N,VIIRS,n,2.0NRT,288.73,0.68,N
39.94425,33.19169,316.04,0.39,0.36,2026-06-28,2356,N,VIIRS,n,2.0NRT,289.31,1.53,N
40.0495,32.64967,301.33,0.39,0.36,2026-06-28,2356,N,VIIRS,n,2.0NRT,288.98,0.74,N
40.25986,30.0447,301.35,0.4,0.37,2026-06-28,2356,N,VIIRS,n,2.0NRT,290.27,0.72,N
40.75686,29.75867,309.06,0.41,0.37,2026-06-28,2356,N,VIIRS,n,2.0NRT,291.44,1.3,N
40.75751,31.78144,298.83,0.38,0.36,2026-06-28,2356,N,VIIRS,n,2.0NRT,286.38,0.5,N
40.77039,29.53102,304.32,0.41,0.37,2026-06-28,2356,N,VIIRS,n,2.0NRT,293.51,1.54,N
40.78223,29.59959,309.83,0.41,0.37,2026-06-28,2356,N,VIIRS,n,2.0NRT,294.18,1.5,N
40.94636,31.39496,303.17,0.39,0.36,2026-06-28,2356,N,VIIRS,n,2.0NRT,289.16,0.59,N
41.02028,28.55523,316.44,0.44,0.39,2026-06-28,2356,N,VIIRS,n,2.0NRT,293.17,1.75,N
41.02383,28.556,303.14,0.44,0.39,2026-06-28,2356,N,VIIRS,n,2.0NRT,292.44,0.61,N
41.024,36.1003,295.26,0.45,0.39,2026-06-28,2356,N,VIIRS,n,2.0NRT,284.06,0.49,N
41.1736,32.63225,319.01,0.38,0.36,2026-06-28,2356,N,VIIRS,n,2.0NRT,289.41,1.5,N
41.17688,32.63319,314.35,0.38,0.36,2026-06-28,2356,N,VIIRS,n,2.0NRT,292.18,1.5,N
41.19297,32.61875,324.81,0.38,0.36,2026-06-28,2356,N,VIIRS,n,2.0NRT,289.56,1.63,N
41.19479,32.62877,303.24,0.38,0.36,2026-06-28,2356,N,VIIRS,n,2.0NRT,290.52,0.88,N
41.24237,36.46212,332.46,0.46,0.39,2026-06-28,2356,N,VIIRS,n,2.0NRT,292.65,8.31,N
41.25492,31.41563,306.96,0.39,0.36,2026-06-28,2356,N,VIIRS,n,2.0NRT,290.45,0.74,N
41.25562,31.41104,302.98,0.39,0.36,2026-06-28,2356,N,VIIRS,n,2.0NRT,290.4,0.81,N
41.26346,31.42745,316.25,0.39,0.36,2026-06-28,2356,N,VIIRS,n,2.0NRT,293.82,1.85,N
41.26415,31.42286,307.26,0.39,0.36,2026-06-28,2356,N,VIIRS,n,2.0NRT,292.37,1.01,N
41.26746,31.42373,318.74,0.39,0.36,2026-06-28,2356,N,VIIRS,n,2.0NRT,292.89,1.6,N
41.62986,27.68483,302.5,0.48,0.4,2026-06-28,2356,N,VIIRS,n,2.0NRT,291.72,0.78,N
41.91875,44.41542,298.63,0.34,0.56,2026-06-28,2356,N,VIIRS,n,2.0NRT,285.24,0.52,N
35.52933,44.34008,318.46,0.5,0.66,2026-06-28,2358,N,VIIRS,n,2.0NRT,294.63,3.31,N
35.52988,44.3408,319.1,0.5,0.66,2026-06-28,2358,N,VIIRS,n,2.0NRT,294.49,2.06,N
35.53139,44.33552,309.88,0.5,0.65,2026-06-28,2358,N,VIIRS,n,2.0NRT,294.99,2.06,N
35.53668,44.33706,308.24,0.5,0.66,2026-06-28,2358,N,VIIRS,n,2.0NRT,294.41,3.19,N
35.53725,44.33778,304.11,0.5,0.65,2026-06-28,2358,N,VIIRS,n,2.0NRT,293.88,1.76,N
35.62809,44.00908,352.36,0.47,0.64,2026-06-28,2358,N,VIIRS,n,2.0NRT,297.66,17.34,N
35.62948,44.00403,367.0,0.47,0.64,2026-06-28,2358,N,VIIRS,h,2.0NRT,296.19,21.66,N
35.63043,44.01095,347.45,0.47,0.64,2026-06-28,2358,N,VIIRS,n,2.0NRT,295.54,13.15,N
35.63185,44.00594,367.0,0.47,0.64,2026-06-28,2358,N,VIIRS,h,2.0NRT,300.21,13.15,N
35.66206,43.96671,331.2,0.47,0.64,2026-06-28,2358,N,VIIRS,n,2.0NRT,295.7,8.19,N
35.66351,43.96157,367.0,0.47,0.64,2026-06-28,2358,N,VIIRS,h,2.0NRT,298.16,8.19,N
35.67881,44.06598,309.43,0.48,0.64,2026-06-28,2358,N,VIIRS,n,2.0NRT,294.49,1.94,N
35.68193,43.87356,315.58,0.47,0.64,2026-06-28,2358,N,VIIRS,n,2.0NRT,293.78,20.66,N
35.68619,43.88094,315.49,0.47,0.64,2026-06-28,2358,N,VIIRS,n,2.0NRT,293.55,17.83,N
35.68761,43.87586,367.0,0.47,0.64,2026-06-28,2358,N,VIIRS,h,2.0NRT,310.12,20.66,N
35.68903,43.87082,313.0,0.46,0.64,2026-06-28,2358,N,VIIRS,n,2.0NRT,293.81,20.66,N
35.72155,44.04077,307.39,0.47,0.64,2026-06-28,2358,N,VIIRS,n,2.0NRT,293.54,5.25,N
35.72299,44.03571,308.32,0.47,0.64,2026-06-28,2358,N,VIIRS,n,2.0NRT,293.85,5.67,N
35.72345,44.0432,311.88,0.47,0.64,2026-06-28,2358,N,VIIRS,n,2.0NRT,294.27,8.35,N
35.72487,44.03808,367.0,0.47,0.64,2026-06-28,2358,N,VIIRS,h,2.0NRT,297.71,6.04,N
35.72733,44.04292,342.7,0.47,0.64,2026-06-28,2358,N,VIIRS,n,2.0NRT,294.59,5.25,N
35.7288,44.03775,367.0,0.47,0.64,2026-06-28,2358,N,VIIRS,h,2.0NRT,297.15,5.67,N
35.73022,44.03271,318.35,0.47,0.64,2026-06-28,2358,N,VIIRS,n,2.0NRT,294.2,5.67,N
35.73064,44.04021,307.96,0.47,0.64,2026-06-28,2358,N,VIIRS,n,2.0NRT,294.75,6.04,N
35.73207,44.03509,306.24,0.47,0.64,2026-06-28,2358,N,VIIRS,n,2.0NRT,293.87,6.04,N
35.73345,44.03008,310.91,0.47,0.64,2026-06-28,2358,N,VIIRS,n,2.0NRT,294.06,3.33,N
35.77324,43.9932,339.43,0.47,0.64,2026-06-28,2358,N,VIIRS,n,2.0NRT,296.28,5.5,N
35.9529,43.72669,308.83,0.45,0.63,2026-06-28,2358,N,VIIRS,n,2.0NRT,293.86,1.2,N
35.95372,38.87864,317.53,0.5,0.49,2026-06-28,2358,N,VIIRS,n,2.0NRT,290.78,1.23,N
35.95811,38.88018,301.43,0.5,0.49,2026-06-28,2358,N,VIIRS,n,2.0NRT,290.08,1.23,N
35.95974,37.02098,367.0,0.4,0.44,2026-06-28,2358,N,VIIRS,h,2.0NRT,294.86,9.15,N
35.96374,37.02228,333.37,0.4,0.44,2026-06-28,2358,N,VIIRS,n,2.0NRT,292.19,2.52,N
35.96467,37.01791,314.71,0.4,0.44,2026-06-28,2358,N,VIIRS,n,2.0NRT,290.79,1.87,N
35.96729,43.76473,307.51,0.45,0.63,2026-06-28,2358,N,VIIRS,n,2.0NRT,296.19,3.04,N
35.98376,43.77287,334.9,0.45,0.63,2026-06-28,2358,N,VIIRS,n,2.0NRT,295.14,3.82,N
35.98513,43.76793,325.3,0.45,0.63,2026-06-28,2358,N,VIIRS,n,2.0NRT,295.72,3.82,N
36.00028,43.75828,304.48,0.45,0.63,2026-06-28,2358,N,VIIRS,n,2.0NRT,294.1,1.15,N
36.02161,43.68091,319.15,0.45,0.63,2026-06-28,2358,N,VIIRS,n,2.0NRT,293.95,1.63,N
36.02366,37.4961,303.57,0.42,0.45,2026-06-28,2358,N,VIIRS,n,2.0NRT,290.64,0.49,N
36.02513,37.49371,302.6,0.42,0.45,2026-06-28,2358,N,VIIRS,n,2.0NRT,290.48,0.32,N
36.02981,38.75433,321.91,0.49,0.49,2026-06-28,2358,N,VIIRS,n,2.0NRT,287.65,3.44,N
36.03416,38.75585,328.36,0.49,0.49,2026-06-28,2358,N,VIIRS,n,2.0NRT,288.7,3.44,N
36.0833,43.63965,312.99,0.44,0.62,2026-06-28,2358,N,VIIRS,n,2.0NRT,291.97,1.25,N
36.09835,43.63004,309.24,0.44,0.62,2026-06-28,2358,N,VIIRS,n,2.0NRT,290.38,0.66,N
36.12521,37.51706,301.55,0.42,0.45,2026-06-28,2358,N,VIIRS,n,2.0NRT,290.69,1.02,N
36.12632,37.51442,305.85,0.42,0.45,2026-06-28,2358,N,VIIRS,n,2.0NRT,290.58,0.71,N
36.12999,40.80988,304.39,0.63,0.54,2026-06-28,2358,N,VIIRS,n,2.0NRT,293.22,1.17,N
36.13057,40.80989,306.22,0.62,0.54,2026-06-28,2358,N,VIIRS,n,2.0NRT,293.78,1.41,N
36.24827,36.58271,311.54,0.56,0.43,2026-06-28,2358,N,VIIRS,n,2.0NRT,291.61,2.57,N
36.26246,33.7278,308.52,0.43,0.38,2026-06-28,2358,N,VIIRS,n,2.0NRT,297.66,2.18,N
36.46043,42.66726,303.83,0.38,0.59,2026-06-28,2358,N,VIIRS,n,2.0NRT,292.15,0.51,N
36.56751,40.62568,316.25,0.6,0.53,2026-06-28,2358,N,VIIRS,n,2.0NRT,291.39,2.67,N
36.71972,36.19814,329.88,0.53,0.42,2026-06-28,2358,N,VIIRS,n,2.0NRT,297.17,4.33,N
36.72872,36.2134,305.52,0.53,0.42,2026-06-28,2358,N,VIIRS,n,2.0NRT,295.43,1.01,N
36.7299,36.20758,307.6,0.53,0.42,2026-06-28,2358,N,VIIRS,n,2.0NRT,295.25,1.01,N
36.73103,36.20875,320.05,0.53,0.42,2026-06-28,2358,N,VIIRS,n,2.0NRT,298.34,2.37,N
36.73369,36.20877,312.93,0.53,0.42,2026-06-28,2358,N,VIIRS,n,2.0NRT,297.71,3.65,N
36.73482,36.20993,312.54,0.53,0.42,2026-06-28,2358,N,VIIRS,n,2.0NRT,298.0,2.37,N
36.74369,39.12137,329.35,0.49,0.49,2026-06-28,2358,N,VIIRS,n,2.0NRT,289.26,4.02,N
36.74483,36.20069,311.85,0.53,0.42,2026-06-28,2358,N,VIIRS,n,2.0NRT,295.47,2.1,N
36.74743,36.2007,336.08,0.53,0.42,2026-06-28,2358,N,VIIRS,n,2.0NRT,297.08,5.74,N
36.74798,43.49912,305.71,0.42,0.61,2026-06-28,2358,N,VIIRS,n,2.0NRT,292.18,0.79,N
36.74862,36.20187,327.56,0.53,0.42,2026-06-28,2358,N,VIIRS,n,2.0NRT,296.92,3.82,N
36.76552,39.12923,300.06,0.49,0.49,2026-06-28,2358,N,VIIRS,n,2.0NRT,287.14,0.51,N
36.76748,39.13108,299.74,0.49,0.49,2026-06-28,2358,N,VIIRS,n,2.0NRT,287.96,0.68,N
36.77297,38.91209,299.26,0.48,0.48,2026-06-28,2358,N,VIIRS,n,2.0NRT,287.46,0.43,N
36.77728,38.91362,338.22,0.48,0.48,2026-06-28,2358,N,VIIRS,n,2.0NRT,289.34,3.98,N
36.77767,43.32333,354.96,0.41,0.61,2026-06-28,2358,N,VIIRS,n,2.0NRT,295.7,5.51,N
36.77959,39.047,304.77,0.49,0.48,2026-06-28,2358,N,VIIRS,n,2.0NRT,286.82,1.3,N
36.78001,39.11803,304.78,0.49,0.49,2026-06-28,2358,N,VIIRS,n,2.0NRT,288.75,1.15,N
36.78201,39.04914,307.05,0.49,0.48,2026-06-28,2358,N,VIIRS,n,2.0NRT,286.96,0.36,N
36.78437,39.11961,306.68,0.49,0.49,2026-06-28,2358,N,VIIRS,n,2.0NRT,288.55,0.83,N
36.80021,37.02048,305.77,0.39,0.44,2026-06-28,2358,N,VIIRS,n,2.0NRT,294.43,0.56,N
36.81304,39.11825,316.35,0.49,0.49,2026-06-28,2358,N,VIIRS,n,2.0NRT,290.17,2.56,N
36.81366,39.17668,316.18,0.49,0.49,2026-06-28,2358,N,VIIRS,n,2.0NRT,289.67,1.15,N
36.82224,38.85712,338.87,0.48,0.48,2026-06-28,2358,N,VIIRS,n,2.0NRT,292.27,6.04,N
36.82303,38.85594,346.92,0.48,0.48,2026-06-28,2358,N,VIIRS,n,2.0NRT,293.9,12.13,N
36.82346,38.85188,305.62,0.48,0.48,2026-06-28,2358,N,VIIRS,n,2.0NRT,288.28,4.41,N
36.82653,38.85867,333.95,0.48,0.48,2026-06-28,2358,N,VIIRS,n,2.0NRT,293.69,3.22,N
36.82732,38.8575,322.15,0.48,0.48,2026-06-28,2358,N,VIIRS,n,2.0NRT,292.1,2.19,N
36.82775,38.85343,306.75,0.48,0.48,2026-06-28,2358,N,VIIRS,n,2.0NRT,289.07,1.91,N
36.83103,39.02046,311.36,0.48,0.48,2026-06-28,2358,N,VIIRS,n,2.0NRT,290.08,2.25,N
36.83537,39.02201,314.08,0.48,0.48,2026-06-28,2358,N,VIIRS,n,2.0NRT,288.99,2.11,N
36.8455,38.83709,305.02,0.47,0.48,2026-06-28,2358,N,VIIRS,n,2.0NRT,291.87,1.52,N
36.84672,38.83184,317.36,0.47,0.48,2026-06-28,2358,N,VIIRS,n,2.0NRT,293.35,1.52,N
36.86919,43.4881,335.4,0.41,0.61,2026-06-28,2358,N,VIIRS,n,2.0NRT,293.68,3.81,N
36.87189,43.48929,325.76,0.41,0.61,2026-06-28,2358,N,VIIRS,n,2.0NRT,293.43,2.71,N
36.87964,39.1364,337.91,0.49,0.49,2026-06-28,2358,N,VIIRS,n,2.0NRT,290.18,6.06,N
36.8812,39.13797,337.66,0.49,0.49,2026-06-28,2358,N,VIIRS,n,2.0NRT,289.85,4.87,N
36.88129,39.06736,302.58,0.49,0.48,2026-06-28,2358,N,VIIRS,n,2.0NRT,289.03,1.48,N
36.88245,39.13264,325.36,0.49,0.49,2026-06-28,2358,N,VIIRS,n,2.0NRT,290.41,6.27,N
36.88447,39.06383,300.54,0.49,0.48,2026-06-28,2358,N,VIIRS,n,2.0NRT,289.72,1.16,N
36.88906,31.08232,302.87,0.38,0.36,2026-06-28,2358,N,VIIRS,n,2.0NRT,292.69,0.22,N
36.89064,43.431,325.25,0.41,0.61,2026-06-28,2358,N,VIIRS,n,2.0NRT,290.02,1.65,N
36.89193,43.42624,305.01,0.41,0.61,2026-06-28,2358,N,VIIRS,n,2.0NRT,288.71,1.65,N
36.89403,43.43114,329.84,0.41,0.61,2026-06-28,2358,N,VIIRS,n,2.0NRT,290.31,2.89,N
36.89818,39.00541,313.95,0.48,0.48,2026-06-28,2358,N,VIIRS,n,2.0NRT,290.47,2.4,N
36.899,39.01027,299.36,0.48,0.48,2026-06-28,2358,N,VIIRS,n,2.0NRT,288.9,1.01,N
36.90021,39.00496,337.88,0.48,0.48,2026-06-28,2358,N,VIIRS,n,2.0NRT,291.8,6.25,N
36.90062,39.03502,303.8,0.48,0.48,2026-06-28,2358,N,VIIRS,n,2.0NRT,287.72,0.8,N
36.9016,39.04002,335.01,0.48,0.48,2026-06-28,2358,N,VIIRS,n,2.0NRT,289.46,3.19,N
36.9025,39.00695,334.44,0.48,0.48,2026-06-28,2358,N,VIIRS,n,2.0NRT,290.95,3.78,N
36.90281,39.03468,313.4,0.48,0.48,2026-06-28,2358,N,VIIRS,n,2.0NRT,288.12,3.19,N
36.90371,39.04189,307.7,0.48,0.48,2026-06-28,2358,N,VIIRS,n,2.0NRT,288.71,1.64,N
36.90374,39.00166,307.36,0.48,0.48,2026-06-28,2358,N,VIIRS,n,2.0NRT,290.01,2.19,N
36.90453,39.00652,314.11,0.48,0.48,2026-06-28,2358,N,VIIRS,n,2.0NRT,289.84,1.93,N
36.90495,39.03657,328.61,0.48,0.48,2026-06-28,2358,N,VIIRS,n,2.0NRT,289.66,3.08,N
36.90644,39.01871,312.04,0.48,0.48,2026-06-28,2358,N,VIIRS,n,2.0NRT,289.68,2.34,N
36.90992,39.01534,302.69,0.48,0.48,2026-06-28,2358,N,VIIRS,n,2.0NRT,289.19,2.63,N
36.91115,39.01004,310.27,0.48,0.48,2026-06-28,2358,N,VIIRS,n,2.0NRT,289.47,2.63,N
36.91501,41.89555,314.71,0.34,0.56,2026-06-28,2358,N,VIIRS,n,2.0NRT,290.96,1.19,N
36.91547,39.01159,340.89,0.48,0.48,2026-06-28,2358,N,VIIRS,n,2.0NRT,291.38,2.63,N
36.91671,39.00629,309.95,0.48,0.48,2026-06-28,2358,N,VIIRS,n,2.0NRT,288.67,5.06,N
36.91795,39.00099,344.91,0.48,0.48,2026-06-28,2358,N,VIIRS,n,2.0NRT,291.73,5.06,N
36.92227,39.00254,301.06,0.48,0.48,2026-06-28,2358,N,VIIRS,n,2.0NRT,287.85,0.18,N
36.92634,40.08537,328.99,0.55,0.51,2026-06-28,2358,N,VIIRS,n,2.0NRT,293.66,4.71,N
36.92801,39.59435,334.78,0.52,0.5,2026-06-28,2358,N,VIIRS,n,2.0NRT,294.59,4.59,N
36.92936,39.58861,326.85,0.52,0.5,2026-06-28,2358,N,VIIRS,n,2.0NRT,293.04,5.58,N
36.93091,40.08705,339.9,0.55,0.51,2026-06-28,2358,N,VIIRS,n,2.0NRT,293.7,4.71,N
36.94374,42.17309,314.18,0.35,0.57,2026-06-28,2358,N,VIIRS,n,2.0NRT,292.43,1.04,N
36.94476,42.1692,310.84,0.35,0.57,2026-06-28,2358,N,VIIRS,n,2.0NRT,292.04,1.04,N
36.94888,42.13205,338.79,0.35,0.57,2026-06-28,2358,N,VIIRS,n,2.0NRT,294.59,1.79,N
36.94989,42.12818,308.26,0.35,0.57,2026-06-28,2358,N,VIIRS,n,2.0NRT,294.3,1.79,N
36.9557,39.06051,301.7,0.48,0.48,2026-06-28,2358,N,VIIRS,n,2.0NRT,287.71,0.41,N
36.9627,42.07912,310.38,0.35,0.57,2026-06-28,2358,N,VIIRS,n,2.0NRT,291.7,0.83,N
36.96328,39.15019,297.52,0.49,0.49,2026-06-28,2358,N,VIIRS,n,2.0NRT,287.35,0.26,N
36.96395,39.16776,338.93,0.49,0.49,2026-06-28,2358,N,VIIRS,n,2.0NRT,289.94,4.58,N
36.96559,39.0583,300.52,0.48,0.48,2026-06-28,2358,N,VIIRS,n,2.0NRT,287.63,0.76,N
36.96585,39.17096,331.09,0.49,0.49,2026-06-28,2358,N,VIIRS,n,2.0NRT,289.58,3.61,N
36.96775,42.0811,309.24,0.35,0.57,2026-06-28,2358,N,VIIRS,n,2.0NRT,291.11,0.83,N
36.96889,38.92219,307.49,0.48,0.48,2026-06-28,2358,N,VIIRS,n,2.0NRT,290.2,1.32,N
36.96992,39.05986,300.55,0.48,0.48,2026-06-28,2358,N,VIIRS,n,2.0NRT,288.51,0.76,N
36.98748,39.14733,300.79,0.49,0.48,2026-06-28,2358,N,VIIRS,n,2.0NRT,287.24,0.81,N
36.99079,39.1452,300.41,0.49,0.48,2026-06-28,2358,N,VIIRS,n,2.0NRT,287.9,0.97,N
37.00426,40.30755,308.45,0.56,0.52,2026-06-28,2358,N,VIIRS,n,2.0NRT,291.86,1.52,N
37.01379,39.14761,301.19,0.49,0.48,2026-06-28,2358,N,VIIRS,n,2.0NRT,287.55,0.58,N
37.01644,38.87678,320.03,0.47,0.48,2026-06-28,2358,N,VIIRS,n,2.0NRT,291.96,1.72,N
37.02006,39.04015,335.72,0.48,0.48,2026-06-28,2358,N,VIIRS,n,2.0NRT,289.46,4.45,N
37.02072,38.87835,324.59,0.47,0.48,2026-06-28,2358,N,VIIRS,n,2.0NRT,293.34,1.72,N
37.03834,38.8619,339.47,0.47,0.48,2026-06-28,2358,N,VIIRS,n,2.0NRT,294.18,12.52,N
37.03849,38.961,309.79,0.48,0.48,2026-06-28,2358,N,VIIRS,n,2.0NRT,290.77,1.15,N
37.03895,38.85917,339.84,0.47,0.48,2026-06-28,2358,N,VIIRS,n,2.0NRT,294.75,22.67,N
37.04166,39.00762,305.13,0.48,0.48,2026-06-28,2358,N,VIIRS,n,2.0NRT,289.43,1.48,N
37.04261,38.86348,334.75,0.47,0.48,2026-06-28,2358,N,VIIRS,n,2.0NRT,301.07,12.52,N
37.04321,38.86077,352.87,0.47,0.48,2026-06-28,2358,N,VIIRS,n,2.0NRT,301.21,22.67,N
37.0438,38.85818,329.13,0.47,0.48,2026-06-28,2358,N,VIIRS,n,2.0NRT,294.4,17.4,N
37.04411,38.99708,325.45,0.48,0.48,2026-06-28,2358,N,VIIRS,n,2.0NRT,290.71,2.71,N
37.0472,39.00386,307.75,0.48,0.48,2026-06-28,2358,N,VIIRS,n,2.0NRT,290.09,2.71,N
37.04842,38.99859,329.31,0.48,0.48,2026-06-28,2358,N,VIIRS,n,2.0NRT,291.81,2.71,N
37.04964,38.99332,313.53,0.48,0.48,2026-06-28,2358,N,VIIRS,n,2.0NRT,289.78,1.92,N
37.05396,38.99484,301.91,0.48,0.48,2026-06-28,2358,N,VIIRS,n,2.0NRT,290.05,0.41,N
37.06553,38.9649,328.63,0.48,0.48,2026-06-28,2358,N,VIIRS,n,2.0NRT,290.37,3.89,N
37.06863,38.97168,310.33,0.48,0.48,2026-06-28,2358,N,VIIRS,n,2.0NRT,291.46,2.33,N
37.06984,38.96643,334.44,0.48,0.48,2026-06-28,2358,N,VIIRS,n,2.0NRT,291.61,4.72,N
37.08007,40.41063,311.36,0.57,0.52,2026-06-28,2358,N,VIIRS,n,2.0NRT,291.7,1.74,N
37.08146,40.36336,313.64,0.56,0.52,2026-06-28,2358,N,VIIRS,n,2.0NRT,294.08,1.9,N
37.08617,40.38551,338.38,0.56,0.52,2026-06-28,2358,N,VIIRS,n,2.0NRT,294.64,3.48,N
37.09077,40.38731,315.2,0.56,0.52,2026-06-28,2358,N,VIIRS,n,2.0NRT,293.6,3.48,N
37.09115,38.93439,304.65,0.47,0.48,2026-06-28,2358,N,VIIRS,n,2.0NRT,291.31,1.48,N
37.09228,40.38107,336.4,0.56,0.52,2026-06-28,2358,N,VIIRS,n,2.0NRT,294.48,9.72,N
37.09545,38.93591,318.22,0.47,0.48,2026-06-28,2358,N,VIIRS,n,2.0NRT,293.27,2.64,N
37.09652,39.03292,348.85,0.48,0.48,2026-06-28,2358,N,VIIRS,n,2.0NRT,294.83,8.25,N
37.09687,40.3829,304.44,0.56,0.52,2026-06-28,2358,N,VIIRS,n,2.0NRT,292.0,1.45,N
37.09768,39.08057,320.06,0.48,0.48,2026-06-28,2358,N,VIIRS,n,2.0NRT,291.27,2.49,N
37.09838,40.37666,316.94,0.56,0.52,2026-06-28,2358,N,VIIRS,n,2.0NRT,292.73,1.45,N
37.09977,39.08004,336.5,0.48,0.48,2026-06-28,2358,N,VIIRS,n,2.0NRT,292.63,12.2,N
37.10148,40.38469,306.59,0.56,0.52,2026-06-28,2358,N,VIIRS,n,2.0NRT,292.7,1.45,N
37.10201,39.08209,314.76,0.48,0.48,2026-06-28,2358,N,VIIRS,n,2.0NRT,291.16,2.49,N
37.10326,39.07678,354.08,0.48,0.48,2026-06-28,2358,N,VIIRS,n,2.0NRT,299.79,34.41,N
37.10394,39.04128,303.97,0.48,0.48,2026-06-28,2358,N,VIIRS,n,2.0NRT,292.05,1.33,N
37.1041,39.08158,317.93,0.48,0.48,2026-06-28,2358,N,VIIRS,n,2.0NRT,291.77,12.2,N
37.10469,40.41315,307.23,0.56,0.52,2026-06-28,2358,N,VIIRS,n,2.0NRT,289.47,1.46,N
37.1051,39.08892,300.95,0.48,0.48,2026-06-28,2358,N,VIIRS,n,2.0NRT,290.76,2.89,N
37.10532,39.07624,349.88,0.48,0.48,2026-06-28,2358,N,VIIRS,n,2.0NRT,299.19,12.2,N
37.106,39.09377,326.03,0.48,0.48,2026-06-28,2358,N,VIIRS,n,2.0NRT,290.16,3.72,N
37.10671,39.11121,310.24,0.48,0.48,2026-06-28,2358,N,VIIRS,n,2.0NRT,291.29,1.16,N
37.10722,39.08843,319.1,0.48,0.48,2026-06-28,2358,N,VIIRS,n,2.0NRT,291.25,3.72,N
37.10759,39.0783,306.23,0.48,0.48,2026-06-28,2358,N,VIIRS,n,2.0NRT,290.15,0.97,N
37.10882,39.11308,306.97,0.48,0.48,2026-06-28,2358,N,VIIRS,n,2.0NRT,291.74,1.05,N
37.10888,39.03286,329.38,0.48,0.48,2026-06-28,2358,N,VIIRS,n,2.0NRT,292.98,4.44,N
37.10944,39.09043,338.62,0.48,0.48,2026-06-28,2358,N,VIIRS,n,2.0NRT,293.17,2.89,N
37.11068,39.03221,330.46,0.48,0.48,2026-06-28,2358,N,VIIRS,n,2.0NRT,293.57,3.69,N
37.11272,39.7512,338.9,0.52,0.5,2026-06-28,2358,N,VIIRS,n,2.0NRT,294.9,10.99,N
37.11286,38.98174,324.67,0.48,0.48,2026-06-28,2358,N,VIIRS,n,2.0NRT,288.89,4.25,N
37.11716,38.98325,339.32,0.48,0.48,2026-06-28,2358,N,VIIRS,n,2.0NRT,292.37,4.25,N
37.11836,38.978,306.76,0.48,0.48,2026-06-28,2358,N,VIIRS,n,2.0NRT,288.17,4.25,N
37.12119,38.9803,301.03,0.48,0.48,2026-06-28,2358,N,VIIRS,n,2.0NRT,288.21,0.35,N
37.12906,40.92737,327.89,0.6,0.53,2026-06-28,2358,N,VIIRS,n,2.0NRT,296.31,5.46,N
37.13191,38.89797,338.5,0.47,0.48,2026-06-28,2358,N,VIIRS,n,2.0NRT,294.01,4.89,N
37.1338,40.92915,316.47,0.6,0.53,2026-06-28,2358,N,VIIRS,n,2.0NRT,296.12,3.02,N
37.15363,42.5607,311.39,0.36,0.58,2026-06-28,2358,N,VIIRS,n,2.0NRT,293.13,0.79,N
37.15878,42.56272,304.98,0.36,0.58,2026-06-28,2358,N,VIIRS,n,2.0NRT,292.19,0.4,N
37.15904,39.20029,324.2,0.49,0.48,2026-06-28,2358,N,VIIRS,n,2.0NRT,293.51,2.77,N
37.16339,39.20181,308.29,0.49,0.48,2026-06-28,2358,N,VIIRS,n,2.0NRT,292.95,0.8,N
37.19319,42.51855,304.49,0.36,0.57,2026-06-28,2358,N,VIIRS,n,2.0NRT,293.42,0.79,N
37.19599,39.82594,335.5,0.52,0.5,2026-06-28,2358,N,VIIRS,n,2.0NRT,293.77,5.11,N
37.23462,39.90541,324.49,0.53,0.5,2026-06-28,2358,N,VIIRS,n,2.0NRT,295.26,2.02,N
37.2347,39.90959,316.04,0.53,0.5,2026-06-28,2358,N,VIIRS,n,2.0NRT,294.59,2.76,N
37.2509,39.75824,344.69,0.52,0.5,2026-06-28,2358,N,VIIRS,n,2.0NRT,294.2,6.63,N
37.25367,30.44359,319.88,0.39,0.36,2026-06-28,2358,N,VIIRS,n,2.0NRT,294.57,1.87,N
37.25537,39.75982,326.37,0.52,0.5,2026-06-28,2358,N,VIIRS,n,2.0NRT,293.65,2.41,N
37.26473,39.71999,324.66,0.52,0.5,2026-06-28,2358,N,VIIRS,n,2.0NRT,292.95,3.33,N
37.26919,39.7216,324.05,0.52,0.5,2026-06-28,2358,N,VIIRS,n,2.0NRT,293.87,3.33,N
37.2954,42.36453,302.93,0.35,0.57,2026-06-28,2358,N,VIIRS,n,2.0NRT,291.01,5.73,N
37.29576,42.36297,339.91,0.35,0.57,2026-06-28,2358,N,VIIRS,n,2.0NRT,292.45,6.29,N
37.29619,37.15834,311.64,0.38,0.43,2026-06-28,2358,N,VIIRS,n,2.0NRT,294.69,1.12,N
37.29638,42.36072,367.0,0.35,0.57,2026-06-28,2358,N,VIIRS,h,2.0NRT,296.73,5.73,N
37.29677,42.35918,367.0,0.35,0.57,2026-06-28,2358,N,VIIRS,h,2.0NRT,294.32,6.29,N
37.29737,42.3569,317.22,0.35,0.57,2026-06-28,2358,N,VIIRS,n,2.0NRT,291.18,7.26,N
37.29778,42.35537,304.91,0.35,0.57,2026-06-28,2358,N,VIIRS,n,2.0NRT,291.04,3.96,N
37.30085,42.36494,303.4,0.35,0.57,2026-06-28,2358,N,VIIRS,n,2.0NRT,291.7,1.91,N
37.30146,42.36272,319.82,0.35,0.57,2026-06-28,2358,N,VIIRS,n,2.0NRT,293.52,2.61,N
37.30185,42.36117,338.61,0.35,0.57,2026-06-28,2358,N,VIIRS,n,2.0NRT,293.84,1.91,N
37.30244,42.35894,336.64,0.35,0.57,2026-06-28,2358,N,VIIRS,n,2.0NRT,292.95,3.91,N
37.30285,42.3574,325.4,0.35,0.57,2026-06-28,2358,N,VIIRS,n,2.0NRT,292.12,2.88,N
37.67114,38.09044,324.32,0.42,0.45,2026-06-28,2358,N,VIIRS,n,2.0NRT,291.36,2.63,N
37.83738,28.22344,314.85,0.43,0.38,2026-06-28,2358,N,VIIRS,n,2.0NRT,290.16,1.07,N
37.84682,39.08072,329.46,0.46,0.47,2026-06-28,2358,N,VIIRS,n,2.0NRT,294.71,3.2,N
37.85117,39.08179,325.84,0.46,0.47,2026-06-28,2358,N,VIIRS,n,2.0NRT,294.36,3.2,N
37.86345,29.36998,303.32,0.4,0.37,2026-06-28,2358,N,VIIRS,n,2.0NRT,292.82,0.72,N
37.93948,32.5318,305.57,0.39,0.36,2026-06-28,2358,N,VIIRS,n,2.0NRT,289.43,0.59,N
38.42723,27.21799,315.58,0.47,0.39,2026-06-28,2358,N,VIIRS,n,2.0NRT,296.81,1.91,N
38.42752,27.21681,316.26,0.47,0.39,2026-06-28,2358,N,VIIRS,n,2.0NRT,297.35,2.62,N
38.45477,38.72495,304.5,0.43,0.46,2026-06-28,2358,N,VIIRS,n,2.0NRT,291.3,1.07,N
38.64077,27.62185,306.08,0.45,0.39,2026-06-28,2358,N,VIIRS,n,2.0NRT,293.52,0.67,N
38.73801,26.94798,313.55,0.48,0.4,2026-06-28,2358,N,VIIRS,n,2.0NRT,296.7,1.76,N
38.74,26.93134,322.19,0.48,0.4,2026-06-28,2358,N,VIIRS,n,2.0NRT,295.99,3.13,N
38.74369,26.93201,312.24,0.48,0.4,2026-06-28,2358,N,VIIRS,n,2.0NRT,293.53,1.46,N
38.74539,26.94942,306.32,0.48,0.4,2026-06-28,2358,N,VIIRS,n,2.0NRT,295.07,1.35,N
38.7541,26.93977,314.51,0.48,0.4,2026-06-28,2358,N,VIIRS,n,2.0NRT,294.66,1.2,N
38.80533,26.93357,314.52,0.48,0.4,2026-06-28,2358,N,VIIRS,n,2.0NRT,293.9,2.1,N
39.09198,27.51096,305.84,0.46,0.39,2026-06-28,2358,N,VIIRS,n,2.0NRT,291.3,1.16,N
39.0956,27.51156,301.39,0.46,0.39,2026-06-28,2358,N,VIIRS,n,2.0NRT,291.25,0.7,N
39.11661,27.52136,302.35,0.46,0.39,2026-06-28,2358,N,VIIRS,n,2.0NRT,291.25,0.58,N
39.16962,27.63126,307.41,0.46,0.39,2026-06-28,2358,N,VIIRS,n,2.0NRT,293.49,1.19,N
39.18246,27.49613,305.23,0.46,0.39,2026-06-28,2358,N,VIIRS,n,2.0NRT,292.68,0.93,N
39.48517,30.04039,299.44,0.4,0.37,2026-06-28,2358,N,VIIRS,n,2.0NRT,287.41,0.82,N
39.59679,32.42269,300.39,0.39,0.36,2026-06-28,2358,N,VIIRS,n,2.0NRT,288.04,1.15,N
39.74471,30.19849,305.95,0.39,0.37,2026-06-28,2358,N,VIIRS,n,2.0NRT,288.27,0.64,N
39.83867,30.2991,306.58,0.39,0.36,2026-06-28,2358,N,VIIRS,n,2.0NRT,288.78,1.23,N
39.86673,26.24258,316.16,0.53,0.42,2026-06-28,2358,N,VIIRS,n,2.0NRT,295.37,2.4,N
39.90152,28.87044,332.74,0.42,0.38,2026-06-28,2358,N,VIIRS,n,2.0NRT,287.82,3.73,N
40.44452,27.13223,311.15,0.49,0.4,2026-06-28,2358,N,VIIRS,n,2.0NRT,292.71,1.95,N
40.44826,27.13289,324.42,0.49,0.4,2026-06-28,2358,N,VIIRS,n,2.0NRT,294.02,1.95,N
35.6819,43.87885,367.0,0.56,0.51,2026-06-29,939,N,VIIRS,h,2.0NRT,320.85,77.72,D
35.68216,43.8784,352.98,0.56,0.51,2026-06-29,939,N,VIIRS,n,2.0NRT,324.44,43.4,D
35.68679,43.87683,348.59,0.56,0.51,2026-06-29,939,N,VIIRS,n,2.0NRT,320.42,43.4,D
35.72065,37.33399,367.0,0.61,0.71,2026-06-29,939,N,VIIRS,h,2.0NRT,316.65,12.48,D
35.85606,39.28459,350.09,0.48,0.65,2026-06-29,939,N,VIIRS,n,2.0NRT,310.8,4.87,D
35.92205,37.04405,342.26,0.63,0.72,2026-06-29,939,N,VIIRS,n,2.0NRT,309.42,4.44,D
35.92411,37.05087,335.42,0.63,0.72,2026-06-29,939,N,VIIRS,n,2.0NRT,309.44,4.44,D
35.9473,36.51066,337.71,0.67,0.73,2026-06-29,939,N,VIIRS,n,2.0NRT,310.8,4.48,D
35.98267,43.76909,348.73,0.56,0.51,2026-06-29,939,N,VIIRS,n,2.0NRT,321.17,12.98,D
35.99719,43.76187,350.3,0.56,0.51,2026-06-29,939,N,VIIRS,n,2.0NRT,320.75,8.76,D
36.01115,38.76522,347.17,0.51,0.66,2026-06-29,939,N,VIIRS,n,2.0NRT,313.84,6.55,D
36.02499,37.01152,346.98,0.63,0.72,2026-06-29,939,N,VIIRS,n,2.0NRT,308.78,7.24,D
36.02703,37.01831,367.0,0.63,0.72,2026-06-29,939,N,VIIRS,h,2.0NRT,310.27,13.2,D
36.02997,37.01486,367.0,0.63,0.72,2026-06-29,939,N,VIIRS,h,2.0NRT,311.58,19.87,D
36.13291,43.29847,352.18,0.59,0.52,2026-06-29,939,N,VIIRS,n,2.0NRT,319.8,11.62,D
36.14432,43.64219,345.11,0.56,0.52,2026-06-29,939,N,VIIRS,n,2.0NRT,316.36,33.23,D
36.41733,43.78733,352.41,0.54,0.51,2026-06-29,939,N,VIIRS,n,2.0NRT,318.54,11.92,D
36.41872,43.79311,345.36,0.54,0.51,2026-06-29,939,N,VIIRS,n,2.0NRT,320.09,9.8,D
36.51042,39.04211,354.47,0.48,0.65,2026-06-29,939,N,VIIRS,n,2.0NRT,310.61,3.99,D
36.51095,37.72101,344.66,0.56,0.69,2026-06-29,939,N,VIIRS,n,2.0NRT,313.91,3.25,D
36.51505,37.71867,343.63,0.56,0.69,2026-06-29,939,N,VIIRS,n,2.0NRT,313.24,3.9,D
36.54918,40.85268,367.0,0.38,0.59,2026-06-29,939,N,VIIRS,h,2.0NRT,326.24,19.87,D
36.55441,40.85046,367.0,0.38,0.59,2026-06-29,939,N,VIIRS,h,2.0NRT,319.99,17.61,D
36.56256,38.98758,341.43,0.48,0.65,2026-06-29,939,N,VIIRS,n,2.0NRT,311.35,4.03,D
36.62601,43.33467,342.58,0.57,0.52,2026-06-29,939,N,VIIRS,n,2.0NRT,315.95,5.38,D
36.63064,43.33296,344.12,0.57,0.52,2026-06-29,939,N,VIIRS,n,2.0NRT,317.68,7.66,D
36.68559,42.66216,348.5,0.61,0.54,2026-06-29,939,N,VIIRS,n,2.0NRT,320.36,26.34,D
36.71152,39.29268,351.22,0.46,0.64,2026-06-29,939,N,VIIRS,n,2.0NRT,317.07,20.7,D
36.71289,39.29763,350.34,0.46,0.63,2026-06-29,939,N,VIIRS,n,2.0NRT,313.9,19.48,D
36.71464,39.28775,337.39,0.46,0.63,2026-06-29,939,N,VIIRS,n,2.0NRT,312.19,16.0,D
36.71603,39.29269,367.0,0.46,0.63,2026-06-29,939,N,VIIRS,h,2.0NRT,315.67,16.0,D
36.71715,39.29029,353.83,0.46,0.64,2026-06-29,939,N,VIIRS,n,2.0NRT,312.5,6.09,D
36.7742,43.32406,344.35,0.56,0.52,2026-06-29,939,N,VIIRS,n,2.0NRT,314.79,5.57,D
36.776,43.32894,343.74,0.56,0.52,2026-06-29,939,N,VIIRS,n,2.0NRT,312.76,12.57,D
36.78348,39.12751,339.17,0.47,0.64,2026-06-29,939,N,VIIRS,n,2.0NRT,312.37,2.69,D
36.84577,38.99379,343.25,0.47,0.64,2026-06-29,939,N,VIIRS,n,2.0NRT,313.82,2.95,D
36.84851,38.9917,343.88,0.47,0.64,2026-06-29,939,N,VIIRS,n,2.0NRT,312.5,3.48,D
36.86162,39.07329,354.63,0.47,0.64,2026-06-29,939,N,VIIRS,n,2.0NRT,315.17,7.69,D
36.8899,43.42872,336.98,0.55,0.51,2026-06-29,939,N,VIIRS,n,2.0NRT,306.85,3.19,D
36.90975,38.98285,341.81,0.47,0.64,2026-06-29,939,N,VIIRS,n,2.0NRT,314.02,2.4,D
36.91544,38.98041,354.88,0.47,0.64,2026-06-29,939,N,VIIRS,n,2.0NRT,314.22,6.15,D
36.93668,38.54396,349.67,0.5,0.65,2026-06-29,939,N,VIIRS,n,2.0NRT,312.65,6.68,D
36.93813,38.54551,367.0,0.49,0.65,2026-06-29,939,N,VIIRS,h,2.0NRT,313.44,11.14,D
36.94027,42.17397,352.52,0.32,0.55,2026-06-29,939,N,VIIRS,n,2.0NRT,321.99,4.88,D
36.9547,40.29855,346.58,0.4,0.6,2026-06-29,939,N,VIIRS,n,2.0NRT,320.66,7.97,D
36.95589,40.30298,367.0,0.4,0.6,2026-06-29,939,N,VIIRS,h,2.0NRT,319.25,10.11,D
36.95934,38.91786,354.19,0.47,0.64,2026-06-29,939,N,VIIRS,n,2.0NRT,324.06,29.74,D
36.96075,38.91477,346.63,0.47,0.64,2026-06-29,939,N,VIIRS,n,2.0NRT,315.14,27.51,D
36.96219,38.91991,367.0,0.47,0.64,2026-06-29,939,N,VIIRS,h,2.0NRT,321.18,27.51,D
36.96503,38.91544,367.0,0.47,0.64,2026-06-29,939,N,VIIRS,h,2.0NRT,316.2,29.74,D
37.01256,40.27597,349.08,0.4,0.6,2026-06-29,939,N,VIIRS,n,2.0NRT,316.67,19.1,D
37.01375,40.28035,367.0,0.4,0.6,2026-06-29,939,N,VIIRS,h,2.0NRT,322.38,28.04,D
37.01872,41.22395,367.0,0.36,0.57,2026-06-29,939,N,VIIRS,h,2.0NRT,315.66,13.82,D
37.02384,41.22197,354.19,0.36,0.57,2026-06-29,939,N,VIIRS,n,2.0NRT,316.87,13.82,D
37.02486,41.22586,367.0,0.36,0.57,2026-06-29,939,N,VIIRS,h,2.0NRT,317.53,13.82,D
37.03155,39.17223,352.5,0.46,0.63,2026-06-29,939,N,VIIRS,n,2.0NRT,317.14,8.88,D
37.03297,39.17517,354.51,0.46,0.63,2026-06-29,939,N,VIIRS,n,2.0NRT,317.39,8.33,D
37.0333,41.55772,367.0,0.34,0.56,2026-06-29,939,N,VIIRS,h,2.0NRT,321.28,9.13,D
37.04499,40.37413,349.2,0.4,0.6,2026-06-29,939,N,VIIRS,n,2.0NRT,318.48,5.12,D
37.04529,40.24334,367.0,0.4,0.6,2026-06-29,939,N,VIIRS,h,2.0NRT,323.26,75.7,D
37.05299,40.24994,348.65,0.4,0.6,2026-06-29,939,N,VIIRS,n,2.0NRT,320.61,7.09,D
37.05417,40.25432,367.0,0.4,0.6,2026-06-29,939,N,VIIRS,h,2.0NRT,318.14,9.92,D
37.05536,40.25874,367.0,0.4,0.6,2026-06-29,939,N,VIIRS,h,2.0NRT,316.11,9.92,D
37.079,40.30292,354.07,0.4,0.6,2026-06-29,939,N,VIIRS,n,2.0NRT,315.76,7.02,D
37.08776,39.03543,348.26,0.46,0.64,2026-06-29,939,N,VIIRS,n,2.0NRT,315.86,6.72,D
37.09314,40.22493,343.87,0.4,0.6,2026-06-29,939,N,VIIRS,n,2.0NRT,316.87,4.56,D
37.09435,40.22936,345.01,0.4,0.6,2026-06-29,939,N,VIIRS,n,2.0NRT,313.47,5.49,D
37.09462,40.22824,355.38,0.4,0.6,2026-06-29,939,N,VIIRS,n,2.0NRT,315.85,5.97,D
37.11951,40.965,350.62,0.37,0.58,2026-06-29,939,N,VIIRS,n,2.0NRT,318.02,10.53,D
37.12057,40.96904,367.0,0.37,0.58,2026-06-29,939,N,VIIRS,h,2.0NRT,312.26,10.53,D
37.12468,40.96299,367.0,0.37,0.58,2026-06-29,939,N,VIIRS,h,2.0NRT,317.17,10.53,D
37.12574,40.96704,340.77,0.37,0.58,2026-06-29,939,N,VIIRS,n,2.0NRT,315.61,10.53,D
38.26599,35.11973,335.14,0.67,0.74,2026-06-29,939,N,VIIRS,n,2.0NRT,302.86,4.58,D
40.15914,44.32957,342.87,0.42,0.45,2026-06-29,939,N,VIIRS,n,2.0NRT,309.1,5.29,D
35.62715,44.00779,367.0,0.71,0.75,2026-06-29,1117,N,VIIRS,h,2.0NRT,313.19,13.08,D
35.62733,44.01582,355.94,0.71,0.75,2026-06-29,1117,N,VIIRS,n,2.0NRT,314.15,13.08,D
35.63148,44.0088,355.68,0.71,0.75,2026-06-29,1117,N,VIIRS,n,2.0NRT,310.22,8.55,D
35.63162,44.01682,345.31,0.71,0.75,2026-06-29,1117,N,VIIRS,n,2.0NRT,311.91,14.14,D
35.65898,43.96643,367.0,0.7,0.75,2026-06-29,1117,N,VIIRS,h,2.0NRT,314.0,20.35,D
35.66147,43.96559,367.0,0.7,0.75,2026-06-29,1117,N,VIIRS,h,2.0NRT,313.16,12.09,D
35.66167,43.97379,340.23,0.7,0.75,2026-06-29,1117,N,VIIRS,n,2.0NRT,312.13,13.18,D
35.68035,43.87627,355.09,0.7,0.75,2026-06-29,1117,N,VIIRS,n,2.0NRT,314.64,19.97,D
35.68055,43.88423,353.65,0.7,0.75,2026-06-29,1117,N,VIIRS,n,2.0NRT,312.76,19.97,D
35.68536,43.87662,342.07,0.7,0.75,2026-06-29,1117,N,VIIRS,n,2.0NRT,315.21,43.15,D
35.68553,43.88469,367.0,0.7,0.75,2026-06-29,1117,N,VIIRS,h,2.0NRT,314.3,58.18,D
35.68736,43.87593,349.46,0.7,0.75,2026-06-29,1117,N,VIIRS,n,2.0NRT,313.02,19.97,D
35.68757,43.88403,367.0,0.7,0.75,2026-06-29,1117,N,VIIRS,h,2.0NRT,312.41,19.97,D
35.72417,44.04549,367.0,0.71,0.75,2026-06-29,1117,N,VIIRS,h,2.0NRT,312.03,17.86,D
35.73106,44.03671,335.72,0.71,0.75,2026-06-29,1117,N,VIIRS,n,2.0NRT,310.02,4.16,D
35.76936,44.00012,343.56,0.71,0.75,2026-06-29,1117,N,VIIRS,n,2.0NRT,312.42,8.59,D
35.88155,38.12966,351.77,0.33,0.56,2026-06-29,1117,N,VIIRS,n,2.0NRT,316.82,3.59,D
35.96062,38.45669,367.0,0.35,0.57,2026-06-29,1117,N,VIIRS,h,2.0NRT,318.68,14.14,D
35.96087,38.46062,356.86,0.35,0.57,2026-06-29,1117,N,VIIRS,n,2.0NRT,319.37,14.14,D
35.97838,43.77555,343.88,0.69,0.74,2026-06-29,1117,N,VIIRS,n,2.0NRT,313.39,8.86,D
35.98059,43.77752,344.3,0.69,0.74,2026-06-29,1117,N,VIIRS,n,2.0NRT,313.22,6.89,D
35.99921,43.76758,341.94,0.69,0.74,2026-06-29,1117,N,VIIRS,n,2.0NRT,310.56,5.74,D
36.02913,37.96955,341.23,0.33,0.55,2026-06-29,1117,N,VIIRS,n,2.0NRT,315.18,2.3,D
36.0603,37.89571,353.37,0.33,0.55,2026-06-29,1117,N,VIIRS,n,2.0NRT,313.55,2.77,D
36.06736,38.78241,367.0,0.37,0.58,2026-06-29,1117,N,VIIRS,h,2.0NRT,317.62,9.8,D
36.06956,38.78257,367.0,0.37,0.58,2026-06-29,1117,N,VIIRS,h,2.0NRT,317.61,9.25,D
36.08291,37.66384,353.8,0.63,0.54,2026-06-29,1117,N,VIIRS,n,2.0NRT,315.54,8.07,D
36.09067,38.86414,354.32,0.37,0.58,2026-06-29,1117,N,VIIRS,n,2.0NRT,314.55,5.35,D
36.10854,38.79991,345.1,0.37,0.58,2026-06-29,1117,N,VIIRS,n,2.0NRT,316.91,1.97,D
36.13311,43.29597,344.35,0.65,0.73,2026-06-29,1117,N,VIIRS,n,2.0NRT,316.25,6.41,D
36.13338,43.30091,345.95,0.65,0.73,2026-06-29,1117,N,VIIRS,n,2.0NRT,315.35,14.69,D
36.13995,43.29577,367.0,0.65,0.73,2026-06-29,1117,N,VIIRS,h,2.0NRT,316.62,14.5,D
36.14006,43.29309,367.0,0.65,0.73,2026-06-29,1117,N,VIIRS,h,2.0NRT,317.38,29.18,D
36.14015,43.30327,344.33,0.65,0.73,2026-06-29,1117,N,VIIRS,n,2.0NRT,307.8,14.5,D
36.14022,43.30064,367.0,0.65,0.73,2026-06-29,1117,N,VIIRS,h,2.0NRT,309.32,14.69,D
36.19933,37.6739,344.74,0.64,0.54,2026-06-29,1117,N,VIIRS,n,2.0NRT,314.35,5.13,D
36.20078,37.67267,343.5,0.64,0.54,2026-06-29,1117,N,VIIRS,n,2.0NRT,313.91,6.91,D
36.22553,36.44679,347.34,0.54,0.51,2026-06-29,1117,N,VIIRS,n,2.0NRT,314.78,6.51,D
36.28188,42.99565,367.0,0.63,0.72,2026-06-29,1117,N,VIIRS,h,2.0NRT,321.3,25.25,D
36.28405,42.99462,367.0,0.63,0.72,2026-06-29,1117,N,VIIRS,h,2.0NRT,321.52,28.72,D
36.46529,39.05001,350.87,0.38,0.59,2026-06-29,1117,N,VIIRS,n,2.0NRT,315.81,18.2,D
36.46555,39.05439,367.0,0.38,0.59,2026-06-29,1117,N,VIIRS,h,2.0NRT,317.34,18.2,D
36.52698,38.87692,348.34,0.37,0.58,2026-06-29,1117,N,VIIRS,n,2.0NRT,317.71,7.55,D
36.63369,36.68464,353.26,0.57,0.52,2026-06-29,1117,N,VIIRS,n,2.0NRT,318.62,29.03,D
36.67607,36.49256,344.77,0.55,0.51,2026-06-29,1117,N,VIIRS,n,2.0NRT,311.13,8.07,D
36.71483,36.20366,341.2,0.53,0.5,2026-06-29,1117,N,VIIRS,n,2.0NRT,308.55,3.85,D
36.71677,36.20175,349.67,0.53,0.5,2026-06-29,1117,N,VIIRS,n,2.0NRT,310.52,6.38,D
36.77282,43.32788,350.01,0.66,0.73,2026-06-29,1117,N,VIIRS,n,2.0NRT,310.13,7.16,D
36.77307,43.33057,352.17,0.66,0.73,2026-06-29,1117,N,VIIRS,n,2.0NRT,310.28,8.76,D
36.79372,34.89186,340.68,0.45,0.47,2026-06-29,1117,N,VIIRS,n,2.0NRT,311.84,5.7,D
36.79419,34.89701,342.25,0.45,0.47,2026-06-29,1117,N,VIIRS,n,2.0NRT,311.02,5.7,D
36.81828,40.33653,355.2,0.45,0.63,2026-06-29,1117,N,VIIRS,n,2.0NRT,320.81,14.22,D
36.82003,39.08108,345.74,0.39,0.59,2026-06-29,1117,N,VIIRS,n,2.0NRT,317.45,3.66,D
36.82066,39.08117,344.09,0.39,0.59,2026-06-29,1117,N,VIIRS,n,2.0NRT,316.19,3.42,D
36.82418,40.33613,367.0,0.45,0.63,2026-06-29,1117,N,VIIRS,h,2.0NRT,317.49,13.21,D
36.82976,38.95622,348.63,0.38,0.59,2026-06-29,1117,N,VIIRS,n,2.0NRT,315.03,6.44,D
36.83001,38.96069,367.0,0.38,0.59,2026-06-29,1117,N,VIIRS,h,2.0NRT,318.72,10.61,D
36.86535,43.48657,331.01,0.68,0.74,2026-06-29,1117,N,VIIRS,n,2.0NRT,302.66,1.88,D
36.87921,39.14732,348.75,0.39,0.59,2026-06-29,1117,N,VIIRS,n,2.0NRT,317.29,37.59,D
36.88475,39.1469,367.0,0.39,0.59,2026-06-29,1117,N,VIIRS,h,2.0NRT,330.41,37.59,D
36.89214,43.43476,332.1,0.67,0.74,2026-06-29,1117,N,VIIRS,n,2.0NRT,301.37,3.76,D
36.93826,42.12616,348.47,0.57,0.69,2026-06-29,1117,N,VIIRS,n,2.0NRT,315.93,7.71,D
36.93858,42.12267,350.95,0.57,0.69,2026-06-29,1117,N,VIIRS,n,2.0NRT,315.69,7.69,D
36.94592,34.85486,341.51,0.45,0.47,2026-06-29,1117,N,VIIRS,n,2.0NRT,311.25,2.86,D
36.95026,34.85413,339.08,0.45,0.47,2026-06-29,1117,N,VIIRS,n,2.0NRT,308.24,2.77,D
36.97443,40.43232,348.02,0.46,0.63,2026-06-29,1117,N,VIIRS,n,2.0NRT,318.28,4.3,D
36.99914,38.92487,367.0,0.38,0.59,2026-06-29,1117,N,VIIRS,h,2.0NRT,314.47,6.39,D
37.03891,41.0589,348.4,0.5,0.66,2026-06-29,1117,N,VIIRS,n,2.0NRT,316.41,5.48,D
37.03913,41.06466,349.94,0.5,0.66,2026-06-29,1117,N,VIIRS,n,2.0NRT,316.42,5.48,D
37.03933,41.06142,367.0,0.5,0.66,2026-06-29,1117,N,VIIRS,h,2.0NRT,316.93,8.85,D
37.07607,40.36921,354.13,0.46,0.63,2026-06-29,1117,N,VIIRS,n,2.0NRT,318.13,9.79,D
37.07922,40.37055,354.69,0.46,0.63,2026-06-29,1117,N,VIIRS,n,2.0NRT,320.1,12.48,D
37.11679,39.78361,355.51,0.42,0.61,2026-06-29,1117,N,VIIRS,n,2.0NRT,314.23,14.47,D
37.11703,39.78854,367.0,0.42,0.61,2026-06-29,1117,N,VIIRS,h,2.0NRT,322.55,14.47,D
37.20429,36.97496,347.39,0.59,0.53,2026-06-29,1117,N,VIIRS,n,2.0NRT,317.55,12.77,D
37.54378,37.72678,343.58,0.33,0.55,2026-06-29,1117,N,VIIRS,n,2.0NRT,314.02,2.48,D
38.51834,37.52118,353.1,0.33,0.55,2026-06-29,1117,N,VIIRS,n,2.0NRT,310.29,2.88,D
38.14687,29.7638,357.0,0.42,0.38,2026-06-29,1119,N,VIIRS,n,2.0NRT,312.69,6.73,D
38.1475,29.76867,340.76,0.42,0.38,2026-06-29,1119,N,VIIRS,n,2.0NRT,312.84,3.42,D
38.51277,28.57495,346.5,0.4,0.37,2026-06-29,1119,N,VIIRS,n,2.0NRT,317.59,15.97,D
38.66004,29.22808,343.18,0.41,0.37,2026-06-29,1119,N,VIIRS,n,2.0NRT,315.3,3.81,D
38.66346,29.22733,355.22,0.41,0.37,2026-06-29,1119,N,VIIRS,n,2.0NRT,323.71,19.76,D
38.66408,29.23205,353.88,0.41,0.37,2026-06-29,1119,N,VIIRS,n,2.0NRT,321.93,10.71,D
38.66687,29.22659,354.73,0.41,0.37,2026-06-29,1119,N,VIIRS,n,2.0NRT,317.68,19.76,D
38.6675,29.2313,350.88,0.41,0.37,2026-06-29,1119,N,VIIRS,n,2.0NRT,315.62,10.71,D
39.56945,34.04548,342.87,0.44,0.46,2026-06-29,1119,N,VIIRS,n,2.0NRT,310.17,8.04,D
40.01282,31.95422,337.44,0.53,0.42,2026-06-29,1119,N,VIIRS,n,2.0NRT,309.03,3.85,D
40.05045,33.58345,338.22,0.42,0.45,2026-06-29,1119,N,VIIRS,n,2.0NRT,305.98,2.66,D
40.61972,29.24324,337.27,0.43,0.38,2026-06-29,1119,N,VIIRS,n,2.0NRT,306.89,4.92,D
40.83854,30.35088,336.95,0.47,0.39,2026-06-29,1119,N,VIIRS,n,2.0NRT,307.74,4.83,D
40.83915,30.3528,338.51,0.47,0.39,2026-06-29,1119,N,VIIRS,n,2.0NRT,308.98,3.0,D
41.24066,36.46711,345.8,0.61,0.54,2026-06-29,1119,N,VIIRS,n,2.0NRT,305.56,8.77,D
41.2751,26.73458,348.31,0.39,0.36,2026-06-29,1119,N,VIIRS,n,2.0NRT,313.48,8.59,D
35.52353,44.33807,309.51,0.7,0.75,2026-06-29,2157,N,VIIRS,n,2.0NRT,294.25,1.9,N
35.52794,44.33643,329.34,0.7,0.75,2026-06-29,2157,N,VIIRS,n,2.0NRT,295.2,5.91,N
35.53057,44.33855,318.59,0.7,0.75,2026-06-29,2157,N,VIIRS,n,2.0NRT,294.37,4.18,N
35.53079,44.33026,313.34,0.7,0.75,2026-06-29,2157,N,VIIRS,n,2.0NRT,295.8,5.33,N
35.53498,44.33708,310.25,0.7,0.75,2026-06-29,2157,N,VIIRS,n,2.0NRT,293.69,3.16,N
35.62728,44.00512,367.0,0.73,0.76,2026-06-29,2157,N,VIIRS,h,2.0NRT,298.87,17.93,N
35.62932,44.00941,337.54,0.73,0.76,2026-06-29,2157,N,VIIRS,n,2.0NRT,295.58,9.09,N
35.62946,44.00079,344.7,0.73,0.76,2026-06-29,2157,N,VIIRS,n,2.0NRT,296.55,9.09,N
35.65887,43.96004,345.94,0.74,0.76,2026-06-29,2157,N,VIIRS,n,2.0NRT,296.09,8.67,N
35.66407,43.96458,341.37,0.74,0.76,2026-06-29,2157,N,VIIRS,n,2.0NRT,297.49,11.21,N
35.66427,43.95605,329.61,0.74,0.76,2026-06-29,2157,N,VIIRS,n,2.0NRT,296.22,12.84,N
35.66606,43.96059,340.0,0.74,0.76,2026-06-29,2157,N,VIIRS,n,2.0NRT,297.53,8.67,N
35.68044,43.87878,305.19,0.75,0.77,2026-06-29,2157,N,VIIRS,n,2.0NRT,294.68,5.74,N
35.68063,43.87013,337.71,0.75,0.77,2026-06-29,2157,N,VIIRS,n,2.0NRT,294.66,11.05,N
35.68198,43.87459,353.14,0.75,0.77,2026-06-29,2157,N,VIIRS,n,2.0NRT,298.42,25.18,N
35.68213,43.86576,332.94,0.75,0.77,2026-06-29,2157,N,VIIRS,n,2.0NRT,294.28,25.18,N
35.68919,43.87506,342.43,0.75,0.77,2026-06-29,2157,N,VIIRS,n,2.0NRT,295.87,5.75,N
35.68935,43.8662,313.35,0.75,0.77,2026-06-29,2157,N,VIIRS,n,2.0NRT,294.15,5.75,N
35.72192,44.0407,335.0,0.73,0.76,2026-06-29,2157,N,VIIRS,n,2.0NRT,295.34,9.82,N
35.7221,44.03196,337.43,0.73,0.76,2026-06-29,2157,N,VIIRS,n,2.0NRT,295.57,13.21,N
35.72472,44.0426,310.65,0.73,0.76,2026-06-29,2157,N,VIIRS,n,2.0NRT,294.72,9.85,N
35.72486,44.03389,367.0,0.73,0.76,2026-06-29,2157,N,VIIRS,h,2.0NRT,298.13,9.85,N
35.72906,44.04147,312.58,0.73,0.76,2026-06-29,2157,N,VIIRS,n,2.0NRT,295.01,5.1,N
35.72925,44.0328,325.78,0.73,0.76,2026-06-29,2157,N,VIIRS,n,2.0NRT,296.46,4.34,N
35.72943,44.02406,305.87,0.73,0.76,2026-06-29,2157,N,VIIRS,n,2.0NRT,295.01,4.34,N
35.73216,44.02591,311.05,0.73,0.76,2026-06-29,2157,N,VIIRS,n,2.0NRT,296.2,4.39,N
35.76857,43.99439,307.68,0.74,0.76,2026-06-29,2157,N,VIIRS,n,2.0NRT,296.86,4.98,N
35.77317,43.99296,328.3,0.74,0.76,2026-06-29,2157,N,VIIRS,n,2.0NRT,297.48,6.3,N
35.77573,43.99511,311.06,0.74,0.76,2026-06-29,2157,N,VIIRS,n,2.0NRT,296.9,5.3,N
35.95535,43.72525,305.36,0.76,0.77,2026-06-29,2157,N,VIIRS,n,2.0NRT,294.77,1.76,N
35.97771,43.76699,309.04,0.76,0.77,2026-06-29,2157,N,VIIRS,n,2.0NRT,295.18,6.2,N
35.98356,43.77009,305.22,0.76,0.77,2026-06-29,2157,N,VIIRS,n,2.0NRT,294.79,2.68,N
35.98373,43.76156,319.69,0.76,0.77,2026-06-29,2157,N,VIIRS,n,2.0NRT,295.83,4.55,N
35.98497,43.76685,311.65,0.76,0.77,2026-06-29,2157,N,VIIRS,n,2.0NRT,295.01,4.27,N
35.99964,43.75811,318.14,0.76,0.77,2026-06-29,2157,N,VIIRS,n,2.0NRT,293.53,2.58,N
36.01546,43.67766,311.36,0.77,0.77,2026-06-29,2157,N,VIIRS,n,2.0NRT,293.76,2.36,N
35.52501,44.34269,309.01,0.56,0.51,2026-06-29,2337,N,VIIRS,n,2.0NRT,296.96,2.69,N
35.53106,44.33833,334.61,0.55,0.51,2026-06-29,2337,N,VIIRS,n,2.0NRT,298.43,3.11,N
35.53568,44.33989,308.44,0.55,0.51,2026-06-29,2337,N,VIIRS,n,2.0NRT,295.44,3.11,N
35.62831,44.01132,327.03,0.53,0.5,2026-06-29,2337,N,VIIRS,n,2.0NRT,300.16,18.31,N
35.62964,44.00563,339.27,0.53,0.5,2026-06-29,2337,N,VIIRS,n,2.0NRT,301.15,18.31,N
35.66295,43.96748,335.42,0.53,0.5,2026-06-29,2337,N,VIIRS,n,2.0NRT,300.69,10.04,N
35.66429,43.96174,321.95,0.53,0.5,2026-06-29,2337,N,VIIRS,n,2.0NRT,296.03,9.48,N
35.67726,44.06709,309.51,0.53,0.5,2026-06-29,2337,N,VIIRS,n,2.0NRT,297.8,2.72,N
35.68406,43.87666,338.39,0.52,0.5,2026-06-29,2337,N,VIIRS,n,2.0NRT,307.77,62.68,N
35.68538,43.87098,305.96,0.52,0.5,2026-06-29,2337,N,VIIRS,n,2.0NRT,294.03,15.71,N
35.68855,43.87821,318.48,0.52,0.5,2026-06-29,2337,N,VIIRS,n,2.0NRT,297.36,3.19,N
35.72311,44.03885,340.39,0.53,0.5,2026-06-29,2337,N,VIIRS,n,2.0NRT,299.12,7.9,N
35.72765,44.04029,339.86,0.53,0.5,2026-06-29,2337,N,VIIRS,n,2.0NRT,302.78,7.9,N
35.729,44.03456,326.6,0.53,0.5,2026-06-29,2337,N,VIIRS,n,2.0NRT,297.99,7.9,N
35.77264,43.99382,339.99,0.53,0.5,2026-06-29,2337,N,VIIRS,n,2.0NRT,300.95,8.21,N
35.77529,43.99702,325.86,0.53,0.5,2026-06-29,2337,N,VIIRS,n,2.0NRT,298.99,4.55,N
35.95406,43.72784,319.74,0.5,0.49,2026-06-29,2337,N,VIIRS,n,2.0NRT,297.3,2.77,N
35.95546,43.72882,311.07,0.5,0.49,2026-06-29,2337,N,VIIRS,n,2.0NRT,297.55,3.35,N
35.96439,43.62057,313.65,0.5,0.49,2026-06-29,2337,N,VIIRS,n,2.0NRT,291.7,1.66,N
35.96563,43.61516,312.5,0.5,0.49,2026-06-29,2337,N,VIIRS,n,2.0NRT,291.75,2.03,N
35.97113,43.76382,331.33,0.51,0.49,2026-06-29,2337,N,VIIRS,n,2.0NRT,299.37,5.95,N
35.97989,43.76729,312.31,0.51,0.49,2026-06-29,2337,N,VIIRS,n,2.0NRT,297.69,4.01,N
35.98428,43.76896,339.85,0.51,0.49,2026-06-29,2337,N,VIIRS,n,2.0NRT,301.05,4.01,N
36.00006,43.76285,332.72,0.5,0.49,2026-06-29,2337,N,VIIRS,n,2.0NRT,297.33,4.24,N
36.01908,43.68106,320.71,0.5,0.49,2026-06-29,2337,N,VIIRS,n,2.0NRT,296.17,2.77,N
36.08533,43.6406,307.78,0.5,0.49,2026-06-29,2337,N,VIIRS,n,2.0NRT,293.79,1.14,N
36.13186,40.80966,316.31,0.54,0.42,2026-06-29,2337,N,VIIRS,n,2.0NRT,296.89,2.13,N
36.21528,43.64759,304.23,0.49,0.49,2026-06-29,2337,N,VIIRS,n,2.0NRT,293.65,0.5,N
36.22214,36.73553,307.5,0.39,0.36,2026-06-29,2337,N,VIIRS,n,2.0NRT,295.5,0.64,N
36.4561,38.94606,302.5,0.45,0.39,2026-06-29,2337,N,VIIRS,n,2.0NRT,290.28,1.14,N
36.45961,38.94707,320.64,0.45,0.39,2026-06-29,2337,N,VIIRS,n,2.0NRT,291.62,1.14,N
36.48718,39.09569,329.13,0.45,0.39,2026-06-29,2337,N,VIIRS,n,2.0NRT,293.21,4.39,N
36.48811,39.09072,341.02,0.45,0.39,2026-06-29,2337,N,VIIRS,n,2.0NRT,293.17,4.52,N
36.49163,39.09175,307.84,0.45,0.39,2026-06-29,2337,N,VIIRS,n,2.0NRT,291.49,4.52,N
36.49316,39.09422,303.05,0.45,0.39,2026-06-29,2337,N,VIIRS,n,2.0NRT,290.89,0.67,N
36.49515,39.09278,312.6,0.45,0.39,2026-06-29,2337,N,VIIRS,n,2.0NRT,290.78,1.26,N
36.62772,42.79411,306.33,0.44,0.46,2026-06-29,2337,N,VIIRS,n,2.0NRT,294.69,2.39,N
36.62886,42.78902,321.45,0.44,0.46,2026-06-29,2337,N,VIIRS,n,2.0NRT,298.32,2.39,N
36.62996,42.78414,324.44,0.44,0.46,2026-06-29,2337,N,VIIRS,n,2.0NRT,299.76,4.74,N
36.63734,42.79105,309.85,0.44,0.46,2026-06-29,2337,N,VIIRS,n,2.0NRT,297.57,2.26,N
36.66951,38.91851,314.22,0.44,0.38,2026-06-29,2337,N,VIIRS,n,2.0NRT,292.06,1.35,N
36.673,38.91951,321.68,0.44,0.38,2026-06-29,2337,N,VIIRS,n,2.0NRT,293.68,1.84,N
36.71404,39.03487,300.13,0.45,0.39,2026-06-29,2337,N,VIIRS,n,2.0NRT,288.72,0.77,N
36.71622,36.19902,318.4,0.39,0.36,2026-06-29,2337,N,VIIRS,n,2.0NRT,295.62,2.8,N
36.71952,36.19987,333.89,0.39,0.36,2026-06-29,2337,N,VIIRS,n,2.0NRT,297.85,2.8,N
36.72801,36.21095,315.87,0.39,0.36,2026-06-29,2337,N,VIIRS,n,2.0NRT,296.32,2.01,N
36.73131,36.21179,324.39,0.39,0.36,2026-06-29,2337,N,VIIRS,n,2.0NRT,299.14,2.01,N
36.73202,36.2075,330.45,0.39,0.36,2026-06-29,2337,N,VIIRS,n,2.0NRT,297.06,2.01,N
36.73531,36.20834,325.91,0.39,0.36,2026-06-29,2337,N,VIIRS,n,2.0NRT,297.7,1.6,N
36.73695,39.06425,302.28,0.45,0.39,2026-06-29,2337,N,VIIRS,n,2.0NRT,289.99,0.46,N
36.73791,36.21346,314.93,0.39,0.36,2026-06-29,2337,N,VIIRS,n,2.0NRT,296.24,1.6,N
36.73862,36.20917,313.08,0.39,0.36,2026-06-29,2337,N,VIIRS,n,2.0NRT,298.22,1.6,N
36.74121,36.21429,316.54,0.39,0.36,2026-06-29,2337,N,VIIRS,n,2.0NRT,296.0,1.88,N
36.74302,39.07123,302.08,0.45,0.39,2026-06-29,2337,N,VIIRS,n,2.0NRT,289.28,0.56,N
36.74403,36.19713,309.21,0.39,0.36,2026-06-29,2337,N,VIIRS,n,2.0NRT,296.25,1.24,N
36.74662,36.20226,316.76,0.39,0.36,2026-06-29,2337,N,VIIRS,n,2.0NRT,297.73,2.7,N
36.74733,36.19796,310.96,0.39,0.36,2026-06-29,2337,N,VIIRS,n,2.0NRT,296.59,1.24,N
36.76336,39.13974,336.13,0.45,0.39,2026-06-29,2337,N,VIIRS,n,2.0NRT,293.29,8.42,N
36.76451,39.03595,335.97,0.44,0.39,2026-06-29,2337,N,VIIRS,n,2.0NRT,292.79,2.78,N
36.76545,39.03104,308.19,0.44,0.39,2026-06-29,2337,N,VIIRS,n,2.0NRT,290.03,2.78,N
36.76916,39.01139,331.83,0.44,0.39,2026-06-29,2337,N,VIIRS,n,2.0NRT,292.06,3.1,N
36.77266,39.01242,329.37,0.44,0.39,2026-06-29,2337,N,VIIRS,n,2.0NRT,292.9,2.73,N
36.77359,39.00751,311.49,0.44,0.39,2026-06-29,2337,N,VIIRS,n,2.0NRT,290.68,2.32,N
36.77414,39.12198,307.16,0.45,0.39,2026-06-29,2337,N,VIIRS,n,2.0NRT,289.65,1.96,N
36.77497,43.32198,331.67,0.46,0.47,2026-06-29,2337,N,VIIRS,n,2.0NRT,295.05,3.57,N
36.77765,39.123,326.81,0.45,0.39,2026-06-29,2337,N,VIIRS,n,2.0NRT,290.72,1.96,N
36.77933,43.32293,339.14,0.46,0.47,2026-06-29,2337,N,VIIRS,n,2.0NRT,299.6,3.57,N
36.79955,37.02126,313.78,0.39,0.37,2026-06-29,2337,N,VIIRS,n,2.0NRT,296.25,1.52,N
36.82238,39.04247,308.18,0.44,0.39,2026-06-29,2337,N,VIIRS,n,2.0NRT,292.01,1.12,N
36.8246,39.08987,300.17,0.45,0.39,2026-06-29,2337,N,VIIRS,n,2.0NRT,290.0,0.95,N
36.82588,39.04348,302.22,0.44,0.39,2026-06-29,2337,N,VIIRS,n,2.0NRT,291.33,0.63,N
36.82615,39.09299,305.35,0.45,0.39,2026-06-29,2337,N,VIIRS,n,2.0NRT,289.76,1.68,N
36.82709,39.08807,325.84,0.45,0.39,2026-06-29,2337,N,VIIRS,n,2.0NRT,290.79,1.68,N
36.82719,39.09583,305.83,0.45,0.39,2026-06-29,2337,N,VIIRS,n,2.0NRT,289.61,0.95,N
36.8281,39.0909,311.15,0.45,0.39,2026-06-29,2337,N,VIIRS,n,2.0NRT,289.6,0.95,N
36.82903,39.08596,310.3,0.45,0.39,2026-06-29,2337,N,VIIRS,n,2.0NRT,290.06,1.4,N
36.82965,39.09402,305.34,0.45,0.39,2026-06-29,2337,N,VIIRS,n,2.0NRT,289.11,0.52,N
36.86447,39.04704,314.49,0.44,0.39,2026-06-29,2337,N,VIIRS,n,2.0NRT,292.71,1.04,N
36.8654,39.04213,312.04,0.44,0.39,2026-06-29,2337,N,VIIRS,n,2.0NRT,293.17,2.04,N
36.86868,34.76387,312.09,0.39,0.36,2026-06-29,2337,N,VIIRS,n,2.0NRT,297.44,1.36,N
36.8689,39.04315,315.3,0.44,0.39,2026-06-29,2337,N,VIIRS,n,2.0NRT,292.61,1.32,N
36.86989,43.49095,328.19,0.47,0.48,2026-06-29,2337,N,VIIRS,n,2.0NRT,296.13,4.52,N
36.88053,39.02066,303.11,0.44,0.39,2026-06-29,2337,N,VIIRS,n,2.0NRT,289.74,0.49,N
36.89312,43.42889,326.72,0.46,0.47,2026-06-29,2337,N,VIIRS,n,2.0NRT,293.13,2.24,N
36.90738,38.95623,303.87,0.44,0.38,2026-06-29,2337,N,VIIRS,n,2.0NRT,289.88,0.8,N
36.91479,41.89493,311.37,0.39,0.44,2026-06-29,2337,N,VIIRS,n,2.0NRT,293.06,0.91,N
36.93196,36.00006,312.51,0.38,0.36,2026-06-29,2337,N,VIIRS,n,2.0NRT,296.66,1.21,N
36.93885,39.06358,318.01,0.44,0.39,2026-06-29,2337,N,VIIRS,n,2.0NRT,291.67,6.25,N
36.93907,39.06001,348.92,0.44,0.39,2026-06-29,2337,N,VIIRS,n,2.0NRT,296.53,5.25,N
36.93977,39.05867,367.0,0.44,0.39,2026-06-29,2337,N,VIIRS,h,2.0NRT,298.63,6.25,N
36.94001,39.05509,329.92,0.44,0.39,2026-06-29,2337,N,VIIRS,n,2.0NRT,293.94,5.25,N
36.94043,42.17101,315.67,0.4,0.44,2026-06-29,2337,N,VIIRS,n,2.0NRT,293.81,1.14,N
36.94069,39.05375,312.23,0.44,0.39,2026-06-29,2337,N,VIIRS,n,2.0NRT,292.85,3.07,N
36.94094,39.05019,316.07,0.44,0.39,2026-06-29,2337,N,VIIRS,n,2.0NRT,292.83,2.95,N
36.9416,39.04883,320.49,0.44,0.39,2026-06-29,2337,N,VIIRS,n,2.0NRT,292.38,3.07,N
36.94188,39.04528,315.21,0.44,0.39,2026-06-29,2337,N,VIIRS,n,2.0NRT,293.17,2.95,N
36.94252,39.04392,317.96,0.44,0.39,2026-06-29,2337,N,VIIRS,n,2.0NRT,292.42,3.81,N
36.94257,39.06102,331.97,0.44,0.39,2026-06-29,2337,N,VIIRS,n,2.0NRT,293.0,5.25,N
36.94326,39.05969,306.98,0.44,0.39,2026-06-29,2337,N,VIIRS,n,2.0NRT,293.27,6.25,N
36.9435,39.05611,329.78,0.44,0.39,2026-06-29,2337,N,VIIRS,n,2.0NRT,293.68,5.25,N
36.94442,42.17236,319.2,0.4,0.44,2026-06-29,2337,N,VIIRS,n,2.0NRT,295.91,1.36,N
36.94444,39.0512,335.28,0.44,0.39,2026-06-29,2337,N,VIIRS,n,2.0NRT,294.37,2.95,N
36.94503,42.1297,307.43,0.4,0.44,2026-06-29,2337,N,VIIRS,n,2.0NRT,297.29,3.68,N
36.9451,39.04985,337.18,0.44,0.39,2026-06-29,2337,N,VIIRS,n,2.0NRT,295.09,3.07,N
36.94537,39.04629,342.82,0.44,0.39,2026-06-29,2337,N,VIIRS,n,2.0NRT,295.15,2.95,N
36.94601,39.04494,340.65,0.44,0.39,2026-06-29,2337,N,VIIRS,n,2.0NRT,294.71,3.81,N
36.94631,39.04139,302.72,0.44,0.39,2026-06-29,2337,N,VIIRS,n,2.0NRT,292.21,2.27,N
36.94887,39.04731,334.81,0.44,0.39,2026-06-29,2337,N,VIIRS,n,2.0NRT,294.02,4.61,N
36.94901,42.13105,343.41,0.4,0.44,2026-06-29,2337,N,VIIRS,n,2.0NRT,300.9,3.68,N
36.9498,39.04241,332.3,0.44,0.39,2026-06-29,2337,N,VIIRS,n,2.0NRT,292.76,3.12,N
36.9533,39.04342,319.42,0.44,0.39,2026-06-29,2337,N,VIIRS,n,2.0NRT,291.93,3.12,N
36.96185,42.05124,306.85,0.39,0.44,2026-06-29,2337,N,VIIRS,n,2.0NRT,296.39,1.18,N
36.96252,38.93627,300.72,0.44,0.38,2026-06-29,2337,N,VIIRS,n,2.0NRT,290.7,0.36,N
36.96323,38.93293,301.13,0.44,0.38,2026-06-29,2337,N,VIIRS,n,2.0NRT,290.31,0.27,N
36.96418,42.0801,329.54,0.4,0.44,2026-06-29,2337,N,VIIRS,n,2.0NRT,297.04,2.11,N
36.99508,39.1544,308.16,0.45,0.39,2026-06-29,2337,N,VIIRS,n,2.0NRT,289.95,3.72,N
36.99601,39.14945,336.33,0.45,0.39,2026-06-29,2337,N,VIIRS,n,2.0NRT,292.52,11.54,N
36.99858,39.15543,327.18,0.45,0.39,2026-06-29,2337,N,VIIRS,n,2.0NRT,290.83,3.72,N
36.99952,39.15048,331.74,0.45,0.39,2026-06-29,2337,N,VIIRS,n,2.0NRT,298.84,11.54,N
37.00739,38.97142,327.52,0.44,0.38,2026-06-29,2337,N,VIIRS,n,2.0NRT,291.52,1.24,N
37.0083,38.96655,311.99,0.44,0.38,2026-06-29,2337,N,VIIRS,n,2.0NRT,292.26,2.45,N
37.01087,38.97243,306.16,0.44,0.38,2026-06-29,2337,N,VIIRS,n,2.0NRT,291.32,1.24,N
37.02636,38.88973,305.28,0.44,0.38,2026-06-29,2337,N,VIIRS,n,2.0NRT,293.63,1.24,N
37.03899,39.05807,319.14,0.44,0.39,2026-06-29,2337,N,VIIRS,n,2.0NRT,291.01,1.63,N
37.05394,35.40589,309.24,0.38,0.36,2026-06-29,2337,N,VIIRS,n,2.0NRT,294.99,0.56,N
37.06763,38.95989,305.72,0.44,0.38,2026-06-29,2337,N,VIIRS,n,2.0NRT,291.31,1.02,N
37.06765,38.9632,306.3,0.44,0.38,2026-06-29,2337,N,VIIRS,n,2.0NRT,291.05,2.08,N
37.07111,38.9609,311.71,0.44,0.38,2026-06-29,2337,N,VIIRS,n,2.0NRT,291.13,1.02,N
37.07825,40.38361,311.79,0.5,0.41,2026-06-29,2337,N,VIIRS,n,2.0NRT,294.49,1.71,N
37.08819,39.08452,315.41,0.44,0.39,2026-06-29,2337,N,VIIRS,n,2.0NRT,293.08,1.01,N
37.09261,40.42906,303.09,0.5,0.41,2026-06-29,2337,N,VIIRS,n,2.0NRT,291.83,0.52,N
37.10215,40.42033,313.48,0.5,0.41,2026-06-29,2337,N,VIIRS,n,2.0NRT,291.67,1.22,N
37.10324,40.41484,307.05,0.5,0.41,2026-06-29,2337,N,VIIRS,n,2.0NRT,290.54,0.92,N
37.11298,39.14877,314.21,0.44,0.39,2026-06-29,2337,N,VIIRS,n,2.0NRT,293.71,1.48,N
37.12662,38.99754,300.27,0.44,0.38,2026-06-29,2337,N,VIIRS,n,2.0NRT,290.27,0.63,N
37.12682,39.07504,305.08,0.44,0.38,2026-06-29,2337,N,VIIRS,n,2.0NRT,292.7,0.81,N
37.1301,38.99854,307.6,0.44,0.38,2026-06-29,2337,N,VIIRS,n,2.0NRT,291.26,0.63,N
37.13214,39.16478,311.37,0.44,0.39,2026-06-29,2337,N,VIIRS,n,2.0NRT,292.64,2.64,N
37.13564,39.16581,331.62,0.44,0.39,2026-06-29,2337,N,VIIRS,n,2.0NRT,294.89,2.64,N
37.13804,39.09376,314.16,0.44,0.39,2026-06-29,2337,N,VIIRS,n,2.0NRT,293.08,1.43,N
37.13895,39.08889,312.78,0.44,0.39,2026-06-29,2337,N,VIIRS,n,2.0NRT,293.67,1.43,N
37.14709,40.39562,332.03,0.49,0.41,2026-06-29,2337,N,VIIRS,n,2.0NRT,298.23,5.95,N
37.15076,40.39676,321.79,0.49,0.41,2026-06-29,2337,N,VIIRS,n,2.0NRT,296.48,5.95,N
37.19972,39.94202,332.51,0.47,0.4,2026-06-29,2337,N,VIIRS,n,2.0NRT,299.68,6.52,N
37.20024,39.6072,312.8,0.46,0.39,2026-06-29,2337,N,VIIRS,n,2.0NRT,293.28,0.8,N
37.21922,40.26754,309.67,0.49,0.4,2026-06-29,2337,N,VIIRS,n,2.0NRT,296.99,1.71,N
37.22029,40.26211,306.73,0.49,0.4,2026-06-29,2337,N,VIIRS,n,2.0NRT,295.83,1.71,N
37.22787,39.65889,314.96,0.46,0.39,2026-06-29,2337,N,VIIRS,n,2.0NRT,292.96,8.71,N
37.23143,39.65995,351.76,0.46,0.39,2026-06-29,2337,N,VIIRS,n,2.0NRT,300.91,8.71,N
37.24338,39.53899,307.68,0.46,0.39,2026-06-29,2337,N,VIIRS,n,2.0NRT,293.56,1.21,N
37.27234,40.68898,309.78,0.51,0.41,2026-06-29,2337,N,VIIRS,n,2.0NRT,297.63,2.62,N
37.29476,37.15607,320.74,0.39,0.36,2026-06-29,2337,N,VIIRS,n,2.0NRT,297.58,2.33,N
37.35274,37.16239,315.08,0.39,0.36,2026-06-29,2337,N,VIIRS,n,2.0NRT,297.42,1.38,N
37.37487,36.92986,304.9,0.39,0.36,2026-06-29,2337,N,VIIRS,n,2.0NRT,290.45,0.51,N
37.37559,38.39784,330.09,0.42,0.38,2026-06-29,2337,N,VIIRS,n,2.0NRT,291.27,2.55,N
37.37643,38.39318,328.09,0.42,0.38,2026-06-29,2337,N,VIIRS,n,2.0NRT,291.08,2.89,N
37.37818,36.93074,301.21,0.39,0.36,2026-06-29,2337,N,VIIRS,n,2.0NRT,289.98,0.26,N
37.42049,36.90541,303.66,0.39,0.36,2026-06-29,2337,N,VIIRS,n,2.0NRT,291.35,0.83,N
37.42122,36.90103,308.03,0.39,0.36,2026-06-29,2337,N,VIIRS,n,2.0NRT,291.81,1.23,N
37.54071,38.14483,312.09,0.41,0.37,2026-06-29,2337,N,VIIRS,n,2.0NRT,290.47,0.86,N
37.59742,27.85944,301.62,0.47,0.48,2026-06-29,2337,N,VIIRS,n,2.0NRT,291.03,0.58,N
37.60185,27.86021,308.29,0.47,0.48,2026-06-29,2337,N,VIIRS,n,2.0NRT,292.84,0.58,N
37.86379,29.3737,306.41,0.4,0.44,2026-06-29,2337,N,VIIRS,n,2.0NRT,294.21,0.61,N
37.90639,40.00888,315.37,0.47,0.39,2026-06-29,2337,N,VIIRS,n,2.0NRT,292.44,1.5,N
38.41943,43.23781,298.26,0.42,0.45,2026-06-29,2337,N,VIIRS,n,2.0NRT,288.08,1.42,N
38.42598,27.21377,310.28,0.52,0.5,2026-06-29,2337,N,VIIRS,n,2.0NRT,296.82,2.76,N
38.42803,27.21832,312.39,0.52,0.5,2026-06-29,2337,N,VIIRS,n,2.0NRT,297.46,3.59,N
38.45501,38.72831,307.89,0.42,0.37,2026-06-29,2337,N,VIIRS,n,2.0NRT,294.22,0.53,N
38.6644,39.23384,304.57,0.43,0.38,2026-06-29,2337,N,VIIRS,n,2.0NRT,291.9,0.92,N
38.66494,39.23594,304.83,0.43,0.38,2026-06-29,2337,N,VIIRS,n,2.0NRT,292.48,0.43,N
38.73501,26.94493,307.13,0.54,0.51,2026-06-29,2337,N,VIIRS,n,2.0NRT,296.52,1.85,N
38.73975,26.94546,310.26,0.54,0.51,2026-06-29,2337,N,VIIRS,n,2.0NRT,297.02,1.85,N
38.75499,26.9344,314.34,0.55,0.51,2026-06-29,2337,N,VIIRS,n,2.0NRT,294.47,2.73,N
38.75582,26.9345,309.91,0.55,0.51,2026-06-29,2337,N,VIIRS,n,2.0NRT,294.1,1.7,N
38.85891,35.76547,298.45,0.38,0.36,2026-06-29,2337,N,VIIRS,n,2.0NRT,285.9,0.6,N
38.88505,37.89583,299.11,0.4,0.37,2026-06-29,2337,N,VIIRS,n,2.0NRT,288.88,0.39,N
39.09398,27.51275,305.76,0.51,0.5,2026-06-29,2337,N,VIIRS,n,2.0NRT,293.3,1.03,N
39.48678,30.03996,302.21,0.39,0.44,2026-06-29,2337,N,VIIRS,n,2.0NRT,289.64,0.93,N
39.59729,32.41774,304.57,0.46,0.39,2026-06-29,2337,N,VIIRS,n,2.0NRT,290.33,0.85,N
39.72341,36.93803,306.49,0.38,0.36,2026-06-29,2337,N,VIIRS,n,2.0NRT,285.92,1.19,N
39.74471,41.9206,309.12,0.52,0.41,2026-06-29,2337,N,VIIRS,n,2.0NRT,278.46,1.77,N
39.76949,33.4766,300.46,0.43,0.38,2026-06-29,2337,N,VIIRS,n,2.0NRT,290.09,0.38,N
39.83735,30.30104,306.87,0.57,0.43,2026-06-29,2337,N,VIIRS,n,2.0NRT,289.86,1.47,N
39.83815,30.30082,306.88,0.57,0.43,2026-06-29,2337,N,VIIRS,n,2.0NRT,290.22,1.55,N
39.86795,26.24427,307.05,0.61,0.53,2026-06-29,2337,N,VIIRS,n,2.0NRT,295.11,1.46,N
39.86811,26.2433,306.81,0.61,0.53,2026-06-29,2337,N,VIIRS,n,2.0NRT,294.91,1.58,N
39.90093,28.87124,307.35,0.45,0.47,2026-06-29,2337,N,VIIRS,n,2.0NRT,288.97,0.57,N
39.94641,33.19358,312.61,0.44,0.38,2026-06-29,2337,N,VIIRS,n,2.0NRT,289.73,2.43,N
39.95996,33.14371,302.39,0.44,0.38,2026-06-29,2337,N,VIIRS,n,2.0NRT,288.58,0.64,N
40.05067,32.65055,301.66,0.46,0.39,2026-06-29,2337,N,VIIRS,n,2.0NRT,290.39,0.77,N
40.10527,36.29218,297.15,0.38,0.36,2026-06-29,2337,N,VIIRS,n,2.0NRT,284.98,0.61,N
40.2623,30.0426,307.53,0.39,0.44,2026-06-29,2337,N,VIIRS,n,2.0NRT,292.52,0.75,N
40.75997,29.75746,307.27,0.41,0.45,2026-06-29,2337,N,VIIRS,n,2.0NRT,294.71,1.68,N
40.78299,29.60062,309.55,0.42,0.45,2026-06-29,2337,N,VIIRS,n,2.0NRT,296.31,1.52,N
40.79929,29.3744,307.13,0.43,0.46,2026-06-29,2337,N,VIIRS,n,2.0NRT,295.08,1.29,N
41.01859,27.9588,309.07,0.51,0.49,2026-06-29,2337,N,VIIRS,n,2.0NRT,293.37,1.59,N
41.02102,28.55474,321.76,0.48,0.48,2026-06-29,2337,N,VIIRS,n,2.0NRT,295.45,2.35,N
41.02479,36.09642,299.68,0.39,0.36,2026-06-29,2337,N,VIIRS,n,2.0NRT,286.39,0.7,N
41.17595,32.63202,312.92,0.47,0.4,2026-06-29,2337,N,VIIRS,n,2.0NRT,292.41,2.32,N
41.24286,36.46531,331.25,0.39,0.36,2026-06-29,2337,N,VIIRS,n,2.0NRT,294.87,4.89,N
41.25425,31.41202,322.04,0.53,0.42,2026-06-29,2337,N,VIIRS,n,2.0NRT,292.13,3.1,N
35.98882,37.00768,307.37,0.4,0.37,2026-06-29,2339,N,VIIRS,n,2.0NRT,292.87,0.89,N
36.26351,33.72913,319.89,0.4,0.37,2026-06-29,2339,N,VIIRS,n,2.0NRT,300.61,2.74,N
38.42889,27.21436,305.83,0.62,0.71,2026-06-30,117,N,VIIRS,n,2.0NRT,294.75,1.84,N
38.73562,26.94295,308.05,0.59,0.7,2026-06-30,117,N,VIIRS,n,2.0NRT,294.52,2.5,N
38.74159,26.94474,309.22,0.59,0.7,2026-06-30,117,N,VIIRS,n,2.0NRT,294.75,2.27,N
38.74168,26.94628,306.36,0.59,0.7,2026-06-30,117,N,VIIRS,n,2.0NRT,294.52,2.63,N
38.7518,26.93485,317.57,0.59,0.7,2026-06-30,117,N,VIIRS,n,2.0NRT,294.14,3.32,N
38.75183,26.93631,317.26,0.59,0.7,2026-06-30,117,N,VIIRS,n,2.0NRT,293.68,3.15,N
41.02188,28.55149,304.27,0.6,0.71,2026-06-30,117,N,VIIRS,n,2.0NRT,291.88,1.6,N
35.52976,44.34505,350.26,0.48,0.64,2026-06-30,917,N,VIIRS,n,2.0NRT,317.34,11.93,D
35.53215,44.34054,355.66,0.48,0.64,2026-06-30,917,N,VIIRS,n,2.0NRT,318.15,8.72,D
35.62874,44.01272,367.0,0.49,0.65,2026-06-30,917,N,VIIRS,h,2.0NRT,327.15,33.88,D
35.66056,43.96422,345.19,0.49,0.65,2026-06-30,917,N,VIIRS,n,2.0NRT,318.59,11.39,D
35.66204,43.96957,367.0,0.49,0.65,2026-06-30,917,N,VIIRS,h,2.0NRT,322.69,11.39,D
35.66299,43.96637,367.0,0.49,0.65,2026-06-30,917,N,VIIRS,h,2.0NRT,323.6,23.82,D
35.68247,43.87433,356.32,0.5,0.66,2026-06-30,917,N,VIIRS,n,2.0NRT,317.82,60.29,D
35.68399,43.87971,367.0,0.5,0.66,2026-06-30,917,N,VIIRS,h,2.0NRT,328.98,60.29,D
35.7234,44.04288,367.0,0.49,0.65,2026-06-30,917,N,VIIRS,h,2.0NRT,320.53,16.0,D
35.72772,44.0353,347.13,0.49,0.65,2026-06-30,917,N,VIIRS,n,2.0NRT,317.49,16.0,D
35.77025,43.99729,348.52,0.49,0.65,2026-06-30,917,N,VIIRS,n,2.0NRT,318.19,8.5,D
35.98066,41.75603,367.0,0.63,0.72,2026-06-30,917,N,VIIRS,h,2.0NRT,318.16,9.02,D
35.98162,43.77023,348.27,0.5,0.66,2026-06-30,917,N,VIIRS,n,2.0NRT,319.63,9.01,D
35.99895,43.76251,354.4,0.5,0.66,2026-06-30,917,N,VIIRS,n,2.0NRT,319.19,7.63,D
36.26024,43.70516,353.82,0.49,0.65,2026-06-30,917,N,VIIRS,n,2.0NRT,316.49,7.06,D
35.97694,41.75532,354.67,0.63,0.72,2026-06-30,920,N,VIIRS,n,2.0NRT,318.2,12.36,D
35.98971,41.38437,348.47,0.66,0.73,2026-06-30,920,N,VIIRS,n,2.0NRT,317.17,10.84,D
35.99416,41.38432,349.19,0.66,0.73,2026-06-30,920,N,VIIRS,n,2.0NRT,316.37,9.22,D
36.35416,42.46472,355.01,0.57,0.69,2026-06-30,920,N,VIIRS,n,2.0NRT,318.06,13.68,D
36.51606,43.22005,348.41,0.51,0.66,2026-06-30,920,N,VIIRS,n,2.0NRT,317.21,6.33,D
36.51769,43.22572,356.29,0.51,0.66,2026-06-30,920,N,VIIRS,n,2.0NRT,317.61,6.33,D
36.52195,43.21753,344.67,0.51,0.66,2026-06-30,920,N,VIIRS,n,2.0NRT,314.24,28.63,D
36.52357,43.22323,367.0,0.51,0.66,2026-06-30,920,N,VIIRS,h,2.0NRT,324.33,28.63,D
36.52747,40.85294,343.35,0.68,0.74,2026-06-30,920,N,VIIRS,n,2.0NRT,315.81,49.64,D
36.53195,40.86749,367.0,0.67,0.74,2026-06-30,920,N,VIIRS,h,2.0NRT,317.78,165.63,D
36.53309,40.86557,367.0,0.67,0.74,2026-06-30,920,N,VIIRS,h,2.0NRT,321.16,287.52,D
36.53387,40.84965,344.46,0.68,0.74,2026-06-30,920,N,VIIRS,n,2.0NRT,317.01,38.04,D
36.53628,40.85746,367.0,0.67,0.74,2026-06-30,920,N,VIIRS,h,2.0NRT,320.04,73.27,D
36.53728,40.85524,356.81,0.67,0.74,2026-06-30,920,N,VIIRS,n,2.0NRT,316.99,96.3,D
36.6282,41.55937,367.0,0.62,0.71,2026-06-30,920,N,VIIRS,h,2.0NRT,318.2,11.57,D
36.62998,40.22649,350.72,0.72,0.76,2026-06-30,920,N,VIIRS,n,2.0NRT,316.35,9.14,D
36.63727,41.55705,347.9,0.62,0.71,2026-06-30,920,N,VIIRS,n,2.0NRT,317.2,12.08,D
36.77771,43.32858,367.0,0.5,0.66,2026-06-30,920,N,VIIRS,h,2.0NRT,311.65,8.71,D
36.87072,43.48751,340.2,0.49,0.65,2026-06-30,920,N,VIIRS,n,2.0NRT,306.54,5.69,D
36.94391,42.13455,348.8,0.57,0.69,2026-06-30,920,N,VIIRS,n,2.0NRT,315.33,5.68,D
37.12867,40.36958,347.78,0.69,0.74,2026-06-30,920,N,VIIRS,n,2.0NRT,316.52,8.39,D
37.16499,39.91639,367.0,0.72,0.76,2026-06-30,920,N,VIIRS,h,2.0NRT,314.8,20.03,D
37.20093,40.28967,345.85,0.69,0.74,2026-06-30,920,N,VIIRS,n,2.0NRT,312.09,64.75,D
37.20333,40.29726,367.0,0.69,0.74,2026-06-30,920,N,VIIRS,h,2.0NRT,312.69,52.19,D
37.20787,40.28559,345.54,0.69,0.74,2026-06-30,920,N,VIIRS,n,2.0NRT,319.39,45.2,D
37.20986,40.29412,367.0,0.69,0.74,2026-06-30,920,N,VIIRS,h,2.0NRT,320.6,52.19,D
37.21031,40.29316,367.0,0.69,0.74,2026-06-30,920,N,VIIRS,h,2.0NRT,318.65,45.2,D
39.48602,43.67159,337.46,0.41,0.6,2026-06-30,920,N,VIIRS,n,2.0NRT,297.76,2.12,D
40.00703,44.4187,334.61,0.36,0.57,2026-06-30,920,N,VIIRS,n,2.0NRT,302.56,1.97,D
35.52577,44.34354,347.29,0.4,0.6,2026-06-30,1058,N,VIIRS,n,2.0NRT,321.41,4.58,D
35.53137,44.34303,367.0,0.4,0.6,2026-06-30,1058,N,VIIRS,h,2.0NRT,320.91,5.85,D
35.62687,44.00922,351.21,0.38,0.59,2026-06-30,1058,N,VIIRS,n,2.0NRT,326.18,17.41,D
35.62713,44.01352,367.0,0.38,0.59,2026-06-30,1058,N,VIIRS,h,2.0NRT,322.24,17.41,D
35.66316,43.96647,367.0,0.38,0.59,2026-06-30,1058,N,VIIRS,h,2.0NRT,326.38,19.17,D
35.68514,43.87366,351.76,0.38,0.59,2026-06-30,1058,N,VIIRS,n,2.0NRT,320.8,50.48,D
35.68567,43.88227,349.29,0.38,0.59,2026-06-30,1058,N,VIIRS,n,2.0NRT,318.23,48.34,D
35.72294,44.0396,355.72,0.39,0.59,2026-06-30,1058,N,VIIRS,n,2.0NRT,318.77,10.91,D
35.7232,44.04389,367.0,0.39,0.59,2026-06-30,1058,N,VIIRS,h,2.0NRT,324.58,30.09,D
35.72732,44.03506,349.69,0.39,0.59,2026-06-30,1058,N,VIIRS,n,2.0NRT,319.08,15.5,D
35.7278,44.04378,367.0,0.39,0.59,2026-06-30,1058,N,VIIRS,h,2.0NRT,319.75,16.69,D
35.72817,44.03458,349.57,0.39,0.59,2026-06-30,1058,N,VIIRS,n,2.0NRT,319.46,10.91,D
35.98223,43.77282,367.0,0.38,0.58,2026-06-30,1058,N,VIIRS,h,2.0NRT,323.52,10.69,D
35.99809,43.76311,356.82,0.38,0.58,2026-06-30,1058,N,VIIRS,n,2.0NRT,321.09,8.66,D
36.08003,43.93037,341.65,0.38,0.59,2026-06-30,1058,N,VIIRS,n,2.0NRT,315.83,5.06,D
36.08028,43.93472,367.0,0.38,0.59,2026-06-30,1058,N,VIIRS,h,2.0NRT,318.05,5.06,D
36.09558,44.00769,352.21,0.39,0.59,2026-06-30,1058,N,VIIRS,n,2.0NRT,315.61,14.33,D
36.09584,44.01208,367.0,0.39,0.59,2026-06-30,1058,N,VIIRS,h,2.0NRT,317.57,14.33,D
36.09608,44.01645,367.0,0.39,0.59,2026-06-30,1058,N,VIIRS,h,2.0NRT,323.3,35.51,D
36.2032,43.51422,354.19,0.36,0.58,2026-06-30,1058,N,VIIRS,n,2.0NRT,321.93,33.34,D
36.20374,43.52264,367.0,0.37,0.58,2026-06-30,1058,N,VIIRS,h,2.0NRT,323.64,37.87,D
36.204,43.52689,367.0,0.37,0.58,2026-06-30,1058,N,VIIRS,h,2.0NRT,321.92,21.33,D
36.20859,43.51377,343.32,0.36,0.58,2026-06-30,1058,N,VIIRS,n,2.0NRT,316.8,33.34,D
36.20886,43.51801,367.0,0.37,0.58,2026-06-30,1058,N,VIIRS,h,2.0NRT,323.84,37.87,D
35.94702,38.82077,344.0,0.4,0.44,2026-06-30,1100,N,VIIRS,n,2.0NRT,313.47,3.63,D
36.07554,37.9555,354.3,0.55,0.43,2026-06-30,1100,N,VIIRS,n,2.0NRT,320.19,27.6,D
36.098,38.86552,345.9,0.41,0.45,2026-06-30,1100,N,VIIRS,n,2.0NRT,320.37,4.21,D
36.10047,38.97655,346.25,0.41,0.45,2026-06-30,1100,N,VIIRS,n,2.0NRT,318.31,6.67,D
36.11955,38.87165,345.72,0.41,0.45,2026-06-30,1100,N,VIIRS,n,2.0NRT,319.3,5.34,D
36.32148,43.16003,344.82,0.35,0.57,2026-06-30,1100,N,VIIRS,n,2.0NRT,315.28,5.32,D
36.36197,36.46371,349.35,0.47,0.4,2026-06-30,1100,N,VIIRS,n,2.0NRT,315.84,8.93,D
36.36496,39.06781,352.9,0.42,0.45,2026-06-30,1100,N,VIIRS,n,2.0NRT,323.29,10.35,D
36.37214,43.28803,353.99,0.36,0.57,2026-06-30,1100,N,VIIRS,n,2.0NRT,319.4,2.42,D
36.54154,40.86318,367.0,0.52,0.5,2026-06-30,1100,N,VIIRS,h,2.0NRT,326.69,19.55,D
36.62136,37.9478,351.83,0.56,0.43,2026-06-30,1100,N,VIIRS,n,2.0NRT,323.53,26.73,D
36.70944,38.13394,349.34,0.57,0.43,2026-06-30,1100,N,VIIRS,n,2.0NRT,321.54,30.44,D
36.73957,36.21368,345.25,0.47,0.4,2026-06-30,1100,N,VIIRS,n,2.0NRT,315.29,5.92,D
36.77362,43.32698,367.0,0.36,0.57,2026-06-30,1100,N,VIIRS,h,2.0NRT,318.63,8.06,D
36.78798,34.92319,342.73,0.42,0.38,2026-06-30,1100,N,VIIRS,n,2.0NRT,314.43,7.95,D
36.83929,39.08391,348.25,0.42,0.46,2026-06-30,1100,N,VIIRS,n,2.0NRT,322.94,13.8,D
36.86199,39.97401,354.57,0.47,0.48,2026-06-30,1100,N,VIIRS,n,2.0NRT,324.9,45.62,D
36.86671,43.49086,354.34,0.37,0.58,2026-06-30,1100,N,VIIRS,n,2.0NRT,310.78,4.71,D
36.89059,43.43435,339.86,0.37,0.58,2026-06-30,1100,N,VIIRS,n,2.0NRT,308.0,2.11,D
36.90448,41.48861,349.46,0.57,0.52,2026-06-30,1100,N,VIIRS,n,2.0NRT,322.99,14.26,D
36.90499,41.49513,350.46,0.57,0.52,2026-06-30,1100,N,VIIRS,n,2.0NRT,324.88,37.14,D
36.90881,41.48152,348.43,0.57,0.52,2026-06-30,1100,N,VIIRS,n,2.0NRT,322.59,14.26,D
36.90982,41.49459,355.35,0.57,0.52,2026-06-30,1100,N,VIIRS,n,2.0NRT,325.92,37.14,D
36.91364,41.48096,348.4,0.57,0.52,2026-06-30,1100,N,VIIRS,n,2.0NRT,322.49,13.93,D
36.91415,41.48751,353.53,0.57,0.52,2026-06-30,1100,N,VIIRS,n,2.0NRT,324.33,13.93,D
36.91466,41.49404,354.67,0.57,0.52,2026-06-30,1100,N,VIIRS,n,2.0NRT,327.25,53.08,D
36.94013,42.17268,348.24,0.63,0.54,2026-06-30,1100,N,VIIRS,n,2.0NRT,319.94,7.85,D
37.1026,39.03012,353.61,0.42,0.46,2026-06-30,1100,N,VIIRS,n,2.0NRT,324.3,40.67,D
37.19424,40.29742,351.84,0.5,0.49,2026-06-30,1100,N,VIIRS,n,2.0NRT,321.52,24.39,D
37.19878,40.29683,353.88,0.5,0.49,2026-06-30,1100,N,VIIRS,n,2.0NRT,321.9,24.39,D
37.91571,40.10509,345.28,0.49,0.49,2026-06-30,1100,N,VIIRS,n,2.0NRT,318.15,8.55,D
38.04897,40.21556,347.4,0.5,0.49,2026-06-30,1100,N,VIIRS,n,2.0NRT,316.72,7.35,D
39.99533,44.42491,343.81,0.44,0.62,2026-06-30,1100,N,VIIRS,n,2.0NRT,301.71,13.43,D
39.99555,44.43024,354.27,0.44,0.62,2026-06-30,1100,N,VIIRS,n,2.0NRT,307.83,13.43,D
40.00117,44.42456,367.0,0.44,0.62,2026-06-30,1100,N,VIIRS,h,2.0NRT,310.8,13.43,D
40.00139,44.4299,367.0,0.44,0.62,2026-06-30,1100,N,VIIRS,h,2.0NRT,309.62,13.43,D
40.44635,27.1327,341.03,0.45,0.39,2026-06-30,1100,N,VIIRS,n,2.0NRT,314.5,7.54,D
40.83913,35.3215,339.81,0.48,0.4,2026-06-30,1100,N,VIIRS,n,2.0NRT,306.2,6.19,D
41.23954,36.46334,334.95,0.53,0.42,2026-06-30,1100,N,VIIRS,n,2.0NRT,301.22,2.8,D
41.24342,36.46267,333.47,0.53,0.42,2026-06-30,1100,N,VIIRS,n,2.0NRT,301.8,2.8,D
41.10781,37.32448,303.24,0.47,0.4,2026-06-30,2318,N,VIIRS,n,2.0NRT,291.29,0.88,N
41.24107,36.46393,311.39,0.51,0.41,2026-06-30,2318,N,VIIRS,n,2.0NRT,291.07,1.55,N
41.24294,36.46309,323.29,0.51,0.41,2026-06-30,2318,N,VIIRS,n,2.0NRT,293.63,3.31,N
41.24487,36.46468,313.45,0.51,0.41,2026-06-30,2318,N,VIIRS,n,2.0NRT,292.7,2.13,N
35.52574,44.34326,318.02,0.49,0.4,2026-06-30,2320,N,VIIRS,n,2.0NRT,296.73,4.0,N
35.53041,44.33907,332.63,0.48,0.4,2026-06-30,2320,N,VIIRS,n,2.0NRT,299.1,4.0,N
35.53406,44.3401,315.63,0.48,0.4,2026-06-30,2320,N,VIIRS,n,2.0NRT,297.95,2.03,N
35.53509,44.33483,315.07,0.48,0.4,2026-06-30,2320,N,VIIRS,n,2.0NRT,298.58,2.4,N
35.56451,44.2824,322.84,0.48,0.4,2026-06-30,2320,N,VIIRS,n,2.0NRT,299.18,3.32,N
35.6281,44.01156,327.76,0.47,0.4,2026-06-30,2320,N,VIIRS,n,2.0NRT,299.16,10.85,N
35.62907,44.00647,335.04,0.47,0.4,2026-06-30,2320,N,VIIRS,n,2.0NRT,306.83,10.85,N
35.6325,44.00916,327.98,0.47,0.4,2026-06-30,2320,N,VIIRS,n,2.0NRT,296.1,2.61,N
35.63265,44.00753,316.89,0.47,0.4,2026-06-30,2320,N,VIIRS,n,2.0NRT,296.76,10.85,N
35.66396,43.96429,339.87,0.47,0.39,2026-06-30,2320,N,VIIRS,n,2.0NRT,305.51,15.75,N
35.67838,44.06572,317.49,0.47,0.4,2026-06-30,2320,N,VIIRS,n,2.0NRT,298.58,3.38,N
35.68519,43.87421,338.4,0.46,0.39,2026-06-30,2320,N,VIIRS,n,2.0NRT,317.42,71.56,N
35.68778,43.88029,310.76,0.46,0.39,2026-06-30,2320,N,VIIRS,n,2.0NRT,296.29,1.85,N
35.68876,43.87523,330.4,0.46,0.39,2026-06-30,2320,N,VIIRS,n,2.0NRT,299.36,3.34,N
35.72485,44.04095,329.29,0.47,0.4,2026-06-30,2320,N,VIIRS,n,2.0NRT,305.37,13.49,N
35.72844,44.04194,315.06,0.47,0.4,2026-06-30,2320,N,VIIRS,n,2.0NRT,298.77,13.49,N
35.73039,44.03173,333.78,0.47,0.4,2026-06-30,2320,N,VIIRS,n,2.0NRT,298.87,6.01,N
35.77079,43.99712,321.35,0.47,0.39,2026-06-30,2320,N,VIIRS,n,2.0NRT,298.96,3.25,N
35.77438,43.99811,330.44,0.47,0.39,2026-06-30,2320,N,VIIRS,n,2.0NRT,300.73,3.92,N
35.87131,39.14393,313.07,0.39,0.36,2026-06-30,2320,N,VIIRS,n,2.0NRT,296.21,0.92,N
35.92239,38.66085,307.02,0.39,0.36,2026-06-30,2320,N,VIIRS,n,2.0NRT,296.0,0.75,N
35.9548,43.72889,312.63,0.45,0.39,2026-06-30,2320,N,VIIRS,n,2.0NRT,297.48,2.84,N
35.97036,43.76469,312.6,0.45,0.39,2026-06-30,2320,N,VIIRS,n,2.0NRT,300.95,4.97,N
35.97293,43.77079,313.02,0.45,0.39,2026-06-30,2320,N,VIIRS,n,2.0NRT,300.55,3.1,N
35.98008,36.99907,320.57,0.43,0.38,2026-06-30,2320,N,VIIRS,n,2.0NRT,294.17,1.82,N
35.98093,43.76792,329.41,0.45,0.39,2026-06-30,2320,N,VIIRS,n,2.0NRT,301.62,4.46,N
35.98359,36.99979,304.99,0.43,0.38,2026-06-30,2320,N,VIIRS,n,2.0NRT,293.96,0.54,N
35.98447,43.76897,331.22,0.45,0.39,2026-06-30,2320,N,VIIRS,n,2.0NRT,303.24,4.46,N
35.99694,43.76215,320.48,0.45,0.39,2026-06-30,2320,N,VIIRS,n,2.0NRT,298.18,2.93,N
36.00047,43.7632,342.31,0.45,0.39,2026-06-30,2320,N,VIIRS,n,2.0NRT,300.39,2.93,N
36.01981,43.68007,323.94,0.45,0.39,2026-06-30,2320,N,VIIRS,n,2.0NRT,297.16,2.06,N
36.08508,43.63844,306.2,0.45,0.39,2026-06-30,2320,N,VIIRS,n,2.0NRT,293.59,1.05,N
36.10099,43.63266,307.08,0.45,0.39,2026-06-30,2320,N,VIIRS,n,2.0NRT,294.9,0.7,N
36.12669,43.78227,309.78,0.45,0.39,2026-06-30,2320,N,VIIRS,n,2.0NRT,296.99,1.59,N
36.13088,40.81003,312.33,0.39,0.36,2026-06-30,2320,N,VIIRS,n,2.0NRT,296.56,1.09,N
36.16754,41.04618,307.26,0.39,0.36,2026-06-30,2320,N,VIIRS,n,2.0NRT,296.54,0.57,N
36.26145,33.72662,308.49,0.4,0.44,2026-06-30,2320,N,VIIRS,n,2.0NRT,295.38,1.01,N
36.26555,33.72729,313.05,0.4,0.44,2026-06-30,2320,N,VIIRS,n,2.0NRT,296.18,1.96,N
36.28925,36.47725,317.8,0.45,0.39,2026-06-30,2320,N,VIIRS,n,2.0NRT,294.16,0.96,N
36.29283,36.47795,312.96,0.45,0.39,2026-06-30,2320,N,VIIRS,n,2.0NRT,294.84,0.96,N
36.29405,36.4745,310.97,0.45,0.39,2026-06-30,2320,N,VIIRS,n,2.0NRT,294.95,1.14,N
36.30455,36.59542,308.76,0.45,0.39,2026-06-30,2320,N,VIIRS,n,2.0NRT,294.54,1.24,N
36.30811,36.59616,322.19,0.45,0.39,2026-06-30,2320,N,VIIRS,n,2.0NRT,294.69,2.07,N
36.42525,42.46048,314.9,0.41,0.37,2026-06-30,2320,N,VIIRS,n,2.0NRT,299.13,2.25,N
36.45694,41.28273,311.82,0.39,0.36,2026-06-30,2320,N,VIIRS,n,2.0NRT,295.8,0.82,N
36.50525,40.70749,337.29,0.39,0.36,2026-06-30,2320,N,VIIRS,n,2.0NRT,295.27,3.8,N
36.6209,37.94201,304.69,0.41,0.37,2026-06-30,2320,N,VIIRS,n,2.0NRT,294.08,1.11,N
36.71705,36.20153,323.9,0.47,0.4,2026-06-30,2320,N,VIIRS,n,2.0NRT,295.67,3.46,N
36.7207,36.2022,326.29,0.47,0.4,2026-06-30,2320,N,VIIRS,n,2.0NRT,296.1,3.46,N
36.73098,36.20956,327.27,0.47,0.4,2026-06-30,2320,N,VIIRS,n,2.0NRT,299.69,5.66,N
36.73528,36.20496,317.34,0.47,0.4,2026-06-30,2320,N,VIIRS,n,2.0NRT,296.9,2.73,N
36.74191,36.21168,316.28,0.47,0.4,2026-06-30,2320,N,VIIRS,n,2.0NRT,297.17,3.31,N
36.74389,36.19579,318.17,0.47,0.4,2026-06-30,2320,N,VIIRS,n,2.0NRT,296.93,2.77,N
36.74688,36.20178,330.15,0.47,0.4,2026-06-30,2320,N,VIIRS,n,2.0NRT,297.63,4.36,N
36.74713,43.49686,309.38,0.44,0.38,2026-06-30,2320,N,VIIRS,n,2.0NRT,294.98,1.52,N
36.76263,39.14083,310.74,0.39,0.36,2026-06-30,2320,N,VIIRS,n,2.0NRT,290.25,0.62,N
36.77601,43.32246,330.87,0.43,0.38,2026-06-30,2320,N,VIIRS,n,2.0NRT,300.53,6.15,N
36.78454,39.13234,329.19,0.39,0.36,2026-06-30,2320,N,VIIRS,n,2.0NRT,291.27,2.83,N
36.79213,42.87364,312.18,0.42,0.37,2026-06-30,2320,N,VIIRS,n,2.0NRT,294.4,1.69,N
36.79937,37.02053,310.44,0.44,0.38,2026-06-30,2320,N,VIIRS,n,2.0NRT,296.47,0.93,N
36.80293,39.13432,311.69,0.39,0.36,2026-06-30,2320,N,VIIRS,n,2.0NRT,290.52,0.56,N
36.80977,39.04091,315.13,0.39,0.36,2026-06-30,2320,N,VIIRS,n,2.0NRT,292.24,1.66,N
36.81041,39.03653,306.77,0.39,0.36,2026-06-30,2320,N,VIIRS,n,2.0NRT,291.69,1.66,N
36.8131,39.04168,303.35,0.39,0.36,2026-06-30,2320,N,VIIRS,n,2.0NRT,292.49,1.66,N
36.81374,39.03729,328.94,0.39,0.36,2026-06-30,2320,N,VIIRS,n,2.0NRT,292.83,1.66,N
36.81485,39.1235,304.97,0.39,0.36,2026-06-30,2320,N,VIIRS,n,2.0NRT,291.46,0.8,N
36.81818,39.12427,332.88,0.39,0.36,2026-06-30,2320,N,VIIRS,n,2.0NRT,291.87,2.59,N
36.85416,39.13704,314.75,0.39,0.36,2026-06-30,2320,N,VIIRS,n,2.0NRT,291.01,1.03,N
36.86903,43.49128,314.25,0.43,0.38,2026-06-30,2320,N,VIIRS,n,2.0NRT,295.63,1.79,N
36.8695,34.76468,309.89,0.54,0.42,2026-06-30,2320,N,VIIRS,n,2.0NRT,295.99,1.27,N
36.86992,43.48651,320.75,0.43,0.38,2026-06-30,2320,N,VIIRS,n,2.0NRT,296.79,2.61,N
36.87275,39.12774,314.94,0.39,0.36,2026-06-30,2320,N,VIIRS,n,2.0NRT,291.58,7.32,N
36.8734,39.12336,338.35,0.39,0.36,2026-06-30,2320,N,VIIRS,n,2.0NRT,293.13,7.32,N
36.87673,39.12412,342.67,0.39,0.36,2026-06-30,2320,N,VIIRS,n,2.0NRT,296.45,7.32,N
36.88257,38.94407,313.82,0.39,0.36,2026-06-30,2320,N,VIIRS,n,2.0NRT,290.8,1.25,N
36.88591,38.94483,346.28,0.39,0.36,2026-06-30,2320,N,VIIRS,n,2.0NRT,293.1,4.33,N
36.88656,38.94043,335.35,0.39,0.36,2026-06-30,2320,N,VIIRS,n,2.0NRT,292.95,4.57,N
36.89119,43.4308,318.4,0.43,0.38,2026-06-30,2320,N,VIIRS,n,2.0NRT,292.56,1.09,N
36.89265,39.10967,333.74,0.39,0.36,2026-06-30,2320,N,VIIRS,n,2.0NRT,290.38,4.28,N
36.89411,38.98305,307.37,0.39,0.36,2026-06-30,2320,N,VIIRS,n,2.0NRT,290.85,1.8,N
36.89464,43.43179,309.86,0.43,0.38,2026-06-30,2320,N,VIIRS,n,2.0NRT,292.88,1.09,N
36.89598,39.11044,335.15,0.39,0.36,2026-06-30,2320,N,VIIRS,n,2.0NRT,295.02,7.3,N
36.8968,38.9882,323.75,0.39,0.36,2026-06-30,2320,N,VIIRS,n,2.0NRT,291.06,1.8,N
36.89745,38.98381,325.06,0.39,0.36,2026-06-30,2320,N,VIIRS,n,2.0NRT,291.97,1.8,N
36.90347,38.55943,304.97,0.4,0.37,2026-06-30,2320,N,VIIRS,n,2.0NRT,289.48,0.57,N
36.90683,38.56018,307.91,0.4,0.37,2026-06-30,2320,N,VIIRS,n,2.0NRT,290.33,0.74,N
36.9157,41.89357,307.4,0.4,0.37,2026-06-30,2320,N,VIIRS,n,2.0NRT,294.25,0.31,N
36.9391,42.12168,307.16,0.4,0.37,2026-06-30,2320,N,VIIRS,n,2.0NRT,296.56,0.89,N
36.94064,42.17337,318.18,0.4,0.37,2026-06-30,2320,N,VIIRS,n,2.0NRT,296.14,1.14,N
36.94142,42.16892,309.6,0.4,0.37,2026-06-30,2320,N,VIIRS,n,2.0NRT,294.76,1.21,N
36.94399,42.17428,313.68,0.4,0.37,2026-06-30,2320,N,VIIRS,n,2.0NRT,297.41,1.14,N
36.94476,42.16982,307.68,0.4,0.37,2026-06-30,2320,N,VIIRS,n,2.0NRT,297.23,1.21,N
36.94759,42.13326,329.76,0.4,0.37,2026-06-30,2320,N,VIIRS,n,2.0NRT,302.12,4.53,N
36.95883,39.16364,341.4,0.39,0.36,2026-06-30,2320,N,VIIRS,n,2.0NRT,294.19,4.04,N
36.96242,39.06926,331.58,0.39,0.36,2026-06-30,2320,N,VIIRS,n,2.0NRT,290.99,5.77,N
36.96346,42.08187,323.7,0.4,0.37,2026-06-30,2320,N,VIIRS,n,2.0NRT,295.7,1.15,N
36.96576,39.07002,345.06,0.39,0.36,2026-06-30,2320,N,VIIRS,n,2.0NRT,298.22,5.77,N
36.96679,42.08276,311.13,0.4,0.37,2026-06-30,2320,N,VIIRS,n,2.0NRT,295.86,1.15,N
37.00503,41.34732,310.7,0.39,0.36,2026-06-30,2320,N,VIIRS,n,2.0NRT,297.09,1.23,N
37.00834,41.34818,315.35,0.39,0.36,2026-06-30,2320,N,VIIRS,n,2.0NRT,297.26,1.23,N
37.01164,41.34903,334.55,0.39,0.36,2026-06-30,2320,N,VIIRS,n,2.0NRT,297.95,4.04,N
37.02877,39.69145,307.3,0.39,0.36,2026-06-30,2320,N,VIIRS,n,2.0NRT,292.45,0.54,N
37.03207,39.69223,317.93,0.39,0.36,2026-06-30,2320,N,VIIRS,n,2.0NRT,292.36,1.27,N
37.04611,39.75177,305.54,0.39,0.36,2026-06-30,2320,N,VIIRS,n,2.0NRT,289.98,0.54,N
37.04733,40.39695,314.87,0.38,0.36,2026-06-30,2320,N,VIIRS,n,2.0NRT,295.89,2.55,N
37.04801,40.39266,334.61,0.38,0.36,2026-06-30,2320,N,VIIRS,n,2.0NRT,296.3,2.55,N
37.05131,40.39347,312.27,0.38,0.36,2026-06-30,2320,N,VIIRS,n,2.0NRT,295.04,0.85,N
37.07907,38.93952,302.77,0.39,0.37,2026-06-30,2320,N,VIIRS,n,2.0NRT,292.51,0.56,N
37.09413,40.40403,307.29,0.38,0.36,2026-06-30,2320,N,VIIRS,n,2.0NRT,295.12,0.99,N
37.09675,40.40914,310.76,0.38,0.36,2026-06-30,2320,N,VIIRS,n,2.0NRT,296.16,2.98,N
37.09743,40.40485,335.32,0.38,0.36,2026-06-30,2320,N,VIIRS,n,2.0NRT,299.92,2.98,N
37.10072,40.40566,315.71,0.38,0.36,2026-06-30,2320,N,VIIRS,n,2.0NRT,296.13,2.98,N
37.1014,40.40136,333.26,0.38,0.36,2026-06-30,2320,N,VIIRS,n,2.0NRT,297.71,2.36,N
37.10208,40.39707,313.04,0.38,0.36,2026-06-30,2320,N,VIIRS,n,2.0NRT,295.56,2.36,N
37.10402,40.40648,312.75,0.38,0.36,2026-06-30,2320,N,VIIRS,n,2.0NRT,296.33,0.92,N
37.10516,41.24223,330.33,0.39,0.36,2026-06-30,2320,N,VIIRS,n,2.0NRT,298.35,3.72,N
37.10538,40.39788,332.11,0.38,0.36,2026-06-30,2320,N,VIIRS,n,2.0NRT,297.18,4.3,N
37.10593,38.96851,337.61,0.39,0.36,2026-06-30,2320,N,VIIRS,n,2.0NRT,293.91,4.25,N
37.11129,40.4038,311.91,0.38,0.36,2026-06-30,2320,N,VIIRS,n,2.0NRT,295.7,1.69,N
37.11181,39.09296,314.68,0.39,0.36,2026-06-30,2320,N,VIIRS,n,2.0NRT,293.91,1.01,N
37.11246,39.08855,328.89,0.39,0.36,2026-06-30,2320,N,VIIRS,n,2.0NRT,294.67,2.98,N
37.11264,40.39521,314.46,0.38,0.36,2026-06-30,2320,N,VIIRS,n,2.0NRT,295.94,1.87,N
37.11458,40.40462,332.44,0.38,0.36,2026-06-30,2320,N,VIIRS,n,2.0NRT,295.71,1.69,N
37.11526,40.40032,309.53,0.38,0.36,2026-06-30,2320,N,VIIRS,n,2.0NRT,295.3,1.69,N
37.11798,40.38314,340.57,0.38,0.36,2026-06-30,2320,N,VIIRS,n,2.0NRT,297.55,6.84,N
37.11919,38.94869,305.7,0.39,0.37,2026-06-30,2320,N,VIIRS,n,2.0NRT,292.17,0.61,N
37.11923,40.39684,325.9,0.38,0.36,2026-06-30,2320,N,VIIRS,n,2.0NRT,296.5,1.94,N
37.12043,39.08129,329.12,0.39,0.36,2026-06-30,2320,N,VIIRS,n,2.0NRT,295.05,1.91,N
37.12127,40.38395,345.84,0.38,0.36,2026-06-30,2320,N,VIIRS,n,2.0NRT,303.23,9.59,N
37.1222,38.88068,306.7,0.4,0.37,2026-06-30,2320,N,VIIRS,n,2.0NRT,291.99,0.54,N
37.12534,38.97753,307.47,0.39,0.36,2026-06-30,2320,N,VIIRS,n,2.0NRT,292.48,0.74,N
37.1284,39.074,311.8,0.39,0.36,2026-06-30,2320,N,VIIRS,n,2.0NRT,294.78,0.86,N
37.15093,39.81946,305.64,0.39,0.36,2026-06-30,2320,N,VIIRS,n,2.0NRT,291.87,1.08,N
37.15424,39.82025,316.5,0.39,0.36,2026-06-30,2320,N,VIIRS,n,2.0NRT,292.81,1.25,N
37.15536,39.16004,302.54,0.39,0.36,2026-06-30,2320,N,VIIRS,n,2.0NRT,290.68,0.4,N
37.17759,40.52103,316.82,0.38,0.36,2026-06-30,2320,N,VIIRS,n,2.0NRT,298.15,2.15,N
37.17924,39.94712,330.14,0.39,0.36,2026-06-30,2320,N,VIIRS,n,2.0NRT,297.95,1.81,N
37.17991,39.94281,311.05,0.39,0.36,2026-06-30,2320,N,VIIRS,n,2.0NRT,296.41,1.81,N
37.18254,39.94791,316.39,0.39,0.36,2026-06-30,2320,N,VIIRS,n,2.0NRT,296.5,1.28,N
37.18321,39.9436,314.39,0.39,0.36,2026-06-30,2320,N,VIIRS,n,2.0NRT,297.06,1.28,N
37.21027,39.94566,315.0,0.39,0.36,2026-06-30,2320,N,VIIRS,n,2.0NRT,297.69,36.43,N
37.2129,39.95077,332.26,0.39,0.36,2026-06-30,2320,N,VIIRS,n,2.0NRT,303.95,9.61,N
37.21357,39.94645,367.0,0.39,0.36,2026-06-30,2320,N,VIIRS,h,2.0NRT,337.34,36.43,N
37.21423,39.94214,326.31,0.39,0.36,2026-06-30,2320,N,VIIRS,n,2.0NRT,296.85,36.43,N
37.21572,39.94955,338.38,0.39,0.36,2026-06-30,2320,N,VIIRS,n,2.0NRT,301.09,3.05,N
37.21638,39.94524,347.33,0.39,0.36,2026-06-30,2320,N,VIIRS,n,2.0NRT,303.27,7.32,N
37.21902,39.95035,314.06,0.39,0.36,2026-06-30,2320,N,VIIRS,n,2.0NRT,297.4,3.05,N
37.21968,39.94603,311.03,0.39,0.36,2026-06-30,2320,N,VIIRS,n,2.0NRT,296.24,7.32,N
37.23946,39.66561,309.9,0.39,0.36,2026-06-30,2320,N,VIIRS,n,2.0NRT,292.72,0.92,N
37.24278,39.66639,318.92,0.39,0.36,2026-06-30,2320,N,VIIRS,n,2.0NRT,293.77,0.92,N
37.24543,39.67152,329.6,0.39,0.36,2026-06-30,2320,N,VIIRS,n,2.0NRT,294.47,2.22,N
37.24608,39.66718,319.05,0.39,0.36,2026-06-30,2320,N,VIIRS,n,2.0NRT,294.3,2.36,N
37.24873,39.6723,327.37,0.39,0.36,2026-06-30,2320,N,VIIRS,n,2.0NRT,293.12,2.22,N
37.24939,39.66796,314.6,0.39,0.36,2026-06-30,2320,N,VIIRS,n,2.0NRT,295.65,2.36,N
37.27682,38.7296,310.41,0.4,0.37,2026-06-30,2320,N,VIIRS,n,2.0NRT,295.37,1.03,N
37.28691,39.59393,336.6,0.39,0.36,2026-06-30,2320,N,VIIRS,n,2.0NRT,294.87,3.18,N
37.29023,39.59472,346.14,0.39,0.36,2026-06-30,2320,N,VIIRS,n,2.0NRT,297.93,5.18,N
37.29458,37.1573,319.34,0.44,0.38,2026-06-30,2320,N,VIIRS,n,2.0NRT,297.56,2.3,N
37.29943,39.55632,316.02,0.39,0.36,2026-06-30,2320,N,VIIRS,n,2.0NRT,294.06,1.19,N
37.30274,39.55711,313.44,0.39,0.36,2026-06-30,2320,N,VIIRS,n,2.0NRT,293.88,1.57,N
37.30339,39.55275,326.59,0.39,0.36,2026-06-30,2320,N,VIIRS,n,2.0NRT,293.58,1.98,N
37.32535,36.88531,307.93,0.45,0.39,2026-06-30,2320,N,VIIRS,n,2.0NRT,295.59,1.72,N
37.33953,40.80421,312.26,0.38,0.36,2026-06-30,2320,N,VIIRS,n,2.0NRT,296.72,1.44,N
37.35164,37.16383,313.09,0.44,0.38,2026-06-30,2320,N,VIIRS,n,2.0NRT,296.99,2.14,N
37.80003,39.05231,317.43,0.4,0.37,2026-06-30,2320,N,VIIRS,n,2.0NRT,293.9,1.7,N
37.86454,29.37251,302.66,0.36,0.57,2026-06-30,2320,N,VIIRS,n,2.0NRT,292.06,1.01,N
38.65245,39.76979,310.02,0.39,0.36,2026-06-30,2320,N,VIIRS,n,2.0NRT,292.31,0.95,N
38.66363,39.23493,304.11,0.4,0.37,2026-06-30,2320,N,VIIRS,n,2.0NRT,291.95,0.82,N
38.75217,26.93612,314.41,0.49,0.65,2026-06-30,2320,N,VIIRS,n,2.0NRT,293.32,1.73,N
38.75296,26.93751,312.52,0.49,0.65,2026-06-30,2320,N,VIIRS,n,2.0NRT,292.66,1.58,N
38.80173,26.92386,303.34,0.49,0.65,2026-06-30,2320,N,VIIRS,n,2.0NRT,292.88,1.88,N
38.80194,26.91809,303.88,0.49,0.65,2026-06-30,2320,N,VIIRS,n,2.0NRT,292.32,1.18,N
39.34124,34.23885,299.53,0.41,0.45,2026-06-30,2320,N,VIIRS,n,2.0NRT,283.1,0.41,N
39.48303,30.04047,302.94,0.34,0.56,2026-06-30,2320,N,VIIRS,n,2.0NRT,288.18,0.65,N
39.58654,43.90125,299.77,0.42,0.37,2026-06-30,2320,N,VIIRS,n,2.0NRT,285.26,0.73,N
39.59628,32.42106,304.81,0.51,0.49,2026-06-30,2320,N,VIIRS,n,2.0NRT,291.66,0.79,N
39.597,32.42032,303.65,0.51,0.49,2026-06-30,2320,N,VIIRS,n,2.0NRT,291.48,1.33,N
39.72419,36.93512,302.21,0.47,0.4,2026-06-30,2320,N,VIIRS,n,2.0NRT,286.01,1.04,N
39.74656,30.19666,303.62,0.34,0.56,2026-06-30,2320,N,VIIRS,n,2.0NRT,291.68,0.67,N
39.86679,26.24066,306.02,0.54,0.68,2026-06-30,2320,N,VIIRS,n,2.0NRT,291.29,1.17,N
39.90014,28.87294,307.48,0.4,0.6,2026-06-30,2320,N,VIIRS,n,2.0NRT,289.39,1.38,N
39.90039,28.86779,311.11,0.4,0.6,2026-06-30,2320,N,VIIRS,n,2.0NRT,289.1,1.74,N
39.94526,33.19234,317.72,0.47,0.48,2026-06-30,2320,N,VIIRS,n,2.0NRT,292.51,2.72,N
39.96164,33.14418,300.74,0.47,0.48,2026-06-30,2320,N,VIIRS,n,2.0NRT,290.57,0.91,N
40.05217,32.65107,303.51,0.5,0.49,2026-06-30,2320,N,VIIRS,n,2.0NRT,291.31,1.1,N
40.0813,32.79781,311.05,0.49,0.49,2026-06-30,2320,N,VIIRS,n,2.0NRT,289.33,1.33,N
40.26049,30.0404,302.78,0.35,0.56,2026-06-30,2320,N,VIIRS,n,2.0NRT,291.52,0.59,N
40.76991,29.52856,306.88,0.37,0.58,2026-06-30,2320,N,VIIRS,n,2.0NRT,293.87,0.83,N
40.78261,29.59958,307.3,0.37,0.58,2026-06-30,2320,N,VIIRS,n,2.0NRT,294.2,0.93,N
41.02391,28.55261,306.46,0.42,0.61,2026-06-30,2320,N,VIIRS,n,2.0NRT,293.61,1.44,N
41.1729,32.63293,303.76,0.52,0.5,2026-06-30,2320,N,VIIRS,n,2.0NRT,291.21,1.41,N
41.17573,32.633,316.62,0.52,0.5,2026-06-30,2320,N,VIIRS,n,2.0NRT,293.97,2.32,N
41.17753,32.63351,312.92,0.52,0.5,2026-06-30,2320,N,VIIRS,n,2.0NRT,294.59,3.11,N
41.18036,32.63357,305.43,0.52,0.5,2026-06-30,2320,N,VIIRS,n,2.0NRT,293.5,1.57,N
41.26377,31.42842,307.76,0.6,0.53,2026-06-30,2320,N,VIIRS,n,2.0NRT,293.05,3.69,N
41.2645,31.42705,309.98,0.6,0.53,2026-06-30,2320,N,VIIRS,n,2.0NRT,293.27,2.68,N
41.17522,32.6299,301.9,0.55,0.68,2026-07-01,58,N,VIIRS,n,2.0NRT,289.36,0.94,N
41.18098,32.63371,300.97,0.55,0.68,2026-07-01,58,N,VIIRS,n,2.0NRT,290.71,0.94,N
37.25517,30.44107,302.05,0.56,0.69,2026-07-01,100,N,VIIRS,n,2.0NRT,289.17,0.53,N
38.74327,26.95011,305.99,0.34,0.56,2026-07-01,100,N,VIIRS,n,2.0NRT,289.96,2.49,N
38.7523,26.93685,318.17,0.34,0.56,2026-07-01,100,N,VIIRS,n,2.0NRT,292.13,2.51,N
38.79922,26.92665,308.21,0.34,0.56,2026-07-01,100,N,VIIRS,n,2.0NRT,294.14,2.5,N
39.48379,30.03867,309.03,0.47,0.64,2026-07-01,100,N,VIIRS,n,2.0NRT,287.3,1.15,N
39.86425,26.24129,303.89,0.59,0.53,2026-07-01,100,N,VIIRS,n,2.0NRT,291.01,1.12,N
39.89966,28.8717,302.99,0.4,0.6,2026-07-01,100,N,VIIRS,n,2.0NRT,287.91,0.48,N
39.90083,28.8675,298.98,0.4,0.6,2026-07-01,100,N,VIIRS,n,2.0NRT,288.16,0.48,N
40.07851,32.88916,304.34,0.61,0.71,2026-07-01,100,N,VIIRS,n,2.0NRT,287.58,1.07,N
40.75636,29.75872,302.08,0.42,0.61,2026-07-01,100,N,VIIRS,n,2.0NRT,291.73,1.21,N
40.75851,29.76035,306.86,0.42,0.61,2026-07-01,100,N,VIIRS,n,2.0NRT,292.71,1.43,N
41.02129,28.55209,307.36,0.36,0.57,2026-07-01,100,N,VIIRS,n,2.0NRT,293.17,1.02,N
41.25559,31.41255,307.47,0.48,0.65,2026-07-01,100,N,VIIRS,n,2.0NRT,290.42,0.93,N
41.2652,31.42414,308.77,0.48,0.65,2026-07-01,100,N,VIIRS,n,2.0NRT,292.93,2.36,N
41.26764,31.42551,302.38,0.48,0.65,2026-07-01,100,N,VIIRS,n,2.0NRT,291.76,1.19,N
35.68523,43.8769,367.0,0.41,0.45,2026-07-01,1041,N,VIIRS,h,2.0NRT,347.29,23.76,D
35.87885,38.66516,351.95,0.4,0.37,2026-07-01,1041,N,VIIRS,n,2.0NRT,318.33,10.77,D
35.87946,38.66953,356.64,0.4,0.37,2026-07-01,1041,N,VIIRS,n,2.0NRT,319.38,13.53,D
35.88281,38.66881,347.19,0.4,0.37,2026-07-01,1041,N,VIIRS,n,2.0NRT,316.81,14.5,D
36.01906,43.6831,352.69,0.41,0.45,2026-07-01,1041,N,VIIRS,n,2.0NRT,326.09,1.73,D
36.11892,43.99561,353.61,0.42,0.45,2026-07-01,1041,N,VIIRS,n,2.0NRT,319.37,31.46,D
36.13352,39.01897,351.22,0.4,0.37,2026-07-01,1041,N,VIIRS,n,2.0NRT,324.86,5.87,D
36.16113,37.489,367.0,0.38,0.36,2026-07-01,1041,N,VIIRS,h,2.0NRT,347.57,100.36,D
36.38181,40.77831,367.0,0.46,0.39,2026-07-01,1041,N,VIIRS,h,2.0NRT,326.42,24.15,D
36.63053,39.13949,348.3,0.41,0.37,2026-07-01,1041,N,VIIRS,n,2.0NRT,317.77,7.04,D
36.72961,36.21108,347.53,0.39,0.36,2026-07-01,1041,N,VIIRS,n,2.0NRT,312.08,9.47,D
36.7402,36.21293,342.15,0.39,0.36,2026-07-01,1041,N,VIIRS,n,2.0NRT,310.96,4.35,D
36.74542,36.2027,349.97,0.39,0.36,2026-07-01,1041,N,VIIRS,n,2.0NRT,312.62,8.66,D
36.86681,43.48748,342.15,0.41,0.45,2026-07-01,1041,N,VIIRS,n,2.0NRT,311.67,3.37,D
36.89059,43.43064,341.14,0.41,0.45,2026-07-01,1041,N,VIIRS,n,2.0NRT,310.77,2.22,D
37.11994,42.02476,350.08,0.52,0.42,2026-07-01,1041,N,VIIRS,n,2.0NRT,322.89,13.05,D
37.22346,42.38833,355.27,0.54,0.42,2026-07-01,1041,N,VIIRS,n,2.0NRT,323.09,68.41,D
41.24141,36.46734,347.73,0.39,0.36,2026-07-01,1041,N,VIIRS,n,2.0NRT,312.03,7.8,D
41.73876,26.44324,341.1,0.48,0.48,2026-07-01,1041,N,VIIRS,n,2.0NRT,309.35,77.13,D
41.74016,26.44911,344.22,0.48,0.48,2026-07-01,1041,N,VIIRS,n,2.0NRT,305.38,92.86,D
41.7458,26.453,332.96,0.48,0.48,2026-07-01,1041,N,VIIRS,n,2.0NRT,302.61,92.86,D
41.74734,26.43959,349.83,0.48,0.48,2026-07-01,1041,N,VIIRS,n,2.0NRT,302.04,9.93,D
41.7487,26.44534,343.4,0.48,0.48,2026-07-01,1041,N,VIIRS,n,2.0NRT,305.98,9.55,D
37.64717,28.37134,340.21,0.48,0.48,2026-07-01,1043,N,VIIRS,n,2.0NRT,302.04,2.98,D
38.93136,31.91497,355.18,0.47,0.4,2026-07-01,1043,N,VIIRS,n,2.0NRT,321.94,18.7,D
38.93239,31.92032,357.79,0.47,0.4,2026-07-01,1043,N,VIIRS,n,2.0NRT,325.71,18.7,D
38.93342,31.92566,367.0,0.47,0.4,2026-07-01,1043,N,VIIRS,h,2.0NRT,327.97,39.56,D
38.9421,31.91157,349.4,0.47,0.4,2026-07-01,1043,N,VIIRS,n,2.0NRT,317.78,21.41,D
38.94313,31.91692,367.0,0.47,0.4,2026-07-01,1043,N,VIIRS,h,2.0NRT,323.51,21.41,D
38.94416,31.92228,354.17,0.47,0.4,2026-07-01,1043,N,VIIRS,n,2.0NRT,326.25,29.36,D
40.10659,44.49773,342.12,0.5,0.49,2026-07-01,1043,N,VIIRS,n,2.0NRT,311.22,4.69,D
38.02424,27.45222,335.23,0.67,0.73,2026-07-01,1221,N,VIIRS,n,2.0NRT,293.31,5.13,D
41.6784,26.33219,337.02,0.61,0.71,2026-07-01,1221,N,VIIRS,n,2.0NRT,293.47,5.68,D
37.20668,42.45489,310.38,0.42,0.38,2026-07-01,2259,N,VIIRS,n,2.0NRT,296.51,1.87,N
37.23473,42.43159,339.53,0.42,0.38,2026-07-01,2259,N,VIIRS,n,2.0NRT,298.38,4.35,N
37.23819,42.43233,325.33,0.42,0.38,2026-07-01,2259,N,VIIRS,n,2.0NRT,297.58,4.35,N
37.51463,42.40944,305.9,0.43,0.38,2026-07-01,2259,N,VIIRS,n,2.0NRT,295.4,1.28,N
38.6642,39.23392,303.9,0.39,0.44,2026-07-01,2259,N,VIIRS,n,2.0NRT,292.93,1.0,N
39.07011,36.28695,303.13,0.56,0.52,2026-07-01,2259,N,VIIRS,n,2.0NRT,285.2,1.1,N
39.07073,36.28718,303.89,0.56,0.52,2026-07-01,2259,N,VIIRS,n,2.0NRT,285.03,0.81,N
39.58559,43.90286,295.76,0.4,0.37,2026-07-01,2259,N,VIIRS,n,2.0NRT,285.4,0.57,N
39.83863,30.29417,300.76,0.59,0.7,2026-07-01,2259,N,VIIRS,n,2.0NRT,287.88,1.84,N
39.94456,33.19025,316.69,0.42,0.61,2026-07-01,2259,N,VIIRS,n,2.0NRT,290.05,2.63,N
40.04802,32.64765,301.34,0.45,0.63,2026-07-01,2259,N,VIIRS,n,2.0NRT,289.02,0.67,N
40.08327,32.7934,306.95,0.44,0.62,2026-07-01,2259,N,VIIRS,n,2.0NRT,288.19,1.04,N
40.57643,43.00819,301.87,0.43,0.38,2026-07-01,2259,N,VIIRS,n,2.0NRT,283.03,0.81,N
40.82594,37.34333,310.76,0.52,0.5,2026-07-01,2259,N,VIIRS,n,2.0NRT,287.82,1.96,N
41.17582,32.63529,302.7,0.46,0.63,2026-07-01,2259,N,VIIRS,n,2.0NRT,290.74,1.15,N
41.176,32.63003,306.12,0.46,0.63,2026-07-01,2259,N,VIIRS,n,2.0NRT,292.04,1.15,N
41.17856,32.63521,305.65,0.46,0.63,2026-07-01,2259,N,VIIRS,n,2.0NRT,291.65,1.6,N
41.24131,36.46069,316.35,0.58,0.52,2026-07-01,2259,N,VIIRS,n,2.0NRT,292.1,2.02,N
41.25476,31.41127,305.74,0.53,0.67,2026-07-01,2259,N,VIIRS,n,2.0NRT,290.25,2.13,N
41.26073,31.42475,308.07,0.53,0.67,2026-07-01,2259,N,VIIRS,n,2.0NRT,291.11,2.41,N
41.26703,31.42511,317.12,0.53,0.67,2026-07-01,2259,N,VIIRS,n,2.0NRT,291.55,2.52,N
41.63859,32.30336,300.75,0.48,0.65,2026-07-01,2259,N,VIIRS,n,2.0NRT,290.4,0.73,N
35.50988,44.37664,313.76,0.38,0.36,2026-07-01,2301,N,VIIRS,n,2.0NRT,302.21,0.82,N
35.51053,44.37242,312.42,0.38,0.36,2026-07-01,2301,N,VIIRS,n,2.0NRT,301.91,0.82,N
35.52568,44.34099,315.96,0.38,0.36,2026-07-01,2301,N,VIIRS,n,2.0NRT,300.79,0.88,N
35.52898,44.34175,322.58,0.38,0.36,2026-07-01,2301,N,VIIRS,n,2.0NRT,301.53,1.93,N
35.52964,44.33754,318.77,0.38,0.36,2026-07-01,2301,N,VIIRS,n,2.0NRT,301.78,2.45,N
35.53293,44.33831,344.01,0.38,0.36,2026-07-01,2301,N,VIIRS,n,2.0NRT,303.04,2.45,N
35.56521,44.28458,335.42,0.38,0.36,2026-07-01,2301,N,VIIRS,n,2.0NRT,302.68,3.62,N
35.62808,44.0096,338.85,0.39,0.36,2026-07-01,2301,N,VIIRS,n,2.0NRT,312.54,10.79,N
35.62873,44.00536,315.91,0.39,0.36,2026-07-01,2301,N,VIIRS,n,2.0NRT,301.35,10.79,N
35.63139,44.01036,332.74,0.39,0.36,2026-07-01,2301,N,VIIRS,n,2.0NRT,303.58,10.79,N
35.63203,44.00611,310.25,0.39,0.36,2026-07-01,2301,N,VIIRS,n,2.0NRT,300.09,10.79,N
35.661,43.96689,328.05,0.39,0.36,2026-07-01,2301,N,VIIRS,n,2.0NRT,302.93,5.47,N
35.66164,43.96263,332.25,0.39,0.36,2026-07-01,2301,N,VIIRS,n,2.0NRT,307.16,5.97,N
35.66496,43.96339,331.78,0.39,0.36,2026-07-01,2301,N,VIIRS,n,2.0NRT,304.0,5.97,N
35.67656,44.0672,316.07,0.39,0.36,2026-07-01,2301,N,VIIRS,n,2.0NRT,301.18,2.69,N
35.67721,44.06295,312.49,0.39,0.36,2026-07-01,2301,N,VIIRS,n,2.0NRT,301.6,2.51,N
35.68447,43.87969,315.42,0.39,0.36,2026-07-01,2301,N,VIIRS,n,2.0NRT,301.31,48.64,N
35.68511,43.87543,331.35,0.39,0.36,2026-07-01,2301,N,VIIRS,n,2.0NRT,323.23,48.64,N
35.68842,43.87618,314.68,0.39,0.36,2026-07-01,2301,N,VIIRS,n,2.0NRT,301.82,1.55,N
35.72475,44.04314,323.74,0.39,0.36,2026-07-01,2301,N,VIIRS,n,2.0NRT,303.77,6.54,N
35.7254,44.03888,333.76,0.39,0.36,2026-07-01,2301,N,VIIRS,n,2.0NRT,310.2,19.88,N
35.73001,44.03114,331.51,0.39,0.36,2026-07-01,2301,N,VIIRS,n,2.0NRT,304.94,3.89,N
35.7719,43.9947,338.17,0.39,0.36,2026-07-01,2301,N,VIIRS,n,2.0NRT,303.74,5.87,N
35.78765,43.25236,314.69,0.4,0.37,2026-07-01,2301,N,VIIRS,n,2.0NRT,301.91,2.34,N
35.90104,38.17704,304.87,0.41,0.45,2026-07-01,2301,N,VIIRS,n,2.0NRT,294.17,0.63,N
35.94494,38.85064,321.69,0.57,0.43,2026-07-01,2301,N,VIIRS,n,2.0NRT,296.24,3.18,N
35.9516,43.72795,322.26,0.39,0.36,2026-07-01,2301,N,VIIRS,n,2.0NRT,299.79,2.78,N
35.96995,37.00995,317.58,0.48,0.48,2026-07-01,2301,N,VIIRS,n,2.0NRT,295.14,1.09,N
35.97036,43.76337,311.39,0.39,0.36,2026-07-01,2301,N,VIIRS,n,2.0NRT,300.93,3.05,N
35.9724,43.7727,317.84,0.39,0.36,2026-07-01,2301,N,VIIRS,n,2.0NRT,300.98,3.25,N
35.97391,37.01594,305.49,0.48,0.48,2026-07-01,2301,N,VIIRS,n,2.0NRT,294.57,1.36,N
35.97969,43.76988,315.21,0.39,0.36,2026-07-01,2301,N,VIIRS,n,2.0NRT,300.15,2.43,N
35.98302,43.77063,337.25,0.39,0.36,2026-07-01,2301,N,VIIRS,n,2.0NRT,304.98,4.44,N
36.00002,43.7598,331.44,0.39,0.36,2026-07-01,2301,N,VIIRS,n,2.0NRT,301.82,3.79,N
36.01818,43.68365,327.27,0.39,0.36,2026-07-01,2301,N,VIIRS,n,2.0NRT,299.44,2.05,N
36.01881,43.67933,314.88,0.39,0.36,2026-07-01,2301,N,VIIRS,n,2.0NRT,298.67,2.05,N
36.03809,37.0035,304.19,0.48,0.48,2026-07-01,2301,N,VIIRS,n,2.0NRT,293.64,0.6,N
36.08313,43.64008,311.49,0.39,0.36,2026-07-01,2301,N,VIIRS,n,2.0NRT,298.69,1.07,N
36.09838,43.63007,306.06,0.39,0.36,2026-07-01,2301,N,VIIRS,n,2.0NRT,295.97,0.9,N
36.13004,40.81147,310.58,0.47,0.4,2026-07-01,2301,N,VIIRS,n,2.0NRT,297.05,1.98,N
36.1591,43.28744,338.21,0.4,0.37,2026-07-01,2301,N,VIIRS,n,2.0NRT,300.54,4.83,N
36.25831,44.38585,308.17,0.39,0.36,2026-07-01,2301,N,VIIRS,n,2.0NRT,297.39,0.99,N
36.2617,33.72625,310.04,0.36,0.58,2026-07-01,2301,N,VIIRS,n,2.0NRT,293.6,0.89,N
36.26707,33.72691,305.0,0.36,0.58,2026-07-01,2301,N,VIIRS,n,2.0NRT,293.11,0.89,N
36.27718,36.39589,307.32,0.52,0.5,2026-07-01,2301,N,VIIRS,n,2.0NRT,295.15,0.88,N
36.34726,36.49017,316.57,0.51,0.5,2026-07-01,2301,N,VIIRS,n,2.0NRT,295.33,2.47,N
36.35186,36.4908,334.94,0.51,0.5,2026-07-01,2301,N,VIIRS,n,2.0NRT,295.74,4.47,N
36.36437,39.07119,311.81,0.56,0.43,2026-07-01,2301,N,VIIRS,n,2.0NRT,294.7,1.06,N
36.36559,42.2375,306.7,0.42,0.38,2026-07-01,2301,N,VIIRS,n,2.0NRT,296.53,0.88,N
36.45724,41.28216,308.71,0.45,0.39,2026-07-01,2301,N,VIIRS,n,2.0NRT,296.11,1.07,N
36.46011,42.66887,308.07,0.41,0.37,2026-07-01,2301,N,VIIRS,n,2.0NRT,297.32,0.7,N
36.60191,39.2413,308.59,0.56,0.43,2026-07-01,2301,N,VIIRS,n,2.0NRT,293.74,0.82,N
36.74699,43.49682,316.61,0.4,0.37,2026-07-01,2301,N,VIIRS,n,2.0NRT,299.36,2.98,N
36.77525,43.32515,334.81,0.4,0.37,2026-07-01,2301,N,VIIRS,n,2.0NRT,298.97,7.16,N
36.7757,38.80123,317.34,0.39,0.44,2026-07-01,2301,N,VIIRS,n,2.0NRT,295.67,1.53,N
36.77859,43.32601,309.77,0.4,0.37,2026-07-01,2301,N,VIIRS,n,2.0NRT,299.6,1.71,N
36.77975,38.80193,309.21,0.39,0.44,2026-07-01,2301,N,VIIRS,n,2.0NRT,297.18,1.06,N
36.79837,37.01688,306.91,0.49,0.48,2026-07-01,2301,N,VIIRS,n,2.0NRT,294.82,1.09,N
36.79869,39.13292,310.04,0.57,0.43,2026-07-01,2301,N,VIIRS,n,2.0NRT,292.31,1.42,N
36.79969,37.0192,306.21,0.49,0.48,2026-07-01,2301,N,VIIRS,n,2.0NRT,295.49,1.21,N
36.80154,39.13357,309.65,0.57,0.43,2026-07-01,2301,N,VIIRS,n,2.0NRT,293.02,1.35,N
36.86335,39.09792,302.8,0.57,0.43,2026-07-01,2301,N,VIIRS,n,2.0NRT,290.46,1.45,N
36.86715,38.86737,323.84,0.39,0.44,2026-07-01,2301,N,VIIRS,n,2.0NRT,296.54,2.44,N
36.86734,39.0986,319.82,0.57,0.43,2026-07-01,2301,N,VIIRS,n,2.0NRT,292.77,1.45,N
36.8689,34.76316,312.67,0.32,0.55,2026-07-01,2301,N,VIIRS,n,2.0NRT,293.9,1.17,N
36.8707,43.48712,336.02,0.4,0.37,2026-07-01,2301,N,VIIRS,n,2.0NRT,298.88,5.57,N
36.8708,39.06632,316.16,0.57,0.43,2026-07-01,2301,N,VIIRS,n,2.0NRT,290.89,1.64,N
36.87169,34.76237,314.85,0.32,0.55,2026-07-01,2301,N,VIIRS,n,2.0NRT,293.53,1.3,N
36.87273,39.08637,312.47,0.57,0.43,2026-07-01,2301,N,VIIRS,n,2.0NRT,292.48,1.43,N
36.87342,39.07991,306.46,0.57,0.43,2026-07-01,2301,N,VIIRS,n,2.0NRT,291.4,1.58,N
36.893,43.42871,330.3,0.4,0.37,2026-07-01,2301,N,VIIRS,n,2.0NRT,295.19,3.53,N
36.94086,42.12782,308.73,0.43,0.38,2026-07-01,2301,N,VIIRS,n,2.0NRT,297.24,1.54,N
36.94208,42.17237,329.32,0.43,0.38,2026-07-01,2301,N,VIIRS,n,2.0NRT,298.17,2.74,N
36.94783,42.12926,330.93,0.43,0.38,2026-07-01,2301,N,VIIRS,n,2.0NRT,301.94,4.57,N
36.96475,42.08302,313.49,0.43,0.38,2026-07-01,2301,N,VIIRS,n,2.0NRT,295.7,0.74,N
36.99348,40.29325,305.89,0.5,0.41,2026-07-01,2301,N,VIIRS,n,2.0NRT,292.44,0.83,N
36.99386,40.29237,307.93,0.5,0.41,2026-07-01,2301,N,VIIRS,n,2.0NRT,292.01,0.8,N
37.04406,40.35471,311.29,0.5,0.41,2026-07-01,2301,N,VIIRS,n,2.0NRT,291.27,1.1,N
37.04577,39.12351,312.75,0.57,0.43,2026-07-01,2301,N,VIIRS,n,2.0NRT,292.65,1.69,N
37.07212,40.3773,313.36,0.5,0.41,2026-07-01,2301,N,VIIRS,n,2.0NRT,292.81,1.86,N
37.09606,40.39965,323.75,0.5,0.41,2026-07-01,2301,N,VIIRS,n,2.0NRT,291.43,2.9,N
37.09639,40.39903,322.72,0.5,0.41,2026-07-01,2301,N,VIIRS,n,2.0NRT,290.83,2.6,N
37.11329,39.1021,314.95,0.57,0.43,2026-07-01,2301,N,VIIRS,n,2.0NRT,292.52,1.64,N
37.11848,38.97752,306.56,0.39,0.44,2026-07-01,2301,N,VIIRS,n,2.0NRT,291.32,0.54,N
37.12494,40.24816,304.12,0.51,0.41,2026-07-01,2301,N,VIIRS,n,2.0NRT,290.69,0.87,N
37.12693,40.81266,308.11,0.48,0.4,2026-07-01,2301,N,VIIRS,n,2.0NRT,292.28,1.32,N
37.12872,40.24884,314.55,0.51,0.41,2026-07-01,2301,N,VIIRS,n,2.0NRT,290.38,0.87,N
37.12937,40.24311,302.23,0.51,0.41,2026-07-01,2301,N,VIIRS,n,2.0NRT,291.48,1.47,N
37.17789,40.25789,314.16,0.51,0.41,2026-07-01,2301,N,VIIRS,n,2.0NRT,293.11,0.87,N
37.23554,39.68285,305.42,0.54,0.42,2026-07-01,2301,N,VIIRS,n,2.0NRT,292.73,2.1,N
37.23875,39.68967,321.06,0.54,0.42,2026-07-01,2301,N,VIIRS,n,2.0NRT,294.84,3.0,N
37.23943,39.68356,320.08,0.54,0.42,2026-07-01,2301,N,VIIRS,n,2.0NRT,294.02,2.1,N
37.24302,39.61535,325.67,0.54,0.42,2026-07-01,2301,N,VIIRS,n,2.0NRT,295.0,3.17,N
37.24693,39.61605,321.03,0.54,0.42,2026-07-01,2301,N,VIIRS,n,2.0NRT,295.1,3.17,N
37.24761,39.60989,314.15,0.54,0.42,2026-07-01,2301,N,VIIRS,n,2.0NRT,295.02,2.83,N
37.24947,39.62909,308.96,0.54,0.42,2026-07-01,2301,N,VIIRS,n,2.0NRT,294.03,1.97,N
37.25152,39.61058,313.52,0.54,0.42,2026-07-01,2301,N,VIIRS,n,2.0NRT,295.02,1.32,N
37.25727,39.63051,318.34,0.54,0.42,2026-07-01,2301,N,VIIRS,n,2.0NRT,294.74,1.64,N
37.25795,39.62436,311.57,0.54,0.42,2026-07-01,2301,N,VIIRS,n,2.0NRT,292.83,1.68,N
37.26117,39.63123,309.32,0.54,0.42,2026-07-01,2301,N,VIIRS,n,2.0NRT,293.97,1.64,N
37.26186,39.62508,307.45,0.54,0.42,2026-07-01,2301,N,VIIRS,n,2.0NRT,292.93,1.68,N
37.27661,38.73026,309.09,0.4,0.44,2026-07-01,2301,N,VIIRS,n,2.0NRT,296.32,0.77,N
37.29361,37.15756,315.08,0.48,0.48,2026-07-01,2301,N,VIIRS,n,2.0NRT,295.71,1.36,N
37.37153,39.15392,326.72,0.57,0.43,2026-07-01,2301,N,VIIRS,n,2.0NRT,291.29,4.06,N
37.37554,39.15462,335.34,0.57,0.43,2026-07-01,2301,N,VIIRS,n,2.0NRT,293.9,6.87,N
37.93866,32.53132,304.45,0.44,0.62,2026-07-01,2301,N,VIIRS,n,2.0NRT,292.88,0.86,N
37.93983,32.5316,305.19,0.44,0.62,2026-07-01,2301,N,VIIRS,n,2.0NRT,293.18,0.94,N
