latitude,longitude,bright_ti4,scan,track,acq_date,acq_time,satellite,instrument,confidence,version,bright_ti5,frp,daynight,type
39.48596,30.0429,299.56,0.54,0.68,2024-10-20,54,N,VIIRS,n,2,273.62,1.03,N,2
39.86676,26.2459,308.83,0.34,0.56,2024-10-20,54,N,VIIRS,n,2,284.0,1.44,N,2
41.02061,28.55565,309.59,0.42,0.61,2024-10-20,54,N,VIIRS,n,2,281.72,1.22,N,2
41.17402,32.63458,308.17,0.64,0.72,2024-10-20,54,N,VIIRS,n,2,278.32,2.71,N,2
41.72029,26.76768,308.32,0.33,0.55,2024-10-20,54,N,VIIRS,n,2,275.97,0.79,N,0
41.79743,26.70278,300.59,0.32,0.55,2024-10-20,54,N,VIIRS,n,2,277.28,0.78,N,2
38.38654,30.75998,296.35,0.63,0.72,2024-10-20,55,N,VIIRS,n,2,269.56,0.84,N,0
38.45383,27.26195,296.36,0.42,0.61,2024-10-20,55,N,VIIRS,n,2,282.49,0.58,N,2
38.73591,26.94935,295.91,0.4,0.6,2024-10-20,55,N,VIIRS,n,2,282.49,0.79,N,2
38.73713,26.94497,305.22,0.4,0.6,2024-10-20,55,N,VIIRS,n,2,287.04,0.79,N,2
38.73779,26.94626,306.54,0.4,0.6,2024-10-20,55,N,VIIRS,n,2,287.63,1.47,N,2
38.74116,26.95187,304.93,0.4,0.6,2024-10-20,55,N,VIIRS,n,2,283.02,0.79,N,2
38.74183,26.95327,302.77,0.4,0.6,2024-10-20,55,N,VIIRS,n,2,282.34,0.72,N,0
38.74769,26.9498,305.33,0.4,0.6,2024-10-20,55,N,VIIRS,n,2,282.88,0.7,N,2
38.74834,26.95115,300.63,0.4,0.6,2024-10-20,55,N,VIIRS,n,2,282.61,0.72,N,2
38.75201,26.93762,296.51,0.4,0.6,2024-10-20,55,N,VIIRS,n,2,280.71,0.47,N,0
38.76395,27.4696,312.88,0.42,0.61,2024-10-20,55,N,VIIRS,n,2,275.15,1.84,N,0
35.52472,44.34633,354.1,0.72,0.76,2024-10-20,854,N,VIIRS,n,2,301.78,8.32,D,2
35.52633,44.34644,351.39,0.72,0.76,2024-10-20,854,N,VIIRS,n,2,301.77,6.18,D,2
35.5305,44.33533,331.65,0.72,0.76,2024-10-20,854,N,VIIRS,n,2,299.36,6.18,D,2
35.53141,44.34335,342.98,0.72,0.76,2024-10-20,854,N,VIIRS,n,2,301.02,9.17,D,2
35.533,44.34339,342.46,0.72,0.76,2024-10-20,854,N,VIIRS,n,2,300.75,6.18,D,2
35.63078,44.01181,367.0,0.75,0.77,2024-10-20,854,N,VIIRS,h,2,306.07,24.59,D,2
35.66384,43.96938,336.5,0.75,0.77,2024-10-20,854,N,VIIRS,n,2,302.76,7.81,D,2
35.66093,43.97025,337.22,0.75,0.77,2024-10-20,855,N,VIIRS,n,2,303.07,7.11,D,2
35.68498,43.87514,350.89,0.76,0.77,2024-10-20,855,N,VIIRS,n,2,305.63,38.17,D,2
35.68757,43.88329,341.66,0.76,0.77,2024-10-20,855,N,VIIRS,n,2,300.5,34.15,D,2
35.72311,44.04428,341.69,0.74,0.76,2024-10-20,855,N,VIIRS,n,2,303.3,7.44,D,2
35.86097,44.10201,344.35,0.73,0.76,2024-10-20,855,N,VIIRS,n,2,303.16,5.39,D,0
35.95776,43.92882,332.1,0.74,0.76,2024-10-20,855,N,VIIRS,n,2,300.53,4.03,D,0
35.98898,43.82001,339.41,0.75,0.77,2024-10-20,855,N,VIIRS,n,2,300.83,6.22,D,0
35.99569,43.81676,344.18,0.75,0.77,2024-10-20,855,N,VIIRS,n,2,301.18,6.22,D,0
36.02289,43.76597,333.09,0.75,0.77,2024-10-20,855,N,VIIRS,n,2,300.49,4.36,D,0
36.37671,43.87867,342.46,0.72,0.76,2024-10-20,855,N,VIIRS,n,2,301.81,9.26,D,0
36.47049,43.16475,331.16,0.78,0.78,2024-10-20,855,N,VIIRS,n,2,299.37,6.77,D,0
36.49997,43.38616,331.85,0.76,0.77,2024-10-20,855,N,VIIRS,n,2,297.49,4.48,D,0
36.79458,42.86979,336.49,0.79,0.78,2024-10-20,855,N,VIIRS,n,2,302.78,9.7,D,0
35.52358,44.34613,341.79,0.51,0.49,2024-10-20,1035,N,VIIRS,n,2,306.37,3.94,D,2
35.52767,44.33995,344.57,0.51,0.49,2024-10-20,1035,N,VIIRS,n,2,306.54,8.29,D,2
35.52816,44.34553,341.96,0.51,0.49,2024-10-20,1035,N,VIIRS,n,2,306.58,8.29,D,2
35.53195,44.33733,342.14,0.51,0.49,2024-10-20,1035,N,VIIRS,n,2,306.51,6.23,D,2
35.53223,44.33933,356.3,0.51,0.49,2024-10-20,1035,N,VIIRS,n,2,307.52,8.29,D,2
35.62764,44.01156,342.51,0.49,0.48,2024-10-20,1035,N,VIIRS,n,2,310.68,15.54,D,2
35.62875,44.00856,355.76,0.49,0.48,2024-10-20,1035,N,VIIRS,n,2,311.72,20.31,D,2
35.66136,43.96554,355.88,0.49,0.48,2024-10-20,1035,N,VIIRS,n,2,309.04,9.64,D,2
35.68551,43.88048,342.24,0.48,0.48,2024-10-20,1035,N,VIIRS,n,2,305.44,26.15,D,2
35.71266,44.18738,330.2,0.5,0.49,2024-10-20,1035,N,VIIRS,n,2,302.39,0.95,D,0
35.72252,44.04013,342.33,0.49,0.49,2024-10-20,1035,N,VIIRS,n,2,308.31,6.91,D,2
35.72425,44.04305,342.76,0.49,0.49,2024-10-20,1035,N,VIIRS,n,2,309.76,8.91,D,2
35.72701,44.03943,342.14,0.49,0.49,2024-10-20,1035,N,VIIRS,n,2,305.47,6.91,D,2
35.72784,44.03149,336.04,0.49,0.49,2024-10-20,1035,N,VIIRS,n,2,306.68,3.03,D,2
35.81577,43.66367,339.56,0.47,0.48,2024-10-20,1035,N,VIIRS,n,2,302.25,5.85,D,0
35.81879,43.6472,341.58,0.47,0.48,2024-10-20,1035,N,VIIRS,n,2,305.53,3.96,D,0
35.81925,43.65252,346.81,0.47,0.48,2024-10-20,1035,N,VIIRS,n,2,305.15,7.38,D,0
36.01805,43.68434,335.76,0.47,0.48,2024-10-20,1035,N,VIIRS,n,2,306.31,2.6,D,2
36.04396,44.17665,341.07,0.5,0.49,2024-10-20,1035,N,VIIRS,n,2,305.4,5.9,D,0
36.1055,37.77094,336.86,0.4,0.37,2024-10-20,1035,N,VIIRS,n,2,304.28,3.6,D,0
36.12035,37.67636,339.74,0.4,0.37,2024-10-20,1035,N,VIIRS,n,2,301.29,3.83,D,0
36.13612,38.49666,343.43,0.42,0.38,2024-10-20,1035,N,VIIRS,n,2,305.25,6.41,D,0
36.13957,38.49598,350.06,0.42,0.38,2024-10-20,1035,N,VIIRS,n,2,307.85,6.41,D,0
36.16772,39.42058,337.11,0.45,0.39,2024-10-20,1035,N,VIIRS,n,2,302.62,2.86,D,0
36.17128,39.41991,336.96,0.45,0.39,2024-10-20,1035,N,VIIRS,n,2,302.09,2.86,D,0
36.22575,43.54714,356.09,0.47,0.48,2024-10-20,1035,N,VIIRS,n,2,306.62,12.77,D,0
36.33817,33.32143,350.04,0.42,0.37,2024-10-20,1035,N,VIIRS,n,2,296.35,4.28,D,0
36.38296,43.41805,338.94,0.46,0.47,2024-10-20,1035,N,VIIRS,n,2,301.76,3.03,D,0
36.40552,43.32658,336.3,0.46,0.47,2024-10-20,1035,N,VIIRS,n,2,304.81,2.83,D,0
36.438,43.44417,337.57,0.46,0.47,2024-10-20,1035,N,VIIRS,n,2,306.57,2.89,D,0
36.47495,43.16909,339.12,0.45,0.47,2024-10-20,1035,N,VIIRS,n,2,304.16,4.42,D,0
36.50433,43.39149,343.9,0.46,0.47,2024-10-20,1035,N,VIIRS,n,2,303.95,5.65,D,0
36.50998,37.05004,335.99,0.39,0.36,2024-10-20,1035,N,VIIRS,n,2,305.89,1.91,D,0
36.54346,43.33232,345.67,0.46,0.47,2024-10-20,1035,N,VIIRS,n,2,306.36,5.78,D,0
36.54738,43.32667,336.07,0.46,0.47,2024-10-20,1035,N,VIIRS,n,2,303.6,4.21,D,0
36.54784,43.33181,341.11,0.46,0.47,2024-10-20,1035,N,VIIRS,n,2,303.88,5.78,D,0
36.5509,39.6168,336.34,0.46,0.39,2024-10-20,1035,N,VIIRS,n,2,302.13,5.95,D,0
36.57859,42.78679,341.14,0.43,0.46,2024-10-20,1035,N,VIIRS,n,2,303.82,2.99,D,0
36.60141,39.27262,341.39,0.45,0.39,2024-10-20,1035,N,VIIRS,n,2,303.18,3.67,D,0
36.61666,43.6554,341.43,0.48,0.48,2024-10-20,1035,N,VIIRS,n,2,305.2,7.68,D,0
36.63989,42.36402,335.53,0.41,0.45,2024-10-20,1035,N,VIIRS,n,2,301.22,1.67,D,0
36.69685,44.10887,337.3,0.51,0.49,2024-10-20,1035,N,VIIRS,n,2,306.73,6.23,D,0
36.69766,44.11137,341.53,0.51,0.49,2024-10-20,1035,N,VIIRS,n,2,307.03,4.78,D,0
36.70704,42.01496,339.19,0.39,0.44,2024-10-20,1035,N,VIIRS,n,2,304.75,3.21,D,0
36.71774,36.19994,334.48,0.39,0.36,2024-10-20,1035,N,VIIRS,n,2,306.49,4.25,D,2
36.72956,36.21055,336.18,0.39,0.36,2024-10-20,1035,N,VIIRS,n,2,304.69,2.75,D,2
36.74641,43.47998,338.65,0.47,0.48,2024-10-20,1035,N,VIIRS,n,2,306.45,3.73,D,0
36.74686,43.48536,342.55,0.47,0.48,2024-10-20,1035,N,VIIRS,n,2,307.4,3.73,D,0
36.74748,43.48236,352.07,0.47,0.48,2024-10-20,1035,N,VIIRS,n,2,307.89,5.54,D,0
36.75985,37.51329,342.81,0.4,0.37,2024-10-20,1035,N,VIIRS,n,2,307.45,8.16,D,0
36.77356,37.79378,336.67,0.41,0.37,2024-10-20,1035,N,VIIRS,n,2,305.79,4.64,D,0
36.77717,43.3225,337.99,0.46,0.47,2024-10-20,1035,N,VIIRS,n,2,302.78,5.6,D,2
36.77813,43.09038,348.88,0.45,0.47,2024-10-20,1035,N,VIIRS,n,2,304.66,28.96,D,0
36.78053,38.76144,342.83,0.43,0.38,2024-10-20,1035,N,VIIRS,n,2,304.71,13.0,D,0
36.78246,43.08983,349.89,0.45,0.47,2024-10-20,1035,N,VIIRS,n,2,319.69,28.96,D,0
36.78292,43.09488,343.95,0.45,0.47,2024-10-20,1035,N,VIIRS,n,2,305.53,21.6,D,0
36.7983,37.66737,335.32,0.4,0.37,2024-10-20,1035,N,VIIRS,n,2,306.14,1.79,D,0
36.80538,37.41282,334.8,0.4,0.37,2024-10-20,1035,N,VIIRS,n,2,308.04,2.4,D,0
36.83375,42.29644,342.09,0.41,0.45,2024-10-20,1035,N,VIIRS,n,2,305.67,3.93,D,0
36.86933,38.17088,343.31,0.42,0.37,2024-10-20,1035,N,VIIRS,n,2,304.14,3.83,D,0
36.87595,41.78189,351.17,0.38,0.44,2024-10-20,1035,N,VIIRS,n,2,307.11,6.94,D,0
36.90078,38.77463,340.91,0.43,0.38,2024-10-20,1035,N,VIIRS,n,2,301.93,4.4,D,0
36.90711,43.39182,341.68,0.47,0.48,2024-10-20,1035,N,VIIRS,n,2,294.7,5.5,D,2
36.90963,35.43058,344.44,0.38,0.36,2024-10-20,1035,N,VIIRS,n,2,304.32,5.02,D,0
36.91448,36.94834,332.26,0.39,0.36,2024-10-20,1035,N,VIIRS,n,2,305.13,2.14,D,0
36.92377,40.81474,336.08,0.52,0.42,2024-10-20,1035,N,VIIRS,n,2,302.56,3.61,D,0
36.93673,42.13318,340.03,0.4,0.44,2024-10-20,1035,N,VIIRS,n,2,304.42,2.17,D,2
36.94093,42.1745,336.36,0.4,0.44,2024-10-20,1035,N,VIIRS,n,2,302.25,3.7,D,2
36.94249,42.17056,341.53,0.4,0.44,2024-10-20,1035,N,VIIRS,n,2,305.25,4.07,D,2
36.94718,42.1325,347.24,0.4,0.44,2024-10-20,1035,N,VIIRS,n,2,308.9,10.56,D,2
36.96418,42.35509,342.96,0.41,0.45,2024-10-20,1035,N,VIIRS,n,2,307.32,5.39,D,0
36.96461,42.35974,341.08,0.41,0.45,2024-10-20,1035,N,VIIRS,n,2,305.55,5.39,D,0
36.97293,40.12208,332.03,0.49,0.4,2024-10-20,1035,N,VIIRS,n,2,300.6,11.98,D,0
36.97858,35.81432,339.87,0.38,0.36,2024-10-20,1035,N,VIIRS,n,2,306.2,3.21,D,0
36.98318,42.33328,367.0,0.41,0.45,2024-10-20,1035,N,VIIRS,h,2,309.87,13.98,D,0
36.98664,39.9475,331.69,0.48,0.4,2024-10-20,1035,N,VIIRS,n,2,302.2,2.9,D,0
36.995,40.05123,338.49,0.48,0.4,2024-10-20,1035,N,VIIRS,n,2,301.03,4.71,D,0
37.03162,40.82505,337.88,0.52,0.42,2024-10-20,1035,N,VIIRS,n,2,302.81,6.02,D,0
37.04537,41.95849,347.05,0.39,0.44,2024-10-20,1035,N,VIIRS,n,2,308.88,6.08,D,0
37.04803,41.05374,340.15,0.54,0.42,2024-10-20,1035,N,VIIRS,n,2,303.76,11.66,D,0
37.08358,36.08909,337.36,0.39,0.36,2024-10-20,1035,N,VIIRS,n,2,307.72,2.19,D,0
37.09623,40.80803,336.96,0.52,0.42,2024-10-20,1035,N,VIIRS,n,2,303.12,5.98,D,0
37.09808,43.10373,336.79,0.45,0.47,2024-10-20,1035,N,VIIRS,n,2,299.48,3.05,D,0
37.09859,43.10922,342.68,0.45,0.47,2024-10-20,1035,N,VIIRS,n,2,301.69,5.66,D,0
37.11906,36.72107,340.73,0.39,0.36,2024-10-20,1035,N,VIIRS,n,2,308.49,4.27,D,0
37.12229,35.98197,336.19,0.38,0.36,2024-10-20,1035,N,VIIRS,n,2,307.61,1.34,D,0
37.13568,35.73465,334.73,0.38,0.36,2024-10-20,1035,N,VIIRS,n,2,308.14,2.08,D,0
37.13979,41.9633,343.58,0.4,0.44,2024-10-20,1035,N,VIIRS,n,2,305.94,3.59,D,0
37.14198,38.86749,342.73,0.44,0.38,2024-10-20,1035,N,VIIRS,n,2,299.16,4.21,D,0
37.14387,41.96268,339.61,0.4,0.44,2024-10-20,1035,N,VIIRS,n,2,304.31,3.74,D,0
37.1443,36.87368,337.0,0.39,0.36,2024-10-20,1035,N,VIIRS,n,2,306.28,4.23,D,0
37.14492,36.87805,333.59,0.39,0.36,2024-10-20,1035,N,VIIRS,n,2,305.3,4.11,D,0
37.14515,36.04358,335.7,0.39,0.36,2024-10-20,1035,N,VIIRS,n,2,309.34,3.16,D,0
37.15881,39.90583,345.62,0.48,0.4,2024-10-20,1035,N,VIIRS,n,2,301.63,5.74,D,0
37.19683,42.03738,341.38,0.4,0.44,2024-10-20,1035,N,VIIRS,n,2,305.43,2.52,D,0
37.19936,38.92168,333.06,0.44,0.38,2024-10-20,1035,N,VIIRS,n,2,302.79,7.79,D,0
37.20616,35.99918,336.61,0.38,0.36,2024-10-20,1035,N,VIIRS,n,2,307.37,3.47,D,0
37.21791,39.1288,335.22,0.45,0.39,2024-10-20,1035,N,VIIRS,n,2,303.86,5.56,D,0
37.21854,39.13386,347.1,0.45,0.39,2024-10-20,1035,N,VIIRS,n,2,301.52,6.93,D,0
37.22147,39.12811,333.56,0.45,0.39,2024-10-20,1035,N,VIIRS,n,2,302.01,5.47,D,0
37.2221,39.13316,348.35,0.45,0.39,2024-10-20,1035,N,VIIRS,n,2,310.88,39.79,D,0
37.2357,42.13483,343.26,0.4,0.45,2024-10-20,1035,N,VIIRS,n,2,309.31,4.04,D,0
37.23735,42.02665,341.61,0.4,0.44,2024-10-20,1035,N,VIIRS,n,2,307.24,6.62,D,0
37.23782,42.03126,345.96,0.4,0.44,2024-10-20,1035,N,VIIRS,n,2,304.78,6.62,D,0
37.24031,42.02766,354.29,0.4,0.44,2024-10-20,1035,N,VIIRS,n,2,303.72,8.12,D,0
37.25528,38.97426,333.2,0.44,0.39,2024-10-20,1035,N,VIIRS,n,2,300.3,11.45,D,0
37.25893,35.49658,339.62,0.38,0.36,2024-10-20,1035,N,VIIRS,n,2,309.9,6.09,D,0
37.26222,35.49579,339.38,0.38,0.36,2024-10-20,1035,N,VIIRS,n,2,306.28,6.09,D,0
37.26433,39.85629,337.81,0.48,0.4,2024-10-20,1035,N,VIIRS,n,2,302.59,3.35,D,0
37.268,39.85562,333.22,0.48,0.4,2024-10-20,1035,N,VIIRS,n,2,300.71,3.35,D,0
37.28939,35.87783,347.87,0.38,0.36,2024-10-20,1035,N,VIIRS,n,2,307.96,6.09,D,0
37.30848,35.89124,341.49,0.38,0.36,2024-10-20,1035,N,VIIRS,n,2,307.44,4.35,D,0
37.31108,40.06553,330.81,0.49,0.4,2024-10-20,1035,N,VIIRS,n,2,305.55,2.69,D,0
37.31523,38.76236,345.87,0.44,0.38,2024-10-20,1035,N,VIIRS,n,2,304.84,6.77,D,0
37.31792,36.02325,333.26,0.39,0.36,2024-10-20,1035,N,VIIRS,n,2,305.91,1.88,D,0
37.31862,42.10447,341.2,0.4,0.45,2024-10-20,1035,N,VIIRS,n,2,304.15,2.31,D,0
37.34322,38.72677,333.33,0.44,0.38,2024-10-20,1035,N,VIIRS,n,2,301.31,7.07,D,0
37.34673,38.7261,336.33,0.44,0.38,2024-10-20,1035,N,VIIRS,n,2,301.67,7.07,D,0
37.3701,36.9403,334.46,0.39,0.36,2024-10-20,1035,N,VIIRS,n,2,305.3,3.11,D,0
37.4202,39.08442,332.88,0.45,0.39,2024-10-20,1035,N,VIIRS,n,2,301.52,4.06,D,0
37.42376,39.08372,333.44,0.45,0.39,2024-10-20,1035,N,VIIRS,n,2,302.89,3.53,D,0
37.43502,37.15213,333.04,0.4,0.37,2024-10-20,1035,N,VIIRS,n,2,304.04,2.6,D,0
37.43533,37.00488,331.14,0.4,0.37,2024-10-20,1035,N,VIIRS,n,2,305.27,2.06,D,0
37.43868,37.00414,333.73,0.4,0.37,2024-10-20,1035,N,VIIRS,n,2,303.8,2.66,D,0
37.45804,37.0687,336.6,0.4,0.37,2024-10-20,1035,N,VIIRS,n,2,305.22,2.36,D,0
37.46067,40.44247,345.69,0.51,0.41,2024-10-20,1035,N,VIIRS,n,2,294.62,5.61,D,0
37.46138,37.06795,346.65,0.4,0.37,2024-10-20,1035,N,VIIRS,n,2,306.12,5.95,D,0
37.47905,39.32508,343.28,0.46,0.39,2024-10-20,1035,N,VIIRS,n,2,303.79,8.49,D,0
37.48392,38.03201,341.23,0.42,0.37,2024-10-20,1035,N,VIIRS,n,2,306.21,10.17,D,0
37.48846,40.41509,353.83,0.51,0.41,2024-10-20,1035,N,VIIRS,n,2,309.49,99.01,D,0
37.49282,42.45351,343.91,0.42,0.45,2024-10-20,1035,N,VIIRS,n,2,304.09,7.51,D,0
37.49307,42.45534,346.27,0.42,0.45,2024-10-20,1035,N,VIIRS,n,2,303.69,5.54,D,0
37.49655,40.42447,340.15,0.51,0.41,2024-10-20,1035,N,VIIRS,n,2,301.82,9.54,D,0
37.49717,40.43019,336.96,0.51,0.41,2024-10-20,1035,N,VIIRS,n,2,299.53,6.4,D,0
37.49732,40.42522,348.0,0.51,0.41,2024-10-20,1035,N,VIIRS,n,2,303.02,15.16,D,0
37.49928,39.49163,333.07,0.46,0.39,2024-10-20,1035,N,VIIRS,n,2,301.2,2.01,D,0
37.50289,39.49358,346.09,0.46,0.39,2024-10-20,1035,N,VIIRS,n,2,299.03,7.9,D,0
37.50291,39.49096,333.56,0.46,0.39,2024-10-20,1035,N,VIIRS,n,2,299.33,3.41,D,0
37.50566,39.17517,330.49,0.45,0.39,2024-10-20,1035,N,VIIRS,n,2,301.06,1.89,D,0
37.51441,41.04589,337.25,0.54,0.42,2024-10-20,1035,N,VIIRS,n,2,300.57,9.78,D,0
37.5183,41.04517,342.32,0.54,0.42,2024-10-20,1035,N,VIIRS,n,2,304.93,41.61,D,0
37.53472,37.04029,342.93,0.4,0.37,2024-10-20,1035,N,VIIRS,n,2,306.56,5.51,D,0
37.54692,37.30585,337.56,0.4,0.37,2024-10-20,1035,N,VIIRS,n,2,305.29,7.27,D,0
37.55122,37.05959,334.55,0.4,0.37,2024-10-20,1035,N,VIIRS,n,2,303.25,5.14,D,0
37.5793,39.07514,331.43,0.45,0.39,2024-10-20,1035,N,VIIRS,n,2,304.38,1.92,D,0
37.59943,37.41126,337.41,0.4,0.37,2024-10-20,1035,N,VIIRS,n,2,303.59,4.33,D,0
37.6044,38.2133,334.03,0.42,0.38,2024-10-20,1035,N,VIIRS,n,2,304.22,2.27,D,0
37.62851,38.01801,345.7,0.42,0.37,2024-10-20,1035,N,VIIRS,n,2,304.73,4.06,D,0
37.64641,40.94452,336.23,0.54,0.42,2024-10-20,1035,N,VIIRS,n,2,299.83,3.74,D,0
37.65818,37.93187,339.3,0.42,0.37,2024-10-20,1035,N,VIIRS,n,2,302.25,2.54,D,0
37.67482,40.61935,345.91,0.52,0.42,2024-10-20,1035,N,VIIRS,n,2,297.21,16.3,D,0
37.67799,38.0299,340.04,0.42,0.37,2024-10-20,1035,N,VIIRS,n,2,312.59,23.14,D,0
37.68276,39.10477,337.13,0.45,0.39,2024-10-20,1035,N,VIIRS,n,2,304.33,3.04,D,0
37.68542,39.50013,332.7,0.47,0.39,2024-10-20,1035,N,VIIRS,n,2,301.63,2.81,D,0
37.68613,40.50936,333.32,0.51,0.41,2024-10-20,1035,N,VIIRS,n,2,299.65,3.46,D,0
37.69223,38.30694,342.09,0.43,0.38,2024-10-20,1035,N,VIIRS,n,2,302.08,6.52,D,0
37.69312,37.98337,355.88,0.42,0.37,2024-10-20,1035,N,VIIRS,n,2,304.96,9.77,D,0
37.69539,40.70115,348.67,0.52,0.42,2024-10-20,1035,N,VIIRS,n,2,304.35,18.66,D,0
37.69671,40.78637,332.76,0.53,0.42,2024-10-20,1035,N,VIIRS,n,2,296.76,7.3,D,0
37.69716,37.98726,337.18,0.42,0.37,2024-10-20,1035,N,VIIRS,n,2,303.72,9.77,D,0
37.70797,37.57301,344.35,0.41,0.37,2024-10-20,1035,N,VIIRS,n,2,306.42,6.06,D,0
37.71682,40.97572,332.58,0.54,0.42,2024-10-20,1035,N,VIIRS,n,2,300.07,3.71,D,0
37.71717,40.68548,351.88,0.52,0.42,2024-10-20,1035,N,VIIRS,n,2,302.03,14.88,D,0
37.73756,38.98457,342.95,0.45,0.39,2024-10-20,1035,N,VIIRS,n,2,305.32,6.98,D,0
37.74443,38.8641,341.13,0.44,0.39,2024-10-20,1035,N,VIIRS,n,2,304.43,8.48,D,0
37.76072,40.42366,338.44,0.51,0.41,2024-10-20,1035,N,VIIRS,n,2,300.35,3.96,D,0
37.76714,39.04675,342.93,0.45,0.39,2024-10-20,1035,N,VIIRS,n,2,307.57,7.82,D,0
37.76725,39.41198,330.31,0.46,0.39,2024-10-20,1035,N,VIIRS,n,2,299.06,2.15,D,0
37.76777,39.05185,336.94,0.45,0.39,2024-10-20,1035,N,VIIRS,n,2,305.27,7.75,D,0
37.79534,41.54014,343.41,0.38,0.43,2024-10-20,1035,N,VIIRS,n,2,298.62,5.83,D,0
37.79583,38.47506,330.97,0.43,0.38,2024-10-20,1035,N,VIIRS,n,2,301.24,1.81,D,0
37.79927,40.89211,339.48,0.54,0.42,2024-10-20,1035,N,VIIRS,n,2,302.71,8.44,D,0
37.79981,38.53447,347.47,0.43,0.38,2024-10-20,1035,N,VIIRS,n,2,304.22,8.67,D,0
37.80816,40.6442,341.47,0.52,0.42,2024-10-20,1035,N,VIIRS,n,2,299.62,5.92,D,0
37.80846,40.23594,332.63,0.5,0.41,2024-10-20,1035,N,VIIRS,n,2,299.09,11.09,D,0
37.8093,40.23814,335.79,0.5,0.41,2024-10-20,1035,N,VIIRS,n,2,299.2,10.94,D,0
37.81161,40.89668,331.26,0.54,0.42,2024-10-20,1035,N,VIIRS,n,2,298.71,5.62,D,0
37.812,40.64359,351.38,0.52,0.42,2024-10-20,1035,N,VIIRS,n,2,304.0,22.35,D,0
37.88071,40.54482,336.89,0.52,0.41,2024-10-20,1035,N,VIIRS,n,2,303.29,7.08,D,0
37.88452,40.54405,346.06,0.52,0.41,2024-10-20,1035,N,VIIRS,n,2,302.96,7.67,D,0
37.90586,40.85409,337.28,0.54,0.42,2024-10-20,1035,N,VIIRS,n,2,303.28,4.52,D,0
37.93872,40.54074,338.53,0.52,0.41,2024-10-20,1035,N,VIIRS,n,2,303.13,11.96,D,0
37.94002,40.38925,332.87,0.51,0.41,2024-10-20,1035,N,VIIRS,n,2,301.17,31.65,D,0
37.94056,40.53969,347.04,0.52,0.41,2024-10-20,1035,N,VIIRS,n,2,303.46,11.08,D,0
37.95831,40.64697,339.58,0.52,0.42,2024-10-20,1035,N,VIIRS,n,2,301.0,3.59,D,0
37.95959,40.64608,337.11,0.53,0.42,2024-10-20,1035,N,VIIRS,n,2,300.37,5.66,D,0
37.97571,41.10186,339.81,0.55,0.43,2024-10-20,1035,N,VIIRS,n,2,298.82,7.51,D,0
38.0071,40.79851,337.14,0.53,0.42,2024-10-20,1035,N,VIIRS,n,2,299.5,4.67,D,0
38.01097,40.79778,346.11,0.53,0.42,2024-10-20,1035,N,VIIRS,n,2,301.36,6.48,D,0
38.02381,40.27372,334.02,0.51,0.41,2024-10-20,1035,N,VIIRS,n,2,301.4,25.93,D,0
38.02454,40.85146,336.77,0.54,0.42,2024-10-20,1035,N,VIIRS,n,2,302.76,3.31,D,0
38.02633,40.27114,346.94,0.51,0.41,2024-10-20,1035,N,VIIRS,n,2,306.93,36.79,D,0
38.0476,40.14964,332.53,0.5,0.41,2024-10-20,1035,N,VIIRS,n,2,299.35,4.96,D,0
38.05334,39.79781,340.03,0.48,0.4,2024-10-20,1035,N,VIIRS,n,2,300.35,10.8,D,0
38.07833,40.15016,339.73,0.5,0.41,2024-10-20,1035,N,VIIRS,n,2,300.74,5.68,D,0
38.0864,39.577,331.42,0.47,0.4,2024-10-20,1035,N,VIIRS,n,2,298.87,2.87,D,0
38.09858,41.0999,337.27,0.55,0.43,2024-10-20,1035,N,VIIRS,n,2,300.92,4.87,D,0
38.10347,40.03467,339.95,0.5,0.41,2024-10-20,1035,N,VIIRS,n,2,300.81,6.31,D,0
38.10374,40.03257,341.74,0.5,0.41,2024-10-20,1035,N,VIIRS,n,2,300.89,5.77,D,0
38.10446,40.86102,348.17,0.54,0.42,2024-10-20,1035,N,VIIRS,n,2,304.84,18.38,D,0
38.11249,40.07744,330.67,0.5,0.41,2024-10-20,1035,N,VIIRS,n,2,298.79,2.39,D,0
38.11342,40.94775,335.44,0.54,0.42,2024-10-20,1035,N,VIIRS,n,2,302.01,5.41,D,0
38.1207,40.86464,335.76,0.54,0.42,2024-10-20,1035,N,VIIRS,n,2,303.27,4.22,D,0
38.13561,40.89345,337.16,0.54,0.42,2024-10-20,1035,N,VIIRS,n,2,301.18,4.63,D,0
38.14016,40.89897,336.12,0.54,0.42,2024-10-20,1035,N,VIIRS,n,2,301.2,4.63,D,0
38.1407,40.75457,348.77,0.53,0.42,2024-10-20,1035,N,VIIRS,n,2,301.79,33.5,D,0
38.14135,40.76065,337.21,0.53,0.42,2024-10-20,1035,N,VIIRS,n,2,300.89,33.5,D,0
38.14496,39.82436,333.8,0.49,0.4,2024-10-20,1035,N,VIIRS,n,2,298.75,7.13,D,0
38.14656,39.9384,345.76,0.49,0.4,2024-10-20,1035,N,VIIRS,n,2,297.54,6.13,D,0
38.1603,40.86408,345.35,0.54,0.42,2024-10-20,1035,N,VIIRS,n,2,302.65,15.81,D,0
38.17334,40.94952,336.9,0.55,0.42,2024-10-20,1035,N,VIIRS,n,2,298.47,3.48,D,0
38.182,40.57888,331.78,0.52,0.42,2024-10-20,1035,N,VIIRS,n,2,297.68,7.34,D,0
38.18266,40.58509,340.47,0.52,0.42,2024-10-20,1035,N,VIIRS,n,2,299.26,7.34,D,0
38.23269,40.83578,356.06,0.54,0.42,2024-10-20,1035,N,VIIRS,n,2,301.65,16.56,D,0
38.23661,40.83537,347.47,0.54,0.42,2024-10-20,1035,N,VIIRS,n,2,297.63,9.93,D,0
38.24505,40.80265,347.89,0.54,0.42,2024-10-20,1035,N,VIIRS,n,2,303.97,13.79,D,0
37.27453,27.72306,335.85,0.46,0.47,2024-10-20,1036,N,VIIRS,n,2,301.28,4.03,D,0
37.46135,32.60316,339.93,0.42,0.38,2024-10-20,1036,N,VIIRS,n,2,299.21,6.66,D,0
37.46736,32.59653,329.62,0.42,0.38,2024-10-20,1036,N,VIIRS,n,2,295.34,72.5,D,0
37.46821,32.60126,337.79,0.42,0.38,2024-10-20,1036,N,VIIRS,n,2,304.01,133.18,D,0
37.46976,33.57779,335.9,0.4,0.37,2024-10-20,1036,N,VIIRS,n,2,297.14,3.75,D,0
37.6535,33.10771,336.94,0.41,0.37,2024-10-20,1036,N,VIIRS,n,2,299.55,3.57,D,0
37.70674,31.80903,334.91,0.45,0.39,2024-10-20,1036,N,VIIRS,n,2,304.31,3.11,D,0
37.78651,27.6469,336.45,0.45,0.47,2024-10-20,1036,N,VIIRS,n,2,292.08,2.71,D,0
37.78801,27.64499,329.46,0.45,0.47,2024-10-20,1036,N,VIIRS,n,2,292.28,3.98,D,0
37.81296,28.11373,340.5,0.43,0.46,2024-10-20,1036,N,VIIRS,n,2,300.86,3.44,D,0
37.86861,28.24751,330.8,0.42,0.45,2024-10-20,1036,N,VIIRS,n,2,298.49,1.95,D,0
37.87908,33.56328,330.81,0.4,0.37,2024-10-20,1036,N,VIIRS,n,2,295.33,2.04,D,0
37.89439,32.81379,332.03,0.42,0.37,2024-10-20,1036,N,VIIRS,n,2,297.25,1.14,D,0
38.02531,29.51271,336.19,0.55,0.42,2024-10-20,1036,N,VIIRS,n,2,301.78,5.13,D,0
38.11004,33.39121,348.79,0.4,0.37,2024-10-20,1036,N,VIIRS,n,2,296.86,6.6,D,0
38.11271,37.11494,328.61,0.4,0.37,2024-10-20,1036,N,VIIRS,n,2,297.12,1.78,D,0
38.1445,37.09399,326.61,0.4,0.37,2024-10-20,1036,N,VIIRS,n,2,294.65,2.0,D,0
38.15401,37.01241,326.98,0.4,0.37,2024-10-20,1036,N,VIIRS,n,2,294.71,1.46,D,0
38.15631,37.05399,331.29,0.4,0.37,2024-10-20,1036,N,VIIRS,n,2,296.29,2.21,D,0
38.17539,37.06071,338.29,0.4,0.37,2024-10-20,1036,N,VIIRS,n,2,297.99,4.83,D,0
38.17946,29.75035,328.55,0.53,0.42,2024-10-20,1036,N,VIIRS,n,2,300.01,1.46,D,0
38.22026,37.13541,331.1,0.4,0.37,2024-10-20,1036,N,VIIRS,n,2,296.19,1.36,D,0
38.22523,29.69034,329.96,0.53,0.42,2024-10-20,1036,N,VIIRS,n,2,299.31,1.41,D,0
38.23062,37.1096,334.36,0.4,0.37,2024-10-20,1036,N,VIIRS,n,2,297.17,2.4,D,0
38.23741,37.28747,340.0,0.4,0.37,2024-10-20,1036,N,VIIRS,n,2,295.21,3.57,D,0
38.23955,37.27751,346.91,0.4,0.37,2024-10-20,1036,N,VIIRS,n,2,304.79,20.41,D,0
38.24079,37.28672,349.2,0.4,0.37,2024-10-20,1036,N,VIIRS,n,2,307.65,11.81,D,0
38.24417,37.28597,331.28,0.4,0.37,2024-10-20,1036,N,VIIRS,n,2,296.07,11.81,D,0
38.24548,32.36622,330.98,0.42,0.38,2024-10-20,1036,N,VIIRS,n,2,299.26,2.46,D,0
38.24633,32.37099,330.88,0.42,0.38,2024-10-20,1036,N,VIIRS,n,2,297.43,2.46,D,0
38.24977,37.3275,344.33,0.41,0.37,2024-10-20,1036,N,VIIRS,n,2,299.19,5.41,D,0
38.25039,37.33211,346.01,0.41,0.37,2024-10-20,1036,N,VIIRS,n,2,301.28,5.41,D,0
38.2521,37.24168,342.26,0.4,0.37,2024-10-20,1036,N,VIIRS,n,2,298.34,7.04,D,0
38.25316,37.32676,339.46,0.41,0.37,2024-10-20,1036,N,VIIRS,n,2,301.99,4.16,D,0
38.25655,37.32599,336.42,0.41,0.37,2024-10-20,1036,N,VIIRS,n,2,298.72,4.16,D,0
38.26071,37.12654,329.28,0.4,0.37,2024-10-20,1036,N,VIIRS,n,2,298.46,2.65,D,0
38.26368,37.0976,340.46,0.4,0.37,2024-10-20,1036,N,VIIRS,n,2,297.68,5.67,D,0
38.26534,37.13494,332.21,0.4,0.37,2024-10-20,1036,N,VIIRS,n,2,296.14,1.39,D,0
38.27082,37.12432,326.44,0.4,0.37,2024-10-20,1036,N,VIIRS,n,2,296.59,2.17,D,0
38.27813,37.20292,327.97,0.4,0.37,2024-10-20,1036,N,VIIRS,n,2,297.66,2.84,D,0
38.33535,36.96093,338.85,0.4,0.37,2024-10-20,1036,N,VIIRS,n,2,295.63,3.34,D,0
38.3366,36.97002,334.46,0.4,0.37,2024-10-20,1036,N,VIIRS,n,2,294.89,5.12,D,0
38.33723,36.97456,337.17,0.4,0.37,2024-10-20,1036,N,VIIRS,n,2,296.35,5.12,D,0
38.34099,37.00186,330.21,0.4,0.37,2024-10-20,1036,N,VIIRS,n,2,294.64,4.05,D,0
38.34122,36.97836,330.98,0.4,0.37,2024-10-20,1036,N,VIIRS,n,2,294.67,5.03,D,0
38.34394,36.97305,344.17,0.4,0.37,2024-10-20,1036,N,VIIRS,n,2,295.69,6.1,D,0
38.34458,36.9776,338.37,0.4,0.37,2024-10-20,1036,N,VIIRS,n,2,296.74,5.03,D,0
38.34878,36.95793,350.7,0.4,0.37,2024-10-20,1036,N,VIIRS,n,2,298.1,10.21,D,0
38.35155,32.48778,331.28,0.42,0.38,2024-10-20,1036,N,VIIRS,n,2,298.73,1.9,D,0
38.35214,36.95717,332.72,0.4,0.37,2024-10-20,1036,N,VIIRS,n,2,293.01,4.05,D,0
38.3555,36.95642,346.55,0.4,0.37,2024-10-20,1036,N,VIIRS,n,2,296.81,4.05,D,0
38.35633,36.93751,330.06,0.4,0.37,2024-10-20,1036,N,VIIRS,n,2,294.38,3.74,D,0
38.35697,36.94206,331.64,0.4,0.37,2024-10-20,1036,N,VIIRS,n,2,296.29,3.74,D,0
38.3576,36.9466,337.87,0.4,0.37,2024-10-20,1036,N,VIIRS,n,2,294.43,4.08,D,0
38.35809,38.2385,332.85,0.43,0.38,2024-10-20,1036,N,VIIRS,n,2,288.24,7.45,D,0
38.35823,36.95113,334.81,0.4,0.37,2024-10-20,1036,N,VIIRS,n,2,294.16,4.08,D,0
38.35886,36.95567,346.36,0.4,0.37,2024-10-20,1036,N,VIIRS,n,2,298.64,13.49,D,0
38.36074,36.9693,340.47,0.4,0.37,2024-10-20,1036,N,VIIRS,n,2,297.06,4.46,D,0
38.36082,36.93804,339.49,0.4,0.37,2024-10-20,1036,N,VIIRS,n,2,296.54,10.99,D,0
38.36158,36.95038,340.37,0.4,0.37,2024-10-20,1036,N,VIIRS,n,2,294.51,4.08,D,0
38.36268,36.95166,335.5,0.4,0.37,2024-10-20,1036,N,VIIRS,n,2,293.86,3.3,D,0
38.36417,36.93729,342.65,0.4,0.37,2024-10-20,1036,N,VIIRS,n,2,298.04,10.99,D,0
38.36753,36.93653,351.36,0.4,0.37,2024-10-20,1036,N,VIIRS,n,2,297.15,9.72,D,0
38.38485,31.10846,333.0,0.46,0.39,2024-10-20,1036,N,VIIRS,n,2,304.39,2.84,D,0
38.38668,30.761,334.36,0.48,0.4,2024-10-20,1036,N,VIIRS,n,2,301.65,4.1,D,0
38.38849,31.86404,343.34,0.44,0.38,2024-10-20,1036,N,VIIRS,n,2,301.72,7.14,D,0
38.39663,32.16989,347.19,0.43,0.38,2024-10-20,1036,N,VIIRS,n,2,300.44,4.36,D,0
38.39689,32.31143,335.5,0.42,0.38,2024-10-20,1036,N,VIIRS,n,2,298.23,4.96,D,0
38.46495,29.40852,335.94,0.54,0.42,2024-10-20,1036,N,VIIRS,n,2,305.64,2.38,D,0
38.51362,36.11934,326.43,0.39,0.36,2024-10-20,1036,N,VIIRS,n,2,297.02,1.29,D,0
38.53488,32.28872,337.0,0.42,0.38,2024-10-20,1036,N,VIIRS,n,2,297.42,10.86,D,0
38.54463,36.26348,329.99,0.39,0.36,2024-10-20,1036,N,VIIRS,n,2,294.07,1.58,D,0
38.55241,35.66852,326.61,0.39,0.36,2024-10-20,1036,N,VIIRS,n,2,295.68,3.45,D,0
38.57425,32.20674,336.83,0.42,0.38,2024-10-20,1036,N,VIIRS,n,2,296.96,3.22,D,0
38.65825,32.80805,335.31,0.41,0.37,2024-10-20,1036,N,VIIRS,n,2,295.39,1.42,D,0
38.65826,27.02571,338.91,0.47,0.47,2024-10-20,1036,N,VIIRS,n,2,298.6,4.26,D,0
38.66003,35.91794,335.04,0.39,0.36,2024-10-20,1036,N,VIIRS,n,2,295.73,2.02,D,0
38.67881,27.96712,330.43,0.42,0.45,2024-10-20,1036,N,VIIRS,n,2,301.03,1.97,D,0
38.69847,31.98162,336.14,0.43,0.38,2024-10-20,1036,N,VIIRS,n,2,297.97,2.36,D,0
38.70075,27.50229,338.65,0.44,0.46,2024-10-20,1036,N,VIIRS,n,2,299.13,2.88,D,0
38.78145,31.51651,332.01,0.44,0.39,2024-10-20,1036,N,VIIRS,n,2,301.38,3.49,D,0
38.88903,35.31444,336.3,0.38,0.36,2024-10-20,1036,N,VIIRS,n,2,298.04,4.64,D,0
39.11275,34.25455,341.47,0.39,0.36,2024-10-20,1036,N,VIIRS,n,2,294.56,2.39,D,0
39.19224,34.62952,337.67,0.38,0.36,2024-10-20,1036,N,VIIRS,n,2,298.5,2.88,D,0
39.28263,35.84081,349.08,0.39,0.36,2024-10-20,1036,N,VIIRS,n,2,297.12,7.96,D,0
39.31281,35.17831,331.04,0.38,0.36,2024-10-20,1036,N,VIIRS,n,2,291.29,3.89,D,0
39.39471,28.10915,327.54,0.4,0.44,2024-10-20,1036,N,VIIRS,n,2,298.86,2.26,D,0
39.46805,35.39895,336.57,0.39,0.36,2024-10-20,1036,N,VIIRS,n,2,299.34,3.92,D,0
39.50134,27.85782,346.51,0.41,0.45,2024-10-20,1036,N,VIIRS,n,2,299.67,4.8,D,0
39.62327,28.06417,330.35,0.4,0.44,2024-10-20,1036,N,VIIRS,n,2,297.27,2.63,D,0
39.62524,31.9445,335.88,0.42,0.38,2024-10-20,1036,N,VIIRS,n,2,295.29,1.34,D,0
39.70079,33.51865,338.93,0.39,0.36,2024-10-20,1036,N,VIIRS,n,2,297.69,2.2,D,0
39.87708,32.17311,331.4,0.41,0.37,2024-10-20,1036,N,VIIRS,n,2,296.83,2.64,D,0
40.02839,32.82674,336.53,0.4,0.37,2024-10-20,1036,N,VIIRS,n,2,289.02,2.57,D,0
40.11311,34.30501,343.34,0.38,0.36,2024-10-20,1036,N,VIIRS,n,2,296.31,4.23,D,0
40.1164,34.30414,338.71,0.38,0.36,2024-10-20,1036,N,VIIRS,n,2,297.64,3.45,D,0
40.36515,33.961,342.27,0.39,0.36,2024-10-20,1036,N,VIIRS,n,2,288.21,3.01,D,0
40.01885,27.82543,325.82,0.4,0.44,2024-10-20,1037,N,VIIRS,n,2,292.39,2.17,D,0
40.02769,27.8468,345.26,0.4,0.44,2024-10-20,1037,N,VIIRS,n,2,292.91,6.17,D,0
40.03753,27.87291,340.06,0.4,0.44,2024-10-20,1037,N,VIIRS,n,2,293.9,3.48,D,0
40.06743,27.89285,327.31,0.39,0.44,2024-10-20,1037,N,VIIRS,n,2,292.76,2.07,D,0
40.09756,28.03197,344.08,0.39,0.44,2024-10-20,1037,N,VIIRS,n,2,293.92,2.13,D,0
40.1006,28.00679,340.78,0.39,0.44,2024-10-20,1037,N,VIIRS,n,2,294.16,5.43,D,0
40.10149,28.03055,325.49,0.39,0.44,2024-10-20,1037,N,VIIRS,n,2,293.17,2.13,D,0
40.11143,27.99804,338.75,0.39,0.44,2024-10-20,1037,N,VIIRS,n,2,293.55,4.78,D,0
40.115,28.07368,330.37,0.39,0.44,2024-10-20,1037,N,VIIRS,n,2,292.82,1.94,D,0
40.126,28.02645,330.62,0.39,0.44,2024-10-20,1037,N,VIIRS,n,2,293.26,2.84,D,0
40.12695,28.03091,336.92,0.39,0.44,2024-10-20,1037,N,VIIRS,n,2,293.07,2.84,D,0
40.13022,27.71357,342.04,0.4,0.44,2024-10-20,1037,N,VIIRS,n,2,292.75,8.52,D,0
40.13856,27.86673,341.44,0.39,0.44,2024-10-20,1037,N,VIIRS,n,2,295.27,7.23,D,0
40.15809,27.7033,332.24,0.4,0.44,2024-10-20,1037,N,VIIRS,n,2,292.12,3.43,D,0
40.16497,27.65581,340.5,0.4,0.44,2024-10-20,1037,N,VIIRS,n,2,292.94,3.44,D,0
40.18088,27.60987,329.97,0.4,0.45,2024-10-20,1037,N,VIIRS,n,2,292.22,2.83,D,0
40.1819,27.85233,340.65,0.39,0.44,2024-10-20,1037,N,VIIRS,n,2,297.04,3.26,D,0
40.1859,27.63306,335.17,0.4,0.44,2024-10-20,1037,N,VIIRS,n,2,290.59,2.83,D,0
40.18688,27.61765,338.15,0.4,0.45,2024-10-20,1037,N,VIIRS,n,2,291.83,2.13,D,0
40.19486,27.57456,331.74,0.41,0.45,2024-10-20,1037,N,VIIRS,n,2,291.51,2.0,D,0
40.20109,28.26129,330.01,0.57,0.43,2024-10-20,1037,N,VIIRS,n,2,292.95,3.69,D,0
40.20686,27.63033,341.35,0.4,0.44,2024-10-20,1037,N,VIIRS,n,2,292.48,2.23,D,0
40.21757,27.64443,330.17,0.4,0.44,2024-10-20,1037,N,VIIRS,n,2,292.92,1.34,D,0
40.21784,27.64139,327.62,0.4,0.44,2024-10-20,1037,N,VIIRS,n,2,293.22,2.52,D,0
40.24651,27.1584,328.28,0.42,0.45,2024-10-20,1037,N,VIIRS,n,2,288.63,2.41,D,0
40.25064,27.559,326.35,0.41,0.45,2024-10-20,1037,N,VIIRS,n,2,290.24,2.7,D,0
40.27093,27.4331,325.59,0.41,0.45,2024-10-20,1037,N,VIIRS,n,2,292.76,2.26,D,0
40.28061,27.77572,336.33,0.4,0.44,2024-10-20,1037,N,VIIRS,n,2,295.15,3.81,D,0
40.52825,26.80905,325.94,0.43,0.46,2024-10-20,1037,N,VIIRS,n,2,293.41,2.04,D,0
40.74405,26.33216,344.15,0.45,0.47,2024-10-20,1037,N,VIIRS,n,2,291.05,6.58,D,0
40.74585,26.32007,347.19,0.45,0.47,2024-10-20,1037,N,VIIRS,n,2,294.19,12.01,D,0
40.74704,26.32531,336.47,0.45,0.47,2024-10-20,1037,N,VIIRS,n,2,287.76,12.01,D,0
40.74825,26.33057,346.6,0.45,0.47,2024-10-20,1037,N,VIIRS,n,2,288.84,6.58,D,0
40.7614,26.30826,344.1,0.45,0.47,2024-10-20,1037,N,VIIRS,n,2,289.17,5.31,D,0
40.77248,26.63433,332.63,0.44,0.46,2024-10-20,1037,N,VIIRS,n,2,290.63,1.88,D,0
40.77823,26.52141,325.56,0.44,0.46,2024-10-20,1037,N,VIIRS,n,2,290.88,3.55,D,0
40.79047,26.41604,328.75,0.45,0.47,2024-10-20,1037,N,VIIRS,n,2,289.66,7.5,D,0
40.79166,26.42126,341.31,0.45,0.47,2024-10-20,1037,N,VIIRS,n,2,295.66,7.5,D,0
40.79639,26.19425,340.35,0.46,0.47,2024-10-20,1037,N,VIIRS,n,2,294.57,9.29,D,0
40.80059,26.1926,339.35,0.46,0.47,2024-10-20,1037,N,VIIRS,n,2,291.74,9.29,D,0
40.84647,26.31216,335.03,0.45,0.47,2024-10-20,1037,N,VIIRS,n,2,291.96,1.88,D,0
40.85117,26.25306,341.48,0.45,0.47,2024-10-20,1037,N,VIIRS,n,2,294.37,10.34,D,0
40.86853,26.26906,339.28,0.45,0.47,2024-10-20,1037,N,VIIRS,n,2,292.85,2.77,D,0
40.87387,26.31252,340.83,0.45,0.47,2024-10-20,1037,N,VIIRS,n,2,293.69,3.48,D,0
40.90182,26.33549,345.31,0.45,0.47,2024-10-20,1037,N,VIIRS,n,2,294.84,9.68,D,0
40.90652,26.35625,336.1,0.45,0.47,2024-10-20,1037,N,VIIRS,n,2,293.1,6.71,D,0
40.92033,26.31686,332.33,0.45,0.47,2024-10-20,1037,N,VIIRS,n,2,292.72,1.93,D,0
40.94726,26.39648,343.68,0.44,0.46,2024-10-20,1037,N,VIIRS,n,2,293.8,4.41,D,0
40.94903,26.39424,350.5,0.44,0.46,2024-10-20,1037,N,VIIRS,n,2,292.06,6.56,D,0
40.94964,26.37716,327.74,0.44,0.46,2024-10-20,1037,N,VIIRS,n,2,290.12,0.89,D,0
40.96807,26.35868,327.99,0.44,0.46,2024-10-20,1037,N,VIIRS,n,2,290.91,2.56,D,0
40.97587,26.33327,330.64,0.45,0.47,2024-10-20,1037,N,VIIRS,n,2,290.11,8.46,D,0
40.97702,26.33835,348.07,0.45,0.47,2024-10-20,1037,N,VIIRS,n,2,299.84,28.81,D,0
40.98549,26.84767,325.05,0.42,0.45,2024-10-20,1037,N,VIIRS,n,2,295.61,1.72,D,0
40.98651,26.34018,329.97,0.45,0.47,2024-10-20,1037,N,VIIRS,n,2,291.42,1.31,D,0
40.99121,26.36083,347.21,0.44,0.46,2024-10-20,1037,N,VIIRS,n,2,290.99,6.65,D,0
41.0107,26.38694,326.4,0.44,0.46,2024-10-20,1037,N,VIIRS,n,2,290.17,2.76,D,0
41.04194,26.33257,333.11,0.44,0.46,2024-10-20,1037,N,VIIRS,n,2,290.88,4.39,D,0
41.04313,26.33771,367.0,0.44,0.46,2024-10-20,1037,N,VIIRS,h,2,300.14,10.79,D,0
41.04407,26.33433,348.61,0.44,0.46,2024-10-20,1037,N,VIIRS,n,2,297.39,12.61,D,0
41.04408,25.56507,339.96,0.48,0.48,2024-10-20,1037,N,VIIRS,n,2,296.82,3.11,D,0
41.04523,26.33949,341.62,0.44,0.46,2024-10-20,1037,N,VIIRS,n,2,296.99,12.61,D,0
41.04617,26.38401,340.69,0.44,0.46,2024-10-20,1037,N,VIIRS,n,2,292.72,3.09,D,0
41.04728,26.33607,349.7,0.44,0.46,2024-10-20,1037,N,VIIRS,n,2,295.2,10.79,D,0
41.04844,26.38044,339.38,0.44,0.46,2024-10-20,1037,N,VIIRS,n,2,292.2,4.93,D,0
41.07042,26.3382,326.6,0.44,0.46,2024-10-20,1037,N,VIIRS,n,2,290.31,2.41,D,0
41.07339,26.33141,344.85,0.44,0.46,2024-10-20,1037,N,VIIRS,n,2,294.28,5.89,D,0
41.0743,26.45379,329.12,0.44,0.46,2024-10-20,1037,N,VIIRS,n,2,289.92,3.13,D,0
41.11077,26.31664,331.78,0.44,0.46,2024-10-20,1037,N,VIIRS,n,2,290.81,3.54,D,0
41.11999,26.49665,339.96,0.43,0.46,2024-10-20,1037,N,VIIRS,n,2,293.28,5.62,D,0
41.12424,26.35622,325.66,0.44,0.46,2024-10-20,1037,N,VIIRS,n,2,292.06,1.97,D,0
41.12954,26.65727,340.74,0.43,0.46,2024-10-20,1037,N,VIIRS,n,2,297.81,7.14,D,0
41.13319,26.33586,333.2,0.44,0.46,2024-10-20,1037,N,VIIRS,n,2,292.89,2.31,D,0
41.24227,27.2201,333.92,0.4,0.44,2024-10-20,1037,N,VIIRS,n,2,293.67,2.91,D,0
41.24624,27.21859,334.19,0.4,0.44,2024-10-20,1037,N,VIIRS,n,2,294.67,2.91,D,0
41.25651,27.12811,333.4,0.4,0.45,2024-10-20,1037,N,VIIRS,n,2,294.77,2.39,D,0
41.27284,26.8012,338.0,0.42,0.45,2024-10-20,1037,N,VIIRS,n,2,288.61,4.4,D,0
41.33094,26.5447,328.81,0.43,0.46,2024-10-20,1037,N,VIIRS,n,2,288.15,3.85,D,0
41.34556,27.04946,334.28,0.41,0.45,2024-10-20,1037,N,VIIRS,n,2,289.97,2.59,D,0
41.35877,27.79288,328.66,0.56,0.43,2024-10-20,1037,N,VIIRS,n,2,294.46,8.6,D,0
41.35905,27.78665,330.98,0.56,0.43,2024-10-20,1037,N,VIIRS,n,2,294.64,4.66,D,0
41.36068,27.37048,343.88,0.39,0.44,2024-10-20,1037,N,VIIRS,n,2,295.65,7.46,D,0
41.41631,26.82685,338.04,0.41,0.45,2024-10-20,1037,N,VIIRS,n,2,290.93,3.67,D,0
41.51089,26.94965,329.03,0.41,0.45,2024-10-20,1037,N,VIIRS,n,2,294.62,3.11,D,0
41.55973,26.61189,339.05,0.42,0.45,2024-10-20,1037,N,VIIRS,n,2,292.8,4.61,D,0
41.68832,27.20914,345.59,0.39,0.44,2024-10-20,1037,N,VIIRS,n,2,294.57,4.53,D,0
40.21885,26.53925,346.34,0.71,0.75,2024-10-20,1217,N,VIIRS,n,2,291.22,5.95,D,0
40.22283,26.53995,351.27,0.71,0.75,2024-10-20,1217,N,VIIRS,n,2,290.71,9.91,D,0
40.22665,26.6223,331.29,0.72,0.75,2024-10-20,1217,N,VIIRS,n,2,288.77,4.72,D,0
40.83199,26.58967,338.12,0.72,0.75,2024-10-20,1218,N,VIIRS,n,2,290.98,6.62,D,0
40.83558,26.58923,341.59,0.72,0.75,2024-10-20,1218,N,VIIRS,n,2,291.18,6.78,D,0
40.96925,26.37766,352.75,0.7,0.75,2024-10-20,1218,N,VIIRS,n,2,291.95,18.94,D,0
41.24026,27.11737,336.07,0.76,0.77,2024-10-20,1218,N,VIIRS,n,2,288.91,6.83,D,0
36.86888,43.48717,323.6,0.38,0.36,2024-10-20,2255,N,VIIRS,n,2,280.51,2.02,N,2
36.89127,43.43053,328.63,0.38,0.36,2024-10-20,2255,N,VIIRS,n,2,278.25,1.81,N,2
36.90773,43.39009,331.28,0.38,0.36,2024-10-20,2255,N,VIIRS,n,2,284.25,6.04,N,2
36.98682,42.32946,318.25,0.39,0.37,2024-10-20,2255,N,VIIRS,n,2,282.66,0.96,N,0
36.98952,42.33462,309.44,0.39,0.37,2024-10-20,2255,N,VIIRS,n,2,282.5,0.96,N,0
36.99016,42.33021,299.83,0.39,0.37,2024-10-20,2255,N,VIIRS,n,2,282.43,0.96,N,0
37.01132,42.05964,297.52,0.4,0.37,2024-10-20,2255,N,VIIRS,n,2,280.38,1.05,N,0
37.05382,42.17534,307.47,0.4,0.37,2024-10-20,2255,N,VIIRS,n,2,282.24,0.77,N,0
37.13579,42.79453,308.27,0.39,0.36,2024-10-20,2255,N,VIIRS,n,2,276.0,0.57,N,2
37.14418,41.55535,301.83,0.41,0.37,2024-10-20,2255,N,VIIRS,n,2,282.71,0.45,N,0
37.14481,41.55074,299.71,0.41,0.37,2024-10-20,2255,N,VIIRS,n,2,282.74,0.55,N,0
37.14544,41.54613,297.02,0.41,0.37,2024-10-20,2255,N,VIIRS,n,2,282.06,0.55,N,0
37.17215,40.92252,299.98,0.43,0.38,2024-10-20,2255,N,VIIRS,n,2,282.05,0.55,N,0
37.20099,41.92288,309.75,0.4,0.37,2024-10-20,2255,N,VIIRS,n,2,280.87,0.53,N,0
37.33797,40.80484,299.89,0.43,0.38,2024-10-20,2255,N,VIIRS,n,2,281.54,0.73,N,2
37.35121,40.41753,301.31,0.45,0.39,2024-10-20,2255,N,VIIRS,n,2,277.01,0.73,N,0
37.35184,40.41253,297.03,0.45,0.39,2024-10-20,2255,N,VIIRS,n,2,277.27,0.73,N,0
37.65504,40.77015,300.66,0.44,0.38,2024-10-20,2255,N,VIIRS,n,2,277.18,0.99,N,0
37.68836,40.47881,319.13,0.45,0.39,2024-10-20,2255,N,VIIRS,n,2,276.27,1.88,N,0
37.69606,40.32891,301.35,0.45,0.39,2024-10-20,2255,N,VIIRS,n,2,276.69,0.89,N,0
37.69829,38.66614,297.45,0.53,0.42,2024-10-20,2255,N,VIIRS,n,2,278.73,0.8,N,0
37.69937,40.98222,296.06,0.43,0.38,2024-10-20,2255,N,VIIRS,n,2,276.38,1.31,N,0
37.69948,40.98065,304.25,0.43,0.38,2024-10-20,2255,N,VIIRS,n,2,276.17,1.26,N,0
37.70446,40.99822,299.59,0.43,0.38,2024-10-20,2255,N,VIIRS,n,2,277.66,0.48,N,0
37.70611,37.97197,295.63,0.57,0.43,2024-10-20,2255,N,VIIRS,n,2,279.84,0.45,N,0
37.70727,40.94854,337.66,0.43,0.38,2024-10-20,2255,N,VIIRS,n,2,277.74,3.01,N,0
37.71013,40.95419,331.41,0.43,0.38,2024-10-20,2255,N,VIIRS,n,2,277.6,3.01,N,0
37.71077,40.94925,304.07,0.43,0.38,2024-10-20,2255,N,VIIRS,n,2,275.51,3.01,N,0
37.7114,40.94432,295.29,0.43,0.38,2024-10-20,2255,N,VIIRS,n,2,275.17,0.69,N,0
37.71173,40.96962,317.2,0.43,0.38,2024-10-20,2255,N,VIIRS,n,2,277.25,1.26,N,0
37.71363,40.9549,302.23,0.43,0.38,2024-10-20,2255,N,VIIRS,n,2,275.99,0.58,N,0
37.71799,39.33783,299.06,0.49,0.41,2024-10-20,2255,N,VIIRS,n,2,280.11,0.86,N,0
37.72412,40.95696,313.36,0.43,0.38,2024-10-20,2255,N,VIIRS,n,2,276.3,1.54,N,0
37.72761,40.95765,300.08,0.43,0.38,2024-10-20,2255,N,VIIRS,n,2,275.35,1.54,N,0
37.72824,40.95274,310.27,0.43,0.38,2024-10-20,2255,N,VIIRS,n,2,275.51,1.54,N,0
37.73174,40.95344,323.42,0.43,0.38,2024-10-20,2255,N,VIIRS,n,2,276.5,1.54,N,0
37.7346,40.95905,325.74,0.43,0.38,2024-10-20,2255,N,VIIRS,n,2,277.76,3.13,N,0
37.75303,40.42891,300.75,0.45,0.39,2024-10-20,2255,N,VIIRS,n,2,275.52,0.55,N,0
37.7635,40.98491,339.27,0.43,0.38,2024-10-20,2255,N,VIIRS,n,2,278.63,2.78,N,0
37.76414,40.98003,301.53,0.43,0.38,2024-10-20,2255,N,VIIRS,n,2,276.29,2.78,N,0
37.76478,40.97514,319.57,0.43,0.38,2024-10-20,2255,N,VIIRS,n,2,275.91,1.79,N,0
37.8091,40.88351,301.8,0.43,0.38,2024-10-20,2255,N,VIIRS,n,2,277.11,0.71,N,0
37.8107,40.4467,304.89,0.45,0.39,2024-10-20,2255,N,VIIRS,n,2,277.82,1.02,N,0
37.81261,40.88419,298.18,0.43,0.38,2024-10-20,2255,N,VIIRS,n,2,277.85,0.71,N,0
37.85895,40.49815,305.37,0.45,0.39,2024-10-20,2255,N,VIIRS,n,2,277.07,1.37,N,0
37.8625,40.49886,312.22,0.45,0.39,2024-10-20,2255,N,VIIRS,n,2,276.3,1.37,N,0
37.95987,41.7022,296.94,0.41,0.37,2024-10-20,2255,N,VIIRS,n,2,278.35,0.81,N,2
37.96135,40.899,297.03,0.43,0.38,2024-10-20,2255,N,VIIRS,n,2,277.11,0.61,N,0
37.9808,40.1214,298.07,0.46,0.39,2024-10-20,2255,N,VIIRS,n,2,276.64,0.77,N,0
37.99003,40.84419,297.24,0.44,0.38,2024-10-20,2255,N,VIIRS,n,2,276.52,0.89,N,0
37.99744,41.20567,307.1,0.43,0.38,2024-10-20,2255,N,VIIRS,n,2,276.87,1.1,N,0
38.06186,40.75811,295.46,0.44,0.38,2024-10-20,2255,N,VIIRS,n,2,277.62,0.39,N,0
38.10256,40.86432,295.36,0.44,0.38,2024-10-20,2255,N,VIIRS,n,2,275.72,0.47,N,0
38.12024,40.6979,300.02,0.44,0.39,2024-10-20,2255,N,VIIRS,n,2,276.41,0.65,N,0
38.12483,40.91516,302.54,0.44,0.38,2024-10-20,2255,N,VIIRS,n,2,277.51,0.83,N,0
38.1394,40.83084,315.75,0.44,0.38,2024-10-20,2255,N,VIIRS,n,2,277.36,1.83,N,0
38.38791,30.75838,295.55,0.47,0.64,2024-10-20,2255,N,VIIRS,n,2,272.46,1.06,N,0
38.7458,26.95162,302.69,0.75,0.77,2024-10-20,2255,N,VIIRS,n,2,283.64,1.98,N,2
38.74754,26.94803,304.0,0.75,0.77,2024-10-20,2255,N,VIIRS,n,2,283.86,1.95,N,2
38.78951,26.91683,299.01,0.75,0.77,2024-10-20,2255,N,VIIRS,n,2,284.96,1.84,N,0
39.48323,30.0398,298.65,0.52,0.67,2024-10-20,2255,N,VIIRS,n,2,274.06,1.11,N,2
39.83444,30.3005,296.02,0.51,0.66,2024-10-20,2255,N,VIIRS,n,2,274.63,1.23,N,0
39.83621,30.30197,295.39,0.51,0.66,2024-10-20,2255,N,VIIRS,n,2,275.58,0.59,N,2
39.94533,33.1912,305.44,0.36,0.57,2024-10-20,2255,N,VIIRS,n,2,277.19,1.07,N,2
39.95862,33.14455,298.03,0.36,0.57,2024-10-20,2255,N,VIIRS,n,2,274.36,0.64,N,2
40.0509,32.64924,299.1,0.38,0.59,2024-10-20,2255,N,VIIRS,n,2,274.68,0.78,N,2
40.05095,32.65098,296.98,0.38,0.59,2024-10-20,2255,N,VIIRS,n,2,274.1,0.96,N,2
40.08208,32.79838,302.5,0.38,0.58,2024-10-20,2255,N,VIIRS,n,2,272.98,0.71,N,0
41.26639,31.42169,297.19,0.45,0.63,2024-10-20,2255,N,VIIRS,n,2,278.93,1.93,N,2
35.52498,44.34432,345.04,0.39,0.36,2024-10-20,2256,N,VIIRS,n,2,282.87,4.98,N,2
35.52829,44.34513,324.96,0.39,0.36,2024-10-20,2256,N,VIIRS,n,2,281.03,1.04,N,2
35.52899,44.34089,330.6,0.39,0.36,2024-10-20,2256,N,VIIRS,n,2,283.11,3.71,N,2
35.5323,44.3417,326.8,0.39,0.36,2024-10-20,2256,N,VIIRS,n,2,279.83,3.71,N,2
35.533,44.33745,328.98,0.39,0.36,2024-10-20,2256,N,VIIRS,n,2,280.19,3.71,N,2
35.56594,44.28366,316.24,0.39,0.36,2024-10-20,2256,N,VIIRS,n,2,279.9,1.55,N,2
35.62807,44.00813,326.94,0.39,0.36,2024-10-20,2256,N,VIIRS,n,2,299.82,39.99,N,2
35.63021,44.01206,308.45,0.39,0.36,2024-10-20,2256,N,VIIRS,n,2,281.58,7.71,N,2
35.6309,44.00784,337.65,0.39,0.36,2024-10-20,2256,N,VIIRS,n,2,292.73,7.71,N,2
35.66153,43.96693,322.92,0.39,0.36,2024-10-20,2256,N,VIIRS,n,2,285.33,4.0,N,2
35.66221,43.96271,327.23,0.39,0.36,2024-10-20,2256,N,VIIRS,n,2,281.99,4.0,N,2
35.67607,44.06724,295.05,0.39,0.36,2024-10-20,2256,N,VIIRS,n,2,279.87,0.85,N,2
35.68314,43.87558,339.13,0.39,0.36,2024-10-20,2256,N,VIIRS,n,2,283.08,13.33,N,2
35.68644,43.87638,327.11,0.39,0.36,2024-10-20,2256,N,VIIRS,n,2,298.1,36.43,N,2
35.71921,44.03372,305.43,0.39,0.36,2024-10-20,2256,N,VIIRS,n,2,279.86,0.6,N,2
35.72512,44.03955,328.44,0.39,0.36,2024-10-20,2256,N,VIIRS,n,2,289.78,7.83,N,2
35.72979,44.03188,327.38,0.39,0.36,2024-10-20,2256,N,VIIRS,n,2,281.21,2.66,N,2
35.77214,43.99621,327.53,0.39,0.36,2024-10-20,2256,N,VIIRS,n,2,282.43,2.09,N,2
35.92467,43.78964,326.31,0.38,0.36,2024-10-20,2256,N,VIIRS,n,2,282.2,1.64,N,2
35.95124,43.7302,295.18,0.38,0.36,2024-10-20,2256,N,VIIRS,n,2,281.63,0.6,N,2
35.9656,43.76878,324.5,0.38,0.36,2024-10-20,2256,N,VIIRS,n,2,285.95,3.6,N,2
35.96627,43.76455,328.78,0.38,0.36,2024-10-20,2256,N,VIIRS,n,2,285.68,4.57,N,2
35.96889,43.76958,303.91,0.38,0.36,2024-10-20,2256,N,VIIRS,n,2,285.87,1.32,N,2
35.96956,43.76535,338.54,0.38,0.36,2024-10-20,2256,N,VIIRS,n,2,292.09,5.76,N,2
35.97023,43.76112,296.73,0.38,0.36,2024-10-20,2256,N,VIIRS,n,2,284.38,5.76,N,2
35.9715,43.77461,312.48,0.38,0.36,2024-10-20,2256,N,VIIRS,n,2,284.31,1.32,N,2
35.97547,43.77118,301.48,0.38,0.36,2024-10-20,2256,N,VIIRS,n,2,283.58,1.19,N,2
35.97943,43.76775,300.41,0.38,0.36,2024-10-20,2256,N,VIIRS,n,2,284.33,1.08,N,2
35.98272,43.76855,305.6,0.38,0.36,2024-10-20,2256,N,VIIRS,n,2,285.83,1.01,N,2
35.99671,43.76121,300.33,0.38,0.36,2024-10-20,2256,N,VIIRS,n,2,283.41,0.66,N,2
36.0,43.762,298.17,0.38,0.36,2024-10-20,2256,N,VIIRS,n,2,282.01,0.66,N,2
36.00746,44.42947,303.92,0.39,0.36,2024-10-20,2256,N,VIIRS,n,2,278.67,0.67,N,0
36.01937,43.68319,309.98,0.38,0.36,2024-10-20,2256,N,VIIRS,n,2,283.53,1.56,N,2
36.05608,43.90314,307.05,0.38,0.36,2024-10-20,2256,N,VIIRS,n,2,276.86,0.92,N,0
36.12615,43.78269,296.69,0.38,0.36,2024-10-20,2256,N,VIIRS,n,2,279.71,0.55,N,2
36.13041,40.80909,297.68,0.42,0.38,2024-10-20,2256,N,VIIRS,n,2,279.46,0.81,N,2
36.14363,40.81656,317.31,0.42,0.38,2024-10-20,2256,N,VIIRS,n,2,277.42,1.07,N,2
36.16575,41.0462,301.18,0.42,0.37,2024-10-20,2256,N,VIIRS,n,2,280.76,0.6,N,0
36.26527,33.73225,299.18,0.62,0.54,2024-10-20,2256,N,VIIRS,n,2,285.08,2.66,N,2
36.44148,42.93349,296.59,0.39,0.36,2024-10-20,2256,N,VIIRS,n,2,284.24,0.62,N,2
36.44213,42.92921,309.9,0.39,0.36,2024-10-20,2256,N,VIIRS,n,2,284.99,1.17,N,2
36.45684,41.2838,300.54,0.41,0.37,2024-10-20,2256,N,VIIRS,n,2,279.63,0.4,N,2
36.50561,44.25678,299.31,0.39,0.36,2024-10-20,2256,N,VIIRS,n,2,275.8,0.39,N,0
36.72771,36.21306,323.41,0.45,0.47,2024-10-20,2256,N,VIIRS,n,2,286.95,1.47,N,2
36.7278,36.21403,311.12,0.46,0.47,2024-10-20,2256,N,VIIRS,n,2,285.73,1.55,N,2
36.72827,36.20877,308.93,0.46,0.47,2024-10-20,2256,N,VIIRS,n,2,286.62,1.55,N,2
36.73262,36.20945,307.62,0.46,0.47,2024-10-20,2256,N,VIIRS,n,2,289.49,2.39,N,2
36.77493,43.32446,316.06,0.38,0.36,2024-10-20,2256,N,VIIRS,n,2,280.52,1.04,N,2
36.79778,37.01844,298.42,0.41,0.45,2024-10-20,2256,N,VIIRS,n,2,281.28,0.82,N,2
36.86723,34.75988,302.22,0.55,0.51,2024-10-20,2256,N,VIIRS,n,2,286.24,2.02,N,2
36.86752,34.75958,301.56,0.55,0.51,2024-10-20,2256,N,VIIRS,n,2,286.05,1.91,N,2
36.91562,41.89431,309.89,0.4,0.37,2024-10-20,2256,N,VIIRS,n,2,279.05,0.87,N,2
36.93425,42.13227,304.88,0.4,0.37,2024-10-20,2256,N,VIIRS,n,2,273.23,0.83,N,2
36.93761,42.13301,299.95,0.4,0.37,2024-10-20,2256,N,VIIRS,n,2,277.41,0.83,N,2
36.9426,42.17076,310.39,0.4,0.37,2024-10-20,2256,N,VIIRS,n,2,266.98,0.64,N,2
36.94831,42.1308,322.19,0.4,0.37,2024-10-20,2256,N,VIIRS,n,2,278.28,1.75,N,2
36.9558,42.34283,309.67,0.39,0.37,2024-10-20,2256,N,VIIRS,n,2,278.64,0.87,N,0
36.99624,41.56364,302.97,0.41,0.37,2024-10-20,2256,N,VIIRS,n,2,282.89,0.67,N,2
37.01018,42.0616,309.11,0.4,0.37,2024-10-20,2256,N,VIIRS,n,2,280.91,0.96,N,0
37.01224,36.10484,296.25,0.46,0.47,2024-10-20,2256,N,VIIRS,n,2,285.55,0.77,N,2
37.02101,36.10625,298.2,0.46,0.47,2024-10-20,2256,N,VIIRS,n,2,284.63,1.38,N,2
37.29492,35.56969,318.6,0.5,0.49,2024-10-20,2256,N,VIIRS,n,2,280.95,2.14,N,0
37.29586,37.15567,307.15,0.41,0.45,2024-10-20,2256,N,VIIRS,n,2,282.26,1.45,N,2
37.34987,37.1644,298.21,0.41,0.45,2024-10-20,2256,N,VIIRS,n,2,280.56,1.43,N,2
37.45945,37.30462,350.49,0.41,0.45,2024-10-20,2256,N,VIIRS,n,2,280.06,9.17,N,0
41.02016,28.55628,304.6,0.49,0.48,2024-10-21,35,N,VIIRS,n,2,283.0,1.17,N,2
41.17176,32.63141,303.55,0.38,0.59,2024-10-21,35,N,VIIRS,n,2,278.97,0.85,N,2
41.17233,32.63351,296.9,0.38,0.59,2024-10-21,35,N,VIIRS,n,2,278.99,1.46,N,2
41.17685,32.63421,299.86,0.38,0.59,2024-10-21,35,N,VIIRS,n,2,281.78,0.85,N,2
41.25256,31.41326,298.5,0.33,0.55,2024-10-21,35,N,VIIRS,n,2,280.79,0.92,N,2
41.26612,31.42427,303.97,0.33,0.55,2024-10-21,35,N,VIIRS,n,2,283.69,1.14,N,2
41.79736,26.70253,298.9,0.38,0.43,2024-10-21,35,N,VIIRS,n,2,277.72,0.75,N,2
36.87035,34.76252,298.49,0.64,0.72,2024-10-21,36,N,VIIRS,n,2,283.56,1.23,N,2
37.01636,36.10598,305.27,0.74,0.76,2024-10-21,36,N,VIIRS,n,2,281.79,1.8,N,2
38.42675,27.21799,304.3,0.48,0.48,2024-10-21,36,N,VIIRS,n,2,285.44,1.21,N,2
38.45371,27.26306,295.46,0.48,0.48,2024-10-21,36,N,VIIRS,n,2,284.34,0.73,N,2
38.65631,30.61884,306.27,0.35,0.57,2024-10-21,36,N,VIIRS,n,2,274.72,1.09,N,2
38.73613,26.94237,297.11,0.46,0.47,2024-10-21,36,N,VIIRS,n,2,286.5,1.01,N,2
38.74754,26.95251,311.7,0.46,0.47,2024-10-21,36,N,VIIRS,n,2,284.53,1.43,N,2
39.16841,27.63305,303.17,0.49,0.48,2024-10-21,36,N,VIIRS,n,2,283.43,1.61,N,2
39.48299,30.04016,297.05,0.63,0.54,2024-10-21,36,N,VIIRS,n,2,273.44,1.17,N,2
39.86558,26.24626,312.24,0.4,0.44,2024-10-21,36,N,VIIRS,n,2,284.38,2.05,N,2
39.90745,26.15384,315.5,0.4,0.44,2024-10-21,36,N,VIIRS,n,2,282.55,1.52,N,3
39.91042,26.15979,298.33,0.4,0.44,2024-10-21,36,N,VIIRS,n,2,281.55,0.51,N,0
39.91142,26.15527,307.99,0.4,0.44,2024-10-21,36,N,VIIRS,n,2,282.28,1.52,N,0
40.44212,27.14014,296.74,0.43,0.46,2024-10-21,36,N,VIIRS,n,2,285.72,0.51,N,2
35.52439,44.34605,340.9,0.45,0.39,2024-10-21,1016,N,VIIRS,n,2,306.34,3.71,D,2
35.53091,44.33979,340.94,0.45,0.39,2024-10-21,1016,N,VIIRS,n,2,309.21,9.3,D,2
35.53448,44.3391,336.11,0.45,0.39,2024-10-21,1016,N,VIIRS,n,2,306.1,4.65,D,2
35.59831,44.49998,344.72,0.45,0.39,2024-10-21,1016,N,VIIRS,n,2,306.01,6.55,D,0
35.61196,44.48512,347.59,0.45,0.39,2024-10-21,1016,N,VIIRS,n,2,305.46,8.38,D,0
35.66323,43.96516,339.25,0.44,0.38,2024-10-21,1016,N,VIIRS,n,2,311.0,10.88,D,2
35.69678,44.42877,345.08,0.45,0.39,2024-10-21,1016,N,VIIRS,n,2,304.79,7.44,D,0
35.70333,44.42244,337.51,0.45,0.39,2024-10-21,1016,N,VIIRS,n,2,306.39,2.72,D,0
35.70691,44.42176,333.0,0.45,0.39,2024-10-21,1016,N,VIIRS,n,2,306.2,2.72,D,0
35.72302,43.56057,336.44,0.42,0.38,2024-10-21,1016,N,VIIRS,n,2,304.6,2.7,D,0
35.72352,44.04291,337.65,0.44,0.38,2024-10-21,1016,N,VIIRS,n,2,308.34,6.2,D,2
35.72705,44.04222,337.0,0.44,0.38,2024-10-21,1016,N,VIIRS,n,2,305.21,3.9,D,2
35.72712,44.18769,347.14,0.44,0.39,2024-10-21,1016,N,VIIRS,n,2,303.13,8.64,D,0
35.72935,44.03184,335.64,0.44,0.38,2024-10-21,1016,N,VIIRS,n,2,307.16,2.02,D,2
35.73117,44.1618,340.34,0.44,0.39,2024-10-21,1016,N,VIIRS,n,2,300.66,5.47,D,0
35.77572,44.31488,338.98,0.45,0.39,2024-10-21,1016,N,VIIRS,n,2,306.88,2.31,D,0
35.77929,44.31422,335.51,0.45,0.39,2024-10-21,1016,N,VIIRS,n,2,305.32,2.31,D,0
35.78544,44.36369,339.23,0.45,0.39,2024-10-21,1016,N,VIIRS,n,2,308.07,3.18,D,0
35.85734,43.62785,347.65,0.43,0.38,2024-10-21,1016,N,VIIRS,n,2,303.07,5.63,D,0
35.87098,43.96418,341.31,0.44,0.38,2024-10-21,1016,N,VIIRS,n,2,301.95,3.04,D,0
35.87434,43.64901,336.29,0.43,0.38,2024-10-21,1016,N,VIIRS,n,2,303.42,2.21,D,0
35.92472,43.79063,338.35,0.43,0.38,2024-10-21,1016,N,VIIRS,n,2,305.24,3.19,D,2
35.94734,36.95844,333.73,0.46,0.39,2024-10-21,1016,N,VIIRS,n,2,306.71,2.57,D,0
35.97251,43.77347,330.48,0.43,0.38,2024-10-21,1016,N,VIIRS,n,2,299.97,1.25,D,2
35.99239,43.90329,345.57,0.44,0.38,2024-10-21,1016,N,VIIRS,n,2,303.59,4.54,D,0
36.0452,43.55244,339.04,0.43,0.38,2024-10-21,1016,N,VIIRS,n,2,305.07,3.3,D,0
36.06085,44.22109,339.87,0.45,0.39,2024-10-21,1016,N,VIIRS,n,2,303.64,5.67,D,0
36.09553,37.55513,346.19,0.43,0.38,2024-10-21,1016,N,VIIRS,n,2,305.42,6.89,D,0
36.09655,43.96133,343.32,0.44,0.38,2024-10-21,1016,N,VIIRS,n,2,303.75,3.42,D,0
36.09967,44.23966,338.71,0.45,0.39,2024-10-21,1016,N,VIIRS,n,2,301.54,7.42,D,0
36.10008,43.96066,337.57,0.44,0.38,2024-10-21,1016,N,VIIRS,n,2,300.13,3.42,D,0
36.1314,36.87094,339.84,0.46,0.39,2024-10-21,1016,N,VIIRS,n,2,304.0,2.85,D,0
36.13709,38.63169,354.37,0.4,0.37,2024-10-21,1016,N,VIIRS,n,2,305.25,10.47,D,0
36.16884,37.80239,338.48,0.42,0.38,2024-10-21,1016,N,VIIRS,n,2,302.22,2.69,D,0
36.19308,42.10823,335.22,0.4,0.37,2024-10-21,1016,N,VIIRS,n,2,303.82,2.11,D,0
36.22528,44.26553,353.93,0.45,0.39,2024-10-21,1016,N,VIIRS,n,2,306.49,7.42,D,0
36.22599,44.26238,339.28,0.45,0.39,2024-10-21,1016,N,VIIRS,n,2,306.84,3.78,D,0
36.2266,44.26748,337.27,0.45,0.39,2024-10-21,1016,N,VIIRS,n,2,302.4,5.26,D,0
36.23367,37.69344,330.74,0.43,0.38,2024-10-21,1016,N,VIIRS,n,2,304.7,2.06,D,0
36.25278,43.71938,334.7,0.43,0.38,2024-10-21,1016,N,VIIRS,n,2,304.28,4.85,D,0
36.26495,43.87132,334.04,0.44,0.38,2024-10-21,1016,N,VIIRS,n,2,303.82,2.81,D,0
36.27634,36.41385,343.37,0.47,0.4,2024-10-21,1016,N,VIIRS,n,2,307.65,4.5,D,0
36.3292,38.87231,344.17,0.4,0.37,2024-10-21,1016,N,VIIRS,n,2,302.58,4.53,D,0
36.45017,37.47973,334.49,0.43,0.38,2024-10-21,1016,N,VIIRS,n,2,304.86,1.49,D,0
36.47962,37.46177,332.45,0.43,0.38,2024-10-21,1016,N,VIIRS,n,2,304.45,2.57,D,0
36.49031,44.0391,338.58,0.45,0.39,2024-10-21,1016,N,VIIRS,n,2,306.11,5.9,D,0
36.49701,43.66416,346.2,0.43,0.38,2024-10-21,1016,N,VIIRS,n,2,304.85,5.29,D,0
36.52251,37.25577,341.34,0.44,0.38,2024-10-21,1016,N,VIIRS,n,2,304.78,4.26,D,0
36.53243,43.04629,339.67,0.42,0.37,2024-10-21,1016,N,VIIRS,n,2,303.58,3.66,D,0
36.54104,43.36536,342.0,0.42,0.38,2024-10-21,1016,N,VIIRS,n,2,306.42,3.11,D,0
36.54166,43.3701,332.48,0.42,0.38,2024-10-21,1016,N,VIIRS,n,2,306.45,3.11,D,0
36.54185,43.36685,342.79,0.43,0.38,2024-10-21,1016,N,VIIRS,n,2,307.38,6.13,D,0
36.54593,43.37091,337.03,0.43,0.38,2024-10-21,1016,N,VIIRS,n,2,304.06,5.86,D,0
36.55734,42.65596,338.6,0.41,0.37,2024-10-21,1016,N,VIIRS,n,2,304.37,2.33,D,0
36.55757,43.37836,353.37,0.43,0.38,2024-10-21,1016,N,VIIRS,n,2,307.26,11.11,D,0
36.60029,37.4661,339.78,0.43,0.38,2024-10-21,1016,N,VIIRS,n,2,303.64,3.49,D,0
36.63926,42.98344,337.06,0.42,0.37,2024-10-21,1016,N,VIIRS,n,2,303.67,2.64,D,0
36.65688,37.7665,339.28,0.42,0.38,2024-10-21,1016,N,VIIRS,n,2,300.31,4.82,D,0
36.68285,38.65586,337.42,0.4,0.37,2024-10-21,1016,N,VIIRS,n,2,301.55,3.18,D,0
36.69147,42.28587,337.07,0.4,0.37,2024-10-21,1016,N,VIIRS,n,2,304.18,2.51,D,0
36.69484,42.28516,334.93,0.4,0.37,2024-10-21,1016,N,VIIRS,n,2,305.68,2.44,D,0
36.70721,43.3702,342.6,0.43,0.38,2024-10-21,1016,N,VIIRS,n,2,305.52,4.05,D,0
36.70781,43.37494,346.86,0.43,0.38,2024-10-21,1016,N,VIIRS,n,2,304.91,9.23,D,0
36.71068,43.36946,342.65,0.43,0.38,2024-10-21,1016,N,VIIRS,n,2,304.48,5.79,D,0
36.71129,43.3742,355.04,0.43,0.38,2024-10-21,1016,N,VIIRS,n,2,306.81,14.04,D,0
36.72157,41.28731,335.77,0.39,0.36,2024-10-21,1016,N,VIIRS,n,2,304.79,2.28,D,0
36.72217,42.66497,337.79,0.41,0.37,2024-10-21,1016,N,VIIRS,n,2,305.63,3.36,D,0
36.73186,43.6775,346.91,0.44,0.38,2024-10-21,1016,N,VIIRS,n,2,307.06,5.76,D,0
36.73246,43.68236,333.53,0.44,0.38,2024-10-21,1016,N,VIIRS,n,2,304.98,5.76,D,0
36.73537,43.6768,346.69,0.44,0.38,2024-10-21,1016,N,VIIRS,n,2,303.91,6.45,D,0
36.74566,39.24451,339.61,0.39,0.36,2024-10-21,1016,N,VIIRS,n,2,303.23,5.34,D,0
36.79167,41.75212,336.6,0.39,0.36,2024-10-21,1016,N,VIIRS,n,2,303.76,3.45,D,0
36.83437,42.15749,339.11,0.4,0.37,2024-10-21,1016,N,VIIRS,n,2,304.83,2.98,D,0
36.83498,42.16195,335.75,0.4,0.37,2024-10-21,1016,N,VIIRS,n,2,304.73,3.65,D,0
36.8758,41.58133,348.77,0.39,0.36,2024-10-21,1016,N,VIIRS,n,2,305.05,5.26,D,0
36.90718,43.38955,341.26,0.43,0.38,2024-10-21,1016,N,VIIRS,n,2,296.63,4.31,D,2
36.93079,42.0968,337.91,0.4,0.37,2024-10-21,1016,N,VIIRS,n,2,307.16,2.5,D,0
36.9357,42.13249,336.59,0.4,0.37,2024-10-21,1016,N,VIIRS,n,2,305.48,2.66,D,2
36.94122,42.17284,341.05,0.4,0.37,2024-10-21,1016,N,VIIRS,n,2,304.79,3.29,D,2
36.94996,40.92531,332.72,0.39,0.36,2024-10-21,1016,N,VIIRS,n,2,304.73,1.17,D,0
36.96256,37.74247,333.65,0.42,0.38,2024-10-21,1016,N,VIIRS,n,2,303.57,3.47,D,0
36.9749,41.8677,334.2,0.39,0.37,2024-10-21,1016,N,VIIRS,n,2,303.13,2.53,D,0
36.9914,38.39927,330.57,0.4,0.37,2024-10-21,1016,N,VIIRS,n,2,299.08,3.96,D,0
36.99145,38.40247,340.16,0.4,0.37,2024-10-21,1016,N,VIIRS,n,2,299.57,3.19,D,0
36.99981,40.87479,346.75,0.39,0.36,2024-10-21,1016,N,VIIRS,n,2,307.91,11.35,D,0
37.02938,35.92345,334.48,0.48,0.4,2024-10-21,1016,N,VIIRS,n,2,304.52,2.21,D,0
37.03301,35.92236,331.02,0.48,0.4,2024-10-21,1016,N,VIIRS,n,2,301.76,2.21,D,0
37.07895,36.08263,334.99,0.47,0.4,2024-10-21,1016,N,VIIRS,n,2,302.72,3.38,D,0
37.09496,36.16706,337.95,0.47,0.4,2024-10-21,1016,N,VIIRS,n,2,302.85,2.73,D,0
37.0994,40.83994,340.52,0.39,0.36,2024-10-21,1016,N,VIIRS,n,2,302.37,3.78,D,0
37.10254,36.24723,342.84,0.47,0.4,2024-10-21,1016,N,VIIRS,n,2,300.56,4.53,D,0
37.1068,42.6817,335.89,0.41,0.37,2024-10-21,1016,N,VIIRS,n,2,304.49,2.0,D,0
37.13572,42.79485,335.13,0.41,0.37,2024-10-21,1016,N,VIIRS,n,2,301.68,1.35,D,2
37.16551,41.83263,338.77,0.4,0.37,2024-10-21,1016,N,VIIRS,n,2,303.15,9.25,D,0
37.16886,41.83189,337.45,0.4,0.37,2024-10-21,1016,N,VIIRS,n,2,302.62,9.25,D,0
37.29726,38.97382,340.64,0.39,0.36,2024-10-21,1016,N,VIIRS,n,2,301.93,5.61,D,0
37.36677,37.5769,338.9,0.42,0.38,2024-10-21,1016,N,VIIRS,n,2,295.8,1.83,D,0
37.37417,39.81852,331.51,0.39,0.36,2024-10-21,1016,N,VIIRS,n,2,298.84,1.51,D,0
37.39931,40.48679,332.38,0.38,0.36,2024-10-21,1016,N,VIIRS,n,2,298.7,1.94,D,0
37.40874,38.91635,330.62,0.39,0.36,2024-10-21,1016,N,VIIRS,n,2,302.75,1.65,D,0
37.41206,38.91551,352.55,0.39,0.36,2024-10-21,1016,N,VIIRS,n,2,303.74,7.66,D,0
37.45773,38.75165,337.56,0.39,0.37,2024-10-21,1016,N,VIIRS,n,2,302.25,4.42,D,0
37.50425,39.24771,332.8,0.39,0.36,2024-10-21,1016,N,VIIRS,n,2,301.49,2.72,D,0
37.50945,39.04593,348.45,0.39,0.36,2024-10-21,1016,N,VIIRS,n,2,307.98,9.24,D,0
37.51276,39.04507,347.08,0.39,0.36,2024-10-21,1016,N,VIIRS,n,2,302.0,9.24,D,0
37.52112,40.41846,340.3,0.38,0.36,2024-10-21,1016,N,VIIRS,n,2,299.22,5.79,D,0
37.62729,40.58342,346.63,0.38,0.36,2024-10-21,1016,N,VIIRS,n,2,298.93,5.42,D,0
37.63279,40.48344,340.15,0.38,0.36,2024-10-21,1016,N,VIIRS,n,2,305.93,8.25,D,0
37.67481,40.47442,333.92,0.38,0.36,2024-10-21,1016,N,VIIRS,n,2,300.04,5.82,D,0
37.67811,40.47364,340.35,0.38,0.36,2024-10-21,1016,N,VIIRS,n,2,299.32,4.65,D,0
37.68246,40.98016,340.6,0.39,0.36,2024-10-21,1016,N,VIIRS,n,2,302.28,5.66,D,0
37.68474,40.44963,334.3,0.38,0.36,2024-10-21,1016,N,VIIRS,n,2,301.94,6.05,D,0
37.68513,40.97503,333.77,0.39,0.36,2024-10-21,1016,N,VIIRS,n,2,301.13,4.54,D,0
37.68577,40.9794,334.84,0.39,0.36,2024-10-21,1016,N,VIIRS,n,2,301.3,4.54,D,0
37.69176,40.97352,352.48,0.39,0.36,2024-10-21,1016,N,VIIRS,n,2,310.64,8.37,D,0
37.69507,40.97276,340.93,0.39,0.36,2024-10-21,1016,N,VIIRS,n,2,300.72,8.37,D,0
37.69571,40.97713,336.6,0.39,0.36,2024-10-21,1016,N,VIIRS,n,2,299.45,8.37,D,0
37.70948,41.00111,346.77,0.39,0.36,2024-10-21,1016,N,VIIRS,n,2,303.25,7.4,D,0
37.71111,40.94203,337.92,0.39,0.36,2024-10-21,1016,N,VIIRS,n,2,299.22,3.84,D,0
37.71506,40.94564,342.66,0.39,0.36,2024-10-21,1016,N,VIIRS,n,2,303.63,10.04,D,0
37.72477,40.53443,335.91,0.38,0.36,2024-10-21,1016,N,VIIRS,n,2,299.88,2.58,D,0
37.72671,40.89424,367.0,0.39,0.36,2024-10-21,1016,N,VIIRS,h,2,359.13,83.95,D,0
37.72734,40.8986,333.74,0.39,0.36,2024-10-21,1016,N,VIIRS,n,2,295.46,83.95,D,0
37.73001,40.89348,350.08,0.39,0.36,2024-10-21,1016,N,VIIRS,n,2,309.77,83.95,D,0
37.73333,40.89273,339.71,0.39,0.36,2024-10-21,1016,N,VIIRS,n,2,300.86,2.85,D,0
37.73563,40.95547,332.88,0.39,0.36,2024-10-21,1016,N,VIIRS,n,2,301.75,2.77,D,0
37.74262,40.8861,337.58,0.39,0.36,2024-10-21,1016,N,VIIRS,n,2,301.01,3.92,D,0
37.74529,40.88099,336.73,0.39,0.36,2024-10-21,1016,N,VIIRS,n,2,300.67,18.17,D,0
37.74592,40.88534,334.56,0.39,0.36,2024-10-21,1016,N,VIIRS,n,2,305.98,18.17,D,0
37.76934,40.44863,339.15,0.38,0.36,2024-10-21,1016,N,VIIRS,n,2,295.36,3.92,D,0
37.7805,40.84119,341.23,0.39,0.36,2024-10-21,1016,N,VIIRS,n,2,301.01,5.09,D,0
37.79929,40.60352,334.39,0.39,0.36,2024-10-21,1016,N,VIIRS,n,2,298.38,2.26,D,0
37.87197,40.91166,338.09,0.39,0.36,2024-10-21,1016,N,VIIRS,n,2,302.92,2.53,D,0
37.91251,41.00199,334.01,0.39,0.36,2024-10-21,1016,N,VIIRS,n,2,302.34,2.53,D,0
37.91584,40.86067,354.66,0.39,0.36,2024-10-21,1016,N,VIIRS,n,2,307.11,10.92,D,0
37.92736,41.77234,342.19,0.4,0.37,2024-10-21,1016,N,VIIRS,n,2,299.35,2.57,D,0
38.00761,41.84527,345.37,0.4,0.37,2024-10-21,1016,N,VIIRS,n,2,301.91,4.33,D,0
37.20707,35.98037,335.96,0.48,0.4,2024-10-21,1017,N,VIIRS,n,2,302.15,3.19,D,0
37.20962,35.97814,333.35,0.48,0.4,2024-10-21,1017,N,VIIRS,n,2,301.89,2.84,D,0
37.23985,29.98718,331.59,0.62,0.54,2024-10-21,1017,N,VIIRS,n,2,294.09,4.97,D,0
37.29374,35.95864,332.64,0.48,0.4,2024-10-21,1017,N,VIIRS,n,2,301.1,3.4,D,0
37.30316,35.65788,327.14,0.49,0.4,2024-10-21,1017,N,VIIRS,n,2,298.7,2.25,D,0
37.33247,35.80919,330.08,0.48,0.4,2024-10-21,1017,N,VIIRS,n,2,300.54,2.11,D,0
37.37919,37.09443,332.97,0.43,0.38,2024-10-21,1017,N,VIIRS,n,2,300.41,4.33,D,0
37.38181,37.08872,329.19,0.43,0.38,2024-10-21,1017,N,VIIRS,n,2,300.03,2.54,D,0
37.38266,37.09348,335.02,0.43,0.38,2024-10-21,1017,N,VIIRS,n,2,302.02,4.33,D,0
37.54679,38.21234,332.06,0.4,0.37,2024-10-21,1017,N,VIIRS,n,2,298.33,2.0,D,0
37.5587,33.1515,337.33,0.42,0.45,2024-10-21,1017,N,VIIRS,n,2,293.98,2.82,D,0
37.58212,31.48371,334.47,0.51,0.49,2024-10-21,1017,N,VIIRS,n,2,290.8,3.56,D,0
37.58239,31.48151,329.51,0.51,0.49,2024-10-21,1017,N,VIIRS,n,2,290.74,5.58,D,0
37.58369,31.48701,337.54,0.51,0.49,2024-10-21,1017,N,VIIRS,n,2,291.7,5.58,D,0
37.58657,31.48223,327.7,0.51,0.49,2024-10-21,1017,N,VIIRS,n,2,290.92,1.38,D,0
37.62805,38.29895,344.42,0.4,0.37,2024-10-21,1017,N,VIIRS,n,2,300.65,4.23,D,0
37.62917,38.30095,332.09,0.4,0.37,2024-10-21,1017,N,VIIRS,n,2,299.3,4.27,D,0
37.65538,38.92351,343.68,0.39,0.36,2024-10-21,1017,N,VIIRS,n,2,309.48,20.66,D,0
37.69279,32.83516,328.91,0.43,0.46,2024-10-21,1017,N,VIIRS,n,2,293.95,3.04,D,0
37.72424,39.13449,347.45,0.39,0.36,2024-10-21,1017,N,VIIRS,n,2,304.83,8.15,D,0
37.74337,33.39723,338.78,0.41,0.45,2024-10-21,1017,N,VIIRS,n,2,290.66,2.39,D,0
37.75737,31.63432,326.57,0.5,0.49,2024-10-21,1017,N,VIIRS,n,2,286.94,1.72,D,3
37.76586,38.76337,330.02,0.39,0.36,2024-10-21,1017,N,VIIRS,n,2,296.73,1.85,D,0
37.77887,38.45948,334.27,0.4,0.37,2024-10-21,1017,N,VIIRS,n,2,300.78,3.82,D,0
37.81007,38.47936,338.11,0.4,0.37,2024-10-21,1017,N,VIIRS,n,2,303.19,6.63,D,0
37.8134,38.47849,341.66,0.4,0.37,2024-10-21,1017,N,VIIRS,n,2,298.29,6.63,D,0
37.87405,28.28624,330.67,0.37,0.58,2024-10-21,1017,N,VIIRS,n,2,296.89,2.04,D,0
37.91932,29.41952,332.05,0.32,0.55,2024-10-21,1017,N,VIIRS,n,2,297.48,1.96,D,0
37.95605,40.77073,342.58,0.39,0.36,2024-10-21,1017,N,VIIRS,n,2,300.21,2.94,D,0
37.96105,29.88634,333.32,0.6,0.53,2024-10-21,1017,N,VIIRS,n,2,294.97,2.98,D,0
37.96222,29.8844,337.99,0.6,0.53,2024-10-21,1017,N,VIIRS,n,2,295.26,4.7,D,0
37.97791,40.34755,341.89,0.38,0.36,2024-10-21,1017,N,VIIRS,n,2,299.35,6.18,D,0
37.97857,40.3519,331.04,0.38,0.36,2024-10-21,1017,N,VIIRS,n,2,297.08,4.27,D,0
37.98717,40.74985,340.62,0.39,0.36,2024-10-21,1017,N,VIIRS,n,2,302.71,7.96,D,0
37.99109,40.34439,332.06,0.38,0.36,2024-10-21,1017,N,VIIRS,n,2,293.92,2.81,D,0
38.00876,40.66974,334.22,0.39,0.36,2024-10-21,1017,N,VIIRS,n,2,300.48,2.65,D,0
38.01142,40.66458,345.02,0.39,0.36,2024-10-21,1017,N,VIIRS,n,2,302.61,5.42,D,0
38.01206,40.66897,336.33,0.39,0.36,2024-10-21,1017,N,VIIRS,n,2,296.93,2.47,D,0
38.0172,40.70396,341.65,0.39,0.36,2024-10-21,1017,N,VIIRS,n,2,301.82,5.48,D,0
38.04408,40.8881,330.18,0.39,0.36,2024-10-21,1017,N,VIIRS,n,2,304.55,27.96,D,0
38.04472,40.8925,332.78,0.39,0.36,2024-10-21,1017,N,VIIRS,n,2,298.88,27.96,D,0
38.04739,40.88732,367.0,0.39,0.36,2024-10-21,1017,N,VIIRS,h,2,330.3,27.96,D,0
38.04803,40.89174,333.83,0.39,0.36,2024-10-21,1017,N,VIIRS,n,2,299.14,27.96,D,0
38.05281,41.13013,333.03,0.39,0.36,2024-10-21,1017,N,VIIRS,n,2,303.14,3.15,D,0
38.0632,40.76111,331.96,0.39,0.36,2024-10-21,1017,N,VIIRS,n,2,298.73,1.42,D,0
38.08358,40.92436,339.71,0.39,0.36,2024-10-21,1017,N,VIIRS,n,2,301.43,4.02,D,0
38.11849,40.70374,332.91,0.39,0.36,2024-10-21,1017,N,VIIRS,n,2,297.02,3.51,D,0
38.1218,40.70296,338.23,0.39,0.36,2024-10-21,1017,N,VIIRS,n,2,296.88,3.51,D,0
38.13235,41.07223,346.73,0.39,0.36,2024-10-21,1017,N,VIIRS,n,2,302.39,5.24,D,0
38.16191,40.74339,328.74,0.39,0.36,2024-10-21,1017,N,VIIRS,n,2,296.65,1.47,D,0
38.19211,40.39762,328.76,0.38,0.36,2024-10-21,1017,N,VIIRS,n,2,301.9,1.27,D,0
38.19312,27.97448,326.31,0.37,0.58,2024-10-21,1017,N,VIIRS,n,2,299.29,1.23,D,0
38.19973,40.69814,332.88,0.39,0.36,2024-10-21,1017,N,VIIRS,n,2,298.56,3.55,D,0
38.23262,39.70578,328.68,0.38,0.36,2024-10-21,1017,N,VIIRS,n,2,295.84,2.59,D,0
38.25127,37.13859,326.78,0.42,0.38,2024-10-21,1017,N,VIIRS,n,2,285.81,2.23,D,0
38.35599,36.9494,336.98,0.43,0.38,2024-10-21,1017,N,VIIRS,n,2,292.34,6.14,D,0
38.37854,31.82171,337.81,0.47,0.48,2024-10-21,1017,N,VIIRS,n,2,295.98,3.57,D,0
38.37975,31.827,329.23,0.47,0.48,2024-10-21,1017,N,VIIRS,n,2,296.22,3.74,D,0
38.42879,39.96257,347.5,0.38,0.36,2024-10-21,1017,N,VIIRS,n,2,302.51,6.32,D,0
38.43208,39.96176,336.28,0.38,0.36,2024-10-21,1017,N,VIIRS,n,2,304.02,6.32,D,0
38.4515,30.24122,336.03,0.56,0.52,2024-10-21,1017,N,VIIRS,n,2,296.68,2.96,D,0
38.53182,38.23015,331.22,0.4,0.37,2024-10-21,1017,N,VIIRS,n,2,294.05,3.02,D,0
38.59202,27.63946,325.1,0.38,0.59,2024-10-21,1017,N,VIIRS,n,2,296.39,1.58,D,0
38.99063,28.69573,331.77,0.33,0.55,2024-10-21,1017,N,VIIRS,n,2,295.02,1.79,D,0
39.69976,31.80004,342.85,0.44,0.46,2024-10-21,1017,N,VIIRS,n,2,297.01,4.82,D,0
39.71556,32.39209,350.67,0.41,0.45,2024-10-21,1017,N,VIIRS,n,2,296.55,7.23,D,0
39.76269,40.19923,330.38,0.39,0.36,2024-10-21,1017,N,VIIRS,n,2,273.09,1.81,D,0
40.01292,27.84636,347.16,0.34,0.56,2024-10-21,1018,N,VIIRS,n,2,290.93,4.08,D,0
40.01886,27.84794,367.0,0.34,0.56,2024-10-21,1018,N,VIIRS,h,2,292.86,6.0,D,0
40.02048,27.8471,341.91,0.34,0.56,2024-10-21,1018,N,VIIRS,n,2,290.76,3.08,D,0
40.12572,28.16305,352.57,0.33,0.55,2024-10-21,1018,N,VIIRS,n,2,293.0,3.72,D,0
40.13258,28.14771,336.85,0.33,0.55,2024-10-21,1018,N,VIIRS,n,2,292.01,1.58,D,0
40.13462,27.88218,331.24,0.34,0.56,2024-10-21,1018,N,VIIRS,n,2,292.74,3.0,D,0
40.15153,28.28275,329.25,0.32,0.55,2024-10-21,1018,N,VIIRS,n,2,294.88,2.25,D,0
40.15542,28.277,326.36,0.32,0.55,2024-10-21,1018,N,VIIRS,n,2,293.51,3.53,D,0
40.15637,28.28065,367.0,0.32,0.55,2024-10-21,1018,N,VIIRS,h,2,297.32,10.04,D,0
40.1953,27.66497,351.9,0.34,0.56,2024-10-21,1018,N,VIIRS,n,2,293.11,4.4,D,0
40.196,27.6626,341.78,0.34,0.56,2024-10-21,1018,N,VIIRS,n,2,292.19,3.66,D,0
40.19839,27.6768,339.95,0.34,0.56,2024-10-21,1018,N,VIIRS,n,2,292.43,2.53,D,0
40.19914,27.67433,335.48,0.34,0.56,2024-10-21,1018,N,VIIRS,n,2,291.36,3.41,D,0
40.29399,28.15132,338.14,0.32,0.55,2024-10-21,1018,N,VIIRS,n,2,294.09,1.68,D,0
40.4376,34.08063,329.22,0.5,0.41,2024-10-21,1018,N,VIIRS,n,2,293.46,3.56,D,0
40.73146,26.39425,330.51,0.38,0.59,2024-10-21,1018,N,VIIRS,n,2,293.42,2.86,D,0
40.73662,26.39169,333.19,0.38,0.59,2024-10-21,1018,N,VIIRS,n,2,291.74,2.86,D,0
40.78691,26.16316,328.73,0.39,0.59,2024-10-21,1018,N,VIIRS,n,2,289.37,2.26,D,0
40.81018,26.33333,333.95,0.38,0.59,2024-10-21,1018,N,VIIRS,n,2,290.54,3.73,D,0
40.81141,26.33776,339.93,0.38,0.59,2024-10-21,1018,N,VIIRS,n,2,291.53,5.1,D,0
40.85981,26.59912,341.73,0.37,0.58,2024-10-21,1018,N,VIIRS,n,2,294.19,3.3,D,0
40.91877,26.98301,329.56,0.35,0.57,2024-10-21,1018,N,VIIRS,n,2,294.96,2.32,D,0
40.91896,26.98251,333.11,0.35,0.57,2024-10-21,1018,N,VIIRS,n,2,294.95,1.68,D,0
41.02341,26.85038,326.02,0.36,0.57,2024-10-21,1018,N,VIIRS,n,2,294.54,1.55,D,0
41.04109,26.33202,352.62,0.38,0.59,2024-10-21,1018,N,VIIRS,n,2,291.43,5.88,D,0
41.06523,26.3989,352.45,0.38,0.58,2024-10-21,1018,N,VIIRS,n,2,290.57,3.45,D,0
41.06641,26.40322,330.6,0.37,0.58,2024-10-21,1018,N,VIIRS,n,2,289.7,3.45,D,0
41.08449,26.55426,329.51,0.37,0.58,2024-10-21,1018,N,VIIRS,n,2,292.65,2.03,D,0
41.16711,26.52983,345.19,0.37,0.58,2024-10-21,1018,N,VIIRS,n,2,294.15,3.13,D,0
41.27251,26.66468,354.57,0.36,0.57,2024-10-21,1018,N,VIIRS,n,2,296.51,5.97,D,0
41.27691,26.66347,367.0,0.36,0.57,2024-10-21,1018,N,VIIRS,h,2,304.63,23.4,D,0
41.27769,26.66275,367.0,0.36,0.57,2024-10-21,1018,N,VIIRS,h,2,299.63,9.45,D,0
41.27878,26.66679,327.81,0.36,0.57,2024-10-21,1018,N,VIIRS,n,2,294.29,9.45,D,0
41.2921,26.57278,331.45,0.36,0.58,2024-10-21,1018,N,VIIRS,n,2,293.47,1.24,D,0
41.30043,26.47702,325.39,0.37,0.58,2024-10-21,1018,N,VIIRS,n,2,290.54,4.54,D,0
41.30731,26.69115,330.5,0.36,0.57,2024-10-21,1018,N,VIIRS,n,2,296.88,1.61,D,0
41.31409,27.15467,327.74,0.34,0.56,2024-10-21,1018,N,VIIRS,n,2,297.36,1.57,D,0
41.31993,26.84179,333.69,0.35,0.57,2024-10-21,1018,N,VIIRS,n,2,293.39,2.18,D,0
41.32103,26.84592,343.35,0.35,0.57,2024-10-21,1018,N,VIIRS,n,2,296.69,4.33,D,0
41.32907,26.62448,325.83,0.36,0.57,2024-10-21,1018,N,VIIRS,n,2,291.73,1.01,D,0
41.34809,27.03178,338.24,0.34,0.56,2024-10-21,1018,N,VIIRS,n,2,292.63,3.43,D,0
41.39899,26.84144,351.94,0.35,0.57,2024-10-21,1018,N,VIIRS,n,2,295.88,3.23,D,0
41.40447,26.86184,336.85,0.35,0.57,2024-10-21,1018,N,VIIRS,n,2,293.0,2.22,D,0
41.40553,26.8658,328.61,0.35,0.57,2024-10-21,1018,N,VIIRS,n,2,293.21,2.22,D,0
41.5083,26.61936,331.65,0.36,0.57,2024-10-21,1018,N,VIIRS,n,2,291.19,2.59,D,0
41.51238,26.61554,332.09,0.36,0.57,2024-10-21,1018,N,VIIRS,n,2,291.79,3.92,D,0
41.52528,26.64196,350.92,0.35,0.57,2024-10-21,1018,N,VIIRS,n,2,293.93,3.91,D,0
41.6271,27.05952,325.79,0.34,0.56,2024-10-21,1018,N,VIIRS,n,2,295.37,1.41,D,0
41.78485,26.5372,367.0,0.35,0.57,2024-10-21,1018,N,VIIRS,h,2,292.03,7.01,D,0
41.83158,26.56609,338.19,0.35,0.57,2024-10-21,1018,N,VIIRS,n,2,292.34,1.36,D,0
41.83207,26.5657,334.84,0.35,0.57,2024-10-21,1018,N,VIIRS,n,2,292.76,1.37,D,0
37.10328,29.58677,334.79,0.56,0.68,2024-10-21,1157,N,VIIRS,n,2,298.88,16.99,D,0
37.10347,29.59327,367.0,0.56,0.69,2024-10-21,1157,N,VIIRS,h,2,301.84,32.58,D,0
38.31829,32.19853,338.04,0.78,0.78,2024-10-21,1158,N,VIIRS,n,2,292.34,4.78,D,0
39.27109,31.30079,336.12,0.7,0.75,2024-10-21,1158,N,VIIRS,n,2,292.16,4.95,D,0
40.0676,27.92391,340.85,0.47,0.64,2024-10-21,1158,N,VIIRS,n,2,292.27,6.96,D,0
40.11254,28.17861,338.22,0.49,0.65,2024-10-21,1158,N,VIIRS,n,2,294.24,2.52,D,0
40.1222,28.48014,352.31,0.51,0.66,2024-10-21,1158,N,VIIRS,n,2,294.25,5.3,D,0
40.13157,28.02515,338.18,0.48,0.65,2024-10-21,1158,N,VIIRS,n,2,291.27,3.07,D,0
40.13281,28.02581,336.96,0.48,0.65,2024-10-21,1158,N,VIIRS,n,2,290.76,3.64,D,0
40.15187,27.68829,330.51,0.46,0.63,2024-10-21,1158,N,VIIRS,n,2,291.12,2.98,D,0
40.15436,28.15268,367.0,0.49,0.65,2024-10-21,1158,N,VIIRS,h,2,297.05,13.98,D,0
40.15473,28.14718,339.48,0.49,0.65,2024-10-21,1158,N,VIIRS,n,2,291.11,7.58,D,0
40.15492,28.15354,367.0,0.49,0.65,2024-10-21,1158,N,VIIRS,h,2,295.66,14.67,D,0
40.18744,28.21782,327.03,0.49,0.65,2024-10-21,1158,N,VIIRS,n,2,291.49,3.69,D,0
40.22639,28.48304,339.51,0.51,0.66,2024-10-21,1158,N,VIIRS,n,2,292.88,5.56,D,0
40.22658,28.48921,341.21,0.51,0.66,2024-10-21,1158,N,VIIRS,n,2,293.99,7.94,D,0
40.31324,27.63202,325.01,0.46,0.63,2024-10-21,1158,N,VIIRS,n,2,290.65,3.92,D,0
40.74006,26.31542,348.24,0.39,0.6,2024-10-21,1158,N,VIIRS,n,2,291.01,4.53,D,0
40.78331,26.52623,346.64,0.4,0.6,2024-10-21,1158,N,VIIRS,n,2,291.79,9.48,D,0
40.8772,26.30119,345.86,0.39,0.6,2024-10-21,1159,N,VIIRS,n,2,289.25,5.6,D,0
40.883,26.30559,330.98,0.39,0.6,2024-10-21,1159,N,VIIRS,n,2,288.1,6.07,D,0
41.07556,26.43817,348.66,0.4,0.6,2024-10-21,1159,N,VIIRS,n,2,291.37,5.73,D,0
41.22216,26.57536,343.6,0.41,0.61,2024-10-21,1159,N,VIIRS,n,2,296.44,3.38,D,0
41.22587,26.57386,342.13,0.41,0.61,2024-10-21,1159,N,VIIRS,n,2,298.12,3.62,D,0
41.29738,26.47514,329.7,0.4,0.6,2024-10-21,1159,N,VIIRS,n,2,291.84,3.25,D,0
41.30722,27.14923,347.41,0.44,0.62,2024-10-21,1159,N,VIIRS,n,2,297.92,3.58,D,0
41.31292,26.84554,353.15,0.42,0.61,2024-10-21,1159,N,VIIRS,n,2,295.02,5.69,D,0
41.31305,27.14884,331.07,0.44,0.62,2024-10-21,1159,N,VIIRS,n,2,296.53,3.58,D,0
41.31325,27.15415,337.03,0.44,0.62,2024-10-21,1159,N,VIIRS,n,2,296.09,8.03,D,0
41.31868,26.84548,367.0,0.42,0.61,2024-10-21,1159,N,VIIRS,h,2,297.5,8.86,D,0
41.31889,26.85064,348.03,0.42,0.61,2024-10-21,1159,N,VIIRS,n,2,296.67,8.86,D,0
41.3656,27.00382,346.41,0.43,0.62,2024-10-21,1159,N,VIIRS,n,2,294.63,6.61,D,0
41.36577,27.00658,349.4,0.43,0.62,2024-10-21,1159,N,VIIRS,n,2,294.82,5.44,D,0
41.52477,26.64484,326.37,0.41,0.61,2024-10-21,1159,N,VIIRS,n,2,291.59,1.9,D,0
41.54712,26.63306,335.6,0.41,0.61,2024-10-21,1159,N,VIIRS,n,2,291.87,2.38,D,0
41.54893,26.63264,335.27,0.41,0.61,2024-10-21,1159,N,VIIRS,n,2,291.87,4.89,D,0
41.70572,26.96865,345.45,0.43,0.62,2024-10-21,1159,N,VIIRS,n,2,300.17,4.92,D,0
41.71151,26.96821,344.12,0.43,0.62,2024-10-21,1159,N,VIIRS,n,2,296.88,4.92,D,0
41.72931,26.97773,336.77,0.43,0.62,2024-10-21,1159,N,VIIRS,n,2,297.03,2.78,D,0
41.78779,26.52844,344.52,0.41,0.61,2024-10-21,1159,N,VIIRS,n,2,294.33,6.62,D,0
42.26622,26.29657,337.85,0.4,0.6,2024-10-21,1159,N,VIIRS,n,2,298.37,2.39,D,0
37.7009,40.96974,298.74,0.47,0.48,2024-10-21,2236,N,VIIRS,n,2,276.26,0.84,N,0
37.9569,40.77665,301.94,0.48,0.48,2024-10-21,2236,N,VIIRS,n,2,275.71,1.97,N,0
37.96134,40.77752,318.26,0.48,0.48,2024-10-21,2236,N,VIIRS,n,2,278.22,1.97,N,0
37.96183,40.77187,301.09,0.48,0.48,2024-10-21,2236,N,VIIRS,n,2,277.11,1.99,N,0
40.57497,43.00804,295.6,0.4,0.44,2024-10-21,2236,N,VIIRS,n,2,269.1,0.5,N,0
35.52423,44.34204,319.13,0.46,0.39,2024-10-21,2237,N,VIIRS,n,2,281.55,2.35,N,2
35.52784,44.34275,349.65,0.46,0.39,2024-10-21,2237,N,VIIRS,n,2,286.65,10.35,N,2
35.52847,44.33764,328.11,0.46,0.39,2024-10-21,2237,N,VIIRS,n,2,282.64,6.5,N,2
35.53207,44.33835,341.77,0.46,0.39,2024-10-21,2237,N,VIIRS,n,2,286.69,6.5,N,2
35.53567,44.33906,327.5,0.46,0.39,2024-10-21,2237,N,VIIRS,n,2,281.37,2.74,N,2
35.56493,44.28199,318.71,0.46,0.39,2024-10-21,2237,N,VIIRS,n,2,282.21,1.4,N,2
35.62804,44.01282,297.43,0.47,0.4,2024-10-21,2237,N,VIIRS,n,2,281.29,2.98,N,2
35.62869,44.00755,330.67,0.47,0.4,2024-10-21,2237,N,VIIRS,n,2,296.35,15.71,N,2
35.63236,44.00819,302.79,0.47,0.4,2024-10-21,2237,N,VIIRS,n,2,280.8,15.71,N,2
35.66019,43.96506,297.83,0.48,0.4,2024-10-21,2237,N,VIIRS,n,2,280.29,0.66,N,2
35.66312,43.96263,328.35,0.48,0.4,2024-10-21,2237,N,VIIRS,n,2,286.07,6.41,N,2
35.68426,43.87975,307.34,0.48,0.4,2024-10-21,2237,N,VIIRS,n,2,279.52,6.59,N,2
35.68489,43.87444,329.89,0.48,0.4,2024-10-21,2237,N,VIIRS,n,2,293.53,15.63,N,2
35.68858,43.87513,304.02,0.48,0.4,2024-10-21,2237,N,VIIRS,n,2,280.32,15.63,N,2
35.72507,44.03892,330.04,0.47,0.4,2024-10-21,2237,N,VIIRS,n,2,287.97,9.51,N,2
35.72937,44.03438,327.58,0.47,0.4,2024-10-21,2237,N,VIIRS,n,2,284.3,2.73,N,2
35.77384,43.99549,328.51,0.48,0.4,2024-10-21,2237,N,VIIRS,n,2,284.85,3.05,N,2
35.80244,44.30999,346.38,0.46,0.39,2024-10-21,2237,N,VIIRS,n,2,283.71,7.09,N,0
35.80541,44.31583,306.11,0.46,0.39,2024-10-21,2237,N,VIIRS,n,2,281.48,0.99,N,0
35.80606,44.31065,313.92,0.46,0.39,2024-10-21,2237,N,VIIRS,n,2,281.8,1.61,N,0
35.80904,44.31641,299.49,0.46,0.39,2024-10-21,2237,N,VIIRS,n,2,281.0,0.99,N,0
35.8148,43.25626,309.64,0.51,0.41,2024-10-21,2237,N,VIIRS,n,2,281.48,1.69,N,2
35.83467,43.219,306.31,0.52,0.41,2024-10-21,2237,N,VIIRS,n,2,281.75,1.45,N,2
35.86799,43.64934,295.32,0.49,0.41,2024-10-21,2237,N,VIIRS,n,2,277.83,0.69,N,0
35.88496,44.27424,296.58,0.47,0.39,2024-10-21,2237,N,VIIRS,n,2,280.68,0.9,N,0
35.8898,44.17421,302.4,0.47,0.4,2024-10-21,2237,N,VIIRS,n,2,278.28,0.74,N,0
35.89943,44.18684,303.77,0.47,0.4,2024-10-21,2237,N,VIIRS,n,2,281.19,1.33,N,0
35.92474,43.78941,324.76,0.49,0.4,2024-10-21,2237,N,VIIRS,n,2,283.52,2.55,N,2
35.95479,43.72798,296.04,0.49,0.4,2024-10-21,2237,N,VIIRS,n,2,282.51,0.53,N,2
35.96947,43.7642,323.74,0.49,0.4,2024-10-21,2237,N,VIIRS,n,2,286.23,5.43,N,2
35.9719,43.77557,303.59,0.49,0.4,2024-10-21,2237,N,VIIRS,n,2,282.97,1.35,N,2
35.97255,43.77018,301.86,0.49,0.4,2024-10-21,2237,N,VIIRS,n,2,282.46,1.35,N,2
35.98064,43.76601,302.25,0.49,0.4,2024-10-21,2237,N,VIIRS,n,2,283.72,1.47,N,2
36.01729,43.68301,327.47,0.49,0.41,2024-10-21,2237,N,VIIRS,n,2,282.99,3.13,N,2
36.01753,43.68398,319.28,0.49,0.41,2024-10-21,2237,N,VIIRS,n,2,282.94,1.64,N,2
36.05603,44.39058,296.38,0.46,0.39,2024-10-21,2237,N,VIIRS,n,2,277.93,0.64,N,0
36.06469,38.60815,296.88,0.6,0.53,2024-10-21,2237,N,VIIRS,n,2,277.54,1.15,N,0
36.06529,38.60728,297.9,0.6,0.53,2024-10-21,2237,N,VIIRS,n,2,277.74,1.17,N,0
36.08384,43.63923,302.75,0.5,0.41,2024-10-21,2237,N,VIIRS,n,2,280.87,1.1,N,0
36.10012,43.63083,304.93,0.5,0.41,2024-10-21,2237,N,VIIRS,n,2,280.08,0.98,N,0
36.12074,44.19592,295.85,0.47,0.4,2024-10-21,2237,N,VIIRS,n,2,278.63,0.49,N,0
36.12915,43.77935,295.92,0.49,0.4,2024-10-21,2237,N,VIIRS,n,2,283.01,1.14,N,2
36.14319,40.81439,324.01,0.46,0.47,2024-10-21,2237,N,VIIRS,n,2,279.3,2.0,N,2
36.21818,43.73479,297.94,0.49,0.41,2024-10-21,2237,N,VIIRS,n,2,282.37,0.71,N,0
36.21838,43.73568,296.85,0.49,0.41,2024-10-21,2237,N,VIIRS,n,2,281.99,0.61,N,0
36.22649,43.73135,295.55,0.49,0.41,2024-10-21,2237,N,VIIRS,n,2,279.05,0.47,N,0
36.26437,43.98857,298.66,0.48,0.4,2024-10-21,2237,N,VIIRS,n,2,281.88,1.0,N,0
36.265,33.72816,306.03,0.57,0.69,2024-10-21,2237,N,VIIRS,n,2,286.04,1.34,N,2
36.32849,43.77146,298.14,0.49,0.4,2024-10-21,2237,N,VIIRS,n,2,277.34,0.9,N,0
36.33516,43.28792,299.89,0.52,0.41,2024-10-21,2237,N,VIIRS,n,2,277.24,2.53,N,0
36.33898,43.28861,323.87,0.52,0.41,2024-10-21,2237,N,VIIRS,n,2,281.72,2.53,N,0
36.4059,43.92722,295.34,0.49,0.4,2024-10-21,2237,N,VIIRS,n,2,277.53,0.55,N,0
36.44273,42.9327,304.53,0.54,0.42,2024-10-21,2237,N,VIIRS,n,2,281.77,0.79,N,2
36.4576,41.28083,304.38,0.44,0.46,2024-10-21,2237,N,VIIRS,n,2,278.46,0.94,N,2
36.54543,43.35695,299.65,0.52,0.41,2024-10-21,2237,N,VIIRS,n,2,277.83,1.02,N,0
36.55686,43.35904,295.8,0.52,0.41,2024-10-21,2237,N,VIIRS,n,2,277.29,0.76,N,0
36.55753,43.35324,303.03,0.52,0.41,2024-10-21,2237,N,VIIRS,n,2,278.71,1.05,N,0
36.6656,43.27757,295.06,0.52,0.42,2024-10-21,2237,N,VIIRS,n,2,276.04,0.45,N,0
36.67144,43.62198,296.1,0.5,0.41,2024-10-21,2237,N,VIIRS,n,2,277.41,1.01,N,0
36.73252,36.21226,307.85,0.42,0.61,2024-10-21,2237,N,VIIRS,n,2,288.36,2.08,N,2
36.73821,36.21275,311.04,0.42,0.61,2024-10-21,2237,N,VIIRS,n,2,284.95,1.57,N,2
36.73848,36.20787,312.64,0.42,0.61,2024-10-21,2237,N,VIIRS,n,2,287.38,1.57,N,2
36.74009,36.21235,319.16,0.42,0.61,2024-10-21,2237,N,VIIRS,n,2,284.81,2.76,N,2
36.74764,43.49584,297.17,0.51,0.41,2024-10-21,2237,N,VIIRS,n,2,279.03,0.8,N,2
36.77497,43.32501,332.79,0.52,0.42,2024-10-21,2237,N,VIIRS,n,2,281.12,5.4,N,2
36.86759,43.48779,311.49,0.51,0.41,2024-10-21,2237,N,VIIRS,n,2,278.29,1.85,N,2
36.86985,34.76231,308.28,0.5,0.66,2024-10-21,2237,N,VIIRS,n,2,284.84,1.23,N,2
36.87007,34.75674,296.8,0.5,0.66,2024-10-21,2237,N,VIIRS,n,2,283.31,1.23,N,2
36.87148,43.48775,303.35,0.51,0.41,2024-10-21,2237,N,VIIRS,n,2,278.81,1.22,N,2
36.89183,43.42906,315.3,0.52,0.41,2024-10-21,2237,N,VIIRS,n,2,277.79,2.6,N,2
36.8938,43.42902,327.61,0.52,0.41,2024-10-21,2237,N,VIIRS,n,2,278.95,3.46,N,2
36.90612,43.3898,329.47,0.52,0.42,2024-10-21,2237,N,VIIRS,n,2,279.15,4.1,N,2
36.90694,42.34565,306.63,0.39,0.44,2024-10-21,2237,N,VIIRS,n,2,277.04,1.16,N,0
36.90734,42.34342,300.43,0.39,0.44,2024-10-21,2237,N,VIIRS,n,2,276.74,1.03,N,0
36.90776,43.39046,327.86,0.52,0.42,2024-10-21,2237,N,VIIRS,n,2,281.12,7.01,N,2
36.93681,42.13118,323.66,0.4,0.44,2024-10-21,2237,N,VIIRS,n,2,280.3,2.56,N,2
36.94096,42.17278,302.7,0.4,0.44,2024-10-21,2237,N,VIIRS,n,2,276.88,1.0,N,2
36.94141,42.1683,295.19,0.4,0.44,2024-10-21,2237,N,VIIRS,n,2,276.13,0.96,N,2
36.94498,42.13251,309.73,0.4,0.44,2024-10-21,2237,N,VIIRS,n,2,276.99,1.22,N,2
36.94543,42.12802,297.0,0.4,0.44,2024-10-21,2237,N,VIIRS,n,2,278.69,1.22,N,2
36.94908,42.13316,313.05,0.4,0.44,2024-10-21,2237,N,VIIRS,n,2,278.93,1.22,N,2
36.94952,42.12867,307.93,0.4,0.44,2024-10-21,2237,N,VIIRS,n,2,279.55,1.22,N,2
36.99623,41.56008,295.85,0.43,0.46,2024-10-21,2237,N,VIIRS,n,2,279.45,0.49,N,2
37.01126,41.58226,296.86,0.43,0.46,2024-10-21,2237,N,VIIRS,n,2,280.58,0.34,N,0
37.01206,36.10294,310.29,0.42,0.61,2024-10-21,2237,N,VIIRS,n,2,281.86,1.69,N,2
37.02329,36.10895,300.23,0.42,0.61,2024-10-21,2237,N,VIIRS,n,2,283.71,0.64,N,2
37.03254,42.16984,297.1,0.4,0.44,2024-10-21,2237,N,VIIRS,n,2,281.09,0.46,N,2
37.05546,42.13426,295.1,0.4,0.44,2024-10-21,2237,N,VIIRS,n,2,281.05,0.24,N,2
37.07911,38.25287,323.62,0.32,0.55,2024-10-21,2237,N,VIIRS,n,2,279.36,1.7,N,0
37.08423,38.25318,318.35,0.32,0.55,2024-10-21,2237,N,VIIRS,n,2,279.74,1.72,N,0
37.13552,42.79106,296.41,0.56,0.43,2024-10-21,2237,N,VIIRS,n,2,279.28,0.73,N,2
37.13947,42.79178,295.14,0.56,0.43,2024-10-21,2237,N,VIIRS,n,2,279.44,0.49,N,2
37.18599,37.4177,303.88,0.36,0.57,2024-10-21,2237,N,VIIRS,n,2,277.34,0.91,N,0
37.29594,37.15587,302.01,0.37,0.58,2024-10-21,2237,N,VIIRS,n,2,281.79,1.06,N,2
38.24232,40.6701,295.87,0.67,0.73,2024-10-22,16,N,VIIRS,n,2,276.33,0.64,N,0
41.79876,26.70294,299.07,0.4,0.37,2024-10-22,16,N,VIIRS,n,2,278.59,0.95,N,0
36.14475,40.81723,297.54,0.78,0.78,2024-10-22,17,N,VIIRS,n,2,275.0,1.71,N,2
36.71925,36.20404,323.29,0.44,0.62,2024-10-22,17,N,VIIRS,n,2,282.39,3.8,N,2
36.72476,36.2064,303.82,0.44,0.62,2024-10-22,17,N,VIIRS,n,2,282.31,1.43,N,2
36.86765,34.75864,301.31,0.36,0.58,2024-10-22,17,N,VIIRS,n,2,283.57,1.23,N,2
36.87174,34.76468,300.99,0.37,0.58,2024-10-22,17,N,VIIRS,n,2,283.92,1.37,N,2
37.01246,36.10699,298.56,0.43,0.62,2024-10-22,17,N,VIIRS,n,2,283.1,0.91,N,2
37.01512,36.10424,297.27,0.42,0.61,2024-10-22,17,N,VIIRS,n,2,282.46,0.92,N,2
37.0206,36.10644,298.25,0.42,0.61,2024-10-22,17,N,VIIRS,n,2,281.24,0.92,N,2
37.02335,36.1117,303.69,0.43,0.62,2024-10-22,17,N,VIIRS,n,2,282.65,0.55,N,2
37.35257,37.16497,298.72,0.47,0.64,2024-10-22,17,N,VIIRS,n,2,279.87,0.93,N,2
37.45843,38.65611,301.98,0.56,0.69,2024-10-22,17,N,VIIRS,n,2,277.53,1.52,N,0
37.89814,30.49249,296.8,0.42,0.45,2024-10-22,17,N,VIIRS,n,2,278.12,0.78,N,2
38.16644,36.95576,296.85,0.44,0.62,2024-10-22,17,N,VIIRS,n,2,272.61,0.9,N,0
38.38736,30.76192,302.41,0.42,0.45,2024-10-22,17,N,VIIRS,n,2,273.31,1.92,N,0
38.4249,27.21711,299.67,0.44,0.39,2024-10-22,17,N,VIIRS,n,2,284.28,0.69,N,2
38.42836,27.21833,299.44,0.44,0.39,2024-10-22,17,N,VIIRS,n,2,285.2,0.58,N,2
38.65823,30.61667,299.15,0.41,0.45,2024-10-22,17,N,VIIRS,n,2,275.86,1.81,N,2
38.73099,26.93241,296.23,0.43,0.38,2024-10-22,17,N,VIIRS,n,2,281.86,0.54,N,2
38.73515,26.94923,301.17,0.43,0.38,2024-10-22,17,N,VIIRS,n,2,284.41,0.87,N,2
38.73879,26.92965,311.48,0.43,0.38,2024-10-22,17,N,VIIRS,n,2,287.23,1.72,N,2
38.73951,26.94539,301.58,0.43,0.38,2024-10-22,17,N,VIIRS,n,2,285.53,1.75,N,2
38.74204,26.95138,309.32,0.43,0.38,2024-10-22,17,N,VIIRS,n,2,285.12,1.45,N,2
38.74296,26.94644,308.12,0.43,0.38,2024-10-22,17,N,VIIRS,n,2,284.67,0.91,N,2
38.75168,26.9387,306.27,0.43,0.38,2024-10-22,17,N,VIIRS,n,2,282.03,1.17,N,0
39.11056,27.59579,301.61,0.45,0.39,2024-10-22,17,N,VIIRS,n,2,283.05,0.63,N,0
39.11211,27.59463,299.33,0.45,0.39,2024-10-22,17,N,VIIRS,n,2,283.54,0.82,N,0
39.11583,27.51585,296.94,0.45,0.39,2024-10-22,17,N,VIIRS,n,2,283.11,1.17,N,0
39.16703,27.63078,313.48,0.45,0.39,2024-10-22,17,N,VIIRS,n,2,283.88,1.57,N,2
39.36872,27.2973,310.82,0.44,0.38,2024-10-22,17,N,VIIRS,n,2,280.45,2.08,N,0
39.48316,30.04056,295.76,0.55,0.43,2024-10-22,17,N,VIIRS,n,2,273.95,1.51,N,2
39.61312,28.01294,295.4,0.46,0.39,2024-10-22,17,N,VIIRS,n,2,277.54,0.6,N,0
39.68411,26.63328,301.12,0.41,0.37,2024-10-22,17,N,VIIRS,n,2,279.17,0.87,N,0
39.8664,26.24523,322.54,0.4,0.37,2024-10-22,17,N,VIIRS,n,2,285.98,2.57,N,2
40.06116,32.77002,295.6,0.48,0.48,2024-10-22,17,N,VIIRS,n,2,275.23,0.75,N,0
40.44505,27.13482,311.04,0.42,0.38,2024-10-22,17,N,VIIRS,n,2,284.39,0.68,N,2
40.74709,29.76774,296.9,0.51,0.41,2024-10-22,17,N,VIIRS,n,2,286.47,1.2,N,0
40.7483,29.76181,300.77,0.51,0.41,2024-10-22,17,N,VIIRS,n,2,286.35,1.2,N,0
40.78072,29.60259,300.5,0.5,0.41,2024-10-22,17,N,VIIRS,n,2,284.94,1.4,N,2
41.01599,27.96368,307.42,0.44,0.38,2024-10-22,17,N,VIIRS,n,2,282.1,1.07,N,2
41.01899,28.55535,304.36,0.46,0.39,2024-10-22,17,N,VIIRS,n,2,281.96,1.1,N,2
41.02177,28.55515,309.23,0.46,0.39,2024-10-22,17,N,VIIRS,n,2,283.48,1.47,N,2
41.0225,28.55656,300.1,0.46,0.39,2024-10-22,17,N,VIIRS,n,2,282.65,0.87,N,2
36.26323,33.73137,297.88,0.33,0.56,2024-10-22,18,N,VIIRS,n,2,286.41,0.48,N,2
35.53098,44.34016,346.26,0.39,0.36,2024-10-22,957,N,VIIRS,n,2,307.63,6.85,D,2
35.53121,35.97818,338.03,0.59,0.53,2024-10-22,957,N,VIIRS,n,2,299.03,19.86,D,0
35.53266,43.1786,339.38,0.41,0.37,2024-10-22,957,N,VIIRS,n,2,302.99,3.83,D,0
35.5329,35.97926,342.42,0.59,0.53,2024-10-22,957,N,VIIRS,n,2,300.67,12.06,D,0
35.62187,43.49284,333.88,0.41,0.37,2024-10-22,957,N,VIIRS,n,2,302.42,2.81,D,0
35.64311,43.72268,348.78,0.4,0.37,2024-10-22,957,N,VIIRS,n,2,307.67,6.68,D,0
35.66251,43.96397,342.33,0.4,0.37,2024-10-22,957,N,VIIRS,n,2,311.18,9.71,D,2
35.68288,43.87712,345.4,0.4,0.37,2024-10-22,957,N,VIIRS,n,2,305.09,6.56,D,2
35.72956,44.03334,336.22,0.4,0.37,2024-10-22,957,N,VIIRS,n,2,307.67,2.83,D,2
35.73074,44.034,335.86,0.4,0.37,2024-10-22,957,N,VIIRS,n,2,306.07,2.75,D,2
35.77309,43.99641,337.98,0.4,0.37,2024-10-22,957,N,VIIRS,n,2,306.93,2.2,D,2
35.80837,44.31601,334.91,0.39,0.36,2024-10-22,957,N,VIIRS,n,2,306.88,2.5,D,0
35.95583,44.05694,336.01,0.39,0.36,2024-10-22,957,N,VIIRS,n,2,306.76,2.97,D,0
36.00952,44.45972,343.79,0.39,0.36,2024-10-22,957,N,VIIRS,n,2,311.47,6.65,D,0
36.01214,44.45463,347.69,0.39,0.36,2024-10-22,957,N,VIIRS,n,2,310.68,10.52,D,0
36.0729,41.759,332.03,0.45,0.39,2024-10-22,957,N,VIIRS,n,2,287.03,7.41,D,0
36.13134,38.63629,336.18,0.41,0.45,2024-10-22,957,N,VIIRS,n,2,299.41,3.48,D,0
36.13317,38.63426,339.82,0.41,0.45,2024-10-22,957,N,VIIRS,n,2,299.64,3.84,D,0
36.1347,37.82149,346.85,0.45,0.47,2024-10-22,957,N,VIIRS,n,2,297.85,5.43,D,0
36.15505,37.68568,339.05,0.46,0.47,2024-10-22,957,N,VIIRS,n,2,297.79,2.9,D,0
36.26651,39.23075,341.43,0.38,0.43,2024-10-22,957,N,VIIRS,n,2,299.88,3.41,D,0
36.69258,43.58818,328.06,0.4,0.37,2024-10-22,957,N,VIIRS,n,2,289.89,3.25,D,0
36.69615,43.19371,344.47,0.4,0.37,2024-10-22,957,N,VIIRS,n,2,293.81,5.65,D,0
36.81866,39.53237,339.41,0.55,0.42,2024-10-22,957,N,VIIRS,n,2,303.17,14.8,D,0
37.03425,40.46175,346.62,0.49,0.4,2024-10-22,957,N,VIIRS,n,2,289.79,9.71,D,0
37.24323,42.08472,329.43,0.43,0.38,2024-10-22,957,N,VIIRS,n,2,295.44,1.57,D,0
36.0805,32.88559,343.92,0.42,0.61,2024-10-22,958,N,VIIRS,n,2,298.93,6.64,D,0
36.0836,32.88299,350.78,0.41,0.61,2024-10-22,958,N,VIIRS,n,2,296.77,5.55,D,0
36.32743,33.94669,328.61,0.36,0.57,2024-10-22,958,N,VIIRS,n,2,296.92,1.44,D,0
36.60389,35.34987,336.54,0.6,0.53,2024-10-22,958,N,VIIRS,n,2,297.98,4.04,D,0
36.60708,35.35026,329.64,0.6,0.53,2024-10-22,958,N,VIIRS,n,2,297.77,4.22,D,0
36.71823,36.19902,331.16,0.54,0.5,2024-10-22,958,N,VIIRS,n,2,300.18,3.7,D,2
36.77242,35.04719,341.02,0.61,0.54,2024-10-22,958,N,VIIRS,n,2,300.76,13.41,D,0
36.89067,36.11491,330.36,0.54,0.51,2024-10-22,958,N,VIIRS,n,2,298.37,4.42,D,0
36.89885,35.35247,330.3,0.59,0.53,2024-10-22,958,N,VIIRS,n,2,298.06,3.37,D,0
36.92143,35.13587,337.36,0.6,0.53,2024-10-22,958,N,VIIRS,n,2,300.03,7.47,D,0
36.93644,30.64809,329.74,0.51,0.66,2024-10-22,958,N,VIIRS,n,2,297.55,2.1,D,2
37.05972,36.07105,333.0,0.53,0.5,2024-10-22,958,N,VIIRS,n,2,302.1,4.29,D,0
37.07226,38.27481,329.71,0.41,0.45,2024-10-22,958,N,VIIRS,n,2,299.69,2.08,D,0
37.08502,34.79105,325.45,0.62,0.54,2024-10-22,958,N,VIIRS,n,2,293.69,2.63,D,0
37.14531,36.98347,344.76,0.48,0.48,2024-10-22,958,N,VIIRS,n,2,298.13,5.82,D,0
37.14651,36.98878,328.56,0.48,0.48,2024-10-22,958,N,VIIRS,n,2,297.93,5.82,D,0
37.18957,36.13,351.11,0.53,0.5,2024-10-22,958,N,VIIRS,n,2,301.59,7.43,D,0
37.20317,35.98889,329.8,0.54,0.5,2024-10-22,958,N,VIIRS,n,2,299.1,3.2,D,0
37.20459,35.98415,332.02,0.54,0.51,2024-10-22,958,N,VIIRS,n,2,300.19,2.78,D,0
37.20704,36.07919,339.85,0.53,0.5,2024-10-22,958,N,VIIRS,n,2,300.5,4.68,D,0
37.2106,36.05239,337.71,0.53,0.5,2024-10-22,958,N,VIIRS,n,2,300.29,6.0,D,0
37.21268,36.04939,340.53,0.53,0.5,2024-10-22,958,N,VIIRS,n,2,300.56,3.66,D,0
37.24326,36.09573,328.5,0.53,0.5,2024-10-22,958,N,VIIRS,n,2,300.55,4.48,D,0
37.24467,36.10167,340.1,0.53,0.5,2024-10-22,958,N,VIIRS,n,2,301.57,4.48,D,0
37.24638,35.7323,326.12,0.55,0.51,2024-10-22,958,N,VIIRS,n,2,299.45,2.93,D,0
37.24787,35.7316,326.83,0.55,0.51,2024-10-22,958,N,VIIRS,n,2,299.13,1.79,D,0
37.33321,39.10159,339.68,0.56,0.43,2024-10-22,958,N,VIIRS,n,2,296.93,6.46,D,0
37.33443,39.10274,336.36,0.56,0.43,2024-10-22,958,N,VIIRS,n,2,295.53,5.91,D,0
37.33566,39.65574,331.48,0.53,0.42,2024-10-22,958,N,VIIRS,n,2,290.41,5.52,D,0
37.33661,39.65342,329.99,0.53,0.42,2024-10-22,958,N,VIIRS,n,2,285.95,4.17,D,0
37.39621,35.98202,345.12,0.53,0.5,2024-10-22,958,N,VIIRS,n,2,300.38,7.45,D,0
37.46515,37.90831,332.87,0.42,0.45,2024-10-22,958,N,VIIRS,n,2,295.6,3.12,D,0
37.49072,41.19837,325.94,0.45,0.39,2024-10-22,958,N,VIIRS,n,2,276.71,2.34,D,0
37.49166,41.20345,327.0,0.45,0.39,2024-10-22,958,N,VIIRS,n,2,281.12,2.34,D,0
37.49284,40.43567,326.02,0.49,0.4,2024-10-22,958,N,VIIRS,n,2,285.62,3.98,D,0
37.53557,37.92423,332.72,0.42,0.45,2024-10-22,958,N,VIIRS,n,2,297.63,3.16,D,0
37.53658,38.72089,344.47,0.38,0.44,2024-10-22,958,N,VIIRS,n,2,306.27,23.76,D,0
37.5445,33.52501,351.1,0.35,0.57,2024-10-22,958,N,VIIRS,n,2,289.04,10.08,D,0
37.54551,33.52892,367.0,0.35,0.57,2024-10-22,958,N,VIIRS,h,2,294.32,10.08,D,0
37.5512,37.37519,331.48,0.45,0.47,2024-10-22,958,N,VIIRS,n,2,297.87,3.84,D,0
37.55906,39.32709,335.56,0.54,0.42,2024-10-22,958,N,VIIRS,n,2,294.18,4.9,D,0
37.56637,28.89609,336.97,0.61,0.71,2024-10-22,958,N,VIIRS,n,2,296.74,4.99,D,0
37.58423,31.58449,342.71,0.44,0.63,2024-10-22,958,N,VIIRS,n,2,285.66,6.6,D,0
37.60845,39.14804,332.32,0.55,0.43,2024-10-22,958,N,VIIRS,n,2,290.42,5.34,D,0
37.65665,40.93311,342.9,0.46,0.39,2024-10-22,958,N,VIIRS,n,2,283.8,14.58,D,0
37.66633,40.9246,336.72,0.46,0.39,2024-10-22,958,N,VIIRS,n,2,279.21,6.77,D,0
37.66815,38.49841,338.99,0.39,0.44,2024-10-22,958,N,VIIRS,n,2,299.19,11.8,D,0
37.66829,40.55522,334.78,0.48,0.4,2024-10-22,958,N,VIIRS,n,2,298.72,5.24,D,0
37.67778,40.25824,339.85,0.49,0.4,2024-10-22,958,N,VIIRS,n,2,296.55,8.49,D,0
37.68076,40.25972,333.91,0.49,0.4,2024-10-22,958,N,VIIRS,n,2,299.59,11.09,D,0
37.68141,40.25705,338.62,0.49,0.4,2024-10-22,958,N,VIIRS,n,2,295.81,8.49,D,0
37.68973,40.6273,336.96,0.47,0.4,2024-10-22,958,N,VIIRS,n,2,296.03,5.93,D,0
37.69434,40.63147,326.33,0.47,0.4,2024-10-22,958,N,VIIRS,n,2,292.89,2.42,D,0
37.72388,40.66683,327.57,0.47,0.4,2024-10-22,958,N,VIIRS,n,2,291.64,2.84,D,0
37.72767,39.13383,354.67,0.55,0.42,2024-10-22,958,N,VIIRS,n,2,301.59,17.99,D,0
37.73151,39.13263,348.63,0.55,0.42,2024-10-22,958,N,VIIRS,n,2,295.32,17.99,D,0
37.74269,38.45041,338.83,0.39,0.44,2024-10-22,958,N,VIIRS,n,2,298.76,2.1,D,0
37.74665,38.44909,349.04,0.39,0.44,2024-10-22,958,N,VIIRS,n,2,297.29,4.07,D,0
37.74675,38.45004,353.62,0.39,0.44,2024-10-22,958,N,VIIRS,n,2,297.32,5.76,D,0
37.76155,39.24012,331.55,0.54,0.42,2024-10-22,958,N,VIIRS,n,2,295.36,8.8,D,0
37.81639,41.30129,325.94,0.45,0.39,2024-10-22,958,N,VIIRS,n,2,290.17,1.95,D,0
37.85048,40.91766,327.13,0.46,0.39,2024-10-22,958,N,VIIRS,n,2,291.56,2.91,D,0
37.93474,40.78162,335.22,0.46,0.39,2024-10-22,958,N,VIIRS,n,2,294.79,4.03,D,0
37.9724,40.90177,334.04,0.46,0.39,2024-10-22,958,N,VIIRS,n,2,294.02,3.56,D,0
37.97689,41.10512,340.91,0.45,0.39,2024-10-22,958,N,VIIRS,n,2,292.94,4.97,D,0
37.97787,40.49348,327.29,0.47,0.4,2024-10-22,958,N,VIIRS,n,2,289.73,2.33,D,0
37.99031,38.43763,338.17,0.39,0.44,2024-10-22,958,N,VIIRS,n,2,292.42,7.71,D,0
37.99132,38.44239,339.21,0.39,0.44,2024-10-22,958,N,VIIRS,n,2,292.47,7.71,D,0
37.99202,36.50299,327.23,0.48,0.48,2024-10-22,958,N,VIIRS,n,2,291.04,5.03,D,0
37.9959,29.47916,367.0,0.55,0.68,2024-10-22,958,N,VIIRS,h,2,297.22,10.7,D,0
38.01825,29.47316,326.29,0.55,0.68,2024-10-22,958,N,VIIRS,n,2,294.11,2.47,D,0
38.03419,41.65633,329.28,0.43,0.38,2024-10-22,958,N,VIIRS,n,2,289.77,7.24,D,0
38.04268,40.873,339.75,0.46,0.39,2024-10-22,958,N,VIIRS,n,2,294.43,39.47,D,0
38.04623,40.87196,349.89,0.46,0.39,2024-10-22,958,N,VIIRS,n,2,292.87,49.85,D,0
38.0472,40.87706,329.22,0.46,0.39,2024-10-22,958,N,VIIRS,n,2,287.8,6.51,D,0
38.08249,41.12453,351.64,0.45,0.39,2024-10-22,958,N,VIIRS,n,2,306.79,7.63,D,0
38.08342,41.12954,332.75,0.45,0.39,2024-10-22,958,N,VIIRS,n,2,299.1,7.63,D,0
38.09776,41.06709,327.9,0.45,0.39,2024-10-22,958,N,VIIRS,n,2,298.2,2.51,D,0
38.12562,40.02351,326.96,0.49,0.41,2024-10-22,958,N,VIIRS,n,2,280.94,3.99,D,0
38.13646,29.82137,328.27,0.53,0.67,2024-10-22,958,N,VIIRS,n,2,295.19,3.97,D,0
38.13805,29.82353,331.45,0.53,0.67,2024-10-22,958,N,VIIRS,n,2,295.27,5.0,D,0
38.14548,37.06304,338.19,0.45,0.47,2024-10-22,958,N,VIIRS,n,2,287.21,3.11,D,0
38.14983,37.0015,339.24,0.45,0.47,2024-10-22,958,N,VIIRS,n,2,290.2,10.83,D,0
38.15096,37.00656,367.0,0.45,0.47,2024-10-22,958,N,VIIRS,h,2,298.29,10.83,D,0
38.15597,36.98833,330.06,0.45,0.47,2024-10-22,958,N,VIIRS,n,2,289.78,4.39,D,0
38.16182,36.95345,339.95,0.46,0.47,2024-10-22,958,N,VIIRS,n,2,288.64,9.91,D,0
38.16294,36.9585,342.31,0.46,0.47,2024-10-22,958,N,VIIRS,n,2,295.43,9.91,D,0
38.17001,37.01062,333.8,0.45,0.47,2024-10-22,958,N,VIIRS,n,2,287.11,3.38,D,0
38.17727,36.92062,354.26,0.46,0.47,2024-10-22,958,N,VIIRS,n,2,294.38,7.85,D,0
38.22792,38.0186,326.02,0.4,0.44,2024-10-22,958,N,VIIRS,n,2,290.67,1.92,D,0
38.2384,37.21811,338.19,0.44,0.46,2024-10-22,958,N,VIIRS,n,2,293.18,4.7,D,0
38.24741,37.29996,325.94,0.44,0.46,2024-10-22,958,N,VIIRS,n,2,287.22,3.59,D,0
38.28403,37.14566,335.18,0.44,0.46,2024-10-22,958,N,VIIRS,n,2,289.8,6.58,D,0
38.30194,37.06424,348.03,0.45,0.47,2024-10-22,958,N,VIIRS,n,2,293.43,7.28,D,0
38.3482,39.53896,344.82,0.51,0.41,2024-10-22,958,N,VIIRS,n,2,296.65,8.14,D,0
38.40648,30.78683,328.25,0.46,0.64,2024-10-22,958,N,VIIRS,n,2,293.31,17.83,D,0
38.40796,30.79194,352.09,0.46,0.64,2024-10-22,958,N,VIIRS,n,2,295.02,17.83,D,0
38.40846,30.78918,367.0,0.46,0.64,2024-10-22,958,N,VIIRS,h,2,295.41,19.4,D,0
38.40943,30.79707,367.0,0.46,0.64,2024-10-22,958,N,VIIRS,h,2,301.54,51.54,D,0
38.40991,30.79433,345.82,0.46,0.64,2024-10-22,958,N,VIIRS,n,2,300.53,29.53,D,0
38.41136,30.79947,349.75,0.46,0.64,2024-10-22,958,N,VIIRS,n,2,291.5,29.53,D,0
38.61624,31.82222,334.17,0.41,0.6,2024-10-22,958,N,VIIRS,n,2,287.02,2.37,D,0
38.67533,38.95835,328.43,0.54,0.42,2024-10-22,958,N,VIIRS,n,2,297.05,3.09,D,0
38.84678,32.23285,337.01,0.38,0.59,2024-10-22,958,N,VIIRS,n,2,291.51,4.03,D,0
39.40668,41.77969,334.26,0.42,0.37,2024-10-22,958,N,VIIRS,n,2,284.42,10.04,D,0
39.69445,43.27354,340.09,0.39,0.36,2024-10-22,958,N,VIIRS,n,2,287.21,3.69,D,0
40.08987,42.18296,347.75,0.4,0.37,2024-10-22,958,N,VIIRS,n,2,290.11,4.88,D,0
39.02652,31.74534,328.6,0.4,0.6,2024-10-22,959,N,VIIRS,n,2,295.7,1.69,D,0
39.02718,31.74424,327.75,0.4,0.6,2024-10-22,959,N,VIIRS,n,2,294.37,3.56,D,0
39.75245,33.76223,330.98,0.6,0.53,2024-10-22,959,N,VIIRS,n,2,294.02,4.78,D,0
40.11697,28.08439,340.73,0.56,0.69,2024-10-22,959,N,VIIRS,n,2,290.07,7.4,D,0
40.11871,28.08131,331.02,0.56,0.69,2024-10-22,959,N,VIIRS,n,2,290.23,4.2,D,0
40.1207,28.08774,327.05,0.56,0.69,2024-10-22,959,N,VIIRS,n,2,291.15,6.5,D,0
40.14664,28.12647,345.13,0.56,0.69,2024-10-22,959,N,VIIRS,n,2,291.57,4.78,D,0
40.20056,27.66413,325.59,0.58,0.7,2024-10-22,959,N,VIIRS,n,2,290.07,3.92,D,0
40.2008,27.66212,332.07,0.58,0.7,2024-10-22,959,N,VIIRS,n,2,289.55,3.74,D,0
40.21493,28.21332,333.7,0.55,0.68,2024-10-22,959,N,VIIRS,n,2,290.47,3.43,D,0
40.28725,27.84726,327.2,0.57,0.69,2024-10-22,959,N,VIIRS,n,2,290.47,2.7,D,0
40.66667,26.84131,328.04,0.62,0.71,2024-10-22,959,N,VIIRS,n,2,293.72,5.02,D,0
40.67759,26.85262,326.03,0.62,0.71,2024-10-22,959,N,VIIRS,n,2,292.7,4.09,D,0
40.92769,26.34902,325.4,0.64,0.72,2024-10-22,1000,N,VIIRS,n,2,289.81,2.71,D,0
40.97951,26.37168,334.79,0.63,0.72,2024-10-22,1000,N,VIIRS,n,2,291.2,7.28,D,0
41.04272,26.36187,327.87,0.63,0.72,2024-10-22,1000,N,VIIRS,n,2,290.05,3.83,D,0
41.0591,26.34411,336.1,0.63,0.72,2024-10-22,1000,N,VIIRS,n,2,290.42,5.21,D,0
41.29684,26.47199,328.15,0.61,0.71,2024-10-22,1000,N,VIIRS,n,2,290.77,2.78,D,0
41.29967,26.47254,327.25,0.61,0.71,2024-10-22,1000,N,VIIRS,n,2,289.73,3.47,D,0
41.6349,27.11864,325.38,0.56,0.69,2024-10-22,1000,N,VIIRS,n,2,292.85,1.59,D,0
41.82016,26.5587,326.49,0.59,0.7,2024-10-22,1000,N,VIIRS,n,2,292.62,3.6,D,0
41.83059,26.56883,325.91,0.59,0.7,2024-10-22,1000,N,VIIRS,n,2,292.64,1.58,D,0
35.81156,36.10367,338.99,0.68,0.74,2024-10-22,1138,N,VIIRS,n,2,294.98,11.2,D,0
35.813,36.09639,331.29,0.68,0.74,2024-10-22,1138,N,VIIRS,n,2,292.05,5.84,D,0
35.81325,36.10598,337.19,0.68,0.74,2024-10-22,1138,N,VIIRS,n,2,293.9,5.84,D,0
36.72004,35.48424,326.0,0.64,0.72,2024-10-22,1138,N,VIIRS,n,2,296.65,1.85,D,0
36.87729,36.13514,331.07,0.69,0.74,2024-10-22,1138,N,VIIRS,n,2,296.74,4.87,D,0
36.96247,30.91794,367.0,0.36,0.57,2024-10-22,1138,N,VIIRS,h,2,303.89,10.32,D,0
37.80813,28.06106,340.84,0.51,0.49,2024-10-22,1139,N,VIIRS,n,2,301.71,4.63,D,0
37.90539,28.45696,337.18,0.54,0.51,2024-10-22,1139,N,VIIRS,n,2,297.5,3.29,D,0
37.90642,28.45457,336.32,0.54,0.51,2024-10-22,1139,N,VIIRS,n,2,298.1,2.46,D,0
38.02338,29.48863,336.25,0.61,0.54,2024-10-22,1139,N,VIIRS,n,2,295.95,4.65,D,0
38.13541,29.82024,356.79,0.32,0.55,2024-10-22,1139,N,VIIRS,n,2,300.82,5.82,D,0
38.15769,37.02906,342.09,0.79,0.78,2024-10-22,1139,N,VIIRS,n,2,289.37,13.67,D,0
38.18383,30.01578,367.0,0.33,0.55,2024-10-22,1139,N,VIIRS,h,2,300.21,5.97,D,0
38.18897,30.01529,367.0,0.33,0.55,2024-10-22,1139,N,VIIRS,h,2,294.71,5.97,D,0
38.33287,36.9611,350.08,0.78,0.78,2024-10-22,1139,N,VIIRS,n,2,289.54,10.45,D,0
38.33318,36.96235,349.95,0.78,0.78,2024-10-22,1139,N,VIIRS,n,2,289.38,9.83,D,0
38.38784,30.76739,356.05,0.36,0.58,2024-10-22,1139,N,VIIRS,n,2,293.17,11.71,D,0
38.39041,30.76561,337.15,0.36,0.58,2024-10-22,1139,N,VIIRS,n,2,296.45,6.44,D,0
38.39064,30.76985,355.49,0.36,0.58,2024-10-22,1139,N,VIIRS,n,2,295.22,9.13,D,0
38.40791,30.78978,354.57,0.36,0.58,2024-10-22,1139,N,VIIRS,n,2,299.15,6.45,D,0
38.40815,30.79404,342.83,0.36,0.58,2024-10-22,1139,N,VIIRS,n,2,297.28,5.94,D,0
38.40838,30.79831,343.6,0.36,0.58,2024-10-22,1139,N,VIIRS,n,2,292.22,5.94,D,0
38.60035,26.96396,338.79,0.45,0.47,2024-10-22,1139,N,VIIRS,n,2,302.33,3.46,D,0
38.62117,26.95028,335.37,0.45,0.47,2024-10-22,1139,N,VIIRS,n,2,299.85,2.45,D,0
39.00346,32.86443,336.68,0.48,0.64,2024-10-22,1139,N,VIIRS,n,2,292.8,4.44,D,0
39.85086,32.09952,343.77,0.44,0.62,2024-10-22,1139,N,VIIRS,n,2,294.8,9.15,D,0
39.8567,32.09946,367.0,0.44,0.62,2024-10-22,1139,N,VIIRS,h,2,299.48,9.15,D,0
40.02243,27.84672,335.78,0.52,0.5,2024-10-22,1139,N,VIIRS,n,2,292.27,3.97,D,0
40.05744,27.58126,326.55,0.51,0.49,2024-10-22,1139,N,VIIRS,n,2,290.05,1.53,D,0
40.07272,28.07745,329.66,0.54,0.51,2024-10-22,1139,N,VIIRS,n,2,293.53,2.82,D,0
40.10494,27.97682,346.94,0.53,0.5,2024-10-22,1139,N,VIIRS,n,2,293.06,6.5,D,0
40.1077,27.97647,336.62,0.53,0.5,2024-10-22,1139,N,VIIRS,n,2,292.46,7.38,D,0
40.11753,28.02042,339.11,0.54,0.51,2024-10-22,1139,N,VIIRS,n,2,292.8,10.83,D,0
40.1321,28.02515,329.0,0.54,0.51,2024-10-22,1139,N,VIIRS,n,2,292.71,2.72,D,0
40.14945,28.06808,331.38,0.54,0.51,2024-10-22,1139,N,VIIRS,n,2,293.29,4.95,D,0
40.21255,28.2121,329.42,0.55,0.51,2024-10-22,1139,N,VIIRS,n,2,291.21,2.82,D,0
40.2128,28.21676,350.58,0.55,0.51,2024-10-22,1139,N,VIIRS,n,2,293.93,10.79,D,0
40.21304,28.21867,355.87,0.55,0.51,2024-10-22,1139,N,VIIRS,n,2,293.73,12.34,D,0
40.21515,27.65809,340.53,0.51,0.5,2024-10-22,1139,N,VIIRS,n,2,292.41,5.82,D,0
40.21561,27.66424,328.09,0.51,0.5,2024-10-22,1139,N,VIIRS,n,2,291.82,5.82,D,0
40.21756,28.21619,344.85,0.55,0.51,2024-10-22,1139,N,VIIRS,n,2,292.38,5.51,D,0
40.2178,28.21812,341.65,0.55,0.51,2024-10-22,1139,N,VIIRS,n,2,292.37,5.31,D,0
40.23295,28.09429,325.38,0.54,0.51,2024-10-22,1139,N,VIIRS,n,2,294.73,1.96,D,0
40.3079,27.79482,326.75,0.52,0.5,2024-10-22,1139,N,VIIRS,n,2,294.54,4.31,D,0
40.30855,27.61394,330.62,0.51,0.5,2024-10-22,1139,N,VIIRS,n,2,293.53,4.65,D,0
40.45755,26.7025,349.44,0.46,0.47,2024-10-22,1139,N,VIIRS,n,2,297.29,6.59,D,0
40.6633,26.8445,343.5,0.47,0.48,2024-10-22,1140,N,VIIRS,n,2,302.3,15.57,D,0
40.76118,26.52936,338.22,0.46,0.47,2024-10-22,1140,N,VIIRS,n,2,295.35,4.32,D,0
40.78643,26.51466,335.05,0.46,0.47,2024-10-22,1140,N,VIIRS,n,2,295.63,6.07,D,0
40.80454,26.24759,339.67,0.44,0.46,2024-10-22,1140,N,VIIRS,n,2,294.79,3.95,D,0
40.89038,26.33258,330.6,0.45,0.47,2024-10-22,1140,N,VIIRS,n,2,292.82,2.53,D,0
40.89084,26.33797,349.56,0.45,0.47,2024-10-22,1140,N,VIIRS,n,2,294.83,9.96,D,0
40.90231,26.36902,328.28,0.45,0.47,2024-10-22,1140,N,VIIRS,n,2,293.72,1.69,D,0
40.92689,26.34915,342.01,0.45,0.47,2024-10-22,1140,N,VIIRS,n,2,294.88,3.66,D,0
40.94451,26.39439,331.38,0.45,0.47,2024-10-22,1140,N,VIIRS,n,2,295.22,3.44,D,0
40.94496,26.39983,345.55,0.45,0.47,2024-10-22,1140,N,VIIRS,n,2,297.19,7.84,D,0
40.98655,26.37181,327.82,0.45,0.47,2024-10-22,1140,N,VIIRS,n,2,293.03,2.61,D,0
41.03533,26.74038,338.93,0.47,0.48,2024-10-22,1140,N,VIIRS,n,2,300.04,4.07,D,0
41.03976,26.73971,344.78,0.47,0.48,2024-10-22,1140,N,VIIRS,n,2,299.78,4.07,D,0
41.0464,26.394,329.23,0.45,0.47,2024-10-22,1140,N,VIIRS,n,2,293.72,1.87,D,0
41.05148,26.34915,367.0,0.45,0.47,2024-10-22,1140,N,VIIRS,h,2,296.2,11.75,D,0
41.05536,26.34308,326.21,0.45,0.47,2024-10-22,1140,N,VIIRS,n,2,292.37,3.07,D,0
41.05582,26.34852,329.03,0.45,0.47,2024-10-22,1140,N,VIIRS,n,2,293.89,3.07,D,0
41.0597,26.34245,327.75,0.45,0.47,2024-10-22,1140,N,VIIRS,n,2,292.77,3.07,D,0
41.06015,26.34788,344.84,0.45,0.47,2024-10-22,1140,N,VIIRS,n,2,294.78,3.07,D,0
41.06575,27.28841,336.71,0.5,0.49,2024-10-22,1140,N,VIIRS,n,2,298.78,3.39,D,0
41.06746,26.33033,327.05,0.45,0.47,2024-10-22,1140,N,VIIRS,n,2,294.89,3.05,D,0
41.0791,26.52298,326.85,0.46,0.47,2024-10-22,1140,N,VIIRS,n,2,294.87,2.1,D,0
41.10398,26.50267,327.04,0.46,0.47,2024-10-22,1140,N,VIIRS,n,2,293.97,4.08,D,0
41.10786,26.34098,327.06,0.45,0.47,2024-10-22,1140,N,VIIRS,n,2,294.45,1.08,D,0
41.13071,26.50451,332.48,0.46,0.47,2024-10-22,1140,N,VIIRS,n,2,294.77,1.13,D,0
41.13628,26.36444,342.73,0.45,0.47,2024-10-22,1140,N,VIIRS,n,2,296.95,4.5,D,0
41.13684,26.36701,335.75,0.45,0.47,2024-10-22,1140,N,VIIRS,n,2,294.88,2.32,D,0
41.16454,26.32992,345.16,0.45,0.47,2024-10-22,1140,N,VIIRS,n,2,297.95,6.44,D,0
41.33326,26.82166,327.28,0.48,0.48,2024-10-22,1140,N,VIIRS,n,2,296.59,2.57,D,0
41.3503,26.97928,342.24,0.49,0.48,2024-10-22,1140,N,VIIRS,n,2,295.42,4.78,D,0
41.46195,27.55202,336.57,0.52,0.5,2024-10-22,1140,N,VIIRS,n,2,299.37,3.39,D,0
41.46988,27.53179,329.14,0.52,0.5,2024-10-22,1140,N,VIIRS,n,2,299.44,2.91,D,0
41.47548,26.60891,329.08,0.47,0.48,2024-10-22,1140,N,VIIRS,n,2,294.69,3.61,D,0
41.57073,26.60234,339.18,0.47,0.48,2024-10-22,1140,N,VIIRS,n,2,294.41,4.24,D,0
41.57249,26.60473,340.07,0.47,0.48,2024-10-22,1140,N,VIIRS,n,2,294.51,3.68,D,0
41.58622,26.62887,343.16,0.47,0.48,2024-10-22,1140,N,VIIRS,n,2,293.87,4.19,D,0
37.90135,40.99756,298.78,0.42,0.61,2024-10-22,2217,N,VIIRS,n,2,280.08,0.63,N,0
37.90375,40.94543,334.23,0.43,0.62,2024-10-22,2217,N,VIIRS,n,2,280.55,2.37,N,0
37.92402,41.00589,307.09,0.42,0.61,2024-10-22,2217,N,VIIRS,n,2,280.55,0.75,N,0
37.96869,41.65112,300.01,0.39,0.59,2024-10-22,2217,N,VIIRS,n,2,279.58,0.48,N,0
37.96951,41.65194,297.87,0.39,0.59,2024-10-22,2217,N,VIIRS,n,2,279.36,0.39,N,0
37.98462,41.089,298.61,0.42,0.61,2024-10-22,2217,N,VIIRS,n,2,280.45,0.49,N,0
37.98963,41.56945,301.38,0.4,0.6,2024-10-22,2217,N,VIIRS,n,2,279.83,2.71,N,0
37.98988,41.56472,350.19,0.4,0.6,2024-10-22,2217,N,VIIRS,n,2,282.98,4.16,N,0
37.99546,41.56488,308.19,0.4,0.6,2024-10-22,2217,N,VIIRS,n,2,280.03,4.16,N,0
38.02128,40.55389,306.28,0.45,0.63,2024-10-22,2217,N,VIIRS,n,2,278.24,0.82,N,0
38.02559,40.55235,296.97,0.45,0.63,2024-10-22,2217,N,VIIRS,n,2,278.14,0.71,N,0
38.04084,40.12567,303.81,0.47,0.64,2024-10-22,2217,N,VIIRS,n,2,275.26,0.83,N,0
38.06886,40.89176,301.73,0.43,0.62,2024-10-22,2217,N,VIIRS,n,2,278.86,0.94,N,0
38.16485,40.68967,296.05,0.44,0.63,2024-10-22,2217,N,VIIRS,n,2,279.46,0.89,N,0
38.17068,40.6903,295.33,0.44,0.63,2024-10-22,2217,N,VIIRS,n,2,279.29,0.48,N,0
38.23947,40.70496,298.67,0.44,0.63,2024-10-22,2217,N,VIIRS,n,2,279.55,0.94,N,0
35.52306,44.34287,299.64,0.52,0.5,2024-10-22,2218,N,VIIRS,n,2,279.7,5.04,N,2
35.5277,44.34354,351.94,0.52,0.5,2024-10-22,2218,N,VIIRS,n,2,283.07,5.04,N,2
35.52822,44.33758,337.51,0.53,0.5,2024-10-22,2218,N,VIIRS,n,2,280.84,7.11,N,2
35.53285,44.33828,356.12,0.53,0.5,2024-10-22,2218,N,VIIRS,n,2,284.82,10.63,N,2
35.56326,44.28225,307.91,0.53,0.5,2024-10-22,2218,N,VIIRS,n,2,279.86,1.37,N,2
35.56591,44.28279,312.99,0.53,0.5,2024-10-22,2218,N,VIIRS,n,2,280.54,1.5,N,2
35.62818,44.00835,355.57,0.55,0.51,2024-10-22,2218,N,VIIRS,n,2,288.11,15.56,N,2
35.66068,43.96278,331.09,0.55,0.51,2024-10-22,2218,N,VIIRS,n,2,281.2,2.7,N,2
35.66543,43.96346,307.57,0.55,0.51,2024-10-22,2218,N,VIIRS,n,2,281.13,2.7,N,2
35.68217,43.87715,334.59,0.56,0.51,2024-10-22,2218,N,VIIRS,n,2,278.53,3.85,N,2
35.68695,43.8778,339.04,0.56,0.51,2024-10-22,2218,N,VIIRS,n,2,290.15,14.55,N,2
35.68746,43.87157,296.39,0.56,0.51,2024-10-22,2218,N,VIIRS,n,2,278.92,9.09,N,2
35.72211,44.04035,316.98,0.55,0.51,2024-10-22,2218,N,VIIRS,n,2,281.6,3.49,N,2
35.72684,44.04111,338.57,0.55,0.51,2024-10-22,2218,N,VIIRS,n,2,283.67,3.49,N,2
35.72734,44.03491,301.51,0.55,0.51,2024-10-22,2218,N,VIIRS,n,2,281.56,2.51,N,2
35.72784,44.02865,295.54,0.55,0.51,2024-10-22,2218,N,VIIRS,n,2,281.1,2.51,N,2
35.76542,44.42639,318.26,0.52,0.5,2024-10-22,2218,N,VIIRS,n,2,281.08,1.29,N,0
35.76595,44.42038,295.43,0.52,0.5,2024-10-22,2218,N,VIIRS,n,2,280.91,1.65,N,0
35.76804,44.42707,315.82,0.52,0.5,2024-10-22,2218,N,VIIRS,n,2,281.78,2.59,N,0
35.77003,44.42716,295.89,0.52,0.5,2024-10-22,2218,N,VIIRS,n,2,281.08,1.29,N,0
35.77353,43.99773,312.48,0.55,0.51,2024-10-22,2218,N,VIIRS,n,2,282.07,1.23,N,2
35.9243,43.78878,309.95,0.57,0.52,2024-10-22,2218,N,VIIRS,n,2,281.05,1.77,N,2
35.92548,43.78726,318.73,0.57,0.52,2024-10-22,2218,N,VIIRS,n,2,281.54,1.76,N,2
35.95338,43.72686,297.24,0.57,0.52,2024-10-22,2218,N,VIIRS,n,2,281.96,1.11,N,2
35.96485,43.76788,307.68,0.57,0.52,2024-10-22,2218,N,VIIRS,n,2,282.45,2.06,N,2
35.9697,43.76826,309.19,0.57,0.52,2024-10-22,2218,N,VIIRS,n,2,283.45,2.06,N,2
35.97019,43.76198,320.1,0.57,0.52,2024-10-22,2218,N,VIIRS,n,2,284.43,7.31,N,2
35.97404,43.775,297.51,0.57,0.52,2024-10-22,2218,N,VIIRS,n,2,281.85,1.43,N,2
35.97937,43.7691,300.18,0.57,0.52,2024-10-22,2218,N,VIIRS,n,2,282.65,1.43,N,2
35.99973,43.75831,312.58,0.57,0.52,2024-10-22,2218,N,VIIRS,n,2,281.84,2.25,N,2
36.02048,43.68198,301.43,0.58,0.52,2024-10-22,2218,N,VIIRS,n,2,282.31,0.96,N,2
36.04006,43.86049,300.77,0.57,0.52,2024-10-22,2218,N,VIIRS,n,2,278.23,1.44,N,0
36.0849,43.64211,299.41,0.58,0.52,2024-10-22,2218,N,VIIRS,n,2,281.89,0.43,N,0
36.10052,43.6307,295.67,0.58,0.52,2024-10-22,2218,N,VIIRS,n,2,282.21,0.56,N,0
36.12657,43.77973,296.17,0.57,0.52,2024-10-22,2218,N,VIIRS,n,2,282.3,0.93,N,2
36.12791,43.7799,295.09,0.57,0.52,2024-10-22,2218,N,VIIRS,n,2,282.36,1.33,N,2
36.1327,40.81014,296.24,0.42,0.61,2024-10-22,2218,N,VIIRS,n,2,278.27,0.47,N,2
36.13974,40.81458,297.55,0.42,0.61,2024-10-22,2218,N,VIIRS,n,2,277.13,0.92,N,2
36.14546,40.81494,313.35,0.42,0.61,2024-10-22,2218,N,VIIRS,n,2,277.26,1.09,N,2
36.16729,41.04609,297.65,0.41,0.6,2024-10-22,2218,N,VIIRS,n,2,278.29,0.51,N,0
36.19343,43.26611,295.4,0.61,0.54,2024-10-22,2218,N,VIIRS,n,2,282.23,1.04,N,0
36.19376,43.26578,295.33,0.61,0.54,2024-10-22,2218,N,VIIRS,n,2,282.02,0.5,N,0
36.45685,41.28145,297.94,0.4,0.6,2024-10-22,2218,N,VIIRS,n,2,276.2,0.52,N,2
36.77707,43.32515,306.39,0.62,0.54,2024-10-22,2218,N,VIIRS,n,2,270.66,2.29,N,2
36.93716,42.13252,303.31,0.36,0.57,2024-10-22,2218,N,VIIRS,n,2,276.98,1.41,N,2
36.94812,42.12952,338.75,0.36,0.57,2024-10-22,2218,N,VIIRS,n,2,279.44,3.44,N,2
36.99864,41.56189,307.28,0.39,0.59,2024-10-22,2218,N,VIIRS,n,2,278.7,0.59,N,2
37.01287,36.10624,296.94,0.77,0.77,2024-10-22,2218,N,VIIRS,n,2,281.98,1.49,N,2
37.01314,36.10128,307.09,0.77,0.77,2024-10-22,2218,N,VIIRS,n,2,282.38,2.09,N,2
37.17771,42.47438,321.1,0.35,0.56,2024-10-22,2218,N,VIIRS,n,2,268.64,1.03,N,0
37.17889,42.4729,320.53,0.35,0.56,2024-10-22,2218,N,VIIRS,n,2,269.01,1.77,N,0
37.20844,39.83431,297.94,0.48,0.65,2024-10-22,2218,N,VIIRS,n,2,281.07,0.64,N,0
37.20924,39.83494,297.1,0.49,0.65,2024-10-22,2218,N,VIIRS,n,2,281.12,0.41,N,0
37.67772,40.93576,301.76,0.43,0.62,2024-10-22,2218,N,VIIRS,n,2,273.64,1.07,N,0
37.67801,40.9358,300.59,0.43,0.62,2024-10-22,2218,N,VIIRS,n,2,273.69,0.64,N,0
37.72337,40.95274,295.25,0.42,0.61,2024-10-22,2218,N,VIIRS,n,2,274.16,0.83,N,0
37.81856,41.03152,297.16,0.42,0.61,2024-10-22,2218,N,VIIRS,n,2,276.09,0.72,N,0
37.90086,40.99714,298.24,0.42,0.61,2024-10-22,2218,N,VIIRS,n,2,279.89,0.75,N,0
37.90355,40.94507,335.96,0.43,0.62,2024-10-22,2218,N,VIIRS,n,2,280.68,3.25,N,0
35.52613,44.34362,348.23,0.7,0.75,2024-10-22,2358,N,VIIRS,n,2,280.49,8.86,N,2
35.52644,44.34636,341.89,0.7,0.75,2024-10-22,2358,N,VIIRS,n,2,280.45,4.72,N,2
35.52847,44.33626,313.87,0.7,0.75,2024-10-22,2358,N,VIIRS,n,2,280.0,6.85,N,2
35.52873,44.339,340.08,0.7,0.75,2024-10-22,2358,N,VIIRS,n,2,280.7,4.72,N,2
35.53278,44.3465,297.02,0.7,0.75,2024-10-22,2358,N,VIIRS,n,2,277.23,1.88,N,2
35.53513,44.33904,328.26,0.7,0.75,2024-10-22,2358,N,VIIRS,n,2,279.73,4.6,N,2
35.53537,44.34185,311.02,0.7,0.75,2024-10-22,2358,N,VIIRS,n,2,278.57,4.72,N,2
35.5671,44.28535,296.96,0.7,0.75,2024-10-22,2358,N,VIIRS,n,2,278.62,0.73,N,2
35.62326,44.01125,296.7,0.67,0.74,2024-10-22,2358,N,VIIRS,n,2,277.6,5.86,N,2
35.62833,44.016,302.24,0.67,0.74,2024-10-22,2358,N,VIIRS,n,2,278.58,7.14,N,2
35.62968,44.01444,333.94,0.67,0.74,2024-10-22,2358,N,VIIRS,n,2,279.57,5.86,N,0
35.63048,44.00898,367.0,0.67,0.74,2024-10-22,2358,N,VIIRS,h,2,284.02,16.26,N,2
35.63186,44.00745,349.06,0.67,0.74,2024-10-22,2358,N,VIIRS,n,2,281.66,5.86,N,2
35.65845,43.96963,300.22,0.67,0.73,2024-10-22,2358,N,VIIRS,n,2,277.33,2.06,N,2
35.65902,43.96392,308.9,0.67,0.73,2024-10-22,2358,N,VIIRS,n,2,277.51,2.07,N,2
35.6607,43.96241,317.25,0.67,0.73,2024-10-22,2358,N,VIIRS,n,2,278.35,3.37,N,2
35.66552,43.96677,322.3,0.67,0.73,2024-10-22,2358,N,VIIRS,n,2,279.47,2.07,N,2
35.68081,43.87411,299.47,0.66,0.73,2024-10-22,2358,N,VIIRS,n,2,277.02,10.52,N,2
35.68506,43.88408,303.69,0.66,0.73,2024-10-22,2358,N,VIIRS,n,2,276.99,8.96,N,2
35.68515,43.87821,367.0,0.66,0.73,2024-10-22,2358,N,VIIRS,h,2,285.14,21.24,N,2
35.68727,43.87695,367.0,0.66,0.73,2024-10-22,2358,N,VIIRS,h,2,284.63,10.52,N,2
35.72295,44.04771,295.38,0.67,0.74,2024-10-22,2358,N,VIIRS,n,2,280.68,3.06,N,0
35.72517,44.04047,336.31,0.67,0.74,2024-10-22,2358,N,VIIRS,n,2,282.83,4.11,N,2
35.7252,44.04713,305.6,0.67,0.74,2024-10-22,2358,N,VIIRS,n,2,280.16,2.78,N,2
35.72738,44.03327,311.59,0.67,0.74,2024-10-22,2358,N,VIIRS,n,2,280.8,4.11,N,2
35.72748,44.03983,321.74,0.67,0.74,2024-10-22,2358,N,VIIRS,n,2,281.58,2.78,N,2
35.72972,44.03268,308.5,0.67,0.74,2024-10-22,2358,N,VIIRS,n,2,280.52,2.55,N,2
35.77147,43.9936,301.85,0.66,0.73,2024-10-22,2358,N,VIIRS,n,2,280.49,1.51,N,2
35.77542,43.9967,305.84,0.67,0.73,2024-10-22,2358,N,VIIRS,n,2,280.88,1.17,N,2
35.92199,43.78966,304.51,0.64,0.72,2024-10-22,2358,N,VIIRS,n,2,279.13,1.05,N,2
35.92395,43.79273,298.52,0.64,0.72,2024-10-22,2358,N,VIIRS,n,2,278.5,1.27,N,2
35.95132,43.72776,299.75,0.64,0.72,2024-10-22,2358,N,VIIRS,n,2,279.47,1.31,N,2
35.96421,43.76997,349.61,0.64,0.72,2024-10-22,2358,N,VIIRS,n,2,281.0,5.0,N,2
35.96624,43.77348,324.01,0.64,0.72,2024-10-22,2358,N,VIIRS,n,2,279.81,7.1,N,0
35.96636,43.76284,304.09,0.64,0.72,2024-10-22,2358,N,VIIRS,n,2,280.03,5.0,N,2
35.96843,43.76637,354.88,0.64,0.72,2024-10-22,2358,N,VIIRS,n,2,282.96,14.42,N,2
35.97036,43.77361,305.64,0.64,0.72,2024-10-22,2358,N,VIIRS,n,2,280.06,2.13,N,2
35.9725,43.76649,320.29,0.64,0.72,2024-10-22,2358,N,VIIRS,n,2,280.17,2.13,N,2
35.97868,43.77002,301.52,0.64,0.72,2024-10-22,2358,N,VIIRS,n,2,279.78,2.13,N,2
35.9808,43.77331,295.52,0.64,0.72,2024-10-22,2358,N,VIIRS,n,2,278.63,1.21,N,2
35.99759,43.76584,299.62,0.64,0.72,2024-10-22,2358,N,VIIRS,n,2,276.56,1.49,N,2
36.01626,43.68117,301.83,0.63,0.72,2024-10-22,2358,N,VIIRS,n,2,278.83,1.31,N,2
36.08322,43.64331,295.41,0.63,0.72,2024-10-22,2358,N,VIIRS,n,2,278.79,0.37,N,0
36.12605,43.78596,295.49,0.63,0.72,2024-10-22,2358,N,VIIRS,n,2,276.97,1.28,N,2
36.13945,40.81733,302.49,0.45,0.63,2024-10-22,2358,N,VIIRS,n,2,276.35,1.11,N,2
36.13998,40.81658,303.79,0.45,0.63,2024-10-22,2358,N,VIIRS,n,2,277.03,0.71,N,2
36.14497,40.81979,311.61,0.45,0.63,2024-10-22,2358,N,VIIRS,n,2,276.55,0.9,N,2
36.1455,40.81906,303.98,0.45,0.63,2024-10-22,2358,N,VIIRS,n,2,276.35,0.54,N,2
36.37156,43.81256,302.98,0.63,0.72,2024-10-22,2358,N,VIIRS,n,2,280.54,0.89,N,0
36.45703,41.28178,300.03,0.46,0.64,2024-10-22,2358,N,VIIRS,n,2,275.46,0.6,N,2
36.45905,41.28205,295.26,0.46,0.64,2024-10-22,2358,N,VIIRS,n,2,275.0,0.62,N,2
36.86884,43.49176,305.01,0.59,0.7,2024-10-22,2358,N,VIIRS,n,2,265.18,1.24,N,2
36.88664,38.68851,301.09,0.33,0.55,2024-10-22,2358,N,VIIRS,n,2,279.4,0.56,N,0
36.91816,36.38658,304.46,0.5,0.49,2024-10-22,2358,N,VIIRS,n,2,279.56,1.19,N,0
36.92,36.39097,306.45,0.5,0.49,2024-10-22,2358,N,VIIRS,n,2,280.6,1.39,N,0
36.93857,42.13297,298.91,0.5,0.66,2024-10-22,2358,N,VIIRS,n,2,278.4,1.61,N,2
36.94056,42.17145,309.63,0.5,0.66,2024-10-22,2358,N,VIIRS,n,2,276.1,1.3,N,2
36.94432,42.13563,297.5,0.5,0.66,2024-10-22,2358,N,VIIRS,n,2,276.54,1.88,N,2
36.94592,42.1301,325.44,0.5,0.66,2024-10-22,2358,N,VIIRS,n,2,279.29,1.88,N,2
36.96258,35.45118,297.06,0.45,0.47,2024-10-22,2358,N,VIIRS,n,2,286.84,0.53,N,2
37.29357,37.15884,298.79,0.54,0.51,2024-10-22,2358,N,VIIRS,n,2,280.79,1.85,N,2
37.2959,37.15936,296.48,0.54,0.51,2024-10-22,2358,N,VIIRS,n,2,279.71,0.57,N,2
37.3516,39.65155,305.29,0.36,0.57,2024-10-22,2358,N,VIIRS,n,2,280.47,0.53,N,0
37.35189,37.16191,298.49,0.54,0.51,2024-10-22,2358,N,VIIRS,n,2,281.09,1.37,N,2
37.42251,39.59641,302.04,0.36,0.57,2024-10-22,2358,N,VIIRS,n,2,279.11,0.63,N,0
37.43525,36.89209,306.02,0.52,0.5,2024-10-22,2358,N,VIIRS,n,2,281.43,1.36,N,0
37.43969,36.89378,295.31,0.52,0.5,2024-10-22,2358,N,VIIRS,n,2,280.62,0.41,N,0
37.67772,40.93703,325.88,0.41,0.61,2024-10-22,2358,N,VIIRS,n,2,274.28,2.97,N,0
37.68045,40.93962,327.74,0.41,0.61,2024-10-22,2358,N,VIIRS,n,2,275.62,1.78,N,0
37.71642,40.96192,322.4,0.41,0.61,2024-10-22,2358,N,VIIRS,n,2,275.9,2.85,N,0
37.72417,40.95558,308.62,0.41,0.61,2024-10-22,2358,N,VIIRS,n,2,273.71,1.35,N,0
37.82136,41.03335,298.2,0.41,0.61,2024-10-22,2358,N,VIIRS,n,2,277.16,0.73,N,0
37.8337,40.74917,312.66,0.4,0.6,2024-10-22,2358,N,VIIRS,n,2,275.11,1.22,N,0
37.83378,40.74965,316.52,0.4,0.6,2024-10-22,2358,N,VIIRS,n,2,275.56,1.79,N,0
37.83488,40.7449,304.08,0.4,0.6,2024-10-22,2358,N,VIIRS,n,2,274.86,1.55,N,0
37.83494,40.74535,307.98,0.4,0.6,2024-10-22,2358,N,VIIRS,n,2,274.53,2.35,N,0
37.83903,40.7514,297.01,0.4,0.6,2024-10-22,2358,N,VIIRS,n,2,274.93,1.22,N,0
37.8402,40.74714,295.75,0.4,0.6,2024-10-22,2358,N,VIIRS,n,2,275.22,1.55,N,0
37.84785,40.74086,296.49,0.4,0.6,2024-10-22,2358,N,VIIRS,n,2,275.39,1.01,N,0
37.84786,40.74133,296.5,0.4,0.6,2024-10-22,2358,N,VIIRS,n,2,275.92,0.6,N,0
37.84903,40.73697,295.12,0.4,0.6,2024-10-22,2358,N,VIIRS,n,2,275.17,0.6,N,0
37.8953,41.01764,295.36,0.41,0.61,2024-10-22,2358,N,VIIRS,n,2,277.83,0.58,N,0
37.90016,41.00005,296.32,0.41,0.61,2024-10-22,2358,N,VIIRS,n,2,278.64,0.96,N,0
37.90256,40.948,296.07,0.41,0.6,2024-10-22,2358,N,VIIRS,n,2,278.03,0.54,N,0
37.99151,41.56552,306.24,0.44,0.62,2024-10-22,2358,N,VIIRS,n,2,277.07,1.25,N,0
38.02138,40.55771,306.88,0.39,0.59,2024-10-22,2358,N,VIIRS,n,2,279.12,1.18,N,0
38.02254,40.55343,302.7,0.39,0.59,2024-10-22,2358,N,VIIRS,n,2,278.93,1.18,N,0
38.04267,40.12804,300.41,0.37,0.58,2024-10-22,2358,N,VIIRS,n,2,275.63,0.97,N,0
38.06327,40.28776,296.56,0.37,0.58,2024-10-22,2358,N,VIIRS,n,2,277.03,0.57,N,0
38.06482,40.29055,295.74,0.37,0.58,2024-10-22,2358,N,VIIRS,n,2,277.72,0.59,N,0
38.18803,30.01098,308.19,0.4,0.37,2024-10-22,2358,N,VIIRS,n,2,281.86,1.95,N,0
38.18982,30.02087,314.06,0.4,0.37,2024-10-22,2358,N,VIIRS,n,2,280.42,2.01,N,0
38.19059,30.01639,307.2,0.4,0.37,2024-10-22,2358,N,VIIRS,n,2,280.52,1.95,N,0
38.19736,40.66859,305.44,0.39,0.59,2024-10-22,2358,N,VIIRS,n,2,279.28,0.88,N,0
38.45538,27.26338,302.05,0.39,0.36,2024-10-22,2358,N,VIIRS,n,2,286.96,0.56,N,2
38.49196,29.50326,299.62,0.39,0.36,2024-10-22,2358,N,VIIRS,n,2,276.45,0.97,N,0
38.63884,31.11885,297.49,0.42,0.37,2024-10-22,2358,N,VIIRS,n,2,275.72,1.05,N,0
38.65112,39.76969,300.31,0.34,0.56,2024-10-22,2358,N,VIIRS,n,2,275.39,0.58,N,2
38.65722,30.619,296.1,0.41,0.37,2024-10-22,2358,N,VIIRS,n,2,276.07,0.98,N,2
38.73475,26.94887,309.49,0.4,0.37,2024-10-22,2358,N,VIIRS,n,2,286.09,1.91,N,2
38.73735,26.93072,317.2,0.4,0.37,2024-10-22,2358,N,VIIRS,n,2,287.44,1.66,N,0
38.7381,26.94965,312.89,0.4,0.37,2024-10-22,2358,N,VIIRS,n,2,286.75,1.45,N,2
38.73875,26.94511,312.35,0.4,0.37,2024-10-22,2358,N,VIIRS,n,2,288.34,1.45,N,2
38.7407,26.9315,312.8,0.4,0.37,2024-10-22,2358,N,VIIRS,n,2,285.79,0.68,N,2
38.74404,26.93229,295.54,0.4,0.37,2024-10-22,2358,N,VIIRS,n,2,284.61,0.68,N,2
38.75408,26.93462,299.11,0.4,0.37,2024-10-22,2358,N,VIIRS,n,2,282.65,0.43,N,0
39.09274,27.51519,297.03,0.39,0.36,2024-10-22,2358,N,VIIRS,n,2,281.62,0.57,N,0
39.0934,27.51071,298.69,0.39,0.36,2024-10-22,2358,N,VIIRS,n,2,282.64,1.21,N,0
39.11196,27.59428,297.67,0.39,0.36,2024-10-22,2358,N,VIIRS,n,2,283.05,0.6,N,0
39.11199,27.52446,295.15,0.39,0.36,2024-10-22,2358,N,VIIRS,n,2,280.53,0.56,N,0
39.16645,27.63263,306.95,0.39,0.36,2024-10-22,2358,N,VIIRS,n,2,282.25,1.3,N,2
39.16711,27.62815,297.8,0.39,0.36,2024-10-22,2358,N,VIIRS,n,2,281.74,0.94,N,2
39.18298,27.49693,303.27,0.39,0.36,2024-10-22,2358,N,VIIRS,n,2,283.83,0.88,N,2
39.48555,30.04364,303.74,0.39,0.36,2024-10-22,2358,N,VIIRS,n,2,277.74,0.56,N,2
39.52639,26.44854,329.83,0.41,0.37,2024-10-22,2358,N,VIIRS,n,2,285.11,2.42,N,0
39.56524,26.95309,335.55,0.4,0.37,2024-10-22,2358,N,VIIRS,n,2,286.04,4.06,N,0
39.83728,30.30003,308.01,0.39,0.36,2024-10-22,2358,N,VIIRS,n,2,278.28,1.22,N,2
39.86526,26.24283,325.08,0.42,0.37,2024-10-22,2358,N,VIIRS,n,2,287.08,2.95,N,2
40.08284,32.79723,310.84,0.45,0.39,2024-10-22,2358,N,VIIRS,n,2,274.95,1.6,N,0
40.25994,30.04413,295.95,0.39,0.36,2024-10-22,2358,N,VIIRS,n,2,280.37,0.58,N,2
40.44254,27.14101,326.36,0.4,0.37,2024-10-22,2358,N,VIIRS,n,2,286.85,2.65,N,2
40.44723,27.13234,311.74,0.4,0.37,2024-10-22,2358,N,VIIRS,n,2,285.97,1.17,N,3
40.76669,32.21563,297.2,0.43,0.38,2024-10-22,2358,N,VIIRS,n,2,273.12,1.0,N,2
40.78231,29.60065,302.89,0.38,0.36,2024-10-22,2358,N,VIIRS,n,2,286.82,1.31,N,2
40.80525,29.37123,296.19,0.38,0.36,2024-10-22,2358,N,VIIRS,n,2,281.12,0.59,N,0
40.9451,31.39778,296.39,0.4,0.37,2024-10-22,2358,N,VIIRS,n,2,279.09,0.8,N,2
41.01929,28.55751,303.18,0.39,0.36,2024-10-22,2358,N,VIIRS,n,2,283.46,0.81,N,2
41.01998,28.55296,301.0,0.39,0.36,2024-10-22,2358,N,VIIRS,n,2,282.46,0.75,N,2
41.02259,28.55838,296.0,0.39,0.36,2024-10-22,2358,N,VIIRS,n,2,283.36,0.42,N,2
41.25331,31.4148,311.47,0.4,0.37,2024-10-22,2358,N,VIIRS,n,2,281.41,1.26,N,2
41.25666,31.41584,306.14,0.4,0.37,2024-10-22,2358,N,VIIRS,n,2,281.15,0.68,N,2
41.26501,31.42842,313.39,0.4,0.37,2024-10-22,2358,N,VIIRS,n,2,285.52,1.92,N,2
41.26585,31.42367,318.31,0.4,0.37,2024-10-22,2358,N,VIIRS,n,2,286.74,1.92,N,2
41.26835,31.42944,300.33,0.4,0.37,2024-10-22,2358,N,VIIRS,n,2,281.83,0.48,N,2
41.26918,31.4247,296.37,0.4,0.37,2024-10-22,2358,N,VIIRS,n,2,281.98,0.48,N,2
36.01795,36.9173,301.67,0.56,0.51,2024-10-22,2359,N,VIIRS,n,2,276.29,0.66,N,0
36.01838,36.91761,298.26,0.56,0.51,2024-10-22,2359,N,VIIRS,n,2,276.57,1.42,N,0
36.11629,33.01049,323.56,0.53,0.42,2024-10-22,2359,N,VIIRS,n,2,288.56,1.69,N,0
36.11856,33.01022,329.79,0.53,0.42,2024-10-22,2359,N,VIIRS,n,2,289.1,3.64,N,0
36.1201,33.01151,306.05,0.53,0.42,2024-10-22,2359,N,VIIRS,n,2,287.92,1.69,N,0
36.26182,33.72602,298.38,0.57,0.43,2024-10-22,2359,N,VIIRS,n,2,284.41,0.76,N,2
36.50477,36.62651,296.91,0.53,0.5,2024-10-22,2359,N,VIIRS,n,2,279.76,2.21,N,0
36.50935,36.62772,325.98,0.53,0.5,2024-10-22,2359,N,VIIRS,n,2,283.05,2.21,N,0
36.7179,36.20375,314.4,0.49,0.49,2024-10-22,2359,N,VIIRS,n,2,283.48,1.32,N,2
36.71908,36.1986,306.68,0.49,0.49,2024-10-22,2359,N,VIIRS,n,2,286.29,3.3,N,2
36.72974,36.21397,308.47,0.49,0.49,2024-10-22,2359,N,VIIRS,n,2,287.97,3.13,N,2
36.86835,34.75938,300.02,0.41,0.45,2024-10-22,2359,N,VIIRS,n,2,284.98,1.27,N,2
36.87139,34.76532,298.28,0.41,0.45,2024-10-22,2359,N,VIIRS,n,2,284.3,0.56,N,2
37.77222,27.43729,305.95,0.39,0.36,2024-10-22,2359,N,VIIRS,n,2,288.0,0.76,N,2
37.86272,29.37485,305.02,0.39,0.36,2024-10-22,2359,N,VIIRS,n,2,282.69,0.53,N,2
38.42584,27.21713,313.13,0.39,0.36,2024-10-22,2359,N,VIIRS,n,2,287.39,1.41,N,2
35.52727,44.34595,336.02,0.57,0.43,2024-10-23,938,N,VIIRS,n,2,301.74,5.81,D,2
35.5659,44.28479,335.16,0.38,0.43,2024-10-23,938,N,VIIRS,n,2,303.76,2.51,D,2
35.58343,44.12715,341.09,0.39,0.44,2024-10-23,938,N,VIIRS,n,2,299.92,4.4,D,0
35.66056,43.96764,340.87,0.4,0.44,2024-10-23,938,N,VIIRS,n,2,303.58,5.98,D,2
35.67115,43.69994,341.81,0.41,0.45,2024-10-23,938,N,VIIRS,n,2,301.61,3.98,D,0
35.72206,44.04005,341.44,0.39,0.44,2024-10-23,938,N,VIIRS,n,2,302.56,2.78,D,2
35.72604,44.0389,341.43,0.39,0.44,2024-10-23,938,N,VIIRS,n,2,301.46,2.78,D,2
35.72931,44.03406,337.07,0.39,0.44,2024-10-23,938,N,VIIRS,n,2,303.89,1.69,D,2
35.75012,44.36066,336.4,0.57,0.43,2024-10-23,938,N,VIIRS,n,2,301.32,4.42,D,0
35.77654,44.26609,342.37,0.57,0.43,2024-10-23,938,N,VIIRS,n,2,301.99,76.32,D,0
35.7815,44.26284,335.6,0.57,0.43,2024-10-23,938,N,VIIRS,n,2,300.51,79.07,D,0
35.92329,43.78888,336.11,0.4,0.44,2024-10-23,938,N,VIIRS,n,2,300.38,1.51,D,2
35.93497,44.20977,335.33,0.57,0.43,2024-10-23,938,N,VIIRS,n,2,299.57,2.52,D,0
35.97949,44.16272,340.76,0.57,0.43,2024-10-23,938,N,VIIRS,n,2,301.53,7.01,D,0
35.9804,44.16069,347.43,0.57,0.43,2024-10-23,938,N,VIIRS,n,2,301.42,10.01,D,0
36.0426,43.64865,339.85,0.4,0.44,2024-10-23,938,N,VIIRS,n,2,302.37,3.17,D,0
36.08458,43.99066,341.49,0.39,0.44,2024-10-23,938,N,VIIRS,n,2,302.99,7.09,D,0
36.14468,43.85395,338.93,0.39,0.44,2024-10-23,938,N,VIIRS,n,2,301.41,6.47,D,0
36.14559,43.85824,349.46,0.39,0.44,2024-10-23,938,N,VIIRS,n,2,303.79,6.47,D,0
36.18869,43.41998,342.99,0.41,0.45,2024-10-23,938,N,VIIRS,n,2,301.61,3.1,D,0
36.2103,44.31927,330.85,0.56,0.43,2024-10-23,938,N,VIIRS,n,2,299.03,4.79,D,0
36.28226,43.44424,348.3,0.41,0.45,2024-10-23,938,N,VIIRS,n,2,304.6,5.41,D,0
36.28629,43.44292,348.19,0.41,0.45,2024-10-23,938,N,VIIRS,n,2,301.88,5.41,D,0
36.31086,43.85825,330.2,0.39,0.44,2024-10-23,938,N,VIIRS,n,2,298.91,11.63,D,0
36.31481,43.857,350.89,0.39,0.44,2024-10-23,938,N,VIIRS,n,2,302.15,11.63,D,0
36.43734,44.0799,343.77,0.57,0.43,2024-10-23,938,N,VIIRS,n,2,299.81,6.77,D,0
36.44122,43.83579,343.01,0.39,0.44,2024-10-23,938,N,VIIRS,n,2,300.94,8.53,D,0
36.4519,42.64035,340.95,0.44,0.46,2024-10-23,938,N,VIIRS,n,2,300.28,6.16,D,0
36.45526,43.18276,341.69,0.42,0.45,2024-10-23,938,N,VIIRS,n,2,302.25,5.6,D,0
36.49905,43.70459,346.71,0.39,0.44,2024-10-23,938,N,VIIRS,n,2,299.1,4.42,D,0
36.57602,43.18933,353.83,0.41,0.45,2024-10-23,938,N,VIIRS,n,2,305.55,14.49,D,0
36.60598,43.4295,349.73,0.4,0.44,2024-10-23,938,N,VIIRS,n,2,302.78,7.44,D,0
36.60931,43.20293,357.06,0.41,0.45,2024-10-23,938,N,VIIRS,n,2,305.59,15.7,D,0
36.61,43.42822,342.79,0.4,0.44,2024-10-23,938,N,VIIRS,n,2,298.45,10.52,D,0
36.65316,43.61102,333.12,0.39,0.44,2024-10-23,938,N,VIIRS,n,2,295.07,3.83,D,0
35.54575,36.36815,335.08,0.5,0.66,2024-10-23,939,N,VIIRS,n,2,301.41,3.16,D,0
35.82425,36.80615,336.16,0.47,0.64,2024-10-23,939,N,VIIRS,n,2,301.14,2.82,D,0
35.89251,39.17211,367.0,0.35,0.57,2024-10-23,939,N,VIIRS,h,2,300.96,8.04,D,0
36.00566,36.94929,338.73,0.45,0.63,2024-10-23,939,N,VIIRS,n,2,302.99,5.23,D,0
36.05635,36.15246,343.46,0.5,0.66,2024-10-23,939,N,VIIRS,n,2,292.01,3.37,D,0
36.08635,37.24033,333.13,0.44,0.62,2024-10-23,939,N,VIIRS,n,2,300.7,4.83,D,0
36.09097,37.23741,349.37,0.44,0.62,2024-10-23,939,N,VIIRS,n,2,300.82,3.34,D,0
36.51966,36.40031,333.86,0.47,0.64,2024-10-23,939,N,VIIRS,n,2,298.33,2.61,D,0
36.5218,36.39578,339.62,0.47,0.64,2024-10-23,939,N,VIIRS,n,2,297.68,4.87,D,0
36.56859,40.48778,332.79,0.57,0.52,2024-10-23,939,N,VIIRS,n,2,303.28,3.14,D,0
36.67316,39.521,367.0,0.32,0.55,2024-10-23,939,N,VIIRS,h,2,303.54,5.1,D,0
36.67402,39.52449,345.64,0.32,0.55,2024-10-23,939,N,VIIRS,n,2,301.82,5.1,D,0
36.69595,39.36076,332.68,0.33,0.55,2024-10-23,939,N,VIIRS,n,2,300.42,1.85,D,0
36.69793,38.86168,332.16,0.35,0.56,2024-10-23,939,N,VIIRS,n,2,298.96,2.8,D,0
36.7664,41.90434,349.26,0.48,0.48,2024-10-23,939,N,VIIRS,n,2,302.64,6.7,D,0
36.79124,36.98531,338.26,0.43,0.62,2024-10-23,939,N,VIIRS,n,2,300.19,2.65,D,0
36.79302,42.3087,341.14,0.45,0.47,2024-10-23,939,N,VIIRS,n,2,297.78,2.63,D,0
36.79579,42.43317,343.93,0.45,0.47,2024-10-23,939,N,VIIRS,n,2,301.87,4.22,D,0
36.79613,42.31052,336.85,0.45,0.47,2024-10-23,939,N,VIIRS,n,2,299.08,3.59,D,0
36.80795,38.72723,344.54,0.35,0.57,2024-10-23,939,N,VIIRS,n,2,301.65,2.76,D,0
36.82389,42.80678,330.23,0.43,0.46,2024-10-23,939,N,VIIRS,n,2,301.1,1.12,D,0
36.83337,41.24852,338.9,0.51,0.5,2024-10-23,939,N,VIIRS,n,2,303.48,3.01,D,0
36.85205,37.23319,353.82,0.42,0.61,2024-10-23,939,N,VIIRS,n,2,300.38,5.85,D,0
36.90741,43.38824,349.94,0.4,0.44,2024-10-23,939,N,VIIRS,n,2,290.19,7.27,D,2
36.94075,42.17073,333.13,0.46,0.47,2024-10-23,939,N,VIIRS,n,2,300.91,2.08,D,2
36.94372,42.50927,333.53,0.44,0.46,2024-10-23,939,N,VIIRS,n,2,298.15,1.95,D,0
36.94569,42.13126,344.12,0.46,0.47,2024-10-23,939,N,VIIRS,n,2,302.59,3.29,D,2
36.95388,36.62583,339.17,0.45,0.63,2024-10-23,939,N,VIIRS,n,2,301.77,5.28,D,0
36.97536,40.27088,348.79,0.57,0.52,2024-10-23,939,N,VIIRS,n,2,300.19,8.56,D,0
36.97563,40.27069,356.2,0.57,0.52,2024-10-23,939,N,VIIRS,n,2,300.5,10.07,D,0
36.98004,40.26923,348.28,0.57,0.52,2024-10-23,939,N,VIIRS,n,2,296.59,8.56,D,0
36.9803,40.26903,345.28,0.57,0.52,2024-10-23,939,N,VIIRS,n,2,296.58,10.07,D,0
37.01425,42.97282,339.3,0.42,0.45,2024-10-23,939,N,VIIRS,n,2,297.6,4.14,D,0
37.01916,35.92385,355.34,0.48,0.65,2024-10-23,939,N,VIIRS,n,2,301.93,6.43,D,0
37.05721,42.01002,341.58,0.46,0.47,2024-10-23,939,N,VIIRS,n,2,306.27,3.22,D,0
37.05778,42.01295,346.59,0.46,0.47,2024-10-23,939,N,VIIRS,n,2,305.98,5.76,D,0
37.10681,41.41252,341.78,0.5,0.49,2024-10-23,939,N,VIIRS,n,2,303.07,4.32,D,0
37.11727,42.17491,340.96,0.45,0.47,2024-10-23,939,N,VIIRS,n,2,303.87,5.29,D,0
37.11894,40.92293,334.38,0.53,0.5,2024-10-23,939,N,VIIRS,n,2,301.48,4.04,D,0
37.13465,42.79163,336.13,0.42,0.45,2024-10-23,939,N,VIIRS,n,2,301.51,1.8,D,2
37.14102,35.80067,334.95,0.48,0.65,2024-10-23,939,N,VIIRS,n,2,301.66,3.36,D,0
37.25388,42.06585,339.8,0.46,0.47,2024-10-23,939,N,VIIRS,n,2,302.86,4.25,D,0
37.29862,42.08308,343.42,0.46,0.47,2024-10-23,939,N,VIIRS,n,2,305.38,4.95,D,0
37.29906,42.07986,341.26,0.45,0.47,2024-10-23,939,N,VIIRS,n,2,305.74,5.71,D,0
37.30808,38.74175,330.22,0.34,0.56,2024-10-23,939,N,VIIRS,n,2,296.74,2.32,D,0
37.43359,37.62524,334.49,0.38,0.59,2024-10-23,939,N,VIIRS,n,2,298.88,3.92,D,0
37.44721,38.06738,328.02,0.36,0.58,2024-10-23,939,N,VIIRS,n,2,300.49,2.78,D,0
37.45853,37.23946,338.02,0.4,0.6,2024-10-23,939,N,VIIRS,n,2,300.1,4.57,D,0
37.46974,38.24295,330.26,0.36,0.57,2024-10-23,939,N,VIIRS,n,2,299.84,2.39,D,0
37.51358,37.28974,367.0,0.4,0.6,2024-10-23,939,N,VIIRS,h,2,302.49,8.96,D,0
37.52768,37.86999,367.0,0.37,0.58,2024-10-23,939,N,VIIRS,h,2,302.19,8.11,D,0
37.52875,37.87402,337.47,0.37,0.58,2024-10-23,939,N,VIIRS,n,2,301.93,8.61,D,0
37.55357,37.39519,350.16,0.39,0.59,2024-10-23,939,N,VIIRS,n,2,297.43,6.43,D,0
37.55474,37.3996,340.13,0.39,0.59,2024-10-23,939,N,VIIRS,n,2,296.99,7.78,D,0
37.64178,37.94525,331.89,0.37,0.58,2024-10-23,939,N,VIIRS,n,2,301.42,1.9,D,0
37.6536,39.07703,367.0,0.32,0.54,2024-10-23,939,N,VIIRS,h,2,297.35,5.75,D,0
37.66224,33.29622,333.69,0.63,0.72,2024-10-23,939,N,VIIRS,n,2,290.65,3.91,D,0
37.66508,33.29282,354.47,0.63,0.72,2024-10-23,939,N,VIIRS,n,2,290.95,15.52,D,0
37.66853,33.29316,352.52,0.63,0.72,2024-10-23,939,N,VIIRS,n,2,290.51,7.92,D,0
37.66928,38.23912,348.52,0.35,0.57,2024-10-23,939,N,VIIRS,n,2,300.5,3.88,D,0
37.67585,40.7506,342.68,0.52,0.5,2024-10-23,939,N,VIIRS,n,2,298.54,5.39,D,0
37.67844,39.41594,340.24,0.61,0.54,2024-10-23,939,N,VIIRS,n,2,297.37,14.54,D,0
37.67892,40.74304,337.66,0.52,0.5,2024-10-23,939,N,VIIRS,n,2,299.36,5.39,D,0
37.67969,39.41426,331.42,0.61,0.54,2024-10-23,939,N,VIIRS,n,2,296.3,8.95,D,0
37.68013,39.42292,340.21,0.61,0.54,2024-10-23,939,N,VIIRS,n,2,300.78,14.54,D,0
37.68144,39.42125,342.0,0.61,0.54,2024-10-23,939,N,VIIRS,n,2,301.44,19.94,D,0
37.71966,38.47856,327.21,0.34,0.56,2024-10-23,939,N,VIIRS,n,2,297.64,1.33,D,0
37.73083,38.71457,344.5,0.33,0.55,2024-10-23,939,N,VIIRS,n,2,296.22,8.95,D,0
37.73601,40.18046,330.43,0.56,0.51,2024-10-23,939,N,VIIRS,n,2,296.0,17.64,D,0
37.73746,40.1866,355.49,0.56,0.51,2024-10-23,939,N,VIIRS,n,2,305.34,17.64,D,0
37.73755,40.18453,353.71,0.56,0.51,2024-10-23,939,N,VIIRS,n,2,306.47,39.55,D,0
37.74204,40.18483,339.63,0.56,0.51,2024-10-23,939,N,VIIRS,n,2,295.72,6.57,D,0
37.76176,40.78624,332.52,0.52,0.5,2024-10-23,939,N,VIIRS,n,2,299.31,4.64,D,0
37.76432,40.77682,331.09,0.52,0.5,2024-10-23,939,N,VIIRS,n,2,296.43,3.77,D,0
37.76487,40.77873,327.85,0.52,0.5,2024-10-23,939,N,VIIRS,n,2,296.0,3.47,D,0
37.80063,40.49678,339.35,0.53,0.5,2024-10-23,939,N,VIIRS,n,2,296.9,6.78,D,0
37.80201,40.50265,339.82,0.53,0.5,2024-10-23,939,N,VIIRS,n,2,297.58,6.78,D,0
37.80648,40.50075,341.87,0.53,0.5,2024-10-23,939,N,VIIRS,n,2,298.64,7.77,D,0
37.8315,41.84319,327.03,0.46,0.47,2024-10-23,939,N,VIIRS,n,2,300.85,3.23,D,0
37.89334,40.99926,350.41,0.5,0.49,2024-10-23,939,N,VIIRS,n,2,304.49,12.96,D,0
37.89773,40.99765,348.56,0.5,0.49,2024-10-23,939,N,VIIRS,n,2,297.72,12.96,D,0
37.90345,41.00182,353.15,0.5,0.49,2024-10-23,939,N,VIIRS,n,2,300.92,7.41,D,0
37.90785,41.00024,351.52,0.5,0.49,2024-10-23,939,N,VIIRS,n,2,301.76,7.41,D,0
37.918,41.00296,330.89,0.5,0.49,2024-10-23,939,N,VIIRS,n,2,299.33,2.53,D,0
37.91975,40.98984,338.42,0.5,0.49,2024-10-23,939,N,VIIRS,n,2,300.82,3.27,D,0
37.93511,40.78565,328.36,0.51,0.5,2024-10-23,939,N,VIIRS,n,2,297.24,2.68,D,0
37.98421,41.11911,340.52,0.49,0.49,2024-10-23,939,N,VIIRS,n,2,300.87,11.94,D,0
38.01576,41.8394,327.98,0.45,0.47,2024-10-23,939,N,VIIRS,n,2,301.38,2.96,D,0
38.04095,40.1268,342.18,0.55,0.51,2024-10-23,939,N,VIIRS,n,2,299.18,5.51,D,0
38.04203,40.93747,340.89,0.5,0.49,2024-10-23,939,N,VIIRS,n,2,301.47,3.98,D,0
38.04301,40.93475,341.49,0.5,0.49,2024-10-23,939,N,VIIRS,n,2,301.1,2.52,D,0
38.04799,40.17734,353.7,0.55,0.51,2024-10-23,939,N,VIIRS,n,2,301.55,11.15,D,0
38.04933,40.8597,330.98,0.51,0.49,2024-10-23,939,N,VIIRS,n,2,299.55,2.38,D,0
38.05253,40.17556,332.53,0.55,0.51,2024-10-23,939,N,VIIRS,n,2,297.74,4.67,D,0
38.05326,40.75318,327.65,0.51,0.49,2024-10-23,939,N,VIIRS,n,2,298.48,1.68,D,0
38.0577,40.75157,341.39,0.51,0.49,2024-10-23,939,N,VIIRS,n,2,300.88,4.93,D,0
38.0648,40.29002,345.27,0.54,0.51,2024-10-23,939,N,VIIRS,n,2,297.51,6.29,D,0
38.11014,39.97086,337.02,0.56,0.51,2024-10-23,939,N,VIIRS,n,2,295.98,7.37,D,0
38.11359,40.84804,343.28,0.5,0.49,2024-10-23,939,N,VIIRS,n,2,301.21,4.7,D,0
38.11395,40.84686,341.84,0.5,0.49,2024-10-23,939,N,VIIRS,n,2,301.37,6.66,D,0
38.12017,40.20022,329.76,0.54,0.51,2024-10-23,939,N,VIIRS,n,2,301.76,3.36,D,0
38.1494,40.89598,340.89,0.5,0.49,2024-10-23,939,N,VIIRS,n,2,300.71,6.11,D,0
38.15331,37.04133,327.92,0.4,0.6,2024-10-23,939,N,VIIRS,n,2,292.57,2.74,D,0
38.15975,37.0434,327.82,0.39,0.6,2024-10-23,939,N,VIIRS,n,2,293.25,4.2,D,0
38.16031,37.04401,331.16,0.39,0.6,2024-10-23,939,N,VIIRS,n,2,292.51,2.66,D,0
38.1656,40.82227,341.43,0.5,0.49,2024-10-23,939,N,VIIRS,n,2,300.94,8.61,D,0
38.21678,37.12181,336.66,0.39,0.59,2024-10-23,939,N,VIIRS,n,2,293.63,3.28,D,0
38.22204,37.11956,328.31,0.39,0.59,2024-10-23,939,N,VIIRS,n,2,293.86,3.28,D,0
38.23723,37.17581,325.0,0.39,0.59,2024-10-23,939,N,VIIRS,n,2,294.55,2.62,D,0
38.27122,36.91114,333.04,0.4,0.6,2024-10-23,939,N,VIIRS,n,2,294.28,2.63,D,0
38.27856,37.1775,352.72,0.39,0.59,2024-10-23,939,N,VIIRS,n,2,295.04,17.85,D,0
38.27971,37.1818,367.0,0.39,0.59,2024-10-23,939,N,VIIRS,h,2,302.55,17.85,D,0
38.29887,36.94759,338.86,0.4,0.6,2024-10-23,939,N,VIIRS,n,2,296.63,3.61,D,0
38.52731,38.29602,333.95,0.33,0.55,2024-10-23,939,N,VIIRS,n,2,293.6,2.19,D,0
38.66227,41.99546,333.27,0.43,0.46,2024-10-23,939,N,VIIRS,n,2,291.11,6.66,D,0
38.77767,37.52121,345.78,0.36,0.57,2024-10-23,939,N,VIIRS,n,2,293.5,4.47,D,0
39.11925,42.14095,332.18,0.41,0.45,2024-10-23,939,N,VIIRS,n,2,291.05,1.77,D,0
39.98489,44.08417,331.51,0.49,0.4,2024-10-23,939,N,VIIRS,n,2,293.29,4.35,D,0
40.00837,43.98573,342.29,0.5,0.41,2024-10-23,939,N,VIIRS,n,2,293.3,5.64,D,0
40.44993,43.70965,331.22,0.5,0.41,2024-10-23,939,N,VIIRS,n,2,290.49,3.53,D,0
38.22276,33.15074,331.87,0.61,0.71,2024-10-23,940,N,VIIRS,n,2,289.44,5.37,D,0
38.43417,32.74173,326.08,0.63,0.72,2024-10-23,940,N,VIIRS,n,2,290.73,2.14,D,0
38.4405,32.73869,340.99,0.63,0.72,2024-10-23,940,N,VIIRS,n,2,290.08,8.91,D,0
38.66562,30.87872,332.09,0.77,0.77,2024-10-23,940,N,VIIRS,n,2,288.89,4.01,D,0
39.46217,32.35822,329.45,0.62,0.71,2024-10-23,940,N,VIIRS,n,2,294.11,3.21,D,0
39.62814,32.34681,344.51,0.61,0.71,2024-10-23,940,N,VIIRS,n,2,294.22,8.2,D,0
39.6305,32.34732,334.42,0.61,0.71,2024-10-23,940,N,VIIRS,n,2,293.74,6.49,D,0
39.78427,31.77789,334.98,0.65,0.73,2024-10-23,940,N,VIIRS,n,2,293.88,6.82,D,0
39.90123,37.69079,325.63,0.33,0.55,2024-10-23,940,N,VIIRS,n,2,288.32,1.05,D,0
40.31984,33.82946,325.59,0.5,0.66,2024-10-23,940,N,VIIRS,n,2,292.08,1.3,D,0
40.32716,33.82899,326.79,0.5,0.65,2024-10-23,940,N,VIIRS,n,2,294.09,4.9,D,0
35.56734,37.28635,355.44,0.43,0.62,2024-10-23,1119,N,VIIRS,n,2,305.35,15.75,D,0
35.56762,37.29118,352.83,0.43,0.62,2024-10-23,1119,N,VIIRS,n,2,301.74,17.88,D,0
36.16251,37.82918,331.23,0.47,0.64,2024-10-23,1119,N,VIIRS,n,2,297.65,2.7,D,0
36.16848,37.82874,330.44,0.47,0.64,2024-10-23,1119,N,VIIRS,n,2,295.82,2.7,D,0
36.5798,38.96843,345.53,0.54,0.68,2024-10-23,1119,N,VIIRS,n,2,299.01,4.54,D,0
36.68357,36.6077,338.29,0.4,0.6,2024-10-23,1119,N,VIIRS,n,2,302.1,5.26,D,0
36.71708,36.19893,338.61,0.38,0.59,2024-10-23,1119,N,VIIRS,n,2,302.13,1.79,D,2
36.74094,37.76232,336.69,0.47,0.64,2024-10-23,1119,N,VIIRS,n,2,300.85,2.94,D,0
36.74314,37.76372,345.55,0.47,0.64,2024-10-23,1119,N,VIIRS,n,2,301.46,3.85,D,0
36.84263,39.51193,342.69,0.58,0.7,2024-10-23,1119,N,VIIRS,n,2,297.06,3.29,D,0
36.88727,35.89309,347.42,0.37,0.58,2024-10-23,1119,N,VIIRS,n,2,303.56,3.97,D,0
36.91156,35.75603,334.55,0.36,0.57,2024-10-23,1119,N,VIIRS,n,2,306.31,1.93,D,0
36.92436,35.78851,367.0,0.36,0.58,2024-10-23,1119,N,VIIRS,h,2,303.64,6.31,D,0
36.9814,35.88974,334.96,0.37,0.58,2024-10-23,1119,N,VIIRS,n,2,304.83,1.68,D,0
37.03539,39.03604,341.74,0.55,0.68,2024-10-23,1119,N,VIIRS,n,2,298.74,5.23,D,0
37.09862,36.11373,337.12,0.38,0.59,2024-10-23,1119,N,VIIRS,n,2,303.58,3.32,D,0
37.10942,36.01231,335.13,0.38,0.58,2024-10-23,1119,N,VIIRS,n,2,306.61,2.6,D,0
37.14199,36.10135,343.79,0.38,0.59,2024-10-23,1119,N,VIIRS,n,2,305.86,3.35,D,0
37.14224,36.10572,343.2,0.38,0.59,2024-10-23,1119,N,VIIRS,n,2,304.59,3.35,D,0
37.15461,35.91843,346.19,0.37,0.58,2024-10-23,1119,N,VIIRS,n,2,306.98,4.28,D,0
37.2064,35.96587,348.43,0.37,0.58,2024-10-23,1119,N,VIIRS,n,2,304.05,4.06,D,0
37.20909,36.01348,335.98,0.38,0.58,2024-10-23,1119,N,VIIRS,n,2,306.38,0.59,D,0
37.30278,38.74184,345.98,0.53,0.67,2024-10-23,1119,N,VIIRS,n,2,297.83,5.85,D,0
37.30561,38.73987,344.83,0.53,0.67,2024-10-23,1119,N,VIIRS,n,2,297.05,6.68,D,0
37.37906,36.00568,344.95,0.38,0.58,2024-10-23,1120,N,VIIRS,n,2,303.08,3.22,D,0
37.52502,27.33619,333.01,0.43,0.38,2024-10-23,1120,N,VIIRS,n,2,304.45,2.09,D,0
37.53149,31.85937,328.75,0.45,0.47,2024-10-23,1120,N,VIIRS,n,2,296.36,2.92,D,0
37.58845,33.25428,349.25,0.54,0.5,2024-10-23,1120,N,VIIRS,n,2,292.56,24.07,D,0
37.59314,33.25372,351.28,0.54,0.5,2024-10-23,1120,N,VIIRS,n,2,298.81,24.07,D,0
37.67515,40.74908,342.37,0.69,0.74,2024-10-23,1120,N,VIIRS,n,2,297.27,10.95,D,0
37.70411,40.81572,340.07,0.69,0.74,2024-10-23,1120,N,VIIRS,n,2,294.77,6.58,D,0
37.76477,40.77616,345.65,0.69,0.74,2024-10-23,1120,N,VIIRS,n,2,293.92,6.41,D,0
37.76488,40.7844,329.46,0.69,0.74,2024-10-23,1120,N,VIIRS,n,2,294.21,6.41,D,0
37.76646,40.77614,340.84,0.69,0.74,2024-10-23,1120,N,VIIRS,n,2,293.37,7.72,D,0
37.76661,40.78437,333.08,0.69,0.74,2024-10-23,1120,N,VIIRS,n,2,293.63,11.36,D,0
37.77638,38.51976,367.0,0.52,0.67,2024-10-23,1120,N,VIIRS,h,2,299.8,12.72,D,0
37.77658,38.5256,357.08,0.52,0.67,2024-10-23,1120,N,VIIRS,n,2,299.29,16.63,D,0
37.77956,38.5194,367.0,0.52,0.67,2024-10-23,1120,N,VIIRS,h,2,299.91,10.92,D,0
37.77973,38.5252,351.05,0.52,0.67,2024-10-23,1120,N,VIIRS,n,2,298.23,10.92,D,0
37.79163,27.57646,336.8,0.44,0.38,2024-10-23,1120,N,VIIRS,n,2,304.91,2.65,D,0
37.79516,27.57577,340.03,0.44,0.38,2024-10-23,1120,N,VIIRS,n,2,304.94,5.95,D,0
37.8023,40.50154,340.92,0.67,0.73,2024-10-23,1120,N,VIIRS,n,2,297.94,6.85,D,0
37.87835,38.85256,340.64,0.54,0.68,2024-10-23,1120,N,VIIRS,n,2,299.34,3.74,D,0
37.90456,40.11141,338.97,0.64,0.72,2024-10-23,1120,N,VIIRS,n,2,298.01,4.48,D,0
37.92965,40.34147,333.97,0.66,0.73,2024-10-23,1120,N,VIIRS,n,2,297.04,5.68,D,0
37.93015,40.34121,335.14,0.66,0.73,2024-10-23,1120,N,VIIRS,n,2,296.71,4.78,D,0
37.94085,40.57092,340.51,0.67,0.74,2024-10-23,1120,N,VIIRS,n,2,298.4,7.55,D,0
37.94698,40.56311,353.74,0.67,0.74,2024-10-23,1120,N,VIIRS,n,2,298.9,39.72,D,0
37.94708,40.57065,367.0,0.67,0.74,2024-10-23,1120,N,VIIRS,h,2,311.32,39.72,D,0
37.94765,40.56319,344.48,0.67,0.74,2024-10-23,1120,N,VIIRS,n,2,298.16,29.82,D,0
37.94779,40.57072,367.0,0.67,0.74,2024-10-23,1120,N,VIIRS,h,2,310.51,80.09,D,0
37.97016,41.52594,335.88,0.76,0.77,2024-10-23,1120,N,VIIRS,n,2,296.73,4.57,D,0
38.0813,27.74107,331.64,0.45,0.39,2024-10-23,1120,N,VIIRS,n,2,298.64,1.36,D,0
38.08637,40.71126,339.36,0.69,0.74,2024-10-23,1120,N,VIIRS,n,2,297.78,8.74,D,0
38.10789,39.96105,337.01,0.63,0.72,2024-10-23,1120,N,VIIRS,n,2,294.86,8.33,D,0
38.15027,37.06854,342.52,0.44,0.62,2024-10-23,1120,N,VIIRS,n,2,294.55,3.85,D,0
38.19109,30.01383,343.43,0.56,0.43,2024-10-23,1120,N,VIIRS,n,2,306.36,9.8,D,0
38.19505,30.01318,333.7,0.56,0.43,2024-10-23,1120,N,VIIRS,n,2,297.73,9.8,D,0
38.21546,29.9773,343.36,0.55,0.43,2024-10-23,1120,N,VIIRS,n,2,301.06,6.39,D,0
38.22291,37.12619,328.64,0.44,0.62,2024-10-23,1120,N,VIIRS,n,2,296.82,3.66,D,0
38.23668,37.1721,342.92,0.44,0.63,2024-10-23,1120,N,VIIRS,n,2,293.52,7.29,D,0
38.25694,37.121,336.34,0.44,0.63,2024-10-23,1120,N,VIIRS,n,2,295.68,6.0,D,0
38.25796,37.12385,343.01,0.44,0.62,2024-10-23,1120,N,VIIRS,n,2,295.39,4.47,D,0
38.27816,37.17983,356.74,0.45,0.63,2024-10-23,1120,N,VIIRS,n,2,297.92,10.79,D,0
38.28288,37.18181,342.57,0.45,0.63,2024-10-23,1120,N,VIIRS,n,2,296.56,8.74,D,0
38.41059,34.84938,335.11,0.33,0.56,2024-10-23,1120,N,VIIRS,n,2,293.38,2.2,D,0
38.48331,35.62335,329.21,0.37,0.58,2024-10-23,1120,N,VIIRS,n,2,294.79,2.89,D,0
38.50492,29.00593,336.11,0.5,0.41,2024-10-23,1120,N,VIIRS,n,2,301.78,3.5,D,0
38.77562,31.97041,336.09,0.47,0.48,2024-10-23,1120,N,VIIRS,n,2,296.9,2.8,D,0
38.84173,32.41062,339.16,0.5,0.49,2024-10-23,1120,N,VIIRS,n,2,298.49,23.69,D,0
38.97974,37.99125,341.04,0.5,0.66,2024-10-23,1120,N,VIIRS,n,2,293.36,11.68,D,0
39.14012,29.28678,330.2,0.53,0.42,2024-10-23,1120,N,VIIRS,n,2,294.39,2.76,D,0
39.27241,31.32221,349.3,0.44,0.46,2024-10-23,1120,N,VIIRS,n,2,303.0,56.33,D,0
39.27287,31.32743,367.0,0.44,0.46,2024-10-23,1120,N,VIIRS,h,2,296.88,15.36,D,0
39.39092,34.99244,335.9,0.35,0.56,2024-10-23,1120,N,VIIRS,n,2,291.04,3.25,D,0
39.82732,32.07555,340.93,0.49,0.49,2024-10-23,1120,N,VIIRS,n,2,297.92,7.48,D,0
39.82918,37.45567,344.29,0.47,0.64,2024-10-23,1120,N,VIIRS,n,2,292.65,3.85,D,0
39.83062,37.45781,343.02,0.47,0.64,2024-10-23,1120,N,VIIRS,n,2,293.17,5.84,D,0
39.84909,27.90131,327.42,0.47,0.4,2024-10-23,1120,N,VIIRS,n,2,298.55,2.08,D,0
39.85637,27.89974,336.75,0.47,0.4,2024-10-23,1120,N,VIIRS,n,2,299.98,6.37,D,0
39.86557,26.24461,327.47,0.42,0.37,2024-10-23,1120,N,VIIRS,n,2,299.28,1.78,D,2
39.92559,26.22889,326.68,0.42,0.37,2024-10-23,1120,N,VIIRS,n,2,296.7,1.49,D,0
39.92867,26.19818,327.14,0.42,0.37,2024-10-23,1120,N,VIIRS,n,2,296.81,0.62,D,0
39.92903,26.22813,328.5,0.42,0.37,2024-10-23,1120,N,VIIRS,n,2,297.42,1.82,D,0
39.93211,26.19744,328.42,0.42,0.37,2024-10-23,1120,N,VIIRS,n,2,296.42,1.23,D,0
40.05513,27.95598,329.34,0.47,0.4,2024-10-23,1120,N,VIIRS,n,2,295.95,2.49,D,0
40.08236,27.64945,335.05,0.46,0.39,2024-10-23,1120,N,VIIRS,n,2,294.06,3.51,D,0
40.10223,28.01951,342.81,0.48,0.4,2024-10-23,1120,N,VIIRS,n,2,295.95,5.68,D,0
40.12301,28.17215,339.01,0.48,0.4,2024-10-23,1120,N,VIIRS,n,2,297.01,5.46,D,0
40.13767,27.86963,330.55,0.47,0.4,2024-10-23,1120,N,VIIRS,n,2,294.66,3.0,D,0
40.14238,28.07514,336.86,0.48,0.4,2024-10-23,1120,N,VIIRS,n,2,297.44,3.43,D,0
40.19318,28.22338,327.93,0.49,0.4,2024-10-23,1120,N,VIIRS,n,2,294.73,1.57,D,0
40.56522,34.41356,350.56,0.33,0.55,2024-10-23,1120,N,VIIRS,n,2,296.95,2.99,D,0
40.19068,27.56426,339.51,0.46,0.39,2024-10-23,1121,N,VIIRS,n,2,297.2,13.36,D,0
40.19108,27.63113,336.79,0.46,0.39,2024-10-23,1121,N,VIIRS,n,2,294.93,2.45,D,0
40.19897,27.63516,332.48,0.46,0.39,2024-10-23,1121,N,VIIRS,n,2,295.89,4.26,D,0
40.33771,27.33224,327.15,0.45,0.39,2024-10-23,1121,N,VIIRS,n,2,293.34,3.33,D,0
40.33878,27.3101,330.68,0.45,0.39,2024-10-23,1121,N,VIIRS,n,2,292.75,2.66,D,0
40.3413,27.33152,347.42,0.45,0.39,2024-10-23,1121,N,VIIRS,n,2,293.57,3.33,D,0
40.73239,26.3608,349.35,0.43,0.38,2024-10-23,1121,N,VIIRS,n,2,296.34,7.25,D,0
40.74317,30.54805,330.63,0.42,0.45,2024-10-23,1121,N,VIIRS,n,2,292.59,1.83,D,0
40.7468,26.44611,332.83,0.43,0.38,2024-10-23,1121,N,VIIRS,n,2,297.2,2.7,D,0
40.77102,26.72532,345.7,0.44,0.38,2024-10-23,1121,N,VIIRS,n,2,298.96,9.81,D,0
40.77936,30.47379,327.84,0.42,0.45,2024-10-23,1121,N,VIIRS,n,2,294.87,3.08,D,0
40.78525,26.43517,339.9,0.43,0.38,2024-10-23,1121,N,VIIRS,n,2,296.31,2.92,D,0
40.78747,26.42421,344.11,0.43,0.38,2024-10-23,1121,N,VIIRS,n,2,303.12,13.85,D,0
40.89791,26.97015,337.23,0.45,0.39,2024-10-23,1121,N,VIIRS,n,2,299.36,3.51,D,0
40.90503,27.43477,339.08,0.46,0.39,2024-10-23,1121,N,VIIRS,n,2,300.29,6.3,D,0
40.92219,26.4131,331.98,0.43,0.38,2024-10-23,1121,N,VIIRS,n,2,296.41,2.36,D,0
40.92461,26.31859,346.77,0.43,0.38,2024-10-23,1121,N,VIIRS,n,2,302.16,13.59,D,0
40.98093,26.335,334.87,0.43,0.38,2024-10-23,1121,N,VIIRS,n,2,296.21,3.01,D,0
41.00058,26.37782,331.34,0.43,0.38,2024-10-23,1121,N,VIIRS,n,2,295.15,1.77,D,0
41.00407,26.37707,339.59,0.43,0.38,2024-10-23,1121,N,VIIRS,n,2,294.98,3.66,D,0
41.03549,27.77381,332.84,0.48,0.4,2024-10-23,1121,N,VIIRS,n,2,299.97,1.99,D,0
41.06414,26.4271,330.07,0.43,0.38,2024-10-23,1121,N,VIIRS,n,2,294.18,1.06,D,0
41.0679,26.39998,338.35,0.43,0.38,2024-10-23,1121,N,VIIRS,n,2,295.82,7.22,D,0
41.08707,26.43797,335.49,0.43,0.38,2024-10-23,1121,N,VIIRS,n,2,294.38,3.52,D,0
41.08715,26.44123,330.5,0.43,0.38,2024-10-23,1121,N,VIIRS,n,2,294.6,2.81,D,0
41.08719,26.32546,332.11,0.43,0.38,2024-10-23,1121,N,VIIRS,n,2,296.56,4.28,D,0
41.10769,26.57994,346.1,0.44,0.38,2024-10-23,1121,N,VIIRS,n,2,296.22,4.69,D,0
41.11856,26.3186,329.35,0.43,0.38,2024-10-23,1121,N,VIIRS,n,2,296.71,3.51,D,0
41.15611,27.11578,346.51,0.45,0.39,2024-10-23,1121,N,VIIRS,n,2,297.21,6.77,D,0
41.1684,26.34448,330.96,0.43,0.38,2024-10-23,1121,N,VIIRS,n,2,300.97,1.42,D,0
41.22335,28.508,327.98,0.51,0.41,2024-10-23,1121,N,VIIRS,n,2,291.88,1.77,D,0
41.33202,26.53725,330.81,0.44,0.38,2024-10-23,1121,N,VIIRS,n,2,296.11,2.69,D,0
41.3333,26.5477,339.36,0.44,0.38,2024-10-23,1121,N,VIIRS,n,2,296.16,6.73,D,0
41.34618,27.06147,338.64,0.45,0.39,2024-10-23,1121,N,VIIRS,n,2,295.36,3.63,D,0
41.35467,27.00967,331.82,0.45,0.39,2024-10-23,1121,N,VIIRS,n,2,295.37,1.87,D,0
41.35532,27.01507,331.51,0.45,0.39,2024-10-23,1121,N,VIIRS,n,2,295.13,3.09,D,0
41.36182,27.00817,332.14,0.45,0.39,2024-10-23,1121,N,VIIRS,n,2,296.45,1.19,D,0
41.38367,26.9068,346.6,0.45,0.39,2024-10-23,1121,N,VIIRS,n,2,299.84,7.83,D,0
41.40372,27.20406,345.59,0.46,0.39,2024-10-23,1121,N,VIIRS,n,2,300.68,7.04,D,0
41.44559,26.84412,337.51,0.45,0.39,2024-10-23,1121,N,VIIRS,n,2,299.93,3.76,D,0
41.46081,26.77268,331.71,0.45,0.39,2024-10-23,1121,N,VIIRS,n,2,297.06,1.37,D,0
41.48127,26.61051,332.46,0.44,0.38,2024-10-23,1121,N,VIIRS,n,2,296.84,2.59,D,0
41.49668,26.61801,339.43,0.44,0.38,2024-10-23,1121,N,VIIRS,n,2,295.73,5.99,D,0
41.52431,26.60667,331.3,0.44,0.38,2024-10-23,1121,N,VIIRS,n,2,298.22,1.61,D,0
41.60127,26.86771,333.37,0.45,0.39,2024-10-23,1121,N,VIIRS,n,2,302.21,2.01,D,0
41.61366,26.60739,331.47,0.44,0.38,2024-10-23,1121,N,VIIRS,n,2,296.44,2.43,D,0
41.8366,26.70188,348.18,0.45,0.39,2024-10-23,1121,N,VIIRS,n,2,302.04,6.87,D,0
37.97357,41.52217,300.64,0.72,0.75,2024-10-23,2158,N,VIIRS,n,2,275.64,1.74,N,0
37.97658,41.52653,300.48,0.72,0.75,2024-10-23,2158,N,VIIRS,n,2,276.08,1.61,N,0
38.01749,40.68526,301.31,0.8,0.78,2024-10-23,2158,N,VIIRS,n,2,277.37,1.1,N,0
38.0187,40.68157,302.48,0.8,0.78,2024-10-23,2158,N,VIIRS,n,2,277.03,1.66,N,0
38.08321,40.77996,296.63,0.79,0.78,2024-10-23,2158,N,VIIRS,n,2,279.36,1.84,N,0
38.08329,40.71466,299.47,0.79,0.78,2024-10-23,2158,N,VIIRS,n,2,278.94,1.73,N,0
38.08337,40.7741,297.54,0.79,0.78,2024-10-23,2158,N,VIIRS,n,2,279.55,1.67,N,0
38.08372,40.7182,308.06,0.79,0.78,2024-10-23,2158,N,VIIRS,n,2,279.04,2.19,N,0
35.52571,44.34662,296.2,0.49,0.65,2024-10-23,2159,N,VIIRS,n,2,280.53,3.42,N,2
35.52597,44.34095,351.64,0.49,0.65,2024-10-23,2159,N,VIIRS,n,2,282.93,3.42,N,2
35.52625,44.33529,295.51,0.49,0.65,2024-10-23,2159,N,VIIRS,n,2,281.17,3.82,N,2
35.52659,44.34475,334.38,0.49,0.65,2024-10-23,2159,N,VIIRS,n,2,281.24,5.0,N,2
35.52682,44.33907,341.32,0.49,0.65,2024-10-23,2159,N,VIIRS,n,2,281.98,5.0,N,2
35.53205,44.34153,316.55,0.49,0.65,2024-10-23,2159,N,VIIRS,n,2,280.93,4.78,N,2
35.53232,44.33591,367.0,0.49,0.65,2024-10-23,2159,N,VIIRS,h,2,284.22,10.5,N,2
35.5329,44.3397,351.03,0.49,0.65,2024-10-23,2159,N,VIIRS,n,2,283.09,5.0,N,2
35.53314,44.33408,328.81,0.49,0.65,2024-10-23,2159,N,VIIRS,n,2,282.47,10.65,N,2
35.56546,44.28241,306.7,0.49,0.65,2024-10-23,2159,N,VIIRS,n,2,280.29,0.78,N,2
35.56597,44.28057,297.41,0.49,0.65,2024-10-23,2159,N,VIIRS,n,2,279.74,0.7,N,2
35.62706,44.00912,367.0,0.51,0.66,2024-10-23,2159,N,VIIRS,h,2,283.97,4.94,N,2
35.62731,44.00325,311.13,0.51,0.66,2024-10-23,2159,N,VIIRS,n,2,281.66,4.94,N,2
35.63326,44.00937,310.28,0.51,0.66,2024-10-23,2159,N,VIIRS,n,2,281.9,4.94,N,2
35.66008,43.9652,329.45,0.51,0.66,2024-10-23,2159,N,VIIRS,n,2,282.09,2.45,N,2
35.66034,43.95938,299.23,0.51,0.66,2024-10-23,2159,N,VIIRS,n,2,281.0,2.45,N,2
35.66418,43.96481,334.78,0.51,0.66,2024-10-23,2159,N,VIIRS,n,2,283.81,3.34,N,2
35.66628,43.9658,297.37,0.51,0.66,2024-10-23,2159,N,VIIRS,n,2,281.85,1.03,N,2
35.68269,43.87837,350.34,0.52,0.67,2024-10-23,2159,N,VIIRS,n,2,280.99,10.46,N,2
35.68296,43.87249,367.0,0.52,0.67,2024-10-23,2159,N,VIIRS,h,2,281.67,16.01,N,2
35.68631,43.87788,345.87,0.52,0.67,2024-10-23,2159,N,VIIRS,n,2,283.17,19.38,N,2
35.68655,43.87202,367.0,0.52,0.67,2024-10-23,2159,N,VIIRS,h,2,282.78,19.38,N,2
35.68892,43.8789,314.88,0.52,0.67,2024-10-23,2159,N,VIIRS,n,2,280.47,10.46,N,2
35.68919,43.87303,327.46,0.52,0.67,2024-10-23,2159,N,VIIRS,n,2,280.76,16.01,N,2
35.72324,44.04004,337.46,0.51,0.66,2024-10-23,2159,N,VIIRS,n,2,283.58,3.25,N,2
35.72992,44.02897,301.37,0.51,0.66,2024-10-23,2159,N,VIIRS,n,2,281.62,1.64,N,2
35.77359,43.99269,307.71,0.51,0.66,2024-10-23,2159,N,VIIRS,n,2,282.02,1.46,N,2
35.77504,43.99234,303.09,0.51,0.66,2024-10-23,2159,N,VIIRS,n,2,281.8,1.21,N,2
35.81256,43.25476,299.9,0.56,0.69,2024-10-23,2159,N,VIIRS,n,2,281.33,1.05,N,2
35.81323,43.2547,300.95,0.56,0.69,2024-10-23,2159,N,VIIRS,n,2,281.18,1.0,N,2
35.92282,43.78788,315.05,0.53,0.67,2024-10-23,2159,N,VIIRS,n,2,280.67,1.9,N,2
35.96495,43.76385,317.08,0.53,0.67,2024-10-23,2159,N,VIIRS,n,2,282.21,2.47,N,2
35.96776,43.76663,313.78,0.53,0.67,2024-10-23,2159,N,VIIRS,n,2,283.06,3.33,N,2
35.968,43.7608,317.44,0.53,0.67,2024-10-23,2159,N,VIIRS,n,2,282.46,3.33,N,2
35.97126,43.76382,312.85,0.53,0.67,2024-10-23,2159,N,VIIRS,n,2,282.47,2.47,N,2
35.97146,43.75806,296.89,0.53,0.67,2024-10-23,2159,N,VIIRS,n,2,281.24,2.47,N,0
35.97382,43.77244,301.07,0.53,0.67,2024-10-23,2159,N,VIIRS,n,2,281.23,1.72,N,2
35.98036,43.76666,305.96,0.53,0.67,2024-10-23,2159,N,VIIRS,n,2,282.1,2.73,N,2
35.99666,43.75844,324.9,0.53,0.67,2024-10-23,2159,N,VIIRS,n,2,280.57,1.77,N,2
35.9995,43.76128,311.31,0.53,0.67,2024-10-23,2159,N,VIIRS,n,2,279.15,1.06,N,2
36.01852,43.67993,304.79,0.53,0.67,2024-10-23,2159,N,VIIRS,n,2,281.73,1.16,N,2
36.08345,43.63993,302.08,0.54,0.68,2024-10-23,2159,N,VIIRS,n,2,281.63,0.59,N,0
36.08553,43.6385,305.37,0.54,0.68,2024-10-23,2159,N,VIIRS,n,2,281.65,0.76,N,0
36.09863,43.62695,295.22,0.54,0.68,2024-10-23,2159,N,VIIRS,n,2,281.84,0.57,N,0
36.12478,43.77749,297.05,0.53,0.67,2024-10-23,2159,N,VIIRS,n,2,282.3,0.51,N,2
36.1413,40.8154,314.08,0.77,0.77,2024-10-23,2159,N,VIIRS,n,2,277.12,2.79,N,2
36.14174,40.80981,309.38,0.77,0.77,2024-10-23,2159,N,VIIRS,n,2,277.61,3.07,N,2
36.1722,43.69497,295.09,0.53,0.67,2024-10-23,2159,N,VIIRS,n,2,281.52,1.1,N,0
36.1749,43.62593,305.31,0.54,0.68,2024-10-23,2159,N,VIIRS,n,2,280.58,1.36,N,0
36.175,43.69515,299.8,0.53,0.67,2024-10-23,2159,N,VIIRS,n,2,281.43,0.69,N,0
36.17515,43.61964,301.59,0.54,0.68,2024-10-23,2159,N,VIIRS,n,2,280.08,1.68,N,0
36.20837,43.82255,297.04,0.53,0.67,2024-10-23,2159,N,VIIRS,n,2,278.71,0.68,N,0
36.21114,43.82256,303.27,0.53,0.67,2024-10-23,2159,N,VIIRS,n,2,279.0,1.01,N,0
36.21465,43.82283,296.06,0.53,0.67,2024-10-23,2159,N,VIIRS,n,2,278.65,0.68,N,0
36.27644,43.75539,300.07,0.53,0.67,2024-10-23,2159,N,VIIRS,n,2,280.02,1.71,N,0
36.27665,43.74926,315.38,0.53,0.67,2024-10-23,2159,N,VIIRS,n,2,280.89,1.74,N,0
36.27726,43.98274,296.71,0.52,0.66,2024-10-23,2159,N,VIIRS,n,2,280.14,0.52,N,0
36.28046,43.75143,324.72,0.53,0.67,2024-10-23,2159,N,VIIRS,n,2,281.31,3.59,N,0
36.28296,43.74951,297.32,0.53,0.67,2024-10-23,2159,N,VIIRS,n,2,280.59,1.74,N,0
36.312,43.75293,299.2,0.53,0.67,2024-10-23,2159,N,VIIRS,n,2,283.02,0.81,N,2
36.45916,41.27778,295.15,0.73,0.76,2024-10-23,2159,N,VIIRS,n,2,277.81,0.79,N,2
36.69355,43.8158,295.03,0.53,0.67,2024-10-23,2159,N,VIIRS,n,2,279.81,0.52,N,0
36.70712,43.79213,320.59,0.53,0.67,2024-10-23,2159,N,VIIRS,n,2,279.93,2.63,N,0
36.70956,43.7911,322.18,0.53,0.67,2024-10-23,2159,N,VIIRS,n,2,280.48,3.3,N,0
36.71341,43.7927,302.07,0.53,0.67,2024-10-23,2159,N,VIIRS,n,2,279.5,0.75,N,0
36.72489,43.0761,314.3,0.58,0.7,2024-10-23,2159,N,VIIRS,n,2,278.42,2.74,N,0
36.72641,43.0784,298.57,0.58,0.7,2024-10-23,2159,N,VIIRS,n,2,278.43,1.59,N,0
36.72663,43.07154,303.52,0.58,0.7,2024-10-23,2159,N,VIIRS,n,2,276.51,1.59,N,0
36.77601,43.32825,316.68,0.56,0.69,2024-10-23,2159,N,VIIRS,n,2,279.95,3.99,N,2
36.77625,43.32112,328.01,0.57,0.69,2024-10-23,2159,N,VIIRS,n,2,279.13,6.06,N,2
36.86839,43.48495,309.83,0.56,0.68,2024-10-23,2159,N,VIIRS,n,2,277.1,2.39,N,2
36.88791,43.66181,296.46,0.54,0.68,2024-10-23,2159,N,VIIRS,n,2,277.68,0.55,N,0
36.8896,43.42749,304.4,0.56,0.69,2024-10-23,2159,N,VIIRS,n,2,275.59,1.92,N,2
36.89602,43.42822,300.52,0.56,0.69,2024-10-23,2159,N,VIIRS,n,2,275.86,1.53,N,0
36.90398,43.38353,310.65,0.56,0.69,2024-10-23,2159,N,VIIRS,n,2,275.47,2.24,N,2
36.91042,43.38528,322.59,0.56,0.69,2024-10-23,2159,N,VIIRS,n,2,276.45,3.96,N,2
36.91043,43.38358,330.61,0.56,0.69,2024-10-23,2159,N,VIIRS,n,2,276.51,4.35,N,2
36.91694,41.89281,297.4,0.68,0.74,2024-10-23,2159,N,VIIRS,n,2,275.61,0.92,N,2
36.94544,42.16955,295.64,0.65,0.73,2024-10-23,2159,N,VIIRS,n,2,276.12,1.21,N,2
36.94546,42.16897,295.6,0.65,0.73,2024-10-23,2159,N,VIIRS,n,2,275.83,0.66,N,2
36.94613,42.13193,321.47,0.66,0.73,2024-10-23,2159,N,VIIRS,n,2,276.69,3.59,N,2
36.94627,42.12426,301.32,0.66,0.73,2024-10-23,2159,N,VIIRS,n,2,278.04,4.83,N,0
36.94634,42.13142,329.27,0.66,0.73,2024-10-23,2159,N,VIIRS,n,2,277.62,4.93,N,2
36.99734,41.56299,297.52,0.71,0.75,2024-10-23,2159,N,VIIRS,n,2,276.51,1.21,N,2
37.00919,42.07253,295.75,0.66,0.73,2024-10-23,2159,N,VIIRS,n,2,276.73,0.59,N,0
37.56985,42.60788,295.72,0.63,0.72,2024-10-23,2159,N,VIIRS,n,2,273.95,0.82,N,0
37.70157,40.89125,314.49,0.77,0.78,2024-10-23,2159,N,VIIRS,n,2,274.27,2.86,N,0
37.70225,40.88799,302.62,0.77,0.78,2024-10-23,2159,N,VIIRS,n,2,274.39,2.5,N,0
37.74692,40.76679,305.88,0.79,0.78,2024-10-23,2159,N,VIIRS,n,2,276.66,2.79,N,0
36.08606,43.64181,297.34,0.35,0.57,2024-10-23,2339,N,VIIRS,n,2,280.0,0.62,N,0
36.12758,43.78492,296.61,0.36,0.57,2024-10-23,2339,N,VIIRS,n,2,282.32,0.6,N,2
36.17387,43.62569,318.99,0.35,0.57,2024-10-23,2339,N,VIIRS,n,2,280.22,1.41,N,0
36.17751,43.69584,305.49,0.35,0.57,2024-10-23,2339,N,VIIRS,n,2,281.5,0.69,N,0
36.17779,43.69798,296.38,0.35,0.57,2024-10-23,2339,N,VIIRS,n,2,281.23,0.35,N,0
36.21093,43.8266,297.55,0.36,0.57,2024-10-23,2339,N,VIIRS,n,2,277.93,0.6,N,0
36.31274,43.75645,306.41,0.35,0.57,2024-10-23,2339,N,VIIRS,n,2,283.83,0.89,N,2
36.44878,43.18238,296.63,0.33,0.55,2024-10-23,2339,N,VIIRS,n,2,281.27,0.4,N,0
36.5199,43.13511,298.48,0.32,0.55,2024-10-23,2339,N,VIIRS,n,2,280.8,0.48,N,0
36.64115,43.71352,296.27,0.35,0.56,2024-10-23,2339,N,VIIRS,n,2,279.93,0.54,N,0
36.65031,43.72091,296.03,0.35,0.56,2024-10-23,2339,N,VIIRS,n,2,280.25,0.77,N,0
36.65632,43.71907,310.71,0.35,0.56,2024-10-23,2339,N,VIIRS,n,2,279.54,0.77,N,0
36.65727,43.71538,303.88,0.35,0.56,2024-10-23,2339,N,VIIRS,n,2,279.36,1.43,N,0
36.70132,43.78122,313.84,0.35,0.57,2024-10-23,2339,N,VIIRS,n,2,281.11,1.59,N,0
36.70256,43.78012,315.92,0.35,0.57,2024-10-23,2339,N,VIIRS,n,2,281.15,1.13,N,0
36.70951,43.79258,311.56,0.35,0.57,2024-10-23,2339,N,VIIRS,n,2,281.77,1.06,N,0
36.70975,43.79515,300.84,0.35,0.57,2024-10-23,2339,N,VIIRS,n,2,281.14,0.62,N,0
36.71072,43.79141,299.91,0.35,0.57,2024-10-23,2339,N,VIIRS,n,2,281.51,0.86,N,0
36.72012,43.07418,310.62,0.32,0.54,2024-10-23,2339,N,VIIRS,n,2,279.87,1.05,N,0
36.72414,43.07942,296.86,0.32,0.54,2024-10-23,2339,N,VIIRS,n,2,280.9,2.17,N,0
36.72501,43.07594,367.0,0.32,0.54,2024-10-23,2339,N,VIIRS,h,2,286.75,2.17,N,0
36.72588,43.07246,301.07,0.32,0.54,2024-10-23,2339,N,VIIRS,n,2,280.36,2.69,N,0
36.72992,43.07758,295.55,0.32,0.54,2024-10-23,2339,N,VIIRS,n,2,281.09,2.17,N,0
36.73167,43.07059,304.73,0.32,0.54,2024-10-23,2339,N,VIIRS,n,2,281.54,2.69,N,0
36.73254,43.06711,297.13,0.32,0.54,2024-10-23,2339,N,VIIRS,n,2,280.87,1.53,N,0
36.73665,43.07199,302.79,0.32,0.54,2024-10-23,2339,N,VIIRS,n,2,280.62,1.59,N,0
36.73753,43.06848,299.73,0.32,0.54,2024-10-23,2339,N,VIIRS,n,2,278.86,1.12,N,0
36.74499,43.50114,298.14,0.34,0.56,2024-10-23,2339,N,VIIRS,n,2,279.62,0.74,N,2
36.7736,43.32378,318.82,0.33,0.55,2024-10-23,2339,N,VIIRS,n,2,280.21,2.11,N,2
36.77876,43.32471,340.49,0.33,0.55,2024-10-23,2339,N,VIIRS,n,2,285.51,2.11,N,2
36.87026,43.49058,331.66,0.33,0.56,2024-10-23,2339,N,VIIRS,n,2,281.47,2.49,N,2
36.88192,43.66594,308.13,0.34,0.56,2024-10-23,2339,N,VIIRS,n,2,279.13,1.16,N,0
36.8862,43.67066,296.83,0.34,0.56,2024-10-23,2339,N,VIIRS,n,2,278.3,0.48,N,0
36.89008,43.4334,311.16,0.33,0.55,2024-10-23,2339,N,VIIRS,n,2,275.87,1.82,N,2
36.89106,43.42951,324.91,0.33,0.55,2024-10-23,2339,N,VIIRS,n,2,277.35,1.82,N,2
36.90517,43.39484,300.36,0.33,0.55,2024-10-23,2339,N,VIIRS,n,2,276.67,2.79,N,2
36.90612,43.39101,337.93,0.33,0.55,2024-10-23,2339,N,VIIRS,n,2,281.35,5.48,N,2
36.9348,42.12001,297.67,0.56,0.52,2024-10-23,2339,N,VIIRS,n,2,277.21,1.84,N,0
36.93643,42.134,299.56,0.56,0.52,2024-10-23,2339,N,VIIRS,n,2,279.42,1.2,N,2
36.93941,42.12169,341.12,0.56,0.52,2024-10-23,2339,N,VIIRS,n,2,282.75,18.89,N,2
36.94119,42.17671,338.44,0.57,0.52,2024-10-23,2339,N,VIIRS,n,2,286.52,15.82,N,0
36.94269,42.17049,342.79,0.56,0.52,2024-10-23,2339,N,VIIRS,n,2,298.05,80.27,N,2
36.9458,42.17847,337.63,0.57,0.52,2024-10-23,2339,N,VIIRS,n,2,282.2,5.26,N,0
36.94714,42.13126,299.68,0.56,0.52,2024-10-23,2339,N,VIIRS,n,2,280.04,1.19,N,2
36.94731,42.17223,300.68,0.56,0.52,2024-10-23,2339,N,VIIRS,n,2,278.06,4.19,N,0
36.96349,42.08433,304.97,0.56,0.51,2024-10-23,2339,N,VIIRS,n,2,275.97,1.27,N,2
37.02431,42.27002,355.12,0.57,0.52,2024-10-23,2339,N,VIIRS,n,2,286.79,23.33,N,0
37.09794,41.62297,333.62,0.52,0.5,2024-10-23,2339,N,VIIRS,n,2,283.03,4.4,N,0
37.33778,40.80286,299.71,0.47,0.48,2024-10-23,2339,N,VIIRS,n,2,282.03,1.02,N,2
37.48621,41.20024,296.84,0.49,0.48,2024-10-23,2339,N,VIIRS,n,2,277.61,1.12,N,0
37.65024,37.94251,297.89,0.51,0.41,2024-10-23,2339,N,VIIRS,n,2,281.71,0.67,N,0
37.67793,38.93636,327.94,0.56,0.43,2024-10-23,2339,N,VIIRS,n,2,279.26,3.93,N,0
37.67836,37.84187,306.56,0.5,0.41,2024-10-23,2339,N,VIIRS,n,2,279.99,1.17,N,0
37.68179,38.93769,315.94,0.56,0.43,2024-10-23,2339,N,VIIRS,n,2,282.59,3.93,N,0
37.70044,40.89393,304.71,0.47,0.47,2024-10-23,2339,N,VIIRS,n,2,274.23,1.63,N,0
37.70468,40.89552,314.27,0.47,0.47,2024-10-23,2339,N,VIIRS,n,2,275.12,1.63,N,0
37.71751,41.00174,296.0,0.47,0.48,2024-10-23,2339,N,VIIRS,n,2,276.01,0.83,N,0
37.72177,41.00335,331.23,0.47,0.48,2024-10-23,2339,N,VIIRS,n,2,278.02,3.5,N,0
37.7219,41.00037,333.68,0.47,0.48,2024-10-23,2339,N,VIIRS,n,2,278.08,2.72,N,0
37.72992,40.96725,297.38,0.47,0.48,2024-10-23,2339,N,VIIRS,n,2,275.28,2.95,N,0
37.73333,40.97109,328.64,0.47,0.48,2024-10-23,2339,N,VIIRS,n,2,278.17,3.36,N,0
37.73416,40.96889,334.32,0.47,0.48,2024-10-23,2339,N,VIIRS,n,2,279.38,2.95,N,0
37.73452,40.96594,307.83,0.47,0.48,2024-10-23,2339,N,VIIRS,n,2,276.69,3.36,N,0
37.73757,40.97272,310.89,0.47,0.48,2024-10-23,2339,N,VIIRS,n,2,277.65,1.96,N,0
37.73876,40.96758,318.71,0.47,0.48,2024-10-23,2339,N,VIIRS,n,2,277.02,1.96,N,0
37.74368,40.9863,333.91,0.47,0.48,2024-10-23,2339,N,VIIRS,n,2,277.65,4.47,N,0
37.74487,40.98113,330.9,0.47,0.48,2024-10-23,2339,N,VIIRS,n,2,277.12,4.47,N,0
37.83095,38.59382,313.27,0.54,0.42,2024-10-23,2339,N,VIIRS,n,2,281.53,2.21,N,0
37.96888,41.53179,295.96,0.5,0.49,2024-10-23,2339,N,VIIRS,n,2,274.21,1.35,N,0
37.97327,41.53328,316.56,0.5,0.49,2024-10-23,2339,N,VIIRS,n,2,276.22,1.35,N,0
37.97457,41.5277,300.08,0.5,0.49,2024-10-23,2339,N,VIIRS,n,2,275.8,1.35,N,0
38.01656,40.68518,297.29,0.45,0.47,2024-10-23,2339,N,VIIRS,n,2,275.81,0.95,N,0
38.01768,40.68027,297.99,0.45,0.47,2024-10-23,2339,N,VIIRS,n,2,274.36,0.81,N,0
38.01801,40.68951,295.15,0.45,0.47,2024-10-23,2339,N,VIIRS,n,2,276.75,0.62,N,0
38.01909,40.68462,316.96,0.45,0.47,2024-10-23,2339,N,VIIRS,n,2,277.92,2.11,N,0
38.02077,40.68652,306.17,0.45,0.47,2024-10-23,2339,N,VIIRS,n,2,277.59,0.95,N,0
38.06078,40.68944,301.95,0.45,0.47,2024-10-23,2339,N,VIIRS,n,2,276.1,0.65,N,0
38.07018,41.51165,297.7,0.49,0.49,2024-10-23,2339,N,VIIRS,n,2,282.67,0.63,N,0
38.07453,41.51321,301.03,0.49,0.49,2024-10-23,2339,N,VIIRS,n,2,282.87,0.64,N,0
38.12999,40.22279,297.47,0.42,0.45,2024-10-23,2339,N,VIIRS,n,2,276.41,0.51,N,0
38.45301,38.72738,296.37,0.53,0.42,2024-10-23,2339,N,VIIRS,n,2,277.81,1.21,N,2
38.47398,35.62599,300.11,0.41,0.37,2024-10-23,2339,N,VIIRS,n,2,267.78,0.68,N,0
38.65768,30.61646,300.99,0.42,0.37,2024-10-23,2339,N,VIIRS,n,2,276.46,1.5,N,2
39.16637,27.63041,301.17,0.54,0.42,2024-10-23,2339,N,VIIRS,n,2,283.24,1.17,N,2
39.17033,27.6307,298.05,0.54,0.42,2024-10-23,2339,N,VIIRS,n,2,284.77,0.86,N,2
39.19252,27.64664,295.07,0.54,0.42,2024-10-23,2339,N,VIIRS,n,2,283.33,0.26,N,0
39.48332,30.03912,295.74,0.44,0.38,2024-10-23,2339,N,VIIRS,n,2,273.97,0.94,N,2
39.74352,30.19876,296.02,0.44,0.38,2024-10-23,2339,N,VIIRS,n,2,276.87,0.73,N,2
39.80035,34.72366,342.1,0.39,0.36,2024-10-23,2339,N,VIIRS,n,2,273.13,7.66,N,0
39.83798,30.30345,299.53,0.44,0.38,2024-10-23,2339,N,VIIRS,n,2,278.38,0.79,N,2
39.86432,26.24389,311.01,0.43,0.46,2024-10-23,2339,N,VIIRS,n,2,286.06,2.19,N,2
39.86592,26.24319,315.86,0.43,0.46,2024-10-23,2339,N,VIIRS,n,2,286.97,1.93,N,2
39.8993,28.872,295.52,0.49,0.4,2024-10-23,2339,N,VIIRS,n,2,276.28,0.4,N,0
39.96058,33.14494,301.51,0.39,0.36,2024-10-23,2339,N,VIIRS,n,2,276.32,0.73,N,2
40.04902,32.64883,301.46,0.39,0.36,2024-10-23,2339,N,VIIRS,n,2,276.12,0.72,N,2
40.76586,32.21629,306.46,0.4,0.37,2024-10-23,2339,N,VIIRS,n,2,274.61,1.28,N,2
40.94561,31.39849,304.26,0.41,0.37,2024-10-23,2339,N,VIIRS,n,2,279.67,0.98,N,2
41.01948,28.55336,302.18,0.52,0.41,2024-10-23,2339,N,VIIRS,n,2,282.92,1.73,N,2
41.02118,28.55404,308.05,0.52,0.42,2024-10-23,2339,N,VIIRS,n,2,284.64,1.41,N,2
41.17484,32.63691,301.96,0.39,0.36,2024-10-23,2339,N,VIIRS,n,2,279.46,0.54,N,2
41.17551,32.63226,297.03,0.39,0.36,2024-10-23,2339,N,VIIRS,n,2,279.37,0.54,N,2
41.17818,32.63775,298.12,0.39,0.36,2024-10-23,2339,N,VIIRS,n,2,280.01,0.54,N,2
41.17884,32.63309,296.16,0.39,0.36,2024-10-23,2339,N,VIIRS,n,2,279.78,0.54,N,2
41.23916,36.44204,310.72,0.41,0.37,2024-10-23,2339,N,VIIRS,n,2,282.48,1.27,N,2
41.24245,36.46337,336.68,0.41,0.37,2024-10-23,2339,N,VIIRS,n,2,285.2,9.84,N,2
41.25308,31.4139,298.23,0.42,0.37,2024-10-23,2339,N,VIIRS,n,2,281.72,0.43,N,2
41.25651,31.4147,308.63,0.42,0.37,2024-10-23,2339,N,VIIRS,n,2,282.56,0.79,N,2
41.26139,31.4312,302.16,0.42,0.37,2024-10-23,2339,N,VIIRS,n,2,282.41,0.95,N,2
41.26548,31.42704,300.08,0.42,0.37,2024-10-23,2339,N,VIIRS,n,2,286.86,0.95,N,2
41.26614,31.42208,311.4,0.42,0.37,2024-10-23,2339,N,VIIRS,n,2,285.21,1.76,N,2
41.41505,26.88404,295.4,0.42,0.45,2024-10-23,2339,N,VIIRS,n,2,274.85,0.47,N,0
41.63667,25.73664,299.16,0.48,0.48,2024-10-23,2339,N,VIIRS,n,2,273.92,1.45,N,0
41.76298,27.2083,302.12,0.41,0.45,2024-10-23,2339,N,VIIRS,n,2,276.33,0.84,N,0
35.52497,44.34568,352.93,0.4,0.6,2024-10-23,2340,N,VIIRS,n,2,282.9,4.24,N,2
35.52608,44.34145,327.19,0.4,0.6,2024-10-23,2340,N,VIIRS,n,2,282.04,4.24,N,2
35.53144,44.34347,329.03,0.4,0.6,2024-10-23,2340,N,VIIRS,n,2,282.03,3.92,N,2
35.53255,44.33923,350.22,0.4,0.6,2024-10-23,2340,N,VIIRS,n,2,283.79,3.85,N,2
35.53368,44.33496,299.28,0.4,0.6,2024-10-23,2340,N,VIIRS,n,2,281.34,3.85,N,2
35.56415,44.28588,308.64,0.39,0.6,2024-10-23,2340,N,VIIRS,n,2,280.76,0.84,N,2
35.56451,44.28324,304.6,0.39,0.6,2024-10-23,2340,N,VIIRS,n,2,280.39,0.72,N,2
35.6292,44.01365,296.29,0.38,0.59,2024-10-23,2340,N,VIIRS,n,2,281.15,3.61,N,2
35.63025,44.00961,367.0,0.38,0.59,2024-10-23,2340,N,VIIRS,h,2,289.85,11.33,N,2
35.66089,43.96478,350.84,0.38,0.59,2024-10-23,2340,N,VIIRS,n,2,284.44,2.59,N,2
35.6639,43.96833,334.16,0.38,0.59,2024-10-23,2340,N,VIIRS,n,2,283.34,2.26,N,2
35.66495,43.96422,311.58,0.38,0.59,2024-10-23,2340,N,VIIRS,n,2,280.8,2.26,N,2
35.66613,43.96672,299.3,0.38,0.59,2024-10-23,2340,N,VIIRS,n,2,280.96,2.59,N,2
35.6816,43.87717,339.73,0.37,0.58,2024-10-23,2340,N,VIIRS,n,2,279.74,4.84,N,2
35.68325,43.87999,349.1,0.37,0.58,2024-10-23,2340,N,VIIRS,n,2,281.85,16.98,N,2
35.68431,43.87594,367.0,0.37,0.58,2024-10-23,2340,N,VIIRS,h,2,291.09,17.34,N,2
35.68576,43.8832,297.54,0.37,0.58,2024-10-23,2340,N,VIIRS,n,2,279.93,5.85,N,2
35.6868,43.87916,345.01,0.37,0.58,2024-10-23,2340,N,VIIRS,n,2,292.46,16.65,N,2
35.68784,43.87508,317.28,0.37,0.58,2024-10-23,2340,N,VIIRS,n,2,280.09,16.65,N,2
35.68952,43.87793,299.44,0.37,0.58,2024-10-23,2340,N,VIIRS,n,2,280.52,17.34,N,2
35.71724,43.77229,305.11,0.37,0.58,2024-10-23,2340,N,VIIRS,n,2,283.2,0.93,N,2
35.71899,43.77547,296.27,0.37,0.58,2024-10-23,2340,N,VIIRS,n,2,282.96,0.92,N,2
35.72125,44.04191,303.63,0.38,0.59,2024-10-23,2340,N,VIIRS,n,2,282.04,1.72,N,2
35.72652,44.0438,337.32,0.38,0.59,2024-10-23,2340,N,VIIRS,n,2,284.6,1.72,N,2
35.72759,44.03966,297.9,0.38,0.59,2024-10-23,2340,N,VIIRS,n,2,282.44,1.72,N,2
35.72865,44.03556,302.92,0.38,0.59,2024-10-23,2340,N,VIIRS,n,2,282.65,0.83,N,2
35.7297,44.03154,298.48,0.38,0.59,2024-10-23,2340,N,VIIRS,n,2,282.15,0.83,N,2
35.77043,43.99551,312.06,0.38,0.58,2024-10-23,2340,N,VIIRS,n,2,282.19,1.09,N,2
35.77276,43.99822,315.46,0.38,0.58,2024-10-23,2340,N,VIIRS,n,2,282.53,1.95,N,2
35.7757,43.99732,311.13,0.38,0.58,2024-10-23,2340,N,VIIRS,n,2,282.3,0.86,N,2
35.81652,43.25871,304.51,0.34,0.56,2024-10-23,2340,N,VIIRS,n,2,281.3,1.09,N,2
35.84647,43.66265,301.81,0.36,0.57,2024-10-23,2340,N,VIIRS,n,2,277.91,0.62,N,0
35.8468,43.66438,298.81,0.36,0.57,2024-10-23,2340,N,VIIRS,n,2,278.26,0.48,N,0
35.92437,43.78941,315.44,0.36,0.58,2024-10-23,2340,N,VIIRS,n,2,281.0,1.28,N,2
35.92589,43.79176,313.18,0.36,0.58,2024-10-23,2340,N,VIIRS,n,2,280.15,1.35,N,2
35.95188,43.72747,311.14,0.36,0.57,2024-10-23,2340,N,VIIRS,n,2,279.97,1.55,N,2
35.95301,43.72963,321.32,0.36,0.57,2024-10-23,2340,N,VIIRS,n,2,281.37,1.44,N,2
35.96333,43.77013,305.23,0.36,0.58,2024-10-23,2340,N,VIIRS,n,2,280.31,1.45,N,0
35.96437,43.7661,313.01,0.36,0.58,2024-10-23,2340,N,VIIRS,n,2,281.07,1.45,N,2
35.96836,43.77246,324.09,0.36,0.58,2024-10-23,2340,N,VIIRS,n,2,281.41,4.12,N,2
35.9694,43.76846,367.0,0.36,0.58,2024-10-23,2340,N,VIIRS,h,2,286.48,4.12,N,2
35.97044,43.76447,350.88,0.36,0.58,2024-10-23,2340,N,VIIRS,n,2,285.14,9.45,N,2
35.97342,43.77474,301.98,0.36,0.58,2024-10-23,2340,N,VIIRS,n,2,281.16,4.12,N,2
35.98053,43.76905,305.49,0.36,0.58,2024-10-23,2340,N,VIIRS,n,2,282.15,1.17,N,2
35.99883,43.7637,321.32,0.36,0.57,2024-10-23,2340,N,VIIRS,n,2,279.19,1.28,N,2
36.01883,43.68604,298.62,0.36,0.57,2024-10-23,2340,N,VIIRS,n,2,281.21,1.08,N,2
36.01981,43.68222,313.0,0.36,0.57,2024-10-23,2340,N,VIIRS,n,2,281.55,1.73,N,2
36.13145,40.80937,297.05,0.5,0.49,2024-10-23,2340,N,VIIRS,n,2,278.99,0.87,N,2
36.14334,40.81955,332.22,0.5,0.49,2024-10-23,2340,N,VIIRS,n,2,278.79,2.33,N,2
36.16721,41.04802,295.52,0.51,0.5,2024-10-23,2340,N,VIIRS,n,2,278.41,0.67,N,0
36.26265,33.72816,303.93,0.39,0.36,2024-10-23,2340,N,VIIRS,n,2,286.6,0.84,N,2
36.45881,41.28452,298.09,0.52,0.5,2024-10-23,2340,N,VIIRS,n,2,279.37,0.51,N,0
36.71655,36.20065,305.28,0.45,0.39,2024-10-23,2340,N,VIIRS,n,2,285.9,0.69,N,2
36.72006,36.20168,314.06,0.45,0.39,2024-10-23,2340,N,VIIRS,n,2,287.85,1.02,N,2
36.72967,36.20971,308.94,0.45,0.39,2024-10-23,2340,N,VIIRS,n,2,288.88,0.84,N,2
36.73116,36.21177,315.95,0.45,0.39,2024-10-23,2340,N,VIIRS,n,2,291.54,2.26,N,2
36.73318,36.21072,304.9,0.45,0.39,2024-10-23,2340,N,VIIRS,n,2,289.76,2.59,N,2
36.73561,36.20786,308.07,0.45,0.39,2024-10-23,2340,N,VIIRS,n,2,288.58,1.19,N,2
36.86746,34.75814,300.58,0.41,0.37,2024-10-23,2340,N,VIIRS,n,2,284.79,0.69,N,2
36.87004,34.76354,310.3,0.41,0.37,2024-10-23,2340,N,VIIRS,n,2,288.4,1.36,N,2
36.96284,35.45293,295.97,0.42,0.38,2024-10-23,2340,N,VIIRS,n,2,284.86,0.73,N,2
36.96368,35.44826,299.48,0.42,0.38,2024-10-23,2340,N,VIIRS,n,2,285.65,0.73,N,2
37.0217,36.10817,330.64,0.44,0.38,2024-10-23,2340,N,VIIRS,n,2,286.97,2.49,N,2
37.29455,37.15643,307.5,0.48,0.4,2024-10-23,2340,N,VIIRS,n,2,283.55,2.14,N,2
37.30178,37.15855,310.68,0.48,0.4,2024-10-23,2340,N,VIIRS,n,2,279.4,1.69,N,2
37.31242,35.79968,310.23,0.43,0.38,2024-10-23,2340,N,VIIRS,n,2,282.37,1.15,N,0
37.46807,36.57171,317.53,0.45,0.39,2024-10-23,2340,N,VIIRS,n,2,286.21,2.39,N,0
37.46901,36.56681,324.65,0.45,0.39,2024-10-23,2340,N,VIIRS,n,2,286.02,2.63,N,0
37.77276,27.43987,297.62,0.54,0.42,2024-10-23,2340,N,VIIRS,n,2,285.26,1.01,N,2
37.86333,29.37191,302.79,0.45,0.39,2024-10-23,2340,N,VIIRS,n,2,282.11,1.07,N,2
37.89723,30.49385,297.02,0.41,0.37,2024-10-23,2340,N,VIIRS,n,2,277.6,1.13,N,2
38.20622,30.0303,325.94,0.43,0.38,2024-10-23,2340,N,VIIRS,n,2,278.97,2.87,N,0
38.20687,30.02536,321.3,0.43,0.38,2024-10-23,2340,N,VIIRS,n,2,280.63,2.87,N,0
38.24757,28.25102,298.35,0.5,0.41,2024-10-23,2340,N,VIIRS,n,2,283.42,1.04,N,0
38.24825,28.24514,311.16,0.5,0.41,2024-10-23,2340,N,VIIRS,n,2,283.38,1.04,N,0
38.38702,30.7618,300.49,0.41,0.37,2024-10-23,2340,N,VIIRS,n,2,272.72,1.64,N,0
38.42624,27.21627,308.2,0.56,0.43,2024-10-23,2340,N,VIIRS,n,2,286.94,1.63,N,2
38.737,26.94868,306.33,0.39,0.44,2024-10-23,2340,N,VIIRS,n,2,287.41,0.81,N,2
38.73745,26.94422,310.64,0.39,0.44,2024-10-23,2340,N,VIIRS,n,2,291.22,1.87,N,2
38.73879,26.93072,305.12,0.39,0.44,2024-10-23,2340,N,VIIRS,n,2,287.97,0.84,N,2
38.74283,26.93134,297.5,0.39,0.44,2024-10-23,2340,N,VIIRS,n,2,285.29,0.4,N,2
38.75044,26.93731,295.85,0.39,0.44,2024-10-23,2340,N,VIIRS,n,2,284.46,0.74,N,0
38.7509,26.93272,302.22,0.39,0.44,2024-10-23,2340,N,VIIRS,n,2,284.66,0.74,N,0
35.52547,44.34236,367.0,0.34,0.56,2024-10-24,919,N,VIIRS,h,2,303.84,5.56,D,2
35.5264,44.34608,340.97,0.34,0.56,2024-10-24,919,N,VIIRS,n,2,300.58,5.56,D,2
35.52954,44.33683,338.63,0.34,0.56,2024-10-24,919,N,VIIRS,n,2,300.01,6.72,D,2
35.53047,44.34054,367.0,0.34,0.56,2024-10-24,919,N,VIIRS,h,2,304.29,11.47,D,2
35.56543,44.28354,339.65,0.34,0.56,2024-10-24,919,N,VIIRS,n,2,297.67,0.72,D,2
35.62944,44.00866,367.0,0.35,0.57,2024-10-24,919,N,VIIRS,h,2,309.2,16.2,D,2
35.6456,44.40148,344.48,0.33,0.56,2024-10-24,919,N,VIIRS,n,2,300.68,4.61,D,0
35.66273,43.96325,367.0,0.35,0.57,2024-10-24,919,N,VIIRS,h,2,304.18,6.99,D,2
35.66325,43.35611,355.99,0.38,0.59,2024-10-24,919,N,VIIRS,n,2,299.59,5.23,D,0
35.68503,43.87534,340.59,0.35,0.57,2024-10-24,919,N,VIIRS,n,2,310.02,29.5,D,2
35.686,43.87915,347.66,0.35,0.57,2024-10-24,919,N,VIIRS,n,2,300.17,24.6,D,2
35.68608,44.455,355.72,0.33,0.55,2024-10-24,919,N,VIIRS,n,2,298.65,4.37,D,0
35.69719,43.87928,335.63,0.35,0.57,2024-10-24,919,N,VIIRS,n,2,299.37,2.45,D,0
35.72636,44.03946,357.04,0.35,0.56,2024-10-24,919,N,VIIRS,n,2,300.67,5.69,D,2
35.74411,43.86989,367.0,0.35,0.57,2024-10-24,919,N,VIIRS,h,2,300.91,5.48,D,0
35.74424,44.40589,331.65,0.33,0.55,2024-10-24,919,N,VIIRS,n,2,297.79,3.09,D,0
35.76553,44.12995,367.0,0.34,0.56,2024-10-24,919,N,VIIRS,h,2,300.94,5.33,D,0
35.76645,44.13367,334.06,0.34,0.56,2024-10-24,919,N,VIIRS,n,2,299.33,5.33,D,0
35.77055,44.12809,337.54,0.34,0.56,2024-10-24,919,N,VIIRS,n,2,295.03,5.33,D,0
35.81838,44.11858,332.07,0.34,0.56,2024-10-24,919,N,VIIRS,n,2,299.2,2.42,D,0
35.8571,44.27243,333.42,0.33,0.56,2024-10-24,919,N,VIIRS,n,2,301.71,3.7,D,0
35.86027,44.26334,345.87,0.33,0.56,2024-10-24,919,N,VIIRS,n,2,299.27,3.41,D,0
35.86119,44.26701,333.29,0.33,0.56,2024-10-24,919,N,VIIRS,n,2,300.01,3.41,D,0
35.86212,44.27073,345.24,0.33,0.56,2024-10-24,919,N,VIIRS,n,2,301.05,3.7,D,0
35.86306,44.27446,346.67,0.33,0.56,2024-10-24,919,N,VIIRS,n,2,300.62,3.7,D,0
35.83273,37.34519,330.26,0.76,0.77,2024-10-24,920,N,VIIRS,n,2,298.95,4.47,D,0
35.96721,43.76336,355.17,0.35,0.57,2024-10-24,920,N,VIIRS,n,2,299.18,5.94,D,2
35.96815,43.76702,348.01,0.35,0.57,2024-10-24,920,N,VIIRS,n,2,299.09,6.67,D,2
35.99856,44.08215,335.47,0.34,0.56,2024-10-24,920,N,VIIRS,n,2,298.51,3.01,D,0
36.00272,44.08128,333.18,0.34,0.56,2024-10-24,920,N,VIIRS,n,2,295.84,2.6,D,0
36.01195,44.04842,352.7,0.34,0.56,2024-10-24,920,N,VIIRS,n,2,301.2,7.37,D,0
36.01905,43.68276,335.76,0.36,0.57,2024-10-24,920,N,VIIRS,n,2,300.55,2.58,D,2
36.04777,44.12518,337.65,0.34,0.56,2024-10-24,920,N,VIIRS,n,2,297.73,3.36,D,0
36.17179,43.6272,339.14,0.36,0.57,2024-10-24,920,N,VIIRS,n,2,301.85,3.65,D,0
36.17904,39.41932,340.16,0.59,0.7,2024-10-24,920,N,VIIRS,n,2,299.18,3.86,D,0
36.17998,39.42065,340.31,0.59,0.7,2024-10-24,920,N,VIIRS,n,2,299.01,4.64,D,0
36.23781,43.88787,350.52,0.34,0.56,2024-10-24,920,N,VIIRS,n,2,300.19,3.36,D,0
36.23874,43.89158,335.46,0.34,0.56,2024-10-24,920,N,VIIRS,n,2,300.44,3.36,D,0
36.28133,43.47152,339.68,0.36,0.57,2024-10-24,920,N,VIIRS,n,2,300.38,2.78,D,0
36.2825,43.46923,335.92,0.36,0.57,2024-10-24,920,N,VIIRS,n,2,300.5,2.09,D,0
36.28549,43.44415,333.65,0.36,0.57,2024-10-24,920,N,VIIRS,n,2,301.74,1.9,D,0
36.29675,43.44401,344.18,0.36,0.57,2024-10-24,920,N,VIIRS,n,2,302.07,4.6,D,0
36.31753,43.63253,330.24,0.35,0.57,2024-10-24,920,N,VIIRS,n,2,299.93,2.06,D,0
36.31777,43.63084,337.48,0.35,0.57,2024-10-24,920,N,VIIRS,n,2,300.46,2.29,D,0
36.32241,43.99805,331.83,0.34,0.56,2024-10-24,920,N,VIIRS,n,2,300.88,1.39,D,0
36.46733,44.38256,336.12,0.32,0.55,2024-10-24,920,N,VIIRS,n,2,295.52,2.94,D,0
36.46758,43.06821,367.0,0.37,0.58,2024-10-24,920,N,VIIRS,h,2,302.8,6.13,D,0
36.50734,43.13342,345.06,0.37,0.58,2024-10-24,920,N,VIIRS,n,2,300.67,5.41,D,0
36.64308,43.29281,334.77,0.36,0.57,2024-10-24,920,N,VIIRS,n,2,302.52,2.25,D,0
36.6482,43.29081,334.83,0.36,0.57,2024-10-24,920,N,VIIRS,n,2,301.49,2.25,D,0
36.6513,38.58506,334.76,0.63,0.72,2024-10-24,920,N,VIIRS,n,2,301.04,2.84,D,0
36.7731,41.92542,337.19,0.42,0.61,2024-10-24,920,N,VIIRS,n,2,302.1,2.89,D,0
36.77345,42.40187,367.0,0.4,0.6,2024-10-24,920,N,VIIRS,h,2,301.72,6.43,D,0
36.77346,42.40117,347.46,0.4,0.6,2024-10-24,920,N,VIIRS,n,2,300.65,6.04,D,0
36.78222,42.47904,335.27,0.39,0.6,2024-10-24,920,N,VIIRS,n,2,302.12,2.55,D,0
36.7849,42.24624,336.51,0.41,0.6,2024-10-24,920,N,VIIRS,n,2,301.69,1.83,D,0
36.80202,41.04293,347.4,0.47,0.64,2024-10-24,920,N,VIIRS,n,2,302.98,4.75,D,0
36.84849,39.4332,345.84,0.56,0.69,2024-10-24,920,N,VIIRS,n,2,300.76,6.91,D,0
36.85014,39.43019,367.0,0.56,0.69,2024-10-24,920,N,VIIRS,h,2,302.64,14.02,D,0
36.85458,39.4305,340.11,0.56,0.69,2024-10-24,920,N,VIIRS,n,2,297.94,6.91,D,0
36.87671,43.66646,328.33,0.34,0.56,2024-10-24,920,N,VIIRS,n,2,295.44,2.5,D,0
36.88313,43.6702,354.2,0.34,0.56,2024-10-24,920,N,VIIRS,n,2,296.75,7.54,D,0
36.88407,43.67393,350.51,0.34,0.56,2024-10-24,920,N,VIIRS,n,2,291.63,6.74,D,0
36.88479,43.6695,329.73,0.34,0.56,2024-10-24,920,N,VIIRS,n,2,291.63,4.27,D,0
36.88575,43.67323,334.77,0.34,0.56,2024-10-24,920,N,VIIRS,n,2,287.93,4.41,D,0
36.9062,43.38586,341.52,0.35,0.57,2024-10-24,920,N,VIIRS,n,2,289.88,4.5,D,2
36.96154,42.05062,341.19,0.41,0.61,2024-10-24,920,N,VIIRS,n,2,303.28,2.35,D,2
37.00229,39.12227,367.0,0.58,0.7,2024-10-24,920,N,VIIRS,h,2,298.81,10.56,D,0
37.00292,39.11974,367.0,0.58,0.7,2024-10-24,920,N,VIIRS,h,2,298.05,6.96,D,0
37.07273,43.23178,329.04,0.35,0.57,2024-10-24,920,N,VIIRS,n,2,297.22,1.57,D,0
37.14697,41.54623,354.96,0.43,0.62,2024-10-24,920,N,VIIRS,n,2,305.68,5.68,D,0
37.15773,41.94928,342.48,0.41,0.61,2024-10-24,920,N,VIIRS,n,2,303.09,4.08,D,0
37.1672,41.8955,349.25,0.41,0.61,2024-10-24,920,N,VIIRS,n,2,304.12,4.72,D,0
37.32594,38.74488,342.13,0.59,0.7,2024-10-24,920,N,VIIRS,n,2,298.57,14.85,D,0
37.3262,38.74691,355.7,0.59,0.7,2024-10-24,920,N,VIIRS,n,2,300.85,16.89,D,0
37.32794,38.75143,367.0,0.59,0.7,2024-10-24,920,N,VIIRS,h,2,301.98,14.85,D,0
37.32817,38.75351,350.14,0.59,0.7,2024-10-24,920,N,VIIRS,n,2,300.11,21.37,D,0
37.32822,38.72923,341.4,0.59,0.7,2024-10-24,920,N,VIIRS,n,2,299.67,8.5,D,0
37.32851,38.73109,342.03,0.59,0.7,2024-10-24,920,N,VIIRS,n,2,299.37,6.9,D,0
37.33437,38.72622,344.61,0.59,0.7,2024-10-24,920,N,VIIRS,n,2,297.99,8.5,D,0
37.33465,38.72806,367.0,0.59,0.7,2024-10-24,920,N,VIIRS,h,2,299.5,6.9,D,0
37.42316,37.65173,328.53,0.67,0.73,2024-10-24,920,N,VIIRS,n,2,300.32,3.94,D,0
37.42807,37.65083,346.47,0.67,0.73,2024-10-24,920,N,VIIRS,n,2,300.48,10.68,D,0
37.42962,37.6487,340.08,0.67,0.73,2024-10-24,920,N,VIIRS,n,2,299.94,6.59,D,0
37.51227,40.45142,336.17,0.48,0.65,2024-10-24,920,N,VIIRS,n,2,296.55,2.4,D,0
37.59142,37.37945,329.39,0.68,0.74,2024-10-24,920,N,VIIRS,n,2,298.15,2.59,D,0
37.61532,38.74725,328.93,0.58,0.7,2024-10-24,920,N,VIIRS,n,2,297.09,2.96,D,0
37.62319,38.54221,367.0,0.59,0.7,2024-10-24,920,N,VIIRS,h,2,299.16,16.38,D,0
37.65408,40.21331,338.05,0.49,0.65,2024-10-24,920,N,VIIRS,n,2,298.15,3.8,D,0
37.65465,40.20987,332.87,0.49,0.65,2024-10-24,920,N,VIIRS,n,2,297.07,3.87,D,0
37.65618,40.21516,332.49,0.49,0.65,2024-10-24,920,N,VIIRS,n,2,297.79,6.25,D,0
37.67363,38.66161,336.55,0.58,0.7,2024-10-24,920,N,VIIRS,n,2,296.46,4.08,D,0
37.68821,38.15093,328.5,0.62,0.71,2024-10-24,920,N,VIIRS,n,2,300.23,2.09,D,0
37.71188,40.38631,349.57,0.48,0.65,2024-10-24,920,N,VIIRS,n,2,299.08,6.01,D,0
37.71337,40.3915,331.1,0.48,0.64,2024-10-24,920,N,VIIRS,n,2,299.1,6.02,D,0
37.7185,37.94001,329.36,0.63,0.72,2024-10-24,920,N,VIIRS,n,2,298.77,6.12,D,0
37.72144,37.94052,326.39,0.63,0.72,2024-10-24,920,N,VIIRS,n,2,297.69,3.82,D,0
37.74758,40.70485,349.26,0.46,0.64,2024-10-24,920,N,VIIRS,n,2,297.78,6.32,D,0
37.86163,38.56086,335.79,0.58,0.7,2024-10-24,920,N,VIIRS,n,2,296.99,4.7,D,0
37.89166,40.86553,332.36,0.45,0.63,2024-10-24,920,N,VIIRS,n,2,298.71,1.46,D,0
37.96943,40.76317,336.75,0.45,0.63,2024-10-24,920,N,VIIRS,n,2,300.22,3.14,D,0
37.97094,40.76856,330.58,0.45,0.63,2024-10-24,920,N,VIIRS,n,2,303.38,3.14,D,0
37.97168,41.51784,351.12,0.41,0.61,2024-10-24,920,N,VIIRS,n,2,299.83,11.57,D,0
37.97296,41.52257,367.0,0.41,0.61,2024-10-24,920,N,VIIRS,h,2,307.06,11.57,D,0
38.01009,40.64412,339.02,0.46,0.63,2024-10-24,920,N,VIIRS,n,2,301.16,3.64,D,0
38.01156,40.6493,333.5,0.46,0.63,2024-10-24,920,N,VIIRS,n,2,302.5,5.32,D,0
38.01472,40.50414,333.9,0.46,0.64,2024-10-24,920,N,VIIRS,n,2,300.19,5.43,D,0
38.08057,40.36096,349.87,0.47,0.64,2024-10-24,920,N,VIIRS,n,2,300.76,5.82,D,0
38.09932,40.87237,341.38,0.44,0.62,2024-10-24,920,N,VIIRS,n,2,302.21,4.26,D,0
38.11122,39.97689,346.18,0.49,0.65,2024-10-24,920,N,VIIRS,n,2,295.61,5.07,D,0
38.11279,39.98228,331.31,0.49,0.65,2024-10-24,920,N,VIIRS,n,2,296.04,5.07,D,0
38.11557,39.97821,354.23,0.49,0.65,2024-10-24,920,N,VIIRS,n,2,296.97,6.98,D,0
38.1462,40.68221,344.26,0.45,0.63,2024-10-24,920,N,VIIRS,n,2,300.72,8.05,D,0
38.15182,40.67994,350.86,0.45,0.63,2024-10-24,920,N,VIIRS,n,2,300.37,5.51,D,0
38.15322,40.68491,341.7,0.45,0.63,2024-10-24,920,N,VIIRS,n,2,299.42,5.51,D,0
39.23062,42.48953,325.95,0.34,0.56,2024-10-24,920,N,VIIRS,n,2,291.34,1.36,D,0
38.21711,37.11362,340.99,0.67,0.74,2024-10-24,921,N,VIIRS,n,2,295.13,7.52,D,0
38.23201,37.18384,325.51,0.67,0.73,2024-10-24,921,N,VIIRS,n,2,292.06,3.73,D,0
38.2472,37.18482,340.2,0.67,0.73,2024-10-24,921,N,VIIRS,n,2,292.37,7.42,D,0
38.26809,37.12964,334.6,0.67,0.74,2024-10-24,921,N,VIIRS,n,2,293.68,5.85,D,0
38.4717,35.62901,346.4,0.78,0.78,2024-10-24,921,N,VIIRS,n,2,294.01,11.67,D,0
38.47583,35.62347,354.65,0.78,0.78,2024-10-24,921,N,VIIRS,n,2,293.9,22.6,D,0
38.47883,35.62655,336.69,0.78,0.78,2024-10-24,921,N,VIIRS,n,2,293.39,11.67,D,0
38.4842,35.69664,339.05,0.77,0.78,2024-10-24,921,N,VIIRS,n,2,292.5,7.29,D,0
38.77911,40.60127,332.05,0.44,0.62,2024-10-24,921,N,VIIRS,n,2,295.35,4.96,D,0
38.82031,36.09827,326.57,0.72,0.76,2024-10-24,921,N,VIIRS,n,2,294.25,8.77,D,0
38.823,36.10647,326.44,0.72,0.76,2024-10-24,921,N,VIIRS,n,2,292.41,11.05,D,0
38.82739,36.10361,339.91,0.72,0.76,2024-10-24,921,N,VIIRS,n,2,291.67,13.75,D,0
39.38724,41.86959,332.69,0.36,0.58,2024-10-24,921,N,VIIRS,n,2,293.41,2.03,D,0
40.00011,44.09629,338.9,0.54,0.51,2024-10-24,921,N,VIIRS,n,2,291.39,5.24,D,0
40.02423,44.07293,337.6,0.54,0.51,2024-10-24,921,N,VIIRS,n,2,289.09,8.14,D,0
40.03707,44.23794,333.81,0.53,0.5,2024-10-24,921,N,VIIRS,n,2,291.99,4.71,D,0
35.52677,44.33982,349.77,0.58,0.69,2024-10-24,1100,N,VIIRS,n,2,295.71,6.26,D,2
35.52699,44.34623,337.55,0.58,0.69,2024-10-24,1100,N,VIIRS,n,2,295.15,6.26,D,2
35.53328,44.33939,345.61,0.58,0.69,2024-10-24,1100,N,VIIRS,n,2,293.12,5.0,D,2
35.63115,44.00474,342.89,0.55,0.68,2024-10-24,1100,N,VIIRS,n,2,293.2,7.05,D,2
35.63138,44.011,353.5,0.55,0.68,2024-10-24,1100,N,VIIRS,n,2,294.28,7.05,D,2
35.6617,43.96475,356.13,0.55,0.68,2024-10-24,1100,N,VIIRS,n,2,298.95,7.11,D,2
35.66315,43.9628,345.77,0.55,0.68,2024-10-24,1100,N,VIIRS,n,2,298.72,4.69,D,2
35.67406,36.24386,352.31,0.41,0.45,2024-10-24,1100,N,VIIRS,n,2,304.89,7.8,D,0
35.68186,36.15129,340.23,0.41,0.45,2024-10-24,1100,N,VIIRS,n,2,298.51,21.35,D,0
35.68565,43.87388,350.37,0.54,0.68,2024-10-24,1100,N,VIIRS,n,2,300.0,21.05,D,2
35.68587,43.88017,353.48,0.54,0.68,2024-10-24,1100,N,VIIRS,n,2,297.93,23.06,D,2
35.7237,44.04147,356.19,0.56,0.69,2024-10-24,1100,N,VIIRS,n,2,301.47,6.54,D,2
35.76923,43.18964,356.0,0.5,0.66,2024-10-24,1100,N,VIIRS,n,2,300.0,7.52,D,0
35.78223,43.51524,342.05,0.52,0.67,2024-10-24,1100,N,VIIRS,n,2,297.57,4.03,D,0
35.85621,43.34164,335.25,0.51,0.66,2024-10-24,1100,N,VIIRS,n,2,296.54,1.45,D,0
35.96586,43.76891,350.29,0.54,0.68,2024-10-24,1100,N,VIIRS,n,2,295.83,8.65,D,2
35.96758,43.76559,367.0,0.54,0.68,2024-10-24,1100,N,VIIRS,h,2,297.61,14.3,D,2
35.97197,43.76255,343.88,0.54,0.68,2024-10-24,1100,N,VIIRS,n,2,294.42,8.65,D,2
36.09988,44.24421,337.56,0.57,0.69,2024-10-24,1100,N,VIIRS,n,2,294.64,8.69,D,0
36.10027,44.24566,345.21,0.57,0.69,2024-10-24,1100,N,VIIRS,n,2,295.75,5.58,D,0
36.10159,37.42079,339.04,0.48,0.48,2024-10-24,1100,N,VIIRS,n,2,303.19,4.83,D,0
36.13356,37.44697,332.94,0.48,0.48,2024-10-24,1100,N,VIIRS,n,2,299.95,4.59,D,0
36.13403,37.4524,346.18,0.48,0.48,2024-10-24,1100,N,VIIRS,n,2,299.85,7.4,D,0
36.14023,40.8168,335.06,0.37,0.58,2024-10-24,1100,N,VIIRS,n,2,301.39,1.66,D,2
36.14205,32.85666,335.75,0.44,0.38,2024-10-24,1100,N,VIIRS,n,2,303.32,3.94,D,0
36.14392,32.85295,331.28,0.44,0.38,2024-10-24,1100,N,VIIRS,n,2,299.15,4.45,D,0
36.14393,40.81615,338.78,0.37,0.58,2024-10-24,1100,N,VIIRS,n,2,302.18,2.64,D,2
36.14781,37.35234,339.37,0.48,0.48,2024-10-24,1100,N,VIIRS,n,2,303.63,9.62,D,0
36.14828,37.3577,340.74,0.48,0.48,2024-10-24,1100,N,VIIRS,n,2,299.08,9.62,D,0
36.16781,37.58057,330.05,0.49,0.49,2024-10-24,1100,N,VIIRS,n,2,299.04,2.79,D,0
36.16804,43.62743,367.0,0.53,0.67,2024-10-24,1100,N,VIIRS,h,2,301.02,8.64,D,0
36.17046,43.62708,367.0,0.53,0.67,2024-10-24,1100,N,VIIRS,h,2,302.21,12.71,D,0
36.17434,43.62712,339.5,0.53,0.67,2024-10-24,1100,N,VIIRS,n,2,298.34,8.64,D,0
36.19265,43.54109,367.0,0.53,0.67,2024-10-24,1100,N,VIIRS,h,2,301.46,13.03,D,0
36.2242,38.87742,340.85,0.58,0.52,2024-10-24,1100,N,VIIRS,n,2,302.87,3.89,D,0
36.22617,38.8784,336.56,0.58,0.52,2024-10-24,1100,N,VIIRS,n,2,303.37,5.26,D,0
36.25683,43.41595,367.0,0.52,0.67,2024-10-24,1100,N,VIIRS,h,2,298.91,9.62,D,0
36.25708,43.42191,344.59,0.52,0.67,2024-10-24,1100,N,VIIRS,n,2,299.57,10.79,D,0
36.26086,43.41357,349.32,0.52,0.67,2024-10-24,1100,N,VIIRS,n,2,298.84,12.1,D,0
36.26106,43.41948,367.0,0.52,0.67,2024-10-24,1100,N,VIIRS,h,2,301.16,12.1,D,0
36.26307,43.41548,347.76,0.52,0.67,2024-10-24,1100,N,VIIRS,n,2,298.52,7.45,D,0
36.26571,36.94733,337.65,0.45,0.47,2024-10-24,1100,N,VIIRS,n,2,300.55,3.88,D,0
36.26635,36.94447,350.01,0.45,0.47,2024-10-24,1100,N,VIIRS,n,2,303.56,5.65,D,0
36.31575,34.0574,338.1,0.49,0.4,2024-10-24,1100,N,VIIRS,n,2,297.51,3.5,D,0
36.31949,34.05676,335.46,0.49,0.4,2024-10-24,1100,N,VIIRS,n,2,297.29,3.3,D,0
36.32253,33.98346,345.67,0.49,0.4,2024-10-24,1100,N,VIIRS,n,2,301.33,5.06,D,0
36.33495,33.99245,336.02,0.49,0.4,2024-10-24,1100,N,VIIRS,n,2,301.94,4.55,D,0
36.3852,36.4214,341.55,0.43,0.46,2024-10-24,1100,N,VIIRS,n,2,307.36,5.15,D,0
36.47233,41.24628,342.92,0.39,0.6,2024-10-24,1100,N,VIIRS,n,2,302.03,2.83,D,0
36.48821,43.26614,367.0,0.51,0.66,2024-10-24,1100,N,VIIRS,h,2,301.4,8.76,D,0
36.54034,43.0421,335.56,0.5,0.66,2024-10-24,1100,N,VIIRS,n,2,301.75,3.63,D,0
36.58001,43.70302,340.85,0.54,0.68,2024-10-24,1100,N,VIIRS,n,2,299.42,5.93,D,0
36.61052,43.80524,342.39,0.55,0.68,2024-10-24,1100,N,VIIRS,n,2,298.3,3.4,D,0
36.62114,37.48148,336.58,0.49,0.49,2024-10-24,1100,N,VIIRS,n,2,304.03,1.9,D,0
36.64204,42.366,367.0,0.46,0.63,2024-10-24,1100,N,VIIRS,h,2,302.52,12.03,D,0
36.64427,42.36353,367.0,0.46,0.63,2024-10-24,1100,N,VIIRS,h,2,302.26,8.28,D,0
36.64453,42.36885,339.14,0.46,0.63,2024-10-24,1100,N,VIIRS,n,2,300.58,9.6,D,0
36.68957,43.82531,367.0,0.55,0.68,2024-10-24,1100,N,VIIRS,h,2,300.63,13.53,D,0
36.69447,43.82691,367.0,0.55,0.68,2024-10-24,1100,N,VIIRS,h,2,301.69,16.37,D,0
36.70146,38.01888,340.93,0.52,0.5,2024-10-24,1100,N,VIIRS,n,2,302.31,9.81,D,0
36.70708,43.39722,342.28,0.52,0.67,2024-10-24,1100,N,VIIRS,n,2,302.87,5.38,D,0
36.73121,36.21055,335.4,0.42,0.45,2024-10-24,1100,N,VIIRS,n,2,304.79,4.2,D,2
36.80733,39.31502,333.86,0.62,0.54,2024-10-24,1100,N,VIIRS,n,2,303.7,5.89,D,0
36.82162,38.57266,330.21,0.56,0.52,2024-10-24,1100,N,VIIRS,n,2,300.52,1.77,D,0
36.84877,37.23518,336.42,0.48,0.48,2024-10-24,1100,N,VIIRS,n,2,304.69,2.76,D,0
36.89825,40.48315,342.46,0.36,0.57,2024-10-24,1100,N,VIIRS,n,2,304.82,4.22,D,0
36.90461,43.39312,345.14,0.52,0.67,2024-10-24,1100,N,VIIRS,n,2,290.62,6.37,D,2
36.90513,40.08184,332.07,0.34,0.56,2024-10-24,1100,N,VIIRS,n,2,300.36,1.02,D,0
36.90836,43.39096,345.22,0.52,0.67,2024-10-24,1100,N,VIIRS,n,2,287.77,7.81,D,2
36.91305,37.56369,353.36,0.5,0.49,2024-10-24,1100,N,VIIRS,n,2,305.74,8.5,D,0
36.92393,40.12736,332.92,0.34,0.56,2024-10-24,1100,N,VIIRS,n,2,300.26,1.65,D,0
36.95715,40.15785,330.78,0.35,0.56,2024-10-24,1100,N,VIIRS,n,2,300.64,1.63,D,0
37.07003,39.55455,338.66,0.32,0.55,2024-10-24,1100,N,VIIRS,n,2,301.6,2.0,D,0
37.08467,41.65418,341.68,0.42,0.61,2024-10-24,1100,N,VIIRS,n,2,301.82,4.26,D,0
37.08491,41.65894,336.92,0.42,0.61,2024-10-24,1100,N,VIIRS,n,2,301.06,4.72,D,0
37.08693,41.5861,330.31,0.42,0.61,2024-10-24,1100,N,VIIRS,n,2,303.23,2.76,D,0
37.08717,41.59086,334.2,0.42,0.61,2024-10-24,1100,N,VIIRS,n,2,301.88,4.29,D,0
37.09383,38.30522,335.98,0.55,0.51,2024-10-24,1100,N,VIIRS,n,2,303.07,3.6,D,0
37.12286,41.59345,343.02,0.42,0.61,2024-10-24,1100,N,VIIRS,n,2,303.79,2.61,D,0
37.28127,42.41439,348.13,0.46,0.64,2024-10-24,1100,N,VIIRS,n,2,302.28,5.95,D,0
37.32545,39.68407,333.69,0.33,0.55,2024-10-24,1100,N,VIIRS,n,2,300.86,2.96,D,0
36.8905,30.97664,330.27,0.4,0.37,2024-10-24,1101,N,VIIRS,n,2,304.5,1.91,D,0
36.90442,30.87741,332.17,0.4,0.37,2024-10-24,1101,N,VIIRS,n,2,303.57,1.88,D,0
37.07411,35.96524,342.88,0.41,0.45,2024-10-24,1101,N,VIIRS,n,2,308.2,11.84,D,0
37.13142,36.16331,338.67,0.42,0.45,2024-10-24,1101,N,VIIRS,n,2,306.59,2.81,D,0
37.13188,36.16811,331.03,0.42,0.45,2024-10-24,1101,N,VIIRS,n,2,305.6,3.32,D,0
37.2021,35.9713,336.56,0.41,0.45,2024-10-24,1101,N,VIIRS,n,2,309.35,5.72,D,0
37.20256,35.976,342.65,0.41,0.45,2024-10-24,1101,N,VIIRS,n,2,310.45,10.64,D,0
37.30151,37.52452,346.57,0.5,0.49,2024-10-24,1101,N,VIIRS,n,2,306.17,7.75,D,0
37.31455,38.74908,340.6,0.58,0.52,2024-10-24,1101,N,VIIRS,n,2,300.82,9.41,D,0
37.31504,38.75572,341.23,0.58,0.52,2024-10-24,1101,N,VIIRS,n,2,302.29,9.41,D,0
37.33408,38.74719,335.47,0.58,0.52,2024-10-24,1101,N,VIIRS,n,2,301.86,3.84,D,0
37.3788,38.39075,341.7,0.56,0.51,2024-10-24,1101,N,VIIRS,n,2,300.16,6.39,D,0
37.42824,27.27665,344.97,0.4,0.37,2024-10-24,1101,N,VIIRS,n,2,302.8,3.1,D,0
37.44208,40.17566,355.53,0.35,0.57,2024-10-24,1101,N,VIIRS,n,2,301.57,5.24,D,0
37.45175,30.01873,331.72,0.39,0.36,2024-10-24,1101,N,VIIRS,n,2,305.19,1.83,D,0
37.4747,41.21695,353.51,0.4,0.6,2024-10-24,1101,N,VIIRS,n,2,300.09,6.13,D,0
37.48006,41.2117,338.71,0.4,0.6,2024-10-24,1101,N,VIIRS,n,2,301.72,5.13,D,0
37.49144,40.41497,367.0,0.36,0.58,2024-10-24,1101,N,VIIRS,h,2,304.43,15.68,D,0
37.49168,40.41911,345.92,0.36,0.58,2024-10-24,1101,N,VIIRS,n,2,296.06,8.83,D,0
37.49191,40.42324,347.38,0.36,0.58,2024-10-24,1101,N,VIIRS,n,2,297.93,8.83,D,0
37.49214,40.42737,351.33,0.36,0.58,2024-10-24,1101,N,VIIRS,n,2,299.12,5.77,D,0
37.49657,40.41027,351.39,0.36,0.58,2024-10-24,1101,N,VIIRS,n,2,302.79,17.92,D,0
37.49681,40.41446,367.0,0.36,0.58,2024-10-24,1101,N,VIIRS,h,2,309.18,17.92,D,0
37.49704,40.41859,335.94,0.36,0.58,2024-10-24,1101,N,VIIRS,n,2,297.34,10.94,D,0
37.49727,40.42273,367.0,0.36,0.58,2024-10-24,1101,N,VIIRS,h,2,303.91,10.94,D,0
37.5038,40.44268,343.11,0.36,0.58,2024-10-24,1101,N,VIIRS,n,2,299.13,44.18,D,0
37.50404,40.44689,352.35,0.36,0.58,2024-10-24,1101,N,VIIRS,n,2,324.59,44.18,D,0
37.51378,36.99206,338.72,0.47,0.48,2024-10-24,1101,N,VIIRS,n,2,301.35,7.84,D,0
37.51426,36.99754,341.25,0.47,0.48,2024-10-24,1101,N,VIIRS,n,2,305.24,7.84,D,0
37.54811,40.46112,335.35,0.36,0.58,2024-10-24,1101,N,VIIRS,n,2,296.92,1.93,D,0
37.54953,38.23362,334.26,0.55,0.51,2024-10-24,1101,N,VIIRS,n,2,303.43,3.84,D,0
37.60734,38.90579,341.94,0.6,0.53,2024-10-24,1101,N,VIIRS,n,2,304.67,9.05,D,0
37.61794,27.2944,339.63,0.4,0.37,2024-10-24,1101,N,VIIRS,n,2,306.65,3.14,D,0
37.62755,37.95186,340.47,0.53,0.5,2024-10-24,1101,N,VIIRS,n,2,303.9,5.67,D,0
37.62957,37.94991,336.39,0.53,0.5,2024-10-24,1101,N,VIIRS,n,2,304.79,3.53,D,0
37.6373,39.20007,332.0,0.62,0.54,2024-10-24,1101,N,VIIRS,n,2,302.17,2.66,D,0
37.64256,40.65279,354.41,0.37,0.58,2024-10-24,1101,N,VIIRS,n,2,299.78,4.25,D,0
37.65153,40.52312,342.83,0.37,0.58,2024-10-24,1101,N,VIIRS,n,2,301.01,2.96,D,0
37.68324,27.45462,335.82,0.4,0.37,2024-10-24,1101,N,VIIRS,n,2,302.72,2.5,D,0
37.70464,40.88963,343.61,0.39,0.59,2024-10-24,1101,N,VIIRS,n,2,300.44,4.01,D,0
37.70541,40.88941,342.37,0.39,0.59,2024-10-24,1101,N,VIIRS,n,2,300.06,3.45,D,0
37.71848,40.94372,335.68,0.39,0.59,2024-10-24,1101,N,VIIRS,n,2,300.95,2.0,D,0
37.74997,40.70362,351.77,0.38,0.59,2024-10-24,1101,N,VIIRS,n,2,301.42,5.97,D,0
37.7502,40.70795,355.16,0.38,0.59,2024-10-24,1101,N,VIIRS,n,2,298.15,5.97,D,0
37.75544,40.70338,352.77,0.38,0.59,2024-10-24,1101,N,VIIRS,n,2,301.45,6.09,D,0
37.76659,27.48969,347.21,0.4,0.37,2024-10-24,1101,N,VIIRS,n,2,305.88,4.4,D,0
37.87466,41.07291,335.47,0.4,0.6,2024-10-24,1101,N,VIIRS,n,2,300.98,1.64,D,0
37.8841,38.85166,352.88,0.6,0.53,2024-10-24,1101,N,VIIRS,n,2,305.18,24.92,D,0
37.8853,38.85048,354.32,0.6,0.53,2024-10-24,1101,N,VIIRS,n,2,305.36,22.9,D,0
37.8953,41.36977,344.09,0.41,0.61,2024-10-24,1101,N,VIIRS,n,2,297.57,3.28,D,0
37.91498,42.48605,340.01,0.48,0.64,2024-10-24,1101,N,VIIRS,n,2,296.42,5.48,D,0
37.94675,40.7724,340.95,0.38,0.59,2024-10-24,1101,N,VIIRS,n,2,302.49,4.02,D,0
37.94696,40.67341,367.0,0.38,0.59,2024-10-24,1101,N,VIIRS,h,2,307.7,8.71,D,0
37.9664,41.53287,350.12,0.42,0.61,2024-10-24,1101,N,VIIRS,n,2,300.19,10.54,D,0
37.96666,41.53778,367.0,0.42,0.61,2024-10-24,1101,N,VIIRS,h,2,303.59,18.06,D,0
37.96741,41.53608,367.0,0.42,0.61,2024-10-24,1101,N,VIIRS,h,2,307.74,24.94,D,0
37.96819,40.7608,352.15,0.38,0.59,2024-10-24,1101,N,VIIRS,n,2,301.66,6.36,D,0
38.00275,29.48283,339.92,0.39,0.36,2024-10-24,1101,N,VIIRS,n,2,302.53,2.95,D,0
38.03332,40.95493,335.57,0.39,0.59,2024-10-24,1101,N,VIIRS,n,2,303.63,2.1,D,0
38.07438,39.9665,330.53,0.35,0.56,2024-10-24,1101,N,VIIRS,n,2,300.37,1.86,D,0
38.07461,39.97055,338.0,0.35,0.56,2024-10-24,1101,N,VIIRS,n,2,302.31,1.86,D,0
38.07545,39.96709,332.06,0.35,0.56,2024-10-24,1101,N,VIIRS,n,2,301.24,2.54,D,0
38.07571,39.97114,335.38,0.35,0.56,2024-10-24,1101,N,VIIRS,n,2,302.36,2.54,D,0
38.07793,40.35893,336.77,0.36,0.58,2024-10-24,1101,N,VIIRS,n,2,299.92,2.68,D,0
38.0782,40.36345,335.45,0.36,0.58,2024-10-24,1101,N,VIIRS,n,2,300.48,2.68,D,0
38.0792,38.50104,348.75,0.58,0.52,2024-10-24,1101,N,VIIRS,n,2,300.39,4.78,D,0
38.08217,38.4987,354.94,0.58,0.52,2024-10-24,1101,N,VIIRS,n,2,305.99,27.48,D,0
38.08395,38.49928,367.0,0.58,0.52,2024-10-24,1101,N,VIIRS,h,2,300.39,20.92,D,0
38.0854,40.12633,343.9,0.35,0.57,2024-10-24,1101,N,VIIRS,n,2,301.1,2.21,D,0
38.08866,40.12532,343.23,0.35,0.57,2024-10-24,1101,N,VIIRS,n,2,301.83,2.45,D,0
38.11193,39.97525,353.01,0.35,0.56,2024-10-24,1101,N,VIIRS,n,2,298.5,4.12,D,0
38.11217,39.97931,350.77,0.35,0.56,2024-10-24,1101,N,VIIRS,n,2,297.78,8.5,D,0
38.11363,29.85204,344.32,0.39,0.36,2024-10-24,1101,N,VIIRS,n,2,304.5,2.77,D,0
38.11408,40.7039,356.22,0.38,0.59,2024-10-24,1101,N,VIIRS,n,2,304.19,5.38,D,0
38.11418,40.70382,354.96,0.38,0.59,2024-10-24,1101,N,VIIRS,n,2,304.96,5.05,D,0
38.12948,39.74451,349.08,0.34,0.56,2024-10-24,1101,N,VIIRS,n,2,302.33,5.52,D,0
38.15151,40.68288,332.39,0.38,0.59,2024-10-24,1101,N,VIIRS,n,2,301.32,3.32,D,0
38.15507,36.99339,345.13,0.48,0.48,2024-10-24,1101,N,VIIRS,n,2,298.0,4.95,D,0
38.17579,37.05024,351.45,0.48,0.48,2024-10-24,1101,N,VIIRS,n,2,301.68,13.88,D,0
38.17773,37.04662,338.59,0.48,0.48,2024-10-24,1101,N,VIIRS,n,2,297.56,4.3,D,0
38.17822,37.05219,343.54,0.48,0.48,2024-10-24,1101,N,VIIRS,n,2,299.44,8.3,D,0
38.1891,40.97805,339.66,0.39,0.6,2024-10-24,1101,N,VIIRS,n,2,300.51,5.67,D,0
38.18933,40.98235,342.07,0.39,0.6,2024-10-24,1101,N,VIIRS,n,2,300.62,7.89,D,0
38.21335,29.7675,333.27,0.39,0.36,2024-10-24,1101,N,VIIRS,n,2,303.25,2.62,D,0
38.21756,37.11847,336.02,0.49,0.48,2024-10-24,1101,N,VIIRS,n,2,298.77,4.07,D,0
38.21959,37.25581,340.64,0.5,0.49,2024-10-24,1101,N,VIIRS,n,2,297.6,7.33,D,0
38.22645,32.55552,346.3,0.45,0.39,2024-10-24,1101,N,VIIRS,n,2,301.89,4.29,D,0
38.22864,37.25464,335.73,0.5,0.49,2024-10-24,1101,N,VIIRS,n,2,298.83,5.91,D,0
38.22874,29.73202,331.18,0.39,0.36,2024-10-24,1101,N,VIIRS,n,2,302.27,1.53,D,0
38.23026,37.16247,336.02,0.49,0.49,2024-10-24,1101,N,VIIRS,n,2,298.3,5.73,D,0
38.23072,37.16813,340.51,0.49,0.49,2024-10-24,1101,N,VIIRS,n,2,293.33,5.73,D,0
38.23165,37.17947,347.04,0.49,0.49,2024-10-24,1101,N,VIIRS,n,2,299.01,10.22,D,0
38.23212,37.18513,340.0,0.49,0.49,2024-10-24,1101,N,VIIRS,n,2,298.45,10.72,D,0
38.23687,37.2999,339.11,0.5,0.49,2024-10-24,1101,N,VIIRS,n,2,295.94,5.16,D,0
38.25702,37.21061,346.88,0.49,0.49,2024-10-24,1101,N,VIIRS,n,2,294.62,7.27,D,0
38.2639,37.12946,338.11,0.49,0.48,2024-10-24,1101,N,VIIRS,n,2,296.23,6.38,D,0
38.2767,35.72113,337.17,0.41,0.45,2024-10-24,1101,N,VIIRS,n,2,299.54,2.79,D,0
38.2781,35.72271,340.83,0.41,0.45,2024-10-24,1101,N,VIIRS,n,2,298.99,4.75,D,0
38.27863,37.19626,332.15,0.49,0.49,2024-10-24,1101,N,VIIRS,n,2,296.39,1.23,D,0
38.28026,37.16161,327.55,0.49,0.49,2024-10-24,1101,N,VIIRS,n,2,298.54,2.18,D,0
38.28834,36.39632,340.35,0.45,0.47,2024-10-24,1101,N,VIIRS,n,2,298.92,7.46,D,0
38.32458,31.6531,335.83,0.42,0.38,2024-10-24,1101,N,VIIRS,n,2,301.37,2.32,D,0
38.35157,36.91612,338.05,0.48,0.48,2024-10-24,1101,N,VIIRS,n,2,301.46,3.2,D,0
38.35602,36.91552,337.96,0.48,0.48,2024-10-24,1101,N,VIIRS,n,2,300.04,3.2,D,0
38.3589,40.34401,354.24,0.37,0.58,2024-10-24,1101,N,VIIRS,n,2,299.2,4.33,D,0
38.35913,40.34824,338.86,0.37,0.58,2024-10-24,1101,N,VIIRS,n,2,298.18,4.33,D,0
38.36336,36.9485,328.01,0.48,0.48,2024-10-24,1101,N,VIIRS,n,2,297.15,1.57,D,0
38.38913,37.25283,348.01,0.5,0.49,2024-10-24,1101,N,VIIRS,n,2,297.76,5.35,D,0
38.39365,37.25212,337.34,0.5,0.49,2024-10-24,1101,N,VIIRS,n,2,293.78,5.35,D,0
38.41283,30.79728,335.7,0.4,0.37,2024-10-24,1101,N,VIIRS,n,2,304.74,4.69,D,0
38.47227,29.51737,347.17,0.39,0.36,2024-10-24,1101,N,VIIRS,n,2,308.4,6.92,D,0
38.47252,35.63062,349.78,0.41,0.45,2024-10-24,1101,N,VIIRS,n,2,298.47,6.54,D,0
38.473,35.63549,336.56,0.41,0.45,2024-10-24,1101,N,VIIRS,n,2,296.82,6.54,D,0
38.47569,35.62001,340.21,0.41,0.45,2024-10-24,1101,N,VIIRS,n,2,294.39,4.84,D,0
38.48365,35.68938,335.48,0.41,0.45,2024-10-24,1101,N,VIIRS,n,2,297.53,4.5,D,0
38.49666,32.24876,341.56,0.44,0.38,2024-10-24,1101,N,VIIRS,n,2,299.67,5.18,D,0
38.54848,38.1669,340.26,0.56,0.51,2024-10-24,1101,N,VIIRS,n,2,298.06,6.58,D,0
38.60624,30.28215,343.46,0.39,0.37,2024-10-24,1101,N,VIIRS,n,2,302.12,3.54,D,0
38.60741,30.28316,346.92,0.4,0.37,2024-10-24,1101,N,VIIRS,n,2,303.28,4.6,D,0
38.64554,27.19719,336.73,0.4,0.37,2024-10-24,1101,N,VIIRS,n,2,300.46,0.71,D,0
38.64991,27.64408,336.54,0.39,0.36,2024-10-24,1101,N,VIIRS,n,2,301.93,2.44,D,0
38.73729,26.94621,336.42,0.4,0.37,2024-10-24,1101,N,VIIRS,n,2,303.71,2.72,D,2
38.74482,26.94636,326.87,0.4,0.37,2024-10-24,1101,N,VIIRS,n,2,298.62,0.88,D,2
38.77518,40.59622,326.94,0.38,0.59,2024-10-24,1101,N,VIIRS,n,2,296.41,2.93,D,0
38.83136,36.2798,334.64,0.45,0.47,2024-10-24,1101,N,VIIRS,n,2,297.04,3.38,D,0
38.88742,32.46675,334.01,0.45,0.39,2024-10-24,1101,N,VIIRS,n,2,302.7,35.62,D,0
38.88974,32.46373,351.45,0.45,0.39,2024-10-24,1101,N,VIIRS,n,2,316.18,65.66,D,0
38.89038,32.46083,346.93,0.45,0.39,2024-10-24,1101,N,VIIRS,n,2,312.64,35.62,D,0
38.93,27.96693,350.16,0.39,0.36,2024-10-24,1101,N,VIIRS,n,2,300.3,3.75,D,0
38.93071,27.97136,345.03,0.39,0.36,2024-10-24,1101,N,VIIRS,n,2,301.46,3.75,D,0
38.95117,32.09943,339.44,0.44,0.38,2024-10-24,1101,N,VIIRS,n,2,300.24,4.91,D,0
38.9522,32.10088,343.0,0.44,0.38,2024-10-24,1101,N,VIIRS,n,2,301.28,4.76,D,0
39.0835,28.71164,352.84,0.38,0.36,2024-10-24,1101,N,VIIRS,n,2,299.72,8.14,D,0
39.08484,28.72044,353.52,0.38,0.36,2024-10-24,1101,N,VIIRS,n,2,296.7,7.24,D,0
39.15353,27.55382,348.78,0.39,0.36,2024-10-24,1101,N,VIIRS,n,2,295.16,5.03,D,0
39.16471,27.27088,337.61,0.39,0.36,2024-10-24,1101,N,VIIRS,n,2,298.7,2.11,D,0
39.16869,32.98091,335.82,0.48,0.4,2024-10-24,1101,N,VIIRS,n,2,300.56,5.9,D,0
39.16998,32.97752,332.28,0.48,0.4,2024-10-24,1101,N,VIIRS,n,2,298.3,4.46,D,0
39.17063,32.98306,333.63,0.48,0.4,2024-10-24,1101,N,VIIRS,n,2,301.98,6.74,D,0
39.17236,32.98021,348.31,0.48,0.4,2024-10-24,1101,N,VIIRS,n,2,299.94,5.9,D,0
39.20393,32.3554,337.62,0.45,0.39,2024-10-24,1101,N,VIIRS,n,2,303.34,3.58,D,0
39.26472,33.84246,338.66,0.52,0.41,2024-10-24,1101,N,VIIRS,n,2,301.87,10.71,D,0
39.26538,33.84839,333.21,0.52,0.41,2024-10-24,1101,N,VIIRS,n,2,301.32,6.05,D,0
39.26673,33.84613,347.57,0.52,0.41,2024-10-24,1101,N,VIIRS,n,2,304.86,20.19,D,0
39.26919,33.84765,337.02,0.52,0.41,2024-10-24,1101,N,VIIRS,n,2,299.02,6.05,D,0
39.62899,34.88264,340.45,0.39,0.44,2024-10-24,1101,N,VIIRS,n,2,297.85,4.25,D,0
39.64293,32.44218,336.99,0.46,0.39,2024-10-24,1101,N,VIIRS,n,2,299.23,2.89,D,0
39.64318,32.43975,337.26,0.46,0.39,2024-10-24,1101,N,VIIRS,n,2,300.1,2.42,D,0
39.71532,36.62505,346.6,0.48,0.48,2024-10-24,1101,N,VIIRS,n,2,293.4,11.05,D,0
40.12821,35.08012,343.47,0.4,0.44,2024-10-24,1101,N,VIIRS,n,2,289.97,5.42,D,0
40.13073,35.08158,338.9,0.4,0.44,2024-10-24,1101,N,VIIRS,n,2,293.25,5.42,D,0
40.46492,35.58032,330.47,0.43,0.46,2024-10-24,1101,N,VIIRS,n,2,296.03,2.89,D,0
40.47913,34.23954,325.89,0.56,0.43,2024-10-24,1101,N,VIIRS,n,2,297.21,1.82,D,0
39.62315,26.44044,342.32,0.4,0.37,2024-10-24,1102,N,VIIRS,n,2,297.75,1.97,D,0
39.74354,28.03623,337.36,0.38,0.36,2024-10-24,1102,N,VIIRS,n,2,298.07,1.9,D,0
39.77646,27.77327,341.03,0.39,0.36,2024-10-24,1102,N,VIIRS,n,2,294.0,3.26,D,0
39.90656,26.24205,339.26,0.4,0.37,2024-10-24,1102,N,VIIRS,n,2,299.55,5.71,D,0
39.95621,26.22443,335.83,0.4,0.37,2024-10-24,1102,N,VIIRS,n,2,294.18,3.7,D,0
40.05941,27.97161,330.63,0.38,0.36,2024-10-24,1102,N,VIIRS,n,2,295.06,1.95,D,0
40.06083,26.75836,335.43,0.39,0.37,2024-10-24,1102,N,VIIRS,n,2,291.4,5.62,D,0
40.07307,26.76925,336.28,0.39,0.37,2024-10-24,1102,N,VIIRS,n,2,292.62,1.83,D,0
40.07377,27.95384,329.69,0.38,0.36,2024-10-24,1102,N,VIIRS,n,2,296.59,2.09,D,0
40.08472,28.00222,340.98,0.38,0.36,2024-10-24,1102,N,VIIRS,n,2,293.09,3.27,D,0
40.08768,28.04337,333.4,0.38,0.36,2024-10-24,1102,N,VIIRS,n,2,292.97,7.25,D,0
40.09028,28.03803,341.33,0.38,0.36,2024-10-24,1102,N,VIIRS,n,2,297.03,7.25,D,0
40.10218,27.96031,348.01,0.38,0.36,2024-10-24,1102,N,VIIRS,n,2,293.72,5.4,D,0
40.11952,28.16081,329.9,0.38,0.36,2024-10-24,1102,N,VIIRS,n,2,292.32,3.49,D,0
40.12021,28.16529,351.61,0.38,0.36,2024-10-24,1102,N,VIIRS,n,2,293.06,3.49,D,0
40.12315,27.92352,330.85,0.38,0.36,2024-10-24,1102,N,VIIRS,n,2,293.59,1.56,D,0
40.12411,27.68961,338.98,0.39,0.36,2024-10-24,1102,N,VIIRS,n,2,294.78,5.34,D,0
40.12754,27.97368,349.83,0.38,0.36,2024-10-24,1102,N,VIIRS,n,2,295.93,7.33,D,0
40.13083,27.97282,330.48,0.38,0.36,2024-10-24,1102,N,VIIRS,n,2,293.37,1.68,D,0
40.1387,27.69506,333.25,0.39,0.36,2024-10-24,1102,N,VIIRS,n,2,292.5,3.07,D,0
40.14837,27.73461,336.98,0.39,0.36,2024-10-24,1102,N,VIIRS,n,2,295.75,3.44,D,0
40.156,28.06879,333.87,0.38,0.36,2024-10-24,1102,N,VIIRS,n,2,294.95,2.58,D,0
40.15929,28.06792,339.41,0.38,0.36,2024-10-24,1102,N,VIIRS,n,2,293.98,6.22,D,0
40.17959,28.24439,326.69,0.38,0.36,2024-10-24,1102,N,VIIRS,n,2,295.26,1.4,D,0
40.18571,27.5665,330.57,0.39,0.36,2024-10-24,1102,N,VIIRS,n,2,293.72,2.28,D,0
40.1877,27.62224,330.23,0.39,0.36,2024-10-24,1102,N,VIIRS,n,2,292.09,2.88,D,0
40.19797,28.23029,344.08,0.38,0.36,2024-10-24,1102,N,VIIRS,n,2,294.91,7.73,D,0
40.19865,28.23477,330.57,0.38,0.36,2024-10-24,1102,N,VIIRS,n,2,294.68,5.04,D,0
40.20628,29.64623,336.35,0.39,0.36,2024-10-24,1102,N,VIIRS,n,2,300.34,2.58,D,0
40.21058,27.65829,336.16,0.39,0.36,2024-10-24,1102,N,VIIRS,n,2,293.93,3.55,D,0
40.26477,27.25047,328.65,0.39,0.36,2024-10-24,1102,N,VIIRS,n,2,290.07,1.24,D,0
40.32117,27.93065,337.5,0.38,0.36,2024-10-24,1102,N,VIIRS,n,2,301.37,6.81,D,0
40.32446,27.92978,326.29,0.38,0.36,2024-10-24,1102,N,VIIRS,n,2,295.83,6.81,D,0
40.53998,34.26113,325.15,0.56,0.43,2024-10-24,1102,N,VIIRS,n,2,297.34,1.99,D,0
40.74389,26.43996,326.63,0.4,0.37,2024-10-24,1102,N,VIIRS,n,2,295.08,1.39,D,0
40.74721,26.439,331.46,0.4,0.37,2024-10-24,1102,N,VIIRS,n,2,293.91,1.57,D,0
40.74955,26.45292,327.51,0.4,0.37,2024-10-24,1102,N,VIIRS,n,2,295.19,3.87,D,0
40.7738,26.57689,329.4,0.39,0.36,2024-10-24,1102,N,VIIRS,n,2,294.46,2.16,D,0
40.79729,26.23877,327.47,0.4,0.37,2024-10-24,1102,N,VIIRS,n,2,290.5,1.86,D,0
40.80063,26.2378,328.81,0.4,0.37,2024-10-24,1102,N,VIIRS,n,2,291.02,1.86,D,0
40.86544,26.32825,330.55,0.4,0.37,2024-10-24,1102,N,VIIRS,n,2,293.95,3.12,D,0
40.86622,26.33291,335.12,0.4,0.37,2024-10-24,1102,N,VIIRS,n,2,293.16,3.12,D,0
40.90182,26.33713,347.33,0.4,0.37,2024-10-24,1102,N,VIIRS,n,2,296.59,8.84,D,0
40.9024,26.36138,325.13,0.4,0.37,2024-10-24,1102,N,VIIRS,n,2,292.43,1.13,D,0
40.90319,26.36604,335.83,0.4,0.37,2024-10-24,1102,N,VIIRS,n,2,294.03,3.44,D,0
40.91352,25.94672,340.76,0.4,0.37,2024-10-24,1102,N,VIIRS,n,2,296.84,2.69,D,0
40.91434,25.95146,339.39,0.4,0.37,2024-10-24,1102,N,VIIRS,n,2,296.22,2.45,D,0
40.91769,25.95048,335.04,0.4,0.37,2024-10-24,1102,N,VIIRS,n,2,297.27,2.69,D,0
40.94104,27.09146,328.29,0.39,0.36,2024-10-24,1102,N,VIIRS,n,2,295.11,1.1,D,0
40.94228,26.34182,333.74,0.4,0.37,2024-10-24,1102,N,VIIRS,n,2,291.69,3.24,D,0
40.96532,26.84674,326.3,0.39,0.36,2024-10-24,1102,N,VIIRS,n,2,294.79,1.67,D,0
40.9761,26.35637,333.31,0.4,0.37,2024-10-24,1102,N,VIIRS,n,2,292.48,4.26,D,0
40.99836,27.28639,328.2,0.39,0.36,2024-10-24,1102,N,VIIRS,n,2,297.23,1.41,D,0
41.02908,27.73615,332.22,0.38,0.36,2024-10-24,1102,N,VIIRS,n,2,297.01,4.02,D,0
41.047,26.38449,329.82,0.39,0.37,2024-10-24,1102,N,VIIRS,n,2,293.17,2.89,D,0
41.0542,26.37996,331.56,0.39,0.37,2024-10-24,1102,N,VIIRS,n,2,291.26,3.29,D,0
41.06181,26.3631,328.47,0.39,0.37,2024-10-24,1102,N,VIIRS,n,2,291.77,1.82,D,0
41.06787,26.33692,330.82,0.4,0.37,2024-10-24,1102,N,VIIRS,n,2,293.65,1.94,D,0
41.06864,26.42451,326.2,0.39,0.36,2024-10-24,1102,N,VIIRS,n,2,291.73,1.54,D,0
41.06944,26.34624,330.54,0.4,0.37,2024-10-24,1102,N,VIIRS,n,2,293.25,2.12,D,0
41.07118,26.4189,342.45,0.39,0.36,2024-10-24,1102,N,VIIRS,n,2,291.88,4.28,D,0
41.07198,26.34061,340.44,0.4,0.37,2024-10-24,1102,N,VIIRS,n,2,293.61,3.82,D,0
41.07288,26.56179,327.78,0.39,0.36,2024-10-24,1102,N,VIIRS,n,2,294.18,2.56,D,0
41.07428,26.43748,328.75,0.39,0.36,2024-10-24,1102,N,VIIRS,n,2,291.77,1.28,D,0
41.08448,26.33206,345.25,0.4,0.37,2024-10-24,1102,N,VIIRS,n,2,294.46,3.71,D,0
41.08458,26.47826,329.35,0.39,0.36,2024-10-24,1102,N,VIIRS,n,2,292.11,1.26,D,0
41.09855,26.33284,346.28,0.4,0.37,2024-10-24,1102,N,VIIRS,n,2,292.24,7.19,D,0
41.10434,26.61808,335.86,0.39,0.36,2024-10-24,1102,N,VIIRS,n,2,296.6,3.31,D,0
41.11516,26.32797,331.96,0.4,0.37,2024-10-24,1102,N,VIIRS,n,2,293.76,1.91,D,0
41.11983,26.35593,330.63,0.39,0.37,2024-10-24,1102,N,VIIRS,n,2,294.28,2.07,D,0
41.12492,26.34467,330.99,0.39,0.37,2024-10-24,1102,N,VIIRS,n,2,293.49,2.54,D,0
41.17375,32.63378,328.79,0.48,0.4,2024-10-24,1102,N,VIIRS,n,2,291.41,3.05,D,2
41.17745,32.63304,325.88,0.48,0.4,2024-10-24,1102,N,VIIRS,n,2,291.13,3.05,D,2
41.19521,26.56938,331.86,0.39,0.36,2024-10-24,1102,N,VIIRS,n,2,292.96,3.31,D,0
41.24185,36.46311,329.33,0.49,0.48,2024-10-24,1102,N,VIIRS,n,2,294.03,3.18,D,2
41.25498,31.41361,327.9,0.44,0.38,2024-10-24,1102,N,VIIRS,n,2,288.59,1.82,D,2
41.28217,27.13948,337.95,0.39,0.36,2024-10-24,1102,N,VIIRS,n,2,295.0,3.66,D,0
41.37366,26.86731,335.27,0.39,0.36,2024-10-24,1102,N,VIIRS,n,2,294.49,3.31,D,0
41.37441,26.87191,333.21,0.39,0.36,2024-10-24,1102,N,VIIRS,n,2,297.99,3.31,D,0
41.37856,26.91882,350.15,0.39,0.36,2024-10-24,1102,N,VIIRS,n,2,294.28,4.11,D,0
41.3793,26.92341,345.76,0.39,0.36,2024-10-24,1102,N,VIIRS,n,2,292.33,5.26,D,0
41.38004,26.928,348.25,0.39,0.36,2024-10-24,1102,N,VIIRS,n,2,292.31,5.26,D,0
41.38185,26.91788,327.08,0.39,0.36,2024-10-24,1102,N,VIIRS,n,2,293.48,4.11,D,0
41.41314,26.5678,327.22,0.39,0.36,2024-10-24,1102,N,VIIRS,n,2,297.39,2.47,D,0
41.41866,26.82557,341.41,0.39,0.36,2024-10-24,1102,N,VIIRS,n,2,299.05,11.27,D,0
41.48989,26.61344,330.57,0.39,0.36,2024-10-24,1102,N,VIIRS,n,2,292.11,3.13,D,0
41.49396,26.61711,326.82,0.39,0.36,2024-10-24,1102,N,VIIRS,n,2,291.5,3.06,D,0
41.49726,26.61616,336.29,0.39,0.36,2024-10-24,1102,N,VIIRS,n,2,291.46,3.06,D,0
41.51529,26.62065,334.13,0.39,0.36,2024-10-24,1102,N,VIIRS,n,2,294.15,3.8,D,0
41.51859,26.61969,347.95,0.39,0.36,2024-10-24,1102,N,VIIRS,n,2,293.22,3.8,D,0
41.52482,26.60567,325.45,0.39,0.36,2024-10-24,1102,N,VIIRS,n,2,295.27,1.54,D,0
41.53041,26.61861,345.19,0.39,0.36,2024-10-24,1102,N,VIIRS,n,2,294.13,6.59,D,0
41.53143,26.60375,332.13,0.39,0.36,2024-10-24,1102,N,VIIRS,n,2,292.67,1.88,D,0
41.54286,26.61014,337.24,0.39,0.36,2024-10-24,1102,N,VIIRS,n,2,294.79,4.76,D,0
41.55326,26.63139,336.7,0.39,0.36,2024-10-24,1102,N,VIIRS,n,2,293.06,2.5,D,0
41.60128,26.60775,337.11,0.39,0.36,2024-10-24,1102,N,VIIRS,n,2,293.49,4.56,D,0
42.17936,25.57325,335.92,0.4,0.37,2024-10-24,1102,N,VIIRS,n,2,299.61,1.49,D,0
37.93043,41.6568,308.18,0.46,0.39,2024-10-24,2320,N,VIIRS,n,2,274.65,2.46,N,0
37.93141,41.65168,326.59,0.46,0.39,2024-10-24,2320,N,VIIRS,n,2,276.91,2.46,N,0
37.93338,41.54434,307.49,0.45,0.39,2024-10-24,2320,N,VIIRS,n,2,276.37,1.73,N,0
37.95872,40.56625,314.23,0.42,0.38,2024-10-24,2320,N,VIIRS,n,2,276.98,1.06,N,0
37.97237,41.53526,312.17,0.45,0.39,2024-10-24,2320,N,VIIRS,n,2,274.6,2.2,N,0
38.00838,40.71824,297.82,0.43,0.38,2024-10-24,2320,N,VIIRS,n,2,274.83,0.55,N,0
38.02344,40.55713,295.12,0.42,0.38,2024-10-24,2320,N,VIIRS,n,2,275.86,0.5,N,0
38.04515,41.51624,299.06,0.45,0.39,2024-10-24,2320,N,VIIRS,n,2,275.72,1.17,N,0
38.0477,41.52233,321.49,0.45,0.39,2024-10-24,2320,N,VIIRS,n,2,278.4,1.76,N,0
38.04866,41.51732,310.79,0.45,0.39,2024-10-24,2320,N,VIIRS,n,2,276.77,2.41,N,0
38.1213,40.91564,309.48,0.43,0.38,2024-10-24,2320,N,VIIRS,n,2,275.69,1.16,N,0
38.16687,40.40828,301.55,0.42,0.37,2024-10-24,2320,N,VIIRS,n,2,276.38,1.85,N,0
38.17026,40.40926,328.57,0.42,0.37,2024-10-24,2320,N,VIIRS,n,2,278.7,1.85,N,0
38.27773,39.74335,297.77,0.4,0.37,2024-10-24,2320,N,VIIRS,n,2,282.33,0.62,N,2
38.45344,38.72609,300.55,0.39,0.36,2024-10-24,2320,N,VIIRS,n,2,279.68,0.74,N,2
39.5944,32.42212,296.37,0.55,0.43,2024-10-24,2320,N,VIIRS,n,2,275.13,0.6,N,2
39.59523,32.42208,296.93,0.55,0.43,2024-10-24,2320,N,VIIRS,n,2,276.55,1.08,N,2
39.83553,30.30169,302.72,0.47,0.48,2024-10-24,2320,N,VIIRS,n,2,278.14,1.04,N,2
39.86533,26.24306,304.97,0.38,0.59,2024-10-24,2320,N,VIIRS,n,2,281.67,0.85,N,2
39.8654,26.24138,295.81,0.38,0.59,2024-10-24,2320,N,VIIRS,n,2,280.69,0.63,N,2
39.89994,28.87403,304.07,0.56,0.51,2024-10-24,2320,N,VIIRS,n,2,275.6,0.66,N,0
39.89996,28.87375,302.75,0.56,0.51,2024-10-24,2320,N,VIIRS,n,2,275.71,1.47,N,0
39.94463,33.19388,297.35,0.51,0.41,2024-10-24,2320,N,VIIRS,n,2,277.48,1.14,N,2
40.05016,32.64857,295.57,0.54,0.42,2024-10-24,2320,N,VIIRS,n,2,276.64,1.01,N,2
40.75692,31.78204,298.7,0.4,0.45,2024-10-24,2320,N,VIIRS,n,2,275.34,1.0,N,2
40.764,29.52709,297.37,0.52,0.5,2024-10-24,2320,N,VIIRS,n,2,282.24,1.3,N,3
40.78176,29.60035,297.94,0.52,0.5,2024-10-24,2320,N,VIIRS,n,2,284.6,1.68,N,2
40.94577,31.39807,295.37,0.42,0.45,2024-10-24,2320,N,VIIRS,n,2,277.56,0.8,N,2
41.24002,36.46482,305.69,0.41,0.37,2024-10-24,2320,N,VIIRS,n,2,274.29,2.38,N,2
41.24342,36.46563,329.43,0.41,0.37,2024-10-24,2320,N,VIIRS,n,2,277.42,2.38,N,2
41.2553,31.41228,327.8,0.43,0.46,2024-10-24,2320,N,VIIRS,n,2,282.2,2.09,N,2
41.2581,31.42845,295.84,0.43,0.46,2024-10-24,2320,N,VIIRS,n,2,282.56,0.65,N,2
41.26231,31.42914,300.52,0.43,0.46,2024-10-24,2320,N,VIIRS,n,2,283.25,0.65,N,2
41.26701,31.42465,309.67,0.43,0.46,2024-10-24,2320,N,VIIRS,n,2,286.21,1.78,N,2
35.52618,44.34649,337.46,0.44,0.46,2024-10-24,2321,N,VIIRS,n,2,282.1,4.93,N,2
35.52723,44.34172,341.56,0.44,0.46,2024-10-24,2321,N,VIIRS,n,2,282.79,4.59,N,2
35.52828,44.33695,304.72,0.44,0.46,2024-10-24,2321,N,VIIRS,n,2,282.16,4.59,N,2
35.53142,44.34305,327.77,0.44,0.46,2024-10-24,2321,N,VIIRS,n,2,281.47,4.02,N,2
35.53247,44.33828,349.17,0.44,0.46,2024-10-24,2321,N,VIIRS,n,2,285.64,4.02,N,2
35.53667,44.3396,295.18,0.44,0.46,2024-10-24,2321,N,VIIRS,n,2,280.29,4.02,N,2
35.627,44.00687,325.56,0.43,0.46,2024-10-24,2321,N,VIIRS,n,2,281.63,3.42,N,2
35.6301,44.01284,299.64,0.43,0.46,2024-10-24,2321,N,VIIRS,n,2,281.49,6.02,N,2
35.63109,44.00827,338.26,0.43,0.46,2024-10-24,2321,N,VIIRS,n,2,290.36,6.02,N,2
35.66251,43.96409,337.4,0.42,0.45,2024-10-24,2321,N,VIIRS,n,2,286.02,4.65,N,2
35.66264,43.96597,339.58,0.42,0.45,2024-10-24,2321,N,VIIRS,n,2,286.73,4.57,N,2
35.68268,43.87495,326.04,0.42,0.45,2024-10-24,2321,N,VIIRS,n,2,280.88,14.22,N,2
35.68511,43.8787,323.63,0.42,0.45,2024-10-24,2321,N,VIIRS,n,2,294.29,16.86,N,2
35.68608,43.87413,320.26,0.42,0.45,2024-10-24,2321,N,VIIRS,n,2,281.73,12.86,N,2
35.68675,43.87624,338.81,0.42,0.45,2024-10-24,2321,N,VIIRS,n,2,296.38,14.22,N,2
35.7254,44.0402,337.95,0.43,0.46,2024-10-24,2321,N,VIIRS,n,2,287.15,5.89,N,2
35.73151,44.03226,320.37,0.42,0.46,2024-10-24,2321,N,VIIRS,n,2,282.06,1.45,N,2
35.77082,43.9977,301.19,0.42,0.45,2024-10-24,2321,N,VIIRS,n,2,282.05,0.85,N,2
35.77182,43.99318,311.34,0.42,0.45,2024-10-24,2321,N,VIIRS,n,2,282.9,1.52,N,2
35.77421,43.99662,320.14,0.42,0.45,2024-10-24,2321,N,VIIRS,n,2,283.81,2.86,N,2
35.81566,43.25782,313.91,0.39,0.44,2024-10-24,2321,N,VIIRS,n,2,281.62,0.96,N,2
35.81677,43.25595,306.85,0.39,0.44,2024-10-24,2321,N,VIIRS,n,2,281.03,0.92,N,2
35.92258,43.78817,300.86,0.41,0.45,2024-10-24,2321,N,VIIRS,n,2,279.5,0.61,N,2
35.92406,43.79127,314.21,0.41,0.45,2024-10-24,2321,N,VIIRS,n,2,280.34,1.66,N,2
35.92663,43.78941,307.23,0.41,0.45,2024-10-24,2321,N,VIIRS,n,2,280.1,0.61,N,2
35.94501,43.72473,301.46,0.41,0.45,2024-10-24,2321,N,VIIRS,n,2,279.21,0.63,N,0
35.95307,43.7272,306.27,0.41,0.45,2024-10-24,2321,N,VIIRS,n,2,281.39,1.14,N,2
35.96556,43.76889,322.88,0.41,0.45,2024-10-24,2321,N,VIIRS,n,2,283.01,2.1,N,2
35.97053,43.76584,315.86,0.41,0.45,2024-10-24,2321,N,VIIRS,n,2,285.37,2.56,N,2
35.9726,43.77624,303.04,0.41,0.45,2024-10-24,2321,N,VIIRS,n,2,282.48,1.32,N,2
35.97356,43.77177,307.25,0.41,0.45,2024-10-24,2321,N,VIIRS,n,2,283.32,1.32,N,2
35.98252,43.7701,310.6,0.41,0.45,2024-10-24,2321,N,VIIRS,n,2,283.57,2.23,N,2
35.99742,43.76084,313.79,0.41,0.45,2024-10-24,2321,N,VIIRS,n,2,282.11,1.69,N,2
36.01834,43.68294,325.96,0.4,0.44,2024-10-24,2321,N,VIIRS,n,2,283.37,1.86,N,2
36.08208,43.64218,317.88,0.4,0.44,2024-10-24,2321,N,VIIRS,n,2,279.84,2.28,N,0
36.12482,43.78236,308.71,0.41,0.45,2024-10-24,2321,N,VIIRS,n,2,278.76,0.8,N,2
36.12885,43.78362,295.53,0.41,0.45,2024-10-24,2321,N,VIIRS,n,2,282.43,0.78,N,2
36.13163,40.81093,302.17,0.45,0.39,2024-10-24,2321,N,VIIRS,n,2,279.64,0.72,N,2
36.13287,43.78487,298.74,0.41,0.45,2024-10-24,2321,N,VIIRS,n,2,285.84,0.78,N,2
36.14125,40.81893,309.73,0.45,0.39,2024-10-24,2321,N,VIIRS,n,2,278.91,1.96,N,2
36.14807,43.79414,309.29,0.41,0.45,2024-10-24,2321,N,VIIRS,n,2,281.73,0.77,N,2
36.14989,43.77808,295.64,0.4,0.45,2024-10-24,2321,N,VIIRS,n,2,283.13,0.65,N,0
36.15012,43.79681,306.93,0.41,0.45,2024-10-24,2321,N,VIIRS,n,2,281.66,0.4,N,2
36.1673,41.04429,299.69,0.46,0.39,2024-10-24,2321,N,VIIRS,n,2,279.61,0.47,N,0
36.26222,33.73067,306.6,0.45,0.39,2024-10-24,2321,N,VIIRS,n,2,288.42,1.61,N,2
36.26578,33.73138,300.45,0.45,0.39,2024-10-24,2321,N,VIIRS,n,2,288.03,0.56,N,2
36.35276,42.07516,299.08,0.5,0.41,2024-10-24,2321,N,VIIRS,n,2,283.54,0.68,N,0
36.44115,42.92944,302.88,0.55,0.42,2024-10-24,2321,N,VIIRS,n,2,280.88,1.93,N,2
36.44132,42.93017,303.7,0.55,0.42,2024-10-24,2321,N,VIIRS,n,2,282.76,1.57,N,2
36.44222,43.30103,302.51,0.57,0.43,2024-10-24,2321,N,VIIRS,n,2,276.89,0.97,N,0
36.44975,36.27211,300.58,0.39,0.36,2024-10-24,2321,N,VIIRS,n,2,282.52,0.6,N,0
36.45782,41.28304,298.44,0.46,0.39,2024-10-24,2321,N,VIIRS,n,2,279.8,0.57,N,2
36.63893,43.63709,312.27,0.39,0.44,2024-10-24,2321,N,VIIRS,n,2,279.08,1.38,N,0
36.64287,43.63836,317.26,0.39,0.44,2024-10-24,2321,N,VIIRS,n,2,278.36,1.41,N,0
36.66043,43.57586,296.44,0.39,0.44,2024-10-24,2321,N,VIIRS,n,2,277.37,0.22,N,0
36.67202,36.51097,303.68,0.39,0.36,2024-10-24,2321,N,VIIRS,n,2,283.23,0.53,N,0
36.68994,36.20564,306.96,0.39,0.36,2024-10-24,2321,N,VIIRS,n,2,288.36,1.16,N,2
36.69659,36.20718,306.18,0.39,0.36,2024-10-24,2321,N,VIIRS,n,2,289.08,0.81,N,2
36.70782,43.65007,303.66,0.39,0.44,2024-10-24,2321,N,VIIRS,n,2,277.56,0.74,N,0
36.71267,43.36866,302.47,0.57,0.43,2024-10-24,2321,N,VIIRS,n,2,280.44,1.19,N,0
36.71783,36.203,327.88,0.39,0.36,2024-10-24,2321,N,VIIRS,n,2,288.07,1.45,N,2
36.72474,43.0787,295.9,0.55,0.43,2024-10-24,2321,N,VIIRS,n,2,275.94,1.17,N,0
36.72808,43.08017,299.3,0.55,0.43,2024-10-24,2321,N,VIIRS,n,2,277.0,0.39,N,0
36.7305,36.21037,327.51,0.39,0.36,2024-10-24,2321,N,VIIRS,n,2,294.14,1.62,N,2
36.7311,43.281,298.27,0.56,0.43,2024-10-24,2321,N,VIIRS,n,2,280.21,1.01,N,2
36.73382,36.21112,304.44,0.39,0.36,2024-10-24,2321,N,VIIRS,n,2,289.94,1.62,N,2
36.74047,36.21264,302.31,0.39,0.36,2024-10-24,2321,N,VIIRS,n,2,290.21,1.58,N,2
36.74574,36.2003,323.86,0.39,0.36,2024-10-24,2321,N,VIIRS,n,2,289.19,2.08,N,2
36.76441,43.49937,297.83,0.57,0.43,2024-10-24,2321,N,VIIRS,n,2,278.67,1.05,N,0
36.76622,43.5003,297.77,0.57,0.43,2024-10-24,2321,N,VIIRS,n,2,278.6,0.34,N,0
36.77519,43.32707,327.88,0.56,0.43,2024-10-24,2321,N,VIIRS,n,2,281.64,5.54,N,2
36.79771,37.02161,299.92,0.38,0.36,2024-10-24,2321,N,VIIRS,n,2,281.34,0.56,N,0
36.8365,37.36253,299.16,0.38,0.36,2024-10-24,2321,N,VIIRS,n,2,276.81,0.39,N,0
36.86837,34.75854,301.79,0.42,0.38,2024-10-24,2321,N,VIIRS,n,2,286.2,1.39,N,2
36.8688,43.48804,311.81,0.57,0.43,2024-10-24,2321,N,VIIRS,n,2,279.5,2.79,N,2
36.8704,43.48912,309.53,0.57,0.43,2024-10-24,2321,N,VIIRS,n,2,280.01,2.19,N,2
36.8712,34.76394,307.53,0.42,0.38,2024-10-24,2321,N,VIIRS,n,2,287.75,1.12,N,2
36.89068,43.43299,319.05,0.57,0.43,2024-10-24,2321,N,VIIRS,n,2,276.49,1.75,N,2
36.89254,43.43338,326.39,0.57,0.43,2024-10-24,2321,N,VIIRS,n,2,277.59,3.72,N,2
36.90774,43.39159,328.67,0.56,0.43,2024-10-24,2321,N,VIIRS,n,2,280.64,6.82,N,2
36.93673,30.64944,302.43,0.42,0.45,2024-10-24,2321,N,VIIRS,n,2,285.88,0.75,N,2
36.93945,38.75695,301.71,0.39,0.36,2024-10-24,2321,N,VIIRS,n,2,279.09,0.41,N,0
36.94019,38.75257,315.54,0.39,0.36,2024-10-24,2321,N,VIIRS,n,2,280.98,1.44,N,0
36.94093,38.74819,315.35,0.39,0.36,2024-10-24,2321,N,VIIRS,n,2,283.02,1.44,N,0
36.96253,35.44988,300.15,0.4,0.37,2024-10-24,2321,N,VIIRS,n,2,286.39,0.8,N,2
36.96257,42.05105,319.1,0.49,0.4,2024-10-24,2321,N,VIIRS,n,2,279.73,1.5,N,2
36.96448,42.08036,297.6,0.49,0.4,2024-10-24,2321,N,VIIRS,n,2,276.62,0.61,N,2
36.96527,35.45514,296.84,0.4,0.37,2024-10-24,2321,N,VIIRS,n,2,285.97,0.8,N,2
36.98457,41.57471,300.35,0.47,0.4,2024-10-24,2321,N,VIIRS,n,2,277.73,0.79,N,0
36.99828,41.5624,319.84,0.47,0.4,2024-10-24,2321,N,VIIRS,n,2,283.14,2.94,N,2
37.0132,41.58321,310.68,0.47,0.4,2024-10-24,2321,N,VIIRS,n,2,280.36,1.99,N,0
37.03211,42.17006,302.5,0.49,0.41,2024-10-24,2321,N,VIIRS,n,2,278.37,0.89,N,2
37.13927,42.79176,296.8,0.52,0.42,2024-10-24,2321,N,VIIRS,n,2,279.78,0.82,N,2
37.26713,38.75476,300.89,0.39,0.36,2024-10-24,2321,N,VIIRS,n,2,279.27,0.42,N,0
37.27813,38.73034,297.4,0.39,0.36,2024-10-24,2321,N,VIIRS,n,2,281.28,0.73,N,2
37.29565,37.15918,305.86,0.38,0.36,2024-10-24,2321,N,VIIRS,n,2,282.85,1.31,N,2
37.30224,37.16077,297.39,0.38,0.36,2024-10-24,2321,N,VIIRS,n,2,279.85,0.59,N,2
37.33872,40.804,306.68,0.44,0.38,2024-10-24,2321,N,VIIRS,n,2,281.1,1.07,N,2
37.35297,37.16402,301.77,0.38,0.36,2024-10-24,2321,N,VIIRS,n,2,283.77,0.74,N,2
37.46424,36.57693,308.74,0.39,0.36,2024-10-24,2321,N,VIIRS,n,2,286.12,1.4,N,0
37.4649,36.57233,307.84,0.39,0.36,2024-10-24,2321,N,VIIRS,n,2,285.91,1.2,N,0
37.46756,36.57767,302.75,0.39,0.36,2024-10-24,2321,N,VIIRS,n,2,285.95,1.07,N,0
37.69062,40.39278,318.22,0.42,0.38,2024-10-24,2321,N,VIIRS,n,2,277.24,1.28,N,0
37.69146,40.38807,296.89,0.42,0.38,2024-10-24,2321,N,VIIRS,n,2,275.32,1.28,N,0
37.6994,40.72791,297.06,0.43,0.38,2024-10-24,2321,N,VIIRS,n,2,275.61,0.39,N,0
37.70106,40.91675,312.64,0.44,0.38,2024-10-24,2321,N,VIIRS,n,2,275.41,1.09,N,0
37.70792,38.14351,300.05,0.39,0.36,2024-10-24,2321,N,VIIRS,n,2,279.19,0.37,N,0
37.717,29.00484,340.15,0.52,0.5,2024-10-24,2321,N,VIIRS,n,2,283.3,36.6,N,0
37.71735,29.00047,344.67,0.52,0.5,2024-10-24,2321,N,VIIRS,n,2,283.14,36.6,N,0
37.71772,40.8657,295.69,0.43,0.38,2024-10-24,2321,N,VIIRS,n,2,273.51,0.73,N,0
37.72127,29.00963,326.2,0.52,0.5,2024-10-24,2321,N,VIIRS,n,2,284.95,6.65,N,0
37.72165,29.00503,348.88,0.52,0.5,2024-10-24,2321,N,VIIRS,n,2,302.78,36.6,N,0
37.72205,29.00009,343.21,0.52,0.5,2024-10-24,2321,N,VIIRS,n,2,293.58,36.6,N,0
37.79443,38.17709,312.24,0.39,0.36,2024-10-24,2321,N,VIIRS,n,2,281.2,1.24,N,0
37.83583,28.16488,295.28,0.58,0.52,2024-10-24,2321,N,VIIRS,n,2,279.99,0.79,N,0
37.86172,29.37036,299.28,0.5,0.49,2024-10-24,2321,N,VIIRS,n,2,280.96,1.11,N,2
37.86199,29.37053,298.97,0.5,0.49,2024-10-24,2321,N,VIIRS,n,2,281.37,0.89,N,2
37.89717,30.49255,298.11,0.44,0.46,2024-10-24,2321,N,VIIRS,n,2,278.61,1.07,N,2
38.42592,27.21819,300.14,0.33,0.55,2024-10-24,2321,N,VIIRS,n,2,286.67,0.7,N,2
38.42618,27.21415,301.13,0.33,0.55,2024-10-24,2321,N,VIIRS,n,2,287.16,1.03,N,2
38.46184,35.61941,306.95,0.41,0.37,2024-10-24,2321,N,VIIRS,n,2,266.86,1.07,N,0
38.58072,26.93637,309.18,0.34,0.56,2024-10-24,2321,N,VIIRS,n,2,284.23,0.87,N,0
38.66034,30.61711,300.36,0.44,0.46,2024-10-24,2321,N,VIIRS,n,2,276.39,1.12,N,2
38.73865,26.93034,303.69,0.34,0.56,2024-10-24,2321,N,VIIRS,n,2,286.47,0.69,N,2
38.74289,26.94706,296.95,0.34,0.56,2024-10-24,2321,N,VIIRS,n,2,286.86,1.15,N,2
38.75413,26.93597,308.97,0.34,0.56,2024-10-24,2321,N,VIIRS,n,2,283.7,0.61,N,0
39.16905,27.63067,305.79,0.32,0.54,2024-10-24,2321,N,VIIRS,n,2,284.57,0.66,N,2
