latitude,longitude,bright_ti4,scan,track,acq_date,acq_time,satellite,instrument,confidence,version,bright_ti5,frp,daynight,type
37.81441,38.43266,298.46,0.77,0.77,2024-09-30,29,N,VIIRS,n,2,285.11,1.04,N,0
37.81918,38.43373,297.74,0.77,0.77,2024-09-30,29,N,VIIRS,n,2,285.55,1.16,N,0
38.77783,36.06624,300.54,0.55,0.68,2024-09-30,29,N,VIIRS,n,2,277.6,1.41,N,0
38.79955,36.0625,296.52,0.55,0.68,2024-09-30,29,N,VIIRS,n,2,275.83,0.74,N,0
39.06425,35.37343,299.27,0.5,0.66,2024-09-30,29,N,VIIRS,n,2,284.85,0.55,N,0
39.42075,32.3385,308.06,0.35,0.56,2024-09-30,29,N,VIIRS,n,2,282.56,0.79,N,0
39.42176,32.33473,301.39,0.35,0.56,2024-09-30,29,N,VIIRS,n,2,283.15,0.79,N,0
39.60488,36.77092,295.75,0.57,0.69,2024-09-30,29,N,VIIRS,n,2,279.21,0.6,N,0
39.60865,36.77303,295.16,0.57,0.69,2024-09-30,29,N,VIIRS,n,2,279.19,0.44,N,0
41.17382,32.63302,311.95,0.32,0.55,2024-09-30,29,N,VIIRS,n,2,285.98,0.98,N,2
41.17862,32.63537,303.18,0.32,0.55,2024-09-30,29,N,VIIRS,n,2,288.59,0.98,N,2
41.18346,32.63753,297.41,0.32,0.55,2024-09-30,29,N,VIIRS,n,2,286.02,0.9,N,2
41.19207,32.62541,298.93,0.32,0.55,2024-09-30,29,N,VIIRS,n,2,286.04,0.39,N,2
41.19305,32.62167,300.08,0.32,0.55,2024-09-30,29,N,VIIRS,n,2,285.17,0.39,N,0
36.26118,33.72858,300.07,0.49,0.65,2024-09-30,30,N,VIIRS,n,2,289.2,0.72,N,2
36.82972,28.66434,337.68,0.52,0.5,2024-09-30,30,N,VIIRS,n,2,289.49,6.29,N,0
37.01471,36.10651,302.71,0.62,0.71,2024-09-30,30,N,VIIRS,n,2,289.48,0.97,N,2
37.35219,37.16556,300.26,0.69,0.74,2024-09-30,30,N,VIIRS,n,2,289.32,0.96,N,0
37.54534,38.11044,295.78,0.75,0.77,2024-09-30,30,N,VIIRS,n,2,285.63,0.66,N,0
38.33339,35.55151,303.25,0.54,0.68,2024-09-30,30,N,VIIRS,n,2,280.38,1.58,N,0
38.33891,35.55568,299.46,0.54,0.68,2024-09-30,30,N,VIIRS,n,2,281.58,1.58,N,0
38.39175,30.76364,298.56,0.61,0.54,2024-09-30,30,N,VIIRS,n,2,285.33,0.85,N,0
38.41473,30.81821,302.29,0.61,0.54,2024-09-30,30,N,VIIRS,n,2,282.3,13.66,N,0
38.41778,30.82701,337.54,0.62,0.54,2024-09-30,30,N,VIIRS,n,2,286.14,13.1,N,0
38.41949,30.82017,354.61,0.61,0.54,2024-09-30,30,N,VIIRS,n,2,289.57,13.66,N,0
38.42254,30.82897,342.9,0.62,0.54,2024-09-30,30,N,VIIRS,n,2,287.98,11.37,N,0
38.43035,30.83975,314.91,0.62,0.54,2024-09-30,30,N,VIIRS,n,2,286.71,14.82,N,0
38.43074,30.81723,321.43,0.61,0.54,2024-09-30,30,N,VIIRS,n,2,284.44,7.49,N,0
38.43207,30.83289,352.08,0.62,0.54,2024-09-30,30,N,VIIRS,n,2,289.67,14.82,N,0
38.43379,30.82603,335.86,0.61,0.54,2024-09-30,30,N,VIIRS,n,2,286.46,34.32,N,0
38.4355,30.81918,325.12,0.61,0.54,2024-09-30,30,N,VIIRS,n,2,285.79,34.32,N,0
38.43684,30.83484,308.6,0.62,0.54,2024-09-30,30,N,VIIRS,n,2,287.43,14.82,N,0
38.43856,30.82798,346.0,0.61,0.54,2024-09-30,30,N,VIIRS,n,2,302.01,34.32,N,0
38.44331,30.82995,300.1,0.61,0.54,2024-09-30,30,N,VIIRS,n,2,285.12,1.12,N,0
38.50835,29.42715,298.68,0.52,0.5,2024-09-30,30,N,VIIRS,n,2,282.62,2.06,N,0
38.73885,26.9507,304.57,0.39,0.44,2024-09-30,30,N,VIIRS,n,2,286.16,1.36,N,2
38.7398,26.94629,300.98,0.39,0.44,2024-09-30,30,N,VIIRS,n,2,287.82,2.25,N,2
39.42097,32.33646,311.17,0.35,0.56,2024-09-30,30,N,VIIRS,n,2,282.93,1.73,N,0
39.42196,32.3327,299.88,0.35,0.56,2024-09-30,30,N,VIIRS,n,2,283.42,0.9,N,0
39.74529,30.19992,298.58,0.53,0.5,2024-09-30,30,N,VIIRS,n,2,284.69,1.06,N,2
39.74704,30.20039,296.23,0.53,0.5,2024-09-30,30,N,VIIRS,n,2,285.02,0.75,N,2
39.83736,30.30112,297.95,0.53,0.5,2024-09-30,30,N,VIIRS,n,2,285.61,1.06,N,2
39.86699,26.24325,312.0,0.52,0.41,2024-09-30,30,N,VIIRS,n,2,288.28,1.59,N,2
35.52861,44.34111,350.59,0.4,0.37,2024-09-30,1010,N,VIIRS,n,2,316.06,5.9,D,2
35.54266,44.16538,341.22,0.4,0.37,2024-09-30,1010,N,VIIRS,n,2,310.69,8.18,D,0
35.62319,44.44682,340.75,0.41,0.37,2024-09-30,1010,N,VIIRS,n,2,313.39,2.13,D,0
35.6762,44.14532,349.76,0.4,0.37,2024-09-30,1010,N,VIIRS,n,2,317.37,10.62,D,0
35.67957,44.14461,344.72,0.4,0.37,2024-09-30,1010,N,VIIRS,n,2,316.63,5.28,D,0
35.68016,44.14898,345.97,0.4,0.37,2024-09-30,1010,N,VIIRS,n,2,316.02,5.74,D,0
35.72409,44.04019,344.31,0.4,0.37,2024-09-30,1010,N,VIIRS,n,2,318.54,10.24,D,2
35.8542,43.79387,349.14,0.4,0.37,2024-09-30,1010,N,VIIRS,n,2,315.67,6.67,D,0
35.85755,43.79316,356.45,0.4,0.37,2024-09-30,1010,N,VIIRS,n,2,317.61,6.67,D,0
35.86707,44.06271,345.88,0.4,0.37,2024-09-30,1010,N,VIIRS,n,2,315.43,5.28,D,0
35.87104,44.06643,344.59,0.4,0.37,2024-09-30,1010,N,VIIRS,n,2,313.64,3.07,D,0
35.8996,44.30314,350.39,0.41,0.37,2024-09-30,1010,N,VIIRS,n,2,315.63,11.42,D,0
35.90021,44.30764,343.54,0.41,0.37,2024-09-30,1010,N,VIIRS,n,2,313.48,5.9,D,0
35.90195,43.48505,353.43,0.39,0.36,2024-09-30,1010,N,VIIRS,n,2,319.85,21.35,D,0
35.95312,43.65291,347.14,0.39,0.36,2024-09-30,1010,N,VIIRS,n,2,320.11,10.25,D,0
35.97357,43.77437,340.56,0.4,0.37,2024-09-30,1010,N,VIIRS,n,2,312.18,0.84,D,2
36.0465,44.43661,344.01,0.41,0.37,2024-09-30,1010,N,VIIRS,n,2,312.51,2.98,D,0
36.06935,44.4505,344.09,0.41,0.37,2024-09-30,1010,N,VIIRS,n,2,316.0,3.87,D,0
36.07616,44.44909,349.68,0.41,0.37,2024-09-30,1010,N,VIIRS,n,2,312.98,5.34,D,0
36.08115,44.43409,354.76,0.41,0.37,2024-09-30,1010,N,VIIRS,n,2,319.74,22.07,D,0
36.10296,44.10728,350.5,0.4,0.37,2024-09-30,1010,N,VIIRS,n,2,315.75,8.43,D,0
36.24413,43.44186,340.07,0.39,0.36,2024-09-30,1010,N,VIIRS,n,2,314.48,2.25,D,0
36.25684,43.4346,347.31,0.39,0.36,2024-09-30,1010,N,VIIRS,n,2,316.43,7.59,D,0
36.26018,43.43387,350.53,0.39,0.36,2024-09-30,1010,N,VIIRS,n,2,318.79,7.59,D,0
36.40049,36.49673,336.71,0.54,0.42,2024-09-30,1010,N,VIIRS,n,2,306.94,5.63,D,0
36.45013,42.75906,342.9,0.39,0.36,2024-09-30,1010,N,VIIRS,n,2,316.73,5.48,D,0
36.45343,42.75832,351.75,0.39,0.36,2024-09-30,1010,N,VIIRS,n,2,319.37,5.48,D,0
36.5257,44.32191,346.43,0.41,0.37,2024-09-30,1010,N,VIIRS,n,2,315.95,23.63,D,0
36.53761,43.57477,349.25,0.4,0.37,2024-09-30,1010,N,VIIRS,n,2,319.67,6.69,D,0
36.66677,43.69923,348.57,0.4,0.37,2024-09-30,1010,N,VIIRS,n,2,318.49,6.08,D,0
36.66726,43.62273,346.15,0.4,0.37,2024-09-30,1010,N,VIIRS,n,2,317.55,5.55,D,0
36.69467,41.18724,344.91,0.39,0.36,2024-09-30,1010,N,VIIRS,n,2,316.27,3.68,D,0
36.71689,43.17871,341.84,0.39,0.36,2024-09-30,1010,N,VIIRS,n,2,315.17,2.15,D,0
36.83636,39.30169,340.88,0.42,0.38,2024-09-30,1010,N,VIIRS,n,2,309.75,2.26,D,0
36.87591,42.86638,344.34,0.39,0.36,2024-09-30,1010,N,VIIRS,n,2,312.18,3.06,D,0
36.89101,43.42917,337.29,0.39,0.37,2024-09-30,1010,N,VIIRS,n,2,304.4,3.63,D,2
36.89278,41.3459,345.66,0.39,0.36,2024-09-30,1010,N,VIIRS,n,2,315.13,3.29,D,0
36.90107,42.05826,341.47,0.38,0.36,2024-09-30,1010,N,VIIRS,n,2,316.29,2.97,D,0
36.90437,42.05749,341.17,0.38,0.36,2024-09-30,1010,N,VIIRS,n,2,315.29,2.97,D,0
36.90608,43.38946,340.97,0.39,0.37,2024-09-30,1010,N,VIIRS,n,2,306.74,3.19,D,2
36.98061,43.07786,345.35,0.39,0.36,2024-09-30,1010,N,VIIRS,n,2,311.16,1.67,D,0
36.98393,43.07712,337.53,0.39,0.36,2024-09-30,1010,N,VIIRS,n,2,311.11,2.65,D,0
37.01588,41.52627,341.35,0.38,0.36,2024-09-30,1010,N,VIIRS,n,2,313.24,1.85,D,0
37.06027,43.97573,336.79,0.41,0.37,2024-09-30,1010,N,VIIRS,n,2,305.27,2.57,D,0
37.06086,43.98014,339.71,0.41,0.37,2024-09-30,1010,N,VIIRS,n,2,300.95,2.52,D,0
37.10242,36.09837,341.61,0.55,0.43,2024-09-30,1010,N,VIIRS,n,2,302.47,5.78,D,0
37.17524,41.94305,346.53,0.38,0.36,2024-09-30,1010,N,VIIRS,n,2,313.47,7.44,D,0
37.17788,41.93797,348.95,0.38,0.36,2024-09-30,1010,N,VIIRS,n,2,314.55,5.64,D,0
37.17918,41.94656,348.16,0.38,0.36,2024-09-30,1010,N,VIIRS,n,2,312.42,7.44,D,0
37.19861,42.09782,342.07,0.38,0.36,2024-09-30,1010,N,VIIRS,n,2,315.47,2.8,D,0
37.20869,42.00635,336.72,0.38,0.36,2024-09-30,1010,N,VIIRS,n,2,310.35,2.42,D,0
37.21205,41.96103,341.18,0.38,0.36,2024-09-30,1010,N,VIIRS,n,2,313.75,2.75,D,0
37.38979,40.50719,338.64,0.39,0.36,2024-09-30,1010,N,VIIRS,n,2,311.36,2.74,D,0
37.4098,39.22055,345.83,0.42,0.37,2024-09-30,1010,N,VIIRS,n,2,308.98,4.52,D,0
37.4269,39.62366,351.58,0.41,0.37,2024-09-30,1010,N,VIIRS,n,2,313.53,11.82,D,0
37.44443,41.39975,344.12,0.38,0.36,2024-09-30,1010,N,VIIRS,n,2,311.14,3.68,D,0
37.48671,38.63401,337.31,0.43,0.38,2024-09-30,1010,N,VIIRS,n,2,308.76,4.51,D,0
37.48758,38.63889,335.85,0.43,0.38,2024-09-30,1010,N,VIIRS,n,2,306.1,4.51,D,0
37.4996,40.11652,335.15,0.4,0.37,2024-09-30,1010,N,VIIRS,n,2,308.25,1.67,D,0
37.51123,38.4045,345.95,0.44,0.38,2024-09-30,1010,N,VIIRS,n,2,311.05,8.41,D,0
37.55299,38.39266,348.4,0.44,0.38,2024-09-30,1010,N,VIIRS,n,2,313.05,5.05,D,0
37.55646,38.39164,341.22,0.44,0.38,2024-09-30,1010,N,VIIRS,n,2,310.3,5.05,D,0
37.5793,38.7817,344.86,0.43,0.38,2024-09-30,1010,N,VIIRS,n,2,309.81,3.73,D,0
37.58691,38.82431,339.22,0.43,0.38,2024-09-30,1010,N,VIIRS,n,2,313.32,5.6,D,0
37.59974,39.0782,348.53,0.42,0.38,2024-09-30,1010,N,VIIRS,n,2,318.74,29.37,D,0
37.61711,38.0505,346.19,0.45,0.39,2024-09-30,1010,N,VIIRS,n,2,310.4,4.99,D,0
37.63448,38.20303,337.61,0.44,0.39,2024-09-30,1010,N,VIIRS,n,2,306.71,3.5,D,0
37.6354,38.20795,332.98,0.44,0.39,2024-09-30,1010,N,VIIRS,n,2,306.49,2.84,D,0
37.63544,38.20461,341.41,0.44,0.39,2024-09-30,1010,N,VIIRS,n,2,306.65,3.8,D,0
37.67218,38.20775,341.48,0.44,0.39,2024-09-30,1010,N,VIIRS,n,2,309.04,6.26,D,0
37.67218,38.85186,335.4,0.42,0.38,2024-09-30,1010,N,VIIRS,n,2,304.94,5.27,D,0
37.67567,38.20676,347.12,0.44,0.39,2024-09-30,1010,N,VIIRS,n,2,309.04,6.26,D,0
37.68406,37.95149,349.08,0.45,0.39,2024-09-30,1010,N,VIIRS,n,2,313.11,21.53,D,0
37.68757,37.9504,355.24,0.45,0.39,2024-09-30,1010,N,VIIRS,n,2,311.84,21.53,D,0
37.69386,39.03402,347.64,0.42,0.38,2024-09-30,1010,N,VIIRS,n,2,314.0,8.63,D,0
37.70133,38.24633,342.26,0.44,0.39,2024-09-30,1010,N,VIIRS,n,2,307.58,3.13,D,0
37.70611,38.31252,338.06,0.44,0.38,2024-09-30,1010,N,VIIRS,n,2,307.89,3.68,D,0
37.70772,38.97094,367.0,0.42,0.38,2024-09-30,1010,N,VIIRS,h,2,325.47,61.12,D,0
37.75737,40.81609,337.18,0.39,0.36,2024-09-30,1010,N,VIIRS,n,2,304.34,2.85,D,0
37.77859,40.22262,341.13,0.39,0.36,2024-09-30,1010,N,VIIRS,n,2,310.21,5.2,D,0
37.79959,40.2448,347.49,0.39,0.36,2024-09-30,1010,N,VIIRS,n,2,310.56,3.97,D,0
37.80291,40.24393,339.25,0.39,0.36,2024-09-30,1010,N,VIIRS,n,2,310.73,7.35,D,0
37.81167,40.29693,338.65,0.39,0.36,2024-09-30,1010,N,VIIRS,n,2,307.42,5.33,D,0
37.81498,40.29603,353.17,0.39,0.36,2024-09-30,1010,N,VIIRS,n,2,308.92,5.33,D,0
37.8681,39.30111,340.07,0.41,0.37,2024-09-30,1010,N,VIIRS,n,2,310.95,3.14,D,0
37.88667,40.17673,347.66,0.39,0.37,2024-09-30,1010,N,VIIRS,n,2,308.78,8.75,D,0
37.90733,40.05074,338.23,0.4,0.37,2024-09-30,1010,N,VIIRS,n,2,309.7,2.63,D,0
37.92477,40.65263,345.39,0.39,0.36,2024-09-30,1010,N,VIIRS,n,2,308.1,3.68,D,0
37.92487,40.97529,340.47,0.39,0.36,2024-09-30,1010,N,VIIRS,n,2,309.76,2.99,D,0
37.92555,40.97963,348.82,0.39,0.36,2024-09-30,1010,N,VIIRS,n,2,320.01,29.03,D,0
37.92816,40.97446,340.42,0.39,0.36,2024-09-30,1010,N,VIIRS,n,2,308.93,4.98,D,0
37.92885,40.9788,349.82,0.39,0.36,2024-09-30,1010,N,VIIRS,n,2,313.84,37.2,D,0
37.93793,40.71319,347.59,0.39,0.36,2024-09-30,1010,N,VIIRS,n,2,311.95,7.91,D,0
37.9836,41.08725,343.24,0.39,0.36,2024-09-30,1010,N,VIIRS,n,2,309.07,3.9,D,0
37.98536,39.86392,344.55,0.4,0.37,2024-09-30,1010,N,VIIRS,n,2,314.36,11.3,D,0
37.9977,40.41057,347.54,0.39,0.36,2024-09-30,1010,N,VIIRS,n,2,315.27,13.66,D,0
38.02264,41.11813,338.5,0.39,0.36,2024-09-30,1010,N,VIIRS,n,2,311.24,1.88,D,0
38.03648,40.29674,338.81,0.39,0.36,2024-09-30,1010,N,VIIRS,n,2,311.94,2.85,D,0
38.04562,41.11787,353.13,0.39,0.36,2024-09-30,1010,N,VIIRS,n,2,311.36,7.77,D,0
38.0463,41.12221,343.57,0.39,0.36,2024-09-30,1010,N,VIIRS,n,2,312.29,4.74,D,0
38.0499,40.35754,337.49,0.39,0.36,2024-09-30,1010,N,VIIRS,n,2,310.81,2.11,D,0
38.05322,40.35669,336.77,0.39,0.36,2024-09-30,1010,N,VIIRS,n,2,309.18,2.34,D,0
38.05356,41.12491,341.79,0.39,0.36,2024-09-30,1010,N,VIIRS,n,2,309.44,5.3,D,0
38.06344,40.22948,333.59,0.39,0.36,2024-09-30,1010,N,VIIRS,n,2,306.27,2.83,D,0
38.08535,40.93578,353.59,0.39,0.36,2024-09-30,1010,N,VIIRS,n,2,316.34,19.24,D,0
38.08604,40.94014,349.5,0.39,0.36,2024-09-30,1010,N,VIIRS,n,2,315.83,21.69,D,0
38.08881,41.06633,337.31,0.39,0.36,2024-09-30,1010,N,VIIRS,n,2,308.18,1.84,D,0
38.09118,40.31452,343.4,0.39,0.36,2024-09-30,1010,N,VIIRS,n,2,312.86,3.61,D,0
38.09209,40.95677,346.32,0.39,0.36,2024-09-30,1010,N,VIIRS,n,2,310.95,3.6,D,0
38.10402,40.96737,344.24,0.39,0.36,2024-09-30,1010,N,VIIRS,n,2,310.2,6.04,D,0
38.10663,40.96218,337.87,0.39,0.36,2024-09-30,1010,N,VIIRS,n,2,310.86,6.04,D,0
38.10693,40.8596,353.44,0.39,0.36,2024-09-30,1010,N,VIIRS,n,2,315.55,10.33,D,0
38.10731,40.96654,345.88,0.39,0.36,2024-09-30,1010,N,VIIRS,n,2,311.82,6.04,D,0
38.12139,40.39415,340.91,0.39,0.36,2024-09-30,1010,N,VIIRS,n,2,311.28,3.5,D,0
38.16526,40.73097,367.0,0.39,0.36,2024-09-30,1010,N,VIIRS,h,2,314.66,12.42,D,0
38.16786,40.72573,354.87,0.39,0.36,2024-09-30,1010,N,VIIRS,n,2,312.06,7.02,D,0
38.16856,40.73013,355.58,0.39,0.36,2024-09-30,1010,N,VIIRS,n,2,311.61,11.84,D,0
36.98987,27.31271,337.04,0.52,0.67,2024-09-30,1011,N,VIIRS,n,2,299.28,6.33,D,0
36.99614,27.31139,339.24,0.52,0.67,2024-09-30,1011,N,VIIRS,n,2,299.03,6.33,D,0
37.70449,37.87357,337.32,0.46,0.39,2024-09-30,1011,N,VIIRS,n,2,308.14,2.66,D,0
37.84172,33.54881,341.48,0.47,0.48,2024-09-30,1011,N,VIIRS,n,2,303.02,5.35,D,0
37.85222,38.55544,333.57,0.43,0.38,2024-09-30,1011,N,VIIRS,n,2,306.42,1.15,D,0
38.05256,39.82348,346.44,0.4,0.37,2024-09-30,1011,N,VIIRS,n,2,312.93,4.13,D,0
38.07872,40.08287,347.35,0.39,0.37,2024-09-30,1011,N,VIIRS,n,2,309.27,5.31,D,0
38.09494,40.05536,341.31,0.4,0.37,2024-09-30,1011,N,VIIRS,n,2,309.63,5.33,D,0
38.10747,40.17256,334.15,0.39,0.36,2024-09-30,1011,N,VIIRS,n,2,305.83,1.45,D,0
38.13812,40.35867,342.98,0.39,0.36,2024-09-30,1011,N,VIIRS,n,2,311.02,5.02,D,0
38.14566,40.27838,343.94,0.39,0.36,2024-09-30,1011,N,VIIRS,n,2,313.28,3.53,D,0
38.16502,40.60867,336.1,0.39,0.36,2024-09-30,1011,N,VIIRS,n,2,309.74,2.69,D,0
38.17224,40.22982,338.72,0.39,0.36,2024-09-30,1011,N,VIIRS,n,2,312.34,2.06,D,0
38.18953,39.75986,341.35,0.4,0.37,2024-09-30,1011,N,VIIRS,n,2,314.3,9.55,D,0
38.19299,40.76131,340.86,0.39,0.36,2024-09-30,1011,N,VIIRS,n,2,310.75,4.13,D,0
38.19487,40.49561,343.07,0.39,0.36,2024-09-30,1011,N,VIIRS,n,2,312.38,2.9,D,0
38.20617,40.75795,354.72,0.39,0.36,2024-09-30,1011,N,VIIRS,n,2,314.3,14.48,D,0
38.20687,40.76233,347.91,0.39,0.36,2024-09-30,1011,N,VIIRS,n,2,308.85,14.48,D,0
38.20794,37.10102,367.0,0.48,0.4,2024-09-30,1011,N,VIIRS,h,2,350.34,95.14,D,0
38.20898,37.1064,338.67,0.48,0.4,2024-09-30,1011,N,VIIRS,n,2,312.78,95.14,D,0
38.21163,40.70637,339.12,0.39,0.36,2024-09-30,1011,N,VIIRS,n,2,307.94,1.49,D,0
38.21234,40.71075,341.39,0.39,0.36,2024-09-30,1011,N,VIIRS,n,2,310.64,3.91,D,0
38.24485,33.78477,355.73,0.45,0.47,2024-09-30,1011,N,VIIRS,n,2,315.15,13.22,D,0
38.24903,33.78323,345.12,0.45,0.47,2024-09-30,1011,N,VIIRS,n,2,304.27,13.22,D,0
38.36912,27.13843,325.2,0.49,0.65,2024-09-30,1011,N,VIIRS,n,2,291.21,1.98,D,0
38.49185,33.44329,348.55,0.46,0.47,2024-09-30,1011,N,VIIRS,n,2,312.04,40.18,D,0
38.6205,36.20578,335.13,0.51,0.41,2024-09-30,1011,N,VIIRS,n,2,304.98,4.84,D,0
38.70335,43.37429,332.76,0.4,0.37,2024-09-30,1011,N,VIIRS,n,2,306.76,3.08,D,0
38.71172,36.8996,340.06,0.48,0.4,2024-09-30,1011,N,VIIRS,n,2,307.42,5.48,D,0
38.71427,36.89656,341.0,0.48,0.4,2024-09-30,1011,N,VIIRS,n,2,305.93,6.9,D,0
38.73015,39.94111,341.75,0.39,0.36,2024-09-30,1011,N,VIIRS,n,2,311.44,12.89,D,0
38.76109,40.50218,335.85,0.39,0.36,2024-09-30,1011,N,VIIRS,n,2,302.92,2.86,D,0
38.76316,37.49091,337.55,0.45,0.39,2024-09-30,1011,N,VIIRS,n,2,306.87,11.03,D,0
38.7823,36.15084,342.06,0.51,0.41,2024-09-30,1011,N,VIIRS,n,2,308.45,3.35,D,0
38.80914,36.06787,340.91,0.52,0.41,2024-09-30,1011,N,VIIRS,n,2,310.32,11.43,D,0
38.82704,37.55462,334.52,0.45,0.39,2024-09-30,1011,N,VIIRS,n,2,300.61,2.59,D,0
38.82881,37.55149,345.82,0.45,0.39,2024-09-30,1011,N,VIIRS,n,2,302.19,8.31,D,0
38.8289,42.88789,341.13,0.4,0.37,2024-09-30,1011,N,VIIRS,n,2,307.28,3.5,D,0
38.83053,37.55344,334.38,0.45,0.39,2024-09-30,1011,N,VIIRS,n,2,301.34,4.81,D,0
38.87907,37.38326,341.16,0.46,0.39,2024-09-30,1011,N,VIIRS,n,2,307.78,5.49,D,0
39.01127,37.06013,340.91,0.47,0.4,2024-09-30,1011,N,VIIRS,n,2,308.91,10.38,D,0
39.0823,33.54696,333.8,0.44,0.46,2024-09-30,1011,N,VIIRS,n,2,306.95,2.86,D,0
39.11412,34.51424,332.66,0.4,0.44,2024-09-30,1011,N,VIIRS,n,2,302.14,3.29,D,0
39.13718,34.46266,345.99,0.4,0.44,2024-09-30,1011,N,VIIRS,n,2,303.3,4.72,D,0
39.14602,37.42954,337.16,0.45,0.39,2024-09-30,1011,N,VIIRS,n,2,306.84,4.29,D,0
39.15051,37.4336,346.66,0.45,0.39,2024-09-30,1011,N,VIIRS,n,2,308.08,6.68,D,0
39.15301,37.42719,348.32,0.45,0.39,2024-09-30,1011,N,VIIRS,n,2,307.83,6.68,D,0
39.15399,37.43241,347.36,0.45,0.39,2024-09-30,1011,N,VIIRS,n,2,306.21,6.68,D,0
39.25822,35.26799,348.71,0.55,0.43,2024-09-30,1011,N,VIIRS,n,2,308.98,9.09,D,0
39.25842,35.2694,345.08,0.55,0.43,2024-09-30,1011,N,VIIRS,n,2,309.94,6.73,D,0
39.26205,35.26674,340.13,0.55,0.43,2024-09-30,1011,N,VIIRS,n,2,305.09,7.09,D,0
39.26225,35.26815,341.18,0.55,0.43,2024-09-30,1011,N,VIIRS,n,2,306.59,6.73,D,0
39.26526,42.30394,340.13,0.39,0.36,2024-09-30,1011,N,VIIRS,n,2,307.14,2.2,D,0
39.31176,34.78335,336.98,0.38,0.43,2024-09-30,1011,N,VIIRS,n,2,301.58,2.19,D,0
39.31267,34.78762,349.19,0.38,0.43,2024-09-30,1011,N,VIIRS,n,2,306.65,7.94,D,0
39.37793,34.91933,333.35,0.57,0.43,2024-09-30,1011,N,VIIRS,n,2,300.36,3.99,D,0
39.38182,34.91804,334.53,0.57,0.43,2024-09-30,1011,N,VIIRS,n,2,300.55,6.03,D,0
39.61796,36.78564,340.59,0.47,0.4,2024-09-30,1011,N,VIIRS,n,2,307.13,3.0,D,0
39.62149,36.78431,336.03,0.47,0.4,2024-09-30,1011,N,VIIRS,n,2,306.87,2.36,D,0
39.65145,40.11686,342.28,0.39,0.36,2024-09-30,1011,N,VIIRS,n,2,305.35,3.8,D,0
39.72214,40.2795,345.51,0.39,0.36,2024-09-30,1011,N,VIIRS,n,2,307.78,4.29,D,0
39.74342,36.68996,345.58,0.47,0.4,2024-09-30,1011,N,VIIRS,n,2,312.73,14.72,D,0
39.747,36.68887,339.13,0.47,0.4,2024-09-30,1011,N,VIIRS,n,2,307.71,14.72,D,0
39.89241,39.91937,336.39,0.39,0.36,2024-09-30,1011,N,VIIRS,n,2,305.38,2.77,D,0
40.15363,35.84645,347.24,0.5,0.41,2024-09-30,1011,N,VIIRS,n,2,309.69,7.27,D,0
40.15728,35.84515,341.11,0.5,0.41,2024-09-30,1011,N,VIIRS,n,2,308.61,7.27,D,0
40.54844,36.89941,336.15,0.45,0.39,2024-09-30,1011,N,VIIRS,n,2,309.25,3.37,D,0
40.56261,43.70835,338.68,0.42,0.38,2024-09-30,1011,N,VIIRS,n,2,306.1,11.77,D,0
40.63816,43.79964,332.78,0.43,0.38,2024-09-30,1011,N,VIIRS,n,2,303.66,3.18,D,0
40.66073,36.50963,334.17,0.46,0.39,2024-09-30,1011,N,VIIRS,n,2,308.11,1.83,D,0
40.67978,36.41159,340.06,0.47,0.39,2024-09-30,1011,N,VIIRS,n,2,312.26,6.33,D,0
40.67996,44.25114,331.92,0.44,0.38,2024-09-30,1011,N,VIIRS,n,2,298.85,2.59,D,0
41.00718,43.87819,326.64,0.43,0.38,2024-09-30,1011,N,VIIRS,n,2,296.89,1.88,D,0
41.16901,44.17608,344.84,0.44,0.39,2024-09-30,1011,N,VIIRS,n,2,294.61,7.17,D,0
41.24286,36.4631,345.46,0.46,0.39,2024-09-30,1012,N,VIIRS,n,2,300.29,8.8,D,2
42.12341,43.01484,332.96,0.42,0.37,2024-09-30,1012,N,VIIRS,n,2,301.72,4.16,D,2
42.36572,42.49709,367.0,0.41,0.37,2024-09-30,1012,N,VIIRS,h,2,352.88,243.97,D,0
42.36636,42.50204,367.0,0.41,0.37,2024-09-30,1012,N,VIIRS,h,2,347.71,243.97,D,0
42.36846,42.49136,330.13,0.41,0.37,2024-09-30,1012,N,VIIRS,n,2,300.17,17.0,D,0
42.36911,42.49627,367.0,0.41,0.37,2024-09-30,1012,N,VIIRS,h,2,339.27,96.33,D,0
42.36975,42.50117,352.5,0.41,0.37,2024-09-30,1012,N,VIIRS,n,2,316.54,96.33,D,0
42.3704,42.5061,334.34,0.41,0.37,2024-09-30,1012,N,VIIRS,n,2,302.12,7.3,D,0
37.80308,28.31898,367.0,0.4,0.6,2024-09-30,1152,N,VIIRS,h,2,300.45,7.33,D,0
42.11374,43.01839,296.45,0.49,0.49,2024-09-30,2229,N,VIIRS,n,2,284.33,0.83,N,0
42.12324,43.01372,312.73,0.49,0.49,2024-09-30,2229,N,VIIRS,n,2,286.38,1.74,N,2
42.12479,43.00978,306.73,0.49,0.49,2024-09-30,2229,N,VIIRS,n,2,285.26,1.33,N,2
42.2277,42.5013,314.95,0.52,0.5,2024-09-30,2229,N,VIIRS,n,2,288.31,1.38,N,0
42.26168,42.51837,310.12,0.52,0.5,2024-09-30,2229,N,VIIRS,n,2,289.0,1.95,N,0
42.26379,42.51943,314.06,0.52,0.5,2024-09-30,2229,N,VIIRS,n,2,288.94,1.49,N,0
37.0185,43.15544,330.13,0.42,0.46,2024-09-30,2230,N,VIIRS,n,2,286.23,2.24,N,0
37.01897,43.15046,298.32,0.42,0.46,2024-09-30,2230,N,VIIRS,n,2,284.39,1.73,N,0
37.02271,43.15607,302.14,0.42,0.46,2024-09-30,2230,N,VIIRS,n,2,285.82,0.43,N,0
37.02318,43.15108,298.93,0.42,0.46,2024-09-30,2230,N,VIIRS,n,2,285.02,0.34,N,0
37.07761,42.55667,323.08,0.46,0.47,2024-09-30,2230,N,VIIRS,n,2,291.63,2.68,N,2
37.15378,41.82838,300.39,0.5,0.49,2024-09-30,2230,N,VIIRS,n,2,285.8,2.41,N,0
37.21207,42.00204,299.57,0.49,0.49,2024-09-30,2230,N,VIIRS,n,2,285.58,1.15,N,0
37.21657,42.0027,299.59,0.49,0.49,2024-09-30,2230,N,VIIRS,n,2,286.02,0.44,N,0
37.26097,42.23636,302.41,0.48,0.48,2024-09-30,2230,N,VIIRS,n,2,287.48,1.09,N,0
37.27455,40.09379,295.87,0.62,0.54,2024-09-30,2230,N,VIIRS,n,2,285.83,0.53,N,0
37.37893,38.84259,303.78,0.37,0.58,2024-09-30,2230,N,VIIRS,n,2,285.76,0.86,N,0
37.58902,39.53419,301.82,0.34,0.56,2024-09-30,2230,N,VIIRS,n,2,284.85,1.02,N,0
37.66457,40.66006,301.63,0.59,0.53,2024-09-30,2230,N,VIIRS,n,2,287.19,0.78,N,0
37.67608,40.66954,304.13,0.59,0.53,2024-09-30,2230,N,VIIRS,n,2,287.8,1.44,N,0
37.67978,38.77466,329.29,0.37,0.58,2024-09-30,2230,N,VIIRS,n,2,287.0,4.7,N,0
37.68061,38.77562,340.99,0.37,0.58,2024-09-30,2230,N,VIIRS,n,2,288.27,4.64,N,0
37.68085,38.77126,309.48,0.37,0.58,2024-09-30,2230,N,VIIRS,n,2,286.65,4.41,N,0
37.68098,40.66988,311.57,0.59,0.53,2024-09-30,2230,N,VIIRS,n,2,287.97,1.5,N,0
37.68519,38.77541,348.41,0.37,0.58,2024-09-30,2230,N,VIIRS,n,2,288.56,4.7,N,0
37.68588,40.67023,300.13,0.59,0.53,2024-09-30,2230,N,VIIRS,n,2,288.63,1.5,N,0
37.68602,38.77639,312.92,0.37,0.58,2024-09-30,2230,N,VIIRS,n,2,286.96,1.82,N,0
37.7018,37.8914,297.58,0.42,0.61,2024-09-30,2230,N,VIIRS,n,2,285.62,0.49,N,0
37.74586,40.95728,297.39,0.57,0.52,2024-09-30,2230,N,VIIRS,n,2,284.6,4.0,N,0
37.74709,40.95805,297.39,0.57,0.52,2024-09-30,2230,N,VIIRS,n,2,284.73,6.91,N,0
37.75068,40.95769,336.93,0.57,0.52,2024-09-30,2230,N,VIIRS,n,2,285.99,4.0,N,0
37.75191,40.95843,352.91,0.57,0.52,2024-09-30,2230,N,VIIRS,n,2,287.54,6.91,N,0
37.7555,40.9581,355.48,0.57,0.52,2024-09-30,2230,N,VIIRS,n,2,289.21,18.59,N,0
37.76561,40.95252,302.03,0.57,0.52,2024-09-30,2230,N,VIIRS,n,2,283.24,0.86,N,0
37.7738,38.58322,306.87,0.38,0.59,2024-09-30,2230,N,VIIRS,n,2,285.61,0.69,N,0
37.79191,40.24051,296.66,0.62,0.54,2024-09-30,2230,N,VIIRS,n,2,285.05,0.75,N,0
37.86115,40.39003,296.69,0.61,0.53,2024-09-30,2230,N,VIIRS,n,2,284.25,0.87,N,0
37.86611,40.39065,307.03,0.61,0.53,2024-09-30,2230,N,VIIRS,n,2,284.79,1.38,N,0
37.89721,40.66647,300.58,0.59,0.53,2024-09-30,2230,N,VIIRS,n,2,284.3,1.6,N,0
37.93331,40.71228,319.35,0.59,0.53,2024-09-30,2230,N,VIIRS,n,2,284.61,3.75,N,0
37.94938,41.0615,299.98,0.56,0.52,2024-09-30,2230,N,VIIRS,n,2,287.07,0.94,N,0
37.95026,41.06231,300.8,0.56,0.52,2024-09-30,2230,N,VIIRS,n,2,286.71,0.78,N,0
37.96529,40.87191,301.48,0.57,0.52,2024-09-30,2230,N,VIIRS,n,2,284.51,0.55,N,0
37.96808,40.87136,313.36,0.57,0.52,2024-09-30,2230,N,VIIRS,n,2,284.45,2.41,N,0
37.97014,40.8725,297.04,0.57,0.52,2024-09-30,2230,N,VIIRS,n,2,284.75,0.55,N,0
37.97153,40.79176,298.41,0.58,0.52,2024-09-30,2230,N,VIIRS,n,2,282.21,0.77,N,0
37.97383,40.99259,304.23,0.57,0.52,2024-09-30,2230,N,VIIRS,n,2,287.15,1.84,N,0
37.97385,40.79098,298.19,0.58,0.52,2024-09-30,2230,N,VIIRS,n,2,281.25,1.18,N,0
37.97823,40.86624,322.24,0.58,0.52,2024-09-30,2230,N,VIIRS,n,2,286.57,3.65,N,0
37.99195,40.46079,298.17,0.61,0.53,2024-09-30,2230,N,VIIRS,n,2,284.05,1.05,N,0
37.99213,40.455,306.68,0.61,0.53,2024-09-30,2230,N,VIIRS,n,2,285.17,1.38,N,0
37.99244,40.45364,298.22,0.61,0.53,2024-09-30,2230,N,VIIRS,n,2,284.66,1.05,N,0
38.00132,39.89719,296.84,0.32,0.55,2024-09-30,2230,N,VIIRS,n,2,284.76,0.24,N,0
38.01932,40.08094,306.75,0.64,0.54,2024-09-30,2230,N,VIIRS,n,2,285.36,0.81,N,0
38.02108,40.94588,300.09,0.57,0.52,2024-09-30,2230,N,VIIRS,n,2,287.34,1.26,N,0
38.02241,40.07952,297.39,0.64,0.54,2024-09-30,2230,N,VIIRS,n,2,285.43,1.79,N,0
38.02926,40.96627,305.65,0.57,0.52,2024-09-30,2230,N,VIIRS,n,2,286.67,0.86,N,0
38.0464,41.04965,298.11,0.56,0.52,2024-09-30,2230,N,VIIRS,n,2,285.02,1.23,N,0
38.04715,41.04829,303.78,0.56,0.52,2024-09-30,2230,N,VIIRS,n,2,283.78,1.49,N,0
38.04917,40.94371,312.96,0.57,0.52,2024-09-30,2230,N,VIIRS,n,2,285.75,2.55,N,0
38.05056,40.94246,310.83,0.57,0.52,2024-09-30,2230,N,VIIRS,n,2,285.91,1.93,N,0
38.06386,40.89687,310.37,0.57,0.52,2024-09-30,2230,N,VIIRS,n,2,286.17,2.27,N,0
38.06701,40.89875,310.87,0.57,0.52,2024-09-30,2230,N,VIIRS,n,2,286.54,1.35,N,0
38.0829,40.94856,301.26,0.57,0.52,2024-09-30,2230,N,VIIRS,n,2,285.54,0.96,N,0
38.08339,40.94195,298.28,0.57,0.52,2024-09-30,2230,N,VIIRS,n,2,285.34,0.96,N,0
38.10529,40.84282,299.98,0.58,0.52,2024-09-30,2230,N,VIIRS,n,2,286.51,0.98,N,0
38.11399,41.05257,307.05,0.56,0.52,2024-09-30,2230,N,VIIRS,n,2,286.86,2.24,N,0
38.11875,41.05357,313.65,0.56,0.52,2024-09-30,2230,N,VIIRS,n,2,286.73,2.24,N,0
38.12231,39.73528,296.53,0.33,0.55,2024-09-30,2230,N,VIIRS,n,2,285.66,0.48,N,0
38.13267,40.3136,324.97,0.62,0.54,2024-09-30,2230,N,VIIRS,n,2,286.59,4.94,N,0
38.14463,40.28614,296.26,0.62,0.54,2024-09-30,2230,N,VIIRS,n,2,284.72,0.97,N,0
38.14868,39.73014,311.44,0.33,0.55,2024-09-30,2230,N,VIIRS,n,2,285.52,1.13,N,0
38.14994,39.73069,303.81,0.33,0.56,2024-09-30,2230,N,VIIRS,n,2,285.06,0.55,N,0
38.15018,39.72685,295.29,0.33,0.56,2024-09-30,2230,N,VIIRS,n,2,285.16,0.55,N,0
38.20277,40.74666,318.85,0.59,0.53,2024-09-30,2230,N,VIIRS,n,2,286.73,2.7,N,0
38.20765,40.74736,307.73,0.59,0.53,2024-09-30,2230,N,VIIRS,n,2,286.08,2.7,N,0
38.20815,40.74034,300.52,0.59,0.53,2024-09-30,2230,N,VIIRS,n,2,286.08,1.96,N,0
35.52597,44.34471,345.82,0.53,0.42,2024-09-30,2231,N,VIIRS,n,2,295.36,9.83,N,2
35.53051,44.33942,332.35,0.53,0.42,2024-09-30,2231,N,VIIRS,n,2,295.58,4.53,N,2
35.53439,44.34013,315.39,0.53,0.42,2024-09-30,2231,N,VIIRS,n,2,290.7,4.53,N,2
35.53504,44.33418,308.2,0.53,0.42,2024-09-30,2231,N,VIIRS,n,2,292.26,4.53,N,2
35.5544,43.80727,304.66,0.57,0.43,2024-09-30,2231,N,VIIRS,n,2,289.57,0.68,N,0
35.5643,44.2845,324.33,0.54,0.42,2024-09-30,2231,N,VIIRS,n,2,292.72,3.15,N,2
35.5984,43.70789,300.7,0.38,0.43,2024-09-30,2231,N,VIIRS,n,2,289.03,0.57,N,0
35.59885,43.70362,313.41,0.38,0.43,2024-09-30,2231,N,VIIRS,n,2,289.81,1.17,N,0
35.62669,44.00983,338.39,0.56,0.43,2024-09-30,2231,N,VIIRS,n,2,291.4,8.19,N,2
35.63065,44.01044,343.81,0.56,0.43,2024-09-30,2231,N,VIIRS,n,2,296.79,11.79,N,2
35.65986,43.96502,314.39,0.56,0.43,2024-09-30,2231,N,VIIRS,n,2,290.3,6.7,N,2
35.66202,43.96592,344.64,0.56,0.43,2024-09-30,2231,N,VIIRS,n,2,296.05,9.29,N,2
35.66382,43.9657,335.56,0.56,0.43,2024-09-30,2231,N,VIIRS,n,2,296.5,6.7,N,2
35.68319,43.88032,302.39,0.56,0.43,2024-09-30,2231,N,VIIRS,n,2,288.18,6.13,N,2
35.68386,43.87405,331.86,0.56,0.43,2024-09-30,2231,N,VIIRS,n,2,296.03,21.55,N,2
35.68784,43.87473,330.15,0.56,0.43,2024-09-30,2231,N,VIIRS,n,2,291.68,3.91,N,2
35.69253,43.63414,300.54,0.39,0.44,2024-09-30,2231,N,VIIRS,n,2,289.35,0.41,N,0
35.72253,44.03936,316.49,0.55,0.43,2024-09-30,2231,N,VIIRS,n,2,292.09,2.53,N,2
35.72647,44.04011,336.63,0.55,0.43,2024-09-30,2231,N,VIIRS,n,2,294.18,6.99,N,2
35.72715,44.03391,304.82,0.56,0.43,2024-09-30,2231,N,VIIRS,n,2,290.65,1.43,N,2
35.73109,44.03465,312.36,0.56,0.43,2024-09-30,2231,N,VIIRS,n,2,292.08,1.43,N,2
35.77327,43.99786,324.37,0.56,0.43,2024-09-30,2231,N,VIIRS,n,2,293.59,2.66,N,2
35.81424,43.25805,301.38,0.41,0.45,2024-09-30,2231,N,VIIRS,n,2,290.49,0.73,N,2
35.90319,43.70041,312.47,0.39,0.44,2024-09-30,2231,N,VIIRS,n,2,287.73,1.17,N,0
35.90722,43.70108,304.76,0.39,0.44,2024-09-30,2231,N,VIIRS,n,2,287.97,1.17,N,0
35.91125,43.70174,299.21,0.39,0.44,2024-09-30,2231,N,VIIRS,n,2,287.44,0.41,N,0
35.92279,43.78724,315.71,0.38,0.43,2024-09-30,2231,N,VIIRS,n,2,291.32,1.1,N,2
35.9268,43.78796,301.02,0.38,0.43,2024-09-30,2231,N,VIIRS,n,2,290.97,0.34,N,2
35.95373,43.72654,311.07,0.39,0.44,2024-09-30,2231,N,VIIRS,n,2,292.01,1.38,N,2
35.96612,43.76386,306.28,0.38,0.43,2024-09-30,2231,N,VIIRS,n,2,293.05,2.5,N,2
35.97016,43.76439,303.17,0.38,0.43,2024-09-30,2231,N,VIIRS,n,2,292.88,2.09,N,2
35.97327,43.77341,321.66,0.38,0.43,2024-09-30,2231,N,VIIRS,n,2,293.43,2.09,N,2
35.98179,43.77031,321.88,0.38,0.43,2024-09-30,2231,N,VIIRS,n,2,294.51,2.92,N,2
35.99926,43.76199,300.59,0.38,0.44,2024-09-30,2231,N,VIIRS,n,2,290.29,1.21,N,2
35.99928,43.75991,302.22,0.38,0.44,2024-09-30,2231,N,VIIRS,n,2,290.66,0.6,N,2
36.01576,43.68098,307.33,0.39,0.44,2024-09-30,2231,N,VIIRS,n,2,289.53,1.2,N,2
36.0198,43.68166,330.54,0.39,0.44,2024-09-30,2231,N,VIIRS,n,2,293.23,2.93,N,2
36.08194,43.63802,301.33,0.39,0.44,2024-09-30,2231,N,VIIRS,n,2,288.32,0.9,N,0
36.09908,43.63186,308.4,0.39,0.44,2024-09-30,2231,N,VIIRS,n,2,288.94,0.51,N,0
36.12473,43.78042,310.68,0.38,0.44,2024-09-30,2231,N,VIIRS,n,2,290.93,1.07,N,2
36.12875,43.78112,309.4,0.38,0.44,2024-09-30,2231,N,VIIRS,n,2,292.97,1.07,N,2
36.14307,40.81289,320.93,0.55,0.51,2024-09-30,2231,N,VIIRS,n,2,288.11,3.28,N,2
36.15422,43.77242,305.53,0.39,0.44,2024-09-30,2231,N,VIIRS,n,2,293.16,1.21,N,0
36.18934,43.82685,316.59,0.38,0.43,2024-09-30,2231,N,VIIRS,n,2,289.66,1.62,N,0
36.1898,43.82258,318.78,0.38,0.43,2024-09-30,2231,N,VIIRS,n,2,290.26,1.62,N,0
36.24741,43.41566,307.07,0.4,0.44,2024-09-30,2231,N,VIIRS,n,2,289.77,0.67,N,0
36.24929,43.41877,299.51,0.4,0.44,2024-09-30,2231,N,VIIRS,n,2,289.27,0.57,N,0
36.24976,43.41427,302.94,0.4,0.44,2024-09-30,2231,N,VIIRS,n,2,290.16,0.93,N,0
36.25518,43.42162,303.3,0.4,0.44,2024-09-30,2231,N,VIIRS,n,2,290.15,1.42,N,0
36.26456,33.72932,303.67,0.69,0.74,2024-09-30,2231,N,VIIRS,n,2,288.35,1.46,N,2
36.27225,43.89544,304.05,0.57,0.43,2024-09-30,2231,N,VIIRS,n,2,286.56,1.17,N,0
36.29771,43.37274,300.43,0.41,0.45,2024-09-30,2231,N,VIIRS,n,2,287.53,0.7,N,0
36.29817,43.36819,303.75,0.41,0.45,2024-09-30,2231,N,VIIRS,n,2,286.32,0.7,N,0
36.31179,43.75544,306.33,0.39,0.44,2024-09-30,2231,N,VIIRS,n,2,291.99,1.17,N,2
36.35139,42.07508,313.37,0.47,0.48,2024-09-30,2231,N,VIIRS,n,2,293.05,1.7,N,2
36.43419,43.57157,297.7,0.4,0.44,2024-09-30,2231,N,VIIRS,n,2,285.24,0.45,N,0
36.43972,42.92939,300.95,0.43,0.46,2024-09-30,2231,N,VIIRS,n,2,289.41,0.81,N,2
36.44395,42.9301,305.67,0.43,0.46,2024-09-30,2231,N,VIIRS,n,2,291.69,0.81,N,2
36.50381,43.76572,296.62,0.39,0.44,2024-09-30,2231,N,VIIRS,n,2,286.12,0.62,N,0
36.50739,43.77077,299.79,0.39,0.44,2024-09-30,2231,N,VIIRS,n,2,286.9,0.66,N,0
36.50785,43.76641,307.77,0.39,0.44,2024-09-30,2231,N,VIIRS,n,2,286.51,0.62,N,0
36.51781,43.59244,297.76,0.4,0.44,2024-09-30,2231,N,VIIRS,n,2,285.63,0.56,N,0
36.56987,43.29031,304.3,0.41,0.45,2024-09-30,2231,N,VIIRS,n,2,289.53,0.79,N,0
36.61346,43.33255,304.06,0.41,0.45,2024-09-30,2231,N,VIIRS,n,2,286.78,0.94,N,0
36.6253,43.7849,313.11,0.39,0.44,2024-09-30,2231,N,VIIRS,n,2,290.99,1.2,N,0
36.62868,43.34884,296.65,0.41,0.45,2024-09-30,2231,N,VIIRS,n,2,284.17,0.31,N,0
36.62915,43.34421,303.14,0.41,0.45,2024-09-30,2231,N,VIIRS,n,2,284.81,0.54,N,0
36.65337,43.43681,302.07,0.41,0.45,2024-09-30,2231,N,VIIRS,n,2,287.43,0.4,N,0
36.68451,43.43497,308.31,0.41,0.45,2024-09-30,2231,N,VIIRS,n,2,290.06,1.11,N,0
36.70786,43.77834,303.66,0.39,0.44,2024-09-30,2231,N,VIIRS,n,2,288.28,0.79,N,0
36.77542,43.32529,340.71,0.41,0.45,2024-09-30,2231,N,VIIRS,n,2,294.92,5.28,N,2
36.77982,41.93479,295.53,0.49,0.48,2024-09-30,2231,N,VIIRS,n,2,285.1,0.3,N,0
36.79011,43.09457,306.48,0.42,0.46,2024-09-30,2231,N,VIIRS,n,2,286.55,0.76,N,0
36.79911,37.01871,300.48,0.46,0.63,2024-09-30,2231,N,VIIRS,n,2,288.36,0.68,N,2
36.83383,42.78131,301.5,0.44,0.46,2024-09-30,2231,N,VIIRS,n,2,286.12,0.69,N,0
36.83589,42.78314,302.99,0.44,0.46,2024-09-30,2231,N,VIIRS,n,2,287.17,0.54,N,0
36.87003,43.4863,333.84,0.41,0.45,2024-09-30,2231,N,VIIRS,n,2,289.69,2.64,N,2
36.8886,42.34203,301.72,0.47,0.47,2024-09-30,2231,N,VIIRS,n,2,286.62,1.19,N,0
36.88919,42.34097,309.98,0.47,0.47,2024-09-30,2231,N,VIIRS,n,2,286.71,1.09,N,0
36.88987,43.42936,310.25,0.41,0.45,2024-09-30,2231,N,VIIRS,n,2,286.34,0.92,N,2
36.89048,42.32066,299.73,0.47,0.48,2024-09-30,2231,N,VIIRS,n,2,286.31,0.67,N,0
36.894,43.4301,322.13,0.41,0.45,2024-09-30,2231,N,VIIRS,n,2,288.2,0.92,N,2
36.90631,43.39005,322.55,0.41,0.45,2024-09-30,2231,N,VIIRS,n,2,287.66,2.28,N,2
36.90676,43.38539,314.18,0.41,0.45,2024-09-30,2231,N,VIIRS,n,2,285.2,2.28,N,2
36.91351,41.89272,313.72,0.49,0.49,2024-09-30,2231,N,VIIRS,n,2,287.35,1.37,N,2
36.91639,41.89801,298.46,0.49,0.49,2024-09-30,2231,N,VIIRS,n,2,286.26,0.92,N,2
36.93395,42.13179,324.29,0.48,0.48,2024-09-30,2231,N,VIIRS,n,2,288.16,3.07,N,2
36.93424,42.84571,309.01,0.44,0.46,2024-09-30,2231,N,VIIRS,n,2,289.41,1.17,N,0
36.9384,42.13245,311.13,0.48,0.48,2024-09-30,2231,N,VIIRS,n,2,289.05,1.7,N,2
36.93937,42.12151,305.22,0.48,0.48,2024-09-30,2231,N,VIIRS,n,2,288.9,1.39,N,2
36.94398,42.1714,298.58,0.48,0.48,2024-09-30,2231,N,VIIRS,n,2,287.61,0.51,N,2
36.94732,42.1337,311.28,0.48,0.48,2024-09-30,2231,N,VIIRS,n,2,287.98,2.6,N,2
36.94779,42.1283,328.29,0.48,0.48,2024-09-30,2231,N,VIIRS,n,2,290.88,2.6,N,2
36.96111,42.07987,299.94,0.48,0.48,2024-09-30,2231,N,VIIRS,n,2,287.17,1.96,N,2
36.96558,42.08052,337.92,0.48,0.48,2024-09-30,2231,N,VIIRS,n,2,289.01,1.96,N,2
36.99134,41.56672,302.67,0.51,0.5,2024-09-30,2231,N,VIIRS,n,2,286.16,0.77,N,0
36.99643,41.56147,306.21,0.51,0.5,2024-09-30,2231,N,VIIRS,n,2,288.06,1.14,N,2
37.00877,42.05337,300.33,0.48,0.48,2024-09-30,2231,N,VIIRS,n,2,287.19,0.61,N,0
37.00884,42.07198,301.0,0.48,0.48,2024-09-30,2231,N,VIIRS,n,2,288.06,0.87,N,0
37.01025,42.05536,298.08,0.48,0.48,2024-09-30,2231,N,VIIRS,n,2,286.36,0.45,N,0
37.01873,43.15353,332.02,0.42,0.45,2024-09-30,2231,N,VIIRS,n,2,285.64,2.17,N,0
37.02295,43.15414,304.51,0.42,0.45,2024-09-30,2231,N,VIIRS,n,2,286.24,2.17,N,0
37.02557,42.29449,310.03,0.47,0.48,2024-09-30,2231,N,VIIRS,n,2,288.23,1.13,N,0
37.03204,42.16999,301.7,0.48,0.48,2024-09-30,2231,N,VIIRS,n,2,288.28,0.54,N,2
37.03358,40.59463,296.69,0.58,0.52,2024-09-30,2231,N,VIIRS,n,2,285.75,0.77,N,0
37.06654,38.30325,304.27,0.39,0.59,2024-09-30,2231,N,VIIRS,n,2,285.16,0.94,N,0
37.06762,38.30665,295.18,0.39,0.59,2024-09-30,2231,N,VIIRS,n,2,281.62,0.35,N,0
37.06786,38.30243,301.95,0.39,0.59,2024-09-30,2231,N,VIIRS,n,2,285.25,0.35,N,0
37.07244,41.7511,303.22,0.5,0.49,2024-09-30,2231,N,VIIRS,n,2,286.45,1.24,N,0
37.07719,42.55503,326.09,0.46,0.47,2024-09-30,2231,N,VIIRS,n,2,290.36,3.35,N,2
37.08464,41.93077,302.16,0.49,0.49,2024-09-30,2231,N,VIIRS,n,2,289.25,1.05,N,0
37.10631,41.73263,304.11,0.51,0.49,2024-09-30,2231,N,VIIRS,n,2,280.5,1.67,N,0
37.11038,41.7391,306.9,0.5,0.49,2024-09-30,2231,N,VIIRS,n,2,283.56,2.08,N,0
37.11088,41.73328,321.5,0.51,0.49,2024-09-30,2231,N,VIIRS,n,2,283.38,1.67,N,0
37.27474,38.73126,298.76,0.37,0.58,2024-09-30,2231,N,VIIRS,n,2,288.24,0.48,N,2
37.27519,40.09449,296.21,0.62,0.54,2024-09-30,2231,N,VIIRS,n,2,285.66,0.55,N,0
37.29685,37.15657,300.13,0.45,0.63,2024-09-30,2231,N,VIIRS,n,2,287.65,1.07,N,2
37.34999,37.16065,299.43,0.45,0.63,2024-09-30,2231,N,VIIRS,n,2,287.74,0.91,N,2
42.12116,43.01148,301.24,0.56,0.69,2024-10-01,9,N,VIIRS,n,2,282.45,1.16,N,2
42.124,43.01207,318.7,0.56,0.69,2024-10-01,9,N,VIIRS,n,2,282.92,2.33,N,2
42.12714,43.01471,308.87,0.56,0.69,2024-10-01,9,N,VIIRS,n,2,282.2,1.75,N,0
37.96799,40.99133,298.88,0.59,0.7,2024-10-01,10,N,VIIRS,n,2,285.01,2.15,N,0
37.96834,40.87352,298.55,0.58,0.7,2024-10-01,10,N,VIIRS,n,2,282.4,1.63,N,0
37.97365,40.9945,308.02,0.59,0.7,2024-10-01,10,N,VIIRS,n,2,285.33,3.93,N,0
37.97423,40.99405,307.65,0.59,0.7,2024-10-01,10,N,VIIRS,n,2,285.5,2.15,N,0
37.97553,40.98835,339.67,0.59,0.7,2024-10-01,10,N,VIIRS,n,2,287.57,3.93,N,0
37.97613,40.98794,337.9,0.59,0.7,2024-10-01,10,N,VIIRS,n,2,287.61,8.25,N,0
37.97657,40.86961,309.59,0.58,0.7,2024-10-01,10,N,VIIRS,n,2,283.28,1.32,N,0
38.05344,40.94325,306.69,0.59,0.7,2024-10-01,10,N,VIIRS,n,2,284.53,1.31,N,0
38.06712,40.89863,319.28,0.58,0.7,2024-10-01,10,N,VIIRS,n,2,284.21,3.05,N,0
38.10131,40.8555,295.92,0.58,0.7,2024-10-01,10,N,VIIRS,n,2,283.99,0.92,N,0
38.11695,41.05676,298.04,0.59,0.7,2024-10-01,10,N,VIIRS,n,2,284.07,0.55,N,0
38.20286,40.74985,322.17,0.57,0.69,2024-10-01,10,N,VIIRS,n,2,282.97,3.94,N,0
38.20338,40.7527,318.86,0.57,0.69,2024-10-01,10,N,VIIRS,n,2,283.42,2.39,N,0
38.20475,40.74354,307.0,0.57,0.69,2024-10-01,10,N,VIIRS,n,2,282.92,3.26,N,0
38.20536,40.74623,314.04,0.57,0.69,2024-10-01,10,N,VIIRS,n,2,282.88,2.39,N,0
41.02059,28.55754,308.2,0.41,0.37,2024-10-01,10,N,VIIRS,n,2,284.66,0.86,N,2
41.62928,27.68465,303.37,0.39,0.36,2024-10-01,10,N,VIIRS,n,2,281.59,1.02,N,2
41.63528,27.50595,299.91,0.39,0.36,2024-10-01,10,N,VIIRS,n,2,282.51,0.72,N,2
41.79848,26.70401,295.45,0.38,0.36,2024-10-01,10,N,VIIRS,n,2,280.51,0.79,N,2
36.14236,40.82012,313.39,0.65,0.73,2024-10-01,11,N,VIIRS,n,2,287.76,2.17,N,2
36.14359,40.8229,307.0,0.65,0.73,2024-10-01,11,N,VIIRS,n,2,287.11,1.86,N,2
36.14573,40.81602,304.56,0.65,0.73,2024-10-01,11,N,VIIRS,n,2,287.04,1.97,N,2
36.2612,33.73124,301.06,0.55,0.51,2024-10-01,11,N,VIIRS,n,2,290.08,1.22,N,2
36.262,33.73166,301.33,0.55,0.51,2024-10-01,11,N,VIIRS,n,2,290.19,0.71,N,2
36.54692,41.78672,295.14,0.71,0.75,2024-10-01,11,N,VIIRS,n,2,275.66,2.91,N,0
36.88803,42.34087,298.26,0.74,0.76,2024-10-01,11,N,VIIRS,n,2,283.16,2.03,N,0
36.88943,42.34419,297.57,0.74,0.76,2024-10-01,11,N,VIIRS,n,2,284.28,3.01,N,0
36.96283,35.45517,301.81,0.33,0.55,2024-10-01,11,N,VIIRS,n,2,289.52,0.51,N,2
37.03111,40.59628,296.46,0.6,0.71,2024-10-01,11,N,VIIRS,n,2,283.77,1.06,N,0
37.05464,42.13389,297.85,0.72,0.75,2024-10-01,11,N,VIIRS,n,2,286.01,1.23,N,2
37.07434,42.55897,306.63,0.75,0.77,2024-10-01,11,N,VIIRS,n,2,277.21,2.35,N,2
37.0779,42.55758,308.99,0.75,0.77,2024-10-01,11,N,VIIRS,n,2,278.61,3.96,N,2
37.08229,42.55845,301.0,0.75,0.77,2024-10-01,11,N,VIIRS,n,2,280.52,2.35,N,2
37.1604,41.84732,299.76,0.69,0.74,2024-10-01,11,N,VIIRS,n,2,284.68,1.2,N,0
37.26032,42.23906,312.12,0.71,0.75,2024-10-01,11,N,VIIRS,n,2,284.31,2.09,N,0
37.2612,42.24238,308.01,0.71,0.75,2024-10-01,11,N,VIIRS,n,2,284.57,2.62,N,0
37.6773,40.67289,298.05,0.58,0.7,2024-10-01,11,N,VIIRS,n,2,283.78,1.36,N,0
37.68327,40.67632,301.2,0.58,0.7,2024-10-01,11,N,VIIRS,n,2,282.56,2.19,N,0
37.68515,40.67015,310.88,0.58,0.7,2024-10-01,11,N,VIIRS,n,2,282.94,3.36,N,0
37.93159,40.71685,321.71,0.58,0.69,2024-10-01,11,N,VIIRS,n,2,283.56,4.15,N,0
37.93344,40.71074,330.59,0.57,0.69,2024-10-01,11,N,VIIRS,n,2,284.58,4.15,N,0
37.93778,40.71942,295.4,0.58,0.69,2024-10-01,11,N,VIIRS,n,2,282.51,0.73,N,0
37.98893,40.45816,312.73,0.56,0.69,2024-10-01,11,N,VIIRS,n,2,280.96,2.16,N,0
38.38993,30.76463,297.13,0.53,0.42,2024-10-01,11,N,VIIRS,n,2,278.89,1.53,N,0
38.42651,27.21928,300.54,0.4,0.37,2024-10-01,11,N,VIIRS,n,2,287.34,0.97,N,2
38.42732,27.21466,310.4,0.4,0.37,2024-10-01,11,N,VIIRS,n,2,288.42,0.97,N,2
38.45444,27.26079,296.92,0.4,0.37,2024-10-01,11,N,VIIRS,n,2,286.8,0.7,N,2
38.45687,38.72663,303.42,0.44,0.63,2024-10-01,11,N,VIIRS,n,2,285.39,1.61,N,0
38.72981,26.9324,304.4,0.4,0.37,2024-10-01,11,N,VIIRS,n,2,284.76,0.59,N,2
38.73723,26.92978,304.28,0.4,0.37,2024-10-01,11,N,VIIRS,n,2,287.18,1.62,N,0
38.73747,26.94879,307.57,0.4,0.37,2024-10-01,11,N,VIIRS,n,2,288.57,1.15,N,2
38.73824,26.94427,305.93,0.4,0.37,2024-10-01,11,N,VIIRS,n,2,288.71,1.15,N,2
38.74056,26.93071,321.42,0.4,0.37,2024-10-01,11,N,VIIRS,n,2,289.48,1.62,N,2
38.7408,26.94974,298.24,0.4,0.37,2024-10-01,11,N,VIIRS,n,2,287.27,0.66,N,2
38.75311,26.93896,298.16,0.4,0.37,2024-10-01,11,N,VIIRS,n,2,285.2,0.5,N,0
38.75388,26.93445,298.48,0.4,0.37,2024-10-01,11,N,VIIRS,n,2,284.56,0.77,N,0
39.11156,27.59458,299.69,0.41,0.37,2024-10-01,11,N,VIIRS,n,2,285.11,0.67,N,0
39.11371,27.52263,296.97,0.4,0.37,2024-10-01,11,N,VIIRS,n,2,283.07,1.13,N,0
39.11532,27.51349,298.4,0.4,0.37,2024-10-01,11,N,VIIRS,n,2,283.49,0.71,N,0
39.18128,27.49914,299.2,0.4,0.37,2024-10-01,11,N,VIIRS,n,2,284.2,0.68,N,2
39.86372,26.24541,306.06,0.39,0.36,2024-10-01,11,N,VIIRS,n,2,285.04,1.15,N,2
39.86665,26.24388,320.35,0.39,0.36,2024-10-01,11,N,VIIRS,n,2,288.47,1.9,N,2
36.38585,30.21131,303.58,0.55,0.43,2024-10-01,12,N,VIIRS,n,2,290.8,1.41,N,0
36.38651,30.2057,302.83,0.55,0.42,2024-10-01,12,N,VIIRS,n,2,291.21,0.87,N,0
35.52415,43.77347,339.48,0.44,0.39,2024-10-01,951,N,VIIRS,n,2,308.68,4.59,D,0
35.52482,44.34602,348.89,0.42,0.38,2024-10-01,951,N,VIIRS,n,2,314.13,4.48,D,2
35.53087,44.33957,347.12,0.42,0.38,2024-10-01,951,N,VIIRS,n,2,314.1,5.46,D,2
35.53431,44.33868,348.13,0.42,0.38,2024-10-01,951,N,VIIRS,n,2,312.31,5.46,D,2
35.56091,43.71277,337.44,0.44,0.39,2024-10-01,951,N,VIIRS,n,2,311.56,13.87,D,0
35.56179,43.71762,367.0,0.44,0.39,2024-10-01,951,N,VIIRS,h,2,317.76,13.87,D,0
35.56504,43.71889,353.05,0.44,0.39,2024-10-01,951,N,VIIRS,n,2,315.8,66.79,D,0
35.56519,44.28343,341.54,0.43,0.38,2024-10-01,951,N,VIIRS,n,2,313.92,3.26,D,2
35.56529,43.71667,354.31,0.44,0.39,2024-10-01,951,N,VIIRS,n,2,322.66,53.32,D,0
35.56616,43.72152,339.61,0.44,0.39,2024-10-01,951,N,VIIRS,n,2,312.8,9.93,D,0
35.56879,43.71572,347.56,0.44,0.39,2024-10-01,951,N,VIIRS,n,2,316.79,53.32,D,0
35.66094,43.96445,345.25,0.43,0.38,2024-10-01,951,N,VIIRS,n,2,319.24,18.09,D,2
35.69884,44.01379,349.14,0.43,0.38,2024-10-01,951,N,VIIRS,n,2,314.15,12.9,D,0
35.77225,43.99702,340.96,0.43,0.38,2024-10-01,951,N,VIIRS,n,2,311.4,3.12,D,2
35.9245,43.78999,337.56,0.44,0.38,2024-10-01,951,N,VIIRS,n,2,310.34,2.43,D,2
35.95317,43.72663,338.18,0.44,0.38,2024-10-01,951,N,VIIRS,n,2,312.69,2.51,D,2
35.97057,43.68121,341.23,0.44,0.38,2024-10-01,951,N,VIIRS,n,2,311.23,2.75,D,0
36.02728,43.61171,340.65,0.44,0.39,2024-10-01,951,N,VIIRS,n,2,312.32,5.06,D,0
36.03343,43.62531,350.41,0.44,0.38,2024-10-01,951,N,VIIRS,n,2,313.27,4.9,D,0
36.0336,44.39914,348.06,0.42,0.38,2024-10-01,951,N,VIIRS,n,2,311.35,12.78,D,0
36.03431,43.63016,341.76,0.44,0.38,2024-10-01,951,N,VIIRS,n,2,312.16,4.9,D,0
36.03511,44.0829,349.42,0.43,0.38,2024-10-01,951,N,VIIRS,n,2,311.69,4.98,D,0
36.03855,44.08198,355.02,0.43,0.38,2024-10-01,951,N,VIIRS,n,2,312.64,15.7,D,0
36.05183,44.15717,341.6,0.42,0.38,2024-10-01,951,N,VIIRS,n,2,309.97,3.02,D,0
36.05265,44.16187,342.69,0.42,0.38,2024-10-01,951,N,VIIRS,n,2,310.12,3.02,D,0
36.07793,43.70936,342.12,0.44,0.38,2024-10-01,951,N,VIIRS,n,2,312.45,4.69,D,0
36.08308,36.84407,335.69,0.62,0.54,2024-10-01,951,N,VIIRS,n,2,300.2,4.27,D,0
36.08392,36.84254,333.81,0.62,0.54,2024-10-01,951,N,VIIRS,n,2,300.36,5.31,D,0
36.12962,44.2215,346.94,0.42,0.38,2024-10-01,951,N,VIIRS,n,2,311.68,4.11,D,0
36.15519,43.61396,348.76,0.44,0.38,2024-10-01,951,N,VIIRS,n,2,314.77,9.23,D,0
36.15868,43.61298,340.59,0.44,0.38,2024-10-01,951,N,VIIRS,n,2,312.31,4.56,D,0
36.16563,44.38544,340.38,0.42,0.37,2024-10-01,951,N,VIIRS,n,2,309.92,3.14,D,0
36.22012,43.62951,346.72,0.44,0.38,2024-10-01,951,N,VIIRS,n,2,311.48,5.27,D,0
36.34188,43.92201,344.64,0.43,0.38,2024-10-01,951,N,VIIRS,n,2,309.47,5.32,D,0
36.45289,43.93316,367.0,0.43,0.38,2024-10-01,951,N,VIIRS,h,2,315.59,11.72,D,0
36.46238,43.92569,348.61,0.43,0.38,2024-10-01,951,N,VIIRS,n,2,312.28,5.42,D,0
36.49015,36.53873,334.09,0.63,0.54,2024-10-01,951,N,VIIRS,n,2,299.55,11.21,D,0
36.51394,44.13739,338.89,0.42,0.38,2024-10-01,951,N,VIIRS,n,2,311.8,3.06,D,0
36.60801,43.35788,343.76,0.44,0.39,2024-10-01,951,N,VIIRS,n,2,310.83,3.03,D,0
36.61243,42.3371,339.4,0.48,0.4,2024-10-01,951,N,VIIRS,n,2,309.86,3.42,D,0
36.61606,42.33601,348.6,0.48,0.4,2024-10-01,951,N,VIIRS,n,2,311.76,10.06,D,0
36.64684,43.44947,346.52,0.44,0.38,2024-10-01,951,N,VIIRS,n,2,312.88,4.79,D,0
36.67601,43.17523,339.25,0.45,0.39,2024-10-01,951,N,VIIRS,n,2,313.58,6.11,D,0
36.70425,43.06774,344.41,0.45,0.39,2024-10-01,951,N,VIIRS,n,2,311.45,8.7,D,0
36.70518,43.07273,356.05,0.45,0.39,2024-10-01,951,N,VIIRS,n,2,314.89,9.92,D,0
36.7061,43.07774,350.26,0.45,0.39,2024-10-01,951,N,VIIRS,n,2,311.53,9.92,D,0
36.7077,43.16644,346.08,0.45,0.39,2024-10-01,951,N,VIIRS,n,2,312.15,4.4,D,0
36.70779,43.06675,347.69,0.45,0.39,2024-10-01,951,N,VIIRS,n,2,312.15,14.15,D,0
36.70871,43.07174,347.38,0.45,0.39,2024-10-01,951,N,VIIRS,n,2,307.64,16.51,D,0
36.70889,43.09278,343.34,0.45,0.39,2024-10-01,951,N,VIIRS,n,2,311.1,3.31,D,0
36.70906,43.11375,345.28,0.45,0.39,2024-10-01,951,N,VIIRS,n,2,311.64,8.11,D,0
36.70927,43.03464,349.07,0.45,0.39,2024-10-01,951,N,VIIRS,n,2,312.63,4.7,D,0
36.7104,43.06077,350.67,0.45,0.39,2024-10-01,951,N,VIIRS,n,2,314.69,14.15,D,0
36.71132,43.06576,356.83,0.45,0.39,2024-10-01,951,N,VIIRS,n,2,318.56,14.15,D,0
36.71149,43.08677,342.08,0.45,0.39,2024-10-01,951,N,VIIRS,n,2,310.3,2.64,D,0
36.71183,43.12872,344.67,0.45,0.39,2024-10-01,951,N,VIIRS,n,2,313.04,4.25,D,0
36.71301,43.05478,337.01,0.45,0.39,2024-10-01,951,N,VIIRS,n,2,307.7,2.78,D,0
36.71393,43.05977,350.47,0.45,0.39,2024-10-01,951,N,VIIRS,n,2,312.33,6.88,D,0
36.71485,43.06476,337.13,0.45,0.39,2024-10-01,951,N,VIIRS,n,2,306.72,6.88,D,0
36.71687,43.09581,349.58,0.45,0.39,2024-10-01,951,N,VIIRS,n,2,311.57,7.83,D,0
36.71855,43.08479,344.45,0.45,0.39,2024-10-01,951,N,VIIRS,n,2,310.1,6.29,D,0
36.72041,43.09483,344.69,0.45,0.39,2024-10-01,951,N,VIIRS,n,2,318.44,15.23,D,0
36.72394,43.09386,338.58,0.45,0.39,2024-10-01,951,N,VIIRS,n,2,308.17,15.23,D,0
36.78788,42.30857,335.3,0.48,0.4,2024-10-01,951,N,VIIRS,n,2,308.89,2.19,D,0
36.80088,42.93682,338.14,0.46,0.39,2024-10-01,951,N,VIIRS,n,2,310.5,3.08,D,0
36.80387,43.05312,337.12,0.45,0.39,2024-10-01,951,N,VIIRS,n,2,310.8,3.15,D,0
36.82173,42.88817,337.92,0.46,0.39,2024-10-01,951,N,VIIRS,n,2,310.55,4.77,D,0
36.82383,40.49713,344.78,0.39,0.44,2024-10-01,951,N,VIIRS,n,2,308.8,2.85,D,0
36.82527,42.88712,347.08,0.46,0.39,2024-10-01,951,N,VIIRS,n,2,311.1,4.77,D,0
36.84058,43.27208,339.28,0.44,0.39,2024-10-01,951,N,VIIRS,n,2,308.66,23.41,D,0
36.84655,41.80241,346.87,0.51,0.41,2024-10-01,951,N,VIIRS,n,2,309.12,5.66,D,0
36.855,41.09853,342.7,0.54,0.42,2024-10-01,951,N,VIIRS,n,2,310.88,5.53,D,0
36.86885,43.48676,332.44,0.44,0.38,2024-10-01,951,N,VIIRS,n,2,301.08,2.43,D,2
36.89151,43.43084,336.64,0.44,0.38,2024-10-01,951,N,VIIRS,n,2,302.86,2.9,D,2
36.89789,42.2287,336.81,0.48,0.4,2024-10-01,951,N,VIIRS,n,2,309.54,2.8,D,0
36.90274,42.33423,349.11,0.48,0.4,2024-10-01,951,N,VIIRS,n,2,313.09,20.08,D,0
36.91183,42.24141,345.35,0.48,0.4,2024-10-01,951,N,VIIRS,n,2,310.73,7.39,D,0
36.91547,42.2403,351.6,0.48,0.4,2024-10-01,951,N,VIIRS,n,2,310.19,7.39,D,0
36.92651,42.02982,337.12,0.49,0.41,2024-10-01,951,N,VIIRS,n,2,309.95,3.96,D,0
36.93465,42.13109,336.09,0.49,0.4,2024-10-01,951,N,VIIRS,n,2,308.94,2.81,D,2
36.93619,42.11917,335.55,0.49,0.4,2024-10-01,951,N,VIIRS,n,2,309.37,4.08,D,2
36.94664,42.13324,334.73,0.49,0.4,2024-10-01,951,N,VIIRS,n,2,309.49,2.28,D,2
36.96395,41.50058,352.99,0.52,0.41,2024-10-01,951,N,VIIRS,n,2,313.46,15.01,D,0
36.97294,42.52405,343.97,0.47,0.4,2024-10-01,951,N,VIIRS,n,2,308.63,6.1,D,0
36.97311,41.78572,345.37,0.5,0.41,2024-10-01,951,N,VIIRS,n,2,309.87,10.02,D,0
36.97508,41.9399,338.99,0.5,0.41,2024-10-01,951,N,VIIRS,n,2,308.87,4.57,D,0
36.9768,41.78462,348.09,0.5,0.41,2024-10-01,951,N,VIIRS,n,2,313.19,10.02,D,0
36.98051,41.78351,341.57,0.5,0.41,2024-10-01,951,N,VIIRS,n,2,309.22,9.79,D,0
36.98988,41.57157,343.05,0.51,0.41,2024-10-01,951,N,VIIRS,n,2,309.22,5.79,D,0
37.04026,42.54181,349.6,0.47,0.4,2024-10-01,951,N,VIIRS,n,2,319.92,42.76,D,0
37.04385,42.54081,342.69,0.47,0.4,2024-10-01,951,N,VIIRS,n,2,314.86,42.76,D,0
37.04744,42.53981,348.72,0.47,0.4,2024-10-01,951,N,VIIRS,n,2,309.4,12.38,D,0
37.05058,40.65609,346.94,0.57,0.43,2024-10-01,951,N,VIIRS,n,2,312.39,14.08,D,0
37.05104,42.53881,350.57,0.47,0.4,2024-10-01,951,N,VIIRS,n,2,310.16,12.38,D,0
37.05245,40.65486,345.05,0.56,0.43,2024-10-01,951,N,VIIRS,n,2,311.54,17.14,D,0
37.0584,40.16106,350.91,0.4,0.44,2024-10-01,951,N,VIIRS,n,2,309.42,5.96,D,0
37.06675,41.4059,344.88,0.52,0.42,2024-10-01,951,N,VIIRS,n,2,311.15,7.0,D,0
37.07002,42.96703,330.5,0.45,0.39,2024-10-01,951,N,VIIRS,n,2,304.84,1.26,D,0
37.07624,41.75276,344.55,0.5,0.41,2024-10-01,951,N,VIIRS,n,2,310.1,19.57,D,0
37.07755,42.55926,337.57,0.47,0.4,2024-10-01,951,N,VIIRS,n,2,307.47,2.9,D,2
37.08992,42.06554,335.0,0.49,0.4,2024-10-01,951,N,VIIRS,n,2,307.56,2.52,D,0
37.1053,42.18588,348.19,0.48,0.4,2024-10-01,951,N,VIIRS,n,2,308.75,7.5,D,0
37.13417,41.62792,336.63,0.51,0.41,2024-10-01,951,N,VIIRS,n,2,306.0,4.39,D,0
37.13625,41.69903,343.91,0.51,0.41,2024-10-01,951,N,VIIRS,n,2,308.97,11.81,D,0
37.13897,41.79326,340.64,0.5,0.41,2024-10-01,951,N,VIIRS,n,2,305.48,6.76,D,0
37.19164,42.18517,335.15,0.48,0.4,2024-10-01,951,N,VIIRS,n,2,307.45,5.28,D,0
37.24504,42.07097,344.67,0.49,0.4,2024-10-01,951,N,VIIRS,n,2,309.25,20.29,D,0
37.47523,42.28179,339.5,0.47,0.4,2024-10-01,951,N,VIIRS,n,2,312.5,13.82,D,0
36.58915,29.94641,327.91,0.69,0.74,2024-10-01,952,N,VIIRS,n,2,301.08,7.69,D,0
37.1652,35.61713,336.45,0.34,0.56,2024-10-01,952,N,VIIRS,n,2,300.42,3.25,D,0
37.21448,39.07573,330.08,0.45,0.47,2024-10-01,952,N,VIIRS,n,2,300.51,1.95,D,0
37.24465,37.08582,340.77,0.57,0.52,2024-10-01,952,N,VIIRS,n,2,292.99,10.21,D,0
37.24527,37.08554,341.26,0.56,0.52,2024-10-01,952,N,VIIRS,n,2,295.31,16.78,D,0
37.25677,39.01046,348.63,0.45,0.47,2024-10-01,952,N,VIIRS,n,2,305.62,15.74,D,0
37.25809,39.00761,338.53,0.45,0.47,2024-10-01,952,N,VIIRS,n,2,304.85,14.29,D,0
37.25919,39.01264,334.83,0.45,0.47,2024-10-01,952,N,VIIRS,n,2,301.64,12.74,D,0
37.26098,39.00908,347.23,0.45,0.47,2024-10-01,952,N,VIIRS,n,2,301.5,8.56,D,0
37.39192,39.11393,336.44,0.44,0.46,2024-10-01,952,N,VIIRS,n,2,302.69,5.74,D,0
37.39507,39.11495,344.17,0.44,0.46,2024-10-01,952,N,VIIRS,n,2,303.98,13.92,D,0
37.3961,39.11258,348.74,0.44,0.46,2024-10-01,952,N,VIIRS,n,2,302.23,5.74,D,0
37.45982,38.2388,346.95,0.49,0.48,2024-10-01,952,N,VIIRS,n,2,303.44,18.82,D,0
37.51808,38.02933,355.48,0.5,0.49,2024-10-01,952,N,VIIRS,n,2,306.63,24.54,D,0
37.54578,39.15351,351.29,0.44,0.46,2024-10-01,952,N,VIIRS,n,2,311.05,46.97,D,0
37.57357,39.13827,344.22,0.44,0.46,2024-10-01,952,N,VIIRS,n,2,306.24,9.6,D,0
37.57463,39.1431,350.69,0.44,0.46,2024-10-01,952,N,VIIRS,n,2,305.91,13.58,D,0
37.58085,39.58287,345.85,0.41,0.45,2024-10-01,952,N,VIIRS,n,2,300.18,7.12,D,0
37.59229,39.52562,334.79,0.42,0.45,2024-10-01,952,N,VIIRS,n,2,306.64,3.86,D,0
37.61101,39.60245,331.21,0.41,0.45,2024-10-01,952,N,VIIRS,n,2,300.55,1.78,D,0
37.61357,39.60319,345.75,0.41,0.45,2024-10-01,952,N,VIIRS,n,2,302.96,4.7,D,0
37.67247,40.64857,342.37,0.55,0.43,2024-10-01,952,N,VIIRS,n,2,308.01,5.73,D,0
37.68233,38.77209,333.22,0.45,0.47,2024-10-01,952,N,VIIRS,n,2,301.25,2.71,D,0
37.68252,40.67776,367.0,0.55,0.43,2024-10-01,952,N,VIIRS,h,2,331.15,147.38,D,0
37.69408,40.65426,343.06,0.55,0.43,2024-10-01,952,N,VIIRS,n,2,307.16,4.74,D,0
37.70182,40.83254,336.87,0.54,0.42,2024-10-01,952,N,VIIRS,n,2,302.57,7.5,D,0
37.71713,39.64263,335.77,0.41,0.45,2024-10-01,952,N,VIIRS,n,2,303.51,1.87,D,0
37.72116,39.64129,331.69,0.41,0.45,2024-10-01,952,N,VIIRS,n,2,302.8,1.87,D,0
37.74195,40.33112,336.26,0.57,0.43,2024-10-01,952,N,VIIRS,n,2,305.9,5.3,D,0
37.75974,40.95955,333.71,0.53,0.42,2024-10-01,952,N,VIIRS,n,2,304.15,3.48,D,0
37.77722,40.14978,344.38,0.39,0.44,2024-10-01,952,N,VIIRS,n,2,306.75,2.79,D,0
37.77811,40.15405,333.82,0.39,0.44,2024-10-01,952,N,VIIRS,n,2,305.43,2.79,D,0
37.78203,40.15271,336.53,0.39,0.44,2024-10-01,952,N,VIIRS,n,2,306.16,2.71,D,0
37.83958,40.64796,344.01,0.55,0.42,2024-10-01,952,N,VIIRS,n,2,302.76,8.14,D,0
37.84186,40.75737,333.33,0.54,0.42,2024-10-01,952,N,VIIRS,n,2,307.16,4.76,D,0
37.88428,40.66698,340.83,0.54,0.42,2024-10-01,952,N,VIIRS,n,2,309.32,6.09,D,0
37.89445,41.01318,330.86,0.53,0.42,2024-10-01,952,N,VIIRS,n,2,304.12,6.0,D,0
37.89758,40.45708,344.11,0.56,0.43,2024-10-01,952,N,VIIRS,n,2,307.28,17.82,D,0
37.89821,41.01198,342.28,0.53,0.42,2024-10-01,952,N,VIIRS,n,2,306.14,6.0,D,0
37.89904,41.0073,333.76,0.53,0.42,2024-10-01,952,N,VIIRS,n,2,302.66,5.38,D,0
37.90022,41.01326,347.81,0.53,0.42,2024-10-01,952,N,VIIRS,n,2,306.31,13.07,D,0
37.90198,41.01078,347.86,0.53,0.42,2024-10-01,952,N,VIIRS,n,2,304.84,7.88,D,0
37.90398,41.01208,332.74,0.53,0.42,2024-10-01,952,N,VIIRS,n,2,302.9,4.91,D,0
37.92368,40.82071,344.14,0.54,0.42,2024-10-01,952,N,VIIRS,n,2,308.26,9.04,D,0
37.93266,40.80513,339.52,0.54,0.42,2024-10-01,952,N,VIIRS,n,2,310.43,5.63,D,0
37.9363,40.96269,335.17,0.53,0.42,2024-10-01,952,N,VIIRS,n,2,304.67,2.66,D,0
37.94981,40.72784,341.83,0.54,0.42,2024-10-01,952,N,VIIRS,n,2,309.91,7.61,D,0
37.94984,40.72977,341.44,0.54,0.42,2024-10-01,952,N,VIIRS,n,2,309.04,4.83,D,0
37.95363,40.72849,336.33,0.54,0.42,2024-10-01,952,N,VIIRS,n,2,309.63,4.83,D,0
37.97448,40.79218,341.68,0.54,0.42,2024-10-01,952,N,VIIRS,n,2,308.68,4.18,D,0
37.97479,40.79012,338.68,0.54,0.42,2024-10-01,952,N,VIIRS,n,2,308.32,5.33,D,0
37.97486,40.87477,347.57,0.53,0.42,2024-10-01,952,N,VIIRS,n,2,306.91,6.82,D,0
37.97558,40.87252,349.42,0.53,0.42,2024-10-01,952,N,VIIRS,n,2,308.5,9.24,D,0
37.97977,40.79469,345.52,0.54,0.42,2024-10-01,952,N,VIIRS,n,2,308.84,11.42,D,0
37.98214,40.89109,348.03,0.53,0.42,2024-10-01,952,N,VIIRS,n,2,310.69,9.26,D,0
37.9824,40.97281,338.2,0.53,0.42,2024-10-01,952,N,VIIRS,n,2,303.58,2.43,D,0
37.98295,40.88884,339.44,0.53,0.42,2024-10-01,952,N,VIIRS,n,2,307.12,9.91,D,0
37.98331,40.89695,336.53,0.53,0.42,2024-10-01,952,N,VIIRS,n,2,306.75,9.26,D,0
37.98355,40.79342,337.11,0.54,0.42,2024-10-01,952,N,VIIRS,n,2,307.63,7.33,D,0
37.98414,40.89463,345.51,0.53,0.42,2024-10-01,952,N,VIIRS,n,2,309.03,14.21,D,0
37.98593,40.88995,346.69,0.53,0.42,2024-10-01,952,N,VIIRS,n,2,309.11,9.26,D,0
37.98674,40.8877,342.79,0.53,0.42,2024-10-01,952,N,VIIRS,n,2,308.18,13.17,D,0
37.98709,40.89577,335.61,0.53,0.42,2024-10-01,952,N,VIIRS,n,2,306.03,9.26,D,0
37.98794,40.69614,336.94,0.54,0.42,2024-10-01,952,N,VIIRS,n,2,307.68,5.64,D,0
37.98899,40.7211,346.15,0.54,0.42,2024-10-01,952,N,VIIRS,n,2,310.19,8.15,D,0
37.98972,40.88881,353.41,0.53,0.42,2024-10-01,952,N,VIIRS,n,2,311.79,22.9,D,0
37.99025,40.72726,335.2,0.54,0.42,2024-10-01,952,N,VIIRS,n,2,307.66,4.6,D,0
37.99054,40.88656,345.56,0.53,0.42,2024-10-01,952,N,VIIRS,n,2,308.55,13.17,D,0
37.9928,40.71991,346.56,0.54,0.42,2024-10-01,952,N,VIIRS,n,2,310.59,25.6,D,0
37.99406,40.72607,343.77,0.54,0.42,2024-10-01,952,N,VIIRS,n,2,308.09,13.7,D,0
37.99425,41.03229,335.89,0.52,0.42,2024-10-01,952,N,VIIRS,n,2,305.46,4.05,D,0
37.99584,41.00011,336.88,0.52,0.42,2024-10-01,952,N,VIIRS,n,2,306.45,4.73,D,0
37.998,41.03109,339.04,0.52,0.42,2024-10-01,952,N,VIIRS,n,2,305.96,4.05,D,0
38.00548,41.02855,346.46,0.52,0.42,2024-10-01,952,N,VIIRS,n,2,313.92,27.2,D,0
38.00696,41.02585,344.38,0.52,0.42,2024-10-01,952,N,VIIRS,n,2,307.49,54.14,D,0
38.01038,41.03317,343.69,0.52,0.42,2024-10-01,952,N,VIIRS,n,2,309.37,33.62,D,0
38.0107,41.02457,341.79,0.52,0.42,2024-10-01,952,N,VIIRS,n,2,305.53,54.14,D,0
38.01295,41.026,339.75,0.52,0.42,2024-10-01,952,N,VIIRS,n,2,305.71,72.88,D,0
38.01384,41.46881,333.26,0.5,0.41,2024-10-01,952,N,VIIRS,n,2,299.98,4.8,D,0
38.01413,41.03194,340.02,0.52,0.42,2024-10-01,952,N,VIIRS,n,2,306.68,33.62,D,0
38.01857,40.98465,339.29,0.52,0.42,2024-10-01,952,N,VIIRS,n,2,306.77,6.78,D,0
38.02118,40.65988,340.67,0.54,0.42,2024-10-01,952,N,VIIRS,n,2,308.65,76.31,D,0
38.02378,40.65274,338.98,0.54,0.42,2024-10-01,952,N,VIIRS,n,2,307.17,76.31,D,0
38.02499,40.65863,367.0,0.54,0.42,2024-10-01,952,N,VIIRS,h,2,333.71,76.31,D,0
38.0276,40.6515,349.41,0.54,0.42,2024-10-01,952,N,VIIRS,n,2,308.14,7.84,D,0
38.02811,40.41454,352.18,0.56,0.43,2024-10-01,952,N,VIIRS,n,2,309.88,17.64,D,0
38.0288,40.65739,332.53,0.54,0.42,2024-10-01,952,N,VIIRS,n,2,303.62,7.84,D,0
38.03111,39.84553,340.02,0.39,0.44,2024-10-01,952,N,VIIRS,n,2,305.91,3.48,D,0
38.03197,40.41332,340.4,0.56,0.43,2024-10-01,952,N,VIIRS,n,2,308.77,8.33,D,0
38.03451,40.30617,340.62,0.56,0.43,2024-10-01,952,N,VIIRS,n,2,305.37,5.59,D,0
38.04449,41.52522,342.61,0.5,0.41,2024-10-01,952,N,VIIRS,n,2,305.71,7.21,D,0
38.04747,40.44843,338.53,0.55,0.43,2024-10-01,952,N,VIIRS,n,2,307.67,4.64,D,0
38.04815,41.52401,350.76,0.5,0.41,2024-10-01,952,N,VIIRS,n,2,308.27,7.21,D,0
38.04924,41.52954,334.49,0.5,0.41,2024-10-01,952,N,VIIRS,n,2,304.37,6.99,D,0
38.05132,40.44716,346.64,0.55,0.43,2024-10-01,952,N,VIIRS,n,2,308.56,4.64,D,0
38.0518,41.52277,337.04,0.5,0.41,2024-10-01,952,N,VIIRS,n,2,305.89,4.34,D,0
38.05764,40.39813,333.24,0.56,0.43,2024-10-01,952,N,VIIRS,n,2,306.35,2.46,D,0
38.06155,40.43706,344.98,0.55,0.43,2024-10-01,952,N,VIIRS,n,2,307.96,9.57,D,0
38.06791,40.20684,330.06,0.57,0.43,2024-10-01,952,N,VIIRS,n,2,302.9,2.39,D,0
38.07051,40.38063,347.08,0.56,0.43,2024-10-01,952,N,VIIRS,n,2,312.82,35.26,D,0
38.07441,40.90409,340.89,0.53,0.42,2024-10-01,952,N,VIIRS,n,2,295.94,5.78,D,0
38.0801,40.64649,333.08,0.54,0.42,2024-10-01,952,N,VIIRS,n,2,303.71,3.33,D,0
38.08195,40.90172,342.97,0.53,0.42,2024-10-01,952,N,VIIRS,n,2,305.9,63.44,D,0
38.08462,40.38923,349.15,0.56,0.43,2024-10-01,952,N,VIIRS,n,2,308.22,11.25,D,0
38.09175,40.82174,334.35,0.53,0.42,2024-10-01,952,N,VIIRS,n,2,300.57,4.12,D,0
38.09563,41.01038,352.47,0.52,0.42,2024-10-01,952,N,VIIRS,n,2,302.81,10.09,D,0
38.09676,41.01609,350.64,0.52,0.42,2024-10-01,952,N,VIIRS,n,2,300.86,10.09,D,0
38.09783,40.18171,339.92,0.57,0.43,2024-10-01,952,N,VIIRS,n,2,302.97,4.96,D,0
38.09938,41.00921,354.65,0.52,0.42,2024-10-01,952,N,VIIRS,n,2,311.96,59.1,D,0
38.10165,41.02061,338.22,0.52,0.42,2024-10-01,952,N,VIIRS,n,2,301.56,4.97,D,0
38.10314,41.00806,355.09,0.52,0.42,2024-10-01,952,N,VIIRS,n,2,317.19,59.1,D,0
38.10346,41.06975,343.91,0.52,0.41,2024-10-01,952,N,VIIRS,n,2,298.79,8.77,D,0
38.1054,41.01944,337.9,0.52,0.42,2024-10-01,952,N,VIIRS,n,2,302.24,4.97,D,0
38.10689,41.00687,355.84,0.52,0.42,2024-10-01,952,N,VIIRS,n,2,299.3,27.25,D,0
38.10722,41.06868,348.18,0.52,0.41,2024-10-01,952,N,VIIRS,n,2,308.23,8.77,D,0
38.10802,41.01257,353.74,0.52,0.42,2024-10-01,952,N,VIIRS,n,2,312.23,27.25,D,0
38.10832,40.23185,343.81,0.56,0.43,2024-10-01,952,N,VIIRS,n,2,306.98,2.75,D,0
38.10864,41.05577,340.98,0.52,0.41,2024-10-01,952,N,VIIRS,n,2,289.56,5.2,D,0
38.10915,41.01826,346.68,0.52,0.42,2024-10-01,952,N,VIIRS,n,2,297.14,10.3,D,0
38.10981,41.06167,336.02,0.52,0.41,2024-10-01,952,N,VIIRS,n,2,298.45,5.2,D,0
38.1104,40.45893,339.15,0.55,0.43,2024-10-01,952,N,VIIRS,n,2,308.24,5.06,D,0
38.11177,41.01136,343.21,0.52,0.42,2024-10-01,952,N,VIIRS,n,2,302.19,27.25,D,0
38.11426,40.45771,338.05,0.55,0.43,2024-10-01,952,N,VIIRS,n,2,306.48,5.06,D,0
38.11642,40.72506,347.21,0.54,0.42,2024-10-01,952,N,VIIRS,n,2,300.58,14.3,D,0
38.11787,40.4517,341.44,0.55,0.43,2024-10-01,952,N,VIIRS,n,2,305.1,7.32,D,0
38.1181,40.4565,348.11,0.55,0.43,2024-10-01,952,N,VIIRS,n,2,315.87,20.59,D,0
38.11979,40.78138,332.85,0.53,0.42,2024-10-01,952,N,VIIRS,n,2,301.32,3.13,D,0
38.12195,40.45529,345.0,0.55,0.43,2024-10-01,952,N,VIIRS,n,2,305.44,20.59,D,0
38.15774,40.48957,338.19,0.55,0.43,2024-10-01,952,N,VIIRS,n,2,306.93,3.71,D,0
38.16425,39.73106,332.11,0.4,0.44,2024-10-01,952,N,VIIRS,n,2,300.46,4.23,D,0
38.16742,40.79783,342.55,0.53,0.42,2024-10-01,952,N,VIIRS,n,2,305.53,8.44,D,0
38.16906,40.7659,333.13,0.53,0.42,2024-10-01,952,N,VIIRS,n,2,298.4,3.54,D,0
38.17121,40.79665,354.02,0.53,0.42,2024-10-01,952,N,VIIRS,n,2,306.14,8.44,D,0
38.18995,40.74473,340.31,0.53,0.42,2024-10-01,952,N,VIIRS,n,2,305.83,8.7,D,0
38.19374,40.74354,342.19,0.53,0.42,2024-10-01,952,N,VIIRS,n,2,305.25,10.88,D,0
38.20077,40.81725,337.98,0.53,0.42,2024-10-01,952,N,VIIRS,n,2,304.41,4.31,D,0
38.20132,40.74113,337.06,0.53,0.42,2024-10-01,952,N,VIIRS,n,2,305.79,8.09,D,0
38.21071,40.62863,336.29,0.54,0.42,2024-10-01,952,N,VIIRS,n,2,300.81,6.32,D,0
38.21758,40.76154,333.19,0.53,0.42,2024-10-01,952,N,VIIRS,n,2,300.37,4.6,D,0
38.21894,40.48915,345.79,0.55,0.42,2024-10-01,952,N,VIIRS,n,2,307.56,14.75,D,0
38.23119,40.58963,341.14,0.54,0.42,2024-10-01,952,N,VIIRS,n,2,305.12,5.36,D,0
38.23284,40.47633,335.11,0.55,0.42,2024-10-01,952,N,VIIRS,n,2,306.4,4.07,D,0
38.23298,40.47787,339.19,0.55,0.43,2024-10-01,952,N,VIIRS,n,2,306.24,6.2,D,0
38.29897,43.06244,346.9,0.43,0.38,2024-10-01,952,N,VIIRS,n,2,300.74,7.86,D,0
38.8766,43.16956,340.73,0.42,0.38,2024-10-01,952,N,VIIRS,n,2,307.88,5.21,D,0
38.87746,43.17435,335.71,0.42,0.38,2024-10-01,952,N,VIIRS,n,2,304.41,5.21,D,0
39.15969,42.40285,349.82,0.44,0.39,2024-10-01,952,N,VIIRS,n,2,307.42,28.83,D,0
39.16031,42.40017,338.83,0.44,0.39,2024-10-01,952,N,VIIRS,n,2,300.25,10.02,D,0
39.16124,42.40524,337.34,0.44,0.39,2024-10-01,952,N,VIIRS,n,2,307.25,23.48,D,0
39.32194,42.52622,333.47,0.44,0.38,2024-10-01,952,N,VIIRS,n,2,295.11,3.44,D,0
40.7379,44.06762,339.98,0.39,0.36,2024-10-01,952,N,VIIRS,n,2,287.27,5.21,D,0
36.52248,36.7407,345.83,0.61,0.71,2024-10-01,1132,N,VIIRS,n,2,296.37,8.1,D,0
36.92827,35.40492,353.55,0.52,0.67,2024-10-01,1132,N,VIIRS,n,2,293.83,9.65,D,0
36.93049,35.40079,348.11,0.52,0.67,2024-10-01,1132,N,VIIRS,n,2,291.0,6.1,D,0
37.01378,35.06409,342.0,0.5,0.66,2024-10-01,1132,N,VIIRS,n,2,294.59,4.81,D,0
37.01471,35.06175,333.18,0.5,0.66,2024-10-01,1132,N,VIIRS,n,2,293.45,5.36,D,0
37.09872,27.93451,350.94,0.41,0.45,2024-10-01,1132,N,VIIRS,n,2,303.44,6.97,D,0
37.63411,31.79536,336.72,0.34,0.56,2024-10-01,1132,N,VIIRS,n,2,296.61,3.89,D,0
38.08736,29.86148,335.13,0.53,0.5,2024-10-01,1133,N,VIIRS,n,2,302.13,4.16,D,0
38.87808,27.88535,332.06,0.43,0.46,2024-10-01,1133,N,VIIRS,n,2,297.83,2.65,D,0
40.79922,26.23198,329.38,0.56,0.43,2024-10-01,1133,N,VIIRS,n,2,294.2,3.62,D,0
40.97057,26.4662,346.34,0.38,0.43,2024-10-01,1133,N,VIIRS,n,2,303.45,3.92,D,0
40.97458,26.46544,355.31,0.38,0.43,2024-10-01,1133,N,VIIRS,n,2,303.45,13.48,D,0
41.08327,26.5337,328.33,0.39,0.44,2024-10-01,1134,N,VIIRS,n,2,294.83,1.45,D,0
41.09834,26.39131,330.48,0.57,0.43,2024-10-01,1134,N,VIIRS,n,2,298.57,2.57,D,0
41.24078,26.99656,338.78,0.41,0.45,2024-10-01,1134,N,VIIRS,n,2,294.7,1.88,D,0
37.23805,42.37849,309.72,0.43,0.62,2024-10-01,2211,N,VIIRS,n,2,287.64,0.83,N,0
37.24382,42.3788,299.79,0.43,0.62,2024-10-01,2211,N,VIIRS,n,2,287.9,0.83,N,0
37.26176,42.11803,301.43,0.44,0.62,2024-10-01,2211,N,VIIRS,n,2,287.55,1.06,N,0
37.47451,40.22765,300.41,0.56,0.69,2024-10-01,2211,N,VIIRS,n,2,284.13,0.74,N,0
37.50518,38.19277,307.97,0.72,0.76,2024-10-01,2211,N,VIIRS,n,2,282.74,2.08,N,0
37.68163,40.62808,295.07,0.54,0.68,2024-10-01,2211,N,VIIRS,n,2,284.64,3.09,N,0
37.68775,40.63467,313.94,0.54,0.68,2024-10-01,2211,N,VIIRS,n,2,284.77,3.09,N,0
37.68797,40.62819,331.83,0.54,0.68,2024-10-01,2211,N,VIIRS,n,2,285.57,3.09,N,0
37.6882,40.6216,312.16,0.54,0.68,2024-10-01,2211,N,VIIRS,n,2,284.66,3.96,N,0
37.71292,38.54387,297.43,0.69,0.75,2024-10-01,2211,N,VIIRS,n,2,283.35,1.19,N,0
37.71709,40.79191,302.0,0.53,0.67,2024-10-01,2211,N,VIIRS,n,2,284.97,1.3,N,0
37.719,38.08556,295.39,0.73,0.76,2024-10-01,2211,N,VIIRS,n,2,282.65,0.79,N,0
37.92661,40.72567,300.74,0.53,0.67,2024-10-01,2211,N,VIIRS,n,2,285.07,1.57,N,0
37.93292,40.72639,329.16,0.53,0.67,2024-10-01,2211,N,VIIRS,n,2,285.75,1.57,N,0
37.93628,40.72982,307.07,0.53,0.67,2024-10-01,2211,N,VIIRS,n,2,285.06,1.69,N,0
37.93652,40.72346,305.75,0.53,0.67,2024-10-01,2211,N,VIIRS,n,2,284.91,2.01,N,0
37.96017,40.85867,310.76,0.52,0.67,2024-10-01,2211,N,VIIRS,n,2,284.97,1.02,N,0
37.96038,40.85247,301.26,0.52,0.67,2024-10-01,2211,N,VIIRS,n,2,284.76,1.02,N,0
37.9606,40.84598,303.66,0.52,0.67,2024-10-01,2211,N,VIIRS,n,2,284.8,1.2,N,0
37.96082,40.83941,299.43,0.52,0.67,2024-10-01,2211,N,VIIRS,n,2,284.17,1.2,N,0
37.96643,40.85929,295.46,0.52,0.67,2024-10-01,2211,N,VIIRS,n,2,284.94,1.02,N,0
37.96664,40.85324,298.12,0.52,0.67,2024-10-01,2211,N,VIIRS,n,2,284.9,1.02,N,0
37.98306,40.54463,297.63,0.54,0.68,2024-10-01,2211,N,VIIRS,n,2,284.81,0.55,N,0
37.98751,40.40034,302.0,0.55,0.68,2024-10-01,2211,N,VIIRS,n,2,285.08,0.8,N,0
37.99314,40.20915,298.38,0.57,0.69,2024-10-01,2211,N,VIIRS,n,2,284.12,0.38,N,0
38.01638,40.29898,297.74,0.56,0.69,2024-10-01,2211,N,VIIRS,n,2,284.52,0.72,N,0
38.02372,40.66212,300.2,0.54,0.68,2024-10-01,2211,N,VIIRS,n,2,285.59,1.16,N,0
38.02562,40.66067,307.99,0.54,0.68,2024-10-01,2211,N,VIIRS,n,2,285.71,1.43,N,0
38.02903,40.3045,313.9,0.56,0.69,2024-10-01,2211,N,VIIRS,n,2,284.76,1.99,N,0
38.02906,40.30663,305.14,0.56,0.69,2024-10-01,2211,N,VIIRS,n,2,284.35,1.35,N,0
38.02927,40.29997,297.46,0.56,0.69,2024-10-01,2211,N,VIIRS,n,2,283.84,1.48,N,0
38.03006,40.66222,298.24,0.54,0.68,2024-10-01,2211,N,VIIRS,n,2,285.42,0.97,N,0
38.03179,40.66653,296.52,0.54,0.68,2024-10-01,2211,N,VIIRS,n,2,284.96,0.69,N,0
38.04078,40.78709,296.16,0.53,0.67,2024-10-01,2211,N,VIIRS,n,2,284.94,0.32,N,0
38.05496,40.93169,308.75,0.52,0.67,2024-10-01,2211,N,VIIRS,n,2,284.13,2.16,N,0
38.05516,40.9257,320.79,0.52,0.67,2024-10-01,2211,N,VIIRS,n,2,284.4,2.16,N,0
38.05976,40.97465,307.56,0.52,0.67,2024-10-01,2211,N,VIIRS,n,2,284.57,3.89,N,0
38.05996,40.96894,312.57,0.52,0.67,2024-10-01,2211,N,VIIRS,n,2,285.07,5.09,N,0
38.06006,40.77615,296.25,0.53,0.67,2024-10-01,2211,N,VIIRS,n,2,284.75,0.62,N,0
38.06026,40.76979,298.29,0.53,0.67,2024-10-01,2211,N,VIIRS,n,2,284.48,0.9,N,0
38.06833,40.28504,297.89,0.56,0.69,2024-10-01,2211,N,VIIRS,n,2,283.31,0.5,N,0
38.06873,40.89501,308.85,0.52,0.67,2024-10-01,2211,N,VIIRS,n,2,285.12,1.41,N,0
38.07692,40.64479,296.83,0.54,0.68,2024-10-01,2211,N,VIIRS,n,2,284.89,0.42,N,0
38.08708,40.90887,305.62,0.52,0.67,2024-10-01,2211,N,VIIRS,n,2,284.37,1.08,N,0
38.09092,40.79685,295.4,0.53,0.67,2024-10-01,2211,N,VIIRS,n,2,285.08,0.5,N,0
38.09721,40.7977,296.42,0.53,0.67,2024-10-01,2211,N,VIIRS,n,2,285.24,0.5,N,0
38.10072,41.05098,306.88,0.51,0.66,2024-10-01,2211,N,VIIRS,n,2,284.62,1.38,N,0
38.10513,41.05184,303.94,0.51,0.66,2024-10-01,2211,N,VIIRS,n,2,284.65,2.17,N,0
38.10944,39.70746,317.75,0.61,0.71,2024-10-01,2211,N,VIIRS,n,2,282.29,2.22,N,0
38.11427,40.47311,305.35,0.55,0.68,2024-10-01,2211,N,VIIRS,n,2,285.18,1.47,N,0
38.11556,40.4729,304.73,0.55,0.68,2024-10-01,2211,N,VIIRS,n,2,284.93,2.24,N,0
38.12273,40.96239,313.37,0.52,0.67,2024-10-01,2211,N,VIIRS,n,2,284.41,2.33,N,0
38.12296,40.95642,312.59,0.52,0.67,2024-10-01,2211,N,VIIRS,n,2,284.59,2.33,N,0
38.12667,40.96309,310.87,0.52,0.67,2024-10-01,2211,N,VIIRS,n,2,283.45,2.46,N,0
38.12687,40.95687,311.92,0.52,0.67,2024-10-01,2211,N,VIIRS,n,2,283.81,2.69,N,0
38.13935,40.95806,297.95,0.52,0.67,2024-10-01,2211,N,VIIRS,n,2,283.87,1.06,N,0
38.13955,40.95169,300.75,0.52,0.67,2024-10-01,2211,N,VIIRS,n,2,283.27,1.06,N,0
38.14192,40.95157,303.09,0.52,0.67,2024-10-01,2211,N,VIIRS,n,2,284.38,1.21,N,0
38.16637,40.70191,319.52,0.54,0.68,2024-10-01,2211,N,VIIRS,n,2,284.65,2.06,N,0
38.18653,40.66614,304.56,0.54,0.68,2024-10-01,2211,N,VIIRS,n,2,284.32,1.03,N,0
38.18793,40.81757,297.96,0.53,0.67,2024-10-01,2211,N,VIIRS,n,2,284.01,0.68,N,0
38.19422,40.81828,299.21,0.53,0.67,2024-10-01,2211,N,VIIRS,n,2,284.74,0.91,N,0
38.19442,40.81238,299.53,0.53,0.67,2024-10-01,2211,N,VIIRS,n,2,284.65,1.19,N,0
38.19691,40.73755,298.58,0.53,0.67,2024-10-01,2211,N,VIIRS,n,2,283.22,0.98,N,0
38.19713,40.73075,304.07,0.53,0.67,2024-10-01,2211,N,VIIRS,n,2,283.92,0.98,N,0
38.20155,40.78804,315.04,0.53,0.67,2024-10-01,2211,N,VIIRS,n,2,284.85,1.66,N,0
38.20176,40.78172,300.29,0.53,0.67,2024-10-01,2211,N,VIIRS,n,2,283.98,1.66,N,0
35.52607,44.34531,338.58,0.32,0.55,2024-10-01,2212,N,VIIRS,n,2,291.73,3.78,N,2
35.52634,44.34165,334.16,0.32,0.55,2024-10-01,2212,N,VIIRS,n,2,291.77,2.51,N,2
35.52662,44.33797,306.86,0.32,0.55,2024-10-01,2212,N,VIIRS,n,2,291.17,2.51,N,2
35.52881,44.34417,333.19,0.32,0.55,2024-10-01,2212,N,VIIRS,n,2,291.88,2.74,N,2
35.52906,44.34049,342.6,0.32,0.55,2024-10-01,2212,N,VIIRS,n,2,292.34,2.7,N,2
35.52932,44.33683,321.91,0.32,0.55,2024-10-01,2212,N,VIIRS,n,2,291.5,2.7,N,2
35.53142,44.34229,313.62,0.32,0.55,2024-10-01,2212,N,VIIRS,n,2,291.43,2.51,N,2
35.53169,44.33865,350.27,0.32,0.55,2024-10-01,2212,N,VIIRS,n,2,292.72,2.51,N,2
35.53197,44.33501,313.38,0.32,0.55,2024-10-01,2212,N,VIIRS,n,2,291.48,3.56,N,2
35.53439,44.33754,330.98,0.32,0.55,2024-10-01,2212,N,VIIRS,n,2,292.05,2.7,N,2
35.53704,44.33571,304.2,0.32,0.55,2024-10-01,2212,N,VIIRS,n,2,291.0,0.8,N,2
35.56363,44.28593,308.9,0.32,0.55,2024-10-01,2212,N,VIIRS,n,2,291.34,1.07,N,2
35.56389,44.28222,318.64,0.32,0.55,2024-10-01,2212,N,VIIRS,n,2,291.51,1.07,N,2
35.62949,44.01157,326.4,0.33,0.56,2024-10-01,2212,N,VIIRS,n,2,292.45,5.63,N,2
35.62976,44.00775,367.0,0.34,0.56,2024-10-01,2212,N,VIIRS,h,2,297.07,11.25,N,2
35.65891,43.96543,310.05,0.34,0.56,2024-10-01,2212,N,VIIRS,n,2,290.92,2.66,N,2
35.65967,43.96445,342.79,0.34,0.56,2024-10-01,2212,N,VIIRS,n,2,291.81,3.96,N,2
35.6641,43.96606,352.56,0.34,0.56,2024-10-01,2212,N,VIIRS,n,2,295.16,2.66,N,2
35.66438,43.96228,316.05,0.34,0.56,2024-10-01,2212,N,VIIRS,n,2,291.5,2.66,N,2
35.66487,43.96511,352.3,0.34,0.56,2024-10-01,2212,N,VIIRS,n,2,295.07,3.96,N,2
35.68106,43.8779,306.67,0.34,0.56,2024-10-01,2212,N,VIIRS,n,2,290.08,1.2,N,2
35.68111,43.87514,307.14,0.34,0.56,2024-10-01,2212,N,VIIRS,n,2,290.34,1.16,N,2
35.68131,43.87406,305.7,0.34,0.56,2024-10-01,2212,N,VIIRS,n,2,290.36,1.45,N,2
35.68628,43.87854,354.42,0.34,0.56,2024-10-01,2212,N,VIIRS,n,2,293.11,8.73,N,2
35.68653,43.87471,367.0,0.34,0.56,2024-10-01,2212,N,VIIRS,h,2,295.05,6.87,N,2
35.68678,43.87087,300.09,0.34,0.56,2024-10-01,2212,N,VIIRS,n,2,289.85,6.87,N,2
35.72252,44.0409,344.59,0.33,0.56,2024-10-01,2212,N,VIIRS,n,2,292.01,2.24,N,2
35.72279,44.03706,303.56,0.33,0.56,2024-10-01,2212,N,VIIRS,n,2,289.55,2.24,N,2
35.72769,44.04166,323.13,0.33,0.56,2024-10-01,2212,N,VIIRS,n,2,292.05,2.04,N,2
35.77263,43.99752,308.22,0.34,0.56,2024-10-01,2212,N,VIIRS,n,2,290.7,1.13,N,2
35.77291,43.99362,308.37,0.34,0.56,2024-10-01,2212,N,VIIRS,n,2,289.9,1.46,N,2
35.77306,43.9955,321.78,0.34,0.56,2024-10-01,2212,N,VIIRS,n,2,291.55,1.24,N,2
35.81267,43.25491,301.74,0.37,0.58,2024-10-01,2212,N,VIIRS,n,2,291.09,0.47,N,2
35.81364,43.25623,302.27,0.37,0.58,2024-10-01,2212,N,VIIRS,n,2,291.05,0.69,N,2
35.92361,43.78828,312.43,0.35,0.56,2024-10-01,2212,N,VIIRS,n,2,291.17,0.77,N,2
35.95418,43.72732,314.02,0.35,0.57,2024-10-01,2212,N,VIIRS,n,2,290.85,1.06,N,2
35.96761,43.76514,313.81,0.35,0.57,2024-10-01,2212,N,VIIRS,n,2,292.35,3.18,N,2
35.97239,43.77309,312.42,0.35,0.57,2024-10-01,2212,N,VIIRS,n,2,292.35,1.31,N,2
35.97794,43.76957,302.43,0.35,0.57,2024-10-01,2212,N,VIIRS,n,2,291.1,1.08,N,2
35.98322,43.76996,311.46,0.35,0.57,2024-10-01,2212,N,VIIRS,n,2,292.24,1.08,N,2
35.99849,43.75896,308.62,0.35,0.57,2024-10-01,2212,N,VIIRS,n,2,290.93,1.03,N,2
35.99988,43.75952,306.9,0.35,0.57,2024-10-01,2212,N,VIIRS,n,2,290.77,0.53,N,2
36.01913,43.68468,307.21,0.35,0.57,2024-10-01,2212,N,VIIRS,n,2,291.17,1.53,N,2
36.01939,43.68061,329.03,0.35,0.57,2024-10-01,2212,N,VIIRS,n,2,291.87,1.53,N,2
36.09748,43.63118,311.67,0.36,0.57,2024-10-01,2212,N,VIIRS,n,2,288.65,0.81,N,0
36.10109,43.62981,309.0,0.36,0.57,2024-10-01,2212,N,VIIRS,n,2,289.12,0.63,N,0
36.35317,42.07669,304.68,0.44,0.62,2024-10-01,2212,N,VIIRS,n,2,291.86,1.64,N,0
36.44021,42.92988,313.25,0.39,0.59,2024-10-01,2212,N,VIIRS,n,2,292.48,1.15,N,2
36.44585,43.75309,319.33,0.35,0.57,2024-10-01,2212,N,VIIRS,n,2,289.75,1.41,N,0
36.44608,43.74929,304.96,0.35,0.57,2024-10-01,2212,N,VIIRS,n,2,288.98,1.48,N,0
36.45836,41.27974,298.27,0.48,0.65,2024-10-01,2212,N,VIIRS,n,2,286.56,0.64,N,2
36.53053,43.56094,308.25,0.36,0.58,2024-10-01,2212,N,VIIRS,n,2,287.46,0.82,N,0
36.53341,43.55899,304.88,0.36,0.58,2024-10-01,2212,N,VIIRS,n,2,284.95,1.26,N,0
36.74206,43.04463,305.99,0.39,0.59,2024-10-01,2212,N,VIIRS,n,2,287.67,0.91,N,0
36.77584,43.3246,351.69,0.38,0.58,2024-10-01,2212,N,VIIRS,n,2,291.45,5.0,N,2
36.87749,42.86418,298.21,0.4,0.6,2024-10-01,2212,N,VIIRS,n,2,286.59,0.52,N,0
36.91377,41.89614,310.71,0.45,0.63,2024-10-01,2212,N,VIIRS,n,2,287.87,1.15,N,2
36.93607,42.13224,316.88,0.44,0.62,2024-10-01,2212,N,VIIRS,n,2,288.16,2.23,N,2
36.93722,42.13211,316.95,0.44,0.62,2024-10-01,2212,N,VIIRS,n,2,288.67,1.8,N,2
36.94004,42.17254,307.86,0.44,0.62,2024-10-01,2212,N,VIIRS,n,2,287.82,1.4,N,2
36.94095,42.17237,312.78,0.44,0.62,2024-10-01,2212,N,VIIRS,n,2,288.44,1.18,N,2
36.94772,42.13323,310.54,0.44,0.62,2024-10-01,2212,N,VIIRS,n,2,288.5,1.26,N,2
36.94796,42.12823,308.93,0.44,0.62,2024-10-01,2212,N,VIIRS,n,2,288.4,1.26,N,2
36.9618,42.08261,302.47,0.44,0.62,2024-10-01,2212,N,VIIRS,n,2,287.64,0.93,N,2
37.05363,42.35043,299.51,0.43,0.62,2024-10-01,2212,N,VIIRS,n,2,288.37,0.69,N,0
37.05386,42.34566,306.26,0.43,0.62,2024-10-01,2212,N,VIIRS,n,2,288.38,0.69,N,0
37.05961,42.34651,299.42,0.43,0.62,2024-10-01,2212,N,VIIRS,n,2,288.33,0.69,N,0
37.07294,41.94072,299.42,0.45,0.63,2024-10-01,2212,N,VIIRS,n,2,286.07,0.55,N,0
37.07762,42.55838,315.68,0.42,0.61,2024-10-01,2212,N,VIIRS,n,2,290.08,2.13,N,2
37.07788,42.55341,300.88,0.42,0.61,2024-10-01,2212,N,VIIRS,n,2,289.21,2.14,N,2
37.08521,41.93114,299.53,0.45,0.63,2024-10-01,2212,N,VIIRS,n,2,285.84,0.34,N,0
37.12874,42.24171,297.61,0.43,0.62,2024-10-01,2212,N,VIIRS,n,2,287.48,0.17,N,0
37.14388,41.69167,312.88,0.47,0.64,2024-10-01,2212,N,VIIRS,n,2,285.81,1.43,N,0
37.14596,41.69159,308.42,0.47,0.64,2024-10-01,2212,N,VIIRS,n,2,286.09,1.67,N,0
37.19226,41.72937,296.4,0.46,0.64,2024-10-01,2212,N,VIIRS,n,2,285.15,0.43,N,0
37.19822,41.72984,307.13,0.46,0.64,2024-10-01,2212,N,VIIRS,n,2,285.51,1.16,N,0
37.19846,41.72432,297.13,0.46,0.64,2024-10-01,2212,N,VIIRS,n,2,284.89,1.16,N,0
37.2375,42.377,301.69,0.43,0.62,2024-10-01,2212,N,VIIRS,n,2,287.59,0.96,N,0
37.243,42.38234,302.08,0.43,0.62,2024-10-01,2212,N,VIIRS,n,2,287.47,0.96,N,0
37.27862,38.72942,295.05,0.68,0.74,2024-10-01,2212,N,VIIRS,n,2,284.67,0.7,N,2
35.52724,44.34481,337.51,0.59,0.7,2024-10-01,2352,N,VIIRS,n,2,289.9,4.1,N,2
35.52824,44.34435,336.72,0.59,0.7,2024-10-01,2352,N,VIIRS,n,2,289.87,5.88,N,2
35.52904,44.33864,339.37,0.59,0.7,2024-10-01,2352,N,VIIRS,n,2,289.86,4.1,N,2
35.53008,44.33819,337.42,0.59,0.7,2024-10-01,2352,N,VIIRS,n,2,290.01,3.28,N,2
35.53526,44.34119,311.31,0.59,0.7,2024-10-01,2352,N,VIIRS,n,2,289.34,4.1,N,2
35.5363,44.34072,306.08,0.59,0.7,2024-10-01,2352,N,VIIRS,n,2,289.1,3.28,N,2
35.5371,44.33488,299.91,0.59,0.7,2024-10-01,2352,N,VIIRS,n,2,289.01,4.28,N,2
35.53818,44.33442,299.71,0.58,0.7,2024-10-01,2352,N,VIIRS,n,2,288.99,3.28,N,2
35.56714,44.28384,319.02,0.58,0.7,2024-10-01,2352,N,VIIRS,n,2,289.34,2.11,N,2
35.62516,44.00749,304.98,0.56,0.69,2024-10-01,2352,N,VIIRS,n,2,288.9,6.28,N,2
35.62788,44.00827,367.0,0.56,0.69,2024-10-01,2352,N,VIIRS,h,2,292.9,5.0,N,2
35.62963,44.00237,299.38,0.56,0.69,2024-10-01,2352,N,VIIRS,n,2,289.19,5.0,N,2
35.63117,44.01036,367.0,0.56,0.69,2024-10-01,2352,N,VIIRS,h,2,294.25,6.28,N,2
35.6339,44.0111,299.97,0.56,0.69,2024-10-01,2352,N,VIIRS,n,2,289.68,5.0,N,0
35.66029,43.96784,322.01,0.56,0.68,2024-10-01,2352,N,VIIRS,n,2,290.14,4.08,N,2
35.66206,43.9618,334.74,0.56,0.68,2024-10-01,2352,N,VIIRS,n,2,290.4,4.08,N,2
35.68036,43.87607,299.75,0.55,0.68,2024-10-01,2352,N,VIIRS,n,2,288.81,7.93,N,2
35.68467,43.88454,300.24,0.55,0.68,2024-10-01,2352,N,VIIRS,n,2,288.76,7.93,N,2
35.6864,43.87861,355.11,0.55,0.68,2024-10-01,2352,N,VIIRS,n,2,292.77,7.93,N,2
35.68816,43.87262,321.83,0.55,0.68,2024-10-01,2352,N,VIIRS,n,2,289.13,20.97,N,2
35.7209,44.04122,301.69,0.56,0.69,2024-10-01,2352,N,VIIRS,n,2,288.62,0.81,N,2
35.72201,44.04461,299.61,0.56,0.69,2024-10-01,2352,N,VIIRS,n,2,289.04,2.35,N,2
35.72377,44.03864,332.26,0.56,0.69,2024-10-01,2352,N,VIIRS,n,2,289.82,2.35,N,2
35.72704,44.04362,331.15,0.56,0.69,2024-10-01,2352,N,VIIRS,n,2,289.63,3.7,N,2
35.7288,44.03751,301.89,0.56,0.69,2024-10-01,2352,N,VIIRS,n,2,288.88,2.2,N,2
35.72994,44.04095,300.31,0.56,0.69,2024-10-01,2352,N,VIIRS,n,2,288.84,0.74,N,2
35.73051,44.03159,306.76,0.56,0.69,2024-10-01,2352,N,VIIRS,n,2,289.17,2.2,N,2
35.73172,44.03491,302.91,0.56,0.69,2024-10-01,2352,N,VIIRS,n,2,289.02,1.13,N,2
35.77018,43.99702,301.18,0.55,0.68,2024-10-01,2352,N,VIIRS,n,2,288.42,1.38,N,2
35.81284,43.25633,302.32,0.51,0.66,2024-10-01,2352,N,VIIRS,n,2,290.31,0.8,N,2
36.11185,40.80816,296.58,0.37,0.58,2024-10-01,2352,N,VIIRS,n,2,285.76,1.43,N,0
36.14278,40.82077,298.76,0.37,0.58,2024-10-01,2352,N,VIIRS,n,2,287.59,2.12,N,2
36.1438,40.81682,320.98,0.37,0.58,2024-10-01,2352,N,VIIRS,n,2,288.6,2.97,N,2
36.14627,40.81781,311.34,0.37,0.58,2024-10-01,2352,N,VIIRS,n,2,287.96,2.5,N,2
36.34998,42.07687,302.51,0.43,0.62,2024-10-01,2352,N,VIIRS,n,2,291.15,0.58,N,2
36.44405,42.93242,308.47,0.47,0.64,2024-10-01,2352,N,VIIRS,n,2,290.99,1.1,N,2
36.63422,43.35646,296.68,0.49,0.65,2024-10-01,2352,N,VIIRS,n,2,283.87,0.48,N,0
36.65453,43.3532,301.95,0.49,0.65,2024-10-01,2352,N,VIIRS,n,2,285.44,1.28,N,0
36.6726,43.08635,299.58,0.47,0.64,2024-10-01,2352,N,VIIRS,n,2,288.76,0.33,N,0
36.67539,42.99601,306.4,0.47,0.64,2024-10-01,2352,N,VIIRS,n,2,288.95,0.87,N,0
36.67549,43.08694,299.67,0.47,0.64,2024-10-01,2352,N,VIIRS,n,2,288.69,0.46,N,0
36.67867,42.99795,301.09,0.47,0.64,2024-10-01,2352,N,VIIRS,n,2,288.52,0.58,N,0
36.69571,36.20695,313.49,0.41,0.45,2024-10-01,2352,N,VIIRS,n,2,292.44,1.79,N,2
36.69813,36.20626,308.55,0.41,0.45,2024-10-01,2352,N,VIIRS,n,2,291.68,1.51,N,2
36.71707,43.48321,303.44,0.49,0.65,2024-10-01,2352,N,VIIRS,n,2,285.38,1.17,N,0
36.72433,36.20553,311.6,0.41,0.45,2024-10-01,2352,N,VIIRS,n,2,291.1,1.58,N,2
36.73145,36.21267,316.05,0.41,0.45,2024-10-01,2352,N,VIIRS,n,2,293.33,3.29,N,2
36.74126,43.0457,304.86,0.47,0.64,2024-10-01,2352,N,VIIRS,n,2,288.62,1.25,N,0
36.74431,43.50151,299.76,0.49,0.65,2024-10-01,2352,N,VIIRS,n,2,287.13,1.25,N,0
36.74651,36.20325,319.47,0.41,0.45,2024-10-01,2352,N,VIIRS,n,2,291.76,1.35,N,2
36.77424,43.32757,309.68,0.48,0.65,2024-10-01,2352,N,VIIRS,n,2,288.34,4.33,N,2
36.77574,43.32229,341.31,0.48,0.65,2024-10-01,2352,N,VIIRS,n,2,289.9,7.66,N,2
36.78624,43.10497,297.47,0.47,0.64,2024-10-01,2352,N,VIIRS,n,2,286.79,0.26,N,0
36.82684,42.91953,302.49,0.46,0.63,2024-10-01,2352,N,VIIRS,n,2,286.97,1.54,N,0
36.83152,42.9227,306.15,0.46,0.63,2024-10-01,2352,N,VIIRS,n,2,286.56,1.41,N,0
36.83247,42.92186,313.02,0.46,0.63,2024-10-01,2352,N,VIIRS,n,2,287.1,1.54,N,0
36.83288,42.91789,303.85,0.46,0.63,2024-10-01,2352,N,VIIRS,n,2,287.1,2.02,N,0
36.86821,43.49014,312.3,0.49,0.65,2024-10-01,2352,N,VIIRS,n,2,279.44,1.48,N,2
36.86962,34.7617,301.53,0.52,0.42,2024-10-01,2352,N,VIIRS,n,2,290.0,1.1,N,2
36.87205,43.49007,303.51,0.49,0.65,2024-10-01,2352,N,VIIRS,n,2,284.29,1.99,N,2
36.89067,43.43478,298.28,0.49,0.65,2024-10-01,2352,N,VIIRS,n,2,283.11,1.35,N,2
36.89239,43.42884,310.19,0.48,0.65,2024-10-01,2352,N,VIIRS,n,2,281.11,1.35,N,2
36.89483,43.43216,300.99,0.49,0.65,2024-10-01,2352,N,VIIRS,n,2,282.83,0.67,N,2
36.9031,43.39168,302.93,0.48,0.65,2024-10-01,2352,N,VIIRS,n,2,284.99,2.68,N,2
36.90551,43.39426,324.95,0.48,0.65,2024-10-01,2352,N,VIIRS,n,2,285.59,2.66,N,2
36.90707,43.38871,302.9,0.48,0.65,2024-10-01,2352,N,VIIRS,n,2,284.54,2.66,N,2
36.90886,43.39401,328.69,0.48,0.65,2024-10-01,2352,N,VIIRS,n,2,286.52,2.68,N,2
36.93336,42.13125,308.17,0.41,0.61,2024-10-01,2352,N,VIIRS,n,2,285.66,1.29,N,2
36.93625,42.13102,324.97,0.41,0.61,2024-10-01,2352,N,VIIRS,n,2,286.73,2.59,N,2
36.93866,42.12201,299.14,0.41,0.61,2024-10-01,2352,N,VIIRS,n,2,285.9,0.44,N,2
36.93876,42.13349,319.74,0.41,0.61,2024-10-01,2352,N,VIIRS,n,2,287.25,1.29,N,2
36.9407,42.17033,317.31,0.42,0.61,2024-10-01,2352,N,VIIRS,n,2,286.79,1.75,N,2
36.94539,42.13123,320.49,0.41,0.61,2024-10-01,2352,N,VIIRS,n,2,286.62,3.58,N,2
36.96413,42.08466,304.5,0.41,0.61,2024-10-01,2352,N,VIIRS,n,2,286.37,0.99,N,2
36.96535,42.0802,297.42,0.41,0.61,2024-10-01,2352,N,VIIRS,n,2,286.52,0.96,N,2
37.02147,36.11161,301.77,0.4,0.44,2024-10-01,2352,N,VIIRS,n,2,289.3,0.91,N,2
37.07601,42.5584,313.89,0.43,0.62,2024-10-01,2352,N,VIIRS,n,2,286.63,1.05,N,2
37.0821,42.55854,299.2,0.43,0.62,2024-10-01,2352,N,VIIRS,n,2,287.12,1.05,N,2
37.35344,37.16162,298.72,0.45,0.47,2024-10-01,2352,N,VIIRS,n,2,287.06,0.89,N,2
37.50497,38.19568,295.93,0.5,0.49,2024-10-01,2352,N,VIIRS,n,2,283.48,0.59,N,0
37.68545,40.63123,299.66,0.33,0.55,2024-10-01,2352,N,VIIRS,n,2,284.19,0.54,N,0
37.6867,38.77414,307.37,0.53,0.5,2024-10-01,2352,N,VIIRS,n,2,284.63,0.9,N,0
37.71149,38.5484,298.68,0.52,0.5,2024-10-01,2352,N,VIIRS,n,2,283.23,1.0,N,0
37.71253,38.54504,318.67,0.51,0.5,2024-10-01,2352,N,VIIRS,n,2,283.94,2.6,N,0
37.71281,38.54277,312.77,0.52,0.5,2024-10-01,2352,N,VIIRS,n,2,284.6,2.07,N,0
37.71766,38.08443,302.87,0.49,0.48,2024-10-01,2352,N,VIIRS,n,2,282.05,0.88,N,0
37.71968,38.08588,310.01,0.49,0.48,2024-10-01,2352,N,VIIRS,n,2,283.41,1.49,N,0
37.76282,38.47577,299.2,0.51,0.49,2024-10-01,2352,N,VIIRS,n,2,284.69,0.7,N,0
37.76869,29.24248,297.6,0.39,0.36,2024-10-01,2352,N,VIIRS,n,2,281.49,0.25,N,0
37.86413,29.37171,303.13,0.38,0.36,2024-10-01,2352,N,VIIRS,n,2,283.61,0.78,N,2
37.8864,28.34344,298.59,0.39,0.36,2024-10-01,2352,N,VIIRS,n,2,283.52,0.38,N,0
37.91483,41.18686,304.5,0.35,0.57,2024-10-01,2352,N,VIIRS,n,2,285.72,0.67,N,0
37.92725,40.72819,299.38,0.33,0.55,2024-10-01,2352,N,VIIRS,n,2,283.76,0.68,N,0
37.93509,40.96005,307.96,0.34,0.56,2024-10-01,2352,N,VIIRS,n,2,284.71,1.08,N,0
37.94002,40.96224,313.75,0.34,0.56,2024-10-01,2352,N,VIIRS,n,2,285.39,1.09,N,0
37.94583,40.74051,301.01,0.33,0.55,2024-10-01,2352,N,VIIRS,n,2,285.11,0.59,N,0
37.9542,40.84433,295.41,0.33,0.56,2024-10-01,2352,N,VIIRS,n,2,283.55,0.46,N,0
37.95453,40.74902,295.09,0.33,0.55,2024-10-01,2352,N,VIIRS,n,2,284.52,0.35,N,0
37.95731,40.8534,297.81,0.33,0.56,2024-10-01,2352,N,VIIRS,n,2,283.78,3.02,N,0
37.95908,40.99487,317.39,0.34,0.56,2024-10-01,2352,N,VIIRS,n,2,286.0,1.09,N,0
37.9592,40.84612,349.09,0.33,0.56,2024-10-01,2352,N,VIIRS,n,2,285.72,2.11,N,0
37.96005,40.99113,304.52,0.34,0.56,2024-10-01,2352,N,VIIRS,n,2,284.46,1.09,N,0
37.96014,40.8425,311.88,0.33,0.56,2024-10-01,2352,N,VIIRS,n,2,283.76,2.11,N,0
37.96134,40.85895,315.13,0.33,0.56,2024-10-01,2352,N,VIIRS,n,2,284.15,2.43,N,0
37.96231,40.8552,333.45,0.33,0.56,2024-10-01,2352,N,VIIRS,n,2,285.8,3.02,N,0
37.96421,40.84787,329.94,0.33,0.56,2024-10-01,2352,N,VIIRS,n,2,284.76,2.11,N,0
37.96513,40.84429,296.19,0.33,0.56,2024-10-01,2352,N,VIIRS,n,2,282.99,2.11,N,0
37.97472,40.97692,311.49,0.34,0.56,2024-10-01,2352,N,VIIRS,n,2,284.62,0.74,N,0
37.97565,40.97333,299.29,0.34,0.56,2024-10-01,2352,N,VIIRS,n,2,284.68,0.74,N,0
37.97902,40.54581,297.97,0.32,0.55,2024-10-01,2352,N,VIIRS,n,2,283.21,0.31,N,0
37.98369,40.94207,330.08,0.34,0.56,2024-10-01,2352,N,VIIRS,n,2,284.79,2.77,N,0
37.98391,40.54771,301.49,0.32,0.55,2024-10-01,2352,N,VIIRS,n,2,283.3,0.31,N,0
37.98466,40.93832,300.96,0.34,0.56,2024-10-01,2352,N,VIIRS,n,2,284.0,2.22,N,0
37.98933,41.02713,302.98,0.34,0.56,2024-10-01,2352,N,VIIRS,n,2,283.95,0.43,N,0
37.99082,41.02849,306.49,0.34,0.56,2024-10-01,2352,N,VIIRS,n,2,284.19,0.51,N,0
37.99183,41.02465,296.57,0.34,0.56,2024-10-01,2352,N,VIIRS,n,2,283.72,0.81,N,0
37.99332,41.03306,296.51,0.34,0.56,2024-10-01,2352,N,VIIRS,n,2,284.37,0.43,N,0
37.99405,41.00873,307.72,0.34,0.56,2024-10-01,2352,N,VIIRS,n,2,285.67,1.98,N,0
37.99431,41.02918,297.79,0.34,0.56,2024-10-01,2352,N,VIIRS,n,2,283.93,0.43,N,0
37.99495,41.0052,337.77,0.34,0.56,2024-10-01,2352,N,VIIRS,n,2,286.63,1.98,N,0
37.9958,41.03054,295.6,0.34,0.56,2024-10-01,2352,N,VIIRS,n,2,283.8,0.51,N,0
37.99656,41.00661,339.85,0.34,0.56,2024-10-01,2352,N,VIIRS,n,2,286.92,3.2,N,0
38.00208,41.02033,297.08,0.34,0.56,2024-10-01,2352,N,VIIRS,n,2,284.78,0.48,N,0
38.00665,41.05231,325.18,0.34,0.56,2024-10-01,2352,N,VIIRS,n,2,285.4,1.52,N,0
38.00768,41.04837,324.66,0.34,0.56,2024-10-01,2352,N,VIIRS,n,2,285.94,2.26,N,0
38.01166,41.05426,297.08,0.34,0.56,2024-10-01,2352,N,VIIRS,n,2,284.48,1.52,N,0
38.01269,41.05033,300.98,0.34,0.56,2024-10-01,2352,N,VIIRS,n,2,284.36,2.26,N,0
38.02926,40.98689,304.02,0.34,0.56,2024-10-01,2352,N,VIIRS,n,2,284.37,1.51,N,0
38.02948,40.30351,309.79,0.62,0.54,2024-10-01,2352,N,VIIRS,n,2,283.63,2.07,N,0
38.03019,40.98334,324.97,0.34,0.56,2024-10-01,2352,N,VIIRS,n,2,284.57,2.65,N,0
38.03423,40.98892,298.09,0.34,0.56,2024-10-01,2352,N,VIIRS,n,2,283.99,0.94,N,0
38.03517,40.98531,321.65,0.34,0.56,2024-10-01,2352,N,VIIRS,n,2,284.78,1.84,N,0
38.03715,40.46358,300.37,0.32,0.54,2024-10-01,2352,N,VIIRS,n,2,283.37,1.1,N,0
38.04441,41.01323,296.25,0.34,0.56,2024-10-01,2352,N,VIIRS,n,2,284.35,0.57,N,0
38.05578,40.92714,320.98,0.34,0.56,2024-10-01,2352,N,VIIRS,n,2,285.24,2.57,N,0
38.05736,40.89999,303.7,0.33,0.56,2024-10-01,2352,N,VIIRS,n,2,283.89,0.74,N,0
38.05992,40.97463,296.58,0.34,0.56,2024-10-01,2352,N,VIIRS,n,2,283.65,0.45,N,0
38.06094,40.97068,306.05,0.34,0.56,2024-10-01,2352,N,VIIRS,n,2,284.74,0.78,N,0
38.06174,40.9253,295.33,0.34,0.56,2024-10-01,2352,N,VIIRS,n,2,283.2,0.23,N,0
38.06198,40.96668,305.45,0.34,0.56,2024-10-01,2352,N,VIIRS,n,2,283.76,0.78,N,0
38.06247,40.77546,317.91,0.33,0.55,2024-10-01,2352,N,VIIRS,n,2,284.07,0.77,N,0
38.0634,40.77185,295.32,0.33,0.55,2024-10-01,2352,N,VIIRS,n,2,282.97,0.77,N,0
38.06351,40.77899,303.07,0.33,0.55,2024-10-01,2352,N,VIIRS,n,2,283.51,0.74,N,0
38.06444,40.77531,301.51,0.33,0.55,2024-10-01,2352,N,VIIRS,n,2,283.4,0.97,N,0
38.06978,40.29028,313.3,0.62,0.54,2024-10-01,2352,N,VIIRS,n,2,283.92,1.56,N,0
38.07024,40.28957,315.71,0.62,0.54,2024-10-01,2352,N,VIIRS,n,2,283.9,2.86,N,0
38.08103,40.64576,300.58,0.32,0.55,2024-10-01,2352,N,VIIRS,n,2,284.48,0.49,N,0
38.08669,40.9559,299.4,0.34,0.56,2024-10-01,2352,N,VIIRS,n,2,283.75,0.62,N,0
38.09497,40.7968,303.6,0.33,0.55,2024-10-01,2352,N,VIIRS,n,2,284.42,0.56,N,0
38.10007,41.05338,302.68,0.34,0.56,2024-10-01,2352,N,VIIRS,n,2,284.37,0.65,N,0
38.10059,41.05614,300.06,0.34,0.56,2024-10-01,2352,N,VIIRS,n,2,284.83,0.44,N,0
38.10159,41.05234,296.66,0.34,0.56,2024-10-01,2352,N,VIIRS,n,2,284.29,0.55,N,0
38.12143,40.95574,299.0,0.34,0.56,2024-10-01,2352,N,VIIRS,n,2,284.41,1.75,N,0
38.12336,40.96228,341.13,0.34,0.56,2024-10-01,2352,N,VIIRS,n,2,287.29,2.45,N,0
38.12432,40.9585,317.97,0.34,0.56,2024-10-01,2352,N,VIIRS,n,2,285.8,2.45,N,0
38.1244,40.96534,300.53,0.34,0.56,2024-10-01,2352,N,VIIRS,n,2,285.34,1.56,N,0
38.12539,40.96157,341.08,0.34,0.56,2024-10-01,2352,N,VIIRS,n,2,287.48,1.75,N,0
38.12636,40.95785,311.16,0.34,0.56,2024-10-01,2352,N,VIIRS,n,2,285.49,1.75,N,0
38.12834,40.9642,298.87,0.34,0.56,2024-10-01,2352,N,VIIRS,n,2,285.04,0.41,N,0
38.12928,40.9605,295.38,0.34,0.56,2024-10-01,2352,N,VIIRS,n,2,284.47,0.41,N,0
38.13917,40.95076,299.39,0.33,0.56,2024-10-01,2352,N,VIIRS,n,2,284.1,0.49,N,0
38.14414,40.95268,304.73,0.33,0.56,2024-10-01,2352,N,VIIRS,n,2,284.39,0.55,N,0
38.17273,40.84277,309.95,0.33,0.55,2024-10-01,2352,N,VIIRS,n,2,285.49,1.01,N,0
38.17368,40.83911,303.85,0.33,0.55,2024-10-01,2352,N,VIIRS,n,2,284.98,1.01,N,0
38.17799,40.75978,305.48,0.33,0.55,2024-10-01,2352,N,VIIRS,n,2,284.42,0.73,N,0
38.17977,40.76167,296.54,0.33,0.55,2024-10-01,2352,N,VIIRS,n,2,284.53,1.22,N,0
38.18066,40.75815,322.04,0.33,0.55,2024-10-01,2352,N,VIIRS,n,2,285.46,2.18,N,0
38.18293,40.76163,302.91,0.33,0.55,2024-10-01,2352,N,VIIRS,n,2,284.49,0.68,N,0
38.18384,40.75811,298.8,0.33,0.55,2024-10-01,2352,N,VIIRS,n,2,284.78,0.8,N,0
38.18702,40.66911,295.67,0.32,0.55,2024-10-01,2352,N,VIIRS,n,2,283.97,0.34,N,0
38.19872,40.78426,326.04,0.33,0.55,2024-10-01,2352,N,VIIRS,n,2,285.3,1.97,N,0
38.19968,40.78057,326.67,0.33,0.55,2024-10-01,2352,N,VIIRS,n,2,284.95,3.65,N,0
38.2037,40.78599,302.37,0.33,0.55,2024-10-01,2352,N,VIIRS,n,2,285.13,1.97,N,0
38.42674,27.21584,308.5,0.42,0.38,2024-10-01,2352,N,VIIRS,n,2,288.61,1.22,N,2
38.4561,27.26173,299.13,0.42,0.38,2024-10-01,2352,N,VIIRS,n,2,288.15,0.74,N,2
38.63224,27.23956,307.21,0.42,0.38,2024-10-01,2352,N,VIIRS,n,2,284.15,1.08,N,0
38.73892,26.94498,312.53,0.43,0.38,2024-10-01,2352,N,VIIRS,n,2,290.78,1.05,N,2
38.73965,26.94189,307.19,0.43,0.38,2024-10-01,2352,N,VIIRS,n,2,288.22,1.7,N,2
38.74088,26.93011,311.49,0.43,0.38,2024-10-01,2352,N,VIIRS,n,2,289.66,1.7,N,2
38.74092,26.93196,306.97,0.43,0.38,2024-10-01,2352,N,VIIRS,n,2,286.79,0.8,N,2
38.74177,26.95064,298.71,0.43,0.38,2024-10-01,2352,N,VIIRS,n,2,288.56,1.05,N,2
38.74188,26.95248,297.39,0.43,0.38,2024-10-01,2352,N,VIIRS,n,2,287.38,0.53,N,2
39.11293,27.52402,295.84,0.42,0.37,2024-10-01,2352,N,VIIRS,n,2,284.04,0.32,N,0
39.11422,27.51423,297.29,0.42,0.37,2024-10-01,2352,N,VIIRS,n,2,284.93,0.94,N,0
39.16936,27.63043,310.09,0.41,0.37,2024-10-01,2352,N,VIIRS,n,2,287.29,1.42,N,2
39.18355,27.49901,300.82,0.42,0.38,2024-10-01,2352,N,VIIRS,n,2,285.01,0.74,N,2
39.4864,30.04058,299.47,0.38,0.36,2024-10-01,2352,N,VIIRS,n,2,281.94,0.82,N,2
39.8639,26.24242,295.01,0.47,0.39,2024-10-01,2352,N,VIIRS,n,2,284.17,0.51,N,2
39.86753,26.24314,312.39,0.47,0.39,2024-10-01,2352,N,VIIRS,n,2,286.86,1.67,N,2
41.02182,28.55722,313.19,0.41,0.37,2024-10-01,2352,N,VIIRS,n,2,286.55,1.27,N,2
36.26273,33.72799,304.9,0.48,0.4,2024-10-01,2353,N,VIIRS,n,2,290.2,1.34,N,2
35.52346,44.3454,341.25,0.46,0.47,2024-10-02,932,N,VIIRS,n,2,309.99,4.65,D,2
35.5277,44.34405,352.06,0.46,0.47,2024-10-02,932,N,VIIRS,n,2,308.76,4.65,D,2
35.53083,44.33767,342.64,0.46,0.47,2024-10-02,932,N,VIIRS,n,2,307.72,4.56,D,2
35.53194,44.34268,342.63,0.46,0.47,2024-10-02,932,N,VIIRS,n,2,308.97,4.56,D,2
35.53508,44.33635,342.92,0.46,0.47,2024-10-02,932,N,VIIRS,n,2,307.27,4.56,D,2
35.61699,43.65085,344.05,0.49,0.49,2024-10-02,932,N,VIIRS,n,2,305.39,6.75,D,0
35.62408,43.61953,344.15,0.5,0.49,2024-10-02,932,N,VIIRS,n,2,305.32,4.87,D,0
35.62872,44.00936,354.82,0.47,0.48,2024-10-02,932,N,VIIRS,n,2,311.19,20.46,D,2
35.62969,43.62345,351.36,0.5,0.49,2024-10-02,932,N,VIIRS,n,2,305.6,21.1,D,0
35.65957,43.96469,343.36,0.48,0.48,2024-10-02,932,N,VIIRS,n,2,309.82,7.05,D,2
35.66389,43.96331,340.96,0.48,0.48,2024-10-02,932,N,VIIRS,n,2,306.54,7.05,D,2
35.68222,43.87926,339.54,0.48,0.48,2024-10-02,932,N,VIIRS,n,2,304.58,2.84,D,2
35.68655,43.87786,346.66,0.48,0.48,2024-10-02,932,N,VIIRS,n,2,309.03,39.49,D,2
35.71129,44.40901,345.72,0.45,0.47,2024-10-02,932,N,VIIRS,n,2,308.51,8.84,D,0
35.71238,44.41401,367.0,0.45,0.47,2024-10-02,932,N,VIIRS,h,2,311.98,8.84,D,0
35.72317,44.04317,344.33,0.47,0.48,2024-10-02,932,N,VIIRS,n,2,308.17,8.27,D,2
35.80238,43.72149,338.05,0.49,0.48,2024-10-02,932,N,VIIRS,n,2,305.03,2.44,D,0
35.90104,43.74497,342.56,0.48,0.48,2024-10-02,932,N,VIIRS,n,2,304.16,7.07,D,0
35.90384,43.74133,356.43,0.48,0.48,2024-10-02,932,N,VIIRS,n,2,307.24,12.99,D,0
35.9225,44.0913,337.03,0.46,0.47,2024-10-02,932,N,VIIRS,n,2,302.32,4.02,D,0
35.92362,44.09637,341.87,0.46,0.47,2024-10-02,932,N,VIIRS,n,2,302.55,4.02,D,0
35.92452,43.79127,336.64,0.48,0.48,2024-10-02,932,N,VIIRS,n,2,304.73,2.45,D,2
35.95074,43.80452,337.59,0.48,0.48,2024-10-02,932,N,VIIRS,n,2,302.44,3.67,D,0
36.00433,43.62738,336.59,0.49,0.48,2024-10-02,932,N,VIIRS,n,2,306.48,4.14,D,0
36.09268,43.92516,338.63,0.47,0.48,2024-10-02,932,N,VIIRS,n,2,307.19,5.13,D,0
36.11696,44.24585,339.91,0.45,0.47,2024-10-02,932,N,VIIRS,n,2,302.65,5.09,D,0
36.14811,43.69936,342.36,0.48,0.48,2024-10-02,932,N,VIIRS,n,2,303.09,5.48,D,0
36.1493,43.7046,343.08,0.48,0.48,2024-10-02,932,N,VIIRS,n,2,303.0,8.06,D,0
36.24856,44.12755,341.94,0.45,0.47,2024-10-02,932,N,VIIRS,n,2,302.03,7.08,D,0
36.35252,43.68662,349.06,0.47,0.48,2024-10-02,932,N,VIIRS,n,2,305.82,5.26,D,0
36.41965,43.39386,349.9,0.49,0.49,2024-10-02,932,N,VIIRS,n,2,305.4,5.76,D,0
36.42323,43.45073,343.33,0.49,0.48,2024-10-02,932,N,VIIRS,n,2,304.4,4.17,D,0
36.47262,43.77047,344.08,0.47,0.48,2024-10-02,932,N,VIIRS,n,2,303.48,18.02,D,0
36.4733,43.77335,343.28,0.47,0.48,2024-10-02,932,N,VIIRS,n,2,304.04,17.36,D,0
36.49107,43.79114,342.86,0.47,0.47,2024-10-02,932,N,VIIRS,n,2,303.26,4.57,D,0
36.49531,43.78961,340.52,0.47,0.47,2024-10-02,932,N,VIIRS,n,2,302.04,5.52,D,0
36.5049,43.3428,333.15,0.49,0.49,2024-10-02,932,N,VIIRS,n,2,299.74,2.6,D,0
36.55966,43.20994,346.57,0.5,0.49,2024-10-02,932,N,VIIRS,n,2,306.84,10.01,D,0
36.56042,43.20697,342.33,0.5,0.49,2024-10-02,932,N,VIIRS,n,2,305.96,3.91,D,0
36.56169,43.21244,344.7,0.5,0.49,2024-10-02,932,N,VIIRS,n,2,306.1,5.77,D,0
36.56271,42.06818,342.53,0.57,0.52,2024-10-02,932,N,VIIRS,n,2,304.61,5.32,D,0
36.63894,43.34362,339.36,0.49,0.48,2024-10-02,932,N,VIIRS,n,2,304.13,4.01,D,0
36.64138,43.35434,334.1,0.49,0.48,2024-10-02,932,N,VIIRS,n,2,303.4,5.43,D,0
36.67936,42.97282,339.43,0.51,0.49,2024-10-02,932,N,VIIRS,n,2,305.43,6.65,D,0
36.68381,42.97137,351.56,0.51,0.49,2024-10-02,932,N,VIIRS,n,2,307.17,6.65,D,0
36.68511,42.97701,343.43,0.51,0.49,2024-10-02,932,N,VIIRS,n,2,305.8,6.65,D,0
36.7458,42.18036,342.41,0.56,0.51,2024-10-02,932,N,VIIRS,n,2,303.62,3.64,D,0
36.77431,43.32744,342.21,0.49,0.48,2024-10-02,932,N,VIIRS,n,2,303.41,5.59,D,2
36.82101,41.52259,343.42,0.6,0.53,2024-10-02,932,N,VIIRS,n,2,306.31,6.68,D,0
36.8518,42.71869,338.15,0.52,0.5,2024-10-02,932,N,VIIRS,n,2,307.84,3.71,D,0
36.90775,43.38919,334.98,0.48,0.48,2024-10-02,932,N,VIIRS,n,2,291.46,7.27,D,2
36.91754,42.46326,343.44,0.53,0.5,2024-10-02,932,N,VIIRS,n,2,309.93,4.98,D,0
36.94638,42.13337,337.16,0.55,0.51,2024-10-02,932,N,VIIRS,n,2,308.5,4.05,D,2
36.82242,41.52049,343.02,0.6,0.53,2024-10-02,933,N,VIIRS,n,2,306.23,4.09,D,0
36.8687,37.26432,340.03,0.5,0.66,2024-10-02,933,N,VIIRS,n,2,301.56,3.64,D,0
36.92976,38.27908,334.8,0.44,0.62,2024-10-02,933,N,VIIRS,n,2,302.09,3.04,D,0
36.96601,40.46022,340.58,0.34,0.56,2024-10-02,933,N,VIIRS,n,2,304.49,2.66,D,0
36.97422,40.36222,367.0,0.34,0.56,2024-10-02,933,N,VIIRS,h,2,306.51,6.09,D,0
36.97441,40.42836,339.21,0.34,0.56,2024-10-02,933,N,VIIRS,n,2,303.34,2.66,D,0
36.98228,39.67794,344.34,0.37,0.58,2024-10-02,933,N,VIIRS,n,2,302.3,4.3,D,0
36.98336,39.68205,346.53,0.37,0.58,2024-10-02,933,N,VIIRS,n,2,302.87,7.73,D,0
37.04533,39.53799,367.0,0.38,0.59,2024-10-02,933,N,VIIRS,h,2,311.44,21.89,D,0
37.0464,39.54206,337.88,0.38,0.59,2024-10-02,933,N,VIIRS,n,2,301.31,15.59,D,0
37.05622,40.39976,333.69,0.34,0.56,2024-10-02,933,N,VIIRS,n,2,302.11,2.08,D,0
37.13423,36.03699,328.02,0.57,0.69,2024-10-02,933,N,VIIRS,n,2,298.9,2.13,D,0
37.16508,41.67666,343.72,0.58,0.52,2024-10-02,933,N,VIIRS,n,2,302.37,5.36,D,0
37.16663,41.68311,338.21,0.58,0.52,2024-10-02,933,N,VIIRS,n,2,302.68,6.0,D,0
37.20736,42.21608,342.63,0.54,0.51,2024-10-02,933,N,VIIRS,n,2,308.77,4.26,D,0
37.20914,42.21474,339.2,0.54,0.51,2024-10-02,933,N,VIIRS,n,2,307.93,7.24,D,0
37.2653,35.6049,346.29,0.59,0.7,2024-10-02,933,N,VIIRS,n,2,298.15,6.19,D,0
37.27154,35.60226,332.67,0.59,0.7,2024-10-02,933,N,VIIRS,n,2,296.39,6.19,D,0
37.48759,38.70494,355.71,0.41,0.6,2024-10-02,933,N,VIIRS,n,2,306.39,18.07,D,0
37.48841,39.25324,342.55,0.38,0.59,2024-10-02,933,N,VIIRS,n,2,305.22,2.82,D,0
37.48882,38.70948,342.8,0.41,0.6,2024-10-02,933,N,VIIRS,n,2,299.59,15.44,D,0
37.49026,38.36921,350.99,0.42,0.61,2024-10-02,933,N,VIIRS,n,2,301.07,5.44,D,0
37.49296,38.70275,330.33,0.41,0.6,2024-10-02,933,N,VIIRS,n,2,298.51,2.43,D,0
37.49728,39.15603,354.53,0.38,0.59,2024-10-02,933,N,VIIRS,n,2,304.78,3.86,D,0
37.57315,38.80255,330.79,0.4,0.6,2024-10-02,933,N,VIIRS,n,2,300.98,2.12,D,0
37.57332,38.80365,336.6,0.4,0.6,2024-10-02,933,N,VIIRS,n,2,301.68,2.75,D,0
37.67737,38.68884,334.68,0.4,0.6,2024-10-02,933,N,VIIRS,n,2,297.49,1.43,D,0
37.69696,40.90623,342.03,0.62,0.54,2024-10-02,933,N,VIIRS,n,2,301.34,3.98,D,0
37.69799,40.90492,340.71,0.62,0.54,2024-10-02,933,N,VIIRS,n,2,301.31,7.46,D,0
37.70212,39.55293,334.88,0.36,0.58,2024-10-02,933,N,VIIRS,n,2,302.2,1.92,D,0
37.71314,38.62339,353.91,0.4,0.6,2024-10-02,933,N,VIIRS,n,2,302.99,7.04,D,0
37.73544,38.9477,337.16,0.39,0.59,2024-10-02,933,N,VIIRS,n,2,301.9,4.2,D,0
37.73588,38.94796,333.14,0.39,0.59,2024-10-02,933,N,VIIRS,n,2,302.07,2.97,D,0
37.73911,39.36794,333.12,0.37,0.58,2024-10-02,933,N,VIIRS,n,2,304.16,1.47,D,0
37.74253,39.36732,331.62,0.37,0.58,2024-10-02,933,N,VIIRS,n,2,301.36,1.74,D,0
37.74586,38.63454,335.21,0.4,0.6,2024-10-02,933,N,VIIRS,n,2,305.32,2.68,D,0
37.75142,40.48446,332.31,0.32,0.55,2024-10-02,933,N,VIIRS,n,2,299.33,1.08,D,0
37.77437,38.91705,343.58,0.39,0.59,2024-10-02,933,N,VIIRS,n,2,297.72,3.92,D,0
37.77555,38.92148,339.44,0.39,0.59,2024-10-02,933,N,VIIRS,n,2,302.05,8.58,D,0
37.77848,38.91057,331.72,0.39,0.59,2024-10-02,933,N,VIIRS,n,2,303.35,3.92,D,0
37.7916,40.24386,340.71,0.33,0.55,2024-10-02,933,N,VIIRS,n,2,305.15,3.52,D,0
37.85931,39.3012,337.27,0.37,0.58,2024-10-02,933,N,VIIRS,n,2,302.48,1.94,D,0
37.87016,40.55482,334.56,0.32,0.54,2024-10-02,933,N,VIIRS,n,2,297.72,1.07,D,0
37.87031,40.47018,340.46,0.32,0.55,2024-10-02,933,N,VIIRS,n,2,301.28,4.61,D,0
37.87115,40.47353,367.0,0.32,0.55,2024-10-02,933,N,VIIRS,h,2,303.63,7.51,D,0
37.87198,40.47686,367.0,0.32,0.55,2024-10-02,933,N,VIIRS,h,2,304.32,7.51,D,0
37.87282,40.4802,367.0,0.32,0.55,2024-10-02,933,N,VIIRS,h,2,305.24,6.81,D,0
37.87367,40.48357,339.61,0.32,0.55,2024-10-02,933,N,VIIRS,n,2,297.82,6.81,D,0
37.87431,40.46478,333.25,0.32,0.55,2024-10-02,933,N,VIIRS,n,2,292.22,4.44,D,0
37.87452,40.48697,367.0,0.32,0.55,2024-10-02,933,N,VIIRS,h,2,301.23,7.65,D,0
37.87517,40.46818,352.15,0.32,0.55,2024-10-02,933,N,VIIRS,n,2,304.41,4.44,D,0
37.87601,40.47155,345.27,0.32,0.55,2024-10-02,933,N,VIIRS,n,2,303.18,5.35,D,0
37.87685,40.47491,332.35,0.32,0.55,2024-10-02,933,N,VIIRS,n,2,303.33,5.35,D,0
37.87854,40.48164,367.0,0.32,0.55,2024-10-02,933,N,VIIRS,h,2,306.17,10.63,D,0
37.87938,40.48504,353.32,0.32,0.55,2024-10-02,933,N,VIIRS,n,2,309.87,18.59,D,0
37.88025,40.48848,367.0,0.32,0.55,2024-10-02,933,N,VIIRS,h,2,303.19,18.59,D,0
37.88086,40.46953,342.11,0.32,0.55,2024-10-02,933,N,VIIRS,n,2,303.81,5.35,D,0
37.8817,40.47289,367.0,0.32,0.55,2024-10-02,933,N,VIIRS,h,2,306.64,5.35,D,0
37.88338,40.47962,353.5,0.32,0.55,2024-10-02,933,N,VIIRS,n,2,301.14,10.63,D,0
37.93411,40.0354,367.0,0.34,0.56,2024-10-02,933,N,VIIRS,h,2,302.7,16.43,D,0
37.94116,40.02015,332.27,0.34,0.56,2024-10-02,933,N,VIIRS,n,2,301.6,3.39,D,0
37.94518,40.68525,344.2,0.62,0.54,2024-10-02,933,N,VIIRS,n,2,302.6,10.51,D,0
37.94538,40.68639,342.12,0.63,0.54,2024-10-02,933,N,VIIRS,n,2,301.87,11.11,D,0
37.96646,40.47475,344.09,0.32,0.55,2024-10-02,933,N,VIIRS,n,2,303.51,10.25,D,0
37.96738,40.4784,356.62,0.32,0.55,2024-10-02,933,N,VIIRS,n,2,315.37,10.25,D,0
37.9695,40.46556,349.51,0.32,0.55,2024-10-02,933,N,VIIRS,n,2,302.58,6.42,D,0
37.97225,40.47654,339.1,0.32,0.55,2024-10-02,933,N,VIIRS,n,2,299.79,10.25,D,0
37.98775,41.02786,342.56,0.6,0.53,2024-10-02,933,N,VIIRS,n,2,303.2,9.38,D,0
37.99841,40.17997,350.85,0.33,0.55,2024-10-02,933,N,VIIRS,n,2,300.18,3.21,D,0
38.0054,40.88799,342.07,0.61,0.53,2024-10-02,933,N,VIIRS,n,2,303.51,6.96,D,0
38.03289,40.40074,347.97,0.32,0.55,2024-10-02,933,N,VIIRS,n,2,302.19,4.3,D,0
38.06457,40.3563,351.69,0.32,0.55,2024-10-02,933,N,VIIRS,n,2,303.61,4.06,D,0
38.06764,40.30435,348.89,0.32,0.55,2024-10-02,933,N,VIIRS,n,2,302.41,4.78,D,0
38.07164,40.29886,367.0,0.32,0.55,2024-10-02,933,N,VIIRS,h,2,304.51,4.78,D,0
38.07253,40.30241,342.27,0.32,0.55,2024-10-02,933,N,VIIRS,n,2,303.19,4.78,D,0
38.07372,40.28566,367.0,0.33,0.55,2024-10-02,933,N,VIIRS,h,2,303.14,6.06,D,0
38.11605,39.66061,334.87,0.35,0.57,2024-10-02,933,N,VIIRS,n,2,301.91,2.05,D,0
38.13155,40.43555,334.62,0.32,0.54,2024-10-02,933,N,VIIRS,n,2,300.58,1.06,D,0
38.13541,40.42976,343.24,0.32,0.54,2024-10-02,933,N,VIIRS,n,2,302.41,3.49,D,0
38.2467,40.44898,335.92,0.63,0.54,2024-10-02,933,N,VIIRS,n,2,301.38,5.71,D,0
38.24717,40.44994,338.9,0.63,0.54,2024-10-02,933,N,VIIRS,n,2,301.42,3.48,D,0
38.5688,39.34023,332.59,0.35,0.57,2024-10-02,933,N,VIIRS,n,2,297.47,2.64,D,0
36.16681,37.62851,334.18,0.37,0.58,2024-10-02,1113,N,VIIRS,n,2,298.17,2.86,D,0
36.6852,42.97425,338.36,0.74,0.76,2024-10-02,1113,N,VIIRS,n,2,296.05,4.67,D,0
36.74511,35.21048,331.01,0.55,0.51,2024-10-02,1113,N,VIIRS,n,2,300.77,2.81,D,0
36.84232,42.75704,348.75,0.72,0.76,2024-10-02,1113,N,VIIRS,n,2,300.72,8.54,D,0
36.84538,42.75558,343.23,0.72,0.76,2024-10-02,1113,N,VIIRS,n,2,298.78,5.85,D,0
36.89653,42.86176,335.93,0.73,0.76,2024-10-02,1113,N,VIIRS,n,2,300.27,19.54,D,0
36.89976,42.78796,350.32,0.72,0.76,2024-10-02,1113,N,VIIRS,n,2,303.11,11.45,D,0
36.90001,30.73986,330.29,0.49,0.41,2024-10-02,1113,N,VIIRS,n,2,304.38,1.48,D,0
36.90114,42.863,367.0,0.73,0.76,2024-10-02,1113,N,VIIRS,h,2,302.36,35.25,D,0
36.90266,42.78638,351.84,0.72,0.76,2024-10-02,1113,N,VIIRS,n,2,302.29,11.46,D,0
36.90277,42.79434,335.83,0.73,0.76,2024-10-02,1113,N,VIIRS,n,2,300.24,12.58,D,0
36.90367,42.86116,367.0,0.73,0.76,2024-10-02,1113,N,VIIRS,h,2,299.51,19.54,D,0
37.11518,36.25793,331.43,0.32,0.54,2024-10-02,1113,N,VIIRS,n,2,304.57,4.67,D,0
37.11541,36.26157,351.14,0.32,0.54,2024-10-02,1113,N,VIIRS,n,2,304.64,6.41,D,0
37.117,36.26199,346.24,0.32,0.54,2024-10-02,1113,N,VIIRS,n,2,303.74,5.58,D,0
37.13935,40.48842,341.15,0.54,0.68,2024-10-02,1113,N,VIIRS,n,2,297.54,6.25,D,0
37.13959,40.49485,344.73,0.55,0.68,2024-10-02,1113,N,VIIRS,n,2,293.94,6.25,D,0
37.14153,40.49294,367.0,0.55,0.68,2024-10-02,1113,N,VIIRS,h,2,297.36,12.16,D,0
37.22675,35.89883,332.43,0.61,0.53,2024-10-02,1113,N,VIIRS,n,2,301.06,3.28,D,0
37.28664,40.21819,337.54,0.53,0.67,2024-10-02,1113,N,VIIRS,n,2,299.67,2.92,D,0
37.44235,38.15987,339.19,0.41,0.6,2024-10-02,1113,N,VIIRS,n,2,303.69,4.95,D,0
37.44492,38.1556,335.16,0.41,0.6,2024-10-02,1113,N,VIIRS,n,2,304.0,4.17,D,0
37.44519,38.16058,338.33,0.41,0.6,2024-10-02,1113,N,VIIRS,n,2,302.19,4.88,D,0
37.46038,38.55058,337.21,0.43,0.62,2024-10-02,1113,N,VIIRS,n,2,300.85,5.53,D,0
37.48774,40.82648,333.59,0.57,0.69,2024-10-02,1113,N,VIIRS,n,2,297.59,6.72,D,0
37.52441,38.80941,336.3,0.44,0.63,2024-10-02,1113,N,VIIRS,n,2,302.06,4.09,D,0
37.55083,40.21273,344.63,0.53,0.67,2024-10-02,1113,N,VIIRS,n,2,301.82,5.83,D,0
37.55413,40.2139,350.37,0.53,0.67,2024-10-02,1113,N,VIIRS,n,2,301.19,7.14,D,0
37.60709,38.01266,338.52,0.4,0.6,2024-10-02,1113,N,VIIRS,n,2,300.19,1.64,D,0
37.60734,38.01745,334.39,0.4,0.6,2024-10-02,1113,N,VIIRS,n,2,300.08,3.38,D,0
37.63118,39.61723,339.22,0.49,0.65,2024-10-02,1113,N,VIIRS,n,2,301.73,5.47,D,0
37.63136,39.61517,348.04,0.49,0.65,2024-10-02,1113,N,VIIRS,n,2,302.53,6.52,D,0
37.64775,39.11663,335.4,0.46,0.64,2024-10-02,1113,N,VIIRS,n,2,301.73,2.01,D,0
37.70755,39.53851,342.14,0.49,0.65,2024-10-02,1113,N,VIIRS,n,2,300.66,2.55,D,0
37.7086,39.72805,335.81,0.5,0.66,2024-10-02,1113,N,VIIRS,n,2,299.83,3.27,D,0
37.71915,39.18482,335.03,0.47,0.64,2024-10-02,1113,N,VIIRS,n,2,303.7,3.12,D,0
37.73322,38.94832,332.31,0.45,0.63,2024-10-02,1113,N,VIIRS,n,2,301.61,4.59,D,0
37.73478,38.46819,367.0,0.43,0.62,2024-10-02,1113,N,VIIRS,h,2,297.73,6.51,D,0
37.74885,40.48059,333.21,0.55,0.68,2024-10-02,1113,N,VIIRS,n,2,296.7,7.38,D,0
37.75061,40.4853,340.19,0.55,0.68,2024-10-02,1113,N,VIIRS,n,2,296.99,9.06,D,0
37.7761,39.11596,343.81,0.46,0.64,2024-10-02,1113,N,VIIRS,n,2,302.92,4.92,D,0
37.79427,40.24569,330.66,0.53,0.67,2024-10-02,1113,N,VIIRS,n,2,299.61,4.51,D,0
37.86639,40.47116,340.48,0.55,0.68,2024-10-02,1113,N,VIIRS,n,2,296.48,8.1,D,0
37.86659,40.47832,343.14,0.55,0.68,2024-10-02,1113,N,VIIRS,n,2,296.97,13.68,D,0
37.8716,40.46733,350.04,0.55,0.68,2024-10-02,1113,N,VIIRS,n,2,296.92,8.94,D,0
37.87184,40.47441,355.92,0.55,0.68,2024-10-02,1113,N,VIIRS,n,2,299.81,20.19,D,0
37.87279,40.47112,367.0,0.55,0.68,2024-10-02,1113,N,VIIRS,h,2,297.4,8.1,D,0
37.8858,40.47849,337.79,0.55,0.68,2024-10-02,1113,N,VIIRS,n,2,298.11,6.23,D,0
37.88599,40.48518,338.4,0.55,0.68,2024-10-02,1113,N,VIIRS,n,2,300.5,6.23,D,0
37.9324,40.0378,344.25,0.52,0.67,2024-10-02,1113,N,VIIRS,n,2,299.91,8.28,D,0
37.93471,40.03654,339.98,0.52,0.67,2024-10-02,1113,N,VIIRS,n,2,300.5,4.22,D,0
37.93493,40.04269,330.78,0.52,0.67,2024-10-02,1113,N,VIIRS,n,2,300.9,6.0,D,0
37.96862,40.46646,337.42,0.55,0.68,2024-10-02,1113,N,VIIRS,n,2,301.15,3.59,D,0
37.97023,40.46788,335.78,0.55,0.68,2024-10-02,1113,N,VIIRS,n,2,300.6,4.51,D,0
38.0416,40.46798,347.48,0.55,0.68,2024-10-02,1113,N,VIIRS,n,2,301.93,8.71,D,0
38.04686,40.96507,367.0,0.59,0.7,2024-10-02,1113,N,VIIRS,h,2,300.44,17.92,D,0
38.04714,40.47093,367.0,0.55,0.68,2024-10-02,1113,N,VIIRS,h,2,301.97,13.24,D,0
38.048,40.46765,343.28,0.55,0.68,2024-10-02,1113,N,VIIRS,n,2,298.71,7.93,D,0
38.0485,40.96029,337.78,0.59,0.7,2024-10-02,1113,N,VIIRS,n,2,298.28,8.53,D,0
38.04871,40.96785,367.0,0.59,0.7,2024-10-02,1113,N,VIIRS,h,2,298.48,8.53,D,0
38.05416,40.4905,336.72,0.55,0.68,2024-10-02,1113,N,VIIRS,n,2,300.0,3.72,D,0
38.05492,40.48743,340.33,0.55,0.68,2024-10-02,1113,N,VIIRS,n,2,300.74,2.12,D,0
38.11132,40.23561,331.97,0.54,0.68,2024-10-02,1113,N,VIIRS,n,2,299.77,8.74,D,0
38.11152,40.24172,367.0,0.54,0.68,2024-10-02,1113,N,VIIRS,h,2,304.18,8.74,D,0
38.13071,40.66869,336.46,0.57,0.69,2024-10-02,1113,N,VIIRS,n,2,296.66,4.42,D,0
38.14236,39.71406,355.99,0.5,0.66,2024-10-02,1113,N,VIIRS,n,2,305.21,9.04,D,0
38.1431,39.71636,367.0,0.5,0.66,2024-10-02,1113,N,VIIRS,h,2,305.96,11.74,D,0
38.16142,40.34545,355.8,0.54,0.68,2024-10-02,1113,N,VIIRS,n,2,303.81,11.64,D,0
38.16159,40.35151,346.13,0.54,0.68,2024-10-02,1113,N,VIIRS,n,2,303.69,16.25,D,0
38.16574,40.34696,367.0,0.54,0.68,2024-10-02,1113,N,VIIRS,h,2,305.13,21.35,D,0
38.19905,40.79787,338.75,0.58,0.69,2024-10-02,1113,N,VIIRS,n,2,300.05,7.62,D,0
38.19921,40.80455,367.0,0.58,0.69,2024-10-02,1113,N,VIIRS,h,2,300.93,7.62,D,0
37.77155,27.44693,335.41,0.4,0.37,2024-10-02,1114,N,VIIRS,n,2,304.65,1.74,D,0
37.8715,28.28975,340.86,0.41,0.37,2024-10-02,1114,N,VIIRS,n,2,306.7,3.58,D,0
37.87212,28.29446,330.84,0.41,0.37,2024-10-02,1114,N,VIIRS,n,2,303.95,3.58,D,0
38.09747,29.80695,341.85,0.47,0.39,2024-10-02,1114,N,VIIRS,n,2,306.55,5.46,D,0
38.2967,32.20097,335.99,0.4,0.44,2024-10-02,1114,N,VIIRS,n,2,291.46,3.05,D,0
38.40728,30.84277,344.04,0.52,0.41,2024-10-02,1114,N,VIIRS,n,2,300.21,43.99,D,0
38.73939,26.9299,335.68,0.39,0.36,2024-10-02,1114,N,VIIRS,n,2,305.75,1.52,D,2
38.76004,32.02896,333.0,0.4,0.44,2024-10-02,1114,N,VIIRS,n,2,294.5,6.63,D,0
39.11438,28.37598,332.12,0.43,0.38,2024-10-02,1114,N,VIIRS,n,2,292.87,2.51,D,0
40.05556,28.37571,330.77,0.43,0.38,2024-10-02,1114,N,VIIRS,n,2,296.93,1.83,D,0
40.09753,27.99751,328.14,0.42,0.38,2024-10-02,1114,N,VIIRS,n,2,293.93,3.68,D,0
40.22421,27.78414,333.97,0.42,0.38,2024-10-02,1114,N,VIIRS,n,2,300.46,2.27,D,0
40.26626,27.74244,337.46,0.42,0.38,2024-10-02,1114,N,VIIRS,n,2,301.21,3.91,D,0
40.44149,27.13989,336.6,0.41,0.37,2024-10-02,1114,N,VIIRS,n,2,303.76,2.78,D,2
40.45186,28.0163,331.95,0.43,0.38,2024-10-02,1114,N,VIIRS,n,2,296.81,4.62,D,0
40.70674,26.32373,330.19,0.39,0.36,2024-10-02,1115,N,VIIRS,n,2,302.18,1.86,D,0
40.79611,26.23675,334.42,0.39,0.36,2024-10-02,1115,N,VIIRS,n,2,297.4,2.75,D,0
40.83161,27.08837,344.07,0.41,0.37,2024-10-02,1115,N,VIIRS,n,2,301.38,4.0,D,0
40.9255,26.36573,334.1,0.39,0.37,2024-10-02,1115,N,VIIRS,n,2,298.27,2.48,D,0
41.10416,27.30571,335.35,0.41,0.37,2024-10-02,1115,N,VIIRS,n,2,304.58,2.07,D,0
41.20636,26.60954,331.05,0.4,0.37,2024-10-02,1115,N,VIIRS,n,2,300.36,1.99,D,0
41.22706,27.2305,338.31,0.41,0.37,2024-10-02,1115,N,VIIRS,n,2,305.88,6.01,D,0
41.24373,27.07225,334.21,0.41,0.37,2024-10-02,1115,N,VIIRS,n,2,302.79,1.4,D,0
41.24772,27.23796,336.57,0.41,0.37,2024-10-02,1115,N,VIIRS,n,2,303.89,2.02,D,0
41.25114,27.23716,342.19,0.41,0.37,2024-10-02,1115,N,VIIRS,n,2,303.91,3.49,D,0
41.28862,27.76154,338.26,0.43,0.38,2024-10-02,1115,N,VIIRS,n,2,305.28,6.28,D,0
41.29209,27.76075,334.41,0.43,0.38,2024-10-02,1115,N,VIIRS,n,2,302.27,6.28,D,0
41.30318,27.70308,340.96,0.42,0.38,2024-10-02,1115,N,VIIRS,n,2,305.43,3.71,D,0
41.36195,27.04225,339.44,0.41,0.37,2024-10-02,1115,N,VIIRS,n,2,304.1,3.07,D,0
41.43908,27.67039,334.26,0.43,0.38,2024-10-02,1115,N,VIIRS,n,2,305.13,2.3,D,0
41.95987,25.751,344.07,0.39,0.36,2024-10-02,1115,N,VIIRS,n,2,309.53,19.26,D,0
36.94227,42.17144,300.51,0.79,0.78,2024-10-02,2152,N,VIIRS,n,2,284.61,1.29,N,2
36.9597,42.72686,295.03,0.74,0.76,2024-10-02,2152,N,VIIRS,n,2,284.69,0.47,N,0
37.07737,42.55769,303.14,0.76,0.77,2024-10-02,2152,N,VIIRS,n,2,286.01,1.58,N,2
37.07829,42.55276,304.26,0.76,0.77,2024-10-02,2152,N,VIIRS,n,2,285.95,2.15,N,2
37.08587,42.51969,297.55,0.76,0.77,2024-10-02,2152,N,VIIRS,n,2,286.51,1.3,N,0
37.18412,42.17241,298.32,0.79,0.78,2024-10-02,2152,N,VIIRS,n,2,284.71,1.72,N,0
37.18465,42.17107,302.25,0.79,0.78,2024-10-02,2152,N,VIIRS,n,2,285.06,1.0,N,0
35.52251,44.34438,320.23,0.59,0.7,2024-10-02,2153,N,VIIRS,n,2,288.26,4.0,N,2
35.5291,44.34494,327.66,0.59,0.7,2024-10-02,2153,N,VIIRS,n,2,287.84,4.0,N,2
35.52933,44.33793,356.5,0.59,0.7,2024-10-02,2153,N,VIIRS,n,2,290.01,14.97,N,2
35.53592,44.33855,314.25,0.59,0.7,2024-10-02,2153,N,VIIRS,n,2,287.84,1.29,N,2
35.53614,44.33167,299.38,0.59,0.7,2024-10-02,2153,N,VIIRS,n,2,288.39,1.29,N,2
35.56142,44.28243,308.59,0.6,0.7,2024-10-02,2153,N,VIIRS,n,2,287.46,1.01,N,2
35.56416,44.28514,315.16,0.6,0.7,2024-10-02,2153,N,VIIRS,n,2,288.28,2.65,N,2
35.56803,44.28305,310.54,0.6,0.7,2024-10-02,2153,N,VIIRS,n,2,288.55,1.01,N,2
35.62919,44.01089,339.96,0.62,0.71,2024-10-02,2153,N,VIIRS,n,2,290.36,5.22,N,2
35.6294,44.00367,324.58,0.62,0.71,2024-10-02,2153,N,VIIRS,n,2,289.55,5.22,N,2
35.65751,43.96281,299.79,0.62,0.72,2024-10-02,2153,N,VIIRS,n,2,288.5,1.25,N,0
35.66423,43.96335,356.2,0.62,0.72,2024-10-02,2153,N,VIIRS,n,2,291.25,9.26,N,2
35.68031,43.87719,311.42,0.63,0.72,2024-10-02,2153,N,VIIRS,n,2,288.16,7.98,N,2
35.68251,43.87616,367.0,0.63,0.72,2024-10-02,2153,N,VIIRS,h,2,290.62,9.01,N,2
35.68269,43.86885,303.55,0.63,0.72,2024-10-02,2153,N,VIIRS,n,2,288.28,9.01,N,2
35.68707,43.87769,367.0,0.63,0.72,2024-10-02,2153,N,VIIRS,h,2,291.38,7.98,N,2
35.68728,43.87048,320.3,0.63,0.72,2024-10-02,2153,N,VIIRS,n,2,288.39,15.42,N,2
35.68926,43.87667,324.2,0.63,0.72,2024-10-02,2153,N,VIIRS,n,2,289.13,4.17,N,2
35.72233,44.03882,337.85,0.62,0.71,2024-10-02,2153,N,VIIRS,n,2,289.74,4.81,N,2
35.72539,44.03841,336.56,0.62,0.71,2024-10-02,2153,N,VIIRS,n,2,290.34,2.76,N,2
35.7323,44.03187,303.53,0.62,0.71,2024-10-02,2153,N,VIIRS,n,2,289.11,2.76,N,2
35.7738,43.99203,303.13,0.62,0.72,2024-10-02,2153,N,VIIRS,n,2,288.45,1.59,N,2
35.77588,43.99322,301.34,0.62,0.72,2024-10-02,2153,N,VIIRS,n,2,288.06,0.6,N,2
35.92355,43.78962,307.55,0.64,0.72,2024-10-02,2153,N,VIIRS,n,2,288.71,1.22,N,2
35.92514,43.78815,308.56,0.64,0.72,2024-10-02,2153,N,VIIRS,n,2,288.62,1.18,N,2
35.96669,43.76073,299.51,0.64,0.72,2024-10-02,2153,N,VIIRS,n,2,289.17,2.64,N,2
35.98013,43.76752,306.53,0.64,0.72,2024-10-02,2153,N,VIIRS,n,2,289.79,1.86,N,2
36.00077,43.76042,298.9,0.64,0.72,2024-10-02,2153,N,VIIRS,n,2,288.45,1.44,N,2
36.01673,43.67828,314.24,0.65,0.73,2024-10-02,2153,N,VIIRS,n,2,288.18,3.14,N,2
36.01689,43.68254,315.96,0.65,0.73,2024-10-02,2153,N,VIIRS,n,2,288.34,1.64,N,2
36.10033,43.63223,297.07,0.65,0.73,2024-10-02,2153,N,VIIRS,n,2,285.92,0.6,N,0
36.10094,43.63069,299.47,0.65,0.73,2024-10-02,2153,N,VIIRS,n,2,286.44,0.5,N,0
36.15226,43.77934,299.12,0.64,0.72,2024-10-02,2153,N,VIIRS,n,2,288.65,2.61,N,0
36.3105,43.75202,299.17,0.65,0.73,2024-10-02,2153,N,VIIRS,n,2,288.48,0.6,N,2
36.44297,42.92873,302.25,0.72,0.75,2024-10-02,2153,N,VIIRS,n,2,287.5,0.92,N,2
36.71063,43.04627,301.13,0.71,0.75,2024-10-02,2153,N,VIIRS,n,2,284.82,0.79,N,0
36.71755,43.05495,299.36,0.71,0.75,2024-10-02,2153,N,VIIRS,n,2,284.64,1.4,N,0
36.71771,43.04633,307.78,0.71,0.75,2024-10-02,2153,N,VIIRS,n,2,284.94,2.58,N,0
36.72166,43.05692,297.05,0.71,0.75,2024-10-02,2153,N,VIIRS,n,2,285.02,0.49,N,0
36.72178,43.04831,304.31,0.71,0.75,2024-10-02,2153,N,VIIRS,n,2,285.37,0.49,N,0
36.72885,43.0488,299.33,0.71,0.75,2024-10-02,2153,N,VIIRS,n,2,285.12,0.49,N,0
36.73184,43.047,299.55,0.71,0.75,2024-10-02,2153,N,VIIRS,n,2,285.63,1.09,N,0
36.73592,43.04927,303.36,0.71,0.75,2024-10-02,2153,N,VIIRS,n,2,286.81,1.66,N,0
36.7389,43.04776,303.47,0.71,0.75,2024-10-02,2153,N,VIIRS,n,2,287.25,1.09,N,0
36.74295,43.48672,296.26,0.67,0.74,2024-10-02,2153,N,VIIRS,n,2,285.78,1.4,N,0
36.74342,43.49217,301.03,0.67,0.74,2024-10-02,2153,N,VIIRS,n,2,285.92,1.37,N,0
36.74973,43.49527,300.61,0.67,0.74,2024-10-02,2153,N,VIIRS,n,2,286.99,1.4,N,2
36.77378,43.3219,337.08,0.69,0.74,2024-10-02,2153,N,VIIRS,n,2,286.74,6.22,N,2
36.77509,43.32845,318.45,0.69,0.74,2024-10-02,2153,N,VIIRS,n,2,286.99,4.17,N,2
36.77529,43.32,321.75,0.69,0.74,2024-10-02,2153,N,VIIRS,n,2,286.1,6.02,N,2
36.86652,43.48608,312.58,0.67,0.74,2024-10-02,2153,N,VIIRS,n,2,283.52,2.59,N,2
36.86769,43.48859,320.62,0.67,0.74,2024-10-02,2153,N,VIIRS,n,2,284.1,3.82,N,2
36.89538,43.42947,301.9,0.68,0.74,2024-10-02,2153,N,VIIRS,n,2,283.49,2.34,N,2
36.89552,43.42224,295.45,0.68,0.74,2024-10-02,2153,N,VIIRS,n,2,282.84,2.62,N,2
36.90326,43.38232,302.05,0.68,0.74,2024-10-02,2153,N,VIIRS,n,2,283.26,2.28,N,2
36.91022,43.38246,315.38,0.68,0.74,2024-10-02,2153,N,VIIRS,n,2,283.58,2.28,N,2
41.2373,36.44345,298.74,0.39,0.36,2024-10-02,2332,N,VIIRS,n,2,286.54,0.67,N,0
41.24059,36.4444,307.07,0.39,0.36,2024-10-02,2332,N,VIIRS,n,2,287.14,0.84,N,2
41.24088,36.46364,318.56,0.39,0.36,2024-10-02,2332,N,VIIRS,n,2,283.96,2.02,N,2
41.24417,36.46459,314.51,0.39,0.36,2024-10-02,2332,N,VIIRS,n,2,287.66,1.99,N,2
35.52327,44.34283,315.58,0.33,0.55,2024-10-02,2333,N,VIIRS,n,2,289.36,1.47,N,2
35.52822,44.34459,367.0,0.33,0.55,2024-10-02,2333,N,VIIRS,h,2,291.63,3.19,N,2
35.5291,44.3411,343.71,0.33,0.55,2024-10-02,2333,N,VIIRS,n,2,290.04,3.19,N,2
35.52998,44.33759,336.57,0.33,0.55,2024-10-02,2333,N,VIIRS,n,2,290.68,2.91,N,2
35.53405,44.34287,297.78,0.33,0.55,2024-10-02,2333,N,VIIRS,n,2,287.66,3.19,N,2
35.53493,44.33932,327.11,0.33,0.55,2024-10-02,2333,N,VIIRS,n,2,289.21,2.91,N,2
35.53582,44.33578,312.12,0.33,0.55,2024-10-02,2333,N,VIIRS,n,2,289.53,2.91,N,2
35.5646,44.28504,330.05,0.33,0.55,2024-10-02,2333,N,VIIRS,n,2,290.98,1.49,N,2
35.62725,44.01016,339.07,0.63,0.54,2024-10-02,2333,N,VIIRS,n,2,295.23,17.62,N,2
35.63206,44.01204,301.14,0.63,0.54,2024-10-02,2333,N,VIIRS,n,2,290.31,1.03,N,2
35.65988,43.96303,321.96,0.62,0.54,2024-10-02,2333,N,VIIRS,n,2,290.34,2.98,N,2
35.66472,43.96475,339.01,0.62,0.54,2024-10-02,2333,N,VIIRS,n,2,293.72,8.81,N,2
35.67699,44.06594,301.75,0.63,0.54,2024-10-02,2333,N,VIIRS,n,2,290.74,1.86,N,2
35.6859,43.87778,353.98,0.62,0.54,2024-10-02,2333,N,VIIRS,n,2,294.7,21.9,N,2
35.71777,43.77411,303.11,0.61,0.53,2024-10-02,2333,N,VIIRS,n,2,292.32,1.84,N,2
35.72543,44.03948,338.44,0.63,0.54,2024-10-02,2333,N,VIIRS,n,2,292.7,3.45,N,2
35.72709,44.03275,301.82,0.63,0.54,2024-10-02,2333,N,VIIRS,n,2,289.14,3.45,N,2
35.73198,44.03435,301.13,0.63,0.54,2024-10-02,2333,N,VIIRS,n,2,290.21,3.45,N,2
35.7726,43.99742,318.7,0.62,0.54,2024-10-02,2333,N,VIIRS,n,2,290.54,2.81,N,2
35.77355,43.99748,318.3,0.62,0.54,2024-10-02,2333,N,VIIRS,n,2,290.3,1.68,N,2
35.92312,43.79298,300.18,0.6,0.53,2024-10-02,2333,N,VIIRS,n,2,289.09,0.74,N,2
35.95195,43.7262,310.63,0.59,0.53,2024-10-02,2333,N,VIIRS,n,2,289.55,2.25,N,2
35.95447,43.72732,309.46,0.6,0.53,2024-10-02,2333,N,VIIRS,n,2,289.38,1.13,N,2
35.96572,43.76631,307.43,0.6,0.53,2024-10-02,2333,N,VIIRS,n,2,290.45,3.75,N,2
35.96774,43.76683,313.01,0.6,0.53,2024-10-02,2333,N,VIIRS,n,2,291.36,4.69,N,2
35.97079,43.77542,304.65,0.6,0.53,2024-10-02,2333,N,VIIRS,n,2,290.49,1.69,N,2
35.9818,43.77269,304.89,0.6,0.53,2024-10-02,2333,N,VIIRS,n,2,289.98,2.02,N,2
36.0195,43.68175,317.35,0.59,0.53,2024-10-02,2333,N,VIIRS,n,2,289.75,2.99,N,2
36.08385,43.64378,301.45,0.58,0.52,2024-10-02,2333,N,VIIRS,n,2,287.22,0.62,N,0
36.12648,43.78434,301.05,0.59,0.53,2024-10-02,2333,N,VIIRS,n,2,289.43,0.89,N,2
36.14359,40.81691,327.8,0.42,0.45,2024-10-02,2333,N,VIIRS,n,2,287.86,2.11,N,2
36.16409,41.04678,304.71,0.43,0.46,2024-10-02,2333,N,VIIRS,n,2,287.59,0.72,N,0
36.32196,41.82488,299.49,0.46,0.47,2024-10-02,2333,N,VIIRS,n,2,288.8,1.11,N,0
36.35184,42.07556,306.52,0.48,0.48,2024-10-02,2333,N,VIIRS,n,2,292.16,1.56,N,2
36.44135,42.92936,307.65,0.53,0.5,2024-10-02,2333,N,VIIRS,n,2,289.59,1.64,N,2
36.45715,41.28229,296.69,0.43,0.46,2024-10-02,2333,N,VIIRS,n,2,285.57,0.42,N,2
36.45843,42.67129,303.33,0.51,0.49,2024-10-02,2333,N,VIIRS,n,2,289.13,0.63,N,2
36.576,42.89133,299.57,0.52,0.5,2024-10-02,2333,N,VIIRS,n,2,285.64,0.8,N,0
36.60143,43.25359,297.1,0.54,0.51,2024-10-02,2333,N,VIIRS,n,2,285.26,0.62,N,0
36.64534,43.60001,298.45,0.56,0.52,2024-10-02,2333,N,VIIRS,n,2,284.93,0.59,N,0
36.68168,43.42625,299.76,0.55,0.51,2024-10-02,2333,N,VIIRS,n,2,286.66,0.48,N,0
36.6877,43.42184,298.35,0.55,0.51,2024-10-02,2333,N,VIIRS,n,2,286.03,0.48,N,0
36.71268,43.04652,329.38,0.53,0.5,2024-10-02,2333,N,VIIRS,n,2,286.88,2.71,N,0
36.71716,43.04818,305.63,0.53,0.5,2024-10-02,2333,N,VIIRS,n,2,285.95,2.71,N,0
36.71849,43.04258,300.29,0.53,0.5,2024-10-02,2333,N,VIIRS,n,2,285.25,1.62,N,0
36.7203,43.0555,300.92,0.53,0.5,2024-10-02,2333,N,VIIRS,n,2,286.54,0.89,N,0
36.72165,43.04982,301.95,0.53,0.5,2024-10-02,2333,N,VIIRS,n,2,286.44,0.89,N,0
36.72615,43.05139,305.54,0.53,0.5,2024-10-02,2333,N,VIIRS,n,2,286.38,0.89,N,0
36.73198,43.04731,296.82,0.53,0.5,2024-10-02,2333,N,VIIRS,n,2,286.0,0.85,N,0
36.73649,43.04885,304.88,0.53,0.5,2024-10-02,2333,N,VIIRS,n,2,287.96,0.85,N,0
36.77641,43.32616,339.36,0.54,0.51,2024-10-02,2333,N,VIIRS,n,2,291.1,6.67,N,2
36.7778,43.32034,300.57,0.54,0.51,2024-10-02,2333,N,VIIRS,n,2,288.12,5.37,N,2
36.84867,42.7536,299.69,0.5,0.49,2024-10-02,2333,N,VIIRS,n,2,284.72,0.77,N,0
36.86884,43.48853,316.79,0.55,0.51,2024-10-02,2333,N,VIIRS,n,2,286.55,2.97,N,2
36.87313,44.05082,299.93,0.59,0.53,2024-10-02,2333,N,VIIRS,n,2,282.67,0.66,N,0
36.87455,44.05131,298.74,0.59,0.53,2024-10-02,2333,N,VIIRS,n,2,282.56,0.59,N,0
36.89164,43.43447,300.86,0.55,0.51,2024-10-02,2333,N,VIIRS,n,2,284.19,1.76,N,2
36.89316,43.42804,319.45,0.55,0.51,2024-10-02,2333,N,VIIRS,n,2,284.66,2.91,N,2
36.9063,43.39347,336.98,0.54,0.51,2024-10-02,2333,N,VIIRS,n,2,286.38,7.61,N,2
36.91391,41.89471,316.48,0.45,0.47,2024-10-02,2333,N,VIIRS,n,2,284.95,1.56,N,2
36.93477,42.13206,315.85,0.47,0.47,2024-10-02,2333,N,VIIRS,n,2,288.19,2.83,N,2
36.9371,42.12184,297.19,0.47,0.47,2024-10-02,2333,N,VIIRS,n,2,286.74,0.96,N,2
36.9393,42.17287,304.48,0.47,0.48,2024-10-02,2333,N,VIIRS,n,2,284.09,0.7,N,2
36.94357,42.1744,316.75,0.47,0.48,2024-10-02,2333,N,VIIRS,n,2,286.51,1.2,N,2
36.94872,42.13141,327.91,0.47,0.47,2024-10-02,2333,N,VIIRS,n,2,289.17,3.49,N,2
36.95831,38.75679,296.82,0.48,0.4,2024-10-02,2333,N,VIIRS,n,2,284.64,0.32,N,0
36.96446,42.08218,323.19,0.46,0.47,2024-10-02,2333,N,VIIRS,n,2,284.86,2.25,N,2
36.9912,42.00417,300.82,0.46,0.47,2024-10-02,2333,N,VIIRS,n,2,285.1,0.4,N,0
36.99604,41.56472,306.12,0.44,0.46,2024-10-02,2333,N,VIIRS,n,2,285.45,0.58,N,2
37.03255,42.16737,300.83,0.47,0.47,2024-10-02,2333,N,VIIRS,n,2,288.09,0.72,N,2
37.06393,37.44508,295.64,0.43,0.38,2024-10-02,2333,N,VIIRS,n,2,284.16,0.28,N,0
37.07722,42.55875,308.62,0.49,0.48,2024-10-02,2333,N,VIIRS,n,2,288.25,1.54,N,2
37.08154,42.51956,303.04,0.48,0.48,2024-10-02,2333,N,VIIRS,n,2,287.69,0.69,N,0
37.15765,41.89485,298.41,0.45,0.47,2024-10-02,2333,N,VIIRS,n,2,287.09,0.55,N,0
37.17645,40.72904,295.62,0.39,0.44,2024-10-02,2333,N,VIIRS,n,2,285.51,0.68,N,0
37.17736,40.72471,306.64,0.39,0.44,2024-10-02,2333,N,VIIRS,n,2,286.3,0.68,N,0
37.29578,37.15666,308.51,0.42,0.38,2024-10-02,2333,N,VIIRS,n,2,288.36,1.96,N,2
37.33874,40.80431,301.51,0.39,0.44,2024-10-02,2333,N,VIIRS,n,2,287.3,0.89,N,2
37.35219,37.16285,306.49,0.42,0.38,2024-10-02,2333,N,VIIRS,n,2,288.98,1.36,N,2
37.38576,40.17872,310.61,0.55,0.43,2024-10-02,2333,N,VIIRS,n,2,287.76,1.51,N,0
37.38961,40.17993,301.95,0.55,0.43,2024-10-02,2333,N,VIIRS,n,2,286.99,1.51,N,0
37.5243,39.06403,297.4,0.49,0.4,2024-10-02,2333,N,VIIRS,n,2,280.85,0.59,N,0
37.60699,39.08574,308.08,0.49,0.4,2024-10-02,2333,N,VIIRS,n,2,280.25,1.49,N,0
37.66974,38.03492,304.51,0.45,0.39,2024-10-02,2333,N,VIIRS,n,2,282.72,0.89,N,0
37.67613,38.61504,297.74,0.47,0.4,2024-10-02,2333,N,VIIRS,n,2,284.29,0.31,N,0
37.68275,38.60042,297.78,0.47,0.39,2024-10-02,2333,N,VIIRS,n,2,282.79,0.62,N,0
37.68631,38.60153,302.37,0.47,0.39,2024-10-02,2333,N,VIIRS,n,2,282.34,1.48,N,0
37.68732,38.59632,316.36,0.47,0.39,2024-10-02,2333,N,VIIRS,n,2,284.56,1.48,N,0
37.76291,38.20188,320.95,0.45,0.39,2024-10-02,2333,N,VIIRS,n,2,283.9,1.62,N,0
37.89703,30.49397,295.1,0.47,0.39,2024-10-02,2333,N,VIIRS,n,2,283.12,0.89,N,2
37.89919,40.12467,298.76,0.54,0.42,2024-10-02,2333,N,VIIRS,n,2,281.71,1.1,N,0
37.91418,41.03362,297.08,0.39,0.44,2024-10-02,2333,N,VIIRS,n,2,280.54,0.36,N,0
37.93074,40.46223,296.08,0.55,0.43,2024-10-02,2333,N,VIIRS,n,2,282.59,0.64,N,0
37.93147,40.46107,296.63,0.55,0.43,2024-10-02,2333,N,VIIRS,n,2,282.71,0.89,N,0
37.93769,40.96406,327.99,0.39,0.44,2024-10-02,2333,N,VIIRS,n,2,282.14,1.61,N,0
37.94751,40.7361,296.32,0.57,0.43,2024-10-02,2333,N,VIIRS,n,2,283.19,0.79,N,0
37.95927,40.88358,306.16,0.39,0.44,2024-10-02,2333,N,VIIRS,n,2,280.37,1.06,N,0
37.961,41.70237,298.11,0.42,0.45,2024-10-02,2333,N,VIIRS,n,2,285.32,0.9,N,2
37.96157,40.47217,334.54,0.55,0.43,2024-10-02,2333,N,VIIRS,n,2,281.11,4.55,N,0
37.96543,40.4734,334.89,0.55,0.43,2024-10-02,2333,N,VIIRS,n,2,282.74,4.55,N,0
37.9686,40.84023,298.46,0.38,0.43,2024-10-02,2333,N,VIIRS,n,2,280.88,0.43,N,0
38.01084,40.07243,299.69,0.53,0.42,2024-10-02,2333,N,VIIRS,n,2,283.94,1.35,N,0
38.01339,40.0686,318.45,0.53,0.42,2024-10-02,2333,N,VIIRS,n,2,283.74,1.31,N,0
38.01715,40.06985,295.73,0.53,0.42,2024-10-02,2333,N,VIIRS,n,2,283.05,1.31,N,0
38.02131,40.65212,304.8,0.56,0.43,2024-10-02,2333,N,VIIRS,n,2,282.52,1.04,N,0
38.02695,40.43431,298.5,0.55,0.43,2024-10-02,2333,N,VIIRS,n,2,280.99,0.82,N,0
38.02713,40.92031,301.51,0.39,0.44,2024-10-02,2333,N,VIIRS,n,2,281.55,1.06,N,0
38.02883,40.44174,295.99,0.55,0.43,2024-10-02,2333,N,VIIRS,n,2,280.22,0.5,N,0
38.03076,40.96286,309.24,0.39,0.44,2024-10-02,2333,N,VIIRS,n,2,280.25,1.5,N,0
38.03469,40.96421,338.42,0.39,0.44,2024-10-02,2333,N,VIIRS,n,2,281.4,4.57,N,0
38.03622,40.96241,316.14,0.39,0.44,2024-10-02,2333,N,VIIRS,n,2,279.79,1.39,N,0
38.04599,40.95626,300.15,0.39,0.44,2024-10-02,2333,N,VIIRS,n,2,281.21,0.66,N,0
38.11485,40.9888,328.96,0.39,0.44,2024-10-02,2333,N,VIIRS,n,2,282.31,3.0,N,0
38.13369,40.6637,303.83,0.56,0.43,2024-10-02,2333,N,VIIRS,n,2,281.51,1.13,N,0
38.14204,40.78128,295.72,0.57,0.43,2024-10-02,2333,N,VIIRS,n,2,280.57,0.65,N,0
38.16381,40.56021,328.51,0.55,0.43,2024-10-02,2333,N,VIIRS,n,2,283.56,2.54,N,0
38.16514,40.55387,295.1,0.55,0.43,2024-10-02,2333,N,VIIRS,n,2,280.99,2.54,N,0
38.16645,40.54769,297.57,0.55,0.43,2024-10-02,2333,N,VIIRS,n,2,279.79,0.69,N,0
38.18542,40.6538,303.44,0.56,0.43,2024-10-02,2333,N,VIIRS,n,2,280.8,1.5,N,0
38.1893,40.65505,306.81,0.56,0.43,2024-10-02,2333,N,VIIRS,n,2,280.86,1.5,N,0
38.1913,40.80449,305.99,0.57,0.43,2024-10-02,2333,N,VIIRS,n,2,281.5,1.01,N,0
38.19296,40.80508,313.64,0.57,0.43,2024-10-02,2333,N,VIIRS,n,2,282.42,2.11,N,0
38.19314,40.78483,328.53,0.57,0.43,2024-10-02,2333,N,VIIRS,n,2,282.01,2.37,N,0
38.19527,40.78542,330.11,0.57,0.43,2024-10-02,2333,N,VIIRS,n,2,283.14,5.02,N,0
38.19704,40.78605,302.07,0.57,0.43,2024-10-02,2333,N,VIIRS,n,2,282.03,2.37,N,0
38.25166,40.45189,297.21,0.55,0.42,2024-10-02,2333,N,VIIRS,n,2,282.88,0.58,N,0
38.25202,40.45163,298.34,0.55,0.42,2024-10-02,2333,N,VIIRS,n,2,283.03,0.37,N,0
38.27705,39.74474,296.19,0.51,0.41,2024-10-02,2333,N,VIIRS,n,2,284.35,0.49,N,0
38.42853,27.21501,310.92,0.44,0.46,2024-10-02,2333,N,VIIRS,n,2,289.29,1.35,N,2
38.45324,38.72786,303.84,0.46,0.39,2024-10-02,2333,N,VIIRS,n,2,283.91,1.07,N,2
38.6602,30.61633,303.27,0.47,0.4,2024-10-02,2333,N,VIIRS,n,2,282.59,1.13,N,2
38.73512,26.94959,307.16,0.46,0.47,2024-10-02,2333,N,VIIRS,n,2,288.18,0.83,N,2
38.73558,26.94424,306.94,0.46,0.47,2024-10-02,2333,N,VIIRS,n,2,290.64,2.9,N,2
38.73587,26.94893,309.2,0.46,0.47,2024-10-02,2333,N,VIIRS,n,2,288.89,1.4,N,2
38.73637,26.94352,309.57,0.46,0.47,2024-10-02,2333,N,VIIRS,n,2,290.84,1.4,N,2
38.73952,26.95012,303.12,0.46,0.47,2024-10-02,2333,N,VIIRS,n,2,287.36,0.83,N,2
38.74026,26.9495,304.61,0.46,0.47,2024-10-02,2333,N,VIIRS,n,2,288.8,1.4,N,2
38.74174,26.93336,296.28,0.46,0.47,2024-10-02,2333,N,VIIRS,n,2,285.89,0.94,N,2
38.74298,26.96154,301.32,0.46,0.47,2024-10-02,2333,N,VIIRS,n,2,288.08,0.71,N,2
38.7439,26.9508,299.55,0.46,0.47,2024-10-02,2333,N,VIIRS,n,2,287.98,0.77,N,2
38.75408,26.93584,303.9,0.46,0.47,2024-10-02,2333,N,VIIRS,n,2,286.47,1.0,N,0
38.85841,35.76598,297.28,0.39,0.36,2024-10-02,2333,N,VIIRS,n,2,279.87,0.59,N,2
39.16897,27.63255,300.99,0.43,0.46,2024-10-02,2333,N,VIIRS,n,2,286.73,1.03,N,2
39.48326,30.04057,301.1,0.5,0.41,2024-10-02,2333,N,VIIRS,n,2,280.94,1.69,N,2
39.48411,30.04029,304.17,0.5,0.41,2024-10-02,2333,N,VIIRS,n,2,281.25,1.71,N,2
39.59595,32.42094,300.19,0.42,0.37,2024-10-02,2333,N,VIIRS,n,2,282.16,0.78,N,2
39.724,36.93722,302.19,0.4,0.37,2024-10-02,2333,N,VIIRS,n,2,281.63,0.72,N,2
39.7455,30.19563,296.55,0.5,0.41,2024-10-02,2333,N,VIIRS,n,2,281.56,0.65,N,2
39.83697,30.30195,302.55,0.5,0.41,2024-10-02,2333,N,VIIRS,n,2,282.13,1.51,N,2
39.86547,26.24375,298.17,0.52,0.5,2024-10-02,2333,N,VIIRS,n,2,287.71,0.82,N,2
39.90006,28.87273,307.39,0.38,0.43,2024-10-02,2333,N,VIIRS,n,2,282.62,0.5,N,0
39.94328,33.19317,301.17,0.4,0.37,2024-10-02,2333,N,VIIRS,n,2,280.69,1.16,N,2
39.96024,33.14549,298.93,0.4,0.37,2024-10-02,2333,N,VIIRS,n,2,280.36,0.71,N,2
39.96067,33.14373,298.47,0.4,0.37,2024-10-02,2333,N,VIIRS,n,2,279.96,0.82,N,2
40.25966,30.04226,297.1,0.51,0.41,2024-10-02,2333,N,VIIRS,n,2,284.15,0.7,N,2
40.75659,31.78226,295.54,0.45,0.39,2024-10-02,2333,N,VIIRS,n,2,280.59,0.65,N,2
40.76524,29.53229,316.03,0.55,0.42,2024-10-02,2333,N,VIIRS,n,2,288.55,2.07,N,3
40.76591,32.21616,309.7,0.43,0.38,2024-10-02,2333,N,VIIRS,n,2,279.23,1.55,N,2
40.76592,29.52575,303.7,0.55,0.43,2024-10-02,2333,N,VIIRS,n,2,290.23,2.07,N,3
40.78188,29.60229,299.69,0.54,0.42,2024-10-02,2333,N,VIIRS,n,2,288.54,1.63,N,2
40.79929,29.51289,298.43,0.55,0.43,2024-10-02,2333,N,VIIRS,n,2,285.96,0.76,N,2
40.94477,31.39646,303.4,0.46,0.39,2024-10-02,2333,N,VIIRS,n,2,282.44,0.94,N,2
40.94484,31.39769,301.5,0.46,0.39,2024-10-02,2333,N,VIIRS,n,2,282.8,0.69,N,2
41.01883,28.5556,305.88,0.41,0.45,2024-10-02,2333,N,VIIRS,n,2,285.97,0.88,N,2
41.02297,28.55626,302.24,0.41,0.45,2024-10-02,2333,N,VIIRS,n,2,286.35,0.61,N,2
41.25454,31.41173,321.04,0.46,0.39,2024-10-02,2333,N,VIIRS,n,2,285.17,1.94,N,2
41.26405,31.42513,300.9,0.46,0.39,2024-10-02,2333,N,VIIRS,n,2,287.37,1.19,N,2
41.26709,31.42663,297.83,0.46,0.39,2024-10-02,2333,N,VIIRS,n,2,287.75,1.27,N,2
41.26774,31.42106,298.32,0.46,0.39,2024-10-02,2333,N,VIIRS,n,2,286.7,1.13,N,2
36.26403,33.72876,311.88,0.38,0.36,2024-10-02,2334,N,VIIRS,n,2,292.14,1.23,N,2
36.53206,37.53594,297.08,0.44,0.39,2024-10-02,2334,N,VIIRS,n,2,286.6,1.61,N,0
36.69561,36.20993,309.02,0.4,0.37,2024-10-02,2334,N,VIIRS,n,2,291.86,0.82,N,2
36.71813,36.20192,319.18,0.4,0.37,2024-10-02,2334,N,VIIRS,n,2,291.92,2.22,N,2
36.72407,36.20819,332.85,0.4,0.37,2024-10-02,2334,N,VIIRS,n,2,293.15,5.49,N,2
36.73001,36.2145,306.78,0.4,0.37,2024-10-02,2334,N,VIIRS,n,2,293.21,1.33,N,2
36.73079,36.21004,324.33,0.4,0.37,2024-10-02,2334,N,VIIRS,n,2,295.93,1.33,N,2
36.73415,36.21094,303.58,0.4,0.37,2024-10-02,2334,N,VIIRS,n,2,292.53,1.33,N,2
36.73493,36.20646,313.24,0.4,0.37,2024-10-02,2334,N,VIIRS,n,2,292.23,1.22,N,2
36.73751,36.21183,307.94,0.4,0.37,2024-10-02,2334,N,VIIRS,n,2,292.55,0.82,N,2
36.74087,36.21274,308.58,0.4,0.37,2024-10-02,2334,N,VIIRS,n,2,292.51,0.82,N,2
36.79838,37.02029,301.41,0.42,0.38,2024-10-02,2334,N,VIIRS,n,2,288.09,0.63,N,2
36.86845,34.76214,303.96,0.39,0.36,2024-10-02,2334,N,VIIRS,n,2,290.64,1.43,N,2
36.86914,34.75784,301.32,0.39,0.36,2024-10-02,2334,N,VIIRS,n,2,290.55,0.64,N,2
36.87175,34.76296,303.99,0.39,0.36,2024-10-02,2334,N,VIIRS,n,2,290.13,0.74,N,2
36.96296,35.44895,303.68,0.39,0.36,2024-10-02,2334,N,VIIRS,n,2,290.66,1.73,N,2
37.86321,29.37076,301.44,0.52,0.41,2024-10-02,2334,N,VIIRS,n,2,285.77,0.8,N,2
38.73818,26.95019,298.7,0.69,0.74,2024-10-03,113,N,VIIRS,n,2,286.27,1.46,N,2
38.74019,26.94477,297.34,0.69,0.74,2024-10-03,114,N,VIIRS,n,2,286.12,1.47,N,2
35.52407,44.34641,355.26,0.41,0.61,2024-10-03,913,N,VIIRS,n,2,306.8,4.74,D,2
35.52829,44.33979,355.09,0.41,0.61,2024-10-03,913,N,VIIRS,n,2,304.4,4.74,D,2
35.52948,44.34434,342.69,0.41,0.61,2024-10-03,913,N,VIIRS,n,2,303.26,4.74,D,2
35.53371,44.33777,349.78,0.41,0.61,2024-10-03,913,N,VIIRS,n,2,304.09,4.57,D,2
35.56633,44.28669,335.38,0.41,0.61,2024-10-03,913,N,VIIRS,n,2,304.13,2.51,D,2
35.62677,44.00731,338.36,0.42,0.61,2024-10-03,913,N,VIIRS,n,2,303.19,7.31,D,2
35.62799,44.0119,367.0,0.42,0.61,2024-10-03,913,N,VIIRS,h,2,307.78,13.79,D,2
35.66065,43.96497,367.0,0.43,0.62,2024-10-03,913,N,VIIRS,h,2,307.11,6.56,D,2
35.66335,43.96275,343.38,0.43,0.62,2024-10-03,913,N,VIIRS,n,2,304.23,4.97,D,2
35.66457,43.96737,349.58,0.43,0.62,2024-10-03,913,N,VIIRS,n,2,305.0,6.99,D,2
35.68457,43.87373,341.48,0.43,0.62,2024-10-03,913,N,VIIRS,n,2,305.37,13.25,D,2
35.68581,43.87835,367.0,0.43,0.62,2024-10-03,913,N,VIIRS,h,2,312.68,31.66,D,2
35.70793,43.61854,339.6,0.44,0.63,2024-10-03,913,N,VIIRS,n,2,307.53,2.0,D,0
35.70827,43.61972,339.14,0.44,0.63,2024-10-03,913,N,VIIRS,n,2,306.84,1.66,D,0
35.71034,44.38821,354.19,0.4,0.6,2024-10-03,913,N,VIIRS,n,2,308.03,5.84,D,0
35.72388,44.04206,367.0,0.42,0.61,2024-10-03,913,N,VIIRS,h,2,306.33,5.95,D,2
35.79117,44.204,351.96,0.41,0.61,2024-10-03,913,N,VIIRS,n,2,305.19,4.38,D,0
35.79655,44.20177,355.36,0.41,0.61,2024-10-03,913,N,VIIRS,n,2,305.52,6.39,D,0
35.97254,43.45041,351.61,0.45,0.63,2024-10-03,913,N,VIIRS,n,2,307.0,3.75,D,0
35.97288,43.45405,344.56,0.45,0.63,2024-10-03,913,N,VIIRS,n,2,305.8,4.52,D,0
36.00808,43.87853,344.63,0.42,0.61,2024-10-03,913,N,VIIRS,n,2,306.14,5.98,D,0
36.01668,43.6851,335.77,0.43,0.62,2024-10-03,913,N,VIIRS,n,2,306.59,2.66,D,2
36.02679,43.65453,345.11,0.43,0.62,2024-10-03,913,N,VIIRS,n,2,307.87,7.51,D,0
36.03605,44.46693,344.85,0.39,0.6,2024-10-03,913,N,VIIRS,n,2,303.44,3.32,D,0
36.0372,44.47137,337.06,0.39,0.6,2024-10-03,913,N,VIIRS,n,2,302.79,4.48,D,0
36.03741,44.46942,356.74,0.39,0.59,2024-10-03,913,N,VIIRS,n,2,303.73,6.09,D,0
36.13467,43.61671,367.0,0.43,0.62,2024-10-03,913,N,VIIRS,h,2,306.85,13.38,D,0
36.13476,43.61258,345.08,0.43,0.62,2024-10-03,913,N,VIIRS,n,2,304.03,5.36,D,0
36.13605,43.61729,348.34,0.43,0.62,2024-10-03,913,N,VIIRS,n,2,303.2,5.36,D,0
36.20331,43.68512,367.0,0.43,0.62,2024-10-03,913,N,VIIRS,h,2,309.09,5.51,D,0
36.27608,43.44994,348.51,0.44,0.62,2024-10-03,913,N,VIIRS,n,2,307.47,8.29,D,0
36.31366,43.24788,339.4,0.45,0.63,2024-10-03,913,N,VIIRS,n,2,306.39,3.0,D,0
36.4473,44.35393,334.91,0.39,0.59,2024-10-03,913,N,VIIRS,n,2,300.46,3.75,D,0
36.45171,44.35322,367.0,0.39,0.59,2024-10-03,913,N,VIIRS,h,2,302.95,9.47,D,0
36.45238,44.3511,357.09,0.39,0.59,2024-10-03,913,N,VIIRS,n,2,302.12,3.75,D,0
36.53693,44.00768,335.11,0.4,0.6,2024-10-03,913,N,VIIRS,n,2,304.52,4.85,D,0
36.5382,44.01246,367.0,0.4,0.6,2024-10-03,913,N,VIIRS,h,2,306.11,5.53,D,0
36.53945,44.01717,333.77,0.4,0.6,2024-10-03,913,N,VIIRS,n,2,305.66,5.53,D,0
36.60503,44.13176,349.86,0.4,0.6,2024-10-03,913,N,VIIRS,n,2,304.94,5.57,D,0
36.14187,40.81779,336.07,0.6,0.71,2024-10-03,914,N,VIIRS,n,2,304.84,3.08,D,2
36.6055,44.13225,342.07,0.4,0.6,2024-10-03,914,N,VIIRS,n,2,304.09,5.66,D,0
36.65956,43.35268,348.74,0.43,0.62,2024-10-03,914,N,VIIRS,n,2,307.25,6.43,D,0
36.67404,42.9785,333.68,0.45,0.63,2024-10-03,914,N,VIIRS,n,2,303.14,4.79,D,0
36.71997,43.05469,336.98,0.45,0.63,2024-10-03,914,N,VIIRS,n,2,305.18,4.3,D,0
36.72416,43.04731,341.27,0.45,0.63,2024-10-03,914,N,VIIRS,n,2,307.87,6.13,D,0
36.72554,43.05236,351.64,0.45,0.63,2024-10-03,914,N,VIIRS,n,2,307.71,6.13,D,0
36.77606,43.32677,354.8,0.43,0.62,2024-10-03,914,N,VIIRS,n,2,303.39,8.29,D,2
36.78321,40.89835,340.88,0.57,0.69,2024-10-03,914,N,VIIRS,n,2,307.38,5.58,D,0
36.79251,40.69138,337.67,0.59,0.7,2024-10-03,914,N,VIIRS,n,2,305.83,3.76,D,0
36.82426,42.13177,335.69,0.5,0.65,2024-10-03,914,N,VIIRS,n,2,307.6,3.82,D,0
36.82511,42.13078,335.05,0.49,0.65,2024-10-03,914,N,VIIRS,n,2,307.13,2.78,D,0
36.86787,42.87051,335.79,0.45,0.63,2024-10-03,914,N,VIIRS,n,2,304.64,3.67,D,0
36.86869,42.03281,349.04,0.5,0.66,2024-10-03,914,N,VIIRS,n,2,307.57,4.03,D,0
36.89157,43.42791,336.15,0.42,0.61,2024-10-03,914,N,VIIRS,n,2,296.25,2.65,D,2
37.02625,42.47672,336.64,0.47,0.64,2024-10-03,914,N,VIIRS,n,2,306.05,4.73,D,0
37.05847,40.66518,341.19,0.58,0.7,2024-10-03,914,N,VIIRS,n,2,305.49,5.87,D,0
37.0818,41.62488,367.0,0.52,0.67,2024-10-03,914,N,VIIRS,h,2,311.72,11.0,D,0
37.08775,41.62254,349.87,0.52,0.67,2024-10-03,914,N,VIIRS,n,2,306.21,11.0,D,0
37.12867,40.26762,334.41,0.6,0.71,2024-10-03,914,N,VIIRS,n,2,301.1,6.85,D,0
37.13633,41.76804,334.45,0.51,0.66,2024-10-03,914,N,VIIRS,n,2,305.06,2.42,D,0
37.14835,41.71819,337.01,0.51,0.66,2024-10-03,914,N,VIIRS,n,2,306.15,2.83,D,0
37.152,38.30984,330.09,0.75,0.77,2024-10-03,914,N,VIIRS,n,2,304.16,4.57,D,0
37.18753,41.74025,336.43,0.51,0.66,2024-10-03,914,N,VIIRS,n,2,304.92,2.54,D,0
37.18754,41.74026,335.78,0.51,0.66,2024-10-03,914,N,VIIRS,n,2,305.05,3.29,D,0
37.21251,41.78101,334.46,0.5,0.66,2024-10-03,914,N,VIIRS,n,2,304.66,8.94,D,0
37.215,41.76694,342.09,0.5,0.66,2024-10-03,914,N,VIIRS,n,2,303.66,4.31,D,0
37.21835,41.77851,344.43,0.5,0.66,2024-10-03,914,N,VIIRS,n,2,302.37,8.94,D,0
37.22004,41.78435,367.0,0.5,0.66,2024-10-03,914,N,VIIRS,h,2,309.16,45.7,D,0
37.22911,39.20643,334.65,0.68,0.74,2024-10-03,914,N,VIIRS,n,2,303.05,4.11,D,0
37.23707,39.94924,336.12,0.62,0.72,2024-10-03,914,N,VIIRS,n,2,304.84,5.02,D,0
37.34816,42.67167,341.57,0.45,0.63,2024-10-03,914,N,VIIRS,n,2,294.11,2.91,D,0
37.44968,39.55059,342.69,0.64,0.72,2024-10-03,914,N,VIIRS,n,2,307.72,7.0,D,0
37.45394,39.55039,356.71,0.64,0.72,2024-10-03,914,N,VIIRS,n,2,307.74,15.28,D,0
37.49253,38.63761,352.41,0.71,0.75,2024-10-03,914,N,VIIRS,n,2,302.79,10.95,D,0
37.4932,38.63803,352.89,0.71,0.75,2024-10-03,914,N,VIIRS,n,2,302.13,10.49,D,0
37.56571,39.44168,357.11,0.65,0.73,2024-10-03,914,N,VIIRS,n,2,305.73,12.29,D,0
37.57597,38.33817,343.23,0.73,0.76,2024-10-03,914,N,VIIRS,n,2,299.63,6.6,D,0
37.57763,38.33785,367.0,0.73,0.76,2024-10-03,914,N,VIIRS,h,2,299.43,17.43,D,0
37.58266,38.33505,334.56,0.73,0.76,2024-10-03,914,N,VIIRS,n,2,298.76,6.6,D,0
37.60357,38.86657,335.59,0.69,0.74,2024-10-03,914,N,VIIRS,n,2,302.46,5.53,D,0
37.73502,39.50806,331.74,0.63,0.72,2024-10-03,914,N,VIIRS,n,2,305.13,4.36,D,0
37.75404,39.41467,336.61,0.64,0.72,2024-10-03,914,N,VIIRS,n,2,304.13,5.85,D,0
37.77863,40.95604,338.07,0.54,0.67,2024-10-03,914,N,VIIRS,n,2,299.14,5.2,D,0
37.91333,41.03234,338.84,0.53,0.67,2024-10-03,914,N,VIIRS,n,2,307.02,2.99,D,0
37.92533,40.34054,330.69,0.57,0.69,2024-10-03,914,N,VIIRS,n,2,304.17,1.96,D,0
37.94426,40.7321,352.94,0.54,0.68,2024-10-03,914,N,VIIRS,n,2,307.69,10.32,D,0
37.95472,40.88098,347.46,0.53,0.67,2024-10-03,914,N,VIIRS,n,2,307.35,7.66,D,0
37.95588,40.87956,351.19,0.53,0.67,2024-10-03,914,N,VIIRS,n,2,307.38,6.71,D,0
38.02723,40.43959,345.28,0.56,0.69,2024-10-03,914,N,VIIRS,n,2,307.44,13.73,D,0
38.02915,40.44594,367.0,0.56,0.69,2024-10-03,914,N,VIIRS,h,2,307.31,23.84,D,0
38.03119,40.44025,367.0,0.56,0.69,2024-10-03,914,N,VIIRS,h,2,306.47,13.59,D,0
38.03308,40.44661,349.83,0.56,0.69,2024-10-03,914,N,VIIRS,n,2,305.3,13.59,D,0
38.0451,40.44079,333.19,0.56,0.69,2024-10-03,914,N,VIIRS,n,2,303.35,2.15,D,0
38.0784,41.16404,330.33,0.51,0.66,2024-10-03,914,N,VIIRS,n,2,303.63,2.96,D,0
38.14832,40.83746,345.72,0.53,0.67,2024-10-03,914,N,VIIRS,n,2,303.34,5.65,D,0
38.16613,40.72015,334.91,0.54,0.68,2024-10-03,914,N,VIIRS,n,2,303.21,3.61,D,0
38.17998,40.6527,367.0,0.54,0.68,2024-10-03,914,N,VIIRS,h,2,307.28,12.87,D,0
38.18129,40.99611,349.33,0.52,0.67,2024-10-03,914,N,VIIRS,n,2,302.24,6.74,D,0
38.18216,40.99974,340.17,0.52,0.67,2024-10-03,914,N,VIIRS,n,2,301.82,10.74,D,0
38.26041,40.48598,332.17,0.55,0.68,2024-10-03,914,N,VIIRS,n,2,303.24,4.25,D,0
38.99623,41.8983,334.53,0.45,0.63,2024-10-03,914,N,VIIRS,n,2,299.19,4.43,D,0
39.00163,41.89533,333.54,0.45,0.63,2024-10-03,914,N,VIIRS,n,2,298.58,4.43,D,0
40.02576,44.09813,328.7,0.32,0.55,2024-10-03,914,N,VIIRS,n,2,296.92,2.93,D,0
40.02765,44.10547,326.61,0.32,0.55,2024-10-03,914,N,VIIRS,n,2,295.16,3.02,D,0
40.02859,44.10914,347.11,0.32,0.55,2024-10-03,914,N,VIIRS,n,2,295.83,3.02,D,0
40.03062,44.09602,334.19,0.32,0.55,2024-10-03,914,N,VIIRS,n,2,295.18,2.93,D,0
35.52676,44.34189,351.72,0.47,0.64,2024-10-03,1054,N,VIIRS,n,2,305.42,8.06,D,2
35.52839,44.3408,367.0,0.47,0.64,2024-10-03,1054,N,VIIRS,h,2,305.58,8.07,D,2
35.53249,44.33617,350.4,0.47,0.64,2024-10-03,1054,N,VIIRS,n,2,304.55,5.72,D,2
35.53275,44.34144,346.99,0.47,0.64,2024-10-03,1054,N,VIIRS,n,2,305.46,8.39,D,2
35.53415,44.335,338.57,0.47,0.64,2024-10-03,1054,N,VIIRS,n,2,303.66,8.07,D,2
35.62584,44.01003,338.02,0.45,0.63,2024-10-03,1054,N,VIIRS,n,2,305.2,4.03,D,2
35.62975,44.00711,367.0,0.45,0.63,2024-10-03,1054,N,VIIRS,h,2,311.35,20.49,D,2
35.62984,43.4269,367.0,0.42,0.61,2024-10-03,1054,N,VIIRS,h,2,310.41,52.82,D,0
35.66336,43.96827,335.57,0.45,0.63,2024-10-03,1054,N,VIIRS,n,2,306.1,7.62,D,2
35.68813,43.8747,354.9,0.45,0.63,2024-10-03,1054,N,VIIRS,n,2,306.08,13.62,D,2
35.68839,43.8798,345.31,0.45,0.63,2024-10-03,1054,N,VIIRS,n,2,304.82,25.44,D,2
35.72362,44.04219,367.0,0.46,0.63,2024-10-03,1054,N,VIIRS,h,2,307.83,9.05,D,2
35.80328,37.92656,344.81,0.42,0.45,2024-10-03,1054,N,VIIRS,n,2,311.56,3.69,D,0
35.82021,44.19453,336.81,0.47,0.64,2024-10-03,1054,N,VIIRS,n,2,304.31,2.09,D,0
35.89122,44.11687,345.07,0.46,0.64,2024-10-03,1054,N,VIIRS,n,2,306.74,5.42,D,0
35.96753,43.44749,349.58,0.42,0.61,2024-10-03,1054,N,VIIRS,n,2,307.19,5.73,D,0
35.96778,43.45229,367.0,0.42,0.61,2024-10-03,1054,N,VIIRS,h,2,309.44,5.73,D,0
35.97354,43.45212,339.8,0.42,0.61,2024-10-03,1054,N,VIIRS,n,2,308.32,5.85,D,0
36.01709,44.45963,342.96,0.48,0.65,2024-10-03,1054,N,VIIRS,n,2,303.47,4.22,D,0
36.0486,44.48396,351.9,0.49,0.65,2024-10-03,1054,N,VIIRS,n,2,303.49,10.59,D,0
36.04962,44.48427,367.0,0.49,0.65,2024-10-03,1054,N,VIIRS,h,2,304.32,5.66,D,0
36.05145,43.60284,336.05,0.43,0.62,2024-10-03,1054,N,VIIRS,n,2,305.22,3.89,D,0
36.0737,37.00182,337.85,0.57,0.43,2024-10-03,1054,N,VIIRS,n,2,309.93,4.31,D,0
36.12529,43.82395,339.04,0.45,0.63,2024-10-03,1054,N,VIIRS,n,2,305.48,5.55,D,0
36.12692,43.82275,345.68,0.45,0.63,2024-10-03,1054,N,VIIRS,n,2,306.11,5.22,D,0
36.12881,43.64803,337.18,0.44,0.62,2024-10-03,1054,N,VIIRS,n,2,304.34,2.87,D,0
36.20073,43.68645,337.52,0.44,0.62,2024-10-03,1054,N,VIIRS,n,2,306.52,2.82,D,0
36.20926,43.30424,345.14,0.42,0.61,2024-10-03,1054,N,VIIRS,n,2,305.88,2.91,D,0
36.25679,29.91829,333.03,0.39,0.36,2024-10-03,1054,N,VIIRS,n,2,299.65,3.18,D,0
36.62533,43.33868,346.97,0.42,0.61,2024-10-03,1054,N,VIIRS,n,2,307.01,7.47,D,0
36.62556,43.34358,355.88,0.42,0.61,2024-10-03,1054,N,VIIRS,n,2,309.07,8.54,D,0
36.62967,43.33666,353.82,0.42,0.61,2024-10-03,1054,N,VIIRS,n,2,308.67,9.59,D,0
36.62993,43.34151,367.0,0.42,0.61,2024-10-03,1054,N,VIIRS,h,2,311.14,18.91,D,0
36.63107,43.33825,356.72,0.42,0.61,2024-10-03,1054,N,VIIRS,n,2,307.35,8.68,D,0
36.67012,36.80569,349.4,0.56,0.43,2024-10-03,1054,N,VIIRS,n,2,309.12,52.77,D,0
36.67881,36.81177,336.58,0.56,0.43,2024-10-03,1054,N,VIIRS,n,2,302.83,23.39,D,0
36.6949,43.13021,353.41,0.41,0.61,2024-10-03,1054,N,VIIRS,n,2,307.41,5.6,D,0
36.69516,43.13497,332.61,0.41,0.61,2024-10-03,1054,N,VIIRS,n,2,306.91,5.21,D,0
36.70057,43.12972,367.0,0.41,0.61,2024-10-03,1054,N,VIIRS,h,2,304.27,8.28,D,0
36.71754,43.02531,354.79,0.41,0.6,2024-10-03,1054,N,VIIRS,n,2,309.15,5.04,D,0
36.71907,43.05262,343.44,0.41,0.61,2024-10-03,1054,N,VIIRS,n,2,306.29,3.74,D,0
36.7198,43.02084,351.36,0.41,0.6,2024-10-03,1054,N,VIIRS,n,2,306.71,5.3,D,0
36.72002,43.02537,367.0,0.41,0.6,2024-10-03,1054,N,VIIRS,h,2,309.2,5.3,D,0
36.72116,43.04811,337.41,0.41,0.61,2024-10-03,1054,N,VIIRS,n,2,307.53,6.7,D,0
36.72139,43.05268,367.0,0.41,0.61,2024-10-03,1054,N,VIIRS,h,2,307.39,6.7,D,0
36.72162,43.05732,338.35,0.41,0.61,2024-10-03,1054,N,VIIRS,n,2,305.03,7.56,D,0
36.72293,43.02045,356.6,0.41,0.6,2024-10-03,1054,N,VIIRS,n,2,305.08,5.04,D,0
36.72319,43.02502,347.4,0.41,0.6,2024-10-03,1054,N,VIIRS,n,2,303.44,5.04,D,0
36.72471,43.0522,347.46,0.41,0.61,2024-10-03,1054,N,VIIRS,n,2,305.25,3.74,D,0
36.72498,43.05681,339.43,0.41,0.61,2024-10-03,1054,N,VIIRS,n,2,304.35,8.02,D,0
36.72543,43.02031,338.28,0.41,0.6,2024-10-03,1054,N,VIIRS,n,2,302.13,5.3,D,0
36.74467,39.80348,344.11,0.54,0.51,2024-10-03,1054,N,VIIRS,n,2,312.47,17.66,D,0
36.75404,38.48317,338.71,0.46,0.47,2024-10-03,1054,N,VIIRS,n,2,308.65,2.91,D,0
36.7748,43.32114,336.35,0.42,0.61,2024-10-03,1054,N,VIIRS,n,2,304.77,3.63,D,2
36.77503,43.32585,341.55,0.42,0.61,2024-10-03,1054,N,VIIRS,n,2,303.77,6.29,D,2
36.77955,42.97348,337.73,0.41,0.6,2024-10-03,1054,N,VIIRS,n,2,302.57,1.73,D,0
36.78048,39.38651,348.26,0.51,0.5,2024-10-03,1054,N,VIIRS,n,2,307.59,7.62,D,0
36.78118,39.38838,343.34,0.51,0.5,2024-10-03,1054,N,VIIRS,n,2,306.8,9.24,D,0
36.80506,31.7881,339.24,0.39,0.36,2024-10-03,1054,N,VIIRS,n,2,297.3,5.19,D,0
36.81357,40.19732,345.24,0.57,0.52,2024-10-03,1054,N,VIIRS,n,2,309.23,10.78,D,0
36.85709,40.51178,343.78,0.59,0.53,2024-10-03,1054,N,VIIRS,n,2,308.91,8.36,D,0
36.85899,40.51048,347.33,0.59,0.53,2024-10-03,1054,N,VIIRS,n,2,308.74,6.02,D,0
36.87035,43.4887,355.0,0.43,0.62,2024-10-03,1054,N,VIIRS,n,2,295.83,6.17,D,2
36.89076,43.4308,336.07,0.43,0.62,2024-10-03,1054,N,VIIRS,n,2,295.27,3.28,D,2
36.9063,43.39393,338.15,0.43,0.62,2024-10-03,1054,N,VIIRS,n,2,295.94,6.21,D,2
36.90874,40.72639,336.92,0.61,0.53,2024-10-03,1054,N,VIIRS,n,2,307.19,3.21,D,0
36.91798,41.01173,344.45,0.63,0.54,2024-10-03,1054,N,VIIRS,n,2,309.28,7.71,D,0
36.91916,41.01227,344.25,0.63,0.54,2024-10-03,1054,N,VIIRS,n,2,309.48,12.08,D,0
36.92303,41.01117,346.54,0.63,0.54,2024-10-03,1054,N,VIIRS,n,2,309.11,7.71,D,0
36.93415,42.68436,367.0,0.39,0.59,2024-10-03,1054,N,VIIRS,h,2,309.23,5.14,D,0
36.93439,42.68882,339.42,0.39,0.59,2024-10-03,1054,N,VIIRS,n,2,307.89,5.14,D,0
36.98081,42.52595,342.61,0.38,0.59,2024-10-03,1054,N,VIIRS,n,2,309.41,3.58,D,0
36.98602,40.48972,338.07,0.59,0.53,2024-10-03,1054,N,VIIRS,n,2,307.2,4.51,D,0
36.98937,38.69133,338.23,0.47,0.48,2024-10-03,1054,N,VIIRS,n,2,309.13,2.88,D,0
37.01527,42.3469,351.38,0.38,0.58,2024-10-03,1054,N,VIIRS,n,2,307.53,5.93,D,0
37.074,35.67921,341.46,0.5,0.41,2024-10-03,1054,N,VIIRS,n,2,309.21,3.99,D,0
37.0767,42.5581,348.14,0.39,0.59,2024-10-03,1054,N,VIIRS,n,2,305.28,3.32,D,2
37.18482,41.74181,336.19,0.35,0.57,2024-10-03,1054,N,VIIRS,n,2,305.89,3.55,D,0
37.20783,41.77112,341.32,0.35,0.57,2024-10-03,1054,N,VIIRS,n,2,306.94,6.01,D,0
37.20807,41.77504,367.0,0.35,0.57,2024-10-03,1054,N,VIIRS,h,2,308.65,6.14,D,0
37.20831,41.77895,353.27,0.35,0.57,2024-10-03,1054,N,VIIRS,n,2,307.89,6.14,D,0
37.20901,41.79073,338.52,0.35,0.57,2024-10-03,1054,N,VIIRS,n,2,306.36,9.3,D,0
37.2132,42.13636,367.0,0.37,0.58,2024-10-03,1054,N,VIIRS,h,2,313.22,12.65,D,0
37.21406,41.7862,339.59,0.35,0.57,2024-10-03,1054,N,VIIRS,n,2,307.6,9.8,D,0
37.2143,41.79011,367.0,0.35,0.57,2024-10-03,1054,N,VIIRS,h,2,309.81,9.3,D,0
37.21454,41.79402,367.0,0.35,0.57,2024-10-03,1054,N,VIIRS,h,2,310.51,9.3,D,0
37.21502,41.80195,367.0,0.35,0.57,2024-10-03,1054,N,VIIRS,h,2,325.78,123.94,D,0
37.21551,41.81001,338.5,0.35,0.57,2024-10-03,1054,N,VIIRS,n,2,300.72,66.23,D,0
37.2203,41.80125,336.94,0.35,0.57,2024-10-03,1054,N,VIIRS,n,2,307.13,17.62,D,0
37.22079,41.80931,355.16,0.35,0.57,2024-10-03,1054,N,VIIRS,n,2,316.76,64.77,D,0
37.22104,41.81338,367.0,0.35,0.57,2024-10-03,1054,N,VIIRS,h,2,302.64,25.36,D,0
37.22438,41.78107,345.22,0.35,0.57,2024-10-03,1054,N,VIIRS,n,2,307.15,4.58,D,0
37.22462,41.7849,341.42,0.35,0.57,2024-10-03,1054,N,VIIRS,n,2,308.43,4.58,D,0
37.22632,41.81262,367.0,0.35,0.57,2024-10-03,1054,N,VIIRS,h,2,310.82,25.36,D,0
37.22657,41.8167,367.0,0.35,0.57,2024-10-03,1054,N,VIIRS,h,2,308.61,25.36,D,0
37.22682,41.82078,349.74,0.35,0.57,2024-10-03,1054,N,VIIRS,n,2,301.06,12.12,D,0
37.23013,41.78794,353.14,0.35,0.57,2024-10-03,1054,N,VIIRS,n,2,306.16,7.36,D,0
37.2311,41.80366,337.82,0.35,0.57,2024-10-03,1054,N,VIIRS,n,2,305.68,4.24,D,0
37.23185,41.81589,367.0,0.35,0.57,2024-10-03,1054,N,VIIRS,h,2,306.13,14.18,D,0
37.23211,41.81999,350.39,0.35,0.57,2024-10-03,1054,N,VIIRS,n,2,311.19,22.11,D,0
37.23236,41.82411,367.0,0.35,0.57,2024-10-03,1054,N,VIIRS,h,2,303.95,22.11,D,0
37.25178,39.95814,342.4,0.56,0.51,2024-10-03,1054,N,VIIRS,n,2,309.25,2.91,D,0
37.29814,41.79507,338.99,0.35,0.57,2024-10-03,1054,N,VIIRS,n,2,304.26,2.5,D,0
37.36432,40.12259,341.37,0.57,0.52,2024-10-03,1054,N,VIIRS,n,2,310.06,3.54,D,0
37.36599,40.12454,342.33,0.57,0.52,2024-10-03,1054,N,VIIRS,n,2,310.01,3.56,D,0
37.45012,40.86515,332.22,0.63,0.54,2024-10-03,1054,N,VIIRS,n,2,302.86,2.94,D,0
37.46235,37.0083,349.68,0.39,0.44,2024-10-03,1054,N,VIIRS,n,2,307.47,4.91,D,0
37.46523,41.25789,338.59,0.33,0.55,2024-10-03,1054,N,VIIRS,n,2,305.74,2.54,D,0
37.52332,38.47264,338.55,0.47,0.47,2024-10-03,1054,N,VIIRS,n,2,303.57,3.95,D,0
37.54507,38.11426,343.07,0.45,0.47,2024-10-03,1054,N,VIIRS,n,2,311.53,4.94,D,0
37.55218,38.96384,339.52,0.5,0.49,2024-10-03,1054,N,VIIRS,n,2,310.55,9.67,D,0
37.55267,38.96969,343.12,0.5,0.49,2024-10-03,1054,N,VIIRS,n,2,311.9,18.12,D,0
37.66109,38.88696,337.13,0.49,0.49,2024-10-03,1054,N,VIIRS,n,2,304.19,3.28,D,0
37.68153,38.79044,344.02,0.49,0.48,2024-10-03,1054,N,VIIRS,n,2,308.15,4.03,D,0
37.70801,37.97355,342.61,0.44,0.46,2024-10-03,1054,N,VIIRS,n,2,309.56,5.96,D,0
37.70845,37.97831,346.52,0.44,0.46,2024-10-03,1054,N,VIIRS,n,2,310.79,10.81,D,0
37.71189,38.40498,346.69,0.47,0.47,2024-10-03,1054,N,VIIRS,n,2,310.32,10.66,D,0
37.71828,38.17987,346.4,0.45,0.47,2024-10-03,1054,N,VIIRS,n,2,309.31,4.84,D,0
37.746,38.748,346.93,0.49,0.48,2024-10-03,1054,N,VIIRS,n,2,310.95,21.15,D,0
37.75364,40.5998,342.82,0.61,0.54,2024-10-03,1054,N,VIIRS,n,2,304.46,14.29,D,0
37.7613,40.49339,331.13,0.6,0.53,2024-10-03,1054,N,VIIRS,n,2,303.56,3.29,D,0
37.77873,38.46331,342.65,0.47,0.48,2024-10-03,1054,N,VIIRS,n,2,308.61,7.1,D,0
37.77919,38.46876,341.78,0.47,0.48,2024-10-03,1054,N,VIIRS,n,2,306.59,9.27,D,0
37.79006,38.87667,341.83,0.49,0.49,2024-10-03,1054,N,VIIRS,n,2,311.66,11.84,D,0
37.79352,38.87835,357.19,0.49,0.49,2024-10-03,1054,N,VIIRS,n,2,306.82,12.4,D,0
37.86384,40.90734,367.0,0.32,0.54,2024-10-03,1054,N,VIIRS,h,2,307.68,4.58,D,0
37.86407,40.911,338.41,0.32,0.54,2024-10-03,1054,N,VIIRS,n,2,306.28,4.58,D,0
37.89853,40.96939,340.42,0.32,0.55,2024-10-03,1054,N,VIIRS,n,2,308.85,5.59,D,0
37.92506,40.34071,348.78,0.59,0.53,2024-10-03,1054,N,VIIRS,n,2,308.97,5.4,D,0
37.92677,40.33968,344.64,0.59,0.53,2024-10-03,1054,N,VIIRS,n,2,309.63,6.03,D,0
37.92723,40.34643,340.33,0.6,0.53,2024-10-03,1054,N,VIIRS,n,2,308.27,6.03,D,0
37.93898,40.96168,341.62,0.32,0.55,2024-10-03,1054,N,VIIRS,n,2,309.25,1.58,D,0
37.94265,40.72922,351.58,0.63,0.54,2024-10-03,1054,N,VIIRS,n,2,311.02,7.19,D,0
37.94329,40.72965,352.27,0.62,0.54,2024-10-03,1054,N,VIIRS,n,2,310.84,12.01,D,0
37.94769,40.72893,345.6,0.63,0.54,2024-10-03,1054,N,VIIRS,n,2,308.52,7.19,D,0
37.95698,40.87386,342.38,0.32,0.54,2024-10-03,1054,N,VIIRS,n,2,308.11,2.14,D,0
37.95723,40.87772,340.53,0.32,0.54,2024-10-03,1054,N,VIIRS,n,2,309.79,2.14,D,0
37.99009,40.01733,343.86,0.57,0.52,2024-10-03,1054,N,VIIRS,n,2,310.52,6.01,D,0
37.99194,40.01888,343.24,0.57,0.52,2024-10-03,1054,N,VIIRS,n,2,310.44,3.93,D,0
38.03508,40.67655,342.63,0.62,0.54,2024-10-03,1054,N,VIIRS,n,2,309.11,3.32,D,0
38.03912,40.67489,339.8,0.62,0.54,2024-10-03,1054,N,VIIRS,n,2,309.01,9.82,D,0
38.05798,40.93363,346.1,0.32,0.55,2024-10-03,1054,N,VIIRS,n,2,310.86,2.49,D,0
38.09375,40.66168,337.98,0.62,0.54,2024-10-03,1054,N,VIIRS,n,2,307.22,4.03,D,0
38.12933,40.00914,341.14,0.57,0.52,2024-10-03,1054,N,VIIRS,n,2,308.59,3.13,D,0
38.1298,40.01574,338.72,0.57,0.52,2024-10-03,1054,N,VIIRS,n,2,307.8,4.84,D,0
38.14369,39.74369,339.31,0.55,0.51,2024-10-03,1054,N,VIIRS,n,2,309.51,1.63,D,0
38.14536,40.30865,342.17,0.6,0.53,2024-10-03,1054,N,VIIRS,n,2,311.54,7.55,D,0
38.15028,40.30815,343.06,0.6,0.53,2024-10-03,1054,N,VIIRS,n,2,308.61,7.55,D,0
38.15866,40.28616,342.36,0.59,0.53,2024-10-03,1054,N,VIIRS,n,2,310.14,5.79,D,0
38.16093,40.85217,341.22,0.32,0.54,2024-10-03,1054,N,VIIRS,n,2,311.01,2.45,D,0
38.16272,40.7204,338.69,0.63,0.54,2024-10-03,1054,N,VIIRS,n,2,307.17,15.58,D,0
38.16293,40.712,343.89,0.63,0.54,2024-10-03,1054,N,VIIRS,n,2,308.03,8.47,D,0
38.16341,40.71901,347.68,0.63,0.54,2024-10-03,1054,N,VIIRS,n,2,307.74,7.78,D,0
38.16391,40.72603,338.65,0.63,0.54,2024-10-03,1054,N,VIIRS,n,2,308.03,7.78,D,0
38.16457,40.80786,337.58,0.63,0.54,2024-10-03,1054,N,VIIRS,n,2,308.58,8.86,D,0
38.16684,40.70582,343.78,0.63,0.54,2024-10-03,1054,N,VIIRS,n,2,307.92,13.89,D,0
38.16729,40.71291,367.0,0.63,0.54,2024-10-03,1054,N,VIIRS,h,2,306.32,15.58,D,0
38.16775,40.71996,341.02,0.63,0.54,2024-10-03,1054,N,VIIRS,n,2,307.15,15.58,D,0
38.16791,40.80149,367.0,0.63,0.54,2024-10-03,1054,N,VIIRS,h,2,310.6,12.33,D,0
38.1691,40.79987,367.0,0.63,0.54,2024-10-03,1054,N,VIIRS,h,2,311.86,21.32,D,0
38.17137,40.69774,351.56,0.63,0.54,2024-10-03,1054,N,VIIRS,n,2,307.05,32.49,D,0
38.17296,40.80084,342.09,0.63,0.54,2024-10-03,1054,N,VIIRS,n,2,306.33,12.33,D,0
38.17639,40.69709,344.98,0.63,0.54,2024-10-03,1054,N,VIIRS,n,2,309.46,32.49,D,0
38.18024,40.83505,347.56,0.32,0.54,2024-10-03,1054,N,VIIRS,n,2,309.0,4.22,D,0
38.18546,40.99884,343.98,0.33,0.55,2024-10-03,1054,N,VIIRS,n,2,307.28,4.72,D,0
38.21909,40.65537,345.02,0.62,0.54,2024-10-03,1054,N,VIIRS,n,2,309.03,6.38,D,0
37.24637,28.33588,335.13,0.41,0.37,2024-10-03,1055,N,VIIRS,n,2,303.59,3.85,D,0
37.36293,29.46402,353.15,0.39,0.36,2024-10-03,1055,N,VIIRS,n,2,310.95,4.2,D,0
37.63195,31.77129,336.64,0.39,0.36,2024-10-03,1055,N,VIIRS,n,2,305.58,3.16,D,0
37.71701,31.79956,338.89,0.39,0.36,2024-10-03,1055,N,VIIRS,n,2,305.04,2.78,D,0
37.72599,31.83844,330.24,0.39,0.36,2024-10-03,1055,N,VIIRS,n,2,303.73,2.11,D,0
37.73617,31.71806,336.87,0.39,0.36,2024-10-03,1055,N,VIIRS,n,2,306.48,3.45,D,0
37.77341,31.77432,335.89,0.39,0.36,2024-10-03,1055,N,VIIRS,n,2,302.49,2.63,D,0
37.83894,32.83255,335.58,0.41,0.37,2024-10-03,1055,N,VIIRS,n,2,308.3,2.08,D,0
37.92069,32.7691,339.17,0.41,0.37,2024-10-03,1055,N,VIIRS,n,2,304.06,2.88,D,0
38.12548,27.65905,339.18,0.42,0.38,2024-10-03,1055,N,VIIRS,n,2,305.76,2.11,D,0
38.16856,27.80132,342.59,0.42,0.38,2024-10-03,1055,N,VIIRS,n,2,306.32,2.76,D,0
38.2551,40.45013,340.18,0.61,0.53,2024-10-03,1055,N,VIIRS,n,2,308.73,4.74,D,0
38.26744,37.10266,343.73,0.4,0.45,2024-10-03,1055,N,VIIRS,n,2,302.23,3.35,D,0
38.37266,31.82038,333.77,0.39,0.36,2024-10-03,1055,N,VIIRS,n,2,303.73,1.65,D,0
38.3868,37.10299,339.88,0.41,0.45,2024-10-03,1055,N,VIIRS,n,2,304.7,3.94,D,0
38.40656,30.8413,339.49,0.38,0.36,2024-10-03,1055,N,VIIRS,n,2,304.89,3.83,D,0
38.42176,30.80595,342.32,0.38,0.36,2024-10-03,1055,N,VIIRS,n,2,312.88,4.57,D,0
38.4303,30.81749,349.14,0.38,0.36,2024-10-03,1055,N,VIIRS,n,2,317.79,6.56,D,0
38.43359,30.81669,349.33,0.38,0.36,2024-10-03,1055,N,VIIRS,n,2,312.78,6.56,D,0
38.46251,28.44168,338.78,0.4,0.37,2024-10-03,1055,N,VIIRS,n,2,307.49,1.52,D,0
38.4633,28.4463,335.42,0.4,0.37,2024-10-03,1055,N,VIIRS,n,2,308.37,1.52,D,0
38.51418,28.51957,338.63,0.4,0.37,2024-10-03,1055,N,VIIRS,n,2,304.7,2.24,D,0
38.559,27.73807,346.88,0.42,0.37,2024-10-03,1055,N,VIIRS,n,2,305.56,6.71,D,0
38.57705,38.13123,347.37,0.46,0.47,2024-10-03,1055,N,VIIRS,n,2,312.01,27.33,D,0
38.5771,38.12883,345.4,0.46,0.47,2024-10-03,1055,N,VIIRS,n,2,311.73,22.1,D,0
38.6041,27.01582,334.49,0.44,0.38,2024-10-03,1055,N,VIIRS,n,2,302.44,2.13,D,0
38.64228,37.17996,342.07,0.41,0.45,2024-10-03,1055,N,VIIRS,n,2,307.16,5.06,D,0
38.65929,26.7763,337.27,0.44,0.39,2024-10-03,1055,N,VIIRS,n,2,305.49,2.48,D,0
38.72847,29.26291,336.87,0.39,0.36,2024-10-03,1055,N,VIIRS,n,2,305.23,2.46,D,0
38.76612,31.985,343.15,0.4,0.37,2024-10-03,1055,N,VIIRS,n,2,308.76,5.74,D,0
38.76674,31.98956,343.45,0.4,0.37,2024-10-03,1055,N,VIIRS,n,2,307.68,5.74,D,0
38.76746,39.94204,341.83,0.58,0.52,2024-10-03,1055,N,VIIRS,n,2,307.76,8.25,D,0
38.77088,32.04508,337.87,0.4,0.37,2024-10-03,1055,N,VIIRS,n,2,306.38,4.04,D,0
38.77151,32.04965,341.82,0.4,0.37,2024-10-03,1055,N,VIIRS,n,2,308.46,2.4,D,0
38.77424,32.04433,343.73,0.4,0.37,2024-10-03,1055,N,VIIRS,n,2,311.11,18.49,D,0
38.81872,29.61254,336.32,0.39,0.36,2024-10-03,1055,N,VIIRS,n,2,299.46,3.36,D,0
38.83725,41.70301,335.42,0.36,0.57,2024-10-03,1055,N,VIIRS,n,2,304.39,2.43,D,0
38.83749,41.70706,336.19,0.36,0.57,2024-10-03,1055,N,VIIRS,n,2,305.04,2.43,D,0
38.84039,41.70322,367.0,0.36,0.57,2024-10-03,1055,N,VIIRS,h,2,306.67,8.86,D,0
38.8428,41.70603,335.86,0.36,0.57,2024-10-03,1055,N,VIIRS,n,2,304.98,4.02,D,0
39.02063,37.08804,367.0,0.41,0.45,2024-10-03,1055,N,VIIRS,h,2,305.41,7.57,D,0
39.02173,36.39812,335.18,0.57,0.43,2024-10-03,1055,N,VIIRS,n,2,304.86,3.24,D,0
39.02187,37.08915,342.26,0.41,0.45,2024-10-03,1055,N,VIIRS,n,2,307.01,10.34,D,0
39.02476,37.08731,350.12,0.41,0.45,2024-10-03,1055,N,VIIRS,n,2,304.63,7.57,D,0
39.06992,31.88797,335.15,0.4,0.37,2024-10-03,1055,N,VIIRS,n,2,306.39,2.99,D,0
39.15472,34.74823,339.65,0.49,0.4,2024-10-03,1055,N,VIIRS,n,2,302.78,4.13,D,0
39.24252,36.85537,342.51,0.4,0.45,2024-10-03,1055,N,VIIRS,n,2,305.1,7.8,D,0
39.29631,27.74019,343.4,0.41,0.37,2024-10-03,1055,N,VIIRS,n,2,300.7,5.31,D,0
39.29967,27.73918,345.21,0.41,0.37,2024-10-03,1055,N,VIIRS,n,2,297.98,7.04,D,0
39.47595,34.98698,331.7,0.5,0.41,2024-10-03,1055,N,VIIRS,n,2,303.81,3.01,D,0
39.63021,43.2477,332.08,0.44,0.63,2024-10-03,1055,N,VIIRS,n,2,299.28,3.21,D,0
39.69039,27.79418,345.1,0.41,0.37,2024-10-03,1055,N,VIIRS,n,2,303.63,1.25,D,0
39.69121,27.79892,346.77,0.41,0.37,2024-10-03,1055,N,VIIRS,n,2,303.74,2.18,D,0
39.69202,27.80367,337.73,0.41,0.37,2024-10-03,1055,N,VIIRS,n,2,304.46,2.18,D,0
39.69374,27.79319,351.18,0.41,0.37,2024-10-03,1055,N,VIIRS,n,2,305.96,5.21,D,0
39.69456,27.79796,335.64,0.41,0.37,2024-10-03,1055,N,VIIRS,n,2,305.22,3.69,D,0
39.69538,27.80273,354.81,0.41,0.37,2024-10-03,1055,N,VIIRS,n,2,305.87,3.69,D,0
39.76511,26.51296,331.05,0.44,0.38,2024-10-03,1055,N,VIIRS,n,2,303.96,1.8,D,0
39.99745,28.56852,341.68,0.39,0.36,2024-10-03,1055,N,VIIRS,n,2,301.63,6.14,D,0
40.06491,36.40814,337.58,0.39,0.44,2024-10-03,1055,N,VIIRS,n,2,300.03,3.16,D,0
40.07784,28.18866,334.17,0.4,0.37,2024-10-03,1055,N,VIIRS,n,2,302.91,1.77,D,0
40.13108,28.1656,334.02,0.4,0.37,2024-10-03,1055,N,VIIRS,n,2,298.28,2.42,D,0
40.13285,28.15545,346.98,0.4,0.37,2024-10-03,1055,N,VIIRS,n,2,300.12,4.75,D,0
40.28882,28.0204,345.84,0.4,0.37,2024-10-03,1055,N,VIIRS,n,2,309.27,10.63,D,0
40.31283,28.16372,331.41,0.4,0.37,2024-10-03,1055,N,VIIRS,n,2,303.37,1.97,D,0
40.75116,30.46915,334.11,0.39,0.36,2024-10-03,1055,N,VIIRS,n,2,298.88,1.83,D,0
41.24218,36.46487,331.37,0.41,0.45,2024-10-03,1055,N,VIIRS,n,2,300.53,3.15,D,2
40.72355,26.41393,345.26,0.43,0.38,2024-10-03,1056,N,VIIRS,n,2,300.12,5.14,D,0
40.72951,26.40674,332.05,0.43,0.38,2024-10-03,1056,N,VIIRS,n,2,297.5,4.68,D,0
40.73295,26.40565,333.94,0.43,0.38,2024-10-03,1056,N,VIIRS,n,2,296.96,4.0,D,0
40.7435,26.34382,330.56,0.43,0.38,2024-10-03,1056,N,VIIRS,n,2,296.01,3.21,D,0
40.74718,26.36397,334.6,0.43,0.38,2024-10-03,1056,N,VIIRS,n,2,298.07,7.91,D,0
40.74875,26.43249,345.92,0.43,0.38,2024-10-03,1056,N,VIIRS,n,2,297.64,4.43,D,0
40.76701,29.53081,335.14,0.38,0.36,2024-10-03,1056,N,VIIRS,n,2,303.82,2.9,D,2
40.77155,26.57823,335.23,0.42,0.38,2024-10-03,1056,N,VIIRS,n,2,298.01,2.97,D,0
40.78837,26.23049,341.18,0.43,0.38,2024-10-03,1056,N,VIIRS,n,2,295.52,3.45,D,0
40.79182,26.22939,330.66,0.43,0.38,2024-10-03,1056,N,VIIRS,n,2,293.96,3.45,D,0
40.79509,26.34599,339.46,0.43,0.38,2024-10-03,1056,N,VIIRS,n,2,297.7,6.08,D,0
40.79602,26.35104,349.24,0.43,0.38,2024-10-03,1056,N,VIIRS,n,2,297.69,8.08,D,0
40.80182,26.26377,339.11,0.43,0.38,2024-10-03,1056,N,VIIRS,n,2,297.1,8.64,D,0
40.80568,26.36398,336.97,0.43,0.38,2024-10-03,1056,N,VIIRS,n,2,299.81,7.46,D,0
40.81544,26.4804,333.51,0.43,0.38,2024-10-03,1056,N,VIIRS,n,2,301.78,2.15,D,0
40.81983,26.18284,330.42,0.44,0.38,2024-10-03,1056,N,VIIRS,n,2,294.69,2.08,D,0
40.82345,26.26226,331.87,0.43,0.38,2024-10-03,1056,N,VIIRS,n,2,296.04,2.9,D,0
40.82718,26.5661,332.78,0.42,0.38,2024-10-03,1056,N,VIIRS,n,2,299.15,5.14,D,0
40.82762,26.56306,344.44,0.42,0.38,2024-10-03,1056,N,VIIRS,n,2,298.64,5.09,D,0
40.84486,26.86733,330.42,0.42,0.37,2024-10-03,1056,N,VIIRS,n,2,303.16,1.82,D,0
40.93218,26.56213,339.71,0.42,0.38,2024-10-03,1056,N,VIIRS,n,2,302.49,2.92,D,0
41.16939,26.64375,334.34,0.42,0.38,2024-10-03,1056,N,VIIRS,n,2,302.7,3.5,D,0
41.17107,26.64127,332.33,0.42,0.38,2024-10-03,1056,N,VIIRS,n,2,300.16,3.53,D,0
41.17123,27.25968,332.79,0.41,0.37,2024-10-03,1056,N,VIIRS,n,2,299.99,3.26,D,0
41.1713,27.26146,336.72,0.41,0.37,2024-10-03,1056,N,VIIRS,n,2,299.39,3.01,D,0
41.20105,26.66829,332.73,0.42,0.38,2024-10-03,1056,N,VIIRS,n,2,301.83,4.62,D,0
41.2484,26.79325,334.38,0.41,0.37,2024-10-03,1056,N,VIIRS,n,2,302.25,4.37,D,0
41.28561,26.78158,339.11,0.41,0.37,2024-10-03,1056,N,VIIRS,n,2,303.73,3.31,D,0
41.30676,26.78002,334.63,0.41,0.37,2024-10-03,1056,N,VIIRS,n,2,299.92,1.7,D,0
41.34629,26.72878,346.97,0.42,0.37,2024-10-03,1056,N,VIIRS,n,2,305.54,4.5,D,0
41.35674,27.35342,331.24,0.4,0.37,2024-10-03,1056,N,VIIRS,n,2,303.81,1.62,D,0
41.39177,27.04745,335.94,0.41,0.37,2024-10-03,1056,N,VIIRS,n,2,300.76,3.11,D,0
41.44469,26.8857,337.93,0.41,0.37,2024-10-03,1056,N,VIIRS,n,2,303.02,3.86,D,0
41.24293,36.46637,329.81,0.45,0.39,2024-10-03,2313,N,VIIRS,n,2,289.8,4.33,N,2
36.31228,43.75497,304.78,0.51,0.41,2024-10-03,2314,N,VIIRS,n,2,290.34,1.68,N,2
36.31639,43.7739,296.04,0.51,0.41,2024-10-03,2314,N,VIIRS,n,2,285.18,0.45,N,0
36.42,43.24718,297.24,0.48,0.4,2024-10-03,2314,N,VIIRS,n,2,285.95,0.32,N,0
36.47293,43.99123,303.31,0.52,0.41,2024-10-03,2314,N,VIIRS,n,2,288.65,1.28,N,0
36.47405,43.98567,317.01,0.52,0.41,2024-10-03,2314,N,VIIRS,n,2,289.27,2.23,N,0
36.61706,43.34309,298.18,0.48,0.4,2024-10-03,2314,N,VIIRS,n,2,284.32,0.89,N,0
36.6496,42.9988,313.19,0.47,0.4,2024-10-03,2314,N,VIIRS,n,2,286.56,1.47,N,0
36.6761,43.07746,316.52,0.47,0.4,2024-10-03,2314,N,VIIRS,n,2,289.0,1.43,N,0
36.68828,43.05343,304.23,0.47,0.4,2024-10-03,2314,N,VIIRS,n,2,286.78,0.63,N,0
36.7036,43.0525,297.53,0.47,0.4,2024-10-03,2314,N,VIIRS,n,2,286.61,0.43,N,0
36.70459,43.04733,312.91,0.47,0.4,2024-10-03,2314,N,VIIRS,n,2,286.05,1.83,N,0
36.70817,43.0484,303.46,0.47,0.4,2024-10-03,2314,N,VIIRS,n,2,285.7,1.14,N,0
36.71077,43.05463,299.42,0.47,0.4,2024-10-03,2314,N,VIIRS,n,2,285.48,0.81,N,0
36.71125,43.05069,304.25,0.47,0.4,2024-10-03,2314,N,VIIRS,n,2,285.27,0.93,N,0
36.71914,42.59679,299.67,0.45,0.39,2024-10-03,2314,N,VIIRS,n,2,286.82,0.59,N,0
36.72334,43.51807,313.78,0.49,0.4,2024-10-03,2314,N,VIIRS,n,2,285.51,1.61,N,0
36.72699,43.51917,313.45,0.49,0.4,2024-10-03,2314,N,VIIRS,n,2,285.93,1.08,N,0
36.72705,43.47918,302.17,0.49,0.4,2024-10-03,2314,N,VIIRS,n,2,286.27,0.74,N,0
36.7281,43.4738,317.51,0.49,0.4,2024-10-03,2314,N,VIIRS,n,2,287.06,1.37,N,0
36.72855,43.0396,307.32,0.47,0.4,2024-10-03,2314,N,VIIRS,n,2,285.62,0.82,N,0
36.73091,43.28171,309.78,0.48,0.4,2024-10-03,2314,N,VIIRS,n,2,289.94,1.18,N,2
36.73174,43.47491,302.92,0.49,0.4,2024-10-03,2314,N,VIIRS,n,2,286.51,1.37,N,0
36.73538,43.476,297.59,0.49,0.4,2024-10-03,2314,N,VIIRS,n,2,285.93,0.49,N,0
36.73927,43.46711,305.11,0.49,0.4,2024-10-03,2314,N,VIIRS,n,2,287.38,0.93,N,0
36.74007,43.47167,297.8,0.49,0.4,2024-10-03,2314,N,VIIRS,n,2,287.39,0.49,N,0
36.74112,43.46629,297.67,0.49,0.4,2024-10-03,2314,N,VIIRS,n,2,286.74,0.59,N,0
36.7485,43.49832,305.85,0.49,0.4,2024-10-03,2314,N,VIIRS,n,2,290.35,1.49,N,2
36.77539,43.32378,341.31,0.48,0.4,2024-10-03,2314,N,VIIRS,n,2,293.53,7.87,N,2
36.77551,43.32786,316.48,0.48,0.4,2024-10-03,2314,N,VIIRS,n,2,290.77,5.55,N,2
36.77651,43.32263,329.07,0.48,0.4,2024-10-03,2314,N,VIIRS,n,2,293.54,5.55,N,2
36.80974,42.91176,328.78,0.46,0.39,2024-10-03,2314,N,VIIRS,n,2,287.56,3.92,N,0
36.86729,43.49133,301.91,0.49,0.4,2024-10-03,2314,N,VIIRS,n,2,285.7,1.39,N,2
36.86832,42.72099,318.43,0.45,0.39,2024-10-03,2314,N,VIIRS,n,2,285.27,1.93,N,0
36.86833,43.48608,308.57,0.48,0.4,2024-10-03,2314,N,VIIRS,n,2,286.62,1.39,N,2
36.87185,42.722,319.72,0.45,0.39,2024-10-03,2314,N,VIIRS,n,2,285.7,2.14,N,0
36.87797,42.72909,319.66,0.45,0.39,2024-10-03,2314,N,VIIRS,n,2,285.78,1.94,N,0
36.89109,43.42919,329.28,0.48,0.4,2024-10-03,2314,N,VIIRS,n,2,285.37,3.86,N,2
36.90673,43.38859,328.24,0.48,0.4,2024-10-03,2314,N,VIIRS,n,2,287.7,4.25,N,2
36.91527,41.89377,299.91,0.43,0.38,2024-10-03,2314,N,VIIRS,n,2,284.12,0.62,N,2
36.91555,42.21149,295.64,0.44,0.38,2024-10-03,2314,N,VIIRS,n,2,283.59,0.17,N,0
36.91767,43.56826,295.43,0.49,0.4,2024-10-03,2314,N,VIIRS,n,2,284.48,0.58,N,0
36.93415,42.13063,301.16,0.43,0.38,2024-10-03,2314,N,VIIRS,n,2,284.14,0.84,N,2
36.93674,42.68454,308.47,0.45,0.39,2024-10-03,2314,N,VIIRS,n,2,285.33,1.04,N,0
36.93761,42.13161,313.74,0.43,0.38,2024-10-03,2314,N,VIIRS,n,2,288.96,1.83,N,2
36.93937,42.12205,301.1,0.43,0.38,2024-10-03,2314,N,VIIRS,n,2,285.24,1.1,N,2
36.94088,42.1731,321.4,0.43,0.38,2024-10-03,2314,N,VIIRS,n,2,286.77,1.38,N,2
36.94613,40.84015,309.2,0.4,0.37,2024-10-03,2314,N,VIIRS,n,2,282.92,0.96,N,0
36.94797,42.13459,308.8,0.43,0.38,2024-10-03,2314,N,VIIRS,n,2,287.41,1.37,N,2
36.94886,42.12978,302.69,0.43,0.38,2024-10-03,2314,N,VIIRS,n,2,288.1,1.84,N,2
36.9574,42.73258,301.51,0.45,0.39,2024-10-03,2314,N,VIIRS,n,2,287.26,0.59,N,0
36.95785,42.76967,305.4,0.45,0.39,2024-10-03,2314,N,VIIRS,n,2,287.28,3.11,N,0
36.96044,42.77568,300.48,0.45,0.39,2024-10-03,2314,N,VIIRS,n,2,286.54,0.65,N,0
36.96138,42.77067,332.55,0.45,0.39,2024-10-03,2314,N,VIIRS,n,2,289.3,3.11,N,0
36.96398,42.77668,297.1,0.45,0.39,2024-10-03,2314,N,VIIRS,n,2,286.08,0.31,N,0
36.96452,42.08407,298.78,0.43,0.38,2024-10-03,2314,N,VIIRS,n,2,283.64,0.72,N,2
36.96492,42.77167,298.46,0.45,0.39,2024-10-03,2314,N,VIIRS,n,2,286.49,0.6,N,0
36.99762,41.56588,296.35,0.42,0.37,2024-10-03,2314,N,VIIRS,n,2,284.1,0.41,N,2
36.99845,41.56128,301.01,0.42,0.37,2024-10-03,2314,N,VIIRS,n,2,286.87,0.76,N,2
37.00595,42.07572,297.64,0.43,0.38,2024-10-03,2314,N,VIIRS,n,2,284.93,0.46,N,0
37.00735,42.07312,296.46,0.43,0.38,2024-10-03,2314,N,VIIRS,n,2,285.19,0.33,N,0
37.01344,42.05982,296.6,0.43,0.38,2024-10-03,2314,N,VIIRS,n,2,282.28,0.36,N,0
37.03288,42.17082,301.93,0.43,0.38,2024-10-03,2314,N,VIIRS,n,2,287.07,0.51,N,2
37.07723,42.55891,322.73,0.44,0.39,2024-10-03,2314,N,VIIRS,n,2,290.16,2.59,N,2
37.14038,41.71936,298.0,0.42,0.38,2024-10-03,2314,N,VIIRS,n,2,285.89,0.45,N,0
37.17839,41.73676,297.56,0.42,0.38,2024-10-03,2314,N,VIIRS,n,2,285.92,0.73,N,0
37.18045,41.73527,308.5,0.42,0.38,2024-10-03,2314,N,VIIRS,n,2,286.18,0.98,N,0
37.1818,41.73769,311.15,0.42,0.38,2024-10-03,2314,N,VIIRS,n,2,286.19,0.73,N,0
37.24265,42.37875,296.93,0.44,0.38,2024-10-03,2314,N,VIIRS,n,2,283.64,0.47,N,0
37.27718,38.72964,298.74,0.38,0.36,2024-10-03,2314,N,VIIRS,n,2,286.41,0.31,N,2
37.33954,40.80312,295.8,0.4,0.37,2024-10-03,2314,N,VIIRS,n,2,285.62,0.48,N,2
37.39782,40.08538,296.41,0.39,0.36,2024-10-03,2314,N,VIIRS,n,2,282.7,0.77,N,0
37.40112,40.08623,315.51,0.39,0.36,2024-10-03,2314,N,VIIRS,n,2,282.26,0.77,N,0
37.49405,38.19452,305.92,0.39,0.36,2024-10-03,2314,N,VIIRS,n,2,284.34,0.75,N,0
37.63013,40.58807,295.21,0.39,0.36,2024-10-03,2314,N,VIIRS,n,2,282.58,0.22,N,0
37.67738,38.7731,335.47,0.39,0.36,2024-10-03,2314,N,VIIRS,n,2,286.49,3.93,N,0
37.67803,38.79124,336.87,0.39,0.36,2024-10-03,2314,N,VIIRS,n,2,288.0,5.05,N,0
37.68134,38.76957,299.08,0.39,0.36,2024-10-03,2314,N,VIIRS,n,2,285.51,0.33,N,0
37.69851,37.97377,305.56,0.39,0.36,2024-10-03,2314,N,VIIRS,n,2,283.84,0.77,N,0
37.69962,40.27667,298.34,0.39,0.36,2024-10-03,2314,N,VIIRS,n,2,281.81,0.44,N,0
37.73477,38.75549,299.61,0.39,0.36,2024-10-03,2314,N,VIIRS,n,2,283.48,0.58,N,0
37.74163,38.12557,298.8,0.39,0.36,2024-10-03,2314,N,VIIRS,n,2,285.83,0.94,N,0
37.76092,38.3779,300.8,0.39,0.36,2024-10-03,2314,N,VIIRS,n,2,286.93,0.65,N,0
37.76294,38.38739,308.18,0.39,0.36,2024-10-03,2314,N,VIIRS,n,2,284.65,0.86,N,0
37.76358,38.38303,302.74,0.39,0.36,2024-10-03,2314,N,VIIRS,n,2,285.13,0.86,N,0
37.78152,40.95895,321.09,0.4,0.37,2024-10-03,2314,N,VIIRS,n,2,280.51,1.36,N,0
37.78229,40.95449,303.05,0.4,0.37,2024-10-03,2314,N,VIIRS,n,2,280.0,1.33,N,0
37.7972,40.63556,305.33,0.39,0.36,2024-10-03,2314,N,VIIRS,n,2,281.81,3.23,N,0
37.79794,40.63113,335.6,0.39,0.36,2024-10-03,2314,N,VIIRS,n,2,285.04,3.23,N,0
37.80125,40.63205,339.7,0.39,0.36,2024-10-03,2314,N,VIIRS,n,2,284.56,3.23,N,0
37.9102,40.34158,331.37,0.39,0.36,2024-10-03,2314,N,VIIRS,n,2,282.62,2.36,N,0
37.91202,40.71353,298.93,0.39,0.36,2024-10-03,2314,N,VIIRS,n,2,280.85,0.29,N,0
37.91548,40.93757,318.4,0.4,0.37,2024-10-03,2314,N,VIIRS,n,2,282.6,2.28,N,0
37.91624,40.93312,300.53,0.4,0.37,2024-10-03,2314,N,VIIRS,n,2,281.0,6.35,N,0
37.91829,40.96181,306.01,0.4,0.37,2024-10-03,2314,N,VIIRS,n,2,281.41,1.22,N,0
37.9188,40.93847,322.68,0.4,0.37,2024-10-03,2314,N,VIIRS,n,2,283.18,2.28,N,0
37.91957,40.93402,337.51,0.4,0.37,2024-10-03,2314,N,VIIRS,n,2,289.91,6.35,N,0
37.92213,40.93938,314.15,0.4,0.37,2024-10-03,2314,N,VIIRS,n,2,282.9,1.04,N,0
37.9391,32.53212,298.77,0.41,0.45,2024-10-03,2314,N,VIIRS,n,2,285.49,0.88,N,2
37.95244,40.86374,300.93,0.4,0.37,2024-10-03,2314,N,VIIRS,n,2,282.15,0.45,N,0
37.95261,40.9853,298.57,0.4,0.37,2024-10-03,2314,N,VIIRS,n,2,280.33,0.66,N,0
37.955,40.86912,295.24,0.4,0.37,2024-10-03,2314,N,VIIRS,n,2,280.68,3.19,N,0
37.95518,40.99063,305.02,0.4,0.37,2024-10-03,2314,N,VIIRS,n,2,281.2,1.33,N,0
37.95594,40.98618,322.83,0.4,0.37,2024-10-03,2314,N,VIIRS,n,2,282.53,1.33,N,0
37.95832,40.87001,339.87,0.4,0.37,2024-10-03,2314,N,VIIRS,n,2,284.16,3.19,N,0
37.95909,40.86553,334.4,0.4,0.37,2024-10-03,2314,N,VIIRS,n,2,282.78,3.19,N,0
37.95985,40.86106,305.84,0.4,0.37,2024-10-03,2314,N,VIIRS,n,2,280.69,0.86,N,0
37.96161,41.70141,303.72,0.41,0.37,2024-10-03,2314,N,VIIRS,n,2,287.37,0.83,N,2
37.96165,40.87091,328.01,0.4,0.37,2024-10-03,2314,N,VIIRS,n,2,283.69,4.75,N,0
37.96241,40.86643,367.0,0.4,0.37,2024-10-03,2314,N,VIIRS,h,2,287.92,4.75,N,0
37.96317,40.86195,322.41,0.4,0.37,2024-10-03,2314,N,VIIRS,n,2,282.93,2.99,N,0
37.96497,40.87182,317.6,0.4,0.37,2024-10-03,2314,N,VIIRS,n,2,282.39,4.75,N,0
37.97724,41.6139,296.25,0.41,0.37,2024-10-03,2314,N,VIIRS,n,2,283.7,0.59,N,0
37.99083,40.47169,296.76,0.39,0.36,2024-10-03,2314,N,VIIRS,n,2,282.9,0.67,N,0
37.99434,41.03144,296.52,0.4,0.37,2024-10-03,2314,N,VIIRS,n,2,280.67,0.49,N,0
38.00953,40.82101,312.82,0.39,0.37,2024-10-03,2314,N,VIIRS,n,2,281.39,1.11,N,0
38.01028,40.81659,313.59,0.39,0.37,2024-10-03,2314,N,VIIRS,n,2,280.69,1.0,N,0
38.0121,40.82633,304.16,0.39,0.37,2024-10-03,2314,N,VIIRS,n,2,281.2,1.11,N,0
38.0136,40.81749,304.45,0.39,0.37,2024-10-03,2314,N,VIIRS,n,2,281.57,1.0,N,0
38.02234,40.65519,308.49,0.39,0.36,2024-10-03,2314,N,VIIRS,n,2,283.65,1.33,N,0
38.0535,41.11366,310.05,0.4,0.37,2024-10-03,2314,N,VIIRS,n,2,281.47,0.73,N,0
38.05427,41.10917,300.6,0.4,0.37,2024-10-03,2314,N,VIIRS,n,2,281.37,0.85,N,0
38.055,41.11172,325.65,0.4,0.37,2024-10-03,2314,N,VIIRS,n,2,282.42,2.43,N,0
38.07565,41.51675,309.4,0.41,0.37,2024-10-03,2314,N,VIIRS,n,2,281.57,1.28,N,0
38.07927,40.9915,305.16,0.4,0.37,2024-10-03,2314,N,VIIRS,n,2,282.06,0.84,N,0
38.10897,40.98085,304.28,0.4,0.37,2024-10-03,2314,N,VIIRS,n,2,283.03,1.44,N,0
38.12174,40.9469,303.69,0.4,0.37,2024-10-03,2314,N,VIIRS,n,2,282.96,0.88,N,0
38.13226,40.98714,306.6,0.4,0.37,2024-10-03,2314,N,VIIRS,n,2,283.96,1.12,N,0
38.13302,40.98268,326.53,0.4,0.37,2024-10-03,2314,N,VIIRS,n,2,284.02,1.12,N,0
38.13559,40.98803,304.15,0.4,0.37,2024-10-03,2314,N,VIIRS,n,2,283.74,1.12,N,0
38.13635,40.98357,301.48,0.4,0.37,2024-10-03,2314,N,VIIRS,n,2,284.03,1.12,N,0
38.15698,40.71923,295.19,0.39,0.36,2024-10-03,2314,N,VIIRS,n,2,282.54,0.59,N,0
38.16029,40.72012,298.85,0.39,0.36,2024-10-03,2314,N,VIIRS,n,2,282.76,0.59,N,0
38.16658,40.70335,298.55,0.39,0.36,2024-10-03,2314,N,VIIRS,n,2,280.59,0.44,N,0
38.17461,40.73783,296.58,0.39,0.36,2024-10-03,2314,N,VIIRS,n,2,280.86,0.58,N,0
38.19233,40.85872,309.54,0.39,0.36,2024-10-03,2314,N,VIIRS,n,2,284.34,0.88,N,0
38.19458,40.84542,304.31,0.39,0.36,2024-10-03,2314,N,VIIRS,n,2,285.01,0.72,N,0
38.19532,40.84099,305.31,0.39,0.36,2024-10-03,2314,N,VIIRS,n,2,284.91,0.72,N,0
38.20687,40.40071,297.58,0.39,0.36,2024-10-03,2314,N,VIIRS,n,2,282.83,0.33,N,0
38.21262,40.69709,296.04,0.39,0.36,2024-10-03,2314,N,VIIRS,n,2,283.39,0.59,N,0
38.21769,40.74939,296.69,0.39,0.36,2024-10-03,2314,N,VIIRS,n,2,283.41,0.48,N,0
38.22444,40.66788,307.84,0.39,0.36,2024-10-03,2314,N,VIIRS,n,2,283.55,1.01,N,0
38.277,39.7418,303.49,0.38,0.36,2024-10-03,2314,N,VIIRS,n,2,286.78,0.6,N,2
38.27798,40.13572,297.75,0.39,0.36,2024-10-03,2314,N,VIIRS,n,2,283.49,0.29,N,0
38.42574,27.21465,304.77,0.4,0.6,2024-10-03,2314,N,VIIRS,n,2,288.38,1.4,N,2
38.42853,27.21752,305.51,0.4,0.6,2024-10-03,2314,N,VIIRS,n,2,288.0,0.92,N,2
38.45431,38.72639,310.59,0.39,0.36,2024-10-03,2314,N,VIIRS,n,2,287.11,1.42,N,2
38.73631,26.94498,307.23,0.42,0.61,2024-10-03,2314,N,VIIRS,n,2,291.72,1.55,N,2
38.74355,26.94681,311.23,0.42,0.61,2024-10-03,2314,N,VIIRS,n,2,288.76,1.54,N,2
38.74747,26.95071,298.63,0.42,0.61,2024-10-03,2314,N,VIIRS,n,2,288.28,1.13,N,2
38.89176,41.56814,298.29,0.4,0.37,2024-10-03,2314,N,VIIRS,n,2,282.1,0.81,N,0
39.09199,27.50923,297.18,0.39,0.59,2024-10-03,2314,N,VIIRS,n,2,286.43,0.29,N,0
39.16832,27.63204,300.18,0.39,0.59,2024-10-03,2314,N,VIIRS,n,2,287.56,0.82,N,2
39.4861,30.0388,299.27,0.58,0.52,2024-10-03,2314,N,VIIRS,n,2,281.9,1.86,N,2
39.65358,36.42104,303.82,0.44,0.38,2024-10-03,2314,N,VIIRS,n,2,277.5,1.03,N,0
39.72343,36.93848,299.99,0.43,0.38,2024-10-03,2314,N,VIIRS,n,2,282.15,1.17,N,2
39.83595,30.29909,300.88,0.56,0.52,2024-10-03,2314,N,VIIRS,n,2,283.37,1.48,N,2
39.92711,40.66932,295.55,0.39,0.36,2024-10-03,2314,N,VIIRS,n,2,277.97,0.79,N,0
39.94521,33.1919,300.92,0.4,0.44,2024-10-03,2314,N,VIIRS,n,2,283.65,1.05,N,2
39.95813,33.14528,296.27,0.4,0.45,2024-10-03,2314,N,VIIRS,n,2,281.2,0.39,N,2
40.08139,32.7961,302.33,0.42,0.45,2024-10-03,2314,N,VIIRS,n,2,281.56,1.09,N,0
40.44565,27.1338,301.17,0.42,0.61,2024-10-03,2314,N,VIIRS,n,2,287.48,1.1,N,2
40.75806,31.78117,296.92,0.48,0.48,2024-10-03,2314,N,VIIRS,n,2,282.15,0.51,N,2
40.76061,29.36025,302.42,0.32,0.55,2024-10-03,2314,N,VIIRS,n,2,289.22,0.81,N,2
40.76519,29.53346,301.1,0.63,0.54,2024-10-03,2314,N,VIIRS,n,2,289.31,2.22,N,3
40.76568,29.52581,308.95,0.63,0.54,2024-10-03,2314,N,VIIRS,n,2,290.25,2.22,N,3
40.76664,32.21781,299.99,0.46,0.47,2024-10-03,2314,N,VIIRS,n,2,279.7,0.66,N,2
40.93418,35.88626,295.06,0.47,0.4,2024-10-03,2314,N,VIIRS,n,2,280.79,0.42,N,2
41.02176,28.55643,310.49,0.36,0.57,2024-10-03,2314,N,VIIRS,n,2,288.24,0.61,N,2
41.02198,28.55223,297.16,0.36,0.57,2024-10-03,2314,N,VIIRS,n,2,286.78,0.61,N,2
41.17264,32.633,303.56,0.44,0.46,2024-10-03,2314,N,VIIRS,n,2,285.27,1.26,N,2
41.17694,32.63363,311.45,0.44,0.46,2024-10-03,2314,N,VIIRS,n,2,289.19,1.26,N,2
41.18124,32.63422,296.92,0.44,0.46,2024-10-03,2314,N,VIIRS,n,2,285.81,0.88,N,2
41.25618,31.41498,316.5,0.51,0.49,2024-10-03,2314,N,VIIRS,n,2,287.07,1.23,N,2
41.25981,31.42804,296.86,0.51,0.49,2024-10-03,2314,N,VIIRS,n,2,286.81,0.55,N,2
41.2644,31.42867,311.06,0.51,0.49,2024-10-03,2314,N,VIIRS,n,2,288.48,1.64,N,2
41.26488,31.42244,302.21,0.51,0.49,2024-10-03,2314,N,VIIRS,n,2,288.64,2.07,N,2
41.29362,27.97902,316.13,0.38,0.59,2024-10-03,2314,N,VIIRS,n,2,286.4,2.02,N,0
41.63473,27.50459,296.13,0.41,0.61,2024-10-03,2314,N,VIIRS,n,2,286.02,0.64,N,2
35.52493,44.34373,337.98,0.56,0.43,2024-10-03,2315,N,VIIRS,n,2,291.06,6.2,N,2
35.5288,44.34489,310.95,0.56,0.43,2024-10-03,2315,N,VIIRS,n,2,289.19,6.2,N,2
35.53004,44.33889,344.38,0.56,0.43,2024-10-03,2315,N,VIIRS,n,2,291.27,6.2,N,2
35.53392,44.34005,330.03,0.56,0.43,2024-10-03,2315,N,VIIRS,n,2,289.48,2.23,N,2
35.56557,44.28586,315.71,0.55,0.43,2024-10-03,2315,N,VIIRS,n,2,290.69,2.09,N,2
35.62568,44.00986,303.23,0.54,0.42,2024-10-03,2315,N,VIIRS,n,2,289.45,10.14,N,2
35.62947,44.01107,340.31,0.54,0.42,2024-10-03,2315,N,VIIRS,n,2,298.47,10.14,N,2
35.65979,43.96535,323.32,0.53,0.42,2024-10-03,2315,N,VIIRS,n,2,288.64,3.76,N,2
35.66277,43.9656,332.43,0.53,0.42,2024-10-03,2315,N,VIIRS,n,2,297.75,14.16,N,2
35.66359,43.96649,343.19,0.53,0.42,2024-10-03,2315,N,VIIRS,n,2,294.38,8.95,N,2
35.68245,43.87451,315.67,0.53,0.42,2024-10-03,2315,N,VIIRS,n,2,288.37,18.4,N,2
35.68506,43.88138,300.04,0.53,0.42,2024-10-03,2315,N,VIIRS,n,2,287.78,6.27,N,2
35.68623,43.87564,325.36,0.53,0.42,2024-10-03,2315,N,VIIRS,n,2,299.02,18.4,N,2
35.71969,43.77017,303.22,0.52,0.42,2024-10-03,2315,N,VIIRS,n,2,293.2,1.17,N,2
35.72511,44.04043,344.36,0.53,0.42,2024-10-03,2315,N,VIIRS,n,2,292.88,8.0,N,2
35.7301,44.03571,313.9,0.53,0.42,2024-10-03,2315,N,VIIRS,n,2,290.15,1.2,N,2
35.7723,43.99389,328.89,0.53,0.42,2024-10-03,2315,N,VIIRS,n,2,291.47,2.31,N,2
35.81482,43.25674,305.03,0.49,0.4,2024-10-03,2315,N,VIIRS,n,2,290.88,0.9,N,2
35.84196,44.42573,296.28,0.55,0.43,2024-10-03,2315,N,VIIRS,n,2,284.97,0.4,N,0
35.92423,43.78738,311.42,0.52,0.41,2024-10-03,2315,N,VIIRS,n,2,290.9,1.64,N,2
35.95164,43.73031,318.68,0.51,0.41,2024-10-03,2315,N,VIIRS,n,2,291.45,2.05,N,2
35.96729,43.77068,301.9,0.52,0.41,2024-10-03,2315,N,VIIRS,n,2,291.27,2.06,N,2
35.96843,43.76499,305.46,0.51,0.41,2024-10-03,2315,N,VIIRS,n,2,292.82,2.06,N,2
35.971,43.77191,300.76,0.52,0.41,2024-10-03,2315,N,VIIRS,n,2,290.52,1.33,N,2
35.97472,43.77311,310.85,0.52,0.41,2024-10-03,2315,N,VIIRS,n,2,291.7,1.33,N,2
35.97958,43.76866,311.15,0.51,0.41,2024-10-03,2315,N,VIIRS,n,2,292.25,2.37,N,2
36.01601,43.68499,306.98,0.51,0.41,2024-10-03,2315,N,VIIRS,n,2,288.73,1.17,N,2
36.01711,43.67945,309.91,0.51,0.41,2024-10-03,2315,N,VIIRS,n,2,288.2,1.59,N,2
36.01909,44.45529,299.77,0.55,0.43,2024-10-03,2315,N,VIIRS,n,2,285.55,0.76,N,0
36.01997,43.64516,297.19,0.51,0.41,2024-10-03,2315,N,VIIRS,n,2,285.54,0.73,N,0
36.06463,44.09861,305.88,0.53,0.42,2024-10-03,2315,N,VIIRS,n,2,286.88,1.29,N,0
36.0675,44.09882,316.51,0.53,0.42,2024-10-03,2315,N,VIIRS,n,2,287.85,1.95,N,0
36.06842,44.09974,305.76,0.53,0.42,2024-10-03,2315,N,VIIRS,n,2,287.22,1.0,N,0
36.08353,43.64222,311.15,0.51,0.41,2024-10-03,2315,N,VIIRS,n,2,288.29,1.01,N,0
36.09796,43.62902,306.06,0.51,0.41,2024-10-03,2315,N,VIIRS,n,2,286.21,0.6,N,0
36.11012,40.80704,299.69,0.41,0.37,2024-10-03,2315,N,VIIRS,n,2,288.39,0.54,N,0
36.126,43.77977,307.22,0.51,0.41,2024-10-03,2315,N,VIIRS,n,2,288.35,1.46,N,2
36.12608,43.78485,307.18,0.51,0.41,2024-10-03,2315,N,VIIRS,n,2,289.78,1.88,N,2
36.13029,40.81239,305.7,0.41,0.37,2024-10-03,2315,N,VIIRS,n,2,287.1,0.48,N,2
36.14365,40.81835,314.35,0.41,0.37,2024-10-03,2315,N,VIIRS,n,2,286.82,1.8,N,2
36.16727,41.04504,306.82,0.41,0.37,2024-10-03,2315,N,VIIRS,n,2,288.51,0.83,N,0
36.16786,43.70957,302.89,0.51,0.41,2024-10-03,2315,N,VIIRS,n,2,286.58,0.87,N,0
36.26245,33.73186,309.48,0.52,0.41,2024-10-03,2315,N,VIIRS,n,2,290.98,1.47,N,2
36.2631,33.72615,310.43,0.52,0.41,2024-10-03,2315,N,VIIRS,n,2,290.02,1.47,N,2
36.3489,42.07811,310.19,0.44,0.38,2024-10-03,2315,N,VIIRS,n,2,293.11,1.7,N,2
36.3495,42.07523,308.21,0.44,0.38,2024-10-03,2315,N,VIIRS,n,2,293.13,1.52,N,2
36.45638,41.28238,299.31,0.41,0.37,2024-10-03,2315,N,VIIRS,n,2,286.12,0.56,N,2
36.6858,36.20862,307.08,0.42,0.38,2024-10-03,2315,N,VIIRS,n,2,291.85,0.51,N,2
36.71883,36.20092,314.59,0.42,0.38,2024-10-03,2315,N,VIIRS,n,2,293.45,1.77,N,2
36.72794,36.21252,326.83,0.42,0.38,2024-10-03,2315,N,VIIRS,n,2,292.85,2.8,N,2
36.7314,36.21326,310.62,0.42,0.38,2024-10-03,2315,N,VIIRS,n,2,295.5,1.55,N,2
36.7355,36.2092,304.84,0.42,0.38,2024-10-03,2315,N,VIIRS,n,2,293.75,1.55,N,2
36.73896,36.20993,318.01,0.42,0.38,2024-10-03,2315,N,VIIRS,n,2,295.6,2.14,N,2
36.73965,36.2119,320.34,0.42,0.38,2024-10-03,2315,N,VIIRS,n,2,295.43,1.98,N,2
36.79769,37.01989,299.41,0.4,0.37,2024-10-03,2315,N,VIIRS,n,2,288.19,0.6,N,2
36.86936,34.76294,312.21,0.47,0.4,2024-10-03,2315,N,VIIRS,n,2,293.11,2.5,N,2
36.93428,30.65095,312.61,0.5,0.49,2024-10-03,2315,N,VIIRS,n,2,290.63,2.36,N,2
36.95322,38.74181,306.49,0.38,0.36,2024-10-03,2315,N,VIIRS,n,2,285.43,0.87,N,0
36.95849,38.75196,298.91,0.38,0.36,2024-10-03,2315,N,VIIRS,n,2,284.89,0.33,N,0
36.95915,38.74767,308.84,0.38,0.36,2024-10-03,2315,N,VIIRS,n,2,285.57,0.63,N,0
36.95981,38.74339,296.47,0.38,0.36,2024-10-03,2315,N,VIIRS,n,2,286.41,0.63,N,0
36.96244,38.74847,299.47,0.38,0.36,2024-10-03,2315,N,VIIRS,n,2,286.52,0.63,N,0
36.96334,35.44812,301.39,0.45,0.39,2024-10-03,2315,N,VIIRS,n,2,291.27,1.51,N,2
36.9677,38.75862,301.22,0.38,0.36,2024-10-03,2315,N,VIIRS,n,2,286.38,1.02,N,0
37.0218,36.11263,306.21,0.43,0.38,2024-10-03,2315,N,VIIRS,n,2,290.97,0.93,N,2
37.29407,37.15902,311.56,0.4,0.37,2024-10-03,2315,N,VIIRS,n,2,289.24,1.25,N,2
37.35281,37.16246,305.22,0.4,0.37,2024-10-03,2315,N,VIIRS,n,2,289.75,1.46,N,2
37.89769,30.49203,297.0,0.53,0.5,2024-10-03,2315,N,VIIRS,n,2,284.55,0.78,N,2
39.48175,30.03988,298.94,0.54,0.68,2024-10-04,54,N,VIIRS,n,2,279.01,1.82,N,0
40.18233,28.90848,298.32,0.46,0.63,2024-10-04,54,N,VIIRS,n,2,283.93,0.48,N,0
40.18322,28.90804,295.91,0.46,0.63,2024-10-04,54,N,VIIRS,n,2,284.01,0.52,N,0
41.02142,28.55468,306.57,0.42,0.61,2024-10-04,54,N,VIIRS,n,2,288.14,0.92,N,2
41.25261,31.41301,305.94,0.56,0.69,2024-10-04,54,N,VIIRS,n,2,285.62,1.21,N,2
41.25509,31.41408,307.42,0.56,0.69,2024-10-04,54,N,VIIRS,n,2,286.09,0.89,N,2
41.26236,31.42653,297.87,0.56,0.69,2024-10-04,54,N,VIIRS,n,2,287.62,1.05,N,2
41.29113,27.98011,297.9,0.38,0.59,2024-10-04,54,N,VIIRS,n,2,284.57,1.17,N,0
41.29239,27.97561,313.84,0.38,0.59,2024-10-04,54,N,VIIRS,n,2,285.23,1.17,N,0
41.79731,26.7018,298.87,0.32,0.55,2024-10-04,54,N,VIIRS,n,2,285.16,0.4,N,2
38.42516,27.21562,305.38,0.42,0.61,2024-10-04,55,N,VIIRS,n,2,287.16,0.71,N,2
38.42795,27.21609,302.46,0.42,0.61,2024-10-04,55,N,VIIRS,n,2,287.65,0.79,N,2
38.65739,30.61844,299.85,0.61,0.71,2024-10-04,55,N,VIIRS,n,2,281.76,1.52,N,2
38.65856,30.62137,297.44,0.61,0.71,2024-10-04,55,N,VIIRS,n,2,280.98,1.15,N,2
38.73244,26.96436,297.0,0.4,0.6,2024-10-04,55,N,VIIRS,n,2,286.58,0.4,N,2
38.73728,26.94692,306.17,0.4,0.6,2024-10-04,55,N,VIIRS,n,2,290.38,0.75,N,2
38.73806,26.94562,315.24,0.4,0.6,2024-10-04,55,N,VIIRS,n,2,292.13,1.86,N,2
38.73854,26.94237,304.41,0.4,0.6,2024-10-04,55,N,VIIRS,n,2,288.68,0.75,N,2
38.74258,26.94929,302.07,0.4,0.6,2024-10-04,55,N,VIIRS,n,2,288.47,0.75,N,2
38.74386,26.94468,297.96,0.4,0.6,2024-10-04,55,N,VIIRS,n,2,286.35,0.75,N,2
39.10976,27.59375,296.73,0.42,0.61,2024-10-04,55,N,VIIRS,n,2,286.49,0.46,N,0
39.16858,27.63153,299.04,0.42,0.61,2024-10-04,55,N,VIIRS,n,2,287.07,0.68,N,2
39.86678,26.24593,297.68,0.34,0.56,2024-10-04,55,N,VIIRS,n,2,286.77,0.35,N,2
35.52532,44.34202,342.33,0.72,0.76,2024-10-04,854,N,VIIRS,n,2,305.05,7.42,D,2
35.53201,44.33901,350.5,0.72,0.76,2024-10-04,854,N,VIIRS,n,2,304.57,7.42,D,2
35.52512,44.34608,343.96,0.72,0.76,2024-10-04,855,N,VIIRS,n,2,305.22,7.08,D,2
35.5318,44.34309,335.58,0.72,0.76,2024-10-04,855,N,VIIRS,n,2,304.57,7.22,D,2
35.62887,44.01195,367.0,0.75,0.77,2024-10-04,855,N,VIIRS,h,2,306.67,13.62,D,2
35.6315,44.01122,367.0,0.75,0.77,2024-10-04,855,N,VIIRS,h,2,306.85,12.58,D,2
35.68179,43.87556,355.62,0.76,0.77,2024-10-04,855,N,VIIRS,n,2,308.69,24.06,D,2
35.68597,43.87458,367.0,0.76,0.77,2024-10-04,855,N,VIIRS,h,2,308.95,32.81,D,2
35.71038,43.85351,339.67,0.76,0.77,2024-10-04,855,N,VIIRS,n,2,306.25,7.9,D,0
35.71301,43.85167,342.44,0.76,0.77,2024-10-04,855,N,VIIRS,n,2,306.4,6.09,D,0
35.7238,44.04373,339.55,0.74,0.76,2024-10-04,855,N,VIIRS,n,2,305.42,5.26,D,2
35.72725,44.04125,341.23,0.74,0.76,2024-10-04,855,N,VIIRS,n,2,305.59,7.04,D,2
35.77486,43.7159,346.5,0.77,0.77,2024-10-04,855,N,VIIRS,n,2,305.09,5.99,D,0
35.7788,43.88774,367.0,0.75,0.77,2024-10-04,855,N,VIIRS,h,2,308.08,12.05,D,0
35.77965,43.7183,336.72,0.77,0.77,2024-10-04,855,N,VIIRS,n,2,304.56,8.04,D,0
35.80163,44.31658,346.17,0.71,0.75,2024-10-04,855,N,VIIRS,n,2,305.61,13.5,D,0
35.80409,44.32448,350.65,0.71,0.75,2024-10-04,855,N,VIIRS,n,2,305.33,13.5,D,0
35.92621,44.11796,343.04,0.72,0.76,2024-10-04,855,N,VIIRS,n,2,305.51,9.26,D,0
35.92642,44.1138,349.6,0.73,0.76,2024-10-04,855,N,VIIRS,n,2,305.96,8.44,D,0
35.94053,43.66372,343.83,0.76,0.77,2024-10-04,855,N,VIIRS,n,2,306.84,7.57,D,0
35.94379,43.66135,343.07,0.76,0.77,2024-10-04,855,N,VIIRS,n,2,305.99,7.14,D,0
35.99841,43.99186,335.58,0.73,0.76,2024-10-04,855,N,VIIRS,n,2,304.48,4.56,D,0
36.01716,43.68464,336.92,0.76,0.77,2024-10-04,855,N,VIIRS,n,2,306.13,2.41,D,2
36.11415,44.12011,335.23,0.72,0.75,2024-10-04,855,N,VIIRS,n,2,303.5,4.03,D,0
36.1152,44.12061,335.31,0.72,0.75,2024-10-04,855,N,VIIRS,n,2,303.66,3.4,D,0
36.27912,43.44416,337.38,0.77,0.77,2024-10-04,855,N,VIIRS,n,2,307.44,5.98,D,0
36.41054,43.34623,345.05,0.77,0.77,2024-10-04,855,N,VIIRS,n,2,306.17,8.92,D,0
36.41263,43.34441,344.82,0.77,0.77,2024-10-04,855,N,VIIRS,n,2,306.32,10.89,D,0
36.64542,43.25367,343.38,0.76,0.77,2024-10-04,855,N,VIIRS,n,2,308.55,15.11,D,0
36.64907,43.25609,354.67,0.76,0.77,2024-10-04,855,N,VIIRS,n,2,307.48,14.05,D,0
35.52586,44.34203,344.37,0.51,0.49,2024-10-04,1035,N,VIIRS,n,2,313.56,6.39,D,2
35.52618,44.34412,367.0,0.51,0.49,2024-10-04,1035,N,VIIRS,h,2,313.97,6.81,D,2
35.52632,44.34764,336.74,0.51,0.49,2024-10-04,1035,N,VIIRS,n,2,310.78,6.39,D,2
35.53027,44.33793,343.21,0.51,0.49,2024-10-04,1035,N,VIIRS,n,2,311.46,6.81,D,2
35.53044,44.34143,345.93,0.51,0.49,2024-10-04,1035,N,VIIRS,n,2,313.64,11.78,D,2
35.53076,44.34353,339.13,0.51,0.49,2024-10-04,1035,N,VIIRS,n,2,311.34,6.81,D,2
35.58432,44.21525,344.89,0.5,0.49,2024-10-04,1035,N,VIIRS,n,2,310.93,9.43,D,0
35.63108,44.00739,343.22,0.49,0.48,2024-10-04,1035,N,VIIRS,n,2,310.15,31.95,D,2
35.66365,43.96427,345.35,0.49,0.48,2024-10-04,1035,N,VIIRS,n,2,315.09,5.34,D,2
35.68771,43.87913,344.62,0.48,0.48,2024-10-04,1035,N,VIIRS,n,2,312.09,5.45,D,2
35.72223,44.04274,345.66,0.49,0.49,2024-10-04,1035,N,VIIRS,n,2,313.96,3.68,D,2
35.72398,44.2857,347.49,0.51,0.49,2024-10-04,1035,N,VIIRS,n,2,312.16,5.33,D,0
35.72673,44.04207,347.16,0.49,0.49,2024-10-04,1035,N,VIIRS,n,2,312.96,7.55,D,2
35.75607,44.39526,344.04,0.52,0.5,2024-10-04,1035,N,VIIRS,n,2,311.79,2.79,D,0
35.77293,43.99675,337.87,0.49,0.49,2024-10-04,1035,N,VIIRS,n,2,312.61,2.41,D,2
35.91169,44.11082,345.53,0.5,0.49,2024-10-04,1035,N,VIIRS,n,2,315.23,6.54,D,0
35.91217,44.11637,343.37,0.5,0.49,2024-10-04,1035,N,VIIRS,n,2,312.19,6.54,D,0
36.01837,43.68019,340.3,0.47,0.48,2024-10-04,1035,N,VIIRS,n,2,312.07,2.95,D,2
36.01883,43.68545,337.5,0.47,0.48,2024-10-04,1035,N,VIIRS,n,2,310.88,3.55,D,2
36.146,38.61169,347.56,0.42,0.38,2024-10-04,1035,N,VIIRS,n,2,315.82,7.46,D,0
36.18783,42.11309,344.84,0.39,0.44,2024-10-04,1035,N,VIIRS,n,2,314.61,5.77,D,0
36.19866,38.65144,339.53,0.42,0.38,2024-10-04,1035,N,VIIRS,n,2,313.21,3.62,D,0
36.26168,43.33009,352.39,0.46,0.47,2024-10-04,1035,N,VIIRS,n,2,312.09,5.71,D,0
36.28211,42.34946,347.77,0.41,0.45,2024-10-04,1035,N,VIIRS,n,2,311.67,4.71,D,0
36.28763,42.44625,345.28,0.41,0.45,2024-10-04,1035,N,VIIRS,n,2,313.27,4.81,D,0
36.29393,38.86697,340.89,0.43,0.38,2024-10-04,1035,N,VIIRS,n,2,311.79,3.36,D,0
36.29682,38.86148,339.31,0.43,0.38,2024-10-04,1035,N,VIIRS,n,2,312.44,3.36,D,0
36.29743,38.86628,348.84,0.43,0.38,2024-10-04,1035,N,VIIRS,n,2,313.75,3.36,D,0
36.31261,43.89412,338.15,0.49,0.49,2024-10-04,1035,N,VIIRS,n,2,308.6,2.01,D,0
36.34628,43.68332,345.35,0.48,0.48,2024-10-04,1035,N,VIIRS,n,2,314.1,6.05,D,0
36.39354,43.70854,340.84,0.48,0.48,2024-10-04,1035,N,VIIRS,n,2,313.8,1.91,D,0
36.39799,43.708,351.99,0.48,0.48,2024-10-04,1035,N,VIIRS,n,2,313.8,6.21,D,0
36.58392,41.60703,338.58,0.56,0.43,2024-10-04,1035,N,VIIRS,n,2,310.36,3.66,D,0
36.60293,39.07319,340.22,0.44,0.38,2024-10-04,1035,N,VIIRS,n,2,313.0,3.61,D,0
36.60646,39.07251,343.52,0.44,0.38,2024-10-04,1035,N,VIIRS,n,2,312.91,18.68,D,0
36.61172,35.40503,333.57,0.38,0.36,2024-10-04,1035,N,VIIRS,n,2,308.54,2.69,D,0
36.65697,35.2789,346.9,0.39,0.36,2024-10-04,1035,N,VIIRS,n,2,304.85,5.34,D,0
36.71266,43.02224,349.92,0.44,0.46,2024-10-04,1035,N,VIIRS,n,2,314.06,13.21,D,0
36.72598,35.24534,343.25,0.39,0.36,2024-10-04,1035,N,VIIRS,n,2,311.74,7.76,D,0
36.72665,35.24963,349.0,0.39,0.36,2024-10-04,1035,N,VIIRS,n,2,312.59,7.76,D,0
36.72927,35.24455,335.8,0.39,0.36,2024-10-04,1035,N,VIIRS,n,2,307.84,7.76,D,0
36.72995,35.24883,341.48,0.39,0.36,2024-10-04,1035,N,VIIRS,n,2,309.16,7.76,D,0
36.74187,38.41199,347.98,0.42,0.38,2024-10-04,1035,N,VIIRS,n,2,313.2,9.57,D,0
36.76004,38.22618,337.73,0.42,0.37,2024-10-04,1035,N,VIIRS,n,2,312.0,1.92,D,0
36.77532,43.32679,343.22,0.46,0.47,2024-10-04,1035,N,VIIRS,n,2,311.87,10.16,D,2
36.78806,38.41273,341.82,0.42,0.38,2024-10-04,1035,N,VIIRS,n,2,312.12,3.56,D,0
36.79191,43.07642,337.17,0.45,0.47,2024-10-04,1035,N,VIIRS,n,2,311.4,2.65,D,0
36.80205,43.03075,339.29,0.45,0.47,2024-10-04,1035,N,VIIRS,n,2,311.35,3.12,D,0
36.82444,40.33614,344.96,0.5,0.41,2024-10-04,1035,N,VIIRS,n,2,314.57,4.5,D,0
36.82481,40.33398,343.12,0.5,0.41,2024-10-04,1035,N,VIIRS,n,2,315.36,4.22,D,0
36.89004,43.42454,341.73,0.47,0.48,2024-10-04,1035,N,VIIRS,n,2,302.25,4.89,D,2
36.89052,43.42986,338.48,0.47,0.48,2024-10-04,1035,N,VIIRS,n,2,302.57,6.33,D,2
36.91606,37.3418,335.77,0.4,0.37,2024-10-04,1035,N,VIIRS,n,2,308.73,1.53,D,0
36.93566,42.13149,337.55,0.4,0.44,2024-10-04,1035,N,VIIRS,n,2,311.75,1.51,D,2
36.94512,35.7622,344.0,0.38,0.36,2024-10-04,1035,N,VIIRS,n,2,311.78,4.41,D,0
36.95344,35.86238,336.29,0.38,0.36,2024-10-04,1035,N,VIIRS,n,2,310.59,2.13,D,0
36.96407,42.08138,342.64,0.4,0.44,2024-10-04,1035,N,VIIRS,n,2,314.39,3.96,D,2
36.99293,42.64771,345.6,0.43,0.46,2024-10-04,1035,N,VIIRS,n,2,314.96,7.7,D,0
36.995,41.00067,342.92,0.53,0.42,2024-10-04,1035,N,VIIRS,n,2,312.9,4.3,D,0
37.03517,42.64108,343.51,0.43,0.46,2024-10-04,1035,N,VIIRS,n,2,312.56,3.05,D,0
37.04531,40.70018,343.32,0.52,0.41,2024-10-04,1035,N,VIIRS,n,2,314.8,5.51,D,0
37.05179,39.41032,342.84,0.46,0.39,2024-10-04,1035,N,VIIRS,n,2,311.56,5.56,D,0
37.07425,41.62053,342.63,0.57,0.43,2024-10-04,1035,N,VIIRS,n,2,313.64,4.92,D,0
37.07839,42.55734,340.55,0.42,0.46,2024-10-04,1035,N,VIIRS,n,2,309.8,2.54,D,2
37.0836,41.95872,367.0,0.4,0.44,2024-10-04,1035,N,VIIRS,h,2,318.5,6.55,D,0
37.08767,41.95804,343.51,0.4,0.44,2024-10-04,1035,N,VIIRS,n,2,313.48,6.55,D,0
37.13828,41.69016,344.8,0.38,0.44,2024-10-04,1035,N,VIIRS,n,2,313.25,4.59,D,0
37.14185,41.6851,353.92,0.38,0.44,2024-10-04,1035,N,VIIRS,n,2,315.03,4.59,D,0
37.1423,41.68946,356.29,0.38,0.44,2024-10-04,1035,N,VIIRS,n,2,314.65,4.59,D,0
37.17533,41.73265,342.6,0.39,0.44,2024-10-04,1035,N,VIIRS,n,2,313.92,4.62,D,0
37.17579,41.737,352.76,0.39,0.44,2024-10-04,1035,N,VIIRS,n,2,315.1,4.62,D,0
37.19731,41.74334,345.47,0.39,0.44,2024-10-04,1035,N,VIIRS,n,2,314.1,4.93,D,0
37.2018,42.6515,341.47,0.43,0.46,2024-10-04,1035,N,VIIRS,n,2,311.78,10.22,D,0
37.20224,42.65632,351.85,0.43,0.46,2024-10-04,1035,N,VIIRS,n,2,312.3,10.22,D,0
37.26848,40.1959,345.79,0.49,0.41,2024-10-04,1035,N,VIIRS,n,2,311.94,18.63,D,0
37.31211,43.14414,331.11,0.46,0.47,2024-10-04,1035,N,VIIRS,n,2,304.69,2.9,D,0
37.32132,42.16175,337.2,0.41,0.45,2024-10-04,1035,N,VIIRS,n,2,311.44,3.51,D,0
37.44488,43.19408,349.95,0.46,0.47,2024-10-04,1035,N,VIIRS,n,2,307.48,11.23,D,0
37.44538,43.19542,352.92,0.46,0.47,2024-10-04,1035,N,VIIRS,n,2,308.2,10.36,D,0
37.44919,43.19263,340.82,0.46,0.47,2024-10-04,1035,N,VIIRS,n,2,302.58,4.64,D,0
37.44962,43.19768,343.15,0.46,0.47,2024-10-04,1035,N,VIIRS,n,2,303.87,8.27,D,0
37.57912,37.42651,346.93,0.4,0.37,2024-10-04,1035,N,VIIRS,n,2,311.9,5.98,D,0
37.60054,37.37945,348.33,0.4,0.37,2024-10-04,1035,N,VIIRS,n,2,310.08,4.03,D,0
37.63301,38.17066,338.15,0.42,0.38,2024-10-04,1035,N,VIIRS,n,2,311.34,5.73,D,0
37.67334,38.76751,336.62,0.44,0.38,2024-10-04,1035,N,VIIRS,n,2,308.91,2.42,D,0
37.70729,37.91389,346.47,0.42,0.37,2024-10-04,1035,N,VIIRS,n,2,313.0,5.59,D,0
37.70762,38.78137,342.72,0.44,0.38,2024-10-04,1035,N,VIIRS,n,2,314.36,1.67,D,0
37.71052,38.77562,343.18,0.44,0.38,2024-10-04,1035,N,VIIRS,n,2,313.64,9.17,D,0
37.72694,39.39055,345.12,0.46,0.39,2024-10-04,1035,N,VIIRS,n,2,315.07,7.71,D,0
37.80348,40.60091,332.59,0.52,0.42,2024-10-04,1035,N,VIIRS,n,2,306.72,1.65,D,0
37.91439,40.93188,348.61,0.54,0.42,2024-10-04,1035,N,VIIRS,n,2,313.12,6.77,D,0
37.91829,40.93121,342.17,0.54,0.42,2024-10-04,1035,N,VIIRS,n,2,313.16,6.77,D,0
37.95855,40.86028,353.14,0.54,0.42,2024-10-04,1035,N,VIIRS,n,2,320.55,69.54,D,0
37.96117,40.88705,335.59,0.54,0.42,2024-10-04,1035,N,VIIRS,n,2,310.15,3.08,D,0
38.01103,40.79538,342.75,0.54,0.42,2024-10-04,1035,N,VIIRS,n,2,314.45,7.48,D,0
38.03816,40.06684,341.52,0.5,0.41,2024-10-04,1035,N,VIIRS,n,2,312.86,3.43,D,0
38.11631,40.85692,348.12,0.54,0.42,2024-10-04,1035,N,VIIRS,n,2,313.18,12.67,D,0
38.12995,40.98737,345.45,0.55,0.43,2024-10-04,1035,N,VIIRS,n,2,311.86,8.85,D,0
38.17189,40.78444,346.99,0.54,0.42,2024-10-04,1035,N,VIIRS,n,2,310.42,6.2,D,0
37.3918,33.02332,346.22,0.41,0.37,2024-10-04,1036,N,VIIRS,n,2,309.01,4.26,D,0
37.64586,32.52145,337.83,0.42,0.38,2024-10-04,1036,N,VIIRS,n,2,307.64,1.86,D,0
37.70012,27.45633,342.82,0.46,0.47,2024-10-04,1036,N,VIIRS,n,2,304.05,5.38,D,0
37.77988,33.06879,352.12,0.41,0.37,2024-10-04,1036,N,VIIRS,n,2,307.39,3.52,D,0
37.78325,33.06787,354.34,0.41,0.37,2024-10-04,1036,N,VIIRS,n,2,308.55,17.97,D,0
37.78402,32.31193,338.86,0.43,0.38,2024-10-04,1036,N,VIIRS,n,2,305.47,3.54,D,0
37.93256,37.23626,342.8,0.4,0.37,2024-10-04,1036,N,VIIRS,n,2,307.68,3.09,D,0
38.0733,32.58807,337.22,0.42,0.38,2024-10-04,1036,N,VIIRS,n,2,306.21,2.16,D,0
38.0767,32.58711,347.33,0.42,0.38,2024-10-04,1036,N,VIIRS,n,2,301.28,2.77,D,0
38.10441,32.76615,340.13,0.41,0.37,2024-10-04,1036,N,VIIRS,n,2,304.09,3.84,D,0
38.13432,36.92251,335.29,0.4,0.37,2024-10-04,1036,N,VIIRS,n,2,307.97,2.34,D,0
38.13494,36.92704,340.05,0.4,0.37,2024-10-04,1036,N,VIIRS,n,2,307.84,2.34,D,0
38.15751,33.17676,335.49,0.4,0.37,2024-10-04,1036,N,VIIRS,n,2,303.48,5.94,D,0
38.15828,33.18132,341.61,0.4,0.37,2024-10-04,1036,N,VIIRS,n,2,306.34,5.94,D,0
38.16164,33.1804,355.12,0.4,0.37,2024-10-04,1036,N,VIIRS,n,2,307.79,5.94,D,0
38.17225,40.78385,347.13,0.54,0.42,2024-10-04,1036,N,VIIRS,n,2,310.8,7.13,D,0
38.18827,40.86244,344.68,0.54,0.42,2024-10-04,1036,N,VIIRS,n,2,310.1,4.55,D,0
38.25541,26.34214,343.11,0.51,0.5,2024-10-04,1036,N,VIIRS,n,2,296.7,6.37,D,0
38.25617,26.34414,340.09,0.51,0.5,2024-10-04,1036,N,VIIRS,n,2,296.89,7.55,D,0
38.29287,37.14204,342.58,0.4,0.37,2024-10-04,1036,N,VIIRS,n,2,305.06,3.53,D,0
38.32204,32.67908,349.41,0.41,0.37,2024-10-04,1036,N,VIIRS,n,2,305.72,9.88,D,0
38.42022,30.25327,337.1,0.5,0.41,2024-10-04,1036,N,VIIRS,n,2,311.67,2.09,D,0
38.4888,34.87696,346.28,0.38,0.36,2024-10-04,1036,N,VIIRS,n,2,309.16,12.67,D,0
38.6812,33.04528,336.38,0.4,0.37,2024-10-04,1036,N,VIIRS,n,2,304.63,2.61,D,0
38.77832,32.03581,339.99,0.43,0.38,2024-10-04,1036,N,VIIRS,n,2,308.76,2.04,D,0
38.84199,34.72321,332.26,0.38,0.36,2024-10-04,1036,N,VIIRS,n,2,303.3,1.38,D,0
38.84292,39.0233,338.95,0.46,0.39,2024-10-04,1036,N,VIIRS,n,2,307.06,6.32,D,0
38.85775,41.44409,341.33,0.39,0.44,2024-10-04,1036,N,VIIRS,n,2,306.34,2.58,D,0
38.88138,34.62769,334.79,0.38,0.36,2024-10-04,1036,N,VIIRS,n,2,304.54,2.28,D,0
38.88207,34.63208,333.98,0.38,0.36,2024-10-04,1036,N,VIIRS,n,2,304.36,2.28,D,0
38.88996,39.91536,335.86,0.5,0.41,2024-10-04,1036,N,VIIRS,n,2,308.63,3.16,D,0
39.02166,32.83184,341.62,0.41,0.37,2024-10-04,1036,N,VIIRS,n,2,308.29,3.17,D,0
39.13512,37.8874,339.81,0.43,0.38,2024-10-04,1036,N,VIIRS,n,2,307.76,6.63,D,0
39.13573,37.89222,344.01,0.43,0.38,2024-10-04,1036,N,VIIRS,n,2,309.31,6.63,D,0
39.13796,37.88177,348.72,0.43,0.38,2024-10-04,1036,N,VIIRS,n,2,311.1,6.27,D,0
39.15798,37.56931,339.04,0.42,0.37,2024-10-04,1036,N,VIIRS,n,2,306.01,7.74,D,0
39.17368,34.80256,332.75,0.38,0.36,2024-10-04,1036,N,VIIRS,n,2,301.33,1.09,D,0
39.18614,34.79481,338.22,0.38,0.36,2024-10-04,1036,N,VIIRS,n,2,306.44,2.07,D,0
39.19292,37.52524,334.08,0.42,0.37,2024-10-04,1036,N,VIIRS,n,2,306.68,3.8,D,0
39.19355,37.53011,337.48,0.42,0.37,2024-10-04,1036,N,VIIRS,n,2,305.57,4.64,D,0
39.20479,37.45391,339.17,0.41,0.37,2024-10-04,1036,N,VIIRS,n,2,306.66,3.69,D,0
39.20821,37.45319,332.34,0.41,0.37,2024-10-04,1036,N,VIIRS,n,2,304.59,2.58,D,0
39.3497,44.16655,341.31,0.55,0.51,2024-10-04,1036,N,VIIRS,n,2,303.08,10.66,D,0
39.38886,35.44349,338.58,0.39,0.36,2024-10-04,1036,N,VIIRS,n,2,305.87,7.86,D,0
39.43066,35.31477,333.98,0.39,0.36,2024-10-04,1036,N,VIIRS,n,2,303.16,1.42,D,0
39.44295,30.8693,346.6,0.46,0.39,2024-10-04,1036,N,VIIRS,n,2,311.72,5.02,D,0
39.51081,35.17188,336.46,0.38,0.36,2024-10-04,1036,N,VIIRS,n,2,308.88,2.85,D,0
39.59706,32.61443,345.84,0.41,0.37,2024-10-04,1036,N,VIIRS,n,2,307.65,5.28,D,0
39.66796,40.13707,336.54,0.52,0.42,2024-10-04,1036,N,VIIRS,n,2,307.77,16.83,D,0
39.70918,36.79296,349.16,0.4,0.37,2024-10-04,1036,N,VIIRS,n,2,308.87,4.81,D,0
39.71154,33.5876,335.22,0.39,0.36,2024-10-04,1036,N,VIIRS,n,2,305.23,1.97,D,0
39.71255,36.79218,337.89,0.4,0.37,2024-10-04,1036,N,VIIRS,n,2,308.64,4.81,D,0
39.71406,31.94911,341.12,0.42,0.38,2024-10-04,1036,N,VIIRS,n,2,312.73,7.67,D,0
39.73055,30.37112,334.61,0.47,0.4,2024-10-04,1036,N,VIIRS,n,2,308.46,2.88,D,0
39.74215,33.27847,336.2,0.39,0.36,2024-10-04,1036,N,VIIRS,n,2,301.7,1.71,D,0
39.81194,31.92294,337.96,0.42,0.38,2024-10-04,1036,N,VIIRS,n,2,308.06,3.24,D,0
39.8492,32.3987,337.16,0.41,0.37,2024-10-04,1036,N,VIIRS,n,2,306.53,3.17,D,0
39.87142,36.8856,340.27,0.41,0.37,2024-10-04,1036,N,VIIRS,n,2,309.87,22.82,D,0
39.87409,32.27729,338.86,0.41,0.37,2024-10-04,1036,N,VIIRS,n,2,304.0,2.25,D,0
39.87747,32.27635,335.66,0.41,0.37,2024-10-04,1036,N,VIIRS,n,2,305.64,2.25,D,0
40.10369,36.5419,347.9,0.4,0.37,2024-10-04,1036,N,VIIRS,n,2,304.5,5.25,D,0
40.15138,36.0821,334.43,0.39,0.36,2024-10-04,1036,N,VIIRS,n,2,304.39,2.7,D,0
40.15202,36.08668,335.2,0.39,0.36,2024-10-04,1036,N,VIIRS,n,2,305.68,4.54,D,0
40.16418,33.19143,335.6,0.39,0.36,2024-10-04,1036,N,VIIRS,n,2,303.69,1.49,D,0
40.20752,35.06581,334.01,0.39,0.36,2024-10-04,1036,N,VIIRS,n,2,306.18,1.68,D,0
40.51271,35.32207,335.34,0.39,0.36,2024-10-04,1036,N,VIIRS,n,2,304.21,1.8,D,0
40.71166,43.9468,326.01,0.55,0.51,2024-10-04,1036,N,VIIRS,n,2,297.97,2.46,D,0
41.24342,36.46466,333.04,0.41,0.37,2024-10-04,1036,N,VIIRS,n,2,302.39,2.16,D,2
40.07291,27.99465,343.29,0.39,0.44,2024-10-04,1037,N,VIIRS,n,2,301.44,2.72,D,0
40.08174,27.99627,334.73,0.39,0.44,2024-10-04,1037,N,VIIRS,n,2,300.07,3.47,D,0
40.09047,28.01716,331.6,0.39,0.44,2024-10-04,1037,N,VIIRS,n,2,300.17,3.22,D,0
40.09439,28.01574,339.23,0.39,0.44,2024-10-04,1037,N,VIIRS,n,2,299.94,3.47,D,0
40.17031,28.43079,334.15,0.56,0.43,2024-10-04,1037,N,VIIRS,n,2,303.8,3.59,D,0
40.23882,27.75788,353.1,0.4,0.44,2024-10-04,1037,N,VIIRS,n,2,307.55,9.66,D,0
40.24178,27.75186,342.7,0.4,0.44,2024-10-04,1037,N,VIIRS,n,2,304.55,2.88,D,0
40.24481,27.82448,333.63,0.39,0.44,2024-10-04,1037,N,VIIRS,n,2,302.63,2.58,D,0
40.27652,27.71485,344.8,0.4,0.44,2024-10-04,1037,N,VIIRS,n,2,304.87,3.32,D,0
40.28048,27.71337,341.71,0.4,0.44,2024-10-04,1037,N,VIIRS,n,2,302.16,3.32,D,0
40.72671,26.40669,340.08,0.45,0.47,2024-10-04,1037,N,VIIRS,n,2,296.32,9.52,D,0
40.76075,26.5556,341.84,0.44,0.46,2024-10-04,1037,N,VIIRS,n,2,298.32,6.72,D,0
40.76537,29.52827,331.12,0.49,0.4,2024-10-04,1037,N,VIIRS,n,2,300.44,2.23,D,3
40.76562,26.1314,334.16,0.46,0.47,2024-10-04,1037,N,VIIRS,n,2,293.94,4.29,D,0
40.76686,26.13671,341.38,0.46,0.47,2024-10-04,1037,N,VIIRS,n,2,294.62,5.58,D,0
40.77047,26.47935,331.59,0.44,0.46,2024-10-04,1037,N,VIIRS,n,2,296.93,2.38,D,0
40.78322,26.53561,330.46,0.44,0.46,2024-10-04,1037,N,VIIRS,n,2,296.04,1.97,D,0
40.78336,26.18802,338.44,0.46,0.47,2024-10-04,1037,N,VIIRS,n,2,294.61,2.79,D,0
40.78757,26.18637,340.19,0.46,0.47,2024-10-04,1037,N,VIIRS,n,2,295.41,8.05,D,0
40.79432,26.2354,337.11,0.45,0.47,2024-10-04,1037,N,VIIRS,n,2,294.22,3.98,D,0
40.81482,26.32428,330.59,0.45,0.47,2024-10-04,1037,N,VIIRS,n,2,293.44,6.18,D,0
40.98611,29.15145,340.32,0.5,0.41,2024-10-04,1037,N,VIIRS,n,2,299.58,5.35,D,0
41.06489,26.78024,331.73,0.42,0.45,2024-10-04,1037,N,VIIRS,n,2,298.17,2.6,D,0
41.06844,27.06014,331.4,0.41,0.45,2024-10-04,1037,N,VIIRS,n,2,299.62,2.12,D,0
41.08486,26.53179,330.99,0.43,0.46,2024-10-04,1037,N,VIIRS,n,2,296.13,5.64,D,0
41.12116,27.09312,330.54,0.41,0.45,2024-10-04,1037,N,VIIRS,n,2,297.98,1.49,D,0
41.17277,32.6325,330.61,0.4,0.37,2024-10-04,1037,N,VIIRS,n,2,299.78,2.63,D,2
41.17686,32.63615,338.36,0.4,0.37,2024-10-04,1037,N,VIIRS,n,2,302.01,5.38,D,2
41.221,27.62897,341.32,0.38,0.43,2024-10-04,1037,N,VIIRS,n,2,300.02,3.2,D,0
41.25657,27.20288,335.04,0.4,0.44,2024-10-04,1037,N,VIIRS,n,2,299.9,5.17,D,0
41.25757,27.20745,342.51,0.4,0.44,2024-10-04,1037,N,VIIRS,n,2,300.15,4.36,D,0
41.26155,27.20597,346.71,0.4,0.44,2024-10-04,1037,N,VIIRS,n,2,300.08,4.36,D,0
41.26255,27.21052,336.5,0.4,0.44,2024-10-04,1037,N,VIIRS,n,2,299.01,4.36,D,0
41.26551,27.20443,367.0,0.4,0.44,2024-10-04,1037,N,VIIRS,h,2,303.08,21.43,D,0
41.26883,26.87549,336.78,0.41,0.45,2024-10-04,1037,N,VIIRS,n,2,298.78,3.54,D,0
41.30782,27.5748,340.32,0.38,0.44,2024-10-04,1037,N,VIIRS,n,2,300.38,3.0,D,0
41.30977,27.58378,330.87,0.38,0.43,2024-10-04,1037,N,VIIRS,n,2,300.1,1.81,D,0
41.33073,26.71935,331.07,0.42,0.45,2024-10-04,1037,N,VIIRS,n,2,298.73,4.38,D,0
41.33136,27.19595,340.59,0.4,0.44,2024-10-04,1037,N,VIIRS,n,2,299.94,3.1,D,0
41.33245,26.72108,336.86,0.42,0.45,2024-10-04,1037,N,VIIRS,n,2,299.03,3.87,D,0
41.33871,26.7293,340.77,0.42,0.45,2024-10-04,1037,N,VIIRS,n,2,299.21,5.5,D,0
41.3498,27.00506,330.61,0.41,0.45,2024-10-04,1037,N,VIIRS,n,2,297.31,1.55,D,0
41.36671,26.63788,347.22,0.42,0.45,2024-10-04,1037,N,VIIRS,n,2,297.35,4.98,D,0
41.39655,27.39596,330.28,0.39,0.44,2024-10-04,1037,N,VIIRS,n,2,299.11,2.23,D,0
41.40048,27.3945,330.32,0.39,0.44,2024-10-04,1037,N,VIIRS,n,2,299.49,1.98,D,0
41.51268,27.10361,335.73,0.4,0.44,2024-10-04,1037,N,VIIRS,n,2,298.95,3.56,D,0
42.17464,26.22252,338.31,0.7,0.75,2024-10-04,1218,N,VIIRS,n,2,295.41,5.61,D,0
42.12453,43.01292,319.58,0.41,0.37,2024-10-04,2254,N,VIIRS,n,2,284.96,1.56,N,2
42.24731,42.66179,303.2,0.42,0.38,2024-10-04,2254,N,VIIRS,n,2,285.11,0.76,N,0
37.07728,42.55836,306.43,0.39,0.36,2024-10-04,2255,N,VIIRS,n,2,289.89,0.86,N,2
37.20114,41.73211,300.32,0.41,0.37,2024-10-04,2255,N,VIIRS,n,2,287.9,1.09,N,0
37.24104,42.38757,314.09,0.39,0.37,2024-10-04,2255,N,VIIRS,n,2,285.28,0.84,N,0
37.24168,42.38313,305.08,0.4,0.37,2024-10-04,2255,N,VIIRS,n,2,284.97,1.04,N,0
37.33945,40.80208,299.22,0.43,0.38,2024-10-04,2255,N,VIIRS,n,2,288.37,0.63,N,2
37.56944,40.23971,307.7,0.45,0.39,2024-10-04,2255,N,VIIRS,n,2,282.22,0.81,N,0
37.5701,40.23454,302.0,0.45,0.39,2024-10-04,2255,N,VIIRS,n,2,283.69,1.68,N,0
37.64157,38.11697,295.92,0.56,0.43,2024-10-04,2255,N,VIIRS,n,2,285.36,0.78,N,0
37.67133,38.10255,298.44,0.56,0.43,2024-10-04,2255,N,VIIRS,n,2,285.91,0.89,N,0
37.72123,38.77203,298.3,0.52,0.42,2024-10-04,2255,N,VIIRS,n,2,284.85,0.69,N,0
37.72507,38.77267,299.49,0.52,0.42,2024-10-04,2255,N,VIIRS,n,2,285.34,0.69,N,0
37.73746,40.46861,312.1,0.45,0.39,2024-10-04,2255,N,VIIRS,n,2,281.44,1.83,N,0
37.74102,40.46932,335.71,0.45,0.39,2024-10-04,2255,N,VIIRS,n,2,286.06,7.18,N,0
37.77999,38.89213,320.06,0.52,0.41,2024-10-04,2255,N,VIIRS,n,2,286.81,1.98,N,0
37.79892,40.63375,295.42,0.44,0.38,2024-10-04,2255,N,VIIRS,n,2,285.06,0.49,N,0
37.88118,40.83118,305.0,0.44,0.38,2024-10-04,2255,N,VIIRS,n,2,282.82,0.74,N,0
37.94806,40.73269,301.51,0.44,0.38,2024-10-04,2255,N,VIIRS,n,2,282.37,0.55,N,0
37.96068,41.70297,302.31,0.41,0.37,2024-10-04,2255,N,VIIRS,n,2,287.37,0.91,N,2
37.96816,40.01306,299.53,0.47,0.39,2024-10-04,2255,N,VIIRS,n,2,284.0,0.51,N,0
38.02273,40.65203,297.46,0.44,0.39,2024-10-04,2255,N,VIIRS,n,2,285.67,0.63,N,0
38.03337,40.30223,299.57,0.46,0.39,2024-10-04,2255,N,VIIRS,n,2,284.12,0.67,N,0
38.03463,40.64411,323.73,0.44,0.39,2024-10-04,2255,N,VIIRS,n,2,286.48,3.67,N,0
38.03818,40.64482,332.61,0.44,0.39,2024-10-04,2255,N,VIIRS,n,2,289.23,3.67,N,0
38.04109,40.65051,323.14,0.44,0.39,2024-10-04,2255,N,VIIRS,n,2,287.26,2.57,N,0
38.04172,40.64553,334.1,0.44,0.39,2024-10-04,2255,N,VIIRS,n,2,287.88,2.5,N,0
38.04205,40.35118,299.8,0.45,0.39,2024-10-04,2255,N,VIIRS,n,2,283.1,0.55,N,0
38.04236,40.64049,306.74,0.44,0.39,2024-10-04,2255,N,VIIRS,n,2,286.95,2.5,N,0
38.09708,40.35182,335.51,0.45,0.39,2024-10-04,2255,N,VIIRS,n,2,284.09,2.93,N,0
38.09776,40.34649,304.39,0.45,0.39,2024-10-04,2255,N,VIIRS,n,2,281.05,2.93,N,0
38.10067,40.35254,302.63,0.45,0.39,2024-10-04,2255,N,VIIRS,n,2,283.56,1.18,N,0
38.10134,40.34723,312.89,0.45,0.39,2024-10-04,2255,N,VIIRS,n,2,281.65,1.18,N,0
38.11085,40.5149,298.47,0.45,0.39,2024-10-04,2255,N,VIIRS,n,2,284.88,0.46,N,0
38.11928,40.23318,296.14,0.46,0.39,2024-10-04,2255,N,VIIRS,n,2,282.78,0.35,N,0
38.12288,40.23396,298.76,0.46,0.39,2024-10-04,2255,N,VIIRS,n,2,284.34,0.44,N,0
38.12333,39.7066,295.71,0.48,0.4,2024-10-04,2255,N,VIIRS,n,2,283.68,0.57,N,0
38.1848,40.24251,308.88,0.46,0.39,2024-10-04,2255,N,VIIRS,n,2,285.5,1.19,N,0
38.20159,40.59337,312.33,0.45,0.39,2024-10-04,2255,N,VIIRS,n,2,286.78,1.45,N,0
38.22109,40.72819,330.1,0.44,0.39,2024-10-04,2255,N,VIIRS,n,2,288.62,2.93,N,0
38.22398,40.73404,305.71,0.44,0.39,2024-10-04,2255,N,VIIRS,n,2,288.66,1.83,N,0
38.22462,40.72897,330.86,0.44,0.39,2024-10-04,2255,N,VIIRS,n,2,291.86,5.44,N,0
38.24422,40.39595,306.66,0.45,0.39,2024-10-04,2255,N,VIIRS,n,2,285.44,0.68,N,0
38.25114,40.42924,299.31,0.45,0.39,2024-10-04,2255,N,VIIRS,n,2,285.8,0.75,N,0
38.25472,40.42998,295.94,0.45,0.39,2024-10-04,2255,N,VIIRS,n,2,285.2,0.52,N,0
38.2788,39.744,299.61,0.48,0.4,2024-10-04,2255,N,VIIRS,n,2,288.7,0.45,N,2
38.45591,38.72575,300.8,0.54,0.42,2024-10-04,2255,N,VIIRS,n,2,287.65,0.81,N,2
38.65939,30.61651,295.97,0.48,0.65,2024-10-04,2255,N,VIIRS,n,2,284.42,1.06,N,2
38.73947,26.96084,298.22,0.75,0.77,2024-10-04,2255,N,VIIRS,n,2,287.83,1.37,N,0
38.74076,26.94669,302.41,0.75,0.77,2024-10-04,2255,N,VIIRS,n,2,288.87,1.5,N,2
38.74676,26.95183,304.19,0.75,0.77,2024-10-04,2255,N,VIIRS,n,2,288.59,1.37,N,2
38.74798,26.94678,302.55,0.75,0.77,2024-10-04,2255,N,VIIRS,n,2,288.88,1.5,N,2
39.36598,36.88328,304.26,0.45,0.47,2024-10-04,2255,N,VIIRS,n,2,278.33,1.21,N,0
39.48633,30.03907,300.7,0.52,0.67,2024-10-04,2255,N,VIIRS,n,2,283.8,1.41,N,2
39.72374,36.9382,298.01,0.45,0.47,2024-10-04,2255,N,VIIRS,n,2,282.32,0.79,N,2
39.74505,30.19636,295.46,0.51,0.66,2024-10-04,2255,N,VIIRS,n,2,284.72,0.71,N,2
39.83757,30.30059,300.64,0.51,0.66,2024-10-04,2255,N,VIIRS,n,2,284.38,1.08,N,2
39.83886,30.30064,299.38,0.51,0.66,2024-10-04,2255,N,VIIRS,n,2,285.0,1.22,N,2
39.89825,28.87424,296.52,0.6,0.71,2024-10-04,2255,N,VIIRS,n,2,286.14,1.03,N,0
39.94457,33.1934,301.82,0.36,0.57,2024-10-04,2255,N,VIIRS,n,2,283.96,1.29,N,2
40.04953,32.6485,300.04,0.38,0.59,2024-10-04,2255,N,VIIRS,n,2,284.13,0.72,N,2
40.76367,32.21699,297.96,0.41,0.6,2024-10-04,2255,N,VIIRS,n,2,281.58,0.56,N,2
40.80087,29.50692,298.26,0.56,0.69,2024-10-04,2255,N,VIIRS,n,2,288.25,0.93,N,0
40.80127,29.50927,306.17,0.56,0.69,2024-10-04,2255,N,VIIRS,n,2,288.46,1.11,N,2
41.17353,32.63664,297.09,0.39,0.59,2024-10-04,2255,N,VIIRS,n,2,285.8,0.88,N,2
41.17375,32.63203,310.27,0.39,0.59,2024-10-04,2255,N,VIIRS,n,2,286.93,0.88,N,2
41.17907,32.63725,301.53,0.39,0.59,2024-10-04,2255,N,VIIRS,n,2,286.73,0.88,N,2
41.17929,32.6324,307.51,0.39,0.59,2024-10-04,2255,N,VIIRS,n,2,287.39,0.88,N,2
41.25257,31.41064,300.97,0.45,0.63,2024-10-04,2255,N,VIIRS,n,2,287.7,0.57,N,2
41.25467,31.413,314.14,0.45,0.63,2024-10-04,2255,N,VIIRS,n,2,288.37,1.35,N,2
41.25829,31.41644,308.47,0.45,0.63,2024-10-04,2255,N,VIIRS,n,2,287.79,1.71,N,2
41.26382,31.42805,309.71,0.45,0.63,2024-10-04,2255,N,VIIRS,n,2,289.56,1.08,N,2
41.26401,31.42244,301.24,0.45,0.63,2024-10-04,2255,N,VIIRS,n,2,289.75,1.08,N,2
41.26583,31.43059,299.04,0.45,0.63,2024-10-04,2255,N,VIIRS,n,2,288.4,0.89,N,2
41.26605,31.42498,303.38,0.45,0.63,2024-10-04,2255,N,VIIRS,n,2,290.68,0.89,N,2
41.64057,32.30708,296.99,0.41,0.6,2024-10-04,2255,N,VIIRS,n,2,286.96,0.22,N,0
35.52647,44.34658,328.62,0.39,0.36,2024-10-04,2256,N,VIIRS,n,2,290.32,5.24,N,2
35.52718,44.34233,335.01,0.39,0.36,2024-10-04,2256,N,VIIRS,n,2,292.54,5.24,N,2
35.53119,44.33889,332.94,0.39,0.36,2024-10-04,2256,N,VIIRS,n,2,295.03,3.33,N,2
35.53449,44.33971,322.26,0.39,0.36,2024-10-04,2256,N,VIIRS,n,2,289.43,3.33,N,2
35.5352,44.33545,311.08,0.39,0.36,2024-10-04,2256,N,VIIRS,n,2,289.92,3.33,N,2
35.56416,44.28508,327.82,0.39,0.36,2024-10-04,2256,N,VIIRS,n,2,290.42,2.42,N,2
35.62638,44.00936,304.38,0.39,0.36,2024-10-04,2256,N,VIIRS,n,2,288.57,10.88,N,2
35.62968,44.01017,335.93,0.39,0.36,2024-10-04,2256,N,VIIRS,n,2,304.83,10.88,N,2
35.66023,43.96283,298.3,0.39,0.36,2024-10-04,2256,N,VIIRS,n,2,287.63,4.56,N,2
35.66284,43.96786,319.48,0.39,0.36,2024-10-04,2256,N,VIIRS,n,2,289.86,3.76,N,2
35.66352,43.96363,330.01,0.39,0.36,2024-10-04,2256,N,VIIRS,n,2,299.12,4.56,N,2
35.67738,44.06822,301.94,0.39,0.36,2024-10-04,2256,N,VIIRS,n,2,289.81,0.52,N,2
35.67806,44.06399,305.19,0.39,0.36,2024-10-04,2256,N,VIIRS,n,2,290.21,1.01,N,2
35.68448,43.87646,344.56,0.39,0.36,2024-10-04,2256,N,VIIRS,n,2,305.49,32.32,N,2
35.68777,43.87726,308.09,0.39,0.36,2024-10-04,2256,N,VIIRS,n,2,288.94,0.94,N,2
35.71862,43.77057,311.28,0.38,0.36,2024-10-04,2256,N,VIIRS,n,2,293.83,1.32,N,2
35.72316,44.03972,317.7,0.39,0.36,2024-10-04,2256,N,VIIRS,n,2,289.54,2.88,N,2
35.72646,44.04052,340.45,0.39,0.36,2024-10-04,2256,N,VIIRS,n,2,294.37,2.88,N,2
35.72783,44.03205,303.46,0.39,0.36,2024-10-04,2256,N,VIIRS,n,2,287.6,0.53,N,2
35.73113,44.03285,315.89,0.39,0.36,2024-10-04,2256,N,VIIRS,n,2,289.66,1.21,N,2
35.76016,43.76746,308.08,0.38,0.36,2024-10-04,2256,N,VIIRS,n,2,285.33,1.01,N,0
35.7706,43.99668,310.76,0.39,0.36,2024-10-04,2256,N,VIIRS,n,2,290.58,1.55,N,2
35.7739,43.99747,329.16,0.39,0.36,2024-10-04,2256,N,VIIRS,n,2,292.92,1.55,N,2
35.78858,44.32781,303.44,0.39,0.36,2024-10-04,2256,N,VIIRS,n,2,286.78,0.4,N,0
35.79213,43.92717,298.12,0.39,0.36,2024-10-04,2256,N,VIIRS,n,2,287.97,0.33,N,0
35.79353,43.76942,299.52,0.38,0.36,2024-10-04,2256,N,VIIRS,n,2,284.21,0.85,N,0
35.79683,43.77021,302.4,0.38,0.36,2024-10-04,2256,N,VIIRS,n,2,284.61,0.85,N,0
35.7978,44.33451,312.54,0.39,0.36,2024-10-04,2256,N,VIIRS,n,2,289.41,0.84,N,0
35.80109,44.33533,310.51,0.39,0.36,2024-10-04,2256,N,VIIRS,n,2,289.85,0.84,N,0
35.8037,44.34041,300.83,0.39,0.36,2024-10-04,2256,N,VIIRS,n,2,289.95,0.53,N,0
35.81373,43.25455,305.71,0.38,0.36,2024-10-04,2256,N,VIIRS,n,2,290.28,0.63,N,2
35.89722,44.18083,299.94,0.39,0.36,2024-10-04,2256,N,VIIRS,n,2,288.04,0.38,N,0
35.9226,43.79052,315.98,0.38,0.36,2024-10-04,2256,N,VIIRS,n,2,289.55,0.87,N,2
35.92589,43.79131,316.88,0.38,0.36,2024-10-04,2256,N,VIIRS,n,2,290.08,0.68,N,2
35.92615,44.10843,299.11,0.39,0.36,2024-10-04,2256,N,VIIRS,n,2,287.73,0.72,N,0
35.95315,43.7276,323.49,0.38,0.36,2024-10-04,2256,N,VIIRS,n,2,290.93,2.43,N,2
35.96752,43.7662,310.29,0.38,0.36,2024-10-04,2256,N,VIIRS,n,2,292.36,2.14,N,2
35.97275,43.77628,312.56,0.38,0.36,2024-10-04,2256,N,VIIRS,n,2,291.07,1.19,N,2
35.97342,43.77204,324.71,0.38,0.36,2024-10-04,2256,N,VIIRS,n,2,292.22,2.72,N,2
35.98069,43.76939,328.27,0.38,0.36,2024-10-04,2256,N,VIIRS,n,2,293.83,2.27,N,2
35.99665,43.34286,297.02,0.38,0.36,2024-10-04,2256,N,VIIRS,n,2,286.42,0.45,N,0
36.01854,43.68183,333.91,0.38,0.36,2024-10-04,2256,N,VIIRS,n,2,292.61,3.28,N,2
36.01897,44.38869,314.25,0.39,0.36,2024-10-04,2256,N,VIIRS,n,2,286.86,0.74,N,0
36.02227,44.38952,301.15,0.39,0.36,2024-10-04,2256,N,VIIRS,n,2,287.07,0.74,N,0
36.05987,43.44125,301.51,0.38,0.36,2024-10-04,2256,N,VIIRS,n,2,286.58,0.51,N,0
36.08235,43.64264,300.95,0.38,0.36,2024-10-04,2256,N,VIIRS,n,2,288.12,0.57,N,0
36.08303,43.6384,301.3,0.38,0.36,2024-10-04,2256,N,VIIRS,n,2,285.6,0.59,N,0
36.09753,43.63313,299.19,0.38,0.36,2024-10-04,2256,N,VIIRS,n,2,284.95,0.43,N,0
36.0982,43.62889,296.19,0.38,0.36,2024-10-04,2256,N,VIIRS,n,2,285.47,0.43,N,0
36.10868,43.98603,301.32,0.39,0.36,2024-10-04,2256,N,VIIRS,n,2,287.06,0.25,N,0
36.12746,43.78347,316.22,0.38,0.36,2024-10-04,2256,N,VIIRS,n,2,291.08,1.04,N,2
36.13132,40.80979,301.01,0.42,0.38,2024-10-04,2256,N,VIIRS,n,2,287.85,0.84,N,2
36.14109,40.81656,304.0,0.42,0.38,2024-10-04,2256,N,VIIRS,n,2,287.81,1.19,N,2
36.14174,44.18403,302.34,0.39,0.36,2024-10-04,2256,N,VIIRS,n,2,287.96,0.73,N,0
36.14455,40.81725,313.16,0.42,0.38,2024-10-04,2256,N,VIIRS,n,2,287.36,1.22,N,2
36.16677,41.04682,302.12,0.42,0.37,2024-10-04,2256,N,VIIRS,n,2,289.31,0.53,N,0
36.19762,43.68598,298.58,0.38,0.36,2024-10-04,2256,N,VIIRS,n,2,287.54,0.34,N,0
36.1983,43.68174,309.36,0.38,0.36,2024-10-04,2256,N,VIIRS,n,2,288.33,1.83,N,0
36.19897,43.67749,329.32,0.38,0.36,2024-10-04,2256,N,VIIRS,n,2,288.79,1.83,N,0
36.20226,43.67829,328.39,0.38,0.36,2024-10-04,2256,N,VIIRS,n,2,289.85,2.2,N,0
36.24688,43.30576,298.44,0.38,0.36,2024-10-04,2256,N,VIIRS,n,2,288.33,0.55,N,0
36.2655,33.73059,306.22,0.61,0.54,2024-10-04,2256,N,VIIRS,n,2,291.19,0.9,N,2
36.31792,43.11065,302.34,0.39,0.36,2024-10-04,2256,N,VIIRS,n,2,291.69,0.7,N,0
36.33766,43.89325,298.03,0.38,0.36,2024-10-04,2256,N,VIIRS,n,2,284.96,0.55,N,0
36.35015,42.0756,309.9,0.4,0.37,2024-10-04,2256,N,VIIRS,n,2,294.79,1.27,N,2
36.40905,43.63683,297.61,0.38,0.36,2024-10-04,2256,N,VIIRS,n,2,286.55,0.35,N,0
36.41593,43.43984,299.2,0.38,0.36,2024-10-04,2256,N,VIIRS,n,2,287.21,0.59,N,0
36.41923,43.44062,303.16,0.38,0.36,2024-10-04,2256,N,VIIRS,n,2,288.09,0.59,N,0
36.41989,43.43637,304.24,0.38,0.36,2024-10-04,2256,N,VIIRS,n,2,287.27,0.59,N,0
36.42765,43.56179,295.5,0.38,0.36,2024-10-04,2256,N,VIIRS,n,2,285.33,0.26,N,0
36.43373,43.43525,317.16,0.38,0.36,2024-10-04,2256,N,VIIRS,n,2,287.19,1.39,N,0
36.44059,42.92922,301.42,0.39,0.36,2024-10-04,2256,N,VIIRS,n,2,288.45,0.93,N,2
36.44389,42.93,302.22,0.39,0.36,2024-10-04,2256,N,VIIRS,n,2,290.33,0.93,N,2
36.45876,41.28101,302.19,0.41,0.37,2024-10-04,2256,N,VIIRS,n,2,287.21,0.76,N,2
36.45881,42.67088,301.04,0.39,0.36,2024-10-04,2256,N,VIIRS,n,2,289.62,0.46,N,2
36.48843,43.34672,303.03,0.38,0.36,2024-10-04,2256,N,VIIRS,n,2,287.16,0.35,N,0
36.53532,43.65658,298.42,0.38,0.36,2024-10-04,2256,N,VIIRS,n,2,282.97,0.31,N,0
36.54215,43.21585,300.17,0.39,0.36,2024-10-04,2256,N,VIIRS,n,2,287.71,0.69,N,0
36.54479,43.22091,300.43,0.38,0.36,2024-10-04,2256,N,VIIRS,n,2,287.56,0.69,N,0
36.57048,43.18704,311.71,0.39,0.36,2024-10-04,2256,N,VIIRS,n,2,285.8,1.27,N,0
36.57909,43.22013,299.87,0.39,0.36,2024-10-04,2256,N,VIIRS,n,2,285.4,0.46,N,0
36.67604,42.55122,295.6,0.39,0.36,2024-10-04,2256,N,VIIRS,n,2,283.1,0.24,N,0
36.69114,43.50612,298.0,0.38,0.36,2024-10-04,2256,N,VIIRS,n,2,287.22,0.25,N,0
36.69424,43.08532,305.41,0.39,0.36,2024-10-04,2256,N,VIIRS,n,2,286.05,0.63,N,0
36.69494,36.2076,310.81,0.45,0.47,2024-10-04,2256,N,VIIRS,n,2,293.84,2.25,N,2
36.69619,43.07243,307.73,0.39,0.36,2024-10-04,2256,N,VIIRS,n,2,286.81,0.55,N,0
36.6995,43.0732,299.43,0.39,0.36,2024-10-04,2256,N,VIIRS,n,2,286.46,0.55,N,0
36.70015,43.0689,307.23,0.39,0.36,2024-10-04,2256,N,VIIRS,n,2,287.63,1.3,N,0
36.71334,43.49183,301.06,0.38,0.36,2024-10-04,2256,N,VIIRS,n,2,286.95,0.46,N,0
36.714,43.48756,321.63,0.38,0.36,2024-10-04,2256,N,VIIRS,n,2,287.3,1.77,N,0
36.71468,41.01296,300.18,0.42,0.38,2024-10-04,2256,N,VIIRS,n,2,284.53,0.57,N,0
36.71577,43.62981,296.53,0.38,0.36,2024-10-04,2256,N,VIIRS,n,2,285.99,0.13,N,0
36.71766,36.20043,323.87,0.45,0.47,2024-10-04,2256,N,VIIRS,n,2,293.3,2.95,N,2
36.72974,36.21268,318.82,0.45,0.47,2024-10-04,2256,N,VIIRS,n,2,295.62,4.09,N,2
36.73248,43.45651,298.28,0.38,0.36,2024-10-04,2256,N,VIIRS,n,2,285.15,0.18,N,0
36.73273,43.28111,304.25,0.38,0.36,2024-10-04,2256,N,VIIRS,n,2,289.56,0.42,N,2
36.73577,43.4573,296.0,0.38,0.36,2024-10-04,2256,N,VIIRS,n,2,285.88,0.18,N,0
36.73946,36.21028,309.21,0.45,0.47,2024-10-04,2256,N,VIIRS,n,2,295.6,2.17,N,2
36.74475,36.2005,319.44,0.46,0.47,2024-10-04,2256,N,VIIRS,n,2,293.64,1.76,N,2
36.74628,43.49973,306.47,0.38,0.36,2024-10-04,2256,N,VIIRS,n,2,289.4,0.94,N,2
36.74813,36.20484,312.78,0.45,0.47,2024-10-04,2256,N,VIIRS,n,2,293.2,2.14,N,2
36.7491,36.20118,311.84,0.46,0.47,2024-10-04,2256,N,VIIRS,n,2,292.84,0.87,N,2
36.76153,42.5414,303.64,0.39,0.36,2024-10-04,2256,N,VIIRS,n,2,284.49,0.85,N,0
36.77587,42.39555,296.5,0.39,0.36,2024-10-04,2256,N,VIIRS,n,2,284.45,0.48,N,0
36.7765,42.39116,298.08,0.39,0.36,2024-10-04,2256,N,VIIRS,n,2,284.93,0.48,N,0
36.77662,43.32524,335.92,0.38,0.36,2024-10-04,2256,N,VIIRS,n,2,296.5,4.93,N,2
36.79679,42.85931,308.17,0.39,0.36,2024-10-04,2256,N,VIIRS,n,2,286.36,0.72,N,0
36.80032,37.01871,300.43,0.41,0.45,2024-10-04,2256,N,VIIRS,n,2,290.3,0.65,N,2
36.80364,37.40168,295.55,0.4,0.44,2024-10-04,2256,N,VIIRS,n,2,285.28,0.58,N,0
36.81575,42.61677,306.48,0.39,0.36,2024-10-04,2256,N,VIIRS,n,2,285.84,0.74,N,0
36.83403,42.76286,299.21,0.39,0.36,2024-10-04,2256,N,VIIRS,n,2,283.84,0.43,N,0
36.86794,34.76167,306.95,0.55,0.51,2024-10-04,2256,N,VIIRS,n,2,292.55,1.26,N,2
36.86872,34.76204,311.6,0.55,0.51,2024-10-04,2256,N,VIIRS,n,2,293.28,2.29,N,2
36.86893,42.71252,297.03,0.39,0.36,2024-10-04,2256,N,VIIRS,n,2,285.65,0.33,N,0
36.87009,43.4884,313.97,0.38,0.36,2024-10-04,2256,N,VIIRS,n,2,288.92,1.11,N,2
36.87161,42.71765,301.24,0.39,0.36,2024-10-04,2256,N,VIIRS,n,2,286.69,0.83,N,0
36.87267,34.76236,301.44,0.55,0.51,2024-10-04,2256,N,VIIRS,n,2,291.43,1.26,N,2
36.87428,42.72276,303.74,0.39,0.36,2024-10-04,2256,N,VIIRS,n,2,286.88,0.83,N,0
36.87824,42.71918,308.55,0.39,0.36,2024-10-04,2256,N,VIIRS,n,2,286.41,1.0,N,0
36.89249,43.43175,319.91,0.38,0.36,2024-10-04,2256,N,VIIRS,n,2,286.72,1.47,N,2
36.89315,43.42748,311.67,0.38,0.36,2024-10-04,2256,N,VIIRS,n,2,285.57,1.47,N,2
36.90567,43.39052,330.62,0.38,0.36,2024-10-04,2256,N,VIIRS,n,2,287.24,3.16,N,2
36.90896,43.3913,312.6,0.38,0.36,2024-10-04,2256,N,VIIRS,n,2,287.19,3.16,N,2
36.91325,41.89481,305.61,0.4,0.37,2024-10-04,2256,N,VIIRS,n,2,284.11,0.78,N,2
36.91662,41.89555,300.12,0.4,0.37,2024-10-04,2256,N,VIIRS,n,2,286.21,0.49,N,2
36.91993,41.01191,295.74,0.42,0.38,2024-10-04,2256,N,VIIRS,n,2,285.02,0.47,N,0
36.93578,42.13295,302.75,0.4,0.37,2024-10-04,2256,N,VIIRS,n,2,287.93,0.69,N,2
36.93767,42.11958,302.24,0.4,0.37,2024-10-04,2256,N,VIIRS,n,2,286.1,0.5,N,2
36.94078,42.17069,306.24,0.4,0.37,2024-10-04,2256,N,VIIRS,n,2,286.64,1.02,N,2
36.94648,42.13074,323.9,0.4,0.37,2024-10-04,2256,N,VIIRS,n,2,290.63,2.44,N,2
36.96354,42.08387,326.17,0.4,0.37,2024-10-04,2256,N,VIIRS,n,2,286.56,1.03,N,2
36.96386,40.92325,320.83,0.43,0.38,2024-10-04,2256,N,VIIRS,n,2,286.37,1.85,N,0
36.96423,40.92506,315.65,0.43,0.38,2024-10-04,2256,N,VIIRS,n,2,285.96,1.18,N,0
36.96951,42.16337,299.17,0.4,0.37,2024-10-04,2256,N,VIIRS,n,2,286.87,0.43,N,0
36.99242,42.00259,300.81,0.4,0.37,2024-10-04,2256,N,VIIRS,n,2,286.05,0.45,N,2
36.99759,41.56444,317.93,0.41,0.37,2024-10-04,2256,N,VIIRS,n,2,287.24,1.63,N,2
37.00415,42.04218,321.3,0.4,0.37,2024-10-04,2256,N,VIIRS,n,2,287.4,1.4,N,0
37.01209,41.58651,296.74,0.41,0.37,2024-10-04,2256,N,VIIRS,n,2,285.42,0.67,N,0
37.02315,36.1082,306.46,0.46,0.47,2024-10-04,2256,N,VIIRS,n,2,292.5,1.24,N,2
37.02767,42.62583,314.14,0.39,0.36,2024-10-04,2256,N,VIIRS,n,2,286.46,1.6,N,0
37.03035,42.63098,299.41,0.39,0.36,2024-10-04,2256,N,VIIRS,n,2,285.72,1.6,N,0
37.03099,42.62659,335.38,0.39,0.36,2024-10-04,2256,N,VIIRS,n,2,288.56,1.6,N,0
37.03142,42.17099,299.53,0.4,0.37,2024-10-04,2256,N,VIIRS,n,2,289.46,0.19,N,2
37.03217,37.37578,310.15,0.4,0.44,2024-10-04,2256,N,VIIRS,n,2,286.02,0.46,N,0
37.03367,42.63175,302.75,0.39,0.36,2024-10-04,2256,N,VIIRS,n,2,287.03,0.54,N,0
37.04105,41.85546,300.96,0.4,0.37,2024-10-04,2256,N,VIIRS,n,2,286.58,0.76,N,0
37.05389,42.13471,300.6,0.4,0.37,2024-10-04,2256,N,VIIRS,n,2,290.15,0.43,N,0
37.06086,41.86271,300.17,0.4,0.37,2024-10-04,2256,N,VIIRS,n,2,289.81,0.53,N,0
37.13128,41.60574,313.88,0.41,0.37,2024-10-04,2256,N,VIIRS,n,2,287.69,1.21,N,0
37.29294,37.1584,313.8,0.41,0.45,2024-10-04,2256,N,VIIRS,n,2,290.67,1.42,N,2
37.29458,37.15551,313.07,0.41,0.45,2024-10-04,2256,N,VIIRS,n,2,291.69,2.34,N,2
37.34102,40.02129,313.08,0.46,0.39,2024-10-04,2256,N,VIIRS,n,2,288.67,1.0,N,0
37.35273,37.16481,303.64,0.41,0.45,2024-10-04,2256,N,VIIRS,n,2,289.16,0.81,N,2
37.53488,38.22799,311.52,0.55,0.43,2024-10-04,2256,N,VIIRS,n,2,287.13,1.34,N,0
37.53881,38.22873,299.73,0.55,0.43,2024-10-04,2256,N,VIIRS,n,2,286.39,1.34,N,0
37.93839,32.53443,300.19,0.37,0.58,2024-10-04,2256,N,VIIRS,n,2,286.52,0.79,N,2
