latitude,longitude,bright_ti4,scan,track,acq_date,acq_time,satellite,instrument,confidence,version,bright_ti5,frp,daynight,type
35.5282,44.34113,349.58,0.5,0.65,2023-09-26,908,N,VIIRS,n,2,311.71,4.3,D,2
35.53403,44.33884,341.75,0.5,0.65,2023-09-26,908,N,VIIRS,n,2,310.85,2.44,D,2
35.62457,43.88976,347.27,0.52,0.67,2023-09-26,908,N,VIIRS,n,2,310.77,4.09,D,0
35.6869,43.87637,348.12,0.52,0.67,2023-09-26,908,N,VIIRS,n,2,310.19,3.93,D,2
35.69315,44.0163,367.0,0.51,0.66,2023-09-26,908,N,VIIRS,h,2,314.28,8.91,D,0
35.69324,44.01332,345.14,0.51,0.66,2023-09-26,908,N,VIIRS,n,2,308.51,12.29,D,0
35.6947,44.02182,341.69,0.51,0.66,2023-09-26,908,N,VIIRS,n,2,311.56,8.91,D,0
35.69482,44.01883,367.0,0.51,0.66,2023-09-26,908,N,VIIRS,h,2,317.1,30.21,D,0
35.69906,44.01397,351.92,0.51,0.66,2023-09-26,908,N,VIIRS,n,2,308.05,8.91,D,0
35.70061,44.01952,349.61,0.51,0.66,2023-09-26,908,N,VIIRS,n,2,309.15,8.91,D,0
35.70074,44.01654,341.01,0.51,0.66,2023-09-26,908,N,VIIRS,n,2,308.85,3.08,D,0
35.72616,44.04068,342.82,0.51,0.66,2023-09-26,908,N,VIIRS,n,2,308.98,4.49,D,2
35.73051,44.03281,343.29,0.51,0.66,2023-09-26,908,N,VIIRS,n,2,310.59,4.15,D,2
35.83014,43.47638,340.2,0.54,0.68,2023-09-26,908,N,VIIRS,n,2,309.58,6.23,D,0
36.02062,43.68237,339.64,0.52,0.67,2023-09-26,908,N,VIIRS,n,2,309.56,4.06,D,2
36.70301,40.21421,340.02,0.75,0.77,2023-09-26,909,N,VIIRS,n,2,306.42,5.71,D,0
36.7733,43.32571,343.4,0.52,0.67,2023-09-26,909,N,VIIRS,n,2,307.67,6.75,D,2
36.90446,43.38968,335.61,0.51,0.66,2023-09-26,909,N,VIIRS,n,2,300.7,6.91,D,2
37.24126,42.17562,346.0,0.57,0.69,2023-09-26,909,N,VIIRS,n,2,310.42,4.23,D,0
37.5067,39.62101,346.9,0.76,0.77,2023-09-26,909,N,VIIRS,n,2,307.43,10.8,D,0
37.51182,39.62318,340.22,0.76,0.77,2023-09-26,909,N,VIIRS,n,2,306.63,9.83,D,0
37.54728,39.39579,367.0,0.77,0.78,2023-09-26,909,N,VIIRS,h,2,305.41,14.15,D,0
37.54929,39.3935,348.16,0.77,0.78,2023-09-26,909,N,VIIRS,n,2,305.66,17.72,D,0
37.55005,39.40434,345.88,0.77,0.78,2023-09-26,909,N,VIIRS,n,2,303.23,14.15,D,0
37.5521,39.40201,352.46,0.77,0.77,2023-09-26,909,N,VIIRS,n,2,303.98,20.51,D,0
37.91917,40.4423,367.0,0.67,0.74,2023-09-26,909,N,VIIRS,h,2,308.86,17.94,D,0
37.91986,40.44025,367.0,0.67,0.74,2023-09-26,909,N,VIIRS,h,2,307.99,19.9,D,0
37.9607,40.69417,339.51,0.65,0.73,2023-09-26,909,N,VIIRS,n,2,306.62,24.85,D,0
37.96298,40.7015,367.0,0.65,0.73,2023-09-26,909,N,VIIRS,h,2,316.42,62.23,D,0
37.96477,40.69826,356.98,0.65,0.73,2023-09-26,909,N,VIIRS,n,2,313.14,46.44,D,0
37.98767,41.63386,338.78,0.58,0.7,2023-09-26,909,N,VIIRS,n,2,307.28,3.01,D,0
37.9882,41.49622,344.54,0.59,0.7,2023-09-26,909,N,VIIRS,n,2,309.99,4.18,D,0
38.09305,39.84372,338.02,0.71,0.75,2023-09-26,909,N,VIIRS,n,2,306.29,4.83,D,0
38.14806,40.39569,342.03,0.66,0.73,2023-09-26,909,N,VIIRS,n,2,307.22,6.07,D,0
38.15022,40.40247,339.22,0.66,0.73,2023-09-26,909,N,VIIRS,n,2,306.37,6.07,D,0
38.19846,40.53173,338.35,0.65,0.73,2023-09-26,909,N,VIIRS,n,2,307.57,3.21,D,0
42.02996,44.02489,341.23,0.34,0.56,2023-09-26,910,N,VIIRS,n,2,295.81,3.59,D,0
42.03113,44.02923,327.61,0.34,0.56,2023-09-26,910,N,VIIRS,n,2,294.92,3.59,D,0
35.52873,44.33803,345.66,0.39,0.59,2023-09-26,1049,N,VIIRS,n,2,312.96,3.25,D,2
35.52897,44.3423,355.5,0.39,0.59,2023-09-26,1049,N,VIIRS,n,2,313.38,8.51,D,2
35.52901,44.34145,367.0,0.39,0.59,2023-09-26,1049,N,VIIRS,h,2,314.12,9.78,D,2
35.53423,44.33743,350.84,0.39,0.59,2023-09-26,1049,N,VIIRS,n,2,313.2,3.25,D,2
35.53425,44.3366,347.64,0.39,0.59,2023-09-26,1049,N,VIIRS,n,2,313.07,2.95,D,2
35.5537,40.44298,349.71,0.47,0.48,2023-09-26,1049,N,VIIRS,n,2,315.9,5.94,D,0
35.55478,40.44458,346.41,0.47,0.48,2023-09-26,1049,N,VIIRS,n,2,315.96,4.93,D,0
35.62856,38.62931,346.3,0.57,0.43,2023-09-26,1049,N,VIIRS,n,2,313.64,5.64,D,0
35.631,44.00898,367.0,0.37,0.58,2023-09-26,1049,N,VIIRS,h,2,312.06,7.91,D,2
35.68275,43.87885,353.31,0.36,0.58,2023-09-26,1049,N,VIIRS,n,2,314.23,7.05,D,2
35.72569,44.04182,347.68,0.37,0.58,2023-09-26,1049,N,VIIRS,n,2,315.03,5.11,D,2
35.73057,44.03287,350.05,0.37,0.58,2023-09-26,1049,N,VIIRS,n,2,314.69,5.96,D,2
35.76979,44.11627,354.41,0.38,0.59,2023-09-26,1049,N,VIIRS,n,2,310.51,3.54,D,0
35.77346,43.99506,346.4,0.37,0.58,2023-09-26,1049,N,VIIRS,n,2,313.47,3.55,D,2
35.99618,43.76192,340.79,0.36,0.57,2023-09-26,1049,N,VIIRS,n,2,310.84,2.51,D,2
36.01097,43.78531,341.14,0.36,0.58,2023-09-26,1049,N,VIIRS,n,2,311.39,2.23,D,0
36.0157,43.68209,356.09,0.36,0.57,2023-09-26,1049,N,VIIRS,n,2,317.14,5.32,D,2
36.07248,41.61584,350.33,0.55,0.51,2023-09-26,1049,N,VIIRS,n,2,319.52,21.25,D,0
36.07276,41.61369,354.16,0.55,0.51,2023-09-26,1049,N,VIIRS,n,2,319.17,21.84,D,0
36.12954,40.81015,344.61,0.5,0.49,2023-09-26,1049,N,VIIRS,n,2,319.24,4.15,D,2
36.18593,39.1136,343.11,0.4,0.45,2023-09-26,1049,N,VIIRS,n,2,313.81,3.82,D,0
36.2611,44.30764,343.83,0.39,0.59,2023-09-26,1049,N,VIIRS,n,2,308.65,3.84,D,0
36.29671,36.47084,345.91,0.46,0.39,2023-09-26,1049,N,VIIRS,n,2,312.8,14.23,D,0
36.30032,36.47019,345.62,0.46,0.39,2023-09-26,1049,N,VIIRS,n,2,314.47,45.02,D,0
36.57351,37.97674,342.94,0.54,0.42,2023-09-26,1049,N,VIIRS,n,2,314.74,7.18,D,0
36.66219,35.4603,337.02,0.43,0.38,2023-09-26,1049,N,VIIRS,n,2,307.25,3.48,D,0
36.67264,35.45824,339.69,0.43,0.38,2023-09-26,1049,N,VIIRS,n,2,306.96,4.35,D,0
36.7146,35.25142,337.41,0.42,0.38,2023-09-26,1049,N,VIIRS,n,2,304.95,2.75,D,0
36.71806,35.25073,341.87,0.42,0.38,2023-09-26,1049,N,VIIRS,n,2,303.54,2.75,D,0
36.77752,43.32486,351.63,0.35,0.57,2023-09-26,1049,N,VIIRS,n,2,309.79,5.65,D,2
36.79712,40.181,347.08,0.47,0.48,2023-09-26,1049,N,VIIRS,n,2,313.48,6.19,D,0
36.80674,35.12836,340.13,0.42,0.38,2023-09-26,1049,N,VIIRS,n,2,302.27,5.57,D,0
36.80776,40.24938,345.66,0.47,0.48,2023-09-26,1049,N,VIIRS,n,2,314.79,8.1,D,0
36.80886,40.16326,352.45,0.47,0.47,2023-09-26,1049,N,VIIRS,n,2,315.99,10.47,D,0
36.81101,40.25142,351.33,0.47,0.48,2023-09-26,1049,N,VIIRS,n,2,318.15,12.67,D,0
36.81218,40.24883,346.78,0.47,0.48,2023-09-26,1049,N,VIIRS,n,2,316.05,8.1,D,0
36.8689,38.30892,342.98,0.56,0.43,2023-09-26,1049,N,VIIRS,n,2,317.55,7.31,D,0
36.90758,43.39014,340.46,0.35,0.57,2023-09-26,1049,N,VIIRS,n,2,302.74,4.5,D,2
36.90785,43.39443,344.93,0.35,0.57,2023-09-26,1049,N,VIIRS,n,2,301.73,6.06,D,2
36.90843,35.45046,350.43,0.43,0.38,2023-09-26,1049,N,VIIRS,n,2,309.2,12.93,D,0
36.92274,35.19487,342.44,0.42,0.38,2023-09-26,1049,N,VIIRS,n,2,307.55,4.49,D,0
37.11512,36.01192,345.8,0.45,0.39,2023-09-26,1049,N,VIIRS,n,2,307.87,4.6,D,0
37.11701,36.01409,339.3,0.45,0.39,2023-09-26,1049,N,VIIRS,n,2,309.01,3.6,D,0
37.13984,36.08289,340.29,0.45,0.39,2023-09-26,1049,N,VIIRS,n,2,309.51,4.73,D,0
37.28679,33.8203,330.12,0.4,0.37,2023-09-26,1049,N,VIIRS,n,2,299.9,1.59,D,0
37.33065,35.91099,340.62,0.45,0.39,2023-09-26,1049,N,VIIRS,n,2,310.61,9.96,D,0
37.38543,36.9912,350.43,0.5,0.41,2023-09-26,1049,N,VIIRS,n,2,317.12,25.08,D,0
37.40915,36.99849,350.38,0.5,0.41,2023-09-26,1049,N,VIIRS,n,2,315.33,7.65,D,0
37.54897,39.39385,341.11,0.43,0.46,2023-09-26,1049,N,VIIRS,n,2,312.37,4.21,D,0
37.77931,38.71951,339.84,0.4,0.44,2023-09-26,1049,N,VIIRS,n,2,314.48,2.94,D,0
37.8917,40.05947,348.42,0.47,0.48,2023-09-26,1049,N,VIIRS,n,2,314.7,10.06,D,0
37.93398,40.69155,348.47,0.51,0.5,2023-09-26,1049,N,VIIRS,n,2,322.62,55.6,D,0
37.99269,41.65313,354.91,0.58,0.52,2023-09-26,1049,N,VIIRS,n,2,315.26,10.73,D,0
37.99548,41.65257,352.08,0.58,0.52,2023-09-26,1049,N,VIIRS,n,2,316.13,8.98,D,0
37.99802,41.65896,339.07,0.58,0.52,2023-09-26,1049,N,VIIRS,n,2,312.82,7.11,D,0
38.11503,40.98973,346.3,0.53,0.5,2023-09-26,1049,N,VIIRS,n,2,316.77,9.87,D,0
37.61805,31.87951,338.65,0.38,0.36,2023-09-26,1050,N,VIIRS,n,2,307.41,5.07,D,0
37.64125,29.95356,343.57,0.41,0.37,2023-09-26,1050,N,VIIRS,n,2,301.09,3.75,D,0
37.74686,31.85886,338.21,0.38,0.36,2023-09-26,1050,N,VIIRS,n,2,305.85,3.22,D,0
37.88924,31.76734,350.1,0.38,0.36,2023-09-26,1050,N,VIIRS,n,2,308.94,7.14,D,0
37.89253,31.76653,337.85,0.38,0.36,2023-09-26,1050,N,VIIRS,n,2,305.69,3.15,D,0
37.91021,31.59529,332.15,0.39,0.36,2023-09-26,1050,N,VIIRS,n,2,301.37,2.77,D,0
37.91608,31.59483,342.39,0.39,0.36,2023-09-26,1050,N,VIIRS,n,2,301.48,4.73,D,0
38.08265,29.85749,348.55,0.41,0.37,2023-09-26,1050,N,VIIRS,n,2,309.94,12.24,D,0
38.08602,29.85659,354.98,0.41,0.37,2023-09-26,1050,N,VIIRS,n,2,313.23,12.24,D,0
38.1116,38.9386,340.2,0.42,0.45,2023-09-26,1050,N,VIIRS,n,2,309.61,7.48,D,0
38.11214,38.94434,348.71,0.42,0.45,2023-09-26,1050,N,VIIRS,n,2,310.09,7.48,D,0
38.11624,38.94305,348.77,0.42,0.45,2023-09-26,1050,N,VIIRS,n,2,313.38,81.54,D,0
38.11682,30.6007,348.09,0.39,0.36,2023-09-26,1050,N,VIIRS,n,2,302.86,5.83,D,0
38.23093,31.89328,332.66,0.38,0.36,2023-09-26,1050,N,VIIRS,n,2,296.79,4.96,D,0
38.23835,30.46838,332.14,0.4,0.37,2023-09-26,1050,N,VIIRS,n,2,301.64,1.04,D,0
38.27938,30.45416,332.14,0.4,0.37,2023-09-26,1050,N,VIIRS,n,2,302.12,1.5,D,0
38.28893,30.17908,339.3,0.4,0.37,2023-09-26,1050,N,VIIRS,n,2,306.94,2.87,D,0
38.30127,29.57225,337.17,0.41,0.37,2023-09-26,1050,N,VIIRS,n,2,300.6,6.08,D,0
38.35697,29.4061,339.39,0.42,0.37,2023-09-26,1050,N,VIIRS,n,2,305.67,4.22,D,0
38.3578,29.4108,336.99,0.42,0.37,2023-09-26,1050,N,VIIRS,n,2,306.08,4.1,D,0
38.37692,29.60155,335.68,0.41,0.37,2023-09-26,1050,N,VIIRS,n,2,302.48,5.13,D,0
38.37698,32.70892,346.86,0.39,0.36,2023-09-26,1050,N,VIIRS,n,2,309.69,2.67,D,0
38.38525,31.85634,337.34,0.38,0.36,2023-09-26,1050,N,VIIRS,n,2,307.95,1.59,D,0
38.3912,29.60229,337.55,0.41,0.37,2023-09-26,1050,N,VIIRS,n,2,305.32,2.21,D,0
38.44188,29.36993,351.8,0.42,0.37,2023-09-26,1050,N,VIIRS,n,2,312.78,7.52,D,0
38.45079,29.46108,337.88,0.41,0.37,2023-09-26,1050,N,VIIRS,n,2,307.28,2.42,D,0
38.45626,29.53284,341.88,0.41,0.37,2023-09-26,1050,N,VIIRS,n,2,310.86,5.54,D,0
38.5192,29.56909,343.02,0.41,0.37,2023-09-26,1050,N,VIIRS,n,2,308.8,2.95,D,0
38.52337,29.5728,353.91,0.41,0.37,2023-09-26,1050,N,VIIRS,n,2,309.83,16.67,D,0
38.52594,29.5672,354.69,0.41,0.37,2023-09-26,1050,N,VIIRS,n,2,307.79,5.07,D,0
38.52674,29.57185,340.57,0.41,0.37,2023-09-26,1050,N,VIIRS,n,2,314.3,27.9,D,0
38.52755,29.5765,340.86,0.41,0.37,2023-09-26,1050,N,VIIRS,n,2,304.67,27.9,D,0
38.53784,29.55414,343.85,0.41,0.37,2023-09-26,1050,N,VIIRS,n,2,306.76,3.37,D,0
38.53864,29.55879,337.28,0.41,0.37,2023-09-26,1050,N,VIIRS,n,2,305.18,2.98,D,0
38.56843,31.74567,343.09,0.38,0.36,2023-09-26,1050,N,VIIRS,n,2,314.92,3.99,D,0
38.57634,31.75279,345.99,0.38,0.36,2023-09-26,1050,N,VIIRS,n,2,313.16,3.94,D,0
38.65853,32.05116,347.08,0.38,0.36,2023-09-26,1050,N,VIIRS,n,2,309.95,3.07,D,0
38.94904,31.72848,335.25,0.38,0.36,2023-09-26,1050,N,VIIRS,n,2,304.66,2.76,D,0
38.97073,34.64481,342.52,0.42,0.38,2023-09-26,1050,N,VIIRS,n,2,309.09,4.32,D,0
38.99569,32.17354,351.94,0.38,0.36,2023-09-26,1050,N,VIIRS,n,2,313.08,5.65,D,0
39.02705,37.06141,353.21,0.52,0.42,2023-09-26,1050,N,VIIRS,n,2,314.19,12.17,D,0
39.02844,36.8962,339.42,0.51,0.41,2023-09-26,1050,N,VIIRS,n,2,311.31,2.42,D,0
39.03223,36.89552,347.72,0.51,0.41,2023-09-26,1050,N,VIIRS,n,2,310.72,8.49,D,0
39.18966,32.36113,346.16,0.39,0.36,2023-09-26,1050,N,VIIRS,n,2,310.55,4.06,D,0
39.27824,37.53066,355.27,0.55,0.43,2023-09-26,1050,N,VIIRS,n,2,320.91,41.8,D,0
39.33615,31.50799,335.17,0.38,0.36,2023-09-26,1050,N,VIIRS,n,2,306.73,2.42,D,0
39.39384,30.87644,340.54,0.39,0.36,2023-09-26,1050,N,VIIRS,n,2,310.52,4.12,D,0
39.55462,37.14621,343.14,0.53,0.42,2023-09-26,1050,N,VIIRS,n,2,310.29,9.57,D,0
39.5767,29.86363,333.59,0.4,0.37,2023-09-26,1050,N,VIIRS,n,2,307.06,1.63,D,0
39.88991,29.05389,337.73,0.41,0.37,2023-09-26,1050,N,VIIRS,n,2,294.13,1.96,D,0
40.23361,34.66747,344.47,0.43,0.38,2023-09-26,1050,N,VIIRS,n,2,306.43,60.12,D,0
40.25928,29.06983,337.88,0.41,0.37,2023-09-26,1050,N,VIIRS,n,2,298.19,1.79,D,0
40.28093,29.11331,334.0,0.41,0.37,2023-09-26,1050,N,VIIRS,n,2,293.47,2.99,D,0
40.34163,40.04057,332.81,0.5,0.49,2023-09-26,1050,N,VIIRS,n,2,304.94,1.0,D,0
40.49324,35.37672,339.45,0.46,0.39,2023-09-26,1050,N,VIIRS,n,2,304.1,3.64,D,0
40.5005,35.37568,340.89,0.46,0.39,2023-09-26,1050,N,VIIRS,n,2,305.02,2.83,D,0
40.57312,34.24928,345.88,0.43,0.38,2023-09-26,1050,N,VIIRS,n,2,307.46,6.67,D,0
40.57899,34.41597,341.04,0.43,0.38,2023-09-26,1050,N,VIIRS,n,2,313.23,5.27,D,0
40.64899,44.1318,336.45,0.42,0.61,2023-09-26,1050,N,VIIRS,n,2,293.83,3.29,D,0
40.69217,35.62553,339.44,0.47,0.4,2023-09-26,1050,N,VIIRS,n,2,305.35,3.7,D,0
40.71622,43.84975,341.83,0.4,0.6,2023-09-26,1050,N,VIIRS,n,2,294.29,4.79,D,0
41.24117,36.46625,334.35,0.52,0.41,2023-09-26,1050,N,VIIRS,n,2,301.37,5.14,D,2
41.24289,36.46452,336.39,0.52,0.41,2023-09-26,1050,N,VIIRS,n,2,301.16,5.65,D,2
41.25617,31.41289,331.38,0.38,0.36,2023-09-26,1051,N,VIIRS,n,2,305.98,2.87,D,2
41.31068,27.65521,339.0,0.43,0.38,2023-09-26,1051,N,VIIRS,n,2,300.4,4.3,D,0
41.31472,27.69699,334.35,0.43,0.38,2023-09-26,1051,N,VIIRS,n,2,302.63,3.55,D,0
41.67537,27.05438,337.62,0.45,0.39,2023-09-26,1051,N,VIIRS,n,2,303.79,7.28,D,0
41.67635,27.05963,333.85,0.45,0.39,2023-09-26,1051,N,VIIRS,n,2,303.57,7.28,D,0
41.73791,26.58546,333.38,0.46,0.39,2023-09-26,1051,N,VIIRS,n,2,299.54,1.53,D,0
42.31158,43.95936,338.16,0.42,0.61,2023-09-26,1051,N,VIIRS,n,2,295.2,5.47,D,0
42.31289,43.95827,331.23,0.42,0.61,2023-09-26,1051,N,VIIRS,n,2,294.35,6.07,D,0
42.38817,26.01472,347.8,0.47,0.4,2023-09-26,1051,N,VIIRS,n,2,305.49,10.47,D,0
42.39174,26.01345,347.28,0.47,0.4,2023-09-26,1051,N,VIIRS,n,2,300.16,10.47,D,0
42.45783,26.92633,337.02,0.44,0.38,2023-09-26,1051,N,VIIRS,n,2,302.74,3.95,D,0
40.57729,43.00615,295.41,0.39,0.36,2023-09-26,2308,N,VIIRS,n,2,278.01,0.74,N,0
36.64046,43.6367,326.6,0.44,0.38,2023-09-26,2309,N,VIIRS,n,2,292.61,1.59,N,2
36.72417,43.67736,311.13,0.44,0.38,2023-09-26,2309,N,VIIRS,n,2,291.36,1.18,N,0
36.74662,43.49761,306.87,0.43,0.38,2023-09-26,2309,N,VIIRS,n,2,292.29,1.46,N,2
36.74892,43.50124,304.0,0.43,0.38,2023-09-26,2309,N,VIIRS,n,2,293.9,1.0,N,2
36.77724,43.32395,334.83,0.42,0.38,2023-09-26,2309,N,VIIRS,n,2,296.71,3.98,N,2
36.7782,43.3262,323.85,0.42,0.38,2023-09-26,2309,N,VIIRS,n,2,296.73,1.71,N,2
36.90492,43.392,307.33,0.43,0.38,2023-09-26,2309,N,VIIRS,n,2,288.77,2.26,N,2
36.90834,43.39299,328.77,0.43,0.38,2023-09-26,2309,N,VIIRS,n,2,291.06,2.26,N,2
36.90921,43.38826,306.28,0.43,0.38,2023-09-26,2309,N,VIIRS,n,2,289.78,2.26,N,2
36.93657,42.13218,330.46,0.4,0.37,2023-09-26,2309,N,VIIRS,n,2,295.29,2.02,N,2
36.93807,42.12336,329.47,0.4,0.37,2023-09-26,2309,N,VIIRS,n,2,293.36,2.87,N,2
36.93882,42.11896,308.38,0.4,0.37,2023-09-26,2309,N,VIIRS,n,2,291.89,2.87,N,2
36.94065,42.12864,312.68,0.4,0.37,2023-09-26,2309,N,VIIRS,n,2,291.95,2.02,N,2
36.94386,42.17109,317.84,0.4,0.37,2023-09-26,2309,N,VIIRS,n,2,292.85,1.01,N,2
36.99296,42.00462,302.91,0.39,0.37,2023-09-26,2309,N,VIIRS,n,2,292.53,0.27,N,0
36.99747,41.56451,305.06,0.39,0.36,2023-09-26,2309,N,VIIRS,n,2,290.58,0.83,N,2
37.01112,41.58608,306.65,0.39,0.36,2023-09-26,2309,N,VIIRS,n,2,290.91,0.72,N,2
37.01443,41.58693,315.78,0.39,0.36,2023-09-26,2309,N,VIIRS,n,2,293.24,1.31,N,0
37.24663,42.15331,302.93,0.4,0.37,2023-09-26,2309,N,VIIRS,n,2,291.16,0.8,N,0
37.33875,40.80393,307.28,0.38,0.36,2023-09-26,2309,N,VIIRS,n,2,291.9,1.14,N,2
37.5509,38.33105,301.97,0.41,0.37,2023-09-26,2309,N,VIIRS,n,2,290.69,0.93,N,0
37.55496,38.32714,312.41,0.41,0.37,2023-09-26,2309,N,VIIRS,n,2,290.4,1.93,N,0
37.61171,40.25069,297.37,0.39,0.36,2023-09-26,2309,N,VIIRS,n,2,285.6,0.33,N,0
37.67017,39.125,323.27,0.4,0.37,2023-09-26,2309,N,VIIRS,n,2,292.78,1.92,N,0
37.67124,38.0831,329.21,0.42,0.38,2023-09-26,2309,N,VIIRS,n,2,289.88,2.72,N,0
37.70211,42.30574,322.09,0.4,0.37,2023-09-26,2309,N,VIIRS,n,2,283.8,1.98,N,0
37.81011,38.5241,300.18,0.41,0.37,2023-09-26,2309,N,VIIRS,n,2,289.93,0.38,N,0
37.9412,41.60751,300.38,0.39,0.36,2023-09-26,2309,N,VIIRS,n,2,289.67,0.46,N,0
37.96148,41.44039,297.1,0.39,0.36,2023-09-26,2309,N,VIIRS,n,2,286.0,0.25,N,0
37.96218,41.43604,302.03,0.39,0.36,2023-09-26,2309,N,VIIRS,n,2,286.21,0.38,N,0
37.96229,41.70173,303.86,0.39,0.36,2023-09-26,2309,N,VIIRS,n,2,291.1,0.57,N,2
37.96709,40.10038,303.97,0.39,0.36,2023-09-26,2309,N,VIIRS,n,2,287.63,0.49,N,0
37.9887,41.01331,328.37,0.38,0.36,2023-09-26,2309,N,VIIRS,n,2,291.57,3.11,N,0
37.9913,41.01847,303.08,0.38,0.36,2023-09-26,2309,N,VIIRS,n,2,290.3,1.14,N,0
37.99199,41.01414,322.22,0.38,0.36,2023-09-26,2309,N,VIIRS,n,2,292.05,1.14,N,0
38.09777,40.3315,315.56,0.39,0.36,2023-09-26,2309,N,VIIRS,n,2,288.36,1.82,N,0
38.10107,40.33231,323.81,0.39,0.36,2023-09-26,2309,N,VIIRS,n,2,289.66,1.82,N,0
38.14532,40.26608,300.04,0.39,0.36,2023-09-26,2309,N,VIIRS,n,2,287.36,0.28,N,0
38.15497,40.42012,317.08,0.39,0.36,2023-09-26,2309,N,VIIRS,n,2,288.49,0.9,N,0
38.16602,39.8293,304.47,0.39,0.36,2023-09-26,2309,N,VIIRS,n,2,285.54,0.54,N,0
38.16612,40.45914,302.04,0.39,0.36,2023-09-26,2309,N,VIIRS,n,2,289.3,0.69,N,0
38.16626,40.23251,303.71,0.39,0.36,2023-09-26,2309,N,VIIRS,n,2,290.77,0.55,N,0
38.16691,40.22813,320.76,0.39,0.36,2023-09-26,2309,N,VIIRS,n,2,292.22,1.14,N,0
38.16956,40.23332,301.26,0.39,0.36,2023-09-26,2309,N,VIIRS,n,2,290.14,0.55,N,0
38.17021,40.22894,310.63,0.39,0.36,2023-09-26,2309,N,VIIRS,n,2,291.47,1.14,N,0
38.17087,40.22456,300.86,0.39,0.36,2023-09-26,2309,N,VIIRS,n,2,290.19,1.14,N,0
38.17153,40.22018,300.36,0.39,0.36,2023-09-26,2309,N,VIIRS,n,2,289.07,0.37,N,0
38.29694,37.03306,295.35,0.46,0.39,2023-09-26,2309,N,VIIRS,n,2,279.25,0.27,N,0
38.41337,39.22335,328.76,0.4,0.37,2023-09-26,2309,N,VIIRS,n,2,287.79,3.92,N,0
38.41808,43.23871,301.63,0.41,0.37,2023-09-26,2309,N,VIIRS,n,2,285.3,1.54,N,0
38.4253,27.21742,304.86,0.48,0.65,2023-09-26,2309,N,VIIRS,n,2,290.28,1.1,N,2
38.45486,38.72735,315.78,0.41,0.37,2023-09-26,2309,N,VIIRS,n,2,292.52,1.32,N,2
38.65848,30.6192,299.45,0.32,0.54,2023-09-26,2309,N,VIIRS,n,2,286.3,0.8,N,2
38.66187,30.61827,295.97,0.32,0.54,2023-09-26,2309,N,VIIRS,n,2,284.76,0.48,N,0
38.6635,39.23466,298.46,0.4,0.37,2023-09-26,2309,N,VIIRS,n,2,287.83,0.66,N,0
38.66909,32.04583,299.97,0.53,0.5,2023-09-26,2309,N,VIIRS,n,2,283.79,1.34,N,0
38.72165,32.79189,308.83,0.49,0.48,2023-09-26,2309,N,VIIRS,n,2,282.39,1.3,N,0
38.72443,32.78989,310.42,0.49,0.48,2023-09-26,2309,N,VIIRS,n,2,281.12,1.31,N,0
38.72614,32.79245,302.41,0.49,0.48,2023-09-26,2309,N,VIIRS,n,2,280.33,0.82,N,0
38.74947,36.53448,296.53,0.49,0.4,2023-09-26,2309,N,VIIRS,n,2,280.42,1.16,N,0
38.8484,32.19688,308.22,0.53,0.5,2023-09-26,2309,N,VIIRS,n,2,282.29,1.43,N,0
38.85727,35.76711,296.4,0.52,0.42,2023-09-26,2309,N,VIIRS,n,2,283.44,0.58,N,0
38.88516,37.89899,298.1,0.43,0.38,2023-09-26,2309,N,VIIRS,n,2,285.16,0.17,N,2
38.89277,41.56868,302.97,0.38,0.36,2023-09-26,2309,N,VIIRS,n,2,287.93,0.84,N,0
39.0532,36.62522,296.29,0.48,0.4,2023-09-26,2309,N,VIIRS,n,2,277.55,0.66,N,0
39.15656,34.78282,297.86,0.39,0.44,2023-09-26,2309,N,VIIRS,n,2,281.12,0.72,N,0
39.15703,34.77819,300.83,0.39,0.44,2023-09-26,2309,N,VIIRS,n,2,280.28,0.72,N,0
39.17619,32.52155,296.74,0.51,0.49,2023-09-26,2309,N,VIIRS,n,2,285.24,0.71,N,0
39.18123,32.51625,309.35,0.51,0.49,2023-09-26,2309,N,VIIRS,n,2,285.89,1.62,N,0
39.18789,37.46857,298.28,0.45,0.39,2023-09-26,2309,N,VIIRS,n,2,277.75,0.7,N,0
39.189,37.47099,318.16,0.45,0.39,2023-09-26,2309,N,VIIRS,n,2,278.42,1.67,N,0
39.19146,37.46928,313.05,0.45,0.39,2023-09-26,2309,N,VIIRS,n,2,279.07,1.18,N,0
39.25305,33.84313,295.42,0.44,0.46,2023-09-26,2309,N,VIIRS,n,2,281.44,1.01,N,0
39.25555,33.84505,318.71,0.44,0.46,2023-09-26,2309,N,VIIRS,n,2,283.58,2.29,N,0
39.2573,33.84391,309.55,0.44,0.46,2023-09-26,2309,N,VIIRS,n,2,283.19,1.01,N,0
39.48429,30.04136,295.82,0.35,0.57,2023-09-26,2309,N,VIIRS,n,2,284.57,0.41,N,2
39.57808,29.86234,306.31,0.36,0.57,2023-09-26,2309,N,VIIRS,n,2,284.49,1.12,N,0
39.83693,30.30078,307.71,0.34,0.56,2023-09-26,2309,N,VIIRS,n,2,286.56,0.85,N,2
39.83713,30.30048,307.08,0.34,0.56,2023-09-26,2309,N,VIIRS,n,2,287.04,0.85,N,2
39.94572,33.18982,302.0,0.48,0.48,2023-09-26,2309,N,VIIRS,n,2,287.07,2.14,N,2
39.9608,33.14595,301.36,0.48,0.48,2023-09-26,2309,N,VIIRS,n,2,286.92,0.94,N,2
40.05077,32.64797,300.7,0.51,0.5,2023-09-26,2309,N,VIIRS,n,2,286.86,1.29,N,2
40.4108,39.65997,295.55,0.4,0.37,2023-09-26,2309,N,VIIRS,n,2,282.26,0.52,N,0
40.75651,31.78173,298.48,0.58,0.52,2023-09-26,2309,N,VIIRS,n,2,285.05,1.05,N,2
40.75967,29.35923,302.98,0.39,0.59,2023-09-26,2309,N,VIIRS,n,2,290.82,0.75,N,2
40.76408,32.21458,298.53,0.55,0.51,2023-09-26,2309,N,VIIRS,n,2,281.49,0.85,N,2
40.78116,29.60051,307.56,0.38,0.58,2023-09-26,2309,N,VIIRS,n,2,291.85,1.32,N,2
40.93661,35.88231,295.8,0.55,0.42,2023-09-26,2309,N,VIIRS,n,2,285.13,0.86,N,0
41.02003,28.55489,311.26,0.43,0.62,2023-09-26,2309,N,VIIRS,n,2,290.82,1.44,N,2
41.17453,32.63171,307.17,0.53,0.5,2023-09-26,2309,N,VIIRS,n,2,287.61,2.1,N,2
41.17599,32.63785,300.39,0.53,0.5,2023-09-26,2309,N,VIIRS,n,2,287.62,1.02,N,2
41.17645,32.63157,303.15,0.53,0.5,2023-09-26,2309,N,VIIRS,n,2,288.29,1.86,N,2
41.18112,32.63203,299.8,0.53,0.5,2023-09-26,2309,N,VIIRS,n,2,288.02,1.14,N,2
41.24211,36.46539,326.55,0.52,0.41,2023-09-26,2309,N,VIIRS,n,2,290.38,4.64,N,2
41.24334,36.46668,323.26,0.52,0.41,2023-09-26,2309,N,VIIRS,n,2,290.28,2.1,N,2
41.26743,31.42149,302.91,0.61,0.53,2023-09-26,2309,N,VIIRS,n,2,290.56,2.13,N,2
41.61324,26.78622,300.18,0.53,0.67,2023-09-26,2309,N,VIIRS,n,2,287.26,0.7,N,0
41.63745,27.5038,296.6,0.49,0.65,2023-09-26,2309,N,VIIRS,n,2,285.97,0.33,N,2
35.51265,44.37416,317.56,0.48,0.4,2023-09-26,2310,N,VIIRS,n,2,296.91,1.79,N,2
35.52592,44.34518,329.46,0.48,0.4,2023-09-26,2310,N,VIIRS,n,2,295.84,3.31,N,2
35.52692,44.34002,314.82,0.48,0.4,2023-09-26,2310,N,VIIRS,n,2,295.47,3.31,N,2
35.53054,44.34104,341.1,0.48,0.4,2023-09-26,2310,N,VIIRS,n,2,297.16,3.31,N,2
35.53517,44.33688,337.15,0.48,0.4,2023-09-26,2310,N,VIIRS,n,2,296.65,4.76,N,2
35.58191,44.25227,306.33,0.47,0.4,2023-09-26,2310,N,VIIRS,n,2,295.03,0.83,N,2
35.6283,44.00858,335.42,0.46,0.39,2023-09-26,2310,N,VIIRS,n,2,300.41,10.82,N,2
35.67826,44.06697,308.52,0.46,0.39,2023-09-26,2310,N,VIIRS,n,2,296.49,1.77,N,2
35.68306,43.87649,305.65,0.46,0.39,2023-09-26,2310,N,VIIRS,n,2,293.97,4.04,N,2
35.6866,43.87749,332.39,0.46,0.39,2023-09-26,2310,N,VIIRS,n,2,298.8,4.04,N,2
35.71352,44.17848,335.7,0.47,0.4,2023-09-26,2310,N,VIIRS,n,2,294.49,4.22,N,0
35.71448,44.17339,344.18,0.47,0.4,2023-09-26,2310,N,VIIRS,n,2,295.69,4.22,N,0
35.71806,44.17446,306.39,0.47,0.4,2023-09-26,2310,N,VIIRS,n,2,293.03,4.22,N,0
35.71933,43.77325,309.55,0.45,0.39,2023-09-26,2310,N,VIIRS,n,2,297.45,1.21,N,2
35.72428,44.0425,331.48,0.46,0.39,2023-09-26,2310,N,VIIRS,n,2,298.22,5.23,N,2
35.72975,44.03341,330.8,0.46,0.39,2023-09-26,2310,N,VIIRS,n,2,298.71,5.64,N,2
35.77387,43.99813,328.11,0.46,0.39,2023-09-26,2310,N,VIIRS,n,2,298.47,2.49,N,2
35.77518,43.99563,312.78,0.46,0.39,2023-09-26,2310,N,VIIRS,n,2,297.14,1.73,N,2
35.80383,38.72672,300.31,0.39,0.37,2023-09-26,2310,N,VIIRS,n,2,290.06,0.28,N,0
35.81574,43.25817,305.57,0.43,0.38,2023-09-26,2310,N,VIIRS,n,2,294.7,1.44,N,2
35.83308,43.2232,305.51,0.43,0.38,2023-09-26,2310,N,VIIRS,n,2,294.1,1.84,N,0
35.9245,43.78904,335.06,0.45,0.39,2023-09-26,2310,N,VIIRS,n,2,297.12,4.07,N,2
35.92522,43.7925,329.13,0.45,0.39,2023-09-26,2310,N,VIIRS,n,2,296.74,2.03,N,2
35.92612,43.78761,310.75,0.45,0.39,2023-09-26,2310,N,VIIRS,n,2,296.41,2.03,N,2
35.95408,43.73045,312.03,0.45,0.39,2023-09-26,2310,N,VIIRS,n,2,295.58,1.47,N,2
35.96964,43.76569,307.95,0.45,0.39,2023-09-26,2310,N,VIIRS,n,2,296.91,3.47,N,2
35.97129,43.77662,307.97,0.45,0.39,2023-09-26,2310,N,VIIRS,n,2,295.06,1.28,N,2
35.97221,43.77169,308.2,0.45,0.39,2023-09-26,2310,N,VIIRS,n,2,295.35,1.3,N,2
35.97355,38.68526,310.7,0.4,0.37,2023-09-26,2310,N,VIIRS,n,2,293.8,0.92,N,0
35.97572,43.77272,307.04,0.45,0.39,2023-09-26,2310,N,VIIRS,n,2,295.58,1.3,N,2
35.98015,43.76884,322.58,0.45,0.39,2023-09-26,2310,N,VIIRS,n,2,297.15,2.64,N,2
35.98366,43.76986,322.65,0.45,0.39,2023-09-26,2310,N,VIIRS,n,2,296.55,2.64,N,2
35.99952,43.76412,309.02,0.45,0.39,2023-09-26,2310,N,VIIRS,n,2,292.85,1.09,N,2
36.01846,43.68213,335.4,0.44,0.39,2023-09-26,2310,N,VIIRS,n,2,300.37,6.71,N,2
36.13035,40.80929,314.25,0.39,0.36,2023-09-26,2310,N,VIIRS,n,2,293.95,1.33,N,2
36.14284,40.81678,323.7,0.39,0.36,2023-09-26,2310,N,VIIRS,n,2,293.65,1.56,N,2
36.14692,43.79702,312.28,0.45,0.39,2023-09-26,2310,N,VIIRS,n,2,294.69,1.84,N,2
36.15002,43.79464,310.8,0.45,0.39,2023-09-26,2310,N,VIIRS,n,2,295.39,1.63,N,2
36.19923,42.239,325.69,0.4,0.37,2023-09-26,2310,N,VIIRS,n,2,289.89,2.11,N,0
36.20258,42.23989,305.06,0.4,0.37,2023-09-26,2310,N,VIIRS,n,2,290.36,0.59,N,0
36.26302,33.73068,318.85,0.41,0.45,2023-09-26,2310,N,VIIRS,n,2,293.74,1.26,N,2
36.35112,42.07523,311.35,0.4,0.37,2023-09-26,2310,N,VIIRS,n,2,297.9,1.18,N,2
36.45839,42.6699,304.58,0.41,0.37,2023-09-26,2310,N,VIIRS,n,2,292.09,0.79,N,2
36.45877,42.67173,308.43,0.41,0.37,2023-09-26,2310,N,VIIRS,n,2,292.96,0.79,N,2
36.45903,41.28098,311.67,0.39,0.36,2023-09-26,2310,N,VIIRS,n,2,294.03,0.87,N,2
36.68927,42.52219,319.53,0.41,0.37,2023-09-26,2310,N,VIIRS,n,2,291.32,1.94,N,0
36.69263,42.52308,305.24,0.41,0.37,2023-09-26,2310,N,VIIRS,n,2,290.75,0.6,N,0
36.72161,42.59891,306.51,0.41,0.37,2023-09-26,2310,N,VIIRS,n,2,293.42,0.68,N,2
36.72884,36.21208,315.06,0.48,0.4,2023-09-26,2310,N,VIIRS,n,2,295.67,2.38,N,2
36.73251,36.21275,316.77,0.48,0.4,2023-09-26,2310,N,VIIRS,n,2,297.57,2.38,N,2
36.73985,36.21418,314.21,0.48,0.4,2023-09-26,2310,N,VIIRS,n,2,295.15,3.1,N,2
36.79984,37.01799,309.56,0.44,0.39,2023-09-26,2310,N,VIIRS,n,2,293.57,1.02,N,2
36.87039,34.76594,310.96,0.55,0.43,2023-09-26,2310,N,VIIRS,n,2,294.49,1.25,N,2
36.91582,41.89484,314.42,0.39,0.36,2023-09-26,2310,N,VIIRS,n,2,291.81,1.04,N,2
36.9856,41.36947,311.97,0.39,0.36,2023-09-26,2310,N,VIIRS,n,2,288.79,1.1,N,0
37.01888,36.09373,305.48,0.48,0.4,2023-09-26,2310,N,VIIRS,n,2,294.5,0.84,N,2
37.06678,40.73704,299.25,0.38,0.36,2023-09-26,2310,N,VIIRS,n,2,288.57,0.43,N,0
37.07007,40.73785,319.1,0.38,0.36,2023-09-26,2310,N,VIIRS,n,2,289.12,1.02,N,0
37.27881,38.73058,305.2,0.4,0.37,2023-09-26,2310,N,VIIRS,n,2,293.49,1.27,N,2
37.29444,37.15729,314.59,0.44,0.39,2023-09-26,2310,N,VIIRS,n,2,294.67,1.8,N,2
37.29557,37.16039,304.51,0.44,0.39,2023-09-26,2310,N,VIIRS,n,2,293.24,0.89,N,2
37.29626,37.15506,306.6,0.44,0.39,2023-09-26,2310,N,VIIRS,n,2,292.99,1.1,N,2
37.35184,37.16353,309.37,0.44,0.39,2023-09-26,2310,N,VIIRS,n,2,294.07,1.58,N,2
37.77422,31.78288,295.4,0.54,0.51,2023-09-26,2310,N,VIIRS,n,2,281.0,0.69,N,0
37.9395,32.53424,301.09,0.49,0.49,2023-09-26,2310,N,VIIRS,n,2,287.79,1.04,N,2
38.43039,27.21577,301.79,0.48,0.65,2023-09-26,2310,N,VIIRS,n,2,290.7,0.95,N,2
38.72037,32.79317,297.67,0.66,0.73,2023-09-27,49,N,VIIRS,n,2,280.36,0.69,N,0
38.72287,32.7919,302.29,0.66,0.73,2023-09-27,49,N,VIIRS,n,2,280.28,1.26,N,0
39.17645,32.5183,297.5,0.62,0.71,2023-09-27,49,N,VIIRS,n,2,284.32,1.14,N,0
39.57905,29.86203,296.92,0.45,0.63,2023-09-27,49,N,VIIRS,n,2,283.93,0.77,N,0
40.18678,29.22572,298.49,0.4,0.6,2023-09-27,49,N,VIIRS,n,2,287.61,0.4,N,2
41.01407,27.96298,298.4,0.33,0.55,2023-09-27,49,N,VIIRS,n,2,284.5,0.35,N,2
41.01873,28.55652,306.73,0.35,0.57,2023-09-27,49,N,VIIRS,n,2,290.7,0.81,N,2
41.01916,28.55454,316.18,0.35,0.57,2023-09-27,49,N,VIIRS,n,2,291.43,1.48,N,2
41.01988,28.55231,304.91,0.35,0.57,2023-09-27,49,N,VIIRS,n,2,290.1,0.81,N,2
41.17308,32.63039,298.58,0.55,0.68,2023-09-27,49,N,VIIRS,n,2,285.62,1.55,N,2
41.17707,32.63215,300.45,0.55,0.68,2023-09-27,49,N,VIIRS,n,2,287.23,1.43,N,2
41.25518,31.41518,309.87,0.48,0.64,2023-09-27,49,N,VIIRS,n,2,288.1,1.31,N,2
41.26478,31.42654,301.51,0.48,0.64,2023-09-27,49,N,VIIRS,n,2,289.68,1.44,N,2
42.28627,26.11055,315.3,0.5,0.49,2023-09-27,49,N,VIIRS,n,2,280.72,1.06,N,0
38.661,30.61917,296.59,0.52,0.67,2023-09-27,50,N,VIIRS,n,2,283.9,1.17,N,2
38.73198,26.93287,314.01,0.34,0.56,2023-09-27,50,N,VIIRS,n,2,289.74,1.7,N,0
38.46162,43.61354,347.51,0.78,0.78,2023-09-27,850,N,VIIRS,n,2,298.66,4.57,D,0
40.66167,44.2569,333.4,0.62,0.72,2023-09-27,851,N,VIIRS,n,2,291.26,5.08,D,0
35.52742,44.33987,347.13,0.42,0.45,2023-09-27,1030,N,VIIRS,n,2,317.13,5.42,D,2
35.52785,44.34449,345.23,0.42,0.45,2023-09-27,1030,N,VIIRS,n,2,317.09,5.42,D,2
35.5316,44.33924,354.97,0.42,0.45,2023-09-27,1030,N,VIIRS,n,2,317.52,5.95,D,2
35.53579,44.33859,344.23,0.42,0.45,2023-09-27,1030,N,VIIRS,n,2,314.46,5.95,D,2
35.68338,43.87648,353.54,0.4,0.44,2023-09-27,1030,N,VIIRS,n,2,319.14,11.76,D,2
35.72797,44.0335,349.63,0.41,0.45,2023-09-27,1030,N,VIIRS,n,2,317.52,8.89,D,2
35.85352,44.14288,346.95,0.41,0.45,2023-09-27,1030,N,VIIRS,n,2,318.03,9.3,D,0
35.85769,44.14226,344.73,0.41,0.45,2023-09-27,1030,N,VIIRS,n,2,316.16,5.17,D,0
35.92543,43.7887,344.7,0.4,0.44,2023-09-27,1030,N,VIIRS,n,2,316.04,4.47,D,2
36.00451,43.39835,342.86,0.57,0.43,2023-09-27,1030,N,VIIRS,n,2,313.27,4.62,D,0
36.01709,43.68219,351.27,0.39,0.44,2023-09-27,1030,N,VIIRS,n,2,322.31,9.1,D,2
36.33303,38.50613,342.77,0.39,0.36,2023-09-27,1030,N,VIIRS,n,2,315.68,2.65,D,0
36.37344,38.69481,353.75,0.39,0.36,2023-09-27,1030,N,VIIRS,n,2,315.71,6.85,D,0
36.63526,38.6273,349.34,0.39,0.36,2023-09-27,1030,N,VIIRS,n,2,319.28,6.34,D,0
36.65198,38.91903,344.81,0.4,0.37,2023-09-27,1030,N,VIIRS,n,2,313.62,4.62,D,0
36.67556,35.43684,335.68,0.4,0.37,2023-09-27,1030,N,VIIRS,n,2,304.7,5.49,D,0
36.67742,35.42707,333.12,0.4,0.37,2023-09-27,1030,N,VIIRS,n,2,302.05,2.14,D,0
36.68225,35.4351,352.64,0.4,0.37,2023-09-27,1030,N,VIIRS,n,2,305.59,8.2,D,0
36.71841,36.20122,336.52,0.39,0.36,2023-09-27,1030,N,VIIRS,n,2,306.69,2.42,D,2
36.73043,36.21172,336.94,0.39,0.36,2023-09-27,1030,N,VIIRS,n,2,306.33,3.24,D,2
36.7773,43.32217,343.78,0.39,0.44,2023-09-27,1030,N,VIIRS,n,2,312.86,4.0,D,2
36.81518,35.72474,346.09,0.4,0.37,2023-09-27,1030,N,VIIRS,n,2,303.24,5.02,D,0
36.88126,35.11171,338.3,0.41,0.37,2023-09-27,1030,N,VIIRS,n,2,303.42,4.57,D,0
36.89795,35.77771,337.37,0.39,0.36,2023-09-27,1030,N,VIIRS,n,2,307.06,11.57,D,0
36.90761,43.39133,356.15,0.39,0.44,2023-09-27,1030,N,VIIRS,n,2,307.23,7.88,D,2
36.92857,35.77443,339.43,0.39,0.36,2023-09-27,1030,N,VIIRS,n,2,305.45,3.13,D,0
36.93233,35.7552,336.39,0.39,0.36,2023-09-27,1030,N,VIIRS,n,2,303.77,1.95,D,0
37.01983,35.16186,346.6,0.4,0.37,2023-09-27,1030,N,VIIRS,n,2,304.43,49.63,D,0
37.04533,35.37463,346.11,0.4,0.37,2023-09-27,1030,N,VIIRS,n,2,303.34,1.72,D,0
37.0583,36.00657,337.0,0.39,0.36,2023-09-27,1030,N,VIIRS,n,2,308.57,4.09,D,0
37.06614,42.80454,341.77,0.55,0.43,2023-09-27,1030,N,VIIRS,n,2,314.13,3.81,D,0
37.07389,41.40913,345.57,0.48,0.4,2023-09-27,1030,N,VIIRS,n,2,317.59,4.39,D,0
37.07755,41.40845,349.91,0.48,0.4,2023-09-27,1030,N,VIIRS,n,2,316.6,9.61,D,0
37.09101,36.10241,341.94,0.39,0.36,2023-09-27,1030,N,VIIRS,n,2,306.74,3.15,D,0
37.09432,36.10158,338.4,0.39,0.36,2023-09-27,1030,N,VIIRS,n,2,307.41,3.15,D,0
37.1202,36.28455,334.59,0.39,0.36,2023-09-27,1030,N,VIIRS,n,2,302.48,2.62,D,0
37.1381,43.23558,341.15,0.39,0.44,2023-09-27,1030,N,VIIRS,n,2,307.38,2.97,D,0
37.18354,35.91747,349.82,0.39,0.36,2023-09-27,1030,N,VIIRS,n,2,309.62,9.32,D,0
37.20087,43.57646,345.9,0.4,0.44,2023-09-27,1030,N,VIIRS,n,2,311.52,7.31,D,0
37.2049,43.57527,349.54,0.4,0.44,2023-09-27,1030,N,VIIRS,n,2,311.12,7.75,D,0
37.34573,39.73831,344.79,0.42,0.38,2023-09-27,1030,N,VIIRS,n,2,314.83,1.72,D,0
37.51136,38.01534,347.96,0.39,0.36,2023-09-27,1030,N,VIIRS,n,2,315.65,9.26,D,0
37.51405,38.01021,344.71,0.39,0.36,2023-09-27,1030,N,VIIRS,n,2,314.83,4.54,D,0
37.52271,39.06947,342.81,0.41,0.37,2023-09-27,1030,N,VIIRS,n,2,314.94,1.99,D,0
37.52592,40.20343,341.5,0.44,0.38,2023-09-27,1030,N,VIIRS,n,2,315.65,13.06,D,0
37.52944,40.20277,340.29,0.44,0.38,2023-09-27,1030,N,VIIRS,n,2,312.12,13.06,D,0
37.64069,39.33119,349.85,0.41,0.37,2023-09-27,1030,N,VIIRS,n,2,318.48,11.94,D,0
37.69258,39.27277,340.11,0.41,0.37,2023-09-27,1030,N,VIIRS,n,2,314.98,2.42,D,0
37.70707,39.40837,342.26,0.41,0.37,2023-09-27,1030,N,VIIRS,n,2,313.97,4.23,D,0
36.88635,30.84028,340.62,0.39,0.44,2023-09-27,1031,N,VIIRS,n,2,303.33,2.38,D,0
37.27336,35.96852,344.42,0.39,0.36,2023-09-27,1031,N,VIIRS,n,2,311.7,6.58,D,0
37.393,35.93006,351.83,0.39,0.36,2023-09-27,1031,N,VIIRS,n,2,312.5,17.94,D,0
37.39371,35.93443,343.95,0.39,0.36,2023-09-27,1031,N,VIIRS,n,2,312.95,15.49,D,0
37.41072,36.31937,341.98,0.39,0.36,2023-09-27,1031,N,VIIRS,n,2,308.56,3.76,D,0
37.41402,36.31855,336.48,0.39,0.36,2023-09-27,1031,N,VIIRS,n,2,306.07,3.76,D,0
37.64887,31.84615,346.66,0.51,0.41,2023-09-27,1031,N,VIIRS,n,2,307.92,12.04,D,0
37.68908,37.93615,355.84,0.39,0.36,2023-09-27,1031,N,VIIRS,n,2,316.45,7.85,D,0
37.69239,37.93539,354.73,0.39,0.36,2023-09-27,1031,N,VIIRS,n,2,311.87,7.85,D,0
37.72783,38.30576,350.98,0.39,0.36,2023-09-27,1031,N,VIIRS,n,2,316.86,5.09,D,0
37.86882,31.72661,337.23,0.51,0.41,2023-09-27,1031,N,VIIRS,n,2,310.02,2.44,D,0
37.87551,31.54882,339.44,0.52,0.42,2023-09-27,1031,N,VIIRS,n,2,308.48,7.61,D,0
37.8953,32.73214,337.0,0.47,0.4,2023-09-27,1031,N,VIIRS,n,2,307.16,1.73,D,0
37.9221,31.6025,344.75,0.52,0.41,2023-09-27,1031,N,VIIRS,n,2,310.16,7.62,D,0
37.95617,40.69938,349.66,0.46,0.39,2023-09-27,1031,N,VIIRS,n,2,318.86,12.11,D,0
37.99105,41.62523,349.13,0.5,0.41,2023-09-27,1031,N,VIIRS,n,2,316.13,12.57,D,0
37.99479,41.62454,342.89,0.5,0.41,2023-09-27,1031,N,VIIRS,n,2,313.55,12.57,D,0
37.99985,41.00452,347.28,0.47,0.4,2023-09-27,1031,N,VIIRS,n,2,315.13,10.05,D,0
38.00856,41.57611,347.81,0.5,0.41,2023-09-27,1031,N,VIIRS,n,2,314.94,10.72,D,0
38.12678,40.42366,348.76,0.45,0.39,2023-09-27,1031,N,VIIRS,n,2,317.46,6.75,D,0
38.12739,40.4287,348.55,0.45,0.39,2023-09-27,1031,N,VIIRS,n,2,317.61,13.41,D,0
38.13581,40.2602,347.4,0.44,0.39,2023-09-27,1031,N,VIIRS,n,2,316.46,13.52,D,0
38.30299,31.6634,352.84,0.51,0.41,2023-09-27,1031,N,VIIRS,n,2,310.84,17.68,D,0
38.30363,31.66442,350.79,0.51,0.41,2023-09-27,1031,N,VIIRS,n,2,311.61,14.76,D,0
38.42001,31.181,330.32,0.53,0.42,2023-09-27,1031,N,VIIRS,n,2,303.89,3.26,D,0
38.54561,30.19903,344.56,0.39,0.44,2023-09-27,1031,N,VIIRS,n,2,307.74,7.64,D,0
38.54654,30.20347,332.6,0.39,0.44,2023-09-27,1031,N,VIIRS,n,2,304.32,6.3,D,0
38.60589,39.31676,338.66,0.42,0.38,2023-09-27,1031,N,VIIRS,n,2,311.89,2.43,D,0
38.66356,32.05938,336.76,0.48,0.4,2023-09-27,1031,N,VIIRS,n,2,308.57,2.92,D,0
38.72342,32.79443,335.2,0.45,0.39,2023-09-27,1031,N,VIIRS,n,2,309.23,4.17,D,0
38.7394,36.58734,335.39,0.38,0.36,2023-09-27,1031,N,VIIRS,n,2,308.3,1.71,D,0
39.01137,31.97226,335.58,0.48,0.4,2023-09-27,1031,N,VIIRS,n,2,306.92,2.45,D,0
39.03934,37.04943,342.7,0.39,0.36,2023-09-27,1031,N,VIIRS,n,2,310.44,9.03,D,0
39.03988,36.64264,347.8,0.38,0.36,2023-09-27,1031,N,VIIRS,n,2,318.78,10.15,D,0
39.04316,36.64182,341.18,0.38,0.36,2023-09-27,1031,N,VIIRS,n,2,312.57,12.54,D,0
39.17806,37.46204,349.05,0.39,0.36,2023-09-27,1031,N,VIIRS,n,2,314.59,9.09,D,0
39.18469,37.4605,343.1,0.39,0.36,2023-09-27,1031,N,VIIRS,n,2,312.44,2.79,D,0
39.26509,34.57972,337.44,0.4,0.37,2023-09-27,1031,N,VIIRS,n,2,308.46,2.81,D,0
39.6467,38.81083,341.28,0.41,0.37,2023-09-27,1031,N,VIIRS,n,2,310.05,7.76,D,0
39.64734,38.81566,335.37,0.41,0.37,2023-09-27,1031,N,VIIRS,n,2,308.68,7.76,D,0
39.65009,38.80988,367.0,0.41,0.37,2023-09-27,1031,N,VIIRS,h,2,316.74,7.76,D,0
39.65072,38.81471,336.92,0.41,0.37,2023-09-27,1031,N,VIIRS,n,2,308.67,7.76,D,0
39.6574,32.02157,344.87,0.47,0.4,2023-09-27,1031,N,VIIRS,n,2,311.5,5.36,D,0
39.66098,32.02044,341.36,0.47,0.4,2023-09-27,1031,N,VIIRS,n,2,310.2,6.42,D,0
39.94337,33.70414,339.64,0.41,0.37,2023-09-27,1031,N,VIIRS,n,2,308.31,1.23,D,0
40.1384,38.21453,334.8,0.4,0.37,2023-09-27,1031,N,VIIRS,n,2,307.88,3.28,D,0
40.20892,34.74641,332.99,0.39,0.36,2023-09-27,1031,N,VIIRS,n,2,307.29,0.7,D,0
40.57082,35.42545,333.46,0.39,0.36,2023-09-27,1031,N,VIIRS,n,2,308.21,1.58,D,0
40.57524,35.19377,335.4,0.39,0.36,2023-09-27,1031,N,VIIRS,n,2,307.33,2.62,D,0
40.58541,34.38617,347.75,0.4,0.37,2023-09-27,1031,N,VIIRS,n,2,312.15,4.48,D,0
40.60426,34.33251,341.4,0.4,0.37,2023-09-27,1031,N,VIIRS,n,2,309.15,3.18,D,0
40.62243,36.84657,345.03,0.39,0.36,2023-09-27,1031,N,VIIRS,n,2,303.91,4.39,D,0
40.64419,34.32161,350.77,0.4,0.37,2023-09-27,1031,N,VIIRS,n,2,314.25,22.56,D,0
40.66455,44.25122,332.91,0.47,0.48,2023-09-27,1031,N,VIIRS,n,2,296.87,4.69,D,0
40.67658,44.18078,342.18,0.47,0.48,2023-09-27,1031,N,VIIRS,n,2,296.3,7.05,D,0
40.7009,43.84009,334.48,0.45,0.47,2023-09-27,1031,N,VIIRS,n,2,301.31,3.28,D,0
40.70473,44.27154,331.64,0.48,0.48,2023-09-27,1031,N,VIIRS,n,2,298.88,5.05,D,0
40.72221,35.49892,341.52,0.38,0.36,2023-09-27,1031,N,VIIRS,n,2,307.75,4.6,D,0
40.72478,35.49351,335.09,0.38,0.36,2023-09-27,1031,N,VIIRS,n,2,304.69,4.6,D,0
40.74157,35.30204,335.63,0.39,0.36,2023-09-27,1031,N,VIIRS,n,2,302.33,4.05,D,0
40.74185,35.49961,337.19,0.38,0.36,2023-09-27,1031,N,VIIRS,n,2,308.79,4.02,D,0
40.74485,35.30112,338.08,0.39,0.36,2023-09-27,1031,N,VIIRS,n,2,303.14,5.22,D,0
40.75777,35.70562,334.26,0.38,0.36,2023-09-27,1031,N,VIIRS,n,2,307.04,2.66,D,0
41.30376,43.59246,333.48,0.45,0.47,2023-09-27,1031,N,VIIRS,n,2,300.47,3.38,D,0
41.33767,43.33033,339.31,0.43,0.46,2023-09-27,1031,N,VIIRS,n,2,304.26,3.82,D,0
41.2412,36.46337,337.03,0.39,0.36,2023-09-27,1032,N,VIIRS,n,2,303.53,3.33,D,2
41.44109,27.85803,367.0,0.7,0.75,2023-09-27,1213,N,VIIRS,h,2,294.58,20.71,D,0
41.44452,27.85496,367.0,0.7,0.75,2023-09-27,1213,N,VIIRS,h,2,293.0,16.92,D,0
37.69069,41.86098,302.17,0.45,0.39,2023-09-27,2250,N,VIIRS,n,2,290.98,0.46,N,0
37.81359,40.6556,307.29,0.5,0.41,2023-09-27,2250,N,VIIRS,n,2,285.72,1.67,N,0
37.88333,40.50913,295.18,0.51,0.41,2023-09-27,2250,N,VIIRS,n,2,284.92,0.45,N,0
37.97332,41.61916,298.02,0.46,0.39,2023-09-27,2250,N,VIIRS,n,2,287.63,0.29,N,0
37.98056,41.62053,301.1,0.46,0.39,2023-09-27,2250,N,VIIRS,n,2,288.13,0.7,N,0
37.98273,40.31668,302.73,0.52,0.42,2023-09-27,2250,N,VIIRS,n,2,287.44,0.75,N,0
38.00684,41.49471,305.67,0.47,0.4,2023-09-27,2250,N,VIIRS,n,2,287.5,0.85,N,0
38.01048,41.49545,303.79,0.47,0.4,2023-09-27,2250,N,VIIRS,n,2,288.72,0.85,N,0
38.14017,40.2608,299.98,0.53,0.42,2023-09-27,2250,N,VIIRS,n,2,289.45,0.91,N,0
38.14337,40.2675,309.71,0.53,0.42,2023-09-27,2250,N,VIIRS,n,2,288.44,1.97,N,0
38.14409,40.57776,297.09,0.51,0.41,2023-09-27,2250,N,VIIRS,n,2,286.68,0.35,N,0
38.20306,40.62527,299.11,0.51,0.41,2023-09-27,2250,N,VIIRS,n,2,287.36,0.91,N,0
38.4172,43.23887,301.65,0.41,0.37,2023-09-27,2250,N,VIIRS,n,2,285.56,0.8,N,0
38.42299,36.01637,336.0,0.59,0.53,2023-09-27,2250,N,VIIRS,n,2,281.59,6.56,N,0
38.66488,39.23517,302.42,0.4,0.44,2023-09-27,2250,N,VIIRS,n,2,289.73,0.88,N,0
38.98693,36.90268,308.7,0.53,0.5,2023-09-27,2250,N,VIIRS,n,2,277.35,1.73,N,0
39.0218,37.05687,300.87,0.52,0.5,2023-09-27,2250,N,VIIRS,n,2,279.43,1.82,N,0
39.03263,37.0388,296.75,0.52,0.5,2023-09-27,2250,N,VIIRS,n,2,277.35,0.65,N,0
39.11889,36.55679,303.55,0.56,0.51,2023-09-27,2250,N,VIIRS,n,2,278.21,1.58,N,0
39.15925,36.72065,306.82,0.55,0.51,2023-09-27,2250,N,VIIRS,n,2,278.75,1.98,N,0
39.17848,37.50779,303.55,0.5,0.49,2023-09-27,2250,N,VIIRS,n,2,281.33,1.46,N,0
39.23879,37.50808,304.28,0.5,0.49,2023-09-27,2250,N,VIIRS,n,2,279.92,1.03,N,0
41.17388,32.63271,297.01,0.47,0.64,2023-09-27,2250,N,VIIRS,n,2,279.53,1.09,N,2
41.17729,32.63247,298.05,0.47,0.64,2023-09-27,2250,N,VIIRS,n,2,279.76,1.38,N,2
41.17987,32.63295,300.23,0.47,0.64,2023-09-27,2250,N,VIIRS,n,2,279.47,1.27,N,2
35.51259,44.37571,309.84,0.39,0.36,2023-09-27,2251,N,VIIRS,n,2,296.28,1.01,N,2
35.51841,44.33768,305.01,0.39,0.36,2023-09-27,2251,N,VIIRS,n,2,293.53,0.28,N,0
35.52694,44.34196,344.6,0.39,0.36,2023-09-27,2251,N,VIIRS,n,2,297.88,7.55,N,2
35.53088,44.33849,335.81,0.39,0.36,2023-09-27,2251,N,VIIRS,n,2,299.66,7.55,N,2
35.53419,44.33924,330.53,0.39,0.36,2023-09-27,2251,N,VIIRS,n,2,295.24,1.96,N,2
35.53482,44.33502,327.93,0.39,0.36,2023-09-27,2251,N,VIIRS,n,2,295.43,2.66,N,2
35.62831,44.00931,345.29,0.39,0.36,2023-09-27,2251,N,VIIRS,n,2,299.1,4.51,N,2
35.63162,44.01005,306.34,0.39,0.36,2023-09-27,2251,N,VIIRS,n,2,294.92,0.5,N,2
35.68578,43.87646,333.63,0.39,0.36,2023-09-27,2251,N,VIIRS,n,2,300.76,9.78,N,2
35.69463,38.70891,300.5,0.39,0.44,2023-09-27,2251,N,VIIRS,n,2,290.24,0.45,N,0
35.71826,43.77303,313.82,0.39,0.36,2023-09-27,2251,N,VIIRS,n,2,297.8,0.99,N,2
35.72049,43.77159,309.68,0.39,0.36,2023-09-27,2251,N,VIIRS,n,2,298.88,1.23,N,2
35.72509,44.04248,330.28,0.39,0.36,2023-09-27,2251,N,VIIRS,n,2,299.11,2.62,N,2
35.72572,44.03821,308.75,0.39,0.36,2023-09-27,2251,N,VIIRS,n,2,297.51,2.62,N,2
35.72967,44.03469,330.74,0.39,0.36,2023-09-27,2251,N,VIIRS,n,2,298.07,2.3,N,2
35.73031,44.03041,314.45,0.39,0.36,2023-09-27,2251,N,VIIRS,n,2,297.01,2.3,N,2
35.77314,43.99592,331.43,0.39,0.36,2023-09-27,2251,N,VIIRS,n,2,298.79,3.16,N,2
35.92566,43.78894,338.97,0.39,0.36,2023-09-27,2251,N,VIIRS,n,2,298.32,5.0,N,2
35.95266,43.73502,308.03,0.39,0.36,2023-09-27,2251,N,VIIRS,n,2,296.62,1.65,N,2
35.95392,43.72633,317.03,0.39,0.36,2023-09-27,2251,N,VIIRS,n,2,295.72,1.26,N,2
35.96886,43.76542,313.26,0.39,0.36,2023-09-27,2251,N,VIIRS,n,2,298.18,4.16,N,2
35.97427,43.7755,309.48,0.39,0.36,2023-09-27,2251,N,VIIRS,n,2,296.01,1.8,N,2
35.9749,43.77118,316.64,0.39,0.36,2023-09-27,2251,N,VIIRS,n,2,297.32,1.8,N,2
35.9822,43.76831,337.9,0.39,0.36,2023-09-27,2251,N,VIIRS,n,2,301.31,6.03,N,2
36.00013,43.76331,308.25,0.39,0.36,2023-09-27,2251,N,VIIRS,n,2,292.58,0.91,N,2
36.00783,43.92112,306.41,0.39,0.36,2023-09-27,2251,N,VIIRS,n,2,294.9,0.61,N,0
36.01881,43.6824,340.22,0.39,0.36,2023-09-27,2251,N,VIIRS,n,2,302.08,6.48,N,2
36.11547,43.94753,301.55,0.39,0.36,2023-09-27,2251,N,VIIRS,n,2,290.92,0.49,N,0
36.12635,43.78014,307.41,0.39,0.36,2023-09-27,2251,N,VIIRS,n,2,293.85,1.35,N,2
36.12971,40.81067,328.92,0.48,0.4,2023-09-27,2251,N,VIIRS,n,2,292.81,2.71,N,2
36.13339,40.81131,310.12,0.48,0.4,2023-09-27,2251,N,VIIRS,n,2,294.08,1.4,N,2
36.14378,40.81861,308.45,0.48,0.4,2023-09-27,2251,N,VIIRS,n,2,291.31,1.04,N,2
36.14442,40.81327,311.25,0.48,0.4,2023-09-27,2251,N,VIIRS,n,2,291.96,1.74,N,2
36.26343,33.72826,316.14,0.37,0.58,2023-09-27,2251,N,VIIRS,n,2,292.56,1.08,N,2
36.33548,43.76016,320.04,0.39,0.36,2023-09-27,2251,N,VIIRS,n,2,293.52,1.2,N,2
36.35233,42.07763,310.62,0.43,0.38,2023-09-27,2251,N,VIIRS,n,2,297.77,1.38,N,2
36.44265,42.93037,313.87,0.41,0.37,2023-09-27,2251,N,VIIRS,n,2,296.03,1.29,N,2
36.45813,41.27915,306.33,0.46,0.39,2023-09-27,2251,N,VIIRS,n,2,291.78,0.97,N,2
36.59332,43.47214,300.48,0.4,0.37,2023-09-27,2251,N,VIIRS,n,2,288.24,0.15,N,0
36.64031,43.63568,311.93,0.4,0.37,2023-09-27,2251,N,VIIRS,n,2,291.18,1.24,N,2
36.72127,42.59942,309.46,0.42,0.38,2023-09-27,2251,N,VIIRS,n,2,293.75,0.42,N,2
36.72614,38.52251,306.0,0.41,0.45,2023-09-27,2251,N,VIIRS,n,2,291.83,0.79,N,0
36.73233,43.27963,306.42,0.4,0.37,2023-09-27,2251,N,VIIRS,n,2,295.21,0.87,N,2
36.73263,36.20941,319.89,0.55,0.51,2023-09-27,2251,N,VIIRS,n,2,294.62,5.0,N,2
36.73738,36.21,305.07,0.55,0.51,2023-09-27,2251,N,VIIRS,n,2,293.91,4.07,N,2
36.74716,43.49677,308.99,0.4,0.37,2023-09-27,2251,N,VIIRS,n,2,292.73,1.03,N,2
36.77487,43.32374,325.8,0.4,0.37,2023-09-27,2251,N,VIIRS,n,2,293.12,2.07,N,2
36.77823,43.32459,327.71,0.4,0.37,2023-09-27,2251,N,VIIRS,n,2,297.61,2.2,N,2
36.86968,34.7616,310.99,0.33,0.55,2023-09-27,2251,N,VIIRS,n,2,293.89,1.26,N,2
36.8697,41.63157,299.08,0.45,0.39,2023-09-27,2251,N,VIIRS,n,2,289.03,0.31,N,0
36.90528,43.38941,316.54,0.4,0.37,2023-09-27,2251,N,VIIRS,n,2,289.13,2.54,N,2
36.90866,43.39011,342.46,0.4,0.37,2023-09-27,2251,N,VIIRS,n,2,293.32,2.54,N,2
36.91484,41.89402,309.44,0.44,0.38,2023-09-27,2251,N,VIIRS,n,2,291.41,0.84,N,2
36.93399,42.13194,305.35,0.43,0.38,2023-09-27,2251,N,VIIRS,n,2,292.05,1.3,N,2
36.9375,42.13266,322.45,0.43,0.38,2023-09-27,2251,N,VIIRS,n,2,294.94,2.64,N,2
36.93875,42.12289,303.84,0.43,0.38,2023-09-27,2251,N,VIIRS,n,2,291.41,1.16,N,2
36.94303,42.1736,312.62,0.43,0.38,2023-09-27,2251,N,VIIRS,n,2,292.95,1.71,N,2
36.99819,41.56062,309.2,0.45,0.39,2023-09-27,2251,N,VIIRS,n,2,293.17,0.77,N,2
37.0136,41.58468,307.46,0.45,0.39,2023-09-27,2251,N,VIIRS,n,2,293.83,0.92,N,2
37.03708,40.9695,309.89,0.48,0.4,2023-09-27,2251,N,VIIRS,n,2,289.48,2.15,N,0
37.03773,40.96409,324.15,0.48,0.4,2023-09-27,2251,N,VIIRS,n,2,290.39,2.15,N,0
37.04076,40.9702,304.66,0.48,0.4,2023-09-27,2251,N,VIIRS,n,2,289.84,1.86,N,0
37.04142,40.96478,327.45,0.48,0.4,2023-09-27,2251,N,VIIRS,n,2,291.19,1.86,N,0
37.15538,42.60617,313.29,0.42,0.38,2023-09-27,2251,N,VIIRS,n,2,293.02,2.17,N,0
37.15884,42.60692,326.02,0.42,0.38,2023-09-27,2251,N,VIIRS,n,2,293.86,2.17,N,0
37.2039,43.57145,308.98,0.4,0.37,2023-09-27,2251,N,VIIRS,n,2,289.67,1.01,N,0
37.20725,43.57228,305.61,0.4,0.37,2023-09-27,2251,N,VIIRS,n,2,289.93,1.01,N,0
37.27634,38.72996,309.03,0.41,0.45,2023-09-27,2251,N,VIIRS,n,2,291.79,1.08,N,2
37.29468,37.15366,306.59,0.49,0.49,2023-09-27,2251,N,VIIRS,n,2,292.87,1.31,N,2
37.35341,37.16193,305.3,0.49,0.49,2023-09-27,2251,N,VIIRS,n,2,293.13,1.58,N,2
37.61232,38.29369,320.17,0.43,0.46,2023-09-27,2251,N,VIIRS,n,2,290.81,3.12,N,0
37.63073,38.327,320.36,0.43,0.46,2023-09-27,2251,N,VIIRS,n,2,290.21,1.94,N,0
37.6837,37.95038,309.75,0.45,0.47,2023-09-27,2251,N,VIIRS,n,2,289.41,1.96,N,0
37.68416,37.94537,311.16,0.45,0.47,2023-09-27,2251,N,VIIRS,n,2,290.23,1.96,N,0
37.68806,37.95079,331.01,0.45,0.47,2023-09-27,2251,N,VIIRS,n,2,292.15,1.96,N,0
37.69083,37.92103,317.96,0.45,0.47,2023-09-27,2251,N,VIIRS,n,2,291.02,1.33,N,0
37.69131,37.9159,300.32,0.45,0.47,2023-09-27,2251,N,VIIRS,n,2,290.14,1.33,N,0
37.70383,31.76886,326.1,0.49,0.65,2023-09-27,2251,N,VIIRS,n,2,281.72,3.64,N,0
37.70993,31.76934,304.76,0.49,0.65,2023-09-27,2251,N,VIIRS,n,2,281.62,1.6,N,0
37.74189,38.37159,321.74,0.43,0.46,2023-09-27,2251,N,VIIRS,n,2,291.54,1.88,N,0
37.74612,38.37242,310.64,0.43,0.46,2023-09-27,2251,N,VIIRS,n,2,291.15,1.88,N,0
37.77666,38.14339,337.41,0.44,0.46,2023-09-27,2251,N,VIIRS,n,2,291.25,4.67,N,0
37.77974,38.41398,310.78,0.43,0.46,2023-09-27,2251,N,VIIRS,n,2,289.53,0.81,N,0
38.45439,38.726,303.49,0.76,0.77,2023-09-28,30,N,VIIRS,n,2,288.24,1.56,N,2
39.20087,37.44829,320.05,0.63,0.72,2023-09-28,30,N,VIIRS,n,2,277.94,2.72,N,0
39.20353,37.44734,312.5,0.63,0.72,2023-09-28,30,N,VIIRS,n,2,277.11,2.97,N,0
41.24355,36.46545,300.93,0.49,0.65,2023-09-28,30,N,VIIRS,n,2,285.79,0.79,N,2
36.74405,36.19918,303.35,0.64,0.72,2023-09-28,31,N,VIIRS,n,2,290.53,1.84,N,2
37.71303,31.75306,300.4,0.36,0.57,2023-09-28,31,N,VIIRS,n,2,279.57,0.96,N,0
37.73725,38.3753,302.39,0.77,0.77,2023-09-28,31,N,VIIRS,n,2,287.1,1.28,N,0
37.73943,38.38022,298.25,0.77,0.77,2023-09-28,31,N,VIIRS,n,2,287.18,2.24,N,0
37.74013,38.3667,300.54,0.77,0.77,2023-09-28,31,N,VIIRS,n,2,287.13,1.28,N,0
37.74232,38.3714,322.77,0.77,0.77,2023-09-28,31,N,VIIRS,n,2,287.76,5.21,N,0
37.74416,38.37827,300.21,0.77,0.77,2023-09-28,31,N,VIIRS,n,2,287.27,1.28,N,0
37.74718,38.36923,304.48,0.77,0.77,2023-09-28,31,N,VIIRS,n,2,287.79,1.28,N,0
37.77789,38.14386,311.16,0.75,0.77,2023-09-28,31,N,VIIRS,n,2,287.96,1.84,N,0
37.89975,31.76548,299.86,0.36,0.57,2023-09-28,31,N,VIIRS,n,2,281.29,0.73,N,0
38.42629,27.21688,309.66,0.41,0.45,2023-09-28,31,N,VIIRS,n,2,288.88,1.47,N,2
35.53312,44.33871,352.37,0.4,0.37,2023-09-28,1011,N,VIIRS,n,2,319.89,8.55,D,2
35.726,44.04204,347.65,0.4,0.37,2023-09-28,1011,N,VIIRS,n,2,321.09,8.35,D,2
35.72816,44.03254,349.04,0.4,0.37,2023-09-28,1011,N,VIIRS,n,2,322.79,11.24,D,2
35.76923,43.84893,349.5,0.4,0.37,2023-09-28,1011,N,VIIRS,n,2,321.71,5.34,D,0
35.79038,38.65927,338.46,0.45,0.39,2023-09-28,1011,N,VIIRS,n,2,313.11,3.51,D,0
35.79128,38.66419,342.35,0.45,0.39,2023-09-28,1011,N,VIIRS,n,2,313.03,8.28,D,0
35.80798,36.97491,344.85,0.53,0.42,2023-09-28,1011,N,VIIRS,n,2,315.29,10.0,D,0
35.8424,39.25179,340.67,0.43,0.38,2023-09-28,1011,N,VIIRS,n,2,310.55,3.41,D,0
35.92461,43.79037,349.06,0.4,0.37,2023-09-28,1011,N,VIIRS,n,2,320.24,6.1,D,2
36.14222,40.81787,346.04,0.39,0.36,2023-09-28,1011,N,VIIRS,n,2,319.64,3.27,D,2
36.17266,38.64101,344.92,0.45,0.39,2023-09-28,1011,N,VIIRS,n,2,317.54,9.6,D,0
36.58607,39.07423,344.03,0.43,0.38,2023-09-28,1011,N,VIIRS,n,2,313.94,6.52,D,0
36.61842,38.66545,349.29,0.44,0.38,2023-09-28,1011,N,VIIRS,n,2,319.16,6.7,D,0
36.62191,38.66448,355.9,0.44,0.38,2023-09-28,1011,N,VIIRS,n,2,315.87,6.7,D,0
36.63855,38.69557,348.06,0.44,0.38,2023-09-28,1011,N,VIIRS,n,2,317.71,12.43,D,0
36.69225,40.13205,353.41,0.4,0.37,2023-09-28,1011,N,VIIRS,n,2,320.19,12.37,D,0
36.70462,37.53365,336.2,0.48,0.4,2023-09-28,1011,N,VIIRS,n,2,310.79,1.55,D,0
36.71189,37.53153,339.03,0.48,0.4,2023-09-28,1011,N,VIIRS,n,2,311.04,3.0,D,0
36.77719,43.32524,343.06,0.39,0.36,2023-09-28,1011,N,VIIRS,n,2,316.18,5.13,D,2
36.77845,42.94797,348.2,0.39,0.36,2023-09-28,1011,N,VIIRS,n,2,314.95,4.11,D,0
36.81427,40.56647,350.59,0.39,0.36,2023-09-28,1011,N,VIIRS,n,2,323.0,15.58,D,0
36.85231,40.14009,353.45,0.4,0.37,2023-09-28,1011,N,VIIRS,n,2,318.82,8.31,D,0
36.90119,40.57825,349.55,0.39,0.36,2023-09-28,1011,N,VIIRS,n,2,318.07,6.99,D,0
36.90811,43.38823,336.14,0.39,0.37,2023-09-28,1011,N,VIIRS,n,2,307.15,6.07,D,2
36.93591,42.13272,347.74,0.38,0.36,2023-09-28,1011,N,VIIRS,n,2,321.07,3.82,D,2
37.0051,40.50715,346.19,0.39,0.36,2023-09-28,1011,N,VIIRS,n,2,318.96,5.87,D,0
37.13258,43.37316,335.21,0.4,0.37,2023-09-28,1011,N,VIIRS,n,2,304.13,5.21,D,0
37.13321,43.37774,352.1,0.4,0.37,2023-09-28,1011,N,VIIRS,n,2,310.02,10.21,D,0
37.13657,43.37712,333.77,0.4,0.37,2023-09-28,1011,N,VIIRS,n,2,302.0,2.38,D,0
37.20179,42.09518,349.52,0.38,0.36,2023-09-28,1011,N,VIIRS,n,2,318.99,7.83,D,0
36.66635,35.44801,344.61,0.4,0.44,2023-09-28,1012,N,VIIRS,n,2,303.56,6.75,D,0
36.66942,35.44228,342.79,0.4,0.44,2023-09-28,1012,N,VIIRS,n,2,302.64,3.59,D,0
36.67128,35.45114,334.02,0.4,0.44,2023-09-28,1012,N,VIIRS,n,2,301.23,4.99,D,0
36.7148,35.40023,335.82,0.4,0.44,2023-09-28,1012,N,VIIRS,n,2,302.71,3.93,D,0
36.71881,35.39893,345.63,0.4,0.44,2023-09-28,1012,N,VIIRS,n,2,304.38,5.78,D,0
36.71947,36.19939,337.17,0.55,0.43,2023-09-28,1012,N,VIIRS,n,2,303.24,6.29,D,2
36.80795,35.4185,334.1,0.4,0.44,2023-09-28,1012,N,VIIRS,n,2,300.9,2.91,D,0
36.8082,35.41724,338.35,0.4,0.44,2023-09-28,1012,N,VIIRS,n,2,301.63,5.81,D,0
36.811,35.41281,335.54,0.4,0.44,2023-09-28,1012,N,VIIRS,n,2,301.64,2.91,D,0
36.87545,35.21047,352.86,0.41,0.45,2023-09-28,1012,N,VIIRS,n,2,302.45,5.87,D,0
36.87699,35.20758,367.0,0.41,0.45,2023-09-28,1012,N,VIIRS,h,2,304.15,11.35,D,0
36.87854,35.20462,349.16,0.41,0.45,2023-09-28,1012,N,VIIRS,n,2,302.18,8.91,D,0
36.87948,35.20914,330.5,0.41,0.45,2023-09-28,1012,N,VIIRS,n,2,299.37,5.87,D,0
36.95361,35.85016,335.46,0.57,0.43,2023-09-28,1012,N,VIIRS,n,2,303.37,6.27,D,0
37.18431,39.54952,346.66,0.41,0.37,2023-09-28,1012,N,VIIRS,n,2,312.31,12.43,D,0
37.27658,36.07276,336.55,0.55,0.43,2023-09-28,1012,N,VIIRS,n,2,304.19,2.63,D,0
37.28784,36.96564,348.44,0.5,0.41,2023-09-28,1012,N,VIIRS,n,2,316.13,8.92,D,0
37.30099,37.07283,349.44,0.5,0.41,2023-09-28,1012,N,VIIRS,n,2,317.58,7.45,D,0
37.32193,37.06062,349.31,0.5,0.41,2023-09-28,1012,N,VIIRS,n,2,312.1,6.24,D,0
37.56625,37.08715,340.94,0.49,0.4,2023-09-28,1012,N,VIIRS,n,2,312.04,10.51,D,0
37.59192,38.40144,348.67,0.44,0.38,2023-09-28,1012,N,VIIRS,n,2,313.65,15.24,D,0
37.59447,37.85621,343.18,0.46,0.39,2023-09-28,1012,N,VIIRS,n,2,314.14,4.62,D,0
37.73711,38.9427,344.07,0.42,0.38,2023-09-28,1012,N,VIIRS,n,2,312.24,5.16,D,0
37.73741,40.88772,351.37,0.39,0.36,2023-09-28,1012,N,VIIRS,n,2,320.29,23.47,D,0
37.755,37.58119,334.91,0.47,0.39,2023-09-28,1012,N,VIIRS,n,2,309.3,2.85,D,0
37.75883,38.11427,347.7,0.45,0.39,2023-09-28,1012,N,VIIRS,n,2,318.4,6.02,D,0
37.7634,40.45863,334.07,0.39,0.36,2023-09-28,1012,N,VIIRS,n,2,307.48,2.27,D,0
37.76809,31.86107,329.32,0.58,0.52,2023-09-28,1012,N,VIIRS,n,2,292.9,4.65,D,0
37.77183,31.85816,335.17,0.58,0.52,2023-09-28,1012,N,VIIRS,n,2,292.99,4.2,D,0
37.81725,38.9301,344.94,0.42,0.38,2023-09-28,1012,N,VIIRS,n,2,314.95,5.99,D,0
37.83075,40.89688,347.74,0.39,0.36,2023-09-28,1012,N,VIIRS,n,2,317.14,6.91,D,0
37.88971,31.7836,334.41,0.58,0.52,2023-09-28,1012,N,VIIRS,n,2,299.55,6.41,D,0
37.89597,31.78831,351.33,0.58,0.52,2023-09-28,1012,N,VIIRS,n,2,299.19,11.31,D,0
37.96024,41.61817,350.31,0.38,0.36,2023-09-28,1012,N,VIIRS,n,2,318.51,5.66,D,0
37.96225,41.65366,349.18,0.38,0.36,2023-09-28,1012,N,VIIRS,n,2,318.67,10.02,D,0
37.9642,41.64423,350.23,0.38,0.36,2023-09-28,1012,N,VIIRS,n,2,320.07,19.45,D,0
38.06875,39.36606,344.1,0.41,0.37,2023-09-28,1012,N,VIIRS,n,2,316.59,3.41,D,0
38.12549,30.22304,338.32,0.35,0.56,2023-09-28,1012,N,VIIRS,n,2,299.15,3.86,D,0
38.26959,31.86897,337.52,0.56,0.52,2023-09-28,1012,N,VIIRS,n,2,301.03,7.22,D,0
38.28051,30.4586,332.96,0.33,0.56,2023-09-28,1012,N,VIIRS,n,2,296.64,2.21,D,0
38.31662,37.31164,336.13,0.47,0.4,2023-09-28,1012,N,VIIRS,n,2,309.13,1.59,D,0
38.37947,40.3056,346.51,0.39,0.36,2023-09-28,1012,N,VIIRS,n,2,316.52,5.34,D,0
38.67477,39.80867,343.56,0.4,0.37,2023-09-28,1012,N,VIIRS,n,2,311.2,2.07,D,0
39.10741,37.01384,335.45,0.47,0.4,2023-09-28,1012,N,VIIRS,n,2,305.88,2.5,D,0
39.11097,37.01265,342.35,0.47,0.4,2023-09-28,1012,N,VIIRS,n,2,311.37,14.14,D,0
39.42223,35.60953,335.32,0.53,0.42,2023-09-28,1012,N,VIIRS,n,2,307.53,3.87,D,0
39.52765,35.52461,343.11,0.53,0.42,2023-09-28,1012,N,VIIRS,n,2,309.23,8.19,D,0
39.79477,40.30691,347.37,0.39,0.36,2023-09-28,1012,N,VIIRS,n,2,316.34,8.05,D,0
39.82326,37.56277,348.16,0.44,0.38,2023-09-28,1012,N,VIIRS,n,2,314.14,13.01,D,0
40.54469,43.80238,330.84,0.43,0.38,2023-09-28,1012,N,VIIRS,n,2,304.56,1.72,D,0
40.6138,43.81364,338.71,0.43,0.38,2023-09-28,1012,N,VIIRS,n,2,305.18,2.87,D,0
40.61599,43.80289,343.98,0.43,0.38,2023-09-28,1012,N,VIIRS,n,2,306.08,4.99,D,0
40.61663,43.80792,344.48,0.43,0.38,2023-09-28,1012,N,VIIRS,n,2,306.08,4.99,D,0
40.61728,43.80509,344.31,0.43,0.38,2023-09-28,1012,N,VIIRS,n,2,306.86,5.1,D,0
40.61728,43.81295,338.52,0.43,0.38,2023-09-28,1012,N,VIIRS,n,2,305.59,6.65,D,0
40.6179,43.81012,339.52,0.43,0.38,2023-09-28,1012,N,VIIRS,n,2,305.84,5.1,D,0
40.61852,43.81516,337.05,0.43,0.38,2023-09-28,1012,N,VIIRS,n,2,303.75,3.52,D,0
40.6608,44.21647,347.26,0.44,0.38,2023-09-28,1012,N,VIIRS,n,2,304.14,7.24,D,0
40.67106,44.24099,332.29,0.44,0.38,2023-09-28,1012,N,VIIRS,n,2,300.9,1.71,D,0
41.01709,43.65219,342.22,0.43,0.38,2023-09-28,1012,N,VIIRS,n,2,302.29,18.81,D,0
41.2112,43.76579,345.12,0.43,0.38,2023-09-28,1012,N,VIIRS,n,2,302.46,8.42,D,0
40.50772,34.27409,341.9,0.38,0.43,2023-09-28,1013,N,VIIRS,n,2,301.21,5.01,D,0
40.86062,35.26082,330.64,0.51,0.41,2023-09-28,1013,N,VIIRS,n,2,304.07,3.0,D,0
41.21289,36.48833,333.38,0.46,0.39,2023-09-28,1013,N,VIIRS,n,2,298.14,4.07,D,0
41.21389,36.49368,334.93,0.46,0.39,2023-09-28,1013,N,VIIRS,n,2,296.84,3.64,D,0
41.21487,36.49103,348.5,0.46,0.39,2023-09-28,1013,N,VIIRS,n,2,297.2,6.43,D,0
41.24353,36.46444,332.81,0.46,0.39,2023-09-28,1013,N,VIIRS,n,2,300.61,3.65,D,2
41.43606,26.53476,329.15,0.43,0.62,2023-09-28,1013,N,VIIRS,n,2,287.3,3.19,D,0
41.44619,43.45775,332.41,0.42,0.38,2023-09-28,1013,N,VIIRS,n,2,304.51,2.52,D,0
41.60072,42.89544,332.21,0.41,0.37,2023-09-28,1013,N,VIIRS,n,2,300.36,2.77,D,0
40.53086,32.96257,338.05,0.73,0.76,2023-09-28,1153,N,VIIRS,n,2,283.64,7.74,D,0
40.53793,32.95345,352.2,0.73,0.76,2023-09-28,1153,N,VIIRS,n,2,292.82,56.81,D,0
42.11308,43.01509,301.46,0.49,0.48,2023-09-28,2230,N,VIIRS,n,2,286.03,1.0,N,2
42.11415,43.01503,298.38,0.49,0.48,2023-09-28,2230,N,VIIRS,n,2,285.47,1.2,N,2
38.00481,41.71212,303.25,0.52,0.5,2023-09-28,2231,N,VIIRS,n,2,287.06,0.68,N,0
38.00864,40.45309,314.49,0.6,0.53,2023-09-28,2231,N,VIIRS,n,2,288.81,2.02,N,0
38.00915,40.44587,300.39,0.6,0.53,2023-09-28,2231,N,VIIRS,n,2,287.97,1.84,N,0
38.13317,40.79996,298.83,0.58,0.52,2023-09-28,2231,N,VIIRS,n,2,288.79,0.81,N,0
38.16409,40.44938,301.13,0.61,0.53,2023-09-28,2231,N,VIIRS,n,2,287.48,0.62,N,0
38.16486,40.44881,299.16,0.61,0.53,2023-09-28,2231,N,VIIRS,n,2,287.37,1.01,N,0
38.20414,40.60199,298.66,0.6,0.53,2023-09-28,2231,N,VIIRS,n,2,287.36,1.51,N,0
38.21972,40.30466,300.75,0.62,0.54,2023-09-28,2231,N,VIIRS,n,2,287.41,0.68,N,0
38.22582,40.50621,301.7,0.6,0.53,2023-09-28,2231,N,VIIRS,n,2,288.4,0.59,N,0
38.25815,40.4029,298.13,0.61,0.53,2023-09-28,2231,N,VIIRS,n,2,287.19,0.82,N,0
38.45331,38.7245,302.69,0.38,0.59,2023-09-28,2231,N,VIIRS,n,2,290.79,1.01,N,2
38.91573,37.46255,313.13,0.45,0.63,2023-09-28,2231,N,VIIRS,n,2,282.56,1.82,N,0
38.91596,37.45724,303.14,0.45,0.63,2023-09-28,2231,N,VIIRS,n,2,281.72,2.02,N,0
39.21599,37.48431,314.18,0.45,0.63,2023-09-28,2231,N,VIIRS,n,2,281.51,1.95,N,0
39.22186,37.48487,302.36,0.45,0.63,2023-09-28,2231,N,VIIRS,n,2,279.9,0.92,N,0
40.20216,44.31604,299.27,0.4,0.44,2023-09-28,2231,N,VIIRS,n,2,278.29,0.5,N,0
40.2026,44.31133,309.6,0.4,0.44,2023-09-28,2231,N,VIIRS,n,2,280.96,1.17,N,0
35.51012,44.37602,312.89,0.53,0.42,2023-09-28,2232,N,VIIRS,n,2,293.81,1.79,N,2
35.52037,43.74339,302.51,0.57,0.43,2023-09-28,2232,N,VIIRS,n,2,289.66,0.49,N,0
35.52567,44.3425,331.47,0.53,0.42,2023-09-28,2232,N,VIIRS,n,2,294.69,3.57,N,2
35.5302,44.33724,331.22,0.53,0.42,2023-09-28,2232,N,VIIRS,n,2,297.08,5.79,N,2
35.53406,44.33794,336.23,0.53,0.42,2023-09-28,2232,N,VIIRS,n,2,295.01,5.79,N,2
35.58356,44.24942,306.12,0.54,0.42,2023-09-28,2232,N,VIIRS,n,2,294.61,1.14,N,2
35.62653,44.00896,302.91,0.55,0.43,2023-09-28,2232,N,VIIRS,n,2,292.65,1.06,N,2
35.62873,44.01044,329.9,0.55,0.43,2023-09-28,2232,N,VIIRS,n,2,296.59,6.41,N,2
35.63048,44.00957,336.52,0.55,0.43,2023-09-28,2232,N,VIIRS,n,2,294.81,4.18,N,2
35.68351,43.87431,331.79,0.56,0.43,2023-09-28,2232,N,VIIRS,n,2,293.57,5.76,N,2
35.68748,43.87499,334.1,0.56,0.43,2023-09-28,2232,N,VIIRS,n,2,295.65,5.88,N,2
35.71871,44.03203,302.69,0.55,0.43,2023-09-28,2232,N,VIIRS,n,2,292.25,0.85,N,2
35.72465,44.03997,331.08,0.55,0.43,2023-09-28,2232,N,VIIRS,n,2,296.16,3.58,N,2
35.72588,44.03966,330.18,0.55,0.43,2023-09-28,2232,N,VIIRS,n,2,295.51,3.2,N,2
35.72924,44.03453,329.5,0.55,0.43,2023-09-28,2232,N,VIIRS,n,2,295.28,3.44,N,2
35.73051,44.03421,324.79,0.55,0.43,2023-09-28,2232,N,VIIRS,n,2,295.05,3.2,N,2
35.7733,43.99817,321.93,0.56,0.43,2023-09-28,2232,N,VIIRS,n,2,295.78,1.54,N,2
35.81293,43.25613,305.69,0.4,0.45,2023-09-28,2232,N,VIIRS,n,2,294.97,1.34,N,2
35.81501,43.25424,308.35,0.4,0.45,2023-09-28,2232,N,VIIRS,n,2,294.04,1.34,N,2
35.83301,43.22257,307.1,0.41,0.45,2023-09-28,2232,N,VIIRS,n,2,294.0,1.12,N,0
35.83347,43.21799,307.03,0.41,0.45,2023-09-28,2232,N,VIIRS,n,2,294.25,1.12,N,0
35.92286,43.78596,314.34,0.57,0.43,2023-09-28,2232,N,VIIRS,n,2,294.27,2.86,N,2
35.92686,43.78667,310.17,0.57,0.43,2023-09-28,2232,N,VIIRS,n,2,293.5,1.76,N,2
35.95298,43.73312,310.93,0.38,0.43,2023-09-28,2232,N,VIIRS,n,2,295.52,1.06,N,2
35.95345,43.72877,319.43,0.38,0.43,2023-09-28,2232,N,VIIRS,n,2,295.83,1.06,N,2
35.97303,43.77433,314.98,0.57,0.43,2023-09-28,2232,N,VIIRS,n,2,295.86,3.55,N,2
35.97398,43.7748,310.73,0.57,0.43,2023-09-28,2232,N,VIIRS,n,2,295.25,2.58,N,2
35.98177,43.76913,328.56,0.57,0.43,2023-09-28,2232,N,VIIRS,n,2,298.17,3.94,N,2
35.98256,43.77066,324.05,0.38,0.43,2023-09-28,2232,N,VIIRS,n,2,296.84,2.09,N,2
35.983,43.76642,306.1,0.38,0.43,2023-09-28,2232,N,VIIRS,n,2,295.32,2.09,N,2
35.99996,43.7603,316.5,0.38,0.43,2023-09-28,2232,N,VIIRS,n,2,294.4,1.82,N,2
36.01607,43.68398,304.91,0.39,0.44,2023-09-28,2232,N,VIIRS,n,2,292.6,1.23,N,2
36.01652,43.67962,319.92,0.39,0.44,2023-09-28,2232,N,VIIRS,n,2,292.8,2.12,N,2
36.02055,43.68028,338.55,0.39,0.44,2023-09-28,2232,N,VIIRS,n,2,296.87,3.11,N,2
36.13368,40.80653,303.03,0.55,0.51,2023-09-28,2232,N,VIIRS,n,2,292.68,1.66,N,2
36.13377,40.80684,304.8,0.55,0.51,2023-09-28,2232,N,VIIRS,n,2,292.82,2.65,N,2
36.14272,40.81392,315.07,0.55,0.51,2023-09-28,2232,N,VIIRS,n,2,293.08,2.17,N,2
36.14276,40.81419,314.35,0.55,0.51,2023-09-28,2232,N,VIIRS,n,2,293.04,1.83,N,2
36.24523,43.84643,302.56,0.57,0.43,2023-09-28,2232,N,VIIRS,n,2,290.79,1.23,N,0
36.3121,43.75676,304.16,0.39,0.44,2023-09-28,2232,N,VIIRS,n,2,293.57,1.55,N,2
36.33631,43.76048,324.87,0.39,0.44,2023-09-28,2232,N,VIIRS,n,2,291.43,1.71,N,2
36.45617,41.28305,306.46,0.52,0.5,2023-09-28,2232,N,VIIRS,n,2,290.95,0.82,N,2
36.50206,43.82536,308.94,0.39,0.44,2023-09-28,2232,N,VIIRS,n,2,286.87,0.58,N,0
36.50243,43.82299,301.88,0.39,0.44,2023-09-28,2232,N,VIIRS,n,2,287.11,0.75,N,0
36.71848,36.19972,316.13,0.5,0.66,2023-09-28,2232,N,VIIRS,n,2,290.69,2.15,N,2
36.71949,36.19984,317.46,0.5,0.66,2023-09-28,2232,N,VIIRS,n,2,290.53,2.29,N,2
36.73044,43.28061,317.8,0.41,0.45,2023-09-28,2232,N,VIIRS,n,2,294.22,1.69,N,2
36.73134,36.21258,303.57,0.5,0.66,2023-09-28,2232,N,VIIRS,n,2,291.04,1.35,N,2
36.73679,36.20694,306.61,0.5,0.66,2023-09-28,2232,N,VIIRS,n,2,291.34,1.48,N,2
36.7375,36.21307,306.27,0.5,0.66,2023-09-28,2232,N,VIIRS,n,2,290.83,1.35,N,2
36.73776,36.20703,306.75,0.5,0.66,2023-09-28,2232,N,VIIRS,n,2,291.6,1.35,N,2
36.74296,36.2075,303.61,0.5,0.66,2023-09-28,2232,N,VIIRS,n,2,291.13,1.48,N,2
36.74625,43.49635,305.94,0.4,0.44,2023-09-28,2232,N,VIIRS,n,2,291.07,1.37,N,2
36.74812,43.49828,305.33,0.4,0.44,2023-09-28,2232,N,VIIRS,n,2,293.86,0.94,N,2
36.7736,43.32287,311.98,0.41,0.45,2023-09-28,2232,N,VIIRS,n,2,291.77,1.08,N,2
36.7777,43.324,338.81,0.41,0.45,2023-09-28,2232,N,VIIRS,n,2,299.02,3.93,N,2
36.86796,34.76268,303.24,0.6,0.71,2023-09-28,2232,N,VIIRS,n,2,291.43,1.49,N,2
36.87121,34.76058,303.67,0.61,0.71,2023-09-28,2232,N,VIIRS,n,2,291.47,1.07,N,2
36.90747,43.39049,322.98,0.41,0.45,2023-09-28,2232,N,VIIRS,n,2,291.87,3.25,N,2
36.90793,43.38583,338.3,0.41,0.45,2023-09-28,2232,N,VIIRS,n,2,290.97,5.13,N,2
36.91623,41.89529,306.68,0.49,0.49,2023-09-28,2232,N,VIIRS,n,2,289.76,0.97,N,2
36.93633,42.13325,326.81,0.48,0.48,2023-09-28,2232,N,VIIRS,n,2,292.71,2.12,N,2
36.93681,42.12782,302.14,0.48,0.48,2023-09-28,2232,N,VIIRS,n,2,290.92,2.12,N,2
36.94185,42.17203,320.19,0.47,0.48,2023-09-28,2232,N,VIIRS,n,2,292.48,1.6,N,2
36.96349,42.08155,302.52,0.48,0.48,2023-09-28,2232,N,VIIRS,n,2,289.21,0.77,N,2
37.02877,42.08696,302.73,0.48,0.48,2023-09-28,2232,N,VIIRS,n,2,288.97,0.55,N,0
37.03047,42.17018,300.69,0.48,0.48,2023-09-28,2232,N,VIIRS,n,2,290.47,0.51,N,0
37.05709,43.81947,307.09,0.39,0.44,2023-09-28,2232,N,VIIRS,n,2,290.64,1.65,N,0
37.06105,43.82099,321.57,0.39,0.44,2023-09-28,2232,N,VIIRS,n,2,290.83,1.65,N,0
37.15128,43.46265,322.62,0.41,0.45,2023-09-28,2232,N,VIIRS,n,2,289.03,1.83,N,0
37.16556,43.40451,302.83,0.41,0.45,2023-09-28,2232,N,VIIRS,n,2,289.93,1.23,N,0
37.16605,43.39957,314.83,0.41,0.45,2023-09-28,2232,N,VIIRS,n,2,290.29,2.36,N,0
37.17489,42.04166,308.77,0.49,0.48,2023-09-28,2232,N,VIIRS,n,2,289.49,0.79,N,0
37.27805,38.72939,309.1,0.37,0.58,2023-09-28,2232,N,VIIRS,n,2,293.21,0.88,N,2
37.29584,37.15751,302.43,0.45,0.63,2023-09-28,2232,N,VIIRS,n,2,290.93,0.91,N,2
37.57576,37.83743,305.38,0.42,0.61,2023-09-28,2232,N,VIIRS,n,2,290.34,0.99,N,0
37.68166,38.1962,315.17,0.4,0.6,2023-09-28,2232,N,VIIRS,n,2,287.86,1.08,N,0
37.68354,38.19477,310.05,0.4,0.6,2023-09-28,2232,N,VIIRS,n,2,288.11,0.83,N,0
37.6838,38.19018,303.71,0.4,0.6,2023-09-28,2232,N,VIIRS,n,2,288.42,0.83,N,0
37.68554,38.65092,308.26,0.38,0.58,2023-09-28,2232,N,VIIRS,n,2,289.06,0.9,N,0
37.71891,38.34201,351.32,0.39,0.59,2023-09-28,2232,N,VIIRS,n,2,291.09,5.88,N,0
37.76641,38.18788,306.53,0.4,0.6,2023-09-28,2232,N,VIIRS,n,2,288.62,0.43,N,0
37.77015,38.11852,315.59,0.4,0.6,2023-09-28,2232,N,VIIRS,n,2,289.46,1.24,N,0
36.12857,40.81041,305.12,0.66,0.73,2023-09-29,12,N,VIIRS,n,2,290.58,1.75,N,2
36.13203,40.81331,306.75,0.66,0.73,2023-09-29,12,N,VIIRS,n,2,291.45,1.62,N,2
36.14126,40.81676,309.99,0.66,0.73,2023-09-29,12,N,VIIRS,n,2,291.09,1.62,N,2
36.4545,41.28112,299.87,0.68,0.74,2023-09-29,12,N,VIIRS,n,2,288.69,0.53,N,2
36.71979,36.20146,317.87,0.37,0.58,2023-09-29,12,N,VIIRS,n,2,291.73,1.49,N,2
36.72903,36.20962,305.62,0.37,0.58,2023-09-29,12,N,VIIRS,n,2,291.6,1.86,N,2
36.74646,36.20173,305.12,0.36,0.58,2023-09-29,12,N,VIIRS,n,2,291.58,0.88,N,2
36.91373,41.89816,298.53,0.71,0.75,2023-09-29,12,N,VIIRS,n,2,286.65,0.7,N,2
36.91569,41.89292,298.14,0.71,0.75,2023-09-29,12,N,VIIRS,n,2,286.78,1.2,N,2
36.93539,42.13334,312.81,0.72,0.76,2023-09-29,12,N,VIIRS,n,2,288.64,2.37,N,2
36.93786,42.13321,318.74,0.72,0.76,2023-09-29,12,N,VIIRS,n,2,289.57,3.74,N,2
36.93814,42.17233,300.66,0.73,0.76,2023-09-29,12,N,VIIRS,n,2,287.8,0.76,N,2
36.94073,42.17245,313.78,0.73,0.76,2023-09-29,12,N,VIIRS,n,2,288.5,2.01,N,2
36.94473,42.17571,299.5,0.73,0.76,2023-09-29,12,N,VIIRS,n,2,288.11,0.76,N,2
36.96162,42.08237,300.54,0.72,0.76,2023-09-29,12,N,VIIRS,n,2,287.12,0.52,N,2
36.96606,42.08586,297.55,0.72,0.75,2023-09-29,12,N,VIIRS,n,2,286.13,0.8,N,2
37.29593,37.15675,304.67,0.4,0.6,2023-09-29,12,N,VIIRS,n,2,290.71,0.89,N,2
37.35347,37.16209,302.26,0.4,0.6,2023-09-29,12,N,VIIRS,n,2,290.71,1.11,N,2
37.68328,38.65419,303.47,0.46,0.64,2023-09-29,12,N,VIIRS,n,2,288.47,0.55,N,0
37.68683,38.19879,300.38,0.44,0.62,2023-09-29,12,N,VIIRS,n,2,287.47,0.64,N,0
37.77065,38.11901,329.0,0.43,0.62,2023-09-29,12,N,VIIRS,n,2,288.07,1.82,N,0
37.77611,38.12147,317.87,0.43,0.62,2023-09-29,12,N,VIIRS,n,2,288.13,1.82,N,0
38.1607,40.44836,297.25,0.55,0.68,2023-09-29,12,N,VIIRS,n,2,286.29,0.65,N,0
38.16322,40.4488,297.47,0.55,0.68,2023-09-29,12,N,VIIRS,n,2,285.4,0.76,N,0
38.19823,40.60664,298.22,0.56,0.69,2023-09-29,12,N,VIIRS,n,2,285.65,1.98,N,0
38.2001,40.60039,319.42,0.56,0.69,2023-09-29,12,N,VIIRS,n,2,286.4,3.24,N,0
38.20082,40.60755,298.82,0.56,0.69,2023-09-29,12,N,VIIRS,n,2,285.33,1.87,N,0
38.20274,40.6013,318.56,0.56,0.69,2023-09-29,12,N,VIIRS,n,2,286.8,1.87,N,0
38.21888,40.30947,298.65,0.54,0.68,2023-09-29,12,N,VIIRS,n,2,285.48,0.54,N,0
38.42812,27.21691,311.79,0.4,0.37,2023-09-29,12,N,VIIRS,n,2,289.65,1.26,N,2
38.45529,27.26302,301.93,0.41,0.37,2023-09-29,12,N,VIIRS,n,2,289.33,0.65,N,2
38.45639,38.72382,302.49,0.45,0.63,2023-09-29,12,N,VIIRS,n,2,288.66,1.22,N,2
38.60617,36.11681,297.35,0.33,0.55,2023-09-29,12,N,VIIRS,n,2,278.65,0.49,N,0
38.65109,39.76857,300.75,0.5,0.65,2023-09-29,12,N,VIIRS,n,2,285.6,0.64,N,2
38.6567,30.62038,296.54,0.52,0.42,2023-09-29,12,N,VIIRS,n,2,282.98,0.96,N,2
38.66113,39.23478,296.66,0.47,0.64,2023-09-29,12,N,VIIRS,n,2,285.42,0.62,N,0
38.7312,26.93027,304.36,0.4,0.37,2023-09-29,12,N,VIIRS,n,2,287.84,0.71,N,0
38.73245,26.96379,304.72,0.4,0.37,2023-09-29,12,N,VIIRS,n,2,288.38,0.92,N,2
38.74143,26.95214,308.22,0.4,0.37,2023-09-29,12,N,VIIRS,n,2,289.0,1.38,N,2
38.74321,26.96213,303.2,0.4,0.37,2023-09-29,12,N,VIIRS,n,2,289.73,0.77,N,2
38.75925,36.55975,308.97,0.34,0.56,2023-09-29,12,N,VIIRS,n,2,280.27,1.49,N,0
38.76448,36.58213,298.05,0.34,0.56,2023-09-29,12,N,VIIRS,n,2,280.05,0.5,N,0
38.88952,37.42869,296.0,0.37,0.58,2023-09-29,12,N,VIIRS,n,2,282.33,0.43,N,0
38.92037,37.41181,330.91,0.37,0.58,2023-09-29,12,N,VIIRS,n,2,280.6,2.96,N,0
38.92537,37.41455,334.91,0.37,0.58,2023-09-29,12,N,VIIRS,n,2,281.23,2.67,N,0
39.09218,27.51448,300.08,0.41,0.37,2023-09-29,12,N,VIIRS,n,2,286.16,0.65,N,0
39.11309,27.51588,303.83,0.41,0.37,2023-09-29,12,N,VIIRS,n,2,288.16,0.96,N,0
39.11566,27.52134,298.74,0.41,0.37,2023-09-29,12,N,VIIRS,n,2,286.32,0.88,N,0
39.1665,27.63388,300.21,0.41,0.37,2023-09-29,12,N,VIIRS,n,2,285.99,0.37,N,0
39.18325,27.49783,300.96,0.4,0.37,2023-09-29,12,N,VIIRS,n,2,287.46,0.65,N,2
39.21357,37.4866,298.34,0.37,0.58,2023-09-29,12,N,VIIRS,n,2,281.42,0.98,N,0
39.2164,37.48601,307.85,0.37,0.58,2023-09-29,12,N,VIIRS,n,2,281.9,1.21,N,0
39.21984,37.48457,318.29,0.37,0.58,2023-09-29,12,N,VIIRS,n,2,281.74,1.98,N,0
39.48395,30.04267,302.36,0.48,0.4,2023-09-29,12,N,VIIRS,n,2,283.95,1.37,N,2
39.57648,29.86004,304.53,0.47,0.4,2023-09-29,12,N,VIIRS,n,2,283.05,1.14,N,0
39.86388,26.24447,304.43,0.39,0.36,2023-09-29,12,N,VIIRS,n,2,287.86,1.05,N,2
39.86717,26.24537,313.04,0.39,0.36,2023-09-29,12,N,VIIRS,n,2,289.12,1.4,N,2
40.18622,29.22475,300.62,0.44,0.38,2023-09-29,12,N,VIIRS,n,2,287.31,0.8,N,2
40.41511,34.83437,296.55,0.51,0.49,2023-09-29,12,N,VIIRS,n,2,282.69,0.32,N,0
40.75481,31.78533,295.07,0.54,0.42,2023-09-29,12,N,VIIRS,n,2,283.57,0.72,N,0
40.76562,32.21756,305.45,0.56,0.43,2023-09-29,12,N,VIIRS,n,2,281.35,1.66,N,2
41.01906,28.55527,308.28,0.41,0.37,2023-09-29,12,N,VIIRS,n,2,286.82,1.4,N,2
41.02243,28.55634,307.92,0.41,0.37,2023-09-29,12,N,VIIRS,n,2,287.57,0.94,N,2
41.79659,26.70005,299.45,0.38,0.36,2023-09-29,12,N,VIIRS,n,2,282.11,0.82,N,2
37.25278,30.4418,302.27,0.54,0.42,2023-09-29,13,N,VIIRS,n,2,286.44,1.4,N,2
37.77214,27.43879,299.84,0.41,0.37,2023-09-29,13,N,VIIRS,n,2,289.09,0.8,N,2
38.07509,27.69156,297.97,0.42,0.38,2023-09-29,13,N,VIIRS,n,2,287.05,0.46,N,0
35.52492,36.46712,339.35,0.33,0.56,2023-09-29,952,N,VIIRS,n,2,307.83,4.94,D,0
35.52819,36.45837,344.48,0.33,0.56,2023-09-29,952,N,VIIRS,n,2,307.95,6.01,D,0
35.52906,36.4619,367.0,0.33,0.56,2023-09-29,952,N,VIIRS,h,2,308.03,6.01,D,0
35.52993,36.46546,367.0,0.33,0.56,2023-09-29,952,N,VIIRS,h,2,309.72,4.94,D,0
35.53082,36.46909,336.57,0.33,0.56,2023-09-29,952,N,VIIRS,n,2,307.08,4.94,D,0
35.78148,43.81591,355.91,0.44,0.38,2023-09-29,952,N,VIIRS,n,2,318.78,7.44,D,0
36.01029,39.86807,342.54,0.43,0.46,2023-09-29,952,N,VIIRS,n,2,310.52,4.6,D,0
36.14274,38.68472,335.37,0.49,0.49,2023-09-29,952,N,VIIRS,n,2,306.16,2.63,D,0
36.16635,39.09926,334.94,0.47,0.48,2023-09-29,952,N,VIIRS,n,2,306.97,2.54,D,0
36.3718,38.88579,355.92,0.48,0.48,2023-09-29,952,N,VIIRS,n,2,311.02,12.79,D,0
36.90676,43.38806,340.19,0.44,0.38,2023-09-29,952,N,VIIRS,n,2,308.4,6.65,D,2
37.09056,43.5574,341.25,0.43,0.38,2023-09-29,952,N,VIIRS,n,2,310.14,4.5,D,0
37.09139,43.56198,352.53,0.43,0.38,2023-09-29,952,N,VIIRS,n,2,316.13,8.07,D,0
37.15915,43.4506,345.55,0.43,0.38,2023-09-29,952,N,VIIRS,n,2,310.33,7.98,D,0
37.16007,43.45561,342.09,0.43,0.38,2023-09-29,952,N,VIIRS,n,2,309.78,7.59,D,0
37.16257,43.44945,344.59,0.43,0.38,2023-09-29,952,N,VIIRS,n,2,308.82,4.4,D,0
37.16348,43.45443,367.0,0.43,0.38,2023-09-29,952,N,VIIRS,h,2,313.84,7.1,D,0
37.16439,43.4594,332.35,0.43,0.38,2023-09-29,952,N,VIIRS,n,2,304.09,7.1,D,0
37.17017,43.41121,341.98,0.44,0.38,2023-09-29,952,N,VIIRS,n,2,310.48,5.5,D,0
37.17204,42.44746,342.9,0.47,0.4,2023-09-29,952,N,VIIRS,n,2,317.07,28.9,D,0
37.17302,42.45271,356.94,0.47,0.4,2023-09-29,952,N,VIIRS,n,2,310.39,28.9,D,0
37.17362,43.41017,348.0,0.44,0.38,2023-09-29,952,N,VIIRS,n,2,311.52,5.5,D,0
36.35966,36.533,345.26,0.63,0.54,2023-09-29,953,N,VIIRS,n,2,300.89,8.58,D,0
36.3942,38.41246,343.66,0.5,0.49,2023-09-29,953,N,VIIRS,n,2,310.35,4.22,D,0
36.44148,36.48059,333.08,0.63,0.54,2023-09-29,953,N,VIIRS,n,2,301.85,5.21,D,0
36.442,36.47954,338.21,0.63,0.54,2023-09-29,953,N,VIIRS,n,2,302.3,6.0,D,0
36.48195,39.04578,336.57,0.46,0.47,2023-09-29,953,N,VIIRS,n,2,306.42,2.51,D,0
36.48831,38.60968,338.61,0.49,0.48,2023-09-29,953,N,VIIRS,n,2,308.9,3.43,D,0
36.48954,38.61504,336.52,0.49,0.48,2023-09-29,953,N,VIIRS,n,2,308.62,3.43,D,0
36.49113,38.61161,343.47,0.49,0.48,2023-09-29,953,N,VIIRS,n,2,308.73,4.12,D,0
36.55147,38.63987,354.28,0.49,0.48,2023-09-29,953,N,VIIRS,n,2,307.74,15.18,D,0
36.57658,38.956,333.89,0.47,0.47,2023-09-29,953,N,VIIRS,n,2,308.58,2.6,D,0
36.59093,38.71144,338.11,0.48,0.48,2023-09-29,953,N,VIIRS,n,2,307.55,3.13,D,0
36.59524,38.70993,348.83,0.48,0.48,2023-09-29,953,N,VIIRS,n,2,308.19,12.02,D,0
36.61771,37.94293,341.47,0.53,0.5,2023-09-29,953,N,VIIRS,n,2,308.93,4.2,D,0
36.61965,38.53428,335.29,0.49,0.49,2023-09-29,953,N,VIIRS,n,2,308.42,2.89,D,0
36.63691,38.56879,342.17,0.49,0.48,2023-09-29,953,N,VIIRS,n,2,309.65,4.03,D,0
36.6444,38.33107,342.39,0.5,0.49,2023-09-29,953,N,VIIRS,n,2,309.03,4.64,D,0
36.64565,38.3366,337.27,0.5,0.49,2023-09-29,953,N,VIIRS,n,2,308.67,5.27,D,0
36.64605,38.33384,345.93,0.5,0.49,2023-09-29,953,N,VIIRS,n,2,309.52,7.37,D,0
36.66065,38.61156,335.52,0.48,0.48,2023-09-29,953,N,VIIRS,n,2,310.31,2.39,D,0
36.69316,39.00128,347.89,0.46,0.47,2023-09-29,953,N,VIIRS,n,2,310.34,5.67,D,0
36.69551,38.60034,342.35,0.48,0.48,2023-09-29,953,N,VIIRS,n,2,309.85,4.27,D,0
36.69793,38.43531,356.82,0.49,0.49,2023-09-29,953,N,VIIRS,n,2,311.13,10.9,D,0
36.70234,38.43392,351.83,0.49,0.49,2023-09-29,953,N,VIIRS,n,2,307.24,10.9,D,0
36.71391,38.21452,350.76,0.51,0.49,2023-09-29,953,N,VIIRS,n,2,310.25,6.32,D,0
36.72941,35.44433,347.34,0.35,0.57,2023-09-29,953,N,VIIRS,n,2,303.09,3.6,D,0
36.72947,35.44453,346.87,0.35,0.57,2023-09-29,953,N,VIIRS,n,2,303.14,3.72,D,0
36.73488,38.51454,355.38,0.49,0.48,2023-09-29,953,N,VIIRS,n,2,311.67,12.09,D,0
36.73609,38.51986,343.66,0.49,0.48,2023-09-29,953,N,VIIRS,n,2,311.4,11.1,D,0
36.81261,38.36885,340.22,0.49,0.49,2023-09-29,953,N,VIIRS,n,2,310.36,3.71,D,0
36.81664,38.11485,342.95,0.51,0.49,2023-09-29,953,N,VIIRS,n,2,312.37,3.13,D,0
36.81672,38.11583,340.59,0.51,0.49,2023-09-29,953,N,VIIRS,n,2,311.35,4.55,D,0
36.83968,38.34249,348.03,0.5,0.49,2023-09-29,953,N,VIIRS,n,2,313.25,7.16,D,0
36.85186,36.21428,336.47,0.32,0.55,2023-09-29,953,N,VIIRS,n,2,297.53,3.14,D,0
36.85783,40.27692,345.53,0.4,0.44,2023-09-29,953,N,VIIRS,n,2,311.42,5.53,D,0
36.85876,40.2813,343.51,0.4,0.44,2023-09-29,953,N,VIIRS,n,2,311.65,5.96,D,0
36.85894,40.28035,351.64,0.4,0.44,2023-09-29,953,N,VIIRS,n,2,312.8,7.66,D,0
36.87648,35.23576,330.93,0.36,0.57,2023-09-29,953,N,VIIRS,n,2,298.85,2.71,D,0
36.87865,35.65947,348.87,0.34,0.56,2023-09-29,953,N,VIIRS,n,2,300.36,5.56,D,0
36.91849,40.97325,351.38,0.55,0.43,2023-09-29,953,N,VIIRS,n,2,315.83,15.45,D,0
36.93686,40.33039,343.13,0.39,0.44,2023-09-29,953,N,VIIRS,n,2,311.88,4.59,D,0
37.04033,40.65696,349.26,0.56,0.43,2023-09-29,953,N,VIIRS,n,2,315.71,27.26,D,0
37.04421,40.65572,351.34,0.56,0.43,2023-09-29,953,N,VIIRS,n,2,315.59,27.26,D,0
37.04586,40.65665,342.34,0.56,0.43,2023-09-29,953,N,VIIRS,n,2,310.64,6.77,D,0
37.05469,36.04967,334.3,0.32,0.55,2023-09-29,953,N,VIIRS,n,2,300.37,2.75,D,0
37.07975,36.76961,344.84,0.59,0.53,2023-09-29,953,N,VIIRS,n,2,304.59,18.58,D,0
37.08286,36.76127,342.29,0.59,0.53,2023-09-29,953,N,VIIRS,n,2,305.45,18.68,D,0
37.08446,36.76782,342.25,0.59,0.53,2023-09-29,953,N,VIIRS,n,2,304.05,18.58,D,0
37.29141,35.66079,343.09,0.33,0.56,2023-09-29,953,N,VIIRS,n,2,296.9,2.35,D,0
37.33941,35.66957,331.44,0.33,0.55,2023-09-29,953,N,VIIRS,n,2,301.29,3.54,D,0
37.34211,36.89181,354.09,0.57,0.52,2023-09-29,953,N,VIIRS,n,2,304.77,20.46,D,0
37.3425,35.66934,349.64,0.33,0.55,2023-09-29,953,N,VIIRS,n,2,301.35,8.97,D,0
37.3444,35.66784,348.45,0.33,0.55,2023-09-29,953,N,VIIRS,n,2,299.52,3.54,D,0
37.35662,35.96299,334.48,0.32,0.55,2023-09-29,953,N,VIIRS,n,2,301.35,3.02,D,0
37.4219,36.99249,343.51,0.57,0.52,2023-09-29,953,N,VIIRS,n,2,305.25,5.57,D,0
37.5217,38.01981,338.81,0.5,0.49,2023-09-29,953,N,VIIRS,n,2,307.09,4.9,D,0
37.53583,44.19904,345.03,0.41,0.37,2023-09-29,953,N,VIIRS,n,2,308.97,53.18,D,0
37.5392,44.19812,367.0,0.41,0.37,2023-09-29,953,N,VIIRS,h,2,332.89,53.18,D,0
37.56723,39.63937,346.33,0.41,0.45,2023-09-29,953,N,VIIRS,n,2,308.81,5.13,D,0
37.57027,39.63332,342.23,0.41,0.45,2023-09-29,953,N,VIIRS,n,2,306.68,4.15,D,0
37.67617,38.20927,339.64,0.48,0.48,2023-09-29,953,N,VIIRS,n,2,311.37,4.78,D,0
37.7687,38.13049,340.31,0.48,0.48,2023-09-29,953,N,VIIRS,n,2,311.04,2.7,D,0
37.9346,40.39921,367.0,0.56,0.43,2023-09-29,953,N,VIIRS,h,2,312.82,42.45,D,0
37.93593,40.38568,357.87,0.56,0.43,2023-09-29,953,N,VIIRS,n,2,320.1,48.62,D,0
37.93963,40.42361,348.31,0.56,0.43,2023-09-29,953,N,VIIRS,n,2,317.28,12.53,D,0
38.03182,40.95554,349.51,0.53,0.42,2023-09-29,953,N,VIIRS,n,2,319.42,13.81,D,0
38.07895,39.83121,345.46,0.39,0.44,2023-09-29,953,N,VIIRS,n,2,314.19,5.79,D,0
38.11193,37.09358,345.98,0.54,0.51,2023-09-29,953,N,VIIRS,n,2,309.67,9.03,D,0
38.11872,40.48149,347.73,0.55,0.43,2023-09-29,953,N,VIIRS,n,2,315.26,5.12,D,0
38.11904,40.48294,345.08,0.55,0.43,2023-09-29,953,N,VIIRS,n,2,315.88,5.94,D,0
38.13946,40.80538,348.45,0.53,0.42,2023-09-29,953,N,VIIRS,n,2,314.27,11.63,D,0
38.16108,40.28845,350.32,0.56,0.43,2023-09-29,953,N,VIIRS,n,2,318.31,8.2,D,0
38.16494,40.28716,348.81,0.56,0.43,2023-09-29,953,N,VIIRS,n,2,315.47,9.11,D,0
38.23566,40.45562,346.02,0.55,0.43,2023-09-29,953,N,VIIRS,n,2,316.47,3.21,D,0
38.25623,40.39661,344.85,0.55,0.43,2023-09-29,953,N,VIIRS,n,2,315.34,6.22,D,0
38.34016,36.92296,335.91,0.54,0.51,2023-09-29,953,N,VIIRS,n,2,306.0,4.38,D,0
38.84266,36.4913,336.4,0.56,0.51,2023-09-29,953,N,VIIRS,n,2,303.46,9.96,D,0
38.8487,36.49566,340.71,0.55,0.51,2023-09-29,953,N,VIIRS,n,2,301.13,9.96,D,0
39.20763,37.07129,354.77,0.51,0.49,2023-09-29,953,N,VIIRS,n,2,305.39,9.61,D,0
39.25351,38.16362,335.15,0.45,0.47,2023-09-29,953,N,VIIRS,n,2,304.05,4.13,D,0
39.51457,41.90639,350.4,0.46,0.39,2023-09-29,953,N,VIIRS,n,2,312.49,12.9,D,0
40.11848,44.38625,340.68,0.39,0.36,2023-09-29,953,N,VIIRS,n,2,306.04,5.18,D,0
40.19672,43.79621,333.84,0.4,0.37,2023-09-29,953,N,VIIRS,n,2,303.48,7.79,D,0
40.60873,43.79336,335.86,0.4,0.37,2023-09-29,953,N,VIIRS,n,2,306.79,2.66,D,0
38.43823,29.58401,332.23,0.63,0.72,2023-09-29,954,N,VIIRS,n,2,293.32,7.13,D,0
38.80705,31.95788,347.62,0.47,0.64,2023-09-29,954,N,VIIRS,n,2,299.28,12.14,D,0
38.8092,31.95354,367.0,0.47,0.64,2023-09-29,954,N,VIIRS,h,2,299.94,12.35,D,0
38.8107,31.9587,367.0,0.47,0.64,2023-09-29,954,N,VIIRS,h,2,300.15,12.35,D,0
38.81273,31.95539,367.0,0.47,0.64,2023-09-29,954,N,VIIRS,h,2,299.49,12.14,D,0
39.01928,33.52038,330.36,0.39,0.59,2023-09-29,954,N,VIIRS,n,2,299.66,3.24,D,0
39.39762,34.25536,341.67,0.35,0.57,2023-09-29,954,N,VIIRS,n,2,301.86,3.53,D,0
40.26996,33.69426,355.76,0.35,0.57,2023-09-29,954,N,VIIRS,n,2,293.53,7.77,D,0
40.56003,35.32468,339.73,0.58,0.52,2023-09-29,954,N,VIIRS,n,2,300.76,7.07,D,0
40.65092,35.57043,341.4,0.56,0.51,2023-09-29,954,N,VIIRS,n,2,302.17,3.59,D,0
40.69425,35.62056,332.03,0.55,0.51,2023-09-29,954,N,VIIRS,n,2,299.61,4.65,D,0
40.80129,35.41644,330.98,0.56,0.52,2023-09-29,954,N,VIIRS,n,2,299.71,2.87,D,0
36.37459,36.57411,333.98,0.6,0.71,2023-09-29,1133,N,VIIRS,n,2,298.88,3.25,D,0
36.37479,36.58102,342.53,0.6,0.71,2023-09-29,1133,N,VIIRS,n,2,299.95,3.25,D,0
36.57053,38.64937,331.47,0.78,0.78,2023-09-29,1133,N,VIIRS,n,2,297.91,7.55,D,0
36.57073,38.64585,330.88,0.78,0.78,2023-09-29,1133,N,VIIRS,n,2,297.79,5.41,D,0
36.57314,35.37402,338.65,0.52,0.67,2023-09-29,1133,N,VIIRS,n,2,298.57,3.01,D,0
36.57778,38.64005,336.63,0.78,0.78,2023-09-29,1133,N,VIIRS,n,2,297.5,9.06,D,0
36.57792,38.63655,339.46,0.78,0.78,2023-09-29,1133,N,VIIRS,n,2,298.36,5.41,D,0
36.63485,38.38724,341.13,0.76,0.77,2023-09-29,1133,N,VIIRS,n,2,298.51,6.76,D,0
36.67326,38.63029,337.9,0.78,0.78,2023-09-29,1133,N,VIIRS,n,2,301.58,5.45,D,0
36.70234,38.60968,336.48,0.78,0.78,2023-09-29,1133,N,VIIRS,n,2,300.17,5.0,D,0
36.72799,35.46451,331.36,0.52,0.67,2023-09-29,1133,N,VIIRS,n,2,298.2,3.3,D,0
36.77164,35.6279,337.02,0.54,0.68,2023-09-29,1133,N,VIIRS,n,2,297.98,4.35,D,0
36.87164,35.2361,340.18,0.51,0.66,2023-09-29,1133,N,VIIRS,n,2,294.92,5.82,D,0
36.87355,35.23319,340.11,0.51,0.66,2023-09-29,1133,N,VIIRS,n,2,295.9,5.63,D,0
36.9609,35.46608,367.0,0.53,0.67,2023-09-29,1133,N,VIIRS,h,2,296.35,10.12,D,0
37.00509,36.69376,337.2,0.62,0.71,2023-09-29,1133,N,VIIRS,n,2,300.63,17.63,D,0
37.05195,36.0558,335.8,0.57,0.69,2023-09-29,1133,N,VIIRS,n,2,296.94,4.34,D,0
37.26419,35.78888,344.14,0.55,0.68,2023-09-29,1133,N,VIIRS,n,2,295.96,9.71,D,0
37.57287,37.89464,330.7,0.72,0.76,2023-09-29,1134,N,VIIRS,n,2,302.33,3.82,D,0
37.63081,31.79511,338.57,0.34,0.56,2023-09-29,1134,N,VIIRS,n,2,303.51,2.79,D,0
37.65089,38.22401,352.03,0.75,0.77,2023-09-29,1134,N,VIIRS,n,2,301.4,12.21,D,0
37.65293,38.22486,348.0,0.75,0.77,2023-09-29,1134,N,VIIRS,n,2,300.0,13.12,D,0
37.76838,38.22878,345.44,0.75,0.77,2023-09-29,1134,N,VIIRS,n,2,296.57,12.38,D,0
37.7697,38.22724,343.25,0.75,0.77,2023-09-29,1134,N,VIIRS,n,2,296.4,6.43,D,0
37.76975,38.23632,346.23,0.75,0.77,2023-09-29,1134,N,VIIRS,n,2,298.29,6.43,D,0
37.77696,38.23559,336.7,0.75,0.77,2023-09-29,1134,N,VIIRS,n,2,298.91,6.43,D,0
38.39013,37.09165,347.92,0.66,0.73,2023-09-29,1134,N,VIIRS,n,2,299.28,8.92,D,0
38.39022,37.08989,342.11,0.66,0.73,2023-09-29,1134,N,VIIRS,n,2,299.16,5.57,D,0
38.5587,27.65981,343.3,0.41,0.45,2023-09-29,1134,N,VIIRS,n,2,296.29,6.02,D,0
38.95367,32.29311,355.61,0.37,0.58,2023-09-29,1134,N,VIIRS,n,2,296.62,5.25,D,0
38.95576,32.28913,332.56,0.37,0.58,2023-09-29,1134,N,VIIRS,n,2,295.47,4.4,D,0
38.95598,32.29351,351.5,0.37,0.58,2023-09-29,1134,N,VIIRS,n,2,295.71,8.73,D,0
38.95905,32.29251,334.25,0.37,0.58,2023-09-29,1134,N,VIIRS,n,2,297.01,5.25,D,0
40.58226,35.37724,336.19,0.55,0.68,2023-09-29,1134,N,VIIRS,n,2,294.11,3.54,D,0
37.94915,41.49577,298.81,0.48,0.65,2023-09-29,2212,N,VIIRS,n,2,286.24,0.91,N,0
37.97983,40.98156,300.61,0.51,0.66,2023-09-29,2212,N,VIIRS,n,2,285.57,1.07,N,0
37.98583,40.98849,303.16,0.51,0.66,2023-09-29,2212,N,VIIRS,n,2,285.9,1.47,N,0
37.98605,40.98186,301.92,0.51,0.66,2023-09-29,2212,N,VIIRS,n,2,286.46,1.07,N,0
37.99959,41.29219,307.12,0.49,0.65,2023-09-29,2212,N,VIIRS,n,2,286.44,2.05,N,0
38.00486,41.31478,305.8,0.49,0.65,2023-09-29,2212,N,VIIRS,n,2,285.62,1.22,N,0
38.00572,41.29228,320.08,0.49,0.65,2023-09-29,2212,N,VIIRS,n,2,287.0,1.8,N,0
38.00593,41.28686,302.79,0.49,0.65,2023-09-29,2212,N,VIIRS,n,2,287.1,1.8,N,0
38.04233,41.29598,308.31,0.49,0.65,2023-09-29,2212,N,VIIRS,n,2,286.88,1.39,N,0
38.0424,41.29582,307.33,0.49,0.65,2023-09-29,2212,N,VIIRS,n,2,286.78,1.15,N,0
38.05368,40.26036,298.63,0.56,0.69,2023-09-29,2212,N,VIIRS,n,2,285.19,0.73,N,0
38.05415,40.25948,296.72,0.56,0.69,2023-09-29,2212,N,VIIRS,n,2,284.86,0.69,N,0
38.10115,40.64267,295.96,0.54,0.68,2023-09-29,2212,N,VIIRS,n,2,285.89,0.91,N,0
38.10135,40.63612,297.46,0.54,0.68,2023-09-29,2212,N,VIIRS,n,2,285.61,1.48,N,0
38.10788,40.63028,301.56,0.54,0.68,2023-09-29,2212,N,VIIRS,n,2,285.37,0.66,N,0
38.14479,40.25508,320.45,0.56,0.69,2023-09-29,2212,N,VIIRS,n,2,287.2,3.61,N,0
38.18496,40.66325,298.13,0.54,0.68,2023-09-29,2212,N,VIIRS,n,2,287.23,1.41,N,0
38.18928,40.66245,302.19,0.54,0.68,2023-09-29,2212,N,VIIRS,n,2,286.83,1.12,N,0
38.21126,40.63306,299.05,0.54,0.68,2023-09-29,2212,N,VIIRS,n,2,286.25,0.71,N,0
38.21759,40.63352,299.47,0.54,0.68,2023-09-29,2212,N,VIIRS,n,2,286.15,0.71,N,0
38.21859,40.60109,298.17,0.54,0.68,2023-09-29,2212,N,VIIRS,n,2,286.35,0.69,N,0
35.52687,44.34309,314.08,0.32,0.54,2023-09-29,2213,N,VIIRS,n,2,292.37,1.17,N,2
35.52713,44.33943,324.53,0.32,0.54,2023-09-29,2213,N,VIIRS,n,2,291.84,1.17,N,2
35.5322,44.34009,339.68,0.32,0.54,2023-09-29,2213,N,VIIRS,n,2,293.66,2.85,N,2
35.53246,44.33647,345.38,0.32,0.54,2023-09-29,2213,N,VIIRS,n,2,293.46,4.99,N,2
35.58262,44.25018,308.46,0.32,0.55,2023-09-29,2213,N,VIIRS,n,2,292.26,0.49,N,2
35.58489,44.25134,303.81,0.32,0.55,2023-09-29,2213,N,VIIRS,n,2,292.68,0.74,N,2
35.63019,44.00774,321.39,0.33,0.56,2023-09-29,2213,N,VIIRS,n,2,293.9,1.04,N,2
35.6782,44.06595,306.39,0.33,0.55,2023-09-29,2213,N,VIIRS,n,2,294.09,0.75,N,2
35.68111,43.87579,305.86,0.34,0.56,2023-09-29,2213,N,VIIRS,n,2,293.72,4.98,N,2
35.68632,43.87642,367.0,0.34,0.56,2023-09-29,2213,N,VIIRS,h,2,298.91,4.98,N,2
35.68658,43.87262,307.14,0.34,0.56,2023-09-29,2213,N,VIIRS,n,2,293.9,6.78,N,2
35.72248,44.04177,309.44,0.33,0.55,2023-09-29,2213,N,VIIRS,n,2,293.57,1.07,N,2
35.72274,44.03794,311.53,0.33,0.56,2023-09-29,2213,N,VIIRS,n,2,293.69,1.54,N,2
35.72764,44.0425,310.21,0.33,0.55,2023-09-29,2213,N,VIIRS,n,2,293.32,1.07,N,2
35.7279,44.03876,324.06,0.33,0.56,2023-09-29,2213,N,VIIRS,n,2,294.4,1.54,N,2
35.72815,44.03495,303.47,0.33,0.56,2023-09-29,2213,N,VIIRS,n,2,293.32,1.54,N,2
35.72841,44.0311,334.86,0.33,0.56,2023-09-29,2213,N,VIIRS,n,2,294.14,2.78,N,2
35.77264,43.9948,323.4,0.34,0.56,2023-09-29,2213,N,VIIRS,n,2,294.38,1.16,N,2
35.78158,44.08994,321.47,0.33,0.55,2023-09-29,2213,N,VIIRS,n,2,294.89,2.41,N,0
35.81622,43.25589,303.98,0.37,0.58,2023-09-29,2213,N,VIIRS,n,2,293.35,0.72,N,2
35.83339,44.03819,306.04,0.33,0.56,2023-09-29,2213,N,VIIRS,n,2,292.65,0.58,N,0
35.83485,43.21999,311.89,0.37,0.58,2023-09-29,2213,N,VIIRS,n,2,292.78,0.79,N,0
35.92284,43.79067,309.05,0.35,0.56,2023-09-29,2213,N,VIIRS,n,2,292.57,0.66,N,2
35.92309,43.78669,310.71,0.35,0.56,2023-09-29,2213,N,VIIRS,n,2,292.73,1.31,N,2
35.9239,43.78907,326.51,0.35,0.56,2023-09-29,2213,N,VIIRS,n,2,293.9,1.69,N,2
35.95292,43.73417,306.48,0.35,0.57,2023-09-29,2213,N,VIIRS,n,2,293.17,1.24,N,2
35.95344,43.72603,310.73,0.35,0.57,2023-09-29,2213,N,VIIRS,n,2,292.05,1.1,N,2
35.97171,43.7717,311.88,0.35,0.56,2023-09-29,2213,N,VIIRS,n,2,294.39,1.52,N,2
35.98251,43.76859,340.46,0.35,0.56,2023-09-29,2213,N,VIIRS,n,2,297.14,3.31,N,2
35.99885,43.7621,318.43,0.35,0.56,2023-09-29,2213,N,VIIRS,n,2,293.61,1.55,N,2
35.99911,43.75821,318.17,0.35,0.57,2023-09-29,2213,N,VIIRS,n,2,293.74,1.55,N,2
36.01497,43.67974,303.42,0.35,0.57,2023-09-29,2213,N,VIIRS,n,2,291.19,1.13,N,2
36.01507,41.68649,311.23,0.45,0.63,2023-09-29,2213,N,VIIRS,n,2,287.14,1.02,N,0
36.01999,43.68438,310.25,0.35,0.57,2023-09-29,2213,N,VIIRS,n,2,293.12,1.99,N,2
36.02026,43.68032,333.45,0.35,0.57,2023-09-29,2213,N,VIIRS,n,2,294.32,1.99,N,2
36.0857,43.8013,300.09,0.35,0.56,2023-09-29,2213,N,VIIRS,n,2,287.99,0.34,N,0
36.12835,43.77973,303.31,0.35,0.57,2023-09-29,2213,N,VIIRS,n,2,293.27,0.54,N,2
36.14025,40.81127,299.81,0.51,0.66,2023-09-29,2213,N,VIIRS,n,2,289.79,1.03,N,2
36.14862,43.79483,345.69,0.35,0.56,2023-09-29,2213,N,VIIRS,n,2,295.85,3.27,N,2
36.44291,42.92898,306.57,0.39,0.59,2023-09-29,2213,N,VIIRS,n,2,294.03,0.62,N,2
36.45718,41.2814,303.26,0.48,0.65,2023-09-29,2213,N,VIIRS,n,2,289.79,0.67,N,2
36.5625,44.30233,298.82,0.33,0.55,2023-09-29,2213,N,VIIRS,n,2,288.51,0.24,N,0
36.61265,44.17568,301.13,0.33,0.56,2023-09-29,2213,N,VIIRS,n,2,288.87,0.4,N,0
36.73212,43.27914,303.51,0.38,0.58,2023-09-29,2213,N,VIIRS,n,2,292.95,0.45,N,2
36.74643,43.495,300.87,0.37,0.58,2023-09-29,2213,N,VIIRS,n,2,289.93,1.19,N,2
36.77323,43.32405,330.61,0.37,0.58,2023-09-29,2213,N,VIIRS,n,2,292.32,2.89,N,2
36.77859,43.32586,335.19,0.37,0.58,2023-09-29,2213,N,VIIRS,n,2,295.77,3.83,N,2
36.90662,43.38957,311.49,0.37,0.58,2023-09-29,2213,N,VIIRS,n,2,289.53,3.56,N,2
36.90689,43.38524,346.17,0.37,0.58,2023-09-29,2213,N,VIIRS,n,2,290.23,3.56,N,2
36.90832,43.38734,341.02,0.37,0.58,2023-09-29,2213,N,VIIRS,n,2,291.11,2.95,N,2
36.90858,43.38282,307.81,0.37,0.58,2023-09-29,2213,N,VIIRS,n,2,286.93,2.95,N,2
36.91441,41.89476,307.97,0.45,0.63,2023-09-29,2213,N,VIIRS,n,2,289.76,0.9,N,2
36.93832,42.12989,312.45,0.44,0.62,2023-09-29,2213,N,VIIRS,n,2,291.16,1.69,N,2
36.93882,42.1197,299.21,0.44,0.62,2023-09-29,2213,N,VIIRS,n,2,288.9,1.55,N,2
36.94212,42.16995,319.2,0.43,0.62,2023-09-29,2213,N,VIIRS,n,2,291.6,1.47,N,2
36.98477,42.80896,302.43,0.4,0.6,2023-09-29,2213,N,VIIRS,n,2,290.94,0.66,N,0
36.99557,41.55944,304.06,0.47,0.64,2023-09-29,2213,N,VIIRS,n,2,289.05,0.95,N,2
36.99775,41.56033,312.28,0.47,0.64,2023-09-29,2213,N,VIIRS,n,2,289.72,1.23,N,2
37.0244,42.26942,303.21,0.43,0.62,2023-09-29,2213,N,VIIRS,n,2,290.84,0.65,N,2
37.05356,42.13214,301.9,0.44,0.62,2023-09-29,2213,N,VIIRS,n,2,290.28,0.25,N,2
37.05458,42.13205,300.88,0.44,0.62,2023-09-29,2213,N,VIIRS,n,2,290.12,0.42,N,2
37.67113,40.4519,300.63,0.55,0.68,2023-09-29,2213,N,VIIRS,n,2,287.43,1.02,N,0
37.67293,40.45183,298.94,0.55,0.68,2023-09-29,2213,N,VIIRS,n,2,287.17,0.78,N,0
37.67657,40.47838,317.19,0.54,0.68,2023-09-29,2213,N,VIIRS,n,2,285.82,2.08,N,0
37.67851,40.47831,316.41,0.54,0.68,2023-09-29,2213,N,VIIRS,n,2,285.7,2.14,N,0
37.69804,40.46587,296.9,0.55,0.68,2023-09-29,2213,N,VIIRS,n,2,285.62,0.65,N,0
37.70446,38.40371,298.98,0.7,0.75,2023-09-29,2213,N,VIIRS,n,2,285.63,0.6,N,0
37.70895,38.40153,297.4,0.7,0.75,2023-09-29,2213,N,VIIRS,n,2,285.65,0.63,N,0
37.74462,38.37151,304.71,0.71,0.75,2023-09-29,2213,N,VIIRS,n,2,285.17,2.01,N,0
37.74499,38.34328,300.19,0.71,0.75,2023-09-29,2213,N,VIIRS,n,2,285.39,1.39,N,0
37.75838,38.39735,316.9,0.7,0.75,2023-09-29,2213,N,VIIRS,n,2,285.57,5.0,N,0
37.76543,38.39763,332.23,0.7,0.75,2023-09-29,2213,N,VIIRS,n,2,286.45,5.0,N,0
37.94851,41.49665,299.82,0.48,0.65,2023-09-29,2213,N,VIIRS,n,2,286.18,0.91,N,0
37.94875,41.491,299.07,0.48,0.65,2023-09-29,2213,N,VIIRS,n,2,286.18,0.79,N,0
35.52966,44.34515,303.0,0.59,0.7,2023-09-29,2353,N,VIIRS,n,2,289.72,1.43,N,2
35.52967,44.34594,300.26,0.59,0.7,2023-09-29,2353,N,VIIRS,n,2,289.61,2.47,N,2
35.53149,44.33973,337.48,0.59,0.7,2023-09-29,2353,N,VIIRS,n,2,291.5,2.47,N,2
35.53152,44.33896,334.75,0.59,0.7,2023-09-29,2353,N,VIIRS,n,2,291.14,2.75,N,2
35.53335,44.33343,304.52,0.59,0.7,2023-09-29,2353,N,VIIRS,n,2,290.88,3.53,N,2
35.53341,44.33269,300.92,0.59,0.7,2023-09-29,2353,N,VIIRS,n,2,290.7,2.75,N,2
35.62868,44.00755,319.41,0.56,0.69,2023-09-29,2353,N,VIIRS,n,2,291.98,2.08,N,2
35.63045,44.00794,319.59,0.56,0.69,2023-09-29,2353,N,VIIRS,n,2,291.79,1.81,N,2
35.68345,43.8751,350.79,0.55,0.68,2023-09-29,2353,N,VIIRS,n,2,292.72,3.86,N,2
35.68697,43.87695,351.82,0.55,0.68,2023-09-29,2353,N,VIIRS,n,2,293.75,8.51,N,2
35.68951,43.87766,303.81,0.55,0.68,2023-09-29,2353,N,VIIRS,n,2,291.82,3.86,N,2
35.72375,44.04056,324.8,0.56,0.69,2023-09-29,2353,N,VIIRS,n,2,292.83,2.92,N,2
35.73169,44.03679,303.34,0.56,0.69,2023-09-29,2353,N,VIIRS,n,2,292.07,1.34,N,2
35.77178,43.99282,301.46,0.56,0.69,2023-09-29,2353,N,VIIRS,n,2,291.03,1.11,N,2
35.77474,43.99364,302.36,0.56,0.69,2023-09-29,2353,N,VIIRS,n,2,291.21,0.9,N,2
35.83401,43.22311,307.12,0.51,0.66,2023-09-29,2353,N,VIIRS,n,2,290.31,1.28,N,0
35.92176,43.79181,308.87,0.54,0.68,2023-09-29,2353,N,VIIRS,n,2,291.11,1.11,N,2
35.92342,43.78606,303.25,0.54,0.68,2023-09-29,2353,N,VIIRS,n,2,291.31,1.11,N,2
35.92519,43.79312,306.17,0.54,0.68,2023-09-29,2353,N,VIIRS,n,2,290.58,0.99,N,2
35.92687,43.78742,303.12,0.54,0.68,2023-09-29,2353,N,VIIRS,n,2,290.75,1.55,N,2
35.95122,43.72736,304.64,0.53,0.67,2023-09-29,2353,N,VIIRS,n,2,290.75,1.67,N,2
35.95188,43.73376,302.2,0.53,0.67,2023-09-29,2353,N,VIIRS,n,2,291.27,1.3,N,2
35.95348,43.72816,305.32,0.53,0.67,2023-09-29,2353,N,VIIRS,n,2,290.86,1.38,N,2
35.9709,43.77502,303.46,0.54,0.68,2023-09-29,2353,N,VIIRS,n,2,292.73,2.31,N,2
35.97847,43.77213,311.83,0.54,0.68,2023-09-29,2353,N,VIIRS,n,2,292.64,2.07,N,2
35.98018,43.76626,306.63,0.54,0.67,2023-09-29,2353,N,VIIRS,n,2,292.55,2.07,N,2
35.99532,43.76037,304.06,0.53,0.67,2023-09-29,2353,N,VIIRS,n,2,291.66,1.02,N,2
36.00121,43.76323,308.4,0.53,0.67,2023-09-29,2353,N,VIIRS,n,2,291.83,1.02,N,2
36.01685,43.6861,305.59,0.53,0.67,2023-09-29,2353,N,VIIRS,n,2,290.92,2.27,N,2
36.01717,41.68591,299.36,0.42,0.61,2023-09-29,2353,N,VIIRS,n,2,286.84,0.73,N,0
36.01847,43.68049,323.81,0.53,0.67,2023-09-29,2353,N,VIIRS,n,2,291.51,2.27,N,2
36.12782,43.78397,301.59,0.53,0.67,2023-09-29,2353,N,VIIRS,n,2,291.42,2.1,N,2
36.44386,42.93015,303.45,0.47,0.64,2023-09-29,2353,N,VIIRS,n,2,293.19,0.56,N,2
36.45929,41.28339,308.15,0.39,0.59,2023-09-29,2353,N,VIIRS,n,2,290.08,0.85,N,2
36.73109,43.28584,306.38,0.48,0.65,2023-09-29,2353,N,VIIRS,n,2,290.64,0.62,N,2
36.73248,43.28092,303.12,0.48,0.65,2023-09-29,2353,N,VIIRS,n,2,290.93,0.8,N,2
36.77326,43.32639,329.03,0.48,0.65,2023-09-29,2353,N,VIIRS,n,2,290.4,3.14,N,2
36.77487,43.32077,316.59,0.48,0.65,2023-09-29,2353,N,VIIRS,n,2,290.82,3.14,N,2
36.90538,43.3935,356.12,0.49,0.65,2023-09-29,2353,N,VIIRS,n,2,290.17,7.65,N,2
36.91249,41.89397,300.14,0.4,0.6,2023-09-29,2353,N,VIIRS,n,2,287.81,0.68,N,2
36.91321,41.89758,304.49,0.41,0.6,2023-09-29,2353,N,VIIRS,n,2,288.24,0.64,N,2
36.91439,41.89316,298.08,0.4,0.6,2023-09-29,2353,N,VIIRS,n,2,287.99,0.74,N,2
36.91785,41.89618,301.82,0.4,0.6,2023-09-29,2353,N,VIIRS,n,2,288.61,0.63,N,0
36.93743,42.1325,327.28,0.42,0.61,2023-09-29,2353,N,VIIRS,n,2,290.32,2.36,N,2
36.93946,42.16957,301.71,0.42,0.61,2023-09-29,2353,N,VIIRS,n,2,288.49,0.98,N,2
36.93988,42.12342,300.93,0.42,0.61,2023-09-29,2353,N,VIIRS,n,2,288.36,2.09,N,2
36.94163,42.17503,304.49,0.42,0.61,2023-09-29,2353,N,VIIRS,n,2,289.32,1.1,N,2
36.94289,42.17044,312.95,0.42,0.61,2023-09-29,2353,N,VIIRS,n,2,289.62,1.76,N,2
36.94485,42.17191,308.29,0.42,0.61,2023-09-29,2353,N,VIIRS,n,2,289.9,0.98,N,2
36.96273,42.08329,298.48,0.41,0.61,2023-09-29,2353,N,VIIRS,n,2,288.02,0.26,N,2
36.99645,41.56159,303.91,0.39,0.59,2023-09-29,2353,N,VIIRS,n,2,288.38,0.78,N,2
36.99647,41.56344,310.18,0.39,0.59,2023-09-29,2353,N,VIIRS,n,2,288.15,0.65,N,2
37.055,42.13475,299.28,0.41,0.61,2023-09-29,2353,N,VIIRS,n,2,289.1,0.48,N,2
37.2011,36.96793,301.99,0.44,0.46,2023-09-29,2353,N,VIIRS,n,2,288.45,0.42,N,0
37.26102,42.24422,298.45,0.41,0.61,2023-09-29,2353,N,VIIRS,n,2,288.06,0.59,N,0
37.29608,37.15874,303.79,0.45,0.47,2023-09-29,2353,N,VIIRS,n,2,290.08,1.44,N,2
37.35162,37.16414,303.15,0.45,0.47,2023-09-29,2353,N,VIIRS,n,2,290.58,1.07,N,2
37.39512,40.4685,298.88,0.33,0.55,2023-09-29,2353,N,VIIRS,n,2,283.91,2.37,N,0
37.39778,40.47069,348.31,0.33,0.55,2023-09-29,2353,N,VIIRS,n,2,286.91,4.87,N,0
37.39908,40.47432,298.85,0.33,0.55,2023-09-29,2353,N,VIIRS,n,2,284.19,2.17,N,0
37.40001,40.47066,341.07,0.33,0.55,2023-09-29,2353,N,VIIRS,n,2,286.94,2.37,N,0
37.53691,38.03395,312.74,0.49,0.49,2023-09-29,2353,N,VIIRS,n,2,289.06,1.7,N,0
37.53817,38.02846,302.89,0.49,0.49,2023-09-29,2353,N,VIIRS,n,2,287.47,1.68,N,0
37.61265,37.96302,299.22,0.49,0.48,2023-09-29,2353,N,VIIRS,n,2,288.01,0.49,N,0
37.63978,38.58696,303.03,0.52,0.5,2023-09-29,2353,N,VIIRS,n,2,287.79,1.43,N,0
37.64029,38.58644,304.68,0.52,0.5,2023-09-29,2353,N,VIIRS,n,2,287.74,0.77,N,0
37.66846,40.45481,303.31,0.33,0.55,2023-09-29,2353,N,VIIRS,n,2,287.07,0.49,N,0
37.6703,38.21112,307.95,0.5,0.49,2023-09-29,2353,N,VIIRS,n,2,286.29,1.29,N,0
37.67339,40.45667,299.43,0.33,0.55,2023-09-29,2353,N,VIIRS,n,2,286.98,0.49,N,0
37.70255,38.17453,305.76,0.5,0.49,2023-09-29,2353,N,VIIRS,n,2,287.44,0.63,N,0
37.72848,38.12375,300.8,0.49,0.49,2023-09-29,2353,N,VIIRS,n,2,287.65,0.76,N,0
37.7435,38.35355,302.24,0.51,0.49,2023-09-29,2353,N,VIIRS,n,2,287.35,1.59,N,0
37.746,38.34293,305.7,0.5,0.49,2023-09-29,2353,N,VIIRS,n,2,287.07,0.85,N,0
37.74672,38.36024,306.02,0.51,0.49,2023-09-29,2353,N,VIIRS,n,2,287.24,0.56,N,0
37.76091,38.40193,297.63,0.51,0.49,2023-09-29,2353,N,VIIRS,n,2,287.21,0.65,N,0
37.94601,40.15244,308.93,0.62,0.54,2023-09-29,2353,N,VIIRS,n,2,286.97,0.85,N,0
37.94722,40.15235,324.02,0.62,0.54,2023-09-29,2353,N,VIIRS,n,2,287.85,4.28,N,0
37.95002,41.49609,297.3,0.36,0.58,2023-09-29,2353,N,VIIRS,n,2,285.38,0.5,N,0
37.98397,40.98505,305.6,0.34,0.56,2023-09-29,2353,N,VIIRS,n,2,286.81,0.82,N,0
37.99451,41.28535,311.73,0.35,0.57,2023-09-29,2353,N,VIIRS,n,2,286.04,0.98,N,0
38.00336,41.29433,325.34,0.35,0.57,2023-09-29,2353,N,VIIRS,n,2,286.98,2.1,N,0
38.00823,41.31849,312.25,0.35,0.57,2023-09-29,2353,N,VIIRS,n,2,286.0,1.16,N,0
38.04196,41.2967,299.39,0.35,0.57,2023-09-29,2353,N,VIIRS,n,2,286.37,0.59,N,0
38.099,40.6436,321.2,0.33,0.55,2023-09-29,2353,N,VIIRS,n,2,286.77,1.73,N,0
38.1057,40.63847,300.7,0.33,0.55,2023-09-29,2353,N,VIIRS,n,2,285.43,0.61,N,0
38.18347,40.664,302.81,0.32,0.55,2023-09-29,2353,N,VIIRS,n,2,287.04,0.49,N,0
38.18838,40.66588,301.76,0.32,0.55,2023-09-29,2353,N,VIIRS,n,2,287.46,0.49,N,0
38.20551,40.64092,302.24,0.32,0.55,2023-09-29,2353,N,VIIRS,n,2,287.15,0.51,N,0
38.21216,40.63592,297.99,0.32,0.55,2023-09-29,2353,N,VIIRS,n,2,286.42,0.54,N,0
38.21883,40.63081,299.74,0.32,0.55,2023-09-29,2353,N,VIIRS,n,2,286.75,0.89,N,0
38.22027,40.60397,296.38,0.32,0.55,2023-09-29,2353,N,VIIRS,n,2,285.93,0.28,N,0
38.26754,36.83178,298.9,0.41,0.45,2023-09-29,2353,N,VIIRS,n,2,283.38,0.7,N,0
38.26908,36.83402,300.11,0.41,0.45,2023-09-29,2353,N,VIIRS,n,2,282.9,0.59,N,0
38.45715,38.72543,303.11,0.51,0.49,2023-09-29,2353,N,VIIRS,n,2,289.91,1.6,N,2
38.66508,39.23476,297.4,0.53,0.5,2023-09-29,2353,N,VIIRS,n,2,287.26,0.93,N,0
38.88388,37.89896,298.19,0.45,0.47,2023-09-29,2353,N,VIIRS,n,2,286.0,0.81,N,2
39.11508,27.52061,300.2,0.42,0.37,2023-09-29,2353,N,VIIRS,n,2,287.1,0.75,N,0
39.13461,36.93809,298.25,0.4,0.44,2023-09-29,2353,N,VIIRS,n,2,277.57,1.0,N,0
39.1689,27.63287,304.9,0.41,0.37,2023-09-29,2353,N,VIIRS,n,2,289.0,1.31,N,2
39.18353,27.49691,302.19,0.42,0.37,2023-09-29,2353,N,VIIRS,n,2,287.29,0.49,N,0
39.4842,30.04296,307.05,0.38,0.36,2023-09-29,2353,N,VIIRS,n,2,285.55,0.97,N,2
39.8653,26.24513,314.17,0.46,0.39,2023-09-29,2353,N,VIIRS,n,2,289.1,1.39,N,2
40.16262,34.94415,295.97,0.47,0.4,2023-09-29,2353,N,VIIRS,n,2,280.77,0.84,N,0
40.2422,29.92638,297.29,0.39,0.36,2023-09-29,2353,N,VIIRS,n,2,280.13,0.47,N,2
40.44447,27.1413,330.9,0.44,0.38,2023-09-29,2353,N,VIIRS,n,2,289.41,3.92,N,2
41.01963,28.556,309.59,0.41,0.37,2023-09-29,2353,N,VIIRS,n,2,285.87,1.01,N,2
41.25389,31.41273,306.27,0.39,0.36,2023-09-29,2353,N,VIIRS,n,2,287.28,0.74,N,2
41.25825,31.42827,303.71,0.39,0.36,2023-09-29,2353,N,VIIRS,n,2,287.66,0.73,N,2
41.26556,31.42558,313.65,0.39,0.36,2023-09-29,2353,N,VIIRS,n,2,289.48,1.91,N,2
41.2663,31.42102,302.5,0.39,0.36,2023-09-29,2353,N,VIIRS,n,2,287.48,1.27,N,2
41.2804,27.62605,298.57,0.43,0.38,2023-09-29,2353,N,VIIRS,n,2,285.29,0.51,N,0
41.28074,27.62221,300.25,0.43,0.38,2023-09-29,2353,N,VIIRS,n,2,284.76,0.66,N,0
41.63671,27.50478,307.75,0.44,0.38,2023-09-29,2353,N,VIIRS,n,2,288.59,1.46,N,2
36.13178,40.81083,324.0,0.37,0.58,2023-09-29,2354,N,VIIRS,n,2,291.83,1.39,N,2
36.14105,40.8191,307.84,0.37,0.58,2023-09-29,2354,N,VIIRS,n,2,290.32,1.29,N,2
36.2636,33.72928,305.46,0.49,0.4,2023-09-29,2354,N,VIIRS,n,2,291.76,0.94,N,2
36.2655,33.72846,303.64,0.49,0.4,2023-09-29,2354,N,VIIRS,n,2,291.11,0.72,N,2
36.93359,30.64813,313.29,0.39,0.36,2023-09-29,2354,N,VIIRS,n,2,290.17,1.21,N,2
37.02184,36.11086,310.95,0.4,0.44,2023-09-29,2354,N,VIIRS,n,2,292.08,1.44,N,2
37.02198,36.13006,302.13,0.4,0.45,2023-09-29,2354,N,VIIRS,n,2,290.44,0.72,N,2
37.25411,30.44566,295.12,0.39,0.36,2023-09-29,2354,N,VIIRS,n,2,278.94,0.98,N,2
37.77107,27.43696,304.95,0.41,0.37,2023-09-29,2354,N,VIIRS,n,2,290.24,0.8,N,2
37.86309,29.37279,303.88,0.38,0.36,2023-09-29,2354,N,VIIRS,n,2,283.3,1.16,N,2
38.42511,27.21589,307.8,0.42,0.38,2023-09-29,2354,N,VIIRS,n,2,288.13,1.14,N,2
38.42651,27.21828,317.4,0.42,0.38,2023-09-29,2354,N,VIIRS,n,2,290.05,1.08,N,2
38.73244,26.96323,310.85,0.43,0.38,2023-09-29,2354,N,VIIRS,n,2,288.32,0.85,N,2
38.73437,26.94842,303.87,0.43,0.38,2023-09-29,2354,N,VIIRS,n,2,289.51,0.98,N,2
38.73502,26.94345,305.87,0.43,0.38,2023-09-29,2354,N,VIIRS,n,2,290.61,1.1,N,2
38.74044,26.9293,309.82,0.43,0.38,2023-09-29,2354,N,VIIRS,n,2,290.55,0.89,N,2
38.74135,26.94982,308.67,0.43,0.38,2023-09-29,2354,N,VIIRS,n,2,290.63,1.86,N,2
38.74291,26.96533,298.93,0.43,0.38,2023-09-29,2354,N,VIIRS,n,2,287.74,0.82,N,0
38.74356,26.96039,310.37,0.43,0.38,2023-09-29,2354,N,VIIRS,n,2,289.45,0.82,N,2
38.74393,26.93004,302.28,0.43,0.38,2023-09-29,2354,N,VIIRS,n,2,288.15,0.89,N,2
38.74484,26.95056,311.08,0.43,0.38,2023-09-29,2354,N,VIIRS,n,2,289.45,1.12,N,2
35.51798,44.27742,367.0,0.46,0.47,2023-09-30,933,N,VIIRS,h,2,311.99,10.08,D,0
35.51807,44.27587,344.03,0.46,0.47,2023-09-30,933,N,VIIRS,n,2,311.15,6.01,D,0
35.52781,44.3439,347.2,0.46,0.47,2023-09-30,933,N,VIIRS,n,2,311.25,6.63,D,2
35.52828,44.34211,367.0,0.46,0.47,2023-09-30,933,N,VIIRS,h,2,313.15,8.44,D,2
35.52941,44.12099,342.19,0.47,0.48,2023-09-30,933,N,VIIRS,n,2,309.48,8.46,D,0
35.53096,44.33752,343.23,0.46,0.47,2023-09-30,933,N,VIIRS,n,2,311.11,5.78,D,2
35.53252,44.34076,343.13,0.46,0.47,2023-09-30,933,N,VIIRS,n,2,311.15,5.61,D,2
35.53521,44.3362,343.74,0.46,0.47,2023-09-30,933,N,VIIRS,n,2,310.41,5.78,D,2
35.9327,43.60027,344.44,0.49,0.48,2023-09-30,933,N,VIIRS,n,2,309.98,4.35,D,0
35.98074,43.77114,345.39,0.48,0.48,2023-09-30,933,N,VIIRS,n,2,313.01,3.52,D,2
35.98956,43.85141,344.93,0.47,0.48,2023-09-30,933,N,VIIRS,n,2,310.02,9.4,D,0
36.2191,42.34632,344.81,0.56,0.52,2023-09-30,933,N,VIIRS,n,2,312.77,8.25,D,0
36.22055,42.35243,343.87,0.56,0.52,2023-09-30,933,N,VIIRS,n,2,311.52,8.25,D,0
36.22372,42.3447,341.37,0.56,0.52,2023-09-30,933,N,VIIRS,n,2,311.71,8.25,D,0
36.22517,42.3508,344.38,0.56,0.52,2023-09-30,933,N,VIIRS,n,2,311.12,8.25,D,0
36.26746,43.7743,353.09,0.47,0.48,2023-09-30,933,N,VIIRS,n,2,308.38,4.66,D,0
36.5643,44.30628,343.4,0.44,0.46,2023-09-30,933,N,VIIRS,n,2,308.81,5.99,D,0
35.98065,36.78527,330.18,0.56,0.69,2023-09-30,934,N,VIIRS,n,2,297.09,4.26,D,0
36.16546,37.75176,367.0,0.49,0.65,2023-09-30,934,N,VIIRS,h,2,296.55,14.5,D,0
36.24223,38.79433,341.61,0.43,0.62,2023-09-30,934,N,VIIRS,n,2,298.83,4.03,D,0
36.30061,36.34918,339.98,0.57,0.69,2023-09-30,934,N,VIIRS,n,2,290.86,8.18,D,0
36.39362,36.33585,330.36,0.57,0.69,2023-09-30,934,N,VIIRS,n,2,289.99,5.47,D,0
36.42364,42.21119,345.05,0.56,0.52,2023-09-30,934,N,VIIRS,n,2,313.6,46.72,D,0
36.56935,38.64964,340.0,0.43,0.62,2023-09-30,934,N,VIIRS,n,2,300.03,4.09,D,0
36.77485,43.32745,342.62,0.48,0.48,2023-09-30,934,N,VIIRS,n,2,310.24,5.47,D,2
36.79788,40.60411,348.03,0.34,0.56,2023-09-30,934,N,VIIRS,n,2,305.99,4.31,D,0
36.80626,42.2929,353.62,0.55,0.51,2023-09-30,934,N,VIIRS,n,2,310.34,7.48,D,0
36.85646,39.67034,337.58,0.37,0.58,2023-09-30,934,N,VIIRS,n,2,301.74,2.3,D,0
36.93978,42.17027,343.5,0.55,0.51,2023-09-30,934,N,VIIRS,n,2,310.72,2.67,D,2
36.98144,39.8656,345.12,0.36,0.58,2023-09-30,934,N,VIIRS,n,2,305.58,3.69,D,0
36.9886,35.69412,341.32,0.59,0.7,2023-09-30,934,N,VIIRS,n,2,292.51,4.82,D,0
36.98876,35.69613,349.0,0.59,0.7,2023-09-30,934,N,VIIRS,n,2,292.54,8.86,D,0
36.99059,35.70068,330.12,0.59,0.7,2023-09-30,934,N,VIIRS,n,2,292.88,4.82,D,0
37.00069,40.41928,342.99,0.34,0.56,2023-09-30,934,N,VIIRS,n,2,302.29,2.76,D,0
37.0667,42.79524,345.97,0.51,0.49,2023-09-30,934,N,VIIRS,n,2,306.5,6.49,D,0
37.06747,42.794,344.1,0.51,0.49,2023-09-30,934,N,VIIRS,n,2,305.43,5.26,D,0
37.07784,40.48055,350.0,0.34,0.56,2023-09-30,934,N,VIIRS,n,2,304.74,5.84,D,0
37.07877,40.48424,367.0,0.34,0.56,2023-09-30,934,N,VIIRS,h,2,300.31,5.84,D,0
37.10052,40.67617,332.94,0.33,0.55,2023-09-30,934,N,VIIRS,n,2,298.63,3.54,D,0
37.12853,40.74408,340.0,0.32,0.55,2023-09-30,934,N,VIIRS,n,2,302.6,6.47,D,0
37.13008,40.74236,356.47,0.32,0.55,2023-09-30,934,N,VIIRS,n,2,305.07,2.75,D,0
37.2155,36.8849,336.88,0.51,0.66,2023-09-30,934,N,VIIRS,n,2,294.63,4.39,D,0
37.21604,36.88781,333.94,0.51,0.66,2023-09-30,934,N,VIIRS,n,2,294.06,5.69,D,0
37.33965,37.11239,335.85,0.49,0.65,2023-09-30,934,N,VIIRS,n,2,301.09,4.18,D,0
37.34203,35.93422,334.43,0.56,0.69,2023-09-30,934,N,VIIRS,n,2,292.22,7.36,D,0
37.41618,40.12826,331.07,0.34,0.56,2023-09-30,934,N,VIIRS,n,2,301.04,8.91,D,0
37.41626,40.12562,351.06,0.34,0.56,2023-09-30,934,N,VIIRS,n,2,304.15,5.66,D,0
37.41712,40.132,367.0,0.34,0.56,2023-09-30,934,N,VIIRS,h,2,309.96,8.91,D,0
37.41723,40.12938,355.6,0.34,0.56,2023-09-30,934,N,VIIRS,n,2,303.69,12.98,D,0
37.41818,40.13308,367.0,0.34,0.56,2023-09-30,934,N,VIIRS,h,2,304.44,12.98,D,0
37.42029,40.1227,367.0,0.34,0.56,2023-09-30,934,N,VIIRS,h,2,301.14,7.92,D,0
37.42123,40.12643,346.51,0.34,0.56,2023-09-30,934,N,VIIRS,n,2,302.0,8.91,D,0
37.42131,40.12383,367.0,0.34,0.56,2023-09-30,934,N,VIIRS,h,2,301.28,5.66,D,0
37.49147,39.07422,344.44,0.39,0.59,2023-09-30,934,N,VIIRS,n,2,306.96,4.15,D,0
37.50307,39.23283,336.69,0.38,0.59,2023-09-30,934,N,VIIRS,n,2,302.16,2.91,D,0
37.50492,39.23282,338.34,0.38,0.59,2023-09-30,934,N,VIIRS,n,2,302.31,2.4,D,0
37.5079,39.36123,334.97,0.37,0.58,2023-09-30,934,N,VIIRS,n,2,304.16,5.11,D,0
37.53247,39.5206,333.66,0.37,0.58,2023-09-30,934,N,VIIRS,n,2,302.03,1.32,D,0
37.53466,38.02874,352.83,0.44,0.62,2023-09-30,934,N,VIIRS,n,2,303.4,4.51,D,0
37.53502,38.03245,338.59,0.44,0.62,2023-09-30,934,N,VIIRS,n,2,306.79,7.84,D,0
37.57854,37.89697,337.51,0.44,0.63,2023-09-30,934,N,VIIRS,n,2,305.73,4.68,D,0
37.58434,37.8955,333.02,0.44,0.63,2023-09-30,934,N,VIIRS,n,2,302.81,1.64,D,0
37.58739,39.08441,334.0,0.39,0.59,2023-09-30,934,N,VIIRS,n,2,304.56,1.91,D,0
37.61389,38.07038,341.79,0.43,0.62,2023-09-30,934,N,VIIRS,n,2,305.97,3.13,D,0
37.6193,39.25054,367.0,0.38,0.59,2023-09-30,934,N,VIIRS,h,2,305.62,5.53,D,0
37.62079,39.25035,367.0,0.38,0.58,2023-09-30,934,N,VIIRS,h,2,306.05,9.36,D,0
37.62399,38.10723,337.19,0.43,0.62,2023-09-30,934,N,VIIRS,n,2,302.95,3.15,D,0
37.63684,39.51441,347.13,0.37,0.58,2023-09-30,934,N,VIIRS,n,2,311.87,13.5,D,0
37.63791,39.51852,367.0,0.36,0.58,2023-09-30,934,N,VIIRS,h,2,308.58,27.53,D,0
37.63912,38.88196,339.35,0.39,0.6,2023-09-30,934,N,VIIRS,n,2,301.49,4.21,D,0
37.64032,38.88647,344.22,0.39,0.6,2023-09-30,934,N,VIIRS,n,2,301.25,4.21,D,0
37.64035,38.88505,367.0,0.39,0.6,2023-09-30,934,N,VIIRS,h,2,302.16,9.25,D,0
37.65989,39.55927,367.0,0.36,0.58,2023-09-30,934,N,VIIRS,h,2,306.16,5.29,D,0
37.66455,39.17618,344.54,0.38,0.59,2023-09-30,934,N,VIIRS,n,2,306.49,2.77,D,0
37.66568,39.18043,337.28,0.38,0.59,2023-09-30,934,N,VIIRS,n,2,305.46,2.77,D,0
37.66984,38.77594,338.81,0.4,0.6,2023-09-30,934,N,VIIRS,n,2,303.23,4.47,D,0
37.70192,38.32637,338.55,0.42,0.61,2023-09-30,934,N,VIIRS,n,2,302.64,3.65,D,0
37.78152,38.90758,352.76,0.39,0.59,2023-09-30,934,N,VIIRS,n,2,305.92,8.7,D,0
37.78242,38.99759,349.44,0.38,0.59,2023-09-30,934,N,VIIRS,n,2,300.23,15.58,D,0
37.78265,39.00197,367.0,0.38,0.59,2023-09-30,934,N,VIIRS,h,2,304.09,28.64,D,0
37.78271,38.912,331.35,0.39,0.59,2023-09-30,934,N,VIIRS,n,2,302.68,8.1,D,0
37.78356,39.00182,367.0,0.38,0.59,2023-09-30,934,N,VIIRS,h,2,302.67,15.58,D,0
37.8435,38.85491,367.0,0.39,0.59,2023-09-30,934,N,VIIRS,h,2,308.94,13.89,D,0
37.84458,38.85896,367.0,0.39,0.59,2023-09-30,934,N,VIIRS,h,2,307.7,8.24,D,0
37.84985,38.85681,338.22,0.39,0.59,2023-09-30,934,N,VIIRS,n,2,302.93,8.24,D,0
37.89577,40.52423,336.03,0.32,0.54,2023-09-30,934,N,VIIRS,n,2,305.32,1.73,D,0
37.91216,40.39737,367.0,0.32,0.55,2023-09-30,934,N,VIIRS,h,2,319.65,50.75,D,0
37.94184,41.46889,350.65,0.57,0.52,2023-09-30,934,N,VIIRS,n,2,310.44,13.28,D,0
37.95604,41.73708,341.65,0.55,0.51,2023-09-30,934,N,VIIRS,n,2,304.91,6.56,D,0
37.98207,40.21281,341.19,0.33,0.55,2023-09-30,934,N,VIIRS,n,2,305.99,5.37,D,0
37.98323,40.9381,337.78,0.6,0.53,2023-09-30,934,N,VIIRS,n,2,310.1,4.15,D,0
37.98645,40.21657,337.59,0.33,0.55,2023-09-30,934,N,VIIRS,n,2,302.46,4.39,D,0
37.98736,40.22011,334.43,0.33,0.55,2023-09-30,934,N,VIIRS,n,2,302.94,3.39,D,0
37.9888,40.21806,344.22,0.33,0.55,2023-09-30,934,N,VIIRS,n,2,303.07,5.67,D,0
37.98952,40.68798,343.64,0.62,0.54,2023-09-30,934,N,VIIRS,n,2,309.29,8.77,D,0
37.98975,40.68893,345.88,0.62,0.54,2023-09-30,934,N,VIIRS,n,2,309.88,7.0,D,0
38.01048,40.18345,336.25,0.33,0.55,2023-09-30,934,N,VIIRS,n,2,302.96,1.43,D,0
38.0225,41.51167,344.26,0.56,0.52,2023-09-30,934,N,VIIRS,n,2,309.67,6.54,D,0
38.05999,40.37789,342.94,0.32,0.55,2023-09-30,934,N,VIIRS,n,2,308.41,3.08,D,0
38.06127,40.46613,345.41,0.32,0.54,2023-09-30,934,N,VIIRS,n,2,308.6,5.24,D,0
38.08335,40.19328,367.0,0.33,0.55,2023-09-30,934,N,VIIRS,h,2,305.84,9.05,D,0
38.08385,40.17374,340.27,0.33,0.55,2023-09-30,934,N,VIIRS,n,2,302.69,3.16,D,0
38.08423,40.19675,352.06,0.33,0.55,2023-09-30,934,N,VIIRS,n,2,302.75,8.93,D,0
38.08832,40.19153,348.75,0.33,0.55,2023-09-30,934,N,VIIRS,n,2,307.57,22.76,D,0
38.08917,40.19492,367.0,0.33,0.55,2023-09-30,934,N,VIIRS,h,2,300.93,23.26,D,0
38.12277,40.50001,338.02,0.63,0.54,2023-09-30,934,N,VIIRS,n,2,306.7,3.03,D,0
38.13394,39.85833,337.49,0.34,0.56,2023-09-30,934,N,VIIRS,n,2,306.31,2.39,D,0
38.16151,40.29725,342.46,0.32,0.55,2023-09-30,934,N,VIIRS,n,2,307.14,2.59,D,0
38.17088,40.37648,337.28,0.32,0.55,2023-09-30,934,N,VIIRS,n,2,306.29,1.91,D,0
38.17181,40.38016,343.43,0.32,0.55,2023-09-30,934,N,VIIRS,n,2,307.11,1.91,D,0
38.1881,40.5495,349.47,0.63,0.54,2023-09-30,934,N,VIIRS,n,2,307.1,16.17,D,0
38.1883,40.55058,367.0,0.63,0.54,2023-09-30,934,N,VIIRS,h,2,307.35,13.43,D,0
38.20567,40.61896,338.5,0.62,0.54,2023-09-30,934,N,VIIRS,n,2,305.86,3.2,D,0
38.29858,37.96758,339.0,0.42,0.61,2023-09-30,934,N,VIIRS,n,2,299.4,2.85,D,0
38.30127,37.96735,334.64,0.42,0.61,2023-09-30,934,N,VIIRS,n,2,299.45,2.03,D,0
38.78526,39.92195,339.74,0.33,0.55,2023-09-30,934,N,VIIRS,n,2,306.34,2.33,D,0
38.84793,38.99376,352.27,0.36,0.57,2023-09-30,934,N,VIIRS,n,2,304.39,4.52,D,0
38.93655,38.92828,337.61,0.36,0.58,2023-09-30,934,N,VIIRS,n,2,303.26,2.2,D,0
39.14779,42.25647,342.75,0.49,0.48,2023-09-30,934,N,VIIRS,n,2,309.3,5.21,D,0
39.14823,42.25283,341.85,0.49,0.48,2023-09-30,934,N,VIIRS,n,2,305.09,6.31,D,0
39.16353,42.14246,333.16,0.49,0.49,2023-09-30,934,N,VIIRS,n,2,305.05,2.28,D,0
39.17329,42.10308,338.81,0.49,0.49,2023-09-30,934,N,VIIRS,n,2,307.49,4.77,D,0
39.17762,42.10138,346.3,0.49,0.49,2023-09-30,934,N,VIIRS,n,2,305.52,20.96,D,0
40.1409,44.23794,334.78,0.56,0.43,2023-09-30,934,N,VIIRS,n,2,304.52,3.82,D,0
38.53839,34.47986,333.69,0.62,0.71,2023-09-30,935,N,VIIRS,n,2,297.24,4.95,D,0
38.54168,34.47629,333.9,0.62,0.71,2023-09-30,935,N,VIIRS,n,2,296.93,4.29,D,0
38.89261,36.68356,335.69,0.47,0.64,2023-09-30,935,N,VIIRS,n,2,293.37,2.07,D,0
39.00659,34.55962,338.05,0.59,0.7,2023-09-30,935,N,VIIRS,n,2,295.88,9.09,D,0
39.00764,34.5611,332.11,0.6,0.7,2023-09-30,935,N,VIIRS,n,2,296.29,6.7,D,0
39.15622,36.90786,333.73,0.45,0.63,2023-09-30,935,N,VIIRS,n,2,291.77,5.18,D,0
39.16368,36.02145,342.41,0.5,0.66,2023-09-30,935,N,VIIRS,n,2,296.65,2.67,D,0
39.19716,36.85296,350.6,0.45,0.63,2023-09-30,935,N,VIIRS,n,2,294.0,5.24,D,0
39.20282,36.85076,350.57,0.45,0.63,2023-09-30,935,N,VIIRS,n,2,293.49,7.65,D,0
39.55359,35.05205,340.66,0.54,0.68,2023-09-30,935,N,VIIRS,n,2,294.35,4.79,D,0
40.50406,43.70608,336.31,0.39,0.44,2023-09-30,935,N,VIIRS,n,2,303.16,3.24,D,0
40.82143,35.40719,327.68,0.48,0.65,2023-09-30,935,N,VIIRS,n,2,292.32,1.86,D,0
41.06939,43.56493,339.72,0.38,0.43,2023-09-30,935,N,VIIRS,n,2,296.28,5.51,D,0
41.07029,43.56918,333.96,0.38,0.43,2023-09-30,935,N,VIIRS,n,2,294.94,10.84,D,0
41.49084,43.44416,329.66,0.57,0.43,2023-09-30,935,N,VIIRS,n,2,302.91,2.82,D,0
35.74427,37.07603,345.92,0.34,0.56,2023-09-30,1114,N,VIIRS,n,2,301.96,3.11,D,0
35.94451,40.34557,345.69,0.53,0.67,2023-09-30,1114,N,VIIRS,n,2,299.22,5.01,D,0
35.94474,40.35159,337.1,0.53,0.67,2023-09-30,1114,N,VIIRS,n,2,298.79,5.01,D,0
36.08959,39.00315,367.0,0.44,0.63,2023-09-30,1114,N,VIIRS,h,2,300.46,5.67,D,0
36.08984,39.00822,342.21,0.44,0.63,2023-09-30,1114,N,VIIRS,n,2,298.74,5.67,D,0
36.09544,39.00274,335.01,0.44,0.63,2023-09-30,1114,N,VIIRS,n,2,297.84,5.67,D,0
36.09569,39.00782,344.22,0.44,0.63,2023-09-30,1114,N,VIIRS,n,2,298.99,5.67,D,0
36.18,42.20403,342.45,0.67,0.73,2023-09-30,1114,N,VIIRS,n,2,298.86,4.08,D,0
36.18013,42.20366,345.2,0.67,0.74,2023-09-30,1114,N,VIIRS,n,2,298.3,7.91,D,0
36.26248,38.51057,348.57,0.42,0.61,2023-09-30,1114,N,VIIRS,n,2,298.08,4.07,D,0
36.3869,37.2743,331.84,0.36,0.57,2023-09-30,1114,N,VIIRS,n,2,298.6,2.15,D,0
36.39222,37.27369,337.36,0.36,0.57,2023-09-30,1114,N,VIIRS,n,2,297.33,2.89,D,0
36.42705,36.51996,340.33,0.32,0.55,2023-09-30,1114,N,VIIRS,n,2,293.22,2.5,D,0
36.42898,36.51838,342.69,0.32,0.55,2023-09-30,1114,N,VIIRS,n,2,295.05,1.45,D,0
36.478,38.64809,333.99,0.43,0.62,2023-09-30,1114,N,VIIRS,n,2,299.44,3.34,D,0
36.54342,38.5736,339.05,0.42,0.61,2023-09-30,1114,N,VIIRS,n,2,298.82,3.05,D,0
36.54392,38.5742,345.7,0.42,0.61,2023-09-30,1114,N,VIIRS,n,2,299.32,3.32,D,0
36.59702,38.59972,330.23,0.43,0.62,2023-09-30,1114,N,VIIRS,n,2,299.31,1.68,D,0
36.64391,43.31657,335.71,0.77,0.78,2023-09-30,1114,N,VIIRS,n,2,302.92,5.71,D,0
36.70065,38.24471,336.83,0.41,0.6,2023-09-30,1114,N,VIIRS,n,2,296.41,3.05,D,0
36.70089,38.24929,333.49,0.41,0.6,2023-09-30,1114,N,VIIRS,n,2,297.64,3.05,D,0
36.72673,38.41483,330.91,0.42,0.61,2023-09-30,1114,N,VIIRS,n,2,296.96,2.84,D,0
36.72861,38.13617,346.97,0.4,0.6,2023-09-30,1114,N,VIIRS,n,2,294.81,9.77,D,0
36.75159,41.97581,340.98,0.65,0.73,2023-09-30,1114,N,VIIRS,n,2,303.75,7.19,D,0
36.75217,41.97535,340.37,0.66,0.73,2023-09-30,1114,N,VIIRS,n,2,302.98,6.8,D,0
36.76862,37.59058,342.67,0.38,0.58,2023-09-30,1114,N,VIIRS,n,2,294.23,4.41,D,0
36.77583,43.32182,337.65,0.78,0.78,2023-09-30,1114,N,VIIRS,n,2,302.37,7.24,D,2
36.9078,43.39597,339.14,0.79,0.78,2023-09-30,1114,N,VIIRS,n,2,296.96,4.13,D,2
36.90809,43.39172,331.11,0.79,0.78,2023-09-30,1114,N,VIIRS,n,2,297.02,5.52,D,2
36.92004,40.2669,331.2,0.53,0.67,2023-09-30,1114,N,VIIRS,n,2,297.83,4.46,D,0
37.07489,42.43293,345.01,0.7,0.75,2023-09-30,1114,N,VIIRS,n,2,307.2,5.02,D,0
37.07745,42.43401,345.56,0.7,0.75,2023-09-30,1114,N,VIIRS,n,2,307.36,7.98,D,0
37.47393,39.13535,348.01,0.46,0.64,2023-09-30,1114,N,VIIRS,n,2,302.33,3.73,D,0
36.94666,27.13298,335.11,0.39,0.36,2023-09-30,1115,N,VIIRS,n,2,301.27,4.68,D,0
37.57578,38.01492,340.44,0.4,0.6,2023-09-30,1115,N,VIIRS,n,2,306.08,5.15,D,0
37.59938,39.21138,348.35,0.47,0.64,2023-09-30,1115,N,VIIRS,n,2,304.9,5.93,D,0
37.60131,39.21268,341.77,0.47,0.64,2023-09-30,1115,N,VIIRS,n,2,303.94,6.54,D,0
37.60447,39.33132,367.0,0.48,0.64,2023-09-30,1115,N,VIIRS,h,2,304.37,17.96,D,0
37.60553,39.3273,333.91,0.48,0.64,2023-09-30,1115,N,VIIRS,n,2,301.26,5.18,D,0
37.60573,39.33287,348.76,0.48,0.64,2023-09-30,1115,N,VIIRS,n,2,300.62,9.71,D,0
37.61829,39.23219,342.8,0.47,0.64,2023-09-30,1115,N,VIIRS,n,2,302.82,8.45,D,0
37.61852,39.23754,353.09,0.47,0.64,2023-09-30,1115,N,VIIRS,n,2,302.99,8.45,D,0
37.6201,39.23351,367.0,0.47,0.64,2023-09-30,1115,N,VIIRS,h,2,304.69,8.23,D,0
37.62031,39.23885,335.68,0.47,0.64,2023-09-30,1115,N,VIIRS,n,2,301.38,8.23,D,0
37.6286,39.47399,330.87,0.48,0.65,2023-09-30,1115,N,VIIRS,n,2,304.56,10.13,D,0
37.63065,38.26449,367.0,0.42,0.61,2023-09-30,1115,N,VIIRS,h,2,300.58,7.91,D,0
37.63304,39.43496,352.97,0.48,0.65,2023-09-30,1115,N,VIIRS,n,2,310.62,35.45,D,0
37.63327,39.44049,344.07,0.48,0.65,2023-09-30,1115,N,VIIRS,n,2,301.53,25.57,D,0
37.63351,39.43095,352.83,0.48,0.65,2023-09-30,1115,N,VIIRS,n,2,303.29,21.62,D,0
37.63371,39.43652,367.0,0.48,0.65,2023-09-30,1115,N,VIIRS,h,2,312.41,21.62,D,0
37.63459,38.11544,336.91,0.41,0.6,2023-09-30,1115,N,VIIRS,n,2,305.84,4.62,D,0
37.63467,39.4737,367.0,0.48,0.65,2023-09-30,1115,N,VIIRS,h,2,306.81,10.13,D,0
37.6348,38.11976,350.89,0.41,0.61,2023-09-30,1115,N,VIIRS,n,2,306.62,7.08,D,0
37.63493,39.46975,367.0,0.49,0.65,2023-09-30,1115,N,VIIRS,h,2,305.18,11.13,D,0
37.63513,39.4753,347.95,0.49,0.65,2023-09-30,1115,N,VIIRS,n,2,304.31,13.69,D,0
37.63909,39.43471,367.0,0.48,0.65,2023-09-30,1115,N,VIIRS,h,2,304.36,18.25,D,0
37.63933,39.44024,346.67,0.48,0.65,2023-09-30,1115,N,VIIRS,n,2,303.78,15.5,D,0
37.63977,39.43624,352.21,0.48,0.65,2023-09-30,1115,N,VIIRS,n,2,303.78,21.62,D,0
37.65659,39.56264,349.76,0.49,0.65,2023-09-30,1115,N,VIIRS,n,2,302.62,8.71,D,0
37.67674,39.01065,343.17,0.46,0.63,2023-09-30,1115,N,VIIRS,n,2,303.34,5.56,D,0
37.68411,39.64539,348.92,0.5,0.66,2023-09-30,1115,N,VIIRS,n,2,301.92,5.28,D,0
37.72314,38.48848,349.29,0.43,0.62,2023-09-30,1115,N,VIIRS,n,2,305.82,18.44,D,0
37.7234,38.49414,367.0,0.43,0.62,2023-09-30,1115,N,VIIRS,h,2,314.73,18.44,D,0
37.72915,38.49342,350.71,0.43,0.62,2023-09-30,1115,N,VIIRS,n,2,301.62,18.44,D,0
37.73094,38.40743,352.38,0.42,0.61,2023-09-30,1115,N,VIIRS,n,2,308.66,6.48,D,0
37.76262,38.84994,354.08,0.45,0.63,2023-09-30,1115,N,VIIRS,n,2,304.27,7.1,D,0
37.76285,38.85529,339.3,0.45,0.63,2023-09-30,1115,N,VIIRS,n,2,302.28,7.43,D,0
37.77085,39.49764,349.28,0.49,0.65,2023-09-30,1115,N,VIIRS,n,2,301.89,7.84,D,0
37.78412,38.55362,339.83,0.43,0.62,2023-09-30,1115,N,VIIRS,n,2,305.45,3.19,D,0
37.79049,41.63136,335.3,0.64,0.72,2023-09-30,1115,N,VIIRS,n,2,303.52,11.66,D,0
37.79525,41.63543,344.49,0.64,0.72,2023-09-30,1115,N,VIIRS,n,2,303.41,9.68,D,0
37.79622,38.4459,336.59,0.43,0.62,2023-09-30,1115,N,VIIRS,n,2,306.43,4.08,D,0
37.84314,41.55521,352.06,0.63,0.72,2023-09-30,1115,N,VIIRS,n,2,303.09,16.23,D,0
37.84328,41.56247,367.0,0.63,0.72,2023-09-30,1115,N,VIIRS,h,2,306.47,16.23,D,0
37.89546,40.52482,338.57,0.56,0.68,2023-09-30,1115,N,VIIRS,n,2,302.74,4.35,D,0
37.98405,40.94321,335.24,0.59,0.7,2023-09-30,1115,N,VIIRS,n,2,305.47,3.84,D,0
37.99563,40.64566,352.0,0.56,0.69,2023-09-30,1115,N,VIIRS,n,2,304.25,12.44,D,0
37.99637,40.64433,367.0,0.56,0.69,2023-09-30,1115,N,VIIRS,h,2,305.2,10.52,D,0
38.00884,40.18418,347.35,0.53,0.67,2023-09-30,1115,N,VIIRS,n,2,300.44,6.52,D,0
38.05772,40.75697,335.95,0.57,0.69,2023-09-30,1115,N,VIIRS,n,2,304.07,2.48,D,0
38.1234,40.55688,339.86,0.56,0.69,2023-09-30,1115,N,VIIRS,n,2,304.18,3.77,D,0
38.54985,36.12841,339.53,0.32,0.55,2023-09-30,1115,N,VIIRS,n,2,299.25,2.83,D,0
38.66291,29.44312,330.49,0.46,0.39,2023-09-30,1115,N,VIIRS,n,2,298.94,2.01,D,0
38.741,26.94836,335.49,0.39,0.36,2023-09-30,1115,N,VIIRS,n,2,301.88,3.56,D,2
38.90212,38.79567,332.87,0.46,0.63,2023-09-30,1115,N,VIIRS,n,2,300.18,5.32,D,0
39.14683,34.74847,336.25,0.55,0.51,2023-09-30,1115,N,VIIRS,n,2,296.21,2.84,D,0
40.31108,33.87741,338.01,0.51,0.49,2023-09-30,1115,N,VIIRS,n,2,300.05,1.62,D,0
40.8678,26.25231,343.39,0.39,0.36,2023-09-30,1116,N,VIIRS,n,2,301.04,15.72,D,0
40.86845,26.25697,332.66,0.39,0.36,2023-09-30,1116,N,VIIRS,n,2,298.82,15.72,D,0
40.87113,26.25151,334.58,0.39,0.36,2023-09-30,1116,N,VIIRS,n,2,295.84,5.97,D,0
42.29742,25.98603,332.24,0.4,0.37,2023-09-30,1116,N,VIIRS,n,2,301.85,2.41,D,0
42.32346,25.99933,342.77,0.4,0.37,2023-09-30,1116,N,VIIRS,n,2,302.04,13.5,D,0
42.39643,25.95136,335.22,0.4,0.37,2023-09-30,1116,N,VIIRS,n,2,302.25,2.62,D,0
35.52479,44.34367,320.92,0.59,0.7,2023-09-30,2154,N,VIIRS,n,2,289.49,2.55,N,2
35.52502,44.33672,307.75,0.59,0.7,2023-09-30,2154,N,VIIRS,n,2,289.56,3.18,N,2
35.5254,44.11514,304.63,0.61,0.71,2023-09-30,2154,N,VIIRS,n,2,288.5,4.06,N,0
35.53159,44.33728,337.14,0.59,0.7,2023-09-30,2154,N,VIIRS,n,2,290.51,5.57,N,2
35.53183,44.12259,303.34,0.61,0.71,2023-09-30,2154,N,VIIRS,n,2,288.14,4.09,N,0
35.53205,44.11559,332.79,0.61,0.71,2023-09-30,2154,N,VIIRS,n,2,289.34,4.06,N,0
35.62479,44.00809,309.96,0.62,0.71,2023-09-30,2154,N,VIIRS,n,2,290.16,1.29,N,2
35.63149,44.0082,317.1,0.62,0.71,2023-09-30,2154,N,VIIRS,n,2,290.18,1.66,N,2
35.68254,43.8754,339.02,0.63,0.72,2023-09-30,2154,N,VIIRS,n,2,290.52,4.87,N,2
35.68461,43.87411,334.7,0.63,0.72,2023-09-30,2154,N,VIIRS,n,2,290.63,5.1,N,2
35.69933,43.984,301.59,0.62,0.71,2023-09-30,2154,N,VIIRS,n,2,288.26,0.56,N,0
35.72715,44.04265,309.49,0.61,0.71,2023-09-30,2154,N,VIIRS,n,2,289.66,2.26,N,2
35.72736,44.0355,312.02,0.61,0.71,2023-09-30,2154,N,VIIRS,n,2,289.87,2.26,N,2
35.72757,44.02817,304.21,0.62,0.71,2023-09-30,2154,N,VIIRS,n,2,289.38,2.58,N,2
35.76876,43.99599,302.1,0.62,0.71,2023-09-30,2154,N,VIIRS,n,2,289.39,0.66,N,2
35.77083,43.99345,307.85,0.62,0.71,2023-09-30,2154,N,VIIRS,n,2,289.41,1.13,N,2
35.91986,43.79017,299.01,0.64,0.72,2023-09-30,2154,N,VIIRS,n,2,288.59,1.08,N,0
35.92491,43.79184,309.9,0.64,0.72,2023-09-30,2154,N,VIIRS,n,2,288.97,1.68,N,2
35.92663,43.79082,308.43,0.64,0.72,2023-09-30,2154,N,VIIRS,n,2,289.36,1.08,N,2
35.9681,43.76322,301.31,0.64,0.72,2023-09-30,2154,N,VIIRS,n,2,290.06,2.77,N,2
35.98151,43.77,317.03,0.64,0.72,2023-09-30,2154,N,VIIRS,n,2,290.63,2.69,N,2
35.98259,43.76715,316.8,0.64,0.72,2023-09-30,2154,N,VIIRS,n,2,290.56,2.63,N,2
35.9953,43.76294,301.45,0.64,0.72,2023-09-30,2154,N,VIIRS,n,2,288.59,1.62,N,2
35.99635,43.7601,310.73,0.64,0.72,2023-09-30,2154,N,VIIRS,n,2,289.31,1.44,N,2
36.01804,43.68164,327.05,0.65,0.73,2023-09-30,2154,N,VIIRS,n,2,290.94,3.17,N,2
36.01847,43.68631,303.78,0.65,0.73,2023-09-30,2154,N,VIIRS,n,2,289.77,2.31,N,2
36.01865,43.67862,314.18,0.65,0.73,2023-09-30,2154,N,VIIRS,n,2,289.81,3.74,N,2
36.12498,43.78082,302.56,0.64,0.72,2023-09-30,2154,N,VIIRS,n,2,288.76,0.97,N,2
36.12668,43.77595,305.09,0.64,0.72,2023-09-30,2154,N,VIIRS,n,2,288.86,2.43,N,0
36.77487,43.32824,308.41,0.68,0.74,2023-09-30,2154,N,VIIRS,n,2,286.34,3.04,N,2
36.77502,43.31993,317.79,0.68,0.74,2023-09-30,2154,N,VIIRS,n,2,286.21,4.68,N,2
36.87969,43.56531,298.37,0.66,0.73,2023-09-30,2154,N,VIIRS,n,2,284.84,0.77,N,0
36.87988,43.55603,299.11,0.66,0.73,2023-09-30,2154,N,VIIRS,n,2,284.93,0.77,N,0
36.90403,43.38779,305.61,0.68,0.74,2023-09-30,2154,N,VIIRS,n,2,284.6,4.75,N,2
36.90419,43.37939,315.65,0.68,0.74,2023-09-30,2154,N,VIIRS,n,2,284.51,6.88,N,2
36.93637,42.1289,309.75,0.79,0.78,2023-09-30,2154,N,VIIRS,n,2,286.09,2.1,N,2
36.93697,42.13305,302.24,0.79,0.78,2023-09-30,2154,N,VIIRS,n,2,286.1,1.87,N,2
36.93706,42.12359,296.86,0.79,0.78,2023-09-30,2154,N,VIIRS,n,2,285.65,2.23,N,2
36.94355,42.16572,299.96,0.79,0.78,2023-09-30,2154,N,VIIRS,n,2,285.14,1.07,N,2
36.94396,42.16971,301.84,0.79,0.78,2023-09-30,2154,N,VIIRS,n,2,285.43,0.95,N,2
36.33274,43.76282,303.14,0.59,0.53,2023-09-30,2334,N,VIIRS,n,2,289.93,1.26,N,2
36.71485,43.47525,300.79,0.56,0.51,2023-09-30,2334,N,VIIRS,n,2,286.58,0.88,N,0
36.72084,42.59598,300.34,0.5,0.49,2023-09-30,2334,N,VIIRS,n,2,289.55,0.39,N,2
36.77639,43.32265,340.04,0.55,0.51,2023-09-30,2334,N,VIIRS,n,2,290.12,5.92,N,2
36.87649,43.5581,304.98,0.56,0.51,2023-09-30,2334,N,VIIRS,n,2,286.15,2.89,N,0
36.87975,43.56541,317.33,0.56,0.51,2023-09-30,2334,N,VIIRS,n,2,288.09,2.21,N,0
36.88023,43.56564,313.1,0.56,0.51,2023-09-30,2334,N,VIIRS,n,2,287.83,2.69,N,0
36.88113,43.55961,310.86,0.56,0.51,2023-09-30,2334,N,VIIRS,n,2,287.11,2.21,N,0
36.88165,43.55986,305.57,0.56,0.51,2023-09-30,2334,N,VIIRS,n,2,286.94,1.69,N,0
36.9054,43.3943,305.52,0.55,0.51,2023-09-30,2334,N,VIIRS,n,2,281.86,1.61,N,2
36.90686,43.38808,306.48,0.55,0.51,2023-09-30,2334,N,VIIRS,n,2,281.63,1.61,N,2
36.91356,41.89317,302.79,0.46,0.47,2023-09-30,2334,N,VIIRS,n,2,285.06,0.81,N,2
36.93373,42.13299,312.53,0.47,0.48,2023-09-30,2334,N,VIIRS,n,2,287.84,0.92,N,2
36.938,42.13448,312.34,0.47,0.48,2023-09-30,2334,N,VIIRS,n,2,289.63,0.92,N,2
36.9437,42.17035,316.14,0.47,0.48,2023-09-30,2334,N,VIIRS,n,2,289.68,1.9,N,2
36.99609,41.56145,310.21,0.44,0.46,2023-09-30,2334,N,VIIRS,n,2,289.32,0.99,N,2
36.99726,42.79767,297.45,0.51,0.49,2023-09-30,2334,N,VIIRS,n,2,285.99,1.47,N,0
37.12762,42.29504,299.53,0.47,0.48,2023-09-30,2334,N,VIIRS,n,2,287.43,0.22,N,0
37.17474,43.95356,299.13,0.58,0.52,2023-09-30,2334,N,VIIRS,n,2,282.83,0.77,N,0
37.60434,38.03437,301.93,0.45,0.39,2023-09-30,2334,N,VIIRS,n,2,287.18,1.11,N,0
37.61794,38.32328,306.63,0.46,0.39,2023-09-30,2334,N,VIIRS,n,2,288.27,0.47,N,0
37.69535,38.13177,317.75,0.45,0.39,2023-09-30,2334,N,VIIRS,n,2,288.09,1.73,N,0
37.69581,40.46644,295.36,0.56,0.43,2023-09-30,2334,N,VIIRS,n,2,283.41,0.21,N,0
37.70628,38.17248,343.41,0.45,0.39,2023-09-30,2334,N,VIIRS,n,2,289.43,6.76,N,0
37.70887,38.1785,308.14,0.45,0.39,2023-09-30,2334,N,VIIRS,n,2,287.38,1.3,N,0
37.7098,38.17349,323.21,0.45,0.39,2023-09-30,2334,N,VIIRS,n,2,288.52,3.1,N,0
37.71173,38.08405,302.55,0.45,0.39,2023-09-30,2334,N,VIIRS,n,2,287.82,0.59,N,0
37.71267,38.07904,298.89,0.45,0.39,2023-09-30,2334,N,VIIRS,n,2,286.85,0.23,N,0
37.71461,37.91086,301.27,0.44,0.39,2023-09-30,2334,N,VIIRS,n,2,287.42,0.63,N,0
37.71526,38.08502,300.52,0.45,0.39,2023-09-30,2334,N,VIIRS,n,2,288.25,0.59,N,0
37.71554,37.9059,299.28,0.44,0.39,2023-09-30,2334,N,VIIRS,n,2,287.0,0.63,N,0
37.71733,38.43752,298.23,0.46,0.39,2023-09-30,2334,N,VIIRS,n,2,286.09,0.6,N,0
37.73642,38.51475,300.23,0.46,0.39,2023-09-30,2334,N,VIIRS,n,2,286.72,0.56,N,0
37.7492,38.34933,305.87,0.46,0.39,2023-09-30,2334,N,VIIRS,n,2,285.18,0.97,N,0
37.75015,38.34436,301.68,0.46,0.39,2023-09-30,2334,N,VIIRS,n,2,282.77,0.77,N,0
37.75277,38.35026,302.39,0.46,0.39,2023-09-30,2334,N,VIIRS,n,2,285.9,0.97,N,0
37.75878,38.51723,299.92,0.46,0.39,2023-09-30,2334,N,VIIRS,n,2,287.18,0.61,N,0
37.7588,38.51598,298.91,0.46,0.39,2023-09-30,2334,N,VIIRS,n,2,287.22,0.58,N,0
37.7696,38.12428,303.85,0.45,0.39,2023-09-30,2334,N,VIIRS,n,2,287.01,0.8,N,0
37.7703,40.94733,305.88,0.39,0.44,2023-09-30,2334,N,VIIRS,n,2,286.24,1.96,N,0
37.7716,40.80299,306.4,0.39,0.44,2023-09-30,2334,N,VIIRS,n,2,288.47,1.32,N,0
37.88614,40.5376,301.26,0.56,0.43,2023-09-30,2334,N,VIIRS,n,2,284.94,1.73,N,0
37.89133,40.53253,302.21,0.56,0.43,2023-09-30,2334,N,VIIRS,n,2,285.92,1.89,N,0
37.89634,41.48627,297.31,0.42,0.45,2023-09-30,2334,N,VIIRS,n,2,282.56,1.96,N,0
37.92847,41.6255,307.1,0.42,0.45,2023-09-30,2334,N,VIIRS,n,2,286.02,1.89,N,0
37.95196,40.97137,305.0,0.39,0.44,2023-09-30,2334,N,VIIRS,n,2,286.26,0.84,N,0
37.95284,40.9477,299.18,0.39,0.44,2023-09-30,2334,N,VIIRS,n,2,286.12,1.15,N,0
37.97068,40.8844,300.88,0.39,0.44,2023-09-30,2334,N,VIIRS,n,2,286.21,1.18,N,0
37.98637,41.60124,298.38,0.42,0.45,2023-09-30,2334,N,VIIRS,n,2,283.38,1.35,N,0
38.02314,40.9948,301.74,0.39,0.44,2023-09-30,2334,N,VIIRS,n,2,284.51,0.82,N,0
38.02404,40.99051,296.83,0.39,0.44,2023-09-30,2334,N,VIIRS,n,2,284.07,0.82,N,0
38.02708,40.99612,310.95,0.39,0.44,2023-09-30,2334,N,VIIRS,n,2,283.87,2.54,N,0
38.02799,40.99185,338.46,0.39,0.44,2023-09-30,2334,N,VIIRS,n,2,284.9,2.54,N,0
38.02808,40.99422,323.27,0.39,0.44,2023-09-30,2334,N,VIIRS,n,2,284.6,2.23,N,0
38.02888,40.98761,307.42,0.39,0.44,2023-09-30,2334,N,VIIRS,n,2,282.13,2.04,N,0
38.029,40.98999,333.89,0.39,0.44,2023-09-30,2334,N,VIIRS,n,2,284.65,2.23,N,0
38.03193,40.9932,324.79,0.39,0.44,2023-09-30,2334,N,VIIRS,n,2,284.82,2.54,N,0
38.03203,40.99557,307.37,0.39,0.44,2023-09-30,2334,N,VIIRS,n,2,283.38,2.23,N,0
38.03294,40.99134,308.84,0.39,0.44,2023-09-30,2334,N,VIIRS,n,2,283.75,2.23,N,0
38.13841,40.63615,300.88,0.56,0.43,2023-09-30,2334,N,VIIRS,n,2,286.34,0.91,N,0
38.45595,38.72938,302.75,0.46,0.39,2023-09-30,2334,N,VIIRS,n,2,289.57,1.06,N,2
38.88307,37.89782,297.57,0.43,0.38,2023-09-30,2334,N,VIIRS,n,2,284.81,0.59,N,2
39.18002,42.47175,314.45,0.44,0.46,2023-09-30,2334,N,VIIRS,n,2,271.32,1.97,N,0
39.20501,42.38066,298.34,0.43,0.46,2023-09-30,2334,N,VIIRS,n,2,270.66,0.88,N,0
39.86586,26.2426,304.84,0.51,0.5,2023-09-30,2334,N,VIIRS,n,2,288.53,1.47,N,2
41.63074,27.68612,297.4,0.45,0.47,2023-09-30,2334,N,VIIRS,n,2,279.87,0.96,N,2
41.63759,27.50439,299.28,0.46,0.47,2023-09-30,2334,N,VIIRS,n,2,287.19,1.1,N,2
42.23979,26.07662,300.29,0.55,0.51,2023-09-30,2334,N,VIIRS,n,2,278.3,0.88,N,0
42.28445,26.32176,302.2,0.54,0.51,2023-09-30,2334,N,VIIRS,n,2,283.43,1.05,N,0
42.28585,26.32162,300.48,0.54,0.51,2023-09-30,2334,N,VIIRS,n,2,283.68,1.12,N,0
35.52747,44.34568,305.16,0.33,0.55,2023-09-30,2335,N,VIIRS,n,2,290.47,1.51,N,2
35.52835,44.34217,341.7,0.33,0.55,2023-09-30,2335,N,VIIRS,n,2,292.03,2.31,N,2
35.52923,44.33865,338.08,0.33,0.55,2023-09-30,2335,N,VIIRS,n,2,291.32,2.31,N,2
35.53011,44.12098,308.74,0.32,0.55,2023-09-30,2335,N,VIIRS,n,2,288.62,2.5,N,0
35.5304,44.12201,303.11,0.32,0.55,2023-09-30,2335,N,VIIRS,n,2,288.14,2.86,N,0
35.53098,44.11752,349.28,0.32,0.55,2023-09-30,2335,N,VIIRS,n,2,290.19,2.5,N,0
35.53125,44.11853,367.0,0.32,0.55,2023-09-30,2335,N,VIIRS,h,2,290.98,2.86,N,0
35.53421,44.34039,313.97,0.33,0.55,2023-09-30,2335,N,VIIRS,n,2,290.14,2.31,N,2
35.5351,44.33683,337.95,0.33,0.55,2023-09-30,2335,N,VIIRS,n,2,291.31,4.48,N,2
35.58347,44.2506,306.37,0.33,0.55,2023-09-30,2335,N,VIIRS,n,2,287.81,0.42,N,2
35.60115,44.30101,302.54,0.33,0.55,2023-09-30,2335,N,VIIRS,n,2,291.18,0.77,N,0
35.60279,44.30295,303.82,0.33,0.55,2023-09-30,2335,N,VIIRS,n,2,291.57,0.74,N,0
35.62786,44.00589,320.08,0.63,0.54,2023-09-30,2335,N,VIIRS,n,2,289.72,2.34,N,2
35.63269,44.00779,310.43,0.63,0.54,2023-09-30,2335,N,VIIRS,n,2,289.19,1.48,N,2
35.68513,43.87943,329.34,0.62,0.54,2023-09-30,2335,N,VIIRS,n,2,290.18,3.54,N,2
35.68678,43.87267,309.81,0.62,0.54,2023-09-30,2335,N,VIIRS,n,2,289.93,3.54,N,2
35.7176,43.77302,304.19,0.61,0.53,2023-09-30,2335,N,VIIRS,n,2,292.58,1.77,N,2
35.72505,44.03998,310.59,0.63,0.54,2023-09-30,2335,N,VIIRS,n,2,277.86,1.47,N,2
35.73161,44.03479,299.37,0.63,0.54,2023-09-30,2335,N,VIIRS,n,2,277.72,0.99,N,2
35.77238,43.99759,312.47,0.63,0.54,2023-09-30,2335,N,VIIRS,n,2,284.48,0.95,N,2
35.77335,43.99747,313.91,0.63,0.54,2023-09-30,2335,N,VIIRS,n,2,284.85,1.85,N,2
35.83285,43.22213,306.5,0.57,0.52,2023-09-30,2335,N,VIIRS,n,2,288.71,1.87,N,0
35.92346,43.79168,316.18,0.6,0.53,2023-09-30,2335,N,VIIRS,n,2,291.11,2.75,N,2
35.95191,43.726,304.23,0.6,0.53,2023-09-30,2335,N,VIIRS,n,2,291.11,1.03,N,2
35.95341,43.73198,304.15,0.6,0.53,2023-09-30,2335,N,VIIRS,n,2,291.82,1.51,N,2
35.97076,43.77547,302.93,0.6,0.53,2023-09-30,2335,N,VIIRS,n,2,291.79,2.72,N,2
35.9818,43.77272,318.07,0.6,0.53,2023-09-30,2335,N,VIIRS,n,2,292.08,2.21,N,2
36.01967,43.68121,329.65,0.59,0.53,2023-09-30,2335,N,VIIRS,n,2,293.92,4.34,N,2
36.12654,43.78423,310.72,0.6,0.53,2023-09-30,2335,N,VIIRS,n,2,291.04,1.71,N,2
36.22925,43.64739,315.21,0.58,0.52,2023-09-30,2335,N,VIIRS,n,2,290.51,1.59,N,0
36.26293,33.73127,309.25,0.38,0.36,2023-09-30,2335,N,VIIRS,n,2,291.74,0.57,N,2
36.44128,42.92867,306.0,0.53,0.5,2023-09-30,2335,N,VIIRS,n,2,291.16,1.33,N,2
36.71738,36.20271,324.12,0.41,0.37,2023-09-30,2335,N,VIIRS,n,2,290.97,3.03,N,2
36.72927,36.21532,338.48,0.41,0.37,2023-09-30,2335,N,VIIRS,n,2,291.53,3.62,N,2
36.73005,36.21085,321.4,0.41,0.37,2023-09-30,2335,N,VIIRS,n,2,293.41,3.62,N,2
36.74585,36.201,309.11,0.41,0.37,2023-09-30,2335,N,VIIRS,n,2,291.04,1.03,N,2
36.87075,34.76552,309.8,0.39,0.36,2023-09-30,2335,N,VIIRS,n,2,292.02,1.11,N,2
36.96522,35.45291,301.47,0.39,0.36,2023-09-30,2335,N,VIIRS,n,2,290.11,0.99,N,2
37.02319,36.12746,302.96,0.4,0.37,2023-09-30,2335,N,VIIRS,n,2,288.93,0.54,N,2
37.25452,30.44212,298.59,0.46,0.39,2023-09-30,2335,N,VIIRS,n,2,285.87,1.06,N,2
37.29525,37.158,316.8,0.42,0.38,2023-09-30,2335,N,VIIRS,n,2,290.14,1.7,N,2
37.34769,36.06362,301.5,0.4,0.37,2023-09-30,2335,N,VIIRS,n,2,288.34,0.25,N,0
37.35171,37.16422,309.63,0.42,0.38,2023-09-30,2335,N,VIIRS,n,2,290.12,0.77,N,2
37.8628,29.37326,309.02,0.51,0.41,2023-09-30,2335,N,VIIRS,n,2,286.53,1.96,N,2
38.73337,26.9644,303.12,0.46,0.47,2023-09-30,2335,N,VIIRS,n,2,285.84,1.94,N,2
38.74352,26.94936,310.92,0.46,0.47,2023-09-30,2335,N,VIIRS,n,2,285.36,1.81,N,2
