latitude,longitude,bright_ti4,scan,track,acq_date,acq_time,satellite,instrument,confidence,version,bright_ti5,frp,daynight,type
35.52659,44.34349,367.0,0.33,0.55,2024-08-21,920,N,VIIRS,h,2,317.01,4.9,D,2
35.53063,44.3381,350.2,0.33,0.55,2024-08-21,920,N,VIIRS,n,2,314.82,4.9,D,2
35.53152,44.34171,350.52,0.33,0.55,2024-08-21,920,N,VIIRS,n,2,315.17,4.9,D,2
35.53559,44.33641,349.9,0.33,0.55,2024-08-21,920,N,VIIRS,n,2,314.34,7.98,D,2
35.63006,44.00774,367.0,0.34,0.56,2024-08-21,920,N,VIIRS,h,2,316.16,6.81,D,2
35.63097,44.01144,347.94,0.34,0.56,2024-08-21,920,N,VIIRS,n,2,317.06,6.81,D,2
35.61697,43.57466,355.85,0.36,0.57,2024-08-21,921,N,VIIRS,n,2,322.98,11.1,D,0
35.62684,44.00845,367.0,0.34,0.56,2024-08-21,921,N,VIIRS,h,2,316.43,6.35,D,2
35.62778,44.01212,351.97,0.34,0.56,2024-08-21,921,N,VIIRS,n,2,317.15,6.35,D,2
35.62826,43.51476,367.0,0.36,0.57,2024-08-21,921,N,VIIRS,h,2,321.05,9.02,D,0
35.65957,43.96455,356.06,0.34,0.56,2024-08-21,921,N,VIIRS,n,2,318.7,7.22,D,2
35.6605,43.96823,351.12,0.34,0.56,2024-08-21,921,N,VIIRS,n,2,317.73,7.22,D,2
35.68213,43.87922,343.06,0.34,0.56,2024-08-21,921,N,VIIRS,n,2,314.13,8.04,D,2
35.68625,43.8737,354.67,0.34,0.56,2024-08-21,921,N,VIIRS,n,2,315.09,16.76,D,2
35.68718,43.87741,367.0,0.34,0.56,2024-08-21,921,N,VIIRS,h,2,321.35,16.76,D,2
35.71519,43.61412,348.58,0.35,0.57,2024-08-21,921,N,VIIRS,n,2,314.33,4.32,D,0
35.71617,43.61797,344.98,0.35,0.57,2024-08-21,921,N,VIIRS,n,2,316.85,4.32,D,0
35.72029,43.61223,356.69,0.35,0.57,2024-08-21,921,N,VIIRS,n,2,316.46,16.48,D,0
35.72127,43.61611,367.0,0.35,0.57,2024-08-21,921,N,VIIRS,h,2,318.81,16.48,D,0
35.72255,44.04191,355.03,0.34,0.56,2024-08-21,921,N,VIIRS,n,2,317.01,8.43,D,2
35.77257,43.99542,347.46,0.34,0.56,2024-08-21,921,N,VIIRS,n,2,316.48,2.31,D,2
35.77328,44.2038,344.53,0.33,0.55,2024-08-21,921,N,VIIRS,n,2,311.8,7.7,D,0
35.77415,44.20738,349.14,0.33,0.55,2024-08-21,921,N,VIIRS,n,2,313.26,5.76,D,0
35.77503,44.21096,350.68,0.33,0.55,2024-08-21,921,N,VIIRS,n,2,315.56,5.76,D,0
35.7791,44.20562,367.0,0.33,0.55,2024-08-21,921,N,VIIRS,h,2,319.09,31.89,D,0
35.77997,44.20918,367.0,0.33,0.55,2024-08-21,921,N,VIIRS,h,2,317.25,31.89,D,0
35.78085,44.21273,346.84,0.33,0.55,2024-08-21,921,N,VIIRS,n,2,315.84,14.23,D,0
35.78241,44.20721,367.0,0.33,0.55,2024-08-21,921,N,VIIRS,h,2,313.78,11.34,D,0
35.78329,44.21076,352.93,0.33,0.55,2024-08-21,921,N,VIIRS,n,2,315.0,11.62,D,0
35.78492,44.20739,352.86,0.33,0.55,2024-08-21,921,N,VIIRS,n,2,310.53,31.89,D,0
36.0169,43.68428,351.14,0.35,0.56,2024-08-21,921,N,VIIRS,n,2,318.55,8.49,D,2
36.06272,43.75659,355.37,0.34,0.56,2024-08-21,921,N,VIIRS,n,2,314.35,6.99,D,0
36.06365,43.76031,367.0,0.34,0.56,2024-08-21,921,N,VIIRS,h,2,318.41,6.99,D,0
36.06458,43.76403,343.73,0.34,0.56,2024-08-21,921,N,VIIRS,n,2,315.64,8.6,D,0
36.12494,43.78114,346.42,0.34,0.56,2024-08-21,921,N,VIIRS,n,2,318.05,6.08,D,2
36.29391,43.1168,349.5,0.36,0.58,2024-08-21,921,N,VIIRS,n,2,318.14,8.35,D,0
36.29517,43.11627,352.84,0.37,0.58,2024-08-21,921,N,VIIRS,n,2,317.34,7.63,D,0
36.5054,43.85606,367.0,0.33,0.55,2024-08-21,921,N,VIIRS,h,2,316.16,6.49,D,0
36.6351,42.65096,349.54,0.38,0.59,2024-08-21,921,N,VIIRS,n,2,314.8,7.97,D,0
36.63626,42.65536,344.55,0.38,0.59,2024-08-21,921,N,VIIRS,n,2,315.41,8.89,D,0
36.65175,43.57601,349.24,0.34,0.56,2024-08-21,921,N,VIIRS,n,2,317.02,5.35,D,0
36.68382,39.38068,348.54,0.56,0.69,2024-08-21,921,N,VIIRS,n,2,312.2,9.37,D,0
36.71608,39.72235,349.32,0.53,0.67,2024-08-21,921,N,VIIRS,n,2,313.34,12.51,D,0
36.71806,39.72381,354.88,0.53,0.67,2024-08-21,921,N,VIIRS,n,2,314.13,7.29,D,0
36.72722,39.389,367.0,0.56,0.68,2024-08-21,921,N,VIIRS,h,2,313.99,14.94,D,0
36.72782,39.38247,340.25,0.56,0.68,2024-08-21,921,N,VIIRS,n,2,314.49,12.74,D,0
36.72962,39.38854,367.0,0.55,0.68,2024-08-21,921,N,VIIRS,h,2,314.29,22.77,D,0
36.73326,39.38634,339.05,0.56,0.68,2024-08-21,921,N,VIIRS,n,2,310.6,7.02,D,0
36.77607,43.32511,367.0,0.35,0.56,2024-08-21,921,N,VIIRS,h,2,316.22,12.95,D,2
36.89176,43.42852,347.89,0.34,0.56,2024-08-21,921,N,VIIRS,n,2,311.33,2.8,D,2
36.9493,42.13044,355.22,0.4,0.6,2024-08-21,921,N,VIIRS,n,2,314.97,3.14,D,2
36.96537,43.72212,340.92,0.33,0.55,2024-08-21,921,N,VIIRS,n,2,310.05,2.32,D,0
37.00839,42.53663,350.42,0.38,0.58,2024-08-21,921,N,VIIRS,n,2,315.4,18.02,D,0
37.0095,42.54089,367.0,0.38,0.58,2024-08-21,921,N,VIIRS,h,2,318.22,26.75,D,0
37.20657,43.21669,337.76,0.34,0.56,2024-08-21,921,N,VIIRS,n,2,312.07,2.51,D,0
37.20965,43.21411,367.0,0.34,0.56,2024-08-21,921,N,VIIRS,h,2,316.38,8.21,D,0
37.21064,43.21803,343.76,0.34,0.56,2024-08-21,921,N,VIIRS,n,2,312.96,8.21,D,0
37.21069,43.2113,367.0,0.34,0.56,2024-08-21,921,N,VIIRS,h,2,314.78,8.24,D,0
37.21171,43.21525,352.46,0.34,0.56,2024-08-21,921,N,VIIRS,n,2,315.26,17.1,D,0
37.21374,43.20852,367.0,0.34,0.56,2024-08-21,921,N,VIIRS,h,2,316.18,17.3,D,0
37.21474,43.20566,354.28,0.34,0.56,2024-08-21,921,N,VIIRS,n,2,313.19,8.24,D,0
37.21475,43.21252,342.58,0.34,0.56,2024-08-21,921,N,VIIRS,n,2,313.9,8.21,D,0
37.21578,43.20967,367.0,0.34,0.56,2024-08-21,921,N,VIIRS,h,2,316.26,8.24,D,0
37.61634,39.00826,337.92,0.55,0.68,2024-08-21,921,N,VIIRS,n,2,311.88,12.23,D,0
37.61942,39.00928,353.8,0.55,0.68,2024-08-21,921,N,VIIRS,n,2,319.37,29.92,D,0
37.62122,39.0154,367.0,0.55,0.68,2024-08-21,921,N,VIIRS,h,2,310.35,42.24,D,0
37.62234,39.00551,351.27,0.55,0.68,2024-08-21,921,N,VIIRS,n,2,313.65,35.03,D,0
37.62418,39.01166,367.0,0.55,0.68,2024-08-21,921,N,VIIRS,h,2,307.25,35.03,D,0
38.34148,40.29192,351.86,0.45,0.63,2024-08-21,921,N,VIIRS,n,2,312.88,12.82,D,0
38.34174,40.2897,343.7,0.45,0.63,2024-08-21,921,N,VIIRS,n,2,312.19,10.4,D,0
39.03474,42.51838,353.24,0.34,0.56,2024-08-21,921,N,VIIRS,n,2,312.49,5.95,D,0
39.03853,42.57604,367.0,0.33,0.55,2024-08-21,921,N,VIIRS,h,2,312.0,7.94,D,0
38.48567,35.56186,344.96,0.77,0.77,2024-08-21,922,N,VIIRS,n,2,308.28,10.08,D,0
38.48825,35.56972,367.0,0.77,0.77,2024-08-21,922,N,VIIRS,h,2,310.13,21.23,D,0
38.48972,35.56479,367.0,0.77,0.77,2024-08-21,922,N,VIIRS,h,2,309.19,25.16,D,0
38.85153,36.85658,335.03,0.65,0.73,2024-08-21,922,N,VIIRS,n,2,307.6,3.98,D,0
39.03104,42.51386,337.83,0.34,0.56,2024-08-21,922,N,VIIRS,n,2,308.78,4.27,D,0
39.03202,42.5176,367.0,0.34,0.56,2024-08-21,922,N,VIIRS,h,2,312.49,4.27,D,0
39.03772,42.51851,338.09,0.33,0.56,2024-08-21,922,N,VIIRS,n,2,312.18,9.31,D,0
39.14426,36.76236,338.94,0.64,0.72,2024-08-21,922,N,VIIRS,n,2,307.15,4.53,D,0
39.151,42.12209,342.97,0.35,0.57,2024-08-21,922,N,VIIRS,n,2,310.44,5.1,D,0
39.15188,42.1216,342.83,0.35,0.57,2024-08-21,922,N,VIIRS,n,2,310.04,4.18,D,0
39.20219,42.12241,351.27,0.35,0.57,2024-08-21,922,N,VIIRS,n,2,312.92,9.38,D,0
39.31374,41.88734,349.68,0.35,0.57,2024-08-21,922,N,VIIRS,n,2,312.58,10.25,D,0
39.31443,41.88951,367.0,0.35,0.57,2024-08-21,922,N,VIIRS,h,2,319.34,17.05,D,0
39.31478,41.89133,367.0,0.35,0.57,2024-08-21,922,N,VIIRS,h,2,315.39,17.55,D,0
39.31895,41.88585,356.59,0.35,0.57,2024-08-21,922,N,VIIRS,n,2,311.15,10.25,D,0
39.31966,41.88803,367.0,0.35,0.57,2024-08-21,922,N,VIIRS,h,2,312.6,17.05,D,0
39.31998,41.8898,367.0,0.35,0.57,2024-08-21,922,N,VIIRS,h,2,313.45,17.55,D,0
39.3207,41.89192,337.15,0.35,0.57,2024-08-21,922,N,VIIRS,n,2,311.78,19.88,D,0
39.34247,42.76789,367.0,0.32,0.55,2024-08-21,922,N,VIIRS,h,2,314.25,7.29,D,0
39.3435,42.7719,345.82,0.32,0.55,2024-08-21,922,N,VIIRS,n,2,314.8,7.89,D,0
39.37706,41.82889,350.4,0.36,0.57,2024-08-21,922,N,VIIRS,n,2,313.86,6.68,D,0
39.38108,41.82283,367.0,0.36,0.57,2024-08-21,922,N,VIIRS,h,2,310.32,6.68,D,0
39.38214,41.82683,367.0,0.36,0.57,2024-08-21,922,N,VIIRS,h,2,311.82,6.68,D,0
39.40383,34.9583,344.93,0.77,0.77,2024-08-21,922,N,VIIRS,n,2,309.45,10.85,D,0
39.4081,34.95623,342.53,0.77,0.77,2024-08-21,922,N,VIIRS,n,2,309.28,10.93,D,0
39.42136,34.94855,344.12,0.77,0.77,2024-08-21,922,N,VIIRS,n,2,307.82,7.17,D,0
39.42412,34.95686,351.26,0.77,0.77,2024-08-21,922,N,VIIRS,n,2,309.02,7.17,D,0
39.42646,34.95493,350.31,0.77,0.77,2024-08-21,922,N,VIIRS,n,2,308.63,14.92,D,0
39.56216,35.33601,343.69,0.73,0.76,2024-08-21,922,N,VIIRS,n,2,308.75,22.01,D,0
39.56489,35.34422,367.0,0.73,0.76,2024-08-21,922,N,VIIRS,h,2,314.08,22.01,D,0
39.57169,35.34135,350.68,0.73,0.76,2024-08-21,922,N,VIIRS,n,2,311.0,12.59,D,0
39.95053,41.98597,339.88,0.34,0.56,2024-08-21,922,N,VIIRS,n,2,310.01,3.42,D,0
40.14811,44.25306,348.17,0.51,0.5,2024-08-21,922,N,VIIRS,n,2,312.19,16.62,D,0
40.14814,44.25097,352.53,0.51,0.5,2024-08-21,922,N,VIIRS,n,2,313.09,16.03,D,0
41.0105,44.47625,340.65,0.48,0.48,2024-08-21,922,N,VIIRS,n,2,300.28,4.32,D,0
35.52422,44.34759,342.21,0.6,0.7,2024-08-21,1101,N,VIIRS,n,2,311.23,9.76,D,2
35.528,44.3379,344.27,0.6,0.7,2024-08-21,1101,N,VIIRS,n,2,310.27,5.83,D,2
35.5282,44.34452,356.09,0.6,0.7,2024-08-21,1101,N,VIIRS,n,2,311.5,18.84,D,2
35.62801,44.00629,346.49,0.57,0.69,2024-08-21,1101,N,VIIRS,n,2,310.98,10.52,D,2
35.62822,44.01276,348.71,0.57,0.69,2024-08-21,1101,N,VIIRS,n,2,312.7,14.79,D,2
35.65911,43.96508,351.73,0.57,0.69,2024-08-21,1101,N,VIIRS,n,2,313.74,7.69,D,2
35.66559,43.96463,345.33,0.57,0.69,2024-08-21,1101,N,VIIRS,n,2,311.76,7.69,D,2
35.68174,43.87331,340.94,0.56,0.69,2024-08-21,1101,N,VIIRS,n,2,312.06,10.96,D,2
35.68194,43.87978,367.0,0.56,0.69,2024-08-21,1101,N,VIIRS,h,2,313.38,10.96,D,2
35.68196,43.87965,367.0,0.56,0.69,2024-08-21,1101,N,VIIRS,h,2,313.53,19.88,D,2
35.68817,43.87275,341.32,0.56,0.69,2024-08-21,1101,N,VIIRS,n,2,311.42,22.3,D,2
35.68819,43.87286,340.39,0.56,0.69,2024-08-21,1101,N,VIIRS,n,2,311.14,10.96,D,2
35.68839,43.87938,367.0,0.56,0.69,2024-08-21,1101,N,VIIRS,h,2,311.01,10.96,D,2
35.68842,43.87926,367.0,0.56,0.69,2024-08-21,1101,N,VIIRS,h,2,311.35,19.88,D,2
35.71175,43.61753,348.17,0.55,0.68,2024-08-21,1101,N,VIIRS,n,2,314.31,32.04,D,0
35.71197,43.62376,367.0,0.55,0.68,2024-08-21,1101,N,VIIRS,h,2,314.12,32.04,D,0
35.72596,44.04009,345.06,0.58,0.69,2024-08-21,1101,N,VIIRS,n,2,311.46,14.72,D,2
36.01931,43.68425,345.69,0.55,0.68,2024-08-21,1101,N,VIIRS,n,2,313.84,11.02,D,2
36.06709,43.76572,354.14,0.56,0.69,2024-08-21,1101,N,VIIRS,n,2,311.41,10.91,D,0
36.33981,36.45916,342.04,0.44,0.46,2024-08-21,1101,N,VIIRS,n,2,306.17,9.45,D,0
36.3441,36.45857,337.02,0.44,0.46,2024-08-21,1101,N,VIIRS,n,2,302.24,3.91,D,0
36.61589,43.47739,346.37,0.54,0.68,2024-08-21,1101,N,VIIRS,n,2,313.05,11.33,D,0
36.62004,43.4757,351.26,0.54,0.68,2024-08-21,1101,N,VIIRS,n,2,313.56,11.37,D,0
36.62163,38.53613,347.16,0.58,0.52,2024-08-21,1101,N,VIIRS,n,2,317.19,4.46,D,0
36.72744,39.89689,353.83,0.35,0.56,2024-08-21,1101,N,VIIRS,n,2,319.25,4.74,D,0
36.77775,43.32462,367.0,0.54,0.68,2024-08-21,1101,N,VIIRS,h,2,311.96,8.7,D,2
36.82429,42.61882,346.39,0.49,0.65,2024-08-21,1101,N,VIIRS,n,2,316.33,24.29,D,0
36.82451,42.62442,367.0,0.49,0.65,2024-08-21,1101,N,VIIRS,h,2,317.43,23.6,D,0
36.82474,42.63021,350.47,0.49,0.65,2024-08-21,1101,N,VIIRS,n,2,312.5,23.6,D,0
36.83039,42.61854,367.0,0.49,0.65,2024-08-21,1101,N,VIIRS,h,2,314.78,22.17,D,0
36.90788,42.56995,347.0,0.49,0.65,2024-08-21,1101,N,VIIRS,n,2,314.8,13.21,D,0
36.9497,42.13179,345.7,0.46,0.64,2024-08-21,1101,N,VIIRS,n,2,314.21,1.76,D,0
36.96287,42.08372,346.21,0.46,0.63,2024-08-21,1101,N,VIIRS,n,2,314.71,2.42,D,2
36.96954,43.41917,339.1,0.55,0.68,2024-08-21,1101,N,VIIRS,n,2,305.87,8.13,D,0
36.96971,43.42427,367.0,0.55,0.68,2024-08-21,1101,N,VIIRS,h,2,308.84,14.56,D,0
36.96986,43.42881,335.14,0.55,0.68,2024-08-21,1101,N,VIIRS,n,2,305.14,14.56,D,0
37.01003,42.53586,348.27,0.49,0.65,2024-08-21,1101,N,VIIRS,n,2,313.29,5.97,D,0
37.01093,42.53605,353.58,0.49,0.65,2024-08-21,1101,N,VIIRS,n,2,313.84,11.55,D,0
37.03104,40.3219,367.0,0.37,0.58,2024-08-21,1101,N,VIIRS,h,2,316.62,8.5,D,0
37.03643,40.32143,367.0,0.37,0.58,2024-08-21,1101,N,VIIRS,h,2,308.79,8.5,D,0
37.208,43.21152,345.83,0.53,0.67,2024-08-21,1101,N,VIIRS,n,2,311.4,5.84,D,0
36.93759,35.52724,337.13,0.4,0.44,2024-08-21,1102,N,VIIRS,n,2,302.48,3.02,D,0
37.09478,36.12117,346.17,0.43,0.46,2024-08-21,1102,N,VIIRS,n,2,299.61,5.45,D,0
37.09599,36.11819,343.07,0.43,0.46,2024-08-21,1102,N,VIIRS,n,2,299.58,4.51,D,0
37.1157,35.97479,342.56,0.43,0.46,2024-08-21,1102,N,VIIRS,n,2,297.34,5.92,D,0
37.12173,35.99356,343.52,0.43,0.46,2024-08-21,1102,N,VIIRS,n,2,302.13,11.42,D,0
37.12212,35.86177,332.06,0.42,0.45,2024-08-21,1102,N,VIIRS,n,2,301.2,3.13,D,0
37.12595,35.99295,344.35,0.43,0.46,2024-08-21,1102,N,VIIRS,n,2,300.45,12.13,D,0
37.13253,35.6633,344.65,0.41,0.45,2024-08-21,1102,N,VIIRS,n,2,305.73,6.8,D,0
37.17057,35.92287,348.51,0.42,0.45,2024-08-21,1102,N,VIIRS,n,2,303.27,7.3,D,0
37.21109,43.20943,346.28,0.53,0.67,2024-08-21,1102,N,VIIRS,n,2,311.73,8.6,D,0
37.22093,35.60397,350.45,0.41,0.45,2024-08-21,1102,N,VIIRS,n,2,306.46,7.03,D,0
37.25792,36.07996,340.06,0.43,0.46,2024-08-21,1102,N,VIIRS,n,2,301.36,7.92,D,0
37.33468,35.90242,332.83,0.42,0.46,2024-08-21,1102,N,VIIRS,n,2,302.21,1.64,D,0
37.34847,36.00412,344.26,0.43,0.46,2024-08-21,1102,N,VIIRS,n,2,302.22,6.69,D,0
37.62471,39.01043,344.56,0.63,0.54,2024-08-21,1102,N,VIIRS,n,2,311.44,15.32,D,0
38.18096,29.25093,348.94,0.39,0.36,2024-08-21,1102,N,VIIRS,n,2,315.41,7.69,D,0
38.23101,30.43522,349.5,0.4,0.37,2024-08-21,1102,N,VIIRS,n,2,314.54,3.74,D,0
38.49141,35.56548,356.19,0.42,0.45,2024-08-21,1102,N,VIIRS,n,2,324.3,24.4,D,0
38.49971,35.56341,344.09,0.42,0.45,2024-08-21,1102,N,VIIRS,n,2,311.22,48.64,D,0
38.67548,30.26413,367.0,0.4,0.37,2024-08-21,1102,N,VIIRS,h,2,339.52,151.49,D,0
38.85957,36.85782,367.0,0.5,0.49,2024-08-21,1102,N,VIIRS,h,2,325.17,60.76,D,0
38.86003,36.86382,344.6,0.5,0.49,2024-08-21,1102,N,VIIRS,n,2,310.38,55.96,D,0
38.86224,38.21348,351.65,0.59,0.53,2024-08-21,1102,N,VIIRS,n,2,322.45,24.98,D,0
38.86355,36.86028,348.9,0.5,0.49,2024-08-21,1102,N,VIIRS,n,2,312.58,95.41,D,0
38.86461,38.21424,353.08,0.59,0.53,2024-08-21,1102,N,VIIRS,n,2,323.93,60.62,D,0
38.8671,38.21267,356.47,0.59,0.53,2024-08-21,1102,N,VIIRS,n,2,317.6,33.98,D,0
39.14347,42.27431,337.15,0.49,0.65,2024-08-21,1102,N,VIIRS,n,2,304.7,4.84,D,0
39.14956,42.27431,350.35,0.49,0.65,2024-08-21,1102,N,VIIRS,n,2,304.52,4.84,D,0
39.15606,42.12411,354.9,0.48,0.65,2024-08-21,1102,N,VIIRS,n,2,311.98,10.04,D,0
39.15721,42.12609,342.98,0.48,0.65,2024-08-21,1102,N,VIIRS,n,2,311.53,9.15,D,0
39.34116,41.83601,345.06,0.46,0.64,2024-08-21,1102,N,VIIRS,n,2,310.66,7.8,D,0
39.34372,41.83762,350.48,0.47,0.64,2024-08-21,1102,N,VIIRS,n,2,312.6,8.36,D,0
39.51921,37.05753,346.23,0.52,0.5,2024-08-21,1102,N,VIIRS,n,2,319.79,12.18,D,0
39.51966,37.06351,346.83,0.52,0.5,2024-08-21,1102,N,VIIRS,n,2,320.04,12.89,D,0
39.68201,43.08878,367.0,0.54,0.68,2024-08-21,1102,N,VIIRS,h,2,307.43,16.38,D,0
39.78784,42.82439,349.8,0.53,0.67,2024-08-21,1102,N,VIIRS,n,2,309.0,8.42,D,0
39.79115,42.82415,341.57,0.53,0.67,2024-08-21,1102,N,VIIRS,n,2,307.57,8.35,D,0
39.82432,42.77732,337.03,0.53,0.67,2024-08-21,1102,N,VIIRS,n,2,309.72,16.2,D,0
39.82448,42.78376,367.0,0.53,0.67,2024-08-21,1102,N,VIIRS,h,2,310.66,14.85,D,0
39.82735,42.77726,337.33,0.53,0.67,2024-08-21,1102,N,VIIRS,n,2,309.99,14.01,D,0
39.82756,42.7837,367.0,0.53,0.67,2024-08-21,1102,N,VIIRS,h,2,311.51,14.01,D,0
39.82898,42.82877,355.96,0.53,0.67,2024-08-21,1102,N,VIIRS,n,2,308.36,8.73,D,0
39.83074,42.78337,338.05,0.53,0.67,2024-08-21,1102,N,VIIRS,n,2,306.72,14.85,D,0
39.83192,42.82849,346.19,0.53,0.67,2024-08-21,1102,N,VIIRS,n,2,305.66,2.85,D,0
39.85285,36.55305,343.35,0.49,0.49,2024-08-21,1102,N,VIIRS,n,2,316.18,5.71,D,0
40.76069,43.89322,349.89,0.61,0.71,2024-08-21,1102,N,VIIRS,n,2,302.95,10.5,D,0
39.86478,26.24601,336.64,0.4,0.37,2024-08-21,1103,N,VIIRS,n,2,304.51,3.42,D,2
40.67192,32.48322,349.19,0.48,0.4,2024-08-21,1103,N,VIIRS,n,2,320.9,8.55,D,0
40.67424,32.48665,348.64,0.48,0.4,2024-08-21,1103,N,VIIRS,n,2,315.87,13.0,D,0
40.67626,32.48816,348.51,0.48,0.4,2024-08-21,1103,N,VIIRS,n,2,316.15,11.21,D,0
40.67791,32.48577,350.85,0.48,0.4,2024-08-21,1103,N,VIIRS,n,2,319.58,13.0,D,0
40.68059,26.87592,339.51,0.39,0.36,2024-08-21,1103,N,VIIRS,n,2,299.74,2.37,D,0
40.68463,32.47831,339.9,0.48,0.4,2024-08-21,1103,N,VIIRS,n,2,304.05,8.67,D,0
40.68591,32.48995,352.8,0.48,0.4,2024-08-21,1103,N,VIIRS,n,2,318.41,16.08,D,0
40.6883,32.47749,367.0,0.48,0.4,2024-08-21,1103,N,VIIRS,h,2,314.31,23.63,D,0
40.68895,32.48333,354.62,0.48,0.4,2024-08-21,1103,N,VIIRS,n,2,320.96,23.63,D,0
40.6896,32.48916,367.0,0.48,0.4,2024-08-21,1103,N,VIIRS,h,2,316.35,24.61,D,0
40.69264,32.48259,350.74,0.48,0.4,2024-08-21,1103,N,VIIRS,n,2,315.15,23.63,D,0
40.69328,32.48841,343.43,0.48,0.4,2024-08-21,1103,N,VIIRS,n,2,312.52,24.61,D,0
40.69697,32.48766,345.43,0.48,0.4,2024-08-21,1103,N,VIIRS,n,2,305.59,38.95,D,0
40.75792,43.88872,356.73,0.61,0.71,2024-08-21,1103,N,VIIRS,n,2,304.44,13.16,D,0
40.83287,29.5971,343.25,0.4,0.37,2024-08-21,1103,N,VIIRS,n,2,306.56,13.87,D,0
42.11426,43.01393,328.41,0.55,0.68,2024-08-21,1103,N,VIIRS,n,2,295.96,3.77,D,2
42.11478,43.01465,327.52,0.55,0.68,2024-08-21,1103,N,VIIRS,n,2,296.53,3.43,D,2
38.2791,39.74158,307.98,0.41,0.37,2024-08-21,2321,N,VIIRS,n,2,296.56,0.81,N,2
38.45587,38.72859,314.0,0.39,0.36,2024-08-21,2321,N,VIIRS,n,2,300.38,2.5,N,2
38.66364,39.2341,308.98,0.39,0.37,2024-08-21,2321,N,VIIRS,n,2,295.89,1.19,N,2
38.85978,35.76519,303.42,0.4,0.37,2024-08-21,2321,N,VIIRS,n,2,292.7,1.14,N,0
38.88357,37.89612,305.73,0.38,0.36,2024-08-21,2321,N,VIIRS,n,2,294.86,0.91,N,2
39.00171,34.53139,308.42,0.44,0.38,2024-08-21,2321,N,VIIRS,n,2,290.47,0.8,N,0
39.01015,34.54594,301.63,0.44,0.38,2024-08-21,2321,N,VIIRS,n,2,290.88,1.32,N,0
39.01079,34.54086,326.68,0.44,0.38,2024-08-21,2321,N,VIIRS,n,2,291.07,1.53,N,0
39.0109,34.54376,332.48,0.44,0.38,2024-08-21,2321,N,VIIRS,n,2,291.54,4.29,N,0
39.0143,34.54157,312.96,0.44,0.38,2024-08-21,2321,N,VIIRS,n,2,291.42,1.53,N,0
39.06562,42.57193,306.73,0.49,0.4,2024-08-21,2321,N,VIIRS,n,2,289.3,1.47,N,0
39.3727,34.88412,310.14,0.43,0.38,2024-08-21,2321,N,VIIRS,n,2,289.89,1.29,N,0
39.48546,30.04197,309.82,0.46,0.47,2024-08-21,2321,N,VIIRS,n,2,288.9,1.78,N,2
39.64045,27.92604,309.01,0.6,0.53,2024-08-21,2321,N,VIIRS,n,2,289.19,1.77,N,0
39.64539,27.92663,314.42,0.6,0.53,2024-08-21,2321,N,VIIRS,n,2,289.61,1.77,N,0
39.64605,27.92702,300.67,0.6,0.53,2024-08-21,2321,N,VIIRS,n,2,289.46,0.68,N,0
39.72598,36.93569,301.03,0.39,0.36,2024-08-21,2321,N,VIIRS,n,2,290.31,0.64,N,2
39.86336,26.24288,304.72,0.37,0.58,2024-08-21,2321,N,VIIRS,n,2,289.21,0.73,N,2
39.8673,26.24129,306.2,0.37,0.58,2024-08-21,2321,N,VIIRS,n,2,289.67,1.13,N,2
39.94487,33.19417,302.91,0.5,0.41,2024-08-21,2321,N,VIIRS,n,2,292.43,1.05,N,2
40.10499,36.29252,300.97,0.4,0.37,2024-08-21,2321,N,VIIRS,n,2,290.39,0.84,N,0
40.41177,39.65796,303.34,0.39,0.36,2024-08-21,2321,N,VIIRS,n,2,289.42,0.56,N,0
40.68549,32.45811,306.69,0.55,0.42,2024-08-21,2321,N,VIIRS,n,2,286.35,1.5,N,0
40.68939,32.4589,301.31,0.55,0.42,2024-08-21,2321,N,VIIRS,n,2,285.91,0.81,N,0
40.69261,32.46634,297.21,0.55,0.42,2024-08-21,2321,N,VIIRS,n,2,285.83,0.53,N,0
40.6933,32.45971,296.56,0.55,0.42,2024-08-21,2321,N,VIIRS,n,2,286.21,0.81,N,0
40.70483,32.50185,300.89,0.55,0.42,2024-08-21,2321,N,VIIRS,n,2,286.19,1.22,N,0
40.70872,32.50275,334.87,0.55,0.42,2024-08-21,2321,N,VIIRS,n,2,290.38,4.33,N,0
40.70942,32.49608,312.81,0.55,0.42,2024-08-21,2321,N,VIIRS,n,2,288.94,4.33,N,0
40.71397,32.49065,326.75,0.55,0.42,2024-08-21,2321,N,VIIRS,n,2,289.4,4.52,N,0
40.75737,31.78222,298.36,0.39,0.44,2024-08-21,2321,N,VIIRS,n,2,281.71,1.11,N,2
41.01937,28.55524,310.47,0.57,0.52,2024-08-21,2321,N,VIIRS,n,2,289.85,1.66,N,2
41.23921,36.4412,308.81,0.4,0.37,2024-08-21,2321,N,VIIRS,n,2,292.08,2.92,N,2
41.26374,31.42688,308.83,0.41,0.45,2024-08-21,2321,N,VIIRS,n,2,291.52,3.05,N,2
41.63122,27.68539,306.89,0.32,0.55,2024-08-21,2321,N,VIIRS,n,2,288.86,0.6,N,2
41.63662,27.50633,299.84,0.33,0.55,2024-08-21,2321,N,VIIRS,n,2,287.76,0.45,N,2
35.52479,44.34343,352.85,0.46,0.47,2024-08-21,2322,N,VIIRS,n,2,297.79,11.02,N,2
35.52904,44.3448,321.46,0.46,0.47,2024-08-21,2322,N,VIIRS,n,2,296.47,4.91,N,2
35.53013,44.33989,343.5,0.46,0.47,2024-08-21,2322,N,VIIRS,n,2,298.47,4.91,N,2
35.53547,44.33628,337.0,0.46,0.47,2024-08-21,2322,N,VIIRS,n,2,297.76,6.75,N,2
35.5654,44.28265,334.74,0.46,0.47,2024-08-21,2322,N,VIIRS,n,2,297.99,3.57,N,2
35.56626,44.28442,331.75,0.46,0.47,2024-08-21,2322,N,VIIRS,n,2,297.67,5.01,N,2
35.62776,44.00965,340.11,0.44,0.46,2024-08-21,2322,N,VIIRS,n,2,300.96,5.48,N,2
35.62881,44.00494,313.08,0.44,0.46,2024-08-21,2322,N,VIIRS,n,2,296.89,5.48,N,2
35.66013,43.96415,331.67,0.44,0.46,2024-08-21,2322,N,VIIRS,n,2,297.38,5.48,N,2
35.66428,43.96548,352.4,0.44,0.46,2024-08-21,2322,N,VIIRS,n,2,300.77,5.48,N,2
35.67759,44.06714,310.5,0.44,0.46,2024-08-21,2322,N,VIIRS,n,2,297.92,1.83,N,2
35.67863,44.06239,310.62,0.44,0.46,2024-08-21,2322,N,VIIRS,n,2,297.82,1.83,N,2
35.68392,43.8762,349.33,0.43,0.46,2024-08-21,2322,N,VIIRS,n,2,304.08,27.17,N,2
35.68805,43.87753,314.58,0.43,0.46,2024-08-21,2322,N,VIIRS,n,2,298.02,2.2,N,2
35.71985,43.77237,311.39,0.43,0.46,2024-08-21,2322,N,VIIRS,n,2,300.82,1.8,N,2
35.72239,44.04227,323.33,0.44,0.46,2024-08-21,2322,N,VIIRS,n,2,298.17,3.99,N,2
35.72345,44.03754,317.24,0.44,0.46,2024-08-21,2322,N,VIIRS,n,2,298.4,4.58,N,2
35.72351,44.04068,346.6,0.44,0.46,2024-08-21,2322,N,VIIRS,n,2,299.42,4.76,N,2
35.72657,44.04357,318.14,0.44,0.46,2024-08-21,2322,N,VIIRS,n,2,297.02,3.18,N,2
35.72763,44.03878,322.43,0.44,0.46,2024-08-21,2322,N,VIIRS,n,2,298.57,2.57,N,2
35.72769,44.04197,310.3,0.44,0.46,2024-08-21,2322,N,VIIRS,n,2,297.63,4.76,N,2
35.72869,44.03405,326.96,0.44,0.46,2024-08-21,2322,N,VIIRS,n,2,298.04,2.57,N,2
35.72974,44.03246,326.73,0.44,0.46,2024-08-21,2322,N,VIIRS,n,2,297.89,4.0,N,2
35.77246,43.99722,328.38,0.44,0.46,2024-08-21,2322,N,VIIRS,n,2,298.09,3.39,N,2
35.81351,43.25841,315.77,0.4,0.44,2024-08-21,2322,N,VIIRS,n,2,299.06,2.28,N,2
35.81444,43.25409,314.16,0.4,0.44,2024-08-21,2322,N,VIIRS,n,2,298.43,2.39,N,2
35.9238,43.78921,320.46,0.42,0.45,2024-08-21,2322,N,VIIRS,n,2,298.45,3.39,N,2
35.95399,43.73077,310.08,0.42,0.45,2024-08-21,2322,N,VIIRS,n,2,298.47,1.88,N,2
35.95496,43.72628,307.64,0.42,0.45,2024-08-21,2322,N,VIIRS,n,2,297.35,1.88,N,2
35.96747,43.76933,339.52,0.42,0.45,2024-08-21,2322,N,VIIRS,n,2,300.73,4.12,N,2
35.96847,43.76468,346.16,0.42,0.45,2024-08-21,2322,N,VIIRS,n,2,301.77,12.32,N,2
35.97052,43.77545,310.27,0.42,0.45,2024-08-21,2322,N,VIIRS,n,2,298.84,4.12,N,2
35.97557,43.77227,311.79,0.42,0.45,2024-08-21,2322,N,VIIRS,n,2,299.14,2.46,N,2
35.98062,43.7691,321.53,0.42,0.45,2024-08-21,2322,N,VIIRS,n,2,300.16,4.08,N,2
36.01631,43.6837,326.51,0.42,0.45,2024-08-21,2322,N,VIIRS,n,2,297.98,3.22,N,2
36.01727,43.67921,325.59,0.42,0.45,2024-08-21,2322,N,VIIRS,n,2,297.63,3.22,N,2
36.01851,43.68304,342.69,0.42,0.45,2024-08-21,2322,N,VIIRS,n,2,301.49,6.92,N,2
36.06865,43.7726,318.87,0.42,0.45,2024-08-21,2322,N,VIIRS,n,2,294.59,2.08,N,0
36.06964,43.76805,331.21,0.42,0.45,2024-08-21,2322,N,VIIRS,n,2,293.75,3.03,N,0
36.07273,43.77394,314.08,0.42,0.45,2024-08-21,2322,N,VIIRS,n,2,293.93,2.08,N,0
36.07371,43.76938,321.63,0.42,0.45,2024-08-21,2322,N,VIIRS,n,2,294.71,3.03,N,0
36.08378,43.64221,312.96,0.41,0.45,2024-08-21,2322,N,VIIRS,n,2,297.07,1.11,N,0
36.09879,43.63274,306.55,0.41,0.45,2024-08-21,2322,N,VIIRS,n,2,295.17,1.07,N,0
36.14424,40.81989,308.53,0.46,0.39,2024-08-21,2322,N,VIIRS,n,2,298.35,1.31,N,2
36.14772,43.79497,325.51,0.42,0.45,2024-08-21,2322,N,VIIRS,n,2,299.16,4.15,N,2
36.28438,43.75542,307.05,0.41,0.45,2024-08-21,2322,N,VIIRS,n,2,296.98,1.37,N,0
36.35114,42.07698,313.71,0.52,0.41,2024-08-21,2322,N,VIIRS,n,2,302.67,2.94,N,2
36.71815,36.19983,320.55,0.39,0.36,2024-08-21,2322,N,VIIRS,n,2,297.59,4.26,N,2
36.72166,40.10704,312.71,0.43,0.38,2024-08-21,2322,N,VIIRS,n,2,297.5,2.23,N,0
36.74658,43.50042,312.21,0.39,0.44,2024-08-21,2322,N,VIIRS,n,2,298.59,3.39,N,2
36.77596,43.32385,355.19,0.39,0.44,2024-08-21,2322,N,VIIRS,n,2,302.91,10.2,N,2
36.79457,42.41046,307.63,0.52,0.42,2024-08-21,2322,N,VIIRS,n,2,295.99,1.73,N,0
36.79833,42.41166,320.12,0.52,0.42,2024-08-21,2322,N,VIIRS,n,2,296.27,1.73,N,0
36.79945,37.02068,314.27,0.38,0.36,2024-08-21,2322,N,VIIRS,n,2,297.7,1.32,N,2
36.86745,43.48971,321.91,0.39,0.44,2024-08-21,2322,N,VIIRS,n,2,296.47,2.78,N,2
36.86834,43.48555,308.6,0.39,0.44,2024-08-21,2322,N,VIIRS,n,2,296.61,2.94,N,2
36.86914,43.62064,315.15,0.4,0.44,2024-08-21,2322,N,VIIRS,n,2,293.08,2.27,N,0
36.89247,43.43163,334.36,0.39,0.44,2024-08-21,2322,N,VIIRS,n,2,295.84,2.69,N,2
36.90554,43.38982,331.7,0.39,0.44,2024-08-21,2322,N,VIIRS,n,2,294.84,2.3,N,2
36.90944,43.39121,310.32,0.39,0.44,2024-08-21,2322,N,VIIRS,n,2,295.54,2.3,N,2
36.91607,42.77477,337.6,0.54,0.42,2024-08-21,2322,N,VIIRS,n,2,297.79,5.59,N,0
36.9199,42.77594,310.79,0.54,0.42,2024-08-21,2322,N,VIIRS,n,2,297.02,5.59,N,0
36.92537,40.85505,323.63,0.45,0.39,2024-08-21,2322,N,VIIRS,n,2,294.99,2.9,N,0
36.92757,40.85406,321.75,0.45,0.39,2024-08-21,2322,N,VIIRS,n,2,295.21,3.39,N,0
36.92889,40.85608,304.41,0.45,0.39,2024-08-21,2322,N,VIIRS,n,2,294.35,0.64,N,0
36.93241,40.8571,307.91,0.45,0.39,2024-08-21,2322,N,VIIRS,n,2,294.54,0.64,N,0
36.9362,42.13462,311.96,0.51,0.41,2024-08-21,2322,N,VIIRS,n,2,298.45,1.72,N,2
36.93634,30.64806,307.5,0.4,0.44,2024-08-21,2322,N,VIIRS,n,2,295.98,1.76,N,2
36.93732,42.12902,308.3,0.51,0.41,2024-08-21,2322,N,VIIRS,n,2,298.12,1.72,N,2
36.93845,42.12344,311.46,0.51,0.41,2024-08-21,2322,N,VIIRS,n,2,297.53,2.36,N,2
36.94052,42.17192,317.61,0.51,0.41,2024-08-21,2322,N,VIIRS,n,2,297.32,2.73,N,2
36.94473,42.13131,311.91,0.51,0.41,2024-08-21,2322,N,VIIRS,n,2,298.31,3.08,N,2
36.94843,42.13247,334.14,0.51,0.41,2024-08-21,2322,N,VIIRS,n,2,300.56,3.08,N,2
36.96213,42.08362,316.39,0.5,0.41,2024-08-21,2322,N,VIIRS,n,2,295.76,1.01,N,2
36.96582,42.08475,305.15,0.5,0.41,2024-08-21,2322,N,VIIRS,n,2,295.06,1.01,N,2
36.9693,43.43261,307.42,0.39,0.44,2024-08-21,2322,N,VIIRS,n,2,296.17,2.2,N,0
36.97099,43.15792,316.5,0.56,0.43,2024-08-21,2322,N,VIIRS,n,2,296.19,3.81,N,0
36.97186,43.42067,308.5,0.39,0.44,2024-08-21,2322,N,VIIRS,n,2,297.1,2.58,N,0
36.9726,43.43685,308.2,0.39,0.44,2024-08-21,2322,N,VIIRS,n,2,295.75,1.95,N,0
36.97347,43.43277,313.05,0.39,0.44,2024-08-21,2322,N,VIIRS,n,2,296.95,3.66,N,0
36.97434,43.4287,316.19,0.39,0.44,2024-08-21,2322,N,VIIRS,n,2,297.22,3.66,N,0
36.97519,43.42474,317.85,0.39,0.44,2024-08-21,2322,N,VIIRS,n,2,296.95,2.22,N,0
36.97676,43.43705,317.0,0.39,0.44,2024-08-21,2322,N,VIIRS,n,2,296.39,1.95,N,0
36.97766,43.43285,343.99,0.39,0.44,2024-08-21,2322,N,VIIRS,n,2,299.02,3.66,N,0
36.97853,43.42874,341.64,0.39,0.44,2024-08-21,2322,N,VIIRS,n,2,298.88,3.66,N,0
36.9794,43.42469,311.29,0.39,0.44,2024-08-21,2322,N,VIIRS,n,2,295.82,2.22,N,0
36.98154,43.4343,335.81,0.39,0.44,2024-08-21,2322,N,VIIRS,n,2,296.65,3.68,N,0
36.99715,41.56387,311.86,0.48,0.4,2024-08-21,2322,N,VIIRS,n,2,296.86,1.3,N,2
37.02947,41.70449,313.84,0.48,0.4,2024-08-21,2322,N,VIIRS,n,2,297.13,2.33,N,0
37.0313,42.17111,308.06,0.51,0.41,2024-08-21,2322,N,VIIRS,n,2,297.61,1.74,N,2
37.0681,42.10507,309.23,0.5,0.41,2024-08-21,2322,N,VIIRS,n,2,296.77,2.04,N,0
37.07069,42.11169,324.11,0.5,0.41,2024-08-21,2322,N,VIIRS,n,2,298.36,2.04,N,0
37.0718,42.10616,308.82,0.5,0.41,2024-08-21,2322,N,VIIRS,n,2,296.99,2.04,N,0
37.07897,42.55589,317.9,0.53,0.42,2024-08-21,2322,N,VIIRS,n,2,299.13,3.52,N,2
37.16032,39.52866,303.94,0.41,0.37,2024-08-21,2322,N,VIIRS,n,2,292.56,0.37,N,0
37.1637,39.5296,306.68,0.41,0.37,2024-08-21,2322,N,VIIRS,n,2,294.2,0.42,N,0
37.18333,39.95386,311.14,0.42,0.38,2024-08-21,2322,N,VIIRS,n,2,294.15,0.81,N,0
37.27676,38.7312,310.18,0.39,0.37,2024-08-21,2322,N,VIIRS,n,2,299.34,1.01,N,2
37.29406,37.15851,317.77,0.38,0.36,2024-08-21,2322,N,VIIRS,n,2,297.49,1.7,N,2
37.33863,40.80256,315.86,0.44,0.39,2024-08-21,2322,N,VIIRS,n,2,298.42,1.79,N,2
37.35085,37.16132,310.54,0.38,0.36,2024-08-21,2322,N,VIIRS,n,2,297.77,1.62,N,2
37.51571,39.49249,334.0,0.41,0.37,2024-08-21,2322,N,VIIRS,n,2,295.87,2.8,N,0
37.62002,39.01379,307.31,0.4,0.37,2024-08-21,2322,N,VIIRS,n,2,294.46,0.92,N,0
37.648,39.64077,310.08,0.41,0.37,2024-08-21,2322,N,VIIRS,n,2,295.22,0.79,N,0
37.7719,27.43653,302.58,0.61,0.53,2024-08-21,2322,N,VIIRS,n,2,292.1,1.03,N,2
37.79333,31.61604,301.78,0.56,0.43,2024-08-21,2322,N,VIIRS,n,2,290.92,0.64,N,0
37.864,29.37386,302.24,0.48,0.48,2024-08-21,2322,N,VIIRS,n,2,291.06,1.12,N,2
37.87696,31.68217,301.57,0.55,0.43,2024-08-21,2322,N,VIIRS,n,2,288.34,0.5,N,0
38.13803,30.88293,305.73,0.41,0.45,2024-08-21,2322,N,VIIRS,n,2,292.89,1.85,N,0
38.14602,30.86876,305.34,0.41,0.45,2024-08-21,2322,N,VIIRS,n,2,291.65,0.74,N,0
38.42502,27.2141,304.6,0.32,0.54,2024-08-21,2322,N,VIIRS,n,2,291.38,1.6,N,2
38.73784,26.94324,309.24,0.33,0.55,2024-08-21,2322,N,VIIRS,n,2,293.88,1.64,N,2
38.75384,26.93706,313.98,0.33,0.55,2024-08-21,2322,N,VIIRS,n,2,291.53,0.79,N,0
38.78784,26.91332,327.77,0.33,0.56,2024-08-21,2322,N,VIIRS,n,2,292.88,2.54,N,3
38.85288,32.44587,298.98,0.52,0.42,2024-08-21,2322,N,VIIRS,n,2,288.47,0.62,N,0
39.16883,27.6311,302.88,0.62,0.54,2024-08-21,2322,N,VIIRS,n,2,291.08,0.59,N,2
39.16896,27.63021,303.13,0.62,0.54,2024-08-21,2322,N,VIIRS,n,2,291.14,1.13,N,2
41.02176,28.55588,305.86,0.51,0.66,2024-08-22,101,N,VIIRS,n,2,288.15,0.97,N,2
41.79746,26.70219,299.34,0.4,0.6,2024-08-22,101,N,VIIRS,n,2,287.45,0.36,N,2
38.42521,27.21455,302.69,0.52,0.67,2024-08-22,102,N,VIIRS,n,2,290.04,0.9,N,2
38.66058,30.61767,297.31,0.75,0.77,2024-08-22,102,N,VIIRS,n,2,284.98,0.75,N,2
38.73764,26.94479,323.64,0.5,0.65,2024-08-22,102,N,VIIRS,n,2,292.0,2.52,N,2
38.75233,26.93939,303.45,0.49,0.65,2024-08-22,102,N,VIIRS,n,2,289.67,0.93,N,0
38.79082,26.91955,307.75,0.49,0.65,2024-08-22,102,N,VIIRS,n,2,289.85,2.02,N,0
39.48805,30.03957,295.75,0.67,0.73,2024-08-22,102,N,VIIRS,n,2,284.51,0.76,N,2
35.52665,44.3407,350.63,0.58,0.7,2024-08-22,902,N,VIIRS,n,2,311.92,6.2,D,2
35.52707,44.3416,367.0,0.58,0.7,2024-08-22,902,N,VIIRS,h,2,312.15,8.18,D,2
35.53285,44.33811,350.04,0.58,0.7,2024-08-22,902,N,VIIRS,n,2,311.53,6.2,D,2
35.53327,44.33904,348.59,0.58,0.7,2024-08-22,902,N,VIIRS,n,2,312.04,8.18,D,2
35.57675,43.29021,367.0,0.66,0.73,2024-08-22,902,N,VIIRS,h,2,320.96,23.65,D,0
35.62656,44.0126,348.87,0.6,0.71,2024-08-22,902,N,VIIRS,n,2,318.17,13.37,D,2
35.63086,44.00797,355.13,0.6,0.71,2024-08-22,902,N,VIIRS,n,2,315.46,12.21,D,2
35.66078,43.96622,367.0,0.61,0.71,2024-08-22,902,N,VIIRS,h,2,319.63,18.37,D,2
35.6817,43.87326,354.76,0.61,0.71,2024-08-22,902,N,VIIRS,n,2,317.3,22.94,D,2
35.68319,43.87482,354.02,0.61,0.71,2024-08-22,902,N,VIIRS,n,2,318.25,23.07,D,2
35.68369,43.87985,367.0,0.61,0.71,2024-08-22,902,N,VIIRS,h,2,319.53,35.54,D,2
35.68514,43.8814,367.0,0.61,0.71,2024-08-22,902,N,VIIRS,h,2,317.94,23.07,D,2
35.7255,44.04181,349.44,0.6,0.7,2024-08-22,902,N,VIIRS,n,2,315.62,13.73,D,2
36.07715,43.88168,350.57,0.6,0.7,2024-08-22,902,N,VIIRS,n,2,315.49,10.76,D,0
36.12212,43.51359,367.0,0.62,0.71,2024-08-22,902,N,VIIRS,h,2,319.15,123.36,D,0
36.12643,43.50411,353.6,0.62,0.71,2024-08-22,902,N,VIIRS,n,2,319.23,160.55,D,0
36.12843,43.5108,367.0,0.62,0.71,2024-08-22,902,N,VIIRS,h,2,327.89,123.36,D,0
36.50756,43.67758,367.0,0.59,0.7,2024-08-22,902,N,VIIRS,h,2,314.73,15.51,D,0
36.57017,43.7207,342.77,0.59,0.7,2024-08-22,902,N,VIIRS,n,2,312.34,5.78,D,0
36.63927,42.65334,338.24,0.66,0.73,2024-08-22,902,N,VIIRS,n,2,307.39,6.89,D,0
36.77283,43.32359,351.52,0.61,0.71,2024-08-22,902,N,VIIRS,n,2,310.74,9.69,D,2
36.77522,43.32572,367.0,0.61,0.71,2024-08-22,902,N,VIIRS,h,2,310.75,7.51,D,2
36.89001,43.42997,332.98,0.6,0.71,2024-08-22,902,N,VIIRS,n,2,304.69,3.02,D,2
36.90545,43.38733,333.65,0.6,0.71,2024-08-22,902,N,VIIRS,n,2,303.84,6.03,D,2
36.92519,41.13599,348.98,0.77,0.78,2024-08-22,902,N,VIIRS,n,2,307.95,8.37,D,0
36.92789,41.14429,344.33,0.77,0.78,2024-08-22,902,N,VIIRS,n,2,308.45,8.37,D,0
36.9425,41.79628,344.5,0.72,0.75,2024-08-22,902,N,VIIRS,n,2,309.06,7.26,D,0
36.94397,42.134,339.86,0.69,0.74,2024-08-22,902,N,VIIRS,n,2,309.82,3.19,D,2
37.11756,40.78901,344.38,0.8,0.78,2024-08-22,902,N,VIIRS,n,2,306.85,15.57,D,0
37.11848,40.78821,355.86,0.79,0.78,2024-08-22,902,N,VIIRS,n,2,307.03,34.28,D,0
37.12036,40.79763,367.0,0.79,0.78,2024-08-22,902,N,VIIRS,h,2,307.08,15.57,D,0
37.12133,40.79679,367.0,0.79,0.78,2024-08-22,902,N,VIIRS,h,2,306.87,51.3,D,0
37.1244,40.7856,346.75,0.8,0.78,2024-08-22,902,N,VIIRS,n,2,306.71,15.57,D,0
37.1272,40.79423,367.0,0.79,0.78,2024-08-22,902,N,VIIRS,h,2,305.95,15.57,D,0
39.1696,42.47894,339.15,0.58,0.69,2024-08-22,903,N,VIIRS,n,2,307.12,9.22,D,0
39.16994,42.4573,347.24,0.58,0.7,2024-08-22,903,N,VIIRS,n,2,310.36,16.21,D,0
39.17149,42.4851,367.0,0.58,0.69,2024-08-22,903,N,VIIRS,h,2,307.71,15.94,D,0
39.17199,42.46394,337.55,0.58,0.69,2024-08-22,903,N,VIIRS,n,2,310.38,16.21,D,0
39.17402,42.47058,346.35,0.58,0.69,2024-08-22,903,N,VIIRS,n,2,308.31,13.69,D,0
39.17595,42.45407,357.88,0.58,0.7,2024-08-22,903,N,VIIRS,n,2,310.26,16.21,D,0
39.17796,42.46062,367.0,0.58,0.69,2024-08-22,903,N,VIIRS,h,2,311.74,16.21,D,0
39.18003,42.46737,342.67,0.58,0.69,2024-08-22,903,N,VIIRS,n,2,305.6,13.69,D,0
39.37153,42.23853,355.83,0.58,0.7,2024-08-22,903,N,VIIRS,n,2,306.47,26.02,D,0
39.37223,42.23935,351.83,0.58,0.7,2024-08-22,903,N,VIIRS,n,2,309.81,27.01,D,0
39.37374,42.24574,367.0,0.58,0.7,2024-08-22,903,N,VIIRS,h,2,313.53,49.4,D,0
39.37456,42.2468,367.0,0.58,0.7,2024-08-22,903,N,VIIRS,h,2,309.06,27.01,D,0
39.79637,42.81044,367.0,0.53,0.67,2024-08-22,903,N,VIIRS,h,2,310.13,15.53,D,0
39.79893,42.81194,367.0,0.53,0.67,2024-08-22,903,N,VIIRS,h,2,310.67,19.16,D,0
39.95738,42.02113,345.22,0.58,0.69,2024-08-22,903,N,VIIRS,n,2,305.08,10.29,D,0
35.52709,44.34007,356.39,0.32,0.55,2024-08-22,1042,N,VIIRS,n,2,321.86,6.46,D,2
35.52735,44.34361,367.0,0.32,0.55,2024-08-22,1042,N,VIIRS,h,2,322.3,6.46,D,2
35.53192,44.33592,346.67,0.32,0.55,2024-08-22,1042,N,VIIRS,n,2,319.06,8.83,D,2
35.53218,44.33949,367.0,0.32,0.55,2024-08-22,1042,N,VIIRS,h,2,322.82,14.59,D,2
35.53461,44.33791,355.81,0.32,0.55,2024-08-22,1042,N,VIIRS,n,2,321.58,9.57,D,2
35.56173,44.2844,348.0,0.32,0.55,2024-08-22,1042,N,VIIRS,n,2,322.12,4.81,D,2
35.56681,44.28381,354.01,0.32,0.55,2024-08-22,1042,N,VIIRS,n,2,321.35,4.81,D,2
35.62811,44.00883,367.0,0.62,0.54,2024-08-22,1042,N,VIIRS,h,2,322.61,25.07,D,2
35.62824,44.00977,352.46,0.62,0.54,2024-08-22,1042,N,VIIRS,n,2,323.45,22.24,D,2
36.0738,43.77684,349.12,0.61,0.53,2024-08-22,1042,N,VIIRS,n,2,321.57,9.64,D,0
36.11811,43.50805,348.5,0.59,0.53,2024-08-22,1042,N,VIIRS,n,2,315.7,14.76,D,0
36.12003,43.50755,349.98,0.59,0.53,2024-08-22,1042,N,VIIRS,n,2,319.89,19.67,D,0
36.6367,42.65161,350.39,0.53,0.5,2024-08-22,1042,N,VIIRS,n,2,319.52,5.58,D,0
36.80866,41.40195,356.02,0.46,0.47,2024-08-22,1042,N,VIIRS,n,2,321.58,9.76,D,0
36.86724,43.48608,337.08,0.6,0.53,2024-08-22,1042,N,VIIRS,n,2,311.3,3.86,D,2
36.8931,43.43234,343.31,0.59,0.53,2024-08-22,1042,N,VIIRS,n,2,312.1,3.53,D,2
36.94152,44.28989,367.0,0.33,0.55,2024-08-22,1042,N,VIIRS,h,2,315.67,9.56,D,0
36.94849,42.1319,351.86,0.5,0.49,2024-08-22,1042,N,VIIRS,n,2,317.03,3.66,D,2
36.97894,43.43645,344.87,0.6,0.53,2024-08-22,1042,N,VIIRS,n,2,310.84,9.26,D,0
36.66225,36.804,348.19,0.43,0.38,2024-08-22,1043,N,VIIRS,n,2,315.87,5.66,D,0
36.71595,36.2014,339.12,0.41,0.37,2024-08-22,1043,N,VIIRS,n,2,308.58,3.33,D,2
36.71937,36.20071,340.56,0.41,0.37,2024-08-22,1043,N,VIIRS,n,2,309.01,3.33,D,2
36.93045,35.49583,346.36,0.4,0.37,2024-08-22,1043,N,VIIRS,n,2,308.27,4.69,D,0
36.93106,35.50029,346.57,0.4,0.37,2024-08-22,1043,N,VIIRS,n,2,309.26,4.69,D,0
36.93381,35.49511,338.97,0.4,0.37,2024-08-22,1043,N,VIIRS,n,2,302.57,4.69,D,0
36.93443,35.49957,353.69,0.4,0.37,2024-08-22,1043,N,VIIRS,n,2,308.52,4.69,D,0
36.9488,42.13115,351.15,0.5,0.49,2024-08-22,1043,N,VIIRS,n,2,316.53,4.61,D,2
36.96759,39.8615,343.72,0.38,0.43,2024-08-22,1043,N,VIIRS,n,2,315.24,6.16,D,0
36.96802,39.86584,347.98,0.38,0.43,2024-08-22,1043,N,VIIRS,n,2,321.1,6.16,D,0
36.97203,39.8652,367.0,0.38,0.43,2024-08-22,1043,N,VIIRS,h,2,315.04,6.16,D,0
37.0268,35.76797,346.96,0.4,0.37,2024-08-22,1043,N,VIIRS,n,2,305.66,5.96,D,0
37.06879,36.08362,335.52,0.41,0.37,2024-08-22,1043,N,VIIRS,n,2,303.85,1.17,D,0
37.09803,36.17261,346.09,0.41,0.37,2024-08-22,1043,N,VIIRS,n,2,309.93,5.42,D,0
37.12653,40.8131,351.6,0.43,0.46,2024-08-22,1043,N,VIIRS,n,2,322.17,8.38,D,0
37.1299,36.09474,338.17,0.41,0.37,2024-08-22,1043,N,VIIRS,n,2,304.99,5.18,D,0
37.14268,35.95479,344.06,0.41,0.37,2024-08-22,1043,N,VIIRS,n,2,309.51,23.79,D,0
37.14684,35.85661,342.52,0.41,0.37,2024-08-22,1043,N,VIIRS,n,2,306.15,2.33,D,0
37.14927,35.8749,341.78,0.41,0.37,2024-08-22,1043,N,VIIRS,n,2,309.25,5.85,D,0
37.15266,35.8742,338.36,0.41,0.37,2024-08-22,1043,N,VIIRS,n,2,308.12,5.85,D,0
37.15941,36.07918,346.05,0.41,0.37,2024-08-22,1043,N,VIIRS,n,2,304.72,3.56,D,0
37.17641,36.05356,344.59,0.41,0.37,2024-08-22,1043,N,VIIRS,n,2,309.09,10.18,D,0
37.17885,36.07207,348.84,0.41,0.37,2024-08-22,1043,N,VIIRS,n,2,309.36,8.79,D,0
37.17983,36.05286,338.04,0.41,0.37,2024-08-22,1043,N,VIIRS,n,2,305.23,4.49,D,0
37.21493,36.0266,339.36,0.41,0.37,2024-08-22,1043,N,VIIRS,n,2,308.49,3.77,D,0
37.21502,35.92242,338.87,0.41,0.37,2024-08-22,1043,N,VIIRS,n,2,304.56,6.0,D,0
37.27246,35.91257,339.56,0.41,0.37,2024-08-22,1043,N,VIIRS,n,2,309.06,4.57,D,0
37.27308,35.91718,341.41,0.41,0.37,2024-08-22,1043,N,VIIRS,n,2,311.23,4.57,D,0
37.30952,35.98067,336.39,0.41,0.37,2024-08-22,1043,N,VIIRS,n,2,305.89,2.57,D,0
37.31292,35.97997,337.85,0.41,0.37,2024-08-22,1043,N,VIIRS,n,2,307.8,4.04,D,0
37.31354,35.98459,344.1,0.41,0.37,2024-08-22,1043,N,VIIRS,n,2,308.55,4.04,D,0
37.34914,36.06767,339.81,0.41,0.37,2024-08-22,1043,N,VIIRS,n,2,305.12,4.76,D,0
37.36656,36.04022,335.73,0.41,0.37,2024-08-22,1043,N,VIIRS,n,2,305.39,3.3,D,0
37.3774,35.96822,343.95,0.41,0.37,2024-08-22,1043,N,VIIRS,n,2,310.4,16.48,D,0
37.378,35.97285,336.74,0.41,0.37,2024-08-22,1043,N,VIIRS,n,2,306.27,16.48,D,0
37.42235,35.96358,338.15,0.41,0.37,2024-08-22,1043,N,VIIRS,n,2,303.92,2.32,D,0
37.42979,27.95114,336.01,0.54,0.42,2024-08-22,1043,N,VIIRS,n,2,303.66,6.58,D,0
37.4302,27.95314,335.47,0.54,0.42,2024-08-22,1043,N,VIIRS,n,2,302.59,4.8,D,0
37.48885,40.32257,345.17,0.41,0.45,2024-08-22,1043,N,VIIRS,n,2,312.52,34.59,D,0
37.58785,38.21149,353.09,0.49,0.4,2024-08-22,1043,N,VIIRS,n,2,319.37,23.99,D,0
37.59589,38.96774,346.39,0.53,0.42,2024-08-22,1043,N,VIIRS,n,2,312.45,13.14,D,0
37.66137,38.55787,350.1,0.51,0.41,2024-08-22,1043,N,VIIRS,n,2,317.8,18.48,D,0
37.72119,40.52523,339.47,0.42,0.45,2024-08-22,1043,N,VIIRS,n,2,312.89,3.16,D,0
37.77145,29.11858,343.88,0.48,0.4,2024-08-22,1043,N,VIIRS,n,2,309.31,10.08,D,0
37.88206,34.98543,348.72,0.39,0.37,2024-08-22,1043,N,VIIRS,n,2,316.02,5.28,D,0
37.88269,34.98999,343.58,0.39,0.37,2024-08-22,1043,N,VIIRS,n,2,315.01,5.28,D,0
37.8854,34.98475,353.71,0.39,0.37,2024-08-22,1043,N,VIIRS,n,2,316.45,11.41,D,0
37.88603,34.98932,349.44,0.39,0.37,2024-08-22,1043,N,VIIRS,n,2,317.94,11.41,D,0
38.04898,39.88805,347.87,0.4,0.44,2024-08-22,1043,N,VIIRS,n,2,317.37,12.79,D,0
38.35006,30.84704,341.4,0.41,0.37,2024-08-22,1043,N,VIIRS,n,2,310.77,2.02,D,0
38.40483,32.36664,348.12,0.39,0.36,2024-08-22,1043,N,VIIRS,n,2,315.0,10.65,D,0
38.4507,34.5247,350.94,0.39,0.36,2024-08-22,1043,N,VIIRS,n,2,318.63,10.53,D,0
38.45922,34.53643,367.0,0.39,0.36,2024-08-22,1043,N,VIIRS,h,2,321.48,13.33,D,0
38.56961,36.19356,347.54,0.43,0.38,2024-08-22,1043,N,VIIRS,n,2,320.34,7.97,D,0
38.7235,41.86016,341.51,0.51,0.49,2024-08-22,1043,N,VIIRS,n,2,312.98,2.62,D,0
38.76559,36.57896,345.15,0.44,0.38,2024-08-22,1043,N,VIIRS,n,2,317.64,5.33,D,0
38.76621,36.58398,367.0,0.44,0.38,2024-08-22,1043,N,VIIRS,h,2,316.6,8.76,D,0
38.8084,41.30707,354.33,0.48,0.48,2024-08-22,1043,N,VIIRS,n,2,320.24,25.74,D,0
38.82158,36.13783,367.0,0.43,0.38,2024-08-22,1043,N,VIIRS,h,2,350.71,103.01,D,0
38.84371,41.69257,348.1,0.5,0.49,2024-08-22,1043,N,VIIRS,n,2,315.85,8.08,D,0
38.92574,32.05164,353.19,0.39,0.36,2024-08-22,1043,N,VIIRS,n,2,317.18,10.49,D,0
39.16205,42.35299,354.04,0.55,0.51,2024-08-22,1043,N,VIIRS,n,2,317.01,32.94,D,0
39.16253,42.35941,343.38,0.55,0.51,2024-08-22,1043,N,VIIRS,n,2,309.4,32.94,D,0
39.17112,42.47493,354.62,0.56,0.51,2024-08-22,1043,N,VIIRS,n,2,315.46,8.51,D,0
39.17212,42.48851,347.85,0.56,0.51,2024-08-22,1043,N,VIIRS,n,2,311.58,12.09,D,0
39.17443,42.45486,346.01,0.55,0.51,2024-08-22,1043,N,VIIRS,n,2,315.99,13.57,D,0
39.18061,42.47346,347.22,0.56,0.51,2024-08-22,1043,N,VIIRS,n,2,311.53,15.14,D,0
39.18109,42.47992,345.83,0.56,0.51,2024-08-22,1043,N,VIIRS,n,2,315.59,11.42,D,0
39.18209,42.49339,349.12,0.56,0.51,2024-08-22,1043,N,VIIRS,n,2,314.11,20.34,D,0
39.24865,42.10281,341.46,0.53,0.5,2024-08-22,1043,N,VIIRS,n,2,314.52,15.39,D,0
39.24916,42.1095,353.65,0.53,0.5,2024-08-22,1043,N,VIIRS,n,2,318.62,15.39,D,0
39.25382,42.10877,347.97,0.53,0.5,2024-08-22,1043,N,VIIRS,n,2,318.37,63.28,D,0
39.72723,40.07691,350.67,0.42,0.45,2024-08-22,1043,N,VIIRS,n,2,313.23,25.07,D,0
39.73147,40.07678,350.15,0.42,0.45,2024-08-22,1043,N,VIIRS,n,2,313.76,25.07,D,0
39.86426,37.48209,355.35,0.48,0.4,2024-08-22,1043,N,VIIRS,n,2,319.63,13.05,D,0
39.95934,42.01841,344.69,0.54,0.5,2024-08-22,1043,N,VIIRS,n,2,315.91,6.73,D,0
40.22266,30.48021,342.06,0.41,0.37,2024-08-22,1044,N,VIIRS,n,2,307.35,5.29,D,0
40.69785,32.5075,354.02,0.38,0.36,2024-08-22,1044,N,VIIRS,n,2,309.33,9.6,D,0
40.99887,29.20881,335.39,0.43,0.38,2024-08-22,1044,N,VIIRS,n,2,305.02,1.26,D,0
41.48366,36.11551,346.85,0.45,0.39,2024-08-22,1044,N,VIIRS,n,2,306.73,29.93,D,0
41.63142,26.61969,340.6,0.52,0.42,2024-08-22,1044,N,VIIRS,n,2,311.15,14.25,D,0
42.22364,44.1008,329.84,0.36,0.57,2024-08-22,1044,N,VIIRS,n,2,298.77,3.4,D,0
38.89345,41.56962,304.68,0.39,0.36,2024-08-22,2302,N,VIIRS,n,2,293.14,0.87,N,0
38.89541,41.51003,309.77,0.39,0.36,2024-08-22,2302,N,VIIRS,n,2,289.27,0.83,N,0
39.05835,42.5576,323.91,0.38,0.36,2024-08-22,2302,N,VIIRS,n,2,288.08,1.84,N,0
39.06162,42.55845,301.28,0.38,0.36,2024-08-22,2302,N,VIIRS,n,2,288.43,0.58,N,0
39.08218,42.00743,324.38,0.39,0.36,2024-08-22,2302,N,VIIRS,n,2,290.14,1.22,N,0
39.08285,42.00299,301.2,0.39,0.36,2024-08-22,2302,N,VIIRS,n,2,288.37,1.22,N,0
39.16238,42.34384,298.06,0.38,0.36,2024-08-22,2302,N,VIIRS,n,2,287.18,0.53,N,0
39.17147,42.48357,318.9,0.38,0.36,2024-08-22,2302,N,VIIRS,n,2,286.84,1.69,N,0
39.17476,42.48442,297.1,0.38,0.36,2024-08-22,2302,N,VIIRS,n,2,286.57,0.22,N,0
39.24093,42.12059,305.67,0.39,0.36,2024-08-22,2302,N,VIIRS,n,2,286.85,0.7,N,0
39.2508,42.12308,301.18,0.39,0.36,2024-08-22,2302,N,VIIRS,n,2,287.38,0.6,N,0
39.35181,41.83346,302.19,0.39,0.36,2024-08-22,2302,N,VIIRS,n,2,285.62,0.62,N,0
39.45433,42.36874,303.36,0.38,0.36,2024-08-22,2302,N,VIIRS,n,2,286.44,0.59,N,0
39.46022,42.37484,297.12,0.38,0.36,2024-08-22,2302,N,VIIRS,n,2,286.55,0.39,N,0
39.49462,34.88013,308.73,0.46,0.47,2024-08-22,2302,N,VIIRS,n,2,289.97,1.97,N,0
39.49511,34.87473,300.43,0.46,0.47,2024-08-22,2302,N,VIIRS,n,2,289.66,1.97,N,0
39.4985,34.88618,308.06,0.46,0.47,2024-08-22,2302,N,VIIRS,n,2,289.49,2.07,N,0
39.49899,34.88078,330.74,0.46,0.47,2024-08-22,2302,N,VIIRS,n,2,290.25,1.97,N,0
39.50772,34.8327,303.68,0.46,0.47,2024-08-22,2302,N,VIIRS,n,2,290.17,0.74,N,0
39.51589,34.84069,300.67,0.46,0.47,2024-08-22,2302,N,VIIRS,n,2,290.34,0.61,N,0
39.56477,34.99024,310.31,0.45,0.47,2024-08-22,2302,N,VIIRS,n,2,290.12,0.81,N,0
39.65923,43.10293,308.49,0.38,0.36,2024-08-22,2302,N,VIIRS,n,2,287.05,0.81,N,0
39.72348,36.93423,301.46,0.55,0.43,2024-08-22,2302,N,VIIRS,n,2,290.06,1.03,N,2
39.7434,30.19496,297.81,0.41,0.61,2024-08-22,2302,N,VIIRS,n,2,286.11,0.35,N,2
39.76402,42.78195,308.61,0.38,0.36,2024-08-22,2302,N,VIIRS,n,2,284.71,0.91,N,0
39.8105,42.87736,301.26,0.38,0.36,2024-08-22,2302,N,VIIRS,n,2,285.29,0.65,N,0
39.8112,42.87292,298.71,0.38,0.36,2024-08-22,2302,N,VIIRS,n,2,284.72,0.65,N,0
39.83453,30.30108,296.27,0.4,0.6,2024-08-22,2302,N,VIIRS,n,2,284.47,0.4,N,0
39.83781,30.29812,302.42,0.4,0.6,2024-08-22,2302,N,VIIRS,n,2,286.61,0.8,N,2
39.94484,33.19264,302.67,0.57,0.52,2024-08-22,2302,N,VIIRS,n,2,290.51,0.61,N,2
39.96095,33.14485,301.8,0.57,0.52,2024-08-22,2302,N,VIIRS,n,2,289.53,1.0,N,2
39.97507,41.93581,299.26,0.39,0.36,2024-08-22,2302,N,VIIRS,n,2,287.78,0.43,N,0
39.97527,41.97574,321.93,0.39,0.36,2024-08-22,2302,N,VIIRS,n,2,286.79,1.11,N,0
39.9753,41.95237,307.76,0.39,0.36,2024-08-22,2302,N,VIIRS,n,2,287.04,0.59,N,0
39.97861,41.95318,296.32,0.39,0.36,2024-08-22,2302,N,VIIRS,n,2,286.26,0.59,N,0
40.24115,29.9228,300.03,0.43,0.62,2024-08-22,2302,N,VIIRS,n,2,288.61,0.6,N,2
40.57547,43.00805,303.63,0.38,0.36,2024-08-22,2302,N,VIIRS,n,2,286.29,0.95,N,0
40.76696,29.5281,302.38,0.45,0.63,2024-08-22,2302,N,VIIRS,n,2,290.59,0.88,N,2
40.79934,29.37476,308.79,0.46,0.63,2024-08-22,2302,N,VIIRS,n,2,291.17,1.28,N,2
40.80248,29.37511,307.68,0.46,0.63,2024-08-22,2302,N,VIIRS,n,2,291.01,1.12,N,0
41.01891,28.5538,302.08,0.51,0.66,2024-08-22,2302,N,VIIRS,n,2,291.26,0.98,N,2
41.02056,28.55502,304.76,0.51,0.66,2024-08-22,2302,N,VIIRS,n,2,291.96,0.87,N,2
41.25586,31.41392,309.21,0.36,0.58,2024-08-22,2302,N,VIIRS,n,2,288.79,0.98,N,2
41.26056,31.4278,304.38,0.36,0.57,2024-08-22,2302,N,VIIRS,n,2,289.0,1.23,N,2
41.63849,32.30738,299.81,0.33,0.55,2024-08-22,2302,N,VIIRS,n,2,287.88,0.66,N,0
35.52457,44.34217,329.78,0.43,0.38,2024-08-22,2303,N,VIIRS,n,2,297.97,5.37,N,2
35.528,44.34309,347.2,0.43,0.38,2024-08-22,2303,N,VIIRS,n,2,302.9,5.37,N,2
35.52884,44.33847,331.34,0.43,0.38,2024-08-22,2303,N,VIIRS,n,2,298.16,4.18,N,2
35.53227,44.33938,338.64,0.43,0.38,2024-08-22,2303,N,VIIRS,n,2,301.07,2.97,N,2
35.5331,44.33475,327.35,0.43,0.38,2024-08-22,2303,N,VIIRS,n,2,298.99,2.97,N,2
35.53654,44.33566,318.79,0.43,0.38,2024-08-22,2303,N,VIIRS,n,2,299.3,2.97,N,2
35.56517,44.28318,345.41,0.42,0.38,2024-08-22,2303,N,VIIRS,n,2,300.9,7.78,N,2
35.57809,43.6022,317.51,0.41,0.37,2024-08-22,2303,N,VIIRS,n,2,294.87,1.53,N,0
35.61528,43.28279,305.68,0.4,0.37,2024-08-22,2303,N,VIIRS,n,2,294.43,0.55,N,0
35.62918,44.00814,342.06,0.42,0.37,2024-08-22,2303,N,VIIRS,n,2,304.68,8.87,N,2
35.65364,43.35001,329.35,0.4,0.37,2024-08-22,2303,N,VIIRS,n,2,295.69,1.8,N,0
35.6559,43.33687,308.93,0.4,0.37,2024-08-22,2303,N,VIIRS,n,2,295.01,0.89,N,0
35.66186,43.96458,335.43,0.41,0.37,2024-08-22,2303,N,VIIRS,n,2,307.06,11.44,N,2
35.67629,44.0636,312.45,0.42,0.37,2024-08-22,2303,N,VIIRS,n,2,299.42,3.32,N,2
35.68464,43.87616,343.09,0.41,0.37,2024-08-22,2303,N,VIIRS,n,2,312.39,29.34,N,2
35.72576,44.04081,334.09,0.42,0.37,2024-08-22,2303,N,VIIRS,n,2,305.33,10.88,N,2
35.7308,44.03262,330.58,0.42,0.37,2024-08-22,2303,N,VIIRS,n,2,301.03,3.88,N,2
35.77285,43.99627,334.26,0.41,0.37,2024-08-22,2303,N,VIIRS,n,2,300.73,4.64,N,2
35.81333,43.25713,314.68,0.4,0.37,2024-08-22,2303,N,VIIRS,n,2,301.69,2.53,N,2
35.83337,43.22128,320.51,0.4,0.37,2024-08-22,2303,N,VIIRS,n,2,301.13,2.71,N,2
35.92546,43.7894,327.34,0.41,0.37,2024-08-22,2303,N,VIIRS,n,2,300.4,3.26,N,2
35.95399,43.72699,322.02,0.41,0.37,2024-08-22,2303,N,VIIRS,n,2,300.26,2.65,N,2
35.96798,43.76799,314.13,0.41,0.37,2024-08-22,2303,N,VIIRS,n,2,301.69,3.2,N,2
35.97393,43.77432,326.88,0.41,0.37,2024-08-22,2303,N,VIIRS,n,2,300.9,2.16,N,2
35.9747,43.76984,311.01,0.41,0.37,2024-08-22,2303,N,VIIRS,n,2,299.3,2.16,N,2
35.98196,43.76954,318.57,0.41,0.37,2024-08-22,2303,N,VIIRS,n,2,301.74,2.72,N,2
36.01858,43.68142,337.76,0.41,0.37,2024-08-22,2303,N,VIIRS,n,2,303.35,5.53,N,2
36.08233,43.63802,306.64,0.4,0.37,2024-08-22,2303,N,VIIRS,n,2,294.41,1.07,N,0
36.08568,43.63891,307.88,0.4,0.37,2024-08-22,2303,N,VIIRS,n,2,294.62,0.84,N,0
36.11617,38.62234,307.33,0.43,0.38,2024-08-22,2303,N,VIIRS,n,2,296.28,0.98,N,0
36.12736,43.78308,321.67,0.41,0.37,2024-08-22,2303,N,VIIRS,n,2,300.83,3.57,N,2
36.14266,40.81634,330.58,0.39,0.36,2024-08-22,2303,N,VIIRS,n,2,298.86,2.1,N,2
36.1661,41.04736,315.19,0.39,0.36,2024-08-22,2303,N,VIIRS,n,2,299.09,1.16,N,0
36.19799,43.33519,313.89,0.4,0.37,2024-08-22,2303,N,VIIRS,n,2,296.73,1.44,N,0
36.20133,43.33605,321.53,0.4,0.37,2024-08-22,2303,N,VIIRS,n,2,296.41,1.44,N,0
36.20466,43.33691,306.18,0.4,0.37,2024-08-22,2303,N,VIIRS,n,2,295.12,0.55,N,0
36.26087,33.7282,306.07,0.49,0.48,2024-08-22,2303,N,VIIRS,n,2,293.87,1.28,N,2
36.26535,33.72884,313.22,0.49,0.48,2024-08-22,2303,N,VIIRS,n,2,295.68,1.28,N,2
36.44159,42.92903,315.16,0.39,0.36,2024-08-22,2303,N,VIIRS,n,2,300.11,1.37,N,2
36.5399,43.59741,311.86,0.4,0.37,2024-08-22,2303,N,VIIRS,n,2,293.39,1.24,N,0
36.69673,43.69042,311.8,0.4,0.37,2024-08-22,2303,N,VIIRS,n,2,295.5,1.28,N,0
36.69776,36.20779,308.98,0.55,0.43,2024-08-22,2303,N,VIIRS,n,2,295.73,2.75,N,2
36.72093,42.59675,313.18,0.39,0.36,2024-08-22,2303,N,VIIRS,n,2,298.46,1.57,N,2
36.73211,43.28096,321.95,0.39,0.36,2024-08-22,2303,N,VIIRS,n,2,299.86,1.82,N,2
36.74681,43.50048,311.46,0.4,0.37,2024-08-22,2303,N,VIIRS,n,2,298.2,2.11,N,2
36.76469,42.30473,308.66,0.38,0.36,2024-08-22,2303,N,VIIRS,n,2,295.39,1.33,N,0
36.77675,43.32428,334.03,0.39,0.37,2024-08-22,2303,N,VIIRS,n,2,306.65,9.04,N,2
36.82665,39.9215,311.22,0.4,0.37,2024-08-22,2303,N,VIIRS,n,2,293.47,1.11,N,0
36.83003,39.92223,310.62,0.4,0.37,2024-08-22,2303,N,VIIRS,n,2,293.78,0.75,N,0
36.8541,42.98628,318.16,0.39,0.36,2024-08-22,2303,N,VIIRS,n,2,298.25,2.66,N,0
36.86741,34.75942,307.02,0.43,0.46,2024-08-22,2303,N,VIIRS,n,2,295.59,1.51,N,2
36.86836,43.4873,326.07,0.4,0.37,2024-08-22,2303,N,VIIRS,n,2,297.74,3.49,N,2
36.86893,34.76231,315.15,0.43,0.46,2024-08-22,2303,N,VIIRS,n,2,296.16,2.58,N,2
36.8694,34.7575,306.92,0.43,0.46,2024-08-22,2303,N,VIIRS,n,2,295.43,1.24,N,2
36.8712,34.7651,310.25,0.43,0.46,2024-08-22,2303,N,VIIRS,n,2,295.31,1.51,N,2
36.89217,43.42877,336.15,0.4,0.37,2024-08-22,2303,N,VIIRS,n,2,296.2,4.35,N,2
36.90549,43.39098,329.92,0.39,0.37,2024-08-22,2303,N,VIIRS,n,2,294.01,2.54,N,2
36.9088,43.39188,325.52,0.39,0.37,2024-08-22,2303,N,VIIRS,n,2,296.67,2.54,N,2
36.91214,41.13609,316.33,0.39,0.36,2024-08-22,2303,N,VIIRS,n,2,296.86,1.47,N,0
36.91422,41.89523,315.58,0.38,0.36,2024-08-22,2303,N,VIIRS,n,2,295.77,0.82,N,2
36.93485,42.13011,322.11,0.38,0.36,2024-08-22,2303,N,VIIRS,n,2,299.85,1.81,N,2
36.93711,30.64886,308.4,0.37,0.58,2024-08-22,2303,N,VIIRS,n,2,291.93,0.93,N,2
36.93737,30.64473,304.74,0.37,0.58,2024-08-22,2303,N,VIIRS,n,2,291.65,0.93,N,2
36.93814,42.13092,314.55,0.38,0.36,2024-08-22,2303,N,VIIRS,n,2,301.07,1.81,N,2
36.94188,42.17188,322.14,0.38,0.36,2024-08-22,2303,N,VIIRS,n,2,300.13,2.31,N,2
36.948,42.13335,330.76,0.38,0.36,2024-08-22,2303,N,VIIRS,n,2,301.82,3.19,N,2
36.94868,42.12907,313.65,0.38,0.36,2024-08-22,2303,N,VIIRS,n,2,300.05,3.18,N,2
36.96271,42.08363,315.16,0.38,0.36,2024-08-22,2303,N,VIIRS,n,2,295.81,0.91,N,2
36.97727,39.83968,332.24,0.41,0.37,2024-08-22,2303,N,VIIRS,n,2,294.31,3.55,N,0
36.97806,43.44404,302.24,0.4,0.37,2024-08-22,2303,N,VIIRS,n,2,292.0,0.39,N,0
36.97813,39.85861,311.9,0.41,0.37,2024-08-22,2303,N,VIIRS,n,2,292.54,0.62,N,0
36.98066,39.84042,321.4,0.41,0.37,2024-08-22,2303,N,VIIRS,n,2,293.88,3.55,N,0
36.99606,41.56272,307.03,0.38,0.36,2024-08-22,2303,N,VIIRS,n,2,295.11,0.91,N,2
37.0769,42.5583,318.63,0.39,0.36,2024-08-22,2303,N,VIIRS,n,2,300.75,3.44,N,2
37.15639,42.21213,308.37,0.38,0.36,2024-08-22,2303,N,VIIRS,n,2,296.41,0.93,N,0
37.16865,42.61983,317.2,0.39,0.36,2024-08-22,2303,N,VIIRS,n,2,294.22,1.12,N,0
37.16935,42.61552,327.76,0.39,0.36,2024-08-22,2303,N,VIIRS,n,2,296.16,2.52,N,0
37.17145,42.6026,320.03,0.39,0.36,2024-08-22,2303,N,VIIRS,n,2,296.3,1.64,N,0
37.29383,37.15868,314.52,0.5,0.41,2024-08-22,2303,N,VIIRS,n,2,296.14,2.25,N,2
37.32491,36.03938,312.31,0.57,0.43,2024-08-22,2303,N,VIIRS,n,2,293.92,1.8,N,0
37.33654,40.80347,305.72,0.39,0.36,2024-08-22,2303,N,VIIRS,n,2,295.21,0.8,N,2
37.33987,40.80424,309.38,0.39,0.36,2024-08-22,2303,N,VIIRS,n,2,295.82,1.02,N,2
37.35107,37.16303,307.37,0.51,0.41,2024-08-22,2303,N,VIIRS,n,2,296.05,1.15,N,2
37.39823,35.92436,317.37,0.38,0.44,2024-08-22,2303,N,VIIRS,n,2,292.96,1.32,N,0
37.39824,35.92623,312.72,0.38,0.44,2024-08-22,2303,N,VIIRS,n,2,292.93,1.56,N,0
37.65201,39.18466,323.57,0.43,0.38,2024-08-22,2303,N,VIIRS,n,2,294.61,1.86,N,0
37.65781,39.1409,313.17,0.43,0.38,2024-08-22,2303,N,VIIRS,n,2,294.37,1.0,N,0
37.66065,39.14651,329.38,0.43,0.38,2024-08-22,2303,N,VIIRS,n,2,295.92,2.55,N,0
37.66129,39.14165,321.03,0.43,0.38,2024-08-22,2303,N,VIIRS,n,2,295.41,2.86,N,0
37.66132,39.14331,340.02,0.43,0.38,2024-08-22,2303,N,VIIRS,n,2,295.91,3.91,N,0
37.79117,31.68329,304.08,0.33,0.55,2024-08-22,2303,N,VIIRS,n,2,287.83,0.54,N,0
37.79504,31.7029,297.96,0.33,0.55,2024-08-22,2303,N,VIIRS,n,2,287.74,0.35,N,0
37.86967,40.68304,317.67,0.4,0.37,2024-08-22,2303,N,VIIRS,n,2,294.03,1.44,N,0
37.90137,31.61029,326.87,0.33,0.55,2024-08-22,2303,N,VIIRS,n,2,287.81,2.5,N,0
37.90163,31.60638,332.7,0.33,0.55,2024-08-22,2303,N,VIIRS,n,2,288.43,3.84,N,0
37.9616,41.70185,308.45,0.39,0.36,2024-08-22,2303,N,VIIRS,n,2,297.6,1.52,N,2
38.01571,40.39229,335.99,0.4,0.37,2024-08-22,2303,N,VIIRS,n,2,295.16,2.29,N,0
38.01635,40.38773,312.95,0.4,0.37,2024-08-22,2303,N,VIIRS,n,2,292.67,2.29,N,0
38.13946,30.88145,301.56,0.36,0.58,2024-08-22,2303,N,VIIRS,n,2,289.15,0.88,N,0
38.14553,30.86961,303.41,0.36,0.58,2024-08-22,2303,N,VIIRS,n,2,289.25,1.11,N,0
38.26769,32.57006,298.93,0.59,0.53,2024-08-22,2303,N,VIIRS,n,2,288.8,1.25,N,0
38.30817,32.62324,304.06,0.59,0.53,2024-08-22,2303,N,VIIRS,n,2,288.65,0.72,N,0
38.3101,32.62233,305.55,0.59,0.53,2024-08-22,2303,N,VIIRS,n,2,288.76,1.37,N,0
38.36813,32.96686,309.82,0.56,0.52,2024-08-22,2303,N,VIIRS,n,2,289.44,2.64,N,0
38.37292,32.96745,339.63,0.56,0.52,2024-08-22,2303,N,VIIRS,n,2,291.29,4.09,N,0
38.37342,32.96091,300.23,0.56,0.52,2024-08-22,2303,N,VIIRS,n,2,289.38,4.09,N,0
38.45403,38.72852,313.28,0.45,0.39,2024-08-22,2303,N,VIIRS,n,2,298.82,2.39,N,2
38.74627,26.94803,305.39,0.6,0.7,2024-08-22,2303,N,VIIRS,n,2,293.25,2.22,N,2
38.75322,26.93383,304.73,0.6,0.71,2024-08-22,2303,N,VIIRS,n,2,292.32,0.88,N,0
38.80085,36.09769,302.95,0.39,0.44,2024-08-22,2303,N,VIIRS,n,2,287.6,0.82,N,0
38.9929,34.65559,298.77,0.47,0.47,2024-08-22,2303,N,VIIRS,n,2,287.32,0.76,N,0
39.01349,34.5592,299.79,0.47,0.48,2024-08-22,2303,N,VIIRS,n,2,288.58,0.71,N,0
39.01446,34.56427,299.25,0.47,0.48,2024-08-22,2303,N,VIIRS,n,2,288.53,0.57,N,0
39.01495,34.5588,300.83,0.47,0.48,2024-08-22,2303,N,VIIRS,n,2,289.14,0.71,N,0
39.01746,34.56517,302.24,0.47,0.48,2024-08-22,2303,N,VIIRS,n,2,288.33,0.7,N,0
39.1785,34.65579,300.5,0.47,0.48,2024-08-22,2303,N,VIIRS,n,2,289.42,1.83,N,0
39.17898,34.65036,322.3,0.47,0.48,2024-08-22,2303,N,VIIRS,n,2,290.86,1.83,N,0
39.18338,34.65097,307.13,0.47,0.48,2024-08-22,2303,N,VIIRS,n,2,290.49,1.83,N,0
39.26804,33.63425,318.75,0.53,0.5,2024-08-22,2303,N,VIIRS,n,2,292.27,2.92,N,0
39.46041,31.01583,321.83,0.37,0.58,2024-08-22,2303,N,VIIRS,n,2,286.33,1.32,N,0
41.25375,31.41226,312.44,0.41,0.6,2024-08-23,42,N,VIIRS,n,2,288.76,1.23,N,2
41.2683,31.42494,306.27,0.41,0.61,2024-08-23,42,N,VIIRS,n,2,289.69,0.92,N,2
42.47543,26.12834,304.27,0.42,0.46,2024-08-23,42,N,VIIRS,n,2,290.1,0.9,N,0
37.89779,31.60285,317.99,0.52,0.67,2024-08-23,43,N,VIIRS,n,2,286.49,2.03,N,0
37.90361,31.60564,297.63,0.52,0.67,2024-08-23,43,N,VIIRS,n,2,285.59,0.8,N,0
38.13927,30.88308,299.68,0.47,0.64,2024-08-23,43,N,VIIRS,n,2,288.16,0.93,N,0
38.37435,32.96716,307.49,0.59,0.7,2024-08-23,43,N,VIIRS,n,2,286.99,1.98,N,0
38.37546,32.96683,306.9,0.59,0.7,2024-08-23,43,N,VIIRS,n,2,286.8,1.62,N,0
38.65813,30.61736,309.29,0.44,0.62,2024-08-23,43,N,VIIRS,n,2,286.82,1.6,N,2
38.73677,26.9428,309.3,0.57,0.52,2024-08-23,43,N,VIIRS,n,2,296.69,2.32,N,2
38.746,26.94653,315.29,0.57,0.52,2024-08-23,43,N,VIIRS,n,2,294.22,2.08,N,2
38.75372,26.93568,304.89,0.57,0.52,2024-08-23,43,N,VIIRS,n,2,294.15,1.12,N,0
38.78764,26.92114,308.65,0.57,0.52,2024-08-23,43,N,VIIRS,n,2,294.77,1.95,N,0
39.17942,34.65144,301.46,0.67,0.74,2024-08-23,43,N,VIIRS,n,2,287.59,1.12,N,0
39.18185,34.65046,298.95,0.67,0.74,2024-08-23,43,N,VIIRS,n,2,287.56,0.87,N,0
39.45806,31.01786,302.47,0.44,0.62,2024-08-23,43,N,VIIRS,n,2,285.02,1.96,N,0
39.45947,31.0129,329.73,0.44,0.62,2024-08-23,43,N,VIIRS,n,2,285.8,3.55,N,0
39.49856,34.88773,311.32,0.67,0.74,2024-08-23,43,N,VIIRS,n,2,286.87,2.53,N,0
39.50102,34.88018,301.3,0.67,0.74,2024-08-23,43,N,VIIRS,n,2,286.74,2.98,N,0
39.86523,26.24149,308.57,0.49,0.49,2024-08-23,43,N,VIIRS,n,2,293.64,1.31,N,2
40.75625,29.76091,304.27,0.35,0.57,2024-08-23,43,N,VIIRS,n,2,290.93,0.97,N,2
40.77692,30.50067,301.79,0.38,0.59,2024-08-23,43,N,VIIRS,n,2,287.64,0.77,N,0
40.77898,30.49839,307.69,0.38,0.59,2024-08-23,43,N,VIIRS,n,2,287.89,0.56,N,0
41.02201,28.55289,309.94,0.6,0.53,2024-08-23,43,N,VIIRS,n,2,292.71,2.07,N,2
41.67665,27.32717,308.19,0.5,0.49,2024-08-23,43,N,VIIRS,n,2,289.4,2.08,N,0
41.97418,26.81973,314.71,0.47,0.48,2024-08-23,43,N,VIIRS,n,2,290.7,2.98,N,0
35.59789,36.58059,350.24,0.41,0.37,2024-08-23,1023,N,VIIRS,n,2,319.64,10.68,D,0
35.61911,43.46099,367.0,0.49,0.4,2024-08-23,1023,N,VIIRS,h,2,350.34,120.0,D,0
35.62283,43.46036,351.53,0.49,0.4,2024-08-23,1023,N,VIIRS,n,2,323.18,11.4,D,0
36.05789,43.95716,367.0,0.52,0.42,2024-08-23,1023,N,VIIRS,h,2,339.52,112.96,D,0
36.06172,43.95652,355.45,0.52,0.42,2024-08-23,1023,N,VIIRS,n,2,327.65,12.03,D,0
36.26317,33.73004,335.79,0.51,0.41,2024-08-23,1024,N,VIIRS,n,2,303.37,3.42,D,2
37.04573,35.83956,339.34,0.42,0.38,2024-08-23,1024,N,VIIRS,n,2,305.44,2.35,D,0
37.13583,43.08902,354.52,0.49,0.4,2024-08-23,1024,N,VIIRS,n,2,322.12,26.37,D,0
37.14317,36.13261,335.23,0.41,0.37,2024-08-23,1024,N,VIIRS,n,2,305.04,2.43,D,0
37.14756,36.11703,346.93,0.41,0.37,2024-08-23,1024,N,VIIRS,n,2,310.12,8.83,D,0
37.16851,42.60605,351.35,0.47,0.4,2024-08-23,1024,N,VIIRS,n,2,323.41,17.95,D,0
37.17277,42.61068,367.0,0.47,0.4,2024-08-23,1024,N,VIIRS,h,2,324.97,26.62,D,0
37.18246,36.07557,346.35,0.41,0.37,2024-08-23,1024,N,VIIRS,n,2,311.54,14.04,D,0
37.22821,36.42121,344.11,0.4,0.37,2024-08-23,1024,N,VIIRS,n,2,312.12,4.67,D,0
37.32072,43.65181,340.9,0.52,0.42,2024-08-23,1024,N,VIIRS,n,2,315.79,3.77,D,0
37.35125,36.03209,356.1,0.41,0.37,2024-08-23,1024,N,VIIRS,n,2,316.78,77.09,D,0
37.40692,35.92675,349.92,0.41,0.37,2024-08-23,1024,N,VIIRS,n,2,312.21,11.52,D,0
37.41031,35.92583,340.95,0.41,0.37,2024-08-23,1024,N,VIIRS,n,2,306.94,11.52,D,0
37.63759,31.60656,333.81,0.41,0.45,2024-08-23,1024,N,VIIRS,n,2,300.29,3.15,D,3
38.63874,41.98034,353.75,0.46,0.39,2024-08-23,1024,N,VIIRS,n,2,321.51,37.55,D,0
38.76173,41.80242,347.28,0.45,0.39,2024-08-23,1024,N,VIIRS,n,2,320.25,9.59,D,0
38.76234,41.80751,367.0,0.45,0.39,2024-08-23,1024,N,VIIRS,h,2,324.56,16.11,D,0
38.77495,41.81286,353.24,0.46,0.39,2024-08-23,1024,N,VIIRS,n,2,321.6,12.06,D,0
38.97869,41.97179,351.4,0.46,0.39,2024-08-23,1024,N,VIIRS,n,2,322.13,10.83,D,0
38.97932,41.9771,367.0,0.46,0.39,2024-08-23,1024,N,VIIRS,h,2,323.02,14.6,D,0
38.98294,41.97644,348.54,0.46,0.39,2024-08-23,1024,N,VIIRS,n,2,319.39,10.69,D,0
39.04118,37.25119,349.3,0.39,0.36,2024-08-23,1024,N,VIIRS,n,2,319.11,10.5,D,0
39.05571,37.25658,354.14,0.39,0.36,2024-08-23,1024,N,VIIRS,n,2,323.03,8.89,D,0
39.0562,37.23811,348.57,0.39,0.36,2024-08-23,1024,N,VIIRS,n,2,319.96,8.91,D,0
39.78695,42.88327,343.53,0.51,0.41,2024-08-23,1024,N,VIIRS,n,2,312.77,5.67,D,0
38.46273,31.35222,345.44,0.4,0.44,2024-08-23,1025,N,VIIRS,n,2,309.08,7.47,D,0
38.74248,26.94942,336.45,0.33,0.55,2024-08-23,1025,N,VIIRS,n,2,306.14,3.31,D,2
39.37112,32.15228,341.59,0.53,0.42,2024-08-23,1025,N,VIIRS,n,2,308.5,5.96,D,0
39.37489,32.15102,337.52,0.53,0.42,2024-08-23,1025,N,VIIRS,n,2,305.74,2.54,D,0
39.81013,26.21434,338.12,0.34,0.56,2024-08-23,1025,N,VIIRS,n,2,302.02,2.53,D,0
40.31136,28.02162,342.71,0.53,0.5,2024-08-23,1025,N,VIIRS,n,2,300.37,4.85,D,0
41.45667,32.20867,333.31,0.49,0.4,2024-08-23,1025,N,VIIRS,n,2,297.65,5.44,D,0
42.30807,43.96001,338.01,0.41,0.45,2024-08-23,1025,N,VIIRS,n,2,305.23,4.53,D,0
38.028,28.55082,347.11,0.63,0.72,2024-08-23,1205,N,VIIRS,n,2,294.46,10.54,D,0
40.19224,28.35434,332.43,0.62,0.72,2024-08-23,1206,N,VIIRS,n,2,297.94,3.91,D,0
38.9873,42.02512,300.57,0.52,0.42,2024-08-23,2243,N,VIIRS,n,2,285.76,1.21,N,0
38.98859,42.03086,303.01,0.52,0.42,2024-08-23,2243,N,VIIRS,n,2,285.24,1.07,N,0
38.98927,42.02483,308.72,0.52,0.42,2024-08-23,2243,N,VIIRS,n,2,285.79,1.37,N,0
38.99047,42.03187,304.43,0.52,0.42,2024-08-23,2243,N,VIIRS,n,2,286.02,1.21,N,0
38.99158,41.96951,296.77,0.52,0.42,2024-08-23,2243,N,VIIRS,n,2,285.64,0.62,N,0
38.99241,42.03159,302.05,0.52,0.42,2024-08-23,2243,N,VIIRS,n,2,286.57,1.07,N,0
38.99315,41.97039,308.24,0.52,0.42,2024-08-23,2243,N,VIIRS,n,2,286.18,0.98,N,0
38.99429,42.0326,304.56,0.52,0.42,2024-08-23,2243,N,VIIRS,n,2,285.85,1.19,N,0
38.99541,41.97018,295.5,0.52,0.42,2024-08-23,2243,N,VIIRS,n,2,285.41,0.55,N,0
39.27499,42.13634,314.15,0.52,0.41,2024-08-23,2243,N,VIIRS,n,2,287.56,2.4,N,0
39.45723,42.3868,310.96,0.51,0.41,2024-08-23,2243,N,VIIRS,n,2,284.76,1.97,N,0
39.72504,36.93494,298.0,0.32,0.55,2024-08-23,2243,N,VIIRS,n,2,287.65,0.5,N,2
39.91374,41.64746,308.6,0.56,0.43,2024-08-23,2243,N,VIIRS,n,2,284.99,1.13,N,0
39.98519,41.9865,308.66,0.54,0.42,2024-08-23,2243,N,VIIRS,n,2,284.91,1.46,N,0
41.17336,32.63478,302.34,0.55,0.68,2024-08-23,2243,N,VIIRS,n,2,287.75,1.45,N,2
41.17392,32.63572,299.86,0.55,0.68,2024-08-23,2243,N,VIIRS,n,2,287.83,0.88,N,2
41.26393,31.42308,311.12,0.64,0.72,2024-08-23,2243,N,VIIRS,n,2,290.57,3.87,N,2
35.52398,44.34367,325.86,0.4,0.37,2024-08-23,2244,N,VIIRS,n,2,300.88,5.16,N,2
35.52735,44.34438,346.88,0.4,0.37,2024-08-23,2244,N,VIIRS,n,2,304.79,5.16,N,2
35.52798,44.33994,327.04,0.4,0.37,2024-08-23,2244,N,VIIRS,n,2,301.25,6.11,N,2
35.53135,44.34066,340.37,0.4,0.37,2024-08-23,2244,N,VIIRS,n,2,303.99,5.77,N,2
35.53198,44.33622,311.69,0.4,0.37,2024-08-23,2244,N,VIIRS,n,2,301.43,5.77,N,2
35.53535,44.33695,333.16,0.4,0.37,2024-08-23,2244,N,VIIRS,n,2,302.33,5.77,N,2
35.56377,44.28344,333.0,0.4,0.37,2024-08-23,2244,N,VIIRS,n,2,302.54,5.7,N,2
35.62649,44.00999,310.17,0.41,0.37,2024-08-23,2244,N,VIIRS,n,2,298.49,3.33,N,2
35.62915,44.00867,340.16,0.41,0.37,2024-08-23,2244,N,VIIRS,n,2,304.92,9.62,N,2
35.6299,44.01068,330.09,0.41,0.37,2024-08-23,2244,N,VIIRS,n,2,303.3,3.33,N,2
35.63054,44.00615,324.47,0.41,0.37,2024-08-23,2244,N,VIIRS,n,2,298.16,3.33,N,2
35.66326,43.96448,341.64,0.41,0.37,2024-08-23,2244,N,VIIRS,n,2,307.03,11.38,N,2
35.67753,44.06524,318.46,0.41,0.37,2024-08-23,2244,N,VIIRS,n,2,300.15,1.47,N,2
35.67815,44.06072,311.47,0.41,0.37,2024-08-23,2244,N,VIIRS,n,2,298.53,1.47,N,0
35.68593,43.87539,331.05,0.41,0.37,2024-08-23,2244,N,VIIRS,n,2,311.58,32.56,N,2
35.72279,44.04228,322.12,0.41,0.37,2024-08-23,2244,N,VIIRS,n,2,300.51,2.62,N,2
35.72342,44.03773,314.22,0.41,0.37,2024-08-23,2244,N,VIIRS,n,2,300.78,2.18,N,2
35.7262,44.043,330.47,0.41,0.37,2024-08-23,2244,N,VIIRS,n,2,302.97,2.62,N,2
35.72683,44.03848,321.07,0.41,0.37,2024-08-23,2244,N,VIIRS,n,2,302.14,2.18,N,2
35.72746,44.03394,319.37,0.41,0.37,2024-08-23,2244,N,VIIRS,n,2,299.7,2.18,N,2
35.73087,44.03467,330.96,0.41,0.37,2024-08-23,2244,N,VIIRS,n,2,302.78,3.42,N,2
35.77091,43.99395,318.0,0.41,0.37,2024-08-23,2244,N,VIIRS,n,2,301.9,3.51,N,2
35.77433,43.99469,330.27,0.41,0.37,2024-08-23,2244,N,VIIRS,n,2,303.13,4.6,N,2
35.81477,43.25733,311.13,0.43,0.38,2024-08-23,2244,N,VIIRS,n,2,300.19,1.56,N,2
35.9237,43.79147,312.39,0.42,0.38,2024-08-23,2244,N,VIIRS,n,2,298.71,1.71,N,2
35.92432,43.78682,318.14,0.42,0.38,2024-08-23,2244,N,VIIRS,n,2,300.91,1.71,N,2
35.95377,43.72591,312.9,0.42,0.38,2024-08-23,2244,N,VIIRS,n,2,299.79,2.61,N,2
35.96597,43.76674,313.91,0.42,0.38,2024-08-23,2244,N,VIIRS,n,2,301.31,3.41,N,2
35.97225,43.77268,329.84,0.42,0.38,2024-08-23,2244,N,VIIRS,n,2,302.02,5.03,N,2
35.97978,43.7694,316.34,0.42,0.38,2024-08-23,2244,N,VIIRS,n,2,302.13,3.44,N,2
36.01787,43.68336,337.56,0.42,0.38,2024-08-23,2244,N,VIIRS,n,2,303.82,6.19,N,2
36.08424,43.63882,313.86,0.42,0.38,2024-08-23,2244,N,VIIRS,n,2,297.64,1.1,N,0
36.09937,43.63221,314.26,0.42,0.38,2024-08-23,2244,N,VIIRS,n,2,297.1,1.4,N,0
36.12685,43.7803,315.22,0.42,0.38,2024-08-23,2244,N,VIIRS,n,2,299.65,2.72,N,2
36.14168,40.81749,326.85,0.55,0.43,2024-08-23,2244,N,VIIRS,n,2,297.67,1.96,N,2
36.22754,43.34264,307.48,0.43,0.38,2024-08-23,2244,N,VIIRS,n,2,296.89,1.79,N,0
36.26188,33.72609,313.82,0.45,0.63,2024-08-23,2244,N,VIIRS,n,2,291.19,1.99,N,2
36.2631,33.73001,308.04,0.45,0.63,2024-08-23,2244,N,VIIRS,n,2,291.15,0.91,N,2
36.26335,33.72511,305.2,0.45,0.63,2024-08-23,2244,N,VIIRS,n,2,290.63,0.91,N,2
36.31441,43.7437,310.86,0.42,0.38,2024-08-23,2244,N,VIIRS,n,2,299.7,1.92,N,2
36.33204,44.3987,313.25,0.41,0.37,2024-08-23,2244,N,VIIRS,n,2,298.22,1.36,N,0
36.33223,44.39654,311.9,0.41,0.37,2024-08-23,2244,N,VIIRS,n,2,297.78,1.83,N,0
36.33545,44.39919,317.85,0.41,0.37,2024-08-23,2244,N,VIIRS,n,2,299.22,1.36,N,0
36.60407,43.53962,322.36,0.43,0.38,2024-08-23,2244,N,VIIRS,n,2,298.6,2.41,N,0
36.62906,43.4305,305.77,0.43,0.38,2024-08-23,2244,N,VIIRS,n,2,294.46,0.87,N,0
36.63256,43.4312,308.23,0.43,0.38,2024-08-23,2244,N,VIIRS,n,2,293.85,0.55,N,0
36.67146,42.53756,306.04,0.47,0.4,2024-08-23,2244,N,VIIRS,n,2,294.29,1.48,N,0
36.68676,43.67801,315.3,0.43,0.38,2024-08-23,2244,N,VIIRS,n,2,298.52,1.93,N,0
36.68739,43.67321,322.14,0.43,0.38,2024-08-23,2244,N,VIIRS,n,2,298.45,1.93,N,0
36.70484,42.95189,306.07,0.45,0.39,2024-08-23,2244,N,VIIRS,n,2,295.63,0.84,N,0
36.73113,43.27911,314.71,0.44,0.38,2024-08-23,2244,N,VIIRS,n,2,299.58,2.37,N,2
36.74628,43.49712,315.15,0.43,0.38,2024-08-23,2244,N,VIIRS,n,2,296.98,3.03,N,2
36.77601,43.32408,334.74,0.44,0.38,2024-08-23,2244,N,VIIRS,n,2,303.46,8.92,N,2
36.86954,43.48669,327.73,0.44,0.38,2024-08-23,2244,N,VIIRS,n,2,298.49,3.19,N,2
36.89124,43.42906,331.88,0.44,0.38,2024-08-23,2244,N,VIIRS,n,2,296.01,3.86,N,2
36.8917,43.42732,330.72,0.44,0.38,2024-08-23,2244,N,VIIRS,n,2,295.33,4.58,N,2
36.90736,43.38721,333.86,0.44,0.38,2024-08-23,2244,N,VIIRS,n,2,296.99,5.69,N,2
36.90814,43.46587,313.94,0.44,0.38,2024-08-23,2244,N,VIIRS,n,2,295.5,2.08,N,0
36.9106,43.44663,320.05,0.44,0.38,2024-08-23,2244,N,VIIRS,n,2,294.78,1.52,N,0
36.91368,41.89649,316.71,0.5,0.41,2024-08-23,2244,N,VIIRS,n,2,294.74,1.06,N,2
36.91415,43.44703,305.51,0.44,0.38,2024-08-23,2244,N,VIIRS,n,2,294.4,1.52,N,0
36.9347,34.91418,302.93,0.39,0.59,2024-08-23,2244,N,VIIRS,n,2,291.6,1.32,N,0
36.93597,42.1291,319.79,0.49,0.4,2024-08-23,2244,N,VIIRS,n,2,297.15,2.37,N,2
36.93726,41.44633,317.08,0.53,0.42,2024-08-23,2244,N,VIIRS,n,2,297.87,1.67,N,0
36.93791,41.4404,307.65,0.53,0.42,2024-08-23,2244,N,VIIRS,n,2,295.97,1.67,N,0
36.9425,42.16949,314.84,0.49,0.4,2024-08-23,2244,N,VIIRS,n,2,296.96,1.15,N,2
36.94327,42.17059,310.5,0.49,0.4,2024-08-23,2244,N,VIIRS,n,2,296.88,1.21,N,2
36.94712,42.13116,333.42,0.49,0.4,2024-08-23,2244,N,VIIRS,n,2,300.66,8.68,N,2
36.94769,42.1322,338.62,0.49,0.4,2024-08-23,2244,N,VIIRS,n,2,299.77,8.78,N,2
36.96462,42.08422,315.65,0.49,0.4,2024-08-23,2244,N,VIIRS,n,2,295.11,0.82,N,2
36.97472,42.19342,308.27,0.49,0.4,2024-08-23,2244,N,VIIRS,n,2,295.15,1.17,N,0
36.97842,42.19413,306.54,0.49,0.4,2024-08-23,2244,N,VIIRS,n,2,295.62,1.0,N,0
36.97907,42.18863,310.03,0.49,0.4,2024-08-23,2244,N,VIIRS,n,2,295.64,1.0,N,0
37.00095,42.68853,313.24,0.47,0.39,2024-08-23,2244,N,VIIRS,n,2,295.55,2.03,N,0
37.00158,42.68325,323.66,0.47,0.39,2024-08-23,2244,N,VIIRS,n,2,296.58,2.03,N,0
37.00222,42.67797,306.95,0.47,0.39,2024-08-23,2244,N,VIIRS,n,2,294.64,1.08,N,0
37.00457,42.68927,315.15,0.47,0.39,2024-08-23,2244,N,VIIRS,n,2,295.75,1.28,N,0
37.0052,42.68399,310.58,0.47,0.39,2024-08-23,2244,N,VIIRS,n,2,294.82,1.28,N,0
37.07639,42.55744,310.16,0.47,0.4,2024-08-23,2244,N,VIIRS,n,2,298.37,1.96,N,2
37.15464,41.93204,332.72,0.5,0.41,2024-08-23,2244,N,VIIRS,n,2,296.93,4.07,N,0
37.1584,41.93272,323.07,0.5,0.41,2024-08-23,2244,N,VIIRS,n,2,294.61,4.07,N,0
37.20119,39.73466,335.62,0.43,0.46,2024-08-23,2244,N,VIIRS,n,2,293.34,2.55,N,0
37.20223,39.73347,330.72,0.43,0.46,2024-08-23,2244,N,VIIRS,n,2,292.96,3.17,N,0
37.20269,42.39943,311.98,0.48,0.4,2024-08-23,2244,N,VIIRS,n,2,293.83,1.2,N,0
37.23136,39.91063,313.03,0.42,0.45,2024-08-23,2244,N,VIIRS,n,2,293.65,2.2,N,0
37.2944,37.15374,306.84,0.59,0.53,2024-08-23,2244,N,VIIRS,n,2,295.38,1.82,N,2
37.30123,37.15637,307.4,0.59,0.53,2024-08-23,2244,N,VIIRS,n,2,294.13,1.39,N,2
37.40527,39.29028,304.41,0.45,0.47,2024-08-23,2244,N,VIIRS,n,2,292.31,0.65,N,0
38.0174,40.20099,311.81,0.41,0.45,2024-08-23,2244,N,VIIRS,n,2,293.78,1.14,N,0
38.58743,36.21165,306.64,0.34,0.56,2024-08-23,2244,N,VIIRS,n,2,286.04,0.81,N,0
39.48373,30.03865,296.58,0.74,0.76,2024-08-23,2244,N,VIIRS,n,2,279.77,1.35,N,2
37.35213,37.16204,305.23,0.59,0.7,2024-08-24,24,N,VIIRS,n,2,294.0,1.33,N,2
38.65696,30.61842,307.13,0.5,0.49,2024-08-24,24,N,VIIRS,n,2,288.35,1.52,N,2
39.48702,30.03951,298.0,0.45,0.47,2024-08-24,24,N,VIIRS,n,2,287.74,0.7,N,2
39.86581,26.24614,319.08,0.46,0.39,2024-08-24,24,N,VIIRS,n,2,294.83,1.35,N,2
40.75678,31.78404,300.7,0.51,0.5,2024-08-24,24,N,VIIRS,n,2,287.0,0.71,N,2
40.75851,29.76014,306.52,0.41,0.45,2024-08-24,24,N,VIIRS,n,2,294.67,1.31,N,2
40.76681,29.52913,309.73,0.4,0.44,2024-08-24,24,N,VIIRS,n,2,294.25,1.71,N,2
40.78133,29.59943,304.68,0.4,0.44,2024-08-24,24,N,VIIRS,n,2,293.64,1.3,N,2
40.78374,29.5304,304.9,0.4,0.44,2024-08-24,24,N,VIIRS,n,2,292.76,0.82,N,0
41.02047,28.55463,315.71,0.54,0.42,2024-08-24,24,N,VIIRS,n,2,293.14,1.94,N,2
41.17476,32.63206,305.15,0.55,0.51,2024-08-24,24,N,VIIRS,n,2,288.93,1.78,N,2
41.25426,31.41348,328.67,0.48,0.48,2024-08-24,24,N,VIIRS,n,2,292.03,2.67,N,2
41.26577,31.42438,320.05,0.48,0.48,2024-08-24,24,N,VIIRS,n,2,294.6,3.02,N,2
41.27005,31.42615,302.6,0.48,0.48,2024-08-24,24,N,VIIRS,n,2,291.55,0.86,N,0
41.79839,26.70147,302.79,0.45,0.39,2024-08-24,24,N,VIIRS,n,2,291.21,0.99,N,2
36.26207,33.72767,305.47,0.42,0.61,2024-08-24,25,N,VIIRS,n,2,291.46,0.63,N,2
38.13828,30.88428,300.76,0.54,0.5,2024-08-24,25,N,VIIRS,n,2,288.1,1.37,N,0
38.42609,27.21892,309.92,0.53,0.42,2024-08-24,25,N,VIIRS,n,2,295.95,1.9,N,2
38.73772,26.94612,318.53,0.51,0.41,2024-08-24,25,N,VIIRS,n,2,299.75,3.81,N,2
38.74115,26.92904,315.78,0.5,0.41,2024-08-24,25,N,VIIRS,n,2,296.84,2.42,N,2
38.74511,26.94855,321.29,0.51,0.41,2024-08-24,25,N,VIIRS,n,2,296.26,2.9,N,2
38.78647,26.92054,317.89,0.5,0.41,2024-08-24,25,N,VIIRS,n,2,296.69,2.48,N,3
35.68525,43.8755,367.0,0.38,0.36,2024-08-24,1004,N,VIIRS,h,2,340.08,31.16,D,2
36.28928,43.61124,350.51,0.38,0.36,2024-08-24,1004,N,VIIRS,n,2,324.94,11.21,D,0
36.04304,36.30081,343.1,0.44,0.46,2024-08-24,1005,N,VIIRS,n,2,302.48,4.77,D,0
36.196,38.63541,345.92,0.51,0.41,2024-08-24,1005,N,VIIRS,n,2,317.44,5.28,D,0
36.31163,36.33631,343.26,0.43,0.46,2024-08-24,1005,N,VIIRS,n,2,301.33,14.55,D,0
36.31266,36.34104,341.77,0.43,0.46,2024-08-24,1005,N,VIIRS,n,2,301.83,14.55,D,0
36.43544,36.458,348.83,0.42,0.45,2024-08-24,1005,N,VIIRS,n,2,303.51,13.02,D,0
36.7396,36.21278,339.37,0.43,0.46,2024-08-24,1005,N,VIIRS,n,2,300.86,4.88,D,2
36.85085,42.78616,355.69,0.39,0.36,2024-08-24,1005,N,VIIRS,n,2,327.89,28.28,D,0
36.85414,42.78536,356.09,0.39,0.36,2024-08-24,1005,N,VIIRS,n,2,326.64,27.32,D,0
36.90672,43.38976,344.31,0.38,0.36,2024-08-24,1005,N,VIIRS,n,2,316.13,5.36,D,2
36.91249,43.45046,344.4,0.38,0.36,2024-08-24,1005,N,VIIRS,n,2,313.32,3.07,D,0
36.91744,35.12333,331.12,0.48,0.48,2024-08-24,1005,N,VIIRS,n,2,299.16,2.0,D,0
36.92981,39.78992,353.66,0.45,0.39,2024-08-24,1005,N,VIIRS,n,2,321.81,43.37,D,0
36.93331,39.78891,350.78,0.45,0.39,2024-08-24,1005,N,VIIRS,n,2,318.18,7.12,D,0
36.93681,39.78792,350.08,0.45,0.39,2024-08-24,1005,N,VIIRS,n,2,318.28,7.12,D,0
36.93771,39.79284,349.88,0.45,0.39,2024-08-24,1005,N,VIIRS,n,2,318.98,14.3,D,0
36.96564,35.77009,332.73,0.45,0.47,2024-08-24,1005,N,VIIRS,n,2,300.98,3.39,D,0
36.98605,35.67795,339.36,0.45,0.47,2024-08-24,1005,N,VIIRS,n,2,302.99,5.98,D,0
37.07018,35.94734,334.7,0.44,0.46,2024-08-24,1005,N,VIIRS,n,2,297.8,6.03,D,0
37.07326,35.94112,346.51,0.44,0.46,2024-08-24,1005,N,VIIRS,n,2,300.31,4.58,D,0
37.07432,35.94593,350.91,0.44,0.46,2024-08-24,1005,N,VIIRS,n,2,302.12,6.03,D,0
37.0828,36.06309,336.05,0.43,0.46,2024-08-24,1005,N,VIIRS,n,2,299.9,5.76,D,0
37.08309,36.06611,338.64,0.43,0.46,2024-08-24,1005,N,VIIRS,n,2,299.2,1.97,D,0
37.11307,36.20487,335.43,0.42,0.45,2024-08-24,1005,N,VIIRS,n,2,299.49,4.11,D,0
37.11407,36.20959,341.97,0.42,0.45,2024-08-24,1005,N,VIIRS,n,2,301.0,4.11,D,0
37.11415,36.2074,367.0,0.42,0.45,2024-08-24,1005,N,VIIRS,h,2,301.19,9.7,D,0
37.11815,36.20821,333.26,0.42,0.45,2024-08-24,1005,N,VIIRS,n,2,301.4,4.11,D,0
37.14279,36.09685,354.65,0.43,0.46,2024-08-24,1005,N,VIIRS,n,2,304.91,8.43,D,0
37.14381,36.10157,331.16,0.43,0.46,2024-08-24,1005,N,VIIRS,n,2,299.75,8.43,D,0
37.1469,36.07516,332.91,0.43,0.46,2024-08-24,1005,N,VIIRS,n,2,300.21,2.17,D,0
37.15604,35.75343,337.37,0.44,0.46,2024-08-24,1005,N,VIIRS,n,2,304.2,6.86,D,0
37.15712,35.75833,350.2,0.44,0.46,2024-08-24,1005,N,VIIRS,n,2,301.44,6.86,D,0
37.16022,35.75202,348.07,0.44,0.46,2024-08-24,1005,N,VIIRS,n,2,304.43,6.86,D,0
37.1613,35.91642,341.34,0.44,0.46,2024-08-24,1005,N,VIIRS,n,2,299.6,9.69,D,0
37.16135,35.91856,333.78,0.44,0.46,2024-08-24,1005,N,VIIRS,n,2,301.45,3.17,D,0
37.17474,35.95829,341.49,0.43,0.46,2024-08-24,1005,N,VIIRS,n,2,302.32,6.28,D,0
37.17504,35.9603,333.07,0.43,0.46,2024-08-24,1005,N,VIIRS,n,2,302.32,2.74,D,0
37.1766,36.11073,339.93,0.43,0.46,2024-08-24,1005,N,VIIRS,n,2,301.1,4.15,D,0
37.18431,43.0957,356.03,0.38,0.36,2024-08-24,1005,N,VIIRS,n,2,325.7,14.08,D,0
37.189,36.06599,335.44,0.43,0.46,2024-08-24,1005,N,VIIRS,n,2,302.97,3.08,D,0
37.18989,36.06765,341.27,0.43,0.46,2024-08-24,1005,N,VIIRS,n,2,303.16,5.53,D,0
37.19001,36.07072,336.66,0.43,0.46,2024-08-24,1005,N,VIIRS,n,2,302.58,3.48,D,0
37.19093,36.07237,333.8,0.43,0.46,2024-08-24,1005,N,VIIRS,n,2,301.88,3.25,D,0
37.19688,35.99904,338.63,0.43,0.46,2024-08-24,1005,N,VIIRS,n,2,304.86,8.21,D,0
37.21727,35.90993,337.92,0.43,0.46,2024-08-24,1005,N,VIIRS,n,2,299.7,5.06,D,0
37.22786,36.0396,344.35,0.43,0.46,2024-08-24,1005,N,VIIRS,n,2,302.48,7.01,D,0
37.22941,43.41409,347.0,0.38,0.36,2024-08-24,1005,N,VIIRS,n,2,315.48,7.56,D,0
37.23311,36.10406,339.26,0.42,0.46,2024-08-24,1005,N,VIIRS,n,2,304.25,4.7,D,0
37.23519,36.11361,335.78,0.42,0.46,2024-08-24,1005,N,VIIRS,n,2,302.25,6.37,D,0
37.2584,36.41282,333.14,0.41,0.45,2024-08-24,1005,N,VIIRS,n,2,298.75,6.45,D,0
37.26279,36.05837,339.33,0.43,0.46,2024-08-24,1005,N,VIIRS,n,2,303.39,2.77,D,0
37.26381,36.06311,337.17,0.43,0.46,2024-08-24,1005,N,VIIRS,n,2,302.82,2.77,D,0
37.27592,35.91763,355.09,0.43,0.46,2024-08-24,1005,N,VIIRS,n,2,303.67,6.69,D,0
37.27622,35.91569,341.95,0.43,0.46,2024-08-24,1005,N,VIIRS,n,2,301.2,6.49,D,0
37.27699,35.92242,331.67,0.43,0.46,2024-08-24,1005,N,VIIRS,n,2,301.44,6.89,D,0
37.27725,35.92048,347.35,0.43,0.46,2024-08-24,1005,N,VIIRS,n,2,303.14,13.62,D,0
37.28005,35.91622,339.08,0.43,0.46,2024-08-24,1005,N,VIIRS,n,2,299.82,6.69,D,0
37.28111,35.92102,347.6,0.43,0.46,2024-08-24,1005,N,VIIRS,n,2,301.4,6.89,D,0
37.2906,35.96399,332.98,0.43,0.46,2024-08-24,1005,N,VIIRS,n,2,301.3,3.23,D,0
37.29248,36.09421,338.8,0.42,0.46,2024-08-24,1005,N,VIIRS,n,2,303.11,2.71,D,0
37.32689,36.06894,335.85,0.42,0.46,2024-08-24,1005,N,VIIRS,n,2,302.33,4.34,D,0
37.34527,36.03218,335.08,0.43,0.46,2024-08-24,1005,N,VIIRS,n,2,304.27,3.23,D,0
37.36988,36.00348,344.75,0.43,0.46,2024-08-24,1005,N,VIIRS,n,2,303.47,7.15,D,0
37.37399,36.00211,335.83,0.43,0.46,2024-08-24,1005,N,VIIRS,n,2,301.99,1.79,D,0
37.40555,35.94226,333.73,0.43,0.46,2024-08-24,1005,N,VIIRS,n,2,301.97,3.81,D,0
37.40659,35.94703,341.26,0.43,0.46,2024-08-24,1005,N,VIIRS,n,2,304.34,3.81,D,0
37.40966,35.94087,340.84,0.43,0.46,2024-08-24,1005,N,VIIRS,n,2,302.8,5.37,D,0
37.41071,35.94565,343.43,0.43,0.46,2024-08-24,1005,N,VIIRS,n,2,303.18,5.37,D,0
37.42514,35.95102,337.32,0.43,0.46,2024-08-24,1005,N,VIIRS,n,2,302.1,2.19,D,0
37.52319,39.11617,346.45,0.46,0.39,2024-08-24,1005,N,VIIRS,n,2,315.19,6.26,D,0
37.52683,40.85283,367.0,0.41,0.37,2024-08-24,1005,N,VIIRS,h,2,322.49,9.03,D,0
37.5302,40.85191,345.62,0.41,0.37,2024-08-24,1005,N,VIIRS,n,2,319.54,5.8,D,0
37.76971,39.20153,350.3,0.46,0.39,2024-08-24,1005,N,VIIRS,n,2,317.04,11.01,D,0
37.7742,39.20562,355.11,0.46,0.39,2024-08-24,1005,N,VIIRS,n,2,318.65,12.84,D,0
37.77516,39.21074,349.72,0.46,0.39,2024-08-24,1005,N,VIIRS,n,2,319.37,12.84,D,0
38.04496,39.84572,352.35,0.43,0.38,2024-08-24,1005,N,VIIRS,n,2,322.6,34.65,D,0
38.0484,39.84471,367.0,0.43,0.38,2024-08-24,1005,N,VIIRS,h,2,336.55,34.65,D,0
38.55489,36.14237,336.55,0.4,0.44,2024-08-24,1005,N,VIIRS,n,2,298.74,5.13,D,0
38.75898,41.80781,350.18,0.39,0.36,2024-08-24,1005,N,VIIRS,n,2,319.64,10.51,D,0
39.67767,43.14325,354.25,0.39,0.36,2024-08-24,1005,N,VIIRS,n,2,318.44,6.26,D,0
39.94767,44.0746,334.58,0.4,0.37,2024-08-24,1005,N,VIIRS,n,2,305.36,1.99,D,0
37.78364,31.59856,340.75,0.35,0.57,2024-08-24,1006,N,VIIRS,n,2,301.46,8.49,D,0
37.81458,31.6541,330.91,0.35,0.57,2024-08-24,1006,N,VIIRS,n,2,296.3,1.81,D,0
37.81464,31.65456,330.3,0.35,0.57,2024-08-24,1006,N,VIIRS,n,2,296.63,1.62,D,0
38.36115,29.653,367.0,0.43,0.62,2024-08-24,1006,N,VIIRS,h,2,302.24,12.38,D,0
38.36247,29.6578,367.0,0.43,0.62,2024-08-24,1006,N,VIIRS,h,2,308.02,12.38,D,0
38.36787,29.65523,342.64,0.43,0.62,2024-08-24,1006,N,VIIRS,n,2,306.04,7.61,D,0
38.36919,29.66004,350.9,0.43,0.62,2024-08-24,1006,N,VIIRS,n,2,307.87,12.29,D,0
39.0271,28.66912,334.43,0.46,0.64,2024-08-24,1006,N,VIIRS,n,2,305.25,3.47,D,0
39.94374,41.57798,347.3,0.39,0.36,2024-08-24,1006,N,VIIRS,n,2,312.86,4.4,D,0
40.80589,43.82295,344.02,0.4,0.37,2024-08-24,1006,N,VIIRS,n,2,310.96,3.57,D,0
40.80923,43.82214,339.27,0.4,0.37,2024-08-24,1006,N,VIIRS,n,2,310.17,3.86,D,0
36.8936,30.94884,367.0,0.46,0.63,2024-08-24,1146,N,VIIRS,h,2,301.63,8.5,D,0
37.82759,31.77065,367.0,0.52,0.66,2024-08-24,1146,N,VIIRS,h,2,299.88,7.12,D,0
38.36643,28.79105,338.31,0.36,0.57,2024-08-24,1146,N,VIIRS,n,2,304.78,3.0,D,0
38.40346,28.82437,339.76,0.36,0.57,2024-08-24,1146,N,VIIRS,n,2,306.63,5.88,D,0
38.40369,28.82845,367.0,0.36,0.57,2024-08-24,1146,N,VIIRS,h,2,308.23,5.88,D,0
38.67461,29.46912,367.0,0.39,0.59,2024-08-24,1146,N,VIIRS,h,2,303.31,8.87,D,0
38.67485,29.47375,338.16,0.39,0.59,2024-08-24,1146,N,VIIRS,n,2,294.06,8.87,D,0
40.8979,26.51206,348.84,0.57,0.52,2024-08-24,1147,N,VIIRS,n,2,303.82,56.52,D,0
40.89835,26.51887,332.48,0.57,0.52,2024-08-24,1147,N,VIIRS,n,2,297.28,13.14,D,0
39.77752,42.87343,322.18,0.56,0.51,2024-08-24,2224,N,VIIRS,n,2,283.2,2.96,N,0
42.13151,42.9766,299.83,0.58,0.52,2024-08-24,2224,N,VIIRS,n,2,272.1,0.9,N,2
35.52431,44.34233,319.54,0.42,0.45,2024-08-24,2225,N,VIIRS,n,2,299.01,7.65,N,2
35.52848,44.34301,350.85,0.42,0.45,2024-08-24,2225,N,VIIRS,n,2,302.19,7.65,N,2
35.52896,44.33832,342.35,0.42,0.45,2024-08-24,2225,N,VIIRS,n,2,299.27,12.61,N,2
35.53313,44.33902,352.26,0.42,0.45,2024-08-24,2225,N,VIIRS,n,2,301.16,8.42,N,2
35.5336,44.33436,325.95,0.42,0.45,2024-08-24,2225,N,VIIRS,n,2,299.37,8.42,N,2
35.56476,44.28436,338.33,0.42,0.45,2024-08-24,2225,N,VIIRS,n,2,297.74,9.01,N,2
35.63027,44.00803,347.64,0.43,0.46,2024-08-24,2225,N,VIIRS,n,2,300.02,11.77,N,2
35.6606,43.96341,324.29,0.44,0.46,2024-08-24,2225,N,VIIRS,n,2,297.71,10.3,N,2
35.66487,43.96409,341.87,0.44,0.46,2024-08-24,2225,N,VIIRS,n,2,303.91,10.3,N,2
35.67919,44.06572,310.26,0.43,0.46,2024-08-24,2225,N,VIIRS,n,2,293.15,5.17,N,2
35.68644,43.87752,344.18,0.44,0.46,2024-08-24,2225,N,VIIRS,n,2,309.36,31.71,N,2
35.68692,43.87261,312.88,0.44,0.46,2024-08-24,2225,N,VIIRS,n,2,298.19,19.66,N,2
35.68801,43.87891,336.91,0.44,0.46,2024-08-24,2225,N,VIIRS,n,2,299.56,9.55,N,2
35.68847,43.87398,340.02,0.44,0.46,2024-08-24,2225,N,VIIRS,n,2,299.83,9.55,N,2
35.72489,44.03894,340.97,0.43,0.46,2024-08-24,2225,N,VIIRS,n,2,300.57,11.32,N,2
35.72961,44.0348,317.46,0.43,0.46,2024-08-24,2225,N,VIIRS,n,2,293.53,4.68,N,2
35.73009,44.02987,313.7,0.43,0.46,2024-08-24,2225,N,VIIRS,n,2,297.75,4.68,N,2
35.86068,43.34259,317.25,0.48,0.48,2024-08-24,2225,N,VIIRS,n,2,289.7,3.78,N,0
35.92659,43.78747,317.57,0.45,0.47,2024-08-24,2225,N,VIIRS,n,2,299.26,6.17,N,2
35.95391,43.72948,317.39,0.45,0.47,2024-08-24,2225,N,VIIRS,n,2,298.44,6.68,N,2
35.97181,43.77322,314.94,0.45,0.47,2024-08-24,2225,N,VIIRS,n,2,300.02,7.27,N,2
35.98098,43.76926,321.49,0.45,0.47,2024-08-24,2225,N,VIIRS,n,2,301.01,5.03,N,2
35.99931,43.76144,312.38,0.45,0.47,2024-08-24,2225,N,VIIRS,n,2,296.45,2.28,N,2
36.10054,43.63139,307.27,0.46,0.47,2024-08-24,2225,N,VIIRS,n,2,288.3,3.71,N,0
36.13416,40.80911,309.11,0.33,0.55,2024-08-24,2225,N,VIIRS,n,2,296.69,0.94,N,2
36.1442,40.81383,328.71,0.33,0.55,2024-08-24,2225,N,VIIRS,n,2,296.66,2.42,N,2
36.1661,41.04449,309.36,0.32,0.55,2024-08-24,2225,N,VIIRS,n,2,297.14,0.57,N,0
36.45694,41.2784,306.59,0.63,0.54,2024-08-24,2225,N,VIIRS,n,2,295.42,0.89,N,2
36.63034,43.02335,313.83,0.5,0.49,2024-08-24,2225,N,VIIRS,n,2,296.8,1.52,N,0
36.63064,43.02306,314.83,0.5,0.49,2024-08-24,2225,N,VIIRS,n,2,296.76,1.54,N,0
36.72175,42.59576,309.06,0.53,0.5,2024-08-24,2225,N,VIIRS,n,2,296.83,2.6,N,2
36.78373,42.84555,315.47,0.52,0.5,2024-08-24,2225,N,VIIRS,n,2,294.93,2.03,N,0
36.78422,42.83956,307.4,0.52,0.5,2024-08-24,2225,N,VIIRS,n,2,293.51,2.43,N,0
36.85125,42.65515,310.91,0.53,0.5,2024-08-24,2225,N,VIIRS,n,2,294.37,2.01,N,0
36.86297,41.96769,311.08,0.58,0.52,2024-08-24,2225,N,VIIRS,n,2,295.19,2.48,N,0
36.87009,34.76323,300.74,0.72,0.76,2024-08-24,2225,N,VIIRS,n,2,288.37,1.91,N,2
36.91488,41.89244,312.26,0.59,0.53,2024-08-24,2225,N,VIIRS,n,2,295.73,1.96,N,2
36.91765,42.08123,313.28,0.57,0.52,2024-08-24,2225,N,VIIRS,n,2,295.08,12.51,N,0
36.91779,41.89378,308.45,0.59,0.53,2024-08-24,2225,N,VIIRS,n,2,296.02,1.63,N,2
36.92075,42.08092,340.88,0.57,0.52,2024-08-24,2225,N,VIIRS,n,2,300.75,22.07,N,0
36.92124,42.07431,317.81,0.57,0.52,2024-08-24,2225,N,VIIRS,n,2,295.01,15.52,N,0
36.92248,42.08184,333.17,0.57,0.52,2024-08-24,2225,N,VIIRS,n,2,299.77,12.51,N,0
36.923,42.07526,335.71,0.57,0.52,2024-08-24,2225,N,VIIRS,n,2,295.51,12.51,N,0
36.93658,42.12939,318.41,0.57,0.52,2024-08-24,2225,N,VIIRS,n,2,296.7,2.72,N,2
36.94327,42.16907,323.16,0.57,0.52,2024-08-24,2225,N,VIIRS,n,2,296.12,2.75,N,2
36.9453,41.5291,304.3,0.61,0.54,2024-08-24,2225,N,VIIRS,n,2,294.15,0.84,N,0
36.94553,41.53054,308.21,0.61,0.54,2024-08-24,2225,N,VIIRS,n,2,294.18,1.42,N,0
36.94621,42.13063,336.73,0.57,0.52,2024-08-24,2225,N,VIIRS,n,2,297.81,8.05,N,2
36.96127,41.86451,314.54,0.59,0.53,2024-08-24,2225,N,VIIRS,n,2,294.75,2.9,N,0
36.96471,42.07975,322.09,0.57,0.52,2024-08-24,2225,N,VIIRS,n,2,294.76,1.92,N,2
36.99703,42.15181,314.26,0.57,0.52,2024-08-24,2225,N,VIIRS,n,2,294.33,2.59,N,0
36.99763,42.15677,319.6,0.57,0.52,2024-08-24,2225,N,VIIRS,n,2,294.04,1.27,N,0
37.0128,36.10492,305.59,0.61,0.71,2024-08-24,2225,N,VIIRS,n,2,288.2,1.23,N,2
37.01575,36.1027,310.03,0.61,0.71,2024-08-24,2225,N,VIIRS,n,2,288.39,1.12,N,2
37.01946,36.10556,300.45,0.61,0.71,2024-08-24,2225,N,VIIRS,n,2,288.04,1.23,N,2
37.02241,36.10331,302.4,0.61,0.71,2024-08-24,2225,N,VIIRS,n,2,287.97,2.0,N,0
37.02538,41.73584,311.01,0.6,0.53,2024-08-24,2225,N,VIIRS,n,2,296.5,2.46,N,0
37.0255,36.1269,302.39,0.61,0.71,2024-08-24,2225,N,VIIRS,n,2,287.6,0.83,N,0
37.02589,41.729,316.14,0.6,0.53,2024-08-24,2225,N,VIIRS,n,2,296.55,2.46,N,0
37.02613,36.1059,301.01,0.61,0.71,2024-08-24,2225,N,VIIRS,n,2,288.03,1.14,N,0
37.02707,41.73045,318.55,0.6,0.53,2024-08-24,2225,N,VIIRS,n,2,296.59,3.27,N,0
37.04294,40.91527,304.82,0.33,0.55,2024-08-24,2225,N,VIIRS,n,2,294.53,0.53,N,0
37.06318,42.53881,320.53,0.54,0.51,2024-08-24,2225,N,VIIRS,n,2,296.44,3.06,N,0
37.06787,42.53969,314.69,0.54,0.51,2024-08-24,2225,N,VIIRS,n,2,296.94,3.06,N,0
37.07719,42.55398,310.51,0.54,0.51,2024-08-24,2225,N,VIIRS,n,2,297.9,4.43,N,2
37.08081,42.55572,310.3,0.54,0.51,2024-08-24,2225,N,VIIRS,n,2,297.6,3.93,N,2
37.27782,38.72884,306.37,0.44,0.62,2024-08-24,2225,N,VIIRS,n,2,295.14,0.79,N,2
37.29491,37.15582,298.16,0.54,0.68,2024-08-24,2225,N,VIIRS,n,2,285.03,1.64,N,2
37.56596,39.00616,304.44,0.43,0.62,2024-08-24,2225,N,VIIRS,n,2,292.74,0.47,N,0
37.56673,38.0075,307.18,0.49,0.65,2024-08-24,2225,N,VIIRS,n,2,291.14,1.04,N,0
37.56697,38.00668,308.06,0.49,0.65,2024-08-24,2225,N,VIIRS,n,2,291.04,0.81,N,0
37.59335,39.26248,340.28,0.42,0.61,2024-08-24,2225,N,VIIRS,n,2,293.59,3.36,N,0
37.79088,39.0342,325.05,0.43,0.62,2024-08-24,2225,N,VIIRS,n,2,293.63,6.25,N,0
37.79113,39.02912,351.49,0.43,0.62,2024-08-24,2225,N,VIIRS,n,2,293.97,10.15,N,0
37.79689,39.02963,326.86,0.43,0.62,2024-08-24,2225,N,VIIRS,n,2,293.9,3.73,N,0
37.90466,40.4997,315.47,0.36,0.57,2024-08-24,2225,N,VIIRS,n,2,293.4,1.95,N,0
38.72494,41.7821,295.7,0.62,0.54,2024-08-24,2225,N,VIIRS,n,2,284.43,0.41,N,0
38.72512,41.78305,297.05,0.62,0.54,2024-08-24,2225,N,VIIRS,n,2,284.54,0.79,N,0
39.03136,42.56769,298.78,0.57,0.52,2024-08-24,2225,N,VIIRS,n,2,286.83,0.8,N,0
39.10937,42.23694,299.93,0.59,0.53,2024-08-24,2225,N,VIIRS,n,2,282.83,1.03,N,0
36.0159,43.68304,306.09,0.78,0.78,2024-08-25,5,N,VIIRS,n,2,281.16,4.7,N,2
36.74545,43.49988,307.02,0.73,0.76,2024-08-25,5,N,VIIRS,n,2,286.37,4.59,N,2
36.77251,43.32406,317.49,0.72,0.75,2024-08-25,5,N,VIIRS,n,2,293.73,5.06,N,2
36.77252,43.32139,310.21,0.72,0.75,2024-08-25,5,N,VIIRS,n,2,293.92,4.51,N,2
36.77975,43.3226,343.08,0.72,0.75,2024-08-25,5,N,VIIRS,n,2,295.46,10.06,N,2
36.77985,43.32489,329.03,0.72,0.75,2024-08-25,5,N,VIIRS,n,2,294.74,5.06,N,2
36.8687,43.49065,316.52,0.73,0.76,2024-08-25,5,N,VIIRS,n,2,289.97,1.66,N,2
36.86946,43.4959,304.12,0.73,0.76,2024-08-25,5,N,VIIRS,n,2,289.24,3.92,N,2
36.87186,43.48831,303.45,0.73,0.76,2024-08-25,5,N,VIIRS,n,2,288.37,1.86,N,2
36.88972,43.43179,322.3,0.72,0.76,2024-08-25,5,N,VIIRS,n,2,292.19,3.93,N,2
36.89555,43.43107,309.97,0.72,0.76,2024-08-25,5,N,VIIRS,n,2,291.95,3.21,N,2
36.90802,42.77507,306.45,0.67,0.73,2024-08-25,5,N,VIIRS,n,2,289.68,1.4,N,0
36.90847,43.39089,318.66,0.72,0.75,2024-08-25,5,N,VIIRS,n,2,291.68,5.49,N,2
36.90901,43.39481,320.51,0.72,0.75,2024-08-25,5,N,VIIRS,n,2,291.63,3.32,N,2
36.91029,42.76782,301.59,0.67,0.73,2024-08-25,5,N,VIIRS,n,2,290.12,1.84,N,0
36.91321,41.89404,310.83,0.6,0.71,2024-08-25,5,N,VIIRS,n,2,292.45,0.97,N,2
36.91451,42.77797,306.45,0.67,0.73,2024-08-25,5,N,VIIRS,n,2,290.73,1.88,N,0
36.91679,42.77069,311.19,0.67,0.73,2024-08-25,5,N,VIIRS,n,2,290.69,2.92,N,0
36.91866,41.89544,304.52,0.6,0.71,2024-08-25,5,N,VIIRS,n,2,293.17,0.86,N,2
36.93642,42.13618,302.28,0.62,0.71,2024-08-25,5,N,VIIRS,n,2,291.6,1.57,N,2
36.93851,42.12941,312.58,0.62,0.71,2024-08-25,5,N,VIIRS,n,2,292.79,1.63,N,2
36.93948,42.13098,313.21,0.62,0.71,2024-08-25,5,N,VIIRS,n,2,292.75,3.45,N,2
36.94038,42.16977,328.67,0.62,0.71,2024-08-25,5,N,VIIRS,n,2,291.79,3.5,N,2
36.94057,42.12275,303.79,0.62,0.71,2024-08-25,5,N,VIIRS,n,2,291.95,1.63,N,2
36.94149,42.17159,332.4,0.62,0.71,2024-08-25,5,N,VIIRS,n,2,292.47,4.16,N,2
36.94476,42.13239,327.3,0.62,0.71,2024-08-25,5,N,VIIRS,n,2,292.65,3.17,N,2
36.94571,42.13406,320.97,0.62,0.71,2024-08-25,5,N,VIIRS,n,2,292.65,3.7,N,2
36.94685,42.12562,307.23,0.62,0.71,2024-08-25,5,N,VIIRS,n,2,293.19,3.17,N,0
36.94778,42.12722,314.51,0.62,0.71,2024-08-25,5,N,VIIRS,n,2,292.87,4.4,N,2
36.9617,42.08119,311.05,0.61,0.71,2024-08-25,5,N,VIIRS,n,2,292.06,0.7,N,2
36.96726,42.08271,309.63,0.61,0.71,2024-08-25,5,N,VIIRS,n,2,291.49,1.52,N,2
36.96796,42.0841,304.44,0.61,0.71,2024-08-25,5,N,VIIRS,n,2,291.24,0.7,N,0
36.98249,43.42133,304.15,0.72,0.75,2024-08-25,5,N,VIIRS,n,2,290.88,1.18,N,0
37.03166,42.16815,304.79,0.62,0.71,2024-08-25,5,N,VIIRS,n,2,292.92,1.44,N,2
37.06258,42.5365,304.73,0.64,0.72,2024-08-25,5,N,VIIRS,n,2,292.14,4.37,N,0
37.06441,42.54338,309.8,0.64,0.72,2024-08-25,5,N,VIIRS,n,2,293.16,2.63,N,0
37.33803,39.6844,318.95,0.45,0.63,2024-08-25,5,N,VIIRS,n,2,293.12,2.43,N,0
37.33841,39.68672,312.93,0.45,0.63,2024-08-25,5,N,VIIRS,n,2,292.46,2.09,N,0
37.33943,39.67947,307.67,0.45,0.63,2024-08-25,5,N,VIIRS,n,2,292.19,2.12,N,0
37.33968,40.80239,303.29,0.52,0.67,2024-08-25,5,N,VIIRS,n,2,293.12,0.41,N,2
37.3397,40.80207,303.32,0.52,0.67,2024-08-25,5,N,VIIRS,n,2,292.87,0.91,N,2
37.33978,39.68176,311.8,0.45,0.63,2024-08-25,5,N,VIIRS,n,2,292.08,2.81,N,0
37.48426,39.16267,303.42,0.42,0.61,2024-08-25,5,N,VIIRS,n,2,292.69,0.83,N,0
37.79161,39.03563,305.73,0.41,0.6,2024-08-25,5,N,VIIRS,n,2,292.18,1.44,N,0
39.48521,30.03946,306.8,0.43,0.38,2024-08-25,5,N,VIIRS,n,2,287.28,1.65,N,2
39.49151,34.93196,298.98,0.46,0.47,2024-08-25,5,N,VIIRS,n,2,284.38,0.43,N,0
39.49571,34.93359,305.19,0.46,0.47,2024-08-25,5,N,VIIRS,n,2,285.02,0.65,N,0
39.8382,30.30225,302.44,0.43,0.38,2024-08-25,5,N,VIIRS,n,2,287.88,0.8,N,0
39.97497,41.95287,299.08,0.5,0.66,2024-08-25,5,N,VIIRS,n,2,278.33,1.87,N,0
40.06025,31.99359,297.88,0.49,0.41,2024-08-25,5,N,VIIRS,n,2,282.91,0.41,N,0
40.0608,31.99561,296.13,0.49,0.41,2024-08-25,5,N,VIIRS,n,2,283.16,0.28,N,0
40.75889,31.78295,298.32,0.47,0.4,2024-08-25,5,N,VIIRS,n,2,286.62,0.67,N,2
40.76603,29.5283,324.85,0.41,0.37,2024-08-25,5,N,VIIRS,n,2,293.96,2.65,N,3
40.78109,29.6028,310.02,0.41,0.37,2024-08-25,5,N,VIIRS,n,2,294.81,1.35,N,2
40.9474,31.39553,307.85,0.46,0.39,2024-08-25,5,N,VIIRS,n,2,288.33,0.92,N,2
41.02041,28.55736,313.42,0.39,0.36,2024-08-25,5,N,VIIRS,n,2,292.8,1.13,N,2
41.02118,28.55276,304.03,0.39,0.36,2024-08-25,5,N,VIIRS,n,2,291.71,0.87,N,2
41.17289,32.6344,305.37,0.5,0.41,2024-08-25,5,N,VIIRS,n,2,288.49,0.69,N,2
41.17655,32.63573,301.98,0.5,0.41,2024-08-25,5,N,VIIRS,n,2,289.31,0.69,N,2
41.25514,31.4161,308.81,0.45,0.39,2024-08-25,5,N,VIIRS,n,2,291.1,1.89,N,2
41.25615,31.41082,322.76,0.45,0.39,2024-08-25,5,N,VIIRS,n,2,291.42,2.33,N,2
41.26464,31.42497,311.66,0.45,0.39,2024-08-25,5,N,VIIRS,n,2,292.99,2.07,N,2
41.26815,31.42614,306.75,0.45,0.39,2024-08-25,5,N,VIIRS,n,2,292.33,1.35,N,2
41.63142,27.68764,307.89,0.38,0.36,2024-08-25,5,N,VIIRS,n,2,292.23,0.68,N,2
41.63568,27.50764,309.47,0.38,0.36,2024-08-25,5,N,VIIRS,n,2,291.61,0.84,N,2
42.2336,27.04741,301.3,0.39,0.36,2024-08-25,5,N,VIIRS,n,2,288.85,0.43,N,0
42.2343,27.04276,311.81,0.39,0.36,2024-08-25,5,N,VIIRS,n,2,288.33,1.01,N,0
42.2369,27.04828,299.17,0.39,0.36,2024-08-25,5,N,VIIRS,n,2,289.13,0.43,N,0
42.2376,27.04364,307.96,0.39,0.36,2024-08-25,5,N,VIIRS,n,2,289.53,1.01,N,0
36.14556,40.81744,311.6,0.56,0.69,2024-08-25,6,N,VIIRS,n,2,294.18,1.03,N,2
36.26415,33.73197,308.44,0.47,0.48,2024-08-25,6,N,VIIRS,n,2,295.44,2.79,N,2
36.26445,33.72918,313.44,0.47,0.48,2024-08-25,6,N,VIIRS,n,2,296.16,3.03,N,2
36.7168,36.20041,307.12,0.62,0.54,2024-08-25,6,N,VIIRS,n,2,290.77,2.43,N,2
36.72952,36.21264,310.22,0.62,0.54,2024-08-25,6,N,VIIRS,n,2,292.38,2.68,N,2
36.73595,36.20784,306.81,0.62,0.54,2024-08-25,6,N,VIIRS,n,2,292.14,3.12,N,2
36.87145,34.76357,303.58,0.51,0.5,2024-08-25,6,N,VIIRS,n,2,292.52,1.0,N,2
37.02147,36.11066,303.4,0.6,0.53,2024-08-25,6,N,VIIRS,n,2,290.73,1.7,N,2
37.02369,36.11175,302.02,0.6,0.53,2024-08-25,6,N,VIIRS,n,2,290.78,0.95,N,2
37.25404,30.44181,310.62,0.47,0.4,2024-08-25,6,N,VIIRS,n,2,292.5,1.2,N,2
37.29352,37.15613,306.78,0.34,0.56,2024-08-25,6,N,VIIRS,n,2,291.08,0.96,N,2
37.35382,37.16284,307.8,0.34,0.56,2024-08-25,6,N,VIIRS,n,2,290.55,0.72,N,2
37.82534,31.77426,295.32,0.53,0.42,2024-08-25,6,N,VIIRS,n,2,285.08,0.43,N,0
37.86105,29.37309,302.43,0.43,0.38,2024-08-25,6,N,VIIRS,n,2,291.39,1.06,N,2
38.13717,30.88621,298.87,0.48,0.4,2024-08-25,6,N,VIIRS,n,2,287.72,0.86,N,0
38.35796,28.79152,302.9,0.41,0.37,2024-08-25,6,N,VIIRS,n,2,290.05,0.63,N,0
38.36096,28.79462,301.22,0.41,0.37,2024-08-25,6,N,VIIRS,n,2,291.06,0.59,N,0
38.36131,28.79255,302.54,0.41,0.37,2024-08-25,6,N,VIIRS,n,2,291.71,0.63,N,0
38.36212,28.78795,302.63,0.41,0.37,2024-08-25,6,N,VIIRS,n,2,291.05,1.29,N,0
38.36261,28.78542,302.19,0.41,0.37,2024-08-25,6,N,VIIRS,n,2,291.2,0.71,N,0
38.36433,28.79556,300.81,0.41,0.37,2024-08-25,6,N,VIIRS,n,2,290.22,0.59,N,0
38.36515,28.79097,301.16,0.41,0.37,2024-08-25,6,N,VIIRS,n,2,290.79,0.59,N,0
38.36689,28.80105,306.89,0.41,0.37,2024-08-25,6,N,VIIRS,n,2,289.97,0.6,N,0
38.42599,27.21584,318.43,0.39,0.36,2024-08-25,6,N,VIIRS,n,2,295.97,2.61,N,2
38.45576,27.26484,310.71,0.39,0.36,2024-08-25,6,N,VIIRS,n,2,296.77,1.05,N,2
38.65882,30.61892,309.72,0.46,0.39,2024-08-25,6,N,VIIRS,n,2,288.71,1.43,N,2
38.7308,26.93108,304.63,0.38,0.36,2024-08-25,6,N,VIIRS,n,2,293.19,0.58,N,0
38.73248,26.96348,311.49,0.38,0.36,2024-08-25,6,N,VIIRS,n,2,294.17,0.96,N,2
38.73856,26.9468,313.42,0.38,0.36,2024-08-25,6,N,VIIRS,n,2,298.49,2.53,N,2
38.74136,26.92926,316.33,0.38,0.36,2024-08-25,6,N,VIIRS,n,2,295.91,1.69,N,2
38.74185,26.94766,309.15,0.38,0.36,2024-08-25,6,N,VIIRS,n,2,296.42,1.03,N,2
38.74303,26.96168,317.79,0.38,0.36,2024-08-25,6,N,VIIRS,n,2,297.16,1.36,N,2
38.79035,26.91683,307.42,0.38,0.36,2024-08-25,6,N,VIIRS,n,2,294.9,1.32,N,0
39.09359,27.5099,308.01,0.39,0.36,2024-08-25,6,N,VIIRS,n,2,292.49,0.94,N,0
39.1109,27.5931,303.55,0.39,0.36,2024-08-25,6,N,VIIRS,n,2,293.03,0.72,N,0
39.11188,27.52413,303.46,0.39,0.36,2024-08-25,6,N,VIIRS,n,2,291.21,1.08,N,0
39.16824,27.63422,305.46,0.39,0.36,2024-08-25,6,N,VIIRS,n,2,292.4,0.54,N,2
39.16896,27.6298,308.34,0.39,0.36,2024-08-25,6,N,VIIRS,n,2,293.4,1.09,N,2
39.18341,27.49961,306.82,0.39,0.36,2024-08-25,6,N,VIIRS,n,2,293.36,0.66,N,2
39.19383,27.64598,309.36,0.39,0.36,2024-08-25,6,N,VIIRS,n,2,293.3,0.94,N,0
39.86649,26.2456,330.07,0.39,0.36,2024-08-25,6,N,VIIRS,n,2,296.67,2.32,N,2
35.84482,44.11282,367.0,0.48,0.4,2024-08-25,945,N,VIIRS,h,2,321.23,26.52,D,0
36.09973,43.57817,348.37,0.5,0.41,2024-08-25,946,N,VIIRS,n,2,319.43,8.41,D,0
36.31675,36.56742,334.71,0.37,0.58,2024-08-25,946,N,VIIRS,n,2,301.86,2.49,D,0
36.31779,36.57148,333.85,0.37,0.58,2024-08-25,946,N,VIIRS,n,2,302.68,2.49,D,0
36.36189,38.56838,339.95,0.58,0.52,2024-08-25,946,N,VIIRS,n,2,306.07,4.9,D,0
36.36507,38.56036,343.6,0.59,0.52,2024-08-25,946,N,VIIRS,n,2,306.74,13.59,D,0
36.54998,38.59497,341.79,0.58,0.52,2024-08-25,946,N,VIIRS,n,2,305.17,7.16,D,0
36.55083,38.59997,345.65,0.58,0.52,2024-08-25,946,N,VIIRS,n,2,306.31,11.41,D,0
36.55146,38.60127,343.3,0.58,0.52,2024-08-25,946,N,VIIRS,n,2,306.33,7.16,D,0
36.6392,36.76266,343.12,0.36,0.57,2024-08-25,946,N,VIIRS,n,2,305.22,2.69,D,0
36.65648,36.80743,339.54,0.36,0.57,2024-08-25,946,N,VIIRS,n,2,303.84,4.43,D,0
36.65749,36.80763,339.63,0.36,0.57,2024-08-25,946,N,VIIRS,n,2,303.82,3.38,D,0
36.75559,35.51458,367.0,0.41,0.61,2024-08-25,946,N,VIIRS,h,2,299.84,6.8,D,0
36.75681,35.51917,341.84,0.41,0.61,2024-08-25,946,N,VIIRS,n,2,300.98,6.8,D,0
36.75888,35.51433,367.0,0.41,0.61,2024-08-25,946,N,VIIRS,h,2,303.76,15.93,D,0
36.76012,35.51889,333.43,0.41,0.61,2024-08-25,946,N,VIIRS,n,2,300.78,15.93,D,0
36.76103,35.51251,367.0,0.41,0.61,2024-08-25,946,N,VIIRS,h,2,300.87,9.49,D,0
36.76223,35.51703,344.95,0.41,0.61,2024-08-25,946,N,VIIRS,n,2,300.35,9.49,D,0
36.78386,39.96053,344.4,0.48,0.48,2024-08-25,946,N,VIIRS,n,2,311.98,20.71,D,0
36.794,41.77312,347.44,0.39,0.44,2024-08-25,946,N,VIIRS,n,2,318.36,6.49,D,0
36.7949,41.77744,353.08,0.39,0.44,2024-08-25,946,N,VIIRS,n,2,325.62,39.75,D,0
36.89314,43.42781,339.62,0.49,0.4,2024-08-25,946,N,VIIRS,n,2,313.41,3.47,D,2
36.90329,39.74973,344.53,0.49,0.49,2024-08-25,946,N,VIIRS,n,2,309.4,5.4,D,0
36.9035,35.80868,348.6,0.4,0.6,2024-08-25,946,N,VIIRS,n,2,301.1,5.46,D,0
36.9603,35.89056,345.82,0.39,0.59,2024-08-25,946,N,VIIRS,n,2,300.91,3.6,D,0
36.98191,43.41761,356.07,0.49,0.4,2024-08-25,946,N,VIIRS,n,2,315.3,8.76,D,0
36.99629,38.67217,347.78,0.56,0.51,2024-08-25,946,N,VIIRS,n,2,308.55,8.15,D,0
36.99714,38.67016,345.28,0.56,0.51,2024-08-25,946,N,VIIRS,n,2,307.94,6.11,D,0
36.99757,38.29449,353.77,0.58,0.52,2024-08-25,946,N,VIIRS,n,2,310.14,16.46,D,0
37.01875,35.77656,333.84,0.39,0.6,2024-08-25,946,N,VIIRS,n,2,302.85,2.99,D,0
37.17618,39.63607,343.17,0.49,0.49,2024-08-25,946,N,VIIRS,n,2,308.97,3.57,D,0
37.19968,43.30825,353.33,0.49,0.4,2024-08-25,946,N,VIIRS,n,2,322.0,22.42,D,0
37.21339,40.75437,347.91,0.43,0.46,2024-08-25,946,N,VIIRS,n,2,317.52,4.71,D,0
37.21751,40.75298,344.84,0.43,0.46,2024-08-25,946,N,VIIRS,n,2,314.61,5.07,D,0
37.34011,36.86712,348.42,0.34,0.56,2024-08-25,946,N,VIIRS,n,2,307.43,4.41,D,0
37.34062,36.86401,334.72,0.34,0.56,2024-08-25,946,N,VIIRS,n,2,304.66,1.52,D,0
37.34158,36.86775,336.87,0.34,0.56,2024-08-25,946,N,VIIRS,n,2,306.22,5.44,D,0
37.38491,39.35196,338.3,0.5,0.49,2024-08-25,946,N,VIIRS,n,2,309.74,4.62,D,0
37.38618,39.35754,343.95,0.5,0.49,2024-08-25,946,N,VIIRS,n,2,310.0,4.62,D,0
37.38713,39.35484,353.29,0.5,0.49,2024-08-25,946,N,VIIRS,n,2,310.28,7.47,D,0
37.40915,36.03223,336.14,0.37,0.58,2024-08-25,946,N,VIIRS,n,2,299.99,4.87,D,0
37.41549,35.94675,348.06,0.38,0.59,2024-08-25,946,N,VIIRS,n,2,299.23,4.69,D,0
37.44924,38.55644,344.66,0.55,0.51,2024-08-25,946,N,VIIRS,n,2,308.78,11.21,D,0
37.64394,39.13491,345.72,0.51,0.49,2024-08-25,946,N,VIIRS,n,2,309.09,6.48,D,0
37.64518,38.19572,337.46,0.57,0.52,2024-08-25,946,N,VIIRS,n,2,304.91,2.77,D,0
37.75127,39.03769,351.95,0.51,0.5,2024-08-25,946,N,VIIRS,n,2,309.32,10.87,D,0
37.75138,39.03551,340.87,0.51,0.5,2024-08-25,946,N,VIIRS,n,2,308.42,5.8,D,0
37.75274,39.04121,343.53,0.51,0.5,2024-08-25,946,N,VIIRS,n,2,309.17,6.19,D,0
38.01872,39.91232,345.5,0.46,0.47,2024-08-25,946,N,VIIRS,n,2,311.59,8.41,D,0
38.02375,39.8941,347.97,0.46,0.47,2024-08-25,946,N,VIIRS,n,2,312.92,5.49,D,0
38.02601,39.90423,367.0,0.46,0.47,2024-08-25,946,N,VIIRS,h,2,314.52,13.31,D,0
38.0294,39.91942,347.68,0.46,0.47,2024-08-25,946,N,VIIRS,n,2,309.53,7.47,D,0
38.83384,40.7012,342.61,0.4,0.44,2024-08-25,946,N,VIIRS,n,2,307.94,34.03,D,0
38.85898,41.4947,347.77,0.55,0.43,2024-08-25,946,N,VIIRS,n,2,312.66,15.91,D,0
39.04266,42.07969,347.69,0.52,0.41,2024-08-25,946,N,VIIRS,n,2,309.49,7.66,D,0
39.0464,42.07853,344.79,0.52,0.41,2024-08-25,946,N,VIIRS,n,2,312.54,7.82,D,0
39.04758,42.38003,347.34,0.5,0.41,2024-08-25,946,N,VIIRS,n,2,308.44,8.75,D,0
39.05353,42.39019,355.55,0.5,0.41,2024-08-25,946,N,VIIRS,n,2,322.27,78.45,D,0
39.05834,42.39468,338.56,0.5,0.41,2024-08-25,946,N,VIIRS,n,2,308.37,21.24,D,0
39.17402,42.08548,336.53,0.51,0.41,2024-08-25,946,N,VIIRS,n,2,305.63,5.98,D,0
37.81807,31.73824,332.64,0.6,0.71,2024-08-25,947,N,VIIRS,n,2,300.25,6.55,D,0
39.104,41.53598,352.1,0.55,0.42,2024-08-25,947,N,VIIRS,n,2,309.88,8.5,D,0
39.81183,32.00901,336.31,0.51,0.66,2024-08-25,947,N,VIIRS,n,2,292.75,3.81,D,0
39.81302,32.0113,332.77,0.51,0.66,2024-08-25,947,N,VIIRS,n,2,292.36,3.85,D,0
40.50096,44.33768,334.48,0.41,0.37,2024-08-25,947,N,VIIRS,n,2,304.95,1.95,D,0
41.05317,27.80492,367.0,0.74,0.76,2024-08-25,948,N,VIIRS,h,2,292.63,22.44,D,0
41.11451,28.6475,333.73,0.68,0.74,2024-08-25,948,N,VIIRS,n,2,288.74,3.79,D,0
36.07563,32.88452,339.76,0.62,0.54,2024-08-25,1127,N,VIIRS,n,2,298.81,5.23,D,0
36.25074,36.59089,334.19,0.5,0.66,2024-08-25,1127,N,VIIRS,n,2,298.55,2.84,D,0
36.31157,36.29378,340.36,0.49,0.65,2024-08-25,1127,N,VIIRS,n,2,295.15,3.2,D,0
36.31176,36.57185,335.71,0.5,0.66,2024-08-25,1127,N,VIIRS,n,2,296.96,2.91,D,0
36.31204,36.29557,334.04,0.49,0.65,2024-08-25,1127,N,VIIRS,n,2,295.81,4.72,D,0
36.67897,35.40893,331.14,0.44,0.62,2024-08-25,1127,N,VIIRS,n,2,300.31,2.59,D,0
36.67984,35.41043,330.66,0.44,0.62,2024-08-25,1127,N,VIIRS,n,2,299.95,5.65,D,0
36.68478,35.40854,333.46,0.44,0.62,2024-08-25,1127,N,VIIRS,n,2,299.49,2.59,D,0
36.71868,36.20283,330.5,0.48,0.65,2024-08-25,1127,N,VIIRS,n,2,298.69,3.05,D,2
36.76575,35.40011,334.24,0.44,0.62,2024-08-25,1127,N,VIIRS,n,2,299.03,3.74,D,0
36.7659,35.39798,330.96,0.44,0.62,2024-08-25,1127,N,VIIRS,n,2,298.75,3.52,D,0
36.78969,35.41358,335.32,0.44,0.62,2024-08-25,1127,N,VIIRS,n,2,299.24,3.27,D,0
36.78993,35.41153,335.96,0.44,0.62,2024-08-25,1127,N,VIIRS,n,2,300.3,3.99,D,0
36.81495,34.98353,337.88,0.41,0.61,2024-08-25,1127,N,VIIRS,n,2,298.29,3.01,D,0
36.90829,35.806,347.29,0.46,0.64,2024-08-25,1127,N,VIIRS,n,2,298.09,5.16,D,0
36.91095,35.80738,367.0,0.46,0.64,2024-08-25,1127,N,VIIRS,h,2,298.71,8.76,D,0
36.99609,39.82145,339.62,0.77,0.77,2024-08-25,1127,N,VIIRS,n,2,298.96,4.11,D,0
36.99667,39.82039,342.82,0.77,0.77,2024-08-25,1127,N,VIIRS,n,2,299.53,4.09,D,0
37.07054,35.83815,332.23,0.46,0.64,2024-08-25,1127,N,VIIRS,n,2,296.28,3.1,D,0
37.14484,36.14091,367.0,0.48,0.65,2024-08-25,1127,N,VIIRS,h,2,298.08,9.39,D,0
37.14505,36.14651,344.39,0.48,0.65,2024-08-25,1127,N,VIIRS,n,2,296.93,12.07,D,0
37.16067,35.65918,351.51,0.46,0.63,2024-08-25,1127,N,VIIRS,n,2,297.99,4.95,D,0
37.28211,36.05244,330.53,0.48,0.65,2024-08-25,1127,N,VIIRS,n,2,297.02,3.53,D,0
37.30674,36.06206,347.95,0.48,0.65,2024-08-25,1127,N,VIIRS,n,2,298.52,6.92,D,0
37.30768,36.06407,338.65,0.48,0.65,2024-08-25,1127,N,VIIRS,n,2,297.71,4.4,D,0
37.336,36.03835,331.78,0.48,0.65,2024-08-25,1127,N,VIIRS,n,2,297.85,3.27,D,0
37.38563,36.04299,332.06,0.48,0.65,2024-08-25,1127,N,VIIRS,n,2,298.79,2.66,D,0
37.42715,35.98245,332.97,0.48,0.64,2024-08-25,1127,N,VIIRS,n,2,299.33,3.65,D,0
37.4313,35.97911,367.0,0.48,0.64,2024-08-25,1127,N,VIIRS,h,2,300.2,9.96,D,0
37.43155,35.98464,344.05,0.48,0.64,2024-08-25,1127,N,VIIRS,n,2,297.71,9.96,D,0
37.43297,35.97652,336.51,0.48,0.64,2024-08-25,1127,N,VIIRS,n,2,298.4,6.16,D,0
37.43318,35.98206,367.0,0.48,0.64,2024-08-25,1127,N,VIIRS,h,2,299.11,13.78,D,0
37.73058,39.37513,339.49,0.73,0.76,2024-08-25,1127,N,VIIRS,n,2,295.53,14.25,D,0
37.73069,39.38319,352.74,0.73,0.76,2024-08-25,1127,N,VIIRS,n,2,293.43,14.25,D,0
37.73378,39.37941,367.0,0.73,0.76,2024-08-25,1127,N,VIIRS,h,2,298.3,22.27,D,0
37.73385,39.38752,334.92,0.73,0.76,2024-08-25,1127,N,VIIRS,n,2,296.7,17.14,D,0
38.02278,39.9113,345.6,0.78,0.78,2024-08-25,1127,N,VIIRS,n,2,301.06,15.36,D,0
38.02297,39.89323,333.97,0.78,0.78,2024-08-25,1127,N,VIIRS,n,2,299.91,10.63,D,0
38.02311,39.91216,344.57,0.78,0.78,2024-08-25,1127,N,VIIRS,n,2,301.57,14.91,D,0
38.03011,39.91141,336.11,0.78,0.78,2024-08-25,1127,N,VIIRS,n,2,299.79,8.96,D,0
38.03043,39.9123,334.99,0.78,0.78,2024-08-25,1127,N,VIIRS,n,2,299.8,6.92,D,0
39.26533,26.97986,345.84,0.51,0.41,2024-08-25,1128,N,VIIRS,n,2,307.82,10.44,D,0
39.26907,26.97898,346.93,0.51,0.41,2024-08-25,1128,N,VIIRS,n,2,305.66,33.83,D,0
39.99798,30.0076,338.97,0.48,0.48,2024-08-25,1128,N,VIIRS,n,2,300.4,5.26,D,0
39.99842,30.01318,340.11,0.48,0.48,2024-08-25,1128,N,VIIRS,n,2,301.87,7.78,D,0
39.99982,30.00803,342.01,0.48,0.48,2024-08-25,1128,N,VIIRS,n,2,301.17,6.56,D,0
40.0003,30.01369,340.53,0.48,0.48,2024-08-25,1128,N,VIIRS,n,2,299.97,6.56,D,0
40.04572,29.61175,338.6,0.46,0.47,2024-08-25,1128,N,VIIRS,n,2,300.53,3.39,D,0
41.17165,27.82915,341.0,0.39,0.44,2024-08-25,1128,N,VIIRS,n,2,302.03,22.49,D,0
41.17211,27.83378,353.41,0.39,0.44,2024-08-25,1128,N,VIIRS,n,2,311.51,22.49,D,0
41.17493,32.63332,331.39,0.34,0.56,2024-08-25,1128,N,VIIRS,n,2,297.73,2.58,D,2
41.17658,27.83771,351.32,0.39,0.44,2024-08-25,1128,N,VIIRS,n,2,304.07,5.03,D,0
41.17704,27.84233,343.36,0.39,0.44,2024-08-25,1128,N,VIIRS,n,2,304.12,5.03,D,0
41.99047,25.56717,348.82,0.47,0.4,2024-08-25,1128,N,VIIRS,n,2,311.96,8.79,D,0
41.99412,25.56639,344.82,0.47,0.4,2024-08-25,1128,N,VIIRS,n,2,313.0,8.79,D,0
39.81285,42.86905,320.55,0.5,0.66,2024-08-25,2205,N,VIIRS,n,2,283.21,3.01,N,0
40.01649,43.81233,300.21,0.45,0.63,2024-08-25,2205,N,VIIRS,n,2,287.98,0.55,N,0
35.6624,43.96428,367.0,0.4,0.6,2024-08-25,2206,N,VIIRS,h,2,300.07,8.39,N,2
35.66264,43.95972,308.33,0.4,0.6,2024-08-25,2206,N,VIIRS,n,2,296.49,6.87,N,2
35.68407,43.87847,347.21,0.41,0.6,2024-08-25,2206,N,VIIRS,n,2,296.85,21.03,N,2
35.68432,43.87389,367.0,0.41,0.6,2024-08-25,2206,N,VIIRS,h,2,302.27,21.03,N,2
35.68458,43.86924,308.35,0.41,0.6,2024-08-25,2206,N,VIIRS,n,2,295.98,14.79,N,2
35.7257,44.03968,352.72,0.4,0.6,2024-08-25,2206,N,VIIRS,n,2,300.54,7.28,N,2
35.72625,44.03047,311.73,0.4,0.6,2024-08-25,2206,N,VIIRS,n,2,297.84,1.7,N,2
35.73183,44.03124,318.52,0.4,0.6,2024-08-25,2206,N,VIIRS,n,2,298.51,1.7,N,2
35.77079,43.99522,320.94,0.4,0.6,2024-08-25,2206,N,VIIRS,n,2,297.45,3.03,N,2
35.7902,43.51603,324.35,0.43,0.62,2024-08-25,2206,N,VIIRS,n,2,295.41,1.48,N,0
35.79031,43.51652,323.52,0.43,0.62,2024-08-25,2206,N,VIIRS,n,2,295.62,1.04,N,0
35.79596,43.51654,307.75,0.43,0.62,2024-08-25,2206,N,VIIRS,n,2,294.84,1.48,N,0
35.79607,43.51704,306.11,0.43,0.62,2024-08-25,2206,N,VIIRS,n,2,295.03,1.04,N,0
35.81498,43.25476,308.73,0.44,0.63,2024-08-25,2206,N,VIIRS,n,2,298.72,2.23,N,2
35.92116,43.78731,307.47,0.41,0.61,2024-08-25,2206,N,VIIRS,n,2,297.03,1.63,N,2
35.92683,43.78799,311.49,0.41,0.61,2024-08-25,2206,N,VIIRS,n,2,296.92,1.72,N,2
35.95304,43.72778,315.68,0.42,0.61,2024-08-25,2206,N,VIIRS,n,2,297.65,1.91,N,2
35.96822,43.7631,313.17,0.42,0.61,2024-08-25,2206,N,VIIRS,n,2,298.71,4.82,N,2
35.9696,43.76369,310.88,0.42,0.61,2024-08-25,2206,N,VIIRS,n,2,299.29,5.24,N,2
35.9734,43.77243,315.57,0.42,0.61,2024-08-25,2206,N,VIIRS,n,2,299.26,3.22,N,2
35.97937,43.76806,316.79,0.42,0.61,2024-08-25,2206,N,VIIRS,n,2,299.34,4.21,N,2
35.98077,43.76872,313.23,0.42,0.61,2024-08-25,2206,N,VIIRS,n,2,299.83,4.24,N,2
35.99836,43.76045,316.76,0.42,0.61,2024-08-25,2206,N,VIIRS,n,2,298.41,1.88,N,2
36.01703,43.39362,308.62,0.44,0.62,2024-08-25,2206,N,VIIRS,n,2,297.33,1.76,N,0
36.01976,43.6805,331.47,0.42,0.61,2024-08-25,2206,N,VIIRS,n,2,299.11,3.79,N,2
36.08057,43.64012,305.84,0.42,0.61,2024-08-25,2206,N,VIIRS,n,2,295.78,0.81,N,0
36.08544,43.63684,305.26,0.42,0.61,2024-08-25,2206,N,VIIRS,n,2,294.65,0.73,N,0
36.09745,43.62816,313.59,0.42,0.61,2024-08-25,2206,N,VIIRS,n,2,294.6,1.1,N,0
36.09852,43.62707,306.93,0.42,0.61,2024-08-25,2206,N,VIIRS,n,2,295.08,0.74,N,0
36.34919,42.07399,310.46,0.52,0.67,2024-08-25,2206,N,VIIRS,n,2,296.89,2.32,N,2
36.35144,42.07414,310.65,0.52,0.67,2024-08-25,2206,N,VIIRS,n,2,297.49,1.88,N,2
36.49305,43.72929,316.06,0.42,0.61,2024-08-25,2206,N,VIIRS,n,2,294.68,1.2,N,0
36.49332,43.72452,305.41,0.42,0.61,2024-08-25,2206,N,VIIRS,n,2,294.4,1.2,N,0
36.4944,43.72827,321.67,0.42,0.61,2024-08-25,2206,N,VIIRS,n,2,295.4,1.46,N,0
36.49463,43.72348,304.9,0.42,0.61,2024-08-25,2206,N,VIIRS,n,2,294.55,1.46,N,0
36.72118,42.59672,307.04,0.49,0.65,2024-08-25,2206,N,VIIRS,n,2,295.49,1.35,N,2
36.77514,43.32481,342.26,0.45,0.63,2024-08-25,2206,N,VIIRS,n,2,297.52,5.84,N,2
36.77538,43.31962,314.33,0.45,0.63,2024-08-25,2206,N,VIIRS,n,2,295.49,5.88,N,2
36.87156,43.48746,305.12,0.44,0.62,2024-08-25,2206,N,VIIRS,n,2,293.99,1.34,N,2
36.87179,43.48265,305.64,0.44,0.62,2024-08-25,2206,N,VIIRS,n,2,292.78,1.26,N,2
36.89215,43.42493,320.87,0.44,0.63,2024-08-25,2206,N,VIIRS,n,2,292.27,2.94,N,2
36.90579,43.38581,334.05,0.45,0.63,2024-08-25,2206,N,VIIRS,n,2,293.75,3.61,N,2
36.91221,41.89365,310.99,0.54,0.68,2024-08-25,2206,N,VIIRS,n,2,293.19,1.38,N,2
36.91641,41.89511,306.36,0.54,0.68,2024-08-25,2206,N,VIIRS,n,2,294.02,0.88,N,2
36.93538,42.13146,310.67,0.52,0.67,2024-08-25,2206,N,VIIRS,n,2,294.35,1.75,N,2
36.9403,42.16746,315.62,0.52,0.67,2024-08-25,2206,N,VIIRS,n,2,293.74,1.97,N,2
36.94788,42.13232,318.1,0.52,0.67,2024-08-25,2206,N,VIIRS,n,2,294.02,2.54,N,2
36.94811,42.12633,321.04,0.52,0.67,2024-08-25,2206,N,VIIRS,n,2,294.92,2.54,N,2
36.96251,42.07758,311.49,0.52,0.67,2024-08-25,2206,N,VIIRS,n,2,294.21,1.87,N,2
36.97967,43.41642,304.85,0.44,0.63,2024-08-25,2206,N,VIIRS,n,2,293.14,1.59,N,0
36.98586,43.40968,309.29,0.45,0.63,2024-08-25,2206,N,VIIRS,n,2,291.09,1.23,N,0
36.98612,43.40427,305.27,0.45,0.63,2024-08-25,2206,N,VIIRS,n,2,290.8,1.23,N,0
37.07789,42.55568,313.81,0.5,0.65,2024-08-25,2206,N,VIIRS,n,2,295.23,2.87,N,2
37.07862,42.55396,309.99,0.5,0.65,2024-08-25,2206,N,VIIRS,n,2,294.82,2.73,N,2
37.16073,42.63068,303.54,0.49,0.65,2024-08-25,2206,N,VIIRS,n,2,292.77,1.39,N,0
37.16097,42.63096,303.94,0.49,0.65,2024-08-25,2206,N,VIIRS,n,2,292.49,0.97,N,0
37.55876,39.04121,303.47,0.77,0.77,2024-08-25,2206,N,VIIRS,n,2,291.41,2.22,N,0
37.98684,40.22244,302.15,0.67,0.74,2024-08-25,2206,N,VIIRS,n,2,289.41,1.81,N,0
37.9879,40.21835,305.9,0.67,0.74,2024-08-25,2206,N,VIIRS,n,2,289.75,1.74,N,0
38.00143,40.23328,300.32,0.67,0.74,2024-08-25,2206,N,VIIRS,n,2,289.55,0.63,N,0
38.01242,39.89197,303.11,0.7,0.75,2024-08-25,2206,N,VIIRS,n,2,290.91,1.14,N,0
38.01955,39.8838,310.25,0.7,0.75,2024-08-25,2206,N,VIIRS,n,2,291.26,2.6,N,0
38.04743,39.90096,315.93,0.7,0.75,2024-08-25,2206,N,VIIRS,n,2,291.08,2.57,N,0
39.07216,42.32738,297.68,0.53,0.67,2024-08-25,2206,N,VIIRS,n,2,285.46,0.86,N,0
39.07502,42.32773,307.23,0.53,0.67,2024-08-25,2206,N,VIIRS,n,2,285.95,1.46,N,0
39.07845,42.32742,309.67,0.53,0.67,2024-08-25,2206,N,VIIRS,n,2,285.83,1.53,N,0
39.0813,42.32763,301.26,0.53,0.67,2024-08-25,2206,N,VIIRS,n,2,285.85,1.46,N,0
39.10239,42.367,296.63,0.52,0.67,2024-08-25,2206,N,VIIRS,n,2,285.75,1.49,N,0
35.52486,44.34381,348.56,0.38,0.59,2024-08-25,2207,N,VIIRS,n,2,297.49,4.85,N,2
35.52507,44.34478,339.26,0.38,0.59,2024-08-25,2207,N,VIIRS,n,2,296.77,3.98,N,2
35.52511,44.3394,324.38,0.38,0.59,2024-08-25,2207,N,VIIRS,n,2,297.3,4.85,N,2
35.52535,44.34037,335.99,0.38,0.59,2024-08-25,2207,N,VIIRS,n,2,297.56,3.98,N,2
35.5306,44.34003,367.0,0.38,0.59,2024-08-25,2207,N,VIIRS,h,2,297.75,4.85,N,2
35.53084,44.34098,344.89,0.38,0.59,2024-08-25,2207,N,VIIRS,n,2,296.49,7.24,N,2
35.53085,44.33565,334.04,0.38,0.59,2024-08-25,2207,N,VIIRS,n,2,297.31,10.33,N,2
35.53112,44.33661,354.09,0.38,0.59,2024-08-25,2207,N,VIIRS,n,2,297.5,6.1,N,2
35.53633,44.33635,327.72,0.38,0.59,2024-08-25,2207,N,VIIRS,n,2,296.57,2.66,N,2
35.5366,44.33729,322.24,0.38,0.59,2024-08-25,2207,N,VIIRS,n,2,296.04,6.1,N,2
35.56167,44.28168,309.88,0.39,0.59,2024-08-25,2207,N,VIIRS,n,2,295.69,1.45,N,2
35.56717,44.28234,317.57,0.39,0.59,2024-08-25,2207,N,VIIRS,n,2,296.9,1.45,N,2
35.62809,44.00924,348.52,0.4,0.6,2024-08-25,2207,N,VIIRS,n,2,300.6,5.22,N,2
35.62836,44.00465,314.34,0.4,0.6,2024-08-25,2207,N,VIIRS,n,2,297.92,5.28,N,2
35.65882,43.96671,308.12,0.4,0.6,2024-08-25,2207,N,VIIRS,n,2,296.79,3.34,N,2
35.6591,43.96215,329.24,0.4,0.6,2024-08-25,2207,N,VIIRS,n,2,296.47,5.61,N,2
35.66442,43.96731,317.59,0.4,0.6,2024-08-25,2207,N,VIIRS,n,2,297.28,3.34,N,2
35.6647,43.96277,350.23,0.4,0.6,2024-08-25,2207,N,VIIRS,n,2,298.32,5.61,N,2
37.98306,40.21885,321.23,0.53,0.5,2024-08-25,2346,N,VIIRS,n,2,291.05,3.02,N,0
37.98665,40.22078,334.38,0.53,0.5,2024-08-25,2346,N,VIIRS,n,2,290.93,5.13,N,0
37.98754,40.22055,332.49,0.53,0.5,2024-08-25,2346,N,VIIRS,n,2,290.77,3.02,N,0
38.00299,40.23408,322.71,0.53,0.5,2024-08-25,2346,N,VIIRS,n,2,290.65,2.46,N,0
38.00393,40.23391,329.14,0.53,0.5,2024-08-25,2346,N,VIIRS,n,2,291.26,5.92,N,0
38.00745,40.23586,323.75,0.53,0.5,2024-08-25,2346,N,VIIRS,n,2,291.26,2.46,N,0
38.01658,39.89193,312.82,0.51,0.49,2024-08-25,2346,N,VIIRS,n,2,292.34,2.45,N,0
38.01791,39.88629,323.44,0.51,0.49,2024-08-25,2346,N,VIIRS,n,2,292.77,2.45,N,0
38.04734,39.90377,320.6,0.51,0.49,2024-08-25,2346,N,VIIRS,n,2,291.72,2.82,N,0
38.45286,38.72787,309.64,0.43,0.46,2024-08-25,2346,N,VIIRS,n,2,289.94,0.91,N,2
38.45715,38.7257,305.16,0.43,0.46,2024-08-25,2346,N,VIIRS,n,2,289.99,1.07,N,2
38.65147,39.7672,315.5,0.48,0.48,2024-08-25,2346,N,VIIRS,n,2,289.93,2.36,N,2
38.65227,39.77118,323.41,0.48,0.48,2024-08-25,2346,N,VIIRS,n,2,290.16,2.95,N,2
38.66287,39.23524,305.04,0.45,0.47,2024-08-25,2346,N,VIIRS,n,2,289.65,1.0,N,2
39.07887,42.32958,303.02,0.32,0.54,2024-08-25,2346,N,VIIRS,n,2,284.73,0.63,N,0
39.07977,42.32607,303.11,0.32,0.54,2024-08-25,2346,N,VIIRS,n,2,285.33,0.63,N,0
39.10448,42.37579,301.74,0.32,0.55,2024-08-25,2346,N,VIIRS,n,2,285.71,0.6,N,0
39.10538,42.3723,302.35,0.32,0.55,2024-08-25,2346,N,VIIRS,n,2,285.28,0.92,N,0
39.94328,33.19233,296.59,0.39,0.36,2024-08-25,2346,N,VIIRS,n,2,285.17,0.42,N,2
39.9616,33.14533,297.03,0.39,0.36,2024-08-25,2346,N,VIIRS,n,2,284.95,0.45,N,2
40.05056,32.65152,299.99,0.39,0.36,2024-08-25,2346,N,VIIRS,n,2,286.75,0.81,N,0
40.7568,31.78156,308.46,0.38,0.36,2024-08-25,2346,N,VIIRS,n,2,288.38,0.94,N,2
40.75793,29.35866,304.99,0.42,0.37,2024-08-25,2346,N,VIIRS,n,2,293.49,1.03,N,3
40.76525,29.52896,313.01,0.41,0.37,2024-08-25,2346,N,VIIRS,n,2,294.8,1.96,N,3
40.79978,29.37504,305.79,0.42,0.37,2024-08-25,2346,N,VIIRS,n,2,295.25,0.81,N,2
40.94791,31.39529,305.37,0.39,0.36,2024-08-25,2346,N,VIIRS,n,2,288.3,0.41,N,2
41.01976,28.55629,315.86,0.44,0.39,2024-08-25,2346,N,VIIRS,n,2,294.09,1.82,N,2
41.10982,37.3237,300.44,0.5,0.41,2024-08-25,2346,N,VIIRS,n,2,285.1,1.42,N,2
41.15093,30.33014,300.08,0.4,0.37,2024-08-25,2346,N,VIIRS,n,2,289.77,1.27,N,0
41.1516,30.32541,320.87,0.4,0.37,2024-08-25,2346,N,VIIRS,n,2,289.56,1.27,N,0
41.17328,32.63417,318.68,0.38,0.36,2024-08-25,2346,N,VIIRS,n,2,289.19,1.17,N,2
41.17656,32.6351,331.58,0.38,0.36,2024-08-25,2346,N,VIIRS,n,2,291.47,2.32,N,2
41.17985,32.63602,301.4,0.38,0.36,2024-08-25,2346,N,VIIRS,n,2,289.11,2.32,N,2
41.25428,31.41124,313.4,0.39,0.36,2024-08-25,2346,N,VIIRS,n,2,291.47,1.06,N,2
41.25758,31.41211,306.19,0.39,0.36,2024-08-25,2346,N,VIIRS,n,2,291.03,0.52,N,2
41.26213,31.42761,317.94,0.39,0.36,2024-08-25,2346,N,VIIRS,n,2,292.76,1.72,N,2
41.26612,31.42389,322.8,0.39,0.36,2024-08-25,2346,N,VIIRS,n,2,294.11,2.95,N,2
35.52553,44.34429,345.98,0.5,0.66,2024-08-25,2347,N,VIIRS,n,2,295.8,4.95,N,2
35.52702,44.33904,326.79,0.5,0.66,2024-08-25,2347,N,VIIRS,n,2,295.58,4.95,N,2
35.53287,44.34135,346.09,0.5,0.66,2024-08-25,2347,N,VIIRS,n,2,295.81,6.55,N,2
35.53437,44.33602,325.75,0.5,0.66,2024-08-25,2347,N,VIIRS,n,2,295.81,6.59,N,2
35.56241,44.28252,306.72,0.49,0.65,2024-08-25,2347,N,VIIRS,n,2,294.66,1.08,N,2
35.56825,44.28479,307.47,0.49,0.65,2024-08-25,2347,N,VIIRS,n,2,295.32,1.08,N,2
35.62645,44.0078,332.44,0.48,0.64,2024-08-25,2347,N,VIIRS,n,2,295.24,3.14,N,2
35.63211,44.01035,335.35,0.48,0.64,2024-08-25,2347,N,VIIRS,n,2,296.31,3.14,N,2
35.66357,43.96582,367.0,0.47,0.64,2024-08-25,2347,N,VIIRS,h,2,298.63,9.7,N,2
35.68169,43.87742,352.24,0.47,0.64,2024-08-25,2347,N,VIIRS,n,2,295.13,6.51,N,2
35.6831,43.87233,322.2,0.47,0.64,2024-08-25,2347,N,VIIRS,n,2,295.27,6.51,N,2
35.68737,43.87972,356.48,0.47,0.64,2024-08-25,2347,N,VIIRS,n,2,297.6,9.99,N,2
35.68878,43.87463,338.35,0.47,0.64,2024-08-25,2347,N,VIIRS,n,2,295.69,9.99,N,2
35.71698,43.77225,308.97,0.46,0.64,2024-08-25,2347,N,VIIRS,n,2,297.66,2.37,N,2
35.7233,44.03992,345.6,0.48,0.64,2024-08-25,2347,N,VIIRS,n,2,296.8,7.41,N,2
35.73193,44.03183,313.25,0.47,0.64,2024-08-25,2347,N,VIIRS,n,2,295.55,2.76,N,2
35.77336,43.99711,322.95,0.47,0.64,2024-08-25,2347,N,VIIRS,n,2,297.05,3.4,N,2
35.87593,44.08884,304.31,0.47,0.64,2024-08-25,2347,N,VIIRS,n,2,294.02,0.44,N,0
35.92361,43.7874,309.98,0.46,0.63,2024-08-25,2347,N,VIIRS,n,2,296.76,2.28,N,2
35.95217,43.7289,315.45,0.45,0.63,2024-08-25,2347,N,VIIRS,n,2,296.44,2.01,N,2
35.96613,43.7682,314.35,0.45,0.63,2024-08-25,2347,N,VIIRS,n,2,298.17,2.97,N,2
35.96663,43.76721,315.91,0.45,0.63,2024-08-25,2347,N,VIIRS,n,2,298.14,6.7,N,2
35.97073,43.77504,309.23,0.45,0.63,2024-08-25,2347,N,VIIRS,n,2,298.25,3.82,N,2
35.9716,43.77098,308.58,0.45,0.63,2024-08-25,2347,N,VIIRS,n,2,298.4,2.97,N,2
35.9785,43.76868,309.27,0.45,0.63,2024-08-25,2347,N,VIIRS,n,2,297.78,3.62,N,2
35.97896,43.76773,310.49,0.45,0.63,2024-08-25,2347,N,VIIRS,n,2,297.76,3.35,N,2
35.99921,43.76154,322.12,0.45,0.63,2024-08-25,2347,N,VIIRS,n,2,297.29,3.08,N,2
36.01513,43.68177,310.57,0.45,0.63,2024-08-25,2347,N,VIIRS,n,2,294.69,1.53,N,2
36.02071,43.68402,322.21,0.45,0.63,2024-08-25,2347,N,VIIRS,n,2,297.24,1.53,N,2
36.08211,43.64106,313.94,0.44,0.63,2024-08-25,2347,N,VIIRS,n,2,295.5,1.13,N,0
36.0971,43.63139,310.68,0.44,0.63,2024-08-25,2347,N,VIIRS,n,2,294.03,0.66,N,0
36.12912,43.78467,307.84,0.45,0.63,2024-08-25,2347,N,VIIRS,n,2,297.64,2.56,N,2
36.14158,40.82041,309.54,0.63,0.54,2024-08-25,2347,N,VIIRS,n,2,294.78,2.26,N,2
36.2623,33.72864,312.67,0.43,0.38,2024-08-25,2347,N,VIIRS,n,2,295.21,1.91,N,2
36.35186,42.0773,310.35,0.36,0.57,2024-08-25,2347,N,VIIRS,n,2,298.59,1.6,N,2
36.44405,42.93014,307.86,0.4,0.6,2024-08-25,2347,N,VIIRS,n,2,297.46,1.75,N,2
36.49243,43.72939,310.98,0.44,0.62,2024-08-25,2347,N,VIIRS,n,2,293.0,1.1,N,0
36.52976,37.53613,307.68,0.41,0.45,2024-08-25,2347,N,VIIRS,n,2,294.26,1.21,N,0
36.69713,36.20913,311.93,0.53,0.42,2024-08-25,2347,N,VIIRS,n,2,295.2,3.17,N,2
36.71845,36.20353,329.8,0.53,0.42,2024-08-25,2347,N,VIIRS,n,2,294.85,4.03,N,2
36.72192,42.59696,305.43,0.38,0.58,2024-08-25,2347,N,VIIRS,n,2,294.86,0.77,N,2
36.72862,36.21296,310.41,0.53,0.42,2024-08-25,2347,N,VIIRS,n,2,295.1,2.52,N,2
36.73148,43.28207,312.41,0.41,0.61,2024-08-25,2347,N,VIIRS,n,2,295.8,1.7,N,2
36.73359,36.20835,308.58,0.53,0.42,2024-08-25,2347,N,VIIRS,n,2,295.22,2.52,N,2
36.73738,36.20953,308.5,0.53,0.42,2024-08-25,2347,N,VIIRS,n,2,295.55,3.29,N,2
36.74734,36.20025,311.28,0.53,0.42,2024-08-25,2347,N,VIIRS,n,2,295.14,3.62,N,2
36.7482,43.50125,308.17,0.42,0.61,2024-08-25,2347,N,VIIRS,n,2,294.14,1.85,N,2
36.77258,43.3241,311.24,0.41,0.61,2024-08-25,2347,N,VIIRS,n,2,294.16,3.21,N,2
36.77304,43.32745,305.99,0.41,0.61,2024-08-25,2347,N,VIIRS,n,2,294.43,3.98,N,2
36.77428,43.3228,349.24,0.41,0.61,2024-08-25,2347,N,VIIRS,n,2,295.5,3.98,N,2
36.77831,43.32504,352.29,0.41,0.61,2024-08-25,2347,N,VIIRS,n,2,297.37,3.21,N,2
36.77949,43.32069,305.61,0.41,0.61,2024-08-25,2347,N,VIIRS,n,2,295.29,3.21,N,2
36.79785,37.02081,305.03,0.39,0.44,2024-08-25,2347,N,VIIRS,n,2,294.15,0.79,N,2
36.8679,34.76136,306.35,0.46,0.39,2024-08-25,2347,N,VIIRS,n,2,295.09,1.12,N,2
36.86836,43.49147,312.06,0.42,0.61,2024-08-25,2347,N,VIIRS,n,2,292.96,1.66,N,2
36.8695,43.48729,309.5,0.42,0.61,2024-08-25,2347,N,VIIRS,n,2,293.95,2.27,N,2
36.87146,34.76238,308.64,0.46,0.39,2024-08-25,2347,N,VIIRS,n,2,295.09,1.12,N,2
36.88863,42.07267,303.69,0.35,0.57,2024-08-25,2347,N,VIIRS,n,2,292.46,0.6,N,0
36.89112,43.42995,332.03,0.41,0.61,2024-08-25,2347,N,VIIRS,n,2,292.7,3.54,N,2
36.90645,43.39556,308.47,0.41,0.61,2024-08-25,2347,N,VIIRS,n,2,290.77,2.87,N,2
36.90772,43.39088,327.53,0.41,0.61,2024-08-25,2347,N,VIIRS,n,2,292.81,2.87,N,2
36.91269,41.895,317.57,0.34,0.56,2024-08-25,2347,N,VIIRS,n,2,293.29,0.86,N,2
36.91587,41.89763,316.29,0.34,0.56,2024-08-25,2347,N,VIIRS,n,2,293.33,0.91,N,2
36.93442,42.13257,315.83,0.35,0.57,2024-08-25,2347,N,VIIRS,n,2,294.3,1.78,N,2
36.93553,30.6463,329.7,0.38,0.36,2024-08-25,2347,N,VIIRS,n,2,294.99,3.16,N,2
36.93738,42.12107,307.07,0.35,0.57,2024-08-25,2347,N,VIIRS,n,2,293.88,1.19,N,2
36.94053,42.17397,306.8,0.35,0.57,2024-08-25,2347,N,VIIRS,n,2,293.19,1.25,N,2
36.94152,42.17007,321.26,0.35,0.57,2024-08-25,2347,N,VIIRS,n,2,294.52,1.93,N,2
36.94552,42.13277,333.4,0.35,0.57,2024-08-25,2347,N,VIIRS,n,2,294.92,2.72,N,2
36.94652,42.12888,317.33,0.35,0.57,2024-08-25,2347,N,VIIRS,n,2,295.37,3.29,N,2
36.9539,41.66048,308.55,0.33,0.55,2024-08-25,2347,N,VIIRS,n,2,293.08,0.57,N,0
36.96418,42.08165,315.67,0.35,0.57,2024-08-25,2347,N,VIIRS,n,2,294.02,1.1,N,2
36.97876,43.41072,306.05,0.41,0.61,2024-08-25,2347,N,VIIRS,n,2,292.31,1.57,N,0
36.98347,43.41534,301.8,0.41,0.61,2024-08-25,2347,N,VIIRS,n,2,291.73,0.99,N,0
36.98491,43.41009,317.38,0.41,0.61,2024-08-25,2347,N,VIIRS,n,2,292.09,2.4,N,0
36.99865,41.56214,312.79,0.33,0.55,2024-08-25,2347,N,VIIRS,n,2,294.35,1.11,N,2
36.99984,41.5636,309.27,0.33,0.55,2024-08-25,2347,N,VIIRS,n,2,293.74,0.76,N,2
37.00522,41.49899,313.28,0.32,0.55,2024-08-25,2347,N,VIIRS,n,2,292.72,0.54,N,0
37.02193,36.10849,310.5,0.52,0.42,2024-08-25,2347,N,VIIRS,n,2,294.14,1.69,N,2
37.02353,36.11082,307.53,0.52,0.42,2024-08-25,2347,N,VIIRS,n,2,293.6,1.15,N,2
37.07575,42.55774,306.99,0.37,0.58,2024-08-25,2347,N,VIIRS,n,2,295.08,1.11,N,2
37.07876,42.55827,314.29,0.37,0.58,2024-08-25,2347,N,VIIRS,n,2,296.29,2.2,N,2
37.0813,42.55825,308.05,0.37,0.58,2024-08-25,2347,N,VIIRS,n,2,296.13,1.87,N,2
37.09745,41.80113,324.93,0.34,0.56,2024-08-25,2347,N,VIIRS,n,2,293.61,2.02,N,0
37.25226,30.44319,311.6,0.39,0.36,2024-08-25,2347,N,VIIRS,n,2,290.33,1.21,N,2
37.29459,37.15971,303.12,0.38,0.43,2024-08-25,2347,N,VIIRS,n,2,292.89,0.42,N,2
37.29541,37.15588,305.33,0.38,0.43,2024-08-25,2347,N,VIIRS,n,2,293.28,0.9,N,2
37.35282,37.16139,304.06,0.38,0.43,2024-08-25,2347,N,VIIRS,n,2,293.69,0.91,N,2
37.56054,39.04756,320.32,0.47,0.48,2024-08-25,2347,N,VIIRS,n,2,292.07,1.97,N,0
37.57921,39.02628,303.44,0.47,0.48,2024-08-25,2347,N,VIIRS,n,2,293.25,0.65,N,0
37.71123,38.57803,302.95,0.44,0.46,2024-08-25,2347,N,VIIRS,n,2,291.93,1.53,N,0
37.71399,38.58072,306.33,0.44,0.46,2024-08-25,2347,N,VIIRS,n,2,292.63,0.69,N,0
37.77024,27.43799,307.98,0.45,0.39,2024-08-25,2347,N,VIIRS,n,2,295.11,1.38,N,2
37.86219,29.3735,310.7,0.4,0.37,2024-08-25,2347,N,VIIRS,n,2,293.1,0.87,N,2
37.89936,30.49265,302.11,0.39,0.36,2024-08-25,2347,N,VIIRS,n,2,290.72,0.82,N,2
37.93891,32.53398,302.32,0.39,0.36,2024-08-25,2347,N,VIIRS,n,2,288.87,0.48,N,2
38.13813,30.88413,301.96,0.38,0.36,2024-08-25,2347,N,VIIRS,n,2,289.08,0.62,N,0
38.14141,30.88495,299.9,0.38,0.36,2024-08-25,2347,N,VIIRS,n,2,288.03,0.49,N,0
38.14738,30.86836,320.55,0.38,0.36,2024-08-25,2347,N,VIIRS,n,2,290.78,2.33,N,0
38.42809,27.21912,310.59,0.47,0.39,2024-08-25,2347,N,VIIRS,n,2,296.45,2.78,N,2
38.65931,30.62032,299.41,0.39,0.36,2024-08-25,2347,N,VIIRS,n,2,287.9,0.61,N,2
38.73933,26.93311,305.47,0.48,0.4,2024-08-25,2347,N,VIIRS,n,2,293.68,1.58,N,2
38.74108,26.95041,305.26,0.48,0.4,2024-08-25,2347,N,VIIRS,n,2,294.4,1.02,N,2
39.09288,27.51149,307.67,0.46,0.39,2024-08-25,2347,N,VIIRS,n,2,292.22,1.63,N,0
39.11391,27.52097,302.51,0.46,0.39,2024-08-25,2347,N,VIIRS,n,2,291.97,0.65,N,0
39.16695,27.62971,303.8,0.46,0.39,2024-08-25,2347,N,VIIRS,n,2,291.79,1.23,N,2
39.16764,27.63121,310.23,0.46,0.39,2024-08-25,2347,N,VIIRS,n,2,293.09,1.6,N,2
39.18372,27.49683,304.39,0.46,0.39,2024-08-25,2347,N,VIIRS,n,2,292.72,0.77,N,2
39.48354,30.04303,310.46,0.4,0.37,2024-08-25,2347,N,VIIRS,n,2,288.41,0.61,N,2
39.86398,26.24354,306.99,0.53,0.42,2024-08-25,2347,N,VIIRS,n,2,293.39,1.25,N,2
39.86725,26.24404,313.98,0.53,0.42,2024-08-25,2347,N,VIIRS,n,2,294.52,2.28,N,2
39.86784,26.24422,306.51,0.53,0.42,2024-08-25,2347,N,VIIRS,n,2,293.24,1.01,N,2
39.89857,28.87227,300.24,0.42,0.38,2024-08-25,2347,N,VIIRS,n,2,286.83,0.34,N,0
