latitude,longitude,bright_ti4,scan,track,acq_date,acq_time,satellite,instrument,confidence,version,bright_ti5,frp,daynight
42.12238,43.01689,304.98,0.57,0.69,2026-06-17,20,N,VIIRS,n,2.0NRT,286.31,1.75,N
42.12445,43.0167,303.5,0.57,0.69,2026-06-17,20,N,VIIRS,n,2.0NRT,286.23,1.44,N
36.13034,40.8096,314.34,0.67,0.73,2026-06-17,22,N,VIIRS,n,2.0NRT,291.95,2.46,N
36.13095,40.80449,302.5,0.67,0.73,2026-06-17,22,N,VIIRS,n,2.0NRT,291.1,2.87,N
36.16855,41.04491,305.62,0.68,0.74,2026-06-17,22,N,VIIRS,n,2.0NRT,290.78,1.31,N
36.16993,41.04357,303.47,0.68,0.74,2026-06-17,22,N,VIIRS,n,2.0NRT,290.94,0.81,N
36.26623,33.72876,304.24,0.57,0.52,2026-06-17,22,N,VIIRS,n,2.0NRT,293.78,1.44,N
36.69604,36.20583,306.2,0.37,0.58,2026-06-17,22,N,VIIRS,n,2.0NRT,292.97,1.19,N
36.71997,36.20224,315.66,0.37,0.58,2026-06-17,22,N,VIIRS,n,2.0NRT,291.95,2.03,N
36.72345,39.01105,310.53,0.52,0.67,2026-06-17,22,N,VIIRS,n,2.0NRT,287.77,0.65,N
36.72928,36.21049,305.7,0.37,0.58,2026-06-17,22,N,VIIRS,n,2.0NRT,291.93,0.95,N
36.73244,36.19847,303.87,0.37,0.58,2026-06-17,22,N,VIIRS,n,2.0NRT,292.8,0.69,N
36.73444,36.21267,306.65,0.37,0.58,2026-06-17,22,N,VIIRS,n,2.0NRT,293.24,0.95,N
36.7355,36.20866,325.89,0.37,0.58,2026-06-17,22,N,VIIRS,n,2.0NRT,292.95,3.0,N
36.84214,39.52275,307.9,0.55,0.68,2026-06-17,22,N,VIIRS,n,2.0NRT,288.72,1.9,N
36.84416,39.52719,311.61,0.55,0.68,2026-06-17,22,N,VIIRS,n,2.0NRT,289.06,1.07,N
36.91589,41.89359,302.15,0.72,0.75,2026-06-17,22,N,VIIRS,n,2.0NRT,288.28,0.74,N
36.9227,40.16193,308.2,0.59,0.7,2026-06-17,22,N,VIIRS,n,2.0NRT,288.84,1.49,N
36.92887,40.16479,326.86,0.59,0.7,2026-06-17,22,N,VIIRS,n,2.0NRT,289.64,3.6,N
36.94049,42.16901,302.06,0.74,0.76,2026-06-17,22,N,VIIRS,n,2.0NRT,288.2,0.82,N
36.94445,42.13252,308.26,0.73,0.76,2026-06-17,22,N,VIIRS,n,2.0NRT,290.68,2.84,N
36.94576,42.16882,312.09,0.74,0.76,2026-06-17,22,N,VIIRS,n,2.0NRT,289.25,1.66,N
36.94704,42.12444,306.8,0.73,0.76,2026-06-17,22,N,VIIRS,n,2.0NRT,291.08,4.18,N
36.94712,42.17245,306.08,0.74,0.76,2026-06-17,22,N,VIIRS,n,2.0NRT,289.28,0.82,N
36.94986,42.1325,340.34,0.73,0.76,2026-06-17,22,N,VIIRS,n,2.0NRT,291.81,9.42,N
36.95104,42.13608,310.28,0.73,0.76,2026-06-17,22,N,VIIRS,n,2.0NRT,289.68,2.21,N
36.95365,42.12791,308.94,0.73,0.76,2026-06-17,22,N,VIIRS,n,2.0NRT,290.34,3.11,N
36.96518,42.0855,302.25,0.73,0.76,2026-06-17,22,N,VIIRS,n,2.0NRT,288.57,1.25,N
36.96777,42.07755,302.69,0.73,0.76,2026-06-17,22,N,VIIRS,n,2.0NRT,288.66,1.25,N
36.96875,42.08072,309.89,0.73,0.76,2026-06-17,22,N,VIIRS,n,2.0NRT,288.91,1.57,N
36.96912,40.12375,299.76,0.58,0.7,2026-06-17,22,N,VIIRS,n,2.0NRT,288.36,0.62,N
37.10999,38.99867,308.12,0.51,0.66,2026-06-17,22,N,VIIRS,n,2.0NRT,288.88,1.2,N
37.11036,38.99886,311.46,0.51,0.66,2026-06-17,22,N,VIIRS,n,2.0NRT,288.91,2.3,N
37.11163,38.99313,302.48,0.51,0.66,2026-06-17,22,N,VIIRS,n,2.0NRT,289.24,1.9,N
37.1519,42.43278,328.24,0.75,0.77,2026-06-17,22,N,VIIRS,n,2.0NRT,288.78,7.72,N
37.15454,42.43781,308.84,0.75,0.77,2026-06-17,22,N,VIIRS,n,2.0NRT,288.19,3.35,N
37.15722,42.42958,324.52,0.75,0.77,2026-06-17,22,N,VIIRS,n,2.0NRT,289.14,5.8,N
37.25397,30.43997,304.51,0.55,0.43,2026-06-17,22,N,VIIRS,n,2.0NRT,289.75,1.38,N
37.29384,37.15572,304.21,0.4,0.6,2026-06-17,22,N,VIIRS,n,2.0NRT,292.08,1.27,N
37.50218,40.36106,304.18,0.58,0.7,2026-06-17,22,N,VIIRS,n,2.0NRT,286.99,1.27,N
37.50332,40.36139,299.7,0.58,0.7,2026-06-17,22,N,VIIRS,n,2.0NRT,286.9,0.64,N
38.42693,27.2169,312.05,0.41,0.37,2026-06-17,22,N,VIIRS,n,2.0NRT,293.23,1.81,N
38.45448,38.72484,299.95,0.45,0.63,2026-06-17,22,N,VIIRS,n,2.0NRT,289.3,1.11,N
38.65972,30.619,300.97,0.53,0.42,2026-06-17,22,N,VIIRS,n,2.0NRT,287.33,1.03,N
38.73895,26.94891,312.74,0.4,0.37,2026-06-17,22,N,VIIRS,n,2.0NRT,295.21,1.85,N
38.73974,26.94433,331.11,0.4,0.37,2026-06-17,22,N,VIIRS,n,2.0NRT,295.87,3.02,N
38.74213,26.93069,312.23,0.4,0.37,2026-06-17,22,N,VIIRS,n,2.0NRT,295.05,1.08,N
38.74229,26.94987,321.37,0.4,0.37,2026-06-17,22,N,VIIRS,n,2.0NRT,294.98,1.31,N
38.74564,26.95083,308.07,0.4,0.37,2026-06-17,22,N,VIIRS,n,2.0NRT,294.16,1.31,N
38.75471,26.93904,309.8,0.4,0.37,2026-06-17,22,N,VIIRS,n,2.0NRT,293.45,1.05,N
39.09379,27.51635,302.94,0.41,0.37,2026-06-17,22,N,VIIRS,n,2.0NRT,291.03,0.56,N
39.09462,27.51171,306.16,0.41,0.37,2026-06-17,22,N,VIIRS,n,2.0NRT,291.46,0.8,N
39.09547,27.50694,300.43,0.41,0.37,2026-06-17,22,N,VIIRS,n,2.0NRT,290.26,0.8,N
39.18519,27.4969,302.49,0.41,0.37,2026-06-17,22,N,VIIRS,n,2.0NRT,291.75,0.39,N
39.48695,30.04131,308.01,0.49,0.4,2026-06-17,22,N,VIIRS,n,2.0NRT,288.58,1.58,N
39.61066,27.87862,302.12,0.41,0.37,2026-06-17,22,N,VIIRS,n,2.0NRT,290.2,0.66,N
39.90075,28.87253,311.16,0.44,0.38,2026-06-17,22,N,VIIRS,n,2.0NRT,285.4,1.38,N
39.94711,33.19135,309.42,0.44,0.46,2026-06-17,22,N,VIIRS,n,2.0NRT,288.37,1.42,N
40.05023,32.65188,298.12,0.41,0.45,2026-06-17,22,N,VIIRS,n,2.0NRT,286.77,0.93,N
40.08447,32.79778,307.61,0.42,0.45,2026-06-17,22,N,VIIRS,n,2.0NRT,284.67,1.04,N
40.18867,29.22681,301.08,0.44,0.39,2026-06-17,22,N,VIIRS,n,2.0NRT,290.03,0.67,N
40.261,30.04502,299.85,0.47,0.4,2026-06-17,22,N,VIIRS,n,2.0NRT,288.7,0.46,N
40.75726,29.76028,306.09,0.46,0.39,2026-06-17,22,N,VIIRS,n,2.0NRT,290.21,0.89,N
40.7608,29.7614,308.19,0.46,0.39,2026-06-17,22,N,VIIRS,n,2.0NRT,292.82,1.5,N
40.78445,29.60018,303.96,0.45,0.39,2026-06-17,22,N,VIIRS,n,2.0NRT,291.91,0.55,N
40.80626,29.37036,304.22,0.44,0.38,2026-06-17,22,N,VIIRS,n,2.0NRT,290.15,0.78,N
40.94732,31.39962,297.76,0.52,0.42,2026-06-17,22,N,VIIRS,n,2.0NRT,285.15,0.87,N
41.02225,28.5548,301.99,0.42,0.37,2026-06-17,22,N,VIIRS,n,2.0NRT,285.22,0.79,N
41.02644,36.09871,298.24,0.57,0.52,2026-06-17,22,N,VIIRS,n,2.0NRT,284.09,0.91,N
41.02718,36.09999,298.41,0.57,0.52,2026-06-17,22,N,VIIRS,n,2.0NRT,283.85,1.03,N
41.17577,32.6356,302.06,0.39,0.44,2026-06-17,22,N,VIIRS,n,2.0NRT,287.85,0.86,N
41.19229,32.6195,297.22,0.39,0.44,2026-06-17,22,N,VIIRS,n,2.0NRT,286.73,0.95,N
41.25637,31.41239,337.0,0.52,0.41,2026-06-17,22,N,VIIRS,n,2.0NRT,289.96,6.53,N
41.265,31.42853,301.92,0.52,0.41,2026-06-17,22,N,VIIRS,n,2.0NRT,291.2,1.81,N
41.26626,31.4225,307.63,0.52,0.41,2026-06-17,22,N,VIIRS,n,2.0NRT,291.15,1.86,N
41.26999,31.42385,299.89,0.52,0.41,2026-06-17,22,N,VIIRS,n,2.0NRT,289.81,0.73,N
35.62765,44.00753,367.0,0.42,0.38,2026-06-17,1002,N,VIIRS,h,2.0NRT,330.25,32.89,D
35.6834,43.87596,367.0,0.43,0.38,2026-06-17,1002,N,VIIRS,h,2.0NRT,343.41,75.49,D
36.24372,37.09856,343.93,0.57,0.52,2026-06-17,1002,N,VIIRS,n,2.0NRT,313.76,8.47,D
36.30897,38.99607,345.39,0.45,0.47,2026-06-17,1002,N,VIIRS,n,2.0NRT,317.03,5.65,D
36.39019,43.93266,352.83,0.42,0.38,2026-06-17,1002,N,VIIRS,n,2.0NRT,315.67,5.83,D
36.61864,35.51837,367.0,0.34,0.56,2026-06-17,1002,N,VIIRS,h,2.0NRT,303.08,7.14,D
36.72268,39.00914,341.46,0.44,0.46,2026-06-17,1002,N,VIIRS,n,2.0NRT,315.04,7.06,D
36.72376,39.01401,367.0,0.44,0.46,2026-06-17,1002,N,VIIRS,h,2.0NRT,317.38,7.06,D
36.79404,38.95544,348.91,0.44,0.46,2026-06-17,1002,N,VIIRS,n,2.0NRT,318.84,19.7,D
36.79412,38.07779,348.12,0.49,0.49,2026-06-17,1002,N,VIIRS,n,2.0NRT,317.32,11.58,D
36.7956,38.95308,350.88,0.45,0.47,2026-06-17,1002,N,VIIRS,n,2.0NRT,321.81,43.36,D
36.79823,38.95404,347.61,0.44,0.46,2026-06-17,1002,N,VIIRS,n,2.0NRT,321.86,19.7,D
36.90323,35.72301,330.8,0.33,0.55,2026-06-17,1002,N,VIIRS,n,2.0NRT,302.92,5.74,D
36.90407,35.72639,367.0,0.33,0.55,2026-06-17,1002,N,VIIRS,h,2.0NRT,305.42,5.74,D
36.98698,38.6682,346.11,0.46,0.47,2026-06-17,1002,N,VIIRS,n,2.0NRT,315.81,5.25,D
37.07978,36.00968,347.99,0.62,0.54,2026-06-17,1002,N,VIIRS,n,2.0NRT,301.13,12.15,D
37.08494,35.90081,337.93,0.63,0.54,2026-06-17,1002,N,VIIRS,n,2.0NRT,306.78,5.33,D
37.09203,35.95221,349.03,0.63,0.54,2026-06-17,1002,N,VIIRS,n,2.0NRT,308.28,16.77,D
37.09229,35.95094,355.79,0.63,0.54,2026-06-17,1002,N,VIIRS,n,2.0NRT,308.1,13.42,D
37.11362,35.86701,352.73,0.63,0.54,2026-06-17,1002,N,VIIRS,n,2.0NRT,302.41,10.92,D
37.11829,35.99484,341.43,0.62,0.54,2026-06-17,1002,N,VIIRS,n,2.0NRT,302.98,6.17,D
37.11884,35.99347,342.46,0.62,0.54,2026-06-17,1002,N,VIIRS,n,2.0NRT,302.52,6.37,D
37.11982,36.1726,343.83,0.61,0.53,2026-06-17,1002,N,VIIRS,n,2.0NRT,301.75,14.06,D
37.12213,36.11138,341.79,0.61,0.54,2026-06-17,1002,N,VIIRS,n,2.0NRT,301.83,14.11,D
37.12458,36.17074,344.48,0.61,0.53,2026-06-17,1002,N,VIIRS,n,2.0NRT,299.14,15.88,D
37.12573,36.11129,343.34,0.61,0.54,2026-06-17,1002,N,VIIRS,n,2.0NRT,301.93,12.3,D
39.70827,43.00829,367.0,0.41,0.37,2026-06-17,1004,N,VIIRS,h,2.0NRT,303.81,8.83,D
41.24319,36.46529,334.44,0.47,0.48,2026-06-17,1004,N,VIIRS,n,2.0NRT,303.95,4.2,D
41.25925,31.43342,329.33,0.41,0.61,2026-06-17,1004,N,VIIRS,n,2.0NRT,297.85,3.64,D
41.26102,31.43352,329.03,0.41,0.61,2026-06-17,1004,N,VIIRS,n,2.0NRT,297.54,6.09,D
41.26451,31.43055,334.87,0.41,0.61,2026-06-17,1004,N,VIIRS,n,2.0NRT,297.94,3.64,D
41.26629,31.4307,329.42,0.41,0.61,2026-06-17,1004,N,VIIRS,n,2.0NRT,297.02,4.99,D
36.26043,36.41692,337.17,0.61,0.71,2026-06-17,1145,N,VIIRS,n,2.0NRT,306.98,7.07,D
36.27377,36.41643,338.98,0.61,0.71,2026-06-17,1145,N,VIIRS,n,2.0NRT,307.54,4.81,D
36.71292,29.94365,347.21,0.54,0.51,2026-06-17,1145,N,VIIRS,n,2.0NRT,313.61,18.51,D
36.77365,35.54272,338.98,0.55,0.68,2026-06-17,1145,N,VIIRS,n,2.0NRT,300.31,3.63,D
37.12617,36.08884,367.0,0.59,0.7,2026-06-17,1145,N,VIIRS,h,2.0NRT,300.4,17.27,D
37.12636,36.09583,335.88,0.59,0.7,2026-06-17,1145,N,VIIRS,n,2.0NRT,298.77,15.68,D
38.42737,26.52841,333.28,0.56,0.43,2026-06-17,1145,N,VIIRS,n,2.0NRT,302.44,3.31,D
38.43135,26.52781,348.54,0.56,0.43,2026-06-17,1145,N,VIIRS,n,2.0NRT,309.92,27.34,D
38.432,26.53407,334.53,0.56,0.43,2026-06-17,1145,N,VIIRS,n,2.0NRT,299.89,27.34,D
38.74105,26.95228,339.22,0.4,0.44,2026-06-17,1145,N,VIIRS,n,2.0NRT,305.86,3.22,D
39.603,27.75317,343.56,0.44,0.46,2026-06-17,1145,N,VIIRS,n,2.0NRT,305.66,3.85,D
39.6073,27.75258,343.45,0.44,0.46,2026-06-17,1145,N,VIIRS,n,2.0NRT,305.62,2.64,D
41.26308,31.42546,328.14,0.36,0.57,2026-06-17,1145,N,VIIRS,n,2.0NRT,290.21,1.95,D
35.52902,44.34135,325.32,0.62,0.54,2026-06-17,2222,N,VIIRS,n,2.0NRT,295.72,2.96,N
35.52954,44.33427,308.21,0.62,0.54,2026-06-17,2222,N,VIIRS,n,2.0NRT,296.43,2.96,N
35.53455,44.335,327.79,0.62,0.54,2026-06-17,2222,N,VIIRS,n,2.0NRT,296.6,5.78,N
35.6302,44.01056,322.64,0.32,0.55,2026-06-17,2222,N,VIIRS,n,2.0NRT,298.5,10.27,N
35.63048,44.00686,367.0,0.32,0.55,2026-06-17,2222,N,VIIRS,h,2.0NRT,310.67,26.24,N
35.63237,44.00737,367.0,0.32,0.55,2026-06-17,2222,N,VIIRS,h,2.0NRT,302.91,5.56,N
35.63262,44.00367,306.82,0.33,0.55,2026-06-17,2222,N,VIIRS,n,2.0NRT,296.6,5.56,N
35.66129,43.96292,367.0,0.33,0.55,2026-06-17,2222,N,VIIRS,h,2.0NRT,305.64,13.09,N
35.66641,43.96361,316.84,0.33,0.55,2026-06-17,2222,N,VIIRS,n,2.0NRT,298.12,2.14,N
35.67989,44.06449,310.2,0.32,0.55,2026-06-17,2222,N,VIIRS,n,2.0NRT,297.19,1.73,N
35.6827,43.87913,311.02,0.33,0.55,2026-06-17,2222,N,VIIRS,n,2.0NRT,296.57,17.68,N
35.68295,43.87542,344.94,0.33,0.55,2026-06-17,2222,N,VIIRS,n,2.0NRT,300.27,17.68,N
35.68322,43.87169,336.78,0.33,0.55,2026-06-17,2222,N,VIIRS,n,2.0NRT,296.76,24.86,N
35.68785,43.87977,308.6,0.33,0.55,2026-06-17,2222,N,VIIRS,n,2.0NRT,297.04,17.68,N
35.68811,43.87606,330.58,0.33,0.55,2026-06-17,2222,N,VIIRS,n,2.0NRT,312.52,17.68,N
35.68837,43.87234,341.09,0.33,0.55,2026-06-17,2222,N,VIIRS,n,2.0NRT,298.22,24.86,N
35.72233,43.97759,346.34,0.33,0.55,2026-06-17,2222,N,VIIRS,n,2.0NRT,295.71,3.12,N
35.72282,44.041,332.13,0.32,0.55,2026-06-17,2222,N,VIIRS,n,2.0NRT,296.76,4.37,N
35.7231,44.03729,367.0,0.32,0.55,2026-06-17,2222,N,VIIRS,h,2.0NRT,297.55,4.37,N
35.72792,44.04176,327.59,0.32,0.55,2026-06-17,2222,N,VIIRS,n,2.0NRT,297.45,4.37,N
35.7282,44.0381,351.06,0.32,0.55,2026-06-17,2222,N,VIIRS,n,2.0NRT,299.79,4.37,N
35.72875,44.03064,336.01,0.32,0.55,2026-06-17,2222,N,VIIRS,n,2.0NRT,297.39,7.38,N
35.76981,43.99416,308.93,0.33,0.55,2026-06-17,2222,N,VIIRS,n,2.0NRT,297.04,3.01,N
35.77493,43.99492,344.9,0.33,0.55,2026-06-17,2222,N,VIIRS,n,2.0NRT,299.61,3.01,N
35.83756,43.22028,310.59,0.36,0.57,2026-06-17,2222,N,VIIRS,n,2.0NRT,297.42,1.89,N
35.95092,43.72762,312.32,0.34,0.56,2026-06-17,2222,N,VIIRS,n,2.0NRT,296.36,1.25,N
35.96954,43.76117,310.26,0.34,0.56,2026-06-17,2222,N,VIIRS,n,2.0NRT,297.99,3.82,N
35.97465,43.77152,310.31,0.34,0.56,2026-06-17,2222,N,VIIRS,n,2.0NRT,298.47,2.52,N
35.97945,43.76928,315.52,0.34,0.56,2026-06-17,2222,N,VIIRS,n,2.0NRT,297.24,3.26,N
35.97972,43.76552,314.5,0.34,0.56,2026-06-17,2222,N,VIIRS,n,2.0NRT,297.15,3.14,N
35.98012,43.76816,340.34,0.34,0.56,2026-06-17,2222,N,VIIRS,n,2.0NRT,299.02,2.52,N
35.98534,43.76859,333.18,0.34,0.56,2026-06-17,2222,N,VIIRS,n,2.0NRT,299.47,2.78,N
35.99654,43.75813,311.86,0.34,0.56,2026-06-17,2222,N,VIIRS,n,2.0NRT,296.64,0.96,N
36.00175,43.75858,307.04,0.34,0.56,2026-06-17,2222,N,VIIRS,n,2.0NRT,294.77,0.96,N
36.01743,43.68227,311.11,0.34,0.56,2026-06-17,2222,N,VIIRS,n,2.0NRT,295.13,0.99,N
36.01769,43.67833,314.02,0.34,0.56,2026-06-17,2222,N,VIIRS,n,2.0NRT,295.22,0.99,N
36.08296,43.63724,309.59,0.34,0.56,2026-06-17,2222,N,VIIRS,n,2.0NRT,293.58,0.85,N
36.0839,43.63759,312.23,0.34,0.56,2026-06-17,2222,N,VIIRS,n,2.0NRT,293.73,0.98,N
36.09949,43.62718,303.72,0.34,0.56,2026-06-17,2222,N,VIIRS,n,2.0NRT,293.48,0.54,N
36.12622,43.77973,308.3,0.34,0.56,2026-06-17,2222,N,VIIRS,n,2.0NRT,295.38,1.18,N
36.13258,40.81101,305.17,0.5,0.65,2026-06-17,2222,N,VIIRS,n,2.0NRT,294.73,1.69,N
36.13282,40.80516,313.81,0.5,0.65,2026-06-17,2222,N,VIIRS,n,2.0NRT,294.38,2.12,N
36.13284,40.81046,309.04,0.5,0.65,2026-06-17,2222,N,VIIRS,n,2.0NRT,295.03,1.25,N
36.1331,40.80461,307.82,0.5,0.65,2026-06-17,2222,N,VIIRS,n,2.0NRT,294.17,1.25,N
36.31224,43.75332,312.53,0.34,0.56,2026-06-17,2222,N,VIIRS,n,2.0NRT,296.87,1.66,N
36.71121,39.41001,314.26,0.6,0.7,2026-06-17,2222,N,VIIRS,n,2.0NRT,290.79,1.71,N
36.7114,39.40307,303.47,0.6,0.7,2026-06-17,2222,N,VIIRS,n,2.0NRT,290.61,1.71,N
36.71385,39.31171,301.25,0.6,0.71,2026-06-17,2222,N,VIIRS,n,2.0NRT,290.09,1.22,N
36.71436,39.40575,314.94,0.6,0.7,2026-06-17,2222,N,VIIRS,n,2.0NRT,291.13,2.78,N
36.71755,39.30744,316.85,0.6,0.71,2026-06-17,2222,N,VIIRS,n,2.0NRT,290.61,2.11,N
36.7205,39.31215,300.97,0.6,0.71,2026-06-17,2222,N,VIIRS,n,2.0NRT,290.6,1.22,N
36.72843,39.00087,305.14,0.63,0.72,2026-06-17,2222,N,VIIRS,n,2.0NRT,290.72,1.47,N
36.73366,39.00404,319.8,0.63,0.72,2026-06-17,2222,N,VIIRS,n,2.0NRT,291.01,3.26,N
36.73518,39.00124,302.16,0.63,0.72,2026-06-17,2222,N,VIIRS,n,2.0NRT,289.65,1.65,N
36.75986,42.27628,307.96,0.42,0.61,2026-06-17,2222,N,VIIRS,n,2.0NRT,290.33,3.81,N
36.76012,42.27149,367.0,0.42,0.61,2026-06-17,2222,N,VIIRS,h,2.0NRT,292.93,9.63,N
36.79908,38.95559,306.42,0.63,0.72,2026-06-17,2222,N,VIIRS,n,2.0NRT,290.83,1.66,N
36.80395,38.96067,311.58,0.63,0.72,2026-06-17,2222,N,VIIRS,n,2.0NRT,291.99,2.47,N
36.80586,38.95598,302.77,0.63,0.72,2026-06-17,2222,N,VIIRS,n,2.0NRT,291.36,1.66,N
36.82026,39.45537,367.0,0.6,0.7,2026-06-17,2222,N,VIIRS,h,2.0NRT,290.53,10.89,N
36.82046,39.44834,313.28,0.6,0.7,2026-06-17,2222,N,VIIRS,n,2.0NRT,290.32,10.89,N
36.8223,39.45941,319.19,0.59,0.7,2026-06-17,2222,N,VIIRS,n,2.0NRT,290.72,27.09,N
36.82254,39.45241,367.0,0.59,0.7,2026-06-17,2222,N,VIIRS,h,2.0NRT,300.09,27.09,N
36.82277,39.44535,301.42,0.6,0.7,2026-06-17,2222,N,VIIRS,n,2.0NRT,289.61,23.44,N
36.82687,39.45575,352.45,0.6,0.7,2026-06-17,2222,N,VIIRS,n,2.0NRT,296.64,20.53,N
36.82706,39.4487,339.75,0.6,0.7,2026-06-17,2222,N,VIIRS,n,2.0NRT,291.7,20.53,N
36.82915,39.45274,303.78,0.59,0.7,2026-06-17,2222,N,VIIRS,n,2.0NRT,291.38,1.54,N
36.91339,41.89463,302.2,0.44,0.62,2026-06-17,2222,N,VIIRS,n,2.0NRT,290.6,0.73,N
36.94001,42.16916,318.58,0.42,0.61,2026-06-17,2222,N,VIIRS,n,2.0NRT,292.1,0.73,N
36.94222,42.12566,308.7,0.43,0.62,2026-06-17,2222,N,VIIRS,n,2.0NRT,293.31,1.91,N
36.94576,42.16965,305.35,0.42,0.61,2026-06-17,2222,N,VIIRS,n,2.0NRT,292.41,0.73,N
36.94773,42.13108,316.95,0.43,0.62,2026-06-17,2222,N,VIIRS,n,2.0NRT,293.17,1.98,N
36.94798,42.12618,317.36,0.43,0.62,2026-06-17,2222,N,VIIRS,n,2.0NRT,294.5,1.91,N
36.9566,38.90417,309.4,0.64,0.72,2026-06-17,2222,N,VIIRS,n,2.0NRT,289.65,5.26,N
36.95681,38.8968,355.77,0.64,0.72,2026-06-17,2222,N,VIIRS,n,2.0NRT,292.07,7.93,N
36.95702,38.88944,302.52,0.64,0.72,2026-06-17,2222,N,VIIRS,n,2.0NRT,290.15,7.93,N
36.95747,38.90126,340.66,0.64,0.72,2026-06-17,2222,N,VIIRS,n,2.0NRT,291.05,6.47,N
36.95764,38.89389,346.24,0.64,0.72,2026-06-17,2222,N,VIIRS,n,2.0NRT,291.65,6.47,N
36.96444,38.89426,313.71,0.64,0.72,2026-06-17,2222,N,VIIRS,n,2.0NRT,290.28,6.47,N
36.96782,40.10912,306.69,0.55,0.68,2026-06-17,2222,N,VIIRS,n,2.0NRT,293.78,1.47,N
37.05272,39.70587,306.47,0.58,0.7,2026-06-17,2222,N,VIIRS,n,2.0NRT,292.02,4.98,N
37.05293,39.6992,350.24,0.58,0.7,2026-06-17,2222,N,VIIRS,n,2.0NRT,293.73,10.46,N
37.42305,39.04449,321.14,0.63,0.72,2026-06-17,2222,N,VIIRS,n,2.0NRT,288.82,3.88,N
37.4232,39.03702,311.06,0.63,0.72,2026-06-17,2222,N,VIIRS,n,2.0NRT,289.18,4.62,N
37.4277,39.04692,314.64,0.63,0.72,2026-06-17,2222,N,VIIRS,n,2.0NRT,288.19,5.1,N
37.4279,39.03936,340.61,0.63,0.72,2026-06-17,2222,N,VIIRS,n,2.0NRT,289.2,5.1,N
37.42982,39.04463,310.69,0.63,0.72,2026-06-17,2222,N,VIIRS,n,2.0NRT,287.86,3.09,N
37.42998,39.03701,319.17,0.63,0.72,2026-06-17,2222,N,VIIRS,n,2.0NRT,288.46,3.98,N
39.58514,43.8989,298.79,0.36,0.57,2026-06-17,2222,N,VIIRS,n,2.0NRT,284.8,0.76,N
38.45362,38.72791,301.75,0.52,0.5,2026-06-18,1,N,VIIRS,n,2.0NRT,290.68,0.87,N
38.66459,39.23572,300.2,0.54,0.51,2026-06-18,1,N,VIIRS,n,2.0NRT,289.7,0.83,N
38.89233,41.56764,299.03,0.35,0.57,2026-06-18,1,N,VIIRS,n,2.0NRT,287.01,1.28,N
39.59502,32.41895,301.55,0.41,0.37,2026-06-18,1,N,VIIRS,n,2.0NRT,287.45,0.68,N
39.94517,33.1925,314.88,0.42,0.38,2026-06-18,1,N,VIIRS,n,2.0NRT,290.4,1.63,N
39.96099,33.14595,301.13,0.42,0.38,2026-06-18,1,N,VIIRS,n,2.0NRT,288.76,0.45,N
40.05097,32.65164,301.36,0.41,0.37,2026-06-18,1,N,VIIRS,n,2.0NRT,288.47,0.95,N
40.18813,29.22466,303.9,0.39,0.36,2026-06-18,1,N,VIIRS,n,2.0NRT,290.28,0.62,N
40.26036,30.04092,308.93,0.38,0.36,2026-06-18,1,N,VIIRS,n,2.0NRT,289.58,1.26,N
40.44322,27.13682,303.85,0.43,0.38,2026-06-18,1,N,VIIRS,n,2.0NRT,290.74,0.84,N
40.57611,43.00578,296.56,0.38,0.58,2026-06-18,1,N,VIIRS,n,2.0NRT,282.26,0.51,N
40.76023,29.35964,301.57,0.39,0.36,2026-06-18,1,N,VIIRS,n,2.0NRT,291.18,0.78,N
40.7824,29.60353,303.54,0.39,0.36,2026-06-18,1,N,VIIRS,n,2.0NRT,292.04,0.85,N
41.01733,27.96031,301.25,0.41,0.37,2026-06-18,1,N,VIIRS,n,2.0NRT,289.79,0.57,N
41.02266,28.55458,304.91,0.4,0.37,2026-06-18,1,N,VIIRS,n,2.0NRT,290.81,0.69,N
41.10871,37.32135,298.8,0.39,0.44,2026-06-18,1,N,VIIRS,n,2.0NRT,288.59,0.54,N
35.52653,44.3418,311.8,0.6,0.71,2026-06-18,3,N,VIIRS,n,2.0NRT,294.0,1.96,N
35.52688,44.34236,309.78,0.6,0.71,2026-06-18,3,N,VIIRS,n,2.0NRT,294.26,1.58,N
35.52845,44.33548,309.03,0.6,0.7,2026-06-18,3,N,VIIRS,n,2.0NRT,294.19,2.78,N
35.52876,44.33603,313.97,0.6,0.71,2026-06-18,3,N,VIIRS,n,2.0NRT,294.21,1.58,N
35.53474,44.33802,326.52,0.6,0.7,2026-06-18,3,N,VIIRS,n,2.0NRT,294.25,2.11,N
35.53505,44.33861,323.64,0.6,0.71,2026-06-18,3,N,VIIRS,n,2.0NRT,294.25,2.5,N
35.53669,44.33158,309.46,0.6,0.7,2026-06-18,3,N,VIIRS,n,2.0NRT,294.41,2.11,N
35.53696,44.33214,310.29,0.6,0.7,2026-06-18,3,N,VIIRS,n,2.0NRT,294.42,2.55,N
35.6266,44.00981,313.48,0.57,0.69,2026-06-18,3,N,VIIRS,n,2.0NRT,294.87,8.79,N
35.627,44.00314,327.55,0.57,0.69,2026-06-18,3,N,VIIRS,n,2.0NRT,294.93,5.24,N
35.62841,44.00377,367.0,0.57,0.69,2026-06-18,3,N,VIIRS,h,2.0NRT,298.45,8.79,N
35.63129,44.01211,310.6,0.57,0.69,2026-06-18,3,N,VIIRS,n,2.0NRT,295.18,7.32,N
35.63306,44.00608,367.0,0.57,0.69,2026-06-18,3,N,VIIRS,h,2.0NRT,299.04,15.51,N
35.63448,44.00669,329.55,0.57,0.69,2026-06-18,3,N,VIIRS,n,2.0NRT,295.11,3.54,N
35.65989,43.96158,325.79,0.57,0.69,2026-06-18,3,N,VIIRS,n,2.0NRT,295.16,7.51,N
35.66161,43.96218,367.0,0.57,0.69,2026-06-18,3,N,VIIRS,h,2.0NRT,298.02,11.91,N
35.66603,43.96417,367.0,0.57,0.69,2026-06-18,3,N,VIIRS,h,2.0NRT,298.24,7.51,N
35.68038,44.06219,305.42,0.57,0.69,2026-06-18,3,N,VIIRS,n,2.0NRT,295.18,1.71,N
35.68086,43.87436,319.21,0.56,0.69,2026-06-18,3,N,VIIRS,n,2.0NRT,294.69,4.68,N
35.68266,43.86831,305.02,0.56,0.69,2026-06-18,3,N,VIIRS,n,2.0NRT,294.75,3.57,N
35.68304,43.8821,307.76,0.56,0.69,2026-06-18,3,N,VIIRS,n,2.0NRT,294.41,10.12,N
35.68483,43.87597,314.87,0.56,0.69,2026-06-18,3,N,VIIRS,n,2.0NRT,302.24,47.42,N
35.68516,43.88305,306.86,0.56,0.69,2026-06-18,3,N,VIIRS,n,2.0NRT,294.45,29.11,N
35.68661,43.86984,367.0,0.56,0.69,2026-06-18,3,N,VIIRS,h,2.0NRT,296.25,47.42,N
35.68697,43.87695,316.74,0.56,0.69,2026-06-18,3,N,VIIRS,n,2.0NRT,302.02,29.11,N
35.68879,43.87085,367.0,0.56,0.69,2026-06-18,3,N,VIIRS,h,2.0NRT,296.87,59.14,N
35.72236,44.03735,334.82,0.57,0.69,2026-06-18,3,N,VIIRS,n,2.0NRT,295.4,7.43,N
35.72323,44.03699,367.0,0.57,0.69,2026-06-18,3,N,VIIRS,h,2.0NRT,297.05,9.01,N
35.72859,44.03966,367.0,0.57,0.69,2026-06-18,3,N,VIIRS,h,2.0NRT,300.8,7.43,N
35.72947,44.0393,348.42,0.57,0.69,2026-06-18,3,N,VIIRS,n,2.0NRT,298.8,9.01,N
35.7304,44.03352,315.41,0.57,0.69,2026-06-18,3,N,VIIRS,n,2.0NRT,297.63,7.43,N
35.7313,44.0332,315.45,0.57,0.69,2026-06-18,3,N,VIIRS,n,2.0NRT,297.46,6.73,N
35.73217,44.02747,310.16,0.57,0.69,2026-06-18,3,N,VIIRS,n,2.0NRT,297.01,4.58,N
35.73311,44.02717,309.01,0.57,0.69,2026-06-18,3,N,VIIRS,n,2.0NRT,297.44,6.73,N
35.77057,43.99439,319.89,0.57,0.69,2026-06-18,3,N,VIIRS,n,2.0NRT,296.7,2.81,N
35.77238,43.98831,306.84,0.57,0.69,2026-06-18,3,N,VIIRS,n,2.0NRT,296.54,2.81,N
35.83368,43.22021,306.89,0.52,0.66,2026-06-18,3,N,VIIRS,n,2.0NRT,295.78,2.03,N
35.95256,43.72363,309.99,0.54,0.68,2026-06-18,3,N,VIIRS,n,2.0NRT,294.94,2.44,N
35.9551,43.72828,312.33,0.54,0.68,2026-06-18,3,N,VIIRS,n,2.0NRT,295.44,1.86,N
35.98403,43.76835,338.52,0.54,0.68,2026-06-18,3,N,VIIRS,n,2.0NRT,297.35,5.94,N
35.99937,43.76231,306.55,0.54,0.68,2026-06-18,3,N,VIIRS,n,2.0NRT,292.8,1.31,N
36.01721,43.67807,311.48,0.54,0.68,2026-06-18,3,N,VIIRS,n,2.0NRT,293.26,1.47,N
36.0831,43.63668,305.47,0.53,0.67,2026-06-18,3,N,VIIRS,n,2.0NRT,291.85,0.7,N
36.08634,43.63871,303.17,0.53,0.67,2026-06-18,3,N,VIIRS,n,2.0NRT,291.75,1.07,N
36.09832,43.63049,305.03,0.53,0.67,2026-06-18,3,N,VIIRS,n,2.0NRT,291.47,0.88,N
36.10163,43.63248,302.28,0.53,0.67,2026-06-18,3,N,VIIRS,n,2.0NRT,291.81,0.76,N
36.13146,40.81007,333.12,0.38,0.59,2026-06-18,3,N,VIIRS,n,2.0NRT,294.98,2.71,N
36.2618,33.72823,307.12,0.5,0.41,2026-06-18,3,N,VIIRS,n,2.0NRT,294.62,1.78,N
36.31111,43.7519,304.69,0.53,0.67,2026-06-18,3,N,VIIRS,n,2.0NRT,293.58,2.33,N
36.4582,41.28159,302.85,0.39,0.6,2026-06-18,3,N,VIIRS,n,2.0NRT,292.29,0.4,N
36.91462,41.89365,309.8,0.41,0.61,2026-06-18,3,N,VIIRS,n,2.0NRT,290.25,0.47,N
36.91605,41.89535,310.43,0.41,0.61,2026-06-18,3,N,VIIRS,n,2.0NRT,290.29,0.79,N
36.94103,42.12798,303.04,0.42,0.61,2026-06-18,3,N,VIIRS,n,2.0NRT,292.63,0.87,N
36.94159,42.17057,325.09,0.43,0.62,2026-06-18,3,N,VIIRS,n,2.0NRT,292.05,1.51,N
36.94297,42.17211,315.89,0.43,0.62,2026-06-18,3,N,VIIRS,n,2.0NRT,292.17,2.19,N
36.94647,42.13033,322.9,0.42,0.61,2026-06-18,3,N,VIIRS,n,2.0NRT,293.38,1.37,N
36.94804,42.13208,309.83,0.42,0.61,2026-06-18,3,N,VIIRS,n,2.0NRT,291.94,0.98,N
36.94934,42.12743,306.02,0.42,0.61,2026-06-18,3,N,VIIRS,n,2.0NRT,293.21,0.98,N
36.96556,42.0825,313.03,0.42,0.61,2026-06-18,3,N,VIIRS,n,2.0NRT,291.11,0.97,N
37.0444,39.19459,301.45,0.59,0.53,2026-06-18,3,N,VIIRS,n,2.0NRT,291.31,0.97,N
37.04599,39.18824,307.68,0.59,0.53,2026-06-18,3,N,VIIRS,n,2.0NRT,290.51,1.27,N
37.04685,39.19582,301.96,0.59,0.53,2026-06-18,3,N,VIIRS,n,2.0NRT,290.9,1.1,N
37.0484,39.18946,307.85,0.59,0.53,2026-06-18,3,N,VIIRS,n,2.0NRT,290.03,1.1,N
37.13431,39.10182,309.41,0.58,0.52,2026-06-18,3,N,VIIRS,n,2.0NRT,290.68,0.77,N
37.25289,30.44196,318.04,0.39,0.36,2026-06-18,3,N,VIIRS,n,2.0NRT,292.47,2.15,N
37.29421,37.15438,304.98,0.46,0.47,2026-06-18,3,N,VIIRS,n,2.0NRT,294.04,1.14,N
37.35305,37.16014,305.36,0.46,0.47,2026-06-18,3,N,VIIRS,n,2.0NRT,294.49,1.1,N
37.7719,27.43655,308.3,0.4,0.37,2026-06-18,3,N,VIIRS,n,2.0NRT,293.59,0.99,N
37.86172,29.37205,320.55,0.38,0.36,2026-06-18,3,N,VIIRS,n,2.0NRT,293.27,1.85,N
38.42602,27.21505,319.44,0.41,0.37,2026-06-18,3,N,VIIRS,n,2.0NRT,293.69,2.21,N
38.73951,26.94816,311.41,0.42,0.38,2026-06-18,3,N,VIIRS,n,2.0NRT,293.45,1.41,N
39.09226,27.51131,307.41,0.41,0.37,2026-06-18,3,N,VIIRS,n,2.0NRT,290.27,1.7,N
39.0929,27.50665,304.0,0.41,0.37,2026-06-18,3,N,VIIRS,n,2.0NRT,289.16,0.67,N
39.11555,27.5214,300.79,0.41,0.37,2026-06-18,3,N,VIIRS,n,2.0NRT,290.02,0.97,N
39.17745,30.95416,296.59,0.39,0.36,2026-06-18,3,N,VIIRS,n,2.0NRT,286.44,0.3,N
39.4851,30.04297,309.66,0.38,0.36,2026-06-18,3,N,VIIRS,n,2.0NRT,286.61,1.68,N
39.83897,30.30096,302.65,0.38,0.36,2026-06-18,3,N,VIIRS,n,2.0NRT,287.86,0.74,N
39.86458,26.2452,316.72,0.46,0.39,2026-06-18,3,N,VIIRS,n,2.0NRT,291.76,1.49,N
35.56048,36.60624,341.18,0.56,0.69,2026-06-18,943,N,VIIRS,n,2.0NRT,309.33,4.24,D
35.65077,44.38969,346.54,0.43,0.46,2026-06-18,943,N,VIIRS,n,2.0NRT,318.65,6.68,D
35.68692,43.87615,367.0,0.46,0.47,2026-06-18,943,N,VIIRS,h,2.0NRT,321.69,18.01,D
35.7729,43.99763,348.26,0.45,0.47,2026-06-18,943,N,VIIRS,n,2.0NRT,322.71,7.17,D
35.98158,43.77126,349.12,0.46,0.47,2026-06-18,943,N,VIIRS,n,2.0NRT,319.97,9.64,D
36.0862,37.80331,367.0,0.47,0.64,2026-06-18,943,N,VIIRS,h,2.0NRT,310.9,10.88,D
36.19114,44.15594,347.31,0.43,0.46,2026-06-18,943,N,VIIRS,n,2.0NRT,317.23,6.95,D
36.25044,36.60934,334.71,0.54,0.68,2026-06-18,943,N,VIIRS,n,2.0NRT,305.54,3.89,D
36.25222,36.60561,354.17,0.54,0.68,2026-06-18,943,N,VIIRS,n,2.0NRT,307.82,16.62,D
36.25365,38.02679,339.43,0.46,0.63,2026-06-18,943,N,VIIRS,n,2.0NRT,311.23,1.85,D
36.25395,36.6116,355.91,0.54,0.68,2026-06-18,943,N,VIIRS,n,2.0NRT,305.46,16.62,D
36.25465,36.60075,330.89,0.54,0.68,2026-06-18,943,N,VIIRS,n,2.0NRT,304.48,11.1,D
36.25642,36.60674,367.0,0.54,0.68,2026-06-18,943,N,VIIRS,h,2.0NRT,306.68,26.93,D
36.53779,40.75019,367.0,0.32,0.55,2026-06-18,943,N,VIIRS,h,2.0NRT,318.93,32.98,D
36.64829,43.45906,344.48,0.46,0.47,2026-06-18,943,N,VIIRS,n,2.0NRT,316.19,5.03,D
36.65254,43.45766,345.32,0.46,0.47,2026-06-18,943,N,VIIRS,n,2.0NRT,315.61,33.04,D
36.71821,39.42516,354.86,0.37,0.58,2026-06-18,943,N,VIIRS,n,2.0NRT,316.47,13.19,D
36.71927,39.42927,367.0,0.37,0.58,2026-06-18,943,N,VIIRS,h,2.0NRT,315.52,19.78,D
36.7209,39.42441,353.94,0.37,0.58,2026-06-18,943,N,VIIRS,n,2.0NRT,314.55,13.15,D
36.72198,39.42851,367.0,0.37,0.58,2026-06-18,943,N,VIIRS,h,2.0NRT,314.99,16.05,D
36.7938,39.41842,352.32,0.37,0.58,2026-06-18,943,N,VIIRS,n,2.0NRT,320.2,13.67,D
36.79485,39.42246,356.34,0.37,0.58,2026-06-18,943,N,VIIRS,n,2.0NRT,316.5,13.67,D
36.81068,40.31211,347.69,0.33,0.56,2026-06-18,943,N,VIIRS,n,2.0NRT,305.89,25.87,D
36.81159,40.31573,367.0,0.33,0.56,2026-06-18,943,N,VIIRS,h,2.0NRT,318.11,25.87,D
36.81249,40.31934,367.0,0.33,0.56,2026-06-18,943,N,VIIRS,h,2.0NRT,309.57,40.04,D
36.8134,40.32295,346.35,0.33,0.56,2026-06-18,943,N,VIIRS,n,2.0NRT,316.22,40.04,D
36.81382,40.30291,356.42,0.33,0.56,2026-06-18,943,N,VIIRS,n,2.0NRT,310.85,12.24,D
36.81431,40.32658,367.0,0.33,0.56,2026-06-18,943,N,VIIRS,h,2.0NRT,334.9,75.97,D
36.81473,40.30656,367.0,0.33,0.56,2026-06-18,943,N,VIIRS,h,2.0NRT,316.0,12.24,D
36.81522,40.33022,367.0,0.33,0.56,2026-06-18,943,N,VIIRS,h,2.0NRT,321.6,75.97,D
36.81539,40.30119,345.39,0.33,0.56,2026-06-18,943,N,VIIRS,n,2.0NRT,313.16,16.49,D
36.81565,40.31021,351.93,0.33,0.56,2026-06-18,943,N,VIIRS,n,2.0NRT,311.62,10.23,D
36.81613,40.33385,333.88,0.33,0.56,2026-06-18,943,N,VIIRS,n,2.0NRT,305.34,21.49,D
36.81633,40.30484,352.32,0.33,0.56,2026-06-18,943,N,VIIRS,n,2.0NRT,320.27,16.49,D
36.81656,40.31384,337.7,0.33,0.56,2026-06-18,943,N,VIIRS,n,2.0NRT,310.85,10.23,D
36.81727,40.30848,367.0,0.33,0.56,2026-06-18,943,N,VIIRS,h,2.0NRT,318.78,32.41,D
36.81746,40.31745,351.73,0.33,0.56,2026-06-18,943,N,VIIRS,n,2.0NRT,312.26,17.57,D
36.81837,40.32107,367.0,0.33,0.56,2026-06-18,943,N,VIIRS,h,2.0NRT,316.62,17.57,D
36.81969,40.30463,367.0,0.33,0.56,2026-06-18,943,N,VIIRS,h,2.0NRT,318.9,12.24,D
36.8206,40.30828,356.05,0.33,0.56,2026-06-18,943,N,VIIRS,n,2.0NRT,318.94,10.23,D
36.82099,40.32295,347.81,0.33,0.56,2026-06-18,943,N,VIIRS,n,2.0NRT,313.47,8.41,D
36.82108,40.33193,367.0,0.33,0.56,2026-06-18,943,N,VIIRS,h,2.0NRT,313.9,116.05,D
36.82191,40.32656,354.51,0.33,0.56,2026-06-18,943,N,VIIRS,n,2.0NRT,314.81,8.41,D
36.82284,40.33018,351.34,0.33,0.56,2026-06-18,943,N,VIIRS,n,2.0NRT,312.29,11.04,D
36.855,39.13858,367.0,0.38,0.59,2026-06-18,943,N,VIIRS,h,2.0NRT,313.39,11.77,D
36.85551,39.13408,344.98,0.38,0.59,2026-06-18,943,N,VIIRS,n,2.0NRT,311.93,4.8,D
36.85665,39.13832,367.0,0.38,0.59,2026-06-18,943,N,VIIRS,h,2.0NRT,310.61,9.57,D
36.96095,40.15578,367.0,0.34,0.56,2026-06-18,943,N,VIIRS,h,2.0NRT,322.55,10.14,D
36.96687,40.15754,367.0,0.34,0.56,2026-06-18,943,N,VIIRS,h,2.0NRT,317.12,34.68,D
36.97054,40.23655,345.82,0.33,0.56,2026-06-18,943,N,VIIRS,n,2.0NRT,317.29,4.59,D
36.97405,39.62325,352.07,0.36,0.57,2026-06-18,943,N,VIIRS,n,2.0NRT,313.88,8.58,D
36.98312,39.57186,367.0,0.36,0.58,2026-06-18,943,N,VIIRS,h,2.0NRT,319.66,8.88,D
37.05289,41.15939,346.27,0.6,0.53,2026-06-18,943,N,VIIRS,n,2.0NRT,316.51,117.18,D
37.05925,41.1642,345.51,0.59,0.53,2026-06-18,943,N,VIIRS,n,2.0NRT,313.46,117.18,D
37.33464,38.77277,356.01,0.39,0.59,2026-06-18,943,N,VIIRS,n,2.0NRT,323.73,45.46,D
37.562,40.24634,367.0,0.32,0.55,2026-06-18,943,N,VIIRS,h,2.0NRT,310.32,4.19,D
37.5629,40.24995,344.45,0.32,0.55,2026-06-18,943,N,VIIRS,n,2.0NRT,309.5,4.19,D
37.82944,41.10621,345.09,0.57,0.52,2026-06-18,943,N,VIIRS,n,2.0NRT,314.29,8.37,D
38.50533,43.39709,336.4,0.42,0.46,2026-06-18,943,N,VIIRS,n,2.0NRT,305.98,4.1,D
39.73355,42.99933,336.64,0.42,0.45,2026-06-18,943,N,VIIRS,n,2.0NRT,304.85,3.38,D
39.75448,43.09422,339.17,0.41,0.45,2026-06-18,943,N,VIIRS,n,2.0NRT,305.18,2.4,D
39.75851,43.09277,339.05,0.41,0.45,2026-06-18,943,N,VIIRS,n,2.0NRT,305.37,2.4,D
40.1102,43.92803,336.73,0.56,0.43,2026-06-18,943,N,VIIRS,n,2.0NRT,308.27,3.94,D
40.11182,43.92911,336.1,0.56,0.43,2026-06-18,943,N,VIIRS,n,2.0NRT,308.47,4.58,D
35.69765,36.68618,335.95,0.34,0.56,2026-06-18,1123,N,VIIRS,n,2.0NRT,309.29,1.76,D
35.69829,36.68746,350.44,0.34,0.56,2026-06-18,1123,N,VIIRS,n,2.0NRT,310.15,3.11,D
36.7075,39.27016,367.0,0.48,0.65,2026-06-18,1123,N,VIIRS,h,2.0NRT,311.38,8.01,D
36.70773,39.27577,337.49,0.48,0.65,2026-06-18,1123,N,VIIRS,n,2.0NRT,310.43,8.66,D
36.71379,39.27532,367.0,0.48,0.65,2026-06-18,1123,N,VIIRS,h,2.0NRT,313.2,12.86,D
36.71403,39.28094,367.0,0.48,0.65,2026-06-18,1123,N,VIIRS,h,2.0NRT,314.27,12.86,D
36.71427,39.28659,339.25,0.48,0.65,2026-06-18,1123,N,VIIRS,n,2.0NRT,309.03,11.11,D
36.72223,39.47943,367.0,0.5,0.66,2026-06-18,1123,N,VIIRS,h,2.0NRT,313.12,12.95,D
36.72247,39.48523,367.0,0.5,0.66,2026-06-18,1123,N,VIIRS,h,2.0NRT,314.05,12.95,D
36.74759,39.08102,367.0,0.47,0.64,2026-06-18,1123,N,VIIRS,h,2.0NRT,311.89,11.55,D
36.7491,39.07909,335.98,0.47,0.64,2026-06-18,1123,N,VIIRS,n,2.0NRT,309.73,2.62,D
36.77285,40.32895,367.0,0.55,0.68,2026-06-18,1123,N,VIIRS,h,2.0NRT,339.82,149.02,D
36.77308,40.3355,367.0,0.55,0.68,2026-06-18,1123,N,VIIRS,h,2.0NRT,310.96,149.02,D
36.7733,40.34203,344.35,0.55,0.68,2026-06-18,1123,N,VIIRS,n,2.0NRT,306.2,13.08,D
36.77353,40.34858,348.64,0.55,0.68,2026-06-18,1123,N,VIIRS,n,2.0NRT,306.21,13.08,D
36.77375,40.35515,352.07,0.56,0.68,2026-06-18,1123,N,VIIRS,n,2.0NRT,306.62,12.2,D
36.7788,40.31554,351.86,0.55,0.68,2026-06-18,1123,N,VIIRS,n,2.0NRT,312.51,24.04,D
36.77903,40.32214,367.0,0.55,0.68,2026-06-18,1123,N,VIIRS,h,2.0NRT,316.95,24.04,D
36.77949,40.33524,367.0,0.55,0.68,2026-06-18,1123,N,VIIRS,h,2.0NRT,324.44,217.52,D
36.77972,40.34176,367.0,0.55,0.68,2026-06-18,1123,N,VIIRS,h,2.0NRT,310.31,31.67,D
36.77994,40.34833,342.41,0.55,0.68,2026-06-18,1123,N,VIIRS,n,2.0NRT,308.06,31.67,D
36.78636,40.34817,367.0,0.55,0.68,2026-06-18,1123,N,VIIRS,h,2.0NRT,311.57,31.67,D
36.78659,40.35464,367.0,0.56,0.68,2026-06-18,1123,N,VIIRS,h,2.0NRT,309.18,30.35,D
36.79255,40.34143,367.0,0.55,0.68,2026-06-18,1123,N,VIIRS,h,2.0NRT,314.89,15.56,D
36.79301,40.33418,338.92,0.55,0.68,2026-06-18,1123,N,VIIRS,n,2.0NRT,313.64,14.99,D
36.79321,40.34068,367.0,0.55,0.68,2026-06-18,1123,N,VIIRS,h,2.0NRT,314.5,14.99,D
36.79896,40.34118,343.6,0.55,0.68,2026-06-18,1123,N,VIIRS,n,2.0NRT,310.16,15.56,D
36.8629,40.31144,347.05,0.55,0.68,2026-06-18,1123,N,VIIRS,n,2.0NRT,310.07,10.71,D
36.86312,40.31792,367.0,0.55,0.68,2026-06-18,1123,N,VIIRS,h,2.0NRT,315.04,21.64,D
36.86953,40.31758,349.16,0.55,0.68,2026-06-18,1123,N,VIIRS,n,2.0NRT,308.53,6.22,D
36.86974,40.32406,350.4,0.55,0.68,2026-06-18,1123,N,VIIRS,n,2.0NRT,308.91,6.22,D
36.95951,38.89489,341.88,0.46,0.64,2026-06-18,1123,N,VIIRS,n,2.0NRT,309.79,3.86,D
36.98698,40.53132,340.01,0.57,0.69,2026-06-18,1123,N,VIIRS,n,2.0NRT,309.03,6.46,D
36.98718,40.53765,350.39,0.57,0.69,2026-06-18,1123,N,VIIRS,n,2.0NRT,309.05,9.51,D
36.99345,40.53056,335.52,0.57,0.69,2026-06-18,1123,N,VIIRS,n,2.0NRT,309.71,13.25,D
36.99366,40.53696,367.0,0.57,0.69,2026-06-18,1123,N,VIIRS,h,2.0NRT,310.0,34.11,D
37.03293,41.18934,355.38,0.62,0.71,2026-06-18,1123,N,VIIRS,n,2.0NRT,307.15,10.31,D
37.03519,41.18717,352.26,0.62,0.71,2026-06-18,1123,N,VIIRS,n,2.0NRT,306.35,7.62,D
37.15947,35.9539,345.06,0.32,0.55,2026-06-18,1123,N,VIIRS,n,2.0NRT,295.91,3.38,D
37.27787,35.92213,340.78,0.32,0.54,2026-06-18,1123,N,VIIRS,n,2.0NRT,295.43,3.49,D
37.55556,40.26897,340.22,0.56,0.69,2026-06-18,1123,N,VIIRS,n,2.0NRT,307.66,20.44,D
37.56071,40.26509,367.0,0.56,0.69,2026-06-18,1123,N,VIIRS,h,2.0NRT,313.0,23.83,D
37.56094,40.27155,367.0,0.56,0.69,2026-06-18,1123,N,VIIRS,h,2.0NRT,313.5,23.83,D
37.56116,40.27803,367.0,0.56,0.69,2026-06-18,1123,N,VIIRS,h,2.0NRT,305.84,28.0,D
37.56181,40.26306,367.0,0.56,0.69,2026-06-18,1123,N,VIIRS,h,2.0NRT,311.15,14.56,D
37.562,40.26949,367.0,0.56,0.69,2026-06-18,1123,N,VIIRS,h,2.0NRT,312.61,20.44,D
37.56219,40.27596,367.0,0.56,0.69,2026-06-18,1123,N,VIIRS,h,2.0NRT,307.69,20.44,D
37.97945,28.75624,341.38,0.44,0.38,2026-06-18,1123,N,VIIRS,n,2.0NRT,307.33,5.26,D
38.42336,31.49539,367.0,0.38,0.43,2026-06-18,1125,N,VIIRS,h,2.0NRT,305.37,15.1,D
39.22592,34.77415,340.95,0.58,0.52,2026-06-18,1125,N,VIIRS,n,2.0NRT,306.16,9.16,D
35.5267,43.76746,313.05,0.62,0.71,2026-06-18,2203,N,VIIRS,n,2.0NRT,293.44,1.93,N
35.52871,44.3393,321.62,0.57,0.69,2026-06-18,2203,N,VIIRS,n,2.0NRT,293.42,2.4,N
35.52894,44.33258,311.14,0.57,0.69,2026-06-18,2203,N,VIIRS,n,2.0NRT,293.83,2.4,N
35.52964,44.34125,314.13,0.57,0.69,2026-06-18,2203,N,VIIRS,n,2.0NRT,292.34,3.32,N
35.5299,44.33453,326.44,0.57,0.69,2026-06-18,2203,N,VIIRS,n,2.0NRT,293.89,4.12,N
35.53089,43.77027,309.47,0.62,0.71,2026-06-18,2203,N,VIIRS,n,2.0NRT,293.78,3.05,N
35.53113,43.76312,324.19,0.62,0.71,2026-06-18,2203,N,VIIRS,n,2.0NRT,294.24,3.05,N
35.5334,43.76793,317.44,0.62,0.71,2026-06-18,2203,N,VIIRS,n,2.0NRT,293.79,2.56,N
35.5336,43.76076,304.72,0.62,0.71,2026-06-18,2203,N,VIIRS,n,2.0NRT,293.47,2.81,N
35.53544,44.33327,328.14,0.57,0.69,2026-06-18,2203,N,VIIRS,n,2.0NRT,294.23,2.4,N
35.5364,44.33519,324.81,0.57,0.69,2026-06-18,2203,N,VIIRS,n,2.0NRT,293.2,4.12,N
35.62597,44.00517,351.61,0.6,0.71,2026-06-18,2203,N,VIIRS,n,2.0NRT,293.98,10.77,N
35.6299,44.01155,308.52,0.6,0.71,2026-06-18,2203,N,VIIRS,n,2.0NRT,294.17,11.9,N
35.63011,44.00455,367.0,0.6,0.71,2026-06-18,2203,N,VIIRS,h,2.0NRT,300.58,11.9,N
35.63033,43.9976,304.41,0.6,0.71,2026-06-18,2203,N,VIIRS,n,2.0NRT,293.19,13.27,N
35.6326,44.0053,367.0,0.6,0.71,2026-06-18,2203,N,VIIRS,h,2.0NRT,299.09,17.58,N
35.66456,43.96577,318.03,0.6,0.71,2026-06-18,2203,N,VIIRS,n,2.0NRT,295.04,7.05,N
35.66478,43.95885,345.79,0.6,0.71,2026-06-18,2203,N,VIIRS,n,2.0NRT,297.2,11.07,N
35.68076,43.87551,314.75,0.61,0.71,2026-06-18,2203,N,VIIRS,n,2.0NRT,295.29,3.44,N
35.68097,43.86845,310.82,0.61,0.71,2026-06-18,2203,N,VIIRS,n,2.0NRT,295.17,3.44,N
35.68742,43.87605,343.46,0.61,0.71,2026-06-18,2203,N,VIIRS,n,2.0NRT,298.84,29.15,N
35.68764,43.86903,367.0,0.61,0.71,2026-06-18,2203,N,VIIRS,h,2.0NRT,297.88,29.15,N
35.72192,44.03927,333.66,0.6,0.7,2026-06-18,2203,N,VIIRS,n,2.0NRT,294.46,7.06,N
35.72216,44.03223,321.65,0.6,0.7,2026-06-18,2203,N,VIIRS,n,2.0NRT,294.11,6.33,N
35.72551,44.04077,337.56,0.6,0.7,2026-06-18,2203,N,VIIRS,n,2.0NRT,295.21,10.48,N
35.72572,44.03373,355.44,0.6,0.7,2026-06-18,2203,N,VIIRS,n,2.0NRT,296.76,10.48,N
35.72852,44.04011,340.54,0.6,0.7,2026-06-18,2203,N,VIIRS,n,2.0NRT,295.8,7.06,N
35.72877,44.03306,331.32,0.6,0.7,2026-06-18,2203,N,VIIRS,n,2.0NRT,295.94,6.33,N
35.72902,44.02599,313.15,0.6,0.7,2026-06-18,2203,N,VIIRS,n,2.0NRT,294.95,6.33,N
35.73254,44.02742,316.38,0.6,0.71,2026-06-18,2203,N,VIIRS,n,2.0NRT,296.07,4.55,N
35.77337,43.99635,308.44,0.6,0.71,2026-06-18,2203,N,VIIRS,n,2.0NRT,296.32,4.85,N
35.7736,43.98922,319.0,0.6,0.71,2026-06-18,2203,N,VIIRS,n,2.0NRT,296.27,5.95,N
35.78381,43.87629,310.42,0.61,0.71,2026-06-18,2203,N,VIIRS,n,2.0NRT,292.61,1.96,N
35.79049,43.8768,313.68,0.61,0.71,2026-06-18,2203,N,VIIRS,n,2.0NRT,292.44,1.61,N
35.95058,43.35022,310.94,0.65,0.73,2026-06-18,2203,N,VIIRS,n,2.0NRT,293.09,1.97,N
35.95058,43.35391,313.85,0.65,0.73,2026-06-18,2203,N,VIIRS,n,2.0NRT,292.91,2.46,N
35.9548,43.72544,306.71,0.62,0.72,2026-06-18,2203,N,VIIRS,n,2.0NRT,294.19,2.35,N
35.98072,43.76292,336.04,0.62,0.72,2026-06-18,2203,N,VIIRS,n,2.0NRT,296.61,9.31,N
36.00113,43.75611,330.37,0.62,0.72,2026-06-18,2203,N,VIIRS,n,2.0NRT,295.7,4.84,N
36.01698,43.6766,319.42,0.63,0.72,2026-06-18,2203,N,VIIRS,n,2.0NRT,292.52,2.59,N
36.10168,43.62749,301.29,0.63,0.72,2026-06-18,2203,N,VIIRS,n,2.0NRT,290.76,0.53,N
36.17713,43.60144,319.97,0.64,0.72,2026-06-18,2203,N,VIIRS,n,2.0NRT,291.42,2.28,N
36.17821,43.60609,301.36,0.64,0.72,2026-06-18,2203,N,VIIRS,n,2.0NRT,290.51,1.35,N
36.17841,43.59854,309.72,0.64,0.72,2026-06-18,2203,N,VIIRS,n,2.0NRT,290.94,1.97,N
36.62284,43.42138,350.46,0.65,0.73,2026-06-18,2203,N,VIIRS,n,2.0NRT,291.15,5.91,N
36.62302,43.41385,300.71,0.66,0.73,2026-06-18,2203,N,VIIRS,n,2.0NRT,289.96,5.91,N
36.6297,43.42178,343.57,0.65,0.73,2026-06-18,2203,N,VIIRS,n,2.0NRT,291.84,8.23,N
36.93885,42.16586,305.4,0.77,0.77,2026-06-18,2203,N,VIIRS,n,2.0NRT,289.07,0.91,N
36.93973,42.11175,302.6,0.77,0.78,2026-06-18,2203,N,VIIRS,n,2.0NRT,290.13,1.68,N
36.93974,42.16273,306.03,0.77,0.77,2026-06-18,2203,N,VIIRS,n,2.0NRT,288.86,1.55,N
36.94024,42.11784,308.17,0.77,0.78,2026-06-18,2203,N,VIIRS,n,2.0NRT,291.11,2.73,N
36.94745,42.12743,308.82,0.77,0.77,2026-06-18,2203,N,VIIRS,n,2.0NRT,291.06,1.35,N
37.17075,42.4191,305.09,0.75,0.77,2026-06-18,2203,N,VIIRS,n,2.0NRT,287.95,1.7,N
35.52546,44.3392,304.09,0.34,0.56,2026-06-18,2344,N,VIIRS,n,2.0NRT,293.75,0.72,N
35.52956,44.3446,303.33,0.34,0.56,2026-06-18,2344,N,VIIRS,n,2.0NRT,292.75,0.53,N
35.53041,43.77,311.29,0.63,0.54,2026-06-18,2344,N,VIIRS,n,2.0NRT,294.48,1.11,N
35.53047,44.34101,320.1,0.34,0.56,2026-06-18,2344,N,VIIRS,n,2.0NRT,294.0,1.75,N
35.53138,44.33739,338.37,0.34,0.56,2026-06-18,2344,N,VIIRS,n,2.0NRT,295.27,1.75,N
35.5323,44.33376,305.54,0.34,0.56,2026-06-18,2344,N,VIIRS,n,2.0NRT,295.31,1.69,N
35.5364,44.33918,304.37,0.34,0.56,2026-06-18,2344,N,VIIRS,n,2.0NRT,293.03,1.75,N
35.53732,44.33553,320.8,0.34,0.56,2026-06-18,2344,N,VIIRS,n,2.0NRT,294.49,1.69,N
35.56678,44.28329,308.03,0.33,0.56,2026-06-18,2344,N,VIIRS,n,2.0NRT,295.15,0.67,N
35.58351,44.24919,305.68,0.33,0.55,2026-06-18,2344,N,VIIRS,n,2.0NRT,295.17,0.82,N
35.6296,44.00925,341.45,0.32,0.55,2026-06-18,2344,N,VIIRS,n,2.0NRT,303.74,18.4,N
35.63045,44.00581,367.0,0.32,0.55,2026-06-18,2344,N,VIIRS,h,2.0NRT,301.53,23.11,N
35.66074,43.96683,308.32,0.32,0.55,2026-06-18,2344,N,VIIRS,n,2.0NRT,297.24,5.44,N
35.66162,43.96336,367.0,0.32,0.55,2026-06-18,2344,N,VIIRS,h,2.0NRT,303.33,7.54,N
35.6621,43.96413,367.0,0.32,0.55,2026-06-18,2344,N,VIIRS,h,2.0NRT,304.94,7.48,N
35.66296,43.96064,308.55,0.32,0.55,2026-06-18,2344,N,VIIRS,n,2.0NRT,296.8,7.48,N
35.66653,43.9651,320.34,0.32,0.55,2026-06-18,2344,N,VIIRS,n,2.0NRT,297.76,7.54,N
35.67875,44.06543,314.56,0.32,0.55,2026-06-18,2344,N,VIIRS,n,2.0NRT,295.74,1.72,N
35.68282,43.87974,326.83,0.63,0.54,2026-06-18,2344,N,VIIRS,n,2.0NRT,297.87,22.72,N
35.68286,43.87923,323.26,0.63,0.54,2026-06-18,2344,N,VIIRS,n,2.0NRT,298.74,26.85,N
35.68452,43.87284,341.6,0.63,0.54,2026-06-18,2344,N,VIIRS,n,2.0NRT,303.16,70.75,N
35.68459,43.87234,340.86,0.63,0.54,2026-06-18,2344,N,VIIRS,n,2.0NRT,302.25,26.85,N
35.68769,43.88153,311.77,0.63,0.54,2026-06-18,2344,N,VIIRS,n,2.0NRT,297.32,7.81,N
35.68773,43.881,323.3,0.63,0.54,2026-06-18,2344,N,VIIRS,n,2.0NRT,296.95,26.85,N
35.68938,43.87463,340.52,0.63,0.54,2026-06-18,2344,N,VIIRS,n,2.0NRT,300.09,10.32,N
35.68946,43.87411,340.29,0.63,0.54,2026-06-18,2344,N,VIIRS,n,2.0NRT,300.51,26.85,N
35.72285,44.03903,367.0,0.32,0.55,2026-06-18,2344,N,VIIRS,h,2.0NRT,296.92,7.65,N
35.72692,44.0442,307.01,0.32,0.55,2026-06-18,2344,N,VIIRS,n,2.0NRT,296.48,4.73,N
35.72779,44.04068,367.0,0.32,0.55,2026-06-18,2344,N,VIIRS,h,2.0NRT,303.61,13.48,N
35.72952,44.03373,319.24,0.32,0.55,2026-06-18,2344,N,VIIRS,n,2.0NRT,297.06,2.07,N
35.73037,44.03031,322.81,0.32,0.55,2026-06-18,2344,N,VIIRS,n,2.0NRT,296.38,2.07,N
35.76275,44.17222,332.44,0.33,0.55,2026-06-18,2344,N,VIIRS,n,2.0NRT,291.4,1.97,N
35.77012,43.99421,307.6,0.32,0.54,2026-06-18,2344,N,VIIRS,n,2.0NRT,296.14,1.81,N
35.77504,43.99586,332.75,0.32,0.54,2026-06-18,2344,N,VIIRS,n,2.0NRT,297.15,3.69,N
35.95226,43.72781,310.16,0.61,0.54,2026-06-18,2344,N,VIIRS,n,2.0NRT,295.58,1.84,N
35.95382,43.72783,309.2,0.61,0.54,2026-06-18,2344,N,VIIRS,n,2.0NRT,295.15,1.71,N
35.97123,43.76311,311.22,0.61,0.54,2026-06-18,2344,N,VIIRS,n,2.0NRT,297.97,5.19,N
35.9807,43.76718,327.1,0.61,0.54,2026-06-18,2344,N,VIIRS,n,2.0NRT,297.83,6.61,N
35.98545,43.76912,330.29,0.61,0.54,2026-06-18,2344,N,VIIRS,n,2.0NRT,298.16,5.18,N
35.99829,43.75956,333.18,0.61,0.54,2026-06-18,2344,N,VIIRS,n,2.0NRT,296.99,3.53,N
36.00305,43.76147,313.13,0.61,0.54,2026-06-18,2344,N,VIIRS,n,2.0NRT,294.52,3.53,N
36.01777,43.68038,309.92,0.61,0.53,2026-06-18,2344,N,VIIRS,n,2.0NRT,293.51,2.29,N
36.09996,43.62751,307.52,0.6,0.53,2026-06-18,2344,N,VIIRS,n,2.0NRT,292.59,1.86,N
36.1311,40.8089,322.11,0.43,0.46,2026-06-18,2344,N,VIIRS,n,2.0NRT,295.32,2.48,N
36.16972,37.72548,306.92,0.46,0.39,2026-06-18,2344,N,VIIRS,n,2.0NRT,290.93,1.08,N
36.24673,36.43773,308.61,0.42,0.38,2026-06-18,2344,N,VIIRS,n,2.0NRT,291.52,0.77,N
36.312,36.50143,339.23,0.42,0.38,2026-06-18,2344,N,VIIRS,n,2.0NRT,293.18,3.06,N
36.34664,36.40921,339.88,0.42,0.37,2026-06-18,2344,N,VIIRS,n,2.0NRT,294.88,5.18,N
36.428,36.3086,304.07,0.41,0.37,2026-06-18,2344,N,VIIRS,n,2.0NRT,293.89,0.41,N
36.50911,36.39351,311.08,0.42,0.37,2026-06-18,2344,N,VIIRS,n,2.0NRT,291.12,0.96,N
36.51149,36.39135,302.15,0.42,0.37,2026-06-18,2344,N,VIIRS,n,2.0NRT,290.78,0.44,N
36.7191,36.20266,317.81,0.41,0.37,2026-06-18,2344,N,VIIRS,n,2.0NRT,292.64,2.07,N
36.72871,40.38318,306.11,0.4,0.44,2026-06-18,2344,N,VIIRS,n,2.0NRT,293.36,1.37,N
36.736,36.20731,314.53,0.41,0.37,2026-06-18,2344,N,VIIRS,n,2.0NRT,293.89,1.66,N
36.73858,36.21275,316.08,0.41,0.37,2026-06-18,2344,N,VIIRS,n,2.0NRT,293.5,1.66,N
36.78905,38.87524,302.74,0.5,0.41,2026-06-18,2344,N,VIIRS,n,2.0NRT,291.74,1.32,N
36.80097,37.01901,306.11,0.43,0.38,2026-06-18,2344,N,VIIRS,n,2.0NRT,292.65,0.99,N
36.86578,40.29767,300.79,0.39,0.44,2026-06-18,2344,N,VIIRS,n,2.0NRT,288.97,0.38,N
36.86972,40.29896,300.31,0.39,0.44,2026-06-18,2344,N,VIIRS,n,2.0NRT,288.71,0.43,N
36.88156,40.30287,315.16,0.39,0.44,2026-06-18,2344,N,VIIRS,n,2.0NRT,290.83,1.68,N
36.89291,38.86743,303.68,0.5,0.41,2026-06-18,2344,N,VIIRS,n,2.0NRT,291.17,0.98,N
36.89402,38.86187,311.94,0.5,0.41,2026-06-18,2344,N,VIIRS,n,2.0NRT,292.47,0.98,N
36.8966,38.86858,310.63,0.5,0.41,2026-06-18,2344,N,VIIRS,n,2.0NRT,291.25,0.98,N
36.89771,38.86301,303.81,0.5,0.41,2026-06-18,2344,N,VIIRS,n,2.0NRT,291.37,0.98,N
36.91547,41.89698,312.56,0.47,0.47,2026-06-18,2344,N,VIIRS,n,2.0NRT,291.46,1.24,N
36.93818,42.11897,315.99,0.48,0.48,2026-06-18,2344,N,VIIRS,n,2.0NRT,296.27,2.45,N
36.94015,42.17141,321.09,0.48,0.48,2026-06-18,2344,N,VIIRS,n,2.0NRT,292.29,2.18,N
36.9413,42.12571,306.53,0.48,0.48,2026-06-18,2344,N,VIIRS,n,2.0NRT,296.36,2.09,N
36.94446,42.17299,324.44,0.48,0.48,2026-06-18,2344,N,VIIRS,n,2.0NRT,294.54,2.18,N
36.9487,42.13411,307.4,0.48,0.48,2026-06-18,2344,N,VIIRS,n,2.0NRT,295.97,1.54,N
36.94992,42.1288,310.17,0.48,0.48,2026-06-18,2344,N,VIIRS,n,2.0NRT,295.97,1.77,N
36.9598,40.15211,310.83,0.57,0.43,2026-06-18,2344,N,VIIRS,n,2.0NRT,291.53,1.28,N
36.97679,40.21811,306.69,0.38,0.43,2026-06-18,2344,N,VIIRS,n,2.0NRT,290.63,0.42,N
36.98254,40.21087,308.54,0.38,0.43,2026-06-18,2344,N,VIIRS,n,2.0NRT,291.46,1.01,N
37.01425,41.58539,303.31,0.45,0.47,2026-06-18,2344,N,VIIRS,n,2.0NRT,293.16,0.5,N
37.02757,41.23399,309.71,0.43,0.46,2026-06-18,2344,N,VIIRS,n,2.0NRT,295.67,3.71,N
37.02862,41.22927,338.39,0.43,0.46,2026-06-18,2344,N,VIIRS,n,2.0NRT,296.98,3.71,N
37.11846,41.56316,316.0,0.44,0.46,2026-06-18,2344,N,VIIRS,n,2.0NRT,296.71,2.69,N
37.12161,41.56205,315.23,0.44,0.46,2026-06-18,2344,N,VIIRS,n,2.0NRT,296.92,2.16,N
37.16644,42.42776,306.7,0.49,0.49,2026-06-18,2344,N,VIIRS,n,2.0NRT,291.95,1.34,N
37.18078,42.42701,319.01,0.49,0.49,2026-06-18,2344,N,VIIRS,n,2.0NRT,291.49,2.3,N
37.29395,37.15564,310.89,0.43,0.38,2026-06-18,2344,N,VIIRS,n,2.0NRT,293.08,1.02,N
37.2974,37.15661,302.12,0.43,0.38,2026-06-18,2344,N,VIIRS,n,2.0NRT,292.01,1.02,N
37.33849,40.80415,304.86,0.4,0.44,2026-06-18,2344,N,VIIRS,n,2.0NRT,292.39,0.57,N
37.35083,37.16204,303.74,0.43,0.38,2026-06-18,2344,N,VIIRS,n,2.0NRT,293.15,0.75,N
37.35135,37.16417,303.69,0.43,0.38,2026-06-18,2344,N,VIIRS,n,2.0NRT,292.39,1.45,N
37.35427,37.16308,303.01,0.43,0.38,2026-06-18,2344,N,VIIRS,n,2.0NRT,292.3,0.75,N
37.86179,29.36914,299.9,0.5,0.41,2026-06-18,2344,N,VIIRS,n,2.0NRT,285.96,1.13,N
37.86488,29.37083,302.54,0.5,0.41,2026-06-18,2344,N,VIIRS,n,2.0NRT,286.78,1.04,N
37.93872,32.53428,297.35,0.4,0.37,2026-06-18,2344,N,VIIRS,n,2.0NRT,287.0,0.57,N
37.96276,41.70299,302.54,0.43,0.46,2026-06-18,2344,N,VIIRS,n,2.0NRT,292.49,0.63,N
37.963,41.70102,302.54,0.43,0.46,2026-06-18,2344,N,VIIRS,n,2.0NRT,292.52,0.57,N
38.41847,43.23942,297.85,0.51,0.49,2026-06-18,2344,N,VIIRS,n,2.0NRT,287.14,1.27,N
38.45556,38.72517,307.2,0.47,0.4,2026-06-18,2344,N,VIIRS,n,2.0NRT,295.92,1.43,N
38.65285,39.76678,318.98,0.51,0.41,2026-06-18,2344,N,VIIRS,n,2.0NRT,291.36,2.11,N
38.66597,39.23332,301.87,0.49,0.4,2026-06-18,2344,N,VIIRS,n,2.0NRT,291.6,1.08,N
38.85863,35.76391,302.07,0.39,0.36,2026-06-18,2344,N,VIIRS,n,2.0NRT,288.13,0.62,N
38.89335,41.56803,299.15,0.41,0.45,2026-06-18,2344,N,VIIRS,n,2.0NRT,289.02,0.5,N
39.09211,27.51306,299.67,0.42,0.46,2026-06-18,2344,N,VIIRS,n,2.0NRT,283.57,0.85,N
39.09256,27.50835,295.16,0.42,0.46,2026-06-18,2344,N,VIIRS,n,2.0NRT,282.14,0.64,N
39.69648,34.67164,295.29,0.38,0.36,2026-06-18,2344,N,VIIRS,n,2.0NRT,281.99,0.63,N
39.8654,26.24421,309.43,0.5,0.49,2026-06-18,2344,N,VIIRS,n,2.0NRT,291.13,1.24,N
40.75861,29.75923,308.3,0.52,0.42,2026-06-18,2344,N,VIIRS,n,2.0NRT,289.84,1.63,N
40.75883,29.35717,295.38,0.54,0.42,2026-06-18,2344,N,VIIRS,n,2.0NRT,277.98,0.52,N
40.76757,29.52922,310.11,0.53,0.42,2026-06-18,2344,N,VIIRS,n,2.0NRT,289.29,2.07,N
41.02283,28.55816,306.83,0.4,0.44,2026-06-18,2344,N,VIIRS,n,2.0NRT,288.63,1.19,N
41.26484,31.42575,298.46,0.46,0.39,2026-06-18,2344,N,VIIRS,n,2.0NRT,277.14,1.47,N
41.26842,31.42654,296.32,0.46,0.39,2026-06-18,2344,N,VIIRS,n,2.0NRT,276.99,0.51,N
41.63249,27.6862,299.41,0.44,0.46,2026-06-18,2344,N,VIIRS,n,2.0NRT,288.92,0.91,N
36.2625,33.72615,304.08,0.38,0.36,2026-06-18,2346,N,VIIRS,n,2.0NRT,292.65,0.97,N
36.26512,33.73119,306.78,0.38,0.36,2026-06-18,2346,N,VIIRS,n,2.0NRT,293.52,0.67,N
38.74067,26.94352,303.95,0.7,0.75,2026-06-19,124,N,VIIRS,n,2.0NRT,288.06,1.89,N
38.74123,26.94098,302.91,0.7,0.75,2026-06-19,124,N,VIIRS,n,2.0NRT,287.6,1.71,N
35.50805,44.37694,367.0,0.39,0.59,2026-06-19,924,N,VIIRS,h,2.0NRT,322.69,8.75,D
35.52781,44.34096,367.0,0.39,0.6,2026-06-19,924,N,VIIRS,h,2.0NRT,319.7,7.64,D
35.52895,44.3453,367.0,0.39,0.6,2026-06-19,924,N,VIIRS,h,2.0NRT,320.43,7.64,D
35.53314,44.33897,367.0,0.39,0.6,2026-06-19,924,N,VIIRS,h,2.0NRT,319.27,7.64,D
35.56313,43.76981,367.0,0.42,0.61,2026-06-19,924,N,VIIRS,h,2.0NRT,319.1,3.97,D
35.62788,44.01071,367.0,0.41,0.6,2026-06-19,924,N,VIIRS,h,2.0NRT,332.03,34.77,D
35.66287,43.96341,367.0,0.41,0.61,2026-06-19,924,N,VIIRS,h,2.0NRT,319.35,10.21,D
35.66404,43.96783,367.0,0.41,0.61,2026-06-19,924,N,VIIRS,h,2.0NRT,320.11,10.21,D
35.68306,43.88189,367.0,0.41,0.61,2026-06-19,924,N,VIIRS,h,2.0NRT,320.71,51.23,D
35.6872,43.88117,352.69,0.41,0.61,2026-06-19,924,N,VIIRS,n,2.0NRT,317.36,44.06,D
35.68731,43.87537,367.0,0.41,0.61,2026-06-19,924,N,VIIRS,h,2.0NRT,317.78,13.7,D
35.68848,43.87981,354.16,0.41,0.61,2026-06-19,924,N,VIIRS,n,2.0NRT,317.33,13.7,D
35.72459,44.04224,367.0,0.4,0.6,2026-06-19,924,N,VIIRS,h,2.0NRT,321.91,12.27,D
35.72496,44.04146,367.0,0.4,0.6,2026-06-19,924,N,VIIRS,h,2.0NRT,320.75,18.66,D
35.72882,44.03593,344.54,0.4,0.6,2026-06-19,924,N,VIIRS,n,2.0NRT,317.34,12.27,D
35.72921,44.03511,348.46,0.4,0.6,2026-06-19,924,N,VIIRS,n,2.0NRT,318.22,10.25,D
35.77146,43.99582,349.34,0.4,0.6,2026-06-19,924,N,VIIRS,n,2.0NRT,317.61,3.77,D
35.98024,43.77122,367.0,0.41,0.61,2026-06-19,924,N,VIIRS,h,2.0NRT,318.29,8.01,D
35.98213,43.77032,367.0,0.41,0.61,2026-06-19,924,N,VIIRS,h,2.0NRT,317.67,8.45,D
35.99823,43.76354,350.42,0.41,0.61,2026-06-19,924,N,VIIRS,n,2.0NRT,317.35,4.31,D
36.06043,43.62361,345.04,0.42,0.61,2026-06-19,924,N,VIIRS,n,2.0NRT,316.76,4.52,D
36.49117,42.55934,350.14,0.46,0.64,2026-06-19,924,N,VIIRS,n,2.0NRT,313.59,6.04,D
36.49254,42.5643,351.37,0.46,0.64,2026-06-19,924,N,VIIRS,n,2.0NRT,313.71,9.42,D
36.50909,38.68393,337.9,0.72,0.76,2026-06-19,926,N,VIIRS,n,2.0NRT,304.25,5.24,D
36.51146,38.68414,342.38,0.72,0.76,2026-06-19,926,N,VIIRS,n,2.0NRT,304.21,3.86,D
36.88094,40.29819,338.07,0.59,0.7,2026-06-19,926,N,VIIRS,n,2.0NRT,311.35,17.12,D
36.88699,40.29786,356.36,0.59,0.7,2026-06-19,926,N,VIIRS,n,2.0NRT,308.23,20.67,D
36.88711,40.29541,343.47,0.59,0.7,2026-06-19,926,N,VIIRS,n,2.0NRT,306.84,17.12,D
36.88887,40.30417,367.0,0.59,0.7,2026-06-19,926,N,VIIRS,h,2.0NRT,309.9,28.81,D
36.88904,40.30173,367.0,0.59,0.7,2026-06-19,926,N,VIIRS,h,2.0NRT,313.96,17.12,D
36.89096,40.30802,346.63,0.59,0.7,2026-06-19,926,N,VIIRS,n,2.0NRT,304.9,28.67,D
36.89317,40.2951,351.59,0.59,0.7,2026-06-19,926,N,VIIRS,n,2.0NRT,306.01,44.08,D
36.89329,40.29266,338.32,0.59,0.7,2026-06-19,926,N,VIIRS,n,2.0NRT,304.65,30.13,D
36.89443,38.87592,344.35,0.69,0.74,2026-06-19,926,N,VIIRS,n,2.0NRT,307.48,10.61,D
36.89506,40.30144,367.0,0.59,0.7,2026-06-19,926,N,VIIRS,h,2.0NRT,313.09,91.89,D
36.89524,40.29905,352.33,0.59,0.7,2026-06-19,926,N,VIIRS,n,2.0NRT,309.12,30.13,D
36.896,38.87857,367.0,0.69,0.74,2026-06-19,926,N,VIIRS,h,2.0NRT,308.34,22.25,D
36.89678,38.88338,344.02,0.69,0.74,2026-06-19,926,N,VIIRS,n,2.0NRT,304.93,10.82,D
36.89715,40.30532,354.86,0.59,0.7,2026-06-19,926,N,VIIRS,n,2.0NRT,303.97,43.0,D
36.90096,38.87282,345.28,0.69,0.74,2026-06-19,926,N,VIIRS,n,2.0NRT,305.11,10.61,D
36.90255,38.87553,347.32,0.69,0.74,2026-06-19,926,N,VIIRS,n,2.0NRT,303.98,7.75,D
36.90331,38.88032,335.24,0.69,0.74,2026-06-19,926,N,VIIRS,n,2.0NRT,301.95,10.82,D
36.91454,38.56221,338.31,0.71,0.75,2026-06-19,926,N,VIIRS,n,2.0NRT,303.76,10.57,D
36.91656,38.56302,337.92,0.71,0.75,2026-06-19,926,N,VIIRS,n,2.0NRT,303.49,11.0,D
36.91711,38.57016,367.0,0.71,0.75,2026-06-19,926,N,VIIRS,h,2.0NRT,305.82,10.57,D
36.91909,38.57103,367.0,0.71,0.75,2026-06-19,926,N,VIIRS,h,2.0NRT,305.55,21.26,D
36.97199,39.55727,341.55,0.64,0.72,2026-06-19,926,N,VIIRS,n,2.0NRT,308.32,8.04,D
37.23203,39.94853,334.54,0.6,0.7,2026-06-19,926,N,VIIRS,n,2.0NRT,305.25,2.75,D
35.51257,44.37867,353.32,0.5,0.65,2026-06-19,1104,N,VIIRS,n,2.0NRT,317.19,9.66,D
35.62495,44.01246,347.07,0.47,0.64,2026-06-19,1104,N,VIIRS,n,2.0NRT,317.5,6.32,D
35.63072,44.00695,351.96,0.47,0.64,2026-06-19,1104,N,VIIRS,n,2.0NRT,314.16,13.02,D
35.63097,44.01227,367.0,0.47,0.64,2026-06-19,1104,N,VIIRS,h,2.0NRT,319.46,26.79,D
35.6589,43.96693,367.0,0.47,0.64,2026-06-19,1104,N,VIIRS,h,2.0NRT,320.5,11.37,D
35.66047,43.96378,344.7,0.47,0.64,2026-06-19,1104,N,VIIRS,n,2.0NRT,317.29,10.92,D
35.6607,43.96915,367.0,0.47,0.64,2026-06-19,1104,N,VIIRS,h,2.0NRT,319.59,14.7,D
35.66489,43.96643,353.83,0.47,0.64,2026-06-19,1104,N,VIIRS,n,2.0NRT,316.68,11.46,D
35.68426,43.87456,353.91,0.47,0.64,2026-06-19,1104,N,VIIRS,n,2.0NRT,316.0,31.38,D
35.68683,43.88184,367.0,0.47,0.64,2026-06-19,1104,N,VIIRS,h,2.0NRT,316.43,55.44,D
35.72413,44.03976,354.18,0.48,0.64,2026-06-19,1104,N,VIIRS,n,2.0NRT,315.62,17.19,D
35.72438,44.04511,367.0,0.48,0.64,2026-06-19,1104,N,VIIRS,h,2.0NRT,319.78,17.19,D
35.77043,43.99784,355.48,0.47,0.64,2026-06-19,1104,N,VIIRS,n,2.0NRT,317.94,8.44,D
35.98011,43.77596,347.84,0.46,0.64,2026-06-19,1104,N,VIIRS,n,2.0NRT,317.02,9.62,D
35.99743,43.76456,356.54,0.46,0.64,2026-06-19,1104,N,VIIRS,n,2.0NRT,315.94,6.69,D
36.0006,43.76466,353.39,0.46,0.64,2026-06-19,1104,N,VIIRS,n,2.0NRT,314.64,4.8,D
36.09644,44.01501,346.76,0.48,0.64,2026-06-19,1104,N,VIIRS,n,2.0NRT,315.53,9.48,D
36.0974,44.01069,338.83,0.48,0.64,2026-06-19,1104,N,VIIRS,n,2.0NRT,312.56,6.19,D
36.09763,44.01609,367.0,0.48,0.65,2026-06-19,1104,N,VIIRS,h,2.0NRT,316.82,12.75,D
36.10247,44.01465,367.0,0.48,0.64,2026-06-19,1104,N,VIIRS,h,2.0NRT,314.79,9.48,D
36.10366,44.01571,337.62,0.48,0.65,2026-06-19,1104,N,VIIRS,n,2.0NRT,312.22,4.15,D
36.25022,43.38392,367.0,0.44,0.62,2026-06-19,1104,N,VIIRS,h,2.0NRT,316.37,11.46,D
35.81855,36.83393,344.84,0.38,0.43,2026-06-19,1106,N,VIIRS,n,2.0NRT,312.54,3.93,D
36.13657,37.36901,337.25,0.41,0.45,2026-06-19,1106,N,VIIRS,n,2.0NRT,308.29,1.52,D
36.22132,36.41011,345.85,0.55,0.43,2026-06-19,1106,N,VIIRS,n,2.0NRT,308.39,6.51,D
36.26191,36.83349,343.74,0.39,0.44,2026-06-19,1106,N,VIIRS,n,2.0NRT,310.02,2.11,D
36.26262,33.73019,338.6,0.43,0.38,2026-06-19,1106,N,VIIRS,n,2.0NRT,307.34,3.22,D
36.27598,37.05132,367.0,0.4,0.44,2026-06-19,1106,N,VIIRS,h,2.0NRT,309.86,9.61,D
36.40739,42.52838,351.94,0.4,0.6,2026-06-19,1106,N,VIIRS,n,2.0NRT,318.05,7.05,D
36.41298,42.52803,367.0,0.4,0.6,2026-06-19,1106,N,VIIRS,h,2.0NRT,321.24,23.25,D
36.41351,42.53722,367.0,0.4,0.6,2026-06-19,1106,N,VIIRS,h,2.0NRT,319.0,57.08,D
36.41856,42.52768,355.13,0.4,0.6,2026-06-19,1106,N,VIIRS,n,2.0NRT,314.64,23.25,D
36.4191,42.53686,367.0,0.4,0.6,2026-06-19,1106,N,VIIRS,h,2.0NRT,319.14,57.08,D
36.68225,35.15879,343.25,0.49,0.4,2026-06-19,1106,N,VIIRS,n,2.0NRT,306.79,9.69,D
36.72873,39.43232,344.23,0.54,0.51,2026-06-19,1106,N,VIIRS,n,2.0NRT,313.81,7.73,D
36.74101,41.72032,367.0,0.36,0.57,2026-06-19,1106,N,VIIRS,h,2.0NRT,316.01,11.88,D
36.74126,41.72444,367.0,0.36,0.57,2026-06-19,1106,N,VIIRS,h,2.0NRT,322.67,38.23,D
36.74501,38.09415,348.62,0.46,0.47,2026-06-19,1106,N,VIIRS,n,2.0NRT,315.12,6.61,D
36.74636,41.71984,338.63,0.36,0.57,2026-06-19,1106,N,VIIRS,n,2.0NRT,312.55,11.88,D
36.74661,41.72396,367.0,0.36,0.57,2026-06-19,1106,N,VIIRS,h,2.0NRT,316.27,38.23,D
36.79626,38.07621,351.27,0.45,0.47,2026-06-19,1106,N,VIIRS,n,2.0NRT,320.19,16.08,D
36.80044,39.01919,345.76,0.51,0.49,2026-06-19,1106,N,VIIRS,n,2.0NRT,313.55,4.82,D
36.88447,40.19263,352.48,0.59,0.53,2026-06-19,1106,N,VIIRS,n,2.0NRT,314.21,12.06,D
36.88814,40.30952,354.08,0.6,0.53,2026-06-19,1106,N,VIIRS,n,2.0NRT,315.52,26.58,D
36.88995,38.88253,345.52,0.5,0.49,2026-06-19,1106,N,VIIRS,n,2.0NRT,312.41,4.47,D
36.89309,40.30897,367.0,0.6,0.53,2026-06-19,1106,N,VIIRS,h,2.0NRT,313.59,26.58,D
36.8936,40.31591,352.24,0.6,0.53,2026-06-19,1106,N,VIIRS,n,2.0NRT,310.08,26.58,D
36.89808,38.86987,345.15,0.5,0.49,2026-06-19,1106,N,VIIRS,n,2.0NRT,317.42,23.17,D
36.89855,40.31536,356.28,0.6,0.53,2026-06-19,1106,N,VIIRS,n,2.0NRT,314.91,19.93,D
36.89906,40.32228,346.09,0.6,0.53,2026-06-19,1106,N,VIIRS,n,2.0NRT,312.08,33.76,D
36.90263,38.86928,342.73,0.5,0.49,2026-06-19,1106,N,VIIRS,n,2.0NRT,317.09,23.17,D
36.90298,40.30785,346.09,0.6,0.53,2026-06-19,1106,N,VIIRS,n,2.0NRT,314.68,19.93,D
36.90313,38.87501,355.05,0.5,0.49,2026-06-19,1106,N,VIIRS,n,2.0NRT,319.39,23.17,D
36.90401,40.32172,367.0,0.6,0.53,2026-06-19,1106,N,VIIRS,h,2.0NRT,315.13,33.76,D
36.90719,38.86868,367.0,0.5,0.49,2026-06-19,1106,N,VIIRS,h,2.0NRT,315.7,9.08,D
36.90768,38.87442,341.89,0.5,0.49,2026-06-19,1106,N,VIIRS,n,2.0NRT,312.22,9.08,D
36.90844,40.31423,349.9,0.6,0.53,2026-06-19,1106,N,VIIRS,n,2.0NRT,314.18,41.46,D
36.90895,40.32116,367.0,0.6,0.53,2026-06-19,1106,N,VIIRS,h,2.0NRT,318.14,89.02,D
36.90947,40.32807,346.75,0.6,0.53,2026-06-19,1106,N,VIIRS,n,2.0NRT,311.2,89.02,D
36.91339,40.31366,346.19,0.6,0.53,2026-06-19,1106,N,VIIRS,n,2.0NRT,315.52,41.46,D
36.91378,40.31206,344.83,0.6,0.53,2026-06-19,1106,N,VIIRS,n,2.0NRT,314.44,39.26,D
36.91391,40.3206,367.0,0.6,0.53,2026-06-19,1106,N,VIIRS,h,2.0NRT,310.74,89.02,D
36.91426,40.31901,367.0,0.6,0.53,2026-06-19,1106,N,VIIRS,h,2.0NRT,313.12,39.26,D
36.91521,40.33286,342.84,0.61,0.53,2026-06-19,1106,N,VIIRS,n,2.0NRT,308.29,108.94,D
36.91833,40.31311,349.07,0.6,0.53,2026-06-19,1106,N,VIIRS,n,2.0NRT,316.55,69.39,D
36.91873,40.31148,353.47,0.6,0.53,2026-06-19,1106,N,VIIRS,n,2.0NRT,320.86,39.26,D
36.91885,40.32003,350.07,0.6,0.53,2026-06-19,1106,N,VIIRS,n,2.0NRT,313.45,104.91,D
36.9192,40.31843,348.9,0.6,0.53,2026-06-19,1106,N,VIIRS,n,2.0NRT,311.9,39.26,D
36.91968,40.32537,367.0,0.61,0.53,2026-06-19,1106,N,VIIRS,h,2.0NRT,336.85,108.94,D
36.91989,40.33384,342.96,0.61,0.53,2026-06-19,1106,N,VIIRS,n,2.0NRT,307.03,78.95,D
36.92016,40.33228,349.77,0.61,0.53,2026-06-19,1106,N,VIIRS,n,2.0NRT,307.58,108.94,D
36.92328,40.31255,356.24,0.6,0.53,2026-06-19,1106,N,VIIRS,n,2.0NRT,314.14,69.39,D
36.92368,40.31091,353.69,0.6,0.53,2026-06-19,1106,N,VIIRS,n,2.0NRT,314.24,48.71,D
36.9238,40.31948,342.39,0.6,0.53,2026-06-19,1106,N,VIIRS,n,2.0NRT,311.91,104.91,D
36.92416,40.31787,338.66,0.6,0.53,2026-06-19,1106,N,VIIRS,n,2.0NRT,311.59,48.71,D
36.92432,40.3264,367.0,0.6,0.53,2026-06-19,1106,N,VIIRS,h,2.0NRT,338.38,104.91,D
36.92484,40.33329,348.61,0.61,0.53,2026-06-19,1106,N,VIIRS,n,2.0NRT,306.83,78.95,D
36.92511,40.33172,350.79,0.61,0.53,2026-06-19,1106,N,VIIRS,n,2.0NRT,310.46,85.67,D
36.92823,40.31198,350.55,0.6,0.53,2026-06-19,1106,N,VIIRS,n,2.0NRT,317.84,38.88,D
36.92875,40.31892,349.08,0.6,0.53,2026-06-19,1106,N,VIIRS,n,2.0NRT,310.62,34.32,D
36.9291,40.31729,348.18,0.6,0.53,2026-06-19,1106,N,VIIRS,n,2.0NRT,315.25,48.71,D
36.92927,40.32584,347.48,0.6,0.53,2026-06-19,1106,N,VIIRS,n,2.0NRT,311.26,34.32,D
36.92958,40.32423,345.01,0.61,0.53,2026-06-19,1106,N,VIIRS,n,2.0NRT,309.38,85.67,D
36.92979,40.33274,344.17,0.61,0.53,2026-06-19,1106,N,VIIRS,n,2.0NRT,305.54,9.82,D
36.93007,40.33116,345.74,0.61,0.53,2026-06-19,1106,N,VIIRS,n,2.0NRT,306.97,85.67,D
36.93317,40.31141,341.5,0.6,0.53,2026-06-19,1106,N,VIIRS,n,2.0NRT,307.38,38.88,D
36.9337,40.31835,346.96,0.6,0.53,2026-06-19,1106,N,VIIRS,n,2.0NRT,310.46,34.32,D
36.93405,40.3167,353.35,0.6,0.53,2026-06-19,1106,N,VIIRS,n,2.0NRT,309.35,70.45,D
36.93475,40.33218,336.04,0.61,0.53,2026-06-19,1106,N,VIIRS,n,2.0NRT,305.48,9.82,D
36.93865,40.31779,354.72,0.6,0.53,2026-06-19,1106,N,VIIRS,n,2.0NRT,308.79,12.09,D
36.97491,42.81464,348.4,0.42,0.61,2026-06-19,1106,N,VIIRS,n,2.0NRT,318.0,6.54,D
36.97692,42.81561,345.26,0.42,0.61,2026-06-19,1106,N,VIIRS,n,2.0NRT,316.51,7.26,D
37.00076,40.07559,343.5,0.59,0.53,2026-06-19,1106,N,VIIRS,n,2.0NRT,311.61,7.61,D
37.09515,36.0292,334.61,0.54,0.42,2026-06-19,1106,N,VIIRS,n,2.0NRT,302.94,4.98,D
37.0984,36.02242,344.27,0.54,0.42,2026-06-19,1106,N,VIIRS,n,2.0NRT,302.11,6.17,D
37.09905,36.02855,342.34,0.54,0.42,2026-06-19,1106,N,VIIRS,n,2.0NRT,301.07,6.17,D
37.11401,35.98246,341.84,0.54,0.42,2026-06-19,1106,N,VIIRS,n,2.0NRT,302.66,5.76,D
38.30555,39.00161,349.11,0.53,0.5,2026-06-19,1106,N,VIIRS,n,2.0NRT,310.83,11.0,D
38.30745,38.99908,342.45,0.53,0.5,2026-06-19,1106,N,VIIRS,n,2.0NRT,309.82,14.08,D
38.30789,39.00501,337.58,0.53,0.5,2026-06-19,1106,N,VIIRS,n,2.0NRT,310.25,14.08,D
38.31024,39.00131,367.0,0.53,0.5,2026-06-19,1106,N,VIIRS,h,2.0NRT,307.34,11.0,D
38.47764,38.36095,347.54,0.49,0.49,2026-06-19,1106,N,VIIRS,n,2.0NRT,310.46,7.48,D
38.47814,38.36667,339.69,0.49,0.49,2026-06-19,1106,N,VIIRS,n,2.0NRT,309.31,7.48,D
38.47841,38.35826,338.14,0.49,0.49,2026-06-19,1106,N,VIIRS,n,2.0NRT,305.93,5.06,D
38.47887,38.36397,350.81,0.49,0.49,2026-06-19,1106,N,VIIRS,n,2.0NRT,311.11,12.07,D
38.62239,26.76004,343.99,0.43,0.38,2026-06-19,1106,N,VIIRS,n,2.0NRT,300.2,28.65,D
40.57701,43.0093,298.26,0.43,0.38,2026-06-19,2324,N,VIIRS,n,2.0NRT,284.01,0.35,N
41.63327,27.68317,299.36,0.39,0.59,2026-06-19,2324,N,VIIRS,n,2.0NRT,285.94,0.61,N
41.63551,27.50398,297.3,0.4,0.6,2026-06-19,2324,N,VIIRS,n,2.0NRT,284.93,0.76,N
41.91907,44.41351,299.91,0.45,0.39,2026-06-19,2324,N,VIIRS,n,2.0NRT,288.47,0.63,N
35.52869,44.34373,312.52,0.57,0.43,2026-06-19,2326,N,VIIRS,n,2.0NRT,295.65,2.22,N
35.52999,44.33757,317.33,0.57,0.43,2026-06-19,2326,N,VIIRS,n,2.0NRT,295.98,2.22,N
35.53392,44.33875,337.95,0.57,0.43,2026-06-19,2326,N,VIIRS,n,2.0NRT,298.06,4.77,N
35.58795,43.88603,311.48,0.54,0.42,2026-06-19,2326,N,VIIRS,n,2.0NRT,297.28,2.43,N
35.58822,43.88552,311.42,0.54,0.42,2026-06-19,2326,N,VIIRS,n,2.0NRT,297.23,3.78,N
35.59047,43.87399,307.44,0.54,0.42,2026-06-19,2326,N,VIIRS,n,2.0NRT,297.33,1.85,N
35.59068,43.87344,308.55,0.54,0.42,2026-06-19,2326,N,VIIRS,n,2.0NRT,297.33,3.07,N
35.59173,43.868,315.63,0.54,0.42,2026-06-19,2326,N,VIIRS,n,2.0NRT,298.42,1.85,N
35.59177,43.88725,323.11,0.54,0.42,2026-06-19,2326,N,VIIRS,n,2.0NRT,298.3,2.43,N
35.5919,43.86744,319.17,0.54,0.42,2026-06-19,2326,N,VIIRS,n,2.0NRT,298.82,4.36,N
35.59204,43.88675,323.09,0.54,0.42,2026-06-19,2326,N,VIIRS,n,2.0NRT,298.3,4.67,N
35.59302,43.88126,319.47,0.54,0.42,2026-06-19,2326,N,VIIRS,n,2.0NRT,297.6,2.43,N
35.59326,43.88074,318.47,0.54,0.42,2026-06-19,2326,N,VIIRS,n,2.0NRT,297.4,2.5,N
35.59428,43.87526,315.92,0.54,0.42,2026-06-19,2326,N,VIIRS,n,2.0NRT,296.93,1.85,N
35.59448,43.87473,312.07,0.54,0.42,2026-06-19,2326,N,VIIRS,n,2.0NRT,296.68,2.5,N
35.61129,44.14767,304.65,0.56,0.43,2026-06-19,2326,N,VIIRS,n,2.0NRT,293.27,0.85,N
35.6283,44.0061,332.97,0.55,0.43,2026-06-19,2326,N,VIIRS,n,2.0NRT,301.92,13.88,N
35.63214,44.00733,337.57,0.55,0.43,2026-06-19,2326,N,VIIRS,n,2.0NRT,300.05,13.88,N
35.6612,43.96544,342.75,0.55,0.42,2026-06-19,2326,N,VIIRS,n,2.0NRT,301.62,9.04,N
35.66505,43.9666,320.83,0.55,0.42,2026-06-19,2326,N,VIIRS,n,2.0NRT,299.27,9.04,N
35.6769,44.06659,311.46,0.55,0.43,2026-06-19,2326,N,VIIRS,n,2.0NRT,298.41,3.2,N
35.67743,44.06607,317.23,0.55,0.43,2026-06-19,2326,N,VIIRS,n,2.0NRT,298.56,3.52,N
35.68318,43.87795,326.74,0.54,0.42,2026-06-19,2326,N,VIIRS,n,2.0NRT,300.95,21.48,N
35.68438,43.87204,321.36,0.54,0.42,2026-06-19,2326,N,VIIRS,n,2.0NRT,297.42,21.48,N
35.687,43.87912,367.0,0.54,0.42,2026-06-19,2326,N,VIIRS,h,2.0NRT,312.29,28.08,N
35.68821,43.8732,325.41,0.54,0.42,2026-06-19,2326,N,VIIRS,n,2.0NRT,298.51,28.08,N
35.723,44.04214,332.06,0.55,0.43,2026-06-19,2326,N,VIIRS,n,2.0NRT,298.08,6.19,N
35.72686,44.04329,330.56,0.55,0.43,2026-06-19,2326,N,VIIRS,n,2.0NRT,301.66,6.19,N
35.72933,44.03138,326.21,0.55,0.43,2026-06-19,2326,N,VIIRS,n,2.0NRT,296.87,13.1,N
35.77375,43.99418,340.3,0.55,0.42,2026-06-19,2326,N,VIIRS,n,2.0NRT,301.4,9.56,N
35.95155,43.7281,315.33,0.53,0.42,2026-06-19,2326,N,VIIRS,n,2.0NRT,297.88,3.37,N
35.95366,43.72776,322.3,0.53,0.42,2026-06-19,2326,N,VIIRS,n,2.0NRT,297.92,3.03,N
35.98336,43.76862,335.47,0.53,0.42,2026-06-19,2326,N,VIIRS,n,2.0NRT,301.9,6.3,N
35.99703,43.7607,312.76,0.53,0.42,2026-06-19,2326,N,VIIRS,n,2.0NRT,297.25,2.68,N
36.0008,43.76191,330.62,0.53,0.42,2026-06-19,2326,N,VIIRS,n,2.0NRT,297.68,3.47,N
36.01715,43.68175,310.08,0.52,0.42,2026-06-19,2326,N,VIIRS,n,2.0NRT,295.21,2.8,N
36.0319,41.72834,309.21,0.44,0.38,2026-06-19,2326,N,VIIRS,n,2.0NRT,294.94,1.37,N
36.08391,43.63805,311.92,0.52,0.41,2026-06-19,2326,N,VIIRS,n,2.0NRT,293.94,0.78,N
36.08493,43.64251,309.2,0.52,0.41,2026-06-19,2326,N,VIIRS,n,2.0NRT,294.55,1.18,N
36.10123,43.63133,305.11,0.52,0.41,2026-06-19,2326,N,VIIRS,n,2.0NRT,294.98,1.02,N
36.13011,40.81127,313.17,0.41,0.37,2026-06-19,2326,N,VIIRS,n,2.0NRT,296.2,1.67,N
36.1335,40.81219,306.87,0.41,0.37,2026-06-19,2326,N,VIIRS,n,2.0NRT,296.63,1.05,N
36.22554,36.29782,302.87,0.41,0.37,2026-06-19,2326,N,VIIRS,n,2.0NRT,292.14,0.3,N
36.23048,36.43164,304.31,0.41,0.37,2026-06-19,2326,N,VIIRS,n,2.0NRT,291.62,0.62,N
36.23088,36.43433,302.6,0.41,0.37,2026-06-19,2326,N,VIIRS,n,2.0NRT,291.67,0.55,N
36.23388,36.43237,305.23,0.41,0.37,2026-06-19,2326,N,VIIRS,n,2.0NRT,291.77,0.62,N
36.25189,36.40357,322.73,0.41,0.37,2026-06-19,2326,N,VIIRS,n,2.0NRT,292.77,1.76,N
36.25252,36.39903,318.19,0.41,0.37,2026-06-19,2326,N,VIIRS,n,2.0NRT,292.76,2.05,N
36.26492,33.72843,312.17,0.5,0.41,2026-06-19,2326,N,VIIRS,n,2.0NRT,292.64,1.48,N
36.44584,36.43603,333.77,0.41,0.37,2026-06-19,2326,N,VIIRS,n,2.0NRT,293.87,2.92,N
36.44632,36.43886,318.1,0.41,0.37,2026-06-19,2326,N,VIIRS,n,2.0NRT,293.06,2.58,N
36.44696,36.43432,331.07,0.41,0.37,2026-06-19,2326,N,VIIRS,n,2.0NRT,293.4,2.58,N
36.44924,36.43676,325.39,0.41,0.37,2026-06-19,2326,N,VIIRS,n,2.0NRT,293.17,2.92,N
36.4794,36.39631,325.42,0.41,0.37,2026-06-19,2326,N,VIIRS,n,2.0NRT,290.79,1.3,N
36.48003,36.39174,301.95,0.41,0.37,2026-06-19,2326,N,VIIRS,n,2.0NRT,290.78,1.3,N
36.71875,36.19976,325.74,0.42,0.37,2026-06-19,2326,N,VIIRS,n,2.0NRT,294.01,3.84,N
36.72371,39.12214,317.92,0.38,0.36,2026-06-19,2326,N,VIIRS,n,2.0NRT,289.59,1.56,N
36.727,39.12297,333.77,0.38,0.36,2026-06-19,2326,N,VIIRS,n,2.0NRT,290.84,2.65,N
36.72969,36.19729,310.26,0.42,0.37,2026-06-19,2326,N,VIIRS,n,2.0NRT,293.65,1.72,N
36.73313,36.19802,308.73,0.42,0.37,2026-06-19,2326,N,VIIRS,n,2.0NRT,291.17,1.72,N
36.74462,39.37278,302.15,0.39,0.36,2026-06-19,2326,N,VIIRS,n,2.0NRT,289.33,0.63,N
36.74792,39.37362,315.42,0.39,0.36,2026-06-19,2326,N,VIIRS,n,2.0NRT,291.06,1.36,N
36.74862,39.36933,323.98,0.39,0.36,2026-06-19,2326,N,VIIRS,n,2.0NRT,290.04,1.36,N
36.79966,37.02029,307.78,0.4,0.37,2026-06-19,2326,N,VIIRS,n,2.0NRT,292.39,0.82,N
36.8714,34.76249,308.95,0.46,0.39,2026-06-19,2326,N,VIIRS,n,2.0NRT,292.92,1.87,N
36.91042,38.87287,311.13,0.38,0.36,2026-06-19,2326,N,VIIRS,n,2.0NRT,290.56,0.98,N
36.93192,36.00123,308.7,0.42,0.38,2026-06-19,2326,N,VIIRS,n,2.0NRT,292.52,1.11,N
36.94224,42.17112,330.59,0.44,0.38,2026-06-19,2326,N,VIIRS,n,2.0NRT,297.08,3.56,N
36.94617,42.13089,331.35,0.44,0.38,2026-06-19,2326,N,VIIRS,n,2.0NRT,297.47,2.88,N
37.00859,42.07215,307.74,0.44,0.38,2026-06-19,2326,N,VIIRS,n,2.0NRT,295.39,0.74,N
37.01403,41.58449,305.86,0.42,0.38,2026-06-19,2326,N,VIIRS,n,2.0NRT,294.89,0.89,N
37.02128,36.10974,318.09,0.42,0.38,2026-06-19,2326,N,VIIRS,n,2.0NRT,293.29,2.44,N
37.11425,39.0005,339.93,0.38,0.36,2026-06-19,2326,N,VIIRS,n,2.0NRT,289.25,3.99,N
37.14645,42.40673,308.32,0.45,0.39,2026-06-19,2326,N,VIIRS,n,2.0NRT,292.65,25.27,N
37.14713,42.42266,307.13,0.45,0.39,2026-06-19,2326,N,VIIRS,n,2.0NRT,292.22,1.0,N
37.14739,42.40177,340.37,0.45,0.39,2026-06-19,2326,N,VIIRS,n,2.0NRT,294.83,25.27,N
37.14996,42.40776,353.26,0.45,0.39,2026-06-19,2326,N,VIIRS,n,2.0NRT,298.92,25.27,N
37.15065,42.42369,316.64,0.45,0.39,2026-06-19,2326,N,VIIRS,n,2.0NRT,292.64,2.02,N
37.1509,42.40281,327.35,0.45,0.39,2026-06-19,2326,N,VIIRS,n,2.0NRT,305.8,25.27,N
37.15159,42.41872,347.7,0.45,0.39,2026-06-19,2326,N,VIIRS,n,2.0NRT,293.63,2.57,N
37.15253,42.41376,315.32,0.45,0.39,2026-06-19,2326,N,VIIRS,n,2.0NRT,292.35,2.57,N
37.15347,42.4088,353.16,0.45,0.39,2026-06-19,2326,N,VIIRS,n,2.0NRT,303.56,12.69,N
37.15441,42.40384,312.85,0.45,0.39,2026-06-19,2326,N,VIIRS,n,2.0NRT,292.5,12.69,N
37.1551,42.41976,306.24,0.45,0.39,2026-06-19,2326,N,VIIRS,n,2.0NRT,291.04,2.57,N
37.15604,42.41479,317.05,0.45,0.39,2026-06-19,2326,N,VIIRS,n,2.0NRT,292.28,2.57,N
37.15698,42.40983,338.22,0.45,0.39,2026-06-19,2326,N,VIIRS,n,2.0NRT,295.04,12.69,N
37.15792,42.40488,341.7,0.45,0.39,2026-06-19,2326,N,VIIRS,n,2.0NRT,297.1,12.69,N
37.15861,42.42079,328.17,0.45,0.39,2026-06-19,2326,N,VIIRS,n,2.0NRT,293.16,3.0,N
37.16143,42.40591,328.72,0.45,0.39,2026-06-19,2326,N,VIIRS,n,2.0NRT,292.87,2.99,N
37.16539,42.44378,333.61,0.45,0.39,2026-06-19,2326,N,VIIRS,n,2.0NRT,294.75,4.75,N
37.16563,42.42285,305.03,0.45,0.39,2026-06-19,2326,N,VIIRS,n,2.0NRT,292.8,2.98,N
37.1689,42.4448,307.22,0.45,0.39,2026-06-19,2326,N,VIIRS,n,2.0NRT,293.87,1.0,N
37.16914,42.42388,337.83,0.45,0.39,2026-06-19,2326,N,VIIRS,n,2.0NRT,294.65,2.98,N
37.27583,38.73011,304.47,0.38,0.36,2026-06-19,2326,N,VIIRS,n,2.0NRT,291.33,0.66,N
37.29558,37.16001,309.05,0.4,0.37,2026-06-19,2326,N,VIIRS,n,2.0NRT,291.54,0.85,N
37.29625,37.15539,309.36,0.4,0.37,2026-06-19,2326,N,VIIRS,n,2.0NRT,291.94,1.39,N
37.35175,37.16096,312.79,0.4,0.37,2026-06-19,2326,N,VIIRS,n,2.0NRT,293.31,1.55,N
37.96321,41.70272,304.4,0.42,0.37,2026-06-19,2326,N,VIIRS,n,2.0NRT,292.84,0.86,N
38.45427,38.72559,309.52,0.39,0.36,2026-06-19,2326,N,VIIRS,n,2.0NRT,293.53,1.09,N
38.50703,27.73182,313.06,0.36,0.58,2026-06-19,2326,N,VIIRS,n,2.0NRT,280.16,1.12,N
38.65234,39.77208,326.77,0.39,0.36,2026-06-19,2326,N,VIIRS,n,2.0NRT,291.23,2.84,N
38.65305,39.76769,327.41,0.39,0.36,2026-06-19,2326,N,VIIRS,n,2.0NRT,290.6,3.84,N
38.73158,26.96537,304.29,0.4,0.6,2026-06-19,2326,N,VIIRS,n,2.0NRT,287.65,0.58,N
38.73473,26.96215,308.35,0.4,0.6,2026-06-19,2326,N,VIIRS,n,2.0NRT,287.82,1.11,N
38.73544,26.94758,303.06,0.4,0.6,2026-06-19,2326,N,VIIRS,n,2.0NRT,288.14,1.23,N
38.73827,26.9463,317.33,0.4,0.6,2026-06-19,2326,N,VIIRS,n,2.0NRT,289.42,2.33,N
38.74107,26.94802,307.71,0.4,0.6,2026-06-19,2326,N,VIIRS,n,2.0NRT,288.47,1.4,N
38.742,26.92881,310.32,0.4,0.6,2026-06-19,2326,N,VIIRS,n,2.0NRT,288.12,1.0,N
38.74495,26.92753,302.63,0.4,0.6,2026-06-19,2326,N,VIIRS,n,2.0NRT,287.86,1.15,N
38.75304,26.93466,305.32,0.4,0.6,2026-06-19,2326,N,VIIRS,n,2.0NRT,288.53,1.17,N
38.89368,41.56975,301.86,0.41,0.37,2026-06-19,2326,N,VIIRS,n,2.0NRT,290.19,0.39,N
38.89447,41.56712,300.95,0.41,0.37,2026-06-19,2326,N,VIIRS,n,2.0NRT,289.76,0.62,N
39.06552,42.26346,310.68,0.42,0.38,2026-06-19,2326,N,VIIRS,n,2.0NRT,288.07,1.29,N
39.09235,27.5119,295.03,0.38,0.59,2026-06-19,2326,N,VIIRS,n,2.0NRT,277.93,1.15,N
39.72394,36.93617,301.71,0.42,0.38,2026-06-19,2326,N,VIIRS,n,2.0NRT,285.41,0.75,N
39.86843,26.24042,300.81,0.45,0.63,2026-06-19,2326,N,VIIRS,n,2.0NRT,288.59,1.06,N
39.92772,40.66755,299.01,0.39,0.36,2026-06-19,2326,N,VIIRS,n,2.0NRT,285.82,0.61,N
41.0202,28.5544,309.02,0.35,0.56,2026-06-19,2326,N,VIIRS,n,2.0NRT,288.48,1.23,N
41.63761,27.50298,298.57,0.4,0.6,2026-06-19,2326,N,VIIRS,n,2.0NRT,285.56,0.91,N
38.73802,26.9437,307.44,0.41,0.61,2026-06-20,105,N,VIIRS,n,2.0NRT,277.25,1.69,N
38.74135,26.94404,302.93,0.41,0.61,2026-06-20,105,N,VIIRS,n,2.0NRT,276.28,1.37,N
38.75252,26.93484,304.3,0.41,0.61,2026-06-20,105,N,VIIRS,n,2.0NRT,275.7,1.07,N
38.75587,26.93539,296.77,0.41,0.61,2026-06-20,105,N,VIIRS,n,2.0NRT,273.95,0.65,N
39.09291,27.50859,295.82,0.43,0.62,2026-06-20,105,N,VIIRS,n,2.0NRT,283.94,1.09,N
39.86564,26.24213,309.9,0.35,0.57,2026-06-20,105,N,VIIRS,n,2.0NRT,288.69,1.11,N
35.52999,43.77362,350.38,0.74,0.76,2026-06-20,905,N,VIIRS,n,2.0NRT,318.71,11.08,D
35.53134,43.76982,342.98,0.74,0.76,2026-06-20,905,N,VIIRS,n,2.0NRT,316.61,17.14,D
35.53386,43.77783,367.0,0.74,0.76,2026-06-20,905,N,VIIRS,h,2.0NRT,319.51,17.14,D
35.53675,43.77061,367.0,0.74,0.76,2026-06-20,905,N,VIIRS,h,2.0NRT,315.72,16.81,D
35.60382,43.86052,347.57,0.73,0.76,2026-06-20,905,N,VIIRS,n,2.0NRT,318.35,22.79,D
35.60609,43.8677,367.0,0.73,0.76,2026-06-20,905,N,VIIRS,h,2.0NRT,323.43,22.79,D
35.60691,43.86438,356.93,0.73,0.76,2026-06-20,905,N,VIIRS,n,2.0NRT,323.49,54.57,D
35.60731,43.89026,347.94,0.73,0.76,2026-06-20,905,N,VIIRS,n,2.0NRT,317.34,21.95,D
35.60921,43.87182,357.26,0.73,0.76,2026-06-20,905,N,VIIRS,n,2.0NRT,321.36,54.57,D
35.61048,43.85738,342.59,0.73,0.76,2026-06-20,905,N,VIIRS,n,2.0NRT,316.77,86.79,D
35.61331,43.89048,367.0,0.73,0.76,2026-06-20,905,N,VIIRS,h,2.0NRT,318.27,21.0,D
35.61356,43.86122,345.6,0.73,0.76,2026-06-20,905,N,VIIRS,n,2.0NRT,316.71,54.57,D
35.61517,43.87222,367.0,0.73,0.76,2026-06-20,905,N,VIIRS,h,2.0NRT,321.14,44.45,D
35.61562,43.89779,367.0,0.73,0.76,2026-06-20,905,N,VIIRS,h,2.0NRT,315.49,21.0,D
35.6159,43.86875,367.0,0.73,0.76,2026-06-20,905,N,VIIRS,h,2.0NRT,326.23,54.57,D
35.61626,43.8945,367.0,0.73,0.76,2026-06-20,905,N,VIIRS,h,2.0NRT,317.42,33.45,D
35.61828,43.87641,355.74,0.73,0.76,2026-06-20,905,N,VIIRS,n,2.0NRT,318.72,71.91,D
35.62157,43.84399,344.89,0.73,0.76,2026-06-20,905,N,VIIRS,n,2.0NRT,314.85,16.22,D
35.62186,43.86916,367.0,0.73,0.76,2026-06-20,905,N,VIIRS,h,2.0NRT,314.39,44.45,D
35.62423,43.87664,367.0,0.73,0.76,2026-06-20,905,N,VIIRS,h,2.0NRT,314.32,44.45,D
35.62757,44.00778,355.56,0.72,0.75,2026-06-20,905,N,VIIRS,n,2.0NRT,315.32,17.06,D
35.63002,44.01553,367.0,0.72,0.75,2026-06-20,905,N,VIIRS,h,2.0NRT,316.86,17.06,D
35.63006,44.01247,367.0,0.72,0.75,2026-06-20,905,N,VIIRS,h,2.0NRT,319.38,35.76,D
35.66031,43.96688,367.0,0.72,0.76,2026-06-20,905,N,VIIRS,h,2.0NRT,319.08,18.19,D
35.68235,43.87545,350.84,0.73,0.76,2026-06-20,905,N,VIIRS,n,2.0NRT,313.83,32.43,D
35.68485,43.88327,367.0,0.72,0.76,2026-06-20,905,N,VIIRS,h,2.0NRT,314.38,45.26,D
35.68491,43.87525,347.52,0.73,0.76,2026-06-20,905,N,VIIRS,n,2.0NRT,314.26,33.36,D
35.68735,43.88306,367.0,0.73,0.76,2026-06-20,905,N,VIIRS,h,2.0NRT,312.79,33.36,D
35.70055,43.9565,367.0,0.72,0.75,2026-06-20,905,N,VIIRS,h,2.0NRT,314.39,20.74,D
35.70269,43.95655,367.0,0.72,0.75,2026-06-20,905,N,VIIRS,h,2.0NRT,314.85,34.48,D
35.70297,43.96412,339.62,0.72,0.75,2026-06-20,905,N,VIIRS,n,2.0NRT,311.51,19.04,D
35.72103,44.04478,344.23,0.71,0.75,2026-06-20,905,N,VIIRS,n,2.0NRT,316.08,12.69,D
35.72275,44.04517,367.0,0.71,0.75,2026-06-20,905,N,VIIRS,h,2.0NRT,317.4,21.44,D
35.72774,44.04204,367.0,0.71,0.75,2026-06-20,905,N,VIIRS,h,2.0NRT,314.68,12.69,D
35.78923,43.8269,367.0,0.73,0.76,2026-06-20,905,N,VIIRS,h,2.0NRT,318.23,13.21,D
35.79175,43.81539,342.78,0.73,0.76,2026-06-20,905,N,VIIRS,n,2.0NRT,313.59,14.05,D
35.79346,43.81601,341.56,0.73,0.76,2026-06-20,905,N,VIIRS,n,2.0NRT,313.03,13.21,D
35.79426,43.82328,367.0,0.72,0.76,2026-06-20,905,N,VIIRS,h,2.0NRT,318.94,39.54,D
35.79593,43.82391,367.0,0.73,0.76,2026-06-20,905,N,VIIRS,h,2.0NRT,315.07,13.21,D
35.98019,43.77095,348.11,0.72,0.76,2026-06-20,905,N,VIIRS,n,2.0NRT,313.59,6.85,D
35.98141,43.77104,347.38,0.72,0.76,2026-06-20,905,N,VIIRS,n,2.0NRT,313.82,7.84,D
35.99996,43.76117,340.9,0.72,0.76,2026-06-20,905,N,VIIRS,n,2.0NRT,312.76,3.39,D
37.1483,42.42437,345.81,0.78,0.78,2026-06-20,905,N,VIIRS,n,2.0NRT,312.55,20.02,D
37.15028,42.43995,338.85,0.78,0.78,2026-06-20,905,N,VIIRS,n,2.0NRT,307.83,19.52,D
37.15114,42.43292,367.0,0.78,0.78,2026-06-20,905,N,VIIRS,h,2.0NRT,312.94,20.02,D
37.15396,42.44143,353.52,0.78,0.78,2026-06-20,905,N,VIIRS,n,2.0NRT,311.38,22.48,D
37.15434,42.42816,367.0,0.78,0.78,2026-06-20,905,N,VIIRS,h,2.0NRT,313.87,19.52,D
35.6099,43.89482,355.24,0.5,0.49,2026-06-20,1045,N,VIIRS,n,2.0NRT,324.41,23.42,D
35.61161,43.85996,367.0,0.5,0.49,2026-06-20,1045,N,VIIRS,h,2.0NRT,325.47,14.38,D
35.61592,43.86111,367.0,0.5,0.49,2026-06-20,1045,N,VIIRS,h,2.0NRT,325.99,17.97,D
35.62048,43.86056,356.91,0.5,0.49,2026-06-20,1045,N,VIIRS,n,2.0NRT,325.98,49.1,D
35.62119,43.86459,351.55,0.5,0.49,2026-06-20,1045,N,VIIRS,n,2.0NRT,321.53,45.18,D
35.62671,43.87548,354.82,0.5,0.49,2026-06-20,1045,N,VIIRS,n,2.0NRT,320.25,19.43,D
35.63126,43.87495,350.97,0.5,0.49,2026-06-20,1045,N,VIIRS,n,2.0NRT,320.42,19.43,D
35.6869,43.87931,351.11,0.5,0.49,2026-06-20,1045,N,VIIRS,n,2.0NRT,320.97,52.33,D
35.77055,43.9986,348.75,0.51,0.5,2026-06-20,1045,N,VIIRS,n,2.0NRT,322.36,7.56,D
35.982,43.77206,355.92,0.5,0.49,2026-06-20,1045,N,VIIRS,n,2.0NRT,322.43,13.58,D
35.99971,43.76434,349.89,0.5,0.49,2026-06-20,1045,N,VIIRS,n,2.0NRT,319.12,7.0,D
36.11473,43.75926,356.27,0.5,0.49,2026-06-20,1045,N,VIIRS,n,2.0NRT,322.64,13.22,D
36.41824,36.34237,349.6,0.39,0.36,2026-06-20,1045,N,VIIRS,n,2.0NRT,311.78,5.85,D
36.41973,37.56498,346.85,0.41,0.37,2026-06-20,1045,N,VIIRS,n,2.0NRT,319.32,19.78,D
36.48675,43.52657,350.71,0.49,0.49,2026-06-20,1045,N,VIIRS,n,2.0NRT,320.96,12.21,D
36.64141,40.25336,353.71,0.51,0.41,2026-06-20,1045,N,VIIRS,n,2.0NRT,323.3,15.45,D
36.64519,40.25273,352.93,0.51,0.41,2026-06-20,1045,N,VIIRS,n,2.0NRT,325.95,5.4,D
36.65019,40.27285,356.89,0.51,0.41,2026-06-20,1045,N,VIIRS,n,2.0NRT,327.04,10.15,D
36.65083,40.24365,348.18,0.51,0.41,2026-06-20,1045,N,VIIRS,n,2.0NRT,322.97,7.85,D
36.65398,40.27221,367.0,0.51,0.41,2026-06-20,1045,N,VIIRS,h,2.0NRT,343.9,137.4,D
36.65966,40.25377,345.16,0.51,0.41,2026-06-20,1045,N,VIIRS,n,2.0NRT,314.44,6.78,D
36.69312,39.25943,348.77,0.46,0.39,2026-06-20,1045,N,VIIRS,n,2.0NRT,316.38,4.94,D
36.69842,39.12175,349.39,0.46,0.39,2026-06-20,1045,N,VIIRS,n,2.0NRT,318.37,4.38,D
36.70201,39.12107,348.7,0.46,0.39,2026-06-20,1045,N,VIIRS,n,2.0NRT,317.17,8.5,D
36.73135,36.21265,340.98,0.39,0.36,2026-06-20,1045,N,VIIRS,n,2.0NRT,308.97,8.94,D
36.77482,38.95964,357.44,0.45,0.39,2026-06-20,1045,N,VIIRS,n,2.0NRT,322.8,17.61,D
36.77545,38.9647,367.0,0.45,0.39,2026-06-20,1045,N,VIIRS,h,2.0NRT,327.6,17.61,D
36.81193,40.24303,367.0,0.51,0.41,2026-06-20,1045,N,VIIRS,h,2.0NRT,325.22,8.48,D
36.81258,40.24875,356.23,0.51,0.41,2026-06-20,1045,N,VIIRS,n,2.0NRT,323.09,8.48,D
36.81636,40.24809,349.4,0.51,0.41,2026-06-20,1045,N,VIIRS,n,2.0NRT,319.21,8.48,D
36.848,38.88614,367.0,0.45,0.39,2026-06-20,1045,N,VIIRS,h,2.0NRT,320.29,26.54,D
37.00727,41.24635,350.18,0.57,0.43,2026-06-20,1045,N,VIIRS,n,2.0NRT,321.3,10.14,D
37.00793,41.2528,349.95,0.57,0.43,2026-06-20,1045,N,VIIRS,n,2.0NRT,321.93,16.64,D
37.01073,39.66555,345.04,0.48,0.4,2026-06-20,1045,N,VIIRS,n,2.0NRT,318.74,12.56,D
37.01126,41.2457,367.0,0.57,0.43,2026-06-20,1045,N,VIIRS,h,2.0NRT,336.75,125.78,D
37.04091,39.66569,349.24,0.48,0.4,2026-06-20,1045,N,VIIRS,n,2.0NRT,319.67,11.68,D
37.0519,35.91188,341.99,0.39,0.36,2026-06-20,1045,N,VIIRS,n,2.0NRT,309.94,4.12,D
37.1245,41.55024,347.55,0.39,0.44,2026-06-20,1045,N,VIIRS,n,2.0NRT,322.44,9.77,D
37.1298,41.60389,354.26,0.4,0.44,2026-06-20,1045,N,VIIRS,n,2.0NRT,323.55,11.62,D
37.13388,41.60326,356.25,0.4,0.44,2026-06-20,1045,N,VIIRS,n,2.0NRT,322.21,11.62,D
37.14957,42.43525,346.55,0.44,0.46,2026-06-20,1045,N,VIIRS,n,2.0NRT,321.09,7.23,D
37.15004,42.44024,367.0,0.44,0.46,2026-06-20,1045,N,VIIRS,h,2.0NRT,320.57,7.23,D
37.17887,42.393,345.81,0.44,0.46,2026-06-20,1045,N,VIIRS,n,2.0NRT,317.53,6.66,D
37.17991,42.39066,346.53,0.44,0.46,2026-06-20,1045,N,VIIRS,n,2.0NRT,318.41,12.45,D
37.18313,42.39237,346.22,0.44,0.46,2026-06-20,1045,N,VIIRS,n,2.0NRT,319.41,6.66,D
37.18417,42.39004,351.74,0.44,0.46,2026-06-20,1045,N,VIIRS,n,2.0NRT,321.87,9.0,D
39.47757,26.98711,343.29,0.43,0.46,2026-06-20,1047,N,VIIRS,n,2.0NRT,302.78,7.07,D
39.48166,26.98551,343.16,0.43,0.46,2026-06-20,1047,N,VIIRS,n,2.0NRT,304.69,7.07,D
39.58602,35.38461,339.65,0.39,0.36,2026-06-20,1047,N,VIIRS,n,2.0NRT,303.02,3.17,D
40.1464,26.44584,343.01,0.44,0.46,2026-06-20,1047,N,VIIRS,n,2.0NRT,305.79,4.39,D
40.74492,31.70157,367.0,0.41,0.37,2026-06-20,1047,N,VIIRS,h,2.0NRT,301.17,11.94,D
37.54414,27.26764,337.12,0.79,0.78,2026-06-20,1227,N,VIIRS,n,2.0NRT,287.75,32.54,D
37.5442,27.27707,367.0,0.79,0.78,2026-06-20,1227,N,VIIRS,h,2.0NRT,294.03,32.54,D
37.54511,27.27836,367.0,0.79,0.78,2026-06-20,1227,N,VIIRS,h,2.0NRT,292.99,61.03,D
41.89011,26.871,344.0,0.78,0.78,2026-06-20,1229,N,VIIRS,n,2.0NRT,297.31,15.27,D
41.89019,26.86853,353.92,0.78,0.78,2026-06-20,1229,N,VIIRS,n,2.0NRT,298.62,12.75,D
37.14895,42.39719,341.36,0.39,0.36,2026-06-20,2305,N,VIIRS,n,2.0NRT,290.93,7.16,N
37.15228,42.39796,342.15,0.39,0.36,2026-06-20,2305,N,VIIRS,n,2.0NRT,295.11,7.16,N
37.15293,42.39357,336.98,0.39,0.36,2026-06-20,2305,N,VIIRS,n,2.0NRT,291.03,7.16,N
37.15561,42.39873,353.73,0.39,0.36,2026-06-20,2305,N,VIIRS,n,2.0NRT,297.34,5.75,N
37.15626,42.39434,300.22,0.39,0.36,2026-06-20,2305,N,VIIRS,n,2.0NRT,289.41,5.75,N
37.158,42.54424,306.77,0.39,0.36,2026-06-20,2305,N,VIIRS,n,2.0NRT,290.38,0.54,N
37.15866,42.53988,302.76,0.39,0.36,2026-06-20,2305,N,VIIRS,n,2.0NRT,290.25,0.54,N
37.16132,42.54502,303.58,0.39,0.36,2026-06-20,2305,N,VIIRS,n,2.0NRT,291.6,1.42,N
37.16198,42.54066,314.42,0.39,0.36,2026-06-20,2305,N,VIIRS,n,2.0NRT,291.0,1.42,N
37.16465,42.54581,334.74,0.39,0.36,2026-06-20,2305,N,VIIRS,n,2.0NRT,292.82,1.42,N
37.1653,42.54144,318.62,0.39,0.36,2026-06-20,2305,N,VIIRS,n,2.0NRT,290.86,1.42,N
37.16862,42.54222,314.42,0.39,0.36,2026-06-20,2305,N,VIIRS,n,2.0NRT,291.15,0.84,N
37.18497,42.43279,337.39,0.39,0.36,2026-06-20,2305,N,VIIRS,n,2.0NRT,291.09,7.47,N
37.1883,42.43357,345.47,0.39,0.36,2026-06-20,2305,N,VIIRS,n,2.0NRT,297.23,7.47,N
37.18896,42.42919,314.33,0.39,0.36,2026-06-20,2305,N,VIIRS,n,2.0NRT,290.14,7.47,N
37.1894,42.43599,321.03,0.39,0.36,2026-06-20,2305,N,VIIRS,n,2.0NRT,292.32,1.08,N
37.19004,42.4316,333.99,0.39,0.36,2026-06-20,2305,N,VIIRS,n,2.0NRT,292.43,3.34,N
37.19273,42.43677,303.31,0.39,0.36,2026-06-20,2305,N,VIIRS,n,2.0NRT,291.72,1.08,N
37.96065,41.70302,302.97,0.41,0.37,2026-06-20,2305,N,VIIRS,n,2.0NRT,292.76,0.81,N
38.41832,43.23828,303.83,0.39,0.36,2026-06-20,2305,N,VIIRS,n,2.0NRT,291.51,1.14,N
38.7425,26.9462,303.49,0.72,0.76,2026-06-20,2305,N,VIIRS,n,2.0NRT,287.25,1.91,N
38.74647,26.94497,298.46,0.72,0.76,2026-06-20,2305,N,VIIRS,n,2.0NRT,286.82,0.79,N
38.75373,26.93613,299.64,0.72,0.76,2026-06-20,2305,N,VIIRS,n,2.0NRT,286.74,0.79,N
38.88323,37.89696,303.41,0.38,0.43,2026-06-20,2305,N,VIIRS,n,2.0NRT,288.55,0.95,N
38.89252,41.56706,296.98,0.42,0.37,2026-06-20,2305,N,VIIRS,n,2.0NRT,286.5,0.65,N
39.48638,30.03951,302.19,0.5,0.66,2026-06-20,2305,N,VIIRS,n,2.0NRT,282.72,0.8,N
39.48754,30.03639,295.62,0.5,0.66,2026-06-20,2305,N,VIIRS,n,2.0NRT,282.27,1.1,N
39.58554,43.90062,297.19,0.39,0.36,2026-06-20,2305,N,VIIRS,n,2.0NRT,285.62,0.47,N
39.59546,32.41781,301.55,0.38,0.58,2026-06-20,2305,N,VIIRS,n,2.0NRT,284.0,0.99,N
39.72316,36.93657,296.46,0.44,0.46,2026-06-20,2305,N,VIIRS,n,2.0NRT,283.49,1.06,N
39.83853,30.29814,304.84,0.49,0.65,2026-06-20,2305,N,VIIRS,n,2.0NRT,283.26,1.27,N
39.94757,33.19255,298.29,0.34,0.56,2026-06-20,2305,N,VIIRS,n,2.0NRT,282.97,1.18,N
39.94781,33.18861,304.56,0.34,0.56,2026-06-20,2305,N,VIIRS,n,2.0NRT,284.85,1.18,N
40.01743,43.81409,317.41,0.39,0.36,2026-06-20,2305,N,VIIRS,n,2.0NRT,292.36,1.14,N
40.01981,43.81209,319.23,0.39,0.36,2026-06-20,2305,N,VIIRS,n,2.0NRT,292.84,1.25,N
40.0818,32.79699,297.2,0.36,0.58,2026-06-20,2305,N,VIIRS,n,2.0NRT,282.2,0.42,N
40.18845,29.22147,303.42,0.56,0.69,2026-06-20,2305,N,VIIRS,n,2.0NRT,288.32,0.7,N
40.2626,30.03953,296.38,0.51,0.66,2026-06-20,2305,N,VIIRS,n,2.0NRT,285.74,0.41,N
40.76007,29.35645,300.88,0.55,0.68,2026-06-20,2305,N,VIIRS,n,2.0NRT,288.58,1.19,N
40.76071,29.356,300.27,0.55,0.68,2026-06-20,2305,N,VIIRS,n,2.0NRT,288.38,0.68,N
41.02166,28.551,299.71,0.61,0.71,2026-06-20,2305,N,VIIRS,n,2.0NRT,288.75,0.98,N
41.02696,36.09535,295.68,0.5,0.49,2026-06-20,2305,N,VIIRS,n,2.0NRT,283.45,0.34,N
41.17706,32.63346,310.33,0.38,0.59,2026-06-20,2305,N,VIIRS,n,2.0NRT,287.11,1.28,N
41.18803,32.63405,297.58,0.38,0.59,2026-06-20,2305,N,VIIRS,n,2.0NRT,286.84,0.58,N
41.2393,36.43835,300.7,0.48,0.48,2026-06-20,2305,N,VIIRS,n,2.0NRT,288.27,0.35,N
41.24185,36.46228,327.44,0.48,0.48,2026-06-20,2305,N,VIIRS,n,2.0NRT,288.31,3.98,N
41.25902,31.42908,303.7,0.44,0.62,2026-06-20,2305,N,VIIRS,n,2.0NRT,288.24,1.45,N
41.26506,31.42402,316.66,0.44,0.62,2026-06-20,2305,N,VIIRS,n,2.0NRT,290.11,2.39,N
41.26529,31.4186,300.39,0.44,0.62,2026-06-20,2305,N,VIIRS,n,2.0NRT,289.21,1.99,N
41.63887,32.30353,299.21,0.4,0.6,2026-06-20,2305,N,VIIRS,n,2.0NRT,286.56,0.39,N
35.52647,44.34167,317.98,0.39,0.36,2026-06-20,2307,N,VIIRS,n,2.0NRT,297.94,1.92,N
35.53052,44.33822,320.89,0.39,0.36,2026-06-20,2307,N,VIIRS,n,2.0NRT,298.88,1.97,N
35.53384,44.33905,320.09,0.39,0.36,2026-06-20,2307,N,VIIRS,n,2.0NRT,298.76,1.97,N
35.559,43.87914,352.97,0.39,0.36,2026-06-20,2307,N,VIIRS,n,2.0NRT,306.34,6.38,N
35.56231,43.87995,345.97,0.39,0.36,2026-06-20,2307,N,VIIRS,n,2.0NRT,306.36,6.38,N
35.56301,43.8757,332.74,0.39,0.36,2026-06-20,2307,N,VIIRS,n,2.0NRT,304.26,6.39,N
35.56385,44.28409,308.39,0.39,0.36,2026-06-20,2307,N,VIIRS,n,2.0NRT,298.08,1.72,N
35.56561,43.88075,321.89,0.39,0.36,2026-06-20,2307,N,VIIRS,n,2.0NRT,302.25,1.83,N
35.56662,44.32938,310.17,0.39,0.36,2026-06-20,2307,N,VIIRS,n,2.0NRT,298.96,2.05,N
35.56702,43.87225,313.6,0.39,0.36,2026-06-20,2307,N,VIIRS,n,2.0NRT,301.04,3.82,N
35.56892,43.88155,312.38,0.39,0.36,2026-06-20,2307,N,VIIRS,n,2.0NRT,301.03,1.83,N
35.57103,43.86882,319.75,0.39,0.36,2026-06-20,2307,N,VIIRS,n,2.0NRT,301.38,3.58,N
35.57223,43.88235,331.48,0.39,0.36,2026-06-20,2307,N,VIIRS,n,2.0NRT,302.85,4.27,N
35.57293,43.8781,335.69,0.39,0.36,2026-06-20,2307,N,VIIRS,n,2.0NRT,302.56,3.66,N
35.57624,43.8789,340.11,0.39,0.36,2026-06-20,2307,N,VIIRS,n,2.0NRT,302.41,3.66,N
35.57694,43.87466,317.33,0.39,0.36,2026-06-20,2307,N,VIIRS,n,2.0NRT,300.49,3.66,N
35.57973,43.85771,314.59,0.39,0.36,2026-06-20,2307,N,VIIRS,n,2.0NRT,300.4,2.95,N
35.58024,43.87546,348.46,0.39,0.36,2026-06-20,2307,N,VIIRS,n,2.0NRT,302.87,6.62,N
35.58425,43.87203,319.97,0.39,0.36,2026-06-20,2307,N,VIIRS,n,2.0NRT,300.43,1.95,N
35.58495,43.86779,312.65,0.39,0.36,2026-06-20,2307,N,VIIRS,n,2.0NRT,299.7,1.95,N
35.58635,43.85931,311.98,0.39,0.36,2026-06-20,2307,N,VIIRS,n,2.0NRT,300.04,2.41,N
35.59575,43.84399,313.75,0.39,0.36,2026-06-20,2307,N,VIIRS,n,2.0NRT,300.33,2.28,N
35.59905,43.84479,315.98,0.39,0.36,2026-06-20,2307,N,VIIRS,n,2.0NRT,300.38,2.03,N
35.59975,43.84056,320.06,0.39,0.36,2026-06-20,2307,N,VIIRS,n,2.0NRT,300.38,2.04,N
35.60375,43.83713,313.77,0.39,0.36,2026-06-20,2307,N,VIIRS,n,2.0NRT,300.4,2.04,N
35.60706,43.83792,313.34,0.39,0.36,2026-06-20,2307,N,VIIRS,n,2.0NRT,300.74,1.4,N
35.60966,43.84297,314.35,0.39,0.36,2026-06-20,2307,N,VIIRS,n,2.0NRT,299.59,1.4,N
35.62737,44.00662,317.55,0.39,0.36,2026-06-20,2307,N,VIIRS,n,2.0NRT,298.6,15.71,N
35.62997,44.0117,317.08,0.39,0.36,2026-06-20,2307,N,VIIRS,n,2.0NRT,299.72,7.91,N
35.63068,44.00745,332.86,0.39,0.36,2026-06-20,2307,N,VIIRS,n,2.0NRT,316.69,15.71,N
35.66371,43.96499,336.05,0.39,0.36,2026-06-20,2307,N,VIIRS,n,2.0NRT,311.28,24.33,N
35.67791,44.06606,316.88,0.39,0.36,2026-06-20,2307,N,VIIRS,n,2.0NRT,299.08,2.81,N
35.68507,43.87743,326.89,0.39,0.36,2026-06-20,2307,N,VIIRS,n,2.0NRT,324.77,42.04,N
35.68578,43.87319,323.79,0.39,0.36,2026-06-20,2307,N,VIIRS,n,2.0NRT,297.55,42.04,N
35.68838,43.87825,316.41,0.39,0.36,2026-06-20,2307,N,VIIRS,n,2.0NRT,297.66,2.19,N
35.72327,44.0418,331.29,0.39,0.36,2026-06-20,2307,N,VIIRS,n,2.0NRT,301.62,19.32,N
35.72398,44.03754,313.88,0.39,0.36,2026-06-20,2307,N,VIIRS,n,2.0NRT,301.01,4.47,N
35.72728,44.03836,318.07,0.39,0.36,2026-06-20,2307,N,VIIRS,n,2.0NRT,301.21,4.47,N
35.72799,44.0341,317.08,0.39,0.36,2026-06-20,2307,N,VIIRS,n,2.0NRT,300.7,4.47,N
35.73129,44.03491,328.1,0.39,0.36,2026-06-20,2307,N,VIIRS,n,2.0NRT,302.09,3.12,N
35.77131,43.995,325.05,0.39,0.36,2026-06-20,2307,N,VIIRS,n,2.0NRT,300.4,3.89,N
35.77462,43.99581,331.8,0.39,0.36,2026-06-20,2307,N,VIIRS,n,2.0NRT,303.17,3.89,N
35.78978,43.25221,315.69,0.38,0.36,2026-06-20,2307,N,VIIRS,n,2.0NRT,300.07,1.88,N
35.95457,43.72885,316.57,0.39,0.36,2026-06-20,2307,N,VIIRS,n,2.0NRT,297.72,2.39,N
35.96883,43.76767,312.46,0.39,0.36,2026-06-20,2307,N,VIIRS,n,2.0NRT,300.89,2.24,N
35.96952,43.76342,313.45,0.39,0.36,2026-06-20,2307,N,VIIRS,n,2.0NRT,300.68,2.24,N
35.97473,43.77357,316.68,0.39,0.36,2026-06-20,2307,N,VIIRS,n,2.0NRT,300.11,3.14,N
35.98202,43.77096,333.59,0.39,0.36,2026-06-20,2307,N,VIIRS,n,2.0NRT,307.1,10.01,N
35.99728,43.76147,323.26,0.39,0.36,2026-06-20,2307,N,VIIRS,n,2.0NRT,299.66,2.66,N
36.00058,43.76229,337.28,0.39,0.36,2026-06-20,2307,N,VIIRS,n,2.0NRT,302.2,4.92,N
36.01696,43.68244,304.3,0.39,0.36,2026-06-20,2307,N,VIIRS,n,2.0NRT,293.61,0.69,N
36.01985,43.68134,328.76,0.39,0.36,2026-06-20,2307,N,VIIRS,n,2.0NRT,297.96,2.44,N
36.08482,43.63995,307.66,0.38,0.36,2026-06-20,2307,N,VIIRS,n,2.0NRT,294.61,0.94,N
36.10006,43.63045,307.77,0.38,0.36,2026-06-20,2307,N,VIIRS,n,2.0NRT,295.26,0.81,N
36.126,43.78053,317.5,0.39,0.36,2026-06-20,2307,N,VIIRS,n,2.0NRT,295.4,2.82,N
36.13271,40.81074,318.49,0.42,0.37,2026-06-20,2307,N,VIIRS,n,2.0NRT,296.71,1.81,N
36.20242,43.60491,329.75,0.38,0.36,2026-06-20,2307,N,VIIRS,n,2.0NRT,295.79,2.36,N
36.20503,43.60997,318.52,0.38,0.36,2026-06-20,2307,N,VIIRS,n,2.0NRT,294.82,2.36,N
36.20572,43.60572,329.42,0.38,0.36,2026-06-20,2307,N,VIIRS,n,2.0NRT,297.26,2.36,N
36.26091,43.36758,330.63,0.38,0.36,2026-06-20,2307,N,VIIRS,n,2.0NRT,297.74,2.59,N
36.26159,43.36332,322.29,0.38,0.36,2026-06-20,2307,N,VIIRS,n,2.0NRT,296.02,2.59,N
36.26438,33.73043,310.15,0.59,0.53,2026-06-20,2307,N,VIIRS,n,2.0NRT,294.64,1.43,N
36.28815,36.48438,304.83,0.42,0.45,2026-06-20,2307,N,VIIRS,n,2.0NRT,292.27,0.6,N
36.33868,43.28302,316.51,0.38,0.36,2026-06-20,2307,N,VIIRS,n,2.0NRT,297.3,1.52,N
36.34259,36.40871,331.47,0.43,0.46,2026-06-20,2307,N,VIIRS,n,2.0NRT,293.72,2.35,N
36.34681,36.40936,316.89,0.43,0.46,2026-06-20,2307,N,VIIRS,n,2.0NRT,293.83,2.35,N
36.34728,36.40456,310.38,0.43,0.46,2026-06-20,2307,N,VIIRS,n,2.0NRT,293.78,1.81,N
36.37207,43.07017,310.17,0.38,0.36,2026-06-20,2307,N,VIIRS,n,2.0NRT,296.26,1.46,N
36.66187,43.47147,306.96,0.38,0.36,2026-06-20,2307,N,VIIRS,n,2.0NRT,291.09,0.54,N
36.72166,39.0135,322.11,0.48,0.4,2026-06-20,2307,N,VIIRS,n,2.0NRT,289.2,2.23,N
36.73015,39.03736,329.01,0.48,0.4,2026-06-20,2307,N,VIIRS,n,2.0NRT,287.81,6.17,N
36.73385,39.03806,345.17,0.48,0.4,2026-06-20,2307,N,VIIRS,n,2.0NRT,294.59,6.17,N
36.7345,39.03262,301.97,0.48,0.4,2026-06-20,2307,N,VIIRS,n,2.0NRT,289.95,3.73,N
36.73473,38.99921,334.5,0.49,0.4,2026-06-20,2307,N,VIIRS,n,2.0NRT,292.14,26.28,N
36.73539,38.99376,334.2,0.49,0.4,2026-06-20,2307,N,VIIRS,n,2.0NRT,298.75,26.28,N
36.73605,38.98829,333.08,0.49,0.4,2026-06-20,2307,N,VIIRS,n,2.0NRT,294.0,11.96,N
36.7367,38.98283,312.26,0.49,0.4,2026-06-20,2307,N,VIIRS,n,2.0NRT,292.22,11.96,N
36.73736,38.97737,331.36,0.49,0.4,2026-06-20,2307,N,VIIRS,n,2.0NRT,292.0,6.07,N
36.73802,39.45489,321.53,0.47,0.39,2026-06-20,2307,N,VIIRS,n,2.0NRT,290.97,4.44,N
36.73845,38.99991,330.42,0.49,0.4,2026-06-20,2307,N,VIIRS,n,2.0NRT,292.46,26.28,N
36.7391,38.99445,330.13,0.49,0.4,2026-06-20,2307,N,VIIRS,n,2.0NRT,308.84,26.28,N
36.73975,38.98899,331.59,0.49,0.4,2026-06-20,2307,N,VIIRS,n,2.0NRT,291.51,11.96,N
36.74041,38.98352,352.67,0.49,0.4,2026-06-20,2307,N,VIIRS,n,2.0NRT,296.36,11.96,N
36.74107,38.97805,307.96,0.49,0.4,2026-06-20,2307,N,VIIRS,n,2.0NRT,289.68,6.07,N
36.74165,39.45559,336.24,0.47,0.39,2026-06-20,2307,N,VIIRS,n,2.0NRT,304.19,23.29,N
36.74229,39.45036,309.18,0.47,0.39,2026-06-20,2307,N,VIIRS,n,2.0NRT,289.83,23.29,N
36.74454,39.01221,327.67,0.48,0.4,2026-06-20,2307,N,VIIRS,n,2.0NRT,291.54,4.56,N
36.7452,39.00675,327.8,0.49,0.4,2026-06-20,2307,N,VIIRS,n,2.0NRT,289.68,4.56,N
36.78797,38.998,309.96,0.49,0.4,2026-06-20,2307,N,VIIRS,n,2.0NRT,290.28,3.46,N
36.78875,38.99897,315.09,0.49,0.4,2026-06-20,2307,N,VIIRS,n,2.0NRT,291.14,1.86,N
36.78939,38.9935,315.89,0.49,0.4,2026-06-20,2307,N,VIIRS,n,2.0NRT,290.02,2.89,N
36.79234,38.99322,335.07,0.49,0.4,2026-06-20,2307,N,VIIRS,n,2.0NRT,291.86,3.46,N
36.7931,38.99419,329.05,0.49,0.4,2026-06-20,2307,N,VIIRS,n,2.0NRT,291.65,2.89,N
36.79682,38.99488,309.46,0.49,0.4,2026-06-20,2307,N,VIIRS,n,2.0NRT,289.11,1.71,N
36.79746,38.98941,317.57,0.49,0.4,2026-06-20,2307,N,VIIRS,n,2.0NRT,290.7,1.71,N
36.80198,37.02041,302.79,0.4,0.44,2026-06-20,2307,N,VIIRS,n,2.0NRT,292.67,0.64,N
36.86708,43.00837,305.55,0.39,0.36,2026-06-20,2307,N,VIIRS,n,2.0NRT,294.92,1.29,N
36.86933,34.76067,310.23,0.53,0.5,2026-06-20,2307,N,VIIRS,n,2.0NRT,293.01,1.91,N
36.87221,39.15393,305.87,0.48,0.4,2026-06-20,2307,N,VIIRS,n,2.0NRT,291.84,1.05,N
36.87401,39.15561,331.17,0.48,0.4,2026-06-20,2307,N,VIIRS,n,2.0NRT,292.48,3.52,N
36.87589,39.15462,330.63,0.48,0.4,2026-06-20,2307,N,VIIRS,n,2.0NRT,291.89,3.27,N
36.88589,38.8536,313.26,0.49,0.41,2026-06-20,2307,N,VIIRS,n,2.0NRT,298.42,22.34,N
36.88655,38.84804,331.31,0.49,0.41,2026-06-20,2307,N,VIIRS,n,2.0NRT,296.87,22.34,N
36.88695,39.09555,302.4,0.48,0.4,2026-06-20,2307,N,VIIRS,n,2.0NRT,288.7,1.16,N
36.8879,43.02097,307.22,0.39,0.36,2026-06-20,2307,N,VIIRS,n,2.0NRT,293.83,0.66,N
36.88847,39.09714,309.4,0.48,0.4,2026-06-20,2307,N,VIIRS,n,2.0NRT,288.62,1.3,N
36.88963,38.8543,309.39,0.49,0.41,2026-06-20,2307,N,VIIRS,n,2.0NRT,293.88,6.5,N
36.89029,38.84874,335.07,0.49,0.41,2026-06-20,2307,N,VIIRS,n,2.0NRT,298.59,6.5,N
36.89234,43.43143,308.86,0.38,0.36,2026-06-20,2307,N,VIIRS,n,2.0NRT,292.11,1.18,N
36.89301,43.42715,321.79,0.38,0.36,2026-06-20,2307,N,VIIRS,n,2.0NRT,291.32,1.18,N
36.91176,38.89245,305.0,0.49,0.4,2026-06-20,2307,N,VIIRS,n,2.0NRT,292.03,0.77,N
36.91495,41.89369,304.99,0.4,0.37,2026-06-20,2307,N,VIIRS,n,2.0NRT,289.65,0.32,N
36.93248,40.08794,302.19,0.44,0.39,2026-06-20,2307,N,VIIRS,n,2.0NRT,291.84,1.11,N
36.93475,36.00129,304.68,0.45,0.47,2026-06-20,2307,N,VIIRS,n,2.0NRT,292.35,1.35,N
36.93681,39.55619,322.96,0.46,0.39,2026-06-20,2307,N,VIIRS,n,2.0NRT,292.05,2.02,N
36.93741,39.55416,336.0,0.46,0.39,2026-06-20,2307,N,VIIRS,n,2.0NRT,292.77,4.21,N
36.93744,39.55095,316.1,0.46,0.39,2026-06-20,2307,N,VIIRS,n,2.0NRT,291.03,1.68,N
36.93848,42.12101,303.89,0.39,0.36,2026-06-20,2307,N,VIIRS,n,2.0NRT,291.66,0.71,N
36.94107,39.55167,319.68,0.46,0.39,2026-06-20,2307,N,VIIRS,n,2.0NRT,289.68,1.68,N
36.94118,42.12619,307.35,0.39,0.36,2026-06-20,2307,N,VIIRS,n,2.0NRT,292.92,0.71,N
36.94144,42.1717,327.25,0.39,0.36,2026-06-20,2307,N,VIIRS,n,2.0NRT,293.83,2.36,N
36.94281,38.89372,328.52,0.49,0.4,2026-06-20,2307,N,VIIRS,n,2.0NRT,294.9,12.28,N
36.94346,38.88817,344.94,0.49,0.41,2026-06-20,2307,N,VIIRS,n,2.0NRT,296.5,12.28,N
36.94654,38.89442,325.13,0.49,0.4,2026-06-20,2307,N,VIIRS,n,2.0NRT,294.15,7.63,N
36.94719,38.88887,343.65,0.49,0.41,2026-06-20,2307,N,VIIRS,n,2.0NRT,297.51,7.63,N
36.94722,42.13212,336.97,0.39,0.36,2026-06-20,2307,N,VIIRS,n,2.0NRT,300.21,6.76,N
36.94856,42.78061,306.95,0.39,0.36,2026-06-20,2307,N,VIIRS,n,2.0NRT,295.46,0.6,N
36.96215,42.05334,301.74,0.39,0.37,2026-06-20,2307,N,VIIRS,n,2.0NRT,291.21,0.32,N
36.98125,39.14247,330.76,0.48,0.4,2026-06-20,2307,N,VIIRS,n,2.0NRT,290.96,3.27,N
36.98192,39.13704,320.49,0.48,0.4,2026-06-20,2307,N,VIIRS,n,2.0NRT,289.98,3.2,N
36.98238,39.14459,317.02,0.48,0.4,2026-06-20,2307,N,VIIRS,n,2.0NRT,289.43,6.91,N
36.98302,39.13915,346.66,0.48,0.4,2026-06-20,2307,N,VIIRS,n,2.0NRT,294.57,6.91,N
36.98494,39.14317,343.69,0.48,0.4,2026-06-20,2307,N,VIIRS,n,2.0NRT,292.66,5.68,N
36.98561,39.13773,316.0,0.48,0.4,2026-06-20,2307,N,VIIRS,n,2.0NRT,290.33,2.72,N
36.98608,39.1453,300.15,0.48,0.4,2026-06-20,2307,N,VIIRS,n,2.0NRT,289.4,1.12,N
36.98672,39.13985,316.23,0.48,0.4,2026-06-20,2307,N,VIIRS,n,2.0NRT,290.76,1.12,N
37.0077,42.07285,306.22,0.39,0.37,2026-06-20,2307,N,VIIRS,n,2.0NRT,292.95,0.67,N
37.06141,41.84908,304.84,0.4,0.37,2026-06-20,2307,N,VIIRS,n,2.0NRT,291.61,0.57,N
37.29388,37.15658,320.23,0.4,0.44,2026-06-20,2307,N,VIIRS,n,2.0NRT,293.85,1.72,N
37.35407,37.16384,303.42,0.4,0.44,2026-06-20,2307,N,VIIRS,n,2.0NRT,291.99,0.92,N
37.46782,39.14777,309.05,0.49,0.4,2026-06-20,2307,N,VIIRS,n,2.0NRT,289.61,0.92,N
39.48474,30.03793,302.14,0.32,0.55,2026-06-21,45,N,VIIRS,n,2.0NRT,282.38,1.18,N
39.48607,30.04036,313.81,0.32,0.55,2026-06-21,45,N,VIIRS,n,2.0NRT,284.28,1.23,N
39.90178,28.86931,299.36,0.55,0.51,2026-06-21,45,N,VIIRS,n,2.0NRT,282.95,0.49,N
40.08303,32.79766,314.07,0.43,0.62,2026-06-21,45,N,VIIRS,n,2.0NRT,281.74,1.77,N
40.08419,32.79882,303.28,0.43,0.62,2026-06-21,45,N,VIIRS,n,2.0NRT,281.37,1.13,N
40.08558,32.79403,297.21,0.43,0.62,2026-06-21,45,N,VIIRS,n,2.0NRT,281.33,1.42,N
40.75712,29.761,302.95,0.58,0.52,2026-06-21,45,N,VIIRS,n,2.0NRT,289.68,1.99,N
41.17567,32.63118,304.54,0.39,0.59,2026-06-21,45,N,VIIRS,n,2.0NRT,285.64,1.08,N
41.18081,32.63406,298.38,0.39,0.59,2026-06-21,45,N,VIIRS,n,2.0NRT,285.9,1.69,N
41.24175,36.46225,310.17,0.59,0.7,2026-06-21,45,N,VIIRS,n,2.0NRT,284.75,2.66,N
41.24308,36.46089,316.03,0.59,0.7,2026-06-21,45,N,VIIRS,n,2.0NRT,285.55,2.11,N
41.253,31.41187,301.85,0.34,0.56,2026-06-21,45,N,VIIRS,n,2.0NRT,287.11,1.11,N
41.25434,31.41294,310.25,0.34,0.56,2026-06-21,45,N,VIIRS,n,2.0NRT,287.54,1.24,N
41.2554,31.40905,317.66,0.34,0.56,2026-06-21,45,N,VIIRS,n,2.0NRT,287.61,1.24,N
41.25786,31.41456,309.89,0.34,0.56,2026-06-21,45,N,VIIRS,n,2.0NRT,287.41,1.04,N
41.25866,31.43242,300.68,0.34,0.56,2026-06-21,45,N,VIIRS,n,2.0NRT,287.83,0.62,N
41.2589,31.41064,303.81,0.34,0.56,2026-06-21,45,N,VIIRS,n,2.0NRT,286.96,1.04,N
41.25965,31.42868,301.25,0.34,0.56,2026-06-21,45,N,VIIRS,n,2.0NRT,288.49,0.62,N
41.26208,31.42549,300.04,0.34,0.56,2026-06-21,45,N,VIIRS,n,2.0NRT,289.61,0.71,N
41.26314,31.42158,302.53,0.34,0.56,2026-06-21,45,N,VIIRS,n,2.0NRT,288.72,0.71,N
41.26809,31.4239,306.52,0.34,0.56,2026-06-21,45,N,VIIRS,n,2.0NRT,290.24,0.95,N
37.25151,30.44099,303.47,0.39,0.59,2026-06-21,48,N,VIIRS,n,2.0NRT,283.18,0.88,N
37.25317,30.43901,297.38,0.39,0.59,2026-06-21,48,N,VIIRS,n,2.0NRT,283.67,1.0,N
38.65839,30.61797,304.63,0.36,0.58,2026-06-21,48,N,VIIRS,n,2.0NRT,283.55,1.13,N
38.66182,30.61742,297.87,0.36,0.58,2026-06-21,48,N,VIIRS,n,2.0NRT,282.71,0.5,N
38.73531,26.96552,304.46,0.47,0.48,2026-06-21,48,N,VIIRS,n,2.0NRT,290.56,0.83,N
38.739,26.94964,306.58,0.47,0.48,2026-06-21,48,N,VIIRS,n,2.0NRT,290.56,2.75,N
38.74327,26.95131,322.6,0.47,0.48,2026-06-21,48,N,VIIRS,n,2.0NRT,291.98,2.98,N
38.75553,26.93857,308.84,0.47,0.48,2026-06-21,48,N,VIIRS,n,2.0NRT,289.47,0.68,N
39.09481,27.51018,301.14,0.49,0.49,2026-06-21,48,N,VIIRS,n,2.0NRT,288.82,1.22,N
39.11525,27.52439,299.38,0.49,0.49,2026-06-21,48,N,VIIRS,n,2.0NRT,288.87,0.77,N
39.86472,26.24178,309.41,0.41,0.45,2026-06-21,48,N,VIIRS,n,2.0NRT,291.23,1.39,N
39.86872,26.24337,299.66,0.41,0.45,2026-06-21,48,N,VIIRS,n,2.0NRT,289.51,0.47,N
35.62761,44.00965,367.0,0.45,0.39,2026-06-21,1028,N,VIIRS,h,2.0NRT,338.38,15.28,D
35.68409,43.87727,367.0,0.45,0.39,2026-06-21,1028,N,VIIRS,h,2.0NRT,345.84,22.21,D
35.72437,44.03978,367.0,0.45,0.39,2026-06-21,1028,N,VIIRS,h,2.0NRT,329.21,16.73,D
36.09709,43.94199,367.0,0.45,0.39,2026-06-21,1028,N,VIIRS,h,2.0NRT,331.24,13.14,D
36.10067,43.94133,351.48,0.45,0.39,2026-06-21,1028,N,VIIRS,n,2.0NRT,325.59,13.14,D
36.10788,44.08974,349.47,0.46,0.39,2026-06-21,1028,N,VIIRS,n,2.0NRT,324.45,4.46,D
36.18245,42.92293,356.59,0.42,0.38,2026-06-21,1028,N,VIIRS,n,2.0NRT,319.59,99.89,D
36.18529,42.91757,367.0,0.42,0.38,2026-06-21,1028,N,VIIRS,h,2.0NRT,354.28,65.35,D
36.18652,42.92691,347.22,0.42,0.38,2026-06-21,1028,N,VIIRS,n,2.0NRT,315.49,99.89,D
36.18935,42.92155,367.0,0.42,0.38,2026-06-21,1028,N,VIIRS,h,2.0NRT,366.53,143.75,D
36.18973,42.89754,356.08,0.42,0.38,2026-06-21,1028,N,VIIRS,n,2.0NRT,328.82,27.31,D
36.19034,42.9022,354.91,0.42,0.38,2026-06-21,1028,N,VIIRS,n,2.0NRT,329.0,16.9,D
36.19096,42.90686,367.0,0.42,0.38,2026-06-21,1028,N,VIIRS,h,2.0NRT,331.73,16.9,D
36.19219,42.91619,367.0,0.42,0.38,2026-06-21,1028,N,VIIRS,h,2.0NRT,365.7,52.68,D
36.1944,42.90617,356.49,0.42,0.38,2026-06-21,1028,N,VIIRS,n,2.0NRT,328.33,14.08,D
36.19502,42.91083,367.0,0.42,0.38,2026-06-21,1028,N,VIIRS,h,2.0NRT,350.94,120.92,D
36.19563,42.9155,367.0,0.42,0.38,2026-06-21,1028,N,VIIRS,h,2.0NRT,371.81,120.92,D
36.19625,42.92017,347.74,0.42,0.38,2026-06-21,1028,N,VIIRS,n,2.0NRT,315.09,44.4,D
36.19822,42.8815,355.7,0.42,0.38,2026-06-21,1028,N,VIIRS,n,2.0NRT,329.96,12.56,D
36.19847,42.91014,367.0,0.42,0.38,2026-06-21,1028,N,VIIRS,h,2.0NRT,341.47,120.92,D
36.19909,42.91481,354.3,0.42,0.38,2026-06-21,1028,N,VIIRS,n,2.0NRT,316.31,120.92,D
36.20131,42.90479,367.0,0.42,0.38,2026-06-21,1028,N,VIIRS,h,2.0NRT,362.76,61.91,D
36.20192,42.90945,351.98,0.42,0.38,2026-06-21,1028,N,VIIRS,n,2.0NRT,315.11,40.74,D
36.20475,42.9041,353.94,0.42,0.38,2026-06-21,1028,N,VIIRS,n,2.0NRT,321.45,61.91,D
36.20918,42.88408,367.0,0.42,0.38,2026-06-21,1028,N,VIIRS,h,2.0NRT,331.75,7.08,D
36.2098,42.88873,353.57,0.42,0.38,2026-06-21,1028,N,VIIRS,n,2.0NRT,325.17,19.91,D
36.21201,42.87873,367.0,0.42,0.38,2026-06-21,1028,N,VIIRS,h,2.0NRT,325.64,16.62,D
36.26091,41.76309,350.61,0.4,0.37,2026-06-21,1028,N,VIIRS,n,2.0NRT,325.46,4.27,D
36.26153,41.76748,356.34,0.4,0.37,2026-06-21,1028,N,VIIRS,n,2.0NRT,327.87,42.33,D
36.26488,41.76675,367.0,0.4,0.37,2026-06-21,1028,N,VIIRS,h,2.0NRT,342.17,42.33,D
36.2655,41.77114,367.0,0.4,0.37,2026-06-21,1028,N,VIIRS,h,2.0NRT,344.55,42.33,D
36.30889,43.31424,355.1,0.43,0.38,2026-06-21,1028,N,VIIRS,n,2.0NRT,329.43,18.73,D
36.3124,43.31356,367.0,0.43,0.38,2026-06-21,1028,N,VIIRS,h,2.0NRT,346.1,30.98,D
36.31301,43.31838,367.0,0.43,0.38,2026-06-21,1028,N,VIIRS,h,2.0NRT,346.57,69.41,D
36.31529,43.30808,367.0,0.43,0.38,2026-06-21,1028,N,VIIRS,h,2.0NRT,333.19,30.98,D
36.3159,43.3129,367.0,0.43,0.38,2026-06-21,1028,N,VIIRS,h,2.0NRT,338.84,30.98,D
36.31651,43.31771,344.23,0.43,0.38,2026-06-21,1028,N,VIIRS,n,2.0NRT,318.79,69.41,D
36.31879,43.30741,367.0,0.43,0.38,2026-06-21,1028,N,VIIRS,h,2.0NRT,329.93,50.23,D
36.32168,43.30191,356.61,0.43,0.38,2026-06-21,1028,N,VIIRS,n,2.0NRT,326.19,15.66,D
36.34449,42.36486,367.0,0.41,0.37,2026-06-21,1028,N,VIIRS,h,2.0NRT,341.39,29.25,D
36.34789,42.36416,350.29,0.41,0.37,2026-06-21,1028,N,VIIRS,n,2.0NRT,321.38,29.25,D
36.37199,43.38617,367.0,0.44,0.38,2026-06-21,1028,N,VIIRS,h,2.0NRT,345.55,30.56,D
36.37612,43.39032,367.0,0.44,0.38,2026-06-21,1028,N,VIIRS,h,2.0NRT,330.95,30.56,D
36.37674,43.39516,350.3,0.44,0.38,2026-06-21,1028,N,VIIRS,n,2.0NRT,322.96,25.21,D
36.37881,42.91181,367.0,0.42,0.38,2026-06-21,1028,N,VIIRS,h,2.0NRT,328.36,25.86,D
36.37901,43.38478,367.0,0.44,0.38,2026-06-21,1028,N,VIIRS,h,2.0NRT,328.09,13.17,D
36.37904,42.94075,367.0,0.42,0.38,2026-06-21,1028,N,VIIRS,h,2.0NRT,334.75,39.17,D
36.38128,43.3744,356.32,0.44,0.38,2026-06-21,1028,N,VIIRS,n,2.0NRT,327.98,4.52,D
36.3819,43.37924,348.86,0.44,0.38,2026-06-21,1028,N,VIIRS,n,2.0NRT,323.55,4.52,D
36.3825,42.94007,349.23,0.42,0.38,2026-06-21,1028,N,VIIRS,n,2.0NRT,316.05,39.17,D
36.38411,42.92527,350.28,0.42,0.38,2026-06-21,1028,N,VIIRS,n,2.0NRT,320.02,19.63,D
36.38511,42.90576,351.83,0.42,0.38,2026-06-21,1028,N,VIIRS,n,2.0NRT,326.72,12.04,D
36.38696,42.91988,367.0,0.42,0.38,2026-06-21,1028,N,VIIRS,h,2.0NRT,325.91,32.62,D
36.38757,42.92459,367.0,0.42,0.38,2026-06-21,1028,N,VIIRS,h,2.0NRT,322.0,19.63,D
36.38918,42.90979,367.0,0.42,0.38,2026-06-21,1028,N,VIIRS,h,2.0NRT,327.56,18.92,D
36.3898,42.9145,367.0,0.42,0.38,2026-06-21,1028,N,VIIRS,h,2.0NRT,330.69,31.42,D
36.39326,42.91383,358.09,0.42,0.38,2026-06-21,1028,N,VIIRS,n,2.0NRT,330.33,31.42,D
36.3961,42.90844,353.54,0.42,0.38,2026-06-21,1028,N,VIIRS,n,2.0NRT,325.36,15.8,D
36.39894,42.90305,367.0,0.42,0.38,2026-06-21,1028,N,VIIRS,h,2.0NRT,326.65,15.8,D
36.49017,43.67241,353.57,0.45,0.39,2026-06-21,1028,N,VIIRS,n,2.0NRT,322.67,25.5,D
36.49604,42.55578,347.83,0.41,0.37,2026-06-21,1028,N,VIIRS,n,2.0NRT,320.95,1.88,D
36.60311,40.33361,367.0,0.38,0.36,2026-06-21,1028,N,VIIRS,h,2.0NRT,351.13,110.4,D
36.60376,40.33788,367.0,0.38,0.36,2026-06-21,1028,N,VIIRS,h,2.0NRT,362.94,110.4,D
36.60706,40.33711,353.39,0.38,0.36,2026-06-21,1028,N,VIIRS,n,2.0NRT,323.35,199.8,D
36.61834,36.47651,348.37,0.45,0.39,2026-06-21,1028,N,VIIRS,n,2.0NRT,315.27,11.16,D
36.67931,39.28538,367.0,0.39,0.36,2026-06-21,1028,N,VIIRS,h,2.0NRT,345.01,103.58,D
36.80929,41.51603,367.0,0.39,0.37,2026-06-21,1028,N,VIIRS,h,2.0NRT,340.82,32.31,D
36.81264,41.51529,351.26,0.39,0.37,2026-06-21,1028,N,VIIRS,n,2.0NRT,322.6,22.61,D
36.81536,41.51015,367.0,0.39,0.37,2026-06-21,1028,N,VIIRS,h,2.0NRT,331.2,22.61,D
36.81598,41.51456,356.83,0.39,0.37,2026-06-21,1028,N,VIIRS,n,2.0NRT,328.79,22.61,D
36.8187,41.50942,367.0,0.39,0.37,2026-06-21,1028,N,VIIRS,h,2.0NRT,327.01,15.46,D
36.83382,28.19828,332.16,0.38,0.59,2026-06-21,1028,N,VIIRS,n,2.0NRT,296.81,1.46,D
36.83693,38.99113,367.0,0.39,0.36,2026-06-21,1028,N,VIIRS,h,2.0NRT,349.94,99.46,D
36.86044,43.05637,349.42,0.43,0.38,2026-06-21,1028,N,VIIRS,n,2.0NRT,317.92,11.32,D
36.86391,43.05557,367.0,0.43,0.38,2026-06-21,1028,N,VIIRS,h,2.0NRT,325.87,11.32,D
36.8674,43.05489,346.32,0.43,0.38,2026-06-21,1028,N,VIIRS,n,2.0NRT,321.29,6.91,D
36.87822,30.96232,337.62,0.54,0.51,2026-06-21,1028,N,VIIRS,n,2.0NRT,303.73,4.05,D
36.8876,31.08634,338.46,0.53,0.5,2026-06-21,1028,N,VIIRS,n,2.0NRT,303.6,3.94,D
37.05605,35.9161,349.15,0.47,0.39,2026-06-21,1028,N,VIIRS,n,2.0NRT,309.4,9.55,D
37.96779,28.95415,331.38,0.32,0.55,2026-06-21,1028,N,VIIRS,n,2.0NRT,299.56,1.46,D
39.89884,41.29618,338.42,0.41,0.37,2026-06-21,1028,N,VIIRS,n,2.0NRT,305.87,5.3,D
40.04638,28.42546,354.86,0.61,0.53,2026-06-21,1030,N,VIIRS,n,2.0NRT,303.4,18.85,D
40.04801,28.42388,349.45,0.61,0.53,2026-06-21,1030,N,VIIRS,n,2.0NRT,304.9,21.22,D
40.04979,28.43077,338.58,0.61,0.53,2026-06-21,1030,N,VIIRS,n,2.0NRT,302.85,11.29,D
40.05285,28.43035,347.67,0.61,0.53,2026-06-21,1030,N,VIIRS,n,2.0NRT,304.94,18.85,D
40.05452,28.42875,346.95,0.61,0.53,2026-06-21,1030,N,VIIRS,n,2.0NRT,303.38,8.24,D
40.40899,29.10931,336.48,0.55,0.51,2026-06-21,1030,N,VIIRS,n,2.0NRT,303.83,8.52,D
40.88293,29.44138,333.55,0.52,0.5,2026-06-21,1030,N,VIIRS,n,2.0NRT,302.35,2.62,D
37.63067,27.33733,337.18,0.44,0.62,2026-06-21,1210,N,VIIRS,n,2.0NRT,301.48,4.8,D
38.563,26.93149,331.97,0.43,0.62,2026-06-21,1210,N,VIIRS,n,2.0NRT,301.03,1.03,D
41.02805,36.0963,295.27,0.44,0.62,2026-06-21,2246,N,VIIRS,n,2.0NRT,284.49,0.46,N
41.10846,37.32275,298.02,0.38,0.59,2026-06-21,2246,N,VIIRS,n,2.0NRT,287.44,0.47,N
41.10858,37.32229,298.74,0.38,0.59,2026-06-21,2246,N,VIIRS,n,2.0NRT,287.45,0.5,N
41.17971,32.63353,300.28,0.66,0.73,2026-06-21,2246,N,VIIRS,n,2.0NRT,287.1,2.29,N
41.2641,31.41972,305.67,0.76,0.77,2026-06-21,2246,N,VIIRS,n,2.0NRT,288.02,2.32,N
41.26474,31.4212,308.46,0.76,0.77,2026-06-21,2246,N,VIIRS,n,2.0NRT,288.68,1.9,N
41.27137,31.42968,298.21,0.76,0.77,2026-06-21,2246,N,VIIRS,n,2.0NRT,286.54,2.32,N
41.27204,31.42139,297.22,0.76,0.77,2026-06-21,2246,N,VIIRS,n,2.0NRT,286.74,1.9,N
35.52835,44.342,321.04,0.45,0.39,2026-06-21,2248,N,VIIRS,n,2.0NRT,296.95,3.29,N
35.53256,44.33773,333.89,0.45,0.39,2026-06-21,2248,N,VIIRS,n,2.0NRT,300.38,6.1,N
35.53612,44.33845,330.22,0.45,0.39,2026-06-21,2248,N,VIIRS,n,2.0NRT,296.76,3.84,N
35.62969,44.01038,367.0,0.46,0.39,2026-06-21,2248,N,VIIRS,h,2.0NRT,312.13,30.69,N
35.62975,44.01203,308.19,0.46,0.39,2026-06-21,2248,N,VIIRS,n,2.0NRT,296.61,27.74,N
35.63035,44.00525,331.59,0.46,0.39,2026-06-21,2248,N,VIIRS,n,2.0NRT,297.99,26.88,N
35.63039,44.00689,327.51,0.46,0.39,2026-06-21,2248,N,VIIRS,n,2.0NRT,312.48,27.74,N
35.66145,43.96564,333.25,0.46,0.39,2026-06-21,2248,N,VIIRS,n,2.0NRT,301.14,10.14,N
35.66507,43.96635,331.79,0.46,0.39,2026-06-21,2248,N,VIIRS,n,2.0NRT,303.7,10.14,N
35.67828,44.06834,312.22,0.46,0.39,2026-06-21,2248,N,VIIRS,n,2.0NRT,297.68,1.71,N
35.67893,44.06322,309.03,0.46,0.39,2026-06-21,2248,N,VIIRS,n,2.0NRT,297.68,2.13,N
35.68127,36.70815,336.29,0.37,0.58,2026-06-21,2248,N,VIIRS,n,2.0NRT,292.51,2.82,N
35.68155,36.70401,311.59,0.37,0.58,2026-06-21,2248,N,VIIRS,n,2.0NRT,291.54,3.15,N
35.68327,36.70641,345.09,0.37,0.58,2026-06-21,2248,N,VIIRS,n,2.0NRT,293.13,2.94,N
35.68385,43.87466,342.85,0.47,0.4,2026-06-21,2248,N,VIIRS,n,2.0NRT,298.93,19.16,N
35.68684,43.88054,309.88,0.47,0.4,2026-06-21,2248,N,VIIRS,n,2.0NRT,297.99,4.89,N
35.68748,43.87536,330.08,0.47,0.4,2026-06-21,2248,N,VIIRS,n,2.0NRT,316.16,61.18,N
35.72614,44.04121,339.61,0.46,0.39,2026-06-21,2248,N,VIIRS,n,2.0NRT,304.33,17.93,N
35.73067,44.03296,333.09,0.46,0.39,2026-06-21,2248,N,VIIRS,n,2.0NRT,297.01,3.8,N
35.73107,44.03167,334.56,0.46,0.39,2026-06-21,2248,N,VIIRS,n,2.0NRT,296.7,4.25,N
35.7726,43.99377,337.41,0.46,0.39,2026-06-21,2248,N,VIIRS,n,2.0NRT,300.35,7.74,N
35.95383,43.73043,311.11,0.48,0.4,2026-06-21,2248,N,VIIRS,n,2.0NRT,297.35,1.64,N
35.95449,43.72506,309.19,0.48,0.4,2026-06-21,2248,N,VIIRS,n,2.0NRT,295.3,1.53,N
35.96825,43.76581,309.61,0.48,0.4,2026-06-21,2248,N,VIIRS,n,2.0NRT,299.16,3.6,N
35.97496,43.77229,313.04,0.48,0.4,2026-06-21,2248,N,VIIRS,n,2.0NRT,299.53,2.74,N
35.98114,43.76913,328.54,0.48,0.4,2026-06-21,2248,N,VIIRS,n,2.0NRT,300.53,5.2,N
35.98298,43.7683,340.33,0.48,0.4,2026-06-21,2248,N,VIIRS,n,2.0NRT,303.43,6.78,N
35.98481,43.76979,325.53,0.48,0.4,2026-06-21,2248,N,VIIRS,n,2.0NRT,299.23,3.63,N
36.0008,43.76183,324.44,0.48,0.4,2026-06-21,2248,N,VIIRS,n,2.0NRT,297.6,2.93,N
36.0178,43.68312,318.2,0.48,0.4,2026-06-21,2248,N,VIIRS,n,2.0NRT,295.46,1.42,N
36.07553,43.70465,328.08,0.48,0.4,2026-06-21,2248,N,VIIRS,n,2.0NRT,291.29,2.15,N
36.08345,43.64007,310.83,0.48,0.4,2026-06-21,2248,N,VIIRS,n,2.0NRT,294.43,1.03,N
36.09957,43.63201,310.84,0.48,0.4,2026-06-21,2248,N,VIIRS,n,2.0NRT,292.54,0.78,N
36.10156,43.62838,303.59,0.48,0.4,2026-06-21,2248,N,VIIRS,n,2.0NRT,293.32,0.79,N
36.11375,43.32638,305.89,0.5,0.41,2026-06-21,2248,N,VIIRS,n,2.0NRT,294.54,1.49,N
36.13018,40.81119,304.92,0.44,0.46,2026-06-21,2248,N,VIIRS,n,2.0NRT,294.23,1.25,N
36.2662,33.72511,308.38,0.55,0.68,2026-06-21,2248,N,VIIRS,n,2.0NRT,295.31,1.72,N
36.31269,43.75278,316.77,0.48,0.4,2026-06-21,2248,N,VIIRS,n,2.0NRT,296.94,2.24,N
36.38109,43.43121,331.42,0.5,0.41,2026-06-21,2248,N,VIIRS,n,2.0NRT,303.45,12.62,N
36.38179,43.42522,330.28,0.5,0.41,2026-06-21,2248,N,VIIRS,n,2.0NRT,300.38,12.62,N
36.38485,43.43171,329.39,0.5,0.41,2026-06-21,2248,N,VIIRS,n,2.0NRT,298.87,4.49,N
36.38554,43.42585,331.17,0.5,0.41,2026-06-21,2248,N,VIIRS,n,2.0NRT,299.58,4.49,N
36.51052,42.57199,306.78,0.55,0.42,2026-06-21,2248,N,VIIRS,n,2.0NRT,292.63,1.11,N
36.72918,39.03077,311.59,0.56,0.51,2026-06-21,2248,N,VIIRS,n,2.0NRT,289.34,2.72,N
36.73396,39.03138,323.39,0.56,0.51,2026-06-21,2248,N,VIIRS,n,2.0NRT,291.45,2.72,N
36.73447,39.02499,315.39,0.56,0.51,2026-06-21,2248,N,VIIRS,n,2.0NRT,289.78,2.72,N
36.76311,38.97041,314.29,0.56,0.52,2026-06-21,2248,N,VIIRS,n,2.0NRT,289.77,3.66,N
36.76363,38.96398,339.06,0.56,0.52,2026-06-21,2248,N,VIIRS,n,2.0NRT,290.03,3.66,N
36.76791,38.97102,307.83,0.56,0.52,2026-06-21,2248,N,VIIRS,n,2.0NRT,290.28,3.66,N
36.76844,38.96459,322.46,0.56,0.52,2026-06-21,2248,N,VIIRS,n,2.0NRT,290.23,3.66,N
36.79573,39.03933,320.93,0.56,0.51,2026-06-21,2248,N,VIIRS,n,2.0NRT,288.59,1.19,N
36.80021,37.01917,304.99,0.36,0.58,2026-06-21,2248,N,VIIRS,n,2.0NRT,294.01,0.55,N
36.8098,38.98282,300.29,0.56,0.52,2026-06-21,2248,N,VIIRS,n,2.0NRT,289.06,0.68,N
36.8101,39.04118,301.19,0.56,0.51,2026-06-21,2248,N,VIIRS,n,2.0NRT,288.55,0.46,N
36.8159,39.02901,306.94,0.56,0.52,2026-06-21,2248,N,VIIRS,n,2.0NRT,290.58,1.32,N
36.82792,39.12085,337.63,0.55,0.51,2026-06-21,2248,N,VIIRS,n,2.0NRT,290.01,4.59,N
36.82807,39.52076,304.42,0.53,0.5,2026-06-21,2248,N,VIIRS,n,2.0NRT,288.7,0.83,N
36.83269,39.12146,331.33,0.55,0.51,2026-06-21,2248,N,VIIRS,n,2.0NRT,291.15,4.59,N
36.84116,38.82961,319.67,0.58,0.52,2026-06-21,2248,N,VIIRS,n,2.0NRT,292.49,2.65,N
36.85163,38.88355,311.08,0.57,0.52,2026-06-21,2248,N,VIIRS,n,2.0NRT,289.42,1.98,N
36.85213,38.87703,306.97,0.57,0.52,2026-06-21,2248,N,VIIRS,n,2.0NRT,289.91,1.98,N
36.86872,38.85276,367.0,0.57,0.52,2026-06-21,2248,N,VIIRS,h,2.0NRT,294.71,13.76,N
36.86988,34.75811,304.03,0.48,0.65,2026-06-21,2248,N,VIIRS,n,2.0NRT,291.75,1.64,N
36.87557,39.06902,300.61,0.56,0.51,2026-06-21,2248,N,VIIRS,n,2.0NRT,286.98,0.73,N
36.87941,39.07063,305.38,0.56,0.51,2026-06-21,2248,N,VIIRS,n,2.0NRT,289.16,0.62,N
36.88224,39.09684,312.99,0.56,0.51,2026-06-21,2248,N,VIIRS,n,2.0NRT,289.35,2.06,N
36.88302,39.09579,315.26,0.56,0.51,2026-06-21,2248,N,VIIRS,n,2.0NRT,289.37,2.0,N
36.88398,40.18834,300.93,0.49,0.48,2026-06-21,2248,N,VIIRS,n,2.0NRT,289.19,0.83,N
36.88448,40.18284,313.68,0.49,0.48,2026-06-21,2248,N,VIIRS,n,2.0NRT,291.63,1.7,N
36.88616,40.18407,316.49,0.49,0.48,2026-06-21,2248,N,VIIRS,n,2.0NRT,291.81,1.6,N
36.89204,39.10338,300.59,0.56,0.51,2026-06-21,2248,N,VIIRS,n,2.0NRT,287.89,0.97,N
36.89258,38.89636,322.87,0.57,0.52,2026-06-21,2248,N,VIIRS,n,2.0NRT,290.61,2.64,N
36.89307,38.88983,310.78,0.57,0.52,2026-06-21,2248,N,VIIRS,n,2.0NRT,290.04,2.64,N
36.89418,43.42832,328.26,0.5,0.41,2026-06-21,2248,N,VIIRS,n,2.0NRT,292.24,2.67,N
36.8946,38.89564,323.43,0.57,0.52,2026-06-21,2248,N,VIIRS,n,2.0NRT,290.93,3.95,N
36.89513,38.88911,305.83,0.57,0.52,2026-06-21,2248,N,VIIRS,n,2.0NRT,290.57,2.0,N
36.89608,39.10506,329.62,0.56,0.51,2026-06-21,2248,N,VIIRS,n,2.0NRT,289.5,4.13,N
36.89643,38.91,321.43,0.57,0.52,2026-06-21,2248,N,VIIRS,n,2.0NRT,291.22,4.11,N
36.89838,38.90924,339.76,0.57,0.52,2026-06-21,2248,N,VIIRS,n,2.0NRT,292.56,9.93,N
36.90126,38.91059,333.77,0.57,0.52,2026-06-21,2248,N,VIIRS,n,2.0NRT,291.75,6.05,N
36.91632,41.89502,307.06,0.4,0.44,2026-06-21,2248,N,VIIRS,n,2.0NRT,291.65,0.81,N
36.9288,39.5787,300.21,0.52,0.5,2026-06-21,2248,N,VIIRS,n,2.0NRT,287.72,0.67,N
36.93809,42.11808,329.27,0.39,0.44,2026-06-21,2248,N,VIIRS,n,2.0NRT,295.6,3.02,N
36.94073,42.17163,314.9,0.38,0.44,2026-06-21,2248,N,VIIRS,n,2.0NRT,291.44,0.78,N
36.94475,42.1723,311.66,0.38,0.44,2026-06-21,2248,N,VIIRS,n,2.0NRT,292.99,0.56,N
36.94928,42.12893,338.9,0.39,0.44,2026-06-21,2248,N,VIIRS,n,2.0NRT,298.74,5.35,N
36.95008,38.91015,337.73,0.57,0.52,2026-06-21,2248,N,VIIRS,n,2.0NRT,291.19,5.03,N
36.95059,38.90367,315.91,0.57,0.52,2026-06-21,2248,N,VIIRS,n,2.0NRT,289.81,4.76,N
36.96157,42.0501,306.92,0.39,0.44,2026-06-21,2248,N,VIIRS,n,2.0NRT,291.45,0.49,N
36.96201,38.94453,300.68,0.57,0.52,2026-06-21,2248,N,VIIRS,n,2.0NRT,289.58,1.21,N
36.96241,42.08165,301.54,0.39,0.44,2026-06-21,2248,N,VIIRS,n,2.0NRT,290.68,0.34,N
36.96645,42.08233,300.41,0.39,0.44,2026-06-21,2248,N,VIIRS,n,2.0NRT,290.27,0.34,N
36.99448,40.14348,338.28,0.49,0.49,2026-06-21,2248,N,VIIRS,n,2.0NRT,289.17,3.14,N
36.99544,40.14394,337.84,0.49,0.49,2026-06-21,2248,N,VIIRS,n,2.0NRT,289.42,3.3,N
36.99591,40.13836,303.25,0.49,0.49,2026-06-21,2248,N,VIIRS,n,2.0NRT,287.91,3.3,N
36.99898,40.14413,308.84,0.49,0.49,2026-06-21,2248,N,VIIRS,n,2.0NRT,287.41,0.53,N
37.01328,41.58208,302.42,0.41,0.45,2026-06-21,2248,N,VIIRS,n,2.0NRT,291.2,0.5,N
37.13577,38.92699,356.0,0.57,0.52,2026-06-21,2248,N,VIIRS,n,2.0NRT,299.52,29.2,N
37.13811,40.96983,302.24,0.44,0.46,2026-06-21,2248,N,VIIRS,n,2.0NRT,291.64,0.44,N
37.14059,38.92768,351.93,0.57,0.52,2026-06-21,2248,N,VIIRS,n,2.0NRT,299.67,8.24,N
37.1411,38.92112,314.5,0.57,0.52,2026-06-21,2248,N,VIIRS,n,2.0NRT,293.61,8.24,N
37.15493,42.54719,334.49,0.56,0.43,2026-06-21,2248,N,VIIRS,n,2.0NRT,294.43,6.37,N
37.1582,42.5542,335.44,0.56,0.43,2026-06-21,2248,N,VIIRS,n,2.0NRT,293.36,4.83,N
37.15907,42.50924,303.26,0.56,0.43,2026-06-21,2248,N,VIIRS,n,2.0NRT,292.73,1.03,N
37.17628,42.49946,334.76,0.56,0.43,2026-06-21,2248,N,VIIRS,n,2.0NRT,293.47,5.74,N
37.17697,42.4931,338.26,0.56,0.43,2026-06-21,2248,N,VIIRS,n,2.0NRT,294.54,5.74,N
37.26838,42.3716,302.28,0.57,0.43,2026-06-21,2248,N,VIIRS,n,2.0NRT,290.23,4.3,N
37.26907,42.3651,331.5,0.57,0.43,2026-06-21,2248,N,VIIRS,n,2.0NRT,292.27,10.39,N
37.27237,42.37233,335.49,0.57,0.43,2026-06-21,2248,N,VIIRS,n,2.0NRT,292.81,4.3,N
37.29486,37.15398,311.74,0.36,0.57,2026-06-21,2248,N,VIIRS,n,2.0NRT,294.82,1.22,N
37.97438,41.1252,307.09,0.45,0.47,2026-06-21,2248,N,VIIRS,n,2.0NRT,288.54,0.9,N
37.97534,41.12624,302.96,0.45,0.47,2026-06-21,2248,N,VIIRS,n,2.0NRT,288.53,1.04,N
39.9426,33.18851,304.41,0.61,0.71,2026-06-21,2248,N,VIIRS,n,2.0NRT,283.1,1.71,N
