latitude,longitude,bright_ti4,scan,track,acq_date,acq_time,satellite,instrument,confidence,version,bright_ti5,frp,daynight,type
36.12149,40.82106,296.53,0.45,0.63,2023-10-21,0,N,VIIRS,n,2,285.7,1.38,N,2
36.12188,41.04362,303.69,0.46,0.64,2023-10-21,0,N,VIIRS,n,2,283.72,1.26,N,2
36.14046,40.8205,295.36,0.45,0.63,2023-10-21,0,N,VIIRS,n,2,284.06,0.75,N,0
36.14071,40.81905,308.18,0.45,0.63,2023-10-21,0,N,VIIRS,n,2,284.42,1.95,N,2
36.1418,40.81573,307.69,0.45,0.63,2023-10-21,0,N,VIIRS,n,2,284.9,1.42,N,2
36.32415,30.33037,297.0,0.42,0.38,2023-10-21,0,N,VIIRS,n,2,284.93,0.32,N,0
36.71623,36.20134,306.14,0.5,0.49,2023-10-21,0,N,VIIRS,n,2,289.07,2.78,N,2
36.72813,36.21148,303.52,0.5,0.49,2023-10-21,0,N,VIIRS,n,2,290.28,0.94,N,2
36.73252,36.21299,310.35,0.5,0.49,2023-10-21,0,N,VIIRS,n,2,292.42,1.78,N,2
36.745,36.19996,316.61,0.5,0.49,2023-10-21,0,N,VIIRS,n,2,289.54,1.09,N,2
36.77686,36.20558,306.24,0.5,0.49,2023-10-21,0,N,VIIRS,n,2,291.1,1.27,N,0
36.77805,36.20685,308.84,0.5,0.49,2023-10-21,0,N,VIIRS,n,2,290.55,3.34,N,0
36.86945,34.76506,308.36,0.42,0.45,2023-10-21,0,N,VIIRS,n,2,290.1,1.63,N,2
36.87111,34.76252,301.79,0.42,0.45,2023-10-21,0,N,VIIRS,n,2,289.55,1.59,N,2
36.88433,30.83902,326.12,0.43,0.38,2023-10-21,0,N,VIIRS,n,2,287.41,2.39,N,0
36.88623,30.84255,329.57,0.43,0.38,2023-10-21,0,N,VIIRS,n,2,289.06,6.2,N,0
36.88726,37.46097,307.75,0.57,0.52,2023-10-21,0,N,VIIRS,n,2,283.86,1.66,N,0
36.88778,30.83997,329.63,0.43,0.38,2023-10-21,0,N,VIIRS,n,2,287.94,2.39,N,0
37.86117,29.37362,313.04,0.39,0.36,2023-10-21,0,N,VIIRS,n,2,286.64,1.3,N,2
37.89756,30.49257,298.57,0.41,0.37,2023-10-21,0,N,VIIRS,n,2,282.7,0.9,N,2
37.93801,32.53621,297.83,0.48,0.4,2023-10-21,0,N,VIIRS,n,2,281.7,0.97,N,0
38.42807,27.21607,305.4,0.39,0.36,2023-10-21,0,N,VIIRS,n,2,288.65,0.88,N,2
38.45536,27.26402,298.93,0.39,0.36,2023-10-21,0,N,VIIRS,n,2,288.35,0.52,N,2
38.73389,26.96656,301.43,0.39,0.36,2023-10-21,0,N,VIIRS,n,2,287.78,0.62,N,2
38.73649,26.94844,303.85,0.39,0.37,2023-10-21,0,N,VIIRS,n,2,291.62,1.24,N,2
38.73713,26.94391,315.26,0.39,0.37,2023-10-21,0,N,VIIRS,n,2,294.13,1.24,N,2
38.73907,26.93034,306.2,0.39,0.37,2023-10-21,0,N,VIIRS,n,2,291.96,0.89,N,2
38.7532,26.95232,303.72,0.39,0.37,2023-10-21,0,N,VIIRS,n,2,288.08,0.86,N,2
35.50671,43.74172,334.04,0.41,0.45,2023-10-21,939,N,VIIRS,n,2,305.39,3.39,D,0
35.5247,44.34355,340.97,0.57,0.43,2023-10-21,939,N,VIIRS,n,2,309.27,5.29,D,2
35.52861,44.34237,344.18,0.57,0.43,2023-10-21,939,N,VIIRS,n,2,308.66,5.29,D,2
35.53252,44.34119,344.57,0.57,0.43,2023-10-21,939,N,VIIRS,n,2,308.65,10.78,D,2
35.62979,44.00961,353.12,0.39,0.44,2023-10-21,939,N,VIIRS,n,2,311.28,10.32,D,2
35.6549,43.94727,337.78,0.39,0.44,2023-10-21,939,N,VIIRS,n,2,309.69,3.22,D,0
35.68236,43.8756,342.18,0.4,0.44,2023-10-21,939,N,VIIRS,n,2,307.75,3.84,D,2
35.68328,43.87991,342.23,0.4,0.44,2023-10-21,939,N,VIIRS,n,2,308.12,3.84,D,2
35.68636,43.87439,340.69,0.4,0.44,2023-10-21,939,N,VIIRS,n,2,307.84,3.84,D,2
35.68727,43.8787,340.2,0.4,0.44,2023-10-21,939,N,VIIRS,n,2,308.19,3.84,D,2
35.71296,43.98055,345.16,0.39,0.44,2023-10-21,939,N,VIIRS,n,2,309.95,6.29,D,0
35.71693,43.97935,345.26,0.39,0.44,2023-10-21,939,N,VIIRS,n,2,310.05,6.29,D,0
35.7255,44.04038,343.67,0.39,0.44,2023-10-21,939,N,VIIRS,n,2,307.58,2.78,D,2
35.72857,44.03495,342.96,0.39,0.44,2023-10-21,939,N,VIIRS,n,2,308.8,2.78,D,2
35.82294,44.06145,335.46,0.39,0.44,2023-10-21,939,N,VIIRS,n,2,306.58,1.29,D,0
35.84834,44.10271,343.57,0.38,0.44,2023-10-21,939,N,VIIRS,n,2,308.07,3.49,D,0
35.92303,43.79062,340.63,0.4,0.44,2023-10-21,939,N,VIIRS,n,2,307.79,2.44,D,2
35.9814,43.76812,341.66,0.4,0.44,2023-10-21,939,N,VIIRS,n,2,308.74,4.41,D,2
35.99731,43.76295,335.56,0.4,0.44,2023-10-21,939,N,VIIRS,n,2,309.09,1.62,D,2
36.01856,43.68188,345.68,0.4,0.44,2023-10-21,939,N,VIIRS,n,2,312.3,6.13,D,2
36.07498,43.83034,346.19,0.39,0.44,2023-10-21,939,N,VIIRS,n,2,308.05,11.28,D,0
36.16008,43.64727,339.76,0.4,0.44,2023-10-21,939,N,VIIRS,n,2,309.19,5.27,D,0
36.28837,43.96013,336.93,0.38,0.43,2023-10-21,939,N,VIIRS,n,2,308.19,2.73,D,0
35.69794,38.71815,367.0,0.37,0.58,2023-10-21,940,N,VIIRS,h,2,298.98,7.38,D,0
35.7002,38.71705,367.0,0.37,0.58,2023-10-21,940,N,VIIRS,h,2,297.18,6.33,D,0
36.14299,37.33382,337.27,0.43,0.62,2023-10-21,940,N,VIIRS,n,2,298.22,5.69,D,0
36.39272,43.82994,342.67,0.39,0.44,2023-10-21,940,N,VIIRS,n,2,309.08,3.59,D,0
36.46339,38.89231,342.72,0.35,0.57,2023-10-21,940,N,VIIRS,n,2,301.11,4.81,D,0
36.46435,38.8961,343.01,0.35,0.57,2023-10-21,940,N,VIIRS,n,2,301.43,6.51,D,0
36.51031,43.76613,344.87,0.39,0.44,2023-10-21,940,N,VIIRS,n,2,311.0,8.0,D,0
36.52396,43.97433,345.7,0.57,0.43,2023-10-21,940,N,VIIRS,n,2,312.18,17.85,D,0
36.52982,43.45191,343.54,0.4,0.44,2023-10-21,940,N,VIIRS,n,2,308.69,5.18,D,0
36.59729,43.65306,345.32,0.39,0.44,2023-10-21,940,N,VIIRS,n,2,308.49,8.24,D,0
36.60124,43.65176,332.57,0.39,0.44,2023-10-21,940,N,VIIRS,n,2,306.25,2.68,D,0
36.60391,40.405,335.52,0.57,0.52,2023-10-21,940,N,VIIRS,n,2,302.28,2.44,D,0
36.62746,39.03479,332.51,0.34,0.56,2023-10-21,940,N,VIIRS,n,2,300.41,1.16,D,0
36.6591,38.30745,331.21,0.37,0.58,2023-10-21,940,N,VIIRS,n,2,300.63,2.1,D,0
36.66015,38.31154,336.25,0.37,0.58,2023-10-21,940,N,VIIRS,n,2,301.12,2.1,D,0
36.67916,43.49815,356.61,0.4,0.44,2023-10-21,940,N,VIIRS,n,2,312.51,10.4,D,0
36.69719,39.20521,333.75,0.33,0.55,2023-10-21,940,N,VIIRS,n,2,296.95,2.95,D,0
36.69974,39.20513,332.64,0.33,0.55,2023-10-21,940,N,VIIRS,n,2,296.62,2.73,D,0
36.72215,43.4402,350.01,0.4,0.44,2023-10-21,940,N,VIIRS,n,2,307.49,6.91,D,0
36.72278,43.07632,334.28,0.42,0.45,2023-10-21,940,N,VIIRS,n,2,306.01,2.38,D,0
36.7243,43.07714,336.1,0.42,0.45,2023-10-21,940,N,VIIRS,n,2,305.5,2.15,D,0
36.77778,39.42898,335.54,0.32,0.55,2023-10-21,940,N,VIIRS,n,2,295.86,5.19,D,0
36.77866,39.43247,345.33,0.32,0.55,2023-10-21,940,N,VIIRS,n,2,297.0,8.94,D,0
36.86964,41.10059,346.73,0.52,0.5,2023-10-21,940,N,VIIRS,n,2,307.85,16.37,D,0
36.88128,36.97319,333.93,0.43,0.62,2023-10-21,940,N,VIIRS,n,2,297.68,1.54,D,0
36.88446,40.29117,341.69,0.57,0.52,2023-10-21,940,N,VIIRS,n,2,303.02,12.0,D,0
36.8867,36.9707,341.84,0.43,0.62,2023-10-21,940,N,VIIRS,n,2,299.64,4.26,D,0
36.90184,40.5565,341.9,0.55,0.51,2023-10-21,940,N,VIIRS,n,2,304.29,4.21,D,0
36.90601,43.38774,339.5,0.4,0.44,2023-10-21,940,N,VIIRS,n,2,297.13,4.93,D,2
36.99042,42.69632,345.32,0.43,0.46,2023-10-21,940,N,VIIRS,n,2,308.72,6.52,D,0
36.99146,42.70111,336.91,0.43,0.46,2023-10-21,940,N,VIIRS,n,2,305.29,6.52,D,0
36.9955,42.28146,340.3,0.45,0.47,2023-10-21,940,N,VIIRS,n,2,307.29,3.76,D,0
36.99586,40.41992,331.19,0.56,0.52,2023-10-21,940,N,VIIRS,n,2,302.22,2.84,D,0
36.99595,40.41945,332.51,0.56,0.52,2023-10-21,940,N,VIIRS,n,2,302.23,3.32,D,0
36.99762,42.6889,341.55,0.43,0.46,2023-10-21,940,N,VIIRS,n,2,308.2,3.97,D,0
36.99858,42.27505,345.45,0.45,0.47,2023-10-21,940,N,VIIRS,n,2,307.78,6.33,D,0
37.08459,36.06163,338.92,0.47,0.64,2023-10-21,940,N,VIIRS,n,2,300.39,4.12,D,0
37.08755,36.05709,329.93,0.47,0.64,2023-10-21,940,N,VIIRS,n,2,299.52,4.89,D,0
37.1008,42.01191,346.74,0.46,0.47,2023-10-21,940,N,VIIRS,n,2,306.99,6.07,D,0
37.38916,41.83959,331.39,0.46,0.47,2023-10-21,940,N,VIIRS,n,2,301.22,3.61,D,0
37.55172,38.46292,367.0,0.34,0.56,2023-10-21,940,N,VIIRS,h,2,301.53,7.71,D,0
37.5802,38.22961,357.31,0.35,0.57,2023-10-21,940,N,VIIRS,n,2,302.53,5.42,D,0
37.58092,38.22969,354.88,0.35,0.57,2023-10-21,940,N,VIIRS,n,2,302.27,5.65,D,0
37.61967,38.18756,333.21,0.35,0.57,2023-10-21,940,N,VIIRS,n,2,302.23,1.3,D,0
37.637,39.68795,338.96,0.59,0.53,2023-10-21,940,N,VIIRS,n,2,302.77,6.19,D,0
37.65112,40.94007,356.78,0.51,0.49,2023-10-21,940,N,VIIRS,n,2,300.84,18.76,D,0
37.66531,38.19096,337.63,0.35,0.57,2023-10-21,940,N,VIIRS,n,2,300.5,3.87,D,0
37.66537,38.1909,340.15,0.35,0.57,2023-10-21,940,N,VIIRS,n,2,300.74,3.63,D,0
37.6766,38.53746,332.11,0.34,0.56,2023-10-21,940,N,VIIRS,n,2,302.29,1.78,D,0
37.73211,38.75441,367.0,0.33,0.55,2023-10-21,940,N,VIIRS,h,2,305.61,6.81,D,0
37.74002,38.52813,352.32,0.34,0.56,2023-10-21,940,N,VIIRS,n,2,304.34,16.12,D,0
37.74102,38.53207,351.82,0.34,0.56,2023-10-21,940,N,VIIRS,n,2,300.55,17.32,D,0
37.75782,38.62017,337.12,0.33,0.56,2023-10-21,940,N,VIIRS,n,2,301.9,2.27,D,0
37.80466,38.42882,354.46,0.34,0.56,2023-10-21,940,N,VIIRS,n,2,298.51,3.78,D,0
37.80769,38.44071,351.53,0.34,0.56,2023-10-21,940,N,VIIRS,n,2,304.06,10.25,D,0
37.80869,38.44465,367.0,0.34,0.56,2023-10-21,940,N,VIIRS,h,2,308.24,10.25,D,0
37.81357,38.44223,331.44,0.34,0.56,2023-10-21,940,N,VIIRS,n,2,299.83,10.25,D,0
37.81956,38.35749,345.77,0.34,0.56,2023-10-21,940,N,VIIRS,n,2,299.78,4.42,D,0
37.82012,38.35683,351.13,0.34,0.56,2023-10-21,940,N,VIIRS,n,2,299.91,5.5,D,0
37.84454,38.52104,329.42,0.34,0.56,2023-10-21,940,N,VIIRS,n,2,301.69,1.33,D,0
37.84908,38.90105,354.6,0.32,0.55,2023-10-21,940,N,VIIRS,n,2,301.13,4.16,D,0
37.84984,38.9015,367.0,0.32,0.55,2023-10-21,940,N,VIIRS,h,2,300.72,4.54,D,0
37.90071,40.29872,336.95,0.54,0.51,2023-10-21,940,N,VIIRS,n,2,300.18,3.95,D,0
37.90573,40.13202,333.6,0.55,0.51,2023-10-21,940,N,VIIRS,n,2,301.12,7.54,D,0
37.90718,40.13812,339.98,0.55,0.51,2023-10-21,940,N,VIIRS,n,2,299.15,7.54,D,0
38.01785,40.28115,331.93,0.54,0.51,2023-10-21,940,N,VIIRS,n,2,302.78,4.41,D,0
38.04548,40.23097,340.34,0.54,0.51,2023-10-21,940,N,VIIRS,n,2,302.02,9.48,D,0
38.07564,41.32237,330.08,0.48,0.48,2023-10-21,940,N,VIIRS,n,2,298.34,3.24,D,0
38.09602,40.3914,328.4,0.53,0.5,2023-10-21,940,N,VIIRS,n,2,300.96,2.59,D,0
38.11889,41.49434,351.08,0.47,0.47,2023-10-21,940,N,VIIRS,n,2,300.22,9.84,D,0
38.12316,41.49287,336.81,0.47,0.47,2023-10-21,940,N,VIIRS,n,2,296.29,6.65,D,0
38.16567,37.02406,337.63,0.39,0.6,2023-10-21,940,N,VIIRS,n,2,295.06,3.91,D,0
38.16686,37.02843,342.32,0.39,0.6,2023-10-21,940,N,VIIRS,n,2,295.17,6.82,D,0
38.18774,40.59288,332.0,0.52,0.5,2023-10-21,940,N,VIIRS,n,2,301.91,4.22,D,0
38.20872,40.57934,336.83,0.52,0.5,2023-10-21,940,N,VIIRS,n,2,301.73,3.72,D,0
38.27264,39.74456,342.24,0.57,0.52,2023-10-21,940,N,VIIRS,n,2,300.89,10.76,D,0
38.27302,39.74454,343.44,0.57,0.52,2023-10-21,940,N,VIIRS,n,2,300.53,7.46,D,0
38.39326,39.28893,335.62,0.6,0.53,2023-10-21,940,N,VIIRS,n,2,296.92,10.8,D,0
38.39532,39.28947,341.44,0.6,0.53,2023-10-21,940,N,VIIRS,n,2,298.96,11.35,D,0
38.79608,36.216,340.53,0.42,0.61,2023-10-21,941,N,VIIRS,n,2,292.76,4.54,D,0
38.79805,32.38075,333.66,0.64,0.72,2023-10-21,941,N,VIIRS,n,2,298.71,5.53,D,0
38.80246,32.38055,344.35,0.64,0.72,2023-10-21,941,N,VIIRS,n,2,298.73,5.74,D,0
38.82067,35.36267,329.82,0.46,0.63,2023-10-21,941,N,VIIRS,n,2,295.56,3.86,D,0
38.85459,37.20103,343.44,0.37,0.58,2023-10-21,941,N,VIIRS,n,2,295.95,2.4,D,0
38.85718,37.20036,343.54,0.37,0.58,2023-10-21,941,N,VIIRS,n,2,296.36,4.07,D,0
38.86862,36.78509,329.79,0.39,0.59,2023-10-21,941,N,VIIRS,n,2,292.96,2.13,D,0
39.03574,36.38094,343.06,0.4,0.6,2023-10-21,941,N,VIIRS,n,2,295.03,4.14,D,0
39.20516,36.81236,332.76,0.38,0.59,2023-10-21,941,N,VIIRS,n,2,294.51,4.19,D,0
39.20672,36.8122,335.87,0.38,0.59,2023-10-21,941,N,VIIRS,n,2,294.73,4.31,D,0
39.23704,35.82512,345.08,0.42,0.61,2023-10-21,941,N,VIIRS,n,2,294.44,3.72,D,0
39.36616,36.95525,337.9,0.37,0.58,2023-10-21,941,N,VIIRS,n,2,293.77,3.58,D,0
39.36962,36.95451,326.66,0.37,0.58,2023-10-21,941,N,VIIRS,n,2,293.27,3.32,D,0
39.65422,33.77334,341.47,0.52,0.67,2023-10-21,941,N,VIIRS,n,2,300.37,5.51,D,0
39.71104,31.63593,348.99,0.66,0.73,2023-10-21,941,N,VIIRS,n,2,295.34,9.05,D,0
39.71638,31.63549,341.96,0.66,0.73,2023-10-21,941,N,VIIRS,n,2,293.86,13.85,D,0
39.82507,37.2315,341.29,0.35,0.57,2023-10-21,941,N,VIIRS,n,2,293.75,3.15,D,0
40.15332,34.99043,349.91,0.44,0.62,2023-10-21,941,N,VIIRS,n,2,299.32,7.48,D,0
40.15477,34.99556,341.07,0.44,0.62,2023-10-21,941,N,VIIRS,n,2,297.74,8.9,D,0
40.15496,34.99201,367.0,0.44,0.62,2023-10-21,941,N,VIIRS,h,2,301.17,10.68,D,0
40.2893,34.09592,332.04,0.48,0.65,2023-10-21,941,N,VIIRS,n,2,297.17,2.32,D,0
40.70609,36.53416,326.53,0.36,0.57,2023-10-21,941,N,VIIRS,n,2,295.24,3.22,D,0
41.06742,44.38238,326.53,0.46,0.39,2023-10-21,941,N,VIIRS,n,2,295.4,2.29,D,0
40.82045,30.51453,326.21,0.68,0.74,2023-10-21,942,N,VIIRS,n,2,295.16,3.3,D,0
40.82104,30.51347,327.04,0.68,0.74,2023-10-21,942,N,VIIRS,n,2,295.32,3.17,D,0
36.28337,38.11935,337.92,0.49,0.65,2023-10-21,1120,N,VIIRS,n,2,298.59,5.51,D,0
36.28395,38.11698,348.35,0.49,0.65,2023-10-21,1120,N,VIIRS,n,2,298.62,4.71,D,0
36.79107,37.22049,334.05,0.44,0.62,2023-10-21,1120,N,VIIRS,n,2,300.21,3.17,D,0
37.00467,40.79675,336.98,0.69,0.74,2023-10-21,1120,N,VIIRS,n,2,298.14,4.83,D,0
37.41195,36.97248,353.39,0.43,0.62,2023-10-21,1121,N,VIIRS,n,2,302.53,7.47,D,0
37.51788,38.38911,367.0,0.51,0.66,2023-10-21,1121,N,VIIRS,h,2,305.88,17.9,D,0
37.53125,37.03991,336.28,0.43,0.62,2023-10-21,1121,N,VIIRS,n,2,299.74,3.8,D,0
37.53178,31.49286,332.85,0.43,0.46,2023-10-21,1121,N,VIIRS,n,2,299.42,5.37,D,0
37.56922,39.15707,333.62,0.57,0.69,2023-10-21,1121,N,VIIRS,n,2,299.33,3.21,D,0
37.57282,37.44891,367.0,0.46,0.63,2023-10-21,1121,N,VIIRS,h,2,299.9,6.34,D,0
37.57556,39.1585,336.0,0.57,0.69,2023-10-21,1121,N,VIIRS,n,2,301.08,6.24,D,0
37.5757,39.15694,339.73,0.57,0.69,2023-10-21,1121,N,VIIRS,n,2,301.61,3.21,D,0
37.57875,37.44862,330.38,0.46,0.63,2023-10-21,1121,N,VIIRS,n,2,299.07,6.34,D,0
37.58939,37.42043,340.58,0.46,0.63,2023-10-21,1121,N,VIIRS,n,2,300.72,3.01,D,0
37.61623,38.58406,338.77,0.53,0.67,2023-10-21,1121,N,VIIRS,n,2,300.54,5.81,D,0
37.6359,38.12323,351.51,0.5,0.66,2023-10-21,1121,N,VIIRS,n,2,301.0,6.13,D,0
37.63675,38.12099,337.61,0.5,0.66,2023-10-21,1121,N,VIIRS,n,2,301.07,4.81,D,0
37.63697,38.12641,337.35,0.5,0.66,2023-10-21,1121,N,VIIRS,n,2,299.44,5.97,D,0
37.65,37.99826,367.0,0.49,0.65,2023-10-21,1121,N,VIIRS,h,2,304.44,9.98,D,0
37.65012,37.99612,367.0,0.49,0.65,2023-10-21,1121,N,VIIRS,h,2,302.12,9.34,D,0
37.6502,38.004,330.22,0.49,0.65,2023-10-21,1121,N,VIIRS,n,2,302.8,9.98,D,0
37.65036,38.00174,346.74,0.49,0.65,2023-10-21,1121,N,VIIRS,n,2,303.61,9.34,D,0
37.66218,40.35195,346.49,0.66,0.73,2023-10-21,1121,N,VIIRS,n,2,296.71,11.68,D,0
37.66233,40.35988,350.8,0.66,0.73,2023-10-21,1121,N,VIIRS,n,2,296.43,11.68,D,0
37.67717,37.9072,352.92,0.49,0.65,2023-10-21,1121,N,VIIRS,n,2,299.91,5.85,D,0
37.72465,38.36186,335.0,0.51,0.66,2023-10-21,1121,N,VIIRS,n,2,298.36,5.21,D,0
37.79812,38.37644,345.94,0.52,0.66,2023-10-21,1121,N,VIIRS,n,2,298.91,6.19,D,0
37.85056,38.62929,367.0,0.53,0.67,2023-10-21,1121,N,VIIRS,h,2,296.43,10.72,D,0
37.86362,38.56269,344.08,0.53,0.67,2023-10-21,1121,N,VIIRS,n,2,299.16,5.39,D,0
38.04436,40.23822,367.0,0.65,0.73,2023-10-21,1121,N,VIIRS,h,2,303.58,28.98,D,0
38.04517,40.23758,367.0,0.65,0.73,2023-10-21,1121,N,VIIRS,h,2,304.32,42.95,D,0
38.05198,39.87183,354.06,0.62,0.72,2023-10-21,1121,N,VIIRS,n,2,301.29,9.39,D,0
38.25695,29.33393,337.19,0.52,0.42,2023-10-21,1121,N,VIIRS,n,2,306.85,3.53,D,0
38.2633,29.32073,339.26,0.52,0.41,2023-10-21,1121,N,VIIRS,n,2,305.78,3.84,D,0
38.26713,29.32007,345.72,0.52,0.41,2023-10-21,1121,N,VIIRS,n,2,305.41,7.06,D,0
38.34644,32.07223,338.81,0.47,0.48,2023-10-21,1121,N,VIIRS,n,2,303.92,3.15,D,0
38.39626,29.63572,335.16,0.54,0.42,2023-10-21,1121,N,VIIRS,n,2,302.25,2.04,D,0
38.42207,29.58119,340.99,0.54,0.42,2023-10-21,1121,N,VIIRS,n,2,304.96,6.77,D,0
38.42229,29.57954,337.98,0.54,0.42,2023-10-21,1121,N,VIIRS,n,2,305.12,5.94,D,0
38.47936,29.30336,335.55,0.52,0.42,2023-10-21,1121,N,VIIRS,n,2,302.33,3.51,D,0
38.57926,28.17531,332.81,0.47,0.4,2023-10-21,1121,N,VIIRS,n,2,304.87,2.55,D,0
38.60496,37.19984,367.0,0.45,0.63,2023-10-21,1121,N,VIIRS,h,2,294.87,13.29,D,0
38.61087,37.20012,367.0,0.45,0.63,2023-10-21,1121,N,VIIRS,h,2,297.3,13.29,D,0
38.75098,37.50351,341.95,0.47,0.64,2023-10-21,1121,N,VIIRS,n,2,294.7,4.3,D,0
38.80535,27.03387,333.24,0.43,0.38,2023-10-21,1121,N,VIIRS,n,2,303.33,2.8,D,0
38.81882,36.00694,351.52,0.39,0.59,2023-10-21,1121,N,VIIRS,n,2,295.96,11.09,D,0
38.8201,36.00663,367.0,0.39,0.59,2023-10-21,1121,N,VIIRS,h,2,296.77,8.16,D,0
38.82033,36.01088,344.46,0.39,0.59,2023-10-21,1121,N,VIIRS,n,2,293.52,8.16,D,0
38.82436,36.00638,367.0,0.39,0.59,2023-10-21,1121,N,VIIRS,h,2,295.15,11.09,D,0
38.97257,32.17503,343.95,0.49,0.48,2023-10-21,1121,N,VIIRS,n,2,302.9,4.79,D,0
38.97547,32.17158,338.2,0.49,0.48,2023-10-21,1121,N,VIIRS,n,2,303.0,8.89,D,0
39.11393,27.52754,345.33,0.45,0.39,2023-10-21,1121,N,VIIRS,n,2,306.69,10.16,D,0
39.32891,34.32579,367.0,0.32,0.55,2023-10-21,1121,N,VIIRS,h,2,301.21,7.66,D,0
39.36301,31.13594,336.04,0.44,0.46,2023-10-21,1121,N,VIIRS,n,2,302.79,2.95,D,0
39.36553,36.9572,341.31,0.44,0.63,2023-10-21,1121,N,VIIRS,n,2,294.71,3.56,D,0
39.4262,32.57168,340.98,0.52,0.5,2023-10-21,1121,N,VIIRS,n,2,300.96,7.37,D,0
39.42743,32.56735,341.78,0.52,0.5,2023-10-21,1121,N,VIIRS,n,2,301.94,14.41,D,0
39.64792,34.71881,356.72,0.34,0.56,2023-10-21,1121,N,VIIRS,n,2,300.19,5.78,D,0
39.84798,30.09289,342.66,0.39,0.44,2023-10-21,1121,N,VIIRS,n,2,305.95,4.54,D,0
39.86863,36.51041,345.52,0.42,0.61,2023-10-21,1121,N,VIIRS,n,2,295.99,4.84,D,0
39.87379,36.50874,367.0,0.42,0.61,2023-10-21,1121,N,VIIRS,h,2,297.08,7.39,D,0
39.87391,32.34328,332.27,0.51,0.49,2023-10-21,1121,N,VIIRS,n,2,278.01,5.12,D,0
39.87403,36.51387,334.14,0.42,0.61,2023-10-21,1121,N,VIIRS,n,2,294.44,7.39,D,0
39.87436,36.50983,367.0,0.42,0.61,2023-10-21,1121,N,VIIRS,h,2,295.54,10.47,D,0
39.86504,26.24464,329.96,0.42,0.37,2023-10-21,1122,N,VIIRS,n,2,304.8,2.41,D,2
40.01474,27.84637,331.28,0.47,0.4,2023-10-21,1122,N,VIIRS,n,2,300.2,2.45,D,0
40.10803,28.02065,335.38,0.48,0.4,2023-10-21,1122,N,VIIRS,n,2,298.27,3.66,D,0
40.11396,27.97341,346.78,0.48,0.4,2023-10-21,1122,N,VIIRS,n,2,300.67,6.77,D,0
40.12003,27.96075,331.39,0.48,0.4,2023-10-21,1122,N,VIIRS,n,2,301.23,8.35,D,0
40.13106,27.95864,336.65,0.48,0.4,2023-10-21,1122,N,VIIRS,n,2,300.61,3.76,D,0
40.19935,28.22533,338.68,0.49,0.4,2023-10-21,1122,N,VIIRS,n,2,300.87,5.25,D,0
40.20007,28.22325,333.94,0.49,0.4,2023-10-21,1122,N,VIIRS,n,2,299.49,3.0,D,0
40.2224,28.21904,330.29,0.49,0.4,2023-10-21,1122,N,VIIRS,n,2,299.57,1.77,D,0
40.24905,27.16816,331.34,0.45,0.39,2023-10-21,1122,N,VIIRS,n,2,300.32,2.34,D,0
40.25581,27.69668,334.5,0.47,0.4,2023-10-21,1122,N,VIIRS,n,2,306.33,4.24,D,0
40.40396,34.24942,350.68,0.32,0.55,2023-10-21,1122,N,VIIRS,n,2,302.54,4.69,D,0
40.45517,34.16092,343.5,0.32,0.55,2023-10-21,1122,N,VIIRS,n,2,301.02,3.7,D,0
40.46057,34.24965,349.42,0.32,0.55,2023-10-21,1122,N,VIIRS,n,2,298.84,4.25,D,0
40.52711,36.94105,336.43,0.45,0.63,2023-10-21,1122,N,VIIRS,n,2,297.57,3.18,D,0
40.52964,36.94188,338.16,0.45,0.63,2023-10-21,1122,N,VIIRS,n,2,297.09,4.5,D,0
40.6069,26.1455,336.56,0.42,0.38,2023-10-21,1122,N,VIIRS,n,2,296.94,4.1,D,0
40.61098,26.1497,331.09,0.42,0.38,2023-10-21,1122,N,VIIRS,n,2,297.16,3.65,D,0
40.74234,30.48608,339.1,0.42,0.45,2023-10-21,1122,N,VIIRS,n,2,301.02,4.22,D,0
40.74269,30.48931,338.6,0.42,0.45,2023-10-21,1122,N,VIIRS,n,2,301.59,4.04,D,0
40.74612,26.42739,333.66,0.43,0.38,2023-10-21,1122,N,VIIRS,n,2,298.85,2.21,D,0
40.75226,30.45406,344.6,0.42,0.45,2023-10-21,1122,N,VIIRS,n,2,300.54,4.13,D,0
40.7527,30.45907,327.57,0.42,0.45,2023-10-21,1122,N,VIIRS,n,2,299.11,4.13,D,0
40.76408,26.54417,331.65,0.43,0.38,2023-10-21,1122,N,VIIRS,n,2,297.5,0.98,D,0
40.78127,26.33635,342.87,0.43,0.38,2023-10-21,1122,N,VIIRS,n,2,299.45,3.85,D,0
40.78667,26.35086,336.64,0.43,0.38,2023-10-21,1122,N,VIIRS,n,2,297.39,2.02,D,0
40.78859,26.36604,338.67,0.43,0.38,2023-10-21,1122,N,VIIRS,n,2,298.57,4.43,D,0
40.78916,26.31392,340.21,0.43,0.38,2023-10-21,1122,N,VIIRS,n,2,297.63,4.87,D,0
40.79108,26.32908,344.42,0.43,0.38,2023-10-21,1122,N,VIIRS,n,2,298.16,5.59,D,0
40.79173,30.46833,328.48,0.42,0.45,2023-10-21,1122,N,VIIRS,n,2,300.27,2.69,D,0
40.80946,30.43007,336.83,0.42,0.45,2023-10-21,1122,N,VIIRS,n,2,302.33,4.24,D,0
40.80992,30.43506,334.57,0.42,0.45,2023-10-21,1122,N,VIIRS,n,2,301.56,3.7,D,0
40.81313,30.47015,330.91,0.42,0.45,2023-10-21,1122,N,VIIRS,n,2,299.96,3.67,D,0
40.81409,30.43439,331.93,0.42,0.45,2023-10-21,1122,N,VIIRS,n,2,301.36,3.7,D,0
40.81725,30.51546,345.69,0.42,0.45,2023-10-21,1122,N,VIIRS,n,2,301.57,7.97,D,0
40.81771,30.52051,340.85,0.42,0.45,2023-10-21,1122,N,VIIRS,n,2,301.52,7.97,D,0
40.81878,26.26598,339.92,0.43,0.38,2023-10-21,1122,N,VIIRS,n,2,298.91,5.42,D,0
40.81934,26.26324,339.5,0.43,0.38,2023-10-21,1122,N,VIIRS,n,2,297.71,2.89,D,0
40.82381,30.49402,328.46,0.42,0.45,2023-10-21,1122,N,VIIRS,n,2,300.51,1.98,D,0
40.8487,26.29834,340.65,0.43,0.38,2023-10-21,1122,N,VIIRS,n,2,297.52,4.51,D,0
40.86166,26.31631,335.95,0.43,0.38,2023-10-21,1122,N,VIIRS,n,2,297.39,2.88,D,0
40.86923,26.26273,348.64,0.43,0.38,2023-10-21,1122,N,VIIRS,n,2,298.12,9.68,D,0
40.86987,26.26778,346.48,0.43,0.38,2023-10-21,1122,N,VIIRS,n,2,298.56,7.1,D,0
40.87334,26.26702,342.28,0.43,0.38,2023-10-21,1122,N,VIIRS,n,2,296.86,7.1,D,0
40.87398,26.27207,347.68,0.43,0.38,2023-10-21,1122,N,VIIRS,n,2,296.87,7.1,D,0
40.89013,33.74376,328.45,0.62,0.54,2023-10-21,1122,N,VIIRS,n,2,296.79,3.34,D,0
40.89034,33.74411,328.57,0.62,0.54,2023-10-21,1122,N,VIIRS,n,2,296.9,3.56,D,0
40.89108,26.29435,352.0,0.43,0.38,2023-10-21,1122,N,VIIRS,n,2,297.6,7.25,D,0
40.90251,26.32835,337.55,0.43,0.38,2023-10-21,1122,N,VIIRS,n,2,296.01,4.41,D,0
40.91012,26.33192,334.51,0.43,0.38,2023-10-21,1122,N,VIIRS,n,2,296.2,3.89,D,0
40.91076,26.337,345.76,0.43,0.38,2023-10-21,1122,N,VIIRS,n,2,297.81,3.89,D,0
40.91424,26.33624,335.84,0.43,0.38,2023-10-21,1122,N,VIIRS,n,2,296.01,2.35,D,0
40.93076,26.35357,335.32,0.43,0.38,2023-10-21,1122,N,VIIRS,n,2,297.07,4.41,D,0
40.98212,26.33425,330.94,0.43,0.38,2023-10-21,1122,N,VIIRS,n,2,296.55,2.68,D,0
40.98767,30.51957,340.21,0.42,0.45,2023-10-21,1122,N,VIIRS,n,2,299.47,2.54,D,0
40.99482,26.37867,331.56,0.43,0.38,2023-10-21,1122,N,VIIRS,n,2,296.74,1.82,D,0
41.04216,26.38424,332.43,0.43,0.38,2023-10-21,1122,N,VIIRS,n,2,296.84,3.7,D,0
41.0517,26.40158,330.31,0.43,0.38,2023-10-21,1122,N,VIIRS,n,2,296.93,3.38,D,0
41.05173,26.40323,346.02,0.43,0.38,2023-10-21,1122,N,VIIRS,n,2,298.41,4.72,D,0
41.05233,26.40671,332.47,0.43,0.38,2023-10-21,1122,N,VIIRS,n,2,299.05,3.38,D,0
41.07705,26.49133,331.48,0.43,0.38,2023-10-21,1122,N,VIIRS,n,2,297.92,5.36,D,0
41.07767,26.4965,336.45,0.43,0.38,2023-10-21,1122,N,VIIRS,n,2,297.15,5.36,D,0
41.07964,26.45367,336.23,0.43,0.38,2023-10-21,1122,N,VIIRS,n,2,298.54,4.17,D,0
41.1142,27.12027,336.04,0.45,0.39,2023-10-21,1122,N,VIIRS,n,2,301.1,3.05,D,0
41.30172,26.48036,335.72,0.44,0.38,2023-10-21,1122,N,VIIRS,n,2,297.97,2.86,D,0
41.30767,27.18897,335.04,0.46,0.39,2023-10-21,1122,N,VIIRS,n,2,300.38,4.19,D,0
41.31129,27.18825,334.49,0.46,0.39,2023-10-21,1122,N,VIIRS,n,2,299.93,2.9,D,0
41.31167,26.68279,331.34,0.44,0.39,2023-10-21,1122,N,VIIRS,n,2,298.99,2.51,D,0
41.32373,26.5722,333.13,0.44,0.38,2023-10-21,1122,N,VIIRS,n,2,297.28,1.84,D,0
41.3301,26.6248,343.16,0.44,0.38,2023-10-21,1122,N,VIIRS,n,2,299.02,5.95,D,0
41.35321,27.00385,336.88,0.45,0.39,2023-10-21,1122,N,VIIRS,n,2,300.39,3.43,D,0
41.36291,27.11927,333.73,0.46,0.39,2023-10-21,1122,N,VIIRS,n,2,301.94,1.77,D,0
41.40643,27.72289,367.0,0.48,0.4,2023-10-21,1122,N,VIIRS,h,2,307.42,18.96,D,0
41.57773,26.92984,335.9,0.45,0.39,2023-10-21,1122,N,VIIRS,n,2,301.63,2.47,D,0
41.82335,26.57548,349.49,0.44,0.39,2023-10-21,1122,N,VIIRS,n,2,301.28,5.21,D,0
41.82488,26.57249,333.38,0.44,0.39,2023-10-21,1122,N,VIIRS,n,2,299.21,1.54,D,0
41.82551,26.57784,336.83,0.44,0.39,2023-10-21,1122,N,VIIRS,n,2,300.4,3.75,D,0
42.10718,25.88438,337.48,0.43,0.38,2023-10-21,1122,N,VIIRS,n,2,305.57,3.54,D,0
35.52651,44.34584,305.82,0.48,0.65,2023-10-21,2200,N,VIIRS,n,2,285.91,4.85,N,2
35.52678,44.34022,367.0,0.48,0.65,2023-10-21,2200,N,VIIRS,h,2,287.37,4.85,N,2
35.52704,44.33462,300.58,0.48,0.65,2023-10-21,2200,N,VIIRS,n,2,285.91,6.35,N,2
35.53282,44.34082,335.77,0.48,0.65,2023-10-21,2200,N,VIIRS,n,2,286.52,4.85,N,2
35.53308,44.33527,339.31,0.48,0.65,2023-10-21,2200,N,VIIRS,n,2,287.98,6.35,N,2
35.56606,44.28228,295.39,0.49,0.65,2023-10-21,2200,N,VIIRS,n,2,285.36,0.29,N,2
35.62695,44.00986,327.44,0.5,0.66,2023-10-21,2200,N,VIIRS,n,2,286.89,2.54,N,2
35.6272,44.00405,310.43,0.5,0.66,2023-10-21,2200,N,VIIRS,n,2,286.76,2.54,N,2
35.66006,43.96057,298.19,0.51,0.66,2023-10-21,2200,N,VIIRS,n,2,285.43,0.97,N,2
35.66504,43.96144,301.27,0.51,0.66,2023-10-21,2200,N,VIIRS,n,2,286.2,0.64,N,2
35.67951,44.06577,297.14,0.5,0.66,2023-10-21,2200,N,VIIRS,n,2,286.32,0.88,N,2
35.68011,44.06525,297.17,0.5,0.66,2023-10-21,2200,N,VIIRS,n,2,286.37,0.55,N,0
35.6808,43.87463,298.04,0.51,0.66,2023-10-21,2200,N,VIIRS,n,2,284.87,3.56,N,2
35.68251,43.87448,349.64,0.51,0.66,2023-10-21,2200,N,VIIRS,n,2,285.77,6.65,N,2
35.68701,43.87523,367.0,0.51,0.66,2023-10-21,2200,N,VIIRS,h,2,288.54,3.56,N,2
35.68871,43.87502,338.46,0.51,0.66,2023-10-21,2200,N,VIIRS,n,2,287.11,4.33,N,2
35.72373,44.0419,312.1,0.5,0.66,2023-10-21,2200,N,VIIRS,n,2,286.63,2.16,N,2
35.72398,44.03605,312.66,0.5,0.66,2023-10-21,2200,N,VIIRS,n,2,286.72,2.51,N,2
35.73038,44.03094,319.35,0.5,0.66,2023-10-21,2200,N,VIIRS,n,2,287.53,2.51,N,2
35.77368,43.99371,309.45,0.51,0.66,2023-10-21,2200,N,VIIRS,n,2,285.23,1.41,N,2
35.7753,43.99473,300.23,0.51,0.66,2023-10-21,2200,N,VIIRS,n,2,285.03,0.82,N,2
35.92323,43.78647,310.28,0.52,0.67,2023-10-21,2200,N,VIIRS,n,2,286.08,1.32,N,2
35.95064,43.72749,304.39,0.52,0.67,2023-10-21,2200,N,VIIRS,n,2,286.16,1.38,N,2
35.96799,43.76551,300.05,0.52,0.67,2023-10-21,2200,N,VIIRS,n,2,287.03,1.69,N,2
35.96822,43.75974,312.74,0.52,0.67,2023-10-21,2200,N,VIIRS,n,2,286.84,3.78,N,2
35.97403,43.77127,302.47,0.52,0.67,2023-10-21,2200,N,VIIRS,n,2,287.03,1.69,N,2
35.98055,43.76555,326.57,0.52,0.67,2023-10-21,2200,N,VIIRS,n,2,287.47,3.57,N,2
35.98357,43.76722,322.12,0.52,0.67,2023-10-21,2200,N,VIIRS,n,2,287.53,2.99,N,2
35.99654,43.75589,305.82,0.52,0.67,2023-10-21,2200,N,VIIRS,n,2,286.3,1.54,N,2
35.99961,43.76025,308.66,0.52,0.67,2023-10-21,2200,N,VIIRS,n,2,286.11,1.93,N,2
36.01547,43.68226,310.0,0.53,0.67,2023-10-21,2200,N,VIIRS,n,2,285.34,1.15,N,2
36.01802,43.68416,296.37,0.53,0.67,2023-10-21,2200,N,VIIRS,n,2,285.92,1.35,N,2
36.01825,43.67794,318.6,0.53,0.67,2023-10-21,2200,N,VIIRS,n,2,286.63,1.35,N,2
36.02176,43.68273,301.1,0.53,0.67,2023-10-21,2200,N,VIIRS,n,2,286.23,0.82,N,2
36.12508,43.77602,299.71,0.52,0.67,2023-10-21,2200,N,VIIRS,n,2,284.82,0.77,N,0
36.12769,43.77631,300.08,0.52,0.67,2023-10-21,2200,N,VIIRS,n,2,285.47,0.96,N,0
36.1311,40.80675,306.75,0.76,0.77,2023-10-21,2200,N,VIIRS,n,2,285.41,1.8,N,2
36.13111,43.78277,298.12,0.52,0.67,2023-10-21,2200,N,VIIRS,n,2,287.98,0.77,N,2
36.14562,40.80671,298.21,0.76,0.77,2023-10-21,2200,N,VIIRS,n,2,284.82,1.65,N,0
36.14939,43.79744,300.59,0.52,0.67,2023-10-21,2200,N,VIIRS,n,2,286.55,2.8,N,2
36.14963,43.7914,333.79,0.52,0.67,2023-10-21,2200,N,VIIRS,n,2,287.8,2.8,N,2
36.4394,42.92825,298.53,0.58,0.7,2023-10-21,2200,N,VIIRS,n,2,286.19,1.16,N,2
36.44418,42.92644,298.77,0.59,0.7,2023-10-21,2200,N,VIIRS,n,2,286.65,1.13,N,2
36.73172,43.27969,300.41,0.56,0.69,2023-10-21,2200,N,VIIRS,n,2,285.4,1.63,N,2
36.73228,43.27908,299.82,0.56,0.69,2023-10-21,2200,N,VIIRS,n,2,285.11,0.58,N,2
36.74504,43.49485,299.15,0.55,0.68,2023-10-21,2200,N,VIIRS,n,2,283.53,1.22,N,2
36.74969,43.49571,302.05,0.55,0.68,2023-10-21,2200,N,VIIRS,n,2,285.23,1.45,N,2
36.77612,43.32473,337.67,0.56,0.69,2023-10-21,2200,N,VIIRS,n,2,287.62,4.77,N,2
36.77633,43.31813,297.61,0.56,0.69,2023-10-21,2200,N,VIIRS,n,2,285.3,4.39,N,2
36.89564,43.42377,300.12,0.56,0.68,2023-10-21,2200,N,VIIRS,n,2,280.94,1.64,N,2
36.90333,43.38539,297.85,0.56,0.69,2023-10-21,2200,N,VIIRS,n,2,282.49,2.58,N,2
36.90974,43.38598,324.22,0.56,0.69,2023-10-21,2200,N,VIIRS,n,2,283.88,2.58,N,2
36.90998,43.37872,297.53,0.56,0.69,2023-10-21,2200,N,VIIRS,n,2,281.4,2.58,N,2
36.91513,41.89336,298.8,0.67,0.74,2023-10-21,2200,N,VIIRS,n,2,283.36,0.47,N,2
36.93783,42.12965,308.84,0.65,0.73,2023-10-21,2200,N,VIIRS,n,2,285.57,1.22,N,2
36.94383,42.16726,317.47,0.65,0.73,2023-10-21,2200,N,VIIRS,n,2,285.25,2.7,N,2
36.99598,41.55936,311.23,0.7,0.75,2023-10-21,2200,N,VIIRS,n,2,283.47,1.73,N,2
36.99837,41.55812,306.66,0.7,0.75,2023-10-21,2200,N,VIIRS,n,2,283.93,1.76,N,2
42.21319,42.80486,296.58,0.46,0.47,2023-10-21,2339,N,VIIRS,n,2,281.04,0.44,N,0
36.64072,43.63981,295.1,0.35,0.56,2023-10-21,2340,N,VIIRS,n,2,283.38,0.32,N,2
36.73095,43.28145,314.3,0.33,0.55,2023-10-21,2340,N,VIIRS,n,2,287.01,0.82,N,2
36.77206,43.32507,304.65,0.33,0.55,2023-10-21,2340,N,VIIRS,n,2,284.73,0.73,N,2
36.77726,43.32593,352.28,0.33,0.55,2023-10-21,2340,N,VIIRS,n,2,290.18,4.67,N,2
36.77815,43.32243,319.47,0.33,0.55,2023-10-21,2340,N,VIIRS,n,2,289.48,4.91,N,2
36.8888,43.43073,311.19,0.33,0.56,2023-10-21,2340,N,VIIRS,n,2,281.74,0.85,N,2
36.89374,43.43266,324.84,0.33,0.56,2023-10-21,2340,N,VIIRS,n,2,283.16,1.25,N,2
36.90403,43.3919,367.0,0.33,0.55,2023-10-21,2340,N,VIIRS,h,2,284.83,4.44,N,2
36.90891,43.39401,327.36,0.33,0.55,2023-10-21,2340,N,VIIRS,n,2,283.92,4.44,N,2
36.93633,42.1319,319.41,0.57,0.52,2023-10-21,2340,N,VIIRS,n,2,286.39,2.53,N,2
36.94103,42.17493,320.79,0.57,0.52,2023-10-21,2340,N,VIIRS,n,2,285.83,2.51,N,2
36.94255,42.16864,308.39,0.57,0.52,2023-10-21,2340,N,VIIRS,n,2,284.88,2.94,N,2
37.07948,42.55987,305.8,0.59,0.53,2023-10-21,2340,N,VIIRS,n,2,287.24,1.52,N,2
37.33896,40.80469,296.92,0.47,0.48,2023-10-21,2340,N,VIIRS,n,2,283.85,0.45,N,2
37.33944,40.80198,297.98,0.47,0.48,2023-10-21,2340,N,VIIRS,n,2,283.95,0.65,N,2
37.96278,41.70162,295.57,0.51,0.49,2023-10-21,2340,N,VIIRS,n,2,284.02,0.58,N,2
38.45233,38.72877,298.13,0.54,0.42,2023-10-21,2340,N,VIIRS,n,2,282.86,0.7,N,2
38.45519,38.72848,301.86,0.54,0.42,2023-10-21,2340,N,VIIRS,n,2,284.56,1.07,N,2
38.45628,38.72927,295.64,0.54,0.42,2023-10-21,2340,N,VIIRS,n,2,283.95,0.7,N,2
38.64973,39.77088,303.74,0.4,0.44,2023-10-21,2340,N,VIIRS,n,2,277.03,0.76,N,2
38.6537,39.77222,296.52,0.4,0.44,2023-10-21,2340,N,VIIRS,n,2,272.81,0.61,N,2
38.665,39.23718,295.35,0.56,0.43,2023-10-21,2340,N,VIIRS,n,2,282.5,0.9,N,0
39.57721,29.86462,313.49,0.44,0.39,2023-10-21,2340,N,VIIRS,n,2,282.3,1.17,N,0
39.83712,30.30181,312.26,0.43,0.38,2023-10-21,2340,N,VIIRS,n,2,283.91,1.79,N,2
39.86592,26.24595,304.23,0.43,0.46,2023-10-21,2340,N,VIIRS,n,2,284.08,1.1,N,2
40.04865,32.65018,302.08,0.39,0.36,2023-10-21,2340,N,VIIRS,n,2,282.16,0.88,N,2
40.24235,29.92679,302.75,0.45,0.39,2023-10-21,2340,N,VIIRS,n,2,287.04,0.89,N,2
40.44263,27.13864,315.41,0.39,0.44,2023-10-21,2340,N,VIIRS,n,2,291.24,1.51,N,2
40.44715,27.13448,320.42,0.39,0.44,2023-10-21,2340,N,VIIRS,n,2,289.68,2.34,N,3
40.75693,31.78244,306.45,0.4,0.37,2023-10-21,2340,N,VIIRS,n,2,282.1,1.16,N,2
40.75796,29.35828,300.94,0.48,0.4,2023-10-21,2340,N,VIIRS,n,2,288.87,1.07,N,3
40.94527,31.39521,302.81,0.41,0.37,2023-10-21,2340,N,VIIRS,n,2,284.45,0.83,N,2
41.01733,27.96278,303.81,0.55,0.43,2023-10-21,2340,N,VIIRS,n,2,288.38,1.6,N,2
41.0214,28.55396,308.38,0.52,0.41,2023-10-21,2340,N,VIIRS,n,2,288.32,1.58,N,2
41.17458,32.63451,315.37,0.39,0.36,2023-10-21,2340,N,VIIRS,n,2,286.26,1.99,N,2
41.17791,32.63535,301.08,0.39,0.36,2023-10-21,2340,N,VIIRS,n,2,287.17,0.65,N,2
41.18124,32.63619,298.26,0.39,0.36,2023-10-21,2340,N,VIIRS,n,2,285.46,0.65,N,2
41.18457,32.63702,299.33,0.39,0.36,2023-10-21,2340,N,VIIRS,n,2,286.09,1.02,N,0
41.24072,36.46371,320.54,0.41,0.37,2023-10-21,2340,N,VIIRS,n,2,285.83,1.25,N,2
41.24409,36.46476,304.01,0.41,0.37,2023-10-21,2340,N,VIIRS,n,2,284.22,1.25,N,2
41.26152,31.42792,306.35,0.41,0.37,2023-10-21,2340,N,VIIRS,n,2,286.8,1.22,N,2
41.2656,31.42377,312.83,0.41,0.37,2023-10-21,2340,N,VIIRS,n,2,289.13,1.96,N,2
41.63169,27.68442,300.26,0.57,0.43,2023-10-21,2340,N,VIIRS,n,2,287.17,1.11,N,2
41.63704,27.50699,297.06,0.39,0.44,2023-10-21,2340,N,VIIRS,n,2,286.78,0.86,N,2
35.52785,44.3438,346.65,0.4,0.6,2023-10-21,2341,N,VIIRS,n,2,288.59,5.07,N,2
35.52897,44.33957,367.0,0.4,0.6,2023-10-21,2341,N,VIIRS,h,2,288.44,5.07,N,2
35.53435,44.34156,303.98,0.4,0.6,2023-10-21,2341,N,VIIRS,n,2,285.54,1.12,N,2
35.53549,44.33725,322.81,0.4,0.6,2023-10-21,2341,N,VIIRS,n,2,286.86,2.07,N,2
35.62682,44.01119,320.9,0.38,0.59,2023-10-21,2341,N,VIIRS,n,2,286.16,3.48,N,2
35.62788,44.00712,348.28,0.38,0.59,2023-10-21,2341,N,VIIRS,n,2,288.63,3.48,N,2
35.66175,43.96556,317.98,0.38,0.59,2023-10-21,2341,N,VIIRS,n,2,286.79,0.91,N,2
35.6642,43.96445,307.74,0.38,0.59,2023-10-21,2341,N,VIIRS,n,2,286.33,0.79,N,2
35.67787,44.06599,298.02,0.38,0.59,2023-10-21,2341,N,VIIRS,n,2,286.95,0.67,N,2
35.6839,43.87975,315.15,0.38,0.58,2023-10-21,2341,N,VIIRS,n,2,285.5,3.7,N,2
35.68496,43.87566,354.45,0.38,0.58,2023-10-21,2341,N,VIIRS,n,2,288.68,3.7,N,2
35.68682,43.87899,337.98,0.38,0.58,2023-10-21,2341,N,VIIRS,n,2,287.17,2.38,N,2
35.6879,43.87489,313.17,0.38,0.58,2023-10-21,2341,N,VIIRS,n,2,286.29,2.38,N,2
35.71761,43.77076,303.93,0.37,0.58,2023-10-21,2341,N,VIIRS,n,2,289.41,1.11,N,2
35.72,43.7748,300.63,0.37,0.58,2023-10-21,2341,N,VIIRS,n,2,289.63,1.37,N,2
35.72468,44.04202,343.23,0.38,0.59,2023-10-21,2341,N,VIIRS,n,2,288.27,3.12,N,2
35.72684,44.03378,322.45,0.38,0.59,2023-10-21,2341,N,VIIRS,n,2,286.78,3.92,N,2
35.77122,43.99607,323.8,0.38,0.59,2023-10-21,2341,N,VIIRS,n,2,287.22,1.32,N,2
35.77217,43.99824,300.95,0.38,0.59,2023-10-21,2341,N,VIIRS,n,2,287.15,0.76,N,2
35.77323,43.99423,312.08,0.38,0.59,2023-10-21,2341,N,VIIRS,n,2,286.87,0.76,N,2
35.81462,43.25803,319.14,0.35,0.56,2023-10-21,2341,N,VIIRS,n,2,288.07,1.0,N,2
35.9235,43.79086,310.25,0.37,0.58,2023-10-21,2341,N,VIIRS,n,2,286.22,1.15,N,2
35.95087,43.7282,306.43,0.36,0.58,2023-10-21,2341,N,VIIRS,n,2,287.1,0.93,N,2
35.95327,43.73568,297.07,0.36,0.58,2023-10-21,2341,N,VIIRS,n,2,287.06,0.34,N,2
35.96662,43.77127,310.63,0.37,0.58,2023-10-21,2341,N,VIIRS,n,2,287.46,5.73,N,2
35.96767,43.76723,367.0,0.37,0.58,2023-10-21,2341,N,VIIRS,h,2,291.27,5.73,N,2
35.96873,43.7632,350.17,0.36,0.58,2023-10-21,2341,N,VIIRS,n,2,290.19,9.89,N,2
35.97168,43.7736,306.8,0.37,0.58,2023-10-21,2341,N,VIIRS,n,2,288.14,2.06,N,2
35.97884,43.76786,316.59,0.36,0.58,2023-10-21,2341,N,VIIRS,n,2,288.37,2.17,N,2
35.98289,43.77404,296.17,0.37,0.58,2023-10-21,2341,N,VIIRS,n,2,286.14,0.77,N,2
35.98392,43.77007,317.27,0.36,0.58,2023-10-21,2341,N,VIIRS,n,2,288.49,1.44,N,2
35.99722,43.76246,314.79,0.36,0.58,2023-10-21,2341,N,VIIRS,n,2,286.94,1.13,N,2
35.99825,43.75848,298.51,0.36,0.58,2023-10-21,2341,N,VIIRS,n,2,287.44,1.25,N,2
36.01746,43.68425,318.16,0.36,0.57,2023-10-21,2341,N,VIIRS,n,2,287.96,2.03,N,2
36.01845,43.68041,319.92,0.36,0.57,2023-10-21,2341,N,VIIRS,n,2,287.9,2.71,N,2
36.11964,40.81841,297.08,0.51,0.49,2023-10-21,2341,N,VIIRS,n,2,286.37,0.84,N,2
36.12012,40.81927,298.0,0.5,0.49,2023-10-21,2341,N,VIIRS,n,2,287.37,0.89,N,2
36.12544,43.78317,300.49,0.36,0.58,2023-10-21,2341,N,VIIRS,n,2,286.29,0.62,N,2
36.1306,43.78506,299.69,0.36,0.58,2023-10-21,2341,N,VIIRS,n,2,289.19,0.62,N,2
36.13144,40.81169,317.77,0.5,0.49,2023-10-21,2341,N,VIIRS,n,2,287.62,2.31,N,2
36.14462,40.81652,310.7,0.5,0.49,2023-10-21,2341,N,VIIRS,n,2,286.18,1.05,N,2
36.15031,43.79617,307.39,0.36,0.58,2023-10-21,2341,N,VIIRS,n,2,287.85,0.83,N,2
36.26484,33.72974,304.82,0.39,0.36,2023-10-21,2341,N,VIIRS,n,2,289.3,0.65,N,2
36.44184,42.933,301.13,0.32,0.55,2023-10-21,2341,N,VIIRS,n,2,287.65,0.53,N,2
36.44272,42.92949,299.29,0.32,0.55,2023-10-21,2341,N,VIIRS,n,2,286.92,0.71,N,2
36.4559,41.28197,297.71,0.53,0.5,2023-10-21,2341,N,VIIRS,n,2,284.93,0.88,N,2
36.45911,41.28361,297.03,0.52,0.5,2023-10-21,2341,N,VIIRS,n,2,285.16,0.74,N,2
36.52383,37.54531,299.06,0.51,0.41,2023-10-21,2341,N,VIIRS,n,2,286.29,0.97,N,0
36.52983,37.53516,297.34,0.51,0.41,2023-10-21,2341,N,VIIRS,n,2,287.13,2.06,N,2
36.71749,36.20108,323.37,0.45,0.39,2023-10-21,2341,N,VIIRS,n,2,291.33,2.54,N,2
36.72361,36.20807,305.6,0.45,0.39,2023-10-21,2341,N,VIIRS,n,2,289.85,0.46,N,2
36.73064,36.21017,319.82,0.45,0.39,2023-10-21,2341,N,VIIRS,n,2,295.42,3.29,N,2
36.73416,36.21119,303.89,0.45,0.39,2023-10-21,2341,N,VIIRS,n,2,292.44,1.4,N,2
36.73509,36.20623,305.4,0.45,0.39,2023-10-21,2341,N,VIIRS,n,2,292.03,1.72,N,2
36.73769,36.2122,321.5,0.45,0.39,2023-10-21,2341,N,VIIRS,n,2,292.62,1.4,N,2
36.77822,36.20588,306.54,0.45,0.39,2023-10-21,2341,N,VIIRS,n,2,292.35,2.49,N,0
36.86921,34.76202,312.48,0.41,0.37,2023-10-21,2341,N,VIIRS,n,2,292.34,1.92,N,2
36.91242,41.8969,305.52,0.55,0.51,2023-10-21,2341,N,VIIRS,n,2,283.39,1.06,N,2
36.93493,30.65038,326.72,0.4,0.37,2023-10-21,2341,N,VIIRS,n,2,290.77,3.53,N,2
36.93556,30.64587,312.92,0.4,0.37,2023-10-21,2341,N,VIIRS,n,2,288.89,3.41,N,2
36.99719,41.5611,308.15,0.53,0.5,2023-10-21,2341,N,VIIRS,n,2,284.42,1.72,N,2
37.01109,41.58492,298.59,0.53,0.5,2023-10-21,2341,N,VIIRS,n,2,283.21,0.93,N,2
37.25294,30.44175,295.17,0.41,0.37,2023-10-21,2341,N,VIIRS,n,2,284.1,0.36,N,2
37.25315,30.44349,295.19,0.41,0.37,2023-10-21,2341,N,VIIRS,n,2,284.1,0.42,N,2
37.29551,37.1563,305.04,0.48,0.4,2023-10-21,2341,N,VIIRS,n,2,287.05,2.26,N,2
37.29914,37.15734,318.35,0.48,0.4,2023-10-21,2341,N,VIIRS,n,2,285.12,2.26,N,0
37.35018,37.1629,300.51,0.48,0.4,2023-10-21,2341,N,VIIRS,n,2,287.41,1.21,N,2
37.86256,29.37269,315.15,0.45,0.39,2023-10-21,2341,N,VIIRS,n,2,288.64,2.0,N,2
37.93872,32.53562,305.12,0.38,0.36,2023-10-21,2341,N,VIIRS,n,2,284.53,0.62,N,2
38.66031,30.61718,297.35,0.42,0.37,2023-10-21,2341,N,VIIRS,n,2,282.79,0.58,N,2
38.70034,32.72731,339.13,0.38,0.36,2023-10-21,2341,N,VIIRS,n,2,281.74,4.11,N,0
38.73237,26.96399,311.75,0.38,0.43,2023-10-21,2341,N,VIIRS,n,2,285.28,1.14,N,2
38.73423,26.94613,301.16,0.38,0.43,2023-10-21,2341,N,VIIRS,n,2,285.65,0.77,N,2
38.73827,26.94669,301.76,0.38,0.43,2023-10-21,2341,N,VIIRS,n,2,286.74,0.77,N,2
38.7463,26.948,297.83,0.38,0.43,2023-10-21,2341,N,VIIRS,n,2,285.31,0.39,N,2
38.7548,26.95168,311.38,0.38,0.43,2023-10-21,2341,N,VIIRS,n,2,287.04,1.34,N,2
39.09309,27.5167,303.28,0.55,0.42,2023-10-21,2341,N,VIIRS,n,2,286.61,0.86,N,0
39.11136,27.52656,329.78,0.55,0.42,2023-10-21,2341,N,VIIRS,n,2,288.81,3.35,N,0
39.11201,27.52631,336.59,0.55,0.42,2023-10-21,2341,N,VIIRS,n,2,291.37,5.85,N,0
39.11205,27.51989,324.01,0.55,0.42,2023-10-21,2341,N,VIIRS,n,2,288.92,2.38,N,0
39.11273,27.51326,298.8,0.55,0.42,2023-10-21,2341,N,VIIRS,n,2,288.57,2.38,N,0
39.11273,27.51965,312.54,0.55,0.42,2023-10-21,2341,N,VIIRS,n,2,287.89,5.85,N,0
39.11345,27.51304,298.67,0.55,0.42,2023-10-21,2341,N,VIIRS,n,2,288.22,0.91,N,0
39.11525,27.52754,315.19,0.55,0.42,2023-10-21,2341,N,VIIRS,n,2,286.82,3.35,N,0
39.11589,27.52729,297.46,0.55,0.42,2023-10-21,2341,N,VIIRS,n,2,285.73,0.95,N,0
39.11593,27.5209,300.36,0.55,0.42,2023-10-21,2341,N,VIIRS,n,2,286.5,2.38,N,0
39.16784,27.63299,301.6,0.54,0.42,2023-10-21,2341,N,VIIRS,n,2,287.54,0.94,N,2
35.52746,44.34163,367.0,0.34,0.56,2023-10-22,921,N,VIIRS,h,2,305.17,6.91,D,2
35.52839,44.34534,342.33,0.34,0.56,2023-10-22,921,N,VIIRS,n,2,301.31,9.41,D,2
35.53246,44.33984,367.0,0.34,0.56,2023-10-22,921,N,VIIRS,h,2,303.46,6.91,D,2
35.62753,44.01048,367.0,0.35,0.57,2023-10-22,921,N,VIIRS,h,2,307.06,4.41,D,2
35.62775,44.01107,353.85,0.35,0.57,2023-10-22,921,N,VIIRS,n,2,306.75,4.86,D,2
35.63544,44.0864,354.99,0.35,0.56,2023-10-22,921,N,VIIRS,n,2,301.53,5.83,D,0
35.66045,43.96549,337.06,0.35,0.57,2023-10-22,921,N,VIIRS,n,2,305.15,1.21,D,2
35.68285,43.87797,367.0,0.35,0.57,2023-10-22,921,N,VIIRS,h,2,306.69,9.81,D,2
35.68796,43.87613,345.19,0.35,0.57,2023-10-22,921,N,VIIRS,n,2,302.43,3.17,D,2
35.72377,44.04134,342.53,0.35,0.56,2023-10-22,921,N,VIIRS,n,2,304.15,1.91,D,2
35.74251,44.2481,343.64,0.34,0.56,2023-10-22,921,N,VIIRS,n,2,304.52,3.14,D,0
35.80458,38.68373,331.25,0.65,0.73,2023-10-22,921,N,VIIRS,n,2,300.18,4.86,D,0
36.01625,43.6816,349.92,0.35,0.57,2023-10-22,921,N,VIIRS,n,2,305.73,4.45,D,2
36.01725,43.68552,335.89,0.35,0.57,2023-10-22,921,N,VIIRS,n,2,304.32,4.79,D,2
36.08115,43.67323,337.11,0.35,0.57,2023-10-22,921,N,VIIRS,n,2,304.15,2.22,D,0
36.08377,39.36826,333.19,0.59,0.7,2023-10-22,921,N,VIIRS,n,2,301.51,2.91,D,0
36.11549,43.67666,334.16,0.35,0.57,2023-10-22,921,N,VIIRS,n,2,302.86,1.59,D,0
36.38666,43.84486,356.9,0.34,0.56,2023-10-22,921,N,VIIRS,n,2,304.22,5.67,D,0
36.49804,43.82503,356.29,0.34,0.56,2023-10-22,921,N,VIIRS,n,2,307.14,7.47,D,0
36.54008,38.43068,330.56,0.64,0.72,2023-10-22,921,N,VIIRS,n,2,300.05,5.17,D,0
36.62053,40.6066,332.97,0.5,0.65,2023-10-22,921,N,VIIRS,n,2,303.96,3.32,D,0
36.6214,40.6033,334.68,0.5,0.65,2023-10-22,921,N,VIIRS,n,2,303.55,3.04,D,0
36.66048,43.50216,343.43,0.35,0.57,2023-10-22,921,N,VIIRS,n,2,306.77,2.81,D,0
36.77698,43.32409,367.0,0.36,0.57,2023-10-22,921,N,VIIRS,h,2,301.22,8.73,D,2
36.85252,40.19353,335.63,0.51,0.66,2023-10-22,921,N,VIIRS,n,2,300.9,3.53,D,0
36.85313,40.19315,335.5,0.51,0.66,2023-10-22,921,N,VIIRS,n,2,300.7,2.82,D,0
36.93482,42.13157,336.37,0.41,0.6,2023-10-22,921,N,VIIRS,n,2,304.68,2.25,D,2
36.93691,42.13246,336.36,0.41,0.6,2023-10-22,921,N,VIIRS,n,2,304.17,1.47,D,2
36.9401,42.17307,340.31,0.4,0.6,2023-10-22,921,N,VIIRS,n,2,305.63,1.87,D,2
36.99637,41.56462,333.64,0.43,0.62,2023-10-22,921,N,VIIRS,n,2,305.68,2.13,D,2
37.03148,40.85317,346.46,0.47,0.64,2023-10-22,921,N,VIIRS,n,2,303.39,5.74,D,0
37.03439,40.85125,345.94,0.47,0.64,2023-10-22,921,N,VIIRS,n,2,303.36,7.57,D,0
37.05089,39.41647,332.22,0.56,0.68,2023-10-22,921,N,VIIRS,n,2,296.62,3.16,D,0
37.10758,43.1597,336.88,0.36,0.57,2023-10-22,921,N,VIIRS,n,2,299.86,2.52,D,0
37.12679,42.45514,357.27,0.39,0.59,2023-10-22,921,N,VIIRS,n,2,302.65,9.91,D,0
37.12789,42.45933,367.0,0.39,0.59,2023-10-22,921,N,VIIRS,h,2,304.77,9.91,D,0
37.12817,42.45509,356.23,0.39,0.59,2023-10-22,921,N,VIIRS,n,2,303.65,10.63,D,0
37.1293,42.45929,348.38,0.39,0.59,2023-10-22,921,N,VIIRS,n,2,300.52,10.63,D,0
37.13954,42.03964,341.98,0.41,0.6,2023-10-22,921,N,VIIRS,n,2,306.44,3.58,D,0
37.14371,42.03305,338.88,0.41,0.6,2023-10-22,921,N,VIIRS,n,2,305.07,2.96,D,0
37.14489,42.03742,343.91,0.41,0.6,2023-10-22,921,N,VIIRS,n,2,305.32,4.08,D,0
37.19223,42.71747,338.6,0.37,0.58,2023-10-22,921,N,VIIRS,n,2,305.59,3.37,D,0
37.19334,42.72163,343.62,0.37,0.58,2023-10-22,921,N,VIIRS,n,2,306.63,3.37,D,0
37.19565,42.72048,352.1,0.37,0.58,2023-10-22,921,N,VIIRS,n,2,305.9,5.68,D,0
37.35649,40.42931,340.26,0.48,0.65,2023-10-22,921,N,VIIRS,n,2,296.04,7.86,D,0
37.36116,40.43033,343.85,0.48,0.65,2023-10-22,921,N,VIIRS,n,2,295.83,6.47,D,0
37.38244,39.17953,367.0,0.56,0.69,2023-10-22,921,N,VIIRS,h,2,301.5,21.58,D,0
37.414,39.50863,335.94,0.54,0.68,2023-10-22,921,N,VIIRS,n,2,295.84,3.78,D,0
37.44008,39.20411,335.65,0.55,0.68,2023-10-22,921,N,VIIRS,n,2,295.82,3.78,D,0
37.44672,40.42941,333.84,0.48,0.65,2023-10-22,921,N,VIIRS,n,2,295.11,4.47,D,0
37.44952,40.42795,330.56,0.48,0.65,2023-10-22,921,N,VIIRS,n,2,293.95,3.91,D,0
37.49574,38.80537,338.67,0.58,0.7,2023-10-22,921,N,VIIRS,n,2,298.77,8.26,D,0
37.5385,40.42419,343.41,0.48,0.65,2023-10-22,921,N,VIIRS,n,2,295.11,6.71,D,0
37.57155,39.15082,332.34,0.55,0.68,2023-10-22,921,N,VIIRS,n,2,297.63,4.14,D,0
37.57273,39.39853,333.02,0.54,0.68,2023-10-22,921,N,VIIRS,n,2,296.72,2.1,D,0
37.58826,39.04548,331.72,0.56,0.69,2023-10-22,921,N,VIIRS,n,2,300.85,3.23,D,0
37.62409,38.57729,347.29,0.59,0.7,2023-10-22,921,N,VIIRS,n,2,296.85,9.67,D,0
37.64241,38.70673,329.94,0.58,0.7,2023-10-22,921,N,VIIRS,n,2,290.54,2.92,D,0
37.64705,39.67572,334.47,0.52,0.67,2023-10-22,921,N,VIIRS,n,2,297.09,4.86,D,0
37.65757,39.39486,336.04,0.54,0.68,2023-10-22,921,N,VIIRS,n,2,298.05,3.14,D,0
37.71454,40.56803,337.57,0.47,0.64,2023-10-22,921,N,VIIRS,n,2,291.96,3.75,D,0
37.78604,38.81416,332.39,0.57,0.69,2023-10-22,921,N,VIIRS,n,2,296.64,2.96,D,0
37.81128,38.85271,347.71,0.56,0.69,2023-10-22,921,N,VIIRS,n,2,298.57,10.18,D,0
37.82633,40.3665,333.43,0.47,0.64,2023-10-22,921,N,VIIRS,n,2,293.62,3.21,D,0
37.86099,41.47877,349.06,0.42,0.61,2023-10-22,921,N,VIIRS,n,2,298.34,12.79,D,0
37.86273,41.47388,367.0,0.42,0.61,2023-10-22,921,N,VIIRS,h,2,299.67,10.06,D,0
37.86431,41.47961,340.72,0.41,0.61,2023-10-22,921,N,VIIRS,n,2,297.25,9.42,D,0
37.86526,41.4723,347.02,0.42,0.61,2023-10-22,921,N,VIIRS,n,2,297.08,8.8,D,0
37.88869,40.45158,334.19,0.47,0.64,2023-10-22,921,N,VIIRS,n,2,293.55,4.61,D,0
37.89008,40.45652,337.17,0.47,0.64,2023-10-22,921,N,VIIRS,n,2,296.27,6.67,D,0
37.93599,41.3439,328.91,0.42,0.61,2023-10-22,921,N,VIIRS,n,2,297.81,2.13,D,0
38.02889,40.22136,336.7,0.48,0.64,2023-10-22,921,N,VIIRS,n,2,295.56,6.84,D,0
38.09498,41.28334,329.02,0.42,0.61,2023-10-22,921,N,VIIRS,n,2,295.54,4.06,D,0
38.11175,41.3446,356.91,0.42,0.61,2023-10-22,921,N,VIIRS,n,2,299.56,8.86,D,0
38.11303,41.34928,367.0,0.42,0.61,2023-10-22,921,N,VIIRS,h,2,298.05,8.86,D,0
38.11849,41.34721,326.2,0.42,0.61,2023-10-22,921,N,VIIRS,n,2,294.89,8.86,D,0
38.12568,41.07487,336.23,0.43,0.62,2023-10-22,921,N,VIIRS,n,2,298.27,4.61,D,0
38.12573,41.46174,367.0,0.41,0.61,2023-10-22,921,N,VIIRS,h,2,299.31,10.69,D,0
38.13984,41.3592,327.59,0.41,0.61,2023-10-22,921,N,VIIRS,n,2,296.36,1.42,D,0
38.18166,40.36232,331.12,0.46,0.64,2023-10-22,921,N,VIIRS,n,2,300.57,1.91,D,0
38.20302,40.41553,337.28,0.46,0.64,2023-10-22,921,N,VIIRS,n,2,298.85,2.95,D,0
38.25427,40.50833,330.8,0.45,0.63,2023-10-22,921,N,VIIRS,n,2,299.67,2.3,D,0
37.59084,37.38167,341.1,0.68,0.74,2023-10-22,922,N,VIIRS,n,2,295.97,6.19,D,0
37.59193,37.38674,353.09,0.68,0.74,2023-10-22,922,N,VIIRS,n,2,297.04,10.86,D,0
37.59318,37.38905,328.52,0.68,0.74,2023-10-22,922,N,VIIRS,n,2,294.29,6.19,D,0
37.66325,38.01732,343.99,0.63,0.72,2023-10-22,922,N,VIIRS,n,2,293.23,8.28,D,0
37.66572,38.01782,347.87,0.63,0.72,2023-10-22,922,N,VIIRS,n,2,295.31,6.18,D,0
37.73772,38.18821,340.64,0.61,0.71,2023-10-22,922,N,VIIRS,n,2,297.6,6.57,D,0
37.77608,38.70813,336.17,0.57,0.69,2023-10-22,922,N,VIIRS,n,2,296.61,4.56,D,0
37.7885,38.81806,332.78,0.57,0.69,2023-10-22,922,N,VIIRS,n,2,297.26,5.45,D,0
37.81017,38.51936,356.12,0.59,0.7,2023-10-22,922,N,VIIRS,n,2,297.01,8.95,D,0
37.81027,38.51712,344.05,0.59,0.7,2023-10-22,922,N,VIIRS,n,2,296.14,7.11,D,0
37.81197,38.84989,348.05,0.56,0.69,2023-10-22,922,N,VIIRS,n,2,297.8,11.26,D,0
37.81259,38.5247,329.1,0.59,0.7,2023-10-22,922,N,VIIRS,n,2,297.44,7.11,D,0
37.81387,38.85619,348.43,0.56,0.69,2023-10-22,922,N,VIIRS,n,2,298.29,14.05,D,0
38.21424,37.04141,327.61,0.68,0.74,2023-10-22,922,N,VIIRS,n,2,291.69,2.48,D,0
38.21533,37.03954,339.5,0.68,0.74,2023-10-22,922,N,VIIRS,n,2,292.88,6.8,D,0
38.21763,37.09915,335.59,0.67,0.74,2023-10-22,922,N,VIIRS,n,2,291.47,6.63,D,0
38.3714,40.57233,344.06,0.45,0.63,2023-10-22,922,N,VIIRS,n,2,297.66,3.02,D,0
38.81403,36.10834,352.98,0.72,0.76,2023-10-22,922,N,VIIRS,n,2,292.98,12.08,D,0
38.85123,40.54377,325.47,0.44,0.62,2023-10-22,922,N,VIIRS,n,2,293.35,2.08,D,0
40.27514,42.22834,328.59,0.33,0.55,2023-10-22,922,N,VIIRS,n,2,292.49,3.16,D,0
41.14111,43.82909,329.02,0.52,0.5,2023-10-22,922,N,VIIRS,n,2,292.24,2.88,D,0
41.23195,43.64623,328.47,0.53,0.5,2023-10-22,922,N,VIIRS,n,2,293.89,3.44,D,0
41.23298,43.64579,327.98,0.53,0.5,2023-10-22,922,N,VIIRS,n,2,293.79,4.93,D,0
35.53006,44.33537,335.61,0.58,0.7,2023-10-22,1101,N,VIIRS,n,2,298.07,7.44,D,2
35.53079,44.33665,351.24,0.58,0.7,2023-10-22,1101,N,VIIRS,n,2,298.74,8.74,D,2
35.67496,36.85944,345.07,0.44,0.46,2023-10-22,1101,N,VIIRS,n,2,306.44,4.31,D,0
35.68291,43.87523,367.0,0.55,0.68,2023-10-22,1101,N,VIIRS,h,2,300.36,9.91,D,2
35.70219,44.24016,348.3,0.57,0.69,2023-10-22,1101,N,VIIRS,n,2,300.79,10.56,D,0
35.70241,44.24669,356.54,0.57,0.69,2023-10-22,1101,N,VIIRS,n,2,300.87,10.56,D,0
35.81338,44.26226,348.65,0.58,0.69,2023-10-22,1101,N,VIIRS,n,2,302.81,6.73,D,0
36.01928,43.68059,343.83,0.54,0.68,2023-10-22,1101,N,VIIRS,n,2,302.26,6.4,D,2
36.0285,39.72525,335.22,0.32,0.55,2023-10-22,1101,N,VIIRS,n,2,305.89,1.86,D,0
36.05476,36.93618,350.41,0.45,0.47,2023-10-22,1101,N,VIIRS,n,2,306.68,5.37,D,0
36.06875,36.8012,351.73,0.45,0.47,2023-10-22,1101,N,VIIRS,n,2,308.31,9.13,D,0
36.0849,37.9262,346.11,0.51,0.5,2023-10-22,1101,N,VIIRS,n,2,305.81,16.81,D,0
36.12676,37.55311,337.46,0.49,0.49,2023-10-22,1101,N,VIIRS,n,2,305.93,4.39,D,0
36.15542,43.82067,341.76,0.55,0.68,2023-10-22,1101,N,VIIRS,n,2,300.62,4.87,D,0
36.15743,37.86204,341.09,0.51,0.49,2023-10-22,1101,N,VIIRS,n,2,303.24,5.31,D,0
36.19104,37.48669,331.98,0.49,0.48,2023-10-22,1101,N,VIIRS,n,2,302.3,1.95,D,0
36.25864,38.58607,339.19,0.56,0.52,2023-10-22,1101,N,VIIRS,n,2,306.92,5.97,D,0
36.25909,38.58749,338.55,0.56,0.52,2023-10-22,1101,N,VIIRS,n,2,306.59,7.0,D,0
36.2889,40.46115,335.67,0.36,0.57,2023-10-22,1101,N,VIIRS,n,2,303.99,2.06,D,0
36.41336,41.24297,336.54,0.4,0.6,2023-10-22,1101,N,VIIRS,n,2,303.32,2.99,D,0
36.62581,41.19536,339.66,0.39,0.6,2023-10-22,1101,N,VIIRS,n,2,303.97,3.09,D,0
36.64299,38.98358,333.33,0.6,0.53,2023-10-22,1101,N,VIIRS,n,2,301.63,3.66,D,0
36.71116,39.841,337.08,0.33,0.55,2023-10-22,1101,N,VIIRS,n,2,304.45,3.39,D,0
36.7697,41.0137,367.0,0.39,0.59,2023-10-22,1101,N,VIIRS,h,2,304.89,3.32,D,0
36.77522,41.01322,335.39,0.39,0.59,2023-10-22,1101,N,VIIRS,n,2,300.37,3.32,D,0
36.34762,29.31744,339.63,0.38,0.36,2023-10-22,1102,N,VIIRS,n,2,298.49,1.7,D,0
36.84008,40.13043,339.4,0.35,0.56,2023-10-22,1102,N,VIIRS,n,2,302.22,1.92,D,0
36.84488,29.69193,342.88,0.38,0.36,2023-10-22,1102,N,VIIRS,n,2,306.29,3.22,D,0
36.85203,38.24274,339.2,0.54,0.51,2023-10-22,1102,N,VIIRS,n,2,303.95,5.99,D,0
36.88931,40.59008,339.22,0.37,0.58,2023-10-22,1102,N,VIIRS,n,2,303.36,3.57,D,0
36.93512,42.13181,337.72,0.45,0.63,2023-10-22,1102,N,VIIRS,n,2,302.3,2.8,D,2
36.94287,42.17361,340.48,0.45,0.63,2023-10-22,1102,N,VIIRS,n,2,301.76,3.76,D,2
36.98216,40.39128,338.81,0.36,0.57,2023-10-22,1102,N,VIIRS,n,2,304.33,2.34,D,0
36.9946,40.41911,349.09,0.36,0.57,2023-10-22,1102,N,VIIRS,n,2,302.49,3.62,D,0
37.00076,42.27462,338.43,0.46,0.63,2023-10-22,1102,N,VIIRS,n,2,306.01,2.94,D,0
37.00372,42.27322,345.1,0.46,0.63,2023-10-22,1102,N,VIIRS,n,2,306.43,4.49,D,0
37.03373,42.90356,352.85,0.5,0.65,2023-10-22,1102,N,VIIRS,n,2,299.94,8.49,D,0
37.03434,42.9042,367.0,0.49,0.65,2023-10-22,1102,N,VIIRS,h,2,300.74,9.62,D,0
37.03988,42.90357,342.15,0.5,0.65,2023-10-22,1102,N,VIIRS,n,2,298.78,5.73,D,0
37.08852,42.73577,339.46,0.49,0.65,2023-10-22,1102,N,VIIRS,n,2,301.72,4.4,D,0
37.14677,36.12983,335.67,0.42,0.45,2023-10-22,1102,N,VIIRS,n,2,303.53,2.92,D,0
37.15658,41.77412,337.16,0.43,0.62,2023-10-22,1102,N,VIIRS,n,2,304.8,4.04,D,0
37.30528,29.46594,330.89,0.38,0.36,2023-10-22,1102,N,VIIRS,n,2,304.95,1.92,D,0
37.37529,39.18501,349.1,0.62,0.54,2023-10-22,1102,N,VIIRS,n,2,304.52,10.66,D,0
37.37938,39.1766,341.63,0.62,0.54,2023-10-22,1102,N,VIIRS,n,2,302.3,17.31,D,0
37.37978,39.17725,341.67,0.62,0.54,2023-10-22,1102,N,VIIRS,n,2,302.76,8.2,D,0
37.37984,39.18362,356.67,0.62,0.54,2023-10-22,1102,N,VIIRS,n,2,303.0,17.31,D,0
37.38028,39.18425,348.52,0.62,0.54,2023-10-22,1102,N,VIIRS,n,2,302.44,19.53,D,0
37.39273,39.2257,332.94,0.63,0.54,2023-10-22,1102,N,VIIRS,n,2,301.26,3.37,D,0
37.39777,39.22535,331.4,0.63,0.54,2023-10-22,1102,N,VIIRS,n,2,297.94,1.51,D,0
37.4024,37.10912,340.02,0.48,0.48,2023-10-22,1102,N,VIIRS,n,2,307.14,3.92,D,0
37.42632,27.27581,336.65,0.4,0.37,2023-10-22,1102,N,VIIRS,n,2,301.35,2.18,D,0
37.46004,40.45784,344.5,0.37,0.58,2023-10-22,1102,N,VIIRS,n,2,297.43,3.64,D,0
37.52743,40.19212,335.83,0.35,0.57,2023-10-22,1102,N,VIIRS,n,2,298.31,3.14,D,0
37.53065,40.19139,340.94,0.35,0.57,2023-10-22,1102,N,VIIRS,n,2,297.54,3.58,D,0
37.53123,38.39091,331.41,0.56,0.52,2023-10-22,1102,N,VIIRS,n,2,295.64,5.5,D,0
37.53168,40.34939,346.42,0.36,0.57,2023-10-22,1102,N,VIIRS,n,2,300.77,3.55,D,0
37.53193,38.39208,331.16,0.56,0.52,2023-10-22,1102,N,VIIRS,n,2,295.59,4.56,D,0
37.54163,40.42495,367.0,0.36,0.58,2023-10-22,1102,N,VIIRS,h,2,296.34,5.93,D,0
37.56392,37.04315,330.92,0.48,0.48,2023-10-22,1102,N,VIIRS,n,2,303.61,2.56,D,0
37.56887,37.32056,330.45,0.49,0.49,2023-10-22,1102,N,VIIRS,n,2,300.02,3.19,D,0
37.57843,37.85746,333.03,0.53,0.5,2023-10-22,1102,N,VIIRS,n,2,302.59,5.24,D,0
37.63243,39.68341,330.91,0.33,0.56,2023-10-22,1102,N,VIIRS,n,2,299.87,1.05,D,0
37.63664,40.44445,338.24,0.37,0.58,2023-10-22,1102,N,VIIRS,n,2,296.83,3.1,D,0
37.66299,38.78723,334.32,0.59,0.53,2023-10-22,1102,N,VIIRS,n,2,298.46,3.9,D,0
37.66483,39.38462,339.38,0.32,0.55,2023-10-22,1102,N,VIIRS,n,2,299.99,2.41,D,0
37.68702,40.95451,337.94,0.39,0.59,2023-10-22,1102,N,VIIRS,n,2,298.22,1.7,D,0
37.69271,31.79855,335.35,0.42,0.38,2023-10-22,1102,N,VIIRS,n,2,306.08,4.84,D,0
37.71254,31.74758,338.79,0.42,0.38,2023-10-22,1102,N,VIIRS,n,2,297.55,5.65,D,0
37.73529,39.02375,335.04,0.61,0.54,2023-10-22,1102,N,VIIRS,n,2,302.61,5.41,D,0
37.78382,40.91339,337.97,0.39,0.59,2023-10-22,1102,N,VIIRS,n,2,296.54,2.98,D,0
37.78504,40.91304,339.27,0.39,0.59,2023-10-22,1102,N,VIIRS,n,2,297.77,2.43,D,0
37.79396,31.82906,339.23,0.42,0.38,2023-10-22,1102,N,VIIRS,n,2,293.91,3.75,D,0
37.81411,38.44149,348.79,0.57,0.52,2023-10-22,1102,N,VIIRS,n,2,301.89,14.29,D,0
37.82178,38.41397,342.04,0.57,0.52,2023-10-22,1102,N,VIIRS,n,2,303.65,4.48,D,0
37.82477,38.45376,348.55,0.57,0.52,2023-10-22,1102,N,VIIRS,n,2,302.85,21.04,D,0
37.8283,40.41079,339.32,0.37,0.58,2023-10-22,1102,N,VIIRS,n,2,299.05,3.84,D,0
37.83648,41.56049,345.49,0.42,0.61,2023-10-22,1102,N,VIIRS,n,2,299.15,4.69,D,0
37.83709,41.56126,339.58,0.42,0.61,2023-10-22,1102,N,VIIRS,n,2,298.8,4.82,D,0
37.8624,38.74643,341.99,0.59,0.53,2023-10-22,1102,N,VIIRS,n,2,302.45,7.84,D,0
37.8826,41.43036,367.0,0.42,0.61,2023-10-22,1102,N,VIIRS,h,2,302.88,18.55,D,0
37.95736,40.44891,350.75,0.37,0.58,2023-10-22,1102,N,VIIRS,n,2,301.33,3.33,D,0
37.96231,36.4872,334.83,0.45,0.47,2023-10-22,1102,N,VIIRS,n,2,298.72,3.66,D,0
37.9655,40.49537,367.0,0.37,0.58,2023-10-22,1102,N,VIIRS,h,2,300.86,11.53,D,0
37.96576,40.49997,367.0,0.37,0.58,2023-10-22,1102,N,VIIRS,h,2,303.57,11.53,D,0
37.96603,40.50459,334.32,0.37,0.58,2023-10-22,1102,N,VIIRS,n,2,299.96,10.1,D,0
37.96653,40.49518,367.0,0.37,0.58,2023-10-22,1102,N,VIIRS,h,2,301.42,11.93,D,0
37.96676,40.4998,367.0,0.37,0.58,2023-10-22,1102,N,VIIRS,h,2,303.37,11.93,D,0
37.97348,41.3799,337.74,0.42,0.61,2023-10-22,1102,N,VIIRS,n,2,299.83,3.6,D,0
37.98352,40.50748,348.13,0.37,0.58,2023-10-22,1102,N,VIIRS,n,2,301.68,2.41,D,0
37.988,40.50719,353.8,0.37,0.58,2023-10-22,1102,N,VIIRS,n,2,300.27,4.57,D,0
37.99183,41.07078,344.39,0.4,0.6,2023-10-22,1102,N,VIIRS,n,2,297.92,4.06,D,0
38.0096,40.19645,355.11,0.36,0.57,2023-10-22,1102,N,VIIRS,n,2,300.48,4.67,D,0
38.02511,40.18647,331.24,0.36,0.57,2023-10-22,1102,N,VIIRS,n,2,298.09,2.89,D,0
38.02528,40.573,349.95,0.38,0.58,2023-10-22,1102,N,VIIRS,n,2,300.21,3.52,D,0
38.02536,40.19069,333.77,0.36,0.57,2023-10-22,1102,N,VIIRS,n,2,298.46,4.29,D,0
38.02921,40.1651,333.68,0.36,0.57,2023-10-22,1102,N,VIIRS,n,2,297.44,4.26,D,0
38.02946,40.1693,367.0,0.36,0.57,2023-10-22,1102,N,VIIRS,h,2,300.74,4.26,D,0
38.03045,40.18604,338.36,0.36,0.57,2023-10-22,1102,N,VIIRS,n,2,297.26,2.89,D,0
38.03069,40.19024,340.36,0.36,0.57,2023-10-22,1102,N,VIIRS,n,2,296.21,4.29,D,0
38.03454,40.16469,331.04,0.36,0.57,2023-10-22,1102,N,VIIRS,n,2,300.34,3.11,D,0
38.03479,40.16887,340.93,0.36,0.57,2023-10-22,1102,N,VIIRS,n,2,297.22,3.11,D,0
38.04263,40.21051,331.08,0.36,0.57,2023-10-22,1102,N,VIIRS,n,2,297.52,1.1,D,0
38.07025,41.22631,349.43,0.41,0.6,2023-10-22,1102,N,VIIRS,n,2,297.51,4.9,D,0
38.09109,40.9738,337.59,0.4,0.6,2023-10-22,1102,N,VIIRS,n,2,298.34,6.57,D,0
38.09134,40.97845,367.0,0.4,0.6,2023-10-22,1102,N,VIIRS,h,2,302.41,12.07,D,0
38.09158,40.98294,339.14,0.4,0.6,2023-10-22,1102,N,VIIRS,n,2,299.76,12.07,D,0
38.09531,40.97483,355.52,0.4,0.6,2023-10-22,1102,N,VIIRS,n,2,301.39,20.22,D,0
38.09553,40.97946,355.67,0.4,0.6,2023-10-22,1102,N,VIIRS,n,2,303.68,22.25,D,0
38.09574,40.98389,350.21,0.4,0.6,2023-10-22,1102,N,VIIRS,n,2,299.33,22.25,D,0
38.09666,40.97328,338.16,0.4,0.6,2023-10-22,1102,N,VIIRS,n,2,298.48,6.57,D,0
38.09691,40.97796,367.0,0.4,0.6,2023-10-22,1102,N,VIIRS,h,2,297.8,12.07,D,0
38.09704,41.0115,347.25,0.4,0.6,2023-10-22,1102,N,VIIRS,n,2,300.84,10.9,D,0
38.09715,40.98243,367.0,0.4,0.6,2023-10-22,1102,N,VIIRS,h,2,300.62,12.07,D,0
38.09861,41.0098,367.0,0.4,0.6,2023-10-22,1102,N,VIIRS,h,2,300.26,7.3,D,0
38.10239,30.2212,335.3,0.39,0.36,2023-10-22,1102,N,VIIRS,n,2,305.18,4.52,D,0
38.10749,41.11448,336.12,0.4,0.6,2023-10-22,1102,N,VIIRS,n,2,298.78,2.9,D,0
38.11109,40.84095,336.25,0.39,0.59,2023-10-22,1102,N,VIIRS,n,2,298.65,3.56,D,0
38.11131,40.8454,349.89,0.39,0.59,2023-10-22,1102,N,VIIRS,n,2,298.24,3.56,D,0
38.1119,40.84422,343.93,0.39,0.59,2023-10-22,1102,N,VIIRS,n,2,297.96,6.57,D,0
38.12132,41.33776,367.0,0.41,0.61,2023-10-22,1102,N,VIIRS,h,2,302.63,10.27,D,0
38.12325,41.33455,355.97,0.41,0.61,2023-10-22,1102,N,VIIRS,n,2,299.11,10.67,D,0
38.12346,41.33929,367.0,0.41,0.61,2023-10-22,1102,N,VIIRS,h,2,299.94,17.42,D,0
38.127,41.33718,349.12,0.41,0.61,2023-10-22,1102,N,VIIRS,n,2,296.62,10.27,D,0
38.12796,27.45794,332.7,0.39,0.36,2023-10-22,1102,N,VIIRS,n,2,303.13,1.24,D,0
38.16397,40.7901,336.91,0.39,0.59,2023-10-22,1102,N,VIIRS,n,2,298.54,3.46,D,0
38.17307,36.93398,334.79,0.48,0.48,2023-10-22,1102,N,VIIRS,n,2,299.18,3.48,D,0
38.18515,40.98055,342.12,0.4,0.6,2023-10-22,1102,N,VIIRS,n,2,296.13,4.07,D,0
38.2176,37.03502,332.46,0.49,0.48,2023-10-22,1102,N,VIIRS,n,2,299.99,2.82,D,0
38.22696,30.18958,338.21,0.39,0.36,2023-10-22,1102,N,VIIRS,n,2,298.61,7.47,D,0
38.24068,40.78965,336.45,0.39,0.59,2023-10-22,1102,N,VIIRS,n,2,295.6,3.29,D,0
38.26612,29.61528,334.64,0.39,0.36,2023-10-22,1102,N,VIIRS,n,2,299.96,2.52,D,0
38.28227,30.2802,354.63,0.39,0.36,2023-10-22,1102,N,VIIRS,n,2,286.19,11.25,D,0
38.31677,30.70995,342.65,0.4,0.37,2023-10-22,1102,N,VIIRS,n,2,299.08,6.16,D,0
38.43579,36.03424,346.19,0.43,0.46,2023-10-22,1102,N,VIIRS,n,2,296.84,6.05,D,0
38.55597,37.00397,341.4,0.49,0.48,2023-10-22,1102,N,VIIRS,n,2,298.51,11.48,D,0
38.63507,29.64306,331.38,0.39,0.36,2023-10-22,1102,N,VIIRS,n,2,300.77,3.89,D,0
38.66967,29.59821,328.15,0.39,0.36,2023-10-22,1102,N,VIIRS,n,2,283.33,2.99,D,0
38.68112,27.36014,332.96,0.39,0.36,2023-10-22,1102,N,VIIRS,n,2,300.55,1.95,D,0
38.68217,29.61364,330.5,0.39,0.36,2023-10-22,1102,N,VIIRS,n,2,295.55,3.31,D,0
38.71059,32.32872,341.35,0.45,0.39,2023-10-22,1102,N,VIIRS,n,2,307.4,3.03,D,0
38.73256,26.964,332.02,0.4,0.37,2023-10-22,1102,N,VIIRS,n,2,304.51,2.41,D,2
38.76535,32.22578,335.76,0.44,0.39,2023-10-22,1102,N,VIIRS,n,2,304.87,4.55,D,0
38.80667,36.08513,341.19,0.44,0.46,2023-10-22,1102,N,VIIRS,n,2,297.12,5.16,D,0
38.91518,34.45926,336.65,0.55,0.43,2023-10-22,1102,N,VIIRS,n,2,301.59,7.38,D,0
38.92902,27.9749,345.19,0.39,0.36,2023-10-22,1102,N,VIIRS,n,2,302.73,2.48,D,0
38.9309,27.96516,341.19,0.39,0.36,2023-10-22,1102,N,VIIRS,n,2,303.65,5.3,D,0
39.37665,35.22295,339.61,0.4,0.44,2023-10-22,1102,N,VIIRS,n,2,300.15,7.67,D,0
39.3789,35.22084,346.83,0.4,0.45,2023-10-22,1102,N,VIIRS,n,2,299.94,6.04,D,0
39.40041,34.92306,348.53,0.39,0.44,2023-10-22,1102,N,VIIRS,n,2,302.31,4.71,D,0
39.43411,34.19664,347.22,0.54,0.42,2023-10-22,1102,N,VIIRS,n,2,302.58,9.15,D,0
39.4868,33.93854,331.87,0.53,0.42,2023-10-22,1102,N,VIIRS,n,2,299.43,4.67,D,0
39.99584,43.97109,326.59,0.59,0.7,2023-10-22,1102,N,VIIRS,n,2,291.47,3.42,D,0
39.99809,43.97358,327.44,0.59,0.7,2023-10-22,1102,N,VIIRS,n,2,291.32,3.12,D,0
39.11275,27.52646,351.74,0.39,0.36,2023-10-22,1103,N,VIIRS,n,2,310.81,7.53,D,0
39.15358,27.55422,343.69,0.39,0.36,2023-10-22,1103,N,VIIRS,n,2,300.22,3.5,D,0
39.25173,28.10617,339.08,0.38,0.36,2023-10-22,1103,N,VIIRS,n,2,303.96,3.13,D,0
39.76576,28.37662,336.77,0.38,0.36,2023-10-22,1103,N,VIIRS,n,2,306.28,6.18,D,0
39.76905,28.37577,337.06,0.38,0.36,2023-10-22,1103,N,VIIRS,n,2,303.56,6.18,D,0
39.81041,27.17076,334.25,0.39,0.36,2023-10-22,1103,N,VIIRS,n,2,303.05,1.85,D,0
39.81486,28.14307,331.87,0.38,0.36,2023-10-22,1103,N,VIIRS,n,2,305.21,1.64,D,0
39.86872,32.34528,356.43,0.46,0.39,2023-10-22,1103,N,VIIRS,n,2,306.44,12.17,D,0
39.92109,32.12589,346.29,0.45,0.39,2023-10-22,1103,N,VIIRS,n,2,304.86,7.43,D,0
39.92466,32.12509,345.83,0.45,0.39,2023-10-22,1103,N,VIIRS,n,2,304.07,7.43,D,0
40.09103,28.01401,332.6,0.38,0.36,2023-10-22,1103,N,VIIRS,n,2,301.1,3.87,D,0
40.1031,26.65866,339.37,0.4,0.37,2023-10-22,1103,N,VIIRS,n,2,301.48,2.85,D,0
40.13001,27.96306,334.81,0.38,0.36,2023-10-22,1103,N,VIIRS,n,2,299.66,3.85,D,0
40.13568,27.77963,338.79,0.38,0.36,2023-10-22,1103,N,VIIRS,n,2,303.88,2.78,D,0
40.20668,28.08281,333.68,0.38,0.36,2023-10-22,1103,N,VIIRS,n,2,301.94,2.16,D,0
40.24261,33.82477,347.2,0.53,0.42,2023-10-22,1103,N,VIIRS,n,2,301.15,7.33,D,0
40.24716,33.8306,343.05,0.53,0.42,2023-10-22,1103,N,VIIRS,n,2,299.42,9.4,D,0
40.30104,27.62185,330.23,0.39,0.36,2023-10-22,1103,N,VIIRS,n,2,298.96,2.31,D,0
40.32398,27.87799,337.43,0.38,0.36,2023-10-22,1103,N,VIIRS,n,2,305.14,3.37,D,0
40.42533,34.25363,340.61,0.56,0.43,2023-10-22,1103,N,VIIRS,n,2,302.25,8.46,D,0
40.56668,34.38641,334.07,0.57,0.43,2023-10-22,1103,N,VIIRS,n,2,298.17,5.25,D,0
40.72976,26.32415,328.31,0.4,0.37,2023-10-22,1103,N,VIIRS,n,2,294.76,2.04,D,0
40.73198,30.48797,335.74,0.41,0.37,2023-10-22,1103,N,VIIRS,n,2,297.09,2.75,D,0
40.73257,30.57319,326.96,0.41,0.37,2023-10-22,1103,N,VIIRS,n,2,291.92,0.99,D,0
40.73927,26.44305,336.81,0.39,0.37,2023-10-22,1103,N,VIIRS,n,2,296.28,2.77,D,0
40.74405,26.30536,343.17,0.4,0.37,2023-10-22,1103,N,VIIRS,n,2,295.52,3.51,D,0
40.7642,30.46567,328.19,0.41,0.37,2023-10-22,1103,N,VIIRS,n,2,295.19,2.16,D,0
40.76558,26.30886,332.28,0.4,0.37,2023-10-22,1103,N,VIIRS,n,2,294.25,2.22,D,0
40.77361,30.48359,339.27,0.41,0.37,2023-10-22,1103,N,VIIRS,n,2,294.55,3.93,D,0
40.77577,30.48024,336.33,0.41,0.37,2023-10-22,1103,N,VIIRS,n,2,295.6,14.26,D,0
40.7807,30.46408,332.97,0.41,0.37,2023-10-22,1103,N,VIIRS,n,2,292.51,2.75,D,0
40.78356,26.33293,332.36,0.4,0.37,2023-10-22,1103,N,VIIRS,n,2,294.27,2.38,D,0
40.78411,30.4633,325.18,0.41,0.37,2023-10-22,1103,N,VIIRS,n,2,292.19,1.8,D,0
40.79089,26.67006,335.37,0.39,0.36,2023-10-22,1103,N,VIIRS,n,2,301.78,2.64,D,0
40.79412,30.48614,326.2,0.41,0.37,2023-10-22,1103,N,VIIRS,n,2,294.34,3.13,D,0
40.81781,30.50593,327.61,0.41,0.37,2023-10-22,1103,N,VIIRS,n,2,291.17,2.23,D,0
40.82355,26.2107,337.81,0.4,0.37,2023-10-22,1103,N,VIIRS,n,2,292.37,6.06,D,0
40.82513,26.22003,331.92,0.4,0.37,2023-10-22,1103,N,VIIRS,n,2,291.59,3.08,D,0
40.83467,30.5273,334.37,0.41,0.37,2023-10-22,1103,N,VIIRS,n,2,299.12,8.98,D,0
40.83712,26.27037,331.28,0.4,0.37,2023-10-22,1103,N,VIIRS,n,2,294.54,3.47,D,0
40.8379,26.27503,330.83,0.4,0.37,2023-10-22,1103,N,VIIRS,n,2,295.39,3.47,D,0
40.86158,26.31211,331.55,0.4,0.37,2023-10-22,1103,N,VIIRS,n,2,294.43,2.73,D,0
40.86744,26.30551,347.01,0.4,0.37,2023-10-22,1103,N,VIIRS,n,2,296.9,7.0,D,0
40.87919,26.29232,333.97,0.4,0.37,2023-10-22,1103,N,VIIRS,n,2,292.32,2.68,D,0
40.89171,26.28378,331.74,0.4,0.37,2023-10-22,1103,N,VIIRS,n,2,294.81,3.15,D,0
40.89301,26.64745,336.65,0.39,0.36,2023-10-22,1103,N,VIIRS,n,2,300.5,2.66,D,0
40.96977,26.37004,327.89,0.39,0.37,2023-10-22,1103,N,VIIRS,n,2,294.25,2.01,D,0
41.06145,26.32647,356.16,0.39,0.37,2023-10-22,1103,N,VIIRS,n,2,294.2,9.91,D,0
41.08547,26.32435,330.61,0.39,0.37,2023-10-22,1103,N,VIIRS,n,2,290.41,1.54,D,0
41.10226,26.50916,339.02,0.39,0.36,2023-10-22,1103,N,VIIRS,n,2,289.97,4.02,D,0
41.15895,26.89809,337.7,0.39,0.36,2023-10-22,1103,N,VIIRS,n,2,300.45,6.02,D,0
41.16053,27.22464,336.79,0.39,0.36,2023-10-22,1103,N,VIIRS,n,2,303.81,8.26,D,0
41.17405,32.63565,329.41,0.49,0.4,2023-10-22,1103,N,VIIRS,n,2,299.13,2.69,D,2
41.24978,27.12107,334.65,0.39,0.36,2023-10-22,1103,N,VIIRS,n,2,299.9,2.35,D,0
41.25517,31.41678,330.66,0.44,0.38,2023-10-22,1103,N,VIIRS,n,2,299.55,3.73,D,2
41.29002,27.1877,334.86,0.39,0.36,2023-10-22,1103,N,VIIRS,n,2,304.38,9.89,D,0
41.36734,26.96678,329.08,0.39,0.36,2023-10-22,1103,N,VIIRS,n,2,294.52,2.09,D,0
41.56387,43.46579,346.39,0.57,0.69,2023-10-22,1103,N,VIIRS,n,2,294.26,6.81,D,0
42.23341,25.77683,330.24,0.4,0.37,2023-10-22,1103,N,VIIRS,n,2,288.42,2.31,D,0
42.46794,26.37851,337.48,0.39,0.36,2023-10-22,1103,N,VIIRS,n,2,299.45,3.04,D,0
42.47123,26.37753,341.6,0.39,0.36,2023-10-22,1103,N,VIIRS,n,2,298.37,4.73,D,0
42.12514,43.0148,319.2,0.45,0.39,2023-10-22,2320,N,VIIRS,n,2,283.83,1.38,N,2
42.21244,42.80361,295.55,0.44,0.38,2023-10-22,2320,N,VIIRS,n,2,283.86,0.41,N,0
38.66462,39.23442,299.21,0.39,0.36,2023-10-22,2321,N,VIIRS,n,2,283.9,0.7,N,0
38.88463,37.89608,303.47,0.38,0.36,2023-10-22,2321,N,VIIRS,n,2,282.3,0.92,N,2
38.89247,41.56996,295.79,0.44,0.39,2023-10-22,2321,N,VIIRS,n,2,281.43,0.8,N,0
39.73952,33.76365,300.46,0.48,0.4,2023-10-22,2321,N,VIIRS,n,2,283.36,1.03,N,0
39.83551,30.30265,301.64,0.46,0.47,2023-10-22,2321,N,VIIRS,n,2,282.22,1.62,N,2
39.94374,33.18953,302.75,0.51,0.41,2023-10-22,2321,N,VIIRS,n,2,283.98,1.19,N,2
39.94632,33.19034,300.74,0.51,0.41,2023-10-22,2321,N,VIIRS,n,2,283.61,1.05,N,2
40.0192,27.00984,298.23,0.35,0.56,2023-10-22,2321,N,VIIRS,n,2,284.34,0.67,N,0
40.0511,32.64881,296.25,0.54,0.42,2023-10-22,2321,N,VIIRS,n,2,283.15,0.6,N,2
40.24391,29.92707,295.24,0.49,0.49,2023-10-22,2321,N,VIIRS,n,2,284.5,0.45,N,2
40.4421,27.14023,310.48,0.34,0.56,2023-10-22,2321,N,VIIRS,n,2,287.83,0.72,N,2
40.44235,27.13591,297.4,0.34,0.56,2023-10-22,2321,N,VIIRS,n,2,287.11,0.72,N,0
40.44736,27.14063,301.93,0.34,0.56,2023-10-22,2321,N,VIIRS,n,2,287.28,0.72,N,3
40.75753,31.78368,299.94,0.4,0.44,2023-10-22,2321,N,VIIRS,n,2,282.0,1.1,N,2
40.76468,32.21723,300.91,0.38,0.43,2023-10-22,2321,N,VIIRS,n,2,276.5,1.23,N,2
40.94654,31.39856,297.12,0.42,0.45,2023-10-22,2321,N,VIIRS,n,2,284.39,0.88,N,2
41.25525,31.41799,298.73,0.42,0.45,2023-10-22,2321,N,VIIRS,n,2,286.72,0.75,N,2
41.25572,31.41288,317.71,0.42,0.45,2023-10-22,2321,N,VIIRS,n,2,287.39,1.41,N,2
41.26692,31.43028,308.2,0.42,0.45,2023-10-22,2321,N,VIIRS,n,2,288.37,1.06,N,2
41.2674,31.42516,310.12,0.42,0.45,2023-10-22,2321,N,VIIRS,n,2,292.1,2.61,N,2
41.62897,27.68649,302.69,0.33,0.55,2023-10-22,2321,N,VIIRS,n,2,285.23,1.05,N,2
41.63383,27.5073,296.81,0.34,0.56,2023-10-22,2321,N,VIIRS,n,2,285.11,0.51,N,2
42.15536,25.50088,299.58,0.43,0.62,2023-10-22,2321,N,VIIRS,n,2,283.43,0.7,N,0
35.52815,44.34471,306.25,0.45,0.47,2023-10-22,2322,N,VIIRS,n,2,279.81,2.61,N,2
35.52921,44.33991,340.12,0.45,0.47,2023-10-22,2322,N,VIIRS,n,2,283.06,2.61,N,2
35.53342,44.34124,305.61,0.45,0.47,2023-10-22,2322,N,VIIRS,n,2,282.28,1.08,N,2
35.53449,44.3364,317.04,0.45,0.47,2023-10-22,2322,N,VIIRS,n,2,282.39,1.56,N,2
35.62788,44.01173,297.66,0.43,0.46,2023-10-22,2322,N,VIIRS,n,2,277.88,2.08,N,2
35.62889,44.00712,334.8,0.43,0.46,2023-10-22,2322,N,VIIRS,n,2,278.88,2.08,N,2
35.66462,43.9639,298.48,0.43,0.46,2023-10-22,2322,N,VIIRS,n,2,283.78,0.72,N,2
35.68335,43.87653,347.13,0.42,0.45,2023-10-22,2322,N,VIIRS,n,2,286.87,6.1,N,2
35.68745,43.87783,311.46,0.42,0.45,2023-10-22,2322,N,VIIRS,n,2,285.3,1.32,N,2
35.72974,44.03154,324.06,0.43,0.46,2023-10-22,2322,N,VIIRS,n,2,276.66,1.52,N,2
35.7727,43.99556,299.68,0.43,0.46,2023-10-22,2322,N,VIIRS,n,2,279.46,0.87,N,2
35.81456,43.2553,301.91,0.39,0.44,2023-10-22,2322,N,VIIRS,n,2,288.14,0.75,N,2
35.83435,43.22082,313.59,0.39,0.44,2023-10-22,2322,N,VIIRS,n,2,289.16,1.5,N,0
35.83486,43.22352,304.3,0.39,0.44,2023-10-22,2322,N,VIIRS,n,2,288.15,0.82,N,0
35.83576,43.21931,299.79,0.39,0.44,2023-10-22,2322,N,VIIRS,n,2,288.2,0.82,N,0
35.92259,43.78798,314.47,0.41,0.45,2023-10-22,2322,N,VIIRS,n,2,287.92,1.11,N,2
35.92665,43.78924,300.69,0.41,0.45,2023-10-22,2322,N,VIIRS,n,2,287.46,0.41,N,2
35.95098,43.72809,311.74,0.41,0.45,2023-10-22,2322,N,VIIRS,n,2,287.51,1.53,N,2
35.95106,43.73521,303.61,0.41,0.45,2023-10-22,2322,N,VIIRS,n,2,288.31,0.7,N,2
35.95199,43.7308,302.79,0.41,0.45,2023-10-22,2322,N,VIIRS,n,2,287.87,1.19,N,2
35.95292,43.72641,306.05,0.41,0.45,2023-10-22,2322,N,VIIRS,n,2,286.7,1.19,N,2
35.95407,43.73372,298.08,0.41,0.45,2023-10-22,2322,N,VIIRS,n,2,288.02,0.38,N,2
35.96373,39.05695,296.3,0.4,0.37,2023-10-22,2322,N,VIIRS,n,2,285.35,0.22,N,0
35.96846,43.76695,307.86,0.41,0.45,2023-10-22,2322,N,VIIRS,n,2,289.85,2.62,N,2
35.96944,43.76242,301.84,0.41,0.45,2023-10-22,2322,N,VIIRS,n,2,289.28,1.85,N,2
35.97149,43.77292,312.14,0.41,0.45,2023-10-22,2322,N,VIIRS,n,2,288.83,1.99,N,2
35.9805,43.77124,334.78,0.41,0.45,2023-10-22,2322,N,VIIRS,n,2,290.13,2.36,N,2
35.99547,43.7619,299.69,0.41,0.45,2023-10-22,2322,N,VIIRS,n,2,286.51,0.9,N,2
35.99949,43.76327,310.83,0.41,0.45,2023-10-22,2322,N,VIIRS,n,2,287.22,1.2,N,2
36.01661,43.6834,334.0,0.41,0.45,2023-10-22,2322,N,VIIRS,n,2,289.94,4.41,N,2
36.12653,43.78421,310.0,0.41,0.45,2023-10-22,2322,N,VIIRS,n,2,288.0,1.27,N,2
36.12881,40.80947,297.71,0.45,0.39,2023-10-22,2322,N,VIIRS,n,2,286.26,0.56,N,2
36.13233,40.8105,312.15,0.45,0.39,2023-10-22,2322,N,VIIRS,n,2,288.58,1.47,N,2
36.14198,40.81853,313.18,0.45,0.39,2023-10-22,2322,N,VIIRS,n,2,285.8,0.76,N,2
36.26405,33.72876,312.67,0.44,0.39,2023-10-22,2322,N,VIIRS,n,2,291.7,1.53,N,2
36.33453,43.76223,299.17,0.4,0.44,2023-10-22,2322,N,VIIRS,n,2,286.48,0.63,N,2
36.44034,42.9299,297.72,0.55,0.43,2023-10-22,2322,N,VIIRS,n,2,286.55,0.87,N,2
36.45788,41.2839,312.85,0.47,0.4,2023-10-22,2322,N,VIIRS,n,2,285.41,1.12,N,2
36.52252,37.53629,297.87,0.38,0.36,2023-10-22,2322,N,VIIRS,n,2,285.85,0.61,N,0
36.64159,43.63675,295.49,0.39,0.44,2023-10-22,2322,N,VIIRS,n,2,285.14,0.47,N,2
36.65342,43.70019,298.77,0.4,0.44,2023-10-22,2322,N,VIIRS,n,2,284.0,1.18,N,0
36.68513,36.20728,308.98,0.39,0.36,2023-10-22,2322,N,VIIRS,n,2,292.62,0.45,N,2
36.71695,36.20107,330.93,0.39,0.36,2023-10-22,2322,N,VIIRS,n,2,292.87,3.98,N,2
36.72028,36.20181,305.2,0.39,0.36,2023-10-22,2322,N,VIIRS,n,2,292.21,3.98,N,2
36.72296,36.20692,315.23,0.39,0.36,2023-10-22,2322,N,VIIRS,n,2,290.39,0.97,N,0
36.72896,36.21278,319.13,0.39,0.36,2023-10-22,2322,N,VIIRS,n,2,294.89,1.04,N,2
36.72945,43.28288,304.03,0.56,0.43,2023-10-22,2322,N,VIIRS,n,2,286.61,0.89,N,2
36.72961,36.20843,305.43,0.39,0.36,2023-10-22,2322,N,VIIRS,n,2,292.35,1.04,N,2
36.73228,36.21355,305.88,0.39,0.36,2023-10-22,2322,N,VIIRS,n,2,295.08,1.04,N,2
36.73293,36.20919,311.75,0.39,0.36,2023-10-22,2322,N,VIIRS,n,2,294.72,1.04,N,2
36.73689,36.20558,312.1,0.39,0.36,2023-10-22,2322,N,VIIRS,n,2,294.56,0.74,N,2
36.73957,36.2107,314.39,0.39,0.36,2023-10-22,2322,N,VIIRS,n,2,297.48,1.98,N,2
36.74418,36.20275,330.59,0.39,0.36,2023-10-22,2322,N,VIIRS,n,2,292.41,1.36,N,2
36.74483,36.19839,306.6,0.39,0.36,2023-10-22,2322,N,VIIRS,n,2,291.21,1.56,N,2
36.74697,43.49721,305.77,0.38,0.44,2023-10-22,2322,N,VIIRS,n,2,287.41,1.91,N,2
36.74751,36.20351,310.41,0.39,0.36,2023-10-22,2322,N,VIIRS,n,2,292.35,1.36,N,2
36.7749,43.32326,337.12,0.57,0.43,2023-10-22,2322,N,VIIRS,n,2,287.71,5.86,N,2
36.77993,36.20415,324.4,0.39,0.36,2023-10-22,2322,N,VIIRS,n,2,294.37,2.8,N,3
36.8702,34.762,311.31,0.42,0.38,2023-10-22,2322,N,VIIRS,n,2,291.95,1.26,N,2
36.89003,43.42917,299.63,0.57,0.43,2023-10-22,2322,N,VIIRS,n,2,281.33,1.26,N,2
36.89178,43.42931,315.41,0.57,0.43,2023-10-22,2322,N,VIIRS,n,2,282.4,2.05,N,2
36.89392,43.43041,309.68,0.57,0.43,2023-10-22,2322,N,VIIRS,n,2,282.59,1.28,N,2
36.90349,43.39278,295.04,0.57,0.43,2023-10-22,2322,N,VIIRS,n,2,282.44,1.04,N,2
36.90586,43.39386,320.01,0.57,0.43,2023-10-22,2322,N,VIIRS,n,2,282.35,3.11,N,2
36.9072,43.38755,315.48,0.57,0.43,2023-10-22,2322,N,VIIRS,n,2,283.44,4.03,N,2
36.90738,43.39396,327.41,0.57,0.43,2023-10-22,2322,N,VIIRS,n,2,284.39,5.38,N,2
36.91367,41.89663,300.72,0.49,0.4,2023-10-22,2322,N,VIIRS,n,2,284.92,0.45,N,2
36.9337,30.64635,308.75,0.41,0.45,2023-10-22,2322,N,VIIRS,n,2,289.2,0.7,N,2
36.93399,42.13397,308.38,0.5,0.41,2023-10-22,2322,N,VIIRS,n,2,285.96,1.37,N,2
36.93509,42.12848,303.15,0.5,0.41,2023-10-22,2322,N,VIIRS,n,2,287.12,1.37,N,2
36.93687,42.13364,320.13,0.5,0.41,2023-10-22,2322,N,VIIRS,n,2,287.78,2.06,N,2
36.94202,42.17165,329.31,0.5,0.41,2023-10-22,2322,N,VIIRS,n,2,289.04,3.72,N,2
36.99775,41.56361,306.32,0.47,0.4,2023-10-22,2322,N,VIIRS,n,2,285.97,0.81,N,2
37.07574,42.55932,299.84,0.52,0.41,2023-10-22,2322,N,VIIRS,n,2,287.93,0.72,N,2
37.07669,42.55853,304.77,0.52,0.41,2023-10-22,2322,N,VIIRS,n,2,288.79,1.51,N,2
37.07955,42.56011,301.88,0.52,0.41,2023-10-22,2322,N,VIIRS,n,2,288.66,0.72,N,2
37.13591,42.79374,298.48,0.53,0.42,2023-10-22,2322,N,VIIRS,n,2,284.93,0.73,N,2
37.13725,42.79479,296.1,0.53,0.42,2023-10-22,2322,N,VIIRS,n,2,284.22,0.64,N,2
37.29443,37.15617,309.98,0.38,0.36,2023-10-22,2322,N,VIIRS,n,2,288.31,1.43,N,2
37.30101,37.15776,299.75,0.38,0.36,2023-10-22,2322,N,VIIRS,n,2,286.67,0.56,N,0
37.33866,40.8055,295.07,0.44,0.38,2023-10-22,2322,N,VIIRS,n,2,284.33,0.38,N,2
37.35173,37.16105,311.19,0.38,0.36,2023-10-22,2322,N,VIIRS,n,2,289.97,0.9,N,2
37.43707,37.22451,307.04,0.38,0.36,2023-10-22,2322,N,VIIRS,n,2,285.06,0.65,N,0
37.54662,37.01563,298.95,0.39,0.36,2023-10-22,2322,N,VIIRS,n,2,285.63,0.46,N,0
37.71986,38.08121,318.97,0.39,0.36,2023-10-22,2322,N,VIIRS,n,2,284.79,1.24,N,0
37.72055,38.07689,296.82,0.39,0.36,2023-10-22,2322,N,VIIRS,n,2,283.96,0.52,N,0
37.78163,38.37059,314.58,0.39,0.36,2023-10-22,2322,N,VIIRS,n,2,284.63,1.05,N,0
37.79865,38.49752,299.43,0.39,0.36,2023-10-22,2322,N,VIIRS,n,2,286.42,0.32,N,0
37.80327,38.3852,299.68,0.39,0.36,2023-10-22,2322,N,VIIRS,n,2,284.15,0.76,N,0
37.80657,38.38604,311.12,0.39,0.36,2023-10-22,2322,N,VIIRS,n,2,285.89,0.76,N,0
37.80728,38.54972,306.21,0.39,0.36,2023-10-22,2322,N,VIIRS,n,2,285.55,0.73,N,0
37.86084,29.37426,297.07,0.49,0.49,2023-10-22,2322,N,VIIRS,n,2,285.94,1.8,N,2
37.89762,30.49284,298.37,0.43,0.46,2023-10-22,2322,N,VIIRS,n,2,283.27,0.95,N,2
37.93895,32.53629,298.49,0.52,0.41,2023-10-22,2322,N,VIIRS,n,2,283.14,0.64,N,0
38.15043,40.21225,296.06,0.41,0.37,2023-10-22,2322,N,VIIRS,n,2,284.68,0.34,N,0
38.27612,30.27174,296.0,0.45,0.47,2023-10-22,2322,N,VIIRS,n,2,280.17,0.62,N,0
38.27888,39.74454,295.73,0.4,0.37,2023-10-22,2322,N,VIIRS,n,2,284.88,0.46,N,2
38.4321,29.43817,297.48,0.5,0.49,2023-10-22,2322,N,VIIRS,n,2,280.99,0.92,N,0
38.4547,38.72935,302.2,0.39,0.36,2023-10-22,2322,N,VIIRS,n,2,285.66,0.73,N,2
39.57677,29.86399,306.63,0.49,0.48,2023-10-22,2322,N,VIIRS,n,2,281.19,1.65,N,0
40.99648,27.98591,367.0,0.47,0.64,2023-10-23,101,N,VIIRS,h,2,288.53,9.7,N,3
40.9982,27.98012,317.67,0.47,0.64,2023-10-23,101,N,VIIRS,n,2,284.73,9.7,N,0
41.01827,28.55516,311.14,0.5,0.66,2023-10-23,101,N,VIIRS,n,2,287.3,1.77,N,2
41.01943,28.55597,310.6,0.5,0.66,2023-10-23,101,N,VIIRS,n,2,287.72,2.09,N,2
41.25292,31.41665,309.34,0.67,0.74,2023-10-23,101,N,VIIRS,n,2,285.37,1.43,N,2
41.25529,31.41584,317.77,0.67,0.73,2023-10-23,101,N,VIIRS,n,2,285.75,3.14,N,2
41.26546,31.42438,299.71,0.67,0.74,2023-10-23,101,N,VIIRS,n,2,288.44,1.54,N,2
38.43236,29.43403,300.29,0.66,0.73,2023-10-23,102,N,VIIRS,n,2,279.11,1.06,N,0
38.7531,26.94977,303.02,0.48,0.65,2023-10-23,102,N,VIIRS,n,2,286.67,1.99,N,2
41.14003,26.73258,299.84,0.41,0.6,2023-10-23,102,N,VIIRS,n,2,286.74,0.61,N,0
35.52861,44.34055,367.0,0.6,0.7,2023-10-23,902,N,VIIRS,h,2,299.9,7.97,D,2
35.53489,44.33797,330.84,0.6,0.7,2023-10-23,902,N,VIIRS,n,2,298.32,2.04,D,2
35.67145,44.2802,339.84,0.6,0.7,2023-10-23,902,N,VIIRS,n,2,299.12,6.59,D,0
35.67207,44.28213,336.93,0.6,0.7,2023-10-23,902,N,VIIRS,n,2,298.92,4.04,D,0
35.68326,43.87583,367.0,0.63,0.72,2023-10-23,902,N,VIIRS,h,2,298.22,16.44,D,2
36.09628,44.43963,331.3,0.57,0.69,2023-10-23,902,N,VIIRS,n,2,301.69,2.02,D,0
36.32245,44.21048,344.42,0.58,0.7,2023-10-23,902,N,VIIRS,n,2,300.32,8.31,D,0
36.32533,44.21539,346.61,0.58,0.7,2023-10-23,902,N,VIIRS,n,2,300.18,10.61,D,0
36.4082,44.11906,336.63,0.58,0.7,2023-10-23,902,N,VIIRS,n,2,301.81,3.99,D,0
36.40875,44.12023,337.13,0.58,0.7,2023-10-23,902,N,VIIRS,n,2,302.2,4.75,D,0
37.82979,41.67129,340.78,0.7,0.75,2023-10-23,903,N,VIIRS,n,2,297.28,45.16,D,0
37.83297,41.68121,367.0,0.7,0.75,2023-10-23,903,N,VIIRS,h,2,293.56,45.16,D,0
38.12559,41.37188,326.31,0.71,0.75,2023-10-23,903,N,VIIRS,n,2,288.27,6.53,D,0
38.12639,41.37205,326.54,0.71,0.75,2023-10-23,903,N,VIIRS,n,2,288.63,6.05,D,0
38.16684,40.39713,326.76,0.79,0.78,2023-10-23,903,N,VIIRS,n,2,295.17,3.33,D,0
35.52716,44.34343,349.17,0.63,0.54,2023-10-23,1042,N,VIIRS,n,2,303.75,9.22,D,2
35.52803,44.3441,345.1,0.63,0.54,2023-10-23,1042,N,VIIRS,n,2,303.61,9.3,D,2
35.53171,44.33591,339.61,0.63,0.54,2023-10-23,1042,N,VIIRS,n,2,302.38,9.22,D,2
35.53254,44.33661,338.33,0.63,0.54,2023-10-23,1042,N,VIIRS,n,2,302.69,3.92,D,2
35.62879,44.00736,338.05,0.6,0.53,2023-10-23,1042,N,VIIRS,n,2,303.87,2.63,D,2
35.6838,43.87937,342.58,0.59,0.53,2023-10-23,1042,N,VIIRS,n,2,306.35,13.5,D,2
35.68557,43.87803,343.7,0.59,0.53,2023-10-23,1042,N,VIIRS,n,2,307.31,10.53,D,2
35.70729,44.19096,337.6,0.62,0.54,2023-10-23,1042,N,VIIRS,n,2,302.03,4.9,D,0
35.70744,44.19181,335.98,0.62,0.54,2023-10-23,1042,N,VIIRS,n,2,302.3,5.04,D,0
35.72633,44.04387,342.51,0.61,0.53,2023-10-23,1042,N,VIIRS,n,2,304.61,6.04,D,2
35.72708,44.04271,342.61,0.61,0.53,2023-10-23,1042,N,VIIRS,n,2,304.42,8.1,D,2
35.86883,36.9875,336.57,0.42,0.38,2023-10-23,1042,N,VIIRS,n,2,306.03,2.92,D,0
35.91927,39.87266,336.47,0.55,0.42,2023-10-23,1042,N,VIIRS,n,2,307.27,3.43,D,0
36.01749,43.683,349.17,0.58,0.52,2023-10-23,1042,N,VIIRS,n,2,306.49,9.06,D,2
36.10987,37.85207,331.36,0.45,0.39,2023-10-23,1042,N,VIIRS,n,2,301.87,1.68,D,0
36.14371,40.8175,340.25,0.41,0.45,2023-10-23,1042,N,VIIRS,n,2,307.86,2.25,D,2
36.1931,43.53095,356.56,0.57,0.52,2023-10-23,1042,N,VIIRS,n,2,307.34,26.84,D,0
36.1952,43.53276,354.55,0.57,0.52,2023-10-23,1042,N,VIIRS,n,2,307.09,28.15,D,0
36.25891,39.20199,341.71,0.51,0.41,2023-10-23,1042,N,VIIRS,n,2,306.63,6.26,D,0
36.27322,43.88972,345.48,0.6,0.53,2023-10-23,1042,N,VIIRS,n,2,303.22,11.39,D,0
36.68596,43.36361,343.18,0.57,0.52,2023-10-23,1042,N,VIIRS,n,2,307.32,6.65,D,0
36.15986,37.50084,348.52,0.44,0.38,2023-10-23,1043,N,VIIRS,n,2,306.95,13.94,D,0
36.23126,38.18171,332.09,0.46,0.39,2023-10-23,1043,N,VIIRS,n,2,303.08,1.82,D,0
36.27569,29.45275,333.58,0.5,0.41,2023-10-23,1043,N,VIIRS,n,2,304.13,3.36,D,0
36.70958,38.57598,336.3,0.49,0.4,2023-10-23,1043,N,VIIRS,n,2,305.52,3.31,D,0
36.71803,36.19949,335.48,0.41,0.37,2023-10-23,1043,N,VIIRS,n,2,306.63,4.79,D,2
36.73045,39.85854,330.54,0.56,0.43,2023-10-23,1043,N,VIIRS,n,2,304.9,2.07,D,0
36.74644,36.20297,335.5,0.41,0.37,2023-10-23,1043,N,VIIRS,n,2,306.11,4.4,D,2
36.77417,43.32204,337.89,0.57,0.52,2023-10-23,1043,N,VIIRS,n,2,298.97,4.74,D,2
36.82182,29.58798,331.56,0.48,0.4,2023-10-23,1043,N,VIIRS,n,2,304.79,3.21,D,0
36.85162,39.55289,346.25,0.54,0.42,2023-10-23,1043,N,VIIRS,n,2,304.32,13.74,D,0
36.85551,39.55226,348.17,0.54,0.42,2023-10-23,1043,N,VIIRS,n,2,302.47,13.74,D,0
36.86951,40.87468,351.78,0.42,0.45,2023-10-23,1043,N,VIIRS,n,2,308.41,8.02,D,0
36.89477,40.57229,351.1,0.4,0.45,2023-10-23,1043,N,VIIRS,n,2,307.32,5.38,D,0
36.89617,40.71286,343.83,0.41,0.45,2023-10-23,1043,N,VIIRS,n,2,308.21,4.07,D,0
36.89711,40.57341,343.67,0.41,0.45,2023-10-23,1043,N,VIIRS,n,2,305.83,4.23,D,0
36.90849,40.97073,348.98,0.42,0.46,2023-10-23,1043,N,VIIRS,n,2,306.9,6.45,D,0
36.93677,42.13372,341.86,0.49,0.49,2023-10-23,1043,N,VIIRS,n,2,305.52,4.21,D,2
36.93999,42.17324,342.23,0.49,0.49,2023-10-23,1043,N,VIIRS,n,2,304.94,3.56,D,2
36.9447,40.37772,344.67,0.4,0.44,2023-10-23,1043,N,VIIRS,n,2,306.35,3.54,D,0
36.94493,39.73052,335.22,0.55,0.43,2023-10-23,1043,N,VIIRS,n,2,306.43,4.1,D,0
36.97553,40.43689,333.11,0.4,0.44,2023-10-23,1043,N,VIIRS,n,2,304.85,1.82,D,0
37.04036,42.33309,345.54,0.5,0.49,2023-10-23,1043,N,VIIRS,n,2,306.41,4.02,D,0
37.09978,42.10469,335.74,0.49,0.49,2023-10-23,1043,N,VIIRS,n,2,306.45,3.12,D,0
37.1318,41.81893,347.14,0.47,0.48,2023-10-23,1043,N,VIIRS,n,2,308.61,7.32,D,0
37.13226,41.82438,344.15,0.47,0.48,2023-10-23,1043,N,VIIRS,n,2,307.7,7.32,D,0
37.13668,41.82368,337.42,0.47,0.48,2023-10-23,1043,N,VIIRS,n,2,304.5,7.32,D,0
37.1769,36.19464,336.37,0.41,0.37,2023-10-23,1043,N,VIIRS,n,2,307.98,3.03,D,0
37.21641,42.45852,343.13,0.51,0.5,2023-10-23,1043,N,VIIRS,n,2,305.36,7.18,D,0
37.24979,36.4272,331.34,0.42,0.37,2023-10-23,1043,N,VIIRS,n,2,301.91,1.99,D,0
37.25713,35.62849,345.86,0.4,0.37,2023-10-23,1043,N,VIIRS,n,2,305.5,5.82,D,0
37.27364,42.08287,342.37,0.49,0.49,2023-10-23,1043,N,VIIRS,n,2,307.43,3.68,D,0
37.3419,39.51363,331.92,0.55,0.42,2023-10-23,1043,N,VIIRS,n,2,298.47,6.14,D,0
37.51005,28.86848,331.34,0.5,0.41,2023-10-23,1043,N,VIIRS,n,2,304.81,1.86,D,0
37.51912,31.47332,335.06,0.41,0.37,2023-10-23,1043,N,VIIRS,n,2,300.9,3.51,D,0
37.54165,39.22782,331.77,0.53,0.42,2023-10-23,1043,N,VIIRS,n,2,305.58,2.91,D,0
37.54229,39.23385,330.58,0.53,0.42,2023-10-23,1043,N,VIIRS,n,2,305.05,2.91,D,0
37.54552,39.22719,332.33,0.53,0.42,2023-10-23,1043,N,VIIRS,n,2,305.79,2.91,D,0
37.54616,39.23323,332.4,0.53,0.42,2023-10-23,1043,N,VIIRS,n,2,304.21,2.91,D,0
37.55101,37.97653,338.26,0.47,0.4,2023-10-23,1043,N,VIIRS,n,2,303.85,4.42,D,0
37.56938,29.7823,338.53,0.46,0.39,2023-10-23,1043,N,VIIRS,n,2,305.3,4.31,D,0
37.64451,39.67582,334.36,0.56,0.43,2023-10-23,1043,N,VIIRS,n,2,303.01,4.21,D,0
37.68156,39.05756,341.06,0.52,0.42,2023-10-23,1043,N,VIIRS,n,2,303.58,4.84,D,0
37.6854,39.05687,354.65,0.52,0.42,2023-10-23,1043,N,VIIRS,n,2,312.71,39.4,D,0
37.74878,40.48167,334.75,0.41,0.45,2023-10-23,1043,N,VIIRS,n,2,300.31,2.85,D,0
37.77739,40.69995,332.58,0.42,0.45,2023-10-23,1043,N,VIIRS,n,2,297.94,2.24,D,0
37.79047,38.77012,337.38,0.51,0.41,2023-10-23,1043,N,VIIRS,n,2,303.46,3.37,D,0
37.80248,38.8097,337.32,0.51,0.41,2023-10-23,1043,N,VIIRS,n,2,305.37,9.33,D,0
37.84415,38.73089,330.6,0.51,0.41,2023-10-23,1043,N,VIIRS,n,2,301.07,1.25,D,0
37.84755,41.49621,335.73,0.46,0.47,2023-10-23,1043,N,VIIRS,n,2,302.68,2.89,D,0
37.8667,38.90041,336.71,0.52,0.41,2023-10-23,1043,N,VIIRS,n,2,302.41,6.89,D,0
37.88018,38.95243,342.82,0.52,0.42,2023-10-23,1043,N,VIIRS,n,2,305.92,17.51,D,0
37.89913,40.11758,335.7,0.39,0.44,2023-10-23,1043,N,VIIRS,n,2,303.6,2.4,D,0
37.96937,41.79729,333.27,0.48,0.48,2023-10-23,1043,N,VIIRS,n,2,300.59,2.84,D,0
37.97224,41.79967,333.03,0.48,0.48,2023-10-23,1043,N,VIIRS,n,2,300.83,3.53,D,0
37.98088,41.35188,339.16,0.46,0.47,2023-10-23,1043,N,VIIRS,n,2,301.64,4.92,D,0
37.98522,41.351,339.19,0.46,0.47,2023-10-23,1043,N,VIIRS,n,2,299.75,5.34,D,0
38.03243,40.93024,341.9,0.44,0.46,2023-10-23,1043,N,VIIRS,n,2,301.9,6.02,D,0
38.03287,40.93513,342.06,0.44,0.46,2023-10-23,1043,N,VIIRS,n,2,303.76,6.02,D,0
38.03797,41.44823,343.97,0.46,0.47,2023-10-23,1043,N,VIIRS,n,2,303.34,5.71,D,0
38.03832,41.45064,341.41,0.46,0.47,2023-10-23,1043,N,VIIRS,n,2,303.95,4.5,D,0
38.03942,41.05691,342.9,0.44,0.46,2023-10-23,1043,N,VIIRS,n,2,301.43,3.28,D,0
38.04266,41.24358,357.25,0.45,0.47,2023-10-23,1043,N,VIIRS,n,2,301.45,11.54,D,0
38.04701,41.24309,356.38,0.45,0.47,2023-10-23,1043,N,VIIRS,n,2,300.7,15.36,D,0
38.04942,41.07154,335.03,0.44,0.46,2023-10-23,1043,N,VIIRS,n,2,298.29,2.63,D,0
38.05844,41.37594,341.42,0.46,0.47,2023-10-23,1043,N,VIIRS,n,2,302.86,8.36,D,0
38.09362,40.86211,340.4,0.43,0.46,2023-10-23,1043,N,VIIRS,n,2,301.91,4.39,D,0
38.10222,40.14014,341.82,0.4,0.44,2023-10-23,1043,N,VIIRS,n,2,302.29,3.55,D,0
38.10363,41.33665,342.57,0.46,0.47,2023-10-23,1043,N,VIIRS,n,2,300.19,4.79,D,0
38.12431,40.07091,331.66,0.39,0.44,2023-10-23,1043,N,VIIRS,n,2,303.43,1.87,D,0
38.1254,40.20663,342.42,0.4,0.44,2023-10-23,1043,N,VIIRS,n,2,307.8,4.38,D,0
38.14335,41.33626,341.33,0.46,0.47,2023-10-23,1043,N,VIIRS,n,2,298.47,3.42,D,0
38.14349,41.3386,340.77,0.46,0.47,2023-10-23,1043,N,VIIRS,n,2,298.52,4.9,D,0
38.14906,39.99168,334.26,0.39,0.44,2023-10-23,1043,N,VIIRS,n,2,304.63,2.22,D,0
38.15221,31.30525,335.54,0.41,0.37,2023-10-23,1043,N,VIIRS,n,2,307.6,3.59,D,0
38.15559,31.30434,345.94,0.41,0.37,2023-10-23,1043,N,VIIRS,n,2,311.78,19.14,D,0
38.16193,40.21217,343.06,0.4,0.44,2023-10-23,1043,N,VIIRS,n,2,305.1,6.6,D,0
38.16238,40.21685,348.27,0.4,0.44,2023-10-23,1043,N,VIIRS,n,2,305.55,6.6,D,0
38.17677,41.36589,341.14,0.46,0.47,2023-10-23,1043,N,VIIRS,n,2,301.85,10.08,D,0
38.18085,40.87389,349.12,0.43,0.46,2023-10-23,1043,N,VIIRS,n,2,307.16,21.45,D,0
38.18131,40.87877,343.03,0.43,0.46,2023-10-23,1043,N,VIIRS,n,2,312.41,41.23,D,0
38.31433,29.32291,335.64,0.47,0.4,2023-10-23,1043,N,VIIRS,n,2,306.61,5.47,D,0
38.33929,32.53262,343.24,0.39,0.36,2023-10-23,1043,N,VIIRS,n,2,311.71,11.71,D,0
38.33999,32.53704,337.07,0.39,0.36,2023-10-23,1043,N,VIIRS,n,2,305.59,11.71,D,0
38.34133,32.53322,340.49,0.39,0.36,2023-10-23,1043,N,VIIRS,n,2,304.66,4.58,D,0
38.47613,29.55992,340.5,0.46,0.39,2023-10-23,1043,N,VIIRS,n,2,306.87,5.57,D,0
38.50277,29.33914,336.74,0.47,0.39,2023-10-23,1043,N,VIIRS,n,2,306.26,4.21,D,0
38.50623,29.23743,339.8,0.47,0.4,2023-10-23,1043,N,VIIRS,n,2,303.49,3.59,D,0
38.53347,30.15258,329.38,0.44,0.38,2023-10-23,1043,N,VIIRS,n,2,303.63,2.45,D,0
38.82864,31.82443,331.51,0.4,0.37,2023-10-23,1043,N,VIIRS,n,2,304.66,1.5,D,0
38.84185,31.77855,347.32,0.4,0.37,2023-10-23,1043,N,VIIRS,n,2,308.02,6.25,D,0
38.84517,31.77763,367.0,0.4,0.37,2023-10-23,1043,N,VIIRS,h,2,310.14,14.62,D,0
38.8485,31.77671,335.91,0.4,0.37,2023-10-23,1043,N,VIIRS,n,2,306.95,14.62,D,0
38.84925,31.78119,345.78,0.4,0.37,2023-10-23,1043,N,VIIRS,n,2,306.66,19.03,D,0
38.89247,32.23312,338.35,0.39,0.36,2023-10-23,1043,N,VIIRS,n,2,306.13,5.92,D,0
38.93349,32.38012,343.24,0.39,0.36,2023-10-23,1043,N,VIIRS,n,2,304.05,4.06,D,0
38.98037,34.6134,341.61,0.39,0.36,2023-10-23,1043,N,VIIRS,n,2,303.0,2.66,D,0
39.23823,36.94052,332.33,0.45,0.39,2023-10-23,1043,N,VIIRS,n,2,296.17,2.48,D,0
39.37476,34.95595,338.52,0.4,0.37,2023-10-23,1043,N,VIIRS,n,2,295.6,4.62,D,0
39.58243,36.75811,339.62,0.44,0.39,2023-10-23,1043,N,VIIRS,n,2,299.8,4.93,D,0
39.58413,36.74236,336.7,0.44,0.39,2023-10-23,1043,N,VIIRS,n,2,297.34,4.35,D,0
39.58468,36.76022,343.03,0.45,0.39,2023-10-23,1043,N,VIIRS,n,2,304.23,27.64,D,0
39.586,36.75755,346.89,0.44,0.39,2023-10-23,1043,N,VIIRS,n,2,305.03,19.65,D,0
39.99103,44.159,353.47,0.34,0.56,2023-10-23,1043,N,VIIRS,n,2,298.24,5.27,D,0
39.99245,44.09396,328.58,0.34,0.56,2023-10-23,1043,N,VIIRS,n,2,294.39,1.66,D,0
39.27627,33.62786,336.35,0.38,0.36,2023-10-23,1044,N,VIIRS,n,2,302.11,2.38,D,0
39.27727,33.20547,337.04,0.38,0.36,2023-10-23,1044,N,VIIRS,n,2,305.22,3.04,D,0
39.40179,30.97002,347.11,0.41,0.37,2023-10-23,1044,N,VIIRS,n,2,302.17,5.24,D,0
39.40203,31.05154,346.06,0.41,0.37,2023-10-23,1044,N,VIIRS,n,2,300.59,2.82,D,0
39.45305,34.15666,336.24,0.39,0.36,2023-10-23,1044,N,VIIRS,n,2,304.37,3.42,D,0
39.47247,32.95113,338.71,0.38,0.36,2023-10-23,1044,N,VIIRS,n,2,303.75,2.39,D,0
39.59826,30.64006,339.18,0.41,0.37,2023-10-23,1044,N,VIIRS,n,2,301.78,2.15,D,0
39.59909,30.64479,335.74,0.41,0.37,2023-10-23,1044,N,VIIRS,n,2,301.07,1.84,D,0
39.60165,30.63907,341.61,0.41,0.37,2023-10-23,1044,N,VIIRS,n,2,303.56,2.15,D,0
39.66416,30.59377,336.59,0.41,0.37,2023-10-23,1044,N,VIIRS,n,2,303.52,3.64,D,0
39.66838,30.59756,346.01,0.41,0.37,2023-10-23,1044,N,VIIRS,n,2,302.94,6.99,D,0
39.67093,30.59179,335.16,0.41,0.37,2023-10-23,1044,N,VIIRS,n,2,302.14,2.08,D,0
39.67431,30.59077,342.01,0.41,0.37,2023-10-23,1044,N,VIIRS,n,2,301.73,2.08,D,0
39.70245,31.687,335.36,0.39,0.36,2023-10-23,1044,N,VIIRS,n,2,307.45,5.78,D,0
39.78009,37.45434,327.36,0.47,0.4,2023-10-23,1044,N,VIIRS,n,2,288.04,2.17,D,0
39.84479,28.07634,330.53,0.5,0.41,2023-10-23,1044,N,VIIRS,n,2,302.73,2.24,D,0
39.84847,28.07515,334.41,0.5,0.41,2023-10-23,1044,N,VIIRS,n,2,302.02,3.62,D,0
39.88779,28.13521,331.09,0.49,0.41,2023-10-23,1044,N,VIIRS,n,2,302.85,2.42,D,0
39.93136,37.71657,335.04,0.49,0.4,2023-10-23,1044,N,VIIRS,n,2,295.86,4.13,D,0
40.0239,34.6834,339.64,0.4,0.37,2023-10-23,1044,N,VIIRS,n,2,302.05,3.95,D,0
40.0276,34.83644,332.94,0.4,0.37,2023-10-23,1044,N,VIIRS,n,2,291.28,2.74,D,0
40.03096,34.83567,334.24,0.4,0.37,2023-10-23,1044,N,VIIRS,n,2,290.9,2.74,D,0
40.17859,31.9976,335.73,0.39,0.36,2023-10-23,1044,N,VIIRS,n,2,302.66,2.6,D,0
40.21584,35.14514,330.79,0.41,0.37,2023-10-23,1044,N,VIIRS,n,2,295.5,2.77,D,0
40.21922,35.14431,328.92,0.41,0.37,2023-10-23,1044,N,VIIRS,n,2,293.35,3.02,D,0
40.26955,35.08015,352.65,0.41,0.37,2023-10-23,1044,N,VIIRS,n,2,296.58,8.72,D,0
40.27018,35.08488,336.91,0.41,0.37,2023-10-23,1044,N,VIIRS,n,2,294.81,4.44,D,0
40.27356,35.08407,348.59,0.41,0.37,2023-10-23,1044,N,VIIRS,n,2,293.15,4.44,D,0
40.31276,34.30265,338.62,0.39,0.36,2023-10-23,1044,N,VIIRS,n,2,303.93,4.78,D,0
40.33813,35.74242,329.85,0.42,0.38,2023-10-23,1044,N,VIIRS,n,2,287.68,3.97,D,0
40.38874,34.12466,333.4,0.39,0.36,2023-10-23,1044,N,VIIRS,n,2,307.2,2.41,D,0
40.42078,34.27819,337.96,0.39,0.36,2023-10-23,1044,N,VIIRS,n,2,303.96,3.27,D,0
40.42346,34.27281,335.92,0.39,0.36,2023-10-23,1044,N,VIIRS,n,2,304.16,3.59,D,0
40.49628,34.46296,331.74,0.4,0.37,2023-10-23,1044,N,VIIRS,n,2,301.77,1.91,D,0
40.53855,34.27105,332.63,0.39,0.36,2023-10-23,1044,N,VIIRS,n,2,303.75,1.36,D,0
40.62886,33.88987,341.07,0.39,0.36,2023-10-23,1044,N,VIIRS,n,2,306.39,4.86,D,0
40.65865,44.17398,335.05,0.34,0.56,2023-10-23,1044,N,VIIRS,n,2,292.31,7.28,D,0
40.66334,44.17338,354.26,0.34,0.56,2023-10-23,1044,N,VIIRS,n,2,296.3,10.69,D,0
40.66356,44.17753,335.79,0.34,0.56,2023-10-23,1044,N,VIIRS,n,2,291.38,10.69,D,0
40.6639,44.17362,356.41,0.34,0.56,2023-10-23,1044,N,VIIRS,n,2,294.89,7.28,D,0
40.66414,44.17776,331.91,0.34,0.56,2023-10-23,1044,N,VIIRS,n,2,291.66,7.28,D,0
40.6735,36.76138,325.08,0.46,0.39,2023-10-23,1044,N,VIIRS,n,2,298.39,1.98,D,0
40.76475,32.2181,334.19,0.39,0.36,2023-10-23,1044,N,VIIRS,n,2,302.42,2.29,D,2
40.80285,26.32497,334.8,0.57,0.43,2023-10-23,1044,N,VIIRS,n,2,290.57,6.16,D,0
40.80466,26.32418,331.98,0.57,0.43,2023-10-23,1044,N,VIIRS,n,2,290.67,4.59,D,0
40.80701,30.44777,333.61,0.41,0.37,2023-10-23,1044,N,VIIRS,n,2,293.92,3.26,D,0
40.82097,30.52876,339.16,0.41,0.37,2023-10-23,1044,N,VIIRS,n,2,292.59,3.89,D,0
40.8303,31.10658,336.48,0.4,0.37,2023-10-23,1044,N,VIIRS,n,2,298.19,2.64,D,0
40.83192,31.10794,330.55,0.4,0.37,2023-10-23,1044,N,VIIRS,n,2,295.69,2.38,D,0
40.83691,32.46389,335.67,0.38,0.36,2023-10-23,1044,N,VIIRS,n,2,302.36,3.26,D,0
40.86282,30.54807,334.94,0.4,0.37,2023-10-23,1044,N,VIIRS,n,2,295.21,2.94,D,0
40.91845,26.3097,333.28,0.57,0.43,2023-10-23,1044,N,VIIRS,n,2,286.63,7.45,D,0
40.94932,26.3761,337.36,0.56,0.43,2023-10-23,1044,N,VIIRS,n,2,291.82,8.46,D,0
41.02034,28.55615,326.84,0.46,0.39,2023-10-23,1044,N,VIIRS,n,2,298.4,2.65,D,2
41.0559,26.44923,326.82,0.55,0.43,2023-10-23,1044,N,VIIRS,n,2,294.97,0.85,D,0
41.07903,26.52272,344.86,0.55,0.43,2023-10-23,1044,N,VIIRS,n,2,297.19,7.41,D,0
41.07964,26.46709,327.68,0.55,0.43,2023-10-23,1044,N,VIIRS,n,2,295.74,3.1,D,0
41.08286,26.52131,325.44,0.55,0.43,2023-10-23,1044,N,VIIRS,n,2,295.78,2.8,D,0
41.08348,26.4657,332.48,0.55,0.43,2023-10-23,1044,N,VIIRS,n,2,296.05,3.1,D,0
41.08421,26.52772,331.16,0.55,0.43,2023-10-23,1044,N,VIIRS,n,2,295.68,3.44,D,0
41.09185,26.52492,325.28,0.55,0.43,2023-10-23,1044,N,VIIRS,n,2,294.39,2.54,D,0
41.11235,34.40834,325.96,0.4,0.37,2023-10-23,1044,N,VIIRS,n,2,298.31,2.54,D,0
41.24371,26.78111,332.6,0.53,0.42,2023-10-23,1044,N,VIIRS,n,2,298.57,4.44,D,0
41.25472,31.41234,330.24,0.39,0.36,2023-10-23,1044,N,VIIRS,n,2,299.68,2.99,D,2
41.50598,43.46625,348.27,0.32,0.55,2023-10-23,1044,N,VIIRS,n,2,296.95,2.96,D,0
41.70267,26.54801,336.09,0.53,0.42,2023-10-23,1044,N,VIIRS,n,2,293.35,3.11,D,0
42.38838,26.33307,333.98,0.53,0.42,2023-10-23,1045,N,VIIRS,n,2,302.53,3.53,D,0
38.89303,41.57029,297.01,0.39,0.36,2023-10-23,2302,N,VIIRS,n,2,280.35,0.38,N,0
39.94416,33.1908,306.74,0.58,0.52,2023-10-23,2302,N,VIIRS,n,2,283.65,2.49,N,2
39.94634,33.19152,303.56,0.58,0.52,2023-10-23,2302,N,VIIRS,n,2,283.62,1.99,N,2
40.11494,34.63723,295.68,0.49,0.49,2023-10-23,2302,N,VIIRS,n,2,281.85,1.2,N,0
40.24109,29.92487,298.29,0.44,0.62,2023-10-23,2302,N,VIIRS,n,2,284.7,0.69,N,2
40.24784,33.81961,297.88,0.54,0.51,2023-10-23,2302,N,VIIRS,n,2,281.92,1.01,N,0
40.75758,31.78225,299.21,0.35,0.57,2023-10-23,2302,N,VIIRS,n,2,281.77,0.67,N,2
40.7989,29.37631,301.69,0.47,0.64,2023-10-23,2302,N,VIIRS,n,2,286.88,0.56,N,2
40.93622,35.88445,295.62,0.43,0.46,2023-10-23,2302,N,VIIRS,n,2,281.67,0.73,N,0
40.94526,31.39697,296.43,0.37,0.58,2023-10-23,2302,N,VIIRS,n,2,283.06,0.74,N,2
41.17552,32.63342,305.42,0.32,0.55,2023-10-23,2302,N,VIIRS,n,2,284.39,0.73,N,2
41.18061,32.63391,303.52,0.32,0.55,2023-10-23,2302,N,VIIRS,n,2,284.35,0.73,N,2
41.24392,36.46455,306.71,0.41,0.45,2023-10-23,2302,N,VIIRS,n,2,284.46,1.16,N,2
41.26908,31.42747,296.52,0.37,0.58,2023-10-23,2302,N,VIIRS,n,2,276.23,1.32,N,2
41.63157,27.68456,298.55,0.58,0.7,2023-10-23,2302,N,VIIRS,n,2,285.75,0.96,N,2
41.6409,32.30682,302.82,0.33,0.56,2023-10-23,2302,N,VIIRS,n,2,285.12,0.5,N,0
42.12381,43.01249,298.4,0.39,0.36,2023-10-23,2302,N,VIIRS,n,2,282.6,0.51,N,2
42.37594,26.12037,299.81,0.7,0.75,2023-10-23,2302,N,VIIRS,n,2,283.12,0.8,N,0
42.38029,26.11727,311.83,0.7,0.75,2023-10-23,2302,N,VIIRS,n,2,283.45,2.0,N,0
42.38298,26.12071,296.93,0.7,0.75,2023-10-23,2302,N,VIIRS,n,2,283.21,0.8,N,0
35.51098,44.37542,318.95,0.42,0.38,2023-10-23,2303,N,VIIRS,n,2,289.8,1.33,N,2
35.52695,44.34612,316.75,0.42,0.38,2023-10-23,2303,N,VIIRS,n,2,287.4,2.69,N,2
35.52776,44.34155,334.77,0.42,0.38,2023-10-23,2303,N,VIIRS,n,2,289.24,2.69,N,2
35.53119,44.34246,324.95,0.42,0.38,2023-10-23,2303,N,VIIRS,n,2,287.94,1.95,N,2
35.53199,44.33788,331.01,0.42,0.38,2023-10-23,2303,N,VIIRS,n,2,289.66,3.68,N,2
35.53321,44.34028,313.42,0.42,0.38,2023-10-23,2303,N,VIIRS,n,2,287.67,1.2,N,2
35.53404,44.33571,328.96,0.42,0.38,2023-10-23,2303,N,VIIRS,n,2,289.44,3.1,N,2
35.53541,44.33878,330.92,0.42,0.38,2023-10-23,2303,N,VIIRS,n,2,288.11,3.68,N,2
35.62794,44.0099,330.69,0.41,0.37,2023-10-23,2303,N,VIIRS,n,2,290.87,2.63,N,2
35.63132,44.01081,319.54,0.41,0.37,2023-10-23,2303,N,VIIRS,n,2,288.42,2.63,N,2
35.66368,43.96766,302.7,0.41,0.37,2023-10-23,2303,N,VIIRS,n,2,286.86,0.48,N,2
35.66447,43.96318,301.0,0.41,0.37,2023-10-23,2303,N,VIIRS,n,2,286.53,0.53,N,2
35.67835,44.0656,309.35,0.41,0.37,2023-10-23,2303,N,VIIRS,n,2,288.98,0.87,N,2
35.68348,43.87477,320.68,0.41,0.37,2023-10-23,2303,N,VIIRS,n,2,286.37,1.92,N,2
35.68686,43.87564,334.15,0.41,0.37,2023-10-23,2303,N,VIIRS,n,2,293.68,7.95,N,2
35.71891,43.77225,311.2,0.41,0.37,2023-10-23,2303,N,VIIRS,n,2,291.96,1.21,N,2
35.71927,44.03234,300.73,0.41,0.37,2023-10-23,2303,N,VIIRS,n,2,286.6,0.28,N,2
35.72445,44.04305,324.05,0.41,0.37,2023-10-23,2303,N,VIIRS,n,2,289.47,2.52,N,2
35.72525,44.03856,328.32,0.41,0.37,2023-10-23,2303,N,VIIRS,n,2,289.76,2.52,N,2
35.72943,44.03494,317.81,0.41,0.37,2023-10-23,2303,N,VIIRS,n,2,289.4,1.11,N,2
35.73022,44.03047,300.85,0.41,0.37,2023-10-23,2303,N,VIIRS,n,2,287.82,1.11,N,2
35.77193,43.99446,320.72,0.41,0.37,2023-10-23,2303,N,VIIRS,n,2,288.43,2.01,N,2
35.8139,43.25752,316.89,0.4,0.37,2023-10-23,2303,N,VIIRS,n,2,289.04,1.56,N,2
35.83377,43.22192,308.42,0.39,0.37,2023-10-23,2303,N,VIIRS,n,2,287.68,1.01,N,0
35.92363,43.7896,319.33,0.4,0.37,2023-10-23,2303,N,VIIRS,n,2,288.25,1.43,N,2
35.95185,43.72774,320.44,0.4,0.37,2023-10-23,2303,N,VIIRS,n,2,288.87,1.86,N,2
35.9669,43.7664,301.84,0.4,0.37,2023-10-23,2303,N,VIIRS,n,2,288.89,1.26,N,2
35.97282,43.77266,323.85,0.4,0.37,2023-10-23,2303,N,VIIRS,n,2,289.98,2.58,N,2
35.9803,43.77003,321.29,0.4,0.37,2023-10-23,2303,N,VIIRS,n,2,290.57,2.34,N,2
35.98365,43.77093,312.63,0.4,0.37,2023-10-23,2303,N,VIIRS,n,2,289.24,1.27,N,2
35.99937,43.76121,323.56,0.4,0.37,2023-10-23,2303,N,VIIRS,n,2,289.34,1.68,N,2
36.01648,43.68266,309.08,0.4,0.37,2023-10-23,2303,N,VIIRS,n,2,286.79,1.03,N,2
36.01982,43.68353,331.83,0.4,0.37,2023-10-23,2303,N,VIIRS,n,2,293.79,2.68,N,2
36.12103,40.81955,301.18,0.39,0.36,2023-10-23,2303,N,VIIRS,n,2,288.83,1.09,N,2
36.12558,43.78279,304.73,0.4,0.37,2023-10-23,2303,N,VIIRS,n,2,287.0,0.74,N,2
36.12958,40.80807,297.68,0.39,0.36,2023-10-23,2303,N,VIIRS,n,2,286.78,0.46,N,2
36.13229,43.78452,301.95,0.4,0.37,2023-10-23,2303,N,VIIRS,n,2,290.88,1.37,N,2
36.1329,40.80881,310.25,0.39,0.36,2023-10-23,2303,N,VIIRS,n,2,288.99,1.1,N,2
36.14223,40.81535,307.77,0.39,0.36,2023-10-23,2303,N,VIIRS,n,2,287.28,0.99,N,2
36.1483,43.79323,323.04,0.4,0.37,2023-10-23,2303,N,VIIRS,n,2,289.43,1.6,N,2
36.22967,43.65125,300.4,0.4,0.37,2023-10-23,2303,N,VIIRS,n,2,287.29,0.38,N,0
36.26413,33.73143,305.51,0.5,0.49,2023-10-23,2303,N,VIIRS,n,2,289.85,1.0,N,2
36.44296,42.93006,301.78,0.39,0.36,2023-10-23,2303,N,VIIRS,n,2,288.26,0.88,N,2
36.45626,41.28181,303.07,0.39,0.36,2023-10-23,2303,N,VIIRS,n,2,286.31,1.07,N,2
36.69493,36.20499,309.63,0.56,0.43,2023-10-23,2303,N,VIIRS,n,2,293.57,1.15,N,0
36.69734,36.20544,310.57,0.56,0.43,2023-10-23,2303,N,VIIRS,n,2,292.7,1.84,N,0
36.71545,36.20198,304.72,0.56,0.43,2023-10-23,2303,N,VIIRS,n,2,289.95,0.72,N,2
36.71943,36.20261,331.13,0.56,0.43,2023-10-23,2303,N,VIIRS,n,2,292.21,4.53,N,2
36.73067,36.21093,318.81,0.56,0.43,2023-10-23,2303,N,VIIRS,n,2,296.13,2.74,N,2
36.7323,43.28087,308.55,0.39,0.36,2023-10-23,2303,N,VIIRS,n,2,287.09,0.95,N,2
36.73861,36.21227,327.85,0.56,0.43,2023-10-23,2303,N,VIIRS,n,2,294.65,5.98,N,2
36.74682,43.46212,312.66,0.39,0.36,2023-10-23,2303,N,VIIRS,n,2,285.03,1.31,N,0
36.74756,43.49886,309.82,0.39,0.37,2023-10-23,2303,N,VIIRS,n,2,288.26,1.37,N,2
36.74791,36.20087,308.84,0.56,0.43,2023-10-23,2303,N,VIIRS,n,2,292.81,1.65,N,2
36.75346,43.46381,307.16,0.39,0.36,2023-10-23,2303,N,VIIRS,n,2,284.71,1.22,N,0
36.77691,43.32386,339.14,0.39,0.36,2023-10-23,2303,N,VIIRS,n,2,292.01,3.85,N,2
36.80047,37.01842,303.16,0.52,0.41,2023-10-23,2303,N,VIIRS,n,2,288.46,1.0,N,2
36.80335,42.0859,308.57,0.38,0.36,2023-10-23,2303,N,VIIRS,n,2,286.37,1.18,N,0
36.86945,34.76467,309.14,0.44,0.46,2023-10-23,2303,N,VIIRS,n,2,293.08,1.27,N,2
36.89232,43.42845,323.36,0.39,0.36,2023-10-23,2303,N,VIIRS,n,2,284.5,2.34,N,2
36.89395,43.43135,310.98,0.39,0.36,2023-10-23,2303,N,VIIRS,n,2,283.83,0.81,N,2
36.90794,43.38945,322.05,0.39,0.36,2023-10-23,2303,N,VIIRS,n,2,285.41,2.31,N,2
36.93993,42.17056,298.06,0.38,0.36,2023-10-23,2303,N,VIIRS,n,2,284.82,0.63,N,2
36.94322,42.17136,328.19,0.38,0.36,2023-10-23,2303,N,VIIRS,n,2,289.29,2.82,N,2
36.99639,41.56126,310.91,0.39,0.36,2023-10-23,2303,N,VIIRS,n,2,285.68,1.1,N,2
37.07887,42.5576,306.98,0.38,0.36,2023-10-23,2303,N,VIIRS,n,2,288.1,0.78,N,2
37.29279,37.15921,302.22,0.51,0.41,2023-10-23,2303,N,VIIRS,n,2,287.86,1.69,N,2
37.35288,37.16454,307.22,0.52,0.41,2023-10-23,2303,N,VIIRS,n,2,288.18,1.52,N,2
37.86163,29.36897,298.74,0.45,0.63,2023-10-23,2303,N,VIIRS,n,2,285.21,1.14,N,2
37.93767,31.85052,316.55,0.33,0.55,2023-10-23,2303,N,VIIRS,n,2,280.44,1.25,N,0
37.93853,31.58533,297.03,0.34,0.56,2023-10-23,2303,N,VIIRS,n,2,279.16,0.81,N,0
37.93857,31.58293,299.5,0.34,0.56,2023-10-23,2303,N,VIIRS,n,2,279.53,0.7,N,0
37.96155,41.70169,301.28,0.39,0.36,2023-10-23,2303,N,VIIRS,n,2,285.25,0.75,N,2
37.99438,40.85544,309.06,0.4,0.37,2023-10-23,2303,N,VIIRS,n,2,284.36,0.87,N,0
38.12613,41.02699,295.68,0.39,0.37,2023-10-23,2303,N,VIIRS,n,2,284.1,0.24,N,0
38.73373,26.94371,302.79,0.61,0.71,2023-10-23,2303,N,VIIRS,n,2,287.04,1.6,N,0
38.73643,26.94442,305.67,0.61,0.71,2023-10-23,2303,N,VIIRS,n,2,289.07,1.95,N,2
38.75362,26.95123,299.48,0.61,0.71,2023-10-23,2303,N,VIIRS,n,2,286.39,0.95,N,2
39.00052,32.39922,296.92,0.63,0.54,2023-10-23,2303,N,VIIRS,n,2,280.08,2.05,N,0
39.00101,32.39196,313.36,0.63,0.54,2023-10-23,2303,N,VIIRS,n,2,279.18,2.05,N,0
39.09465,27.51307,296.23,0.57,0.69,2023-10-23,2303,N,VIIRS,n,2,285.52,0.66,N,0
39.11403,27.52007,324.64,0.57,0.69,2023-10-23,2303,N,VIIRS,n,2,287.3,3.54,N,0
39.57736,29.86175,301.76,0.43,0.62,2023-10-23,2303,N,VIIRS,n,2,280.25,0.7,N,0
39.66192,33.62288,328.04,0.55,0.51,2023-10-23,2303,N,VIIRS,n,2,284.25,2.58,N,0
41.25546,31.41567,310.15,0.4,0.6,2023-10-24,42,N,VIIRS,n,2,285.67,0.73,N,2
41.25674,31.4111,297.11,0.4,0.6,2023-10-24,42,N,VIIRS,n,2,285.06,0.73,N,2
41.26466,31.42552,305.1,0.4,0.6,2023-10-24,42,N,VIIRS,n,2,289.42,1.45,N,2
38.66014,30.62037,301.87,0.43,0.62,2023-10-24,43,N,VIIRS,n,2,281.12,0.51,N,2
38.7374,26.94683,303.66,0.56,0.51,2023-10-24,43,N,VIIRS,n,2,290.49,1.46,N,2
39.08178,26.90387,298.32,0.54,0.51,2023-10-24,43,N,VIIRS,n,2,285.79,0.94,N,0
39.11105,27.52618,339.27,0.58,0.52,2023-10-24,43,N,VIIRS,n,2,289.75,3.27,N,0
39.1126,27.52004,302.99,0.58,0.52,2023-10-24,43,N,VIIRS,n,2,286.9,2.47,N,0
39.11416,27.51377,297.93,0.58,0.52,2023-10-24,43,N,VIIRS,n,2,287.45,2.47,N,0
39.11586,27.5275,298.11,0.58,0.52,2023-10-24,43,N,VIIRS,n,2,284.87,3.27,N,0
39.48353,30.03952,295.49,0.38,0.59,2023-10-24,43,N,VIIRS,n,2,279.33,0.94,N,2
39.57768,29.8632,302.67,0.37,0.58,2023-10-24,43,N,VIIRS,n,2,280.46,0.93,N,0
39.66145,33.62114,302.6,0.57,0.69,2023-10-24,43,N,VIIRS,n,2,280.43,1.46,N,0
40.18471,29.22435,304.19,0.33,0.56,2023-10-24,43,N,VIIRS,n,2,286.58,0.51,N,2
40.76812,29.52669,299.64,0.33,0.56,2023-10-24,43,N,VIIRS,n,2,287.78,0.89,N,2
41.01538,27.96223,299.27,0.55,0.51,2023-10-24,43,N,VIIRS,n,2,287.12,1.18,N,2
41.01967,28.554,304.84,0.59,0.53,2023-10-24,43,N,VIIRS,n,2,286.02,1.34,N,2
42.29841,26.28698,295.14,0.43,0.46,2023-10-24,43,N,VIIRS,n,2,282.68,0.58,N,0
42.31104,26.50466,296.88,0.44,0.46,2023-10-24,43,N,VIIRS,n,2,282.12,0.46,N,0
36.93527,30.64899,298.21,0.48,0.65,2023-10-24,44,N,VIIRS,n,2,287.72,0.49,N,2
35.52671,44.34391,348.58,0.52,0.42,2023-10-24,1023,N,VIIRS,n,2,307.87,19.68,D,2
35.53181,44.34119,338.71,0.53,0.42,2023-10-24,1023,N,VIIRS,n,2,304.94,6.09,D,2
35.53376,44.33685,340.42,0.52,0.42,2023-10-24,1023,N,VIIRS,n,2,304.62,5.15,D,2
35.54192,44.1115,335.0,0.51,0.41,2023-10-24,1023,N,VIIRS,n,2,298.04,3.46,D,0
35.6825,44.38546,334.28,0.53,0.42,2023-10-24,1023,N,VIIRS,n,2,301.88,1.57,D,0
35.7444,44.21991,333.91,0.52,0.42,2023-10-24,1023,N,VIIRS,n,2,292.56,4.47,D,0
36.01794,43.68369,344.49,0.5,0.41,2023-10-24,1023,N,VIIRS,n,2,298.9,9.31,D,2
35.73969,36.83683,335.93,0.41,0.37,2023-10-24,1024,N,VIIRS,n,2,306.72,2.62,D,0
35.90639,36.9875,332.52,0.41,0.37,2023-10-24,1024,N,VIIRS,n,2,304.7,2.2,D,0
35.99827,38.31943,343.35,0.39,0.36,2023-10-24,1024,N,VIIRS,n,2,306.52,4.1,D,0
36.08095,37.52777,337.0,0.4,0.37,2023-10-24,1024,N,VIIRS,n,2,304.69,3.34,D,0
36.10663,37.49409,344.53,0.4,0.37,2023-10-24,1024,N,VIIRS,n,2,305.3,3.94,D,0
36.14461,38.97793,346.55,0.38,0.36,2023-10-24,1024,N,VIIRS,n,2,304.79,6.82,D,0
36.18563,37.48006,331.82,0.4,0.37,2023-10-24,1024,N,VIIRS,n,2,302.42,1.47,D,0
36.19112,38.72517,341.65,0.38,0.36,2023-10-24,1024,N,VIIRS,n,2,306.34,3.64,D,0
36.2035,38.61285,336.11,0.38,0.36,2023-10-24,1024,N,VIIRS,n,2,306.5,2.4,D,0
36.47934,38.97306,338.79,0.38,0.36,2023-10-24,1024,N,VIIRS,n,2,305.12,2.28,D,0
36.49216,38.83318,338.6,0.38,0.36,2023-10-24,1024,N,VIIRS,n,2,306.35,2.62,D,0
36.5189,38.52299,336.67,0.38,0.36,2023-10-24,1024,N,VIIRS,n,2,304.58,2.59,D,0
36.53174,38.80178,345.24,0.38,0.36,2023-10-24,1024,N,VIIRS,n,2,306.87,4.72,D,0
36.56821,39.17768,330.52,0.38,0.36,2023-10-24,1024,N,VIIRS,n,2,300.04,1.7,D,0
36.59867,39.04352,348.65,0.38,0.36,2023-10-24,1024,N,VIIRS,n,2,306.0,7.43,D,0
36.60635,38.4327,334.29,0.38,0.36,2023-10-24,1024,N,VIIRS,n,2,303.69,1.69,D,0
36.6202,38.43381,342.28,0.38,0.36,2023-10-24,1024,N,VIIRS,n,2,306.21,8.3,D,0
36.64201,32.64796,337.75,0.39,0.44,2023-10-24,1024,N,VIIRS,n,2,300.17,2.57,D,0
36.76518,37.54927,334.88,0.39,0.36,2023-10-24,1024,N,VIIRS,n,2,302.37,2.71,D,0
36.77231,38.25142,338.71,0.39,0.36,2023-10-24,1024,N,VIIRS,n,2,304.19,2.77,D,0
36.83443,36.82146,330.37,0.4,0.37,2023-10-24,1024,N,VIIRS,n,2,303.34,1.39,D,0
36.8611,40.33107,345.5,0.4,0.37,2023-10-24,1024,N,VIIRS,n,2,304.36,4.18,D,0
36.86445,40.33035,333.99,0.4,0.37,2023-10-24,1024,N,VIIRS,n,2,301.87,2.75,D,0
36.88574,30.77562,349.66,0.47,0.48,2023-10-24,1024,N,VIIRS,n,2,303.13,7.16,D,0
36.8871,30.778,340.8,0.47,0.48,2023-10-24,1024,N,VIIRS,n,2,302.9,8.56,D,0
36.89804,41.34482,350.31,0.42,0.37,2023-10-24,1024,N,VIIRS,n,2,307.13,7.83,D,0
36.89963,41.34155,334.32,0.42,0.37,2023-10-24,1024,N,VIIRS,n,2,302.51,7.73,D,0
36.90024,41.34624,347.0,0.42,0.37,2023-10-24,1024,N,VIIRS,n,2,304.38,7.73,D,0
36.93443,42.13144,335.07,0.44,0.38,2023-10-24,1024,N,VIIRS,n,2,295.96,3.85,D,2
36.97575,42.2308,335.07,0.45,0.39,2023-10-24,1024,N,VIIRS,n,2,290.46,3.01,D,0
36.99834,41.08478,337.27,0.41,0.37,2023-10-24,1024,N,VIIRS,n,2,306.66,3.68,D,0
37.04809,38.1298,337.06,0.39,0.36,2023-10-24,1024,N,VIIRS,n,2,300.9,3.33,D,0
37.13871,36.97509,333.01,0.4,0.37,2023-10-24,1024,N,VIIRS,n,2,299.09,2.38,D,0
37.51324,38.61512,342.93,0.38,0.36,2023-10-24,1024,N,VIIRS,n,2,303.09,5.43,D,0
37.53822,38.46584,335.64,0.38,0.36,2023-10-24,1024,N,VIIRS,n,2,301.93,3.59,D,0
37.54319,31.50007,341.28,0.42,0.45,2023-10-24,1024,N,VIIRS,n,2,302.2,4.0,D,0
37.55402,38.45754,331.79,0.38,0.36,2023-10-24,1024,N,VIIRS,n,2,301.85,5.53,D,0
37.55468,38.46186,350.33,0.38,0.36,2023-10-24,1024,N,VIIRS,n,2,306.19,5.53,D,0
37.55716,37.29887,336.06,0.39,0.36,2023-10-24,1024,N,VIIRS,n,2,305.91,2.91,D,0
37.56241,37.79197,330.49,0.39,0.36,2023-10-24,1024,N,VIIRS,n,2,303.13,2.44,D,0
37.59341,37.58602,333.25,0.39,0.36,2023-10-24,1024,N,VIIRS,n,2,304.37,2.19,D,0
37.65555,37.95473,337.26,0.39,0.36,2023-10-24,1024,N,VIIRS,n,2,306.55,3.38,D,0
37.68131,38.31713,339.92,0.38,0.36,2023-10-24,1024,N,VIIRS,n,2,302.11,14.63,D,0
37.80421,38.31977,330.87,0.38,0.36,2023-10-24,1024,N,VIIRS,n,2,304.59,1.44,D,0
37.81629,38.51009,333.49,0.38,0.36,2023-10-24,1024,N,VIIRS,n,2,302.9,1.61,D,0
37.81958,38.5093,335.72,0.38,0.36,2023-10-24,1024,N,VIIRS,n,2,304.75,1.61,D,0
37.85249,38.45635,347.59,0.38,0.36,2023-10-24,1024,N,VIIRS,n,2,306.22,9.13,D,0
37.89709,31.64377,342.38,0.41,0.45,2023-10-24,1024,N,VIIRS,n,2,300.72,2.96,D,0
38.24434,32.02141,338.57,0.39,0.44,2023-10-24,1024,N,VIIRS,n,2,303.21,4.0,D,0
38.34781,39.8362,340.57,0.4,0.37,2023-10-24,1024,N,VIIRS,n,2,298.59,5.22,D,0
38.57312,35.17824,337.65,0.43,0.38,2023-10-24,1024,N,VIIRS,n,2,298.41,2.87,D,0
38.63186,35.32442,331.41,0.42,0.38,2023-10-24,1024,N,VIIRS,n,2,300.24,3.7,D,0
38.67383,36.00795,339.65,0.41,0.37,2023-10-24,1024,N,VIIRS,n,2,297.02,3.01,D,0
38.67462,36.01257,347.8,0.41,0.37,2023-10-24,1024,N,VIIRS,n,2,297.57,3.01,D,0
38.68423,36.27481,342.92,0.4,0.37,2023-10-24,1024,N,VIIRS,n,2,296.62,2.88,D,0
38.8113,36.19344,329.78,0.4,0.37,2023-10-24,1024,N,VIIRS,n,2,298.28,2.42,D,0
38.83937,37.47041,329.35,0.39,0.36,2023-10-24,1024,N,VIIRS,n,2,297.88,2.17,D,0
38.87341,36.73117,329.58,0.39,0.36,2023-10-24,1024,N,VIIRS,n,2,295.09,1.73,D,0
38.89204,38.60461,331.61,0.39,0.36,2023-10-24,1024,N,VIIRS,n,2,298.23,3.07,D,0
38.89432,38.6008,333.12,0.39,0.36,2023-10-24,1024,N,VIIRS,n,2,299.95,6.08,D,0
39.0802,36.3705,337.12,0.4,0.37,2023-10-24,1024,N,VIIRS,n,2,298.1,4.74,D,0
39.97752,44.13628,328.99,0.38,0.43,2023-10-24,1024,N,VIIRS,n,2,297.22,3.61,D,0
39.98154,44.13563,343.61,0.38,0.43,2023-10-24,1024,N,VIIRS,n,2,298.33,3.61,D,0
38.13883,27.7407,332.76,0.63,0.54,2023-10-24,1025,N,VIIRS,n,2,299.62,5.28,D,0
38.35261,31.52749,336.23,0.4,0.45,2023-10-24,1025,N,VIIRS,n,2,298.86,2.12,D,0
38.39847,29.58774,332.27,0.5,0.49,2023-10-24,1025,N,VIIRS,n,2,302.5,5.08,D,0
38.39978,29.59345,341.36,0.5,0.49,2023-10-24,1025,N,VIIRS,n,2,304.59,7.35,D,0
38.39995,29.59085,347.87,0.5,0.49,2023-10-24,1025,N,VIIRS,n,2,304.91,8.78,D,0
38.70287,31.47787,333.25,0.4,0.44,2023-10-24,1025,N,VIIRS,n,2,299.21,1.72,D,0
38.70303,31.48054,335.33,0.4,0.44,2023-10-24,1025,N,VIIRS,n,2,299.69,2.62,D,0
38.78309,30.24686,339.92,0.46,0.47,2023-10-24,1025,N,VIIRS,n,2,304.04,4.9,D,0
38.79359,30.35318,347.0,0.45,0.47,2023-10-24,1025,N,VIIRS,n,2,306.9,10.36,D,0
38.82945,33.93674,343.37,0.47,0.4,2023-10-24,1025,N,VIIRS,n,2,301.2,4.32,D,0
38.83864,31.91826,333.87,0.57,0.43,2023-10-24,1025,N,VIIRS,n,2,303.07,15.6,D,0
38.96032,33.96982,335.99,0.46,0.39,2023-10-24,1025,N,VIIRS,n,2,303.56,2.95,D,0
39.00872,27.04515,329.2,0.33,0.55,2023-10-24,1025,N,VIIRS,n,2,283.28,4.33,D,0
39.04681,33.49345,343.63,0.48,0.4,2023-10-24,1025,N,VIIRS,n,2,302.75,6.43,D,0
39.07639,34.97513,339.48,0.43,0.38,2023-10-24,1025,N,VIIRS,n,2,298.7,2.15,D,0
39.10927,36.45478,333.98,0.4,0.37,2023-10-24,1025,N,VIIRS,n,2,300.05,3.33,D,0
39.10987,27.52282,327.15,0.62,0.54,2023-10-24,1025,N,VIIRS,n,2,290.58,5.78,D,0
39.11365,27.52234,333.04,0.62,0.54,2023-10-24,1025,N,VIIRS,n,2,291.06,6.14,D,0
39.19089,31.21451,342.87,0.4,0.44,2023-10-24,1025,N,VIIRS,n,2,302.53,5.96,D,0
39.3735,34.34081,347.13,0.45,0.39,2023-10-24,1025,N,VIIRS,n,2,302.72,8.45,D,0
39.37955,34.33357,335.81,0.45,0.39,2023-10-24,1025,N,VIIRS,n,2,302.6,17.04,D,0
39.38216,34.33537,345.57,0.45,0.39,2023-10-24,1025,N,VIIRS,n,2,316.75,47.45,D,0
39.38399,34.33761,335.1,0.45,0.39,2023-10-24,1025,N,VIIRS,n,2,304.4,17.04,D,0
39.38565,34.33432,335.39,0.45,0.39,2023-10-24,1025,N,VIIRS,n,2,301.76,4.28,D,0
39.43265,36.56674,339.46,0.39,0.36,2023-10-24,1025,N,VIIRS,n,2,298.78,3.09,D,0
39.45396,31.03604,351.53,0.41,0.45,2023-10-24,1025,N,VIIRS,n,2,306.68,7.76,D,0
39.60999,31.06637,346.62,0.4,0.44,2023-10-24,1025,N,VIIRS,n,2,304.6,4.19,D,0
39.61245,31.06329,339.72,0.4,0.44,2023-10-24,1025,N,VIIRS,n,2,304.09,3.26,D,0
39.63929,36.72997,336.17,0.39,0.36,2023-10-24,1025,N,VIIRS,n,2,294.65,5.41,D,0
39.83223,35.0253,331.33,0.42,0.38,2023-10-24,1025,N,VIIRS,n,2,298.26,2.27,D,0
39.83308,35.03014,339.28,0.42,0.38,2023-10-24,1025,N,VIIRS,n,2,301.74,6.14,D,0
39.85456,36.86278,326.38,0.39,0.36,2023-10-24,1025,N,VIIRS,n,2,299.15,1.87,D,0
40.02213,34.98318,332.14,0.42,0.38,2023-10-24,1025,N,VIIRS,n,2,297.5,5.09,D,0
40.13995,34.65866,345.7,0.43,0.38,2023-10-24,1025,N,VIIRS,n,2,301.14,5.24,D,0
40.4368,34.97346,348.96,0.42,0.37,2023-10-24,1025,N,VIIRS,n,2,305.83,4.49,D,0
40.51102,35.66524,344.98,0.4,0.37,2023-10-24,1025,N,VIIRS,n,2,300.14,6.09,D,0
40.51435,35.66422,347.63,0.4,0.37,2023-10-24,1025,N,VIIRS,n,2,298.91,8.29,D,0
40.51821,34.30719,336.33,0.43,0.38,2023-10-24,1025,N,VIIRS,n,2,299.96,2.5,D,0
40.52061,35.08913,341.19,0.41,0.37,2023-10-24,1025,N,VIIRS,n,2,300.38,3.86,D,0
40.5228,34.33232,332.96,0.43,0.38,2023-10-24,1025,N,VIIRS,n,2,300.48,1.46,D,0
40.53751,34.33308,329.72,0.43,0.38,2023-10-24,1025,N,VIIRS,n,2,302.27,2.31,D,0
40.54755,35.10093,346.54,0.41,0.37,2023-10-24,1025,N,VIIRS,n,2,299.31,5.03,D,0
40.55093,35.0999,336.35,0.41,0.37,2023-10-24,1025,N,VIIRS,n,2,298.43,5.03,D,0
40.56001,34.33665,332.38,0.43,0.38,2023-10-24,1025,N,VIIRS,n,2,300.96,3.01,D,0
40.56092,34.34167,332.72,0.43,0.38,2023-10-24,1025,N,VIIRS,n,2,300.86,3.01,D,0
40.56107,35.09694,336.31,0.41,0.37,2023-10-24,1025,N,VIIRS,n,2,295.83,1.69,D,0
40.63295,35.18754,327.59,0.41,0.37,2023-10-24,1025,N,VIIRS,n,2,298.74,1.64,D,0
40.69919,30.61138,328.46,0.4,0.44,2023-10-24,1025,N,VIIRS,n,2,296.9,2.23,D,0
40.81055,30.42171,332.58,0.4,0.45,2023-10-24,1025,N,VIIRS,n,2,300.56,4.23,D,0
40.84443,35.28561,328.49,0.41,0.37,2023-10-24,1025,N,VIIRS,n,2,298.36,1.85,D,0
41.01608,30.57853,325.7,0.39,0.44,2023-10-24,1025,N,VIIRS,n,2,297.03,1.8,D,0
41.47945,33.8255,325.9,0.44,0.38,2023-10-24,1025,N,VIIRS,n,2,299.23,1.46,D,0
41.13551,27.80268,340.25,0.53,0.5,2023-10-24,1026,N,VIIRS,n,2,291.6,3.86,D,0
36.88848,30.84173,332.67,0.79,0.78,2023-10-24,1205,N,VIIRS,n,2,297.44,5.35,D,0
38.40065,29.59345,336.66,0.69,0.75,2023-10-24,1205,N,VIIRS,n,2,299.38,4.0,D,0
38.45344,29.47664,343.38,0.68,0.74,2023-10-24,1205,N,VIIRS,n,2,301.37,8.21,D,0
38.4547,29.47646,354.28,0.68,0.74,2023-10-24,1205,N,VIIRS,n,2,301.35,9.7,D,0
38.46041,29.4762,336.78,0.68,0.74,2023-10-24,1205,N,VIIRS,n,2,300.81,8.21,D,0
38.93676,30.60451,337.53,0.79,0.78,2023-10-24,1206,N,VIIRS,n,2,295.85,4.6,D,0
40.27265,27.84477,335.03,0.57,0.69,2023-10-24,1206,N,VIIRS,n,2,277.79,4.69,D,0
40.75925,30.45924,337.91,0.78,0.78,2023-10-24,1206,N,VIIRS,n,2,289.89,6.41,D,0
42.37802,26.07439,357.05,0.48,0.64,2023-10-24,1207,N,VIIRS,n,2,277.4,6.66,D,0
42.37885,26.07715,353.06,0.48,0.64,2023-10-24,1207,N,VIIRS,n,2,276.01,12.18,D,0
39.94417,33.19261,302.56,0.52,0.67,2023-10-24,2243,N,VIIRS,n,2,281.07,1.9,N,2
40.04723,32.64968,295.35,0.56,0.68,2023-10-24,2243,N,VIIRS,n,2,280.08,0.72,N,2
40.04819,32.64898,297.02,0.56,0.69,2023-10-24,2243,N,VIIRS,n,2,280.87,1.04,N,2
40.14084,34.31621,295.82,0.45,0.63,2023-10-24,2243,N,VIIRS,n,2,277.47,0.55,N,0
41.17345,32.63479,295.81,0.56,0.69,2023-10-24,2243,N,VIIRS,n,2,276.02,1.41,N,2
41.26096,31.42906,298.51,0.65,0.73,2023-10-24,2243,N,VIIRS,n,2,281.9,1.32,N,2
41.2678,31.42918,296.66,0.65,0.73,2023-10-24,2243,N,VIIRS,n,2,281.81,0.86,N,2
41.26787,31.42092,297.09,0.65,0.73,2023-10-24,2243,N,VIIRS,n,2,283.13,0.86,N,2
35.50943,44.37493,303.98,0.41,0.37,2023-10-24,2244,N,VIIRS,n,2,287.46,0.55,N,2
35.51282,44.37565,308.25,0.41,0.37,2023-10-24,2244,N,VIIRS,n,2,288.75,0.55,N,2
35.52456,44.34119,299.11,0.41,0.37,2023-10-24,2244,N,VIIRS,n,2,287.42,0.77,N,2
35.52795,44.34191,337.79,0.41,0.37,2023-10-24,2244,N,VIIRS,n,2,291.37,4.34,N,2
35.52857,44.33742,327.85,0.41,0.37,2023-10-24,2244,N,VIIRS,n,2,288.12,4.0,N,2
35.53135,44.34263,300.8,0.41,0.37,2023-10-24,2244,N,VIIRS,n,2,288.21,4.34,N,2
35.53196,44.33814,335.31,0.41,0.37,2023-10-24,2244,N,VIIRS,n,2,292.26,4.0,N,2
35.53536,44.33886,329.1,0.41,0.37,2023-10-24,2244,N,VIIRS,n,2,289.83,2.7,N,2
35.6642,43.96374,298.42,0.42,0.37,2023-10-24,2244,N,VIIRS,n,2,276.61,0.78,N,2
36.133,40.80682,300.72,0.56,0.43,2023-10-24,2244,N,VIIRS,n,2,286.87,1.7,N,2
36.14424,40.815,307.05,0.56,0.43,2023-10-24,2244,N,VIIRS,n,2,286.31,1.25,N,2
36.45734,41.27946,307.32,0.54,0.42,2023-10-24,2244,N,VIIRS,n,2,285.95,1.27,N,2
36.71629,36.20005,303.65,0.34,0.56,2023-10-24,2244,N,VIIRS,n,2,290.43,0.46,N,2
36.72617,36.20881,301.24,0.34,0.56,2023-10-24,2244,N,VIIRS,n,2,289.23,0.89,N,0
36.73109,36.2134,306.25,0.34,0.56,2023-10-24,2244,N,VIIRS,n,2,292.76,0.89,N,2
36.73137,36.20935,324.27,0.34,0.56,2023-10-24,2244,N,VIIRS,n,2,293.96,0.89,N,2
36.73655,36.20994,314.78,0.34,0.56,2023-10-24,2244,N,VIIRS,n,2,292.26,1.08,N,2
36.74174,36.21055,315.44,0.34,0.56,2023-10-24,2244,N,VIIRS,n,2,293.27,1.08,N,2
36.74746,36.20328,308.67,0.34,0.56,2023-10-24,2244,N,VIIRS,n,2,290.4,1.44,N,2
36.74773,36.19938,315.73,0.34,0.56,2023-10-24,2244,N,VIIRS,n,2,290.69,1.66,N,2
36.78328,37.96301,298.73,0.54,0.51,2023-10-24,2244,N,VIIRS,n,2,286.31,1.2,N,0
36.79978,37.01931,297.94,0.61,0.53,2023-10-24,2244,N,VIIRS,n,2,286.78,0.85,N,2
36.80004,37.01796,298.18,0.61,0.53,2023-10-24,2244,N,VIIRS,n,2,286.84,0.91,N,2
36.86825,34.75994,303.23,0.41,0.6,2023-10-24,2244,N,VIIRS,n,2,290.68,1.56,N,2
36.93627,42.12918,320.89,0.5,0.41,2023-10-24,2244,N,VIIRS,n,2,286.39,2.5,N,2
36.93758,42.1179,295.69,0.5,0.41,2023-10-24,2244,N,VIIRS,n,2,284.52,0.4,N,2
36.94294,42.17031,305.46,0.5,0.41,2023-10-24,2244,N,VIIRS,n,2,287.03,1.73,N,2
37.02632,36.12745,301.13,0.34,0.56,2023-10-24,2244,N,VIIRS,n,2,288.22,0.39,N,2
37.03076,42.17125,296.12,0.5,0.41,2023-10-24,2244,N,VIIRS,n,2,285.99,0.33,N,0
37.0774,42.55985,302.75,0.48,0.4,2023-10-24,2244,N,VIIRS,n,2,286.7,0.8,N,2
37.35262,37.16006,305.31,0.6,0.53,2023-10-24,2244,N,VIIRS,n,2,287.26,1.36,N,2
37.46923,37.0683,303.24,0.61,0.54,2023-10-24,2244,N,VIIRS,n,2,284.42,0.86,N,0
37.49962,37.20421,312.02,0.6,0.53,2023-10-24,2244,N,VIIRS,n,2,284.44,1.85,N,0
37.69635,38.09921,296.84,0.54,0.51,2023-10-24,2244,N,VIIRS,n,2,284.0,0.87,N,0
37.70565,38.16337,299.6,0.54,0.51,2023-10-24,2244,N,VIIRS,n,2,283.66,0.77,N,0
37.71034,38.164,303.68,0.54,0.51,2023-10-24,2244,N,VIIRS,n,2,283.56,0.77,N,0
37.77325,38.58314,297.77,0.51,0.49,2023-10-24,2244,N,VIIRS,n,2,284.18,0.51,N,0
37.77783,38.58386,299.45,0.51,0.49,2023-10-24,2244,N,VIIRS,n,2,283.67,0.62,N,0
38.22395,40.50256,307.34,0.41,0.45,2023-10-24,2244,N,VIIRS,n,2,281.76,0.94,N,0
39.02651,33.46513,295.14,0.5,0.66,2023-10-24,2244,N,VIIRS,n,2,280.64,0.75,N,0
39.94711,33.19138,305.82,0.52,0.67,2023-10-24,2244,N,VIIRS,n,2,282.63,1.47,N,2
36.26153,33.72853,304.74,0.46,0.63,2023-10-24,2245,N,VIIRS,n,2,289.33,0.49,N,2
36.26395,33.73012,304.13,0.46,0.63,2023-10-24,2245,N,VIIRS,n,2,289.11,0.9,N,2
41.23848,36.46373,306.69,0.41,0.61,2023-10-25,23,N,VIIRS,n,2,282.56,2.1,N,2
41.24378,36.46647,329.25,0.41,0.61,2023-10-25,23,N,VIIRS,n,2,284.39,2.1,N,2
37.29465,37.15961,297.28,0.58,0.69,2023-10-25,24,N,VIIRS,n,2,286.43,1.17,N,2
37.29566,37.15899,297.11,0.58,0.69,2023-10-25,24,N,VIIRS,n,2,286.16,1.34,N,2
37.34985,37.16388,300.97,0.57,0.69,2023-10-25,24,N,VIIRS,n,2,286.23,1.07,N,2
38.22316,40.50567,296.32,0.79,0.78,2023-10-25,24,N,VIIRS,n,2,279.55,0.54,N,0
38.45521,38.72618,299.61,0.64,0.72,2023-10-25,24,N,VIIRS,n,2,282.19,1.4,N,2
39.02396,33.4679,299.6,0.34,0.56,2023-10-25,24,N,VIIRS,n,2,282.25,0.55,N,0
39.57575,29.86425,298.34,0.43,0.46,2023-10-25,24,N,VIIRS,n,2,276.69,0.82,N,0
39.7449,30.19759,297.16,0.44,0.46,2023-10-25,24,N,VIIRS,n,2,282.16,0.76,N,2
39.79002,34.99274,315.13,0.38,0.59,2023-10-25,24,N,VIIRS,n,2,277.86,2.11,N,0
39.79519,34.99522,312.44,0.38,0.59,2023-10-25,24,N,VIIRS,n,2,277.85,2.11,N,0
39.7964,34.99077,329.5,0.38,0.59,2023-10-25,24,N,VIIRS,n,2,278.78,5.02,N,0
39.79747,34.99341,328.51,0.38,0.59,2023-10-25,24,N,VIIRS,n,2,277.82,2.26,N,0
39.83628,30.30289,297.58,0.45,0.47,2023-10-25,24,N,VIIRS,n,2,281.65,0.53,N,2
40.11742,28.3528,297.48,0.54,0.42,2023-10-25,24,N,VIIRS,n,2,282.73,0.75,N,0
40.13919,34.31992,305.93,0.35,0.57,2023-10-25,24,N,VIIRS,n,2,277.8,0.99,N,0
40.14022,34.31606,296.25,0.35,0.57,2023-10-25,24,N,VIIRS,n,2,277.88,1.14,N,0
40.1859,29.2264,300.91,0.39,0.44,2023-10-25,24,N,VIIRS,n,2,283.4,0.31,N,2
40.75089,37.12211,296.58,0.46,0.64,2023-10-25,24,N,VIIRS,n,2,278.96,0.36,N,0
40.76804,29.52922,305.88,0.39,0.44,2023-10-25,24,N,VIIRS,n,2,282.44,0.92,N,2
41.026,36.10005,298.26,0.4,0.6,2023-10-25,24,N,VIIRS,n,2,281.38,0.45,N,0
41.17548,32.63335,298.79,0.54,0.51,2023-10-25,24,N,VIIRS,n,2,279.0,1.36,N,2
41.26495,31.42686,307.19,0.47,0.48,2023-10-25,24,N,VIIRS,n,2,290.76,1.27,N,2
41.26621,31.42142,299.31,0.47,0.48,2023-10-25,24,N,VIIRS,n,2,287.93,1.27,N,2
41.56561,32.42891,308.24,0.52,0.5,2023-10-25,24,N,VIIRS,n,2,286.21,1.38,N,0
36.71551,36.1991,305.67,0.53,0.67,2023-10-25,25,N,VIIRS,n,2,288.73,1.07,N,2
36.72143,36.20187,304.21,0.53,0.67,2023-10-25,25,N,VIIRS,n,2,289.28,1.07,N,2
36.73168,36.21285,303.45,0.53,0.67,2023-10-25,25,N,VIIRS,n,2,291.73,1.04,N,2
36.74709,36.20086,304.33,0.53,0.67,2023-10-25,25,N,VIIRS,n,2,289.2,1.45,N,2
36.93259,30.64601,307.2,0.54,0.51,2023-10-25,25,N,VIIRS,n,2,287.16,0.87,N,2
36.93716,30.64756,306.55,0.54,0.51,2023-10-25,25,N,VIIRS,n,2,288.08,1.02,N,2
37.86224,29.37466,297.61,0.44,0.46,2023-10-25,25,N,VIIRS,n,2,286.61,0.97,N,2
38.42558,27.21401,298.96,0.52,0.41,2023-10-25,25,N,VIIRS,n,2,284.9,0.74,N,2
38.42784,27.21573,298.05,0.52,0.41,2023-10-25,25,N,VIIRS,n,2,285.78,0.67,N,2
38.45368,29.46695,327.05,0.44,0.46,2023-10-25,25,N,VIIRS,n,2,281.49,3.2,N,0
38.65785,30.61862,300.4,0.49,0.49,2023-10-25,25,N,VIIRS,n,2,282.8,1.14,N,2
38.73096,26.96516,300.21,0.5,0.41,2023-10-25,25,N,VIIRS,n,2,282.87,0.77,N,2
38.73461,26.96648,299.36,0.5,0.41,2023-10-25,25,N,VIIRS,n,2,283.4,0.76,N,2
38.73912,26.94409,301.23,0.5,0.41,2023-10-25,25,N,VIIRS,n,2,286.09,0.84,N,2
39.0918,27.51594,302.4,0.52,0.41,2023-10-25,25,N,VIIRS,n,2,284.98,1.53,N,0
39.11034,27.52268,314.11,0.52,0.41,2023-10-25,25,N,VIIRS,n,2,284.63,3.38,N,0
39.1115,27.51699,300.57,0.52,0.41,2023-10-25,25,N,VIIRS,n,2,287.47,3.38,N,0
39.11297,27.52935,311.53,0.52,0.41,2023-10-25,25,N,VIIRS,n,2,285.06,2.63,N,0
39.11411,27.52372,334.98,0.52,0.41,2023-10-25,25,N,VIIRS,n,2,289.4,3.38,N,0
39.16688,27.63072,300.22,0.52,0.42,2023-10-25,25,N,VIIRS,n,2,285.21,1.03,N,2
35.52833,44.3405,343.84,0.38,0.36,2023-10-25,1004,N,VIIRS,n,2,306.68,4.27,D,2
35.53163,44.33976,338.86,0.38,0.36,2023-10-25,1004,N,VIIRS,n,2,305.38,4.27,D,2
35.62811,44.0092,338.13,0.38,0.36,2023-10-25,1004,N,VIIRS,n,2,308.69,5.02,D,2
35.724,44.04044,339.26,0.38,0.36,2023-10-25,1004,N,VIIRS,n,2,306.81,2.27,D,2
35.77129,43.99559,339.02,0.38,0.36,2023-10-25,1004,N,VIIRS,n,2,305.52,1.93,D,2
35.77618,44.43543,340.38,0.39,0.36,2023-10-25,1004,N,VIIRS,n,2,305.18,4.08,D,0
35.81522,44.03807,348.73,0.38,0.36,2023-10-25,1004,N,VIIRS,n,2,306.14,6.14,D,0
35.92354,43.79141,335.83,0.38,0.36,2023-10-25,1004,N,VIIRS,n,2,306.18,2.02,D,2
35.98124,43.77026,341.16,0.38,0.36,2023-10-25,1004,N,VIIRS,n,2,307.6,1.81,D,2
36.019,43.68255,344.23,0.38,0.36,2023-10-25,1004,N,VIIRS,n,2,311.18,7.05,D,2
35.76333,36.82923,332.82,0.43,0.46,2023-10-25,1005,N,VIIRS,n,2,304.9,1.33,D,0
36.0346,39.72113,336.17,0.47,0.4,2023-10-25,1005,N,VIIRS,n,2,308.29,3.75,D,0
36.03928,39.05365,335.77,0.5,0.41,2023-10-25,1005,N,VIIRS,n,2,307.67,3.16,D,0
36.10363,38.12882,338.74,0.55,0.42,2023-10-25,1005,N,VIIRS,n,2,307.29,7.96,D,0
36.12935,37.4678,339.55,0.39,0.44,2023-10-25,1005,N,VIIRS,n,2,302.88,6.33,D,0
36.14208,40.81771,336.69,0.43,0.38,2023-10-25,1005,N,VIIRS,n,2,307.39,2.04,D,2
36.1576,43.63878,340.27,0.38,0.36,2023-10-25,1005,N,VIIRS,n,2,305.21,2.04,D,0
36.1653,37.39713,340.08,0.39,0.44,2023-10-25,1005,N,VIIRS,n,2,301.21,4.94,D,0
36.20271,38.767,336.71,0.51,0.41,2023-10-25,1005,N,VIIRS,n,2,308.99,3.71,D,0
36.21071,38.05553,342.46,0.55,0.43,2023-10-25,1005,N,VIIRS,n,2,307.72,4.84,D,0
36.43105,43.92128,335.07,0.38,0.36,2023-10-25,1005,N,VIIRS,n,2,303.88,1.84,D,0
36.49781,43.86618,346.09,0.38,0.36,2023-10-25,1005,N,VIIRS,n,2,306.54,9.65,D,0
36.49967,43.86218,332.62,0.38,0.36,2023-10-25,1005,N,VIIRS,n,2,303.62,5.3,D,0
36.50032,43.86645,338.21,0.38,0.36,2023-10-25,1005,N,VIIRS,n,2,302.82,9.31,D,0
36.62499,43.15331,333.77,0.39,0.36,2023-10-25,1005,N,VIIRS,n,2,303.68,1.72,D,0
36.72071,43.21915,335.67,0.38,0.36,2023-10-25,1005,N,VIIRS,n,2,307.19,1.97,D,0
36.7627,35.46656,330.44,0.48,0.48,2023-10-25,1005,N,VIIRS,n,2,300.9,2.18,D,0
36.80077,40.57085,345.32,0.43,0.38,2023-10-25,1005,N,VIIRS,n,2,311.69,20.82,D,0
36.91785,40.10747,347.09,0.44,0.39,2023-10-25,1005,N,VIIRS,n,2,301.68,8.07,D,0
37.08212,36.66336,331.74,0.41,0.45,2023-10-25,1005,N,VIIRS,n,2,302.42,1.85,D,0
37.11884,36.71384,337.29,0.41,0.45,2023-10-25,1005,N,VIIRS,n,2,299.91,2.29,D,0
37.13108,35.65144,329.29,0.46,0.47,2023-10-25,1005,N,VIIRS,n,2,301.89,2.63,D,0
37.2459,42.2314,344.79,0.39,0.36,2023-10-25,1005,N,VIIRS,n,2,309.8,19.85,D,0
37.26808,35.62825,329.96,0.46,0.47,2023-10-25,1005,N,VIIRS,n,2,296.94,2.13,D,0
37.54156,38.81806,347.58,0.48,0.4,2023-10-25,1005,N,VIIRS,n,2,306.04,10.12,D,0
37.6103,40.40923,331.07,0.42,0.38,2023-10-25,1005,N,VIIRS,n,2,298.63,2.62,D,0
37.63299,38.00225,336.31,0.52,0.42,2023-10-25,1005,N,VIIRS,n,2,305.24,4.56,D,0
37.68933,38.07391,334.32,0.52,0.41,2023-10-25,1005,N,VIIRS,n,2,301.24,3.25,D,0
37.69786,40.8659,333.67,0.41,0.37,2023-10-25,1005,N,VIIRS,n,2,298.69,2.05,D,0
37.70124,40.86497,336.58,0.41,0.37,2023-10-25,1005,N,VIIRS,n,2,299.89,3.61,D,0
37.70457,37.97123,338.94,0.52,0.42,2023-10-25,1005,N,VIIRS,n,2,303.14,7.06,D,0
37.70705,39.43435,333.78,0.46,0.39,2023-10-25,1005,N,VIIRS,n,2,302.28,2.76,D,0
37.73281,37.85213,342.73,0.53,0.42,2023-10-25,1005,N,VIIRS,n,2,304.4,16.78,D,0
37.73452,37.85074,336.41,0.53,0.42,2023-10-25,1005,N,VIIRS,n,2,301.27,9.81,D,0
37.8144,41.48663,334.92,0.4,0.37,2023-10-25,1005,N,VIIRS,n,2,298.77,2.58,D,0
37.81666,41.68751,332.9,0.4,0.37,2023-10-25,1005,N,VIIRS,n,2,299.09,2.21,D,0
37.82246,41.40985,341.21,0.4,0.37,2023-10-25,1005,N,VIIRS,n,2,302.07,6.31,D,0
37.83503,38.69328,333.08,0.48,0.4,2023-10-25,1005,N,VIIRS,n,2,302.8,2.75,D,0
37.83573,38.796,341.84,0.48,0.4,2023-10-25,1005,N,VIIRS,n,2,301.32,5.72,D,0
37.89271,40.54702,338.58,0.42,0.38,2023-10-25,1005,N,VIIRS,n,2,299.29,2.24,D,0
37.96956,41.27926,338.78,0.4,0.37,2023-10-25,1005,N,VIIRS,n,2,299.55,2.47,D,0
37.99203,41.22594,334.11,0.4,0.37,2023-10-25,1005,N,VIIRS,n,2,298.87,2.13,D,0
38.00377,41.62733,338.34,0.4,0.37,2023-10-25,1005,N,VIIRS,n,2,300.11,3.41,D,0
38.07953,41.26514,349.55,0.4,0.37,2023-10-25,1005,N,VIIRS,n,2,300.88,6.12,D,0
38.08206,41.55486,339.76,0.4,0.37,2023-10-25,1005,N,VIIRS,n,2,296.5,2.92,D,0
38.08464,41.54944,330.4,0.4,0.37,2023-10-25,1005,N,VIIRS,n,2,295.59,1.7,D,0
38.08539,41.55394,330.85,0.4,0.37,2023-10-25,1005,N,VIIRS,n,2,294.88,2.48,D,0
38.10697,41.09625,331.26,0.4,0.37,2023-10-25,1005,N,VIIRS,n,2,299.95,2.88,D,0
38.10978,41.13352,345.45,0.4,0.37,2023-10-25,1005,N,VIIRS,n,2,302.34,13.14,D,0
38.11238,41.12814,333.06,0.4,0.37,2023-10-25,1005,N,VIIRS,n,2,300.08,4.95,D,0
38.16141,40.85717,336.85,0.41,0.37,2023-10-25,1005,N,VIIRS,n,2,299.73,2.71,D,0
38.23764,40.40915,330.05,0.42,0.38,2023-10-25,1005,N,VIIRS,n,2,301.62,1.57,D,0
38.9131,40.74449,344.07,0.41,0.37,2023-10-25,1005,N,VIIRS,n,2,295.11,5.29,D,0
37.30807,32.12714,341.64,0.35,0.57,2023-10-25,1006,N,VIIRS,n,2,284.38,4.7,D,0
37.9492,31.54797,328.29,0.36,0.57,2023-10-25,1006,N,VIIRS,n,2,279.2,3.43,D,0
38.30139,34.0262,341.74,0.53,0.5,2023-10-25,1006,N,VIIRS,n,2,296.84,7.74,D,0
38.43617,32.94933,331.32,0.59,0.53,2023-10-25,1006,N,VIIRS,n,2,289.21,2.74,D,0
38.97588,36.3665,356.1,0.39,0.44,2023-10-25,1006,N,VIIRS,n,2,279.1,14.79,D,0
38.97705,36.36731,344.3,0.39,0.44,2023-10-25,1006,N,VIIRS,n,2,280.81,12.37,D,0
39.09098,37.67034,333.25,0.51,0.41,2023-10-25,1006,N,VIIRS,n,2,290.77,3.58,D,0
39.27941,36.07421,336.47,0.4,0.44,2023-10-25,1006,N,VIIRS,n,2,273.41,3.39,D,0
39.28037,36.07869,332.92,0.4,0.44,2023-10-25,1006,N,VIIRS,n,2,272.66,4.24,D,0
39.97164,38.64209,326.11,0.45,0.39,2023-10-25,1006,N,VIIRS,n,2,282.06,3.2,D,0
39.97263,38.64738,326.9,0.45,0.39,2023-10-25,1006,N,VIIRS,n,2,282.79,4.3,D,0
39.99324,44.06616,334.09,0.39,0.37,2023-10-25,1006,N,VIIRS,n,2,297.03,4.26,D,0
39.99374,44.06277,335.19,0.39,0.37,2023-10-25,1006,N,VIIRS,n,2,298.51,5.71,D,0
40.00959,43.97822,339.84,0.39,0.36,2023-10-25,1006,N,VIIRS,n,2,297.57,2.67,D,0
40.01001,44.18623,331.66,0.4,0.37,2023-10-25,1006,N,VIIRS,n,2,298.94,2.93,D,0
40.01092,44.18754,337.65,0.4,0.37,2023-10-25,1006,N,VIIRS,n,2,297.79,4.34,D,0
40.01869,44.01883,333.16,0.39,0.36,2023-10-25,1006,N,VIIRS,n,2,300.33,3.03,D,0
40.02203,44.01804,335.3,0.39,0.36,2023-10-25,1006,N,VIIRS,n,2,300.85,9.81,D,0
40.0634,41.20288,338.31,0.39,0.36,2023-10-25,1006,N,VIIRS,n,2,288.39,2.26,D,0
40.08982,43.87533,335.62,0.39,0.36,2023-10-25,1006,N,VIIRS,n,2,298.94,3.62,D,0
40.54021,35.11108,327.37,0.41,0.45,2023-10-25,1006,N,VIIRS,n,2,278.01,1.97,D,0
41.57563,26.62616,326.63,0.57,0.52,2023-10-25,1147,N,VIIRS,n,2,273.49,4.0,D,0
35.92609,43.79156,300.57,0.46,0.47,2023-10-25,2225,N,VIIRS,n,2,287.39,1.55,N,2
35.95427,43.72682,301.02,0.46,0.47,2023-10-25,2225,N,VIIRS,n,2,287.85,0.96,N,2
35.96887,43.76091,303.32,0.46,0.47,2023-10-25,2225,N,VIIRS,n,2,289.36,3.61,N,2
35.97231,43.77157,310.21,0.46,0.47,2023-10-25,2225,N,VIIRS,n,2,289.4,2.06,N,2
35.98158,43.76748,336.99,0.46,0.47,2023-10-25,2225,N,VIIRS,n,2,292.02,3.83,N,2
35.99946,43.76016,319.57,0.46,0.47,2023-10-25,2225,N,VIIRS,n,2,288.46,2.21,N,2
36.00012,43.75938,320.52,0.46,0.47,2023-10-25,2225,N,VIIRS,n,2,288.52,1.87,N,2
36.01968,43.68341,332.48,0.47,0.48,2023-10-25,2225,N,VIIRS,n,2,291.72,4.7,N,2
36.11951,40.81839,304.39,0.34,0.56,2023-10-25,2225,N,VIIRS,n,2,286.0,0.74,N,2
36.12637,43.77957,299.69,0.46,0.47,2023-10-25,2225,N,VIIRS,n,2,287.96,1.12,N,2
36.13069,40.80757,316.67,0.34,0.56,2023-10-25,2225,N,VIIRS,n,2,285.29,1.36,N,2
36.14061,40.81629,300.48,0.34,0.56,2023-10-25,2225,N,VIIRS,n,2,283.36,0.59,N,2
36.14087,40.8124,299.09,0.34,0.56,2023-10-25,2225,N,VIIRS,n,2,283.96,0.89,N,2
36.14582,40.81675,299.3,0.34,0.56,2023-10-25,2225,N,VIIRS,n,2,283.48,0.55,N,0
36.14608,40.81287,305.36,0.34,0.56,2023-10-25,2225,N,VIIRS,n,2,283.05,0.74,N,2
36.18194,44.13922,296.84,0.44,0.46,2023-10-25,2225,N,VIIRS,n,2,286.35,0.38,N,0
36.45592,41.2807,304.64,0.32,0.55,2023-10-25,2225,N,VIIRS,n,2,281.38,0.39,N,2
36.72953,36.20611,303.38,0.61,0.71,2023-10-25,2225,N,VIIRS,n,2,291.19,1.83,N,2
36.73273,43.2796,298.29,0.5,0.49,2023-10-25,2225,N,VIIRS,n,2,286.15,0.51,N,2
36.73302,36.20735,303.4,0.61,0.71,2023-10-25,2225,N,VIIRS,n,2,292.23,0.96,N,2
36.7397,36.20776,302.69,0.61,0.71,2023-10-25,2225,N,VIIRS,n,2,291.57,0.96,N,2
36.7458,43.49483,295.95,0.49,0.48,2023-10-25,2225,N,VIIRS,n,2,284.92,2.01,N,2
36.7745,43.32713,307.05,0.5,0.49,2023-10-25,2225,N,VIIRS,n,2,286.24,3.95,N,2
36.77502,43.32141,337.7,0.5,0.49,2023-10-25,2225,N,VIIRS,n,2,286.47,3.95,N,2
36.77564,43.32246,338.49,0.5,0.49,2023-10-25,2225,N,VIIRS,n,2,288.28,5.87,N,2
36.86789,34.75985,301.8,0.74,0.76,2023-10-25,2225,N,VIIRS,n,2,288.88,1.42,N,2
36.89109,43.42634,325.88,0.49,0.49,2023-10-25,2225,N,VIIRS,n,2,281.91,3.14,N,2
36.90794,43.38932,336.02,0.5,0.49,2023-10-25,2225,N,VIIRS,n,2,284.46,3.7,N,2
36.90843,43.3835,298.78,0.5,0.49,2023-10-25,2225,N,VIIRS,n,2,280.9,3.7,N,2
36.91463,41.89507,296.69,0.6,0.53,2023-10-25,2225,N,VIIRS,n,2,283.8,0.66,N,2
36.93676,42.1307,316.4,0.58,0.52,2023-10-25,2225,N,VIIRS,n,2,286.72,2.31,N,2
36.94347,42.17125,308.97,0.58,0.52,2023-10-25,2225,N,VIIRS,n,2,285.42,1.43,N,2
36.96526,42.07976,307.09,0.59,0.53,2023-10-25,2225,N,VIIRS,n,2,285.08,0.97,N,2
37.07673,42.55587,303.38,0.55,0.51,2023-10-25,2225,N,VIIRS,n,2,285.78,1.36,N,2
39.10941,36.51065,296.4,0.61,0.71,2023-10-25,2225,N,VIIRS,n,2,272.75,0.79,N,0
39.36371,36.93465,301.76,0.58,0.7,2023-10-25,2225,N,VIIRS,n,2,279.29,1.37,N,0
35.51262,44.37563,307.86,0.42,0.46,2023-10-25,2226,N,VIIRS,n,2,288.66,0.4,N,2
35.52426,44.3435,314.09,0.43,0.46,2023-10-25,2226,N,VIIRS,n,2,286.95,3.6,N,2
35.52848,44.34418,338.13,0.43,0.46,2023-10-25,2226,N,VIIRS,n,2,289.19,3.6,N,2
35.52894,44.33937,343.2,0.43,0.46,2023-10-25,2226,N,VIIRS,n,2,288.52,3.6,N,2
35.53315,44.34007,317.37,0.43,0.46,2023-10-25,2226,N,VIIRS,n,2,287.52,1.69,N,2
35.53362,44.33529,337.72,0.43,0.46,2023-10-25,2226,N,VIIRS,n,2,288.81,3.46,N,2
35.56455,44.28175,295.81,0.43,0.46,2023-10-25,2226,N,VIIRS,n,2,285.46,0.31,N,2
35.63017,44.00859,340.52,0.44,0.46,2023-10-25,2226,N,VIIRS,n,2,290.35,4.5,N,2
35.66089,43.96281,316.91,0.45,0.47,2023-10-25,2226,N,VIIRS,n,2,287.41,1.44,N,2
35.66218,43.96585,319.45,0.45,0.47,2023-10-25,2226,N,VIIRS,n,2,287.88,2.0,N,2
35.68353,43.87709,338.15,0.45,0.47,2023-10-25,2226,N,VIIRS,n,2,286.74,4.14,N,2
35.68787,43.87775,323.99,0.45,0.47,2023-10-25,2226,N,VIIRS,n,2,286.76,4.14,N,2
35.72494,44.04129,335.25,0.44,0.46,2023-10-25,2226,N,VIIRS,n,2,289.87,2.49,N,2
35.7302,44.03203,326.02,0.44,0.46,2023-10-25,2226,N,VIIRS,n,2,288.86,2.72,N,2
35.77438,43.99464,314.33,0.45,0.47,2023-10-25,2226,N,VIIRS,n,2,288.62,1.8,N,2
35.81681,43.25407,309.93,0.49,0.49,2023-10-25,2226,N,VIIRS,n,2,287.96,1.36,N,0
36.08336,39.67591,295.2,0.39,0.59,2023-10-25,2226,N,VIIRS,n,2,277.47,0.23,N,0
36.11877,40.81962,299.47,0.34,0.56,2023-10-25,2226,N,VIIRS,n,2,285.76,0.71,N,2
36.13001,40.80882,322.07,0.34,0.56,2023-10-25,2226,N,VIIRS,n,2,285.44,1.15,N,2
