latitude,longitude,bright_ti4,scan,track,acq_date,acq_time,satellite,instrument,confidence,version,bright_ti5,frp,daynight,type
39.48556,30.03723,298.5,0.77,0.78,2025-09-15,110,N,VIIRS,n,2,284.7,1.09,N,2
39.8634,26.24246,300.05,0.5,0.65,2025-09-15,110,N,VIIRS,n,2,286.64,1.6,N,2
39.86764,26.24428,304.35,0.5,0.65,2025-09-15,110,N,VIIRS,n,2,288.01,0.92,N,2
41.25492,31.41027,311.3,0.78,0.78,2025-09-15,110,N,VIIRS,n,2,286.2,3.3,N,2
38.09324,26.94573,308.21,0.6,0.71,2025-09-15,111,N,VIIRS,n,2,290.72,1.1,N,0
38.0934,26.94676,306.38,0.6,0.71,2025-09-15,111,N,VIIRS,n,2,290.79,0.67,N,0
38.42702,27.21302,303.33,0.61,0.71,2025-09-15,111,N,VIIRS,n,2,290.78,0.76,N,2
38.42738,27.21463,303.54,0.61,0.71,2025-09-15,111,N,VIIRS,n,2,290.92,0.9,N,2
38.73705,26.94472,305.16,0.58,0.7,2025-09-15,111,N,VIIRS,n,2,290.97,2.4,N,2
38.73961,26.94149,306.06,0.58,0.69,2025-09-15,111,N,VIIRS,n,2,290.77,2.12,N,2
38.74958,26.93206,303.78,0.58,0.69,2025-09-15,111,N,VIIRS,n,2,290.19,1.08,N,2
38.755,26.9319,300.38,0.58,0.69,2025-09-15,111,N,VIIRS,n,2,289.63,1.39,N,2
38.75566,26.93506,301.99,0.58,0.69,2025-09-15,111,N,VIIRS,n,2,289.57,0.72,N,0
35.52766,44.34329,367.0,0.49,0.65,2025-09-15,910,N,VIIRS,h,2,313.7,6.92,D,2
35.53346,44.34095,352.33,0.49,0.65,2025-09-15,910,N,VIIRS,n,2,311.82,6.92,D,2
35.6314,44.01164,367.0,0.51,0.66,2025-09-15,910,N,VIIRS,h,2,321.43,26.01,D,2
35.63161,44.01173,367.0,0.51,0.66,2025-09-15,910,N,VIIRS,h,2,320.37,29.6,D,2
35.66486,43.96765,367.0,0.51,0.66,2025-09-15,910,N,VIIRS,h,2,320.03,19.5,D,2
35.68725,43.88381,341.91,0.52,0.67,2025-09-15,910,N,VIIRS,n,2,315.57,31.07,D,2
35.7249,44.0414,349.07,0.51,0.66,2025-09-15,910,N,VIIRS,n,2,313.71,10.19,D,2
35.68657,43.88096,367.0,0.52,0.66,2025-09-15,911,N,VIIRS,h,2,320.82,56.81,D,2
35.72665,44.04354,353.15,0.5,0.66,2025-09-15,911,N,VIIRS,n,2,315.22,10.49,D,2
35.731,44.03587,346.48,0.5,0.66,2025-09-15,911,N,VIIRS,n,2,314.36,9.15,D,2
36.77334,43.32601,345.22,0.52,0.67,2025-09-15,911,N,VIIRS,n,2,311.35,6.23,D,2
36.77355,43.3292,346.87,0.52,0.66,2025-09-15,911,N,VIIRS,n,2,312.16,5.06,D,2
36.77996,43.32851,344.38,0.52,0.66,2025-09-15,911,N,VIIRS,n,2,309.11,5.11,D,2
40.6116,43.82529,338.1,0.38,0.59,2025-09-15,912,N,VIIRS,n,2,302.09,4.5,D,0
40.61306,43.82309,333.17,0.38,0.59,2025-09-15,912,N,VIIRS,n,2,300.12,3.59,D,0
41.44629,43.50601,332.29,0.38,0.59,2025-09-15,912,N,VIIRS,n,2,296.93,5.55,D,0
35.52703,44.34357,367.0,0.39,0.59,2025-09-15,1051,N,VIIRS,h,2,317.96,6.15,D,2
35.53201,44.33963,367.0,0.39,0.59,2025-09-15,1051,N,VIIRS,h,2,317.76,13.73,D,2
35.53229,44.33874,367.0,0.39,0.59,2025-09-15,1051,N,VIIRS,h,2,316.01,6.15,D,2
35.53255,44.34306,352.27,0.39,0.59,2025-09-15,1051,N,VIIRS,n,2,315.63,6.15,D,2
35.56486,44.3316,346.49,0.39,0.59,2025-09-15,1051,N,VIIRS,n,2,315.46,4.59,D,0
35.62872,44.00671,354.78,0.37,0.58,2025-09-15,1051,N,VIIRS,n,2,315.54,14.22,D,2
35.62897,44.0109,367.0,0.37,0.58,2025-09-15,1051,N,VIIRS,h,2,326.05,14.22,D,2
35.65899,43.96562,352.11,0.37,0.58,2025-09-15,1051,N,VIIRS,n,2,319.74,8.69,D,2
35.72492,44.04039,346.65,0.38,0.58,2025-09-15,1051,N,VIIRS,n,2,316.46,6.24,D,2
35.72516,44.04459,351.47,0.38,0.58,2025-09-15,1051,N,VIIRS,n,2,317.15,6.24,D,2
35.72877,44.03493,349.67,0.38,0.58,2025-09-15,1051,N,VIIRS,n,2,318.07,7.29,D,2
35.77157,43.9972,367.0,0.37,0.58,2025-09-15,1051,N,VIIRS,h,2,319.17,7.87,D,2
35.80837,39.63517,343.48,0.43,0.46,2025-09-15,1051,N,VIIRS,n,2,312.89,4.15,D,0
35.80905,39.63806,343.61,0.43,0.46,2025-09-15,1051,N,VIIRS,n,2,312.46,3.97,D,0
36.14179,40.81952,348.15,0.5,0.49,2025-09-15,1051,N,VIIRS,n,2,315.05,4.62,D,2
36.34658,36.54636,350.01,0.47,0.39,2025-09-15,1051,N,VIIRS,n,2,315.53,33.02,D,0
36.72457,35.24763,340.0,0.42,0.38,2025-09-15,1051,N,VIIRS,n,2,306.98,4.84,D,0
36.74655,36.20372,337.74,0.46,0.39,2025-09-15,1051,N,VIIRS,n,2,306.16,4.24,D,2
36.76533,35.20546,339.48,0.42,0.38,2025-09-15,1051,N,VIIRS,n,2,307.12,3.86,D,0
36.77553,43.32513,367.0,0.35,0.57,2025-09-15,1051,N,VIIRS,h,2,316.94,7.33,D,2
36.83439,34.82801,341.33,0.41,0.37,2025-09-15,1051,N,VIIRS,n,2,308.82,4.79,D,0
36.86894,43.48954,338.12,0.36,0.57,2025-09-15,1051,N,VIIRS,n,2,305.26,3.46,D,2
36.8698,34.93538,348.53,0.42,0.37,2025-09-15,1051,N,VIIRS,n,2,308.44,11.44,D,0
36.90595,43.39425,345.58,0.36,0.57,2025-09-15,1051,N,VIIRS,n,2,305.89,3.5,D,2
36.9136,34.93282,337.3,0.42,0.37,2025-09-15,1051,N,VIIRS,n,2,306.58,3.28,D,0
36.94542,43.86966,337.92,0.38,0.59,2025-09-15,1051,N,VIIRS,n,2,307.09,4.42,D,0
36.95304,36.63293,348.66,0.48,0.4,2025-09-15,1051,N,VIIRS,n,2,317.1,13.75,D,0
37.0827,36.07564,338.53,0.46,0.39,2025-09-15,1051,N,VIIRS,n,2,305.12,2.35,D,0
37.08394,35.96584,347.75,0.45,0.39,2025-09-15,1051,N,VIIRS,n,2,308.35,4.23,D,0
37.09546,36.00006,348.8,0.45,0.39,2025-09-15,1051,N,VIIRS,n,2,310.53,10.97,D,0
37.11412,35.83839,334.61,0.45,0.39,2025-09-15,1051,N,VIIRS,n,2,304.24,3.3,D,0
37.15331,35.98123,344.71,0.45,0.39,2025-09-15,1051,N,VIIRS,n,2,306.7,5.54,D,0
37.26377,35.70977,339.58,0.44,0.39,2025-09-15,1051,N,VIIRS,n,2,308.5,4.62,D,0
37.30338,36.09258,344.32,0.46,0.39,2025-09-15,1051,N,VIIRS,n,2,307.52,3.56,D,0
37.38607,36.31764,342.87,0.47,0.4,2025-09-15,1051,N,VIIRS,n,2,310.66,3.58,D,0
37.6399,29.95504,342.4,0.41,0.37,2025-09-15,1052,N,VIIRS,n,2,312.19,5.61,D,0
37.74116,31.80553,344.36,0.38,0.36,2025-09-15,1052,N,VIIRS,n,2,317.06,10.08,D,0
37.7484,31.80823,349.95,0.38,0.36,2025-09-15,1052,N,VIIRS,n,2,314.47,8.29,D,0
38.03343,40.1671,349.21,0.48,0.48,2025-09-15,1052,N,VIIRS,n,2,312.02,7.6,D,0
38.24659,29.73374,338.84,0.41,0.37,2025-09-15,1052,N,VIIRS,n,2,307.5,3.92,D,0
39.08123,31.93184,344.42,0.38,0.36,2025-09-15,1052,N,VIIRS,n,2,312.62,4.08,D,0
39.57995,32.66681,341.91,0.39,0.36,2025-09-15,1052,N,VIIRS,n,2,314.84,3.96,D,0
39.71904,31.68312,345.35,0.38,0.36,2025-09-15,1052,N,VIIRS,n,2,312.43,4.51,D,0
40.02513,38.23554,341.48,0.41,0.45,2025-09-15,1052,N,VIIRS,n,2,307.8,8.54,D,0
40.07065,34.76505,354.4,0.44,0.38,2025-09-15,1052,N,VIIRS,n,2,314.6,20.74,D,0
40.50934,43.81293,338.33,0.4,0.6,2025-09-15,1052,N,VIIRS,n,2,302.01,3.4,D,0
40.60893,43.82166,367.0,0.4,0.6,2025-09-15,1052,N,VIIRS,h,2,305.74,10.0,D,0
40.66158,36.51782,335.41,0.52,0.41,2025-09-15,1052,N,VIIRS,n,2,309.43,2.86,D,0
40.10741,27.98607,330.87,0.43,0.38,2025-09-15,1053,N,VIIRS,n,2,294.06,2.19,D,0
40.4445,27.13293,334.07,0.46,0.39,2025-09-15,1053,N,VIIRS,n,2,302.0,3.84,D,2
41.02954,27.02004,337.55,0.45,0.39,2025-09-15,1053,N,VIIRS,n,2,306.43,2.97,D,0
41.24147,36.46456,337.85,0.52,0.42,2025-09-15,1053,N,VIIRS,n,2,304.38,4.59,D,2
42.12226,43.01249,324.95,0.39,0.36,2025-09-15,2310,N,VIIRS,n,2,287.17,2.19,N,2
42.12555,43.01347,299.75,0.39,0.36,2025-09-15,2310,N,VIIRS,n,2,286.44,0.45,N,2
38.13203,40.23917,311.37,0.39,0.36,2025-09-15,2311,N,VIIRS,n,2,292.8,1.18,N,0
38.1327,40.23478,311.73,0.39,0.36,2025-09-15,2311,N,VIIRS,n,2,291.76,1.18,N,0
38.14721,40.25197,310.86,0.39,0.36,2025-09-15,2311,N,VIIRS,n,2,288.9,1.03,N,0
38.15578,40.26313,304.96,0.39,0.36,2025-09-15,2311,N,VIIRS,n,2,287.5,0.37,N,0
38.15909,40.26393,299.46,0.39,0.36,2025-09-15,2311,N,VIIRS,n,2,287.34,0.26,N,0
38.1657,40.26553,300.54,0.39,0.36,2025-09-15,2311,N,VIIRS,n,2,287.03,0.61,N,0
38.16635,40.26115,302.38,0.39,0.36,2025-09-15,2311,N,VIIRS,n,2,286.51,0.61,N,0
38.22223,40.62624,302.77,0.38,0.36,2025-09-15,2311,N,VIIRS,n,2,289.82,0.53,N,0
38.27781,39.74446,302.06,0.39,0.36,2025-09-15,2311,N,VIIRS,n,2,291.51,0.89,N,2
38.45451,38.72697,308.1,0.41,0.37,2025-09-15,2311,N,VIIRS,n,2,292.02,0.77,N,2
38.66558,39.23499,301.23,0.4,0.37,2025-09-15,2311,N,VIIRS,n,2,289.28,0.89,N,0
38.88297,37.89573,297.65,0.44,0.38,2025-09-15,2311,N,VIIRS,n,2,287.07,0.51,N,0
38.89269,41.57032,298.32,0.38,0.36,2025-09-15,2311,N,VIIRS,n,2,286.7,0.94,N,2
39.05477,34.52127,300.65,0.4,0.44,2025-09-15,2311,N,VIIRS,n,2,284.97,0.56,N,0
39.05521,34.53391,312.74,0.4,0.44,2025-09-15,2311,N,VIIRS,n,2,285.95,1.85,N,0
39.05617,34.52441,300.27,0.4,0.44,2025-09-15,2311,N,VIIRS,n,2,285.67,1.06,N,0
39.05794,34.53176,308.39,0.4,0.44,2025-09-15,2311,N,VIIRS,n,2,286.17,1.29,N,0
39.11449,27.51829,302.02,0.47,0.64,2025-09-15,2311,N,VIIRS,n,2,287.93,1.03,N,2
39.11618,27.5193,299.36,0.47,0.64,2025-09-15,2311,N,VIIRS,n,2,287.95,0.84,N,0
39.16621,27.6298,297.02,0.47,0.64,2025-09-15,2311,N,VIIRS,n,2,286.86,0.65,N,2
39.48732,30.04026,300.36,0.35,0.57,2025-09-15,2311,N,VIIRS,n,2,285.08,0.63,N,2
39.4911,35.08808,296.26,0.38,0.43,2025-09-15,2311,N,VIIRS,n,2,281.44,0.41,N,0
39.58516,43.90264,304.19,0.41,0.37,2025-09-15,2311,N,VIIRS,n,2,283.7,0.82,N,0
39.70662,30.15004,295.8,0.35,0.56,2025-09-15,2311,N,VIIRS,n,2,283.08,0.53,N,0
39.72281,36.93488,296.33,0.48,0.4,2025-09-15,2311,N,VIIRS,n,2,283.2,1.14,N,0
39.86612,26.24171,301.13,0.56,0.69,2025-09-15,2311,N,VIIRS,n,2,288.57,0.73,N,2
39.90191,28.86854,303.46,0.41,0.6,2025-09-15,2311,N,VIIRS,n,2,283.23,0.63,N,0
39.94291,33.19095,301.45,0.48,0.48,2025-09-15,2311,N,VIIRS,n,2,286.43,0.88,N,2
39.94738,33.19156,298.01,0.48,0.48,2025-09-15,2311,N,VIIRS,n,2,286.45,0.88,N,2
40.05153,32.6468,297.86,0.51,0.5,2025-09-15,2311,N,VIIRS,n,2,287.08,0.61,N,0
40.18778,29.22355,301.46,0.39,0.59,2025-09-15,2311,N,VIIRS,n,2,288.02,0.6,N,0
40.25916,30.04314,296.74,0.35,0.57,2025-09-15,2311,N,VIIRS,n,2,285.86,0.64,N,2
40.26275,30.04163,301.23,0.35,0.57,2025-09-15,2311,N,VIIRS,n,2,286.55,0.48,N,0
40.41369,39.65991,296.6,0.4,0.37,2025-09-15,2311,N,VIIRS,n,2,281.95,0.18,N,0
40.76831,29.52953,317.86,0.38,0.59,2025-09-15,2311,N,VIIRS,n,2,288.61,1.85,N,2
41.02228,28.55518,306.85,0.43,0.62,2025-09-15,2311,N,VIIRS,n,2,287.79,0.96,N,2
41.10874,37.32106,300.19,0.48,0.4,2025-09-15,2311,N,VIIRS,n,2,289.8,0.45,N,2
41.17457,32.63066,304.4,0.53,0.5,2025-09-15,2311,N,VIIRS,n,2,286.65,2.13,N,2
41.19377,32.62622,297.47,0.53,0.5,2025-09-15,2311,N,VIIRS,n,2,286.6,1.94,N,2
41.25367,31.41395,304.08,0.61,0.54,2025-09-15,2311,N,VIIRS,n,2,287.48,2.09,N,2
41.2577,31.42957,298.04,0.61,0.54,2025-09-15,2311,N,VIIRS,n,2,287.98,1.77,N,2
41.26269,31.43015,306.36,0.61,0.54,2025-09-15,2311,N,VIIRS,n,2,287.92,1.62,N,2
41.26317,31.42259,303.72,0.61,0.54,2025-09-15,2311,N,VIIRS,n,2,288.93,1.62,N,2
41.26767,31.43074,304.3,0.61,0.54,2025-09-15,2311,N,VIIRS,n,2,287.03,1.62,N,2
41.26816,31.42321,304.14,0.61,0.54,2025-09-15,2311,N,VIIRS,n,2,288.97,1.62,N,2
35.51176,44.3728,325.83,0.48,0.4,2025-09-15,2312,N,VIIRS,n,2,295.17,2.58,N,2
35.52497,44.34388,336.07,0.48,0.4,2025-09-15,2312,N,VIIRS,n,2,294.18,2.31,N,2
35.52597,44.33873,305.76,0.48,0.4,2025-09-15,2312,N,VIIRS,n,2,293.17,5.71,N,2
35.52859,44.34491,316.21,0.48,0.4,2025-09-15,2312,N,VIIRS,n,2,293.85,2.31,N,2
35.52958,44.33976,348.05,0.48,0.4,2025-09-15,2312,N,VIIRS,n,2,296.65,5.71,N,2
35.5332,44.34077,317.64,0.48,0.4,2025-09-15,2312,N,VIIRS,n,2,294.04,1.84,N,2
35.53419,44.33561,320.95,0.48,0.4,2025-09-15,2312,N,VIIRS,n,2,294.11,1.84,N,2
35.5647,44.3301,309.12,0.47,0.4,2025-09-15,2312,N,VIIRS,n,2,295.75,1.01,N,0
35.56607,44.32821,321.41,0.48,0.4,2025-09-15,2312,N,VIIRS,n,2,296.58,1.7,N,0
35.56832,44.33109,306.06,0.47,0.4,2025-09-15,2312,N,VIIRS,n,2,295.95,1.01,N,0
35.62681,44.00803,324.6,0.46,0.39,2025-09-15,2312,N,VIIRS,n,2,295.06,15.94,N,2
35.62691,44.01043,329.35,0.46,0.39,2025-09-15,2312,N,VIIRS,n,2,295.2,5.64,N,2
35.62787,44.00544,330.76,0.46,0.39,2025-09-15,2312,N,VIIRS,n,2,295.65,5.64,N,2
35.63036,44.00907,343.35,0.46,0.39,2025-09-15,2312,N,VIIRS,n,2,307.76,15.94,N,2
35.63046,44.01147,326.21,0.46,0.39,2025-09-15,2312,N,VIIRS,n,2,296.51,8.28,N,2
35.63142,44.00648,331.99,0.46,0.39,2025-09-15,2312,N,VIIRS,n,2,300.5,8.28,N,2
35.66143,43.9674,324.02,0.46,0.39,2025-09-15,2312,N,VIIRS,n,2,296.84,13.62,N,2
35.66238,43.96239,331.55,0.46,0.39,2025-09-15,2312,N,VIIRS,n,2,303.45,13.62,N,2
35.67615,44.06699,306.68,0.46,0.39,2025-09-15,2312,N,VIIRS,n,2,294.96,2.11,N,2
35.68207,43.87887,306.4,0.45,0.39,2025-09-15,2312,N,VIIRS,n,2,294.49,2.45,N,2
35.68301,43.87391,325.26,0.45,0.39,2025-09-15,2312,N,VIIRS,n,2,294.71,2.45,N,2
35.68561,43.87987,324.83,0.45,0.39,2025-09-15,2312,N,VIIRS,n,2,296.84,33.92,N,2
35.68655,43.8749,331.7,0.45,0.39,2025-09-15,2312,N,VIIRS,n,2,313.77,33.92,N,2
35.72039,44.03167,304.27,0.46,0.39,2025-09-15,2312,N,VIIRS,n,2,293.67,0.4,N,2
35.72562,44.04364,305.92,0.46,0.39,2025-09-15,2312,N,VIIRS,n,2,295.38,1.95,N,2
35.72657,44.03861,329.54,0.46,0.39,2025-09-15,2312,N,VIIRS,n,2,298.31,2.46,N,2
35.72727,44.04065,326.49,0.46,0.39,2025-09-15,2312,N,VIIRS,n,2,296.66,1.61,N,2
35.72752,44.0336,317.32,0.46,0.39,2025-09-15,2312,N,VIIRS,n,2,294.38,2.46,N,2
35.7292,44.03066,330.18,0.46,0.39,2025-09-15,2312,N,VIIRS,n,2,296.66,4.52,N,2
35.73108,44.03457,329.69,0.46,0.39,2025-09-15,2312,N,VIIRS,n,2,297.2,2.17,N,2
35.77341,43.99555,331.23,0.46,0.39,2025-09-15,2312,N,VIIRS,n,2,299.24,6.33,N,2
35.79785,43.63735,305.33,0.44,0.39,2025-09-15,2312,N,VIIRS,n,2,294.23,0.9,N,0
35.95242,43.72582,319.99,0.45,0.39,2025-09-15,2312,N,VIIRS,n,2,295.18,2.18,N,2
35.9715,43.76196,322.52,0.45,0.39,2025-09-15,2312,N,VIIRS,n,2,296.6,3.46,N,2
35.98108,43.77004,314.49,0.45,0.39,2025-09-15,2312,N,VIIRS,n,2,297.2,2.32,N,2
35.99783,43.75942,310.59,0.45,0.39,2025-09-15,2312,N,VIIRS,n,2,296.48,1.44,N,2
36.0192,43.68036,311.68,0.44,0.39,2025-09-15,2312,N,VIIRS,n,2,294.88,1.32,N,2
36.01926,43.68351,314.68,0.44,0.39,2025-09-15,2312,N,VIIRS,n,2,296.54,1.0,N,2
36.09819,43.63161,303.83,0.44,0.38,2025-09-15,2312,N,VIIRS,n,2,290.19,0.6,N,0
36.12367,41.04597,307.47,0.39,0.36,2025-09-15,2312,N,VIIRS,n,2,292.03,0.86,N,2
36.12807,43.78053,307.1,0.45,0.39,2025-09-15,2312,N,VIIRS,n,2,295.77,3.02,N,2
36.13143,40.8089,315.6,0.39,0.36,2025-09-15,2312,N,VIIRS,n,2,292.55,1.38,N,2
36.13718,41.08928,301.67,0.39,0.36,2025-09-15,2312,N,VIIRS,n,2,290.83,0.3,N,0
36.14392,40.81639,331.38,0.39,0.36,2025-09-15,2312,N,VIIRS,n,2,293.34,2.73,N,2
36.17243,43.83929,308.59,0.45,0.39,2025-09-15,2312,N,VIIRS,n,2,293.62,0.54,N,0
36.2576,44.38748,304.55,0.47,0.39,2025-09-15,2312,N,VIIRS,n,2,292.23,0.47,N,0
36.26203,33.72837,314.63,0.41,0.45,2025-09-15,2312,N,VIIRS,n,2,294.0,0.83,N,2
36.26339,33.72566,311.43,0.41,0.45,2025-09-15,2312,N,VIIRS,n,2,293.41,1.36,N,2
36.44109,42.93151,323.6,0.42,0.37,2025-09-15,2312,N,VIIRS,n,2,298.94,2.18,N,2
36.69179,44.07123,304.51,0.45,0.39,2025-09-15,2312,N,VIIRS,n,2,293.11,0.24,N,0
36.77538,43.32404,333.94,0.42,0.38,2025-09-15,2312,N,VIIRS,n,2,299.95,9.62,N,2
36.86693,43.519,305.61,0.43,0.38,2025-09-15,2312,N,VIIRS,n,2,292.29,0.78,N,0
36.86872,43.48957,330.98,0.43,0.38,2025-09-15,2312,N,VIIRS,n,2,294.0,3.62,N,2
36.86996,34.76509,307.08,0.56,0.43,2025-09-15,2312,N,VIIRS,n,2,294.6,0.98,N,2
36.90504,43.38943,309.14,0.42,0.38,2025-09-15,2312,N,VIIRS,n,2,289.95,1.69,N,2
36.90846,43.39044,323.03,0.42,0.38,2025-09-15,2312,N,VIIRS,n,2,292.59,2.82,N,2
36.93634,42.13214,323.8,0.4,0.37,2025-09-15,2312,N,VIIRS,n,2,294.85,2.14,N,2
36.93671,43.87347,315.07,0.44,0.38,2025-09-15,2312,N,VIIRS,n,2,294.42,2.24,N,0
36.93761,43.86864,307.24,0.44,0.38,2025-09-15,2312,N,VIIRS,n,2,293.81,1.76,N,0
36.94027,43.87401,321.58,0.44,0.38,2025-09-15,2312,N,VIIRS,n,2,294.06,2.24,N,0
36.94117,43.86914,317.68,0.44,0.38,2025-09-15,2312,N,VIIRS,n,2,293.75,1.76,N,0
36.94363,42.17103,317.54,0.4,0.37,2025-09-15,2312,N,VIIRS,n,2,293.78,1.94,N,2
36.94382,43.87459,309.54,0.44,0.38,2025-09-15,2312,N,VIIRS,n,2,290.97,1.15,N,0
36.94474,43.86963,306.01,0.44,0.38,2025-09-15,2312,N,VIIRS,n,2,290.93,0.67,N,0
36.94563,43.86483,306.55,0.44,0.38,2025-09-15,2312,N,VIIRS,n,2,291.18,0.67,N,0
36.94708,42.13038,341.45,0.4,0.37,2025-09-15,2312,N,VIIRS,n,2,296.1,4.54,N,2
36.9638,42.08216,321.86,0.4,0.37,2025-09-15,2312,N,VIIRS,n,2,291.27,1.78,N,2
36.99726,41.56493,300.6,0.39,0.36,2025-09-15,2312,N,VIIRS,n,2,289.52,0.48,N,2
36.99798,41.5606,302.43,0.39,0.36,2025-09-15,2312,N,VIIRS,n,2,291.88,0.48,N,2
37.00671,42.07511,303.53,0.4,0.37,2025-09-15,2312,N,VIIRS,n,2,290.92,0.81,N,0
37.01162,41.58216,300.6,0.39,0.36,2025-09-15,2312,N,VIIRS,n,2,290.54,0.71,N,2
37.0257,42.26923,303.68,0.4,0.37,2025-09-15,2312,N,VIIRS,n,2,293.26,0.42,N,0
37.03235,42.1693,311.71,0.4,0.37,2025-09-15,2312,N,VIIRS,n,2,292.62,0.72,N,2
37.13927,42.79224,307.45,0.41,0.37,2025-09-15,2312,N,VIIRS,n,2,292.15,0.69,N,2
37.29364,37.15821,316.72,0.45,0.39,2025-09-15,2312,N,VIIRS,n,2,294.3,2.29,N,2
37.33855,40.80387,316.06,0.38,0.36,2025-09-15,2312,N,VIIRS,n,2,293.25,1.63,N,2
37.64273,37.87433,317.18,0.43,0.38,2025-09-15,2312,N,VIIRS,n,2,292.05,1.33,N,0
37.71534,31.7973,296.21,0.54,0.51,2025-09-15,2312,N,VIIRS,n,2,283.9,0.93,N,0
37.71838,38.45189,309.23,0.41,0.37,2025-09-15,2312,N,VIIRS,n,2,289.47,0.92,N,0
37.75222,40.35342,318.47,0.39,0.36,2025-09-15,2312,N,VIIRS,n,2,287.56,1.02,N,0
37.75288,40.34908,300.02,0.39,0.36,2025-09-15,2312,N,VIIRS,n,2,287.23,1.02,N,0
37.86417,29.3712,309.1,0.37,0.58,2025-09-15,2312,N,VIIRS,n,2,288.69,1.08,N,2
37.94145,32.53185,302.24,0.5,0.49,2025-09-15,2312,N,VIIRS,n,2,290.06,0.68,N,2
38.11022,27.39532,301.35,0.47,0.64,2025-09-15,2312,N,VIIRS,n,2,287.5,0.59,N,0
38.44507,34.7586,299.04,0.39,0.44,2025-09-15,2312,N,VIIRS,n,2,281.69,0.86,N,0
38.65777,30.61741,296.71,0.32,0.55,2025-09-15,2312,N,VIIRS,n,2,285.48,0.52,N,2
38.73275,26.92887,301.82,0.51,0.66,2025-09-15,2312,N,VIIRS,n,2,288.98,0.74,N,2
38.73895,26.92906,301.31,0.51,0.66,2025-09-15,2312,N,VIIRS,n,2,289.71,1.23,N,2
38.74015,26.92912,302.55,0.51,0.66,2025-09-15,2312,N,VIIRS,n,2,290.29,1.47,N,2
38.75112,26.93587,300.01,0.51,0.66,2025-09-15,2312,N,VIIRS,n,2,289.05,1.16,N,2
38.75132,26.92971,311.96,0.51,0.66,2025-09-15,2312,N,VIIRS,n,2,289.89,2.09,N,0
40.75822,29.76087,300.29,0.41,0.6,2025-09-16,51,N,VIIRS,n,2,288.49,0.81,N,2
41.02258,28.55491,311.24,0.35,0.57,2025-09-16,51,N,VIIRS,n,2,288.56,0.9,N,2
41.03023,28.71457,300.09,0.36,0.57,2025-09-16,51,N,VIIRS,n,2,285.47,0.29,N,0
41.25754,31.41222,316.38,0.47,0.64,2025-09-16,51,N,VIIRS,n,2,286.86,3.77,N,2
37.25508,30.44343,297.22,0.55,0.68,2025-09-16,52,N,VIIRS,n,2,286.5,0.61,N,2
38.42729,27.21343,302.73,0.35,0.57,2025-09-16,52,N,VIIRS,n,2,291.18,0.88,N,2
38.4277,27.21381,301.57,0.35,0.57,2025-09-16,52,N,VIIRS,n,2,291.17,0.95,N,2
38.73904,26.94452,307.64,0.33,0.56,2025-09-16,52,N,VIIRS,n,2,293.06,1.55,N,2
38.74292,26.92972,300.72,0.33,0.56,2025-09-16,52,N,VIIRS,n,2,290.67,0.4,N,2
38.75185,26.93747,300.29,0.33,0.56,2025-09-16,52,N,VIIRS,n,2,289.73,1.07,N,2
38.75278,26.9339,328.35,0.33,0.56,2025-09-16,52,N,VIIRS,n,2,291.75,1.07,N,2
39.09274,27.51373,301.57,0.35,0.57,2025-09-16,52,N,VIIRS,n,2,288.01,0.5,N,0
39.10341,27.5157,298.11,0.35,0.57,2025-09-16,52,N,VIIRS,n,2,287.1,0.38,N,0
39.11264,27.52314,305.45,0.35,0.57,2025-09-16,52,N,VIIRS,n,2,288.81,0.94,N,2
39.11353,27.52172,306.14,0.35,0.57,2025-09-16,52,N,VIIRS,n,2,288.89,1.11,N,2
39.11361,27.51944,298.44,0.35,0.57,2025-09-16,52,N,VIIRS,n,2,287.75,1.01,N,2
39.16873,27.63036,299.96,0.35,0.57,2025-09-16,52,N,VIIRS,n,2,289.04,0.72,N,2
39.60734,27.87732,300.41,0.35,0.57,2025-09-16,52,N,VIIRS,n,2,287.38,0.37,N,2
39.74464,30.19597,296.0,0.46,0.63,2025-09-16,52,N,VIIRS,n,2,283.04,0.34,N,2
39.86623,26.24412,307.26,0.58,0.52,2025-09-16,52,N,VIIRS,n,2,290.17,1.98,N,2
40.84826,43.868,349.8,0.64,0.72,2025-09-16,853,N,VIIRS,n,2,297.97,10.07,D,0
35.52805,44.34503,350.41,0.42,0.45,2025-09-16,1032,N,VIIRS,n,2,317.52,12.52,D,2
35.53179,44.33976,350.15,0.42,0.45,2025-09-16,1032,N,VIIRS,n,2,320.09,12.83,D,2
35.63207,44.01018,346.65,0.41,0.45,2025-09-16,1032,N,VIIRS,n,2,315.79,5.46,D,2
35.7234,44.04228,352.78,0.41,0.45,2025-09-16,1032,N,VIIRS,n,2,317.74,9.31,D,2
35.72857,44.03368,351.31,0.41,0.45,2025-09-16,1032,N,VIIRS,n,2,317.79,11.27,D,2
35.77135,43.99919,345.81,0.41,0.45,2025-09-16,1032,N,VIIRS,n,2,317.47,5.13,D,2
36.14359,40.81878,346.79,0.45,0.39,2025-09-16,1032,N,VIIRS,n,2,319.16,3.04,D,2
36.19024,43.59285,343.59,0.39,0.44,2025-09-16,1032,N,VIIRS,n,2,314.27,4.42,D,0
36.38915,36.51151,345.73,0.39,0.36,2025-09-16,1032,N,VIIRS,n,2,309.17,59.84,D,0
36.77438,43.32319,343.28,0.39,0.44,2025-09-16,1032,N,VIIRS,n,2,316.41,4.58,D,2
36.77481,43.32741,345.27,0.39,0.44,2025-09-16,1032,N,VIIRS,n,2,315.69,7.41,D,2
36.86888,43.49043,343.67,0.4,0.44,2025-09-16,1032,N,VIIRS,n,2,307.29,3.95,D,2
36.90834,43.3909,343.24,0.39,0.44,2025-09-16,1032,N,VIIRS,n,2,307.83,4.35,D,2
37.14818,40.24488,339.18,0.44,0.38,2025-09-16,1032,N,VIIRS,n,2,309.48,3.65,D,0
36.73264,36.2107,348.62,0.39,0.36,2025-09-16,1033,N,VIIRS,n,2,305.11,3.81,D,2
36.73994,36.21339,338.44,0.39,0.36,2025-09-16,1033,N,VIIRS,n,2,305.88,2.63,D,2
36.84388,35.47632,335.31,0.4,0.37,2025-09-16,1033,N,VIIRS,n,2,305.01,1.62,D,0
36.84462,35.48074,333.62,0.4,0.37,2025-09-16,1033,N,VIIRS,n,2,306.22,1.88,D,0
36.85503,35.28939,346.9,0.4,0.37,2025-09-16,1033,N,VIIRS,n,2,309.3,5.13,D,0
36.85837,35.28852,343.79,0.4,0.37,2025-09-16,1033,N,VIIRS,n,2,307.25,3.66,D,0
36.91777,35.78819,345.37,0.39,0.36,2025-09-16,1033,N,VIIRS,n,2,307.08,3.3,D,0
36.92109,35.78733,336.54,0.39,0.36,2025-09-16,1033,N,VIIRS,n,2,305.71,1.51,D,0
37.01308,36.64953,348.12,0.39,0.36,2025-09-16,1033,N,VIIRS,n,2,316.28,6.72,D,0
37.01786,35.12863,339.17,0.4,0.37,2025-09-16,1033,N,VIIRS,n,2,307.52,5.47,D,0
37.12608,35.90892,350.12,0.39,0.36,2025-09-16,1033,N,VIIRS,n,2,312.44,6.23,D,0
37.12679,35.91328,349.23,0.39,0.36,2025-09-16,1033,N,VIIRS,n,2,314.18,6.02,D,0
37.13582,36.09648,340.66,0.39,0.36,2025-09-16,1033,N,VIIRS,n,2,312.27,5.03,D,0
37.13912,36.09565,344.23,0.39,0.36,2025-09-16,1033,N,VIIRS,n,2,311.95,5.03,D,0
37.13982,36.09998,342.39,0.39,0.36,2025-09-16,1033,N,VIIRS,n,2,311.33,8.21,D,0
37.27427,35.94666,350.5,0.39,0.36,2025-09-16,1033,N,VIIRS,n,2,311.49,5.17,D,0
37.27964,36.08561,345.54,0.39,0.36,2025-09-16,1033,N,VIIRS,n,2,311.5,4.66,D,0
37.29976,35.91296,343.11,0.39,0.36,2025-09-16,1033,N,VIIRS,n,2,308.08,4.07,D,0
37.30047,35.91732,344.89,0.39,0.36,2025-09-16,1033,N,VIIRS,n,2,308.14,3.42,D,0
37.30236,35.90776,345.49,0.39,0.36,2025-09-16,1033,N,VIIRS,n,2,308.45,5.66,D,0
37.30307,35.91212,349.14,0.39,0.36,2025-09-16,1033,N,VIIRS,n,2,309.54,5.66,D,0
37.30575,37.0928,348.82,0.38,0.36,2025-09-16,1033,N,VIIRS,n,2,322.86,10.55,D,0
37.51235,36.87248,339.47,0.38,0.36,2025-09-16,1033,N,VIIRS,n,2,312.65,5.81,D,0
37.5377,38.09021,349.7,0.39,0.36,2025-09-16,1033,N,VIIRS,n,2,318.43,5.78,D,0
37.76884,42.72588,348.48,0.56,0.43,2025-09-16,1033,N,VIIRS,n,2,317.43,23.68,D,0
37.92952,31.89783,337.87,0.5,0.41,2025-09-16,1033,N,VIIRS,n,2,310.3,4.51,D,0
37.98493,40.10775,348.04,0.44,0.38,2025-09-16,1033,N,VIIRS,n,2,314.14,6.84,D,0
38.05964,34.87751,355.06,0.4,0.37,2025-09-16,1033,N,VIIRS,n,2,312.97,5.57,D,0
38.1659,40.2601,344.72,0.45,0.39,2025-09-16,1033,N,VIIRS,n,2,318.05,7.45,D,0
39.14333,36.6158,337.85,0.38,0.36,2025-09-16,1033,N,VIIRS,n,2,311.19,2.17,D,0
39.1776,33.8615,337.28,0.41,0.37,2025-09-16,1033,N,VIIRS,n,2,309.0,1.86,D,0
39.2274,42.90121,355.22,0.39,0.44,2025-09-16,1033,N,VIIRS,n,2,311.43,20.85,D,0
39.32228,34.57682,339.0,0.4,0.37,2025-09-16,1033,N,VIIRS,n,2,311.09,2.64,D,0
39.70221,34.80389,348.38,0.39,0.36,2025-09-16,1033,N,VIIRS,n,2,306.53,5.8,D,0
40.7521,43.92963,340.26,0.46,0.47,2025-09-16,1033,N,VIIRS,n,2,311.18,4.56,D,0
38.74169,26.93217,334.11,0.56,0.51,2025-09-16,1034,N,VIIRS,n,2,305.86,2.78,D,2
39.43287,28.23998,343.03,0.46,0.47,2025-09-16,1034,N,VIIRS,n,2,307.75,5.19,D,0
40.10524,27.9978,340.85,0.46,0.47,2025-09-16,1034,N,VIIRS,n,2,299.66,5.78,D,0
40.61958,36.75682,335.54,0.39,0.36,2025-09-16,1034,N,VIIRS,n,2,307.25,2.43,D,0
41.01977,28.55814,331.84,0.41,0.45,2025-09-16,1034,N,VIIRS,n,2,302.72,3.12,D,2
41.24178,36.46733,341.83,0.39,0.36,2025-09-16,1034,N,VIIRS,n,2,304.9,5.81,D,2
41.25662,31.41525,335.68,0.46,0.39,2025-09-16,1034,N,VIIRS,n,2,303.13,4.93,D,2
41.26579,31.42375,332.75,0.46,0.39,2025-09-16,1034,N,VIIRS,n,2,302.68,1.98,D,2
41.31854,43.50495,336.01,0.45,0.47,2025-09-16,1034,N,VIIRS,n,2,302.06,3.26,D,0
41.40228,43.46642,346.31,0.44,0.46,2025-09-16,1034,N,VIIRS,n,2,303.13,9.83,D,0
41.6301,33.84565,330.76,0.4,0.37,2025-09-16,1034,N,VIIRS,n,2,300.69,2.13,D,0
38.22198,40.61814,298.93,0.51,0.41,2025-09-16,2252,N,VIIRS,n,2,287.12,0.32,N,0
38.22577,40.61889,297.39,0.51,0.41,2025-09-16,2252,N,VIIRS,n,2,287.38,0.32,N,0
39.34911,33.67888,297.93,0.4,0.6,2025-09-16,2252,N,VIIRS,n,2,283.48,0.61,N,0
39.5839,43.90146,296.46,0.41,0.37,2025-09-16,2252,N,VIIRS,n,2,283.09,0.55,N,0
39.7442,30.19283,295.2,0.62,0.71,2025-09-16,2252,N,VIIRS,n,2,283.18,1.2,N,0
39.90176,28.86759,296.86,0.72,0.76,2025-09-16,2252,N,VIIRS,n,2,283.95,0.44,N,0
39.94513,33.19137,303.11,0.43,0.62,2025-09-16,2252,N,VIIRS,n,2,285.31,0.83,N,2
39.95903,33.1398,295.31,0.43,0.62,2025-09-16,2252,N,VIIRS,n,2,283.87,1.0,N,0
39.95903,33.14101,300.23,0.43,0.62,2025-09-16,2252,N,VIIRS,n,2,284.18,0.88,N,2
40.01724,43.81511,317.05,0.41,0.37,2025-09-16,2252,N,VIIRS,n,2,287.48,0.96,N,0
40.04877,32.64663,301.14,0.46,0.64,2025-09-16,2252,N,VIIRS,n,2,285.44,0.85,N,0
40.21485,34.60795,297.32,0.36,0.58,2025-09-16,2252,N,VIIRS,n,2,283.59,0.41,N,0
40.27802,43.09085,303.99,0.43,0.38,2025-09-16,2252,N,VIIRS,n,2,277.74,1.22,N,0
41.17577,32.63349,310.16,0.47,0.64,2025-09-16,2252,N,VIIRS,n,2,286.94,1.86,N,2
41.24369,36.46539,307.79,0.59,0.53,2025-09-16,2252,N,VIIRS,n,2,288.37,1.38,N,2
41.24717,36.41482,315.05,0.59,0.53,2025-09-16,2252,N,VIIRS,n,2,288.43,3.0,N,3
41.25447,31.41016,300.14,0.54,0.68,2025-09-16,2252,N,VIIRS,n,2,287.07,1.16,N,2
41.25633,31.40898,299.56,0.54,0.68,2025-09-16,2252,N,VIIRS,n,2,287.35,2.23,N,0
41.2605,31.42392,309.64,0.54,0.68,2025-09-16,2252,N,VIIRS,n,2,288.07,2.57,N,2
41.26229,31.42972,297.19,0.54,0.68,2025-09-16,2252,N,VIIRS,n,2,286.88,1.5,N,2
41.26242,31.42285,313.37,0.54,0.68,2025-09-16,2252,N,VIIRS,n,2,289.03,1.5,N,2
41.26686,31.42425,303.53,0.54,0.68,2025-09-16,2252,N,VIIRS,n,2,289.33,2.11,N,2
35.51176,44.37619,311.19,0.39,0.36,2025-09-16,2253,N,VIIRS,n,2,296.93,0.48,N,2
35.52685,44.34465,345.67,0.39,0.36,2025-09-16,2253,N,VIIRS,n,2,299.99,6.86,N,2
35.5275,44.34042,327.37,0.39,0.36,2025-09-16,2253,N,VIIRS,n,2,296.4,4.08,N,2
35.5308,44.34118,315.65,0.39,0.36,2025-09-16,2253,N,VIIRS,n,2,298.62,5.28,N,2
35.53145,44.33695,330.55,0.39,0.36,2025-09-16,2253,N,VIIRS,n,2,297.76,5.28,N,2
35.53474,44.33771,327.56,0.39,0.36,2025-09-16,2253,N,VIIRS,n,2,296.37,5.28,N,2
35.56641,44.33187,306.69,0.39,0.36,2025-09-16,2253,N,VIIRS,n,2,296.51,1.48,N,0
35.62753,44.00978,333.01,0.39,0.36,2025-09-16,2253,N,VIIRS,n,2,301.29,7.39,N,2
35.62817,44.00551,316.16,0.39,0.36,2025-09-16,2253,N,VIIRS,n,2,296.0,7.39,N,2
35.63085,44.01052,330.68,0.39,0.36,2025-09-16,2253,N,VIIRS,n,2,302.71,7.39,N,2
35.63149,44.00625,330.2,0.39,0.36,2025-09-16,2253,N,VIIRS,n,2,296.68,7.39,N,2
35.66172,43.96453,336.16,0.39,0.36,2025-09-16,2253,N,VIIRS,n,2,304.56,7.33,N,2
35.66503,43.96528,317.52,0.39,0.36,2025-09-16,2253,N,VIIRS,n,2,296.49,7.33,N,2
35.67749,44.06514,321.63,0.39,0.36,2025-09-16,2253,N,VIIRS,n,2,296.42,1.16,N,2
35.67813,44.06087,308.59,0.39,0.36,2025-09-16,2253,N,VIIRS,n,2,296.29,1.16,N,2
35.68505,43.87687,329.32,0.39,0.36,2025-09-16,2253,N,VIIRS,n,2,313.68,34.1,N,2
35.68568,43.87259,304.37,0.39,0.36,2025-09-16,2253,N,VIIRS,n,2,293.84,5.05,N,2
35.68837,43.87762,304.91,0.39,0.36,2025-09-16,2253,N,VIIRS,n,2,294.21,0.87,N,2
35.72175,43.53315,304.33,0.39,0.36,2025-09-16,2253,N,VIIRS,n,2,292.35,0.66,N,0
35.7257,44.04082,331.52,0.39,0.36,2025-09-16,2253,N,VIIRS,n,2,301.0,8.53,N,2
35.7303,44.03304,330.56,0.39,0.36,2025-09-16,2253,N,VIIRS,n,2,297.81,3.74,N,2
35.77237,43.99654,330.69,0.39,0.36,2025-09-16,2253,N,VIIRS,n,2,298.89,4.91,N,2
35.95112,43.72825,310.76,0.39,0.36,2025-09-16,2253,N,VIIRS,n,2,295.92,1.18,N,2
35.95446,43.729,318.27,0.39,0.36,2025-09-16,2253,N,VIIRS,n,2,296.49,1.39,N,2
35.96999,43.76379,311.41,0.39,0.36,2025-09-16,2253,N,VIIRS,n,2,297.63,2.29,N,2
35.97205,43.77314,310.76,0.39,0.36,2025-09-16,2253,N,VIIRS,n,2,297.58,2.32,N,2
35.97935,43.77028,307.02,0.39,0.36,2025-09-16,2253,N,VIIRS,n,2,295.95,1.62,N,2
35.98269,43.77101,314.31,0.39,0.36,2025-09-16,2253,N,VIIRS,n,2,296.32,1.1,N,2
35.99998,43.75945,314.22,0.39,0.36,2025-09-16,2253,N,VIIRS,n,2,295.54,1.5,N,2
36.01804,43.68277,329.07,0.39,0.36,2025-09-16,2253,N,VIIRS,n,2,297.09,2.18,N,2
36.08308,43.63865,307.45,0.39,0.36,2025-09-16,2253,N,VIIRS,n,2,293.62,0.78,N,0
36.12555,43.78079,317.18,0.39,0.36,2025-09-16,2253,N,VIIRS,n,2,293.74,1.42,N,2
36.12888,43.78154,309.84,0.39,0.36,2025-09-16,2253,N,VIIRS,n,2,296.59,2.8,N,2
36.13131,40.81007,314.16,0.48,0.4,2025-09-16,2253,N,VIIRS,n,2,293.64,1.52,N,2
36.13797,41.08719,304.2,0.47,0.39,2025-09-16,2253,N,VIIRS,n,2,293.6,0.67,N,0
36.13809,43.76564,307.02,0.39,0.36,2025-09-16,2253,N,VIIRS,n,2,296.65,1.87,N,0
36.14169,40.81738,327.97,0.48,0.4,2025-09-16,2253,N,VIIRS,n,2,293.18,2.9,N,2
36.25882,44.38742,305.88,0.39,0.36,2025-09-16,2253,N,VIIRS,n,2,292.66,0.75,N,0
36.26447,33.72603,308.57,0.37,0.58,2025-09-16,2253,N,VIIRS,n,2,294.89,0.57,N,2
36.44154,42.93015,324.29,0.41,0.37,2025-09-16,2253,N,VIIRS,n,2,298.62,2.51,N,2
36.702,36.20797,305.19,0.55,0.51,2025-09-16,2253,N,VIIRS,n,2,293.29,4.69,N,0
36.73042,36.2122,305.62,0.55,0.51,2025-09-16,2253,N,VIIRS,n,2,294.03,4.03,N,2
36.73052,36.21111,309.78,0.55,0.51,2025-09-16,2253,N,VIIRS,n,2,294.49,3.6,N,2
36.73135,43.28027,319.13,0.4,0.37,2025-09-16,2253,N,VIIRS,n,2,295.15,1.71,N,2
36.73565,36.20651,310.69,0.55,0.51,2025-09-16,2253,N,VIIRS,n,2,294.53,3.19,N,2
36.73579,36.20539,307.01,0.55,0.51,2025-09-16,2253,N,VIIRS,n,2,293.94,5.23,N,2
36.73991,36.21351,311.36,0.55,0.51,2025-09-16,2253,N,VIIRS,n,2,292.99,3.19,N,2
36.74,36.2124,316.4,0.55,0.51,2025-09-16,2253,N,VIIRS,n,2,294.24,4.42,N,2
36.74564,36.20142,304.4,0.55,0.51,2025-09-16,2253,N,VIIRS,n,2,293.15,3.49,N,2
36.74581,36.20033,304.02,0.55,0.51,2025-09-16,2253,N,VIIRS,n,2,293.41,3.3,N,2
36.77754,43.32321,332.77,0.4,0.37,2025-09-16,2253,N,VIIRS,n,2,300.68,7.56,N,2
36.86825,43.51772,312.96,0.4,0.37,2025-09-16,2253,N,VIIRS,n,2,291.62,1.05,N,0
36.8687,43.4903,310.02,0.4,0.37,2025-09-16,2253,N,VIIRS,n,2,292.47,1.0,N,2
36.86897,34.76064,307.6,0.33,0.55,2025-09-16,2253,N,VIIRS,n,2,294.01,1.23,N,2
36.86934,43.48583,314.88,0.4,0.37,2025-09-16,2253,N,VIIRS,n,2,292.67,1.25,N,2
36.90747,43.38876,330.05,0.4,0.37,2025-09-16,2253,N,VIIRS,n,2,293.46,4.58,N,2
36.90775,43.39109,309.12,0.4,0.37,2025-09-16,2253,N,VIIRS,n,2,290.99,1.73,N,2
36.90838,43.3866,322.86,0.4,0.37,2025-09-16,2253,N,VIIRS,n,2,290.53,1.73,N,2
36.93491,43.87855,305.43,0.39,0.36,2025-09-16,2253,N,VIIRS,n,2,293.36,1.02,N,0
36.93555,43.87417,316.48,0.39,0.36,2025-09-16,2253,N,VIIRS,n,2,294.25,1.94,N,0
36.93653,42.12975,329.45,0.43,0.38,2025-09-16,2253,N,VIIRS,n,2,296.87,2.41,N,2
36.94196,42.17075,333.63,0.43,0.38,2025-09-16,2253,N,VIIRS,n,2,296.89,4.89,N,2
36.94706,42.13189,324.66,0.43,0.38,2025-09-16,2253,N,VIIRS,n,2,296.35,2.87,N,2
36.96469,42.08004,311.67,0.44,0.38,2025-09-16,2253,N,VIIRS,n,2,293.19,0.86,N,2
36.99837,41.56218,314.95,0.46,0.39,2025-09-16,2253,N,VIIRS,n,2,293.12,1.42,N,2
37.08683,41.56623,305.64,0.46,0.39,2025-09-16,2253,N,VIIRS,n,2,292.25,0.63,N,0
37.27604,38.72978,305.44,0.41,0.45,2025-09-16,2253,N,VIIRS,n,2,291.37,1.04,N,2
37.2944,37.1533,309.89,0.5,0.49,2025-09-16,2253,N,VIIRS,n,2,294.32,2.57,N,2
37.29488,37.15379,314.06,0.5,0.49,2025-09-16,2253,N,VIIRS,n,2,294.48,1.78,N,2
37.53461,38.00043,299.25,0.45,0.47,2025-09-16,2253,N,VIIRS,n,2,286.58,0.7,N,0
37.5351,37.9953,299.87,0.45,0.47,2025-09-16,2253,N,VIIRS,n,2,286.41,0.7,N,0
37.53621,37.99686,302.79,0.45,0.47,2025-09-16,2253,N,VIIRS,n,2,287.24,1.1,N,0
37.74069,38.13603,316.44,0.44,0.46,2025-09-16,2253,N,VIIRS,n,2,293.66,1.61,N,0
37.74283,38.13989,308.21,0.44,0.46,2025-09-16,2253,N,VIIRS,n,2,293.12,2.05,N,0
38.13335,40.22655,303.76,0.53,0.42,2025-09-16,2253,N,VIIRS,n,2,288.42,0.74,N,0
38.1372,40.22733,302.34,0.53,0.42,2025-09-16,2253,N,VIIRS,n,2,289.53,0.58,N,0
41.02583,36.09526,297.11,0.48,0.65,2025-09-17,32,N,VIIRS,n,2,282.32,0.87,N,0
41.02842,36.09663,296.28,0.48,0.65,2025-09-17,32,N,VIIRS,n,2,282.49,0.69,N,0
41.17323,32.63076,298.83,0.32,0.55,2025-09-17,32,N,VIIRS,n,2,283.83,0.6,N,2
41.17801,32.63321,303.82,0.32,0.55,2025-09-17,32,N,VIIRS,n,2,288.12,0.6,N,2
41.19242,32.61952,298.6,0.32,0.55,2025-09-17,32,N,VIIRS,n,2,284.19,0.43,N,2
41.25695,31.41281,315.14,0.56,0.51,2025-09-17,32,N,VIIRS,n,2,287.44,2.62,N,2
41.26445,31.4233,303.46,0.56,0.51,2025-09-17,32,N,VIIRS,n,2,289.89,2.04,N,2
36.73051,36.21033,302.41,0.64,0.72,2025-09-17,33,N,VIIRS,n,2,291.95,1.66,N,2
36.73308,36.21264,302.18,0.64,0.72,2025-09-17,33,N,VIIRS,n,2,292.1,2.29,N,2
38.35517,31.46305,295.99,0.33,0.56,2025-09-17,33,N,VIIRS,n,2,283.06,0.93,N,0
38.42651,27.21791,307.71,0.4,0.45,2025-09-17,33,N,VIIRS,n,2,293.25,1.6,N,2
38.73705,26.94547,314.23,0.39,0.44,2025-09-17,33,N,VIIRS,n,2,296.34,1.57,N,2
38.73987,26.93237,329.36,0.39,0.44,2025-09-17,33,N,VIIRS,n,2,292.7,3.17,N,2
38.74097,26.94684,315.18,0.39,0.44,2025-09-17,33,N,VIIRS,n,2,294.36,1.02,N,2
38.74471,26.92947,302.89,0.39,0.44,2025-09-17,33,N,VIIRS,n,2,290.52,0.84,N,2
38.74489,26.94823,305.68,0.39,0.44,2025-09-17,33,N,VIIRS,n,2,292.96,1.02,N,2
39.09483,27.51406,302.02,0.41,0.45,2025-09-17,33,N,VIIRS,n,2,289.5,0.71,N,0
39.11277,27.52268,307.98,0.4,0.45,2025-09-17,33,N,VIIRS,n,2,288.88,1.21,N,2
39.11384,27.52585,304.83,0.41,0.45,2025-09-17,33,N,VIIRS,n,2,288.34,1.0,N,0
39.1148,27.52143,309.18,0.41,0.45,2025-09-17,33,N,VIIRS,n,2,288.9,1.0,N,2
39.11687,27.52371,297.78,0.4,0.45,2025-09-17,33,N,VIIRS,n,2,287.46,0.56,N,0
39.48557,30.04355,296.43,0.53,0.5,2025-09-17,33,N,VIIRS,n,2,281.14,1.38,N,2
39.60994,27.87848,300.03,0.41,0.45,2025-09-17,33,N,VIIRS,n,2,287.86,0.36,N,2
39.86683,26.24578,318.01,0.52,0.41,2025-09-17,33,N,VIIRS,n,2,292.75,1.45,N,2
40.04964,32.64964,296.74,0.35,0.56,2025-09-17,33,N,VIIRS,n,2,285.25,0.3,N,2
40.75084,29.764,300.53,0.48,0.48,2025-09-17,33,N,VIIRS,n,2,290.34,0.94,N,2
41.0216,28.55612,318.91,0.41,0.45,2025-09-17,33,N,VIIRS,n,2,291.54,1.68,N,2
41.25261,26.78158,309.16,0.51,0.41,2025-09-17,33,N,VIIRS,n,2,286.49,1.56,N,0
41.79728,26.70316,299.62,0.5,0.41,2025-09-17,33,N,VIIRS,n,2,288.62,0.73,N,2
37.25433,30.4441,300.42,0.63,0.54,2025-09-17,34,N,VIIRS,n,2,289.38,0.91,N,2
35.62854,44.00751,367.0,0.4,0.37,2025-09-17,1013,N,VIIRS,h,2,328.01,24.96,D,2
35.62924,44.00832,367.0,0.4,0.37,2025-09-17,1013,N,VIIRS,h,2,338.68,39.67,D,2
36.90618,43.39177,338.92,0.4,0.37,2025-09-17,1013,N,VIIRS,n,2,310.42,2.83,D,2
36.93069,43.86984,350.24,0.4,0.37,2025-09-17,1013,N,VIIRS,n,2,313.0,3.9,D,0
36.9313,43.87435,346.06,0.4,0.37,2025-09-17,1013,N,VIIRS,n,2,315.23,5.53,D,0
36.93191,43.87886,367.0,0.4,0.37,2025-09-17,1013,N,VIIRS,h,2,318.39,5.53,D,0
36.93404,43.86893,349.76,0.4,0.37,2025-09-17,1013,N,VIIRS,n,2,316.17,8.37,D,0
36.93464,43.87338,347.52,0.4,0.37,2025-09-17,1013,N,VIIRS,n,2,314.81,7.38,D,0
36.77003,35.04547,342.88,0.42,0.45,2025-09-17,1014,N,VIIRS,n,2,309.32,7.21,D,0
36.77508,35.67405,340.86,0.39,0.44,2025-09-17,1014,N,VIIRS,n,2,306.86,3.46,D,0
36.82353,34.92093,346.41,0.42,0.45,2025-09-17,1014,N,VIIRS,n,2,307.41,4.62,D,0
36.90336,38.75325,340.16,0.43,0.38,2025-09-17,1014,N,VIIRS,n,2,314.89,4.33,D,0
37.01114,35.1628,336.72,0.41,0.45,2025-09-17,1014,N,VIIRS,n,2,309.39,3.66,D,0
37.01208,35.16726,343.05,0.41,0.45,2025-09-17,1014,N,VIIRS,n,2,307.86,3.66,D,0
37.01516,35.16151,342.62,0.41,0.45,2025-09-17,1014,N,VIIRS,n,2,308.07,3.66,D,0
37.17298,35.86654,347.31,0.56,0.43,2025-09-17,1014,N,VIIRS,n,2,313.93,4.59,D,0
37.17413,35.86781,341.27,0.56,0.43,2025-09-17,1014,N,VIIRS,n,2,315.08,10.22,D,0
37.28791,36.02571,344.49,0.55,0.42,2025-09-17,1014,N,VIIRS,n,2,314.07,4.34,D,0
37.30434,36.3456,350.59,0.53,0.42,2025-09-17,1014,N,VIIRS,n,2,316.33,11.94,D,0
37.33323,36.00936,339.3,0.55,0.42,2025-09-17,1014,N,VIIRS,n,2,314.17,3.4,D,0
37.39251,37.00854,352.35,0.49,0.41,2025-09-17,1014,N,VIIRS,n,2,325.77,11.77,D,0
37.39616,37.00743,348.92,0.49,0.41,2025-09-17,1014,N,VIIRS,n,2,318.59,11.77,D,0
37.52008,38.03777,356.04,0.45,0.39,2025-09-17,1014,N,VIIRS,n,2,321.14,37.78,D,0
37.81715,31.74166,352.31,0.58,0.52,2025-09-17,1014,N,VIIRS,n,2,318.59,10.75,D,0
37.99892,40.23563,341.6,0.39,0.36,2025-09-17,1014,N,VIIRS,n,2,314.21,5.93,D,0
38.01666,40.17579,348.34,0.39,0.36,2025-09-17,1014,N,VIIRS,n,2,318.91,7.74,D,0
38.08142,40.1494,347.15,0.39,0.36,2025-09-17,1014,N,VIIRS,n,2,316.79,7.73,D,0
39.33561,40.73908,340.67,0.38,0.36,2025-09-17,1014,N,VIIRS,n,2,307.19,2.99,D,0
39.47136,43.232,340.53,0.41,0.37,2025-09-17,1014,N,VIIRS,n,2,309.24,6.59,D,0
39.66924,40.78467,338.17,0.38,0.36,2025-09-17,1014,N,VIIRS,n,2,310.96,1.4,D,0
39.75752,38.81006,339.19,0.41,0.37,2025-09-17,1014,N,VIIRS,n,2,308.04,2.85,D,0
39.76088,38.80915,343.51,0.41,0.37,2025-09-17,1014,N,VIIRS,n,2,313.58,4.98,D,0
40.10665,44.46142,341.56,0.44,0.39,2025-09-17,1014,N,VIIRS,n,2,307.35,5.37,D,0
40.18087,42.05766,349.41,0.39,0.36,2025-09-17,1014,N,VIIRS,n,2,315.85,8.5,D,0
40.18351,42.05219,352.0,0.39,0.36,2025-09-17,1014,N,VIIRS,n,2,315.52,9.13,D,0
40.18681,42.05132,342.63,0.39,0.36,2025-09-17,1014,N,VIIRS,n,2,307.75,9.13,D,0
40.68036,44.01712,352.5,0.44,0.38,2025-09-17,1014,N,VIIRS,n,2,311.78,11.02,D,0
40.68323,44.01133,348.74,0.44,0.38,2025-09-17,1014,N,VIIRS,n,2,316.27,14.89,D,0
40.68386,44.01639,335.73,0.44,0.38,2025-09-17,1014,N,VIIRS,n,2,309.53,11.11,D,0
40.68674,44.01061,346.51,0.44,0.38,2025-09-17,1014,N,VIIRS,n,2,308.79,14.89,D,0
38.64324,27.37839,367.0,0.46,0.64,2025-09-17,1015,N,VIIRS,h,2,305.58,11.82,D,0
38.64472,27.38349,351.95,0.46,0.64,2025-09-17,1015,N,VIIRS,n,2,304.1,14.77,D,0
38.64503,27.38077,367.0,0.46,0.64,2025-09-17,1015,N,VIIRS,h,2,306.91,16.74,D,0
38.69017,29.9324,334.59,0.34,0.56,2025-09-17,1015,N,VIIRS,n,2,309.36,2.65,D,0
39.46502,31.29504,340.99,0.56,0.51,2025-09-17,1015,N,VIIRS,n,2,313.35,6.11,D,0
40.12151,29.45174,342.81,0.33,0.56,2025-09-17,1015,N,VIIRS,n,2,307.64,4.36,D,0
40.1225,29.45557,367.0,0.33,0.55,2025-09-17,1015,N,VIIRS,h,2,308.4,6.8,D,0
40.12431,29.45072,349.25,0.33,0.55,2025-09-17,1015,N,VIIRS,n,2,309.11,5.07,D,0
40.12533,29.45457,367.0,0.33,0.55,2025-09-17,1015,N,VIIRS,h,2,309.56,7.4,D,0
41.24038,36.46406,342.28,0.45,0.39,2025-09-17,1015,N,VIIRS,n,2,304.38,4.65,D,2
42.11111,42.72398,333.02,0.41,0.37,2025-09-17,1015,N,VIIRS,n,2,300.89,1.94,D,0
37.59586,31.82865,367.0,0.62,0.71,2025-09-17,1155,N,VIIRS,h,2,307.5,13.47,D,0
37.59914,31.82747,367.0,0.62,0.71,2025-09-17,1155,N,VIIRS,h,2,307.96,12.24,D,0
37.7634,31.717,347.24,0.61,0.71,2025-09-17,1155,N,VIIRS,n,2,312.68,7.99,D,0
37.76614,31.71063,346.95,0.61,0.71,2025-09-17,1155,N,VIIRS,n,2,313.74,12.28,D,0
38.20018,30.20377,367.0,0.51,0.66,2025-09-17,1155,N,VIIRS,h,2,311.76,8.77,D,0
38.20038,30.20954,354.71,0.51,0.66,2025-09-17,1155,N,VIIRS,n,2,308.66,8.77,D,0
38.587,32.93396,347.36,0.72,0.75,2025-09-17,1155,N,VIIRS,n,2,305.35,5.81,D,0
38.64317,27.38021,367.0,0.36,0.57,2025-09-17,1155,N,VIIRS,h,2,311.5,8.48,D,0
38.64557,27.38173,348.11,0.36,0.57,2025-09-17,1155,N,VIIRS,n,2,309.2,3.39,D,0
38.9426,41.53972,299.19,0.54,0.51,2025-09-17,2233,N,VIIRS,n,2,281.13,0.84,N,0
38.94312,41.53313,296.14,0.54,0.51,2025-09-17,2233,N,VIIRS,n,2,280.69,0.9,N,0
39.58434,43.8992,296.3,0.42,0.45,2025-09-17,2233,N,VIIRS,n,2,280.95,0.77,N,0
40.01847,43.8136,295.41,0.42,0.45,2025-09-17,2233,N,VIIRS,n,2,285.13,0.44,N,0
40.2955,43.76329,298.13,0.43,0.46,2025-09-17,2233,N,VIIRS,n,2,282.81,0.38,N,0
42.12551,43.00879,305.65,0.49,0.49,2025-09-17,2233,N,VIIRS,n,2,279.55,1.45,N,2
35.52673,44.34278,345.62,0.53,0.42,2025-09-17,2234,N,VIIRS,n,2,296.84,10.02,N,2
35.53126,44.33752,344.37,0.53,0.42,2025-09-17,2234,N,VIIRS,n,2,297.52,6.28,N,2
35.53513,44.33823,321.87,0.53,0.42,2025-09-17,2234,N,VIIRS,n,2,293.8,6.28,N,2
35.62741,44.00877,337.58,0.55,0.43,2025-09-17,2234,N,VIIRS,n,2,298.69,19.89,N,2
35.63136,44.00938,341.03,0.55,0.43,2025-09-17,2234,N,VIIRS,n,2,297.5,5.88,N,2
35.66055,43.96412,335.24,0.56,0.43,2025-09-17,2234,N,VIIRS,n,2,293.66,7.69,N,2
35.66247,43.9647,341.13,0.56,0.43,2025-09-17,2234,N,VIIRS,n,2,300.15,18.6,N,2
35.6645,43.96481,334.59,0.56,0.43,2025-09-17,2234,N,VIIRS,n,2,299.21,7.69,N,2
35.6822,43.87888,302.85,0.56,0.43,2025-09-17,2234,N,VIIRS,n,2,290.36,1.87,N,2
35.68289,43.87263,327.34,0.56,0.43,2025-09-17,2234,N,VIIRS,n,2,291.66,4.72,N,2
35.68364,43.8793,326.1,0.56,0.43,2025-09-17,2234,N,VIIRS,n,2,292.05,27.56,N,2
35.6843,43.87305,334.21,0.56,0.43,2025-09-17,2234,N,VIIRS,n,2,304.24,27.56,N,2
35.68761,43.87998,301.89,0.56,0.43,2025-09-17,2234,N,VIIRS,n,2,291.7,2.72,N,2
35.68827,43.87373,331.1,0.56,0.43,2025-09-17,2234,N,VIIRS,n,2,294.61,2.72,N,2
35.7229,44.03804,311.5,0.55,0.43,2025-09-17,2234,N,VIIRS,n,2,293.95,1.87,N,2
35.72683,44.0388,331.36,0.55,0.43,2025-09-17,2234,N,VIIRS,n,2,296.09,1.87,N,2
35.72752,44.03259,306.41,0.55,0.43,2025-09-17,2234,N,VIIRS,n,2,292.96,1.87,N,2
35.73146,44.03334,309.95,0.55,0.43,2025-09-17,2234,N,VIIRS,n,2,294.11,1.87,N,2
35.77179,43.99628,331.83,0.56,0.43,2025-09-17,2234,N,VIIRS,n,2,295.26,5.28,N,2
35.77396,43.99823,314.98,0.56,0.43,2025-09-17,2234,N,VIIRS,n,2,294.3,1.64,N,2
35.77462,43.99196,321.45,0.56,0.43,2025-09-17,2234,N,VIIRS,n,2,294.42,2.51,N,2
35.95389,43.72837,322.77,0.38,0.44,2025-09-17,2234,N,VIIRS,n,2,296.19,2.16,N,2
35.96627,43.76557,306.84,0.38,0.43,2025-09-17,2234,N,VIIRS,n,2,296.68,2.44,N,2
35.97387,43.77087,312.44,0.38,0.43,2025-09-17,2234,N,VIIRS,n,2,298.26,2.06,N,2
35.98236,43.7678,321.36,0.38,0.43,2025-09-17,2234,N,VIIRS,n,2,297.81,2.7,N,2
35.99937,43.7617,311.74,0.38,0.43,2025-09-17,2234,N,VIIRS,n,2,294.11,1.83,N,2
36.01685,43.6791,303.68,0.39,0.44,2025-09-17,2234,N,VIIRS,n,2,293.0,0.78,N,2
36.02088,43.67978,308.1,0.39,0.44,2025-09-17,2234,N,VIIRS,n,2,294.62,0.7,N,2
36.08249,43.64074,316.91,0.39,0.44,2025-09-17,2234,N,VIIRS,n,2,293.64,1.54,N,0
36.10008,43.63024,308.94,0.39,0.44,2025-09-17,2234,N,VIIRS,n,2,292.11,0.84,N,0
36.12547,43.778,305.29,0.38,0.43,2025-09-17,2234,N,VIIRS,n,2,292.15,1.32,N,2
36.13066,40.8063,307.08,0.55,0.51,2025-09-17,2234,N,VIIRS,n,2,292.08,1.47,N,2
36.13887,43.76708,305.75,0.38,0.44,2025-09-17,2234,N,VIIRS,n,2,295.74,1.38,N,0
36.14443,40.81422,313.3,0.55,0.51,2025-09-17,2234,N,VIIRS,n,2,292.18,1.55,N,2
36.3521,42.07686,306.88,0.47,0.48,2025-09-17,2234,N,VIIRS,n,2,296.59,1.22,N,2
36.45555,41.28174,301.76,0.52,0.5,2025-09-17,2234,N,VIIRS,n,2,290.32,0.6,N,2
36.73059,43.27902,307.7,0.41,0.45,2025-09-17,2234,N,VIIRS,n,2,294.5,1.26,N,2
36.73315,36.20469,304.67,0.5,0.66,2025-09-17,2234,N,VIIRS,n,2,293.09,3.67,N,0
36.74659,43.49536,310.78,0.4,0.44,2025-09-17,2234,N,VIIRS,n,2,292.27,2.56,N,2
36.77656,43.32563,339.34,0.41,0.45,2025-09-17,2234,N,VIIRS,n,2,300.6,6.05,N,2
36.77705,43.32083,306.93,0.41,0.45,2025-09-17,2234,N,VIIRS,n,2,294.24,4.69,N,2
36.86734,43.51885,310.09,0.4,0.44,2025-09-17,2234,N,VIIRS,n,2,292.5,1.07,N,0
36.86779,34.75872,304.73,0.61,0.71,2025-09-17,2234,N,VIIRS,n,2,292.03,1.83,N,2
36.87066,43.48673,323.64,0.41,0.45,2025-09-17,2234,N,VIIRS,n,2,293.97,2.55,N,2
36.90793,43.38571,338.68,0.41,0.45,2025-09-17,2234,N,VIIRS,n,2,291.88,5.01,N,2
36.91355,41.89584,302.53,0.49,0.49,2025-09-17,2234,N,VIIRS,n,2,288.98,0.36,N,2
36.93513,42.13057,317.04,0.48,0.48,2025-09-17,2234,N,VIIRS,n,2,291.37,1.74,N,2
36.93642,43.87992,323.59,0.39,0.44,2025-09-17,2234,N,VIIRS,n,2,294.3,1.88,N,0
36.93688,43.87556,316.74,0.39,0.44,2025-09-17,2234,N,VIIRS,n,2,293.69,1.88,N,0
36.9407,42.16949,330.08,0.48,0.48,2025-09-17,2234,N,VIIRS,n,2,291.58,3.28,N,2
36.94081,43.87714,312.77,0.39,0.44,2025-09-17,2234,N,VIIRS,n,2,292.41,1.88,N,0
36.94847,42.1325,321.05,0.48,0.48,2025-09-17,2234,N,VIIRS,n,2,293.0,1.54,N,2
36.94896,42.12709,303.95,0.48,0.48,2025-09-17,2234,N,VIIRS,n,2,293.39,1.83,N,2
36.96672,42.07946,310.27,0.48,0.48,2025-09-17,2234,N,VIIRS,n,2,290.78,1.54,N,2
36.99759,41.56164,308.92,0.51,0.5,2025-09-17,2234,N,VIIRS,n,2,291.0,1.38,N,2
37.01213,36.10475,307.43,0.51,0.66,2025-09-17,2234,N,VIIRS,n,2,291.74,2.63,N,2
37.01234,36.09906,305.34,0.51,0.66,2025-09-17,2234,N,VIIRS,n,2,290.86,3.49,N,0
37.01448,41.58191,306.29,0.51,0.5,2025-09-17,2234,N,VIIRS,n,2,291.36,0.84,N,0
37.05479,42.13318,305.25,0.48,0.48,2025-09-17,2234,N,VIIRS,n,2,293.89,0.4,N,2
37.07824,42.55788,323.38,0.45,0.47,2025-09-17,2234,N,VIIRS,n,2,296.29,2.62,N,2
37.07839,42.55879,312.82,0.46,0.47,2025-09-17,2234,N,VIIRS,n,2,296.2,1.67,N,2
37.07885,42.5536,308.53,0.46,0.47,2025-09-17,2234,N,VIIRS,n,2,295.29,1.67,N,2
37.09436,38.63744,299.97,0.37,0.58,2025-09-17,2234,N,VIIRS,n,2,289.2,0.54,N,0
37.27535,38.72825,307.48,0.37,0.58,2025-09-17,2234,N,VIIRS,n,2,290.69,0.58,N,2
37.27691,38.7304,305.42,0.37,0.58,2025-09-17,2234,N,VIIRS,n,2,292.11,0.77,N,2
37.29273,37.15538,307.68,0.45,0.63,2025-09-17,2234,N,VIIRS,n,2,292.93,0.86,N,2
37.55091,37.82745,300.36,0.42,0.61,2025-09-17,2234,N,VIIRS,n,2,290.21,0.76,N,0
37.55847,37.90516,301.68,0.41,0.61,2025-09-17,2234,N,VIIRS,n,2,290.2,1.18,N,0
37.73746,38.10151,303.55,0.4,0.6,2025-09-17,2234,N,VIIRS,n,2,290.0,0.51,N,0
38.12178,39.69655,299.14,0.33,0.56,2025-09-17,2234,N,VIIRS,n,2,286.48,0.43,N,0
38.14503,40.30424,298.39,0.62,0.54,2025-09-17,2234,N,VIIRS,n,2,286.72,0.73,N,0
38.27733,39.7402,299.86,0.33,0.55,2025-09-17,2234,N,VIIRS,n,2,289.7,0.41,N,0
38.48259,42.09577,303.61,0.5,0.49,2025-09-17,2234,N,VIIRS,n,2,281.57,1.16,N,0
41.24107,36.46301,295.95,0.58,0.52,2025-09-18,13,N,VIIRS,n,2,277.77,0.63,N,2
36.13093,40.80698,304.36,0.65,0.73,2025-09-18,14,N,VIIRS,n,2,289.91,1.49,N,2
36.13401,40.81017,303.27,0.65,0.73,2025-09-18,14,N,VIIRS,n,2,290.31,1.64,N,2
36.14363,40.81329,306.08,0.65,0.73,2025-09-18,14,N,VIIRS,n,2,289.78,1.31,N,2
36.14669,40.81657,301.6,0.65,0.73,2025-09-18,14,N,VIIRS,n,2,288.89,0.64,N,2
36.91514,41.89371,298.54,0.7,0.75,2025-09-18,14,N,VIIRS,n,2,287.33,0.54,N,2
36.93522,42.13195,309.78,0.72,0.76,2025-09-18,14,N,VIIRS,n,2,287.99,2.16,N,2
36.93897,42.12783,308.93,0.72,0.76,2025-09-18,14,N,VIIRS,n,2,288.87,3.22,N,2
36.94181,42.16686,306.45,0.72,0.76,2025-09-18,14,N,VIIRS,n,2,287.43,1.51,N,2
36.94441,42.12729,302.19,0.72,0.76,2025-09-18,14,N,VIIRS,n,2,289.0,2.16,N,2
36.94449,42.17418,301.01,0.72,0.76,2025-09-18,14,N,VIIRS,n,2,287.75,2.33,N,2
36.94556,42.13113,306.85,0.72,0.76,2025-09-18,14,N,VIIRS,n,2,288.74,2.36,N,2
36.95098,42.13065,308.96,0.72,0.76,2025-09-18,14,N,VIIRS,n,2,289.24,1.57,N,2
37.00983,42.07312,298.22,0.71,0.75,2025-09-18,14,N,VIIRS,n,2,287.54,0.58,N,0
37.07593,42.56047,299.63,0.75,0.77,2025-09-18,14,N,VIIRS,n,2,288.9,1.63,N,2
37.29531,37.15571,310.79,0.4,0.6,2025-09-18,14,N,VIIRS,n,2,294.15,1.06,N,2
37.352,37.16221,306.12,0.39,0.6,2025-09-18,14,N,VIIRS,n,2,294.3,1.1,N,2
37.73864,38.10715,304.28,0.43,0.62,2025-09-18,14,N,VIIRS,n,2,288.18,0.52,N,0
38.02621,35.92326,316.43,0.33,0.55,2025-09-18,14,N,VIIRS,n,2,286.57,1.25,N,0
38.30979,41.20459,301.6,0.6,0.7,2025-09-18,14,N,VIIRS,n,2,288.03,0.72,N,0
38.66016,30.61831,302.74,0.52,0.42,2025-09-18,14,N,VIIRS,n,2,285.52,1.0,N,2
39.18227,27.49814,305.49,0.4,0.37,2025-09-18,14,N,VIIRS,n,2,289.54,0.66,N,2
39.86622,26.24469,326.03,0.39,0.36,2025-09-18,14,N,VIIRS,n,2,291.72,2.4,N,2
40.05427,28.43113,307.46,0.42,0.38,2025-09-18,14,N,VIIRS,n,2,287.34,0.75,N,0
40.4433,27.13822,303.14,0.39,0.36,2025-09-18,14,N,VIIRS,n,2,290.12,0.75,N,2
40.79858,29.37704,297.94,0.44,0.38,2025-09-18,14,N,VIIRS,n,2,285.62,1.07,N,2
41.02108,28.55449,306.08,0.41,0.37,2025-09-18,14,N,VIIRS,n,2,284.54,0.56,N,2
41.02176,28.55721,306.14,0.41,0.37,2025-09-18,14,N,VIIRS,n,2,283.35,0.67,N,2
41.07425,28.41807,296.63,0.41,0.37,2025-09-18,14,N,VIIRS,n,2,284.81,0.31,N,0
41.08817,26.71028,295.04,0.39,0.36,2025-09-18,14,N,VIIRS,n,2,283.63,1.19,N,0
41.63016,27.68691,302.6,0.39,0.36,2025-09-18,14,N,VIIRS,n,2,285.95,0.76,N,2
41.63532,27.50517,298.5,0.39,0.36,2025-09-18,14,N,VIIRS,n,2,285.58,0.62,N,2
41.79777,26.70084,303.14,0.38,0.36,2025-09-18,14,N,VIIRS,n,2,283.8,0.85,N,2
36.24389,36.17622,322.18,0.37,0.58,2025-09-18,15,N,VIIRS,n,2,292.39,1.07,N,0
36.24531,36.17872,305.92,0.37,0.58,2025-09-18,15,N,VIIRS,n,2,291.95,0.75,N,0
36.2464,36.17462,312.31,0.37,0.58,2025-09-18,15,N,VIIRS,n,2,291.86,0.75,N,0
37.25435,30.44155,303.51,0.54,0.42,2025-09-18,15,N,VIIRS,n,2,290.36,1.33,N,2
37.25459,30.44333,302.08,0.54,0.42,2025-09-18,15,N,VIIRS,n,2,289.43,0.86,N,2
37.63215,31.78678,304.56,0.41,0.45,2025-09-18,15,N,VIIRS,n,2,285.7,0.95,N,0
37.63705,28.94567,299.47,0.46,0.39,2025-09-18,15,N,VIIRS,n,2,285.55,0.71,N,0
37.86092,29.37238,301.49,0.48,0.4,2025-09-18,15,N,VIIRS,n,2,288.81,0.95,N,2
37.8983,30.49182,301.38,0.53,0.42,2025-09-18,15,N,VIIRS,n,2,288.91,1.2,N,2
38.05839,30.00236,302.84,0.5,0.41,2025-09-18,15,N,VIIRS,n,2,283.94,0.96,N,0
38.21639,27.13309,300.03,0.4,0.37,2025-09-18,15,N,VIIRS,n,2,288.1,0.4,N,0
38.37357,27.14238,320.06,0.4,0.37,2025-09-18,15,N,VIIRS,n,2,291.49,6.22,N,0
38.37437,27.13782,329.18,0.4,0.37,2025-09-18,15,N,VIIRS,n,2,293.85,6.22,N,0
38.42727,27.21719,314.45,0.4,0.37,2025-09-18,15,N,VIIRS,n,2,293.44,1.15,N,2
38.45438,27.26328,303.25,0.4,0.37,2025-09-18,15,N,VIIRS,n,2,292.53,0.45,N,2
38.50389,29.26285,299.86,0.46,0.39,2025-09-18,15,N,VIIRS,n,2,284.9,0.75,N,0
38.73101,26.93055,302.11,0.4,0.37,2025-09-18,15,N,VIIRS,n,2,290.31,0.47,N,2
38.73767,26.93244,302.31,0.4,0.37,2025-09-18,15,N,VIIRS,n,2,290.64,0.73,N,2
38.73845,26.92793,307.07,0.4,0.37,2025-09-18,15,N,VIIRS,n,2,292.19,0.73,N,2
38.73866,26.94695,313.91,0.4,0.37,2025-09-18,15,N,VIIRS,n,2,292.79,1.76,N,2
38.73944,26.94242,302.27,0.4,0.37,2025-09-18,15,N,VIIRS,n,2,292.02,0.89,N,2
39.09128,27.51249,297.45,0.41,0.37,2025-09-18,15,N,VIIRS,n,2,287.3,0.75,N,0
39.11394,27.52403,312.59,0.41,0.37,2025-09-18,15,N,VIIRS,n,2,289.96,1.33,N,2
39.11474,27.51946,304.59,0.41,0.37,2025-09-18,15,N,VIIRS,n,2,288.97,1.33,N,2
36.0192,43.44353,341.06,0.45,0.39,2025-09-18,954,N,VIIRS,n,2,314.23,3.04,D,0
36.07374,43.48673,346.99,0.44,0.39,2025-09-18,954,N,VIIRS,n,2,315.11,5.58,D,0
36.09333,43.73414,350.75,0.43,0.38,2025-09-18,954,N,VIIRS,n,2,317.09,10.02,D,0
36.26847,36.41833,333.05,0.32,0.55,2025-09-18,955,N,VIIRS,n,2,302.86,1.73,D,0
36.26981,36.41924,334.36,0.32,0.55,2025-09-18,955,N,VIIRS,n,2,303.08,1.68,D,0
36.71846,36.20367,336.72,0.32,0.55,2025-09-18,955,N,VIIRS,n,2,298.4,2.99,D,2
36.74622,35.54099,335.72,0.35,0.56,2025-09-18,955,N,VIIRS,n,2,297.99,2.1,D,0
36.89939,43.41243,335.78,0.44,0.38,2025-09-18,955,N,VIIRS,n,2,306.53,2.89,D,0
36.90627,43.39036,342.04,0.44,0.38,2025-09-18,955,N,VIIRS,n,2,309.34,4.15,D,2
36.93264,43.88293,348.75,0.42,0.38,2025-09-18,955,N,VIIRS,n,2,311.47,5.43,D,0
36.9458,42.13384,343.4,0.48,0.4,2025-09-18,955,N,VIIRS,n,2,317.37,3.06,D,2
37.01255,36.10695,332.39,0.32,0.54,2025-09-18,955,N,VIIRS,n,2,296.01,2.2,D,2
37.18968,35.98915,334.62,0.32,0.55,2025-09-18,955,N,VIIRS,n,2,299.38,6.0,D,0
37.19454,35.98727,331.89,0.32,0.55,2025-09-18,955,N,VIIRS,n,2,295.6,4.26,D,0
37.25419,37.04979,342.55,0.56,0.52,2025-09-18,955,N,VIIRS,n,2,301.34,6.96,D,0
37.3093,35.85276,356.26,0.32,0.55,2025-09-18,955,N,VIIRS,n,2,299.62,5.08,D,0
37.35168,35.68457,332.71,0.33,0.55,2025-09-18,955,N,VIIRS,n,2,299.65,2.27,D,0
37.37597,35.92844,333.7,0.32,0.54,2025-09-18,955,N,VIIRS,n,2,300.84,2.43,D,0
37.376,35.9275,336.02,0.32,0.55,2025-09-18,955,N,VIIRS,n,2,301.42,2.58,D,0
37.51461,38.03659,340.92,0.49,0.49,2025-09-18,955,N,VIIRS,n,2,308.29,13.75,D,0
37.51584,38.04197,346.05,0.49,0.49,2025-09-18,955,N,VIIRS,n,2,312.24,13.75,D,0
37.51773,38.02962,343.41,0.49,0.49,2025-09-18,955,N,VIIRS,n,2,308.97,10.0,D,0
37.52209,38.02807,343.88,0.49,0.49,2025-09-18,955,N,VIIRS,n,2,307.25,6.57,D,0
37.56866,37.91434,336.62,0.5,0.49,2025-09-18,955,N,VIIRS,n,2,307.67,7.09,D,0
37.57304,37.91276,351.59,0.5,0.49,2025-09-18,955,N,VIIRS,n,2,308.69,7.09,D,0
37.6053,43.70384,335.63,0.42,0.38,2025-09-18,955,N,VIIRS,n,2,309.64,1.7,D,0
37.86872,34.91784,367.0,0.35,0.57,2025-09-18,955,N,VIIRS,h,2,301.81,8.56,D,0
38.05653,40.16985,336.29,0.57,0.43,2025-09-18,955,N,VIIRS,n,2,306.09,13.32,D,0
37.77018,31.74181,338.79,0.51,0.66,2025-09-18,956,N,VIIRS,n,2,298.64,3.85,D,0
38.05099,30.01753,367.0,0.61,0.71,2025-09-18,956,N,VIIRS,h,2,295.57,11.19,D,0
38.05481,30.01291,355.08,0.61,0.71,2025-09-18,956,N,VIIRS,n,2,296.12,16.69,D,0
39.01197,34.07603,344.96,0.36,0.57,2025-09-18,956,N,VIIRS,n,2,295.75,2.68,D,0
39.01347,34.07534,347.14,0.36,0.58,2025-09-18,956,N,VIIRS,n,2,294.71,3.9,D,0
40.75456,43.87334,339.56,0.39,0.36,2025-09-18,956,N,VIIRS,n,2,301.06,4.33,D,0
40.7571,43.86779,347.65,0.39,0.36,2025-09-18,956,N,VIIRS,n,2,301.88,8.55,D,0
42.03021,44.44409,330.08,0.39,0.36,2025-09-18,956,N,VIIRS,n,2,274.98,2.35,D,0
36.67956,37.12529,337.92,0.65,0.73,2025-09-18,1136,N,VIIRS,n,2,303.58,4.39,D,0
36.77945,37.59074,333.65,0.69,0.75,2025-09-18,1136,N,VIIRS,n,2,298.71,8.77,D,0
36.77961,37.59908,334.46,0.69,0.75,2025-09-18,1136,N,VIIRS,n,2,300.03,6.31,D,0
36.78412,37.58955,331.01,0.69,0.75,2025-09-18,1136,N,VIIRS,n,2,296.97,7.79,D,0
36.78424,37.59788,353.51,0.7,0.75,2025-09-18,1136,N,VIIRS,n,2,298.55,7.79,D,0
36.78661,37.59911,330.71,0.69,0.75,2025-09-18,1136,N,VIIRS,n,2,297.77,6.31,D,0
36.87228,35.53112,330.43,0.54,0.68,2025-09-18,1136,N,VIIRS,n,2,295.16,3.88,D,0
37.21849,36.92492,350.25,0.64,0.72,2025-09-18,1136,N,VIIRS,n,2,300.64,10.65,D,0
37.21868,36.93217,342.95,0.64,0.72,2025-09-18,1136,N,VIIRS,n,2,300.52,14.57,D,0
37.21972,36.93019,367.0,0.64,0.72,2025-09-18,1136,N,VIIRS,h,2,301.26,17.6,D,0
37.27121,36.09092,352.27,0.58,0.7,2025-09-18,1136,N,VIIRS,n,2,294.61,11.84,D,0
37.27174,36.09245,349.93,0.58,0.7,2025-09-18,1136,N,VIIRS,n,2,294.27,9.29,D,0
37.32403,37.02729,334.28,0.65,0.73,2025-09-18,1136,N,VIIRS,n,2,301.93,4.02,D,0
37.32513,37.02619,334.85,0.65,0.73,2025-09-18,1136,N,VIIRS,n,2,302.19,3.17,D,0
37.49244,38.03614,336.82,0.74,0.76,2025-09-18,1136,N,VIIRS,n,2,298.99,15.69,D,0
37.49253,38.04419,367.0,0.74,0.76,2025-09-18,1136,N,VIIRS,h,2,300.33,15.69,D,0
37.51393,38.03609,339.68,0.74,0.76,2025-09-18,1136,N,VIIRS,n,2,297.93,10.56,D,0
37.51405,38.04514,354.72,0.74,0.76,2025-09-18,1136,N,VIIRS,n,2,298.32,10.56,D,0
37.51654,38.02835,334.25,0.74,0.76,2025-09-18,1136,N,VIIRS,n,2,300.08,11.35,D,0
37.51662,38.03725,351.28,0.74,0.76,2025-09-18,1136,N,VIIRS,n,2,297.97,11.35,D,0
37.51669,38.04627,351.7,0.74,0.76,2025-09-18,1136,N,VIIRS,n,2,297.6,20.63,D,0
37.52086,38.01834,334.92,0.74,0.76,2025-09-18,1136,N,VIIRS,n,2,297.92,6.44,D,0
37.52097,38.02713,342.43,0.74,0.76,2025-09-18,1136,N,VIIRS,n,2,299.19,6.44,D,0
37.52363,38.01938,331.25,0.74,0.76,2025-09-18,1136,N,VIIRS,n,2,296.85,2.33,D,0
37.52371,38.02822,334.34,0.74,0.76,2025-09-18,1136,N,VIIRS,n,2,297.46,6.26,D,0
37.86639,34.91409,352.27,0.51,0.66,2025-09-18,1136,N,VIIRS,n,2,295.45,10.15,D,0
37.87219,34.9217,348.54,0.51,0.66,2025-09-18,1136,N,VIIRS,n,2,295.21,11.18,D,0
38.14773,27.73412,336.56,0.42,0.45,2025-09-18,1136,N,VIIRS,n,2,305.24,1.39,D,0
38.26125,34.01176,350.54,0.45,0.63,2025-09-18,1136,N,VIIRS,n,2,296.36,5.29,D,0
38.26297,34.00882,338.61,0.45,0.63,2025-09-18,1136,N,VIIRS,n,2,294.18,4.82,D,0
38.66188,30.39619,341.85,0.58,0.52,2025-09-18,1136,N,VIIRS,n,2,306.59,16.95,D,0
39.06133,31.89109,332.9,0.35,0.57,2025-09-18,1136,N,VIIRS,n,2,299.29,1.9,D,0
40.12187,28.02128,329.35,0.45,0.47,2025-09-18,1137,N,VIIRS,n,2,296.19,3.57,D,0
41.03643,27.84613,331.77,0.45,0.47,2025-09-18,1137,N,VIIRS,n,2,300.09,3.66,D,0
41.07355,28.42236,341.07,0.48,0.48,2025-09-18,1137,N,VIIRS,n,2,302.41,6.04,D,0
41.07564,28.41828,341.09,0.48,0.48,2025-09-18,1137,N,VIIRS,n,2,301.41,8.54,D,0
41.34045,27.32043,340.64,0.43,0.46,2025-09-18,1137,N,VIIRS,n,2,302.88,7.05,D,0
42.48289,25.76819,335.93,0.56,0.43,2025-09-18,1137,N,VIIRS,n,2,308.03,33.98,D,0
42.48682,25.76716,347.18,0.56,0.43,2025-09-18,1137,N,VIIRS,n,2,301.44,13.89,D,0
35.52303,44.34375,310.83,0.32,0.54,2025-09-18,2215,N,VIIRS,n,2,295.15,1.26,N,2
35.52809,44.34442,328.19,0.32,0.54,2025-09-18,2215,N,VIIRS,n,2,296.31,4.34,N,2
35.52836,44.34076,344.91,0.32,0.54,2025-09-18,2215,N,VIIRS,n,2,297.09,4.34,N,2
35.52863,44.33711,367.0,0.32,0.54,2025-09-18,2215,N,VIIRS,h,2,296.71,4.29,N,2
35.53369,44.33781,347.98,0.32,0.54,2025-09-18,2215,N,VIIRS,n,2,298.19,4.29,N,2
35.53395,44.33419,315.58,0.32,0.54,2025-09-18,2215,N,VIIRS,n,2,296.01,4.29,N,2
35.56515,44.32759,306.79,0.32,0.55,2025-09-18,2215,N,VIIRS,n,2,295.57,0.38,N,0
35.62609,44.01058,310.58,0.33,0.56,2025-09-18,2215,N,VIIRS,n,2,294.48,4.73,N,2
35.62635,44.00678,367.0,0.33,0.56,2025-09-18,2215,N,VIIRS,h,2,296.19,7.06,N,2
35.6266,44.00298,307.15,0.33,0.56,2025-09-18,2215,N,VIIRS,n,2,294.76,7.06,N,2
35.63127,44.01105,310.94,0.33,0.56,2025-09-18,2215,N,VIIRS,n,2,295.44,4.73,N,2
35.63153,44.00724,367.0,0.33,0.56,2025-09-18,2215,N,VIIRS,h,2,307.47,7.06,N,2
35.63179,44.00344,310.75,0.33,0.56,2025-09-18,2215,N,VIIRS,n,2,295.44,7.06,N,2
35.66052,43.9652,338.7,0.34,0.56,2025-09-18,2215,N,VIIRS,n,2,294.83,3.16,N,2
35.66078,43.96142,367.0,0.34,0.56,2025-09-18,2215,N,VIIRS,h,2,295.77,3.16,N,2
35.6657,43.96587,307.23,0.34,0.56,2025-09-18,2215,N,VIIRS,n,2,294.51,3.16,N,2
35.66596,43.9621,316.78,0.34,0.56,2025-09-18,2215,N,VIIRS,n,2,294.76,3.16,N,2
35.67955,44.06556,308.84,0.33,0.55,2025-09-18,2215,N,VIIRS,n,2,296.51,1.56,N,2
35.68219,43.87918,305.76,0.34,0.56,2025-09-18,2215,N,VIIRS,n,2,293.87,3.15,N,2
35.68245,43.87536,367.0,0.34,0.56,2025-09-18,2215,N,VIIRS,h,2,295.28,7.61,N,2
35.68272,43.87154,320.42,0.34,0.56,2025-09-18,2215,N,VIIRS,n,2,294.29,7.61,N,2
35.6874,43.87981,309.78,0.34,0.56,2025-09-18,2215,N,VIIRS,n,2,294.87,4.68,N,2
35.68766,43.876,347.56,0.34,0.56,2025-09-18,2215,N,VIIRS,n,2,306.72,14.02,N,2
35.68793,43.87219,333.75,0.34,0.56,2025-09-18,2215,N,VIIRS,n,2,295.82,14.02,N,2
35.6882,43.86831,304.37,0.34,0.56,2025-09-18,2215,N,VIIRS,n,2,294.14,2.16,N,2
35.72296,44.04124,323.96,0.33,0.55,2025-09-18,2215,N,VIIRS,n,2,294.67,3.62,N,2
35.72324,44.03744,352.92,0.33,0.55,2025-09-18,2215,N,VIIRS,n,2,295.87,3.62,N,2
35.72394,44.03953,367.0,0.33,0.56,2025-09-18,2215,N,VIIRS,h,2,297.47,4.45,N,2
35.7242,44.03572,309.76,0.33,0.56,2025-09-18,2215,N,VIIRS,n,2,295.35,4.45,N,2
35.72961,44.03268,323.8,0.33,0.56,2025-09-18,2215,N,VIIRS,n,2,295.3,1.08,N,2
35.72987,44.02884,306.54,0.33,0.56,2025-09-18,2215,N,VIIRS,n,2,294.49,1.08,N,2
35.77385,43.99642,314.86,0.34,0.56,2025-09-18,2215,N,VIIRS,n,2,295.07,1.27,N,2
35.77412,43.99255,321.58,0.34,0.56,2025-09-18,2215,N,VIIRS,n,2,295.86,2.06,N,2
35.9509,43.72557,307.41,0.35,0.57,2025-09-18,2215,N,VIIRS,n,2,294.25,1.04,N,2
35.95466,43.7276,304.78,0.35,0.57,2025-09-18,2215,N,VIIRS,n,2,294.66,1.02,N,2
35.96841,43.76141,312.05,0.35,0.56,2025-09-18,2215,N,VIIRS,n,2,296.0,3.03,N,2
35.97873,43.76584,307.06,0.35,0.56,2025-09-18,2215,N,VIIRS,n,2,295.19,0.88,N,2
35.984,43.76624,307.83,0.35,0.56,2025-09-18,2215,N,VIIRS,n,2,295.08,0.88,N,2
36.00035,43.75976,318.81,0.35,0.57,2025-09-18,2215,N,VIIRS,n,2,295.05,1.06,N,2
36.0162,43.68138,306.19,0.35,0.57,2025-09-18,2215,N,VIIRS,n,2,292.66,0.86,N,2
36.08176,43.63747,303.13,0.35,0.57,2025-09-18,2215,N,VIIRS,n,2,291.06,0.46,N,0
36.09846,43.62705,303.13,0.35,0.57,2025-09-18,2215,N,VIIRS,n,2,290.76,0.65,N,0
36.14132,40.81237,318.83,0.51,0.66,2025-09-18,2215,N,VIIRS,n,2,292.44,1.87,N,2
36.35048,42.07527,309.06,0.43,0.62,2025-09-18,2215,N,VIIRS,n,2,297.68,1.09,N,2
36.73352,43.27718,305.29,0.38,0.58,2025-09-18,2215,N,VIIRS,n,2,292.66,0.32,N,2
36.74757,43.49776,305.0,0.37,0.58,2025-09-18,2215,N,VIIRS,n,2,292.98,1.64,N,2
36.77462,43.32274,367.0,0.37,0.58,2025-09-18,2215,N,VIIRS,h,2,295.61,7.32,N,2
36.86726,43.51851,305.01,0.37,0.58,2025-09-18,2215,N,VIIRS,n,2,291.69,0.99,N,0
36.86933,43.48529,334.25,0.37,0.58,2025-09-18,2215,N,VIIRS,n,2,293.08,3.04,N,2
36.90414,43.38543,310.02,0.37,0.58,2025-09-18,2215,N,VIIRS,n,2,289.47,1.4,N,2
36.90802,43.38829,302.03,0.37,0.58,2025-09-18,2215,N,VIIRS,n,2,289.65,1.61,N,2
36.9083,43.38384,333.85,0.37,0.58,2025-09-18,2215,N,VIIRS,n,2,290.24,3.41,N,2
36.90957,43.38593,315.07,0.37,0.58,2025-09-18,2215,N,VIIRS,n,2,290.64,1.4,N,2
36.90984,43.3812,301.59,0.37,0.58,2025-09-18,2215,N,VIIRS,n,2,288.5,2.82,N,2
36.93358,42.13211,301.68,0.44,0.62,2025-09-18,2215,N,VIIRS,n,2,290.55,1.19,N,2
36.93383,42.12704,303.09,0.44,0.62,2025-09-18,2215,N,VIIRS,n,2,290.6,1.92,N,2
36.9432,42.1727,302.41,0.43,0.62,2025-09-18,2215,N,VIIRS,n,2,291.42,1.09,N,2
36.94345,42.16774,314.15,0.43,0.62,2025-09-18,2215,N,VIIRS,n,2,291.78,1.84,N,2
36.94545,42.12815,319.4,0.44,0.62,2025-09-18,2215,N,VIIRS,n,2,292.14,2.36,N,2
36.9966,41.56225,304.13,0.47,0.64,2025-09-18,2215,N,VIIRS,n,2,291.75,0.93,N,2
37.13646,42.79089,302.79,0.4,0.6,2025-09-18,2215,N,VIIRS,n,2,291.0,0.47,N,2
37.19983,39.56308,301.72,0.61,0.71,2025-09-18,2215,N,VIIRS,n,2,289.63,0.98,N,0
37.64827,38.21369,315.2,0.72,0.76,2025-09-18,2215,N,VIIRS,n,2,287.37,2.4,N,0
37.65114,38.21767,302.72,0.72,0.76,2025-09-18,2215,N,VIIRS,n,2,287.74,2.78,N,0
37.97912,38.82644,313.34,0.67,0.74,2025-09-18,2215,N,VIIRS,n,2,286.92,2.11,N,0
38.87251,37.65753,297.09,0.78,0.78,2025-09-18,2215,N,VIIRS,n,2,278.99,2.14,N,0
38.87285,37.66217,295.37,0.78,0.78,2025-09-18,2215,N,VIIRS,n,2,278.93,1.26,N,0
36.77532,43.3252,323.67,0.48,0.65,2025-09-18,2355,N,VIIRS,n,2,291.46,3.19,N,2
36.77684,43.31981,326.8,0.48,0.65,2025-09-18,2355,N,VIIRS,n,2,292.11,3.19,N,2
36.77748,43.32556,314.85,0.48,0.65,2025-09-18,2355,N,VIIRS,n,2,291.78,3.28,N,2
36.77896,43.3204,336.45,0.48,0.65,2025-09-18,2355,N,VIIRS,n,2,293.99,5.78,N,2
36.86648,43.52059,302.1,0.49,0.65,2025-09-18,2355,N,VIIRS,n,2,289.36,0.75,N,0
36.86987,43.48621,319.75,0.49,0.65,2025-09-18,2355,N,VIIRS,n,2,290.43,3.46,N,2
36.90341,43.39164,309.21,0.48,0.65,2025-09-18,2355,N,VIIRS,n,2,288.5,2.47,N,2
36.90912,43.39418,310.0,0.48,0.65,2025-09-18,2355,N,VIIRS,n,2,288.07,2.43,N,2
36.93684,42.13261,312.26,0.42,0.61,2025-09-18,2355,N,VIIRS,n,2,291.04,1.25,N,2
36.93808,42.12806,305.33,0.42,0.61,2025-09-18,2355,N,VIIRS,n,2,291.07,1.25,N,2
36.94422,42.17197,314.87,0.42,0.61,2025-09-18,2355,N,VIIRS,n,2,291.91,1.1,N,2
36.94886,42.13268,328.44,0.42,0.61,2025-09-18,2355,N,VIIRS,n,2,291.4,2.76,N,2
36.9501,42.12811,316.84,0.41,0.61,2025-09-18,2355,N,VIIRS,n,2,290.94,3.1,N,2
37.33977,40.80219,309.02,0.35,0.56,2025-09-18,2355,N,VIIRS,n,2,293.01,1.19,N,2
37.3406,40.80316,303.17,0.35,0.56,2025-09-18,2355,N,VIIRS,n,2,292.41,1.06,N,2
37.73195,40.25804,298.04,0.63,0.54,2025-09-18,2355,N,VIIRS,n,2,286.92,0.54,N,0
37.97401,38.82726,299.94,0.53,0.5,2025-09-18,2355,N,VIIRS,n,2,288.0,0.74,N,0
37.97851,38.82888,304.71,0.53,0.5,2025-09-18,2355,N,VIIRS,n,2,288.39,0.74,N,0
38.22696,40.62981,307.74,0.32,0.55,2025-09-18,2355,N,VIIRS,n,2,289.36,0.69,N,0
38.6656,39.23205,300.6,0.53,0.5,2025-09-18,2355,N,VIIRS,n,2,286.03,0.81,N,0
39.48631,30.04082,300.07,0.38,0.36,2025-09-18,2355,N,VIIRS,n,2,282.63,1.14,N,2
39.59694,32.42101,297.67,0.4,0.37,2025-09-18,2355,N,VIIRS,n,2,281.82,0.79,N,2
39.94642,33.1915,301.9,0.42,0.38,2025-09-18,2355,N,VIIRS,n,2,281.84,0.91,N,2
40.0157,27.00652,299.17,0.44,0.38,2025-09-18,2355,N,VIIRS,n,2,285.1,0.6,N,0
40.01634,27.00145,297.06,0.44,0.38,2025-09-18,2355,N,VIIRS,n,2,284.9,0.47,N,0
40.0507,32.65179,297.52,0.41,0.37,2025-09-18,2355,N,VIIRS,n,2,280.64,0.34,N,2
40.44363,27.14292,308.22,0.44,0.38,2025-09-18,2355,N,VIIRS,n,2,289.36,1.87,N,2
40.44429,27.13771,324.3,0.44,0.38,2025-09-18,2355,N,VIIRS,n,2,292.09,1.87,N,2
40.7822,29.60076,306.62,0.39,0.36,2025-09-18,2355,N,VIIRS,n,2,289.48,1.8,N,2
41.01271,26.71169,319.55,0.46,0.39,2025-09-18,2355,N,VIIRS,n,2,282.79,1.45,N,0
41.01925,28.55372,303.92,0.41,0.37,2025-09-18,2355,N,VIIRS,n,2,286.51,0.8,N,2
41.02264,28.55454,309.9,0.41,0.37,2025-09-18,2355,N,VIIRS,n,2,288.14,0.9,N,2
41.17617,32.63544,303.71,0.4,0.37,2025-09-18,2355,N,VIIRS,n,2,284.83,0.98,N,2
41.19271,32.62078,303.48,0.4,0.37,2025-09-18,2355,N,VIIRS,n,2,283.65,0.78,N,2
41.25477,31.41366,324.81,0.39,0.36,2025-09-18,2355,N,VIIRS,n,2,288.17,2.9,N,2
41.63165,27.68415,303.27,0.43,0.38,2025-09-18,2355,N,VIIRS,n,2,285.99,0.86,N,2
41.63656,27.50582,297.09,0.44,0.38,2025-09-18,2355,N,VIIRS,n,2,284.58,0.62,N,2
35.5246,44.3456,308.14,0.59,0.7,2025-09-18,2356,N,VIIRS,n,2,293.13,3.19,N,2
35.52644,44.33941,334.75,0.59,0.7,2025-09-18,2356,N,VIIRS,n,2,294.2,3.19,N,2
35.53267,44.34199,319.49,0.59,0.7,2025-09-18,2356,N,VIIRS,n,2,293.82,3.19,N,2
35.53453,44.33569,328.97,0.59,0.7,2025-09-18,2356,N,VIIRS,n,2,294.17,8.64,N,2
35.63016,44.01042,355.28,0.56,0.69,2025-09-18,2356,N,VIIRS,n,2,294.18,13.0,N,2
35.63189,44.0045,349.43,0.56,0.69,2025-09-18,2356,N,VIIRS,n,2,294.12,16.33,N,2
35.66035,43.96146,332.38,0.56,0.69,2025-09-18,2356,N,VIIRS,n,2,291.07,3.42,N,2
35.66433,43.96359,367.0,0.56,0.69,2025-09-18,2356,N,VIIRS,h,2,294.82,9.67,N,2
35.66645,43.96397,349.21,0.56,0.69,2025-09-18,2356,N,VIIRS,n,2,294.11,5.56,N,2
35.6776,44.06527,303.24,0.56,0.69,2025-09-18,2356,N,VIIRS,n,2,292.86,1.2,N,2
35.68253,43.87745,354.09,0.55,0.68,2025-09-18,2356,N,VIIRS,n,2,291.95,15.14,N,2
35.68427,43.87145,367.0,0.55,0.68,2025-09-18,2356,N,VIIRS,h,2,292.98,15.14,N,2
35.6851,43.87808,354.96,0.55,0.68,2025-09-18,2356,N,VIIRS,n,2,292.34,19.09,N,2
35.68689,43.87206,367.0,0.55,0.68,2025-09-18,2356,N,VIIRS,h,2,296.18,30.26,N,2
35.68858,43.88004,317.19,0.55,0.68,2025-09-18,2356,N,VIIRS,n,2,291.72,3.64,N,2
35.69032,43.87403,327.11,0.55,0.68,2025-09-18,2356,N,VIIRS,n,2,292.93,3.64,N,2
35.72,43.77139,304.31,0.54,0.68,2025-09-18,2356,N,VIIRS,n,2,294.28,1.07,N,2
35.72521,44.04343,305.87,0.56,0.69,2025-09-18,2356,N,VIIRS,n,2,291.88,2.44,N,2
35.72699,44.03734,330.34,0.56,0.69,2025-09-18,2356,N,VIIRS,n,2,293.12,2.95,N,2
35.72874,44.0314,315.03,0.56,0.69,2025-09-18,2356,N,VIIRS,n,2,292.13,2.95,N,2
35.77007,43.99456,303.55,0.56,0.68,2025-09-18,2356,N,VIIRS,n,2,291.59,1.14,N,2
35.77332,43.99568,314.96,0.56,0.69,2025-09-18,2356,N,VIIRS,n,2,292.51,1.62,N,2
35.77623,43.99686,305.01,0.56,0.68,2025-09-18,2356,N,VIIRS,n,2,292.33,1.14,N,2
35.95383,43.72826,306.87,0.53,0.67,2025-09-18,2356,N,VIIRS,n,2,292.2,1.18,N,2
35.96928,43.76716,305.11,0.53,0.67,2025-09-18,2356,N,VIIRS,n,2,292.88,2.6,N,2
35.97102,43.76122,305.45,0.53,0.67,2025-09-18,2356,N,VIIRS,n,2,293.13,2.76,N,2
35.97238,43.76558,312.61,0.53,0.67,2025-09-18,2356,N,VIIRS,n,2,292.97,3.5,N,2
35.98265,43.7674,309.12,0.53,0.67,2025-09-18,2356,N,VIIRS,n,2,293.09,2.34,N,2
36.02107,43.68164,309.89,0.53,0.67,2025-09-18,2356,N,VIIRS,n,2,292.66,1.33,N,2
36.08609,43.64128,306.04,0.52,0.67,2025-09-18,2356,N,VIIRS,n,2,291.17,0.78,N,0
36.10224,43.62973,303.97,0.52,0.67,2025-09-18,2356,N,VIIRS,n,2,290.48,0.58,N,0
36.14298,40.81534,314.77,0.37,0.58,2025-09-18,2356,N,VIIRS,n,2,294.29,1.14,N,2
36.43971,32.17836,317.59,0.43,0.38,2025-09-18,2356,N,VIIRS,n,2,295.82,2.08,N,0
36.4423,32.18392,324.52,0.43,0.38,2025-09-18,2356,N,VIIRS,n,2,297.13,5.1,N,0
36.44315,32.17924,340.11,0.43,0.38,2025-09-18,2356,N,VIIRS,n,2,297.81,3.64,N,0
36.44407,32.1941,310.38,0.43,0.38,2025-09-18,2356,N,VIIRS,n,2,293.74,1.47,N,0
36.44491,32.18948,346.53,0.43,0.38,2025-09-18,2356,N,VIIRS,n,2,296.08,5.1,N,0
36.44576,32.18479,332.4,0.43,0.38,2025-09-18,2356,N,VIIRS,n,2,298.26,5.1,N,0
36.4466,32.18013,329.08,0.43,0.38,2025-09-18,2356,N,VIIRS,n,2,297.31,3.64,N,0
36.44754,32.19486,330.99,0.43,0.38,2025-09-18,2356,N,VIIRS,n,2,296.39,2.08,N,0
36.44838,32.1902,343.07,0.43,0.38,2025-09-18,2356,N,VIIRS,n,2,299.14,12.19,N,0
36.44923,32.18556,306.07,0.43,0.38,2025-09-18,2356,N,VIIRS,n,2,295.42,12.19,N,0
36.45102,32.19554,314.25,0.43,0.38,2025-09-18,2356,N,VIIRS,n,2,295.72,2.08,N,0
36.45187,32.1909,348.14,0.43,0.38,2025-09-18,2356,N,VIIRS,n,2,300.46,12.19,N,0
36.45271,32.18628,347.55,0.43,0.38,2025-09-18,2356,N,VIIRS,n,2,297.82,12.19,N,0
36.45535,32.19161,367.0,0.43,0.38,2025-09-18,2356,N,VIIRS,h,2,337.74,62.18,N,0
36.45618,32.187,348.33,0.43,0.38,2025-09-18,2356,N,VIIRS,n,2,312.94,62.18,N,0
36.45881,32.19241,306.35,0.43,0.38,2025-09-18,2356,N,VIIRS,n,2,293.94,62.18,N,0
36.71826,36.20107,338.73,0.41,0.45,2025-09-18,2356,N,VIIRS,n,2,293.11,6.5,N,2
36.74158,36.21372,316.18,0.41,0.45,2025-09-18,2356,N,VIIRS,n,2,291.97,2.85,N,2
36.91399,41.8936,304.23,0.4,0.6,2025-09-18,2356,N,VIIRS,n,2,291.11,0.52,N,2
36.93422,28.87355,302.97,0.39,0.36,2025-09-18,2356,N,VIIRS,n,2,292.63,10.35,N,0
36.93488,28.86926,303.51,0.39,0.36,2025-09-18,2356,N,VIIRS,n,2,292.44,10.35,N,0
36.93621,28.88295,317.7,0.39,0.36,2025-09-18,2356,N,VIIRS,n,2,293.51,33.39,N,0
36.93687,28.87864,349.89,0.39,0.36,2025-09-18,2356,N,VIIRS,n,2,309.81,33.39,N,0
36.93752,28.87435,354.48,0.39,0.36,2025-09-18,2356,N,VIIRS,n,2,302.97,10.35,N,0
36.93818,28.87006,344.66,0.39,0.36,2025-09-18,2356,N,VIIRS,n,2,302.76,10.35,N,0
36.93951,28.88375,344.46,0.39,0.36,2025-09-18,2356,N,VIIRS,n,2,303.47,30.41,N,0
36.94017,28.87943,367.0,0.39,0.36,2025-09-18,2356,N,VIIRS,h,2,311.04,30.41,N,0
36.94082,28.87514,355.97,0.39,0.36,2025-09-18,2356,N,VIIRS,n,2,304.6,8.74,N,0
36.94148,28.87087,324.92,0.39,0.36,2025-09-18,2356,N,VIIRS,n,2,294.95,8.74,N,0
36.94281,28.88457,338.52,0.39,0.36,2025-09-18,2356,N,VIIRS,n,2,319.65,30.41,N,0
36.94347,28.88024,355.83,0.39,0.36,2025-09-18,2356,N,VIIRS,n,2,308.1,30.41,N,0
36.94413,28.87594,331.25,0.39,0.36,2025-09-18,2356,N,VIIRS,n,2,296.69,8.74,N,0
36.94677,28.88106,347.48,0.39,0.36,2025-09-18,2356,N,VIIRS,n,2,295.06,5.27,N,0
36.94742,28.87675,312.03,0.39,0.36,2025-09-18,2356,N,VIIRS,n,2,292.38,1.55,N,0
36.95586,39.96973,311.5,0.32,0.55,2025-09-18,2356,N,VIIRS,n,2,288.96,0.84,N,0
37.01413,41.58387,303.95,0.39,0.59,2025-09-18,2356,N,VIIRS,n,2,291.67,0.33,N,2
37.25171,30.44413,309.63,0.39,0.36,2025-09-18,2356,N,VIIRS,n,2,287.37,1.21,N,2
37.26453,40.25663,310.05,0.33,0.55,2025-09-18,2356,N,VIIRS,n,2,291.89,0.78,N,0
37.26545,40.25303,307.57,0.32,0.55,2025-09-18,2356,N,VIIRS,n,2,291.67,0.78,N,0
37.30197,27.62305,331.29,0.4,0.37,2025-09-18,2356,N,VIIRS,n,2,296.35,7.17,N,0
37.30264,27.61841,348.62,0.4,0.37,2025-09-18,2356,N,VIIRS,n,2,307.52,21.91,N,0
37.3033,27.61377,331.12,0.4,0.37,2025-09-18,2356,N,VIIRS,n,2,298.76,21.91,N,0
37.30534,27.62384,351.64,0.4,0.37,2025-09-18,2356,N,VIIRS,n,2,299.61,7.17,N,0
37.30602,27.6191,353.61,0.4,0.37,2025-09-18,2356,N,VIIRS,n,2,310.06,21.91,N,0
37.30872,27.6246,327.58,0.4,0.37,2025-09-18,2356,N,VIIRS,n,2,295.71,2.66,N,0
37.30939,27.61993,323.42,0.4,0.37,2025-09-18,2356,N,VIIRS,n,2,295.05,2.37,N,0
37.33389,27.72062,302.92,0.4,0.37,2025-09-18,2356,N,VIIRS,n,2,291.34,0.39,N,0
37.36772,27.65348,303.68,0.4,0.37,2025-09-18,2356,N,VIIRS,n,2,290.67,0.6,N,0
37.48872,27.9344,341.13,0.4,0.37,2025-09-18,2356,N,VIIRS,n,2,290.0,5.5,N,0
37.48936,27.92984,339.61,0.4,0.37,2025-09-18,2356,N,VIIRS,n,2,289.67,5.5,N,0
37.49001,27.92527,312.84,0.4,0.37,2025-09-18,2356,N,VIIRS,n,2,287.08,2.12,N,0
37.49207,27.93521,343.85,0.4,0.37,2025-09-18,2356,N,VIIRS,n,2,297.3,7.23,N,0
37.49271,27.93062,346.96,0.4,0.37,2025-09-18,2356,N,VIIRS,n,2,293.03,7.23,N,0
37.49337,27.92602,355.95,0.4,0.37,2025-09-18,2356,N,VIIRS,n,2,295.37,9.76,N,0
37.49541,27.93602,346.0,0.4,0.37,2025-09-18,2356,N,VIIRS,n,2,292.7,7.23,N,0
37.49607,27.93141,296.23,0.4,0.37,2025-09-18,2356,N,VIIRS,n,2,285.77,7.23,N,0
37.5156,37.9875,303.04,0.49,0.49,2025-09-18,2356,N,VIIRS,n,2,288.6,0.86,N,0
37.57928,37.97,304.77,0.49,0.48,2025-09-18,2356,N,VIIRS,n,2,289.17,0.91,N,0
37.58093,37.96945,299.47,0.49,0.48,2025-09-18,2356,N,VIIRS,n,2,288.95,0.76,N,0
37.65061,38.21727,311.57,0.5,0.49,2025-09-18,2356,N,VIIRS,n,2,289.55,1.61,N,0
37.65529,27.48838,301.7,0.41,0.37,2025-09-18,2356,N,VIIRS,n,2,288.42,0.49,N,0
37.65562,27.49124,301.5,0.41,0.37,2025-09-18,2356,N,VIIRS,n,2,288.12,0.61,N,0
37.69668,38.10218,303.01,0.49,0.49,2025-09-18,2356,N,VIIRS,n,2,288.3,0.73,N,0
37.71762,37.83692,300.45,0.48,0.48,2025-09-18,2356,N,VIIRS,n,2,286.71,0.55,N,0
37.71937,38.35165,305.45,0.51,0.49,2025-09-18,2356,N,VIIRS,n,2,289.58,0.86,N,0
37.72034,38.35292,303.83,0.51,0.49,2025-09-18,2356,N,VIIRS,n,2,289.49,0.57,N,0
37.72193,37.8341,299.47,0.48,0.48,2025-09-18,2356,N,VIIRS,n,2,286.88,0.79,N,0
37.74266,38.1483,302.87,0.49,0.49,2025-09-18,2356,N,VIIRS,n,2,289.0,0.9,N,0
37.77099,27.43762,302.47,0.41,0.37,2025-09-18,2356,N,VIIRS,n,2,292.26,1.02,N,2
37.8618,29.37197,316.28,0.38,0.36,2025-09-18,2356,N,VIIRS,n,2,289.15,1.5,N,2
37.89754,30.49132,297.88,0.39,0.36,2025-09-18,2356,N,VIIRS,n,2,284.09,0.51,N,2
37.89977,28.20739,319.13,0.4,0.37,2025-09-18,2356,N,VIIRS,n,2,290.78,1.39,N,0
37.94065,32.53606,295.1,0.42,0.38,2025-09-18,2356,N,VIIRS,n,2,283.47,0.44,N,0
38.22257,29.99642,305.24,0.38,0.36,2025-09-18,2356,N,VIIRS,n,2,284.87,0.62,N,0
38.38299,30.76909,295.29,0.39,0.36,2025-09-18,2356,N,VIIRS,n,2,280.18,0.52,N,0
38.42836,27.21494,314.66,0.42,0.38,2025-09-18,2356,N,VIIRS,n,2,292.28,1.23,N,2
38.61034,26.9033,308.88,0.43,0.38,2025-09-18,2356,N,VIIRS,n,2,287.11,1.01,N,0
38.61383,26.90405,312.08,0.43,0.38,2025-09-18,2356,N,VIIRS,n,2,287.41,1.01,N,0
38.73767,26.94753,303.02,0.43,0.38,2025-09-18,2356,N,VIIRS,n,2,291.6,0.94,N,2
38.74116,26.94828,309.8,0.43,0.38,2025-09-18,2356,N,VIIRS,n,2,290.38,1.2,N,2
39.09407,27.51562,300.19,0.42,0.37,2025-09-18,2356,N,VIIRS,n,2,287.28,0.58,N,0
39.11403,27.52499,307.96,0.42,0.37,2025-09-18,2356,N,VIIRS,n,2,288.05,1.11,N,2
39.11469,27.52009,306.03,0.42,0.37,2025-09-18,2356,N,VIIRS,n,2,287.87,1.11,N,2
39.11876,27.51612,301.68,0.42,0.37,2025-09-18,2356,N,VIIRS,n,2,286.82,0.64,N,0
39.16843,27.63258,306.66,0.41,0.37,2025-09-18,2356,N,VIIRS,n,2,288.92,0.76,N,2
39.16907,27.62778,300.32,0.41,0.37,2025-09-18,2356,N,VIIRS,n,2,288.0,0.76,N,2
39.18308,27.4965,302.84,0.42,0.37,2025-09-18,2356,N,VIIRS,n,2,286.77,0.55,N,2
39.86478,26.24424,318.87,0.46,0.39,2025-09-18,2356,N,VIIRS,n,2,289.99,2.09,N,2
39.86491,26.24296,321.32,0.46,0.39,2025-09-18,2356,N,VIIRS,n,2,289.51,1.64,N,2
39.8684,26.24496,301.59,0.46,0.39,2025-09-18,2356,N,VIIRS,n,2,286.1,0.45,N,2
39.86854,26.24368,297.78,0.46,0.39,2025-09-18,2356,N,VIIRS,n,2,286.62,1.64,N,2
35.52581,44.34616,335.65,0.45,0.47,2025-09-19,936,N,VIIRS,n,2,303.97,2.64,D,2
35.52892,44.33985,345.94,0.45,0.47,2025-09-19,936,N,VIIRS,n,2,303.08,4.46,D,2
35.6294,44.00864,351.61,0.47,0.48,2025-09-19,936,N,VIIRS,n,2,312.86,18.51,D,2
35.63052,44.01373,340.38,0.47,0.48,2025-09-19,936,N,VIIRS,n,2,305.29,12.44,D,2
35.66127,43.96556,347.98,0.47,0.48,2025-09-19,936,N,VIIRS,n,2,306.64,6.8,D,2
35.66214,43.96789,345.09,0.47,0.48,2025-09-19,936,N,VIIRS,n,2,306.2,8.55,D,2
35.68239,43.87322,343.42,0.47,0.48,2025-09-19,936,N,VIIRS,n,2,305.39,8.81,D,2
35.68354,43.87836,348.87,0.47,0.48,2025-09-19,936,N,VIIRS,n,2,310.47,17.29,D,2
35.68469,43.88351,336.48,0.47,0.48,2025-09-19,936,N,VIIRS,n,2,304.59,17.29,D,2
35.68784,43.87697,344.39,0.47,0.48,2025-09-19,936,N,VIIRS,n,2,304.98,17.29,D,2
35.72421,44.04028,344.95,0.46,0.47,2025-09-19,936,N,VIIRS,n,2,307.32,6.79,D,2
35.7742,43.9972,337.34,0.47,0.47,2025-09-19,936,N,VIIRS,n,2,306.34,2.98,D,2
36.14271,40.81894,337.75,0.34,0.56,2025-09-19,936,N,VIIRS,n,2,306.68,2.58,D,2
36.7481,37.57633,334.26,0.48,0.65,2025-09-19,936,N,VIIRS,n,2,304.08,2.06,D,0
36.77468,43.32389,343.05,0.48,0.48,2025-09-19,936,N,VIIRS,n,2,309.75,10.92,D,2
36.80335,35.49334,337.55,0.61,0.71,2025-09-19,936,N,VIIRS,n,2,304.87,3.82,D,0
36.81898,35.47739,341.85,0.61,0.71,2025-09-19,936,N,VIIRS,n,2,302.65,6.47,D,0
36.93471,35.62631,329.27,0.6,0.7,2025-09-19,936,N,VIIRS,n,2,301.88,1.96,D,0
36.95633,39.885,342.85,0.36,0.57,2025-09-19,936,N,VIIRS,n,2,307.25,2.39,D,0
36.96043,39.87908,341.32,0.36,0.57,2025-09-19,936,N,VIIRS,n,2,310.09,6.09,D,0
36.961,35.85511,346.3,0.58,0.7,2025-09-19,936,N,VIIRS,n,2,305.29,10.31,D,0
37.07365,37.44931,333.85,0.48,0.65,2025-09-19,936,N,VIIRS,n,2,301.4,2.91,D,0
37.14524,40.73362,334.69,0.32,0.55,2025-09-19,936,N,VIIRS,n,2,303.33,2.04,D,0
37.17506,40.34805,336.27,0.34,0.56,2025-09-19,936,N,VIIRS,n,2,305.1,1.5,D,0
37.22981,36.98098,334.39,0.5,0.66,2025-09-19,936,N,VIIRS,n,2,305.57,5.09,D,0
37.26335,39.99527,338.23,0.35,0.57,2025-09-19,936,N,VIIRS,n,2,308.99,4.29,D,0
37.28913,39.8579,355.12,0.35,0.57,2025-09-19,936,N,VIIRS,n,2,311.63,3.26,D,0
37.38623,37.18189,354.54,0.48,0.65,2025-09-19,936,N,VIIRS,n,2,310.12,9.43,D,0
37.85236,40.78292,335.15,0.61,0.54,2025-09-19,936,N,VIIRS,n,2,302.1,3.51,D,0
38.04071,40.15917,348.48,0.33,0.55,2025-09-19,936,N,VIIRS,n,2,307.08,6.34,D,0
38.04162,40.16277,367.0,0.33,0.55,2025-09-19,936,N,VIIRS,h,2,306.02,6.34,D,0
38.0465,40.16074,335.24,0.33,0.55,2025-09-19,936,N,VIIRS,n,2,305.94,3.64,D,0
38.12015,40.58076,336.99,0.62,0.54,2025-09-19,936,N,VIIRS,n,2,306.58,4.19,D,0
38.15906,40.54173,336.55,0.62,0.54,2025-09-19,936,N,VIIRS,n,2,306.28,5.22,D,0
37.13956,36.17139,330.91,0.55,0.68,2025-09-19,937,N,VIIRS,n,2,305.29,3.24,D,0
37.26726,36.01339,349.76,0.56,0.69,2025-09-19,937,N,VIIRS,n,2,306.57,5.28,D,0
37.26955,36.01326,346.79,0.56,0.69,2025-09-19,937,N,VIIRS,n,2,305.63,7.42,D,0
37.37255,37.01394,336.28,0.49,0.65,2025-09-19,937,N,VIIRS,n,2,299.8,2.8,D,0
37.37411,37.01937,340.22,0.49,0.65,2025-09-19,937,N,VIIRS,n,2,302.12,6.38,D,0
37.38175,37.18056,339.65,0.48,0.65,2025-09-19,937,N,VIIRS,n,2,308.74,5.89,D,0
37.3833,37.18591,344.29,0.48,0.65,2025-09-19,937,N,VIIRS,n,2,306.73,8.52,D,0
38.38991,40.04498,339.63,0.33,0.55,2025-09-19,937,N,VIIRS,n,2,303.34,1.73,D,0
38.39245,40.04083,367.0,0.33,0.55,2025-09-19,937,N,VIIRS,h,2,303.51,9.14,D,0
38.39338,40.04446,367.0,0.33,0.55,2025-09-19,937,N,VIIRS,h,2,309.42,16.63,D,0
38.50567,39.06014,330.31,0.36,0.58,2025-09-19,937,N,VIIRS,n,2,297.63,1.81,D,0
36.06194,37.87325,336.3,0.39,0.59,2025-09-19,1116,N,VIIRS,n,2,307.2,2.25,D,0
36.06212,37.87226,336.83,0.39,0.59,2025-09-19,1116,N,VIIRS,n,2,307.28,1.69,D,0
36.14078,40.82201,335.34,0.57,0.69,2025-09-19,1116,N,VIIRS,n,2,302.01,2.51,D,2
36.3462,30.16337,336.3,0.47,0.39,2025-09-19,1117,N,VIIRS,n,2,309.06,4.52,D,0
36.43799,32.18248,344.03,0.38,0.43,2025-09-19,1117,N,VIIRS,n,2,309.61,5.46,D,0
36.44197,39.05688,338.78,0.45,0.63,2025-09-19,1117,N,VIIRS,n,2,304.32,3.92,D,0
36.44514,39.05317,335.82,0.46,0.63,2025-09-19,1117,N,VIIRS,n,2,301.93,4.24,D,0
36.44537,39.05838,348.45,0.46,0.63,2025-09-19,1117,N,VIIRS,n,2,304.87,6.62,D,0
36.44787,39.05651,346.99,0.45,0.63,2025-09-19,1117,N,VIIRS,n,2,305.35,3.92,D,0
36.44904,32.17136,347.77,0.38,0.43,2025-09-19,1117,N,VIIRS,n,2,310.06,6.29,D,0
36.44952,32.17584,345.95,0.38,0.43,2025-09-19,1117,N,VIIRS,n,2,307.82,6.29,D,0
36.44995,32.18002,343.25,0.38,0.43,2025-09-19,1117,N,VIIRS,n,2,306.81,7.04,D,0
36.45395,32.17923,357.15,0.38,0.43,2025-09-19,1117,N,VIIRS,n,2,317.17,20.76,D,0
36.45462,32.17563,345.47,0.38,0.43,2025-09-19,1117,N,VIIRS,n,2,314.23,7.48,D,0
36.45503,32.17976,354.59,0.38,0.43,2025-09-19,1117,N,VIIRS,n,2,308.46,17.13,D,0
36.45748,32.17411,344.45,0.38,0.43,2025-09-19,1117,N,VIIRS,n,2,308.47,10.09,D,0
36.4579,32.17811,350.48,0.38,0.43,2025-09-19,1117,N,VIIRS,n,2,312.54,20.76,D,0
36.4586,32.1746,346.8,0.38,0.43,2025-09-19,1117,N,VIIRS,n,2,309.56,7.48,D,0
36.45901,32.17876,341.88,0.38,0.43,2025-09-19,1117,N,VIIRS,n,2,308.92,17.13,D,0
36.46062,32.19475,342.03,0.38,0.43,2025-09-19,1117,N,VIIRS,n,2,304.16,5.95,D,0
36.46657,32.17289,340.61,0.38,0.43,2025-09-19,1117,N,VIIRS,n,2,306.69,5.38,D,0
36.46697,32.17685,349.26,0.38,0.43,2025-09-19,1117,N,VIIRS,n,2,310.74,9.68,D,0
36.46737,32.18076,354.69,0.38,0.43,2025-09-19,1117,N,VIIRS,n,2,310.91,9.68,D,0
36.46775,32.18459,345.88,0.38,0.43,2025-09-19,1117,N,VIIRS,n,2,309.59,7.46,D,0
36.46815,32.18861,339.96,0.38,0.43,2025-09-19,1117,N,VIIRS,n,2,305.83,7.46,D,0
36.62663,35.51591,343.19,0.58,0.52,2025-09-19,1117,N,VIIRS,n,2,310.48,4.57,D,0
36.69188,35.30966,332.69,0.57,0.52,2025-09-19,1117,N,VIIRS,n,2,306.67,2.88,D,0
36.72753,36.21237,342.02,0.64,0.54,2025-09-19,1117,N,VIIRS,n,2,307.04,5.42,D,2
36.89924,35.25668,352.85,0.56,0.52,2025-09-19,1117,N,VIIRS,n,2,311.93,10.87,D,0
36.91695,28.88823,340.17,0.43,0.38,2025-09-19,1117,N,VIIRS,n,2,308.49,5.1,D,0
36.91759,28.89314,339.87,0.43,0.38,2025-09-19,1117,N,VIIRS,n,2,308.35,5.91,D,0
36.92105,28.8924,345.21,0.43,0.38,2025-09-19,1117,N,VIIRS,n,2,308.11,5.91,D,0
36.92651,28.8524,344.97,0.42,0.38,2025-09-19,1117,N,VIIRS,n,2,307.37,4.13,D,0
36.92714,28.85718,348.36,0.42,0.38,2025-09-19,1117,N,VIIRS,n,2,311.77,4.13,D,0
36.9274,28.84922,333.31,0.42,0.38,2025-09-19,1117,N,VIIRS,n,2,301.58,2.5,D,0
36.92797,28.89086,350.46,0.43,0.38,2025-09-19,1117,N,VIIRS,n,2,310.57,8.47,D,0
36.92801,28.85398,347.67,0.43,0.38,2025-09-19,1117,N,VIIRS,n,2,308.26,26.01,D,0
36.92859,28.89557,351.81,0.43,0.38,2025-09-19,1117,N,VIIRS,n,2,313.7,8.47,D,0
36.92861,28.85871,345.05,0.43,0.38,2025-09-19,1117,N,VIIRS,n,2,310.69,26.01,D,0
36.92995,28.85151,347.35,0.42,0.38,2025-09-19,1117,N,VIIRS,n,2,303.44,4.13,D,0
36.93058,28.85629,341.06,0.42,0.38,2025-09-19,1117,N,VIIRS,n,2,307.53,4.13,D,0
36.93085,28.84835,334.92,0.42,0.38,2025-09-19,1117,N,VIIRS,n,2,300.52,2.5,D,0
36.93119,28.86101,350.01,0.43,0.38,2025-09-19,1117,N,VIIRS,n,2,320.23,31.69,D,0
36.93144,28.89018,344.56,0.43,0.38,2025-09-19,1117,N,VIIRS,n,2,310.85,4.72,D,0
36.93145,28.85305,338.45,0.43,0.38,2025-09-19,1117,N,VIIRS,n,2,304.92,26.01,D,0
36.93183,28.86583,353.37,0.43,0.38,2025-09-19,1117,N,VIIRS,n,2,318.7,31.69,D,0
36.93204,28.85771,367.0,0.43,0.38,2025-09-19,1117,N,VIIRS,h,2,336.06,26.01,D,0
36.93266,28.86259,367.0,0.43,0.38,2025-09-19,1117,N,VIIRS,h,2,351.69,99.26,D,0
36.93327,28.86733,348.7,0.43,0.38,2025-09-19,1117,N,VIIRS,n,2,319.5,99.26,D,0
36.93431,28.84758,334.9,0.42,0.38,2025-09-19,1117,N,VIIRS,n,2,298.26,6.11,D,0
36.93489,28.85209,348.18,0.43,0.38,2025-09-19,1117,N,VIIRS,n,2,300.49,72.79,D,0
36.93611,28.86167,341.9,0.43,0.38,2025-09-19,1117,N,VIIRS,n,2,316.21,33.9,D,0
36.93672,28.86647,352.95,0.43,0.38,2025-09-19,1117,N,VIIRS,n,2,308.51,33.9,D,0
36.93775,28.84668,347.1,0.42,0.38,2025-09-19,1117,N,VIIRS,n,2,301.78,6.11,D,0
36.93892,28.85582,353.33,0.43,0.38,2025-09-19,1117,N,VIIRS,n,2,303.91,72.79,D,0
36.93954,28.86065,354.8,0.43,0.38,2025-09-19,1117,N,VIIRS,n,2,312.92,33.9,D,0
36.94016,28.86556,354.65,0.43,0.38,2025-09-19,1117,N,VIIRS,n,2,307.2,33.9,D,0
36.94078,28.87045,338.22,0.43,0.38,2025-09-19,1117,N,VIIRS,n,2,305.05,5.4,D,0
36.94093,28.89956,348.52,0.43,0.38,2025-09-19,1117,N,VIIRS,n,2,309.53,6.7,D,0
36.94152,28.90421,346.4,0.43,0.38,2025-09-19,1117,N,VIIRS,n,2,309.95,6.7,D,0
36.94178,28.85032,367.0,0.43,0.38,2025-09-19,1117,N,VIIRS,h,2,306.12,14.65,D,0
36.94237,28.85495,367.0,0.43,0.38,2025-09-19,1117,N,VIIRS,h,2,313.45,14.65,D,0
36.94298,28.85971,354.74,0.43,0.38,2025-09-19,1117,N,VIIRS,n,2,311.56,17.78,D,0
36.94499,28.90343,348.79,0.43,0.38,2025-09-19,1117,N,VIIRS,n,2,307.47,6.7,D,0
36.94581,28.85403,346.45,0.43,0.38,2025-09-19,1117,N,VIIRS,n,2,300.3,14.65,D,0
36.94643,28.85888,355.41,0.43,0.38,2025-09-19,1117,N,VIIRS,n,2,312.34,17.78,D,0
36.94705,28.86376,367.0,0.43,0.38,2025-09-19,1117,N,VIIRS,h,2,306.86,17.78,D,0
36.94893,28.87846,345.36,0.43,0.38,2025-09-19,1117,N,VIIRS,n,2,307.6,3.73,D,0
36.94902,28.90713,349.23,0.43,0.38,2025-09-19,1117,N,VIIRS,n,2,308.97,15.38,D,0
36.94951,28.88308,338.57,0.43,0.38,2025-09-19,1117,N,VIIRS,n,2,305.64,3.73,D,0
36.95009,28.88757,337.87,0.43,0.38,2025-09-19,1117,N,VIIRS,n,2,306.03,3.53,D,0
36.95053,28.86317,356.45,0.43,0.38,2025-09-19,1117,N,VIIRS,n,2,308.1,24.87,D,0
36.95117,28.8682,350.51,0.43,0.38,2025-09-19,1117,N,VIIRS,n,2,304.68,10.06,D,0
36.95179,28.873,336.76,0.43,0.38,2025-09-19,1117,N,VIIRS,n,2,303.69,10.06,D,0
36.95237,28.87757,350.46,0.43,0.38,2025-09-19,1117,N,VIIRS,n,2,308.14,22.63,D,0
36.95245,28.90602,349.32,0.43,0.38,2025-09-19,1117,N,VIIRS,n,2,310.08,15.38,D,0
36.95296,28.88218,342.43,0.43,0.38,2025-09-19,1117,N,VIIRS,n,2,307.24,22.63,D,0
36.95354,28.88666,356.21,0.43,0.38,2025-09-19,1117,N,VIIRS,n,2,323.09,23.47,D,0
36.95384,35.78775,348.42,0.6,0.53,2025-09-19,1117,N,VIIRS,n,2,310.07,12.5,D,0
36.9541,28.89111,354.47,0.43,0.38,2025-09-19,1117,N,VIIRS,n,2,314.53,23.47,D,0
36.95465,28.86753,345.98,0.43,0.38,2025-09-19,1117,N,VIIRS,n,2,300.09,10.06,D,0
36.95467,28.89552,367.0,0.43,0.38,2025-09-19,1117,N,VIIRS,h,2,309.66,19.75,D,0
36.95525,28.87223,343.15,0.43,0.38,2025-09-19,1117,N,VIIRS,n,2,309.37,10.06,D,0
36.95526,28.90013,354.92,0.43,0.38,2025-09-19,1117,N,VIIRS,n,2,305.26,19.75,D,0
36.95586,28.90489,336.21,0.43,0.38,2025-09-19,1117,N,VIIRS,n,2,300.82,5.52,D,0
36.9564,28.88121,357.23,0.43,0.38,2025-09-19,1117,N,VIIRS,n,2,328.8,22.63,D,0
36.95755,28.89019,346.08,0.43,0.38,2025-09-19,1117,N,VIIRS,n,2,309.95,23.47,D,0
36.95926,28.87581,367.0,0.43,0.38,2025-09-19,1117,N,VIIRS,h,2,351.94,102.01,D,0
36.95929,35.46674,337.4,0.58,0.52,2025-09-19,1117,N,VIIRS,n,2,308.81,3.3,D,0
36.96098,28.88922,346.92,0.43,0.38,2025-09-19,1117,N,VIIRS,n,2,308.09,39.06,D,0
36.96232,35.46683,341.5,0.58,0.52,2025-09-19,1117,N,VIIRS,n,2,307.09,6.22,D,0
36.96691,30.90549,345.25,0.51,0.41,2025-09-19,1117,N,VIIRS,n,2,308.81,13.39,D,0
36.98798,39.92229,339.59,0.51,0.66,2025-09-19,1117,N,VIIRS,n,2,303.69,6.5,D,0
36.98956,39.92419,335.49,0.51,0.66,2025-09-19,1117,N,VIIRS,n,2,304.36,2.28,D,0
37.1071,36.16705,338.31,0.32,0.54,2025-09-19,1117,N,VIIRS,n,2,309.95,2.01,D,0
37.14099,36.16975,332.06,0.32,0.54,2025-09-19,1117,N,VIIRS,n,2,306.91,1.35,D,0
37.14227,40.73524,332.18,0.57,0.69,2025-09-19,1117,N,VIIRS,n,2,302.65,4.34,D,0
37.19778,35.8947,342.18,0.62,0.54,2025-09-19,1117,N,VIIRS,n,2,305.68,3.29,D,0
37.29572,39.76931,333.24,0.51,0.66,2025-09-19,1117,N,VIIRS,n,2,304.66,3.41,D,0
37.33387,35.97862,342.52,0.63,0.54,2025-09-19,1117,N,VIIRS,n,2,309.06,5.99,D,0
37.34372,36.05011,342.43,0.63,0.54,2025-09-19,1117,N,VIIRS,n,2,305.51,5.46,D,0
37.35592,36.00528,340.8,0.63,0.54,2025-09-19,1117,N,VIIRS,n,2,305.34,4.72,D,0
37.36206,36.99014,341.03,0.36,0.57,2025-09-19,1117,N,VIIRS,n,2,307.52,3.3,D,0
37.37102,36.00372,347.79,0.63,0.54,2025-09-19,1117,N,VIIRS,n,2,309.09,11.8,D,0
37.38605,36.97922,335.14,0.36,0.57,2025-09-19,1117,N,VIIRS,n,2,304.16,0.95,D,0
37.38812,36.97979,334.31,0.36,0.57,2025-09-19,1117,N,VIIRS,n,2,304.23,1.54,D,0
37.52172,39.29831,332.05,0.48,0.65,2025-09-19,1117,N,VIIRS,n,2,303.29,1.17,D,0
37.65485,39.11671,330.12,0.47,0.64,2025-09-19,1117,N,VIIRS,n,2,302.19,1.99,D,0
37.82375,27.60014,337.55,0.4,0.37,2025-09-19,1117,N,VIIRS,n,2,305.84,2.18,D,0
37.99454,40.20302,337.9,0.54,0.68,2025-09-19,1117,N,VIIRS,n,2,300.26,3.3,D,0
38.01758,34.54919,338.77,0.53,0.5,2025-09-19,1117,N,VIIRS,n,2,302.23,7.19,D,0
38.01802,34.55475,337.82,0.53,0.5,2025-09-19,1117,N,VIIRS,n,2,301.09,6.49,D,0
38.09797,39.80367,344.78,0.51,0.66,2025-09-19,1117,N,VIIRS,n,2,302.61,4.9,D,0
38.19791,28.36865,332.67,0.42,0.38,2025-09-19,1117,N,VIIRS,n,2,305.76,1.65,D,0
39.86248,33.19817,337.04,0.47,0.48,2025-09-19,1118,N,VIIRS,n,2,295.95,3.33,D,0
39.86446,26.24401,335.32,0.39,0.36,2025-09-19,1118,N,VIIRS,n,2,306.57,2.19,D,2
40.22417,27.86797,337.71,0.42,0.38,2025-09-19,1118,N,VIIRS,n,2,305.21,4.55,D,0
40.24716,27.7584,350.14,0.42,0.38,2025-09-19,1118,N,VIIRS,n,2,305.13,12.12,D,0
40.25061,27.75764,353.64,0.42,0.38,2025-09-19,1118,N,VIIRS,n,2,304.6,5.96,D,0
40.25406,27.75687,340.56,0.42,0.38,2025-09-19,1118,N,VIIRS,n,2,290.5,5.96,D,0
40.30921,27.60855,341.83,0.42,0.37,2025-09-19,1118,N,VIIRS,n,2,301.4,4.34,D,0
40.55093,26.88997,336.58,0.4,0.37,2025-09-19,1118,N,VIIRS,n,2,306.23,4.28,D,0
40.55431,26.88918,340.96,0.4,0.37,2025-09-19,1118,N,VIIRS,n,2,308.34,4.28,D,0
40.55491,26.89096,346.35,0.4,0.37,2025-09-19,1118,N,VIIRS,n,2,307.02,6.57,D,0
40.55507,26.86618,338.54,0.4,0.37,2025-09-19,1118,N,VIIRS,n,2,305.67,58.69,D,0
40.55572,26.871,367.0,0.4,0.37,2025-09-19,1118,N,VIIRS,h,2,339.04,58.69,D,0
40.55637,26.8758,350.67,0.4,0.37,2025-09-19,1118,N,VIIRS,n,2,319.64,36.46,D,0
40.557,26.8806,353.36,0.4,0.37,2025-09-19,1118,N,VIIRS,n,2,315.92,36.46,D,0
40.55829,26.89017,346.46,0.4,0.37,2025-09-19,1118,N,VIIRS,n,2,306.21,6.57,D,0
40.55909,26.87017,367.0,0.4,0.37,2025-09-19,1118,N,VIIRS,h,2,358.02,783.48,D,0
40.55973,26.87498,367.0,0.4,0.37,2025-09-19,1118,N,VIIRS,h,2,312.57,23.17,D,0
40.56038,26.8798,338.69,0.4,0.37,2025-09-19,1118,N,VIIRS,n,2,301.22,23.17,D,0
40.58424,27.58985,336.28,0.42,0.38,2025-09-19,1118,N,VIIRS,n,2,305.24,7.66,D,0
40.58765,27.58882,344.34,0.42,0.38,2025-09-19,1118,N,VIIRS,n,2,299.21,16.93,D,0
40.75834,26.36637,333.69,0.4,0.37,2025-09-19,1118,N,VIIRS,n,2,301.16,5.41,D,0
40.75898,26.37102,348.63,0.4,0.37,2025-09-19,1118,N,VIIRS,n,2,303.35,5.41,D,0
40.86002,26.24697,332.76,0.39,0.37,2025-09-19,1118,N,VIIRS,n,2,304.1,2.11,D,0
40.92211,26.46891,355.39,0.4,0.37,2025-09-19,1118,N,VIIRS,n,2,309.23,13.69,D,0
40.92546,26.4681,342.13,0.4,0.37,2025-09-19,1118,N,VIIRS,n,2,310.77,15.63,D,0
40.92611,26.47279,367.0,0.4,0.37,2025-09-19,1118,N,VIIRS,h,2,315.26,15.12,D,0
40.92946,26.47198,344.07,0.4,0.37,2025-09-19,1118,N,VIIRS,n,2,311.1,15.12,D,0
40.93011,26.47668,338.51,0.4,0.37,2025-09-19,1118,N,VIIRS,n,2,308.25,15.12,D,0
40.93071,26.47353,347.26,0.4,0.37,2025-09-19,1118,N,VIIRS,n,2,308.51,6.07,D,0
40.93136,26.47823,340.96,0.4,0.37,2025-09-19,1118,N,VIIRS,n,2,307.1,6.07,D,0
40.93471,26.47741,338.46,0.4,0.37,2025-09-19,1118,N,VIIRS,n,2,306.47,6.07,D,0
40.94271,26.48528,336.33,0.4,0.37,2025-09-19,1118,N,VIIRS,n,2,307.67,2.46,D,0
41.15378,27.68737,340.67,0.43,0.38,2025-09-19,1118,N,VIIRS,n,2,304.87,4.47,D,0
41.15442,27.69242,336.43,0.43,0.38,2025-09-19,1118,N,VIIRS,n,2,305.66,4.47,D,0
41.21297,26.91428,337.2,0.41,0.37,2025-09-19,1118,N,VIIRS,n,2,309.31,9.07,D,0
41.21361,26.9191,336.52,0.41,0.37,2025-09-19,1118,N,VIIRS,n,2,309.16,9.07,D,0
41.21637,26.91347,340.65,0.41,0.37,2025-09-19,1118,N,VIIRS,n,2,309.61,9.07,D,0
41.217,26.91827,355.54,0.41,0.37,2025-09-19,1118,N,VIIRS,n,2,314.47,9.07,D,0
41.21764,26.92309,342.37,0.41,0.37,2025-09-19,1118,N,VIIRS,n,2,310.01,13.82,D,0
41.22039,26.91745,340.01,0.41,0.37,2025-09-19,1118,N,VIIRS,n,2,308.73,4.02,D,0
41.22103,26.92226,338.09,0.41,0.37,2025-09-19,1118,N,VIIRS,n,2,309.58,3.16,D,0
41.22442,26.92148,338.55,0.41,0.37,2025-09-19,1118,N,VIIRS,n,2,307.32,3.16,D,0
41.25347,31.41304,333.13,0.4,0.44,2025-09-19,1118,N,VIIRS,n,2,297.66,2.64,D,2
41.26303,31.42612,338.09,0.4,0.44,2025-09-19,1118,N,VIIRS,n,2,299.99,5.77,D,2
41.30175,26.77094,338.01,0.41,0.37,2025-09-19,1118,N,VIIRS,n,2,307.14,4.87,D,0
41.30514,26.77016,344.29,0.41,0.37,2025-09-19,1118,N,VIIRS,n,2,303.8,4.87,D,0
42.19141,26.80659,334.31,0.41,0.37,2025-09-19,1118,N,VIIRS,n,2,303.48,5.65,D,0
35.62741,44.00907,367.0,0.61,0.71,2025-09-19,2156,N,VIIRS,h,2,290.67,13.56,N,2
35.62762,44.00191,355.88,0.62,0.71,2025-09-19,2156,N,VIIRS,n,2,291.04,18.65,N,2
35.6624,43.9618,367.0,0.62,0.71,2025-09-19,2156,N,VIIRS,h,2,292.91,12.66,N,2
35.681,43.87509,346.13,0.63,0.72,2025-09-19,2156,N,VIIRS,n,2,288.02,9.47,N,2
35.68119,43.86781,313.85,0.63,0.72,2025-09-19,2156,N,VIIRS,n,2,288.8,8.31,N,2
35.68526,43.87678,348.42,0.63,0.72,2025-09-19,2156,N,VIIRS,n,2,291.59,23.58,N,2
35.68548,43.86958,367.0,0.63,0.72,2025-09-19,2156,N,VIIRS,h,2,291.94,23.58,N,2
35.68755,43.8828,297.78,0.63,0.72,2025-09-19,2156,N,VIIRS,n,2,287.22,12.12,N,2
35.68774,43.87564,351.33,0.63,0.72,2025-09-19,2156,N,VIIRS,n,2,293.12,12.12,N,2
35.68792,43.86838,356.12,0.63,0.72,2025-09-19,2156,N,VIIRS,n,2,290.08,26.87,N,2
35.72364,44.03629,334.28,0.61,0.71,2025-09-19,2156,N,VIIRS,n,2,289.43,4.27,N,2
35.73053,44.02981,319.81,0.61,0.71,2025-09-19,2156,N,VIIRS,n,2,288.51,4.26,N,2
35.77197,43.99038,323.65,0.62,0.71,2025-09-19,2156,N,VIIRS,n,2,289.07,3.17,N,2
35.77431,43.99148,322.6,0.62,0.71,2025-09-19,2156,N,VIIRS,n,2,288.9,2.02,N,2
35.95251,43.72248,298.32,0.64,0.72,2025-09-19,2156,N,VIIRS,n,2,287.33,0.94,N,2
35.96506,43.76159,313.54,0.64,0.72,2025-09-19,2156,N,VIIRS,n,2,290.16,2.07,N,2
35.97186,43.76144,307.29,0.64,0.72,2025-09-19,2156,N,VIIRS,n,2,290.53,2.07,N,2
35.97846,43.76831,303.19,0.64,0.72,2025-09-19,2156,N,VIIRS,n,2,290.4,2.58,N,2
36.00021,43.75816,305.18,0.64,0.72,2025-09-19,2156,N,VIIRS,n,2,289.5,1.26,N,2
36.01505,43.67979,299.44,0.64,0.72,2025-09-19,2156,N,VIIRS,n,2,286.7,0.87,N,2
36.01577,43.67644,304.91,0.65,0.73,2025-09-19,2156,N,VIIRS,n,2,286.92,1.44,N,2
36.02187,43.68017,301.37,0.64,0.72,2025-09-19,2156,N,VIIRS,n,2,287.94,0.8,N,2
36.09908,43.62665,299.69,0.65,0.73,2025-09-19,2156,N,VIIRS,n,2,285.28,0.46,N,0
36.43927,42.92499,300.18,0.71,0.75,2025-09-19,2156,N,VIIRS,n,2,289.89,1.32,N,2
36.74873,43.49263,299.18,0.67,0.73,2025-09-19,2156,N,VIIRS,n,2,286.76,1.64,N,0
36.77289,43.32042,331.44,0.68,0.74,2025-09-19,2156,N,VIIRS,n,2,286.5,3.67,N,2
36.77395,43.32656,303.89,0.68,0.74,2025-09-19,2156,N,VIIRS,n,2,286.85,4.31,N,2
36.77414,43.31883,340.52,0.68,0.74,2025-09-19,2156,N,VIIRS,n,2,287.56,8.7,N,2
36.77982,43.32254,331.34,0.68,0.74,2025-09-19,2156,N,VIIRS,n,2,288.42,3.67,N,2
36.86487,43.51547,301.37,0.67,0.73,2025-09-19,2156,N,VIIRS,n,2,285.41,0.73,N,0
36.86547,43.48506,302.26,0.67,0.74,2025-09-19,2156,N,VIIRS,n,2,284.9,1.28,N,0
36.86563,43.51776,303.64,0.67,0.73,2025-09-19,2156,N,VIIRS,n,2,285.99,0.98,N,0
36.86639,43.48765,315.41,0.67,0.74,2025-09-19,2156,N,VIIRS,n,2,285.44,3.21,N,2
36.87045,43.59811,297.6,0.66,0.73,2025-09-19,2156,N,VIIRS,n,2,286.32,0.9,N,0
36.87247,43.48066,308.12,0.67,0.74,2025-09-19,2156,N,VIIRS,n,2,285.02,1.47,N,0
36.90225,43.38039,295.66,0.68,0.74,2025-09-19,2156,N,VIIRS,n,2,284.07,2.33,N,0
36.90857,43.41079,295.92,0.68,0.74,2025-09-19,2156,N,VIIRS,n,2,284.09,0.94,N,0
36.90919,43.3812,330.28,0.68,0.74,2025-09-19,2156,N,VIIRS,n,2,284.78,2.33,N,2
36.93571,42.12308,308.63,0.79,0.78,2025-09-19,2156,N,VIIRS,n,2,289.24,1.58,N,2
36.93597,42.12693,311.61,0.79,0.78,2025-09-19,2156,N,VIIRS,n,2,289.62,1.46,N,2
36.94282,42.16928,312.15,0.79,0.78,2025-09-19,2156,N,VIIRS,n,2,289.26,1.68,N,2
36.94294,42.16374,315.03,0.79,0.78,2025-09-19,2156,N,VIIRS,n,2,289.35,3.37,N,0
36.94308,42.12349,301.34,0.79,0.78,2025-09-19,2156,N,VIIRS,n,2,289.24,1.58,N,2
36.94334,42.12727,307.75,0.79,0.78,2025-09-19,2156,N,VIIRS,n,2,289.68,1.46,N,2
36.95046,42.12367,308.65,0.79,0.78,2025-09-19,2156,N,VIIRS,n,2,289.86,1.42,N,0
36.95071,42.12741,306.01,0.79,0.78,2025-09-19,2156,N,VIIRS,n,2,289.21,0.88,N,2
37.07728,42.55313,300.58,0.75,0.77,2025-09-19,2156,N,VIIRS,n,2,289.99,1.41,N,2
37.13572,42.78544,296.99,0.73,0.76,2025-09-19,2156,N,VIIRS,n,2,285.08,0.33,N,0
35.52694,44.3403,341.57,0.59,0.7,2025-09-19,2157,N,VIIRS,n,2,289.92,4.24,N,2
35.52717,44.33338,314.19,0.59,0.7,2025-09-19,2157,N,VIIRS,n,2,288.52,4.24,N,2
35.5335,44.34087,309.06,0.59,0.7,2025-09-19,2157,N,VIIRS,n,2,287.0,2.71,N,2
35.53374,44.33401,333.19,0.59,0.7,2025-09-19,2157,N,VIIRS,n,2,289.64,2.71,N,2
38.65422,39.76815,304.05,0.5,0.41,2025-09-19,2336,N,VIIRS,n,2,285.0,0.74,N,2
38.89094,41.56895,297.82,0.4,0.44,2025-09-19,2336,N,VIIRS,n,2,278.75,0.4,N,2
38.89468,41.5671,296.84,0.4,0.44,2025-09-19,2336,N,VIIRS,n,2,280.63,0.64,N,2
39.94334,33.19197,302.19,0.4,0.37,2025-09-19,2336,N,VIIRS,n,2,280.61,0.86,N,2
39.96075,33.14265,302.14,0.4,0.37,2025-09-19,2336,N,VIIRS,n,2,280.9,0.65,N,2
40.04904,32.64772,299.03,0.41,0.37,2025-09-19,2336,N,VIIRS,n,2,280.46,0.54,N,2
40.24174,29.92692,297.85,0.52,0.41,2025-09-19,2336,N,VIIRS,n,2,284.31,1.06,N,2
40.26252,30.04132,300.64,0.51,0.41,2025-09-19,2336,N,VIIRS,n,2,285.32,0.87,N,2
40.75805,31.78187,299.9,0.44,0.39,2025-09-19,2336,N,VIIRS,n,2,282.82,0.83,N,2
40.9463,31.39783,302.83,0.46,0.39,2025-09-19,2336,N,VIIRS,n,2,283.22,0.97,N,2
40.94723,31.39363,299.55,0.46,0.39,2025-09-19,2336,N,VIIRS,n,2,282.94,0.69,N,2
40.97024,26.49328,300.12,0.51,0.5,2025-09-19,2336,N,VIIRS,n,2,283.35,0.66,N,0
41.02264,28.55683,308.47,0.41,0.45,2025-09-19,2336,N,VIIRS,n,2,287.39,0.86,N,2
41.07515,28.41917,313.23,0.41,0.45,2025-09-19,2336,N,VIIRS,n,2,283.45,1.4,N,0
41.17268,32.63335,299.87,0.42,0.38,2025-09-19,2336,N,VIIRS,n,2,282.82,0.63,N,2
41.17614,32.63412,309.18,0.42,0.38,2025-09-19,2336,N,VIIRS,n,2,286.43,0.85,N,2
41.1796,32.63491,295.32,0.42,0.38,2025-09-19,2336,N,VIIRS,n,2,284.79,0.85,N,2
41.19198,32.6221,295.79,0.42,0.38,2025-09-19,2336,N,VIIRS,n,2,283.06,0.71,N,2
41.25605,31.414,337.52,0.46,0.39,2025-09-19,2336,N,VIIRS,n,2,287.42,5.8,N,2
41.26554,31.42739,302.83,0.46,0.39,2025-09-19,2336,N,VIIRS,n,2,287.91,1.51,N,2
41.26567,31.42342,305.83,0.46,0.39,2025-09-19,2336,N,VIIRS,n,2,289.91,2.95,N,2
41.26622,31.42185,300.08,0.46,0.39,2025-09-19,2336,N,VIIRS,n,2,287.59,1.51,N,2
41.63159,27.68309,299.29,0.45,0.47,2025-09-19,2336,N,VIIRS,n,2,285.1,1.22,N,0
41.63906,32.30614,296.28,0.44,0.38,2025-09-19,2336,N,VIIRS,n,2,285.33,0.56,N,0
35.52538,44.342,352.69,0.33,0.55,2025-09-19,2337,N,VIIRS,n,2,290.76,4.58,N,2
35.52626,44.3385,305.87,0.33,0.55,2025-09-19,2337,N,VIIRS,n,2,288.36,3.21,N,2
35.53034,44.34378,304.3,0.33,0.55,2025-09-19,2337,N,VIIRS,n,2,287.71,0.77,N,2
35.53122,44.34027,338.59,0.33,0.55,2025-09-19,2337,N,VIIRS,n,2,289.44,2.22,N,2
35.53211,44.33673,340.8,0.33,0.55,2025-09-19,2337,N,VIIRS,n,2,290.74,2.22,N,2
35.53708,44.33847,298.58,0.33,0.55,2025-09-19,2337,N,VIIRS,n,2,287.55,2.22,N,2
35.56636,44.32938,309.12,0.33,0.55,2025-09-19,2337,N,VIIRS,n,2,289.89,1.01,N,0
35.56688,44.28392,305.38,0.33,0.55,2025-09-19,2337,N,VIIRS,n,2,287.35,0.44,N,2
35.62916,44.01097,323.17,0.63,0.54,2025-09-19,2337,N,VIIRS,n,2,294.27,21.34,N,2
35.63082,44.00424,338.51,0.63,0.54,2025-09-19,2337,N,VIIRS,n,2,292.28,21.34,N,2
35.66195,43.9635,355.53,0.63,0.54,2025-09-19,2337,N,VIIRS,n,2,292.1,15.92,N,2
35.66197,43.96275,347.11,0.63,0.54,2025-09-19,2337,N,VIIRS,n,2,292.24,14.95,N,2
35.67847,44.06592,303.7,0.63,0.54,2025-09-19,2337,N,VIIRS,n,2,290.65,2.0,N,2
35.68332,43.87604,345.62,0.62,0.54,2025-09-19,2337,N,VIIRS,n,2,291.42,26.45,N,2
35.68388,43.87552,351.16,0.62,0.54,2025-09-19,2337,N,VIIRS,n,2,296.17,17.75,N,2
35.68496,43.86933,298.07,0.62,0.54,2025-09-19,2337,N,VIIRS,n,2,286.89,10.32,N,2
35.68555,43.86884,297.43,0.62,0.54,2025-09-19,2337,N,VIIRS,n,2,286.75,17.75,N,2
35.68814,43.8778,342.26,0.62,0.54,2025-09-19,2337,N,VIIRS,n,2,294.2,12.75,N,2
35.68869,43.87727,341.87,0.62,0.54,2025-09-19,2337,N,VIIRS,n,2,290.22,17.75,N,2
35.71915,43.77164,302.41,0.61,0.53,2025-09-19,2337,N,VIIRS,n,2,292.0,0.92,N,2
35.72282,44.03675,304.19,0.63,0.54,2025-09-19,2337,N,VIIRS,n,2,288.72,1.44,N,2
35.72772,44.03834,333.6,0.63,0.54,2025-09-19,2337,N,VIIRS,n,2,291.0,3.13,N,2
35.72938,44.03161,317.67,0.63,0.54,2025-09-19,2337,N,VIIRS,n,2,288.36,3.13,N,2
35.77018,43.99446,298.75,0.63,0.54,2025-09-19,2337,N,VIIRS,n,2,287.63,2.23,N,2
35.7709,43.9943,312.66,0.62,0.54,2025-09-19,2337,N,VIIRS,n,2,288.31,2.2,N,2
35.77504,43.99609,320.38,0.63,0.54,2025-09-19,2337,N,VIIRS,n,2,289.56,2.23,N,2
35.77577,43.99591,309.19,0.62,0.54,2025-09-19,2337,N,VIIRS,n,2,288.36,1.22,N,2
35.95113,43.7291,306.57,0.6,0.53,2025-09-19,2337,N,VIIRS,n,2,289.43,1.05,N,2
35.95316,43.72937,307.3,0.6,0.53,2025-09-19,2337,N,VIIRS,n,2,289.6,1.48,N,2
35.96418,43.76851,307.25,0.6,0.53,2025-09-19,2337,N,VIIRS,n,2,289.97,2.16,N,2
35.96887,43.77054,318.14,0.6,0.53,2025-09-19,2337,N,VIIRS,n,2,290.48,2.16,N,2
35.97051,43.7639,337.71,0.6,0.53,2025-09-19,2337,N,VIIRS,n,2,292.92,10.05,N,2
35.97989,43.76788,306.67,0.6,0.53,2025-09-19,2337,N,VIIRS,n,2,290.44,2.78,N,2
35.99725,43.76043,305.38,0.6,0.53,2025-09-19,2337,N,VIIRS,n,2,289.25,1.71,N,2
36.01621,43.68301,299.49,0.59,0.53,2025-09-19,2337,N,VIIRS,n,2,286.88,2.27,N,2
36.08344,43.63884,305.11,0.59,0.53,2025-09-19,2337,N,VIIRS,n,2,287.09,0.93,N,0
36.09935,43.63084,301.91,0.59,0.53,2025-09-19,2337,N,VIIRS,n,2,285.92,0.72,N,0
36.1006,43.63133,302.3,0.59,0.53,2025-09-19,2337,N,VIIRS,n,2,286.22,0.97,N,0
36.10993,40.8077,298.98,0.42,0.45,2025-09-19,2337,N,VIIRS,n,2,288.69,0.61,N,0
36.13127,40.80991,298.62,0.42,0.45,2025-09-19,2337,N,VIIRS,n,2,288.61,0.42,N,2
36.14246,40.8186,302.26,0.42,0.45,2025-09-19,2337,N,VIIRS,n,2,288.22,0.59,N,2
36.14344,40.81408,299.16,0.42,0.45,2025-09-19,2337,N,VIIRS,n,2,288.78,0.59,N,2
36.26247,33.72863,302.33,0.38,0.36,2025-09-19,2337,N,VIIRS,n,2,291.79,0.42,N,2
36.44424,42.92786,303.76,0.53,0.5,2025-09-19,2337,N,VIIRS,n,2,290.66,1.47,N,2
36.45627,41.28122,296.65,0.43,0.46,2025-09-19,2337,N,VIIRS,n,2,286.15,0.53,N,2
36.45915,32.19611,315.55,0.4,0.37,2025-09-19,2337,N,VIIRS,n,2,293.23,1.37,N,0
36.46843,32.17968,309.86,0.4,0.37,2025-09-19,2337,N,VIIRS,n,2,292.99,0.91,N,0
36.47115,32.18507,304.48,0.4,0.37,2025-09-19,2337,N,VIIRS,n,2,292.21,1.94,N,0
36.4718,32.18045,337.04,0.4,0.37,2025-09-19,2337,N,VIIRS,n,2,296.54,1.94,N,0
36.48175,32.23286,350.28,0.4,0.37,2025-09-19,2337,N,VIIRS,n,2,300.4,11.72,N,0
36.48238,32.22845,343.12,0.4,0.37,2025-09-19,2337,N,VIIRS,n,2,300.57,11.72,N,0
36.48512,32.23362,352.14,0.4,0.37,2025-09-19,2337,N,VIIRS,n,2,308.56,10.77,N,0
36.48574,32.22919,329.79,0.4,0.37,2025-09-19,2337,N,VIIRS,n,2,297.13,10.77,N,0
36.48721,32.24335,313.79,0.4,0.37,2025-09-19,2337,N,VIIRS,n,2,294.37,9.34,N,0
36.48785,32.23886,353.62,0.4,0.37,2025-09-19,2337,N,VIIRS,n,2,303.21,9.34,N,0
36.48993,32.24861,333.73,0.4,0.37,2025-09-19,2337,N,VIIRS,n,2,298.46,10.33,N,0
36.49057,32.24415,367.0,0.4,0.37,2025-09-19,2337,N,VIIRS,h,2,306.76,8.38,N,0
36.49121,32.23961,318.97,0.4,0.37,2025-09-19,2337,N,VIIRS,n,2,297.59,8.38,N,0
36.49185,32.23516,329.58,0.4,0.37,2025-09-19,2337,N,VIIRS,n,2,294.48,2.7,N,0
36.49329,32.24942,351.91,0.4,0.37,2025-09-19,2337,N,VIIRS,n,2,304.16,10.33,N,0
36.49393,32.24496,318.24,0.4,0.37,2025-09-19,2337,N,VIIRS,n,2,297.24,8.38,N,0
36.49457,32.24042,350.44,0.4,0.37,2025-09-19,2337,N,VIIRS,n,2,301.53,8.38,N,0
36.49521,32.23595,328.38,0.4,0.37,2025-09-19,2337,N,VIIRS,n,2,294.69,2.7,N,0
36.49664,32.25029,324.61,0.4,0.37,2025-09-19,2337,N,VIIRS,n,2,293.42,2.0,N,0
36.49727,32.24585,320.69,0.4,0.37,2025-09-19,2337,N,VIIRS,n,2,296.25,5.05,N,0
36.49792,32.24128,348.28,0.4,0.37,2025-09-19,2337,N,VIIRS,n,2,301.3,5.05,N,0
36.50061,32.24677,331.65,0.4,0.37,2025-09-19,2337,N,VIIRS,n,2,296.46,5.05,N,0
36.50395,32.2477,312.02,0.4,0.37,2025-09-19,2337,N,VIIRS,n,2,292.9,1.01,N,0
36.7178,36.20158,330.85,0.41,0.37,2025-09-19,2337,N,VIIRS,n,2,291.72,4.67,N,2
36.72374,36.20788,310.94,0.41,0.37,2025-09-19,2337,N,VIIRS,n,2,290.57,0.61,N,2
36.73046,36.20974,340.41,0.41,0.37,2025-09-19,2337,N,VIIRS,n,2,296.52,3.05,N,2
36.73383,36.21064,316.21,0.41,0.37,2025-09-19,2337,N,VIIRS,n,2,294.85,3.05,N,2
36.73461,36.20616,308.15,0.41,0.37,2025-09-19,2337,N,VIIRS,n,2,292.45,1.03,N,2
36.73719,36.21154,304.85,0.41,0.37,2025-09-19,2337,N,VIIRS,n,2,294.03,1.02,N,2
36.73798,36.20707,305.88,0.41,0.37,2025-09-19,2337,N,VIIRS,n,2,294.92,1.2,N,2
36.74055,36.21246,318.73,0.41,0.37,2025-09-19,2337,N,VIIRS,n,2,294.49,1.02,N,2
36.74717,43.49921,302.83,0.56,0.51,2025-09-19,2337,N,VIIRS,n,2,288.13,1.35,N,2
36.77499,43.32085,335.25,0.55,0.51,2025-09-19,2337,N,VIIRS,n,2,287.65,6.09,N,2
36.77968,43.32192,329.61,0.55,0.51,2025-09-19,2337,N,VIIRS,n,2,290.93,3.94,N,2
36.80117,37.01848,303.69,0.42,0.38,2025-09-19,2337,N,VIIRS,n,2,290.08,0.92,N,2
36.83141,36.59354,299.16,0.41,0.37,2025-09-19,2337,N,VIIRS,n,2,286.6,0.54,N,0
36.86669,30.96642,305.57,0.44,0.38,2025-09-19,2337,N,VIIRS,n,2,290.63,1.2,N,0
36.86777,43.523,304.42,0.56,0.51,2025-09-19,2337,N,VIIRS,n,2,286.43,1.13,N,0
36.86917,34.76404,312.25,0.39,0.36,2025-09-19,2337,N,VIIRS,n,2,293.44,2.05,N,2
36.87054,43.49052,316.18,0.55,0.51,2025-09-19,2337,N,VIIRS,n,2,287.43,1.99,N,2
36.87309,30.97274,311.26,0.44,0.38,2025-09-19,2337,N,VIIRS,n,2,291.85,1.49,N,0
36.9023,43.83934,298.42,0.58,0.52,2025-09-19,2337,N,VIIRS,n,2,285.01,0.47,N,0
36.90383,43.3926,307.43,0.55,0.51,2025-09-19,2337,N,VIIRS,n,2,284.27,1.51,N,2
36.9053,43.38641,296.35,0.55,0.51,2025-09-19,2337,N,VIIRS,n,2,282.86,1.65,N,2
36.90836,43.39434,310.08,0.55,0.51,2025-09-19,2337,N,VIIRS,n,2,283.96,1.51,N,2
36.90982,43.3882,298.95,0.55,0.51,2025-09-19,2337,N,VIIRS,n,2,283.68,1.65,N,2
36.91511,28.89532,308.61,0.53,0.42,2025-09-19,2337,N,VIIRS,n,2,292.34,1.03,N,0
36.91576,28.88958,315.07,0.53,0.42,2025-09-19,2337,N,VIIRS,n,2,292.61,2.16,N,0
36.91642,28.88368,319.06,0.53,0.42,2025-09-19,2337,N,VIIRS,n,2,293.18,2.16,N,0
36.91895,28.89611,324.04,0.53,0.42,2025-09-19,2337,N,VIIRS,n,2,293.87,2.34,N,0
36.91959,28.89043,317.2,0.53,0.42,2025-09-19,2337,N,VIIRS,n,2,293.04,3.47,N,0
36.92658,28.89815,314.64,0.53,0.42,2025-09-19,2337,N,VIIRS,n,2,292.02,1.23,N,0
36.92728,28.89198,315.72,0.53,0.42,2025-09-19,2337,N,VIIRS,n,2,292.75,3.28,N,0
36.9304,28.89915,311.35,0.53,0.42,2025-09-19,2337,N,VIIRS,n,2,291.43,1.23,N,0
36.93577,42.1198,310.74,0.47,0.48,2025-09-19,2337,N,VIIRS,n,2,290.01,1.47,N,2
36.9377,42.13155,313.0,0.47,0.48,2025-09-19,2337,N,VIIRS,n,2,291.49,1.77,N,2
36.94004,42.12127,331.51,0.47,0.48,2025-09-19,2337,N,VIIRS,n,2,291.09,3.63,N,2
36.94039,28.84593,301.35,0.53,0.42,2025-09-19,2337,N,VIIRS,n,2,290.53,3.31,N,0
36.94119,28.90785,305.6,0.53,0.42,2025-09-19,2337,N,VIIRS,n,2,289.96,2.14,N,0
36.94219,42.17262,321.44,0.47,0.48,2025-09-19,2337,N,VIIRS,n,2,291.36,1.15,N,2
36.9442,28.8471,319.86,0.53,0.42,2025-09-19,2337,N,VIIRS,n,2,292.88,3.31,N,0
36.94493,28.84822,304.02,0.53,0.42,2025-09-19,2337,N,VIIRS,n,2,291.85,2.23,N,0
36.94494,28.84064,329.56,0.53,0.42,2025-09-19,2337,N,VIIRS,n,2,294.35,3.31,N,0
36.94564,28.8417,338.26,0.53,0.42,2025-09-19,2337,N,VIIRS,n,2,294.62,4.16,N,0
36.94675,28.90392,306.95,0.53,0.42,2025-09-19,2337,N,VIIRS,n,2,291.26,1.78,N,0
36.94742,42.12939,333.94,0.47,0.48,2025-09-19,2337,N,VIIRS,n,2,292.36,3.01,N,2
36.94873,28.84189,309.52,0.53,0.42,2025-09-19,2337,N,VIIRS,n,2,291.73,1.79,N,0
36.94944,28.843,306.75,0.53,0.42,2025-09-19,2337,N,VIIRS,n,2,291.24,4.16,N,0
36.95184,28.84919,312.35,0.53,0.42,2025-09-19,2337,N,VIIRS,n,2,290.3,1.79,N,0
36.95253,28.84316,314.66,0.53,0.42,2025-09-19,2337,N,VIIRS,n,2,290.76,1.79,N,0
36.95261,28.8502,308.81,0.53,0.42,2025-09-19,2337,N,VIIRS,n,2,290.54,1.72,N,0
36.95264,28.91082,302.63,0.53,0.42,2025-09-19,2337,N,VIIRS,n,2,289.73,1.73,N,0
36.95321,28.83721,367.0,0.53,0.42,2025-09-19,2337,N,VIIRS,h,2,298.6,20.39,N,0
36.95325,28.84421,316.19,0.53,0.42,2025-09-19,2337,N,VIIRS,n,2,291.55,12.96,N,0
36.95351,30.84955,329.72,0.44,0.38,2025-09-19,2337,N,VIIRS,n,2,292.06,3.56,N,0
36.95374,28.91198,312.8,0.53,0.42,2025-09-19,2337,N,VIIRS,n,2,290.23,6.74,N,0
36.9539,28.8383,367.0,0.53,0.42,2025-09-19,2337,N,VIIRS,h,2,300.99,12.96,N,0
36.95456,28.83227,321.65,0.53,0.42,2025-09-19,2337,N,VIIRS,n,2,291.13,7.18,N,0
36.95503,28.85577,304.49,0.53,0.42,2025-09-19,2337,N,VIIRS,n,2,291.3,3.12,N,0
36.95568,28.8501,319.84,0.53,0.42,2025-09-19,2337,N,VIIRS,n,2,292.09,9.14,N,0
36.95584,28.85667,305.04,0.53,0.42,2025-09-19,2337,N,VIIRS,n,2,291.63,1.72,N,0
36.95633,28.88825,305.21,0.53,0.42,2025-09-19,2337,N,VIIRS,n,2,290.8,6.2,N,0
36.95634,28.84432,332.9,0.53,0.42,2025-09-19,2337,N,VIIRS,n,2,295.96,9.14,N,0
36.95645,28.85108,313.38,0.53,0.42,2025-09-19,2337,N,VIIRS,n,2,291.69,1.72,N,0
36.95701,28.83844,353.0,0.53,0.42,2025-09-19,2337,N,VIIRS,n,2,296.93,6.84,N,0
36.95708,28.84535,331.1,0.53,0.42,2025-09-19,2337,N,VIIRS,n,2,292.88,12.96,N,0
36.95754,28.91311,341.43,0.53,0.42,2025-09-19,2337,N,VIIRS,n,2,295.36,6.74,N,0
36.95771,28.83236,331.31,0.53,0.42,2025-09-19,2337,N,VIIRS,n,2,290.81,6.84,N,0
36.95772,28.83948,348.03,0.53,0.42,2025-09-19,2337,N,VIIRS,n,2,295.25,12.96,N,0
36.95828,28.86182,317.05,0.53,0.42,2025-09-19,2337,N,VIIRS,n,2,292.53,3.12,N,0
36.95838,28.83341,344.87,0.53,0.42,2025-09-19,2337,N,VIIRS,n,2,293.32,7.18,N,0
36.95873,28.90242,306.0,0.53,0.42,2025-09-19,2337,N,VIIRS,n,2,289.31,4.04,N,0
36.9589,28.85641,342.98,0.53,0.42,2025-09-19,2337,N,VIIRS,n,2,293.99,3.12,N,0
36.95911,28.86274,326.26,0.53,0.42,2025-09-19,2337,N,VIIRS,n,2,293.21,3.48,N,0
36.9594,28.89624,313.05,0.53,0.42,2025-09-19,2337,N,VIIRS,n,2,289.31,6.2,N,0
36.95951,28.85098,350.24,0.53,0.42,2025-09-19,2337,N,VIIRS,n,2,298.83,9.14,N,0
36.95971,28.85729,342.31,0.53,0.42,2025-09-19,2337,N,VIIRS,n,2,294.83,12.06,N,0
36.9601,28.88981,349.08,0.53,0.42,2025-09-19,2337,N,VIIRS,n,2,295.89,6.2,N,0
36.96015,28.84544,338.24,0.53,0.42,2025-09-19,2337,N,VIIRS,n,2,292.45,9.14,N,0
36.9603,28.85191,350.16,0.53,0.42,2025-09-19,2337,N,VIIRS,n,2,299.1,12.06,N,0
36.9608,28.88339,307.91,0.53,0.42,2025-09-19,2337,N,VIIRS,n,2,289.81,3.05,N,0
36.96082,28.83961,324.9,0.53,0.42,2025-09-19,2337,N,VIIRS,n,2,290.24,6.84,N,0
36.96091,28.84641,351.43,0.53,0.42,2025-09-19,2337,N,VIIRS,n,2,298.33,11.95,N,0
36.96135,28.91422,343.56,0.53,0.42,2025-09-19,2337,N,VIIRS,n,2,296.59,13.15,N,0
36.96152,28.83343,308.02,0.53,0.42,2025-09-19,2337,N,VIIRS,n,2,287.71,6.84,N,0
36.96154,28.84063,322.95,0.53,0.42,2025-09-19,2337,N,VIIRS,n,2,289.03,11.95,N,0
36.96194,28.90895,347.8,0.53,0.42,2025-09-19,2337,N,VIIRS,n,2,305.82,31.62,N,0
36.96221,28.83451,300.68,0.53,0.42,2025-09-19,2337,N,VIIRS,n,2,287.2,0.43,N,0
36.96252,28.90364,351.7,0.53,0.42,2025-09-19,2337,N,VIIRS,n,2,302.53,31.62,N,0
36.96323,28.89724,320.95,0.53,0.42,2025-09-19,2337,N,VIIRS,n,2,287.85,4.65,N,0
36.96326,42.07997,302.75,0.47,0.47,2025-09-19,2337,N,VIIRS,n,2,291.15,0.48,N,2
36.96391,28.89101,339.09,0.53,0.42,2025-09-19,2337,N,VIIRS,n,2,292.58,4.65,N,0
36.9646,28.88464,325.51,0.53,0.42,2025-09-19,2337,N,VIIRS,n,2,289.36,4.91,N,0
36.96477,28.84717,343.36,0.53,0.42,2025-09-19,2337,N,VIIRS,n,2,290.32,11.95,N,0
36.96576,28.90988,337.06,0.53,0.42,2025-09-19,2337,N,VIIRS,n,2,291.38,31.62,N,0
36.96639,28.90425,319.07,0.53,0.42,2025-09-19,2337,N,VIIRS,n,2,287.7,31.62,N,0
36.97319,36.13048,298.83,0.4,0.37,2025-09-19,2337,N,VIIRS,n,2,288.61,0.44,N,0
37.01057,35.89368,302.48,0.4,0.37,2025-09-19,2337,N,VIIRS,n,2,291.69,0.82,N,0
37.01321,36.10608,325.88,0.4,0.37,2025-09-19,2337,N,VIIRS,n,2,291.77,2.67,N,2
37.13334,40.92833,300.18,0.4,0.45,2025-09-19,2337,N,VIIRS,n,2,289.72,0.42,N,0
37.14978,40.87159,317.23,0.4,0.44,2025-09-19,2337,N,VIIRS,n,2,290.77,1.2,N,0
37.2213,40.75614,302.11,0.39,0.44,2025-09-19,2337,N,VIIRS,n,2,289.02,0.54,N,0
37.25267,30.44447,302.75,0.46,0.39,2025-09-19,2337,N,VIIRS,n,2,287.12,0.6,N,2
37.27668,38.73001,300.16,0.48,0.4,2025-09-19,2337,N,VIIRS,n,2,287.56,0.98,N,2
37.29048,35.84684,301.62,0.4,0.37,2025-09-19,2337,N,VIIRS,n,2,291.32,0.51,N,0
37.29428,37.15882,308.7,0.42,0.38,2025-09-19,2337,N,VIIRS,n,2,288.82,1.27,N,2
37.2951,37.15432,303.57,0.42,0.38,2025-09-19,2337,N,VIIRS,n,2,288.17,1.01,N,2
37.29575,35.71453,313.3,0.39,0.36,2025-09-19,2337,N,VIIRS,n,2,289.54,1.39,N,0
37.33868,40.80161,308.4,0.39,0.44,2025-09-19,2337,N,VIIRS,n,2,289.84,1.13,N,2
37.3516,37.1605,305.27,0.42,0.38,2025-09-19,2337,N,VIIRS,n,2,289.84,1.0,N,2
37.37107,40.30785,295.33,0.56,0.43,2025-09-19,2337,N,VIIRS,n,2,284.06,0.38,N,0
37.57778,37.91271,298.07,0.44,0.39,2025-09-19,2337,N,VIIRS,n,2,287.82,0.74,N,0
37.58189,27.39968,299.61,0.42,0.45,2025-09-19,2337,N,VIIRS,n,2,289.31,0.49,N,0
37.59463,38.03873,326.59,0.45,0.39,2025-09-19,2337,N,VIIRS,n,2,285.9,2.35,N,0
37.60508,31.52809,325.42,0.43,0.38,2025-09-19,2337,N,VIIRS,n,2,286.06,3.51,N,0
37.86215,29.37114,305.81,0.51,0.41,2025-09-19,2337,N,VIIRS,n,2,287.85,1.37,N,2
37.86404,29.37116,301.74,0.51,0.41,2025-09-19,2337,N,VIIRS,n,2,287.18,1.56,N,2
37.89338,40.55793,315.23,0.56,0.43,2025-09-19,2337,N,VIIRS,n,2,283.47,2.39,N,0
37.89474,40.55159,313.89,0.56,0.43,2025-09-19,2337,N,VIIRS,n,2,284.18,2.39,N,0
37.89496,40.55702,327.83,0.56,0.43,2025-09-19,2337,N,VIIRS,n,2,284.09,2.72,N,0
37.89629,40.55065,325.99,0.56,0.43,2025-09-19,2337,N,VIIRS,n,2,284.59,4.54,N,0
37.89725,40.55925,312.18,0.56,0.43,2025-09-19,2337,N,VIIRS,n,2,282.93,2.58,N,0
37.8986,40.55296,325.44,0.56,0.43,2025-09-19,2337,N,VIIRS,n,2,284.16,2.58,N,0
37.89883,40.5583,308.93,0.56,0.43,2025-09-19,2337,N,VIIRS,n,2,283.27,2.72,N,0
37.95978,41.70262,298.61,0.42,0.46,2025-09-19,2337,N,VIIRS,n,2,287.75,0.65,N,2
38.22149,41.08178,310.61,0.39,0.44,2025-09-19,2337,N,VIIRS,n,2,284.66,5.09,N,0
38.22244,41.0773,354.77,0.39,0.44,2025-09-19,2337,N,VIIRS,n,2,289.96,5.09,N,0
38.27798,39.74244,297.37,0.51,0.41,2025-09-19,2337,N,VIIRS,n,2,285.68,0.66,N,2
38.41714,29.44157,313.8,0.52,0.41,2025-09-19,2337,N,VIIRS,n,2,283.87,1.76,N,0
38.42869,27.21579,308.4,0.44,0.46,2025-09-19,2337,N,VIIRS,n,2,290.43,1.41,N,2
38.45473,38.72686,303.6,0.46,0.39,2025-09-19,2337,N,VIIRS,n,2,287.15,0.88,N,2
38.6581,30.6187,298.67,0.47,0.39,2025-09-19,2337,N,VIIRS,n,2,282.16,0.93,N,2
38.66348,39.23183,299.36,0.48,0.4,2025-09-19,2337,N,VIIRS,n,2,284.47,0.79,N,2
38.73596,26.94591,311.5,0.46,0.47,2025-09-19,2337,N,VIIRS,n,2,291.18,1.7,N,2
38.73645,26.9453,315.03,0.46,0.47,2025-09-19,2337,N,VIIRS,n,2,292.03,2.32,N,2
38.73734,26.92977,303.81,0.46,0.47,2025-09-19,2337,N,VIIRS,n,2,289.23,0.99,N,2
38.73794,26.92919,311.1,0.46,0.47,2025-09-19,2337,N,VIIRS,n,2,290.08,1.68,N,2
38.74173,26.93038,304.63,0.46,0.47,2025-09-19,2337,N,VIIRS,n,2,288.77,0.99,N,2
39.09148,27.51198,303.61,0.43,0.46,2025-09-19,2337,N,VIIRS,n,2,286.91,1.08,N,0
39.11236,27.51968,300.21,0.43,0.46,2025-09-19,2337,N,VIIRS,n,2,286.94,0.93,N,2
39.11458,27.52127,307.66,0.43,0.46,2025-09-19,2337,N,VIIRS,n,2,288.48,1.63,N,2
39.11657,27.52082,301.08,0.43,0.46,2025-09-19,2337,N,VIIRS,n,2,287.62,1.05,N,0
39.16901,27.63198,301.39,0.43,0.46,2025-09-19,2337,N,VIIRS,n,2,287.36,0.65,N,2
39.59652,32.4206,301.1,0.42,0.37,2025-09-19,2337,N,VIIRS,n,2,282.33,1.09,N,2
39.86349,26.24127,296.27,0.51,0.5,2025-09-19,2337,N,VIIRS,n,2,286.13,0.53,N,2
39.86654,26.24125,313.03,0.51,0.5,2025-09-19,2337,N,VIIRS,n,2,288.42,2.14,N,2
39.86811,26.2418,305.85,0.51,0.5,2025-09-19,2337,N,VIIRS,n,2,286.95,1.15,N,2
