latitude,longitude,bright_ti4,scan,track,acq_date,acq_time,satellite,instrument,confidence,version,bright_ti5,frp,daynight,type
41.17512,32.63333,316.37,0.32,0.54,2025-08-16,31,N,VIIRS,n,2,293.2,1.72,N,2
41.24247,36.4669,319.81,0.49,0.65,2025-08-16,31,N,VIIRS,n,2,290.16,3.29,N,2
41.25246,31.4119,299.61,0.55,0.51,2025-08-16,31,N,VIIRS,n,2,288.93,1.15,N,2
41.25692,31.41417,307.2,0.55,0.51,2025-08-16,31,N,VIIRS,n,2,289.12,1.15,N,2
41.25828,31.42889,300.42,0.55,0.51,2025-08-16,31,N,VIIRS,n,2,290.38,1.63,N,2
41.26439,31.42454,306.23,0.55,0.51,2025-08-16,31,N,VIIRS,n,2,293.75,1.63,N,2
36.71808,36.20075,308.33,0.63,0.72,2025-08-16,32,N,VIIRS,n,2,294.57,4.17,N,2
38.03846,29.18485,344.61,0.51,0.49,2025-08-16,32,N,VIIRS,n,2,290.32,13.24,N,0
38.38215,30.77244,303.98,0.61,0.53,2025-08-16,32,N,VIIRS,n,2,289.28,1.99,N,0
38.38371,30.76625,307.53,0.6,0.53,2025-08-16,32,N,VIIRS,n,2,285.33,2.0,N,0
38.3868,30.77467,306.16,0.61,0.53,2025-08-16,32,N,VIIRS,n,2,290.86,1.99,N,0
38.38842,30.76823,308.17,0.6,0.53,2025-08-16,32,N,VIIRS,n,2,288.39,2.0,N,0
38.39148,30.77679,310.31,0.61,0.53,2025-08-16,32,N,VIIRS,n,2,290.83,1.67,N,0
38.3964,28.9957,302.98,0.49,0.49,2025-08-16,32,N,VIIRS,n,2,288.79,0.45,N,0
38.40395,30.78942,298.88,0.61,0.53,2025-08-16,32,N,VIIRS,n,2,286.36,0.65,N,0
38.42491,27.21733,306.91,0.4,0.44,2025-08-16,32,N,VIIRS,n,2,292.81,1.31,N,2
38.43813,33.87991,307.17,0.43,0.62,2025-08-16,32,N,VIIRS,n,2,288.45,0.61,N,0
38.65871,30.62103,300.7,0.59,0.53,2025-08-16,32,N,VIIRS,n,2,287.7,1.13,N,2
38.73854,26.94622,298.51,0.38,0.43,2025-08-16,32,N,VIIRS,n,2,286.85,0.45,N,2
38.74356,26.96196,306.23,0.38,0.43,2025-08-16,32,N,VIIRS,n,2,292.56,0.64,N,2
39.10121,27.51558,307.86,0.4,0.44,2025-08-16,32,N,VIIRS,n,2,291.89,1.21,N,0
39.11194,27.52112,301.75,0.4,0.44,2025-08-16,32,N,VIIRS,n,2,290.89,0.79,N,2
39.11599,27.52218,303.42,0.4,0.44,2025-08-16,32,N,VIIRS,n,2,291.26,0.79,N,0
39.16954,27.63064,303.09,0.4,0.45,2025-08-16,32,N,VIIRS,n,2,291.98,0.98,N,2
39.48442,30.04113,300.07,0.52,0.5,2025-08-16,32,N,VIIRS,n,2,287.81,1.25,N,2
39.86765,26.24206,308.27,0.51,0.41,2025-08-16,32,N,VIIRS,n,2,293.49,1.31,N,2
40.63508,29.61303,329.95,0.47,0.48,2025-08-16,32,N,VIIRS,n,2,292.81,2.17,N,0
40.63743,29.6031,305.44,0.47,0.47,2025-08-16,32,N,VIIRS,n,2,291.19,1.28,N,0
40.63936,29.61451,302.25,0.47,0.48,2025-08-16,32,N,VIIRS,n,2,290.24,2.17,N,0
40.64295,29.63857,305.44,0.47,0.48,2025-08-16,32,N,VIIRS,n,2,290.41,1.2,N,0
40.65138,29.64212,305.49,0.47,0.48,2025-08-16,32,N,VIIRS,n,2,289.56,1.03,N,0
40.74817,29.76509,302.53,0.47,0.48,2025-08-16,32,N,VIIRS,n,2,292.47,1.46,N,2
40.7552,31.78027,295.7,0.59,0.53,2025-08-16,32,N,VIIRS,n,2,285.68,1.32,N,0
40.75699,31.78216,296.99,0.59,0.53,2025-08-16,32,N,VIIRS,n,2,286.37,1.29,N,2
40.75798,29.763,304.88,0.47,0.48,2025-08-16,32,N,VIIRS,n,2,292.62,0.94,N,2
41.02203,28.55385,309.51,0.41,0.45,2025-08-16,32,N,VIIRS,n,2,293.43,1.68,N,2
41.79781,26.70051,304.97,0.49,0.41,2025-08-16,32,N,VIIRS,n,2,290.76,0.7,N,2
36.10578,32.74546,310.77,0.44,0.62,2025-08-16,33,N,VIIRS,n,2,295.23,1.17,N,0
36.11108,32.74851,306.82,0.44,0.62,2025-08-16,33,N,VIIRS,n,2,295.59,1.14,N,0
36.25834,33.71453,308.21,0.49,0.65,2025-08-16,33,N,VIIRS,n,2,293.6,1.67,N,0
36.26577,33.71103,306.78,0.49,0.65,2025-08-16,33,N,VIIRS,n,2,293.61,1.3,N,0
36.27165,33.713,314.67,0.49,0.65,2025-08-16,33,N,VIIRS,n,2,294.52,1.3,N,0
36.53887,32.68541,308.06,0.42,0.61,2025-08-16,33,N,VIIRS,n,2,291.39,1.49,N,0
36.542,32.69608,320.42,0.43,0.62,2025-08-16,33,N,VIIRS,n,2,293.86,2.36,N,0
36.54324,32.69158,314.98,0.42,0.61,2025-08-16,33,N,VIIRS,n,2,292.09,2.36,N,0
36.54436,32.68747,301.1,0.42,0.61,2025-08-16,33,N,VIIRS,n,2,290.98,1.49,N,0
36.6745,31.70198,308.85,0.37,0.58,2025-08-16,33,N,VIIRS,n,2,294.35,1.22,N,0
38.35265,26.52571,305.45,0.56,0.43,2025-08-16,33,N,VIIRS,n,2,293.82,1.58,N,0
38.35649,26.52709,338.09,0.56,0.43,2025-08-16,33,N,VIIRS,n,2,308.61,39.81,N,0
38.35782,26.5208,312.6,0.56,0.43,2025-08-16,33,N,VIIRS,n,2,294.39,39.81,N,0
38.36031,26.52852,346.81,0.56,0.43,2025-08-16,33,N,VIIRS,n,2,313.67,39.81,N,0
38.36164,26.52226,325.47,0.56,0.43,2025-08-16,33,N,VIIRS,n,2,295.13,39.81,N,0
38.36414,26.52997,332.32,0.56,0.43,2025-08-16,33,N,VIIRS,n,2,325.04,48.27,N,0
38.36546,26.52375,332.03,0.56,0.43,2025-08-16,33,N,VIIRS,n,2,295.18,48.27,N,0
38.36796,26.53142,339.67,0.56,0.43,2025-08-16,33,N,VIIRS,n,2,305.7,48.27,N,0
38.3718,26.53285,336.37,0.56,0.43,2025-08-16,33,N,VIIRS,n,2,297.44,3.96,N,0
38.37562,26.53428,308.75,0.56,0.43,2025-08-16,33,N,VIIRS,n,2,295.06,3.96,N,0
35.62828,44.00883,367.0,0.4,0.37,2025-08-16,1012,N,VIIRS,h,2,343.22,12.46,D,2
35.68325,43.87688,367.0,0.4,0.37,2025-08-16,1012,N,VIIRS,h,2,345.72,19.97,D,2
35.63151,36.25195,343.33,0.39,0.44,2025-08-16,1013,N,VIIRS,n,2,312.55,3.91,D,0
35.89064,35.95198,340.63,0.4,0.44,2025-08-16,1013,N,VIIRS,n,2,303.63,6.76,D,0
36.71744,36.20293,347.17,0.56,0.43,2025-08-16,1013,N,VIIRS,n,2,306.99,11.31,D,2
36.92282,43.36633,356.13,0.39,0.36,2025-08-16,1013,N,VIIRS,n,2,321.54,11.73,D,0
36.92617,43.36567,353.81,0.39,0.36,2025-08-16,1013,N,VIIRS,n,2,319.12,19.71,D,0
36.94498,43.47516,347.99,0.39,0.37,2025-08-16,1013,N,VIIRS,n,2,320.62,6.4,D,0
37.13389,43.96056,351.38,0.4,0.37,2025-08-16,1013,N,VIIRS,n,2,320.24,11.09,D,0
37.1355,43.19493,367.0,0.39,0.36,2025-08-16,1013,N,VIIRS,h,2,329.96,17.11,D,0
37.13726,43.9598,352.09,0.4,0.37,2025-08-16,1013,N,VIIRS,n,2,317.89,12.58,D,0
37.13942,43.19835,367.0,0.39,0.36,2025-08-16,1013,N,VIIRS,h,2,354.3,34.3,D,0
37.14137,43.61196,340.93,0.4,0.37,2025-08-16,1013,N,VIIRS,n,2,315.39,4.25,D,0
37.14273,43.19755,344.79,0.39,0.36,2025-08-16,1013,N,VIIRS,n,2,317.36,34.3,D,0
37.14289,40.24014,350.21,0.4,0.37,2025-08-16,1013,N,VIIRS,n,2,321.8,14.15,D,0
37.32204,35.80921,345.69,0.57,0.43,2025-08-16,1013,N,VIIRS,n,2,303.86,5.49,D,0
37.32463,35.80167,334.11,0.57,0.43,2025-08-16,1013,N,VIIRS,n,2,301.37,1.49,D,0
40.12762,44.38297,340.83,0.44,0.38,2025-08-16,1013,N,VIIRS,n,2,310.25,2.2,D,0
38.38513,30.76857,341.67,0.32,0.55,2025-08-16,1014,N,VIIRS,n,2,308.55,2.22,D,0
38.38605,30.77229,355.7,0.32,0.55,2025-08-16,1014,N,VIIRS,n,2,322.24,6.28,D,0
38.38699,30.77601,367.0,0.32,0.55,2025-08-16,1014,N,VIIRS,h,2,321.3,6.28,D,0
38.39041,30.77312,353.59,0.32,0.55,2025-08-16,1014,N,VIIRS,n,2,312.5,5.01,D,0
38.39134,30.77674,339.03,0.32,0.55,2025-08-16,1014,N,VIIRS,n,2,310.54,4.46,D,0
38.39177,30.77372,334.87,0.32,0.55,2025-08-16,1014,N,VIIRS,n,2,308.41,6.28,D,0
38.58212,27.63225,342.65,0.46,0.63,2025-08-16,1014,N,VIIRS,n,2,301.19,4.52,D,0
38.58358,27.63734,333.89,0.46,0.63,2025-08-16,1014,N,VIIRS,n,2,301.97,4.52,D,0
38.67678,31.12909,339.58,0.61,0.53,2025-08-16,1014,N,VIIRS,n,2,309.55,9.61,D,0
38.67846,31.13585,344.47,0.6,0.53,2025-08-16,1014,N,VIIRS,n,2,315.63,10.68,D,0
39.00418,34.60375,348.48,0.4,0.44,2025-08-16,1014,N,VIIRS,n,2,314.04,9.96,D,0
39.35361,33.87251,343.12,0.43,0.46,2025-08-16,1014,N,VIIRS,n,2,309.48,3.38,D,0
39.35378,33.8744,345.87,0.43,0.46,2025-08-16,1014,N,VIIRS,n,2,308.91,4.13,D,0
39.74041,32.20938,343.67,0.5,0.49,2025-08-16,1014,N,VIIRS,n,2,313.52,4.93,D,0
40.67543,26.79835,367.0,0.44,0.62,2025-08-16,1014,N,VIIRS,h,2,302.85,13.13,D,0
40.67624,26.80004,367.0,0.44,0.62,2025-08-16,1014,N,VIIRS,h,2,300.77,19.17,D,0
41.01888,27.98585,330.94,0.38,0.59,2025-08-16,1014,N,VIIRS,n,2,299.96,1.88,D,0
41.02062,27.98566,333.38,0.38,0.58,2025-08-16,1014,N,VIIRS,n,2,300.35,1.51,D,0
42.26134,26.68073,330.36,0.4,0.6,2025-08-16,1015,N,VIIRS,n,2,303.61,2.46,D,0
42.26392,26.6687,351.47,0.4,0.6,2025-08-16,1015,N,VIIRS,n,2,300.08,18.5,D,0
42.26527,26.67341,355.96,0.4,0.6,2025-08-16,1015,N,VIIRS,n,2,310.18,18.5,D,0
42.26662,26.67809,367.0,0.4,0.6,2025-08-16,1015,N,VIIRS,h,2,307.58,21.2,D,0
42.26797,26.68282,367.0,0.4,0.6,2025-08-16,1015,N,VIIRS,h,2,305.46,21.2,D,0
42.26935,26.68761,352.69,0.4,0.6,2025-08-16,1015,N,VIIRS,n,2,307.58,7.05,D,0
42.27073,26.69242,339.85,0.4,0.6,2025-08-16,1015,N,VIIRS,n,2,304.66,7.05,D,0
38.38377,30.77191,367.0,0.54,0.68,2025-08-16,1154,N,VIIRS,h,2,316.92,14.31,D,0
38.39012,30.77222,367.0,0.54,0.68,2025-08-16,1154,N,VIIRS,h,2,309.65,14.31,D,0
38.3903,30.77835,367.0,0.54,0.68,2025-08-16,1154,N,VIIRS,h,2,314.06,14.31,D,0
38.67836,31.12503,350.82,0.57,0.69,2025-08-16,1154,N,VIIRS,n,2,311.6,14.28,D,0
38.67856,31.13176,367.0,0.57,0.69,2025-08-16,1154,N,VIIRS,h,2,314.4,14.28,D,0
38.67875,31.12363,342.03,0.57,0.69,2025-08-16,1154,N,VIIRS,n,2,310.56,16.58,D,0
38.67891,31.13037,367.0,0.57,0.69,2025-08-16,1154,N,VIIRS,h,2,314.44,13.49,D,0
38.67907,31.13712,337.64,0.57,0.69,2025-08-16,1154,N,VIIRS,n,2,309.95,13.49,D,0
39.34929,33.86137,350.58,0.8,0.78,2025-08-16,1154,N,VIIRS,n,2,304.66,19.78,D,0
40.83846,32.48386,351.22,0.68,0.74,2025-08-16,1155,N,VIIRS,n,2,305.19,7.95,D,0
40.84358,32.48219,367.0,0.68,0.74,2025-08-16,1155,N,VIIRS,h,2,307.23,24.79,D,0
40.84541,32.48289,367.0,0.68,0.74,2025-08-16,1155,N,VIIRS,h,2,306.58,18.17,D,0
40.96535,30.10483,335.84,0.51,0.66,2025-08-16,1155,N,VIIRS,n,2,298.59,8.74,D,0
41.43959,27.25162,367.0,0.37,0.58,2025-08-16,1155,N,VIIRS,h,2,304.85,8.25,D,0
41.44131,27.25058,367.0,0.37,0.58,2025-08-16,1155,N,VIIRS,h,2,305.77,15.13,D,0
41.445,27.25131,367.0,0.37,0.58,2025-08-16,1155,N,VIIRS,h,2,302.5,8.25,D,0
42.25688,26.64854,332.41,0.35,0.57,2025-08-16,1155,N,VIIRS,n,2,304.43,5.47,D,0
42.25735,26.6572,345.1,0.35,0.57,2025-08-16,1155,N,VIIRS,n,2,306.76,5.93,D,0
42.25759,26.6615,345.49,0.35,0.57,2025-08-16,1155,N,VIIRS,n,2,307.26,5.93,D,0
42.26126,26.64875,367.0,0.35,0.57,2025-08-16,1155,N,VIIRS,h,2,306.33,8.9,D,0
42.26147,26.65312,348.67,0.35,0.57,2025-08-16,1155,N,VIIRS,n,2,305.39,8.9,D,0
42.26168,26.65744,347.47,0.35,0.57,2025-08-16,1155,N,VIIRS,n,2,305.18,9.15,D,0
42.26189,26.66174,367.0,0.35,0.57,2025-08-16,1155,N,VIIRS,h,2,307.22,9.15,D,0
42.2621,26.66599,367.0,0.35,0.57,2025-08-16,1155,N,VIIRS,h,2,309.47,7.65,D,0
42.26216,26.64805,367.0,0.35,0.57,2025-08-16,1155,N,VIIRS,h,2,304.9,5.47,D,0
42.26231,26.67022,334.14,0.35,0.57,2025-08-16,1155,N,VIIRS,n,2,304.46,7.65,D,0
42.2624,26.65241,367.0,0.35,0.57,2025-08-16,1155,N,VIIRS,h,2,305.4,5.47,D,0
42.26287,26.66102,354.81,0.35,0.57,2025-08-16,1155,N,VIIRS,n,2,306.13,5.93,D,0
42.2631,26.66525,367.0,0.35,0.57,2025-08-16,1155,N,VIIRS,h,2,308.49,8.52,D,0
42.26333,26.66947,343.69,0.35,0.57,2025-08-16,1155,N,VIIRS,n,2,304.84,8.52,D,0
39.18084,36.29514,300.82,0.53,0.67,2025-08-16,2232,N,VIIRS,n,2,284.08,0.96,N,0
39.18105,36.28844,295.23,0.53,0.67,2025-08-16,2232,N,VIIRS,n,2,284.59,0.96,N,0
39.30103,35.46198,312.79,0.59,0.7,2025-08-16,2232,N,VIIRS,n,2,282.43,1.34,N,0
39.30758,35.46265,297.75,0.59,0.7,2025-08-16,2232,N,VIIRS,n,2,283.24,1.34,N,0
39.58535,43.89941,302.6,0.42,0.45,2025-08-16,2232,N,VIIRS,n,2,287.07,0.5,N,0
40.16937,44.37712,302.16,0.41,0.45,2025-08-16,2232,N,VIIRS,n,2,289.0,0.28,N,0
40.229,44.38506,311.14,0.41,0.45,2025-08-16,2232,N,VIIRS,n,2,287.79,0.7,N,0
40.93621,33.08476,323.58,0.79,0.78,2025-08-16,2232,N,VIIRS,n,2,286.03,5.44,N,0
40.93699,33.08614,347.32,0.79,0.78,2025-08-16,2232,N,VIIRS,n,2,285.9,9.06,N,0
40.94357,33.08668,346.2,0.79,0.78,2025-08-16,2232,N,VIIRS,n,2,287.69,10.93,N,0
41.24457,36.45958,318.59,0.53,0.67,2025-08-16,2232,N,VIIRS,n,2,291.37,3.58,N,2
42.12428,43.01363,310.4,0.5,0.49,2025-08-16,2232,N,VIIRS,n,2,289.81,1.56,N,2
35.52467,44.34356,337.49,0.54,0.42,2025-08-16,2233,N,VIIRS,n,2,297.65,8.74,N,2
35.52856,44.34425,331.17,0.54,0.42,2025-08-16,2233,N,VIIRS,n,2,297.14,5.49,N,2
35.52924,44.3382,344.07,0.54,0.42,2025-08-16,2233,N,VIIRS,n,2,298.2,5.49,N,2
35.53313,44.33891,335.94,0.54,0.42,2025-08-16,2233,N,VIIRS,n,2,297.96,5.49,N,2
35.62586,44.01104,317.27,0.56,0.43,2025-08-16,2233,N,VIIRS,n,2,297.58,2.24,N,2
35.62657,44.00476,308.03,0.56,0.43,2025-08-16,2233,N,VIIRS,n,2,297.25,2.24,N,2
35.62793,44.0118,317.22,0.56,0.43,2025-08-16,2233,N,VIIRS,n,2,300.42,13.51,N,2
35.6286,44.00551,332.87,0.56,0.43,2025-08-16,2233,N,VIIRS,n,2,306.34,29.52,N,2
35.63258,44.00612,314.16,0.56,0.43,2025-08-16,2233,N,VIIRS,n,2,297.17,1.3,N,2
35.66108,43.96642,332.66,0.57,0.43,2025-08-16,2233,N,VIIRS,n,2,304.15,13.67,N,2
35.67872,44.06458,317.25,0.56,0.43,2025-08-16,2233,N,VIIRS,n,2,298.8,3.16,N,2
35.68253,43.87984,308.09,0.57,0.43,2025-08-16,2233,N,VIIRS,n,2,294.11,5.21,N,2
35.68321,43.87349,332.54,0.57,0.43,2025-08-16,2233,N,VIIRS,n,2,297.28,14.59,N,2
35.68653,43.88051,315.85,0.57,0.43,2025-08-16,2233,N,VIIRS,n,2,297.17,10.12,N,2
35.68721,43.87418,334.27,0.57,0.43,2025-08-16,2233,N,VIIRS,n,2,310.73,35.13,N,2
35.72329,44.04193,331.28,0.56,0.43,2025-08-16,2233,N,VIIRS,n,2,299.81,9.04,N,2
35.72567,44.04127,340.95,0.56,0.43,2025-08-16,2233,N,VIIRS,n,2,299.97,7.33,N,2
35.72725,44.04266,313.71,0.56,0.43,2025-08-16,2233,N,VIIRS,n,2,296.65,2.58,N,2
35.72858,44.03008,329.61,0.56,0.43,2025-08-16,2233,N,VIIRS,n,2,297.15,3.62,N,2
35.73033,44.03575,320.17,0.56,0.43,2025-08-16,2233,N,VIIRS,n,2,297.23,2.48,N,2
35.73104,44.02943,308.29,0.56,0.43,2025-08-16,2233,N,VIIRS,n,2,295.6,2.48,N,2
35.77297,43.99307,330.97,0.57,0.43,2025-08-16,2233,N,VIIRS,n,2,299.94,7.36,N,2
35.95344,43.7278,314.25,0.39,0.44,2025-08-16,2233,N,VIIRS,n,2,297.46,1.77,N,2
35.96999,43.76372,310.6,0.39,0.44,2025-08-16,2233,N,VIIRS,n,2,300.17,3.36,N,2
35.98168,43.76969,323.1,0.39,0.44,2025-08-16,2233,N,VIIRS,n,2,301.58,3.5,N,2
35.99921,43.75912,311.65,0.39,0.44,2025-08-16,2233,N,VIIRS,n,2,299.42,2.06,N,2
36.01957,43.68221,321.93,0.39,0.44,2025-08-16,2233,N,VIIRS,n,2,298.2,1.66,N,2
36.08211,43.63794,306.1,0.4,0.44,2025-08-16,2233,N,VIIRS,n,2,292.77,0.99,N,0
36.08528,43.64074,304.42,0.4,0.44,2025-08-16,2233,N,VIIRS,n,2,293.5,1.09,N,0
36.09885,43.62937,319.43,0.4,0.44,2025-08-16,2233,N,VIIRS,n,2,293.41,1.46,N,0
36.14256,40.81555,317.19,0.56,0.52,2025-08-16,2233,N,VIIRS,n,2,298.06,2.06,N,2
36.14292,40.81548,316.81,0.56,0.52,2025-08-16,2233,N,VIIRS,n,2,297.85,2.74,N,2
36.26204,33.72362,305.65,0.7,0.75,2025-08-16,2233,N,VIIRS,n,2,293.18,2.05,N,2
36.26398,33.72595,310.25,0.7,0.75,2025-08-16,2233,N,VIIRS,n,2,293.73,2.51,N,2
36.34978,42.07405,314.64,0.48,0.48,2025-08-16,2233,N,VIIRS,n,2,303.41,3.63,N,2
36.3518,42.07496,313.04,0.48,0.48,2025-08-16,2233,N,VIIRS,n,2,302.98,1.52,N,2
36.69231,43.52945,304.41,0.41,0.45,2025-08-16,2233,N,VIIRS,n,2,292.25,0.38,N,0
36.72996,43.2817,310.27,0.42,0.45,2025-08-16,2233,N,VIIRS,n,2,297.12,1.46,N,2
36.74757,43.49961,312.14,0.41,0.45,2025-08-16,2233,N,VIIRS,n,2,297.78,1.38,N,2
36.77707,43.32733,319.48,0.42,0.45,2025-08-16,2233,N,VIIRS,n,2,301.67,4.01,N,2
36.77755,43.32241,339.05,0.42,0.45,2025-08-16,2233,N,VIIRS,n,2,300.77,6.19,N,2
36.86758,43.48938,331.93,0.41,0.45,2025-08-16,2233,N,VIIRS,n,2,297.16,2.58,N,2
36.86804,43.48472,306.46,0.41,0.45,2025-08-16,2233,N,VIIRS,n,2,295.86,2.58,N,2
36.86909,43.51669,309.86,0.41,0.45,2025-08-16,2233,N,VIIRS,n,2,296.02,1.5,N,0
36.87032,34.75779,302.61,0.62,0.71,2025-08-16,2233,N,VIIRS,n,2,291.88,1.91,N,2
36.91625,41.89515,305.36,0.5,0.49,2025-08-16,2233,N,VIIRS,n,2,292.51,0.71,N,2
36.92198,43.36625,316.4,0.42,0.45,2025-08-16,2233,N,VIIRS,n,2,295.32,3.24,N,0
36.92534,43.375,308.98,0.42,0.45,2025-08-16,2233,N,VIIRS,n,2,294.63,1.52,N,0
36.92579,43.37053,309.9,0.42,0.45,2025-08-16,2233,N,VIIRS,n,2,296.3,1.52,N,0
36.92957,43.37512,310.54,0.42,0.45,2025-08-16,2233,N,VIIRS,n,2,295.42,2.65,N,0
36.93002,43.3706,321.99,0.42,0.45,2025-08-16,2233,N,VIIRS,n,2,295.23,2.65,N,0
36.93045,43.36631,344.68,0.42,0.45,2025-08-16,2233,N,VIIRS,n,2,301.35,8.44,N,0
36.93423,43.37085,322.05,0.42,0.45,2025-08-16,2233,N,VIIRS,n,2,294.57,2.65,N,0
36.93467,43.36646,352.08,0.42,0.45,2025-08-16,2233,N,VIIRS,n,2,306.93,8.44,N,0
36.93671,42.13165,318.87,0.49,0.48,2025-08-16,2233,N,VIIRS,n,2,296.85,2.25,N,2
36.94223,42.17109,318.32,0.48,0.48,2025-08-16,2233,N,VIIRS,n,2,297.4,1.85,N,2
36.94566,42.13292,326.06,0.49,0.48,2025-08-16,2233,N,VIIRS,n,2,297.35,2.3,N,2
36.94616,42.12743,308.61,0.49,0.48,2025-08-16,2233,N,VIIRS,n,2,296.95,2.3,N,2
37.0122,36.10624,308.06,0.52,0.67,2025-08-16,2233,N,VIIRS,n,2,291.6,1.7,N,2
37.01225,41.58522,304.67,0.52,0.5,2025-08-16,2233,N,VIIRS,n,2,293.31,0.62,N,2
37.01242,36.10042,312.36,0.52,0.67,2025-08-16,2233,N,VIIRS,n,2,291.74,1.7,N,0
37.01619,36.10109,312.68,0.52,0.67,2025-08-16,2233,N,VIIRS,n,2,291.66,1.98,N,2
37.05612,42.13314,309.0,0.49,0.48,2025-08-16,2233,N,VIIRS,n,2,295.59,1.28,N,2
37.11782,43.94276,320.64,0.39,0.44,2025-08-16,2233,N,VIIRS,n,2,293.62,2.52,N,0
37.11787,43.94385,308.96,0.39,0.44,2025-08-16,2233,N,VIIRS,n,2,293.71,2.03,N,0
37.11825,43.93853,316.95,0.39,0.44,2025-08-16,2233,N,VIIRS,n,2,293.34,2.11,N,0
37.11832,43.93966,330.68,0.39,0.44,2025-08-16,2233,N,VIIRS,n,2,294.27,2.74,N,0
37.11948,43.96747,325.08,0.39,0.44,2025-08-16,2233,N,VIIRS,n,2,296.27,1.8,N,0
37.11958,43.96635,319.32,0.39,0.44,2025-08-16,2233,N,VIIRS,n,2,296.34,3.47,N,0
37.11996,43.96298,306.78,0.39,0.44,2025-08-16,2233,N,VIIRS,n,2,296.21,1.8,N,0
37.12312,43.97208,324.04,0.39,0.44,2025-08-16,2233,N,VIIRS,n,2,294.3,1.55,N,0
37.12354,43.96798,307.33,0.39,0.44,2025-08-16,2233,N,VIIRS,n,2,293.84,1.67,N,0
37.12712,43.97323,315.64,0.39,0.44,2025-08-16,2233,N,VIIRS,n,2,294.56,1.55,N,0
37.12753,43.96925,307.63,0.39,0.44,2025-08-16,2233,N,VIIRS,n,2,294.42,1.67,N,0
37.13362,43.20758,345.88,0.43,0.46,2025-08-16,2233,N,VIIRS,n,2,298.89,2.51,N,0
37.13414,43.20216,314.33,0.43,0.46,2025-08-16,2233,N,VIIRS,n,2,296.66,2.51,N,0
37.13768,43.2099,310.4,0.43,0.46,2025-08-16,2233,N,VIIRS,n,2,295.56,2.51,N,0
37.13822,43.20433,317.33,0.43,0.46,2025-08-16,2233,N,VIIRS,n,2,297.87,2.51,N,0
37.14289,43.20032,306.28,0.43,0.46,2025-08-16,2233,N,VIIRS,n,2,294.76,1.22,N,0
37.14342,43.19481,308.11,0.43,0.46,2025-08-16,2233,N,VIIRS,n,2,295.49,1.22,N,0
37.1445,43.96429,305.58,0.39,0.44,2025-08-16,2233,N,VIIRS,n,2,292.07,0.87,N,0
37.14674,43.98271,306.79,0.39,0.44,2025-08-16,2233,N,VIIRS,n,2,293.83,0.95,N,0
37.1476,43.19595,315.17,0.43,0.46,2025-08-16,2233,N,VIIRS,n,2,294.39,1.22,N,0
37.14816,43.19025,306.82,0.43,0.46,2025-08-16,2233,N,VIIRS,n,2,293.03,2.51,N,0
37.15156,43.97583,334.29,0.39,0.44,2025-08-16,2233,N,VIIRS,n,2,293.07,4.1,N,0
37.15245,43.96711,305.07,0.39,0.44,2025-08-16,2233,N,VIIRS,n,2,291.76,0.99,N,0
37.15562,43.97641,304.35,0.39,0.44,2025-08-16,2233,N,VIIRS,n,2,291.66,0.82,N,0
37.15604,43.97226,315.49,0.39,0.44,2025-08-16,2233,N,VIIRS,n,2,291.46,0.82,N,0
37.15875,38.70816,317.86,0.38,0.59,2025-08-16,2233,N,VIIRS,n,2,295.65,1.55,N,0
37.16815,40.60651,302.9,0.59,0.53,2025-08-16,2233,N,VIIRS,n,2,292.89,1.04,N,0
37.27858,38.72923,308.08,0.38,0.59,2025-08-16,2233,N,VIIRS,n,2,296.93,0.63,N,2
37.29451,37.15777,303.84,0.46,0.64,2025-08-16,2233,N,VIIRS,n,2,293.52,1.39,N,2
41.239,36.46755,300.65,0.57,0.52,2025-08-17,12,N,VIIRS,n,2,289.86,1.49,N,2
41.24067,36.46093,322.33,0.57,0.52,2025-08-17,12,N,VIIRS,n,2,290.46,3.15,N,2
41.24358,36.46962,301.22,0.57,0.52,2025-08-17,12,N,VIIRS,n,2,290.8,1.49,N,2
41.24524,36.46303,318.23,0.57,0.52,2025-08-17,12,N,VIIRS,n,2,292.42,3.15,N,2
36.14306,40.81817,309.05,0.65,0.73,2025-08-17,13,N,VIIRS,n,2,293.12,1.56,N,2
36.91383,41.89582,300.53,0.7,0.75,2025-08-17,13,N,VIIRS,n,2,289.53,0.72,N,2
36.9141,41.89332,303.64,0.7,0.75,2025-08-17,13,N,VIIRS,n,2,289.76,0.74,N,2
36.93624,42.13247,318.01,0.71,0.75,2025-08-17,13,N,VIIRS,n,2,291.7,3.86,N,2
36.93643,42.13006,319.12,0.71,0.75,2025-08-17,13,N,VIIRS,n,2,292.34,3.03,N,2
36.93922,42.17108,321.04,0.72,0.75,2025-08-17,13,N,VIIRS,n,2,291.18,3.09,N,2
36.93929,42.16842,318.73,0.72,0.75,2025-08-17,13,N,VIIRS,n,2,291.22,2.6,N,2
36.9453,42.1279,319.48,0.71,0.75,2025-08-17,13,N,VIIRS,n,2,293.59,5.71,N,2
36.94553,42.1255,309.22,0.71,0.75,2025-08-17,13,N,VIIRS,n,2,293.3,4.03,N,2
36.94584,42.17175,311.78,0.72,0.75,2025-08-17,13,N,VIIRS,n,2,291.97,1.66,N,2
36.9667,42.08345,300.69,0.71,0.75,2025-08-17,13,N,VIIRS,n,2,289.81,0.73,N,2
37.01138,41.58363,301.9,0.67,0.73,2025-08-17,13,N,VIIRS,n,2,291.06,1.01,N,2
37.01321,41.58221,302.3,0.67,0.73,2025-08-17,13,N,VIIRS,n,2,291.97,0.81,N,2
37.20772,36.88498,306.83,0.38,0.59,2025-08-17,13,N,VIIRS,n,2,293.01,0.47,N,0
37.29365,37.15628,309.57,0.39,0.59,2025-08-17,13,N,VIIRS,n,2,295.37,1.2,N,2
37.67825,38.86604,327.29,0.47,0.64,2025-08-17,13,N,VIIRS,n,2,293.91,3.57,N,0
38.45499,38.72719,304.85,0.44,0.62,2025-08-17,13,N,VIIRS,n,2,292.83,1.19,N,2
38.65893,30.61543,302.06,0.52,0.41,2025-08-17,13,N,VIIRS,n,2,290.05,1.87,N,2
39.48462,30.04362,299.77,0.47,0.4,2025-08-17,13,N,VIIRS,n,2,286.79,1.34,N,2
39.7464,30.19723,299.07,0.48,0.4,2025-08-17,13,N,VIIRS,n,2,288.3,0.99,N,2
39.90097,28.87173,300.77,0.43,0.38,2025-08-17,13,N,VIIRS,n,2,286.86,0.63,N,0
40.00044,33.60474,298.45,0.44,0.46,2025-08-17,13,N,VIIRS,n,2,280.79,0.7,N,0
40.24363,29.92614,298.98,0.46,0.39,2025-08-17,13,N,VIIRS,n,2,288.92,1.01,N,2
40.25999,30.04181,301.79,0.46,0.39,2025-08-17,13,N,VIIRS,n,2,289.87,0.74,N,2
40.29257,26.32954,314.77,0.38,0.36,2025-08-17,13,N,VIIRS,n,2,291.23,1.34,N,0
40.29479,26.35822,326.99,0.38,0.36,2025-08-17,13,N,VIIRS,n,2,291.2,2.64,N,0
40.29513,26.33491,310.65,0.38,0.36,2025-08-17,13,N,VIIRS,n,2,291.65,2.18,N,0
40.29585,26.33043,324.19,0.38,0.36,2025-08-17,13,N,VIIRS,n,2,292.23,2.28,N,0
40.29807,26.35912,313.83,0.38,0.36,2025-08-17,13,N,VIIRS,n,2,293.08,1.44,N,0
40.2981,26.40129,320.26,0.39,0.36,2025-08-17,13,N,VIIRS,n,2,292.27,0.89,N,0
40.29841,26.3358,335.69,0.38,0.36,2025-08-17,13,N,VIIRS,n,2,293.16,2.18,N,0
40.29848,26.42011,304.19,0.39,0.36,2025-08-17,13,N,VIIRS,n,2,290.72,1.18,N,0
40.2988,26.35463,305.54,0.38,0.36,2025-08-17,13,N,VIIRS,n,2,292.09,1.44,N,0
40.29921,26.41562,306.85,0.39,0.36,2025-08-17,13,N,VIIRS,n,2,290.36,1.01,N,0
40.29952,26.35014,303.44,0.38,0.36,2025-08-17,13,N,VIIRS,n,2,291.73,0.87,N,0
40.29958,26.43444,307.73,0.39,0.36,2025-08-17,13,N,VIIRS,n,2,290.35,2.67,N,0
40.2999,26.36901,304.26,0.38,0.36,2025-08-17,13,N,VIIRS,n,2,285.78,1.06,N,0
40.29993,26.41114,313.37,0.39,0.36,2025-08-17,13,N,VIIRS,n,2,289.54,1.01,N,0
40.30025,26.34566,304.22,0.38,0.36,2025-08-17,13,N,VIIRS,n,2,291.95,0.87,N,0
40.3003,26.42997,311.8,0.39,0.36,2025-08-17,13,N,VIIRS,n,2,290.85,2.67,N,0
40.30062,26.36452,315.56,0.38,0.36,2025-08-17,13,N,VIIRS,n,2,292.85,1.06,N,0
40.30066,26.40666,302.61,0.39,0.36,2025-08-17,13,N,VIIRS,n,2,287.6,0.89,N,0
40.30103,26.42549,321.73,0.39,0.36,2025-08-17,13,N,VIIRS,n,2,291.06,34.49,N,0
40.30138,26.40219,305.88,0.39,0.36,2025-08-17,13,N,VIIRS,n,2,290.51,0.89,N,0
40.30176,26.421,339.99,0.39,0.36,2025-08-17,13,N,VIIRS,n,2,288.3,34.49,N,0
40.30245,26.3744,304.75,0.38,0.36,2025-08-17,13,N,VIIRS,n,2,289.73,1.26,N,0
40.30249,26.41652,327.13,0.39,0.36,2025-08-17,13,N,VIIRS,n,2,289.02,2.2,N,0
40.30281,26.35104,303.01,0.38,0.36,2025-08-17,13,N,VIIRS,n,2,291.58,0.87,N,0
40.30286,26.43534,311.61,0.39,0.36,2025-08-17,13,N,VIIRS,n,2,290.47,2.67,N,0
40.30318,26.36991,305.52,0.38,0.36,2025-08-17,13,N,VIIRS,n,2,284.75,0.68,N,0
40.30322,26.41204,313.43,0.39,0.36,2025-08-17,13,N,VIIRS,n,2,291.21,2.2,N,0
40.30353,26.34656,321.8,0.38,0.36,2025-08-17,13,N,VIIRS,n,2,293.11,0.87,N,0
40.30359,26.43087,346.67,0.39,0.36,2025-08-17,13,N,VIIRS,n,2,291.62,2.67,N,0
40.30391,26.36542,307.72,0.38,0.36,2025-08-17,13,N,VIIRS,n,2,290.61,0.68,N,0
40.30431,26.42639,338.66,0.39,0.36,2025-08-17,13,N,VIIRS,n,2,297.57,34.49,N,0
40.30463,26.36093,304.18,0.38,0.36,2025-08-17,13,N,VIIRS,n,2,291.62,1.7,N,0
40.30466,26.4031,321.94,0.39,0.36,2025-08-17,13,N,VIIRS,n,2,289.84,3.98,N,0
40.30504,26.4219,347.87,0.39,0.36,2025-08-17,13,N,VIIRS,n,2,302.31,34.49,N,0
40.30536,26.35644,307.36,0.38,0.36,2025-08-17,13,N,VIIRS,n,2,291.88,1.7,N,0
40.30574,26.3753,319.68,0.38,0.36,2025-08-17,13,N,VIIRS,n,2,289.6,1.26,N,0
40.30577,26.41742,335.38,0.39,0.36,2025-08-17,13,N,VIIRS,n,2,290.85,2.2,N,0
40.30609,26.35195,329.47,0.38,0.36,2025-08-17,13,N,VIIRS,n,2,292.01,1.49,N,0
40.30614,26.43624,317.44,0.39,0.36,2025-08-17,13,N,VIIRS,n,2,291.51,62.52,N,0
40.30647,26.37081,307.83,0.38,0.36,2025-08-17,13,N,VIIRS,n,2,283.13,0.68,N,0
40.3065,26.41295,309.49,0.39,0.36,2025-08-17,13,N,VIIRS,n,2,290.97,2.2,N,0
40.30681,26.34747,316.79,0.38,0.36,2025-08-17,13,N,VIIRS,n,2,291.01,1.49,N,0
40.30687,26.43177,367.0,0.39,0.36,2025-08-17,13,N,VIIRS,h,2,342.08,62.52,N,0
40.30719,26.36632,303.54,0.38,0.36,2025-08-17,13,N,VIIRS,n,2,291.04,0.68,N,0
40.30722,26.40848,333.34,0.39,0.36,2025-08-17,13,N,VIIRS,n,2,293.33,3.98,N,0
40.3076,26.4273,367.0,0.39,0.36,2025-08-17,13,N,VIIRS,h,2,362.95,86.78,N,0
40.30792,26.36183,338.24,0.38,0.36,2025-08-17,13,N,VIIRS,n,2,293.75,1.7,N,0
40.30795,26.40401,346.68,0.39,0.36,2025-08-17,13,N,VIIRS,n,2,293.34,3.98,N,0
40.30798,26.44606,312.0,0.39,0.36,2025-08-17,13,N,VIIRS,n,2,289.12,2.72,N,0
40.30832,26.42281,340.74,0.39,0.36,2025-08-17,13,N,VIIRS,n,2,315.8,86.78,N,0
40.30864,26.35734,319.24,0.38,0.36,2025-08-17,13,N,VIIRS,n,2,291.58,1.7,N,0
40.30871,26.4416,334.57,0.39,0.36,2025-08-17,13,N,VIIRS,n,2,288.65,2.72,N,0
40.30902,26.37619,308.2,0.38,0.36,2025-08-17,13,N,VIIRS,n,2,287.1,0.82,N,0
40.30905,26.41833,311.3,0.39,0.36,2025-08-17,13,N,VIIRS,n,2,291.7,7.51,N,0
40.30937,26.35286,304.63,0.38,0.36,2025-08-17,13,N,VIIRS,n,2,290.31,1.49,N,0
40.30943,26.43714,344.56,0.39,0.36,2025-08-17,13,N,VIIRS,n,2,292.55,62.52,N,0
40.30975,26.3717,304.4,0.38,0.36,2025-08-17,13,N,VIIRS,n,2,286.16,1.45,N,0
40.30978,26.41387,322.84,0.39,0.36,2025-08-17,13,N,VIIRS,n,2,292.12,7.51,N,0
40.31015,26.43267,354.42,0.39,0.36,2025-08-17,13,N,VIIRS,n,2,310.98,62.52,N,0
40.31047,26.36722,334.93,0.38,0.36,2025-08-17,13,N,VIIRS,n,2,289.74,1.45,N,0
40.3105,26.4094,318.25,0.39,0.36,2025-08-17,13,N,VIIRS,n,2,290.46,0.7,N,0
40.31088,26.4282,341.81,0.39,0.36,2025-08-17,13,N,VIIRS,n,2,295.28,86.78,N,0
40.3112,26.36274,315.18,0.38,0.36,2025-08-17,13,N,VIIRS,n,2,290.71,2.49,N,0
40.31123,26.40492,304.96,0.39,0.36,2025-08-17,13,N,VIIRS,n,2,288.76,0.7,N,0
40.31126,26.44695,313.27,0.39,0.36,2025-08-17,13,N,VIIRS,n,2,287.29,3.4,N,0
40.31158,26.38159,305.77,0.39,0.36,2025-08-17,13,N,VIIRS,n,2,290.64,0.82,N,0
40.31161,26.42373,312.7,0.39,0.36,2025-08-17,13,N,VIIRS,n,2,291.63,86.78,N,0
40.31199,26.44249,342.38,0.39,0.36,2025-08-17,13,N,VIIRS,n,2,293.42,3.4,N,0
40.31233,26.41925,342.16,0.39,0.36,2025-08-17,13,N,VIIRS,n,2,296.45,7.51,N,0
40.31271,26.43804,351.07,0.39,0.36,2025-08-17,13,N,VIIRS,n,2,296.2,4.5,N,0
40.31303,26.37261,308.58,0.38,0.36,2025-08-17,13,N,VIIRS,n,2,288.99,1.45,N,0
40.31305,26.41478,338.87,0.39,0.36,2025-08-17,13,N,VIIRS,n,2,294.65,7.51,N,0
40.31344,26.43357,339.09,0.39,0.36,2025-08-17,13,N,VIIRS,n,2,293.92,4.5,N,0
40.31378,26.41031,309.06,0.39,0.36,2025-08-17,13,N,VIIRS,n,2,289.49,0.7,N,0
40.31416,26.4291,335.67,0.39,0.36,2025-08-17,13,N,VIIRS,n,2,293.0,2.09,N,0
40.31451,26.40583,303.46,0.39,0.36,2025-08-17,13,N,VIIRS,n,2,289.08,0.7,N,0
40.31454,26.44786,305.55,0.39,0.36,2025-08-17,13,N,VIIRS,n,2,287.04,3.4,N,0
40.31486,26.3825,308.31,0.39,0.36,2025-08-17,13,N,VIIRS,n,2,290.51,0.73,N,0
40.31489,26.42463,315.6,0.39,0.36,2025-08-17,13,N,VIIRS,n,2,291.07,2.09,N,0
40.31527,26.44339,324.75,0.39,0.36,2025-08-17,13,N,VIIRS,n,2,290.05,3.4,N,0
40.31558,26.37801,305.69,0.38,0.36,2025-08-17,13,N,VIIRS,n,2,290.47,0.73,N,0
40.31562,26.42016,307.2,0.39,0.36,2025-08-17,13,N,VIIRS,n,2,290.59,0.94,N,0
40.31599,26.43895,313.59,0.39,0.36,2025-08-17,13,N,VIIRS,n,2,291.54,4.5,N,0
40.31633,26.41569,307.29,0.39,0.36,2025-08-17,13,N,VIIRS,n,2,290.0,0.94,N,0
40.31672,26.43449,307.58,0.39,0.36,2025-08-17,13,N,VIIRS,n,2,291.66,4.5,N,0
40.31706,26.41121,309.61,0.39,0.36,2025-08-17,13,N,VIIRS,n,2,289.16,0.68,N,0
40.31744,26.43002,318.58,0.39,0.36,2025-08-17,13,N,VIIRS,n,2,292.28,2.09,N,0
40.31779,26.40674,304.52,0.39,0.36,2025-08-17,13,N,VIIRS,n,2,288.98,0.68,N,0
40.31817,26.42555,309.35,0.39,0.36,2025-08-17,13,N,VIIRS,n,2,290.05,2.09,N,0
40.31855,26.44431,306.8,0.39,0.36,2025-08-17,13,N,VIIRS,n,2,290.69,1.76,N,0
40.31927,26.43986,306.52,0.39,0.36,2025-08-17,13,N,VIIRS,n,2,291.73,0.99,N,0
40.31962,26.41659,312.38,0.39,0.36,2025-08-17,13,N,VIIRS,n,2,288.92,0.94,N,0
40.32035,26.41211,303.97,0.39,0.36,2025-08-17,13,N,VIIRS,n,2,289.28,0.68,N,0
40.32217,26.42197,304.32,0.39,0.36,2025-08-17,13,N,VIIRS,n,2,289.44,0.88,N,0
40.3222,26.46412,302.56,0.39,0.36,2025-08-17,13,N,VIIRS,n,2,286.94,1.65,N,0
40.32256,26.44077,305.36,0.39,0.36,2025-08-17,13,N,VIIRS,n,2,291.31,0.99,N,0
40.32293,26.45962,302.96,0.39,0.36,2025-08-17,13,N,VIIRS,n,2,286.72,0.99,N,0
40.32547,26.46504,331.04,0.39,0.36,2025-08-17,13,N,VIIRS,n,2,290.87,1.65,N,0
40.32621,26.46054,312.98,0.39,0.36,2025-08-17,13,N,VIIRS,n,2,288.45,0.99,N,0
40.32729,26.47496,313.18,0.39,0.36,2025-08-17,13,N,VIIRS,n,2,290.0,8.81,N,0
40.32803,26.47047,315.63,0.39,0.36,2025-08-17,13,N,VIIRS,n,2,287.87,3.62,N,0
40.3284,26.4893,304.96,0.39,0.36,2025-08-17,13,N,VIIRS,n,2,287.54,0.79,N,0
40.32875,26.46597,336.63,0.39,0.36,2025-08-17,13,N,VIIRS,n,2,291.58,3.62,N,0
40.32912,26.48483,304.29,0.39,0.36,2025-08-17,13,N,VIIRS,n,2,288.38,0.79,N,0
40.32949,26.46147,308.86,0.39,0.36,2025-08-17,13,N,VIIRS,n,2,288.55,1.01,N,0
40.32985,26.48035,307.23,0.39,0.36,2025-08-17,13,N,VIIRS,n,2,290.46,8.81,N,0
40.33022,26.45697,303.62,0.39,0.36,2025-08-17,13,N,VIIRS,n,2,289.43,1.01,N,0
40.33058,26.47587,342.34,0.39,0.36,2025-08-17,13,N,VIIRS,n,2,301.61,8.81,N,0
40.33091,26.41037,334.22,0.39,0.36,2025-08-17,13,N,VIIRS,n,2,292.51,1.86,N,0
40.33094,26.4947,306.28,0.39,0.36,2025-08-17,13,N,VIIRS,n,2,288.76,0.66,N,0
40.33131,26.47138,324.72,0.39,0.36,2025-08-17,13,N,VIIRS,n,2,291.59,3.62,N,0
40.33168,26.49021,319.61,0.39,0.36,2025-08-17,13,N,VIIRS,n,2,288.2,13.14,N,0
40.33204,26.46689,306.87,0.39,0.36,2025-08-17,13,N,VIIRS,n,2,291.06,3.62,N,0
40.33241,26.48573,336.35,0.39,0.36,2025-08-17,13,N,VIIRS,n,2,288.34,13.14,N,0
40.33313,26.48126,338.79,0.39,0.36,2025-08-17,13,N,VIIRS,n,2,290.15,12.28,N,0
40.33347,26.41576,320.59,0.39,0.36,2025-08-17,13,N,VIIRS,n,2,291.83,1.86,N,0
40.3335,26.45788,309.47,0.39,0.36,2025-08-17,13,N,VIIRS,n,2,291.44,1.01,N,0
40.3335,26.50011,301.14,0.39,0.36,2025-08-17,13,N,VIIRS,n,2,288.72,0.66,N,0
40.33386,26.47678,335.96,0.39,0.36,2025-08-17,13,N,VIIRS,n,2,293.9,12.28,N,0
40.33419,26.41128,304.53,0.39,0.36,2025-08-17,13,N,VIIRS,n,2,290.66,1.86,N,0
40.33422,26.45338,312.69,0.39,0.36,2025-08-17,13,N,VIIRS,n,2,291.7,1.39,N,0
40.33423,26.49561,308.36,0.39,0.36,2025-08-17,13,N,VIIRS,n,2,289.54,0.66,N,0
40.33459,26.47229,313.73,0.39,0.36,2025-08-17,13,N,VIIRS,n,2,290.86,1.47,N,0
40.33496,26.49113,342.04,0.39,0.36,2025-08-17,13,N,VIIRS,n,2,287.89,13.14,N,0
40.33569,26.48664,337.08,0.39,0.36,2025-08-17,13,N,VIIRS,n,2,295.79,13.14,N,0
40.33603,26.42115,347.52,0.39,0.36,2025-08-17,13,N,VIIRS,n,2,295.21,5.27,N,0
40.33641,26.48216,356.42,0.39,0.36,2025-08-17,13,N,VIIRS,n,2,298.27,12.28,N,0
40.33675,26.41667,309.97,0.39,0.36,2025-08-17,13,N,VIIRS,n,2,291.07,1.93,N,0
40.33713,26.43548,307.94,0.39,0.36,2025-08-17,13,N,VIIRS,n,2,291.11,2.75,N,0
40.33714,26.47768,336.69,0.39,0.36,2025-08-17,13,N,VIIRS,n,2,289.92,12.28,N,0
40.33751,26.49652,318.12,0.39,0.36,2025-08-17,13,N,VIIRS,n,2,289.85,1.81,N,0
40.33785,26.43102,344.73,0.39,0.36,2025-08-17,13,N,VIIRS,n,2,294.54,2.75,N,0
40.33787,26.4732,306.79,0.39,0.36,2025-08-17,13,N,VIIRS,n,2,290.13,1.47,N,0
40.33824,26.49203,350.34,0.39,0.36,2025-08-17,13,N,VIIRS,n,2,290.08,30.19,N,0
40.33858,26.42654,343.39,0.39,0.36,2025-08-17,13,N,VIIRS,n,2,295.0,5.27,N,0
40.33897,26.48755,327.93,0.39,0.36,2025-08-17,13,N,VIIRS,n,2,322.42,30.19,N,0
40.33931,26.42207,336.91,0.39,0.36,2025-08-17,13,N,VIIRS,n,2,293.37,5.27,N,0
40.33969,26.44086,304.62,0.39,0.36,2025-08-17,13,N,VIIRS,n,2,291.46,1.31,N,0
40.3397,26.48307,344.92,0.39,0.36,2025-08-17,13,N,VIIRS,n,2,302.54,10.7,N,0
40.34041,26.4364,354.1,0.39,0.36,2025-08-17,13,N,VIIRS,n,2,298.04,5.15,N,0
40.34043,26.47859,304.29,0.39,0.36,2025-08-17,13,N,VIIRS,n,2,290.16,10.7,N,0
40.34079,26.49743,319.17,0.39,0.36,2025-08-17,13,N,VIIRS,n,2,289.33,1.81,N,0
40.34114,26.43193,320.55,0.39,0.36,2025-08-17,13,N,VIIRS,n,2,291.05,5.15,N,0
40.34116,26.47411,302.6,0.39,0.36,2025-08-17,13,N,VIIRS,n,2,289.61,0.73,N,0
40.34153,26.49293,347.02,0.39,0.36,2025-08-17,13,N,VIIRS,n,2,302.33,30.19,N,0
40.34225,26.48845,355.7,0.39,0.36,2025-08-17,13,N,VIIRS,n,2,308.35,30.19,N,0
40.34297,26.44178,315.28,0.39,0.36,2025-08-17,13,N,VIIRS,n,2,291.91,1.31,N,0
40.34298,26.48397,317.4,0.39,0.36,2025-08-17,13,N,VIIRS,n,2,290.63,10.7,N,0
40.34369,26.43731,320.83,0.39,0.36,2025-08-17,13,N,VIIRS,n,2,291.69,5.15,N,0
40.34481,26.49383,328.65,0.39,0.36,2025-08-17,13,N,VIIRS,n,2,293.35,1.43,N,0
40.34554,26.48934,312.32,0.39,0.36,2025-08-17,13,N,VIIRS,n,2,290.41,1.43,N,0
40.34662,26.46152,329.16,0.39,0.36,2025-08-17,13,N,VIIRS,n,2,292.51,2.79,N,0
40.34662,26.50377,327.96,0.39,0.36,2025-08-17,13,N,VIIRS,n,2,291.76,3.32,N,0
40.34735,26.45702,340.81,0.39,0.36,2025-08-17,13,N,VIIRS,n,2,293.01,4.69,N,0
40.34808,26.45253,318.74,0.39,0.36,2025-08-17,13,N,VIIRS,n,2,292.67,4.69,N,0
40.34809,26.49475,302.29,0.39,0.36,2025-08-17,13,N,VIIRS,n,2,289.98,1.43,N,0
40.34845,26.47142,306.57,0.39,0.36,2025-08-17,13,N,VIIRS,n,2,290.36,1.08,N,0
40.34852,26.50722,313.91,0.39,0.36,2025-08-17,13,N,VIIRS,n,2,290.86,1.17,N,0
40.3488,26.44805,341.01,0.39,0.36,2025-08-17,13,N,VIIRS,n,2,299.71,21.43,N,0
40.34918,26.46692,324.74,0.39,0.36,2025-08-17,13,N,VIIRS,n,2,293.03,3.01,N,0
40.34926,26.50271,320.66,0.39,0.36,2025-08-17,13,N,VIIRS,n,2,291.56,1.6,N,0
40.34991,26.46242,332.98,0.39,0.36,2025-08-17,13,N,VIIRS,n,2,292.51,3.01,N,0
40.75644,29.75981,306.01,0.44,0.39,2025-08-17,13,N,VIIRS,n,2,291.41,1.41,N,2
40.75652,31.78546,300.87,0.53,0.42,2025-08-17,13,N,VIIRS,n,2,287.66,0.94,N,2
40.75844,29.35952,302.51,0.43,0.38,2025-08-17,13,N,VIIRS,n,2,292.09,0.71,N,2
40.76406,32.2179,298.85,0.55,0.43,2025-08-17,13,N,VIIRS,n,2,284.92,0.92,N,2
40.76684,29.52884,306.74,0.44,0.38,2025-08-17,13,N,VIIRS,n,2,293.28,1.41,N,2
40.93837,33.0846,310.6,0.4,0.44,2025-08-17,13,N,VIIRS,n,2,285.88,1.5,N,0
40.94241,33.08578,321.72,0.4,0.44,2025-08-17,13,N,VIIRS,n,2,288.1,1.5,N,0
41.01549,27.95991,313.98,0.4,0.37,2025-08-17,13,N,VIIRS,n,2,291.18,1.33,N,2
41.01951,28.55773,306.35,0.41,0.37,2025-08-17,13,N,VIIRS,n,2,292.45,0.99,N,2
41.02039,28.55291,311.04,0.41,0.37,2025-08-17,13,N,VIIRS,n,2,292.62,0.99,N,2
41.17266,32.63265,301.12,0.57,0.43,2025-08-17,13,N,VIIRS,n,2,290.19,1.12,N,2
41.17458,32.63305,306.74,0.57,0.43,2025-08-17,13,N,VIIRS,n,2,291.47,2.48,N,2
41.17651,32.63418,303.56,0.57,0.43,2025-08-17,13,N,VIIRS,n,2,292.41,1.12,N,2
41.25565,31.41462,331.53,0.5,0.41,2025-08-17,13,N,VIIRS,n,2,290.72,3.76,N,2
41.25574,31.4334,300.88,0.5,0.41,2025-08-17,13,N,VIIRS,n,2,290.17,1.44,N,2
41.26178,31.42312,300.76,0.5,0.41,2025-08-17,13,N,VIIRS,n,2,290.62,0.99,N,2
41.26545,31.42443,326.25,0.5,0.41,2025-08-17,13,N,VIIRS,n,2,292.77,3.5,N,2
41.63058,27.68729,307.89,0.39,0.36,2025-08-17,13,N,VIIRS,n,2,290.57,0.78,N,2
41.79676,26.70009,309.05,0.38,0.36,2025-08-17,13,N,VIIRS,n,2,289.17,0.87,N,2
35.6679,39.89761,310.44,0.6,0.7,2025-08-17,14,N,VIIRS,n,2,293.64,1.99,N,0
36.25819,33.71686,311.37,0.55,0.51,2025-08-17,14,N,VIIRS,n,2,294.35,2.47,N,0
36.26113,33.71779,306.46,0.55,0.51,2025-08-17,14,N,VIIRS,n,2,294.28,1.76,N,0
36.26282,33.73168,306.82,0.55,0.51,2025-08-17,14,N,VIIRS,n,2,295.3,1.57,N,2
36.26716,33.71311,316.01,0.55,0.51,2025-08-17,14,N,VIIRS,n,2,294.35,2.57,N,0
36.26883,33.71382,316.86,0.55,0.51,2025-08-17,14,N,VIIRS,n,2,295.05,3.32,N,0
36.93497,34.92064,304.24,0.61,0.53,2025-08-17,14,N,VIIRS,n,2,293.23,1.08,N,0
37.28068,35.80815,309.51,0.33,0.55,2025-08-17,14,N,VIIRS,n,2,292.28,0.74,N,0
37.86238,29.37453,306.29,0.47,0.4,2025-08-17,14,N,VIIRS,n,2,293.42,1.01,N,2
37.86329,29.37249,305.57,0.47,0.4,2025-08-17,14,N,VIIRS,n,2,293.56,0.94,N,2
38.38212,30.7716,314.58,0.53,0.42,2025-08-17,14,N,VIIRS,n,2,289.65,2.68,N,0
38.38586,30.77297,313.93,0.53,0.42,2025-08-17,14,N,VIIRS,n,2,292.72,2.89,N,0
38.38706,30.76718,302.28,0.53,0.42,2025-08-17,14,N,VIIRS,n,2,286.97,1.03,N,0
38.3896,30.77431,318.19,0.53,0.42,2025-08-17,14,N,VIIRS,n,2,293.11,2.89,N,0
38.39082,30.76844,299.29,0.53,0.42,2025-08-17,14,N,VIIRS,n,2,285.98,1.03,N,0
38.39335,30.77561,308.39,0.53,0.42,2025-08-17,14,N,VIIRS,n,2,288.17,1.4,N,0
38.4173,30.81542,304.96,0.53,0.42,2025-08-17,14,N,VIIRS,n,2,282.2,1.01,N,0
38.42106,30.81668,297.56,0.53,0.42,2025-08-17,14,N,VIIRS,n,2,281.52,1.01,N,0
38.42817,27.21475,310.75,0.4,0.37,2025-08-17,14,N,VIIRS,n,2,295.42,1.66,N,2
38.73837,26.94631,305.07,0.4,0.37,2025-08-17,14,N,VIIRS,n,2,287.98,1.03,N,2
38.75149,26.93795,310.27,0.4,0.37,2025-08-17,14,N,VIIRS,n,2,293.29,1.41,N,0
38.75481,26.93889,299.66,0.4,0.37,2025-08-17,14,N,VIIRS,n,2,287.85,1.09,N,0
38.78929,26.92022,304.62,0.39,0.37,2025-08-17,14,N,VIIRS,n,2,292.65,0.97,N,0
39.18242,27.4986,304.12,0.4,0.37,2025-08-17,14,N,VIIRS,n,2,289.07,0.77,N,2
35.68312,43.87706,367.0,0.44,0.38,2025-08-17,953,N,VIIRS,h,2,341.19,14.79,D,2
36.3129,36.26376,343.4,0.33,0.55,2025-08-17,954,N,VIIRS,n,2,302.52,5.93,D,0
36.31381,36.26735,367.0,0.33,0.55,2025-08-17,954,N,VIIRS,h,2,305.16,5.93,D,0
36.31495,36.26364,345.7,0.33,0.55,2025-08-17,954,N,VIIRS,n,2,302.37,5.44,D,0
36.31583,36.26723,367.0,0.33,0.55,2025-08-17,954,N,VIIRS,h,2,304.75,5.44,D,0
36.32248,36.32286,333.91,0.33,0.55,2025-08-17,954,N,VIIRS,n,2,302.7,1.96,D,0
36.32418,36.32291,333.67,0.33,0.55,2025-08-17,954,N,VIIRS,n,2,302.84,1.61,D,0
36.75941,35.27114,331.04,0.36,0.58,2025-08-17,954,N,VIIRS,n,2,298.02,2.44,D,0
36.92232,43.37226,350.55,0.44,0.38,2025-08-17,954,N,VIIRS,n,2,316.8,14.85,D,0
36.93007,43.37458,351.64,0.44,0.38,2025-08-17,954,N,VIIRS,n,2,319.55,14.5,D,0
37.05521,40.44187,367.0,0.39,0.44,2025-08-17,954,N,VIIRS,h,2,320.44,13.7,D,0
37.10958,43.94328,352.24,0.42,0.38,2025-08-17,954,N,VIIRS,n,2,325.57,7.11,D,0
37.11224,43.93804,354.05,0.42,0.38,2025-08-17,954,N,VIIRS,n,2,323.24,5.85,D,0
37.1189,43.97557,349.23,0.42,0.38,2025-08-17,954,N,VIIRS,n,2,317.44,9.04,D,0
37.13077,43.21442,353.54,0.44,0.39,2025-08-17,954,N,VIIRS,n,2,323.12,14.49,D,0
37.15237,43.98274,353.83,0.42,0.38,2025-08-17,954,N,VIIRS,n,2,316.36,15.71,D,0
37.155,43.97739,355.86,0.42,0.38,2025-08-17,954,N,VIIRS,n,2,317.24,9.26,D,0
37.27349,35.82242,337.1,0.33,0.55,2025-08-17,954,N,VIIRS,n,2,304.45,3.03,D,0
37.2766,35.81325,339.65,0.33,0.55,2025-08-17,954,N,VIIRS,n,2,303.28,2.42,D,0
37.28063,35.8077,336.0,0.33,0.55,2025-08-17,954,N,VIIRS,n,2,295.9,6.28,D,0
37.28246,35.81496,336.65,0.33,0.55,2025-08-17,954,N,VIIRS,n,2,302.7,9.23,D,0
37.2927,35.79101,336.13,0.33,0.55,2025-08-17,954,N,VIIRS,n,2,304.95,9.26,D,0
37.29361,35.79464,367.0,0.33,0.55,2025-08-17,954,N,VIIRS,h,2,309.3,23.6,D,0
37.29855,35.79273,334.96,0.33,0.55,2025-08-17,954,N,VIIRS,n,2,304.03,5.23,D,0
37.29947,35.79639,367.0,0.33,0.55,2025-08-17,954,N,VIIRS,h,2,305.25,5.23,D,0
37.30038,35.80002,367.0,0.33,0.55,2025-08-17,954,N,VIIRS,h,2,304.44,8.03,D,0
37.3014,35.79102,331.7,0.33,0.55,2025-08-17,954,N,VIIRS,n,2,301.19,6.41,D,0
37.30233,35.79465,367.0,0.33,0.55,2025-08-17,954,N,VIIRS,h,2,305.11,6.41,D,0
37.30326,35.79828,367.0,0.33,0.55,2025-08-17,954,N,VIIRS,h,2,303.62,14.18,D,0
37.30441,35.79447,356.61,0.33,0.55,2025-08-17,954,N,VIIRS,n,2,302.63,5.23,D,0
37.30532,35.79811,339.28,0.33,0.55,2025-08-17,954,N,VIIRS,n,2,300.75,8.03,D,0
38.38275,30.77182,338.57,0.56,0.69,2025-08-17,955,N,VIIRS,n,2,311.18,5.03,D,0
38.40954,30.81461,356.06,0.55,0.68,2025-08-17,955,N,VIIRS,n,2,308.89,19.49,D,0
38.41141,30.82076,367.0,0.55,0.68,2025-08-17,955,N,VIIRS,h,2,306.6,19.49,D,0
38.41297,30.81489,356.19,0.56,0.68,2025-08-17,955,N,VIIRS,n,2,311.06,44.35,D,0
38.41739,30.81783,367.0,0.55,0.68,2025-08-17,955,N,VIIRS,h,2,305.32,23.91,D,0
38.42079,30.81814,367.0,0.55,0.68,2025-08-17,955,N,VIIRS,h,2,304.56,42.14,D,0
39.11508,32.77876,346.54,0.42,0.61,2025-08-17,955,N,VIIRS,n,2,308.46,5.1,D,0
39.17976,36.30204,353.6,0.56,0.52,2025-08-17,955,N,VIIRS,n,2,320.76,10.96,D,0
40.11629,32.66784,350.2,0.4,0.6,2025-08-17,955,N,VIIRS,n,2,309.7,6.04,D,0
40.24905,35.20782,356.93,0.6,0.53,2025-08-17,955,N,VIIRS,n,2,310.62,16.34,D,0
42.11615,43.01525,336.19,0.4,0.37,2025-08-17,955,N,VIIRS,n,2,305.1,1.65,D,2
40.28919,26.40816,350.88,0.79,0.78,2025-08-17,956,N,VIIRS,n,2,292.73,11.86,D,0
40.29464,26.4047,367.0,0.79,0.78,2025-08-17,956,N,VIIRS,h,2,292.28,23.39,D,0
40.29475,26.33106,340.73,0.79,0.78,2025-08-17,956,N,VIIRS,n,2,290.27,30.3,D,0
40.29607,26.40473,346.84,0.79,0.78,2025-08-17,956,N,VIIRS,n,2,290.72,11.86,D,0
40.29795,26.41439,340.01,0.79,0.78,2025-08-17,956,N,VIIRS,n,2,292.29,32.0,D,0
40.29819,26.34097,350.27,0.79,0.78,2025-08-17,956,N,VIIRS,n,2,292.4,74.89,D,0
40.29932,26.39081,330.3,0.79,0.78,2025-08-17,956,N,VIIRS,n,2,291.04,56.85,D,0
40.29948,26.41453,332.85,0.79,0.78,2025-08-17,956,N,VIIRS,n,2,291.76,11.86,D,0
40.3013,26.40062,367.0,0.79,0.78,2025-08-17,956,N,VIIRS,h,2,296.93,104.96,D,0
40.30161,26.32747,349.22,0.79,0.78,2025-08-17,956,N,VIIRS,n,2,290.19,30.3,D,0
40.30273,26.40064,347.19,0.79,0.78,2025-08-17,956,N,VIIRS,n,2,302.46,88.65,D,0
40.305,26.33727,355.34,0.79,0.78,2025-08-17,956,N,VIIRS,n,2,296.87,74.89,D,0
40.30614,26.41047,330.86,0.79,0.78,2025-08-17,956,N,VIIRS,n,2,291.79,88.65,D,0
40.30692,26.46424,339.32,0.78,0.78,2025-08-17,956,N,VIIRS,n,2,292.12,20.13,D,0
40.30783,26.39615,352.02,0.79,0.78,2025-08-17,956,N,VIIRS,n,2,294.23,104.96,D,0
40.30812,26.34629,367.0,0.79,0.78,2025-08-17,956,N,VIIRS,h,2,292.02,74.89,D,0
40.30869,26.46428,340.08,0.78,0.78,2025-08-17,956,N,VIIRS,n,2,292.37,12.26,D,0
40.30923,26.39613,367.0,0.79,0.78,2025-08-17,956,N,VIIRS,h,2,291.25,88.65,D,0
40.30943,26.47158,332.18,0.78,0.78,2025-08-17,956,N,VIIRS,n,2,290.98,15.7,D,0
40.31102,26.40551,336.99,0.79,0.78,2025-08-17,956,N,VIIRS,n,2,291.55,108.83,D,0
40.31115,26.47139,334.07,0.78,0.78,2025-08-17,956,N,VIIRS,n,2,291.07,12.26,D,0
40.32093,26.45824,340.16,0.78,0.78,2025-08-17,956,N,VIIRS,n,2,292.33,11.64,D,0
40.32255,26.45784,338.36,0.78,0.78,2025-08-17,956,N,VIIRS,n,2,291.9,11.49,D,0
40.32335,26.46534,343.41,0.78,0.78,2025-08-17,956,N,VIIRS,n,2,292.17,17.83,D,0
40.32502,26.46498,339.91,0.78,0.78,2025-08-17,956,N,VIIRS,n,2,292.42,11.49,D,0
40.32595,26.47296,367.0,0.78,0.78,2025-08-17,956,N,VIIRS,h,2,294.25,17.83,D,0
40.32767,26.4726,367.0,0.78,0.78,2025-08-17,956,N,VIIRS,h,2,293.78,29.44,D,0
40.33857,26.43433,330.57,0.78,0.78,2025-08-17,956,N,VIIRS,n,2,292.12,6.75,D,0
40.3526,26.45167,339.03,0.78,0.78,2025-08-17,956,N,VIIRS,n,2,291.24,7.42,D,0
41.0365,27.22488,367.0,0.69,0.74,2025-08-17,956,N,VIIRS,h,2,295.0,23.69,D,0
41.03755,27.22847,367.0,0.69,0.74,2025-08-17,956,N,VIIRS,h,2,295.52,20.79,D,0
36.25978,33.71972,333.28,0.41,0.61,2025-08-17,1134,N,VIIRS,n,2,302.72,3.69,D,0
37.27847,35.80017,332.92,0.55,0.68,2025-08-17,1135,N,VIIRS,n,2,299.48,6.16,D,0
37.28033,35.80172,344.11,0.55,0.68,2025-08-17,1135,N,VIIRS,n,2,300.33,8.11,D,0
37.28484,35.79987,367.0,0.55,0.68,2025-08-17,1135,N,VIIRS,h,2,296.58,6.16,D,0
37.28671,35.8014,343.19,0.55,0.68,2025-08-17,1135,N,VIIRS,n,2,296.22,8.11,D,0
37.29145,35.80599,334.87,0.55,0.68,2025-08-17,1135,N,VIIRS,n,2,297.43,10.34,D,0
37.29737,35.79288,333.78,0.55,0.68,2025-08-17,1135,N,VIIRS,n,2,299.21,8.19,D,0
37.2976,35.79928,356.45,0.55,0.68,2025-08-17,1135,N,VIIRS,n,2,298.42,8.19,D,0
37.29928,35.79433,349.29,0.55,0.68,2025-08-17,1135,N,VIIRS,n,2,299.87,11.59,D,0
37.29947,35.80075,345.8,0.55,0.68,2025-08-17,1135,N,VIIRS,n,2,299.34,16.71,D,0
37.30375,35.79256,330.98,0.55,0.68,2025-08-17,1135,N,VIIRS,n,2,299.76,4.45,D,0
37.30398,35.79897,344.3,0.55,0.68,2025-08-17,1135,N,VIIRS,n,2,300.42,4.45,D,0
37.30565,35.79399,336.42,0.55,0.68,2025-08-17,1135,N,VIIRS,n,2,299.72,3.86,D,0
37.30585,35.80043,334.3,0.55,0.68,2025-08-17,1135,N,VIIRS,n,2,299.39,4.66,D,0
37.87041,30.63789,348.26,0.58,0.52,2025-08-17,1135,N,VIIRS,n,2,315.27,9.83,D,0
38.38098,30.77257,342.16,0.59,0.53,2025-08-17,1135,N,VIIRS,n,2,316.29,5.63,D,0
38.38234,30.77255,346.99,0.59,0.53,2025-08-17,1135,N,VIIRS,n,2,320.65,9.61,D,0
38.38728,30.7725,347.29,0.59,0.53,2025-08-17,1135,N,VIIRS,n,2,320.75,9.56,D,0
38.41516,30.8186,346.55,0.6,0.53,2025-08-17,1135,N,VIIRS,n,2,312.77,13.95,D,0
38.42501,30.81754,350.8,0.6,0.53,2025-08-17,1135,N,VIIRS,n,2,319.85,152.26,D,0
39.55233,36.71765,367.0,0.63,0.72,2025-08-17,1135,N,VIIRS,h,2,314.82,15.08,D,0
40.29111,26.40658,342.72,0.56,0.43,2025-08-17,1136,N,VIIRS,n,2,303.46,6.8,D,0
40.29235,26.33899,336.98,0.56,0.43,2025-08-17,1136,N,VIIRS,n,2,299.47,10.44,D,0
40.29433,26.31891,335.07,0.55,0.43,2025-08-17,1136,N,VIIRS,n,2,295.96,5.77,D,0
40.29499,26.32537,355.79,0.55,0.43,2025-08-17,1136,N,VIIRS,n,2,309.92,28.68,D,0
40.29507,26.40581,335.15,0.56,0.43,2025-08-17,1136,N,VIIRS,n,2,300.87,5.71,D,0
40.29564,26.33171,341.64,0.55,0.43,2025-08-17,1136,N,VIIRS,n,2,295.17,28.68,D,0
40.29572,26.41238,346.38,0.56,0.43,2025-08-17,1136,N,VIIRS,n,2,304.13,5.71,D,0
40.29628,26.33816,339.57,0.56,0.43,2025-08-17,1136,N,VIIRS,n,2,300.81,12.08,D,0
40.2977,26.43212,337.37,0.56,0.43,2025-08-17,1136,N,VIIRS,n,2,304.9,9.46,D,0
40.29958,26.33099,357.69,0.55,0.43,2025-08-17,1136,N,VIIRS,n,2,307.46,28.68,D,0
40.30023,26.33741,367.0,0.56,0.43,2025-08-17,1136,N,VIIRS,h,2,310.85,12.08,D,0
40.30089,26.34391,341.77,0.56,0.43,2025-08-17,1136,N,VIIRS,n,2,298.52,12.08,D,0
40.30235,26.39807,333.36,0.56,0.43,2025-08-17,1136,N,VIIRS,n,2,300.62,21.02,D,0
40.30427,26.45739,348.04,0.56,0.43,2025-08-17,1136,N,VIIRS,n,2,302.13,9.0,D,0
40.30499,26.46452,341.4,0.56,0.43,2025-08-17,1136,N,VIIRS,n,2,301.84,9.0,D,0
40.3063,26.39736,367.0,0.56,0.43,2025-08-17,1136,N,VIIRS,h,2,310.35,21.02,D,0
40.30695,26.40384,341.86,0.56,0.43,2025-08-17,1136,N,VIIRS,n,2,303.72,7.41,D,0
40.30892,26.46349,335.97,0.56,0.43,2025-08-17,1136,N,VIIRS,n,2,302.24,5.1,D,0
40.30965,26.47078,340.12,0.56,0.43,2025-08-17,1136,N,VIIRS,n,2,300.62,8.72,D,0
40.31015,26.3559,339.01,0.56,0.43,2025-08-17,1136,N,VIIRS,n,2,292.37,6.11,D,0
40.31894,26.48272,355.85,0.56,0.43,2025-08-17,1136,N,VIIRS,n,2,311.89,61.67,D,0
40.32481,26.46079,332.29,0.56,0.43,2025-08-17,1136,N,VIIRS,n,2,302.2,3.74,D,0
40.32553,26.46786,337.19,0.56,0.43,2025-08-17,1136,N,VIIRS,n,2,303.33,5.66,D,0
40.32622,26.47471,343.5,0.56,0.43,2025-08-17,1136,N,VIIRS,n,2,307.7,5.66,D,0
40.32951,26.46721,336.37,0.56,0.43,2025-08-17,1136,N,VIIRS,n,2,303.04,5.66,D,0
40.34013,26.49223,338.24,0.56,0.43,2025-08-17,1136,N,VIIRS,n,2,304.85,3.25,D,0
40.34138,26.42511,348.27,0.56,0.43,2025-08-17,1136,N,VIIRS,n,2,302.3,5.32,D,0
40.34478,26.49816,356.03,0.57,0.43,2025-08-17,1136,N,VIIRS,n,2,304.8,14.01,D,0
40.34798,26.45012,340.84,0.56,0.43,2025-08-17,1136,N,VIIRS,n,2,300.82,59.91,D,0
40.34943,26.4494,350.36,0.56,0.43,2025-08-17,1136,N,VIIRS,n,2,304.23,37.11,D,0
40.35191,26.44912,347.08,0.56,0.43,2025-08-17,1136,N,VIIRS,n,2,314.72,59.91,D,0
40.35259,26.45571,341.3,0.56,0.43,2025-08-17,1136,N,VIIRS,n,2,304.53,59.91,D,0
40.35338,26.44842,351.21,0.56,0.43,2025-08-17,1136,N,VIIRS,n,2,306.78,37.11,D,0
40.35402,26.45505,336.71,0.56,0.43,2025-08-17,1136,N,VIIRS,n,2,301.27,177.62,D,0
42.11723,43.01345,303.78,0.44,0.62,2025-08-17,2213,N,VIIRS,n,2,290.26,0.84,N,2
42.12323,43.00847,307.48,0.44,0.62,2025-08-17,2213,N,VIIRS,n,2,290.53,0.76,N,2
35.5242,44.34251,346.56,0.33,0.55,2025-08-17,2214,N,VIIRS,n,2,300.63,4.49,N,2
35.52655,44.34363,356.38,0.32,0.55,2025-08-17,2214,N,VIIRS,n,2,301.9,4.06,N,2
35.52683,44.33991,334.74,0.33,0.55,2025-08-17,2214,N,VIIRS,n,2,300.46,4.06,N,2
35.5293,44.34318,331.89,0.33,0.55,2025-08-17,2214,N,VIIRS,n,2,300.37,4.49,N,2
35.52956,44.33944,367.0,0.33,0.55,2025-08-17,2214,N,VIIRS,h,2,302.89,4.49,N,2
35.52981,44.33574,320.21,0.33,0.55,2025-08-17,2214,N,VIIRS,n,2,300.61,7.88,N,2
35.53466,44.34014,309.04,0.33,0.55,2025-08-17,2214,N,VIIRS,n,2,298.91,2.36,N,2
35.53491,44.33646,348.41,0.33,0.55,2025-08-17,2214,N,VIIRS,n,2,301.19,4.87,N,2
35.62542,44.00914,325.42,0.34,0.56,2025-08-17,2214,N,VIIRS,n,2,299.61,3.26,N,2
35.62569,44.00527,314.98,0.34,0.56,2025-08-17,2214,N,VIIRS,n,2,299.48,3.43,N,2
35.63063,44.00958,347.84,0.34,0.56,2025-08-17,2214,N,VIIRS,n,2,307.41,17.44,N,2
35.63091,44.00571,367.0,0.34,0.56,2025-08-17,2214,N,VIIRS,h,2,301.46,19.14,N,2
35.65985,43.96448,350.21,0.34,0.56,2025-08-17,2214,N,VIIRS,n,2,300.11,5.54,N,2
35.65999,43.96666,315.74,0.34,0.56,2025-08-17,2214,N,VIIRS,n,2,299.46,4.42,N,2
35.6601,43.96061,311.66,0.34,0.56,2025-08-17,2214,N,VIIRS,n,2,299.04,4.73,N,2
35.66026,43.9628,367.0,0.34,0.56,2025-08-17,2214,N,VIIRS,h,2,300.14,8.28,N,2
35.66507,43.96514,356.33,0.34,0.56,2025-08-17,2214,N,VIIRS,n,2,302.93,5.59,N,2
35.66533,43.96129,319.62,0.34,0.56,2025-08-17,2214,N,VIIRS,n,2,299.14,5.21,N,2
35.67928,44.06674,311.61,0.34,0.56,2025-08-17,2214,N,VIIRS,n,2,299.8,1.65,N,2
35.68144,43.87672,326.16,0.35,0.56,2025-08-17,2214,N,VIIRS,n,2,298.23,11.9,N,2
35.6817,43.87283,319.57,0.35,0.56,2025-08-17,2214,N,VIIRS,n,2,298.54,11.9,N,2
35.68644,43.88125,309.74,0.35,0.56,2025-08-17,2214,N,VIIRS,n,2,298.44,4.2,N,2
35.6867,43.87736,335.43,0.35,0.56,2025-08-17,2214,N,VIIRS,n,2,306.66,11.9,N,2
35.68695,43.87348,367.0,0.35,0.56,2025-08-17,2214,N,VIIRS,h,2,303.13,11.9,N,2
35.68721,43.86957,312.96,0.35,0.56,2025-08-17,2214,N,VIIRS,n,2,298.17,9.54,N,2
35.72292,44.04184,319.54,0.34,0.56,2025-08-17,2214,N,VIIRS,n,2,300.95,4.12,N,2
35.7232,44.03795,341.14,0.34,0.56,2025-08-17,2214,N,VIIRS,n,2,301.68,7.14,N,2
35.72894,44.03095,332.02,0.34,0.56,2025-08-17,2214,N,VIIRS,n,2,301.63,3.76,N,2
35.77372,43.99654,325.65,0.34,0.56,2025-08-17,2214,N,VIIRS,n,2,300.38,2.42,N,2
35.77397,43.9926,323.18,0.34,0.56,2025-08-17,2214,N,VIIRS,n,2,300.87,2.42,N,2
35.95488,43.72742,316.41,0.36,0.57,2025-08-17,2214,N,VIIRS,n,2,298.47,1.31,N,2
35.96834,43.76562,310.36,0.35,0.57,2025-08-17,2214,N,VIIRS,n,2,300.26,2.89,N,2
35.98288,43.76701,313.56,0.35,0.57,2025-08-17,2214,N,VIIRS,n,2,299.82,1.77,N,2
35.99932,43.76036,311.6,0.35,0.57,2025-08-17,2214,N,VIIRS,n,2,298.73,1.18,N,2
36.02041,43.68098,317.04,0.36,0.57,2025-08-17,2214,N,VIIRS,n,2,298.9,1.17,N,2
36.08209,43.6414,307.48,0.36,0.57,2025-08-17,2214,N,VIIRS,n,2,297.25,0.69,N,0
36.08237,43.63727,309.05,0.36,0.57,2025-08-17,2214,N,VIIRS,n,2,296.04,0.69,N,0
36.08474,43.63885,319.2,0.36,0.57,2025-08-17,2214,N,VIIRS,n,2,296.8,1.06,N,0
36.09896,43.6307,318.25,0.36,0.57,2025-08-17,2214,N,VIIRS,n,2,296.21,0.92,N,0
36.10153,43.62822,308.24,0.36,0.57,2025-08-17,2214,N,VIIRS,n,2,296.45,1.22,N,0
36.14221,40.8157,308.65,0.52,0.67,2025-08-17,2214,N,VIIRS,n,2,297.78,1.57,N,2
36.14444,40.81226,314.68,0.52,0.67,2025-08-17,2214,N,VIIRS,n,2,297.99,1.72,N,2
36.72982,43.27768,314.6,0.38,0.59,2025-08-17,2214,N,VIIRS,n,2,298.72,1.97,N,2
36.77648,43.32592,345.99,0.38,0.59,2025-08-17,2214,N,VIIRS,n,2,302.06,6.16,N,2
36.77675,43.32125,329.28,0.38,0.59,2025-08-17,2214,N,VIIRS,n,2,298.9,7.12,N,2
36.86668,43.48994,305.7,0.37,0.58,2025-08-17,2214,N,VIIRS,n,2,295.22,1.64,N,2
36.86693,43.48569,312.67,0.37,0.58,2025-08-17,2214,N,VIIRS,n,2,295.37,2.19,N,2
36.87249,43.48396,309.33,0.37,0.58,2025-08-17,2214,N,VIIRS,n,2,294.96,1.07,N,2
36.91332,41.89472,310.2,0.46,0.63,2025-08-17,2214,N,VIIRS,n,2,294.48,1.04,N,2
36.92307,43.37068,307.19,0.38,0.59,2025-08-17,2214,N,VIIRS,n,2,294.5,1.76,N,0
36.92788,43.38212,305.81,0.38,0.59,2025-08-17,2214,N,VIIRS,n,2,293.65,1.58,N,0
36.92814,43.37776,316.52,0.38,0.59,2025-08-17,2214,N,VIIRS,n,2,293.86,2.91,N,0
36.92929,43.35862,310.83,0.38,0.59,2025-08-17,2214,N,VIIRS,n,2,294.13,1.39,N,0
36.93366,43.37738,306.71,0.38,0.59,2025-08-17,2214,N,VIIRS,n,2,295.85,1.28,N,0
36.93462,43.36164,314.73,0.38,0.59,2025-08-17,2214,N,VIIRS,n,2,294.99,1.97,N,0
36.93827,42.12929,317.88,0.45,0.63,2025-08-17,2214,N,VIIRS,n,2,298.43,2.61,N,2
36.93967,43.36894,309.19,0.38,0.59,2025-08-17,2214,N,VIIRS,n,2,294.79,2.17,N,0
36.93992,43.36484,315.87,0.38,0.59,2025-08-17,2214,N,VIIRS,n,2,296.48,2.17,N,0
36.94,43.36584,322.73,0.38,0.59,2025-08-17,2214,N,VIIRS,n,2,296.71,1.24,N,0
36.94018,43.36064,310.58,0.38,0.59,2025-08-17,2214,N,VIIRS,n,2,295.47,1.97,N,0
36.94023,43.36164,312.81,0.38,0.59,2025-08-17,2214,N,VIIRS,n,2,295.63,1.24,N,0
36.94222,42.17017,333.28,0.44,0.63,2025-08-17,2214,N,VIIRS,n,2,297.57,2.96,N,2
36.94413,42.12983,315.74,0.45,0.63,2025-08-17,2214,N,VIIRS,n,2,296.99,1.9,N,2
36.94998,42.13028,324.56,0.45,0.63,2025-08-17,2214,N,VIIRS,n,2,297.08,1.9,N,2
37.01096,41.5821,306.81,0.48,0.65,2025-08-17,2214,N,VIIRS,n,2,294.64,0.64,N,2
37.10717,43.9577,320.35,0.35,0.57,2025-08-17,2214,N,VIIRS,n,2,294.68,2.05,N,0
37.11139,43.97488,307.59,0.35,0.57,2025-08-17,2214,N,VIIRS,n,2,297.28,1.35,N,0
37.11987,43.98257,307.07,0.35,0.57,2025-08-17,2214,N,VIIRS,n,2,295.71,1.66,N,0
37.13602,43.22224,308.61,0.39,0.59,2025-08-17,2214,N,VIIRS,n,2,294.39,2.96,N,0
37.15128,43.99212,315.7,0.35,0.57,2025-08-17,2214,N,VIIRS,n,2,295.52,1.76,N,0
37.15146,43.98913,308.53,0.35,0.57,2025-08-17,2214,N,VIIRS,n,2,293.9,1.06,N,0
37.15165,43.98611,302.9,0.35,0.57,2025-08-17,2214,N,VIIRS,n,2,292.71,1.06,N,0
37.1568,43.98894,305.28,0.35,0.57,2025-08-17,2214,N,VIIRS,n,2,293.38,0.84,N,0
37.157,43.98573,317.82,0.35,0.57,2025-08-17,2214,N,VIIRS,n,2,293.8,0.84,N,0
38.68269,41.4359,303.12,0.5,0.66,2025-08-17,2214,N,VIIRS,n,2,287.07,1.76,N,0
36.69133,44.07098,307.61,0.52,0.67,2025-08-17,2354,N,VIIRS,n,2,295.87,1.66,N,0
36.73038,43.28354,309.06,0.48,0.64,2025-08-17,2354,N,VIIRS,n,2,296.3,1.53,N,2
36.77309,43.32412,332.97,0.48,0.64,2025-08-17,2354,N,VIIRS,n,2,296.62,4.62,N,2
36.77922,43.32504,336.22,0.48,0.64,2025-08-17,2354,N,VIIRS,n,2,299.75,4.93,N,2
36.86503,43.51801,305.14,0.49,0.65,2025-08-17,2354,N,VIIRS,n,2,294.9,1.41,N,0
36.86691,43.48924,311.99,0.48,0.65,2025-08-17,2354,N,VIIRS,n,2,294.99,2.6,N,2
36.86824,43.48467,316.77,0.48,0.65,2025-08-17,2354,N,VIIRS,n,2,295.99,3.35,N,2
36.87053,43.49035,330.48,0.48,0.65,2025-08-17,2354,N,VIIRS,n,2,296.83,3.73,N,2
36.91426,41.89407,313.24,0.4,0.6,2025-08-17,2354,N,VIIRS,n,2,293.9,0.74,N,2
36.93098,43.37808,303.66,0.48,0.64,2025-08-17,2354,N,VIIRS,n,2,293.65,1.38,N,0
36.93346,42.13128,325.13,0.41,0.61,2025-08-17,2354,N,VIIRS,n,2,294.89,2.18,N,2
36.93728,42.13478,309.97,0.41,0.61,2025-08-17,2354,N,VIIRS,n,2,296.52,2.07,N,2
36.93747,43.36598,306.64,0.48,0.64,2025-08-17,2354,N,VIIRS,n,2,295.4,2.41,N,0
36.93851,42.13029,318.16,0.41,0.61,2025-08-17,2354,N,VIIRS,n,2,297.39,1.45,N,2
36.93883,42.13352,313.93,0.41,0.61,2025-08-17,2354,N,VIIRS,n,2,297.72,2.18,N,2
36.93927,42.17117,310.4,0.41,0.61,2025-08-17,2354,N,VIIRS,n,2,294.72,0.93,N,2
36.93973,42.12584,305.95,0.41,0.61,2025-08-17,2354,N,VIIRS,n,2,295.28,1.45,N,2
36.94463,42.17347,308.27,0.41,0.61,2025-08-17,2354,N,VIIRS,n,2,295.64,0.93,N,2
36.9451,42.12805,307.63,0.41,0.61,2025-08-17,2354,N,VIIRS,n,2,296.9,1.45,N,2
36.95044,42.13036,308.55,0.41,0.61,2025-08-17,2354,N,VIIRS,n,2,296.22,1.43,N,2
36.96362,42.08213,313.88,0.41,0.6,2025-08-17,2354,N,VIIRS,n,2,294.9,0.97,N,2
37.08145,42.55634,309.17,0.43,0.62,2025-08-17,2354,N,VIIRS,n,2,297.27,2.12,N,2
37.10433,43.96412,309.47,0.5,0.66,2025-08-17,2354,N,VIIRS,n,2,291.86,1.64,N,0
37.10549,43.96487,308.06,0.5,0.66,2025-08-17,2354,N,VIIRS,n,2,292.35,1.58,N,0
37.10789,43.95159,304.46,0.5,0.66,2025-08-17,2354,N,VIIRS,n,2,294.06,1.56,N,0
37.13692,43.22836,303.33,0.46,0.64,2025-08-17,2354,N,VIIRS,n,2,292.93,2.79,N,0
37.15304,43.9816,304.65,0.5,0.66,2025-08-17,2354,N,VIIRS,n,2,289.95,3.03,N,0
37.15758,43.98858,328.6,0.5,0.66,2025-08-17,2354,N,VIIRS,n,2,293.93,3.03,N,0
37.15938,43.98236,314.98,0.5,0.66,2025-08-17,2354,N,VIIRS,n,2,292.64,5.26,N,0
37.3379,40.80081,307.13,0.34,0.56,2025-08-17,2354,N,VIIRS,n,2,294.94,0.88,N,2
38.45378,38.72723,307.47,0.5,0.49,2025-08-17,2354,N,VIIRS,n,2,294.63,1.87,N,2
38.45551,38.72813,308.94,0.5,0.49,2025-08-17,2354,N,VIIRS,n,2,295.8,1.42,N,2
38.89428,41.56886,300.79,0.34,0.56,2025-08-17,2354,N,VIIRS,n,2,290.54,0.4,N,2
39.48521,30.03991,308.15,0.38,0.36,2025-08-17,2354,N,VIIRS,n,2,290.63,0.8,N,2
39.74623,30.19753,304.25,0.38,0.36,2025-08-17,2354,N,VIIRS,n,2,289.61,0.84,N,2
39.83836,30.303,300.08,0.38,0.36,2025-08-17,2354,N,VIIRS,n,2,289.77,0.41,N,0
39.9432,33.19237,300.25,0.42,0.37,2025-08-17,2354,N,VIIRS,n,2,288.91,0.76,N,2
39.94462,33.19102,305.16,0.42,0.37,2025-08-17,2354,N,VIIRS,n,2,290.66,1.12,N,2
40.01525,27.00604,300.67,0.44,0.39,2025-08-17,2354,N,VIIRS,n,2,289.79,1.11,N,0
40.05157,32.64904,302.23,0.4,0.37,2025-08-17,2354,N,VIIRS,n,2,291.12,1.22,N,2
40.24299,29.92637,304.28,0.39,0.36,2025-08-17,2354,N,VIIRS,n,2,289.1,1.03,N,2
40.26207,30.04146,307.94,0.39,0.36,2025-08-17,2354,N,VIIRS,n,2,288.48,1.09,N,2
40.30521,26.46807,315.26,0.47,0.39,2025-08-17,2354,N,VIIRS,n,2,290.95,4.45,N,0
40.30523,26.46446,335.79,0.47,0.39,2025-08-17,2354,N,VIIRS,n,2,292.79,5.58,N,0
40.30584,26.46288,330.52,0.47,0.39,2025-08-17,2354,N,VIIRS,n,2,292.99,5.65,N,0
40.30823,26.4705,343.27,0.47,0.39,2025-08-17,2354,N,VIIRS,n,2,293.51,3.95,N,0
40.30883,26.46887,345.22,0.47,0.39,2025-08-17,2354,N,VIIRS,n,2,294.92,4.45,N,0
40.30885,26.46529,325.5,0.47,0.39,2025-08-17,2354,N,VIIRS,n,2,292.49,3.95,N,0
40.31185,26.47126,329.91,0.47,0.39,2025-08-17,2354,N,VIIRS,n,2,292.35,3.95,N,0
40.32864,26.48619,301.69,0.47,0.39,2025-08-17,2354,N,VIIRS,n,2,291.58,1.23,N,0
40.33159,26.49255,307.67,0.46,0.39,2025-08-17,2354,N,VIIRS,n,2,290.83,1.08,N,0
40.3418,26.50025,325.96,0.46,0.39,2025-08-17,2354,N,VIIRS,n,2,292.13,3.57,N,0
40.34244,26.49492,343.56,0.46,0.39,2025-08-17,2354,N,VIIRS,n,2,292.99,3.57,N,0
40.34478,26.50627,303.99,0.46,0.39,2025-08-17,2354,N,VIIRS,n,2,290.53,1.11,N,0
40.34542,26.50101,311.64,0.46,0.39,2025-08-17,2354,N,VIIRS,n,2,292.31,3.57,N,0
40.44257,27.13717,309.99,0.44,0.39,2025-08-17,2354,N,VIIRS,n,2,291.75,1.18,N,2
40.44676,27.13265,306.02,0.44,0.39,2025-08-17,2354,N,VIIRS,n,2,292.4,1.18,N,3
40.7576,31.78397,302.24,0.39,0.36,2025-08-17,2354,N,VIIRS,n,2,289.43,0.65,N,2
40.75763,29.35977,303.88,0.39,0.36,2025-08-17,2354,N,VIIRS,n,2,290.46,0.6,N,3
40.76445,32.21576,304.32,0.39,0.36,2025-08-17,2354,N,VIIRS,n,2,286.05,0.99,N,2
40.76509,29.53138,307.04,0.39,0.36,2025-08-17,2354,N,VIIRS,n,2,291.18,1.0,N,3
40.78223,29.60278,309.72,0.39,0.36,2025-08-17,2354,N,VIIRS,n,2,292.98,1.53,N,2
41.01618,27.96412,310.17,0.42,0.38,2025-08-17,2354,N,VIIRS,n,2,290.96,0.85,N,2
41.02069,28.55736,312.12,0.41,0.37,2025-08-17,2354,N,VIIRS,n,2,292.61,1.06,N,2
41.02134,28.55256,305.32,0.41,0.37,2025-08-17,2354,N,VIIRS,n,2,291.46,1.06,N,2
41.19353,32.6189,314.1,0.4,0.37,2025-08-17,2354,N,VIIRS,n,2,290.82,1.09,N,2
41.23841,36.44185,313.02,0.51,0.41,2025-08-17,2354,N,VIIRS,n,2,293.83,1.8,N,2
41.24208,36.46259,330.98,0.52,0.41,2025-08-17,2354,N,VIIRS,n,2,295.07,4.41,N,2
41.25485,31.41341,321.52,0.38,0.36,2025-08-17,2354,N,VIIRS,n,2,290.63,2.04,N,2
41.56453,32.43058,300.31,0.39,0.36,2025-08-17,2354,N,VIIRS,n,2,288.0,0.9,N,2
41.63075,27.688,307.22,0.44,0.38,2025-08-17,2354,N,VIIRS,n,2,289.82,0.76,N,2
41.6359,27.50438,302.03,0.44,0.38,2025-08-17,2354,N,VIIRS,n,2,290.2,0.95,N,2
35.5245,44.34724,313.07,0.58,0.7,2025-08-17,2355,N,VIIRS,n,2,296.98,4.39,N,2
35.52505,44.34686,316.73,0.58,0.7,2025-08-17,2355,N,VIIRS,n,2,296.91,4.98,N,2
35.52628,44.34113,338.62,0.58,0.7,2025-08-17,2355,N,VIIRS,n,2,298.63,4.39,N,2
35.52687,44.34077,342.93,0.58,0.7,2025-08-17,2355,N,VIIRS,n,2,298.9,5.95,N,2
35.52806,44.33503,314.66,0.58,0.7,2025-08-17,2355,N,VIIRS,n,2,298.26,6.19,N,2
35.52869,44.33466,320.04,0.58,0.7,2025-08-17,2355,N,VIIRS,n,2,298.22,5.95,N,2
35.53246,44.34372,318.0,0.58,0.7,2025-08-17,2355,N,VIIRS,n,2,296.89,5.41,N,2
35.53305,44.34332,312.87,0.58,0.7,2025-08-17,2355,N,VIIRS,n,2,296.71,3.18,N,2
35.53426,44.33752,339.38,0.58,0.7,2025-08-17,2355,N,VIIRS,n,2,298.84,8.5,N,2
35.5349,44.33712,331.55,0.58,0.7,2025-08-17,2355,N,VIIRS,n,2,298.35,3.18,N,2
35.62537,44.00849,352.48,0.55,0.68,2025-08-17,2355,N,VIIRS,n,2,298.42,9.89,N,2
35.62709,44.00266,315.84,0.55,0.68,2025-08-17,2355,N,VIIRS,n,2,296.97,8.16,N,2
35.62902,44.01055,356.02,0.55,0.68,2025-08-17,2355,N,VIIRS,n,2,302.76,12.89,N,2
35.6307,44.00471,335.22,0.55,0.68,2025-08-17,2355,N,VIIRS,n,2,297.99,12.89,N,2
35.63136,44.0113,367.0,0.55,0.68,2025-08-17,2355,N,VIIRS,h,2,300.91,11.07,N,2
35.63307,44.00549,327.45,0.55,0.68,2025-08-17,2355,N,VIIRS,n,2,297.5,10.32,N,2
35.65922,43.96275,329.61,0.55,0.68,2025-08-17,2355,N,VIIRS,n,2,297.42,5.36,N,2
35.66527,43.96526,346.45,0.55,0.68,2025-08-17,2355,N,VIIRS,n,2,300.4,5.36,N,2
35.67689,44.06522,308.69,0.56,0.69,2025-08-17,2355,N,VIIRS,n,2,298.28,2.04,N,2
35.68158,43.88635,310.22,0.54,0.68,2025-08-17,2355,N,VIIRS,n,2,297.06,5.85,N,0
35.68327,43.88055,344.72,0.54,0.68,2025-08-17,2355,N,VIIRS,n,2,298.25,27.77,N,2
35.685,43.87464,367.0,0.54,0.68,2025-08-17,2355,N,VIIRS,h,2,305.46,27.77,N,2
35.6867,43.8688,309.92,0.54,0.68,2025-08-17,2355,N,VIIRS,n,2,296.86,21.55,N,2
35.72212,44.03956,328.68,0.55,0.68,2025-08-17,2355,N,VIIRS,n,2,299.66,2.76,N,2
35.72394,44.04378,326.8,0.55,0.68,2025-08-17,2355,N,VIIRS,n,2,299.55,4.81,N,2
35.72567,44.0378,328.28,0.55,0.68,2025-08-17,2355,N,VIIRS,n,2,299.72,4.81,N,2
35.72736,44.03193,325.88,0.55,0.68,2025-08-17,2355,N,VIIRS,n,2,299.45,5.75,N,2
35.72825,44.04186,318.33,0.55,0.68,2025-08-17,2355,N,VIIRS,n,2,299.46,2.76,N,2
35.73002,44.03587,310.1,0.55,0.68,2025-08-17,2355,N,VIIRS,n,2,298.94,2.76,N,2
35.73173,44.03006,313.99,0.55,0.68,2025-08-17,2355,N,VIIRS,n,2,298.89,4.16,N,2
35.76988,43.99267,312.36,0.55,0.68,2025-08-17,2355,N,VIIRS,n,2,298.19,3.2,N,2
35.77598,43.995,320.62,0.55,0.68,2025-08-17,2355,N,VIIRS,n,2,299.54,4.19,N,2
35.95214,43.72758,309.35,0.53,0.67,2025-08-17,2355,N,VIIRS,n,2,296.7,1.21,N,2
35.96774,43.76574,308.98,0.53,0.67,2025-08-17,2355,N,VIIRS,n,2,298.92,4.86,N,2
36.01854,43.68164,310.05,0.52,0.67,2025-08-17,2355,N,VIIRS,n,2,296.78,1.07,N,2
36.09929,43.63091,314.31,0.51,0.66,2025-08-17,2355,N,VIIRS,n,2,294.61,1.06,N,0
36.14074,40.81693,319.76,0.37,0.58,2025-08-17,2355,N,VIIRS,n,2,297.41,1.18,N,2
36.16465,41.04528,307.89,0.38,0.58,2025-08-17,2355,N,VIIRS,n,2,296.98,0.26,N,2
36.26278,33.72853,314.37,0.48,0.4,2025-08-17,2355,N,VIIRS,n,2,296.19,1.79,N,2
36.26955,33.71344,325.25,0.48,0.4,2025-08-17,2355,N,VIIRS,n,2,295.53,3.45,N,0
36.81982,34.79158,307.21,0.52,0.42,2025-08-17,2355,N,VIIRS,n,2,295.01,1.84,N,0
36.86923,34.76416,306.69,0.52,0.42,2025-08-17,2355,N,VIIRS,n,2,296.58,2.45,N,2
36.95306,41.66065,304.32,0.39,0.59,2025-08-17,2355,N,VIIRS,n,2,294.3,0.84,N,0
37.29338,37.15768,310.87,0.44,0.46,2025-08-17,2355,N,VIIRS,n,2,295.8,1.69,N,2
37.46025,39.57163,306.17,0.58,0.52,2025-08-17,2355,N,VIIRS,n,2,294.73,1.26,N,0
37.86288,29.37219,317.02,0.39,0.36,2025-08-17,2355,N,VIIRS,n,2,292.76,1.83,N,2
37.89967,30.49445,301.71,0.39,0.36,2025-08-17,2355,N,VIIRS,n,2,291.2,1.34,N,2
37.93865,32.535,304.68,0.42,0.38,2025-08-17,2355,N,VIIRS,n,2,293.14,0.67,N,2
38.38249,30.77218,311.81,0.39,0.36,2025-08-17,2355,N,VIIRS,n,2,293.51,1.44,N,0
38.38321,30.76784,306.57,0.39,0.36,2025-08-17,2355,N,VIIRS,n,2,289.2,1.11,N,0
38.38578,30.77307,310.68,0.39,0.36,2025-08-17,2355,N,VIIRS,n,2,294.66,1.44,N,0
38.38649,30.76871,312.53,0.39,0.36,2025-08-17,2355,N,VIIRS,n,2,294.15,1.11,N,0
38.38906,30.77395,320.2,0.39,0.36,2025-08-17,2355,N,VIIRS,n,2,296.56,2.25,N,0
38.38978,30.76958,307.79,0.39,0.36,2025-08-17,2355,N,VIIRS,n,2,290.23,1.42,N,0
38.39163,30.7792,315.26,0.39,0.36,2025-08-17,2355,N,VIIRS,n,2,293.46,2.25,N,0
38.39235,30.77483,323.35,0.39,0.36,2025-08-17,2355,N,VIIRS,n,2,296.22,2.25,N,0
38.39435,30.77765,326.96,0.39,0.36,2025-08-17,2355,N,VIIRS,n,2,298.96,3.11,N,0
38.40276,30.78902,297.09,0.39,0.36,2025-08-17,2355,N,VIIRS,n,2,286.93,0.42,N,0
38.40605,30.78989,308.87,0.39,0.36,2025-08-17,2355,N,VIIRS,n,2,289.89,0.84,N,0
38.4123,30.8144,298.06,0.39,0.36,2025-08-17,2355,N,VIIRS,n,2,286.26,0.54,N,0
38.41959,30.81177,301.09,0.39,0.36,2025-08-17,2355,N,VIIRS,n,2,286.12,0.59,N,0
38.42329,30.83103,322.92,0.39,0.36,2025-08-17,2355,N,VIIRS,n,2,288.27,4.33,N,0
38.42401,30.82665,344.0,0.39,0.36,2025-08-17,2355,N,VIIRS,n,2,290.29,4.33,N,0
38.42545,30.81789,299.04,0.39,0.36,2025-08-17,2355,N,VIIRS,n,2,286.07,0.65,N,0
38.42729,30.82752,318.53,0.39,0.36,2025-08-17,2355,N,VIIRS,n,2,288.31,10.75,N,0
38.42831,27.21551,311.2,0.42,0.38,2025-08-17,2355,N,VIIRS,n,2,294.39,1.34,N,2
38.42914,30.83716,319.95,0.39,0.36,2025-08-17,2355,N,VIIRS,n,2,290.35,3.07,N,0
38.42986,30.83278,348.03,0.39,0.36,2025-08-17,2355,N,VIIRS,n,2,296.34,10.75,N,0
38.43058,30.8284,335.61,0.39,0.36,2025-08-17,2355,N,VIIRS,n,2,291.94,10.75,N,0
38.43242,30.83803,348.6,0.39,0.36,2025-08-17,2355,N,VIIRS,n,2,291.66,7.38,N,0
38.43315,30.83365,305.27,0.39,0.36,2025-08-17,2355,N,VIIRS,n,2,288.87,1.38,N,0
38.43387,30.82927,302.24,0.39,0.36,2025-08-17,2355,N,VIIRS,n,2,287.94,1.38,N,0
38.43459,30.82489,297.53,0.39,0.36,2025-08-17,2355,N,VIIRS,n,2,286.32,1.67,N,0
38.43715,30.83014,329.73,0.39,0.36,2025-08-17,2355,N,VIIRS,n,2,289.78,1.38,N,0
38.43787,30.82576,329.9,0.39,0.36,2025-08-17,2355,N,VIIRS,n,2,287.8,1.67,N,0
38.65862,30.61941,301.65,0.39,0.36,2025-08-17,2355,N,VIIRS,n,2,291.35,0.56,N,2
38.66508,31.01971,301.59,0.39,0.36,2025-08-17,2355,N,VIIRS,n,2,289.52,0.53,N,0
38.66837,31.0206,326.78,0.39,0.36,2025-08-17,2355,N,VIIRS,n,2,290.13,1.67,N,0
38.67519,31.14076,309.38,0.39,0.36,2025-08-17,2355,N,VIIRS,n,2,295.28,1.32,N,0
38.67593,31.13635,311.08,0.39,0.36,2025-08-17,2355,N,VIIRS,n,2,294.53,1.32,N,0
38.67667,31.13194,307.59,0.39,0.36,2025-08-17,2355,N,VIIRS,n,2,293.08,1.58,N,0
38.67849,31.14166,305.34,0.39,0.36,2025-08-17,2355,N,VIIRS,n,2,294.39,1.32,N,0
38.67922,31.13724,316.82,0.39,0.36,2025-08-17,2355,N,VIIRS,n,2,298.58,1.32,N,0
38.68251,31.13814,310.52,0.39,0.36,2025-08-17,2355,N,VIIRS,n,2,293.67,1.55,N,0
38.7367,26.94418,306.08,0.43,0.38,2025-08-17,2355,N,VIIRS,n,2,294.85,0.95,N,2
38.73732,26.94197,304.02,0.43,0.38,2025-08-17,2355,N,VIIRS,n,2,293.47,2.02,N,2
38.73733,26.93923,303.94,0.43,0.38,2025-08-17,2355,N,VIIRS,n,2,292.96,0.95,N,2
38.73797,26.93702,303.86,0.43,0.38,2025-08-17,2355,N,VIIRS,n,2,292.42,0.74,N,0
38.74179,26.96058,304.12,0.43,0.38,2025-08-17,2355,N,VIIRS,n,2,293.72,0.76,N,2
38.74212,26.93274,304.24,0.43,0.38,2025-08-17,2355,N,VIIRS,n,2,292.51,0.74,N,2
38.74306,26.95065,305.54,0.43,0.38,2025-08-17,2355,N,VIIRS,n,2,293.31,1.13,N,2
38.7472,26.94642,305.55,0.43,0.38,2025-08-17,2355,N,VIIRS,n,2,291.9,0.82,N,2
38.75197,26.9372,319.03,0.43,0.38,2025-08-17,2355,N,VIIRS,n,2,293.27,1.99,N,0
38.81861,31.92849,303.49,0.4,0.37,2025-08-17,2355,N,VIIRS,n,2,289.99,0.4,N,0
39.0929,27.51267,307.44,0.42,0.38,2025-08-17,2355,N,VIIRS,n,2,292.19,1.21,N,0
39.10094,27.51591,301.88,0.42,0.38,2025-08-17,2355,N,VIIRS,n,2,290.97,0.85,N,0
39.10505,27.51166,304.56,0.42,0.38,2025-08-17,2355,N,VIIRS,n,2,291.93,0.85,N,0
39.11406,27.52397,309.95,0.42,0.38,2025-08-17,2355,N,VIIRS,n,2,291.29,1.02,N,2
39.11471,27.51904,301.65,0.42,0.38,2025-08-17,2355,N,VIIRS,n,2,290.67,1.32,N,2
39.16712,27.63011,308.53,0.42,0.37,2025-08-17,2355,N,VIIRS,n,2,291.99,1.09,N,2
39.18136,27.4979,304.54,0.42,0.38,2025-08-17,2355,N,VIIRS,n,2,291.41,1.02,N,2
39.86509,26.24396,324.34,0.47,0.4,2025-08-17,2355,N,VIIRS,n,2,294.11,3.22,N,2
35.52855,44.34089,356.12,0.46,0.47,2025-08-18,934,N,VIIRS,n,2,326.97,12.29,D,2
35.68738,43.8773,357.04,0.48,0.48,2025-08-18,935,N,VIIRS,n,2,323.43,38.32,D,2
35.84268,38.33336,352.03,0.47,0.64,2025-08-18,935,N,VIIRS,n,2,307.75,11.33,D,3
36.77447,43.32511,355.22,0.49,0.48,2025-08-18,935,N,VIIRS,n,2,325.77,15.08,D,2
36.78537,37.52176,353.8,0.49,0.65,2025-08-18,935,N,VIIRS,n,2,314.33,9.5,D,0
36.78678,37.51805,348.64,0.49,0.65,2025-08-18,935,N,VIIRS,n,2,312.59,8.62,D,0
36.93026,43.38154,347.56,0.48,0.48,2025-08-18,935,N,VIIRS,n,2,320.59,8.68,D,0
36.93137,43.38651,342.62,0.48,0.48,2025-08-18,935,N,VIIRS,n,2,313.13,8.68,D,0
37.13451,43.2287,344.46,0.49,0.48,2025-08-18,935,N,VIIRS,n,2,312.92,11.3,D,0
37.15758,43.98835,350.02,0.44,0.46,2025-08-18,935,N,VIIRS,n,2,317.51,6.17,D,0
37.15847,43.9924,344.43,0.44,0.46,2025-08-18,935,N,VIIRS,n,2,317.79,6.17,D,0
37.17311,40.24194,353.5,0.35,0.56,2025-08-18,935,N,VIIRS,n,2,313.49,6.82,D,0
37.32162,43.93251,345.74,0.44,0.46,2025-08-18,935,N,VIIRS,n,2,313.3,4.2,D,0
37.32555,43.9301,367.0,0.44,0.46,2025-08-18,935,N,VIIRS,h,2,329.78,37.01,D,0
37.32647,43.93424,346.25,0.44,0.46,2025-08-18,935,N,VIIRS,n,2,317.52,37.01,D,0
37.57376,38.07511,347.63,0.44,0.62,2025-08-18,935,N,VIIRS,n,2,318.07,11.03,D,0
37.28788,35.81554,335.38,0.58,0.7,2025-08-18,936,N,VIIRS,n,2,293.5,8.8,D,0
37.28814,35.81804,341.88,0.58,0.7,2025-08-18,936,N,VIIRS,n,2,294.24,5.68,D,0
38.29718,39.11444,367.0,0.37,0.58,2025-08-18,936,N,VIIRS,h,2,319.16,23.95,D,0
38.29799,39.1175,367.0,0.37,0.58,2025-08-18,936,N,VIIRS,h,2,316.15,20.9,D,0
38.29878,39.12049,353.26,0.37,0.58,2025-08-18,936,N,VIIRS,n,2,316.67,20.9,D,0
38.3003,39.12621,367.0,0.37,0.58,2025-08-18,936,N,VIIRS,h,2,313.27,24.14,D,0
38.30101,39.12886,350.9,0.37,0.58,2025-08-18,936,N,VIIRS,n,2,312.11,12.83,D,0
38.3014,39.10875,352.61,0.37,0.58,2025-08-18,936,N,VIIRS,n,2,310.58,23.95,D,0
38.30229,39.11211,367.0,0.37,0.58,2025-08-18,936,N,VIIRS,h,2,317.96,23.95,D,0
38.30309,39.11515,367.0,0.37,0.58,2025-08-18,936,N,VIIRS,h,2,313.12,20.9,D,0
38.30387,39.11807,367.0,0.37,0.58,2025-08-18,936,N,VIIRS,h,2,320.69,20.9,D,0
38.30462,39.12092,367.0,0.37,0.58,2025-08-18,936,N,VIIRS,h,2,318.82,24.14,D,0
38.30536,39.12368,367.0,0.37,0.58,2025-08-18,936,N,VIIRS,h,2,315.72,24.14,D,0
38.30607,39.12636,367.0,0.37,0.58,2025-08-18,936,N,VIIRS,h,2,312.56,12.83,D,0
38.99047,34.5958,344.68,0.6,0.7,2025-08-18,936,N,VIIRS,n,2,313.08,8.66,D,0
38.99162,34.59705,344.23,0.6,0.7,2025-08-18,936,N,VIIRS,n,2,312.8,7.89,D,0
39.65778,44.46674,353.76,0.56,0.43,2025-08-18,936,N,VIIRS,n,2,314.75,14.88,D,0
40.12115,36.33801,356.13,0.46,0.63,2025-08-18,936,N,VIIRS,n,2,316.84,14.77,D,0
40.12275,36.34354,356.32,0.46,0.63,2025-08-18,936,N,VIIRS,n,2,310.93,27.74,D,0
40.19007,42.05382,367.0,0.47,0.48,2025-08-18,936,N,VIIRS,h,2,315.61,12.0,D,0
40.19047,42.0557,345.01,0.47,0.48,2025-08-18,936,N,VIIRS,n,2,314.32,7.35,D,0
40.47285,41.02687,348.36,0.52,0.5,2025-08-18,936,N,VIIRS,n,2,313.31,9.08,D,0
40.47715,41.02445,343.0,0.52,0.5,2025-08-18,936,N,VIIRS,n,2,312.56,7.25,D,0
41.2398,36.46503,333.67,0.42,0.61,2025-08-18,937,N,VIIRS,n,2,301.06,3.81,D,2
36.2719,36.44911,342.32,0.64,0.54,2025-08-18,1115,N,VIIRS,n,2,303.24,6.39,D,0
36.73693,36.21165,333.48,0.62,0.54,2025-08-18,1116,N,VIIRS,n,2,301.27,10.54,D,2
36.87097,43.49496,338.36,0.79,0.78,2025-08-18,1116,N,VIIRS,n,2,309.72,5.12,D,2
36.91909,32.40243,367.0,0.39,0.44,2025-08-18,1116,N,VIIRS,h,2,320.76,7.71,D,0
36.91925,32.40063,345.87,0.39,0.44,2025-08-18,1116,N,VIIRS,n,2,319.7,4.23,D,0
36.91972,32.40506,343.73,0.39,0.44,2025-08-18,1116,N,VIIRS,n,2,318.72,5.72,D,0
37.29688,35.82489,342.79,0.6,0.53,2025-08-18,1116,N,VIIRS,n,2,302.09,9.04,D,0
38.25199,26.34335,336.36,0.39,0.36,2025-08-18,1116,N,VIIRS,n,2,307.06,2.69,D,0
38.29353,34.27246,343.92,0.51,0.49,2025-08-18,1116,N,VIIRS,n,2,311.18,10.14,D,0
38.29636,39.11398,346.75,0.47,0.64,2025-08-18,1116,N,VIIRS,n,2,314.88,9.93,D,0
38.30205,39.10703,357.45,0.47,0.64,2025-08-18,1116,N,VIIRS,n,2,314.06,9.93,D,0
38.30238,39.11493,367.0,0.47,0.64,2025-08-18,1116,N,VIIRS,h,2,315.74,9.93,D,0
38.30285,39.12609,353.24,0.47,0.64,2025-08-18,1116,N,VIIRS,n,2,310.47,15.08,D,0
38.3085,39.11836,336.44,0.47,0.64,2025-08-18,1116,N,VIIRS,n,2,305.18,2.22,D,0
38.3894,30.7749,348.55,0.51,0.41,2025-08-18,1116,N,VIIRS,n,2,316.76,14.5,D,0
38.42181,30.82339,348.4,0.51,0.41,2025-08-18,1116,N,VIIRS,n,2,311.56,14.02,D,0
38.43452,30.83322,367.0,0.52,0.41,2025-08-18,1116,N,VIIRS,h,2,330.98,237.22,D,0
38.43768,30.82664,351.05,0.51,0.41,2025-08-18,1116,N,VIIRS,n,2,312.71,16.51,D,0
38.43833,30.83255,346.98,0.52,0.41,2025-08-18,1116,N,VIIRS,n,2,303.5,16.51,D,0
38.67852,31.14507,355.9,0.54,0.42,2025-08-18,1116,N,VIIRS,n,2,320.23,26.93,D,0
38.67918,31.15125,346.15,0.54,0.42,2025-08-18,1116,N,VIIRS,n,2,314.8,18.96,D,0
38.73941,26.93217,341.11,0.39,0.36,2025-08-18,1116,N,VIIRS,n,2,310.59,3.85,D,2
38.80107,30.4147,346.37,0.5,0.41,2025-08-18,1116,N,VIIRS,n,2,313.86,8.38,D,0
38.80856,30.41332,353.82,0.5,0.41,2025-08-18,1116,N,VIIRS,n,2,317.15,8.9,D,0
38.80923,30.41925,351.37,0.5,0.41,2025-08-18,1116,N,VIIRS,n,2,315.73,7.53,D,0
38.82119,31.93178,346.09,0.39,0.44,2025-08-18,1116,N,VIIRS,n,2,307.67,1.68,D,0
40.19181,42.04894,340.06,0.69,0.74,2025-08-18,1117,N,VIIRS,n,2,306.91,4.77,D,0
40.22178,39.36934,340.56,0.5,0.65,2025-08-18,1117,N,VIIRS,n,2,313.81,3.81,D,0
41.2416,36.46309,332.48,0.35,0.57,2025-08-18,1117,N,VIIRS,n,2,300.57,4.33,D,2
41.26596,31.42567,339.81,0.39,0.44,2025-08-18,1117,N,VIIRS,n,2,299.97,6.65,D,2
40.63684,43.11709,302.6,0.75,0.77,2025-08-18,2154,N,VIIRS,n,2,283.26,1.56,N,0
42.11497,43.01461,299.67,0.76,0.77,2025-08-18,2154,N,VIIRS,n,2,289.37,1.22,N,2
35.52219,44.34159,317.09,0.6,0.71,2025-08-18,2155,N,VIIRS,n,2,296.99,3.11,N,2
35.5288,44.34213,351.87,0.6,0.71,2025-08-18,2155,N,VIIRS,n,2,297.86,6.59,N,2
35.52903,44.33506,342.86,0.6,0.71,2025-08-18,2155,N,VIIRS,n,2,298.85,6.59,N,2
35.53565,44.33572,330.31,0.6,0.71,2025-08-18,2155,N,VIIRS,n,2,297.89,6.59,N,2
35.62657,44.01297,312.38,0.63,0.72,2025-08-18,2155,N,VIIRS,n,2,297.0,7.19,N,2
35.62682,44.00563,367.0,0.63,0.72,2025-08-18,2155,N,VIIRS,h,2,301.05,15.58,N,2
35.62859,44.01029,353.09,0.63,0.72,2025-08-18,2155,N,VIIRS,n,2,299.36,9.48,N,2
35.6288,44.00296,343.7,0.63,0.72,2025-08-18,2155,N,VIIRS,n,2,298.68,9.48,N,2
35.66376,43.96202,367.0,0.63,0.72,2025-08-18,2155,N,VIIRS,h,2,301.14,11.59,N,2
35.67989,43.87466,309.42,0.64,0.72,2025-08-18,2155,N,VIIRS,n,2,295.09,2.34,N,2
35.68144,43.88079,308.62,0.64,0.72,2025-08-18,2155,N,VIIRS,n,2,294.98,15.96,N,2
35.68162,43.87342,367.0,0.64,0.72,2025-08-18,2155,N,VIIRS,h,2,297.36,23.87,N,2
35.68645,43.88249,307.83,0.64,0.72,2025-08-18,2155,N,VIIRS,n,2,295.75,17.73,N,2
35.68666,43.87519,367.0,0.64,0.72,2025-08-18,2155,N,VIIRS,h,2,307.14,17.73,N,2
35.68689,43.86778,313.22,0.64,0.72,2025-08-18,2155,N,VIIRS,n,2,295.45,23.77,N,2
35.6884,43.87397,367.0,0.64,0.72,2025-08-18,2155,N,VIIRS,h,2,305.32,23.87,N,2
35.72215,44.03854,352.58,0.63,0.72,2025-08-18,2155,N,VIIRS,n,2,299.26,5.32,N,2
35.72476,44.0379,353.37,0.63,0.72,2025-08-18,2155,N,VIIRS,n,2,300.48,11.38,N,2
35.72886,44.03939,309.08,0.63,0.72,2025-08-18,2155,N,VIIRS,n,2,298.41,5.32,N,2
35.72911,44.03196,327.84,0.63,0.72,2025-08-18,2155,N,VIIRS,n,2,298.87,9.71,N,2
35.73169,44.03127,325.92,0.63,0.72,2025-08-18,2155,N,VIIRS,n,2,298.73,3.94,N,2
35.77336,43.99092,317.39,0.63,0.72,2025-08-18,2155,N,VIIRS,n,2,298.12,5.11,N,2
35.95314,43.72416,311.47,0.66,0.73,2025-08-18,2155,N,VIIRS,n,2,297.91,2.61,N,2
36.01604,43.68039,311.9,0.66,0.73,2025-08-18,2155,N,VIIRS,n,2,296.81,2.42,N,2
36.01605,43.67713,308.25,0.66,0.73,2025-08-18,2155,N,VIIRS,n,2,296.64,2.11,N,2
36.73122,43.27438,313.68,0.7,0.75,2025-08-18,2155,N,VIIRS,n,2,298.09,4.07,N,2
36.73339,43.27707,308.02,0.7,0.75,2025-08-18,2155,N,VIIRS,n,2,296.87,2.12,N,2
36.74854,43.49682,307.96,0.68,0.74,2025-08-18,2155,N,VIIRS,n,2,296.01,2.75,N,2
36.77261,43.32106,333.85,0.7,0.75,2025-08-18,2155,N,VIIRS,n,2,297.25,7.91,N,2
36.7745,43.32366,345.94,0.7,0.75,2025-08-18,2155,N,VIIRS,n,2,299.27,12.48,N,2
36.77958,43.32336,336.41,0.7,0.75,2025-08-18,2155,N,VIIRS,n,2,299.23,7.06,N,2
36.86697,43.49069,309.65,0.68,0.74,2025-08-18,2155,N,VIIRS,n,2,296.25,2.54,N,2
36.86715,43.48306,313.33,0.69,0.74,2025-08-18,2155,N,VIIRS,n,2,295.45,2.54,N,2
36.87244,43.48027,306.23,0.69,0.74,2025-08-18,2155,N,VIIRS,n,2,294.45,3.5,N,0
36.90925,43.3785,318.64,0.7,0.75,2025-08-18,2155,N,VIIRS,n,2,293.0,3.68,N,2
36.93555,43.38308,326.32,0.7,0.75,2025-08-18,2155,N,VIIRS,n,2,296.37,5.75,N,0
36.93567,43.37601,310.29,0.7,0.75,2025-08-18,2155,N,VIIRS,n,2,295.99,3.69,N,0
36.93577,43.36895,308.78,0.7,0.75,2025-08-18,2155,N,VIIRS,n,2,294.95,3.69,N,0
36.93712,43.3845,322.46,0.69,0.75,2025-08-18,2155,N,VIIRS,n,2,294.88,2.8,N,0
36.93726,43.37762,311.03,0.7,0.75,2025-08-18,2155,N,VIIRS,n,2,295.39,2.8,N,0
36.93741,43.37039,313.99,0.7,0.75,2025-08-18,2155,N,VIIRS,n,2,295.96,2.28,N,0
36.93755,43.36345,306.89,0.7,0.75,2025-08-18,2155,N,VIIRS,n,2,295.92,2.28,N,0
37.10359,43.94515,309.78,0.65,0.73,2025-08-18,2155,N,VIIRS,n,2,295.69,2.42,N,0
37.10373,43.93905,316.05,0.65,0.73,2025-08-18,2155,N,VIIRS,n,2,296.16,2.42,N,0
37.13209,43.22665,312.38,0.71,0.75,2025-08-18,2155,N,VIIRS,n,2,296.14,2.39,N,0
37.15124,44.00643,306.95,0.64,0.72,2025-08-18,2155,N,VIIRS,n,2,295.98,4.11,N,0
37.32362,43.94949,304.38,0.65,0.73,2025-08-18,2155,N,VIIRS,n,2,293.47,2.53,N,0
37.32375,43.94362,313.51,0.65,0.73,2025-08-18,2155,N,VIIRS,n,2,293.89,2.53,N,0
37.32441,43.91463,319.11,0.66,0.73,2025-08-18,2155,N,VIIRS,n,2,290.12,3.71,N,0
37.32453,43.90948,325.61,0.66,0.73,2025-08-18,2155,N,VIIRS,n,2,288.95,3.71,N,0
37.32941,43.31608,300.57,0.71,0.75,2025-08-18,2155,N,VIIRS,n,2,290.34,2.23,N,0
37.33051,43.94617,312.27,0.65,0.73,2025-08-18,2155,N,VIIRS,n,2,294.63,2.53,N,0
37.33138,43.90892,299.34,0.66,0.73,2025-08-18,2155,N,VIIRS,n,2,288.81,3.71,N,0
37.3316,43.94541,305.15,0.65,0.73,2025-08-18,2155,N,VIIRS,n,2,294.25,2.67,N,0
38.22623,42.61507,320.11,0.46,0.47,2025-08-18,2335,N,VIIRS,n,2,282.93,1.79,N,0
38.22731,42.61026,300.43,0.46,0.47,2025-08-18,2335,N,VIIRS,n,2,283.53,1.79,N,0
38.89182,41.56908,302.38,0.39,0.44,2025-08-18,2335,N,VIIRS,n,2,290.69,0.48,N,2
39.36493,42.09662,302.51,0.41,0.45,2025-08-18,2335,N,VIIRS,n,2,285.28,1.77,N,0
39.36742,42.09953,326.68,0.41,0.45,2025-08-18,2335,N,VIIRS,n,2,286.68,3.44,N,0
39.36894,42.098,320.26,0.41,0.45,2025-08-18,2335,N,VIIRS,n,2,286.33,1.77,N,0
39.724,36.93517,305.01,0.4,0.37,2025-08-18,2335,N,VIIRS,n,2,288.74,0.89,N,0
39.9448,33.19166,308.9,0.4,0.37,2025-08-18,2335,N,VIIRS,n,2,291.83,1.34,N,2
39.96152,33.14672,300.95,0.41,0.37,2025-08-18,2335,N,VIIRS,n,2,289.85,0.92,N,2
40.0492,32.64822,303.88,0.42,0.38,2025-08-18,2335,N,VIIRS,n,2,290.56,0.77,N,2
40.05048,32.65198,305.48,0.42,0.37,2025-08-18,2335,N,VIIRS,n,2,291.21,1.01,N,2
40.18602,42.04433,298.83,0.39,0.44,2025-08-18,2335,N,VIIRS,n,2,286.78,4.61,N,0
40.18695,42.04007,352.03,0.39,0.44,2025-08-18,2335,N,VIIRS,n,2,291.34,4.61,N,0
40.19094,42.0412,328.12,0.39,0.44,2025-08-18,2335,N,VIIRS,n,2,288.14,4.61,N,0
40.26103,30.04102,306.34,0.52,0.41,2025-08-18,2335,N,VIIRS,n,2,290.47,1.04,N,2
40.26284,30.04093,305.45,0.52,0.41,2025-08-18,2335,N,VIIRS,n,2,290.31,0.94,N,0
40.44542,27.13099,315.51,0.48,0.48,2025-08-18,2335,N,VIIRS,n,2,291.9,2.92,N,2
40.75655,31.78167,300.63,0.45,0.39,2025-08-18,2335,N,VIIRS,n,2,288.32,0.65,N,2
40.75867,29.75551,304.96,0.54,0.42,2025-08-18,2335,N,VIIRS,n,2,290.55,1.96,N,2
40.75906,29.36003,302.98,0.56,0.43,2025-08-18,2335,N,VIIRS,n,2,291.43,0.87,N,2
40.7661,32.21742,307.44,0.44,0.38,2025-08-18,2335,N,VIIRS,n,2,285.91,1.19,N,2
40.80301,30.47479,300.0,0.5,0.41,2025-08-18,2335,N,VIIRS,n,2,288.74,0.37,N,0
40.80675,29.3685,303.59,0.56,0.43,2025-08-18,2335,N,VIIRS,n,2,290.78,0.77,N,0
41.01677,27.96153,307.09,0.44,0.46,2025-08-18,2335,N,VIIRS,n,2,290.37,1.09,N,2
41.02242,28.55541,317.44,0.41,0.45,2025-08-18,2335,N,VIIRS,n,2,293.08,1.78,N,2
41.1763,32.63349,315.91,0.43,0.38,2025-08-18,2335,N,VIIRS,n,2,292.24,2.1,N,2
41.18672,32.63577,303.21,0.43,0.38,2025-08-18,2335,N,VIIRS,n,2,291.04,1.19,N,2
41.25389,31.41273,308.84,0.47,0.4,2025-08-18,2335,N,VIIRS,n,2,290.15,0.89,N,2
41.25685,31.41909,300.23,0.47,0.4,2025-08-18,2335,N,VIIRS,n,2,289.69,0.89,N,2
41.25753,31.41348,308.49,0.47,0.4,2025-08-18,2335,N,VIIRS,n,2,290.32,0.89,N,2
41.26708,31.42699,304.41,0.47,0.4,2025-08-18,2335,N,VIIRS,n,2,291.71,1.03,N,2
41.27071,31.42777,305.08,0.47,0.4,2025-08-18,2335,N,VIIRS,n,2,289.99,1.03,N,2
41.62917,27.68471,299.71,0.46,0.47,2025-08-18,2335,N,VIIRS,n,2,287.33,1.07,N,2
35.51865,44.33817,332.0,0.33,0.55,2025-08-18,2336,N,VIIRS,n,2,296.89,2.07,N,0
35.52762,44.34513,355.49,0.33,0.55,2025-08-18,2336,N,VIIRS,n,2,298.57,6.6,N,2
35.52849,44.34169,352.54,0.33,0.55,2025-08-18,2336,N,VIIRS,n,2,298.9,10.68,N,2
35.52936,44.33824,367.0,0.32,0.55,2025-08-18,2336,N,VIIRS,h,2,301.15,10.68,N,2
35.53341,44.34344,313.78,0.33,0.55,2025-08-18,2336,N,VIIRS,n,2,295.56,5.13,N,2
35.53428,44.33996,367.0,0.32,0.55,2025-08-18,2336,N,VIIRS,h,2,300.68,5.13,N,2
35.53516,44.33646,340.39,0.32,0.55,2025-08-18,2336,N,VIIRS,n,2,298.46,6.17,N,2
35.62679,44.01149,333.97,0.62,0.54,2025-08-18,2336,N,VIIRS,n,2,297.83,4.53,N,2
35.62842,44.00488,339.19,0.62,0.54,2025-08-18,2336,N,VIIRS,n,2,299.25,7.08,N,2
35.63158,44.01335,307.5,0.62,0.54,2025-08-18,2336,N,VIIRS,n,2,296.55,4.53,N,2
35.63321,44.00675,324.87,0.62,0.54,2025-08-18,2336,N,VIIRS,n,2,297.81,7.08,N,2
35.65921,43.96499,306.81,0.62,0.54,2025-08-18,2336,N,VIIRS,n,2,295.83,5.91,N,2
35.66401,43.96671,340.87,0.62,0.54,2025-08-18,2336,N,VIIRS,n,2,302.23,5.91,N,2
35.67622,44.06779,309.77,0.62,0.54,2025-08-18,2336,N,VIIRS,n,2,299.15,2.89,N,2
35.67625,44.06667,309.08,0.62,0.54,2025-08-18,2336,N,VIIRS,n,2,298.49,3.46,N,2
35.68505,43.8808,325.68,0.61,0.53,2025-08-18,2336,N,VIIRS,n,2,297.22,28.31,N,2
35.68667,43.87418,340.37,0.61,0.53,2025-08-18,2336,N,VIIRS,n,2,306.4,28.31,N,2
35.72497,44.04086,343.11,0.62,0.54,2025-08-18,2336,N,VIIRS,n,2,299.63,8.46,N,2
35.72663,44.03419,306.92,0.62,0.54,2025-08-18,2336,N,VIIRS,n,2,296.59,3.78,N,2
35.73148,44.03576,312.53,0.62,0.54,2025-08-18,2336,N,VIIRS,n,2,298.02,2.99,N,2
35.77187,43.99929,307.64,0.62,0.54,2025-08-18,2336,N,VIIRS,n,2,296.97,3.21,N,2
35.77347,43.99276,324.8,0.61,0.54,2025-08-18,2336,N,VIIRS,n,2,297.78,4.62,N,2
35.96867,43.76604,320.92,0.59,0.53,2025-08-18,2336,N,VIIRS,n,2,301.57,8.01,N,2
35.9706,43.76712,315.73,0.59,0.53,2025-08-18,2336,N,VIIRS,n,2,300.86,5.54,N,2
35.97992,43.77102,318.26,0.59,0.53,2025-08-18,2336,N,VIIRS,n,2,300.05,2.62,N,2
35.98265,43.77183,310.34,0.59,0.53,2025-08-18,2336,N,VIIRS,n,2,298.91,4.53,N,2
35.99706,43.76367,311.59,0.59,0.53,2025-08-18,2336,N,VIIRS,n,2,297.18,1.92,N,2
36.01677,43.68108,316.07,0.58,0.52,2025-08-18,2336,N,VIIRS,n,2,295.73,2.39,N,2
36.02008,43.68206,317.27,0.58,0.52,2025-08-18,2336,N,VIIRS,n,2,297.57,2.47,N,2
36.09895,43.62968,313.7,0.58,0.52,2025-08-18,2336,N,VIIRS,n,2,294.07,1.63,N,0
36.13108,40.80933,309.49,0.41,0.45,2025-08-18,2336,N,VIIRS,n,2,296.49,0.94,N,2
36.1422,40.81787,320.64,0.41,0.45,2025-08-18,2336,N,VIIRS,n,2,297.17,1.83,N,2
36.19442,37.55545,313.54,0.44,0.39,2025-08-18,2336,N,VIIRS,n,2,295.27,1.3,N,0
36.25968,33.7204,310.52,0.38,0.36,2025-08-18,2336,N,VIIRS,n,2,295.15,1.06,N,0
36.26166,33.72966,309.72,0.38,0.36,2025-08-18,2336,N,VIIRS,n,2,295.18,0.97,N,2
36.26496,33.73043,310.51,0.38,0.36,2025-08-18,2336,N,VIIRS,n,2,296.09,0.97,N,2
36.26757,33.71346,313.25,0.38,0.36,2025-08-18,2336,N,VIIRS,n,2,293.83,1.19,N,0
36.27086,33.71425,305.54,0.38,0.36,2025-08-18,2336,N,VIIRS,n,2,293.65,0.69,N,0
36.39411,43.80904,310.03,0.58,0.52,2025-08-18,2336,N,VIIRS,n,2,295.78,2.14,N,0
36.74706,43.49607,306.2,0.55,0.51,2025-08-18,2336,N,VIIRS,n,2,296.11,2.62,N,2
36.77431,43.32108,314.66,0.54,0.51,2025-08-18,2336,N,VIIRS,n,2,297.17,4.23,N,2
36.7776,43.32784,308.82,0.54,0.51,2025-08-18,2336,N,VIIRS,n,2,298.73,4.23,N,2
36.77897,43.32215,339.6,0.54,0.51,2025-08-18,2336,N,VIIRS,n,2,302.71,4.23,N,2
36.79972,37.02235,308.31,0.42,0.38,2025-08-18,2336,N,VIIRS,n,2,295.59,1.12,N,2
36.86732,43.52115,306.84,0.55,0.51,2025-08-18,2336,N,VIIRS,n,2,296.32,1.91,N,0
36.86997,43.48946,327.44,0.55,0.51,2025-08-18,2336,N,VIIRS,n,2,298.13,4.71,N,2
36.86998,34.76283,311.44,0.38,0.36,2025-08-18,2336,N,VIIRS,n,2,296.28,1.64,N,2
36.90726,43.39526,303.12,0.54,0.51,2025-08-18,2336,N,VIIRS,n,2,293.03,1.22,N,2
36.9087,43.38918,324.48,0.54,0.51,2025-08-18,2336,N,VIIRS,n,2,293.71,2.88,N,2
36.93427,43.38487,308.53,0.54,0.51,2025-08-18,2336,N,VIIRS,n,2,295.75,2.23,N,0
36.93714,43.37272,305.94,0.54,0.51,2025-08-18,2336,N,VIIRS,n,2,294.73,2.74,N,0
36.93753,42.13218,320.73,0.46,0.47,2025-08-18,2336,N,VIIRS,n,2,298.0,2.85,N,2
36.93859,43.38736,306.48,0.54,0.51,2025-08-18,2336,N,VIIRS,n,2,292.49,0.48,N,0
36.93998,43.36069,313.52,0.54,0.5,2025-08-18,2336,N,VIIRS,n,2,295.7,3.26,N,0
36.94205,42.1725,323.6,0.46,0.47,2025-08-18,2336,N,VIIRS,n,2,298.5,2.28,N,2
36.94716,42.13007,332.25,0.46,0.47,2025-08-18,2336,N,VIIRS,n,2,299.31,3.63,N,2
37.10247,43.96839,304.64,0.57,0.52,2025-08-18,2336,N,VIIRS,n,2,293.29,1.7,N,0
37.10412,43.9408,304.67,0.57,0.52,2025-08-18,2336,N,VIIRS,n,2,294.66,2.57,N,0
37.15268,44.01154,309.37,0.57,0.52,2025-08-18,2336,N,VIIRS,n,2,295.52,2.5,N,0
37.15284,44.01173,308.59,0.57,0.52,2025-08-18,2336,N,VIIRS,n,2,295.06,1.38,N,0
37.27665,38.729,305.67,0.47,0.4,2025-08-18,2336,N,VIIRS,n,2,294.81,0.59,N,2
37.29405,37.1577,320.73,0.42,0.38,2025-08-18,2336,N,VIIRS,n,2,296.19,2.3,N,2
37.32507,43.9466,313.07,0.56,0.52,2025-08-18,2336,N,VIIRS,n,2,295.39,3.89,N,0
37.32519,43.90484,316.5,0.56,0.52,2025-08-18,2336,N,VIIRS,n,2,287.68,2.12,N,0
37.32917,43.95042,308.16,0.56,0.52,2025-08-18,2336,N,VIIRS,n,2,292.67,3.46,N,0
37.32947,43.90781,324.83,0.56,0.52,2025-08-18,2336,N,VIIRS,n,2,291.71,3.34,N,0
37.33233,43.33291,297.91,0.52,0.5,2025-08-18,2336,N,VIIRS,n,2,287.69,0.69,N,0
37.33923,40.80158,315.07,0.39,0.44,2025-08-18,2336,N,VIIRS,n,2,297.22,1.48,N,2
37.75451,38.78389,330.83,0.47,0.4,2025-08-18,2336,N,VIIRS,n,2,297.48,3.75,N,0
37.86211,29.37425,314.61,0.52,0.42,2025-08-18,2336,N,VIIRS,n,2,292.64,2.08,N,2
37.86398,29.37008,311.04,0.52,0.42,2025-08-18,2336,N,VIIRS,n,2,291.83,1.43,N,0
37.93969,32.53331,305.78,0.41,0.37,2025-08-18,2336,N,VIIRS,n,2,293.72,0.69,N,2
38.34678,32.21059,297.87,0.42,0.37,2025-08-18,2336,N,VIIRS,n,2,287.51,0.69,N,0
38.34956,32.21606,298.06,0.42,0.37,2025-08-18,2336,N,VIIRS,n,2,287.57,0.61,N,0
38.38449,30.76895,307.81,0.46,0.39,2025-08-18,2336,N,VIIRS,n,2,289.01,1.31,N,0
38.38745,30.77502,300.41,0.46,0.39,2025-08-18,2336,N,VIIRS,n,2,289.0,1.31,N,0
38.38811,30.76963,302.52,0.46,0.39,2025-08-18,2336,N,VIIRS,n,2,289.06,1.31,N,0
38.39107,30.77568,315.52,0.46,0.39,2025-08-18,2336,N,VIIRS,n,2,291.27,1.61,N,0
38.39172,30.77034,300.57,0.46,0.39,2025-08-18,2336,N,VIIRS,n,2,287.52,1.61,N,0
38.39469,30.77637,315.45,0.46,0.39,2025-08-18,2336,N,VIIRS,n,2,290.05,1.61,N,0
38.40422,30.78912,301.04,0.46,0.39,2025-08-18,2336,N,VIIRS,n,2,285.46,1.17,N,0
38.42586,27.21714,315.16,0.45,0.47,2025-08-18,2336,N,VIIRS,n,2,293.82,1.91,N,2
38.65879,30.61698,303.36,0.47,0.4,2025-08-18,2336,N,VIIRS,n,2,289.94,1.4,N,2
38.6766,31.13922,313.81,0.45,0.39,2025-08-18,2336,N,VIIRS,n,2,293.64,2.08,N,0
38.67725,31.13402,306.9,0.45,0.39,2025-08-18,2336,N,VIIRS,n,2,291.81,2.52,N,0
38.67952,31.14514,309.61,0.45,0.39,2025-08-18,2336,N,VIIRS,n,2,293.75,2.08,N,0
38.68017,31.13994,317.1,0.45,0.39,2025-08-18,2336,N,VIIRS,n,2,295.37,2.08,N,0
38.68374,31.14067,302.86,0.45,0.39,2025-08-18,2336,N,VIIRS,n,2,291.49,1.93,N,0
38.73192,26.96333,304.98,0.47,0.48,2025-08-18,2336,N,VIIRS,n,2,291.53,0.54,N,2
38.74223,26.948,305.05,0.47,0.48,2025-08-18,2336,N,VIIRS,n,2,293.9,2.18,N,2
38.7454,26.94903,305.38,0.47,0.48,2025-08-18,2336,N,VIIRS,n,2,293.16,1.19,N,2
38.74936,26.95501,304.24,0.47,0.48,2025-08-18,2336,N,VIIRS,n,2,292.77,1.64,N,2
38.75056,26.9546,306.49,0.47,0.48,2025-08-18,2336,N,VIIRS,n,2,292.3,1.8,N,2
38.75072,26.93883,306.05,0.47,0.48,2025-08-18,2336,N,VIIRS,n,2,291.53,1.28,N,0
38.75203,26.93844,316.29,0.47,0.48,2025-08-18,2336,N,VIIRS,n,2,292.68,1.34,N,0
38.75515,26.93941,303.19,0.47,0.48,2025-08-18,2336,N,VIIRS,n,2,291.44,0.61,N,0
38.85802,35.76315,299.96,0.39,0.36,2025-08-18,2336,N,VIIRS,n,2,289.34,0.81,N,2
38.96914,29.40833,300.73,0.54,0.42,2025-08-18,2336,N,VIIRS,n,2,287.72,1.06,N,0
38.97382,34.58853,327.16,0.38,0.36,2025-08-18,2336,N,VIIRS,n,2,290.54,1.46,N,0
38.97711,34.58937,310.01,0.38,0.36,2025-08-18,2336,N,VIIRS,n,2,289.98,1.46,N,0
39.10262,27.51124,300.68,0.44,0.46,2025-08-18,2336,N,VIIRS,n,2,290.35,0.86,N,0
39.11444,27.52437,305.32,0.44,0.46,2025-08-18,2336,N,VIIRS,n,2,292.03,1.73,N,2
39.16717,27.63218,302.63,0.44,0.46,2025-08-18,2336,N,VIIRS,n,2,290.8,1.17,N,2
39.48559,30.04127,301.68,0.51,0.41,2025-08-18,2336,N,VIIRS,n,2,288.62,1.16,N,2
39.59639,32.42155,305.58,0.42,0.38,2025-08-18,2336,N,VIIRS,n,2,291.62,1.02,N,2
39.83905,30.29844,299.91,0.5,0.41,2025-08-18,2336,N,VIIRS,n,2,289.27,1.53,N,2
39.8658,26.24155,313.25,0.53,0.5,2025-08-18,2336,N,VIIRS,n,2,291.49,2.13,N,2
39.86813,26.24228,309.04,0.52,0.5,2025-08-18,2336,N,VIIRS,n,2,290.48,1.45,N,2
40.01604,27.00602,302.97,0.48,0.48,2025-08-18,2336,N,VIIRS,n,2,289.45,1.57,N,0
40.01789,27.0081,300.76,0.48,0.48,2025-08-18,2336,N,VIIRS,n,2,289.71,0.93,N,0
40.02,27.0124,300.04,0.48,0.48,2025-08-18,2336,N,VIIRS,n,2,289.92,1.0,N,0
41.01786,28.55521,299.72,0.69,0.74,2025-08-19,115,N,VIIRS,n,2,287.12,1.14,N,2
41.01864,28.55171,300.2,0.69,0.74,2025-08-19,115,N,VIIRS,n,2,286.66,1.07,N,2
41.80721,26.55961,300.63,0.53,0.67,2025-08-19,115,N,VIIRS,n,2,283.12,1.16,N,0
38.73671,26.9459,303.85,0.68,0.74,2025-08-19,116,N,VIIRS,n,2,290.28,2.65,N,2
38.75439,26.93775,304.59,0.68,0.74,2025-08-19,116,N,VIIRS,n,2,288.35,0.99,N,0
39.86463,26.24338,305.09,0.58,0.7,2025-08-19,116,N,VIIRS,n,2,288.43,1.27,N,2
35.52437,44.34451,367.0,0.41,0.61,2025-08-19,916,N,VIIRS,h,2,319.2,6.18,D,2
35.52653,44.34308,367.0,0.41,0.61,2025-08-19,916,N,VIIRS,h,2,318.51,10.51,D,2
35.52857,44.33788,347.57,0.41,0.61,2025-08-19,916,N,VIIRS,n,2,316.52,6.18,D,2
35.52979,44.34243,354.94,0.41,0.61,2025-08-19,916,N,VIIRS,n,2,317.09,6.18,D,2
35.53076,44.33643,341.45,0.41,0.61,2025-08-19,916,N,VIIRS,n,2,315.78,7.96,D,2
35.53195,44.34098,367.0,0.41,0.61,2025-08-19,916,N,VIIRS,h,2,318.95,7.96,D,2
35.53401,44.33588,346.77,0.41,0.61,2025-08-19,916,N,VIIRS,n,2,316.5,8.49,D,2
35.58179,43.25773,355.78,0.47,0.64,2025-08-19,916,N,VIIRS,n,2,309.58,7.47,D,0
35.62994,44.00704,351.22,0.43,0.62,2025-08-19,916,N,VIIRS,n,2,320.41,16.26,D,2
35.63118,44.01167,367.0,0.43,0.62,2025-08-19,916,N,VIIRS,h,2,319.15,16.26,D,2
35.66108,43.96445,367.0,0.43,0.62,2025-08-19,916,N,VIIRS,h,2,320.84,9.65,D,2
35.66219,43.9626,357.51,0.43,0.62,2025-08-19,916,N,VIIRS,n,2,318.9,12.45,D,2
35.66231,43.96909,343.37,0.43,0.62,2025-08-19,916,N,VIIRS,n,2,318.06,9.65,D,2
35.66344,43.96723,367.0,0.43,0.62,2025-08-19,916,N,VIIRS,h,2,319.85,14.7,D,2
35.68177,43.87751,354.6,0.43,0.62,2025-08-19,916,N,VIIRS,n,2,326.05,18.31,D,2
35.68731,43.87541,367.0,0.43,0.62,2025-08-19,916,N,VIIRS,h,2,317.32,18.31,D,2
35.68857,43.88006,342.22,0.43,0.62,2025-08-19,916,N,VIIRS,n,2,315.98,18.31,D,2
35.72562,44.0401,367.0,0.42,0.61,2025-08-19,916,N,VIIRS,h,2,319.39,8.44,D,2
35.72989,44.03344,350.38,0.42,0.61,2025-08-19,916,N,VIIRS,n,2,319.11,8.44,D,2
35.77439,43.9963,351.47,0.42,0.61,2025-08-19,916,N,VIIRS,n,2,318.83,12.04,D,2
36.77291,43.3265,350.89,0.43,0.62,2025-08-19,916,N,VIIRS,n,2,322.22,6.45,D,2
36.77882,43.32569,353.41,0.43,0.62,2025-08-19,916,N,VIIRS,n,2,318.94,6.45,D,2
36.868,43.4889,347.74,0.42,0.61,2025-08-19,916,N,VIIRS,n,2,313.96,5.69,D,2
36.90672,43.38628,343.27,0.43,0.62,2025-08-19,916,N,VIIRS,n,2,312.28,3.65,D,2
36.9306,43.38461,348.58,0.43,0.62,2025-08-19,916,N,VIIRS,n,2,316.77,4.73,D,0
36.93171,43.38871,349.22,0.43,0.62,2025-08-19,916,N,VIIRS,n,2,315.21,4.73,D,0
36.93796,43.38932,350.17,0.43,0.62,2025-08-19,916,N,VIIRS,n,2,317.35,7.6,D,0
36.93888,43.37028,367.0,0.43,0.62,2025-08-19,916,N,VIIRS,h,2,314.35,12.05,D,0
36.94101,43.36811,367.0,0.43,0.62,2025-08-19,916,N,VIIRS,h,2,313.07,12.59,D,0
36.9735,39.60266,367.0,0.66,0.73,2025-08-19,916,N,VIIRS,h,2,311.3,22.7,D,0
36.97792,39.60164,367.0,0.66,0.73,2025-08-19,916,N,VIIRS,h,2,309.35,36.6,D,0
36.97998,39.59981,345.94,0.66,0.73,2025-08-19,916,N,VIIRS,n,2,304.72,22.7,D,0
37.09759,43.9419,342.34,0.4,0.6,2025-08-19,916,N,VIIRS,n,2,317.29,8.34,D,0
37.09769,43.94065,343.71,0.4,0.6,2025-08-19,916,N,VIIRS,n,2,317.05,8.49,D,0
37.09862,43.94579,367.0,0.4,0.6,2025-08-19,916,N,VIIRS,h,2,320.54,22.45,D,0
37.09869,43.94436,367.0,0.4,0.6,2025-08-19,916,N,VIIRS,h,2,319.58,8.49,D,0
37.09988,43.94873,355.09,0.39,0.6,2025-08-19,916,N,VIIRS,n,2,314.58,13.11,D,0
37.10224,43.93729,351.08,0.4,0.6,2025-08-19,916,N,VIIRS,n,2,315.99,8.34,D,0
37.32272,43.94918,367.0,0.39,0.59,2025-08-19,916,N,VIIRS,h,2,311.54,10.04,D,0
37.32354,43.9523,337.34,0.39,0.59,2025-08-19,916,N,VIIRS,n,2,310.17,10.15,D,0
37.32381,43.94883,367.0,0.39,0.59,2025-08-19,916,N,VIIRS,h,2,313.82,10.01,D,0
37.3293,43.90408,343.0,0.39,0.6,2025-08-19,916,N,VIIRS,n,2,317.39,18.31,D,0
37.33397,43.89967,339.61,0.39,0.6,2025-08-19,916,N,VIIRS,n,2,313.57,7.43,D,0
37.33498,43.90342,367.0,0.39,0.6,2025-08-19,916,N,VIIRS,h,2,320.41,18.31,D,0
39.24873,42.8473,352.38,0.4,0.6,2025-08-19,917,N,VIIRS,n,2,318.23,8.01,D,0
40.26675,41.58075,336.08,0.43,0.62,2025-08-19,917,N,VIIRS,n,2,305.51,2.09,D,0
35.52369,44.34479,356.56,0.47,0.64,2025-08-19,1056,N,VIIRS,n,2,318.8,10.27,D,2
35.52608,44.3421,367.0,0.47,0.64,2025-08-19,1056,N,VIIRS,h,2,319.04,19.2,D,2
35.52941,44.33914,367.0,0.47,0.64,2025-08-19,1056,N,VIIRS,h,2,320.75,10.74,D,2
35.52967,44.34432,347.95,0.47,0.64,2025-08-19,1056,N,VIIRS,n,2,316.87,10.74,D,2
35.53183,44.3364,356.68,0.47,0.64,2025-08-19,1056,N,VIIRS,n,2,316.87,19.82,D,2
35.53207,44.34163,367.0,0.47,0.64,2025-08-19,1056,N,VIIRS,h,2,318.98,19.2,D,2
35.53539,44.3386,344.85,0.47,0.64,2025-08-19,1056,N,VIIRS,n,2,316.33,10.74,D,2
35.56548,44.2863,347.66,0.47,0.64,2025-08-19,1056,N,VIIRS,n,2,317.35,8.15,D,2
35.62664,44.00916,367.0,0.45,0.63,2025-08-19,1056,N,VIIRS,h,2,324.44,14.09,D,2
35.63254,44.00893,339.29,0.45,0.63,2025-08-19,1056,N,VIIRS,n,2,313.81,14.09,D,2
35.69387,36.08677,341.75,0.51,0.41,2025-08-19,1056,N,VIIRS,n,2,303.65,10.17,D,0
35.72289,44.04252,367.0,0.45,0.63,2025-08-19,1056,N,VIIRS,h,2,321.47,15.06,D,2
35.86952,37.69663,354.71,0.4,0.45,2025-08-19,1056,N,VIIRS,n,2,314.7,9.2,D,0
36.31036,36.51983,339.8,0.54,0.42,2025-08-19,1057,N,VIIRS,n,2,308.39,3.36,D,0
36.72887,36.21381,332.36,0.53,0.42,2025-08-19,1057,N,VIIRS,n,2,301.65,9.54,D,2
36.74041,36.2119,339.5,0.53,0.42,2025-08-19,1057,N,VIIRS,n,2,302.67,8.96,D,2
36.77732,43.32221,367.0,0.42,0.61,2025-08-19,1057,N,VIIRS,h,2,321.69,11.73,D,2
36.77755,43.32657,350.4,0.42,0.61,2025-08-19,1057,N,VIIRS,n,2,319.4,13.33,D,2
36.9083,43.39373,346.1,0.43,0.62,2025-08-19,1057,N,VIIRS,n,2,313.33,3.06,D,2
36.93549,43.36252,352.01,0.43,0.62,2025-08-19,1057,N,VIIRS,n,2,317.76,4.98,D,0
36.93647,43.35946,348.69,0.43,0.62,2025-08-19,1057,N,VIIRS,n,2,316.33,5.15,D,0
36.93673,43.36494,350.34,0.43,0.62,2025-08-19,1057,N,VIIRS,n,2,318.51,5.15,D,0
36.94134,43.36398,367.0,0.43,0.62,2025-08-19,1057,N,VIIRS,h,2,314.85,11.37,D,0
36.94162,43.36923,367.0,0.43,0.62,2025-08-19,1057,N,VIIRS,h,2,316.35,14.02,D,0
36.94255,43.36612,367.0,0.43,0.62,2025-08-19,1057,N,VIIRS,h,2,315.27,12.06,D,0
37.07784,42.55988,367.0,0.38,0.59,2025-08-19,1057,N,VIIRS,h,2,322.63,6.25,D,2
37.09658,43.94885,367.0,0.46,0.63,2025-08-19,1057,N,VIIRS,h,2,323.09,102.48,D,0
37.15311,44.01418,344.67,0.46,0.64,2025-08-19,1057,N,VIIRS,n,2,315.78,5.49,D,0
37.27289,35.81207,340.21,0.51,0.41,2025-08-19,1057,N,VIIRS,n,2,307.94,10.72,D,0
37.28554,35.82169,343.19,0.51,0.41,2025-08-19,1057,N,VIIRS,n,2,305.47,9.74,D,0
37.28727,35.82372,344.77,0.51,0.41,2025-08-19,1057,N,VIIRS,n,2,302.23,6.66,D,0
37.29377,35.82616,333.2,0.51,0.41,2025-08-19,1057,N,VIIRS,n,2,302.11,6.19,D,0
37.32664,43.89664,350.26,0.46,0.64,2025-08-19,1057,N,VIIRS,n,2,314.1,6.92,D,0
37.32919,35.79632,338.6,0.51,0.41,2025-08-19,1057,N,VIIRS,n,2,307.39,6.97,D,0
37.33309,43.90821,351.25,0.46,0.64,2025-08-19,1057,N,VIIRS,n,2,315.15,17.54,D,0
37.33849,43.89631,351.48,0.46,0.64,2025-08-19,1057,N,VIIRS,n,2,321.08,28.07,D,0
37.33884,43.90396,367.0,0.46,0.64,2025-08-19,1057,N,VIIRS,h,2,316.19,28.07,D,0
37.61203,37.19836,353.98,0.4,0.44,2025-08-19,1057,N,VIIRS,n,2,311.19,6.5,D,0
38.16148,37.03961,351.5,0.4,0.44,2025-08-19,1057,N,VIIRS,n,2,319.77,11.11,D,0
38.33829,34.71859,344.03,0.47,0.4,2025-08-19,1057,N,VIIRS,n,2,308.76,6.04,D,0
38.39308,30.77752,349.25,0.38,0.36,2025-08-19,1057,N,VIIRS,n,2,318.53,6.74,D,0
39.18811,42.21541,355.51,0.38,0.59,2025-08-19,1057,N,VIIRS,n,2,320.95,10.7,D,0
38.71203,29.59437,339.31,0.39,0.36,2025-08-19,1058,N,VIIRS,n,2,309.21,3.62,D,0
40.19814,28.75758,337.14,0.39,0.36,2025-08-19,1058,N,VIIRS,n,2,304.1,17.75,D,0
40.26205,29.07624,336.32,0.39,0.36,2025-08-19,1058,N,VIIRS,n,2,304.84,2.49,D,0
40.2633,41.58585,367.0,0.36,0.58,2025-08-19,1058,N,VIIRS,h,2,311.03,3.47,D,0
40.92152,29.17258,339.87,0.38,0.36,2025-08-19,1058,N,VIIRS,n,2,306.03,1.95,D,0
41.25525,31.41162,335.94,0.4,0.37,2025-08-19,1058,N,VIIRS,n,2,304.13,5.42,D,2
41.25534,31.41408,338.18,0.4,0.37,2025-08-19,1058,N,VIIRS,n,2,304.44,4.84,D,2
41.64398,43.12591,350.85,0.45,0.63,2025-08-19,1058,N,VIIRS,n,2,309.42,3.8,D,0
41.64415,43.13082,337.47,0.45,0.63,2025-08-19,1058,N,VIIRS,n,2,308.11,3.41,D,0
41.64987,43.12609,367.0,0.45,0.63,2025-08-19,1058,N,VIIRS,h,2,313.61,16.47,D,0
41.65004,43.13109,352.2,0.45,0.63,2025-08-19,1058,N,VIIRS,n,2,314.67,23.74,D,0
41.65021,43.13599,367.0,0.45,0.63,2025-08-19,1058,N,VIIRS,h,2,312.08,23.74,D,0
38.89249,41.56876,302.08,0.4,0.37,2025-08-19,2316,N,VIIRS,n,2,291.7,0.57,N,2
39.17463,43.40585,307.89,0.44,0.39,2025-08-19,2316,N,VIIRS,n,2,287.64,1.36,N,0
39.41238,44.09969,299.32,0.47,0.39,2025-08-19,2316,N,VIIRS,n,2,287.2,0.8,N,0
39.58488,43.89996,299.72,0.46,0.39,2025-08-19,2316,N,VIIRS,n,2,286.91,0.92,N,0
39.86249,33.46631,304.73,0.39,0.44,2025-08-19,2316,N,VIIRS,n,2,290.88,0.36,N,0
39.9265,40.66739,300.94,0.39,0.36,2025-08-19,2316,N,VIIRS,n,2,288.45,0.74,N,0
39.94356,40.58368,296.75,0.39,0.36,2025-08-19,2316,N,VIIRS,n,2,285.7,0.37,N,0
40.24347,29.92341,299.75,0.6,0.53,2025-08-19,2316,N,VIIRS,n,2,287.65,0.93,N,2
40.75736,31.78133,298.71,0.49,0.49,2025-08-19,2316,N,VIIRS,n,2,286.72,0.89,N,2
40.7994,29.37694,305.93,0.33,0.55,2025-08-19,2316,N,VIIRS,n,2,289.31,0.79,N,2
41.0211,28.55607,310.65,0.36,0.58,2025-08-19,2316,N,VIIRS,n,2,288.47,1.41,N,2
41.02348,28.55311,303.37,0.36,0.58,2025-08-19,2316,N,VIIRS,n,2,287.78,0.74,N,2
41.17542,32.63625,305.87,0.45,0.47,2025-08-19,2316,N,VIIRS,n,2,288.72,1.56,N,2
41.17587,32.631,304.69,0.45,0.47,2025-08-19,2316,N,VIIRS,n,2,289.02,1.56,N,2
41.25565,31.4158,314.6,0.52,0.5,2025-08-19,2316,N,VIIRS,n,2,288.68,2.75,N,2
41.25612,31.40951,309.42,0.52,0.5,2025-08-19,2316,N,VIIRS,n,2,288.68,1.82,N,0
41.25718,31.41643,314.78,0.52,0.5,2025-08-19,2316,N,VIIRS,n,2,288.8,2.31,N,2
41.25768,31.41012,309.08,0.52,0.5,2025-08-19,2316,N,VIIRS,n,2,288.23,2.31,N,2
41.26393,31.42967,302.38,0.52,0.5,2025-08-19,2316,N,VIIRS,n,2,289.36,0.72,N,2
41.26441,31.42334,306.05,0.52,0.5,2025-08-19,2316,N,VIIRS,n,2,290.14,2.16,N,2
41.26854,31.43032,300.3,0.52,0.5,2025-08-19,2316,N,VIIRS,n,2,288.53,0.72,N,2
41.63212,27.68316,298.38,0.41,0.6,2025-08-19,2316,N,VIIRS,n,2,284.7,0.64,N,2
42.12529,43.01321,317.48,0.4,0.37,2025-08-19,2316,N,VIIRS,n,2,290.31,1.58,N,2
42.15468,42.94648,308.21,0.4,0.37,2025-08-19,2316,N,VIIRS,n,2,290.15,0.93,N,0
35.52597,44.34695,330.19,0.55,0.43,2025-08-19,2317,N,VIIRS,n,2,296.55,3.81,N,2
35.52694,44.34568,341.35,0.55,0.43,2025-08-19,2317,N,VIIRS,n,2,299.25,6.83,N,2
35.52721,44.34102,339.57,0.55,0.43,2025-08-19,2317,N,VIIRS,n,2,299.28,7.24,N,2
35.52814,44.33974,328.63,0.55,0.43,2025-08-19,2317,N,VIIRS,n,2,297.28,6.83,N,2
35.53106,44.34217,329.61,0.55,0.43,2025-08-19,2317,N,VIIRS,n,2,298.86,7.24,N,2
35.5323,44.33623,328.58,0.55,0.43,2025-08-19,2317,N,VIIRS,n,2,298.22,7.24,N,2
35.53616,44.33736,330.64,0.55,0.43,2025-08-19,2317,N,VIIRS,n,2,297.68,3.76,N,2
35.56385,44.28272,316.32,0.55,0.42,2025-08-19,2317,N,VIIRS,n,2,295.85,2.94,N,2
35.62775,44.01114,324.62,0.53,0.42,2025-08-19,2317,N,VIIRS,n,2,302.36,7.55,N,2
35.62892,44.00542,331.42,0.53,0.42,2025-08-19,2317,N,VIIRS,n,2,301.22,7.55,N,2
35.63269,44.00661,322.08,0.53,0.42,2025-08-19,2317,N,VIIRS,n,2,298.79,7.55,N,2
35.66092,43.96625,334.11,0.53,0.42,2025-08-19,2317,N,VIIRS,n,2,302.42,6.93,N,2
35.6647,43.96737,326.64,0.53,0.42,2025-08-19,2317,N,VIIRS,n,2,300.52,6.93,N,2
35.67884,44.06466,316.74,0.53,0.42,2025-08-19,2317,N,VIIRS,n,2,299.47,3.13,N,2
35.68307,43.87624,338.63,0.52,0.42,2025-08-19,2317,N,VIIRS,n,2,298.63,15.44,N,2
35.68683,43.87737,331.41,0.52,0.42,2025-08-19,2317,N,VIIRS,n,2,310.18,48.61,N,2
35.72388,44.04111,335.88,0.53,0.42,2025-08-19,2317,N,VIIRS,n,2,300.05,6.45,N,2
35.73001,44.03074,330.34,0.53,0.42,2025-08-19,2317,N,VIIRS,n,2,299.22,6.65,N,2
35.77333,43.9949,330.16,0.53,0.42,2025-08-19,2317,N,VIIRS,n,2,300.02,5.67,N,2
35.95235,43.7275,311.7,0.51,0.41,2025-08-19,2317,N,VIIRS,n,2,298.34,1.84,N,2
36.0836,43.64053,309.97,0.5,0.41,2025-08-19,2317,N,VIIRS,n,2,297.62,1.15,N,0
36.13126,40.81092,308.9,0.4,0.37,2025-08-19,2317,N,VIIRS,n,2,297.22,0.79,N,2
36.14389,40.81894,318.14,0.4,0.37,2025-08-19,2317,N,VIIRS,n,2,297.64,1.27,N,2
36.4409,42.92956,308.83,0.46,0.39,2025-08-19,2317,N,VIIRS,n,2,298.58,1.33,N,2
36.73234,43.28274,308.41,0.47,0.4,2025-08-19,2317,N,VIIRS,n,2,298.02,1.3,N,2
36.74694,43.50058,317.15,0.48,0.4,2025-08-19,2317,N,VIIRS,n,2,298.71,3.25,N,2
36.77772,43.32312,335.82,0.48,0.4,2025-08-19,2317,N,VIIRS,n,2,302.53,7.96,N,2
36.80022,37.02107,310.4,0.41,0.37,2025-08-19,2317,N,VIIRS,n,2,297.2,0.74,N,2
36.86914,34.76397,309.14,0.48,0.4,2025-08-19,2317,N,VIIRS,n,2,294.74,3.78,N,2
36.87003,43.49015,322.2,0.48,0.4,2025-08-19,2317,N,VIIRS,n,2,298.24,3.02,N,2
36.87093,34.76533,308.02,0.48,0.4,2025-08-19,2317,N,VIIRS,n,2,294.68,4.2,N,2
36.8717,40.02264,308.55,0.39,0.36,2025-08-19,2317,N,VIIRS,n,2,295.13,0.49,N,0
36.9079,43.39318,313.34,0.48,0.4,2025-08-19,2317,N,VIIRS,n,2,295.04,2.07,N,2
36.90892,43.38789,311.92,0.48,0.4,2025-08-19,2317,N,VIIRS,n,2,295.33,2.07,N,2
36.91459,41.89521,311.22,0.42,0.38,2025-08-19,2317,N,VIIRS,n,2,294.74,0.77,N,2
36.93596,42.13412,328.02,0.43,0.38,2025-08-19,2317,N,VIIRS,n,2,296.8,2.15,N,2
36.93683,42.12936,316.27,0.43,0.38,2025-08-19,2317,N,VIIRS,n,2,296.05,2.72,N,2
36.93741,42.13247,332.89,0.43,0.38,2025-08-19,2317,N,VIIRS,n,2,298.57,2.76,N,2
36.94064,42.17359,319.89,0.43,0.38,2025-08-19,2317,N,VIIRS,n,2,296.51,1.76,N,2
36.94153,42.16882,323.94,0.43,0.38,2025-08-19,2317,N,VIIRS,n,2,296.92,2.52,N,2
36.94862,42.13065,321.53,0.43,0.38,2025-08-19,2317,N,VIIRS,n,2,298.42,2.55,N,2
36.96511,42.0806,324.45,0.43,0.38,2025-08-19,2317,N,VIIRS,n,2,296.73,2.08,N,2
36.9936,42.00427,304.29,0.43,0.38,2025-08-19,2317,N,VIIRS,n,2,294.11,0.64,N,2
37.05402,42.13234,306.54,0.43,0.38,2025-08-19,2317,N,VIIRS,n,2,296.3,1.1,N,2
37.0768,42.5597,309.08,0.44,0.38,2025-08-19,2317,N,VIIRS,n,2,297.31,1.98,N,2
37.07713,42.55653,308.33,0.44,0.38,2025-08-19,2317,N,VIIRS,n,2,297.94,1.86,N,2
37.08815,43.96001,305.6,0.5,0.41,2025-08-19,2317,N,VIIRS,n,2,293.92,1.04,N,0
37.08921,43.95471,310.89,0.5,0.41,2025-08-19,2317,N,VIIRS,n,2,293.73,1.72,N,0
37.09136,43.94389,305.99,0.5,0.41,2025-08-19,2317,N,VIIRS,n,2,293.53,1.15,N,0
37.09177,43.96142,305.76,0.5,0.41,2025-08-19,2317,N,VIIRS,n,2,293.58,0.48,N,0
37.09623,43.93904,304.8,0.5,0.41,2025-08-19,2317,N,VIIRS,n,2,294.42,1.72,N,0
37.09743,43.93297,314.57,0.5,0.41,2025-08-19,2317,N,VIIRS,n,2,296.36,3.3,N,0
37.29372,37.1574,320.33,0.41,0.37,2025-08-19,2317,N,VIIRS,n,2,296.65,2.11,N,2
37.33686,40.80326,309.58,0.4,0.37,2025-08-19,2317,N,VIIRS,n,2,294.46,0.73,N,2
37.34018,40.80415,306.97,0.4,0.37,2025-08-19,2317,N,VIIRS,n,2,294.24,0.63,N,2
37.34528,43.8895,308.87,0.49,0.4,2025-08-19,2317,N,VIIRS,n,2,287.52,1.53,N,0
37.35246,37.16317,308.85,0.41,0.37,2025-08-19,2317,N,VIIRS,n,2,296.42,1.42,N,2
37.83842,42.41236,310.55,0.43,0.38,2025-08-19,2317,N,VIIRS,n,2,290.12,0.83,N,0
37.86156,29.36801,300.79,0.61,0.54,2025-08-19,2317,N,VIIRS,n,2,289.17,1.89,N,2
38.27893,39.74267,314.99,0.38,0.36,2025-08-19,2317,N,VIIRS,n,2,297.0,1.52,N,2
38.38452,30.76791,297.58,0.52,0.5,2025-08-19,2317,N,VIIRS,n,2,286.79,0.76,N,0
38.38865,30.77464,299.94,0.52,0.5,2025-08-19,2317,N,VIIRS,n,2,288.32,1.34,N,0
38.39328,30.77517,302.08,0.52,0.5,2025-08-19,2317,N,VIIRS,n,2,287.74,1.34,N,0
38.40616,30.78908,297.75,0.52,0.5,2025-08-19,2317,N,VIIRS,n,2,285.75,0.72,N,0
38.41339,30.81445,298.65,0.52,0.5,2025-08-19,2317,N,VIIRS,n,2,283.49,0.34,N,0
38.42444,27.21487,305.18,0.41,0.6,2025-08-19,2317,N,VIIRS,n,2,291.88,0.74,N,2
38.43012,27.2146,305.76,0.41,0.6,2025-08-19,2317,N,VIIRS,n,2,293.59,0.74,N,2
38.43042,30.87954,342.82,0.52,0.5,2025-08-19,2317,N,VIIRS,n,2,296.0,22.89,N,0
38.43086,30.88362,298.0,0.51,0.5,2025-08-19,2317,N,VIIRS,n,2,286.82,32.1,N,0
38.4309,30.87354,316.14,0.52,0.5,2025-08-19,2317,N,VIIRS,n,2,287.72,22.89,N,0
38.43136,30.87762,344.79,0.52,0.5,2025-08-19,2317,N,VIIRS,n,2,295.83,32.1,N,0
38.43502,30.88017,296.94,0.52,0.5,2025-08-19,2317,N,VIIRS,n,2,286.57,22.89,N,0
38.45681,38.72604,309.75,0.39,0.36,2025-08-19,2317,N,VIIRS,n,2,297.36,1.62,N,2
38.65781,30.61482,297.09,0.54,0.51,2025-08-19,2317,N,VIIRS,n,2,286.95,0.71,N,0
38.66047,30.61465,297.28,0.54,0.5,2025-08-19,2317,N,VIIRS,n,2,286.71,0.96,N,0
38.66377,39.23586,305.23,0.38,0.36,2025-08-19,2317,N,VIIRS,n,2,294.46,0.7,N,2
38.67657,31.14105,305.29,0.5,0.49,2025-08-19,2317,N,VIIRS,n,2,289.99,1.54,N,0
38.67705,31.1352,309.8,0.5,0.49,2025-08-19,2317,N,VIIRS,n,2,290.81,1.54,N,0
38.68111,31.14168,305.14,0.5,0.49,2025-08-19,2317,N,VIIRS,n,2,289.96,1.54,N,0
38.6816,31.13584,298.69,0.5,0.49,2025-08-19,2317,N,VIIRS,n,2,288.1,1.54,N,0
38.73378,26.96195,302.74,0.42,0.61,2025-08-19,2317,N,VIIRS,n,2,290.88,0.65,N,2
38.74596,26.94767,315.27,0.42,0.61,2025-08-19,2317,N,VIIRS,n,2,291.49,2.17,N,2
38.75242,26.93298,305.47,0.42,0.61,2025-08-19,2317,N,VIIRS,n,2,290.88,0.67,N,0
38.85882,35.76596,301.82,0.46,0.39,2025-08-19,2317,N,VIIRS,n,2,289.51,0.89,N,2
39.09151,27.51162,300.41,0.4,0.6,2025-08-19,2317,N,VIIRS,n,2,289.92,0.64,N,0
39.11339,27.52217,299.99,0.4,0.6,2025-08-19,2317,N,VIIRS,n,2,288.97,0.55,N,2
39.16783,27.6307,302.26,0.39,0.59,2025-08-19,2317,N,VIIRS,n,2,289.72,0.5,N,2
39.16923,27.62976,303.2,0.39,0.59,2025-08-19,2317,N,VIIRS,n,2,289.6,0.55,N,2
39.48693,30.04181,296.72,0.59,0.53,2025-08-19,2317,N,VIIRS,n,2,286.21,0.83,N,2
39.59625,32.41859,303.04,0.44,0.46,2025-08-19,2317,N,VIIRS,n,2,289.57,0.8,N,2
39.83736,30.29718,300.03,0.57,0.52,2025-08-19,2317,N,VIIRS,n,2,286.59,1.11,N,2
39.86707,26.24226,305.8,0.47,0.64,2025-08-19,2317,N,VIIRS,n,2,288.82,1.07,N,2
39.86879,26.24154,301.19,0.47,0.64,2025-08-19,2317,N,VIIRS,n,2,288.38,0.5,N,2
39.89978,28.86914,318.8,0.34,0.56,2025-08-19,2317,N,VIIRS,n,2,285.2,1.48,N,0
40.01931,27.0104,297.96,0.43,0.62,2025-08-19,2317,N,VIIRS,n,2,287.0,1.13,N,0
36.26289,33.72805,313.36,0.52,0.42,2025-08-19,2318,N,VIIRS,n,2,294.98,2.28,N,2
41.17366,32.634,298.87,0.64,0.72,2025-08-20,56,N,VIIRS,n,2,285.46,0.98,N,2
38.42788,30.87695,326.95,0.64,0.72,2025-08-20,57,N,VIIRS,n,2,284.34,3.43,N,0
38.42852,27.21437,302.75,0.42,0.61,2025-08-20,57,N,VIIRS,n,2,292.03,0.97,N,2
38.43253,30.87755,347.44,0.64,0.72,2025-08-20,57,N,VIIRS,n,2,286.11,10.64,N,0
38.43412,30.88024,323.22,0.64,0.72,2025-08-20,57,N,VIIRS,n,2,284.92,3.43,N,0
38.45741,27.26303,303.29,0.42,0.61,2025-08-20,57,N,VIIRS,n,2,292.47,0.7,N,0
38.65756,30.61492,295.8,0.61,0.71,2025-08-20,57,N,VIIRS,n,2,284.48,1.06,N,0
38.7339,26.94399,303.79,0.4,0.6,2025-08-20,57,N,VIIRS,n,2,292.41,1.2,N,2
38.73433,26.96398,301.57,0.4,0.6,2025-08-20,57,N,VIIRS,n,2,290.41,0.76,N,2
38.73912,26.94657,305.06,0.4,0.6,2025-08-20,57,N,VIIRS,n,2,292.45,1.48,N,2
38.74438,26.94895,320.13,0.4,0.6,2025-08-20,57,N,VIIRS,n,2,292.08,1.48,N,2
39.48494,30.04069,303.69,0.54,0.68,2025-08-20,57,N,VIIRS,n,2,285.1,0.85,N,2
39.8663,26.24322,317.14,0.34,0.56,2025-08-20,57,N,VIIRS,n,2,291.44,1.54,N,2
41.01938,28.55518,305.03,0.41,0.61,2025-08-20,57,N,VIIRS,n,2,287.3,0.69,N,2
35.52837,44.34428,367.0,0.73,0.76,2025-08-20,857,N,VIIRS,h,2,311.34,9.22,D,2
35.53506,44.34127,336.64,0.73,0.76,2025-08-20,857,N,VIIRS,n,2,310.31,9.22,D,2
35.63065,44.00434,340.45,0.75,0.77,2025-08-20,857,N,VIIRS,n,2,307.08,3.5,D,2
35.63323,44.01247,339.44,0.75,0.77,2025-08-20,857,N,VIIRS,n,2,308.15,3.5,D,0
35.65979,43.96302,347.79,0.75,0.77,2025-08-20,857,N,VIIRS,n,2,311.54,6.54,D,2
35.66372,43.96198,348.89,0.75,0.77,2025-08-20,857,N,VIIRS,n,2,312.19,8.11,D,2
35.68361,43.8773,367.0,0.76,0.77,2025-08-20,857,N,VIIRS,h,2,315.62,36.4,D,2
35.68626,43.8759,355.85,0.76,0.77,2025-08-20,857,N,VIIRS,n,2,315.22,22.28,D,2
36.77459,43.32758,345.39,0.76,0.77,2025-08-20,857,N,VIIRS,n,2,308.7,6.82,D,2
37.08466,43.96974,354.7,0.69,0.74,2025-08-20,858,N,VIIRS,n,2,306.32,10.72,D,0
37.09043,43.96425,345.67,0.69,0.74,2025-08-20,858,N,VIIRS,n,2,307.49,10.72,D,0
39.16172,41.77695,330.78,0.77,0.77,2025-08-20,858,N,VIIRS,n,2,305.24,5.01,D,0
40.6237,44.19804,347.92,0.53,0.67,2025-08-20,858,N,VIIRS,n,2,303.28,7.81,D,0
40.62441,44.19643,341.39,0.53,0.67,2025-08-20,858,N,VIIRS,n,2,302.85,9.86,D,0
42.28444,42.55679,333.56,0.56,0.69,2025-08-20,859,N,VIIRS,n,2,290.82,5.65,D,0
35.53111,44.34005,354.24,0.51,0.49,2025-08-20,1037,N,VIIRS,n,2,322.97,13.08,D,2
36.23527,36.40445,344.29,0.39,0.36,2025-08-20,1038,N,VIIRS,n,2,310.35,22.85,D,0
36.25468,36.35157,338.04,0.39,0.36,2025-08-20,1038,N,VIIRS,n,2,306.06,2.52,D,0
36.28264,36.24545,337.16,0.38,0.36,2025-08-20,1038,N,VIIRS,n,2,308.04,3.72,D,0
36.28328,36.24971,338.86,0.38,0.36,2025-08-20,1038,N,VIIRS,n,2,307.36,3.72,D,0
36.28593,36.24469,335.2,0.38,0.36,2025-08-20,1038,N,VIIRS,n,2,304.17,3.15,D,0
36.38276,36.35135,344.61,0.39,0.36,2025-08-20,1038,N,VIIRS,n,2,307.35,3.21,D,0
36.65091,35.45736,344.36,0.38,0.36,2025-08-20,1038,N,VIIRS,n,2,304.46,5.76,D,0
36.73622,37.60954,347.18,0.4,0.37,2025-08-20,1038,N,VIIRS,n,2,321.07,44.08,D,0
36.76095,35.57802,337.98,0.38,0.36,2025-08-20,1038,N,VIIRS,n,2,304.56,7.25,D,0
36.77785,43.3241,353.03,0.46,0.47,2025-08-20,1038,N,VIIRS,n,2,315.62,9.56,D,2
36.86802,43.48972,336.47,0.47,0.48,2025-08-20,1038,N,VIIRS,n,2,310.69,2.23,D,2
36.88941,35.35817,334.51,0.38,0.36,2025-08-20,1038,N,VIIRS,n,2,302.97,4.24,D,0
36.90798,43.39248,341.5,0.47,0.47,2025-08-20,1038,N,VIIRS,n,2,310.46,3.55,D,2
36.92331,44.34963,367.0,0.52,0.5,2025-08-20,1038,N,VIIRS,h,2,320.65,10.96,D,0
36.92797,44.34927,367.0,0.52,0.5,2025-08-20,1038,N,VIIRS,h,2,320.78,15.17,D,0
36.93171,43.35932,344.23,0.46,0.47,2025-08-20,1038,N,VIIRS,n,2,312.29,3.26,D,0
36.93498,35.82601,336.03,0.38,0.36,2025-08-20,1038,N,VIIRS,n,2,303.31,2.27,D,0
36.93533,42.1321,352.76,0.4,0.44,2025-08-20,1038,N,VIIRS,n,2,321.91,4.46,D,2
37.04608,35.88954,347.69,0.38,0.36,2025-08-20,1038,N,VIIRS,n,2,305.15,9.01,D,0
37.04673,35.89383,341.76,0.38,0.36,2025-08-20,1038,N,VIIRS,n,2,306.66,9.01,D,0
37.05002,35.89306,345.96,0.38,0.36,2025-08-20,1038,N,VIIRS,n,2,307.7,9.01,D,0
37.05332,35.89228,341.1,0.38,0.36,2025-08-20,1038,N,VIIRS,n,2,301.89,9.16,D,0
37.08025,43.96195,344.95,0.5,0.49,2025-08-20,1038,N,VIIRS,n,2,313.97,16.41,D,0
37.08447,43.95741,352.0,0.5,0.49,2025-08-20,1038,N,VIIRS,n,2,315.25,15.49,D,0
37.08494,43.96305,367.0,0.5,0.49,2025-08-20,1038,N,VIIRS,h,2,319.36,16.41,D,0
37.08542,43.96888,345.68,0.5,0.49,2025-08-20,1038,N,VIIRS,n,2,316.41,16.41,D,0
37.08958,43.96355,347.75,0.5,0.49,2025-08-20,1038,N,VIIRS,n,2,314.48,18.23,D,0
37.09002,43.96888,355.49,0.5,0.49,2025-08-20,1038,N,VIIRS,n,2,321.45,18.23,D,0
37.09041,43.97355,347.81,0.5,0.49,2025-08-20,1038,N,VIIRS,n,2,316.27,19.78,D,0
37.09372,43.95803,367.0,0.5,0.49,2025-08-20,1038,N,VIIRS,h,2,317.38,15.82,D,0
37.09418,43.96357,367.0,0.5,0.49,2025-08-20,1038,N,VIIRS,h,2,316.5,18.23,D,0
37.09461,43.96871,367.0,0.5,0.49,2025-08-20,1038,N,VIIRS,h,2,320.21,18.23,D,0
37.09499,43.9733,367.0,0.5,0.49,2025-08-20,1038,N,VIIRS,h,2,322.83,19.78,D,0
37.09535,43.97764,344.19,0.5,0.49,2025-08-20,1038,N,VIIRS,n,2,313.65,19.78,D,0
37.09915,43.9681,351.67,0.5,0.49,2025-08-20,1038,N,VIIRS,n,2,312.72,12.4,D,0
37.09958,43.97324,338.65,0.5,0.49,2025-08-20,1038,N,VIIRS,n,2,312.2,4.66,D,0
37.26721,35.82659,339.59,0.38,0.36,2025-08-20,1038,N,VIIRS,n,2,305.32,3.38,D,0
37.26786,35.83089,337.86,0.38,0.36,2025-08-20,1038,N,VIIRS,n,2,306.73,4.69,D,0
37.2705,35.82581,342.46,0.38,0.36,2025-08-20,1038,N,VIIRS,n,2,308.81,3.38,D,0
37.27115,35.83012,339.15,0.38,0.36,2025-08-20,1038,N,VIIRS,n,2,307.06,4.69,D,0
37.2718,35.83442,349.15,0.38,0.36,2025-08-20,1038,N,VIIRS,n,2,309.49,4.69,D,0
37.42572,36.00577,336.54,0.39,0.36,2025-08-20,1038,N,VIIRS,n,2,305.59,3.39,D,0
38.03196,30.18438,337.09,0.51,0.41,2025-08-20,1038,N,VIIRS,n,2,307.08,2.6,D,0
38.03565,30.18308,337.0,0.51,0.41,2025-08-20,1038,N,VIIRS,n,2,310.92,5.23,D,0
39.01197,42.85667,344.73,0.46,0.47,2025-08-20,1038,N,VIIRS,n,2,317.24,4.94,D,0
39.01637,42.85654,347.78,0.46,0.47,2025-08-20,1038,N,VIIRS,n,2,317.86,4.94,D,0
39.14676,42.6347,354.35,0.45,0.47,2025-08-20,1038,N,VIIRS,n,2,322.22,17.41,D,0
39.16525,41.78459,346.69,0.41,0.45,2025-08-20,1038,N,VIIRS,n,2,314.89,6.21,D,0
39.42488,41.59618,351.52,0.4,0.44,2025-08-20,1038,N,VIIRS,n,2,326.09,9.18,D,0
39.42534,41.60102,343.81,0.4,0.44,2025-08-20,1038,N,VIIRS,n,2,318.02,8.39,D,0
39.51669,41.98743,348.5,0.42,0.45,2025-08-20,1038,N,VIIRS,n,2,316.97,4.92,D,0
38.03493,30.1813,340.88,0.51,0.41,2025-08-20,1039,N,VIIRS,n,2,309.0,3.48,D,0
38.41099,30.81286,343.41,0.48,0.4,2025-08-20,1039,N,VIIRS,n,2,312.26,4.59,D,0
38.50898,28.1812,351.43,0.41,0.45,2025-08-20,1039,N,VIIRS,n,2,304.92,5.09,D,0
38.51097,28.17051,345.98,0.41,0.45,2025-08-20,1039,N,VIIRS,n,2,307.74,7.66,D,0
38.51199,28.17516,349.66,0.41,0.45,2025-08-20,1039,N,VIIRS,n,2,306.41,7.66,D,0
38.51301,28.17979,343.98,0.41,0.45,2025-08-20,1039,N,VIIRS,n,2,304.38,4.33,D,0
38.58472,26.94072,338.57,0.47,0.48,2025-08-20,1039,N,VIIRS,n,2,306.48,4.56,D,0
38.97477,35.09727,346.12,0.38,0.36,2025-08-20,1039,N,VIIRS,n,2,311.01,3.93,D,0
39.68608,41.41481,354.83,0.4,0.44,2025-08-20,1039,N,VIIRS,n,2,315.94,6.08,D,0
40.1638,40.63447,342.0,0.55,0.43,2025-08-20,1039,N,VIIRS,n,2,316.36,6.44,D,0
40.16775,40.63392,350.04,0.55,0.43,2025-08-20,1039,N,VIIRS,n,2,313.78,6.44,D,0
41.05377,28.65832,333.38,0.53,0.42,2025-08-20,1039,N,VIIRS,n,2,300.61,3.84,D,0
41.06187,30.16604,333.07,0.46,0.39,2025-08-20,1039,N,VIIRS,n,2,299.23,3.31,D,0
41.26325,31.42836,339.71,0.42,0.38,2025-08-20,1039,N,VIIRS,n,2,301.32,11.47,D,2
39.58448,43.90027,303.91,0.39,0.36,2025-08-20,2257,N,VIIRS,n,2,288.18,0.66,N,0
39.82113,42.88251,306.98,0.4,0.37,2025-08-20,2257,N,VIIRS,n,2,290.23,0.8,N,0
39.82178,42.87786,302.75,0.4,0.37,2025-08-20,2257,N,VIIRS,n,2,289.74,0.8,N,0
40.93575,35.88263,296.16,0.53,0.5,2025-08-20,2257,N,VIIRS,n,2,285.68,0.72,N,2
41.25296,31.41109,308.31,0.46,0.63,2025-08-20,2257,N,VIIRS,n,2,288.92,1.91,N,2
41.2613,31.42497,301.71,0.46,0.63,2025-08-20,2257,N,VIIRS,n,2,289.66,1.23,N,2
41.26418,31.42865,311.08,0.46,0.63,2025-08-20,2257,N,VIIRS,n,2,289.58,1.22,N,2
41.26439,31.42299,302.34,0.46,0.63,2025-08-20,2257,N,VIIRS,n,2,290.45,1.22,N,2
41.26722,31.42542,302.29,0.46,0.63,2025-08-20,2257,N,VIIRS,n,2,290.03,1.23,N,2
35.52445,44.34365,331.5,0.39,0.36,2025-08-20,2258,N,VIIRS,n,2,297.52,3.45,N,2
35.52775,44.34446,346.64,0.39,0.36,2025-08-20,2258,N,VIIRS,n,2,301.62,5.73,N,2
35.52845,44.34023,334.32,0.39,0.36,2025-08-20,2258,N,VIIRS,n,2,298.33,4.34,N,2
35.53175,44.34103,333.42,0.39,0.36,2025-08-20,2258,N,VIIRS,n,2,302.01,4.34,N,2
35.53246,44.3368,320.79,0.39,0.36,2025-08-20,2258,N,VIIRS,n,2,298.13,4.34,N,2
35.53576,44.3376,331.1,0.39,0.36,2025-08-20,2258,N,VIIRS,n,2,298.71,2.83,N,2
35.56534,44.28317,307.56,0.39,0.36,2025-08-20,2258,N,VIIRS,n,2,296.7,0.79,N,2
35.62739,44.00829,337.9,0.39,0.36,2025-08-20,2258,N,VIIRS,n,2,300.24,8.28,N,2
35.63068,44.00909,349.3,0.39,0.36,2025-08-20,2258,N,VIIRS,n,2,311.51,17.45,N,2
35.66191,43.96404,341.08,0.39,0.36,2025-08-20,2258,N,VIIRS,n,2,304.56,12.46,N,2
35.67891,44.06741,311.83,0.39,0.36,2025-08-20,2258,N,VIIRS,n,2,298.7,2.72,N,2
35.68275,43.87709,323.42,0.38,0.36,2025-08-20,2258,N,VIIRS,n,2,296.72,1.66,N,2
35.68343,43.87287,307.46,0.38,0.36,2025-08-20,2258,N,VIIRS,n,2,296.82,1.66,N,2
35.68527,43.88037,310.67,0.38,0.36,2025-08-20,2258,N,VIIRS,n,2,297.35,2.33,N,2
35.68595,43.87615,333.21,0.38,0.36,2025-08-20,2258,N,VIIRS,n,2,317.7,18.21,N,2
35.68924,43.87695,308.26,0.38,0.36,2025-08-20,2258,N,VIIRS,n,2,297.47,18.21,N,2
35.72001,43.7705,314.73,0.38,0.36,2025-08-20,2258,N,VIIRS,n,2,302.57,2.24,N,2
35.72459,44.03897,331.12,0.39,0.36,2025-08-20,2258,N,VIIRS,n,2,302.31,6.32,N,2
35.72925,44.03133,330.27,0.39,0.36,2025-08-20,2258,N,VIIRS,n,2,299.81,3.93,N,2
35.77228,43.99788,317.7,0.39,0.36,2025-08-20,2258,N,VIIRS,n,2,299.04,2.21,N,2
35.77296,43.99366,330.15,0.39,0.36,2025-08-20,2258,N,VIIRS,n,2,299.62,3.1,N,2
35.78789,43.25323,312.81,0.38,0.36,2025-08-20,2258,N,VIIRS,n,2,299.9,1.97,N,0
35.95455,43.72764,308.64,0.38,0.36,2025-08-20,2258,N,VIIRS,n,2,298.31,0.96,N,2
35.9748,43.77199,310.95,0.38,0.36,2025-08-20,2258,N,VIIRS,n,2,300.07,1.72,N,2
35.98205,43.76935,320.26,0.38,0.36,2025-08-20,2258,N,VIIRS,n,2,300.61,2.15,N,2
36.01982,43.68198,331.3,0.38,0.36,2025-08-20,2258,N,VIIRS,n,2,300.4,3.13,N,2
36.09848,43.63306,307.77,0.38,0.36,2025-08-20,2258,N,VIIRS,n,2,295.91,0.63,N,0
36.09915,43.62883,309.94,0.38,0.36,2025-08-20,2258,N,VIIRS,n,2,296.47,0.94,N,0
36.12486,41.04402,309.02,0.42,0.38,2025-08-20,2258,N,VIIRS,n,2,297.4,0.95,N,2
36.1444,40.81748,313.16,0.42,0.38,2025-08-20,2258,N,VIIRS,n,2,297.3,1.58,N,2
36.35064,42.07495,315.46,0.4,0.37,2025-08-20,2258,N,VIIRS,n,2,301.23,2.38,N,2
36.44117,42.93033,321.41,0.39,0.36,2025-08-20,2258,N,VIIRS,n,2,300.39,2.09,N,2
36.72143,42.59741,309.53,0.39,0.36,2025-08-20,2258,N,VIIRS,n,2,297.28,1.1,N,0
36.73069,43.28095,314.26,0.39,0.36,2025-08-20,2258,N,VIIRS,n,2,297.59,1.34,N,2
36.74731,43.49995,311.29,0.38,0.36,2025-08-20,2258,N,VIIRS,n,2,297.96,1.4,N,2
36.77429,43.32479,316.43,0.39,0.36,2025-08-20,2258,N,VIIRS,n,2,296.66,1.75,N,2
36.77758,43.3256,332.39,0.39,0.36,2025-08-20,2258,N,VIIRS,n,2,301.59,2.64,N,2
36.7998,37.02126,306.15,0.42,0.45,2025-08-20,2258,N,VIIRS,n,2,295.77,0.56,N,2
36.86687,43.51889,304.71,0.38,0.36,2025-08-20,2258,N,VIIRS,n,2,294.25,0.43,N,0
36.86821,43.48817,318.54,0.38,0.36,2025-08-20,2258,N,VIIRS,n,2,295.79,1.47,N,2
36.86978,34.76435,306.94,0.55,0.51,2025-08-20,2258,N,VIIRS,n,2,294.0,2.57,N,2
36.90702,43.39112,323.3,0.39,0.36,2025-08-20,2258,N,VIIRS,n,2,292.75,1.36,N,2
36.90768,43.38685,311.49,0.39,0.36,2025-08-20,2258,N,VIIRS,n,2,291.26,1.25,N,2
36.91417,41.89346,316.23,0.4,0.37,2025-08-20,2258,N,VIIRS,n,2,296.34,1.27,N,2
36.93637,42.13192,332.72,0.4,0.37,2025-08-20,2258,N,VIIRS,n,2,299.06,3.49,N,2
36.94139,42.16975,327.03,0.4,0.37,2025-08-20,2258,N,VIIRS,n,2,297.33,1.94,N,2
36.94708,42.1297,331.6,0.4,0.37,2025-08-20,2258,N,VIIRS,n,2,299.75,2.91,N,2
36.94791,42.77891,313.81,0.39,0.36,2025-08-20,2258,N,VIIRS,n,2,298.35,1.18,N,0
36.96413,42.08269,314.19,0.4,0.37,2025-08-20,2258,N,VIIRS,n,2,296.44,1.29,N,2
36.96822,43.8917,312.5,0.38,0.36,2025-08-20,2258,N,VIIRS,n,2,295.6,1.62,N,0
36.97084,43.89678,309.87,0.38,0.36,2025-08-20,2258,N,VIIRS,n,2,296.45,1.62,N,0
36.993,42.00117,307.26,0.4,0.37,2025-08-20,2258,N,VIIRS,n,2,296.14,0.57,N,2
37.01255,41.58372,307.89,0.41,0.37,2025-08-20,2258,N,VIIRS,n,2,296.1,0.64,N,2
37.07694,42.5555,307.68,0.39,0.36,2025-08-20,2258,N,VIIRS,n,2,297.38,0.86,N,2
37.07841,43.97025,304.47,0.38,0.36,2025-08-20,2258,N,VIIRS,n,2,292.08,0.55,N,0
37.08025,42.55634,308.5,0.39,0.36,2025-08-20,2258,N,VIIRS,n,2,298.19,0.86,N,2
37.0817,43.97107,304.44,0.38,0.36,2025-08-20,2258,N,VIIRS,n,2,293.57,0.55,N,0
37.08199,43.9868,315.69,0.38,0.36,2025-08-20,2258,N,VIIRS,n,2,295.09,1.53,N,0
37.08265,43.98254,308.28,0.38,0.36,2025-08-20,2258,N,VIIRS,n,2,295.37,2.41,N,0
37.08466,43.96972,308.84,0.38,0.36,2025-08-20,2258,N,VIIRS,n,2,294.07,1.88,N,0
37.09317,43.98069,326.75,0.38,0.36,2025-08-20,2258,N,VIIRS,n,2,296.66,3.21,N,0
37.09384,43.97641,307.93,0.38,0.36,2025-08-20,2258,N,VIIRS,n,2,296.09,1.73,N,0
37.09645,43.9815,324.15,0.38,0.36,2025-08-20,2258,N,VIIRS,n,2,295.37,1.9,N,0
37.09712,43.97723,320.07,0.38,0.36,2025-08-20,2258,N,VIIRS,n,2,296.36,1.93,N,0
37.29326,37.15642,318.39,0.42,0.45,2025-08-20,2258,N,VIIRS,n,2,295.78,1.96,N,2
37.31289,32.71807,308.92,0.36,0.58,2025-08-20,2258,N,VIIRS,n,2,287.08,0.94,N,0
37.35249,37.16231,308.34,0.42,0.45,2025-08-20,2258,N,VIIRS,n,2,295.54,1.12,N,2
38.06416,30.25341,323.74,0.5,0.66,2025-08-20,2258,N,VIIRS,n,2,288.07,2.18,N,0
38.06438,30.24752,300.94,0.5,0.66,2025-08-20,2258,N,VIIRS,n,2,287.69,2.18,N,0
38.39192,30.77371,298.08,0.47,0.64,2025-08-20,2258,N,VIIRS,n,2,287.28,1.75,N,0
38.41829,43.23778,303.86,0.39,0.36,2025-08-20,2258,N,VIIRS,n,2,293.24,0.71,N,2
38.67401,31.14305,301.57,0.45,0.63,2025-08-20,2258,N,VIIRS,n,2,289.71,1.09,N,0
38.67422,31.13767,299.03,0.45,0.63,2025-08-20,2258,N,VIIRS,n,2,288.44,1.09,N,0
38.67606,31.14235,303.89,0.45,0.63,2025-08-20,2258,N,VIIRS,n,2,290.67,2.53,N,0
38.6763,31.13699,305.52,0.45,0.63,2025-08-20,2258,N,VIIRS,n,2,290.29,2.58,N,0
38.68012,31.13813,303.39,0.45,0.63,2025-08-20,2258,N,VIIRS,n,2,289.91,1.87,N,0
38.75358,26.93189,308.19,0.76,0.77,2025-08-20,2258,N,VIIRS,n,2,292.59,1.77,N,0
38.7549,26.92813,303.04,0.76,0.77,2025-08-20,2258,N,VIIRS,n,2,292.64,1.35,N,0
38.85886,35.76599,301.0,0.51,0.5,2025-08-20,2258,N,VIIRS,n,2,288.47,0.53,N,2
38.92119,41.97234,328.75,0.41,0.37,2025-08-20,2258,N,VIIRS,n,2,289.14,4.27,N,0
38.92461,41.97306,343.65,0.41,0.37,2025-08-20,2258,N,VIIRS,n,2,293.26,4.27,N,0
38.97554,43.24965,302.08,0.39,0.36,2025-08-20,2258,N,VIIRS,n,2,288.81,0.43,N,0
39.72321,36.93718,302.24,0.46,0.47,2025-08-20,2258,N,VIIRS,n,2,288.42,0.9,N,2
39.83578,30.29988,301.27,0.51,0.66,2025-08-20,2258,N,VIIRS,n,2,286.36,1.24,N,2
39.9444,33.18872,302.48,0.36,0.57,2025-08-20,2258,N,VIIRS,n,2,288.52,1.48,N,2
39.94702,33.19216,302.77,0.36,0.57,2025-08-20,2258,N,VIIRS,n,2,288.12,0.55,N,2
40.04895,32.65031,299.22,0.39,0.59,2025-08-20,2258,N,VIIRS,n,2,288.55,0.83,N,2
36.26126,33.72947,306.78,0.62,0.54,2025-08-20,2259,N,VIIRS,n,2,293.72,1.49,N,2
36.26626,33.73011,305.6,0.62,0.54,2025-08-20,2259,N,VIIRS,n,2,293.97,1.49,N,2
