latitude,longitude,bright_ti4,scan,track,acq_date,acq_time,satellite,instrument,confidence,version,bright_ti5,frp,daynight,type
41.17741,32.63391,300.6,0.76,0.77,2025-06-22,102,N,VIIRS,n,2,283.56,1.56,N,2
41.25874,31.43129,298.51,0.67,0.74,2025-06-22,102,N,VIIRS,n,2,285.31,1.32,N,2
41.26117,31.42404,302.64,0.67,0.73,2025-06-22,102,N,VIIRS,n,2,285.15,2.83,N,2
38.729,26.92773,302.46,0.48,0.65,2025-06-22,103,N,VIIRS,n,2,288.67,0.97,N,0
38.7371,26.94431,308.32,0.48,0.65,2025-06-22,103,N,VIIRS,n,2,292.62,1.71,N,2
39.15901,27.84482,296.23,0.52,0.67,2025-06-22,103,N,VIIRS,n,2,285.66,0.41,N,0
39.16046,27.84594,296.55,0.52,0.67,2025-06-22,103,N,VIIRS,n,2,285.85,0.36,N,0
39.51331,26.17803,322.24,0.42,0.61,2025-06-22,103,N,VIIRS,n,2,286.82,1.18,N,0
39.51582,26.18068,319.51,0.42,0.61,2025-06-22,103,N,VIIRS,n,2,287.09,1.14,N,0
39.86341,26.24403,306.71,0.42,0.61,2025-06-22,103,N,VIIRS,n,2,288.13,1.38,N,2
40.75818,29.76422,298.03,0.58,0.7,2025-06-22,103,N,VIIRS,n,2,286.43,1.71,N,2
41.02177,28.55223,298.39,0.5,0.66,2025-06-22,103,N,VIIRS,n,2,286.26,1.19,N,2
42.26115,26.54007,296.41,0.37,0.58,2025-06-22,103,N,VIIRS,n,2,280.56,0.29,N,0
37.74245,27.89639,300.61,0.58,0.69,2025-06-22,104,N,VIIRS,n,2,288.59,0.99,N,0
38.73224,26.93237,302.93,0.48,0.65,2025-06-22,104,N,VIIRS,n,2,289.05,0.93,N,2
38.73485,26.94577,304.99,0.49,0.65,2025-06-22,104,N,VIIRS,n,2,290.8,1.91,N,2
38.73945,26.92988,300.75,0.48,0.65,2025-06-22,104,N,VIIRS,n,2,290.19,0.93,N,2
38.75175,26.95467,302.13,0.49,0.65,2025-06-22,104,N,VIIRS,n,2,289.63,0.36,N,2
35.5236,44.34324,348.84,0.59,0.7,2025-06-22,903,N,VIIRS,n,2,321.22,12.8,D,2
35.52982,44.34059,367.0,0.59,0.7,2025-06-22,903,N,VIIRS,h,2,321.09,12.8,D,2
35.53607,44.33805,346.66,0.59,0.7,2025-06-22,903,N,VIIRS,n,2,319.49,12.39,D,2
35.57686,43.74744,367.0,0.63,0.72,2025-06-22,903,N,VIIRS,h,2,319.73,14.18,D,0
35.62609,44.00613,347.73,0.61,0.71,2025-06-22,903,N,VIIRS,n,2,321.46,16.34,D,2
35.62807,44.01273,367.0,0.61,0.71,2025-06-22,903,N,VIIRS,h,2,325.39,23.72,D,2
35.62855,44.00739,367.0,0.61,0.71,2025-06-22,903,N,VIIRS,h,2,322.17,12.66,D,2
35.6305,44.01402,355.21,0.61,0.71,2025-06-22,903,N,VIIRS,n,2,322.4,12.66,D,2
35.66432,43.96761,367.0,0.61,0.71,2025-06-22,903,N,VIIRS,h,2,324.93,21.32,D,2
35.68377,43.87078,346.78,0.62,0.71,2025-06-22,903,N,VIIRS,n,2,321.2,30.97,D,2
35.68578,43.87744,367.0,0.62,0.71,2025-06-22,903,N,VIIRS,h,2,329.41,72.68,D,2
35.68862,43.88164,367.0,0.62,0.71,2025-06-22,903,N,VIIRS,h,2,319.54,55.7,D,2
35.93318,43.92982,367.0,0.6,0.71,2025-06-22,903,N,VIIRS,h,2,321.19,14.01,D,0
35.93417,43.93086,353.66,0.6,0.71,2025-06-22,903,N,VIIRS,n,2,320.8,5.52,D,0
36.7744,43.32281,346.76,0.62,0.71,2025-06-22,904,N,VIIRS,n,2,315.82,6.33,D,2
36.89129,43.42844,333.71,0.6,0.71,2025-06-22,904,N,VIIRS,n,2,307.1,3.88,D,2
36.90654,43.3853,337.19,0.61,0.71,2025-06-22,904,N,VIIRS,n,2,306.78,4.05,D,2
37.05626,43.55538,342.06,0.59,0.7,2025-06-22,904,N,VIIRS,n,2,311.78,7.59,D,0
41.99945,44.13046,342.51,0.4,0.6,2025-06-22,905,N,VIIRS,n,2,295.35,2.6,D,0
35.52864,44.34421,367.0,0.64,0.54,2025-06-22,1044,N,VIIRS,h,2,326.41,24.88,D,2
35.62602,44.01108,354.21,0.61,0.53,2025-06-22,1044,N,VIIRS,n,2,324.98,18.33,D,2
35.631,44.01067,354.83,0.61,0.53,2025-06-22,1044,N,VIIRS,n,2,326.53,18.33,D,2
35.63309,44.03779,350.94,0.61,0.54,2025-06-22,1044,N,VIIRS,n,2,324.32,15.17,D,0
35.63808,44.03732,354.97,0.61,0.54,2025-06-22,1044,N,VIIRS,n,2,323.46,18.96,D,0
35.66333,43.96589,356.15,0.61,0.53,2025-06-22,1044,N,VIIRS,n,2,328.51,21.26,D,2
35.68647,43.87445,367.0,0.6,0.53,2025-06-22,1044,N,VIIRS,h,2,327.6,16.31,D,2
35.71828,44.03405,352.39,0.61,0.54,2025-06-22,1044,N,VIIRS,n,2,326.19,10.38,D,2
35.72414,44.04186,353.25,0.61,0.54,2025-06-22,1044,N,VIIRS,n,2,326.46,10.57,D,2
35.7286,44.03435,352.2,0.61,0.54,2025-06-22,1044,N,VIIRS,n,2,325.92,7.99,D,2
35.90958,39.11738,346.23,0.51,0.41,2025-06-22,1044,N,VIIRS,n,2,317.97,8.81,D,0
36.7038,39.47105,342.46,0.54,0.42,2025-06-22,1044,N,VIIRS,n,2,315.98,8.09,D,0
36.70448,39.47717,341.88,0.54,0.42,2025-06-22,1044,N,VIIRS,n,2,314.09,8.09,D,0
36.70621,39.45675,351.05,0.54,0.42,2025-06-22,1044,N,VIIRS,n,2,318.15,15.35,D,0
36.70636,39.45824,349.13,0.54,0.42,2025-06-22,1044,N,VIIRS,n,2,319.32,16.63,D,0
36.70771,39.47042,367.0,0.54,0.42,2025-06-22,1044,N,VIIRS,h,2,334.15,103.0,D,0
36.70813,39.47506,367.0,0.54,0.42,2025-06-22,1044,N,VIIRS,h,2,345.37,174.26,D,0
36.71853,36.20136,338.63,0.41,0.37,2025-06-22,1044,N,VIIRS,n,2,307.16,4.27,D,2
36.73062,36.21296,339.73,0.41,0.37,2025-06-22,1044,N,VIIRS,n,2,306.56,6.42,D,2
36.7461,36.20199,337.66,0.41,0.37,2025-06-22,1044,N,VIIRS,n,2,306.24,4.25,D,2
36.77706,43.32366,350.78,0.57,0.52,2025-06-22,1044,N,VIIRS,n,2,319.93,12.61,D,2
36.83383,38.92744,345.3,0.51,0.41,2025-06-22,1044,N,VIIRS,n,2,314.81,7.45,D,0
36.83978,39.01507,348.37,0.52,0.41,2025-06-22,1044,N,VIIRS,n,2,318.98,15.9,D,0
36.92591,39.59254,354.84,0.55,0.43,2025-06-22,1044,N,VIIRS,n,2,318.43,21.63,D,0
36.92704,39.59373,367.0,0.55,0.43,2025-06-22,1044,N,VIIRS,h,2,338.58,120.98,D,0
36.9292,39.58561,367.0,0.55,0.43,2025-06-22,1044,N,VIIRS,h,2,344.15,255.4,D,0
36.92984,39.59187,367.0,0.55,0.43,2025-06-22,1044,N,VIIRS,h,2,351.97,255.4,D,0
36.93029,39.58682,367.0,0.55,0.43,2025-06-22,1044,N,VIIRS,h,2,351.99,149.96,D,0
36.93097,39.59307,349.25,0.55,0.43,2025-06-22,1044,N,VIIRS,n,2,321.93,120.98,D,0
36.98296,40.36499,367.0,0.4,0.44,2025-06-22,1044,N,VIIRS,h,2,321.81,16.76,D,0
36.98342,40.36955,353.02,0.4,0.44,2025-06-22,1044,N,VIIRS,n,2,321.23,16.76,D,0
36.99459,38.49174,343.86,0.49,0.4,2025-06-22,1044,N,VIIRS,n,2,314.47,4.28,D,0
36.99832,38.49107,345.4,0.49,0.4,2025-06-22,1044,N,VIIRS,n,2,315.65,4.28,D,0
37.00117,39.06828,352.07,0.52,0.42,2025-06-22,1044,N,VIIRS,n,2,319.53,20.61,D,0
37.03326,43.53453,349.13,0.59,0.53,2025-06-22,1044,N,VIIRS,n,2,316.54,10.72,D,0
37.0382,43.53449,349.53,0.59,0.53,2025-06-22,1044,N,VIIRS,n,2,311.65,11.32,D,0
37.05409,43.54829,348.34,0.59,0.53,2025-06-22,1044,N,VIIRS,n,2,315.57,5.79,D,0
37.05568,43.54753,349.88,0.59,0.53,2025-06-22,1044,N,VIIRS,n,2,317.62,10.69,D,0
37.06108,43.55411,357.34,0.6,0.53,2025-06-22,1044,N,VIIRS,n,2,318.51,10.69,D,0
37.06448,43.55466,356.29,0.59,0.53,2025-06-22,1044,N,VIIRS,n,2,322.4,16.84,D,0
37.06601,43.55362,350.85,0.6,0.53,2025-06-22,1044,N,VIIRS,n,2,319.79,14.39,D,0
37.09719,39.08797,367.0,0.52,0.42,2025-06-22,1044,N,VIIRS,h,2,349.94,190.56,D,0
37.09847,39.08596,367.0,0.52,0.42,2025-06-22,1044,N,VIIRS,h,2,358.86,236.04,D,0
37.17109,36.10162,342.2,0.41,0.37,2025-06-22,1044,N,VIIRS,n,2,306.79,19.35,D,0
37.17524,39.91793,353.36,0.38,0.43,2025-06-22,1044,N,VIIRS,n,2,319.46,9.13,D,0
37.17569,39.92228,356.36,0.38,0.43,2025-06-22,1044,N,VIIRS,n,2,323.13,18.85,D,0
37.17572,39.91445,347.12,0.38,0.43,2025-06-22,1044,N,VIIRS,n,2,318.45,9.88,D,0
37.17615,39.9188,367.0,0.38,0.43,2025-06-22,1044,N,VIIRS,h,2,320.65,9.88,D,0
37.17658,39.92316,353.84,0.38,0.43,2025-06-22,1044,N,VIIRS,n,2,324.25,32.84,D,0
37.17879,39.91293,367.0,0.38,0.43,2025-06-22,1044,N,VIIRS,h,2,323.07,9.13,D,0
37.17924,39.91728,355.96,0.38,0.43,2025-06-22,1044,N,VIIRS,n,2,320.58,9.13,D,0
37.1793,39.90944,367.0,0.38,0.43,2025-06-22,1044,N,VIIRS,h,2,322.04,13.63,D,0
37.1797,39.92163,367.0,0.38,0.43,2025-06-22,1044,N,VIIRS,h,2,319.24,18.85,D,0
37.17973,39.91378,356.93,0.38,0.43,2025-06-22,1044,N,VIIRS,n,2,321.49,9.88,D,0
37.18223,39.90686,348.27,0.57,0.43,2025-06-22,1044,N,VIIRS,n,2,319.98,6.64,D,0
37.18331,39.90878,347.7,0.38,0.43,2025-06-22,1044,N,VIIRS,n,2,322.02,6.07,D,0
37.18624,39.90619,342.46,0.57,0.43,2025-06-22,1044,N,VIIRS,n,2,317.3,6.64,D,0
37.23234,39.90953,345.28,0.38,0.43,2025-06-22,1044,N,VIIRS,n,2,318.58,7.05,D,0
37.23278,39.91388,367.0,0.38,0.43,2025-06-22,1044,N,VIIRS,h,2,322.25,13.25,D,0
37.8564,28.20432,344.86,0.53,0.42,2025-06-22,1045,N,VIIRS,n,2,312.35,9.99,D,0
38.09241,26.94862,341.91,0.4,0.44,2025-06-22,1045,N,VIIRS,n,2,309.04,3.54,D,0
38.14715,28.25911,348.17,0.52,0.41,2025-06-22,1045,N,VIIRS,n,2,312.8,36.38,D,0
38.36448,26.11439,355.74,0.43,0.46,2025-06-22,1045,N,VIIRS,n,2,312.99,51.08,D,0
38.36544,26.11869,367.0,0.43,0.46,2025-06-22,1045,N,VIIRS,h,2,312.21,51.08,D,0
38.36953,26.11718,367.0,0.43,0.46,2025-06-22,1045,N,VIIRS,h,2,315.56,51.08,D,0
38.37777,26.11438,344.74,0.43,0.46,2025-06-22,1045,N,VIIRS,n,2,305.01,7.27,D,0
38.3788,26.119,335.85,0.43,0.46,2025-06-22,1045,N,VIIRS,n,2,306.68,7.73,D,0
38.38191,26.11303,348.95,0.43,0.46,2025-06-22,1045,N,VIIRS,n,2,302.93,11.68,D,0
38.38292,26.11763,353.49,0.43,0.46,2025-06-22,1045,N,VIIRS,n,2,314.64,46.09,D,0
38.41498,26.12245,343.05,0.43,0.46,2025-06-22,1045,N,VIIRS,n,2,306.09,87.87,D,0
38.41834,26.11763,333.24,0.43,0.46,2025-06-22,1045,N,VIIRS,n,2,301.77,5.13,D,0
39.10551,34.18753,348.56,0.39,0.36,2025-06-22,1045,N,VIIRS,n,2,310.46,8.01,D,0
39.12648,27.85209,340.71,0.52,0.41,2025-06-22,1045,N,VIIRS,n,2,302.83,6.27,D,0
39.1302,27.85081,367.0,0.52,0.41,2025-06-22,1045,N,VIIRS,h,2,337.35,249.01,D,0
39.13144,27.85701,338.57,0.52,0.41,2025-06-22,1045,N,VIIRS,n,2,306.5,68.35,D,0
39.13518,27.85577,340.8,0.52,0.41,2025-06-22,1045,N,VIIRS,n,2,313.49,68.35,D,0
39.14635,27.85188,351.89,0.52,0.41,2025-06-22,1045,N,VIIRS,n,2,313.41,29.89,D,0
39.15327,27.85503,336.97,0.52,0.41,2025-06-22,1045,N,VIIRS,n,2,307.66,3.66,D,0
39.15504,27.85556,338.43,0.52,0.41,2025-06-22,1045,N,VIIRS,n,2,307.47,4.8,D,0
39.157,27.85377,337.19,0.52,0.41,2025-06-22,1045,N,VIIRS,n,2,308.51,3.66,D,0
39.73732,37.01366,337.96,0.46,0.39,2025-06-22,1045,N,VIIRS,n,2,299.25,2.26,D,0
39.8672,26.24514,334.7,0.39,0.44,2025-06-22,1045,N,VIIRS,n,2,307.75,1.26,D,2
39.9882,26.3142,336.82,0.39,0.44,2025-06-22,1045,N,VIIRS,n,2,306.27,4.43,D,0
39.998,26.32041,336.92,0.39,0.44,2025-06-22,1045,N,VIIRS,n,2,307.0,2.51,D,0
40.03867,32.59185,349.07,0.38,0.36,2025-06-22,1045,N,VIIRS,n,2,315.59,9.33,D,0
41.05618,31.08365,333.01,0.39,0.36,2025-06-22,1045,N,VIIRS,n,2,297.16,1.85,D,0
41.24292,36.46597,342.09,0.45,0.39,2025-06-22,1045,N,VIIRS,n,2,312.28,10.03,D,2
41.26458,31.42393,341.62,0.39,0.36,2025-06-22,1045,N,VIIRS,n,2,309.11,4.49,D,2
41.31094,26.38567,339.83,0.55,0.42,2025-06-22,1046,N,VIIRS,n,2,304.38,4.45,D,0
41.1721,32.63507,295.04,0.64,0.54,2025-06-22,2303,N,VIIRS,n,2,284.29,0.88,N,2
41.17717,32.63562,304.44,0.64,0.54,2025-06-22,2303,N,VIIRS,n,2,287.42,1.99,N,2
41.23979,36.44122,317.12,0.41,0.45,2025-06-22,2303,N,VIIRS,n,2,288.52,1.23,N,2
41.24154,36.46648,297.52,0.41,0.45,2025-06-22,2303,N,VIIRS,n,2,287.5,1.04,N,2
41.24202,36.46156,317.52,0.41,0.45,2025-06-22,2303,N,VIIRS,n,2,288.17,1.04,N,2
41.25567,31.43199,309.63,0.37,0.58,2025-06-22,2303,N,VIIRS,n,2,287.63,1.08,N,2
41.26133,31.42761,306.25,0.37,0.58,2025-06-22,2303,N,VIIRS,n,2,287.72,1.08,N,2
41.26156,31.42308,300.53,0.37,0.58,2025-06-22,2303,N,VIIRS,n,2,286.98,1.02,N,2
41.26698,31.42362,317.55,0.37,0.58,2025-06-22,2303,N,VIIRS,n,2,289.92,1.7,N,2
41.63139,27.68384,298.47,0.58,0.7,2025-06-22,2303,N,VIIRS,n,2,285.89,1.2,N,2
41.63791,32.30511,295.44,0.33,0.56,2025-06-22,2303,N,VIIRS,n,2,285.26,0.45,N,0
42.11937,43.02304,301.92,0.39,0.36,2025-06-22,2303,N,VIIRS,n,2,285.3,0.83,N,0
42.12477,43.00999,297.48,0.39,0.36,2025-06-22,2303,N,VIIRS,n,2,284.57,0.48,N,2
36.25753,44.3876,307.46,0.42,0.37,2025-06-22,2304,N,VIIRS,n,2,294.1,1.04,N,0
36.44222,42.93272,317.17,0.39,0.36,2025-06-22,2304,N,VIIRS,n,2,300.38,2.39,N,2
36.74652,43.49832,313.19,0.39,0.37,2025-06-22,2304,N,VIIRS,n,2,296.13,1.41,N,2
36.77611,43.32302,332.13,0.39,0.36,2025-06-22,2304,N,VIIRS,n,2,302.89,9.09,N,2
36.83993,39.55011,308.01,0.42,0.37,2025-06-22,2304,N,VIIRS,n,2,293.31,0.87,N,0
36.86569,43.52153,305.6,0.39,0.37,2025-06-22,2304,N,VIIRS,n,2,293.99,0.91,N,0
36.86716,43.52048,307.86,0.39,0.37,2025-06-22,2304,N,VIIRS,n,2,294.59,1.16,N,0
36.86756,43.48997,325.44,0.39,0.36,2025-06-22,2304,N,VIIRS,n,2,294.93,1.99,N,2
36.88349,40.14693,308.86,0.4,0.37,2025-06-22,2304,N,VIIRS,n,2,291.48,0.92,N,0
36.90661,39.156,305.58,0.43,0.38,2025-06-22,2304,N,VIIRS,n,2,291.63,1.61,N,0
36.90695,43.38875,334.28,0.39,0.36,2025-06-22,2304,N,VIIRS,n,2,295.92,5.36,N,2
36.90725,39.15118,324.87,0.43,0.38,2025-06-22,2304,N,VIIRS,n,2,292.98,1.61,N,0
36.90755,39.17602,315.55,0.43,0.38,2025-06-22,2304,N,VIIRS,n,2,292.48,2.5,N,0
36.90819,39.17118,307.89,0.43,0.38,2025-06-22,2304,N,VIIRS,n,2,292.33,2.5,N,0
36.91073,39.15191,330.4,0.43,0.38,2025-06-22,2304,N,VIIRS,n,2,310.48,33.65,N,0
36.91136,39.14708,305.69,0.43,0.38,2025-06-22,2304,N,VIIRS,n,2,291.42,14.82,N,0
36.91166,39.17192,337.31,0.43,0.38,2025-06-22,2304,N,VIIRS,n,2,294.25,2.5,N,0
36.9123,39.1671,333.99,0.43,0.38,2025-06-22,2304,N,VIIRS,n,2,292.98,3.77,N,0
36.91294,39.16228,333.98,0.43,0.38,2025-06-22,2304,N,VIIRS,n,2,292.96,3.77,N,0
36.91421,39.15263,327.01,0.43,0.38,2025-06-22,2304,N,VIIRS,n,2,292.8,33.65,N,0
36.91512,41.89533,327.24,0.38,0.36,2025-06-22,2304,N,VIIRS,n,2,295.36,1.69,N,2
36.93614,42.1317,331.19,0.38,0.36,2025-06-22,2304,N,VIIRS,n,2,299.37,3.1,N,2
36.93762,38.97381,332.36,0.43,0.38,2025-06-22,2304,N,VIIRS,n,2,291.9,5.45,N,0
36.93992,42.1727,320.83,0.38,0.36,2025-06-22,2304,N,VIIRS,n,2,296.46,1.21,N,2
36.94112,38.97453,327.89,0.43,0.38,2025-06-22,2304,N,VIIRS,n,2,291.04,2.34,N,0
36.94321,42.1735,329.22,0.38,0.36,2025-06-22,2304,N,VIIRS,n,2,297.94,1.21,N,2
36.9467,42.12984,331.16,0.38,0.36,2025-06-22,2304,N,VIIRS,n,2,300.52,3.76,N,2
36.94786,42.77935,317.89,0.39,0.36,2025-06-22,2304,N,VIIRS,n,2,297.56,2.29,N,0
36.95417,38.95721,312.34,0.43,0.38,2025-06-22,2304,N,VIIRS,n,2,291.5,1.1,N,0
36.95544,38.94747,306.82,0.43,0.38,2025-06-22,2304,N,VIIRS,n,2,291.66,0.87,N,0
36.9599,38.96838,300.94,0.43,0.38,2025-06-22,2304,N,VIIRS,n,2,290.72,0.35,N,0
36.96328,39.26654,307.15,0.42,0.38,2025-06-22,2304,N,VIIRS,n,2,293.36,0.67,N,0
36.96469,42.08084,318.75,0.38,0.36,2025-06-22,2304,N,VIIRS,n,2,296.3,1.13,N,2
36.96659,38.99969,330.81,0.43,0.38,2025-06-22,2304,N,VIIRS,n,2,292.88,2.56,N,0
36.96807,39.12413,311.08,0.43,0.38,2025-06-22,2304,N,VIIRS,n,2,290.57,0.98,N,0
36.97091,39.12966,308.97,0.43,0.38,2025-06-22,2304,N,VIIRS,n,2,289.7,2.26,N,0
36.97393,38.91618,300.98,0.44,0.38,2025-06-22,2304,N,VIIRS,n,2,290.88,0.48,N,0
36.9744,39.13037,328.93,0.43,0.38,2025-06-22,2304,N,VIIRS,n,2,292.49,2.26,N,0
36.97744,38.91689,313.58,0.44,0.38,2025-06-22,2304,N,VIIRS,n,2,290.89,1.19,N,0
36.98053,39.05731,339.83,0.43,0.38,2025-06-22,2304,N,VIIRS,n,2,293.71,13.63,N,0
36.98374,39.03311,301.16,0.43,0.38,2025-06-22,2304,N,VIIRS,n,2,291.03,0.34,N,0
36.99065,40.3487,303.7,0.4,0.37,2025-06-22,2304,N,VIIRS,n,2,290.07,0.66,N,0
36.9961,40.35915,304.16,0.4,0.37,2025-06-22,2304,N,VIIRS,n,2,290.2,0.74,N,0
36.99714,41.56314,309.46,0.39,0.36,2025-06-22,2304,N,VIIRS,n,2,293.39,0.58,N,2
37.00467,39.09488,318.63,0.43,0.38,2025-06-22,2304,N,VIIRS,n,2,291.06,1.36,N,0
37.00816,39.0956,307.94,0.43,0.38,2025-06-22,2304,N,VIIRS,n,2,289.56,1.36,N,0
37.02794,40.20873,307.32,0.4,0.37,2025-06-22,2304,N,VIIRS,n,2,290.26,0.76,N,0
37.03131,40.20948,318.55,0.4,0.37,2025-06-22,2304,N,VIIRS,n,2,291.81,1.95,N,0
37.03446,43.52618,315.29,0.39,0.36,2025-06-22,2304,N,VIIRS,n,2,289.71,1.18,N,0
37.05521,42.13224,308.67,0.38,0.36,2025-06-22,2304,N,VIIRS,n,2,297.09,0.55,N,2
37.05862,39.06627,315.84,0.43,0.38,2025-06-22,2304,N,VIIRS,n,2,290.76,1.48,N,0
37.06021,38.97173,340.78,0.43,0.38,2025-06-22,2304,N,VIIRS,n,2,292.44,5.05,N,0
37.06441,39.74606,300.34,0.41,0.37,2025-06-22,2304,N,VIIRS,n,2,289.01,0.47,N,0
37.06783,39.74679,320.66,0.41,0.37,2025-06-22,2304,N,VIIRS,n,2,290.82,1.9,N,0
37.08204,43.60067,306.7,0.39,0.37,2025-06-22,2304,N,VIIRS,n,2,292.55,0.82,N,0
37.08438,40.4273,300.51,0.4,0.37,2025-06-22,2304,N,VIIRS,n,2,288.81,0.36,N,0
37.08773,40.42805,312.5,0.4,0.37,2025-06-22,2304,N,VIIRS,n,2,290.27,0.75,N,0
37.12455,40.14367,314.2,0.4,0.37,2025-06-22,2304,N,VIIRS,n,2,292.59,1.06,N,0
37.1554,40.32028,308.08,0.4,0.37,2025-06-22,2304,N,VIIRS,n,2,290.96,0.79,N,0
37.16032,40.13747,303.74,0.4,0.37,2025-06-22,2304,N,VIIRS,n,2,291.42,0.46,N,0
37.16653,39.84176,301.87,0.41,0.37,2025-06-22,2304,N,VIIRS,n,2,290.12,0.81,N,0
37.16716,39.83715,313.88,0.41,0.37,2025-06-22,2304,N,VIIRS,n,2,290.13,0.81,N,0
37.18012,39.76843,311.09,0.41,0.37,2025-06-22,2304,N,VIIRS,n,2,289.05,0.97,N,0
37.21216,40.26307,328.49,0.4,0.37,2025-06-22,2304,N,VIIRS,n,2,294.35,2.54,N,0
37.21522,39.93976,327.97,0.41,0.37,2025-06-22,2304,N,VIIRS,n,2,294.86,10.6,N,0
37.21553,40.26382,328.82,0.4,0.37,2025-06-22,2304,N,VIIRS,n,2,296.05,2.54,N,0
37.21862,39.94051,341.22,0.41,0.37,2025-06-22,2304,N,VIIRS,n,2,301.54,10.6,N,0
37.21891,40.26457,306.83,0.4,0.37,2025-06-22,2304,N,VIIRS,n,2,294.29,0.65,N,0
37.22202,39.94126,312.47,0.41,0.37,2025-06-22,2304,N,VIIRS,n,2,294.44,1.42,N,0
37.23466,40.39832,319.65,0.4,0.37,2025-06-22,2304,N,VIIRS,n,2,296.28,2.51,N,0
37.23484,40.74145,307.29,0.39,0.37,2025-06-22,2304,N,VIIRS,n,2,294.41,0.85,N,0
37.23843,40.17547,319.08,0.4,0.37,2025-06-22,2304,N,VIIRS,n,2,295.28,2.23,N,0
37.24245,40.17168,329.75,0.4,0.37,2025-06-22,2304,N,VIIRS,n,2,295.76,2.23,N,0
37.25897,39.64333,318.52,0.42,0.37,2025-06-22,2304,N,VIIRS,n,2,291.23,1.41,N,0
37.26023,39.63398,306.1,0.42,0.37,2025-06-22,2304,N,VIIRS,n,2,290.74,1.11,N,0
37.26086,39.62929,302.11,0.42,0.37,2025-06-22,2304,N,VIIRS,n,2,290.34,0.52,N,0
37.26258,39.85036,331.42,0.41,0.37,2025-06-22,2304,N,VIIRS,n,2,293.58,2.56,N,0
37.26275,39.61519,300.34,0.42,0.37,2025-06-22,2304,N,VIIRS,n,2,289.6,0.26,N,0
37.27728,39.82015,345.09,0.41,0.37,2025-06-22,2304,N,VIIRS,n,2,296.17,9.32,N,0
37.28069,39.8209,351.57,0.41,0.37,2025-06-22,2304,N,VIIRS,n,2,297.39,7.93,N,0
37.29324,37.15804,317.75,0.51,0.41,2025-06-22,2304,N,VIIRS,n,2,293.25,2.54,N,2
37.33781,40.80028,306.94,0.39,0.36,2025-06-22,2304,N,VIIRS,n,2,294.43,1.72,N,2
37.35298,37.16313,303.44,0.51,0.41,2025-06-22,2304,N,VIIRS,n,2,292.45,1.1,N,2
37.40007,39.73897,306.28,0.41,0.37,2025-06-22,2304,N,VIIRS,n,2,293.21,0.63,N,0
37.43777,37.66116,301.0,0.49,0.4,2025-06-22,2304,N,VIIRS,n,2,290.35,0.54,N,0
37.48386,36.9144,307.4,0.53,0.42,2025-06-22,2304,N,VIIRS,n,2,290.21,1.11,N,0
37.7137,38.43981,303.32,0.46,0.39,2025-06-22,2304,N,VIIRS,n,2,291.74,0.99,N,0
37.83897,39.00223,319.17,0.44,0.38,2025-06-22,2304,N,VIIRS,n,2,291.65,2.03,N,0
37.86071,29.37081,300.5,0.45,0.63,2025-06-22,2304,N,VIIRS,n,2,288.57,0.82,N,2
37.8996,30.49204,298.09,0.39,0.59,2025-06-22,2304,N,VIIRS,n,2,287.96,0.62,N,2
38.17112,40.51286,310.64,0.4,0.37,2025-06-22,2304,N,VIIRS,n,2,288.27,0.93,N,0
38.26091,39.81001,325.74,0.42,0.38,2025-06-22,2304,N,VIIRS,n,2,292.44,1.71,N,0
38.34612,26.08809,308.09,0.67,0.74,2025-06-22,2304,N,VIIRS,n,2,290.66,1.23,N,0
38.34689,26.09094,310.61,0.67,0.74,2025-06-22,2304,N,VIIRS,n,2,290.62,1.72,N,0
38.35304,26.09019,317.36,0.67,0.74,2025-06-22,2304,N,VIIRS,n,2,290.78,1.21,N,0
38.35379,26.09319,302.95,0.67,0.74,2025-06-22,2304,N,VIIRS,n,2,289.74,1.72,N,0
38.35986,26.09893,300.0,0.67,0.74,2025-06-22,2304,N,VIIRS,n,2,288.98,1.21,N,0
38.38079,26.09083,317.33,0.67,0.74,2025-06-22,2304,N,VIIRS,n,2,291.99,2.27,N,0
38.38154,26.093,327.06,0.67,0.74,2025-06-22,2304,N,VIIRS,n,2,292.22,4.6,N,0
38.38731,26.1198,315.21,0.67,0.74,2025-06-22,2304,N,VIIRS,n,2,291.58,3.89,N,0
38.38741,26.11297,315.39,0.67,0.74,2025-06-22,2304,N,VIIRS,n,2,291.71,5.01,N,0
38.3876,26.10012,303.76,0.67,0.74,2025-06-22,2304,N,VIIRS,n,2,290.42,2.27,N,0
38.38769,26.09345,324.83,0.67,0.74,2025-06-22,2304,N,VIIRS,n,2,292.39,2.27,N,0
38.38791,26.12177,302.79,0.67,0.74,2025-06-22,2304,N,VIIRS,n,2,290.93,26.51,N,0
38.38805,26.11479,342.72,0.67,0.74,2025-06-22,2304,N,VIIRS,n,2,292.77,26.51,N,0
38.38843,26.09568,313.97,0.67,0.74,2025-06-22,2304,N,VIIRS,n,2,291.7,3.41,N,0
38.39412,26.12738,307.67,0.67,0.74,2025-06-22,2304,N,VIIRS,n,2,291.33,29.35,N,0
38.39423,26.11991,351.47,0.67,0.74,2025-06-22,2304,N,VIIRS,n,2,304.35,29.35,N,0
38.39434,26.11318,351.43,0.67,0.74,2025-06-22,2304,N,VIIRS,n,2,293.87,25.43,N,0
38.39442,26.1072,302.52,0.67,0.74,2025-06-22,2304,N,VIIRS,n,2,290.75,25.43,N,0
38.39484,26.12201,339.84,0.67,0.74,2025-06-22,2304,N,VIIRS,n,2,300.74,26.51,N,0
38.39498,26.11511,367.0,0.67,0.74,2025-06-22,2304,N,VIIRS,h,2,297.88,26.51,N,0
38.3951,26.10883,306.5,0.67,0.74,2025-06-22,2304,N,VIIRS,n,2,291.23,21.97,N,0
38.40116,26.12044,348.88,0.67,0.74,2025-06-22,2304,N,VIIRS,n,2,293.42,29.35,N,0
38.40127,26.11325,367.0,0.67,0.74,2025-06-22,2304,N,VIIRS,h,2,305.24,25.43,N,0
38.40136,26.10734,304.08,0.67,0.74,2025-06-22,2304,N,VIIRS,n,2,291.51,25.43,N,0
38.40144,26.10224,302.31,0.67,0.74,2025-06-22,2304,N,VIIRS,n,2,291.13,2.44,N,0
38.40151,26.09784,311.12,0.67,0.74,2025-06-22,2304,N,VIIRS,n,2,290.69,2.44,N,0
38.40817,26.11518,336.51,0.67,0.74,2025-06-22,2304,N,VIIRS,n,2,293.76,3.76,N,0
38.40828,26.10873,301.85,0.67,0.74,2025-06-22,2304,N,VIIRS,n,2,291.55,3.76,N,0
38.40837,26.10281,307.18,0.67,0.74,2025-06-22,2304,N,VIIRS,n,2,291.54,2.79,N,0
38.41498,26.1232,321.19,0.67,0.74,2025-06-22,2304,N,VIIRS,n,2,291.54,6.08,N,0
38.41507,26.11767,309.89,0.67,0.74,2025-06-22,2304,N,VIIRS,n,2,290.44,3.76,N,0
38.42527,27.21728,304.15,0.59,0.7,2025-06-22,2304,N,VIIRS,n,2,292.52,0.75,N,2
38.47443,33.33069,327.08,0.55,0.51,2025-06-22,2304,N,VIIRS,n,2,282.77,4.02,N,0
38.60488,26.97404,313.36,0.61,0.71,2025-06-22,2304,N,VIIRS,n,2,289.08,2.51,N,0
38.60505,26.96678,320.91,0.61,0.71,2025-06-22,2304,N,VIIRS,n,2,289.6,2.51,N,0
38.74533,26.94721,301.98,0.61,0.71,2025-06-22,2304,N,VIIRS,n,2,290.78,1.92,N,2
38.74847,26.94875,303.2,0.61,0.71,2025-06-22,2304,N,VIIRS,n,2,290.62,1.27,N,2
38.85928,35.76522,298.93,0.41,0.45,2025-06-22,2304,N,VIIRS,n,2,283.18,0.97,N,2
39.48233,30.0394,300.76,0.42,0.61,2025-06-22,2304,N,VIIRS,n,2,280.25,0.75,N,2
39.48706,30.03874,296.21,0.42,0.61,2025-06-22,2304,N,VIIRS,n,2,281.99,0.81,N,2
39.58549,43.90061,300.07,0.39,0.36,2025-06-22,2304,N,VIIRS,n,2,284.27,0.84,N,0
39.72399,36.93509,297.16,0.56,0.43,2025-06-22,2304,N,VIIRS,n,2,282.2,1.25,N,0
39.94317,33.18883,296.25,0.58,0.52,2025-06-22,2304,N,VIIRS,n,2,284.39,1.2,N,2
39.94517,33.18955,301.25,0.58,0.52,2025-06-22,2304,N,VIIRS,n,2,285.51,1.25,N,2
40.04935,32.64977,295.77,0.62,0.54,2025-06-22,2304,N,VIIRS,n,2,285.14,1.01,N,2
40.24014,29.92486,295.57,0.43,0.62,2025-06-22,2304,N,VIIRS,n,2,284.49,0.56,N,2
40.24096,29.92264,296.7,0.43,0.62,2025-06-22,2304,N,VIIRS,n,2,284.18,0.98,N,2
40.75547,31.7814,295.86,0.35,0.57,2025-06-22,2304,N,VIIRS,n,2,282.41,0.64,N,2
40.79895,29.37572,299.21,0.47,0.64,2025-06-22,2304,N,VIIRS,n,2,289.2,0.77,N,2
41.01886,28.55228,298.18,0.52,0.67,2025-06-22,2304,N,VIIRS,n,2,287.74,1.22,N,2
41.02125,28.55251,300.11,0.52,0.67,2025-06-22,2304,N,VIIRS,n,2,287.85,1.01,N,2
35.52357,44.34389,316.81,0.42,0.38,2025-06-22,2305,N,VIIRS,n,2,295.88,2.07,N,2
35.52699,44.3448,346.34,0.42,0.38,2025-06-22,2305,N,VIIRS,n,2,302.34,7.54,N,2
35.52783,44.34023,332.03,0.42,0.38,2025-06-22,2305,N,VIIRS,n,2,296.81,4.95,N,2
35.53125,44.34114,333.3,0.42,0.38,2025-06-22,2305,N,VIIRS,n,2,300.95,4.95,N,2
35.53208,44.33656,319.31,0.42,0.38,2025-06-22,2305,N,VIIRS,n,2,297.13,4.95,N,2
35.53551,44.33746,331.03,0.42,0.38,2025-06-22,2305,N,VIIRS,n,2,297.73,3.2,N,2
35.53896,44.20685,320.38,0.42,0.37,2025-06-22,2305,N,VIIRS,n,2,291.85,1.9,N,0
35.54237,44.20777,311.7,0.42,0.37,2025-06-22,2305,N,VIIRS,n,2,292.25,0.87,N,0
35.56338,44.28256,305.0,0.42,0.38,2025-06-22,2305,N,VIIRS,n,2,293.97,0.29,N,2
35.5668,44.28347,307.63,0.42,0.38,2025-06-22,2305,N,VIIRS,n,2,295.67,0.61,N,2
35.62651,44.00985,332.08,0.41,0.37,2025-06-22,2305,N,VIIRS,n,2,297.03,3.67,N,2
35.6299,44.01076,327.4,0.41,0.37,2025-06-22,2305,N,VIIRS,n,2,310.29,18.38,N,2
35.63069,44.00628,331.41,0.41,0.37,2025-06-22,2305,N,VIIRS,n,2,297.56,10.08,N,2
35.66236,43.96757,312.68,0.41,0.37,2025-06-22,2305,N,VIIRS,n,2,300.54,12.57,N,2
35.66315,43.96307,330.59,0.41,0.37,2025-06-22,2305,N,VIIRS,n,2,303.56,12.57,N,2
35.67695,44.06581,318.26,0.41,0.37,2025-06-22,2305,N,VIIRS,n,2,298.17,2.72,N,2
35.67891,44.06847,311.51,0.41,0.37,2025-06-22,2305,N,VIIRS,n,2,297.37,1.26,N,2
35.68229,43.87446,309.4,0.41,0.37,2025-06-22,2305,N,VIIRS,n,2,296.27,25.73,N,2
35.68488,43.87982,330.48,0.41,0.37,2025-06-22,2305,N,VIIRS,n,2,298.63,25.73,N,2
35.68566,43.87534,331.72,0.41,0.37,2025-06-22,2305,N,VIIRS,n,2,323.02,25.73,N,2
35.71788,43.77168,313.36,0.41,0.37,2025-06-22,2305,N,VIIRS,n,2,302.33,2.55,N,2
35.72268,44.04215,331.06,0.41,0.37,2025-06-22,2305,N,VIIRS,n,2,296.98,2.88,N,2
35.72607,44.04303,329.94,0.41,0.37,2025-06-22,2305,N,VIIRS,n,2,299.23,2.76,N,2
35.72687,44.03852,308.83,0.41,0.37,2025-06-22,2305,N,VIIRS,n,2,297.6,1.65,N,2
35.72767,44.03403,330.04,0.41,0.37,2025-06-22,2305,N,VIIRS,n,2,296.6,1.65,N,2
35.73106,44.0349,320.93,0.41,0.37,2025-06-22,2305,N,VIIRS,n,2,297.68,1.65,N,2
35.77368,43.99436,329.93,0.41,0.37,2025-06-22,2305,N,VIIRS,n,2,299.9,4.44,N,2
35.95422,43.7282,308.93,0.4,0.37,2025-06-22,2305,N,VIIRS,n,2,296.8,1.2,N,2
35.96867,43.76661,311.66,0.4,0.37,2025-06-22,2305,N,VIIRS,n,2,300.2,4.25,N,2
35.96946,43.76217,331.14,0.4,0.37,2025-06-22,2305,N,VIIRS,n,2,300.46,3.95,N,2
35.98209,43.77027,326.04,0.4,0.37,2025-06-22,2305,N,VIIRS,n,2,301.41,3.69,N,2
35.99784,43.76055,310.5,0.4,0.37,2025-06-22,2305,N,VIIRS,n,2,299.24,2.0,N,2
36.01842,43.68272,326.54,0.4,0.37,2025-06-22,2305,N,VIIRS,n,2,297.28,2.59,N,2
36.08232,43.64215,307.12,0.4,0.37,2025-06-22,2305,N,VIIRS,n,2,296.41,0.92,N,0
36.09801,43.63245,311.9,0.4,0.37,2025-06-22,2305,N,VIIRS,n,2,292.82,0.62,N,0
36.12346,41.04684,306.9,0.39,0.36,2025-06-22,2305,N,VIIRS,n,2,296.14,0.32,N,0
36.13164,40.80885,312.75,0.39,0.36,2025-06-22,2305,N,VIIRS,n,2,297.19,1.15,N,2
36.14096,40.81541,307.17,0.39,0.36,2025-06-22,2305,N,VIIRS,n,2,296.83,1.1,N,2
36.14429,40.81615,332.0,0.39,0.36,2025-06-22,2305,N,VIIRS,n,2,297.36,2.21,N,2
36.26411,33.73078,318.17,0.5,0.49,2025-06-22,2305,N,VIIRS,n,2,295.95,3.42,N,2
36.72119,39.38176,345.19,0.42,0.38,2025-06-22,2305,N,VIIRS,n,2,297.22,10.37,N,0
36.73608,36.21262,304.09,0.56,0.43,2025-06-22,2305,N,VIIRS,n,2,293.39,1.8,N,2
36.73676,36.20621,307.85,0.56,0.43,2025-06-22,2305,N,VIIRS,n,2,293.44,1.8,N,2
36.76085,39.41629,308.44,0.42,0.38,2025-06-22,2305,N,VIIRS,n,2,293.34,0.6,N,0
36.77014,38.99077,307.25,0.43,0.38,2025-06-22,2305,N,VIIRS,n,2,292.28,0.5,N,0
36.77078,38.98594,332.58,0.43,0.38,2025-06-22,2305,N,VIIRS,n,2,292.63,5.43,N,0
36.77427,38.98666,339.51,0.43,0.38,2025-06-22,2305,N,VIIRS,n,2,298.82,14.2,N,0
36.78679,39.46028,308.17,0.42,0.37,2025-06-22,2305,N,VIIRS,n,2,292.09,0.71,N,0
36.79449,39.29758,311.72,0.42,0.38,2025-06-22,2305,N,VIIRS,n,2,295.06,1.52,N,0
36.80423,39.03436,303.43,0.43,0.38,2025-06-22,2305,N,VIIRS,n,2,291.41,0.49,N,0
36.81052,38.98605,304.56,0.43,0.38,2025-06-22,2305,N,VIIRS,n,2,291.37,0.69,N,0
36.81115,38.98121,317.61,0.43,0.38,2025-06-22,2305,N,VIIRS,n,2,291.47,1.51,N,0
36.83344,39.03045,308.11,0.43,0.38,2025-06-22,2305,N,VIIRS,n,2,291.28,0.73,N,0
36.84352,38.89811,307.65,0.43,0.38,2025-06-22,2305,N,VIIRS,n,2,291.74,0.54,N,0
36.84416,38.89324,302.54,0.43,0.38,2025-06-22,2305,N,VIIRS,n,2,291.82,0.54,N,0
36.8457,38.8535,313.4,0.44,0.38,2025-06-22,2305,N,VIIRS,n,2,293.12,2.1,N,0
36.84613,38.98835,311.42,0.43,0.38,2025-06-22,2305,N,VIIRS,n,2,291.08,0.93,N,0
36.85691,39.06991,316.65,0.43,0.38,2025-06-22,2305,N,VIIRS,n,2,290.79,1.54,N,0
36.86801,39.06725,310.38,0.43,0.38,2025-06-22,2305,N,VIIRS,n,2,291.15,0.86,N,0
36.86865,39.06244,308.29,0.43,0.38,2025-06-22,2305,N,VIIRS,n,2,290.22,1.23,N,0
36.87319,38.91916,316.95,0.43,0.38,2025-06-22,2305,N,VIIRS,n,2,292.9,1.6,N,0
36.87671,38.91987,305.42,0.43,0.38,2025-06-22,2305,N,VIIRS,n,2,293.22,0.68,N,0
36.94377,38.42882,321.88,0.45,0.39,2025-06-22,2305,N,VIIRS,n,2,290.75,2.25,N,0
39.48573,30.04329,302.68,0.38,0.59,2025-06-23,44,N,VIIRS,n,2,281.31,0.95,N,0
40.1847,29.22466,299.7,0.33,0.56,2025-06-23,44,N,VIIRS,n,2,287.93,0.39,N,2
40.75948,29.76386,298.82,0.34,0.56,2025-06-23,44,N,VIIRS,n,2,288.74,0.86,N,0
41.02103,28.55811,303.27,0.59,0.53,2025-06-23,44,N,VIIRS,n,2,288.43,1.6,N,2
41.17353,32.63133,296.65,0.46,0.64,2025-06-23,44,N,VIIRS,n,2,283.5,0.95,N,2
41.1772,32.63351,305.11,0.46,0.64,2025-06-23,44,N,VIIRS,n,2,285.96,1.18,N,2
41.25455,31.43179,303.77,0.4,0.6,2025-06-23,44,N,VIIRS,n,2,285.95,1.08,N,0
41.26231,31.42553,310.54,0.4,0.6,2025-06-23,44,N,VIIRS,n,2,286.78,1.29,N,2
41.26361,31.42094,299.81,0.4,0.6,2025-06-23,44,N,VIIRS,n,2,286.09,1.29,N,2
41.26744,31.42404,312.07,0.4,0.6,2025-06-23,44,N,VIIRS,n,2,288.67,1.52,N,2
37.25444,30.44512,299.97,0.46,0.64,2025-06-23,45,N,VIIRS,n,2,287.18,1.3,N,2
38.34988,26.09514,324.16,0.52,0.5,2025-06-23,45,N,VIIRS,n,2,292.09,3.66,N,0
38.35118,26.08966,347.72,0.52,0.5,2025-06-23,45,N,VIIRS,n,2,295.11,10.94,N,0
38.3557,26.09105,304.44,0.52,0.5,2025-06-23,45,N,VIIRS,n,2,291.78,1.31,N,0
38.36319,26.10029,338.3,0.52,0.5,2025-06-23,45,N,VIIRS,n,2,293.28,3.28,N,0
38.3806,26.08811,307.8,0.51,0.5,2025-06-23,45,N,VIIRS,n,2,292.4,2.06,N,0
38.38365,26.09567,341.88,0.51,0.5,2025-06-23,45,N,VIIRS,n,2,295.4,7.26,N,0
38.38517,26.08926,344.04,0.51,0.5,2025-06-23,45,N,VIIRS,n,2,297.49,11.57,N,0
38.38808,26.11795,319.98,0.52,0.5,2025-06-23,45,N,VIIRS,n,2,291.74,5.35,N,0
38.38826,26.09664,305.45,0.51,0.5,2025-06-23,45,N,VIIRS,n,2,291.75,7.26,N,0
38.3899,26.08966,308.25,0.51,0.5,2025-06-23,45,N,VIIRS,n,2,290.85,11.57,N,0
38.39185,26.11994,339.98,0.52,0.5,2025-06-23,45,N,VIIRS,n,2,296.04,6.45,N,0
38.3925,26.11976,343.3,0.52,0.5,2025-06-23,45,N,VIIRS,n,2,295.81,5.35,N,0
38.39482,26.1277,306.58,0.52,0.5,2025-06-23,45,N,VIIRS,n,2,291.89,6.45,N,0
38.39549,26.12762,320.83,0.52,0.5,2025-06-23,45,N,VIIRS,n,2,292.58,2.29,N,0
38.39627,26.12174,350.26,0.52,0.5,2025-06-23,45,N,VIIRS,n,2,296.46,6.45,N,0
38.39691,26.12159,344.8,0.52,0.5,2025-06-23,45,N,VIIRS,n,2,297.58,10.13,N,0
38.39777,26.11553,343.25,0.52,0.5,2025-06-23,45,N,VIIRS,n,2,295.99,16.16,N,0
38.39837,26.11539,342.33,0.52,0.5,2025-06-23,45,N,VIIRS,n,2,296.44,10.13,N,0
38.4007,26.12347,302.86,0.52,0.5,2025-06-23,45,N,VIIRS,n,2,291.78,1.86,N,0
38.40217,26.1174,344.96,0.52,0.5,2025-06-23,45,N,VIIRS,n,2,295.89,3.53,N,0
38.40277,26.11723,337.51,0.52,0.5,2025-06-23,45,N,VIIRS,n,2,295.78,10.13,N,0
38.40367,26.11121,316.36,0.51,0.5,2025-06-23,45,N,VIIRS,n,2,293.72,3.53,N,0
38.40425,26.11097,311.01,0.52,0.5,2025-06-23,45,N,VIIRS,n,2,293.23,4.69,N,0
38.40672,26.11869,326.93,0.52,0.5,2025-06-23,45,N,VIIRS,n,2,293.71,3.53,N,0
38.40733,26.11845,323.28,0.52,0.5,2025-06-23,45,N,VIIRS,n,2,293.84,3.28,N,0
38.40833,26.11201,310.46,0.51,0.5,2025-06-23,45,N,VIIRS,n,2,292.61,3.53,N,0
38.40892,26.11164,303.27,0.52,0.5,2025-06-23,45,N,VIIRS,n,2,291.5,2.25,N,0
38.41583,26.12112,309.37,0.52,0.5,2025-06-23,45,N,VIIRS,n,2,291.42,2.15,N,0
38.65874,30.61699,298.54,0.43,0.62,2025-06-23,45,N,VIIRS,n,2,282.94,0.79,N,2
38.73622,26.94324,303.38,0.56,0.51,2025-06-23,45,N,VIIRS,n,2,292.93,2.67,N,2
38.74384,26.93256,305.35,0.56,0.51,2025-06-23,45,N,VIIRS,n,2,290.28,1.42,N,2
38.74635,26.94755,304.8,0.56,0.51,2025-06-23,45,N,VIIRS,n,2,290.99,1.12,N,2
38.75299,26.93629,300.41,0.56,0.51,2025-06-23,45,N,VIIRS,n,2,290.33,0.66,N,0
39.86314,26.24399,299.8,0.48,0.48,2025-06-23,45,N,VIIRS,n,2,288.8,0.86,N,2
39.86744,26.24578,307.76,0.48,0.48,2025-06-23,45,N,VIIRS,n,2,289.7,1.48,N,2
35.52812,44.3426,354.48,0.53,0.42,2025-06-23,1025,N,VIIRS,n,2,328.75,6.4,D,2
36.05556,43.524,353.83,0.49,0.41,2025-06-23,1025,N,VIIRS,n,2,325.36,17.1,D,0
36.67464,36.51021,350.02,0.41,0.37,2025-06-23,1025,N,VIIRS,n,2,319.86,11.52,D,0
36.90533,43.39151,339.44,0.5,0.41,2025-06-23,1025,N,VIIRS,n,2,314.21,4.2,D,2
37.04538,36.12753,367.0,0.41,0.37,2025-06-23,1025,N,VIIRS,h,2,320.12,50.93,D,0
37.07203,40.38134,354.28,0.4,0.37,2025-06-23,1025,N,VIIRS,n,2,322.97,19.79,D,0
37.29084,43.51787,345.81,0.51,0.41,2025-06-23,1025,N,VIIRS,n,2,313.01,5.2,D,0
37.9359,37.91525,350.0,0.38,0.36,2025-06-23,1025,N,VIIRS,n,2,315.57,5.1,D,0
37.93658,37.91959,346.22,0.38,0.36,2025-06-23,1025,N,VIIRS,n,2,314.87,5.1,D,0
37.86963,32.5656,344.9,0.55,0.43,2025-06-23,1026,N,VIIRS,n,2,310.33,6.21,D,0
38.13924,29.63657,344.51,0.5,0.49,2025-06-23,1026,N,VIIRS,n,2,311.35,7.48,D,0
38.30719,26.02813,351.85,0.38,0.59,2025-06-23,1026,N,VIIRS,n,2,302.41,25.7,D,0
38.3078,26.02538,349.59,0.38,0.59,2025-06-23,1026,N,VIIRS,n,2,299.85,26.27,D,0
38.30845,26.03288,367.0,0.38,0.59,2025-06-23,1026,N,VIIRS,h,2,301.42,47.46,D,0
38.3091,26.0302,367.0,0.38,0.59,2025-06-23,1026,N,VIIRS,h,2,316.92,26.27,D,0
38.31238,26.02584,334.48,0.38,0.59,2025-06-23,1026,N,VIIRS,n,2,303.6,25.7,D,0
38.31366,26.03068,367.0,0.38,0.59,2025-06-23,1026,N,VIIRS,h,2,310.71,47.46,D,0
38.31432,26.02803,355.1,0.38,0.59,2025-06-23,1026,N,VIIRS,n,2,312.23,46.07,D,0
38.31594,26.03931,367.0,0.38,0.59,2025-06-23,1026,N,VIIRS,h,2,300.92,45.75,D,0
38.31623,26.01847,367.0,0.38,0.59,2025-06-23,1026,N,VIIRS,h,2,314.2,31.99,D,0
38.31673,26.01549,346.58,0.38,0.59,2025-06-23,1026,N,VIIRS,n,2,308.14,26.16,D,0
38.31758,26.02361,367.0,0.38,0.59,2025-06-23,1026,N,VIIRS,h,2,305.7,31.99,D,0
38.31783,26.04099,367.0,0.38,0.59,2025-06-23,1026,N,VIIRS,h,2,308.75,84.43,D,0
38.31819,26.02087,357.55,0.38,0.59,2025-06-23,1026,N,VIIRS,n,2,316.18,46.07,D,0
38.31951,26.02575,351.78,0.38,0.59,2025-06-23,1026,N,VIIRS,n,2,310.46,46.07,D,0
38.32138,26.01604,346.12,0.38,0.59,2025-06-23,1026,N,VIIRS,n,2,310.03,31.99,D,0
38.32182,26.01282,348.0,0.38,0.59,2025-06-23,1026,N,VIIRS,n,2,302.48,14.77,D,0
38.32286,26.02165,352.85,0.38,0.59,2025-06-23,1026,N,VIIRS,n,2,319.2,31.99,D,0
38.32304,26.03881,367.0,0.38,0.59,2025-06-23,1026,N,VIIRS,h,2,344.05,84.43,D,0
38.32329,26.04523,349.83,0.38,0.59,2025-06-23,1026,N,VIIRS,n,2,301.25,50.59,D,0
38.32337,26.01857,356.05,0.38,0.59,2025-06-23,1026,N,VIIRS,n,2,316.44,28.49,D,0
38.32407,26.02626,367.0,0.38,0.59,2025-06-23,1026,N,VIIRS,h,2,311.12,73.46,D,0
38.32413,26.04283,367.0,0.38,0.59,2025-06-23,1026,N,VIIRS,h,2,312.28,84.43,D,0
38.32435,26.04926,367.0,0.38,0.59,2025-06-23,1026,N,VIIRS,h,2,303.28,50.59,D,0
38.32475,26.02367,367.0,0.38,0.59,2025-06-23,1026,N,VIIRS,h,2,310.02,28.49,D,0
38.32521,26.04684,367.0,0.38,0.59,2025-06-23,1026,N,VIIRS,h,2,304.65,27.52,D,0
38.32524,26.03071,367.0,0.38,0.59,2025-06-23,1026,N,VIIRS,h,2,312.25,73.46,D,0
38.32542,26.05334,367.0,0.38,0.59,2025-06-23,1026,N,VIIRS,h,2,305.94,169.07,D,0
38.32599,26.02826,353.14,0.38,0.59,2025-06-23,1026,N,VIIRS,n,2,310.05,14.43,D,0
38.32634,26.05101,355.23,0.38,0.59,2025-06-23,1026,N,VIIRS,n,2,315.63,27.52,D,0
38.32635,26.03492,367.0,0.38,0.59,2025-06-23,1026,N,VIIRS,h,2,311.8,75.07,D,0
38.32714,26.03252,338.95,0.38,0.59,2025-06-23,1026,N,VIIRS,n,2,310.12,14.43,D,0
38.32742,26.03897,356.89,0.38,0.59,2025-06-23,1026,N,VIIRS,n,2,317.94,75.07,D,0
38.32743,26.05508,367.0,0.38,0.59,2025-06-23,1026,N,VIIRS,h,2,304.52,27.99,D,0
38.32824,26.0366,367.0,0.38,0.59,2025-06-23,1026,N,VIIRS,h,2,311.1,10.59,D,0
38.32849,26.04302,367.0,0.38,0.59,2025-06-23,1026,N,VIIRS,h,2,313.12,50.59,D,0
38.32855,26.01624,367.0,0.38,0.59,2025-06-23,1026,N,VIIRS,h,2,304.47,28.49,D,0
38.32933,26.04064,367.0,0.38,0.59,2025-06-23,1026,N,VIIRS,h,2,312.79,10.59,D,0
38.3299,26.02125,350.5,0.38,0.59,2025-06-23,1026,N,VIIRS,n,2,321.39,28.49,D,0
38.33045,26.04477,349.13,0.38,0.59,2025-06-23,1026,N,VIIRS,n,2,315.91,33.21,D,0
38.33119,26.02604,367.0,0.38,0.59,2025-06-23,1026,N,VIIRS,h,2,315.9,14.43,D,0
38.33169,26.04937,350.46,0.38,0.59,2025-06-23,1026,N,VIIRS,n,2,322.55,33.21,D,0
38.33241,26.03054,349.21,0.38,0.59,2025-06-23,1026,N,VIIRS,n,2,310.88,14.43,D,0
38.33295,26.05998,355.94,0.38,0.59,2025-06-23,1026,N,VIIRS,n,2,314.93,47.2,D,0
38.3335,26.03458,345.05,0.38,0.59,2025-06-23,1026,N,VIIRS,n,2,312.09,10.59,D,0
38.33389,26.06355,367.0,0.38,0.59,2025-06-23,1026,N,VIIRS,h,2,303.82,47.2,D,0
38.3346,26.03868,352.58,0.38,0.59,2025-06-23,1026,N,VIIRS,n,2,311.79,10.59,D,0
38.33501,26.0617,353.96,0.38,0.59,2025-06-23,1026,N,VIIRS,n,2,317.09,33.59,D,0
38.33504,26.01877,346.19,0.38,0.59,2025-06-23,1026,N,VIIRS,n,2,301.3,7.7,D,0
38.33575,26.04295,350.14,0.38,0.59,2025-06-23,1026,N,VIIRS,n,2,311.83,33.21,D,0
38.33593,26.06509,351.01,0.38,0.59,2025-06-23,1026,N,VIIRS,n,2,303.2,33.59,D,0
38.33627,26.02333,367.0,0.38,0.59,2025-06-23,1026,N,VIIRS,h,2,305.77,15.46,D,0
38.33705,26.04775,355.01,0.38,0.59,2025-06-23,1026,N,VIIRS,n,2,314.33,33.21,D,0
38.33757,26.02819,356.23,0.38,0.59,2025-06-23,1026,N,VIIRS,n,2,314.13,15.46,D,0
38.33847,26.05302,367.0,0.38,0.59,2025-06-23,1026,N,VIIRS,h,2,322.19,79.19,D,0
38.33875,26.03258,367.0,0.38,0.59,2025-06-23,1026,N,VIIRS,h,2,314.6,25.54,D,0
38.33961,26.05727,367.0,0.38,0.59,2025-06-23,1026,N,VIIRS,h,2,310.4,79.19,D,0
38.33992,26.03692,367.0,0.38,0.59,2025-06-23,1026,N,VIIRS,h,2,315.05,25.54,D,0
38.34062,26.06102,367.0,0.38,0.59,2025-06-23,1026,N,VIIRS,h,2,315.73,33.59,D,0
38.34155,26.06446,355.65,0.38,0.59,2025-06-23,1026,N,VIIRS,n,2,312.87,33.59,D,0
38.34241,26.06768,348.81,0.38,0.59,2025-06-23,1026,N,VIIRS,n,2,317.58,53.05,D,0
38.34269,26.02564,345.09,0.38,0.59,2025-06-23,1026,N,VIIRS,n,2,302.72,15.46,D,0
38.34326,26.07084,367.0,0.38,0.59,2025-06-23,1026,N,VIIRS,h,2,319.55,53.05,D,0
38.34391,26.0302,354.69,0.38,0.59,2025-06-23,1026,N,VIIRS,n,2,317.62,25.54,D,0
38.34413,26.07408,367.0,0.38,0.58,2025-06-23,1026,N,VIIRS,h,2,311.43,16.58,D,0
38.34502,26.07738,367.0,0.38,0.58,2025-06-23,1026,N,VIIRS,h,2,309.57,16.58,D,0
38.34526,26.03519,367.0,0.38,0.59,2025-06-23,1026,N,VIIRS,h,2,312.49,25.54,D,0
38.34616,26.06009,342.32,0.38,0.59,2025-06-23,1026,N,VIIRS,n,2,307.72,8.89,D,0
38.35053,26.07637,344.63,0.38,0.58,2025-06-23,1026,N,VIIRS,n,2,310.54,10.5,D,0
38.35057,26.03341,349.78,0.38,0.59,2025-06-23,1026,N,VIIRS,n,2,304.99,6.08,D,0
38.35138,26.0795,367.0,0.38,0.58,2025-06-23,1026,N,VIIRS,h,2,310.19,7.27,D,0
38.3523,26.08296,367.0,0.38,0.58,2025-06-23,1026,N,VIIRS,h,2,311.04,7.27,D,0
38.35334,26.08684,367.0,0.38,0.58,2025-06-23,1026,N,VIIRS,h,2,309.82,7.32,D,0
38.35453,26.09127,351.45,0.38,0.58,2025-06-23,1026,N,VIIRS,n,2,308.21,7.32,D,0
38.35579,26.03126,350.88,0.38,0.59,2025-06-23,1026,N,VIIRS,n,2,303.78,6.08,D,0
38.3568,26.07817,346.32,0.38,0.58,2025-06-23,1026,N,VIIRS,n,2,309.6,7.27,D,0
38.35765,26.08136,349.92,0.38,0.58,2025-06-23,1026,N,VIIRS,n,2,311.31,7.27,D,0
38.35859,26.08486,355.89,0.38,0.58,2025-06-23,1026,N,VIIRS,n,2,310.46,7.32,D,0
38.35962,26.08869,355.24,0.38,0.58,2025-06-23,1026,N,VIIRS,n,2,309.74,7.32,D,0
38.35971,26.04592,344.45,0.38,0.59,2025-06-23,1026,N,VIIRS,n,2,308.23,10.05,D,0
38.36074,26.09289,367.0,0.38,0.58,2025-06-23,1026,N,VIIRS,h,2,310.8,13.99,D,0
38.36189,26.09717,367.0,0.38,0.58,2025-06-23,1026,N,VIIRS,h,2,312.61,13.99,D,0
38.36239,26.03428,348.26,0.38,0.59,2025-06-23,1026,N,VIIRS,n,2,302.5,4.48,D,0
38.36293,26.07949,341.72,0.38,0.58,2025-06-23,1026,N,VIIRS,n,2,308.67,8.32,D,0
38.36308,26.10161,349.53,0.38,0.58,2025-06-23,1026,N,VIIRS,n,2,306.56,13.24,D,0
38.36375,26.0394,351.37,0.38,0.59,2025-06-23,1026,N,VIIRS,n,2,302.55,4.48,D,0
38.3659,26.09059,339.4,0.38,0.58,2025-06-23,1026,N,VIIRS,n,2,310.79,9.94,D,0
38.36697,26.09455,367.0,0.38,0.58,2025-06-23,1026,N,VIIRS,h,2,312.16,9.94,D,0
38.36806,26.09863,367.0,0.38,0.58,2025-06-23,1026,N,VIIRS,h,2,313.14,26.53,D,0
38.37761,26.04796,340.22,0.38,0.59,2025-06-23,1026,N,VIIRS,n,2,304.23,9.38,D,0
38.37851,26.0513,347.64,0.38,0.59,2025-06-23,1026,N,VIIRS,n,2,309.53,9.38,D,0
38.38292,26.04615,354.63,0.38,0.59,2025-06-23,1026,N,VIIRS,n,2,303.06,9.38,D,0
38.38404,26.05037,367.0,0.38,0.59,2025-06-23,1026,N,VIIRS,h,2,313.37,9.38,D,0
38.38512,26.05445,367.0,0.38,0.59,2025-06-23,1026,N,VIIRS,h,2,309.08,23.91,D,0
38.38618,26.05843,367.0,0.38,0.59,2025-06-23,1026,N,VIIRS,h,2,308.92,23.91,D,0
38.38722,26.0623,367.0,0.38,0.58,2025-06-23,1026,N,VIIRS,h,2,308.46,27.37,D,0
38.38829,26.06633,357.47,0.38,0.58,2025-06-23,1026,N,VIIRS,n,2,311.96,27.37,D,0
38.38936,26.07034,348.24,0.38,0.58,2025-06-23,1026,N,VIIRS,n,2,302.14,21.04,D,0
40.07502,44.44162,341.9,0.4,0.44,2025-06-23,1026,N,VIIRS,n,2,307.42,4.3,D,0
40.14333,27.92878,334.2,0.55,0.51,2025-06-23,1027,N,VIIRS,n,2,301.69,2.93,D,0
40.14412,27.92659,334.37,0.55,0.51,2025-06-23,1027,N,VIIRS,n,2,298.46,7.06,D,0
40.26345,28.43295,341.03,0.51,0.5,2025-06-23,1027,N,VIIRS,n,2,302.93,3.99,D,0
40.26786,28.43111,330.41,0.51,0.5,2025-06-23,1027,N,VIIRS,n,2,301.83,2.74,D,0
41.26294,31.42544,338.18,0.53,0.42,2025-06-23,1027,N,VIIRS,n,2,307.71,7.03,D,2
41.2639,31.42353,342.5,0.53,0.42,2025-06-23,1027,N,VIIRS,n,2,310.06,6.98,D,2
37.37303,27.30458,367.0,0.52,0.67,2025-06-23,1206,N,VIIRS,h,2,312.6,15.76,D,0
37.37617,27.30112,367.0,0.52,0.67,2025-06-23,1206,N,VIIRS,h,2,310.97,15.81,D,0
37.41022,27.37963,367.0,0.53,0.67,2025-06-23,1206,N,VIIRS,h,2,318.73,36.28,D,0
37.4165,27.37905,367.0,0.53,0.67,2025-06-23,1206,N,VIIRS,h,2,320.79,36.28,D,0
37.42278,27.37851,367.0,0.53,0.67,2025-06-23,1206,N,VIIRS,h,2,314.18,14.17,D,0
37.423,27.38491,367.0,0.53,0.67,2025-06-23,1206,N,VIIRS,h,2,311.19,14.17,D,0
38.30676,26.02403,351.0,0.45,0.63,2025-06-23,1207,N,VIIRS,n,2,308.91,46.35,D,0
38.30716,26.03344,344.63,0.45,0.63,2025-06-23,1207,N,VIIRS,n,2,314.61,102.09,D,0
38.30737,26.03844,367.0,0.45,0.63,2025-06-23,1207,N,VIIRS,h,2,303.27,138.62,D,0
38.31226,26.01459,356.58,0.45,0.63,2025-06-23,1207,N,VIIRS,n,2,305.74,21.71,D,0
38.31246,26.01918,358.05,0.45,0.63,2025-06-23,1207,N,VIIRS,n,2,315.64,46.35,D,0
38.31266,26.02369,356.46,0.45,0.63,2025-06-23,1207,N,VIIRS,n,2,317.21,46.35,D,0
38.31284,26.02804,367.0,0.45,0.63,2025-06-23,1207,N,VIIRS,h,2,315.17,102.09,D,0
38.31351,26.04367,367.0,0.45,0.63,2025-06-23,1207,N,VIIRS,h,2,330.31,138.62,D,0
38.31377,26.04961,334.77,0.45,0.63,2025-06-23,1207,N,VIIRS,n,2,300.01,49.48,D,0
38.31816,26.01428,347.48,0.45,0.63,2025-06-23,1207,N,VIIRS,n,2,302.08,13.29,D,0
38.31834,26.01846,367.0,0.45,0.63,2025-06-23,1207,N,VIIRS,h,2,310.12,11.07,D,0
38.31853,26.02281,367.0,0.45,0.63,2025-06-23,1207,N,VIIRS,h,2,307.89,11.07,D,0
38.31873,26.02753,342.66,0.45,0.63,2025-06-23,1207,N,VIIRS,n,2,307.48,16.95,D,0
38.31895,26.0325,367.0,0.45,0.63,2025-06-23,1207,N,VIIRS,h,2,314.99,16.95,D,0
38.31917,26.03772,367.0,0.45,0.63,2025-06-23,1207,N,VIIRS,h,2,314.55,41.0,D,0
38.31966,26.04914,367.0,0.45,0.63,2025-06-23,1207,N,VIIRS,h,2,306.91,35.94,D,0
38.32422,26.01777,367.0,0.45,0.63,2025-06-23,1207,N,VIIRS,h,2,308.43,11.07,D,0
38.3244,26.02206,336.69,0.45,0.63,2025-06-23,1207,N,VIIRS,n,2,305.23,11.07,D,0
38.32507,26.03743,347.01,0.45,0.63,2025-06-23,1207,N,VIIRS,n,2,310.64,41.0,D,0
38.32531,26.04305,367.0,0.45,0.63,2025-06-23,1207,N,VIIRS,h,2,311.68,41.0,D,0
38.32556,26.04862,367.0,0.45,0.63,2025-06-23,1207,N,VIIRS,h,2,310.65,35.94,D,0
38.3258,26.05419,357.13,0.45,0.63,2025-06-23,1207,N,VIIRS,n,2,306.03,35.94,D,0
38.32608,26.06062,367.0,0.45,0.63,2025-06-23,1207,N,VIIRS,h,2,304.22,12.51,D,0
38.32991,26.0127,346.93,0.45,0.63,2025-06-23,1207,N,VIIRS,n,2,305.75,36.89,D,0
38.3301,26.01711,367.0,0.45,0.63,2025-06-23,1207,N,VIIRS,h,2,322.06,31.54,D,0
38.3303,26.02169,344.73,0.45,0.63,2025-06-23,1207,N,VIIRS,n,2,305.71,31.54,D,0
38.33121,26.04265,344.89,0.45,0.63,2025-06-23,1207,N,VIIRS,n,2,311.87,9.35,D,0
38.33144,26.04775,350.41,0.45,0.63,2025-06-23,1207,N,VIIRS,n,2,314.85,7.97,D,0
38.33165,26.05255,349.12,0.45,0.63,2025-06-23,1207,N,VIIRS,n,2,311.5,7.97,D,0
38.33191,26.05856,367.0,0.45,0.63,2025-06-23,1207,N,VIIRS,h,2,312.52,26.66,D,0
38.33225,26.06623,367.0,0.45,0.63,2025-06-23,1207,N,VIIRS,h,2,314.67,26.66,D,0
38.3326,26.07429,342.97,0.45,0.63,2025-06-23,1207,N,VIIRS,n,2,304.0,23.44,D,0
38.33597,26.01643,367.0,0.45,0.63,2025-06-23,1207,N,VIIRS,h,2,304.08,31.54,D,0
38.3362,26.0216,345.27,0.45,0.63,2025-06-23,1207,N,VIIRS,n,2,308.74,31.54,D,0
38.3364,26.02609,367.0,0.45,0.63,2025-06-23,1207,N,VIIRS,h,2,310.3,44.7,D,0
38.33686,26.03642,340.93,0.45,0.63,2025-06-23,1207,N,VIIRS,n,2,309.19,9.35,D,0
38.3375,26.05104,354.77,0.45,0.63,2025-06-23,1207,N,VIIRS,n,2,315.65,7.97,D,0
38.33772,26.05608,367.0,0.45,0.63,2025-06-23,1207,N,VIIRS,h,2,312.43,26.66,D,0
38.33804,26.06322,355.38,0.45,0.63,2025-06-23,1207,N,VIIRS,n,2,312.32,26.66,D,0
38.33843,26.07204,367.0,0.45,0.63,2025-06-23,1207,N,VIIRS,h,2,304.98,23.44,D,0
38.33983,26.02494,367.0,0.45,0.63,2025-06-23,1207,N,VIIRS,h,2,319.56,40.0,D,0
38.34002,26.02975,337.41,0.45,0.63,2025-06-23,1207,N,VIIRS,n,2,308.67,14.89,D,0
38.34022,26.0348,347.15,0.45,0.63,2025-06-23,1207,N,VIIRS,n,2,310.1,14.89,D,0
38.34151,26.06845,353.0,0.45,0.63,2025-06-23,1207,N,VIIRS,n,2,308.81,11.46,D,0
38.3423,26.02584,367.0,0.45,0.63,2025-06-23,1207,N,VIIRS,h,2,318.47,27.9,D,0
38.34251,26.03068,339.0,0.45,0.63,2025-06-23,1207,N,VIIRS,n,2,309.04,27.9,D,0
38.34273,26.03544,339.26,0.45,0.63,2025-06-23,1207,N,VIIRS,n,2,308.6,13.28,D,0
38.3442,26.06874,345.52,0.45,0.63,2025-06-23,1207,N,VIIRS,n,2,308.0,9.67,D,0
38.34554,26.01947,355.52,0.45,0.63,2025-06-23,1207,N,VIIRS,n,2,304.89,40.0,D,0
38.34573,26.02457,367.0,0.45,0.63,2025-06-23,1207,N,VIIRS,h,2,308.91,40.0,D,0
38.34592,26.02945,367.0,0.45,0.63,2025-06-23,1207,N,VIIRS,h,2,308.89,14.89,D,0
38.3461,26.03391,367.0,0.45,0.63,2025-06-23,1207,N,VIIRS,h,2,309.85,14.89,D,0
38.3482,26.02543,341.31,0.45,0.63,2025-06-23,1207,N,VIIRS,n,2,302.98,27.9,D,0
38.3484,26.03009,367.0,0.45,0.63,2025-06-23,1207,N,VIIRS,h,2,306.51,27.9,D,0
38.34859,26.03441,367.0,0.45,0.63,2025-06-23,1207,N,VIIRS,h,2,310.46,13.28,D,0
38.3508,26.08367,351.09,0.45,0.63,2025-06-23,1207,N,VIIRS,n,2,308.2,4.44,D,0
38.35106,26.08943,339.52,0.45,0.63,2025-06-23,1207,N,VIIRS,n,2,308.06,4.44,D,0
38.35197,26.0328,354.35,0.45,0.63,2025-06-23,1207,N,VIIRS,n,2,308.28,7.08,D,0
38.35213,26.03697,338.24,0.45,0.63,2025-06-23,1207,N,VIIRS,n,2,308.62,8.45,D,0
38.35386,26.08145,347.81,0.45,0.63,2025-06-23,1207,N,VIIRS,n,2,310.46,5.47,D,0
38.3541,26.08766,343.76,0.45,0.63,2025-06-23,1207,N,VIIRS,n,2,308.86,5.33,D,0
38.35446,26.03332,349.73,0.45,0.63,2025-06-23,1207,N,VIIRS,n,2,308.77,7.21,D,0
38.35668,26.08259,340.93,0.45,0.63,2025-06-23,1207,N,VIIRS,n,2,310.89,4.77,D,0
38.35695,26.08868,340.55,0.45,0.63,2025-06-23,1207,N,VIIRS,n,2,308.98,4.77,D,0
38.35785,26.03206,367.0,0.45,0.63,2025-06-23,1207,N,VIIRS,h,2,307.85,7.08,D,0
38.35802,26.03624,335.31,0.45,0.63,2025-06-23,1207,N,VIIRS,n,2,307.57,8.45,D,0
38.3584,26.046,335.43,0.45,0.63,2025-06-23,1207,N,VIIRS,n,2,309.76,9.8,D,0
38.36003,26.08763,342.17,0.45,0.63,2025-06-23,1207,N,VIIRS,n,2,309.58,5.33,D,0
38.36023,26.09283,342.06,0.45,0.63,2025-06-23,1207,N,VIIRS,n,2,309.53,5.33,D,0
38.36035,26.03276,346.93,0.45,0.63,2025-06-23,1207,N,VIIRS,n,2,305.84,7.21,D,0
38.36043,26.09783,339.05,0.45,0.63,2025-06-23,1207,N,VIIRS,n,2,309.54,5.1,D,0
38.36054,26.03703,353.45,0.45,0.63,2025-06-23,1207,N,VIIRS,n,2,308.14,7.21,D,0
38.36075,26.04171,347.52,0.45,0.63,2025-06-23,1207,N,VIIRS,n,2,306.69,11.96,D,0
38.361,26.04719,367.0,0.45,0.63,2025-06-23,1207,N,VIIRS,h,2,310.34,11.96,D,0
38.36313,26.09408,350.5,0.45,0.63,2025-06-23,1207,N,VIIRS,n,2,310.34,7.7,D,0
38.36336,26.09912,352.62,0.45,0.63,2025-06-23,1207,N,VIIRS,n,2,310.22,7.7,D,0
38.36391,26.03565,343.62,0.45,0.63,2025-06-23,1207,N,VIIRS,n,2,304.47,5.99,D,0
38.3641,26.04024,347.75,0.45,0.63,2025-06-23,1207,N,VIIRS,n,2,305.5,5.99,D,0
38.3643,26.04529,367.0,0.45,0.63,2025-06-23,1207,N,VIIRS,h,2,305.2,14.85,D,0
38.36617,26.09279,344.65,0.45,0.63,2025-06-23,1207,N,VIIRS,n,2,311.2,10.38,D,0
38.36638,26.09818,367.0,0.45,0.63,2025-06-23,1207,N,VIIRS,h,2,314.72,8.0,D,0
38.36658,26.10339,338.1,0.46,0.63,2025-06-23,1207,N,VIIRS,n,2,308.31,8.0,D,0
38.36931,26.09956,367.0,0.45,0.63,2025-06-23,1207,N,VIIRS,h,2,313.56,16.63,D,0
38.37232,26.09839,341.28,0.45,0.63,2025-06-23,1207,N,VIIRS,n,2,307.44,8.0,D,0
38.38222,26.04938,352.69,0.45,0.63,2025-06-23,1207,N,VIIRS,n,2,308.75,9.07,D,0
38.38248,26.05579,353.36,0.45,0.63,2025-06-23,1207,N,VIIRS,n,2,310.56,16.92,D,0
38.38854,26.05933,367.0,0.45,0.63,2025-06-23,1207,N,VIIRS,h,2,302.58,8.55,D,0
38.38879,26.06542,367.0,0.45,0.63,2025-06-23,1207,N,VIIRS,h,2,304.28,8.03,D,0
38.38905,26.07166,339.54,0.45,0.63,2025-06-23,1207,N,VIIRS,n,2,304.18,8.03,D,0
38.50814,28.43732,356.7,0.61,0.71,2025-06-23,1207,N,VIIRS,n,2,309.88,6.92,D,0
38.51169,28.43628,347.75,0.61,0.71,2025-06-23,1207,N,VIIRS,n,2,308.1,6.43,D,0
39.55311,27.00858,342.32,0.52,0.67,2025-06-23,1207,N,VIIRS,n,2,304.11,3.58,D,0
39.55549,27.01064,335.47,0.52,0.67,2025-06-23,1207,N,VIIRS,n,2,303.22,6.02,D,0
41.61351,27.40405,343.78,0.56,0.69,2025-06-23,1208,N,VIIRS,n,2,300.53,3.4,D,0
41.61403,27.40628,334.25,0.56,0.69,2025-06-23,1208,N,VIIRS,n,2,299.95,5.51,D,0
41.10683,37.32237,299.19,0.32,0.55,2025-06-23,2244,N,VIIRS,n,2,287.73,0.43,N,2
41.17622,32.63718,298.31,0.56,0.69,2025-06-23,2244,N,VIIRS,n,2,286.16,1.22,N,2
41.17633,32.63045,299.03,0.56,0.69,2025-06-23,2244,N,VIIRS,n,2,287.24,1.22,N,2
41.2419,36.46372,318.55,0.36,0.57,2025-06-23,2244,N,VIIRS,n,2,288.15,1.5,N,2
41.25866,31.43163,298.2,0.65,0.73,2025-06-23,2244,N,VIIRS,n,2,288.15,1.39,N,2
41.26558,31.42345,312.99,0.65,0.73,2025-06-23,2244,N,VIIRS,n,2,290.25,1.39,N,2
36.86732,43.51778,306.74,0.44,0.38,2025-06-23,2245,N,VIIRS,n,2,293.53,0.71,N,0
36.86758,43.48779,314.14,0.44,0.38,2025-06-23,2245,N,VIIRS,n,2,293.9,1.29,N,2
36.87117,43.48804,317.85,0.44,0.38,2025-06-23,2245,N,VIIRS,n,2,294.78,1.29,N,2
36.90563,43.38995,329.15,0.44,0.39,2025-06-23,2245,N,VIIRS,n,2,293.66,4.27,N,2
36.96426,42.07988,314.88,0.5,0.41,2025-06-23,2245,N,VIIRS,n,2,294.75,0.91,N,2
37.15315,40.57703,308.28,0.39,0.44,2025-06-23,2245,N,VIIRS,n,2,294.64,0.65,N,0
37.15616,40.3373,308.56,0.41,0.45,2025-06-23,2245,N,VIIRS,n,2,295.07,1.02,N,0
37.15661,40.33269,306.51,0.41,0.45,2025-06-23,2245,N,VIIRS,n,2,294.98,1.02,N,0
37.16028,40.33797,307.31,0.41,0.45,2025-06-23,2245,N,VIIRS,n,2,294.35,1.02,N,0
37.19555,40.2353,322.71,0.41,0.45,2025-06-23,2245,N,VIIRS,n,2,295.96,1.53,N,0
37.19646,40.22594,305.79,0.41,0.45,2025-06-23,2245,N,VIIRS,n,2,295.31,1.44,N,0
37.19969,40.236,318.27,0.41,0.45,2025-06-23,2245,N,VIIRS,n,2,295.95,1.49,N,0
37.21952,40.20596,305.94,0.41,0.45,2025-06-23,2245,N,VIIRS,n,2,293.9,0.59,N,0
37.22637,40.26404,306.34,0.41,0.45,2025-06-23,2245,N,VIIRS,n,2,295.56,1.11,N,0
37.23115,39.68274,343.63,0.44,0.46,2025-06-23,2245,N,VIIRS,n,2,293.05,4.82,N,0
37.24007,39.63327,300.31,0.44,0.46,2025-06-23,2245,N,VIIRS,n,2,289.24,1.8,N,0
37.24343,39.6439,306.7,0.44,0.46,2025-06-23,2245,N,VIIRS,n,2,289.5,0.87,N,0
37.24435,39.63396,321.17,0.44,0.46,2025-06-23,2245,N,VIIRS,n,2,290.06,1.8,N,0
37.28498,39.93133,324.47,0.43,0.46,2025-06-23,2245,N,VIIRS,n,2,295.3,2.07,N,0
37.28703,43.51863,306.49,0.44,0.39,2025-06-23,2245,N,VIIRS,n,2,290.67,0.73,N,0
37.28919,39.93203,304.84,0.43,0.46,2025-06-23,2245,N,VIIRS,n,2,294.65,0.67,N,0
37.30242,39.6637,323.92,0.44,0.46,2025-06-23,2245,N,VIIRS,n,2,293.59,2.93,N,0
37.30299,39.51998,325.12,0.45,0.47,2025-06-23,2245,N,VIIRS,n,2,291.57,2.31,N,0
37.44812,36.90606,312.63,0.62,0.54,2025-06-23,2245,N,VIIRS,n,2,292.81,0.99,N,0
37.45313,36.90675,307.61,0.62,0.54,2025-06-23,2245,N,VIIRS,n,2,293.08,0.99,N,0
37.46071,37.68675,325.88,0.56,0.52,2025-06-23,2245,N,VIIRS,n,2,294.15,5.28,N,0
37.46549,37.68758,338.51,0.56,0.52,2025-06-23,2245,N,VIIRS,n,2,295.86,5.28,N,0
37.52005,37.03125,304.18,0.61,0.54,2025-06-23,2245,N,VIIRS,n,2,287.55,1.43,N,0
37.52668,39.40109,306.07,0.46,0.47,2025-06-23,2245,N,VIIRS,n,2,286.66,1.12,N,0
37.7798,39.10154,300.65,0.48,0.48,2025-06-23,2245,N,VIIRS,n,2,290.36,0.36,N,0
38.41626,43.23975,299.06,0.47,0.39,2025-06-23,2245,N,VIIRS,n,2,287.87,1.08,N,2
38.65304,39.76997,299.84,0.45,0.47,2025-06-23,2245,N,VIIRS,n,2,289.41,0.94,N,2
39.48368,30.0394,299.26,0.75,0.77,2025-06-23,2245,N,VIIRS,n,2,283.5,1.47,N,2
39.58423,43.9015,295.82,0.45,0.39,2025-06-23,2245,N,VIIRS,n,2,282.09,0.76,N,0
39.94284,33.18961,301.47,0.52,0.67,2025-06-23,2245,N,VIIRS,n,2,286.45,1.34,N,2
39.94685,33.18941,299.3,0.52,0.67,2025-06-23,2245,N,VIIRS,n,2,287.1,0.99,N,2
40.05038,32.64852,299.43,0.55,0.68,2025-06-23,2245,N,VIIRS,n,2,286.51,0.78,N,2
40.05081,32.65001,296.36,0.55,0.68,2025-06-23,2245,N,VIIRS,n,2,285.92,0.51,N,2
41.02487,36.09863,296.98,0.37,0.58,2025-06-23,2245,N,VIIRS,n,2,284.15,0.37,N,2
41.17594,32.63824,296.16,0.56,0.69,2025-06-23,2245,N,VIIRS,n,2,285.83,1.36,N,2
41.17609,32.63136,300.21,0.56,0.69,2025-06-23,2245,N,VIIRS,n,2,287.39,2.15,N,2
35.52649,44.34633,329.89,0.41,0.37,2025-06-23,2246,N,VIIRS,n,2,296.92,2.69,N,2
35.52711,44.34184,338.97,0.41,0.37,2025-06-23,2246,N,VIIRS,n,2,299.33,5.58,N,2
35.53113,44.33808,332.7,0.41,0.37,2025-06-23,2246,N,VIIRS,n,2,301.49,4.82,N,2
35.53452,44.33881,331.09,0.41,0.37,2025-06-23,2246,N,VIIRS,n,2,298.13,4.82,N,2
35.56646,44.28549,306.15,0.41,0.37,2025-06-23,2246,N,VIIRS,n,2,295.75,0.62,N,2
35.57971,44.13953,314.93,0.41,0.37,2025-06-23,2246,N,VIIRS,n,2,291.96,1.73,N,0
35.58034,44.13499,325.32,0.41,0.37,2025-06-23,2246,N,VIIRS,n,2,293.35,1.73,N,0
35.58945,36.35828,308.55,0.32,0.55,2025-06-23,2246,N,VIIRS,n,2,291.74,0.97,N,0
35.58971,36.35468,323.84,0.32,0.55,2025-06-23,2246,N,VIIRS,n,2,293.09,1.79,N,0
35.59153,36.35569,325.86,0.32,0.55,2025-06-23,2246,N,VIIRS,n,2,292.72,2.19,N,0
35.6294,44.00912,339.57,0.41,0.37,2025-06-23,2246,N,VIIRS,n,2,314.94,29.42,N,2
35.66217,43.96633,326.5,0.42,0.37,2025-06-23,2246,N,VIIRS,n,2,307.51,11.4,N,2
35.66279,43.96174,318.41,0.42,0.37,2025-06-23,2246,N,VIIRS,n,2,296.94,11.4,N,2
35.67657,44.06813,317.7,0.41,0.37,2025-06-23,2246,N,VIIRS,n,2,299.37,2.0,N,2
35.68491,43.87623,349.31,0.42,0.38,2025-06-23,2246,N,VIIRS,n,2,320.95,62.6,N,2
35.68836,43.87694,313.21,0.42,0.38,2025-06-23,2246,N,VIIRS,n,2,299.08,2.37,N,2
35.7227,44.04027,321.83,0.41,0.37,2025-06-23,2246,N,VIIRS,n,2,298.3,4.86,N,2
35.72613,44.04101,332.03,0.41,0.37,2025-06-23,2246,N,VIIRS,n,2,302.32,4.86,N,2
35.73082,44.03257,332.59,0.41,0.37,2025-06-23,2246,N,VIIRS,n,2,299.03,4.67,N,2
35.77293,43.99609,340.19,0.42,0.37,2025-06-23,2246,N,VIIRS,n,2,298.92,5.78,N,2
35.95225,43.72959,316.24,0.42,0.38,2025-06-23,2246,N,VIIRS,n,2,298.32,1.48,N,2
35.98254,43.76949,327.33,0.42,0.38,2025-06-23,2246,N,VIIRS,n,2,300.39,2.99,N,2
36.01959,43.67997,328.69,0.43,0.38,2025-06-23,2246,N,VIIRS,n,2,296.22,2.32,N,2
36.01971,43.6818,330.03,0.43,0.38,2025-06-23,2246,N,VIIRS,n,2,297.72,3.25,N,2
36.03982,36.38359,301.18,0.32,0.55,2025-06-23,2246,N,VIIRS,n,2,290.68,0.51,N,0
36.04716,43.3104,311.23,0.44,0.38,2025-06-23,2246,N,VIIRS,n,2,296.84,1.89,N,0
36.08236,43.64062,306.48,0.43,0.38,2025-06-23,2246,N,VIIRS,n,2,296.02,0.81,N,0
36.08918,43.97317,309.06,0.42,0.38,2025-06-23,2246,N,VIIRS,n,2,296.33,0.77,N,0
36.09821,43.62914,318.95,0.43,0.38,2025-06-23,2246,N,VIIRS,n,2,293.03,1.46,N,0
36.1418,40.81307,316.63,0.56,0.43,2025-06-23,2246,N,VIIRS,n,2,293.94,2.19,N,2
36.14348,40.81324,316.95,0.56,0.43,2025-06-23,2246,N,VIIRS,n,2,293.39,1.7,N,2
36.26287,33.72641,318.27,0.46,0.63,2025-06-23,2246,N,VIIRS,n,2,297.71,3.23,N,2
36.26581,33.72683,313.15,0.46,0.63,2025-06-23,2246,N,VIIRS,n,2,296.71,3.18,N,2
36.28867,43.6566,312.61,0.43,0.38,2025-06-23,2246,N,VIIRS,n,2,294.58,1.15,N,0
36.33675,43.28739,317.62,0.44,0.39,2025-06-23,2246,N,VIIRS,n,2,295.28,1.8,N,0
36.33739,44.45757,310.62,0.41,0.37,2025-06-23,2246,N,VIIRS,n,2,289.61,0.62,N,0
36.44075,42.93238,313.3,0.46,0.39,2025-06-23,2246,N,VIIRS,n,2,300.04,1.95,N,2
36.44194,42.93001,318.17,0.46,0.39,2025-06-23,2246,N,VIIRS,n,2,300.77,2.54,N,2
36.48854,39.0871,302.04,0.46,0.47,2025-06-23,2246,N,VIIRS,n,2,288.5,0.53,N,0
36.69946,39.10442,320.8,0.46,0.47,2025-06-23,2246,N,VIIRS,n,2,286.8,2.14,N,0
36.71522,36.19989,304.76,0.33,0.56,2025-06-23,2246,N,VIIRS,n,2,293.19,1.5,N,2
36.72042,36.20026,335.7,0.33,0.56,2025-06-23,2246,N,VIIRS,n,2,295.79,1.5,N,2
36.73026,36.20917,315.42,0.33,0.56,2025-06-23,2246,N,VIIRS,n,2,297.75,1.31,N,2
36.73571,36.20584,311.06,0.33,0.56,2025-06-23,2246,N,VIIRS,n,2,296.36,1.25,N,2
36.74062,36.21039,317.69,0.33,0.56,2025-06-23,2246,N,VIIRS,n,2,297.12,1.25,N,2
36.74607,36.20705,307.96,0.33,0.56,2025-06-23,2246,N,VIIRS,n,2,295.59,1.01,N,2
36.74635,36.20317,325.05,0.33,0.56,2025-06-23,2246,N,VIIRS,n,2,294.78,2.24,N,2
36.74661,36.19928,325.0,0.33,0.56,2025-06-23,2246,N,VIIRS,n,2,295.39,2.24,N,2
36.74733,43.49891,308.21,0.44,0.38,2025-06-23,2246,N,VIIRS,n,2,295.88,1.49,N,2
36.74817,39.04781,327.68,0.47,0.48,2025-06-23,2246,N,VIIRS,n,2,289.75,1.87,N,0
36.74863,39.0425,305.15,0.47,0.48,2025-06-23,2246,N,VIIRS,n,2,287.39,1.87,N,0
36.74937,39.04725,328.33,0.47,0.48,2025-06-23,2246,N,VIIRS,n,2,289.31,2.51,N,0
36.74987,39.04195,306.78,0.47,0.48,2025-06-23,2246,N,VIIRS,n,2,287.47,1.95,N,0
36.76375,39.02309,306.66,0.47,0.48,2025-06-23,2246,N,VIIRS,n,2,289.11,1.4,N,0
36.7658,39.05037,303.16,0.47,0.48,2025-06-23,2246,N,VIIRS,n,2,286.76,1.08,N,0
36.76627,39.04504,307.05,0.47,0.48,2025-06-23,2246,N,VIIRS,n,2,286.61,1.08,N,0
36.77717,43.32359,317.19,0.45,0.39,2025-06-23,2246,N,VIIRS,n,2,299.0,2.66,N,2
36.80887,39.01883,333.52,0.47,0.48,2025-06-23,2246,N,VIIRS,n,2,289.75,3.24,N,0
36.86826,34.76156,310.17,0.4,0.6,2025-06-23,2246,N,VIIRS,n,2,295.5,1.73,N,2
36.88952,39.00606,338.45,0.47,0.48,2025-06-23,2246,N,VIIRS,n,2,291.52,4.97,N,0
36.89,39.0007,310.07,0.47,0.48,2025-06-23,2246,N,VIIRS,n,2,288.74,3.21,N,0
36.89405,39.05552,314.6,0.47,0.48,2025-06-23,2246,N,VIIRS,n,2,286.87,2.46,N,0
36.89846,39.05617,325.24,0.47,0.48,2025-06-23,2246,N,VIIRS,n,2,288.24,2.46,N,0
36.90761,38.95419,306.51,0.48,0.48,2025-06-23,2246,N,VIIRS,n,2,290.99,1.14,N,0
36.91634,41.89541,311.81,0.51,0.41,2025-06-23,2246,N,VIIRS,n,2,295.53,0.93,N,2
36.9335,35.99984,309.1,0.34,0.56,2025-06-23,2246,N,VIIRS,n,2,295.53,1.17,N,2
36.93516,42.13121,322.39,0.5,0.41,2025-06-23,2246,N,VIIRS,n,2,295.84,2.55,N,2
36.94177,42.17223,332.47,0.5,0.41,2025-06-23,2246,N,VIIRS,n,2,297.55,3.22,N,2
36.9464,42.13327,329.45,0.5,0.41,2025-06-23,2246,N,VIIRS,n,2,297.66,4.14,N,2
36.94805,38.95454,307.12,0.48,0.48,2025-06-23,2246,N,VIIRS,n,2,292.03,1.1,N,0
36.96369,42.08451,304.74,0.5,0.41,2025-06-23,2246,N,VIIRS,n,2,293.95,0.52,N,2
36.96487,38.91854,321.57,0.48,0.48,2025-06-23,2246,N,VIIRS,n,2,292.22,2.49,N,0
36.96702,38.91946,332.68,0.48,0.48,2025-06-23,2246,N,VIIRS,n,2,293.75,3.02,N,0
36.96932,38.91919,310.99,0.48,0.48,2025-06-23,2246,N,VIIRS,n,2,292.46,1.2,N,0
36.97303,39.05695,297.89,0.47,0.48,2025-06-23,2246,N,VIIRS,n,2,287.86,0.48,N,0
36.98153,39.11225,301.45,0.47,0.48,2025-06-23,2246,N,VIIRS,n,2,289.01,0.46,N,0
36.99961,38.90773,303.09,0.48,0.48,2025-06-23,2246,N,VIIRS,n,2,292.16,0.67,N,0
37.00879,40.38858,297.69,0.4,0.44,2025-06-23,2246,N,VIIRS,n,2,286.03,0.76,N,0
37.00926,40.38405,318.53,0.4,0.44,2025-06-23,2246,N,VIIRS,n,2,288.49,1.67,N,0
37.01336,40.38472,297.94,0.4,0.44,2025-06-23,2246,N,VIIRS,n,2,286.81,0.27,N,0
37.01662,36.09206,306.97,0.34,0.56,2025-06-23,2246,N,VIIRS,n,2,294.94,1.01,N,2
37.02087,36.10773,309.16,0.34,0.56,2025-06-23,2246,N,VIIRS,n,2,296.61,1.41,N,2
37.06413,40.2579,315.91,0.41,0.45,2025-06-23,2246,N,VIIRS,n,2,291.69,1.03,N,0
37.0653,40.25967,309.67,0.41,0.45,2025-06-23,2246,N,VIIRS,n,2,291.36,1.35,N,0
37.08224,38.92079,305.88,0.48,0.48,2025-06-23,2246,N,VIIRS,n,2,289.28,0.36,N,0
37.09047,40.4268,309.67,0.4,0.44,2025-06-23,2246,N,VIIRS,n,2,294.68,0.85,N,0
37.11042,39.78768,306.55,0.43,0.46,2025-06-23,2246,N,VIIRS,n,2,289.08,0.58,N,0
37.11205,39.78669,305.55,0.43,0.46,2025-06-23,2246,N,VIIRS,n,2,289.54,1.03,N,0
37.1129,40.37027,305.11,0.4,0.44,2025-06-23,2246,N,VIIRS,n,2,294.44,9.42,N,0
37.11701,40.37095,352.37,0.4,0.44,2025-06-23,2246,N,VIIRS,n,2,301.15,9.42,N,0
37.12066,40.37619,310.53,0.4,0.44,2025-06-23,2246,N,VIIRS,n,2,295.69,4.64,N,0
37.12112,40.37163,341.05,0.4,0.44,2025-06-23,2246,N,VIIRS,n,2,304.46,16.59,N,0
37.1243,40.38141,309.68,0.4,0.44,2025-06-23,2246,N,VIIRS,n,2,295.03,4.64,N,0
37.12477,40.37686,341.71,0.4,0.44,2025-06-23,2246,N,VIIRS,n,2,297.94,4.64,N,0
37.12523,40.3723,337.75,0.4,0.44,2025-06-23,2246,N,VIIRS,n,2,296.83,16.59,N,0
37.12888,40.37753,356.22,0.4,0.44,2025-06-23,2246,N,VIIRS,n,2,300.64,10.24,N,0
37.13111,40.39637,316.6,0.4,0.44,2025-06-23,2246,N,VIIRS,n,2,295.12,1.43,N,0
37.13344,40.20897,312.71,0.41,0.45,2025-06-23,2246,N,VIIRS,n,2,294.09,1.14,N,0
37.15831,40.33563,323.28,0.4,0.45,2025-06-23,2246,N,VIIRS,n,2,295.29,2.32,N,0
37.16181,39.83559,339.8,0.43,0.46,2025-06-23,2246,N,VIIRS,n,2,290.7,4.96,N,0
37.16604,39.83627,327.34,0.43,0.46,2025-06-23,2246,N,VIIRS,n,2,291.09,2.75,N,0
37.29491,37.15503,307.37,0.6,0.53,2025-06-23,2246,N,VIIRS,n,2,293.48,1.56,N,2
37.4486,36.90696,320.38,0.62,0.54,2025-06-23,2246,N,VIIRS,n,2,293.35,2.54,N,0
38.45728,38.72379,300.93,0.64,0.72,2025-06-24,25,N,VIIRS,n,2,287.99,1.37,N,2
40.7573,29.76309,302.71,0.4,0.44,2025-06-24,25,N,VIIRS,n,2,292.03,1.51,N,2
40.78072,29.60067,306.75,0.4,0.44,2025-06-24,25,N,VIIRS,n,2,293.86,1.28,N,2
40.78126,29.59879,304.97,0.4,0.44,2025-06-24,25,N,VIIRS,n,2,292.71,1.53,N,2
41.02048,28.55604,313.81,0.53,0.42,2025-06-24,25,N,VIIRS,n,2,291.7,1.89,N,2
41.02602,36.1002,295.69,0.4,0.6,2025-06-24,25,N,VIIRS,n,2,282.32,0.82,N,2
41.17452,32.63161,304.93,0.54,0.51,2025-06-24,25,N,VIIRS,n,2,286.83,1.55,N,2
41.17687,32.63277,305.4,0.54,0.51,2025-06-24,25,N,VIIRS,n,2,288.74,1.95,N,2
41.17899,32.63373,298.98,0.54,0.51,2025-06-24,25,N,VIIRS,n,2,288.81,1.31,N,2
41.24417,36.46217,306.79,0.41,0.61,2025-06-24,25,N,VIIRS,n,2,289.01,1.86,N,2
41.2575,31.432,300.84,0.47,0.48,2025-06-24,25,N,VIIRS,n,2,289.38,1.0,N,2
41.25781,31.43126,300.41,0.47,0.48,2025-06-24,25,N,VIIRS,n,2,289.61,0.68,N,2
41.26431,31.42305,322.8,0.47,0.48,2025-06-24,25,N,VIIRS,n,2,291.28,2.86,N,2
41.63126,27.68602,303.69,0.48,0.4,2025-06-24,25,N,VIIRS,n,2,290.85,1.07,N,2
41.79667,26.69954,304.67,0.44,0.38,2025-06-24,25,N,VIIRS,n,2,288.66,0.73,N,2
35.59186,36.35897,298.74,0.58,0.7,2025-06-24,26,N,VIIRS,n,2,288.74,0.6,N,0
36.69753,39.10147,299.14,0.75,0.77,2025-06-24,26,N,VIIRS,n,2,287.92,0.81,N,0
36.71785,36.19894,313.46,0.53,0.67,2025-06-24,26,N,VIIRS,n,2,294.47,2.61,N,2
36.72133,36.20067,308.79,0.53,0.67,2025-06-24,26,N,VIIRS,n,2,294.32,1.45,N,2
36.72805,36.21015,309.0,0.53,0.67,2025-06-24,26,N,VIIRS,n,2,294.99,0.88,N,2
36.73156,36.21165,307.74,0.53,0.67,2025-06-24,26,N,VIIRS,n,2,296.36,1.86,N,2
36.74327,36.2041,307.39,0.53,0.67,2025-06-24,26,N,VIIRS,n,2,294.48,3.61,N,2
36.74493,36.19836,314.42,0.53,0.67,2025-06-24,26,N,VIIRS,n,2,294.73,3.44,N,2
36.74684,36.20562,306.47,0.53,0.67,2025-06-24,26,N,VIIRS,n,2,294.55,1.95,N,2
36.74853,36.19991,318.91,0.53,0.67,2025-06-24,26,N,VIIRS,n,2,295.2,1.95,N,2
36.74942,39.04922,303.73,0.74,0.76,2025-06-24,26,N,VIIRS,n,2,287.5,1.44,N,0
36.76536,39.0479,302.68,0.74,0.76,2025-06-24,26,N,VIIRS,n,2,285.34,1.26,N,0
36.77004,39.04465,301.89,0.74,0.76,2025-06-24,26,N,VIIRS,n,2,285.81,0.56,N,0
36.81763,38.76904,303.92,0.71,0.75,2025-06-24,26,N,VIIRS,n,2,289.89,0.79,N,0
36.81854,38.77247,310.58,0.71,0.75,2025-06-24,26,N,VIIRS,n,2,290.44,2.6,N,0
36.82425,38.77219,308.86,0.71,0.75,2025-06-24,26,N,VIIRS,n,2,290.3,0.79,N,0
36.87042,34.76419,304.49,0.45,0.63,2025-06-24,26,N,VIIRS,n,2,293.99,0.9,N,2
36.88152,38.94569,330.28,0.72,0.76,2025-06-24,26,N,VIIRS,n,2,288.22,3.13,N,0
36.88225,38.94871,318.38,0.73,0.76,2025-06-24,26,N,VIIRS,n,2,287.31,3.25,N,0
36.88325,39.01128,300.46,0.73,0.76,2025-06-24,26,N,VIIRS,n,2,287.16,1.17,N,0
36.88411,38.93776,300.31,0.72,0.76,2025-06-24,26,N,VIIRS,n,2,287.39,3.13,N,0
36.88479,38.94075,314.66,0.72,0.76,2025-06-24,26,N,VIIRS,n,2,287.41,4.02,N,0
36.88584,39.00332,305.92,0.73,0.76,2025-06-24,26,N,VIIRS,n,2,286.74,1.95,N,0
36.88678,39.00663,312.69,0.73,0.76,2025-06-24,26,N,VIIRS,n,2,287.58,2.67,N,0
36.8939,39.05671,298.88,0.73,0.76,2025-06-24,26,N,VIIRS,n,2,285.69,0.69,N,0
36.89946,39.05641,299.95,0.73,0.76,2025-06-24,26,N,VIIRS,n,2,285.57,0.52,N,0
36.90793,39.12571,330.51,0.74,0.76,2025-06-24,26,N,VIIRS,n,2,288.22,7.07,N,0
36.91053,38.95107,367.0,0.72,0.76,2025-06-24,26,N,VIIRS,h,2,293.53,12.5,N,0
36.91119,38.95422,367.0,0.72,0.76,2025-06-24,26,N,VIIRS,h,2,292.8,8.07,N,0
36.91371,38.94627,303.22,0.72,0.76,2025-06-24,26,N,VIIRS,n,2,288.82,8.07,N,0
36.91975,39.11309,297.06,0.74,0.76,2025-06-24,26,N,VIIRS,n,2,285.8,1.37,N,0
36.92523,38.97689,348.8,0.73,0.76,2025-06-24,26,N,VIIRS,n,2,290.55,8.3,N,0
36.92593,38.9802,346.73,0.73,0.76,2025-06-24,26,N,VIIRS,n,2,290.31,11.07,N,0
36.96666,39.07767,313.18,0.73,0.76,2025-06-24,26,N,VIIRS,n,2,287.56,2.07,N,0
36.96842,39.08181,299.21,0.73,0.76,2025-06-24,26,N,VIIRS,n,2,286.44,1.79,N,0
37.01908,39.17807,309.45,0.74,0.76,2025-06-24,26,N,VIIRS,n,2,287.56,1.99,N,0
37.02165,36.10425,304.26,0.52,0.67,2025-06-24,26,N,VIIRS,n,2,292.24,1.72,N,0
37.02795,39.12671,308.04,0.73,0.76,2025-06-24,26,N,VIIRS,n,2,287.42,1.48,N,0
37.08321,39.09864,329.82,0.73,0.76,2025-06-24,26,N,VIIRS,n,2,287.62,7.78,N,0
37.08373,39.09121,307.03,0.73,0.76,2025-06-24,26,N,VIIRS,n,2,287.39,8.3,N,0
37.08575,39.09071,335.28,0.73,0.76,2025-06-24,26,N,VIIRS,n,2,287.78,11.95,N,0
37.08781,39.10233,307.17,0.73,0.76,2025-06-24,26,N,VIIRS,n,2,287.41,8.3,N,0
37.08986,39.1019,322.38,0.73,0.76,2025-06-24,26,N,VIIRS,n,2,287.8,7.87,N,0
37.09039,39.09443,367.0,0.73,0.76,2025-06-24,26,N,VIIRS,h,2,291.93,8.3,N,0
37.0924,39.09398,342.24,0.73,0.76,2025-06-24,26,N,VIIRS,n,2,288.21,11.3,N,0
37.09806,39.00433,296.39,0.72,0.76,2025-06-24,26,N,VIIRS,n,2,285.84,0.34,N,0
37.11556,39.08806,298.91,0.73,0.76,2025-06-24,26,N,VIIRS,n,2,288.9,0.62,N,0
37.12954,38.90343,309.99,0.71,0.75,2025-06-24,26,N,VIIRS,n,2,289.79,2.38,N,0
37.13071,38.90213,313.88,0.71,0.75,2025-06-24,26,N,VIIRS,n,2,290.15,1.29,N,0
37.14045,39.77543,304.21,0.78,0.78,2025-06-24,26,N,VIIRS,n,2,288.17,1.2,N,0
37.16542,39.89589,301.9,0.79,0.78,2025-06-24,26,N,VIIRS,n,2,288.95,1.78,N,0
37.16998,39.78709,302.38,0.78,0.78,2025-06-24,26,N,VIIRS,n,2,289.09,1.58,N,0
37.17227,39.89931,322.93,0.79,0.78,2025-06-24,26,N,VIIRS,n,2,288.5,2.46,N,0
37.17306,39.89366,332.87,0.79,0.78,2025-06-24,26,N,VIIRS,n,2,289.32,5.8,N,0
37.17516,39.89066,301.69,0.79,0.78,2025-06-24,26,N,VIIRS,n,2,288.16,2.46,N,0
37.24111,39.63728,305.23,0.77,0.77,2025-06-24,26,N,VIIRS,n,2,290.47,1.25,N,0
37.24436,39.63521,303.31,0.77,0.77,2025-06-24,26,N,VIIRS,n,2,290.38,1.06,N,0
37.24869,39.49403,301.62,0.75,0.77,2025-06-24,26,N,VIIRS,n,2,288.46,1.68,N,0
37.25089,30.44248,301.02,0.52,0.5,2025-06-24,26,N,VIIRS,n,2,287.25,0.94,N,2
37.2514,30.44191,303.97,0.52,0.5,2025-06-24,26,N,VIIRS,n,2,287.79,1.68,N,2
37.55149,38.03847,301.26,0.63,0.72,2025-06-24,26,N,VIIRS,n,2,286.19,1.96,N,0
38.29835,26.04506,306.18,0.47,0.39,2025-06-24,26,N,VIIRS,n,2,293.62,1.05,N,0
38.30192,26.04615,306.3,0.47,0.39,2025-06-24,26,N,VIIRS,n,2,294.02,1.05,N,0
38.30651,26.04196,334.85,0.47,0.39,2025-06-24,26,N,VIIRS,n,2,297.37,4.79,N,0
38.30751,26.03675,334.92,0.47,0.39,2025-06-24,26,N,VIIRS,n,2,295.27,5.24,N,0
38.31335,26.04552,304.58,0.47,0.39,2025-06-24,26,N,VIIRS,n,2,293.56,1.26,N,0
38.31362,26.04429,302.93,0.47,0.39,2025-06-24,26,N,VIIRS,n,2,292.77,1.23,N,0
38.31691,26.04667,303.69,0.47,0.39,2025-06-24,26,N,VIIRS,n,2,293.34,1.37,N,0
38.32403,26.04894,304.78,0.47,0.39,2025-06-24,26,N,VIIRS,n,2,294.31,2.23,N,0
38.32547,26.0609,308.41,0.47,0.39,2025-06-24,26,N,VIIRS,n,2,294.35,1.37,N,0
38.32656,26.05535,314.09,0.47,0.39,2025-06-24,26,N,VIIRS,n,2,294.16,1.37,N,0
38.32789,26.06784,310.05,0.47,0.39,2025-06-24,26,N,VIIRS,n,2,296.68,1.33,N,0
38.3285,26.00682,344.85,0.46,0.39,2025-06-24,26,N,VIIRS,n,2,297.35,10.01,N,0
38.32906,26.06192,313.75,0.47,0.39,2025-06-24,26,N,VIIRS,n,2,294.72,2.09,N,0
38.33035,26.07461,313.36,0.47,0.39,2025-06-24,26,N,VIIRS,n,2,295.73,1.33,N,0
38.33147,26.06888,312.65,0.47,0.39,2025-06-24,26,N,VIIRS,n,2,296.37,1.33,N,0
38.3321,26.00775,317.2,0.46,0.39,2025-06-24,26,N,VIIRS,n,2,293.48,1.48,N,0
38.33324,26.04056,307.37,0.46,0.39,2025-06-24,26,N,VIIRS,n,2,293.49,1.13,N,0
38.33393,26.07566,337.67,0.47,0.39,2025-06-24,26,N,VIIRS,n,2,298.03,6.1,N,0
38.33473,26.01361,314.84,0.46,0.39,2025-06-24,26,N,VIIRS,n,2,293.06,2.8,N,0
38.33569,26.00868,308.7,0.46,0.39,2025-06-24,26,N,VIIRS,n,2,292.54,1.48,N,0
38.33832,26.01459,341.52,0.46,0.39,2025-06-24,26,N,VIIRS,n,2,310.05,27.7,N,0
38.33929,26.00964,336.05,0.46,0.39,2025-06-24,26,N,VIIRS,n,2,299.74,17.36,N,0
38.34188,26.0157,367.0,0.46,0.39,2025-06-24,26,N,VIIRS,h,2,304.7,27.7,N,0
38.34225,26.07185,307.18,0.47,0.39,2025-06-24,26,N,VIIRS,n,2,295.39,1.52,N,0
38.34286,26.01068,333.73,0.46,0.39,2025-06-24,26,N,VIIRS,n,2,298.25,17.36,N,0
38.34545,26.01678,322.78,0.46,0.39,2025-06-24,26,N,VIIRS,n,2,295.49,1.89,N,0
38.34644,26.0117,331.93,0.46,0.39,2025-06-24,26,N,VIIRS,n,2,294.74,2.01,N,0
38.348,26.02304,319.25,0.46,0.39,2025-06-24,26,N,VIIRS,n,2,294.35,1.89,N,0
38.35003,26.01266,308.18,0.46,0.39,2025-06-24,26,N,VIIRS,n,2,291.99,2.01,N,0
38.36399,26.03796,313.3,0.46,0.39,2025-06-24,26,N,VIIRS,n,2,292.58,1.43,N,0
38.36495,26.03302,317.06,0.46,0.39,2025-06-24,26,N,VIIRS,n,2,293.68,1.43,N,0
38.42788,27.21482,313.89,0.52,0.41,2025-06-24,26,N,VIIRS,n,2,296.67,1.84,N,2
38.65782,30.61703,299.53,0.49,0.49,2025-06-24,26,N,VIIRS,n,2,286.11,1.38,N,2
38.65918,30.61851,297.44,0.49,0.49,2025-06-24,26,N,VIIRS,n,2,286.18,0.88,N,2
38.7382,26.94805,319.81,0.5,0.41,2025-06-24,26,N,VIIRS,n,2,296.55,2.24,N,2
38.73935,26.94239,312.45,0.5,0.41,2025-06-24,26,N,VIIRS,n,2,294.69,2.24,N,2
38.7416,26.93118,307.15,0.5,0.41,2025-06-24,26,N,VIIRS,n,2,293.58,1.86,N,2
38.74187,26.94925,309.91,0.5,0.41,2025-06-24,26,N,VIIRS,n,2,296.16,1.89,N,2
38.75148,26.94039,307.93,0.5,0.41,2025-06-24,26,N,VIIRS,n,2,292.48,0.84,N,0
38.75259,26.93483,305.6,0.5,0.41,2025-06-24,26,N,VIIRS,n,2,292.14,0.84,N,0
39.09161,27.5152,303.31,0.52,0.41,2025-06-24,26,N,VIIRS,n,2,291.26,1.11,N,0
39.11395,27.52308,304.34,0.52,0.41,2025-06-24,26,N,VIIRS,n,2,290.96,0.59,N,0
39.16956,27.63245,302.87,0.52,0.42,2025-06-24,26,N,VIIRS,n,2,292.59,0.62,N,2
39.48431,30.04287,306.34,0.44,0.46,2025-06-24,26,N,VIIRS,n,2,284.64,0.9,N,2
39.83591,30.30083,297.0,0.45,0.47,2025-06-24,26,N,VIIRS,n,2,285.45,0.86,N,2
39.83738,30.30266,298.69,0.45,0.47,2025-06-24,26,N,VIIRS,n,2,285.54,0.96,N,2
39.86653,26.24513,322.44,0.45,0.39,2025-06-24,26,N,VIIRS,n,2,294.79,3.52,N,2
35.68547,43.87666,367.0,0.38,0.36,2025-06-24,1006,N,VIIRS,h,2,347.89,19.93,D,2
36.61021,38.88682,367.0,0.49,0.4,2025-06-24,1006,N,VIIRS,h,2,344.47,124.27,D,0
36.62145,35.53555,348.55,0.47,0.48,2025-06-24,1006,N,VIIRS,n,2,313.38,6.97,D,0
36.75478,39.02908,348.82,0.48,0.4,2025-06-24,1006,N,VIIRS,n,2,321.14,11.5,D,0
37.03094,43.56363,353.74,0.38,0.36,2025-06-24,1006,N,VIIRS,n,2,323.33,10.42,D,0
37.07763,40.37394,367.0,0.43,0.38,2025-06-24,1006,N,VIIRS,h,2,328.11,15.24,D,0
37.10087,40.38244,367.0,0.43,0.38,2025-06-24,1006,N,VIIRS,h,2,324.0,33.41,D,0
37.10091,40.36246,367.0,0.43,0.38,2025-06-24,1006,N,VIIRS,h,2,332.87,12.09,D,0
37.10436,40.3615,355.66,0.43,0.38,2025-06-24,1006,N,VIIRS,n,2,330.42,12.09,D,0
37.10866,40.36529,356.82,0.43,0.38,2025-06-24,1006,N,VIIRS,n,2,330.69,12.9,D,0
36.61997,35.53306,342.92,0.47,0.48,2025-06-24,1007,N,VIIRS,n,2,312.35,9.15,D,0
37.61793,37.44667,341.14,0.55,0.42,2025-06-24,1007,N,VIIRS,n,2,315.64,2.85,D,0
38.17595,41.42389,367.0,0.4,0.37,2025-06-24,1007,N,VIIRS,h,2,323.5,32.11,D,0
38.17929,41.42302,367.0,0.4,0.37,2025-06-24,1007,N,VIIRS,h,2,323.96,23.77,D,0
38.53919,31.24296,335.52,0.36,0.57,2025-06-24,1007,N,VIIRS,n,2,304.56,2.28,D,0
38.28788,26.03747,354.88,0.65,0.73,2025-06-24,1008,N,VIIRS,n,2,305.79,9.78,D,0
38.29067,26.02883,340.37,0.66,0.73,2025-06-24,1008,N,VIIRS,n,2,304.1,11.76,D,0
38.29349,26.03782,367.0,0.66,0.73,2025-06-24,1008,N,VIIRS,h,2,310.46,28.32,D,0
38.29478,26.03591,367.0,0.65,0.73,2025-06-24,1008,N,VIIRS,h,2,309.88,14.79,D,0
38.30345,26.02247,343.93,0.66,0.73,2025-06-24,1008,N,VIIRS,n,2,308.98,6.99,D,0
38.30447,26.01992,343.46,0.66,0.73,2025-06-24,1008,N,VIIRS,n,2,308.66,10.98,D,0
38.32479,26.06702,344.03,0.65,0.73,2025-06-24,1008,N,VIIRS,n,2,308.3,7.17,D,0
38.32647,26.06568,341.29,0.65,0.73,2025-06-24,1008,N,VIIRS,n,2,309.85,5.35,D,0
38.32812,26.07085,344.3,0.65,0.73,2025-06-24,1008,N,VIIRS,n,2,307.68,10.3,D,0
38.35051,26.00185,332.28,0.65,0.73,2025-06-24,1008,N,VIIRS,n,2,301.02,4.61,D,0
40.30925,29.47573,340.5,0.39,0.59,2025-06-24,1008,N,VIIRS,n,2,304.26,14.12,D,0
40.31052,29.48035,367.0,0.39,0.59,2025-06-24,1008,N,VIIRS,h,2,319.29,14.12,D,0
40.31616,29.47939,367.0,0.39,0.59,2025-06-24,1008,N,VIIRS,h,2,308.21,105.42,D,0
41.24123,36.46619,338.69,0.52,0.41,2025-06-24,1008,N,VIIRS,n,2,312.77,5.16,D,2
38.02795,30.95015,339.69,0.46,0.63,2025-06-24,1148,N,VIIRS,n,2,305.63,2.63,D,0
38.25385,26.34348,341.6,0.52,0.5,2025-06-24,1148,N,VIIRS,n,2,313.34,3.23,D,0
38.28858,26.03283,343.6,0.5,0.49,2025-06-24,1148,N,VIIRS,n,2,311.66,5.17,D,0
38.28904,26.03826,347.68,0.5,0.49,2025-06-24,1148,N,VIIRS,n,2,312.47,5.17,D,0
38.28907,26.03577,349.61,0.5,0.49,2025-06-24,1148,N,VIIRS,n,2,313.62,7.23,D,0
38.28955,26.04188,344.51,0.5,0.49,2025-06-24,1148,N,VIIRS,n,2,310.15,7.23,D,0
38.29354,26.03726,349.25,0.5,0.49,2025-06-24,1148,N,VIIRS,n,2,316.7,9.64,D,0
38.29358,26.03477,349.68,0.5,0.49,2025-06-24,1148,N,VIIRS,n,2,316.77,7.23,D,0
38.29403,26.04049,353.02,0.5,0.49,2025-06-24,1148,N,VIIRS,n,2,314.14,7.23,D,0
38.29405,26.04329,367.0,0.5,0.49,2025-06-24,1148,N,VIIRS,h,2,312.91,18.4,D,0
38.2976,26.03109,342.65,0.5,0.49,2025-06-24,1148,N,VIIRS,n,2,311.15,9.64,D,0
38.29806,26.03643,367.0,0.5,0.49,2025-06-24,1148,N,VIIRS,h,2,316.57,9.64,D,0
38.29811,26.03403,367.0,0.5,0.49,2025-06-24,1148,N,VIIRS,h,2,313.98,12.52,D,0
38.29855,26.03962,344.85,0.5,0.49,2025-06-24,1148,N,VIIRS,n,2,314.8,12.52,D,0
38.3508,26.0054,354.97,0.5,0.49,2025-06-24,1148,N,VIIRS,n,2,327.32,19.03,D,0
38.35535,26.00488,346.79,0.5,0.49,2025-06-24,1148,N,VIIRS,n,2,312.62,19.03,D,0
38.35575,26.00984,343.93,0.5,0.49,2025-06-24,1148,N,VIIRS,n,2,311.39,19.03,D,0
38.36288,26.04064,345.16,0.5,0.49,2025-06-24,1148,N,VIIRS,n,2,313.8,8.81,D,0
38.66364,29.29189,351.26,0.38,0.58,2025-06-24,1148,N,VIIRS,n,2,312.03,4.4,D,0
38.66386,29.29613,344.95,0.38,0.58,2025-06-24,1148,N,VIIRS,n,2,318.16,4.4,D,0
39.7417,26.37598,347.51,0.54,0.51,2025-06-24,1148,N,VIIRS,n,2,306.49,5.81,D,0
39.74215,26.38217,355.64,0.54,0.51,2025-06-24,1148,N,VIIRS,n,2,312.38,16.38,D,0
39.74686,26.38168,367.0,0.54,0.51,2025-06-24,1148,N,VIIRS,h,2,355.36,168.32,D,0
39.74732,26.38789,367.0,0.54,0.51,2025-06-24,1148,N,VIIRS,h,2,326.47,168.32,D,0
39.74778,26.39407,348.18,0.54,0.51,2025-06-24,1148,N,VIIRS,n,2,314.17,14.54,D,0
39.75204,26.38746,355.34,0.54,0.51,2025-06-24,1148,N,VIIRS,n,2,326.19,168.32,D,0
39.75249,26.39357,367.0,0.54,0.51,2025-06-24,1148,N,VIIRS,h,2,317.38,14.54,D,0
39.75629,26.38074,345.96,0.54,0.51,2025-06-24,1148,N,VIIRS,n,2,307.37,13.93,D,0
39.75675,26.38697,356.4,0.54,0.51,2025-06-24,1148,N,VIIRS,n,2,310.83,13.93,D,0
40.04503,28.2843,350.47,0.34,0.56,2025-06-24,1148,N,VIIRS,n,2,311.93,4.47,D,0
40.04505,28.28381,337.21,0.34,0.56,2025-06-24,1148,N,VIIRS,n,2,311.71,4.55,D,0
40.04526,28.28838,343.95,0.34,0.56,2025-06-24,1148,N,VIIRS,n,2,311.57,4.91,D,0
40.0453,28.28788,356.37,0.34,0.56,2025-06-24,1148,N,VIIRS,n,2,313.37,6.57,D,0
40.11373,27.65566,343.64,0.63,0.54,2025-06-24,1148,N,VIIRS,n,2,307.65,9.05,D,0
40.11588,27.65675,341.33,0.63,0.54,2025-06-24,1148,N,VIIRS,n,2,306.09,5.89,D,0
40.30714,29.59781,350.92,0.4,0.6,2025-06-24,1148,N,VIIRS,n,2,307.89,5.79,D,0
40.30735,29.60259,332.16,0.4,0.6,2025-06-24,1148,N,VIIRS,n,2,306.45,6.04,D,0
40.30944,29.593,337.79,0.4,0.6,2025-06-24,1148,N,VIIRS,n,2,308.97,7.58,D,0
40.30967,29.59783,367.0,0.4,0.6,2025-06-24,1148,N,VIIRS,h,2,311.74,19.02,D,0
40.31275,29.59679,367.0,0.4,0.6,2025-06-24,1148,N,VIIRS,h,2,309.77,11.9,D,0
40.89705,30.49634,354.79,0.45,0.63,2025-06-24,1148,N,VIIRS,n,2,305.25,6.92,D,0
40.9028,30.49112,331.34,0.45,0.63,2025-06-24,1148,N,VIIRS,n,2,306.15,6.13,D,0
40.90299,30.49655,367.0,0.45,0.63,2025-06-24,1148,N,VIIRS,h,2,308.01,6.13,D,0
41.01741,28.77657,349.2,0.37,0.58,2025-06-24,1148,N,VIIRS,n,2,305.76,3.52,D,0
41.01545,27.47735,333.22,0.63,0.54,2025-06-24,1149,N,VIIRS,n,2,306.3,3.59,D,0
41.0185,28.77675,355.96,0.37,0.58,2025-06-24,1149,N,VIIRS,n,2,306.33,4.91,D,0
42.1224,43.01244,298.85,0.59,0.53,2025-06-24,2225,N,VIIRS,n,2,286.05,1.15,N,2
37.79364,39.0512,321.28,0.44,0.62,2025-06-24,2226,N,VIIRS,n,2,288.56,1.8,N,0
37.79412,39.05012,320.95,0.44,0.62,2025-06-24,2226,N,VIIRS,n,2,287.91,1.85,N,0
37.79566,40.49695,315.04,0.36,0.58,2025-06-24,2226,N,VIIRS,n,2,288.09,1.28,N,0
37.79593,40.49268,313.83,0.36,0.58,2025-06-24,2226,N,VIIRS,n,2,288.09,1.28,N,0
37.79922,39.05688,298.86,0.44,0.62,2025-06-24,2226,N,VIIRS,n,2,287.72,0.8,N,0
37.79967,39.05574,305.23,0.44,0.62,2025-06-24,2226,N,VIIRS,n,2,288.52,1.0,N,0
37.91007,40.14892,306.63,0.38,0.59,2025-06-24,2226,N,VIIRS,n,2,293.75,0.77,N,0
38.06034,40.22569,305.17,0.38,0.59,2025-06-24,2226,N,VIIRS,n,2,290.15,1.03,N,0
39.58483,43.89911,297.66,0.5,0.49,2025-06-24,2226,N,VIIRS,n,2,281.09,1.32,N,0
39.58558,43.8999,296.29,0.5,0.49,2025-06-24,2226,N,VIIRS,n,2,281.86,0.54,N,0
35.52379,44.34286,328.04,0.42,0.46,2025-06-24,2227,N,VIIRS,n,2,297.51,5.16,N,2
35.528,44.34354,350.36,0.42,0.46,2025-06-24,2227,N,VIIRS,n,2,300.26,5.16,N,2
35.52847,44.33876,347.02,0.42,0.46,2025-06-24,2227,N,VIIRS,n,2,298.45,5.16,N,2
35.53268,44.33946,353.08,0.42,0.46,2025-06-24,2227,N,VIIRS,n,2,299.64,8.25,N,2
35.53314,44.33469,335.51,0.42,0.46,2025-06-24,2227,N,VIIRS,n,2,299.04,5.63,N,2
35.63004,44.00931,351.95,0.44,0.46,2025-06-24,2227,N,VIIRS,n,2,305.96,17.08,N,2
35.66191,43.96505,343.8,0.45,0.47,2025-06-24,2227,N,VIIRS,n,2,305.69,20.22,N,2
35.6783,44.06773,313.69,0.44,0.46,2025-06-24,2227,N,VIIRS,n,2,297.87,1.59,N,2
35.67878,44.06277,311.37,0.44,0.46,2025-06-24,2227,N,VIIRS,n,2,298.43,1.59,N,2
35.68336,43.87663,350.58,0.45,0.47,2025-06-24,2227,N,VIIRS,n,2,305.33,22.79,N,2
35.68383,43.8716,314.32,0.45,0.47,2025-06-24,2227,N,VIIRS,n,2,296.37,22.79,N,2
35.68769,43.8773,343.0,0.45,0.47,2025-06-24,2227,N,VIIRS,n,2,303.91,22.79,N,2
35.68817,43.87228,310.33,0.45,0.47,2025-06-24,2227,N,VIIRS,n,2,296.19,22.79,N,2
35.72451,44.04031,348.98,0.44,0.46,2025-06-24,2227,N,VIIRS,n,2,300.91,9.05,N,2
35.72977,44.03107,339.65,0.44,0.46,2025-06-24,2227,N,VIIRS,n,2,299.17,5.92,N,2
35.77003,43.99503,308.88,0.45,0.47,2025-06-24,2227,N,VIIRS,n,2,296.27,2.6,N,2
35.77433,43.99577,332.7,0.45,0.47,2025-06-24,2227,N,VIIRS,n,2,298.39,2.6,N,2
35.81286,43.25549,315.34,0.49,0.48,2025-06-24,2227,N,VIIRS,n,2,297.29,2.66,N,2
35.81421,43.25821,310.16,0.49,0.49,2025-06-24,2227,N,VIIRS,n,2,297.0,1.73,N,2
35.81469,43.2527,310.16,0.49,0.49,2025-06-24,2227,N,VIIRS,n,2,296.13,1.74,N,2
35.83556,43.22235,308.15,0.49,0.49,2025-06-24,2227,N,VIIRS,n,2,296.12,1.61,N,2
35.91935,38.93048,304.36,0.43,0.62,2025-06-24,2227,N,VIIRS,n,2,292.6,0.61,N,0
35.91983,38.93194,303.91,0.43,0.62,2025-06-24,2227,N,VIIRS,n,2,292.68,0.74,N,0
35.95414,43.7288,312.01,0.46,0.47,2025-06-24,2227,N,VIIRS,n,2,296.08,1.2,N,2
35.96867,43.76273,312.24,0.46,0.47,2025-06-24,2227,N,VIIRS,n,2,298.2,3.98,N,2
35.98133,43.77064,316.76,0.46,0.47,2025-06-24,2227,N,VIIRS,n,2,298.07,2.78,N,2
35.98135,43.7693,324.26,0.46,0.47,2025-06-24,2227,N,VIIRS,n,2,299.59,4.09,N,2
35.98179,43.76552,310.39,0.46,0.47,2025-06-24,2227,N,VIIRS,n,2,298.54,3.47,N,2
36.02058,43.68098,311.14,0.47,0.47,2025-06-24,2227,N,VIIRS,n,2,295.87,1.37,N,2
36.08231,43.64135,315.1,0.47,0.48,2025-06-24,2227,N,VIIRS,n,2,295.1,1.68,N,0
36.09997,43.62854,308.64,0.47,0.48,2025-06-24,2227,N,VIIRS,n,2,293.57,0.83,N,0
36.13042,40.80796,308.19,0.34,0.56,2025-06-24,2227,N,VIIRS,n,2,293.0,1.12,N,2
36.1373,41.08961,302.46,0.33,0.55,2025-06-24,2227,N,VIIRS,n,2,292.43,0.29,N,0
36.14031,40.81666,303.46,0.34,0.56,2025-06-24,2227,N,VIIRS,n,2,291.81,0.5,N,2
36.14057,40.81279,303.95,0.34,0.56,2025-06-24,2227,N,VIIRS,n,2,293.33,0.79,N,2
36.14552,40.81712,302.63,0.34,0.56,2025-06-24,2227,N,VIIRS,n,2,290.79,0.5,N,2
36.14566,43.66748,306.36,0.47,0.48,2025-06-24,2227,N,VIIRS,n,2,295.42,1.01,N,0
36.14577,40.81325,305.23,0.34,0.56,2025-06-24,2227,N,VIIRS,n,2,290.05,0.79,N,2
36.28703,36.39976,318.32,0.59,0.7,2025-06-24,2227,N,VIIRS,n,2,290.79,2.12,N,0
36.34912,42.07457,312.84,0.58,0.52,2025-06-24,2227,N,VIIRS,n,2,300.64,3.23,N,2
36.35901,43.29965,314.07,0.49,0.49,2025-06-24,2227,N,VIIRS,n,2,297.64,2.36,N,0
36.44163,42.92898,312.33,0.52,0.5,2025-06-24,2227,N,VIIRS,n,2,298.84,2.57,N,2
36.45551,41.28073,305.82,0.32,0.55,2025-06-24,2227,N,VIIRS,n,2,291.13,0.41,N,2
36.72652,36.20715,303.94,0.61,0.71,2025-06-24,2227,N,VIIRS,n,2,293.26,1.18,N,2
36.72799,39.43093,305.88,0.41,0.6,2025-06-24,2227,N,VIIRS,n,2,290.31,1.45,N,0
36.72826,39.42622,317.71,0.41,0.6,2025-06-24,2227,N,VIIRS,n,2,288.99,2.02,N,0
36.72922,36.21139,306.64,0.61,0.71,2025-06-24,2227,N,VIIRS,n,2,294.56,2.39,N,2
36.7297,43.27797,313.33,0.5,0.49,2025-06-24,2227,N,VIIRS,n,2,296.89,2.6,N,2
36.73092,39.42829,343.53,0.41,0.6,2025-06-24,2227,N,VIIRS,n,2,291.75,3.35,N,0
36.7332,36.20737,308.04,0.61,0.71,2025-06-24,2227,N,VIIRS,n,2,296.71,2.51,N,2
36.73391,39.42675,310.63,0.41,0.6,2025-06-24,2227,N,VIIRS,n,2,289.98,1.35,N,0
36.73589,36.2119,309.59,0.61,0.71,2025-06-24,2227,N,VIIRS,n,2,295.18,2.39,N,2
36.73988,36.20779,319.44,0.61,0.71,2025-06-24,2227,N,VIIRS,n,2,296.58,2.51,N,2
36.74223,39.0744,300.52,0.43,0.62,2025-06-24,2227,N,VIIRS,n,2,288.09,0.43,N,0
36.74258,36.21226,313.4,0.61,0.71,2025-06-24,2227,N,VIIRS,n,2,295.06,3.98,N,2
36.74293,36.19755,306.72,0.61,0.71,2025-06-24,2227,N,VIIRS,n,2,293.85,3.17,N,2
36.74308,39.07103,300.93,0.43,0.62,2025-06-24,2227,N,VIIRS,n,2,287.74,0.74,N,0
36.7465,43.49865,314.55,0.49,0.48,2025-06-24,2227,N,VIIRS,n,2,294.49,1.75,N,2
36.74678,36.20087,312.28,0.61,0.71,2025-06-24,2227,N,VIIRS,n,2,294.64,2.55,N,2
36.74819,43.49534,306.39,0.49,0.48,2025-06-24,2227,N,VIIRS,n,2,295.16,2.02,N,2
36.7559,39.03583,313.25,0.43,0.62,2025-06-24,2227,N,VIIRS,n,2,287.83,2.43,N,0
36.75629,39.03744,315.12,0.43,0.62,2025-06-24,2227,N,VIIRS,n,2,287.47,1.08,N,0
36.75653,39.03246,310.98,0.43,0.62,2025-06-24,2227,N,VIIRS,n,2,286.59,1.08,N,0
36.7599,39.41712,314.99,0.41,0.61,2025-06-24,2227,N,VIIRS,n,2,291.53,2.86,N,0
36.76195,39.03134,320.0,0.43,0.62,2025-06-24,2227,N,VIIRS,n,2,288.12,3.05,N,0
36.76231,39.03296,319.46,0.43,0.62,2025-06-24,2227,N,VIIRS,n,2,287.52,1.08,N,0
36.7653,39.42232,303.03,0.41,0.6,2025-06-24,2227,N,VIIRS,n,2,291.92,2.81,N,0
36.76554,39.41768,335.91,0.41,0.61,2025-06-24,2227,N,VIIRS,n,2,293.25,2.86,N,0
36.77589,43.32625,316.89,0.5,0.49,2025-06-24,2227,N,VIIRS,n,2,297.82,2.51,N,2
36.77657,43.32235,313.71,0.5,0.49,2025-06-24,2227,N,VIIRS,n,2,297.51,3.76,N,2
36.77913,39.04437,300.48,0.43,0.62,2025-06-24,2227,N,VIIRS,n,2,286.44,0.61,N,0
36.78134,38.99981,367.0,0.43,0.62,2025-06-24,2227,N,VIIRS,h,2,292.19,5.81,N,0
36.78159,38.99486,310.58,0.43,0.62,2025-06-24,2227,N,VIIRS,n,2,288.56,5.81,N,0
36.78314,39.07956,328.51,0.43,0.62,2025-06-24,2227,N,VIIRS,n,2,289.24,2.2,N,0
36.79668,39.04094,315.1,0.43,0.62,2025-06-24,2227,N,VIIRS,n,2,287.04,0.91,N,0
36.79693,39.03599,300.54,0.43,0.62,2025-06-24,2227,N,VIIRS,n,2,288.98,0.91,N,0
36.8022,39.04639,311.83,0.43,0.62,2025-06-24,2227,N,VIIRS,n,2,287.39,1.41,N,0
36.80245,39.04143,319.38,0.43,0.62,2025-06-24,2227,N,VIIRS,n,2,287.37,1.93,N,0
36.8027,39.03648,316.11,0.43,0.62,2025-06-24,2227,N,VIIRS,n,2,288.34,1.93,N,0
36.81706,38.98288,299.75,0.43,0.62,2025-06-24,2227,N,VIIRS,n,2,287.42,0.27,N,0
36.82604,39.14282,367.0,0.42,0.61,2025-06-24,2227,N,VIIRS,h,2,292.04,4.89,N,0
36.82631,39.13787,302.9,0.42,0.61,2025-06-24,2227,N,VIIRS,n,2,287.27,4.89,N,0
36.82999,39.06866,318.78,0.43,0.62,2025-06-24,2227,N,VIIRS,n,2,288.0,1.67,N,0
36.86494,38.68851,312.43,0.45,0.63,2025-06-24,2227,N,VIIRS,n,2,291.46,1.31,N,0
36.86597,43.5211,306.12,0.49,0.48,2025-06-24,2227,N,VIIRS,n,2,293.82,1.58,N,0
36.86709,43.48715,316.39,0.49,0.48,2025-06-24,2227,N,VIIRS,n,2,294.01,1.87,N,2
36.86722,38.68882,309.34,0.45,0.63,2025-06-24,2227,N,VIIRS,n,2,290.74,0.74,N,0
36.86883,43.48775,324.77,0.49,0.48,2025-06-24,2227,N,VIIRS,n,2,295.12,3.66,N,2
36.87181,34.76166,304.68,0.73,0.76,2025-06-24,2227,N,VIIRS,n,2,294.06,1.43,N,2
36.8763,39.06807,313.53,0.43,0.62,2025-06-24,2227,N,VIIRS,n,2,287.39,2.24,N,0
36.87654,39.06317,324.89,0.43,0.62,2025-06-24,2227,N,VIIRS,n,2,289.67,3.89,N,0
36.8824,38.94359,300.97,0.43,0.62,2025-06-24,2227,N,VIIRS,n,2,288.16,0.59,N,0
36.8923,43.42677,338.24,0.49,0.49,2025-06-24,2227,N,VIIRS,n,2,292.95,3.55,N,2
36.89786,39.09977,309.24,0.43,0.62,2025-06-24,2227,N,VIIRS,n,2,287.37,1.18,N,0
36.90361,39.10028,296.27,0.43,0.62,2025-06-24,2227,N,VIIRS,n,2,285.19,0.64,N,0
36.90467,43.38921,314.21,0.5,0.49,2025-06-24,2227,N,VIIRS,n,2,292.06,1.3,N,2
36.90706,39.14537,325.62,0.42,0.61,2025-06-24,2227,N,VIIRS,n,2,288.46,1.63,N,0
36.90732,39.14038,302.24,0.42,0.61,2025-06-24,2227,N,VIIRS,n,2,287.69,1.63,N,0
36.9086,39.11561,302.55,0.43,0.62,2025-06-24,2227,N,VIIRS,n,2,287.47,1.06,N,0
36.90919,43.38982,311.75,0.5,0.49,2025-06-24,2227,N,VIIRS,n,2,292.37,1.3,N,2
36.91227,39.15595,306.3,0.42,0.61,2025-06-24,2227,N,VIIRS,n,2,288.39,1.27,N,0
36.91307,41.89307,309.07,0.6,0.53,2025-06-24,2227,N,VIIRS,n,2,291.46,1.15,N,2
36.92905,39.57481,326.42,0.4,0.6,2025-06-24,2227,N,VIIRS,n,2,293.55,2.75,N,0
36.93241,39.57693,342.9,0.4,0.6,2025-06-24,2227,N,VIIRS,n,2,294.42,11.17,N,0
36.93265,39.57228,367.0,0.4,0.6,2025-06-24,2227,N,VIIRS,h,2,302.7,11.17,N,0
36.93438,39.58005,304.5,0.4,0.6,2025-06-24,2227,N,VIIRS,n,2,292.6,6.73,N,0
36.93438,42.13456,307.47,0.58,0.52,2025-06-24,2227,N,VIIRS,n,2,295.34,2.06,N,2
36.93465,39.57541,367.0,0.4,0.6,2025-06-24,2227,N,VIIRS,h,2,299.65,6.73,N,0
36.93489,42.12794,315.25,0.58,0.52,2025-06-24,2227,N,VIIRS,n,2,295.03,2.06,N,2
36.93493,39.57077,322.47,0.4,0.6,2025-06-24,2227,N,VIIRS,n,2,292.35,10.69,N,0
36.94155,42.16841,312.51,0.58,0.52,2025-06-24,2227,N,VIIRS,n,2,294.7,2.16,N,2
36.94461,42.12921,316.44,0.58,0.52,2025-06-24,2227,N,VIIRS,n,2,295.89,2.94,N,2
36.94947,42.12979,323.76,0.58,0.52,2025-06-24,2227,N,VIIRS,n,2,296.77,2.9,N,2
36.95729,39.07018,309.41,0.43,0.62,2025-06-24,2227,N,VIIRS,n,2,288.66,1.46,N,0
36.95772,39.07162,306.99,0.43,0.62,2025-06-24,2227,N,VIIRS,n,2,289.04,1.63,N,0
36.95795,39.06666,308.25,0.43,0.62,2025-06-24,2227,N,VIIRS,n,2,288.16,1.79,N,0
36.9629,42.08393,310.69,0.58,0.52,2025-06-24,2227,N,VIIRS,n,2,293.73,1.43,N,2
36.96305,39.07068,323.6,0.43,0.62,2025-06-24,2227,N,VIIRS,n,2,289.42,2.87,N,0
36.96372,39.06717,316.78,0.43,0.62,2025-06-24,2227,N,VIIRS,n,2,288.79,1.78,N,0
36.96542,42.08411,311.3,0.58,0.52,2025-06-24,2227,N,VIIRS,n,2,293.32,0.62,N,2
36.96786,38.98106,301.72,0.43,0.62,2025-06-24,2227,N,VIIRS,n,2,290.83,1.4,N,0
36.96802,38.97735,327.58,0.43,0.62,2025-06-24,2227,N,VIIRS,n,2,291.48,2.62,N,0
36.96813,38.97605,320.48,0.43,0.62,2025-06-24,2227,N,VIIRS,n,2,290.73,1.4,N,0
36.97187,39.13733,299.02,0.42,0.61,2025-06-24,2227,N,VIIRS,n,2,285.99,0.45,N,0
36.97308,39.1127,297.81,0.43,0.62,2025-06-24,2227,N,VIIRS,n,2,286.3,0.37,N,0
36.97937,38.98341,318.96,0.43,0.62,2025-06-24,2227,N,VIIRS,n,2,290.27,1.35,N,0
36.9803,39.0836,298.48,0.43,0.62,2025-06-24,2227,N,VIIRS,n,2,288.21,0.64,N,0
36.98055,39.07865,304.84,0.43,0.62,2025-06-24,2227,N,VIIRS,n,2,288.47,1.11,N,0
37.01756,40.22612,303.47,0.37,0.58,2025-06-24,2227,N,VIIRS,n,2,291.04,2.61,N,0
37.01781,40.22189,353.47,0.37,0.58,2025-06-24,2227,N,VIIRS,n,2,293.35,2.61,N,0
37.01806,40.21762,302.18,0.37,0.58,2025-06-24,2227,N,VIIRS,n,2,288.79,3.07,N,0
37.03288,42.16724,306.78,0.58,0.52,2025-06-24,2227,N,VIIRS,n,2,296.66,1.36,N,2
37.04177,40.18568,315.2,0.37,0.58,2025-06-24,2227,N,VIIRS,n,2,290.72,0.82,N,0
37.0472,40.18621,303.16,0.37,0.58,2025-06-24,2227,N,VIIRS,n,2,289.62,0.82,N,0
37.04946,43.56725,302.22,0.49,0.48,2025-06-24,2227,N,VIIRS,n,2,291.08,0.75,N,0
37.04986,40.49534,301.3,0.36,0.57,2025-06-24,2227,N,VIIRS,n,2,287.1,0.63,N,0
37.05013,40.49122,309.12,0.36,0.57,2025-06-24,2227,N,VIIRS,n,2,288.62,1.16,N,0
37.06256,40.37942,308.94,0.36,0.58,2025-06-24,2227,N,VIIRS,n,2,291.11,0.95,N,0
37.06451,40.4342,301.58,0.36,0.57,2025-06-24,2227,N,VIIRS,n,2,289.56,0.65,N,0
37.06477,40.43002,305.46,0.36,0.57,2025-06-24,2227,N,VIIRS,n,2,289.81,0.65,N,0
37.06504,40.42583,298.57,0.36,0.57,2025-06-24,2227,N,VIIRS,n,2,288.3,0.46,N,0
37.06644,38.97397,300.04,0.43,0.62,2025-06-24,2227,N,VIIRS,n,2,289.36,0.78,N,0
37.06987,40.43468,328.58,0.36,0.57,2025-06-24,2227,N,VIIRS,n,2,289.82,2.05,N,0
37.07013,40.43049,325.98,0.36,0.57,2025-06-24,2227,N,VIIRS,n,2,289.47,2.05,N,0
37.0704,40.42631,308.53,0.36,0.57,2025-06-24,2227,N,VIIRS,n,2,287.96,1.67,N,0
37.07199,39.10192,308.18,0.43,0.62,2025-06-24,2227,N,VIIRS,n,2,290.46,9.19,N,0
37.07208,39.09972,352.76,0.43,0.62,2025-06-24,2227,N,VIIRS,n,2,292.56,18.06,N,0
37.07226,39.09698,367.0,0.43,0.62,2025-06-24,2227,N,VIIRS,h,2,294.6,27.92,N,0
37.07232,39.09476,357.06,0.43,0.62,2025-06-24,2227,N,VIIRS,n,2,291.7,20.46,N,0
37.07733,38.99017,323.65,0.43,0.62,2025-06-24,2227,N,VIIRS,n,2,287.04,2.48,N,0
37.07767,40.44196,319.91,0.36,0.57,2025-06-24,2227,N,VIIRS,n,2,288.43,1.22,N,0
37.07784,39.10029,349.56,0.43,0.62,2025-06-24,2227,N,VIIRS,n,2,295.5,18.0,N,0
37.07788,38.99252,339.55,0.43,0.62,2025-06-24,2227,N,VIIRS,n,2,288.17,3.7,N,0
37.07808,39.09533,367.0,0.43,0.62,2025-06-24,2227,N,VIIRS,h,2,296.18,25.11,N,0
37.07815,38.98744,304.01,0.43,0.62,2025-06-24,2227,N,VIIRS,n,2,286.67,3.32,N,0
37.07867,40.38132,310.69,0.36,0.58,2025-06-24,2227,N,VIIRS,n,2,292.01,1.34,N,0
37.07867,42.55959,310.44,0.55,0.51,2025-06-24,2227,N,VIIRS,n,2,297.39,3.18,N,2
37.07889,40.42105,304.94,0.36,0.58,2025-06-24,2227,N,VIIRS,n,2,288.32,0.35,N,0
37.07893,40.37717,307.76,0.36,0.58,2025-06-24,2227,N,VIIRS,n,2,291.41,1.19,N,0
37.08004,40.44411,307.78,0.36,0.57,2025-06-24,2227,N,VIIRS,n,2,287.88,0.52,N,0
37.08031,40.43993,298.74,0.36,0.57,2025-06-24,2227,N,VIIRS,n,2,288.07,0.52,N,0
37.08128,40.37965,310.21,0.36,0.58,2025-06-24,2227,N,VIIRS,n,2,292.44,0.97,N,0
37.08138,40.42324,300.2,0.36,0.57,2025-06-24,2227,N,VIIRS,n,2,287.22,0.26,N,0
37.08313,38.9907,349.71,0.43,0.62,2025-06-24,2227,N,VIIRS,n,2,291.53,5.38,N,0
37.09892,43.54282,303.21,0.49,0.48,2025-06-24,2227,N,VIIRS,n,2,292.38,1.37,N,0
37.0994,43.5372,322.91,0.49,0.48,2025-06-24,2227,N,VIIRS,n,2,293.01,3.38,N,0
37.11998,40.62928,311.15,0.35,0.57,2025-06-24,2227,N,VIIRS,n,2,291.26,1.15,N,0
37.121,40.25602,330.42,0.37,0.58,2025-06-24,2227,N,VIIRS,n,2,294.41,1.93,N,0
37.12535,40.45567,303.81,0.36,0.57,2025-06-24,2227,N,VIIRS,n,2,291.51,0.64,N,0
37.12612,40.53069,311.48,0.36,0.57,2025-06-24,2227,N,VIIRS,n,2,291.78,1.44,N,0
37.12638,40.52658,307.28,0.36,0.57,2025-06-24,2227,N,VIIRS,n,2,291.57,1.44,N,0
37.13145,40.53126,332.69,0.36,0.57,2025-06-24,2227,N,VIIRS,n,2,293.97,1.44,N,0
37.13171,40.52714,312.55,0.36,0.57,2025-06-24,2227,N,VIIRS,n,2,292.39,1.44,N,0
37.17008,39.97754,304.11,0.38,0.59,2025-06-24,2227,N,VIIRS,n,2,292.58,0.53,N,0
37.1754,40.25731,335.85,0.37,0.58,2025-06-24,2227,N,VIIRS,n,2,296.84,3.34,N,0
37.17543,40.07481,315.03,0.38,0.59,2025-06-24,2227,N,VIIRS,n,2,293.38,0.79,N,0
37.18081,40.25787,344.69,0.37,0.58,2025-06-24,2227,N,VIIRS,n,2,297.46,3.34,N,0
37.1809,40.07541,305.55,0.38,0.59,2025-06-24,2227,N,VIIRS,n,2,293.52,0.79,N,0
37.18332,40.30525,322.98,0.37,0.58,2025-06-24,2227,N,VIIRS,n,2,294.64,3.14,N,0
37.18872,40.30582,345.14,0.37,0.58,2025-06-24,2227,N,VIIRS,n,2,296.57,3.14,N,0
37.19004,40.30717,310.24,0.37,0.58,2025-06-24,2227,N,VIIRS,n,2,294.72,1.18,N,0
37.19219,39.68534,317.38,0.4,0.6,2025-06-24,2227,N,VIIRS,n,2,287.61,0.97,N,0
37.19243,40.24628,305.81,0.37,0.58,2025-06-24,2227,N,VIIRS,n,2,295.26,8.95,N,0
37.1927,40.24197,367.0,0.37,0.58,2025-06-24,2227,N,VIIRS,h,2,308.2,16.69,N,0
37.19296,40.23764,307.86,0.37,0.58,2025-06-24,2227,N,VIIRS,n,2,295.16,16.69,N,0
37.19363,40.24325,349.48,0.37,0.58,2025-06-24,2227,N,VIIRS,n,2,299.42,16.45,N,0
37.19388,40.23892,367.0,0.37,0.58,2025-06-24,2227,N,VIIRS,h,2,297.71,19.63,N,0
37.23011,39.66674,325.5,0.4,0.6,2025-06-24,2227,N,VIIRS,n,2,292.85,3.68,N,0
37.23035,39.66214,353.76,0.4,0.6,2025-06-24,2227,N,VIIRS,n,2,296.26,4.33,N,0
37.23059,39.65753,300.52,0.4,0.6,2025-06-24,2227,N,VIIRS,n,2,290.25,4.33,N,0
37.23262,39.66623,342.01,0.4,0.6,2025-06-24,2227,N,VIIRS,n,2,294.77,4.05,N,0
37.23288,39.66164,367.0,0.4,0.6,2025-06-24,2227,N,VIIRS,h,2,296.1,4.05,N,0
37.23314,39.65704,308.07,0.4,0.6,2025-06-24,2227,N,VIIRS,n,2,289.92,2.79,N,0
37.23595,39.66272,318.98,0.4,0.6,2025-06-24,2227,N,VIIRS,n,2,292.95,2.35,N,0
37.23619,39.65812,331.97,0.4,0.6,2025-06-24,2227,N,VIIRS,n,2,292.38,2.35,N,0
37.23663,40.61051,306.05,0.35,0.57,2025-06-24,2227,N,VIIRS,n,2,294.2,0.43,N,0
37.23848,39.66222,306.7,0.4,0.6,2025-06-24,2227,N,VIIRS,n,2,291.96,4.05,N,0
37.23874,39.65761,301.6,0.4,0.6,2025-06-24,2227,N,VIIRS,n,2,291.08,2.79,N,0
37.24107,39.67249,303.22,0.4,0.6,2025-06-24,2227,N,VIIRS,n,2,292.77,1.13,N,0
37.24326,39.67665,304.03,0.4,0.6,2025-06-24,2227,N,VIIRS,n,2,292.69,0.77,N,0
37.24354,39.67194,311.84,0.4,0.6,2025-06-24,2227,N,VIIRS,n,2,292.69,0.77,N,0
37.24667,39.67308,309.48,0.4,0.6,2025-06-24,2227,N,VIIRS,n,2,292.61,0.82,N,0
37.27673,38.73,303.11,0.45,0.63,2025-06-24,2227,N,VIIRS,n,2,292.76,0.88,N,2
37.28096,37.10946,300.28,0.55,0.68,2025-06-24,2227,N,VIIRS,n,2,287.24,1.16,N,0
37.29219,37.15828,303.71,0.55,0.68,2025-06-24,2227,N,VIIRS,n,2,292.43,1.68,N,2
37.29356,40.03198,309.92,0.38,0.59,2025-06-24,2227,N,VIIRS,n,2,295.24,1.48,N,0
37.29382,40.02762,314.04,0.38,0.59,2025-06-24,2227,N,VIIRS,n,2,294.73,1.48,N,0
37.29904,40.03264,333.36,0.38,0.59,2025-06-24,2227,N,VIIRS,n,2,296.13,1.48,N,0
37.32404,39.49386,309.16,0.41,0.61,2025-06-24,2227,N,VIIRS,n,2,290.31,0.83,N,0
37.33507,39.49997,311.29,0.41,0.61,2025-06-24,2227,N,VIIRS,n,2,290.04,1.12,N,0
37.33757,39.50187,302.12,0.41,0.61,2025-06-24,2227,N,VIIRS,n,2,289.39,0.74,N,0
37.37535,38.67282,302.8,0.45,0.63,2025-06-24,2227,N,VIIRS,n,2,285.57,1.17,N,0
37.37558,38.66747,325.48,0.45,0.63,2025-06-24,2227,N,VIIRS,n,2,286.03,3.37,N,0
37.37767,38.67201,311.41,0.45,0.63,2025-06-24,2227,N,VIIRS,n,2,285.79,1.46,N,0
37.37793,38.66665,323.18,0.45,0.63,2025-06-24,2227,N,VIIRS,n,2,285.81,1.46,N,0
37.46824,36.91314,317.39,0.57,0.69,2025-06-24,2227,N,VIIRS,n,2,290.98,1.77,N,0
37.46828,36.9127,317.61,0.57,0.69,2025-06-24,2227,N,VIIRS,n,2,291.33,1.71,N,0
37.59928,38.10416,336.0,0.49,0.65,2025-06-24,2227,N,VIIRS,n,2,289.62,4.35,N,0
39.31393,38.61692,298.76,0.35,0.57,2025-06-25,6,N,VIIRS,n,2,283.13,0.83,N,0
40.24084,42.18705,315.78,0.49,0.65,2025-06-25,6,N,VIIRS,n,2,276.71,1.41,N,0
40.94815,31.39655,295.94,0.45,0.39,2025-06-25,6,N,VIIRS,n,2,284.72,0.5,N,2
41.17483,32.63057,308.87,0.49,0.41,2025-06-25,6,N,VIIRS,n,2,288.39,1.37,N,2
41.17728,32.63775,300.64,0.49,0.41,2025-06-25,6,N,VIIRS,n,2,289.22,1.37,N,2
41.19286,32.61869,300.47,0.49,0.4,2025-06-25,6,N,VIIRS,n,2,287.88,0.85,N,0
41.24456,36.4649,307.53,0.49,0.48,2025-06-25,6,N,VIIRS,n,2,290.14,2.67,N,2
41.26387,31.43161,300.46,0.45,0.39,2025-06-25,6,N,VIIRS,n,2,288.64,0.8,N,2
41.26488,31.4264,309.29,0.45,0.39,2025-06-25,6,N,VIIRS,n,2,291.49,0.8,N,2
41.26588,31.42119,302.17,0.45,0.39,2025-06-25,6,N,VIIRS,n,2,290.16,1.04,N,2
41.79633,26.70168,310.61,0.39,0.36,2025-06-25,6,N,VIIRS,n,2,291.82,1.18,N,2
35.81292,43.25683,305.69,0.74,0.76,2025-06-25,7,N,VIIRS,n,2,293.85,1.55,N,2
35.81744,43.25579,303.91,0.74,0.76,2025-06-25,7,N,VIIRS,n,2,293.37,1.77,N,2
35.96833,43.76558,307.9,0.77,0.78,2025-06-25,7,N,VIIRS,n,2,294.29,4.12,N,2
35.98061,43.7665,310.17,0.77,0.78,2025-06-25,7,N,VIIRS,n,2,294.3,2.26,N,2
35.98148,43.77357,303.28,0.77,0.78,2025-06-25,7,N,VIIRS,n,2,292.24,1.59,N,2
36.01625,43.67924,302.1,0.77,0.77,2025-06-25,7,N,VIIRS,n,2,291.4,1.22,N,2
36.0825,43.63982,300.84,0.76,0.77,2025-06-25,7,N,VIIRS,n,2,290.73,0.72,N,0
36.09765,43.63195,303.59,0.76,0.77,2025-06-25,7,N,VIIRS,n,2,289.96,1.06,N,0
36.10128,43.63012,304.86,0.76,0.77,2025-06-25,7,N,VIIRS,n,2,290.42,1.22,N,0
36.1312,40.81093,303.81,0.54,0.68,2025-06-25,7,N,VIIRS,n,2,291.9,1.11,N,2
36.1431,40.8166,317.65,0.54,0.68,2025-06-25,7,N,VIIRS,n,2,290.69,1.57,N,2
36.37442,37.52908,312.45,0.36,0.58,2025-06-25,7,N,VIIRS,n,2,293.59,0.68,N,0
36.43871,42.93096,308.54,0.68,0.74,2025-06-25,7,N,VIIRS,n,2,294.06,2.03,N,0
36.44023,42.92951,313.26,0.68,0.74,2025-06-25,7,N,VIIRS,n,2,295.98,2.5,N,2
36.52544,37.53024,304.1,0.36,0.57,2025-06-25,7,N,VIIRS,n,2,292.0,1.35,N,0
36.73,36.20966,311.82,0.6,0.53,2025-06-25,7,N,VIIRS,n,2,296.61,2.91,N,2
36.73165,39.42907,305.15,0.45,0.63,2025-06-25,7,N,VIIRS,n,2,289.3,0.94,N,0
36.73235,39.00282,342.37,0.42,0.61,2025-06-25,7,N,VIIRS,n,2,287.83,2.82,N,0
36.73301,39.42422,304.57,0.45,0.63,2025-06-25,7,N,VIIRS,n,2,290.11,1.2,N,0
36.73362,38.9982,300.78,0.42,0.61,2025-06-25,7,N,VIIRS,n,2,286.62,2.82,N,0
36.73851,39.04676,315.99,0.43,0.62,2025-06-25,7,N,VIIRS,n,2,287.19,1.69,N,0
36.73955,36.21316,311.88,0.6,0.53,2025-06-25,7,N,VIIRS,n,2,295.69,2.34,N,2
36.7475,36.20194,315.23,0.6,0.53,2025-06-25,7,N,VIIRS,n,2,295.17,2.97,N,2
36.7475,43.50024,307.17,0.71,0.75,2025-06-25,7,N,VIIRS,n,2,291.57,1.83,N,2
36.76488,39.42134,303.37,0.44,0.63,2025-06-25,7,N,VIIRS,n,2,290.75,0.7,N,0
36.77264,43.32726,309.05,0.7,0.75,2025-06-25,7,N,VIIRS,n,2,292.49,1.91,N,2
36.77339,43.32494,311.35,0.7,0.75,2025-06-25,7,N,VIIRS,n,2,292.47,2.41,N,2
36.77533,43.31872,308.6,0.7,0.75,2025-06-25,7,N,VIIRS,n,2,292.64,1.91,N,2
36.7792,39.05379,302.06,0.43,0.62,2025-06-25,7,N,VIIRS,n,2,285.47,0.74,N,0
36.78506,39.07696,296.51,0.43,0.62,2025-06-25,7,N,VIIRS,n,2,286.38,0.59,N,0
36.79721,39.03954,302.65,0.42,0.61,2025-06-25,7,N,VIIRS,n,2,286.06,0.82,N,0
36.80057,39.04227,313.21,0.42,0.61,2025-06-25,7,N,VIIRS,n,2,286.51,0.8,N,0
36.80182,39.03764,297.95,0.42,0.61,2025-06-25,7,N,VIIRS,n,2,286.12,0.8,N,0
36.80265,39.04185,303.68,0.42,0.61,2025-06-25,7,N,VIIRS,n,2,285.92,0.84,N,0
36.81544,38.7876,301.51,0.41,0.61,2025-06-25,7,N,VIIRS,n,2,288.48,1.1,N,0
36.81667,38.78311,326.24,0.41,0.61,2025-06-25,7,N,VIIRS,n,2,289.27,2.46,N,0
36.82027,39.04416,296.02,0.42,0.61,2025-06-25,7,N,VIIRS,n,2,285.88,0.35,N,0
36.82572,39.04647,299.66,0.42,0.61,2025-06-25,7,N,VIIRS,n,2,287.01,0.45,N,0
36.83149,39.0696,307.62,0.42,0.61,2025-06-25,7,N,VIIRS,n,2,287.36,0.68,N,0
36.86975,43.49333,311.56,0.71,0.75,2025-06-25,7,N,VIIRS,n,2,293.04,3.01,N,2
36.88351,39.16895,338.33,0.43,0.62,2025-06-25,7,N,VIIRS,n,2,290.52,2.4,N,0
36.88475,39.1644,300.2,0.43,0.62,2025-06-25,7,N,VIIRS,n,2,288.93,2.4,N,0
36.88525,39.17132,317.39,0.43,0.62,2025-06-25,7,N,VIIRS,n,2,290.08,2.86,N,0
36.88597,39.0928,331.45,0.42,0.61,2025-06-25,7,N,VIIRS,n,2,289.27,5.03,N,0
36.88651,39.1668,333.48,0.43,0.62,2025-06-25,7,N,VIIRS,n,2,290.78,4.82,N,0
36.88724,39.08816,341.86,0.42,0.61,2025-06-25,7,N,VIIRS,n,2,289.01,7.19,N,0
36.88899,39.17122,304.61,0.43,0.62,2025-06-25,7,N,VIIRS,n,2,289.97,1.16,N,0
36.88935,39.0909,349.59,0.42,0.61,2025-06-25,7,N,VIIRS,n,2,290.71,4.76,N,0
36.88984,43.4306,316.48,0.71,0.75,2025-06-25,7,N,VIIRS,n,2,291.03,2.04,N,2
36.89896,39.10017,317.21,0.42,0.61,2025-06-25,7,N,VIIRS,n,2,287.07,1.4,N,0
36.90104,39.10446,308.47,0.42,0.61,2025-06-25,7,N,VIIRS,n,2,285.9,1.47,N,0
36.90214,43.39216,313.24,0.7,0.75,2025-06-25,7,N,VIIRS,n,2,291.57,2.31,N,2
36.9023,39.09983,311.84,0.42,0.61,2025-06-25,7,N,VIIRS,n,2,285.64,1.47,N,0
36.90377,39.06096,307.08,0.42,0.61,2025-06-25,7,N,VIIRS,n,2,288.92,1.34,N,0
36.9044,39.10248,314.75,0.42,0.61,2025-06-25,7,N,VIIRS,n,2,286.42,1.4,N,0
36.90566,39.06506,308.79,0.42,0.61,2025-06-25,7,N,VIIRS,n,2,288.3,2.17,N,0
36.90691,39.06044,329.7,0.42,0.61,2025-06-25,7,N,VIIRS,n,2,291.68,2.17,N,0
36.90729,38.94778,314.14,0.42,0.61,2025-06-25,7,N,VIIRS,n,2,285.72,1.07,N,0
36.90817,39.0558,300.54,0.42,0.61,2025-06-25,7,N,VIIRS,n,2,288.4,2.41,N,0
36.90894,43.39456,313.01,0.7,0.75,2025-06-25,7,N,VIIRS,n,2,290.2,2.15,N,2
36.90921,39.06326,324.33,0.42,0.61,2025-06-25,7,N,VIIRS,n,2,290.18,1.94,N,0
36.9105,39.05864,317.49,0.42,0.61,2025-06-25,7,N,VIIRS,n,2,290.52,1.94,N,0
36.912,39.56331,312.54,0.45,0.63,2025-06-25,7,N,VIIRS,n,2,293.07,1.87,N,0
36.91339,39.55835,320.19,0.45,0.63,2025-06-25,7,N,VIIRS,n,2,292.93,3.1,N,0
36.91748,41.89553,311.41,0.59,0.7,2025-06-25,7,N,VIIRS,n,2,290.3,1.53,N,2
36.91946,39.08132,301.94,0.42,0.61,2025-06-25,7,N,VIIRS,n,2,286.88,0.31,N,0
36.92169,39.08404,297.47,0.42,0.61,2025-06-25,7,N,VIIRS,n,2,287.17,0.37,N,0
36.93729,42.13359,314.82,0.6,0.71,2025-06-25,7,N,VIIRS,n,2,292.6,3.06,N,2
36.93797,42.12916,308.14,0.6,0.71,2025-06-25,7,N,VIIRS,n,2,292.39,2.07,N,2
36.93893,38.98687,301.46,0.42,0.61,2025-06-25,7,N,VIIRS,n,2,287.92,0.7,N,0
36.94003,42.16879,314.15,0.61,0.71,2025-06-25,7,N,VIIRS,n,2,291.77,2.39,N,2
36.94418,42.1321,314.7,0.6,0.71,2025-06-25,7,N,VIIRS,n,2,293.13,2.07,N,2
36.9455,42.1299,320.34,0.6,0.71,2025-06-25,7,N,VIIRS,n,2,294.27,4.88,N,2
36.95848,39.10492,298.99,0.42,0.61,2025-06-25,7,N,VIIRS,n,2,286.86,0.91,N,0
36.96392,39.10725,311.16,0.42,0.61,2025-06-25,7,N,VIIRS,n,2,286.33,0.91,N,0
36.964,38.91615,301.15,0.41,0.61,2025-06-25,7,N,VIIRS,n,2,287.1,0.54,N,0
36.96519,39.1026,302.38,0.42,0.61,2025-06-25,7,N,VIIRS,n,2,286.84,0.91,N,0
36.96622,42.08337,302.57,0.6,0.71,2025-06-25,7,N,VIIRS,n,2,290.94,0.61,N,2
36.96715,38.91936,298.81,0.41,0.61,2025-06-25,7,N,VIIRS,n,2,287.59,0.4,N,0
37.0432,40.18526,303.62,0.48,0.65,2025-06-25,7,N,VIIRS,n,2,290.75,0.49,N,0
37.06677,40.43039,336.58,0.49,0.65,2025-06-25,7,N,VIIRS,n,2,291.08,3.59,N,0
37.06778,40.4312,336.63,0.49,0.65,2025-06-25,7,N,VIIRS,n,2,291.06,1.68,N,0
37.06932,40.42591,296.87,0.49,0.65,2025-06-25,7,N,VIIRS,n,2,285.73,1.68,N,0
37.0725,40.43306,310.95,0.49,0.65,2025-06-25,7,N,VIIRS,n,2,287.44,1.0,N,0
37.07352,40.43383,301.9,0.49,0.65,2025-06-25,7,N,VIIRS,n,2,286.9,1.68,N,0
37.08067,40.38169,302.65,0.49,0.65,2025-06-25,7,N,VIIRS,n,2,290.48,0.76,N,0
37.08132,40.4249,302.75,0.49,0.65,2025-06-25,7,N,VIIRS,n,2,288.3,1.02,N,0
37.08134,42.5589,305.79,0.63,0.72,2025-06-25,7,N,VIIRS,n,2,294.93,2.1,N,2
37.09795,43.53405,340.86,0.7,0.75,2025-06-25,7,N,VIIRS,n,2,294.02,11.67,N,0
37.10362,43.54001,300.89,0.7,0.75,2025-06-25,7,N,VIIRS,n,2,289.77,2.18,N,0
37.10598,43.53262,308.69,0.7,0.75,2025-06-25,7,N,VIIRS,n,2,290.4,2.22,N,0
37.11354,39.09112,318.77,0.42,0.61,2025-06-25,7,N,VIIRS,n,2,290.34,1.49,N,0
37.11509,39.09514,304.94,0.42,0.61,2025-06-25,7,N,VIIRS,n,2,290.04,0.9,N,0
37.11634,39.09052,304.75,0.42,0.61,2025-06-25,7,N,VIIRS,n,2,289.33,0.9,N,0
37.13141,40.52639,299.36,0.5,0.65,2025-06-25,7,N,VIIRS,n,2,288.69,0.56,N,0
37.1771,39.68523,312.73,0.45,0.63,2025-06-25,7,N,VIIRS,n,2,290.37,1.51,N,0
37.17713,39.684,307.97,0.45,0.63,2025-06-25,7,N,VIIRS,n,2,290.51,1.46,N,0
37.17833,39.7691,307.8,0.45,0.63,2025-06-25,7,N,VIIRS,n,2,289.41,3.3,N,0
37.17876,39.76822,324.58,0.45,0.63,2025-06-25,7,N,VIIRS,n,2,289.31,4.79,N,0
37.17976,39.76407,367.0,0.45,0.63,2025-06-25,7,N,VIIRS,h,2,292.05,8.75,N,0
37.18016,39.76316,346.89,0.45,0.63,2025-06-25,7,N,VIIRS,n,2,290.52,4.79,N,0
37.19807,36.84034,317.12,0.32,0.54,2025-06-25,7,N,VIIRS,n,2,291.13,2.89,N,0
37.19883,39.9642,322.83,0.46,0.64,2025-06-25,7,N,VIIRS,n,2,295.09,10.99,N,0
37.20026,39.9591,367.0,0.46,0.64,2025-06-25,7,N,VIIRS,h,2,300.61,10.99,N,0
37.20237,39.96646,317.69,0.46,0.64,2025-06-25,7,N,VIIRS,n,2,294.82,5.56,N,0
37.20383,39.96137,367.0,0.46,0.64,2025-06-25,7,N,VIIRS,h,2,305.03,10.55,N,0
37.20445,39.96669,339.23,0.46,0.64,2025-06-25,7,N,VIIRS,n,2,296.25,7.63,N,0
37.2053,39.95627,326.41,0.46,0.64,2025-06-25,7,N,VIIRS,n,2,295.54,10.55,N,0
37.20588,39.96157,367.0,0.46,0.64,2025-06-25,7,N,VIIRS,h,2,299.78,7.63,N,0
37.20676,39.95115,314.81,0.46,0.64,2025-06-25,7,N,VIIRS,n,2,294.42,7.71,N,0
37.20732,39.95645,319.95,0.46,0.64,2025-06-25,7,N,VIIRS,n,2,295.32,10.08,N,0
37.20799,39.96895,318.5,0.46,0.64,2025-06-25,7,N,VIIRS,n,2,294.83,5.56,N,0
37.20876,39.95131,367.0,0.46,0.64,2025-06-25,7,N,VIIRS,h,2,296.43,10.08,N,0
37.20946,39.96382,314.18,0.46,0.64,2025-06-25,7,N,VIIRS,n,2,295.14,10.55,N,0
37.21093,39.9587,354.21,0.46,0.64,2025-06-25,7,N,VIIRS,n,2,296.95,10.55,N,0
37.21151,39.96405,323.27,0.46,0.64,2025-06-25,7,N,VIIRS,n,2,295.31,7.63,N,0
37.2124,39.95357,367.0,0.46,0.64,2025-06-25,7,N,VIIRS,h,2,299.68,7.71,N,0
37.21295,39.95891,367.0,0.46,0.64,2025-06-25,7,N,VIIRS,h,2,301.03,10.08,N,0
37.21361,39.97144,328.18,0.46,0.64,2025-06-25,7,N,VIIRS,n,2,294.45,2.42,N,0
37.21387,39.9484,315.66,0.46,0.64,2025-06-25,7,N,VIIRS,n,2,293.01,7.71,N,0
37.21439,39.95376,338.35,0.46,0.64,2025-06-25,7,N,VIIRS,n,2,296.43,10.08,N,0
37.21508,39.96629,353.72,0.46,0.64,2025-06-25,7,N,VIIRS,n,2,297.17,7.08,N,0
37.21568,39.97169,342.32,0.46,0.64,2025-06-25,7,N,VIIRS,n,2,296.2,8.0,N,0
37.21656,39.96114,367.0,0.46,0.64,2025-06-25,7,N,VIIRS,h,2,300.25,7.08,N,0
37.21713,39.96653,367.0,0.46,0.64,2025-06-25,7,N,VIIRS,h,2,298.42,8.0,N,0
37.21803,39.95598,320.58,0.46,0.64,2025-06-25,7,N,VIIRS,n,2,294.79,11.38,N,0
37.21857,39.96137,354.56,0.46,0.64,2025-06-25,7,N,VIIRS,n,2,297.6,13.43,N,0
37.21924,39.97387,311.73,0.46,0.64,2025-06-25,7,N,VIIRS,n,2,294.22,2.42,N,0
37.22071,39.96875,311.76,0.46,0.64,2025-06-25,7,N,VIIRS,n,2,294.21,7.08,N,0
37.22218,39.96362,317.96,0.46,0.64,2025-06-25,7,N,VIIRS,n,2,294.8,7.08,N,0
37.22988,39.67497,305.44,0.45,0.63,2025-06-25,7,N,VIIRS,n,2,291.94,1.79,N,0
37.23123,39.67015,322.16,0.45,0.63,2025-06-25,7,N,VIIRS,n,2,290.5,1.79,N,0
37.23261,39.66523,312.32,0.44,0.63,2025-06-25,7,N,VIIRS,n,2,290.56,1.3,N,0
37.23399,39.66031,307.08,0.44,0.63,2025-06-25,7,N,VIIRS,n,2,290.02,1.3,N,0
37.23544,39.67732,327.12,0.45,0.63,2025-06-25,7,N,VIIRS,n,2,292.2,2.58,N,0
37.23567,39.87763,321.98,0.46,0.63,2025-06-25,7,N,VIIRS,n,2,294.07,2.39,N,0
37.23678,39.67255,328.23,0.45,0.63,2025-06-25,7,N,VIIRS,n,2,292.6,2.58,N,0
37.23954,39.6627,316.5,0.44,0.63,2025-06-25,7,N,VIIRS,n,2,290.64,2.07,N,0
37.23973,39.88007,333.86,0.46,0.63,2025-06-25,7,N,VIIRS,n,2,294.95,3.61,N,0
37.24114,39.87513,312.75,0.46,0.63,2025-06-25,7,N,VIIRS,n,2,294.11,2.95,N,0
37.24129,39.88,324.81,0.46,0.63,2025-06-25,7,N,VIIRS,n,2,295.03,2.94,N,0
37.24234,39.67489,314.43,0.45,0.63,2025-06-25,7,N,VIIRS,n,2,291.49,2.58,N,0
37.2437,39.67006,308.32,0.44,0.63,2025-06-25,7,N,VIIRS,n,2,290.67,2.07,N,0
37.2792,37.10954,311.81,0.33,0.55,2025-06-25,7,N,VIIRS,n,2,287.04,1.08,N,0
37.28736,40.92409,314.33,0.51,0.66,2025-06-25,7,N,VIIRS,n,2,293.92,1.46,N,0
37.28826,40.92067,306.91,0.51,0.66,2025-06-25,7,N,VIIRS,n,2,293.9,1.61,N,0
37.29247,40.02804,327.97,0.46,0.64,2025-06-25,7,N,VIIRS,n,2,295.75,2.12,N,0
37.29259,40.92861,307.18,0.51,0.66,2025-06-25,7,N,VIIRS,n,2,293.68,1.32,N,0
37.29342,40.92603,315.67,0.51,0.66,2025-06-25,7,N,VIIRS,n,2,294.15,1.46,N,0
37.29409,37.15754,314.61,0.33,0.55,2025-06-25,7,N,VIIRS,n,2,295.81,1.19,N,2
37.29434,40.92252,313.57,0.51,0.66,2025-06-25,7,N,VIIRS,n,2,293.97,1.65,N,0
37.29521,40.91998,308.19,0.51,0.66,2025-06-25,7,N,VIIRS,n,2,293.87,3.88,N,0
37.29598,40.91685,307.64,0.51,0.66,2025-06-25,7,N,VIIRS,n,2,294.21,1.65,N,0
37.29648,37.15892,302.97,0.33,0.55,2025-06-25,7,N,VIIRS,n,2,292.74,0.64,N,2
37.30578,39.66963,301.81,0.44,0.63,2025-06-25,7,N,VIIRS,n,2,291.32,0.53,N,0
37.3501,37.16109,307.77,0.33,0.55,2025-06-25,7,N,VIIRS,n,2,294.58,1.12,N,2
37.44177,37.51829,333.23,0.34,0.56,2025-06-25,7,N,VIIRS,n,2,292.54,2.37,N,0
37.44276,37.51439,322.3,0.34,0.56,2025-06-25,7,N,VIIRS,n,2,291.43,2.37,N,0
37.44326,37.5169,348.57,0.34,0.56,2025-06-25,7,N,VIIRS,n,2,293.4,4.38,N,0
37.59564,38.10909,310.7,0.36,0.58,2025-06-25,7,N,VIIRS,n,2,287.79,1.61,N,0
37.59663,38.10532,309.28,0.36,0.58,2025-06-25,7,N,VIIRS,n,2,287.26,1.15,N,0
37.60175,38.10738,314.65,0.36,0.58,2025-06-25,7,N,VIIRS,n,2,287.55,1.15,N,0
37.60276,38.10351,302.07,0.36,0.57,2025-06-25,7,N,VIIRS,n,2,288.25,1.15,N,0
37.69666,38.08657,303.62,0.36,0.57,2025-06-25,7,N,VIIRS,n,2,292.95,0.59,N,2
37.78467,39.10088,299.43,0.4,0.6,2025-06-25,7,N,VIIRS,n,2,288.51,0.37,N,0
37.80156,39.05887,334.08,0.4,0.6,2025-06-25,7,N,VIIRS,n,2,290.46,2.96,N,0
37.80182,39.05939,334.38,0.4,0.6,2025-06-25,7,N,VIIRS,n,2,289.96,3.57,N,0
37.8991,30.4935,303.92,0.46,0.39,2025-06-25,7,N,VIIRS,n,2,290.23,1.02,N,2
38.09511,29.97468,300.04,0.44,0.38,2025-06-25,7,N,VIIRS,n,2,284.4,0.93,N,0
38.32133,26.06029,308.96,0.39,0.36,2025-06-25,7,N,VIIRS,n,2,295.5,1.28,N,0
38.32464,26.0611,306.55,0.39,0.36,2025-06-25,7,N,VIIRS,n,2,295.74,1.48,N,0
38.35052,26.00363,315.63,0.39,0.36,2025-06-25,7,N,VIIRS,n,2,293.93,2.32,N,0
38.35122,25.99913,330.64,0.39,0.36,2025-06-25,7,N,VIIRS,n,2,294.53,4.87,N,0
38.35328,26.00213,344.67,0.39,0.36,2025-06-25,7,N,VIIRS,n,2,315.34,13.54,N,0
38.35591,26.00743,322.87,0.39,0.36,2025-06-25,7,N,VIIRS,n,2,294.77,13.54,N,0
38.35658,26.00295,316.72,0.39,0.36,2025-06-25,7,N,VIIRS,n,2,295.97,13.54,N,0
38.35921,26.00821,330.23,0.39,0.36,2025-06-25,7,N,VIIRS,n,2,296.67,2.84,N,0
38.42796,27.21793,316.07,0.39,0.36,2025-06-25,7,N,VIIRS,n,2,297.35,1.33,N,2
38.45357,38.72591,307.7,0.37,0.58,2025-06-25,7,N,VIIRS,n,2,291.64,1.02,N,2
38.4552,27.26159,307.82,0.39,0.36,2025-06-25,7,N,VIIRS,n,2,296.74,1.04,N,2
38.73704,26.94713,315.89,0.38,0.36,2025-06-25,7,N,VIIRS,n,2,299.54,1.08,N,2
38.73983,26.92959,323.11,0.38,0.36,2025-06-25,7,N,VIIRS,n,2,299.11,2.23,N,2
38.74033,26.94798,309.54,0.38,0.36,2025-06-25,7,N,VIIRS,n,2,296.2,1.08,N,2
38.74362,26.94884,309.46,0.38,0.36,2025-06-25,7,N,VIIRS,n,2,297.62,1.9,N,2
38.74957,26.94796,306.63,0.38,0.36,2025-06-25,7,N,VIIRS,n,2,294.9,0.96,N,2
38.75057,27.55782,309.42,0.39,0.36,2025-06-25,7,N,VIIRS,n,2,289.96,0.79,N,0
38.78994,26.93101,306.16,0.38,0.36,2025-06-25,7,N,VIIRS,n,2,295.11,0.87,N,0
38.79063,26.92661,306.07,0.38,0.36,2025-06-25,7,N,VIIRS,n,2,294.17,0.98,N,0
38.89256,27.85102,310.92,0.39,0.36,2025-06-25,7,N,VIIRS,n,2,291.79,0.6,N,0
39.03157,33.75429,312.83,0.4,0.44,2025-06-25,7,N,VIIRS,n,2,286.14,0.95,N,0
39.09155,27.51388,310.52,0.39,0.36,2025-06-25,7,N,VIIRS,n,2,292.37,1.06,N,0
39.16703,27.63342,306.54,0.39,0.36,2025-06-25,7,N,VIIRS,n,2,292.96,1.11,N,2
39.48322,30.0392,297.68,0.43,0.38,2025-06-25,7,N,VIIRS,n,2,283.88,0.92,N,2
39.48665,30.04022,304.07,0.43,0.38,2025-06-25,7,N,VIIRS,n,2,287.35,0.92,N,2
39.8371,30.30224,300.52,0.43,0.38,2025-06-25,7,N,VIIRS,n,2,287.7,0.63,N,2
39.86652,26.24488,333.69,0.39,0.36,2025-06-25,7,N,VIIRS,n,2,298.19,3.36,N,2
39.94552,33.19029,298.86,0.55,0.43,2025-06-25,7,N,VIIRS,n,2,288.42,0.92,N,2
39.95091,32.84943,300.87,0.53,0.42,2025-06-25,7,N,VIIRS,n,2,289.8,0.53,N,0
40.05018,32.65244,298.66,0.52,0.41,2025-06-25,7,N,VIIRS,n,2,288.34,0.8,N,2
40.24262,29.92524,303.85,0.41,0.37,2025-06-25,7,N,VIIRS,n,2,290.02,0.99,N,2
40.75668,29.76087,302.48,0.41,0.37,2025-06-25,7,N,VIIRS,n,2,292.22,0.77,N,2
40.75831,31.78326,296.39,0.47,0.39,2025-06-25,7,N,VIIRS,n,2,284.64,1.11,N,2
40.76401,32.21831,296.53,0.48,0.4,2025-06-25,7,N,VIIRS,n,2,281.32,0.96,N,2
40.78103,29.60326,312.33,0.4,0.37,2025-06-25,7,N,VIIRS,n,2,295.92,1.49,N,2
40.80472,29.3678,313.82,0.4,0.37,2025-06-25,7,N,VIIRS,n,2,294.26,1.53,N,0
41.02137,28.55677,325.33,0.39,0.36,2025-06-25,7,N,VIIRS,n,2,295.45,1.61,N,2
36.26457,33.73074,311.09,0.46,0.47,2025-06-25,8,N,VIIRS,n,2,299.47,2.77,N,2
37.2537,30.44521,312.06,0.47,0.4,2025-06-25,8,N,VIIRS,n,2,291.58,1.09,N,2
37.25416,30.44213,312.14,0.47,0.39,2025-06-25,8,N,VIIRS,n,2,292.44,1.77,N,2
37.7723,27.44047,306.8,0.39,0.36,2025-06-25,8,N,VIIRS,n,2,295.33,0.77,N,2
35.99839,38.03405,352.81,0.32,0.55,2025-06-25,947,N,VIIRS,n,2,318.99,13.86,D,0
35.99936,38.03468,350.19,0.32,0.55,2025-06-25,947,N,VIIRS,n,2,319.31,12.49,D,0
36.22785,38.98776,354.05,0.57,0.52,2025-06-25,947,N,VIIRS,n,2,320.55,9.52,D,0
36.22787,38.98596,346.68,0.57,0.52,2025-06-25,947,N,VIIRS,n,2,320.81,12.7,D,0
37.04196,43.51441,356.49,0.49,0.4,2025-06-25,947,N,VIIRS,n,2,326.41,33.47,D,0
37.04551,43.51276,367.0,0.49,0.4,2025-06-25,947,N,VIIRS,h,2,318.88,33.47,D,0
37.05242,43.56824,348.92,0.49,0.4,2025-06-25,947,N,VIIRS,n,2,318.24,7.62,D,0
37.05602,43.56688,349.68,0.49,0.4,2025-06-25,947,N,VIIRS,n,2,315.9,7.62,D,0
37.08981,43.54208,348.05,0.49,0.4,2025-06-25,947,N,VIIRS,n,2,316.68,12.17,D,0
36.88025,38.49416,343.6,0.58,0.52,2025-06-25,948,N,VIIRS,n,2,317.12,11.93,D,0
36.96149,39.55633,367.0,0.51,0.49,2025-06-25,948,N,VIIRS,h,2,343.27,25.84,D,0
36.97663,39.53893,357.02,0.51,0.49,2025-06-25,948,N,VIIRS,n,2,325.37,11.24,D,0
37.04668,37.12711,367.0,0.34,0.56,2025-06-25,948,N,VIIRS,h,2,326.04,9.61,D,0
37.07384,40.43374,353.16,0.46,0.47,2025-06-25,948,N,VIIRS,n,2,325.37,9.79,D,0
37.17835,36.07785,332.24,0.38,0.59,2025-06-25,948,N,VIIRS,n,2,305.01,1.91,D,0
37.18614,40.29946,367.0,0.46,0.47,2025-06-25,948,N,VIIRS,h,2,330.31,2.64,D,0
37.36191,36.94387,345.68,0.34,0.56,2025-06-25,948,N,VIIRS,n,2,319.65,4.44,D,0
37.68179,38.25585,367.0,0.57,0.52,2025-06-25,948,N,VIIRS,h,2,331.88,70.45,D,0
38.26464,31.84033,348.47,0.58,0.7,2025-06-25,948,N,VIIRS,n,2,311.47,7.88,D,0
39.92926,41.1694,340.11,0.55,0.43,2025-06-25,948,N,VIIRS,n,2,310.08,5.16,D,0
40.85461,35.48098,332.93,0.33,0.55,2025-06-25,949,N,VIIRS,n,2,307.46,0.93,D,0
42.11641,43.01669,341.26,0.43,0.38,2025-06-25,949,N,VIIRS,n,2,309.52,7.02,D,2
35.58884,36.35773,345.59,0.48,0.64,2025-06-25,1128,N,VIIRS,n,2,316.15,9.79,D,0
35.92445,37.04201,354.93,0.52,0.67,2025-06-25,1128,N,VIIRS,n,2,316.13,7.9,D,0
36.13091,37.34689,344.98,0.55,0.68,2025-06-25,1128,N,VIIRS,n,2,314.73,3.12,D,0
36.50838,39.0258,351.9,0.68,0.74,2025-06-25,1128,N,VIIRS,n,2,315.69,9.59,D,0
36.68445,39.15965,349.52,0.69,0.74,2025-06-25,1128,N,VIIRS,n,2,315.14,5.48,D,0
36.6891,39.15744,367.0,0.69,0.74,2025-06-25,1128,N,VIIRS,h,2,311.53,13.74,D,0
36.74186,39.58064,343.41,0.73,0.76,2025-06-25,1128,N,VIIRS,n,2,316.83,7.62,D,0
36.74196,39.58918,367.0,0.73,0.76,2025-06-25,1128,N,VIIRS,h,2,316.97,7.62,D,0
36.74603,39.58855,367.0,0.73,0.76,2025-06-25,1128,N,VIIRS,h,2,321.86,34.66,D,0
36.74901,39.58046,343.74,0.73,0.76,2025-06-25,1128,N,VIIRS,n,2,317.27,20.41,D,0
36.7491,39.58904,367.0,0.73,0.76,2025-06-25,1128,N,VIIRS,h,2,321.07,20.41,D,0
36.75318,39.58844,367.0,0.73,0.76,2025-06-25,1128,N,VIIRS,h,2,323.91,34.66,D,0
36.75625,39.58889,367.0,0.73,0.76,2025-06-25,1128,N,VIIRS,h,2,326.13,20.41,D,0
36.76032,39.58831,367.0,0.73,0.76,2025-06-25,1128,N,VIIRS,h,2,321.99,25.96,D,0
36.88216,39.09824,351.86,0.69,0.74,2025-06-25,1128,N,VIIRS,n,2,315.15,12.78,D,0
36.88702,39.09633,367.0,0.69,0.74,2025-06-25,1128,N,VIIRS,h,2,316.99,12.96,D,0
38.22978,28.2691,350.18,0.56,0.43,2025-06-25,1129,N,VIIRS,n,2,321.66,23.4,D,0
38.59281,26.88329,348.08,0.49,0.4,2025-06-25,1129,N,VIIRS,n,2,317.39,8.83,D,0
38.6272,38.46134,367.0,0.65,0.73,2025-06-25,1129,N,VIIRS,h,2,316.92,13.7,D,0
38.62814,38.46068,367.0,0.65,0.73,2025-06-25,1129,N,VIIRS,h,2,315.25,11.82,D,0
38.69846,26.94397,354.59,0.49,0.4,2025-06-25,1129,N,VIIRS,n,2,318.98,173.95,D,0
38.69906,26.94171,367.0,0.49,0.4,2025-06-25,1129,N,VIIRS,h,2,344.91,148.53,D,0
38.6997,26.9475,345.99,0.49,0.4,2025-06-25,1129,N,VIIRS,n,2,310.54,120.75,D,0
38.7015,26.9374,367.0,0.49,0.4,2025-06-25,1129,N,VIIRS,h,2,355.42,83.46,D,0
38.70214,26.93516,367.0,0.49,0.4,2025-06-25,1129,N,VIIRS,h,2,349.05,148.53,D,0
38.70216,26.94308,367.0,0.49,0.4,2025-06-25,1129,N,VIIRS,h,2,372.42,173.95,D,0
38.70277,26.94084,367.0,0.49,0.4,2025-06-25,1129,N,VIIRS,h,2,372.07,148.53,D,0
38.70284,26.94891,344.75,0.49,0.4,2025-06-25,1129,N,VIIRS,n,2,312.57,173.95,D,0
38.70341,26.94662,351.47,0.49,0.4,2025-06-25,1129,N,VIIRS,n,2,323.6,120.75,D,0
38.70585,26.93433,367.0,0.49,0.4,2025-06-25,1129,N,VIIRS,h,2,360.16,185.75,D,0
38.70649,26.94004,367.0,0.49,0.4,2025-06-25,1129,N,VIIRS,h,2,361.47,185.75,D,0
38.7102,26.93925,367.0,0.49,0.4,2025-06-25,1129,N,VIIRS,h,2,355.71,185.75,D,0
38.71084,26.94503,349.82,0.49,0.4,2025-06-25,1129,N,VIIRS,n,2,323.34,193.74,D,0
38.71393,26.93857,367.0,0.49,0.4,2025-06-25,1129,N,VIIRS,h,2,350.01,57.52,D,0
38.73617,34.84334,355.92,0.42,0.61,2025-06-25,1129,N,VIIRS,n,2,316.41,7.49,D,0
38.78795,26.92018,348.23,0.49,0.4,2025-06-25,1129,N,VIIRS,n,2,320.06,20.14,D,0
39.34845,36.41203,339.58,0.51,0.66,2025-06-25,1129,N,VIIRS,n,2,310.33,2.96,D,0
39.56116,26.95492,341.39,0.5,0.41,2025-06-25,1129,N,VIIRS,n,2,312.79,2.41,D,0
40.11119,29.55989,341.77,0.45,0.47,2025-06-25,1129,N,VIIRS,n,2,312.75,3.47,D,0
40.14935,27.93287,335.98,0.56,0.43,2025-06-25,1129,N,VIIRS,n,2,304.43,4.79,D,0
40.82413,29.46462,343.64,0.45,0.47,2025-06-25,1130,N,VIIRS,n,2,311.52,1.61,D,0
41.14385,26.98833,340.69,0.52,0.42,2025-06-25,1130,N,VIIRS,n,2,309.27,5.25,D,0
41.52573,26.88813,345.74,0.52,0.42,2025-06-25,1130,N,VIIRS,n,2,313.1,6.9,D,0
41.93629,26.5048,339.45,0.51,0.41,2025-06-25,1130,N,VIIRS,n,2,309.2,5.04,D,0
42.11686,43.01508,297.57,0.51,0.66,2025-06-25,2206,N,VIIRS,n,2,286.46,0.85,N,2
42.12326,43.00898,318.77,0.51,0.66,2025-06-25,2206,N,VIIRS,n,2,286.36,2.2,N,2
37.90652,42.69626,311.78,0.51,0.66,2025-06-25,2207,N,VIIRS,n,2,286.12,0.65,N,0
37.90781,42.69737,306.14,0.5,0.66,2025-06-25,2207,N,VIIRS,n,2,286.04,1.65,N,0
38.21349,39.39314,315.23,0.76,0.77,2025-06-25,2207,N,VIIRS,n,2,295.25,3.99,N,0
38.21431,39.3891,313.71,0.76,0.77,2025-06-25,2207,N,VIIRS,n,2,294.4,4.44,N,0
38.22078,39.38989,312.41,0.76,0.77,2025-06-25,2207,N,VIIRS,n,2,293.96,4.07,N,0
38.22092,39.37827,317.28,0.76,0.77,2025-06-25,2207,N,VIIRS,n,2,292.9,5.36,N,0
38.22153,39.39412,313.43,0.76,0.77,2025-06-25,2207,N,VIIRS,n,2,294.27,3.04,N,0
38.2216,39.38447,322.14,0.76,0.77,2025-06-25,2207,N,VIIRS,n,2,293.46,6.89,N,0
38.22788,39.40155,311.11,0.76,0.77,2025-06-25,2207,N,VIIRS,n,2,293.8,4.07,N,0
38.22876,39.39823,311.07,0.76,0.77,2025-06-25,2207,N,VIIRS,n,2,293.13,3.04,N,0
38.65062,39.77293,304.73,0.73,0.76,2025-06-25,2207,N,VIIRS,n,2,286.22,2.2,N,2
38.6507,39.7642,306.21,0.73,0.76,2025-06-25,2207,N,VIIRS,n,2,288.19,2.19,N,0
39.58621,43.90094,297.77,0.45,0.63,2025-06-25,2207,N,VIIRS,n,2,283.76,1.0,N,0
35.52405,44.34539,323.65,0.39,0.59,2025-06-25,2208,N,VIIRS,n,2,299.64,4.07,N,2
35.52431,44.34089,347.66,0.39,0.59,2025-06-25,2208,N,VIIRS,n,2,300.99,4.07,N,2
35.52539,44.34468,348.59,0.39,0.59,2025-06-25,2208,N,VIIRS,n,2,301.08,4.94,N,2
35.52567,44.34018,335.84,0.39,0.59,2025-06-25,2208,N,VIIRS,n,2,300.8,6.35,N,2
35.52984,44.34152,335.16,0.39,0.59,2025-06-25,2208,N,VIIRS,n,2,300.43,4.07,N,2
35.5301,44.33703,367.0,0.39,0.59,2025-06-25,2208,N,VIIRS,h,2,302.99,14.31,N,2
35.5312,44.3408,355.18,0.39,0.59,2025-06-25,2208,N,VIIRS,n,2,301.21,4.22,N,2
35.53148,44.33633,350.15,0.39,0.59,2025-06-25,2208,N,VIIRS,n,2,301.16,4.22,N,2
35.53563,44.33773,326.24,0.39,0.59,2025-06-25,2208,N,VIIRS,n,2,300.22,2.25,N,2
35.53588,44.33327,310.88,0.39,0.59,2025-06-25,2208,N,VIIRS,n,2,300.13,2.25,N,2
35.53701,44.33702,318.82,0.39,0.59,2025-06-25,2208,N,VIIRS,n,2,300.5,4.22,N,2
35.62778,44.00813,367.0,0.41,0.6,2025-06-25,2208,N,VIIRS,h,2,307.29,17.26,N,2
35.65877,43.96464,327.79,0.41,0.61,2025-06-25,2208,N,VIIRS,n,2,298.6,5.77,N,2
35.66124,43.96654,336.09,0.41,0.61,2025-06-25,2208,N,VIIRS,n,2,299.74,8.85,N,2
35.66149,43.96189,367.0,0.41,0.61,2025-06-25,2208,N,VIIRS,h,2,302.37,14.95,N,2
35.66442,43.96525,367.0,0.41,0.61,2025-06-25,2208,N,VIIRS,h,2,303.68,5.77,N,2
35.6647,43.96062,317.25,0.41,0.61,2025-06-25,2208,N,VIIRS,n,2,298.03,5.77,N,2
35.67855,44.06548,313.99,0.41,0.6,2025-06-25,2208,N,VIIRS,n,2,301.11,1.86,N,2
35.68111,43.87708,333.83,0.42,0.61,2025-06-25,2208,N,VIIRS,n,2,297.32,5.38,N,2
35.68139,43.87238,319.8,0.42,0.61,2025-06-25,2208,N,VIIRS,n,2,297.27,6.06,N,2
35.68306,43.87892,338.09,0.42,0.61,2025-06-25,2208,N,VIIRS,n,2,298.58,23.42,N,2
35.68331,43.87423,367.0,0.42,0.61,2025-06-25,2208,N,VIIRS,h,2,308.56,23.42,N,2
35.68357,43.86948,307.27,0.42,0.61,2025-06-25,2208,N,VIIRS,n,2,296.94,19.08,N,2
35.689,43.87484,330.21,0.42,0.61,2025-06-25,2208,N,VIIRS,n,2,299.07,3.68,N,2
35.72542,44.03877,356.27,0.41,0.6,2025-06-25,2208,N,VIIRS,n,2,302.44,7.74,N,2
35.73159,44.03011,314.99,0.41,0.6,2025-06-25,2208,N,VIIRS,n,2,300.04,6.61,N,2
35.76983,43.99292,323.88,0.41,0.61,2025-06-25,2208,N,VIIRS,n,2,299.45,4.04,N,2
35.77331,43.99742,318.73,0.41,0.61,2025-06-25,2208,N,VIIRS,n,2,299.66,3.62,N,2
35.77359,43.99265,324.04,0.41,0.61,2025-06-25,2208,N,VIIRS,n,2,299.8,4.43,N,2
35.77548,43.99366,327.17,0.41,0.61,2025-06-25,2208,N,VIIRS,n,2,299.62,3.61,N,2
35.95225,43.72597,311.92,0.43,0.62,2025-06-25,2208,N,VIIRS,n,2,297.6,2.29,N,2
35.96759,43.76216,314.22,0.42,0.61,2025-06-25,2208,N,VIIRS,n,2,298.33,5.26,N,2
35.97884,43.76718,322.65,0.42,0.61,2025-06-25,2208,N,VIIRS,n,2,298.36,4.1,N,2
35.97932,43.76751,324.8,0.42,0.61,2025-06-25,2208,N,VIIRS,n,2,298.47,3.6,N,2
35.99664,43.75862,314.02,0.42,0.61,2025-06-25,2208,N,VIIRS,n,2,297.56,1.79,N,2
35.99706,43.759,318.71,0.42,0.61,2025-06-25,2208,N,VIIRS,n,2,297.27,1.56,N,2
36.01836,43.68216,311.65,0.43,0.62,2025-06-25,2208,N,VIIRS,n,2,297.25,1.82,N,2
36.08884,43.96995,311.22,0.41,0.61,2025-06-25,2208,N,VIIRS,n,2,298.47,1.91,N,0
36.09665,43.63,308.04,0.43,0.62,2025-06-25,2208,N,VIIRS,n,2,292.64,1.09,N,0
36.09671,43.62858,307.72,0.43,0.62,2025-06-25,2208,N,VIIRS,n,2,292.37,0.72,N,0
36.12892,40.80625,305.88,0.62,0.71,2025-06-25,2208,N,VIIRS,n,2,292.68,1.35,N,2
36.13111,40.81073,303.95,0.62,0.71,2025-06-25,2208,N,VIIRS,n,2,293.74,1.88,N,2
36.14454,40.81099,311.84,0.62,0.71,2025-06-25,2208,N,VIIRS,n,2,292.93,1.77,N,2
36.44022,42.9276,312.66,0.48,0.64,2025-06-25,2208,N,VIIRS,n,2,298.02,2.14,N,2
36.44111,42.93003,312.88,0.48,0.64,2025-06-25,2208,N,VIIRS,n,2,298.66,2.02,N,2
36.45848,42.66713,310.63,0.49,0.65,2025-06-25,2208,N,VIIRS,n,2,295.04,1.17,N,2
36.65899,44.38646,313.89,0.4,0.6,2025-06-25,2208,N,VIIRS,n,2,298.9,4.02,N,0
36.74695,43.49769,310.27,0.45,0.63,2025-06-25,2208,N,VIIRS,n,2,297.14,2.38,N,2
36.74834,43.49674,314.12,0.45,0.63,2025-06-25,2208,N,VIIRS,n,2,297.84,2.96,N,2
36.77276,43.32341,320.73,0.46,0.63,2025-06-25,2208,N,VIIRS,n,2,293.85,3.47,N,2
36.77861,43.32547,331.41,0.46,0.63,2025-06-25,2208,N,VIIRS,n,2,297.03,3.47,N,2
36.78255,39.4226,337.55,0.74,0.76,2025-06-25,2208,N,VIIRS,n,2,295.27,7.97,N,0
36.78271,39.41392,322.82,0.74,0.76,2025-06-25,2208,N,VIIRS,n,2,294.87,9.21,N,0
36.78431,39.41816,352.27,0.74,0.76,2025-06-25,2208,N,VIIRS,n,2,296.99,11.12,N,0
36.86161,39.06801,345.17,0.78,0.78,2025-06-25,2208,N,VIIRS,n,2,293.97,5.97,N,0
36.8619,39.06445,350.96,0.78,0.78,2025-06-25,2208,N,VIIRS,n,2,294.49,7.37,N,0
36.86777,43.51799,308.67,0.45,0.63,2025-06-25,2208,N,VIIRS,n,2,294.33,1.37,N,0
36.86893,39.06825,322.61,0.78,0.78,2025-06-25,2208,N,VIIRS,n,2,293.98,5.97,N,0
36.86919,43.48771,322.04,0.45,0.63,2025-06-25,2208,N,VIIRS,n,2,295.2,2.93,N,2
36.86923,39.06475,314.85,0.78,0.78,2025-06-25,2208,N,VIIRS,n,2,293.53,7.37,N,0
36.86942,43.48277,306.97,0.45,0.63,2025-06-25,2208,N,VIIRS,n,2,293.8,2.73,N,2
36.88974,43.4277,319.06,0.45,0.63,2025-06-25,2208,N,VIIRS,n,2,292.52,3.52,N,2
36.89093,39.09315,304.09,0.78,0.78,2025-06-25,2208,N,VIIRS,n,2,291.86,0.72,N,0
36.8919,38.9915,300.49,0.79,0.78,2025-06-25,2208,N,VIIRS,n,2,289.59,1.18,N,0
36.89198,38.98223,301.26,0.79,0.78,2025-06-25,2208,N,VIIRS,n,2,289.9,1.18,N,0
36.89209,38.98568,311.23,0.79,0.78,2025-06-25,2208,N,VIIRS,n,2,290.28,1.7,N,0
36.89933,38.98246,300.59,0.79,0.78,2025-06-25,2208,N,VIIRS,n,2,290.12,1.18,N,0
36.89945,38.98585,304.64,0.79,0.78,2025-06-25,2208,N,VIIRS,n,2,290.1,1.7,N,0
36.90373,43.38237,309.0,0.45,0.63,2025-06-25,2208,N,VIIRS,n,2,292.79,2.76,N,2
36.90964,43.38265,318.34,0.45,0.63,2025-06-25,2208,N,VIIRS,n,2,292.87,3.57,N,2
36.91291,41.89334,313.75,0.55,0.68,2025-06-25,2208,N,VIIRS,n,2,294.39,0.88,N,2
36.91396,41.89479,309.85,0.55,0.68,2025-06-25,2208,N,VIIRS,n,2,294.36,1.02,N,2
36.93481,39.06545,315.04,0.78,0.78,2025-06-25,2208,N,VIIRS,n,2,292.3,13.23,N,0
36.93515,39.06688,319.38,0.78,0.78,2025-06-25,2208,N,VIIRS,n,2,292.17,22.85,N,0
36.93768,42.13108,323.19,0.53,0.67,2025-06-25,2208,N,VIIRS,n,2,295.48,1.77,N,2
36.94207,39.07495,307.0,0.78,0.78,2025-06-25,2208,N,VIIRS,n,2,291.73,13.23,N,0
36.94214,39.0657,367.0,0.78,0.78,2025-06-25,2208,N,VIIRS,h,2,299.37,13.23,N,0
36.94247,39.0671,367.0,0.78,0.78,2025-06-25,2208,N,VIIRS,h,2,299.46,22.85,N,0
36.94251,39.01024,310.1,0.78,0.78,2025-06-25,2208,N,VIIRS,n,2,291.6,1.64,N,0
36.94266,42.16783,322.52,0.53,0.67,2025-06-25,2208,N,VIIRS,n,2,294.77,3.14,N,2
36.94312,39.01169,307.63,0.78,0.78,2025-06-25,2208,N,VIIRS,n,2,291.52,2.8,N,0
36.94399,42.13153,313.68,0.53,0.67,2025-06-25,2208,N,VIIRS,n,2,294.56,1.77,N,2
36.95029,42.1319,308.49,0.53,0.67,2025-06-25,2208,N,VIIRS,n,2,294.81,0.76,N,2
36.96478,42.08229,308.3,0.53,0.67,2025-06-25,2208,N,VIIRS,n,2,295.22,0.88,N,2
36.99342,39.06751,308.05,0.78,0.78,2025-06-25,2208,N,VIIRS,n,2,291.43,1.16,N,0
36.99373,39.06863,306.98,0.78,0.78,2025-06-25,2208,N,VIIRS,n,2,291.15,1.65,N,0
37.02507,40.24823,304.27,0.67,0.74,2025-06-25,2208,N,VIIRS,n,2,292.19,1.15,N,0
37.0703,40.38352,304.28,0.66,0.73,2025-06-25,2208,N,VIIRS,n,2,291.82,1.77,N,0
37.07045,40.38154,306.1,0.66,0.73,2025-06-25,2208,N,VIIRS,n,2,292.26,0.68,N,0
37.07554,42.55456,317.39,0.5,0.66,2025-06-25,2208,N,VIIRS,n,2,295.15,2.95,N,2
37.08003,42.55532,319.81,0.51,0.66,2025-06-25,2208,N,VIIRS,n,2,296.54,3.13,N,2
37.08577,40.30475,329.12,0.67,0.74,2025-06-25,2208,N,VIIRS,n,2,292.79,3.67,N,0
37.08685,43.54746,304.27,0.45,0.63,2025-06-25,2208,N,VIIRS,n,2,294.16,1.82,N,0
37.09269,40.30509,316.28,0.67,0.74,2025-06-25,2208,N,VIIRS,n,2,291.28,1.8,N,0
37.21265,42.28043,312.22,0.52,0.67,2025-06-25,2208,N,VIIRS,n,2,292.24,1.15,N,0
37.21532,42.28075,312.97,0.52,0.67,2025-06-25,2208,N,VIIRS,n,2,292.37,1.19,N,0
37.2169,40.26715,314.8,0.67,0.74,2025-06-25,2208,N,VIIRS,n,2,296.68,3.69,N,0
37.22826,40.04227,307.34,0.69,0.74,2025-06-25,2208,N,VIIRS,n,2,294.89,2.55,N,0
37.23339,40.03997,307.47,0.69,0.74,2025-06-25,2208,N,VIIRS,n,2,294.75,1.61,N,0
37.23672,39.53121,312.0,0.74,0.76,2025-06-25,2208,N,VIIRS,n,2,290.89,1.87,N,0
37.2392,39.537,306.33,0.74,0.76,2025-06-25,2208,N,VIIRS,n,2,291.23,1.28,N,0
37.23928,39.52809,303.91,0.74,0.76,2025-06-25,2208,N,VIIRS,n,2,290.48,1.28,N,0
37.24005,40.74772,316.62,0.63,0.72,2025-06-25,2208,N,VIIRS,n,2,295.07,5.54,N,0
37.24024,40.74016,328.15,0.63,0.72,2025-06-25,2208,N,VIIRS,n,2,295.74,7.49,N,0
37.24194,40.74612,330.67,0.63,0.72,2025-06-25,2208,N,VIIRS,n,2,296.0,4.54,N,0
37.2421,40.73854,314.52,0.64,0.72,2025-06-25,2208,N,VIIRS,n,2,295.68,4.54,N,0
37.2426,39.61704,301.78,0.73,0.76,2025-06-25,2208,N,VIIRS,n,2,291.39,0.79,N,0
37.25107,39.53202,301.05,0.74,0.76,2025-06-25,2208,N,VIIRS,n,2,290.31,0.47,N,0
37.27232,39.54973,306.7,0.74,0.76,2025-06-25,2208,N,VIIRS,n,2,291.32,1.1,N,0
37.27498,39.54684,308.17,0.74,0.76,2025-06-25,2208,N,VIIRS,n,2,291.57,0.76,N,0
37.31599,39.69604,330.18,0.72,0.76,2025-06-25,2208,N,VIIRS,n,2,296.06,5.62,N,0
37.40026,39.76341,307.31,0.72,0.75,2025-06-25,2208,N,VIIRS,n,2,295.0,1.83,N,0
37.40342,39.75901,330.93,0.72,0.76,2025-06-25,2208,N,VIIRS,n,2,295.51,5.23,N,0
37.47397,39.46699,306.08,0.75,0.77,2025-06-25,2208,N,VIIRS,n,2,293.55,5.04,N,0
37.47406,39.45786,326.72,0.75,0.77,2025-06-25,2208,N,VIIRS,n,2,294.6,10.27,N,0
37.47917,39.46594,334.29,0.75,0.77,2025-06-25,2208,N,VIIRS,n,2,293.78,11.49,N,0
37.47931,39.4567,352.19,0.75,0.77,2025-06-25,2208,N,VIIRS,n,2,296.24,11.49,N,0
37.48118,39.46743,310.68,0.75,0.77,2025-06-25,2208,N,VIIRS,n,2,293.29,5.04,N,0
37.48127,39.45822,351.2,0.75,0.77,2025-06-25,2208,N,VIIRS,n,2,296.11,10.27,N,0
41.10701,37.32328,298.97,0.49,0.4,2025-06-25,2347,N,VIIRS,n,2,288.87,0.7,N,2
41.24057,36.46264,300.67,0.46,0.39,2025-06-25,2347,N,VIIRS,n,2,286.91,1.57,N,2
41.24409,36.46385,319.84,0.46,0.39,2025-06-25,2347,N,VIIRS,n,2,291.75,1.57,N,2
41.91884,44.41561,297.48,0.33,0.56,2025-06-25,2347,N,VIIRS,n,2,285.58,0.4,N,0
35.52317,44.34351,329.43,0.49,0.65,2025-06-25,2348,N,VIIRS,n,2,298.46,6.04,N,2
35.52448,44.34438,341.7,0.49,0.65,2025-06-25,2348,N,VIIRS,n,2,299.45,8.02,N,2
35.52594,44.33924,330.36,0.49,0.65,2025-06-25,2348,N,VIIRS,n,2,299.38,6.31,N,2
35.53174,44.34153,341.4,0.49,0.65,2025-06-25,2348,N,VIIRS,n,2,299.9,6.31,N,2
35.53322,44.33632,339.19,0.49,0.65,2025-06-25,2348,N,VIIRS,n,2,300.38,6.31,N,2
35.6252,44.00972,326.53,0.47,0.64,2025-06-25,2348,N,VIIRS,n,2,297.3,6.77,N,2
35.62658,44.00479,342.85,0.47,0.64,2025-06-25,2348,N,VIIRS,n,2,298.6,9.5,N,2
35.63082,44.01223,337.87,0.47,0.64,2025-06-25,2348,N,VIIRS,n,2,298.58,11.3,N,2
35.6322,44.00731,367.0,0.47,0.64,2025-06-25,2348,N,VIIRS,h,2,302.79,19.51,N,2
35.66188,43.96881,311.98,0.46,0.64,2025-06-25,2348,N,VIIRS,n,2,298.37,7.37,N,2
35.66328,43.96376,367.0,0.46,0.64,2025-06-25,2348,N,VIIRS,h,2,303.08,15.93,N,2
35.67709,44.06675,312.84,0.47,0.64,2025-06-25,2348,N,VIIRS,n,2,299.86,3.73,N,2
35.67906,44.0664,314.84,0.47,0.64,2025-06-25,2348,N,VIIRS,n,2,300.03,3.67,N,2
35.68103,43.87723,336.56,0.46,0.63,2025-06-25,2348,N,VIIRS,n,2,297.06,16.1,N,2
35.68241,43.87224,331.26,0.46,0.63,2025-06-25,2348,N,VIIRS,n,2,296.67,21.69,N,2
35.68667,43.8795,343.35,0.46,0.63,2025-06-25,2348,N,VIIRS,n,2,300.95,16.1,N,2
35.68805,43.8745,367.0,0.46,0.63,2025-06-25,2348,N,VIIRS,h,2,301.41,21.69,N,2
35.72277,44.03952,345.45,0.47,0.64,2025-06-25,2348,N,VIIRS,n,2,301.19,4.55,N,2
35.72851,44.0416,314.12,0.47,0.64,2025-06-25,2348,N,VIIRS,n,2,300.26,4.55,N,2
35.7313,44.03163,320.87,0.46,0.64,2025-06-25,2348,N,VIIRS,n,2,300.12,4.15,N,2
35.7723,43.99773,320.06,0.46,0.64,2025-06-25,2348,N,VIIRS,n,2,299.21,4.07,N,2
35.77366,43.99284,320.69,0.46,0.64,2025-06-25,2348,N,VIIRS,n,2,299.0,4.91,N,2
35.81288,43.25589,313.57,0.42,0.61,2025-06-25,2348,N,VIIRS,n,2,297.67,2.02,N,2
35.95243,43.72636,311.29,0.44,0.62,2025-06-25,2348,N,VIIRS,n,2,297.15,2.52,N,2
35.98326,43.77179,312.63,0.44,0.63,2025-06-25,2348,N,VIIRS,n,2,295.6,2.06,N,2
35.99822,43.76229,307.8,0.44,0.63,2025-06-25,2348,N,VIIRS,n,2,295.29,0.8,N,2
36.02021,43.68142,318.14,0.44,0.62,2025-06-25,2348,N,VIIRS,n,2,295.68,1.53,N,2
36.02105,43.68317,310.51,0.44,0.62,2025-06-25,2348,N,VIIRS,n,2,295.8,1.32,N,2
36.09667,43.63183,311.15,0.43,0.62,2025-06-25,2348,N,VIIRS,n,2,292.35,1.06,N,0
36.13131,40.80717,306.85,0.61,0.54,2025-06-25,2348,N,VIIRS,n,2,293.57,2.24,N,2
36.144,40.81937,314.16,0.61,0.54,2025-06-25,2348,N,VIIRS,n,2,293.33,2.46,N,2
36.34899,42.07558,314.29,0.35,0.57,2025-06-25,2348,N,VIIRS,n,2,300.03,1.74,N,2
36.44392,42.93105,309.83,0.39,0.59,2025-06-25,2348,N,VIIRS,n,2,298.07,1.13,N,2
36.4576,41.28113,310.44,0.32,0.54,2025-06-25,2348,N,VIIRS,n,2,293.26,0.69,N,2
36.46096,42.66849,304.89,0.38,0.59,2025-06-25,2348,N,VIIRS,n,2,293.93,1.08,N,0
36.7061,39.10851,304.89,0.48,0.48,2025-06-25,2348,N,VIIRS,n,2,289.4,1.82,N,0
36.74483,43.49987,312.58,0.41,0.61,2025-06-25,2348,N,VIIRS,n,2,296.57,2.01,N,2
36.74523,39.05971,300.23,0.48,0.48,2025-06-25,2348,N,VIIRS,n,2,289.0,0.37,N,0
36.74957,43.49839,314.47,0.41,0.61,2025-06-25,2348,N,VIIRS,n,2,298.68,3.51,N,2
36.75418,39.03714,299.32,0.48,0.48,2025-06-25,2348,N,VIIRS,n,2,289.29,0.69,N,0
36.75431,39.04016,313.95,0.48,0.48,2025-06-25,2348,N,VIIRS,n,2,289.3,0.96,N,0
36.7585,39.03867,317.13,0.48,0.48,2025-06-25,2348,N,VIIRS,n,2,290.31,1.71,N,0
36.76092,39.0282,300.5,0.48,0.48,2025-06-25,2348,N,VIIRS,n,2,290.36,0.88,N,0
36.77431,43.32304,349.33,0.4,0.6,2025-06-25,2348,N,VIIRS,n,2,295.3,3.45,N,2
36.77901,43.32574,317.16,0.4,0.6,2025-06-25,2348,N,VIIRS,n,2,295.86,2.31,N,2
36.77996,43.32406,312.08,0.4,0.6,2025-06-25,2348,N,VIIRS,n,2,297.12,3.45,N,2
36.78017,43.32152,317.74,0.4,0.6,2025-06-25,2348,N,VIIRS,n,2,296.76,2.89,N,2
36.78042,38.98415,323.86,0.48,0.48,2025-06-25,2348,N,VIIRS,n,2,291.35,2.58,N,0
36.86401,39.06027,303.21,0.48,0.48,2025-06-25,2348,N,VIIRS,n,2,292.64,1.47,N,0
36.86608,43.48742,303.36,0.41,0.6,2025-06-25,2348,N,VIIRS,n,2,293.31,1.44,N,2
36.86668,43.52156,307.99,0.41,0.61,2025-06-25,2348,N,VIIRS,n,2,294.36,1.46,N,0
36.8694,39.01693,317.88,0.47,0.48,2025-06-25,2348,N,VIIRS,n,2,292.89,3.21,N,0
36.86983,43.4882,327.71,0.41,0.6,2025-06-25,2348,N,VIIRS,n,2,296.19,3.46,N,2
36.87058,43.49289,317.72,0.41,0.6,2025-06-25,2348,N,VIIRS,n,2,294.86,1.44,N,2
36.87061,39.01171,337.63,0.47,0.48,2025-06-25,2348,N,VIIRS,n,2,291.54,4.36,N,0
36.87064,39.01622,338.09,0.48,0.48,2025-06-25,2348,N,VIIRS,n,2,293.27,3.49,N,0
36.87181,39.01099,304.82,0.47,0.48,2025-06-25,2348,N,VIIRS,n,2,290.02,3.49,N,0
36.87184,43.48819,307.93,0.41,0.6,2025-06-25,2348,N,VIIRS,n,2,294.96,1.44,N,2
36.8741,39.13773,301.9,0.48,0.48,2025-06-25,2348,N,VIIRS,n,2,290.28,0.41,N,0
36.87572,39.0701,310.31,0.48,0.48,2025-06-25,2348,N,VIIRS,n,2,292.84,1.71,N,0
36.87843,39.13926,301.49,0.48,0.48,2025-06-25,2348,N,VIIRS,n,2,290.05,0.41,N,0
36.88659,39.02302,299.91,0.47,0.48,2025-06-25,2348,N,VIIRS,n,2,287.85,0.45,N,0
36.89118,43.43193,331.18,0.4,0.6,2025-06-25,2348,N,VIIRS,n,2,292.55,2.02,N,2
36.89248,43.42717,303.71,0.4,0.6,2025-06-25,2348,N,VIIRS,n,2,291.49,2.02,N,2
36.89674,39.10029,308.14,0.48,0.48,2025-06-25,2348,N,VIIRS,n,2,288.69,1.02,N,0
36.90754,43.3937,327.17,0.4,0.6,2025-06-25,2348,N,VIIRS,n,2,292.77,2.84,N,2
36.91268,41.89381,317.13,0.34,0.56,2025-06-25,2348,N,VIIRS,n,2,293.1,0.57,N,2
36.91764,41.89576,305.7,0.34,0.56,2025-06-25,2348,N,VIIRS,n,2,294.42,0.57,N,0
36.9188,38.98377,331.35,0.47,0.48,2025-06-25,2348,N,VIIRS,n,2,292.37,3.37,N,0
36.92477,39.05919,323.42,0.48,0.48,2025-06-25,2348,N,VIIRS,n,2,292.17,1.72,N,0
36.92597,39.05396,301.37,0.48,0.48,2025-06-25,2348,N,VIIRS,n,2,289.89,1.63,N,0
36.93329,38.96087,303.27,0.47,0.48,2025-06-25,2348,N,VIIRS,n,2,290.38,0.29,N,0
36.93548,42.13407,303.78,0.34,0.56,2025-06-25,2348,N,VIIRS,n,2,293.5,0.93,N,2
36.93646,42.13028,317.28,0.34,0.56,2025-06-25,2348,N,VIIRS,n,2,296.49,0.93,N,2
36.93978,39.01368,312.44,0.47,0.48,2025-06-25,2348,N,VIIRS,n,2,291.85,1.54,N,0
36.9426,42.17086,327.21,0.35,0.56,2025-06-25,2348,N,VIIRS,n,2,296.06,2.11,N,2
36.94746,42.13051,338.29,0.34,0.56,2025-06-25,2348,N,VIIRS,n,2,297.76,3.37,N,2
36.95176,39.06314,314.27,0.48,0.48,2025-06-25,2348,N,VIIRS,n,2,290.9,1.0,N,0
36.95294,39.0579,300.97,0.48,0.48,2025-06-25,2348,N,VIIRS,n,2,290.68,1.0,N,0
36.95654,39.06057,300.72,0.48,0.48,2025-06-25,2348,N,VIIRS,n,2,290.5,0.27,N,0
36.96488,42.0842,307.56,0.34,0.56,2025-06-25,2348,N,VIIRS,n,2,294.0,0.35,N,2
36.97384,39.10637,329.76,0.48,0.48,2025-06-25,2348,N,VIIRS,n,2,294.63,3.82,N,0
36.9748,39.02191,303.65,0.47,0.48,2025-06-25,2348,N,VIIRS,n,2,290.31,1.17,N,0
36.97506,39.10111,309.44,0.48,0.48,2025-06-25,2348,N,VIIRS,n,2,291.72,2.34,N,0
36.97526,39.02066,320.56,0.47,0.48,2025-06-25,2348,N,VIIRS,n,2,291.21,1.36,N,0
36.97601,39.01671,310.94,0.47,0.48,2025-06-25,2348,N,VIIRS,n,2,291.02,1.17,N,0
36.97765,38.88721,311.76,0.47,0.47,2025-06-25,2348,N,VIIRS,n,2,295.95,1.38,N,0
36.97884,38.88198,335.47,0.47,0.47,2025-06-25,2348,N,VIIRS,n,2,298.12,3.23,N,0
36.98191,38.88875,308.2,0.47,0.47,2025-06-25,2348,N,VIIRS,n,2,293.33,1.38,N,0
36.98309,38.88351,305.96,0.47,0.47,2025-06-25,2348,N,VIIRS,n,2,295.28,3.23,N,0
37.01219,41.58473,306.43,0.32,0.55,2025-06-25,2348,N,VIIRS,n,2,295.28,0.37,N,2
37.02769,42.27192,304.23,0.35,0.57,2025-06-25,2348,N,VIIRS,n,2,293.89,0.34,N,0
37.02962,40.24844,304.57,0.55,0.51,2025-06-25,2348,N,VIIRS,n,2,292.57,1.29,N,0
37.07655,42.55812,319.89,0.36,0.57,2025-06-25,2348,N,VIIRS,n,2,296.08,1.55,N,2
37.13328,39.09571,321.33,0.47,0.48,2025-06-25,2348,N,VIIRS,n,2,294.25,2.86,N,0
37.13776,40.867,309.67,0.58,0.52,2025-06-25,2348,N,VIIRS,n,2,296.89,2.36,N,0
37.15601,40.21365,306.82,0.54,0.51,2025-06-25,2348,N,VIIRS,n,2,295.75,2.13,N,0
37.17445,39.83322,309.84,0.52,0.5,2025-06-25,2348,N,VIIRS,n,2,295.64,2.24,N,0
37.18997,40.27814,316.77,0.54,0.51,2025-06-25,2348,N,VIIRS,n,2,297.28,3.45,N,0
37.1914,40.27216,319.88,0.54,0.51,2025-06-25,2348,N,VIIRS,n,2,297.52,3.45,N,0
37.21147,39.67554,311.85,0.5,0.49,2025-06-25,2348,N,VIIRS,n,2,293.03,1.43,N,0
37.21533,42.28005,318.94,0.34,0.56,2025-06-25,2348,N,VIIRS,n,2,292.41,1.18,N,0
37.22869,40.34455,320.36,0.55,0.51,2025-06-25,2348,N,VIIRS,n,2,299.23,4.3,N,0
37.23002,40.3451,314.82,0.55,0.51,2025-06-25,2348,N,VIIRS,n,2,298.61,4.22,N,0
37.26313,39.84735,323.84,0.51,0.5,2025-06-25,2348,N,VIIRS,n,2,297.56,2.95,N,0
37.32046,39.48274,332.19,0.49,0.49,2025-06-25,2348,N,VIIRS,n,2,293.63,3.89,N,0
37.32983,39.7065,325.51,0.5,0.49,2025-06-25,2348,N,VIIRS,n,2,295.59,8.75,N,0
37.33113,39.70092,342.77,0.5,0.49,2025-06-25,2348,N,VIIRS,n,2,300.9,22.06,N,0
37.33554,39.70247,313.74,0.5,0.49,2025-06-25,2348,N,VIIRS,n,2,295.16,1.64,N,0
37.73333,39.29794,330.35,0.47,0.48,2025-06-25,2348,N,VIIRS,n,2,295.49,4.13,N,0
37.73623,39.26524,331.93,0.47,0.48,2025-06-25,2348,N,VIIRS,n,2,292.63,4.0,N,0
37.79606,39.04362,304.64,0.45,0.47,2025-06-25,2348,N,VIIRS,n,2,293.4,0.95,N,0
37.94048,32.53306,306.92,0.39,0.36,2025-06-25,2348,N,VIIRS,n,2,293.18,0.77,N,2
38.21219,39.38472,338.8,0.46,0.47,2025-06-25,2348,N,VIIRS,n,2,297.79,4.42,N,0
38.21337,39.37954,332.71,0.46,0.47,2025-06-25,2348,N,VIIRS,n,2,295.43,4.42,N,0
38.21367,39.38219,356.61,0.46,0.47,2025-06-25,2348,N,VIIRS,n,2,299.26,7.18,N,0
38.21665,39.38528,322.13,0.46,0.47,2025-06-25,2348,N,VIIRS,n,2,295.78,4.42,N,0
38.21781,39.38017,311.94,0.46,0.47,2025-06-25,2348,N,VIIRS,n,2,294.59,4.42,N,0
38.21814,39.38276,328.7,0.46,0.47,2025-06-25,2348,N,VIIRS,n,2,295.96,7.18,N,0
38.22011,39.39409,310.14,0.46,0.47,2025-06-25,2348,N,VIIRS,n,2,294.76,1.07,N,0
38.2211,39.38591,322.35,0.46,0.47,2025-06-25,2348,N,VIIRS,n,2,294.69,3.66,N,0
38.2222,39.38104,330.56,0.46,0.47,2025-06-25,2348,N,VIIRS,n,2,294.24,3.66,N,0
38.22252,39.38369,340.55,0.46,0.47,2025-06-25,2348,N,VIIRS,n,2,295.43,5.92,N,0
38.22307,39.3975,307.51,0.46,0.47,2025-06-25,2348,N,VIIRS,n,2,294.57,2.54,N,0
38.22457,39.39471,305.19,0.46,0.47,2025-06-25,2348,N,VIIRS,n,2,294.01,1.07,N,0
38.45709,38.72577,304.46,0.42,0.46,2025-06-25,2348,N,VIIRS,n,2,293.35,1.48,N,2
38.70395,26.92596,308.32,0.49,0.4,2025-06-25,2348,N,VIIRS,n,2,298.3,3.1,N,0
38.70463,26.92015,310.38,0.49,0.4,2025-06-25,2348,N,VIIRS,n,2,297.58,2.57,N,0
38.70766,26.92665,331.33,0.49,0.4,2025-06-25,2348,N,VIIRS,n,2,301.19,2.75,N,0
38.70835,26.92079,318.47,0.49,0.4,2025-06-25,2348,N,VIIRS,n,2,296.46,3.85,N,0
38.71138,26.92733,308.17,0.49,0.4,2025-06-25,2348,N,VIIRS,n,2,297.88,2.75,N,0
38.7151,26.92798,307.94,0.49,0.4,2025-06-25,2348,N,VIIRS,n,2,297.38,2.41,N,0
38.72187,26.93486,307.87,0.49,0.4,2025-06-25,2348,N,VIIRS,n,2,297.7,1.57,N,0
38.73618,26.94934,311.97,0.49,0.4,2025-06-25,2348,N,VIIRS,n,2,297.94,2.17,N,2
38.75299,26.93523,310.58,0.49,0.4,2025-06-25,2348,N,VIIRS,n,2,296.47,2.05,N,0
39.09209,27.51211,310.06,0.47,0.4,2025-06-25,2348,N,VIIRS,n,2,295.45,1.53,N,0
39.09294,27.51128,305.65,0.47,0.39,2025-06-25,2348,N,VIIRS,n,2,295.15,2.03,N,0
39.16676,27.63187,306.58,0.46,0.39,2025-06-25,2348,N,VIIRS,n,2,294.32,1.23,N,2
39.48306,30.04056,299.88,0.4,0.37,2025-06-25,2348,N,VIIRS,n,2,285.49,0.76,N,2
39.48641,30.04137,304.0,0.4,0.37,2025-06-25,2348,N,VIIRS,n,2,289.31,0.96,N,2
39.5945,32.42188,306.01,0.39,0.36,2025-06-25,2348,N,VIIRS,n,2,290.25,1.01,N,2
39.80616,32.37953,300.42,0.38,0.36,2025-06-25,2348,N,VIIRS,n,2,289.89,0.3,N,0
39.83743,30.30023,310.89,0.4,0.37,2025-06-25,2348,N,VIIRS,n,2,291.31,1.52,N,2
39.86495,26.24357,324.67,0.54,0.42,2025-06-25,2348,N,VIIRS,n,2,296.89,3.94,N,2
39.94404,33.194,302.95,0.39,0.36,2025-06-25,2348,N,VIIRS,n,2,289.66,1.12,N,2
39.959,33.14622,299.97,0.39,0.36,2025-06-25,2348,N,VIIRS,n,2,288.98,0.28,N,2
40.01624,27.00315,302.79,0.5,0.41,2025-06-25,2348,N,VIIRS,n,2,291.87,0.86,N,0
40.24305,29.92468,308.03,0.4,0.37,2025-06-25,2348,N,VIIRS,n,2,292.06,1.48,N,2
40.42529,29.27197,302.78,0.42,0.38,2025-06-25,2348,N,VIIRS,n,2,292.15,0.42,N,0
40.75666,31.78536,305.33,0.38,0.36,2025-06-25,2348,N,VIIRS,n,2,287.09,0.58,N,2
40.75901,29.35881,306.15,0.42,0.38,2025-06-25,2348,N,VIIRS,n,2,293.53,0.92,N,2
40.78137,29.60053,312.21,0.42,0.37,2025-06-25,2348,N,VIIRS,n,2,296.14,1.52,N,2
40.80738,29.4847,302.31,0.42,0.38,2025-06-25,2348,N,VIIRS,n,2,290.56,1.38,N,0
40.81081,29.4855,320.88,0.42,0.38,2025-06-25,2348,N,VIIRS,n,2,291.88,5.36,N,0
40.81148,29.48049,328.86,0.42,0.38,2025-06-25,2348,N,VIIRS,n,2,292.63,5.36,N,0
40.93651,35.88687,295.26,0.44,0.38,2025-06-25,2348,N,VIIRS,n,2,284.34,0.34,N,2
40.94734,31.39467,299.82,0.39,0.36,2025-06-25,2348,N,VIIRS,n,2,287.22,0.94,N,2
41.0192,28.55649,313.57,0.45,0.39,2025-06-25,2348,N,VIIRS,n,2,293.81,1.42,N,2
41.02277,28.55725,309.42,0.45,0.39,2025-06-25,2348,N,VIIRS,n,2,294.19,0.98,N,2
41.02501,28.71577,299.39,0.44,0.39,2025-06-25,2348,N,VIIRS,n,2,289.0,0.21,N,0
41.17467,32.63365,316.46,0.38,0.36,2025-06-25,2348,N,VIIRS,n,2,290.95,1.68,N,2
41.17796,32.63457,339.75,0.38,0.36,2025-06-25,2348,N,VIIRS,n,2,293.9,2.42,N,2
41.18124,32.63549,302.13,0.38,0.36,2025-06-25,2348,N,VIIRS,n,2,290.66,2.42,N,2
41.18718,32.63443,306.43,0.38,0.36,2025-06-25,2348,N,VIIRS,n,2,292.02,1.52,N,0
41.19265,32.62173,309.07,0.38,0.36,2025-06-25,2348,N,VIIRS,n,2,289.76,1.11,N,2
41.26484,31.42693,307.26,0.39,0.36,2025-06-25,2348,N,VIIRS,n,2,293.37,1.38,N,2
41.26552,31.42231,308.54,0.39,0.36,2025-06-25,2348,N,VIIRS,n,2,292.12,1.38,N,2
41.49966,27.495,301.83,0.5,0.41,2025-06-25,2348,N,VIIRS,n,2,290.81,0.67,N,0
41.63092,27.68735,308.8,0.49,0.4,2025-06-25,2348,N,VIIRS,n,2,294.38,1.35,N,2
36.26374,33.72976,313.93,0.43,0.38,2025-06-25,2349,N,VIIRS,n,2,298.45,1.64,N,2
36.42156,33.90452,311.19,0.43,0.38,2025-06-25,2349,N,VIIRS,n,2,294.66,0.85,N,0
36.42501,33.90556,303.76,0.43,0.38,2025-06-25,2349,N,VIIRS,n,2,293.09,0.59,N,0
36.72042,36.19933,308.99,0.52,0.42,2025-06-25,2349,N,VIIRS,n,2,296.42,2.25,N,2
36.73053,36.2086,313.06,0.52,0.42,2025-06-25,2349,N,VIIRS,n,2,297.36,1.74,N,2
36.7343,36.20977,307.24,0.52,0.42,2025-06-25,2349,N,VIIRS,n,2,297.2,1.74,N,2
36.74417,36.20063,312.59,0.52,0.42,2025-06-25,2349,N,VIIRS,n,2,296.16,2.47,N,2
36.86948,34.76249,311.59,0.46,0.39,2025-06-25,2349,N,VIIRS,n,2,297.54,1.58,N,2
37.25266,30.44437,318.39,0.39,0.36,2025-06-25,2349,N,VIIRS,n,2,294.3,1.14,N,2
37.89969,30.49248,307.38,0.39,0.36,2025-06-25,2349,N,VIIRS,n,2,292.25,1.12,N,2
38.42835,27.21461,314.83,0.47,0.4,2025-06-25,2349,N,VIIRS,n,2,299.48,2.38,N,2
35.66265,43.96637,354.4,0.57,0.52,2025-06-26,928,N,VIIRS,n,2,329.14,18.48,D,2
35.68221,43.87909,354.24,0.57,0.52,2025-06-26,928,N,VIIRS,n,2,326.45,30.36,D,2
36.77425,43.32629,350.41,0.58,0.52,2025-06-26,929,N,VIIRS,n,2,323.29,15.38,D,2
36.78182,39.76232,367.0,0.44,0.63,2025-06-26,929,N,VIIRS,h,2,371.26,191.35,D,0
36.82257,39.02241,367.0,0.48,0.65,2025-06-26,929,N,VIIRS,h,2,316.05,8.18,D,0
36.82409,39.02769,352.14,0.48,0.65,2025-06-26,929,N,VIIRS,n,2,316.55,8.18,D,0
36.82641,39.02381,367.0,0.48,0.65,2025-06-26,929,N,VIIRS,h,2,321.66,21.06,D,0
36.86843,43.4879,342.25,0.57,0.52,2025-06-26,929,N,VIIRS,n,2,314.91,6.54,D,2
36.86863,43.48619,342.72,0.56,0.52,2025-06-26,929,N,VIIRS,n,2,315.5,8.49,D,2
36.8899,43.42818,343.84,0.57,0.52,2025-06-26,929,N,VIIRS,n,2,314.67,5.17,D,2
36.89222,38.5335,367.0,0.51,0.66,2025-06-26,929,N,VIIRS,h,2,313.13,11.81,D,0
36.89281,38.53381,367.0,0.51,0.66,2025-06-26,929,N,VIIRS,h,2,314.4,7.26,D,0
36.90575,43.38914,339.67,0.57,0.52,2025-06-26,929,N,VIIRS,n,2,313.64,4.37,D,2
36.92525,38.96824,349.39,0.48,0.65,2025-06-26,929,N,VIIRS,n,2,314.05,7.42,D,0
36.93018,38.9702,348.5,0.48,0.65,2025-06-26,929,N,VIIRS,n,2,320.51,6.6,D,0
36.93317,38.90556,346.64,0.49,0.65,2025-06-26,929,N,VIIRS,n,2,317.73,6.54,D,0
36.93539,42.13363,354.89,0.33,0.55,2025-06-26,929,N,VIIRS,n,2,322.64,1.83,D,2
36.93893,38.90309,347.18,0.49,0.65,2025-06-26,929,N,VIIRS,n,2,320.93,6.54,D,0
36.94228,39.05943,350.12,0.48,0.65,2025-06-26,929,N,VIIRS,n,2,314.94,10.77,D,0
36.94375,39.06467,367.0,0.48,0.64,2025-06-26,929,N,VIIRS,h,2,311.12,12.21,D,0
36.94503,39.05986,367.0,0.48,0.64,2025-06-26,929,N,VIIRS,h,2,314.49,11.64,D,0
36.9462,42.13345,351.51,0.33,0.55,2025-06-26,929,N,VIIRS,n,2,326.28,0.89,D,2
36.94933,39.03877,367.0,0.48,0.65,2025-06-26,929,N,VIIRS,h,2,319.32,7.02,D,0
36.95051,39.03408,341.08,0.48,0.65,2025-06-26,929,N,VIIRS,n,2,313.73,7.45,D,0
36.95079,39.04402,349.94,0.48,0.65,2025-06-26,929,N,VIIRS,n,2,318.24,7.02,D,0
36.952,39.03931,367.0,0.48,0.65,2025-06-26,929,N,VIIRS,h,2,315.16,17.66,D,0
37.08762,39.95223,367.0,0.43,0.62,2025-06-26,929,N,VIIRS,h,2,326.99,8.57,D,0
37.0891,39.9481,367.0,0.43,0.62,2025-06-26,929,N,VIIRS,h,2,323.8,17.98,D,0
37.09038,39.95274,367.0,0.43,0.62,2025-06-26,929,N,VIIRS,h,2,328.45,12.51,D,0
37.0931,39.94999,351.07,0.43,0.62,2025-06-26,929,N,VIIRS,n,2,321.77,8.57,D,0
37.09331,39.49492,353.37,0.45,0.63,2025-06-26,929,N,VIIRS,n,2,322.59,7.99,D,0
37.0947,39.49991,367.0,0.45,0.63,2025-06-26,929,N,VIIRS,h,2,321.67,7.99,D,0
37.16471,43.2718,353.88,0.57,0.52,2025-06-26,929,N,VIIRS,n,2,318.21,18.82,D,0
37.16518,43.27142,352.87,0.57,0.52,2025-06-26,929,N,VIIRS,n,2,318.15,19.74,D,0
37.18532,39.82615,348.02,0.43,0.62,2025-06-26,929,N,VIIRS,n,2,318.2,6.2,D,0
37.33781,36.87394,346.37,0.6,0.71,2025-06-26,929,N,VIIRS,n,2,320.65,40.15,D,0
37.33881,36.87593,349.3,0.6,0.71,2025-06-26,929,N,VIIRS,n,2,321.4,31.45,D,0
37.33982,36.88053,367.0,0.6,0.71,2025-06-26,929,N,VIIRS,h,2,319.97,41.59,D,0
37.3408,36.88255,367.0,0.6,0.71,2025-06-26,929,N,VIIRS,h,2,320.24,31.45,D,0
37.34603,36.87761,348.01,0.6,0.71,2025-06-26,929,N,VIIRS,n,2,321.26,10.55,D,0
35.52652,44.34019,367.0,0.72,0.75,2025-06-26,1109,N,VIIRS,h,2,317.72,11.0,D,2
35.52668,44.34822,346.08,0.72,0.75,2025-06-26,1109,N,VIIRS,n,2,317.42,23.05,D,2
35.53021,44.34069,367.0,0.72,0.75,2025-06-26,1109,N,VIIRS,h,2,318.5,23.3,D,2
35.53361,44.33984,350.3,0.72,0.75,2025-06-26,1109,N,VIIRS,n,2,317.21,11.0,D,2
35.62711,44.00631,367.0,0.69,0.74,2025-06-26,1109,N,VIIRS,h,2,318.8,34.02,D,2
35.62941,44.00803,367.0,0.69,0.74,2025-06-26,1109,N,VIIRS,h,2,319.0,17.63,D,2
35.66127,43.96502,367.0,0.69,0.74,2025-06-26,1109,N,VIIRS,h,2,320.4,30.76,D,2
35.66334,43.96684,367.0,0.68,0.74,2025-06-26,1109,N,VIIRS,h,2,320.35,24.09,D,2
35.68173,43.87214,348.92,0.68,0.74,2025-06-26,1109,N,VIIRS,n,2,320.1,25.29,D,2
35.68194,43.87998,367.0,0.68,0.74,2025-06-26,1109,N,VIIRS,h,2,323.03,25.29,D,2
35.68729,43.87767,367.0,0.68,0.74,2025-06-26,1109,N,VIIRS,h,2,323.47,55.32,D,2
35.72588,44.04166,367.0,0.69,0.74,2025-06-26,1109,N,VIIRS,h,2,320.66,30.14,D,2
35.86926,38.67511,344.64,0.35,0.57,2025-06-26,1109,N,VIIRS,n,2,317.3,8.29,D,0
36.14428,40.82183,351.29,0.46,0.64,2025-06-26,1109,N,VIIRS,n,2,325.34,2.5,D,2
36.16686,36.09665,342.09,0.5,0.49,2025-06-26,1109,N,VIIRS,n,2,307.71,5.33,D,0
36.16701,36.09878,339.34,0.5,0.49,2025-06-26,1109,N,VIIRS,n,2,306.69,4.4,D,0
36.17958,38.03887,356.41,0.32,0.55,2025-06-26,1109,N,VIIRS,n,2,322.11,11.05,D,0
36.18469,38.03831,367.0,0.32,0.55,2025-06-26,1109,N,VIIRS,h,2,320.91,11.05,D,0
36.32017,38.99968,367.0,0.37,0.58,2025-06-26,1109,N,VIIRS,h,2,324.28,4.23,D,0
36.68829,39.15862,367.0,0.38,0.59,2025-06-26,1109,N,VIIRS,h,2,315.76,14.33,D,0
36.77594,43.32759,346.16,0.64,0.72,2025-06-26,1109,N,VIIRS,n,2,315.73,12.83,D,2
36.83009,39.02728,349.35,0.37,0.58,2025-06-26,1109,N,VIIRS,n,2,318.09,5.68,D,0
36.9075,43.39597,344.66,0.65,0.73,2025-06-26,1109,N,VIIRS,n,2,308.49,4.14,D,2
36.91535,38.4285,367.0,0.35,0.56,2025-06-26,1109,N,VIIRS,h,2,324.54,14.0,D,0
36.92105,39.56171,367.0,0.4,0.6,2025-06-26,1109,N,VIIRS,h,2,328.6,7.08,D,0
36.97186,40.3077,353.2,0.44,0.62,2025-06-26,1109,N,VIIRS,n,2,324.6,15.39,D,0
36.97211,40.31273,367.0,0.44,0.62,2025-06-26,1109,N,VIIRS,h,2,323.89,20.4,D,0
37.00952,39.57782,357.31,0.4,0.6,2025-06-26,1109,N,VIIRS,n,2,325.75,8.3,D,0
37.00977,39.58244,355.41,0.4,0.6,2025-06-26,1109,N,VIIRS,n,2,327.93,8.3,D,0
37.02311,39.12173,351.71,0.38,0.59,2025-06-26,1109,N,VIIRS,n,2,319.03,5.19,D,0
37.02803,39.12267,354.03,0.38,0.59,2025-06-26,1109,N,VIIRS,n,2,321.82,9.16,D,0
37.02858,39.12122,348.05,0.38,0.59,2025-06-26,1109,N,VIIRS,n,2,319.42,5.19,D,0
37.06319,38.95733,348.49,0.37,0.58,2025-06-26,1109,N,VIIRS,n,2,316.18,8.0,D,0
37.06343,38.96161,367.0,0.37,0.58,2025-06-26,1109,N,VIIRS,h,2,322.38,12.17,D,0
37.06911,40.30075,367.0,0.44,0.62,2025-06-26,1109,N,VIIRS,h,2,322.51,21.42,D,0
37.06987,40.30095,367.0,0.44,0.62,2025-06-26,1109,N,VIIRS,h,2,322.94,27.01,D,0
37.07473,40.29517,367.0,0.44,0.62,2025-06-26,1109,N,VIIRS,h,2,322.48,38.86,D,0
37.07494,40.30027,367.0,0.44,0.62,2025-06-26,1109,N,VIIRS,h,2,320.32,21.42,D,0
37.07544,40.29541,367.0,0.44,0.62,2025-06-26,1109,N,VIIRS,h,2,321.62,27.01,D,0
37.0757,40.30049,354.12,0.44,0.62,2025-06-26,1109,N,VIIRS,n,2,320.97,27.01,D,0
37.10483,40.31348,367.0,0.44,0.62,2025-06-26,1109,N,VIIRS,h,2,324.86,10.14,D,0
37.19873,40.08969,367.0,0.43,0.62,2025-06-26,1109,N,VIIRS,h,2,326.27,11.47,D,0
37.33225,39.42017,367.0,0.4,0.6,2025-06-26,1109,N,VIIRS,h,2,324.39,17.19,D,0
37.41791,39.48725,367.0,0.4,0.6,2025-06-26,1109,N,VIIRS,h,2,316.91,38.99,D,0
37.87978,42.17085,367.0,0.57,0.69,2025-06-26,1109,N,VIIRS,h,2,311.83,12.73,D,0
37.87941,42.16872,367.0,0.57,0.69,2025-06-26,1110,N,VIIRS,h,2,313.39,14.89,D,0
38.14862,29.76569,352.44,0.42,0.37,2025-06-26,1110,N,VIIRS,n,2,317.37,7.16,D,0
38.15739,29.77859,352.22,0.42,0.37,2025-06-26,1110,N,VIIRS,n,2,318.52,10.31,D,0
40.07828,34.34735,344.64,0.45,0.47,2025-06-26,1110,N,VIIRS,n,2,314.89,6.58,D,0
40.14659,27.93737,346.65,0.39,0.36,2025-06-26,1110,N,VIIRS,n,2,312.41,7.13,D,0
40.23275,34.88561,342.97,0.48,0.48,2025-06-26,1110,N,VIIRS,n,2,312.7,2.34,D,0
40.23801,29.41642,347.37,0.42,0.38,2025-06-26,1110,N,VIIRS,n,2,319.71,9.77,D,0
41.90665,26.92296,349.09,0.39,0.36,2025-06-26,1111,N,VIIRS,n,2,313.8,9.2,D,0
42.26906,25.60134,347.88,0.38,0.36,2025-06-26,1111,N,VIIRS,n,2,311.86,11.62,D,0
39.60183,44.45512,299.11,0.74,0.76,2025-06-26,2148,N,VIIRS,n,2,285.02,0.93,N,0
39.60343,44.45134,302.59,0.74,0.76,2025-06-26,2148,N,VIIRS,n,2,285.4,1.39,N,0
35.5237,44.33957,339.65,0.72,0.75,2025-06-26,2149,N,VIIRS,n,2,296.48,8.08,N,2
35.5308,44.34004,345.65,0.72,0.75,2025-06-26,2149,N,VIIRS,n,2,296.66,10.84,N,2
35.53097,44.33155,324.62,0.72,0.76,2025-06-26,2149,N,VIIRS,n,2,296.79,12.48,N,2
35.62566,44.00641,341.68,0.75,0.77,2025-06-26,2149,N,VIIRS,n,2,297.53,5.11,N,2
35.631,44.00925,340.5,0.75,0.77,2025-06-26,2149,N,VIIRS,n,2,298.94,6.32,N,2
35.6312,44.00045,308.08,0.75,0.77,2025-06-26,2149,N,VIIRS,n,2,296.53,6.32,N,2
35.63289,44.00637,325.24,0.75,0.77,2025-06-26,2149,N,VIIRS,n,2,297.06,5.11,N,2
35.66254,43.96479,348.84,0.75,0.77,2025-06-26,2149,N,VIIRS,n,2,298.75,7.25,N,2
35.6627,43.95608,308.1,0.76,0.77,2025-06-26,2149,N,VIIRS,n,2,296.7,7.25,N,0
35.67935,43.87165,307.69,0.76,0.77,2025-06-26,2149,N,VIIRS,n,2,295.15,3.72,N,0
35.68589,43.87746,352.59,0.76,0.77,2025-06-26,2149,N,VIIRS,n,2,298.99,21.73,N,2
35.68605,43.8686,349.45,0.76,0.77,2025-06-26,2149,N,VIIRS,n,2,296.06,21.73,N,2
35.6865,43.88099,316.18,0.76,0.77,2025-06-26,2149,N,VIIRS,n,2,294.71,21.85,N,2
35.68661,43.87223,367.0,0.76,0.77,2025-06-26,2149,N,VIIRS,h,2,302.9,21.85,N,2
35.72039,44.04151,308.92,0.75,0.77,2025-06-26,2149,N,VIIRS,n,2,297.32,4.87,N,2
35.72616,44.03831,342.19,0.75,0.77,2025-06-26,2149,N,VIIRS,n,2,298.72,6.07,N,2
35.72635,44.02933,321.1,0.75,0.77,2025-06-26,2149,N,VIIRS,n,2,296.97,6.07,N,2
35.7276,44.04226,313.74,0.75,0.77,2025-06-26,2149,N,VIIRS,n,2,297.04,4.24,N,2
35.72774,44.03342,325.56,0.75,0.77,2025-06-26,2149,N,VIIRS,n,2,298.09,4.24,N,2
35.77181,43.99264,324.71,0.75,0.77,2025-06-26,2149,N,VIIRS,n,2,296.98,5.98,N,2
35.77356,43.9901,318.19,0.75,0.77,2025-06-26,2149,N,VIIRS,n,2,296.63,5.34,N,2
35.98087,43.76472,318.73,0.78,0.78,2025-06-26,2149,N,VIIRS,n,2,297.47,4.92,N,2
35.98124,43.77019,306.82,0.78,0.78,2025-06-26,2149,N,VIIRS,n,2,296.07,2.16,N,2
35.98133,43.76154,308.8,0.78,0.78,2025-06-26,2149,N,VIIRS,n,2,297.55,2.16,N,2
35.99565,43.75564,310.04,0.78,0.78,2025-06-26,2149,N,VIIRS,n,2,295.87,2.35,N,2
36.01883,43.68254,307.55,0.78,0.78,2025-06-26,2149,N,VIIRS,n,2,296.06,3.52,N,2
36.01887,43.67925,310.16,0.79,0.78,2025-06-26,2149,N,VIIRS,n,2,295.73,2.75,N,2
36.09948,43.6284,303.14,0.79,0.78,2025-06-26,2149,N,VIIRS,n,2,292.83,0.65,N,0
36.4189,43.87453,325.19,0.77,0.77,2025-06-26,2149,N,VIIRS,n,2,293.45,4.45,N,0
36.41972,43.87139,322.74,0.77,0.77,2025-06-26,2149,N,VIIRS,n,2,293.18,3.66,N,0
40.57618,43.00542,296.46,0.55,0.43,2025-06-26,2328,N,VIIRS,n,2,282.1,0.63,N,0
42.12483,43.01414,297.52,0.51,0.41,2025-06-26,2328,N,VIIRS,n,2,287.19,0.7,N,2
36.73253,43.28012,308.88,0.45,0.47,2025-06-26,2329,N,VIIRS,n,2,297.51,1.68,N,2
36.74697,43.4984,312.82,0.46,0.47,2025-06-26,2329,N,VIIRS,n,2,296.21,2.22,N,2
36.77663,43.32579,339.36,0.45,0.47,2025-06-26,2329,N,VIIRS,n,2,300.05,5.77,N,2
36.86715,43.51825,306.65,0.46,0.47,2025-06-26,2329,N,VIIRS,n,2,295.07,1.69,N,0
36.86863,43.49129,322.2,0.46,0.47,2025-06-26,2329,N,VIIRS,n,2,295.86,2.73,N,2
36.89125,43.43088,331.98,0.46,0.47,2025-06-26,2329,N,VIIRS,n,2,294.13,2.8,N,2
36.90451,43.39178,338.57,0.45,0.47,2025-06-26,2329,N,VIIRS,n,2,293.97,3.8,N,2
36.90869,43.39336,302.85,0.45,0.47,2025-06-26,2329,N,VIIRS,n,2,292.76,0.38,N,2
36.91522,41.89397,315.75,0.57,0.43,2025-06-26,2329,N,VIIRS,n,2,294.14,1.82,N,2
36.93597,42.13184,324.15,0.39,0.44,2025-06-26,2329,N,VIIRS,n,2,299.14,2.53,N,2
36.93781,42.12321,333.01,0.39,0.44,2025-06-26,2329,N,VIIRS,n,2,298.03,3.37,N,2
36.93872,42.1189,309.58,0.39,0.44,2025-06-26,2329,N,VIIRS,n,2,296.57,2.15,N,2
36.94043,42.17072,330.05,0.39,0.44,2025-06-26,2329,N,VIIRS,n,2,296.68,2.6,N,2
36.94481,42.13011,310.52,0.39,0.44,2025-06-26,2329,N,VIIRS,n,2,298.03,1.6,N,2
36.94875,42.13144,326.41,0.39,0.44,2025-06-26,2329,N,VIIRS,n,2,298.88,1.6,N,2
36.96358,42.08134,317.23,0.39,0.44,2025-06-26,2329,N,VIIRS,n,2,297.23,0.92,N,2
36.99248,42.00399,312.09,0.39,0.44,2025-06-26,2329,N,VIIRS,n,2,295.02,0.68,N,2
36.99796,41.56313,316.14,0.55,0.43,2025-06-26,2329,N,VIIRS,n,2,296.0,1.5,N,2
37.0321,43.58545,324.11,0.46,0.47,2025-06-26,2329,N,VIIRS,n,2,287.55,1.22,N,0
37.05436,42.13226,309.49,0.39,0.44,2025-06-26,2329,N,VIIRS,n,2,298.31,1.34,N,2
37.07843,42.55747,323.3,0.41,0.45,2025-06-26,2329,N,VIIRS,n,2,300.24,2.74,N,2
37.08327,41.4678,321.4,0.54,0.42,2025-06-26,2329,N,VIIRS,n,2,298.89,4.62,N,0
37.16085,42.42714,308.7,0.4,0.44,2025-06-26,2329,N,VIIRS,n,2,296.33,1.48,N,0
37.33978,40.80235,309.59,0.5,0.41,2025-06-26,2329,N,VIIRS,n,2,298.89,2.78,N,2
37.39688,39.59692,330.53,0.45,0.39,2025-06-26,2329,N,VIIRS,n,2,300.81,9.38,N,0
37.39784,39.59191,330.18,0.45,0.39,2025-06-26,2329,N,VIIRS,n,2,298.28,7.97,N,0
37.40041,39.59792,345.85,0.45,0.39,2025-06-26,2329,N,VIIRS,n,2,299.87,4.93,N,0
37.40394,39.59892,319.83,0.45,0.39,2025-06-26,2329,N,VIIRS,n,2,297.7,4.93,N,0
37.4482,39.5222,320.36,0.45,0.39,2025-06-26,2329,N,VIIRS,n,2,295.83,1.48,N,0
38.0521,38.22531,304.93,0.41,0.37,2025-06-26,2329,N,VIIRS,n,2,291.27,0.62,N,0
38.45348,38.72718,311.94,0.41,0.37,2025-06-26,2329,N,VIIRS,n,2,294.52,1.3,N,2
38.48705,37.79401,309.03,0.4,0.37,2025-06-26,2329,N,VIIRS,n,2,291.81,1.06,N,0
38.48782,37.78954,310.62,0.4,0.37,2025-06-26,2329,N,VIIRS,n,2,291.35,0.91,N,0
38.65229,39.76987,315.64,0.44,0.38,2025-06-26,2329,N,VIIRS,n,2,292.49,1.04,N,2
38.85701,35.76475,300.47,0.39,0.36,2025-06-26,2329,N,VIIRS,n,2,288.47,0.93,N,2
38.88406,37.89758,302.51,0.39,0.37,2025-06-26,2329,N,VIIRS,n,2,291.16,0.82,N,2
39.48611,30.04211,309.8,0.39,0.44,2025-06-26,2329,N,VIIRS,n,2,290.85,1.9,N,2
39.58632,43.90022,297.02,0.42,0.45,2025-06-26,2329,N,VIIRS,n,2,285.68,0.6,N,0
39.72335,36.93762,305.29,0.38,0.36,2025-06-26,2329,N,VIIRS,n,2,287.41,1.16,N,2
39.83752,30.30082,309.23,0.39,0.44,2025-06-26,2329,N,VIIRS,n,2,291.94,1.21,N,2
39.86704,26.24347,309.85,0.62,0.54,2025-06-26,2329,N,VIIRS,n,2,294.96,2.04,N,2
39.92041,32.95821,302.93,0.45,0.39,2025-06-26,2329,N,VIIRS,n,2,290.87,0.65,N,0
39.94427,33.19149,306.85,0.44,0.39,2025-06-26,2329,N,VIIRS,n,2,292.15,1.28,N,2
40.24419,29.92485,303.29,0.41,0.45,2025-06-26,2329,N,VIIRS,n,2,292.17,0.9,N,2
40.26735,32.16831,313.52,0.48,0.4,2025-06-26,2329,N,VIIRS,n,2,292.44,1.34,N,0
40.41291,39.65806,298.66,0.42,0.38,2025-06-26,2329,N,VIIRS,n,2,284.44,0.69,N,2
40.42608,29.26893,305.2,0.44,0.46,2025-06-26,2329,N,VIIRS,n,2,294.68,0.96,N,0
40.75883,29.75984,306.37,0.42,0.45,2025-06-26,2329,N,VIIRS,n,2,295.64,1.11,N,2
40.76068,29.35854,305.03,0.44,0.46,2025-06-26,2329,N,VIIRS,n,2,294.41,0.71,N,2
40.78217,29.5999,309.4,0.43,0.46,2025-06-26,2329,N,VIIRS,n,2,296.07,1.12,N,2
40.93548,35.88533,303.57,0.39,0.36,2025-06-26,2329,N,VIIRS,n,2,285.81,0.85,N,2
40.94676,31.39574,302.02,0.53,0.42,2025-06-26,2329,N,VIIRS,n,2,289.35,0.96,N,2
41.01984,28.55577,317.89,0.48,0.48,2025-06-26,2329,N,VIIRS,n,2,294.33,2.27,N,2
41.02456,36.09891,302.91,0.39,0.36,2025-06-26,2329,N,VIIRS,n,2,286.91,0.85,N,2
41.10805,37.32462,300.54,0.38,0.36,2025-06-26,2329,N,VIIRS,n,2,289.8,0.56,N,2
41.17536,32.63235,310.5,0.48,0.4,2025-06-26,2329,N,VIIRS,n,2,292.12,1.72,N,2
41.17903,32.63308,304.88,0.48,0.4,2025-06-26,2329,N,VIIRS,n,2,292.03,0.9,N,2
41.1827,32.63378,302.81,0.48,0.4,2025-06-26,2329,N,VIIRS,n,2,290.97,0.9,N,2
41.238,36.44436,300.95,0.39,0.36,2025-06-26,2329,N,VIIRS,n,2,290.13,0.59,N,2
41.24183,36.46443,334.53,0.39,0.36,2025-06-26,2329,N,VIIRS,n,2,292.86,4.93,N,2
41.26512,31.42168,317.76,0.53,0.42,2025-06-26,2329,N,VIIRS,n,2,292.55,1.89,N,2
42.07811,25.61446,305.07,0.35,0.57,2025-06-26,2329,N,VIIRS,n,2,290.68,0.99,N,0
42.07944,25.61722,319.22,0.35,0.57,2025-06-26,2329,N,VIIRS,n,2,291.04,1.61,N,0
42.0797,25.61278,301.79,0.35,0.57,2025-06-26,2329,N,VIIRS,n,2,290.62,1.36,N,0
42.0834,25.61524,314.71,0.35,0.57,2025-06-26,2329,N,VIIRS,n,2,291.13,0.99,N,0
35.52718,44.34399,355.88,0.55,0.51,2025-06-26,2330,N,VIIRS,n,2,300.11,10.44,N,2
35.52855,44.33817,343.77,0.54,0.51,2025-06-26,2330,N,VIIRS,n,2,298.36,6.37,N,2
35.53314,44.3397,344.9,0.54,0.51,2025-06-26,2330,N,VIIRS,n,2,298.73,6.37,N,2
35.53452,44.33384,310.73,0.54,0.51,2025-06-26,2330,N,VIIRS,n,2,297.19,6.37,N,2
35.62612,44.00589,311.93,0.52,0.5,2025-06-26,2330,N,VIIRS,n,2,297.87,9.1,N,2
35.62928,44.01311,312.95,0.52,0.5,2025-06-26,2330,N,VIIRS,n,2,298.27,9.1,N,2
35.63058,44.00754,340.02,0.52,0.5,2025-06-26,2330,N,VIIRS,n,2,306.29,9.1,N,2
35.66022,43.96294,339.33,0.52,0.5,2025-06-26,2330,N,VIIRS,n,2,298.05,6.62,N,2
35.66469,43.96445,340.2,0.52,0.5,2025-06-26,2330,N,VIIRS,n,2,303.75,10.13,N,2
35.67839,44.06788,309.46,0.52,0.5,2025-06-26,2330,N,VIIRS,n,2,298.85,3.26,N,2
35.68389,43.88093,313.14,0.51,0.49,2025-06-26,2330,N,VIIRS,n,2,296.51,11.56,N,2
35.68517,43.87536,337.14,0.51,0.49,2025-06-26,2330,N,VIIRS,n,2,310.97,53.52,N,2
35.71822,43.77262,312.55,0.5,0.49,2025-06-26,2330,N,VIIRS,n,2,302.3,3.66,N,2
35.71868,43.77378,314.59,0.5,0.49,2025-06-26,2330,N,VIIRS,n,2,302.95,4.06,N,2
35.72366,44.04013,343.87,0.52,0.5,2025-06-26,2330,N,VIIRS,n,2,300.54,8.06,N,2
35.72948,44.03593,314.76,0.52,0.5,2025-06-26,2330,N,VIIRS,n,2,298.26,3.45,N,2
35.73077,44.03037,314.79,0.52,0.5,2025-06-26,2330,N,VIIRS,n,2,297.74,3.23,N,2
35.77238,43.99703,334.02,0.52,0.5,2025-06-26,2330,N,VIIRS,n,2,299.54,3.89,N,2
35.77251,43.99599,329.81,0.52,0.5,2025-06-26,2330,N,VIIRS,n,2,299.04,5.12,N,2
35.95077,43.72881,312.57,0.49,0.49,2025-06-26,2330,N,VIIRS,n,2,297.76,1.99,N,2
35.95394,43.72884,310.64,0.5,0.49,2025-06-26,2330,N,VIIRS,n,2,297.42,2.22,N,2
35.97952,43.76807,322.47,0.5,0.49,2025-06-26,2330,N,VIIRS,n,2,299.64,4.46,N,2
35.99948,43.7637,308.25,0.5,0.49,2025-06-26,2330,N,VIIRS,n,2,296.46,2.03,N,2
36.01796,43.6834,319.35,0.49,0.49,2025-06-26,2330,N,VIIRS,n,2,297.64,2.22,N,2
36.0992,43.62923,309.84,0.49,0.48,2025-06-26,2330,N,VIIRS,n,2,293.8,0.87,N,0
36.12527,43.78164,315.3,0.49,0.49,2025-06-26,2330,N,VIIRS,n,2,299.08,3.5,N,2
36.14154,40.81628,320.69,0.53,0.42,2025-06-26,2330,N,VIIRS,n,2,297.34,2.63,N,2
36.14416,40.81642,316.77,0.53,0.42,2025-06-26,2330,N,VIIRS,n,2,296.45,2.55,N,2
36.17069,38.91433,306.07,0.44,0.39,2025-06-26,2330,N,VIIRS,n,2,294.41,0.73,N,0
36.26343,33.72826,322.38,0.4,0.37,2025-06-26,2330,N,VIIRS,n,2,298.52,1.82,N,2
36.34974,42.0742,312.01,0.4,0.44,2025-06-26,2330,N,VIIRS,n,2,301.19,2.18,N,2
36.44092,42.92863,311.58,0.44,0.46,2025-06-26,2330,N,VIIRS,n,2,297.85,1.83,N,2
36.45811,42.66922,306.63,0.43,0.46,2025-06-26,2330,N,VIIRS,n,2,295.29,0.82,N,2
36.69523,36.20733,309.49,0.39,0.36,2025-06-26,2330,N,VIIRS,n,2,297.6,2.04,N,2
36.71439,39.12814,309.12,0.44,0.39,2025-06-26,2330,N,VIIRS,n,2,291.15,0.91,N,0
36.7156,38.7906,321.58,0.43,0.38,2025-06-26,2330,N,VIIRS,n,2,293.79,1.86,N,0
36.71708,36.19943,330.43,0.39,0.36,2025-06-26,2330,N,VIIRS,n,2,297.23,2.61,N,2
36.72038,36.20026,308.44,0.39,0.36,2025-06-26,2330,N,VIIRS,n,2,296.68,2.61,N,2
36.72887,36.21129,328.35,0.39,0.36,2025-06-26,2330,N,VIIRS,n,2,296.44,1.78,N,2
36.73217,36.21212,306.99,0.39,0.36,2025-06-26,2330,N,VIIRS,n,2,296.88,1.78,N,2
36.73616,36.20866,308.01,0.39,0.36,2025-06-26,2330,N,VIIRS,n,2,296.03,1.85,N,2
36.75605,39.06309,317.38,0.44,0.38,2025-06-26,2330,N,VIIRS,n,2,290.0,1.88,N,0
36.75787,39.05336,309.58,0.44,0.38,2025-06-26,2330,N,VIIRS,n,2,290.1,0.88,N,0
36.76568,38.77652,302.58,0.43,0.38,2025-06-26,2330,N,VIIRS,n,2,292.38,0.65,N,0
36.76922,39.05153,325.4,0.44,0.38,2025-06-26,2330,N,VIIRS,n,2,290.69,1.91,N,0
36.79897,37.02065,306.83,0.39,0.36,2025-06-26,2330,N,VIIRS,n,2,296.68,1.06,N,2
36.8074,39.10046,311.16,0.44,0.38,2025-06-26,2330,N,VIIRS,n,2,291.02,1.47,N,0
36.8082,39.0987,321.39,0.44,0.38,2025-06-26,2330,N,VIIRS,n,2,291.79,1.51,N,0
36.81079,39.10458,312.76,0.44,0.38,2025-06-26,2330,N,VIIRS,n,2,290.53,1.01,N,0
36.81088,39.10147,321.87,0.44,0.38,2025-06-26,2330,N,VIIRS,n,2,291.06,1.47,N,0
36.81168,39.0997,305.06,0.44,0.38,2025-06-26,2330,N,VIIRS,n,2,290.11,1.51,N,0
36.85048,39.06676,318.46,0.44,0.38,2025-06-26,2330,N,VIIRS,n,2,291.7,1.15,N,0
36.85922,39.17712,315.52,0.44,0.39,2025-06-26,2330,N,VIIRS,n,2,292.65,1.23,N,0
36.86272,39.17812,308.57,0.44,0.39,2025-06-26,2330,N,VIIRS,n,2,293.51,1.23,N,0
36.8695,34.76453,316.38,0.39,0.36,2025-06-26,2330,N,VIIRS,n,2,297.9,2.26,N,2
36.88801,39.06223,317.12,0.44,0.38,2025-06-26,2330,N,VIIRS,n,2,291.7,2.3,N,0
36.88891,39.05737,337.33,0.44,0.38,2025-06-26,2330,N,VIIRS,n,2,293.9,3.98,N,0
36.90342,39.17103,337.96,0.44,0.39,2025-06-26,2330,N,VIIRS,n,2,294.57,6.17,N,0
36.90388,39.17454,326.71,0.44,0.39,2025-06-26,2330,N,VIIRS,n,2,293.92,4.26,N,0
36.90438,39.09258,302.49,0.44,0.38,2025-06-26,2330,N,VIIRS,n,2,290.46,0.55,N,0
36.90478,39.16969,328.95,0.44,0.39,2025-06-26,2330,N,VIIRS,n,2,294.15,4.26,N,0
36.90691,39.17202,335.68,0.44,0.39,2025-06-26,2330,N,VIIRS,n,2,294.8,6.17,N,0
36.90802,39.14674,301.23,0.44,0.38,2025-06-26,2330,N,VIIRS,n,2,290.64,0.59,N,0
36.90827,39.17068,310.64,0.44,0.39,2025-06-26,2330,N,VIIRS,n,2,292.44,4.26,N,0
36.90839,39.15022,303.35,0.44,0.38,2025-06-26,2330,N,VIIRS,n,2,290.66,0.49,N,0
36.91363,41.89313,317.72,0.57,0.43,2025-06-26,2330,N,VIIRS,n,2,292.94,1.17,N,2
36.9408,38.93478,332.52,0.43,0.38,2025-06-26,2330,N,VIIRS,n,2,295.63,9.63,N,0
36.94168,38.92996,312.09,0.43,0.38,2025-06-26,2330,N,VIIRS,n,2,291.67,6.45,N,0
36.94497,38.41829,305.36,0.42,0.38,2025-06-26,2330,N,VIIRS,n,2,292.54,0.64,N,0
36.97762,39.06945,317.4,0.44,0.38,2025-06-26,2330,N,VIIRS,n,2,290.6,1.38,N,0
37.00144,38.5223,332.2,0.42,0.38,2025-06-26,2330,N,VIIRS,n,2,297.81,3.22,N,0
37.00229,38.51764,321.78,0.42,0.38,2025-06-26,2330,N,VIIRS,n,2,294.43,2.86,N,0
37.00232,39.15358,303.95,0.44,0.38,2025-06-26,2330,N,VIIRS,n,2,290.67,0.54,N,0
37.00322,39.14869,309.79,0.44,0.38,2025-06-26,2330,N,VIIRS,n,2,291.74,1.49,N,0
37.00486,38.52325,322.15,0.42,0.38,2025-06-26,2330,N,VIIRS,n,2,296.2,3.22,N,0
37.00571,38.51859,323.13,0.42,0.38,2025-06-26,2330,N,VIIRS,n,2,296.29,2.86,N,0
37.0123,39.626,313.68,0.46,0.39,2025-06-26,2330,N,VIIRS,n,2,294.5,1.78,N,0
37.01487,39.63215,308.86,0.46,0.39,2025-06-26,2330,N,VIIRS,n,2,293.73,1.58,N,0
37.01569,36.09402,331.77,0.38,0.36,2025-06-26,2330,N,VIIRS,n,2,296.96,3.91,N,2
37.01842,39.63321,320.09,0.46,0.39,2025-06-26,2330,N,VIIRS,n,2,294.55,1.58,N,0
37.07199,40.27538,307.76,0.48,0.4,2025-06-26,2330,N,VIIRS,n,2,294.49,0.52,N,0
37.10315,40.45108,307.87,0.49,0.4,2025-06-26,2330,N,VIIRS,n,2,296.99,1.92,N,0
37.10396,40.4524,307.5,0.49,0.4,2025-06-26,2330,N,VIIRS,n,2,297.43,1.67,N,0
37.13199,39.06567,318.04,0.44,0.38,2025-06-26,2330,N,VIIRS,n,2,293.54,1.78,N,0
37.13546,39.06666,336.87,0.44,0.38,2025-06-26,2330,N,VIIRS,n,2,296.45,6.61,N,0
37.17025,39.0937,328.22,0.44,0.38,2025-06-26,2330,N,VIIRS,n,2,292.65,2.83,N,0
37.17828,39.7485,304.56,0.46,0.39,2025-06-26,2330,N,VIIRS,n,2,293.01,0.98,N,0
37.19422,36.85911,305.8,0.39,0.36,2025-06-26,2330,N,VIIRS,n,2,292.08,0.49,N,0
37.23746,39.53593,306.13,0.45,0.39,2025-06-26,2330,N,VIIRS,n,2,293.02,1.02,N,0
37.24878,39.61387,306.59,0.45,0.39,2025-06-26,2330,N,VIIRS,n,2,294.8,0.61,N,0
37.29294,37.15831,309.31,0.39,0.36,2025-06-26,2330,N,VIIRS,n,2,296.56,1.54,N,2
37.34198,36.86626,308.5,0.39,0.36,2025-06-26,2330,N,VIIRS,n,2,290.5,1.33,N,0
37.34271,36.86192,322.04,0.39,0.36,2025-06-26,2330,N,VIIRS,n,2,291.95,2.14,N,0
37.34931,36.86363,301.76,0.39,0.36,2025-06-26,2330,N,VIIRS,n,2,290.3,0.87,N,0
37.35044,36.87754,317.99,0.39,0.36,2025-06-26,2330,N,VIIRS,n,2,291.44,1.67,N,0
37.35073,37.16449,307.66,0.39,0.36,2025-06-26,2330,N,VIIRS,n,2,296.98,1.64,N,2
37.35116,36.87319,335.57,0.39,0.36,2025-06-26,2330,N,VIIRS,n,2,294.09,3.4,N,0
37.35189,36.86885,318.45,0.39,0.36,2025-06-26,2330,N,VIIRS,n,2,290.98,3.4,N,0
37.35262,36.8645,315.91,0.39,0.36,2025-06-26,2330,N,VIIRS,n,2,291.11,0.87,N,0
37.35447,36.87406,311.97,0.39,0.36,2025-06-26,2330,N,VIIRS,n,2,291.96,1.06,N,0
37.35519,36.86971,323.84,0.39,0.36,2025-06-26,2330,N,VIIRS,n,2,292.23,1.06,N,0
37.37428,36.87923,307.24,0.39,0.36,2025-06-26,2330,N,VIIRS,n,2,290.55,0.47,N,0
37.42955,36.89245,333.08,0.39,0.36,2025-06-26,2330,N,VIIRS,n,2,297.57,3.54,N,0
37.55523,37.05949,301.37,0.39,0.36,2025-06-26,2330,N,VIIRS,n,2,291.34,0.58,N,0
37.55854,37.06036,310.97,0.39,0.36,2025-06-26,2330,N,VIIRS,n,2,292.23,0.58,N,0
37.56567,38.14443,323.52,0.41,0.37,2025-06-26,2330,N,VIIRS,n,2,293.59,2.9,N,0
37.56823,38.14993,334.48,0.41,0.37,2025-06-26,2330,N,VIIRS,n,2,296.01,2.9,N,0
37.94006,32.53382,306.69,0.45,0.39,2025-06-26,2330,N,VIIRS,n,2,294.3,1.14,N,2
38.45255,30.85907,344.49,0.53,0.42,2025-06-26,2330,N,VIIRS,n,2,286.31,10.73,N,0
38.65732,30.62051,299.67,0.54,0.42,2025-06-26,2330,N,VIIRS,n,2,289.41,0.76,N,2
38.70992,26.95693,319.41,0.55,0.51,2025-06-26,2330,N,VIIRS,n,2,300.22,5.9,N,0
38.71421,26.95673,313.44,0.56,0.51,2025-06-26,2330,N,VIIRS,n,2,298.79,4.76,N,0
38.71513,26.94402,310.8,0.56,0.51,2025-06-26,2330,N,VIIRS,n,2,300.03,3.57,N,0
38.71944,26.95091,313.51,0.56,0.51,2025-06-26,2330,N,VIIRS,n,2,300.42,3.57,N,0
38.71993,26.94427,330.0,0.56,0.51,2025-06-26,2330,N,VIIRS,n,2,300.0,3.57,N,0
38.71995,26.95182,314.92,0.56,0.51,2025-06-26,2330,N,VIIRS,n,2,300.46,6.48,N,0
38.72047,26.94516,333.59,0.56,0.51,2025-06-26,2330,N,VIIRS,n,2,300.57,9.24,N,0
38.72376,26.9577,318.36,0.56,0.51,2025-06-26,2330,N,VIIRS,n,2,300.35,7.36,N,0
38.72424,26.95854,321.57,0.55,0.51,2025-06-26,2330,N,VIIRS,n,2,299.94,10.81,N,0
38.72425,26.95112,367.0,0.56,0.51,2025-06-26,2330,N,VIIRS,h,2,312.8,13.37,N,0
38.72474,26.94437,331.93,0.56,0.51,2025-06-26,2330,N,VIIRS,n,2,300.71,13.37,N,0
38.72476,26.95199,355.69,0.56,0.51,2025-06-26,2330,N,VIIRS,n,2,313.68,10.81,N,0
38.7253,26.94511,330.09,0.56,0.51,2025-06-26,2330,N,VIIRS,n,2,300.81,10.96,N,0
38.72857,26.95787,341.08,0.56,0.51,2025-06-26,2330,N,VIIRS,n,2,303.24,7.36,N,0
38.72905,26.95857,338.54,0.55,0.51,2025-06-26,2330,N,VIIRS,n,2,302.29,10.81,N,0
38.72906,26.95116,338.18,0.56,0.51,2025-06-26,2330,N,VIIRS,n,2,302.92,13.37,N,0
38.72956,26.95216,324.92,0.56,0.51,2025-06-26,2330,N,VIIRS,n,2,300.88,10.81,N,0
38.74965,26.93339,310.57,0.56,0.51,2025-06-26,2330,N,VIIRS,n,2,298.94,4.05,N,0
