latitude,longitude,bright_ti4,scan,track,acq_date,acq_time,satellite,instrument,confidence,version,bright_ti5,frp,daynight,type
40.66337,40.56844,311.72,0.79,0.78,2025-11-04,33,N,VIIRS,n,2,278.4,5.18,N,0
41.25662,31.4119,312.56,0.56,0.51,2025-11-04,33,N,VIIRS,n,2,282.27,1.49,N,2
41.2625,31.42889,295.82,0.56,0.52,2025-11-04,33,N,VIIRS,n,2,283.5,1.31,N,2
41.26412,31.42246,297.17,0.56,0.52,2025-11-04,33,N,VIIRS,n,2,283.66,1.31,N,2
38.41853,30.86043,333.78,0.62,0.54,2025-11-04,34,N,VIIRS,n,2,278.01,12.4,N,0
38.41907,30.85981,338.08,0.62,0.54,2025-11-04,34,N,VIIRS,n,2,280.44,13.33,N,0
38.42024,30.8536,331.68,0.62,0.54,2025-11-04,34,N,VIIRS,n,2,277.79,12.4,N,0
38.42082,30.85298,295.05,0.62,0.54,2025-11-04,34,N,VIIRS,n,2,277.17,10.26,N,0
38.4262,27.21554,310.65,0.41,0.45,2025-11-04,34,N,VIIRS,n,2,286.44,1.11,N,2
38.73542,26.94932,313.8,0.39,0.44,2025-11-04,34,N,VIIRS,n,2,285.81,0.83,N,2
38.73636,26.94497,304.28,0.39,0.44,2025-11-04,34,N,VIIRS,n,2,288.32,2.72,N,2
38.73919,26.93182,310.72,0.39,0.44,2025-11-04,34,N,VIIRS,n,2,286.34,1.17,N,2
38.73934,26.95078,303.41,0.39,0.44,2025-11-04,34,N,VIIRS,n,2,284.66,0.83,N,2
38.74326,26.95221,319.52,0.39,0.44,2025-11-04,34,N,VIIRS,n,2,285.79,1.43,N,2
38.74422,26.94774,305.94,0.39,0.44,2025-11-04,34,N,VIIRS,n,2,286.04,1.41,N,2
38.75098,26.93595,301.56,0.39,0.44,2025-11-04,34,N,VIIRS,n,2,284.15,0.7,N,2
38.7549,26.93739,302.79,0.39,0.44,2025-11-04,34,N,VIIRS,n,2,283.75,0.68,N,2
39.0938,27.51552,298.44,0.41,0.45,2025-11-04,34,N,VIIRS,n,2,283.72,0.72,N,0
39.0948,27.51093,295.21,0.41,0.45,2025-11-04,34,N,VIIRS,n,2,284.85,0.72,N,2
39.11202,27.52449,296.45,0.41,0.45,2025-11-04,34,N,VIIRS,n,2,283.09,0.72,N,2
39.48675,30.03951,297.51,0.53,0.5,2025-11-04,34,N,VIIRS,n,2,278.75,1.11,N,2
39.60846,27.88095,296.0,0.41,0.45,2025-11-04,34,N,VIIRS,n,2,282.23,0.75,N,2
39.86669,26.24425,313.84,0.52,0.41,2025-11-04,34,N,VIIRS,n,2,285.92,2.38,N,2
40.2614,30.04107,296.1,0.51,0.49,2025-11-04,34,N,VIIRS,n,2,281.57,0.75,N,2
40.76011,29.76101,297.17,0.48,0.48,2025-11-04,34,N,VIIRS,n,2,286.25,1.13,N,2
41.01612,27.96399,297.37,0.39,0.44,2025-11-04,34,N,VIIRS,n,2,285.28,0.48,N,2
41.02073,28.5554,308.86,0.41,0.45,2025-11-04,34,N,VIIRS,n,2,285.71,1.14,N,2
37.25461,30.44324,295.69,0.63,0.54,2025-11-04,35,N,VIIRS,n,2,278.28,0.78,N,2
35.52615,44.34319,350.93,0.41,0.37,2025-11-04,1014,N,VIIRS,n,2,313.59,6.5,D,2
35.54249,44.18158,337.61,0.4,0.37,2025-11-04,1014,N,VIIRS,n,2,306.9,3.4,D,0
35.54527,44.17644,344.03,0.4,0.37,2025-11-04,1014,N,VIIRS,n,2,309.86,5.73,D,0
35.54587,44.18088,335.64,0.4,0.37,2025-11-04,1014,N,VIIRS,n,2,307.58,4.62,D,0
35.63421,38.44095,336.99,0.46,0.39,2025-11-04,1014,N,VIIRS,n,2,299.78,3.93,D,0
35.66241,43.96675,345.87,0.4,0.37,2025-11-04,1014,N,VIIRS,n,2,313.6,7.34,D,2
35.68441,43.87611,367.0,0.4,0.37,2025-11-04,1014,N,VIIRS,h,2,336.03,51.96,D,2
35.68503,43.8805,338.05,0.4,0.37,2025-11-04,1014,N,VIIRS,n,2,309.85,29.03,D,2
35.76917,44.13298,344.38,0.4,0.37,2025-11-04,1014,N,VIIRS,n,2,312.67,12.24,D,0
35.80209,44.14445,347.86,0.4,0.37,2025-11-04,1014,N,VIIRS,n,2,308.28,4.69,D,0
35.80548,44.14375,350.79,0.4,0.37,2025-11-04,1014,N,VIIRS,n,2,304.92,6.94,D,0
35.81916,44.32085,340.09,0.41,0.37,2025-11-04,1014,N,VIIRS,n,2,306.34,4.14,D,0
35.85014,44.21861,334.72,0.41,0.37,2025-11-04,1014,N,VIIRS,n,2,307.19,3.26,D,0
35.96904,43.76523,351.27,0.4,0.37,2025-11-04,1014,N,VIIRS,n,2,311.86,8.89,D,2
36.1278,37.55484,341.65,0.49,0.4,2025-11-04,1014,N,VIIRS,n,2,303.6,6.25,D,0
36.15421,37.45056,339.03,0.49,0.4,2025-11-04,1014,N,VIIRS,n,2,301.56,3.97,D,0
36.17167,43.64392,350.02,0.4,0.37,2025-11-04,1014,N,VIIRS,n,2,312.18,13.12,D,0
36.17502,43.6432,339.28,0.4,0.37,2025-11-04,1014,N,VIIRS,n,2,310.64,3.94,D,0
36.18483,37.77314,332.39,0.48,0.4,2025-11-04,1014,N,VIIRS,n,2,301.07,1.99,D,0
36.39222,43.85069,336.21,0.4,0.37,2025-11-04,1014,N,VIIRS,n,2,306.29,1.39,D,0
36.77541,43.32538,340.95,0.39,0.37,2025-11-04,1014,N,VIIRS,n,2,315.23,7.59,D,2
36.93609,42.13255,336.65,0.38,0.36,2025-11-04,1014,N,VIIRS,n,2,307.78,2.13,D,2
36.94192,42.17122,336.48,0.38,0.36,2025-11-04,1014,N,VIIRS,n,2,306.8,2.0,D,2
36.15511,37.44798,338.41,0.49,0.4,2025-11-04,1015,N,VIIRS,n,2,301.65,3.61,D,0
36.71648,35.41582,332.93,0.4,0.44,2025-11-04,1015,N,VIIRS,n,2,304.0,2.4,D,0
36.74053,36.21024,331.99,0.55,0.42,2025-11-04,1015,N,VIIRS,n,2,302.48,3.88,D,2
36.78729,38.82457,348.28,0.43,0.38,2025-11-04,1015,N,VIIRS,n,2,302.85,12.88,D,0
36.78989,38.81888,347.59,0.43,0.38,2025-11-04,1015,N,VIIRS,n,2,304.84,6.65,D,0
36.7916,38.82837,345.22,0.43,0.38,2025-11-04,1015,N,VIIRS,n,2,300.17,7.45,D,0
36.7942,38.82267,355.42,0.43,0.38,2025-11-04,1015,N,VIIRS,n,2,305.3,7.45,D,0
36.79506,38.82742,338.35,0.43,0.38,2025-11-04,1015,N,VIIRS,n,2,301.08,7.45,D,0
36.79591,38.83216,335.9,0.43,0.38,2025-11-04,1015,N,VIIRS,n,2,300.32,4.86,D,0
36.86715,30.86247,335.17,0.34,0.56,2025-11-04,1015,N,VIIRS,n,2,294.76,2.95,D,0
36.88579,35.19292,339.86,0.4,0.45,2025-11-04,1015,N,VIIRS,n,2,303.73,3.39,D,0
36.90223,40.17185,337.68,0.4,0.37,2025-11-04,1015,N,VIIRS,n,2,301.38,3.33,D,0
36.90593,40.15237,347.69,0.4,0.37,2025-11-04,1015,N,VIIRS,n,2,305.17,13.18,D,0
36.90926,40.1515,335.29,0.4,0.37,2025-11-04,1015,N,VIIRS,n,2,298.27,13.18,D,0
36.91261,40.19222,342.94,0.4,0.37,2025-11-04,1015,N,VIIRS,n,2,297.89,4.91,D,0
36.91484,40.16394,331.92,0.4,0.37,2025-11-04,1015,N,VIIRS,n,2,300.93,5.0,D,0
36.91558,40.16838,347.74,0.4,0.37,2025-11-04,1015,N,VIIRS,n,2,306.54,11.01,D,0
36.91892,40.16751,346.39,0.4,0.37,2025-11-04,1015,N,VIIRS,n,2,299.91,11.01,D,0
36.92151,40.16219,341.86,0.4,0.37,2025-11-04,1015,N,VIIRS,n,2,311.19,21.59,D,0
36.92485,40.16132,344.19,0.4,0.37,2025-11-04,1015,N,VIIRS,n,2,299.98,21.59,D,0
36.92522,40.18435,335.28,0.4,0.37,2025-11-04,1015,N,VIIRS,n,2,298.02,2.54,D,0
36.92559,40.16576,367.0,0.4,0.37,2025-11-04,1015,N,VIIRS,h,2,328.41,85.17,D,0
36.92857,40.18349,334.47,0.4,0.37,2025-11-04,1015,N,VIIRS,n,2,297.03,2.54,D,0
36.92893,40.16488,348.39,0.4,0.37,2025-11-04,1015,N,VIIRS,n,2,299.58,15.32,D,0
36.93366,35.28382,338.17,0.4,0.44,2025-11-04,1015,N,VIIRS,n,2,302.02,4.45,D,0
36.97992,40.15278,334.71,0.4,0.37,2025-11-04,1015,N,VIIRS,n,2,302.27,4.01,D,0
36.98067,40.15722,332.82,0.4,0.37,2025-11-04,1015,N,VIIRS,n,2,302.16,4.01,D,0
36.98634,39.01628,331.05,0.42,0.38,2025-11-04,1015,N,VIIRS,n,2,288.78,3.71,D,0
36.98837,39.01411,330.8,0.42,0.38,2025-11-04,1015,N,VIIRS,n,2,291.54,2.4,D,0
36.99551,40.16262,341.43,0.4,0.37,2025-11-04,1015,N,VIIRS,n,2,303.06,5.62,D,0
36.99625,40.16703,335.24,0.4,0.37,2025-11-04,1015,N,VIIRS,n,2,303.91,8.12,D,0
37.02201,36.11053,331.01,0.55,0.42,2025-11-04,1015,N,VIIRS,n,2,304.46,2.93,D,2
37.04992,38.13037,347.6,0.45,0.39,2025-11-04,1015,N,VIIRS,n,2,300.92,2.33,D,0
37.05625,35.76452,332.13,0.56,0.43,2025-11-04,1015,N,VIIRS,n,2,303.81,3.62,D,0
37.07755,42.56019,335.92,0.39,0.36,2025-11-04,1015,N,VIIRS,n,2,307.35,1.46,D,2
37.1902,38.05502,344.41,0.45,0.39,2025-11-04,1015,N,VIIRS,n,2,302.88,4.27,D,0
37.34616,36.94686,341.4,0.5,0.41,2025-11-04,1015,N,VIIRS,n,2,301.19,4.05,D,0
37.42802,38.79934,343.61,0.42,0.38,2025-11-04,1015,N,VIIRS,n,2,296.21,5.66,D,0
37.47608,37.84706,337.59,0.45,0.39,2025-11-04,1015,N,VIIRS,n,2,297.09,3.11,D,0
37.47965,37.84621,346.49,0.45,0.39,2025-11-04,1015,N,VIIRS,n,2,296.36,3.52,D,0
37.48365,41.17439,342.12,0.39,0.36,2025-11-04,1015,N,VIIRS,n,2,305.75,4.39,D,0
37.57007,28.94309,332.05,0.41,0.61,2025-11-04,1015,N,VIIRS,n,2,298.1,2.86,D,0
37.5844,31.51153,338.7,0.6,0.53,2025-11-04,1015,N,VIIRS,n,2,289.15,4.83,D,0
37.74764,29.71602,331.04,0.37,0.58,2025-11-04,1015,N,VIIRS,n,2,295.64,2.74,D,0
37.87379,40.82754,335.72,0.39,0.36,2025-11-04,1015,N,VIIRS,n,2,300.87,4.01,D,0
37.91481,29.97061,334.58,0.35,0.57,2025-11-04,1015,N,VIIRS,n,2,297.74,1.71,D,0
37.94016,41.57742,344.83,0.38,0.36,2025-11-04,1015,N,VIIRS,n,2,308.31,10.6,D,0
38.01121,29.48972,335.38,0.37,0.58,2025-11-04,1015,N,VIIRS,n,2,289.98,2.45,D,0
38.02582,40.97216,334.57,0.39,0.36,2025-11-04,1015,N,VIIRS,n,2,301.94,4.35,D,0
38.09674,41.16255,347.06,0.38,0.36,2025-11-04,1015,N,VIIRS,n,2,302.73,11.65,D,0
38.50608,34.77159,333.57,0.39,0.44,2025-11-04,1015,N,VIIRS,n,2,297.94,2.83,D,0
38.7136,35.25209,337.64,0.56,0.43,2025-11-04,1015,N,VIIRS,n,2,287.69,4.94,D,0
39.50278,43.96149,332.35,0.43,0.38,2025-11-04,1015,N,VIIRS,n,2,292.99,5.37,D,0
40.51588,43.62559,325.37,0.42,0.38,2025-11-04,1015,N,VIIRS,n,2,287.56,1.58,D,0
38.23575,29.74262,327.15,0.36,0.57,2025-11-04,1016,N,VIIRS,n,2,292.96,1.29,D,0
38.53862,27.73473,330.59,0.44,0.63,2025-11-04,1016,N,VIIRS,n,2,292.84,2.58,D,0
39.07698,31.80988,329.18,0.53,0.5,2025-11-04,1016,N,VIIRS,n,2,293.2,2.74,D,0
39.54511,33.41042,339.31,0.43,0.46,2025-11-04,1016,N,VIIRS,n,2,290.54,4.79,D,0
39.82601,28.10168,328.34,0.39,0.59,2025-11-04,1016,N,VIIRS,n,2,292.18,2.46,D,0
39.8655,32.08938,330.61,0.5,0.49,2025-11-04,1016,N,VIIRS,n,2,292.66,3.86,D,0
39.86846,32.09063,334.12,0.5,0.49,2025-11-04,1016,N,VIIRS,n,2,291.92,4.57,D,0
40.05382,28.02608,352.12,0.39,0.59,2025-11-04,1016,N,VIIRS,n,2,292.8,5.44,D,0
40.05413,28.02734,349.33,0.39,0.59,2025-11-04,1016,N,VIIRS,n,2,292.11,5.63,D,0
40.12656,28.20383,329.07,0.38,0.59,2025-11-04,1016,N,VIIRS,n,2,291.44,6.87,D,0
41.38514,43.51652,352.87,0.43,0.38,2025-11-04,1016,N,VIIRS,n,2,299.74,11.55,D,0
41.38577,43.52156,354.09,0.43,0.38,2025-11-04,1016,N,VIIRS,n,2,295.88,11.09,D,0
41.38862,43.51582,338.94,0.43,0.38,2025-11-04,1016,N,VIIRS,n,2,293.61,3.9,D,0
41.38926,43.52088,347.75,0.43,0.38,2025-11-04,1016,N,VIIRS,n,2,295.78,12.05,D,0
36.83584,27.06883,331.43,0.33,0.56,2025-11-04,1156,N,VIIRS,n,2,292.92,1.48,D,0
37.74266,27.453,327.72,0.36,0.57,2025-11-04,1156,N,VIIRS,n,2,295.01,1.56,D,0
37.81895,28.10547,325.34,0.39,0.59,2025-11-04,1156,N,VIIRS,n,2,296.6,1.23,D,0
38.481,32.69118,356.87,0.7,0.75,2025-11-04,1156,N,VIIRS,n,2,300.49,12.41,D,0
38.48365,32.68862,351.98,0.7,0.75,2025-11-04,1156,N,VIIRS,n,2,301.17,11.41,D,0
39.8543,32.08072,339.01,0.66,0.73,2025-11-04,1156,N,VIIRS,n,2,289.4,10.87,D,0
40.04548,28.32468,332.48,0.42,0.61,2025-11-04,1157,N,VIIRS,n,2,290.72,1.85,D,0
40.12756,28.00747,336.73,0.4,0.6,2025-11-04,1157,N,VIIRS,n,2,289.25,3.19,D,0
40.16268,28.08835,332.8,0.41,0.6,2025-11-04,1157,N,VIIRS,n,2,289.37,2.35,D,0
35.52597,44.34377,339.61,0.53,0.42,2025-11-04,2235,N,VIIRS,n,2,286.62,8.41,N,2
35.53052,44.33853,344.38,0.53,0.42,2025-11-04,2235,N,VIIRS,n,2,287.23,4.47,N,2
35.53438,44.33923,326.04,0.53,0.42,2025-11-04,2235,N,VIIRS,n,2,284.42,4.47,N,2
35.53513,44.34023,299.62,0.53,0.42,2025-11-04,2235,N,VIIRS,n,2,281.99,0.85,N,2
35.53578,44.33432,305.32,0.53,0.42,2025-11-04,2235,N,VIIRS,n,2,284.05,0.85,N,2
35.62685,44.01198,322.81,0.55,0.43,2025-11-04,2235,N,VIIRS,n,2,284.42,10.66,N,2
35.62753,44.00581,331.08,0.55,0.43,2025-11-04,2235,N,VIIRS,n,2,289.55,10.66,N,2
35.63079,44.0126,305.14,0.55,0.43,2025-11-04,2235,N,VIIRS,n,2,282.64,10.66,N,2
35.63147,44.00642,329.42,0.55,0.43,2025-11-04,2235,N,VIIRS,n,2,286.42,10.66,N,2
35.65987,43.96751,298.4,0.56,0.43,2025-11-04,2235,N,VIIRS,n,2,281.35,0.88,N,2
35.66055,43.96134,300.78,0.56,0.43,2025-11-04,2235,N,VIIRS,n,2,281.44,0.88,N,2
35.66381,43.9682,300.6,0.56,0.43,2025-11-04,2235,N,VIIRS,n,2,282.63,1.09,N,2
35.6645,43.96204,306.59,0.56,0.43,2025-11-04,2235,N,VIIRS,n,2,282.18,1.09,N,2
35.67572,44.06491,296.75,0.55,0.43,2025-11-04,2235,N,VIIRS,n,2,283.57,0.7,N,2
35.67715,44.06398,301.53,0.55,0.43,2025-11-04,2235,N,VIIRS,n,2,283.55,1.28,N,2
35.68206,43.87636,330.11,0.56,0.43,2025-11-04,2235,N,VIIRS,n,2,282.08,30.74,N,2
35.68603,43.87704,329.05,0.56,0.43,2025-11-04,2235,N,VIIRS,n,2,302.01,30.74,N,2
35.72226,44.04213,329.2,0.55,0.43,2025-11-04,2235,N,VIIRS,n,2,284.86,5.25,N,2
35.72618,44.04284,328.52,0.55,0.43,2025-11-04,2235,N,VIIRS,n,2,287.26,5.25,N,2
35.72754,44.0305,304.96,0.55,0.43,2025-11-04,2235,N,VIIRS,n,2,281.97,7.97,N,2
35.73146,44.03124,303.74,0.55,0.43,2025-11-04,2235,N,VIIRS,n,2,282.99,1.11,N,2
35.77169,43.99431,329.33,0.56,0.43,2025-11-04,2235,N,VIIRS,n,2,284.24,4.38,N,2
35.81375,43.25682,299.02,0.4,0.44,2025-11-04,2235,N,VIIRS,n,2,283.83,0.34,N,2
35.95356,43.72638,306.73,0.38,0.43,2025-11-04,2235,N,VIIRS,n,2,284.29,0.52,N,2
35.96585,43.76463,338.59,0.57,0.43,2025-11-04,2235,N,VIIRS,n,2,289.9,8.74,N,2
35.96987,43.76516,333.99,0.57,0.43,2025-11-04,2235,N,VIIRS,n,2,289.78,8.74,N,2
35.97054,43.75887,296.4,0.57,0.43,2025-11-04,2235,N,VIIRS,n,2,285.47,3.39,N,2
35.97321,43.77202,301.3,0.57,0.43,2025-11-04,2235,N,VIIRS,n,2,285.97,1.82,N,2
35.98192,43.76685,311.55,0.57,0.43,2025-11-04,2235,N,VIIRS,n,2,286.22,2.09,N,2
35.99866,43.76291,301.47,0.57,0.43,2025-11-04,2235,N,VIIRS,n,2,281.72,1.16,N,2
36.01987,43.67995,303.82,0.39,0.44,2025-11-04,2235,N,VIIRS,n,2,283.42,1.31,N,2
36.08197,43.63912,298.34,0.39,0.44,2025-11-04,2235,N,VIIRS,n,2,280.9,0.46,N,2
36.09951,43.62867,296.76,0.39,0.44,2025-11-04,2235,N,VIIRS,n,2,280.7,0.64,N,2
36.13085,40.81071,311.0,0.55,0.51,2025-11-04,2235,N,VIIRS,n,2,282.78,1.57,N,2
36.14232,37.11503,302.25,0.44,0.63,2025-11-04,2235,N,VIIRS,n,2,283.69,0.7,N,0
36.1431,37.11891,296.0,0.44,0.63,2025-11-04,2235,N,VIIRS,n,2,283.28,0.62,N,0
36.26414,33.72717,307.96,0.68,0.74,2025-11-04,2235,N,VIIRS,n,2,287.62,1.09,N,2
36.26529,33.72899,304.35,0.68,0.74,2025-11-04,2235,N,VIIRS,n,2,286.73,1.08,N,2
36.31224,43.75315,296.69,0.39,0.44,2025-11-04,2235,N,VIIRS,n,2,284.49,0.87,N,2
36.45923,42.66767,299.95,0.44,0.46,2025-11-04,2235,N,VIIRS,n,2,281.31,0.65,N,2
36.71503,36.19787,313.63,0.5,0.66,2025-11-04,2235,N,VIIRS,n,2,287.13,2.27,N,2
36.71624,36.20239,303.8,0.5,0.66,2025-11-04,2235,N,VIIRS,n,2,286.78,1.22,N,2
36.71651,36.19623,306.4,0.5,0.66,2025-11-04,2235,N,VIIRS,n,2,288.02,1.22,N,2
36.7269,36.2106,300.85,0.5,0.66,2025-11-04,2235,N,VIIRS,n,2,287.72,2.26,N,2
36.72904,43.28035,295.77,0.41,0.45,2025-11-04,2235,N,VIIRS,n,2,284.1,0.22,N,2
36.7332,43.28091,297.44,0.41,0.45,2025-11-04,2235,N,VIIRS,n,2,283.72,0.22,N,2
36.73922,36.21151,315.73,0.5,0.66,2025-11-04,2235,N,VIIRS,n,2,289.01,3.57,N,2
36.74529,43.49594,295.93,0.4,0.44,2025-11-04,2235,N,VIIRS,n,2,281.47,1.11,N,2
36.77501,43.32669,331.27,0.41,0.45,2025-11-04,2235,N,VIIRS,n,2,287.9,3.66,N,2
36.77548,43.32195,335.82,0.41,0.45,2025-11-04,2235,N,VIIRS,n,2,285.74,5.13,N,2
36.86611,43.51904,305.56,0.4,0.44,2025-11-04,2235,N,VIIRS,n,2,282.56,0.85,N,0
36.8662,34.75805,297.91,0.6,0.71,2025-11-04,2235,N,VIIRS,n,2,286.78,1.86,N,2
36.8689,34.75901,305.5,0.6,0.71,2025-11-04,2235,N,VIIRS,n,2,287.83,2.65,N,2
36.8694,43.48687,328.31,0.4,0.45,2025-11-04,2235,N,VIIRS,n,2,284.78,2.41,N,2
36.89215,43.42811,335.49,0.41,0.45,2025-11-04,2235,N,VIIRS,n,2,283.17,3.74,N,2
36.90462,43.38832,328.36,0.41,0.45,2025-11-04,2235,N,VIIRS,n,2,281.41,2.22,N,2
36.90876,43.38896,327.73,0.41,0.45,2025-11-04,2235,N,VIIRS,n,2,282.22,1.72,N,2
36.93438,42.12959,325.68,0.48,0.48,2025-11-04,2235,N,VIIRS,n,2,284.16,3.17,N,2
36.93681,42.13064,326.32,0.48,0.48,2025-11-04,2235,N,VIIRS,n,2,285.89,3.15,N,2
36.93925,42.17367,300.64,0.47,0.48,2025-11-04,2235,N,VIIRS,n,2,279.75,1.01,N,2
36.93976,42.16832,298.34,0.47,0.48,2025-11-04,2235,N,VIIRS,n,2,279.17,1.03,N,2
36.94194,42.17479,295.97,0.47,0.48,2025-11-04,2235,N,VIIRS,n,2,281.33,2.25,N,2
36.94241,42.16942,333.58,0.47,0.48,2025-11-04,2235,N,VIIRS,n,2,283.42,2.25,N,2
36.94368,42.17429,298.32,0.47,0.48,2025-11-04,2235,N,VIIRS,n,2,282.17,1.01,N,2
36.94419,42.16894,296.81,0.47,0.48,2025-11-04,2235,N,VIIRS,n,2,281.27,1.03,N,2
36.94569,42.13194,337.81,0.48,0.48,2025-11-04,2235,N,VIIRS,n,2,285.79,4.88,N,2
36.94769,42.13152,327.09,0.48,0.48,2025-11-04,2235,N,VIIRS,n,2,285.62,3.0,N,2
36.96383,42.07907,297.58,0.48,0.48,2025-11-04,2235,N,VIIRS,n,2,281.47,0.48,N,2
36.99844,41.5638,297.25,0.51,0.49,2025-11-04,2235,N,VIIRS,n,2,282.72,0.63,N,2
37.00325,38.99066,296.29,0.35,0.57,2025-11-04,2235,N,VIIRS,n,2,278.19,0.61,N,0
37.01218,36.10291,318.55,0.51,0.66,2025-11-04,2235,N,VIIRS,n,2,287.57,2.3,N,2
37.01378,36.10279,318.97,0.51,0.66,2025-11-04,2235,N,VIIRS,n,2,287.62,2.39,N,2
37.05373,42.13183,298.84,0.48,0.48,2025-11-04,2235,N,VIIRS,n,2,283.66,0.62,N,0
37.06123,41.85158,295.02,0.49,0.49,2025-11-04,2235,N,VIIRS,n,2,283.55,0.3,N,0
37.07602,42.55555,310.3,0.45,0.47,2025-11-04,2235,N,VIIRS,n,2,284.51,1.01,N,2
37.0803,42.55689,299.93,0.45,0.47,2025-11-04,2235,N,VIIRS,n,2,286.16,0.89,N,2
37.2779,38.73189,298.67,0.37,0.58,2025-11-04,2235,N,VIIRS,n,2,283.0,0.66,N,2
37.29387,37.15583,305.68,0.45,0.63,2025-11-04,2235,N,VIIRS,n,2,286.51,1.33,N,2
37.29613,37.15561,302.0,0.45,0.63,2025-11-04,2235,N,VIIRS,n,2,285.42,1.32,N,2
37.54996,42.65303,300.57,0.45,0.47,2025-11-04,2235,N,VIIRS,n,2,278.75,0.8,N,0
37.55428,42.65398,295.86,0.45,0.47,2025-11-04,2235,N,VIIRS,n,2,279.38,0.8,N,0
40.90863,43.25064,295.55,0.63,0.72,2025-11-05,14,N,VIIRS,n,2,268.46,1.36,N,0
36.13987,40.81525,303.75,0.65,0.73,2025-11-05,15,N,VIIRS,n,2,281.08,0.94,N,2
36.14314,40.81882,323.7,0.66,0.73,2025-11-05,15,N,VIIRS,n,2,280.9,3.05,N,2
36.14622,40.81844,302.68,0.65,0.73,2025-11-05,15,N,VIIRS,n,2,280.36,0.94,N,2
36.93255,42.1339,298.2,0.72,0.76,2025-11-05,15,N,VIIRS,n,2,280.74,1.05,N,2
36.93507,42.12603,296.79,0.72,0.76,2025-11-05,15,N,VIIRS,n,2,282.25,2.09,N,2
36.94156,42.1687,312.79,0.73,0.76,2025-11-05,15,N,VIIRS,n,2,281.35,2.2,N,2
36.94191,42.17645,297.9,0.73,0.76,2025-11-05,15,N,VIIRS,n,2,280.12,1.87,N,2
36.94448,42.16843,310.32,0.73,0.76,2025-11-05,15,N,VIIRS,n,2,280.71,3.0,N,2
36.94553,42.13304,313.99,0.72,0.76,2025-11-05,15,N,VIIRS,n,2,281.4,1.87,N,2
36.9483,42.13262,321.94,0.72,0.76,2025-11-05,15,N,VIIRS,n,2,282.51,4.38,N,2
36.96312,42.07918,298.82,0.72,0.75,2025-11-05,15,N,VIIRS,n,2,280.36,0.64,N,2
37.07626,42.55677,300.26,0.75,0.77,2025-11-05,15,N,VIIRS,n,2,282.66,1.53,N,2
37.08033,42.5201,297.36,0.75,0.77,2025-11-05,15,N,VIIRS,n,2,282.53,0.85,N,0
37.08522,42.5163,295.62,0.75,0.77,2025-11-05,15,N,VIIRS,n,2,283.68,1.07,N,0
37.29684,37.15711,299.91,0.4,0.6,2025-11-05,15,N,VIIRS,n,2,284.73,0.52,N,2
37.35348,37.16363,296.54,0.4,0.6,2025-11-05,15,N,VIIRS,n,2,284.17,0.66,N,2
37.54827,42.65254,298.08,0.74,0.76,2025-11-05,15,N,VIIRS,n,2,277.05,1.83,N,0
38.65752,30.61626,295.68,0.52,0.42,2025-11-05,15,N,VIIRS,n,2,279.38,1.15,N,2
38.65957,30.61652,299.86,0.52,0.42,2025-11-05,15,N,VIIRS,n,2,279.81,1.32,N,2
39.48427,30.039,303.39,0.48,0.4,2025-11-05,15,N,VIIRS,n,2,279.79,1.01,N,2
39.94431,33.19348,302.62,0.43,0.46,2025-11-05,15,N,VIIRS,n,2,280.14,1.48,N,2
41.17414,32.63185,300.63,0.38,0.43,2025-11-05,15,N,VIIRS,n,2,280.36,1.65,N,2
36.26341,33.72726,305.25,0.56,0.51,2025-11-05,16,N,VIIRS,n,2,288.06,0.81,N,2
36.61991,34.30214,304.44,0.59,0.52,2025-11-05,16,N,VIIRS,n,2,287.11,1.1,N,0
36.62343,34.30339,313.29,0.58,0.52,2025-11-05,16,N,VIIRS,n,2,287.86,1.26,N,0
36.62465,34.3037,303.31,0.59,0.52,2025-11-05,16,N,VIIRS,n,2,287.53,1.1,N,0
36.68451,36.20447,304.74,0.37,0.58,2025-11-05,16,N,VIIRS,n,2,289.17,1.2,N,0
36.68718,36.2057,306.37,0.37,0.58,2025-11-05,16,N,VIIRS,n,2,290.23,1.05,N,2
36.70065,36.19789,309.01,0.37,0.58,2025-11-05,16,N,VIIRS,n,2,289.04,0.76,N,0
36.71716,36.20003,335.44,0.37,0.58,2025-11-05,16,N,VIIRS,n,2,289.68,2.55,N,2
36.7305,36.21417,300.38,0.37,0.58,2025-11-05,16,N,VIIRS,n,2,289.32,0.98,N,2
36.73151,36.21035,309.94,0.37,0.58,2025-11-05,16,N,VIIRS,n,2,292.14,0.98,N,2
36.86872,34.7627,302.99,0.61,0.53,2025-11-05,16,N,VIIRS,n,2,289.16,1.24,N,2
37.25476,30.44155,296.19,0.54,0.42,2025-11-05,16,N,VIIRS,n,2,279.73,1.67,N,2
35.52657,44.34478,347.0,0.42,0.38,2025-11-05,955,N,VIIRS,n,2,295.23,6.84,D,2
35.52918,44.33926,342.12,0.42,0.38,2025-11-05,955,N,VIIRS,n,2,295.44,6.84,D,2
35.53261,44.33837,340.56,0.42,0.38,2025-11-05,955,N,VIIRS,n,2,295.89,4.04,D,2
35.62643,44.0081,334.72,0.43,0.38,2025-11-05,955,N,VIIRS,n,2,302.82,22.24,D,2
35.62759,44.00971,342.71,0.43,0.38,2025-11-05,955,N,VIIRS,n,2,317.09,18.36,D,2
35.63071,44.01185,334.72,0.43,0.38,2025-11-05,955,N,VIIRS,n,2,304.46,20.43,D,2
35.63104,44.00876,340.87,0.43,0.38,2025-11-05,955,N,VIIRS,n,2,302.68,18.36,D,2
35.66316,43.96579,340.88,0.43,0.38,2025-11-05,955,N,VIIRS,n,2,301.77,4.87,D,2
35.67881,44.38801,367.0,0.42,0.38,2025-11-05,955,N,VIIRS,h,2,297.44,21.08,D,0
35.68686,43.87524,343.99,0.43,0.38,2025-11-05,955,N,VIIRS,n,2,306.75,36.44,D,2
35.72396,44.16495,335.04,0.42,0.38,2025-11-05,955,N,VIIRS,n,2,308.64,7.64,D,0
35.72478,44.16959,333.08,0.42,0.38,2025-11-05,955,N,VIIRS,n,2,299.65,7.64,D,0
35.72924,44.03188,335.98,0.43,0.38,2025-11-05,955,N,VIIRS,n,2,309.52,2.49,D,2
35.7742,43.99709,338.21,0.43,0.38,2025-11-05,955,N,VIIRS,n,2,308.67,5.09,D,2
35.83885,43.68793,337.21,0.44,0.38,2025-11-05,955,N,VIIRS,n,2,303.41,1.76,D,0
35.50612,36.31668,334.88,0.34,0.56,2025-11-05,956,N,VIIRS,n,2,302.47,2.7,D,0
36.16198,38.91278,349.46,0.47,0.48,2025-11-05,956,N,VIIRS,n,2,298.54,9.28,D,0
36.59057,39.10328,330.29,0.45,0.47,2025-11-05,956,N,VIIRS,n,2,301.18,1.97,D,0
36.68148,38.95133,337.73,0.46,0.47,2025-11-05,956,N,VIIRS,n,2,301.04,2.72,D,0
36.77497,43.32389,338.95,0.44,0.38,2025-11-05,956,N,VIIRS,n,2,311.65,7.68,D,2
36.84959,38.47036,330.8,0.48,0.48,2025-11-05,956,N,VIIRS,n,2,303.45,2.06,D,0
36.89271,43.4288,332.85,0.43,0.38,2025-11-05,956,N,VIIRS,n,2,297.97,3.04,D,2
36.90371,40.18372,342.89,0.39,0.44,2025-11-05,956,N,VIIRS,n,2,302.86,52.58,D,0
36.90743,43.38945,335.34,0.44,0.38,2025-11-05,956,N,VIIRS,n,2,298.17,3.42,D,2
36.91621,40.20279,350.48,0.39,0.44,2025-11-05,956,N,VIIRS,n,2,302.59,5.17,D,0
36.94071,42.17278,337.05,0.48,0.4,2025-11-05,956,N,VIIRS,n,2,308.92,3.78,D,2
36.94559,40.06346,341.18,0.4,0.44,2025-11-05,956,N,VIIRS,n,2,302.72,3.97,D,0
36.94715,40.06675,338.64,0.4,0.44,2025-11-05,956,N,VIIRS,n,2,300.21,4.17,D,0
36.94801,42.13134,336.15,0.48,0.4,2025-11-05,956,N,VIIRS,n,2,308.06,2.54,D,2
36.95175,40.08884,339.8,0.4,0.44,2025-11-05,956,N,VIIRS,n,2,302.02,4.08,D,0
36.95267,40.09325,341.66,0.4,0.44,2025-11-05,956,N,VIIRS,n,2,303.5,3.7,D,0
36.95415,36.61259,330.88,0.6,0.53,2025-11-05,956,N,VIIRS,n,2,301.27,4.75,D,0
36.95524,40.08858,367.0,0.4,0.44,2025-11-05,956,N,VIIRS,h,2,303.44,14.85,D,0
36.95618,40.09298,333.5,0.4,0.44,2025-11-05,956,N,VIIRS,n,2,300.84,5.47,D,0
36.95829,40.00312,331.14,0.4,0.44,2025-11-05,956,N,VIIRS,n,2,301.58,2.24,D,0
36.95924,40.00756,334.71,0.4,0.44,2025-11-05,956,N,VIIRS,n,2,301.25,3.25,D,0
36.9692,39.00095,334.58,0.45,0.47,2025-11-05,956,N,VIIRS,n,2,309.57,20.05,D,0
36.97031,39.00591,334.33,0.45,0.47,2025-11-05,956,N,VIIRS,n,2,298.74,15.18,D,0
36.99241,39.00375,340.54,0.45,0.47,2025-11-05,956,N,VIIRS,n,2,303.28,4.72,D,0
37.00372,40.09647,355.04,0.4,0.44,2025-11-05,956,N,VIIRS,n,2,305.49,14.0,D,0
37.00649,40.1096,333.08,0.39,0.44,2025-11-05,956,N,VIIRS,n,2,300.3,2.08,D,0
37.00742,40.11395,337.22,0.39,0.44,2025-11-05,956,N,VIIRS,n,2,304.46,5.46,D,0
37.00833,40.1183,355.74,0.39,0.44,2025-11-05,956,N,VIIRS,n,2,302.65,5.46,D,0
37.00925,40.12265,332.1,0.39,0.44,2025-11-05,956,N,VIIRS,n,2,299.18,3.06,D,0
37.01231,40.11702,355.2,0.39,0.44,2025-11-05,956,N,VIIRS,n,2,302.72,15.5,D,0
37.0172,40.12009,333.64,0.39,0.44,2025-11-05,956,N,VIIRS,n,2,300.82,5.46,D,0
37.02509,40.05661,342.13,0.4,0.44,2025-11-05,956,N,VIIRS,n,2,306.01,3.27,D,0
37.07888,42.55829,336.01,0.46,0.39,2025-11-05,956,N,VIIRS,n,2,306.26,3.71,D,2
37.09352,39.58622,342.76,0.42,0.45,2025-11-05,956,N,VIIRS,n,2,305.4,4.27,D,0
37.0976,39.58489,341.99,0.42,0.45,2025-11-05,956,N,VIIRS,n,2,300.64,4.27,D,0
37.23608,38.94331,335.14,0.45,0.47,2025-11-05,956,N,VIIRS,n,2,304.62,3.49,D,0
37.5206,39.25631,340.89,0.42,0.46,2025-11-05,956,N,VIIRS,n,2,304.4,6.52,D,0
37.52163,39.26107,341.34,0.42,0.46,2025-11-05,956,N,VIIRS,n,2,303.27,6.52,D,0
37.52776,39.24875,351.7,0.42,0.46,2025-11-05,956,N,VIIRS,n,2,307.44,7.84,D,0
37.55785,42.65699,335.12,0.45,0.39,2025-11-05,956,N,VIIRS,n,2,301.26,6.1,D,0
37.55931,39.31393,346.51,0.42,0.45,2025-11-05,956,N,VIIRS,n,2,303.82,6.18,D,0
37.56077,39.31524,340.88,0.42,0.45,2025-11-05,956,N,VIIRS,n,2,305.39,3.62,D,0
37.66032,39.4117,348.43,0.41,0.45,2025-11-05,956,N,VIIRS,n,2,305.31,5.56,D,0
37.69072,40.59142,341.16,0.55,0.42,2025-11-05,956,N,VIIRS,n,2,301.4,13.51,D,0
37.70474,40.76039,332.85,0.54,0.42,2025-11-05,956,N,VIIRS,n,2,300.18,3.51,D,0
37.71061,40.64926,343.92,0.54,0.42,2025-11-05,956,N,VIIRS,n,2,302.0,15.73,D,0
37.71172,38.93769,344.02,0.44,0.46,2025-11-05,956,N,VIIRS,n,2,305.5,6.24,D,0
37.76713,40.80949,343.74,0.53,0.42,2025-11-05,956,N,VIIRS,n,2,301.59,5.34,D,0
37.76778,40.80833,335.34,0.53,0.42,2025-11-05,956,N,VIIRS,n,2,302.61,8.68,D,0
37.88633,40.53119,348.42,0.55,0.42,2025-11-05,956,N,VIIRS,n,2,303.93,6.33,D,0
37.89019,40.53006,336.21,0.55,0.42,2025-11-05,956,N,VIIRS,n,2,302.0,6.33,D,0
37.92795,41.77079,335.29,0.48,0.4,2025-11-05,956,N,VIIRS,n,2,303.42,2.77,D,0
37.92902,41.77634,341.88,0.48,0.4,2025-11-05,956,N,VIIRS,n,2,303.98,2.77,D,0
38.05258,38.99874,333.84,0.43,0.46,2025-11-05,956,N,VIIRS,n,2,301.99,4.24,D,0
38.1207,39.72001,331.91,0.39,0.44,2025-11-05,956,N,VIIRS,n,2,303.23,1.91,D,0
38.15309,37.31554,334.62,0.52,0.5,2025-11-05,956,N,VIIRS,n,2,297.45,3.68,D,0
38.22806,37.11969,328.33,0.53,0.5,2025-11-05,956,N,VIIRS,n,2,297.13,2.77,D,0
38.28222,41.53059,330.81,0.49,0.4,2025-11-05,956,N,VIIRS,n,2,297.71,3.4,D,0
38.32711,37.21375,328.14,0.52,0.5,2025-11-05,956,N,VIIRS,n,2,297.76,2.53,D,0
38.35641,40.8555,329.75,0.52,0.41,2025-11-05,956,N,VIIRS,n,2,297.62,2.45,D,0
38.37239,43.46141,339.0,0.42,0.38,2025-11-05,956,N,VIIRS,n,2,296.59,5.61,D,0
38.37401,43.46396,347.84,0.42,0.38,2025-11-05,956,N,VIIRS,n,2,297.51,7.42,D,0
38.67173,43.28139,353.85,0.42,0.38,2025-11-05,956,N,VIIRS,n,2,295.37,6.18,D,0
38.70751,43.2812,346.52,0.42,0.38,2025-11-05,956,N,VIIRS,n,2,296.42,5.67,D,0
38.82996,42.92563,347.31,0.43,0.38,2025-11-05,956,N,VIIRS,n,2,296.04,8.06,D,0
38.99844,42.5703,346.52,0.44,0.38,2025-11-05,956,N,VIIRS,n,2,296.61,5.54,D,0
39.81258,42.60743,356.87,0.43,0.38,2025-11-05,956,N,VIIRS,n,2,296.15,12.9,D,0
40.00743,44.18227,331.52,0.39,0.36,2025-11-05,956,N,VIIRS,n,2,292.58,3.11,D,0
40.0104,44.04441,329.03,0.39,0.37,2025-11-05,956,N,VIIRS,n,2,293.11,3.0,D,0
40.04187,44.27423,329.25,0.39,0.36,2025-11-05,956,N,VIIRS,n,2,291.79,1.42,D,0
37.52951,31.83687,328.17,0.51,0.66,2025-11-05,957,N,VIIRS,n,2,296.48,4.75,D,0
37.6882,31.79141,330.93,0.51,0.66,2025-11-05,957,N,VIIRS,n,2,297.13,3.73,D,0
38.25215,32.14017,334.3,0.47,0.64,2025-11-05,957,N,VIIRS,n,2,294.29,4.19,D,0
38.2816,32.24313,326.94,0.46,0.64,2025-11-05,957,N,VIIRS,n,2,294.04,2.48,D,0
38.64452,27.54407,348.6,0.77,0.77,2025-11-05,957,N,VIIRS,n,2,287.69,9.87,D,0
38.6729,31.80479,330.4,0.48,0.64,2025-11-05,957,N,VIIRS,n,2,293.36,3.07,D,0
38.85616,32.0237,349.4,0.46,0.63,2025-11-05,957,N,VIIRS,n,2,296.22,6.92,D,0
38.85764,32.02884,332.86,0.46,0.63,2025-11-05,957,N,VIIRS,n,2,294.25,6.77,D,0
38.85769,32.0261,352.06,0.46,0.63,2025-11-05,957,N,VIIRS,n,2,295.62,8.19,D,0
38.85875,32.56194,367.0,0.43,0.62,2025-11-05,957,N,VIIRS,h,2,302.02,15.59,D,0
38.86423,32.55955,367.0,0.43,0.62,2025-11-05,957,N,VIIRS,h,2,294.94,15.59,D,0
38.89042,33.45266,332.96,0.39,0.59,2025-11-05,957,N,VIIRS,n,2,296.34,1.42,D,0
39.0935,31.66628,338.32,0.47,0.64,2025-11-05,957,N,VIIRS,n,2,291.57,4.09,D,0
39.23403,31.00652,326.26,0.5,0.66,2025-11-05,957,N,VIIRS,n,2,291.27,3.11,D,0
39.47956,32.73203,330.65,0.41,0.6,2025-11-05,957,N,VIIRS,n,2,295.6,3.24,D,0
39.78343,30.88252,342.0,0.49,0.65,2025-11-05,957,N,VIIRS,n,2,292.45,6.68,D,0
39.86747,30.82685,326.83,0.49,0.65,2025-11-05,957,N,VIIRS,n,2,292.35,2.58,D,0
40.06654,42.17855,341.0,0.44,0.38,2025-11-05,957,N,VIIRS,n,2,293.2,3.25,D,0
40.66924,43.38321,345.76,0.4,0.37,2025-11-05,957,N,VIIRS,n,2,294.73,5.53,D,0
40.67004,43.38787,338.15,0.4,0.37,2025-11-05,957,N,VIIRS,n,2,293.26,4.86,D,0
40.96165,43.90118,329.28,0.39,0.36,2025-11-05,957,N,VIIRS,n,2,289.91,1.88,D,0
40.98552,43.83657,334.3,0.39,0.36,2025-11-05,957,N,VIIRS,n,2,292.59,4.26,D,0
41.63597,35.83578,325.32,0.5,0.49,2025-11-05,957,N,VIIRS,n,2,289.03,3.99,D,0
41.65891,35.99289,327.56,0.49,0.49,2025-11-05,957,N,VIIRS,n,2,288.1,2.91,D,0
41.71347,42.32923,331.92,0.41,0.37,2025-11-05,957,N,VIIRS,n,2,283.22,3.43,D,0
36.79444,35.42683,343.53,0.53,0.67,2025-11-05,1137,N,VIIRS,n,2,299.51,5.71,D,0
36.79698,35.42633,346.04,0.53,0.67,2025-11-05,1137,N,VIIRS,n,2,299.69,4.32,D,0
36.85887,34.62671,351.7,0.48,0.64,2025-11-05,1137,N,VIIRS,n,2,299.82,7.7,D,0
36.86023,34.62396,367.0,0.48,0.65,2025-11-05,1137,N,VIIRS,h,2,300.14,8.17,D,0
37.35007,30.50412,340.76,0.57,0.52,2025-11-05,1137,N,VIIRS,n,2,300.91,9.8,D,0
37.47313,27.51639,326.31,0.4,0.44,2025-11-05,1137,N,VIIRS,n,2,295.03,2.2,D,0
37.58699,28.94688,339.74,0.47,0.48,2025-11-05,1137,N,VIIRS,n,2,296.6,6.11,D,0
37.91082,33.6887,332.17,0.43,0.62,2025-11-05,1137,N,VIIRS,n,2,295.43,3.29,D,0
37.98777,29.45015,342.52,0.51,0.49,2025-11-05,1137,N,VIIRS,n,2,296.31,6.95,D,0
37.99187,27.33225,337.74,0.4,0.44,2025-11-05,1137,N,VIIRS,n,2,291.34,4.4,D,0
38.04226,29.50174,340.14,0.51,0.5,2025-11-05,1137,N,VIIRS,n,2,298.45,6.92,D,0
38.04277,29.49755,335.53,0.51,0.5,2025-11-05,1137,N,VIIRS,n,2,297.41,3.28,D,0
38.1759,29.62201,344.17,0.52,0.5,2025-11-05,1137,N,VIIRS,n,2,300.78,6.35,D,0
38.48973,32.28383,344.64,0.37,0.58,2025-11-05,1137,N,VIIRS,n,2,294.52,23.24,D,0
38.48997,32.28809,356.91,0.37,0.58,2025-11-05,1137,N,VIIRS,n,2,316.36,87.43,D,0
38.54393,32.77126,345.28,0.39,0.59,2025-11-05,1137,N,VIIRS,n,2,294.91,5.57,D,0
38.73083,30.7665,346.43,0.61,0.53,2025-11-05,1137,N,VIIRS,n,2,296.61,9.81,D,0
38.84356,32.07183,344.53,0.36,0.57,2025-11-05,1137,N,VIIRS,n,2,295.55,5.04,D,0
38.84601,32.07108,342.03,0.36,0.57,2025-11-05,1137,N,VIIRS,n,2,295.02,4.22,D,0
39.3763,31.20886,336.81,0.33,0.55,2025-11-05,1137,N,VIIRS,n,2,294.69,2.73,D,0
39.38391,31.87717,345.31,0.36,0.57,2025-11-05,1137,N,VIIRS,n,2,293.28,4.08,D,0
39.39602,31.11359,350.93,0.32,0.55,2025-11-05,1137,N,VIIRS,n,2,293.38,6.75,D,0
39.39627,31.11744,367.0,0.32,0.55,2025-11-05,1137,N,VIIRS,h,2,298.15,6.75,D,0
39.88944,30.92,367.0,0.32,0.55,2025-11-05,1138,N,VIIRS,h,2,297.89,6.78,D,0
39.88968,30.92376,340.84,0.32,0.55,2025-11-05,1138,N,VIIRS,n,2,295.25,6.78,D,0
42.12284,43.00974,295.21,0.43,0.62,2025-11-05,2215,N,VIIRS,n,2,277.95,0.41,N,2
42.12318,43.01076,295.57,0.43,0.62,2025-11-05,2215,N,VIIRS,n,2,278.14,0.4,N,2
35.52512,44.34148,343.03,0.64,0.54,2025-11-05,2216,N,VIIRS,n,2,285.9,6.89,N,2
35.53018,44.34212,338.4,0.64,0.54,2025-11-05,2216,N,VIIRS,n,2,285.79,5.42,N,2
35.53059,44.33669,324.35,0.32,0.54,2025-11-05,2216,N,VIIRS,n,2,286.0,3.59,N,2
35.53387,44.3398,298.98,0.32,0.54,2025-11-05,2216,N,VIIRS,n,2,283.42,0.5,N,2
35.53413,44.33619,334.5,0.32,0.54,2025-11-05,2216,N,VIIRS,n,2,286.19,2.12,N,2
35.53564,44.3374,325.81,0.32,0.54,2025-11-05,2216,N,VIIRS,n,2,285.3,3.59,N,2
35.56525,44.32967,310.45,0.32,0.54,2025-11-05,2216,N,VIIRS,n,2,286.22,0.93,N,0
35.62421,44.00889,304.09,0.33,0.55,2025-11-05,2216,N,VIIRS,n,2,283.75,0.97,N,2
35.62939,44.00935,351.02,0.33,0.55,2025-11-05,2216,N,VIIRS,n,2,294.72,13.65,N,2
35.62965,44.00556,333.55,0.33,0.55,2025-11-05,2216,N,VIIRS,n,2,284.9,12.5,N,2
35.65874,43.96363,312.61,0.33,0.56,2025-11-05,2216,N,VIIRS,n,2,282.78,1.07,N,2
35.66391,43.96429,340.44,0.33,0.56,2025-11-05,2216,N,VIIRS,n,2,286.33,2.37,N,2
35.66439,43.96619,299.07,0.33,0.56,2025-11-05,2216,N,VIIRS,n,2,283.61,0.58,N,2
35.66464,43.96243,312.86,0.34,0.56,2025-11-05,2216,N,VIIRS,n,2,283.17,0.83,N,2
35.67851,44.06571,305.97,0.33,0.55,2025-11-05,2216,N,VIIRS,n,2,284.7,0.43,N,2
35.68064,43.87793,312.81,0.34,0.56,2025-11-05,2216,N,VIIRS,n,2,281.95,12.86,N,2
35.68084,43.87591,367.0,0.34,0.56,2025-11-05,2216,N,VIIRS,h,2,283.37,13.0,N,2
35.68092,43.87412,335.73,0.34,0.56,2025-11-05,2216,N,VIIRS,n,2,283.26,15.29,N,2
35.68109,43.8721,313.91,0.34,0.56,2025-11-05,2216,N,VIIRS,n,2,282.49,18.72,N,2
35.68579,43.88037,298.35,0.34,0.56,2025-11-05,2216,N,VIIRS,n,2,282.0,13.0,N,2
35.68585,43.87856,331.46,0.34,0.56,2025-11-05,2216,N,VIIRS,n,2,290.09,12.86,N,2
35.68604,43.87657,323.74,0.34,0.56,2025-11-05,2216,N,VIIRS,n,2,303.75,13.0,N,2
35.68612,43.87477,367.0,0.34,0.56,2025-11-05,2216,N,VIIRS,h,2,299.67,15.29,N,2
35.68629,43.87278,367.0,0.34,0.56,2025-11-05,2216,N,VIIRS,h,2,286.64,18.72,N,2
35.6864,43.87098,298.38,0.34,0.56,2025-11-05,2216,N,VIIRS,n,2,282.33,15.29,N,2
35.72178,44.04148,318.95,0.33,0.55,2025-11-05,2216,N,VIIRS,n,2,284.58,1.63,N,2
35.72204,44.03767,339.39,0.33,0.55,2025-11-05,2216,N,VIIRS,n,2,285.65,3.24,N,2
35.72692,44.04224,298.54,0.33,0.55,2025-11-05,2216,N,VIIRS,n,2,283.26,1.63,N,2
35.72719,44.0385,314.59,0.33,0.55,2025-11-05,2216,N,VIIRS,n,2,286.24,3.24,N,2
35.72773,44.03086,330.5,0.33,0.55,2025-11-05,2216,N,VIIRS,n,2,285.34,2.18,N,2
35.77202,43.99472,351.74,0.33,0.56,2025-11-05,2216,N,VIIRS,n,2,288.24,3.03,N,2
35.77324,43.99356,335.01,0.33,0.56,2025-11-05,2216,N,VIIRS,n,2,288.06,2.86,N,2
35.81271,43.25416,295.3,0.37,0.58,2025-11-05,2216,N,VIIRS,n,2,284.1,0.54,N,2
35.96704,43.76658,337.73,0.35,0.56,2025-11-05,2216,N,VIIRS,n,2,289.93,4.89,N,2
35.9673,43.76277,367.0,0.35,0.56,2025-11-05,2216,N,VIIRS,h,2,289.59,5.12,N,2
35.96757,43.75891,306.87,0.35,0.56,2025-11-05,2216,N,VIIRS,n,2,285.91,5.12,N,0
35.97206,43.77067,301.21,0.35,0.56,2025-11-05,2216,N,VIIRS,n,2,286.99,0.86,N,2
35.97759,43.76718,312.26,0.35,0.56,2025-11-05,2216,N,VIIRS,n,2,285.28,0.86,N,2
35.98286,43.76756,318.4,0.35,0.56,2025-11-05,2216,N,VIIRS,n,2,285.46,1.11,N,2
35.99644,43.71148,295.4,0.35,0.57,2025-11-05,2216,N,VIIRS,n,2,283.44,0.36,N,0
35.9972,43.71359,298.2,0.35,0.57,2025-11-05,2216,N,VIIRS,n,2,283.43,0.26,N,0
35.99872,43.75919,303.16,0.35,0.56,2025-11-05,2216,N,VIIRS,n,2,284.01,0.72,N,2
35.9992,43.7611,297.23,0.35,0.56,2025-11-05,2216,N,VIIRS,n,2,283.47,0.54,N,2
36.01556,43.67903,302.27,0.35,0.57,2025-11-05,2216,N,VIIRS,n,2,282.88,0.82,N,2
36.01961,43.68153,301.06,0.35,0.57,2025-11-05,2216,N,VIIRS,n,2,284.03,0.33,N,2
36.08101,43.63903,304.51,0.35,0.57,2025-11-05,2216,N,VIIRS,n,2,282.11,0.52,N,2
36.09772,43.62863,304.91,0.35,0.57,2025-11-05,2216,N,VIIRS,n,2,281.0,0.56,N,2
36.14293,40.81016,310.7,0.51,0.66,2025-11-05,2216,N,VIIRS,n,2,281.79,1.98,N,2
36.14399,40.81658,297.31,0.51,0.66,2025-11-05,2216,N,VIIRS,n,2,281.7,0.96,N,2
36.14425,40.81067,303.06,0.51,0.66,2025-11-05,2216,N,VIIRS,n,2,281.41,0.96,N,2
36.45449,41.28168,296.41,0.48,0.65,2025-11-05,2216,N,VIIRS,n,2,281.12,0.4,N,2
36.45599,42.66744,298.31,0.4,0.6,2025-11-05,2216,N,VIIRS,n,2,281.15,0.71,N,0
36.68855,44.06815,295.5,0.34,0.56,2025-11-05,2216,N,VIIRS,n,2,283.5,0.33,N,0
36.69374,44.06887,296.23,0.34,0.56,2025-11-05,2216,N,VIIRS,n,2,284.07,0.33,N,0
36.729,43.27911,310.23,0.37,0.58,2025-11-05,2216,N,VIIRS,n,2,281.6,0.88,N,2
36.74457,43.49548,305.16,0.36,0.58,2025-11-05,2216,N,VIIRS,n,2,282.11,1.22,N,0
36.7478,43.499,298.48,0.36,0.58,2025-11-05,2216,N,VIIRS,n,2,284.03,1.41,N,2
36.77534,43.32491,367.0,0.37,0.58,2025-11-05,2216,N,VIIRS,h,2,289.86,5.35,N,2
36.77562,43.32053,301.03,0.37,0.58,2025-11-05,2216,N,VIIRS,n,2,283.7,4.54,N,2
36.77619,43.32643,327.79,0.37,0.58,2025-11-05,2216,N,VIIRS,n,2,287.37,3.24,N,2
36.77646,43.32183,343.59,0.37,0.58,2025-11-05,2216,N,VIIRS,n,2,286.13,3.24,N,2
36.86453,43.5208,296.22,0.36,0.58,2025-11-05,2216,N,VIIRS,n,2,282.29,0.82,N,0
36.8665,43.48754,333.17,0.37,0.58,2025-11-05,2216,N,VIIRS,n,2,282.85,2.66,N,2
36.86752,43.5192,304.6,0.36,0.58,2025-11-05,2216,N,VIIRS,n,2,281.7,0.8,N,0
36.86968,43.48618,333.59,0.37,0.58,2025-11-05,2216,N,VIIRS,n,2,282.7,2.59,N,2
36.89186,43.42583,337.46,0.37,0.58,2025-11-05,2216,N,VIIRS,n,2,279.78,3.52,N,2
36.90518,43.38514,347.63,0.37,0.58,2025-11-05,2216,N,VIIRS,n,2,282.24,4.5,N,2
36.91553,41.89495,297.1,0.45,0.63,2025-11-05,2216,N,VIIRS,n,2,279.22,0.61,N,2
36.93255,42.13235,297.79,0.44,0.62,2025-11-05,2216,N,VIIRS,n,2,281.83,1.14,N,2
36.93279,42.12729,299.08,0.44,0.62,2025-11-05,2216,N,VIIRS,n,2,281.87,1.14,N,2
36.93293,42.12875,314.59,0.44,0.62,2025-11-05,2216,N,VIIRS,n,2,282.22,2.37,N,2
36.93927,42.11917,296.09,0.44,0.62,2025-11-05,2216,N,VIIRS,n,2,282.02,1.55,N,2
36.94228,42.17292,299.61,0.43,0.62,2025-11-05,2216,N,VIIRS,n,2,281.16,1.1,N,2
36.94242,42.16927,327.04,0.43,0.62,2025-11-05,2216,N,VIIRS,n,2,282.71,2.67,N,2
36.94251,42.16798,315.23,0.43,0.62,2025-11-05,2216,N,VIIRS,n,2,282.21,1.1,N,2
36.9444,42.12844,340.65,0.44,0.62,2025-11-05,2216,N,VIIRS,n,2,284.21,2.26,N,2
36.94453,42.12984,350.66,0.44,0.62,2025-11-05,2216,N,VIIRS,n,2,284.09,4.76,N,2
36.95021,42.12891,295.81,0.44,0.62,2025-11-05,2216,N,VIIRS,n,2,282.23,2.26,N,2
36.96022,41.64825,296.12,0.46,0.64,2025-11-05,2216,N,VIIRS,n,2,280.63,0.47,N,0
36.96429,42.07861,295.25,0.44,0.62,2025-11-05,2216,N,VIIRS,n,2,281.11,0.63,N,2
37.07883,42.55745,307.52,0.41,0.61,2025-11-05,2216,N,VIIRS,n,2,285.39,0.97,N,2
37.07909,42.55257,300.52,0.41,0.61,2025-11-05,2216,N,VIIRS,n,2,283.53,0.97,N,2
36.68888,44.07064,296.62,0.53,0.67,2025-11-05,2356,N,VIIRS,n,2,281.68,0.68,N,0
36.74852,43.50225,296.58,0.5,0.65,2025-11-05,2356,N,VIIRS,n,2,279.66,0.83,N,2
36.77286,43.32537,339.79,0.48,0.65,2025-11-05,2356,N,VIIRS,n,2,282.57,3.25,N,2
36.77449,43.31962,296.92,0.48,0.65,2025-11-05,2356,N,VIIRS,n,2,282.08,5.98,N,2
36.77907,43.32616,322.82,0.48,0.65,2025-11-05,2356,N,VIIRS,n,2,286.03,3.25,N,2
36.86685,43.48699,324.3,0.49,0.65,2025-11-05,2356,N,VIIRS,n,2,282.8,2.95,N,2
36.86784,43.52409,301.35,0.49,0.65,2025-11-05,2356,N,VIIRS,n,2,281.83,0.54,N,0
36.86988,43.494,311.87,0.49,0.65,2025-11-05,2356,N,VIIRS,n,2,282.62,3.34,N,2
36.87155,43.49317,299.64,0.49,0.65,2025-11-05,2356,N,VIIRS,n,2,281.89,0.8,N,2
36.88916,43.43239,326.22,0.49,0.65,2025-11-05,2356,N,VIIRS,n,2,281.11,4.13,N,2
36.89259,43.43657,299.86,0.49,0.65,2025-11-05,2356,N,VIIRS,n,2,279.84,1.76,N,0
36.89429,43.43054,320.08,0.49,0.65,2025-11-05,2356,N,VIIRS,n,2,281.39,1.76,N,2
36.90505,43.39246,341.23,0.49,0.65,2025-11-05,2356,N,VIIRS,n,2,281.98,5.03,N,2
36.90592,43.39672,304.81,0.49,0.65,2025-11-05,2356,N,VIIRS,n,2,279.9,2.33,N,2
36.90752,43.3912,322.94,0.49,0.65,2025-11-05,2356,N,VIIRS,n,2,280.94,3.9,N,2
36.93294,42.13124,300.03,0.42,0.61,2025-11-05,2356,N,VIIRS,n,2,281.38,0.57,N,2
36.93835,42.1335,304.86,0.42,0.61,2025-11-05,2356,N,VIIRS,n,2,282.43,0.57,N,2
36.94023,42.17058,319.52,0.42,0.61,2025-11-05,2356,N,VIIRS,n,2,282.98,1.6,N,2
36.94501,42.13122,332.28,0.42,0.61,2025-11-05,2356,N,VIIRS,n,2,283.42,3.23,N,2
36.96388,42.08437,301.66,0.41,0.61,2025-11-05,2356,N,VIIRS,n,2,280.06,0.5,N,2
37.076,42.55655,310.14,0.43,0.62,2025-11-05,2356,N,VIIRS,n,2,283.25,1.92,N,2
37.33966,40.80313,296.74,0.35,0.56,2025-11-05,2356,N,VIIRS,n,2,281.68,0.6,N,2
38.45438,38.72822,296.37,0.51,0.49,2025-11-05,2356,N,VIIRS,n,2,280.96,0.7,N,2
38.66303,39.23282,297.23,0.53,0.5,2025-11-05,2356,N,VIIRS,n,2,278.97,0.79,N,2
39.48349,30.04204,302.1,0.38,0.36,2025-11-05,2356,N,VIIRS,n,2,273.54,0.93,N,2
39.83673,30.30175,305.87,0.38,0.36,2025-11-05,2356,N,VIIRS,n,2,271.72,0.86,N,2
39.94293,33.19178,303.45,0.42,0.38,2025-11-05,2356,N,VIIRS,n,2,279.09,1.16,N,2
39.94504,33.19072,307.62,0.42,0.38,2025-11-05,2356,N,VIIRS,n,2,280.6,1.27,N,2
40.24191,29.92632,305.12,0.39,0.36,2025-11-05,2356,N,VIIRS,n,2,279.76,0.83,N,2
40.26073,30.04147,303.99,0.38,0.36,2025-11-05,2356,N,VIIRS,n,2,277.39,0.86,N,2
40.76647,32.21619,297.88,0.39,0.37,2025-11-05,2356,N,VIIRS,n,2,271.69,0.87,N,2
41.17506,32.63117,299.62,0.4,0.37,2025-11-05,2356,N,VIIRS,n,2,280.3,1.03,N,2
41.19081,32.62125,303.43,0.4,0.37,2025-11-05,2356,N,VIIRS,n,2,279.68,0.87,N,2
41.56662,32.42801,298.62,0.39,0.36,2025-11-05,2356,N,VIIRS,n,2,279.37,0.58,N,0
35.52553,44.34319,336.24,0.59,0.7,2025-11-05,2357,N,VIIRS,n,2,284.5,4.04,N,2
35.52738,44.337,322.64,0.59,0.7,2025-11-05,2357,N,VIIRS,n,2,284.19,4.04,N,2
35.53363,44.33953,339.98,0.59,0.7,2025-11-05,2357,N,VIIRS,n,2,285.24,4.04,N,2
35.56425,44.33066,330.18,0.59,0.7,2025-11-05,2357,N,VIIRS,n,2,285.1,3.44,N,0
35.62436,44.01078,304.17,0.56,0.69,2025-11-05,2357,N,VIIRS,n,2,282.52,3.57,N,2
35.62611,44.00485,321.3,0.56,0.69,2025-11-05,2357,N,VIIRS,n,2,282.9,3.57,N,2
35.63039,44.01364,314.29,0.56,0.69,2025-11-05,2357,N,VIIRS,n,2,282.8,3.57,N,2
35.63213,44.00773,349.83,0.56,0.69,2025-11-05,2357,N,VIIRS,n,2,285.96,3.57,N,2
35.65866,43.96423,310.48,0.56,0.69,2025-11-05,2357,N,VIIRS,n,2,281.14,1.36,N,2
35.66475,43.96679,327.44,0.56,0.69,2025-11-05,2357,N,VIIRS,n,2,283.07,2.21,N,2
35.67918,44.06644,299.26,0.56,0.69,2025-11-05,2357,N,VIIRS,n,2,283.3,0.87,N,2
35.68324,43.88046,348.12,0.55,0.68,2025-11-05,2357,N,VIIRS,n,2,283.07,24.72,N,2
35.68501,43.87444,367.0,0.55,0.68,2025-11-05,2357,N,VIIRS,h,2,291.84,42.77,N,2
35.72081,44.0421,318.79,0.56,0.69,2025-11-05,2357,N,VIIRS,n,2,282.79,2.71,N,2
35.72258,44.03612,300.76,0.56,0.69,2025-11-05,2357,N,VIIRS,n,2,283.08,2.96,N,2
35.72696,44.04452,320.73,0.56,0.69,2025-11-05,2357,N,VIIRS,n,2,283.22,2.55,N,2
35.72878,44.03837,310.33,0.56,0.69,2025-11-05,2357,N,VIIRS,n,2,284.17,2.34,N,2
35.73055,44.03241,316.01,0.56,0.69,2025-11-05,2357,N,VIIRS,n,2,283.74,2.34,N,2
35.76918,43.99428,303.73,0.56,0.69,2025-11-05,2357,N,VIIRS,n,2,282.48,1.12,N,2
35.77533,43.99663,318.22,0.56,0.69,2025-11-05,2357,N,VIIRS,n,2,284.58,1.12,N,2
35.95149,43.72925,298.37,0.53,0.67,2025-11-05,2357,N,VIIRS,n,2,283.73,1.16,N,2
35.96706,43.76822,367.0,0.54,0.68,2025-11-05,2357,N,VIIRS,h,2,288.94,16.23,N,2
35.96878,43.76226,333.68,0.54,0.68,2025-11-05,2357,N,VIIRS,n,2,286.65,12.88,N,2
35.97878,43.76797,310.77,0.54,0.67,2025-11-05,2357,N,VIIRS,n,2,284.01,2.05,N,2
35.98042,43.76854,313.67,0.54,0.68,2025-11-05,2357,N,VIIRS,n,2,284.82,2.71,N,2
35.99556,43.76265,297.98,0.53,0.67,2025-11-05,2357,N,VIIRS,n,2,281.37,1.41,N,2
36.01749,43.68226,299.38,0.53,0.67,2025-11-05,2357,N,VIIRS,n,2,282.0,0.49,N,2
36.01864,43.68248,301.79,0.53,0.67,2025-11-05,2357,N,VIIRS,n,2,282.68,0.78,N,2
36.09953,43.63001,295.47,0.52,0.67,2025-11-05,2357,N,VIIRS,n,2,280.12,0.5,N,2
36.1287,40.80878,302.34,0.37,0.58,2025-11-05,2357,N,VIIRS,n,2,282.24,0.64,N,2
36.12879,43.78343,297.35,0.53,0.67,2025-11-05,2357,N,VIIRS,n,2,284.45,1.19,N,2
36.14126,40.81663,303.93,0.37,0.58,2025-11-05,2357,N,VIIRS,n,2,280.44,1.34,N,2
36.26134,33.72791,298.77,0.49,0.4,2025-11-05,2357,N,VIIRS,n,2,282.11,1.89,N,2
36.34966,42.07713,296.1,0.43,0.62,2025-11-05,2357,N,VIIRS,n,2,285.85,0.45,N,2
36.45668,41.28082,297.89,0.39,0.59,2025-11-05,2357,N,VIIRS,n,2,280.64,0.41,N,2
36.45791,41.28125,300.53,0.39,0.59,2025-11-05,2357,N,VIIRS,n,2,281.01,0.6,N,2
36.69188,36.20481,307.41,0.42,0.45,2025-11-05,2357,N,VIIRS,n,2,294.0,0.99,N,2
36.69849,36.20055,309.92,0.41,0.45,2025-11-05,2357,N,VIIRS,n,2,292.02,1.54,N,0
36.71574,36.20131,310.63,0.41,0.45,2025-11-05,2357,N,VIIRS,n,2,290.54,0.73,N,2
36.71979,36.20271,309.01,0.41,0.45,2025-11-05,2357,N,VIIRS,n,2,289.52,0.36,N,2
36.72691,36.20991,303.43,0.41,0.45,2025-11-05,2357,N,VIIRS,n,2,290.14,1.15,N,2
36.73095,36.21136,317.67,0.41,0.45,2025-11-05,2357,N,VIIRS,n,2,296.17,1.15,N,2
36.73599,36.20818,310.83,0.41,0.45,2025-11-05,2357,N,VIIRS,n,2,295.27,1.82,N,2
36.87056,34.76254,304.86,0.53,0.42,2025-11-05,2357,N,VIIRS,n,2,286.59,1.29,N,2
37.29484,37.15698,305.87,0.45,0.47,2025-11-05,2357,N,VIIRS,n,2,285.88,1.5,N,2
37.35262,37.16158,298.28,0.45,0.47,2025-11-05,2357,N,VIIRS,n,2,286.01,0.54,N,2
37.86179,29.37473,299.07,0.38,0.36,2025-11-05,2357,N,VIIRS,n,2,272.58,0.79,N,2
39.16594,27.63036,296.06,0.41,0.37,2025-11-05,2357,N,VIIRS,n,2,284.24,0.65,N,2
39.16939,27.63096,297.49,0.41,0.37,2025-11-05,2357,N,VIIRS,n,2,285.58,0.65,N,2
35.52735,44.33947,341.44,0.45,0.47,2025-11-06,936,N,VIIRS,n,2,304.24,3.26,D,2
35.52842,44.34442,339.76,0.45,0.47,2025-11-06,936,N,VIIRS,n,2,303.27,4.81,D,2
35.53157,44.33813,345.17,0.45,0.47,2025-11-06,936,N,VIIRS,n,2,305.46,6.66,D,2
35.53359,44.33944,337.1,0.45,0.47,2025-11-06,936,N,VIIRS,n,2,302.35,3.63,D,2
35.62926,44.00588,332.47,0.47,0.47,2025-11-06,937,N,VIIRS,n,2,301.15,14.27,D,2
35.63039,44.01094,341.77,0.47,0.47,2025-11-06,937,N,VIIRS,n,2,307.01,14.27,D,2
35.66112,43.963,339.34,0.47,0.48,2025-11-06,937,N,VIIRS,n,2,302.18,5.94,D,2
35.68733,43.876,355.5,0.47,0.48,2025-11-06,937,N,VIIRS,n,2,302.62,15.34,D,2
35.72372,44.03855,341.09,0.46,0.47,2025-11-06,937,N,VIIRS,n,2,304.29,3.95,D,2
35.72686,44.03214,337.52,0.46,0.47,2025-11-06,937,N,VIIRS,n,2,304.75,3.95,D,2
35.73187,44.26609,334.74,0.45,0.47,2025-11-06,937,N,VIIRS,n,2,300.8,4.37,D,0
35.77367,43.99563,340.16,0.46,0.47,2025-11-06,937,N,VIIRS,n,2,304.19,3.95,D,2
35.96634,43.7645,341.4,0.47,0.48,2025-11-06,937,N,VIIRS,n,2,303.21,6.87,D,2
35.96693,43.76693,342.36,0.47,0.48,2025-11-06,937,N,VIIRS,n,2,303.76,6.32,D,2
36.14376,40.81506,336.21,0.33,0.56,2025-11-06,937,N,VIIRS,n,2,301.24,1.88,D,2
36.28453,43.76708,331.73,0.46,0.47,2025-11-06,937,N,VIIRS,n,2,301.31,2.6,D,0
36.70225,39.16219,332.35,0.4,0.6,2025-11-06,937,N,VIIRS,n,2,294.41,3.29,D,0
36.77534,43.3278,341.1,0.48,0.48,2025-11-06,937,N,VIIRS,n,2,303.07,6.77,D,2
36.91914,43.39359,340.31,0.47,0.48,2025-11-06,937,N,VIIRS,n,2,293.46,7.53,D,0
36.9291,38.91364,331.48,0.4,0.6,2025-11-06,937,N,VIIRS,n,2,293.74,6.12,D,0
36.93985,42.17438,335.53,0.54,0.51,2025-11-06,937,N,VIIRS,n,2,302.47,3.2,D,2
37.00565,39.08983,334.73,0.39,0.59,2025-11-06,937,N,VIIRS,n,2,295.77,3.87,D,0
37.00835,39.12209,334.23,0.39,0.59,2025-11-06,937,N,VIIRS,n,2,297.18,3.73,D,0
37.03933,39.06189,340.37,0.39,0.6,2025-11-06,937,N,VIIRS,n,2,296.75,3.9,D,0
37.03991,39.0624,350.34,0.39,0.59,2025-11-06,937,N,VIIRS,n,2,297.77,4.39,D,0
37.04046,39.0662,327.88,0.39,0.6,2025-11-06,937,N,VIIRS,n,2,296.04,4.68,D,0
37.05707,39.10715,356.66,0.39,0.59,2025-11-06,937,N,VIIRS,n,2,302.73,10.91,D,0
37.05792,39.10752,367.0,0.39,0.59,2025-11-06,937,N,VIIRS,h,2,305.84,24.15,D,0
37.0582,39.11147,337.02,0.39,0.59,2025-11-06,937,N,VIIRS,n,2,296.9,10.91,D,0
37.06286,38.42602,347.87,0.42,0.61,2025-11-06,937,N,VIIRS,n,2,292.32,7.15,D,0
37.34492,36.83547,326.47,0.5,0.66,2025-11-06,937,N,VIIRS,n,2,293.51,3.84,D,0
37.52266,39.40147,332.28,0.37,0.58,2025-11-06,937,N,VIIRS,n,2,299.42,4.02,D,0
37.53081,39.38906,349.28,0.37,0.58,2025-11-06,937,N,VIIRS,n,2,294.58,8.13,D,0
37.53189,39.39323,367.0,0.37,0.58,2025-11-06,937,N,VIIRS,h,2,297.66,13.15,D,0
37.55376,39.43347,330.15,0.36,0.58,2025-11-06,937,N,VIIRS,n,2,293.76,2.6,D,0
37.69901,40.83897,354.42,0.61,0.53,2025-11-06,937,N,VIIRS,n,2,297.42,14.75,D,0
37.7024,40.83873,349.21,0.61,0.54,2025-11-06,937,N,VIIRS,n,2,295.0,12.41,D,0
37.73156,44.12549,332.65,0.42,0.45,2025-11-06,937,N,VIIRS,n,2,295.88,2.25,D,0
37.89648,40.8715,335.14,0.6,0.53,2025-11-06,937,N,VIIRS,n,2,293.93,10.0,D,0
38.02855,41.12162,330.14,0.58,0.52,2025-11-06,937,N,VIIRS,n,2,297.14,3.12,D,0
38.94596,44.19598,342.93,0.39,0.44,2025-11-06,937,N,VIIRS,n,2,295.83,6.89,D,0
40.04113,44.24359,330.18,0.55,0.43,2025-11-06,938,N,VIIRS,n,2,292.71,4.5,D,0
40.0417,44.24367,330.69,0.55,0.43,2025-11-06,938,N,VIIRS,n,2,292.4,4.21,D,0
40.04248,44.24994,326.68,0.55,0.43,2025-11-06,938,N,VIIRS,n,2,290.73,4.5,D,0
40.04302,44.25003,329.79,0.55,0.43,2025-11-06,938,N,VIIRS,n,2,291.18,5.36,D,0
41.2402,43.54009,332.51,0.56,0.43,2025-11-06,938,N,VIIRS,n,2,291.22,5.07,D,0
36.15365,37.51661,351.62,0.37,0.58,2025-11-06,1117,N,VIIRS,n,2,299.72,6.31,D,0
36.16675,37.52872,336.3,0.37,0.58,2025-11-06,1117,N,VIIRS,n,2,301.63,2.82,D,0
36.17073,37.52781,349.57,0.37,0.58,2025-11-06,1117,N,VIIRS,n,2,300.33,4.58,D,0
36.17218,37.5282,344.73,0.37,0.58,2025-11-06,1117,N,VIIRS,n,2,298.59,2.82,D,0
36.18501,37.6684,352.47,0.38,0.59,2025-11-06,1117,N,VIIRS,n,2,301.25,6.26,D,0
36.18536,37.66465,336.32,0.38,0.59,2025-11-06,1117,N,VIIRS,n,2,298.44,4.03,D,0
36.18561,37.66902,341.19,0.38,0.59,2025-11-06,1117,N,VIIRS,n,2,299.93,5.93,D,0
36.70151,39.36469,341.12,0.48,0.64,2025-11-06,1118,N,VIIRS,n,2,292.23,4.75,D,0
36.70312,39.36225,331.05,0.48,0.64,2025-11-06,1118,N,VIIRS,n,2,292.25,3.89,D,0
36.75434,38.69021,329.06,0.44,0.62,2025-11-06,1118,N,VIIRS,n,2,295.75,3.7,D,0
36.75551,38.69404,328.87,0.44,0.62,2025-11-06,1118,N,VIIRS,n,2,296.33,3.05,D,0
36.77777,43.32227,340.4,0.78,0.78,2025-11-06,1118,N,VIIRS,n,2,295.52,7.07,D,2
36.77796,43.32321,341.86,0.78,0.78,2025-11-06,1118,N,VIIRS,n,2,295.67,8.91,D,2
36.82,38.97023,330.93,0.45,0.63,2025-11-06,1118,N,VIIRS,n,2,294.95,3.84,D,0
36.82024,38.97554,328.28,0.45,0.63,2025-11-06,1118,N,VIIRS,n,2,294.55,4.87,D,0
36.94025,38.92258,349.68,0.45,0.63,2025-11-06,1118,N,VIIRS,n,2,294.06,5.76,D,0
36.95893,40.13314,351.87,0.53,0.67,2025-11-06,1118,N,VIIRS,n,2,294.49,10.88,D,0
36.95915,40.13926,339.55,0.53,0.67,2025-11-06,1118,N,VIIRS,n,2,295.3,14.22,D,0
36.99778,40.16173,354.15,0.53,0.67,2025-11-06,1118,N,VIIRS,n,2,294.32,11.48,D,0
37.00235,39.10431,357.69,0.46,0.64,2025-11-06,1118,N,VIIRS,n,2,295.52,9.92,D,0
37.00468,39.10312,355.78,0.46,0.64,2025-11-06,1118,N,VIIRS,n,2,293.78,11.08,D,0
37.00491,39.10846,352.79,0.46,0.64,2025-11-06,1118,N,VIIRS,n,2,294.35,14.76,D,0
37.00589,40.21095,350.06,0.53,0.67,2025-11-06,1118,N,VIIRS,n,2,295.33,13.36,D,0
37.00832,39.10393,343.58,0.46,0.64,2025-11-06,1118,N,VIIRS,n,2,291.4,9.92,D,0
37.00969,40.14267,350.24,0.53,0.67,2025-11-06,1118,N,VIIRS,n,2,296.39,6.71,D,0
37.0112,40.10545,335.82,0.53,0.67,2025-11-06,1118,N,VIIRS,n,2,293.81,9.68,D,0
37.01139,40.11156,367.0,0.53,0.67,2025-11-06,1118,N,VIIRS,h,2,296.51,9.68,D,0
37.01459,40.10545,352.45,0.52,0.67,2025-11-06,1118,N,VIIRS,n,2,294.23,14.92,D,0
37.01482,40.11154,367.0,0.53,0.67,2025-11-06,1118,N,VIIRS,h,2,296.22,23.03,D,0
37.01768,40.11125,331.9,0.53,0.67,2025-11-06,1118,N,VIIRS,n,2,291.68,9.68,D,0
37.02436,40.12315,331.93,0.53,0.67,2025-11-06,1118,N,VIIRS,n,2,291.15,2.56,D,0
37.04091,40.13484,367.0,0.53,0.67,2025-11-06,1118,N,VIIRS,h,2,299.14,15.19,D,0
37.04364,40.13452,367.0,0.53,0.67,2025-11-06,1118,N,VIIRS,h,2,301.28,24.93,D,0
37.0472,40.13462,353.08,0.53,0.67,2025-11-06,1118,N,VIIRS,n,2,294.43,10.25,D,0
37.05833,39.09937,328.05,0.46,0.64,2025-11-06,1118,N,VIIRS,n,2,296.77,4.19,D,0
37.05857,39.10472,347.72,0.46,0.64,2025-11-06,1118,N,VIIRS,n,2,300.51,7.99,D,0
37.8883,34.98698,346.79,0.56,0.52,2025-11-06,1118,N,VIIRS,n,2,295.34,12.53,D,0
37.88868,34.98852,350.66,0.56,0.52,2025-11-06,1118,N,VIIRS,n,2,294.49,9.49,D,0
38.178,27.62862,331.25,0.4,0.37,2025-11-06,1118,N,VIIRS,n,2,293.18,2.45,D,0
38.27157,34.59747,340.53,0.54,0.51,2025-11-06,1118,N,VIIRS,n,2,293.25,3.03,D,0
38.4347,33.88857,335.49,0.5,0.49,2025-11-06,1118,N,VIIRS,n,2,292.22,4.58,D,0
40.07395,28.4437,332.31,0.44,0.38,2025-11-06,1119,N,VIIRS,n,2,287.52,5.24,D,0
40.07459,28.44888,328.52,0.44,0.38,2025-11-06,1119,N,VIIRS,n,2,282.51,4.87,D,0
35.52656,44.33929,338.18,0.59,0.7,2025-11-06,2157,N,VIIRS,n,2,284.48,4.81,N,2
35.5268,44.33241,306.35,0.59,0.7,2025-11-06,2157,N,VIIRS,n,2,284.01,6.19,N,2
35.53312,44.33988,321.52,0.59,0.7,2025-11-06,2157,N,VIIRS,n,2,282.99,4.81,N,2
35.53336,44.33303,335.44,0.59,0.7,2025-11-06,2157,N,VIIRS,n,2,285.74,6.19,N,2
35.62805,44.01027,323.85,0.61,0.71,2025-11-06,2157,N,VIIRS,n,2,283.72,8.71,N,2
35.62827,44.00311,367.0,0.61,0.71,2025-11-06,2157,N,VIIRS,h,2,287.07,8.71,N,2
35.65888,43.95948,303.8,0.62,0.71,2025-11-06,2157,N,VIIRS,n,2,282.12,0.93,N,2
35.66307,43.96311,325.71,0.62,0.71,2025-11-06,2157,N,VIIRS,n,2,283.6,2.06,N,2
35.66558,43.96008,314.92,0.62,0.71,2025-11-06,2157,N,VIIRS,n,2,282.75,1.92,N,2
35.68135,43.87462,367.0,0.63,0.72,2025-11-06,2157,N,VIIRS,h,2,282.72,12.7,N,2
35.68155,43.86734,317.06,0.63,0.72,2025-11-06,2157,N,VIIRS,n,2,282.0,12.7,N,2
35.68603,43.87831,334.84,0.63,0.72,2025-11-06,2157,N,VIIRS,n,2,283.47,21.51,N,2
35.68626,43.87118,367.0,0.63,0.72,2025-11-06,2157,N,VIIRS,h,2,291.02,43.92,N,2
35.68808,43.87517,353.81,0.63,0.72,2025-11-06,2157,N,VIIRS,n,2,288.62,12.7,N,2
35.68828,43.86789,340.05,0.63,0.72,2025-11-06,2157,N,VIIRS,n,2,283.44,12.7,N,2
35.72372,44.03527,339.35,0.61,0.71,2025-11-06,2157,N,VIIRS,n,2,285.47,6.23,N,2
35.73061,44.02879,310.91,0.61,0.71,2025-11-06,2157,N,VIIRS,n,2,284.05,1.44,N,2
35.77183,43.99678,295.81,0.62,0.71,2025-11-06,2157,N,VIIRS,n,2,283.9,1.65,N,2
35.77207,43.98946,315.01,0.62,0.71,2025-11-06,2157,N,VIIRS,n,2,284.65,1.65,N,2
35.775,43.99601,302.47,0.62,0.71,2025-11-06,2157,N,VIIRS,n,2,284.62,1.77,N,2
35.7752,43.98869,301.19,0.62,0.71,2025-11-06,2157,N,VIIRS,n,2,284.36,2.62,N,0
35.95311,43.72628,296.36,0.64,0.72,2025-11-06,2157,N,VIIRS,n,2,282.84,0.82,N,2
35.9656,43.7649,341.65,0.64,0.72,2025-11-06,2157,N,VIIRS,n,2,286.1,7.69,N,2
35.96581,43.75771,315.02,0.64,0.72,2025-11-06,2157,N,VIIRS,n,2,284.49,8.18,N,0
35.96738,43.76702,314.4,0.64,0.72,2025-11-06,2157,N,VIIRS,n,2,285.14,5.68,N,2
35.96754,43.75998,342.99,0.64,0.72,2025-11-06,2157,N,VIIRS,n,2,285.98,5.68,N,2
35.9726,43.75771,296.02,0.64,0.72,2025-11-06,2157,N,VIIRS,n,2,284.39,2.49,N,0
35.97919,43.76452,304.51,0.64,0.72,2025-11-06,2157,N,VIIRS,n,2,284.23,3.28,N,2
35.98095,43.76679,305.86,0.64,0.72,2025-11-06,2157,N,VIIRS,n,2,284.06,1.88,N,2
35.99977,43.75743,303.58,0.64,0.72,2025-11-06,2157,N,VIIRS,n,2,282.18,0.76,N,2
36.01716,43.67854,298.97,0.64,0.72,2025-11-06,2157,N,VIIRS,n,2,282.27,0.84,N,2
36.10044,43.6289,300.2,0.65,0.73,2025-11-06,2157,N,VIIRS,n,2,280.39,0.77,N,2
36.72879,43.27314,301.48,0.68,0.74,2025-11-06,2157,N,VIIRS,n,2,283.3,1.34,N,0
36.77461,43.32375,327.7,0.68,0.74,2025-11-06,2157,N,VIIRS,n,2,283.62,5.43,N,2
36.77477,43.31634,310.25,0.68,0.74,2025-11-06,2157,N,VIIRS,n,2,282.71,6.21,N,0
36.86699,43.51742,300.99,0.67,0.73,2025-11-06,2157,N,VIIRS,n,2,281.42,1.12,N,0
36.86762,43.48763,310.18,0.67,0.74,2025-11-06,2157,N,VIIRS,n,2,281.88,1.9,N,2
36.88975,43.42431,320.64,0.68,0.74,2025-11-06,2157,N,VIIRS,n,2,281.26,3.72,N,2
36.90443,43.38692,299.0,0.68,0.74,2025-11-06,2157,N,VIIRS,n,2,280.79,2.85,N,2
36.90462,43.37829,312.4,0.68,0.74,2025-11-06,2157,N,VIIRS,n,2,280.1,4.28,N,2
36.91015,43.37844,300.17,0.68,0.74,2025-11-06,2157,N,VIIRS,n,2,279.72,4.51,N,2
36.93282,42.12676,305.54,0.79,0.78,2025-11-06,2157,N,VIIRS,n,2,282.66,4.43,N,2
36.93294,42.11726,307.0,0.79,0.78,2025-11-06,2157,N,VIIRS,n,2,282.66,4.43,N,2
36.9393,42.1265,300.62,0.79,0.78,2025-11-06,2157,N,VIIRS,n,2,283.15,6.61,N,2
36.93937,42.11696,367.0,0.79,0.78,2025-11-06,2157,N,VIIRS,h,2,284.9,16.22,N,2
36.9403,42.11759,354.04,0.79,0.78,2025-11-06,2157,N,VIIRS,n,2,285.18,4.43,N,2
37.07475,42.55133,304.8,0.75,0.77,2025-11-06,2157,N,VIIRS,n,2,282.15,1.42,N,0
37.08004,42.55647,315.22,0.75,0.77,2025-11-06,2157,N,VIIRS,n,2,284.5,2.78,N,2
37.08193,42.55527,303.74,0.75,0.77,2025-11-06,2157,N,VIIRS,n,2,284.17,1.42,N,2
42.1248,43.01372,307.42,0.4,0.44,2025-11-06,2336,N,VIIRS,n,2,275.29,0.48,N,2
38.66246,39.2356,296.51,0.48,0.4,2025-11-06,2337,N,VIIRS,n,2,279.58,0.69,N,2
38.89312,41.56904,295.77,0.4,0.44,2025-11-06,2337,N,VIIRS,n,2,278.21,0.77,N,2
40.76477,32.21721,306.96,0.43,0.38,2025-11-06,2337,N,VIIRS,n,2,278.24,1.09,N,2
40.93508,35.88487,299.45,0.38,0.36,2025-11-06,2337,N,VIIRS,n,2,279.05,0.6,N,2
41.10806,37.3237,299.47,0.4,0.37,2025-11-06,2337,N,VIIRS,n,2,284.2,0.53,N,2
41.17402,32.63151,305.42,0.42,0.38,2025-11-06,2337,N,VIIRS,n,2,279.6,1.72,N,2
41.17681,32.63729,298.91,0.42,0.38,2025-11-06,2337,N,VIIRS,n,2,280.18,1.06,N,2
41.23973,36.46489,299.94,0.39,0.36,2025-11-06,2337,N,VIIRS,n,2,281.74,0.97,N,2
41.24303,36.46585,309.69,0.39,0.36,2025-11-06,2337,N,VIIRS,n,2,284.56,0.97,N,2
41.24378,36.46127,297.97,0.39,0.36,2025-11-06,2337,N,VIIRS,n,2,284.54,0.97,N,2
35.51202,44.37481,303.95,0.33,0.55,2025-11-06,2338,N,VIIRS,n,2,285.36,0.41,N,2
35.52494,44.34474,320.79,0.33,0.55,2025-11-06,2338,N,VIIRS,n,2,283.53,2.67,N,2
35.52582,44.34122,341.83,0.33,0.55,2025-11-06,2338,N,VIIRS,n,2,285.75,3.13,N,2
35.5267,44.3377,299.54,0.33,0.55,2025-11-06,2338,N,VIIRS,n,2,283.42,3.13,N,2
35.53078,44.34301,296.47,0.33,0.55,2025-11-06,2338,N,VIIRS,n,2,283.98,3.13,N,2
35.53167,44.33947,367.0,0.33,0.55,2025-11-06,2338,N,VIIRS,h,2,291.01,3.13,N,2
35.53255,44.33592,328.32,0.33,0.55,2025-11-06,2338,N,VIIRS,n,2,286.86,5.77,N,2
35.56417,44.33077,301.79,0.33,0.55,2025-11-06,2338,N,VIIRS,n,2,285.62,0.77,N,0
35.62842,44.01252,333.05,0.63,0.54,2025-11-06,2338,N,VIIRS,n,2,285.69,10.35,N,2
35.62857,44.01221,334.13,0.63,0.54,2025-11-06,2338,N,VIIRS,n,2,286.02,13.41,N,2
35.63007,44.00577,337.37,0.63,0.54,2025-11-06,2338,N,VIIRS,n,2,288.29,16.95,N,2
35.63026,44.00549,338.35,0.63,0.54,2025-11-06,2338,N,VIIRS,n,2,287.64,13.41,N,2
35.66165,43.96474,328.74,0.63,0.54,2025-11-06,2338,N,VIIRS,n,2,283.92,4.77,N,2
35.67826,44.06829,298.67,0.64,0.54,2025-11-06,2338,N,VIIRS,n,2,284.56,0.99,N,2
35.68346,43.87727,349.66,0.62,0.54,2025-11-06,2338,N,VIIRS,n,2,295.94,43.64,N,2
35.68513,43.87053,297.3,0.62,0.54,2025-11-06,2338,N,VIIRS,n,2,282.0,17.62,N,2
35.68828,43.87901,306.42,0.62,0.54,2025-11-06,2338,N,VIIRS,n,2,283.29,1.74,N,2
35.72185,44.03983,315.16,0.63,0.54,2025-11-06,2338,N,VIIRS,n,2,284.17,3.39,N,2
35.7226,44.03905,330.25,0.63,0.54,2025-11-06,2338,N,VIIRS,n,2,284.8,4.6,N,2
35.72674,44.04146,331.48,0.63,0.54,2025-11-06,2338,N,VIIRS,n,2,285.87,3.4,N,2
35.72749,44.04067,327.48,0.63,0.54,2025-11-06,2338,N,VIIRS,n,2,286.45,4.6,N,2
35.72846,44.03465,314.93,0.63,0.54,2025-11-06,2338,N,VIIRS,n,2,285.08,3.4,N,2
35.72916,44.03386,312.93,0.63,0.54,2025-11-06,2338,N,VIIRS,n,2,284.7,2.68,N,2
35.76954,43.99746,311.9,0.63,0.54,2025-11-06,2338,N,VIIRS,n,2,284.17,2.73,N,2
35.77441,43.9991,308.97,0.63,0.54,2025-11-06,2338,N,VIIRS,n,2,285.66,2.73,N,2
35.96472,43.76487,334.06,0.6,0.53,2025-11-06,2338,N,VIIRS,n,2,285.8,7.12,N,2
35.9694,43.76691,367.0,0.6,0.53,2025-11-06,2338,N,VIIRS,h,2,291.3,18.72,N,2
35.97104,43.76025,297.33,0.6,0.53,2025-11-06,2338,N,VIIRS,n,2,285.37,5.17,N,2
35.9788,43.7709,302.69,0.6,0.53,2025-11-06,2338,N,VIIRS,n,2,284.1,1.27,N,2
35.99617,43.76342,297.98,0.6,0.53,2025-11-06,2338,N,VIIRS,n,2,281.65,0.8,N,2
36.01661,43.67933,295.25,0.59,0.53,2025-11-06,2338,N,VIIRS,n,2,282.39,0.47,N,2
36.09735,43.63303,298.87,0.59,0.53,2025-11-06,2338,N,VIIRS,n,2,280.65,0.77,N,2
36.35088,42.07798,301.34,0.48,0.48,2025-11-06,2338,N,VIIRS,n,2,288.76,0.47,N,2
36.71634,36.20114,322.06,0.41,0.37,2025-11-06,2338,N,VIIRS,n,2,283.47,1.89,N,2
36.7197,36.20206,300.59,0.41,0.37,2025-11-06,2338,N,VIIRS,n,2,282.2,0.56,N,2
36.72843,36.21124,315.83,0.41,0.37,2025-11-06,2338,N,VIIRS,n,2,287.33,1.53,N,2
36.72901,36.20931,314.74,0.41,0.37,2025-11-06,2338,N,VIIRS,n,2,286.25,1.91,N,2
36.73179,36.21216,311.69,0.41,0.37,2025-11-06,2338,N,VIIRS,n,2,290.4,1.53,N,2
36.73321,43.28138,296.41,0.54,0.51,2025-11-06,2338,N,VIIRS,n,2,283.84,0.29,N,2
36.73853,36.21396,309.36,0.41,0.37,2025-11-06,2338,N,VIIRS,n,2,285.79,1.46,N,2
36.73932,36.2095,309.58,0.41,0.37,2025-11-06,2338,N,VIIRS,n,2,289.47,1.46,N,2
36.74427,36.20143,304.8,0.41,0.37,2025-11-06,2338,N,VIIRS,n,2,284.57,0.41,N,2
36.74575,43.49955,298.38,0.56,0.51,2025-11-06,2338,N,VIIRS,n,2,282.72,1.57,N,2
36.74603,43.49989,299.75,0.56,0.51,2025-11-06,2338,N,VIIRS,n,2,283.16,0.99,N,2
36.77665,43.32771,318.34,0.55,0.51,2025-11-06,2338,N,VIIRS,n,2,286.12,3.55,N,2
36.77803,43.32188,324.09,0.55,0.51,2025-11-06,2338,N,VIIRS,n,2,287.93,5.28,N,2
36.86595,43.52187,303.14,0.56,0.51,2025-11-06,2338,N,VIIRS,n,2,282.89,0.6,N,0
36.86689,34.76051,301.63,0.39,0.36,2025-11-06,2338,N,VIIRS,n,2,290.2,0.86,N,0
36.86861,43.48962,318.2,0.56,0.51,2025-11-06,2338,N,VIIRS,n,2,284.09,3.35,N,2
36.86942,43.49255,313.31,0.55,0.51,2025-11-06,2338,N,VIIRS,n,2,282.98,1.58,N,2
36.86948,34.76564,309.73,0.39,0.36,2025-11-06,2338,N,VIIRS,n,2,291.09,1.17,N,2
36.87018,34.76134,301.75,0.39,0.36,2025-11-06,2338,N,VIIRS,n,2,290.2,0.86,N,2
36.88974,43.4297,314.64,0.55,0.51,2025-11-06,2338,N,VIIRS,n,2,281.43,2.24,N,2
36.89145,43.43521,296.24,0.55,0.51,2025-11-06,2338,N,VIIRS,n,2,281.69,1.71,N,2
36.89299,43.42869,316.24,0.55,0.51,2025-11-06,2338,N,VIIRS,n,2,282.92,2.62,N,2
36.89431,43.43136,308.08,0.55,0.51,2025-11-06,2338,N,VIIRS,n,2,282.23,2.24,N,2
36.90468,43.38867,318.18,0.55,0.51,2025-11-06,2338,N,VIIRS,n,2,282.12,2.98,N,2
36.90922,43.3904,302.58,0.55,0.51,2025-11-06,2338,N,VIIRS,n,2,281.17,0.87,N,2
36.93096,36.00144,299.78,0.4,0.37,2025-11-06,2338,N,VIIRS,n,2,288.99,0.73,N,2
36.93299,42.13416,299.33,0.47,0.48,2025-11-06,2338,N,VIIRS,n,2,283.55,1.66,N,2
36.93533,42.12385,335.85,0.47,0.48,2025-11-06,2338,N,VIIRS,n,2,285.33,6.48,N,2
36.93649,42.11871,332.77,0.47,0.48,2025-11-06,2338,N,VIIRS,n,2,285.82,6.48,N,2
36.93961,42.12532,303.4,0.47,0.48,2025-11-06,2338,N,VIIRS,n,2,284.41,1.18,N,2
36.94077,42.12019,300.4,0.47,0.48,2025-11-06,2338,N,VIIRS,n,2,283.71,1.18,N,2
36.9628,42.08387,307.35,0.47,0.47,2025-11-06,2338,N,VIIRS,n,2,282.91,0.49,N,2
37.00731,42.07299,301.48,0.46,0.47,2025-11-06,2338,N,VIIRS,n,2,284.03,0.64,N,0
37.02063,36.11243,298.8,0.4,0.37,2025-11-06,2338,N,VIIRS,n,2,288.15,0.48,N,2
37.07644,42.55776,311.53,0.49,0.49,2025-11-06,2338,N,VIIRS,n,2,285.81,1.28,N,2
37.07846,42.56074,306.04,0.49,0.49,2025-11-06,2338,N,VIIRS,n,2,285.41,1.66,N,2
37.2754,38.7294,295.64,0.48,0.4,2025-11-06,2338,N,VIIRS,n,2,281.1,0.55,N,2
37.77034,27.43571,295.21,0.42,0.45,2025-11-06,2338,N,VIIRS,n,2,284.62,1.43,N,2
37.86341,29.37145,302.15,0.51,0.41,2025-11-06,2338,N,VIIRS,n,2,283.86,2.03,N,2
37.93896,32.53449,300.69,0.4,0.37,2025-11-06,2338,N,VIIRS,n,2,282.54,1.0,N,2
38.45488,38.72688,301.13,0.46,0.39,2025-11-06,2338,N,VIIRS,n,2,283.06,0.75,N,2
38.58397,26.94213,295.73,0.46,0.47,2025-11-06,2338,N,VIIRS,n,2,281.29,1.08,N,0
39.74435,30.19796,295.79,0.5,0.41,2025-11-06,2338,N,VIIRS,n,2,279.33,0.75,N,2
39.86598,26.24511,303.87,0.51,0.5,2025-11-06,2338,N,VIIRS,n,2,283.59,1.0,N,2
35.51195,44.37521,336.35,0.4,0.6,2025-11-07,918,N,VIIRS,n,2,303.91,2.32,D,2
35.52517,44.34126,338.71,0.4,0.6,2025-11-07,918,N,VIIRS,n,2,303.42,4.27,D,2
35.52636,44.34571,347.04,0.4,0.6,2025-11-07,918,N,VIIRS,n,2,303.94,9.71,D,2
35.52765,44.34482,354.01,0.4,0.6,2025-11-07,918,N,VIIRS,n,2,303.87,6.58,D,2
35.53055,44.33921,367.0,0.4,0.6,2025-11-07,918,N,VIIRS,h,2,304.19,4.27,D,2
35.53187,44.33831,367.0,0.4,0.6,2025-11-07,918,N,VIIRS,h,2,303.88,5.98,D,2
35.53595,44.33725,337.23,0.4,0.6,2025-11-07,918,N,VIIRS,n,2,302.23,1.9,D,2
35.6256,44.0078,345.22,0.42,0.61,2025-11-07,918,N,VIIRS,n,2,300.48,6.43,D,2
35.6268,44.01232,367.0,0.42,0.61,2025-11-07,918,N,VIIRS,h,2,302.18,9.56,D,2
35.63099,44.00547,356.76,0.42,0.61,2025-11-07,918,N,VIIRS,n,2,298.56,8.74,D,2
35.63219,44.00999,367.0,0.42,0.61,2025-11-07,918,N,VIIRS,h,2,301.09,12.74,D,2
35.66205,43.96375,345.03,0.42,0.61,2025-11-07,918,N,VIIRS,n,2,302.95,3.35,D,2
35.66527,43.96595,343.0,0.42,0.61,2025-11-07,918,N,VIIRS,n,2,302.39,5.09,D,2
35.68267,43.87352,338.8,0.42,0.61,2025-11-07,918,N,VIIRS,n,2,303.19,41.56,D,2
35.68389,43.87807,367.0,0.42,0.61,2025-11-07,918,N,VIIRS,h,2,321.87,41.56,D,2
35.72761,44.04158,367.0,0.41,0.61,2025-11-07,918,N,VIIRS,h,2,301.81,10.26,D,2
35.72973,44.20589,330.87,0.4,0.6,2025-11-07,918,N,VIIRS,n,2,298.38,1.5,D,0
35.73105,44.16634,347.22,0.41,0.6,2025-11-07,918,N,VIIRS,n,2,300.51,3.23,D,0
35.76088,44.18909,367.0,0.4,0.6,2025-11-07,918,N,VIIRS,h,2,301.13,5.67,D,0
35.76204,44.19347,332.94,0.4,0.6,2025-11-07,918,N,VIIRS,n,2,299.29,5.67,D,0
35.77325,43.99568,350.87,0.41,0.61,2025-11-07,918,N,VIIRS,n,2,303.18,3.18,D,2
35.98316,43.76819,339.71,0.42,0.61,2025-11-07,918,N,VIIRS,n,2,302.04,2.49,D,2
36.14318,43.51233,338.51,0.43,0.62,2025-11-07,918,N,VIIRS,n,2,295.63,2.81,D,0
36.77455,43.32529,355.03,0.42,0.61,2025-11-07,918,N,VIIRS,n,2,301.79,7.78,D,2
36.86956,43.48681,330.62,0.41,0.61,2025-11-07,918,N,VIIRS,n,2,291.68,3.5,D,2
36.88989,43.42897,337.14,0.42,0.61,2025-11-07,918,N,VIIRS,n,2,294.11,2.8,D,2
36.93502,42.11934,349.52,0.48,0.65,2025-11-07,918,N,VIIRS,n,2,298.14,10.88,D,2
36.93655,42.12469,353.88,0.48,0.65,2025-11-07,918,N,VIIRS,n,2,298.84,15.7,D,2
36.93983,42.12075,367.0,0.48,0.65,2025-11-07,918,N,VIIRS,h,2,299.72,13.63,D,2
37.07113,39.55437,332.91,0.65,0.73,2025-11-07,919,N,VIIRS,n,2,295.1,4.4,D,0
37.54115,39.37094,356.65,0.64,0.72,2025-11-07,919,N,VIIRS,n,2,289.46,34.97,D,0
37.54403,39.36764,355.03,0.64,0.72,2025-11-07,919,N,VIIRS,n,2,291.18,31.66,D,0
37.66917,39.33755,340.41,0.64,0.72,2025-11-07,919,N,VIIRS,n,2,287.23,7.06,D,0
37.67019,38.88804,326.86,0.67,0.74,2025-11-07,919,N,VIIRS,n,2,291.47,4.85,D,0
38.08857,40.36116,341.33,0.55,0.68,2025-11-07,919,N,VIIRS,n,2,291.28,5.65,D,0
40.0135,44.24079,331.95,0.63,0.54,2025-11-07,919,N,VIIRS,n,2,289.91,3.6,D,0
40.92361,44.19251,326.39,0.6,0.53,2025-11-07,919,N,VIIRS,n,2,290.37,8.32,D,0
41.32673,43.41274,333.89,0.32,0.54,2025-11-07,919,N,VIIRS,n,2,289.52,2.34,D,0
41.32782,43.41279,328.67,0.32,0.55,2025-11-07,919,N,VIIRS,n,2,288.28,2.51,D,0
35.52951,44.34393,353.28,0.48,0.65,2025-11-07,1058,N,VIIRS,n,2,303.28,9.28,D,2
35.66068,43.96727,350.48,0.46,0.63,2025-11-07,1058,N,VIIRS,n,2,303.22,6.36,D,2
35.6631,43.9645,356.79,0.46,0.63,2025-11-07,1058,N,VIIRS,n,2,303.13,5.01,D,2
35.70679,44.1919,346.32,0.47,0.64,2025-11-07,1058,N,VIIRS,n,2,299.63,9.07,D,0
35.70704,44.19731,367.0,0.47,0.64,2025-11-07,1058,N,VIIRS,h,2,301.82,9.07,D,0
35.75409,44.17289,338.19,0.47,0.64,2025-11-07,1058,N,VIIRS,n,2,298.84,6.85,D,0
35.75434,44.17824,354.77,0.47,0.64,2025-11-07,1058,N,VIIRS,n,2,300.44,11.41,D,0
35.77188,43.99337,336.98,0.46,0.64,2025-11-07,1058,N,VIIRS,n,2,302.59,2.92,D,2
35.83105,39.39011,341.21,0.51,0.49,2025-11-07,1058,N,VIIRS,n,2,299.19,3.05,D,0
35.98209,43.77028,336.89,0.45,0.63,2025-11-07,1058,N,VIIRS,n,2,300.65,2.42,D,2
36.02406,37.40282,339.26,0.4,0.44,2025-11-07,1058,N,VIIRS,n,2,303.44,3.45,D,0
36.06582,37.01503,347.65,0.38,0.43,2025-11-07,1058,N,VIIRS,n,2,303.61,6.83,D,0
36.08477,39.06705,331.72,0.49,0.49,2025-11-07,1058,N,VIIRS,n,2,302.42,2.77,D,0
36.12643,37.81978,331.58,0.42,0.45,2025-11-07,1058,N,VIIRS,n,2,302.62,2.38,D,0
36.15058,37.49657,335.54,0.41,0.45,2025-11-07,1058,N,VIIRS,n,2,303.33,2.84,D,0
36.18402,37.71226,330.95,0.42,0.45,2025-11-07,1058,N,VIIRS,n,2,302.1,1.33,D,0
36.48798,39.04298,336.72,0.49,0.49,2025-11-07,1059,N,VIIRS,n,2,303.42,4.75,D,0
36.4887,39.04583,341.52,0.5,0.49,2025-11-07,1059,N,VIIRS,n,2,303.14,6.03,D,0
36.70583,39.16746,338.47,0.51,0.49,2025-11-07,1059,N,VIIRS,n,2,305.19,9.95,D,0
36.70607,39.16421,342.4,0.51,0.49,2025-11-07,1059,N,VIIRS,n,2,305.4,7.32,D,0
36.70656,39.16993,337.18,0.51,0.49,2025-11-07,1059,N,VIIRS,n,2,301.94,7.32,D,0
36.70994,39.16115,342.31,0.51,0.49,2025-11-07,1059,N,VIIRS,n,2,304.34,15.33,D,0
36.71014,39.15795,341.27,0.5,0.49,2025-11-07,1059,N,VIIRS,n,2,303.03,6.26,D,0
36.7104,39.16685,348.44,0.51,0.49,2025-11-07,1059,N,VIIRS,n,2,301.55,9.95,D,0
36.71064,39.16362,342.07,0.51,0.49,2025-11-07,1059,N,VIIRS,n,2,301.24,7.52,D,0
36.71112,39.16932,331.64,0.51,0.49,2025-11-07,1059,N,VIIRS,n,2,299.11,7.52,D,0
36.75871,35.00262,334.08,0.47,0.4,2025-11-07,1059,N,VIIRS,n,2,295.0,2.74,D,0
36.77345,43.32455,337.36,0.43,0.62,2025-11-07,1059,N,VIIRS,n,2,300.66,2.16,D,2
36.77895,43.32382,336.64,0.43,0.62,2025-11-07,1059,N,VIIRS,n,2,299.24,3.82,D,2
36.78968,39.81799,349.41,0.55,0.51,2025-11-07,1059,N,VIIRS,n,2,303.98,9.34,D,0
36.79394,39.81114,341.72,0.55,0.51,2025-11-07,1059,N,VIIRS,n,2,303.09,85.73,D,0
36.79443,39.81744,367.0,0.55,0.51,2025-11-07,1059,N,VIIRS,h,2,343.4,85.73,D,0
36.79491,39.82375,337.31,0.55,0.51,2025-11-07,1059,N,VIIRS,n,2,300.96,66.02,D,0
36.89437,43.43197,342.16,0.44,0.62,2025-11-07,1059,N,VIIRS,n,2,292.8,4.13,D,2
36.90311,40.18184,335.44,0.58,0.52,2025-11-07,1059,N,VIIRS,n,2,300.08,3.9,D,0
36.91725,40.10734,340.63,0.57,0.52,2025-11-07,1059,N,VIIRS,n,2,300.21,8.12,D,0
36.91773,40.11394,340.34,0.57,0.52,2025-11-07,1059,N,VIIRS,n,2,298.89,11.91,D,0
36.92208,40.10673,342.46,0.57,0.52,2025-11-07,1059,N,VIIRS,n,2,302.99,9.35,D,0
36.93752,42.12017,347.03,0.37,0.58,2025-11-07,1059,N,VIIRS,n,2,302.38,3.41,D,2
36.93917,38.87089,355.44,0.49,0.49,2025-11-07,1059,N,VIIRS,n,2,302.53,18.01,D,0
36.94043,42.17196,335.39,0.37,0.58,2025-11-07,1059,N,VIIRS,n,2,301.18,1.77,D,2
36.94244,40.18381,350.92,0.58,0.52,2025-11-07,1059,N,VIIRS,n,2,300.8,13.55,D,0
36.95653,39.02299,340.73,0.5,0.49,2025-11-07,1059,N,VIIRS,n,2,302.61,7.11,D,0
36.95701,39.02869,340.26,0.5,0.49,2025-11-07,1059,N,VIIRS,n,2,301.23,8.23,D,0
36.98859,40.11008,367.0,0.57,0.52,2025-11-07,1059,N,VIIRS,h,2,300.46,16.1,D,0
36.99078,40.11166,342.87,0.57,0.52,2025-11-07,1059,N,VIIRS,n,2,301.74,17.41,D,0
36.99318,38.91516,340.0,0.49,0.49,2025-11-07,1059,N,VIIRS,n,2,303.48,6.57,D,0
36.99367,38.92081,342.78,0.49,0.49,2025-11-07,1059,N,VIIRS,n,2,308.75,12.45,D,0
36.9977,38.91455,349.27,0.49,0.49,2025-11-07,1059,N,VIIRS,n,2,302.98,13.43,D,0
36.99819,38.92021,341.44,0.49,0.49,2025-11-07,1059,N,VIIRS,n,2,300.74,11.46,D,0
37.01387,35.19017,328.97,0.49,0.4,2025-11-07,1059,N,VIIRS,n,2,301.18,2.92,D,0
37.02154,38.85769,331.91,0.49,0.49,2025-11-07,1059,N,VIIRS,n,2,299.83,2.37,D,0
37.07757,42.55851,347.22,0.39,0.6,2025-11-07,1059,N,VIIRS,n,2,299.97,3.05,D,2
37.0961,36.0296,337.39,0.53,0.42,2025-11-07,1059,N,VIIRS,n,2,305.07,6.56,D,0
37.11575,39.80711,354.95,0.55,0.51,2025-11-07,1059,N,VIIRS,n,2,298.44,24.45,D,0
37.14416,38.89567,339.96,0.49,0.49,2025-11-07,1059,N,VIIRS,n,2,298.88,10.36,D,0
37.14463,38.9013,343.67,0.49,0.49,2025-11-07,1059,N,VIIRS,n,2,299.53,10.36,D,0
37.1865,39.67122,346.74,0.54,0.51,2025-11-07,1059,N,VIIRS,n,2,297.62,7.45,D,0
37.1868,39.66902,339.97,0.55,0.51,2025-11-07,1059,N,VIIRS,n,2,298.09,9.19,D,0
37.33672,37.04193,330.22,0.4,0.44,2025-11-07,1059,N,VIIRS,n,2,301.71,1.97,D,0
37.34907,39.5958,340.09,0.54,0.51,2025-11-07,1059,N,VIIRS,n,2,304.21,15.95,D,0
37.34957,39.60207,333.39,0.54,0.51,2025-11-07,1059,N,VIIRS,n,2,299.6,13.77,D,0
37.43356,39.50941,336.65,0.54,0.51,2025-11-07,1059,N,VIIRS,n,2,298.75,5.28,D,0
37.45295,37.01567,338.73,0.4,0.44,2025-11-07,1059,N,VIIRS,n,2,300.07,4.61,D,0
37.4534,37.02018,340.81,0.4,0.44,2025-11-07,1059,N,VIIRS,n,2,301.92,7.21,D,0
37.61681,39.45152,340.53,0.54,0.51,2025-11-07,1059,N,VIIRS,n,2,303.4,7.4,D,0
37.67987,37.45737,332.85,0.42,0.45,2025-11-07,1059,N,VIIRS,n,2,298.84,4.18,D,0
38.14763,37.04213,348.42,0.41,0.45,2025-11-07,1059,N,VIIRS,n,2,301.0,5.45,D,0
38.15184,30.06786,347.84,0.38,0.36,2025-11-07,1059,N,VIIRS,n,2,297.67,8.25,D,0
38.15635,37.04564,340.18,0.41,0.45,2025-11-07,1059,N,VIIRS,n,2,299.8,2.83,D,0
38.18181,29.99697,332.43,0.38,0.36,2025-11-07,1059,N,VIIRS,n,2,293.91,13.66,D,0
38.1851,29.99614,329.57,0.38,0.36,2025-11-07,1059,N,VIIRS,n,2,296.58,34.23,D,0
38.24603,35.63548,327.91,0.52,0.42,2025-11-07,1059,N,VIIRS,n,2,295.65,2.39,D,0
38.57257,35.06052,337.69,0.5,0.41,2025-11-07,1059,N,VIIRS,n,2,292.82,15.38,D,0
38.63802,41.95133,347.43,0.38,0.58,2025-11-07,1059,N,VIIRS,n,2,299.67,41.04,D,0
38.63826,41.95575,367.0,0.38,0.58,2025-11-07,1059,N,VIIRS,h,2,296.07,40.99,D,0
38.64347,41.95087,353.79,0.38,0.58,2025-11-07,1059,N,VIIRS,n,2,292.72,41.04,D,0
38.64371,41.9553,355.77,0.38,0.58,2025-11-07,1059,N,VIIRS,n,2,298.95,40.99,D,0
38.64396,41.95972,367.0,0.38,0.58,2025-11-07,1059,N,VIIRS,h,2,290.07,40.99,D,0
38.65654,41.98984,337.58,0.38,0.59,2025-11-07,1059,N,VIIRS,n,2,289.89,3.13,D,0
38.76243,32.53073,328.11,0.41,0.37,2025-11-07,1059,N,VIIRS,n,2,293.34,2.54,D,0
38.78911,35.98221,332.04,0.55,0.43,2025-11-07,1059,N,VIIRS,n,2,300.93,19.65,D,0
38.92186,38.01179,342.73,0.46,0.47,2025-11-07,1059,N,VIIRS,n,2,301.85,9.84,D,0
39.1432,27.70595,327.56,0.41,0.37,2025-11-07,1100,N,VIIRS,n,2,294.52,2.4,D,0
40.07841,34.91507,331.15,0.51,0.41,2025-11-07,1100,N,VIIRS,n,2,294.65,4.24,D,0
40.07906,34.92109,331.12,0.51,0.41,2025-11-07,1100,N,VIIRS,n,2,294.3,6.9,D,0
40.10305,28.20789,329.59,0.39,0.36,2025-11-07,1100,N,VIIRS,n,2,292.83,2.11,D,0
40.11423,28.10863,338.32,0.4,0.37,2025-11-07,1100,N,VIIRS,n,2,294.44,4.56,D,0
40.11757,28.10771,335.9,0.4,0.37,2025-11-07,1100,N,VIIRS,n,2,292.6,4.79,D,0
41.10228,43.60544,352.48,0.48,0.65,2025-11-07,1100,N,VIIRS,n,2,291.18,24.56,D,0
41.10247,43.61164,367.0,0.48,0.65,2025-11-07,1100,N,VIIRS,h,2,294.51,41.29,D,0
41.17636,32.63647,338.17,0.43,0.38,2025-11-07,1100,N,VIIRS,n,2,290.73,4.68,D,2
40.05118,32.64932,295.59,0.43,0.46,2025-11-07,2318,N,VIIRS,n,2,280.58,0.81,N,2
40.75852,29.758,298.16,0.61,0.53,2025-11-07,2318,N,VIIRS,n,2,284.7,1.19,N,2
40.75887,29.75701,296.0,0.61,0.53,2025-11-07,2318,N,VIIRS,n,2,284.49,0.88,N,2
40.75994,29.3611,298.41,0.32,0.55,2025-11-07,2318,N,VIIRS,n,2,284.91,0.42,N,2
40.92456,44.20042,299.86,0.45,0.39,2025-11-07,2318,N,VIIRS,n,2,273.5,0.83,N,0
40.92674,44.19748,303.72,0.45,0.39,2025-11-07,2318,N,VIIRS,n,2,272.04,1.0,N,0
41.01931,28.55704,305.93,0.35,0.57,2025-11-07,2318,N,VIIRS,n,2,284.38,0.71,N,2
41.01954,28.55289,299.34,0.35,0.57,2025-11-07,2318,N,VIIRS,n,2,283.75,0.71,N,2
41.02283,28.55741,301.72,0.35,0.57,2025-11-07,2318,N,VIIRS,n,2,284.42,1.49,N,2
41.17516,32.63548,304.78,0.44,0.46,2025-11-07,2318,N,VIIRS,n,2,283.11,2.03,N,2
41.41868,27.38107,295.68,0.41,0.61,2025-11-07,2318,N,VIIRS,n,2,281.4,0.63,N,0
41.63145,27.68447,296.52,0.4,0.6,2025-11-07,2318,N,VIIRS,n,2,282.66,0.77,N,2
42.12228,43.0115,299.98,0.41,0.37,2025-11-07,2318,N,VIIRS,n,2,280.42,1.24,N,2
35.50928,44.37788,300.03,0.56,0.43,2025-11-07,2319,N,VIIRS,n,2,287.2,0.4,N,0
35.52471,44.34389,333.39,0.56,0.43,2025-11-07,2319,N,VIIRS,n,2,286.46,5.2,N,2
35.5286,44.34506,322.39,0.56,0.43,2025-11-07,2319,N,VIIRS,n,2,286.15,2.57,N,2
35.52987,44.33903,342.32,0.56,0.43,2025-11-07,2319,N,VIIRS,n,2,288.93,5.67,N,2
35.53376,44.34019,322.41,0.56,0.43,2025-11-07,2319,N,VIIRS,n,2,286.39,5.67,N,2
35.62724,44.00784,345.53,0.54,0.42,2025-11-07,2319,N,VIIRS,n,2,287.74,10.23,N,2
35.63104,44.00905,343.38,0.54,0.42,2025-11-07,2319,N,VIIRS,n,2,290.16,8.32,N,2
35.65966,43.96796,304.26,0.54,0.42,2025-11-07,2319,N,VIIRS,n,2,284.02,0.91,N,2
35.66085,43.96212,305.14,0.54,0.42,2025-11-07,2319,N,VIIRS,n,2,284.37,1.4,N,2
35.66347,43.96912,307.1,0.54,0.42,2025-11-07,2319,N,VIIRS,n,2,285.49,1.11,N,2
35.66466,43.96326,310.11,0.54,0.42,2025-11-07,2319,N,VIIRS,n,2,285.3,1.53,N,2
35.67579,44.06845,301.71,0.54,0.42,2025-11-07,2319,N,VIIRS,n,2,286.01,1.0,N,2
35.67608,44.06672,305.06,0.54,0.42,2025-11-07,2319,N,VIIRS,n,2,286.16,1.29,N,2
35.68229,43.87631,332.86,0.53,0.42,2025-11-07,2319,N,VIIRS,n,2,285.01,30.93,N,2
35.68608,43.87745,344.33,0.53,0.42,2025-11-07,2319,N,VIIRS,n,2,305.9,30.93,N,2
35.72254,44.03865,314.04,0.54,0.42,2025-11-07,2319,N,VIIRS,n,2,285.89,2.14,N,2
35.72637,44.03974,329.54,0.54,0.42,2025-11-07,2319,N,VIIRS,n,2,291.32,4.44,N,2
35.72757,44.0339,317.36,0.54,0.42,2025-11-07,2319,N,VIIRS,n,2,285.82,4.44,N,2
35.77142,43.99739,337.29,0.54,0.42,2025-11-07,2319,N,VIIRS,n,2,288.6,4.41,N,2
35.81337,43.25867,297.45,0.5,0.41,2025-11-07,2319,N,VIIRS,n,2,285.24,0.4,N,2
35.95135,43.73068,306.48,0.52,0.41,2025-11-07,2319,N,VIIRS,n,2,287.02,1.03,N,2
35.95464,43.72657,295.78,0.52,0.41,2025-11-07,2319,N,VIIRS,n,2,285.21,0.83,N,2
35.96647,43.76594,338.1,0.52,0.41,2025-11-07,2319,N,VIIRS,n,2,292.72,12.75,N,2
35.9702,43.76719,332.87,0.52,0.41,2025-11-07,2319,N,VIIRS,n,2,291.6,6.78,N,2
35.97136,43.76147,300.72,0.52,0.41,2025-11-07,2319,N,VIIRS,n,2,287.4,3.71,N,2
35.98138,43.77086,321.71,0.52,0.41,2025-11-07,2319,N,VIIRS,n,2,287.85,2.59,N,2
35.99864,43.76426,300.64,0.52,0.41,2025-11-07,2319,N,VIIRS,n,2,283.66,0.72,N,2
36.01943,43.68104,305.8,0.51,0.41,2025-11-07,2319,N,VIIRS,n,2,285.16,0.91,N,2
36.09126,43.96925,299.19,0.53,0.42,2025-11-07,2319,N,VIIRS,n,2,286.52,1.69,N,0
36.10046,43.63017,304.59,0.51,0.41,2025-11-07,2319,N,VIIRS,n,2,282.76,0.6,N,2
36.1302,40.81174,300.52,0.41,0.37,2025-11-07,2319,N,VIIRS,n,2,285.67,0.71,N,2
36.14287,40.81986,296.19,0.41,0.37,2025-11-07,2319,N,VIIRS,n,2,285.68,0.81,N,2
36.14366,40.8154,320.55,0.41,0.37,2025-11-07,2319,N,VIIRS,n,2,286.87,1.48,N,2
36.26282,33.73248,297.82,0.51,0.41,2025-11-07,2319,N,VIIRS,n,2,287.13,1.29,N,2
36.26346,33.72679,311.25,0.51,0.41,2025-11-07,2319,N,VIIRS,n,2,288.26,1.29,N,2
36.31292,43.74541,298.17,0.51,0.41,2025-11-07,2319,N,VIIRS,n,2,284.89,1.2,N,0
36.67123,43.08908,298.53,0.47,0.4,2025-11-07,2319,N,VIIRS,n,2,282.26,0.68,N,0
36.69067,44.07109,297.43,0.52,0.42,2025-11-07,2319,N,VIIRS,n,2,283.95,0.59,N,0
36.6951,36.20822,304.1,0.42,0.38,2025-11-07,2319,N,VIIRS,n,2,291.05,0.66,N,2
36.69637,36.19873,303.49,0.42,0.38,2025-11-07,2319,N,VIIRS,n,2,291.62,1.27,N,3
36.71706,36.20313,328.35,0.42,0.38,2025-11-07,2319,N,VIIRS,n,2,289.47,2.27,N,2
36.7177,36.19839,318.31,0.42,0.38,2025-11-07,2319,N,VIIRS,n,2,291.36,3.41,N,2
36.73024,36.2107,321.33,0.42,0.38,2025-11-07,2319,N,VIIRS,n,2,294.06,1.34,N,2
36.73184,43.27987,307.82,0.48,0.4,2025-11-07,2319,N,VIIRS,n,2,286.38,0.92,N,2
36.73369,36.21143,308.27,0.42,0.38,2025-11-07,2319,N,VIIRS,n,2,292.54,1.34,N,2
36.73432,36.20672,304.27,0.42,0.38,2025-11-07,2319,N,VIIRS,n,2,291.2,1.34,N,2
36.74595,43.50132,303.73,0.49,0.4,2025-11-07,2319,N,VIIRS,n,2,284.36,1.76,N,2
36.77646,43.32622,335.51,0.48,0.4,2025-11-07,2319,N,VIIRS,n,2,292.19,7.4,N,2
36.79975,37.02007,302.67,0.4,0.37,2025-11-07,2319,N,VIIRS,n,2,287.72,0.54,N,2
36.86784,43.51991,304.83,0.49,0.4,2025-11-07,2319,N,VIIRS,n,2,283.68,0.92,N,0
36.86951,43.49163,316.64,0.49,0.4,2025-11-07,2319,N,VIIRS,n,2,285.51,1.59,N,2
36.89233,43.43402,309.52,0.49,0.4,2025-11-07,2319,N,VIIRS,n,2,282.28,2.09,N,2
36.8934,43.42847,323.47,0.49,0.4,2025-11-07,2319,N,VIIRS,n,2,282.95,2.09,N,2
36.90436,43.39193,321.24,0.48,0.4,2025-11-07,2319,N,VIIRS,n,2,282.85,3.15,N,2
36.90612,43.39354,320.57,0.48,0.4,2025-11-07,2319,N,VIIRS,n,2,282.61,2.64,N,2
36.9072,43.38814,313.25,0.48,0.4,2025-11-07,2319,N,VIIRS,n,2,282.78,3.04,N,2
36.90798,43.39306,308.54,0.48,0.4,2025-11-07,2319,N,VIIRS,n,2,283.05,1.48,N,2
36.92529,43.80408,300.38,0.5,0.41,2025-11-07,2319,N,VIIRS,n,2,283.93,0.92,N,0
36.92772,39.01717,297.43,0.38,0.36,2025-11-07,2319,N,VIIRS,n,2,273.92,0.72,N,0
36.93969,40.17549,308.8,0.39,0.36,2025-11-07,2319,N,VIIRS,n,2,285.01,1.16,N,0
36.9418,42.16995,321.84,0.44,0.38,2025-11-07,2319,N,VIIRS,n,2,275.88,1.09,N,2
37.01194,41.58594,298.68,0.42,0.38,2025-11-07,2319,N,VIIRS,n,2,285.96,0.63,N,0
37.01509,36.09435,295.68,0.43,0.38,2025-11-07,2319,N,VIIRS,n,2,275.8,0.26,N,2
37.07663,42.55841,317.76,0.45,0.39,2025-11-07,2319,N,VIIRS,n,2,288.32,1.51,N,2
37.29289,37.15757,313.11,0.4,0.37,2025-11-07,2319,N,VIIRS,n,2,288.41,1.47,N,2
37.77239,27.43917,296.55,0.38,0.59,2025-11-07,2319,N,VIIRS,n,2,285.11,0.55,N,2
37.86392,29.37473,298.5,0.6,0.53,2025-11-07,2319,N,VIIRS,n,2,283.17,0.89,N,0
38.38174,30.761,297.46,0.51,0.49,2025-11-07,2319,N,VIIRS,n,2,277.62,2.45,N,0
38.42418,27.21428,295.76,0.4,0.6,2025-11-07,2319,N,VIIRS,n,2,284.0,0.63,N,2
38.58952,35.37945,303.97,0.47,0.39,2025-11-07,2319,N,VIIRS,n,2,279.19,1.78,N,0
38.59313,35.3802,319.5,0.47,0.39,2025-11-07,2319,N,VIIRS,n,2,281.51,1.78,N,0
38.73955,26.95046,295.14,0.41,0.61,2025-11-07,2319,N,VIIRS,n,2,285.01,0.75,N,2
38.75069,26.9561,295.31,0.41,0.61,2025-11-07,2319,N,VIIRS,n,2,283.96,0.6,N,2
38.75163,26.9369,300.84,0.41,0.61,2025-11-07,2319,N,VIIRS,n,2,284.08,0.67,N,2
39.09191,27.51418,299.43,0.39,0.59,2025-11-07,2319,N,VIIRS,n,2,283.25,0.71,N,2
39.83533,30.30216,303.56,0.56,0.51,2025-11-07,2319,N,VIIRS,n,2,279.75,1.81,N,2
39.89774,28.87214,316.63,0.33,0.56,2025-11-07,2319,N,VIIRS,n,2,280.52,1.64,N,0
40.18634,29.2256,304.33,0.32,0.55,2025-11-07,2319,N,VIIRS,n,2,284.03,0.71,N,2
41.25406,31.41569,301.36,0.56,0.69,2025-11-08,58,N,VIIRS,n,2,280.79,1.4,N,2
37.25343,30.4423,295.32,0.66,0.73,2025-11-08,59,N,VIIRS,n,2,279.43,0.93,N,2
39.4852,30.04,300.36,0.55,0.68,2025-11-08,59,N,VIIRS,n,2,278.2,1.29,N,2
39.86536,26.24286,301.77,0.35,0.57,2025-11-08,59,N,VIIRS,n,2,277.65,1.04,N,2
39.86549,26.2454,302.36,0.35,0.56,2025-11-08,59,N,VIIRS,n,2,277.13,0.87,N,2
40.75874,29.76098,295.66,0.49,0.65,2025-11-08,59,N,VIIRS,n,2,283.98,1.22,N,2
41.01712,27.96149,295.07,0.39,0.6,2025-11-08,59,N,VIIRS,n,2,283.52,0.83,N,2
41.01984,28.55305,302.93,0.42,0.61,2025-11-08,59,N,VIIRS,n,2,283.49,1.0,N,2
41.02186,28.55581,305.04,0.42,0.61,2025-11-08,59,N,VIIRS,n,2,284.14,1.02,N,2
37.25109,30.44189,295.07,0.66,0.73,2025-11-08,100,N,VIIRS,n,2,279.46,1.1,N,2
35.52679,44.34129,347.15,0.71,0.75,2025-11-08,859,N,VIIRS,n,2,302.0,6.61,D,2
35.53164,44.33803,349.99,0.71,0.75,2025-11-08,859,N,VIIRS,n,2,301.23,15.1,D,2
35.53345,44.33835,345.0,0.71,0.75,2025-11-08,859,N,VIIRS,n,2,300.78,5.34,D,2
35.62551,44.01052,351.08,0.73,0.76,2025-11-08,859,N,VIIRS,n,2,301.14,8.76,D,2
35.62899,44.00763,367.0,0.73,0.76,2025-11-08,859,N,VIIRS,h,2,303.4,23.73,D,2
35.6321,44.00708,367.0,0.73,0.76,2025-11-08,859,N,VIIRS,h,2,298.78,8.76,D,2
35.66189,43.96604,342.55,0.73,0.76,2025-11-08,859,N,VIIRS,n,2,301.7,4.93,D,2
35.66514,43.96544,339.38,0.74,0.76,2025-11-08,859,N,VIIRS,n,2,301.44,5.6,D,2
35.68377,43.87294,343.2,0.74,0.76,2025-11-08,859,N,VIIRS,n,2,304.09,41.92,D,2
35.68621,43.87247,346.84,0.74,0.76,2025-11-08,859,N,VIIRS,n,2,302.8,30.52,D,2
35.68632,43.88089,367.0,0.74,0.76,2025-11-08,859,N,VIIRS,h,2,303.25,52.32,D,2
35.68873,43.88044,367.0,0.74,0.76,2025-11-08,859,N,VIIRS,h,2,302.19,30.52,D,2
35.72306,44.03831,344.63,0.73,0.76,2025-11-08,859,N,VIIRS,n,2,300.4,10.76,D,2
36.77979,43.32754,335.36,0.74,0.76,2025-11-08,900,N,VIIRS,n,2,293.73,6.29,D,2
36.90491,43.38664,326.35,0.73,0.76,2025-11-08,900,N,VIIRS,n,2,290.32,5.18,D,2
36.9066,43.38697,326.25,0.73,0.76,2025-11-08,900,N,VIIRS,n,2,289.79,3.86,D,2
35.52696,44.34262,347.5,0.52,0.5,2025-11-08,1039,N,VIIRS,n,2,308.02,9.97,D,2
35.53158,44.34202,342.12,0.52,0.5,2025-11-08,1039,N,VIIRS,n,2,308.04,10.06,D,2
35.548,39.90997,335.04,0.47,0.4,2025-11-08,1039,N,VIIRS,n,2,304.43,6.44,D,0
35.62852,44.01316,336.5,0.5,0.49,2025-11-08,1039,N,VIIRS,n,2,305.36,17.6,D,2
35.66087,43.9639,342.21,0.49,0.49,2025-11-08,1039,N,VIIRS,n,2,307.13,8.45,D,2
35.68647,43.88113,339.9,0.49,0.49,2025-11-08,1039,N,VIIRS,n,2,304.66,104.24,D,2
35.68966,44.23937,332.65,0.51,0.5,2025-11-08,1039,N,VIIRS,n,2,303.02,3.94,D,0
35.71778,44.24182,341.05,0.51,0.5,2025-11-08,1039,N,VIIRS,n,2,303.9,7.09,D,0
35.72322,44.04428,341.99,0.5,0.49,2025-11-08,1039,N,VIIRS,n,2,308.73,5.17,D,2
35.77432,43.99755,342.14,0.5,0.49,2025-11-08,1039,N,VIIRS,n,2,308.3,3.54,D,2
35.82333,39.40556,331.75,0.45,0.39,2025-11-08,1039,N,VIIRS,n,2,299.81,2.45,D,0
35.97255,39.08347,341.62,0.44,0.38,2025-11-08,1040,N,VIIRS,n,2,301.97,4.21,D,0
36.11518,37.40861,332.76,0.4,0.37,2025-11-08,1040,N,VIIRS,n,2,300.28,2.49,D,0
36.14102,37.36345,339.14,0.4,0.37,2025-11-08,1040,N,VIIRS,n,2,305.1,3.3,D,0
36.14296,40.81693,338.76,0.52,0.41,2025-11-08,1040,N,VIIRS,n,2,306.99,4.77,D,2
36.14365,39.02085,332.33,0.44,0.38,2025-11-08,1040,N,VIIRS,n,2,303.67,1.82,D,0
36.16911,37.61786,335.15,0.4,0.37,2025-11-08,1040,N,VIIRS,n,2,305.53,2.15,D,0
36.19823,36.2555,331.41,0.39,0.36,2025-11-08,1040,N,VIIRS,n,2,301.41,2.31,D,0
36.24898,36.55393,336.93,0.39,0.36,2025-11-08,1040,N,VIIRS,n,2,305.66,4.0,D,0
36.26344,37.22031,336.71,0.4,0.37,2025-11-08,1040,N,VIIRS,n,2,302.9,2.83,D,0
36.39987,36.37896,333.84,0.39,0.36,2025-11-08,1040,N,VIIRS,n,2,304.78,1.79,D,0
36.5932,33.49175,347.2,0.41,0.37,2025-11-08,1040,N,VIIRS,n,2,300.23,4.11,D,0
36.70734,39.48122,334.23,0.46,0.39,2025-11-08,1040,N,VIIRS,n,2,302.26,2.24,D,0
36.7179,36.20036,335.72,0.39,0.36,2025-11-08,1040,N,VIIRS,n,2,302.13,2.82,D,2
36.72973,36.21102,341.23,0.39,0.36,2025-11-08,1040,N,VIIRS,n,2,302.5,6.08,D,2
36.73635,36.20951,340.73,0.39,0.36,2025-11-08,1040,N,VIIRS,n,2,301.14,4.92,D,2
36.74759,39.38605,342.44,0.46,0.39,2025-11-08,1040,N,VIIRS,n,2,305.61,6.42,D,0
36.76801,38.94003,338.82,0.44,0.39,2025-11-08,1040,N,VIIRS,n,2,305.94,7.13,D,0
36.77573,43.32561,343.33,0.47,0.48,2025-11-08,1040,N,VIIRS,n,2,307.03,7.83,D,2
36.80268,33.56546,336.1,0.4,0.37,2025-11-08,1040,N,VIIRS,n,2,290.53,2.09,D,0
36.84932,38.89386,332.6,0.44,0.38,2025-11-08,1040,N,VIIRS,n,2,302.11,7.53,D,0
36.86789,38.61987,336.36,0.43,0.38,2025-11-08,1040,N,VIIRS,n,2,304.36,2.09,D,0
36.91195,39.00147,337.75,0.45,0.39,2025-11-08,1040,N,VIIRS,n,2,304.71,5.67,D,0
36.91749,38.92866,337.37,0.44,0.39,2025-11-08,1040,N,VIIRS,n,2,302.66,4.04,D,0
36.92786,40.03704,349.36,0.49,0.4,2025-11-08,1040,N,VIIRS,n,2,308.8,14.3,D,0
36.92919,40.08189,346.25,0.49,0.4,2025-11-08,1040,N,VIIRS,n,2,311.47,23.44,D,0
36.93192,38.50044,342.37,0.43,0.38,2025-11-08,1040,N,VIIRS,n,2,303.06,4.07,D,0
36.93193,39.07492,337.1,0.45,0.39,2025-11-08,1040,N,VIIRS,n,2,305.72,5.84,D,0
36.93253,38.50527,332.53,0.43,0.38,2025-11-08,1040,N,VIIRS,n,2,301.84,3.17,D,0
36.93502,38.89463,343.96,0.44,0.39,2025-11-08,1040,N,VIIRS,n,2,311.26,10.0,D,0
36.93546,42.1308,337.67,0.41,0.45,2025-11-08,1040,N,VIIRS,n,2,306.79,2.77,D,2
36.93919,38.89894,331.51,0.44,0.39,2025-11-08,1040,N,VIIRS,n,2,299.0,10.0,D,0
36.94367,40.17586,338.19,0.5,0.41,2025-11-08,1040,N,VIIRS,n,2,306.18,34.91,D,0
36.9499,40.16339,348.92,0.5,0.41,2025-11-08,1040,N,VIIRS,n,2,305.45,10.26,D,0
36.95048,33.4821,341.53,0.4,0.37,2025-11-08,1040,N,VIIRS,n,2,296.24,3.1,D,0
36.95306,33.47672,353.13,0.4,0.37,2025-11-08,1040,N,VIIRS,n,2,296.4,12.7,D,0
36.95564,33.47131,353.22,0.4,0.37,2025-11-08,1040,N,VIIRS,n,2,295.73,12.7,D,0
36.95609,39.03418,332.88,0.45,0.39,2025-11-08,1040,N,VIIRS,n,2,303.34,3.9,D,0
36.959,33.47045,341.34,0.4,0.37,2025-11-08,1040,N,VIIRS,n,2,295.06,13.7,D,0
36.95979,38.57912,340.72,0.43,0.38,2025-11-08,1040,N,VIIRS,n,2,305.26,3.9,D,0
36.97214,38.79292,348.94,0.44,0.38,2025-11-08,1040,N,VIIRS,n,2,305.49,6.3,D,0
37.00465,38.90916,342.52,0.44,0.39,2025-11-08,1040,N,VIIRS,n,2,302.91,3.52,D,0
37.01445,39.10839,339.02,0.45,0.39,2025-11-08,1040,N,VIIRS,n,2,305.47,8.13,D,0
37.01949,40.1371,343.21,0.5,0.41,2025-11-08,1040,N,VIIRS,n,2,308.91,19.97,D,0
37.02588,33.26482,345.8,0.41,0.37,2025-11-08,1040,N,VIIRS,n,2,295.96,6.22,D,0
37.04944,39.62229,340.98,0.47,0.4,2025-11-08,1040,N,VIIRS,n,2,306.31,11.54,D,0
37.05049,39.62446,342.06,0.47,0.4,2025-11-08,1040,N,VIIRS,n,2,308.7,13.55,D,0
37.05126,30.97904,329.33,0.48,0.4,2025-11-08,1040,N,VIIRS,n,2,293.47,2.72,D,0
37.0531,39.62162,347.55,0.47,0.4,2025-11-08,1040,N,VIIRS,n,2,305.23,11.54,D,0
37.05415,39.62379,337.8,0.47,0.4,2025-11-08,1040,N,VIIRS,n,2,303.39,9.57,D,0
37.07812,42.55934,339.6,0.43,0.46,2025-11-08,1040,N,VIIRS,n,2,304.26,2.83,D,2
37.09314,38.87444,347.84,0.44,0.39,2025-11-08,1040,N,VIIRS,n,2,304.7,8.91,D,0
37.09513,38.92023,344.43,0.44,0.39,2025-11-08,1040,N,VIIRS,n,2,303.13,5.21,D,0
37.09574,38.92525,336.82,0.45,0.39,2025-11-08,1040,N,VIIRS,n,2,303.8,5.21,D,0
37.10173,39.78294,330.61,0.48,0.4,2025-11-08,1040,N,VIIRS,n,2,302.7,1.64,D,0
37.16383,33.08575,349.23,0.41,0.37,2025-11-08,1040,N,VIIRS,n,2,295.4,4.35,D,0
37.18355,33.32332,336.27,0.41,0.37,2025-11-08,1040,N,VIIRS,n,2,295.87,5.59,D,0
37.18614,33.31787,336.72,0.41,0.37,2025-11-08,1040,N,VIIRS,n,2,296.34,3.31,D,0
37.209,39.62379,343.53,0.47,0.4,2025-11-08,1040,N,VIIRS,n,2,311.16,13.61,D,0
37.21266,39.6231,340.32,0.47,0.4,2025-11-08,1040,N,VIIRS,n,2,298.94,13.61,D,0
37.28396,39.56908,338.27,0.47,0.4,2025-11-08,1040,N,VIIRS,n,2,302.65,5.15,D,0
37.29863,33.50097,337.04,0.4,0.37,2025-11-08,1040,N,VIIRS,n,2,296.37,1.67,D,0
37.36843,33.04757,346.66,0.41,0.37,2025-11-08,1040,N,VIIRS,n,2,299.1,3.02,D,0
37.3726,33.0513,335.53,0.41,0.37,2025-11-08,1040,N,VIIRS,n,2,299.33,2.71,D,0
37.37267,32.81139,337.23,0.42,0.37,2025-11-08,1040,N,VIIRS,n,2,300.69,4.14,D,0
37.37477,32.74261,337.56,0.42,0.37,2025-11-08,1040,N,VIIRS,n,2,295.65,3.07,D,0
37.37599,33.0504,342.54,0.41,0.37,2025-11-08,1040,N,VIIRS,n,2,300.04,2.71,D,0
37.3982,33.01701,337.86,0.41,0.37,2025-11-08,1040,N,VIIRS,n,2,299.12,3.6,D,0
37.40738,33.02894,343.08,0.41,0.37,2025-11-08,1040,N,VIIRS,n,2,298.43,2.44,D,0
37.40852,32.89375,345.27,0.41,0.37,2025-11-08,1040,N,VIIRS,n,2,297.07,2.77,D,0
37.40933,32.89835,347.24,0.41,0.37,2025-11-08,1040,N,VIIRS,n,2,297.66,3.27,D,0
37.41191,32.89281,354.69,0.41,0.37,2025-11-08,1040,N,VIIRS,n,2,297.4,3.61,D,0
37.41272,32.89741,354.89,0.41,0.37,2025-11-08,1040,N,VIIRS,n,2,297.82,5.89,D,0
37.43625,31.83321,348.98,0.44,0.39,2025-11-08,1040,N,VIIRS,n,2,295.36,6.21,D,0
37.43715,31.83813,335.56,0.44,0.39,2025-11-08,1040,N,VIIRS,n,2,291.89,6.21,D,0
37.43781,32.7154,341.9,0.42,0.37,2025-11-08,1040,N,VIIRS,n,2,296.1,2.89,D,0
37.43942,32.61337,341.29,0.42,0.38,2025-11-08,1040,N,VIIRS,n,2,295.06,2.13,D,0
37.43999,39.25914,342.1,0.46,0.39,2025-11-08,1040,N,VIIRS,n,2,303.87,3.9,D,0
37.44065,31.83709,343.98,0.44,0.39,2025-11-08,1040,N,VIIRS,n,2,292.65,7.78,D,0
37.44414,31.83606,351.0,0.44,0.39,2025-11-08,1040,N,VIIRS,n,2,295.1,7.78,D,0
37.44764,31.83504,342.47,0.44,0.39,2025-11-08,1040,N,VIIRS,n,2,292.74,2.93,D,0
37.46431,32.57204,343.78,0.42,0.38,2025-11-08,1040,N,VIIRS,n,2,299.23,6.2,D,0
37.47366,31.79632,338.9,0.44,0.39,2025-11-08,1040,N,VIIRS,n,2,294.39,2.43,D,0
37.48429,31.81411,351.11,0.44,0.39,2025-11-08,1040,N,VIIRS,n,2,295.08,4.29,D,0
37.492,32.66756,343.29,0.42,0.38,2025-11-08,1040,N,VIIRS,n,2,298.26,2.59,D,0
37.49282,32.67223,339.09,0.42,0.38,2025-11-08,1040,N,VIIRS,n,2,296.87,3.56,D,0
37.49365,32.6769,346.69,0.42,0.38,2025-11-08,1040,N,VIIRS,n,2,297.12,3.56,D,0
37.5352,33.34167,348.11,0.4,0.37,2025-11-08,1040,N,VIIRS,n,2,297.6,4.29,D,0
37.55272,33.34163,345.88,0.4,0.37,2025-11-08,1040,N,VIIRS,n,2,298.98,7.77,D,0
37.55348,33.34619,349.56,0.4,0.37,2025-11-08,1040,N,VIIRS,n,2,298.46,8.28,D,0
37.5596,33.36004,335.12,0.4,0.37,2025-11-08,1040,N,VIIRS,n,2,296.9,2.69,D,0
37.56629,33.35812,336.13,0.4,0.37,2025-11-08,1040,N,VIIRS,n,2,296.9,2.11,D,0
37.58533,38.41912,345.8,0.43,0.38,2025-11-08,1040,N,VIIRS,n,2,302.44,4.22,D,0
37.58811,41.47506,338.24,0.39,0.44,2025-11-08,1040,N,VIIRS,n,2,299.69,2.89,D,0
37.6028,32.6344,345.09,0.42,0.38,2025-11-08,1040,N,VIIRS,n,2,296.42,2.47,D,0
37.61139,39.209,352.81,0.46,0.39,2025-11-08,1040,N,VIIRS,n,2,310.45,9.78,D,0
37.61437,39.20312,332.32,0.46,0.39,2025-11-08,1040,N,VIIRS,n,2,304.91,2.5,D,0
37.615,39.20833,353.46,0.46,0.39,2025-11-08,1040,N,VIIRS,n,2,308.57,9.78,D,0
37.67322,32.53753,346.28,0.42,0.38,2025-11-08,1040,N,VIIRS,n,2,295.94,4.08,D,0
37.6743,39.2375,345.59,0.46,0.39,2025-11-08,1040,N,VIIRS,n,2,305.35,6.66,D,0
37.67492,39.24275,333.39,0.46,0.39,2025-11-08,1040,N,VIIRS,n,2,303.65,4.58,D,0
37.68567,39.20859,350.49,0.46,0.39,2025-11-08,1040,N,VIIRS,n,2,307.41,14.84,D,0
37.68929,39.20794,334.08,0.46,0.39,2025-11-08,1040,N,VIIRS,n,2,302.51,6.92,D,0
37.69063,39.47259,332.51,0.47,0.4,2025-11-08,1040,N,VIIRS,n,2,302.49,4.46,D,0
37.69236,40.78666,336.11,0.54,0.42,2025-11-08,1040,N,VIIRS,n,2,300.3,4.89,D,0
37.69302,40.79284,332.34,0.54,0.42,2025-11-08,1040,N,VIIRS,n,2,299.44,9.98,D,0
37.69625,40.78605,333.66,0.54,0.42,2025-11-08,1040,N,VIIRS,n,2,295.92,4.89,D,0
37.70203,39.22169,342.35,0.46,0.39,2025-11-08,1040,N,VIIRS,n,2,316.27,30.18,D,0
37.7068,37.96172,335.64,0.42,0.38,2025-11-08,1040,N,VIIRS,n,2,305.85,6.49,D,0
37.70908,37.96408,339.93,0.42,0.38,2025-11-08,1040,N,VIIRS,n,2,305.71,6.63,D,0
37.71848,40.29917,333.0,0.51,0.41,2025-11-08,1040,N,VIIRS,n,2,301.37,1.73,D,0
37.72621,32.8986,331.0,0.41,0.37,2025-11-08,1040,N,VIIRS,n,2,297.79,1.23,D,0
37.72633,38.96731,334.84,0.45,0.39,2025-11-08,1040,N,VIIRS,n,2,306.43,4.66,D,0
37.74689,32.61042,335.49,0.42,0.37,2025-11-08,1040,N,VIIRS,n,2,296.09,3.55,D,0
37.75305,43.85236,343.3,0.52,0.5,2025-11-08,1040,N,VIIRS,n,2,293.8,8.7,D,0
37.79432,38.85674,349.15,0.45,0.39,2025-11-08,1040,N,VIIRS,n,2,309.39,14.32,D,0
37.79523,39.2604,335.62,0.46,0.39,2025-11-08,1040,N,VIIRS,n,2,305.36,4.9,D,0
37.79788,38.85597,332.38,0.45,0.39,2025-11-08,1040,N,VIIRS,n,2,305.89,3.51,D,0
37.83607,30.72754,338.35,0.48,0.4,2025-11-08,1040,N,VIIRS,n,2,292.3,4.37,D,0
37.90235,30.25872,335.89,0.5,0.41,2025-11-08,1040,N,VIIRS,n,2,289.91,2.85,D,0
37.95771,32.76992,347.91,0.41,0.37,2025-11-08,1040,N,VIIRS,n,2,296.69,3.9,D,0
37.97458,32.58715,344.6,0.42,0.37,2025-11-08,1040,N,VIIRS,n,2,295.87,2.42,D,0
37.98983,29.481,329.45,0.54,0.42,2025-11-08,1040,N,VIIRS,n,2,296.33,3.99,D,0
38.01731,29.53632,342.14,0.54,0.42,2025-11-08,1040,N,VIIRS,n,2,296.91,5.87,D,0
38.09629,39.98335,336.03,0.5,0.41,2025-11-08,1040,N,VIIRS,n,2,300.46,5.25,D,0
38.10302,32.63605,356.59,0.41,0.37,2025-11-08,1040,N,VIIRS,n,2,296.16,7.78,D,0
38.10384,32.64073,346.07,0.41,0.37,2025-11-08,1040,N,VIIRS,n,2,297.2,7.11,D,0
38.10591,31.74179,339.5,0.44,0.38,2025-11-08,1040,N,VIIRS,n,2,295.09,8.97,D,0
38.11045,32.69825,335.92,0.41,0.37,2025-11-08,1040,N,VIIRS,n,2,295.34,2.12,D,0
38.13565,32.55866,355.38,0.42,0.37,2025-11-08,1040,N,VIIRS,n,2,296.87,5.15,D,0
38.17564,36.95895,332.59,0.4,0.37,2025-11-08,1040,N,VIIRS,n,2,302.35,5.15,D,0
38.18296,38.72831,330.76,0.45,0.39,2025-11-08,1040,N,VIIRS,n,2,299.69,2.0,D,0
38.18417,38.3331,334.97,0.44,0.38,2025-11-08,1040,N,VIIRS,n,2,297.4,2.95,D,0
38.31572,32.90345,335.07,0.41,0.37,2025-11-08,1040,N,VIIRS,n,2,295.54,1.86,D,0
38.47898,35.71946,336.14,0.39,0.36,2025-11-08,1040,N,VIIRS,n,2,298.3,4.43,D,0
38.48034,35.70544,343.48,0.39,0.36,2025-11-08,1040,N,VIIRS,n,2,300.68,8.35,D,0
38.48163,35.71426,327.29,0.39,0.36,2025-11-08,1040,N,VIIRS,n,2,296.18,4.43,D,0
38.48228,35.71867,345.67,0.39,0.36,2025-11-08,1040,N,VIIRS,n,2,298.6,4.43,D,0
38.49877,37.81637,331.69,0.42,0.38,2025-11-08,1040,N,VIIRS,n,2,297.68,2.83,D,0
38.52149,34.48423,329.78,0.39,0.36,2025-11-08,1040,N,VIIRS,n,2,298.63,1.47,D,0
38.85091,39.95819,341.08,0.51,0.41,2025-11-08,1040,N,VIIRS,n,2,297.84,7.09,D,0
38.87335,35.61057,335.8,0.39,0.36,2025-11-08,1040,N,VIIRS,n,2,298.72,2.57,D,0
38.96188,35.56733,328.74,0.39,0.36,2025-11-08,1040,N,VIIRS,n,2,297.07,3.97,D,0
38.98602,37.49857,336.55,0.42,0.38,2025-11-08,1040,N,VIIRS,n,2,298.54,15.58,D,0
38.07328,27.43474,336.31,0.45,0.47,2025-11-08,1041,N,VIIRS,n,2,292.98,3.84,D,0
38.28658,29.76063,330.98,0.52,0.41,2025-11-08,1041,N,VIIRS,n,2,295.87,4.99,D,0
38.65934,32.01585,328.99,0.42,0.38,2025-11-08,1041,N,VIIRS,n,2,294.23,5.16,D,0
38.65937,28.27948,340.64,0.4,0.44,2025-11-08,1041,N,VIIRS,n,2,293.33,3.11,D,0
38.695,30.70774,330.74,0.47,0.4,2025-11-08,1041,N,VIIRS,n,2,292.81,3.61,D,0
38.69571,32.71734,346.21,0.41,0.37,2025-11-08,1041,N,VIIRS,n,2,299.31,5.8,D,0
38.69613,31.99988,343.2,0.42,0.38,2025-11-08,1041,N,VIIRS,n,2,301.35,6.77,D,0
38.71463,29.54074,335.15,0.52,0.42,2025-11-08,1041,N,VIIRS,n,2,290.82,2.76,D,0
39.04512,31.74771,330.77,0.43,0.38,2025-11-08,1041,N,VIIRS,n,2,288.84,1.91,D,0
39.13734,31.5521,338.88,0.43,0.38,2025-11-08,1041,N,VIIRS,n,2,290.07,3.84,D,0
39.17781,25.96939,328.86,0.5,0.49,2025-11-08,1041,N,VIIRS,n,2,288.47,3.4,D,0
39.18484,34.75098,330.26,0.38,0.36,2025-11-08,1041,N,VIIRS,n,2,296.9,2.7,D,0
39.18551,34.7554,331.58,0.38,0.36,2025-11-08,1041,N,VIIRS,n,2,296.9,4.11,D,0
39.44984,30.95177,334.42,0.45,0.39,2025-11-08,1041,N,VIIRS,n,2,286.41,2.96,D,0
39.84632,36.90029,335.13,0.41,0.37,2025-11-08,1041,N,VIIRS,n,2,290.78,3.19,D,0
39.86353,32.17489,330.38,0.41,0.37,2025-11-08,1041,N,VIIRS,n,2,289.02,3.29,D,0
39.86434,32.17959,330.74,0.41,0.37,2025-11-08,1041,N,VIIRS,n,2,288.99,3.29,D,0
40.08315,34.74711,335.64,0.38,0.36,2025-11-08,1041,N,VIIRS,n,2,296.33,2.41,D,0
40.13407,35.08817,333.15,0.39,0.36,2025-11-08,1041,N,VIIRS,n,2,296.09,4.34,D,0
40.14531,28.13233,331.64,0.57,0.43,2025-11-08,1041,N,VIIRS,n,2,294.6,3.01,D,0
40.15264,35.30849,328.73,0.39,0.36,2025-11-08,1041,N,VIIRS,n,2,297.11,2.02,D,0
40.19326,28.07188,325.18,0.57,0.43,2025-11-08,1041,N,VIIRS,n,2,295.17,5.89,D,0
40.23798,35.082,327.61,0.39,0.36,2025-11-08,1041,N,VIIRS,n,2,296.45,2.29,D,0
40.23997,35.09556,329.69,0.39,0.36,2025-11-08,1041,N,VIIRS,n,2,296.49,1.74,D,0
40.3242,28.12906,331.4,0.56,0.43,2025-11-08,1041,N,VIIRS,n,2,294.05,3.15,D,0
40.40455,34.01134,331.32,0.38,0.36,2025-11-08,1041,N,VIIRS,n,2,289.32,2.37,D,0
40.44609,35.60388,334.84,0.39,0.36,2025-11-08,1041,N,VIIRS,n,2,295.14,3.64,D,0
40.48656,36.14749,330.29,0.4,0.37,2025-11-08,1041,N,VIIRS,n,2,294.48,2.05,D,0
40.48701,36.1451,333.44,0.4,0.37,2025-11-08,1041,N,VIIRS,n,2,295.28,3.28,D,0
40.60435,36.81429,332.49,0.41,0.37,2025-11-08,1041,N,VIIRS,n,2,293.49,3.09,D,0
40.67228,37.11988,329.61,0.42,0.38,2025-11-08,1041,N,VIIRS,n,2,292.19,2.1,D,0
40.88256,33.69513,332.01,0.39,0.36,2025-11-08,1041,N,VIIRS,n,2,283.95,2.98,D,0
40.9852,34.76743,333.35,0.39,0.36,2025-11-08,1041,N,VIIRS,n,2,290.94,2.86,D,0
41.03671,34.23074,335.72,0.38,0.36,2025-11-08,1041,N,VIIRS,n,2,290.41,2.72,D,0
41.25478,31.41297,336.38,0.41,0.37,2025-11-08,1041,N,VIIRS,n,2,291.95,3.22,D,2
41.48934,34.78824,329.49,0.39,0.36,2025-11-08,1041,N,VIIRS,n,2,290.91,2.06,D,0
41.58668,36.00367,327.81,0.4,0.37,2025-11-08,1041,N,VIIRS,n,2,290.06,2.07,D,0
41.59071,36.00768,343.36,0.4,0.37,2025-11-08,1041,N,VIIRS,n,2,290.51,6.01,D,0
41.6529,35.8505,341.21,0.4,0.37,2025-11-08,1041,N,VIIRS,n,2,288.41,2.57,D,0
41.7025,35.90799,325.05,0.4,0.37,2025-11-08,1041,N,VIIRS,n,2,285.83,1.67,D,0
41.17326,32.63315,300.86,0.39,0.59,2025-11-08,2259,N,VIIRS,n,2,281.59,0.79,N,2
41.17878,32.63356,298.94,0.39,0.59,2025-11-08,2259,N,VIIRS,n,2,284.47,0.79,N,2
41.25384,31.41041,296.15,0.45,0.63,2025-11-08,2259,N,VIIRS,n,2,282.09,0.51,N,2
41.25909,31.4273,300.74,0.45,0.63,2025-11-08,2259,N,VIIRS,n,2,284.05,1.09,N,2
41.26497,31.42769,312.82,0.45,0.63,2025-11-08,2259,N,VIIRS,n,2,285.63,1.09,N,2
41.26518,31.42212,296.91,0.45,0.63,2025-11-08,2259,N,VIIRS,n,2,285.46,1.09,N,2
41.27084,31.42818,302.58,0.45,0.63,2025-11-08,2259,N,VIIRS,n,2,283.43,0.69,N,0
35.51073,44.37645,309.29,0.39,0.36,2025-11-08,2300,N,VIIRS,n,2,287.29,0.63,N,2
35.52637,44.34485,329.32,0.39,0.36,2025-11-08,2300,N,VIIRS,n,2,290.42,4.38,N,2
35.52708,44.3406,313.14,0.39,0.36,2025-11-08,2300,N,VIIRS,n,2,286.28,4.38,N,2
35.53039,44.34142,322.55,0.39,0.36,2025-11-08,2300,N,VIIRS,n,2,290.67,5.7,N,2
35.53111,44.33716,317.13,0.39,0.36,2025-11-08,2300,N,VIIRS,n,2,287.72,3.72,N,2
35.53442,44.33798,322.17,0.39,0.36,2025-11-08,2300,N,VIIRS,n,2,286.73,3.72,N,2
35.56421,44.28332,295.34,0.39,0.36,2025-11-08,2300,N,VIIRS,n,2,284.83,0.24,N,2
35.62695,44.00734,333.6,0.39,0.36,2025-11-08,2300,N,VIIRS,n,2,287.34,14.27,N,2
35.62955,44.01239,299.39,0.39,0.36,2025-11-08,2300,N,VIIRS,n,2,286.19,3.4,N,2
35.63025,44.00815,333.18,0.39,0.36,2025-11-08,2300,N,VIIRS,n,2,305.66,14.27,N,2
35.66094,43.96723,311.89,0.39,0.36,2025-11-08,2300,N,VIIRS,n,2,287.92,2.13,N,2
35.66163,43.963,327.84,0.39,0.36,2025-11-08,2300,N,VIIRS,n,2,289.5,3.88,N,2
35.67786,44.06635,311.27,0.39,0.36,2025-11-08,2300,N,VIIRS,n,2,285.95,1.19,N,2
35.68132,43.87782,300.26,0.39,0.36,2025-11-08,2300,N,VIIRS,n,2,287.55,26.53,N,2
35.68201,43.87359,299.08,0.39,0.36,2025-11-08,2300,N,VIIRS,n,2,286.8,26.53,N,2
35.6853,43.87439,335.2,0.39,0.36,2025-11-08,2300,N,VIIRS,n,2,299.51,26.53,N,2
35.68791,43.87943,303.52,0.39,0.36,2025-11-08,2300,N,VIIRS,n,2,287.43,0.77,N,2
35.6886,43.87519,302.66,0.39,0.36,2025-11-08,2300,N,VIIRS,n,2,287.23,0.77,N,2
35.72303,44.04213,330.34,0.39,0.36,2025-11-08,2300,N,VIIRS,n,2,289.73,3.16,N,2
35.72372,44.03789,299.43,0.39,0.36,2025-11-08,2300,N,VIIRS,n,2,287.06,3.05,N,2
35.72633,44.04294,327.71,0.39,0.36,2025-11-08,2300,N,VIIRS,n,2,290.9,3.16,N,2
35.72771,44.03446,326.55,0.39,0.36,2025-11-08,2300,N,VIIRS,n,2,287.09,3.05,N,2
35.73101,44.03526,302.45,0.39,0.36,2025-11-08,2300,N,VIIRS,n,2,287.65,0.48,N,2
35.77124,43.9949,334.55,0.39,0.36,2025-11-08,2300,N,VIIRS,n,2,289.4,2.79,N,2
35.77454,43.9957,325.1,0.39,0.36,2025-11-08,2300,N,VIIRS,n,2,288.44,2.79,N,2
35.78851,43.25061,299.33,0.38,0.36,2025-11-08,2300,N,VIIRS,n,2,287.29,0.75,N,2
35.81487,43.25685,301.36,0.38,0.36,2025-11-08,2300,N,VIIRS,n,2,285.61,0.38,N,2
35.95032,43.72948,297.87,0.38,0.36,2025-11-08,2300,N,VIIRS,n,2,285.83,0.71,N,2
35.95361,43.73028,313.03,0.38,0.36,2025-11-08,2300,N,VIIRS,n,2,287.13,0.71,N,2
35.96462,43.76813,309.68,0.38,0.36,2025-11-08,2300,N,VIIRS,n,2,288.14,3.13,N,2
35.96791,43.76894,332.19,0.38,0.36,2025-11-08,2300,N,VIIRS,n,2,292.88,3.13,N,2
35.96859,43.7647,326.85,0.38,0.36,2025-11-08,2300,N,VIIRS,n,2,291.44,3.13,N,2
35.97382,43.77479,303.08,0.38,0.36,2025-11-08,2300,N,VIIRS,n,2,287.67,0.93,N,2
35.98176,43.76793,313.56,0.38,0.36,2025-11-08,2300,N,VIIRS,n,2,289.03,1.8,N,2
35.99719,43.7145,296.75,0.38,0.36,2025-11-08,2300,N,VIIRS,n,2,284.64,0.27,N,0
35.99958,43.76349,296.65,0.38,0.36,2025-11-08,2300,N,VIIRS,n,2,284.09,0.32,N,2
36.01907,43.68465,298.81,0.38,0.36,2025-11-08,2300,N,VIIRS,n,2,286.23,0.79,N,2
36.04788,44.01164,307.76,0.39,0.36,2025-11-08,2300,N,VIIRS,n,2,285.59,0.65,N,0
36.08364,43.64143,297.59,0.38,0.36,2025-11-08,2300,N,VIIRS,n,2,283.67,0.43,N,2
36.09883,43.63191,304.63,0.38,0.36,2025-11-08,2300,N,VIIRS,n,2,282.62,0.75,N,2
36.1313,40.80922,310.36,0.42,0.38,2025-11-08,2300,N,VIIRS,n,2,284.14,1.05,N,2
36.13182,43.78323,300.15,0.38,0.36,2025-11-08,2300,N,VIIRS,n,2,288.54,1.16,N,2
36.1421,40.81797,316.76,0.42,0.38,2025-11-08,2300,N,VIIRS,n,2,283.34,0.85,N,2
36.25772,44.38668,307.03,0.39,0.36,2025-11-08,2300,N,VIIRS,n,2,284.96,1.01,N,0
36.34986,42.07678,312.79,0.39,0.37,2025-11-08,2300,N,VIIRS,n,2,292.24,1.61,N,2
36.44216,42.93388,300.94,0.39,0.36,2025-11-08,2300,N,VIIRS,n,2,285.62,0.99,N,2
36.45802,42.67101,302.3,0.39,0.36,2025-11-08,2300,N,VIIRS,n,2,285.6,0.64,N,2
36.69101,44.07172,295.21,0.39,0.36,2025-11-08,2300,N,VIIRS,n,2,284.62,0.23,N,0
36.71694,36.2002,317.86,0.45,0.47,2025-11-08,2300,N,VIIRS,n,2,290.2,1.76,N,2
36.72896,36.21235,309.66,0.45,0.47,2025-11-08,2300,N,VIIRS,n,2,291.37,1.69,N,2
36.73125,43.28087,308.39,0.38,0.36,2025-11-08,2300,N,VIIRS,n,2,287.86,0.86,N,2
36.73378,36.20781,309.3,0.45,0.47,2025-11-08,2300,N,VIIRS,n,2,291.8,2.55,N,2
36.73761,36.21364,303.01,0.45,0.47,2025-11-08,2300,N,VIIRS,n,2,290.01,0.68,N,2
36.74783,43.50013,301.12,0.38,0.36,2025-11-08,2300,N,VIIRS,n,2,287.43,0.58,N,2
36.77514,43.32499,344.28,0.38,0.36,2025-11-08,2300,N,VIIRS,n,2,294.62,8.02,N,2
36.79969,37.02055,298.65,0.41,0.45,2025-11-08,2300,N,VIIRS,n,2,286.29,0.31,N,2
36.84621,38.98492,311.24,0.5,0.41,2025-11-08,2300,N,VIIRS,n,2,279.46,1.46,N,0
36.84995,38.98561,302.29,0.5,0.41,2025-11-08,2300,N,VIIRS,n,2,280.53,1.46,N,0
36.8671,43.51823,311.65,0.38,0.36,2025-11-08,2300,N,VIIRS,n,2,284.21,1.19,N,0
36.86802,43.92228,298.93,0.38,0.36,2025-11-08,2300,N,VIIRS,n,2,285.01,0.51,N,0
36.8685,43.48752,316.52,0.38,0.36,2025-11-08,2300,N,VIIRS,n,2,286.68,1.5,N,2
36.87113,43.922,295.57,0.38,0.36,2025-11-08,2300,N,VIIRS,n,2,284.49,0.45,N,0
36.87699,43.92797,303.53,0.38,0.36,2025-11-08,2300,N,VIIRS,n,2,285.97,0.96,N,0
36.89098,43.43091,327.91,0.38,0.36,2025-11-08,2300,N,VIIRS,n,2,285.76,3.02,N,2
36.90749,43.39053,331.14,0.38,0.36,2025-11-08,2300,N,VIIRS,n,2,285.8,3.54,N,2
36.91363,41.89416,302.32,0.4,0.37,2025-11-08,2300,N,VIIRS,n,2,281.28,0.76,N,2
36.9361,42.13149,330.65,0.4,0.37,2025-11-08,2300,N,VIIRS,n,2,289.68,3.45,N,2
36.94042,42.17355,297.99,0.4,0.37,2025-11-08,2300,N,VIIRS,n,2,285.54,0.84,N,2
36.94106,42.16913,307.69,0.4,0.37,2025-11-08,2300,N,VIIRS,n,2,285.49,1.1,N,2
36.94615,42.13375,297.45,0.4,0.37,2025-11-08,2300,N,VIIRS,n,2,286.43,1.74,N,2
36.94678,42.12932,329.5,0.4,0.37,2025-11-08,2300,N,VIIRS,n,2,290.43,1.74,N,2
36.99538,41.56266,300.4,0.41,0.37,2025-11-08,2300,N,VIIRS,n,2,281.28,0.49,N,2
36.99628,38.91633,296.65,0.5,0.41,2025-11-08,2300,N,VIIRS,n,2,279.91,0.56,N,0
36.99878,41.5634,298.65,0.41,0.37,2025-11-08,2300,N,VIIRS,n,2,282.85,0.49,N,2
37.01335,41.5829,302.54,0.41,0.37,2025-11-08,2300,N,VIIRS,n,2,283.43,0.43,N,0
37.01421,36.10376,306.31,0.46,0.47,2025-11-08,2300,N,VIIRS,n,2,289.08,1.54,N,2
37.01511,36.09375,319.55,0.46,0.47,2025-11-08,2300,N,VIIRS,n,2,289.03,2.4,N,2
37.07847,42.55759,322.4,0.39,0.36,2025-11-08,2300,N,VIIRS,n,2,291.57,2.22,N,2
37.27703,38.73201,295.85,0.51,0.41,2025-11-08,2300,N,VIIRS,n,2,284.6,0.91,N,2
37.29246,37.15652,304.86,0.41,0.45,2025-11-08,2300,N,VIIRS,n,2,286.24,1.06,N,2
37.29659,37.15721,302.4,0.41,0.45,2025-11-08,2300,N,VIIRS,n,2,285.47,1.06,N,2
37.33738,40.80277,303.78,0.43,0.38,2025-11-08,2300,N,VIIRS,n,2,284.15,1.0,N,2
37.35242,37.1634,303.89,0.41,0.45,2025-11-08,2300,N,VIIRS,n,2,286.53,1.0,N,2
37.96761,41.01047,304.44,0.43,0.38,2025-11-08,2300,N,VIIRS,n,2,284.96,1.09,N,0
38.11614,41.13377,299.72,0.43,0.38,2025-11-08,2300,N,VIIRS,n,2,282.14,0.53,N,0
38.27368,33.63548,296.01,0.32,0.55,2025-11-08,2300,N,VIIRS,n,2,276.48,0.97,N,0
38.27393,33.63172,309.65,0.32,0.55,2025-11-08,2300,N,VIIRS,n,2,277.06,1.6,N,0
38.38077,30.76553,296.04,0.46,0.64,2025-11-08,2300,N,VIIRS,n,2,278.75,1.77,N,0
38.45491,38.72955,295.69,0.53,0.42,2025-11-08,2300,N,VIIRS,n,2,284.27,0.79,N,2
38.89267,41.5691,295.29,0.42,0.38,2025-11-08,2300,N,VIIRS,n,2,278.86,0.7,N,2
39.7238,36.93835,295.95,0.45,0.47,2025-11-08,2300,N,VIIRS,n,2,276.33,0.6,N,2
39.94589,33.1912,311.43,0.35,0.57,2025-11-08,2300,N,VIIRS,n,2,282.9,1.74,N,2
40.04916,32.6492,303.06,0.38,0.59,2025-11-08,2300,N,VIIRS,n,2,280.23,0.76,N,2
36.2645,33.73046,311.81,0.61,0.53,2025-11-08,2301,N,VIIRS,n,2,289.33,1.16,N,2
